1980	01	01	0.505226231244	1.1978845527413347	0.7566291791374462
1980	01	02	0.054237120764599994	1.1469107419863844	0.75216695820759
1980	01	03	0.0071294283186	1.104432566357259	0.870578341117991
1980	01	04	0.68841301733	1.0534587556023085	0.7775549892988557
1980	01	05	0.9427271748130001	1.1214238366089089	0.6774361967875673
1980	01	06	0.007344170939399999	1.0534587556023085	0.7373644803193664
1980	01	07	0.062811394549	1.0194762150990082	0.6608859762222373
1980	01	08	1.6569974191199999	1.010980579973183	0.5771467616447294
1980	01	09	2.46848193838	1.010980579973183	0.7033506480986806
1980	01	10	0.170298660239	1.010980579973183	0.6558271955821661
1980	01	11	0.7805288571350001	0.9854936745957079	0.7048642073516191
1980	01	12	0.00413021650343	0.9600067692182326	0.6854526969057662
1980	01	13	1.24891941957	0.9430154989665827	0.5539127839211585
1980	01	14	0.112148262166	0.9175285935891073	0.8455993992420607
1980	01	15	0.327124882482	0.9005373233374572	0.5476213501270133
1980	01	16	0.028532467352	0.8750504179599821	0.7284342058327066
1980	01	17	0.00083677437768	0.8495635125825068	0.7343712634600479
1980	01	18	0.247292614972	0.7900940667017313	0.7293777035494191
1980	01	19	9.1135422838	0.9090329584632822	0.6207519082965843
1980	01	20	3.9979585186	1.0619543907281335	0.6633017507659379
1980	01	21	6.43621055505	1.1978845527413347	0.6847566866427741
1980	01	22	19.6765469688	1.6821357549133635	0.5853519135724798
1980	01	23	20.6794064584	2.259838943469468	0.40722896077606785
1980	01	24	6.55383979844	8.835460530858072	0.6710074520135543
1980	01	25	0.475062372573	2.990463564290424	0.9191398279618439
1980	01	26	0.00248444073245	2.0729349707013167	1.1851277096122932
1980	01	27	0.0008358328381330001	1.8775353628073401	1.2297698123329572
1980	01	28	0.0	1.7246139305424886	1.1082630528342001
1980	01	29	0.10265486040999999	1.5716924982776377	1.1708469887948743
1980	01	30	3.9538790677	1.4612492416419116	0.8255983975324312
1980	01	31	3.9534281089700003	2.3447952947277186	0.8348241057360308
1980	02	01	0.022380233623199998	2.4212560108601444	0.9678000653043172
1980	02	02	0.25634053178399996	1.9624917140655906	0.802128201944976
1980	02	03	0.054330913991	1.631161944158413	1.1510403879181514
1980	02	04	0.0480515269213	1.4782405118935618	1.3597511607660038
1980	02	05	0.24536506862	1.3932841606353112	1.119018933324319
1980	02	06	0.458448223188	1.3508059850061858	1.0073443243908238
1980	02	07	0.025369827919000002	1.2828409039995852	1.0479344417692382
1980	02	08	0.131869152604	1.1639020122380346	1.1073595655481367
1980	02	09	11.2472250337	2.378777835231019	0.8124296095969485
1980	02	10	0.026486527650899996	1.9624917140655906	1.1386965308983188
1980	02	11	0.002487323174	1.5207186875226872	1.138665946770055
1980	02	12	0.000827186287163	1.3508059850061858	1.2355671313119734
1980	02	13	0.0016601364323	1.231867093244635	1.5254313854868495
1980	02	14	1.9186258216	1.2233714581188098	1.3354416231515982
1980	02	15	13.385372884299999	2.761081415893147	0.8466590259826614
1980	02	16	0.40474256835999994	2.5062123621183954	1.3567993613188971
1980	02	17	0.00124510246929	1.6736401197875383	1.5016236792467
1980	02	18	2.00537914026	1.8265615520523897	1.243769614964243
1980	02	19	17.616653948899998	4.417730265429036	0.7462591637910773
1980	02	20	3.21595410864	3.10090682092615	0.7606580355796085
1980	02	21	4.4378710323999995	2.276830213721118	1.1704890536102384
1980	02	22	10.3212026062	4.128878671150983	0.9758028794408458
1980	02	23	0.0501623986835	2.6506381592574213	1.5406072285441408
1980	02	24	0.0276214340074	1.9115179033106404	1.5683968772255894
1980	02	25	0.5723628258069999	1.7755877412974392	1.3529987799309693
1980	02	26	0.0021051407276	1.7501008359199641	1.4061009277548364
1980	02	27	0.440284963352	1.6736401197875383	1.3882764191353532
1980	02	28	0.00125086715897	1.5801881334034626	1.4586818933214964
1980	02	29	0.346132024107	1.495231782145212	1.6311299449723513
1980	03	01	0.260386626738	1.4612492416419116	1.5986488538280188
1980	03	02	0.6824153049049999	1.4272667011386115	1.7187424756958363
1980	03	03	2.75526528883	1.3932841606353112	1.5469501280187983
1980	03	04	3.5579436856199997	1.367797255257836	1.6811334742985091
1980	03	05	0.066992622386	1.3338147147545356	1.6331650286455144
1980	03	06	0.88347109131	1.2828409039995852	1.4433524761774625
1980	03	07	1.20708093279	1.24036272837046	1.2332780849295562
1980	03	08	0.295831276933	1.1978845527413347	1.3520738765349738
1980	03	09	0.0024926560535299997	1.1554063771122094	2.0824157131318075
1980	03	10	0.00223242588423	1.1214238366089089	2.036252738878973
1980	03	11	0.0	1.112928201483084	2.1161063470455366
1980	03	12	0.0090895069475	1.0959369312314338	2.5315675392343078
1980	03	13	1.21785500705	1.0789456609797836	1.0229203172400527
1980	03	14	3.50819557807	1.0704500258539587	1.3314967180061377
1980	03	15	0.7436603456099999	1.0534587556023085	1.727493143663151
1980	03	16	0.000412152082378	1.0279718502248332	2.0455519623755896
1980	03	17	0.00042079855598	0.993989309721533	2.178581992765595
1980	03	18	0.362294441082	0.9600067692182326	1.9425224970168258
1980	03	19	4.101323133699999	0.9260242287149324	1.5229167642473882
1980	03	20	1.7189609667699999	0.9769980394698827	1.6407760757564624
1980	03	21	5.7150629434999995	1.129919471734734	1.5835893360282796
1980	03	22	1.7749602153000001	1.1469107419863844	1.5144926656165287
1980	03	23	2.18885232334	1.0959369312314338	1.7361158364870422
1980	03	24	11.705439915	1.3508059850061858	1.4900825453826176
1980	03	25	17.1918649449	2.0899262409529666	1.511331460386924
1980	03	26	10.1209423079	4.562156062568062	1.3310625765788455
1980	03	27	17.1178547161	2.9394897535354736	1.6281125255829356
1980	03	28	3.83246198374	2.7865683212706225	1.7710238032515337
1980	03	29	13.9275620257	4.757555670462038	2.2448397525354147
1980	03	30	0.052441247011799995	2.4382472811117943	2.6014116023740326
1980	03	31	0.0124549540202	1.86054409255569	3.3960587591730484
1980	04	01	0.104930862563	1.7076226602908384	2.730040090403144
1980	04	02	0.085109616158	1.5801881334034626	3.139794468060767
1980	04	03	0.0434545814783	1.3932841606353112	3.103957870677313
1980	04	04	0.0	1.367797255257836	2.9106220944638164
1980	04	05	0.00165323307908	1.3338147147545356	3.065164189310734
1980	04	06	0.000420798604335	1.2913365391254104	2.7582784868756414
1980	04	07	0.0008358329058299999	1.248858363496285	2.8934219141598274
1980	04	08	0.000426562994214	1.2063801878671596	2.9363789326493785
1980	04	09	0.000830068477267	1.1639020122380346	2.6174800359889225
1980	04	10	0.0016716640708799998	1.112928201483084	3.0586396830039067
1980	04	11	1.1429627830499998	1.104432566357259	2.834615958241197
1980	04	12	8.1169940888	1.1639020122380346	2.4409841712012836
1980	04	13	19.566318845	1.6651444846617134	1.6249433765966264
1980	04	14	20.575298143399998	3.381262780078377	1.8598008120411982
1980	04	15	1.1613932913	2.0899262409529666	1.8824003984547415
1980	04	16	0.03697629482	1.733109565668314	2.207898021846812
1980	04	17	0.478624095492	1.5801881334034626	2.848382678011325
1980	04	18	0.0129959526615	1.4697448767677368	3.0679604316306293
1980	04	19	0.012495680535399999	1.3508059850061858	3.12851619021699
1980	04	20	0.00123551986223	1.2148758229929848	3.723863631300983
1980	04	21	0.00042079855598	1.0789456609797836	3.046947991533389
1980	04	22	0.0	1.0194762150990082	3.4192340631270333
1980	04	23	0.0008358329058299999	1.002484944847358	3.2443799179584834
1980	04	24	0.00042079855598	0.9769980394698827	3.3753452289379178
1980	04	25	0.0	0.9515111340924077	3.652325444144777
1980	04	26	0.075356122528	0.9175285935891073	3.534342719999215
1980	04	27	0.24085753157200002	0.8750504179599821	3.477595264104983
1980	04	28	5.3381473237	0.9175285935891073	2.68900329723761
1980	04	29	2.1229549997299997	1.1978845527413347	2.343394306172811
1980	04	30	1.93621475943	1.1639020122380346	3.3286662137800804
1980	05	01	0.0538544847483	1.1639020122380346	2.7438302157681864
1980	05	02	8.3050650587	1.112928201483084	1.9553239921647223
1980	05	03	8.1274358675	1.2828409039995852	2.0467140801183654
1980	05	04	0.0348819498297	1.248858363496285	3.0131168806538784
1980	05	05	8.076312060200001	1.2658496337479352	2.057610946638595
1980	05	06	0.776705436956	1.4442579713902615	2.5108138237685003
1980	05	07	7.473642419	1.3508059850061858	2.641631227983942
1980	05	08	0.206023392265	1.2998321742512353	2.892699998541699
1980	05	09	0.0	1.0874412961056088	4.085062030621207
1980	05	10	6.2971217495000005	1.0534587556023085	3.4858087115434606
1980	05	11	33.1238055492	1.1893889176155095	2.9012518800308924
1980	05	12	6.4023228875	1.6991270251650137	2.487704419623178
1980	05	13	0.51619977955	1.384788525509486	2.8345091302892667
1980	05	14	0.473018300342	1.138415106860559	3.3774968789547226
1980	05	15	0.046818775189399996	1.0789456609797836	4.152616685464222
1980	05	16	0.267716055205	0.9769980394698827	4.051545980441273
1980	05	17	0.00446102698467	0.883546053085807	3.6273463906377605
1980	05	18	0.12364780649099999	0.8495635125825068	3.7182643738121106
1980	05	19	0.0008264023945870001	0.8240766072050316	4.157607890745934
1980	05	20	0.0	0.7985897018275564	3.9084274502327996
1980	05	21	0.0016741429416	0.747615891072606	3.5006169408685235
1980	05	22	0.0057980604326	0.7051377154434807	3.7649694455835907
1980	05	23	0.09807325317300002	0.6541639046885303	3.780914651177206
1980	05	24	0.66123296196	0.6371726344368801	4.1953255995591645
1980	05	25	0.69492885358	0.628676999311055	3.654851010836933
1980	05	26	0.007783197589599999	0.62018136418523	3.380618103026836
1980	05	27	1.33532941773	0.62018136418523	3.070408712903083
1980	05	28	0.12721989672200001	0.6116857290594049	3.515381253294895
1980	05	29	0.20360627088000002	0.6116857290594049	3.1667231640226152
1980	05	30	7.232051168	0.6031900939335798	2.8346694042979386
1980	05	31	0.37074803625999997	0.6031900939335798	3.9294419325272463
1980	06	01	0.0016823331180799998	0.5607119183044544	4.972281943710383
1980	06	02	0.0024959694348399997	0.49274683729785396	5.039800644642364
1980	06	03	0.000824304164756	0.4332773914170785	5.4082894953121565
1980	06	04	0.0	0.3907992157879531	5.470856026695911
1980	06	05	0.07122940044699999	0.3568166752846529	4.729648374131722
1980	06	06	0.159243740139	0.33132976990717766	3.9976897176906423
1980	06	07	0.00344961214163	0.30584286452970244	4.191513214503594
1980	06	08	0.231079821758	0.29734722940387737	4.0599672157206514
1980	06	09	1.1799780519999998	0.28885159427805235	2.7861692375589455
1980	06	10	0.9604429671499999	0.2803559591522272	3.4372721700838498
1980	06	11	9.8297668728	0.30584286452970244	2.1446246634697483
1980	06	12	6.99587248557	0.3228341347813526	3.0614741579292466
1980	06	13	11.5601147651	0.33982540503300274	3.3930825576877686
1980	06	14	7.9885738469	0.373807945536303	2.548303693466053
1980	06	15	0.48715094849500007	0.5777031885561047	2.9930726858105667
1980	06	16	0.38358332943400003	0.5267293778011543	3.5542523203066922
1980	06	17	0.078029380348	0.4672599319203788	3.6489622426124226
1980	06	18	0.00271356596774	0.4417730265429035	4.535596705290378
1980	06	19	0.00083014964597	0.41628612116542835	4.970004398367381
1980	06	20	0.00230960771748	0.3907992157879531	4.487311157685134
1980	06	21	0.00273195817883	0.3653123104104779	4.904866605758988
1980	06	22	3.18645446392	0.3483210401588278	3.0718421721550677
1980	06	23	0.00727166000573	0.3228341347813526	3.600432914797113
1980	06	24	0.431728159262	0.30584286452970244	3.811900714487681
1980	06	25	0.8963295562	0.29734722940387737	3.1220683605885586
1980	06	26	0.00191530218903	0.2803559591522272	3.6131398750583172
1980	06	27	0.00154892109282	0.2718603240264022	4.932417462357189
1980	06	28	0.00290096267552	0.2633646889005771	5.2588063593386085
1980	06	29	0.0230885956892	0.25486905377475205	4.650132065948843
1980	06	30	0.00043485411659200003	0.24637341864892698	5.236426867802125
1980	07	01	0.0008299711676649999	0.22938214839727683	5.3922854581667305
1980	07	02	0.0020658189251499997	0.22088651327145176	5.656881199319865
1980	07	03	0.00339429798674	0.2123908781456267	5.825820795431376
1980	07	04	0.00083006850628	0.20389524301980164	5.620971514197836
1980	07	05	0.008633225299100001	0.1869039727681515	5.124215803572811
1980	07	06	0.148635475174	0.2123908781456267	4.435412713363681
1980	07	07	0.64759085594	0.19539960789397656	3.5864807894211816
1980	07	08	1.45366396715	0.17840833764232644	2.332931093843017
1980	07	09	0.270521525266	0.16991270251650137	3.29616640141114
1980	07	10	0.000824304164756	0.1614170673906763	4.280935288522759
1980	07	11	0.00042079855598	0.15292143226485122	5.25525410190733
1980	07	12	0.0008321995594849999	0.14442579713902617	5.464006263484132
1980	07	13	0.000818539861916	0.14442579713902617	5.61975114444039
1980	07	14	0.00229120167686	0.1359301620132011	5.49620554998126
1980	07	15	6.8402248004	0.12743452688737603	2.341012551716336
1980	07	16	0.0062838903708499995	0.12743452688737603	5.071502768878038
1980	07	17	0.0029004409250699996	0.12743452688737603	5.418113996404502
1980	07	18	0.000409269872932	0.10194762150990082	5.86974287529229
1980	07	19	0.000824304164756	0.08495635125825068	6.009534753430925
1980	07	20	0.0493464631832	0.07646071613242561	4.547267579013345
1980	07	21	0.0032487787398700002	0.06796508100660055	5.607630816820201
1980	07	22	0.00249087649282	0.06796508100660055	5.856745287819936
1980	07	23	0.00135730173631	0.05946944588077548	6.269137951819667
1980	07	24	0.00124677700294	0.05097381075495041	6.056029888311527
1980	07	25	1.0827542317699999	0.05097381075495041	3.6694914827370835
1980	07	26	0.17995821944600002	0.04247817562912534	3.6802826418435135
1980	07	27	0.00061916701326	0.033982540503300275	5.142121165523592
1980	07	28	11.656630378000001	0.04247817562912534	3.6484640042855685
1980	07	29	0.24773707478999996	0.033982540503300275	3.2593510790923723
1980	07	30	0.205866161147	0.033982540503300275	4.292987027818631
1980	07	31	0.009280758709299999	0.033982540503300275	4.6033691279781594
1980	08	01	0.00217603360626	0.025486905377475205	5.386409717776809
1980	08	02	0.00112545324413	0.033982540503300275	5.11312426613916
1980	08	03	0.41567853516	0.033982540503300275	4.047689234633416
1980	08	04	0.0025012062813399996	0.025486905377475205	5.226579821798132
1980	08	05	0.00209776475261	0.025486905377475205	5.708253786182684
1980	08	06	0.00125086706226	0.025486905377475205	5.79754461498259
1980	08	07	0.137372541535	0.016991270251650138	3.7156465133898546
1980	08	08	0.00100559676944	0.016991270251650138	4.98882665265485
1980	08	09	0.00082103733964	0.016991270251650138	5.487218019866022
1980	08	10	0.0012449668818700001	0.016991270251650138	5.779630690678553
1980	08	11	0.00743375486305	0.016991270251650138	5.000594297687041
1980	08	12	0.0008733458831239999	0.016991270251650138	5.205287191615255
1980	08	13	0.0033093981152300003	0.016991270251650138	5.300545477701989
1980	08	14	5.502105299169999	0.016991270251650138	2.678252179675727
1980	08	15	0.5995206668899999	0.016991270251650138	3.270426940789202
1980	08	16	0.00014198681741000002	0.016991270251650138	4.784882925762299
1980	08	17	0.0361497898838	0.016991270251650138	5.090972983424491
1980	08	18	0.11252330838149999	0.016991270251650138	3.7948056848622103
1980	08	19	0.00234427486763	0.008495635125825069	4.227465088044062
1980	08	20	0.00042079855598	0.008495635125825069	5.82626078027175
1980	08	21	1.8475240493399998	0.008495635125825069	5.587948411828745
1980	08	22	1.7704949211799998	0.008495635125825069	4.8062234915247615
1980	08	23	2.3787584622	0.008495635125825069	4.433621835968557
1980	08	24	0.13439396057399997	0.008495635125825069	4.200961104041966
1980	08	25	3.7760573268899997	0.008495635125825069	3.0921129757175567
1980	08	26	2.5845551178699995	0.008495635125825069	2.0673843403155727
1980	08	27	0.0138949417427	0.008495635125825069	4.088703450423891
1980	08	28	0.00303168074702	0.008495635125825069	4.473702313595806
1980	08	29	0.0039196582342	0.008495635125825069	4.321445782720912
1980	08	30	0.076557782962	0.008495635125825069	3.8284047874331755
1980	08	31	0.00083006850628	0.008495635125825069	4.688669732771825
1980	09	01	0.0	0.008495635125825069	4.638281199122275
1980	09	02	0.00169119513893	0.008495635125825069	4.445384133470083
1980	09	03	0.01127276952955	0.0	4.354464918776978
1980	09	04	0.00085241315836	0.0	4.085334564073628
1980	09	05	6.4888212786e-07	0.0	3.7132828038393626
1980	09	06	0.000426562994214	0.0	4.293406457548674
1980	09	07	0.000477621725355	0.0	4.486460984564113
1980	09	08	0.04131983105	0.0	2.509260489887266
1980	09	09	0.0008358328381330001	0.0	3.868167048550228
1980	09	10	0.0008392968162549999	0.0	3.9134196381917903
1980	09	11	0.0016572540874600001	0.0	3.957026959737789
1980	09	12	0.0	0.0	3.949387591074511
1980	09	13	0.0029795742694099995	0.0	3.971522596499194
1980	09	14	0.0	0.0	4.030236657359589
1980	09	15	0.00679672522266	0.0	4.00849875487936
1980	09	16	0.76670923991	0.0	3.6697573260699623
1980	09	17	0.00124136530476	0.0	3.792555084063903
1980	09	18	0.0447683810257	0.0	3.078176044673587
1980	09	19	0.7425556272799999	0.0	2.0248974766457786
1980	09	20	8.941275662099999	0.0	1.49133022745587
1980	09	21	5.419136823069999	0.0	1.7042942217358001
1980	09	22	0.487661209797	0.0	2.1157843138467145
1980	09	23	0.00124429320001	0.0	3.115267365495743
1980	09	24	0.00164860782662	0.0	3.313021798113144
1980	09	25	0.000420879676328	0.0	3.1436018727337234
1980	09	26	0.023768283240199996	0.0	3.334112856216048
1980	09	27	4.3693884570699995	0.0	2.9639289209088364
1980	09	28	3.7441736839599997	0.008495635125825069	2.9291466150305188
1980	09	29	0.0013612045650699999	0.008495635125825069	3.171715151168263
1980	09	30	0.0	0.008495635125825069	3.0065288047658334
1980	10	01	0.0012451022758700001	0.008495635125825069	3.1391812873425717
1980	10	02	0.00166584841503	0.008495635125825069	3.084268714923634
1980	10	03	0.35252610246700006	0.008495635125825069	2.9167118129161222
1980	10	04	0.95224399006	0.008495635125825069	2.45653270586312
1980	10	05	0.015451749826150002	0.008495635125825069	2.503924899512813
1980	10	06	0.079225402589	0.008495635125825069	2.719402089761491
1980	10	07	0.80263158915	0.008495635125825069	1.544117253371124
1980	10	08	2.2020552692499997	0.008495635125825069	1.5316101464585679
1980	10	09	0.45135398377	0.008495635125825069	1.4121464514417892
1980	10	10	4.1789454809999995	0.008495635125825069	1.478839870300493
1980	10	11	0.16924569142999998	0.008495635125825069	1.426355963708716
1980	10	12	0.16523118196199998	0.008495635125825069	1.499540336460621
1980	10	13	1.86487943252	0.008495635125825069	1.5375002123645116
1980	10	14	2.8601793915500004	0.008495635125825069	1.270275287713681
1980	10	15	8.698922336299999	0.016991270251650138	1.189716131824522
1980	10	16	4.28889962537	0.016991270251650138	1.2069919015989645
1980	10	17	1.04983501816	0.016991270251650138	1.1120669399004544
1980	10	18	0.099913402698	0.025486905377475205	1.249402121114718
1980	10	19	0.0008243041067299999	0.025486905377475205	1.649042161630978
1980	10	20	0.0	0.025486905377475205	1.704823795194656
1980	10	21	0.00092545928517	0.016991270251650138	1.6936182644773434
1980	10	22	2.2262806406999998	0.016991270251650138	1.3932318659249772
1980	10	23	2.29850860091	0.025486905377475205	1.1017890108830402
1980	10	24	7.81840138354	0.025486905377475205	1.464164162201305
1980	10	25	0.00042153321349500003	0.025486905377475205	1.586242227046122
1980	10	26	0.0122303982357	0.016991270251650138	1.619264477194496
1980	10	27	0.0	0.016991270251650138	1.8064193544956593
1980	10	28	0.0008315095819899999	0.016991270251650138	1.7085578054081223
1980	10	29	0.000426562994214	0.016991270251650138	1.8782251669277454
1980	10	30	0.020565829267300002	0.016991270251650138	1.7018353306800655
1980	10	31	0.00042079855598	0.016991270251650138	1.6934203483814874
1980	11	01	0.0038792663356	0.016991270251650138	1.6097854319858125
1980	11	02	11.158938474700001	0.016991270251650138	0.737268424394308
1980	11	03	8.4564355507	0.033982540503300275	0.9108049497884341
1980	11	04	0.0090746987123	0.033982540503300275	0.9847668280279185
1980	11	05	0.0	0.033982540503300275	0.9553921736581815
1980	11	06	11.1239671716	0.04247817562912534	0.9259897984715227
1980	11	07	13.3687329617	0.12743452688737603	0.8327733713994442
1980	11	08	2.9905905055099997	0.24637341864892698	0.9480577069420167
1980	11	09	0.13256015522499998	0.22938214839727683	0.9325082390594146
1980	11	10	4.357958012040001	0.2123908781456267	0.8024178638529529
1980	11	11	14.442613374	0.2803559591522272	0.9229186380166555
1980	11	12	5.63930458474	0.7731027964500812	0.9855148729156298
1980	11	13	0.0026261068595	0.5522162831786295	1.1169160581743425
1980	11	14	0.00166010480813	0.3992948509137782	1.0452085671351767
1980	11	15	0.000850789233053	0.33982540503300274	0.9917543712882334
1980	11	16	2.07805448093	0.3228341347813526	0.8286825191039273
1980	11	17	2.548782379	0.33982540503300274	0.6764776457977937
1980	11	18	0.392721283256	0.3907992157879531	1.0107851441382942
1980	11	19	0.0187960546422	0.3653123104104779	1.016152293453624
1980	11	20	9.359517399100001	0.3483210401588278	1.0682940347977496
1980	11	21	0.106091692035	0.33132976990717766	0.8039355437969229
1980	11	22	0.012302463142849999	0.3143384996555275	0.874184765860577
1980	11	23	0.00375354111127	0.29734722940387737	0.9685762434477804
1980	11	24	0.00371635244129	0.29734722940387737	0.9916179273903082
1980	11	25	4.4069306021	0.30584286452970244	0.8420279672650754
1980	11	26	0.43070760764500005	0.30584286452970244	0.6387488906154464
1980	11	27	0.00204708909945	0.28885159427805235	0.7491748896932373
1980	11	28	0.006394946138830001	0.28885159427805235	0.77519271262269
1980	11	29	0.000867460006143	0.28885159427805235	0.7570583725864113
1980	11	30	0.0028937111663	0.2803559591522272	0.749262982732176
1980	12	01	0.00042079855598	0.2633646889005771	0.6803328544011904
1980	12	02	0.00042079855598	0.25486905377475205	0.664024929902532
1980	12	03	0.11233204984999999	0.2633646889005771	0.7290788970758305
1980	12	04	0.0030393150344199997	0.25486905377475205	0.6252870537553229
1980	12	05	0.0008271051861569999	0.25486905377475205	0.6832544831768401
1980	12	06	0.0163663097009	0.25486905377475205	0.7160185634309867
1980	12	07	0.0256527472214	0.25486905377475205	0.7359162495696692
1980	12	08	0.0020694066727300004	0.25486905377475205	0.5677184890043707
1980	12	09	0.00125086715897	0.23787778352310193	0.6415139527886056
1980	12	10	0.00166590112198	0.22938214839727683	0.649445452549036
1980	12	11	0.00081853980389	0.22938214839727683	0.7284401899030268
1980	12	12	0.0	0.22938214839727683	0.7393851222988382
1980	12	13	0.0163629190483	0.22938214839727683	0.8690603832868792
1980	12	14	0.97944232362	0.22938214839727683	0.8302415282607916
1980	12	15	6.6047233781	0.2633646889005771	0.7211596634994352
1980	12	16	0.16187687298	0.2633646889005771	0.6179021562598578
1980	12	17	0.10208739127460001	0.2718603240264022	0.7234865890867956
1980	12	18	0.18932641076499998	0.2718603240264022	0.5431357621503501
1980	12	19	18.7374193692	0.2718603240264022	0.6933603164755902
1980	12	20	16.088295529699998	0.2803559591522272	0.5959920845280507
1980	12	21	0.0296179316881	0.30584286452970244	0.7768483318885557
1980	12	22	0.0	0.28885159427805235	0.9114412045754541
1980	12	23	0.000878120455824	0.2633646889005771	0.8015325704475916
1980	12	24	0.0407820151348	0.25486905377475205	0.7515480541497617
1980	12	25	0.012332637146399998	0.25486905377475205	0.8050809157373583
1980	12	26	0.00068285490021	0.25486905377475205	0.6804969026812688
1980	12	27	0.5627316026300001	0.25486905377475205	0.7363833702692244
1980	12	28	0.000412152082378	0.24637341864892698	0.6945013018011686
1980	12	29	0.000826649169494	0.23787778352310193	0.6350796492799767
1980	12	30	0.000827186287163	0.23787778352310193	0.6582604560106464
1980	12	31	0.0016659012186900002	0.22938214839727683	0.7340843606423338
1981	01	01	0.00165437261301	0.2123908781456267	0.8176511000325528
1981	01	02	0.012052261317	0.2123908781456267	0.7726279646971216
1981	01	03	0.0021296290535399998	0.2123908781456267	0.8145536204407444
1981	01	04	0.112246761301	0.2123908781456267	0.8289132667145863
1981	01	05	0.0201753278267	0.2123908781456267	0.7904799625749285
1981	01	06	0.0006427813032329999	0.2123908781456267	0.7213000397012133
1981	01	07	0.005342443181899999	0.22088651327145176	0.7622836403947123
1981	01	08	0.00123933855329	0.22088651327145176	0.796458456685215
1981	01	09	0.00083006850628	0.22088651327145176	0.9164679965192948
1981	01	10	0.256399021992	0.2123908781456267	0.6527112859897177
1981	01	11	0.202141607601	0.2123908781456267	0.5224498453148269
1981	01	12	0.0340822142215	0.2123908781456267	0.49503928667406444
1981	01	13	0.41896594016399996	0.20389524301980164	0.5749865262588271
1981	01	14	0.0408017633168	0.20389524301980164	0.5723681413676235
1981	01	15	0.553670591284	0.20389524301980164	0.7233634740959768
1981	01	16	0.406200539307	0.2123908781456267	0.5862065379938165
1981	01	17	0.08268839426899999	0.22088651327145176	0.7092109243652024
1981	01	18	0.0038463189793800003	0.2123908781456267	0.8626770664071074
1981	01	19	0.0416519854134	0.20389524301980164	1.0468138273441916
1981	01	20	0.0648752391395	0.20389524301980164	0.9464519995164
1981	01	21	0.00100610884889	0.20389524301980164	1.096778247512531
1981	01	22	0.0	0.20389524301980164	1.062336456178855
1981	01	23	0.000726055402275	0.20389524301980164	0.9986499484208999
1981	01	24	0.00123933758619	0.19539960789397656	1.0343587677721977
1981	01	25	0.00326766920088	0.17840833764232644	0.9550487817840588
1981	01	26	0.00042079855598	0.20389524301980164	0.9979821904140262
1981	01	27	0.0	0.20389524301980164	1.1146075088584169
1981	01	28	0.00124798481413	0.19539960789397656	1.0746643624807948
1981	01	29	0.086810909465	0.19539960789397656	1.161647800323996
1981	01	30	0.0068641450517999995	0.19539960789397656	1.1577493160165282
1981	01	31	0.0012446932892800002	0.20389524301980164	1.0699735079809691
1981	02	01	0.002073230296	0.19539960789397656	1.1729235268623655
1981	02	02	0.00042079855598	0.1869039727681515	1.0926613575814854
1981	02	03	0.0196145055696	0.1869039727681515	1.3335341926916329
1981	02	04	1.18679059453	0.1869039727681515	0.8135382812374847
1981	02	05	0.0472665550617	0.17840833764232644	1.0213522893799067
1981	02	06	0.00115191803234	0.17840833764232644	1.2952347030035978
1981	02	07	0.00125663088155	0.1869039727681515	1.4472976719718358
1981	02	08	0.0029110026241699997	0.1869039727681515	1.3835544143959941
1981	02	09	1.34936822817	0.19539960789397656	1.0282082093179683
1981	02	10	0.16031152492	0.19539960789397656	1.1127188801196504
1981	02	11	0.0020815841058	0.19539960789397656	1.1849950629225292
1981	02	12	0.0012335737669	0.2123908781456267	0.8817587879458489
1981	02	13	0.0008970245722859999	0.16991270251650137	1.0740117077306373
1981	02	14	0.00207412467008	0.16991270251650137	1.2832213197977744
1981	02	15	0.00228422027867	0.16991270251650137	1.4635868420718445
1981	02	16	0.00289856629843	0.16991270251650137	1.374304838866049
1981	02	17	0.0014462322872	0.17840833764232644	1.5964213115321013
1981	02	18	2.2663081360199997	0.16991270251650137	1.1539011244279045
1981	02	19	1.65597326022	0.1614170673906763	1.107750962025493
1981	02	20	0.0993101585994	0.15292143226485122	1.1456737806133745
1981	02	21	0.242110719094	0.16991270251650137	1.4054117796338244
1981	02	22	4.097976000600001	0.15292143226485122	1.209325503140464
1981	02	23	0.08348846062540001	0.15292143226485122	1.23322692375411
1981	02	24	0.005431280987900001	0.15292143226485122	1.540332696921246
1981	02	25	0.00128126688366	0.16991270251650137	1.4903726710498821
1981	02	26	11.928840014999999	0.19539960789397656	0.7933531695234657
1981	02	27	27.2063285757	1.512223052396862	1.2844167967515794
1981	02	28	0.6765144958999999	1.9115179033106404	1.1041675085801868
1981	03	01	0.6949581567099999	0.9600067692182326	1.2185971263336413
1981	03	02	0.83660668254	0.7731027964500812	1.1818589507394563
1981	03	03	0.133088994518	0.6626595398143553	1.2617182567310354
1981	03	04	1.36532547488	0.5946944588077547	1.5168503945689338
1981	03	05	6.9770404374	0.5946944588077547	1.3428470342552308
1981	03	06	0.344792484226	0.6796508100660055	1.504348900449618
1981	03	07	3.36030248754	0.6031900939335798	1.674656587188042
1981	03	08	5.56928103227	0.5861988236819297	1.544488652143207
1981	03	09	0.24343531728	0.5522162831786295	1.9081520242036203
1981	03	10	0.000426562994214	0.5182337426753292	2.6566406433269094
1981	03	11	14.517693215400001	0.5522162831786295	1.796689090385226
1981	03	12	8.3665909936	0.9515111340924077	1.5956401152003579
1981	03	13	2.7334743015000003	0.8495635125825068	1.465162967603321
1981	03	14	0.10456445738600001	0.7815984315759062	1.6229887584133873
1981	03	15	0.00164725968922	0.6796508100660055	1.9573288859098645
1981	03	16	0.00132770131977	0.5861988236819297	2.0777573795840754
1981	03	17	0.00125663088155	0.5692075534302795	2.0236304721431293
1981	03	18	0.0008243041067299999	0.5352250129269793	1.9879271332771238
1981	03	19	0.037214665628	0.5352250129269793	1.9934474716893538
1981	03	20	3.82742909863	0.5267293778011543	1.7004373550190557
1981	03	21	10.59073192555	0.5267293778011543	1.7567601665949113
1981	03	22	3.0605478116300002	0.628676999311055	1.9979846170558342
1981	03	23	0.70488321388	0.62018136418523	1.755872212804734
1981	03	24	0.176241567107	0.5861988236819297	2.476885533908927
1981	03	25	7.4898641675599995	0.5861988236819297	2.1010633342179705
1981	03	26	1.14019204155	0.5861988236819297	1.9257177800681562
1981	03	27	6.80596857104	0.6541639046885303	1.898599881206352
1981	03	28	13.390768818749999	1.1808932824896843	1.9457404289906306
1981	03	29	13.8126047829	1.4442579713902615	1.3442168980362683
1981	03	30	3.39418357881	1.104432566357259	2.0680187538053767
1981	03	31	0.0024209917192	0.9345198638407576	2.3311254297187918
1981	04	01	9.2389529105	1.0874412961056088	1.5643578803205667
1981	04	02	1.888388473	1.1723976473638593	2.0857021729067413
1981	04	03	2.5238350674	1.384788525509486	2.110335766489993
1981	04	04	0.057017079694700004	1.1554063771122094	2.501765165534582
1981	04	05	0.0048068042088	0.993989309721533	2.5283566195218925
1981	04	06	6.042154538399999	0.8920416882116321	2.6279068503815775
1981	04	07	1.41972755776	8.92041688211632	2.6599797153972307
1981	04	08	0.17818595067	0.9430154989665827	3.103408928565784
1981	04	09	3.5391836863999995	0.866554782834157	2.2038881487518798
1981	04	10	30.691396247399997	2.9140028481579985	2.366322553298302
1981	04	11	1.12900723992	2.7780726861447973	2.07244607938076
1981	04	12	8.975326286	1.7416052007941387	2.5617277482583836
1981	04	13	5.98356529936	1.5801881334034626	2.5960749140195785
1981	04	14	5.888310204600001	2.608159983628296	1.9955575538502397
1981	04	15	1.47103975614	1.8010746466749143	2.393449887787757
1981	04	16	2.9370394706300003	1.5207186875226872	2.9639084852515087
1981	04	17	0.028522496550999997	1.486736147019387	3.2421428862999653
1981	04	18	0.35658748727199996	1.3253190796287107	3.0045620604378307
1981	04	19	0.420576587188	1.1639020122380346	3.0858146629707592
1981	04	20	0.0095361997994	1.104432566357259	2.7453804551440966
1981	04	21	0.745669631254	0.9854936745957079	2.583273969894983
1981	04	22	0.16693645005	0.9854936745957079	3.1289744881595665
1981	04	23	2.26536724443	1.010980579973183	2.5057679009722973
1981	04	24	0.0165441632593	0.9430154989665827	3.104620090859025
1981	04	25	4.85162997077	0.883546053085807	2.172403586719665
1981	04	26	3.4292615530399995	0.9005373233374572	2.098430546969265
1981	04	27	2.81959397624	0.8920416882116321	2.105093750710257
1981	04	28	5.33198070726	0.9685024043440577	2.775367228218622
1981	04	29	0.06231965321199999	0.9005373233374572	3.368153955935024
1981	04	30	0.0038958192191999997	0.8240766072050316	3.7097980214523427
1981	05	01	0.0012620771052	0.8155809720792065	3.521980448922002
1981	05	02	0.0258923298057	0.7646071613242561	3.17878330541933
1981	05	03	0.0029080840130799998	0.7221289856951307	3.262776114702059
1981	05	04	0.10697234780149999	0.6796508100660055	2.6992068873426347
1981	05	05	0.093975650473	0.6711551749401804	3.3858186113406403
1981	05	06	1.46284377706	0.6456682695627052	4.3494656647662175
1981	05	07	10.1192247383	0.6711551749401804	2.7384280871879487
1981	05	08	12.218744680699999	0.8070853369533815	2.5136086520948697
1981	05	09	6.598471366729999	1.248858363496285	2.143187718791377
1981	05	10	4.53626136865	1.4782405118935618	2.100592161985214
1981	05	11	14.0177015483	1.9709873491914158	2.35209215476293
1981	05	12	0.037701919621	1.486736147019387	2.511457045020522
1981	05	13	0.7744517458	1.2063801878671596	2.5930146232457445
1981	05	14	0.202744894252	1.138415106860559	3.370863220188704
1981	05	15	4.24026126507	1.104432566357259	2.4445254391018194
1981	05	16	3.7713230822600003	1.2828409039995852	2.2472695200534942
1981	05	17	0.91749792455	1.1639020122380346	3.033467697000444
1981	05	18	1.4471069324399999	1.0534587556023085	3.351176251424545
1981	05	19	3.64609900915	0.9854936745957079	3.8477879132286845
1981	05	20	5.51839493815	1.0874412961056088	2.576911189934461
1981	05	21	1.1589745742	1.2658496337479352	2.639333691366313
1981	05	22	0.00073635110052	1.129919471734734	3.580557194467369
1981	05	23	0.271284180326	0.9854936745957079	3.6943478717550002
1981	05	24	0.24503555830799997	0.9175285935891073	2.855178177058408
1981	05	25	7.2044346604	0.8495635125825068	2.722939709849533
1981	05	26	0.75917388684	0.8240766072050316	2.734891016844573
1981	05	27	0.20004990569499997	0.7985897018275564	3.100807982414444
1981	05	28	0.6406689827550001	0.7900940667017313	4.3278679537804505
1981	05	29	1.8515307446399998	0.747615891072606	4.370179405568714
1981	05	30	7.913187434799999	0.8410678774566818	3.214689955604605
1981	05	31	1.4283527358199999	0.7646071613242561	3.9517003814991
1981	06	01	16.7532222334	0.7221289856951307	3.0291388836798707
1981	06	02	4.64298568915	0.8495635125825068	2.6492185497879097
1981	06	03	6.855365718	0.9260242287149324	3.117229879677972
1981	06	04	0.039451945097	0.8325722423308567	4.274749667272135
1981	06	05	0.300347469526	0.747615891072606	3.802460499364092
1981	06	06	0.189773027216	0.6881464451918305	4.645008397414333
1981	06	07	0.0098672835831	0.6371726344368801	4.3086145116816486
1981	06	08	0.9842018579149999	0.5777031885561047	3.805038326690695
1981	06	09	0.191841953917	0.5267293778011543	4.006615077851285
1981	06	10	0.0	0.49274683729785396	5.384403281508947
1981	06	11	0.000827186287163	0.45876429679455366	6.137937894378377
1981	06	12	0.00091248157685	0.41628612116542835	6.5790061749784385
1981	06	13	0.00164732284085	0.373807945536303	6.697406893197429
1981	06	14	0.0012451022758700001	0.33982540503300274	6.418191982711133
1981	06	15	0.0	0.29734722940387737	6.332870346241532
1981	06	16	0.0	0.24637341864892698	6.2465416373202745
1981	06	17	0.0008243041067299999	0.24637341864892698	6.173932981761417
1981	06	18	0.0	0.24637341864892698	5.788554589770841
1981	06	19	0.00168262450531	0.22938214839727683	5.814902621288143
1981	06	20	0.0008358328381330001	0.22088651327145176	5.796635687760829
1981	06	21	0.0012393376828999999	0.19539960789397656	4.73459927971248
1981	06	22	0.00020611545051399998	0.20389524301980164	5.922690730701091
1981	06	23	0.00164903625192	0.17840833764232644	5.7491531630429575
1981	06	24	0.0	0.1869039727681515	5.3552802904579675
1981	06	25	0.000412152082378	0.1614170673906763	5.091734484446309
1981	06	26	0.9856175472500001	0.15292143226485122	3.558479909429784
1981	06	27	0.392163953197	0.17840833764232644	3.690762535183556
1981	06	28	0.0021650185306800003	0.14442579713902617	4.112859156380407
1981	06	29	0.00061916701326	0.15292143226485122	4.944470939444216
1981	06	30	0.17992767842799998	0.15292143226485122	5.081051756367415
1981	07	01	2.8379672321700005	0.14442579713902617	4.681030347075102
1981	07	02	1.43107521903	0.14442579713902617	3.609342261249448
1981	07	03	0.00194851153264	0.1359301620132011	4.434691800076978
1981	07	04	0.06467855517700001	0.12743452688737603	5.216991528336059
1981	07	05	0.00324514138006	0.11893889176155097	4.3955591652510435
1981	07	06	0.000426562994214	0.11893889176155097	5.923086802600183
1981	07	07	0.010866857834	0.11044325663572588	5.6931859341453235
1981	07	08	0.139753058185	0.09345198638407574	4.5820230247918525
1981	07	09	0.61832457245	0.11044325663572588	3.32601216972316
1981	07	10	0.0017603880492099999	0.11044325663572588	4.7009774873114445
1981	07	11	0.00166301877714	0.08495635125825068	5.527521083386525
1981	07	12	0.00123933758619	0.07646071613242561	5.692042745579701
1981	07	13	0.000415034204785	0.05946944588077548	6.0820145290892995
1981	07	14	0.0	0.07646071613242561	6.074011656361607
1981	07	15	0.00205398423232	0.06796508100660055	6.655271995624501
1981	07	16	0.000824304164756	0.04247817562912534	6.293446985289077
1981	07	17	0.0069172572166999995	0.05946944588077548	5.29495675813708
1981	07	18	0.0005396798070300001	0.033982540503300275	4.738797159189595
1981	07	19	0.0	0.05097381075495041	5.703344808815287
1981	07	20	0.0012518565022699999	0.033982540503300275	6.183979821725778
1981	07	21	0.061913529238	0.033982540503300275	5.927405812780895
1981	07	22	0.00136135775371	0.033982540503300275	4.631240416426333
1981	07	23	0.0030277523868200004	0.033982540503300275	3.7591255841368008
1981	07	24	0.0023904574709000003	0.04247817562912534	4.201816015996417
1981	07	25	0.0016659504440799998	0.04247817562912534	5.307432471359347
1981	07	26	0.000420798604335	0.04247817562912534	5.991697493077635
1981	07	27	0.00249513105585	0.033982540503300275	6.152730928570519
1981	07	28	0.00042079855598	0.033982540503300275	6.204284222409771
1981	07	29	0.06362079535460001	0.033982540503300275	5.9416373926688895
1981	07	30	2.64952392877	0.033982540503300275	4.913719465371232
1981	07	31	0.42053629780199997	0.025486905377475205	4.281359348772345
1981	08	01	0.45855039730299996	0.025486905377475205	3.707549535586794
1981	08	02	0.0454558508304	0.025486905377475205	4.6697362733446015
1981	08	03	0.037471604756	0.025486905377475205	5.120288908013614
1981	08	04	0.9909825344999998	0.025486905377475205	4.560659043585082
1981	08	05	0.331106549234	0.025486905377475205	4.503605159991955
1981	08	06	0.5974113250799999	0.025486905377475205	4.553046837770737
1981	08	07	0.592406717974	0.016991270251650138	4.6790295823856844
1981	08	08	0.029551197919699998	0.016991270251650138	5.006468682890882
1981	08	09	0.0037333630533200003	0.016991270251650138	5.1405914466454705
1981	08	10	0.00082718635486	0.016991270251650138	5.295968780334978
1981	08	11	0.00723303412844	0.016991270251650138	5.32321231610851
1981	08	12	0.00148265453043	0.016991270251650138	5.39162900635564
1981	08	13	0.0	0.016991270251650138	5.452276549968355
1981	08	14	0.000819056332	0.016991270251650138	5.534226986710993
1981	08	15	0.018373681454000004	0.016991270251650138	5.664700123833785
1981	08	16	2.68325744058	0.016991270251650138	4.953233709155237
1981	08	17	1.88658889332	0.016991270251650138	3.991543676718903
1981	08	18	0.24913872183299998	0.016991270251650138	3.929960963529739
1981	08	19	0.11057767242399999	0.016991270251650138	4.132403463149556
1981	08	20	0.32769448504	0.016991270251650138	3.8397857956851253
1981	08	21	0.00031435101949999996	0.008495635125825069	4.7447583794892845
1981	08	22	0.0012451022758700001	0.008495635125825069	4.742971247639113
1981	08	23	0.0	0.008495635125825069	4.771711555794151
1981	08	24	0.000412152082378	0.008495635125825069	5.0055756876216995
1981	08	25	0.000412152082378	0.008495635125825069	4.972658088832894
1981	08	26	0.00083006850628	0.008495635125825069	5.013484242467908
1981	08	27	0.00213500255127	0.008495635125825069	5.060989220154314
1981	08	28	0.054975107037799995	0.008495635125825069	4.934137531688587
1981	08	29	0.41506665098999995	0.008495635125825069	4.414476411552287
1981	08	30	0.6595969672449999	0.0	3.5898135744279185
1981	08	31	0.7041641363460001	0.0	3.326679858931305
1981	09	01	0.00337741764308	0.0	4.184700046270801
1981	09	02	0.0017886219534500002	0.0	4.438288635682344
1981	09	03	0.0008243041067299999	0.0	4.466655303626722
1981	09	04	0.0028937111663	0.0	4.418637363471835
1981	09	05	0.00083426436634	0.0	4.464647281905639
1981	09	06	0.11583720709	0.0	4.210647185635482
1981	09	07	0.0268871942796	0.0	3.7588786888676666
1981	09	08	0.26838959199999995	0.0	3.585966235198209
1981	09	09	0.030322239670899996	0.0	3.7977622744765767
1981	09	10	0.06638084459700001	0.0	3.2431713404336224
1981	09	11	0.701890300497	0.0	2.758656254928589
1981	09	12	0.0018326864143	0.0	2.8425432719969077
1981	09	13	0.00135864939016	0.0	3.7009947447589786
1981	09	14	0.00165421246125	0.0	4.005401033667231
1981	09	15	0.000818539745864	0.0	4.346567819627161
1981	09	16	0.284351422764	0.0	4.160051127052523
1981	09	17	2.9956212630000003	0.0	3.2145500702440306
1981	09	18	1.39264663014	0.0	2.19437455226264
1981	09	19	0.29607302292	0.0	2.461213041334874
1981	09	20	7.062777140540001	0.0	2.2562289954488577
1981	09	21	0.028013830963999998	0.0	2.4224913409046573
1981	09	22	0.613607474503	0.0	2.151990535043924
1981	09	23	0.00176544462827	0.0	2.81529805132291
1981	09	24	2.40489646732	0.0	2.6177393794797132
1981	09	25	47.282837157299994	0.008495635125825069	1.3646164892118287
1981	09	26	13.9503478688	0.016991270251650138	1.523601158178185
1981	09	27	4.0949209317	0.025486905377475205	1.7291698904305897
1981	09	28	0.165180834736	0.025486905377475205	2.2404609912452447
1981	09	29	0.269217468284	0.025486905377475205	1.9991055380442115
1981	09	30	0.9620046402300001	0.025486905377475205	2.6799728870108943
1981	10	01	11.0338972802	0.025486905377475205	1.2495559086262253
1981	10	02	1.44193304415	0.033982540503300275	1.6424857971912354
1981	10	03	5.53570399724	0.033982540503300275	2.2992984369569385
1981	10	04	35.3655249743	0.10194762150990082	1.5525778577022993
1981	10	05	57.732533505	1.2828409039995852	1.0877324937103074
1981	10	06	8.922498448499999	2.489221091866745	1.3107660985317704
1981	10	07	0.0696209439045	1.1808932824896843	1.7144149163057818
1981	10	08	0.0315710239866	0.8070853369533815	2.2696201409372447
1981	10	09	0.170902633531	0.747615891072606	1.8076430312329936
1981	10	10	0.030918931667	0.6966420803176556	2.071231699400366
1981	10	11	0.5173460251540001	0.6456682695627052	1.7533778282568027
1981	10	12	0.32988344819300003	0.5946944588077547	1.893290423013081
1981	10	13	0.0307025014567	0.5522162831786295	2.0594590300994637
1981	10	14	0.0175185252132	0.501242472423679	2.1169552060747314
1981	10	15	0.171759696893	0.4502686616687286	1.9077537056697031
1981	10	16	0.17804534400099997	0.41628612116542835	2.2551297420178935
1981	10	17	12.6098002696	0.4077904860396033	0.8425434051714147
1981	10	18	1.74978940689	0.7731027964500812	1.4550976523427854
1981	10	19	0.0118407594483	0.8410678774566818	1.8482836975400136
1981	10	20	0.0043910837015	0.7221289856951307	1.9096248932837419
1981	10	21	0.0044500064933299995	0.6626595398143553	1.4946246275273052
1981	10	22	0.00083006850628	0.5946944588077547	1.4494547327585947
1981	10	23	0.00208194947618	0.5522162831786295	1.5882635883522198
1981	10	24	0.0	0.5182337426753292	1.4296926400391539
1981	10	25	0.12131022908100002	0.4842512021720288	1.426639650490612
1981	10	26	0.19772475552	0.45876429679455366	1.0238211547904579
1981	10	27	0.0078109833397	0.4247817562912534	1.259333711603318
1981	10	28	0.00195111999476	0.3992948509137782	1.574338831460605
1981	10	29	0.00042079855598	0.38230358066212805	1.6883558930979252
1981	10	30	0.26808597095500003	0.3907992157879531	1.534009681415699
1981	10	31	0.00118872875964	0.3992948509137782	1.5993292046738143
1981	11	01	0.00083688781851	0.4502686616687286	1.5698646195765096
1981	11	02	0.00042079855598	0.45876429679455366	1.5670402057458694
1981	11	03	0.0008243041067299999	0.3907992157879531	1.5719128596265732
1981	11	04	0.00123933758619	0.3653123104104779	1.4989837700154545
1981	11	05	0.0016648210647	0.3568166752846529	1.4515229906072553
1981	11	06	0.00331943641981	0.373807945536303	1.410163968951548
1981	11	07	0.00124826449945	0.373807945536303	1.528764406476596
1981	11	08	0.0016585751460599998	0.3907992157879531	1.4636404430177832
1981	11	09	0.00083006850628	0.3992948509137782	1.1259621465597203
1981	11	10	0.00084159720867	0.373807945536303	1.2361502000352014
1981	11	11	0.00042079855598	0.3483210401588278	1.2758441926424031
1981	11	12	0.07692691536099999	0.3228341347813526	1.3386917729055636
1981	11	13	0.0041971994935	0.3228341347813526	1.1807538811886058
1981	11	14	0.00124770319461	0.33132976990717766	1.1014348002806091
1981	11	15	0.03887490554	0.3143384996555275	1.238354155785822
1981	11	16	0.037846675148999996	0.3143384996555275	1.2311359427807225
1981	11	17	0.16857017208	0.30584286452970244	1.0116677465920259
1981	11	18	0.0236344820539	0.33982540503300274	1.0947956640288097
1981	11	19	0.00083269640711	0.3228341347813526	1.0814059336297246
1981	11	20	0.00123933758619	0.30584286452970244	1.1247222114693114
1981	11	21	0.000420798604335	0.28885159427805235	1.0911807184769784
1981	11	22	0.000412152082378	0.28885159427805235	1.0156266005617043
1981	11	23	0.074318105085	0.3143384996555275	1.0820367607095736
1981	11	24	0.149895944959	0.3228341347813526	1.0604840244267306
1981	11	25	0.0171753217323	0.3143384996555275	1.0792777935531945
1981	11	26	0.00041648570583300003	0.30584286452970244	1.0615931914201253
1981	11	27	0.0	0.30584286452970244	1.0949865045992944
1981	11	28	0.0080694011636	0.30584286452970244	1.1052622859192314
1981	11	29	0.00123933758619	0.29734722940387737	0.9282686545153783
1981	11	30	0.0033229088890699998	0.29734722940387737	0.9217858827440802
1981	12	01	0.00240757059553	0.2633646889005771	1.0469084740727694
1981	12	02	0.00502775628857	0.2633646889005771	0.9441105274814797
1981	12	03	0.00167212499074	0.2633646889005771	0.7390069682084278
1981	12	04	0.0	0.25486905377475205	0.750941644580938
1981	12	05	8.831004599059999e-05	0.25486905377475205	0.897301672477011
1981	12	06	1.4376970494399999	0.2718603240264022	0.7656345496418389
1981	12	07	0.256982531448	0.30584286452970244	0.7138429958913671
1981	12	08	1.24180195041	0.2803559591522272	0.5684866695056833
1981	12	09	4.1039401063000005	0.3143384996555275	0.5559577223679675
1981	12	10	3.82527478667	0.33982540503300274	0.5451982231999901
1981	12	11	5.5738895539	0.3653123104104779	0.4746299175273052
1981	12	12	2.93474686337	0.3992948509137782	0.495191337453916
1981	12	13	21.7367513949	0.45876429679455366	0.43761512445047035
1981	12	14	0.18777936990799998	0.4842512021720288	0.8150032743927663
1981	12	15	7.0769234925	0.4502686616687286	0.8789050721015487
1981	12	16	2.34001131057	0.45876429679455366	0.7409226016584779
1981	12	17	16.400062457999997	0.6881464451918305	0.5437966607251927
1981	12	18	3.64149300198	0.7985897018275564	0.48052503873417
1981	12	19	0.30046346349999997	0.7646071613242561	0.5969600296056295
1981	12	20	16.032997718799997	1.7501008359199641	0.5487229418108351
1981	12	21	9.629702895800001	1.7840833764232642	0.6745941033247513
1981	12	22	5.1544640865	2.259838943469468	0.5052370236368989
1981	12	23	15.2511592632	1.6056750387809378	0.7226494376508331
1981	12	24	0.9785648351060001	1.8350571871782146	0.6073281494836049
1981	12	25	0.0094368302744	1.4527536065160866	0.576529976142032
1981	12	26	13.066592546799999	3.6531231041047794	0.5742812024714692
1981	12	27	17.185402782700002	6.524647776633652	0.5037045744831641
1981	12	28	24.511168842	14.102754308869615	0.5328317605565275
1981	12	29	18.6062564317	20.389524301980163	0.505087108371356
1981	12	30	41.317664746	60.573878447132735	0.7480664153664748
1981	12	31	5.9343760789	15.03727417271037	0.5161577870516928
1982	01	01	0.350087221332	5.8959707773225976	0.6552987903075339
1982	01	02	0.0198754078734	3.848522711998756	0.6245075966965995
1982	01	03	15.070959520199999	10.279718502248333	0.7287843054076167
1982	01	04	3.48988237905	9.600067692182328	0.5158408596006936
1982	01	05	0.831530983913	5.233311237508242	0.6283525227148491
1982	01	06	0.069407403389	4.188348117031759	0.8007888228159574
1982	01	07	0.0	3.4747147664624527	0.91446409749986
1982	01	08	0.016044729608899997	2.761081415893147	0.8531305837920125
1982	01	09	1.9539104650999999	2.489221091866745	0.8841824283550811
1982	01	10	12.2642950907	3.6616187392306037	0.5649334489454129
1982	01	11	6.1958238271	4.298791373667484	0.6101773556247256
1982	01	12	0.0028333032957100004	3.7890532661179805	0.9293623951085789
1982	01	13	0.00083006850628	3.2028544424360508	0.886811124966405
1982	01	14	0.00308908596553	2.616655618754121	0.9239848637102441
1982	01	15	5.431691038299999	2.0644393355754915	0.7852146347920035
1982	01	16	8.461940283899999	2.981967929164599	0.6528688510535509
1982	01	17	0.0	2.5826730782508207	0.9614383850455775
1982	01	18	7.8669141175499995	2.166386957085392	0.7134657820435248
1982	01	19	1.61096026769	2.4552385513634447	0.6782982280041315
1982	01	20	0.895438499273	2.2428476732178177	0.6623715710247202
1982	01	21	0.141162790184	2.1578913219595672	0.8651481772598305
1982	01	22	0.00249833631538	1.9709873491914158	1.1402301649745092
1982	01	23	0.00372121250563	1.7755877412974392	1.1645607160806175
1982	01	24	0.00166959070519	1.9370048086881153	1.2478483609705946
1982	01	25	0.00197528588956	1.8775353628073401	1.1983150033564245
1982	01	26	0.095205569569	1.8180659169265645	1.2617535866415017
1982	01	27	0.138489716113	1.758596471045789	0.8294601179725488
1982	01	28	0.000827186287163	1.6906313900391885	0.9601200222380021
1982	01	29	0.0020705394369599996	1.631161944158413	1.0257118384593504
1982	01	30	0.00082803556537	1.5716924982776377	1.0653521508144201
1982	01	31	0.0012460769192500002	1.5971794036551128	1.1626533928464464
1982	02	01	0.00214924174483	1.4612492416419116	1.2799508129154245
1982	02	02	1.3587496784300002	1.495231782145212	0.7344064108489771
1982	02	03	8.0531268048	1.767092106171614	0.8501089071879211
1982	02	04	1.61769979417	1.6736401197875383	0.9210106477646384
1982	02	05	0.00166590112198	1.6481532144100632	1.3731217562860298
1982	02	06	0.00125663078484	1.614170673906763	1.3485893888381286
1982	02	07	0.00333103620405	1.5886837685292878	1.1580411824512062
1982	02	08	0.0156270816713	1.5631968631518125	1.3702781026942659
1982	02	09	0.000827589393785	1.5292143226485122	1.255559792224344
1982	02	10	0.00083583280912	1.503727417271037	1.3399856772797119
1982	02	11	0.085115815269	1.4697448767677368	1.287504060866647
1982	02	12	0.49172289440300004	1.5207186875226872	1.2943092690997913
1982	02	13	9.1773670154	1.8180659169265645	0.957757546515396
1982	02	14	5.5241496667000005	1.767092106171614	1.1649074564745074
1982	02	15	15.7885796345	3.3472802395750767	0.791562373332793
1982	02	16	0.0122004074976	2.081430605827142	1.2824200980179616
1982	02	17	0.021925980950600003	1.8265615520523897	1.2855824351210028
1982	02	18	2.8697306645699996	1.6651444846617134	1.1768191189599861
1982	02	19	0.00042079855598	1.5377099577743374	1.4064197540555203
1982	02	20	0.10079429153559999	1.4357623362644365	1.3705987701659357
1982	02	21	7.00220495966	1.486736147019387	1.2466871468473095
1982	02	22	1.01299750219	1.5971794036551128	1.0830477673083942
1982	02	23	0.841611454053	1.4782405118935618	1.1663998708744794
1982	02	24	5.41874389034	1.1808932824896843	1.336205222485944
1982	02	25	6.62348656875	1.6566488495358882	1.1986033957770152
1982	02	26	0.39536073126	1.6056750387809378	1.3111187547614611
1982	02	27	0.7394913225749999	1.4612492416419116	0.8424651712590273
1982	02	28	0.16981029408099999	1.3083278093770605	1.3829896340822057
1982	03	01	0.33828947172199997	1.2998321742512353	1.4892102503448197
1982	03	02	0.033961706791799995	1.2658496337479352	1.7522014107147925
1982	03	03	0.295419331017	1.24036272837046	1.9290306168374487
1982	03	04	1.7095030189	1.2148758229929848	1.3797477701176721
1982	03	05	0.00126782612786	1.1808932824896843	1.7843845777773264
1982	03	06	0.016362406485299998	1.1554063771122094	1.8136459974256642
1982	03	07	0.027745924922	1.129919471734734	1.4461769604938985
1982	03	08	0.0	1.104432566357259	1.7181792061427676
1982	03	09	0.000409269930958	1.0704500258539587	1.738123769364222
1982	03	10	0.156750827127	1.0449631204764833	1.5745629955909308
1982	03	11	0.075958016555	1.0194762150990082	1.8213844587336594
1982	03	12	0.0053581711292	0.9854936745957079	2.113527861173037
1982	03	13	0.00251406310216	0.9600067692182326	2.183888553981996
1982	03	14	0.00042384376046	0.9345198638407576	2.0178601228434503
1982	03	15	0.00042079855598	0.9005373233374572	2.2233719160614775
1982	03	16	0.5768963294899999	0.8750504179599821	2.1374611176491225
1982	03	17	0.75510307281	0.8495635125825068	1.9686396660114758
1982	03	18	0.017641254071600002	0.8240766072050316	2.20363669554175
1982	03	19	0.086438653333	0.7900940667017313	1.8249735595712144
1982	03	20	0.29768440494	0.7646071613242561	1.952398939059763
1982	03	21	0.0053456703946000005	0.7391202559467809	2.3916172229998165
1982	03	22	0.0020816169872000002	0.7051377154434807	2.767954569866411
1982	03	23	0.00042079855598	0.6796508100660055	2.641967684307737
1982	03	24	0.0	0.6541639046885303	2.5175018294351625
1982	03	25	0.0	0.628676999311055	2.3108750338324264
1982	03	26	0.0045575380522	0.62018136418523	2.2265545043440977
1982	03	27	0.59557663967	0.62018136418523	2.2088633195593004
1982	03	28	0.14615337434	0.62018136418523	2.4593979185079347
1982	03	29	0.135973457307	0.5946944588077547	2.5795040593393415
1982	03	30	0.141672722672	0.5946944588077547	1.9050667074265533
1982	03	31	0.097962539565	0.5861988236819297	2.0996623650172217
1982	04	01	4.09372530597	0.6116857290594049	1.8431600217683568
1982	04	02	0.133639525864	0.62018136418523	1.8724630987696502
1982	04	03	10.0515451461	0.6881464451918305	2.1662102969694312
1982	04	04	11.8234029046	1.3083278093770605	2.1501319792461078
1982	04	05	2.4970120653500003	1.129919471734734	2.098783941460357
1982	04	06	0.030641236638799998	1.002484944847358	2.2083254856920846
1982	04	07	0.0008243041067299999	0.9515111340924077	3.5150865269119347
1982	04	08	0.00049642819373	0.8920416882116321	3.382848396673009
1982	04	09	0.355198286806	0.8325722423308567	3.2564988779400457
1982	04	10	2.6812110569799996	0.7815984315759062	3.258653527797488
1982	04	11	3.9042353102399994	0.7221289856951307	3.329046993188276
1982	04	12	0.704356569904	0.6711551749401804	3.0839673747539145
1982	04	13	0.048846963769999995	0.6116857290594049	2.9467789789952046
1982	04	14	0.00123933758619	0.5607119183044544	3.310033802149504
1982	04	15	0.000412152082378	0.5522162831786295	2.976641619712488
1982	04	16	0.08570814467699998	0.5522162831786295	2.9812275403608366
1982	04	17	10.5471771264	0.5437206480528044	2.479035942757669
1982	04	18	1.6104920945799999	0.5437206480528044	2.9538329044691713
1982	04	19	0.60048670308	0.5352250129269793	3.0429429545177205
1982	04	20	0.146914453027	0.5182337426753292	3.2628886819113143
1982	04	21	0.0	0.49274683729785396	3.546148389106053
1982	04	22	0.00126465297605	0.4672599319203788	3.6594780157245834
1982	04	23	0.045846884176	0.4502686616687286	3.675510444633869
1982	04	24	0.00125663088155	0.4332773914170785	3.8953640756155674
1982	04	25	0.00041384225403500005	0.41628612116542835	3.7549525281871245
1982	04	26	0.125875956536	0.3992948509137782	3.2965358992602583
1982	04	27	0.00083662708835	0.38230358066212805	3.8391170939535035
1982	04	28	0.00124510246929	0.373807945536303	3.966446351744065
1982	04	29	0.00042224059879	0.3568166752846529	3.9057471490492626
1982	04	30	0.0012451022758700001	0.3483210401588278	4.0338999266368
1982	05	01	0.00124051096862	0.373807945536303	4.205474956602114
1982	05	02	0.00123924174658	0.3568166752846529	4.316269480648705
1982	05	03	0.0	0.3483210401588278	3.882983931995314
1982	05	04	0.72056483709	0.33132976990717766	2.698972329813008
1982	05	05	0.377564688965	0.3228341347813526	2.778835341815303
1982	05	06	0.0154221522142	0.3228341347813526	3.0486899031395738
1982	05	07	0.0	0.2803559591522272	3.710081646128876
1982	05	08	0.0055730849267	0.25486905377475205	3.5677122314616594
1982	05	09	0.0012504457935	0.25486905377475205	3.9422565044676103
1982	05	10	0.201432191396	0.25486905377475205	3.751598810468958
1982	05	11	8.980420968799999	0.3143384996555275	2.2904131712403157
1982	05	12	21.478312294800002	0.6456682695627052	2.302804755890921
1982	05	13	0.6230095916899999	0.8495635125825068	4.141142239751659
1982	05	14	7.237799610400001	0.7051377154434807	4.0470979228043324
1982	05	15	1.19440766755	0.5607119183044544	3.976029196811947
1982	05	16	0.1016655016364	0.4502686616687286	3.6594731810171233
1982	05	17	1.08606896702	0.3907992157879531	3.5884344423571726
1982	05	18	0.65574805431	0.3483210401588278	3.4305333743995874
1982	05	19	0.10661133420699999	0.3228341347813526	4.444067214852751
1982	05	20	0.0050953230202	0.3143384996555275	4.9532081932438645
1982	05	21	0.00109987074125	0.29734722940387737	4.930970716710901
1982	05	22	0.0102900165325	0.2803559591522272	4.23586693160086
1982	05	23	0.0756120616746	0.25486905377475205	3.4167045124265623
1982	05	24	0.0005417180669900001	0.23787778352310193	5.178014937478298
1982	05	25	12.2628792563	0.2123908781456267	4.916517730674978
1982	05	26	6.38476354293	0.20389524301980164	3.195030040920106
1982	05	27	0.55309135641	0.2123908781456267	2.8189429094945075
1982	05	28	0.6653703511539999	0.23787778352310193	3.9115939570253624
1982	05	29	13.5768683553	0.25486905377475205	3.042013438644955
1982	05	30	2.8293197141	0.2718603240264022	3.5931349025590005
1982	05	31	0.63912505596	0.2718603240264022	4.357091579668592
1982	06	01	3.4320077302	0.2633646889005771	4.370420155431594
1982	06	02	8.2145561039	0.2633646889005771	3.5349625337246033
1982	06	03	3.43412751669	0.5861988236819297	3.0090863261877727
1982	06	04	0.9539633391239999	0.5777031885561047	3.970781576978604
1982	06	05	1.33792298651	0.4842512021720288	4.253138076688687
1982	06	06	0.051904092593	0.3992948509137782	3.6122031710829963
1982	06	07	0.0012443511293	0.3228341347813526	5.454953226984277
1982	06	08	0.05246243810699999	0.25486905377475205	5.1566572540223765
1982	06	09	0.0240794302574	0.22088651327145176	4.6956836116008684
1982	06	10	0.35003571358600005	0.20389524301980164	3.5979236721973185
1982	06	11	0.079252046194	0.19539960789397656	3.0213472867682434
1982	06	12	1.78770523936	0.1869039727681515	2.6115808492470642
1982	06	13	1.1896725525299998	0.17840833764232644	2.957502866376906
1982	06	14	0.299579766204	0.16991270251650137	3.881279454610712
1982	06	15	0.00383715183848	0.16991270251650137	5.465689157082193
1982	06	16	0.5677795745	0.1614170673906763	5.321298322359035
1982	06	17	1.8078185983199997	0.15292143226485122	3.7468826063041734
1982	06	18	0.13580072357599998	0.12743452688737603	3.5953056705880377
1982	06	19	0.0	0.1359301620132011	5.242849033515544
1982	06	20	0.9454008871699999	0.1359301620132011	3.4824300838764826
1982	06	21	0.531942368744	0.1359301620132011	3.8754902504048543
1982	06	22	5.08271542105	0.1359301620132011	3.271100541008751
1982	06	23	0.008478863566799999	0.12743452688737603	3.5966543496375807
1982	06	24	1.82453202052	0.12743452688737603	4.47842199776754
1982	06	25	3.3424465334	0.12743452688737603	2.7850246355750135
1982	06	26	1.36029452397	0.11893889176155097	3.1275400550065013
1982	06	27	0.0021369465189799994	0.11044325663572588	4.4426099574237625
1982	06	28	0.001534874739	0.12743452688737603	5.56667022479243
1982	06	29	0.00245740951377	0.2123908781456267	5.30027920220428
1982	06	30	0.000412152082378	0.1359301620132011	6.050233452066564
1982	07	01	0.61681077082	0.09345198638407574	5.9429284349826945
1982	07	02	0.076866133126	0.06796508100660055	4.387968896106201
1982	07	03	1.0432328198799998	0.05097381075495041	3.8359878243244294
1982	07	04	0.263258468872	0.05946944588077548	6.5086613784403475
1982	07	05	0.151240861916	0.04247817562912534	5.193260661312696
1982	07	06	0.0221778631127	0.05946944588077548	6.023200761635777
1982	07	07	1.1604665193700001	0.05097381075495041	5.946398366966945
1982	07	08	2.4157577740000002	0.04247817562912534	4.458031897655484
1982	07	09	0.0136758732836	0.033982540503300275	4.799363655432952
1982	07	10	0.00223371203052	0.025486905377475205	5.515799664521611
1982	07	11	0.063738766081	0.008495635125825069	3.7931703099311993
1982	07	12	0.8035297349199999	0.016991270251650138	3.705870001635974
1982	07	13	1.06704166136	0.016991270251650138	2.5513470574884165
1982	07	14	0.976573846994	0.016991270251650138	3.6835093072910374
1982	07	15	0.0022409400392099997	0.016991270251650138	5.309054676899781
1982	07	16	0.71169643338	0.016991270251650138	4.916077721246154
1982	07	17	0.14226461688500003	0.016991270251650138	5.287459778444365
1982	07	18	0.436140291895	0.016991270251650138	5.336853766851049
1982	07	19	3.15649370592	0.016991270251650138	3.847699882363136
1982	07	20	0.51936548469	0.008495635125825069	3.987866414661557
1982	07	21	0.01841126296	0.008495635125825069	4.282144732686323
1982	07	22	0.00206522145077	0.008495635125825069	4.838534006753416
1982	07	23	0.00166590112198	0.008495635125825069	4.692756929585112
1982	07	24	0.000662711425756	0.0	5.481780705038951
1982	07	25	0.256976187272	0.008495635125825069	5.573484887420937
1982	07	26	0.00021487135148099998	0.0	5.458470661611652
1982	07	27	0.00265693452594	0.0	4.667647717400033
1982	07	28	4.367930747240001	0.0	3.9101361518625035
1982	07	29	6.4725237094	0.0	3.555965653699572
1982	07	30	0.00548316841736	0.0	4.020781687059191
1982	07	31	1.44508375924	0.0	3.9639038457010183
1982	08	01	9.534920326099998	0.0	3.0882499193995336
1982	08	02	0.35333002368399996	0.0	3.805818602705068
1982	08	03	0.00238318661968	0.0	4.8728462243023225
1982	08	04	0.00243843278744	0.0	4.892606549140216
1982	08	05	0.00035579376896	0.0	4.050688479306252
1982	08	06	0.0041813413745400005	0.0	4.375513967437884
1982	08	07	0.0	0.008495635125825069	5.001414841404599
1982	08	08	0.00042079855598	0.016991270251650138	5.0876109467712185
1982	08	09	0.0	0.016991270251650138	5.538033113864791
1982	08	10	0.000412152082378	0.008495635125825069	5.485008624048336
1982	08	11	0.0008500420225799999	0.008495635125825069	5.439881768089852
1982	08	12	0.0494506024454	0.008495635125825069	5.618047425950394
1982	08	13	0.032661355737	0.008495635125825069	4.7638342747270235
1982	08	14	0.016451957044	0.008495635125825069	5.2231492327245
1982	08	15	0.00167253039906	0.008495635125825069	4.676556224518069
1982	08	16	0.0091253554103	0.0	4.2253610623361855
1982	08	17	0.000426725205897	0.0	5.125587769289101
1982	08	18	0.00058824128288	0.0	5.363521460440226
1982	08	19	0.00344362530908	0.0	5.201344045904493
1982	08	20	0.59045690898	0.0	3.8570287903962757
1982	08	21	0.0008243041067299999	0.0	4.635434620389867
1982	08	22	0.0	0.0	4.686931631450983
1982	08	23	0.07591310443100001	0.0	4.792471186842119
1982	08	24	0.0	0.0	4.55854703545419
1982	08	25	0.000827186287163	0.0	4.766247189905648
1982	08	26	0.018592255725000003	0.0	3.5918510164750566
1982	08	27	0.00083297357797	0.0	3.737469997616748
1982	08	28	7.14043739816	0.0	2.507938789395802
1982	08	29	0.003393099363	0.0	4.424199167931782
1982	08	30	0.0121831699072	0.0	3.970521736635656
1982	08	31	0.0008243041067299999	0.0	4.140625155460488
1982	09	01	0.0	0.0	4.38249946076374
1982	09	02	0.000412152082378	0.0	4.809449742735357
1982	09	03	0.000412152082378	0.0	4.645278891251694
1982	09	04	0.0	0.0	4.2946738154012944
1982	09	05	0.00090359209036	0.0	4.085821794311803
1982	09	06	0.000314449547648	0.0	3.466754385204421
1982	09	07	0.0008243041067299999	0.0	4.150576073134724
1982	09	08	0.00123933758619	0.0	4.1351355515498085
1982	09	09	0.000426562994214	0.0	4.015342845364899
1982	09	10	0.01064342533615	0.0	4.184927650875892
1982	09	11	0.00323342215897	0.0	4.297510445032751
1982	09	12	0.00084159720867	0.0	4.08958171315491
1982	09	13	0.00207516962163	0.0	3.9036354444977843
1982	09	14	0.00042079855598	0.0	3.834607330320031
1982	09	15	0.00242842929846	0.0	3.3933186811742018
1982	09	16	0.95222764607	0.0	3.3088179208209954
1982	09	17	2.1876546667	0.0	3.129553996809978
1982	09	18	17.7705756507	0.0	2.5117681668204295
1982	09	19	10.9510690336	0.0	2.3113069353640463
1982	09	20	6.24262721186	0.0	2.0920235314997266
1982	09	21	0.541198405476	0.0	1.8984456692783087
1982	09	22	0.72523302879	0.0	2.24316862198532
1982	09	23	0.0389457224046	0.0	1.8780335787859914
1982	09	24	22.8303770879	0.008495635125825069	1.4623958042954646
1982	09	25	17.2437817742	0.016991270251650138	1.689025890136817
1982	09	26	2.0370804848399997	0.016991270251650138	1.8357918853324497
1982	09	27	6.98156192003	0.025486905377475205	1.5205419790060066
1982	09	28	7.90193280855	0.025486905377475205	1.9318476758099858
1982	09	29	10.1133486387	0.016991270251650138	1.6025471443686807
1982	09	30	0.0561500116832	0.016991270251650138	1.7062036667064633
1982	10	01	0.00066137802696	0.016991270251650138	2.5331761777288757
1982	10	02	1.80514359972	0.016991270251650138	1.666220404878355
1982	10	03	0.098399185215	0.016991270251650138	2.031154075250125
1982	10	04	1.5404072279699998	0.016991270251650138	1.9045299405505447
1982	10	05	0.605676896676	0.016991270251650138	1.67550633175009
1982	10	06	2.1682126685599994	0.016991270251650138	1.4376499491645787
1982	10	07	0.6721561050139999	0.016991270251650138	1.3946704649571102
1982	10	08	1.54075238596	0.016991270251650138	1.419805837840971
1982	10	09	3.3946055245399998	0.016991270251650138	1.2991030949131885
1982	10	10	0.0115594938869	0.016991270251650138	1.8773120554386187
1982	10	11	0.00293148773637	0.016991270251650138	1.9508980147645325
1982	10	12	4.64318026967	0.025486905377475205	1.5040537387609898
1982	10	13	19.518484144800002	0.033982540503300275	1.6624497636157434
1982	10	14	1.71493367224	0.04247817562912534	1.4140296831459918
1982	10	15	0.00116268465993	0.025486905377475205	1.5524227900771674
1982	10	16	3.31866506085	0.033982540503300275	1.4174394287877872
1982	10	17	3.2665920449	0.033982540503300275	1.3507512931434797
1982	10	18	0.90263350084	0.033982540503300275	1.2417463581259551
1982	10	19	0.00083615717446	0.033982540503300275	1.7169405542931166
1982	10	20	0.0008243041067299999	0.025486905377475205	1.9682024388832549
1982	10	21	0.923611311806	0.033982540503300275	1.8311335008191907
1982	10	22	2.79034016834	0.033982540503300275	1.1728276792959702
1982	10	23	0.52018355458	0.025486905377475205	1.2264290309031725
1982	10	24	0.0004970769244100001	0.025486905377475205	1.6409267563674852
1982	10	25	0.148861234998	0.025486905377475205	1.4555927708011382
1982	10	26	0.035932787150299995	0.025486905377475205	1.5222900233933627
1982	10	27	0.00123357367019	0.025486905377475205	1.6249964001868527
1982	10	28	0.00042079855598	0.025486905377475205	1.6384990259648027
1982	10	29	0.0012451022758700001	0.025486905377475205	1.567986359164879
1982	10	30	0.00125086706226	0.025486905377475205	1.45630039798109
1982	10	31	0.00042079855598	0.025486905377475205	1.5096092349223642
1982	11	01	0.00084024191473	0.025486905377475205	1.5591587466218546
1982	11	02	0.00104334954885	0.025486905377475205	1.4963164883594824
1982	11	03	1.90354534775	0.025486905377475205	1.3652510375864697
1982	11	04	0.54659921411	0.033982540503300275	1.273716572955186
1982	11	05	7.853474425560001	0.04247817562912534	1.1302227118208354
1982	11	06	23.6493231705	0.05946944588077548	1.006334460223255
1982	11	07	27.3420533239	0.3143384996555275	0.710744758365224
1982	11	08	5.3246553116	0.8070853369533815	0.7753069444193296
1982	11	09	0.54497448611	0.49274683729785396	0.9175596603207286
1982	11	10	0.06533901678000001	0.3568166752846529	1.1187404327176425
1982	11	11	0.07580472636949999	0.29734722940387737	0.9200459288744139
1982	11	12	9.2451259098	0.2803559591522272	0.8941648774739595
1982	11	13	15.837107745399999	1.104432566357259	1.1644825386585682
1982	11	14	1.0410407910200001	0.8495635125825068	0.9189930053792876
1982	11	15	1.50941302691	0.6031900939335798	0.7977973200868849
1982	11	16	0.0375993509292	0.5097381075495041	0.9887158285916551
1982	11	17	0.00312793940145	0.41628612116542835	0.8971939327435513
1982	11	18	0.0176232398999	0.373807945536303	1.2465075891365702
1982	11	19	0.0043734437974999995	0.3483210401588278	1.0429390475205866
1982	11	20	0.000438994600506	0.28885159427805235	0.875716036548508
1982	11	21	0.017012707735700003	0.2718603240264022	0.8379922799913224
1982	11	22	0.0230954485598	0.2633646889005771	0.940472708871311
1982	11	23	7.9418281013000005	0.2803559591522272	0.9608260245669062
1982	11	24	0.103207973913	0.373807945536303	0.7506598587209877
1982	11	25	11.312200614299998	0.5182337426753292	0.6409633475708736
1982	11	26	0.321482008718	0.5522162831786295	0.6543416580185761
1982	11	27	4.3894331519300005	0.47575556704620386	0.7869972986916894
1982	11	28	0.005642756744899999	0.4332773914170785	0.8089274345364403
1982	11	29	0.011199248169799999	0.3992948509137782	0.8031630411796706
1982	11	30	0.000834134832966	0.373807945536303	0.767248386805963
1982	12	01	0.017844414702799998	0.3653123104104779	0.697988589086275
1982	12	02	0.603837549844	0.3483210401588278	0.6066295491546764
1982	12	03	0.0036765480559400004	0.33132976990717766	0.7245262753286321
1982	12	04	0.164184808775	0.33132976990717766	0.6999266957941088
1982	12	05	0.352216030865	0.3907992157879531	0.6284023534476576
1982	12	06	2.5566768163	0.3907992157879531	0.5227394439136872
1982	12	07	4.4492876479	0.4077904860396033	0.40927322449956954
1982	12	08	3.3413512926499997	0.8240766072050316	0.49235119502861174
1982	12	09	3.9780198179000004	0.8410678774566818	0.6426894114275951
1982	12	10	2.90848710036	0.9430154989665827	0.68694901270893
1982	12	11	0.5495719828	0.8240766072050316	0.5447616667116629
1982	12	12	10.297399373900001	1.6821357549133635	0.7607536837558198
1982	12	13	5.99623160148	2.1833782273370423	0.49203690623768437
1982	12	14	0.08108592504260001	1.7161182954166638	0.5963883322774008
1982	12	15	0.0704374954475	1.2233714581188098	0.7021703961962755
1982	12	16	0.251256283993	1.0874412961056088	0.696259336942988
1982	12	17	8.561958732999999	1.1723976473638593	0.7450616549880987
1982	12	18	0.438518613228	1.129919471734734	0.5249790690475562
1982	12	19	0.261068596645	0.993989309721533	0.6320957184178845
1982	12	20	16.2653773423	1.384788525509486	0.7877709038735251
1982	12	21	3.2081966127	1.7840833764232642	0.5312862299552675
1982	12	22	0.17618734180999998	1.3168234445028855	0.5343262671433767
1982	12	23	0.396956562312	1.1469107419863844	0.5647939215023866
1982	12	24	0.036672306277	1.0619543907281335	0.6812687610256377
1982	12	25	0.013324955246	0.9769980394698827	0.703723506934307
1982	12	26	0.032119402568	0.9175285935891073	0.7072801662695749
1982	12	27	0.000412152082378	0.8495635125825068	0.7545240955545149
1982	12	28	0.0038767750859999995	0.8410678774566818	0.7067973537186322
1982	12	29	0.0018530764605699998	0.8070853369533815	0.6627156349700815
1982	12	30	0.0009923993359999999	0.7900940667017313	0.6431600287558444
1982	12	31	0.00084490971959	0.7646071613242561	0.6235175486304102
1983	01	01	0.00131146477458	0.7900940667017313	0.6582733966671634
1983	01	02	0.0016557058570700002	0.7391202559467809	0.6883875890313151
1983	01	03	0.00124149170473	0.7221289856951307	0.6834025626410862
1983	01	04	0.00042079855598	0.6966420803176556	0.7816551816411541
1983	01	05	0.0016615086504899999	0.7136333505693058	0.7680335653194622
1983	01	06	3.0068496808400003	0.747615891072606	0.6668958630874234
1983	01	07	1.13556911013	0.8325722423308567	0.5962738976448527
1983	01	08	0.00170694532953	0.7391202559467809	0.7723456382238686
1983	01	09	0.00206364207976	0.6626595398143553	0.7501817715915379
1983	01	10	0.00209103296293	0.6711551749401804	0.7251056714568196
1983	01	11	0.0	0.7051377154434807	0.6685402761087142
1983	01	12	0.00345887918396	0.6796508100660055	0.717924738419814
1983	01	13	5.2518829708	0.8070853369533815	0.7465830403408101
1983	01	14	0.00165782951196	0.8410678774566818	0.741012299865777
1983	01	15	0.004503842726	0.747615891072606	0.897606442397496
1983	01	16	0.00072413275912	0.756111526198431	0.8808992039635657
1983	01	17	0.0008312385038599999	0.7136333505693058	0.8880597298194214
1983	01	18	0.00209459875734	0.628676999311055	0.9378514317676148
1983	01	19	0.025729008858999997	0.62018136418523	0.8928707497646194
1983	01	20	0.0	0.6031900939335798	0.8331037514579892
1983	01	21	0.00042079855598	0.5777031885561047	0.8373146865610138
1983	01	22	0.0020783926758	0.5861988236819297	0.8406529829224022
1983	01	23	0.00165443943962	0.5777031885561047	0.9062824190523631
1983	01	24	0.11298635102599999	0.5861988236819297	1.0016664439344296
1983	01	25	0.00167380948552	0.5522162831786295	1.0792669627046805
1983	01	26	0.00123118918843	0.5352250129269793	1.094228159699422
1983	01	27	0.00042079855598	0.5097381075495041	1.178010678357092
1983	01	28	0.0025114242731	0.501242472423679	1.412858798750241
1983	01	29	0.0027467980382	0.501242472423679	1.4445948157784674
1983	01	30	0.0795870651076	0.47575556704620386	1.0623963746309708
1983	01	31	0.0235455649457	0.47575556704620386	1.2213369106158836
1983	02	01	0.225442412109	0.4332773914170785	1.0238226847960405
1983	02	02	0.014465739636299999	0.4247817562912534	0.8820319850731941
1983	02	03	0.00041374636607	0.3992948509137782	1.1059676816976969
1983	02	04	0.0037172841454299996	0.4077904860396033	1.258286199828734
1983	02	05	0.10192586042999999	0.4077904860396033	1.190187386512871
1983	02	06	0.76302052709	0.3992948509137782	0.7699461690227001
1983	02	07	0.60740465951	0.38230358066212805	0.7902783813692229
1983	02	08	0.373063989314	0.38230358066212805	0.81553269152777
1983	02	09	0.226836244984	0.3483210401588278	0.8401766436482937
1983	02	10	0.142423550099	0.3483210401588278	0.8069295097834693
1983	02	11	3.82571868557	0.3568166752846529	0.7674103659112758
1983	02	12	0.06871175868799999	0.38230358066212805	0.6970660493571337
1983	02	13	0.238624400962	0.3653123104104779	0.8212987248198125
1983	02	14	0.236584139105	0.3568166752846529	0.8170584645168453
1983	02	15	1.74698858858	0.3653123104104779	0.7105606726890933
1983	02	16	0.026017372934399995	0.4077904860396033	0.8465780283894793
1983	02	17	3.60975432734	0.4077904860396033	0.902344262728524
1983	02	18	1.5525094206599999	0.45876429679455366	0.7973863328728787
1983	02	19	0.076858773495	0.4842512021720288	1.3077442119482032
1983	02	20	3.48847843998	0.5182337426753292	1.1696688119701701
1983	02	21	12.5011427162	0.9600067692182326	1.105878841250394
1983	02	22	24.520162872	5.182337426753292	0.9508763951193819
1983	02	23	7.53825224238	6.643586668395203	1.0174189086371772
1983	02	24	15.8427111228	2.8290464968997475	0.9160179318627417
1983	02	25	12.855789891399999	5.377737034647268	0.9928210523646642
1983	02	26	1.14698330788	3.9589659686344816	1.303161411974722
1983	02	27	0.022392429721299997	1.86054409255569	1.3191287242834808
1983	02	28	0.0352232007357	1.4442579713902615	1.721226387385406
1983	03	01	0.00223373833564	1.2913365391254104	2.0811517628007152
1983	03	02	0.00124596695998	1.1554063771122094	1.975645980408504
1983	03	03	0.000824304164756	1.0874412961056088	1.978938502729962
1983	03	04	0.45931503491799996	1.0619543907281335	1.7226270406493283
1983	03	05	0.00207517058873	1.0279718502248332	1.9464863604904126
1983	03	06	0.00207871239906	0.9854936745957079	1.9162958964226968
1983	03	07	0.00125508284458	0.9685024043440577	2.0105856452283892
1983	03	08	0.00215313354865	0.9600067692182326	1.9131156459301055
1983	03	09	1.2279798670799997	0.9430154989665827	1.8272990801251656
1983	03	10	0.0051663129957	0.9175285935891073	2.257565349485647
1983	03	11	1.6222052229400002e-07	0.9005373233374572	2.1243781132522552
1983	03	12	0.00398786712023	0.8495635125825068	2.2305517881123107
1983	03	13	1.5894250783100001	0.8495635125825068	1.6862085813443282
1983	03	14	3.3683435372	0.8410678774566818	1.422981469173069
1983	03	15	1.50643697008	0.8410678774566818	1.5112064160729939
1983	03	16	0.010020088284399998	0.7985897018275564	1.9895110904386968
1983	03	17	0.0016711689156799997	0.7391202559467809	2.661114778984918
1983	03	18	0.0	0.7136333505693058	2.434671915184345
1983	03	19	0.0020790275769499997	0.6796508100660055	2.6072723355961474
1983	03	20	0.34957405873	0.6966420803176556	2.3470454680912187
1983	03	21	0.49649337626999995	0.7391202559467809	2.658146039576138
1983	03	22	0.00124144344644	0.6966420803176556	2.6163434221734017
1983	03	23	0.00101012589216	0.628676999311055	2.6101840491529575
1983	03	24	4.1994605733000006	0.62018136418523	1.6862638786068047
1983	03	25	0.0504153814054	0.6116857290594049	1.602782771721009
1983	03	26	0.093756969821	0.5861988236819297	2.0057214356616644
1983	03	27	4.009973769	0.5777031885561047	1.687164371981206
1983	03	28	1.66841916025	0.6031900939335798	1.7610708027214756
1983	03	29	0.0014361089745299998	0.5946944588077547	2.18577495555123
1983	03	30	0.010328993563799998	0.5692075534302795	2.426617952773654
1983	03	31	4.0912440175	0.5607119183044544	1.845486907056764
1983	04	01	3.68993484756	0.6031900939335798	1.6080794672538896
1983	04	02	0.505632509954	0.5777031885561047	1.6151836060682925
1983	04	03	0.07731137629500001	0.5522162831786295	2.257076846621747
1983	04	04	0.9900856459599999	0.5437206480528044	1.9887096479745296
1983	04	05	0.89984254695	0.5267293778011543	1.977453067217013
1983	04	06	0.98517393848	0.5182337426753292	1.9496313353854955
1983	04	07	8.0202560429	0.5946944588077547	1.3839766102936197
1983	04	08	3.830770139	1.0194762150990082	1.945414737497252
1983	04	09	0.0285207799485	0.8750504179599821	2.8868182856967515
1983	04	10	16.6602181606	0.7900940667017313	2.306333666799957
1983	04	11	0.120109197262	1.0449631204764833	2.2091882967445455
1983	04	12	0.00042079855598	0.8240766072050316	2.977194917867745
1983	04	13	0.29444413638999994	0.6881464451918305	2.9273945793859832
1983	04	14	0.000412152082378	0.628676999311055	3.247983319960993
1983	04	15	0.00273093092521	0.5946944588077547	3.790803582216986
1983	04	16	1.10415044888	0.6031900939335798	3.0745317786939528
1983	04	17	16.594913765999998	0.6031900939335798	2.3530567606794413
1983	04	18	5.48370303024	0.756111526198431	2.1488113796674235
1983	04	19	8.414076570699999	0.8155809720792065	1.999266033826549
1983	04	20	3.4027510210000003	1.1978845527413347	1.9924521753965974
1983	04	21	31.9765077404	2.846037767151398	1.8517559165196051
1983	04	22	15.3578062157	5.573136642541245	1.8494814258993704
1983	04	23	7.9563181605999995	1.987978619443066	1.882766187004263
1983	04	24	18.355599585300002	7.875453761639838	1.602270341034453
1983	04	25	9.9327224046	14.782405118935616	1.9837537912754137
1983	04	26	9.397926742700001	13.677972552578362	1.9191285579670032
1983	04	27	3.4750059633	11.384151068605592	2.023954276071767
1983	04	28	2.8212436554200004	6.830490641163354	2.239347296974763
1983	04	29	13.6065341478	4.264808833164183	2.6388261154774395
1983	04	30	14.5595657441	17.75587741297439	1.8798060388945361
1983	05	01	3.9653853333700004	7.144829140818882	1.9243652264226392
1983	05	02	4.8327495676000005	4.247817562912534	2.4393795581550397
1983	05	03	3.2040864376999996	3.7975489012438053	2.405656031143426
1983	05	04	0.46894651921200003	2.9394897535354736	3.0838040361687784
1983	05	05	10.624822200550001	3.024446104793724	2.38807833141423
1983	05	06	0.0528281324655	3.6531231041047794	2.984027089814518
1983	05	07	1.26536959715	2.5232036323700453	3.1125225169484394
1983	05	08	0.137966234554	2.1833782273370423	2.015132076080916
1983	05	09	0.8085526202159999	1.987978619443066	2.8210977640623245
1983	05	10	1.01120469221	1.8945266330589903	2.164507316097133
1983	05	11	20.55251907	1.8775353628073401	1.891841380443353
1983	05	12	18.7039083871	4.5451647923164105	2.422306934365955
1983	05	13	4.99744814825	2.7780726861447973	2.352232348379615
1983	05	14	6.30874793557	3.534184212343228	2.3434476559481467
1983	05	15	19.372202533	3.3302889693234268	2.3751461323714462
1983	05	16	14.873435147799999	15.377099577743376	2.1573062519032935
1983	05	17	6.500315939069999	6.354735074117151	2.399565767308284
1983	05	18	2.0388798711	3.8740096173762306	2.5118417661905763
1983	05	19	0.7846737413539999	2.897011577906348	2.9106881070786477
1983	05	20	2.7189745712	2.5401949026216957	2.852507868552725
1983	05	21	3.27723488369	2.3193083893502435	2.6071647237165663
1983	05	22	0.043101161553000006	2.2003694975886927	3.26354229556225
1983	05	23	0.48630889452500004	1.9794829843172408	2.6116387967055816
1983	05	24	0.00147635986995	1.8265615520523897	3.857431323233771
1983	05	25	0.0	1.6991270251650137	4.266457243076683
1983	05	26	0.0008243041067299999	1.5801881334034626	4.1900311896658655
1983	05	27	0.00692597610675	1.486736147019387	4.166914064695146
1983	05	28	0.0290954810577	1.3932841606353112	3.9041628861456803
1983	05	29	0.37757663264999997	1.376292890383661	3.7483671859863863
1983	05	30	2.09792180965	1.3338147147545356	2.8751187898719652
1983	05	31	14.5333786103	2.4127603757343192	2.7534975545245444
1983	06	01	4.8149558947	2.2173607678403426	2.8218848811741877
1983	06	02	0.0023827255064	1.6736401197875383	4.2305174618817105
1983	06	03	0.0012451022758700001	1.4017797957611362	4.720629566850235
1983	06	04	0.01799879481	1.2828409039995852	5.309492342643063
1983	06	05	2.7482947221600003	1.512223052396862	4.471637473613008
1983	06	06	6.421327756439999	2.4467429162376195	3.7395601769755813
1983	06	07	0.90861472421	1.495231782145212	3.736556040603656
1983	06	08	0.127607055865	1.3083278093770605	3.873160477955185
1983	06	09	0.0035942226046300004	1.2063801878671596	5.641153712387923
1983	06	10	0.004456488674499999	1.104432566357259	5.814252151240272
1983	06	11	0.009929138332000001	1.0534587556023085	5.217358656303926
1983	06	12	0.03478982388369999	0.9769980394698827	4.648140474919392
1983	06	13	9.430530585000001e-06	0.866554782834157	5.259794201055025
1983	06	14	0.0012451022758700001	0.8495635125825068	5.704835844882733
1983	06	15	0.000426562994214	0.9090329584632822	5.505736934878294
1983	06	16	0.00082794601191	0.8920416882116321	5.556386766267965
1983	06	17	0.0077513045658	0.8580591477083319	5.592466272353531
1983	06	18	0.00124222002774	0.8495635125825068	5.485827245722196
1983	06	19	0.000827186287163	0.7646071613242561	4.868313645483644
1983	06	20	0.0008302963937239999	0.747615891072606	4.948014050279596
1983	06	21	0.196897527193	0.7306246208209558	4.920979932665627
1983	06	22	0.37433771804000004	0.7136333505693058	4.477926929830065
1983	06	23	0.307193289967	0.6966420803176556	5.024467771818711
1983	06	24	3.1680029696	0.6881464451918305	4.199365804571023
1983	06	25	2.59898705446	0.6711551749401804	3.8027416637614966
1983	06	26	0.34717129878	0.6541639046885303	4.219401731050259
1983	06	27	0.00325342797641	0.6371726344368801	4.780903029668702
1983	06	28	0.0	0.62018136418523	5.2658341212301565
1983	06	29	0.178792844604	0.5692075534302795	5.283477209295986
1983	06	30	0.000426562994214	0.5267293778011543	5.550538586491499
1983	07	01	0.0093090164042	0.501242472423679	5.831194766148891
1983	07	02	3.2410158281699997	0.4417730265429035	5.038011226868908
1983	07	03	10.3869837811	0.3907992157879531	3.618441688415592
1983	07	04	0.8367310516	0.4502686616687286	4.067844386106592
1983	07	05	7.045184237599999	0.3907992157879531	4.4219870344993195
1983	07	06	1.07892055066	0.3568166752846529	4.7611786618759275
1983	07	07	0.026932738887	0.33132976990717766	3.9520572056395036
1983	07	08	0.557948761225	0.33132976990717766	3.6212651766708785
1983	07	09	0.30163019228199994	0.3143384996555275	4.71596585294801
1983	07	10	2.58865939356	0.29734722940387737	3.684059940519205
1983	07	11	0.6777763679800001	0.2718603240264022	4.361913017321406
1983	07	12	0.00415253243264	0.25486905377475205	5.448668335468057
1983	07	13	0.0139444437233	0.25486905377475205	5.717243849858491
1983	07	14	0.16900095710399998	0.30584286452970244	4.9523512474228495
1983	07	15	0.273149735568	0.29734722940387737	4.471285539813563
1983	07	16	0.80477448933	0.29734722940387737	3.839181861523105
1983	07	17	1.64086522402	0.28885159427805235	3.628327590508313
1983	07	18	6.1967338682	0.3143384996555275	3.7010490118358828
1983	07	19	3.08557761686	0.3143384996555275	4.093944784463348
1983	07	20	0.34875069880299997	0.25486905377475205	4.457252195983403
1983	07	21	1.91157015013	0.22938214839727683	3.6992821642730886
1983	07	22	0.6925874464539999	0.20389524301980164	3.6568734440915476
1983	07	23	0.153124472915	0.20389524301980164	4.428059317191887
1983	07	24	0.829381923306	0.19539960789397656	4.252675935686473
1983	07	25	9.590574029799999	0.19539960789397656	2.94424762320787
1983	07	26	4.24087798474	0.1869039727681515	4.0958230646232066
1983	07	27	0.16253176408699999	0.1869039727681515	3.6459027909427144
1983	07	28	0.329981792592	0.16991270251650137	4.695966349030943
1983	07	29	0.6231272490759999	0.1614170673906763	5.331911051067949
1983	07	30	0.198709611476	0.15292143226485122	4.107811464325417
1983	07	31	1.39251210653	0.10194762150990082	3.4860496829782344
1983	08	01	0.008338663079799998	0.1359301620132011	4.044214595522775
1983	08	02	0.0020770880579	0.14442579713902617	4.660406390089297
1983	08	03	0.00125086706226	0.11893889176155097	5.126788948230386
1983	08	04	0.00441747518353	0.11044325663572588	4.9140655455446876
1983	08	05	0.0340858408465	0.10194762150990082	4.675591411229501
1983	08	06	0.76045500421	0.10194762150990082	5.466588190608129
1983	08	07	17.149381209	0.14442579713902617	3.5959877193035834
1983	08	08	1.2110733150100002	0.25486905377475205	3.4502715806389967
1983	08	09	2.0748385832999996	0.22088651327145176	3.8781382027792093
1983	08	10	1.56305448564	0.373807945536303	3.246855249292689
1983	08	11	1.37288606926	0.3228341347813526	2.911192945921207
1983	08	12	4.330048569850001	0.28885159427805235	3.46134580752811
1983	08	13	4.018171585569999	0.28885159427805235	3.788905099098994
1983	08	14	0.4948449253069999	0.23787778352310193	3.4686343877985335
1983	08	15	0.210648286898	0.2123908781456267	3.5363379271497006
1983	08	16	0.1736176604	0.19539960789397656	3.0166382487389347
1983	08	17	4.65032994326e-05	0.1869039727681515	4.292599739457459
1983	08	18	3.9648521711399995	0.17840833764232644	2.704976666309935
1983	08	19	1.44736717905	0.1869039727681515	2.8910021023241717
1983	08	20	0.25643137148699996	0.17840833764232644	3.3494171046012524
1983	08	21	0.396764341516	0.1614170673906763	3.145980214476152
1983	08	22	0.0111547770434	0.15292143226485122	3.440139652231807
1983	08	23	0.00274905853774	0.1359301620132011	3.782454566416158
1983	08	24	0.15438200271599997	0.11893889176155097	3.844212538763041
1983	08	25	0.18085901507	0.11893889176155097	3.2167766544539376
1983	08	26	0.031932816096599995	0.11893889176155097	3.9380118509939637
1983	08	27	0.036020355154	0.10194762150990082	4.099798986515925
1983	08	28	0.08407082987049999	0.08495635125825068	3.8243279171590543
1983	08	29	0.09684970243049999	0.08495635125825068	3.648610803537668
1983	08	30	7.65913829173	0.08495635125825068	3.6489675444777117
1983	08	31	0.17723355059	0.07646071613242561	3.7513021742586714
1983	09	01	0.37740841527600005	0.08495635125825068	2.9815904989938145
1983	09	02	0.44244370463	0.06796508100660055	2.916021376282387
1983	09	03	0.0014998480210700002	0.06796508100660055	3.790537869881118
1983	09	04	0.00042079855598	0.08495635125825068	4.306306093293546
1983	09	05	0.0016545688376	0.06796508100660055	4.205506138213572
1983	09	06	0.00125499754636	0.04247817562912534	4.418489981617713
1983	09	07	0.0078981325891	0.04247817562912534	4.35718624778212
1983	09	08	0.00186394666457	0.04247817562912534	4.04161714662066
1983	09	09	0.5111142841999999	0.033982540503300275	2.6788268059084053
1983	09	10	1.5444829742100001	0.04247817562912534	2.6372132411904556
1983	09	11	0.00125573998903	0.025486905377475205	2.9270056743801933
1983	09	12	0.0012441743434200001	0.025486905377475205	3.5880371834927267
1983	09	13	0.00042079855598	0.04247817562912534	3.6155170008639868
1983	09	14	0.00251599894623	0.033982540503300275	3.6559702466265547
1983	09	15	0.74063680417	0.025486905377475205	2.377398428251309
1983	09	16	0.18768396549299998	0.09345198638407574	2.17484184413602
1983	09	17	0.38506125165399996	0.05097381075495041	2.884969437263359
1983	09	18	0.016779506077200003	0.04247817562912534	3.4655490411975562
1983	09	19	0.0174107332143	0.033982540503300275	3.4444345425977456
1983	09	20	0.030439699768500004	0.033982540503300275	3.4149189681118934
1983	09	21	0.0024190110984	0.025486905377475205	3.4484162951259556
1983	09	22	0.0023138892626	0.016991270251650138	4.17904270194144
1983	09	23	0.0371396737927	0.025486905377475205	3.67159759298011
1983	09	24	0.00125663088155	0.025486905377475205	3.969102720841902
1983	09	25	0.00324320408534	0.025486905377475205	3.7237143655571687
1983	09	26	0.0	0.016991270251650138	3.751700353256105
1983	09	27	0.00248444092587	0.016991270251650138	3.6497694592898515
1983	09	28	1.2698912732	0.016991270251650138	3.307975614137883
1983	09	29	6.83158115073	0.025486905377475205	2.6926182397248133
1983	09	30	0.064969536225	0.025486905377475205	2.5470209448106726
1983	10	01	0.00164860782662	0.05097381075495041	2.9506854356541155
1983	10	02	0.00165437261301	0.05097381075495041	3.0566378705943373
1983	10	03	0.000824304164756	0.016991270251650138	2.8110485501843967
1983	10	04	0.023500783380199997	0.008495635125825069	2.553455092641651
1983	10	05	0.96101848836	0.016991270251650138	2.3989025948070792
1983	10	06	0.0065432216207	0.016991270251650138	2.6615313911553606
1983	10	07	0.011541799825299999	0.016991270251650138	2.1479367796381514
1983	10	08	0.0	0.016991270251650138	2.6838430784659884
1983	10	09	0.00314514207954	0.016991270251650138	2.442788927169554
1983	10	10	0.0389326926663	0.016991270251650138	2.232744929052565
1983	10	11	0.0	0.016991270251650138	2.47831426354539
1983	10	12	0.0	0.016991270251650138	2.35769313650404
1983	10	13	8.1822820427	0.016991270251650138	1.4600876410632857
1983	10	14	2.86790390938	0.016991270251650138	1.2691482291424832
1983	10	15	1.8192036863599998	0.016991270251650138	1.541475430502789
1983	10	16	6.1109443614	0.025486905377475205	0.9519676096052386
1983	10	17	0.028207571074099998	0.025486905377475205	1.4581620915994686
1983	10	18	0.0020709846897999998	0.025486905377475205	1.8831571061484544
1983	10	19	0.00082922239049	0.025486905377475205	2.1719017070846234
1983	10	20	0.0008358328381330001	0.025486905377475205	2.0481832310593147
1983	10	21	0.0012451022758700001	0.025486905377475205	2.1596391675170215
1983	10	22	0.00254291072806	0.025486905377475205	1.9760160605885007
1983	10	23	0.35783638086999997	0.025486905377475205	1.4994026174305797
1983	10	24	1.83423744928	0.025486905377475205	1.589137057941574
1983	10	25	0.0012422199310300002	0.016991270251650138	1.7398008310107775
1983	10	26	0.28183397442499997	0.016991270251650138	1.6534376426906188
1983	10	27	7.229048902759999	0.025486905377475205	1.3865051519351015
1983	10	28	1.11075351755	0.025486905377475205	1.3854846490975425
1983	10	29	0.020799922592	0.033982540503300275	1.596017978356112
1983	10	30	0.0	0.025486905377475205	1.277009792195994
1983	10	31	0.0011805409042	0.025486905377475205	1.3965943815740032
1983	11	01	0.0008358328381330001	0.025486905377475205	1.4550128163522855
1983	11	02	1.60382548744	0.033982540503300275	1.375360635477141
1983	11	03	1.6842224446399998	0.04247817562912534	1.088053978509567
1983	11	04	3.93680269287	0.05097381075495041	0.9535247131713772
1983	11	05	0.0139527694872	0.07646071613242561	1.271225740423859
1983	11	06	0.043184158075	0.06796508100660055	1.362280680676145
1983	11	07	2.9066932265700003	0.07646071613242561	1.1696338309114875
1983	11	08	24.209824350399998	0.14442579713902617	1.0500022541617378
1983	11	09	20.024037604000004	0.6626595398143553	0.7894951160414149
1983	11	10	3.9543249975099997	0.8240766072050316	0.815746917056064
1983	11	11	4.87323101966	0.6966420803176556	0.8745934797849017
1983	11	12	0.573363097337	0.5437206480528044	1.0701565761905087
1983	11	13	0.91822711795	0.4842512021720288	1.2346894888058175
1983	11	14	13.9024619123	0.45876429679455366	0.8435771829393525
1983	11	15	6.9668771835	0.747615891072606	0.6218579308612289
1983	11	16	1.0771327696000002	1.5801881334034626	0.8727305913983158
1983	11	17	0.46071377099000005	1.138415106860559	0.9199296624952038
1983	11	18	1.7609467428799999	0.8580591477083319	0.9597547384998579
1983	11	19	20.122166339699998	0.7051377154434807	0.6804575057080341
1983	11	20	46.884282675	3.1433849965552754	0.5143600846946967
1983	11	21	4.7547088528399994	5.479684656157169	0.6626371416151633
1983	11	22	2.55534782748	2.0134655248205413	0.8467414831109664
1983	11	23	0.889780693485	1.4272667011386115	0.7858530035735667
1983	11	24	0.825514587116	1.24036272837046	0.8243427625047731
1983	11	25	0.202682738735	1.129919471734734	0.8729226870789346
1983	11	26	0.65340244997	1.0449631204764833	0.8409807676405907
1983	11	27	2.8062876473399996	1.0279718502248332	0.9052112966379531
1983	11	28	0.0342268817434	0.9769980394698827	0.756082428242027
1983	11	29	0.0016601364323	0.9090329584632822	1.106803825513507
1983	11	30	0.00516017258767	0.8495635125825068	1.1500125770569032
1983	12	01	0.074303598585	0.8070853369533815	0.9876777139047294
1983	12	02	0.00124743414739	0.7731027964500812	0.9598142516945221
1983	12	03	0.000827186287163	0.756111526198431	1.0092855738145836
1983	12	04	0.00084159720867	0.7221289856951307	0.8875268702586881
1983	12	05	0.0	0.6966420803176556	0.8910620830215953
1983	12	06	0.00083292793085	0.6371726344368801	0.790342228942953
1983	12	07	0.0008358329058299999	0.5946944588077547	0.9049086795828106
1983	12	08	0.00193663167624	0.5777031885561047	0.9003988367114263
1983	12	09	2.22964924342	0.5692075534302795	0.7286595079909621
1983	12	10	0.275106633405	0.5946944588077547	0.728555052125716
1983	12	11	2.4360618450800002	0.5861988236819297	0.6049627953157958
1983	12	12	0.177454997148	0.6116857290594049	0.7009641362741915
1983	12	13	0.0038820818538300005	0.6031900939335798	0.6475314953971562
1983	12	14	9.105913799000001	0.6796508100660055	0.5199724525023267
1983	12	15	20.8328378405	1.1639020122380346	0.5018280652243832
1983	12	16	2.426753701	2.106917511204617	0.43128739195400273
1983	12	17	7.676592222399999	2.0644393355754915	0.43010453733758947
1983	12	18	37.029363465399996	16.736401197875384	0.7321654241662466
1983	12	19	10.181791272799998	11.639020122380343	0.4499068271894609
1983	12	20	33.854880925799996	13.84788525509486	0.6314428040289245
1983	12	21	6.63442166516	5.428710845402218	0.5578936228364035
1983	12	22	18.286750769199998	6.227300547229775	0.6006835538448875
1983	12	23	0.7774014008	7.136333505693057	0.9045778459845429
1983	12	24	0.0017319367408899999	3.13488936142945	0.9856334904580578
1983	12	25	0.000827186287163	2.370282200105194	0.9446824036956156
1983	12	26	0.0008243041067299999	1.9794829843172408	1.032058337530707
1983	12	27	0.0008243041067299999	1.8350571871782146	0.8200512757268622
1983	12	28	0.00124510246929	1.8350571871782146	0.8138568611937244
1983	12	29	0.00207080442236	1.7416052007941387	0.816230392915267
1983	12	30	0.00177596290458	1.631161944158413	0.7587177218159289
1983	12	31	0.00046730184960999997	1.5547012280259875	0.7992217396063086
1984	01	01	0.00342165221682	1.5631968631518125	0.975859161356966
1984	01	02	0.110012682933	1.4442579713902615	0.6238867923379033
1984	01	03	2.5222925429000003	1.25735399862211	0.6377767821754512
1984	01	04	0.12130828521000002	1.231867093244635	0.675557664431013
1984	01	05	0.15255729777799998	1.2063801878671596	0.7300599668855625
1984	01	06	0.60440094362	1.2063801878671596	0.6835321742303383
1984	01	07	8.9133458141	1.231867093244635	0.47886093278054354
1984	01	08	10.906976043299998	1.5292143226485122	0.8565274448217851
1984	01	09	0.00208740575767	1.5631968631518125	0.7384007285998753
1984	01	10	0.0020809351817000004	1.3168234445028855	0.6972652827570756
1984	01	11	0.060902526766400004	1.1893889176155095	0.8072720095139045
1984	01	12	0.256237845106	1.1469107419863844	0.7289079122272096
1984	01	13	0.18537957895499999	1.138415106860559	0.853799322323154
1984	01	14	2.8767791795	1.0449631204764833	0.61670145531642
1984	01	15	0.133778440108	1.104432566357259	0.7023930777695363
1984	01	16	0.0149060003061	1.0449631204764833	0.938946884346517
1984	01	17	1.36124789115	1.010980579973183	0.7225375282787017
1984	01	18	2.9991390892500003	1.0364674853506584	0.5657827136154686
1984	01	19	1.2197349527399999	1.8180659169265645	0.7184955346853608
1984	01	20	11.765632218999999	2.021961159946366	0.5320485103367225
1984	01	21	2.87686089945	2.0984218760787923	0.6480885560135483
1984	01	22	1.56148565602	1.631161944158413	0.7561194449786565
1984	01	23	3.87724906171	1.4442579713902615	0.8286959159592833
1984	01	24	0.6020829983399999	1.248858363496285	0.6697382060117126
1984	01	25	3.2010342701	1.2743452688737602	0.6630673772436511
1984	01	26	11.6516730234	1.6056750387809378	0.657907731534119
1984	01	27	1.00210756935	1.7925790115490894	0.7266717876518586
1984	01	28	0.00497859917583	1.5207186875226872	0.8524796521182683
1984	01	29	4.84050928787	1.8860309979331653	0.8870010397197737
1984	01	30	5.48591585175	1.8010746466749143	0.9055011614029699
1984	01	31	0.299688971136	1.6736401197875383	0.6540268868785442
1984	02	01	4.17076603933	1.5886837685292878	1.0655339786973586
1984	02	02	0.679964683176	1.486736147019387	0.8801656494729841
1984	02	03	0.331872192633	1.2658496337479352	1.0031526142300906
1984	02	04	0.035391769167	1.3083278093770605	1.0696054553661278
1984	02	05	0.056660000263	1.2743452688737602	1.0397605482820622
1984	02	06	0.00125589424148	1.24036272837046	1.1810854230847807
1984	02	07	0.0335473808427	1.2148758229929848	1.1861068961499608
1984	02	08	0.273445252315	1.1469107419863844	0.9865641566304568
1984	02	09	0.051208505918000004	0.9854936745957079	1.1401654624731352
1984	02	10	0.0008358328381330001	0.9090329584632822	1.2660364983564196
1984	02	11	0.0	0.8920416882116321	1.379482045263424
1984	02	12	0.00164860782662	0.883546053085807	1.327399367600212
1984	02	13	0.0024788264268200003	0.9685024043440577	1.2718990503379985
1984	02	14	0.0	0.9600067692182326	1.2460068893812304
1984	02	15	0.00082966609597	0.9005373233374572	1.2801967299785924
1984	02	16	0.0012813519884599998	0.866554782834157	1.4341204618768937
1984	02	17	0.00207517058873	0.8070853369533815	1.4089939045285536
1984	02	18	3.02823023093	0.8240766072050316	1.0809792112531178
1984	02	19	2.12247870298	0.9175285935891073	1.2303362038540928
1984	02	20	3.36103110068	0.866554782834157	1.2059693414342498
1984	02	21	0.6413573548639999	0.9090329584632822	1.0705570166140594
1984	02	22	5.1807135982500006	0.8580591477083319	1.1256091758478304
1984	02	23	7.4215698866	0.9854936745957079	1.1005978210206506
1984	02	24	0.0037577376483	0.9005373233374572	1.187513775279078
1984	02	25	0.49750534971	0.8325722423308567	1.1408806718458995
1984	02	26	0.0037528516656800005	0.7985897018275564	1.1437778919368637
1984	02	27	0.0043000322036	0.7815984315759062	1.1689133547866257
1984	02	28	0.9544851476	0.7731027964500812	1.2560815525521234
1984	02	29	2.22120017427	0.7815984315759062	1.2304088284645551
1984	03	01	0.00219747518036	0.7985897018275564	1.5064531100980734
1984	03	02	0.00165437261301	0.7731027964500812	1.7215703767187733
1984	03	03	0.0012422199310300002	0.747615891072606	1.7901592657680445
1984	03	04	0.00082718635486	0.7306246208209558	1.7107937097266939
1984	03	05	0.0	0.7306246208209558	1.8081116357664089
1984	03	06	0.00124798491084	0.756111526198431	2.0508719991122093
1984	03	07	0.0012393376828999999	0.7221289856951307	2.134984198900796
1984	03	08	0.000426562994214	0.6881464451918305	1.9713224346687468
1984	03	09	0.00083583280912	0.6371726344368801	1.8216661867663242
1984	03	10	0.0029053898659	0.5777031885561047	1.6333273850932541
1984	03	11	0.000430151834617	0.5437206480528044	1.7319000191225635
1984	03	12	2.5559676418699997	0.5607119183044544	1.5936027624232405
1984	03	13	3.24193921525	0.5777031885561047	1.2513664070355506
1984	03	14	3.0814457788199996	0.628676999311055	1.4690903301153089
1984	03	15	2.2023327302399998	0.6116857290594049	1.552951728245367
1984	03	16	3.06343798998	0.7815984315759062	1.369373612463965
1984	03	17	0.0449792842595	0.993989309721533	2.000305945811141
1984	03	18	1.7458426717899997	0.8750504179599821	1.6500155341978398
1984	03	19	1.389258492	0.9175285935891073	2.040797831232929
1984	03	20	1.9232258327499998	0.7900940667017313	1.6908758278730043
1984	03	21	4.8810784559	0.747615891072606	1.7688829909606774
1984	03	22	2.0228579254	0.8580591477083319	1.724965102854943
1984	03	23	16.436036643799998	0.8325722423308567	1.6743710784770443
1984	03	24	7.3235717094	1.8180659169265645	1.1504328100988492
1984	03	25	7.144408310759999	1.639657579284238	1.3644945575298084
1984	03	26	3.1605060104	1.7161182954166638	1.563963328736112
1984	03	27	21.9586379834	1.86054409255569	1.5287033657392164
1984	03	28	22.789675717299996	4.723573129958737	1.4579183077482671
1984	03	29	11.996652099899999	2.021961159946366	1.5322133811933007
1984	03	30	4.14806665497	1.8860309979331653	1.657747271819413
1984	03	31	23.5743448746	6.643586668395203	1.2756802167808805
1984	04	01	4.11421196553	3.1943588073102256	1.9003119224856333
1984	04	02	2.63172745128	2.3957691054826693	1.7693872421744588
1984	04	03	2.8539916923299997	2.2003694975886927	1.3428055174465037
1984	04	04	0.477802263583	1.8350571871782146	1.8168558864877133
1984	04	05	0.14078757472599998	1.5886837685292878	2.168926175409799
1984	04	06	0.6589974136	1.5631968631518125	3.083542996646699
1984	04	07	0.00123933758619	1.631161944158413	3.1472512902808636
1984	04	08	0.000412152082378	1.5377099577743374	3.3897738108008078
1984	04	09	10.888463815099998	1.4697448767677368	3.2895018730678527
1984	04	10	8.540652552900001	1.5377099577743374	2.801864792570067
1984	04	11	1.82641612474	1.614170673906763	3.2871238963381533
1984	04	12	2.01877492591	1.4612492416419116	2.9756047688977785
1984	04	13	0.74947232648	1.2998321742512353	2.9114458828590215
1984	04	14	11.075045451	1.4442579713902615	2.0828017604573428
1984	04	15	0.27199412843599996	1.512223052396862	2.7474006962983846
1984	04	16	0.0293610863688	1.3168234445028855	3.1168680283327816
1984	04	17	0.00166187189325	1.2233714581188098	3.20256743187859
1984	04	18	0.0024857903205	1.138415106860559	3.4005797779367244
1984	04	19	0.00165437261301	1.112928201483084	3.9099026466760645
1984	04	20	0.0012451022758700001	1.0449631204764833	3.7825287488850954
1984	04	21	0.0246011632996	0.993989309721533	3.4215903258701497
1984	04	22	1.0499063901399999	0.9769980394698827	3.0821124203688535
1984	04	23	9.488953096	0.9685024043440577	3.0984794766353776
1984	04	24	2.9759520930699996	0.9685024043440577	3.3478063014918695
1984	04	25	5.61403725975	1.0449631204764833	3.309518940426689
1984	04	26	2.79398806954	0.9854936745957079	3.5804582055394074
1984	04	27	0.521780845953	0.9515111340924077	3.552380017100928
1984	04	28	7.7948946641	0.9769980394698827	2.9318711170073515
1984	04	29	10.3205295046	0.9685024043440577	3.3436345531295295
1984	04	30	0.9487678941750001	0.9685024043440577	3.5211628343522468
1984	05	01	16.522071794000002	1.1554063771122094	1.6669764256270776
1984	05	02	8.7034667392	1.6821357549133635	2.203486854005741
1984	05	03	0.884127317015	1.3338147147545356	2.8176323662535445
1984	05	04	5.7456020273	1.1808932824896843	1.9516975030527708
1984	05	05	1.08102379974	1.138415106860559	2.095105491148422
1984	05	06	0.41563453210999995	1.0789456609797836	2.9173133129114888
1984	05	07	0.062664782189	0.9854936745957079	3.1992958157264924
1984	05	08	0.30256465265699994	0.883546053085807	3.797598004657414
1984	05	09	0.0	0.8410678774566818	3.9151655093092703
1984	05	10	0.00124798462071	0.7900940667017313	3.942519854237971
1984	05	11	0.00126194519276	0.7731027964500812	3.4435848024816
1984	05	12	0.00124798462071	0.6881464451918305	3.244223267158796
1984	05	13	4.5799264172	0.6626595398143553	2.9175642305631366
1984	05	14	1.9852561103000002	0.6541639046885303	3.1153338543913573
1984	05	15	0.37229810414	0.6456682695627052	2.6969081914885558
1984	05	16	1.35030902305	0.62018136418523	2.681812508922474
1984	05	17	16.6770921214	0.6966420803176556	1.974353309555604
1984	05	18	5.6947712513	0.7985897018275564	2.4128416792770815
1984	05	19	3.9970975094699996	0.7900940667017313	2.4799303757114632
1984	05	20	7.0447074573	0.7900940667017313	2.5420768172364983
1984	05	21	7.123958401	0.8070853369533815	2.1524435598861618
1984	05	22	2.01864349702	0.7985897018275564	2.9144302468189163
1984	05	23	4.65620207775	0.7731027964500812	2.4941503753450323
1984	05	24	1.1774024712799998	0.6796508100660055	2.724552398697732
1984	05	25	0.032263461784	0.6541639046885303	3.640888722270239
1984	05	26	3.1402478765699997	0.5946944588077547	2.6686789152393886
1984	05	27	0.0020305372796600002	0.5861988236819297	3.6349515934166625
1984	05	28	2.0075083076199998	0.5522162831786295	3.1178884593858487
1984	05	29	0.656976696834	0.5267293778011543	3.799232868858025
1984	05	30	0.0141540200959	0.5437206480528044	4.052215295648138
1984	05	31	1.32635801787	0.4842512021720288	3.095598777830549
1984	06	01	7.970122546	0.47575556704620386	2.4966672661462286
1984	06	02	16.5811770776	0.6711551749401804	2.3122309412776834
1984	06	03	14.040798797599999	1.0449631204764833	2.4946225815969054
1984	06	04	4.66046998676	1.231867093244635	2.8050377528565997
1984	06	05	0.233136601683	0.9175285935891073	2.927307025150395
1984	06	06	1.28112675087	0.7900940667017313	3.0041764721751023
1984	06	07	0.14663586053000002	0.7306246208209558	2.9242929765252597
1984	06	08	0.0359298104165	0.6711551749401804	4.29959466956122
1984	06	09	0.09617064833000001	0.62018136418523	4.645797647606847
1984	06	10	0.0464264633376	0.5777031885561047	5.152420535930654
1984	06	11	0.00042079855598	0.5267293778011543	4.971800320975572
1984	06	12	0.00042079855598	0.47575556704620386	4.960891380932628
1984	06	13	0.00042079855598	0.4417730265429035	5.122429352224898
1984	06	14	0.00208841773111	0.41628612116542835	5.218843691773276
1984	06	15	0.0114285620863	0.4077904860396033	5.35678411846882
1984	06	16	1.91490625829	0.3907992157879531	4.9344982867373
1984	06	17	0.32153599224	0.3483210401588278	5.108863246323318
1984	06	18	2.07311772556	0.30584286452970244	4.545007133126644
1984	06	19	5.14916950413	0.29734722940387737	3.902112020358789
1984	06	20	11.5814006361	0.4332773914170785	3.6424456993055543
1984	06	21	0.92290033857	0.501242472423679	3.5893566776380657
1984	06	22	0.0404610694604	0.4672599319203788	4.834252833368273
1984	06	23	0.0322714142473	0.4332773914170785	5.226050701832999
1984	06	24	0.0146078578826	0.3992948509137782	5.188155545774196
1984	06	25	0.0	0.3483210401588278	5.589830659762689
1984	06	26	4.34511705166	0.33132976990717766	4.380968651518919
1984	06	27	12.1306766863	0.3483210401588278	3.5181736753722874
1984	06	28	3.34022955336	0.3653123104104779	4.241470729914787
1984	06	29	2.5250893961	0.33982540503300274	4.305962324974694
1984	06	30	3.08159877404	0.3143384996555275	4.5389386682532376
1984	07	01	1.26008052725	0.28885159427805235	3.257142115988215
1984	07	02	0.005028359081999999	0.3568166752846529	4.694706940721179
1984	07	03	0.0085262321248	0.33132976990717766	5.595205763399601
1984	07	04	0.0042012381031	0.33132976990717766	5.356621465916998
1984	07	05	0.0005023547759499999	0.30584286452970244	5.5253680056894545
1984	07	06	0.015354436839299998	0.2803559591522272	5.292750043223814
1984	07	07	0.0722107506655	0.2633646889005771	4.527253320868556
1984	07	08	0.0028518823505199998	0.22088651327145176	4.741183089255399
1984	07	09	0.572870156796	0.19539960789397656	4.01749573808935
1984	07	10	2.59945803216	0.17840833764232644	3.693363197661208
1984	07	11	1.9628424072799997	0.20389524301980164	3.3846072983162685
1984	07	12	0.0049179752551	0.1869039727681515	4.838792452648515
1984	07	13	0.00398282408057	0.1614170673906763	5.344043095247973
1984	07	14	0.00086112682607	0.15292143226485122	5.618800365051766
1984	07	15	0.0020717006339299997	0.12743452688737603	5.532640016765818
1984	07	16	0.0024902055188399997	0.10194762150990082	5.469084627555346
1984	07	17	0.0	0.10194762150990082	5.790996658039415
1984	07	18	0.00136216035	0.06796508100660055	5.412094199209944
1984	07	19	0.009813047648	0.05946944588077548	5.090783803935322
1984	07	20	0.008650341034899998	0.06796508100660055	4.664243076689917
1984	07	21	0.004968727696	0.05097381075495041	5.489013314980681
1984	07	22	0.0012591069476799999	0.04247817562912534	5.717276163092006
1984	07	23	0.0012466247814	0.05097381075495041	5.162711336445431
1984	07	24	0.00251479103833	0.04247817562912534	4.915673061497236
1984	07	25	0.00217116638538	0.04247817562912534	4.512444918106785
1984	07	26	0.0006816061806899999	0.04247817562912534	5.592852618820448
1984	07	27	0.00083214477327	0.04247817562912534	5.536465388375362
1984	07	28	0.000426562994214	0.033982540503300275	6.164701068398939
1984	07	29	2.17774982192	0.033982540503300275	5.605513986088331
1984	07	30	7.1827716204	0.033982540503300275	3.8964020108017943
1984	07	31	0.445850749575	0.04247817562912534	3.699411669922281
1984	08	01	0.00208161166815	0.04247817562912534	5.055460453599653
1984	08	02	0.00234586371622	0.05946944588077548	5.321696621545688
1984	08	03	0.01192544597755	0.04247817562912534	3.6450738732185592
1984	08	04	0.0027938813017	0.016991270251650138	4.008628939599043
1984	08	05	0.00082744070216	0.025486905377475205	5.001366985527971
1984	08	06	0.00042079855598	0.025486905377475205	4.935300885090987
1984	08	07	0.0	0.016991270251650138	5.01768312886571
1984	08	08	0.0	0.025486905377475205	4.9540858239315035
1984	08	09	0.00083006850628	0.025486905377475205	4.673900473425506
1984	08	10	0.0	0.016991270251650138	4.866119925906665
1984	08	11	0.00044027901568699995	0.016991270251650138	4.642630838502672
1984	08	12	0.0	0.016991270251650138	4.866120231870622
1984	08	13	1.6862643795799998e-05	0.008495635125825069	4.833724368046008
1984	08	14	0.0121309494085	0.008495635125825069	4.835140968574681
1984	08	15	0.00154690236828	0.008495635125825069	4.762585596560925
1984	08	16	0.0122609527931	0.008495635125825069	4.449551358458125
1984	08	17	0.0008243041067299999	0.008495635125825069	4.988382672436887
1984	08	18	0.0023657994189099996	0.016991270251650138	5.119284898507809
1984	08	19	0.000426562994214	0.016991270251650138	4.754534200387136
1984	08	20	0.09380428035300001	0.008495635125825069	4.242635639647221
1984	08	21	2.9377862652499998	0.008495635125825069	2.6947327604668776
1984	08	22	18.8777600857	0.008495635125825069	2.6939354912568
1984	08	23	2.15659779756	0.008495635125825069	2.5107152692462855
1984	08	24	0.9744161115	0.008495635125825069	3.079829718542373
1984	08	25	0.0034402662806499998	0.016991270251650138	3.7368542776671236
1984	08	26	0.0163167206813	0.008495635125825069	4.206464905943834
1984	08	27	0.00276778575227	0.008495635125825069	3.8785904168960403
1984	08	28	0.00083006850628	0.008495635125825069	3.9503226857891858
1984	08	29	0.0	0.008495635125825069	4.16155799036465
1984	08	30	0.000412152082378	0.008495635125825069	4.259578217249653
1984	08	31	0.000824304164756	0.008495635125825069	4.4472093522646485
1984	09	01	0.00116583788948	0.0	4.36317015296819
1984	09	02	0.03785268084	0.016991270251650138	3.3836544555224823
1984	09	03	0.0031127378466800004	0.008495635125825069	4.0034897080835785
1984	09	04	0.094827781625	0.008495635125825069	3.5810440025300756
1984	09	05	0.0018869327940800001	0.008495635125825069	3.4027421066977435
1984	09	06	0.00042079855598	0.0	3.5967996547260888
1984	09	07	0.0012422199310300002	0.0	3.8381430833842565
1984	09	08	0.000823773787774	0.0	3.7870700205094505
1984	09	09	0.013723630615799998	0.0	3.9505642445521825
1984	09	10	0.0287304414259	0.0	3.236324713420994
1984	09	11	0.00072258955765	0.008495635125825069	3.7519177341049734
1984	09	12	0.0016580236089300002	0.0	3.7836760490207704
1984	09	13	0.00125663088155	0.0	3.7036071173443794
1984	09	14	0.00213207823429	0.008495635125825069	3.5916833812411926
1984	09	15	0.00122241207896	0.008495635125825069	3.6405726844479496
1984	09	16	0.00166013633559	0.0	3.434219600372624
1984	09	17	0.00042079855598	0.0	3.43463681722133
1984	09	18	0.00159534982304	0.0	2.5223360265379156
1984	09	19	0.00384074258407	0.0	3.1385895836001185
1984	09	20	0.000438871759464	0.0	3.356427778010073
1984	09	21	0.0057634424111299995	0.0	2.500791052219174
1984	09	22	0.00111620496354	0.0	3.3097488991389405
1984	09	23	2.1388228864	0.0	2.2905394261282455
1984	09	24	0.0094936367613	0.0	2.271673349312354
1984	09	25	0.00083006850628	0.0	2.9733807011382853
1984	09	26	0.000831221918095	0.0	2.9523784772735264
1984	09	27	0.000829686472767	0.0	2.932962201820437
1984	09	28	19.2860368243	0.0	1.264606164337717
1984	09	29	0.5623822280840001	0.0	1.8794709951251831
1984	09	30	3.853206859	0.008495635125825069	1.9627995386443942
1984	10	01	7.54078091875	0.016991270251650138	1.6236331820411234
1984	10	02	20.798030944399997	0.008495635125825069	1.3726279044457983
1984	10	03	14.212385547999999	0.025486905377475205	1.5641656758442377
1984	10	04	27.4937332879	0.3992948509137782	1.5024807381744945
1984	10	05	2.19681136292	0.22938214839727683	1.4104424811600202
1984	10	06	0.0217295706774	0.15292143226485122	1.656664638751874
1984	10	07	0.0012385988185	0.11044325663572588	2.0603557334484015
1984	10	08	0.000420798604335	0.09345198638407574	2.21293251213508
1984	10	09	0.000412152082378	0.07646071613242561	2.2958320446373124
1984	10	10	0.0016716649412699999	0.06796508100660055	2.2044989076896546
1984	10	11	0.0	0.06796508100660055	2.4935515516202758
1984	10	12	0.000827012895804	0.05946944588077548	2.2199463877704035
1984	10	13	0.0024893408347299996	0.05097381075495041	2.1260165757144
1984	10	14	0.0012548972580899997	0.04247817562912534	2.1083743384597255
1984	10	15	0.0012519006020299999	0.04247817562912534	2.3330134553976896
1984	10	16	0.0024873222069	0.04247817562912534	2.2423208902876093
1984	10	17	0.0035613737959	0.04247817562912534	2.0385775795028045
1984	10	18	15.291945738599999	0.04247817562912534	1.1446891635313194
1984	10	19	18.4347035298	0.7900940667017313	1.3572131252326713
1984	10	20	0.00612093498795	0.6371726344368801	1.4563971622659049
1984	10	21	0.0019638425821	0.4247817562912534	1.7836736519209397
1984	10	22	0.000412152082378	0.3653123104104779	1.7977063097653803
1984	10	23	0.0285130518524	0.3228341347813526	1.9823187575678576
1984	10	24	0.031247109315199993	0.33132976990717766	1.7535113157473456
1984	10	25	4.249890776479999	0.28885159427805235	1.1448232145322617
1984	10	26	8.4082536616	0.28885159427805235	0.8717646428203534
1984	10	27	0.43033609617999996	0.33982540503300274	1.4185581860481298
1984	10	28	0.0019921618812700002	0.30584286452970244	1.7633027217500907
1984	10	29	0.0	0.28885159427805235	1.5816188699008829
1984	10	30	0.032165465541	0.2803559591522272	1.5448837963452284
1984	10	31	3.63642443088	0.2633646889005771	1.246507571330267
1984	11	01	4.659261111759999	0.3143384996555275	1.1330151712809529
1984	11	02	11.2002781313	0.41628612116542835	1.0776023890495279
1984	11	03	0.233325079802	0.3907992157879531	1.026821665571739
1984	11	04	12.865259734599999	0.6116857290594049	0.8182217519286078
1984	11	05	2.0276399447699998	0.6541639046885303	1.1272139388367055
1984	11	06	12.885126869899999	1.231867093244635	0.9507399297725087
1984	11	07	26.231733550699996	1.6906313900391885	0.645496770282113
1984	11	08	4.7110690456	1.384788525509486	0.961274306779153
1984	11	09	4.713801683360001	1.6056750387809378	0.9851650024111774
1984	11	10	0.00354111730614	1.376292890383661	1.1883743604961357
1984	11	11	0.000412152082378	1.138415106860559	1.3569571707292885
1984	11	12	16.2623358128	1.3508059850061858	0.810884482882242
1984	11	13	0.0642124758385	1.5207186875226872	0.8855811928796895
1984	11	14	4.075676221959999	1.1893889176155095	0.7609411463165612
1984	11	15	35.722372302000004	4.332773914170784	0.9299305315859936
1984	11	16	0.383681045218	6.244291817481425	0.9426151190570563
1984	11	17	3.0203200299	1.8860309979331653	0.6879784949578199
1984	11	18	17.9869149536	2.973472294038774	0.4990406053598725
1984	11	19	2.1533845111	4.086400495521858	0.6332660762570627
1984	11	20	1.97549429961	2.0304567950721912	0.6882698946435127
1984	11	21	3.95590291787	2.0304567950721912	0.5417906378787751
1984	11	22	4.03734028125	2.7865683212706225	0.6951059003737471
1984	11	23	1.56696514791	5.479684656157169	0.5861900804593685
1984	11	24	16.356504274	4.859503291971939	0.4159820606827062
1984	11	25	20.601315067599998	5.63260608842202	0.465124702897595
1984	11	26	1.27166309711	4.417730265429036	0.9780917157357673
1984	11	27	0.00207805293357	2.4212560108601444	0.932933675931122
1984	11	28	0.0016632914026299998	2.0559437004496663	0.9684418328477506
1984	11	29	8.431641524449999	1.9200135384364652	0.8435335592429883
1984	11	30	21.8895135438	18.435528223040397	0.7219833984918548
1984	12	01	3.7951589058299997	7.127837870567232	0.5034029528303343
1984	12	02	4.76567470303	3.517192942091578	0.5981945650821459
1984	12	03	0.9045166959859999	3.0754199155486748	0.7525017123777133
1984	12	04	0.045113425865	2.404264740608494	0.5131624708259044
1984	12	05	3.8718457772999995	2.106917511204617	0.6902662998547011
1984	12	06	8.636241684000002	2.336299659601894	0.48362997822419207
1984	12	07	0.0254568814255	1.987978619443066	0.6904429990977857
1984	12	08	0.0058151065372	1.8010746466749143	0.8675821291613394
1984	12	09	0.00166301877714	1.6566488495358882	0.824940755896432
1984	12	10	0.000412152082378	1.5716924982776377	0.7643827233087258
1984	12	11	0.0	1.5292143226485122	0.8217652014768506
1984	12	12	18.2915118025	1.8435528223040398	0.8543382616722667
1984	12	13	4.209889199439999	3.1688719019327505	0.6374762661127616
1984	12	14	0.0995401349794	1.9455004438139405	0.5925653919288014
1984	12	15	6.369094298599999	5.454197750779693	0.63543885138867
1984	12	16	0.56135628972	3.746575090488855	0.7286968691147501
1984	12	17	0.42199810813599997	2.4127603757343192	0.6270921725240721
1984	12	18	2.11580532614	2.234352038091993	0.6588001117336889
1984	12	19	0.00042079855598	2.0389524301980164	0.6858680851460438
1984	12	20	0.44155339236999996	1.9115179033106404	0.8016969916913277
1984	12	21	0.135510903048	1.8010746466749143	0.698066446636966
1984	12	22	0.046524100786499996	1.7501008359199641	0.8164786099573076
1984	12	23	0.027807451824	1.758596471045789	0.7087671942677755
1984	12	24	0.33551726023000006	1.6991270251650137	0.7253799605001215
1984	12	25	0.22362717508000002	1.614170673906763	0.6877110367497102
1984	12	26	3.16882045923	1.622666309032588	0.4572338772527262
1984	12	27	0.559767682905	1.7501008359199641	0.616275348897334
1984	12	28	1.8309369304	1.6056750387809378	0.5245875816349853
1984	12	29	0.0195423047849	1.5886837685292878	0.6947839123102544
1984	12	30	0.0008358328381330001	1.4442579713902615	0.7455978768429694
1984	12	31	0.0008324459282099999	1.384788525509486	0.7724821683209727
1985	01	01	0.0	1.359301620132011	0.7995242987583253
1985	01	02	0.00867683328875	1.4272667011386115	0.9338548394104856
1985	01	03	0.011379922758899999	1.4357623362644365	0.5894926286291886
1985	01	04	12.0383795636	2.0984218760787923	0.5688131674803851
1985	01	05	2.9520785525999997	2.897011577906348	0.7152044727473527
1985	01	06	0.15134526036100002	1.86054409255569	0.5891128015783896
1985	01	07	0.000827186287163	1.631161944158413	0.5651134799368102
1985	01	08	0.00042079855598	1.495231782145212	0.5920762366371549
1985	01	09	0.0020809351817000004	1.2148758229929848	0.5204940945267558
1985	01	10	0.00123933758619	1.138415106860559	0.6428504194928067
1985	01	11	0.00171065270738	1.1469107419863844	0.6678992873856842
1985	01	12	0.032452320940399994	1.248858363496285	0.5425891047730611
1985	01	13	0.0008358273933599999	1.2233714581188098	0.5622477258493955
1985	01	14	0.011558810147200001	1.1723976473638593	0.5876030935787421
1985	01	15	0.036739016835	1.129919471734734	0.5485147480137863
1985	01	16	12.639250398799998	1.25735399862211	0.47776385070488114
1985	01	17	32.659390589800005	12.913365391254104	0.7107947796289461
1985	01	18	5.1417982679300005	6.592612857640253	0.6752977336401024
1985	01	19	9.323114788	7.9349232075206135	0.605776749581711
1985	01	20	13.8909157054	6.745534289905104	0.7067260227237215
1985	01	21	14.075640509300001	14.867361470193869	0.5555245933360898
1985	01	22	4.786920632799999	11.469107419863843	0.581865923379393
1985	01	23	5.29060507454	15.716924982776376	0.8283409343486582
1985	01	24	0.59755242497	5.0209203593626155	0.8406414985716855
1985	01	25	14.249485438199999	9.515111340924076	0.7042683953285631
1985	01	26	2.0000867822200004	7.04288151930898	0.6751303548636206
1985	01	27	0.310613410104	4.128878671150983	0.8004448038516575
1985	01	28	0.565892037075	3.823035806621281	0.883464064562486
1985	01	29	0.08878533115399999	3.3302889693234268	0.9233784955281543
1985	01	30	0.0035119286807799997	3.0584286452970244	1.1740974262886628
1985	01	31	0.00099006591712	2.752585780767322	1.1998686036328112
1985	02	01	0.00226291612948	2.489221091866745	1.1537391867657376
1985	02	02	0.0026548891094399997	2.310812754224419	1.1952348313751675
1985	02	03	0.00213847937248	2.1833782273370423	1.1513123195029213
1985	02	04	4.0740112626	2.106917511204617	1.184367440024666
1985	02	05	2.2785778304299997	2.149395686833742	1.1228149624253974
1985	02	06	5.86217771195	2.1918738624628675	1.0600784940626902
1985	02	07	24.1694198795	5.7855275206868715	0.7635581222798923
1985	02	08	30.1392314695	26.931163348865464	0.7879756830954701
1985	02	09	12.010730174599999	26.591337943832464	0.9878189161169464
1985	02	10	12.3439377099	11.893889176155096	0.8926529639646784
1985	02	11	18.5506965367	10.449631204764835	0.8363151040000273
1985	02	12	24.297439742	13.508059850061858	0.9488070770641871
1985	02	13	7.4146377137999995	5.58163227766707	1.04001185199381
1985	02	14	20.077344156000002	6.354735074117151	0.6328496631685462
1985	02	15	13.674742743700001	8.665547828341568	0.9419469626128829
1985	02	16	9.9259797834	11.893889176155096	0.9818109287089815
1985	02	17	7.091666932	9.85493674595708	1.0226968312563915
1985	02	18	0.44152096550700004	5.1908330618791165	1.2496861869199924
1985	02	19	0.0008243041067299999	4.077904860396033	1.2952934170817858
1985	02	20	0.0	3.466219131336628	1.2974750136463282
1985	02	21	0.0115333338319	3.0584286452970244	1.2528673346083747
1985	02	22	0.0	2.820550861773923	1.567161707221849
1985	02	23	0.00124436969762	2.5401949026216957	1.457945313289611
1985	02	24	0.00125086706226	2.3447952947277186	1.3870387398820372
1985	02	25	0.0600430553254	2.2428476732178177	1.4196352924446272
1985	02	26	3.2978433011399995	2.4552385513634447	1.5161290416093518
1985	02	27	4.137674488500001	2.4297516459859696	1.2475486549982175
1985	02	28	14.2058460178	4.553660427442236	1.254859184884468
1985	03	01	0.9175705537600001	3.8740096173762306	1.1876663169174848
1985	03	02	1.37238143648	2.6761250646348964	1.2190943392640328
1985	03	03	9.272886515300002	2.744090145641497	1.1405375571485135
1985	03	04	3.03430013737	2.744090145641497	1.1592804586156995
1985	03	05	1.3618612259700003	2.46373418648927	1.4358235792402092
1985	03	06	0.0016670250856	2.2003694975886927	1.6786903812805134
1985	03	07	0.27425321601	2.106917511204617	1.338220176898963
1985	03	08	0.00249853341036	1.996474254568891	1.8830286454696739
1985	03	09	0.0024902058089699996	1.8775353628073401	2.0671904903797484
1985	03	10	0.00081853980389	1.7925790115490894	2.2295432469465153
1985	03	11	0.00042079855598	1.733109565668314	2.119575266584086
1985	03	12	0.00041359308072	1.6736401197875383	2.0606039261315043
1985	03	13	0.000412152082378	1.622666309032588	1.9294017918055584
1985	03	14	0.0012905707725000002	1.5716924982776377	2.005567834963509
1985	03	15	0.33638024224400004	1.503727417271037	1.8090666139275002
1985	03	16	0.131217172468	1.4612492416419116	1.7558569076783228
1985	03	17	0.0755622647285	1.4272667011386115	1.7739582323128582
1985	03	18	0.674088767325	1.4527536065160866	1.9435591104082848
1985	03	19	5.90324358254	1.5801881334034626	1.453425627465892
1985	03	20	1.1615557641	1.5886837685292878	1.2748662729387978
1985	03	21	3.8582114080800003	1.486736147019387	1.3919598204916575
1985	03	22	2.4664999636399996	1.5547012280259875	1.5227732240832275
1985	03	23	0.506358424885	1.4697448767677368	1.6584974118830584
1985	03	24	3.8183910655799997	1.512223052396862	1.9351781131860326
1985	03	25	1.6786273843	1.8350571871782146	1.5263273849922523
1985	03	26	11.8956858928	1.7246139305424886	1.1055620500248093
1985	03	27	0.7612760721099999	1.6566488495358882	1.8266658150708144
1985	03	28	0.00231757981291	1.5801881334034626	2.3737486721484276
1985	03	29	0.0339308650057	1.359301620132011	2.113346044574142
1985	03	30	8.512232385199999	1.384788525509486	2.2399698478688683
1985	03	31	3.1744141656299996	1.5631968631518125	2.1524900218608907
1985	04	01	0.476817784796	1.5462055929001624	2.682519928392836
1985	04	02	0.0091448115281	1.4782405118935618	3.1917117366531693
1985	04	03	0.16790892712599997	1.3932841606353112	2.9470390276288483
1985	04	04	19.1419195823	1.6056750387809378	1.936167423416403
1985	04	05	16.6933751841	2.8120552266480976	1.3566848848330795
1985	04	06	1.36647390613	2.4552385513634447	2.1097968130442837
1985	04	07	17.4259505328	3.9334790632570065	1.7998749906952924
1985	04	08	19.5026817308	4.511182251813111	1.5676655411290534
1985	04	09	7.6737537839000005	3.8570183471245807	1.9696727943387373
1985	04	10	1.20876745848	2.8035595915222724	2.407039784027666
1985	04	11	0.0336316607064	2.225856402966168	2.414291956908236
1985	04	12	0.0041051064289	2.0559437004496663	2.8943693133487636
1985	04	13	0.035089884066499995	1.8945266330589903	2.49402383865959
1985	04	14	0.0045460537397	1.7161182954166638	2.7154213074128544
1985	04	15	0.0	1.6481532144100632	3.3132268914112992
1985	04	16	0.0	1.5801881334034626	3.5051351332001577
1985	04	17	0.00166425985657	1.5292143226485122	3.5379572982706136
1985	04	18	0.13542359326	1.4357623362644365	3.5498949152316075
1985	04	19	0.938638247	1.3932841606353112	3.42254836830158
1985	04	20	9.885822890099998	1.3932841606353112	2.658448298562335
1985	04	21	25.244690981599998	1.7076226602908384	1.9160842959688809
1985	04	22	2.99218496328	1.7501008359199641	1.8476582944890545
1985	04	23	0.665438638085	1.622666309032588	2.417627187802771
1985	04	24	2.34853291222	1.5547012280259875	2.4976249366573477
1985	04	25	0.8634978167849999	1.512223052396862	3.268100485789442
1985	04	26	0.0704748738625	1.4442579713902615	3.0812925504405677
1985	04	27	0.0118727956029	1.376292890383661	3.3196074038478347
1985	04	28	0.0072751296704	1.3168234445028855	3.374938781301421
1985	04	29	0.00289597853225	1.2828409039995852	3.8291606563687823
1985	04	30	0.00074465307376	1.2233714581188098	3.7584334770582974
1985	05	01	0.5583889367899999	1.24036272837046	4.053448295341812
1985	05	02	1.7417220521099999	1.2148758229929848	3.9366595389799555
1985	05	03	0.29931164740000005	1.129919471734734	3.4743459435096065
1985	05	04	0.213943573767	1.0704500258539587	3.249162204685511
1985	05	05	5.61565927987	1.0534587556023085	2.3416480672257607
1985	05	06	1.7302144325000002	1.0874412961056088	2.4472297746965297
1985	05	07	0.34594018047999997	1.0449631204764833	2.884843208721689
1985	05	08	0.00123933758619	0.9854936745957079	3.5011641203219237
1985	05	09	0.073946197109	0.9685024043440577	3.390625396178172
1985	05	10	0.010371454089299998	0.8750504179599821	2.64469909309879
1985	05	11	0.020406228754299996	0.8750504179599821	3.1956016121537134
1985	05	12	0.044528598251700004	0.8155809720792065	3.440012103827967
1985	05	13	0.29933607634599996	0.7985897018275564	3.3505577325239666
1985	05	14	0.28414384442	0.8240766072050316	3.00848471190272
1985	05	15	8.2737058741	0.883546053085807	2.308428986266668
1985	05	16	0.061603892831	0.9260242287149324	3.2905770595575587
1985	05	17	0.0079018781674	0.9005373233374572	4.050850524783328
1985	05	18	0.34327407919999997	1.0194762150990082	3.565121041961936
1985	05	19	2.7588219925	1.0364674853506584	3.7723881734332148
1985	05	20	0.0824962450384	1.0704500258539587	3.6187410206222723
1985	05	21	0.003972603090799999	1.002484944847358	3.627198218111363
1985	05	22	0.090483123559	0.9600067692182326	4.196888000596097
1985	05	23	0.452899941475	0.9345198638407576	3.437532361183805
1985	05	24	0.6135921266259999	0.9090329584632822	3.4476185562875674
1985	05	25	0.35451603643999996	0.883546053085807	4.13013082228925
1985	05	26	10.647835795699999	0.9515111340924077	2.8560954948026995
1985	05	27	4.08858710367	1.1723976473638593	2.808949603008222
1985	05	28	0.00702438626855	1.1893889176155095	4.244120045516067
1985	05	29	1.46248478954	1.0959369312314338	4.052660338663901
1985	05	30	20.2230503433	1.1214238366089089	3.1602575101105974
1985	05	31	16.0270761655	2.327804024476069	2.918600717114526
1985	06	01	5.23450756865	2.276830213721118	3.4450943544371646
1985	06	02	11.1662159022	2.166386957085392	3.21086025012621
1985	06	03	4.4061283926499994	1.987978619443066	2.9415504790456417
1985	06	04	0.434884812346	1.6736401197875383	3.609351254602521
1985	06	05	7.49808355046	1.6821357549133635	3.0271942924167075
1985	06	06	1.7716653056	1.8010746466749143	2.757387580998572
1985	06	07	0.281108949226	1.5971794036551128	3.2798714559648343
1985	06	08	0.14771977653899998	1.376292890383661	4.0269170160585706
1985	06	09	0.00253825288433	1.2063801878671596	4.42993679758302
1985	06	10	0.000412152082378	1.104432566357259	5.2227108017365005
1985	06	11	0.0	1.0194762150990082	5.325079905286373
1985	06	12	0.00249718130785	0.9345198638407576	5.024787174176843
1985	06	13	0.0033370818362799997	0.8495635125825068	4.228384977072303
1985	06	14	0.63638390772	0.8240766072050316	4.081950638419566
1985	06	15	1.20342896977	0.7985897018275564	4.002079184620454
1985	06	16	0.34749431018	0.8070853369533815	4.3594263840270715
1985	06	17	0.00523057437295	0.8070853369533815	5.061845636597428
1985	06	18	0.009556293236100001	0.7391202559467809	5.721710703398606
1985	06	19	0.009341502260299998	0.6626595398143553	3.5443640818725486
1985	06	20	0.0	0.5861988236819297	5.255617260122101
1985	06	21	0.401666068524	0.5607119183044544	3.7082290677692766
1985	06	22	0.0129511604579	0.5437206480528044	3.773772627176261
1985	06	23	0.00486365682637	0.5352250129269793	4.322230227513071
1985	06	24	0.00207680024894	0.6031900939335798	4.997347650807136
1985	06	25	0.0008459779782499999	0.5607119183044544	6.061654708716145
1985	06	26	0.13899577053	0.5182337426753292	5.463757011736019
1985	06	27	0.00297259296793	0.45876429679455366	5.480174473243884
1985	06	28	0.00350952214914	0.49274683729785396	5.547829114977238
1985	06	29	0.36337823136799996	0.5946944588077547	5.582896293858871
1985	06	30	0.000619455915043	0.3483210401588278	5.8402115577790195
1985	07	01	0.753024649187	0.3228341347813526	5.24149731299615
1985	07	02	12.2306148661	0.3143384996555275	2.7056816508819153
1985	07	03	8.0781447147	0.4332773914170785	2.701439425994949
1985	07	04	0.085656472524	0.5861988236819297	4.019006089832125
1985	07	05	0.0395137398857	0.5946944588077547	5.80638646922493
1985	07	06	0.41027979612	0.5522162831786295	6.001826281298428
1985	07	07	0.165582364985	0.5182337426753292	5.921289543308645
1985	07	08	8.2163162259	0.4842512021720288	4.336494328071229
1985	07	09	0.053134495239	0.45876429679455366	4.406496087615
1985	07	10	0.010300603376199998	0.3992948509137782	5.130812667776581
1985	07	11	0.00127749403314	0.3907992157879531	5.270359889453938
1985	07	12	0.003925603674869999	0.3568166752846529	5.772759168255024
1985	07	13	1.42017832307	0.2633646889005771	5.0432970549701395
1985	07	14	0.000426562994214	0.23787778352310193	4.935815749056709
1985	07	15	0.0226800288206	0.2803559591522272	5.143013537808439
1985	07	16	0.00244682934306	0.25486905377475205	5.649760101748179
1985	07	17	0.0032996660912200004	0.23787778352310193	5.626806774062052
1985	07	18	0.007059097421750001	0.23787778352310193	4.970272637701552
1985	07	19	0.020431689596	0.2123908781456267	4.9792488069320715
1985	07	20	0.00128416160738	0.2123908781456267	5.539973768132568
1985	07	21	0.0012493787920699999	0.17840833764232644	6.2031521747773475
1985	07	22	0.11288782287799999	0.15292143226485122	5.957773016436536
1985	07	23	0.000822352750376	0.06796508100660055	5.793968035863394
1985	07	24	0.835264096294	0.08495635125825068	5.838609145435716
1985	07	25	0.107410274859	0.10194762150990082	5.09877656395691
1985	07	26	0.011397472722600001	0.09345198638407574	4.0822139658540415
1985	07	27	0.0	0.06796508100660055	4.837512627347221
1985	07	28	4.2952315192	0.07646071613242561	2.362867473026401
1985	07	29	0.92211021787	0.11044325663572588	3.150547354882009
1985	07	30	0.093647029893	0.09345198638407574	3.745940084639944
1985	07	31	0.0033279428379900003	0.10194762150990082	4.535756549931893
1985	08	01	0.00083583280912	0.11893889176155097	5.131119708501319
1985	08	02	0.0016507873798899998	0.09345198638407574	5.322408910940922
1985	08	03	0.0031149668187599997	0.08495635125825068	5.209068626349052
1985	08	04	0.00084159720867	0.06796508100660055	5.656466077490634
1985	08	05	0.11051646079659999	0.05946944588077548	3.5472495978042318
1985	08	06	0.0042362722676999994	0.04247817562912534	3.8619408547351854
1985	08	07	0.0	0.05097381075495041	5.106453856118316
1985	08	08	0.0012343908696899998	0.05097381075495041	5.143092967218298
1985	08	09	0.07397797601499999	0.025486905377475205	4.295687661544641
1985	08	10	0.0035478527708	0.033982540503300275	3.979628860968342
1985	08	11	0.5286797215	0.033982540503300275	3.9204255506191017
1985	08	12	0.088910077383	0.025486905377475205	3.8470670861528737
1985	08	13	0.00249571837568	0.033982540503300275	4.282269393611324
1985	08	14	0.45159469496	0.033982540503300275	3.571125552464844
1985	08	15	0.035943393335999996	0.033982540503300275	4.399790576560648
1985	08	16	0.0	0.025486905377475205	5.223907799748783
1985	08	17	0.00083006850628	0.016991270251650138	5.373454209275937
1985	08	18	0.0010087146998399997	0.025486905377475205	5.1697785641245115
1985	08	19	0.00363375871644	0.025486905377475205	4.248539469192731
1985	08	20	0.000776171201245	0.025486905377475205	5.5835764892333115
1985	08	21	0.0012561101949100002	0.025486905377475205	5.115436022339701
1985	08	22	0.005212262141030001	0.025486905377475205	4.996016381148533
1985	08	23	0.0325252122345	0.025486905377475205	4.109176043014891
1985	08	24	1.1457659224	0.016991270251650138	2.889403798335383
1985	08	25	0.0099940007619	0.016991270251650138	3.312209695953782
1985	08	26	0.0	0.016991270251650138	4.217075716112792
1985	08	27	0.0	0.016991270251650138	4.513098580109812
1985	08	28	0.00042079855598	0.016991270251650138	4.6519549186314695
1985	08	29	0.00164879263943	0.016991270251650138	4.841617834447783
1985	08	30	0.0008247864962099999	0.016991270251650138	4.690169749294391
1985	08	31	0.0042818197764	0.016991270251650138	4.442927365865495
1985	09	01	0.0056379812051	0.016991270251650138	4.321714645195829
1985	09	02	0.0068380043388	0.016991270251650138	4.358662994421324
1985	09	03	0.12520966332	0.016991270251650138	3.3319608783176364
1985	09	04	0.00042079855598	0.016991270251650138	4.513362586246341
1985	09	05	0.00042079855598	0.016991270251650138	4.62735568400549
1985	09	06	0.000420798604335	0.008495635125825069	4.640031852080118
1985	09	07	2.9698514328499996	0.008495635125825069	4.379605982030085
1985	09	08	0.41880660076799997	0.008495635125825069	4.334786831115415
1985	09	09	0.91426171782	0.008495635125825069	4.241577497326376
1985	09	10	0.00083583280912	0.008495635125825069	4.171872686198727
1985	09	11	0.9536889341699999	0.008495635125825069	4.1297515514099095
1985	09	12	0.590861205135	0.008495635125825069	4.137877884829009
1985	09	13	0.0295464020708	0.008495635125825069	4.384494405323487
1985	09	14	0.0012454066222399999	0.016991270251650138	4.248843568341335
1985	09	15	0.0017156729234799998	0.016991270251650138	3.8890768264307924
1985	09	16	0.0	0.0	3.6922558499028764
1985	09	17	0.0029167680875300003	0.0	3.9544284407448926
1985	09	18	0.17290142614	0.0	3.56652878562094
1985	09	19	5.46820438235	0.0	3.0740119042142764
1985	09	20	0.288673324967	0.008495635125825069	3.071270460663482
1985	09	21	0.257799585883	0.008495635125825069	3.1115236437390417
1985	09	22	0.0209265682054	0.008495635125825069	3.4975380874805233
1985	09	23	0.556806055207	0.008495635125825069	3.4568837525668785
1985	09	24	0.135073096878	0.008495635125825069	3.0370739274393475
1985	09	25	0.104730324707	0.008495635125825069	3.31631603900821
1985	09	26	0.0014730129302699998	0.008495635125825069	3.0983742300127264
1985	09	27	0.08608071995199999	0.016991270251650138	3.048475649122998
1985	09	28	0.0016071949605500002	0.008495635125825069	3.1200639282432516
1985	09	29	0.00071836603853	0.008495635125825069	3.2640227185146182
1985	09	30	0.00625586168523	0.008495635125825069	2.9790834936608963
1985	10	01	1.1370870702899998	0.008495635125825069	2.27698493847044
1985	10	02	0.0199871272654	0.008495635125825069	2.2856766985155623
1985	10	03	2.6870834815999998	0.008495635125825069	1.9519925242035625
1985	10	04	2.76427121416	0.008495635125825069	1.8462539113783105
1985	10	05	0.040091459313999996	0.008495635125825069	2.031598032995633
1985	10	06	0.0051930881263	0.008495635125825069	2.229742250030921
1985	10	07	0.844021883106	0.008495635125825069	1.8467274341073814
1985	10	08	0.00238999065173	0.016991270251650138	1.9938898985496474
1985	10	09	0.0008338965782099999	0.016991270251650138	2.3727244077190615
1985	10	10	0.00083006850628	0.016991270251650138	2.4571188618371
1985	10	11	0.0	0.016991270251650138	2.5536640957123677
1985	10	12	0.00040571053875	0.016991270251650138	2.5525257988594903
1985	10	13	0.00164615390708	0.008495635125825069	2.617650134401361
1985	10	14	0.0	0.016991270251650138	2.7317375861889848
1985	10	15	0.0016588144066	0.016991270251650138	2.4677823362949995
1985	10	16	0.0012531442926300002	0.008495635125825069	2.3315251410290156
1985	10	17	0.0008243041067299999	0.008495635125825069	2.2502105207635648
1985	10	18	0.0016752950478300002	0.008495635125825069	2.283851210727611
1985	10	19	0.00082430420344	0.008495635125825069	2.142747896813916
1985	10	20	0.0012955279336799997	0.008495635125825069	2.0884699553674713
1985	10	21	0.00010073833416250001	0.008495635125825069	2.393453701373754
1985	10	22	0.0012422199310300002	0.008495635125825069	2.109721016355319
1985	10	23	0.00167069919521	0.008495635125825069	2.050989213975124
1985	10	24	0.00124054878223	0.008495635125825069	1.8832157724972205
1985	10	25	0.00961426943045	0.008495635125825069	1.801414225545263
1985	10	26	0.00207805206318	0.008495635125825069	1.7301271488553238
1985	10	27	5.0587927518999995e-05	0.008495635125825069	1.7455226561340569
1985	10	28	0.0029137678532	0.008495635125825069	1.7768900914739698
1985	10	29	0.000412152082378	0.008495635125825069	1.539787106411972
1985	10	30	0.00319987703824	0.008495635125825069	1.576355146252408
1985	10	31	0.32342757214300005	0.008495635125825069	1.1800729461577222
1985	11	01	0.03153055472	0.016991270251650138	1.474927863481599
1985	11	02	3.50252924246	0.016991270251650138	1.1309357154753858
1985	11	03	4.7934475907	0.016991270251650138	1.0675447975866499
1985	11	04	28.6466934672	0.04247817562912534	1.1902665229521678
1985	11	05	17.9539184687	0.07646071613242561	1.1093280710627862
1985	11	06	9.048779465199999	0.10194762150990082	0.965516514034756
1985	11	07	1.32953532821	0.10194762150990082	0.9964535362342269
1985	11	08	0.87544725603	0.11044325663572588	1.3151698777144618
1985	11	09	18.7126935235	0.22088651327145176	0.875083174248966
1985	11	10	12.8489254156	0.4842512021720288	0.9687599625284109
1985	11	11	26.096187716	0.5607119183044544	0.5704142029511406
1985	11	12	5.333230200459999	0.747615891072606	0.7645415126294667
1985	11	13	0.000412152082378	0.5946944588077547	1.0549428650975925
1985	11	14	0.0008243041067299999	0.5522162831786295	0.9948474448811023
1985	11	15	0.00208160035308	0.5352250129269793	1.0391292131243621
1985	11	16	0.0	0.49274683729785396	1.0522170652610443
1985	11	17	0.0033249066275400003	0.41628612116542835	0.994092579163252
1985	11	18	0.00042079855598	0.17840833764232644	0.9658294538081273
1985	11	19	0.0007217356083500001	0.15292143226485122	0.8755485952685043
1985	11	20	0.00167175304408	0.14442579713902617	0.7296452488344156
1985	11	21	0.022376800418199998	0.09345198638407574	0.8853736216222995
1985	11	22	0.00090081177457	0.11893889176155097	0.8383411578679704
1985	11	23	0.00041215210172	0.12743452688737603	0.7791691134714048
1985	11	24	2.5086909583700003	0.12743452688737603	0.6662533869850114
1985	11	25	8.021835317199999	0.15292143226485122	0.5844725656535885
1985	11	26	7.486146054900001	0.29734722940387737	0.35411535491901075
1985	11	27	0.40789249042799997	0.3228341347813526	0.7724122180514613
1985	11	28	0.00105927178654	0.2803559591522272	0.7805957750436949
1985	11	29	0.951089901275	0.6966420803176556	0.577129763076562
1985	11	30	9.9041639416	1.0364674853506584	0.6308303564611272
1985	12	01	1.2757659221500002	0.8070853369533815	0.8891651014029802
1985	12	02	0.00042079855598	0.6626595398143553	1.2191467632169808
1985	12	03	0.050238001726	0.47575556704620386	1.0171714479400327
1985	12	04	13.4311002736	0.45876429679455366	1.0344377214675273
1985	12	05	10.9606201132	1.3423103498803608	0.6291587141877103
1985	12	06	0.22616494219	1.010980579973183	0.6750512134887937
1985	12	07	8.4379320264	0.883546053085807	0.5456749314772078
1985	12	08	0.62355677687	0.9005373233374572	0.6832699157586717
1985	12	09	0.37640760216999997	0.8410678774566818	0.6918753385216777
1985	12	10	5.854524566099999	0.8325722423308567	0.4354066116476189
1985	12	11	0.031694531360499996	0.7985897018275564	0.7102197452929723
1985	12	12	0.00212606529004	0.747615891072606	0.7175120996424348
1985	12	13	0.00531191048096	0.6796508100660055	0.7876895668000564
1985	12	14	0.0033795359789199997	0.6031900939335798	0.8325184391411692
1985	12	15	0.0	0.5522162831786295	0.8175138954359802
1985	12	16	0.0008287209974949999	0.5352250129269793	0.7776914223573976
1985	12	17	0.0	0.49274683729785396	0.7543896093341269
1985	12	18	0.0032465634039	0.49274683729785396	0.8142793141101081
1985	12	19	0.000446092524575	0.4842512021720288	0.6807331728049448
1985	12	20	0.0041845972134	0.4842512021720288	0.7698769336800463
1985	12	21	0.24090813991499999	0.4417730265429035	0.6104307129848845
1985	12	22	20.205162861699996	0.6626595398143553	0.6206821872542729
1985	12	23	9.9325754054	0.8495635125825068	0.7557730811097578
1985	12	24	26.925197441199998	4.451712805932336	0.5726575312799967
1985	12	25	12.99917794	5.505171561534644	0.5634339088350443
1985	12	26	9.528009429499999	6.626595398143553	0.4372020046661956
1985	12	27	38.4318625235	19.285091735622906	0.5358946840828366
1985	12	28	2.8809473805	5.505171561534644	0.6590351108537926
1985	12	29	0.0047041359057	2.7865683212706225	0.6995097468388175
1985	12	30	0.0013154407161	2.225856402966168	0.6040464638557305
1985	12	31	4.421338457899999	2.2003694975886927	0.6421464049804152
1986	01	01	10.4668478662	2.310812754224419	0.8338014230911704
1986	01	02	12.5646376667	6.082874750090749	0.368264227493966
1986	01	03	5.65256729743	4.723573129958737	0.6350135580994952
1986	01	04	0.170749976796	2.591168713376646	0.6872865859170165
1986	01	05	3.5603757487	2.51470799724422	0.6399277172006788
1986	01	06	1.25219179584	2.1918738624628675	0.6625602086087021
1986	01	07	21.5352425705	9.515111340924076	0.5054937358586867
1986	01	08	1.82546275756	3.4577234962108028	0.6212093356979569
1986	01	09	0.0032354390460199996	2.5656818079991703	0.8359580881519155
1986	01	10	0.07092081817899999	2.208865132714518	0.7611358390536528
1986	01	11	0.5064798442899999	2.0559437004496663	0.7155852901288764
1986	01	12	0.0078166544141	2.004969889694716	0.703599820857613
1986	01	13	0.000824304164756	1.8860309979331653	0.8761398079250639
1986	01	14	0.024439523172699998	1.8180659169265645	1.0131512999113328
1986	01	15	0.12852963058099998	1.733109565668314	0.6574875276131087
1986	01	16	0.0156967815354	1.6821357549133635	0.9313759701290205
1986	01	17	0.00674203842554	1.5971794036551128	0.9878576849020698
1986	01	18	0.0058331729322999995	1.5716924982776377	0.9494213881299679
1986	01	19	0.267359204976	1.5207186875226872	0.8887056001879861
1986	01	20	0.94341398022	1.486736147019387	0.866047129894502
1986	01	21	2.3786975348999997	1.4102754308869614	0.7544393071167407
1986	01	22	0.34800590608	1.3338147147545356	0.7354533782053853
1986	01	23	0.88900561119	1.2998321742512353	0.6834791175952467
1986	01	24	0.419638345452	1.248858363496285	0.9269978161324257
1986	01	25	0.00248856435014	1.2063801878671596	0.8834195907397611
1986	01	26	0.0008273656552000001	1.367797255257836	0.8723843720760458
1986	01	27	1.80886122883	1.3508059850061858	0.9821980981260133
1986	01	28	7.481687240349999	1.3508059850061858	0.7587508426410003
1986	01	29	7.43255034	1.8350571871782146	0.554736462867752
1986	01	30	2.3851548616	1.8520484574298648	0.5371135785639002
1986	01	31	0.396839069333	1.5207186875226872	0.7700359199721126
1986	02	01	0.485360005018	1.503727417271037	0.7714936288343393
1986	02	02	0.31655417001	1.614170673906763	0.8587616364936862
1986	02	03	0.62234799858	1.503727417271037	0.7503124247238119
1986	02	04	1.5128122867	1.4017797957611362	0.7623988436390747
1986	02	05	0.12482100517199998	1.3508059850061858	0.9146042246373681
1986	02	06	0.5133682461439999	1.3253190796287107	0.9006523266910996
1986	02	07	4.8070382469999995	1.359301620132011	0.7963392586881293
1986	02	08	0.34989354988599997	1.4697448767677368	0.7821564962833832
1986	02	09	9.7348527775e-05	1.384788525509486	0.925887068101555
1986	02	10	0.0573933657324	1.3168234445028855	0.940766038039268
1986	02	11	3.4942078305099997	1.2743452688737602	1.1310796099911025
1986	02	12	10.307615818299999	1.4442579713902615	1.0982662372241714
1986	02	13	18.2680016015	3.415245320581677	0.7923044857434226
1986	02	14	9.576248377499999	4.884990197349414	1.0243357692763477
1986	02	15	9.634981327599998	2.897011577906348	0.8157038482629336
1986	02	16	21.389290739799996	6.609604127891903	1.0965264915802035
1986	02	17	21.221311272399998	22.513433083436432	0.9833438795639472
1986	02	18	0.7340671004499999	4.553660427442236	1.0245363886127379
1986	02	19	0.07968436890699998	2.9055072130321733	1.1680241703364416
1986	02	20	14.8834378631	3.0754199155486748	1.0151468026889414
1986	02	21	6.66427575203	7.416689464845285	0.9197847143887959
1986	02	22	5.6733780322	4.018435414515258	1.3883682914456599
1986	02	23	9.1989497861	11.808932824896845	1.0393693634342267
1986	02	24	1.7980997268699999	5.165346156501641	1.0926358066514776
1986	02	25	4.633933826569999	3.7720619958663306	1.1501642340059308
1986	02	26	12.9433424215	6.618099763017728	0.7546989352397555
1986	02	27	10.711107346099999	5.878979507070947	1.0010533331215026
1986	02	28	2.22043964683	4.298791373667484	1.6208357612673339
1986	03	01	9.935907064899999	3.6021492933498287	1.3176276400329336
1986	03	02	0.8202572767799999	3.109402456051975	1.2245882776152124
1986	03	03	0.000935540277544	2.718603240264022	1.6481807889981253
1986	03	04	0.0	2.4127603757343192	2.084519628281277
1986	03	05	0.61383655148	2.2173607678403426	2.1218665086096964
1986	03	06	0.42366508873500003	2.1409000517079173	1.4239320433946234
1986	03	07	1.4064935679400001	2.0559437004496663	1.497215235847725
1986	03	08	0.040096604285999995	1.9794829843172408	1.5753092033066711
1986	03	09	0.21243502349	1.9115179033106404	1.71333678807939
1986	03	10	0.043308952659	1.8435528223040398	1.4882692762456955
1986	03	11	0.000420798604335	1.767092106171614	2.0214815698645836
1986	03	12	8.096171458699999	1.8435528223040398	1.5660741816862982
1986	03	13	0.9368503208750001	1.9794829843172408	1.4344251885211678
1986	03	14	0.0019013714036600002	1.8095702818007395	1.892252414594951
1986	03	15	0.000426562994214	1.7161182954166638	2.1674299967232655
1986	03	16	0.271252333723	1.622666309032588	2.04038769052271
1986	03	17	1.53601959198	1.6056750387809378	2.0137947165499748
1986	03	18	6.66138808814	1.639657579284238	1.4041607036304575
1986	03	19	0.009570930294599999	1.6736401197875383	2.0258970340893083
1986	03	20	0.43641928090300003	1.5801881334034626	1.9857212550400747
1986	03	21	0.0094659322476	1.5207186875226872	2.2211662464744233
1986	03	22	0.00045678074936799994	1.4442579713902615	2.7049032317426445
1986	03	23	0.0601799396265	1.4017797957611362	2.186049632935214
1986	03	24	1.7211736915699998	1.3423103498803608	1.989110232953622
1986	03	25	2.73167404485	1.359301620132011	1.3777351811752072
1986	03	26	0.653997835414	1.2998321742512353	1.751814356994715
1986	03	27	4.05674127435	1.248858363496285	1.691606723650675
1986	03	28	0.9730039520799999	1.2063801878671596	1.6059655150178533
1986	03	29	1.1610833357500001	1.1723976473638593	1.704686560353311
1986	03	30	0.07038698865	1.1639020122380346	1.8426693169816573
1986	03	31	0.130612116024	1.1639020122380346	2.065161226742729
1986	04	01	0.28487296045199995	1.104432566357259	2.7804993866879797
1986	04	02	10.5993889212	1.0194762150990082	2.211530134355717
1986	04	03	0.936699569327	0.9769980394698827	2.166258790461163
1986	04	04	0.90360350214	0.9430154989665827	1.9545051192611949
1986	04	05	0.80860691321	0.9175285935891073	2.0408510890024343
1986	04	06	0.884581650924	0.9005373233374572	1.9626313497252497
1986	04	07	2.38014286585	0.883546053085807	1.8065110766826096
1986	04	08	1.81956180349	0.8580591477083319	1.9270533579062648
1986	04	09	0.00271825901391	0.8410678774566818	2.4585981988834105
1986	04	10	0.130940011279	0.8240766072050316	2.6209588496241794
1986	04	11	10.9414589609	1.0534587556023085	1.5224712036575685
1986	04	12	0.010388725528199999	1.1978845527413347	2.3907860593921044
1986	04	13	0.0	1.0279718502248332	2.563020831412001
1986	04	14	0.0351626757493	0.9090329584632822	2.5904012274463364
1986	04	15	6.9414337496	0.8495635125825068	1.5229410033961432
1986	04	16	6.2033942859	0.8920416882116321	1.6915658946939898
1986	04	17	3.00618924825	0.9090329584632822	1.9973594391710052
1986	04	18	2.29825386677	0.8325722423308567	2.342076455762194
1986	04	19	1.01469921135	0.756111526198431	2.2025363827779456
1986	04	20	0.9059696476839999	0.7136333505693058	2.1075041097103298
1986	04	21	8.658868922699998	1.0789456609797836	2.2890215303326804
1986	04	22	6.7645308505	1.1554063771122094	2.0503015199848815
1986	04	23	5.83497521986	1.4697448767677368	1.7645569409473094
1986	04	24	2.33520346963	1.24036272837046	2.3091470401089964
1986	04	25	2.97668844301	1.0789456609797836	2.5883967353617248
1986	04	26	0.9311693337	1.0449631204764833	2.6511233773111993
1986	04	27	2.0494388623199997	0.9515111340924077	2.0648782147396845
1986	04	28	0.008967540163899999	0.8750504179599821	2.6907549574328193
1986	04	29	7.1105630989e-05	0.8495635125825068	3.3408229846754716
1986	04	30	0.0012394405823399999	0.8240766072050316	3.5994943799028776
1986	05	01	0.000412152082378	0.7731027964500812	3.8277702645292244
1986	05	02	2.11215655455	0.7391202559467809	2.4268515581816508
1986	05	03	0.85356391065	0.7051377154434807	2.6689960496768736
1986	05	04	4.64542568245	0.7900940667017313	2.185822115100139
1986	05	05	2.59739540128	0.8410678774566818	2.287570814254939
1986	05	06	2.04138233906	0.7985897018275564	2.183856553929721
1986	05	07	1.78020112362	0.7646071613242561	2.329588200819143
1986	05	08	0.46130097476799997	0.747615891072606	3.4045165859817046
1986	05	09	0.005747630036	0.6966420803176556	4.794175017710436
1986	05	10	0.471130724233	0.6456682695627052	4.526168957431052
1986	05	11	0.026288729589199998	0.5692075534302795	4.969704721138323
1986	05	12	0.049113796331	0.5182337426753292	4.644937810174844
1986	05	13	0.22868485663399998	0.49274683729785396	3.3717466671269234
1986	05	14	0.0058390877159	0.4842512021720288	3.142082751137926
1986	05	15	1.39315445435	0.4672599319203788	2.7932436622195618
1986	05	16	0.30447697685499997	0.49274683729785396	2.9223189270072636
1986	05	17	0.13916327225	0.4672599319203788	3.8645493421106454
1986	05	18	1.0656629636	0.45876429679455366	4.14971584405405
1986	05	19	0.0100234818383	0.4502686616687286	4.342923149749192
1986	05	20	0.43373847970299995	0.4502686616687286	3.219930620102099
1986	05	21	0.00149984192834	0.4502686616687286	4.032272843610712
1986	05	22	0.0052367468886999995	0.4417730265429035	5.088880062871933
1986	05	23	0.03309165430970001	0.3992948509137782	3.9216268057183186
1986	05	24	0.00030958350663	0.3992948509137782	4.93906049341547
1986	05	25	1.18454837318	0.3907992157879531	5.02156467023786
1986	05	26	0.101111320455	0.38230358066212805	4.59753314527587
1986	05	27	0.0102210303882	0.3483210401588278	5.028749204861843
1986	05	28	0.010795491656600001	0.30584286452970244	4.157148391890189
1986	05	29	0.0	0.28885159427805235	4.502540094203838
1986	05	30	0.0008243041067299999	0.2718603240264022	4.612525357167829
1986	05	31	0.000426562994214	0.25486905377475205	4.548180499175526
1986	06	01	0.00092527747037	0.2633646889005771	5.065870158531488
1986	06	02	0.0036389007871399995	0.24637341864892698	4.9124650768330405
1986	06	03	0.0011821617638	0.22088651327145176	4.9216069972653536
1986	06	04	0.00207228901757	0.22088651327145176	5.011682643975917
1986	06	05	0.0017721590101500001	0.20389524301980164	4.651866097212258
1986	06	06	0.000824304164756	0.19539960789397656	4.235093653667198
1986	06	07	0.0	0.20389524301980164	4.89791433845653
1986	06	08	0.0012376452578999999	0.19539960789397656	5.598915071775377
1986	06	09	0.00010496577487299999	0.17840833764232644	5.589288434457107
1986	06	10	0.0210365352122	0.1614170673906763	4.3565086470445005
1986	06	11	0.000426562994214	0.16991270251650137	5.0142602134900836
1986	06	12	0.00042079855598	0.1614170673906763	5.63998618636138
1986	06	13	0.0016716649412699999	0.14442579713902617	6.134144445883732
1986	06	14	0.00125086706226	0.1359301620132011	5.955887933623977
1986	06	15	0.0008304856165099999	0.12743452688737603	5.460146575228854
1986	06	16	0.00135296168164	0.10194762150990082	5.2561407000065135
1986	06	17	0.014593173919750001	0.10194762150990082	5.568503773416197
1986	06	18	0.0108542671591	0.08495635125825068	5.533868065495887
1986	06	19	0.041157812787	0.09345198638407574	4.050274458564537
1986	06	20	3.42590803708	0.07646071613242561	2.9456542599854796
1986	06	21	6.46177216857	0.09345198638407574	2.986660573065605
1986	06	22	17.5819727758	0.11044325663572588	3.1666462422289263
1986	06	23	0.276607978787	0.1359301620132011	3.503206689791028
1986	06	24	0.00115308919044	0.14442579713902617	4.7218288874793375
1986	06	25	0.0032470266448	0.12743452688737603	4.930497018103
1986	06	26	0.083569470724	0.10194762150990082	5.009433383029573
1986	06	27	0.0030917142532	0.10194762150990082	4.82500603942988
1986	06	28	0.00384648619097	0.09345198638407574	5.20144025761719
1986	06	29	0.12181319844899999	0.08495635125825068	3.95245865801144
1986	06	30	0.00019862142162699998	0.07646071613242561	5.172544985445461
1986	07	01	0.00166301877714	0.06796508100660055	5.859396164569883
1986	07	02	0.0550238188977	0.05097381075495041	5.796836321660146
1986	07	03	0.00355834474199	0.05946944588077548	6.364423153667725
1986	07	04	0.000426562994214	0.05946944588077548	6.177509642778274
1986	07	05	0.00124222002774	0.05946944588077548	6.024782550971006
1986	07	06	0.0057014568136000005	0.05097381075495041	5.112294952277579
1986	07	07	0.00206364207976	0.04247817562912534	6.551803261487389
1986	07	08	0.000824304164756	0.033982540503300275	6.6119946657078446
1986	07	09	0.00142901993811	0.04247817562912534	6.0561537879442575
1986	07	10	0.0007198405759	0.033982540503300275	5.799512479842051
1986	07	11	0.015393767829200001	0.033982540503300275	5.611014418933264
1986	07	12	0.0030507382262	0.025486905377475205	4.97227383484019
1986	07	13	0.000412152082378	0.033982540503300275	5.593974429079156
1986	07	14	0.0	0.033982540503300275	5.903508506072017
1986	07	15	0.00083006850628	0.025486905377475205	5.920154192084264
1986	07	16	0.0016678943150800001	0.016991270251650138	6.166848734877923
1986	07	17	0.0008243041067299999	0.016991270251650138	6.585475643710207
1986	07	18	0.0008927142075859999	0.016991270251650138	5.655256314752808
1986	07	19	0.00082718635486	0.016991270251650138	5.994957722659918
1986	07	20	0.0	0.016991270251650138	6.287464820217235
1986	07	21	0.000412152082378	0.016991270251650138	5.998275033599558
1986	07	22	0.00192118853989	0.016991270251650138	5.39564535515258
1986	07	23	3.2971449582299996	0.016991270251650138	3.3346827763178704
1986	07	24	0.40928097524	0.016991270251650138	4.504706917131918
1986	07	25	0.23630672646999998	0.016991270251650138	5.343712302893138
1986	07	26	4.7152652925000004e-06	0.016991270251650138	5.292317785916627
1986	07	27	0.0019124895721	0.008495635125825069	5.8670487509553935
1986	07	28	0.00130224985894	0.008495635125825069	5.422591938214365
1986	07	29	0.000420798604335	0.016991270251650138	6.325895498234198
1986	07	30	0.0	0.016991270251650138	5.31487311344993
1986	07	31	0.024172344389899996	0.008495635125825069	4.136395058856547
1986	08	01	0.00042079855598	0.008495635125825069	5.047172306882172
1986	08	02	0.062895483894	0.008495635125825069	5.317645040345196
1986	08	03	1.92223300789	0.008495635125825069	3.304589248964097
1986	08	04	0.0008495980849960001	0.008495635125825069	3.9434720448487144
1986	08	05	0.0016659012186900002	0.008495635125825069	5.127266089073825
1986	08	06	0.0374444940417	0.008495635125825069	5.312190199550101
1986	08	07	0.234976847918	0.008495635125825069	4.640522812043693
1986	08	08	0.0015782381490599998	0.008495635125825069	4.78621973656322
1986	08	09	2.05652635138	0.008495635125825069	3.3427683831742625
1986	08	10	1.06175404211	0.008495635125825069	3.5043965211207255
1986	08	11	0.29728973143	0.008495635125825069	3.973747602410826
1986	08	12	0.0261493907883	0.008495635125825069	4.980592562028774
1986	08	13	0.0010300282299	0.008495635125825069	4.963186978013108
1986	08	14	0.0034196149239599997	0.008495635125825069	5.387377097189256
1986	08	15	0.0070029893744699995	0.008495635125825069	5.0177891305542035
1986	08	16	0.0018371447452999999	0.008495635125825069	4.710684241688975
1986	08	17	7.7182413510000005	0.008495635125825069	3.4595555698177756
1986	08	18	3.10607259348	0.008495635125825069	2.921517400563318
1986	08	19	0.0143846521697	0.008495635125825069	4.2997497608684085
1986	08	20	0.00124510246929	0.008495635125825069	4.564058488301818
1986	08	21	0.0088136619816	0.008495635125825069	4.728988624543393
1986	08	22	0.583859004624	0.008495635125825069	3.671004358462538
1986	08	23	0.12480313316400002	0.008495635125825069	3.262171796907201
1986	08	24	0.00123366796244	0.008495635125825069	4.08292516857174
1986	08	25	0.453162402744	0.008495635125825069	3.812540603452188
1986	08	26	1.83820023824	0.008495635125825069	3.2502632769522255
1986	08	27	0.0026843366274700003	0.008495635125825069	3.8220080563132304
1986	08	28	0.00102253639633	0.008495635125825069	3.320063516954427
1986	08	29	0.0	0.008495635125825069	4.006831827524151
1986	08	30	0.0008244638426370001	0.008495635125825069	4.13024215519905
1986	08	31	0.101224152012	0.008495635125825069	3.911465417388964
1986	09	01	0.26562325080500004	0.008495635125825069	4.163276906441699
1986	09	02	0.0034167446678699995	0.008495635125825069	4.5656325062486784
1986	09	03	0.097225377261	0.008495635125825069	4.570926017695533
1986	09	04	0.00410065225643	0.008495635125825069	4.53148923310602
1986	09	05	0.062326722713	0.008495635125825069	4.468326705452529
1986	09	06	0.27996323552700003	0.008495635125825069	4.309940889751138
1986	09	07	0.0023030453637200004	0.008495635125825069	4.238410190849382
1986	09	08	0.303715849813	0.008495635125825069	3.914861404915685
1986	09	09	3.6942465662	0.008495635125825069	2.6909803529953678
1986	09	10	4.88346777316	0.008495635125825069	2.4202318321818677
1986	09	11	8.9446421372	0.008495635125825069	2.526292368331247
1986	09	12	2.20814712886	0.008495635125825069	2.2880174637328996
1986	09	13	16.8357448764	0.9854936745957079	1.4817651949491946
1986	09	14	7.807096564799999	0.5777031885561047	2.1884778834181886
1986	09	15	14.663219522099999	0.38230358066212805	1.8783246273851295
1986	09	16	7.6466701484	0.33982540503300274	2.521753719318738
1986	09	17	1.15201493576	0.23787778352310193	2.4900145698982294
1986	09	18	0.56493069132	0.20389524301980164	2.3198474440133725
1986	09	19	0.453647635498	0.16991270251650137	3.0476413620074507
1986	09	20	0.6959445987099999	0.23787778352310193	2.6211514961376268
1986	09	21	2.06238659054	0.23787778352310193	2.6693594898941346
1986	09	22	14.5513076772	0.2123908781456267	1.9855332409376931
1986	09	23	9.4024885534	0.20389524301980164	2.265261823863607
1986	09	24	0.5430927996399999	0.20389524301980164	2.1191626885686516
1986	09	25	0.029808793708599998	0.19539960789397656	2.0419007258734188
1986	09	26	0.0016534058998499998	0.1869039727681515	2.425725389141046
1986	09	27	0.0	0.1614170673906763	2.6791117646357043
1986	09	28	0.0	0.1359301620132011	2.736728497391808
1986	09	29	0.00083006850628	0.11893889176155097	2.5296908760099557
1986	09	30	0.0	0.11044325663572588	2.6167163931575637
1986	10	01	0.0022560950764699997	0.08495635125825068	2.771010794652507
1986	10	02	0.00143331627986	0.07646071613242561	2.5705116992026973
1986	10	03	3.6882476449	0.06796508100660055	2.272024845084248
1986	10	04	0.19433406423599997	0.06796508100660055	2.592845823762072
1986	10	05	0.48928970948699996	0.06796508100660055	2.447972495552715
1986	10	06	0.0183901917852	0.06796508100660055	2.499893442869048
1986	10	07	0.75135439979	0.04247817562912534	2.203571930713045
1986	10	08	0.0125747138816	0.04247817562912534	2.278969575655268
1986	10	09	0.000926190180666	0.04247817562912534	2.353311484463749
1986	10	10	1.89843393412	0.04247817562912534	2.51066783812701
1986	10	11	0.48919145212700005	0.033982540503300275	2.3461329459400413
1986	10	12	0.17185400848499996	0.04247817562912534	1.991169235290357
1986	10	13	1.03354682983	0.05097381075495041	1.5575079423802762
1986	10	14	6.150436276739999	0.05946944588077548	1.5435962227804432
1986	10	15	3.52139900753	0.05097381075495041	1.833877991516849
1986	10	16	0.111997704038	0.05946944588077548	1.994280476130953
1986	10	17	0.687618602706	0.05946944588077548	1.8592233118519177
1986	10	18	0.0542924475885	0.05946944588077548	1.791457950143738
1986	10	19	0.033767437677999994	0.04247817562912534	1.4645306218789484
1986	10	20	0.184889936225	0.04247817562912534	1.8269697864918557
1986	10	21	0.035318263764400004	0.05097381075495041	2.0167173481770795
1986	10	22	0.855236558455	0.04247817562912534	1.647546136422981
1986	10	23	5.514610192299999	0.04247817562912534	1.3321186914454117
1986	10	24	16.652108059999996	0.05097381075495041	0.976679692619211
1986	10	25	0.382944772646	0.08495635125825068	1.2634363275768226
1986	10	26	0.0007585112299199999	0.08495635125825068	1.5002756016500647
1986	10	27	0.00082895962942	0.08495635125825068	1.6776539872211065
1986	10	28	0.0	0.06796508100660055	1.812094791019209
1986	10	29	0.014164775214999998	0.05946944588077548	1.7915966586376622
1986	10	30	0.00207370436842	0.06796508100660055	1.5507533834069203
1986	10	31	0.000426562994214	0.06796508100660055	1.6041888193720413
1986	11	01	0.04333119595899999	0.06796508100660055	1.6031906141000847
1986	11	02	0.00497262365835	0.05946944588077548	1.443443870698659
1986	11	03	0.0016665715157	0.05946944588077548	1.4063949195047654
1986	11	04	0.000825696895137	0.05097381075495041	1.353537326516954
1986	11	05	0.0008343550319649999	0.07646071613242561	1.370011763491117
1986	11	06	0.0020699344191999996	0.08495635125825068	1.3376812872195307
1986	11	07	0.0041722831290999995	0.07646071613242561	1.3817625371163627
1986	11	08	0.168015965754	0.05946944588077548	1.0215454123488696
1986	11	09	0.0228349214908	0.06796508100660055	1.1940195874730373
1986	11	10	0.695163036845	0.07646071613242561	1.1207840689089879
1986	11	11	22.1429459672	0.3907992157879531	0.6321759176869644
1986	11	12	1.54567473154	0.501242472423679	1.1178747090566583
1986	11	13	18.479045064799998	0.9854936745957079	0.6019800040935327
1986	11	14	36.6642039132	4.069409225270207	0.9039314244062909
1986	11	15	0.0464420346147	2.370282200105194	0.8571753513180618
1986	11	16	0.315001365237	1.5801881334034626	0.9135352494219504
1986	11	17	0.34851270516399996	1.384788525509486	1.0870094183126844
1986	11	18	0.0012704773358000001	1.2913365391254104	0.9916667654342933
1986	11	19	0.00567502722783	1.1214238366089089	0.9193387781118927
1986	11	20	0.7877841863999999	0.9175285935891073	0.8152894514883289
1986	11	21	2.76716584117	0.8750504179599821	0.5991968500775176
1986	11	22	1.00469291778	0.8410678774566818	0.7958688835923784
1986	11	23	0.8602346763200001	0.8240766072050316	0.5994225488044876
1986	11	24	0.013332265554899999	0.8240766072050316	0.9181136217959905
1986	11	25	0.000228572083103	0.8155809720792065	1.0439915066306766
1986	11	26	0.018759331921	0.8070853369533815	0.9599469809780805
1986	11	27	0.00208068035085	0.7731027964500812	0.8459520707329681
1986	11	28	0.00207393830991	0.747615891072606	0.8557561083302516
1986	11	29	0.000409269930958	0.7221289856951307	0.856501768417891
1986	11	30	0.0	0.7136333505693058	0.7966268494608109
1986	12	01	0.264170299107	0.6711551749401804	0.7528638924691619
1986	12	02	0.0016659012186900002	0.6626595398143553	0.8163484330324116
1986	12	03	0.0	0.6456682695627052	0.8914279677580411
1986	12	04	0.00042079855598	0.628676999311055	0.8054053466987858
1986	12	05	0.00083006850628	0.6031900939335798	0.8537189360071492
1986	12	06	0.00200552478552	0.5946944588077547	0.7745191081077164
1986	12	07	1.75257136675	0.6031900939335798	0.8275038366619574
1986	12	08	16.450561518700002	1.1214238366089089	0.8315295453252849
1986	12	09	0.0375437330082	1.0619543907281335	0.7051844157607773
1986	12	10	0.0025017339311000004	0.9260242287149324	0.6763224688058936
1986	12	11	4.2336920449	0.8495635125825068	0.4485885587131632
1986	12	12	1.34150879989	0.7985897018275564	0.6256242129025897
1986	12	13	17.4886940466	1.996474254568891	0.5473858861239799
1986	12	14	0.0616213151375	2.4552385513634447	0.6661225385079358
1986	12	15	1.46624294014	1.8350571871782146	0.726271881485739
1986	12	16	0.0473119768474	1.5971794036551128	0.7348427294637754
1986	12	17	0.00207594185098	1.486736147019387	0.725453476206277
1986	12	18	0.037826033366599995	1.4527536065160866	0.9310447801983205
1986	12	19	0.414648438266	1.4357623362644365	0.6016765312999678
1986	12	20	0.189937492242	1.367797255257836	0.5210058715500321
1986	12	21	3.1296400468	1.3508059850061858	0.5725524204444348
1986	12	22	0.008727777699	1.3253190796287107	0.6464224032657483
1986	12	23	0.0008290648498999999	1.25735399862211	0.5982239230157905
1986	12	24	0.000420798604335	1.2063801878671596	0.6780298852231429
1986	12	25	0.00087489204392	1.1893889176155095	0.7188027356110329
1986	12	26	0.133094323239	1.1554063771122094	0.7953686849230129
1986	12	27	0.156847846599	1.138415106860559	0.8183030642368158
1986	12	28	0.0	1.104432566357259	0.7349806344198596
1986	12	29	0.00166085866258	1.0874412961056088	0.7232034029280731
1986	12	30	0.12380852884	1.0534587556023085	0.6700829759156621
1986	12	31	0.10754603635699998	1.0704500258539587	0.6261733371973728
1987	01	01	0.27280578645299997	1.0534587556023085	0.6406845978085147
1987	01	02	0.275093848343	1.002484944847358	0.8641768034858784
1987	01	03	0.0016572540874600001	0.9685024043440577	0.7970149093507402
1987	01	04	0.0029142797392300002	0.9515111340924077	0.7295684227084633
1987	01	05	0.00206364207976	0.9260242287149324	0.8058945927223241
1987	01	06	0.0	0.8920416882116321	0.9408319269331903
1987	01	07	0.00110209246008	0.8750504179599821	0.7399939446146983
1987	01	08	4.47320722233	0.883546053085807	0.6228655755523753
1987	01	09	10.468257898	0.9685024043440577	0.6103141783990538
1987	01	10	0.24974422314299996	1.1469107419863844	0.6703891591275819
1987	01	11	0.0009545703491100001	1.010980579973183	0.6924137377795575
1987	01	12	12.2584808855	1.512223052396862	0.6211776705778266
1987	01	13	14.889873913599999	2.353290929853544	0.7903174764426835
1987	01	14	0.7937412322699999	1.5547012280259875	0.4731719434372748
1987	01	15	2.4992789477499997	1.1808932824896843	0.45444454221117553
1987	01	16	0.00431518308233	1.0279718502248332	0.6180404693058107
1987	01	17	0.00197076363325	0.993989309721533	0.8020240414312969
1987	01	18	0.0	0.9769980394698827	0.850327116049129
1987	01	19	0.0008282852125639999	0.9175285935891073	0.9912045432448909
1987	01	20	0.00083946572027	0.8920416882116321	0.8126169954648733
1987	01	21	0.0	0.866554782834157	0.7497874215159279
1987	01	22	0.0024959694348399997	0.8410678774566818	0.8131772263331116
1987	01	23	0.0098009472928	0.8155809720792065	0.8784414993757383
1987	01	24	1.38030430652	0.7646071613242561	0.8973302228904316
1987	01	25	2.91614836985	0.9005373233374572	0.9888425378528186
1987	01	26	21.849924338199997	2.5062123621183954	0.901994725692417
1987	01	27	18.9301459585	4.383747724925735	0.8656285685863773
1987	01	28	12.065291055300001	6.014909669084148	0.8929051709611794
1987	01	29	6.664255926479999	3.891000887627881	0.691544878289076
1987	01	30	1.81847265547	2.5486905377475204	0.9190464336584758
1987	01	31	0.8232980035869999	2.0644393355754915	0.9729503591809071
1987	02	01	13.234934676699998	2.4212560108601444	0.8348812318435713
1987	02	02	6.5847189146	5.063398534991741	0.8572254304364751
1987	02	03	0.079203671852	2.48072545674092	1.255772291793129
1987	02	04	0.00042079855598	1.9539960789397655	1.173053484986526
1987	02	05	0.0008243041067299999	1.758596471045789	1.248439013930142
1987	02	06	0.0006697724549599999	1.639657579284238	1.421049206006592
1987	02	07	0.00177717758218	1.503727417271037	1.504047523494692
1987	02	08	0.00206914130049	1.495231782145212	1.3481941485315538
1987	02	09	5.1040220847	1.4697448767677368	0.9391893244391699
1987	02	10	15.9666923757	2.48072545674092	0.5661537509775811
1987	02	11	10.428020735399999	6.431195790249577	0.7874025242153851
1987	02	12	1.12384930878	2.7950639563964472	1.0039190915233185
1987	02	13	1.2607089488299998	2.081430605827142	1.2728555035008515
1987	02	14	0.0732663693285	1.86054409255569	1.1718275115116012
1987	02	15	0.363436615195	1.7755877412974392	1.2492486527545528
1987	02	16	9.885684594799999	1.7755877412974392	1.0633900070244116
1987	02	17	4.4786139883	1.7925790115490894	1.0653240202952403
1987	02	18	4.48212881654	1.767092106171614	0.986951355733392
1987	02	19	0.24412758680199997	1.6056750387809378	0.9858235548510452
1987	02	20	0.031016958857200003	1.5462055929001624	0.9877546928546652
1987	02	21	0.00123843431479	1.486736147019387	1.1066902008563115
1987	02	22	0.00083006850628	1.4527536065160866	1.3985239471921633
1987	02	23	2.9467188844	1.4612492416419116	0.8907070938478076
1987	02	24	14.819589921099999	1.767092106171614	1.3300015080168182
1987	02	25	7.324919266539999	2.7865683212706225	1.2471274643972396
1987	02	26	0.0148941784757	1.8180659169265645	1.7018336099766482
1987	02	27	2.99140016163	1.8860309979331653	1.0975811204525208
1987	02	28	0.63235564609	1.8435528223040398	1.797416163877519
1987	03	01	0.0074621653597499995	1.6481532144100632	2.3006077945748302
1987	03	02	0.0007385219498899999	1.512223052396862	2.3514801682910247
1987	03	03	0.008548706561699999	1.4102754308869614	2.4075522029056238
1987	03	04	0.00572289500285	1.3083278093770605	2.3777788444306105
1987	03	05	0.0016659012186900002	1.1808932824896843	2.5255217003044255
1987	03	06	0.0016668581641399998	1.1214238366089089	2.2494937134092408
1987	03	07	0.008684509645	1.0619543907281335	1.8148568573560517
1987	03	08	0.17185782852999998	1.0534587556023085	1.788719797051078
1987	03	09	0.41103887291	1.010980579973183	1.8424306552966963
1987	03	10	0.0102386935026	0.9515111340924077	2.2803153425377287
1987	03	11	1.08117321669	0.9345198638407576	2.0865903160468537
1987	03	12	7.367123703959999	1.010980579973183	1.528939115447966
1987	03	13	0.37025858694999997	1.24036272837046	1.8374233296842721
1987	03	14	0.00125086706226	1.0449631204764833	2.1131181651892352
1987	03	15	0.00165915308502	0.9430154989665827	2.06130079694899
1987	03	16	0.00123933758619	0.9005373233374572	2.0800538701520255
1987	03	17	0.00042079855598	0.9175285935891073	2.1529645740630308
1987	03	18	0.0016694115015600001	0.8920416882116321	2.288156601164328
1987	03	19	0.0019969956404899997	0.8580591477083319	1.6817490178355854
1987	03	20	0.0114876635015	0.8410678774566818	1.8927687966892321
1987	03	21	2.0906400302000003	0.8495635125825068	1.5413136104567389
1987	03	22	0.744328360264	0.8325722423308567	1.7734815607369043
1987	03	23	2.3665300629600003	0.8410678774566818	1.4854247467401358
1987	03	24	9.783580111	1.3083278093770605	1.1080848343569882
1987	03	25	5.164942615	2.310812754224419	2.0546321665531657
1987	03	26	0.00440573845793	1.495231782145212	2.4762688850534293
1987	03	27	6.1086329924000005	1.3168234445028855	1.911844334766878
1987	03	28	5.9925993672999995	1.495231782145212	1.7385152214585644
1987	03	29	0.126847863023	1.2828409039995852	1.649989678730175
1987	03	30	7.227629103249999e-05	1.138415106860559	2.425599419533178
1987	03	31	0.00042169075408499997	1.104432566357259	2.350622065427737
1987	04	01	0.6799808724299999	1.0449631204764833	2.156026185032067
1987	04	02	24.5163399257	1.24036272837046	1.62616207392856
1987	04	03	5.82948286554	1.9030222681848155	1.308117983341849
1987	04	04	7.71247521067	1.6906313900391885	1.7269926268153888
1987	04	05	12.6406971804	4.0609135901443825	1.9982425601727807
1987	04	06	18.315034575800002	5.479684656157169	1.9438660895211723
1987	04	07	1.50555603869	6.057387844713274	2.446168187136912
1987	04	08	3.2394697254	2.387273470356844	2.034919349119742
1987	04	09	2.7301221394799997	2.0134655248205413	1.9829900727547838
1987	04	10	1.15794606335	1.7840833764232642	2.118070178143451
1987	04	11	0.21427213632099998	1.6481532144100632	2.3888344495220104
1987	04	12	0.176618542687	1.5801881334034626	2.5256896886257016
1987	04	13	0.0	1.512223052396862	3.516224412488593
1987	04	14	0.0008243041067299999	1.4612492416419116	3.3595185412708437
1987	04	15	0.0	1.4272667011386115	3.528361803572114
1987	04	16	2.7732444515099997	1.367797255257836	3.015311185213574
1987	04	17	1.38617740811	1.3338147147545356	2.822506584191778
1987	04	18	0.0589739572226	1.248858363496285	2.8987481799532855
1987	04	19	0.006907780603799999	1.138415106860559	3.3412588625144064
1987	04	20	1.09754738021	1.0959369312314338	3.581358660931742
1987	04	21	1.98329357427	1.0619543907281335	3.2206814744516934
1987	04	22	0.037224636428999994	1.0959369312314338	3.58473277925949
1987	04	23	7.3955384559	1.0449631204764833	3.616972560653985
1987	04	24	28.6997485732	1.25735399862211	1.9455742046602709
1987	04	25	2.54277697813	1.7076226602908384	2.552741080030197
1987	04	26	0.005906573888099999	1.3338147147545356	3.852591255508375
1987	04	27	7.75082623814	1.1554063771122094	3.632479577421793
1987	04	28	5.272869524349999	1.1808932824896843	2.4900452668996156
1987	04	29	1.4493775865299998	1.1808932824896843	2.8583771310909074
1987	04	30	0.009858447190399999	1.129919471734734	3.469870582458924
1987	05	01	0.0022630933022	1.0534587556023085	4.209670440653474
1987	05	02	0.6511740581500001	1.002484944847358	4.123677650273942
1987	05	03	0.320811847102	0.9345198638407576	3.55817992399966
1987	05	04	0.0	0.9005373233374572	3.7468535561413288
1987	05	05	0.0020714525727799997	0.8495635125825068	3.7231795741084794
1987	05	06	0.000830068477267	0.8070853369533815	4.008421921271185
1987	05	07	0.000412152082378	0.7646071613242561	4.252329242866836
1987	05	08	0.07527974677259999	0.7306246208209558	4.411024040931706
1987	05	09	1.08836225125	0.6966420803176556	3.8715401490419232
1987	05	10	8.936647121500002	0.9005373233374572	3.306573792672199
1987	05	11	1.49707070329	1.0704500258539587	3.573288640647125
1987	05	12	0.0279699226898	0.9769980394698827	4.012779091153132
1987	05	13	0.021030633968	0.8920416882116321	3.48843223137811
1987	05	14	0.00292932588103	0.8325722423308567	3.8531589670132327
1987	05	15	0.014623228969999999	0.7646071613242561	3.600268428493086
1987	05	16	0.426317022	0.7051377154434807	3.5434358946118034
1987	05	17	1.2123588810400001	0.6626595398143553	2.6923437695478736
1987	05	18	0.0043201763163399996	0.628676999311055	4.0258171804786596
1987	05	19	0.00206436208571	0.5777031885561047	4.367257873159753
1987	05	20	0.00082464384896	0.5607119183044544	4.412169100554619
1987	05	21	0.00166301877714	0.5182337426753292	4.5024617896525285
1987	05	22	0.07901854956999999	0.4842512021720288	4.312311666396323
1987	05	23	3.9008953336800003	0.4672599319203788	3.60330791312256
1987	05	24	0.00658916883183	0.4417730265429035	3.2946845588548475
1987	05	25	0.85150418107	0.4077904860396033	3.9780065978062145
1987	05	26	0.63039862253	0.3992948509137782	3.68969975075907
1987	05	27	0.319442588238	0.38230358066212805	3.8258257707604604
1987	05	28	0.00083858933425	0.373807945536303	4.385610265971982
1987	05	29	0.00165437261301	0.3568166752846529	4.89962730828838
1987	05	30	0.0008358329058299999	0.33132976990717766	4.874460398359558
1987	05	31	0.00124112440015	0.3143384996555275	5.291528565026106
1987	06	01	0.00272277508078	0.29734722940387737	5.326335299666732
1987	06	02	0.43479684493	0.2803559591522272	5.187237390824429
1987	06	03	0.707889105745	0.2633646889005771	3.3160708033927304
1987	06	04	0.15074455586699997	0.25486905377475205	3.121756888278205
1987	06	05	0.158144611647	0.23787778352310193	4.141720076686189
1987	06	06	0.57971977794	0.23787778352310193	4.980591436408951
1987	06	07	1.0405512449999998	0.22938214839727683	3.028703576817521
1987	06	08	1.05625133982	0.20389524301980164	2.788470316195477
1987	06	09	3.8704336178800003	0.19539960789397656	3.16255732757138
1987	06	10	4.4366437825	0.2123908781456267	2.992203688024688
1987	06	11	1.7642202796699997	0.22088651327145176	3.5399989309968856
1987	06	12	5.23087813906	0.22088651327145176	3.6570701310385716
1987	06	13	9.0612347461	0.2633646889005771	3.426639216348428
1987	06	14	0.760193074846	0.2718603240264022	3.0149782686223165
1987	06	15	1.10091724016	0.2718603240264022	3.0537861246505384
1987	06	16	0.00171695965003	0.25486905377475205	4.1640327006120215
1987	06	17	0.00166003701442	0.23787778352310193	5.172764580882653
1987	06	18	0.00206364207976	0.22088651327145176	5.290525104480148
1987	06	19	0.32673615663699995	0.2123908781456267	3.231307011050561
1987	06	20	0.056408841491699994	0.20389524301980164	4.0215457790449625
1987	06	21	0.0008358328381330001	0.19539960789397656	5.3483267893132584
1987	06	22	0.00235169774697	0.15292143226485122	5.684218867415829
1987	06	23	0.017539803347399997	0.15292143226485122	5.645398445387411
1987	06	24	0.0286868348869	0.1359301620132011	5.579397906085536
1987	06	25	0.40193308483400003	0.10194762150990082	5.572313085550266
1987	06	26	0.0008524802750999999	0.10194762150990082	6.194282494932244
1987	06	27	0.00042730414097	0.09345198638407574	6.586100585733217
1987	06	28	0.628636895144	0.08495635125825068	6.480503090844456
1987	06	29	2.9174873197999998	0.11044325663572588	5.711487921275847
1987	06	30	0.85438207725	0.12743452688737603	5.39334402822298
1987	07	01	2.08360989017	0.08495635125825068	5.088946109815384
1987	07	02	2.4909246544	0.07646071613242561	5.26146956031606
1987	07	03	0.24236154615	0.06796508100660055	5.708036389668619
1987	07	04	3.03834841797	0.05946944588077548	5.3539727246027216
1987	07	05	1.97149447072	0.06796508100660055	5.027492981814741
1987	07	06	6.07375298354	0.05946944588077548	4.724761486584181
1987	07	07	0.1003699754435	0.11044325663572588	5.366332502052148
1987	07	08	0.0115641968942	0.1359301620132011	5.566209079979907
1987	07	09	0.00274935243943	0.09345198638407574	5.840939943697825
1987	07	10	0.15284793067	0.09345198638407574	5.734955653901422
1987	07	11	0.00165437261301	0.07646071613242561	5.940656277979055
1987	07	12	0.87325919228	0.06796508100660055	5.61516798930697
1987	07	13	2.4862478555100003	0.4672599319203788	4.856557630879579
1987	07	14	0.8758299955259999	0.5522162831786295	4.704363465362966
1987	07	15	0.5099256699450001	0.29734722940387737	3.961655491926206
1987	07	16	3.0912496583599998	0.24637341864892698	2.2262588405952344
1987	07	17	1.31316986859	0.2123908781456267	3.7081933649452474
1987	07	18	0.29832066002999996	0.17840833764232644	3.5662981961949156
1987	07	19	0.000932920597064	0.15292143226485122	4.573749451752762
1987	07	20	8.5060090967e-05	0.12743452688737603	4.992115426642695
1987	07	21	0.0	0.11044325663572588	5.331583418879711
1987	07	22	0.000420798604335	0.09345198638407574	5.2792651601404845
1987	07	23	3.83842512234	0.08495635125825068	3.9779771043395895
1987	07	24	0.646759401386	0.06796508100660055	4.435147273979935
1987	07	25	0.00248444073245	0.05946944588077548	5.1031156399246616
1987	07	26	0.00125347397702	0.05946944588077548	5.212861135604101
1987	07	27	0.0	0.05097381075495041	5.788366787042593
1987	07	28	0.21863320607400002	0.04247817562912534	5.892342852393371
1987	07	29	0.7819735981539999	0.04247817562912534	4.996565497625852
1987	07	30	0.0027576624395999998	0.033982540503300275	5.08781942631505
1987	07	31	0.0016716649412699999	0.033982540503300275	5.735346399789906
1987	08	01	0.0008250440349399999	0.04247817562912534	5.982307400044689
1987	08	02	0.00083006850628	0.025486905377475205	6.093547470278597
1987	08	03	0.0	0.016991270251650138	6.1748489019316875
1987	08	04	0.018048571447	0.008495635125825069	6.4510000765444575
1987	08	05	0.34156325995799997	0.008495635125825069	4.991466026057905
1987	08	06	2.895826214	0.008495635125825069	3.176944284686309
1987	08	07	1.99360769577	0.008495635125825069	3.4065964624295293
1987	08	08	3.51780758497	0.016991270251650138	3.843427687378783
1987	08	09	0.022703281773	0.016991270251650138	4.894036320624962
1987	08	10	0.03174449658200001	0.008495635125825069	5.177124633500407
1987	08	11	0.0	0.008495635125825069	5.822162460421409
1987	08	12	1.3057117868099999	0.008495635125825069	6.540686435759819
1987	08	13	1.47892713361	0.016991270251650138	6.086109691031427
1987	08	14	0.5529955554839999	0.008495635125825069	5.264627640681583
1987	08	15	0.38273678812	0.008495635125825069	4.854053348477398
1987	08	16	6.7995096002699995	0.008495635125825069	2.5645979110122537
1987	08	17	0.10099523944199999	0.008495635125825069	3.87248908150113
1987	08	18	5.0587927518999995e-05	0.008495635125825069	4.97451581527594
1987	08	19	0.0016467230454300001	0.008495635125825069	5.467029664084022
1987	08	20	0.49685952032999997	0.008495635125825069	5.303844070385193
1987	08	21	0.20506164999899998	0.008495635125825069	4.202755470573451
1987	08	22	0.018843808106	0.008495635125825069	4.174246330257203
1987	08	23	0.052622080205299994	0.008495635125825069	3.7338747364234437
1987	08	24	0.038404749875000005	0.008495635125825069	3.0950530689854547
1987	08	25	0.0016734179067299999	0.008495635125825069	4.223596245206199
1987	08	26	0.0	0.008495635125825069	4.726799510582472
1987	08	27	0.0	0.008495635125825069	4.5819791710364655
1987	08	28	0.0	0.008495635125825069	4.988189893385103
1987	08	29	2.0488124716500002	0.008495635125825069	4.791389204321155
1987	08	30	9.6192930314	0.008495635125825069	3.0556923678474983
1987	08	31	11.8998985804	0.008495635125825069	2.645147342404962
1987	09	01	1.50319370352	0.008495635125825069	2.82210829967914
1987	09	02	0.72633387872	0.008495635125825069	3.571685507904043
1987	09	03	0.008557410461699999	0.008495635125825069	3.3482719374334815
1987	09	04	0.080379684794	0.008495635125825069	3.928308337591492
1987	09	05	0.00411085844957	0.008495635125825069	3.594113554251982
1987	09	06	0.00080892837725	0.008495635125825069	4.433829710770507
1987	09	07	0.0	0.0	4.215481110921258
1987	09	08	0.0026197810583999995	0.0	4.481941673510755
1987	09	09	0.0	0.0	4.20224215198804
1987	09	10	0.0	0.0	4.354401967914444
1987	09	11	0.0	0.0	4.308652664019903
1987	09	12	0.0012584234981100001	0.0	4.456295109636768
1987	09	13	0.000426562994214	0.0	4.486984977934618
1987	09	14	0.000830083457646	0.0	4.571538711104907
1987	09	15	0.64676350189	0.0	4.231925657670428
1987	09	16	1.0375189996599998	0.0	4.103546915273991
1987	09	17	0.8041763379800001	0.0	4.201415657156239
1987	09	18	0.0018718785286399998	0.0	3.9030913661327458
1987	09	19	2.8461554744499997	0.0	3.196904279192226
1987	09	20	2.7136624843200003	0.0	3.0190266140681006
1987	09	21	0.6384518092950001	0.0	2.627184713613788
1987	09	22	12.9402109517	0.0	1.3209097899244089
1987	09	23	1.38047122798	0.0	2.167161374143631
1987	09	24	3.1457432289000002	0.008495635125825069	2.2275295343727457
1987	09	25	25.8383694941	0.008495635125825069	2.1675130257443844
1987	09	26	22.4257588886	0.008495635125825069	1.361164527642335
1987	09	27	5.34377246085	0.16991270251650137	1.9894823046736536
1987	09	28	0.1193942840606	0.2123908781456267	2.423162787490102
1987	09	29	0.043329194062000004	0.22088651327145176	2.5333859504049436
1987	09	30	1.2469118166799997	0.23787778352310193	2.417878195179062
1987	10	01	1.05678179417	0.17840833764232644	2.1784189933696063
1987	10	02	2.4559137002	0.15292143226485122	1.5403994584945788
1987	10	03	5.93752843806	0.17840833764232644	1.4862786326692077
1987	10	04	8.126976495000001	0.2123908781456267	1.5740272051390767
1987	10	05	4.6931709259	0.25486905377475205	1.7187553702623508
1987	10	06	2.862238831	0.2633646889005771	1.3886761732071855
1987	10	07	2.5071366352499997	0.22088651327145176	1.528638988829431
1987	10	08	0.080077291966	0.1869039727681515	1.49554030137301
1987	10	09	9.346235731250001	0.16991270251650137	1.8547927616952176
1987	10	10	2.9436415722000002	0.22938214839727683	1.221663301707825
1987	10	11	2.07140566843	0.22938214839727683	1.8322935884182832
1987	10	12	0.403699705746	0.20389524301980164	1.5104876524004225
1987	10	13	1.14105140661	0.17840833764232644	1.197045740530156
1987	10	14	25.3183346795	0.628676999311055	1.0139686857432355
1987	10	15	54.404877799	36.87105644608079	1.5692870717302632
1987	10	16	9.8618349417	9.175285935891075	1.1923241672108256
1987	10	17	0.0761955885384	1.8945266330589903	1.5918002617891855
1987	10	18	0.00127390328755	1.5377099577743374	1.8992619157772348
1987	10	19	21.7332060063	2.4212560108601444	1.243083760890443
1987	10	20	9.9119568334	3.5936536582240044	0.9702548088943255
1987	10	21	4.29941064843	2.871524672528873	1.1133587747124825
1987	10	22	2.64946745013	1.9370048086881153	1.3584855520218195
1987	10	23	3.73722429678	1.7925790115490894	1.2925929304118953
1987	10	24	0.67881880507	1.6906313900391885	1.4968366795857924
1987	10	25	0.04542234178249999	1.4612492416419116	1.6184842658850636
1987	10	26	18.000641970999997	1.4442579713902615	1.6330393719901353
1987	10	27	21.9479457258	4.052417955018557	1.2202974182705637
1987	10	28	0.0181203621813	1.9370048086881153	1.2329533588599508
1987	10	29	0.12760243312699998	1.639657579284238	1.0699381800388295
1987	10	30	32.609615887	8.665547828341568	0.5888724759878661
1987	10	31	6.1903016861	3.8825052525020562	1.2665429949720453
1987	11	01	3.33603814196	4.094896130647683	1.393448855865585
1987	11	02	0.032418294494	2.1833782273370423	1.536786518291572
1987	11	03	1.40703301632	1.8350571871782146	1.1396959094665495
1987	11	04	0.016859285057500003	1.6481532144100632	1.4352812767999918
1987	11	05	0.0144867073314	1.495231782145212	1.311523593128074
1987	11	06	0.08697660851059999	1.376292890383661	1.2426409757631984
1987	11	07	0.11958953091249999	1.2828409039995852	1.267454129466248
1987	11	08	0.27067496535200003	1.2148758229929848	1.1753180010234177
1987	11	09	0.049242391618	1.1469107419863844	1.0327358152946629
1987	11	10	0.35567147916499997	1.0789456609797836	0.9425790721055325
1987	11	11	0.060520717620600004	1.0449631204764833	1.1088630774144084
1987	11	12	1.08050949596	1.0959369312314338	0.9191698957531036
1987	11	13	8.2728606287	1.6651444846617134	0.9818848950525685
1987	11	14	0.822922468986	1.4782405118935618	0.8765356254752267
1987	11	15	0.43362268882	1.1978845527413347	1.0819714150816302
1987	11	16	0.087335822332	1.1469107419863844	0.8834076876867414
1987	11	17	0.0061575701866000004	1.2658496337479352	1.071570316950213
1987	11	18	0.0016575803869999998	1.1893889176155095	1.155788697746427
1987	11	19	0.00061238851265	1.1808932824896843	1.1129690098309903
1987	11	20	0.0008243041067299999	1.367797255257836	1.3508497301276325
1987	11	21	0.014389116303299998	1.367797255257836	0.9966431033705813
1987	11	22	0.104651012836	1.3932841606353112	1.0680546201003795
1987	11	23	3.2122734227499996	1.486736147019387	0.7308574910113265
1987	11	24	0.78722587957	1.4442579713902615	0.6385429199571202
1987	11	25	0.06830956114	1.248858363496285	0.735560590643076
1987	11	26	0.0237491994559	1.0874412961056088	0.7389902835055712
1987	11	27	0.015387682836	1.0194762150990082	0.7639899111283699
1987	11	28	0.0008243041067299999	0.9685024043440577	0.8360433285128416
1987	11	29	0.00083006850628	0.9430154989665827	0.7829108431306231
1987	11	30	0.0	0.9175285935891073	0.7178109386708066
1987	12	01	0.000824304164756	0.866554782834157	0.729601306556555
1987	12	02	2.96531399307	0.8580591477083319	0.599813805918222
1987	12	03	16.959902141500002	1.248858363496285	0.7261553716170355
1987	12	04	8.8409516094	1.9285091735622903	0.5268582732111247
1987	12	05	8.3238055225	3.5002016718399283	0.5008033045755169
1987	12	06	1.88726982843	3.2113500775618755	0.6528854443039549
1987	12	07	2.5431355788100003	2.106917511204617	0.7681897060106908
1987	12	08	1.13807486623	1.8690397276815152	0.5945385790220694
1987	12	09	0.43686292835699997	1.7246139305424886	0.790993078321452
1987	12	10	29.231094589399998	12.318670932446349	0.6699230883650868
1987	12	11	0.7589484558299999	3.6021492933498287	0.6599794532034167
1987	12	12	1.27000142589	2.276830213721118	0.7312672916659796
1987	12	13	20.9546943747	7.994392653401389	0.4738624573683475
1987	12	14	5.036040080329999	4.4262259005548605	0.5520215286578223
1987	12	15	4.5220590216	4.094896130647683	0.7370133585628365
1987	12	16	2.9400041156799994	2.998959199416249	0.5412374789821505
1987	12	17	5.4874404849	4.791538210965339	0.5601616664942467
1987	12	18	1.5974061677700002	2.718603240264022	0.6442163840967474
1987	12	19	0.0027092184664	2.1578913219595672	0.8561883294129466
1987	12	20	0.004587872110799999	1.8775353628073401	0.8286989568853869
1987	12	21	0.0005284311768	1.5971794036551128	0.8796424041178279
1987	12	22	0.0023764985429199996	1.495231782145212	0.8489489394647852
1987	12	23	0.074157634182	1.4697448767677368	0.6617473714624562
1987	12	24	0.0589240268167	1.359301620132011	0.6179526828482115
1987	12	25	0.40588268255	1.3932841606353112	0.5857537279933935
1987	12	26	0.0479690033112	1.4272667011386115	0.75789764721846
1987	12	27	0.00353394829055	1.5292143226485122	0.7354143668698764
1987	12	28	0.00366512592797	1.3423103498803608	0.7558577119830626
1987	12	29	0.0	1.2148758229929848	0.7467386454821661
1987	12	30	0.379502283486	1.384788525509486	0.76614005928243
1987	12	31	14.7695570026	2.7101076051381967	0.535137520434655
1988	01	01	0.338223718593	2.0134655248205413	0.6672577324566121
1988	01	02	3.7468176386499996	2.021961159946366	0.6988441424952402
1988	01	03	5.49857789863	2.1324044165820917	0.5772585416772213
1988	01	04	1.6756210572399999	2.293821483972769	0.6429781324597998
1988	01	05	27.7957973019	13.083278093770605	0.7027654028124893
1988	01	06	6.95437596535	10.279718502248333	0.45342342592055307
1988	01	07	0.018831291897799998	4.528173522064761	0.7030734011582487
1988	01	08	0.0337495705055	3.0924111858003247	0.7066730527862709
1988	01	09	0.0264578879515	2.4127603757343192	0.7362354629507791
1988	01	10	2.58943500776	2.2173607678403426	0.5326202243677465
1988	01	11	0.13581055898299998	2.0134655248205413	0.7277701034328027
1988	01	12	5.9288374972	2.5401949026216957	0.5401016441359774
1988	01	13	14.4928406796	8.385191869189342	0.5864446903295834
1988	01	14	13.911719960600001	3.8315314417471056	0.5946055184642964
1988	01	15	8.6938160483	5.4457021156538685	0.5920860738701369
1988	01	16	0.0707482005	3.466219131336628	0.8312155258018304
1988	01	17	0.0024672246116700003	2.7016119700123715	1.0363134670925895
1988	01	18	0.138941690298	2.370282200105194	0.9272517765045394
1988	01	19	7.06868031894	2.3957691054826693	0.7321499784196531
1988	01	20	0.9881566683	2.0984218760787923	0.7104486174749205
1988	01	21	0.327889993976	1.9624917140655906	0.7044240955257083
1988	01	22	0.31843148518799996	1.86054409255569	0.6358586604503926
1988	01	23	1.2714241267	1.7840833764232642	0.6958187723555547
1988	01	24	8.3530332187	2.0729349707013167	0.5688684669746557
1988	01	25	3.99361769025	3.3048020639459517	0.6833220196101646
1988	01	26	19.851893804000003	5.343754494143968	0.8063169829635337
1988	01	27	16.571198539799997	12.65849633747935	0.672642944129981
1988	01	28	2.2159810257	4.519677886938936	0.7862827074113738
1988	01	29	28.244284124300002	12.48858363496285	0.8940797791980146
1988	01	30	3.3312388115	6.082874750090749	0.7737069697645989
1988	01	31	1.8047408025699998	3.619140563601479	0.9027654365701071
1988	02	01	12.9224656338	5.199328697004941	0.804627782991251
1988	02	02	0.537287743206	3.5936536582240044	0.8916243962618936
1988	02	03	12.9500434574	6.830490641163354	0.7341418016829117
1988	02	04	6.8059391711999995	5.8959707773225976	0.8797594547615966
1988	02	05	12.334974627100001	6.516152141507828	0.7529130391179
1988	02	06	14.408352889399998	14.952317821452121	0.8358504133788576
1988	02	07	0.706176961576	5.097381075495041	1.0259731935550682
1988	02	08	0.92465340074	3.695601279733904	0.9488249152499232
1988	02	09	1.14289643999	3.236836982939351	1.0408774360761595
1988	02	10	0.21636788070500002	2.888515942780523	1.0355997830851695
1988	02	11	3.50585103754	2.8120552266480976	0.931266661749774
1988	02	12	0.011727140671900001	2.6846206997607216	1.089394074444584
1988	02	13	0.0012535831626099999	2.4552385513634447	1.2154136519087932
1988	02	14	0.00042079855598	2.259838943469468	1.6295671939427063
1988	02	15	0.0197898997927	2.0304567950721912	1.4667858187783684
1988	02	16	0.00123933758619	1.9200135384364652	1.3119684843381894
1988	02	17	0.00123933758619	1.987978619443066	1.4193453393242328
1988	02	18	0.0008243041067299999	1.8690397276815152	1.488836532803756
1988	02	19	0.0	1.8265615520523897	1.467365572286506
1988	02	20	0.0012479847174199999	1.6566488495358882	1.5712581848833957
1988	02	21	0.067168605573	1.7416052007941387	1.3889735565609271
1988	02	22	1.63457182077	1.9624917140655906	1.4092252255695676
1988	02	23	1.0432624131400001	1.8690397276815152	1.5901147660347164
1988	02	24	0.0106565890178	1.8690397276815152	1.358744639592351
1988	02	25	0.0008244662893999999	1.6821357549133635	1.34204138129518
1988	02	26	0.00092298534666	1.5971794036551128	1.315090676948799
1988	02	27	0.0795628189435	1.614170673906763	1.2367324095603607
1988	02	28	0.0031740043086500003	1.6566488495358882	1.6080218614176942
1988	02	29	0.000840654440906	1.5971794036551128	1.5268178268952752
1988	03	01	0.0	1.5292143226485122	1.5529140800264325
1988	03	02	0.0033325047453999996	1.4612492416419116	1.4394650445982398
1988	03	03	0.0028998454815999998	1.4782405118935618	1.6721091894358624
1988	03	04	0.076779171494	1.3932841606353112	1.4121226690593873
1988	03	05	0.4842569984549999	1.3168234445028855	1.3561552058372028
1988	03	06	0.0189635312176	1.2828409039995852	1.5066227736395308
1988	03	07	0.0	1.24036272837046	2.0262116732295334
1988	03	08	0.0008329506577000001	1.25735399862211	1.9893763905815756
1988	03	09	0.0016659012186900002	1.231867093244635	1.8956171083059894
1988	03	10	0.000848412990985	1.2063801878671596	1.9430703256638244
1988	03	11	0.00208885147546	1.1723976473638593	2.272010419188016
1988	03	12	0.0008243041067299999	1.1469107419863844	2.4134905157091953
1988	03	13	0.00207215720184	1.129919471734734	2.33189770551777
1988	03	14	0.00249434296606	1.1214238366089089	2.3831705170132875
1988	03	15	0.178622025731	1.129919471734734	2.0428047966425233
1988	03	16	0.614456656	1.1723976473638593	1.7997911904276984
1988	03	17	0.475546841318	1.2063801878671596	1.6387099728060432
1988	03	18	0.0414340320206	1.1808932824896843	2.560181093581355
1988	03	19	0.018336334953299997	1.129919471734734	2.5006604940302566
1988	03	20	0.0080488560912	1.2658496337479352	2.689311699648392
1988	03	21	3.0256603561	1.2658496337479352	1.9659360249925129
1988	03	22	1.44799676115	1.231867093244635	1.8665244249703503
1988	03	23	0.079512205765	1.1639020122380346	2.615131149994043
1988	03	24	0.00719052263677	1.112928201483084	3.0688211148231104
1988	03	25	0.06168002294299999	1.0619543907281335	2.5071346763783313
1988	03	26	0.110227688605	1.112928201483084	2.3199978993764567
1988	03	27	0.00535574129045	1.1554063771122094	2.688271945625923
1988	03	28	0.0008243041067299999	1.138415106860559	2.861694721706581
1988	03	29	1.72048385914	1.138415106860559	2.347882652370308
1988	03	30	2.08697820276	1.138415106860559	1.61530977646756
1988	03	31	0.30106436141399995	1.0874412961056088	1.862256025265362
1988	04	01	0.000880518080473	1.0874412961056088	2.4526360992567486
1988	04	02	7.6317835781	1.112928201483084	1.6408669446828286
1988	04	03	3.2817948569	1.2743452688737602	1.9124671761061962
1988	04	04	2.2042559053	1.1978845527413347	2.0075856403519805
1988	04	05	3.9215893394799997	1.25735399862211	2.193947164286903
1988	04	06	0.8704742344099999	0.8410678774566818	2.366934390142336
1988	04	07	0.7924428038100001	0.7900940667017313	1.9502937064464725
1988	04	08	1.4941812019099998	0.7731027964500812	2.219242308495889
1988	04	09	1.82642376483	0.7646071613242561	2.45200408617261
1988	04	10	1.54100151092	0.7391202559467809	2.540320165617817
1988	04	11	13.9478827309	1.0194762150990082	2.2345125429720745
1988	04	12	7.2127468849	1.376292890383661	2.1447837671146295
1988	04	13	3.2167012900999996	1.1978845527413347	1.3128213102718573
1988	04	14	0.68267521303	1.129919471734734	2.850315496960515
1988	04	15	0.452823859718	1.002484944847358	3.272927848738412
1988	04	16	0.436990488847	0.9260242287149324	2.7715526524262466
1988	04	17	11.726489813599999	1.112928201483084	2.1549050470365247
1988	04	18	26.559237130199996	1.5462055929001624	2.363152885353924
1988	04	19	3.0637341159999996	1.3083278093770605	2.244262780144017
1988	04	20	0.0014434713134100002	1.104432566357259	3.146035226340063
1988	04	21	1.37225871149	1.0279718502248332	3.2648800082657226
1988	04	22	3.86524087114	1.112928201483084	2.455168530973183
1988	04	23	0.565137312235	1.104432566357259	2.506720517961553
1988	04	24	3.79069699656	0.9854936745957079	2.491437553302534
1988	04	25	3.16953427574	0.9430154989665827	2.23003646128754
1988	04	26	0.0010726413637799999	0.883546053085807	3.383087533533914
1988	04	27	0.0064413676157999995	0.8155809720792065	3.3305263357661548
1988	04	28	0.193407766185	0.7646071613242561	3.520437082081091
1988	04	29	0.870272236233	0.7646071613242561	2.4235837365652566
1988	04	30	4.71907924477	0.7815984315759062	2.566491360987517
1988	05	01	9.254702134	0.9430154989665827	1.8748815533006802
1988	05	02	16.619630907799998	1.639657579284238	1.9932350081535453
1988	05	03	1.48124856045	1.614170673906763	2.6356707452735746
1988	05	04	14.196204030799999	1.987978619443066	2.3655581289673178
1988	05	05	3.64173545395	2.0899262409529666	3.0172966066674443
1988	05	06	7.9959131688	2.4722298216150946	2.1348092253408106
1988	05	07	3.127030811	1.9794829843172408	2.4985159157916983
1988	05	08	3.88293667352	1.7755877412974392	3.04966860052082
1988	05	09	0.147721439951	1.6481532144100632	3.089230812507124
1988	05	10	0.0346293877963	1.4697448767677368	3.5267230403641734
1988	05	11	0.7178545876949999	1.4272667011386115	3.1064831411802336
1988	05	12	0.549837200304	1.4357623362644365	2.7741880032121373
1988	05	13	1.66471913236	1.3253190796287107	2.6098262517238457
1988	05	14	1.9848141456	1.25735399862211	3.0783335882019243
1988	05	15	2.19025858345	1.2063801878671596	3.8812228849216037
1988	05	16	1.82272422049	1.2233714581188098	2.822356771184525
1988	05	17	2.62993212684	1.2063801878671596	2.53950530547308
1988	05	18	3.14248284467	1.248858363496285	2.57684586707176
1988	05	19	0.145230925347	1.3338147147545356	2.97658901257955
1988	05	20	0.00941320837335	1.2063801878671596	4.399930807627051
1988	05	21	0.388771569488	1.104432566357259	3.956484181494911
1988	05	22	6.41504063934	1.1723976473638593	3.6092345900482843
1988	05	23	0.942306196183	1.138415106860559	3.418559215857288
1988	05	24	0.08617618626139999	1.0449631204764833	4.280697147289043
1988	05	25	0.1009299650275	0.9600067692182326	3.4519802724806894
1988	05	26	0.33823062368699996	0.9090329584632822	2.888293844388191
1988	05	27	1.4442748767999998	0.883546053085807	3.491919811700995
1988	05	28	1.53029281262	0.866554782834157	2.553593937084218
1988	05	29	0.17309697376000002	0.883546053085807	2.89934034251458
1988	05	30	0.366865642323	0.8580591477083319	3.2398030122325308
1988	05	31	0.00626526228407	0.8240766072050316	4.561281164381846
1988	06	01	0.026509863773899998	0.4247817562912534	4.776571383546818
1988	06	02	0.00247114484823	0.7391202559467809	5.172595335711035
1988	06	03	0.19989862224199997	0.6881464451918305	5.124250484238305
1988	06	04	0.0008301741135999999	0.6371726344368801	3.5054566430865663
1988	06	05	0.00125611029162	0.5946944588077547	4.588630558772017
1988	06	06	0.0009117997713500001	0.5267293778011543	4.658109884973099
1988	06	07	1.66179752326	0.47575556704620386	4.324839879074284
1988	06	08	21.782456540899997	0.4672599319203788	2.9434632440714896
1988	06	09	13.7372638245	0.62018136418523	3.4484844010221103
1988	06	10	15.428938354899998	0.756111526198431	2.8417535039456605
1988	06	11	12.039186125	1.1214238366089089	2.9616005664457736
1988	06	12	6.3341442717000005	1.2913365391254104	3.4666628604006986
1988	06	13	6.6133644166	1.2828409039995852	3.3672813353020157
1988	06	14	5.76129660965	1.367797255257836	2.990878900822102
1988	06	15	12.0659796305	1.486736147019387	3.320036281796025
1988	06	16	2.46623604205	1.3932841606353112	3.7004244235732493
1988	06	17	1.3039867705400001	1.231867093244635	4.480249726561362
1988	06	18	0.266243094208	1.1639020122380346	4.272278537385965
1988	06	19	0.007676687965299999	1.002484944847358	4.5719946952194865
1988	06	20	0.079837412482	0.7900940667017313	4.746746010085651
1988	06	21	2.3122860042199997	0.866554782834157	4.6436137204121115
1988	06	22	1.9330839666000001	4.97844218373349	4.711458897523991
1988	06	23	7.844533005799999	4.715077494832912	3.822101911611617
1988	06	24	3.6794857188999996	1.987978619443066	3.5848950543642952
1988	06	25	0.000494646631123	1.6056750387809378	4.35591681731042
1988	06	26	0.08030722482649999	1.367797255257836	4.069323839763048
1988	06	27	0.7919948140769999	1.231867093244635	4.062220741284498
1988	06	28	13.315444784599999	1.3338147147545356	2.0126442143528234
1988	06	29	6.5880321992	1.5207186875226872	3.328079111620852
1988	06	30	5.6429240532	1.5971794036551128	3.4950406054411753
1988	07	01	0.7195398754969999	1.495231782145212	2.7810482185968763
1988	07	02	1.89605457799	1.3508059850061858	2.9542482985601417
1988	07	03	1.0669405027	1.2743452688737602	2.705206433911525
1988	07	04	10.141886792600001	1.2658496337479352	2.594755540330952
1988	07	05	5.84974186976	1.3083278093770605	2.506919049112358
1988	07	06	6.03968591894	1.359301620132011	3.050455955558725
1988	07	07	0.05943484033279999	1.3083278093770605	3.4446380148633584
1988	07	08	0.37917950419	1.2233714581188098	3.66568141930043
1988	07	09	0.00200060137613	1.1554063771122094	5.279081518381384
1988	07	10	0.0	1.0364674853506584	5.5061810225346965
1988	07	11	0.0068639158490999995	0.9090329584632822	5.6994265202313406
1988	07	12	0.0084253674632	0.8495635125825068	5.620205197818085
1988	07	13	0.020965457230599997	0.7985897018275564	4.467727929134605
1988	07	14	0.000716052213096	0.756111526198431	5.039600949918898
1988	07	15	0.0029132272443	0.7136333505693058	5.077648776314608
1988	07	16	0.0092338272805	0.6626595398143553	5.127218956051241
1988	07	17	0.19299592664999998	0.62018136418523	5.330786701933568
1988	07	18	21.4468757422	0.62018136418523	5.2073097520280225
1988	07	19	2.63361020156	0.628676999311055	2.8742921859919885
1988	07	20	0.012556971464999999	0.6626595398143553	4.489198903507498
1988	07	21	0.0372826372844	0.628676999311055	5.213803557297556
1988	07	22	0.0079020029233	0.5946944588077547	5.106791330819472
1988	07	23	0.91237326165	0.5692075534302795	3.365388936295804
1988	07	24	0.000829518265064	0.5607119183044544	4.499097871085515
1988	07	25	0.00125086706226	0.5267293778011543	5.604470201500549
1988	07	26	0.0060794062633	0.47575556704620386	5.020141803584864
1988	07	27	0.0011735566047099998	0.4332773914170785	5.3209559980320105
1988	07	28	0.00168747654272	0.4077904860396033	4.990935438649338
1988	07	29	0.0782353958584	0.3907992157879531	3.6249706307497487
1988	07	30	0.00124307136587	0.38230358066212805	5.095810753174882
1988	07	31	0.000824304164756	0.3568166752846529	5.17809171469064
1988	08	01	0.0086519270789	0.373807945536303	5.471784202702988
1988	08	02	2.5283794703	0.33982540503300274	4.158365869405301
1988	08	03	0.0349847380532	0.33982540503300274	4.130789316183457
1988	08	04	0.00082718635486	0.33132976990717766	4.796454517370933
1988	08	05	0.00084447965022	0.29734722940387737	4.992049515458041
1988	08	06	0.024011867684299998	0.25486905377475205	4.765396581934133
1988	08	07	0.0091409924502	0.2123908781456267	4.841704804037185
1988	08	08	0.0044958718878	0.22088651327145176	5.281930059060206
1988	08	09	0.0047668968273	0.1614170673906763	5.358042992188637
1988	08	10	0.0281864360707	0.19539960789397656	3.8271893492384024
1988	08	11	0.00255975171075	0.1614170673906763	4.691908973222879
1988	08	12	0.0020624065128	0.1614170673906763	4.786357250068923
1988	08	13	0.00747004635436	0.12743452688737603	5.337793202280752
1988	08	14	0.006711426905949999	0.11044325663572588	4.90469822460929
1988	08	15	0.0014098194248399999	0.10194762150990082	4.895358928535381
1988	08	16	0.0028250116704399996	0.10194762150990082	4.6513226684544
1988	08	17	0.00124435480428	0.10194762150990082	5.217086945882643
1988	08	18	0.00184583085066	0.08495635125825068	5.0462265964733275
1988	08	19	0.18974294073499998	0.09345198638407574	3.9124594911522097
1988	08	20	0.0024344689346699998	0.09345198638407574	3.4767671679457544
1988	08	21	0.0025409527374	0.08495635125825068	4.018644364683301
1988	08	22	0.00166013633559	0.08495635125825068	4.5511320136742865
1988	08	23	0.0020749930291699996	0.10194762150990082	4.642057539922207
1988	08	24	0.0021029886399700003	0.07646071613242561	4.718677390628718
1988	08	25	0.00201798877032	0.07646071613242561	4.728483573530297
1988	08	26	0.0012399673617099999	0.06796508100660055	4.939559883127907
1988	08	27	0.0064961441598	0.05946944588077548	4.748497831780465
1988	08	28	0.206705758683	0.05946944588077548	3.3017521024776646
1988	08	29	0.0021070275397	0.05097381075495041	3.156702843463625
1988	08	30	0.000412152082378	0.05097381075495041	3.8242338165119394
1988	08	31	0.51117347072	0.05097381075495041	4.106469218747292
1988	09	01	4.22361844117	5.692075534302796	2.107664508539028
1988	09	02	0.021887266970500002	0.05946944588077548	2.617645584565419
1988	09	03	1.6222054163600002e-07	0.05097381075495041	3.701971573762899
1988	09	04	0.00344832048287	0.04247817562912534	4.425758819784654
1988	09	05	0.0	0.04247817562912534	4.715867145812161
1988	09	06	0.0008243041067299999	0.04247817562912534	4.722592946431091
1988	09	07	0.245185545847	0.05097381075495041	4.5854039957223796
1988	09	08	0.39286858225700005	0.05097381075495041	4.955043304440902
1988	09	09	0.0114903742828	0.04247817562912534	4.759880225955251
1988	09	10	0.0	0.04247817562912534	4.08520516350369
1988	09	11	0.000426562994214	0.033982540503300275	4.110400803810866
1988	09	12	0.00042062679901999997	0.033982540503300275	4.13728936521759
1988	09	13	0.000446092524575	0.033982540503300275	3.690162343006773
1988	09	14	0.0	0.025486905377475205	3.287678059850735
1988	09	15	0.000412152082378	0.025486905377475205	3.060834374163201
1988	09	16	0.0	0.033982540503300275	3.0751874681098985
1988	09	17	0.0033306352443899997	0.05097381075495041	3.30610476294969
1988	09	18	0.000412152082378	0.05946944588077548	3.1454429647543143
1988	09	19	0.0012446951267700002	0.05097381075495041	3.3360381149005245
1988	09	20	0.0	0.04247817562912534	3.2936475621357006
1988	09	21	0.0020857087873	0.033982540503300275	3.326698578271471
1988	09	22	0.027457177875	0.033982540503300275	2.4807445971243958
1988	09	23	0.0028520533338	0.033982540503300275	2.6491606352841592
1988	09	24	0.0069604511908399995	0.04247817562912534	3.2756146693755968
1988	09	25	0.0024996169492	0.06796508100660055	3.2751273554198015
1988	09	26	0.0	0.05097381075495041	3.3322655991268726
1988	09	27	0.0	0.04247817562912534	3.7580676778730386
1988	09	28	0.00042079855598	0.033982540503300275	3.6442615982429145
1988	09	29	0.0267908237317	0.033982540503300275	2.408945467583582
1988	09	30	0.0	0.033982540503300275	2.6321653198152943
1988	10	01	0.000426562994214	0.033982540503300275	2.7909050700906612
1988	10	02	0.0008243041067299999	0.04247817562912534	2.808350673341201
1988	10	03	0.00208296715551	0.04247817562912534	2.916324975956303
1988	10	04	0.000829064027865	0.025486905377475205	2.983081619330617
1988	10	05	0.004208356442649999	0.025486905377475205	2.2260118755232394
1988	10	06	0.0007039955127899999	0.025486905377475205	2.7969926578380604
1988	10	07	0.041843757475	0.016991270251650138	2.04422873759121
1988	10	08	0.0008243041067299999	0.016991270251650138	2.6553600503932953
1988	10	09	0.0440677547926	0.016991270251650138	2.6271279579863305
1988	10	10	2.18641716554	0.025486905377475205	1.6116143170106252
1988	10	11	0.869262409755	0.033982540503300275	1.4747892304932626
1988	10	12	0.749399262075	0.025486905377475205	1.365914328629227
1988	10	13	47.2359705242	0.025486905377475205	1.0357552963661982
1988	10	14	12.9544863148	0.06796508100660055	1.6040793786525116
1988	10	15	1.0104585745599999	0.10194762150990082	1.894811168252009
1988	10	16	1.15074049138	0.09345198638407574	2.5267340975897716
1988	10	17	0.8227067863440001	0.08495635125825068	1.638350403705781
1988	10	18	11.465493701099998	0.15292143226485122	1.301269416444721
1988	10	19	2.64366185212	0.2633646889005771	1.1364903464341256
1988	10	20	0.0040387769082999994	0.24637341864892698	1.5399933664704177
1988	10	21	0.6627758733	0.2123908781456267	1.8284072053149658
1988	10	22	17.706749952	0.22088651327145176	1.4273193918887883
1988	10	23	0.292959666903	0.33982540503300274	1.3912636119047403
1988	10	24	0.0008243041067299999	0.2803559591522272	1.7739070093631548
1988	10	25	0.0016626266180900001	0.2718603240264022	1.8835352595985473
1988	10	26	4.8456081291999995	0.24637341864892698	1.9455942968048026
1988	10	27	16.3682129537	0.3653123104104779	1.267399692661563
1988	10	28	1.51506205143	0.4077904860396033	1.6691142305325306
1988	10	29	0.4528571473	0.38230358066212805	1.7221974792350019
1988	10	30	7.846788766549999	0.4332773914170785	1.1767364540898733
1988	10	31	4.148006984899999	0.6711551749401804	1.345734906731315
1988	11	01	0.118007205412	0.6966420803176556	1.3447159942073152
1988	11	02	8.2513590944	0.6456682695627052	0.8406383925874882
1988	11	03	2.67941757003	0.62018136418523	1.0987366712745883
1988	11	04	0.14584397003700003	0.6031900939335798	1.3810990966148449
1988	11	05	0.5255724292	0.5692075534302795	1.4167918709228786
1988	11	06	3.6613545281	0.501242472423679	1.2597334638420232
1988	11	07	14.631668851699999	0.6626595398143553	0.6490557139638566
1988	11	08	17.177069281999998	1.3338147147545356	0.9017752935707671
1988	11	09	2.4237228095999996	1.129919471734734	1.1066401376574118
1988	11	10	0.00285341723493	0.9685024043440577	1.3012801145175172
1988	11	11	1.70187714527	0.8750504179599821	1.2577515274036137
1988	11	12	0.172088636616	0.8240766072050316	1.247050969041308
1988	11	13	6.3016081264e-05	0.7306246208209558	1.2394934020562844
1988	11	14	0.0089183167081	0.6711551749401804	1.0692927841649469
1988	11	15	0.00125230243208	0.6711551749401804	1.160522484605779
1988	11	16	0.00083089731098	0.6541639046885303	1.239470334969794
1988	11	17	0.0030133963675799996	0.5861988236819297	1.2431175052695316
1988	11	18	0.000328434684038	0.5522162831786295	1.0529095706917295
1988	11	19	0.0077339315814	0.5352250129269793	0.8468165413954513
1988	11	20	0.085228114921	0.5267293778011543	1.1294448983760688
1988	11	21	0.59311266229	0.5522162831786295	0.9653608653690338
1988	11	22	0.00084159720867	0.5607119183044544	0.6998699151674991
1988	11	23	0.0	0.5692075534302795	0.7400813120474122
1988	11	24	0.0	0.5437206480528044	0.7907928143159426
1988	11	25	2.3567051006399997	0.5522162831786295	0.746045643492728
1988	11	26	0.97196383603	0.6371726344368801	0.8001477767700644
1988	11	27	0.00042079855598	0.62018136418523	0.8351393108137936
1988	11	28	0.000832772073014	0.6116857290594049	0.8785211549398942
1988	11	29	0.018736017074199997	0.6031900939335798	0.9404913024863618
1988	11	30	18.8770250897	0.8580591477083319	0.7396758812178442
1988	12	01	2.8955160650300003	1.25735399862211	0.5297753286854155
1988	12	02	2.18719326329	0.9854936745957079	0.675888167119721
1988	12	03	0.135119682085	0.9515111340924077	0.7957825107161458
1988	12	04	0.08114219478899999	0.9090329584632822	0.720803468466576
1988	12	05	0.07170052321199999	0.8240766072050316	0.812062235172053
1988	12	06	0.0009264827670999999	0.8155809720792065	0.8002571327635086
1988	12	07	0.0	0.7900940667017313	0.789446273737704
1988	12	08	0.00166477183931	0.7731027964500812	0.7360968012009239
1988	12	09	0.0008243041067299999	0.7136333505693058	0.7188227185766332
1988	12	10	0.00083216082713	0.6966420803176556	0.73215593216284
1988	12	11	0.00083138066756	0.7221289856951307	0.7316917881608082
1988	12	12	0.000420798604335	0.6966420803176556	0.8054237413242646
1988	12	13	0.0008230923787849999	0.6371726344368801	0.7738745788895813
1988	12	14	0.000415034204785	0.6541639046885303	0.6670963738385756
1988	12	15	0.00207805293357	0.6541639046885303	0.6850204593665002
1988	12	16	0.0008358329058299999	0.628676999311055	0.6303717379853944
1988	12	17	0.00165399786176	0.62018136418523	0.6160466767238425
1988	12	18	0.00042079855598	0.5692075534302795	0.6906870195264914
1988	12	19	0.0012405188021300001	0.5352250129269793	0.8983147569845611
1988	12	20	9.31410953964e-05	0.5352250129269793	0.8115698029654086
1988	12	21	0.000438087837875	0.5182337426753292	0.8990396946103006
1988	12	22	0.00320811112106	0.5097381075495041	0.6978209188555127
1988	12	23	0.0082680057867	0.5182337426753292	0.6689295587275131
1988	12	24	0.000420798604335	0.501242472423679	0.6495520143799401
1988	12	25	0.0764565034145	0.4842512021720288	0.5892719835121016
1988	12	26	0.002377644363	0.5097381075495041	0.7316007017412686
1988	12	27	0.00219896741566	0.49274683729785396	0.7286429430985083
1988	12	28	0.0069976377332	0.4672599319203788	0.6831996648321521
1988	12	29	0.000919358373504	0.4842512021720288	0.7023184843388798
1988	12	30	0.0	0.47575556704620386	0.6815712974807266
1988	12	31	0.0008243041067299999	0.4672599319203788	0.7425039818507212
1989	01	01	0.000827186287163	0.4247817562912534	0.7188408647463254
1989	01	02	0.0	0.4842512021720288	0.6659320094276581
1989	01	03	0.0	0.4672599319203788	0.6644283491763109
1989	01	04	0.107995099571	0.4672599319203788	0.8530506641249224
1989	01	05	0.07247017524049999	0.4672599319203788	0.7543417163115476
1989	01	06	13.920443202599998	0.6031900939335798	0.7681930437385939
1989	01	07	0.0112163271558	0.5946944588077547	0.8319230216579325
1989	01	08	0.00127616107921	0.5777031885561047	0.7666366527089523
1989	01	09	0.7142791416269999	0.5182337426753292	0.8132511113308172
1989	01	10	8.4570032384	0.5946944588077547	0.6495132730997284
1989	01	11	0.6818485939760001	0.6371726344368801	0.653072248653457
1989	01	12	0.0011132655598	0.5861988236819297	0.8282777830969452
1989	01	13	0.00042079855598	0.5607119183044544	0.9249425263064519
1989	01	14	0.0026933290134	0.5522162831786295	1.0701353927787345
1989	01	15	0.000820933047576	0.5437206480528044	0.8353379523996507
1989	01	16	0.0016596236758799998	0.5352250129269793	0.8057715901314992
1989	01	17	0.00042079855598	0.49274683729785396	0.8693145575811685
1989	01	18	0.0	0.5097381075495041	0.7331502262269262
1989	01	19	0.00165437164591	0.501242472423679	0.8128289781479165
1989	01	20	0.00197957758923	0.5097381075495041	1.0185577327217017
1989	01	21	0.216876362543	0.5097381075495041	0.771754079282197
1989	01	22	0.0013658508035999997	0.501242472423679	1.017861490626222
1989	01	23	0.0020955844256599996	0.5097381075495041	0.8349404280408703
1989	01	24	0.00168535530558	0.49274683729785396	0.8367111941976891
1989	01	25	0.38537600402	0.45876429679455366	0.8975427301982595
1989	01	26	1.29335485998	0.4417730265429035	0.9908403050144744
1989	01	27	0.0008415972570249999	0.4502686616687286	1.0854628113097908
1989	01	28	0.0027070824326299995	0.4502686616687286	1.0538992339937958
1989	01	29	0.0005088168414400001	0.4502686616687286	0.9812209244967238
1989	01	30	0.0	0.4247817562912534	1.1045652210128707
1989	01	31	0.00207272624348	0.41628612116542835	0.9332840399542559
1989	02	01	0.258018198838	0.4077904860396033	0.9106875842470027
1989	02	02	0.597726058104	0.4502686616687286	0.9724761557887388
1989	02	03	1.3403643337500002	0.4417730265429035	1.056000073906144
1989	02	04	0.12549430019199997	0.4417730265429035	1.1755907947886959
1989	02	05	0.0	0.4247817562912534	1.2246952303638627
1989	02	06	0.000426562994214	0.3992948509137782	1.151265332329006
1989	02	07	0.00601226379844	0.38230358066212805	1.0511947419419
1989	02	08	0.18238135619299997	0.38230358066212805	0.9935601022101391
1989	02	09	5.43831828447	0.501242472423679	0.6654967740554067
1989	02	10	3.4669113363	0.5097381075495041	0.8838971055211272
1989	02	11	0.0038295196787	0.4332773914170785	1.3540770578244012
1989	02	12	0.0012438911765399999	0.3907992157879531	1.38835631077841
1989	02	13	2.5293963759499998e-05	0.373807945536303	1.5677132850837046
1989	02	14	0.0008295589026059999	0.3653123104104779	1.5766613937946279
1989	02	15	0.0008243041067299999	0.3568166752846529	1.5724579152212432
1989	02	16	0.0012449668818700001	0.47575556704620386	1.636486243357692
1989	02	17	0.0	0.5097381075495041	1.6850526970026305
1989	02	18	0.00165667721231	0.3653123104104779	1.7037408153336524
1989	02	19	0.0008243041067299999	0.3568166752846529	1.900014905500934
1989	02	20	0.37955493241	0.38230358066212805	1.4771127282567043
1989	02	21	3.5548642457999997	0.373807945536303	1.584001627691357
1989	02	22	5.56538806793	0.38230358066212805	1.2746504212932401
1989	02	23	1.8136404436099998	0.4077904860396033	1.0014151479438593
1989	02	24	22.187497362899997	0.8580591477083319	1.0248818216974223
1989	02	25	18.6211681466	1.0364674853506584	1.4001433126774052
1989	02	26	11.556289884599998	1.3508059850061858	0.7970133484241566
1989	02	27	10.5009632858	1.503727417271037	1.361552444541829
1989	02	28	2.7924383885	1.3932841606353112	1.1923097770569924
1989	03	01	6.0092876449	1.112928201483084	1.2555988974572483
1989	03	02	1.8565438042	1.0279718502248332	1.0198308635021285
1989	03	03	0.12114556096400002	0.9854936745957079	1.414278518134564
1989	03	04	0.0040774057836	0.9090329584632822	2.1336151526611378
1989	03	05	0.0078537639753	0.8495635125825068	2.033195286347339
1989	03	06	3.61942745496	0.8155809720792065	1.6736881168158104
1989	03	07	1.9468022800999998	0.9260242287149324	1.7291786082955394
1989	03	08	0.0016478856930499997	0.8495635125825068	1.9899823507450378
1989	03	09	0.0008243041067299999	0.8240766072050316	2.12096323946062
1989	03	10	0.0	0.866554782834157	2.5166026853844623
1989	03	11	0.0016522957657600001	0.8155809720792065	2.518461096287009
1989	03	12	0.0016664491775499998	0.6881464451918305	2.8205308402440203
1989	03	13	0.79636013907	0.6626595398143553	1.7526977535742798
1989	03	14	0.00041215210172	0.6371726344368801	2.201849401643251
1989	03	15	0.0386605033384	0.6031900939335798	2.3211881175781524
1989	03	16	1.18253361375	0.6711551749401804	1.7002702419359264
1989	03	17	0.189488864223	0.7221289856951307	1.571300643368337
1989	03	18	0.00208554592766	0.6541639046885303	2.0744789562346866
1989	03	19	0.00075956536892	0.5692075534302795	2.130288268093432
1989	03	20	0.33871168824	0.5522162831786295	1.7534527850264299
1989	03	21	0.0843126338835	0.5352250129269793	2.221808567275432
1989	03	22	0.0080048491728	0.5607119183044544	2.936250347927519
1989	03	23	0.0012360224641	0.5182337426753292	2.826628509992431
1989	03	24	0.00166638796012	0.501242472423679	2.6148993924555963
1989	03	25	0.00049142190387	0.45876429679455366	3.1404707436280916
1989	03	26	0.026728959311800003	0.4417730265429035	2.5623132101204287
1989	03	27	13.0429953068	0.5097381075495041	2.735426155396085
1989	03	28	6.8908727945	0.6711551749401804	1.7893577272376002
1989	03	29	0.00096611800666	0.7051377154434807	2.969766686375167
1989	03	30	2.11802859233	0.6881464451918305	3.004968616412973
1989	03	31	0.110461591411	0.6711551749401804	2.5848568080222543
1989	04	01	1.9877491006800003	0.62018136418523	1.8692537654779096
1989	04	02	4.6831111516999995	0.7731027964500812	1.6102691737130534
1989	04	03	22.4080396824	0.883546053085807	0.8412078609112988
1989	04	04	2.04420356318	0.9600067692182326	1.57546855251474
1989	04	05	4.0851206304300005	0.9345198638407576	2.0143987859289743
1989	04	06	2.36658393043	0.9854936745957079	1.7830558580923557
1989	04	07	0.66015358165	0.8070853369533815	1.9510025119260606
1989	04	08	16.061393709	0.6456682695627052	2.284144721691963
1989	04	09	4.33383863475	0.7391202559467809	2.2655078591017217
1989	04	10	0.6089772608199999	0.7136333505693058	2.2476770652279328
1989	04	11	3.66836522942	0.6966420803176556	2.112290169543011
1989	04	12	13.8277959897	1.248858363496285	1.5570121232585226
1989	04	13	7.716051256339999	1.4357623362644365	1.7181616371280788
1989	04	14	0.82945855631	1.1554063771122094	2.345181642049582
1989	04	15	2.1647991924	1.0534587556023085	2.267236896972904
1989	04	16	1.2423582263300001	0.993989309721533	1.8184867966668765
1989	04	17	0.57754738121	0.8920416882116321	2.2470923861600602
1989	04	18	0.00207073063263	0.8580591477083319	3.0949280748109818
1989	04	19	6.30527478934	0.866554782834157	2.5834273859271875
1989	04	20	0.23842677407699997	0.8410678774566818	3.1958408742467324
1989	04	21	0.404338291547	0.8155809720792065	3.3865965182788282
1989	04	22	1.69203245411	0.7900940667017313	2.6558716256817783
1989	04	23	0.0978457187205	0.7221289856951307	2.544660852941124
1989	04	24	1.79182083012	0.6796508100660055	3.0524314117198164
1989	04	25	7.432721226569999	0.7900940667017313	1.9731143894211824
1989	04	26	0.0156610752363	0.7646071613242561	2.252197343023651
1989	04	27	1.3547686112800001	0.6626595398143553	2.673573336214709
1989	04	28	0.29118839424000004	0.6371726344368801	2.617685137020154
1989	04	29	0.34745425289799997	0.6371726344368801	3.2973700333671028
1989	04	30	0.00207702297207	0.5946944588077547	3.9422903181133164
1989	05	01	0.0008243041067299999	0.5946944588077547	3.9136382360821385
1989	05	02	0.029164883055	0.5777031885561047	4.207199651614429
1989	05	03	0.010489725583799998	0.6031900939335798	4.441525093462527
1989	05	04	0.0236370700135	0.5777031885561047	4.318976308578041
1989	05	05	0.00070169042994	0.49274683729785396	4.432959786219998
1989	05	06	0.0	0.4502686616687286	4.582458434264113
1989	05	07	0.00170319133746	0.3907992157879531	4.543092575742844
1989	05	08	6.48256481857	0.41628612116542835	3.6286854108957303
1989	05	09	1.4207395312	0.4332773914170785	2.756959777254837
1989	05	10	0.9196953401569999	0.4502686616687286	2.8253526470842734
1989	05	11	0.4110455459	0.41628612116542835	3.214932109534581
1989	05	12	2.4308148440300004	0.38230358066212805	3.515301931043879
1989	05	13	0.017523806546299998	0.373807945536303	3.0227481551762923
1989	05	14	0.0	0.3653123104104779	4.515742729154185
1989	05	15	0.0012542498813500002	0.3653123104104779	4.5077343761851605
1989	05	16	0.0077627792073	0.33132976990717766	5.0077559145233375
1989	05	17	0.0	0.29734722940387737	4.701725096458712
1989	05	18	2.3709268864	0.28885159427805235	4.8530867535422715
1989	05	19	5.69157140753	0.25486905377475205	4.360198575392692
1989	05	20	5.5126909823500005	0.2718603240264022	4.000006405116099
1989	05	21	0.6411913618199999	0.2633646889005771	3.8126884883249637
1989	05	22	1.8082313566000001	0.2633646889005771	4.30294991309981
1989	05	23	5.01986755716	0.33132976990717766	3.8228886640332678
1989	05	24	1.4784667940099998	0.45876429679455366	3.4388550192227076
1989	05	25	0.18923893657	0.4247817562912534	3.7109171431256027
1989	05	26	5.8248268593	0.3992948509137782	3.832934529352328
1989	05	27	6.043730427849999	3.7975489012438053	3.555717525455665
1989	05	28	6.411613236939999	2.115413146330442	2.6390392308120956
1989	05	29	3.21518458717	1.2233714581188098	3.6956986916949104
1989	05	30	8.2395440337	0.9854936745957079	3.8192967997873017
1989	05	31	10.541878385499999	1.5631968631518125	3.3445337267935464
1989	06	01	0.18313909838499998	1.4357623362644365	3.610973256894441
1989	06	02	4.756954749169999	1.1469107419863844	3.163722495521492
1989	06	03	0.00123389822895	1.138415106860559	3.863430898410664
1989	06	04	0.320553631402	0.9345198638407576	3.848634024548399
1989	06	05	0.00302982962091	0.8070853369533815	4.120791918952928
1989	06	06	0.00464395839833	0.747615891072606	4.460283632632695
1989	06	07	0.000719824183555	0.6881464451918305	4.254162688235914
1989	06	08	0.16017071516	0.6371726344368801	3.9805988001718706
1989	06	09	0.649684782176	0.5777031885561047	4.248890831575124
1989	06	10	0.9811645352999999	0.5522162831786295	3.61081140844555
1989	06	11	0.08784016014650001	0.5437206480528044	5.2559436246692455
1989	06	12	0.034764595146	0.501242472423679	5.183125368332696
1989	06	13	0.0101150584715	0.45876429679455366	4.981176930276876
1989	06	14	0.250524498765	0.4247817562912534	5.299562173334464
1989	06	15	16.342848822	0.4247817562912534	4.568783011691482
1989	06	16	2.25318768374	0.4842512021720288	5.173714774595612
1989	06	17	2.2854671607	0.47575556704620386	4.515337105809974
1989	06	18	0.71208307996	0.5522162831786295	4.369551022116356
1989	06	19	0.2990292542	0.5182337426753292	4.831790666302913
1989	06	20	0.00133226506467	0.45876429679455366	5.33295780700014
1989	06	21	0.0589481027712	0.4077904860396033	5.294135201286165
1989	06	22	1.10972471657	0.373807945536303	5.355690310978888
1989	06	23	2.57513914214	0.3568166752846529	5.543948541839359
1989	06	24	0.00041258890210599995	0.29734722940387737	5.438696366685511
1989	06	25	0.00207054494943	0.29734722940387737	5.520646115597246
1989	06	26	0.0041562466769	0.2718603240264022	5.186004457020952
1989	06	27	0.00148334503983	0.24637341864892698	4.464282938831698
1989	06	28	0.0008929804888999999	0.23787778352310193	5.373863491603758
1989	06	29	0.000420798604335	0.22938214839727683	5.862288822511327
1989	06	30	0.0020694850078299995	0.20389524301980164	6.196039536353945
1989	07	01	0.0017724455618799999	0.2123908781456267	5.830363123278478
1989	07	02	0.006351726826670001	0.19539960789397656	6.200230833361021
1989	07	03	0.93340169063	0.1614170673906763	5.359648626566112
1989	07	04	2.0336141083099997	0.1614170673906763	4.366189137469332
1989	07	05	0.197329530763	0.14442579713902617	5.071591808048314
1989	07	06	9.3996481807	0.1359301620132011	3.5701675378613387
1989	07	07	0.0027539052560999998	0.15292143226485122	4.755700872918948
1989	07	08	0.00369142795325	0.14442579713902617	4.650447482199653
1989	07	09	0.027884130281699997	0.14442579713902617	5.524756986130646
1989	07	10	0.0029061517472799996	0.15292143226485122	5.6421358334914355
1989	07	11	0.00042098755633299996	0.14442579713902617	5.755062909885322
1989	07	12	0.00164860782662	0.14442579713902617	6.023556352506703
1989	07	13	0.00165621783981	0.14442579713902617	6.218493946025838
1989	07	14	0.0028994741151999997	0.1359301620132011	6.211065805460922
1989	07	15	0.00082674622765	0.1359301620132011	6.157880880997812
1989	07	16	0.000844406982326	0.14442579713902617	6.2883331725816225
1989	07	17	0.00249704968554	0.11044325663572588	6.296166489730277
1989	07	18	0.00042128520069999994	0.10194762150990082	6.918140983909894
1989	07	19	2.45182325404	0.09345198638407574	6.24678326864727
1989	07	20	0.086658803977	0.07646071613242561	5.925757871644614
1989	07	21	10.3205710899	0.07646071613242561	5.339370512872301
1989	07	22	7.2588659497	0.08495635125825068	3.622930083459938
1989	07	23	0.43118416551199995	0.11893889176155097	4.0782581422636826
1989	07	24	0.00082633840158	0.06796508100660055	5.0888148576347385
1989	07	25	0.0012452105910699999	0.033982540503300275	5.600435277807694
1989	07	26	0.00084159720867	0.033982540503300275	5.751116798661123
1989	07	27	0.00081255577593	0.033982540503300275	5.785799718642057
1989	07	28	0.0024786761394799996	0.025486905377475205	6.341532046765898
1989	07	29	0.0652285604206	0.016991270251650138	5.842393677366777
1989	07	30	1.6386847036499999	0.025486905377475205	6.358155990994668
1989	07	31	0.048783430135499996	0.016991270251650138	6.475043567498249
1989	08	01	0.101561225046	0.016991270251650138	6.544439471399675
1989	08	02	0.53873920557	0.016991270251650138	5.8279489878353266
1989	08	03	3.41374230592	0.016991270251650138	3.931829185199393
1989	08	04	26.118616699199997	0.016991270251650138	3.3053632816400547
1989	08	05	0.44027440262	0.016991270251650138	3.7968490328114477
1989	08	06	0.99591416424	0.016991270251650138	3.208182860535252
1989	08	07	0.039980678009	0.025486905377475205	4.15718115879237
1989	08	08	0.674269218514	0.025486905377475205	4.217457849558165
1989	08	09	0.09696908608999999	0.025486905377475205	4.6639899425288
1989	08	10	0.0062414013158999995	0.033982540503300275	4.7680994384089725
1989	08	11	0.00251598472986	0.025486905377475205	5.008018707202769
1989	08	12	0.00821077571	0.016991270251650138	4.967552218171909
1989	08	13	0.0008415972570249999	0.025486905377475205	4.280186195693326
1989	08	14	0.108800751897	0.025486905377475205	4.0063475484514335
1989	08	15	0.37321209100799996	0.025486905377475205	3.7191673788194524
1989	08	16	2.9774301119999995	0.025486905377475205	3.3476958068108975
1989	08	17	0.000719337558177	0.016991270251650138	4.402714425238467
1989	08	18	0.0013505222686	0.016991270251650138	5.042412621496806
1989	08	19	0.0134723983449	0.016991270251650138	4.438499823196383
1989	08	20	0.00108274949298	0.008495635125825069	4.909376225612715
1989	08	21	0.00190538796338	0.008495635125825069	5.320259253809807
1989	08	22	0.0027651623001	0.008495635125825069	5.522492770121378
1989	08	23	0.0	0.008495635125825069	5.031913272922136
1989	08	24	1.38814855133	0.008495635125825069	4.785920971388489
1989	08	25	0.62323811742	0.0	4.646098254199579
1989	08	26	0.00167205806742	0.0	4.802755452620485
1989	08	27	0.0040903442276599995	0.0	4.7766857173093245
1989	08	28	0.00103996556924	0.0	4.71126376625671
1989	08	29	0.125752631944	0.0	4.473200218645532
1989	08	30	10.8243760323	0.0	2.9512248694792595
1989	08	31	0.00082718635486	0.0	4.1061560212899755
1989	09	01	0.0027947284813	0.0	3.596247976054671
1989	09	02	0.00109360103195	0.0	3.6689724524042253
1989	09	03	0.000420798604335	0.0	3.9587988783027894
1989	09	04	0.00206492261687	0.0	3.7502596989693453
1989	09	05	0.00041638041765599995	0.0	3.844227177732469
1989	09	06	0.0	0.0	3.7202115913747513
1989	09	07	0.31178730509700003	0.0	3.427510043884516
1989	09	08	4.27823696103	0.0	3.287929198712124
1989	09	09	0.897958665163	0.0	2.668392654336981
1989	09	10	0.08754374883199999	0.0	2.8404472789611623
1989	09	11	0.00090009592715	0.0	3.425343701487674
1989	09	12	0.00042079855598	0.0	3.5252987156641473
1989	09	13	0.00216657266038	0.0	3.637374751779531
1989	09	14	0.000590024450873	0.0	3.900825038364367
1989	09	15	0.00208811705972	0.0	3.7245692291012173
1989	09	16	0.47700476390999996	0.0	3.34525377195368
1989	09	17	1.2102775851299998	0.0	2.6527770947771527
1989	09	18	1.2969287780299998	0.0	2.1547320669992094
1989	09	19	0.004067223574539999	0.0	2.891215939678618
1989	09	20	0.0008243041067299999	0.0	3.350969427909732
1989	09	21	0.0224368592624	0.0	3.19036196802898
1989	09	22	0.0378392923076	0.0	2.408839524872346
1989	09	23	0.0012468535972600002	0.0	3.0213129089033632
1989	09	24	0.0016603114774	0.0	3.206159528885972
1989	09	25	0.0016716649412699999	0.0	3.3851367179624816
1989	09	26	0.018262902083199997	0.0	3.4036459352596764
1989	09	27	0.00082718635486	0.0	3.1112223456671804
1989	09	28	0.0008248645411799999	0.0	3.153231938174934
1989	09	29	0.0	0.0	2.8968078565316793
1989	09	30	0.00125648562313	0.0	2.6778010694807657
1989	10	01	0.000412152082378	0.0	2.991938712116151
1989	10	02	0.000426562994214	0.0	2.9186882620687546
1989	10	03	0.0013488517967699999	0.0	3.1189206800186158
1989	10	04	0.0020754811245399995	0.0	2.9774179273539523
1989	10	05	0.111487413723	0.0	2.8990813023655857
1989	10	06	0.016615696745	0.0	2.8578573468274504
1989	10	07	0.00207805293357	0.0	2.8744173941433147
1989	10	08	0.0	0.0	2.738227883507833
1989	10	09	0.00125663078484	0.0	2.567710594998753
1989	10	10	0.00124510246929	0.0	2.2993890180390393
1989	10	11	0.00123364862044	0.0	2.137291695380415
1989	10	12	0.00042079855598	0.0	2.1823657923182407
1989	10	13	0.38375437073999996	0.0	2.062260402679074
1989	10	14	0.0008248945212799999	0.0	2.482551098139714
1989	10	15	0.00248660191082	0.0	2.307937097887016
1989	10	16	0.00123879668716	0.0	2.197489428933608
1989	10	17	1.7080872812099999	0.0	1.5251478866153119
1989	10	18	2.09143546995	0.0	1.5823572349955015
1989	10	19	0.24205695800500002	0.0	1.5728284114941915
1989	10	20	0.6654867513099999	0.0	1.4483967213516498
1989	10	21	0.0047041368728	0.0	2.1247681208277527
1989	10	22	7.696814283400001	0.0	1.4578139769120173
1989	10	23	25.91325108	0.0	1.5396118784076274
1989	10	24	0.00468216184634	0.0	2.0693160246099684
1989	10	25	0.0043173142806	0.0	1.8912747274054456
1989	10	26	0.00042079855598	0.0	1.7047384386027271
1989	10	27	10.9216662923	0.0	1.1798496108624776
1989	10	28	0.04573883009299999	0.0	1.2249888684573582
1989	10	29	0.08184900562660001	0.0	1.4327233505575203
1989	10	30	0.0013193848400299998	0.0	1.874615094603266
1989	10	31	0.0	0.0	1.8441575324141966
1989	11	01	0.0175476165483	0.0	1.526649653806499
1989	11	02	6.02903456967	0.0	1.0895788715796595
1989	11	03	0.9915864884500001	0.0	1.0067677251591607
1989	11	04	0.40499546501	0.0	1.1099101513948009
1989	11	05	0.667926512506	0.0	0.7630170391027776
1989	11	06	0.500852144325	0.0	1.0675024583608443
1989	11	07	0.23459860543699998	0.0	0.9869514862414908
1989	11	08	2.47668149573	0.0	1.1725520928821955
1989	11	09	0.0016636001976599998	0.0	1.2382229542354233
1989	11	10	0.00212503184698	0.0	1.2497199056764794
1989	11	11	14.8504026942	0.0	1.1546100403338977
1989	11	12	18.084383159999998	0.0	0.7318753970888825
1989	11	13	0.0012479847174199999	0.0	1.4543541129353013
1989	11	14	3.91988859742	0.0	0.8254944166492334
1989	11	15	2.7899893044599997	0.0	0.9033272456620762
1989	11	16	5.2481093466	0.0	0.6396732341818928
1989	11	17	13.5755037772	0.008495635125825069	0.6990004956091859
1989	11	18	38.8740506236	0.19539960789397656	0.5263936182673189
1989	11	19	15.3129675913	0.5097381075495041	0.7408708070747027
1989	11	20	16.9062928872	0.30584286452970244	0.5808801036587138
1989	11	21	12.9535685369	0.33132976990717766	0.6352499250845558
1989	11	22	10.131504007	0.3653123104104779	0.5563731897826626
1989	11	23	13.430562565999999	0.4247817562912534	0.5825455116491525
1989	11	24	3.57887656512	0.4672599319203788	0.6313272254080102
1989	11	25	5.1734298846	0.5097381075495041	0.6812936786256335
1989	11	26	12.1325364196	4.757555670462038	0.5771083087368497
1989	11	27	2.1657895028	1.0704500258539587	0.8361756934485925
1989	11	28	1.504082275	0.9260242287149324	0.6807699352563242
1989	11	29	1.79671387257	0.7815984315759062	0.8661554808535423
1989	11	30	3.4581397393	0.6456682695627052	0.8801360276418176
1989	12	01	0.1092257594656	0.6626595398143553	0.8634612343684295
1989	12	02	0.41002380475	0.5692075534302795	0.8179703882479482
1989	12	03	0.24882888233500003	0.5352250129269793	0.7120774740550567
1989	12	04	3.40231302141	0.6116857290594049	0.45265084791465
1989	12	05	10.023140452000002	0.6881464451918305	0.6216712281821422
1989	12	06	6.7532244844	0.7136333505693058	0.7392100027927047
1989	12	07	1.6360271128500001	0.6711551749401804	0.7758905795036831
1989	12	08	3.5544412362599997	0.6796508100660055	0.5348810172754974
1989	12	09	11.284722402	5.318267588766493	0.5602578264500403
1989	12	10	0.66450591849	1.9624917140655906	0.7233524933561625
1989	12	11	0.55114052229	1.25735399862211	0.5301136689084351
1989	12	12	17.4258161059	3.1688719019327505	0.7039692952296679
1989	12	13	7.842882552939999	5.403223940024743	0.7375066360088366
1989	12	14	31.533611723099998	4.783042575839513	0.5696238913542527
1989	12	15	13.6046444344	25.911687133766456	0.6441587347885825
1989	12	16	44.3253815287	22.003694975886926	0.7294598120343203
1989	12	17	21.9838792934	24.722298216150946	0.6023585615506041
1989	12	18	11.4073777608	25.401949026216954	0.669225311801245
1989	12	19	2.45974660763	5.377737034647268	0.7693800921004947
1989	12	20	28.1909253489	7.255272397454607	0.4705632933122199
1989	12	21	43.4400353272	47.49060035336213	0.6727527012166291
1989	12	22	3.6522280054	19.115179033106404	0.5590973893597816
1989	12	23	0.358103571258	5.7855275206868715	0.5570506147595509
1989	12	24	7.058188541170001	4.562156062568062	0.6541150831739256
1989	12	25	16.086214330500002	20.644393355754914	0.42205467102335165
1989	12	26	10.222994568299999	8.31722678818274	0.477899668701575
1989	12	27	0.0850963224014	4.92746837297854	0.7064003020147599
1989	12	28	0.038786954564699994	3.6786100094822545	0.8306495021549865
1989	12	29	2.05120111194	2.846037767151398	0.5795345174954208
1989	12	30	0.650829905944	2.3447952947277186	0.7224067066199279
1989	12	31	0.809771823844	1.8010746466749143	0.6717764025508608
1990	01	01	6.495954995039999	2.4467429162376195	0.7053559252490982
1990	01	02	6.05108048456	1.631161944158413	0.6130319880060047
1990	01	03	0.324026855	3.4322365908333277	0.58464350962662
1990	01	04	0.21077355536099998	2.0559437004496663	0.7153486579535976
1990	01	05	0.08497719115499999	1.7925790115490894	0.6003211375580414
1990	01	06	7.61413748466	1.8690397276815152	0.7359164720118639
1990	01	07	0.00231324778517	2.0559437004496663	0.7514054737450689
1990	01	08	0.000827186287163	1.5971794036551128	0.7064403145208665
1990	01	09	0.00207008664074	1.4187710660127864	0.7390619303753619
1990	01	10	0.0008415972570249999	1.3253190796287107	0.730863044519399
1990	01	11	0.0008243041067299999	1.2743452688737602	0.6562381427783155
1990	01	12	0.000426562994214	1.25735399862211	0.7349005383229508
1990	01	13	0.00042079855598	1.1808932824896843	0.7734009545916911
1990	01	14	0.014501276692899998	1.1723976473638593	0.9004990662464768
1990	01	15	0.00125086706226	1.1723976473638593	0.9534796386948582
1990	01	16	0.0017518083248499999	1.2233714581188098	0.7632318838105903
1990	01	17	0.10141774609000001	1.25735399862211	0.7641275314869231
1990	01	18	0.06992292571499999	1.248858363496285	0.8146565585462439
1990	01	19	0.0012357137657800002	1.1723976473638593	0.7251914481461946
1990	01	20	0.0	1.1554063771122094	0.6926425463844696
1990	01	21	0.0008243041067299999	1.112928201483084	0.8068139869114588
1990	01	22	0.213711247334	1.0449631204764833	0.8880441189559906
1990	01	23	0.401530577814	1.0534587556023085	0.8568633962713467
1990	01	24	1.4378205481099997	1.0534587556023085	0.7115511089052092
1990	01	25	6.6679920271999995	1.0449631204764833	0.6633919837454286
1990	01	26	1.5525083568499998	1.1723976473638593	0.5945340223115188
1990	01	27	29.0332733173	7.306246208209559	0.8015105984689351
1990	01	28	0.059291527717999996	4.069409225270207	0.8109408079843373
1990	01	29	18.5124815802	6.906951357295782	0.7962244306858502
1990	01	30	1.9839237366299998	7.688549788871688	0.798179784894532
1990	01	31	23.314202711399997	13.677972552578362	0.7434528913692041
1990	02	01	14.726251231700001	8.444661315070118	0.9057540207884481
1990	02	02	4.9284148094699995	13.423103498803608	1.0343753732650427
1990	02	03	4.0172328215999995	9.515111340924076	0.8945042306838633
1990	02	04	0.043396833036	5.8704838719451224	1.0573760051010295
1990	02	05	0.062308986099000006	3.7890532661179805	1.3761817185450669
1990	02	06	6.88955715166	4.5706516976938865	0.755031124526996
1990	02	07	0.6361242413699999	2.5996643485024706	0.892941749792767
1990	02	08	0.357221324612	1.9370048086881153	0.9008468253435249
1990	02	09	0.7124522220299999	1.6991270251650137	1.164338168509063
1990	02	10	0.8293636837999999	1.5631968631518125	1.1104420850552716
1990	02	11	0.9655274954	1.3932841606353112	0.8422723647156849
1990	02	12	1.40050770249	1.2063801878671596	0.8352724959422477
1990	02	13	0.32669138957800004	1.0959369312314338	1.116542246564281
1990	02	14	0.077236542097	1.010980579973183	1.083139827893303
1990	02	15	0.007572702472	0.9260242287149324	1.459188561736825
1990	02	16	0.07293316953	0.8325722423308567	1.2012530887793198
1990	02	17	0.009400115290000002	0.7646071613242561	1.4663329481789353
1990	02	18	2.3863985521999997	0.8325722423308567	1.2043047807244756
1990	02	19	1.06029256059	0.9600067692182326	1.2501254614181954
1990	02	20	0.730255536917	0.8070853369533815	1.40545094570127
1990	02	21	0.52492911428	0.7900940667017313	1.3905665654225419
1990	02	22	0.00124440664084	0.7221289856951307	1.8248357679076161
1990	02	23	0.00124736896485	0.6796508100660055	1.7897063610895483
1990	02	24	0.0365763041942	0.6371726344368801	1.7555878125608038
1990	02	25	0.162770831207	0.6031900939335798	1.167573328158609
1990	02	26	0.27431656105999996	0.6456682695627052	1.3072928242958288
1990	02	27	0.29380062804999996	0.628676999311055	1.4478013542087256
1990	02	28	0.0208479507122	0.628676999311055	1.8097762498162837
1990	03	01	0.027109464806799998	0.62018136418523	1.4112811851375782
1990	03	02	0.00124287165972	0.5861988236819297	1.4956008400879632
1990	03	03	0.000817990742536	0.5777031885561047	1.378451598194389
1990	03	04	0.0	0.5522162831786295	1.5493035348682072
1990	03	05	0.0016601364323	0.5437206480528044	1.6844340659306514
1990	03	06	0.0020861449494	0.5097381075495041	1.8597987859222171
1990	03	07	2.6654303060199998	0.49274683729785396	1.4639198988166873
1990	03	08	1.05790024532	0.501242472423679	1.601464538030468
1990	03	09	0.00179760785981	0.49274683729785396	2.1752796609357397
1990	03	10	0.15924840156099998	0.47575556704620386	2.4603390834528445
1990	03	11	1.57710064604	0.5437206480528044	2.364659315792848
1990	03	12	0.363404410765	0.9515111340924077	2.3525211267224138
1990	03	13	0.25617879398	0.6456682695627052	1.6093895119506343
1990	03	14	0.011707084952099999	0.5097381075495041	2.226771246752612
1990	03	15	0.00290734892037	0.5267293778011543	2.3132578354232
1990	03	16	0.0	0.5437206480528044	2.450034341181841
1990	03	17	0.00206618574618	0.49274683729785396	2.378126540360928
1990	03	18	0.0	0.45876429679455366	2.570768121627015
1990	03	19	0.00042079855598	0.4672599319203788	2.729829705952399
1990	03	20	0.0	0.45876429679455366	2.8140322958351445
1990	03	21	0.0016716649412699999	0.4502686616687286	2.8916035624595002
1990	03	22	1.57768864284	0.4502686616687286	2.674494742863015
1990	03	23	10.1291075332	0.4672599319203788	1.708269619977671
1990	03	24	0.0021765900756	0.47575556704620386	2.641256748679962
1990	03	25	0.01051750117935	0.47575556704620386	2.269954391738055
1990	03	26	0.00166590112198	0.4842512021720288	2.489478268491124
1990	03	27	0.00083006850628	0.49274683729785396	2.4486825138833717
1990	03	28	0.00166607781115	0.4672599319203788	2.3033028527685833
1990	03	29	0.0008243041067299999	0.4672599319203788	2.6477549344089453
1990	03	30	0.00211043047447	0.4502686616687286	2.4240884812425842
1990	03	31	4.659340510670001	0.4332773914170785	2.1927273251213784
1990	04	01	4.56390969384	0.45876429679455366	2.2791029984793907
1990	04	02	8.9758127373	0.4672599319203788	1.1117836900902418
1990	04	03	0.029300441461999997	0.47575556704620386	2.362093107346755
1990	04	04	4.77565643226	0.45876429679455366	1.8755381160702178
1990	04	05	14.925268806499998	0.5352250129269793	1.417642533137634
1990	04	06	9.4488010382	0.9685024043440577	1.6978564482182732
1990	04	07	0.124410045698	0.8410678774566818	2.0492666610816057
1990	04	08	3.23152896401	0.6881464451918305	1.7273391728957004
1990	04	09	0.27168102014	0.6371726344368801	2.3823585713065185
1990	04	10	0.09058110046	0.5946944588077547	2.396477602638726
1990	04	11	0.0037213727540999996	0.5607119183044544	3.076168486112081
1990	04	12	0.0024096839991600005	0.5522162831786295	2.946599314064356
1990	04	13	3.30090572	0.5437206480528044	1.9686155621140515
1990	04	14	0.0618491155425	0.5522162831786295	2.798129609813005
1990	04	15	0.755780390966	0.5437206480528044	2.2432827168100213
1990	04	16	0.0053008897962	0.5437206480528044	3.1460636591648687
1990	04	17	0.242039144023	0.5437206480528044	2.521466424756537
1990	04	18	0.044339726523	0.5437206480528044	2.712919077495583
1990	04	19	0.32965402306	0.5097381075495041	2.743683828290833
1990	04	20	2.082156629	0.49274683729785396	2.0058297267538268
1990	04	21	1.10459009254	0.4672599319203788	2.436548116555686
1990	04	22	0.9487699734399999	0.45876429679455366	2.8138749369925113
1990	04	23	0.6107754865599999	0.4417730265429035	2.768545010232497
1990	04	24	1.0857916994499999	0.4502686616687286	2.9195961849182206
1990	04	25	0.80921879738	0.4502686616687286	3.249526418060379
1990	04	26	0.015201771400399999	0.41628612116542835	3.3270754693519904
1990	04	27	0.00042079855598	0.3992948509137782	3.7739368202774854
1990	04	28	0.091236919983	0.38230358066212805	3.754456200249083
1990	04	29	0.03876475285	0.3483210401588278	4.0087305466564755
1990	04	30	0.05810182064	0.3483210401588278	3.7562526231546847
1990	05	01	0.0549977071977	0.3483210401588278	3.4075833100093083
1990	05	02	0.07417712124699999	0.33982540503300274	3.552538786478797
1990	05	03	0.00208147791822	0.3228341347813526	4.012894103408493
1990	05	04	0.00093733043767	0.30584286452970244	4.060309379408099
1990	05	05	2.58600247973	0.29734722940387737	3.967023480094292
1990	05	06	0.39568148931700003	0.29734722940387737	4.167781504625102
1990	05	07	0.012474777635999999	0.28885159427805235	4.205259225986245
1990	05	08	1.20305035012	0.28885159427805235	3.8762202737454365
1990	05	09	2.3671010388000004	0.2803559591522272	3.8144184679397792
1990	05	10	0.097004975171	0.3143384996555275	4.271917408376756
1990	05	11	0.134669216576	0.29734722940387737	4.27416176250612
1990	05	12	11.9761940665	0.29734722940387737	2.5309942850870693
1990	05	13	1.16134435604	0.3228341347813526	3.2810885995689185
1990	05	14	0.33818345822	0.3143384996555275	3.1519115519083325
1990	05	15	0.00302256998805	0.29734722940387737	3.7392777570939804
1990	05	16	4.3262193374	0.2718603240264022	4.532853918165755
1990	05	17	0.173535186112	0.2633646889005771	3.6034084191583555
1990	05	18	0.82772986506	0.24637341864892698	3.7990256305787047
1990	05	19	0.110969492989	0.22938214839727683	3.9832773782632658
1990	05	20	0.48143417862000004	0.22088651327145176	3.459250233385059
1990	05	21	0.028020697374	0.2123908781456267	3.57970843049158
1990	05	22	3.97946495543	0.2123908781456267	3.4598089276043487
1990	05	23	0.8632356843300001	0.20389524301980164	3.8379815485786324
1990	05	24	0.0740751366836	0.19539960789397656	4.156862154052186
1990	05	25	0.9090426659599999	0.1869039727681515	3.7733784548672027
1990	05	26	1.5865020185599998	0.1869039727681515	4.015447007824546
1990	05	27	0.0571124705703	0.1869039727681515	4.328250345743803
1990	05	28	0.000412152082378	0.17840833764232644	4.694692752993035
1990	05	29	0.074018952042	0.16991270251650137	4.821068694146996
1990	05	30	0.00083006850628	0.16991270251650137	5.447210980803143
1990	05	31	1.04570956298	0.15292143226485122	5.178005404287702
1990	06	01	0.06158524714299999	0.15292143226485122	5.406191204403527
1990	06	02	0.0528331023924	0.14442579713902617	5.970146037775518
1990	06	03	7.3042751631	0.14442579713902617	4.375989296472663
1990	06	04	1.2596835327	0.1359301620132011	4.181630278322204
1990	06	05	0.000190873461293	0.12743452688737603	3.587207319552434
1990	06	06	0.000824304164756	0.12743452688737603	4.761400342985389
1990	06	07	0.000302086692495	0.12743452688737603	4.825643938585663
1990	06	08	0.0032033061814199996	0.09345198638407574	4.686953468747639
1990	06	09	0.0	0.11044325663572588	5.605407975411858
1990	06	10	1.52007868926	0.11044325663572588	5.159614033130597
1990	06	11	1.02167896547	0.11044325663572588	4.303453228288285
1990	06	12	0.201241972497	0.09345198638407574	4.645100909287259
1990	06	13	1.09455759056	0.08495635125825068	4.609433039746785
1990	06	14	4.6947163516999995	0.08495635125825068	3.9662177532429186
1990	06	15	0.0077654387323	0.08495635125825068	5.148980518373048
1990	06	16	0.152027897567	0.09345198638407574	3.589731714122496
1990	06	17	0.1070192531186	0.09345198638407574	3.629540831038084
1990	06	18	0.232368163365	0.08495635125825068	4.773745640924439
1990	06	19	1.4980691373300001	0.07646071613242561	3.498220075428619
1990	06	20	0.0084661345966	0.07646071613242561	3.902333036066911
1990	06	21	0.58560661235	0.07646071613242561	3.359632865496778
1990	06	22	0.0042135096349999995	0.07646071613242561	4.208477115585
1990	06	23	0.0012984244948900001	0.07646071613242561	5.61189910874704
1990	06	24	0.00722602652184	0.06796508100660055	6.717034021705905
1990	06	25	6.64555888547	0.07646071613242561	5.052099667037231
1990	06	26	0.2546103512	0.05097381075495041	5.518273973718602
1990	06	27	0.67602910841	0.04247817562912534	4.606116670064786
1990	06	28	0.0129989700135	0.04247817562912534	5.04629501388293
1990	06	29	0.0508359422482	0.04247817562912534	4.677685500779821
1990	06	30	0.154333125482	0.04247817562912534	4.145833534267269
1990	07	01	0.0012322341399799998	0.05097381075495041	5.2567170964267165
1990	07	02	0.327774531907	0.05097381075495041	4.164891263919118
1990	07	03	0.0017850108020499998	0.04247817562912534	4.746751988291203
1990	07	04	0.00255384069884	0.04247817562912534	5.564527167398858
1990	07	05	0.328966850155	0.04247817562912534	4.487337439269213
1990	07	06	0.00123790028217	0.033982540503300275	5.726061329643871
1990	07	07	0.0008243041067299999	0.033982540503300275	6.266646827693622
1990	07	08	0.0012361078590299999	0.033982540503300275	6.14841669987826
1990	07	09	0.000818539745864	0.025486905377475205	6.6490601767015995
1990	07	10	0.00042079855598	0.025486905377475205	6.747027785447517
1990	07	11	0.0020743262137199996	0.025486905377475205	6.855942638108146
1990	07	12	0.016681778688	0.016991270251650138	5.776247201451972
1990	07	13	0.164292476018	0.016991270251650138	4.830490075119974
1990	07	14	0.06509757059400001	0.016991270251650138	4.5324927766799235
1990	07	15	0.000824385207736	0.008495635125825069	5.870401980776733
1990	07	16	0.0029171430322	0.008495635125825069	6.259699927934466
1990	07	17	0.000426562994214	0.008495635125825069	6.271640381690205
1990	07	18	0.000426562994214	0.0	6.447284010321965
1990	07	19	0.0016601364323	0.0	6.789530835842488
1990	07	20	0.280764816362	0.0	6.62540359208943
1990	07	21	1.9491343450399998	0.0	5.984423944196284
1990	07	22	1.1629820431800002	0.0	5.601592181181963
1990	07	23	1.89946399233	0.0	4.837863409306079
1990	07	24	2.5897042484	0.0	5.4805876930334465
1990	07	25	0.029535753332699997	0.0	4.553740854430649
1990	07	26	0.064835051299	0.0	4.16341869671534
1990	07	27	6.631491739	0.0	2.466359698067673
1990	07	28	0.0019037614946	0.0	4.602089885522445
1990	07	29	0.0	0.0	5.193826029917243
1990	07	30	0.0	0.0	5.528995681302669
1990	07	31	0.0012627841520099997	0.0	6.0477368755271375
1990	08	01	0.0018565699159	0.0	6.057574692821447
1990	08	02	0.00239695309476	0.0	6.056172446350481
1990	08	03	0.0008266665772939999	0.0	6.18787102935094
1990	08	04	0.08838365583999999	0.0	6.032301497175824
1990	08	05	0.00124261218679	0.0	6.273492817783217
1990	08	06	0.000838717445987	0.0	5.660006253255886
1990	08	07	0.0008243041067299999	0.0	4.975416138503019
1990	08	08	0.000420798604335	0.0	5.425861913025842
1990	08	09	0.00208159938598	0.0	5.519487863714213
1990	08	10	0.0	0.0	5.656778417144753
1990	08	11	0.0	0.0	5.716082560303861
1990	08	12	0.00265432180858	0.0	5.303418152735148
1990	08	13	0.22979395592699997	0.0	4.766340431282713
1990	08	14	0.00276514750347	0.0	4.765346475784184
1990	08	15	0.000420798604335	0.0	4.965100137503652
1990	08	16	0.004304396339060001	0.0	4.593345838116911
1990	08	17	0.0016583578386899999	0.0	5.2277833014544735
1990	08	18	0.00164860782662	0.0	5.536734334791545
1990	08	19	2.4209665746	0.0	5.087386433637785
1990	08	20	6.378910363599999	0.0	4.224547674934183
1990	08	21	2.34863465114	0.0	4.2743607726919715
1990	08	22	1.0207205693699999	0.0	3.6752274843925243
1990	08	23	12.1585591464	0.0	3.118587384897754
1990	08	24	0.19963671221999998	0.0	3.4222578971483277
1990	08	25	0.38133596311199996	0.0	3.9847737914869854
1990	08	26	0.051626825023	0.0	4.370738623067594
1990	08	27	0.000346971728024	0.0	4.538037542496894
1990	08	28	0.069197794135	0.0	4.260197680757871
1990	08	29	0.85585961263	0.0	3.5243909783774283
1990	08	30	0.040613555018699996	0.0	3.091678447294487
1990	08	31	0.22754852380499999	0.0	3.6661315310487375
1990	09	01	0.106307481058	0.0	3.6828305080153187
1990	09	02	0.0016644188478100001	0.0	4.1739710287005
1990	09	03	0.0111846739728	0.0	4.535407897060133
1990	09	04	0.00277077496166	0.0	4.408638060340159
1990	09	05	0.00207805293357	0.0	4.177865060394469
1990	09	06	0.00193961459948	0.0	4.379230627070208
1990	09	07	0.00042079855598	0.0	3.8378371461177068
1990	09	08	0.074035943989	0.0	3.999898010519947
1990	09	09	4.323138156799999	0.0	3.1766217102790524
1990	09	10	0.210746360509	0.0	3.6713399296609923
1990	09	11	0.40802718811600003	0.0	3.298158103565088
1990	09	12	0.37843512731999995	0.0	3.6392882808789664
1990	09	13	0.643259447144	0.0	2.832672744610099
1990	09	14	0.0367413407763	0.0	3.62909036985836
1990	09	15	0.04636072181379999	0.0	3.4248530341040078
1990	09	16	1.43978144007	0.0	3.3182545735931925
1990	09	17	1.38772225365	0.0	3.3805814514332395
1990	09	18	0.0017128661091499998	0.0	3.477630992041333
1990	09	19	1.7217150741499998	0.0	3.323239351907146
1990	09	20	1.3547947229800001	0.0	2.7756115521156532
1990	09	21	0.010982512355899999	0.0	3.075056294514523
1990	09	22	0.03848907132399999	0.0	2.7250777045828487
1990	09	23	0.54078742666	0.0	1.5477565370102109
1990	09	24	0.112858142579	0.0	2.2500043824185125
1990	09	25	0.054970923363199996	0.0	2.4264710703770693
1990	09	26	0.0008415972570249999	0.0	3.1157537162471147
1990	09	27	0.00288149456568	0.0	3.282674164310478
1990	09	28	15.876367169900002	0.0	2.386185617185505
1990	09	29	32.1264575625	0.0	1.8742106204686684
1990	09	30	7.33196575056	0.0	1.594717263843842
1990	10	01	0.17539219219000002	0.0	2.2649559417359244
1990	10	02	0.0015417395049299998	0.0	2.7210705497782626
1990	10	03	14.5485224292	0.0	1.3956465310685808
1990	10	04	0.0454242566405	0.0	2.1403174104684837
1990	10	05	0.0016586403286000001	0.0	2.347356006005467
1990	10	06	0.00082479075145	0.0	2.482221103347997
1990	10	07	0.038427544422	0.0	1.6747102674788743
1990	10	08	0.00165607016364	0.0	2.244940044022684
1990	10	09	0.00168565375264	0.0	2.299308205662777
1990	10	10	0.0016719640652999997	0.0	2.309100641241837
1990	10	11	0.0259968297962	0.0	2.1531661767836785
1990	10	12	0.43992761990199997	0.0	2.0854861371579863
1990	10	13	9.0475125642	0.0	1.2694493819865016
1990	10	14	26.758531295599997	0.0	1.3342846187487782
1990	10	15	22.0724666205	0.0	1.2652331835063133
1990	10	16	22.9724779264	0.0	1.0461130682976916
1990	10	17	3.00009439063	0.0	1.1315285367458408
1990	10	18	16.0474529625	0.0	1.1920001403584775
1990	10	19	0.310120024697	0.0	1.4544656939620009
1990	10	20	12.65237588	0.0	1.2061364642107189
1990	10	21	4.18521354623	0.0	1.2172532731613033
1990	10	22	9.6513040414	0.0	1.1090749825938457
1990	10	23	9.9193638523	0.0	1.1599217713826357
1990	10	24	5.530326534399999	0.008495635125825069	0.8967521127397154
1990	10	25	22.2914112908	0.025486905377475205	1.1361725050475988
1990	10	26	3.72857948659	0.04247817562912534	1.0063362038786507
1990	10	27	0.84312097143	0.05097381075495041	0.9864903533393966
1990	10	28	3.76071476894	0.05946944588077548	1.1309322502015444
1990	10	29	2.43327911154	0.06796508100660055	0.8682719759532933
1990	10	30	3.9428931018299997	0.06796508100660055	1.0062754936821998
1990	10	31	8.351492628399999	0.09345198638407574	1.2895831674267186
1990	11	01	0.09960920139299999	0.1359301620132011	1.1711341605158552
1990	11	02	0.0514381109316	0.1869039727681515	0.946564564980791
1990	11	03	0.133139361086	0.2123908781456267	1.1018537385795764
1990	11	04	0.00113388761336	0.2803559591522272	1.089358192263503
1990	11	05	0.00042079855598	0.3653123104104779	0.9829698079400853
1990	11	06	0.00634709229005	0.3483210401588278	1.0120443391439407
1990	11	07	19.8498184074	0.3143384996555275	1.012104805825704
1990	11	08	10.988879742299998	0.3143384996555275	0.9257148244261547
1990	11	09	1.71579854977	0.3992948509137782	0.9317868296080898
1990	11	10	2.54671781392	0.4077904860396033	0.960370387175725
1990	11	11	0.0028937111663	0.3907992157879531	1.145692234478479
1990	11	12	0.0016601364323	0.38230358066212805	1.2480132496655392
1990	11	13	0.00028683779818000003	0.3653123104104779	1.2885078545959525
1990	11	14	0.0981541568906	0.3568166752846529	1.2921406283994792
1990	11	15	0.0070709787288	0.3568166752846529	1.431186492617166
1990	11	16	0.00124510246929	0.3568166752846529	1.2066549375532776
1990	11	17	0.0012447768467199998	0.3143384996555275	1.4826181133098641
1990	11	18	0.0460722629626	0.30584286452970244	1.1766669135325354
1990	11	19	0.007779364972299999	0.28885159427805235	1.0967978395145799
1990	11	20	8.0269338684	0.29734722940387737	0.783767856610269
1990	11	21	1.53777942385	0.3143384996555275	0.8011549386347835
1990	11	22	0.06084436730659999	0.3143384996555275	0.7320053199474865
1990	11	23	11.5564987782	0.3143384996555275	0.8483188332495231
1990	11	24	5.2588064397	0.3992948509137782	0.7553747908671838
1990	11	25	1.87534703279	0.4672599319203788	0.6472562313114437
1990	11	26	0.849476520526	0.45876429679455366	0.6680588423835695
1990	11	27	0.312642608337	0.4332773914170785	0.7368173237494822
1990	11	28	0.028202382582599998	0.4077904860396033	0.7120207651579795
1990	11	29	0.0	0.38230358066212805	0.7726395230808532
1990	11	30	0.0008243041067299999	0.38230358066212805	0.7164459926823974
1990	12	01	0.00207805293357	0.38230358066212805	0.8264111250240004
1990	12	02	0.00414995830257	0.3653123104104779	0.8286148425032855
1990	12	03	0.00165455897318	0.33982540503300274	0.7242879144012768
1990	12	04	0.0024995299102	0.3568166752846529	0.7540752420701862
1990	12	05	0.00123933758619	0.3568166752846529	0.7459467040059832
1990	12	06	0.0016601364323	0.3483210401588278	0.7072066298427718
1990	12	07	0.322656261538	0.3228341347813526	0.8347816896692419
1990	12	08	1.94833967897	0.3143384996555275	0.6834278878314
1990	12	09	1.70178962272	0.3143384996555275	0.5189017892469595
1990	12	10	2.8220181091000005	0.3143384996555275	0.46284634597079094
1990	12	11	0.17594034447	0.33132976990717766	0.5116629008054265
1990	12	12	0.0158598442664	0.33132976990717766	0.7496257373951157
1990	12	13	0.0014846517853500001	0.33132976990717766	0.7992709184754994
1990	12	14	0.0014072647334800001	0.33132976990717766	0.6155712019792793
1990	12	15	0.0012335737669	0.3143384996555275	0.5805948442279665
1990	12	16	0.00248678653021	0.3143384996555275	0.7066339681203704
1990	12	17	0.00490107769706	0.30584286452970244	0.5564812645658057
1990	12	18	0.0964704531984	0.28885159427805235	0.6103510505234562
1990	12	19	0.00217327611403	0.30584286452970244	0.648979175681175
1990	12	20	0.000426563023227	0.29734722940387737	0.5703890890430714
1990	12	21	0.0012451022758700001	0.2803559591522272	0.6457251569757695
1990	12	22	0.0	0.28885159427805235	0.6759962084214602
1990	12	23	0.0794346927	0.2803559591522272	0.6811754370356345
1990	12	24	0.390032329403	0.2803559591522272	0.6918773512756018
1990	12	25	2.59530017913	0.30584286452970244	0.7345810838544814
1990	12	26	0.344761614394	0.3143384996555275	0.5184597751503536
1990	12	27	4.1488067766	0.3143384996555275	0.7274130700902468
1990	12	28	1.1143040317800001	0.3228341347813526	0.792577694701982
1990	12	29	1.39870086956	0.33132976990717766	0.5501255355154565
1990	12	30	1.94386954935	0.3568166752846529	0.48825296121672435
1990	12	31	11.585320292399999	0.5692075534302795	0.8625705839307131
1991	01	01	0.00158917972504	0.5692075534302795	0.763714851416064
1991	01	02	0.052232577779	0.4842512021720288	0.65169266661124
1991	01	03	4.661716675369999	0.4672599319203788	0.6435732802618653
1991	01	04	1.1004959714	0.49274683729785396	0.6673857403140531
1991	01	05	1.7380905916099998	0.49274683729785396	0.6688469512203844
1991	01	06	13.1348785107	0.8920416882116321	0.3962158566446597
1991	01	07	15.800975922300001	1.4102754308869614	0.6399180950724104
1991	01	08	8.0692657696	1.24036272837046	0.5232206729653737
1991	01	09	10.420837116599998	3.806044536369631	0.7736353828601232
1991	01	10	16.326601542	7.187307316448009	0.3011655891344446
1991	01	11	12.2077352143	4.672599319203788	0.7890597961639546
1991	01	12	0.020636666441	2.0984218760787923	0.7094224791997683
1991	01	13	0.00167987146174	1.614170673906763	0.6690711476819143
1991	01	14	0.0012335737669	1.3932841606353112	0.5900540628199267
1991	01	15	4.17470996984e-05	1.2233714581188098	0.6233698537660848
1991	01	16	6.276698144859999	1.6651444846617134	0.3413819799932192
1991	01	17	4.6687535851	2.981967929164599	0.5518367443337457
1991	01	18	0.874233313426	1.8775353628073401	0.7749900076185976
1991	01	19	0.126515219307	1.5207186875226872	0.9402709073559452
1991	01	20	0.00124999889659	1.3168234445028855	0.9696452457345245
1991	01	21	0.00042079855598	1.1639020122380346	0.9350028330344614
1991	01	22	0.0017475806472	1.0874412961056088	0.9391408594293917
1991	01	23	0.0026111997866799996	0.9769980394698827	0.9046361207144686
1991	01	24	0.0012448366135000002	0.9430154989665827	0.7346196812034141
1991	01	25	0.00042079855598	0.9005373233374572	0.9036583825938992
1991	01	26	0.0008243041067299999	0.8580591477083319	0.8999358079715908
1991	01	27	0.0016601355619100002	0.7815984315759062	0.8133872145377411
1991	01	28	0.0012397420274100001	0.7731027964500812	0.8766149003202436
1991	01	29	2.18424892734	0.9600067692182326	0.5273513573239108
1991	01	30	0.302261283058	1.0874412961056088	0.797422298287397
1991	01	31	1.17072899773	0.9090329584632822	0.9487380066434751
1991	02	01	10.306614869799999	1.112928201483084	0.7256009774856174
1991	02	02	6.3989989648	1.24036272837046	0.6799589016326231
1991	02	03	0.0038678120031999997	1.1554063771122094	1.1382630902219266
1991	02	04	0.094088501372	1.002484944847358	1.1540254156896121
1991	02	05	0.556991815775	0.9685024043440577	0.9750028553663627
1991	02	06	5.722503520770001	1.1808932824896843	0.7718726554089196
1991	02	07	5.8472190927	1.8945266330589903	0.6780610062555972
1991	02	08	3.3868076038199995	1.7416052007941387	0.8332115247420309
1991	02	09	11.6182838959	3.449227861084977	0.8956912917041877
1991	02	10	0.684162574146	1.8775353628073401	0.9584672994228868
1991	02	11	0.0035663929481900003	1.5377099577743374	0.9822111298903269
1991	02	12	0.17963716158799997	1.3338147147545356	0.8574292025709481
1991	02	13	0.014069395944599999	1.138415106860559	1.0626824407731046
1991	02	14	0.00042079855598	1.112928201483084	1.0598659588947896
1991	02	15	1.3791666100800002	1.0279718502248332	1.2692041240908936
1991	02	16	7.11602189485	1.0534587556023085	0.9317035451485592
1991	02	17	0.56065446525	1.010980579973183	1.0295426401394154
1991	02	18	1.12453846424	0.9600067692182326	1.2200832343203842
1991	02	19	0.178659965064	0.9430154989665827	1.5702598663052438
1991	02	20	0.022747799320199998	0.8240766072050316	1.4105686940662046
1991	02	21	2.37821030992	0.8495635125825068	1.1560229922284964
1991	02	22	0.008575261193499998	0.8240766072050316	1.155964452118885
1991	02	23	0.000421131954034	0.8070853369533815	1.6475755564622605
1991	02	24	0.0	0.7731027964500812	1.6298367112671646
1991	02	25	0.081678567791	0.7731027964500812	1.6305786969752776
1991	02	26	0.7719697803599999	0.7306246208209558	1.357655005073931
1991	02	27	2.1984620091999996	0.7306246208209558	1.1367375528948027
1991	02	28	22.796133043999998	2.4212560108601444	1.3009268644057705
1991	03	01	0.32761402232000003	2.0474480653238416	1.2654750069025125
1991	03	02	0.111956109067	1.4697448767677368	1.6221409871090513
1991	03	03	0.464077286764	1.639657579284238	1.5902088894628945
1991	03	04	24.030578168	1.987978619443066	1.2092874149548405
1991	03	05	19.140943778399997	7.068368424686456	1.197313222995442
1991	03	06	18.2989691106	16.14170673906763	1.121669025140595
1991	03	07	6.72020933447	6.456682695627052	1.0569958489446498
1991	03	08	9.117635050999999	6.762525560156754	1.3281696722998797
1991	03	09	5.18449186453	5.377737034647268	1.4358200443068498
1991	03	10	0.232308145139	3.9249834281311813	1.6623017522997154
1991	03	11	11.203787737199999	3.610644928475654	1.7072110873479245
1991	03	12	10.447668339	15.122230523968621	1.6888526471700926
1991	03	13	2.25453978625	4.137374306276808	1.7944232348282112
1991	03	14	0.007275318738449999	2.6761250646348964	2.3250351241633362
1991	03	15	1.43816609294	2.1409000517079173	1.7859497776329483
1991	03	16	12.2052101162	4.638616778700487	1.1376986122784176
1991	03	17	2.2508469149	5.105876710620866	1.382539259239713
1991	03	18	0.374315455398	3.1858631721844004	1.5757759086122667
1991	03	19	0.0287245082674	2.5996643485024706	2.456454871170787
1991	03	20	0.0055119535686	2.3447952947277186	3.002497334888082
1991	03	21	5.6195260358	2.259838943469468	1.3379718636393045
1991	03	22	2.4525723697	2.4552385513634447	1.5033385214073698
1991	03	23	0.63856084982	2.166386957085392	1.4773037355102605
1991	03	24	0.0468591313053	2.004969889694716	1.6871534274398674
1991	03	25	0.000190134790313	1.631161944158413	2.2225713898957187
1991	03	26	2.2987038584	1.3168234445028855	2.209764159864371
1991	03	27	2.33024234334	1.2998321742512353	1.8622346339113043
1991	03	28	0.08583455915350001	1.231867093244635	2.3819350482792085
1991	03	29	0.0008243041067299999	1.1808932824896843	2.647062617036897
1991	03	30	0.0170567862195	1.0959369312314338	2.572952940308374
1991	03	31	0.000824304164756	1.002484944847358	2.568107391746062
1991	04	01	0.000391976722637	0.9600067692182326	2.5650370684223964
1991	04	02	0.107075232735	0.9430154989665827	2.568525269459196
1991	04	03	1.26952435546	0.8750504179599821	1.6633022528374646
1991	04	04	10.067061298499999	1.0279718502248332	1.788801505525665
1991	04	05	2.66968970455	1.0789456609797836	1.7292267143338746
1991	04	06	0.0082911746014	0.9175285935891073	2.5195486203651827
1991	04	07	1.38813530206e-05	0.9005373233374572	2.7343488268197853
1991	04	08	0.0	0.8070853369533815	3.153572503268329
1991	04	09	0.000214546908773	0.7731027964500812	3.297320331149609
1991	04	10	0.0	0.756111526198431	3.4161403347408963
1991	04	11	0.0020171278579	0.7051377154434807	3.463082007438953
1991	04	12	1.80375000862	0.7051377154434807	2.5389806058552224
1991	04	13	0.8777264206	0.6626595398143553	2.342767404417998
1991	04	14	7.808592668499999	0.7221289856951307	2.3068101075516902
1991	04	15	5.28437791764	1.0534587556023085	2.763060886137301
1991	04	16	0.037958874222600004	0.9345198638407576	2.8542731210289696
1991	04	17	1.95004902822	0.8155809720792065	2.9591365677926063
1991	04	18	0.0023169897852	0.7051377154434807	3.1489718513191396
1991	04	19	0.0023110392189	0.628676999311055	3.2331678876552847
1991	04	20	0.0016477072631	0.6116857290594049	2.961983608415654
1991	04	21	0.00179136909771	0.6031900939335798	2.8461313137962363
1991	04	22	0.0396819456545	0.5861988236819297	2.892141580761173
1991	04	23	0.265794069678	0.5861988236819297	3.1609398678470297
1991	04	24	1.08054934048	0.5861988236819297	2.2056501276069613
1991	04	25	1.48754215712	0.5777031885561047	2.1668744177072234
1991	04	26	0.196040802316	0.5352250129269793	2.322349014911543
1991	04	27	1.68132027425	0.5777031885561047	2.16113593715284
1991	04	28	0.30226697927699997	0.5861988236819297	2.6025286523422406
1991	04	29	0.0035562085148	0.5692075534302795	3.9763225520771717
1991	04	30	0.0247085230048	0.5182337426753292	3.7291667107694884
1991	05	01	0.28498541484	0.4842512021720288	2.692664541950973
1991	05	02	0.244720970349	0.45876429679455366	2.5559884148535854
1991	05	03	0.038809084714	0.4417730265429035	3.005588730934209
1991	05	04	0.0028622015009400004	0.4417730265429035	3.2264706086616055
1991	05	05	0.108334561342	0.4417730265429035	2.5278182803981104
1991	05	06	0.0008243041067299999	0.4247817562912534	3.0977529691054797
1991	05	07	0.046974901879200004	0.4077904860396033	3.0739128315654543
1991	05	08	0.086023225857	0.41628612116542835	2.7263474653196136
1991	05	09	0.08586294450559999	0.3907992157879531	3.0819668540159615
1991	05	10	0.00173243257306	0.38230358066212805	3.577654757811684
1991	05	11	0.001669707821	0.3568166752846529	3.766031645766772
1991	05	12	0.0	0.3483210401588278	4.212271196386711
1991	05	13	0.0024873233674199994	0.33982540503300274	4.176232966951814
1991	05	14	0.053185596802999995	0.33132976990717766	4.6488666829149485
1991	05	15	0.0135543358924	0.3143384996555275	4.693127313917304
1991	05	16	0.0016418008932700002	0.3143384996555275	4.68380987984333
1991	05	17	0.0025655789718	0.29734722940387737	4.7459354060804
1991	05	18	0.00167323367418	0.28885159427805235	4.522663033183173
1991	05	19	0.0008243041067299999	0.2718603240264022	4.633301507453815
1991	05	20	0.0012515012864399999	0.2718603240264022	4.800353711742717
1991	05	21	0.000412152082378	0.2633646889005771	5.0850903487976655
1991	05	22	0.00042079855598	0.24637341864892698	4.9255127748089285
1991	05	23	6.4888212786e-07	0.23787778352310193	5.341651604450957
1991	05	24	0.0016536487386599999	0.22088651327145176	5.1946232975847515
1991	05	25	0.00208093537512	0.2123908781456267	5.863275100576626
1991	05	26	0.00290523957856	0.1869039727681515	5.466773586239335
1991	05	27	0.17348207298	0.17840833764232644	5.138255917120959
1991	05	28	2.89886851718	0.17840833764232644	4.890711770730633
1991	05	29	4.708367451749999	0.16991270251650137	4.190148938942447
1991	05	30	14.1084687188	0.17840833764232644	3.214053078359392
1991	05	31	3.19255928267	0.24637341864892698	3.2813227877764715
1991	06	01	2.36255044646	0.23787778352310193	4.188821516610445
1991	06	02	0.53262017045	0.22088651327145176	4.387931184328699
1991	06	03	0.074216627282	0.2123908781456267	4.64027248025378
1991	06	04	0.008499229725699999	0.20389524301980164	3.729673571234585
1991	06	05	0.8553653568330001	0.17840833764232644	3.3289313324671737
1991	06	06	0.103738312211	0.16991270251650137	3.372329419895523
1991	06	07	2.77001046911	0.1869039727681515	2.4968972395650857
1991	06	08	0.005851641350869999	0.1869039727681515	4.464233250425238
1991	06	09	0.133453156023	0.1869039727681515	4.06603265844961
1991	06	10	0.00112139268136	0.16991270251650137	4.090066327458902
1991	06	11	0.0	0.1614170673906763	5.417331658745451
1991	06	12	0.00165698842509	0.1614170673906763	5.316519965613592
1991	06	13	0.00176766479974	0.1359301620132011	5.2508264153847355
1991	06	14	0.0	0.11893889176155097	6.123200786328155
1991	06	15	0.00226547343201	0.11044325663572588	5.942196582622115
1991	06	16	0.0082336389211	0.11893889176155097	4.019601252197828
1991	06	17	0.00123933758619	0.11044325663572588	4.295502452685845
1991	06	18	0.00042079855598	0.10194762150990082	4.695204461378005
1991	06	19	0.0024288436041	0.09345198638407574	5.127416162944849
1991	06	20	0.32804910126799997	0.09345198638407574	4.236434869280898
1991	06	21	0.017836277523399998	0.09345198638407574	4.7541634916723865
1991	06	22	0.066016702434	0.09345198638407574	4.379858533399542
1991	06	23	0.000824304164756	0.09345198638407574	5.948819135186253
1991	06	24	0.0	0.08495635125825068	6.423024092302341
1991	06	25	0.0014109181471499998	0.07646071613242561	6.245840693047199
1991	06	26	0.0057424724917	0.07646071613242561	5.2890651949456915
1991	06	27	0.000414320552682	0.07646071613242561	5.0900281872465944
1991	06	28	0.0008370371871050001	0.06796508100660055	5.778175656869422
1991	06	29	0.0008243041067299999	0.05946944588077548	5.935344185829951
1991	06	30	0.00042079855598	0.05946944588077548	6.044037505739325
1991	07	01	2.0978436679700003	0.05946944588077548	5.9597803399678915
1991	07	02	0.005069438201859999	0.05097381075495041	4.119467913283257
1991	07	03	0.0051411103697	0.05097381075495041	4.530153930489864
1991	07	04	2.6066246299999998	0.05097381075495041	3.9922266453674906
1991	07	05	1.80019291811	0.05946944588077548	3.3307778170773976
1991	07	06	2.1018513303699997	0.05097381075495041	3.5667006505354473
1991	07	07	1.26942445403	0.05097381075495041	3.543277826544873
1991	07	08	0.043108250396	0.05097381075495041	5.103863477524088
1991	07	09	0.0019769618738599997	0.05946944588077548	6.137053944712086
1991	07	10	0.00083006850628	0.05097381075495041	5.947604830419913
1991	07	11	0.006667925780849999	0.05097381075495041	5.407472814646118
1991	07	12	0.020452941618499997	0.04247817562912534	6.11519597196336
1991	07	13	0.006658881945199999	0.04247817562912534	6.246196234445588
1991	07	14	0.000426562994214	0.04247817562912534	6.336222051251616
1991	07	15	1.68626418616e-05	0.04247817562912534	6.388236358824999
1991	07	16	0.0010015980043599998	0.04247817562912534	6.696574433068061
1991	07	17	0.0020688851157	0.04247817562912534	6.825391809500026
1991	07	18	0.024802030936699998	0.016991270251650138	7.081772740881412
1991	07	19	0.7269352215	0.025486905377475205	5.477139556829169
1991	07	20	1.33467942982	0.008495635125825069	5.907774927177753
1991	07	21	3.7027749375499996	0.008495635125825069	4.909377429173879
1991	07	22	0.445388891628	0.025486905377475205	5.489669497053319
1991	07	23	0.011659423362799999	0.025486905377475205	4.952873162311635
1991	07	24	0.00446311785487	0.008495635125825069	4.158346356793965
1991	07	25	0.00248216282511	0.008495635125825069	5.0236551604755695
1991	07	26	0.0	0.008495635125825069	5.6577564077029425
1991	07	27	0.0	0.008495635125825069	6.121177468028563
1991	07	28	0.29390908831499996	0.008495635125825069	5.685427726572323
1991	07	29	0.7935805002499999	0.008495635125825069	2.9705573261780245
1991	07	30	3.8596042255	0.008495635125825069	2.6183154205235417
1991	07	31	0.202307329857	0.008495635125825069	3.251320218475392
1991	08	01	0.19670579961800003	0.008495635125825069	4.4182902074667965
1991	08	02	0.0018150299728899998	0.008495635125825069	5.795415622368051
1991	08	03	0.0016939004077599997	0.008495635125825069	6.050751357595894
1991	08	04	0.0	0.008495635125825069	5.961344571872114
1991	08	05	0.0017588676713	0.008495635125825069	6.026455282385515
1991	08	06	0.025601206594	0.008495635125825069	5.818843791346468
1991	08	07	0.186576694019	0.008495635125825069	4.0940314281022525
1991	08	08	0.0012397167860999998	0.008495635125825069	4.9303586763905916
1991	08	09	0.00040740833115499996	0.0	5.038265771805801
1991	08	10	0.0024980713299799996	0.0	5.456831020272834
1991	08	11	0.0008309997268700001	0.0	5.343984180794367
1991	08	12	0.0	0.0	5.406223176585809
1991	08	13	0.0	0.0	5.779850105302101
1991	08	14	0.0008243041067299999	0.0	5.828030849507648
1991	08	15	0.00042079855598	0.0	6.19075474236898
1991	08	16	0.0	0.0	6.1791518510677985
1991	08	17	0.0017678288199	0.0	6.250167595029511
1991	08	18	1.3777190548	0.0	5.886449529350737
1991	08	19	0.966990562964	0.0	4.6413705067853765
1991	08	20	0.00165293182743	0.0	5.190882640384531
1991	08	21	0.234745798057	0.0	3.573434288678163
1991	08	22	3.4557732455999997	0.0	2.535565926582778
1991	08	23	0.0008243041067299999	0.0	4.292086652417163
1991	08	24	0.000420798604335	0.0	4.893702800701583
1991	08	25	0.000412152082378	0.0	5.058627598563732
1991	08	26	0.0118895225645	0.0	4.03633052309235
1991	08	27	0.57599663636	0.0	3.9072072301905494
1991	08	28	0.11564853555099999	0.0	4.010673565896815
1991	08	29	6.581342188240001	0.0	3.277465135936447
1991	08	30	4.46463794265	0.0	2.729440417018161
1991	08	31	0.83925953455	0.0	3.2827244966638456
1991	09	01	0.00487234486593	0.0	3.917876033034494
1991	09	02	3.45074742032	0.0	3.410212410861869
1991	09	03	0.44157633198199997	0.0	3.3005231755508304
1991	09	04	0.6124016652100001	0.0	3.882037582267887
1991	09	05	0.485367973922	0.0	3.8343770855436388
1991	09	06	0.35624695201999995	0.0	3.756493483401078
1991	09	07	0.04699980277	0.0	4.040574522284557
1991	09	08	0.0393383563007	0.0	3.8552755602096496
1991	09	09	0.0082650271187	0.0	3.53815188843599
1991	09	10	0.981812153815	0.0	3.2527858154021567
1991	09	11	8.454073892499999	0.008495635125825069	2.2222450563361327
1991	09	12	1.90211626408	0.016991270251650138	2.4742248986741173
1991	09	13	0.0012658075967400002	0.0	3.3863591624661464
1991	09	14	0.0	0.0	3.6966842191072957
1991	09	15	0.0	0.0	3.6635976733470956
1991	09	16	0.00207049378984	0.0	3.97879670026629
1991	09	17	0.00042079855598	0.0	4.005715278206171
1991	09	18	0.0	0.0	4.057811241682913
1991	09	19	0.0255993555646	0.0	3.8665134466153663
1991	09	20	1.5540928534899998	0.0	3.2906125964243
1991	09	21	1.55952863246	0.0	3.2124851207788554
1991	09	22	0.006727190152400001	0.0	3.1740222127210735
1991	09	23	0.0016659012186900002	0.0	3.570374950350244
1991	09	24	0.0303726961792	0.0	3.1938028340236344
1991	09	25	1.59920400667	0.0	2.2063370860669913
1991	09	26	0.23991495722800002	0.0	2.032784648464982
1991	09	27	0.10910193585000001	0.0	2.180070927431638
1991	09	28	20.0841244941	0.016991270251650138	1.718707447573502
1991	09	29	6.0313668280299995	0.025486905377475205	1.7666052103500778
1991	09	30	0.0363132278496	0.016991270251650138	1.8428759236702383
1991	10	01	0.074549222643	0.016991270251650138	2.2295768976556767
1991	10	02	0.0	0.016991270251650138	2.794775283027788
1991	10	03	0.00167240554645	0.016991270251650138	2.6688882722804217
1991	10	04	0.0	0.016991270251650138	2.6078579822540826
1991	10	05	0.0465308782233	0.016991270251650138	2.071604854067594
1991	10	06	0.0008358329058299999	0.016991270251650138	2.2636552026820653
1991	10	07	0.00751192149423	0.016991270251650138	2.347030595523288
1991	10	08	6.239677266729999	0.008495635125825069	1.3231186023740213
1991	10	09	15.5190198515	0.008495635125825069	1.3806402478847528
1991	10	10	6.9364945764799995	0.008495635125825069	1.8001288148468397
1991	10	11	5.1741360610200005	0.008495635125825069	1.21551345557556
1991	10	12	4.178546358829999	0.008495635125825069	1.3142400441911293
1991	10	13	6.046879789	0.008495635125825069	0.9027434189911847
1991	10	14	1.5285770805099999	0.008495635125825069	1.3132052132866978
1991	10	15	0.30330482264200004	0.008495635125825069	1.3792110542269835
1991	10	16	0.00878880219255	0.008495635125825069	1.9486313438002734
1991	10	17	0.285364537382	0.008495635125825069	1.6372734265634423
1991	10	18	0.017037804947800002	0.008495635125825069	1.7120939600756448
1991	10	19	0.0023300175892999996	0.008495635125825069	1.5361820513722677
1991	10	20	0.000426562994214	0.008495635125825069	1.5096313993629251
1991	10	21	0.000420895324006	0.008495635125825069	1.5604536208863582
1991	10	22	0.00083006850628	0.008495635125825069	1.4265947983874367
1991	10	23	0.0	0.008495635125825069	1.569579208192074
1991	10	24	0.000880887232214	0.008495635125825069	1.5148335425296917
1991	10	25	14.589678336799999	0.008495635125825069	1.2409924082984822
1991	10	26	3.6151706675999997	0.008495635125825069	0.8787763512975189
1991	10	27	5.58352119293	0.008495635125825069	1.0143864164931684
1991	10	28	0.54118306727	0.025486905377475205	1.1182744637960216
1991	10	29	0.256751268825	0.033982540503300275	1.4699255800260882
1991	10	30	2.7004164057499995	0.033982540503300275	0.9975199010808964
1991	10	31	0.5917733255000001	0.04247817562912534	1.1372147528867818
1991	11	01	0.5342147249299999	0.04247817562912534	1.2824380716727837
1991	11	02	17.3201884768	0.06796508100660055	0.6402276873526032
1991	11	03	10.068593184900001	0.14442579713902617	0.5586882761608408
1991	11	04	0.9765749108039999	0.17840833764232644	1.1452708628243093
1991	11	05	0.174261990775	0.16991270251650137	1.0575207370851876
1991	11	06	0.00124322097624	0.1614170673906763	1.198825760149732
1991	11	07	0.0016572540874600001	0.15292143226485122	1.2185580007202947
1991	11	08	0.00042079855598	0.11893889176155097	1.3328182762558678
1991	11	09	0.017941830685800002	0.11893889176155097	1.2443601911366446
1991	11	10	0.025408597023799998	0.11044325663572588	1.0162748747795245
1991	11	11	0.0018735391360499998	0.11044325663572588	1.1821834973081593
1991	11	12	1.6983095133700001	0.11044325663572588	0.9822490351764657
1991	11	13	13.518966144099998	0.1614170673906763	0.9497880828964101
1991	11	14	3.4201375447999998	0.1614170673906763	0.9517568232340169
1991	11	15	6.91049003116	0.1869039727681515	0.9081458351285863
1991	11	16	0.20946776727000002	0.17840833764232644	0.9422353443860318
1991	11	17	0.25385076184699995	0.15292143226485122	1.0724057409012415
1991	11	18	1.9668870129	0.1614170673906763	0.9324634006297016
1991	11	19	4.114731008100001	0.1359301620132011	0.5434945250579215
1991	11	20	0.130737751985	0.11044325663572588	0.6725094892828916
1991	11	21	0.006862112884570001	0.14442579713902617	0.77437645307295
1991	11	22	0.0008307954753499999	0.14442579713902617	0.9312334105800297
1991	11	23	0.000420798604335	0.12743452688737603	0.7737782968727409
1991	11	24	9.0615829021	0.14442579713902617	0.7927419222581901
1991	11	25	33.31668977579999	2.0304567950721912	0.3963075340021908
1991	11	26	5.78207746103	2.9564810237871235	0.7070461338748464
1991	11	27	0.00249048336667	1.0194762150990082	1.1044341791321717
1991	11	28	0.0	0.7051377154434807	0.9752844996158477
1991	11	29	0.007929388294	0.5946944588077547	0.8007303433295463
1991	11	30	8.984299039800002	0.5692075534302795	0.7443464678850084
1991	12	01	1.02379536711	0.9345198638407576	0.6471121486598584
1991	12	02	0.12960037468799998	0.7051377154434807	0.8730901225032601
1991	12	03	0.009655110547	0.6031900939335798	0.716697876123324
1991	12	04	0.00126698813571	0.6031900939335798	0.8175395618278243
1991	12	05	0.17926349348999998	0.5861988236819297	0.8656941320189422
1991	12	06	0.44758770953	0.5522162831786295	0.8869974712313673
1991	12	07	6.4300341709	0.5267293778011543	0.6337060465333061
1991	12	08	0.23115469464000002	0.6456682695627052	0.5150373317707205
1991	12	09	0.0405295594824	0.6116857290594049	0.7758279590151763
1991	12	10	0.98106763188	0.5607119183044544	0.49882649976596727
1991	12	11	4.08525234945	0.5097381075495041	0.29102546901566617
1991	12	12	0.0411936477104	0.49274683729785396	0.597455137850411
1991	12	13	0.0035005579058200002	0.4672599319203788	0.6336880274135854
1991	12	14	11.816533593299999	0.5352250129269793	0.5131635490419499
1991	12	15	0.13150616128999998	0.7646071613242561	0.5490258394976184
1991	12	16	1.54204356117	0.6796508100660055	0.5651258433653433
1991	12	17	0.09384714222499999	0.6541639046885303	0.8398896378335398
1991	12	18	3.2444106393e-07	0.5861988236819297	0.95292800529244
1991	12	19	0.196372343538	0.5861988236819297	0.8540718045536982
1991	12	20	0.0306303925465	0.5437206480528044	0.7497728066302004
1991	12	21	0.0016610731653599999	0.5352250129269793	0.9066512483021519
1991	12	22	0.00083006850628	0.5097381075495041	1.008063180398284
1991	12	23	0.00165437261301	0.47575556704620386	0.9076504443393616
1991	12	24	0.00084159720867	0.4672599319203788	0.7093766556885313
1991	12	25	0.000409269901945	0.4672599319203788	0.805362286609553
1991	12	26	0.0008243041067299999	0.45876429679455366	0.7319422580863174
1991	12	27	0.000827186287163	0.4417730265429035	0.735394710123877
1991	12	28	0.0008243041067299999	0.4417730265429035	0.6967397786333773
1991	12	29	0.00124159112261	0.4332773914170785	0.6917896677983691
1991	12	30	0.000829258695424	0.4077904860396033	0.6856259682615541
1991	12	31	0.00084159720867	0.4077904860396033	0.790128896416886
1992	01	01	0.0016113607438	0.3992948509137782	0.626057750966294
1992	01	02	0.00083006850628	0.3907992157879531	0.6269181355069565
1992	01	03	0.00123933758619	0.38230358066212805	0.6648572390389231
1992	01	04	0.0	0.3653123104104779	0.6945908487154073
1992	01	05	0.0016732338676	0.38230358066212805	0.682676330578615
1992	01	06	0.00208842653172	0.373807945536303	0.6745862623231383
1992	01	07	2.1668146287999996	0.4077904860396033	0.744960772860808
1992	01	08	39.194735181	5.811014426064347	0.8634832976980169
1992	01	09	1.6720891113299998	3.5936536582240044	0.5403049823532154
1992	01	10	0.09527850825100001	1.8265615520523897	0.6729659548362081
1992	01	11	0.044264805286	1.384788525509486	0.6240383904878154
1992	01	12	0.00242745030313	1.1554063771122094	0.601836543496121
1992	01	13	0.0	1.002484944847358	0.6816250990563391
1992	01	14	0.6209225318639999	0.9600067692182326	0.7311342530647377
1992	01	15	0.0008243041067299999	0.9600067692182326	0.9032706631655125
1992	01	16	0.000832950715726	0.9600067692182326	0.7892160428308357
1992	01	17	0.0	0.9090329584632822	0.7571678010275156
1992	01	18	0.00123933758619	0.9005373233374572	0.8156467261664602
1992	01	19	0.0020698043442499998	0.8920416882116321	0.8163776266059656
1992	01	20	0.00166599792869	0.8325722423308567	0.7636971609682608
1992	01	21	0.00205077210638	0.8070853369533815	0.8332526951947323
1992	01	22	0.00099367223302	0.7731027964500812	0.8214822132490887
1992	01	23	0.00084159720867	0.7731027964500812	0.7445376331113178
1992	01	24	0.000824304164756	0.7731027964500812	0.7407832382520178
1992	01	25	0.0024973723101	0.7221289856951307	1.003777199264969
1992	01	26	0.0	0.7221289856951307	0.981697386562404
1992	01	27	0.0	0.7221289856951307	0.9686435723698964
1992	01	28	0.0	0.6966420803176556	0.8364564868992412
1992	01	29	0.00249774599754	0.6796508100660055	0.9336964720880792
1992	01	30	0.0016659012186900002	0.6456682695627052	1.021424770260473
1992	01	31	0.00123933748948	0.628676999311055	1.1000733302718264
1992	02	01	0.0016572540874600001	0.628676999311055	1.0448992785558469
1992	02	02	0.0	0.6116857290594049	1.083603785396215
1992	02	03	0.0008243041067299999	0.5861988236819297	1.2178903472499345
1992	02	04	0.0	0.5607119183044544	1.234222177014684
1992	02	05	0.0	0.5352250129269793	1.2260697822006956
1992	02	06	0.0008315095819899999	0.5182337426753292	1.2139437019426444
1992	02	07	0.0008339457552450001	0.49274683729785396	1.420082437356999
1992	02	08	0.00128893850112	0.49274683729785396	1.3419720153625585
1992	02	09	0.502265667356	0.49274683729785396	1.1062496261075028
1992	02	10	0.004560184037799999	0.49274683729785396	1.035940864364265
1992	02	11	0.56532584838	0.47575556704620386	1.1865799351621298
1992	02	12	15.4444235601	0.756111526198431	0.9080989978570306
1992	02	13	1.4126120227999999	1.1554063771122094	1.0113961786924246
1992	02	14	0.00052140867686	0.8155809720792065	1.1410314199541685
1992	02	15	0.00127528082479	0.7221289856951307	1.3699008788834401
1992	02	16	0.0016716649412699999	0.6626595398143553	1.4344059712706483
1992	02	17	0.0	0.6116857290594049	1.3608473146725508
1992	02	18	0.731230837925	0.5861988236819297	1.2756447388433854
1992	02	19	2.44575692587	0.5861988236819297	1.0498975295265236
1992	02	20	0.0280796189086	0.5861988236819297	1.3794557486489087
1992	02	21	0.00125221626347	0.5522162831786295	1.2415012365562037
1992	02	22	0.00124510246929	0.5352250129269793	1.3667051664684937
1992	02	23	0.0008243041067299999	0.501242472423679	1.4410423302478959
1992	02	24	0.3147069123	0.49274683729785396	1.3521131456889255
1992	02	25	0.502151327123	0.49274683729785396	1.5442120834969972
1992	02	26	0.000827186287163	0.49274683729785396	1.7010586660507794
1992	02	27	0.0026359680880700003	0.49274683729785396	1.6521129043524694
1992	02	28	0.0033236963986	0.4672599319203788	1.6401467716214373
1992	02	29	0.0033360073881799996	0.4672599319203788	1.7344356876612645
1992	03	01	0.519722866824	0.4672599319203788	1.346065868251276
1992	03	02	0.0008243041067299999	0.4672599319203788	2.064960899115928
1992	03	03	0.0	0.4672599319203788	2.0052231728208403
1992	03	04	0.0012490402103599997	0.4672599319203788	1.9261951900388123
1992	03	05	0.0105285237016	0.4417730265429035	2.044918797273536
1992	03	06	0.0	0.4417730265429035	2.1314591046972255
1992	03	07	0.000940443097375	0.4417730265429035	2.2980678522007945
1992	03	08	0.0045819031696	0.4417730265429035	2.1426032360339087
1992	03	09	0.0012200353340000001	0.4332773914170785	2.116935886702243
1992	03	10	0.00164942144785	0.4077904860396033	2.3471571382176206
1992	03	11	0.00249565889903	0.4077904860396033	2.06028040141014
1992	03	12	0.000824304164756	0.4077904860396033	2.0966524973290293
1992	03	13	0.0011279376273199998	0.38230358066212805	2.3177603939508966
1992	03	14	8.8099396137e-05	0.38230358066212805	2.489183652823779
1992	03	15	0.0008243041067299999	0.373807945536303	2.532901989057383
1992	03	16	0.00123933758619	0.3568166752846529	2.5292355487217675
1992	03	17	0.0078156631366	0.3568166752846529	2.7499162552337992
1992	03	18	0.0025050349335299996	0.3483210401588278	2.3526513750395774
1992	03	19	0.00122155097312	0.33982540503300274	2.922253142422885
1992	03	20	0.0033318012768600003	0.33982540503300274	3.1426328847218867
1992	03	21	0.00565283808543	0.33132976990717766	3.3587591096687337
1992	03	22	0.0	0.3143384996555275	3.050530194626126
1992	03	23	0.452010876774	0.3143384996555275	2.2898298440029454
1992	03	24	3.9016976398400005	0.3228341347813526	1.5357951245451964
1992	03	25	0.0245510655854	0.3143384996555275	1.8238638916254877
1992	03	26	2.06546042118	0.3143384996555275	1.9395990697702838
1992	03	27	1.0106651471199999	0.3143384996555275	1.5857934996601055
1992	03	28	0.020182199072199997	0.30584286452970244	1.8582134975622464
1992	03	29	6.23531303456	0.3143384996555275	2.0305926055743386
1992	03	30	29.552283973	1.3423103498803608	1.3057375366884927
1992	03	31	8.128312060099999	1.3168234445028855	1.5447389646723375
1992	04	01	14.211667959800002	1.4272667011386115	1.7160440492680367
1992	04	02	21.1270664103	1.9200135384364652	1.5233540146924816
1992	04	03	6.1943470654	3.525688577217404	1.7737064063527217
1992	04	04	1.58911860432	2.5656818079991703	2.3242303252159875
1992	04	05	0.0013739501693900002	1.2743452688737602	2.3196138230450436
1992	04	06	6.6673102217	1.0194762150990082	1.6961410063245552
1992	04	07	0.8997307501899999	1.0619543907281335	1.9405775640759746
1992	04	08	1.9580935594399997	0.9769980394698827	1.9071029563309225
1992	04	09	0.0016655232760100001	0.8155809720792065	3.037173072112069
1992	04	10	0.00042079855598	0.7306246208209558	3.054582289483407
1992	04	11	0.0018859465454999999	0.6881464451918305	3.2947542043096654
1992	04	12	0.00214703511276	0.6371726344368801	3.3043952503413676
1992	04	13	0.00222368088248	0.5607119183044544	3.2169424091064287
1992	04	14	0.07347274363299999	0.5437206480528044	2.9209530053385477
1992	04	15	0.81990718658	0.5861988236819297	2.5458187989848082
1992	04	16	0.0009124349142749999	0.5692075534302795	2.679535414677869
1992	04	17	0.0	0.5861988236819297	3.589818555313966
1992	04	18	0.0	0.5861988236819297	4.067429382550605
1992	04	19	0.0012646051046	0.5946944588077547	3.8399478344247333
1992	04	20	7.562956038199999e-05	0.5777031885561047	3.8279846966123614
1992	04	21	0.004754566012169999	0.5777031885561047	4.369996194496003
1992	04	22	0.0017147327088599998	0.5522162831786295	3.982355182187112
1992	04	23	0.00071985614621	0.5522162831786295	3.6414481903456526
1992	04	24	0.0154888144172	0.5437206480528044	2.7500135412982862
1992	04	25	0.245504379375	0.5437206480528044	3.3241318088180254
1992	04	26	0.0401317941537	0.5267293778011543	3.565042826344374
1992	04	27	0.000164234285611	0.4842512021720288	4.252429956486225
1992	04	28	0.117724899251	0.4672599319203788	2.9143301895026275
1992	04	29	0.00042079855598	0.4417730265429035	3.5332010327280567
1992	04	30	0.0	0.4247817562912534	4.292152046345948
1992	05	01	0.18618524095199998	0.4077904860396033	3.9714514074574883
1992	05	02	0.000465346131635	0.3907992157879531	2.743899076524498
1992	05	03	0.00159029604857	0.373807945536303	3.5011630562013036
1992	05	04	0.000824304164756	0.3568166752846529	3.9568269287385576
1992	05	05	0.000212186942998	0.3483210401588278	3.6930169795358316
1992	05	06	0.00166301877714	0.3568166752846529	4.182399565185157
1992	05	07	0.0008243041067299999	0.3228341347813526	4.320280894846193
1992	05	08	0.0016700975623	0.29734722940387737	4.41528614986571
1992	05	09	0.0	0.2803559591522272	4.9107402443263055
1992	05	10	0.0024942155022800003	0.2803559591522272	4.255918477060648
1992	05	11	0.0021130080861	0.2803559591522272	4.434344600343837
1992	05	12	0.00083006850628	0.2633646889005771	5.2887400817373384
1992	05	13	4.884266017500001	0.24637341864892698	5.090521467445791
1992	05	14	2.5561903650000004	0.23787778352310193	3.1846218849196792
1992	05	15	0.233071718944	0.23787778352310193	4.866644364145968
1992	05	16	0.307288442936	0.2123908781456267	5.026439826639362
1992	05	17	2.44007995216	0.22088651327145176	4.888621551915137
1992	05	18	0.14622569407799998	0.2123908781456267	4.551237891034313
1992	05	19	0.000857480510914	0.1869039727681515	5.377334350150296
1992	05	20	1.9690987706	0.1869039727681515	4.665225826729304
1992	05	21	7.71185984494	0.17840833764232644	4.945595671352532
1992	05	22	2.1171143927	0.16991270251650137	3.332478031969079
1992	05	23	16.7022173794	0.1869039727681515	2.9271307352460076
1992	05	24	4.019867202	0.23787778352310193	2.8000156244374823
1992	05	25	0.00256228957457	0.28885159427805235	4.3625031320958065
1992	05	26	1.72628520191	0.24637341864892698	4.406551731076918
1992	05	27	13.862917193299998	0.22938214839727683	2.7184377929174834
1992	05	28	16.1209303192	0.3483210401588278	2.422361253419022
1992	05	29	1.05928938776	0.4417730265429035	3.035124982013274
1992	05	30	1.40028555962	0.38230358066212805	3.1600862144705726
1992	05	31	4.6395345928000005	0.3483210401588278	2.6907826128664425
1992	06	01	1.45545610016	0.33982540503300274	3.3189983903010964
1992	06	02	4.3437277158	0.33132976990717766	2.8251266779603963
1992	06	03	1.29977717766	0.3143384996555275	3.153695030288168
1992	06	04	2.78118008727	0.28885159427805235	2.9373309309582174
1992	06	05	4.74756614237	0.29734722940387737	3.228562715944454
1992	06	06	1.04610588056	0.28885159427805235	3.4766324560997997
1992	06	07	0.14250988311599996	0.2803559591522272	2.806433456761654
1992	06	08	3.82321969917	0.28885159427805235	3.059120297665303
1992	06	09	2.04720524816	0.28885159427805235	2.883700814562174
1992	06	10	0.413409186655	0.28885159427805235	3.8189217917559217
1992	06	11	4.11144905754	0.2718603240264022	3.077116870130226
1992	06	12	6.1645188001	0.3228341347813526	3.318127991241315
1992	06	13	0.410028707947	0.3228341347813526	4.458293077845944
1992	06	14	2.69623108708	0.3143384996555275	4.133396262515503
1992	06	15	0.259149067552	0.30584286452970244	4.812758169246479
1992	06	16	0.839783093477	0.29734722940387737	4.673893397796098
1992	06	17	0.178641145298	0.5097381075495041	4.789013660559664
1992	06	18	0.09227468597999999	0.45876429679455366	4.539602568710946
1992	06	19	0.0008243041067299999	0.3992948509137782	4.863768026356102
1992	06	20	0.000831898317506	0.33982540503300274	4.224327403005267
1992	06	21	0.0284647616481	0.30584286452970244	4.322848165749092
1992	06	22	0.52102918682	0.28885159427805235	3.6313267204552973
1992	06	23	0.58953216796	0.2633646889005771	4.037028197208536
1992	06	24	0.00098078659262	0.23787778352310193	4.969647434656723
1992	06	25	0.000824304164756	0.22938214839727683	5.093990617923875
1992	06	26	0.0008012467599759999	0.22088651327145176	5.4673817571746905
1992	06	27	0.0021949646854699995	0.22088651327145176	5.626060810638185
1992	06	28	0.0	0.19539960789397656	5.003394179420561
1992	06	29	4.4888623469999995	0.1869039727681515	3.9685617124276953
1992	06	30	2.82863268626	0.1869039727681515	3.209023154069269
1992	07	01	0.026076499494200003	0.1869039727681515	4.251841776014747
1992	07	02	0.0	0.1869039727681515	5.435169092146448
1992	07	03	0.00066137802696	0.16991270251650137	4.926478082012245
1992	07	04	0.00089487832594	0.1614170673906763	4.00802120180194
1992	07	05	0.00083006850628	0.14442579713902617	4.352961071545602
1992	07	06	0.00042079855598	0.12743452688737603	5.337837257816634
1992	07	07	0.00040236930496000004	0.11893889176155097	4.898673855435855
1992	07	08	0.0065360718504	0.08495635125825068	5.165047354948994
1992	07	09	0.0057065195820999995	0.07646071613242561	5.077554794532208
1992	07	10	0.22876545474799997	0.07646071613242561	4.322107241195246
1992	07	11	0.00030958350663	0.06796508100660055	5.322939702974669
1992	07	12	0.0031749235372	0.05946944588077548	5.372325544824112
1992	07	13	0.0008415972570249999	0.06796508100660055	6.562928862724993
1992	07	14	0.0068101992467	0.05946944588077548	6.7616597409835615
1992	07	15	4.57327421985	0.05946944588077548	5.827723539639251
1992	07	16	0.0132544526889	0.05946944588077548	5.250423966613465
1992	07	17	0.0008806564821539999	0.05097381075495041	5.8087836760926015
1992	07	18	0.00035566881964	0.05097381075495041	5.965400280579138
1992	07	19	0.0083971629588	0.04247817562912534	6.285355602675809
1992	07	20	0.06275060264299999	0.04247817562912534	4.27284871926488
1992	07	21	0.020809911767899997	0.04247817562912534	4.1396820535633285
1992	07	22	0.0008243041067299999	0.033982540503300275	5.7318626026390564
1992	07	23	0.00190864099765	0.025486905377475205	5.160913035121878
1992	07	24	0.000943616839116	0.025486905377475205	5.659942615648686
1992	07	25	0.00042079855598	0.033982540503300275	5.903110184629896
1992	07	26	0.0	0.025486905377475205	6.234698162273126
1992	07	27	0.0008150536985199999	0.025486905377475205	6.58203709608982
1992	07	28	0.533195159755	0.025486905377475205	6.073851961201032
1992	07	29	1.64283182187	0.025486905377475205	5.167008933811097
1992	07	30	1.35434956685	0.016991270251650138	5.489203508260742
1992	07	31	0.0378461393756	0.016991270251650138	4.939239457951829
1992	08	01	0.00292820878382	0.016991270251650138	5.469732458960576
1992	08	02	0.022535000570399998	0.016991270251650138	5.738805015158189
1992	08	03	0.00252307115511	0.016991270251650138	5.48093324176191
1992	08	04	0.000824304164756	0.008495635125825069	6.099127151992125
1992	08	05	0.00123357367019	0.008495635125825069	6.222053767642061
1992	08	06	0.92766930209	0.008495635125825069	6.53358878238883
1992	08	07	4.7173503601	0.0	4.8084334880846304
1992	08	08	6.79135868805	0.0	2.789691055549974
1992	08	09	0.20604448471599998	0.008495635125825069	3.3187179630815735
1992	08	10	0.117733661177	0.008495635125825069	3.4005304864384565
1992	08	11	0.0	0.008495635125825069	4.302276453806286
1992	08	12	0.0	0.0	4.88874016295099
1992	08	13	0.0022052829654999996	0.0	5.111014777250029
1992	08	14	0.00255626057646	0.0	4.500638445920845
1992	08	15	0.0042680614249599996	0.0	5.023710232969283
1992	08	16	0.00315951038095	0.0	5.661596475538549
1992	08	17	0.0013840961122	0.0	5.668339149956029
1992	08	18	1.2202800103	0.0	5.461115886567129
1992	08	19	4.603834096300001	0.0	3.8807988624389305
1992	08	20	0.084567692002	0.0	3.4195088713772255
1992	08	21	0.0575311794166	0.0	3.604968715992826
1992	08	22	0.005589893124700001	0.0	3.846477313779688
1992	08	23	0.0048918164573300005	0.0	4.6426764941322585
1992	08	24	0.0	0.0	5.285598127365566
1992	08	25	0.317853817016	0.0	5.131230921924456
1992	08	26	0.0570367282654	0.0	3.9980556634978637
1992	08	27	0.298555587962	0.0	3.0457520737618875
1992	08	28	12.877951954999999	0.0	2.482557979804144
1992	08	29	0.364462350468	0.0	2.453823421107777
1992	08	30	26.7923382103	0.0	1.8537929098406172
1992	08	31	2.1334176677900003	0.0	2.479424443226208
1992	09	01	0.0	0.0	3.4166631030451233
1992	09	02	0.0051751948421	0.0	3.7998773465874875
1992	09	03	0.0413288608627	0.0	3.701490075508797
1992	09	04	0.000273914992127	0.0	3.7720364576944756
1992	09	05	0.00083006850628	0.0	3.8955916529485983
1992	09	06	0.00042079855598	0.0	3.822622553867599
1992	09	07	0.5041395589999998	0.0	3.038291374958204
1992	09	08	0.031688636886	0.0	2.245786944310039
1992	09	09	0.0058475188937	0.0	3.384647491355555
1992	09	10	0.0028822055775999996	0.0	3.137672848458005
1992	09	11	0.037885475200999996	0.0	3.0056012720206646
1992	09	12	0.000824304164756	0.0	3.3925429947149492
1992	09	13	0.00748739109944	0.0	3.7530863676514894
1992	09	14	0.0116845486208	0.0	4.065394546244382
1992	09	15	0.0008815329262	0.0	3.976185195529591
1992	09	16	0.0050753150751400005	0.0	3.891762634496471
1992	09	17	0.049445850116	0.0	2.7337925876796327
1992	09	18	0.00215371371194	0.0	3.554455846950031
1992	09	19	0.000825137524497	0.0	3.347750416104193
1992	09	20	0.0093699640133	0.0	3.2638685804590466
1992	09	21	2.16311111935	0.0	1.7128552070607326
1992	09	22	0.363025781444	0.0	2.0744111304056654
1992	09	23	0.00042079855598	0.0	2.7140730295207747
1992	09	24	0.0	0.0	3.096071992065025
1992	09	25	2.6292842665500005	0.0	2.215325177453855
1992	09	26	21.7862359677	0.0	1.2972573115073698
1992	09	27	6.864034318849999	0.0	1.5692566480376178
1992	09	28	0.568829990165	0.0	2.2728829169233533
1992	09	29	2.1702023801	0.0	2.036723336777925
1992	09	30	0.0442830602656	0.0	2.4941199347639347
1992	10	01	0.000823573298273	0.0	2.82023229395582
1992	10	02	0.037819683388	0.0	2.7791375117204216
1992	10	03	0.08084867026800001	0.0	1.9369690012006817
1992	10	04	0.07671637769100001	0.0	1.7408025610699787
1992	10	05	0.0249796040361	0.0	1.6114431617378928
1992	10	06	0.0033020471881299997	0.0	1.7123522683358472
1992	10	07	0.625404228	0.0	2.082968599365145
1992	10	08	0.17274397258899998	0.0	2.098187856901295
1992	10	09	0.83927916668	0.0	1.7616845524659568
1992	10	10	0.314606208177	0.0	1.5225254843777616
1992	10	11	2.8376077611	0.0	1.432857122812521
1992	10	12	0.0198178373775	0.0	1.687816649009802
1992	10	13	9.430530585000001e-06	0.0	1.9497855438320706
1992	10	14	0.0	0.0	2.036761080860942
1992	10	15	10.890567257599999	0.0	1.1646586179506884
1992	10	16	21.4174623628	0.0	1.2260261100597798
1992	10	17	0.34163155656	0.0	1.246890185926648
1992	10	18	0.690547948606	0.0	1.542927808043316
1992	10	19	0.946437686067	0.0	1.4436463112165772
1992	10	20	6.226256529900001	0.0	1.2353618722059625
1992	10	21	0.0037136442711599997	0.0	1.34288985956408
1992	10	22	1.85757105782	0.0	1.4008994913796944
1992	10	23	0.63012783453	0.0	0.792080869617969
1992	10	24	0.30795781153	0.0	1.2601314206789327
1992	10	25	0.018106225113499998	0.0	1.2828250849025151
1992	10	26	1.7414370477399999	0.0	1.2367941336399326
1992	10	27	7.160049025639999	0.0	0.9957674545220577
1992	10	28	4.04993666204	0.0	0.9250984331039241
1992	10	29	16.377001958499996	0.016991270251650138	0.9606966476111231
1992	10	30	6.13119021306	0.033982540503300275	1.2012810496218245
1992	10	31	0.000824790790134	0.033982540503300275	1.1602006627848829
1992	11	01	0.0	0.033982540503300275	1.2269239059822492
1992	11	02	0.019989586600699997	0.033982540503300275	1.3604080468289348
1992	11	03	0.16047215055899997	0.033982540503300275	1.0738166352857899
1992	11	04	0.11129650431459999	0.033982540503300275	1.2905825116617762
1992	11	05	0.0	0.033982540503300275	1.4181983834898677
1992	11	06	0.0	0.033982540503300275	1.4641191611808866
1992	11	07	0.0008242044374039999	0.033982540503300275	1.389039113096257
1992	11	08	0.008338338134199999	0.033982540503300275	1.5164848026586415
1992	11	09	0.0009324033533	0.033982540503300275	1.2837207195498184
1992	11	10	0.307991157138	0.033982540503300275	1.1427357377961143
1992	11	11	0.82170550903	0.033982540503300275	0.8611420500820968
1992	11	12	0.12754709566499997	0.033982540503300275	1.0704819210089311
1992	11	13	0.93216264211	0.04247817562912534	0.9802280772813685
1992	11	14	10.76029743695	0.04247817562912534	0.7748875667737849
1992	11	15	5.16160399238	0.05097381075495041	0.8231582563258626
1992	11	16	0.308615284794	0.05097381075495041	0.8389942793914426
1992	11	17	0.268088456402	0.05097381075495041	0.8317226056109736
1992	11	18	0.27612018321799997	0.05097381075495041	0.8536360797806409
1992	11	19	0.0215956563404	0.05097381075495041	0.960423882649435
1992	11	20	0.00112651792452	0.05097381075495041	1.1606681764016966
1992	11	21	0.00418060956997	0.05097381075495041	1.2206887148770582
1992	11	22	0.009595142610199999	0.05097381075495041	1.11204517867677
1992	11	23	0.0012451833188499998	0.05097381075495041	1.1015803373923243
1992	11	24	1.04695422068	0.05097381075495041	1.0223427625870576
1992	11	25	2.0949149990400002	0.04247817562912534	0.672205832877759
1992	11	26	0.969669159176	0.05097381075495041	0.8189396063532709
1992	11	27	0.046515875601	0.05097381075495041	0.7706613800720242
1992	11	28	0.0024781976184	0.04247817562912534	0.8502389762962462
1992	11	29	0.0048313753185	0.05097381075495041	0.9238256479357769
1992	11	30	8.3661122791	0.05946944588077548	0.7962304490190634
1992	12	01	1.4555129656399999	0.06796508100660055	0.6937187468300199
1992	12	02	3.05758577775	0.06796508100660055	0.7841461919845231
1992	12	03	7.571295341499999	0.09345198638407574	0.445657835330892
1992	12	04	34.538284075	0.19539960789397656	0.8730342498136181
1992	12	05	2.6873964351599997	0.4247817562912534	0.5708151262255832
1992	12	06	24.068746703699997	0.49274683729785396	0.7664094309314544
1992	12	07	5.756683542649999	1.2148758229929848	0.6578383604298615
1992	12	08	0.54943803945	0.8240766072050316	0.5726276639487707
1992	12	09	0.04155677055	0.6031900939335798	0.8773416999716698
1992	12	10	0.00294842833036	0.501242472423679	0.7750095267810265
1992	12	11	0.00042079855598	0.4417730265429035	0.7857488301115796
1992	12	12	0.0	0.4077904860396033	0.7900346936282114
1992	12	13	0.00127911721378	0.3653123104104779	0.7399904883247613
1992	12	14	0.00042079855598	0.3568166752846529	0.6884179298426709
1992	12	15	4.876488889430001	0.3568166752846529	0.7543977692472884
1992	12	16	7.444766457069999	0.6456682695627052	0.6353675481723053
1992	12	17	2.0363895886	0.7136333505693058	0.6342085208966772
1992	12	18	1.2485493103999998	0.5946944588077547	0.5254750056983957
1992	12	19	3.0450245994	0.5861988236819297	0.5528758202696885
1992	12	20	0.38270168238999996	0.5777031885561047	0.8028193046318
1992	12	21	2.6560618148999997	0.5352250129269793	0.6557553713320214
1992	12	22	0.06083694384700001	0.49274683729785396	0.7875685929460987
1992	12	23	0.008928365844199999	0.49274683729785396	0.7752625500429458
1992	12	24	0.043489800359	0.4672599319203788	0.7235311257072516
1992	12	25	0.00429803939734	0.4502686616687286	0.7611403102419411
1992	12	26	0.0012451027594199999	0.4417730265429035	0.7565428432727648
1992	12	27	2.7479690028799997e-06	0.4077904860396033	0.716463184790969
1992	12	28	0.0008243041067299999	0.41628612116542835	0.7786568471649435
1992	12	29	0.00155625490225	0.3907992157879531	0.6555760319523823
1992	12	30	0.0176999937914	0.3907992157879531	0.6230459006417802
1992	12	31	0.0408968814702	0.3653123104104779	0.5523695088747498
1993	01	01	0.0008243041067299999	0.3568166752846529	0.6416895534900525
1993	01	02	0.0008243041067299999	0.3483210401588278	0.6009554738420236
1993	01	03	1.26469823633e-05	0.33132976990717766	0.6965781657945048
1993	01	04	0.027839453163	0.33132976990717766	0.7062447009864653
1993	01	05	0.16030373009399998	0.3228341347813526	0.6797659153970182
1993	01	06	0.0255081976857	0.33132976990717766	0.7791734427586474
1993	01	07	0.01030174262	0.33132976990717766	0.7918885370301572
1993	01	08	0.00281415635978	0.33132976990717766	0.7155311028811808
1993	01	09	0.0035827498973300003	0.3228341347813526	0.7651023162713265
1993	01	10	0.0514302561454	0.3143384996555275	0.7467448690144078
1993	01	11	4.14368820643	0.3143384996555275	0.7592315425991605
1993	01	12	8.6870270063	0.4502686616687286	0.5102644780255254
1993	01	13	2.6414324931999995	0.6116857290594049	0.6757000403544471
1993	01	14	0.125824690565	0.7051377154434807	0.74100791505426
1993	01	15	0.00065886230973	0.5692075534302795	0.8467006400071241
1993	01	16	0.0	0.49274683729785396	0.9155354283702323
1993	01	17	0.0026290400738	0.4672599319203788	0.9254009600116467
1993	01	18	0.0016659012186900002	0.45876429679455366	0.9575320637812557
1993	01	19	0.0008243041067299999	0.4417730265429035	0.925778277011051
1993	01	20	0.00123151819585	0.4332773914170785	0.9275398140334881
1993	01	21	0.0	0.3992948509137782	0.9056554062622959
1993	01	22	0.0	0.3992948509137782	0.9254074221213076
1993	01	23	0.00129875843452	0.4077904860396033	0.9593253429047668
1993	01	24	0.00165729722012	0.3907992157879531	0.9236019325280452
1993	01	25	0.00165437261301	0.38230358066212805	1.060182576003033
1993	01	26	0.00227930402582	0.3568166752846529	1.1042812060714255
1993	01	27	0.0	0.3568166752846529	1.003644754467409
1993	01	28	0.040387614346999993	0.3653123104104779	0.9637771128831187
1993	01	29	2.2995452354	0.38230358066212805	0.7281189010528615
1993	01	30	2.33320505419	0.3907992157879531	0.9296802961259397
1993	01	31	0.188435634297	0.38230358066212805	1.0444567664935729
1993	02	01	0.0	0.3568166752846529	1.1000149651536555
1993	02	02	0.0049395924545599995	0.3568166752846529	1.1635929581412885
1993	02	03	0.00166304266451	0.33132976990717766	0.9918637227859355
1993	02	04	0.00042079855598	0.33132976990717766	1.020805777745344
1993	02	05	0.0111231364327	0.33132976990717766	1.1035546969956342
1993	02	06	0.077662298201	0.30584286452970244	1.0125732869089379
1993	02	07	0.00205501322672	0.30584286452970244	1.169524632653262
1993	02	08	0.082555108547	0.3143384996555275	1.1097999013580524
1993	02	09	2.08271338847	0.29734722940387737	1.217002798163086
1993	02	10	9.5129835968	0.30584286452970244	0.8078728598503486
1993	02	11	0.44069866938999996	0.3568166752846529	0.9772417792633298
1993	02	12	0.034407663680600005	0.33982540503300274	1.1054988192731166
1993	02	13	0.0085498487068	0.3228341347813526	1.199698831186392
1993	02	14	0.00082718635486	0.3143384996555275	1.2585116747250145
1993	02	15	0.0	0.3143384996555275	1.4463822197921425
1993	02	16	0.0008243041067299999	0.30584286452970244	1.4086426305494402
1993	02	17	0.00084159720867	0.29734722940387737	1.43159768481868
1993	02	18	0.00080443552078	0.28885159427805235	1.4424196679557202
1993	02	19	0.0	0.28885159427805235	1.656211096378842
1993	02	20	0.0024786761394799996	0.2803559591522272	1.6277174912194128
1993	02	21	0.0016355497522899999	0.28885159427805235	1.7119765531980633
1993	02	22	0.000420798604335	0.2803559591522272	1.61661270201422
1993	02	23	0.00245835098562	0.2633646889005771	1.3444602350301535
1993	02	24	0.00081190162949	0.25486905377475205	1.3271503748040494
1993	02	25	0.0008243041067299999	0.2633646889005771	1.4978915390626697
1993	02	26	0.72677033095	0.25486905377475205	1.3308079436232934
1993	02	27	1.7042655921399998	0.25486905377475205	1.0086512419677676
1993	02	28	1.031653925	0.24637341864892698	1.0825151964767348
1993	03	01	0.19273616358999998	0.24637341864892698	0.9952375164678227
1993	03	02	0.230687894812	0.24637341864892698	1.1913420547079054
1993	03	03	0.00073899756967	0.23787778352310193	1.5821445883435443
1993	03	04	0.0008415972570249999	0.22938214839727683	1.6559567678309817
1993	03	05	0.00124798462071	0.22938214839727683	1.6166531355409803
1993	03	06	0.0008329506577000001	0.2123908781456267	1.8334848095432132
1993	03	07	0.0276572689308	0.22088651327145176	1.9066211923495227
1993	03	08	0.053541515714700005	0.2123908781456267	1.85304201947964
1993	03	09	0.0262929335729	0.22938214839727683	1.6991335624737465
1993	03	10	0.07346279217400001	0.2123908781456267	2.1048001082380257
1993	03	11	1.9605057969700002	0.2123908781456267	1.4885894028836695
1993	03	12	2.94358702776	0.22938214839727683	1.671831334925666
1993	03	13	9.322050978	0.23787778352310193	1.526080540250946
1993	03	14	0.653541673686	0.24637341864892698	1.7634586551079736
1993	03	15	0.023458161349	0.24637341864892698	2.1400875067177108
1993	03	16	0.00042079855598	0.22088651327145176	2.569933922493912
1993	03	17	0.0	0.22938214839727683	2.54711535240417
1993	03	18	0.0	0.22088651327145176	2.383190892058877
1993	03	19	0.842600632946	0.22088651327145176	2.243110133186647
1993	03	20	0.51128188263	0.22088651327145176	2.4378730621732303
1993	03	21	0.954728334566	0.2123908781456267	1.9003875512591177
1993	03	22	0.834998830435	0.2123908781456267	1.5671727131860482
1993	03	23	3.8428985400999998	0.2123908781456267	1.710662721679547
1993	03	24	1.96928406696	0.24637341864892698	1.8342750003340333
1993	03	25	0.00125086725568	0.24637341864892698	2.483366490424564
1993	03	26	0.000412152082378	0.24637341864892698	2.53138281595288
1993	03	27	0.00123779312749	0.24637341864892698	2.490306132054575
1993	03	28	0.0078164629283	0.22938214839727683	2.210511130522032
1993	03	29	0.00123618077837	0.2123908781456267	2.8767948241947385
1993	03	30	0.0011385910074999997	0.22088651327145176	2.9749526656145227
1993	03	31	6.697155894800001	0.2123908781456267	2.4865203611700597
1993	04	01	0.380504740662	0.2123908781456267	1.785298162012761
1993	04	02	0.007747767881099999	0.2123908781456267	2.360407901112021
1993	04	03	3.97727756865	0.2123908781456267	1.766504444271659
1993	04	04	0.005314329198059999	0.20389524301980164	2.3568163102560087
1993	04	05	0.186181981825	0.19539960789397656	2.4238648624117425
1993	04	06	0.0253359581428	0.1869039727681515	3.080441032604305
1993	04	07	0.000388920880057	0.19539960789397656	3.5138674645245485
1993	04	08	0.092713352869	0.1869039727681515	2.864703625310139
1993	04	09	0.50021487378	0.1869039727681515	2.6327059858612505
1993	04	10	9.0962979237	0.2123908781456267	1.8015369887878312
1993	04	11	12.18952182	0.24637341864892698	1.6146640967863857
1993	04	12	12.2563803443	0.3992948509137782	1.6605629062915224
1993	04	13	3.55005601802	0.49274683729785396	1.7683819889740982
1993	04	14	1.2833943102399998	0.4077904860396033	2.131630469736
1993	04	15	0.0178395298807	0.3653123104104779	2.8533305518254295
1993	04	16	0.0008243041067299999	0.33132976990717766	3.044088010328077
1993	04	17	0.049067275919700004	0.33132976990717766	3.3161393446638434
1993	04	18	0.021928665620200002	0.3228341347813526	3.6320969541898664
1993	04	19	0.00479092761823	0.30584286452970244	3.479384153453587
1993	04	20	7.7423772657	0.28885159427805235	2.7366676288672362
1993	04	21	5.3385902555	0.29734722940387737	2.3616133161593633
1993	04	22	0.20880306976899998	0.3143384996555275	2.528873725432579
1993	04	23	10.0465655482	0.33982540503300274	1.9494627360705246
1993	04	24	14.792513055299999	0.501242472423679	1.46333407198641
1993	04	25	7.856991188	0.993989309721533	1.7793328161055508
1993	04	26	1.13787428969	0.8325722423308567	2.8264234775772823
1993	04	27	7.563161063399999	0.7221289856951307	1.6525650898501343
1993	04	28	1.45904191354	0.7221289856951307	2.8216654078244168
1993	04	29	5.873027800269999	0.7221289856951307	2.775623244585253
1993	04	30	1.7008039544	0.7051377154434807	3.0238219457565636
1993	05	01	0.0299082386674	0.6626595398143553	3.2663224419087107
1993	05	02	0.4929811978840001	0.62018136418523	3.2706491623996845
1993	05	03	1.10706277382	0.5692075534302795	3.5124280644082675
1993	05	04	0.7273543626399999	0.5861988236819297	3.735823736083469
1993	05	05	0.0469577474594	0.5437206480528044	3.966712970636276
1993	05	06	2.31930956797	0.5437206480528044	3.3745372543575702
1993	05	07	6.7253652347	0.6371726344368801	3.2010205120232826
1993	05	08	6.035154958730001	0.6881464451918305	3.672576265424563
1993	05	09	3.02540136672	0.7306246208209558	3.5695424852723368
1993	05	10	2.99587435307	0.7221289856951307	2.877272231395487
1993	05	11	5.94544134697	0.6711551749401804	3.548393542889577
1993	05	12	10.752179115999999	0.6626595398143553	2.7394460495904074
1993	05	13	4.51387310036	0.8155809720792065	2.585624158940355
1993	05	14	2.8490466199	0.8495635125825068	2.946469700296244
1993	05	15	0.912571942674	0.7391202559467809	2.6415484525302633
1993	05	16	1.17420204725	0.6371726344368801	3.146800622936867
1993	05	17	18.2498510687	0.6456682695627052	2.9094487149982635
1993	05	18	4.6119277562	0.7221289856951307	2.5782870860231752
1993	05	19	5.169428605059999	0.6031900939335798	2.543746631670066
1993	05	20	0.0602007506514	0.62018136418523	3.086073331869882
1993	05	21	0.00082466609226	0.5607119183044544	3.7999808805689503
1993	05	22	9.5563580318	0.5607119183044544	1.7329397145051155
1993	05	23	23.4781735493	1.1723976473638593	2.369746264983729
1993	05	24	4.956105590349999	1.758596471045789	2.6096917380888827
1993	05	25	10.8237715948	1.512223052396862	3.1091861570498804
1993	05	26	12.288493866900001	1.6566488495358882	2.3842048578980926
1993	05	27	13.170285975899999	6.048892209587448	2.6126120205825125
1993	05	28	0.6403292888800001	2.3447952947277186	3.4657329553929292
1993	05	29	9.997636090799999	1.503727417271037	3.0200643003786607
1993	05	30	1.0955440325599999	1.359301620132011	2.986041531031808
1993	05	31	8.111026114700001e-08	1.1639020122380346	4.647447178224219
1993	06	01	3.1731641888799995	1.0534587556023085	3.1843965165081105
1993	06	02	0.031032597831300003	1.0364674853506584	3.963281403440002
1993	06	03	0.0035758919011	0.8410678774566818	4.756945849901193
1993	06	04	2.39043890258	0.756111526198431	3.13499371514989
1993	06	05	2.8255547938	0.747615891072606	3.8231744497507285
1993	06	06	1.19547186439	0.8070853369533815	4.824996425618096
1993	06	07	0.170808641082	0.7306246208209558	4.671510683430653
1993	06	08	3.3350781985	0.6966420803176556	4.215947530212364
1993	06	09	6.998738293	0.7391202559467809	3.2481897707987493
1993	06	10	7.127607269299999	0.747615891072606	2.3669555150244315
1993	06	11	0.35867808668400003	0.6796508100660055	3.0888667665497964
1993	06	12	0.00181908492648	0.628676999311055	4.162111514133086
1993	06	13	0.00083006850628	0.5777031885561047	5.185562812651489
1993	06	14	0.00165437261301	0.5267293778011543	4.930762441906895
1993	06	15	0.0	0.4672599319203788	5.595180258312817
1993	06	16	0.00083006850628	0.4502686616687286	5.404780013950371
1993	06	17	0.0	0.4077904860396033	6.041906362207834
1993	06	18	0.0117777876989	0.3907992157879531	5.522090846350143
1993	06	19	0.01185968704595	0.38230358066212805	5.415843857813127
1993	06	20	6.513487454229999	0.3653123104104779	4.5318246598274445
1993	06	21	7.1764345042299995	0.3483210401588278	2.945643816845694
1993	06	22	0.87017897878	0.3483210401588278	3.880902031295535
1993	06	23	0.10266891237300001	0.373807945536303	3.813090212238963
1993	06	24	0.55355082562	0.3568166752846529	4.621513690987622
1993	06	25	2.31143631016	0.33982540503300274	5.296677246719242
1993	06	26	0.10503265950900001	0.3568166752846529	5.4404192838609005
1993	06	27	17.782019345000002	0.33982540503300274	5.15764308129635
1993	06	28	3.4183634965599996	0.3568166752846529	3.0913589598221023
1993	06	29	2.3500485513399996	0.38230358066212805	3.2267533423635184
1993	06	30	1.15767014972	0.38230358066212805	2.9813241546437226
1993	07	01	0.14754862885199999	0.38230358066212805	3.847499639569145
1993	07	02	0.005194047199370001	0.373807945536303	4.5794136249845
1993	07	03	0.00253071453325	0.33132976990717766	4.384743456093889
1993	07	04	0.76977175548	0.3483210401588278	4.72352755882987
1993	07	05	0.0794873164794	0.3992948509137782	5.076929916109179
1993	07	06	0.0008329506577000001	0.33982540503300274	4.96131940756848
1993	07	07	0.0	0.30584286452970244	5.57392520515292
1993	07	08	0.00206813919147	0.28885159427805235	5.612319238578572
1993	07	09	3.8282337258299997	0.25486905377475205	4.640641203137877
1993	07	10	0.075153988957	0.23787778352310193	3.186476437413793
1993	07	11	0.0	0.22938214839727683	3.991906528247781
1993	07	12	0.0	0.22938214839727683	5.199934701464953
1993	07	13	0.00124222002774	0.22088651327145176	5.627990409441793
1993	07	14	0.000830068477267	0.20389524301980164	6.103626696762308
1993	07	15	0.0	0.17840833764232644	5.775152492536814
1993	07	16	0.0007265319408	0.1614170673906763	5.580134557938605
1993	07	17	0.0218977832159	0.14442579713902617	5.257905318299733
1993	07	18	0.0030146618179300003	0.12743452688737603	4.516697556846773
1993	07	19	0.000665991239025	0.09345198638407574	4.254315643913486
1993	07	20	0.0016377280483300001	0.08495635125825068	4.199647183198439
1993	07	21	0.0	0.10194762150990082	5.2848645923306
1993	07	22	0.00125086706226	0.14442579713902617	5.685382970678777
1993	07	23	0.037022570554999995	0.11044325663572588	6.0847056254113525
1993	07	24	0.097315520652	0.09345198638407574	4.875580989685437
1993	07	25	0.12352537646650001	0.08495635125825068	4.921139365082278
1993	07	26	0.00123933758619	0.06796508100660055	5.392053607669855
1993	07	27	0.000832950715726	0.05946944588077548	6.019479501514576
1993	07	28	0.00753124318513	0.05946944588077548	6.5601411491953865
1993	07	29	1.9287545500299998	0.06796508100660055	4.713167234399456
1993	07	30	0.144521847627	0.06796508100660055	3.602807699028674
1993	07	31	0.0008243041067299999	0.05946944588077548	5.2423305010855055
1993	08	01	0.000412152082378	0.06796508100660055	5.235978131573941
1993	08	02	0.0024082761916900002	0.06796508100660055	5.528560262809949
1993	08	03	0.004412278665100001	0.05946944588077548	5.38589458504794
1993	08	04	0.00042079855598	0.05946944588077548	5.700409241235408
1993	08	05	0.00139370898949	0.05946944588077548	6.352946759038468
1993	08	06	0.0600143053766	0.05946944588077548	5.561428926453768
1993	08	07	0.034430713542	0.05097381075495041	4.587782466021926
1993	08	08	0.00364902854847	0.05097381075495041	4.8767324276293325
1993	08	09	0.0	0.05097381075495041	5.118273191559984
1993	08	10	0.0	0.05097381075495041	5.385278732216166
1993	08	11	0.00042079855598	0.033982540503300275	5.544159832635768
1993	08	12	0.0108141257394	0.025486905377475205	4.9506704766472165
1993	08	13	0.074095256232	0.025486905377475205	4.884361700495415
1993	08	14	0.11540478766699999	0.025486905377475205	3.675079397518892
1993	08	15	0.00042079855598	0.025486905377475205	4.872533989857288
1993	08	16	0.0	0.025486905377475205	5.007525259958231
1993	08	17	0.013741632215199999	0.016991270251650138	5.175309049573458
1993	08	18	0.0098403450126	0.016991270251650138	5.711303929700471
1993	08	19	0.0048702914225	0.016991270251650138	5.653966914474676
1993	08	20	6.6899581563399995	0.016991270251650138	5.3773719709102386
1993	08	21	3.24713525013	0.016991270251650138	2.8305648818077778
1993	08	22	0.6416262280059999	0.016991270251650138	3.2638606515283684
1993	08	23	1.93219626551	0.008495635125825069	3.75819105755216
1993	08	24	7.4237506971	0.008495635125825069	1.8412834098806996
1993	08	25	2.22692008722	0.008495635125825069	2.952414807300751
1993	08	26	2.93042063823	0.016991270251650138	3.057509549477963
1993	08	27	0.00361251733204	0.033982540503300275	3.252158074670156
1993	08	28	0.000832950715726	0.033982540503300275	3.7110530950009086
1993	08	29	0.00082718635486	0.033982540503300275	3.6034771574946536
1993	08	30	0.0	0.033982540503300275	4.029194923288258
1993	08	31	0.00165437261301	0.033982540503300275	4.154056569770612
1993	09	01	0.000412152082378	0.033982540503300275	4.155509552772903
1993	09	02	0.0192102935523	0.025486905377475205	4.312370656893849
1993	09	03	0.8847224220000001	0.025486905377475205	4.227333668196032
1993	09	04	0.0027811229316599996	0.025486905377475205	3.8860960075759725
1993	09	05	0.014591205387699998	0.025486905377475205	3.5348851713961054
1993	09	06	1.08302463293	0.025486905377475205	2.7441793427244643
1993	09	07	11.0374368662	0.016991270251650138	2.341456635069128
1993	09	08	6.9469123711	0.04247817562912534	2.0213725648846648
1993	09	09	3.63326104678	0.05097381075495041	2.114794736463435
1993	09	10	0.27554951685	0.05097381075495041	2.354347678745962
1993	09	11	0.792636852425	0.05097381075495041	2.498283394579799
1993	09	12	4.0378610645999995	0.05097381075495041	2.3869130003844012
1993	09	13	4.55515192637	0.05097381075495041	1.8550710816027747
1993	09	14	2.0277088990000003	0.05097381075495041	1.8436164610769776
1993	09	15	0.467629000198	0.05097381075495041	2.093761603238039
1993	09	16	2.6680076275199998	0.05097381075495041	1.8696376384459512
1993	09	17	6.6693401645999995	0.05946944588077548	2.0519348422592847
1993	09	18	0.07165905396399999	0.06796508100660055	2.595778169016971
1993	09	19	0.212844696721	0.07646071613242561	2.8288352352464123
1993	09	20	3.56309842533	0.07646071613242561	2.6089329393845215
1993	09	21	0.037898503972199994	0.07646071613242561	2.3796409977149144
1993	09	22	2.5452118458	0.07646071613242561	1.8636627835280508
1993	09	23	0.0399913209445	0.06796508100660055	2.070773063458794
1993	09	24	0.018650143429700002	0.05946944588077548	2.391353459927636
1993	09	25	0.011918095533999999	0.05946944588077548	2.2958883232432705
1993	09	26	0.0046484306555700005	0.05946944588077548	2.382712323203996
1993	09	27	0.00312562600154	0.05946944588077548	2.1943313010535994
1993	09	28	0.00042079855598	0.06796508100660055	2.345916211020347
1993	09	29	8.1506723792	0.07646071613242561	1.643947129655506
1993	09	30	4.65373384513	0.08495635125825068	1.8076324651804898
1993	10	01	3.8474603508	0.07646071613242561	1.6909469103516528
1993	10	02	6.1462715573	0.07646071613242561	1.4134968500110379
1993	10	03	0.49975695192999997	0.08495635125825068	1.488372855084604
1993	10	04	9.8313335748	0.07646071613242561	1.228001676148486
1993	10	05	8.6749943481	0.11893889176155097	1.4121158484294092
1993	10	06	8.3640949085	0.17840833764232644	1.271082136555188
1993	10	07	4.23976872104	0.2633646889005771	1.2442835431825576
1993	10	08	3.05814021618	0.2718603240264022	1.420805818775028
1993	10	09	35.1245807132	0.501242472423679	1.2710706141068793
1993	10	10	20.335521172	1.3253190796287107	1.0401555084201333
1993	10	11	31.900131984999994	2.616655618754121	1.2911155177207896
1993	10	12	18.393507004000003	6.957925168050731	1.0258888170474147
1993	10	13	19.285821160999998	10.10980579973183	1.105471073604037
1993	10	14	6.76786966654	2.9224984832838232	1.192106979206478
1993	10	15	8.7510470921	1.6991270251650137	1.293407153921367
1993	10	16	27.0942039688	2.4297516459859696	1.0468854645485988
1993	10	17	2.4487339498	4.298791373667484	1.4853066222414721
1993	10	18	0.0134474065467	1.8860309979331653	1.6773498550673658
1993	10	19	0.00042079855598	1.4272667011386115	1.6264484620992283
1993	10	20	0.00125086706226	1.1554063771122094	1.7740659503918481
1993	10	21	0.0	1.1978845527413347	1.49133529751201
1993	10	22	0.00042079855598	1.2658496337479352	1.3154397419983663
1993	10	23	0.000826973815293	1.1978845527413347	1.5143365880739572
1993	10	24	0.0	1.112928201483084	1.4379152433993243
1993	10	25	0.00660507298475	1.112928201483084	1.3314900495657225
1993	10	26	0.0066634558446500005	1.0279718502248332	1.185280957547243
1993	10	27	0.0094113413868	1.0279718502248332	1.3891188896366862
1993	10	28	0.135108202608	1.0279718502248332	1.2010454697338582
1993	10	29	0.0012248669656000002	0.9430154989665827	1.430348993917863
1993	10	30	0.22914979962999998	0.9345198638407576	1.1959467417337954
1993	10	31	3.06281179273	0.993989309721533	1.01840029689341
1993	11	01	20.0487779562	0.9260242287149324	0.9613020296023727
1993	11	02	7.179641117699999	2.5062123621183954	0.9750391162801626
1993	11	03	17.526233967299998	3.3302889693234268	0.7858564650799154
1993	11	04	0.009358480667900002	2.4297516459859696	1.432529413207592
1993	11	05	15.065174328	1.7416052007941387	0.7601914473588688
1993	11	06	7.8710247761000005	4.086400495521858	0.9287629043360865
1993	11	07	2.8032668137799996	2.0474480653238416	1.0455701646563276
1993	11	08	2.47278263208	1.6481532144100632	1.0559649143511078
1993	11	09	0.00207517058873	1.4272667011386115	1.0764978622886472
1993	11	10	0.00339366443953	1.2998321742512353	0.9513492856699589
1993	11	11	0.500035911925	1.1978845527413347	1.1070612239260689
1993	11	12	0.0189414107393	1.112928201483084	1.0816666895601559
1993	11	13	0.050020675014	1.0959369312314338	1.1020011793353235
1993	11	14	0.06478659475349999	1.0279718502248332	1.1462291467173558
1993	11	15	0.0	0.9854936745957079	1.059083386063422
1993	11	16	0.0	0.9515111340924077	1.0238452008661922
1993	11	17	0.0012475051325299999	0.8750504179599821	1.1021477348807736
1993	11	18	0.0012468369631400001	0.8325722423308567	1.0277628503181637
1993	11	19	3.98860608134	0.8495635125825068	0.8168944086536107
1993	11	20	0.027881343099499998	1.2148758229929848	0.8943460397660508
1993	11	21	0.74148988308	1.0534587556023085	0.855106138585768
1993	11	22	0.112904079829	0.9600067692182326	0.6901670963013645
1993	11	23	0.00042079855598	0.9430154989665827	0.8563852851348467
1993	11	24	0.00042079855598	0.8580591477083319	0.8822552927725943
1993	11	25	0.000827186287163	0.7731027964500812	0.8385185001598041
1993	11	26	0.00249004024145	0.8155809720792065	0.760539340459972
1993	11	27	5.324709082359999	0.7900940667017313	0.6715522767915472
1993	11	28	9.79525252445	1.2658496337479352	0.5696864812758644
1993	11	29	5.5047506078	1.631161944158413	0.8646582333543662
1993	11	30	14.4409635014	3.2708195234426514	0.6577418772830285
1993	12	01	0.32244448598	2.004969889694716	0.5328991153394896
1993	12	02	0.0235009410175	1.5292143226485122	0.7683553909740817
1993	12	03	0.00123933758619	1.3338147147545356	0.8302176932161445
1993	12	04	0.0031109730825999997	1.24036272837046	0.8851598755226415
1993	12	05	0.158194233548	1.1639020122380346	0.6671120424836007
1993	12	06	1.7095436371	1.112928201483084	0.8511656140707128
1993	12	07	0.009220655378500002	1.0364674853506584	0.7839907656128495
1993	12	08	0.243703271677	1.010980579973183	0.6109961119363765
1993	12	09	0.0552449898322	0.993989309721533	0.6518745381039648
1993	12	10	0.34290539166699996	0.9600067692182326	0.7120062856622337
1993	12	11	0.09511592907	0.9515111340924077	0.8384888105283413
1993	12	12	0.0018727347989799998	0.9005373233374572	0.7817608115418339
1993	12	13	4.7890492199	0.8750504179599821	0.7405563248763956
1993	12	14	0.069541124306	0.883546053085807	0.6703200349805293
1993	12	15	0.3513464629	0.8580591477083319	0.7471244543398488
1993	12	16	0.5782505596199999	0.8410678774566818	0.5291194674410475
1993	12	17	0.232781318156	0.8325722423308567	0.4877465118997813
1993	12	18	2.01864011217	0.8325722423308567	0.4238656656073022
1993	12	19	0.669324165426	0.8070853369533815	0.6879614887196623
1993	12	20	1.0313638917099999	0.8155809720792065	0.5495458734193231
1993	12	21	1.0352950565	0.8240766072050316	0.8273816802053137
1993	12	22	0.0059465973216	0.7731027964500812	0.7137790140362822
1993	12	23	0.11359224884699999	0.756111526198431	0.6774139003239271
1993	12	24	0.7280762060799999	0.7646071613242561	0.46040058869414424
1993	12	25	1.1888289511999999	0.7221289856951307	0.5422890707560513
1993	12	26	0.70725009442	0.7221289856951307	0.43861248065672753
1993	12	27	2.8370017762399997	0.747615891072606	0.5238550159381917
1993	12	28	1.5113253704499998	0.7900940667017313	0.7109776838701575
1993	12	29	2.85226803	0.7731027964500812	0.5638443885481497
1993	12	30	0.62410918439	0.7731027964500812	0.594647801376508
1993	12	31	3.7745642212	0.8155809720792065	0.6035095276586062
1994	01	01	0.456169542168	0.8325722423308567	0.6966470759066234
1994	01	02	1.21943853659	0.7646071613242561	0.5379599022682965
1994	01	03	12.69264350625	0.9515111340924077	0.8119121487978562
1994	01	04	3.31341660915	1.1469107419863844	0.524577465722185
1994	01	05	49.086620821000004	5.496675926408819	0.5658775323131343
1994	01	06	22.1811338449	19.200135384364657	0.6623609318103456
1994	01	07	0.629283720637	4.817025116342814	0.724387660719744
1994	01	08	10.4465029835	3.364271509826727	0.7986468829581642
1994	01	09	29.0667456154	10.959369312314339	0.6767023933409738
1994	01	10	6.65626458576	20.729349707013167	0.48403517512893723
1994	01	11	5.1698177660999995	8.19828789642119	0.7882538492617756
1994	01	12	0.9346041827699999	5.522162831786294	0.5084975505910796
1994	01	13	0.46259050590799994	4.39224336005156	0.567897208330578
1994	01	14	2.53621955658	4.128878671150983	0.8932253659358295
1994	01	15	7.3017394269	4.2563131980383595	0.525756829676342
1994	01	16	0.37587008799	3.534184212343228	0.5723163920668227
1994	01	17	0.0154618681099	2.557186172873345	0.608610713321168
1994	01	18	0.0008243041067299999	2.149395686833742	0.7584967683084937
1994	01	19	0.0261016208838	1.9030222681848155	0.6451644922449205
1994	01	20	0.00213174245717	1.7925790115490894	0.7746891784300263
1994	01	21	0.0068944056108	1.6906313900391885	0.903417787646238
1994	01	22	0.009959041064	1.6566488495358882	0.8620417615014863
1994	01	23	0.00158804154505	1.512223052396862	1.083358447002862
1994	01	24	0.007944335791600001	1.503727417271037	1.0663725180950183
1994	01	25	0.0116032832078	1.4782405118935618	1.0955120582262972
1994	01	26	0.0236650104996	1.359301620132011	1.0960977405201715
1994	01	27	0.0034440216266599997	1.3083278093770605	1.166212409186349
1994	01	28	0.00413542656126	1.2743452688737602	1.1691852939606293
1994	01	29	0.0016601364323	1.24036272837046	1.106449172781453
1994	01	30	0.000805142316144	1.138415106860559	1.1281329948804948
1994	01	31	0.0020565403743299997	1.0619543907281335	1.1046044898478375
1994	02	01	0.0020694066727300004	1.0279718502248332	1.138822999977232
1994	02	02	5.37069072225	1.0704500258539587	0.9184292358867574
1994	02	03	18.547121168	3.466219131336628	1.1040387266706833
1994	02	04	1.37105447857	2.46373418648927	0.6767653346082074
1994	02	05	0.0075661232907	1.758596471045789	0.8946562404564853
1994	02	06	0.99539260721	1.5462055929001624	0.8392630271219651
1994	02	07	5.937841198199999	1.9030222681848155	0.8043141268533239
1994	02	08	0.00518322631747	1.8350571871782146	0.9629276400703928
1994	02	09	0.00123806749376	1.512223052396862	1.2130590205008482
1994	02	10	0.0008300686029899999	1.4527536065160866	1.3904132601374617
1994	02	11	0.00125086715897	1.367797255257836	1.4874981045900957
1994	02	12	0.0021007027057	1.359301620132011	1.4643254150728613
1994	02	13	0.013588447443599999	1.2828409039995852	1.5161802056754325
1994	02	14	7.4208938837	1.3932841606353112	0.6697984822544618
1994	02	15	6.778535135469999	1.4102754308869614	0.7477860053356181
1994	02	16	0.983225676846	1.4102754308869614	1.0577881331432497
1994	02	17	2.4696987436	1.3253190796287107	1.2580496972585442
1994	02	18	0.090470570601	1.24036272837046	1.234903119921208
1994	02	19	7.13504088345	1.4272667011386115	1.1897765088378092
1994	02	20	0.74928693341	1.767092106171614	1.3187813376413513
1994	02	21	5.7343295097	2.0644393355754915	1.3642278252021478
1994	02	22	14.6344995534	1.8095702818007395	1.3686608946433796
1994	02	23	6.950231458299999	2.2003694975886927	1.0667982362167066
1994	02	24	0.73492704577	1.8860309979331653	1.0474020141039455
1994	02	25	0.102695033744	1.614170673906763	1.4922976461556383
1994	02	26	6.7244726014	1.9200135384364652	1.172380067912566
1994	02	27	4.76802775404	2.591168713376646	1.0697324290105632
1994	02	28	7.391642977099999	2.557186172873345	1.2660110261028337
1994	03	01	0.0004951333435400001	1.7925790115490894	1.619434278767012
1994	03	02	0.0251489442132	1.5801881334034626	2.066532131571755
1994	03	03	0.0075181754398	1.503727417271037	1.9667818810325104
1994	03	04	0.0098323383917	1.376292890383661	2.097953289086878
1994	03	05	1.2285658329699998	1.3423103498803608	1.4278714817333076
1994	03	06	0.0010755328960700002	1.1978845527413347	2.2852548289310315
1994	03	07	0.0008264482641399999	1.1723976473638593	2.019615285221801
1994	03	08	0.00042079855598	1.0959369312314338	2.1067086335843856
1994	03	09	0.0012601475472799998	1.0279718502248332	2.3131502324627258
1994	03	10	0.0839236749674	1.010980579973183	2.3299106561343916
1994	03	11	2.0624906505	1.0704500258539587	1.8741792545306328
1994	03	12	0.124651733659	1.0704500258539587	1.7649311443664064
1994	03	13	0.005181525188569999	0.9430154989665827	2.027944003781781
1994	03	14	0.0	0.8325722423308567	2.4131624491001475
1994	03	15	0.0020843038811299997	0.7731027964500812	2.537298781225247
1994	03	16	0.00042079855598	0.7306246208209558	2.477469174259253
1994	03	17	0.00165437261301	0.7051377154434807	2.4117926681407456
1994	03	18	0.000160887423299	0.6796508100660055	2.5209925329913276
1994	03	19	0.0116050017445	0.6796508100660055	2.3719553543087364
1994	03	20	0.345647671414	0.6796508100660055	2.1053344517325256
1994	03	21	0.031046762944999997	0.6626595398143553	2.2482465736704653
1994	03	22	0.0008243041067299999	0.6371726344368801	2.6863101379611427
1994	03	23	0.00042079855598	0.628676999311055	2.7012803928551863
1994	03	24	0.00333260803168	0.5861988236819297	2.9665070916817333
1994	03	25	0.095568899368	0.5861988236819297	3.004740543084993
1994	03	26	0.0039724783349	0.5861988236819297	2.4443751625139885
1994	03	27	0.0065916088251300005	0.5352250129269793	2.5100159886464755
1994	03	28	0.011869000702499998	0.49274683729785396	2.6572647729516032
1994	03	29	0.155945271511	0.49274683729785396	3.2626322066128726
1994	03	30	0.8529385160930001	0.5522162831786295	2.256026110052096
1994	03	31	2.4269925747	0.747615891072606	1.6965090379448766
1994	04	01	1.78517627286	0.6626595398143553	2.068742036448942
1994	04	02	1.78818666174	0.5861988236819297	1.643881902162392
1994	04	03	0.0137471263103	0.5777031885561047	2.2495281172531176
1994	04	04	0.47913279976299994	0.49274683729785396	2.1982491083920093
1994	04	05	0.130087880127	0.501242472423679	2.0830483883640287
1994	04	06	0.063342071332	0.5437206480528044	2.7615333926504246
1994	04	07	0.46290299525999995	0.5437206480528044	2.433469562297243
1994	04	08	0.00166685980821	0.5352250129269793	3.004547909644954
1994	04	09	0.6037338380399999	0.5352250129269793	2.3573719278557057
1994	04	10	0.8085132979299999	0.5352250129269793	2.4381097517341277
1994	04	11	0.00220083943113	0.4417730265429035	2.893765348167704
1994	04	12	0.00165793840742	0.4417730265429035	3.060069286605157
1994	04	13	0.0	0.4417730265429035	2.972150994299995
1994	04	14	0.00292685203923	0.4417730265429035	2.9295656109587167
1994	04	15	0.0080947565914	0.4332773914170785	2.442305282518622
1994	04	16	0.021573178035099998	0.38230358066212805	2.6280484157901243
1994	04	17	0.625753186693	0.3992948509137782	2.664742989506478
1994	04	18	0.31469037489	0.4077904860396033	2.8256380557949505
1994	04	19	0.831164191896	0.3907992157879531	2.3532370754802434
1994	04	20	0.32659779363999997	0.38230358066212805	2.7179237252618655
1994	04	21	2.5940323110300003	0.38230358066212805	2.5064449889635254
1994	04	22	19.773753091099998	0.4077904860396033	1.7286079098251503
1994	04	23	15.759480562599999	0.6541639046885303	1.775064486297776
1994	04	24	2.3164911484400004	0.8070853369533815	1.9990808545490253
1994	04	25	1.0200767708999998	0.6456682695627052	2.437842300299223
1994	04	26	0.0024713475523899997	0.5692075534302795	3.5981774966777276
1994	04	27	0.0	0.501242472423679	4.143927749206569
1994	04	28	0.00042079855598	0.4672599319203788	4.404768962879498
1994	04	29	0.0059369147164	0.4417730265429035	4.411721047527207
1994	04	30	0.0029715505308400003	0.4077904860396033	4.3781183582730705
1994	05	01	0.0202164402148	0.38230358066212805	4.452343511595674
1994	05	02	0.0008243041067299999	0.33132976990717766	4.8216576226452
1994	05	03	0.000834857914294	0.3228341347813526	4.266363736555223
1994	05	04	0.000881289642524	0.3143384996555275	3.1364963346045434
1994	05	05	0.0008243041067299999	0.29734722940387737	4.371248999361688
1994	05	06	0.0168663004009	0.28885159427805235	4.198435986800688
1994	05	07	0.26410601597	0.28885159427805235	2.6938846574473416
1994	05	08	1.4726186436	0.28885159427805235	2.575044883455386
1994	05	09	0.220592637713	0.25486905377475205	2.8470763771323537
1994	05	10	2.1892716578999996	0.24637341864892698	3.161324016009741
1994	05	11	4.2014682729	0.24637341864892698	1.8336698700422553
1994	05	12	34.720766174000005	0.28885159427805235	1.7361183292410085
1994	05	13	10.4766929442	0.6456682695627052	2.659530969220533
1994	05	14	15.7429847379	0.7900940667017313	2.335044028409408
1994	05	15	18.0025249147	1.384788525509486	2.719185448452547
1994	05	16	3.6466694047299995	1.0279718502248332	2.4168467214523863
1994	05	17	6.12890795377	1.8350571871782146	2.084100939077253
1994	05	18	1.3309016470899997	1.7416052007941387	2.6569197559914044
1994	05	19	16.8193989522	1.733109565668314	2.3645479999648087
1994	05	20	32.391302733	3.415245320581677	1.951286457559608
1994	05	21	0.19429051572299996	8.665547828341568	2.936637621492815
1994	05	22	9.6958689765	2.0559437004496663	3.3247113922191187
1994	05	23	14.0356151416	4.986937818859315	2.699582852584355
1994	05	24	0.020210890027899997	2.4552385513634447	3.2169450837915794
1994	05	25	1.46715878384	1.486736147019387	3.436601565917436
1994	05	26	0.04381323341459999	1.2828409039995852	3.1582293935334316
1994	05	27	0.0	1.112928201483084	4.445692287326173
1994	05	28	0.6902177226399999	0.9854936745957079	3.695821071981907
1994	05	29	0.15233354952199998	0.9090329584632822	4.055758390910673
1994	05	30	0.619987655636	0.8325722423308567	4.4248806149291005
1994	05	31	0.024534016579500002	0.7646071613242561	4.263618975179723
1994	06	01	0.0717210692515	0.6966420803176556	3.94330741660417
1994	06	02	1.0465366268999998	0.6371726344368801	2.804798794522272
1994	06	03	0.62020558195	0.628676999311055	3.4266576446910673
1994	06	04	0.0092620888438	0.5861988236819297	4.774061180027194
1994	06	05	0.0034584722282799997	0.5352250129269793	5.382915172249126
1994	06	06	0.00083006850628	0.49274683729785396	5.472060143949525
1994	06	07	0.37625547734000003	0.45876429679455366	4.988908116695314
1994	06	08	0.06755285374499999	0.4247817562912534	4.277438060679004
1994	06	09	0.0	0.4077904860396033	4.7424453463924605
1994	06	10	0.0016640348124000001	0.4077904860396033	5.125110585718847
1994	06	11	0.0	0.4077904860396033	4.933270338065302
1994	06	12	0.0	0.33132976990717766	4.472762965167231
1994	06	13	0.0	0.33132976990717766	5.165836004171161
1994	06	14	0.0016511920145300001	0.33132976990717766	5.164389467453489
1994	06	15	0.0024937907519599995	0.33132976990717766	5.365049678849169
1994	06	16	0.326555125188	0.3228341347813526	4.928191465749247
1994	06	17	14.3264685324	0.33132976990717766	3.6093337538045356
1994	06	18	5.96588264954	0.33132976990717766	3.4685788549709184
1994	06	19	0.0038052345404699997	0.33982540503300274	4.443698451763554
1994	06	20	0.22463827813	0.3568166752846529	4.474440750596229
1994	06	21	0.00177000701923	0.3568166752846529	5.487576987057464
1994	06	22	0.000426562994214	0.3568166752846529	5.81056544286281
1994	06	23	0.0014703976017399999	0.28885159427805235	5.407595657663314
1994	06	24	0.094727570723	0.28885159427805235	4.335945712886827
1994	06	25	0.374089705245	0.2718603240264022	3.3942203154333344
1994	06	26	0.0015518034376599999	0.2718603240264022	5.18295475470017
1994	06	27	0.00208142095603	0.2718603240264022	5.4317590314782755
1994	06	28	0.0020774645499299998	0.22938214839727683	5.324572073465672
1994	06	29	0.00042427711796999996	0.2123908781456267	6.497026171530131
1994	06	30	0.0016572540874600001	0.2123908781456267	5.985381246624143
1994	07	01	0.0214964038345	0.22938214839727683	5.130753913910389
1994	07	02	0.000428236019188	0.22938214839727683	5.61972372725534
1994	07	03	0.328416928082	0.19539960789397656	5.38995596643172
1994	07	04	0.0296930289373	0.16991270251650137	4.7248925961689885
1994	07	05	0.01069927052565	0.17840833764232644	5.040654409080604
1994	07	06	0.021082514047499997	0.19539960789397656	4.220584849368655
1994	07	07	0.0	0.15292143226485122	5.522045728430562
1994	07	08	0.000187332182868	0.14442579713902617	5.63209392399919
1994	07	09	0.0	0.11893889176155097	6.069061063175074
1994	07	10	0.0	0.11893889176155097	6.161953647200205
1994	07	11	0.0058951949895000005	0.10194762150990082	6.092088831592122
1994	07	12	0.00143384286581	0.09345198638407574	5.428488166011844
1994	07	13	0.00131052001459	0.09345198638407574	5.451669236107947
1994	07	14	0.000397729526658	0.10194762150990082	5.739437282661273
1994	07	15	1.47736671776	0.10194762150990082	5.1696657243300415
1994	07	16	4.155812835840001	0.09345198638407574	3.907529254776973
1994	07	17	0.8244375181749999	0.09345198638407574	4.258223935623381
1994	07	18	0.00420579565856	0.09345198638407574	5.659644053014647
1994	07	19	0.0020896342462	0.08495635125825068	5.791403751789071
1994	07	20	0.004155361200140001	0.08495635125825068	5.890394020743846
1994	07	21	0.044471123498700006	0.08495635125825068	5.6325131570939435
1994	07	22	3.30103695547	0.07646071613242561	5.2724426743045045
1994	07	23	0.116268939872	0.06796508100660055	4.962733533048591
1994	07	24	0.14802983846999998	0.06796508100660055	4.081916952142551
1994	07	25	0.00423741296215	0.05946944588077548	5.177547630606902
1994	07	26	0.0008243041067299999	0.06796508100660055	6.02534478892588
1994	07	27	0.030069976471399997	0.07646071613242561	5.6779587327594525
1994	07	28	0.022286902670600003	0.05946944588077548	6.061106552631915
1994	07	29	0.00036943326381	0.05946944588077548	5.317502096320788
1994	07	30	0.348057036657	0.06796508100660055	4.1293661704741
1994	07	31	0.5450713508459999	0.06796508100660055	3.6888630072736897
1994	08	01	0.046062121952000004	0.05946944588077548	4.623932980597639
1994	08	02	0.0017739012408	0.05097381075495041	5.213307586641445
1994	08	03	0.48168335193499995	0.05097381075495041	5.686618162608747
1994	08	04	0.014169750944499999	0.05097381075495041	4.713772148009075
1994	08	05	0.00090129571141	0.05097381075495041	5.306423858621442
1994	08	06	0.0021856479342	0.04247817562912534	5.236380619782888
1994	08	07	0.008260396643899999	0.04247817562912534	4.953537185777202
1994	08	08	0.722235753786	0.04247817562912534	5.117317257547752
1994	08	09	13.403630765199999	0.04247817562912534	2.5060152875662935
1994	08	10	7.5587907385	0.05097381075495041	2.361538280634462
1994	08	11	0.5802710249399999	0.05097381075495041	3.410218162569555
1994	08	12	0.036283425696	0.04247817562912534	4.179685544956747
1994	08	13	0.00348018913575	0.04247817562912534	4.277176321129525
1994	08	14	0.00123941862917	0.04247817562912534	4.612562395950328
1994	08	15	0.0087670100447	0.04247817562912534	4.877607501870857
1994	08	16	0.0075963751457999995	0.016991270251650138	4.909377610970139
1994	08	17	0.0085329699105	0.016991270251650138	4.998601507028699
1994	08	18	0.000426562994214	0.016991270251650138	5.533705538837032
1994	08	19	0.0020809351817000004	0.016991270251650138	4.964924112404636
1994	08	20	0.06703927529	0.016991270251650138	5.047637227115118
1994	08	21	0.0072020962126	0.016991270251650138	4.268911407006374
1994	08	22	0.005274851595799999	0.016991270251650138	4.194494759541657
1994	08	23	0.082636016133	0.016991270251650138	3.6200751230003774
1994	08	24	0.013801134009799999	0.016991270251650138	3.7173689762527613
1994	08	25	0.039458879204	0.016991270251650138	3.7894802482780436
1994	08	26	0.00083264234622	0.008495635125825069	5.153005449563701
1994	08	27	0.0041555682562500005	0.008495635125825069	5.248758043727749
1994	08	28	0.0025528434253199997	0.008495635125825069	4.886278154516043
1994	08	29	0.00250308864478	0.008495635125825069	4.57911158581732
1994	08	30	0.009215591642900001	0.008495635125825069	3.873722432605737
1994	08	31	0.374643756835	0.008495635125825069	3.1113965478998744
1994	09	01	0.0031242407275	0.008495635125825069	3.3688834133690513
1994	09	02	0.00042079855598	0.008495635125825069	4.2813368244286005
1994	09	03	0.0443212210645	0.008495635125825069	3.9280219425024026
1994	09	04	0.0127375503112	0.008495635125825069	3.574039104955857
1994	09	05	0.000426562994214	0.0	4.39721668308942
1994	09	06	0.00231668572896	0.0	4.073013360111849
1994	09	07	0.5063806198299999	0.0	2.9872416922738627
1994	09	08	0.153880687089	0.0	2.1918336013443502
1994	09	09	0.5848372842999999	0.0	2.644603157573729
1994	09	10	0.33320182941000004	0.0	2.1753940945192287
1994	09	11	1.1087621619399999	0.0	2.691091197537689
1994	09	12	2.6415974804599998	0.0	2.6658523765185755
1994	09	13	3.7294876902	0.016991270251650138	2.0119409324985704
1994	09	14	4.105860766899999	0.016991270251650138	1.7465849812021563
1994	09	15	0.032248790877	0.016991270251650138	2.2460278949670007
1994	09	16	1.06040426064	0.016991270251650138	2.683248554065986
1994	09	17	0.00042079855598	0.016991270251650138	2.964722564871076
1994	09	18	0.0	0.016991270251650138	2.894841265264151
1994	09	19	0.0087052413677	0.016991270251650138	3.2525938446006326
1994	09	20	0.133746525808	0.016991270251650138	2.659965413619271
1994	09	21	0.43227758811399997	0.008495635125825069	1.9383271286338684
1994	09	22	0.177344883142	0.008495635125825069	2.4930728094487784
1994	09	23	0.0441240593546	0.008495635125825069	2.471383885177895
1994	09	24	1.68019089487	0.008495635125825069	2.3192039235888484
1994	09	25	3.6249886668	0.008495635125825069	1.0858460417150337
1994	09	26	0.60157952608	0.008495635125825069	2.1452395037068297
1994	09	27	0.030828217686999997	0.008495635125825069	2.428642991069079
1994	09	28	0.0217144210559	0.008495635125825069	2.673399529029009
1994	09	29	0.010740103905399999	0.008495635125825069	2.7511227881984484
1994	09	30	0.14320601136699998	0.008495635125825069	2.232566615267565
1994	10	01	0.77592502594	0.008495635125825069	2.31354296083846
1994	10	02	0.0091520647781	0.016991270251650138	2.7315427888201267
1994	10	03	0.073455771028	0.016991270251650138	2.5229801053013916
1994	10	04	26.795756908799998	0.016991270251650138	1.0449109768656815
1994	10	05	0.120063182644	0.016991270251650138	2.0940390263443156
1994	10	06	0.000824304164756	0.016991270251650138	2.480992522703211
1994	10	07	0.00083709690553	0.016991270251650138	2.302811555565091
1994	10	08	0.00041378737111000003	0.016991270251650138	2.273265593282814
1994	10	09	0.12098952905	0.016991270251650138	2.2126219768621063
1994	10	10	3.6499033871299997	0.008495635125825069	2.1805351052234228
1994	10	11	0.130866105497	0.008495635125825069	2.146802442731123
1994	10	12	0.183423242036	0.008495635125825069	2.0455589549542066
1994	10	13	0.178114607703	0.008495635125825069	2.131456539431672
1994	10	14	10.309586768099999	0.008495635125825069	1.4581108474551043
1994	10	15	0.9449627908699999	0.008495635125825069	1.6527826863478594
1994	10	16	0.0225429675402	0.008495635125825069	1.906971179059495
1994	10	17	1.14336287232	0.008495635125825069	2.0312344713979225
1994	10	18	4.008639171	0.008495635125825069	1.7411970374418404
1994	10	19	5.419405967	0.016991270251650138	1.1042852040994915
1994	10	20	2.9218562907599996	0.033982540503300275	1.0771022295701247
1994	10	21	1.3826886915699999	0.033982540503300275	1.6451125500942443
1994	10	22	22.3436965852	0.04247817562912534	1.2003295421683609
1994	10	23	0.514355655244	0.05946944588077548	1.0425065716478057
1994	10	24	1.15225081145	0.05946944588077548	1.0564010895858527
1994	10	25	3.9299962430699997	0.05946944588077548	1.348202896252843
1994	10	26	0.0030039015732	0.05946944588077548	1.3180570078446192
1994	10	27	1.56779656378	0.06796508100660055	1.2423117487361852
1994	10	28	0.0	0.06796508100660055	1.5465538336074645
1994	10	29	0.006205814550359999	0.05946944588077548	1.6477852583297004
1994	10	30	0.00083006850628	0.05946944588077548	1.7210768829756506
1994	10	31	0.544155777934	0.05946944588077548	1.5078675059407467
1994	11	01	0.1231436708004	0.05946944588077548	1.2458533349271546
1994	11	02	5.23045358216	0.05946944588077548	0.5313755254306033
1994	11	03	15.7055318562	0.06796508100660055	1.0408226805475693
1994	11	04	8.6741674776	0.09345198638407574	0.6827797226184454
1994	11	05	1.27181618904	0.10194762150990082	0.9958686665673417
1994	11	06	20.3467472688	0.1614170673906763	0.9408679188623768
1994	11	07	3.78546575924	0.41628612116542835	0.7965389479889602
1994	11	08	42.881939325	1.0449631204764833	0.7718571177181851
1994	11	09	7.0954724705	1.9115179033106404	0.6447502405205722
1994	11	10	1.17242326022	0.8155809720792065	1.27261300960291
1994	11	11	1.09988911615	0.6541639046885303	1.1837320041070125
1994	11	12	11.2878151878	0.7051377154434807	1.079869681993225
1994	11	13	0.0023388077546199998	0.62018136418523	1.2327389167742895
1994	11	14	0.00084159720867	0.5097381075495041	1.2245425892665986
1994	11	15	0.000842625970966	0.4417730265429035	1.2806754852925937
1994	11	16	0.0	0.41628612116542835	1.1597556203692816
1994	11	17	0.0333553138156	0.3992948509137782	1.114747890343939
1994	11	18	0.005687240443599999	0.38230358066212805	1.3187861803990524
1994	11	19	0.0128767778956	0.373807945536303	1.2112557533254495
1994	11	20	0.0318372956296	0.3568166752846529	1.1411862613860777
1994	11	21	0.0	0.3568166752846529	1.0661849812110402
1994	11	22	0.0008243041067299999	0.33982540503300274	1.0236294859303567
1994	11	23	0.0021796161315	0.33132976990717766	1.1086814582854205
1994	11	24	0.0008243041067299999	0.3228341347813526	1.1429840424320459
1994	11	25	0.0012422199310300002	0.29734722940387737	1.0894026125902458
1994	11	26	0.00042079855598	0.30584286452970244	1.0740626402124778
1994	11	27	0.00042079855598	0.29734722940387737	1.1111040451531067
1994	11	28	0.0023878027814	0.30584286452970244	0.8912322312425685
1994	11	29	2.7512969874	0.2803559591522272	0.9047773332403642
1994	11	30	0.711265454936	0.30584286452970244	0.8200515868402292
1994	12	01	0.28549038610499994	0.3228341347813526	0.9228826612788891
1994	12	02	0.042154341639999995	0.3143384996555275	0.8873746627113648
1994	12	03	1.0455397402199997	0.3143384996555275	0.7440623843154733
1994	12	04	2.72338764192	0.3228341347813526	0.6424583590499631
1994	12	05	6.4636157513	0.5352250129269793	0.7942426459567448
1994	12	06	0.24369876499100002	0.5267293778011543	0.7179320325571178
1994	12	07	11.1483729072	0.62018136418523	0.7769390285356454
1994	12	08	0.8930172677129999	0.6456682695627052	0.7940781192661446
1994	12	09	3.86008071567	0.6796508100660055	0.5916709028820437
1994	12	10	0.108475206695	0.6966420803176556	0.7460789972553715
1994	12	11	0.00042079855598	0.6456682695627052	0.8596538827603044
1994	12	12	0.00199096074307	0.5777031885561047	0.8907175063146493
1994	12	13	0.0	0.5437206480528044	0.9286614841209673
1994	12	14	0.00443137192698	0.5182337426753292	0.8794441601224372
1994	12	15	0.0091293156848	0.501242472423679	0.9178601657148142
1994	12	16	0.0096194806488	0.47575556704620386	0.5991581766812782
1994	12	17	0.00993737270495	0.45876429679455366	0.738956711601575
1994	12	18	3.6196531761000004	0.4502686616687286	0.6963312230212675
1994	12	19	0.15333189652299997	0.49274683729785396	0.6502755650439693
1994	12	20	0.18446536965399998	0.4672599319203788	0.6270769469788564
1994	12	21	0.0581769323957	0.4332773914170785	0.6741071226931798
1994	12	22	0.26885046350499997	0.4247817562912534	0.7641765851996865
1994	12	23	0.0008358328381330001	0.4077904860396033	0.6694253913717376
1994	12	24	0.00083468863311	0.3907992157879531	0.5745003886876432
1994	12	25	0.00050053140561	0.38230358066212805	0.571146042476145
1994	12	26	0.00104727055909	0.38230358066212805	0.720527375249506
1994	12	27	0.072701906907	0.38230358066212805	0.6078252682001435
1994	12	28	0.172206410054	0.38230358066212805	0.686849395053839
1994	12	29	7.889783614800001	0.4247817562912534	0.6273217061488389
1994	12	30	23.779583803699996	1.8435528223040398	0.7314621467260788
1994	12	31	29.1831757515	3.364271509826727	0.8761350080558418
1995	01	01	0.757204058876	9.430154989665825	0.7063470319880033
1995	01	02	0.0020694066727300004	1.7925790115490894	0.6691917875606014
1995	01	03	0.070703829952	1.2063801878671596	0.5896363822742772
1995	01	04	1.0820340324000002	1.0279718502248332	0.6408682230514852
1995	01	05	0.32640498291299996	0.9685024043440577	0.6569416758247073
1995	01	06	0.122611433118	0.8750504179599821	0.6278095320385088
1995	01	07	0.0005933354821299999	0.7815984315759062	0.7288895862699265
1995	01	08	0.0038052763191899997	0.7221289856951307	0.9099303751397367
1995	01	09	0.00381020204962	0.6796508100660055	0.8220825308002118
1995	01	10	0.00167966653325	0.6626595398143553	0.8375467002251075
1995	01	11	0.05017034341	0.628676999311055	0.9351278549604408
1995	01	12	0.056255288255	0.6031900939335798	0.8482742913560481
1995	01	13	0.00042079855598	0.5692075534302795	0.7819061371808579
1995	01	14	0.00042079855598	0.5437206480528044	0.8609182674454169
1995	01	15	0.000412152082378	0.5352250129269793	0.8747400561552291
1995	01	16	0.17710076776	0.5352250129269793	0.8450564278907252
1995	01	17	19.329943164299998	0.883546053085807	0.7322427926287988
1995	01	18	8.8405231841	2.557186172873345	0.6730375642097134
1995	01	19	15.038096495100001	1.631161944158413	0.6939551433228877
1995	01	20	6.4385214405	7.306246208209559	0.7060263770764137
1995	01	21	2.04474214117	2.149395686833742	0.7391043524750415
1995	01	22	2.30936207408	1.767092106171614	0.5687224910298458
1995	01	23	11.801800791900002	3.3472802395750767	0.5601833392054353
1995	01	24	1.2328557918599998	3.4322365908333277	0.9028419123141426
1995	01	25	0.86812147353	2.0984218760787923	0.6986789288967079
1995	01	26	7.417803999199999	3.1858631721844004	0.8550187441444154
1995	01	27	1.19545967893	1.9370048086881153	0.7973723004682457
1995	01	28	1.42322227032	1.8690397276815152	0.8807846932480491
1995	01	29	8.250146350999998	1.8520484574298648	1.0321501770063377
1995	01	30	7.66198765846	2.004969889694716	0.9438101326266097
1995	01	31	0.0171439122585	1.614170673906763	1.2593441073965215
1995	02	01	0.40458792906999996	1.384788525509486	0.8047258580592884
1995	02	02	0.33192599240599996	1.2743452688737602	0.941704673006103
1995	02	03	0.00322901411717	1.1639020122380346	1.2148766864127571
1995	02	04	0.000426562994214	1.104432566357259	1.3556150187786877
1995	02	05	0.0017131412491	1.0364674853506584	1.288196793382126
1995	02	06	0.006445448487669999	0.993989309721533	1.2712693751094064
1995	02	07	0.97893517638	1.010980579973183	1.138378679524796
1995	02	08	10.076377372799998	1.8690397276815152	0.9264320223651182
1995	02	09	8.7754402554	1.9709873491914158	0.8775549003585149
1995	02	10	0.16118004841699998	1.5886837685292878	0.9904092951868804
1995	02	11	5.4009846461999995	1.2828409039995852	1.239236852975772
1995	02	12	5.65463137896	2.718603240264022	0.8785665070880985
1995	02	13	21.515313540799998	3.7125925499855548	0.7928701338356414
1995	02	14	6.23697712353	7.093855330063932	1.0953740602426005
1995	02	15	9.8995199274	3.746575090488855	1.0757563852653733
1995	02	16	0.214876709215	3.5002016718399283	1.3062228594326628
1995	02	17	8.8000171677	3.415245320581677	1.380933480558269
1995	02	18	0.0034500400833799997	2.761081415893147	1.377504050258915
1995	02	19	0.0020786228455999998	1.8860309979331653	1.558683462696019
1995	02	20	0.019904749687399997	1.7076226602908384	1.5481020216316834
1995	02	21	2.0648817085399997	1.5631968631518125	1.1462815782793037
1995	02	22	0.0	1.4102754308869614	1.2520095803460771
1995	02	23	0.40130481799	1.359301620132011	1.4249863422478901
1995	02	24	1.06071528	1.3338147147545356	1.436506027974445
1995	02	25	4.59527854944	1.248858363496285	1.4666767258699902
1995	02	26	1.9537034089899998	1.384788525509486	0.8459808213222586
1995	02	27	0.0051035414360000005	1.2828409039995852	1.3069767219527726
1995	02	28	0.00207228901757	1.1893889176155095	1.4965705845336708
1995	03	01	0.0510438687482	1.0959369312314338	1.683896913448144
1995	03	02	1.3234254805399999	1.0279718502248332	1.502586037555431
1995	03	03	6.8625348303	1.1214238366089089	1.04433780550945
1995	03	04	0.8995022824860001	1.0449631204764833	1.1722954215437067
1995	03	05	5.95944872666	1.0194762150990082	1.2506760191778574
1995	03	06	0.180859856447	0.9260242287149324	1.4639768204612529
1995	03	07	1.87728142621	0.8495635125825068	1.5690545459895608
1995	03	08	0.9572046328	0.883546053085807	1.344721271501516
1995	03	09	0.0	0.8410678774566818	1.9930977912643502
1995	03	10	6.09351770295	0.8495635125825068	1.570042021173521
1995	03	11	2.22676448083	0.9515111340924077	2.0842703562741023
1995	03	12	0.02096082869	0.9685024043440577	2.4933326881585627
1995	03	13	0.0188624218797	1.248858363496285	2.1646292188735616
1995	03	14	0.0026469091805	0.9175285935891073	2.3080678012845093
1995	03	15	0.09336180308999999	0.8410678774566818	1.718696567834471
1995	03	16	0.046819074023299996	0.7900940667017313	1.9524634668577368
1995	03	17	0.460241855203	0.7391202559467809	1.5659157444556806
1995	03	18	0.079105811003	0.7051377154434807	2.013231324711989
1995	03	19	0.0009925614219599998	0.6796508100660055	2.3741967869347635
1995	03	20	0.0028026703064999996	0.6711551749401804	2.5667477695465255
1995	03	21	0.000420798604335	0.628676999311055	2.4767528259347062
1995	03	22	0.0008243041067299999	0.6031900939335798	2.6647912958146502
1995	03	23	0.0012451022758700001	0.5777031885561047	2.6570690140042568
1995	03	24	5.0125835533800004e-05	0.5692075534302795	2.649801294407981
1995	03	25	0.0237169930917	0.5522162831786295	2.702849438639917
1995	03	26	0.0	0.5437206480528044	2.8250906361952817
1995	03	27	0.00164860782662	0.5352250129269793	3.0326381390058463
1995	03	28	0.0008243041067299999	0.5267293778011543	2.8403265297818585
1995	03	29	0.00209485813356	0.5097381075495041	2.8736861754359198
1995	03	30	0.000420798604335	0.49274683729785396	2.7390559315416803
1995	03	31	0.0012268017458599999	0.47575556704620386	3.1068526039297164
1995	04	01	0.0016659012186900002	0.47575556704620386	3.141791330992119
1995	04	02	0.000420798604335	0.4672599319203788	3.4285212657236084
1995	04	03	0.00671163947453	0.45876429679455366	3.339400336738787
1995	04	04	1.01500945703	0.4417730265429035	3.4597601979132633
1995	04	05	0.232612868678	0.4417730265429035	3.509066235121204
1995	04	06	0.0088207575943	0.45876429679455366	3.5675295538110054
1995	04	07	0.00083006850628	0.4502686616687286	3.4581473984748294
1995	04	08	0.00171659128164	0.4247817562912534	3.5501132998295004
1995	04	09	0.0	0.41628612116542835	3.7975307624709798
1995	04	10	0.00165437261301	0.4077904860396033	3.9210613559680145
1995	04	11	0.00248610588523	0.38230358066212805	4.127390291716034
1995	04	12	0.00122099479391	0.38230358066212805	3.9111850962852777
1995	04	13	0.000824304164756	0.3653123104104779	3.8751623004902056
1995	04	14	0.00248444092587	0.3483210401588278	3.67517766406328
1995	04	15	0.0016687816293299998	0.33132976990717766	3.843298371049036
1995	04	16	0.0008243041067299999	0.3228341347813526	3.9137528602419787
1995	04	17	0.00124280754099	0.3143384996555275	3.744129533632932
1995	04	18	0.00124222002774	0.29734722940387737	3.856129599674986
1995	04	19	0.39242625972999995	0.28885159427805235	2.450841225349521
1995	04	20	2.05596040446	0.28885159427805235	2.222095011693246
1995	04	21	3.04733867628	0.28885159427805235	2.005622954061714
1995	04	22	2.4345802478799996	0.28885159427805235	2.2822817013229693
1995	04	23	1.51740543144	0.28885159427805235	2.652275981599758
1995	04	24	1.1470967487100001	0.28885159427805235	2.812078422082214
1995	04	25	3.63069339628	0.28885159427805235	2.604062827389072
1995	04	26	3.166749608	0.28885159427805235	3.377548493778255
1995	04	27	13.2593549188	0.3568166752846529	2.390384995019339
1995	04	28	0.482523491047	0.45876429679455366	3.200909910838331
1995	04	29	0.053772278347	0.4502686616687286	3.6455477425113116
1995	04	30	6.4888212786e-07	0.3992948509137782	3.7350346046774296
1995	05	01	0.26510333784500006	0.3568166752846529	4.200162797528532
1995	05	02	1.89932231218	0.33132976990717766	4.211582959615074
1995	05	03	0.479527270182	0.33982540503300274	4.397906276439485
1995	05	04	2.97424003594	0.33982540503300274	4.250294895977299
1995	05	05	0.308052635685	0.373807945536303	4.07704266142716
1995	05	06	2.0637250569399996	0.33132976990717766	3.6944400482763156
1995	05	07	0.48936186481800004	0.33132976990717766	3.984420787898608
1995	05	08	1.0574469655499998	0.33132976990717766	3.9809903904594623
1995	05	09	4.924632771500001	0.373807945536303	3.4822136474264136
1995	05	10	0.5541696729100001	0.3992948509137782	3.9804012574779835
1995	05	11	8.4193134172	0.3653123104104779	2.0314652061569083
1995	05	12	1.1489652826199999	0.33132976990717766	2.5915424258746094
1995	05	13	0.00087722120756	0.3143384996555275	3.8267581022119126
1995	05	14	11.2984252419	0.29734722940387737	3.077719154775602
1995	05	15	1.08903216142	0.3653123104104779	2.999804235735614
1995	05	16	19.356661236	0.5522162831786295	2.727651207402943
1995	05	17	0.432315691854	0.6371726344368801	3.462844381728387
1995	05	18	5.21659030037	0.6116857290594049	3.626963493596875
1995	05	19	0.537990631486	0.5692075534302795	3.317310809964892
1995	05	20	0.00245475008548	0.47575556704620386	4.585665952641314
1995	05	21	0.00165437261301	0.4417730265429035	4.4397619128365315
1995	05	22	0.00166340300597	0.3992948509137782	4.520643198778152
1995	05	23	0.30838198159	0.3568166752846529	4.334155350181739
1995	05	24	0.192234586846	0.33132976990717766	2.943411752828583
1995	05	25	0.695109440163	0.3228341347813526	3.163509723146972
1995	05	26	0.0039001012478699997	0.29734722940387737	4.0252498962543
1995	05	27	0.417254095796	0.28885159427805235	3.7283648312121453
1995	05	28	0.022260862536	0.28885159427805235	4.3463379045719215
1995	05	29	0.0011079849036700002	0.2718603240264022	3.9446985986139285
1995	05	30	2.5293963759499998e-05	0.24637341864892698	4.1756337299432555
1995	05	31	0.0008243041067299999	0.22938214839727683	4.365702901875356
1995	06	01	0.00083006850628	0.22938214839727683	4.860733126214296
1995	06	02	0.004194224693900001	0.2123908781456267	4.455834183166098
1995	06	03	0.00165437261301	0.20389524301980164	5.053048699387332
1995	06	04	0.0008243041067299999	0.1869039727681515	5.536757655430233
1995	06	05	0.0	0.17840833764232644	5.725585001623476
1995	06	06	0.53559748451	0.15292143226485122	5.773697939726664
1995	06	07	0.425774159757	0.1359301620132011	5.44637895105487
1995	06	08	0.35752522611599996	0.12743452688737603	4.4625321370918005
1995	06	09	0.010259590599399999	0.12743452688737603	4.601978093367242
1995	06	10	0.000420798604335	0.12743452688737603	4.80169725522807
1995	06	11	0.0008243041067299999	0.11044325663572588	4.938435355183388
1995	06	12	0.0016601364323	0.10194762150990082	5.535949616651209
1995	06	13	0.00569390985533	0.10194762150990082	4.553708760472826
1995	06	14	0.0538510428394	0.09345198638407574	5.135027647458434
1995	06	15	0.0008269101511000001	0.09345198638407574	5.13022105806699
1995	06	16	0.008725937307699999	0.08495635125825068	5.166996930629857
1995	06	17	0.0016970161138299999	0.08495635125825068	5.525164364432389
1995	06	18	0.00165318346685	0.08495635125825068	5.918315324783435
1995	06	19	2.0370344508800002	0.07646071613242561	5.119510955230139
1995	06	20	1.1461044074	0.07646071613242561	5.236620298169044
1995	06	21	0.05969261310099999	0.06796508100660055	5.9083470322422995
1995	06	22	2.9245645576	0.05946944588077548	5.5189705333178525
1995	06	23	14.374674598999999	0.05946944588077548	4.233327208018177
1995	06	24	0.0112299303844	0.05946944588077548	5.197911996658915
1995	06	25	2.35923126255	0.06796508100660055	4.682592630739995
1995	06	26	3.7495027918	0.05946944588077548	4.39123382339251
1995	06	27	11.917593125549999	0.05946944588077548	3.7814937321765147
1995	06	28	1.86736304203	0.05946944588077548	4.514410267899239
1995	06	29	4.660557412599999	0.05946944588077548	4.088589631697371
1995	06	30	8.9939468294	0.06796508100660055	4.205600575572491
1995	07	01	2.67219768498	0.06796508100660055	3.541099272793615
1995	07	02	3.24115325308	0.05946944588077548	2.7653589115801775
1995	07	03	1.29865408443	0.05946944588077548	3.5865919006424267
1995	07	04	0.0573245585016	0.05946944588077548	3.969554191073449
1995	07	05	0.00166952146083	0.05946944588077548	5.103687401069817
1995	07	06	0.000415034204785	0.05946944588077548	5.23757958163124
1995	07	07	0.155310882924	0.05097381075495041	5.823338602909822
1995	07	08	10.2904488262	0.04247817562912534	4.734624269941227
1995	07	09	23.2311452621	0.15292143226485122	3.4435412748820884
1995	07	10	2.97840543235	0.2803559591522272	3.7964195967496597
1995	07	11	0.46070661445	0.24637341864892698	3.918962285729357
1995	07	12	0.817679036535	0.2123908781456267	4.015419956581926
1995	07	13	0.566257591204	0.1869039727681515	3.7254655391428595
1995	07	14	0.76041854454	0.16991270251650137	3.5030568867221006
1995	07	15	0.439658185842	0.1614170673906763	3.7379637277909863
1995	07	16	0.00198165298583	0.14442579713902617	5.174983476205673
1995	07	17	0.00736997471476	0.12743452688737603	5.2555696370544025
1995	07	18	0.000421447499422	0.11893889176155097	6.603304735708317
1995	07	19	0.258379942593	0.10194762150990082	5.6335715303357805
1995	07	20	0.022276268438999998	0.08495635125825068	6.170559564752859
1995	07	21	0.050021003827999996	0.07646071613242561	5.5262417492981
1995	07	22	0.00262247791346	0.05946944588077548	6.040148699479875
1995	07	23	0.00167435212533	0.05946944588077548	6.091274311247688
1995	07	24	0.373790378124	0.05946944588077548	6.384188498919859
1995	07	25	1.07846021106	0.05097381075495041	3.8330152575296443
1995	07	26	0.52424305354	0.05097381075495041	3.462961689574407
1995	07	27	0.00125663078484	0.05097381075495041	5.6318300624380155
1995	07	28	0.00124510246929	0.05097381075495041	5.762845871981055
1995	07	29	0.0022465508632800004	0.06796508100660055	5.58826436137136
1995	07	30	4.7152652925000004e-06	0.05946944588077548	5.752593745446303
1995	07	31	0.057046801579	0.025486905377475205	5.642827457092162
1995	08	01	0.454192780097	0.025486905377475205	4.43310807258111
1995	08	02	0.18977596719999998	0.025486905377475205	4.097031699461676
1995	08	03	0.117230875558	0.025486905377475205	4.439264765941971
1995	08	04	2.7754087246	0.025486905377475205	3.1977565773706793
1995	08	05	2.4292577163199995	0.025486905377475205	2.98012779740193
1995	08	06	0.23736274164399998	0.025486905377475205	4.064512710045305
1995	08	07	0.00042079855598	0.025486905377475205	4.702642263796841
1995	08	08	0.0020694066727300004	0.033982540503300275	4.9586203449430215
1995	08	09	0.22207297768300002	0.033982540503300275	5.077652588822656
1995	08	10	0.095435284832	0.033982540503300275	4.8622659043730545
1995	08	11	0.006897031577429999	0.033982540503300275	5.3494884451137175
1995	08	12	0.00123933758619	0.025486905377475205	5.693247169216682
1995	08	13	0.004042862422249999	0.025486905377475205	5.538425915617845
1995	08	14	0.0	0.016991270251650138	5.181371907306275
1995	08	15	0.00042690341341399993	0.016991270251650138	5.700424048526821
1995	08	16	0.045246266721	0.016991270251650138	5.302524211245594
1995	08	17	0.0061616697235	0.016991270251650138	4.762335802722012
1995	08	18	0.0836432372436	0.008495635125825069	3.970055688579292
1995	08	19	0.0125432338095	0.008495635125825069	4.428176388937492
1995	08	20	0.0089054407387	0.008495635125825069	4.32575324917319
1995	08	21	0.00035566885832399994	0.008495635125825069	4.809601033662751
1995	08	22	0.0068680322135399995	0.0	4.202722207868235
1995	08	23	0.0	0.0	4.445157055461126
1995	08	24	0.00123933758619	0.0	4.451196090749677
1995	08	25	0.0	0.0	4.743760924310966
1995	08	26	0.00083006850628	0.0	4.750487194278808
1995	08	27	0.00042079855598	0.0	4.949546743334448
1995	08	28	0.0	0.0	4.9331374185278145
1995	08	29	0.000426562994214	0.0	4.907155824705839
1995	08	30	0.0	0.0	4.592743618537426
1995	08	31	0.00083290259283	0.0	4.2703748114642055
1995	09	01	0.00125390240232	0.0	4.457373679099533
1995	09	02	0.0268747012818	0.0	4.392762111919951
1995	09	03	0.017489113767999998	0.0	3.9611704583528438
1995	09	04	0.154509553535	0.0	2.6435235541469932
1995	09	05	11.544020286899999	0.0	2.31666184907768
1995	09	06	5.4188614897	0.0	2.0655330687930826
1995	09	07	4.96747085284	0.0	1.943719485208662
1995	09	08	0.55230162255	0.0	2.489770808291886
1995	09	09	1.2313114298699999	0.0	3.1087330209409916
1995	09	10	20.7414536602	0.0	2.2425679132776315
1995	09	11	0.000464479977533	0.0	2.848502890520247
1995	09	12	0.060201975	0.0	2.4758940982954254
1995	09	13	0.13901627305	0.0	2.5664331778029315
1995	09	14	0.67499015288	0.0	2.1697720547700126
1995	09	15	0.362768929355	0.0	2.687434669921451
1995	09	16	3.6485783634200004	0.0	1.934915623182208
1995	09	17	9.079704421899999	0.0	2.106609123747412
1995	09	18	2.65202194807	0.0	2.3683758237419625
1995	09	19	3.73499619509	0.0	2.1026731989714103
1995	09	20	0.10186854041299999	0.0	2.497537094050413
1995	09	21	0.6287377733449999	0.0	2.390356990928221
1995	09	22	0.0036934531573600002	0.0	2.473629680119611
1995	09	23	0.000824304164756	0.0	2.5280836166626015
1995	09	24	0.0	0.0	2.4970787033156756
1995	09	25	0.000836400632214	0.0	2.6194673555069126
1995	09	26	0.00042079855598	0.0	2.706275919021048
1995	09	27	0.0008196320466299999	0.0	2.990184346214486
1995	09	28	0.0042613559404	0.0	2.982045184572853
1995	09	29	0.0082975023367	0.0	2.898497266704179
1995	09	30	0.016110125878000002	0.0	2.7817058094061857
1995	10	01	0.12501305188999998	0.0	3.13711845805337
1995	10	02	0.09290128360939999	0.0	2.700320606439513
1995	10	03	0.9672217095350001	0.0	2.058945347616191
1995	10	04	9.369628429599999	0.0	1.9361123471607404
1995	10	05	0.00349964709104	0.0	1.9419398598089714
1995	10	06	0.00042079855598	0.0	2.6419730467890568
1995	10	07	0.0008358328381330001	0.0	2.5825871624427115
1995	10	08	0.000429929991548	0.0	2.6256525585526993
1995	10	09	0.138270822699	0.0	2.300609613371204
1995	10	10	1.0798557363599999	0.0	2.2494628973725153
1995	10	11	0.00194320350758	0.0	2.39241038757592
1995	10	12	0.0282351798449	0.0	2.349497529723323
1995	10	13	0.27474469623	0.0	2.2049318207816904
1995	10	14	7.07303507353	0.0	1.5281051291414147
1995	10	15	0.015397917655299999	0.0	1.9725495680715022
1995	10	16	0.0	0.008495635125825069	2.1701174368084497
1995	10	17	0.0	0.008495635125825069	2.3409889033226188
1995	10	18	0.0	0.008495635125825069	2.306966293951186
1995	10	19	0.00334212129767	0.008495635125825069	2.278993192048709
1995	10	20	0.0024893277788800004	0.008495635125825069	2.0565692908511943
1995	10	21	0.0	0.008495635125825069	1.733385259525172
1995	10	22	0.17094865782	0.008495635125825069	1.926126842872002
1995	10	23	0.018376320669899998	0.008495635125825069	1.8226868858502938
1995	10	24	19.290531905099996	0.016991270251650138	1.0672097408220491
1995	10	25	1.6418285523299998	0.033982540503300275	1.4765869434435568
1995	10	26	5.6576462165	0.05097381075495041	1.6405856584601508
1995	10	27	5.9775068047	0.11893889176155097	1.3128623424344275
1995	10	28	12.8592559778	0.1359301620132011	1.1675345768712126
1995	10	29	0.43176059579599996	0.14442579713902617	1.1600314735797936
1995	10	30	0.000420798604335	0.12743452688737603	1.5465827053073793
1995	10	31	2.1552666811199996	0.11044325663572588	1.6205061897729565
1995	11	01	3.16311892118	0.09345198638407574	1.4318719675385954
1995	11	02	6.199390491899999	0.09345198638407574	1.4364428633893969
1995	11	03	0.39813988653	0.09345198638407574	1.6227114144384278
1995	11	04	0.1194947551125	0.09345198638407574	1.337096805112614
1995	11	05	0.0016645131400600001	0.09345198638407574	1.2441505381999076
1995	11	06	0.00208302160324	0.08495635125825068	1.4006239022336946
1995	11	07	0.0	0.08495635125825068	1.2350128807355867
1995	11	08	0.09566315293399999	0.08495635125825068	1.158959344706179
1995	11	09	0.6663054014600001	0.07646071613242561	1.0818835271501344
1995	11	10	27.702171383800003	0.14442579713902617	0.6539683370121189
1995	11	11	4.268921563699999	0.41628612116542835	0.6864748527928902
1995	11	12	3.8771936468800003	0.3992948509137782	0.6921634273054978
1995	11	13	1.23913004653	0.4077904860396033	0.8567443277252854
1995	11	14	20.3731500659	0.4332773914170785	0.7548668107353707
1995	11	15	52.20159189499999	2.880020307654698	0.7020089094928188
1995	11	16	0.62996081636	5.972431493455023	0.9172203288492115
1995	11	17	16.1137583056	1.512223052396862	0.8233777841118467
1995	11	18	13.11147807555	3.3472802395750767	1.0170217309121665
1995	11	19	0.138910646388	1.6821357549133635	0.9488588371138222
1995	11	20	3.56809446393	1.2233714581188098	1.245926384282901
1995	11	21	5.9460547785	1.1978845527413347	0.7539260243070685
1995	11	22	0.1105065954095	1.1808932824896843	0.930155129771658
1995	11	23	2.43330802783e-07	0.9515111340924077	0.9178255563800228
1995	11	24	8.5318964295	0.8580591477083319	0.7225041599456213
1995	11	25	0.956371534176	1.0704500258539587	0.7880774767060994
1995	11	26	1.9794791384500001	0.883546053085807	0.6974900689957212
1995	11	27	1.6387494993499998	0.8580591477083319	0.6370449640271878
1995	11	28	4.97431898465	1.1893889176155095	0.6531432759312255
1995	11	29	6.89388589126	1.4187710660127864	0.7413061321040129
1995	11	30	4.2731729353	1.9794829843172408	0.692897864618376
1995	12	01	0.025721484821	1.4357623362644365	0.8106761685783994
1995	12	02	0.00720755887695	1.1893889176155095	0.9371455650706951
1995	12	03	0.512183751735	1.0449631204764833	0.8973226452473837
1995	12	04	0.9622227212800001	0.9769980394698827	0.6057496834062647
1995	12	05	0.392859114348	0.9090329584632822	0.732372115898779
1995	12	06	0.87413538488	0.8410678774566818	0.6390587940740827
1995	12	07	0.80176197283	0.7900940667017313	0.6920125311857985
1995	12	08	4.21433989035	0.8070853369533815	0.5080627667477343
1995	12	09	0.565327976	0.8920416882116321	0.7836678953626369
1995	12	10	0.00545906548077	0.7985897018275564	0.8530389536980615
1995	12	11	0.000420798604335	0.756111526198431	0.7073205464313636
1995	12	12	0.000824304164756	0.7731027964500812	0.7645463455502005
1995	12	13	0.00368744437164	0.8325722423308567	0.6667796266987226
1995	12	14	0.00042551382610799996	0.7900940667017313	0.623647838176731
1995	12	15	0.004155180932699999	0.7646071613242561	0.5877806195780655
1995	12	16	0.17773967270399998	0.756111526198431	0.6165984545852655
1995	12	17	1.6179411823299998	0.8155809720792065	0.6521054741374848
1995	12	18	0.9134984341449999	0.9430154989665827	0.6162700706327477
1995	12	19	1.7813645449200002	0.8920416882116321	0.6576357846855212
1995	12	20	0.38617432572800003	0.866554782834157	0.6358069178745339
1995	12	21	14.2223940659	0.9600067692182326	0.45946821728015474
1995	12	22	20.488092802199997	7.44217637022276	0.5184130738370224
1995	12	23	8.8979118652	4.884990197349414	0.6412355842195473
1995	12	24	45.58211153799999	16.651444846617135	0.5103120896161042
1995	12	25	45.00967247569999	26.16655618754121	0.44433446566126983
1995	12	26	14.0715419395	12.4036272837046	0.7423750051032932
1995	12	27	12.1942180576	13.76292890383661	0.7316087197325901
1995	12	28	4.987088089499999	6.227300547229775	0.543528739711015
1995	12	29	29.7883308397	24.722298216150946	0.6354556840714407
1995	12	30	27.3476538	19.200135384364657	0.5967152095618611
1995	12	31	24.0598783967	22.938214839727685	0.5244410058260303
1996	01	01	17.8354825672	24.212560108601444	0.6060339465127224
1996	01	02	0.186508445772	6.448187060501227	0.6066635451905318
1996	01	03	1.13854303934	4.901981467601064	0.7609009250012775
1996	01	04	17.2886600497	12.4036272837046	0.6568003107136955
1996	01	05	13.1901502099	12.233714581188098	0.6520114519040268
1996	01	06	38.113217580000004	34.15245320581678	0.7560433505142868
1996	01	07	11.3838820663	12.913365391254104	0.6083345609662418
1996	01	08	44.232881315	69.4093389779908	0.5312805980921002
1996	01	09	3.99732177996	28.715246725288726	0.5544006850719999
1996	01	10	1.92127190391	9.260242287149325	0.6020857819109086
1996	01	11	18.2067648295	20.98421876078792	0.739268992543606
1996	01	12	3.23869652895	15.122230523968621	0.500066203331301
1996	01	13	2.9887311590499994	7.561115261984311	0.4919851813906658
1996	01	14	19.2078506577	24.552385513634448	0.4998009761218853
1996	01	15	3.7489176963	12.148758229929847	0.39407161896140563
1996	01	16	0.00342204631007	6.575621587388603	0.9348557533300771
1996	01	17	0.00082718635486	5.377737034647268	0.886234287957787
1996	01	18	0.27522515151	4.800033846091164	0.7773839671077073
1996	01	19	6.717759476749999	5.462693385905519	0.7208902021122903
1996	01	20	21.472092874700003	15.971794036551128	0.35092701310403945
1996	01	21	14.246658604899999	26.25151253879946	0.42965323051438
1996	01	22	13.0707288335	12.148758229929847	0.5579758370286082
1996	01	23	3.7496565607	10.619543907281335	0.5381990527385582
1996	01	24	0.0427701841503	7.875453761639838	0.7322695245636693
1996	01	25	1.3612626877799998	5.454197750779693	0.7755470593497518
1996	01	26	0.81201236244	5.997918398832498	0.7026642635356619
1996	01	27	9.678860588800001	6.2357961823556	0.7665612226254617
1996	01	28	11.194629300199999	14.017797957611362	0.6874978096399265
1996	01	29	0.5290885146700001	6.974916438302382	0.7252053318810344
1996	01	30	0.00196316503184	5.284285048263192	0.9088110349932588
1996	01	31	1.41140266425	4.4856953464356355	0.9547109719320503
1996	02	01	5.7997905745	4.528173522064761	0.5342641561734736
1996	02	02	4.1637020508	6.244291817481425	0.6897340486178415
1996	02	03	0.409898729707	5.802518790938522	0.9108165195628699
1996	02	04	0.0545842293953	4.239321927786709	0.9461383896655738
1996	02	05	14.342183907399999	3.8825052525020562	1.1706264123800711
1996	02	06	4.200716836200001	4.400738995177385	0.9799765577943564
1996	02	07	0.8269670165799999	3.372767144952552	1.0750708473279624
1996	02	08	0.014016140648900001	2.8035595915222724	1.0560494264096287
1996	02	09	1.16086660864	2.557186172873345	0.9224484412761825
1996	02	10	1.73491579573	2.4467429162376195	0.9030427655844973
1996	02	11	0.174853730252	2.378777835231019	0.9636852856443591
1996	02	12	8.4517373789	2.2683345785952933	1.1118391248651138
1996	02	13	6.0314487414	2.557186172873345	0.7557892210406199
1996	02	14	0.5642507233099999	2.7016119700123715	1.1873508600721345
1996	02	15	0.0	2.225856402966168	1.2178060525138714
1996	02	16	0.0008358329058299999	1.9539960789397655	1.2929579100731206
1996	02	17	0.00083006850628	1.8435528223040398	1.4774562051158142
1996	02	18	0.043533165123	1.8095702818007395	1.5533590588112696
1996	02	19	2.30936371815	1.767092106171614	0.9748482670488647
1996	02	20	0.29994519460999997	1.7416052007941387	0.8275153095784599
1996	02	21	0.07583630702000001	1.5971794036551128	0.9610294065753537
1996	02	22	0.00150780715736	1.512223052396862	1.124156298541386
1996	02	23	0.0016731673311199998	1.4527536065160866	1.3459152262524523
1996	02	24	0.037773243245999996	1.4442579713902615	1.3179882803870224
1996	02	25	12.231566492499999	1.8435528223040398	0.9985685431922523
1996	02	26	0.8984998253099999	1.996474254568891	1.1544941878521007
1996	02	27	2.7208062586	1.7161182954166638	1.410345935486086
1996	02	28	6.91311648134	1.8180659169265645	1.1964567521794454
1996	02	29	0.807987263227	1.9030222681848155	1.369531098403801
1996	03	01	0.0	1.6736401197875383	1.706604248727226
1996	03	02	0.000267198356904	1.5292143226485122	1.5775109466294874
1996	03	03	0.00042079855598	1.4527536065160866	1.4893172387743951
1996	03	04	0.0008243041067299999	1.4017797957611362	1.6076215690694413
1996	03	05	0.00249177202742	1.3508059850061858	1.702094724880514
1996	03	06	0.000824304164756	1.2913365391254104	1.7357278660991882
1996	03	07	0.0020544530823999995	1.2743452688737602	1.8267418970315634
1996	03	08	1.3128218093	1.2743452688737602	1.8499415272995503
1996	03	09	9.6258567391	1.3253190796287107	1.3396989522892044
1996	03	10	1.23197582757	1.3168234445028855	2.042703137472151
1996	03	11	0.0	1.1554063771122094	1.896124570029445
1996	03	12	1.2707997669400002	1.1214238366089089	1.8003164067298425
1996	03	13	7.0848881412599995	1.384788525509486	1.5359928246645795
1996	03	14	0.9734083933000001	1.2148758229929848	1.4832591994869018
1996	03	15	4.1199243351	1.112928201483084	1.4206479062354165
1996	03	16	0.5745847670700001	1.112928201483084	1.8145675345636003
1996	03	17	0.00125663078484	1.112928201483084	1.9794621374898247
1996	03	18	1.67769858146	1.138415106860559	2.070360652514896
1996	03	19	5.53792059044	1.8520484574298648	1.5683812176136782
1996	03	20	1.51827553131	1.5886837685292878	1.574007074497633
1996	03	21	0.00127284160517	1.4017797957611362	2.390737565068154
1996	03	22	0.0084536957564	1.3168234445028855	2.5513174281223723
1996	03	23	5.48999488613	1.231867093244635	2.427399213473736
1996	03	24	14.9206692789	1.503727417271037	2.021778995845739
1996	03	25	13.036657900500002	2.259838943469468	2.0800286342345933
1996	03	26	2.92041154007	2.021961159946366	1.7820814347113438
1996	03	27	0.57785501572	1.7161182954166638	1.4994612142900932
1996	03	28	1.8406164408799999	1.5971794036551128	1.7559502295593992
1996	03	29	2.94560033654	1.503727417271037	2.6990720196518927
1996	03	30	5.320609932300001	1.6566488495358882	2.0840440296768192
1996	03	31	17.638613888600002	2.370282200105194	1.833422567357547
1996	04	01	10.647907361099998	8.172800991043715	1.6277112251580537
1996	04	02	0.121109227017	3.610644928475654	2.232661976170199
1996	04	03	0.00042079855598	2.353290929853544	2.4629906141042204
1996	04	04	0.0008243041067299999	1.9624917140655906	2.572292630985963
1996	04	05	4.43443444255	1.7925790115490894	2.5633279909824322
1996	04	06	3.50354856586	1.7501008359199641	1.8499398290210944
1996	04	07	0.612814094676	1.622666309032588	2.4086498110498455
1996	04	08	0.000233554079411	1.495231782145212	3.031627914063455
1996	04	09	0.00166396701869	1.4272667011386115	3.1947075170112553
1996	04	10	0.122561366351	1.384788525509486	3.117692001077394
1996	04	11	0.435799669604	1.3253190796287107	3.3497472816707297
1996	04	12	0.0066125124015	1.2658496337479352	3.281857533896914
1996	04	13	0.0214780173293	1.2148758229929848	3.2236566329192393
1996	04	14	0.0025058121917999996	1.1808932824896843	3.434120262883745
1996	04	15	4.7152652925e-05	1.0789456609797836	3.5312794508425482
1996	04	16	0.821336241237	1.0364674853506584	3.1494148396612354
1996	04	17	0.016694182712599998	1.0194762150990082	2.4845642578606353
1996	04	18	0.00042079855598	0.9685024043440577	3.264525977014815
1996	04	19	0.57430517846	0.9600067692182326	3.2606860862529565
1996	04	20	1.11662652243	0.9685024043440577	2.9418511808363816
1996	04	21	6.73629675284	0.993989309721533	2.02956284957453
1996	04	22	2.43468933676	1.0619543907281335	1.9702873509299872
1996	04	23	1.0304498855000002	1.0874412961056088	2.303513390560509
1996	04	24	0.0	0.9260242287149324	3.3653450942051757
1996	04	25	0.0	0.8920416882116321	3.4983073650357275
1996	04	26	0.045578011034	0.8325722423308567	3.6195322154400236
1996	04	27	0.64895224261	0.747615891072606	3.2584322468438245
1996	04	28	1.03707732509	0.747615891072606	3.2762188379319506
1996	04	29	6.003005943560001	0.7900940667017313	3.2826720988302016
1996	04	30	0.530677121485	0.7815984315759062	2.2600683708510876
1996	05	01	9.281634901899999	0.7646071613242561	2.108237630663645
1996	05	02	3.237889484	0.8325722423308567	2.0357391092837465
1996	05	03	0.00213833904627	0.8070853369533815	3.0352936566150204
1996	05	04	0.44583474407	0.7136333505693058	3.5985426911150062
1996	05	05	10.469359424899999	0.6966420803176556	3.5604490541446223
1996	05	06	17.1473048453	1.25735399862211	2.8973270574912497
1996	05	07	4.5527446210499996	1.25735399862211	2.860198886424728
1996	05	08	0.7025621738800001	1.0449631204764833	3.6779144622386584
1996	05	09	1.8141245738699998	0.9600067692182326	3.0786176043664284
1996	05	10	6.817261978	0.993989309721533	2.225977365608944
1996	05	11	2.93136936333	1.010980579973183	2.3462887432013666
1996	05	12	0.0016605725943999998	0.8580591477083319	3.2848802952842413
1996	05	13	0.000426562994214	0.7646071613242561	3.9365490824240674
1996	05	14	0.0294546590964	0.6966420803176556	3.8052427212878976
1996	05	15	14.129950911099998	0.7136333505693058	3.0434562725109306
1996	05	16	12.5642866094	0.8155809720792065	2.8960533894198117
1996	05	17	22.8741625404	1.2063801878671596	2.55361146210714
1996	05	18	11.9791814384	2.981967929164599	2.4935370582759764
1996	05	19	12.0367761118	2.081430605827142	2.2479472676351784
1996	05	20	1.2191941504200001	2.225856402966168	2.6265178448826743
1996	05	21	2.43330802783e-07	1.486736147019387	3.6985283124205686
1996	05	22	0.053542824201000004	1.2063801878671596	4.414986776945498
1996	05	23	0.0008414435364800001	1.0619543907281335	4.527155191304602
1996	05	24	0.00046260242057999997	0.9769980394698827	4.2328212165284045
1996	05	25	0.023012284729500003	0.866554782834157	4.111982479144912
1996	05	26	0.00474624314957	0.8325722423308567	5.02429980375479
1996	05	27	0.0014609782411599999	0.7646071613242561	4.701805171717741
1996	05	28	0.0033220382089399997	0.7051377154434807	5.233961826191449
1996	05	29	0.0013527939864999999	0.6626595398143553	5.13749630970087
1996	05	30	0.0011020469096699999	0.628676999311055	5.2512030565426455
1996	05	31	0.0079537727534	0.5692075534302795	3.7956674172723655
1996	06	01	0.0	0.5607119183044544	3.7248968773701203
1996	06	02	0.224668857832	0.5352250129269793	2.8344117530429744
1996	06	03	0.00123722592334	0.5352250129269793	4.929465743045251
1996	06	04	0.0020659306252	0.501242472423679	5.274491961714503
1996	06	05	0.000841622508006	0.45876429679455366	5.18569516205003
1996	06	06	0.0237198885891	0.4417730265429035	5.5153979543136655
1996	06	07	1.06845198329	0.4247817562912534	3.7956219501158905
1996	06	08	0.013895266688299998	0.3992948509137782	4.760509017704531
1996	06	09	0.0	0.373807945536303	5.262873038649113
1996	06	10	0.000827186403215	0.3568166752846529	5.355582171056721
1996	06	11	0.0054756128519000006	0.33982540503300274	5.9563380399497845
1996	06	12	0.155441460766	0.3143384996555275	6.356899483530896
1996	06	13	0.276635221994	0.29734722940387737	5.666854231729893
1996	06	14	0.00083323488839	0.2803559591522272	5.873741143331371
1996	06	15	0.009026366922699999	0.2718603240264022	5.780726874559875
1996	06	16	1.38848984092	0.2718603240264022	5.438727823670059
1996	06	17	1.9425496512700002	0.2803559591522272	5.120890481588297
1996	06	18	1.82932313063	0.2633646889005771	4.999644499559785
1996	06	19	0.043144231351499994	0.23787778352310193	4.23827842861484
1996	06	20	1.0515948500299999	0.22088651327145176	3.6388514732921946
1996	06	21	0.68839589966	0.2123908781456267	3.4414565360818896
1996	06	22	0.0010887900962900001	0.2123908781456267	4.614474257022229
1996	06	23	0.00250452237053	0.19539960789397656	5.170470853065701
1996	06	24	0.0012412788460199999	0.16991270251650137	5.254540865990325
1996	06	25	0.0	0.17840833764232644	5.294633743491479
1996	06	26	0.0115053169449	0.1869039727681515	5.432093377349986
1996	06	27	0.0012451022758700001	0.17840833764232644	5.579818792111231
1996	06	28	0.0020560619499599996	0.1614170673906763	6.1082255884952
1996	06	29	0.000824304164756	0.14442579713902617	6.205369011814164
1996	06	30	0.0	0.1359301620132011	6.206336958861609
1996	07	01	0.0036901973185	0.11893889176155097	4.7922699057816285
1996	07	02	0.00127990578712	0.10194762150990082	4.802627952767432
1996	07	03	0.31038581279	0.09345198638407574	3.7023555988429644
1996	07	04	1.0460871188199998	0.08495635125825068	3.3253957555534615
1996	07	05	1.18801687733	0.08495635125825068	2.9644654576383562
1996	07	06	0.39013258866	0.08495635125825068	3.3813047760920036
1996	07	07	2.86093730782	0.08495635125825068	3.517252045017156
1996	07	08	0.00083006850628	0.08495635125825068	5.179054065815613
1996	07	09	0.0008394275585039999	0.08495635125825068	5.377396133857793
1996	07	10	0.00123933758619	0.08495635125825068	5.915810676083049
1996	07	11	0.0020803642058600004	0.07646071613242561	6.030641506329169
1996	07	12	0.000426562994214	0.07646071613242561	6.039797624128431
1996	07	13	0.00082296651072	0.06796508100660055	6.083752877126391
1996	07	14	0.0	0.06796508100660055	6.016771238518701
1996	07	15	0.00210765509089	0.05946944588077548	6.021581270260268
1996	07	16	0.094394627206	0.05097381075495041	6.077230474570686
1996	07	17	0.00083006850628	0.05097381075495041	6.232051402771121
1996	07	18	0.0006464209550700001	0.05097381075495041	6.323809495823833
1996	07	19	0.0045733704463	0.05097381075495041	6.096167741025374
1996	07	20	0.002420138737	0.04247817562912534	6.277426380726484
1996	07	21	0.00165275059289	0.04247817562912534	5.75536917184008
1996	07	22	0.00228284496576	0.033982540503300275	5.31846324591261
1996	07	23	0.0	0.033982540503300275	6.467655038752497
1996	07	24	0.034933506897800004	0.033982540503300275	5.050717686506806
1996	07	25	10.807566867199998	0.033982540503300275	3.7474253669489066
1996	07	26	0.1258216442	0.025486905377475205	4.005087692661713
1996	07	27	0.00124081454131	0.025486905377475205	5.2099207974169275
1996	07	28	0.0	0.025486905377475205	5.280488381754224
1996	07	29	0.00469395582426	0.025486905377475205	5.361972610745422
1996	07	30	0.0011846936315999998	0.016991270251650138	5.753336223151761
1996	07	31	0.0	0.016991270251650138	5.653370606303123
1996	08	01	0.0034734914847	0.016991270251650138	5.332419066016165
1996	08	02	0.00166590112198	0.016991270251650138	5.587505890007891
1996	08	03	0.0	0.016991270251650138	5.501009480189092
1996	08	04	0.023638061290999997	0.016991270251650138	3.8859287451458444
1996	08	05	1.29933898465	0.016991270251650138	3.3364789133272184
1996	08	06	4.2357403627	0.008495635125825069	2.6962931280592928
1996	08	07	1.59319792883	0.008495635125825069	4.084128707218447
1996	08	08	0.009316025944999999	0.008495635125825069	4.183987738974814
1996	08	09	0.009655600383150002	0.008495635125825069	4.402395606203738
1996	08	10	0.185576867355	0.008495635125825069	3.4603698655012405
1996	08	11	0.0534867091906	0.008495635125825069	3.7813826579664362
1996	08	12	0.0057903030333700005	0.008495635125825069	4.5592537081149604
1996	08	13	0.0008369625366559999	0.008495635125825069	5.099522882203331
1996	08	14	0.011753123747599998	0.008495635125825069	4.744612381278118
1996	08	15	0.0289643597055	0.008495635125825069	4.365139808068114
1996	08	16	0.49539155924	0.0	4.670680541099599
1996	08	17	3.7357783855699997	0.0	4.576389093229595
1996	08	18	4.548138130329999	0.0	4.06831674617004
1996	08	19	1.43901375609	0.0	3.2103534320881715
1996	08	20	1.0973462234100002	0.0	3.047754010894258
1996	08	21	0.015983507343399997	0.0	3.3411083591261463
1996	08	22	0.853249651505	0.0	3.525278197567211
1996	08	23	0.17181459916000003	0.0	2.8070293657186225
1996	08	24	0.066369133016	0.0	3.268388810656698
1996	08	25	0.5640818676499999	0.0	3.6500744141666344
1996	08	26	2.1291769342899998	0.0	3.215589889838625
1996	08	27	0.13844041335499999	0.0	3.4381188410559007
1996	08	28	0.004626662104959999	0.0	3.752848439608289
1996	08	29	0.0024476160789099997	0.0	3.737259030418027
1996	08	30	0.00166301877714	0.0	3.8428056870556135
1996	08	31	0.0	0.0	4.052830235704218
1996	09	01	0.00042079855598	0.0	4.17124084620263
1996	09	02	0.00208308059634	0.0	4.118544300551806
1996	09	03	0.0016601364323	0.0	4.1203424935933946
1996	09	04	0.52059969771	0.0	3.599129835249552
1996	09	05	0.146352190758	0.0	3.1785144300218384
1996	09	06	0.006495586433230001	0.0	3.5851750455286315
1996	09	07	0.00478138833725	0.0	3.7634055866627176
1996	09	08	1.39543129788	0.0	3.435017521684962
1996	09	09	0.000426562994214	0.0	3.4423871290561334
1996	09	10	0.032838093262	0.0	3.3389659331090367
1996	09	11	0.138468633333	0.0	3.380949145131722
1996	09	12	0.066853427683	0.0	3.1539978081227407
1996	09	13	0.000137864418266	0.0	3.357159525359321
1996	09	14	0.00860408609255	0.0	3.5424640321410297
1996	09	15	0.0084391389672	0.0	3.4631301950886297
1996	09	16	6.73348848786	0.0	2.6439109332283826
1996	09	17	2.45289567123	0.0	2.2474643308174658
1996	09	18	0.9488962767	0.0	1.6887093617689874
1996	09	19	1.97500494701	0.0	1.9440922718503701
1996	09	20	10.3939826838	0.0	1.7577623529388442
1996	09	21	2.57314681943	0.0	1.6107257703087532
1996	09	22	0.023682711330899997	0.0	2.319907543037646
1996	09	23	0.41720326502	0.0	2.403341890292625
1996	09	24	0.00040661175022699996	0.0	2.431709778045942
1996	09	25	0.22104937003	0.0	2.1936174726820377
1996	09	26	0.014903614470400001	0.0	2.7599300367215385
1996	09	27	0.057568296714599995	0.0	3.0027488749446487
1996	09	28	0.0417819230352	0.0	3.2367470933598246
1996	09	29	0.0008243041067299999	0.0	3.286479052462695
1996	09	30	2.6710992528	0.0	3.0395237083622204
1996	10	01	0.135990139782	0.0	1.7177822940424947
1996	10	02	0.012917104998499998	0.0	2.044317205368811
1996	10	03	0.00083006850628	0.0	2.485581001298479
1996	10	04	0.0019826923282	0.0	2.7386243366343557
1996	10	05	0.0	0.0	1.9949226672587594
1996	10	06	0.000420798604335	0.0	2.065214423447372
1996	10	07	0.00204601919672	0.0	2.163691796958332
1996	10	08	0.00166301877714	0.0	2.216566444777801
1996	10	09	0.00341879172844	0.0	2.224954611244392
1996	10	10	0.00125663088155	0.0	2.1505602197544222
1996	10	11	0.00042079855598	0.0	2.146648651159826
1996	10	12	0.266496164936	0.0	2.1629100801977863
1996	10	13	20.3362242537	0.008495635125825069	1.056204104194935
1996	10	14	1.3197317387999998	0.016991270251650138	1.2303216028964583
1996	10	15	0.50740758332	0.033982540503300275	1.4789290222260632
1996	10	16	0.6923176835800001	0.04247817562912534	1.4876081496101583
1996	10	17	11.7666902264	0.04247817562912534	1.3951735391786293
1996	10	18	9.419377020699999	0.06796508100660055	0.9546738981129433
1996	10	19	0.78358581188	0.05946944588077548	1.5470140485035395
1996	10	20	0.27124514816999995	0.05097381075495041	1.5852803143089833
1996	10	21	0.0024421073806	0.05097381075495041	2.1487785812758764
1996	10	22	0.0008243041067299999	0.05946944588077548	1.949255688725178
1996	10	23	0.047182923155	0.05946944588077548	1.9417531164715829
1996	10	24	0.37362448179	0.05946944588077548	1.7450428951785708
1996	10	25	0.13394572906600002	0.05946944588077548	1.5495173795204684
1996	10	26	0.0	0.05097381075495041	1.7528805374459615
1996	10	27	0.0012637995103	0.05097381075495041	1.8558175864742135
1996	10	28	3.48327882683	0.05097381075495041	1.3243997795704008
1996	10	29	0.047511814523	0.05097381075495041	1.4287149269781463
1996	10	30	0.0008243041067299999	0.06796508100660055	1.3909871995271572
1996	10	31	0.0	0.11044325663572588	1.5834066434186453
1996	11	01	0.0008243041067299999	0.05946944588077548	1.5775724258873367
1996	11	02	0.00083006850628	0.05946944588077548	1.5249425600191906
1996	11	03	0.0	0.05946944588077548	1.7139965302403566
1996	11	04	5.99277305846	0.05946944588077548	1.0995406680963715
1996	11	05	0.0164824613122	0.05097381075495041	1.0852264237435887
1996	11	06	0.0012433048238100002	0.05946944588077548	1.4290465142413122
1996	11	07	0.008727690659999999	0.05946944588077548	1.4067071395885664
1996	11	08	0.0391044389882	0.05946944588077548	1.164590939932414
1996	11	09	0.018968235192000003	0.05946944588077548	1.2718633103904327
1996	11	10	9.1058470691	0.05946944588077548	0.803740153976389
1996	11	11	15.308239439399998	0.10194762150990082	0.6276673529140572
1996	11	12	0.029709040244900002	0.15292143226485122	0.9721994548466454
1996	11	13	0.091849510136	0.1359301620132011	1.1397209791560625
1996	11	14	0.00337023063943	0.11893889176155097	1.1221148849403977
1996	11	15	0.000176286779032	0.10194762150990082	0.8970018846004977
1996	11	16	0.389774500543	0.08495635125825068	0.8846777432840758
1996	11	17	0.648022047146	0.08495635125825068	0.850906907942419
1996	11	18	0.33064097762300004	0.07646071613242561	0.6956733707608814
1996	11	19	10.2894855946	0.09345198638407574	0.9619932078005764
1996	11	20	3.5008072242	0.11893889176155097	0.7676780150820536
1996	11	21	6.24413308327	0.11893889176155097	0.5201411885124801
1996	11	22	22.3650907714	0.17840833764232644	0.438795805747719
1996	11	23	8.512480929899999	2.6846206997607216	0.8726736284771763
1996	11	24	0.1230773393456	0.9854936745957079	0.878363243443241
1996	11	25	0.7601647774999999	0.5692075534302795	0.7388862554621455
1996	11	26	0.6580031380899999	0.41628612116542835	0.8666310006958236
1996	11	27	0.9707600383049999	0.33132976990717766	0.8672375320465716
1996	11	28	0.0280075264391	0.2803559591522272	0.7224182595842796
1996	11	29	0.0090739018219	0.2633646889005771	0.8758089686128356
1996	11	30	0.16192558580699998	0.25486905377475205	0.775246401791112
1996	12	01	0.0429171649754	0.23787778352310193	0.9029975504722579
1996	12	02	0.00284693718138	0.22938214839727683	1.0345424161674441
1996	12	03	2.6688107073599996	0.22938214839727683	1.022322335532029
1996	12	04	5.1226464965	0.29734722940387737	0.6865235187066066
1996	12	05	0.8893135358300001	0.33132976990717766	0.596173873747473
1996	12	06	3.1603870570999995	0.30584286452970244	0.38281294637710733
1996	12	07	0.09380761684799999	0.29734722940387737	0.7126912185944657
1996	12	08	0.00104749328222	0.28885159427805235	0.8742884818748609
1996	12	09	0.0013648271282500001	0.28885159427805235	0.8656353663014131
1996	12	10	3.3785619158	0.28885159427805235	0.6605244472682256
1996	12	11	16.8695691989	0.41628612116542835	0.5613360437636566
1996	12	12	31.775653642700004	0.8750504179599821	0.6468869714030959
1996	12	13	26.1814240416	3.517192942091578	0.46067990840048456
1996	12	14	0.54209194785	2.387273470356844	0.7249847867539916
1996	12	15	0.0160192078399	1.3508059850061858	0.6427167541396611
1996	12	16	5.2793660186	1.9030222681848155	0.5869132030029924
1996	12	17	15.2292844283	9.260242287149325	0.5825144185898351
1996	12	18	19.022356042200002	10.364674853506584	0.804591298570584
1996	12	19	12.3101346636	4.511182251813111	0.5333310919488112
1996	12	20	15.923386604800001	5.853492601693472	0.39970279901536016
1996	12	21	10.165978220699998	8.036870829030516	0.6067622677347463
1996	12	22	8.6433237573	7.5696108971101355	0.6355516240236728
1996	12	23	15.749581327	6.0403965744616235	0.48954625318839584
1996	12	24	10.1958442029	5.165346156501641	0.5523082597520723
1996	12	25	0.338881511	3.228341347813526	0.5745625842141717
1996	12	26	0.0	2.336299659601894	0.6677723589393145
1996	12	27	0.015395962179099998	1.996474254568891	0.6941770788745627
1996	12	28	0.00166301877714	1.9200135384364652	0.722029139858521
1996	12	29	0.0084759719378	1.7840833764232642	0.5191991704316666
1996	12	30	1.81254529957	1.758596471045789	0.42744588067464356
1996	12	31	3.4592302412600002	1.6566488495358882	0.5526559427330956
1997	01	01	3.7921838160999997	1.6821357549133635	0.5043860748340779
1997	01	02	15.677719027299998	2.1324044165820917	0.3120166689985704
1997	01	03	3.53771582202	2.106917511204617	0.47463229560830267
1997	01	04	0.014078488618800001	1.8095702818007395	0.5043284352409115
1997	01	05	0.00175188743363	1.5971794036551128	0.5030669781291097
1997	01	06	0.000725708387453	1.5207186875226872	0.6901835586099407
1997	01	07	16.559149440899997	1.622666309032588	0.40215322190545144
1997	01	08	28.8316426383	5.326763223892318	0.6293680884229141
1997	01	09	9.0593537366	12.998321742512355	0.4500613949113758
1997	01	10	1.0562560786100001	6.2103092769781245	0.8675207612156244
1997	01	11	0.11350695062699999	4.239321927786709	0.8008832256183248
1997	01	12	0.046480576451000004	3.0414373750453745	0.8557738127194138
1997	01	13	0.017768770075	2.378777835231019	0.8784731093284016
1997	01	14	0.0128523131669	2.004969889694716	0.7845581404314782
1997	01	15	0.00251419685209	1.8095702818007395	0.7873489411315733
1997	01	16	11.1336352703	3.865513982250406	0.7198086587054912
1997	01	17	0.30735051141399994	4.834016386594464	0.7349708048587237
1997	01	18	8.207573641900002	4.944459643230189	0.7013631569293046
1997	01	19	1.1151127208	6.3037612633622	0.6614736645591771
1997	01	20	4.06941889154	3.1603762668069253	0.6137242073326113
1997	01	21	0.396815017556	2.7101076051381967	0.7270420036755253
1997	01	22	0.0022686572219199996	2.081430605827142	0.8833243745016426
1997	01	23	0.0027063676490199995	1.8860309979331653	0.9118391604188214
1997	01	24	0.00083265414484	1.6991270251650137	1.1702348109051433
1997	01	25	0.053938803296	1.5886837685292878	0.9058854027777384
1997	01	26	0.0346303655344	1.486736147019387	0.948064389653517
1997	01	27	0.024402989036	1.4102754308869614	0.986328925631045
1997	01	28	0.00042079855598	1.367797255257836	0.9136785947473692
1997	01	29	4.17304878217	1.4017797957611362	0.878854786838874
1997	01	30	8.2918525385	3.5002016718399283	0.776237118354466
1997	01	31	0.9134672451699999	4.188348117031759	1.0659860167836122
1997	02	01	2.74098779811	2.251343308343643	1.1735433911738962
1997	02	02	3.08983159963	1.9539960789397655	1.0147803934297872
1997	02	03	0.022327370003	1.7416052007941387	0.97845773903836
1997	02	04	0.00166010819298	1.5547012280259875	1.271823043880393
1997	02	05	0.030171858522199998	1.4527536065160866	1.3596513848691132
1997	02	06	0.00049642809702	1.4017797957611362	1.3998449139294544
1997	02	07	0.011886423008999999	1.3508059850061858	1.3266662827433793
1997	02	08	0.00534850448115	1.2998321742512353	1.29310885156918
1997	02	09	0.0	1.248858363496285	1.2512232705611739
1997	02	10	0.376460463856	1.1978845527413347	1.2209695467096893
1997	02	11	0.6883015107	1.1893889176155095	1.0787797908046826
1997	02	12	0.7978773255499999	1.1639020122380346	0.9321032278370854
1997	02	13	2.84903240353	1.1469107419863844	0.7717596816307211
1997	02	14	2.16120757642	1.129919471734734	0.9685505287794326
1997	02	15	0.0077684754263	1.112928201483084	1.2089137311125464
1997	02	16	0.749821014385	1.0874412961056088	1.100436314218439
1997	02	17	0.0484338931167	1.0704500258539587	1.1165761161335752
1997	02	18	0.15021809563999997	1.0534587556023085	1.0520978012134492
1997	02	19	0.0219323231924	0.993989309721533	1.5862114408512258
1997	02	20	0.020798091871699998	0.9005373233374572	1.6764710542746681
1997	02	21	0.007220944604759999	0.9005373233374572	1.7977567489298023
1997	02	22	1.05031131491	0.9005373233374572	1.6042496401664323
1997	02	23	0.439317418486	0.9005373233374572	1.0465978272074934
1997	02	24	3.04231642927	0.9430154989665827	0.8634124921383992
1997	02	25	1.6044276038999998	0.9600067692182326	0.899184368691131
1997	02	26	0.12661837019299998	0.9515111340924077	1.4503258811400177
1997	02	27	0.00042079855598	0.9345198638407576	1.91591915487714
1997	02	28	0.00042079855598	0.9090329584632822	1.9615920375233808
1997	03	01	0.00042079855598	0.9005373233374572	2.0072715219819353
1997	03	02	0.0025578434290299996	0.8580591477083319	2.341272233214515
1997	03	03	0.0	0.8325722423308567	2.1779051221234496
1997	03	04	0.0143654610373	0.6796508100660055	2.147744807680212
1997	03	05	0.00125086706226	0.5692075534302795	2.424468074203296
1997	03	06	0.00042079855598	0.5352250129269793	2.5128681793286525
1997	03	07	0.00129382535413	0.501242472423679	2.3052961794958984
1997	03	08	0.000412152082378	0.4842512021720288	2.1091357659734147
1997	03	09	0.0	0.45876429679455366	2.102892278983606
1997	03	10	0.00082730501803	0.4247817562912534	2.1218090138917503
1997	03	11	0.00082718635486	0.3992948509137782	2.2831346775647603
1997	03	12	0.00042079855598	0.38230358066212805	2.451166347026332
1997	03	13	0.0007281192420299999	0.3907992157879531	2.5895214286428057
1997	03	14	0.0114351818858	0.4247817562912534	2.525648837793613
1997	03	15	0.0033173914868599996	0.5437206480528044	2.351359137840242
1997	03	16	0.0008243041067299999	0.628676999311055	2.6199101764598622
1997	03	17	0.0029134600252699997	0.6116857290594049	2.6991844187938456
1997	03	18	0.00208095171911	0.5437206480528044	3.009253995830046
1997	03	19	0.0008243041067299999	0.49274683729785396	3.0432185550477526
1997	03	20	0.0	0.4502686616687286	2.8153915375623417
1997	03	21	0.9749849597199999	0.4077904860396033	2.8252938120686135
1997	03	22	0.0608872098366	0.4077904860396033	2.9704915086457753
1997	03	23	0.000824304164756	0.4077904860396033	2.937663518923
1997	03	24	0.00234371801145	0.3907992157879531	2.7818757894246984
1997	03	25	0.00164860782662	0.38230358066212805	2.615202663196444
1997	03	26	0.0008358329058299999	0.3653123104104779	2.9470384630185036
1997	03	27	0.00125229285779	0.3568166752846529	2.9158632471564645
1997	03	28	0.00486671653735	0.38230358066212805	3.259711529266658
1997	03	29	0.0	0.3653123104104779	2.943146460846711
1997	03	30	0.0028994750823	0.30584286452970244	3.2898688768958535
1997	03	31	0.0	0.28885159427805235	3.326631281911168
1997	04	01	0.000824304164756	0.2633646889005771	3.603991010003221
1997	04	02	0.41816027816699997	0.25486905377475205	3.3532181961029335
1997	04	03	0.0055099187902	0.24637341864892698	3.559526724175191
1997	04	04	0.0	0.24637341864892698	3.390334342503916
1997	04	05	0.0	0.24637341864892698	3.789234901427561
1997	04	06	0.146101557122	0.25486905377475205	3.366972256233759
1997	04	07	0.67426299039	0.2803559591522272	3.3453906523163806
1997	04	08	5.2403880202	0.47575556704620386	2.727773678766106
1997	04	09	0.1088313847895	0.41628612116542835	3.106555778115186
1997	04	10	0.020053572837999998	0.3568166752846529	2.9359720583644155
1997	04	11	0.09013045120199999	0.33982540503300274	3.210142670525707
1997	04	12	0.000828123058907	0.29734722940387737	3.6783418227197484
1997	04	13	0.0	0.2718603240264022	3.7531802317505796
1997	04	14	0.00267938691296	0.25486905377475205	3.8612136248628413
1997	04	15	0.0	0.23787778352310193	4.05500083519922
1997	04	16	2.9024856646000003	0.22938214839727683	3.871942014105665
1997	04	17	4.28248833263	0.23787778352310193	2.245007486440642
1997	04	18	3.3759282123700003	0.24637341864892698	2.349449310603619
1997	04	19	12.602556690599998	0.3907992157879531	1.6566975158548842
1997	04	20	7.362383366599999	0.49274683729785396	2.2317001564202883
1997	04	21	0.28808932229	0.45876429679455366	2.9865829905222867
1997	04	22	0.014237653936800002	0.3907992157879531	3.3150840689316756
1997	04	23	0.00123933758619	0.3483210401588278	3.4005106968034604
1997	04	24	1.77267079947	0.3143384996555275	2.970509079572012
1997	04	25	1.4299340410299999	0.3143384996555275	2.738867603953268
1997	04	26	2.10040522574	0.3143384996555275	2.305328228588921
1997	04	27	0.30770375435999997	0.30584286452970244	3.345903033798108
1997	04	28	0.0088446265894	0.2803559591522272	4.1370877104917545
1997	04	29	0.00042079855598	0.2633646889005771	4.818199348289931
1997	04	30	0.0008243041067299999	0.23787778352310193	4.418111231393564
1997	05	01	0.0016513363058499998	0.22938214839727683	5.006703641207123
1997	05	02	0.72850037614	0.2123908781456267	3.7131182391481343
1997	05	03	0.0108399705198	0.19539960789397656	3.8624081309762586
1997	05	04	12.946631528600001	0.19539960789397656	2.9630491576202695
1997	05	05	10.7304880301	0.22938214839727683	2.784747089874468
1997	05	06	1.2168793965699998	0.24637341864892698	2.2033419401397634
1997	05	07	4.33763053714	0.25486905377475205	2.316977386566882
1997	05	08	0.36059950162200005	0.23787778352310193	2.816631650734293
1997	05	09	0.9207162399300001	0.23787778352310193	2.2886189169521702
1997	05	10	3.17036607845	0.22938214839727683	2.2261950543495517
1997	05	11	3.32656075538	0.22938214839727683	2.752888202563537
1997	05	12	0.00249528946683	0.2123908781456267	3.7259168173937383
1997	05	13	0.0	0.19539960789397656	3.887242878469068
1997	05	14	0.042524334758	0.1869039727681515	4.097786962027513
1997	05	15	1.8650542842	0.17840833764232644	3.2354425066323316
1997	05	16	11.468465599399998	0.17840833764232644	2.687964720182059
1997	05	17	1.0045815078599998	0.19539960789397656	2.874568509536247
1997	05	18	27.9485101287	0.22938214839727683	2.2709593964404893
1997	05	19	16.0978514448	0.5267293778011543	2.5185745735524976
1997	05	20	1.73480177464	0.8155809720792065	3.116870119858166
1997	05	21	0.812828208	0.5607119183044544	3.303509424913909
1997	05	22	0.19712239728499997	0.4502686616687286	4.2941343338362685
1997	05	23	9.5740975471	0.38230358066212805	2.836157101992858
1997	05	24	5.2652427803299995	0.38230358066212805	4.000045275024212
1997	05	25	9.9324119655	0.4672599319203788	3.8484152465460384
1997	05	26	1.30463550122	0.501242472423679	4.163679469976759
1997	05	27	2.1045486689799997	0.4417730265429035	3.8670948338419544
1997	05	28	1.2617613470500002	0.41628612116542835	3.6983779023334207
1997	05	29	2.72123874572	0.38230358066212805	4.350895020432951
1997	05	30	13.3650773237	0.4332773914170785	3.5608918360223365
1997	05	31	4.036172024450001	0.6626595398143553	3.1174901589191473
1997	06	01	6.8974355351	0.4842512021720288	3.6553899235637757
1997	06	02	11.9838225513	0.41628612116542835	2.5347494301563267
1997	06	03	3.6880068369999996	0.3992948509137782	3.1553743029596495
1997	06	04	1.2203149226099999	0.38230358066212805	3.1884945507397466
1997	06	05	4.501866940699999	0.4077904860396033	3.2881846570763367
1997	06	06	34.781954590999995	1.3932841606353112	3.0466115955977564
1997	06	07	7.0159401007	3.491706036714103	2.762001110465875
1997	06	08	1.5005171575599998	2.0899262409529666	3.6181716677105347
1997	06	09	0.0373652459993	1.4782405118935618	4.907661497114907
1997	06	10	4.8513797819999995	1.2063801878671596	2.875151221674668
1997	06	11	2.3352614956299997	1.3168234445028855	3.148605801502758
1997	06	12	0.070019568018	1.0194762150990082	4.066135110590894
1997	06	13	1.96098886342	0.8325722423308567	2.738752744292226
1997	06	14	0.091828553079	0.7646071613242561	4.018255402424716
1997	06	15	0.0109405730973	0.6541639046885303	4.238773991353473
1997	06	16	0.00542213580017	0.5182337426753292	3.9331585510158025
1997	06	17	0.134231729549	0.49274683729785396	3.7921597883404687
1997	06	18	0.0011912528906400002	0.5182337426753292	4.733799470857544
1997	06	19	0.00406488503003	0.47575556704620386	3.731394024082384
1997	06	20	0.021658319584900002	0.4332773914170785	4.551064873675206
1997	06	21	1.06958145938	0.4247817562912534	2.744031369976893
1997	06	22	0.081768334013	0.3992948509137782	3.487723813550608
1997	06	23	0.0016659012186900002	0.373807945536303	4.61111624383269
1997	06	24	0.00329920101283	0.3483210401588278	5.199144924690919
1997	06	25	0.0204360908681	0.3228341347813526	4.931425672492277
1997	06	26	0.099515450719	0.30584286452970244	3.473992038829231
1997	06	27	0.1154792301895	0.29734722940387737	3.2885227943330735
1997	06	28	6.222891989	0.28885159427805235	2.8911696724977722
1997	06	29	1.8219957040599999	0.28885159427805235	3.003115987314008
1997	06	30	0.8566931561200001	0.28885159427805235	3.4785220719975714
1997	07	01	2.0972195983399997	0.2633646889005771	3.9859773469012754
1997	07	02	0.421788885722	0.25486905377475205	3.143726054196211
1997	07	03	0.5752053551399999	0.25486905377475205	3.550118331666463
1997	07	04	0.31510526079	0.2633646889005771	3.4316769430393927
1997	07	05	0.000541718037977	0.24637341864892698	5.2505973239192585
1997	07	06	0.00164860782662	0.24637341864892698	5.352533529563782
1997	07	07	0.0008243041067299999	0.22938214839727683	5.803691336697811
1997	07	08	3.15215761636	0.2123908781456267	4.940942414265713
1997	07	09	0.10585446240499999	0.22088651327145176	4.8475675719137845
1997	07	10	0.0530574492833	0.22088651327145176	4.2368810808188595
1997	07	11	0.00220466353795	0.1869039727681515	5.081294819326162
1997	07	12	0.017000354000300002	0.17840833764232644	5.210814514620854
1997	07	13	0.036150681549999994	0.1614170673906763	5.234562318957741
1997	07	14	0.0158241863223	0.15292143226485122	6.052098024750011
1997	07	15	11.0993622134	0.14442579713902617	4.336084963411311
1997	07	16	25.8970492537	0.22088651327145176	3.3753470463780255
1997	07	17	0.00104551711008	0.23787778352310193	4.934857553065358
1997	07	18	0.00042079855598	0.2123908781456267	4.901318427938408
1997	07	19	0.000420798604335	0.1869039727681515	5.051481252848678
1997	07	20	0.004850559681199999	0.1614170673906763	5.1528836855013855
1997	07	21	0.12279310285299999	0.14442579713902617	4.8195936955149135
1997	07	22	5.5552022806	0.1359301620132011	3.9783422614758246
1997	07	23	2.66963777128	0.12743452688737603	4.711170661418496
1997	07	24	0.00078026778849	0.11893889176155097	5.082683642209469
1997	07	25	0.0082189583431	0.10194762150990082	5.687428240058776
1997	07	26	0.0016601364323	0.06796508100660055	5.988404130189225
1997	07	27	1.9352518179599998	0.07646071613242561	5.287858071391383
1997	07	28	0.28751312411	0.08495635125825068	5.349107040360763
1997	07	29	0.0668761100464	0.08495635125825068	5.416298073014131
1997	07	30	0.0336468519132	0.07646071613242561	5.745241333476989
1997	07	31	0.043873158799	0.07646071613242561	5.418864567515919
1997	08	01	0.00042079855598	0.06796508100660055	5.434462113995471
1997	08	02	0.12002278204149999	0.05946944588077548	5.497647797422296
1997	08	03	0.16373195452899997	0.06796508100660055	5.7612336341957535
1997	08	04	0.0545818309873	0.05946944588077548	4.263915924587591
1997	08	05	0.072733424696	0.05946944588077548	3.16300105441827
1997	08	06	3.8937096839699996	0.05946944588077548	2.934136026297035
1997	08	07	3.0571336585	0.05946944588077548	3.1078007853339074
1997	08	08	0.0260232664418	0.05946944588077548	5.009364348828668
1997	08	09	6.4488075161	0.05946944588077548	4.501890416241453
1997	08	10	16.6323182927	0.05946944588077548	3.2137239628668532
1997	08	11	0.0011928308109999998	0.05097381075495041	4.123823012216978
1997	08	12	0.006566030674199999	0.05097381075495041	4.424192568087256
1997	08	13	0.0204496070577	0.05097381075495041	4.679466393677823
1997	08	14	0.30452998360600003	0.05097381075495041	5.14937133102152
1997	08	15	0.582999861997	0.05097381075495041	5.136095157742087
1997	08	16	0.024075435167299996	0.05097381075495041	4.581507939728443
1997	08	17	0.29926735422	0.05097381075495041	4.515805673683919
1997	08	18	0.0051273456354	0.05097381075495041	4.924079222862208
1997	08	19	0.00340184929696	0.05097381075495041	5.170894724779009
1997	08	20	0.0064138739299	0.05097381075495041	5.174927738315254
1997	08	21	0.34460877391	0.05097381075495041	5.155568901331301
1997	08	22	0.018233297218000002	0.05097381075495041	4.811339244941619
1997	08	23	2.08820429214	0.04247817562912534	4.844558157522446
1997	08	24	15.875401037000001	0.04247817562912534	3.3865850582561148
1997	08	25	0.656814253047	0.04247817562912534	3.362096489825763
1997	08	26	2.37096247568	0.04247817562912534	2.7673050320506745
1997	08	27	11.4469205456	0.04247817562912534	2.4200127090094905
1997	08	28	1.7472269787299999	0.04247817562912534	2.5512155460177253
1997	08	29	0.0016786237093199998	0.04247817562912534	3.2861497645119235
1997	08	30	0.0020750842267	0.04247817562912534	3.837817999122801
1997	08	31	0.060406661715	0.033982540503300275	3.4249140111423957
1997	09	01	0.042739166352	0.04247817562912534	2.5813850513224
1997	09	02	0.00248827218923	0.05097381075495041	3.7855277922925636
1997	09	03	0.000827186287163	0.05097381075495041	3.8391017036983337
1997	09	04	0.0	0.04247817562912534	4.388523498876515
1997	09	05	0.0016751306408300001	0.04247817562912534	4.329836586067
1997	09	06	0.06940061434700001	0.04247817562912534	4.271321844175235
1997	09	07	0.000426562994214	0.04247817562912534	4.423627945512347
1997	09	08	0.0204375318471	0.033982540503300275	4.153722353071014
1997	09	09	0.0015584431594199998	0.033982540503300275	3.994127012336901
1997	09	10	0.0	0.025486905377475205	4.009380189666895
1997	09	11	0.000412152082378	0.025486905377475205	3.756753270707165
1997	09	12	0.12557308982899998	0.025486905377475205	3.244621960294644
1997	09	13	1.2195092316000002	0.025486905377475205	2.8796804926103956
1997	09	14	0.20251768377800003	0.025486905377475205	2.896376691288642
1997	09	15	0.043374502697	0.025486905377475205	3.142929438663973
1997	09	16	0.095993001731	0.016991270251650138	3.2907871542464084
1997	09	17	0.0812187069055	0.016991270251650138	3.1958644219284174
1997	09	18	1.74404347895	0.016991270251650138	3.3472994928007354
1997	09	19	5.084312006439999	0.016991270251650138	3.1249150573622835
1997	09	20	0.08031807085300001	0.016991270251650138	2.770570188273367
1997	09	21	0.0039779656602999995	0.008495635125825069	3.125913299942799
1997	09	22	0.0008340340708169999	0.008495635125825069	3.3531844514160767
1997	09	23	0.345391080442	0.008495635125825069	2.917086749250608
1997	09	24	3.19575148635	0.008495635125825069	2.4438249075897516
1997	09	25	0.106556867135	0.008495635125825069	2.7200360868837903
1997	09	26	5.93617546516	0.016991270251650138	2.181366027066902
1997	09	27	0.47875579517000005	0.016991270251650138	2.6308152819839865
1997	09	28	0.126213841934	0.016991270251650138	2.5947760224718848
1997	09	29	0.0135833972474	0.016991270251650138	3.20629805995559
1997	09	30	0.0	0.016991270251650138	3.0301536830148126
1997	10	01	0.306334031288	0.016991270251650138	2.5758595088424143
1997	10	02	0.0187588125883	0.016991270251650138	2.9067781418100775
1997	10	03	0.0	0.016991270251650138	2.7502001475223294
1997	10	04	0.034965626223	0.016991270251650138	2.7833318145223425
1997	10	05	4.233583149439999	0.016991270251650138	2.411773019189819
1997	10	06	2.7431716066200003	0.016991270251650138	2.0892223205463134
1997	10	07	0.389808145952	0.016991270251650138	1.8158440284313266
1997	10	08	0.0112584453279	0.016991270251650138	2.1326613342412006
1997	10	09	0.5345366725199999	0.016991270251650138	1.8149553012594852
1997	10	10	0.63487291068	0.016991270251650138	1.7234767645437066
1997	10	11	0.70382462622	0.016991270251650138	2.033870795413721
1997	10	12	0.0417896221183	0.016991270251650138	1.9467855450628344
1997	10	13	0.0	0.016991270251650138	1.8703165517716498
1997	10	14	0.00042079855598	0.016991270251650138	2.0547953672593886
1997	10	15	0.0008243041067299999	0.016991270251650138	2.1725655058051463
1997	10	16	0.00166590112198	0.025486905377475205	2.2970946294674777
1997	10	17	0.00124405297237	0.025486905377475205	2.2571377140116407
1997	10	18	42.0086219133	0.10194762150990082	1.4188018094117947
1997	10	19	37.954013577999994	0.3907992157879531	1.4121963485748668
1997	10	20	28.172735165	3.3132976990717764	1.0596189256288167
1997	10	21	1.79120343348	1.384788525509486	1.4225597842010034
1997	10	22	6.16052429026	0.49274683729785396	1.2890928459020574
1997	10	23	3.6966836582	0.4672599319203788	1.219008108894886
1997	10	24	0.0272836385497	0.38230358066212805	1.5083177498034726
1997	10	25	1.45117639253	0.3143384996555275	1.3106221372447355
1997	10	26	2.6750102052000004	0.28885159427805235	1.5676831973857057
1997	10	27	28.8051373286	5.8449969665676464	0.9977904521875848
1997	10	28	0.28090515224299994	1.8180659169265645	1.140047326906038
1997	10	29	0.00517882697957	0.8240766072050316	1.3642100732515408
1997	10	30	0.0008415972570249999	0.5777031885561047	1.4162050165421474
1997	10	31	0.0012335737669	0.4842512021720288	1.0535431845869319
1997	11	01	0.0016659012186900002	0.41628612116542835	1.3392888297681516
1997	11	02	11.3251365439	0.4417730265429035	0.7414932932759838
1997	11	03	9.7736199481	1.639657579284238	1.028645645683752
1997	11	04	2.66429154577	2.0304567950721912	0.9080458374234037
1997	11	05	11.6287063326	2.293821483972769	0.8763914213972054
1997	11	06	3.09987183841	1.5801881334034626	0.8041137970614384
1997	11	07	12.9630557879	1.138415106860559	1.0128468231125147
1997	11	08	30.0623170394	1.9709873491914158	0.9131959424577794
1997	11	09	12.001672315999999	3.5681667528465284	0.7240644001843157
1997	11	10	13.5571936729	10.024849448473582	0.6552254556415382
1997	11	11	8.6150167403	14.272667011386114	0.715678619266617
1997	11	12	3.60556668763	5.267293778011542	0.8712742887712808
1997	11	13	18.4596779202	19.455004438139404	1.066534585737519
1997	11	14	0.17211352977	5.63260608842202	0.930024165585512
1997	11	15	0.0458030039477	3.2878107936943013	1.0815835434741021
1997	11	16	1.0205147704900002	2.4382472811117943	1.0493538538703844
1997	11	17	20.9173662489	5.165346156501641	0.7133363563790476
1997	11	18	7.58219997426	14.612492416419117	0.795168939282101
1997	11	19	10.434790435399998	6.057387844713274	0.5924087543168558
1997	11	20	3.1440168586899997	5.54764973716377	0.6885046365437166
1997	11	21	2.6421483406200004	6.1508398310973496	0.8150357628057269
1997	11	22	0.014359773522199998	3.6871056446080797	0.788700003194724
1997	11	23	2.11673113097	2.7016119700123715	0.8950959903861879
1997	11	24	6.5199348198000004	14.527536065160868	0.6124873112851285
1997	11	25	14.664893572199999	36.616187392306045	0.7049562644009477
1997	11	26	0.7188618707	9.090329584632821	0.713534507904544
1997	11	27	6.33399881986	4.96145091348184	0.5943367497980382
1997	11	28	3.35592171796	9.260242287149325	0.7284152887715558
1997	11	29	2.49844434045	6.133848560845699	0.5550713694606657
1997	11	30	0.35056804411	3.6616187392306037	0.6518802091558615
1997	12	01	0.6237236983300001	2.8035595915222724	0.7271767309378068
1997	12	02	1.14535451806	2.404264740608494	0.6908470770250451
1997	12	03	1.85276988987	2.1918738624628675	0.5771597929745886
1997	12	04	2.1388548007000003	1.9539960789397655	0.7032791027318726
1997	12	05	0.0033228316177800004	1.7076226602908384	0.7773044478737722
1997	12	06	0.0	1.5292143226485122	0.692394140535188
1997	12	07	2.07522938841	1.5462055929001624	0.624241165539973
1997	12	08	0.5711116885370001	1.8945266330589903	0.6452020393491247
1997	12	09	0.33376864672	1.5207186875226872	0.5806056912113305
1997	12	10	0.567240155133	1.4612492416419116	0.6044931653879941
1997	12	11	9.658543752	1.495231782145212	0.5142997977434746
1997	12	12	8.7469175751	2.489221091866745	0.7660581404078903
1997	12	13	0.0	1.7161182954166638	0.6594714652170105
1997	12	14	0.00042079855598	1.5547012280259875	0.717992427832437
1997	12	15	0.00247602290063	1.4697448767677368	0.6742698681346442
1997	12	16	11.6504960627	1.5971794036551128	0.3647133925754118
1997	12	17	39.102280420999996	7.705541059123337	0.8661964096745545
1997	12	18	14.8176344449	17.41605200794139	0.43991985051136107
1997	12	19	8.8910754353	20.474480653238416	0.5227884207403369
1997	12	20	1.1802790135199999	10.024849448473582	0.6484831794581427
1997	12	21	11.035893374599999	8.495635125825068	0.42535337383830957
1997	12	22	20.7702461614	25.232036323700452	0.6090161611030845
1997	12	23	0.0281036726198	6.881464451918305	0.7636486061953635
1997	12	24	0.720464587504	4.647112413826312	0.5152190014312326
1997	12	25	2.7831716363	5.61561481817037	0.6018627391542692
1997	12	26	1.02386664238	4.757555670462038	0.5445514690014286
1997	12	27	0.21533941821	3.6871056446080797	0.5463241285998752
1997	12	28	6.2128989447	6.473673965878702	0.4742900366204998
1997	12	29	3.1409311327199996	10.364674853506584	0.5929701144300641
1997	12	30	2.61914528686	5.420215210276393	0.5811709250346874
1997	12	31	2.23611585428	4.918972737852714	0.5843698692547602
1998	01	01	0.5356198728749999	3.746575090488855	0.6837396806994872
1998	01	02	1.06503647622	3.245332618065176	0.7719371119285955
1998	01	03	3.30813179449	2.9479853886612988	0.6551024957471594
1998	01	04	4.06350110993	3.8570183471245807	0.7524081424410777
1998	01	05	0.86831576392	2.990463564290424	0.6151690624954922
1998	01	06	2.07548180151	2.981967929164599	0.6164532382778953
1998	01	07	5.68073031324	3.7805576309921554	0.5096153923771569
1998	01	08	0.9227022764899999	2.7865683212706225	0.8286252459705268
1998	01	09	0.035565303656799996	2.3617865649793686	0.8996573647149264
1998	01	10	0.186408950524	2.0899262409529666	0.9433237617108073
1998	01	11	8.902101342399998	2.6761250646348964	0.5234603132553574
1998	01	12	19.158763563	4.0014441442636075	0.6076335530097889
1998	01	13	7.63523844614	9.939893097215329	0.5466209975235915
1998	01	14	0.49851422843	4.7660513055878635	0.6235888337051346
1998	01	15	0.6751529158099999	3.6531231041047794	0.6208544135235197
1998	01	16	2.07399227409	3.2198457126877007	0.7874351010025629
1998	01	17	1.0868869402	2.642142524131596	0.8100808194800658
1998	01	18	1.4026079535599998	2.5826730782508207	0.8517156054226169
1998	01	19	0.7001459712399999	2.234352038091993	0.7048101717475223
1998	01	20	0.13885145019700001	2.004969889694716	1.0659069849183926
1998	01	21	0.00135293731072	1.8435528223040398	0.9076693923466551
1998	01	22	0.0023534014870399997	1.8095702818007395	1.145376154062688
1998	01	23	5.676039781529999	1.8180659169265645	0.5730371628088277
1998	01	24	0.250617611153	1.8435528223040398	0.8622047029513812
1998	01	25	0.193904952295	1.6821357549133635	0.8346881117953305
1998	01	26	3.06536677422	1.5801881334034626	0.5767903880783221
1998	01	27	6.78896695304	1.7755877412974392	0.6055977855885569
1998	01	28	4.3157408089	3.1178980911778	0.7357057827303147
1998	01	29	0.29891281536	2.5316992674958705	0.6283919200623472
1998	01	30	0.0	2.2003694975886927	0.9037042591420463
1998	01	31	0.282237961108	1.987978619443066	0.8810850757305425
1998	02	01	0.7868962918899999	1.9030222681848155	0.9176927173831326
1998	02	02	11.331223471299998	2.9564810237871235	0.6893401232403228
1998	02	03	2.20997204656	2.990463564290424	0.8951589586917523
1998	02	04	0.0198302423692	2.5401949026216957	1.1800570496553173
1998	02	05	0.0008243041067299999	2.021961159946366	1.000530079676507
1998	02	06	0.00080124670195	1.8010746466749143	1.1544014014246977
1998	02	07	0.0	1.7076226602908384	1.2226740954216482
1998	02	08	0.0008243041067299999	1.622666309032588	1.2920422185982652
1998	02	09	1.6222054163600002e-07	1.5462055929001624	1.1468504931431882
1998	02	10	0.000937701165784	1.4782405118935618	1.2821716554363045
1998	02	11	0.0012451022758700001	1.4187710660127864	1.398769500025194
1998	02	12	0.00030053580257999996	1.376292890383661	1.3931709571703579
1998	02	13	0.00413932010586	1.3423103498803608	1.4458537557059725
1998	02	14	0.0	1.3083278093770605	1.5456246061018544
1998	02	15	0.0012524844403	1.2743452688737602	1.5887055365220943
1998	02	16	0.474224602856	1.248858363496285	1.4081969593345907
1998	02	17	0.0023977561746	1.2233714581188098	1.627933717485807
1998	02	18	0.0415384323998	1.1978845527413347	1.4746491946070697
1998	02	19	0.0	1.1978845527413347	1.6312684390957113
1998	02	20	2.2149430372700003	1.1978845527413347	1.600266939238447
1998	02	21	17.9480655795	1.6056750387809378	1.3205761124726718
1998	02	22	0.202483641858	1.4187710660127864	1.2774716884658706
1998	02	23	0.0016597118754000002	1.2658496337479352	1.5119760173130457
1998	02	24	0.0	1.25735399862211	1.5244130885622142
1998	02	25	0.00042079855598	1.2063801878671596	1.5929462104771175
1998	02	26	0.00083006850628	1.1808932824896843	1.7244693655333356
1998	02	27	0.00083006850628	1.1554063771122094	1.8055522877290973
1998	02	28	0.0012422206080000002	1.1214238366089089	1.8458825595638868
1998	03	01	0.00090569814403	1.010980579973183	1.861529611870389
1998	03	02	0.0020756231915299997	0.9854936745957079	2.077283948310614
1998	03	03	0.00166388249415	0.9345198638407576	2.2069940959049075
1998	03	04	12.0304077583	0.9005373233374572	1.6587509493507602
1998	03	05	2.10687976682	0.8920416882116321	1.968041370933103
1998	03	06	0.007266372966739999	0.8495635125825068	2.389022614943241
1998	03	07	0.005521903093399999	0.8070853369533815	2.1553465038222974
1998	03	08	0.102867264583	0.7731027964500812	2.0652298919901164
1998	03	09	0.0275768594013	0.7731027964500812	1.673533653641066
1998	03	10	0.00711996408458	0.7731027964500812	2.4047096639182417
1998	03	11	0.41866399220199996	0.7646071613242561	1.475812188004711
1998	03	12	0.0635290446434	0.756111526198431	1.3973275859077534
1998	03	13	0.0	0.747615891072606	1.9115556221066823
1998	03	14	0.015127850628350002	0.7391202559467809	1.7354880190939659
1998	03	15	0.0	0.7306246208209558	2.200970343857303
1998	03	16	0.00124222002774	0.7051377154434807	2.5466577518676856
1998	03	17	0.0	0.628676999311055	2.437900061714829
1998	03	18	0.00042079855598	0.5522162831786295	2.5079120086283853
1998	03	19	0.00333031590797	0.5352250129269793	2.8101231078853006
1998	03	20	0.0	0.5352250129269793	2.69828387317652
1998	03	21	0.00083006850628	0.5267293778011543	2.630189339461238
1998	03	22	0.00426855164795	0.5097381075495041	2.6483680434257857
1998	03	23	0.44970884996	0.5097381075495041	2.4284095202848532
1998	03	24	0.00167895842263	0.6116857290594049	2.7182807243278795
1998	03	25	0.000830969214865	0.6031900939335798	2.9387809653236276
1998	03	26	0.00399634123727	0.5692075534302795	3.2122839868239996
1998	03	27	0.28532808738300003	0.5437206480528044	2.809452307870412
1998	03	28	18.328592350699996	0.6031900939335798	1.7596614178312104
1998	03	29	12.5023922094	1.614170673906763	2.222149736872148
1998	03	30	0.0019876141902299997	1.112928201483084	2.528392952330796
1998	03	31	9.767251594600001	1.010980579973183	1.8200218901308436
1998	04	01	8.7747971339	1.0704500258539587	1.908129273367903
1998	04	02	11.135019190400001	2.0559437004496663	1.5956918020963424
1998	04	03	19.4495444213	3.355775874700902	2.024711838411119
1998	04	04	9.7813296693	3.389758415204202	1.5443797919360922
1998	04	05	4.65832989117	3.534184212343228	1.97010495652358
1998	04	06	14.012349616900002	2.4722298216150946	1.7009286421895824
1998	04	07	1.82905418012	3.0839155506744995	2.0608285089254683
1998	04	08	0.605063368436	1.8265615520523897	2.140940172760645
1998	04	09	4.969438514499999	1.6481532144100632	1.3190406015642362
1998	04	10	2.24471327657	1.8350571871782146	1.6242438927598697
1998	04	11	2.86591893663	1.7755877412974392	1.8193465088235976
1998	04	12	1.00615323878	1.5716924982776377	2.0846823664097602
1998	04	13	0.96037111162	1.367797255257836	2.153601321364056
1998	04	14	14.366624458599999	1.6481532144100632	1.540727682568761
1998	04	15	2.4617676532100004	2.0134655248205413	1.987252255057048
1998	04	16	14.4030986351	2.5401949026216957	1.7598382765680198
1998	04	17	0.737092527735	2.6591337943832465	2.044740794905243
1998	04	18	0.5850869411649999	1.8350571871782146	2.45883117705267
1998	04	19	10.5030696296	1.733109565668314	2.2012174473419477
1998	04	20	0.8198725644	2.3617865649793686	2.751263093807343
1998	04	21	0.00735652341757	1.7755877412974392	3.261914898317831
1998	04	22	6.778143266549999	1.622666309032588	2.5085960377426164
1998	04	23	0.214858247276	1.4782405118935618	2.996864322436802
1998	04	24	0.0034112237840999995	1.4357623362644365	3.805039556429971
1998	04	25	0.038775139504	1.3932841606353112	3.5303017960264422
1998	04	26	1.73960835835	1.3083278093770605	2.179446789259453
1998	04	27	0.6889376690800001	1.2743452688737602	2.5005129396285968
1998	04	28	2.37252202114	1.231867093244635	2.6198981286977694
1998	04	29	6.6610337427	1.384788525509486	1.991386577191959
1998	04	30	9.7601105282	1.3508059850061858	1.630216650363712
1998	05	01	1.93300282691	1.2658496337479352	2.770371033691328
1998	05	02	0.31007331376700004	1.1893889176155095	2.963284357132977
1998	05	03	2.53828479863	1.0619543907281335	2.7407232720835757
1998	05	04	0.0268760619915	0.9854936745957079	3.1456403021446553
1998	05	05	0.00042079855598	0.9175285935891073	3.7967307526154936
1998	05	06	0.00216048940796	0.8750504179599821	3.772927542911717
1998	05	07	0.219953906847	0.8495635125825068	3.7879322264759376
1998	05	08	1.0491312594899997	0.8240766072050316	3.5686321549485096
1998	05	09	0.34846872145599994	0.7985897018275564	3.87867123900878
1998	05	10	11.8213458829	0.8155809720792065	3.538652382982016
1998	05	11	5.14295134126	1.129919471734734	2.95810466502503
1998	05	12	4.0528056609	1.0364674853506584	3.1954619294921662
1998	05	13	2.68129229338	1.359301620132011	3.4546304306321107
1998	05	14	1.3319462118	1.3168234445028855	3.9122448023704828
1998	05	15	1.0061587512499999	1.0534587556023085	4.365261702951927
1998	05	16	1.56849732444	0.9430154989665827	4.057643139105658
1998	05	17	0.0282822079837	0.9090329584632822	4.341951489825783
1998	05	18	0.193298570924	0.8580591477083319	4.319719939557335
1998	05	19	1.2370165461899998	0.8070853369533815	4.4072476937158145
1998	05	20	0.99828771777	0.747615891072606	3.850148187973163
1998	05	21	0.21627560002299998	0.7136333505693058	4.23932912475942
1998	05	22	0.209224870434	0.6966420803176556	4.211252157727281
1998	05	23	0.80893137526	0.6966420803176556	3.740719122934657
1998	05	24	0.308400627278	0.6881464451918305	3.867432994944116
1998	05	25	0.049918636293	0.6541639046885303	4.060160534979406
1998	05	26	0.033810386589000006	0.62018136418523	3.982916081445538
1998	05	27	6.767258652759999	0.5946944588077547	3.1009079745748767
1998	05	28	0.28020455599	0.5607119183044544	2.9299152392444214
1998	05	29	17.520461347399998	0.628676999311055	2.4899315330810463
1998	05	30	5.4321302951199995	0.7221289856951307	3.0301810309431203
1998	05	31	9.436176514800001	0.9430154989665827	2.4487179007280724
1998	06	01	24.8870022769	1.8860309979331653	3.158959765058713
1998	06	02	1.78846799113	1.503727417271037	3.1019514904484744
1998	06	03	0.00465673088803	1.3423103498803608	4.7029072006922155
1998	06	04	0.24035229918999998	1.0534587556023085	4.48043697628207
1998	06	05	0.0021078519924499998	0.9515111340924077	4.138458393951523
1998	06	06	1.38317117776	0.883546053085807	3.2213672006077263
1998	06	07	0.0074531843856000006	0.8410678774566818	3.9070070563342174
1998	06	08	0.0023041099473999995	0.756111526198431	5.332004578019061
1998	06	09	0.087385386207	0.6711551749401804	5.035251276694827
1998	06	10	0.09513085529139999	0.628676999311055	3.1568943211257166
1998	06	11	0.00324059610677	0.6116857290594049	3.0770483883977033
1998	06	12	0.00042079855598	0.5861988236819297	4.646457763131827
1998	06	13	0.008181389409399999	0.5522162831786295	4.821204107502314
1998	06	14	0.0090388792625	0.5267293778011543	3.199436045699367
1998	06	15	0.00041321932558299995	0.49274683729785396	4.117996847182219
1998	06	16	0.00083006850628	0.4672599319203788	5.003403826203873
1998	06	17	0.00208093537512	0.4417730265429035	5.422976267412995
1998	06	18	0.0008243041067299999	0.4077904860396033	5.543123216441152
1998	06	19	0.00166819953184	0.38230358066212805	5.74006581028164
1998	06	20	0.00331788741574	0.3483210401588278	5.094926122060153
1998	06	21	0.042624797106	0.3483210401588278	4.82398070268339
1998	06	22	0.0049529958803	0.33132976990717766	5.611495757381608
1998	06	23	0.00333386487484	0.30584286452970244	5.836107811907614
1998	06	24	0.03938870642799999	0.28885159427805235	4.529734902210206
1998	06	25	0.0018571290931199999	0.2803559591522272	4.124243278185313
1998	06	26	0.00205211357079	0.2633646889005771	5.405557156460584
1998	06	27	0.000830230737305	0.25486905377475205	5.261537367185101
1998	06	28	0.004310708020499999	0.24637341864892698	5.880472105722899
1998	06	29	0.270092635758	0.23787778352310193	6.171329325919761
1998	06	30	16.8250274742	0.22938214839727683	5.444863289536247
1998	07	01	9.3379781479	0.22938214839727683	3.216634883266612
1998	07	02	3.4817099005000003	0.22938214839727683	2.643191377601452
1998	07	03	0.6989194660070001	0.22938214839727683	3.4752380858522773
1998	07	04	0.00165595130705	0.22938214839727683	5.194776049474842
1998	07	05	0.00123933758619	0.2123908781456267	5.6106228723490075
1998	07	06	0.35650178287	0.19539960789397656	4.2101003205762995
1998	07	07	0.022303037767	0.1869039727681515	3.8971573026807054
1998	07	08	0.00143770681715	0.17840833764232644	5.392577289332715
1998	07	09	0.0008264377904469999	0.15292143226485122	5.525382489435962
1998	07	10	0.0	0.1359301620132011	5.729756705037056
1998	07	11	0.0	0.12743452688737603	6.044746957335237
1998	07	12	0.00123378304734	0.11893889176155097	6.15438416992611
1998	07	13	0.189470286232	0.11893889176155097	4.1842700524616045
1998	07	14	0.010428662889800001	0.11044325663572588	5.266435830259786
1998	07	15	0.000426562994214	0.10194762150990082	5.665936479630492
1998	07	16	0.00084159720867	0.09345198638407574	6.402908263009299
1998	07	17	0.00355069585138	0.08495635125825068	6.642512752721516
1998	07	18	0.0	0.06796508100660055	6.7131407187642305
1998	07	19	0.00124508293387	0.05946944588077548	6.012589350055625
1998	07	20	4.968393079399999	0.05946944588077548	4.007981982057163
1998	07	21	0.0197941066777	0.05097381075495041	4.159118951141536
1998	07	22	0.140986526538	0.05097381075495041	4.983843222834684
1998	07	23	0.0118446201115	0.05097381075495041	4.819832988024886
1998	07	24	0.0019168208261599999	0.05097381075495041	5.467971438756577
1998	07	25	0.00042079855598	0.05097381075495041	5.922658370220736
1998	07	26	0.0024786761394799996	0.04247817562912534	5.605407263267857
1998	07	27	0.0080357364126	0.04247817562912534	4.942971560425486
1998	07	28	0.0008358328381330001	0.04247817562912534	6.160952953006728
1998	07	29	0.00385316014807	0.04247817562912534	6.3186123283717714
1998	07	30	0.00046290222158	0.04247817562912534	5.372095153062429
1998	07	31	0.00502472423665	0.033982540503300275	4.5828412937497
1998	08	01	0.00123933758619	0.033982540503300275	4.031280932495959
1998	08	02	0.000830074357235	0.033982540503300275	4.386593641107728
1998	08	03	0.00123396689305	0.033982540503300275	5.074251974237508
1998	08	04	0.00165437261301	0.033982540503300275	5.778132358915432
1998	08	05	0.00166170642244	0.025486905377475205	5.831164131024283
1998	08	06	0.00042079855598	0.025486905377475205	5.928653444336728
1998	08	07	0.00125134103797	0.025486905377475205	5.835299109322782
1998	08	08	0.0	0.025486905377475205	6.319120288459326
1998	08	09	0.00041795656822300005	0.025486905377475205	6.121054278585448
1998	08	10	0.0101219993482	0.025486905377475205	6.181066031464392
1998	08	11	3.1757852232999997	0.025486905377475205	5.663428330223687
1998	08	12	1.0652290258300001	0.016991270251650138	5.153335296066132
1998	08	13	0.5611464290200001	0.008495635125825069	4.819592588376494
1998	08	14	1.5821583856199999	0.008495635125825069	4.437481452722024
1998	08	15	5.5964162142	0.008495635125825069	4.53828988752092
1998	08	16	0.11520686098099998	0.008495635125825069	4.428705262083578
1998	08	17	3.24343947748	0.016991270251650138	4.471280934469512
1998	08	18	0.07042279069200001	0.016991270251650138	4.24914847563333
1998	08	19	0.025844270738299997	0.016991270251650138	4.4265225131085915
1998	08	20	0.0047139403655	0.016991270251650138	4.930544633584013
1998	08	21	0.0	0.008495635125825069	5.00814394374713
1998	08	22	0.00125468614016	0.008495635125825069	5.162569109159893
1998	08	23	0.00126197594654	0.008495635125825069	5.040258854002132
1998	08	24	0.0	0.008495635125825069	5.269448116682038
1998	08	25	0.0	0.008495635125825069	5.204223535716907
1998	08	26	1.9443690565000002	0.008495635125825069	4.4082063065800865
1998	08	27	5.43509871186	0.008495635125825069	3.8128788233881465
1998	08	28	0.0083554915869	0.008495635125825069	4.156771200853346
1998	08	29	0.00123933758619	0.0	4.326668731611422
1998	08	30	0.0234695305766	0.0	4.657730251130823
1998	08	31	0.00042079855598	0.0	4.462530135899893
1998	09	01	0.00724407173745	0.0	4.0663570939500415
1998	09	02	0.66865206961	0.0	3.207278388541
1998	09	03	0.40514716431599995	0.0	3.058883541918177
1998	09	04	1.28985453824	0.0	2.616111270964149
1998	09	05	0.0131557456274	0.0	3.6798745412225626
1998	09	06	5.8244593613	0.0	3.29198993682138
1998	09	07	0.406601450612	0.0	2.569708921038835
1998	09	08	0.00082765800953	0.0	3.855887891451756
1998	09	09	0.097652961184	0.0	3.5052243653488553
1998	09	10	0.0137431041414	0.0	2.6056259416236136
1998	09	11	1.2111162542500002	0.0	2.1093968517975097
1998	09	12	0.041798487524000005	0.0	2.7235466130149026
1998	09	13	1.5603118867499999	0.0	2.538800051105636
1998	09	14	0.65665596779	0.0	2.8293603520206063
1998	09	15	0.0013570705027	0.0	3.5920962392692264
1998	09	16	0.0	0.0	4.023357778788365
1998	09	17	0.00042079855598	0.0	3.6706747594362334
1998	09	18	0.00083006850628	0.0	3.739930897356098
1998	09	19	0.0050414884316	0.0	3.3613528296060915
1998	09	20	0.0021402601904200002	0.0	3.645828194810281
1998	09	21	5.969616042379999	0.0	3.07186346789611
1998	09	22	22.2293602206	0.0	2.2925388033663863
1998	09	23	0.5007771457200001	0.0	2.042566807668792
1998	09	24	17.670645207699998	0.0	1.7180998897891349
1998	09	25	30.4090262578	0.0	1.516493488138718
1998	09	26	14.0030045296	0.0	1.5273191535596156
1998	09	27	4.702926547150001	0.0	1.7360505457281918
1998	09	28	18.540428836	0.025486905377475205	2.47585526815736
1998	09	29	3.80029217592	0.05097381075495041	2.36424256720435
1998	09	30	3.95116190354	0.05097381075495041	1.3763817892701393
1998	10	01	1.7510836768199998	0.05097381075495041	1.4386402924188044
1998	10	02	0.1106903550476	0.05097381075495041	1.8785674078569246
1998	10	03	4.1023482597	0.05097381075495041	1.8576305395833728
1998	10	04	3.5858249852	0.05097381075495041	1.802515292836812
1998	10	05	0.90689473686	0.05097381075495041	1.5527795853315027
1998	10	06	0.181378202705	0.05097381075495041	1.5977693769558363
1998	10	07	0.102194414429	0.05946944588077548	1.7617118542822372
1998	10	08	0.007356602332930001	0.05946944588077548	1.7006169192596567
1998	10	09	0.0009182479106	0.05946944588077548	1.8314739056753937
1998	10	10	0.18353637339399997	0.06796508100660055	1.8688121069483685
1998	10	11	0.0017183209399899999	0.05946944588077548	2.1494613573293373
1998	10	12	0.004344740269499999	0.05097381075495041	2.3824675814305314
1998	10	13	0.045722140848299994	0.05097381075495041	2.2150791897925726
1998	10	14	0.0016681027251299997	0.05097381075495041	2.1723343552851486
1998	10	15	0.0016601364323	0.05097381075495041	2.1326977267335177
1998	10	16	0.1123619873976	0.05097381075495041	2.038306531839625
1998	10	17	8.3642186973	0.05097381075495041	1.0116785046322911
1998	10	18	0.27617274510299994	0.05097381075495041	1.3748565450773693
1998	10	19	0.17797650582299998	0.05097381075495041	1.4253518521028339
1998	10	20	0.0008999337444799999	0.05946944588077548	1.7952039754223987
1998	10	21	0.0008243041067299999	0.05946944588077548	1.7657648359252676
1998	10	22	0.0	0.05946944588077548	1.720513014890617
1998	10	23	0.49781250067	0.05946944588077548	1.5165093175985753
1998	10	24	0.342738518562	0.05946944588077548	1.1486607727961553
1998	10	25	3.0203471087000002	0.05946944588077548	1.403600258611798
1998	10	26	0.167773252667	0.05946944588077548	1.4538485039165019
1998	10	27	0.0016572540874600001	0.05946944588077548	1.6681123319101947
1998	10	28	0.0	0.05946944588077548	1.795877242381024
1998	10	29	0.012496032559799999	0.05946944588077548	1.8206906107243532
1998	10	30	0.0	0.05946944588077548	1.5527872038996566
1998	10	31	0.033398160214	0.05946944588077548	1.643395376198327
1998	11	01	1.0879536515	0.05946944588077548	1.249108189040339
1998	11	02	8.470390803699999	0.05946944588077548	0.9425798837183804
1998	11	03	7.3606048696999995	0.07646071613242561	0.9611258083925633
1998	11	04	0.0967534953225	0.10194762150990082	1.1373275457518925
1998	11	05	0.0	0.1359301620132011	1.2703155944655768
1998	11	06	0.0008243041067299999	0.08495635125825068	1.183865662306813
1998	11	07	0.038858696943999994	0.07646071613242561	0.9200413231830719
1998	11	08	0.007952998106300001	0.06796508100660055	1.4052432508403467
1998	11	09	2.0341035576200004	0.06796508100660055	1.2270834600795806
1998	11	10	0.60068138031	0.06796508100660055	1.3269435506787493
1998	11	11	0.5439608686	0.06796508100660055	1.2493401244332136
1998	11	12	0.0462638725514	0.06796508100660055	1.1774391917158313
1998	11	13	2.13774012124	0.06796508100660055	1.2844887557116706
1998	11	14	0.018370961968799997	0.06796508100660055	0.9851347631344873
1998	11	15	0.0020783501234	0.06796508100660055	1.0538183019340461
1998	11	16	0.00042079855598	0.06796508100660055	1.02755658716139
1998	11	17	0.006105466707000001	0.06796508100660055	1.117712184245229
1998	11	18	0.0075714307355	0.06796508100660055	0.9647979383066131
1998	11	19	0.00081853980389	0.06796508100660055	0.9886235690397741
1998	11	20	0.0008243041067299999	0.06796508100660055	1.1658939576119627
1998	11	21	0.000426562994214	0.05946944588077548	0.9079952582465588
1998	11	22	0.928039643364	0.05946944588077548	1.0056410575195336
1998	11	23	0.312150828316	0.05946944588077548	0.9093468795090279
1998	11	24	0.00067240702878	0.05946944588077548	0.9340151666809631
1998	11	25	1.13858820291	0.05946944588077548	0.9081806296111923
1998	11	26	0.00124105051371	0.05946944588077548	0.9335643118597093
1998	11	27	0.00125086706226	0.06796508100660055	1.0508096430643443
1998	11	28	0.109132554236	0.06796508100660055	1.0454045311743851
1998	11	29	0.26659426755999993	0.06796508100660055	0.6335094808358412
1998	11	30	0.0072151153128000006	0.06796508100660055	0.774713532457062
1998	12	01	0.7803168204600001	0.06796508100660055	0.6748940069640961
1998	12	02	0.000426562994214	0.06796508100660055	0.7670864606214747
1998	12	03	0.0	0.06796508100660055	0.7401906077318691
1998	12	04	0.0	0.06796508100660055	0.6663246387269051
1998	12	05	0.0024902055188399997	0.06796508100660055	0.7586010530349453
1998	12	06	0.000827186287163	0.06796508100660055	0.7947801666697052
1998	12	07	0.0012466978941600001	0.05946944588077548	0.6955111504719214
1998	12	08	0.0021979774921	0.05946944588077548	0.7035613469180676
1998	12	09	0.71776218129	0.05946944588077548	0.6634112441449563
1998	12	10	15.675762584000001	0.06796508100660055	0.6279653502298607
1998	12	11	9.5539760645	0.09345198638407574	0.7967524434690861
1998	12	12	0.32277712002500003	0.09345198638407574	0.7913554692229997
1998	12	13	0.0309336441593	0.09345198638407574	0.8163962916467338
1998	12	14	0.026122357441999998	0.09345198638407574	0.8347630950205618
1998	12	15	0.000831765447637	0.09345198638407574	0.8859247276805494
1998	12	16	0.00185172619555	0.09345198638407574	0.7865066924408596
1998	12	17	0.00042079855598	0.08495635125825068	0.7895055789021069
1998	12	18	0.0128911838172	0.08495635125825068	0.7894356474097143
1998	12	19	0.405031180013	0.08495635125825068	0.8751234279094452
1998	12	20	0.48866050455599996	0.08495635125825068	0.762499171060644
1998	12	21	0.00043275771457999997	0.08495635125825068	0.7045033258210789
1998	12	22	0.002075338574	0.08495635125825068	0.657930958992126
1998	12	23	0.0009401506946899999	0.08495635125825068	0.668379285478967
1998	12	24	0.0021826963449999995	0.08495635125825068	0.6633042391261224
1998	12	25	0.00042079855598	0.08495635125825068	0.6897674396985976
1998	12	26	0.00042079855598	0.08495635125825068	0.738578804417788
1998	12	27	7.01669202095	0.08495635125825068	0.8136934307636565
1998	12	28	4.9000868064	0.09345198638407574	0.6833928244322413
1998	12	29	10.9135948757	0.11044325663572588	0.6906490811913203
1998	12	30	3.2316787677999996	0.14442579713902617	0.7260701528436588
1998	12	31	24.079004733399998	0.29734722940387737	0.4389107284430171
1999	01	01	0.166632306771	0.2633646889005771	0.5818323600996916
1999	01	02	0.395412413084	0.22088651327145176	0.6978488873277012
1999	01	03	0.36716173933	0.24637341864892698	0.6861119828180713
1999	01	04	0.0377423521378	0.24637341864892698	0.7713360651935249
1999	01	05	0.00042079855598	0.19539960789397656	0.9250641307047159
1999	01	06	0.0	0.16991270251650137	0.8596402259100846
1999	01	07	0.18542885269999998	0.15292143226485122	0.8841937432084923
1999	01	08	1.82513094555	0.1359301620132011	0.48519523830995015
1999	01	09	15.655126604199998	0.1869039727681515	0.6047452958531807
1999	01	10	0.0201173279384	0.2633646889005771	0.5989241169678071
1999	01	11	0.0008243041067299999	0.17840833764232644	0.6537787696121121
1999	01	12	5.6228083731999996e-05	0.15292143226485122	0.6756440109057782
1999	01	13	0.0171852673887	0.14442579713902617	0.7074218418846296
1999	01	14	0.011462939589999999	0.1359301620132011	0.9116348534627339
1999	01	15	0.0154382273504	0.12743452688737603	0.8084440705356172
1999	01	16	17.7980403236	0.1869039727681515	0.6390517310489641
1999	01	17	2.0026411834499998	0.3483210401588278	0.7020228529383528
1999	01	18	0.25619813597999996	0.30584286452970244	0.8059652863060974
1999	01	19	1.0002937733000001	0.3143384996555275	0.5386223768996081
1999	01	20	14.6682223304	0.4247817562912534	0.3116872958764218
1999	01	21	11.0272465335	0.747615891072606	0.615691888370744
1999	01	22	0.27706597800500005	0.5437206480528044	0.9097774293764581
1999	01	23	0.0	0.3992948509137782	0.972100691661007
1999	01	24	0.0028216318493599997	0.33982540503300274	1.0274287159104758
1999	01	25	0.00292358227413	0.29734722940387737	1.013586363478938
1999	01	26	5.65022701214	0.30584286452970244	0.8700442131104326
1999	01	27	0.083958515712	0.30584286452970244	0.8668114917008043
1999	01	28	0.0011449313150999998	0.28885159427805235	1.1937398069332268
1999	01	29	0.0027001021949599998	0.28885159427805235	1.3000812909781665
1999	01	30	0.0029104600810700002	0.2633646889005771	1.0037368822380826
1999	01	31	0.00166738494351	0.23787778352310193	0.9886501719932019
1999	02	01	0.00164860782662	0.20389524301980164	1.067776488531091
1999	02	02	0.0012451027594199999	0.20389524301980164	1.14165724769028
1999	02	03	0.0008329506577000001	0.2123908781456267	1.118064353501786
1999	02	04	0.0016710597300899999	0.2123908781456267	1.3963606272954028
1999	02	05	0.0012508283782600002	0.2123908781456267	1.481058696471102
1999	02	06	0.0008243041067299999	0.20389524301980164	1.2446372678301718
1999	02	07	0.0041195287911999995	0.1614170673906763	1.1606825306955144
1999	02	08	0.0018510065764399998	0.14442579713902617	1.027601977600276
1999	02	09	11.6208467109	0.17840833764232644	1.078901747856181
1999	02	10	0.11521762963949998	0.22938214839727683	0.9615239613057809
1999	02	11	0.0098503612673	0.1869039727681515	1.0356409228900108
1999	02	12	0.45972365401	0.16991270251650137	1.0796053902174405
1999	02	13	0.000412152082378	0.16991270251650137	1.0769576407136698
1999	02	14	0.0	0.1359301620132011	1.1772223633850496
1999	02	15	6.8851108127e-05	0.12743452688737603	1.252514263117584
1999	02	16	0.00216642740196	0.12743452688737603	1.4173575067206459
1999	02	17	0.0016588672102599998	0.11893889176155097	1.5141654846053787
1999	02	18	0.0020852062821399998	0.11893889176155097	1.526279453977854
1999	02	19	0.0016590370330199999	0.11893889176155097	1.805047136947932
1999	02	20	0.011701884855399998	0.11893889176155097	1.5316818787132311
1999	02	21	0.171177125524	0.11893889176155097	1.40245090466576
1999	02	22	0.0811761254925	0.11893889176155097	1.189123039549363
1999	02	23	0.25286202782	0.11893889176155097	1.4788133135399406
1999	02	24	3.0659323343	0.11893889176155097	1.2414331055610934
1999	02	25	0.113245369419	0.11893889176155097	1.735049855711197
1999	02	26	0.01435721215785	0.11893889176155097	1.691537807427966
1999	02	27	3.4517810568	0.11893889176155097	1.1532308202948638
1999	02	28	0.0020763473560099998	0.11893889176155097	1.6781724947458807
1999	03	01	0.00123933758619	0.11893889176155097	1.8597475513031174
1999	03	02	0.060103398497	0.11893889176155097	1.9065022721962739
1999	03	03	4.029262094949999	0.11893889176155097	1.208050232539504
1999	03	04	4.37293607	0.14442579713902617	0.9989768528275013
1999	03	05	1.3175585683900002	0.15292143226485122	1.1608188093631937
1999	03	06	0.860954043984	0.15292143226485122	1.2753478501416775
1999	03	07	2.5099807796399998	0.15292143226485122	1.232242112018964
1999	03	08	4.41833609595	0.24637341864892698	1.2524701188125154
1999	03	09	14.012455997899998	0.2633646889005771	1.1293924024211963
1999	03	10	15.900178138999998	1.1639020122380346	1.4286130448509233
1999	03	11	3.06576173786	1.0534587556023085	1.7741758734429784
1999	03	12	1.88543456276	0.5267293778011543	1.6549784746318548
1999	03	13	0.198306456499	0.38230358066212805	1.9989418453177754
1999	03	14	0.0072931554473	0.3568166752846529	2.1695987404341626
1999	03	15	0.12685781448199998	0.3483210401588278	2.2377464157638154
1999	03	16	0.0079939731662	0.33132976990717766	2.5816107888781006
1999	03	17	0.0008243041067299999	0.3228341347813526	2.3993504315583274
1999	03	18	0.000832950715726	0.30584286452970244	2.578408719444776
1999	03	19	0.00042079855598	0.28885159427805235	2.4279855209545214
1999	03	20	0.0020584147108400003	0.2803559591522272	2.384396618867208
1999	03	21	0.0012593319918500002	0.25486905377475205	2.4479142727531387
1999	03	22	0.00311513625468	0.20389524301980164	2.690704447246317
1999	03	23	0.00042079855598	0.20389524301980164	2.7509945902928967
1999	03	24	0.66266591403	0.23787778352310193	2.2672561856804188
1999	03	25	8.6207700182	0.25486905377475205	1.5783109171922007
1999	03	26	7.790046204959999	0.29734722940387737	1.6287536217894403
1999	03	27	6.018364845499999	0.33982540503300274	1.3899642412042839
1999	03	28	0.050056511871600005	0.33132976990717766	2.101679986880603
1999	03	29	0.6579680323599999	0.28885159427805235	2.096508629326118
1999	03	30	0.0036252164188499995	0.28885159427805235	2.5818139486239713
1999	03	31	1.2594556839400002	0.2718603240264022	2.663751372817563
1999	04	01	10.4722568565	0.30584286452970244	1.7281324656662855
1999	04	02	0.83610601487	0.373807945536303	1.9968133029184487
1999	04	03	0.013479949461700001	0.3228341347813526	3.3126691938118995
1999	04	04	0.45808765929499995	0.28885159427805235	3.2205756225874045
1999	04	05	0.00616327859106	0.28885159427805235	3.6717187147838337
1999	04	06	0.011711755078	0.28885159427805235	3.486812116876354
1999	04	07	0.0008243041067299999	0.28885159427805235	3.063465580445374
1999	04	08	0.0008243041067299999	0.28885159427805235	3.418056394557671
1999	04	09	0.000941663181064	0.2803559591522272	3.3964981778527403
1999	04	10	0.011950579455900001	0.2633646889005771	3.4501233002150022
1999	04	11	0.0008358328381330001	0.24637341864892698	3.1642521205472374
1999	04	12	0.1203009112976	0.24637341864892698	3.0970441232180943
1999	04	13	0.0099198096854	0.24637341864892698	2.4589689489485442
1999	04	14	3.62332157982	0.24637341864892698	2.330778818779336
1999	04	15	1.19416724649	0.24637341864892698	2.1954946846607633
1999	04	16	17.677553203	0.2803559591522272	1.902387583999567
1999	04	17	1.9156391266700001	0.3483210401588278	2.157628836405211
1999	04	18	0.0	0.3568166752846529	3.0025720419796476
1999	04	19	2.63657049466	0.29734722940387737	3.079876473793885
1999	04	20	10.1873985186	0.3143384996555275	1.8654291672489376
1999	04	21	9.3891261327	0.7985897018275564	1.9455019238886568
1999	04	22	6.59280802913	0.8325722423308567	2.179608969797562
1999	04	23	0.7015318255399999	0.7646071613242561	2.513688855633221
1999	04	24	0.0014297336579100002	0.5522162831786295	3.4478893774872024
1999	04	25	4.1825924151	0.49274683729785396	2.362743263352352
1999	04	26	7.2242108883	0.5437206480528044	1.8900730553200211
1999	04	27	7.19956598887	0.6116857290594049	2.8485767757141662
1999	04	28	1.26103960032	0.628676999311055	2.645550138522297
1999	04	29	7.923372932	0.6116857290594049	2.7917347813750366
1999	04	30	5.33792730845	0.7646071613242561	2.9216842535416245
1999	05	01	1.9225911250199998	1.231867093244635	3.2347474248931407
1999	05	02	5.1491473575399995	0.8070853369533815	3.3620419241879302
1999	05	03	0.56038261344	0.8070853369533815	3.573502162230997
1999	05	04	7.908579686849999	0.9600067692182326	2.746410954672786
1999	05	05	1.7829405310800002	1.512223052396862	2.5484180133270584
1999	05	06	4.775493089069999	2.0984218760787923	3.0264128324478556
1999	05	07	4.832712527669999	2.0134655248205413	2.5253265254247586
1999	05	08	0.21033868917499998	1.4357623362644365	2.924111618908433
1999	05	09	0.291754515238	1.25735399862211	3.616268346760161
1999	05	10	0.61099221367	1.129919471734734	3.168808710853502
1999	05	11	0.08893580611139999	1.104432566357259	3.416576387720406
1999	05	12	0.00459748934004	1.0279718502248332	4.0444565081557435
1999	05	13	0.430553074736	0.9685024043440577	3.903240403894211
1999	05	14	12.6807970148	1.010980579973183	2.918628975058252
1999	05	15	11.297787922999998	1.0619543907281335	2.868302650170713
1999	05	16	16.935700464	2.51470799724422	2.2354547446097417
1999	05	17	6.06160524044	2.149395686833742	2.641102102433612
1999	05	18	5.4811407955	1.5631968631518125	2.3072220429434616
1999	05	19	0.83647409313	1.2743452688737602	2.7635507552889194
1999	05	20	0.26485010271	1.112928201483084	3.2873007805865844
1999	05	21	0.00172898756944	1.0194762150990082	4.088550094016231
1999	05	22	0.00042079855598	0.9005373233374572	4.6608053321640845
1999	05	23	0.00034165109198	0.747615891072606	4.771609839961981
1999	05	24	0.0035232591276699995	0.6626595398143553	4.689636252693195
1999	05	25	0.064433569405	0.6116857290594049	5.067779230404408
1999	05	26	0.379150510532	0.5861988236819297	4.613735638047216
1999	05	27	1.76960809048	0.628676999311055	2.873929718017893
1999	05	28	0.16103110534600001	0.7136333505693058	4.084057589534669
1999	05	29	1.6863415541599998	0.6626595398143553	3.6278780386760214
1999	05	30	0.8122454722239999	0.628676999311055	3.394060547909133
1999	05	31	0.6054057605200001	0.6031900939335798	5.517891516650755
1999	06	01	13.984506807899999	0.5861988236819297	4.003278776327376
1999	06	02	1.17923551262	0.5946944588077547	2.9995276525709085
1999	06	03	0.96181112352	0.6541639046885303	3.350063110805086
1999	06	04	0.00820226281225	0.6456682695627052	4.6833849386536714
1999	06	05	0.460056297726	0.6031900939335798	3.3502720502231598
1999	06	06	0.816517559106	0.5437206480528044	3.205186218863185
1999	06	07	0.035694684229000004	0.5267293778011543	3.513994795029285
1999	06	08	0.000426562994214	0.4417730265429035	4.891460456122145
1999	06	09	0.00364733476953	0.3907992157879531	4.938654349278221
1999	06	10	0.00262011799604	0.3568166752846529	5.04220229669344
1999	06	11	0.0013983752469900002	0.33132976990717766	5.3474898713646795
1999	06	12	0.00115581196378	0.3143384996555275	5.356107954132209
1999	06	13	0.0174753509679	0.29734722940387737	5.602267457671349
1999	06	14	0.0571675285404	0.28885159427805235	5.059571852095828
1999	06	15	0.000430400069845	0.2633646889005771	5.3622131757962475
1999	06	16	0.00031447413133	0.24637341864892698	5.152360291090151
1999	06	17	0.0026188313662	0.2123908781456267	4.963631469585912
1999	06	18	0.0024833319523000002	0.2123908781456267	5.8630958929263075
1999	06	19	0.00164860782662	0.20389524301980164	5.49409547259067
1999	06	20	0.0016601364323	0.17840833764232644	5.538283349063689
1999	06	21	0.0008243041067299999	0.16991270251650137	5.879127590348959
1999	06	22	0.00208809771772	0.1614170673906763	5.972902192285795
1999	06	23	0.0018606882145399998	0.1614170673906763	5.59467764009274
1999	06	24	0.264620967707	0.14442579713902617	5.65081317713601
1999	06	25	0.05943264695	0.1359301620132011	4.196114000316255
1999	06	26	0.416674889935	0.12743452688737603	3.6848060137121643
1999	06	27	0.57081858954	0.1359301620132011	3.352025073005264
1999	06	28	0.00042079855598	0.1359301620132011	5.584121093335414
1999	06	29	0.00559896113785	0.12743452688737603	4.776445826641868
1999	06	30	0.00083006850628	0.11893889176155097	6.43294036594504
1999	07	01	2.31311577602	0.11044325663572588	6.700931687817773
1999	07	02	0.0081244997519	0.10194762150990082	5.3541683747085616
1999	07	03	1.8994249214899999	0.09345198638407574	4.425278072202308
1999	07	04	6.93433745993	0.09345198638407574	3.4298063183423655
1999	07	05	0.5154939899700001	0.11893889176155097	3.4108878598054173
1999	07	06	0.00251606819059	0.11044325663572588	4.981165145857571
1999	07	07	0.0	0.10194762150990082	5.997745861697194
1999	07	08	0.0008329506577000001	0.09345198638407574	6.443055454446866
1999	07	09	0.00166013633559	0.08495635125825068	6.425202270254328
1999	07	10	0.188379339406	0.07646071613242561	5.95360549932687
1999	07	11	0.24800386866699997	0.07646071613242561	5.372907271723902
1999	07	12	0.447794717285	0.06796508100660055	4.385891198741218
1999	07	13	0.0017674921723900001	0.05946944588077548	4.905110575178177
1999	07	14	0.00084159720867	0.05097381075495041	6.2666425405845185
1999	07	15	0.00042079855598	0.05097381075495041	6.411643185371308
1999	07	16	0.0	0.05097381075495041	5.963573652508278
1999	07	17	0.0201932646304	0.05097381075495041	5.577311461809767
1999	07	18	0.00173576597334	0.05097381075495041	5.238623824332836
1999	07	19	0.0013164062687399999	0.05097381075495041	5.429813936200091
1999	07	20	0.00119168325014	0.05097381075495041	5.704988112967406
1999	07	21	0.00083071743038	0.05097381075495041	6.57075338859876
1999	07	22	0.00083006850628	0.04247817562912534	6.506178415708394
1999	07	23	0.0008243041067299999	0.04247817562912534	6.341171945153014
1999	07	24	0.00134730240586	0.04247817562912534	5.959099655087358
1999	07	25	0.055994419799700004	0.04247817562912534	5.0451057789303375
1999	07	26	1.1956956513299999	0.04247817562912534	4.737913528421837
1999	07	27	0.930547053205	0.04247817562912534	4.065887029832324
1999	07	28	0.08538721254199999	0.033982540503300275	5.127424430379421
1999	07	29	0.057775436962299996	0.033982540503300275	5.077931132871094
1999	07	30	0.0401919729183	0.033982540503300275	5.083795652079557
1999	07	31	0.07227032886099999	0.033982540503300275	5.086101658933676
1999	08	01	0.0012419904382	0.033982540503300275	5.203412077761629
1999	08	02	0.04618983040829999	0.025486905377475205	4.559260404340044
1999	08	03	1.79663766509	0.025486905377475205	4.299952438958658
1999	08	04	16.0470051952	0.033982540503300275	3.350957139459004
1999	08	05	0.078410495116	0.04247817562912534	4.185329773721486
1999	08	06	13.324051007500001	0.05097381075495041	3.5163990691250615
1999	08	07	15.2571939672	0.05097381075495041	3.0070100043877446
1999	08	08	7.0235569803	0.06796508100660055	2.4852688515645878
1999	08	09	1.92658070265	0.09345198638407574	2.9476065679215857
1999	08	10	0.0216568524942	0.10194762150990082	3.7138436746389565
1999	08	11	0.00082307327856	0.10194762150990082	4.604037692858779
1999	08	12	0.0031288923817899997	0.08495635125825068	3.937431769542616
1999	08	13	0.00169919586052	0.06796508100660055	4.834960397233332
1999	08	14	0.00295698349038	0.06796508100660055	5.250252985715481
1999	08	15	0.00546049833613	0.05946944588077548	4.971790828024123
1999	08	16	0.1191426146605	0.06796508100660055	3.4097383035410767
1999	08	17	0.03297529380479999	0.05946944588077548	3.3583543106123055
1999	08	18	0.21695804380899997	0.05946944588077548	3.8150907572715527
1999	08	19	0.0012451022758700001	0.05946944588077548	4.096482746796047
1999	08	20	0.00124508651214	0.05097381075495041	4.5548581232879926
1999	08	21	0.0014627246303400001	0.05097381075495041	4.747233184910712
1999	08	22	0.0186162891271	0.05097381075495041	4.468114401561901
1999	08	23	0.000412152082378	0.05097381075495041	4.951931746175884
1999	08	24	0.0273289384808	0.04247817562912534	4.7661574624035525
1999	08	25	0.348541892242	0.04247817562912534	3.625679588041952
1999	08	26	0.019155987985999996	0.04247817562912534	3.7271873472940253
1999	08	27	0.00345066473327	0.04247817562912534	4.284580330966198
1999	08	28	0.0009476365322400001	0.04247817562912534	4.44934593866067
1999	08	29	0.00141367563938	0.04247817562912534	4.499954410873343
1999	08	30	0.062948751762	0.04247817562912534	4.521374566273333
1999	08	31	0.0207513180802	0.04247817562912534	4.4993377940000805
1999	09	01	7.936291453800001	0.033982540503300275	3.783923438277944
1999	09	02	3.5586900933999996	0.033982540503300275	3.2090630227172054
1999	09	03	2.32105015455	0.033982540503300275	3.8022487257126247
1999	09	04	0.083810278624	0.033982540503300275	4.08021217267474
1999	09	05	3.188857514	0.04247817562912534	3.0860936533356096
1999	09	06	1.4735557634999998	0.04247817562912534	3.4284440853286426
1999	09	07	0.0057972765013399995	0.04247817562912534	3.7416089708911167
1999	09	08	0.0058507896259	0.033982540503300275	3.727634097177857
1999	09	09	0.0	0.033982540503300275	4.279053320028721
1999	09	10	0.00232023750042	0.033982540503300275	4.063207895285289
1999	09	11	0.00042079855598	0.033982540503300275	3.8400719314122673
1999	09	12	0.081854986173	0.033982540503300275	3.4356763988626957
1999	09	13	0.0529676172985	0.033982540503300275	2.0707749863297935
1999	09	14	0.0029003802878999996	0.033982540503300275	3.3686825821113753
1999	09	15	0.0	0.033982540503300275	3.24027930403782
1999	09	16	3.9592256800500003	0.033982540503300275	2.912761717068061
1999	09	17	0.33208480956799996	0.033982540503300275	2.200753295224881
1999	09	18	22.9771190393	0.04247817562912534	1.254185321745271
1999	09	19	11.8367885357	0.06796508100660055	1.5360846385784426
1999	09	20	7.7641582918999985	0.10194762150990082	1.8648407586721796
1999	09	21	25.904230938300003	0.11893889176155097	1.4842517026923807
1999	09	22	19.667477504999997	0.28885159427805235	1.6476887068700252
1999	09	23	2.9602411667300004	0.373807945536303	1.8567007303270064
1999	09	24	4.8679133236	0.4077904860396033	1.8825213905058054
1999	09	25	3.09795166136	0.41628612116542835	1.8722505638624176
1999	09	26	0.915000147025	0.4417730265429035	1.8486680437205067
1999	09	27	1.50956167018	0.3653123104104779	2.1257872345890014
1999	09	28	0.00284892524885	0.3143384996555275	2.596106073197222
1999	09	29	5.1029379656	0.2803559591522272	2.3194818815629894
1999	09	30	2.3208133117600003	0.2718603240264022	1.9104806264799707
1999	10	01	0.0276272501468	0.2718603240264022	2.305405793590069
1999	10	02	0.931422481796	0.25486905377475205	1.9608751653984893
1999	10	03	0.0522979179563	0.23787778352310193	1.821755521148073
1999	10	04	0.00042079855598	0.22938214839727683	2.145426862182252
1999	10	05	1.74935614609	0.22088651327145176	1.856051861410782
1999	10	06	0.0063883608648	0.22088651327145176	2.0217001333123936
1999	10	07	0.000412152082378	0.22088651327145176	2.2006852454623895
1999	10	08	0.0004124961959	0.2123908781456267	2.2710772778665906
1999	10	09	0.0	0.20389524301980164	2.3055473133736797
1999	10	10	0.0008347338933899999	0.20389524301980164	2.276718474982534
1999	10	11	0.421772357983	0.19539960789397656	2.402255153157097
1999	10	12	25.2176992206	0.20389524301980164	1.269980817513841
1999	10	13	5.18659936885	0.22088651327145176	1.378561478190419
1999	10	14	0.6644549523200001	0.2123908781456267	1.5701232942318988
1999	10	15	0.037187825701700004	0.20389524301980164	1.8969805471027585
1999	10	16	11.191797631399998	0.2123908781456267	1.4560915026594452
1999	10	17	6.144177108829999	0.22088651327145176	1.481264789686177
1999	10	18	0.7406332258999999	0.22088651327145176	1.576250560090304
1999	10	19	28.4552231408	0.23787778352310193	0.9131186362423848
1999	10	20	14.683399030699999	2.9140028481579985	1.0621537364274778
1999	10	21	18.6567303478	3.228341347813526	1.2593475393642302
1999	10	22	24.426036963199998	11.808932824896845	0.9483974325387584
1999	10	23	35.4540639464	25.232036323700452	0.891279874106389
1999	10	24	11.7089707971	28.37542132025573	0.9600309174053957
1999	10	25	3.0170807284500003	8.75050417959982	1.136325018841215
1999	10	26	1.85412576407	3.9589659686344816	1.6128483102693003
1999	10	27	0.190661163501	4.562156062568062	1.4486875800532297
1999	10	28	0.9979738938199999	2.897011577906348	1.647779291235498
1999	10	29	5.82613476534	2.633646889005771	1.3896100127033923
1999	10	30	3.10055963993	2.897011577906348	0.7727870901310745
1999	10	31	4.1954915949	9.005373233374572	0.7793059082537547
1999	11	01	8.042934537899999	13.76292890383661	1.0985774942711226
1999	11	02	5.531014432629999	6.974916438302382	1.321987957833321
1999	11	03	0.00249568694493	3.0669242804228496	1.1949409526202803
1999	11	04	0.00042079855598	2.115413146330442	1.3135826669384083
1999	11	05	0.26063838221	1.733109565668314	1.2590651303005247
1999	11	06	0.250527303355	1.5292143226485122	1.0629984042093337
1999	11	07	0.00823734243055	1.3423103498803608	1.3732227603738962
1999	11	08	0.0008243041067299999	1.1978845527413347	1.3682765814936275
1999	11	09	0.0016713017952200001	1.104432566357259	1.2337343936664098
1999	11	10	0.00123357367019	1.002484944847358	1.19398643434075
1999	11	11	0.0036997623243399994	0.9260242287149324	1.1562320821057377
1999	11	12	0.0158531944868	0.883546053085807	0.954634157062515
1999	11	13	0.186469607036	0.8495635125825068	0.9216309335873232
1999	11	14	1.3220672853	0.866554782834157	0.9915981989603219
1999	11	15	0.00616169554507	0.8070853369533815	1.094626891002886
1999	11	16	0.015281045554500002	0.7731027964500812	1.0063302877426383
1999	11	17	0.0011454941673	0.7051377154434807	0.9569695956714754
1999	11	18	0.063565316696	0.6541639046885303	0.9395266564420026
1999	11	19	0.165875299575	0.6541639046885303	1.0122169996694323
1999	11	20	0.006867067627999999	0.6116857290594049	0.8483949298622794
1999	11	21	0.08760108819099999	0.5861988236819297	0.7284597413146962
1999	11	22	0.0017754537264299999	0.5267293778011543	0.8181933351737198
1999	11	23	0.000426562994214	0.5267293778011543	0.8933522027083525
1999	11	24	0.0008243041067299999	0.49274683729785396	0.8194504416293676
1999	11	25	0.00042079855598	0.4672599319203788	0.8233545516139206
1999	11	26	0.0	0.4672599319203788	0.8147743238180294
1999	11	27	0.0015928968706	0.4672599319203788	0.8627577845412236
1999	11	28	0.035887804428	0.4672599319203788	0.877038717800686
1999	11	29	12.9553015801	0.49274683729785396	0.6535351494916661
1999	11	30	0.004395449190899999	0.5522162831786295	1.0490218944354563
1999	12	01	0.00042079855598	0.47575556704620386	0.8656047852071582
1999	12	02	0.0012451022758700001	0.4672599319203788	0.8633921286748365
1999	12	03	0.000409269872932	0.4417730265429035	0.8958407936657041
1999	12	04	0.008052490453000001	0.4417730265429035	0.9358200668205476
1999	12	05	0.00364369170383	0.4417730265429035	0.8420540784517067
1999	12	06	0.00207561119949	0.4247817562912534	0.7470436792332056
1999	12	07	0.00124222002774	0.4247817562912534	0.7732572304753808
1999	12	08	0.146250219734	0.4247817562912534	0.8088257613386632
1999	12	09	8.509398782199998	0.5097381075495041	0.6873558169753748
1999	12	10	0.63127800656	0.501242472423679	0.7822228828681504
1999	12	11	1.6148171591999998	0.4672599319203788	0.6143462377289338
1999	12	12	6.3772430832	0.747615891072606	0.7943488319515148
1999	12	13	7.950460435899999	0.6711551749401804	0.8023540656452136
1999	12	14	28.362428928699998	4.0014441442636075	0.8766694872339428
1999	12	15	0.097147274265	4.655608048952138	0.5416005355987564
1999	12	16	0.0056990216558	1.4442579713902615	0.6394571802795198
1999	12	17	0.0020636411126600004	1.0874412961056088	0.6364892148678242
1999	12	18	0.0075816616864	0.9515111340924077	0.7451423495859243
1999	12	19	1.10627410377	0.883546053085807	0.6983786727756055
1999	12	20	0.0113070769185	0.8325722423308567	0.5701104270994983
1999	12	21	0.0852052197956	0.7731027964500812	0.80956312390422
1999	12	22	0.8195005500429999	0.8410678774566818	0.5679060162196526
1999	12	23	1.0010917275100002	0.8750504179599821	0.6930543068283856
1999	12	24	0.980506298027	0.7985897018275564	0.5327459059550972
1999	12	25	4.2682445937	1.0704500258539587	0.6873083335867515
1999	12	26	2.6176216208099996	1.6566488495358882	0.5351618655404035
1999	12	27	8.6806954026	1.4782405118935618	0.8259297460081696
1999	12	28	8.6647508249	2.081430605827142	0.6276796135323005
1999	12	29	10.1162064192	14.357623362644363	0.6262252096792034
1999	12	30	0.00042079855598	4.519677886938936	0.6860497612416503
1999	12	31	0.00042079855598	2.327804024476069	0.7843565361561747
2000	01	01	0.0	1.7755877412974392	0.6781418374467405
2000	01	02	0.0016611083678000002	1.5631968631518125	0.6684645103262252
2000	01	03	0.0061842292652	1.376292890383661	0.6752932691528915
2000	01	04	0.00565814872166	1.2658496337479352	0.6292089168129691
2000	01	05	0.042890333753	1.2148758229929848	0.5879751979022829
2000	01	06	0.060893772577199995	1.138415106860559	0.6416940494613215
2000	01	07	0.00123196383553	1.0534587556023085	0.7217586650799019
2000	01	08	1.56538500322	1.002484944847358	0.7067726940483571
2000	01	09	0.34573883025999996	1.0364674853506584	0.8097599356117731
2000	01	10	0.0	0.9005373233374572	0.7521586896558722
2000	01	11	0.0	0.883546053085807	0.6179263604617384
2000	01	12	0.0033892451793699997	0.883546053085807	0.728388258887163
2000	01	13	10.4830081072	1.1214238366089089	0.4746946318475573
2000	01	14	8.310664567700002	1.4527536065160866	0.5082339285330084
2000	01	15	0.216862039792	1.2148758229929848	0.6402754999460294
2000	01	16	0.0014434712167000002	1.002484944847358	0.7776114781084255
2000	01	17	0.0008243041067299999	0.9175285935891073	0.7891602368895633
2000	01	18	0.000824304164756	0.883546053085807	0.857216755090498
2000	01	19	0.0008243041067299999	0.8495635125825068	0.9189194980867827
2000	01	20	0.0	0.7815984315759062	0.8790987671175182
2000	01	21	0.00165437174262	0.7646071613242561	0.8748847224298495
2000	01	22	0.00167231289827	0.747615891072606	0.8227827908929806
2000	01	23	0.0016588496090399999	0.7136333505693058	0.7765709646030762
2000	01	24	0.0012410251756899999	0.7136333505693058	0.6514550968993993
2000	01	25	0.00134505244771	0.7051377154434807	0.645109227365601
2000	01	26	0.022912542871	0.6626595398143553	0.7026890034633922
2000	01	27	0.041743498218000004	0.6541639046885303	0.8910727362597856
2000	01	28	0.14380230588499998	0.6541639046885303	0.9571551602045402
2000	01	29	0.00189955035436	0.6541639046885303	0.9853053197962272
2000	01	30	0.00128746599466	0.628676999311055	1.2920877723913007
2000	01	31	0.000824304164756	0.6031900939335798	1.1365746308204014
2000	02	01	7.1333257316	0.9769980394698827	0.9451767990974852
2000	02	02	0.558338986075	1.0194762150990082	1.1319485321501008
2000	02	03	0.00555973943025	0.756111526198431	1.2263929774533215
2000	02	04	0.00042079855598	0.6711551749401804	1.2029498308298834
2000	02	05	0.0045735851424999995	0.6541639046885303	1.1959017648273642
2000	02	06	0.23860911111099997	0.6116857290594049	1.211853502933973
2000	02	07	0.546853019834	0.6031900939335798	0.8462152279374924
2000	02	08	0.655344241705	0.5607119183044544	0.9152917379034351
2000	02	09	0.554421650815	0.5437206480528044	1.1143096380534467
2000	02	10	1.01945608612	0.5437206480528044	0.9886478923214498
2000	02	11	0.6733445355200001	0.5437206480528044	0.8899017077427748
2000	02	12	0.0266519007838	0.5182337426753292	1.221216411737308
2000	02	13	0.0043991899337000005	0.49274683729785396	1.44729302292168
2000	02	14	0.00550732570497	0.47575556704620386	1.3610938360495328
2000	02	15	0.0057494888022	0.4672599319203788	1.6376906711674226
2000	02	16	0.51900166167	0.4672599319203788	0.8341916856318223
2000	02	17	0.5484006312799999	0.4672599319203788	1.0828803313596351
2000	02	18	0.0047659345628	0.4672599319203788	1.5843924391984041
2000	02	19	0.00334565604817	0.4672599319203788	1.6384407400285217
2000	02	20	0.0	0.4502686616687286	1.5622808091051927
2000	02	21	0.000412152082378	0.4417730265429035	1.7556002084331475
2000	02	22	0.1236918627315	0.4417730265429035	1.313952349274562
2000	02	23	0.14936444614099997	0.4417730265429035	1.6288968577529261
2000	02	24	2.5293963759499998e-05	0.4332773914170785	1.7650383459738568
2000	02	25	0.00124222002774	0.4247817562912534	1.8607050736621067
2000	02	26	0.00041247653475699997	0.4247817562912534	1.8597886050151413
2000	02	27	0.0092673740453	0.4077904860396033	2.0553363632888515
2000	02	28	0.18189417956799997	0.373807945536303	1.4118832120964877
2000	02	29	0.05587398006699999	0.373807945536303	1.2963021926264982
2000	03	01	0.39993100408500004	0.4247817562912534	1.604977968162249
2000	03	02	0.00042079855598	0.4247817562912534	1.7695676695449525
2000	03	03	0.00123933758619	0.4077904860396033	1.9621539965232413
2000	03	04	0.00166013633559	0.4077904860396033	2.0997563580083973
2000	03	05	0.000420798604335	0.3992948509137782	2.041252672175336
2000	03	06	0.000824304164756	0.3992948509137782	2.2372273050429983
2000	03	07	0.017358175197700002	0.3992948509137782	2.228215749245844
2000	03	08	0.00042079855598	0.373807945536303	2.3137138856625614
2000	03	09	0.0	0.33132976990717766	2.4528799982249074
2000	03	10	0.00123933758619	0.3228341347813526	2.437517110593007
2000	03	11	0.0448919096758	0.24637341864892698	2.6314977578148473
2000	03	12	1.60643114497	0.33132976990717766	2.3028584204588736
2000	03	13	0.041448484363000006	0.3143384996555275	2.5300982642302214
2000	03	14	0.00042079855598	0.30584286452970244	2.6356167223138933
2000	03	15	0.00165437261301	0.29734722940387737	2.5769457480831375
2000	03	16	0.0	0.30584286452970244	2.8341468702520136
2000	03	17	0.00124891796892	0.2803559591522272	2.710026547316419
2000	03	18	0.0	0.2718603240264022	2.9857129452493965
2000	03	19	0.0	0.2803559591522272	2.540698362999516
2000	03	20	0.117644533241	0.2803559591522272	2.4194297896821277
2000	03	21	11.599530859800002	0.2718603240264022	2.1321206407999655
2000	03	22	8.7599743922	0.33982540503300274	2.0410954160482317
2000	03	23	4.7899582939	0.4077904860396033	1.7738241614511325
2000	03	24	3.3234401171	0.4502686616687286	2.019358650906711
2000	03	25	1.15610770296	0.4077904860396033	1.8093283530035253
2000	03	26	0.0079648847324	0.373807945536303	2.2408150459180334
2000	03	27	0.335503275964	0.33982540503300274	2.125871185427152
2000	03	28	0.35177215130699996	0.30584286452970244	1.9577035164499825
2000	03	29	0.214114179878	0.30584286452970244	2.2076393414837976
2000	03	30	2.0633436327	0.28885159427805235	2.137226245750745
2000	03	31	0.00164293182001	0.28885159427805235	2.63135986330761
2000	04	01	3.1122012995999997	0.2803559591522272	2.361811696146844
2000	04	02	21.0025348775	0.7051377154434807	1.796053747758359
2000	04	03	11.0761953329	0.9005373233374572	1.3283363814426838
2000	04	04	2.74857634168	0.628676999311055	1.74296172005463
2000	04	05	0.667801263385	0.47575556704620386	1.9921325641554066
2000	04	06	0.000420798604335	0.4502686616687286	2.628638013233381
2000	04	07	0.00171784299917	0.41628612116542835	3.1434502349417577
2000	04	08	10.996697778700002	0.4417730265429035	2.329437677672283
2000	04	09	4.141079260760001	0.5946944588077547	2.3001335832163887
2000	04	10	1.9412813963300002	0.5522162831786295	2.0383815105032608
2000	04	11	0.7877386359899999	0.45876429679455366	1.9618415841867651
2000	04	12	7.741627473069999	0.45876429679455366	1.4050950825214636
2000	04	13	23.335350287100002	1.0194762150990082	1.6813144617511542
2000	04	14	16.6419912269	7.374211289216159	1.4803997842431182
2000	04	15	9.3401473532	2.735594510515672	1.8604159780557745
2000	04	16	3.85196046052	4.247817562912534	1.8971036833304558
2000	04	17	7.777832118799999	1.9030222681848155	2.0433719880503562
2000	04	18	20.216254531599997	5.972431493455023	1.7778350996604975
2000	04	19	7.3983449801	4.783042575839513	2.033082772515927
2000	04	20	8.4234738814	5.836501331441822	2.0858178468298805
2000	04	21	6.0111725228	3.5511754825948785	2.4901049038191907
2000	04	22	10.464766667000001	4.213835022409234	1.9287366389555605
2000	04	23	2.24861542836	2.6676294295090712	2.221254445856415
2000	04	24	5.1735643115	1.996474254568891	1.7331391089851753
2000	04	25	11.8288428421	3.8145401714954557	2.155835997084962
2000	04	26	2.34213129048	2.6591337943832465	2.3914080448862807
2000	04	27	1.59220404016	1.9030222681848155	2.5035454742323275
2000	04	28	5.478747609839999	1.5886837685292878	2.2910289200469203
2000	04	29	16.842125802199998	2.5656818079991703	1.866026880730343
2000	04	30	6.6043152619	2.557186172873345	2.980707732897359
2000	05	01	3.6037134339	1.8520484574298648	2.5907917433762244
2000	05	02	1.11889978769	2.404264740608494	3.1684449909606345
2000	05	03	7.7481692276	1.7840833764232642	3.8911529575991244
2000	05	04	9.397573751200001	4.179852481905933	3.2073976617543605
2000	05	05	10.213759730400001	3.8400270768729303	2.833260705456444
2000	05	06	2.8984915416	3.636131833853129	3.1921344676360555
2000	05	07	3.3998245764	2.149395686833742	3.0805188867805913
2000	05	08	5.40908188437	2.2683345785952933	3.0604649504989703
2000	05	09	5.4626614487000005	2.225856402966168	3.1901446253679464
2000	05	10	7.3279884551	2.1578913219595672	3.1798541420355573
2000	05	11	4.85584072417	1.86054409255569	2.7079725022671504
2000	05	12	1.45031673734	1.5462055929001624	3.853078864860059
2000	05	13	0.007724630303729999	1.3253190796287107	4.193021367097347
2000	05	14	0.15136478611	1.1469107419863844	4.434454388553292
2000	05	15	1.62507934743	1.002484944847358	4.751322213903671
2000	05	16	5.4078549246	0.9430154989665827	3.966809411468134
2000	05	17	0.00279332976457	0.8750504179599821	4.2221682934603315
2000	05	18	0.00260122763174	0.8155809720792065	4.659997864348101
2000	05	19	0.00123933758619	0.7391202559467809	4.677288981326402
2000	05	20	1.79157663737	0.7051377154434807	4.392123078981347
2000	05	21	8.9270022332	0.9005373233374572	3.8272548334276157
2000	05	22	1.0357755117799998	2.625151253879946	3.0228193363422786
2000	05	23	3.45803413198	1.1723976473638593	3.8685478162065317
2000	05	24	0.203149780338	0.9854936745957079	3.9756345953630157
2000	05	25	1.83585327996	0.8580591477083319	2.251126488439556
2000	05	26	4.266392307069999	0.8240766072050316	3.2558640618426398
2000	05	27	0.0138036300949	0.756111526198431	3.609849563697676
2000	05	28	0.71995343647	0.6881464451918305	2.959680225269482
2000	05	29	0.826613967054	0.6541639046885303	3.555029859681291
2000	05	30	0.011587977883199999	0.62018136418523	4.729180366104188
2000	05	31	0.0	0.5607119183044544	5.774550163760243
2000	06	01	1.8748657071200001	0.4842512021720288	5.355205438931548
2000	06	02	0.649612414083	0.4502686616687286	5.1422217979197695
2000	06	03	0.0281787572967	0.41628612116542835	5.262362124705778
2000	06	04	0.31800781801999994	0.3992948509137782	4.443316394418963
2000	06	05	0.025444184369599998	0.373807945536303	3.44386254342482
2000	06	06	0.00165437261301	0.3483210401588278	4.815959591153901
2000	06	07	0.0	0.3228341347813526	4.9738684737064585
2000	06	08	0.03703634205899999	0.3143384996555275	4.942396395412832
2000	06	09	1.96190586764	0.28885159427805235	2.6503574426964276
2000	06	10	0.0157196379768	0.28885159427805235	3.5197134534020367
2000	06	11	0.09752363090099998	0.28885159427805235	3.674055131805401
2000	06	12	0.0016643549225	0.2718603240264022	5.694346909829654
2000	06	13	0.0016601364323	0.25486905377475205	5.704693103408398
2000	06	14	0.0	0.23787778352310193	5.699324391840099
2000	06	15	0.000426562994214	0.22088651327145176	5.748631130046809
2000	06	16	0.00083006850628	0.2123908781456267	5.46281907944945
2000	06	17	0.0	0.20389524301980164	6.196659484006825
2000	06	18	0.00082646567194	0.1869039727681515	5.637703623482334
2000	06	19	0.606369224224	0.1869039727681515	4.909409274112761
2000	06	20	0.12144246549950001	0.17840833764232644	3.7998371618180267
2000	06	21	0.34064595593700003	0.17840833764232644	4.261960140942761
2000	06	22	0.0026202236033599996	0.17840833764232644	5.107956301101084
2000	06	23	0.0	0.16991270251650137	5.917735798725523
2000	06	24	0.00166301877714	0.1614170673906763	6.119036771640405
2000	06	25	0.0012416227467799998	0.14442579713902617	6.65599661866296
2000	06	26	0.0095342675336	0.1359301620132011	5.552072051841713
2000	06	27	0.9167234418569999	0.1359301620132011	3.809683239353673
2000	06	28	0.00194562706018	0.14442579713902617	4.90952484928389
2000	06	29	4.39864768073e-05	0.1359301620132011	5.215498762442994
2000	06	30	0.24152363136799998	0.12743452688737603	5.243609179098786
2000	07	01	0.0207897022792	0.11893889176155097	4.005892612236381
2000	07	02	0.76769916347	0.11893889176155097	3.5512797797206637
2000	07	03	12.8005945931	0.1614170673906763	2.7342616647151607
2000	07	04	0.080697589906	0.1869039727681515	3.5138509833492018
2000	07	05	0.0014066167764799997	0.17840833764232644	5.063001321581156
2000	07	06	0.28220374511	0.16991270251650137	4.324532054306027
2000	07	07	0.11162317522099999	0.1614170673906763	3.8041304466847174
2000	07	08	0.00042079855598	0.15292143226485122	5.285834524202168
2000	07	09	0.00420857036517	0.15292143226485122	5.4380583756482945
2000	07	10	5.7017392068	0.1359301620132011	3.128599256758505
2000	07	11	0.0033565217068	0.14442579713902617	3.711532386528544
2000	07	12	0.00290279968197	0.1359301620132011	5.213077313243893
2000	07	13	0.00083006850628	0.11893889176155097	5.946384016246528
2000	07	14	0.00289947479217	0.11044325663572588	5.7890317090671175
2000	07	15	0.000824304164756	0.10194762150990082	5.908748826040693
2000	07	16	0.00124510246929	0.09345198638407574	5.772587105161323
2000	07	17	0.34888403288	0.08495635125825068	5.885352210244283
2000	07	18	0.00337799828992	0.07646071613242561	5.366505617447672
2000	07	19	0.0517656783397	0.07646071613242561	5.782748247239473
2000	07	20	0.0036572607938	0.05946944588077548	5.82216255248511
2000	07	21	0.050065593907700004	0.05097381075495041	6.329463854515066
2000	07	22	0.047434859474700004	0.05097381075495041	3.8595175178950787
2000	07	23	4.39996873933	0.025486905377475205	3.2038621872094732
2000	07	24	9.4608830185	0.016991270251650138	2.4956893652532073
2000	07	25	0.7408092381	0.04247817562912534	3.352401029196988
2000	07	26	0.793469428815	0.07646071613242561	3.4923152889163562
2000	07	27	0.00053990988012	0.08495635125825068	4.582851299280928
2000	07	28	0.00407457566216	0.07646071613242561	4.700362873231894
2000	07	29	0.0007004217301339999	0.06796508100660055	5.738100170616933
2000	07	30	0.00082661189746	0.05946944588077548	5.899948907068474
2000	07	31	0.0012605625298900002	0.05097381075495041	6.017354038300921
2000	08	01	0.005993146745899999	0.033982540503300275	5.512795121141959
2000	08	02	0.012592799618700001	0.025486905377475205	5.117977652059818
2000	08	03	0.000804087326096	0.016991270251650138	4.05290081267691
2000	08	04	0.0	0.016991270251650138	4.8505954739556
2000	08	05	0.0008358328381330001	0.008495635125825069	4.900976447432802
2000	08	06	0.00083583280912	0.008495635125825069	5.101396763362112
2000	08	07	0.00125158290968	0.008495635125825069	5.371854300777734
2000	08	08	0.00165437261301	0.008495635125825069	5.333295937943477
2000	08	09	0.00333180147028	0.008495635125825069	5.746392734853023
2000	08	10	0.00165737188024	0.008495635125825069	5.652951658506815
2000	08	11	1.31916666227	0.0	4.031225551798994
2000	08	12	0.0059642913831999995	0.0	4.3509096626319055
2000	08	13	0.186959530225	0.0	4.07768678066316
2000	08	14	0.00193032666779	0.0	4.946657527604933
2000	08	15	0.0028994750823	0.0	5.861670218146334
2000	08	16	0.00199211807164	0.0	5.472088742136693
2000	08	17	0.00197853786002	0.0	5.1681245885066485
2000	08	18	0.1176525272896	0.0	4.170047632739891
2000	08	19	0.060909769378300005	0.0	4.04481153701973
2000	08	20	0.6080592895	0.0	3.2630181727092786
2000	08	21	0.054994184052399996	0.0	3.4178288295745762
2000	08	22	8.7236936357	0.0	2.8418550120575583
2000	08	23	0.91378068228	0.0	3.0314297855982133
2000	08	24	0.0	0.0	3.6392500306673226
2000	08	25	1.0101620617	0.0	3.6267881964215403
2000	08	26	0.1202071983405	0.0	3.6024770752001305
2000	08	27	0.00125414543455	0.0	4.178928111170424
2000	08	28	0.00123003872627	0.0	4.312392566525272
2000	08	29	0.00043462166443600003	0.0	4.179100874903232
2000	08	30	0.008117946682300002	0.0	3.261367660016853
2000	08	31	0.0044140271818999995	0.0	4.35519448942875
2000	09	01	0.0069263092727	0.0	4.237914155545522
2000	09	02	3.2444106393e-07	0.0	4.172525280293002
2000	09	03	0.0023423352518699998	0.0	4.004571634859162
2000	09	04	0.000824304164756	0.0	4.032748717942632
2000	09	05	0.00042079855598	0.0	4.028672452502991
2000	09	06	0.00082718635486	0.0	4.510436856984674
2000	09	07	0.0	0.0	4.791362085287105
2000	09	08	0.0	0.0	4.44403406464712
2000	09	09	0.000417783496007	0.0	4.771772423568734
2000	09	10	0.0008185877720500001	0.0	4.489294107996206
2000	09	11	0.224535533426	0.0	4.2928641337818965
2000	09	12	0.0021726414063	0.0	4.20560036351033
2000	09	13	0.005205050186199999	0.0	3.8187348209758074
2000	09	14	0.00244953490202	0.0	3.8124638401634376
2000	09	15	0.000413829855813	0.0	3.6524937810716684
2000	09	16	0.0	0.0	3.5849703970842266
2000	09	17	0.16525354131399997	0.0	3.1722283655404215
2000	09	18	2.87189416398	0.0	2.693042087147329
2000	09	19	8.9059001112	0.0	1.70527399644445
2000	09	20	0.151729324784	0.0	2.103459738261197
2000	09	21	0.00736497074594	0.0	2.974123535915421
2000	09	22	0.0039129317635699995	0.0	3.449663159020683
2000	09	23	0.95261409923	0.0	2.8104606671236176
2000	09	24	0.00077601515966	0.0	2.407591259562315
2000	09	25	0.00122887772272	0.0	3.1478048886655396
2000	09	26	0.494001778514	0.0	2.5524470128923857
2000	09	27	0.005043571565000001	0.0	2.6385490834610232
2000	09	28	10.520849763100001	0.0	1.4745473272067795
2000	09	29	3.58403130483	0.0	1.663333451174996
2000	09	30	0.40920536736199997	0.0	1.7901083706198035
2000	10	01	0.9334984973399999	0.0	1.7357415553503754
2000	10	02	0.00765257574455	0.0	2.5309303522355497
2000	10	03	0.0008353115132069999	0.0	2.745683157633449
2000	10	04	0.019361722070299996	0.0	2.8966417417507633
2000	10	05	0.0123098658098	0.0	2.533681032038099
2000	10	06	0.00042079855598	0.0	2.363343943881796
2000	10	07	0.0008358328381330001	0.0	2.5643587721782493
2000	10	08	0.00125663088155	0.0	2.5766241279408524
2000	10	09	0.38648002603799997	0.0	2.2291393130782495
2000	10	10	1.3593350640600002	0.0	1.3860460201362257
2000	10	11	12.4098194632	0.0	1.614109769288151
2000	10	12	0.6747394225339999	0.0	1.4121476379644078
2000	10	13	0.049252016197199995	0.0	1.537846665707061
2000	10	14	3.50805960381	0.0	1.4059101493570632
2000	10	15	0.86018554764	0.0	1.5061889876336694
2000	10	16	0.014829023014499999	0.0	1.7559713886111428
2000	10	17	8.111027081800001e-08	0.0	1.9976273953428414
2000	10	18	7.106220142930001	0.0	1.8955421663264447
2000	10	19	2.5007813376	0.0	1.395472912016548
2000	10	20	25.7900444742	0.0	1.284808050265302
2000	10	21	0.0139403935085	0.0	1.3199883037256002
2000	10	22	0.000824304164756	0.0	1.790269316881814
2000	10	23	0.00083006850628	0.0	1.878457673434628
2000	10	24	0.0018569032752700002	0.0	1.903781907361999
2000	10	25	0.138644471455	0.0	1.7085187107092856
2000	10	26	1.55037416057	0.0	1.370955984661794
2000	10	27	0.00228332957957	0.008495635125825069	1.7459313982960887
2000	10	28	0.83294156696	0.008495635125825069	1.1813107260842766
2000	10	29	0.030400758519899998	0.008495635125825069	1.1637248979233807
2000	10	30	15.8078036483	0.008495635125825069	1.1665411381004962
2000	10	31	0.6033224337	0.08495635125825068	1.0084570756909859
2000	11	01	13.4365034613	0.05946944588077548	0.8044921445544716
2000	11	02	14.0327786373	0.09345198638407574	1.0980990374711828
2000	11	03	1.5679408550999998	0.10194762150990082	0.8461757248472287
2000	11	04	8.6142894811	0.09345198638407574	0.8441503165129677
2000	11	05	51.464626879399994	0.20389524301980164	1.1242254517668169
2000	11	06	8.841029944499999	0.62018136418523	0.7193073820077543
2000	11	07	3.6389250613499997	0.49274683729785396	0.6439737999626799
2000	11	08	0.24160227594000003	0.3228341347813526	0.8496982457635548
2000	11	09	1.4805355176200001	0.22938214839727683	0.928718845684247
2000	11	10	0.00097570225779	0.1869039727681515	1.0074507574360447
2000	11	11	0.0	0.16991270251650137	1.0764732396676309
2000	11	12	19.1511776306	0.19539960789397656	0.9246224761645477
2000	11	13	0.414217295415	0.33982540503300274	0.8751173639394433
2000	11	14	1.1285598594600001	0.24637341864892698	0.8392841056665928
2000	11	15	0.002296108162	0.22088651327145176	1.0205500951130684
2000	11	16	2.5597847855699998	0.2123908781456267	0.7861459744124545
2000	11	17	0.0457331087294	0.20389524301980164	0.8588659471931426
2000	11	18	0.371900094135	0.19539960789397656	0.8097951224880646
2000	11	19	0.803046513734	0.1869039727681515	0.6782773098938046
2000	11	20	1.5373486775100003	0.1869039727681515	0.5761850477229762
2000	11	21	7.871743331399999	0.1869039727681515	0.6761406163528674
2000	11	22	6.90663623437	0.4247817562912534	0.4653861678475149
2000	11	23	2.77148055782	0.5097381075495041	0.9022511496298043
2000	11	24	10.8641074016	0.41628612116542835	0.8841117863365047
2000	11	25	3.0848710535999997	0.4332773914170785	0.8387858060990881
2000	11	26	11.0381592899	0.8495635125825068	0.6294465531327947
2000	11	27	0.575944055133	1.1893889176155095	0.8061228555293989
2000	11	28	17.414070676399998	0.6881464451918305	1.0434412276718583
2000	11	29	12.9600858238	1.4357623362644365	0.6045540294785552
2000	11	30	30.191167640799996	7.654567248368386	0.802418780940586
2000	12	01	24.013969192599998	25.232036323700452	0.6603650079296404
2000	12	02	6.9150541629	5.8959707773225976	0.5885043061702411
2000	12	03	5.230202523	3.2708195234426514	0.5982917831906059
2000	12	04	15.330106537499999	7.52713272148101	0.5586332254063372
2000	12	05	33.5174461964	31.3488936142945	0.5181153942264135
2000	12	06	35.74358080500001	16.056750387809377	0.6432725033695371
2000	12	07	51.4381747602	108.74412961056088	0.8849794646172796
2000	12	08	8.909366197599999	46.21625508448837	0.6342137259357948
2000	12	09	6.47965355744	22.853258488469432	0.6154618029403437
2000	12	10	10.534692832500001	37.63566360740505	0.38404349640654745
2000	12	11	0.424619500383	14.527536065160868	0.7845854611875441
2000	12	12	5.30103447436	8.580591477083319	0.9417673549169983
2000	12	13	10.404777454	8.75050417959982	0.6190766339150912
2000	12	14	13.1936027569	16.39657579284238	0.6707122703772728
2000	12	15	0.154033711322	7.722532329374987	0.5983255294507672
2000	12	16	0.006049290382459999	5.666588628925321	0.757113088851959
2000	12	17	1.76957898077	5.8449969665676464	0.5223185318514187
2000	12	18	11.3915888862	24.89221091866745	0.5397925687147836
2000	12	19	0.092599167372	8.342713693560217	0.6590424464447332
2000	12	20	3.7092936751	6.099866020342398	0.36383151853866674
2000	12	21	16.0714960356	5.428710845402218	0.36947972970102855
2000	12	22	16.2855500812	13.423103498803608	0.2616971553311008
2000	12	23	7.29248273254	8.04536646415634	0.43459460869687505
2000	12	24	3.3928953049	8.393687504315169	0.5276862815953772
2000	12	25	10.379008107399999	16.31161944158413	0.5374275322798779
2000	12	26	10.9054006374	11.639020122380343	0.4788818147230071
2000	12	27	6.6757955571	10.10980579973183	0.5406154603784693
2000	12	28	23.581133916600002	19.79482984317241	0.7048013297182063
2000	12	29	7.46930952087	9.005373233374572	0.5745317747503845
2000	12	30	7.3629152715999995	9.685024043440578	0.648314786069992
2000	12	31	8.674172313100001	13.423103498803608	0.7197745538420275
2001	01	01	31.999250063999998	37.0409691485973	0.5952984254514674
2001	01	02	5.305651796599999	22.68334578595293	0.4700609763744011
2001	01	03	25.499636916500002	20.134655248205412	0.6399436047667
2001	01	04	2.5530028033999996	15.631968631518124	0.5784141729365497
2001	01	05	50.2384988154	73.14741843335382	0.8810443152806258
2001	01	06	0.7897763156900001	18.010746466749143	0.6921771783563287
2001	01	07	0.225149158376	9.345198638407576	0.6367349964602645
2001	01	08	4.289127184	7.348724383838684	0.5085212574316592
2001	01	09	11.1615776906	21.324044165820922	0.8166148350796083
2001	01	10	21.6761509747	16.48153214410063	0.6551679348293284
2001	01	11	5.081938646329999	11.384151068605592	0.6800319027236298
2001	01	12	0.164872784373	7.748019234752461	0.8868543748378243
2001	01	13	0.000459169534723	5.539154102037944	0.8780412825308989
2001	01	14	0.09285252823000001	4.519677886938936	0.8446070702698214
2001	01	15	0.432769397148	4.018435414515258	0.7432275541906901
2001	01	16	8.422377189999999	4.851007656846114	0.49504987912715626
2001	01	17	5.25366785056	4.4262259005548605	0.6137056621138732
2001	01	18	6.95570292326	9.005373233374572	0.5002253170089244
2001	01	19	0.5095526788169998	5.641101723547846	0.7806883606075031
2001	01	20	0.034276548131	4.035426684766907	0.762441833754673
2001	01	21	0.0195646573672	3.6531231041047794	0.6884831094237266
2001	01	22	9.7608020047	13.93284160635311	0.8769949649657913
2001	01	23	11.1956099396	8.138818450540414	0.8119157340798192
2001	01	24	28.070541708	25.486905377475203	0.8774487301505229
2001	01	25	8.7226191876	19.879786194430658	0.5148504871009361
2001	01	26	37.759481412999996	46.38616778700487	0.9495848088496424
2001	01	27	3.71263955097	18.945266330589902	0.7730707420053972
2001	01	28	11.9541925415	19.370048086881155	0.5934776982647599
2001	01	29	0.15465835154100002	11.723976473638594	0.8293776069912003
2001	01	30	0.0378012388568	6.618099763017728	1.1656769490502752
2001	01	31	0.21553796383999999	5.5901279127928944	0.8294741690517861
2001	02	01	0.0074272651385	4.92746837297854	1.1273123608949542
2001	02	02	0.00692241321364	4.086400495521858	1.278828343357731
2001	02	03	0.0770583287774	3.636131833853129	1.0664413832543826
2001	02	04	3.33092140928	3.619140563601479	0.7228734609783511
2001	02	05	3.61062578115	3.7040969148597296	0.9373018207712676
2001	02	06	53.706711868300005	44.26225900554861	0.7996376002041861
2001	02	07	27.076720735	36.95601279733905	0.6734922234970983
2001	02	08	5.323338701659999	30.754199155486752	0.8657019350938433
2001	02	09	4.596696221329999	10.279718502248333	0.8698864553350981
2001	02	10	0.7425128814599999	9.260242287149325	1.1365947859053458
2001	02	11	0.00423237727245	6.329248168739675	1.5279706048403112
2001	02	12	0.000426562994214	5.071894170117566	1.5900223001867007
2001	02	13	0.0259121031323	4.145869941402633	1.3243832710187105
2001	02	14	0.31895928001299995	3.8315314417471056	1.1860979558801337
2001	02	15	0.0022667612223700004	3.525688577217404	1.3108360617781536
2001	02	16	0.0033179034696	3.1518806316811	1.4228361127825653
2001	02	17	0.00165437164591	2.642142524131596	1.4913744585992355
2001	02	18	0.00082609672329	2.336299659601894	1.3146489184701569
2001	02	19	0.00083006850628	2.106917511204617	1.465664693287754
2001	02	20	0.0	1.8945266330589903	1.53630270754993
2001	02	21	0.00082233122273	1.758596471045789	1.5683175588614668
2001	02	22	0.00042079855598	1.639657579284238	1.740769529744242
2001	02	23	0.223145481912	1.5207186875226872	1.7686881839170985
2001	02	24	0.009354769905199999	1.359301620132011	1.4021790569007688
2001	02	25	0.0008358329058299999	1.2233714581188098	1.4330331320377137
2001	02	26	3.64247335125	1.1808932824896843	1.3511712299109566
2001	02	27	4.942865507800001	1.2828409039995852	0.9937217417675205
2001	02	28	0.975875320335	1.359301620132011	1.0432919437363124
2001	03	01	22.5666044313	2.0984218760787923	0.8367692003482824
2001	03	02	43.863217011	26.50638159257421	1.4203609424967807
2001	03	03	16.4719682772	22.68334578595293	1.1402438125941663
2001	03	04	34.678416865	66.26595398143553	1.4676023551646113
2001	03	05	11.5795225279	20.559437004496665	1.5098971575778017
2001	03	06	24.9111343232	48.84990197349414	1.0612862439692854
2001	03	07	15.2612200045	23.70282200105194	1.5206183526816335
2001	03	08	21.7267892978	33.132976990717765	1.2010599265996913
2001	03	09	2.77397142058	18.775353628073404	1.2954460091429787
2001	03	10	4.03873377564	15.886837685292877	1.3050736225836843
2001	03	11	1.0792626139300001	8.835460530858072	1.3562564008177056
2001	03	12	2.8209591346	7.4251850999711095	1.3837174976926339
2001	03	13	0.269759537505	4.579147332819712	1.6397709254175883
2001	03	14	0.00071453390478	3.491706036714103	2.242365625585216
2001	03	15	0.36196947613999997	2.871524672528873	2.5511597888023796
2001	03	16	10.339951773900001	3.6531231041047794	1.4501056312209626
2001	03	17	3.9888252261999995	4.511182251813111	1.4974077270701946
2001	03	18	1.63010159444	3.0584286452970244	1.7746434302436305
2001	03	19	5.639708832539999	4.230826292660884	1.8043115849037232
2001	03	20	26.8051996732	22.853258488469432	1.545685566382972
2001	03	21	36.193572435	89.20416882116321	1.2907946460148465
2001	03	22	9.16665735	34.66219131336627	1.98571452721699
2001	03	23	21.6978971853	47.57555670462038	1.8557814477014698
2001	03	24	16.5162247074	45.87642967945537	1.384577464199544
2001	03	25	2.4802140218999997	38.31531441747106	1.4707348245818623
2001	03	26	6.8613356263	14.952317821452121	1.885873444100461
2001	03	27	3.2339260180699996	9.090329584632821	1.8362072932194287
2001	03	28	4.784258786759999	7.892445031891487	1.9422665774188899
2001	03	29	1.6820355414100001	7.9349232075206135	1.5858276760734444
2001	03	30	0.8889070637	6.0403965744616235	1.9875376439048231
2001	03	31	0.016028593545399997	5.012424724236791	3.0828465666624485
2001	04	01	3.85105738254	4.468704076183986	2.8167919439886364
2001	04	02	2.93405838488	4.264808833164183	1.8674047001978937
2001	04	03	0.6681869912199999	3.7380794553630303	1.896971009857977
2001	04	04	3.1883414694399996	3.6531231041047794	2.049315901296554
2001	04	05	0.33941612388000003	3.1178980911778	2.435701184287784
2001	04	06	1.0953542875400002	2.4722298216150946	2.225550585130144
2001	04	07	2.46037067726	2.115413146330442	1.7627450037156682
2001	04	08	0.012610053649799998	1.8690397276815152	2.7211188303524922
2001	04	09	0.0	1.7161182954166638	3.56372426177415
2001	04	10	0.00313395834172	1.5631968631518125	3.2301910829303813
2001	04	11	0.0008243041067299999	1.4187710660127864	3.467011397203188
2001	04	12	0.000412152082378	1.367797255257836	3.210162582284146
2001	04	13	0.0016681677142500002	1.24036272837046	3.2947251734393994
2001	04	14	0.000843820523215	1.1554063771122094	3.2543143506531016
2001	04	15	0.00042148582559499995	1.1214238366089089	3.474168337616008
2001	04	16	0.0011680433610299999	1.010980579973183	3.692899102550209
2001	04	17	0.7699703978200001	0.993989309721533	2.6911176420994316
2001	04	18	0.00053071720778	0.9430154989665827	2.9829801411713417
2001	04	19	0.00103453820404	0.8580591477083319	2.7268635886121637
2001	04	20	0.0	0.8070853369533815	2.771444828611522
2001	04	21	0.0	0.8410678774566818	2.901760856784683
2001	04	22	2.09322818322	0.756111526198431	2.45883201412929
2001	04	23	2.1037978125400003	0.7815984315759062	1.7422049060259448
2001	04	24	16.537800708399995	1.1893889176155095	2.0487237908869247
2001	04	25	0.568127566093	1.129919471734734	2.3930975897659117
2001	04	26	0.00726640981325	0.8920416882116321	3.2662662880743887
2001	04	27	0.5236966903949999	0.6116857290594049	3.2726199156655635
2001	04	28	0.0	0.5437206480528044	3.6042664982609165
2001	04	29	4.25394853466	0.5267293778011543	2.460050173248009
2001	04	30	0.792195680747	0.501242472423679	2.382825287883698
2001	05	01	1.1160415236399999	0.47575556704620386	2.822198216717045
2001	05	02	9.2064834951	0.5946944588077547	2.074270601585304
2001	05	03	0.29450719130999997	0.628676999311055	3.042656406418229
2001	05	04	0.35490176427500003	0.4502686616687286	2.7314986974962485
2001	05	05	0.0014541278850200001	0.3653123104104779	3.1651343454719814
2001	05	06	0.00201893478754	0.3483210401588278	2.969365299336277
2001	05	07	3.83793780065	0.3143384996555275	2.878316785426952
2001	05	08	1.6753140997	0.30584286452970244	3.4753255884525087
2001	05	09	1.52925637155	0.41628612116542835	3.0489141557434616
2001	05	10	0.24390494104	0.4077904860396033	3.3457540162023016
2001	05	11	0.00145769609718	0.3143384996555275	4.0825980635612975
2001	05	12	10.0833840123	0.3653123104104779	3.2247106914067327
2001	05	13	3.30938099756	0.7221289856951307	2.7168261132111473
2001	05	14	15.0704053719	1.8095702818007395	2.444234988820826
2001	05	15	1.2887504001699999	1.631161944158413	2.504905093093062
2001	05	16	27.613761036	2.7865683212706225	2.2110867054454957
2001	05	17	3.983978121	1.86054409255569	3.3725049247127057
2001	05	18	0.0242845047795	1.2998321742512353	4.340644049510432
2001	05	19	0.0	0.9090329584632822	4.2786482984329295
2001	05	20	0.0008243041067299999	0.6626595398143553	4.3838286112095695
2001	05	21	0.37263094127600005	0.5861988236819297	4.137534012653657
2001	05	22	0.13518380081499998	0.5267293778011543	3.675926704827459
2001	05	23	0.060206994249	0.4672599319203788	4.471135410621727
2001	05	24	2.9436681674499997e-05	0.4077904860396033	4.961019346751473
2001	05	25	0.0	0.33982540503300274	5.116145267483366
2001	05	26	0.0015715745399299999	0.2718603240264022	5.662869693299602
2001	05	27	0.0	0.24637341864892698	5.758332002491351
2001	05	28	0.0024902055188399997	0.25486905377475205	5.632129313258733
2001	05	29	0.0017861153269599999	0.24637341864892698	5.69145187846181
2001	05	30	0.0017990646025399998	0.23787778352310193	5.880377026865863
2001	05	31	0.047123523873	0.22938214839727683	5.870197677924175
2001	06	01	0.000412152082378	0.22088651327145176	5.645244252459136
2001	06	02	0.00048434727724	0.2123908781456267	5.524395786004008
2001	06	03	0.0225344657641	0.20389524301980164	5.112353756456513
2001	06	04	0.0100485355309	0.19539960789397656	4.69652277625324
2001	06	05	0.0017493426066899998	0.1869039727681515	4.307748289052486
2001	06	06	0.000176089210173	0.17840833764232644	5.1378178911674945
2001	06	07	0.0004187457701779999	0.1614170673906763	5.534997625967898
2001	06	08	0.57418825607	0.15292143226485122	3.400636917482285
2001	06	09	1.05873717366	0.1359301620132011	2.898912201430232
2001	06	10	0.0589523309324	0.14442579713902617	3.562193679543819
2001	06	11	0.00123109712051	0.1359301620132011	4.884166323228302
2001	06	12	2.71591195892	0.12743452688737603	3.9120236639552477
2001	06	13	0.007824172649499998	0.11044325663572588	5.164232792231324
2001	06	14	0.07721500478	0.10194762150990082	4.3321751030162545
2001	06	15	0.204726375771	0.09345198638407574	3.184417014522325
2001	06	16	0.080391483414	0.08495635125825068	3.3788029854294988
2001	06	17	0.000479682547758	0.07646071613242561	4.238771221782921
2001	06	18	0.000426562994214	0.07646071613242561	5.521433975004067
2001	06	19	0.00123933758619	0.06796508100660055	6.095945316703706
2001	06	20	0.0012451022758700001	0.06796508100660055	6.591137257154718
2001	06	21	0.0	0.05946944588077548	6.995745211107029
2001	06	22	0.0	0.05097381075495041	6.488035901095731
2001	06	23	0.00121998533493	0.05097381075495041	6.04074577327249
2001	06	24	0.00123933758619	0.04247817562912534	6.6245693772065914
2001	06	25	0.0024386693401000003	0.04247817562912534	5.830601092989937
2001	06	26	0.0361326867203	0.033982540503300275	3.9935969011050965
2001	06	27	0.0510157870655	0.033982540503300275	4.32877374820092
2001	06	28	2.5293963759499998e-05	0.033982540503300275	5.848455982741475
2001	06	29	0.0012393734656	0.025486905377475205	6.006249246006605
2001	06	30	0.00515319080264	0.016991270251650138	6.544709513963731
2001	07	01	0.0079539652063	0.016991270251650138	6.730039056409833
2001	07	02	2.4453229881	0.008495635125825069	5.564413221840261
2001	07	03	0.0234406810165	0.008495635125825069	4.978111074682842
2001	07	04	1.6979591330400001	0.008495635125825069	3.207333670794709
2001	07	05	25.107956581	0.008495635125825069	2.7515310011974035
2001	07	06	0.212830074169	0.008495635125825069	3.6404184424905224
2001	07	07	0.326693778315	0.016991270251650138	3.9053098000675113
2001	07	08	3.6602868497	0.016991270251650138	4.305158693426124
2001	07	09	0.161711189408	0.016991270251650138	4.330092820565382
2001	07	10	0.0107731410085	0.008495635125825069	4.929088083639436
2001	07	11	0.0	0.0	5.395640754121106
2001	07	12	0.400751124227	0.0	5.50042420872453
2001	07	13	0.111016610101	0.0	4.10596979418431
2001	07	14	13.810286644200001	0.0	2.939890395253304
2001	07	15	0.0323805147325	0.008495635125825069	4.303188285133132
2001	07	16	0.153089086726	0.008495635125825069	4.152901108167024
2001	07	17	0.721640116896	0.008495635125825069	3.4551422416323665
2001	07	18	0.26117947465999997	0.008495635125825069	2.803237565174925
2001	07	19	0.39142959548299994	0.008495635125825069	3.5266659588539
2001	07	20	0.000426562994214	0.008495635125825069	5.227545460678322
2001	07	21	0.0039877266006	0.008495635125825069	5.591175235516817
2001	07	22	0.019465488999	0.008495635125825069	5.493725805646724
2001	07	23	0.0008358329058299999	0.0	5.625686847568118
2001	07	24	0.27353659491000004	0.0	5.158715733028022
2001	07	25	0.044542185039599995	0.0	4.360495899048606
2001	07	26	0.011245987145700001	0.0	4.8316572824523325
2001	07	27	0.0093377141296	0.0	4.543828842018503
2001	07	28	0.52643459885	0.0	5.258246482336105
2001	07	29	0.07429652908399999	0.0	5.331843083890031
2001	07	30	3.30417693575	0.0	5.476798535151774
2001	07	31	4.24538292996	0.0	5.601201041927428
2001	08	01	0.94910642753	0.0	4.237569122090305
2001	08	02	1.4018266334699998	0.0	3.4734260800485646
2001	08	03	0.00333582818455	0.0	4.387377570063702
2001	08	04	0.00034713396872	0.0	4.577347542012006
2001	08	05	0.00123933758619	0.0	5.182486140539632
2001	08	06	0.0032106697775299998	0.0	5.57016380799534
2001	08	07	0.052763302916999995	0.0	4.9271742135016074
2001	08	08	0.0211046799795	0.0	4.176318595147451
2001	08	09	0.0012247770253	0.0	4.574685670411018
2001	08	10	0.000412152082378	0.0	5.051348823628161
2001	08	11	0.0	0.0	5.532221901034175
2001	08	12	0.00256726772182	0.0	5.504466961021866
2001	08	13	0.09032663710799999	0.0	5.189900124100891
2001	08	14	0.0061027520573	0.0	4.499526094324805
2001	08	15	3.65458918005	0.0	3.7426089699333125
2001	08	16	0.00134994162176	0.0	3.707902660794047
2001	08	17	0.36842103892399997	0.0	4.102029105275965
2001	08	18	1.2787924616000002	0.0	3.3512938154155805
2001	08	19	0.30660720802499997	0.0	3.624484942014107
2001	08	20	0.10463255089699999	0.0	4.140647950036196
2001	08	21	0.0048892427141	0.0	4.48980120238315
2001	08	22	0.0013200811520299998	0.0	5.217728595580059
2001	08	23	0.0065155629475399995	0.0	5.295107261311362
2001	08	24	0.000412152082378	0.0	5.29622980754057
2001	08	25	1.7258421734	0.0	4.78591994783622
2001	08	26	4.55363425634	0.0	4.22267645473382
2001	08	27	7.9352759988	0.0	3.4398227707442453
2001	08	28	6.50641224734	0.0	2.8889382681753166
2001	08	29	0.66484720808	0.0	3.1444386707004104
2001	08	30	0.0139741172526	0.0	3.426925700503311
2001	08	31	0.0011583387059500001	0.0	3.8337210109421433
2001	09	01	0.0	0.0	3.88460379330055
2001	09	02	0.0	0.0	4.238735464026086
2001	09	03	0.0290159554576	0.0	4.129931050943404
2001	09	04	0.0	0.0	4.207084718410977
2001	09	05	0.25219695315	0.0	3.922440357264277
2001	09	06	0.18830633302699998	0.0	3.6373472692693722
2001	09	07	0.000426562994214	0.0	3.8004532143718865
2001	09	08	0.0008358329058299999	0.0	3.880417153442135
2001	09	09	0.00125086706226	0.0	4.003987730686704
2001	09	10	0.001657338612	0.0	4.061863298176111
2001	09	11	0.0	0.0	3.8850464728418084
2001	09	12	0.00137388885525	0.0	4.14068191157464
2001	09	13	0.000873702926773	0.0	4.136613448159784
2001	09	14	0.033124894503800004	0.0	3.07553495824912
2001	09	15	0.000412152082378	0.0	3.779245126822861
2001	09	16	0.0	0.0	3.7876069823781937
2001	09	17	0.000824304164756	0.0	3.637446081949799
2001	09	18	0.0008243041067299999	0.0	3.1323328044423615
2001	09	19	0.0	0.0	3.2128557095532857
2001	09	20	0.045803422701999996	0.0	2.666755468784589
2001	09	21	18.0938878188	0.0	1.5059349372719928
2001	09	22	5.502647938979999	0.0	2.233328347568384
2001	09	23	4.45391386746	0.0	2.292225064010189
2001	09	24	0.22396483804499998	0.0	2.0235378766496805
2001	09	25	0.0072491862458	0.0	2.3052474475926212
2001	09	26	0.0011334092857	0.0	2.623240408708897
2001	09	27	0.00062749683898	0.0	2.6651728357822955
2001	09	28	5.77473736545	0.0	2.149479449973601
2001	09	29	2.6034695629600004	0.0	1.9752746600769777
2001	09	30	0.25440381732399997	0.0	2.0326696495802006
2001	10	01	0.67112533115	0.0	2.0663940206030316
2001	10	02	2.88011683502	0.0	2.204658600139915
2001	10	03	0.0402437649917	0.0	2.0812703918042756
2001	10	04	0.0369047535975	0.0	2.181808707362373
2001	10	05	7.494940862299999	0.0	1.837984874147108
2001	10	06	1.69484710195	0.0	1.6568157006463897
2001	10	07	6.58344775836	0.0	1.6093818564280022
2001	10	08	2.16587499444	0.0	1.4631827294642386
2001	10	09	1.24248220855	0.0	1.554797235802473
2001	10	10	0.0012222053129799999	0.0	2.31865715727823
2001	10	11	0.11021922648	0.0	2.679450590981805
2001	10	12	14.846183236899998	0.0	1.8737600985458729
2001	10	13	0.8663293405199999	0.0	1.7387447524375605
2001	10	14	6.99557258786	0.0	1.8410554290707215
2001	10	15	3.96752775	0.0	1.4907657837556822
2001	10	16	0.963456315356	0.0	1.7959097268364943
2001	10	17	18.7374967372	0.0	1.513646091980075
2001	10	18	5.11421183714	0.04247817562912534	1.62831387387977
2001	10	19	9.266542339299999	0.22088651327145176	1.2051400884873238
2001	10	20	17.256886946300003	0.38230358066212805	0.995373228424657
2001	10	21	7.9163817661	0.4332773914170785	1.206519546877281
2001	10	22	21.6784894225	0.4417730265429035	0.9673142809341312
2001	10	23	0.39864432589	1.5207186875226872	1.2896883307522171
2001	10	24	0.0016699278362499999	0.9600067692182326	1.7930865330413692
2001	10	25	0.000827186287163	0.5946944588077547	1.576238048794418
2001	10	26	0.000824304164756	0.4247817562912534	1.6308400955536464
2001	10	27	0.47956158289	0.373807945536303	1.6172044032271093
2001	10	28	2.13879126223	0.3143384996555275	1.7280928109062845
2001	10	29	0.044226614507	0.2718603240264022	1.9088321706263172
2001	10	30	0.000412152082378	0.25486905377475205	1.738154138936993
2001	10	31	0.0012451022758700001	0.22938214839727683	2.0039689469277073
2001	11	01	0.00029602658277799997	0.22088651327145176	1.4507093515474154
2001	11	02	0.00164860782662	0.22088651327145176	1.4070176312585265
2001	11	03	0.00042079855598	0.22088651327145176	1.3746126182448117
2001	11	04	0.00202164015308	0.2123908781456267	1.2485810320838404
2001	11	05	3.2444106393e-07	0.20389524301980164	1.2863918745087197
2001	11	06	0.00166127026034	0.20389524301980164	1.3171268823127713
2001	11	07	0.0012352220921399999	0.20389524301980164	1.4034304056510554
2001	11	08	0.047787882888999995	0.20389524301980164	1.3634565388214
2001	11	09	0.143117299284	0.20389524301980164	0.8199072452416921
2001	11	10	0.0234738061257	0.20389524301980164	0.8734968572409172
2001	11	11	0.0012451022758700001	0.20389524301980164	1.0626447296418209
2001	11	12	0.0015570502452899998	0.20389524301980164	1.1577871989604034
2001	11	13	0.11350705700800001	0.19539960789397656	1.1046948408472088
2001	11	14	0.00206747092537	0.19539960789397656	0.9257373047784507
2001	11	15	0.00042079855598	0.19539960789397656	0.9010287692199461
2001	11	16	0.276070716053	0.19539960789397656	1.0559253060823814
2001	11	17	1.9379557328500001	0.19539960789397656	0.6489481148005886
2001	11	18	0.08905767618499999	0.19539960789397656	0.7025421988041503
2001	11	19	0.00083006850628	0.19539960789397656	1.0231501224380366
2001	11	20	0.00072258955765	0.19539960789397656	0.9929681835601363
2001	11	21	0.0020694066727300004	0.19539960789397656	0.8408823288262373
2001	11	22	0.00042079855598	0.19539960789397656	1.0071218875046688
2001	11	23	0.0	0.19539960789397656	1.0121798914137758
2001	11	24	0.00082718635486	0.19539960789397656	0.9624560446234757
2001	11	25	0.0012479847174199999	0.19539960789397656	0.9400454936136656
2001	11	26	1.0378175434299999	0.19539960789397656	0.7635261780745203
2001	11	27	0.307380201384	0.20389524301980164	0.8631641885273654
2001	11	28	0.0045398942798	0.19539960789397656	0.9921139537314506
2001	11	29	0.0021013216497	0.20389524301980164	1.063856983725257
2001	11	30	0.024209765357300003	0.19539960789397656	0.7340978776712893
2001	12	01	1.4743583597899999	0.19539960789397656	0.3781357399634314
2001	12	02	0.0069637766609	0.19539960789397656	0.7122246379917458
2001	12	03	0.00348037772025	0.19539960789397656	0.8865715521181415
2001	12	04	0.0018961219848600002	0.19539960789397656	0.9689225944070665
2001	12	05	0.00109936533479	0.19539960789397656	0.8683979492358155
2001	12	06	0.00284271192148	0.1869039727681515	0.8855084433623567
2001	12	07	0.0021498599151499997	0.1869039727681515	0.8001649499452275
2001	12	08	0.00727340871595	0.17840833764232644	0.790969216022954
2001	12	09	0.0	0.1869039727681515	0.7666448409987996
2001	12	10	0.00083006850628	0.1869039727681515	0.6729227964256568
2001	12	11	0.0	0.17840833764232644	0.7391132859367758
2001	12	12	0.00042079855598	0.17840833764232644	0.7054679529993069
2001	12	13	0.000827186287163	0.1869039727681515	0.683908243488858
2001	12	14	0.00083490748784	0.17840833764232644	0.7724730295649886
2001	12	15	0.000163709730571	0.1869039727681515	0.5184096905266451
2001	12	16	0.0008243041067299999	0.17840833764232644	0.562585880544288
2001	12	17	0.00288465340441	0.1869039727681515	0.6509534038567562
2001	12	18	0.000412152082378	0.1869039727681515	0.61097678806955
2001	12	19	0.00125086725568	0.1869039727681515	0.5989431662736006
2001	12	20	0.00042079855598	0.1869039727681515	0.6965930559062978
2001	12	21	0.00016746286192199998	0.1869039727681515	0.5447905454233426
2001	12	22	0.000824304164756	0.1869039727681515	0.6191911484391789
2001	12	23	0.00123933758619	0.1869039727681515	0.738190741236177
2001	12	24	0.0	0.17840833764232644	0.5811394721236861
2001	12	25	0.00175992045636	0.1869039727681515	0.631741343823675
2001	12	26	0.0364499235662	0.1869039727681515	0.7598229321827952
2001	12	27	0.00748483640808	0.1869039727681515	0.6503174413576908
2001	12	28	0.00042079855598	0.1869039727681515	0.6516223987851664
2001	12	29	0.76677374548	0.17840833764232644	0.6080446292618091
2001	12	30	9.536157246999998	0.17840833764232644	0.5557713171629558
2001	12	31	4.50328509614	0.2123908781456267	0.7128612500167417
2002	01	01	11.028030851599999	0.22938214839727683	0.616928994338966
2002	01	02	18.805663747800004	0.3228341347813526	0.4105621240842409
2002	01	03	5.89925903383	0.6626595398143553	0.7853137962515383
2002	01	04	0.021275490148599998	0.4842512021720288	0.7455230235394069
2002	01	05	0.00253538108088	0.3907992157879531	0.8006001550008349
2002	01	06	0.006145214033449999	0.3653123104104779	0.6425970959114582
2002	01	07	0.0024930870900000002	0.33132976990717766	0.6816035359569695
2002	01	08	0.00048108428183999996	0.30584286452970244	0.6325553874396179
2002	01	09	0.0016610125281899999	0.28885159427805235	0.6935245689923879
2002	01	10	0.0008243041067299999	0.2803559591522272	0.7504891238581182
2002	01	11	0.0012479847174199999	0.2803559591522272	0.7474333409799349
2002	01	12	2.69929176516	0.2633646889005771	0.6428226525716292
2002	01	13	0.498299097035	0.29734722940387737	0.8299573832072685
2002	01	14	0.012215411087	0.30584286452970244	0.9274686332893892
2002	01	15	0.652459585496	0.28885159427805235	0.8561767296153825
2002	01	16	0.0020716478302699997	0.2803559591522272	0.9525414757577343
2002	01	17	2.03097305492	0.2633646889005771	0.833247997477342
2002	01	18	0.44875110181699995	0.2718603240264022	0.7593086177105008
2002	01	19	0.37841367704199996	0.25486905377475205	0.7611571017331054
2002	01	20	0.037032164187	0.25486905377475205	0.7187351198018292
2002	01	21	11.6363899421	0.3228341347813526	0.7611013264372569
2002	01	22	5.253060898599999	0.5522162831786295	0.8288672811132686
2002	01	23	22.596051659199997	7.459167640474409	0.743992838736069
2002	01	24	0.490107885758	3.7975489012438053	0.778196136752897
2002	01	25	0.847287973226	1.987978619443066	0.9242362090173323
2002	01	26	0.30410413079200005	1.6056750387809378	0.9871508917976323
2002	01	27	0.29921329333	1.1893889176155095	0.8991190194222308
2002	01	28	0.30583135205	0.9515111340924077	0.9286941912696178
2002	01	29	0.00125086706226	0.7731027964500812	1.0827258759458358
2002	01	30	7.31658180073	0.6711551749401804	1.04387562850222
2002	01	31	0.209511644597	0.9260242287149324	0.8849520005366276
2002	02	01	0.00478486902686	0.7306246208209558	1.1902155142985735
2002	02	02	0.0011657558794	0.6371726344368801	1.293947403588054
2002	02	03	16.8904450195	1.9624917140655906	0.9709093842843433
2002	02	04	0.42071683603	1.8095702818007395	1.04954660719535
2002	02	05	14.0391808393	3.2198457126877007	0.9509080292825774
2002	02	06	2.12789407614	3.4237409557075025	0.8371014225474764
2002	02	07	1.0287239021299999	2.123908781456267	1.173562926390045
2002	02	08	0.06660800671599999	1.8010746466749143	1.3859130998650446
2002	02	09	0.0166380696364	1.5886837685292878	1.3848876231024079
2002	02	10	0.00660486128656	1.4017797957611362	1.5179188238301018
2002	02	11	0.155688680539	1.231867093244635	0.9761825544891828
2002	02	12	0.00028923959103	1.104432566357259	1.3969730781982879
2002	02	13	0.06548340481	1.0194762150990082	1.5771016267876892
2002	02	14	0.000818539745864	1.0279718502248332	1.3002409228246787
2002	02	15	0.00042079855598	1.010980579973183	1.4666330809902208
2002	02	16	0.0028994750823	0.9515111340924077	1.289900535935925
2002	02	17	0.0	0.8920416882116321	1.3334061138952473
2002	02	18	0.0014221466617	0.8070853369533815	1.3759998770822963
2002	02	19	0.0008267357442860001	0.747615891072606	1.470263583268976
2002	02	20	0.1089955683894	0.6881464451918305	1.338493926920831
2002	02	21	0.11720863612639999	0.7051377154434807	1.4881332744316085
2002	02	22	0.0025066400294000003	0.6881464451918305	1.6290115126315436
2002	02	23	0.00239164245853	0.6796508100660055	1.6854305701446337
2002	02	24	0.00180911093405	0.6626595398143553	1.6964847176974889
2002	02	25	0.039412912940999995	0.6541639046885303	1.3395999173975774
2002	02	26	0.29911474584	0.6541639046885303	1.1005005142001287
2002	02	27	6.9202478767399995	0.7985897018275564	1.1524282865741267
2002	02	28	5.877909624360001	0.8750504179599821	1.0621588568760514
2002	03	01	3.7903548365799997	0.9600067692182326	1.2208774983426902
2002	03	02	0.0680055861364	0.7900940667017313	1.4992345811409749
2002	03	03	1.29580703874	0.6881464451918305	1.5474115150829826
2002	03	04	1.96169233196	0.6541639046885303	1.4939968431372017
2002	03	05	0.023259489996	0.628676999311055	1.6760786010215523
2002	03	06	0.00125781306459	0.6031900939335798	1.8320143221491016
2002	03	07	0.00166301877714	0.5522162831786295	2.2303541787906522
2002	03	08	0.00083006850628	0.5182337426753292	2.122094864072816
2002	03	09	0.0194869721584	0.49274683729785396	1.9957846998402828
2002	03	10	0.15450036608499998	0.49274683729785396	1.9527396965777113
2002	03	11	14.2196533045	0.5182337426753292	1.1961134012889858
2002	03	12	27.201647811699996	1.3338147147545356	1.5011624171799667
2002	03	13	18.9990005772	2.48072545674092	1.4051623097932011
2002	03	14	7.9625965738	5.4457021156538685	1.0792582801069248
2002	03	15	7.852732079599999	5.929953317825897	1.2836145827863086
2002	03	16	1.3110094638999998	3.6786100094822545	1.4193215590451052
2002	03	17	6.75514862656	3.4322365908333277	1.2691679179194923
2002	03	18	1.6618563229399999	3.279315158568476	1.6326626257377252
2002	03	19	0.51790835512	2.633646889005771	1.8247432915010287
2002	03	20	0.058100727817	2.3447952947277186	2.4316050776745057
2002	03	21	0.00042079855598	2.0559437004496663	2.9530400955329075
2002	03	22	0.0008243041067299999	1.5971794036551128	3.054706186339111
2002	03	23	0.00123933758619	1.4017797957611362	2.885349779066551
2002	03	24	0.00083006850628	1.3253190796287107	3.038510649372746
2002	03	25	0.00041261950114999994	1.1554063771122094	2.851733258898488
2002	03	26	0.0	1.002484944847358	2.7405219429338707
2002	03	27	0.000412152082378	0.883546053085807	2.548060813912917
2002	03	28	0.068648520019	0.7815984315759062	2.6684243697958396
2002	03	29	0.97925509306	0.7221289856951307	2.3270036832128413
2002	03	30	0.248239908764	0.6541639046885303	2.7399669918949563
2002	03	31	0.111061454528	0.5607119183044544	2.8019502650326746
2002	04	01	0.48857669566999995	0.49274683729785396	2.8500590259443284
2002	04	02	3.81990593102	0.501242472423679	2.356906039768591
2002	04	03	2.6886553092299996	0.6541639046885303	1.8257237372162542
2002	04	04	0.009083207258099999	0.628676999311055	2.3037481777891156
2002	04	05	7.9519197898	0.628676999311055	2.096380341467402
2002	04	06	6.305166087299999	1.0534587556023085	1.65949025945791
2002	04	07	3.8419043613	1.9709873491914158	2.2529748706071144
2002	04	08	5.128275405339999	1.25735399862211	2.3102803812654966
2002	04	09	0.761352424655	1.0874412961056088	2.8570571148004187
2002	04	10	0.67925854544	0.8920416882116321	2.8314495439426732
2002	04	11	0.78939034608	0.7306246208209558	2.089051529155108
2002	04	12	0.39668198328	0.6031900939335798	2.597019558182328
2002	04	13	0.140300494811	0.501242472423679	2.625026138781023
2002	04	14	0.007459755830099999	0.501242472423679	2.4321587094275796
2002	04	15	0.0109146112978	0.49274683729785396	2.84767854397709
2002	04	16	0.0501622661908	0.45876429679455366	3.035467752955564
2002	04	17	2.3752952771	0.4417730265429035	2.792093657020166
2002	04	18	0.6009147028559999	0.4417730265429035	3.050994114773225
2002	04	19	0.00083006850628	0.4332773914170785	3.6537648153620714
2002	04	20	0.00166030258008	0.3992948509137782	3.940641545365209
2002	04	21	0.000426562994214	0.3992948509137782	4.273447153525581
2002	04	22	0.00165437261301	0.373807945536303	4.109191699382203
2002	04	23	0.00042079855598	0.3568166752846529	4.005097784099286
2002	04	24	0.00166301868043	0.3483210401588278	4.312310842655445
2002	04	25	0.0	0.3483210401588278	4.761903285989804
2002	04	26	0.00228302823121	0.33132976990717766	4.352191781647831
2002	04	27	0.008145351395	0.3228341347813526	4.247864701915237
2002	04	28	0.00192160052449	0.3228341347813526	3.215765013384298
2002	04	29	0.00135789708307	0.3143384996555275	3.5308516404365684
2002	04	30	0.135988224924	0.30584286452970244	3.753516930315115
2002	05	01	0.7039675636000001	0.30584286452970244	2.335136572075282
2002	05	02	4.71713034485	0.30584286452970244	2.3710565561266184
2002	05	03	0.0066625578923	0.30584286452970244	3.03394633136807
2002	05	04	1.16619252505	0.30584286452970244	3.4186548076223424
2002	05	05	2.86281928442	0.30584286452970244	3.087110003409374
2002	05	06	0.326282741473	0.28885159427805235	2.9372684050532762
2002	05	07	2.1929582431	0.28885159427805235	3.3547984291286306
2002	05	08	1.80613294302	0.28885159427805235	2.486667596723765
2002	05	09	0.7328211855200001	0.29734722940387737	2.7819481223980382
2002	05	10	1.08013445458	0.30584286452970244	3.038211002577288
2002	05	11	0.031242781542699997	0.3228341347813526	2.9074858357952986
2002	05	12	0.0561292045267	0.3143384996555275	3.4469301439461977
2002	05	13	8.2414753324	0.373807945536303	2.854590382105617
2002	05	14	0.7854125187150001	0.3907992157879531	3.5912982946394907
2002	05	15	0.0030375846023899997	0.3653123104104779	5.156190087186504
2002	05	16	0.632718153854	0.3228341347813526	4.613796222826908
2002	05	17	11.4555780248	0.33132976990717766	2.6808448136145033
2002	05	18	0.00141006013603	0.38230358066212805	3.584268587943267
2002	05	19	0.139979050113	0.3143384996555275	4.805924724542568
2002	05	20	0.573231349304	0.30584286452970244	3.914787923957726
2002	05	21	2.46327874696	0.3143384996555275	2.620665206807536
2002	05	22	8.6950616731	0.3907992157879531	2.3695030908014907
2002	05	23	0.5939670951399999	0.41628612116542835	2.828695308977122
2002	05	24	1.74406978407	0.3483210401588278	2.6914311765750196
2002	05	25	0.0121180473274	0.33982540503300274	3.075965566887133
2002	05	26	0.67667745225	0.3228341347813526	2.677873486731543
2002	05	27	0.04576003182629999	0.29734722940387737	2.808085524556397
2002	05	28	0.15240249408099998	0.2803559591522272	3.505220790343474
2002	05	29	0.0492011612437	0.2633646889005771	4.451474781990576
2002	05	30	0.0	0.23787778352310193	5.575749279283822
2002	05	31	4.9969679831	0.23787778352310193	5.228606418628495
2002	06	01	0.36477847611599995	0.23787778352310193	4.815866960666472
2002	06	02	0.75504833495	0.23787778352310193	4.865858933905698
2002	06	03	0.99447047736	0.22938214839727683	3.771945667725751
2002	06	04	7.53358289016	0.22938214839727683	2.743415353242528
2002	06	05	0.78269172793	0.22938214839727683	2.8661378279925054
2002	06	06	4.7731742734	0.22938214839727683	2.4244687347813407
2002	06	07	2.54138135612	0.22088651327145176	2.5503511378225303
2002	06	08	0.9286831613750001	0.23787778352310193	2.831935039681232
2002	06	09	0.64904895261	0.24637341864892698	3.5913716268571143
2002	06	10	0.037404691106999996	0.24637341864892698	4.10693407446771
2002	06	11	0.0010854483789500002	0.23787778352310193	5.9395295660624186
2002	06	12	0.235468173402	0.22088651327145176	6.177455093428478
2002	06	13	1.2279939867399998	0.2123908781456267	6.041793632577545
2002	06	14	0.0252736807712	0.20389524301980164	5.044184427333062
2002	06	15	0.003925221960499999	0.19539960789397656	5.585553606461188
2002	06	16	0.0008243041067299999	0.19539960789397656	6.078039469538137
2002	06	17	0.000824304164756	0.1869039727681515	5.676407315715802
2002	06	18	0.07952468135500002	0.19539960789397656	4.48114581306533
2002	06	19	0.0184787249547	0.1614170673906763	4.8764864956726885
2002	06	20	0.00388002783014	0.15292143226485122	5.806145891595006
2002	06	21	0.0204124375363	0.1359301620132011	5.738263119917557
2002	06	22	0.0024249887434999997	0.12743452688737603	6.085505273988737
2002	06	23	0.024861365422999996	0.12743452688737603	4.58927627017214
2002	06	24	0.106399287861	0.12743452688737603	5.425391962053447
2002	06	25	0.0044476754922	0.12743452688737603	6.255955191648861
2002	06	26	2.76145395515	0.12743452688737603	5.534213343556494
2002	06	27	3.34596929186	0.12743452688737603	3.3932441974874576
2002	06	28	1.7864481060700002	0.11893889176155097	5.340131633847703
2002	06	29	0.0202737389556	0.11893889176155097	5.007434590875645
2002	06	30	0.0232822158789	0.11893889176155097	4.252460662997285
2002	07	01	0.0060349689854	0.11893889176155097	5.156444451847935
2002	07	02	0.00740280205387	0.11893889176155097	4.5804864330135695
2002	07	03	0.33922189151599996	0.11893889176155097	4.214020029078497
2002	07	04	0.00123933758619	0.11893889176155097	5.393402071089197
2002	07	05	0.00650093759095	0.11044325663572588	5.10648597641815
2002	07	06	0.033914930099	0.10194762150990082	5.102832141577277
2002	07	07	0.0052592048849000005	0.10194762150990082	6.06070818756678
2002	07	08	0.5678599985360001	0.10194762150990082	4.712714384048778
2002	07	09	7.36788065313	0.09345198638407574	2.2557725426020463
2002	07	10	4.7486135116699995	0.09345198638407574	3.7133882859319174
2002	07	11	0.00060837794895	0.09345198638407574	4.991560888903808
2002	07	12	0.45896390024999995	0.09345198638407574	4.326167512522528
2002	07	13	0.00082348594013	0.09345198638407574	4.906349558903429
2002	07	14	0.0023264248128	0.08495635125825068	5.41203041967619
2002	07	15	0.0	0.08495635125825068	5.412901296071521
2002	07	16	0.000850386242483	0.08495635125825068	5.7604236690344885
2002	07	17	0.000412152082378	0.07646071613242561	5.960208043664101
2002	07	18	0.000426562994214	0.07646071613242561	5.933586838293674
2002	07	19	0.0012428646966	0.07646071613242561	6.04951950566321
2002	07	20	0.192508933774	0.06796508100660055	5.7132972627682
2002	07	21	0.0242568437853	0.06796508100660055	5.700313003896989
2002	07	22	9.857065204500001	0.06796508100660055	2.8297775433870758
2002	07	23	0.012836355049799998	0.06796508100660055	4.79041811821127
2002	07	24	0.0013408996236000002	0.06796508100660055	5.5779143604748676
2002	07	25	0.0050190062579	0.05946944588077548	5.691595781616457
2002	07	26	0.012119073420499999	0.05097381075495041	6.174420570133087
2002	07	27	0.1404209858	0.05097381075495041	5.752296900453343
2002	07	28	0.077877052427	0.04247817562912534	6.201681643112013
2002	07	29	0.0083277648299	0.04247817562912534	5.3403337391805
2002	07	30	0.000185016606983	0.033982540503300275	4.729763672362884
2002	07	31	0.0	0.033982540503300275	4.205450522003308
2002	08	01	0.0016643091786700001	0.05097381075495041	4.577338634941024
2002	08	02	0.0	0.05946944588077548	5.01052330683377
2002	08	03	0.00340317141937	0.05946944588077548	5.194895929203729
2002	08	04	0.00350120006022	0.05946944588077548	5.283903366566445
2002	08	05	0.596622780753	0.05946944588077548	4.4385913896352065
2002	08	06	0.00134808179175	0.05946944588077548	5.000658152971415
2002	08	07	0.000827186287163	0.05097381075495041	4.968752157851234
2002	08	08	0.0045145639966000005	0.05097381075495041	4.629762076481198
2002	08	09	0.14324834133400002	0.05097381075495041	3.7694336257356356
2002	08	10	1.16826656771	0.05097381075495041	3.2865616350043716
2002	08	11	0.00168852768371	0.05097381075495041	4.955088401481769
2002	08	12	5.0587927518999995e-05	0.05946944588077548	5.56948403121396
2002	08	13	0.00085386854715	0.05097381075495041	5.709874129346948
2002	08	14	0.42530205055	0.05097381075495041	5.335172618506714
2002	08	15	0.00683145755535	0.05097381075495041	4.571362307261582
2002	08	16	0.00514209458737	0.05097381075495041	4.971866211951724
2002	08	17	0.0009331421790159999	0.05097381075495041	5.108980168308787
2002	08	18	0.132918833273	0.04247817562912534	4.4055660288118155
2002	08	19	0.151181375595	0.04247817562912534	3.9627641738708403
2002	08	20	0.0005463494702059999	0.04247817562912534	4.759017036800526
2002	08	21	0.00274865612743	0.04247817562912534	4.385030796188804
2002	08	22	0.00520979632616	0.04247817562912534	4.185099072496889
2002	08	23	0.36394990352	0.04247817562912534	4.183187454466528
2002	08	24	7.1191490127	0.04247817562912534	3.380028321680079
2002	08	25	3.53980765932	0.04247817562912534	3.1557662455250064
2002	08	26	0.6284491907049999	0.04247817562912534	3.474819279600332
2002	08	27	0.00177704460593	0.04247817562912534	3.514869888034758
2002	08	28	0.0038757809072000006	0.04247817562912534	4.061179404161088
2002	08	29	0.00506821849534	0.04247817562912534	3.8761973343441842
2002	08	30	0.0008243041067299999	0.04247817562912534	4.223341466963939
2002	08	31	0.009228455040000002	0.033982540503300275	4.5938742833731805
2002	09	01	0.00290098433856	0.033982540503300275	4.390020364643506
2002	09	02	1.9028882033	0.033982540503300275	3.753724715674878
2002	09	03	0.430373020058	0.033982540503300275	3.883252035755515
2002	09	04	0.35474655439599995	0.033982540503300275	2.5782746732620505
2002	09	05	0.007061130749500001	0.033982540503300275	2.99812281983296
2002	09	06	0.013289583563499999	0.033982540503300275	3.8061646273881324
2002	09	07	1.19798380993	0.04247817562912534	2.5342924720514817
2002	09	08	16.0988417552	0.04247817562912534	2.0829118923827608
2002	09	09	0.34738135290000005	0.04247817562912534	2.4839344525015243
2002	09	10	0.0012472009795799998	0.04247817562912534	3.6115642227616536
2002	09	11	0.000426562994214	0.04247817562912534	3.5174300827092804
2002	09	12	0.175017943832	0.04247817562912534	3.6310384032889593
2002	09	13	0.325241503587	0.033982540503300275	3.272532084095872
2002	09	14	0.7524361494949999	0.025486905377475205	3.1916172927256388
2002	09	15	14.2217141946	0.016991270251650138	2.804725818651291
2002	09	16	28.4035422839	0.016991270251650138	1.6851369355002181
2002	09	17	11.6358822146	0.033982540503300275	2.1296654044536862
2002	09	18	8.39299717555	0.06796508100660055	2.051878975963727
2002	09	19	0.915586403045	0.06796508100660055	2.6773991064727465
2002	09	20	3.14889771568	0.10194762150990082	2.3786315581000457
2002	09	21	13.022746650550001	0.1359301620132011	1.9027333763821246
2002	09	22	3.6109047894999997	0.14442579713902617	2.1760288124043514
2002	09	23	1.53676677344	0.15292143226485122	2.3654066035529
2002	09	24	0.0017465161602299999	0.1614170673906763	2.1007173979665406
2002	09	25	0.0008805104113700001	0.15292143226485122	2.3967585192264167
2002	09	26	0.0008271643049799998	0.1359301620132011	2.524361901901795
2002	09	27	0.0	0.1359301620132011	2.499469112394433
2002	09	28	0.0119801011505	0.11893889176155097	2.5800462100370796
2002	09	29	1.3825530074399999	0.11893889176155097	2.5878549046448915
2002	09	30	19.636810764	0.6711551749401804	2.031378606037879
2002	10	01	10.101844984200001	0.4332773914170785	1.3676275185496785
2002	10	02	0.914173469945	0.3143384996555275	2.043518441618247
2002	10	03	0.34291576864999995	0.25486905377475205	2.1822046917330837
2002	10	04	0.0064537491069700005	0.22088651327145176	2.3175990189516815
2002	10	05	0.0008243041067299999	0.2123908781456267	2.0992175529783927
2002	10	06	0.0151151898387	0.2123908781456267	2.438155164280391
2002	10	07	5.230440429600001	0.19539960789397656	2.1010607879840673
2002	10	08	6.757118996099999	0.1869039727681515	1.7106584279116641
2002	10	09	2.47685596057	0.20389524301980164	1.4861451623094533
2002	10	10	0.010100311163599999	0.22088651327145176	1.5906663045027358
2002	10	11	0.24728175443899997	0.22938214839727683	1.8386600555597241
2002	10	12	0.386271093754	0.22938214839727683	1.8859061574013758
2002	10	13	2.57526099674	0.22088651327145176	1.8241665348480651
2002	10	14	2.50094912945	0.2123908781456267	1.4716471075897652
2002	10	15	9.5960120331	0.2718603240264022	0.9367839392969108
2002	10	16	13.948109999399998	0.4842512021720288	1.2707679912588892
2002	10	17	0.116045762205	0.5352250129269793	1.3324838194260817
2002	10	18	0.011398166133299999	0.4842512021720288	1.639311393288679
2002	10	19	0.0058118483773	0.4332773914170785	2.040121348390064
2002	10	20	25.376301686399998	0.4247817562912534	1.1259781952848895
2002	10	21	19.7223236802	0.6711551749401804	0.9475043104561272
2002	10	22	13.9663485383	1.0874412961056088	0.8653844697153232
2002	10	23	0.54256108806	0.9430154989665827	1.2368034010557658
2002	10	24	3.79415786062	0.7391202559467809	1.4025289343483047
2002	10	25	0.9910653182600001	0.756111526198431	1.266455569220696
2002	10	26	0.174947664675	0.6711551749401804	1.2530381540106734
2002	10	27	0.035580634126	0.6031900939335798	1.5663636638988934
2002	10	28	0.000551058270435	0.5522162831786295	1.735341541590684
2002	10	29	9.752149360999999	0.49274683729785396	1.6141087229797055
2002	10	30	11.8957545569	0.6626595398143553	1.1420996891847022
2002	10	31	0.084873730797	0.6966420803176556	1.0609243928475465
2002	11	01	0.32273065086999997	0.628676999311055	1.2822183197228723
2002	11	02	3.5364390566	0.6031900939335798	1.124741662573937
2002	11	03	0.690536430445	0.6031900939335798	1.501893704801094
2002	11	04	0.0008333123531	0.6031900939335798	1.3770698481019494
2002	11	05	0.0550158944803	0.6031900939335798	1.3540105373024516
2002	11	06	0.08064549222900001	0.6116857290594049	1.4829404836200488
2002	11	07	0.0012440486204199999	0.6031900939335798	1.2293183447684388
2002	11	08	0.0008329506577000001	0.6031900939335798	1.4162484598974538
2002	11	09	0.036836916367999996	0.6031900939335798	1.317898414297885
2002	11	10	0.15194814083	0.5692075534302795	0.8620401992461085
2002	11	11	0.81285586706	0.5437206480528044	1.0294805321781761
2002	11	12	14.0750602493	0.5692075534302795	0.9038093456871411
2002	11	13	29.334862485200002	1.2828409039995852	0.7775234458608841
2002	11	14	4.429291598170001	2.081430605827142	0.5394822145027397
2002	11	15	0.8812532892349999	1.4782405118935618	0.6581108618960769
2002	11	16	5.97156629624	1.1214238366089089	0.553756105481539
2002	11	17	1.06813844947	1.010980579973183	0.7747839393579121
2002	11	18	4.084633889	1.0194762150990082	0.6591974297623627
2002	11	19	16.510398896999998	3.8315314417471056	0.9106041185889945
2002	11	20	10.5138847089	1.6566488495358882	0.8286424844414135
2002	11	21	17.6825908269	6.541639046885303	0.5662833134620412
2002	11	22	14.421400035499998	10.279718502248333	0.5586608362998514
2002	11	23	10.941421243999999	6.2103092769781245	0.6816565517940683
2002	11	24	5.6027033313	2.9394897535354736	0.5798632152439751
2002	11	25	0.0585518064674	2.021961159946366	0.9399669292020286
2002	11	26	0.5427999617599999	1.4357623362644365	0.6156617922891487
2002	11	27	4.86215472665	1.359301620132011	0.9338635489977555
2002	11	28	5.8409735609	1.7501008359199641	0.6183986398166929
2002	11	29	12.761619496	7.382706924341984	0.7154878114782453
2002	11	30	0.446583066708	5.105876710620866	0.6340634003231608
2002	12	01	5.01259119347	2.9309941184096484	0.7932624917345837
2002	12	02	0.142954246224	2.208865132714518	0.605454018116667
2002	12	03	0.052479312067799995	1.8350571871782146	0.6133297754352476
2002	12	04	0.133981618147	1.6991270251650137	0.9077359927697115
2002	12	05	0.00250771699196	1.631161944158413	0.7207016823879355
2002	12	06	0.0	1.6566488495358882	0.8268202173126284
2002	12	07	0.00124510246929	1.5716924982776377	0.8334614630518697
2002	12	08	0.005358500910299999	1.4612492416419116	0.5963651022787634
2002	12	09	12.7838734341	1.8435528223040398	0.46699806785728737
2002	12	10	6.5059370144	4.205339387283408	0.547225582334938
2002	12	11	1.4947487928999998	2.2428476732178177	0.5584319642116992
2002	12	12	0.452572017207	1.8435528223040398	0.6853629460045952
2002	12	13	12.6778144784	1.7840833764232642	0.623363985480825
2002	12	14	10.600922741800002	6.2357961823556	0.636549126410594
2002	12	15	0.118414663984	3.1773675370585757	0.7172122034514472
2002	12	16	2.82060827072	2.081430605827142	0.7600036711508428
2002	12	17	17.2789020107	9.685024043440578	0.7778710463716233
2002	12	18	4.9485694636	9.090329584632821	0.7666773248290162
2002	12	19	2.38087573423	4.468704076183986	0.7614956961503756
2002	12	20	0.296005113158	3.534184212343228	0.599654534558433
2002	12	21	0.1177766245945	3.0329417399195493	0.6096900979411759
2002	12	22	0.015492837553199997	3.7805576309921554	0.7372999346378736
2002	12	23	3.8654000558	7.646071613242562	0.7519390560913346
2002	12	24	8.6163319963	18.265615520523895	0.6162104408839956
2002	12	25	16.473271928	7.756514869878289	0.6046879872981924
2002	12	26	46.56840847299999	60.91370385216574	0.4801435466026781
2002	12	27	13.500791433799998	56.326060884220205	0.617696355896115
2002	12	28	0.26447225674	15.207186875226869	0.6191312524726094
2002	12	29	0.368597998882	6.974916438302382	0.6473227665847178
2002	12	30	10.7623181924	6.940933897799081	0.4293584749861452
2002	12	31	7.605169566359999	5.284285048263192	0.6149840388557628
2003	01	01	9.8668396842	7.246776762328783	0.8110941298524659
2003	01	02	20.0189245463	10.534587556023084	0.6473600045482927
2003	01	03	7.2523747745	8.92041688211632	0.46160460413201043
2003	01	04	1.6870401871999998	9.005373233374572	0.7164397802341164
2003	01	05	9.8419842471	6.762525560156754	0.583981408980944
2003	01	06	0.30087593165	7.518637086355185	0.5885124185685964
2003	01	07	8.9158554386	7.917931937268963	0.6565882287684159
2003	01	08	1.9579362122700001	7.561115261984311	0.438865944242021
2003	01	09	3.69905527753	7.399698194593635	0.6241771790251662
2003	01	10	0.0008640741890429999	4.213835022409234	0.6225008635546899
2003	01	11	0.00144367266363	3.2878107936943013	0.6273988822281917
2003	01	12	0.00279092274938	2.7016119700123715	0.6394661799195872
2003	01	13	0.0	2.251343308343643	0.6818498800889702
2003	01	14	0.0008243041067299999	1.9709873491914158	0.6956645926984772
2003	01	15	0.00083006850628	1.8265615520523897	0.7281299803970307
2003	01	16	0.00042079855598	1.7246139305424886	0.7854468563722898
2003	01	17	0.0439545741125	1.6821357549133635	0.8040712452406659
2003	01	18	29.6025267522	7.892445031891487	0.6661718976385427
2003	01	19	4.196070307539999	15.207186875226869	0.6271296394998903
2003	01	20	24.6976237878	11.978845527413347	0.623174192783319
2003	01	21	10.113945339399999	16.056750387809377	0.6528507148223157
2003	01	22	6.324296292400001	9.939893097215329	0.8888752162159462
2003	01	23	0.0008415972570249999	6.329248168739675	1.0156905135266625
2003	01	24	0.00083006850628	3.8400270768729303	0.92138150590568
2003	01	25	0.000426562994214	3.1178980911778	1.1565878787243737
2003	01	26	0.0008243041067299999	2.693116334886547	1.2545159957041763
2003	01	27	0.0012568049595499998	2.370282200105194	1.5024768633043124
2003	01	28	0.025724452850899998	1.9624917140655906	1.1636785178425921
2003	01	29	0.124919659043	1.8520484574298648	0.7422875668032823
2003	01	30	1.75021773548	1.7840833764232642	0.7186192165079027
2003	01	31	0.22608423769500002	1.7501008359199641	0.7181893895617424
2003	02	01	0.0179626513817	1.631161944158413	0.9440961655586921
2003	02	02	0.607919388814	1.614170673906763	0.7224524810620953
2003	02	03	0.672676308104	1.5631968631518125	0.7806840149664961
2003	02	04	1.40413113606	1.512223052396862	0.7941346682244361
2003	02	05	0.071128377181	1.4357623362644365	0.9826843897781283
2003	02	06	0.212116035226	1.4102754308869614	1.015683568080644
2003	02	07	2.8041683444	1.3508059850061858	0.9449689953157248
2003	02	08	0.0	1.3083278093770605	1.3478432353390402
2003	02	09	0.004080659108	1.248858363496285	1.299145656836566
2003	02	10	0.072727041836	1.248858363496285	1.2826024536947147
2003	02	11	3.3115892736999997	1.2148758229929848	0.7667256754534758
2003	02	12	0.360309410306	1.231867093244635	0.9112626284502617
2003	02	13	0.0036692373601999997	1.1554063771122094	1.2312954682629804
2003	02	14	0.07846727355699999	1.1214238366089089	1.122198279116437
2003	02	15	0.001326097191	1.0619543907281335	1.1572847864679943
2003	02	16	0.004560971837459999	1.0619543907281335	1.175581289170512
2003	02	17	0.00249443261623	1.0449631204764833	1.1862491538595763
2003	02	18	14.783754030599999	1.104432566357259	0.5914978711877231
2003	02	19	4.45388079264	1.3083278093770605	0.7911204204696777
2003	02	20	1.76390655243	1.3423103498803608	0.9817629039243366
2003	02	21	2.62684407983	1.2743452688737602	1.358775215302747
2003	02	22	6.4295806010000005	2.761081415893147	1.1238861167406418
2003	02	23	0.798823478164	1.8945266330589903	1.4054499795915598
2003	02	24	6.30860954356	1.86054409255569	1.0454718250751365
2003	02	25	2.90188103368	2.1918738624628675	1.0464735610526719
2003	02	26	6.4486982338	1.8690397276815152	1.0587357485504822
2003	02	27	3.5757549597399994	2.1578913219595672	1.1082031323550008
2003	02	28	1.1946934456	1.7076226602908384	1.2079091565078617
2003	03	01	4.7154413047	5.68357989917697	1.2794365271639763
2003	03	02	3.40307093768	2.863029037403048	1.1819132011648052
2003	03	03	0.26056130434	2.149395686833742	1.6189810276189334
2003	03	04	0.0272869847157	1.8435528223040398	1.998533249431467
2003	03	05	2.4364836941	1.7840833764232642	1.696340801773696
2003	03	06	0.00071605225178	1.758596471045789	1.7014973097061366
2003	03	07	0.027879311222399998	1.6566488495358882	1.7026609115058877
2003	03	08	0.0022095912025799995	1.5377099577743374	2.0068692917053355
2003	03	09	0.000426562994214	1.503727417271037	2.17892771479724
2003	03	10	0.0	1.4357623362644365	2.211674615361779
2003	03	11	0.0	1.384788525509486	2.2631211814701007
2003	03	12	0.00308767486992	1.3423103498803608	2.19966454092703
2003	03	13	7.65438112683	1.3423103498803608	2.2967681662283326
2003	03	14	0.48188523406	1.3168234445028855	2.210299291021336
2003	03	15	0.015143321810599998	1.248858363496285	2.3297287051827085
2003	03	16	0.12695718400699998	1.231867093244635	2.3063530510891694
2003	03	17	0.0	1.1554063771122094	1.8683651497862164
2003	03	18	0.0016611346729199998	1.1554063771122094	2.182128682838113
2003	03	19	0.0	1.0959369312314338	2.2275173900551204
2003	03	20	0.0	1.0619543907281335	2.4571439649156037
2003	03	21	0.0016643373212799999	1.0194762150990082	2.4529934384756413
2003	03	22	0.00708737049354	1.002484944847358	2.212503831478974
2003	03	23	7.0393545588	1.002484944847358	2.099610896792137
2003	03	24	10.9600562939	1.002484944847358	2.2866946328164843
2003	03	25	14.2158970881	1.3338147147545356	1.2341617075403084
2003	03	26	14.0338037633	1.614170673906763	2.0222136669365325
2003	03	27	17.4373913258	2.353290929853544	2.0152986805393334
2003	03	28	1.17733719203	1.6906313900391885	1.9190986239603451
2003	03	29	8.8382998212	1.5292143226485122	2.4183747913741747
2003	03	30	13.609864840199998	2.5826730782508207	1.6619416386199783
2003	03	31	0.295545295792	2.49771672699257	2.4685723705815485
2003	04	01	0.016628264209499997	1.767092106171614	2.7361267079407927
2003	04	02	0.034801238564999996	1.5801881334034626	1.9121146997571143
2003	04	03	0.000412299913284	1.4697448767677368	2.850760145695396
2003	04	04	0.0020678700475399996	1.3423103498803608	2.8692155623116427
2003	04	05	0.00124798462071	1.3168234445028855	3.020574047640214
2003	04	06	0.00166013633559	1.231867093244635	3.3332250082152144
2003	04	07	0.00185922702315	1.1554063771122094	3.308618121563606
2003	04	08	0.00228777176	1.138415106860559	3.2909025735403046
2003	04	09	0.052767529144	1.0619543907281335	2.3135758173712517
2003	04	10	8.6694596348	1.0619543907281335	2.3450347103899216
2003	04	11	5.079229992649999	1.138415106860559	1.7029570179667202
2003	04	12	17.398034224199996	1.486736147019387	2.3931426342988735
2003	04	13	10.9035244634	2.404264740608494	1.6138659239427933
2003	04	14	3.1204970833999996	2.0474480653238416	2.1435991622981927
2003	04	15	0.15529896825199999	1.7755877412974392	2.8783063408122085
2003	04	16	0.0284101765899	1.5207186875226872	2.9859246142226183
2003	04	17	2.3272410452	1.4272667011386115	2.6820774315810456
2003	04	18	16.7982397713	1.5971794036551128	2.1391953573387057
2003	04	19	24.961411918	4.689590589455437	1.9714870351995364
2003	04	20	6.43333430294	3.6616187392306037	2.202613420915313
2003	04	21	0.07838251691300001	2.5486905377475204	2.989913827141031
2003	04	22	1.27273367681	1.8690397276815152	3.122298364579197
2003	04	23	4.242976204900001	1.7840833764232642	2.417759819131543
2003	04	24	1.2865264570100001	1.6906313900391885	2.4283582684393066
2003	04	25	14.3544360973	3.636131833853129	2.062374939842346
2003	04	26	0.236915641643	5.037911629614265	2.6600803614930433
2003	04	27	0.27534483013500005	2.310812754224419	3.4774206760824753
2003	04	28	9.208977646000001	1.9539960789397655	2.851423988148995
2003	04	29	7.72004624973	1.8520484574298648	2.0544009267243415
2003	04	30	3.00668159886	1.8945266330589903	2.2583739201371817
2003	05	01	0.185008193213	1.8265615520523897	2.9839598556698923
2003	05	02	0.358894620374	1.6821357549133635	2.6087356052197976
2003	05	03	0.0	1.5886837685292878	3.958552701832492
2003	05	04	0.036360561592000004	1.503727417271037	3.519095283346562
2003	05	05	1.14398423407	1.4187710660127864	2.541699382511839
2003	05	06	0.0137986814442	1.3423103498803608	2.8052255786518154
2003	05	07	0.000824953059843	1.2828409039995852	3.7478797384604787
2003	05	08	0.02334115192	1.24036272837046	3.912285673128204
2003	05	09	0.0294061928799	1.1554063771122094	4.273993305384933
2003	05	10	0.06525117508699999	1.1469107419863844	4.3330382542791455
2003	05	11	0.08256453196939999	1.0619543907281335	3.8270561820181532
2003	05	12	0.0076403298408	1.010980579973183	4.404867565393875
2003	05	13	0.0026095150017699997	0.993989309721533	4.216487452252441
2003	05	14	0.0	0.9430154989665827	4.429209541792037
2003	05	15	0.076182905989	0.8750504179599821	4.477974574053939
2003	05	16	0.004176926853169999	0.7646071613242561	3.3792235559481685
2003	05	17	0.16482442937300001	0.7646071613242561	3.9540281167534173
2003	05	18	0.35243159745499997	0.756111526198431	3.209058282794543
2003	05	19	0.59878654128	0.7306246208209558	3.550430048442932
2003	05	20	0.00083006850628	0.7136333505693058	4.504143153713525
2003	05	21	0.00290419897896	0.6711551749401804	5.2904283819274855
2003	05	22	0.00083006850628	0.6371726344368801	5.060150216449422
2003	05	23	0.000832950715726	0.6031900939335798	5.127339322301035
2003	05	24	0.074597113435	0.5607119183044544	3.0291863402973536
2003	05	25	0.00332248694334	0.5522162831786295	3.8813334203205847
2003	05	26	0.0	0.5267293778011543	4.430489253859796
2003	05	27	0.00164860802004	0.49274683729785396	5.098803594889074
2003	05	28	0.00248444092587	0.49274683729785396	5.15793504340194
2003	05	29	0.0016551394266	0.47575556704620386	5.756616527388827
2003	05	30	6.0747883607999995	0.4672599319203788	5.195415455842709
2003	05	31	0.32705071558300003	0.4672599319203788	4.906696936644398
2003	06	01	2.26728258598	0.4672599319203788	3.0128422940359347
2003	06	02	0.28830107850599995	0.4672599319203788	3.560771910183712
2003	06	03	1.8424258849800002	0.4672599319203788	3.4295257256717235
2003	06	04	5.47364431985	0.4672599319203788	3.2802939336504733
2003	06	05	0.00303878148535	0.4672599319203788	4.655413490658833
2003	06	06	0.0	0.4672599319203788	5.626624447866833
2003	06	07	0.009838140024600001	0.4672599319203788	5.443197234629932
2003	06	08	0.004544023216540001	0.4502686616687286	4.62390778410533
2003	06	09	0.0008243041067299999	0.4332773914170785	5.0861876893543325
2003	06	10	0.019135021258	0.4247817562912534	4.790489183371645
2003	06	11	0.000254568746558	0.4077904860396033	6.130260817897659
2003	06	12	0.737001146456	0.3992948509137782	6.579261747199011
2003	06	13	0.101103902798	0.3992948509137782	6.22267805679999
2003	06	14	0.0007281192420299999	0.3992948509137782	5.672302455442235
2003	06	15	0.36726676639	0.38230358066212805	5.2617110339851605
2003	06	16	0.386616261415	0.373807945536303	4.163971429838911
2003	06	17	0.005873777883029999	0.373807945536303	4.853302974313933
2003	06	18	0.000412152082378	0.3568166752846529	6.105007504725853
2003	06	19	0.0	0.3483210401588278	6.787265014267092
2003	06	20	0.00661651590537	0.28885159427805235	6.638470276457515
2003	06	21	0.329773218135	0.25486905377475205	6.802738409677273
2003	06	22	0.90627772706	0.25486905377475205	5.415825700928139
2003	06	23	0.170074650866	0.25486905377475205	5.355896928493173
2003	06	24	1.21074624179	0.25486905377475205	3.8644230502557346
2003	06	25	0.0041291291929	0.25486905377475205	4.984381466470505
2003	06	26	0.00209376734147	0.23787778352310193	5.097973039217228
2003	06	27	0.00249381976496	0.19539960789397656	5.51514632303392
2003	06	28	0.0	0.2123908781456267	5.094024251778333
2003	06	29	21.3110272052	0.2123908781456267	2.2989366457236886
2003	06	30	6.0491379675	0.29734722940387737	2.7335644581105347
2003	07	01	1.45633538748	0.3228341347813526	3.1856830092361794
2003	07	02	1.1788198530399998	0.3228341347813526	3.364946120389172
2003	07	03	0.006519675637	0.3228341347813526	4.185183015833994
2003	07	04	0.0016601364323	0.3228341347813526	5.169394026610927
2003	07	05	0.0091260459197	0.3228341347813526	5.1761664118110025
2003	07	06	0.0144429402538	0.30584286452970244	5.530070154495454
2003	07	07	0.005266105143399999	0.28885159427805235	5.983941841617979
2003	07	08	0.0035663326978599996	0.2803559591522272	5.785199305650426
2003	07	09	0.00376036081034	0.2633646889005771	6.212651230351269
2003	07	10	3.2444106393e-07	0.25486905377475205	6.357766803693072
2003	07	11	0.00376013276816	0.23787778352310193	6.421350854539288
2003	07	12	0.047461738084999996	0.22938214839727683	6.079495087851621
2003	07	13	0.366743516935	0.22088651327145176	4.459476069561395
2003	07	14	0.232516632557	0.2123908781456267	4.352013803051312
2003	07	15	37.3674819345	0.20389524301980164	3.0262566289420714
2003	07	16	0.0491960626925	0.1869039727681515	3.2124727650183194
2003	07	17	0.000643792319244	0.1869039727681515	4.830837516595073
2003	07	18	0.000827186287163	0.16991270251650137	4.56054929376916
2003	07	19	0.24379304756999998	0.1614170673906763	3.988029250260686
2003	07	20	0.00202794429114	0.1614170673906763	4.183584074308495
2003	07	21	0.00276103848899	0.15292143226485122	4.637987092496011
2003	07	22	0.000420798604335	0.14442579713902617	5.228522655574323
2003	07	23	0.15308322609999997	0.14442579713902617	4.552626282751532
2003	07	24	0.00317243364154	0.14442579713902617	4.821646755430694
2003	07	25	0.474637351465	0.14442579713902617	3.761554722051068
2003	07	26	2.6375244421	0.14442579713902617	3.477431386108394
2003	07	27	1.13879496889	0.14442579713902617	3.8306656420951084
2003	07	28	0.00127762198047	0.14442579713902617	5.312973546247957
2003	07	29	0.00041392176899699996	0.14442579713902617	5.886778381134895
2003	07	30	0.0	0.1359301620132011	5.956602788130299
2003	07	31	0.0008243041067299999	0.12743452688737603	6.026838707066928
2003	08	01	0.00415571438506	0.11893889176155097	6.586795099544092
2003	08	02	1.7611052505699998	0.11893889176155097	5.691763083280611
2003	08	03	0.824084720095	0.11893889176155097	6.058364755417253
2003	08	04	0.00261561256727	0.11893889176155097	5.83487296265491
2003	08	05	0.51149329069	0.11044325663572588	5.90512416177095
2003	08	06	0.076244084735	0.10194762150990082	5.888147317038703
2003	08	07	0.033676317516	0.11044325663572588	5.723387940786134
2003	08	08	0.0217993314688	0.11893889176155097	6.248495008824264
2003	08	09	0.0111008341396	0.09345198638407574	5.866849263058021
2003	08	10	1.9519260726099998	0.08495635125825068	5.824581273116394
2003	08	11	0.14195272713499998	0.07646071613242561	5.989619794872238
2003	08	12	0.9724380535149998	0.07646071613242561	5.721203822447852
2003	08	13	0.10834562496599999	0.07646071613242561	5.425705001928233
2003	08	14	0.00019316183265499998	0.07646071613242561	5.233512576304158
2003	08	15	0.9115605785070001	0.07646071613242561	3.7543526273070262
2003	08	16	0.104184251692	0.08495635125825068	3.7884387100317753
2003	08	17	0.72306952938	0.07646071613242561	4.234116834244461
2003	08	18	0.0088239470901	0.07646071613242561	4.5524600646018625
2003	08	19	0.008797053973299999	0.07646071613242561	4.613478491527834
2003	08	20	0.00262446984933	0.07646071613242561	4.892749881772324
2003	08	21	0.0014504415899499999	0.07646071613242561	4.920637752984759
2003	08	22	0.18942234708500003	0.07646071613242561	4.5782072461573655
2003	08	23	0.51108604488	0.07646071613242561	4.3394621495865655
2003	08	24	0.18794995667699999	0.07646071613242561	4.391257445310585
2003	08	25	0.376746251577	0.07646071613242561	3.3733856668104893
2003	08	26	0.00066215093328	0.07646071613242561	4.070020005638939
2003	08	27	2.8849761256799997	0.07646071613242561	2.8816724064211474
2003	08	28	15.2960675188	0.07646071613242561	2.104940347309581
2003	08	29	4.162330412869999	0.07646071613242561	2.5730112957584783
2003	08	30	0.261700422417	0.07646071613242561	3.294358877971193
2003	08	31	1.9610319960799998	0.06796508100660055	3.123426154056408
2003	09	01	1.72940961188	0.06796508100660055	2.8611374635755222
2003	09	02	2.50452904352	0.07646071613242561	2.7122386391777455
2003	09	03	0.13542383503499997	0.07646071613242561	3.0748928799631168
2003	09	04	1.11833471116	0.07646071613242561	3.0296602877188934
2003	09	05	0.08841493668950001	0.07646071613242561	3.5594223203176236
2003	09	06	0.000866206257703	0.07646071613242561	3.7106629888602534
2003	09	07	0.163729991316	0.07646071613242561	2.5108506742075787
2003	09	08	0.59383489257	0.07646071613242561	2.5025431343751348
2003	09	09	0.0068892935202	0.08495635125825068	3.18171013280533
2003	09	10	0.0	0.09345198638407574	3.9079536280974305
2003	09	11	0.0024984771251399997	0.09345198638407574	4.184145166629954
2003	09	12	0.00042079855598	0.08495635125825068	4.132448191872308
2003	09	13	0.00124712274119	0.07646071613242561	4.056479205751575
2003	09	14	0.0008358329058299999	0.08495635125825068	4.140632313173301
2003	09	15	0.000426562994214	0.07646071613242561	3.959973290303889
2003	09	16	0.0	0.07646071613242561	3.7437163197251815
2003	09	17	0.000824304164756	0.07646071613242561	3.855426078525856
2003	09	18	0.00166822148501	0.07646071613242561	3.88522929915359
2003	09	19	0.0	0.07646071613242561	3.6220874709521698
2003	09	20	0.008560101900999999	0.07646071613242561	3.364578500054803
2003	09	21	0.325883126082	0.07646071613242561	2.6252179296538087
2003	09	22	0.807191040126	0.07646071613242561	2.4726005198713317
2003	09	23	0.12092794799039999	0.07646071613242561	2.9798361460517007
2003	09	24	0.00249979653967	0.07646071613242561	3.252683921476196
2003	09	25	0.0008281360470599999	0.06796508100660055	3.2561404352131937
2003	09	26	0.0010971960327799998	0.05946944588077548	3.076585012020485
2003	09	27	0.244739296894	0.05946944588077548	2.746549314060854
2003	09	28	0.059986833934000006	0.05946944588077548	2.6223279055044793
2003	09	29	1.77460383895	0.05946944588077548	2.2806223325023587
2003	09	30	17.9588487445	0.06796508100660055	1.5849025303530297
2003	10	01	21.3986290574	0.016991270251650138	1.3277976393829518
2003	10	02	32.818633275799996	0.033982540503300275	1.2888690374980163
2003	10	03	4.5109209309	0.033982540503300275	2.0944859603947683
2003	10	04	0.0122468524751	0.04247817562912534	2.1142564425027284
2003	10	05	0.0042133578003	0.04247817562912534	2.056828732133898
2003	10	06	0.000426562994214	0.04247817562912534	2.0972981385132266
2003	10	07	0.0	0.04247817562912534	2.357547350498274
2003	10	08	0.00165609743586	0.033982540503300275	2.497325008375579
2003	10	09	0.0012335737669	0.033982540503300275	2.169271485813273
2003	10	10	0.00207208844103	0.033982540503300275	2.164794420838792
2003	10	11	8.7505732131	0.033982540503300275	1.9792562381512795
2003	10	12	9.180033310099999	0.033982540503300275	1.3956981329368165
2003	10	13	0.145647610053	0.033982540503300275	1.7802929551465865
2003	10	14	0.043840360569599994	0.033982540503300275	1.8462260978779699
2003	10	15	5.0983974311	0.033982540503300275	1.7087879014650322
2003	10	16	0.89357206397	0.033982540503300275	1.6752561331614944
2003	10	17	0.7844248194850001	0.033982540503300275	1.9141257888169134
2003	10	18	11.470648344099999	0.033982540503300275	1.5056482911146931
2003	10	19	18.466113003599997	0.05946944588077548	0.961691650079899
2003	10	20	4.2454065272	0.16991270251650137	1.4973517997176424
2003	10	21	0.0604961997014	0.19539960789397656	1.4028846978970912
2003	10	22	1.8824354889500001	0.15292143226485122	1.21422973428996
2003	10	23	0.176449638672	0.1359301620132011	1.2033761680673747
2003	10	24	1.60207503644	0.11044325663572588	1.1018209901481015
2003	10	25	7.5770609015699995	0.09345198638407574	0.8035683274163731
2003	10	26	4.8107586807	0.09345198638407574	1.2639345444080177
2003	10	27	10.8836408874	0.09345198638407574	1.3707828244911453
2003	10	28	3.2079658626399996	0.11893889176155097	1.1268333161532977
2003	10	29	0.7393498358449999	0.16991270251650137	1.0352600167676997
2003	10	30	27.5476868298	0.19539960789397656	1.0298257154232977
2003	10	31	10.596557252399998	1.359301620132011	0.8929922099371643
2003	11	01	0.6380615747739999	1.0534587556023085	1.1306101170809097
2003	11	02	0.204379351278	0.7221289856951307	1.230982403226894
2003	11	03	0.297218504515	0.6116857290594049	1.0087236340490415
2003	11	04	0.0023029416905999997	0.5097381075495041	1.3176174121731754
2003	11	05	0.8416085237400001	0.45876429679455366	1.1017189925658442
2003	11	06	0.0291139323586	0.4417730265429035	1.3953815157287064
2003	11	07	0.5053498846500001	0.41628612116542835	1.3334064919130992
2003	11	08	1.08857182182	0.3907992157879531	0.9814901663422745
2003	11	09	11.0605138064	0.5607119183044544	0.6425452496516842
2003	11	10	2.6839593617600004	2.0134655248205413	0.9260781972049748
2003	11	11	1.25502868698	1.3508059850061858	0.9378666647897721
2003	11	12	2.31338511337	1.0279718502248332	0.8027955528301728
2003	11	13	0.470659872256	0.8750504179599821	0.9922735600681843
2003	11	14	9.653891033899999	0.9175285935891073	0.7993132173297003
2003	11	15	28.117007961699997	7.348724383838684	0.8533482733227763
2003	11	16	0.1075277339895	2.106917511204617	0.8393568094463355
2003	11	17	0.00206205178052	1.4697448767677368	1.0812328501371322
2003	11	18	0.00166312786602	1.2828409039995852	1.1265012083052086
2003	11	19	0.0008243041067299999	1.129919471734734	1.1490421679052056
2003	11	20	0.009664572653399999	1.0194762150990082	1.0699286497376046
2003	11	21	15.2049918434	1.2148758229929848	0.5947189775801641
2003	11	22	15.268804002699998	7.153324775944707	0.6573637671315274
2003	11	23	3.2195196129199997	2.3023171190985936	0.6879108766259038
2003	11	24	0.389039233755	1.8520484574298648	0.8865856374339591
2003	11	25	0.00148683462676	1.5716924982776377	0.907098726224315
2003	11	26	11.9289773432	1.8095702818007395	0.8261187790066615
2003	11	27	0.45419694829799995	2.0304567950721912	0.6710581712794594
2003	11	28	1.65525219046	1.631161944158413	0.6613602710817222
2003	11	29	3.1788024785899998	1.512223052396862	0.6289212023577349
2003	11	30	21.273443765	2.557186172873345	0.887285273776784
2003	12	01	0.44900431761000004	2.557186172873345	0.5520303528911399
2003	12	02	0.26287083585	1.86054409255569	0.7039799220711112
2003	12	03	2.1213369447200003	1.6991270251650137	0.6022512865307508
2003	12	04	0.0051708651354	1.6651444846617134	0.7490520189632401
2003	12	05	2.8564449349000003	1.5716924982776377	0.7836254613845501
2003	12	06	6.6862073557	1.512223052396862	0.47030897426523105
2003	12	07	6.44461465405	1.4527536065160866	0.567759451917759
2003	12	08	2.7014326344299997	1.495231782145212	0.6545695696891974
2003	12	09	25.747991097800004	2.259838943469468	0.5865176611354908
2003	12	10	0.010092325818899999	2.6676294295090712	0.8944845710034856
2003	12	11	0.047656558445799996	1.8350571871782146	0.7595576466786627
2003	12	12	0.007449339195999999	1.6651444846617134	0.7466356980013322
2003	12	13	0.0075388694456	1.5631968631518125	0.8407929917712276
2003	12	14	0.0066893484965	1.495231782145212	1.0008004602263594
2003	12	15	0.058865336419	1.4527536065160866	0.7099141195171573
2003	12	16	0.0016601364323	1.3932841606353112	0.7108324045784589
2003	12	17	0.35837152565499997	1.359301620132011	0.6647688812126804
2003	12	18	6.60842998227	1.5716924982776377	0.5385238039994846
2003	12	19	2.18675361963	1.733109565668314	0.6728409259830956
2003	12	20	0.050819233661500006	1.5292143226485122	0.6506819062013771
2003	12	21	0.0258702789586	1.4527536065160866	0.9524241517097165
2003	12	22	0.00102302826339	1.3508059850061858	0.6716627357419976
2003	12	23	0.0	1.2743452688737602	0.6580822462355513
2003	12	24	0.0012344954132	1.25735399862211	0.7343618508949028
2003	12	25	0.00033949910106	1.1808932824896843	0.6068099520575496
2003	12	26	0.08531836469300001	1.1808932824896843	0.6462677508528744
2003	12	27	10.16113836875	1.1808932824896843	0.549149245508211
2003	12	28	0.926791039896	1.614170673906763	0.659374948265916
2003	12	29	1.13872282323	1.486736147019387	0.7904634382226026
2003	12	30	1.06429722498	1.359301620132011	0.45095879816772677
2003	12	31	0.28343974726500004	1.2913365391254104	0.4672751637398493
2004	01	01	1.06021171103	1.2743452688737602	0.8667777382990753
2004	01	02	0.0103439546008	1.1723976473638593	0.7587717493659997
2004	01	03	0.0186690850503	1.0874412961056088	0.7056674768374216
2004	01	04	0.0038096448065999995	1.0874412961056088	0.8675474626772911
2004	01	05	0.004081916338	1.0874412961056088	0.8544534900155115
2004	01	06	0.0016020293893199999	1.0364674853506584	0.7107732509140353
2004	01	07	0.430507040776	1.0194762150990082	0.6736198834152223
2004	01	08	2.3884529627299997	1.0959369312314338	0.7951220042385952
2004	01	09	1.04590781848	1.1808932824896843	0.7213565714014543
2004	01	10	0.654350043563	1.1893889176155095	0.6790831636690953
2004	01	11	0.640457961535	1.1808932824896843	0.6236784145939457
2004	01	12	0.287137444444	1.1723976473638593	0.4462434550167525
2004	01	13	1.78088051137	1.0874412961056088	0.5387846237505551
2004	01	14	11.0758229994	1.5292143226485122	0.8428272946349797
2004	01	15	0.00407237231823	1.5462055929001624	0.8039789150831738
2004	01	16	1.0850321391099997	1.384788525509486	0.8593076836853895
2004	01	17	0.7082766130439999	1.3083278093770605	0.7735616856182059
2004	01	18	0.035156924405600004	1.24036272837046	0.8413132830800238
2004	01	19	0.0	1.129919471734734	0.9148691858666146
2004	01	20	0.0008243041067299999	1.0874412961056088	0.9249350966951024
2004	01	21	0.00083006850628	1.0874412961056088	0.8827544095691433
2004	01	22	0.00208093537512	1.0449631204764833	1.0053718649583179
2004	01	23	0.20686045599900002	1.0194762150990082	0.7424445528513164
2004	01	24	0.1090933615414	1.0194762150990082	0.9817414480480685
2004	01	25	8.0202705494	1.0194762150990082	0.7677297889754482
2004	01	26	12.6974746543	1.0619543907281335	0.480662923603597
2004	01	27	2.85965164508	1.2743452688737602	0.9592386361077334
2004	01	28	0.00085802939819	1.1978845527413347	0.9234378401469989
2004	01	29	0.75599048377	1.0874412961056088	0.8048746690462376
2004	01	30	2.84982581237	1.2233714581188098	0.7470580009377431
2004	01	31	8.776858991100001	1.9115179033106404	0.8179372406391597
2004	02	01	0.456722181792	1.8265615520523897	1.043739415332292
2004	02	02	0.20062888912299998	1.5292143226485122	1.1100881686686772
2004	02	03	0.036574667861000006	1.4357623362644365	1.206022931177931
2004	02	04	0.0	1.359301620132011	1.4098638848158769
2004	02	05	0.00189816556387	1.2913365391254104	1.5138275148929576
2004	02	06	0.00195361530618	1.2743452688737602	1.3029776651500078
2004	02	07	0.0679153189566	1.2063801878671596	1.2803787146037342
2004	02	08	0.000824304164756	1.1808932824896843	1.3076669231611682
2004	02	09	0.0016556481212000001	1.112928201483084	1.2297631604951376
2004	02	10	0.0008243041067299999	1.0789456609797836	1.4094964100616942
2004	02	11	0.000824304164756	1.0874412961056088	1.406425236338081
2004	02	12	0.0	1.0874412961056088	1.5122811127648568
2004	02	13	0.00082718635486	1.0449631204764833	1.3672498917214673
2004	02	14	0.00206364207976	1.0194762150990082	1.473646001408831
2004	02	15	0.00590555891665	1.0194762150990082	1.3830123628320952
2004	02	16	0.0032322290477	1.0194762150990082	1.5184568938155698
2004	02	17	0.00093193682426	1.0194762150990082	1.3136587813629435
2004	02	18	0.037157684095999996	0.9685024043440577	1.139409409134357
2004	02	19	0.0012451022758700001	0.9430154989665827	1.3204598838923767
2004	02	20	0.046813868124	0.9430154989665827	1.1304165050538768
2004	02	21	0.133695337205	0.9005373233374572	1.2507018698522814
2004	02	22	6.574781962099999	0.8750504179599821	0.9578512312542057
2004	02	23	0.243132914781	0.8750504179599821	1.212503937332265
2004	02	24	4.374113997799999	0.8750504179599821	0.6653207993006054
2004	02	25	6.948340100829999	0.8750504179599821	1.0446221398479933
2004	02	26	0.07069914918800001	0.8750504179599821	1.3122810161637526
2004	02	27	3.23777855763	0.8750504179599821	1.0505526695436551
2004	02	28	1.65837756753	0.8750504179599821	1.292469771093988
2004	02	29	0.191299362462	0.8495635125825068	1.2435970823037152
2004	03	01	0.00166392514326	0.7985897018275564	1.3068873466577513
2004	03	02	0.00248523665575	0.756111526198431	1.3181862856185138
2004	03	03	0.073599491759	0.7306246208209558	1.176632887280074
2004	03	04	0.00083237977857	0.7306246208209558	1.7368251852910488
2004	03	05	2.13006724655	0.7306246208209558	1.8090180961589164
2004	03	06	0.38495618591	0.7306246208209558	1.8157578046696194
2004	03	07	0.0	0.6881464451918305	1.817126277009647
2004	03	08	0.892282087964	0.6796508100660055	2.0776693855242097
2004	03	09	2.26420798166	0.6796508100660055	1.4321291525769948
2004	03	10	1.36716364185	0.6796508100660055	1.4881279281882587
2004	03	11	23.0309043058	0.8240766072050316	1.3373012436108884
2004	03	12	9.168146684	5.454197750779693	1.5041274958773196
2004	03	13	0.00398591647953	1.8435528223040398	1.917043385003945
2004	03	14	0.00123933758619	1.4782405118935618	2.2102602065807733
2004	03	15	0.0008243041067299999	1.2998321742512353	2.4078459835606187
2004	03	16	0.0041271746838	1.2063801878671596	2.5204651023767424
2004	03	17	5.3964557169	1.112928201483084	2.101802103739384
2004	03	18	0.02390912975	1.0704500258539587	2.220640418301867
2004	03	19	0.00174497972846	1.0194762150990082	2.4741660756728976
2004	03	20	0.0096515158363	0.9769980394698827	2.610190355668374
2004	03	21	0.016248254836799998	0.9430154989665827	1.8939445562073156
2004	03	22	0.17041557295799997	0.8920416882116321	1.6993594673924803
2004	03	23	0.38323816177299996	0.866554782834157	1.5501028261400769
2004	03	24	5.38299426516	0.8070853369533815	1.5566128411249776
2004	03	25	0.0075418187137599995	0.7985897018275564	2.0774927833246264
2004	03	26	0.5400236110800001	0.8070853369533815	2.000445060403947
2004	03	27	0.0	0.7985897018275564	2.265694584225796
2004	03	28	0.202449193756	0.756111526198431	2.0095213405562378
2004	03	29	1.72820296121	0.7306246208209558	1.6979804802701384
2004	03	30	1.54371925534	0.7306246208209558	1.604695440919117
2004	03	31	10.1672741347	0.7306246208209558	1.6858965551144172
2004	04	01	13.1595917841	1.0619543907281335	1.394542434569473
2004	04	02	4.1879472477999995	1.3338147147545356	1.687333687054155
2004	04	03	0.0271048865554	1.0959369312314338	2.179470948560652
2004	04	04	0.0012509989747	0.9769980394698827	3.1454635099177164
2004	04	05	0.0	0.9005373233374572	3.450715769099998
2004	04	06	0.00364950726297	0.8580591477083319	3.454021766564076
2004	04	07	0.0014492355195399999	0.8070853369533815	3.021271568230983
2004	04	08	0.8790501870799999	0.747615891072606	2.216157272277906
2004	04	09	0.000232596863173	0.7306246208209558	2.4193685993840184
2004	04	10	9.430530585000001e-06	0.6881464451918305	2.7306608632197014
2004	04	11	0.000231047994497	0.6796508100660055	2.689092462806913
2004	04	12	0.000426562994214	0.6371726344368801	2.853729551290379
2004	04	13	0.0033386400277999996	0.62018136418523	3.0298632572106623
2004	04	14	0.000824385207736	0.5861988236819297	2.815193392973844
2004	04	15	0.0020871342927	0.5692075534302795	2.954919851955771
2004	04	16	0.25640533715499997	0.5692075534302795	2.522580902914789
2004	04	17	0.33109587245000005	0.5607119183044544	2.5233274254540436
2004	04	18	2.3999913361200003	0.5437206480528044	1.891057030444234
2004	04	19	1.5914710750699999	0.5182337426753292	2.0786203940899837
2004	04	20	1.1312739289	0.5097381075495041	2.0391589177043006
2004	04	21	8.6942812234	0.5097381075495041	2.044149243393879
2004	04	22	0.07574211147999999	0.5097381075495041	2.6097151458071903
2004	04	23	0.0	0.5097381075495041	3.476977072178589
2004	04	24	0.0008243041067299999	0.5097381075495041	3.864523588631647
2004	04	25	0.000827186287163	0.4672599319203788	4.115673809556748
2004	04	26	0.000245193814552	0.4332773914170785	4.208300546063505
2004	04	27	0.515485257057	0.3992948509137782	4.009635166254761
2004	04	28	0.0588953764792	0.373807945536303	2.8822060129028753
2004	04	29	1.5941218961699999	0.373807945536303	2.8236346896897038
2004	04	30	3.7982439548299998	0.373807945536303	2.138031566790694
2004	05	01	9.5244630738	0.3907992157879531	2.264558744879398
2004	05	02	0.37100418236599997	0.41628612116542835	2.8294607370148297
2004	05	03	0.023222179278	0.41628612116542835	3.639356510028107
2004	05	04	1.1451705756400001	0.38230358066212805	2.7386972068222613
2004	05	05	7.5135314256	0.373807945536303	1.6961075533454273
2004	05	06	1.39796925841	0.373807945536303	2.405793036384834
2004	05	07	0.5831233413249999	0.373807945536303	2.4498247123082595
2004	05	08	0.5213805826050001	0.3568166752846529	3.367493709953854
2004	05	09	9.636929067	0.3483210401588278	2.3299979354603657
2004	05	10	0.27166254853	0.33982540503300274	3.0204704980236716
2004	05	11	0.0290680705424	0.3653123104104779	3.8236511125934434
2004	05	12	0.152135013563	0.373807945536303	3.832930133375988
2004	05	13	0.017281235623	0.373807945536303	3.977139416591609
2004	05	14	0.00165212526603	0.3568166752846529	3.9598866398145445
2004	05	15	0.0	0.33982540503300274	4.399233054522961
2004	05	16	0.00041481893799600006	0.30584286452970244	4.22847669738854
2004	05	17	0.00182299394468	0.29734722940387737	4.987838224484264
2004	05	18	0.14551440169899998	0.2718603240264022	4.597605161746696
2004	05	19	0.127249306233	0.25486905377475205	4.705390648701435
2004	05	20	0.453086175922	0.23787778352310193	4.79573894778049
2004	05	21	9.749123305100001	0.22938214839727683	4.021062050717322
2004	05	22	7.3471109234	0.22938214839727683	3.9979182528802446
2004	05	23	0.170247645714	0.22938214839727683	4.184834419174675
2004	05	24	4.280519994	0.22938214839727683	2.9721648584559226
2004	05	25	7.5437997214	0.22938214839727683	2.852192686184014
2004	05	26	0.343935440206	0.24637341864892698	3.7724123776851934
2004	05	27	0.067657571333	0.25486905377475205	4.598905746186357
2004	05	28	0.9086680694459999	0.25486905377475205	4.006499890655931
2004	05	29	1.12893615807	0.28885159427805235	3.509172483660192
2004	05	30	0.00082726739784	0.29734722940387737	4.222069048552157
2004	05	31	0.0058660195167	0.29734722940387737	4.971806049107915
2004	06	01	0.015848049514799997	0.23787778352310193	4.730257248269328
2004	06	02	0.000412152082378	0.22938214839727683	5.889462936061714
2004	06	03	0.0	0.20389524301980164	5.726771132916128
2004	06	04	0.000412152082378	0.17840833764232644	5.773776089216713
2004	06	05	0.0017741579091400002	0.16991270251650137	5.440612664105172
2004	06	06	0.321200360185	0.15292143226485122	5.365279609814141
2004	06	07	7.345269564999999	0.15292143226485122	4.867328584009194
2004	06	08	0.507907535336	0.1359301620132011	5.377945913727792
2004	06	09	0.55746506616	0.11893889176155097	5.107957903118106
2004	06	10	0.07566540110799999	0.11044325663572588	5.6902602785115235
2004	06	11	0.07360346654	0.11044325663572588	5.476001596592505
2004	06	12	0.036938657222199994	0.11044325663572588	5.665509321674342
2004	06	13	0.00083006850628	0.10194762150990082	5.577326829442034
2004	06	14	0.00083006850628	0.09345198638407574	5.718837543415253
2004	06	15	0.0	0.07646071613242561	5.326863878330864
2004	06	16	0.0029080832394	0.07646071613242561	5.696992665384541
2004	06	17	0.00082481183423	0.07646071613242561	5.826620002831353
2004	06	18	0.0	0.07646071613242561	5.537861030939549
2004	06	19	0.07882949602650001	0.07646071613242561	3.7172865315423125
2004	06	20	0.010181139447400001	0.05946944588077548	4.3488936507941185
2004	06	21	2.6134973261499996	0.05946944588077548	3.625125786851943
2004	06	22	1.3674183759899998	0.05946944588077548	4.127801385025162
2004	06	23	0.38949356766399995	0.05946944588077548	3.858321934506905
2004	06	24	1.7978678162900001	0.05946944588077548	3.9726341739980184
2004	06	25	0.016322655773999998	0.05946944588077548	5.556448712421626
2004	06	26	0.00166094744236	0.05946944588077548	5.711165550048203
2004	06	27	0.00950687974515	0.05097381075495041	5.577073657614275
2004	06	28	0.00165437261301	0.04247817562912534	6.3891428414733085
2004	06	29	0.0012451022758700001	0.04247817562912534	6.339708633229368
2004	06	30	0.0196120307607	0.033982540503300275	5.159395017116508
2004	07	01	0.0011376239075	0.033982540503300275	5.551315694625614
2004	07	02	0.0	0.033982540503300275	5.245310348628637
2004	07	03	0.00083006850628	0.033982540503300275	6.157937651190947
2004	07	04	0.000415333319144	0.025486905377475205	5.67185865845032
2004	07	05	0.301077987853	0.025486905377475205	5.3661067501558675
2004	07	06	1.21049643986	0.016991270251650138	4.671954461977718
2004	07	07	4.068539410800001	0.016991270251650138	2.8829353629425176
2004	07	08	0.11035210602000001	0.016991270251650138	3.569844209651898
2004	07	09	0.010620692199999998	0.016991270251650138	4.519909589911705
2004	07	10	1.0056476388999998	0.016991270251650138	3.506565595451082
2004	07	11	0.035401473048399995	0.016991270251650138	4.656150405900614
2004	07	12	0.0008358328381330001	0.016991270251650138	5.325367086674359
2004	07	13	0.0	0.016991270251650138	5.347584153722399
2004	07	14	0.0	0.008495635125825069	6.057025431347617
2004	07	15	0.306272968594	0.008495635125825069	5.850207045032086
2004	07	16	0.241019656216	0.008495635125825069	5.50812084799645
2004	07	17	0.053935160230300004	0.008495635125825069	5.065359187129013
2004	07	18	0.227635146952	0.008495635125825069	4.916146665686494
2004	07	19	0.0846846965955	0.008495635125825069	4.167461082804479
2004	07	20	0.173028096898	0.008495635125825069	4.829615419832901
2004	07	21	0.189098890819	0.008495635125825069	5.3265235491071214
2004	07	22	0.00421336128186	0.008495635125825069	5.431823076818999
2004	07	23	0.00125086715897	0.008495635125825069	6.082427726760633
2004	07	24	0.00082718635486	0.0	6.418399459004613
2004	07	25	0.000824304164756	0.0	6.285617965345726
2004	07	26	0.000412152082378	0.0	5.456204753041583
2004	07	27	0.0	0.0	5.568727900679722
2004	07	28	0.18218944486900002	0.0	5.210152768032347
2004	07	29	0.0025602714302900005	0.0	5.231342521722326
2004	07	30	0.0020874433778600003	0.0	5.9102786440115525
2004	07	31	0.340751843716	0.0	5.750072215247613
2004	08	01	0.152136754343	0.0	5.585578412825507
2004	08	02	0.08392855495399999	0.0	4.762503473958109
2004	08	03	4.30695054687	0.0	3.0708024252337456
2004	08	04	0.044947297427	0.0	4.0797363499868835
2004	08	05	0.06441120521749999	0.0	4.823732074276144
2004	08	06	0.294067286533	0.0	5.192626434377169
2004	08	07	0.00206263977732	0.0	5.386958976091611
2004	08	08	8.322167255100002	0.0	2.7714683401144686
2004	08	09	11.4823405831	0.0	2.403534636017479
2004	08	10	6.1543961644000005	0.0	2.645189461043862
2004	08	11	6.9405981752	0.0	2.7286430763956044
2004	08	12	0.61710476922	0.0	3.291491024025714
2004	08	13	0.0020738279638	0.0	4.506081464169801
2004	08	14	0.007950026208	0.0	5.083525604848504
2004	08	15	0.10850568001600001	0.0	4.176123039173666
2004	08	16	2.087108181	0.0	3.08686702841698
2004	08	17	12.8880378409	0.0	2.4496826776179543
2004	08	18	7.30542243383	0.0	2.4986952461508345
2004	08	19	2.8959658632399994	0.0	2.718683434706273
2004	08	20	0.19676547935900002	0.0	3.0143728514648362
2004	08	21	0.0008243041067299999	0.0	4.262501383334425
2004	08	22	0.000412152082378	0.0	4.173297290789727
2004	08	23	0.00233532812882	0.0	4.32895399801957
2004	08	24	0.0146385874851	0.0	3.934620162405363
2004	08	25	0.0007441928308699999	0.0	4.448836494515402
2004	08	26	0.00083295075441	0.0	4.708639686720165
2004	08	27	0.000426562994214	0.0	4.207466651694758
2004	08	28	0.0091217781074	0.0	4.350681519044864
2004	08	29	0.0137171945653	0.0	4.2556894406095465
2004	08	30	0.0247152569221	0.0	4.363878442642329
2004	08	31	0.0073740156454	0.0	4.16849412797256
2004	09	01	0.9690968680800001	0.0	3.0336641439992373
2004	09	02	3.2133870384	0.0	3.099590438022627
2004	09	03	7.50399050055	0.0	3.9043609496610197
2004	09	04	4.22158492	0.008495635125825069	3.59925454946376
2004	09	05	2.72245448713	0.008495635125825069	3.7184368212496652
2004	09	06	0.77855921292	0.016991270251650138	3.6822730191070288
2004	09	07	1.3671917844600001	0.016991270251650138	3.3656273678894064
2004	09	08	4.953034274169999	0.008495635125825069	3.352152746145771
2004	09	09	0.883081301655	0.008495635125825069	3.4345987173805286
2004	09	10	0.115276617904	0.008495635125825069	3.0856607586411635
2004	09	11	0.21663107696999997	0.008495635125825069	2.9786976665020384
2004	09	12	0.0110700107284	0.008495635125825069	3.5181819470445514
2004	09	13	0.0471087059668	0.008495635125825069	2.697956240625664
2004	09	14	0.518990578704	0.008495635125825069	2.6112163874018086
2004	09	15	0.0012451022758700001	0.008495635125825069	3.1105384248829044
2004	09	16	0.00083006850628	0.0	3.190150913246085
2004	09	17	0.00167217605362	0.0	3.4350352840069194
2004	09	18	0.00390339199904	0.0	3.4955804356199427
2004	09	19	0.016407314740899997	0.0	3.4965014943173967
2004	09	20	0.00029005654875499995	0.0	3.3227576304637743
2004	09	21	0.0	0.0	3.627937038395313
2004	09	22	0.000412152082378	0.0	3.729733690424245
2004	09	23	0.0	0.0	3.649217698691716
2004	09	24	0.0008415972570249999	0.0	3.4476357459576676
2004	09	25	0.0	0.0	3.0641084578009536
2004	09	26	0.0	0.0	3.2047346920231212
2004	09	27	0.00042079855598	0.0	3.3268552394198956
2004	09	28	0.0	0.0	3.196620904813229
2004	09	29	0.0	0.0	3.4313620998306558
2004	09	30	0.00248464682146	0.0	3.5523342054273566
2006	10	01	1.5799318312900001	0.0	1.5624854904651342
2006	10	02	24.472461631599998	0.0	2.10420943003714
2006	10	03	5.9253309860200005	0.0	1.471141408461768
2006	10	04	2.7593867788999997	0.0	1.7481031969735181
2006	10	05	0.0025215602547799996	0.0	2.169476421227386
2006	10	06	1.6352338974299998	0.0	2.0196424479228416
2006	10	07	1.67074397194	0.0	1.9013430599258414
2006	10	08	4.74339078483	0.0	2.2167155504714957
2006	10	09	1.8969328982099998	0.0	2.2185825842024958
2006	10	10	13.230005368	0.0	1.6051300315463681
2006	10	11	4.93306143484	0.0	1.738268379165566
2006	10	12	0.0	0.0	2.0607686435062966
2006	10	13	0.00042079855598	0.0	2.027112765117818
2006	10	14	0.00083199632342	0.0	2.062881663613999
2006	10	15	0.42484486369599994	0.0	1.8584734803711134
2006	10	16	20.0181827806	0.0	1.2535811018909095
2006	10	17	4.349391053400001	0.0	1.5435847931161466
2006	10	18	16.3200504066	0.0	1.2110879997403727
2006	10	19	15.5485666907	0.008495635125825069	1.0343020597644297
2006	10	20	9.1121641663	0.883546053085807	1.1833673037279782
2006	10	21	8.8349169054	0.756111526198431	0.9663588918934771
2006	10	22	32.707704004499995	4.5451647923164105	1.118028212083625
2006	10	23	15.561490047999998	4.213835022409234	1.245008000584246
2006	10	24	26.1879761441	1.8180659169265645	1.4218476831999882
2006	10	25	32.8043337352	15.122230523968621	1.2026031518067042
2006	10	26	2.4511987975699996	3.1858631721844004	1.2146536840366626
2006	10	27	0.000827186287163	1.733109565668314	1.7433672179837676
2006	10	28	0.000420798604335	1.3253190796287107	1.9354316315814672
2006	10	29	0.00166711318841	1.0619543907281335	1.9186075827681017
2006	10	30	0.120386039308	0.9260242287149324	1.7378790299177742
2006	10	31	2.6301264172299996	0.7900940667017313	1.7106214452053201
2006	11	01	0.0239993060224	0.7306246208209558	1.4166599314168256
2006	11	02	0.0	0.6626595398143553	1.33531390801037
2006	11	03	1.06364694694	0.62018136418523	1.016349686652178
2006	11	04	7.1405132188	0.6116857290594049	1.0212697615159303
2006	11	05	3.65311164467	0.628676999311055	0.7753680602022841
2006	11	06	3.1036925603799994	0.6711551749401804	1.0475992016833449
2006	11	07	1.9447239822	0.6966420803176556	1.2160892699485752
2006	11	08	0.0077251970243299994	0.7306246208209558	1.3916656843215398
2006	11	09	0.00688789577057	0.6881464451918305	1.2511055940109574
2006	11	10	0.0024786761394799996	0.6371726344368801	1.2116114072684747
2006	11	11	0.00042079855598	0.62018136418523	1.2789830047021236
2006	11	12	0.0008289568248299999	0.5946944588077547	1.389735245525652
2006	11	13	0.00207611863686	0.5777031885561047	1.2705168950891363
2006	11	14	0.0178376701474	0.5522162831786295	1.1354934830596908
2006	11	15	16.315359004500003	0.5777031885561047	1.0270217936490202
2006	11	16	5.532120504900001	1.9285091735622903	1.0112627337044755
2006	11	17	17.0874723025	1.614170673906763	0.7270356686183552
2006	11	18	5.32686281406	2.981967929164599	0.7936824169872755
2006	11	19	4.2997585143000006	9.769980394698829	0.7879085480166298
2006	11	20	0.6723666039999999	3.636131833853129	0.7541246974460348
2006	11	21	3.51667849572	2.2003694975886927	0.7245081761675863
2006	11	22	0.783972613196	1.8690397276815152	0.5433379762540245
2006	11	23	19.4880736853	1.9370048086881153	0.5795824080989348
2006	11	24	52.9608292236	28.460377671513978	0.8504273917796947
2006	11	25	2.8426615355699996	23.61786564979369	0.6409845579768655
2006	11	26	1.03270061733	6.932438262673256	0.7758642442865716
2006	11	27	37.023523148500004	19.539960789397657	0.4280061578273855
2006	11	28	5.02849031747	20.30456795072191	0.8606168153789995
2006	11	29	0.0	5.437206480528044	0.9140932215483902
2006	11	30	0.0030812879481	3.7295838202372047	0.8769950263518496
2006	12	01	0.92101371989	2.998959199416249	0.9331699842686068
2006	12	02	15.481183031099999	4.273304468290009	0.8341244019109649
2006	12	03	13.2909249312	3.253828253191001	0.948309067769175
2006	12	04	5.10312790404	3.525688577217404	0.4889286579617277
2006	12	05	21.286934809999998	12.48858363496285	0.7936090833433569
2006	12	06	0.5050015739139999	6.618099763017728	0.6850230935508438
2006	12	07	15.683775007500001	6.703056114275979	0.8455911845825067
2006	12	08	7.86855325534	17.75587741297439	0.8452744113664424
2006	12	09	0.5636552798400001	8.835460530858072	0.5477335553480348
2006	12	10	0.0008243041067299999	4.952955278356015	0.7381323581422246
2006	12	11	0.00386619520542	3.7975489012438053	0.652579228610927
2006	12	12	1.97076827533	3.2113500775618755	0.7493911158980331
2006	12	13	0.00745100096393	2.7950639563964472	0.6335569211540325
2006	12	14	0.00123357367019	2.51470799724422	0.7286345897033943
2006	12	15	0.000826971049387	2.353290929853544	0.7193378473689578
2006	12	16	1.1959182777499999e-05	2.1578913219595672	0.6714562370392674
2006	12	17	0.06891828289299999	2.0559437004496663	0.6578058987169888
2006	12	18	0.04358954705299999	1.9709873491914158	0.6960511404843279
2006	12	19	0.5131622151599999	1.8775353628073401	0.7204917687559865
2006	12	20	0.0012479847174199999	1.767092106171614	0.6621757645748336
2006	12	21	0.0008243041067299999	1.6906313900391885	0.6249614021927271
2006	12	22	0.0	1.6056750387809378	0.6466918922040346
2006	12	23	0.00165437261301	1.5547012280259875	0.6301901424171403
2006	12	24	0.0016661227813	1.503727417271037	0.7064397788522679
2006	12	25	0.0	1.4612492416419116	0.6343497271347025
2006	12	26	0.0020686485630400002	1.4102754308869614	0.6262263980250569
2006	12	27	0.00249357102684	1.3508059850061858	0.6976281503907024
2006	12	28	0.00084159720867	1.3253190796287107	0.711853244960166
2006	12	29	0.403235101235	1.359301620132011	0.6484942835296058
2006	12	30	1.89385500575	1.6056750387809378	0.6852152746868799
2006	12	31	0.385957637302	1.5716924982776377	0.5375027199808449
2007	01	01	0.8395848669899999	1.486736147019387	0.8489439979811902
2007	01	02	0.0019002378657499998	1.4527536065160866	0.8201643892148439
2007	01	03	0.000854146453006	1.367797255257836	0.7783766497942272
2007	01	04	0.0140519078753	1.3168234445028855	0.9047689434259456
2007	01	05	0.109729545066	1.2828409039995852	0.7698642153541249
2007	01	06	0.036021962474199996	1.248858363496285	0.820315410140224
2007	01	07	0.70568571346	1.231867093244635	0.6560188507017779
2007	01	08	0.5265172858999999	1.231867093244635	0.6325105116976001
2007	01	09	0.28948649166	1.2233714581188098	0.6429242782155073
2007	01	10	0.0182069273023	1.1978845527413347	0.7951016875461782
2007	01	11	0.00061238851265	1.104432566357259	0.8873674115706631
2007	01	12	0.00125086706226	1.0874412961056088	0.956373806861094
2007	01	13	0.0039365283265999996	1.0789456609797836	1.0004138712270616
2007	01	14	0.008954210624599999	1.0619543907281335	0.8111775112583269
2007	01	15	0.952561924185	1.0364674853506584	0.6772990674833596
2007	01	16	0.439111097372	1.0279718502248332	0.8945856875051649
2007	01	17	1.0625614739	1.0194762150990082	0.6496760521277916
2007	01	18	0.6822954812149999	1.010980579973183	0.638207056556842
2007	01	19	0.0437311266246	1.010980579973183	0.8384578788883464
2007	01	20	0.0045586670447400005	1.010980579973183	1.1980076221997409
2007	01	21	0.80787124024	0.9685024043440577	0.8488720573507351
2007	01	22	5.2329152385	1.010980579973183	0.6811495057657336
2007	01	23	0.38783398538	1.0364674853506584	0.7232241793180529
2007	01	24	0.294197641942	0.9600067692182326	0.7194892038579069
2007	01	25	0.438136966555	0.9430154989665827	0.7331721712999605
2007	01	26	0.0	0.8750504179599821	0.8035528247736817
2007	01	27	0.0016601364323	0.8410678774566818	0.7917540298104592
2007	01	28	0.00124219091803	0.8070853369533815	0.9543069706705897
2007	01	29	2.42689325353	0.7985897018275564	0.7304425302665631
2007	01	30	1.07051964309	0.7985897018275564	0.6910159501248371
2007	01	31	0.00159064778284	0.7815984315759062	0.9226264562023179
2007	02	01	0.00042079855598	0.756111526198431	0.9561590271436954
2007	02	02	0.0	0.747615891072606	0.9362090591765175
2007	02	03	0.5353859797399999	0.7391202559467809	0.892659150198753
2007	02	04	0.0511072457125	0.7306246208209558	0.9822299888985818
2007	02	05	0.285399188575	0.7306246208209558	1.1293360703307644
2007	02	06	1.39678572143	0.7136333505693058	1.0685113844270242
2007	02	07	7.516342301749999	0.7136333505693058	0.8858580960896942
2007	02	08	11.2339902702	0.7051377154434807	0.5716472300260685
2007	02	09	8.3721701935	0.9685024043440577	0.9911760919225178
2007	02	10	1.46349173406	0.9769980394698827	0.9127314315999643
2007	02	11	20.588350124999998	1.1978845527413347	0.6875541026536273
2007	02	12	15.593030080299998	4.205339387283408	1.2699200818112473
2007	02	13	6.1390579584000005	2.5486905377475204	1.21557937152383
2007	02	14	9.167439733899998	6.966420803176555	1.2875184125537178
2007	02	15	1.5710302560499998	2.5826730782508207	1.4584243355284061
2007	02	16	6.2377244016999995	2.2428476732178177	1.3170200192468795
2007	02	17	1.19823322502	2.0389524301980164	0.8718243601096832
2007	02	18	0.048993629320500005	1.7840833764232642	1.177720997778367
2007	02	19	9.396686436949999	1.7076226602908384	1.1171586613082352
2007	02	20	1.20927934451	2.1833782273370423	1.2928389611899143
2007	02	21	1.30816386886	1.8350571871782146	1.4297413927023455
2007	02	22	10.7717077663	1.8690397276815152	1.0800399535990597
2007	02	23	12.609328324800002	4.281800103415835	1.1312495232789692
2007	02	24	2.5757435796399997	3.1943588073102256	1.0549605566493396
2007	02	25	2.8225833790499997	2.6846206997607216	1.3560046440409763
2007	02	26	2.5293963759499998e-05	2.225856402966168	1.6368596877853294
2007	02	27	1.6613809932899999	1.9539960789397655	1.9608200302013823
2007	02	28	0.357100195337	1.8435528223040398	1.6847302275909743
2007	03	01	0.6387898010740001	1.7076226602908384	1.443207219294573
2007	03	02	1.17148662387	1.614170673906763	1.2400985094591022
2007	03	03	0.96314436758	1.6991270251650137	1.459426845782563
2007	03	04	6.5640761651	1.8010746466749143	1.420232452512941
2007	03	05	0.38775661737999995	1.9455004438139405	1.445959554359916
2007	03	06	11.5419506929	2.7016119700123715	1.2639592142676652
2007	03	07	8.0736360945	3.3217933341976016	1.3435267320604252
2007	03	08	0.008572790253000001	2.1918738624628675	1.7866538744680396
2007	03	09	0.0026260831655500003	1.8945266330589903	2.3030612553681045
2007	03	10	1.71870816683e-05	1.7501008359199641	2.2712333265014073
2007	03	11	0.000824304164756	1.5886837685292878	2.047880884550676
2007	03	12	0.0	1.503727417271037	2.2497928113361954
2007	03	13	0.0022352185789	1.4527536065160866	2.2647927201515397
2007	03	14	0.00165437261301	1.359301620132011	2.2115111303857926
2007	03	15	0.0186834600247	1.2998321742512353	2.2670717918472167
2007	03	16	2.37429403847	1.25735399862211	2.31684267821969
2007	03	17	0.0	1.2063801878671596	2.25597140136181
2007	03	18	0.032345036669	1.1469107419863844	2.397155021155158
2007	03	19	0.66821542396	1.112928201483084	1.5947827695445667
2007	03	20	0.47042585339799997	1.0704500258539587	1.4644604680109599
2007	03	21	0.12968646593	1.0619543907281335	1.4589746578778036
2007	03	22	0.095284136773	1.0449631204764833	1.8495537324515428
2007	03	23	0.153402427126	1.0619543907281335	1.9291081978935491
2007	03	24	0.0	1.0619543907281335	2.4237269322859074
2007	03	25	0.268647179085	1.010980579973183	2.152229094492582
2007	03	26	2.8206968570799997	0.993989309721533	2.216223461504159
2007	03	27	0.6446872349	0.9600067692182326	1.9399711189320665
2007	03	28	3.26094011908	0.9345198638407576	1.959314925744137
2007	03	29	0.042214137432999996	0.9345198638407576	2.280773554333144
2007	03	30	2.59844141664	0.9345198638407576	1.9262464010100602
2007	03	31	0.37109700462399997	0.9769980394698827	2.0136760982970094
2007	04	01	0.6982181541	0.9430154989665827	2.1272087061791414
2007	04	02	2.1570043664	0.9345198638407576	2.1766572974417584
2007	04	03	2.1180328475699994	0.9345198638407576	2.1447463114171077
2007	04	04	0.25144868853799995	0.8920416882116321	2.411557272813139
2007	04	05	0.478302051192	0.866554782834157	2.559309305248277
2007	04	06	0.595617489974	0.8495635125825068	2.9600192525075633
2007	04	07	0.40896908548999994	0.8155809720792065	2.6539633462042804
2007	04	08	0.53572659236	0.8070853369533815	2.467245408158934
2007	04	09	1.05047485152	0.8070853369533815	2.7175180211186176
2007	04	10	0.8033390228	0.8155809720792065	2.7919473886244135
2007	04	11	1.07933137474	0.8155809720792065	2.80713043883788
2007	04	12	0.66156970618	0.7815984315759062	3.1534237420902613
2007	04	13	2.7612893547299997	0.747615891072606	3.024226650217781
2007	04	14	0.0020385083112799997	0.7306246208209558	3.6214635082570457
2007	04	15	0.0008808873482659999	0.7051377154434807	3.2493251961531984
2007	04	16	0.00247752180892	0.6881464451918305	3.5947592533090336
2007	04	17	0.045361308101500006	0.6626595398143553	3.5952909121737484
2007	04	18	0.00544980704563	0.6541639046885303	3.6831705376989152
2007	04	19	1.51247989443	0.628676999311055	3.3688988814111265
2007	04	20	1.03136505223	0.628676999311055	3.282574474475953
2007	04	21	0.354275750774	0.62018136418523	3.7401499826157436
2007	04	22	0.00515221219415	0.62018136418523	4.333007535552382
2007	04	23	0.026819800948999998	0.5777031885561047	4.050990058592095
2007	04	24	2.4490256271599997	0.5607119183044544	3.5973584605112805
2007	04	25	12.213848253399998	0.7221289856951307	2.1739834065322614
2007	04	26	3.5401098780700004	0.866554782834157	2.128224496421294
2007	04	27	5.3520537381499995	0.7306246208209558	2.7474973118592416
2007	04	28	7.885105365259999	0.8240766072050316	2.6959881780715906
2007	04	29	1.82662666241	0.883546053085807	2.925020377871969
2007	04	30	6.77789394817	0.7900940667017313	2.131917411883997
2007	05	01	10.8307666291	0.7815984315759062	2.037806914438019
2007	05	02	12.8465066985	1.0619543907281335	2.496680997307081
2007	05	03	0.0526776613765	1.1554063771122094	3.686085541799356
2007	05	04	0.07155205982259999	0.9005373233374572	3.4993059217937694
2007	05	05	7.858775487499999e-05	0.7646071613242561	3.6587021437032066
2007	05	06	0.0008243041067299999	0.6711551749401804	4.347890381651816
2007	05	07	0.00198492207396	0.6116857290594049	4.6300736515715615
2007	05	08	0.0	0.5692075534302795	4.917374045002879
2007	05	09	0.00083006850628	0.5352250129269793	4.687051734718053
2007	05	10	0.0035115775267699997	0.501242472423679	3.7695542706335052
2007	05	11	0.0128202383283	0.4672599319203788	3.6184593571827137
2007	05	12	0.137709218058	0.45876429679455366	3.919516771295677
2007	05	13	6.432180165799999	0.4417730265429035	2.529853193505557
2007	05	14	1.17328900814	0.45876429679455366	2.829401600258143
2007	05	15	0.00166301877714	0.47575556704620386	3.6878840125231003
2007	05	16	0.009662427625599998	0.4417730265429035	4.544115666723184
2007	05	17	0.00083006850628	0.41628612116542835	4.941984228885927
2007	05	18	0.067621691923	0.3992948509137782	4.897724442242712
2007	05	19	1.75512605811	0.373807945536303	4.839640593322645
2007	05	20	3.2847636604800003	0.3483210401588278	3.592808633241914
2007	05	21	8.5608987914	0.3483210401588278	3.0604961859273083
2007	05	22	7.851536744000001	0.3907992157879531	4.370653991940258
2007	05	23	11.31110489	1.0874412961056088	3.1082239381937793
2007	05	24	11.946134664299999	0.7731027964500812	3.8442875684096873
2007	05	25	2.3659724330999996	0.7051377154434807	3.478808889335677
2007	05	26	0.9896919395500001	0.6881464451918305	3.5093738048297323
2007	05	27	0.6754959461800001	0.5946944588077547	3.0826650473379535
2007	05	28	0.017900020051499998	0.5267293778011543	2.9810590372314105
2007	05	29	0.42868604950199996	0.4842512021720288	3.3214974825745798
2007	05	30	1.35623666908	0.4672599319203788	2.949131498397984
2007	05	31	1.56150209672	0.4417730265429035	2.617940153647299
2007	06	01	0.00413176966603	0.4332773914170785	4.211162394285611
2007	06	02	0.0230889496478	0.3907992157879531	4.8439750326963775
2007	06	03	0.14471486144499998	0.373807945536303	4.695060123039216
2007	06	04	0.0	0.33982540503300274	4.798587677598346
2007	06	05	0.0008250381356299999	0.3143384996555275	4.585694614582683
2007	06	06	0.00083006850628	0.28885159427805235	4.930119942833046
2007	06	07	0.0391649746127	0.2633646889005771	4.835686173735556
2007	06	08	6.3111243904	0.23787778352310193	4.449814953754974
2007	06	09	14.4377846437	0.23787778352310193	3.5662661863225993
2007	06	10	4.6808278286	0.23787778352310193	3.672711092958902
2007	06	11	0.407028096448	0.23787778352310193	3.456226432867022
2007	06	12	0.076517986797	0.23787778352310193	4.566451794436411
2007	06	13	8.975836431249999	0.22938214839727683	3.211164749515394
2007	06	14	34.080135923600004	0.3568166752846529	2.6920326616823025
2007	06	15	0.461655552312	0.38230358066212805	3.10548816594251
2007	06	16	14.074744974700002	0.3653123104104779	3.4552587281230465
2007	06	17	6.6342731186	1.0279718502248332	2.70588212388337
2007	06	18	3.5137011816599997	0.7985897018275564	3.2221600251434057
2007	06	19	9.6927152634	0.6881464451918305	3.1012663887248073
2007	06	20	2.2692788738000003	0.6796508100660055	3.1183298787209486
2007	06	21	0.6122207498130001	0.5692075534302795	3.115149071428319
2007	06	22	0.0479667045145	0.47575556704620386	3.968752889341635
2007	06	23	0.00083006850628	0.4077904860396033	5.164406084377065
2007	06	24	0.09917716881000001	0.3653123104104779	4.2998248516368145
2007	06	25	0.314539826433	0.3228341347813526	3.425229214741378
2007	06	26	0.000412152082378	0.28885159427805235	4.251459423365553
2007	06	27	0.0	0.2633646889005771	5.085425635012779
2007	06	28	0.000426562994214	0.23787778352310193	5.087869864381108
2007	06	29	0.0025665818545	0.22938214839727683	5.095073411379407
2007	06	30	0.049930521952	0.2123908781456267	4.838715420040012
2007	07	01	0.246500772834	0.20389524301980164	2.9106913714539577
2007	07	02	0.0217179142211	0.1869039727681515	3.6138890896580538
2007	07	03	0.5952604366540001	0.17840833764232644	3.120658216098154
2007	07	04	0.0050820631121	0.16991270251650137	3.886044368709551
2007	07	05	0.00165437261301	0.16991270251650137	5.523337412707969
2007	07	06	0.0021045294236899997	0.1614170673906763	6.09431030432512
2007	07	07	0.010674478433599999	0.14442579713902617	5.6878401475571305
2007	07	08	0.015835812798500003	0.14442579713902617	4.314096466034733
2007	07	09	0.0	0.11893889176155097	4.256350270537956
2007	07	10	0.0	0.11044325663572588	4.89771560440386
2007	07	11	0.0	0.11044325663572588	5.335400751987444
2007	07	12	0.0054638645211	0.11044325663572588	5.876618845280616
2007	07	13	0.0043071674673999995	0.10194762150990082	5.554087279281627
2007	07	14	0.00545370281456	0.09345198638407574	5.787984494975319
2007	07	15	12.6663852906	0.09345198638407574	2.711337274299872
2007	07	16	1.18878427118	0.09345198638407574	3.241980412665845
2007	07	17	0.00619515691494	0.10194762150990082	4.210239008155736
2007	07	18	0.00325071738853	0.11044325663572588	4.360549097066193
2007	07	19	0.164738860365	0.11044325663572588	3.6529658037737223
2007	07	20	0.0080203982066	0.11044325663572588	4.127263853080529
2007	07	21	0.0040020248839699995	0.11044325663572588	4.258890401576556
2007	07	22	1.06676874574	0.10194762150990082	4.13429564271609
2007	07	23	3.20757109242	0.10194762150990082	2.9465874549633826
2007	07	24	0.00165447638284	0.09345198638407574	4.780692087683328
2007	07	25	0.0	0.08495635125825068	5.547225490074019
2007	07	26	0.00286212906515	0.07646071613242561	5.1942870056957995
2007	07	27	0.0008806564821539999	0.07646071613242561	5.466459915951435
2007	07	28	0.00665052194596	0.07646071613242561	5.846098154958876
2007	07	29	0.0	0.05946944588077548	6.153303920067968
2007	07	30	0.000412152082378	0.05946944588077548	6.161869461194062
2007	07	31	0.00123933758619	0.05946944588077548	5.402672715981253
2007	08	01	0.49662857685	0.05946944588077548	3.976886788138437
2007	08	02	0.00339059244638	0.05946944588077548	5.408561431823843
2007	08	03	0.0008243041067299999	0.05946944588077548	5.817345728565306
2007	08	04	0.00165301983353	0.05946944588077548	5.795256755837334
2007	08	05	3.61534542257	0.05946944588077548	5.279361700631667
2007	08	06	0.0469088876332	0.05946944588077548	3.706757210911105
2007	08	07	0.0185732754204	0.05946944588077548	4.42591705044687
2007	08	08	0.0	0.05946944588077548	4.654000397471662
2007	08	09	0.0	0.05097381075495041	5.244228958558429
2007	08	10	0.00125858432684	0.05097381075495041	5.187637937197565
2007	08	11	0.062394854908	0.04247817562912534	4.985465120302792
2007	08	12	0.058071440160599994	0.04247817562912534	4.168833351071382
2007	08	13	0.0016716649412699999	0.04247817562912534	4.286469599557891
2007	08	14	0.151205959277	0.04247817562912534	4.229843718863958
2007	08	15	1.0778996798999998	0.04247817562912534	3.133927020083864
2007	08	16	0.0021917532365	0.04247817562912534	3.7366373180866708
2007	08	17	0.0	0.04247817562912534	4.593294355089146
2007	08	18	0.00099430268551	0.04247817562912534	4.921364646791483
2007	08	19	0.0022551060233	0.04247817562912534	3.588914817274645
2007	08	20	0.0133419307523	0.033982540503300275	4.243651181343419
2007	08	21	0.012161050395999998	0.033982540503300275	3.544410240757974
2007	08	22	0.007667363187099999	0.033982540503300275	3.997552354985474
2007	08	23	0.00035566881964	0.033982540503300275	4.474252883544813
2007	08	24	0.0014156335333299999	0.033982540503300275	4.4265656925551005
2007	08	25	9.343211125999998	0.033982540503300275	4.711386231926612
2007	08	26	1.21677794778	0.033982540503300275	3.746230235244734
2007	08	27	1.8777844149199998	0.033982540503300275	4.440520248309704
2007	08	28	0.114859517345	0.033982540503300275	3.9210618607922703
2007	08	29	0.8909768511199999	0.033982540503300275	2.968050200178985
2007	08	30	0.0008301047725299998	0.033982540503300275	3.821504344443298
2007	08	31	0.00042079855598	0.033982540503300275	4.089431174100492
2007	09	01	0.0	0.033982540503300275	4.329760248647467
2007	09	02	0.00083583280912	0.033982540503300275	4.156403578363227
2007	09	03	0.0	0.033982540503300275	4.219524131034947
2007	09	04	0.0	0.033982540503300275	4.218526627658405
2007	09	05	0.00042079855598	0.033982540503300275	4.436779282506064
2007	09	06	0.0	0.033982540503300275	4.749187208874313
2007	09	07	0.0	0.033982540503300275	4.54031000904121
2007	09	08	0.000824304164756	0.033982540503300275	4.308628274077503
2007	09	09	0.00301013124456	0.033982540503300275	4.269715921535682
2007	09	10	0.00123933758619	0.033982540503300275	4.011291533959052
2007	09	11	0.0008243041067299999	0.033982540503300275	4.126856463771769
2007	09	12	0.0008243041067299999	0.033982540503300275	4.172751846188885
2007	09	13	1.49678801996	0.033982540503300275	3.9850059598241034
2007	09	14	0.004536001122039999	0.025486905377475205	3.8492388757847484
2007	09	15	0.0027043789045800002	0.025486905377475205	3.469494383371689
2007	09	16	11.3028990465	0.025486905377475205	3.250586199462091
2007	09	17	11.404824616800001	0.025486905377475205	2.4011922036998814
2007	09	18	0.083107400015	0.025486905377475205	2.8947058019397702
2007	09	19	0.0	0.025486905377475205	3.215286812423709
2007	09	20	0.0	0.025486905377475205	3.1265099698001326
2007	09	21	0.209014342435	0.025486905377475205	3.1656883853236732
2007	09	22	0.0013992767776100001	0.025486905377475205	2.785701996921352
2007	09	23	0.000163423178841	0.025486905377475205	3.3456340637826596
2007	09	24	0.0055794784248	0.025486905377475205	3.0423901112388556
2007	09	25	0.0164869883073	0.025486905377475205	2.563284609899073
2007	09	26	0.00042079855598	0.025486905377475205	2.819618758276603
2007	09	27	0.0020694066727300004	0.025486905377475205	2.6475685578274084
2007	09	28	0.0008243041067299999	0.025486905377475205	2.742519251463481
2007	09	29	1.62755318923	0.025486905377475205	2.058784774495101
2007	09	30	27.5369317107	0.025486905377475205	1.7538897260521922
2007	10	01	1.35555002808	0.033982540503300275	2.311628117038386
2007	10	02	2.38776419411	0.033982540503300275	2.121406222573239
2007	10	03	13.737895340799998	0.04247817562912534	1.8019117707088876
2007	10	04	0.6251164673949999	0.04247817562912534	1.7967478180955716
2007	10	05	0.52386424047	0.04247817562912534	2.1112311333490656
2007	10	06	0.0103862797323	0.04247817562912534	2.36996869540366
2007	10	07	0.00099256151867	0.04247817562912534	2.299294291607045
2007	10	08	0.000820858977387	0.033982540503300275	2.5341982472311466
2007	10	09	0.0	0.033982540503300275	2.3144128790551566
2007	10	10	0.0008243041067299999	0.033982540503300275	2.3946604204926065
2007	10	11	0.0	0.033982540503300275	2.0529614158459193
2007	10	12	0.000412152082378	0.025486905377475205	2.177868042269381
2007	10	13	0.00249389984084	0.025486905377475205	2.0855410038550293
2007	10	14	0.00166308908531	0.025486905377475205	2.165997844229545
2007	10	15	0.21819419102899998	0.025486905377475205	2.088294434766963
2007	10	16	0.10451783929759999	0.025486905377475205	2.0365617404618512
2007	10	17	0.431107522837	0.025486905377475205	2.1567289225613564
2007	10	18	0.0008243041067299999	0.025486905377475205	1.9657162946014615
2007	10	19	0.0	0.025486905377475205	2.02504499082944
2007	10	20	0.0	0.016991270251650138	2.0515839201515953
2007	10	21	0.0	0.016991270251650138	1.8451886589523159
2007	10	22	0.00248906463097	0.016991270251650138	2.007007863014149
2007	10	23	0.13599592304	0.016991270251650138	1.797475610229883
2007	10	24	1.49644837444	0.016991270251650138	1.4320291393839726
2007	10	25	0.0146907963786	0.016991270251650138	1.4776782581801682
2007	10	26	0.00238963282473	0.025486905377475205	1.537922281346477
2007	10	27	0.0016606693043999998	0.025486905377475205	1.4973376154447802
2007	10	28	5.0044723889700004e-05	0.025486905377475205	1.5819635227206814
2007	10	29	0.0202070922262	0.025486905377475205	1.4852705773970691
2007	10	30	0.000824304164756	0.025486905377475205	1.568944842375142
2007	10	31	0.0	0.025486905377475205	1.5823828425594535
2007	11	01	0.00167295186124	0.025486905377475205	1.421395012422321
2007	11	02	0.0008243041067299999	0.025486905377475205	1.6902461360832883
2007	11	03	0.0008243041067299999	0.016991270251650138	1.5133142937787845
2007	11	04	0.0033206552559399997	0.016991270251650138	1.4900892809394506
2007	11	05	0.00042725085376	0.016991270251650138	1.4810931772740428
2007	11	06	0.00083006850628	0.016991270251650138	1.4506054790725615
2007	11	07	0.0	0.025486905377475205	1.4576688623200884
2007	11	08	0.00083006850628	0.025486905377475205	1.5722640337243525
2007	11	09	0.00741309586627	0.025486905377475205	1.1294771971980468
2007	11	10	0.00042079855598	0.025486905377475205	1.422004620865317
2007	11	11	0.0008264094254040001	0.025486905377475205	1.2608457452471502
2007	11	12	0.78944875892	0.025486905377475205	1.2180757120411183
2007	11	13	0.0	0.025486905377475205	1.131753301099556
2007	11	14	0.00042079855598	0.025486905377475205	1.295424787755579
2007	11	15	0.0	0.033982540503300275	1.2014198283105302
2007	11	16	0.0024916586833	0.05946944588077548	0.9908428737986233
2007	11	17	0.00207487958834	0.05097381075495041	1.0205141940130291
2007	11	18	0.132209001215	0.04247817562912534	1.056612919109098
2007	11	19	21.7626986879	0.033982540503300275	0.6554145391734952
2007	11	20	6.978688375799999	0.05946944588077548	0.817110321048918
2007	11	21	7.50896245836	0.08495635125825068	0.7148484010675277
2007	11	22	0.6485530527429999	0.08495635125825068	0.831283205168079
2007	11	23	0.00123933758619	0.09345198638407574	0.8964141235550808
2007	11	24	0.0008243041067299999	0.09345198638407574	0.9407519557160323
2007	11	25	0.000412152082378	0.08495635125825068	1.0292316923319555
2007	11	26	0.00113685090447	0.08495635125825068	1.0702725403413778
2007	11	27	0.0	0.08495635125825068	0.9165459286991998
2007	11	28	0.0026124128202100003	0.07646071613242561	0.8198902150868986
2007	11	29	0.00453346432203	0.07646071613242561	1.0016578248854222
2007	11	30	0.004803802910659999	0.07646071613242561	0.8671710825891051
2007	12	01	1.79337447627	0.07646071613242561	0.7417761203390921
2007	12	02	0.0225055939607	0.07646071613242561	0.9073412599524818
2007	12	03	0.167968239369	0.07646071613242561	0.8968926356034654
2007	12	04	0.0466139733895	0.07646071613242561	0.8273841521579005
2007	12	05	0.21279061648900002	0.07646071613242561	0.7170453154023637
2007	12	06	0.0128984196594	0.07646071613242561	0.9525412088323975
2007	12	07	0.27312783075299996	0.07646071613242561	0.8527139679470432
2007	12	08	0.31517531751399996	0.07646071613242561	0.8697334562845052
2007	12	09	1.02953375167	0.07646071613242561	0.7249573160803305
2007	12	10	0.056857190018800005	0.07646071613242561	0.7100867450738322
2007	12	11	0.00122959985629	0.06796508100660055	0.6953370291725316
2007	12	12	0.000412152082378	0.06796508100660055	0.7133494080778522
2007	12	13	0.00042079855598	0.06796508100660055	0.7360638501581562
2007	12	14	0.0008243041067299999	0.06796508100660055	0.6797950346581553
2007	12	15	0.000420798604335	0.06796508100660055	0.8066360100756916
2007	12	16	0.0008243041067299999	0.06796508100660055	0.5831636010334545
2007	12	17	0.0	0.06796508100660055	0.5889812286666888
2007	12	18	11.315700549199999	0.07646071613242561	0.4780648759255499
2007	12	19	3.37320727652	0.07646071613242561	0.5761695467156844
2007	12	20	0.881624742674	0.07646071613242561	0.6303519748168194
2007	12	21	0.142291482923	0.07646071613242561	0.7102948785936207
2007	12	22	0.00331753055584	0.08495635125825068	0.816515981916158
2007	12	23	0.00042087969567	0.08495635125825068	0.8082282199769244
2007	12	24	0.0	0.08495635125825068	0.802859642378845
2007	12	25	10.492064998699998	0.08495635125825068	0.5582677459283883
2007	12	26	0.0195366250066	0.08495635125825068	0.8185548837093868
2007	12	27	0.0	0.08495635125825068	0.6850087508511314
2007	12	28	0.0008243041067299999	0.08495635125825068	0.7370272744944454
2007	12	29	0.06252615227239999	0.08495635125825068	0.7904153450003916
2007	12	30	0.215548331152	0.08495635125825068	0.5576694781517639
2007	12	31	0.0022541834098999997	0.08495635125825068	0.730509041296199
2008	01	01	4.340924673159999	0.08495635125825068	0.5927615594508777
2008	01	02	14.042326815600001	0.11044325663572588	0.6202688206312549
2008	01	03	16.4345801912	0.3907992157879531	0.4497906502390673
2008	01	04	0.102366916056	0.3992948509137782	0.7133035998739967
2008	01	05	1.02886229414	0.2633646889005771	0.7012225715181106
2008	01	06	0.39435739402299996	0.2123908781456267	0.6337924046761776
2008	01	07	0.732224910344	0.1869039727681515	0.6019847910034988
2008	01	08	5.72685827536	0.17840833764232644	0.7252614036206407
2008	01	09	1.14562018043	0.17840833764232644	0.8607318115540838
2008	01	10	2.10156023327	0.17840833764232644	0.7404541113311996
2008	01	11	15.011142451	0.25486905377475205	0.752799764867163
2008	01	12	0.442136234527	0.33982540503300274	0.6942742673507094
2008	01	13	12.371361764600001	0.5777031885561047	0.5233736735327674
2008	01	14	2.16214305225	1.0959369312314338	0.6046783608473648
2008	01	15	15.6320457956	0.8495635125825068	0.6573289659382529
2008	01	16	4.38543061516	1.6056750387809378	0.6003072549241357
2008	01	17	0.51828465373	0.8325722423308567	0.8132715788270344
2008	01	18	0.231175593671	0.62018136418523	0.6974697749207469
2008	01	19	0.00083006850628	0.5267293778011543	0.917406045373984
2008	01	20	0.00042079855598	0.4672599319203788	1.0346852649729523
2008	01	21	0.00167106591953	0.4247817562912534	1.2012455457674605
2008	01	22	0.0054809096586	0.3992948509137782	1.315236125695832
2008	01	23	0.00125266054921	0.3653123104104779	1.0858246560667584
2008	01	24	3.7722122340000004e-05	0.33982540503300274	1.1593091606826076
2008	01	25	0.00207088440153	0.3228341347813526	0.9463385315171469
2008	01	26	0.00083105833313	0.30584286452970244	0.9991600455790833
2008	01	27	0.0020809351817000004	0.29734722940387737	1.009749978423182
2008	01	28	0.00331739051976	0.2718603240264022	1.0840649868943601
2008	01	29	0.00291066752402	0.2633646889005771	1.2500774068722
2008	01	30	0.0086972637598	0.24637341864892698	1.0682876392478915
2008	01	31	0.0006910874936959999	0.23787778352310193	1.0084994063666346
2008	02	01	5.44623873676	0.22088651327145176	0.9559549825101838
2008	02	02	0.046795541579	0.24637341864892698	1.0000914190766266
2008	02	03	15.1561697341	0.3568166752846529	0.791342553587505
2008	02	04	1.3866265293500002	0.6626595398143553	0.8427808773979063
2008	02	05	0.9065734662399999	0.5692075534302795	0.862041950660398
2008	02	06	0.0101768049052	0.4842512021720288	1.0170871986101133
2008	02	07	0.0008243041067299999	0.4332773914170785	1.3271340373048286
2008	02	08	0.0016732580450999999	0.4077904860396033	1.3571570834809348
2008	02	09	0.0	0.3907992157879531	1.441070419766794
2008	02	10	0.0008358329058299999	0.3568166752846529	1.3537286390673857
2008	02	11	0.00042079855598	0.33132976990717766	1.3731136651627343
2008	02	12	0.00373530798813	0.33132976990717766	1.2927013958778801
2008	02	13	0.00123933758619	0.3228341347813526	1.238565412341311
2008	02	14	0.00043982179982	0.3143384996555275	1.3333057257362673
2008	02	15	0.0208297266798	0.29734722940387737	1.3185209545865657
2008	02	16	0.00042079855598	0.29734722940387737	1.4188852015612015
2008	02	17	0.613936965473	0.28885159427805235	1.446577649240549
2008	02	18	4.983320267900001	0.2803559591522272	0.8365631435729153
2008	02	19	4.0112687159	0.30584286452970244	1.1345916739756128
2008	02	20	0.5952673997739999	0.3653123104104779	1.228699661710032
2008	02	21	0.0109346438072	0.3568166752846529	1.62604020795304
2008	02	22	0.00166443925362	0.33132976990717766	1.6914902120924047
2008	02	23	2.00176005864	0.33132976990717766	1.5428988899210034
2008	02	24	4.07673403594	0.33132976990717766	1.0866298054399885
2008	02	25	0.12030060569399999	0.3568166752846529	1.7398378854680685
2008	02	26	0.011352632164	0.3568166752846529	1.7193775021709852
2008	02	27	4.6692303654	0.3483210401588278	1.5331882914128072
2008	02	28	0.106486143112	0.3483210401588278	1.6948066958803247
2008	02	29	0.0521836783017	0.3653123104104779	1.8472043266536953
2008	03	01	0.00498429346063	0.33982540503300274	2.044558625736212
2008	03	02	0.00084159720867	0.33132976990717766	2.004634683496957
2008	03	03	0.00097988689949	0.33132976990717766	1.8447220580305044
2008	03	04	0.0043216058835599995	0.30584286452970244	1.4405280935566616
2008	03	05	0.000830068477267	0.2718603240264022	1.7032038075404816
2008	03	06	0.00167886683826	0.25486905377475205	1.7737018216983889
2008	03	07	0.00207517058873	0.2633646889005771	2.166081098200544
2008	03	08	0.00563303313466	0.2633646889005771	1.868585975138153
2008	03	09	1.1538789243	0.28885159427805235	1.2850372547924138
2008	03	10	8.531168203199998	0.29734722940387737	1.4265205332999427
2008	03	11	0.480420735188	0.3143384996555275	1.7249164037838804
2008	03	12	0.0874259521836	0.3228341347813526	1.7156877915206254
2008	03	13	0.0	0.3143384996555275	2.561024646804523
2008	03	14	0.108230037174	0.30584286452970244	2.4331674897842746
2008	03	15	2.74851406044	0.30584286452970244	1.4637092525378157
2008	03	16	0.302193837504	0.30584286452970244	1.658014813440361
2008	03	17	5.7265530585999995	0.30584286452970244	1.6400387782847325
2008	03	18	1.9129643214899998	0.29734722940387737	1.5822629999457016
2008	03	19	0.140859072429	0.3568166752846529	2.108394477626998
2008	03	20	0.0012441207660799998	0.3568166752846529	2.1914060556021386
2008	03	21	0.064042773966	0.33132976990717766	2.1769961731170997
2008	03	22	6.646520473	0.33132976990717766	1.6908975653301188
2008	03	23	0.198637465816	0.33132976990717766	1.6495293899217947
2008	03	24	0.787926901347	0.33132976990717766	1.8330102226820828
2008	03	25	0.61700225662	0.33132976990717766	1.7214424106829143
2008	03	26	5.1493848773	0.33132976990717766	1.476503427487695
2008	03	27	2.7564731967299996	0.33132976990717766	2.1121316565908437
2008	03	28	0.42433661396199995	0.33132976990717766	1.7468524843169757
2008	03	29	0.018524779223799998	0.33132976990717766	2.978326312990188
2008	03	30	6.67497893786	0.33132976990717766	1.6739003395122563
2008	03	31	0.130548770974	0.3568166752846529	2.151487908835795
2008	04	01	0.012876617357	0.33982540503300274	3.136680050054077
2008	04	02	0.00042079855598	0.33132976990717766	3.1344300269732694
2008	04	03	0.0	0.3143384996555275	3.529477504351837
2008	04	04	0.0008176844039399999	0.29734722940387737	3.681400118716004
2008	04	05	0.00084159720867	0.28885159427805235	3.349983249627411
2008	04	06	2.91018977662e-06	0.2718603240264022	3.6129204374765265
2008	04	07	11.6706020717	0.2718603240264022	2.2008359831375253
2008	04	08	20.9375747705	0.7306246208209558	2.1574227120823997
2008	04	09	23.7206342232	1.4357623362644365	1.7891383079428416
2008	04	10	18.3221630699	2.608159983628296	2.1582944840508396
2008	04	11	0.57111258794	1.4442579713902615	2.231509748263111
2008	04	12	3.9518619872300005	1.0789456609797836	2.0928854862191173
2008	04	13	3.2058085526699998	0.9685024043440577	2.1004441631073285
2008	04	14	0.00126864477801	0.8495635125825068	2.992428201462984
2008	04	15	0.0013059550124600002	0.756111526198431	2.947130744107675
2008	04	16	5.6612612363	0.6966420803176556	2.849068833785355
2008	04	17	18.810729417599998	0.9345198638407576	1.7250412739037373
2008	04	18	16.148299249199997	3.5511754825948785	1.5700738326561774
2008	04	19	20.2622768864	7.085359694938107	1.5789720748036495
2008	04	20	4.6799748464	6.065883479839099	1.7611493722345561
2008	04	21	1.0510409918599999	2.48072545674092	2.1594438257901145
2008	04	22	2.70759006342	1.767092106171614	2.2865439847652405
2008	04	23	1.6526221620100001	1.5716924982776377	3.0269714052819654
2008	04	24	0.0008329506577000001	1.3508059850061858	4.145621018361839
2008	04	25	0.0008243041067299999	1.1893889176155095	4.0464655336482656
2008	04	26	0.008431560771599999	1.0789456609797836	4.016240795056224
2008	04	27	0.00608223164595	0.993989309721533	3.981530132006724
2008	04	28	1.3980262206	0.9175285935891073	2.4280379796109144
2008	04	29	3.04037449247	0.8495635125825068	2.1487780718695304
2008	04	30	1.40549116879	0.8495635125825068	2.5549029695478507
2008	05	01	0.056459827003699996	0.8240766072050316	2.9583211269946097
2008	05	02	0.0	0.7900940667017313	4.218175201741343
2008	05	03	0.0568566145943	0.7221289856951307	3.9833173474954764
2008	05	04	1.2605405767199998	0.7221289856951307	3.9673396135798553
2008	05	05	0.0267384939507	0.9260242287149324	4.277944958604096
2008	05	06	0.24376655870100003	0.7815984315759062	4.291003755632299
2008	05	07	5.439328807260001	0.6881464451918305	3.6157037077306136
2008	05	08	5.4879975345	0.6711551749401804	3.0319860229526485
2008	05	09	4.7255881179	0.7306246208209558	2.5132514761064626
2008	05	10	1.0206512283	0.7985897018275564	2.784888111197922
2008	05	11	0.161492895596	0.7051377154434807	3.4990505239110865
2008	05	12	3.222067728	0.6796508100660055	2.841730441770151
2008	05	13	5.447453317649999	0.6626595398143553	2.679257566942482
2008	05	14	5.5279658433	0.6626595398143553	2.741465421736336
2008	05	15	7.9835284862	1.0279718502248332	2.596393967974091
2008	05	16	0.24842439276000003	0.993989309721533	3.429627945753417
2008	05	17	1.4800750813099999	0.8750504179599821	3.324031373745227
2008	05	18	4.917926416549999	0.8070853369533815	2.377597223700518
2008	05	19	2.25823778323	0.7900940667017313	3.3791663112261947
2008	05	20	0.23279526373799997	0.7391202559467809	3.640488350461269
2008	05	21	1.60176363024	0.6881464451918305	2.9200794209645693
2008	05	22	9.149291135299999	0.6881464451918305	2.528359186299902
2008	05	23	7.06618510423	1.1893889176155095	3.0323784553636033
2008	05	24	5.419171251829999	1.0704500258539587	2.2282473425918585
2008	05	25	2.58498247936	0.993989309721533	3.40446484863013
2008	05	26	10.185423700400001	0.993989309721533	2.5478060140978105
2008	05	27	6.8152658835999995	1.2063801878671596	3.011592723842902
2008	05	28	7.46052245027	1.359301620132011	2.929005049751331
2008	05	29	3.6692871658499997	1.2998321742512353	2.3885768534624194
2008	05	30	5.511553382620001	1.2063801878671596	3.084775957669504
2008	05	31	1.5371899763999999	1.129919471734734	3.771975657886311
2008	06	01	0.63029785071	1.0194762150990082	3.695674685200535
2008	06	02	0.0458009711035	0.9430154989665827	3.2286641802873373
2008	06	03	0.236923620218	0.866554782834157	4.186719002401869
2008	06	04	0.11239999346049999	0.8495635125825068	4.130321541516872
2008	06	05	0.34982693603799997	0.8325722423308567	3.605480362254227
2008	06	06	0.00676909585263	0.7815984315759062	4.5137481748709956
2008	06	07	0.000412152082378	0.7221289856951307	4.523260644809722
2008	06	08	0.6258142784	0.6796508100660055	4.031030856847656
2008	06	09	0.451999774466	0.6711551749401804	4.5698738790415385
2008	06	10	1.92260611507	0.6456682695627052	4.65679998859734
2008	06	11	0.137523428477	0.628676999311055	4.979468854884971
2008	06	12	0.787500487615	0.5946944588077547	5.014441806709262
2008	06	13	0.00256553429178	0.5692075534302795	5.052351782620214
2008	06	14	0.17969084530899998	0.5352250129269793	4.981055281615652
2008	06	15	3.59130699155	0.5182337426753292	3.3410287396503504
2008	06	16	14.287241989299998	0.5946944588077547	3.5692463512579944
2008	06	17	0.00198113462023	0.6371726344368801	4.7496178243933205
2008	06	18	0.000824304164756	0.5861988236819297	4.7944425579464545
2008	06	19	0.00422956697656	0.5352250129269793	5.483644599797616
2008	06	20	0.22931595708099997	0.49274683729785396	5.364616433720516
2008	06	21	0.0120665415156	0.45876429679455366	5.708518122087528
2008	06	22	0.026066577048199997	0.4332773914170785	5.7492050640456975
2008	06	23	0.64012745511	0.4077904860396033	5.146539445156049
2008	06	24	0.074360589788	0.3992948509137782	4.447160342691246
2008	06	25	0.00289434403654	0.38230358066212805	5.86750720762734
2008	06	26	0.0248920060523	0.3483210401588278	5.945371114865339
2008	06	27	0.00180340775193	0.33982540503300274	5.923126635580559
2008	06	28	0.0008243041067299999	0.3143384996555275	6.07050417298332
2008	06	29	0.0041084264832	0.28885159427805235	5.942816603746422
2008	06	30	0.00083006850628	0.2633646889005771	5.934956369245428
2008	07	01	0.05045757211	0.24637341864892698	4.788560606387614
2008	07	02	3.2834485978999997	0.23787778352310193	3.2562003081972546
2008	07	03	0.00132913233764	0.22938214839727683	4.317609969933971
2008	07	04	0.662089270984	0.1869039727681515	4.259891344909929
2008	07	05	0.041737976077	0.17840833764232644	3.9366321775109405
2008	07	06	0.0008147765953569999	0.1614170673906763	3.7048044291399345
2008	07	07	0.000471167764163	0.15292143226485122	4.037629013940937
2008	07	08	0.0008250933086849999	0.14442579713902617	5.368214700645455
2008	07	09	0.000426562994214	0.1359301620132011	5.484642634632494
2008	07	10	0.5451838632599999	0.1359301620132011	5.1160265134313
2008	07	11	0.1178988476596	0.12743452688737603	3.5525870427204356
2008	07	12	0.034125687300699994	0.11044325663572588	3.9475616537434917
2008	07	13	0.00081882828982	0.10194762150990082	5.11549238474135
2008	07	14	0.000827186287163	0.09345198638407574	5.775732915361375
2008	07	15	0.00165911527141	0.09345198638407574	5.786931597076273
2008	07	16	0.0020736109465599997	0.08495635125825068	5.7249984166929675
2008	07	17	0.00125086706226	0.07646071613242561	5.68544156054686
2008	07	18	0.0033285318985999996	0.06796508100660055	6.302347535067749
2008	07	19	0.09826422641	0.05946944588077548	6.538829111531777
2008	07	20	1.4170796379600001	0.05097381075495041	5.448070162023579
2008	07	21	0.000426562994214	0.033982540503300275	5.87712111914088
2008	07	22	0.0008362810599699999	0.025486905377475205	6.22132905889966
2008	07	23	0.00183536363723	0.016991270251650138	5.188884120556162
2008	07	24	0.29702996837	0.025486905377475205	4.417255471633746
2008	07	25	2.57002057197	0.025486905377475205	3.076697574241045
2008	07	26	0.498820963537	0.025486905377475205	4.189437441326129
2008	07	27	0.018318846883999998	0.025486905377475205	4.714068745738542
2008	07	28	0.10574510853960001	0.025486905377475205	3.626674339442053
2008	07	29	0.00075912379106	0.033982540503300275	4.9649354080630665
2008	07	30	0.0024280273717	0.033982540503300275	5.148840783727794
2008	07	31	2.24324695955	0.033982540503300275	3.6728786401350644
2008	08	01	0.000229741007202	0.033982540503300275	4.303086383917746
2008	08	02	0.000412326885703	0.033982540503300275	5.782135022838908
2008	08	03	0.00049111958841	0.025486905377475205	6.294336830685839
2008	08	04	0.0005610414019599999	0.025486905377475205	6.379091104002841
2008	08	05	0.0025680777647800004	0.025486905377475205	5.827729407276794
2008	08	06	0.08602187191699999	0.016991270251650138	4.588550231762725
2008	08	07	0.0260659987224	0.016991270251650138	3.661007279843018
2008	08	08	0.00061303743675	0.008495635125825069	4.769838126566375
2008	08	09	0.0	0.008495635125825069	5.463971592457202
2008	08	10	0.030096099776599997	0.008495635125825069	5.279112764146697
2008	08	11	1.64710524335	0.008495635125825069	2.9408063099996564
2008	08	12	0.47663506092200003	0.008495635125825069	3.020354964673555
2008	08	13	0.0014945735543800001	0.008495635125825069	3.7751176663749235
2008	08	14	0.005722974788599999	0.008495635125825069	3.804207856159533
2008	08	15	0.00175610012123	0.0	4.205569549114129
2008	08	16	3.15708170272	0.0	3.2782532756046883
2008	08	17	0.017047688709800002	0.0	3.329150422658083
2008	08	18	0.10212622420800001	0.0	3.557648972546631
2008	08	19	0.0005339740717659999	0.0	3.8064817001206483
2008	08	20	0.000818539861916	0.0	4.744186625361591
2008	08	21	1.04776416693	0.0	4.415516549694613
2008	08	22	0.082718906274	0.0	3.6972429360815853
2008	08	23	0.0016601364323	0.0	4.401128346110205
2008	08	24	0.0013825529107299999	0.0	4.5055686592508115
2008	08	25	0.004433833003059999	0.0	4.629268150880924
2008	08	26	0.00207517058873	0.0	4.68344747272584
2008	08	27	0.0101398413761	0.0	4.957292952624106
2008	08	28	0.477169199923	0.0	4.580676227176184
2008	08	29	3.0799562514	0.0	4.309019927174333
2008	08	30	3.4103156772	0.0	2.9341510777212245
2008	08	31	0.242320125257	0.008495635125825069	3.010990272486691
2008	09	01	0.0033495518170999997	0.0	3.892521951172834
2008	09	02	0.020426742879500002	0.0	3.3751842940391272
2008	09	03	5.50161372224	0.0	2.2394451525643664
2008	09	04	1.7831699272000001	0.0	2.8770601781043887
2008	09	05	19.293678848499997	0.008495635125825069	1.6285074299800055
2008	09	06	0.686533690584	0.008495635125825069	2.5556489331327925
2008	09	07	0.00042248781856299997	0.008495635125825069	3.387559042489442
2008	09	08	0.00224652252725	0.008495635125825069	3.4934194324897065
2008	09	09	1.79320542719	0.008495635125825069	3.2520389062018906
2008	09	10	0.027640116445199998	0.008495635125825069	3.622096124999454
2008	09	11	0.61479552784	0.008495635125825069	2.4044073655821534
2008	09	12	0.0395521521306	0.0	2.6008453412640122
2008	09	13	0.00123357367019	0.008495635125825069	3.22818863204547
2008	09	14	0.00163726828899	0.008495635125825069	3.383102366091338
2008	09	15	0.00042079855598	0.008495635125825069	3.497658142314705
2008	09	16	0.00126905395802	0.008495635125825069	3.3530584044133556
2008	09	17	0.015885894072	0.0	3.0783774721086696
2008	09	18	2.1017239633	0.0	3.2619406348335667
2008	09	19	0.0051399169683	0.0	3.523995068266319
2008	09	20	0.89445937822	0.0	3.3792998887355576
2008	09	21	2.43392155607	0.0	2.736078202920072
2008	09	22	8.8886779944	0.008495635125825069	0.997743425123462
2008	09	23	0.155537174653	0.008495635125825069	2.37059717453568
2008	09	24	0.0146627814258	0.008495635125825069	2.358116708406557
2008	09	25	0.00123356225841	0.008495635125825069	2.6268897484631526
2008	09	26	0.000824304164756	0.008495635125825069	2.659058835389687
2008	09	27	0.00041281374318499997	0.008495635125825069	2.827024498232588
2008	09	28	0.0	0.0	2.6938038158035225
2008	09	29	0.0008329506577000001	0.0	2.7373325349319937
2008	09	30	0.0	0.0	2.686176257612133
2008	10	01	0.00119408755745	0.0	2.776166757815869
2008	10	02	0.00160754214945	0.0	2.166589143590925
2008	10	03	0.0022386411458	0.0	1.923162612761638
2008	10	04	0.0009639099239399999	0.0	2.10946674101327
2008	10	05	0.0	0.0	2.3765260784374247
2008	10	06	0.80608761771	0.0	2.2631034272472283
2008	10	07	20.862687381999997	0.0	1.7467936235274364
2008	10	08	0.14664000938900001	0.0	1.7880776627804602
2008	10	09	0.00083006850628	0.0	2.2074851729580725
2008	10	10	0.0016659012186900002	0.0	2.6399784273334346
2008	10	11	0.41927792662400004	0.0	2.3424950443393997
2008	10	12	0.48423261786400007	0.0	1.988996365598357
2008	10	13	0.26804675505	0.0	1.995257653741217
2008	10	14	0.010299199147000001	0.0	2.3153214163129414
2008	10	15	0.0210373688524	0.0	2.457582408667214
2008	10	16	0.86725495193	0.0	1.7818671342624226
2008	10	17	0.19268980081599998	0.0	1.7352117430959535
2008	10	18	0.09431135989600001	0.0	2.0173815472355825
2008	10	19	0.00248185393337	0.0	1.9345230938426785
2008	10	20	0.0504283192692	0.0	1.915290029051973
2008	10	21	6.20216249063	0.008495635125825069	1.7531294935468937
2008	10	22	0.38309319348299997	0.008495635125825069	1.522229330732665
2008	10	23	0.0016716649412699999	0.008495635125825069	1.6663386326209884
2008	10	24	0.0024825750998400003	0.008495635125825069	1.8105650123343102
2008	10	25	0.00124587373154	0.008495635125825069	1.8224436449461852
2008	10	26	0.0	0.008495635125825069	1.9007129126882338
2008	10	27	3.1034746727499996	0.008495635125825069	1.59983946069606
2008	10	28	0.039529525859	0.016991270251650138	1.066502154406294
2008	10	29	0.317035853507	0.016991270251650138	1.037750528166685
2008	10	30	4.472757714249999	0.016991270251650138	1.0989705410612223
2008	10	31	1.06411473321	0.016991270251650138	1.0158312926691917
2008	11	01	1.5316606788599998	0.016991270251650138	1.0887285761239074
2008	11	02	0.0063136335313499995	0.025486905377475205	1.2784479283733348
2008	11	03	4.35678782104	0.025486905377475205	0.9685144739594126
2008	11	04	7.763528419669999	0.025486905377475205	1.0169243925240408
2008	11	05	0.1078513353205	0.025486905377475205	1.1188363663767655
2008	11	06	0.348872292286	0.016991270251650138	1.1486714950039845
2008	11	07	2.1400046826	0.016991270251650138	1.0809038050811428
2008	11	08	0.225615755113	0.025486905377475205	1.1451776075381725
2008	11	09	0.19972446687399997	0.025486905377475205	0.924767259075349
2008	11	10	0.0206473809419	0.025486905377475205	1.1231378921629267
2008	11	11	11.3798937459	0.025486905377475205	1.0145627314654433
2008	11	12	0.40537081586199997	0.033982540503300275	0.9762934467971662
2008	11	13	0.000412152082378	0.04247817562912534	1.0802852742583837
2008	11	14	0.00042079855598	0.04247817562912534	1.051373724290402
2008	11	15	0.000898569311445	0.04247817562912534	1.057456550969146
2008	11	16	0.0024925029616	0.04247817562912534	1.1697595341346534
2008	11	17	0.0	0.04247817562912534	1.1246751852539656
2008	11	18	0.0325886994482	0.04247817562912534	0.9784309534665325
2008	11	19	0.00043808786688799995	0.04247817562912534	1.1557060765405427
2008	11	20	0.0031237761326599997	0.04247817562912534	1.0643145002081587
2008	11	21	0.00164222303242	0.04247817562912534	1.0978099910933206
2008	11	22	0.003362084466	0.04247817562912534	0.9768667011461534
2008	11	23	0.0261877633821	0.04247817562912534	0.9954336607188378
2008	11	24	3.1713256350699996	0.04247817562912534	0.6965409985290949
2008	11	25	0.22042027147999999	0.04247817562912534	0.8183752837248335
2008	11	26	0.00128439361467	0.04247817562912534	0.8485346715608558
2008	11	27	0.0020841949856699998	0.04247817562912534	0.694256843908651
2008	11	28	11.9968629277	0.04247817562912534	0.5990130392562988
2008	11	29	2.99325167458	0.07646071613242561	0.4668175001909333
2008	11	30	0.89979022684	0.08495635125825068	0.5353798595016297
2008	12	01	0.49971759095999996	0.08495635125825068	0.5942269448387657
2008	12	02	0.268962734144	0.08495635125825068	0.7091316687303633
2008	12	03	11.7698129923	0.08495635125825068	0.6403614903365713
2008	12	04	1.5042161216399998	0.08495635125825068	0.7070169080465851
2008	12	05	0.402621282865	0.08495635125825068	0.560401130262659
2008	12	06	7.59585649007	0.08495635125825068	0.5106555684351377
2008	12	07	15.994640598599998	0.11893889176155097	0.6649446964284463
2008	12	08	0.12609989821200002	0.1869039727681515	0.7491183326386157
2008	12	09	0.34907397132	0.16991270251650137	0.6501113909866003
2008	12	10	0.0558216183717	0.15292143226485122	0.6211968204649294
2008	12	11	2.8399540424100005	0.1359301620132011	0.6217122055104457
2008	12	12	2.67716277638	0.12743452688737603	0.6525378701529825
2008	12	13	19.339388829999997	0.16991270251650137	0.6610870412959706
2008	12	14	3.53321909715	0.23787778352310193	0.43931286997871244
2008	12	15	0.43028480119599993	0.2123908781456267	0.6176870708437772
2008	12	16	0.0023789654216	0.1869039727681515	0.7691313581269202
2008	12	17	0.15768406895599998	0.16991270251650137	0.8095920658849158
2008	12	18	0.001288535027	0.1614170673906763	0.7217690849682165
2008	12	19	0.00124258404418	0.15292143226485122	0.7208123727390559
2008	12	20	0.0016659012186900002	0.14442579713902617	0.7817828490309442
2008	12	21	0.002487323174	0.1359301620132011	0.8192541713329105
2008	12	22	0.00042079855598	0.1359301620132011	0.7696453376318669
2008	12	23	0.00124510246929	0.1359301620132011	0.827133385512913
2008	12	24	0.0	0.12743452688737603	0.7229506445749175
2008	12	25	0.0008243041067299999	0.12743452688737603	0.8854411841424427
2008	12	26	1.36834717883	0.12743452688737603	0.5911130692106555
2008	12	27	9.3469305926	0.12743452688737603	0.502662202506701
2008	12	28	0.178257970607	0.12743452688737603	0.5787675663673745
2008	12	29	0.62533856191	0.12743452688737603	0.7079210867021712
2008	12	30	0.3964088258849999	0.12743452688737603	0.6990801430177412
2008	12	31	9.7570728671	0.14442579713902617	0.43914725538378085
2009	01	01	0.26754334081600006	0.2123908781456267	0.6858781154007212
2009	01	02	9.2852508888	0.22938214839727683	0.5550525495953673
2009	01	03	1.3748354527299997	0.22938214839727683	0.745644600992591
2009	01	04	0.030730111194599997	0.23787778352310193	0.6300598316237955
2009	01	05	0.10518007843039999	0.23787778352310193	0.637744486956093
2009	01	06	0.009960879521099999	0.22938214839727683	0.6520201173134453
2009	01	07	0.0605356186974	0.22088651327145176	0.5779593766762121
2009	01	08	0.00066881957133	0.2123908781456267	0.5388327253232923
2009	01	09	2.6769879246999997	0.20389524301980164	0.4233181904867769
2009	01	10	0.0025766108749199997	0.20389524301980164	0.7442269322635882
2009	01	11	0.0	0.19539960789397656	0.6690080821292937
2009	01	12	5.751660521959999	0.17840833764232644	0.720692898006682
2009	01	13	10.0599937317	0.20389524301980164	0.6626511531583508
2009	01	14	0.0472718818485	0.22088651327145176	0.6498569290845316
2009	01	15	9.2244144962	0.24637341864892698	0.4606186714498732
2009	01	16	0.0925311173805	0.2803559591522272	0.7327457499682605
2009	01	17	0.473175105936	0.28885159427805235	0.8570463637444385
2009	01	18	2.01503544034	0.28885159427805235	0.7774245414192478
2009	01	19	10.0346914944	0.3143384996555275	0.9538057543723141
2009	01	20	3.71254245413	0.4332773914170785	0.5184444008687996
2009	01	21	1.3998354712799999	0.4502686616687286	0.7622407966412733
2009	01	22	8.3249012468	0.49274683729785396	0.9712853511234096
2009	01	23	8.3393700299	0.6456682695627052	0.6831947299941842
2009	01	24	3.11046893337	0.9175285935891073	0.6536084095400754
2009	01	25	17.194741100299996	1.1214238366089089	0.7334664584362285
2009	01	26	1.8855747922600001	1.4272667011386115	0.7331093395486991
2009	01	27	2.5952952469199997	1.3083278093770605	0.6415333891576955
2009	01	28	9.885016328699999	1.0789456609797836	0.7837431038490651
2009	01	29	5.38303681756	2.1918738624628675	0.7501112970968271
2009	01	30	19.727484125800004	1.376292890383661	0.6736796259872609
2009	01	31	9.575280310399998	2.4467429162376195	0.7193892492603607
2009	02	01	11.9256698612	5.394728304898918	0.6730024738054035
2009	02	02	0.03156489257259999	2.336299659601894	1.0643390936406971
2009	02	03	7.896015607199999	1.7161182954166638	0.8305664980708115
2009	02	04	16.238595441999998	8.342713693560217	0.5317973773930329
2009	02	05	5.547121193	7.382706924341984	0.6608105117193415
2009	02	06	3.7659129314400004	2.5401949026216957	0.6779839558298788
2009	02	07	0.24242495889699997	1.8265615520523897	0.9577012415577995
2009	02	08	0.7012722559	1.5462055929001624	1.0484655829541283
2009	02	09	10.090866465	1.9709873491914158	0.9015395785165446
2009	02	10	0.39820590077600004	2.5401949026216957	1.0745604913415439
2009	02	11	0.0072195533347	1.5886837685292878	1.1156887857088245
2009	02	12	0.00042079855598	1.367797255257836	1.3969233037276334
2009	02	13	0.00291100349456	1.24036272837046	1.2461981282118542
2009	02	14	0.0012406454922299999	1.138415106860559	1.3284143229844112
2009	02	15	0.00125086715897	1.0534587556023085	1.3480211301143998
2009	02	16	0.0	0.9854936745957079	1.4428164117185287
2009	02	17	0.00166624154118	0.9515111340924077	1.3035243784378514
2009	02	18	0.00042079855598	0.9260242287149324	1.5495089844026566
2009	02	19	0.0	0.9345198638407576	1.43050103406711
2009	02	20	0.0	0.9090329584632822	1.3516566202410816
2009	02	21	0.0008415972570249999	0.8750504179599821	1.609788868089479
2009	02	22	0.0	0.8410678774566818	1.5548657877336443
2009	02	23	0.0008243041067299999	0.8325722423308567	1.6081691097722635
2009	02	24	0.00125155138222	0.8155809720792065	1.7351926073082702
2009	02	25	0.00124510246929	0.7985897018275564	1.694559093462768
2009	02	26	0.0020694066727300004	0.7391202559467809	1.9514160268602525
2009	02	27	0.0012404836963999999	0.7306246208209558	1.8385937300846937
2009	02	28	4.949602326400001	0.7306246208209558	1.700610781904712
2009	03	01	2.13539509716	0.7221289856951307	1.4291546286539905
2009	03	02	1.39614085915	0.747615891072606	1.5730005064133734
2009	03	03	0.0389532744885	0.7391202559467809	1.7500676707828513
2009	03	04	10.9022130758	0.7391202559467809	0.9833822861359223
2009	03	05	6.020205526930001	0.883546053085807	0.9916200351419103
2009	03	06	1.05660858656	0.8410678774566818	1.4778291075038377
2009	03	07	0.16540965059599996	0.7731027964500812	1.791372707504594
2009	03	08	0.040220534282599994	0.7306246208209558	2.0805966288163975
2009	03	09	0.00166331345251	0.6881464451918305	2.206242830848865
2009	03	10	0.0	0.6626595398143553	2.302783786610535
2009	03	11	0.0	0.6456682695627052	2.5727259082966145
2009	03	12	0.0008243041067299999	0.62018136418523	2.3316316525488294
2009	03	13	0.0012479847174199999	0.6116857290594049	2.690158211588517
2009	03	14	0.0012395883552200001	0.5861988236819297	2.7054440916446403
2009	03	15	0.0008243041067299999	0.5692075534302795	2.6586146753708397
2009	03	16	0.0008243041067299999	0.5522162831786295	2.784550424193418
2009	03	17	0.00208461441694	0.5352250129269793	2.638538797269823
2009	03	18	0.0008243041067299999	0.5182337426753292	2.684515187832169
2009	03	19	0.001243661587	0.501242472423679	2.7256207197940308
2009	03	20	0.00042079855598	0.49274683729785396	3.022821422244193
2009	03	21	0.0008243041067299999	0.4842512021720288	2.861907028751214
2009	03	22	0.000824304164756	0.4672599319203788	2.7097144442094656
2009	03	23	0.0024862774487699997	0.4502686616687286	2.7497704494700015
2009	03	24	0.0016613819603900001	0.4332773914170785	2.8459618122485284
2009	03	25	0.0	0.41628612116542835	2.918707238640481
2009	03	26	0.0	0.4077904860396033	2.8984032460640052
2009	03	27	0.0248447593489	0.3992948509137782	3.249554180419087
2009	03	28	0.248792529046	0.38230358066212805	1.8446807439056965
2009	03	29	0.010170297289299999	0.373807945536303	2.0713897670354373
2009	03	30	0.0	0.33982540503300274	2.6423596185276956
2009	03	31	0.007053392498849999	0.2803559591522272	2.484640361914649
2009	04	01	0.0	0.29734722940387737	2.691382622625749
2009	04	02	0.00309205157768	0.29734722940387737	3.075820790869738
2009	04	03	0.0353731408868	0.28885159427805235	3.2771550119156774
2009	04	04	0.086565198368	0.28885159427805235	3.0673052538932692
2009	04	05	0.0039783757107	0.28885159427805235	3.1326224304390755
2009	04	06	3.21695350978	0.28885159427805235	2.0091762284599772
2009	04	07	0.08319210830399999	0.28885159427805235	2.3422599851796786
2009	04	08	0.00042079855598	0.2718603240264022	3.0577362968959707
2009	04	09	7.2181094543999995	0.2718603240264022	2.3791560785909627
2009	04	10	3.66980823933	0.2718603240264022	1.833917688251456
2009	04	11	1.0999967543799998	0.28885159427805235	2.1095370120948607
2009	04	12	0.138479165052	0.28885159427805235	2.3872511665219345
2009	04	13	2.80393836802	0.2803559591522272	2.2982285920428924
2009	04	14	3.3644412886999997	0.2633646889005771	2.037597549376413
2009	04	15	4.0201728056	0.23787778352310193	1.948249815575113
2009	04	16	3.56989336664	0.3483210401588278	1.7228094515542351
2009	04	17	3.2628168733400003	0.4332773914170785	2.1201030792812805
2009	04	18	4.54711290762	0.4332773914170785	2.3827933111923802
2009	04	19	0.00129912254767	0.4077904860396033	3.370906276556703
2009	04	20	0.00220885659342	0.3653123104104779	3.515098787115758
2009	04	21	0.00164778008573	0.33982540503300274	3.733858513974492
2009	04	22	0.00042079855598	0.3143384996555275	3.904321280726653
2009	04	23	0.0	0.29734722940387737	3.8558777779624265
2009	04	24	0.06988136942800001	0.28885159427805235	3.0787374031079846
2009	04	25	2.6211040511999997	0.2803559591522272	2.3557012370225556
2009	04	26	0.20321140395	0.2633646889005771	2.7714591242838673
2009	04	27	1.16493819635	0.25486905377475205	2.606452517877084
2009	04	28	0.374730998926	0.25486905377475205	2.264791887369994
2009	04	29	0.6397131011149999	0.24637341864892698	2.2946376612898494
2009	04	30	2.4237305464000003	0.24637341864892698	2.783521084956824
2009	05	01	0.0	0.24637341864892698	4.124408784805964
2009	05	02	0.00083006850628	0.24637341864892698	4.389097961700637
2009	05	03	0.00082589411584	0.23787778352310193	4.382283286787168
2009	05	04	0.00165321760548	0.22088651327145176	4.58365063853358
2009	05	05	0.0	0.2123908781456267	4.853728656377298
2009	05	06	2.5293963759499998e-05	0.2123908781456267	4.601075998076095
2009	05	07	0.00166541302661	0.2123908781456267	4.541989076050473
2009	05	08	0.00474593561177	0.19539960789397656	4.198216378593111
2009	05	09	1.72523203001	0.19539960789397656	4.400508278134007
2009	05	10	6.70067652564	0.19539960789397656	3.6267550072780566
2009	05	11	12.7080315179	0.19539960789397656	2.3303950555355475
2009	05	12	2.42377716062	0.23787778352310193	2.423664444520549
2009	05	13	0.5826676921599999	0.23787778352310193	3.3389783275922826
2009	05	14	0.279262755326	0.23787778352310193	2.7022073563923272
2009	05	15	0.006994973662829999	0.23787778352310193	3.4731881455125486
2009	05	16	2.8462671745	0.22938214839727683	2.9161823001330838
2009	05	17	2.1398983015999997	0.22938214839727683	2.6249941677629565
2009	05	18	0.0025380071442199998	0.22938214839727683	3.788483632423144
2009	05	19	0.00043782338438	0.2123908781456267	4.31132361044057
2009	05	20	6.8851108127e-05	0.2123908781456267	4.874986543524275
2009	05	21	0.037852061896	0.19539960789397656	5.279418149067873
2009	05	22	0.048519194238	0.17840833764232644	4.906611713817156
2009	05	23	10.5886221969	0.16991270251650137	3.638248213129613
2009	05	24	4.40694859016	0.1614170673906763	3.871799205770912
2009	05	25	5.89012022896	0.1614170673906763	2.7572935506857865
2009	05	26	0.00062215593252	0.19539960789397656	3.821140387014238
2009	05	27	0.00123933758619	0.20389524301980164	4.82349875758419
2009	05	28	0.0	0.1869039727681515	5.547824036873978
2009	05	29	0.0020753236806599997	0.16991270251650137	5.578132634501554
2009	05	30	0.00083006850628	0.15292143226485122	6.2548036305235
2009	05	31	0.0012451022758700001	0.14442579713902617	5.952574557095434
2009	06	01	0.000420798604335	0.1359301620132011	5.770133005648601
2009	06	02	0.0	0.11893889176155097	5.652902292768494
2009	06	03	3.21571165667	0.11893889176155097	4.52470011782626
2009	06	04	3.9713739067	0.11044325663572588	3.513723446532088
2009	06	05	2.20581409682	0.11044325663572588	2.8522061720628926
2009	06	06	3.5988177802799997	0.11044325663572588	2.677624934130655
2009	06	07	3.9125078836399996	0.10194762150990082	2.669417030126342
2009	06	08	13.575443817	0.10194762150990082	2.362616112424305
2009	06	09	6.1244714792299995	0.11044325663572588	2.8044298911174903
2009	06	10	0.96568793729	0.12743452688737603	3.464615244084486
2009	06	11	0.021121484309100002	0.1359301620132011	4.7456069543882125
2009	06	12	0.00248892237056	0.1359301620132011	6.2488578870743465
2009	06	13	0.004565364792499999	0.12743452688737603	5.771672035139084
2009	06	14	2.08734463695	0.11893889176155097	4.976465153147417
2009	06	15	0.34960094411	0.11044325663572588	4.659031449645725
2009	06	16	0.0749344524215	0.10194762150990082	4.9801200912606385
2009	06	17	0.020833786565599997	0.10194762150990082	5.194570434980751
2009	06	18	0.027074217880199997	0.09345198638407574	6.218746248148544
2009	06	19	0.00725933441294	0.08495635125825068	6.094681445465803
2009	06	20	0.0033260735303999997	0.07646071613242561	5.948777481466161
2009	06	21	0.000824304164756	0.07646071613242561	6.19058255440765
2009	06	22	0.0007192564475	0.05946944588077548	6.397257037186656
2009	06	23	0.366121574925	0.05946944588077548	4.658213656208417
2009	06	24	0.20603672857400002	0.05097381075495041	4.191305032507374
2009	06	25	1.28345813884	0.05097381075495041	3.4058678076362336
2009	06	26	0.09527591642299998	0.05097381075495041	3.9682637718740637
2009	06	27	0.91249869452	0.05097381075495041	4.888325902552421
2009	06	28	9.953319700400002	0.05097381075495041	3.149345490217353
2009	06	29	1.70270275854	0.05097381075495041	4.220014319526356
2009	06	30	0.38720237237	0.05097381075495041	4.752906513461408
2009	07	01	0.25446025728000005	0.05097381075495041	5.100508493528362
2009	07	02	0.0521862604587	0.05097381075495041	4.5857653144363875
2009	07	03	0.185955167862	0.05097381075495041	4.239272959868339
2009	07	04	0.0619557953764	0.05097381075495041	4.041853385995999
2009	07	05	0.47141568024799996	0.05097381075495041	4.085336838089963
2009	07	06	0.0353997061567	0.05097381075495041	3.8287005651262653
2009	07	07	0.0	0.04247817562912534	4.955844665095277
2009	07	08	0.0025017339311000004	0.04247817562912534	5.652051185737454
2009	07	09	0.00291041433724	0.04247817562912534	5.900885624861421
2009	07	10	0.000830986332535	0.033982540503300275	5.92708817699496
2009	07	11	0.00034093292352	0.033982540503300275	5.613326675730001
2009	07	12	0.00378389692962	0.025486905377475205	5.535443961927219
2009	07	13	0.038022271495999994	0.025486905377475205	4.261848763643966
2009	07	14	0.06448012559899999	0.016991270251650138	3.8188544971249403
2009	07	15	0.00101593187701	0.016991270251650138	4.9907578998644455
2009	07	16	1.27794615239	0.016991270251650138	4.677526183905217
2009	07	17	0.0017003388760100002	0.025486905377475205	3.6124413844440935
2009	07	18	0.0	0.025486905377475205	5.537293500866397
2009	07	19	0.0098632091908	0.016991270251650138	6.190388108225556
2009	07	20	0.18133482827000003	0.016991270251650138	5.648396401752897
2009	07	21	0.0811831650134	0.008495635125825069	4.8000792649144985
2009	07	22	37.961247486000005	0.008495635125825069	3.076029016884571
2009	07	23	1.71561335012	0.008495635125825069	3.2489013226401955
2009	07	24	0.57655562016	0.008495635125825069	3.887943304415574
2009	07	25	0.0008243041067299999	0.008495635125825069	5.336871544594409
2009	07	26	0.00555684896177	0.008495635125825069	5.647686091695058
2009	07	27	0.004169099726029999	0.008495635125825069	4.239875566036001
2009	07	28	0.0	0.008495635125825069	5.3561548134163175
2009	07	29	0.0007222467207	0.008495635125825069	4.536767396435333
2009	07	30	0.00042444732757	0.008495635125825069	5.162432197727114
2009	07	31	0.0274522592044	0.008495635125825069	4.6468216090707495
2009	08	01	2.6126341894	0.008495635125825069	3.159445808651161
2009	08	02	0.0007689160654	0.008495635125825069	4.019282424360863
2009	08	03	0.007342584895400001	0.0	5.118377271102434
2009	08	04	0.0035798543032200003	0.0	5.1744785437010306
2009	08	05	0.653727724384	0.0	4.947462858570547
2009	08	06	0.013451922903699998	0.0	4.310534098881349
2009	08	07	0.047388630160499996	0.0	4.75968108014606
2009	08	08	0.303502236765	0.0	4.631704701954139
2009	08	09	0.00306558669276	0.008495635125825069	4.640898963660794
2009	08	10	0.0	0.0	4.94993526143335
2009	08	11	0.0	0.0	5.538785321389091
2009	08	12	0.00204241423476	0.0	5.613249845909038
2009	08	13	0.13083938452399999	0.0	5.483320280041062
2009	08	14	0.00294316749978	0.0	5.191629512573163
2009	08	15	2.50175598098	0.0	5.242694603971456
2009	08	16	0.0282955887793	0.0	4.856042573350526
2009	08	17	0.0016690200194799999	0.0	5.516547367381055
2009	08	18	0.00408020718217	0.0	5.674107168211052
2009	08	19	0.0	0.0	5.232341897792735
2009	08	20	0.00621428547597	0.0	4.345681878132716
2009	08	21	0.00256976690164	0.0	4.845569099477938
2009	08	22	0.0	0.0	5.549059718337457
2009	08	23	0.00083199593658	0.0	4.803816205986823
2009	08	24	0.52221552839	0.0	3.3813719467646313
2009	08	25	0.124647217302	0.0	3.7293098521393775
2009	08	26	0.00374888143005	0.0	4.452723408795075
2009	08	27	0.0008877625008500001	0.0	4.851313049091665
2009	08	28	0.00340070821567	0.0	4.775512128122512
2009	08	29	0.0008243041067299999	0.0	5.0646423791230495
2009	08	30	0.0016716649412699999	0.0	5.087370751559921
2009	08	31	0.00244250746987	0.0	4.7009047238998125
2009	09	01	0.0282230204966	0.0	3.521497712317611
2009	09	02	0.0175834466362	0.0	3.672421494432345
2009	09	03	0.16610977297	0.0	3.5817453229595557
2009	09	04	0.120260306637	0.0	3.31638236056869
2009	09	05	0.0	0.0	4.183263044175896
2009	09	06	0.000420798604335	0.0	4.3006500049509695
2009	09	07	0.0	0.0	5.009340068520584
2009	09	08	0.0026609619171800002	0.0	4.631051100710471
2009	09	09	0.341239146064	0.0	4.675289996839921
2009	09	10	0.00348974988635	0.0	4.17412066746203
2009	09	11	0.00042079855598	0.0	3.8826299794902437
2009	09	12	0.74530567284	0.0	3.6643775348624783
2009	09	13	0.112754662879	0.0	3.7718035435734945
2009	09	14	0.0	0.0	3.451297747420359
2009	09	15	0.0020812465879	0.0	3.0868064176527534
2009	09	16	0.57269959904	0.0	2.644179481807496
2009	09	17	0.021787583138	0.0	2.8547575995392864
2009	09	18	0.333671105014	0.0	2.8647499741118447
2009	09	19	1.6186973578200001	0.0	2.130809677660541
2009	09	20	0.0134116780043	0.0	2.853623280136456
2009	09	21	0.00108018551746	0.0	3.351594854768634
2009	09	22	0.0016421069804200001	0.0	3.1871351671226966
2009	09	23	0.0	0.0	3.4265946979026247
2009	09	24	0.0	0.0	3.50881526689886
2009	09	25	0.0020761354644	0.0	3.355944034848821
2009	09	26	0.0	0.0	3.264708533224
2009	09	27	0.0	0.0	3.2271191340682557
2009	09	28	0.011995234331299998	0.0	2.966196225114875
2009	09	29	0.0008533272612800001	0.0	2.9287413828011273
2009	09	30	2.23737047311	0.0	2.0183904260787973
2009	10	01	0.000208463269513	0.0	3.01020399495035
2009	10	02	0.000245887670118	0.0	3.078032477876041
2009	10	03	0.34074620552299995	0.0	2.919235118321872
2009	10	04	6.651835654599999	0.0	2.0738763935321978
2009	10	05	12.5992076233	0.0	2.0799450911983195
2009	10	06	13.894925302	0.0	1.6354860655151602
2009	10	07	26.2678847158	0.0	1.480582421598644
2009	10	08	0.8613617346599999	0.0	1.8179899999312203
2009	10	09	0.022452328993999997	0.0	1.8336748074615212
2009	10	10	0.0233109455186	0.0	2.3041643476657288
2009	10	11	0.00379935931126	0.0	2.426001368514931
2009	10	12	0.0016659012186900002	0.0	2.4060359679290917
2009	10	13	0.0020821288732299995	0.0	2.196472910926833
2009	10	14	0.0008343957952299999	0.0	2.142355815094914
2009	10	15	0.0	0.0	2.168705823857196
2009	10	16	0.000412152082378	0.0	2.008074953737922
2009	10	17	0.0	0.0	2.0432482510966348
2009	10	18	0.0	0.0	1.992310812095863
2009	10	19	1.42272431053	0.0	1.7477633610066343
2009	10	20	13.474109144799998	0.0	1.246006053536888
2009	10	21	27.3764782155	0.0	1.0556385145388127
2009	10	22	11.0336264922	0.0	1.256821285139577
2009	10	23	0.738502095327	0.0	1.4215605295283484
2009	10	24	3.27054612996	0.0	1.1391893397174515
2009	10	25	8.954667095800001	0.0	1.0192312489195001
2009	10	26	0.113663504775	0.0	1.6223873245091316
2009	10	27	0.00080124670195	0.0	1.6807395670111462
2009	10	28	0.0008243851497099999	0.0	1.725795943337759
2009	10	29	0.0407966425223	0.0	1.565941855411869
2009	10	30	0.020006360950200003	0.0	1.7150835841722827
2009	10	31	0.501028746456	0.0	1.669964587905706
2009	11	01	9.44890983695	0.0	1.3986469909926977
2009	11	02	0.06632424990500001	0.0	0.9732685050356428
2009	11	03	0.31262252167	0.0	1.1918279195182964
2009	11	04	1.7823703289200001	0.0	0.9025883918062998
2009	11	05	4.21909985984	0.0	0.6462144671272794
2009	11	06	1.49871670749	0.0	1.187332948767429
2009	11	07	0.69933118949	0.0	0.8708117865862377
2009	11	08	0.35108341169999996	0.0	0.844804983222888
2009	11	09	0.22676862535200001	0.0	0.7684617717054752
2009	11	10	0.197017466935	0.0	0.9627840011491212
2009	11	11	0.49118709199	0.0	0.9134459753945379
2009	11	12	9.4695492016	0.0	0.6913938483071724
2009	11	13	9.5617960351	0.0	0.7588541853475944
2009	11	14	6.026984220959999	0.0	0.8523232646833601
2009	11	15	42.566686968300004	0.9430154989665827	0.8788830236623952
2009	11	16	31.815663536800002	2.990463564290424	0.7857985027745016
2009	11	17	3.35844768645	2.1833782273370423	0.9958993049321255
2009	11	18	0.000412152082378	0.8240766072050316	1.2339602789710855
2009	11	19	0.32458187368999997	0.5352250129269793	1.0328061729120614
2009	11	20	2.27726054352	0.3992948509137782	0.8204187220742047
2009	11	21	8.226259948100001	0.3228341347813526	0.814571144174745
2009	11	22	0.69052912884	0.30584286452970244	0.8706188207028952
2009	11	23	0.064402747928	0.2633646889005771	0.7771013439307198
2009	11	24	0.007734266198	0.22088651327145176	0.9207610947275616
2009	11	25	7.235932140299999	0.19539960789397656	0.7956286416498094
2009	11	26	0.23149967855200002	0.3483210401588278	0.9834472916587504
2009	11	27	3.3704682559	0.3483210401588278	0.5838352632324264
2009	11	28	16.4275648478	0.30584286452970244	0.551905258310379
2009	11	29	10.1110653156	1.7840833764232642	0.7800345315437411
2009	11	30	0.35678481435600007	1.231867093244635	0.6837079846356635
2009	12	01	3.68699650763	0.8750504179599821	0.8017743384254459
2009	12	02	6.6489053416	0.8070853369533815	0.583146742302313
2009	12	03	0.46051727561199995	0.7815984315759062	0.737712711612635
2009	12	04	0.0580869195632	0.6541639046885303	0.7773338019247138
2009	12	05	14.649967350799999	0.8155809720792065	0.5579258281328586
2009	12	06	37.8357817346	11.554063771122092	0.3662316772726702
2009	12	07	0.79223526415	13.76292890383661	0.6378908725562789
2009	12	08	0.1198072454316	2.863029037403048	0.6817059767296623
2009	12	09	0.20253443394999998	2.0134655248205413	0.6202001672854703
2009	12	10	0.0122734670671	1.6651444846617134	0.7295562991537806
2009	12	11	0.0162252900802	1.495231782145212	0.8318250973199943
2009	12	12	0.0008827665879729999	1.359301620132011	0.810488338531048
2009	12	13	0.0033256075816200004	1.2063801878671596	0.7269908205810545
2009	12	14	0.00474640552566	1.0789456609797836	0.600412646523011
2009	12	15	0.017501657054999998	0.9600067692182326	0.5645355743663745
2009	12	16	9.905427941300001	1.1469107419863844	0.5447448375581379
2009	12	17	1.61309388371	4.715077494832912	0.7975670773713402
2009	12	18	0.0015258538236199999	2.336299659601894	0.6863163071395498
2009	12	19	0.0013021617561299998	1.7246139305424886	0.5857824770579961
2009	12	20	1.9988920268800001	1.4442579713902615	0.4564955105116585
2009	12	21	16.584393652199996	12.063801878671597	0.8154345011926314
2009	12	22	8.5102053436	46.47112413826312	0.6981639039369608
2009	12	23	27.255547196	26.16655618754121	0.3696435274053455
2009	12	24	21.324555	43.9224336005156	0.7232665222645374
2009	12	25	0.055589678778700004	7.832975586010713	0.5242076710636894
2009	12	26	0.297367641006	4.6810949543296125	0.6866010710178292
2009	12	27	8.685148898100001	3.466219131336628	0.5559891903388643
2009	12	28	23.172383299	33.132976990717765	0.9747370711949687
2009	12	29	22.467849014799995	42.39321927786709	0.6470218340572986
2009	12	30	14.547470224399998	60.234053042099745	0.4277911733953462
2009	12	31	11.2600671546	45.19677886938936	0.5393180389710285
2010	01	01	6.576525643399999	26.676294295090713	0.6077671241301236
2010	01	02	1.74750840483	10.449631204764835	0.591307997451708
2010	01	03	9.572884803700001	51.14372345746691	0.5726951573452751
2010	01	04	9.217683480200002	12.063801878671597	0.4568245972158652
2010	01	05	0.055293391253	8.92041688211632	0.7229747106719868
2010	01	06	0.62921150728	5.658092993799495	0.6457102318164737
2010	01	07	0.186252560783	4.536669157190587	0.5808267935499853
2010	01	08	0.0564290442107	3.406749685455852	0.50943906500283
2010	01	09	0.025174357667000002	2.897011577906348	0.5267516501607191
2010	01	10	5.63209572463	2.6761250646348964	0.3852139747486862
2010	01	11	0.15585188833500002	2.5401949026216957	0.673658018741876
2010	01	12	25.9050239603	27.52585780767322	0.7442774619987158
2010	01	13	22.616871388	37.63566360740505	0.7661553190433591
2010	01	14	4.840251362299999	25.741774431249958	0.7020074797939074
2010	01	15	3.01101391673	7.9349232075206135	0.5615911908777457
2010	01	16	16.5639878422	20.134655248205412	0.7377313997885094
2010	01	17	10.694776411949999	18.69039727681515	0.4868489180778761
2010	01	18	0.7723977511229999	11.044325663572588	0.626575299003388
2010	01	19	1.7927284534699999	12.318670932446349	0.8143189804060315
2010	01	20	2.55451205966	8.249261707176142	0.6656169630378544
2010	01	21	1.7760684151900001	6.167831101348999	0.6153853810210812
2010	01	22	1.33945100451	5.437206480528044	0.7269370874236638
2010	01	23	10.1925144776	4.757555670462038	0.9691761756707377
2010	01	24	1.12389282828	5.003929089110965	1.0113799821901022
2010	01	25	0.00284577163246	3.72108818511138	0.8726551025557987
2010	01	26	0.00341441492397	3.1518806316811	1.0371258219285198
2010	01	27	0.00081853980389	2.7865683212706225	0.8831890162173724
2010	01	28	0.00134980216594	2.5486905377475204	0.922301722375098
2010	01	29	0.983463332	2.48072545674092	0.8265972619705315
2010	01	30	0.6858189263159999	2.3617865649793686	0.7251390461457918
2010	01	31	0.6393426534599999	2.1918738624628675	0.8073102943232314
2010	02	01	0.00385191133184	2.0304567950721912	0.9589403016944049
2010	02	02	0.0033202738317	1.9285091735622903	1.0041944638083595
2010	02	03	0.006466906792599999	1.8435528223040398	1.0483931825263186
2010	02	04	10.520459054699998	2.1748825922112176	0.9039801702384074
2010	02	05	4.83277625956	4.706581859707088	0.8243657584961901
2010	02	06	0.26359696354299994	2.9479853886612988	0.8644471087225235
2010	02	07	1.1267711112999999	2.4127603757343192	0.958004757089392
2010	02	08	0.71330404371	2.9309941184096484	1.08892943920028
2010	02	09	1.6072333544200001	2.3447952947277186	1.0045242157176189
2010	02	10	3.8720436459600003	2.2003694975886927	0.5009500347468536
2010	02	11	0.008029628209	2.259838943469468	0.9868337107441497
2010	02	12	0.0008243041067299999	1.9455004438139405	0.9757408845173711
2010	02	13	0.0033340985262	1.8265615520523897	0.9650567400925278
2010	02	14	0.0012439517169999998	1.7416052007941387	0.8777855535980501
2010	02	15	1.5266263430999998	1.6991270251650137	0.8929058266913297
2010	02	16	3.3716777111600003	1.6566488495358882	0.8117679846791972
2010	02	17	5.594280663979999	1.639657579284238	0.829988790740062
2010	02	18	0.355759872105	1.5801881334034626	1.118762520858693
2010	02	19	0.53589119278	1.486736147019387	1.161599518800914
2010	02	20	2.2392088335	1.4187710660127864	1.1578490275370055
2010	02	21	10.6858582993	3.5766623879723536	1.2492183003147836
2010	02	22	21.139886287899998	7.552619626858485	0.8954614255940592
2010	02	23	17.267696223	11.893889176155096	0.9140433788751482
2010	02	24	21.712273126799996	35.341842123432286	1.1813725904308214
2010	02	25	29.049481913300003	69.57925168050731	1.1908123787843026
2010	02	26	1.50963545991	15.207186875226869	1.1758986420336952
2010	02	27	33.946709005	57.43049345057745	1.5653247980228608
2010	02	28	16.768142652199998	19.455004438139404	1.0161241960926988
2010	03	01	4.6993845434	19.879786194430658	1.1310340144813915
2010	03	02	9.0629136317	9.090329584632821	1.8570044724202832
2010	03	03	2.6263708778	9.090329584632821	1.3764649174633719
2010	03	04	0.0549353369845	6.346239438991326	1.8532118132913977
2010	03	05	5.38046085	5.173841791627466	1.0278754577100342
2010	03	06	2.2852882472	4.579147332819712	1.0323587687463165
2010	03	07	7.07968620707	4.96145091348184	0.822907212413446
2010	03	08	2.53876689798	4.587642967945538	1.1425061417051385
2010	03	09	0.0	3.4237409557075025	1.6223923960618276
2010	03	10	0.0	2.880020307654698	1.5979486125311277
2010	03	11	0.00192622761444	2.6591337943832465	1.5128661439041236
2010	03	12	0.000105822751196	2.4382472811117943	1.5789655286280968
2010	03	13	0.017505709204	2.259838943469468	1.6966442103103345
2010	03	14	0.0024959694348399997	2.1409000517079173	1.9631024831348172
2010	03	15	0.00125156714595	2.004969889694716	2.0240704260966997
2010	03	16	0.000426562994214	1.9455004438139405	2.1293897688538337
2010	03	17	0.0	1.8690397276815152	2.2235802604431063
2010	03	18	1.27875058617	1.8010746466749143	2.0032193760259607
2010	03	19	14.2247953752	2.9055072130321733	1.6766366758039977
2010	03	20	14.6140821382	9.85493674595708	1.6763995680299917
2010	03	21	0.9470350927500001	4.97844218373349	2.1952808072868546
2010	03	22	0.0185289851417	3.1858631721844004	2.3473852617659188
2010	03	23	1.6580968184	2.625151253879946	2.079185320697021
2010	03	24	5.591043973700001	2.557186172873345	1.7676716465397428
2010	03	25	21.3948815449	5.777031885561046	1.297603275018091
2010	03	26	11.2303094876	8.495635125825068	1.5825052940927695
2010	03	27	0.190813249647	4.749060035336213	1.7805407552988004
2010	03	28	0.41069385031399996	3.2963064288201265	2.3792030001050732
2010	03	29	15.0904784995	6.397213249746276	1.8199173051763577
2010	03	30	3.5328182341999996	7.798993045507412	1.5546536644816618
2010	03	31	5.702033205199999	5.046407264740091	1.5514398684545978
2010	04	01	0.88420241233	4.222330657535059	1.8700601280460958
2010	04	02	4.876007273629999	3.6531231041047794	1.808006349195977
2010	04	03	4.65680651525	4.179852481905933	1.664226457929562
2010	04	04	0.01913755506	2.888515942780523	2.23189780016512
2010	04	05	0.00042079855598	2.51470799724422	2.809630330284072
2010	04	06	0.417540347725	2.3193083893502435	2.6563776192390782
2010	04	07	0.006770453370899999	2.123908781456267	2.7279202284582356
2010	04	08	0.0037372567913399996	1.9709873491914158	2.9888496536185376
2010	04	09	0.0	1.8520484574298648	3.156276659671601
2010	04	10	0.0016614347640499997	1.7755877412974392	3.157821632649148
2010	04	11	0.0	1.6906313900391885	3.360267778063522
2010	04	12	1.3122729800500001	1.614170673906763	2.6887027675627286
2010	04	13	0.12636874234099998	1.5716924982776377	2.884625600091777
2010	04	14	2.6153949697699996	1.503727417271037	2.4316935219639357
2010	04	15	13.133883364799999	2.735594510515672	2.718506131476605
2010	04	16	5.11329521976	2.5486905377475204	2.722543696619154
2010	04	17	3.22527869342	2.2173607678403426	2.5013403993939844
2010	04	18	5.2253708914	1.996474254568891	2.636714600765295
2010	04	19	0.350054668746	1.8435528223040398	3.164443986732233
2010	04	20	0.245347409374	1.6821357549133635	3.1334032716402342
2010	04	21	13.414268865199999	1.767092106171614	2.651159735745781
2010	04	22	7.62939522794	2.2853258488469432	3.2825751979541145
2010	04	23	0.224522748364	2.6761250646348964	3.0881737457146823
2010	04	24	0.0129053257205	1.8435528223040398	3.527142301259134
2010	04	25	0.00340223487973	1.622666309032588	4.024295083283471
2010	04	26	0.00166288696141	1.503727417271037	4.244227267216294
2010	04	27	0.0008243041067299999	1.4017797957611362	4.317795655110811
2010	04	28	0.752699287734	1.3423103498803608	4.17291151635767
2010	04	29	3.59877503446	1.3508059850061858	3.522953991912126
2010	04	30	0.39743678548800004	1.3423103498803608	3.3853023793647217
2010	05	01	0.5499362893699999	1.3168234445028855	3.114242947011796
2010	05	02	0.013251709993299998	1.248858363496285	3.058226773979782
2010	05	03	0.0117676650632	1.1554063771122094	2.555861258901268
2010	05	04	0.00609448760754	1.0959369312314338	2.8065290749884326
2010	05	05	0.0	1.0534587556023085	3.3962287559069937
2010	05	06	0.037103232497599996	1.0194762150990082	3.419042102938178
2010	05	07	4.8284459726	1.0194762150990082	2.7436661243978007
2010	05	08	8.743531274449998	1.104432566357259	2.015386753314127
2010	05	09	7.4465162310999995	1.8265615520523897	2.1716930310206046
2010	05	10	6.2314363175	1.486736147019387	1.8804035982628435
2010	05	11	6.8124432088299995	1.7076226602908384	2.707442391344631
2010	05	12	4.57397923575	2.276830213721118	2.7290824688991515
2010	05	13	3.86044879393	1.8860309979331653	2.684571343855716
2010	05	14	2.2118521856699997	1.5462055929001624	2.8734764716262995
2010	05	15	0.08191540091	1.4187710660127864	2.8564563146839723
2010	05	16	0.00083006850628	1.2828409039995852	3.968280956938922
2010	05	17	0.00149072826807	1.1978845527413347	4.45735711781312
2010	05	18	0.00165810465191	1.104432566357259	4.435342655420128
2010	05	19	0.0	1.002484944847358	4.808662400782205
2010	05	20	0.00083006850628	0.9430154989665827	4.749406600460249
2010	05	21	0.000824304164756	0.9005373233374572	5.1423976126596385
2010	05	22	0.005182167052839999	0.8410678774566818	5.0073197009951524
2010	05	23	0.5304811386699999	0.8070853369533815	4.907029171908763
2010	05	24	8.3096568495	0.7646071613242561	3.640165284755136
2010	05	25	8.55974165625	0.7646071613242561	2.760064518795558
2010	05	26	0.474005525693	0.7646071613242561	3.0705709209912984
2010	05	27	0.32848750703999996	0.7646071613242561	3.48510532268244
2010	05	28	0.049814257189999996	0.7646071613242561	3.825881615997866
2010	05	29	0.0942571877895	0.7306246208209558	4.226617650386175
2010	05	30	0.0021741036615	0.7136333505693058	4.954246089751114
2010	05	31	0.0225343535805	0.6626595398143553	5.727114698058038
2010	06	01	0.0008243041067299999	0.6116857290594049	5.172340250703609
2010	06	02	0.0058782117464	0.5692075534302795	5.170158036429771
2010	06	03	0.00083006850628	0.5352250129269793	5.158481805309922
2010	06	04	0.00388021467386	0.47575556704620386	5.518018192399153
2010	06	05	0.0109223471307	0.4417730265429035	4.655419321063882
2010	06	06	0.004936976352349999	0.4417730265429035	4.362866963192938
2010	06	07	0.030710405565	0.41628612116542835	4.198526978976955
2010	06	08	8.821475182500002	0.3992948509137782	1.9540365707765992
2010	06	09	32.846216902	0.7815984315759062	2.3215289216378774
2010	06	10	12.357392005100001	0.9005373233374572	2.755739487593203
2010	06	11	5.13898332996	0.7646071613242561	2.6757659789750545
2010	06	12	0.22830445752	0.7051377154434807	3.116456063439602
2010	06	13	0.008397784804100002	0.6371726344368801	4.330503073321464
2010	06	14	0.0037073643106	0.5607119183044544	3.6607831834533604
2010	06	15	0.04198882731049999	0.49274683729785396	3.6692078957873795
2010	06	16	0.064563944156	0.4502686616687286	3.6418186229599314
2010	06	17	0.00208093537512	0.41628612116542835	4.761951152047929
2010	06	18	0.23526289675599998	0.3992948509137782	4.877427602818076
2010	06	19	0.0051575578394	0.38230358066212805	4.206739018164281
2010	06	20	0.00105967313304	0.3568166752846529	4.902364076268728
2010	06	21	0.00123645514464	0.3228341347813526	5.142550456096202
2010	06	22	0.0008243041067299999	0.33982540503300274	5.316571555154212
2010	06	23	0.00207516962163	0.2718603240264022	5.5522137754791165
2010	06	24	0.27010246149399997	0.22938214839727683	5.446481467761806
2010	06	25	4.045426978029999	0.373807945536303	4.769629978013269
2010	06	26	10.3321849938	0.47575556704620386	4.599610068252629
2010	06	27	1.8161286952	0.4417730265429035	4.882017647795112
2010	06	28	0.0287202443235	0.3653123104104779	4.684509427649658
2010	06	29	0.004171058780499999	0.33132976990717766	5.627249753222912
2010	06	30	0.00204924360483	0.28885159427805235	5.823927433707871
2010	07	01	0.0016730336778999998	0.23787778352310193	5.667577680813646
2010	07	02	1.61261836064	0.22938214839727683	4.613214519886607
2010	07	03	0.21680747601	0.22938214839727683	5.4351787920351375
2010	07	04	0.0030581520148	0.2123908781456267	5.868783138643947
2010	07	05	0.000842562790323	0.1869039727681515	5.918581597346809
2010	07	06	0.0008243041067299999	0.17840833764232644	6.2555176156566255
2010	07	07	1.3203147066799998	0.16991270251650137	6.323947924320546
2010	07	08	7.06151207703	0.15292143226485122	5.14725134339252
2010	07	09	0.196192646687	0.14442579713902617	4.712193928293855
2010	07	10	0.00437645273573	0.1359301620132011	5.941578416595409
2010	07	11	0.0	0.12743452688737603	5.541526604092595
2010	07	12	0.012466425760399998	0.11044325663572588	4.487612969680059
2010	07	13	0.12765111694099998	0.11044325663572588	3.9348785183330754
2010	07	14	0.06680503399900001	0.11044325663572588	3.45609129924593
2010	07	15	0.00182797431626	0.11044325663572588	4.77360303491413
2010	07	16	0.39799511166	0.11044325663572588	4.300201081153772
2010	07	17	0.0	0.10194762150990082	6.110122488851262
2010	07	18	0.00165650651916	0.10194762150990082	6.05368519048437
2010	07	19	0.0013799909661200002	0.09345198638407574	6.109645292065907
2010	07	20	0.61955752824	0.09345198638407574	5.044417658968498
2010	07	21	0.13397093169199997	0.09345198638407574	4.141776221972665
2010	07	22	0.00208748941182	0.08495635125825068	4.662197391367599
2010	07	23	0.000449424551573	0.08495635125825068	5.635305593193292
2010	07	24	0.000426562994214	0.07646071613242561	5.510327202447746
2010	07	25	0.00123889697543	0.07646071613242561	5.741110829414441
2010	07	26	0.00042079855598	0.06796508100660055	6.1684792408933165
2010	07	27	0.00372629597007	0.05946944588077548	6.3264352248723
2010	07	28	0.0	0.05946944588077548	6.28762694973656
2010	07	29	0.00262373495004	0.05097381075495041	5.874171332600539
2010	07	30	0.00082347771978	0.05097381075495041	5.932356132340995
2010	07	31	0.0177159712505	0.04247817562912534	5.829500616438271
2010	08	01	0.09366498410449998	0.033982540503300275	5.0396848154175
2010	08	02	0.0053581082677	0.025486905377475205	5.0115544877301925
2010	08	03	0.0016740988418399998	0.025486905377475205	5.361987517522925
2010	08	04	0.00083006850628	0.025486905377475205	5.476187532998255
2010	08	05	0.00042079855598	0.025486905377475205	5.3412514957475565
2010	08	06	0.00250955167737	0.025486905377475205	5.647447742931554
2010	08	07	0.000426562994214	0.025486905377475205	5.774582342679359
2010	08	08	0.010171107719099999	0.025486905377475205	6.031437272841751
2010	08	09	0.40397053243	0.025486905377475205	5.472723554768223
2010	08	10	0.00207684705658	0.016991270251650138	5.492838995542501
2010	08	11	0.0017963302239999998	0.016991270251650138	5.585198095618761
2010	08	12	0.000847580037426	0.016991270251650138	4.357647333022654
2010	08	13	0.0	0.016991270251650138	4.588015489799853
2010	08	14	0.000412152082378	0.016991270251650138	4.476487505166448
2010	08	15	0.0016661604982	0.016991270251650138	4.81532842103185
2010	08	16	0.0	0.016991270251650138	5.035787944981736
2010	08	17	0.0008656237443599999	0.016991270251650138	4.877822190002262
2010	08	18	0.22126348596999998	0.016991270251650138	3.9665123940439955
2010	08	19	0.0031471586764599997	0.016991270251650138	5.065135115863658
2010	08	20	0.0012486566584999999	0.016991270251650138	5.367612064159924
2010	08	21	0.00779428684175	0.016991270251650138	5.5041414195714164
2010	08	22	0.00438552442386	0.016991270251650138	4.411072106456389
2010	08	23	1.1345922424200001	0.016991270251650138	3.225076489082672
2010	08	24	0.0589933398408	0.008495635125825069	4.025244095628458
2010	08	25	0.0	0.008495635125825069	4.985094387211321
2010	08	26	0.0504987831423	0.008495635125825069	4.169809717968296
2010	08	27	0.0550541848706	0.008495635125825069	3.9682347797609463
2010	08	28	0.0	0.008495635125825069	4.953876846122473
2010	08	29	0.00083006850628	0.008495635125825069	5.010622885992786
2010	08	30	0.0008358328381330001	0.008495635125825069	4.9609540932678255
2010	08	31	0.513221450035	0.008495635125825069	4.900030718440698
2010	09	01	5.90708219586	0.008495635125825069	3.8563922334160345
2010	09	02	0.00392982690386	0.0	4.263216954200959
2010	09	03	0.0019161454035200001	0.008495635125825069	4.617299519948124
2010	09	04	0.0012335737669	0.008495635125825069	4.624549655893521
2010	09	05	0.0021791947660299996	0.0	4.336902720822333
2010	09	06	2.3989186288	0.0	2.8791345781475917
2010	09	07	5.6900943557	0.0	2.362169778957933
2010	09	08	0.50370039889	0.0	2.6739040187132703
2010	09	09	0.0049211637838	0.0	3.3926517748258367
2010	09	10	0.0020809351817000004	0.0	3.897312248614735
2010	09	11	0.00378188149322	0.0	3.8206890187684017
2010	09	12	0.00123357367019	0.0	4.29693387567759
2010	09	13	0.00042079855598	0.0	4.200265295643919
2010	09	14	0.0	0.0	4.157305106915277
2010	09	15	0.019749412151199998	0.0	3.3409363415710036
2010	09	16	1.07947982459	0.0	2.8013730241660104
2010	09	17	6.641992317380001	0.0	2.189854602860735
2010	09	18	0.017305502096199996	0.0	2.7497335075098652
2010	09	19	0.0	0.0	3.2208241460577627
2010	09	20	0.07617135881499999	0.0	2.9447488387515546
2010	09	21	0.00666559874483	0.0	3.3037158284640307
2010	09	22	0.0113461758044	0.0	2.828045954444117
2010	09	23	1.8784943630300002	0.0	2.6274305999209058
2010	09	24	0.84986543012	0.0	2.4493647412903146
2010	09	25	0.0008371312375799999	0.0	2.6372582247517933
2010	09	26	0.0	0.0	2.594733966968165
2010	09	27	0.000426562994214	0.0	2.622465013254108
2010	09	28	0.00125086706226	0.0	3.053038839553862
2010	09	29	0.00654691323482	0.0	2.993250638937436
2010	09	30	0.165695061148	0.0	2.3339081640413686
2010	10	01	0.03226541919440001	0.0	2.6130676172682845
2010	10	02	0.126789305118	0.0	2.27043707177631
2010	10	03	48.0954245574	0.0	1.475620076459938
2010	10	04	0.33394881745000005	0.1359301620132011	1.7442185205173
2010	10	05	0.5744873801	0.05097381075495041	2.189418859165387
2010	10	06	17.5852309357	0.033982540503300275	0.594127835107606
2010	10	07	1.5665352719599999	0.033982540503300275	2.1260447907220192
2010	10	08	41.02177083	1.4017797957611362	1.4492114065837678
2010	10	09	17.683007646999997	2.489221091866745	1.6033899618289413
2010	10	10	1.73062283883	0.6796508100660055	1.8119163415019885
2010	10	11	0.08084761612899999	0.4247817562912534	2.1818587320657055
2010	10	12	0.07490956410300001	0.3907992157879531	2.032251161754203
2010	10	13	0.011400968789100002	0.22938214839727683	1.858020134705624
2010	10	14	0.224115183411	0.1869039727681515	1.897651718657214
2010	10	15	0.036869001844699996	0.16991270251650137	1.5985603174576144
2010	10	16	0.00124657555601	0.1614170673906763	1.6635994069178286
2010	10	17	0.00248531963293	0.1614170673906763	1.584376059438324
2010	10	18	0.00042079855598	0.15292143226485122	1.6283682845867764
2010	10	19	0.0020767546018199998	0.15292143226485122	1.749337267179501
2010	10	20	0.0008243041067299999	0.14442579713902617	1.6531500916470068
2010	10	21	0.0	0.14442579713902617	1.7596318215545543
2010	10	22	0.00134714486527	0.1359301620132011	1.6378930783550563
2010	10	23	0.00088240776486	0.12743452688737603	1.8277612771183647
2010	10	24	0.119807752192	0.12743452688737603	1.5716292793191176
2010	10	25	0.015710473737199998	0.12743452688737603	1.3300209283343398
2010	10	26	0.00041215210172	0.12743452688737603	1.6373112265329663
2010	10	27	0.00123357367019	0.12743452688737603	1.6619010996103538
2010	10	28	2.5293963759499998e-05	0.12743452688737603	1.6271232934104576
2010	10	29	21.0605105883	0.41628612116542835	0.9846077354299453
2010	10	30	20.6960018944	1.614170673906763	0.9540920463733281
2010	10	31	8.4060747853	4.698086224581263	0.8348412531688281
2010	11	01	0.37421334897999997	1.7501008359199641	1.198689884487445
2010	11	02	0.0024985860206	1.1214238366089089	1.5879159179108118
2010	11	03	0.0022821828891	0.9175285935891073	1.6921053726531095
2010	11	04	0.0008243041067299999	0.8155809720792065	1.5045102479427577
2010	11	05	0.00207517058873	0.7391202559467809	1.4173103128486355
2010	11	06	0.008592760868	0.6966420803176556	1.4538070280859405
2010	11	07	0.40355719389	0.6711551749401804	0.9999606895044237
2010	11	08	8.156163572999999	0.6541639046885303	1.0274415378424542
2010	11	09	7.72125135304	0.8495635125825068	0.6492541404954173
2010	11	10	0.26499076740500005	0.9854936745957079	0.8844148648241917
2010	11	11	0.473467905132	0.8325722423308567	1.0024867050194082
2010	11	12	0.7175246325169999	0.7815984315759062	0.7373743705108108
2010	11	13	6.5108808296000005	0.7731027964500812	0.6943890859774099
2010	11	14	11.149568242800001	2.998959199416249	1.0078628366419355
2010	11	15	0.36400909004	1.495231782145212	0.8556848003967692
2010	11	16	3.9726351985200004	1.2063801878671596	0.8462044966328173
2010	11	17	3.5076088385	1.614170673906763	0.7111788959106853
2010	11	18	0.908892136845	1.359301620132011	0.7580749417104518
2010	11	19	22.5361253077	1.359301620132011	0.516844604256976
2010	11	20	5.226365650459999	3.0329417399195493	0.602106358079369
2010	11	21	4.733446772500001	1.8265615520523897	0.6754641020403603
2010	11	22	0.1007054044075	1.5886837685292878	0.7163076695630071
2010	11	23	0.036049199878599995	1.3932841606353112	0.8378264747997445
2010	11	24	0.00125086706226	1.2828409039995852	0.8378087233429432
2010	11	25	0.0032669394272199998	1.2063801878671596	0.8109513022324103
2010	11	26	0.00206952794707	1.1469107419863844	0.7480488461351833
2010	11	27	0.00256726491723	1.0959369312314338	0.749990110792179
2010	11	28	0.0202238298259	1.0704500258539587	0.6464425678856326
2010	11	29	5.482564946959999	1.0364674853506584	0.5167931566444385
2010	11	30	3.68450912643	1.3168234445028855	0.5047319961731844
2010	12	01	1.00147237807	1.5716924982776377	0.6057981701590021
2010	12	02	3.2343286218	1.4187710660127864	0.5500976748704958
2010	12	03	0.0258383327443	1.4017797957611362	0.6746404673920011
2010	12	04	3.0389744218	1.3338147147545356	0.5419438785856885
2010	12	05	22.3913697797	23.023171190985934	0.747307458360061
2010	12	06	26.2118838232	66.43586668395203	0.586785526077919
2010	12	07	14.9428381122	16.48153214410063	0.5044044786285289
2010	12	08	6.0853036391	18.86030997933165	0.6212736477580167
2010	12	09	0.719423997575	8.274748612553616	0.6733441760198147
2010	12	10	0.48635488013000006	5.284285048263192	0.9585110387066781
2010	12	11	0.0016479533900499999	3.975957238886132	0.9432950459107687
2010	12	12	0.0008243041067299999	3.2708195234426514	0.7786087183740986
2010	12	13	0.0128574823164	2.8375421320255727	0.924945359323662
2010	12	14	0.0093768981203	2.49771672699257	0.7902726542783338
2010	12	15	0.004998611086	2.2003694975886927	0.6726104333199244
2010	12	16	0.000426563023227	2.0729349707013167	0.5446281916945758
2010	12	17	0.022815460537500002	1.9794829843172408	0.6869847333936793
2010	12	18	0.0287005638385	1.9370048086881153	0.5909229575971973
2010	12	19	0.292163308408	1.8435528223040398	0.7097553088580973
2010	12	20	10.2000655944	2.1578913219595672	0.44996362382878813
2010	12	21	9.8261789318	6.92394262754743	0.514591308830846
2010	12	22	8.654877701	6.703056114275979	0.6477422059615393
2010	12	23	3.3619639653399997	3.6276361987273034	0.5194802514004006
2010	12	24	0.0018385006195	2.6846206997607216	0.5967040505053439
2010	12	25	0.05644740267	2.3617865649793686	0.5537572603703718
2010	12	26	0.000830068477267	2.0899262409529666	0.5547280051295698
2010	12	27	0.754614716323	2.004969889694716	0.5812459772950219
2010	12	28	0.9245794175900001	2.1918738624628675	0.5612362107158131
2010	12	29	1.9774891367799998	2.5316992674958705	0.7611743134860772
2010	12	30	5.1210875313	2.9140028481579985	0.6113874583771581
2010	12	31	0.666878253474	3.049933010171199	0.6604233952502438
2011	01	01	0.0110558378779	2.4382472811117943	0.8598518301149437
2011	01	02	0.0072608775177	2.1578913219595672	0.8355716083734455
2011	01	03	1.38414891586	2.004969889694716	0.7539640316508724
2011	01	04	14.7010592438	2.744090145641497	0.6107517624844966
2011	01	05	17.4620194944	18.010746466749143	0.542312924172224
2011	01	06	38.3951011183	27.440901456414966	0.5494151852957602
2011	01	07	12.4367309549	31.09402456051975	0.47890585897782295
2011	01	08	18.1342980923	26.33646889005771	0.6198815984432607
2011	01	09	1.85948726976	11.723976473638594	0.7904744508923134
2011	01	10	1.70286997013	9.005373233374572	0.7651956947120558
2011	01	11	0.65251436204	7.051377154434808	0.7070596774290248
2011	01	12	0.06948356251400001	5.207824332130767	0.7382640760229658
2011	01	13	0.039573026016999996	4.349765184422435	0.6800853563732085
2011	01	14	0.09878682790799999	3.7125925499855548	0.8192960433166255
2011	01	15	0.0257648418482	3.236836982939351	0.8060542877991288
2011	01	16	2.08847208213	2.9140028481579985	0.6086746993536227
2011	01	17	15.290271688499999	4.7660513055878635	0.6964243540948907
2011	01	18	10.620420444899999	6.669073573772678	0.6852945752287454
2011	01	19	0.161300713484	4.094896130647683	0.8714077247402097
2011	01	20	0.00155756851418	3.2198457126877007	0.9519968114469013
2011	01	21	0.000833394798375	2.752585780767322	0.749092179724255
2011	01	22	0.00207805293357	2.5401949026216957	0.725670293702351
2011	01	23	0.0493086718165	2.336299659601894	0.7670834505960996
2011	01	24	0.0	2.166386957085392	0.7760009754539636
2011	01	25	0.00124798481413	2.0474480653238416	0.8116511877163287
2011	01	26	0.0073001301725	1.9794829843172408	0.8205815288687291
2011	01	27	3.5418771566099996	2.0729349707013167	0.5819813876313574
2011	01	28	3.3833635673	2.1578913219595672	0.7957460248450847
2011	01	29	1.61385412102	2.0474480653238416	0.7975176531799898
2011	01	30	0.489753337227	1.9115179033106404	0.9100766048723298
2011	01	31	0.00099455819333	1.8095702818007395	0.8475754498042835
2011	02	01	0.0	1.733109565668314	0.9419096543889668
2011	02	02	0.000828873518836	1.6736401197875383	1.0993106002368258
2011	02	03	0.0190848722875	1.6566488495358882	1.2839103618614969
2011	02	04	0.0033322577480599997	1.5886837685292878	1.5056610144311042
2011	02	05	0.00083006850628	1.5292143226485122	1.2339580769605611
2011	02	06	0.0	1.503727417271037	1.2189609548499927
2011	02	07	0.00208093537512	1.4782405118935618	1.251859432800291
2011	02	08	0.0273541691527	1.4612492416419116	1.2877063694069362
2011	02	09	2.3888246192600002	1.4527536065160866	1.1236017446538091
2011	02	10	0.006975269677300001	1.4357623362644365	1.2227314486879912
2011	02	11	1.92325175103	1.3932841606353112	1.340306515116511
2011	02	12	0.27702444105999996	1.359301620132011	1.1831545503662257
2011	02	13	12.8317129698	1.5462055929001624	1.0306070954990803
2011	02	14	14.5163402425	1.9539960789397655	0.916609801304603
2011	02	15	7.4321857433	5.182337426753292	0.8518619045079457
2011	02	16	23.489283594099998	13.76292890383661	0.8178300152231984
2011	02	17	5.03061097435	10.619543907281335	0.9800289518486356
2011	02	18	5.229051673999999	5.666588628925321	0.9833790837342243
2011	02	19	4.6047364006	17.246139305424887	1.3966791950854769
2011	02	20	5.2283582633	7.272263667706258	1.259146655351496
2011	02	21	0.679203643173	5.734553709931921	1.2492585771445004
2011	02	22	0.180523566764	4.120383036025157	1.2568251918898061
2011	02	23	0.00321767051772	3.6531231041047794	1.7526021515989123
2011	02	24	0.0	3.1688719019327505	1.951058374853833
2011	02	25	0.0022157239705199996	2.8375421320255727	1.985098487843053
2011	02	26	0.027593476113499996	2.633646889005771	1.7733308303749464
2011	02	27	0.0008495980849960001	2.4127603757343192	1.3924231105226472
2011	02	28	0.162913884639	2.2428476732178177	1.2737719316877567
2011	03	01	0.0012551971558	2.081430605827142	1.4803595699349446
2011	03	02	0.0015810953493000002	2.004969889694716	1.5466942955881025
2011	03	03	0.0036726067366	1.9285091735622903	1.5200745558986357
2011	03	04	0.762855201345	1.8775353628073401	1.1844216512058763
2011	03	05	0.142032261439	1.8010746466749143	1.650406737483843
2011	03	06	0.08204058233400001	1.7840833764232642	1.7097322693924697
2011	03	07	0.003653684458	1.6991270251650137	1.8463059074584622
2011	03	08	0.07252937143149998	1.6481532144100632	1.7171157006391238
2011	03	09	0.00276534256754	1.5886837685292878	1.9799451871653833
2011	03	10	0.00138976370504	1.5207186875226872	2.2108249930179005
2011	03	11	0.454160256524	1.486736147019387	1.6696354319194706
2011	03	12	5.1345863131	1.4782405118935618	1.4714348174667882
2011	03	13	6.7160791405	1.4782405118935618	1.3764443925937324
2011	03	14	10.5010919101	1.5716924982776377	1.197288663856549
2011	03	15	5.3033945852	2.4127603757343192	1.514913006705867
2011	03	16	0.36044633232400003	1.9455004438139405	1.7845585076308204
2011	03	17	0.017501582588299997	1.7161182954166638	2.031917391978002
2011	03	18	0.00042079855598	1.5631968631518125	2.536624111455723
2011	03	19	0.00042079855598	1.4697448767677368	2.647660556609378
2011	03	20	0.0008260815398199999	1.4187710660127864	2.451418592757297
2011	03	21	0.0	1.3253190796287107	2.455331768538498
2011	03	22	0.52972544673	1.248858363496285	2.1884827038798735
2011	03	23	1.95819723256	1.2148758229929848	1.7826123582280955
2011	03	24	7.11529183106	1.3932841606353112	1.9243266253030693
2011	03	25	3.9118762706299997	1.5971794036551128	2.3080705005225504
2011	03	26	11.5769722852	1.9794829843172408	1.9262692920126943
2011	03	27	7.01214742463	2.123908781456267	1.6064033886999847
2011	03	28	6.2548720518	1.9370048086881153	1.4171784804669052
2011	03	29	0.699509967596	1.9794829843172408	2.066316312987916
2011	03	30	0.327472284144	1.7076226602908384	1.846615997619485
2011	03	31	0.0105150626367	1.5716924982776377	3.1143030563863956
2011	04	01	8.111027081800001e-08	1.4697448767677368	3.4250332531387677
2011	04	02	1.8226000448499997	1.4272667011386115	2.372146906079906
2011	04	03	0.15697603570399998	1.376292890383661	2.358821449900533
2011	04	04	0.0037541351040899997	1.25735399862211	3.0244618135485557
2011	04	05	0.00164807485781	1.1978845527413347	3.6329628262685913
2011	04	06	0.000412152082378	1.1469107419863844	3.8122640516100783
2011	04	07	0.00396247030055	1.0959369312314338	3.881295720597274
2011	04	08	0.0	1.0449631204764833	3.6623415604288447
2011	04	09	0.005839194096899999	1.002484944847358	3.2241729231870218
2011	04	10	0.0098877338797	0.9515111340924077	3.248274999186868
2011	04	11	0.0008540663191	0.9175285935891073	3.621411526420739
2011	04	12	0.0	0.8920416882116321	3.5203144515687494
2011	04	13	0.00042079855598	0.866554782834157	3.6854905095049846
2011	04	14	0.00656976880583	0.8325722423308567	4.098525251914221
2011	04	15	0.00164548979951	0.7731027964500812	3.6190422656375705
2011	04	16	0.00125201839481	0.747615891072606	3.72000961559676
2011	04	17	0.439838985187	0.7221289856951307	3.3630548713778565
2011	04	18	3.95861186168	0.7136333505693058	3.246345122464569
2011	04	19	20.453391319999998	0.9600067692182326	2.33451453190833
2011	04	20	13.233910517800002	3.508697306965753	2.644455981259509
2011	04	21	8.7554609365	2.735594510515672	2.6031750633925594
2011	04	22	6.04465787675	1.996474254568891	2.496647791369134
2011	04	23	1.59182164882	1.9624917140655906	3.095930626433657
2011	04	24	0.630222842434	3.2113500775618755	3.6256282987925945
2011	04	25	0.380192812228	1.8265615520523897	3.7548510124744827
2011	04	26	0.077418337555	1.5886837685292878	3.7819483040513977
2011	04	27	0.000833636273574	1.376292890383661	3.779028168324988
2011	04	28	0.0148706644063	1.231867093244635	3.6702229338751424
2011	04	29	0.69032826217	1.1469107419863844	3.5402866040505647
2011	04	30	8.3557198225	1.2743452688737602	2.997256990397594
2011	05	01	16.952170176999996	2.489221091866745	2.4925828187340024
2011	05	02	1.51588534366	3.3982540503300274	3.8837912644813373
2011	05	03	0.044884909805999997	2.693116334886547	3.2105320211820194
2011	05	04	0.0379710006895	1.7840833764232642	3.485173573440717
2011	05	05	0.18193694473	1.5207186875226872	3.9282061116434295
2011	05	06	0.791917252657	1.3932841606353112	3.1375701337687603
2011	05	07	2.71787043313	1.3083278093770605	2.3821310879898054
2011	05	08	4.270772109549999	1.3423103498803608	2.6934423359487116
2011	05	09	0.00289402789155	1.2998321742512353	4.387586893895672
2011	05	10	0.0319141007774	1.1469107419863844	5.191851925653839
2011	05	11	4.6477220614	1.0364674853506584	4.471969423035987
2011	05	12	1.7632363521299999	0.9685024043440577	4.492543436436875
2011	05	13	0.238927432076	0.9345198638407576	4.44180469431157
2011	05	14	2.5021376953499996	0.8580591477083319	3.8870019492124706
2011	05	15	0.00208133546439	0.7900940667017313	4.281730645779217
2011	05	16	0.0	0.7221289856951307	4.742191140865075
2011	05	17	1.13707575522	0.7051377154434807	2.9014181406951773
2011	05	18	5.64207039403	0.7051377154434807	4.070317151659609
2011	05	19	3.6273306928699998	0.7051377154434807	3.8929244781871617
2011	05	20	0.83256488151	0.6966420803176556	4.369929773528973
2011	05	21	0.448621123577	0.6626595398143553	4.495954399460275
2011	05	22	0.0140522811759	0.6116857290594049	4.818440186286973
2011	05	23	0.439332302155	0.5777031885561047	4.9163268916102005
2011	05	24	0.89820882492	0.5352250129269793	5.47377453013869
2011	05	25	1.7785305550799997	0.501242472423679	4.580048494106746
2011	05	26	8.078350707	0.6371726344368801	4.623518218397278
2011	05	27	1.2192394107	0.747615891072606	4.100430775529824
2011	05	28	0.17677931339099998	0.6371726344368801	4.638892426475742
2011	05	29	7.66046147795	0.5692075534302795	3.980027986386083
2011	05	30	7.617824069859999	0.5946944588077547	3.8666644860387254
2011	05	31	0.0212363583813	0.6711551749401804	3.7686093989387817
2011	06	01	0.0	0.5861988236819297	4.573196571727532
2011	06	02	0.0	0.5182337426753292	4.933646582265812
2011	06	03	0.00083006850628	0.4672599319203788	4.884995074391936
2011	06	04	0.394509422143	0.4417730265429035	4.453727489591636
2011	06	05	7.53748668602	0.41628612116542835	4.2000343420918
2011	06	06	5.1513219785999995	0.4502686616687286	3.6407992107633755
2011	06	07	0.16705268579899998	0.45876429679455366	2.9291331091410138
2011	06	08	0.0008249530308299999	0.4332773914170785	3.9762921357204677
2011	06	09	0.013842934006	0.3992948509137782	3.457481771043091
2011	06	10	0.14725770583	0.3992948509137782	4.0161770556051035
2011	06	11	0.00083006850628	0.38230358066212805	4.757004501722041
2011	06	12	0.000100738329327	0.3653123104104779	4.602953635666406
2011	06	13	0.10103516133	0.33982540503300274	4.492012828468018
2011	06	14	0.020678193715	0.3143384996555275	4.907421969703744
2011	06	15	0.0052164900121	0.28885159427805235	4.901560920255122
2011	06	16	0.111050429588	0.2803559591522272	4.09419769411708
2011	06	17	0.183442970876	0.2718603240264022	3.608557549145582
2011	06	18	0.00052960630001	0.25486905377475205	4.120612475214358
2011	06	19	0.00083006850628	0.23787778352310193	5.60652124665101
2011	06	20	0.0009185723726499999	0.22938214839727683	5.8323133171949735
2011	06	21	0.0015902379258599998	0.22088651327145176	5.691470008073729
2011	06	22	0.00378722617137	0.20389524301980164	4.096890559660772
2011	06	23	0.000824304164756	0.19539960789397656	5.239890440678749
2011	06	24	0.0012335737669	0.17840833764232644	6.195892470810406
2011	06	25	0.0	0.16991270251650137	6.415889199986174
2011	06	26	1.2655164996400001	0.1614170673906763	6.782684442707151
2011	06	27	0.30157674066499995	0.15292143226485122	5.709702360971115
2011	06	28	0.07749114084299999	0.15292143226485122	4.518052095478026
2011	06	29	0.00193045867694	0.14442579713902617	5.721706757166562
2011	06	30	0.0024902055188399997	0.1359301620132011	5.964511768530246
2011	07	01	0.00125426738586	0.1359301620132011	6.283435148098991
2011	07	02	0.000838881437134	0.12743452688737603	5.861365940994895
2011	07	03	0.113131696485	0.12743452688737603	5.147707802824093
2011	07	04	0.0051541197988999995	0.11893889176155097	5.467607894654412
2011	07	05	0.0188041299272	0.11893889176155097	4.794876244388968
2011	07	06	0.0223815063268	0.11044325663572588	4.07528075956553
2011	07	07	0.00067514082706	0.11044325663572588	3.638964330206387
2011	07	08	3.5451135567599996	0.11044325663572588	3.6744263287866947
2011	07	09	2.12941938626	0.11044325663572588	3.8493401009395067
2011	07	10	0.256063863816	0.11044325663572588	4.69009887108602
2011	07	11	0.16376860761899997	0.11044325663572588	5.062370934826227
2011	07	12	4.1819899118	0.10194762150990082	3.661723480500456
2011	07	13	0.0005983709784099999	0.09345198638407574	4.482613917405969
2011	07	14	0.00631950489216	0.09345198638407574	4.822860526699913
2011	07	15	0.0	0.09345198638407574	5.818601779337237
2011	07	16	0.17591841064199998	0.09345198638407574	4.605603322410235
2011	07	17	0.0327936820958	0.09345198638407574	3.5230335663538352
2011	07	18	0.203537742174	0.08495635125825068	3.6327527863802174
2011	07	19	0.14735838093999998	0.08495635125825068	3.666441946571129
2011	07	20	0.006461895763949999	0.08495635125825068	5.301751708430409
2011	07	21	0.00536132909754	0.07646071613242561	4.1236492651188374
2011	07	22	0.0016572540874600001	0.07646071613242561	5.147651703152103
2011	07	23	0.00165437261301	0.06796508100660055	5.170922317289804
2011	07	24	0.0012451022758700001	0.06796508100660055	5.456399767721856
2011	07	25	0.0012693467959	0.06796508100660055	5.118964566334484
2011	07	26	0.00184174688407	0.05946944588077548	5.192003520224675
2011	07	27	0.000830068477267	0.05946944588077548	5.520102119065971
2011	07	28	0.0	0.05946944588077548	5.777347681489332
2011	07	29	0.0	0.05097381075495041	5.912972097334781
2011	07	30	0.0093880865002	0.05097381075495041	5.642770191596871
2011	07	31	0.00125663088155	0.05097381075495041	5.649062214362016
2011	08	01	3.81110290327	0.04247817562912534	5.134434624935301
2011	08	02	3.89398917587	0.04247817562912534	3.246132351583673
2011	08	03	0.00106687251557	0.04247817562912534	5.015787126710557
2011	08	04	0.035222662061	0.04247817562912534	4.870424115265776
2011	08	05	0.129334518898	0.04247817562912534	3.7945725677781037
2011	08	06	2.3969172153500002	0.04247817562912534	3.3002873574117544
2011	08	07	0.00335468972927	0.04247817562912534	4.029963614723116
2011	08	08	0.00041672423137699996	0.04247817562912534	4.620904117611002
2011	08	09	0.00167849469818	0.04247817562912534	5.496353139422303
2011	08	10	0.000397741170542	0.033982540503300275	5.580316357603359
2011	08	11	0.00083006850628	0.033982540503300275	5.755899793209615
2011	08	12	0.01906579624	0.033982540503300275	5.9017250893592985
2011	08	13	0.102090692954	0.033982540503300275	5.525535700276257
2011	08	14	0.072227834487	0.033982540503300275	4.524761646484584
2011	08	15	0.079537069906	0.033982540503300275	4.540973913273296
2011	08	16	0.000828421767084	0.033982540503300275	5.595482131678461
2011	08	17	0.0349744345698	0.033982540503300275	4.565515722753684
2011	08	18	0.0773723093976	0.025486905377475205	5.374150016880101
2011	08	19	0.00083006850628	0.025486905377475205	5.81552283108836
2011	08	20	0.7461466629999999	0.025486905377475205	4.767309657028238
2011	08	21	2.17440984536	0.025486905377475205	4.362398686003219
2011	08	22	2.7913672285400004	0.025486905377475205	3.0118933017014236
2011	08	23	0.8735801727700001	0.025486905377475205	3.1918768576390684
2011	08	24	0.0008681247616699999	0.025486905377475205	4.129976947918224
2011	08	25	0.48547588293999994	0.025486905377475205	3.544357107328933
2011	08	26	0.594787631135	0.025486905377475205	3.189290868979942
2011	08	27	0.00042079855598	0.025486905377475205	4.347519397287526
2011	08	28	0.00373072180651	0.025486905377475205	4.01732601117902
2011	08	29	0.0022312176861999998	0.025486905377475205	4.474847054829478
2011	08	30	2.1625864675999997	0.025486905377475205	3.737158152625958
2011	08	31	1.45182444624	0.025486905377475205	2.679302539310519
2011	09	01	11.4389961282	0.025486905377475205	2.189128064847333
2011	09	02	4.1001771202	0.025486905377475205	2.384215324348806
2011	09	03	1.43484391102	0.025486905377475205	2.6641875379038695
2011	09	04	1.3987449693199998	0.025486905377475205	2.6944171848187333
2011	09	05	0.000471386464157	0.025486905377475205	3.3029049655409426
2011	09	06	0.0008243041067299999	0.025486905377475205	4.23955102072272
2011	09	07	0.00083006850628	0.025486905377475205	4.4578204005482425
2011	09	08	0.00674283763698	0.025486905377475205	4.454665633332357
2011	09	09	0.000420798604335	0.025486905377475205	4.154482605734653
2011	09	10	0.430460407214	0.033982540503300275	3.0818676369870124
2011	09	11	0.08608009133700001	0.025486905377475205	2.709496048593113
2011	09	12	0.01240663577	0.033982540503300275	3.9393824194176448
2011	09	13	0.0040102803397000005	0.033982540503300275	4.254786020614902
2011	09	14	0.000824304164756	0.033982540503300275	4.260707366957098
2011	09	15	1.26484117371	0.033982540503300275	3.8123219424459265
2011	09	16	4.87232020488	0.033982540503300275	3.0886954984613224
2011	09	17	0.0133701613684	0.033982540503300275	3.251217777823181
2011	09	18	0.00117354345215	0.033982540503300275	2.260810240606411
2011	09	19	0.00082889376991	0.033982540503300275	3.589703152029013
2011	09	20	0.00083583280912	0.033982540503300275	3.246435888684043
2011	09	21	0.0012451022758700001	0.033982540503300275	3.6481864546169174
2011	09	22	0.009618895553299998	0.033982540503300275	3.45022541613748
2011	09	23	0.033099229604	0.025486905377475205	2.8575550648874612
2011	09	24	0.0090651060474	0.025486905377475205	2.717499451856668
2011	09	25	0.0695938061114	0.025486905377475205	3.1510495287363534
2011	09	26	0.0008243041067299999	0.033982540503300275	3.466315815563177
2011	09	27	0.108831525019	0.033982540503300275	3.36024251116978
2011	09	28	2.5992379201999998	0.033982540503300275	2.169880916657425
2011	09	29	0.0008427763646869999	0.033982540503300275	3.0353708502301227
2011	09	30	0.000818539745864	0.033982540503300275	2.9097458912779945
