1980	01	01	0.13819758421599998	0.016788100983819058	0.8827645094133153
1980	01	02	0.071986320604	0.016788100983819058	1.0830694077427543
1980	01	03	0.00125298491455	0.016788100983819058	1.3439079586017468
1980	01	04	0.00331114266692	0.016788100983819058	1.3496715279531282
1980	01	05	0.0160290210036	0.016788100983819058	1.3028929703192544
1980	01	06	0.00565884783825	0.033576201967638115	1.2174260967822574
1980	01	07	0.0022423422374999997	0.033576201967638115	1.255178772093751
1980	01	08	0.00083583280912	0.033576201967638115	1.4116265430028938
1980	01	09	0.0028538531069	0.033576201967638115	1.0427942507158385
1980	01	10	0.0056689032604999995	0.016788100983819058	1.0531536640671628
1980	01	11	0.264928021957	0.016788100983819058	1.2610767376387289
1980	01	12	0.17683682682799998	0.016788100983819058	0.8700786982178124
1980	01	13	0.0032467655278	0.016788100983819058	0.8448480328987746
1980	01	14	0.43603898817	0.016788100983819058	0.8502761600467741
1980	01	15	1.26514803454	0.016788100983819058	1.2085069910401804
1980	01	16	9.2557127535	0.08394050491909529	0.9870032390652493
1980	01	17	0.00367635647343	0.20145721180582868	1.0032730734090993
1980	01	18	0.0013551567085099997	0.10072860590291434	1.1509223451654516
1980	01	19	3.27359810414	0.06715240393527623	1.276978864611736
1980	01	20	0.35870657745	0.05036430295145717	1.1162428499604653
1980	01	21	0.20037973514999996	0.033576201967638115	1.283642210552966
1980	01	22	0.0029353625192299997	0.033576201967638115	1.2881746455791112
1980	01	23	0.038485624579599996	0.033576201967638115	1.4968722375768313
1980	01	24	0.4889514469199999	0.033576201967638115	1.3083719189414909
1980	01	25	0.00125363325839	0.033576201967638115	1.6944770909019455
1980	01	26	0.00248444073245	0.016788100983819058	1.8403877644591367
1980	01	27	0.00083583280912	0.016788100983819058	1.7348436697615535
1980	01	28	0.0164466689412	0.016788100983819058	1.494317313153417
1980	01	29	0.0100674645792	0.016788100983819058	1.5341577257317038
1980	01	30	0.010768067601900001	0.016788100983819058	1.6046184096550486
1980	01	31	3.1131471234	0.016788100983819058	1.4227344035881466
1980	02	01	0.00042079855598	0.016788100983819058	1.5607937657766509
1980	02	02	0.000824304164756	0.016788100983819058	1.5602969979372197
1980	02	03	0.00143035376243	0.016788100983819058	1.8347368373546837
1980	02	04	0.0019163872752300001	0.016788100983819058	1.618013159448374
1980	02	05	0.0047320038592999995	0.016788100983819058	1.6668751904693098
1980	02	06	0.0455015153582	0.016788100983819058	1.5457668894150298
1980	02	07	0.06162698524480001	0.016788100983819058	1.5491914750548397
1980	02	08	0.000426562994214	0.016788100983819058	1.8109465124489423
1980	02	09	1.07885585167	0.016788100983819058	1.77069055468206
1980	02	10	0.00207228901757	0.016788100983819058	1.6826091138853525
1980	02	11	0.002487323174	0.016788100983819058	1.9807248996709323
1980	02	12	0.14327814735599997	0.016788100983819058	1.9765874205854845
1980	02	13	0.889415439157	0.016788100983819058	1.7848163855653298
1980	02	14	0.00141282004601	0.016788100983819058	1.8545628783001205
1980	02	15	0.247851724495	0.016788100983819058	1.7902941258223608
1980	02	16	0.228177844788	0.016788100983819058	1.7382909242798266
1980	02	17	0.0012462421966400001	0.016788100983819058	2.1590210187042147
1980	02	18	3.07987163015	0.016788100983819058	1.755522627621047
1980	02	19	5.6695473491	0.016788100983819058	1.498900749254943
1980	02	20	0.80407808062	0.11751670688673342	1.4789964408906986
1980	02	21	4.040043229039999	0.06715240393527623	1.6677582291909716
1980	02	22	5.71362728355	0.08394050491909529	1.6081584825985127
1980	02	23	2.2770601604	0.15109290885437152	1.8634981231961596
1980	02	24	0.209801600519	0.08394050491909529	2.2966980702234117
1980	02	25	0.0020792231245700004	0.06715240393527623	1.8657736128568665
1980	02	26	0.00042079855598	0.05036430295145717	1.8509848464849825
1980	02	27	0.1224542561576	0.033576201967638115	1.9989662664728884
1980	02	28	6.069169509799999	0.033576201967638115	1.972833937881061
1980	02	29	9.8879466417	0.06715240393527623	1.4599124851956748
1980	03	01	0.42120135313	0.3189739186925621	1.9803682765430772
1980	03	02	3.6842238319300002	0.3861263226278383	1.845252691166809
1980	03	03	0.7735122468340001	0.6715240393527623	2.000886712979446
1980	03	04	0.14996910607400002	0.23503341377346684	2.2418682130078764
1980	03	05	0.00209771272263	0.16788100983819057	2.0174858202807973
1980	03	06	0.102392341115	0.13430480787055246	2.124999872718896
1980	03	07	0.35371994873299994	0.10072860590291434	1.7947321266760177
1980	03	08	0.00087905434561	0.06715240393527623	1.9381565674834778
1980	03	09	0.0024926560535299997	0.05036430295145717	2.852037648418208
1980	03	10	0.0012422199310300002	0.033576201967638115	2.929454126629284
1980	03	11	0.0	0.033576201967638115	3.0385889366255436
1980	03	12	0.0	0.033576201967638115	3.1901337830856304
1980	03	13	0.0008415972570249999	0.016788100983819058	2.200064513696779
1980	03	14	0.00362599116266	0.016788100983819058	2.087824163133297
1980	03	15	0.36977898271799997	0.016788100983819058	2.3873018880006547
1980	03	16	0.00313295507218	0.016788100983819058	2.534333815853542
1980	03	17	3.9681012403	0.016788100983819058	2.2090159138727534
1980	03	18	9.069270379999999	0.7554645442718576	2.0707558949451275
1980	03	19	1.6337958197299998	2.652519955443411	1.9228594774270917
1980	03	20	3.48039977013	0.5204311304983907	1.8636458023747222
1980	03	21	11.1299893033	6.379478373851241	1.7929021631823392
1980	03	22	4.9214307034	1.5445052905113532	1.98704710409223
1980	03	23	0.741957833757	0.7890407462394957	2.4427696066108537
1980	03	24	0.119919548952	0.3525501206602002	2.5297495267743666
1980	03	25	0.559818262235	0.23503341377346684	2.4272755339958856
1980	03	26	0.017404573754399997	0.16788100983819057	2.438053214703676
1980	03	27	1.03516556181	0.11751670688673342	2.4674478706019336
1980	03	28	0.71557943659	0.10072860590291434	2.5168651560680595
1980	03	29	0.291765404784	0.10072860590291434	2.2517930852129626
1980	03	30	0.028094951312	0.08394050491909529	3.482746247780717
1980	03	31	0.00041215205336499997	0.08394050491909529	4.443019096846534
1980	04	01	4.93626369636e-05	0.06715240393527623	4.113449345819147
1980	04	02	0.00081853980389	0.06715240393527623	4.500108333141083
1980	04	03	1.30300980612	0.05036430295145717	4.412879691493013
1980	04	04	0.332476040202	0.033576201967638115	3.8677258731133657
1980	04	05	0.00748600447146	0.016788100983819058	4.02385016285127
1980	04	06	0.0020980122335	0.016788100983819058	3.3211827758470136
1980	04	07	0.0008358328381330001	0.016788100983819058	3.602116609545607
1980	04	08	0.00042656295552999997	0.016788100983819058	3.915901627961851
1980	04	09	0.00083006840957	0.016788100983819058	4.224804231937612
1980	04	10	0.0016716639741699998	0.016788100983819058	3.6863579896772682
1980	04	11	0.365824994368	0.016788100983819058	2.5136176516479
1980	04	12	2.6365283291	0.016788100983819058	2.637147563170256
1980	04	13	4.93728959604	0.016788100983819058	2.290528263206097
1980	04	14	15.273419971	6.547359383689432	2.319623711486419
1980	04	15	0.03726806115319999	1.2255313718187912	2.567058363353225
1980	04	16	0.00123933748948	0.48685492853075263	3.1016730259859444
1980	04	17	0.09357148004100001	0.18466911082200962	3.613280684705088
1980	04	18	0.14400849160499998	0.13430480787055246	3.9442354395240242
1980	04	19	0.0016601366257200001	0.15109290885437152	4.366625138217397
1980	04	20	0.00042079851729600004	0.06715240393527623	4.31315675453426
1980	04	21	0.0570408190984	0.05036430295145717	3.6080899268238054
1980	04	22	0.52172694947	0.033576201967638115	3.598743928369906
1980	04	23	0.0016455246151099998	0.033576201967638115	4.313354290953019
1980	04	24	0.00207705063113	0.016788100983819058	4.438336789288755
1980	04	25	0.52261977619	0.016788100983819058	3.856436060092882
1980	04	26	11.815321817000001	0.016788100983819058	3.4847425190294143
1980	04	27	0.0168103536659	0.016788100983819058	3.4991750531968164
1980	04	28	0.058850094923	0.016788100983819058	2.971435709374812
1980	04	29	0.95335731558	0.016788100983819058	2.815842368180512
1980	04	30	0.1024110545	0.016788100983819058	3.5404503970804377
1980	05	01	0.12435646835800002	0.016788100983819058	2.8327754375202945
1980	05	02	13.990582130100002	0.016788100983819058	3.1808238908603372
1980	05	03	2.80870278617	0.016788100983819058	2.921035895521118
1980	05	04	2.5171322907199998	0.016788100983819058	3.1367916694297384
1980	05	05	6.852022936849999	0.016788100983819058	2.777266725849752
1980	05	06	2.18914042243	0.016788100983819058	2.9633135019180568
1980	05	07	1.1738592102999998	0.016788100983819058	3.208266202119227
1980	05	08	0.5888554880899999	0.016788100983819058	3.5709870152982837
1980	05	09	0.0	0.016788100983819058	4.371911988340194
1980	05	10	0.009565849151200002	0.016788100983819058	4.80621739899627
1980	05	11	4.935777148350001	0.016788100983819058	4.4711556664147825
1980	05	12	1.64031774871	0.016788100983819058	2.7511887850284653
1980	05	13	0.0321976148463	0.016788100983819058	3.2437876677236197
1980	05	14	0.0008300686029899999	0.016788100983819058	4.322765936415677
1980	05	15	0.0016606369065499998	0.016788100983819058	4.914525445566997
1980	05	16	0.00309474727222	0.016788100983819058	4.602600171549346
1980	05	17	0.00672988807127	0.016788100983819058	4.7406186291518555
1980	05	18	0.00238205085744	0.016788100983819058	4.60842862822307
1980	05	19	0.0014510629516999998	0.06715240393527623	4.976058552564426
1980	05	20	0.0	0.0	5.224112226041793
1980	05	21	0.0	0.0	5.379638420579645
1980	05	22	0.0	0.0	4.863759088208223
1980	05	23	0.000824304048704	0.0	5.273716413311897
1980	05	24	0.009022817665700001	0.0	5.062041500296737
1980	05	25	0.000413496999335	0.0	4.054870516545251
1980	05	26	0.335921952896	0.0	3.8637551679178337
1980	05	27	5.64146305523	0.0	2.295248898596735
1980	05	28	0.0015507867254299999	0.0	4.175379651244932
1980	05	29	0.0657879968234	0.0	3.8816025797123976
1980	05	30	0.0105559197104	0.0	4.335212446912009
1980	05	31	0.50705942732	0.0	4.322742715695385
1980	06	01	0.0012451022758700001	0.0	6.243743485461224
1980	06	02	0.00249596924142	0.0	6.695480679447849
1980	06	03	0.0008243041067299999	0.0	6.022575776252857
1980	06	04	0.000286110171482	0.0	7.058704811593142
1980	06	05	0.00249737598508	0.0	6.404205035538155
1980	06	06	0.0008300686029899999	0.0	5.533896223136323
1980	06	07	0.00426644511073	0.0	5.292571722290626
1980	06	08	0.0	0.0	4.746132447609165
1980	06	09	0.419049816747	0.0	3.8059442288434138
1980	06	10	0.0244057578433	0.0	4.462420290725101
1980	06	11	0.74333356252	0.0	3.7104231660822706
1980	06	12	0.6601921399270001	0.0	3.7556137417592406
1980	06	13	5.20954294596	0.0	3.8533739341328124
1980	06	14	0.537801273306	0.0	4.080153978343878
1980	06	15	0.00187080292002	0.0	4.940596465969059
1980	06	16	0.000827186287163	0.0	5.454718107795721
1980	06	17	0.00166590112198	0.0	5.652962881216544
1980	06	18	0.00042079857532199995	0.0	6.215009413717382
1980	06	19	0.00083006850628	0.0	6.575625811123914
1980	06	20	0.0008243041067299999	0.0	6.338999087409267
1980	06	21	0.0	0.0	6.478459338761691
1980	06	22	0.0022421207716	0.0	4.752235112238788
1980	06	23	0.0008271862581499999	0.0	4.670098020166785
1980	06	24	0.0	0.0	5.652673850625041
1980	06	25	0.00013842028800399998	0.0	5.3779568931491015
1980	06	26	0.0	0.0	5.767969159291497
1980	06	27	0.00123933758619	0.0	5.87142532595059
1980	06	28	0.00042079855598	0.0	6.238264844460556
1980	06	29	0.0	0.0	6.409196949898421
1980	06	30	0.00043485411659200003	0.0	6.293254029094093
1980	07	01	0.000824304048704	0.0	6.3037234327692
1980	07	02	0.0020658189251499997	0.0	6.8911001547838655
1980	07	03	0.0008300686029899999	0.0	6.87014050392794
1980	07	04	0.0008300686029899999	0.0	6.414660226788957
1980	07	05	0.0033107783603499997	0.0	4.66340323879168
1980	07	06	0.0077910697836	0.0	5.555247194694932
1980	07	07	0.0012423385942000001	0.0	5.972744282131244
1980	07	08	0.012296444396	0.0	4.795049889001913
1980	07	09	0.00184136284866	0.0	4.698548108736975
1980	07	10	0.0008243041067299999	0.0	5.9260765280274965
1980	07	11	0.00042079855598	0.0	6.481432386925569
1980	07	12	0.00083219960784	0.0	6.631130690025699
1980	07	13	0.000818539861916	0.0	7.2906291269225765
1980	07	14	0.0012422199310300002	0.0	6.590848444760339
1980	07	15	0.00124798462071	0.0	6.384342760294348
1980	07	16	0.06333593991799999	0.0	4.85058153408732
1980	07	17	0.0029004409250699996	0.0	6.6959745597719476
1980	07	18	0.00040926985359	0.0	7.27518708889039
1980	07	19	0.0008243041067299999	0.0	7.286732853659607
1980	07	20	0.000438246761418	0.0	6.663042208090551
1980	07	21	0.0016541210703000001	0.0	7.330620006976562
1980	07	22	0.00249087649282	0.0	7.107002682391816
1980	07	23	0.00082777647928	0.0	6.798013664749959
1980	07	24	0.00124677700294	0.0	6.717693546245088
1980	07	25	0.1173076101075	0.0	4.947971449245996
1980	07	26	0.00083824088812	0.0	5.170112115009655
1980	07	27	0.0	0.0	5.789041711041231
1980	07	28	1.0542876432700001	0.0	4.407679196815891
1980	07	29	0.19959079431199997	0.0	4.070524575634541
1980	07	30	0.00164860782662	0.0	5.55543617577008
1980	07	31	0.0008111516144269999	0.0	5.383571421370739
1980	08	01	0.0008300686029899999	0.0	6.202928053998077
1980	08	02	0.0008243041067299999	0.0	5.516517364341006
1980	08	03	0.015203103097099999	0.0	5.559981878461012
1980	08	04	0.0025012062813399996	0.0	6.369502945315175
1980	08	05	0.00042079855598	0.0	7.011075607881815
1980	08	06	0.00125086706226	0.0	6.905385875119818
1980	08	07	0.0020790793168	0.0	5.8086238734881706
1980	08	08	0.00042656295552999997	0.0	5.481619065888818
1980	08	09	0.0012018055957099998	0.0	5.576026907586032
1980	08	10	0.0012449668818700001	0.0	6.544675727204877
1980	08	11	0.0	0.0	6.039596218503117
1980	08	12	0.0128958645812	0.0	6.22780299457324
1980	08	13	0.0012422199310300002	0.0	5.78844118036128
1980	08	14	0.055116760109	0.0	4.259856801675426
1980	08	15	0.00114773261696	0.0	4.375020716033571
1980	08	16	0.0	0.0	5.946565118053262
1980	08	17	0.00084093861357	0.0	6.433918885604569
1980	08	18	0.004449041230819999	0.0	5.632646979942291
1980	08	19	0.111307155954	0.0	4.622238707832644
1980	08	20	0.06947483927199999	0.0	3.9658897198065066
1980	08	21	0.0021072137064499998	0.0	6.479629491640999
1980	08	22	2.20544582514	0.0	6.154160948028994
1980	08	23	0.0029816969572	0.0	5.3657801776911995
1980	08	24	0.0021854562549799995	0.0	4.597070072575019
1980	08	25	0.39155615986000003	0.0	4.198085196621137
1980	08	26	4.585100885750001	0.0	3.1234587215727965
1980	08	27	0.49659424480000003	0.0	4.032981559626798
1980	08	28	0.0	0.0	5.572511835247121
1980	08	29	0.00042679709043999997	0.0	6.18948512887697
1980	08	30	0.0008338577975	0.0	5.952354001325741
1980	08	31	0.00083006850628	0.0	5.277843719924619
1980	09	01	0.0	0.0	5.520006897271172
1980	09	02	0.00166590112198	0.0	5.244587941333061
1980	09	03	0.0023772975609399997	0.0	4.9569275160323265
1980	09	04	0.000852413110005	0.0	4.755590026905047
1980	09	05	0.0	0.0	4.945884956838009
1980	09	06	0.000426562994214	0.0	5.32795356431249
1980	09	07	0.00356823082503	0.0	4.5867927414234
1980	09	08	0.015272905473799997	0.0	3.9648496571753067
1980	09	09	0.0340571460224	0.0	4.859068007305658
1980	09	10	0.039531140916000004	0.0	4.832384531311998
1980	09	11	0.00250665676023	0.0	4.796348188771399
1980	09	12	0.014954547759	0.0	4.415426998298061
1980	09	13	0.001239619109	0.0	4.732144200526944
1980	09	14	0.0	0.0	5.07270872685334
1980	09	15	0.00123933758619	0.0	4.627365382474148
1980	09	16	0.0504883200874	0.0	4.599884514692495
1980	09	17	0.00041215205336499997	0.0	4.737192646917267
1980	09	18	0.0008300686029899999	0.0	4.109357280432138
1980	09	19	0.35307341337	0.0	3.049497990277979
1980	09	20	0.030061861535299998	0.0	2.902278995422468
1980	09	21	0.219084551644	0.0	2.8714416160474863
1980	09	22	0.00202749304228	0.0	3.5062285322358675
1980	09	23	0.0012438875982699999	0.0	4.135294251603017
1980	09	24	0.00164860772991	0.0	4.401668664856591
1980	09	25	0.0190582673665	0.0	4.357378390532339
1980	09	26	0.00142967476152	0.0	4.083524763922658
1980	09	27	0.00257624095917	0.0	3.624886571994472
1980	09	28	5.634173538979999	0.0	2.3785552705744673
1980	09	29	0.24432278626599999	0.0	3.7399064827234296
1980	09	30	0.0	0.0	3.9125028089037848
1980	10	01	0.00124510217916	0.0	4.066072682546313
1980	10	02	0.00166584841503	0.0	4.166962117136305
1980	10	03	0.161815636208	0.0	3.171533579748578
1980	10	04	0.304577826043	0.0	2.7428937199184658
1980	10	05	0.00274318572628	0.0	3.050726286186131
1980	10	06	0.136111385109	0.0	2.9516192269639103
1980	10	07	0.0125245175232	0.0	2.7240574371329798
1980	10	08	0.50564088504	0.0	2.3939156320140946
1980	10	09	0.0016543725162999998	0.0	2.3997018249252164
1980	10	10	0.00246748959707	0.0	2.6693573312855294
1980	10	11	0.153195071215	0.0	2.1845889244208454
1980	10	12	0.00041215205336499997	0.0	2.4641837753416276
1980	10	13	0.237834028816	0.0	2.552331070198274
1980	10	14	0.000181540037219	0.0	2.2573949972340412
1980	10	15	14.982932144	0.0	1.9427880616722497
1980	10	16	1.00983411809	0.0	1.7186361693708159
1980	10	17	0.633456457336	0.0	1.595036864421163
1980	10	18	0.00124510246929	0.0	2.0531865900890294
1980	10	19	0.0008243041067299999	0.0	2.584207498437709
1980	10	20	0.0	0.0	2.261905832953927
1980	10	21	0.0062149573203399994	0.0	2.363611820578022
1980	10	22	0.008496579871700001	0.0	2.3478128824478155
1980	10	23	0.26407107464699997	0.0	2.0163296661879637
1980	10	24	0.7482786929759999	0.0	2.1933459478457995
1980	10	25	0.0010163177499099999	0.0	2.2751505523184123
1980	10	26	0.00042079855598	0.0	2.636925403844591
1980	10	27	0.0	0.0	2.4560047040554758
1980	10	28	0.0008315095819899999	0.0	2.3812452299664417
1980	10	29	0.00042656295552999997	0.0	2.7994545048542547
1980	10	30	0.025784259282	0.0	2.0704088720329556
1980	10	31	0.00042079851729600004	0.0	2.3584702028123568
1980	11	01	0.0487267087534	0.0	2.244778100985009
1980	11	02	8.2096413017	0.0	1.4179347974009802
1980	11	03	3.3272688660000003	0.0	1.3671760325095297
1980	11	04	2.56106657991	0.0	1.2223125388530458
1980	11	05	0.7375832826300001	0.0	1.4563433135240524
1980	11	06	3.9973028247999993	0.0	1.8740644770185435
1980	11	07	4.4065364121399995	0.0	1.3659694245808731
1980	11	08	27.510842254	0.0	0.9827856870485604
1980	11	09	0.964502988344	0.0	1.5438942243617189
1980	11	10	2.2039750594600003	0.0	1.741247384196434
1980	11	11	3.36337312675	0.0	1.1376976976667352
1980	11	12	2.36808013084	0.0	1.2702328357968444
1980	11	13	0.0050527503111	0.0	1.4172357993960922
1980	11	14	0.00166010480813	0.016788100983819058	1.6523896554696988
1980	11	15	0.000850789233053	0.016788100983819058	1.6303695897395327
1980	11	16	0.0008231797079149999	0.05036430295145717	1.636349303064869
1980	11	17	0.0	0.05036430295145717	1.7180162588663963
1980	11	18	0.0227393304255	0.016788100983819058	1.511110531915808
1980	11	19	0.0	0.016788100983819058	1.771479199097122
1980	11	20	0.30666629783500005	0.016788100983819058	1.4166001714780485
1980	11	21	0.06784387347700001	0.016788100983819058	1.4144288733041734
1980	11	22	0.06559552458139999	0.016788100983819058	1.5051058053653485
1980	11	23	0.0025573977893499997	0.016788100983819058	1.5019446266075183
1980	11	24	0.11227645707360001	0.016788100983819058	1.23114190030127
1980	11	25	0.015558339236199998	0.016788100983819058	1.3428561968061934
1980	11	26	0.268332591126	0.016788100983819058	1.209012858370847
1980	11	27	0.0	0.016788100983819058	1.0976665285042448
1980	11	28	0.00081853980389	0.016788100983819058	1.326945029008722
1980	11	29	0.0008243041067299999	0.016788100983819058	1.3320158683719447
1980	11	30	0.0028937111663	0.016788100983819058	1.2473965390553343
1980	12	01	0.00042079855598	0.016788100983819058	1.0074829380056602
1980	12	02	0.00042079851729600004	0.016788100983819058	0.8983032132753699
1980	12	03	0.00166013633559	0.016788100983819058	1.0262759355386042
1980	12	04	0.00166215583381	0.016788100983819058	1.2704062540971492
1980	12	05	0.000827186287163	0.016788100983819058	1.1737638509490766
1980	12	06	0.000824304048704	0.016788100983819058	1.0330568783847147
1980	12	07	0.0005512468065799999	0.016788100983819058	1.0359131121411278
1980	12	08	0.0020694066727300004	0.016788100983819058	1.2049438335187186
1980	12	09	0.00125086715897	0.016788100983819058	1.2050435301733262
1980	12	10	0.00166590112198	0.016788100983819058	1.2348236609742311
1980	12	11	0.000818539745864	0.016788100983819058	1.1941236055425324
1980	12	12	0.0	0.016788100983819058	1.2361488086379775
1980	12	13	0.0	0.016788100983819058	1.3148964791670905
1980	12	14	0.0	0.016788100983819058	1.330120434214816
1980	12	15	0.746444307367	0.016788100983819058	1.036327965025178
1980	12	16	0.00081853980389	0.016788100983819058	1.0451633339916246
1980	12	17	0.0	0.016788100983819058	1.2201121380410593
1980	12	18	0.10653748645099999	0.016788100983819058	1.1348520288559578
1980	12	19	0.286883803127	0.016788100983819058	1.181029918614959
1980	12	20	1.3265053072000001	0.016788100983819058	0.6534257185624947
1980	12	21	0.16771555548099998	0.016788100983819058	1.143995101724444
1980	12	22	0.0	0.016788100983819058	1.5052271806275033
1980	12	23	0.000824304048704	0.016788100983819058	1.437920020852942
1980	12	24	0.0	0.016788100983819058	1.4461593911311852
1980	12	25	0.0027311626423699997	0.016788100983819058	1.228847726677411
1980	12	26	0.00208827015165	0.016788100983819058	1.1833917166137349
1980	12	27	0.03709429649360001	0.016788100983819058	1.2502536164176918
1980	12	28	0.000412152082378	0.016788100983819058	0.8558534454108326
1980	12	29	0.0008266491308099999	0.016788100983819058	1.105447326594792
1980	12	30	0.000827186287163	0.016788100983819058	1.1799816754708337
1980	12	31	0.00166590112198	0.016788100983819058	1.3401480168710878
1981	01	01	0.0016543725162999998	0.016788100983819058	1.2911458125850768
1981	01	02	0.0008415972570249999	0.0	1.3580776318872403
1981	01	03	0.0008358328381330001	0.0	1.328468011131862
1981	01	04	0.0008286398094499999	0.0	1.3419511888380529
1981	01	05	0.00042079855598	0.0	1.2857821974194092
1981	01	06	0.00042079855598	0.0	1.4412430822990798
1981	01	07	0.0	0.0	1.502301441240658
1981	01	08	0.0012393383598699999	0.0	1.525620923864027
1981	01	09	0.0008300686029899999	0.0	1.4666886071555831
1981	01	10	0.00331179014037	0.0	1.2997558093838115
1981	01	11	0.0	0.0	0.9763402097842471
1981	01	12	0.0022587084708	0.0	1.0959541037477696
1981	01	13	0.000854749817025	0.0	1.1895022645412197
1981	01	14	0.00042079855598	0.0	1.166571003699603
1981	01	15	0.060603111639299996	0.0	1.3051501171025999
1981	01	16	0.0112746655291	0.0	1.0474549972473823
1981	01	17	0.00041215205336499997	0.0	1.323661876005812
1981	01	18	0.00124417531052	0.016788100983819058	1.4623549679718795
1981	01	19	0.00082038203268	0.016788100983819058	1.6364713593897031
1981	01	20	0.00124604519837	0.016788100983819058	1.726165564649351
1981	01	21	0.00042079851729600004	0.016788100983819058	1.931059463209618
1981	01	22	0.0	0.016788100983819058	1.9130546250563867
1981	01	23	0.0010161094365699998	0.016788100983819058	1.621369783790041
1981	01	24	0.00123933758619	0.016788100983819058	1.5813959734042995
1981	01	25	0.00292694913607	0.016788100983819058	1.6604170322314546
1981	01	26	0.00307801257382	0.016788100983819058	1.8318167307150706
1981	01	27	0.360162140318	0.016788100983819058	1.939138477288032
1981	01	28	0.1018533037525	0.016788100983819058	1.717519789208949
1981	01	29	0.85062286284	0.016788100983819058	1.6428659244221173
1981	01	30	0.08198543829199999	0.016788100983819058	1.5869661712403584
1981	01	31	0.385074704015	0.016788100983819058	1.243162385766372
1981	02	01	0.00207323000587	0.016788100983819058	1.8088385659464925
1981	02	02	0.00042079855598	0.016788100983819058	1.9808413067958208
1981	02	03	0.0024930870900000002	0.016788100983819058	1.933340164455984
1981	02	04	0.213034054901	0.016788100983819058	1.4091459153476102
1981	02	05	0.00042079855598	0.016788100983819058	1.6069596653794722
1981	02	06	0.0008415973053800001	0.016788100983819058	2.185296002158312
1981	02	07	0.00125663078484	0.016788100983819058	2.2869725971167334
1981	02	08	0.0150817349484	0.016788100983819058	2.2330261917284684
1981	02	09	4.0973976748	0.016788100983819058	1.5579610627959195
1981	02	10	0.0018639292567699999	0.016788100983819058	1.415365980918838
1981	02	11	0.00209011644226	0.016788100983819058	1.7340645342213343
1981	02	12	0.00123357367019	0.016788100983819058	1.5960757757695394
1981	02	13	0.0056462112261	0.016788100983819058	1.7950081372146565
1981	02	14	0.43295391982799997	0.016788100983819058	1.5941291140144926
1981	02	15	2.56631155005	0.016788100983819058	1.6105827367091083
1981	02	16	0.361709742093	0.0	1.788588464969185
1981	02	17	0.00124903131304	0.0	2.0313883258665957
1981	02	18	0.235033974515	0.0	1.6961233961648412
1981	02	19	0.174073880154	0.0	1.5606323783209899
1981	02	20	0.008198642473399999	0.0	1.569340034087949
1981	02	21	0.0024898289301	0.0	2.0534716482085664
1981	02	22	0.0522686844575	0.0	2.044207634127436
1981	02	23	0.0020576837766599996	0.0	2.0942900677881817
1981	02	24	0.00166011177125	0.0	2.348041215379055
1981	02	25	0.0	0.0	2.5753746164072586
1981	02	26	4.6552915531	0.0	1.57558909074007
1981	02	27	5.01301575037	0.0	1.566209368555668
1981	02	28	3.0754771277499997	0.0	1.61098794506115
1981	03	01	0.017785232051199997	0.0	2.146443422148335
1981	03	02	0.0020944204241	0.0	2.106686194587145
1981	03	03	0.0008281694120099999	0.016788100983819058	2.0927937089436117
1981	03	04	0.020903885842	0.016788100983819058	2.2966026325350715
1981	03	05	0.7950261213300001	0.016788100983819058	2.3460894676638824
1981	03	06	0.535887972337	0.016788100983819058	2.1371294666869525
1981	03	07	0.0008243041067299999	0.016788100983819058	2.895830807924557
1981	03	08	0.0087829555895	0.016788100983819058	2.9397294845634026
1981	03	09	0.014385383297299999	0.016788100983819058	3.405805990288841
1981	03	10	0.00042656295552999997	0.0	3.181071827894373
1981	03	11	0.00166383152798	0.0	3.5659256219518936
1981	03	12	0.0813606297976	0.0	2.4253758847061646
1981	03	13	0.0017687846048299997	0.0	2.3749341718237225
1981	03	14	0.362229123148	0.0	2.188364601133724
1981	03	15	0.00164717864624	0.0	2.632015801752344
1981	03	16	0.00042079855598	0.0	2.9847821056944808
1981	03	17	0.00125663078484	0.0	3.0970334518530613
1981	03	18	0.0008243041067299999	0.0	3.036661348703084
1981	03	19	1.20167058855	0.0	2.4492261837225846
1981	03	20	1.85518357805	0.0	2.4923853185344487
1981	03	21	0.074946139825	0.0	2.947038331633455
1981	03	22	0.692171429047	0.0	2.347910568581597
1981	03	23	0.20692898470499999	0.0	2.6798844145263523
1981	03	24	0.006143443176639999	0.0	3.756122629397993
1981	03	25	0.0311807004924	0.0	2.9188307696564495
1981	03	26	0.235364838767	0.0	2.936528644401797
1981	03	27	3.11892351499	0.0	2.6929285128631752
1981	03	28	10.662450610899999	0.0	2.6525151596971814
1981	03	29	7.2585264976	0.0	1.8501853158302672
1981	03	30	2.3040615924	0.0	2.2549121681185973
1981	03	31	0.00336923500998	0.0	2.565423245868482
1981	04	01	10.0139810479	0.0	2.6569458653121822
1981	04	02	5.42810657886	0.0	2.1030369906478867
1981	04	03	0.809278119294	0.0	2.4807870523230977
1981	04	04	0.0064501005288	0.0	3.4430474060059546
1981	04	05	0.069098569675	0.0	3.1992504402303434
1981	04	06	1.30453173139	0.0	2.951626075325051
1981	04	07	0.000525093376215	0.0	3.6760175382242197
1981	04	08	0.0	0.0	3.9116680424651706
1981	04	09	14.6659467441	0.0	2.4282540565135364
1981	04	10	10.520247259800001	0.0	2.392239514698819
1981	04	11	0.219777130638	0.0	2.841544106728773
1981	04	12	4.4299388782	0.0	2.9770162952232004
1981	04	13	3.6536244978	0.0	3.076965669747017
1981	04	14	0.013245672388	0.0	3.2820472174579196
1981	04	15	0.00124314796019	0.0	3.4663970390566288
1981	04	16	6.0991989319	0.0	2.121052116593565
1981	04	17	0.42965170852299994	0.0	3.3335247533191468
1981	04	18	0.013709922940399999	0.0	3.878580517952706
1981	04	19	0.190522423335	0.0	3.5125413082245887
1981	04	20	0.0008859060943739999	0.0	3.0129063908753433
1981	04	21	0.435860413155	0.0	2.5701204448319515
1981	04	22	1.2745443781399999	0.0	2.044578436126634
1981	04	23	0.401981633254	0.0	2.939760783576822
1981	04	24	0.0205814237548	0.0	3.593834785049989
1981	04	25	0.25920257719499995	0.0	3.237235987723763
1981	04	26	0.00042079855598	0.0	3.2024657580773312
1981	04	27	9.914810261949999	0.0	2.619774147363508
1981	04	28	6.99991564054	0.0	2.7141385817769637
1981	04	29	7.477581417299999	0.0	3.623524907244027
1981	04	30	1.3326053871599999	0.0	2.7967809030094393
1981	05	01	0.07535273767799999	0.0	3.9879889273040585
1981	05	02	0.006826318869499999	0.0	3.498470535613662
1981	05	03	1.23406592409e-05	0.0	3.944429653640617
1981	05	04	0.0	0.0	4.376588767769077
1981	05	05	0.00083006850628	0.0	5.265724653793264
1981	05	06	0.040555870405	0.0	4.20132407666047
1981	05	07	1.78229460499	0.0	2.971158708673454
1981	05	08	3.6895653186499997	0.0	3.0286151430093717
1981	05	09	6.380991949639999	0.0	2.8367534869698856
1981	05	10	3.42539808525	0.0	2.951785056938358
1981	05	11	0.65764946962	0.0	3.1328132132539452
1981	05	12	0.0	0.0	3.947983675127911
1981	05	13	0.0047360415018	0.0	3.717291363057856
1981	05	14	0.0	0.0	4.06685994587379
1981	05	15	0.808229386383	0.0	3.5144563690666244
1981	05	16	0.0543429669583	0.0	3.399424661771151
1981	05	17	0.24924286883199998	0.0	4.317709071467542
1981	05	18	0.037602708700399994	0.0	4.7615678166804996
1981	05	19	0.0250015426996	0.0	4.60221171882646
1981	05	20	0.45005315690200004	0.0	3.588244803657727
1981	05	21	0.188911321774	0.0	3.7686003007279365
1981	05	22	0.00042079855598	0.0	4.907046908690097
1981	05	23	0.00123357367019	0.0	5.550572659949766
1981	05	24	0.002764348969	0.0	4.488359308860023
1981	05	25	0.534767161463	0.0	3.407552778500395
1981	05	26	0.0008304516326159999	0.0	4.076634918886417
1981	05	27	0.00125650341777	0.0	4.801399301762542
1981	05	28	0.00165766046288	0.0	5.9385477309436805
1981	05	29	0.00165725302365	0.0	5.726418047959328
1981	05	30	0.29701023953	0.0	4.631678791916814
1981	05	31	0.5026260475	0.0	4.6117456413237585
1981	06	01	2.2320213463	0.0	4.015066336248058
1981	06	02	0.045720609929000004	0.0	4.181552286946511
1981	06	03	0.354783594326	0.0	4.185129823258278
1981	06	04	0.00041215205336499997	0.0	5.4786696853458565
1981	06	05	0.000933384050726	0.0	5.785382698199527
1981	06	06	0.0	0.0	5.986202259125903
1981	06	07	0.000824304048704	0.0	5.844793517536185
1981	06	08	0.004963084280659999	0.0	5.746085852837505
1981	06	09	0.029622245921199997	0.0	5.188609463960717
1981	06	10	0.0	0.0	7.0050677720930095
1981	06	11	0.000827186287163	0.0	7.670602954003696
1981	06	12	0.00042079855598	0.0	7.940073294301371
1981	06	13	0.283112499967	0.0	8.164949547240742
1981	06	14	0.124549095336	0.0	8.421598928839328
1981	06	15	0.0	0.0	7.303265502778402
1981	06	16	1.10549897312	0.0	7.216115676177582
1981	06	17	0.0008243041067299999	0.0	7.188725567852325
1981	06	18	2.04770514215e-05	0.0	7.2444294795626565
1981	06	19	0.00290393476724	0.0	6.255743456977345
1981	06	20	0.00132882392945	0.0	6.510505479394613
1981	06	21	0.093158296237	0.0	5.492688931277025
1981	06	22	0.019401342223100002	0.0	5.752570443681406
1981	06	23	0.40432748904	0.0	4.985275931522138
1981	06	24	1.01317109664	0.0	5.187707934905425
1981	06	25	0.00041215205336499997	0.0	5.450664783724631
1981	06	26	0.0389722770364	0.0	4.187622543314689
1981	06	27	0.17885867510099998	0.0	4.360458075959878
1981	06	28	0.0008300686029899999	0.0	5.375844001141794
1981	06	29	0.0	0.0	5.885596116187029
1981	06	30	0.411398073192	0.0	5.342648442211569
1981	07	01	5.19168931286	0.0	4.656255916296468
1981	07	02	0.49926024936999996	0.0	4.625796528096149
1981	07	03	0.0016708425194300002	0.0	5.362564139665058
1981	07	04	0.00040926981490599997	0.0	6.073598339883874
1981	07	05	0.0	0.0	6.079459636278179
1981	07	06	0.00042656295552999997	0.0	6.627134857366953
1981	07	07	0.0	0.0	6.095241420029181
1981	07	08	0.0009513691513999999	0.0	5.597929427699103
1981	07	09	0.0371878914645	0.0	4.681289107785746
1981	07	10	0.0016601364323	0.0	6.298990531651189
1981	07	11	0.00166301877714	0.0	6.921750849361676
1981	07	12	0.00123933758619	0.0	7.244024851881373
1981	07	13	0.000415034204785	0.0	7.921826986075829
1981	07	14	0.0	0.0	7.701864177313242
1981	07	15	0.00205398423232	0.0	7.295986634144179
1981	07	16	0.0008243041067299999	0.0	6.83017805307887
1981	07	17	0.00123933758619	0.0	6.4124231175547
1981	07	18	0.00041215205336499997	0.0	6.945702392133747
1981	07	19	0.0	0.0	6.28790058667444
1981	07	20	0.0012518565022699999	0.0	7.201908602951808
1981	07	21	0.0020914274430200003	0.0	6.54049325439394
1981	07	22	0.000827186287163	0.0	6.08985575238921
1981	07	23	0.0016959546248699999	0.0	5.784312804205725
1981	07	24	0.0020696916771	0.0	5.994105828865309
1981	07	25	0.0016659503473699998	0.0	6.448553887940671
1981	07	26	0.000420798604335	0.0	6.8353601257278935
1981	07	27	0.00249513105585	0.0	6.824140578823116
1981	07	28	0.00042079855598	0.0	6.7414197387431765
1981	07	29	0.0143836570238	0.0	6.805688724882306
1981	07	30	0.495718081213	0.0	6.505603103903831
1981	07	31	0.0008826286505	0.0	4.497856057718222
1981	08	01	0.26536808146999996	0.0	3.6917209594096376
1981	08	02	0.0618227224164	0.0	5.319579711112881
1981	08	03	0.657315094795	0.0	5.956586797726096
1981	08	04	0.0195145141993	0.0	5.7055085910219985
1981	08	05	0.000426562994214	0.0	5.930376104914389
1981	08	06	0.0033498864337	0.0	5.775664010292454
1981	08	07	0.0016154769148200002	0.0	5.809914371700894
1981	08	08	0.00046543642976200003	0.0	5.255967345545637
1981	08	09	0.0016572540874600001	0.0	5.9867676921227275
1981	08	10	0.000827186287163	0.0	5.999625621822376
1981	08	11	0.00169758650941	0.0	5.6370421732902924
1981	08	12	0.00172321059759	0.0	5.772765479083648
1981	08	13	0.0	0.0	6.671467811848502
1981	08	14	0.0209841909247	0.0	6.393763775169714
1981	08	15	0.0	0.0	4.9117711095352465
1981	08	16	0.0012952770679399998	0.0	5.234488065544225
1981	08	17	0.00041215205336499997	0.0	5.031686933993162
1981	08	18	0.000420798604335	0.0	5.106571748501368
1981	08	19	0.00244479243704	0.0	4.696629240963005
1981	08	20	0.10385850339899999	0.0	3.76700447081593
1981	08	21	0.396320906824	0.0	4.759158540699875
1981	08	22	0.0012451022758700001	0.0	5.631285492399499
1981	08	23	0.0013237609675300001	0.0	5.530854796037223
1981	08	24	0.00041215205336499997	0.0	5.993325549004643
1981	08	25	0.00041215205336499997	0.0	6.093559461016377
1981	08	26	0.0008300686029899999	0.0	5.801500233991704
1981	08	27	0.00124798462071	0.0	5.8279687252247605
1981	08	28	0.00023622675697099999	0.0	5.124952778787417
1981	08	29	0.000311655276605	0.0	4.522698215460535
1981	08	30	0.0088788570939	0.0	3.9554666893346595
1981	08	31	0.0017698630180399998	0.0	4.044009819362952
1981	09	01	0.0016576015664899997	0.0	4.391353494312373
1981	09	02	0.00083006850628	0.0	5.072161223737747
1981	09	03	0.000824304048704	0.0	5.835358741826494
1981	09	04	0.0028937111663	0.0	5.541012743073127
1981	09	05	0.0008466049975350001	0.0	5.34912496765827
1981	09	06	0.00292208355926	0.0	5.183121258994724
1981	09	07	0.00123615708442	0.0	5.284682337946274
1981	09	08	0.0172891687443	0.0	4.9821502245694
1981	09	09	0.109131848253	0.0	5.125008484485797
1981	09	10	0.0020636411126600004	0.0	4.006299130991234
1981	09	11	0.313497234607	0.0	3.511983988945595
1981	09	12	0.00082901127256	0.0	4.034147353618584
1981	09	13	0.00082490544951	0.0	4.443855518494868
1981	09	14	0.00165421246125	0.0	5.003600322118789
1981	09	15	0.31352182795999994	0.0	4.949737995731387
1981	09	16	0.8988813752729999	0.0	4.314307375170779
1981	09	17	0.19076634529699998	0.0	3.836507617362746
1981	09	18	0.00228559733236	0.0	3.456447092399253
1981	09	19	0.0943489752505	0.0	3.479055651947091
1981	09	20	0.0186905952885	0.0	3.257818906086384
1981	09	21	4.541385548	0.0	2.517392235476325
1981	09	22	0.18417906937	0.0	2.9361619602285423
1981	09	23	0.00166701115936	0.0	3.3087750431381373
1981	09	24	0.00125086706226	0.0	3.329370476077719
1981	09	25	0.85325163406	0.0	2.780368845347589
1981	09	26	6.75632732804	0.0	2.349438854116269
1981	09	27	0.528680524193	0.0	2.3357807196650957
1981	09	28	0.024225052307	0.0	2.9672823811937183
1981	09	29	0.0327879230153	0.0	3.0022396142464896
1981	09	30	0.00249343630981	0.0	3.4983317532007976
1981	10	01	0.47319380964999996	0.0	2.420356122361416
1981	10	02	0.7692292123799999	0.0	2.13940696748719
1981	10	03	1.0701913126400002	0.0	2.541941387534627
1981	10	04	0.18667344270300001	0.0	2.5889336503553895
1981	10	05	12.330077232699999	0.0	2.2277701404820527
1981	10	06	0.429035317667	0.0	2.2717789645094895
1981	10	07	0.331024094288	0.0	3.015394427260277
1981	10	08	2.6724089963299997	0.0	2.7246729398441145
1981	10	09	0.0060837630487999995	0.0	2.6592327229694206
1981	10	10	0.006063724736799999	0.0	2.925186986665258
1981	10	11	0.0008239731167550001	0.0	3.1186865342611503
1981	10	12	0.0013000646964899999	0.0	3.0423883221257304
1981	10	13	1.23406592409e-05	0.0	3.2167517401235575
1981	10	14	0.00042079855598	0.0	3.450223442176007
1981	10	15	0.00124798462071	0.0	3.4925323790514415
1981	10	16	0.0238109710342	0.0	3.0792809749545316
1981	10	17	0.0545110731158	0.0	2.5297577714557447
1981	10	18	3.0815116383299994	0.0	2.402747607714672
1981	10	19	0.0008300686029899999	0.0	3.1573483149684134
1981	10	20	0.0173890440626	0.0	3.0456984466556607
1981	10	21	0.0012710189118	0.0	2.5115027337130282
1981	10	22	0.000830068477267	0.0	2.5693410454720924
1981	10	23	0.1077130206785	0.0	2.5943621580973466
1981	10	24	0.29965762742499996	0.0	2.165497251027811
1981	10	25	0.0012442235688100002	0.0	2.4175967665699347
1981	10	26	0.00042079855598	0.0	2.0443548111791428
1981	10	27	0.000832950715726	0.0	2.2223307786401527
1981	10	28	0.00166301877714	0.0	2.5868843835847755
1981	10	29	0.00042079851729600004	0.0	2.3045050938956115
1981	10	30	0.0008358328381330001	0.0	2.394936439183775
1981	10	31	0.00042079851729600004	0.0	2.7088694808911096
1981	11	01	0.00083688781851	0.0	2.669136393802117
1981	11	02	0.00042079855598	0.0	2.6774489865307975
1981	11	03	0.000824304048704	0.0	2.6664793397468394
1981	11	04	0.00123933758619	0.0	2.6041076374170524
1981	11	05	0.0016648210647	0.0	2.3901004975746694
1981	11	06	0.0033194363231	0.0	2.4503641070346522
1981	11	07	0.00124826440274	0.0	2.4092479565633567
1981	11	08	0.0016585751460599998	0.0	2.2286652192273175
1981	11	09	0.33350994747	0.0	1.9030125180127575
1981	11	10	0.8873489688899999	0.0	1.593300555927439
1981	11	11	0.00042079851729600004	0.0	2.2076579600242283
1981	11	12	0.00042079855598	0.0	2.2520776374285223
1981	11	13	0.00211507033014	0.0	1.7412094349447509
1981	11	14	0.00124770319461	0.0	2.0228622820828446
1981	11	15	0.0027972979692899996	0.0	2.0461164978158672
1981	11	16	0.36831643738799996	0.0	1.9248118873461186
1981	11	17	1.3667471118799999	0.0	1.6278547009596158
1981	11	18	0.00124082759716	0.0	1.9529214177429586
1981	11	19	0.0008326963104	0.0	1.8339034269581764
1981	11	20	0.00123933758619	0.0	1.7998566156742901
1981	11	21	0.000420798604335	0.0	1.7839220102007443
1981	11	22	0.00041215205336499997	0.0	1.6983171625362177
1981	11	23	0.0008243041067299999	0.0	1.7195691413650396
1981	11	24	0.213951281554	0.0	1.8311410900421503
1981	11	25	0.0	0.0	1.8947597846227942
1981	11	26	0.00041215205336499997	0.0	1.7975021118040184
1981	11	27	0.0	0.0	1.8180952244821866
1981	11	28	0.00083579847707	0.0	1.7630511751986582
1981	11	29	0.00127635952813	0.0	1.5143377492285446
1981	11	30	0.0033229088890699998	0.0	1.600962453344333
1981	12	01	0.00164749885305	0.0	1.6694274014432942
1981	12	02	0.0033143384488699998	0.0	1.5797302843983512
1981	12	03	0.0016721248940299999	0.016788100983819058	1.5510713244082226
1981	12	04	0.0	0.016788100983819058	1.4464220067587052
1981	12	05	0.00023622675697099999	0.016788100983819058	1.24546994062235
1981	12	06	0.279840607247	0.016788100983819058	1.0408598781699547
1981	12	07	0.07053314647299999	0.016788100983819058	1.358063908013064
1981	12	08	0.128987910258	0.016788100983819058	1.3459839320217937
1981	12	09	6.0087480031	0.016788100983819058	0.9391286858901228
1981	12	10	2.57363346415	0.016788100983819058	0.9610473852608761
1981	12	11	0.429077251123	0.016788100983819058	1.0766332181298126
1981	12	12	0.412280677665	0.016788100983819058	1.0109396637190027
1981	12	13	0.263621634264	0.016788100983819058	0.9100542799224419
1981	12	14	0.6786782467559999	0.016788100983819058	1.0522697353320443
1981	12	15	0.6380941273599999	0.016788100983819058	1.0179206414271929
1981	12	16	0.236830237042	0.016788100983819058	0.9441294827811381
1981	12	17	6.1326068211399996	0.016788100983819058	1.0944944568758646
1981	12	18	2.63930158506	0.016788100983819058	0.8065169093536493
1981	12	19	0.0016572540874600001	0.016788100983819058	1.112498079598048
1981	12	20	7.921516100000001	0.016788100983819058	1.1235039524025545
1981	12	21	7.233952486600001	1.3430480787055246	1.017102727130915
1981	12	22	1.2493336285	0.13430480787055246	0.6015174795796876
1981	12	23	0.802345095446	0.016788100983819058	0.8332166425150389
1981	12	24	0.39713845447999996	0.016788100983819058	1.0350961132771446
1981	12	25	0.00083730686294	0.016788100983819058	1.1189527942104631
1981	12	26	15.060982916599999	2.383910339702306	1.304555544870239
1981	12	27	10.490942195599999	0.6211597364013051	0.9076571839052417
1981	12	28	17.9865871067	12.070644607365901	1.0440223351361484
1981	12	29	12.936686839299998	4.348118154809136	0.8893279667498333
1981	12	30	11.8923822792	8.142228977152241	1.026624020043373
1981	12	31	5.17164326406	7.403552533864204	0.7847827809687257
1982	01	01	0.0114412107872	1.8299030072362772	1.190681505424509
1982	01	02	0.007865019085099999	0.6547359383689432	1.2624789980289595
1982	01	03	2.2115008382399997	0.4700668275469337	1.1212474702518977
1982	01	04	2.9109154884599997	0.40291442361165736	0.9273737371051686
1982	01	05	0.017145667545	0.33576201967638114	1.2699535388557828
1982	01	06	0.0110639653863	0.2686096157411049	1.3993775400327162
1982	01	07	0.0	0.21824531278964773	1.585678006540039
1982	01	08	0.0024902055188399997	0.15109290885437152	1.5620975739405458
1982	01	09	0.0029715953075700003	0.08394050491909529	1.269120239924875
1982	01	10	8.662683165099999	0.08394050491909529	0.6846175255679346
1982	01	11	4.562125684470001	0.3861263226278383	0.8826934887460679
1982	01	12	7.6321172276	13.598361796893435	0.8142984852189833
1982	01	13	0.332389600804	4.3984824577605925	1.0387689211416578
1982	01	14	0.452691985962	0.8226169482071338	1.1467976225200185
1982	01	15	3.8809868065	0.5540073324660288	1.2604430898822463
1982	01	16	7.484629158550001	6.178021162045413	0.9937414646437542
1982	01	17	0.00205719539116	1.7963268052686392	1.1691007540427976
1982	01	18	1.6143674577	0.7386764432880385	1.2935684730523225
1982	01	19	5.230164129129999	4.952489790226623	1.2006368400104017
1982	01	20	0.0165246017276	1.1248027659158768	1.2951543426631096
1982	01	21	0.0263163470639	0.7051002413204004	1.4225925182252686
1982	01	22	0.0080630927703	0.5036430295145717	1.3735002004121244
1982	01	23	0.014954865934899999	0.3525501206602002	1.2753663306069742
1982	01	24	0.0016611593339699998	0.2686096157411049	1.5519101166380547
1982	01	25	0.00042079855598	0.21824531278964773	1.6204457585894145
1982	01	26	0.009183224740099999	0.18466911082200962	1.5766864259006101
1982	01	27	0.016080165119999996	0.15109290885437152	1.1792480715699567
1982	01	28	0.000827186287163	0.13430480787055246	1.3081683084421873
1982	01	29	0.0020705394369599996	0.10072860590291434	1.4535085732277664
1982	01	30	0.00082803556537	0.06715240393527623	1.8070589430865653
1982	01	31	0.0012460768225400001	0.06715240393527623	1.5889397864671266
1982	02	01	0.0607748105733	0.05036430295145717	1.277632521169122
1982	02	02	0.098566996407	0.05036430295145717	1.2238291372243435
1982	02	03	0.50004505102	0.05036430295145717	1.343228019966846
1982	02	04	0.000828211538886	0.11751670688673342	1.4724608918158357
1982	02	05	0.00166590112198	0.10072860590291434	1.728301516005672
1982	02	06	0.00265658056734	0.033576201967638115	1.9711645383347614
1982	02	07	5.19231976535	0.016788100983819058	1.3247695581508994
1982	02	08	0.0057144913874000005	0.15109290885437152	1.8032451042702466
1982	02	09	0.0008322301682	0.10072860590291434	1.876735554489032
1982	02	10	0.00165336653888	0.06715240393527623	1.9604935893189956
1982	02	11	1.1475811691000002	0.06715240393527623	1.8392622298164274
1982	02	12	0.247338939062	0.06715240393527623	1.9127590689739027
1982	02	13	1.82220556476	0.06715240393527623	1.4029203393977143
1982	02	14	8.1423098655	0.3189739186925621	1.717083467232254
1982	02	15	8.3700319354	7.4539168368156625	1.2864148529068338
1982	02	16	0.006101111855699999	2.971493874135973	1.7542301825564452
1982	02	17	0.5686124410199999	0.6715240393527623	1.7416019853088214
1982	02	18	3.18540100189	0.36933822164401925	1.7210105256051391
1982	02	19	0.00042079851729600004	0.33576201967638114	1.9486426338129672
1982	02	20	0.00042079851729600004	0.23503341377346684	1.884396506535239
1982	02	21	0.86172062547	0.18466911082200962	1.8605615998877407
1982	02	22	0.170222510785	0.23503341377346684	1.5384321220574273
1982	02	23	0.284148728275	0.18466911082200962	1.535073601254131
1982	02	24	0.0020751702985999996	0.13430480787055246	1.8273987955348237
1982	02	25	1.98086895786	0.16788100983819057	1.5989190287354351
1982	02	26	0.20278207924699998	0.25182151475728587	1.9868831362216703
1982	02	27	0.103609117322	0.13430480787055246	1.7855243211662093
1982	02	28	0.0270036292512	0.10072860590291434	2.095363158814354
1982	03	01	0.228675156621	0.08394050491909529	1.8938563032571478
1982	03	02	0.00250173315742	0.06715240393527623	2.6089637466990863
1982	03	03	0.0012413694632899999	0.033576201967638115	3.0399168229999853
1982	03	04	0.00451254614245	0.033576201967638115	2.0615411133684822
1982	03	05	0.0012341008364	0.033576201967638115	2.322305429490629
1982	03	06	0.0	0.033576201967638115	2.582074304230216
1982	03	07	0.000420798604335	0.016788100983819058	2.506165587262561
1982	03	08	0.0	0.016788100983819058	2.50805557463044
1982	03	09	0.000409269901945	0.016788100983819058	2.5878640463492277
1982	03	10	0.002073259309	0.016788100983819058	2.685182930701002
1982	03	11	0.0012496082849	0.016788100983819058	2.961831396615665
1982	03	12	0.0	0.016788100983819058	3.3321093518051206
1982	03	13	0.00251406310216	0.016788100983819058	3.291436987036966
1982	03	14	0.00042384376046	0.016788100983819058	3.011774589174685
1982	03	15	0.00119168141265	0.016788100983819058	2.6742316166872757
1982	03	16	0.0012451022758700001	0.016788100983819058	3.038145388394647
1982	03	17	0.00125068766521	0.016788100983819058	2.8832103095512673
1982	03	18	0.0008259582345699999	0.016788100983819058	2.7763105580596883
1982	03	19	0.0008315543587200001	0.016788100983819058	3.1260439303627128
1982	03	20	0.00042079851729600004	0.016788100983819058	3.22703310327594
1982	03	21	0.0179509581756	0.016788100983819058	3.4833340091804095
1982	03	22	0.0020816169872000002	0.016788100983819058	3.848375685886537
1982	03	23	0.00042079851729600004	0.016788100983819058	3.9092796230930342
1982	03	24	0.00013842028800399998	0.016788100983819058	3.468237492166478
1982	03	25	0.0	0.016788100983819058	2.772235712059011
1982	03	26	0.136401079914	0.016788100983819058	3.0085174441407596
1982	03	27	0.0008225570405799999	0.016788100983819058	3.1193111320767843
1982	03	28	2.3002022831399995	0.016788100983819058	2.5090867012411935
1982	03	29	15.0843451513	0.016788100983819058	2.144130174632143
1982	03	30	6.0942725245	0.20145721180582868	2.1020707177026194
1982	03	31	5.89567205993	0.5707954334498481	2.202018557961712
1982	04	01	1.9924250291800003	0.18466911082200962	2.394827518526139
1982	04	02	0.0034143347513799997	0.11751670688673342	3.0820851235121203
1982	04	03	0.026918123104699997	0.08394050491909529	3.3876214574217727
1982	04	04	3.4486660277000003	0.05036430295145717	2.587747453957789
1982	04	05	0.27827898252199995	0.033576201967638115	2.603604105750857
1982	04	06	0.00172280228797	0.016788100983819058	3.22335660787051
1982	04	07	0.000824304048704	0.016788100983819058	4.278049112146315
1982	04	08	0.00042079851729600004	0.016788100983819058	4.086362607597754
1982	04	09	0.008425199187799999	0.016788100983819058	4.119689818462281
1982	04	10	1.18029574435	0.016788100983819058	4.171210861400322
1982	04	11	11.3580740357	0.016788100983819058	2.385818875882103
1982	04	12	11.5215410145	0.4197025245954764	2.6049556479262073
1982	04	13	7.86986551333	0.40291442361165736	3.0634000947289617
1982	04	14	3.56570592035	0.10072860590291434	3.5660074211500743
1982	04	15	0.04810241282199999	0.033576201967638115	3.758100987150623
1982	04	16	0.069289600938	0.016788100983819058	3.3559934936411784
1982	04	17	0.5489468493599999	0.016788100983819058	2.541310752568366
1982	04	18	1.39023632681	0.016788100983819058	3.204029782460573
1982	04	19	0.362751250767	0.016788100983819058	3.3235434466464384
1982	04	20	0.009829152764299999	0.016788100983819058	4.078082479031081
1982	04	21	0.0	0.016788100983819058	4.438923001061365
1982	04	22	0.327888156486	0.016788100983819058	4.02278451129299
1982	04	23	8.5656201736	0.016788100983819058	3.131312628947277
1982	04	24	0.29756167995	0.016788100983819058	3.8129886772857375
1982	04	25	0.000413842225022	0.016788100983819058	4.708643245092861
1982	04	26	8.426335530300001	0.016788100983819058	3.0894076822665375
1982	04	27	0.132881928737	0.016788100983819058	3.744547775955759
1982	04	28	0.464830560954	0.016788100983819058	4.186137787553565
1982	04	29	0.00042224059879	0.016788100983819058	4.54079501088928
1982	04	30	0.0012451022758700001	0.016788100983819058	5.157600928911464
1982	05	01	0.00124051087191	0.016788100983819058	5.032695000613511
1982	05	02	0.034500746088500005	0.016788100983819058	4.73770749715255
1982	05	03	0.026170704705200002	0.0	4.772963299785155
1982	05	04	0.00042656295552999997	0.0	3.8807650064766195
1982	05	05	0.000824304048704	0.0	3.868552108780433
1982	05	06	0.00042079855598	0.0	3.9929458016478248
1982	05	07	0.0	0.0	4.354896761959322
1982	05	08	0.0023996797365	0.0	4.526735027602298
1982	05	09	0.00137724140411	0.0	4.857883481496172
1982	05	10	0.41808050208799996	0.0	4.419914471133969
1982	05	11	0.00042079855598	0.0	4.354459882168249
1982	05	12	0.00207239975052	0.0	4.365567596240654
1982	05	13	0.0020809351817000004	0.0	4.84017752892179
1982	05	14	0.053824414708	0.0	5.386554651233978
1982	05	15	0.624550510804	0.0	4.9320228728257725
1982	05	16	0.021379215492	0.0	4.04588840784837
1982	05	17	0.0	0.0	5.006489162304473
1982	05	18	0.140621339907	0.0	4.569013330931788
1982	05	19	0.0012526509749199999	0.0	5.735745656002619
1982	05	20	0.0	0.0	6.391528363527714
1982	05	21	0.000830068477267	0.0	5.984348725682388
1982	05	22	0.00123940093124	0.0	6.0025784493390955
1982	05	23	0.0020679905482	0.0	5.582738944798422
1982	05	24	0.00042079851729600004	0.0	6.159596277629861
1982	05	25	0.571730410104	0.0	4.852461116373786
1982	05	26	0.023588449061	0.0	4.31204359244143
1982	05	27	0.00082950555737	0.0	5.0173532681125685
1982	05	28	0.039103228179	0.0	4.926883955600496
1982	05	29	0.0866725232576	0.0	4.084610609279454
1982	05	30	0.39875730251200003	0.0	4.164234796156209
1982	05	31	0.006535468379999999	0.0	5.026294948246009
1982	06	01	0.0149422568851	0.0	5.487999977023015
1982	06	02	0.15991819567899998	0.0	4.652383265576991
1982	06	03	0.00083117612591	0.0	4.629964319707898
1982	06	04	0.00042079851729600004	0.0	5.455090315290975
1982	06	05	0.00043890363507999996	0.0	5.795032207521415
1982	06	06	0.652301155174	0.0	4.663039058249306
1982	06	07	0.0012443511293	0.0	6.366375689952033
1982	06	08	0.0020990175339500004	0.0	6.41998074052274
1982	06	09	0.00042079855598	0.0	6.460225596388287
1982	06	10	0.00176675011656	0.0	5.316257181924634
1982	06	11	0.7848554787859999	0.0	4.472064926172131
1982	06	12	0.00147580900979	0.0	5.20853004782325
1982	06	13	0.027576392292	0.0	5.36675546995198
1982	06	14	0.00217806171167	0.0	6.364069841489331
1982	06	15	0.0	0.0	7.378160498440742
1982	06	16	0.0131501383816	0.0	5.712708101678611
1982	06	17	0.1035084460804	0.0	4.751217928901224
1982	06	18	0.0011379423735300002	0.0	5.355661543880871
1982	06	19	0.0	0.0	5.725826473239534
1982	06	20	0.0	0.0	5.607843386378276
1982	06	21	0.0027159862321999998	0.0	5.53802828123414
1982	06	22	0.5406330775	0.0	4.628681477820802
1982	06	23	0.0012423219600799999	0.0	5.269648243507481
1982	06	24	0.000412762786686	0.0	5.39222970457302
1982	06	25	0.10104330431200001	0.0	4.502859550444366
1982	06	26	0.0535267442293	0.0	4.746935518755103
1982	06	27	0.00164860802004	0.0	6.025434744280823
1982	06	28	0.000416709502444	0.0	7.390647531862141
1982	06	29	0.000830328501444	0.0	7.251780943603681
1982	06	30	0.00041215205336499997	0.0	7.820861134345902
1982	07	01	0.000465956981008	0.0	7.389690630974285
1982	07	02	0.0039345235283	0.0	4.7586193604970255
1982	07	03	0.0527747311377	0.0	3.8575004508498383
1982	07	04	9.8516658852	0.0	3.05315610323165
1982	07	05	0.123940857133	0.0	5.325178637568748
1982	07	06	0.0008069313157499999	0.0	6.226004090798694
1982	07	07	4.6408101977e-06	0.0	6.510405915893298
1982	07	08	0.00280221035374	0.0	4.845982753149098
1982	07	09	0.00108242686842	0.0	6.200951539314141
1982	07	10	0.0016628191676999998	0.0	7.09377474050314
1982	07	11	0.008006969056	0.0	5.438872375049745
1982	07	12	0.0012521407329599999	0.0	5.139900529364315
1982	07	13	0.000311655247592	0.0	4.86130071956785
1982	07	14	0.00095610088157	0.0	5.2458349187774695
1982	07	15	0.0016604012242799999	0.0	5.532831553718846
1982	07	16	0.00339551546893	0.0	5.090861777103032
1982	07	17	0.0017470165377699999	0.0	5.160359303329619
1982	07	18	0.0065614060020000005	0.0	5.140927549275897
1982	07	19	0.0421888816165	0.0	4.528656134637006
1982	07	20	0.0288346290431	0.0	5.123919808649997
1982	07	21	0.0019878489053999997	0.0	5.28002906578037
1982	07	22	0.00042656295552999997	0.0	5.84795759182508
1982	07	23	0.00166590112198	0.0	6.082536897047478
1982	07	24	0.0	0.0	6.638969103702745
1982	07	25	0.00169700982768	0.0	7.233948354873498
1982	07	26	0.0	0.0	7.1286120651058935
1982	07	27	0.00123933758619	0.0	6.00755233947515
1982	07	28	0.11465617876739999	0.0	4.378613700011554
1982	07	29	1.0299663355000002	0.0	4.019637585175153
1982	07	30	0.16859050052199998	0.0	4.179651017018076
1982	07	31	0.30547146512699996	0.0	5.4118436273559105
1982	08	01	0.73391439536	0.0	3.8365483804952136
1982	08	02	0.10214677508299999	0.0	4.054438223256245
1982	08	03	0.00040350550239499997	0.0	6.020134062584164
1982	08	04	0.0008300686029899999	0.0	6.460489239229911
1982	08	05	0.0	0.0	6.196425948621037
1982	08	06	0.0012452447297	0.0	6.378922925379035
1982	08	07	0.0	0.0	6.863947277540569
1982	08	08	0.00042079855598	0.0	6.816922200707511
1982	08	09	0.0	0.0	6.693118675083586
1982	08	10	0.00041215205336499997	0.0	6.574774255863985
1982	08	11	0.0188244061458	0.0	6.5150630313076725
1982	08	12	0.004037144153369999	0.0	5.899861040617625
1982	08	13	0.00545917157164	0.0	5.27622410466145
1982	08	14	0.0008243041067299999	0.0	4.916496457650682
1982	08	15	0.009391185088599999	0.0	4.9788736950375565
1982	08	16	0.00124242843779	0.0	5.41745796329888
1982	08	17	0.00042656295552999997	0.0	6.262085869596944
1982	08	18	0.00041215205336499997	0.0	6.4809980344230445
1982	08	19	0.0175979444323	0.0	6.731503626838695
1982	08	20	0.404822044638	0.0	5.919660400847568
1982	08	21	0.000824304048704	0.0	5.200101735955589
1982	08	22	0.0	0.0	5.634623894659496
1982	08	23	0.327417478587	0.0	4.794253286846141
1982	08	24	0.00241011987113	0.0	5.014459511092239
1982	08	25	0.06995268338199999	0.0	5.20240734257061
1982	08	26	0.044052285061	0.0	4.637742592405134
1982	08	27	0.00083297357797	0.0	4.45027854229901
1982	08	28	3.7462949210999996	0.0	4.057045898429623
1982	08	29	0.14491782672200001	0.0	4.3030496243568574
1982	08	30	0.0008243041067299999	0.0	5.323135366184635
1982	08	31	0.000824304048704	0.0	5.9827175187351935
1982	09	01	0.0	0.0	5.4882721412911675
1982	09	02	0.00041215205336499997	0.0	5.407929359927946
1982	09	03	0.00041215205336499997	0.0	5.544475084515421
1982	09	04	0.0	0.0	5.086209937188254
1982	09	05	0.0008300686029899999	0.0	5.38659570498564
1982	09	06	0.0	0.0	4.884419154731785
1982	09	07	0.0008243041067299999	0.0	5.5486011577087755
1982	09	08	0.00123933748948	0.0	5.329167246090936
1982	09	09	0.0089801733912	0.0	4.711528861072524
1982	09	10	0.0298335988565	0.0	3.777249921316945
1982	09	11	0.00124222002774	0.0	5.091213545809729
1982	09	12	0.000841597140973	0.0	4.994686142169799
1982	09	13	0.00207516962163	0.0	4.824865661979942
1982	09	14	0.00042079851729600004	0.0	4.470090916955254
1982	09	15	1.1567024694599999	0.0	2.7676997279419937
1982	09	16	1.49756024931	0.0	3.299015600543174
1982	09	17	1.40632181098	0.0	3.376653301171677
1982	09	18	4.5977119664599995	0.0	2.2701140694893014
1982	09	19	3.3181264828600003	0.0	2.4300502557847654
1982	09	20	2.5624629756	0.0	2.67130374659982
1982	09	21	0.037100112633	0.0	3.115480201516466
1982	09	22	0.231709355503	0.0	2.869594135773283
1982	09	23	0.00021616474135	0.0	3.0575109581936237
1982	09	24	0.231506748053	0.0	3.320414520458253
1982	09	25	11.8305894247	0.0	2.128857277817248
1982	09	26	0.00402652713615	0.0	2.8764120967829223
1982	09	27	0.0020658232771	0.0	3.130121158658112
1982	09	28	0.00134199573474	0.0	3.0956924044217278
1982	09	29	0.27965137479	0.0	2.3127260107462813
1982	09	30	0.0008358329058299999	0.0	3.241406306570195
1982	10	01	0.0	0.0	3.6318259111429536
1982	10	02	0.0	0.0	3.4636164261952205
1982	10	03	0.0048294885064	0.0	2.6991317752560753
1982	10	04	0.00106790063958	0.0	3.1590268472780143
1982	10	05	0.46642430307	0.0	2.326044439320384
1982	10	06	0.017943952503199998	0.0	1.993713961570523
1982	10	07	0.00490292785607	0.0	2.2766525564870705
1982	10	08	0.0	0.0	2.5021657281955347
1982	10	09	1.0011184194699998	0.0	2.282036630777642
1982	10	10	0.017282195953299998	0.0	2.401660538370813
1982	10	11	0.0	0.0	2.91723600041799
1982	10	12	0.0008395269377	0.0	2.9723126346134663
1982	10	13	1.55338745075	0.0	2.5642022432290106
1982	10	14	0.0040739203552000005	0.0	2.080329644088643
1982	10	15	0.0008271862581499999	0.0	2.423639411622632
1982	10	16	0.38096264317	0.0	2.642983550820707
1982	10	17	0.174089440793	0.0	1.9511581945523
1982	10	18	0.7402830003059999	0.0	1.831905854483854
1982	10	19	0.0008358328381330001	0.0	2.1643520559946405
1982	10	20	0.0008243041067299999	0.0	2.2594438578695875
1982	10	21	0.00636018198855	0.0	2.3915986970100085
1982	10	22	0.189187786651	0.0	1.6545144198629667
1982	10	23	0.0056297170454699995	0.0	1.6351507254837638
1982	10	24	0.00042079855598	0.0	2.3133236567472313
1982	10	25	0.0	0.0	2.4882410661521823
1982	10	26	0.00042079855598	0.0	2.6224658689334426
1982	10	27	0.0012335737669	0.0	2.6779029930428604
1982	10	28	0.00042079851729600004	0.0	2.3991928762117523
1982	10	29	0.0012451022758700001	0.0	2.33316016873083
1982	10	30	0.00125086706226	0.0	2.521097038736255
1982	10	31	0.00042079855598	0.0	2.594406728221953
1982	11	01	0.0008402420114399999	0.0	2.4950869453931412
1982	11	02	0.047792418588	0.0	2.3290930752207455
1982	11	03	0.0455082221967	0.0	2.019138351344544
1982	11	04	0.250074797265	0.0	1.8009329472744777
1982	11	05	2.8749832748	0.0	1.694820765428971
1982	11	06	19.5081506813	0.0	1.0744666109502403
1982	11	07	17.7204682655	0.0	1.1043157021487582
1982	11	08	2.1153217761399996	0.0	1.303836195279176
1982	11	09	0.0106669012051	0.0	1.5251106741485199
1982	11	10	0.00166435066726	0.0	1.683711570126847
1982	11	11	0.00582181376254	0.0	1.5821051662782004
1982	11	12	0.000705708005115	0.0	1.647195391089807
1982	11	13	0.93282491219	0.0	1.4326702123361184
1982	11	14	0.00136033330468	0.0	1.149208917877573
1982	11	15	0.06255220207799998	0.0	1.2748315266551367
1982	11	16	0.00249308679987	0.0	1.4583519156715954
1982	11	17	0.00165793405547	0.0	1.657496752316571
1982	11	18	0.00042079851729600004	0.0	1.615126769912133
1982	11	19	0.0050711435860000004	0.0	1.3389279835205596
1982	11	20	0.0033060750629200003	0.0	1.4806674069483368
1982	11	21	0.075261772252	0.0	1.4288486820703674
1982	11	22	0.0326669581473	0.0	1.5559788519437394
1982	11	23	0.141306917097	0.0	1.2891523947438372
1982	11	24	0.054697535798400004	0.0	1.44234123158376
1982	11	25	8.787313342100001	0.0	1.1407889942160947
1982	11	26	3.5189500201999997	0.0	0.9161408799694661
1982	11	27	4.3299126923	0.0	1.219530477456096
1982	11	28	0.21009928357000002	0.0	1.113504570950973
1982	11	29	0.00249088529343	0.0	1.2396670122001463
1982	11	30	0.00083413477494	0.0	1.1169848936305657
1982	12	01	0.0016601364323	0.0	1.162030588262663
1982	12	02	0.0147339793278	0.0	1.2552763154030382
1982	12	03	0.0016578232258100001	0.0	1.19683048080317
1982	12	04	0.0	0.0	1.2127828364637994
1982	12	05	0.00124510217916	0.0	1.3703867201503346
1982	12	06	0.00166301877714	0.0	1.379378867830228
1982	12	07	0.0160544547665	0.0	1.406123401020782
1982	12	08	5.16085497343	0.0	0.8775237419814552
1982	12	09	0.18729564583	0.0	1.105116925366739
1982	12	10	1.3345290457699999	0.0	1.005969157400711
1982	12	11	0.0016044733477299999	0.0	1.0289578377308712
1982	12	12	1.7326321825000002	0.0	1.1568126723994427
1982	12	13	0.953927749844	0.0	0.9100397656569186
1982	12	14	0.00207517058873	0.0	0.9267709908415572
1982	12	15	0.00175440943701	0.0	1.23007870386361
1982	12	16	0.020307441423499998	0.0	0.9252367743437732
1982	12	17	0.8487907402449999	0.0	1.0713596141875945
1982	12	18	0.00271177209395	0.0	0.9202061807601521
1982	12	19	0.0019809428442999996	0.0	1.1765512192884058
1982	12	20	0.43777580306	0.0	1.2087826356342115
1982	12	21	10.4964730405	0.0	1.012516223342834
1982	12	22	0.0186625136058	0.0	0.890360528323082
1982	12	23	0.0	0.0	1.0337609416496267
1982	12	24	0.0024824364176999998	0.0	1.0568076261228794
1982	12	25	0.0012422199310300002	0.0	1.1128736739951632
1982	12	26	0.0266632545378	0.0	1.1119307941945646
1982	12	27	0.03898834637	0.0	1.1094122872766545
1982	12	28	0.00164860782662	0.0	1.304487239986809
1982	12	29	0.00084159720867	0.0	1.300661212196235
1982	12	30	0.000824304048704	0.0	1.2871967826479673
1982	12	31	0.005495211810369999	0.0	1.2398357780601452
1983	01	01	0.0012397096295600001	0.0	1.1629184088389437
1983	01	02	0.00165437261301	0.0	1.1783399847381975
1983	01	03	0.00124149170473	0.0	1.2718927660055663
1983	01	04	0.00042079851729600004	0.0	1.351151174540946
1983	01	05	0.00216120051659	0.0	1.4180278907255335
1983	01	06	0.0113629694959	0.0	1.310518707759757
1983	01	07	0.06465965804299999	0.0	1.2796363201293675
1983	01	08	0.00412990529065	0.0	1.1561216540790629
1983	01	09	0.00206364207976	0.0	1.343272718000011
1983	01	10	0.0020910326728	0.0	1.2868740840736368
1983	01	11	0.0	0.0	1.2934708062606946
1983	01	12	0.0012389866255999998	0.0	1.3801234109221288
1983	01	13	0.0138807804974	0.0	1.4313958019179454
1983	01	14	0.205468673376	0.0	1.195438056737132
1983	01	15	0.000830068477267	0.0	1.4674198079620875
1983	01	16	0.0	0.0	1.5947741366859869
1983	01	17	0.0087580198831	0.0	1.4773975053372006
1983	01	18	0.0040264928041	0.0	1.4464386226011232
1983	01	19	0.015269769168499998	0.0	1.2896687402871256
1983	01	20	0.0023983988125500003	0.0	1.3540441781515304
1983	01	21	0.27133402466	0.0	1.1836831695332577
1983	01	22	2.3901406489399997	0.0	1.1781811643784217
1983	01	23	0.00165443943962	0.0	1.4692428055534872
1983	01	24	0.00164860782662	0.0	1.5707907208672192
1983	01	25	0.0016738092920999998	0.0	1.5868070873107838
1983	01	26	0.00123118918843	0.0	1.7202463112644573
1983	01	27	0.00042079855598	0.0	1.8767647707454507
1983	01	28	0.0025114242731	0.0	1.7652264785447374
1983	01	29	0.000420798604335	0.0	1.9986143758079515
1983	01	30	1.23406592409e-05	0.0	1.9855614762246432
1983	01	31	0.00042079855598	0.0	2.0065606423982256
1983	02	01	0.0	0.0	1.7409137683954883
1983	02	02	0.0	0.0	1.6012257834112285
1983	02	03	0.000413746337057	0.0	1.9078136613710148
1983	02	04	0.0	0.0	1.9273641287572016
1983	02	05	0.00164860772991	0.0	1.924497236866681
1983	02	06	0.1049646965565	0.0	1.235012648783088
1983	02	07	0.00107490505475	0.0	1.3955238063108617
1983	02	08	0.143942467688	0.0	1.2738374908952186
1983	02	09	0.064774443142	0.0	1.431667108698093
1983	02	10	0.014621782671949999	0.0	1.450126182196295
1983	02	11	3.8675044654	0.0	1.2534231587417624
1983	02	12	0.21908482243200003	0.0	1.2918086600080192
1983	02	13	0.0469141999135	0.0	1.4207836088038925
1983	02	14	0.55912277227	0.0	1.3851479893960648
1983	02	15	0.44198394529	0.0	1.5607521218768896
1983	02	16	0.025459909415599998	0.0	1.7331448648291345
1983	02	17	7.7164493147	0.0	1.287896399785803
1983	02	18	1.1787459666	0.0	1.343910982275265
1983	02	19	0.68483300655	0.0	1.6026281892526335
1983	02	20	3.0789854764199998	0.0	1.5905668351548927
1983	02	21	2.23015310252	0.0	1.6158040494726542
1983	02	22	0.11102835069499999	0.0	1.7276176155044987
1983	02	23	0.0	0.0	2.2737038599962607
1983	02	24	0.00292828528143	0.0	2.194742906187323
1983	02	25	1.71290904839	0.0	2.273990661101126
1983	02	26	0.18359378045	0.0	1.809854440019291
1983	02	27	0.0020795825956399995	0.0	2.027193492176651
1983	02	28	0.0	0.0	2.388071510363886
1983	03	01	0.00166197556637	0.0	2.7974945492583707
1983	03	02	0.00124596695998	0.0	3.1540444688928773
1983	03	03	0.13424226126799998	0.0	2.7088836630011306
1983	03	04	0.0728290080245	0.0	2.5710788611425626
1983	03	05	0.00207517058873	0.0	3.070282755156915
1983	03	06	0.00207871239906	0.0	2.673616877671826
1983	03	07	0.477172207604	0.0	2.2764907480238343
1983	03	08	0.005402949213139999	0.0	2.3482104003646347
1983	03	09	0.028227266065600002	0.0	2.8746745105283127
1983	03	10	0.00042079855598	0.0	3.113165498750695
1983	03	11	0.0	0.0	3.3079003715713746
1983	03	12	0.00098991089099	0.0	3.0548754149391937
1983	03	13	0.0083564741605	0.0	2.728185213564973
1983	03	14	0.0020733685912999998	0.0	2.7409529654030593
1983	03	15	0.000833904547114	0.0	2.341658750528054
1983	03	16	0.0008243041067299999	0.0	2.9154149161806386
1983	03	17	0.0016711688189699999	0.0	3.600487651524013
1983	03	18	0.0	0.0	3.73758874530644
1983	03	19	0.198310083124	0.0	3.448005345206638
1983	03	20	0.07895117171299999	0.0	3.2363623775543875
1983	03	21	0.008741012462500001	0.0	3.13504466966787
1983	03	22	0.00149722495574	0.0	3.268500430199982
1983	03	23	0.013240574803899998	2.350334137734668	3.298331002375271
1983	03	24	0.224706371641	0.5372192314822098	2.1219896874019755
1983	03	25	0.00164860772991	0.033576201967638115	2.6691143711700214
1983	03	26	0.000824304164756	0.016788100983819058	3.1503799381765374
1983	03	27	0.099265581092	0.016788100983819058	2.7265380787493028
1983	03	28	0.190537867922	0.016788100983819058	2.3679977314810237
1983	03	29	0.00124595293703	0.016788100983819058	3.1449426364429485
1983	03	30	0.00081997227241	0.016788100983819058	3.61342488831544
1983	03	31	0.000426562994214	0.016788100983819058	3.141401732537293
1983	04	01	0.236875371599	0.016788100983819058	2.5384011788435505
1983	04	02	0.042159261277700005	0.016788100983819058	2.551907372212815
1983	04	03	0.0008243041067299999	0.016788100983819058	3.1435159973667353
1983	04	04	0.0030780236954699998	0.016788100983819058	3.3348540661760757
1983	04	05	0.051302669543700004	0.016788100983819058	2.903956135774128
1983	04	06	0.0370432897054	0.0	2.772692296022757
1983	04	07	0.0469688778133	0.0	3.1623394308010266
1983	04	08	0.0008300686029899999	0.0	4.031721860886824
1983	04	09	0.0057954569993999994	0.0	4.4326379935608
1983	04	10	0.0025065500890999997	0.0	4.8332210231502595
1983	04	11	0.0213309823466	0.0	3.646620215574716
1983	04	12	0.00042079855598	0.0	4.14842694895211
1983	04	13	0.085390413643	0.0	4.161906078825426
1983	04	14	0.0123517895948	0.0	4.2124297011063865
1983	04	15	0.00418407043403	0.0	4.2338194726479195
1983	04	16	0.0229882455248	0.0	3.417667246525465
1983	04	17	8.5716645486	0.0	2.7337620561373273
1983	04	18	0.90553112586	0.06715240393527623	2.6445866338220485
1983	04	19	5.6371630385	0.016788100983819058	2.8204653721213777
1983	04	20	1.91331170381	0.016788100983819058	2.25539041329593
1983	04	21	0.7474172389799999	0.016788100983819058	2.9456886079086324
1983	04	22	8.2503562117	0.016788100983819058	2.573594246647749
1983	04	23	1.5136156566699999	0.016788100983819058	2.9664291432161862
1983	04	24	7.4690071087	0.016788100983819058	2.2906630745241987
1983	04	25	3.93859482588	0.016788100983819058	2.602884379369916
1983	04	26	0.378416123805	0.016788100983819058	3.0730978011512127
1983	04	27	0.117056168943	0.016788100983819058	3.3445006541429323
1983	04	28	1.51154664293	0.016788100983819058	3.4045318609543584
1983	04	29	9.112722182999999	0.0	3.0095103619192622
1983	04	30	8.0501645775	0.0	2.4798333202630825
1983	05	01	0.5985804522700001	0.016788100983819058	3.2238767365349994
1983	05	02	0.23700260327499997	0.016788100983819058	3.6825999472489532
1983	05	03	0.0021172584905999998	0.016788100983819058	3.9979906599505446
1983	05	04	0.00048787216332	0.016788100983819058	4.46629779159434
1983	05	05	0.0324119541864	0.0	3.7135756146890793
1983	05	06	0.293485102004	0.0	4.194802221098849
1983	05	07	0.00042656295552999997	0.0	4.938373688439463
1983	05	08	0.00042656295552999997	0.0	4.014069302447563
1983	05	09	0.0346553263854	0.0	3.9768406329298305
1983	05	10	0.0192936420987	0.0	3.1431729122830685
1983	05	11	0.012448575512150001	0.0	3.5522159159649376
1983	05	12	1.32420815457	0.0	3.440290405909604
1983	05	13	1.16015085793	0.0	3.111469946105456
1983	05	14	4.0897140653	0.0	2.897399371743698
1983	05	15	0.65561372412	0.0	3.454391791237825
1983	05	16	3.71822890542	0.0	2.8072414116772295
1983	05	17	0.569679220017	0.0	3.1748143240118334
1983	05	18	0.0	0.0	4.068198377582841
1983	05	19	0.0008291505349600001	0.0	4.003189825991861
1983	05	20	0.24839199491	0.0	3.4186693980685092
1983	05	21	0.7094579256939999	0.0	3.318384221101913
1983	05	22	0.00042079855598	0.0	4.087828470058972
1983	05	23	0.020842343466399998	0.0	4.3849914490653115
1983	05	24	0.0	0.0	5.231117680569345
1983	05	25	0.0	0.0	5.26533041902827
1983	05	26	0.0021637653625000003	0.0	5.0776435492878536
1983	05	27	6.163420658050001e-05	0.0	5.075864563959313
1983	05	28	0.004074542200500001	0.0	4.743925906701276
1983	05	29	0.000824304048704	0.0	5.212439925917218
1983	05	30	0.22666140297499998	0.0	4.540314489992712
1983	05	31	3.48174790753	0.0	3.635134128887523
1983	06	01	0.0229674315986	0.0	3.9729385106765545
1983	06	02	0.0020866990977	0.0	5.734919330324773
1983	06	03	0.00124510246929	0.0	6.72116408680175
1983	06	04	0.0008300686029899999	0.0	5.647209098187193
1983	06	05	11.48086720625	0.0	4.169985075376832
1983	06	06	0.016202600947099997	0.0	4.200226730267818
1983	06	07	0.0109839069141	0.0	4.459235618429389
1983	06	08	0.00105883968626	0.0	5.280980254360738
1983	06	09	0.00165437261301	0.0	6.408742434733559
1983	06	10	0.00124258588167	0.0	6.951851882467884
1983	06	11	0.00207740294566	0.0	6.52943838080604
1983	06	12	0.00216220987886	0.0	7.132138954972358
1983	06	13	0.0	0.0	6.583028415640747
1983	06	14	0.0012451022758700001	0.0	7.446821169507943
1983	06	15	0.00042656295552999997	0.0	7.825937643282134
1983	06	16	0.000827945973226	0.0	8.065441719190975
1983	06	17	0.00125663088155	0.0	6.768653279067973
1983	06	18	0.0012422199310300002	0.0	6.223818973593228
1983	06	19	0.00152459901137	0.0	5.9094144916810185
1983	06	20	0.0106428900463	0.0	5.245454300863353
1983	06	21	0.0075274847444	0.0	4.703669792639093
1983	06	22	2.5272057977399998	0.0	5.028514360661262
1983	06	23	0.0073980200345	0.0	5.270743873705432
1983	06	24	0.0679951898114	0.0	4.9962951301617355
1983	06	25	0.0065837837288999996	0.0	5.109960136506267
1983	06	26	0.00323344643318	0.0	5.61233460674467
1983	06	27	0.00082718635486	0.0	5.958982229730005
1983	06	28	0.0	0.0	6.257973589532764
1983	06	29	0.0076944816382	0.0	6.242408194055263
1983	06	30	0.004470130587099999	0.0	5.628899022408816
1983	07	01	0.00175617671555	0.0	5.777378190108099
1983	07	02	0.0	0.0	5.063905657855079
1983	07	03	0.18001921444299998	0.0	4.578183824767179
1983	07	04	0.010827537482199999	0.0	5.276058807792949
1983	07	05	0.05016007280800001	0.0	5.469341824289833
1983	07	06	0.00248316976963	0.0	5.267970187830078
1983	07	07	0.048245799903499996	0.0	4.497004169544677
1983	07	08	0.00291100349456	0.0	5.581494076877734
1983	07	09	0.000475996890974	0.0	5.613402554548654
1983	07	10	0.17964242261199997	0.0	4.990236440721437
1983	07	11	0.0255770697122	0.0	5.081397328863467
1983	07	12	0.0012458200574899999	0.0	6.002277642260683
1983	07	13	0.0008358328381330001	0.0	6.2726626236579826
1983	07	14	0.0019031264000300002	0.0	6.083791618604023
1983	07	15	0.000824304048704	0.0	5.564364644090177
1983	07	16	0.156953695694	0.0	4.995920219388283
1983	07	17	0.6400837421899999	0.0	4.798753071800453
1983	07	18	0.359436225387	0.0	4.628438798478978
1983	07	19	0.0029334420520500002	0.0	5.117716736062579
1983	07	20	0.0016476711902700001	0.0	5.4026027087296375
1983	07	21	0.00303969500801	0.0	5.284888949378147
1983	07	22	0.0029820075897200003	0.0	5.403750155783174
1983	07	23	0.00123933748948	0.0	5.485163538578832
1983	07	24	0.0054339482497	0.0	4.797754477145969
1983	07	25	0.170800913953	0.0	3.9610384888755363
1983	07	26	0.049803261263	0.0	4.685847981800339
1983	07	27	0.0317536279402	0.0	5.083012248553252
1983	07	28	0.00168159686485	0.0	5.896664366749528
1983	07	29	0.0013170012286599997	0.0	5.949408162797796
1983	07	30	0.08624090072500001	0.0	5.0961636188493795
1983	07	31	0.147591848551	0.0	4.915459130580226
1983	08	01	0.000403505531408	0.0	5.725463121391227
1983	08	02	0.0020770880579	0.0	5.908012888658578
1983	08	03	0.00125086706226	0.016788100983819058	6.271080474064898
1983	08	04	0.0008271862581499999	0.016788100983819058	5.938290498536272
1983	08	05	0.00280788036433	0.016788100983819058	6.070560008806545
1983	08	06	9.3928639742	0.016788100983819058	5.1576562925025415
1983	08	07	0.12803944627500002	0.016788100983819058	4.449226139188308
1983	08	08	0.68593037492	0.016788100983819058	3.560974495526487
1983	08	09	1.12844264694	0.016788100983819058	4.348039021631728
1983	08	10	0.039435647527799995	0.016788100983819058	4.213561747361702
1983	08	11	0.0075593036883399994	0.016788100983819058	4.291419292964649
1983	08	12	0.0413738571244	0.016788100983819058	4.374003653431772
1983	08	13	0.0304880634724	0.016788100983819058	4.299150800938498
1983	08	14	0.00225208402922	0.016788100983819058	4.438880393179957
1983	08	15	0.0040753777749	0.016788100983819058	4.500690746352572
1983	08	16	0.046240638941	0.016788100983819058	4.205900037869946
1983	08	17	0.0	0.016788100983819058	5.365093557358632
1983	08	18	0.083516657393	0.016788100983819058	3.9133084155632383
1983	08	19	0.0075819353757	0.016788100983819058	4.3326999605459795
1983	08	20	0.00127594058041	0.016788100983819058	4.898944504509337
1983	08	21	0.00153244451341	0.016788100983819058	4.511117418854848
1983	08	22	0.0060546436677999995	0.016788100983819058	4.942757254791468
1983	08	23	0.00081772985764	0.016788100983819058	5.057310195381091
1983	08	24	0.00042656295552999997	0.016788100983819058	5.449023449622565
1983	08	25	0.018555648088699996	0.016788100983819058	4.561938450711562
1983	08	26	0.07502450393799999	0.016788100983819058	5.151733863962198
1983	08	27	0.0	0.016788100983819058	5.2608933425373845
1983	08	28	0.0025333861469999997	0.016788100983819058	5.201172590625381
1983	08	29	0.0154382853764	0.016788100983819058	4.9732214776178685
1983	08	30	0.28530736243000004	0.016788100983819058	4.434691646666622
1983	08	31	22.849665897399998	4.700668275469336	2.2944131267904577
1983	09	01	0.111134480249	0.3189739186925621	3.305063884209508
1983	09	02	0.19267817627400002	0.016788100983819058	3.8371752457280057
1983	09	03	0.0008300686029899999	0.016788100983819058	5.011998784386438
1983	09	04	0.00042079851729600004	0.016788100983819058	5.432957488365935
1983	09	05	0.0016545688376	0.016788100983819058	5.360319310378677
1983	09	06	0.00125499754636	0.016788100983819058	5.379424052085233
1983	09	07	0.0500967973892	0.0	5.302410369823493
1983	09	08	0.00165118418102	0.0	5.069241588076543
1983	09	09	0.0016607601150899999	0.0	4.593529535536406
1983	09	10	0.0095699216093	0.0	3.789682450682902
1983	09	11	0.0012557398923199999	0.0	4.217763270599567
1983	09	12	0.0012441743434200001	0.0	4.5922465867862705
1983	09	13	0.00042079851729600004	0.0	4.678759644792991
1983	09	14	0.0025133321679799998	0.0	4.678492422693455
1983	09	15	0.0021224975614300002	0.0	4.150774278418705
1983	09	16	0.00127756791958	0.0	3.676284747448172
1983	09	17	0.0059657642765	0.0	3.9102712146256176
1983	09	18	0.00441245603124	0.0	4.0745475134954825
1983	09	19	0.0008257285483199999	0.0	4.081212966741358
1983	09	20	0.00125004812198	0.0	4.600778285975116
1983	09	21	0.0012664512017900001	0.0	4.8892708264237905
1983	09	22	0.0016572531203600002	0.0	4.410583016938502
1983	09	23	0.0104785623485	0.0	3.3399601352609998
1983	09	24	0.00125663078484	0.0	3.710442923130774
1983	09	25	0.00042079855598	0.0	4.787307770304207
1983	09	26	0.0	0.0	5.060395564715271
1983	09	27	0.00248444073245	0.0	4.795496813524941
1983	09	28	0.000426562994214	0.0	3.7291472399632632
1983	09	29	0.60766732387	0.0	3.004524703596984
1983	09	30	0.017057532820699998	0.0	3.2059489391338056
1983	10	01	0.00164860772991	0.0	3.8323228349945206
1983	10	02	0.00165437261301	0.0	4.253644945922725
1983	10	03	0.0008243041067299999	0.0	3.751146573909959
1983	10	04	0.00210733275646	0.0	3.0824096189313672
1983	10	05	0.009503668489600001	0.0	3.471936870531488
1983	10	06	0.0033145090453100003	0.0	3.555554433740503
1983	10	07	0.0012641064678400001	0.0	3.7940995817160696
1983	10	08	0.016423647125700002	0.0	3.345847759692713
1983	10	09	0.032680011095999995	0.0	3.3093805619071994
1983	10	10	0.00166590112198	0.0	2.8503681509965206
1983	10	11	0.0	0.0	3.306546081687237
1983	10	12	0.0	0.0	3.450790088052459
1983	10	13	0.030895520110199998	0.0	2.995415392004225
1983	10	14	0.0021213957444	0.0	2.307741716151513
1983	10	15	0.0	0.0	2.706275944979798
1983	10	16	0.45625147488	0.0	2.38887046627876
1983	10	17	0.030342665790000004	0.0	2.2529215788371055
1983	10	18	0.0020709846897999998	0.0	3.125565608219314
1983	10	19	0.00082922239049	0.0	3.1661918662072654
1983	10	20	0.00083583280912	0.0	3.2114804147515357
1983	10	21	0.0012451022758700001	0.0	3.004603293179517
1983	10	22	0.0	0.0	2.7629880167995697
1983	10	23	0.00098089655189	0.0	2.289570550379841
1983	10	24	0.0042268159639	0.0	2.1751638552410166
1983	10	25	2.9363550539600003	0.0	2.1886252906641284
1983	10	26	0.069552748848	0.0	1.9751465423336025
1983	10	27	8.346596201099999	0.0	1.6045327242504506
1983	10	28	24.4657180433	0.0	0.9194980612340681
1983	10	29	9.65848814375	0.0	1.4452165019955705
1983	10	30	9.294005078	0.033576201967638115	1.7619673623836951
1983	10	31	0.0124242921147	0.21824531278964773	1.7901325919312792
1983	11	01	0.00083583280912	0.05036430295145717	2.2182344520104094
1983	11	02	1.60270258763	0.016788100983819058	1.8068359120342035
1983	11	03	6.5330902811	0.016788100983819058	1.5074523368310253
1983	11	04	9.989995033699998	0.016788100983819058	1.4316941087099473
1983	11	05	3.6710296866300003	0.08394050491909529	1.363078375012375
1983	11	06	0.67392411855	0.08394050491909529	1.6076371153408315
1983	11	07	2.7463435011999997	0.033576201967638115	1.6114991938135614
1983	11	08	20.7098643058	0.033576201967638115	1.208834280226829
1983	11	09	15.4202915138	12.960413959508312	1.2268540217067543
1983	11	10	2.1375519235800002	1.0576503619806006	1.3485147132379773
1983	11	11	2.9362579571199996	2.4510627436375825	1.1574036648673312
1983	11	12	1.1730610626699998	1.477352886576077	1.1537345262199739
1983	11	13	11.0094441567	17.94647995170257	1.142843144073187
1983	11	14	7.2058824091	18.836249303844983	1.1121915800691506
1983	11	15	15.179842407899999	6.8495452013981755	1.0371757788208096
1983	11	16	3.62053149632	4.029144236116574	1.2069672658092847
1983	11	17	0.56912597112	2.2328174308479345	1.1932895324636819
1983	11	18	3.8023074189	1.2087432708349721	1.6010023501263413
1983	11	19	16.884821333	1.0744384629644197	1.0817706851924387
1983	11	20	15.3876431849	16.90561769070579	0.8272601007862861
1983	11	21	6.7683876453	6.96706190828491	0.8969605516522651
1983	11	22	0.9666395636899999	4.767820679404612	1.012800254617426
1983	11	23	0.0475750193435	1.8466911082200965	1.263477635163247
1983	11	24	0.440948161848	0.8226169482071338	1.5365405179823275
1983	11	25	0.0016518561220999998	0.48685492853075263	1.60831213109887
1983	11	26	0.00166126668207	0.3525501206602002	1.5833586768650818
1983	11	27	0.061151522135000004	0.28539771672492403	1.492379397882577
1983	11	28	0.0523896096744	0.2686096157411049	1.269893176147646
1983	11	29	0.0016601364323	0.20145721180582868	1.661923657566694
1983	11	30	0.000824304048704	0.16788100983819057	1.7668845716927069
1983	12	01	0.004983292222	0.15109290885437152	1.7453345601584667
1983	12	02	0.00169433521592	0.13430480787055246	1.3592254279678924
1983	12	03	0.0013193157890899999	0.10072860590291434	1.3647517774983011
1983	12	04	0.0012021819910300001	0.06715240393527623	1.3671004421692874
1983	12	05	0.0	0.06715240393527623	1.3343856119530764
1983	12	06	0.00083292793085	0.05036430295145717	1.3496694328113434
1983	12	07	0.0008358328381330001	0.05036430295145717	1.3158218726239768
1983	12	08	0.0016755851778300001	0.05036430295145717	1.279036254040838
1983	12	09	1.4331274052299998	0.05036430295145717	1.2436701339771767
1983	12	10	0.052288909419799995	0.05036430295145717	0.9976339097343421
1983	12	11	0.0021836439095799997	0.05036430295145717	1.1346078218521822
1983	12	12	0.0024892660778999998	0.06715240393527623	1.0581020735675322
1983	12	13	0.0020733927687999996	0.05036430295145717	1.115760585466066
1983	12	14	8.3987286937	0.05036430295145717	1.2713407324010055
1983	12	15	11.6725459427	0.5540073324660288	1.039906085798531
1983	12	16	7.768210924450001	5.825471041385213	0.7324321794351726
1983	12	17	7.78817767105	10.761172730628015	0.8220839510434123
1983	12	18	6.6226072814300005	8.847329218472641	1.1163856406388992
1983	12	19	4.0590453901000005	5.35540421383828	0.7642323308812623
1983	12	20	15.2204209568	5.976563950239584	1.019370176513343
1983	12	21	2.5200958719599997	8.5451434007639	0.983797829662492
1983	12	22	0.031110552860999993	1.3934123816569817	1.1323520521962962
1983	12	23	0.000138362532792	0.8058288472233147	1.1668181262680053
1983	12	24	0.00041215205336499997	0.5036430295145717	1.2812895817739167
1983	12	25	0.0008271862581499999	0.36933822164401925	1.328637840166261
1983	12	26	0.000824304048704	0.28539771672492403	1.4456826028193193
1983	12	27	0.000824304048704	0.21824531278964773	1.5026982164215223
1983	12	28	0.0012451022758700001	0.20145721180582868	1.3121111908223686
1983	12	29	0.00207080442236	0.18466911082200962	1.1916709329379527
1983	12	30	0.14211120581199999	0.15109290885437152	1.165978932339989
1983	12	31	0.053465465872000004	0.13430480787055246	0.90640288796743
1984	01	01	0.0434989065726	0.13430480787055246	1.0877627263121168
1984	01	02	0.0012418187779499998	0.11751670688673342	1.1053891726357166
1984	01	03	0.0230267428745	0.10072860590291434	1.2764813185953592
1984	01	04	0.00193383327568	0.10072860590291434	0.9655654002892116
1984	01	05	0.0	0.08394050491909529	1.0927436971094477
1984	01	06	0.0999174219656	0.08394050491909529	1.2787111636692505
1984	01	07	0.14721813209800003	0.08394050491909529	0.9795153261157813
1984	01	08	5.9105815505	0.08394050491909529	0.6747214239462134
1984	01	09	0.41690040798399997	1.443776684608439	0.9577974517025118
1984	01	10	0.0020809351817000004	0.4197025245954764	0.9517019284058582
1984	01	11	0.0008243041067299999	0.21824531278964773	1.1500181797118456
1984	01	12	0.06531271166	0.16788100983819057	1.2559260570451194
1984	01	13	0.000420798604335	0.13430480787055246	1.2453660766238064
1984	01	14	0.015930691111099998	0.11751670688673342	1.2683929337279334
1984	01	15	0.0109564635174	0.10072860590291434	1.295530703992776
1984	01	16	0.00122742552536	0.08394050491909529	1.4617362465681643
1984	01	17	0.00125222796538	0.08394050491909529	1.4081912832958405
1984	01	18	0.043232203603	0.06715240393527623	1.4223745413665232
1984	01	19	0.36231586234700003	0.06715240393527623	1.106402764526411
1984	01	20	6.226808744	0.06715240393527623	1.1498069129743202
1984	01	21	0.40910858966499997	0.16788100983819057	1.0698828540962855
1984	01	22	0.40327393029999997	0.16788100983819057	1.3200006146803689
1984	01	23	0.369235346795	0.13430480787055246	0.995257825783321
1984	01	24	0.065486344794	0.13430480787055246	1.2811636275528608
1984	01	25	0.00042079855598	0.11751670688673342	1.4735731268731533
1984	01	26	2.49120501669	0.08394050491909529	1.1776299164222523
1984	01	27	0.06754785383800001	0.15109290885437152	1.162682735910559
1984	01	28	0.00042079857532199995	0.11751670688673342	1.2770374025828521
1984	01	29	0.56320093626	0.08394050491909529	1.453026823904731
1984	01	30	0.00382119904043	0.08394050491909529	1.4263614517258851
1984	01	31	0.7043950508129999	0.08394050491909529	1.347360123654878
1984	02	01	0.46651306350800004	0.08394050491909529	1.1835635587116209
1984	02	02	0.01715809478	0.08394050491909529	1.0908991637939096
1984	02	03	0.00547825158425	0.06715240393527623	1.5512326476550722
1984	02	04	0.0088435386019	0.05036430295145717	1.2156487941011043
1984	02	05	0.00235715847712	0.05036430295145717	1.5100788373824925
1984	02	06	0.00125589424148	0.033576201967638115	1.7310742794875311
1984	02	07	0.00042079851729600004	0.033576201967638115	1.7777695945772383
1984	02	08	0.00290523957856	0.033576201967638115	1.8273473734668708
1984	02	09	0.00179640236966	0.033576201967638115	1.7043145499124925
1984	02	10	0.00083583280912	0.016788100983819058	1.6846143801754572
1984	02	11	0.0	0.016788100983819058	1.9358086845091949
1984	02	12	0.00164860772991	0.016788100983819058	2.0450577198669158
1984	02	13	0.000828940326104	0.016788100983819058	1.904824935789724
1984	02	14	0.0	0.016788100983819058	1.9709354950723506
1984	02	15	0.0008296660669569999	0.016788100983819058	1.878737505894418
1984	02	16	0.0012476266970000002	0.016788100983819058	1.7717162453297766
1984	02	17	0.00207517058873	0.016788100983819058	2.1188359442827958
1984	02	18	0.021094414213	0.016788100983819058	1.9738001227158262
1984	02	19	2.81866556024	0.016788100983819058	1.8434140544101143
1984	02	20	0.00126568941712	0.016788100983819058	1.80426158454362
1984	02	21	0.0336588052692	0.016788100983819058	1.7344021297158996
1984	02	22	0.044154478518	0.016788100983819058	1.6704845937042898
1984	02	23	0.542690727815	0.016788100983819058	1.6918402604584108
1984	02	24	0.006387201311899999	0.016788100983819058	1.7101877176993086
1984	02	25	0.00165437261301	0.016788100983819058	1.7545263374399205
1984	02	26	0.687328550074	0.016788100983819058	1.8034131615835938
1984	02	27	12.700508446999999	0.016788100983819058	1.3201606730832904
1984	02	28	0.050256749926599995	0.016788100983819058	1.853034414686034
1984	02	29	4.6192651439	0.016788100983819058	1.589273245774449
1984	03	01	0.00082296757453	0.016788100983819058	2.075793010610656
1984	03	02	0.00165437261301	0.016788100983819058	2.4659288673238264
1984	03	03	0.0028947382265	0.016788100983819058	2.4040179212988906
1984	03	04	0.0048281993621	0.016788100983819058	2.4507073652365805
1984	03	05	0.0	0.016788100983819058	1.9894133619131387
1984	03	06	0.00124798491084	0.016788100983819058	2.398010856561409
1984	03	07	0.00123933758619	0.016788100983819058	2.4547552810265216
1984	03	08	0.00042656295552999997	0.016788100983819058	2.9560273662762153
1984	03	09	0.0008358328381330001	0.0	2.7834846933291026
1984	03	10	0.0029053898659	0.0	2.325852802574237
1984	03	11	0.000430151834617	0.0	2.405686300788881
1984	03	12	0.00042079855598	0.0	2.46087219621655
1984	03	13	2.6340599997700003	0.0	1.8508777980737383
1984	03	14	5.9133194106	0.0	1.810126189845706
1984	03	15	2.25120338796	0.0	1.7431193116842623
1984	03	16	4.1048095292	0.0	1.6907548381359674
1984	03	17	0.645055467896	0.016788100983819058	2.2183970781851072
1984	03	18	0.14641754737600002	0.016788100983819058	2.3912309510532013
1984	03	19	10.7053598708	0.016788100983819058	1.896068444745237
1984	03	20	1.9817220367699997	0.20145721180582868	2.0077338542358194
1984	03	21	7.135591066639999	0.18466911082200962	2.297821475725906
1984	03	22	0.03399876412959999	0.13430480787055246	1.9952166831826057
1984	03	23	0.006054475392399999	0.06715240393527623	2.3475086556770366
1984	03	24	9.265120702299999	0.11751670688673342	1.876502792451314
1984	03	25	0.85591773534	0.5204311304983907	1.9993549631174627
1984	03	26	0.5115059597	0.23503341377346684	2.404903934161013
1984	03	27	0.285399275614	0.10072860590291434	2.7883966759655388
1984	03	28	3.13751088686	0.05036430295145717	2.3628242370813357
1984	03	29	0.058880510218000004	0.033576201967638115	2.7334882670407032
1984	03	30	0.115710391267	0.033576201967638115	2.7313735677057704
1984	03	31	6.03964239944	0.016788100983819058	2.353354815761895
1984	04	01	0.66023791277	0.08394050491909529	2.3636564014281873
1984	04	02	0.130144262057	0.11751670688673342	2.681674312720709
1984	04	03	0.32199652526	0.05036430295145717	2.2240273681385005
1984	04	04	0.19567230820300002	0.033576201967638115	2.7545379036239748
1984	04	05	0.0	0.016788100983819058	3.0543361128331274
1984	04	06	0.000824304048704	0.016788100983819058	4.062615691232285
1984	04	07	0.00123933748948	0.016788100983819058	4.271022233947692
1984	04	08	0.0005120753881799999	0.016788100983819058	3.2932735783055893
1984	04	09	0.00420252657043	0.016788100983819058	3.5837412039625987
1984	04	10	0.196470165703	0.016788100983819058	3.395921286651376
1984	04	11	3.54098423318	0.016788100983819058	3.166387353932395
1984	04	12	3.1993365260499997	0.016788100983819058	3.044632963266001
1984	04	13	2.2951651427899997	10.744384629644196	3.2763613604376363
1984	04	14	8.470384034000002	3.172951085941802	3.2291696919349864
1984	04	15	0.60700302288	0.6211597364013051	3.0933693884867703
1984	04	16	0.0016530074546500001	0.33576201967638114	3.835091903933018
1984	04	17	0.00166187189325	0.18466911082200962	4.557418316607126
1984	04	18	0.00375207024888	0.11751670688673342	4.448445519660177
1984	04	19	0.00165437261301	0.06715240393527623	4.8019225295555765
1984	04	20	0.0012451022758700001	0.033576201967638115	4.622315373120496
1984	04	21	0.5770041611400001	0.016788100983819058	3.2537148740295594
1984	04	22	3.2745377385	0.033576201967638115	3.452877246902412
1984	04	23	1.8876546375199998	0.033576201967638115	3.5991181277708746
1984	04	24	9.0530143961	0.033576201967638115	3.4251910554402376
1984	04	25	2.24392015786	0.05036430295145717	3.6019670183761328
1984	04	26	0.159760974232	0.05036430295145717	4.174233001703884
1984	04	27	3.76741947982	0.05036430295145717	2.9448072984968494
1984	04	28	0.367948494522	0.06715240393527623	3.572535899055068
1984	04	29	5.09843833943	0.06715240393527623	3.504642519673869
1984	04	30	0.8091955386249999	0.016788100983819058	2.9529719242944448
1984	05	01	3.37494428483	0.016788100983819058	2.892704358942855
1984	05	02	1.03746667955	0.016788100983819058	3.067138629474662
1984	05	03	0.0100690187089	0.016788100983819058	3.2407018983502485
1984	05	04	0.00156668739679	0.016788100983819058	3.4265140748396936
1984	05	05	0.032807387837000004	0.016788100983819058	3.4696101602740685
1984	05	06	0.6137363599199999	0.016788100983819058	3.371115349692759
1984	05	07	0.020551213485	0.016788100983819058	3.814810429089725
1984	05	08	4.37741335616	0.016788100983819058	3.2254153736444495
1984	05	09	0.9567542059749999	0.016788100983819058	4.246176123628694
1984	05	10	0.0100555624795	0.016788100983819058	4.417089339057893
1984	05	11	0.00126194519276	0.016788100983819058	4.706359331267273
1984	05	12	0.0012479847174199999	0.016788100983819058	4.806637779122273
1984	05	13	0.00386172391528	0.016788100983819058	4.1251240473089545
1984	05	14	0.5860883248600001	0.016788100983819058	3.065199316586178
1984	05	15	0.075042540353	0.016788100983819058	3.1250408890286048
1984	05	16	0.351734637498	0.016788100983819058	3.0145830218895426
1984	05	17	14.581952174900001	0.016788100983819058	2.695877753302541
1984	05	18	6.4845776438	0.016788100983819058	2.842651496990371
1984	05	19	3.1448217760199997	0.016788100983819058	3.455302411132918
1984	05	20	6.74690419577	0.016788100983819058	2.2429820907058984
1984	05	21	3.9106090794999995	0.016788100983819058	3.010504621684346
1984	05	22	1.31891918138	0.016788100983819058	3.123891009515115
1984	05	23	0.23295549286599998	0.016788100983819058	3.215469585824354
1984	05	24	0.92235537772	0.016788100983819058	3.132348587992584
1984	05	25	0.00257399544968	0.016788100983819058	3.9494957382126334
1984	05	26	0.3625155008	0.016788100983819058	3.8215622956247985
1984	05	27	0.00166301877714	0.016788100983819058	4.318151846705887
1984	05	28	0.00250128645393	0.016788100983819058	3.9381223113341974
1984	05	29	8.5764159109	0.016788100983819058	2.969743076816714
1984	05	30	0.0644835355936	0.016788100983819058	4.731744026796957
1984	05	31	0.000426562994214	0.016788100983819058	3.7826296689683545
1984	06	01	0.191911546433	0.016788100983819058	3.6499348851498783
1984	06	02	1.8896559542599998	0.016788100983819058	2.7706322295239
1984	06	03	0.44724709691000003	0.016788100983819058	3.2123375551254787
1984	06	04	1.02829412289	0.016788100983819058	2.8463050529267955
1984	06	05	0.0008405354295799999	0.0	3.6174187791251438
1984	06	06	0.35865628825	0.0	4.024595501564716
1984	06	07	0.8561256618399999	0.0	4.138263710282324
1984	06	08	0.0008358329058299999	0.0	5.3082790920641925
1984	06	09	0.0033841710958	0.0	5.500842628120354
1984	06	10	0.00166100459797	0.0	6.184677709656593
1984	06	11	0.00042079855598	0.0	6.668585034534487
1984	06	12	0.00042079851729600004	0.0	6.046919256879533
1984	06	13	0.00042079851729600004	0.0	6.843933066262749
1984	06	14	0.00208841773111	0.0	6.549534404791789
1984	06	15	0.00124045284591	0.0	6.709457416532652
1984	06	16	0.000814099799435	0.0	6.301389245499236
1984	06	17	0.0658307619854	0.0	5.596308485165156
1984	06	18	1.0626262696000002	0.0	4.564658748641401
1984	06	19	0.364799133372	0.0	4.88880740887735
1984	06	20	0.0459935506936	0.0	5.124127235323149
1984	06	21	0.0135502044412	0.0	4.727787529458941
1984	06	22	0.00115747150738	0.0	5.781751082342172
1984	06	23	0.0016618472322	0.0	6.330394635680187
1984	06	24	0.00166590112198	0.0	6.5279910623901145
1984	06	25	0.0	0.0	5.995908235734159
1984	06	26	0.0094638529826	0.0	5.316552123191084
1984	06	27	0.0021217464148600004	0.0	5.527943210025137
1984	06	28	0.0155295041826	0.0	5.059469993992016
1984	06	29	0.00124213115125	0.0	5.4450126366930265
1984	06	30	0.03283040094859999	0.0	4.444303126455659
1984	07	01	0.041422943252	0.0	5.104289639161157
1984	07	02	0.000841597140973	0.0	6.09847158102458
1984	07	03	0.0014633991825900002	0.0	6.979751316887584
1984	07	04	0.00414457716475	0.0	6.621733115482107
1984	07	05	0.0005570113028400001	0.0	6.6297910946118055
1984	07	06	0.00048419631293	0.0	6.471247787389554
1984	07	07	0.00197875642462	0.0	6.136982980845271
1984	07	08	0.00249461549484	0.0	6.289956046045411
1984	07	09	0.00111854360476	0.0	6.3524734018775755
1984	07	10	0.015954124911199997	0.0	5.315142750705682
1984	07	11	0.013722479766800001	0.0	4.730372099820595
1984	07	12	0.00123933758619	0.0	5.7579030712333354
1984	07	13	0.00124222002774	0.0	6.940518436190589
1984	07	14	0.00083583280912	0.0	6.774545579185129
1984	07	15	0.0	0.0	6.897760322288267
1984	07	16	0.0024902055188399997	0.0	6.669002034863055
1984	07	17	0.00098149731441	0.0	6.41063954087049
1984	07	18	0.00105923358609	0.0	6.1171830356618555
1984	07	19	0.00179350764594	0.0	6.330101172757961
1984	07	20	0.0015904863738500001	0.0	6.037456736722854
1984	07	21	0.00165437261301	0.0	7.03640590413724
1984	07	22	0.0197733033896	0.0	7.299674571761602
1984	07	23	0.0012466247814	0.0	6.518675602819239
1984	07	24	0.000834671544453	0.0	6.349207591170765
1984	07	25	0.000427813628592	0.0	6.0125834172090125
1984	07	26	0.0	0.0	6.1835476272248595
1984	07	27	0.0008321447442569999	0.0	6.951182051418573
1984	07	28	0.00042656295552999997	0.0	7.821127895411992
1984	07	29	0.0035485403788999997	0.0	6.911611868692221
1984	07	30	0.000830194770856	0.0	5.198709622858044
1984	07	31	0.048631329483	0.0	5.246678556667929
1984	08	01	0.00208161166815	0.0	6.849826224094725
1984	08	02	0.00166013633559	0.0	6.3520066217098
1984	08	03	0.00124422008725	0.0	5.459847144792641
1984	08	04	0.00248754773462	0.0	5.602119805444779
1984	08	05	0.00082744070216	0.0	6.514616326509098
1984	08	06	0.00042079855598	0.0	6.729413399165501
1984	08	07	0.0	0.0	6.408079819528658
1984	08	08	0.0	0.0	6.376279275362853
1984	08	09	0.0008300686029899999	0.0	6.404853122067887
1984	08	10	0.0	0.0	5.789526323621766
1984	08	11	0.0008409389037	0.0	5.434552794133845
1984	08	12	6.385741474450001e-05	0.0	5.821277833132003
1984	08	13	0.00012771481014699999	0.0	5.515377349241404
1984	08	14	0.00192835475089	0.0	5.732471115620941
1984	08	15	0.0008329506577000001	0.0	5.41566935603858
1984	08	16	0.0027246116036799997	0.0	4.856427697004532
1984	08	17	0.000824304048704	0.0	5.522052597685406
1984	08	18	0.00083583280912	0.0	6.008467437736415
1984	08	19	0.00042656295552999997	0.0	5.884518252477338
1984	08	20	2.46813184818e-05	0.0	5.376404126035089
1984	08	21	0.29573370621399997	0.0	3.8673151871314477
1984	08	22	1.17613798803	0.0	3.6159243021232066
1984	08	23	0.223761553625	0.0	3.742099780355773
1984	08	24	0.073038477049	0.0	4.49967175808576
1984	08	25	0.0018203466051400002	0.0	5.335740980725141
1984	08	26	0.0	0.0	5.425684171731489
1984	08	27	0.0162885152098	0.0	4.980698636530407
1984	08	28	0.000830068477267	0.0	5.548162261752619
1984	08	29	0.0	0.0	5.3165258897138
1984	08	30	0.00041215205336499997	0.0	5.627403403161173
1984	08	31	0.000879054393965	0.0	5.44908206611744
1984	09	01	0.12102565990599999	0.0	4.543520531948044
1984	09	02	0.010024324182399999	0.0	4.364761262730917
1984	09	03	0.0008300686029899999	0.0	4.856557703042322
1984	09	04	0.0012462694688599998	0.0	4.761525454270851
1984	09	05	0.000523432488346	0.0	4.1872553230800476
1984	09	06	0.00048052326712999993	0.0	4.995822710435406
1984	09	07	0.36467844896299995	0.0	3.4458820511391055
1984	09	08	0.081556780888	0.0	4.4353860806039975
1984	09	09	0.00041215205336499997	0.0	4.7921365362787105
1984	09	10	0.00125788443657	0.0	4.53998545186542
1984	09	11	0.00042656295552999997	0.0	4.833625772733323
1984	09	12	0.0016580236089300002	0.0	4.441315539284682
1984	09	13	0.00125663078484	0.0	4.675331860670727
1984	09	14	0.00207517058873	0.0	4.938350855898577
1984	09	15	0.00122241207896	0.0	4.888773985679643
1984	09	16	0.00166013633559	0.0	4.926392581444091
1984	09	17	0.00042079855598	0.0	4.814330786142311
1984	09	18	0.00042079855598	0.0	4.154431074259827
1984	09	19	0.000426562994214	0.0	4.112494292735719
1984	09	20	0.000413577781198	0.0	4.49942844609231
1984	09	21	0.00192537269804	0.0	3.906709936354797
1984	09	22	0.00042079855598	0.0	4.4794801712025585
1984	09	23	0.00286155837944	0.0	3.5857259546860036
1984	09	24	0.025636157588	0.0	3.0515399691776537
1984	09	25	0.000830068477267	0.0	3.822217199328518
1984	09	26	0.000831221918095	0.0	3.8922576676990785
1984	09	27	0.042183890413399996	0.0	3.4237190430349176
1984	09	28	1.0546668431800001	0.0	2.8528557783031046
1984	09	29	0.046442279291	0.0	2.64981365239239
1984	09	30	0.00125086706226	0.0	3.3008633238596414
1984	10	01	0.96035302685	0.0	2.466164402213307
1984	10	02	3.0251974053299997	0.0	2.442785403191895
1984	10	03	0.05111133170999999	0.0	2.439318631958762
1984	10	04	2.0618426935	0.0	2.2360438450077353
1984	10	05	0.015025163466799999	0.0	2.2099716599931574
1984	10	06	0.00041215205336499997	0.0	2.603590770832906
1984	10	07	0.0012385987217899998	0.0	2.9210891815390365
1984	10	08	0.000420798604335	0.0	3.319808576122169
1984	10	09	0.00041215205336499997	0.0	3.441874551629251
1984	10	10	0.0016716649412699999	0.0	3.228756956113552
1984	10	11	0.00250362432147	0.0	3.2912985979243246
1984	10	12	0.00387940530787	0.0	3.4873117659801696
1984	10	13	0.0024893408347299996	0.0	3.3288588086829445
1984	10	14	0.0012548972580899997	0.0	3.3093058045064687
1984	10	15	0.0012519006020299999	0.0	3.048602896572975
1984	10	16	0.0024873222069	0.0	3.2205455730543164
1984	10	17	0.00042079851729600004	0.0	2.9715437620624923
1984	10	18	0.0012612905627699999	0.0	2.3760275270044295
1984	10	19	9.662587197099999	0.0	1.7547510981900387
1984	10	20	0.09630162848559999	0.0	1.9764178606308231
1984	10	21	0.00166301868043	0.0	2.342622883763327
1984	10	22	0.00041215205336499997	0.0	2.8281216698634046
1984	10	23	0.00042079855598	0.0	2.819532732201637
1984	10	24	0.000824304048704	0.0	2.6350774204531637
1984	10	25	0.1418948462	0.0	2.2032970882969076
1984	10	26	0.296242961732	0.0	2.0877840437270385
1984	10	27	1.24432327682	0.0	1.9089316056180832
1984	10	28	0.035974301852	0.0	2.2285925470857664
1984	10	29	0.0	0.0	2.565858480908012
1984	10	30	0.000426562994214	0.0	2.3126710349216903
1984	10	31	0.00330200618309	0.0	2.181237525830282
1984	11	01	0.5397697086459999	0.0	1.6133869500318618
1984	11	02	5.0646611147	0.0	1.7044406760016009
1984	11	03	1.01125440115	0.0	1.8853183789217858
1984	11	04	14.922765951699999	0.0	1.1850723082273165
1984	11	05	0.096683520802	0.0	1.4271668508993955
1984	11	06	4.3984855947699995	0.0	1.0634072063273992
1984	11	07	14.489408441699998	0.0	0.989245391010408
1984	11	08	2.99216842587	0.0	1.316123588987385
1984	11	09	6.50542764283	0.0	1.286481030832635
1984	11	10	0.00165713871243	0.0	1.6313084305223806
1984	11	11	0.00041215205336499997	0.0	1.552501566806501
1984	11	12	8.568667505699999	0.0	1.504312830998472
1984	11	13	0.007645864554099999	0.0	1.1722194359551237
1984	11	14	1.23345626425	0.0	1.1430169371269607
1984	11	15	1.4109327503599998	0.0	1.1782590855479278
1984	11	16	9.613614220199999	0.0	0.8859842450891414
1984	11	17	1.20525553154	0.0	1.223477584466108
1984	11	18	2.50250915846	0.0	1.0552028569264837
1984	11	19	0.025928715009	0.0	1.1796487387779833
1984	11	20	0.20795722476700002	0.0	1.4001031249161153
1984	11	21	0.20373037882300002	0.0	1.2568865141138794
1984	11	22	0.017220114903	0.0	1.38354008752517
1984	11	23	0.017119350819799997	0.0	1.4138977913768331
1984	11	24	0.0040862470118	0.0	1.5011652352125195
1984	11	25	0.003847760151799999	0.0	1.5515588295427272
1984	11	26	0.115628632633	0.0	1.5211715061871958
1984	11	27	0.00207805293357	0.0	1.7141443721881817
1984	11	28	0.0016632914026299998	0.0	1.6358863918787687
1984	11	29	1.6711578907399998	0.0	1.3119686753606605
1984	11	30	4.47898390405	0.0	0.8966281016886302
1984	12	01	1.59535736642	0.0	0.9415345518213913
1984	12	02	1.10458312942	0.0	1.1116264797878905
1984	12	03	1.6711376783499998	0.016788100983819058	1.0195590722465193
1984	12	04	0.38817130986000004	0.016788100983819058	1.0054055555800863
1984	12	05	0.41185444768199997	0.016788100983819058	1.1796172883020608
1984	12	06	25.576236072	0.33576201967638114	0.7783582994554578
1984	12	07	3.5847060505000004	0.48685492853075263	1.1448254990564446
1984	12	08	0.86553245012	0.21824531278964773	0.9451787271397316
1984	12	09	0.00166301868043	0.15109290885437152	1.3071060649892516
1984	12	10	0.00041215205336499997	0.10072860590291434	1.1508162210877304
1984	12	11	0.0	0.06715240393527623	1.1035800577653374
1984	12	12	7.539668850459999	0.11751670688673342	0.9735171127538432
1984	12	13	0.72309825225	0.6715240393527623	1.010324370894944
1984	12	14	0.077929991481	0.23503341377346684	1.2431464204556604
1984	12	15	2.05078651617	0.20145721180582868	0.9842850888573832
1984	12	16	0.121723480582	0.15109290885437152	1.2990263130278539
1984	12	17	0.023395837556599998	0.08394050491909529	0.9986144207084646
1984	12	18	0.39919344527	0.06715240393527623	1.132929054577105
1984	12	19	0.00042079851729600004	0.05036430295145717	1.2221286011906096
1984	12	20	0.00166120875278	0.05036430295145717	1.1498820431120442
1984	12	21	0.0025505365049800005	0.033576201967638115	1.2409679134301297
1984	12	22	0.00041215205336499997	0.033576201967638115	1.346994629529928
1984	12	23	0.0022389515849	0.033576201967638115	1.2689819393241117
1984	12	24	0.00082718635486	0.033576201967638115	1.158534780087085
1984	12	25	0.00167122171934	0.033576201967638115	1.084829903476501
1984	12	26	0.0056920469306	0.033576201967638115	0.9707221926221553
1984	12	27	0.32221035107	0.033576201967638115	0.9566129686162071
1984	12	28	0.12361652080600001	0.016788100983819058	1.230511460455283
1984	12	29	0.0182204019066	0.016788100983819058	1.2195483155128357
1984	12	30	0.0008358328381330001	0.016788100983819058	1.2746799075413964
1984	12	31	0.0008324458315	0.016788100983819058	1.1742443610432718
1985	01	01	0.0	0.016788100983819058	1.2838259130589749
1985	01	02	0.0037381901395499998	0.016788100983819058	1.2075543898944667
1985	01	03	0.60130661046	0.016788100983819058	1.3170737080908788
1985	01	04	13.479836310999998	0.016788100983819058	1.0613019219562065
1985	01	05	10.151635160600001	1.4605647855922579	1.0503171905252342
1985	01	06	1.31623054667	1.1583789678835148	1.0183451896393665
1985	01	07	0.0008271862581499999	0.3861263226278383	1.1079679505813977
1985	01	08	0.00042079855598	0.25182151475728587	1.0870753422532577
1985	01	09	0.0020809351817000004	0.16788100983819057	1.030772887552516
1985	01	10	0.00123933758619	0.11751670688673342	1.0666943957527049
1985	01	11	0.0	0.06715240393527623	1.1330376264270952
1985	01	12	0.0	0.06715240393527623	1.0024792963082136
1985	01	13	11.293165185	0.15109290885437152	0.7888976680608506
1985	01	14	0.0073700895095300005	0.6211597364013051	1.0482516749471604
1985	01	15	0.00125208261025	0.25182151475728587	0.8318498937603339
1985	01	16	0.0526153588603	0.15109290885437152	1.13292274377013
1985	01	17	11.8961684757	0.6883121403365814	0.9990559809227576
1985	01	18	0.0630904957406	2.014572118058287	1.272539704167257
1985	01	19	8.0573607686	0.6883121403365814	1.5309828784830044
1985	01	20	23.1448074096	13.480845090006703	0.631500349561252
1985	01	21	18.667878109500002	21.085854835676734	0.8406193989177464
1985	01	22	9.5213528802	10.358258307016358	1.1016077634258918
1985	01	23	2.40504926912	1.8466911082200965	1.166615665909201
1985	01	24	0.00290523957856	0.8561931501747719	1.1773624223779249
1985	01	25	9.318930146299998	0.4700668275469337	1.4914940259528442
1985	01	26	0.8945880025199999	1.0912265639482388	1.2385325837252683
1985	01	27	0.0020823529502999997	0.6211597364013051	1.3966032481294908
1985	01	28	0.00378569999086	0.3861263226278383	1.530615846174513
1985	01	29	0.0077003954546999995	0.28539771672492403	1.460319718879693
1985	01	30	0.0	0.25182151475728587	1.782895688580849
1985	01	31	0.000824304048704	0.21824531278964773	1.9209561467256953
1985	02	01	0.00042079851729600004	0.18466911082200962	1.9364529852665886
1985	02	02	0.000841597140973	0.15109290885437152	1.8022485859138357
1985	02	03	0.00123933748948	0.13430480787055246	2.041376334346103
1985	02	04	0.295895327966	0.11751670688673342	1.5547666456290523
1985	02	05	0.083200725165	0.13430480787055246	1.6292082057200348
1985	02	06	1.14053884361	0.11751670688673342	1.6425124933722468
1985	02	07	7.127123719299999	1.6955981993657248	1.4428429550337172
1985	02	08	4.831810997049999	2.7868247633139633	1.4933995537425933
1985	02	09	18.9082198673	15.411476703145894	1.107264032940516
1985	02	10	8.7595324275	3.9284156302136592	1.5118945587384829
1985	02	11	6.952601820399999	4.062720438084212	1.0805349376572144
1985	02	12	4.58160365873	2.937917672168335	1.115106565534635
1985	02	13	4.23600380074	1.5780814924789914	1.0692671632285635
1985	02	14	0.06438405388499999	1.0576503619806006	1.3050177646226597
1985	02	15	0.0039677361600500005	0.5036430295145717	1.5835582923938665
1985	02	16	5.117744266599999	4.986065992194261	1.5440845710968443
1985	02	17	7.23875384797	5.019642194161898	1.4091073778513525
1985	02	18	0.9729533727499999	1.7963268052686392	1.708658331709901
1985	02	19	1.59611199455	0.906557453126229	1.8858265770080227
1985	02	20	21.3002392047	9.703522368647414	0.9534188685285838
1985	02	21	2.4118581366700003	3.0218581770874304	1.2702882964789195
1985	02	22	0.0022350616185699995	1.3262599777217055	1.706607239462885
1985	02	23	0.0203157778255	0.6043716354174861	1.8356685106154944
1985	02	24	0.120685840308	0.40291442361165736	1.8368688568137304
1985	02	25	1.8099770688099999	0.3189739186925621	1.6364564477149146
1985	02	26	1.61478311728	0.3189739186925621	1.6201994904761958
1985	02	27	2.9322771801	0.43649062557929547	1.3575820400748195
1985	02	28	2.61661042105	0.3525501206602002	1.8055807285780348
1985	03	01	0.030516980729499998	0.28539771672492403	1.667582736491376
1985	03	02	0.0008358328381330001	0.21824531278964773	2.037724228118673
1985	03	03	0.0050893811578	0.16788100983819057	1.8927779485187666
1985	03	04	0.0274846851003	0.15109290885437152	1.6588457846486813
1985	03	05	0.00042079851729600004	0.11751670688673342	1.945023551965998
1985	03	06	0.0016670250856	0.10072860590291434	2.256731474883998
1985	03	07	0.00137148184006	0.08394050491909529	2.450966102285917
1985	03	08	0.0266580273623	0.08394050491909529	2.024875427233164
1985	03	09	0.0040502757273	0.06715240393527623	2.399181696552794
1985	03	10	0.00081853980389	0.06715240393527623	2.8552550301027857
1985	03	11	0.00042079851729600004	0.06715240393527623	2.6814099944128804
1985	03	12	0.000413593061378	0.05036430295145717	2.401062343111455
1985	03	13	0.00041215205336499997	0.033576201967638115	2.13959557632812
1985	03	14	0.0012497051883199998	0.033576201967638115	2.6488246201104193
1985	03	15	0.0006193715839230001	0.033576201967638115	2.6360541817957306
1985	03	16	0.0016601366257200001	0.016788100983819058	2.4854893518122947
1985	03	17	0.0020694066727300004	0.016788100983819058	2.341955126594281
1985	03	18	0.0102167645101	0.016788100983819058	2.6803923171491384
1985	03	19	1.6888657818700001	0.016788100983819058	2.020827884889282
1985	03	20	0.548841880326	0.016788100983819058	1.969693340566329
1985	03	21	2.17535257444	0.016788100983819058	1.8822807198424778
1985	03	22	1.19762269479	0.016788100983819058	2.1020861269725595
1985	03	23	0.00396474008425	0.016788100983819058	2.432348394679323
1985	03	24	0.00248741949716	0.016788100983819058	2.5758387408186127
1985	03	25	0.8831709034699999	0.016788100983819058	2.4216854165947646
1985	03	26	0.00165883210453	0.016788100983819058	3.032941361572655
1985	03	27	0.010688773138699998	0.016788100983819058	2.8461023517463553
1985	03	28	0.00124742882834	0.016788100983819058	2.6741091885668182
1985	03	29	0.00854511523585	0.016788100983819058	3.1046428361918825
1985	03	30	0.00166875890248	0.016788100983819058	3.123743557006473
1985	03	31	0.00291675290406	0.016788100983819058	3.453956712309988
1985	04	01	0.0	0.016788100983819058	3.772236173155427
1985	04	02	0.00165014967415	0.016788100983819058	4.323508000716847
1985	04	03	0.0	0.016788100983819058	4.456105910939703
1985	04	04	3.96038126784	0.016788100983819058	2.6324479946823454
1985	04	05	2.30020605483	0.016788100983819058	2.393652303976442
1985	04	06	0.54334850088	0.016788100983819058	2.3997821563841324
1985	04	07	0.8694734793299999	0.016788100983819058	2.66376493212426
1985	04	08	1.9724839107299998	0.016788100983819058	2.5065944286315265
1985	04	09	1.19204330147	0.016788100983819058	2.540006391513832
1985	04	10	0.84786904559	0.016788100983819058	2.904527799188404
1985	04	11	0.00084159720867	0.016788100983819058	3.655349074104943
1985	04	12	0.000840145736635	0.016788100983819058	4.064879181284213
1985	04	13	0.00042079851729600004	0.016788100983819058	3.9131915153577643
1985	04	14	0.000831036544367	0.016788100983819058	4.117205539114471
1985	04	15	0.0	0.016788100983819058	4.523463696519045
1985	04	16	0.0	0.0	4.922674514355429
1985	04	17	0.00166425985657	0.0	4.822658635629024
1985	04	18	0.006540738494740001	0.0	4.886582298122291
1985	04	19	0.56358197366	0.0	4.220156282085121
1985	04	20	15.2870290022	0.0	2.603130668038967
1985	04	21	1.4947407659699998	0.0	2.6545739333027454
1985	04	22	5.7511464116	0.0	2.4634704200635635
1985	04	23	16.3096163647	0.0	2.4012275449047906
1985	04	24	4.061411883800001	0.016788100983819058	2.696611209416359
1985	04	25	5.3670365348999995	0.016788100983819058	3.1813000609539417
1985	04	26	3.1861102730299997	0.016788100983819058	3.838858750491768
1985	04	27	8.7691637764	0.016788100983819058	3.3312844953326177
1985	04	28	0.328807539772	0.016788100983819058	3.6180118044555587
1985	04	29	0.1068195566396	0.016788100983819058	4.480554638886254
1985	04	30	0.015088754160199998	0.016788100983819058	5.054783218842495
1985	05	01	0.07955576394899999	0.016788100983819058	4.386017368639366
1985	05	02	2.6629082059300004	0.0	3.5724420411711835
1985	05	03	0.337852497258	0.0	3.5044260019102036
1985	05	04	0.1083598171585	0.0	3.617081293577948
1985	05	05	0.285928898258	0.0	2.662203654500322
1985	05	06	4.06337451654	0.0	2.6085954128307907
1985	05	07	0.0019525862150699999	0.0	3.7001570664734027
1985	05	08	0.00123933758619	0.0	4.067494800983034
1985	05	09	0.0	0.0	4.737604021538651
1985	05	10	0.0029115618980999998	0.0	4.197907805707829
1985	05	11	0.00125086706226	0.0	4.0428548147605685
1985	05	12	0.179439844175	0.0	4.222624568348135
1985	05	13	0.09236335937899999	0.0	3.3766064233388846
1985	05	14	0.403280845065	0.0	3.327733047403344
1985	05	15	0.46218492350999996	0.0	3.140444497573542
1985	05	16	0.0012297240319299998	0.0	3.313683572991265
1985	05	17	0.00042656295552999997	0.0	4.979910668527029
1985	05	18	0.00617838952856	0.0	5.0717829321006285
1985	05	19	4.252408331200001	0.0	4.826789503356483
1985	05	20	0.00304941649063	0.0	4.026748777145754
1985	05	21	0.00123933758619	0.0	4.377819505473875
1985	05	22	0.667569758987	0.0	4.509016687498434
1985	05	23	0.40528691026599994	0.0	3.502515295352828
1985	05	24	0.028820875913999996	0.0	4.4034629711863085
1985	05	25	0.0024902055188399997	0.0	4.822833640479805
1985	05	26	7.48813673354	0.0	3.264470084003694
1985	05	27	0.53515397245	0.0	3.566128577227606
1985	05	28	1.23406592409e-05	0.0	5.132842954707029
1985	05	29	0.28440298853600005	0.0	3.9570279305517513
1985	05	30	5.04984959136	0.0	4.1706564979793095
1985	05	31	0.160787173713	0.0	4.144966743045283
1985	06	01	9.8351855341	0.0	3.854732861909328
1985	06	02	1.03869160841	0.0	4.018601139969849
1985	06	03	0.06859581306899999	0.0	3.770174054136443
1985	06	04	0.14093669187499996	0.0	4.51186689063472
1985	06	05	0.803106483605	0.0	3.8185816280523257
1985	06	06	1.30052687358	0.0	4.186683228668961
1985	06	07	0.099783811298	0.0	4.477766884593895
1985	06	08	0.000438903664093	0.0	4.3803533650405715
1985	06	09	0.00042656295552999997	0.0	5.890045430534599
1985	06	10	0.00041215205336499997	0.0	6.185807336405363
1985	06	11	0.0	0.0	6.172344192770026
1985	06	12	0.00249718130785	0.0	5.797785085308763
1985	06	13	0.0022734789890999996	0.0	4.868267844543889
1985	06	14	0.662245573686	0.0	4.836625070983127
1985	06	15	5.9766250996300005	0.0	4.96786774835389
1985	06	16	0.432000069098	0.0	5.134795181182968
1985	06	17	0.169949894966	0.0	6.341755843619242
1985	06	18	5.01840704274	0.0	5.356938068066466
1985	06	19	0.62436778693	0.0	4.79952837605156
1985	06	20	0.0	0.0	5.989602138547727
1985	06	21	0.0012451296448	0.0	5.316083397124337
1985	06	22	0.0	0.0	5.1106154101721915
1985	06	23	0.00165536040895	0.0	5.381331559190302
1985	06	24	0.0008403101919899999	0.0	6.260144702223166
1985	06	25	0.00081853980389	0.0	6.359666125787932
1985	06	26	0.0016546258965	0.0	6.536044313788677
1985	06	27	0.0012508960752599999	0.0	6.720203774108831
1985	06	28	0.0016673595087799999	0.0	6.549954795867112
1985	06	29	0.00042079851729600004	0.0	6.684418047199706
1985	06	30	0.00041215205336499997	0.0	6.180423349870643
1985	07	01	0.0025046982860200003	0.0	6.019463511470394
1985	07	02	1.06685414067	0.0	3.923693223813844
1985	07	03	0.064816676399	0.0	4.367168596930178
1985	07	04	0.00125695998568	0.0	6.2507546096795945
1985	07	05	0.000824304048704	0.0	7.190536991073409
1985	07	06	0.00247867517238	0.0	6.958097061755209
1985	07	07	0.006102358447599999	0.0	6.3931203592450885
1985	07	08	0.0016659012186900002	0.0	5.782343263944923
1985	07	09	0.00326608973316	0.0	5.946795506605119
1985	07	10	0.0028086962098899998	0.0	6.317959433463766
1985	07	11	0.00444180954715	0.0	6.23860531378083
1985	07	12	0.0036719104246	0.0	7.009854596756266
1985	07	13	0.0028152119494299997	0.0	5.847740998111036
1985	07	14	0.00042656295552999997	0.0	5.9338723217218385
1985	07	15	0.000836644747596	0.0	6.196730903659705
1985	07	16	0.0030997631363699997	0.0	6.522735683383193
1985	07	17	0.00123699875155	0.0	6.706759809832715
1985	07	18	0.008692204859699999	0.0	5.689505607714178
1985	07	19	0.0093888524434	0.0	6.088944770919086
1985	07	20	0.00123357367019	0.0	6.7438609452083655
1985	07	21	0.0012493787920699999	0.0	6.923628192556642
1985	07	22	0.0	0.0	6.853194801275028
1985	07	23	0.000822352750376	0.0	7.64003465258743
1985	07	24	0.00042656295552999997	0.0	7.323800428846371
1985	07	25	0.0023511441789300005	0.0	5.536379247259111
1985	07	26	0.010408420519699998	0.0	5.073956871991847
1985	07	27	0.0	0.0	5.57056428606007
1985	07	28	0.000492129395546	0.0	5.093231653263172
1985	07	29	0.27416078059200005	0.0	4.365636966155995
1985	07	30	0.0025348106853	0.0	4.993146254001838
1985	07	31	0.0033279425478599995	0.0	5.668053301455259
1985	08	01	0.00169319606883	0.0	6.1658844170194405
1985	08	02	0.0016507873798899998	0.0	7.059287794940801
1985	08	03	0.00166301877714	0.0	7.150148915953602
1985	08	04	0.007788868663999999	0.0	7.24471123582651
1985	08	05	0.0012634539654699998	0.0	5.18233973402324
1985	08	06	0.0037404246241	0.0	5.575208146429845
1985	08	07	0.0	0.0	6.369987021508212
1985	08	08	0.0012343908696899998	0.0	6.192834237781766
1985	08	09	0.00165957435378	0.0	5.383675930701566
1985	08	10	0.0040348466139	0.0	4.893414609571348
1985	08	11	0.0008300686029899999	0.0	5.57588461386521
1985	08	12	0.0106193411613	0.0	5.251977877972341
1985	08	13	0.00206740129417	0.0	5.711478857408698
1985	08	14	0.0012335737669	0.0	5.890005131930043
1985	08	15	0.000837107688695	0.0	5.82466739905858
1985	08	16	0.0	0.0	5.530120124380025
1985	08	17	0.0008300686029899999	0.0	6.1798015143616665
1985	08	18	0.00083262561539	0.0	5.736256910060634
1985	08	19	0.00125456061058	0.0	5.536437634060659
1985	08	20	0.000466896538	0.0	5.999952539028655
1985	08	21	0.0012561101949100002	0.0	6.177190619866013
1985	08	22	0.0008267045069559999	0.0	6.164204361496653
1985	08	23	0.0	0.0	5.263981791467904
1985	08	24	0.0020684716804500003	0.0	4.740149571172884
1985	08	25	0.0008300686029899999	0.0	4.462865976304581
1985	08	26	0.0	0.0	5.474181041319058
1985	08	27	0.0	0.0	5.7839984121041566
1985	08	28	0.00042079851729600004	0.0	5.6282373577546725
1985	08	29	0.00164879263943	0.0	5.552281624537741
1985	08	30	0.0008247053081649999	0.0	5.314575037413387
1985	08	31	0.0019386528185300002	0.0	5.447379590126569
1985	09	01	0.00290173093976	0.0	6.019721760579613
1985	09	02	0.00248571188869	0.0	5.733228589222601
1985	09	03	0.00083799524472	0.0	5.132666157201579
1985	09	04	0.00042079855598	0.0	5.902855563026752
1985	09	05	0.00042079855598	0.0	5.435967040721613
1985	09	06	0.000420798604335	0.0	5.262295226355248
1985	09	07	0.0379543733392	0.0	4.270055454264325
1985	09	08	0.0387173794565	0.0	4.845856143993201
1985	09	09	0.027393707102000002	0.0	4.895595349660702
1985	09	10	0.148032672073	0.0	4.713363358957778
1985	09	11	0.032675359344999995	0.0	4.877980486443618
1985	09	12	0.9805402722500001	0.0	3.7931080967462965
1985	09	13	0.8327407486449999	0.0	4.672892791381666
1985	09	14	0.0587088257905	0.0	5.4855889790116485
1985	09	15	0.0	0.0	5.726670594979105
1985	09	16	0.0	0.0	5.056322176744057
1985	09	17	0.038619581469000006	0.0	3.820881068257378
1985	09	18	0.0017743523929499999	0.0	4.204431008118532
1985	09	19	1.3093427637600001	0.0	3.3383612361339305
1985	09	20	3.4451699611999995	0.0	3.305923679190892
1985	09	21	0.13719744808	0.0	3.500531530094076
1985	09	22	0.00167007986437	0.0	3.6285401026373547
1985	09	23	0.0140889004174	0.0	3.947043509173933
1985	09	24	0.0031854388154999996	0.0	3.6166768716484268
1985	09	25	0.0055761757783	0.0	4.138864905923681
1985	09	26	0.0008347093677339999	0.0	4.209330861435096
1985	09	27	0.0016634990389999998	0.0	4.257814694255254
1985	09	28	0.00040661951604	0.0	4.212460411192041
1985	09	29	0.0	0.0	4.566048158919813
1985	09	30	0.0	0.0	3.2910800777632763
1985	10	01	0.0016322549392999998	0.0	3.6612991548727862
1985	10	02	0.00520664164596	0.0	2.985112471968434
1985	10	03	0.040479102006999994	0.0	3.340452425697084
1985	10	04	0.216795812784	0.0	2.253933687053753
1985	10	05	0.0008243041067299999	0.0	2.9751354824302756
1985	10	06	0.0	0.0	3.267424572005402
1985	10	07	0.000818539745864	0.0	3.3745222480337436
1985	10	08	0.0008243041067299999	0.0	2.8819160462670106
1985	10	09	0.0008338965298549999	0.0	3.342106184350228
1985	10	10	0.000830068477267	0.0	3.634303136599835
1985	10	11	0.0	0.0	3.4446989400431685
1985	10	12	0.000405710519408	0.0	3.06009115072067
1985	10	13	0.0017835157621599999	0.0	3.2441843561853196
1985	10	14	0.0	0.0	3.61733554017978
1985	10	15	0.0016588144066	0.0	3.3182487797631657
1985	10	16	0.00125314419592	0.0	3.3164759300655455
1985	10	17	0.000824304048704	0.0	3.285205427951043
1985	10	18	0.0021364206099999997	0.0	3.1027566043344668
1985	10	19	0.00299830341814	0.0	2.9061090029940715
1985	10	20	0.0033700466003	0.0	3.018094458826356
1985	10	21	0.0	0.0	2.842044656628885
1985	10	22	0.08334403971399999	0.0	2.7206978081218134
1985	10	23	0.016746659492800003	0.0	2.7263580981054036
1985	10	24	0.0012405486855199999	0.0	2.56367959322625
1985	10	25	0.00041215205336499997	0.0	2.6083129309892756
1985	10	26	0.0024959682743199998	0.0	2.425558994850232
1985	10	27	0.0	0.0	2.557868306737038
1985	10	28	0.0029137678532	0.0	2.392023727261926
1985	10	29	0.000952450785053	0.0	2.498394448223803
1985	10	30	0.6685663845500001	0.0	2.0988289461317056
1985	10	31	0.012845601492899998	0.0	2.035468318029603
1985	11	01	0.056556278788	0.0	2.0295268264414648
1985	11	02	3.2760328751	0.0	1.549005155075826
1985	11	03	0.6186989368599999	0.0	1.8132605435259905
1985	11	04	14.948188109399998	0.0	1.1793811118500055
1985	11	05	2.63792317743	0.0	1.5182387567925713
1985	11	06	0.181985831635	0.0	1.73594640369898
1985	11	07	0.137760822514	0.0	2.0272923796443485
1985	11	08	0.005811175952669999	0.0	2.322124735653595
1985	11	09	0.16571384223	0.0	2.1183140959674187
1985	11	10	0.0023435962535599997	0.0	2.090535261676204
1985	11	11	3.00583915805	0.0	1.6520199960810296
1985	11	12	0.5944681206369999	0.0	1.3033535720073235
1985	11	13	0.0023072464461199997	0.0	1.5124600179504588
1985	11	14	0.084479782612	0.0	1.4614038114534993
1985	11	15	0.0043526192331999995	0.0	1.4307810077789027
1985	11	16	0.00077392544998	0.0	1.3339008264659067
1985	11	17	0.00332490633741	0.0	1.493410318594272
1985	11	18	0.00042079851729600004	0.0	1.4982277682903367
1985	11	19	0.00041215205336499997	0.0	1.5017309086375368
1985	11	20	0.1130738987206	0.0	1.306372197768023
1985	11	21	0.000426563023227	0.0	1.230801668325852
1985	11	22	0.00043683336411	0.0	1.331361148217292
1985	11	23	0.00041215210172	0.0	1.4697750194874237
1985	11	24	0.0042810515121599994	0.0	1.138473073783309
1985	11	25	9.4776631706	0.0	1.063410797439951
1985	11	26	2.8884302200399996	0.0	1.0507162972585506
1985	11	27	0.68744108183	0.0	1.1852478973394756
1985	11	28	0.00083051443609	0.0	1.2187334866444626
1985	11	29	0.004082329289699999	0.0	1.5426528902528591
1985	11	30	0.00257106552352	0.0	1.3703251386964492
1985	12	01	0.0	0.0	1.3987669351775631
1985	12	02	0.00042079855598	0.0	1.401689273217536
1985	12	03	0.00125201230208	0.0	1.4297567844517034
1985	12	04	1.4180391945800002	0.0	1.27782774109456
1985	12	05	8.931274881	0.0	1.0909552176652066
1985	12	06	0.009403316391	0.0	1.2961976131756718
1985	12	07	7.853169208800001	0.0	1.217924434338094
1985	12	08	1.05984459987	0.0	0.9723872220145242
1985	12	09	0.00042079855598	0.0	1.0233637646922826
1985	12	10	1.33848796633	0.0	0.9948918758021219
1985	12	11	1.7657011998999999	0.0	1.148185204041392
1985	12	12	0.00042656295552999997	0.0	1.3003071112898126
1985	12	13	0.00374127132015	0.0	1.3775460086741584
1985	12	14	0.00123933758619	0.0	1.4532466717608805
1985	12	15	0.0	0.0	1.2647384727006206
1985	12	16	0.00082872094914	0.0	1.337960735978094
1985	12	17	0.0	0.0	1.296037732178567
1985	12	18	0.00165363993805	0.0	1.3184229616270762
1985	12	19	0.074577549002	0.0	1.2052376712033754
1985	12	20	0.044307692302599996	0.0	1.3136250483592395
1985	12	21	0.32684778899	0.0	1.0252642829359557
1985	12	22	11.1160437213	0.0	1.029826773783036
1985	12	23	0.26817971195799994	0.0	1.0341539563849804
1985	12	24	1.0045635198	0.0	0.8738554662211483
1985	12	25	2.1521797946300003	0.0	0.9684658062935618
1985	12	26	0.59771209318	0.0	1.0036042864062376
1985	12	27	7.25493207703	0.0	0.7697333805990202
1985	12	28	4.6997268968000006	0.0	0.7957239020738051
1985	12	29	0.3498473031639999	0.0	0.9116771246156045
1985	12	30	0.0012422199310300002	0.0	0.7900464064284783
1985	12	31	0.56620387847	0.0	1.2858792986538023
1986	01	01	0.797804725353	0.0	1.1419747967940552
1986	01	02	3.66715674126	0.0	0.9635140266307674
1986	01	03	1.22836622353	0.0	0.9489826399528776
1986	01	04	0.0	0.0	0.9936512559566305
1986	01	05	1.78148959095	0.0	1.1443316206645135
1986	01	06	0.00165234421747	0.0	1.105289150473003
1986	01	07	6.539334845799999	0.0	0.9344146409765007
1986	01	08	1.71675868665	0.06715240393527623	1.0096663562732213
1986	01	09	0.46369862843	0.033576201967638115	1.0513234131543812
1986	01	10	0.00212269775113	0.033576201967638115	1.3145020005880266
1986	01	11	0.0020615951159	0.016788100983819058	1.3508938965515802
1986	01	12	0.00750087053924	0.016788100983819058	1.1257931757591415
1986	01	13	0.0008243041067299999	0.016788100983819058	1.4206864909354902
1986	01	14	0.00042079855598	0.016788100983819058	1.4566803131043558
1986	01	15	0.00759584101647	0.016788100983819058	1.4102214355951468
1986	01	16	0.081192725764	0.016788100983819058	1.1489604995264964
1986	01	17	0.0021448824448699996	0.016788100983819058	1.3459728575556806
1986	01	18	0.0022138842561900004	0.016788100983819058	1.4208208538208258
1986	01	19	0.00083006850628	0.016788100983819058	1.507950652250646
1986	01	20	0.0663006478295	0.016788100983819058	1.2397694923081666
1986	01	21	3.53731466894	0.016788100983819058	0.9316767529031695
1986	01	22	0.00042656295552999997	0.016788100983819058	1.2690116241366494
1986	01	23	0.19155488962399997	0.016788100983819058	1.3749701657930826
1986	01	24	0.119411676387	0.016788100983819058	1.2559085719730012
1986	01	25	0.00248856435014	0.016788100983819058	1.5217976900145245
1986	01	26	0.0008273656165159999	0.016788100983819058	1.3607442799737772
1986	01	27	0.000415037696016	0.016788100983819058	1.4917708386164161
1986	01	28	0.0191927126414	0.016788100983819058	1.1281929710113952
1986	01	29	5.5433272597	0.016788100983819058	1.1921697591847857
1986	01	30	6.19828654725	0.016788100983819058	1.2224494419443779
1986	01	31	0.359815918518	0.016788100983819058	1.1646771242327718
1986	02	01	0.35101131439499994	0.016788100983819058	1.1668171644475256
1986	02	02	0.05258085369939999	0.016788100983819058	1.3596447841410264
1986	02	03	0.749893256755	0.016788100983819058	1.3718595030032619
1986	02	04	1.7760672546699998	0.016788100983819058	1.253648571037925
1986	02	05	0.20408369913699997	0.016788100983819058	1.1958778095483957
1986	02	06	0.191010015813	0.016788100983819058	1.3313291554288558
1986	02	07	4.7687227121	0.016788100983819058	1.4915463650197922
1986	02	08	7.7148768101	0.016788100983819058	0.9568136185708364
1986	02	09	0.0076172703084	0.05036430295145717	1.4346973538667396
1986	02	10	0.00289419394262	0.033576201967638115	1.5437790987452435
1986	02	11	1.31522660016	0.033576201967638115	1.9285556621811957
1986	02	12	0.128659463756	0.016788100983819058	1.749527775702051
1986	02	13	13.3956579928	0.06715240393527623	0.5821909549471311
1986	02	14	12.4655544033	4.2641776498900406	1.2447697065267258
1986	02	15	0.42461150246600005	1.5780814924789914	1.5872189330906605
1986	02	16	3.4529198170499997	1.5780814924789914	1.4991037767614483
1986	02	17	12.0329550997	9.904979580453245	1.0471210025161757
1986	02	18	2.0326652865000003	5.4057685167897365	1.2609708064613143
1986	02	19	9.292995425600001	2.568579450524316	1.4638169525755222
1986	02	20	9.4070290879	4.549575366614964	1.4186101964823181
1986	02	21	11.4867457236	6.664876090576166	1.1001292837349816
1986	02	22	0.31306883832	1.762750603301001	1.329706214033411
1986	02	23	0.029423566831400003	0.9569217560776861	1.9140584676970527
1986	02	24	1.35688743067	0.4700668275469337	1.6458818558324122
1986	02	25	0.19125671335199998	0.40291442361165736	1.7184711632270238
1986	02	26	0.0049684694803	0.3189739186925621	2.012727639176068
1986	02	27	0.457672667014	0.2686096157411049	2.027018632794463
1986	02	28	2.2102325833	0.20145721180582868	1.608206124496127
1986	03	01	2.9443459111299997	0.16788100983819057	1.6662078877355206
1986	03	02	2.89054033553	0.15109290885437152	1.8817076454365111
1986	03	03	17.069513255500002	0.9569217560776861	1.456494176178789
1986	03	04	4.37134963916	7.688950250589128	1.6904956953885828
1986	03	05	0.0837212048456	1.5780814924789914	2.4274995733478537
1986	03	06	0.0255862668332	0.6883121403365814	2.106365990963478
1986	03	07	4.388570885569999	3.240103489877078	1.6562403502801446
1986	03	08	0.037248311037	1.2423194728026101	1.793461915550625
1986	03	09	0.00125086715897	0.43649062557929547	2.2840523916026165
1986	03	10	0.00124922212187	0.28539771672492403	2.0892454025486
1986	03	11	0.000420798604335	0.20145721180582868	2.544248951806788
1986	03	12	0.839289746754	0.15109290885437152	2.236621409949567
1986	03	13	0.16551403937	0.15109290885437152	1.9514009614722976
1986	03	14	0.00166590112198	0.15109290885437152	2.56726035147074
1986	03	15	0.00042656295552999997	0.11751670688673342	2.887024205403463
1986	03	16	0.00166013633559	0.11751670688673342	2.7957848231875957
1986	03	17	0.106245547974	0.08394050491909529	2.7217288804975115
1986	03	18	0.0091861579544	0.08394050491909529	2.5488058030507577
1986	03	19	0.127265079634	0.06715240393527623	2.410094432468765
1986	03	20	0.00042079855598	0.06715240393527623	3.0700339075572294
1986	03	21	0.00262221660304	0.05036430295145717	2.8805046377438432
1986	03	22	0.0	0.033576201967638115	3.1687614315453145
1986	03	23	0.0060098219676499995	0.033576201967638115	3.15427991018146
1986	03	24	0.22854407588700001	0.033576201967638115	2.312251211608333
1986	03	25	0.28998986721	0.033576201967638115	1.810430283214456
1986	03	26	0.00124668290411	0.033576201967638115	2.568659091219513
1986	03	27	0.002493483601	0.033576201967638115	3.292927289224498
1986	03	28	0.0825472518266	0.033576201967638115	2.380880053085245
1986	03	29	0.21657581687599997	0.016788100983819058	2.7248250983559084
1986	03	30	0.0012422199310300002	0.016788100983819058	3.041466926318877
1986	03	31	0.00167307942173	0.016788100983819058	3.620746744146644
1986	04	01	0.0455776203256	0.016788100983819058	3.8341866721389293
1986	04	02	1.94077879446	0.016788100983819058	2.2693992480331815
1986	04	03	0.28036170974	0.016788100983819058	2.4973296775538554
1986	04	04	1.72434684338	0.016788100983819058	2.9431765776269314
1986	04	05	15.565176633199998	0.016788100983819058	2.4771486701712218
1986	04	06	10.2548798553	1.5780814924789914	2.3397577204170346
1986	04	07	0.0420974703574	0.5707954334498481	2.371965700530725
1986	04	08	1.0297747529899999	0.2686096157411049	2.3456916664369616
1986	04	09	0.00165725302365	0.16788100983819057	2.8268731445286828
1986	04	10	0.00042079851729600004	0.15109290885437152	3.164299369159497
1986	04	11	0.58296536554	0.11751670688673342	2.5664091880947377
1986	04	12	0.029312025385799998	0.06715240393527623	2.488586640963505
1986	04	13	0.0	0.05036430295145717	3.314555603160185
1986	04	14	3.70896756898	0.05036430295145717	2.004400678605269
1986	04	15	0.5899796934849999	0.05036430295145717	2.8537837946366835
1986	04	16	3.2586013811499996	0.033576201967638115	2.50939233687379
1986	04	17	0.770102068485	0.033576201967638115	2.5829154993296717
1986	04	18	0.306259835376	0.033576201967638115	2.7914222826512565
1986	04	19	0.49310103124499993	0.033576201967638115	3.131209834281583
1986	04	20	0.0143348697301	0.033576201967638115	3.1822141489300746
1986	04	21	2.9043755714199997	0.033576201967638115	3.1912668150430474
1986	04	22	0.9184337872199999	0.033576201967638115	2.444348031605222
1986	04	23	0.618229477507	0.033576201967638115	2.5425224841930776
1986	04	24	10.0060769396	0.033576201967638115	2.9654279127974394
1986	04	25	1.68886491148	0.016788100983819058	2.886521116472932
1986	04	26	1.50128958033	0.016788100983819058	2.8297123652261478
1986	04	27	0.0092819811237	0.016788100983819058	3.2323275272082355
1986	04	28	0.045757907107600006	0.016788100983819058	3.47248464374262
1986	04	29	0.0	0.016788100983819058	4.299374804760726
1986	04	30	0.00204692401548	0.016788100983819058	5.230243637551774
1986	05	01	0.0005179536154	0.016788100983819058	4.8929035923347275
1986	05	02	0.0013054578263499998	0.016788100983819058	3.861473786340699
1986	05	03	0.08679875301800001	0.016788100983819058	3.4865456151193785
1986	05	04	2.1829125885600003	0.016788100983819058	2.808069260743014
1986	05	05	8.435908853199999	0.016788100983819058	2.8120755700321216
1986	05	06	0.367902479904	0.016788100983819058	3.0197822215318153
1986	05	07	0.0294727380638	0.016788100983819058	3.9228233044099037
1986	05	08	0.0012513113479999999	0.016788100983819058	4.642526047466654
1986	05	09	0.00247662840194	0.016788100983819058	5.735254026842882
1986	05	10	0.0	0.016788100983819058	6.149593728785025
1986	05	11	0.0031916554310099997	0.016788100983819058	6.1256102319547105
1986	05	12	0.285938279128	0.0	5.735756248706689
1986	05	13	0.19267262512000002	0.0	4.373138590148347
1986	05	14	0.0008300686029899999	0.0	4.009085458210264
1986	05	15	0.00083583280912	0.0	5.126730025497017
1986	05	16	0.00124035526552	0.0	5.101655041699215
1986	05	17	0.0016901078284	0.0	5.448787328025732
1986	05	18	0.09379512191600001	0.0	4.780573427043251
1986	05	19	0.0	0.0	5.110143463793189
1986	05	20	0.0008243041067299999	0.0	4.397703106608269
1986	05	21	0.00126466400099	0.0	5.3318765788864475
1986	05	22	0.0057459066638000005	0.0	6.262749639796062
1986	05	23	0.0035179935583	0.0	5.589194458211795
1986	05	24	0.0231004881179	0.0	6.3567481345353105
1986	05	25	0.0008303417603849999	0.0	6.400710690499541
1986	05	26	0.0024110379391599998	0.0	6.050028321491892
1986	05	27	0.00373690795837	0.0	6.437045326452621
1986	05	28	0.00248405998518	0.0	6.1253255053074165
1986	05	29	0.0	0.0	5.518993860719254
1986	05	30	1.0036480629400002	0.0	4.370642248606128
1986	05	31	0.00164110245365	0.0	5.529610587991429
1986	06	01	0.0008195321452	0.0	6.396128092660863
1986	06	02	0.138718435263	0.0	5.340655671102795
1986	06	03	1.3845138026900001	0.0	5.025997023950254
1986	06	04	0.0170130172077	0.0	5.628103005932999
1986	06	05	0.621622064307	0.0	6.580473357556045
1986	06	06	0.070188065851	0.0	6.0711710965948305
1986	06	07	0.00260514332293	0.0	5.475841159769015
1986	06	08	0.0013132903692499999	0.0	5.784196276517988
1986	06	09	0.0	0.0	6.226934399847932
1986	06	10	0.00216195446775	0.0	5.333756918255527
1986	06	11	0.00042656295552999997	0.0	6.204447776128308
1986	06	12	0.00042079855598	0.0	7.106122805369049
1986	06	13	0.0016716649412699999	0.0	7.546073920998762
1986	06	14	0.00125086706226	0.0	6.270034313275653
1986	06	15	0.0012377439021	0.0	5.890596986021817
1986	06	16	0.0045844466426	0.0	5.822694876041728
1986	06	17	0.0020794243780800003	0.0	5.647350479850223
1986	06	18	0.00026090804837399997	0.0	5.88116032051532
1986	06	19	0.00047553148377	0.0	5.477659875861327
1986	06	20	0.0023303836366499998	0.0	4.08509581776273
1986	06	21	0.0166519600937	0.0	4.610531795889839
1986	06	22	0.00361312467084	0.0	5.031620718475732
1986	06	23	0.52735730896	0.0	4.6892265907585475
1986	06	24	0.00107784706966	0.0	5.5286455592882895
1986	06	25	0.0016592815158999999	0.0	6.065991995207262
1986	06	26	0.850447401887	0.0	5.119802059851417
1986	06	27	0.0012335737669	0.0	5.408690333370665
1986	06	28	0.0	0.0	5.634171565119361
1986	06	29	0.0020662630174700003	0.0	5.273166701105832
1986	06	30	0.000299314577713	0.0	5.742443823029673
1986	07	01	0.00166301877714	0.0	7.126790832646101
1986	07	02	0.0	0.0	6.80142642847879
1986	07	03	0.00082718635486	0.0	6.872521196511405
1986	07	04	0.00042656295552999997	0.0	7.025270012045767
1986	07	05	0.00124222002774	0.0	7.379375517058882
1986	07	06	0.0	0.0	6.668245113555029
1986	07	07	0.0021006640217000002	0.0	6.31323365034812
1986	07	08	0.0009863473209099998	0.0	7.000506899992439
1986	07	09	0.00695904966952	0.0	6.838617304205803
1986	07	10	0.00540495333447	0.0	6.419040352336881
1986	07	11	0.012894808507999999	0.0	6.256816005207427
1986	07	12	0.0038429884803999996	0.0	5.792437471516966
1986	07	13	0.00041215205336499997	0.0	7.1968422738123135
1986	07	14	0.0	0.0	6.629411004436538
1986	07	15	0.0008300686029899999	0.0	6.872806518240187
1986	07	16	0.0016678943150800001	0.0	6.944026646582869
1986	07	17	0.000824304048704	0.0	7.384620550746746
1986	07	18	0.0008089394021899999	0.0	7.326527688643882
1986	07	19	0.00082718635486	0.0	6.279125310099649
1986	07	20	0.0	0.0	6.853363230905297
1986	07	21	0.00041215205336499997	0.0	7.3281260621743005
1986	07	22	0.008928113431099999	0.0	5.421549342721334
1986	07	23	0.032440360814699996	0.0	4.914256320416895
1986	07	24	0.0012774832983299999	0.0	5.180000253325465
1986	07	25	0.00017844669050099998	0.0	5.12168420320565
1986	07	26	0.0011859634339	0.0	5.622901671755598
1986	07	27	0.00165980839198	0.0	6.794846136538584
1986	07	28	0.0012451022758700001	0.0	6.843668789156475
1986	07	29	0.000420798604335	0.0	7.298864488252538
1986	07	30	0.0	0.0	6.080756378676547
1986	07	31	0.000839526870003	0.0	5.5026037974989395
1986	08	01	0.00042079855598	0.0	5.911471066947977
1986	08	02	0.00134516569512	0.0	6.225471158907039
1986	08	03	0.031037839513299997	0.0	4.478426104477771
1986	08	04	0.0008243041067299999	0.0	4.912016004880296
1986	08	05	0.0016659012186900002	0.0	5.8744808205903665
1986	08	06	0.00083006850628	0.0	6.216120070356072
1986	08	07	0.0139257022924	0.0	5.626100575603821
1986	08	08	0.0011938959749399998	0.0	5.21960927413255
1986	08	09	0.0508336995433	0.0	4.799478834671591
1986	08	10	0.28162938441999996	0.0	4.3620295283424895
1986	08	11	0.0008358328381330001	0.0	4.795616385950959
1986	08	12	0.0	0.0	5.635148122330519
1986	08	13	0.000823105927856	0.0	5.910610347828395
1986	08	14	0.0008267824939	0.0	6.3717523230940065
1986	08	15	0.00042079857532199995	0.0	6.161605636042278
1986	08	16	0.0192365706264	0.0	5.518503970257193
1986	08	17	0.013865949051799999	0.0	5.128238734839074
1986	08	18	0.48544284680399996	0.0	3.7324855211722157
1986	08	19	1.23406592409e-05	0.0	4.948047625275263
1986	08	20	0.0012451022758700001	0.0	5.970775751565924
1986	08	21	0.00124510217916	0.0	6.184775891535735
1986	08	22	0.00249041924794	0.0	5.9894147772981725
1986	08	23	0.0239617564307	0.0	4.486278070852423
1986	08	24	0.00123245144735	0.0	5.269418623464958
1986	08	25	0.0016606149533799999	0.0	5.335739700107636
1986	08	26	0.21582466063500003	0.0	4.227120051980488
1986	08	27	0.00166545964083	0.0	3.9042842870338124
1986	08	28	0.000824304048704	0.0	4.542831174224239
1986	08	29	0.0	0.0	5.422705019682492
1986	08	30	0.048747475291699996	0.0	5.344903001569698
1986	08	31	0.83320809972	0.0	3.334189853132291
1986	09	01	0.06152090984840001	0.0	4.636129307530836
1986	09	02	0.0012335737669	0.0	5.420748248774254
1986	09	03	0.0008243041067299999	0.0	5.489587209824588
1986	09	04	0.000836816988106	0.0	5.085024689843301
1986	09	05	0.00042079851729600004	0.0	5.411803308632626
1986	09	06	0.00042079851729600004	0.0	5.1556893175303875
1986	09	07	0.0	0.0	4.622840830049558
1986	09	08	0.072406728645	0.0	4.491189008624447
1986	09	09	2.8837249884099996	0.0	3.3977378394917386
1986	09	10	0.80943097912	0.0	3.4216510314364417
1986	09	11	6.0383760787	0.0	3.4920758214577283
1986	09	12	0.5172153989569999	0.0	3.328320943939738
1986	09	13	0.07482219628900001	0.0	3.611838631833883
1986	09	14	0.800655387997	0.0	3.819617679567128
1986	09	15	16.3990015493	0.0	2.08739288546302
1986	09	16	4.6175468973300005	0.0	3.01231586276543
1986	09	17	3.91087686949	0.06715240393527623	3.1792865953616776
1986	09	18	2.6073132052	0.25182151475728587	3.4192649122500822
1986	09	19	0.0216446235147	0.16788100983819057	3.6948968042170374
1986	09	20	0.88468654259	0.05036430295145717	2.9538619677739164
1986	09	21	2.25529731568	0.033576201967638115	3.2135720434674955
1986	09	22	0.24352038339600002	0.033576201967638115	3.6541169149641766
1986	09	23	2.85744385249	0.016788100983819058	3.0427603756326116
1986	09	24	0.0065919605594	0.016788100983819058	2.948609955688445
1986	09	25	0.00203817620914	0.016788100983819058	2.901107536510049
1986	09	26	0.0016534058998499998	0.016788100983819058	3.1815962343655655
1986	09	27	0.0	0.016788100983819058	3.4486634255593387
1986	09	28	0.0	0.016788100983819058	3.816845626896212
1986	09	29	0.00248632058143	0.016788100983819058	3.3928023668928775
1986	09	30	0.0	0.016788100983819058	3.3592128075345355
1986	10	01	0.0	0.016788100983819058	3.672560234493368
1986	10	02	0.0112712323241	0.016788100983819058	3.44237433401042
1986	10	03	0.29045417191999995	0.016788100983819058	3.1631453788017585
1986	10	04	0.00114897437336	0.016788100983819058	3.2118243844854426
1986	10	05	0.27990078987999994	0.016788100983819058	3.0563671400966506
1986	10	06	2.47676863144	0.016788100983819058	3.171547941454324
1986	10	07	10.0073680181	0.016788100983819058	2.4190460274469068
1986	10	08	0.7396280221599999	0.016788100983819058	2.265970429281618
1986	10	09	0.067402953245	0.016788100983819058	3.1248858759514704
1986	10	10	5.14225203125	0.016788100983819058	2.933826417891661
1986	10	11	18.793886404000002	0.016788100983819058	2.2045020333023233
1986	10	12	3.45456408047	0.016788100983819058	2.05300359103171
1986	10	13	1.9989423160800002	0.016788100983819058	1.9746234807485292
1986	10	14	9.6707234094	0.016788100983819058	1.8584452485693983
1986	10	15	1.54746367312	0.016788100983819058	1.8215364534020215
1986	10	16	0.064235497654	0.016788100983819058	2.0976288219476102
1986	10	17	0.24699627618999997	0.016788100983819058	2.382127645794914
1986	10	18	0.00213022604437	0.016788100983819058	2.1783610086788103
1986	10	19	0.0008243041067299999	0.016788100983819058	2.3068561207254383
1986	10	20	0.00042079851729600004	0.016788100983819058	2.6552006589002173
1986	10	21	0.0016572540874600001	0.0	2.765437041877044
1986	10	22	0.00123087226976	0.0	2.41803302434843
1986	10	23	0.62947039995	0.0	1.8634817283336076
1986	10	24	0.9967153098800001	0.0	1.5012179793574343
1986	10	25	0.160869222477	0.0	1.7521664310718466
1986	10	26	0.00040926985359	0.0	2.3287196204882084
1986	10	27	0.0008289595810649999	0.0	2.5667876769482243
1986	10	28	0.0	0.0	2.5978158459993916
1986	10	29	0.000436833422136	0.0	2.4530797767087873
1986	10	30	0.00390732703223	0.0	2.1254934528077465
1986	10	31	0.000426562994214	0.0	2.3601296555004967
1986	11	01	0.072984880367	0.0	2.1295574152765746
1986	11	02	0.00542618553142	0.0	1.9395283932401344
1986	11	03	0.0016665715157	0.0	2.2470035585072483
1986	11	04	0.000825696779085	0.0	2.3006037795524423
1986	11	05	0.0008343550319649999	0.0	2.2155184895866333
1986	11	06	0.0020699344191999996	0.0	2.2562880122908435
1986	11	07	0.0008271862581499999	0.0	2.0996660789737076
1986	11	08	0.00175648493032	0.0	1.6102766503165007
1986	11	09	0.0512968843515	0.0	1.5220192259054017
1986	11	10	0.167116088875	0.0	1.911166825685696
1986	11	11	21.022962930800002	0.016788100983819058	1.0951074665747256
1986	11	12	0.056729496069000004	0.016788100983819058	1.4042085301592706
1986	11	13	9.78404963805	0.016788100983819058	1.411312314497286
1986	11	14	9.646955959800001	0.016788100983819058	1.3870159946900493
1986	11	15	0.0004909115651999999	0.016788100983819058	1.1965842189346192
1986	11	16	0.0	0.016788100983819058	1.5709158162200565
1986	11	17	0.0	0.016788100983819058	1.6355720456178775
1986	11	18	0.0012451022758700001	0.016788100983819058	1.6116846937711635
1986	11	19	0.00123933855329	0.016788100983819058	1.6004404124946372
1986	11	20	0.0090804065365	0.016788100983819058	1.7053498478321198
1986	11	21	0.15229760241499998	0.016788100983819058	0.9703054878990589
1986	11	22	0.664082850924	0.016788100983819058	1.2034437542350294
1986	11	23	0.155770081346	0.016788100983819058	1.113438154897214
1986	11	24	0.0008300686029899999	0.016788100983819058	1.3677384773113452
1986	11	25	0.0	0.016788100983819058	1.7025800431737066
1986	11	26	0.0024968094579	0.016788100983819058	1.4536154740733944
1986	11	27	0.00208068015743	0.016788100983819058	1.5124406092058293
1986	11	28	0.0020739382131999998	0.016788100983819058	1.4540262938986184
1986	11	29	0.000409269901945	0.016788100983819058	1.3785421168736176
1986	11	30	0.0	0.016788100983819058	1.4789357961899352
1986	12	01	0.00042079857532199995	0.016788100983819058	1.3396032650225849
1986	12	02	0.0299362284756	0.016788100983819058	1.0718476558451435
1986	12	03	0.0	0.016788100983819058	1.2957108157100832
1986	12	04	0.00042079851729600004	0.016788100983819058	1.3331001483326805
1986	12	05	0.0008300686029899999	0.016788100983819058	1.2788092615461868
1986	12	06	0.0013535875887600002	0.016788100983819058	1.1733330353346316
1986	12	07	0.0008300686029899999	0.016788100983819058	1.2204274501392103
1986	12	08	6.9138249788	0.016788100983819058	1.205207967375151
1986	12	09	0.0024915020131000003	0.016788100983819058	1.0634818757775946
1986	12	10	0.0025017339311000004	0.016788100983819058	1.280479754277441
1986	12	11	0.0008243041067299999	0.016788100983819058	1.3651619554351924
1986	12	12	0.0	0.016788100983819058	1.3111219233492222
1986	12	13	6.7012293199999995	0.016788100983819058	1.1718241763047816
1986	12	14	0.40614058877799997	0.033576201967638115	1.043430420008331
1986	12	15	0.583314237194	0.033576201967638115	1.0526261963307402
1986	12	16	0.06828152491100001	0.033576201967638115	1.041526185588619
1986	12	17	0.00124510217916	0.016788100983819058	1.2487318378063603
1986	12	18	0.00042079855598	0.016788100983819058	1.3579919277035422
1986	12	19	0.0142467930318	0.016788100983819058	1.184726409886308
1986	12	20	0.115903907977	0.016788100983819058	0.970196108020921
1986	12	21	1.0223195725099998	0.016788100983819058	0.7977072087017193
1986	12	22	0.181444362016	0.016788100983819058	1.0927028807401193
1986	12	23	0.0008290648498999999	0.016788100983819058	0.917050895079898
1986	12	24	0.000420798604335	0.016788100983819058	1.0341609587006417
1986	12	25	0.000824304048704	0.016788100983819058	1.1180554961035427
1986	12	26	0.002487323174	0.016788100983819058	1.2413190118493005
1986	12	27	0.00212543116257	0.016788100983819058	1.2025343236873336
1986	12	28	6.17032962045e-06	0.016788100983819058	1.3452623754112438
1986	12	29	0.00166085856587	0.016788100983819058	1.371974587385176
1986	12	30	0.0023664327727000002	0.016788100983819058	1.2661303698548056
1986	12	31	0.00134195705074	0.016788100983819058	1.0166924437281681
1987	01	01	0.0463915781064	0.016788100983819058	1.295218616603913
1987	01	02	0.109210376773	0.016788100983819058	1.1552788855180922
1987	01	03	0.00195656873287	0.016788100983819058	1.2839014511848703
1987	01	04	0.0029142799326500003	0.016788100983819058	1.270643793829551
1987	01	05	0.00206364207976	0.016788100983819058	1.3307272846620612
1987	01	06	0.0	0.016788100983819058	1.3681848209653122
1987	01	07	0.14351545435399998	0.016788100983819058	1.4198025846056206
1987	01	08	4.03930658897	0.016788100983819058	1.000575693416297
1987	01	09	13.4670676897	0.016788100983819058	0.8391148430874241
1987	01	10	0.0440946788566	0.016788100983819058	0.9666450184577114
1987	01	11	3.36770167293	0.016788100983819058	1.1110785854541483
1987	01	12	36.2172296352	0.05036430295145717	1.0007289632626903
1987	01	13	3.21270503948	0.08394050491909529	1.1682063806117116
1987	01	14	0.12433407999299999	0.05036430295145717	0.8063716705812187
1987	01	15	5.90910991443	0.06715240393527623	0.8609386139874169
1987	01	16	0.00042079851729600004	0.13430480787055246	1.2032635387339807
1987	01	17	0.00166343395317	0.10072860590291434	1.2710876058872334
1987	01	18	0.0	0.10072860590291434	1.3386533476999045
1987	01	19	0.0008282852125639999	0.08394050491909529	1.3940054244451339
1987	01	20	0.00083946572027	0.08394050491909529	1.3772996448899846
1987	01	21	0.0	0.06715240393527623	1.3272048499306008
1987	01	22	0.115291627296	0.06715240393527623	1.3055272911827671
1987	01	23	0.017886838478500002	0.06715240393527623	1.2050785245111055
1987	01	24	0.027099434045599998	0.05036430295145717	0.9617618626917014
1987	01	25	0.658808596996	0.033576201967638115	1.0554444498054842
1987	01	26	13.2241312026	0.033576201967638115	1.0288314400697323
1987	01	27	5.75658393135	0.30218581770874303	0.8957536087804502
1987	01	28	11.8038171954	0.8226169482071338	0.9801029629742591
1987	01	29	7.849592292740001	4.549575366614964	0.952378061855264
1987	01	30	2.7320052766000003	2.1488769259288394	1.2443869609558016
1987	01	31	0.46078485284	1.0912265639482388	1.2985874188655167
1987	02	01	3.53927053198	1.0912265639482388	1.290226543572616
1987	02	02	7.65211356746	3.0050700761036113	1.208477188527612
1987	02	03	1.4066053647	2.1488769259288394	1.2324291066708921
1987	02	04	0.00042079855598	0.8226169482071338	1.72393663804434
1987	02	05	0.0008468832805599999	0.43649062557929547	1.5054499062820814
1987	02	06	0.0024565162035	0.3189739186925621	1.7063579931815887
1987	02	07	0.00042079855598	0.25182151475728587	1.8146754839470258
1987	02	08	0.0020691410103600002	0.23503341377346684	2.0360078375770914
1987	02	09	1.50240068152	0.20145721180582868	1.3455878429708386
1987	02	10	7.4890415523	0.30218581770874303	1.3424013814875717
1987	02	11	4.83430814596	3.240103489877078	1.1403694442958898
1987	02	12	0.305021444484	1.0912265639482388	1.2762681823614723
1987	02	13	0.717647231784	0.4700668275469337	1.2837486673933796
1987	02	14	0.030378654482300003	0.6883121403365814	1.4403918702819762
1987	02	15	0.0196836483841	0.3861263226278383	1.403281453463121
1987	02	16	0.61367746353	0.30218581770874303	1.4945539918072748
1987	02	17	2.83673398625	0.3525501206602002	1.508172138770888
1987	02	18	1.5524770228099998	1.0912265639482388	1.4044001425088266
1987	02	19	0.0014736451235399998	0.4700668275469337	1.5582769730486292
1987	02	20	0.8358619768559999	0.30218581770874303	1.462552272084313
1987	02	21	7.16433250496	2.568579450524316	1.0189601195589284
1987	02	22	0.0038412496345999994	1.5780814924789914	1.9820447421427565
1987	02	23	11.464043051099999	5.7079543344984796	1.5486992050401664
1987	02	24	9.258903216399998	3.9955680341489357	1.7077145671612084
1987	02	25	2.28080409463	8.04150037124933	1.873838683090439
1987	02	26	0.010022586303700001	1.2423194728026101	2.2931644042191146
1987	02	27	0.00532122336383	0.5707954334498481	2.6125342498061856
1987	02	28	0.00042079855598	0.36933822164401925	3.0608655551624095
1987	03	01	0.003306669636	0.2686096157411049	3.1795017562711214
1987	03	02	0.00042656295552999997	0.20145721180582868	3.091873944880262
1987	03	03	0.000824304048704	0.16788100983819057	2.9702608563866186
1987	03	04	0.00248444092587	0.15109290885437152	3.054416258104733
1987	03	05	0.00166590112198	0.11751670688673342	3.16095872865063
1987	03	06	0.0016668581641399998	0.10072860590291434	2.913809345646434
1987	03	07	0.00042079851729600004	0.08394050491909529	2.8806032813042037
1987	03	08	0.014914616200000001	0.06715240393527623	2.701654865069825
1987	03	09	0.0097027479588	0.06715240393527623	2.5865750580281297
1987	03	10	0.046666278993	0.06715240393527623	2.492653010587282
1987	03	11	0.0545655102077	0.06715240393527623	2.955104379926983
1987	03	12	0.471934761502	0.06715240393527623	2.0791134694815243
1987	03	13	0.35171724903999996	0.05036430295145717	2.047465874444794
1987	03	14	0.00125086706226	0.05036430295145717	2.780005919473798
1987	03	15	1.24159750547	0.033576201967638115	2.3113290442218544
1987	03	16	0.35866417978599996	0.033576201967638115	2.395460448775094
1987	03	17	0.00042079851729600004	0.033576201967638115	2.946075218560951
1987	03	18	0.006955822553529999	0.033576201967638115	2.9256209333369085
1987	03	19	0.000487872124636	0.033576201967638115	2.482078630398593
1987	03	20	0.00124291566277	0.033576201967638115	2.4426615245307075
1987	03	21	0.4648985094	0.016788100983819058	2.531325089543464
1987	03	22	0.003795683751	0.016788100983819058	2.547756169759482
1987	03	23	0.0034230532545900002	0.016788100983819058	2.8465493434568723
1987	03	24	3.37124145235	0.016788100983819058	2.779237153119618
1987	03	25	5.4471066123	0.016788100983819058	2.2279727293696525
1987	03	26	0.0020553105132600003	0.016788100983819058	2.914971474828217
1987	03	27	0.00255212999565	0.016788100983819058	3.1775552573233505
1987	03	28	0.102290012264	0.016788100983819058	2.5420085075139967
1987	03	29	0.0016572539907499999	0.016788100983819058	2.4464633299470036
1987	03	30	0.0	0.016788100983819058	2.8804003807974383
1987	03	31	0.00042079851729600004	0.016788100983819058	3.4213178156132646
1987	04	01	0.16982749878999998	0.016788100983819058	2.9885932127928467
1987	04	02	3.3309299197600004	0.016788100983819058	2.0418832425986557
1987	04	03	19.2091649466	0.016788100983819058	1.812341917223892
1987	04	04	3.86871217988	0.016788100983819058	2.3996904111412922
1987	04	05	1.35930653461	0.016788100983819058	2.496665887701596
1987	04	06	4.304188122429999	0.016788100983819058	3.0235434873519393
1987	04	07	10.635529448200002	0.033576201967638115	1.7485892620395522
1987	04	08	18.6086761159	0.033576201967638115	2.577295990626839
1987	04	09	0.116423095612	0.033576201967638115	2.6716712552921487
1987	04	10	0.0481878831858	0.033576201967638115	2.812161354916982
1987	04	11	0.30690204780200003	0.033576201967638115	3.139336014933689
1987	04	12	0.0008243041067299999	0.033576201967638115	3.774072336334081
1987	04	13	0.00209284937015	0.033576201967638115	4.289278501421927
1987	04	14	0.000824304048704	0.016788100983819058	4.2145840315092515
1987	04	15	0.0	0.016788100983819058	3.3299376415846385
1987	04	16	1.00866702181	0.016788100983819058	2.96061844063521
1987	04	17	0.0020390607187999996	0.016788100983819058	3.538650859444268
1987	04	18	0.00134498194612	0.016788100983819058	3.483757547785863
1987	04	19	0.0008329510058559999	0.016788100983819058	4.155830058653384
1987	04	20	0.00683674836603	0.016788100983819058	4.696304163671997
1987	04	21	0.13815183071499998	0.016788100983819058	4.172728365400518
1987	04	22	0.00082766506936	0.016788100983819058	4.676592171189371
1987	04	23	4.425664296199999	0.016788100983819058	4.326773312152151
1987	04	24	6.4809351583599994	0.016788100983819058	2.9022684870592568
1987	04	25	0.007761168985799999	0.016788100983819058	4.0281087559995585
1987	04	26	0.00121599875531	0.016788100983819058	5.036885901091596
1987	04	27	0.07801194837049999	0.016788100983819058	3.6859388884485145
1987	04	28	0.28859003831499996	0.016788100983819058	3.2386345296280585
1987	04	29	0.012615625112899998	0.0	4.198375351528098
1987	04	30	0.00082980439127	0.0	4.945231261162579
1987	05	01	0.0012416147198499997	0.0	4.923858688910597
1987	05	02	0.00655495805617	0.0	4.655760001898518
1987	05	03	0.00166013633559	0.0	4.7199592169195315
1987	05	04	0.12916568258	0.0	4.975917658920286
1987	05	05	0.0020714525727799997	0.0	4.000787168884637
1987	05	06	0.000830068477267	0.0	4.746271219472781
1987	05	07	0.00041215205336499997	0.0	5.616680876732925
1987	05	08	0.0025049874489200003	0.0	5.0836158612302835
1987	05	09	0.0125449097938	0.0	4.834814526286572
1987	05	10	1.7684177838	0.0	4.034947131468241
1987	05	11	0.07828967531299999	0.0	4.140019071527569
1987	05	12	0.0029313330003699995	0.0	4.57150772368545
1987	05	13	0.0022578033619100003	0.0	4.253027173743585
1987	05	14	0.033589444857199995	0.0	3.6205465602925524
1987	05	15	0.0679304521374	0.0	3.9501110098533787
1987	05	16	0.480945754436	0.0	3.2342862390714657
1987	05	17	0.0811410197625	0.0	3.467122692417844
1987	05	18	0.08646237629600001	0.0	4.173820332758094
1987	05	19	0.00123523002236	0.0	4.776054687292713
1987	05	20	0.00082464384896	0.0	6.133195328133959
1987	05	21	0.00166301868043	0.0	5.8105720708419755
1987	05	22	0.57431562314	0.0	3.6543468589089496
1987	05	23	0.231361247858	0.0	3.9314645633009198
1987	05	24	0.0031297767947400003	0.0	4.450115213085509
1987	05	25	0.0	0.0	4.768003668038509
1987	05	26	0.159233846706	0.0	4.272926011995735
1987	05	27	0.0034639452406	0.0	4.320408378322403
1987	05	28	0.00083858933425	0.0	5.4542355831641345
1987	05	29	0.00165437261301	0.0	6.367258174267661
1987	05	30	0.0008358328381330001	0.0	6.344311818931418
1987	05	31	0.00122226333898	0.0	6.437707020479672
1987	06	01	0.0020730436456999997	0.0	6.247893018673502
1987	06	02	0.0008300686029899999	0.0	6.127025795521092
1987	06	03	0.0104519699998	0.0	5.180997779149317
1987	06	04	0.035646077782999996	0.0	4.68529054994393
1987	06	05	0.00166448422377	0.0	5.800197279928224
1987	06	06	0.00081853980389	0.0	6.008463060070465
1987	06	07	0.00290523957856	0.0	5.112166095537905
1987	06	08	0.0	0.0	4.315285857604372
1987	06	09	0.00376452523965	0.0	4.079927203839646
1987	06	10	0.069456976935	0.0	4.508880878189048
1987	06	11	0.7196471268869999	0.0	4.719296232319972
1987	06	12	0.0018928725288600002	0.0	5.548216491667634
1987	06	13	1.47564112123	0.0	4.184805070481933
1987	06	14	0.00465311499784	0.0	3.744716058012021
1987	06	15	0.13131602942999998	0.0	4.5446188142532
1987	06	16	0.00166013633559	0.0	5.6180518296207556
1987	06	17	0.00166003711113	0.0	6.6445430109315655
1987	06	18	0.0136189401066	0.0	5.998404314457753
1987	06	19	0.0019199923339	0.0	5.630106971677548
1987	06	20	0.037406344848	0.0	5.309768334307857
1987	06	21	0.0008358328381330001	0.0	7.19250092558637
1987	06	22	0.0006158708463299999	0.0	6.557517744783746
1987	06	23	0.00635033091453	0.0	6.047096116442947
1987	06	24	0.0141833967255	0.0	6.341568088173417
1987	06	25	0.6179072688	0.0	6.917518089582331
1987	06	26	0.0445538395617	0.0	6.796778970538548
1987	06	27	0.00077107840429	0.0	7.349017171915144
1987	06	28	0.064788175962	0.0	6.5755323097007645
1987	06	29	0.058206349643499994	0.0	6.6242511376127915
1987	06	30	2.3514613877299997	0.0	6.275804901570582
1987	07	01	2.60283727298	0.0	5.94909464679299
1987	07	02	0.362460714585	0.0	6.272963940493767
1987	07	03	0.750939281786	0.0	6.557342263090678
1987	07	04	0.416167172106	0.0	5.912267035205995
1987	07	05	0.281478071954	0.0	4.8932926749763
1987	07	06	0.12804952345699996	0.0	6.177665565223761
1987	07	07	0.031001783124000003	0.0	6.507296191928364
1987	07	08	0.14924588935199998	0.0	6.5563344173808
1987	07	09	1.17197007716	0.0	4.788290819391798
1987	07	10	2.1042751730999996	0.0	5.944271217802578
1987	07	11	0.18736366197299997	0.0	6.36285281642302
1987	07	12	1.68526149688	0.0	6.603549925764161
1987	07	13	4.54884217913	0.0	5.7884875472533155
1987	07	14	0.000832950715726	0.0	5.54206060005285
1987	07	15	0.00167709907617	0.0	5.394398223061114
1987	07	16	0.119174514454	0.0	4.70036681718689
1987	07	17	0.5182422947499999	0.0	4.074401451701277
1987	07	18	0.00247775313924	0.0	4.767637645387251
1987	07	19	0.000830068477267	0.0	5.857724343142377
1987	07	20	0.0	0.0	6.159399448689489
1987	07	21	0.0	0.0	6.538231257583075
1987	07	22	0.000420798604335	0.0	5.752324300884774
1987	07	23	0.003979815045630001	0.0	4.31817282313689
1987	07	24	0.12376331691500002	0.0	4.77745462044121
1987	07	25	0.057790501479	0.0	5.710314510037698
1987	07	26	0.00125347397702	0.0	6.610896144795564
1987	07	27	0.0	0.0	6.660343781940587
1987	07	28	0.0008300356248799999	0.0	6.155758989864849
1987	07	29	0.0015178689624699999	0.0	5.398086735714056
1987	07	30	0.000427775331432	0.0	6.203017388968238
1987	07	31	0.0016716649412699999	0.0	6.9233384500456925
1987	08	01	0.0008250440349399999	0.0	6.650473065208742
1987	08	02	0.0008300686029899999	0.0	7.113745838974388
1987	08	03	0.0	0.0	6.639170905583179
1987	08	04	0.00605381428284	0.0	6.399497731374632
1987	08	05	0.028879480239799995	0.0	4.711011355171375
1987	08	06	0.24889396816500003	0.0	4.482483838576899
1987	08	07	0.376325031172	0.0	4.16276578491901
1987	08	08	0.004826119806969999	0.0	4.935608468343306
1987	08	09	0.0008243041067299999	0.0	5.408019737026915
1987	08	10	0.0	0.0	6.092642720130267
1987	08	11	0.0	0.0	6.506185894531871
1987	08	12	0.00038649455188	0.0	5.285940126261402
1987	08	13	0.0072342871032000005	0.0	5.113948244122077
1987	08	14	0.16008831824	0.0	4.5018071023422985
1987	08	15	0.0050495172958	0.0	5.073297049545261
1987	08	16	0.0236647832311	0.0	4.705629392194639
1987	08	17	0.00042079855598	0.0	6.032695162679675
1987	08	18	0.0	0.0	6.665536221670614
1987	08	19	0.0016467229487200001	0.0	6.730914451889623
1987	08	20	0.0	0.0	6.793298734284522
1987	08	21	0.0135183288252	0.0	5.681307195731618
1987	08	22	0.0067671545928	0.0	4.9415181822852805
1987	08	23	0.00042656295552999997	0.0	4.938211110340614
1987	08	24	0.00042656295552999997	0.0	4.6028330656686665
1987	08	25	0.0016734179067299999	0.0	5.220170915863908
1987	08	26	0.0	0.0	5.582328198252223
1987	08	27	0.0	0.0	5.289051746409779
1987	08	28	14.6293536143	0.0	3.209503421064697
1987	08	29	7.4881247415	0.0	3.246267589138233
1987	08	30	2.057834064	0.0	3.309105829795269
1987	08	31	0.73524028946	0.0	3.2723078842729683
1987	09	01	0.0472807511226	0.0	3.8894846732725963
1987	09	02	0.0	0.0	4.4082030386334194
1987	09	03	0.00042079857532199995	0.0	4.660918202864146
1987	09	04	0.0034685438011	0.0	4.521103335621522
1987	09	05	0.0016716649412699999	0.0	4.8143550670216575
1987	09	06	0.00080892837725	0.0	5.717543289538273
1987	09	07	0.0	0.0	6.008657077243757
1987	09	08	0.0020732312631	0.0	5.780931055833161
1987	09	09	0.0	0.0	4.740723062344589
1987	09	10	0.0	0.0	5.372725124490317
1987	09	11	0.0	0.0	5.274392992538643
1987	09	12	0.0012584234014	0.0	5.72927301126472
1987	09	13	0.000426562994214	0.0	5.41856845712532
1987	09	14	0.00083008349633	0.0	5.236450751125643
1987	09	15	0.0	0.0	5.054267906848485
1987	09	16	0.000841597140973	0.0	5.108840106325495
1987	09	17	0.0	0.0	5.462452379767553
1987	09	18	0.000914620927773	0.0	4.658425672783118
1987	09	19	0.0986840880395	0.0	4.3471698217603425
1987	09	20	1.5978740507500002	0.0	3.9249111203843743
1987	09	21	0.0054095811981	0.0	3.5254097298103795
1987	09	22	0.00433203199524	0.0	3.6738203743773887
1987	09	23	0.0045330810603	0.0	3.537543817041918
1987	09	24	0.0185300973067	0.0	3.4876607089133054
1987	09	25	8.3219970455	0.0	2.5910068629834733
1987	09	26	0.0057810675185	0.0	2.633068122800548
1987	09	27	0.169519970661	0.0	2.842000319892153
1987	09	28	0.00206364207976	0.0	3.5355506000733063
1987	09	29	0.51877806815	0.0	3.9028146466736846
1987	09	30	0.091208777373	0.0	3.579688011305138
1987	10	01	0.00684419455248	0.0	3.121542501516301
1987	10	02	0.1082529342336	0.0	2.6430010069603673
1987	10	03	0.073033303064	0.0	2.604110259158993
1987	10	04	7.734451881199999	0.0	1.7330685877997654
1987	10	05	0.48719831705300004	0.0	2.247710177559557
1987	10	06	0.2938581705	0.0	2.583413077501509
1987	10	07	0.301898591545	0.0	2.6176015387028713
1987	10	08	0.763934098105	0.0	2.668597097116236
1987	10	09	7.750219479599999	0.0	2.5493829731084547
1987	10	10	0.20295596382699999	0.0	1.8618615710965103
1987	10	11	0.42346223951	0.0	2.6666811628617735
1987	10	12	0.000824304048704	0.0	2.6334095133023165
1987	10	13	0.0	0.0	2.5612864919010656
1987	10	14	0.0559231445297	0.0	2.587325357057117
1987	10	15	2.85327555478	0.0	1.8393171321777253
1987	10	16	2.90375604716	0.0	2.131958042121293
1987	10	17	0.0	0.0	2.2921201787598022
1987	10	18	0.965287219405	0.0	2.2199756184619566
1987	10	19	12.796077269	0.0	1.4262881536958003
1987	10	20	1.0961914093	0.0	1.6465656769893733
1987	10	21	0.0	0.0	2.134939528226855
1987	10	22	6.8301347559700005	0.0	1.6058228756535338
1987	10	23	0.017256091023	0.0	2.178464044471502
1987	10	24	1.333108666	0.0	1.8827977709746357
1987	10	25	4.0432835943	0.0	2.0407728877342612
1987	10	26	9.574883799399998	0.2686096157411049	1.8534050927417294
1987	10	27	8.8765138106	0.30218581770874303	1.7061652325903909
1987	10	28	0.00042079851729600004	0.06715240393527623	1.6769418196997228
1987	10	29	0.09277368056700001	0.033576201967638115	1.923650648762611
1987	10	30	7.650955368499999	0.033576201967638115	1.6208953073857457
1987	10	31	5.69105913466	0.033576201967638115	1.1298662772510384
1987	11	01	1.09274746949	0.25182151475728587	1.7018257339632912
1987	11	02	10.2329905139	0.15109290885437152	1.2606026318784127
1987	11	03	10.2321713802	0.6883121403365814	0.9544376916987848
1987	11	04	4.3921272024	2.7868247633139633	1.349118817641132
1987	11	05	0.83984917542	1.9474197141230105	1.4247946757891063
1987	11	06	11.1527674096	1.2423194728026101	0.8948262556468287
1987	11	07	11.28073795	2.568579450524316	0.9772868680913166
1987	11	08	2.4279888811199997	0.8226169482071338	1.2145974052879362
1987	11	09	0.0289031519465	0.40291442361165736	1.3483982062743263
1987	11	10	0.017053991300499997	0.25182151475728587	1.5385867064785863
1987	11	11	0.0023470685294	0.18466911082200962	1.51745915802865
1987	11	12	0.0015908134470700001	0.15109290885437152	1.6743593368095535
1987	11	13	0.30349688870200003	0.10072860590291434	1.597185757544791
1987	11	14	0.0289800170545	0.06715240393527623	1.2970785960529534
1987	11	15	0.000824304048704	0.06715240393527623	1.5453261067567292
1987	11	16	0.0010026525302	0.06715240393527623	1.7254857139701396
1987	11	17	0.00042656295552999997	0.06715240393527623	1.8143910849599512
1987	11	18	0.0016575803869999998	0.06715240393527623	1.8276247674503643
1987	11	19	0.0	0.05036430295145717	1.8148753174770356
1987	11	20	0.000824304048704	0.05036430295145717	1.7633541763978056
1987	11	21	0.0008243041067299999	0.033576201967638115	1.7176942544373155
1987	11	22	0.00206585828612	0.033576201967638115	1.506547402079712
1987	11	23	0.41591816319799996	0.033576201967638115	1.087348500222388
1987	11	24	0.0379499759355	0.033576201967638115	1.0841170824255817
1987	11	25	0.055051055335	0.033576201967638115	1.0630306853064377
1987	11	26	0.00042079855598	0.033576201967638115	1.2811691254448754
1987	11	27	0.0	0.033576201967638115	1.1951520576804808
1987	11	28	0.000824304048704	0.033576201967638115	1.2874805819897925
1987	11	29	0.0008300686029899999	0.033576201967638115	1.2604037922983373
1987	11	30	0.9639751645060001	0.033576201967638115	0.9198505883334249
1987	12	01	4.19071247683	0.033576201967638115	1.0673562615230536
1987	12	02	10.071660826099999	0.033576201967638115	0.9120606255618348
1987	12	03	8.5862861335	0.40291442361165736	0.8333977433745948
1987	12	04	1.5040976518900002	1.4102004826408008	1.022902930811778
1987	12	05	2.0488651786	0.8226169482071338	1.0865902305130053
1987	12	06	0.84406930969	0.5707954334498481	1.0170366726962148
1987	12	07	1.12438227759	6.664876090576166	0.8861672103676597
1987	12	08	38.3069518875	15.545781511016447	0.45859819830068715
1987	12	09	1.8545566071200001	4.818184982356069	0.9918950753277286
1987	12	10	4.384123482800001	2.568579450524316	1.0318544362228803
1987	12	11	31.0804576761	14.135581028375647	0.5912484936152367
1987	12	12	14.1918298375	6.026928253191041	0.7549671793363739
1987	12	13	11.7799714107	13.682302301812532	0.7962263184604522
1987	12	14	0.9885533437070001	15.058926582485695	0.9671058365984535
1987	12	15	5.882366891549999	22.59678392422045	0.8184139303660276
1987	12	16	0.6669134172300001	11.93633979949535	0.9951721818947142
1987	12	17	0.07441339344799999	4.2641776498900406	1.2109045534150633
1987	12	18	0.9236445220199999	1.762750603301001	1.1515013413410204
1987	12	19	0.79413232751	0.9569217560776861	1.1758860598823249
1987	12	20	0.250237627892	0.8226169482071338	1.1206041040674595
1987	12	21	0.152893026543	0.4532787265631145	1.2674410302695227
1987	12	22	0.004126100815960001	0.36933822164401925	1.1939764445588363
1987	12	23	0.0151825744654	0.30218581770874303	0.8468951918155866
1987	12	24	0.0044844630090999996	0.25182151475728587	1.238236115570755
1987	12	25	0.0029118566701799996	0.20145721180582868	1.2724390462760016
1987	12	26	0.00082568918735	0.16788100983819057	1.3299913265534318
1987	12	27	0.0020694066727300004	0.15109290885437152	1.09691395098302
1987	12	28	0.00290235742714	0.15109290885437152	1.1267316677878239
1987	12	29	0.000450078320844	0.13430480787055246	1.2018142002976733
1987	12	30	0.0191711201997	0.13430480787055246	1.2946561346809922
1987	12	31	2.9838735124599998	0.13430480787055246	0.9405265211942206
1988	01	01	0.00041215205336499997	0.18466911082200962	1.0629864227316
1988	01	02	0.242518583848	0.13430480787055246	1.3047512928854126
1988	01	03	0.55969326456	0.11751670688673342	1.1040779424843103
1988	01	04	0.075114811736	0.15109290885437152	1.0866573170076994
1988	01	05	1.3431843973500002	0.15109290885437152	1.1272003628141083
1988	01	06	1.3643955115200002	0.23503341377346684	1.032099215858591
1988	01	07	0.0008243041067299999	0.30218581770874303	1.1057135646519984
1988	01	08	0.00123933758619	0.18466911082200962	1.2703743604018078
1988	01	09	0.0	0.15109290885437152	1.408293438129084
1988	01	10	0.0008243041067299999	0.13430480787055246	1.2487310834988146
1988	01	11	0.109735724835	0.13430480787055246	1.0528374467954076
1988	01	12	1.58681564909	0.11751670688673342	1.073894460320553
1988	01	13	11.4830127176	1.762750603301001	1.0558171281444433
1988	01	14	8.0591711798	1.9474197141230105	0.9850537212179805
1988	01	15	6.445551290399999	3.9955680341489357	0.9571765405943203
1988	01	16	1.61139933109	1.762750603301001	1.1448076706560566
1988	01	17	0.48927994177699996	1.5780814924789914	1.2070388245145918
1988	01	18	0.0113915279589	0.9569217560776861	1.3162470277262892
1988	01	19	6.319973935659999	1.4102004826408008	0.843813647352662
1988	01	20	0.026693528636199997	1.0912265639482388	1.1261991047067417
1988	01	21	0.161674739409	0.5707954334498481	1.1551763466427445
1988	01	22	0.085685243749	0.3861263226278383	1.2405036095354147
1988	01	23	0.011031329629699998	0.3189739186925621	1.0217674093964928
1988	01	24	0.567503892974	0.30218581770874303	1.1992341517461127
1988	01	25	0.81783275708	0.36933822164401925	0.8952110081053881
1988	01	26	0.692611827045	0.43649062557929547	0.9349808886206901
1988	01	27	11.8457061648	10.291105903081082	1.2171360461740797
1988	01	28	0.384117932643	1.9474197141230105	1.1276861903458821
1988	01	29	1.36559336158	1.0912265639482388	1.2754654174434759
1988	01	30	0.0083958341634	1.2423194728026101	1.2915906224424727
1988	01	31	0.0145355864996	0.5707954334498481	1.5149747540153382
1988	02	01	0.6532179272899999	0.43649062557929547	1.4502392109831133
1988	02	02	0.0	0.40291442361165736	1.3963780967204595
1988	02	03	0.6091594624600001	0.30218581770874303	1.503676374789666
1988	02	04	0.555975606437	0.36933822164401925	1.2216261396926538
1988	02	05	0.289710491362	0.43649062557929547	1.231677977501642
1988	02	06	2.97614328874	0.3525501206602002	1.1420853371630453
1988	02	07	0.00124586483422	0.4532787265631145	1.3976745503230867
1988	02	08	0.0184207386058	0.28539771672492403	1.6065370397236864
1988	02	09	0.212060668751	0.23503341377346684	1.3552714989574284
1988	02	10	0.006223066067	0.20145721180582868	1.48245371762504
1988	02	11	0.000183053123195	0.16788100983819057	1.6580958407157662
1988	02	12	0.027905496422	0.15109290885437152	1.610046696538199
1988	02	13	0.0012535831626099999	0.15109290885437152	1.9600975238046205
1988	02	14	0.00042079855598	0.13430480787055246	1.8866405306526044
1988	02	15	8.294184216599998	0.16788100983819057	1.1885047714960357
1988	02	16	0.396623154587	1.0912265639482388	1.25520355326119
1988	02	17	0.45708015385699996	0.40291442361165736	1.6412444362940672
1988	02	18	0.33735320287	0.25182151475728587	1.9160046986992858
1988	02	19	0.0	0.18466911082200962	2.152682399333053
1988	02	20	0.28618133069999996	0.15109290885437152	1.990488082436826
1988	02	21	2.9784627813799998	0.15109290885437152	1.4290611074349742
1988	02	22	0.04724631656	0.13430480787055246	1.270181493530492
1988	02	23	0.6635988754	0.11751670688673342	1.925330890418134
1988	02	24	0.0080900506828	0.11751670688673342	1.9331633044972567
1988	02	25	0.0012911983236899998	0.10072860590291434	1.8529738661115742
1988	02	26	0.000824304048704	0.10072860590291434	1.7315945879146817
1988	02	27	0.000824304048704	0.06715240393527623	1.4488773925425975
1988	02	28	0.0	0.06715240393527623	1.5982752902717106
1988	02	29	0.000824304048704	0.05036430295145717	2.026420290186919
1988	03	01	0.0	0.05036430295145717	2.1234368875707403
1988	03	02	5.57617161977	0.05036430295145717	1.018555185602183
1988	03	03	2.1221994045	0.05036430295145717	1.7873735115620617
1988	03	04	0.54729852412	0.05036430295145717	1.8403983291523358
1988	03	05	0.0	0.05036430295145717	1.7966906291346827
1988	03	06	0.0	0.05036430295145717	2.1747445892259734
1988	03	07	0.0	0.05036430295145717	2.643556890571436
1988	03	08	0.0008329506577000001	0.05036430295145717	2.8053818778526485
1988	03	09	0.00166590112198	0.05036430295145717	2.89707233069904
1988	03	10	0.000850692619763	0.033576201967638115	2.823848531503506
1988	03	11	0.00208885147546	0.033576201967638115	2.8122075953103587
1988	03	12	0.000824304048704	0.033576201967638115	3.062720244766226
1988	03	13	0.45730029483	0.016788100983819058	2.8226571154115954
1988	03	14	0.00249434296606	0.016788100983819058	2.4876163420244843
1988	03	15	0.00042656295552999997	0.016788100983819058	2.7967484226433954
1988	03	16	0.024467086489799998	0.016788100983819058	2.738963045218085
1988	03	17	0.00430340573853	0.016788100983819058	3.2273193297925173
1988	03	18	0.0020694066727300004	0.016788100983819058	3.416280125267692
1988	03	19	0.00125775668266	0.016788100983819058	3.6457319169258264
1988	03	20	0.000826051404984	0.016788100983819058	3.6119294412868728
1988	03	21	1.46776167398	0.016788100983819058	2.4806323357113627
1988	03	22	0.0020712047050500003	0.016788100983819058	2.620893230429202
1988	03	23	0.049837138775999996	0.016788100983819058	2.9119180813700694
1988	03	24	0.0	0.016788100983819058	3.8509884117393196
1988	03	25	0.0	0.016788100983819058	4.012696712055634
1988	03	26	0.000814566995774	0.016788100983819058	3.74212310656537
1988	03	27	0.00206364207976	0.016788100983819058	3.8098429180550126
1988	03	28	0.000824304048704	0.016788100983819058	3.7093015575611004
1988	03	29	0.008453043931000001	0.016788100983819058	3.4711539804138947
1988	03	30	0.005518901214999999	0.016788100983819058	2.6314670027183125
1988	03	31	0.0008358328381330001	0.016788100983819058	2.6643091827398773
1988	04	01	0.00042079855598	0.016788100983819058	3.2768274995008406
1988	04	02	1.2419662607000002	0.0	2.4512401182920254
1988	04	03	2.93768568685	0.0	2.132853561943521
1988	04	04	0.14373683321500003	0.0	2.704671399087906
1988	04	05	0.33652367284499995	0.0	2.112001825579309
1988	04	06	0.08279952372999999	0.0	2.6626566808983747
1988	04	07	0.024734949979399998	0.0	3.197986719788599
1988	04	08	0.0033260387148	0.0	3.256934302153107
1988	04	09	0.0008415972570249999	0.0	3.362382384908864
1988	04	10	0.007248399026399999	0.0	3.676570734450921
1988	04	11	3.1463892517	0.0	2.9354405861537303
1988	04	12	0.34642505540699997	0.0	3.177310150318091
1988	04	13	0.034037645417999994	0.0	3.948155158343707
1988	04	14	0.0020790203237	0.0	4.474281336865478
1988	04	15	0.10699665586	0.0	4.369580451848144
1988	04	16	0.63440773558	0.0	3.84152874248826
1988	04	17	2.13194641856	0.0	3.2742953292446644
1988	04	18	6.215522687000001	0.0	3.2967926832465824
1988	04	19	4.6238491979	0.0	3.2910419728638938
1988	04	20	0.0008243041067299999	0.0	4.523757200488589
1988	04	21	0.287801938854	0.0	3.709172457275589
1988	04	22	0.7087297574199999	0.0	3.134219391878816
1988	04	23	0.0048324371943	0.0	3.4744203258278445
1988	04	24	0.33528210019399995	0.0	3.4837519975782723
1988	04	25	0.119107581463	0.0	2.9109996472211193
1988	04	26	0.010056040226900001	0.0	3.338406376564577
1988	04	27	7.527217824799999e-05	0.0	3.7912996659354263
1988	04	28	0.0024800844305000003	0.0	4.111381591797942
1988	04	29	0.0769929344425	0.0	3.695831947822994
1988	04	30	0.000846883241876	0.0	4.113993042728114
1988	05	01	0.33904546346299996	0.0	3.0158358304163926
1988	05	02	0.78290555374	0.0	3.040072040683985
1988	05	03	1.34621316113	0.0	3.5871944277081833
1988	05	04	9.542207424599999	0.0	3.257151653932238
1988	05	05	12.5652092228	0.0	2.3808667217908326
1988	05	06	5.06226609155	0.0	3.0321499730050125
1988	05	07	0.958135911416	0.0	3.4306954701363703
1988	05	08	0.43924888978000004	0.0	3.833477779358953
1988	05	09	0.049061658035799996	0.0	4.0506140458991045
1988	05	10	0.53728990951	0.0	4.308910327275047
1988	05	11	0.472042699533	0.0	3.584949540565189
1988	05	12	4.3038251698000005	0.0	2.818840226486196
1988	05	13	1.54806840075	0.0	2.8494026849400846
1988	05	14	0.00114492802696	0.0	3.9930576310695884
1988	05	15	1.4314269533	0.0	4.144490859793047
1988	05	16	0.173492082465	0.0	3.6308500173902853
1988	05	17	0.122684555549	0.0	3.658495782336551
1988	05	18	0.03143259135840001	0.0	4.23400171135824
1988	05	19	0.0019093415648899997	0.0	4.379835659859393
1988	05	20	0.00124413488574	0.0	5.507725992374985
1988	05	21	0.0094062312304	0.0	5.523800093324169
1988	05	22	0.21018742506399998	0.0	4.459125350843587
1988	05	23	0.018156784134399997	0.0	4.373794897508992
1988	05	24	0.66403349014	0.0	4.987127253184643
1988	05	25	0.0989556062	0.0	4.734864589545421
1988	05	26	0.00130176234383	0.0	4.6533057477460025
1988	05	27	0.48356208874999995	0.0	4.162668690972706
1988	05	28	0.002484044705	0.0	4.392657141124387
1988	05	29	0.315240132556	0.0	4.014141418727243
1988	05	30	0.00019745054398600002	0.0	4.857865718921037
1988	05	31	0.00124638387679	0.0	5.730987134683938
1988	06	01	0.0	0.0	6.309574354145804
1988	06	02	0.000834614601605	0.0	6.824106100940433
1988	06	03	0.072402550773	0.0	6.233749672674853
1988	06	04	0.0016939379312399998	0.0	5.369894644161866
1988	06	05	0.00125611029162	0.0	6.371456216667663
1988	06	06	0.0008300686029899999	0.0	5.918750267435961
1988	06	07	0.00335825716775	0.0	5.515265838192297
1988	06	08	0.812802154326	0.0	3.20151037185733
1988	06	09	3.63889672532	0.0	3.3524178277151724
1988	06	10	6.12368242234	0.0	3.376512714129153
1988	06	11	1.86746275004	0.0	3.9399960978189577
1988	06	12	6.743336177030001	0.0	3.888332498832425
1988	06	13	6.2105633982	0.0	3.3901106453967462
1988	06	14	8.0091750111	0.0	3.534068906170846
1988	06	15	0.0397158937658	0.0	4.258021379451901
1988	06	16	1.21582332337	0.0	3.6736042488882195
1988	06	17	0.85000507936	0.0	3.8881971398301776
1988	06	18	0.0167380271582	0.0	4.689243088882798
1988	06	19	0.00257178794722	0.0	5.844725758600896
1988	06	20	0.315145066626	0.0	4.935434263707065
1988	06	21	0.111428149835	0.0	5.1491158971248625
1988	06	22	31.9007944485	0.0	3.72221797756167
1988	06	23	2.3509021138	0.0	3.840040126567707
1988	06	24	0.30981748680399995	0.0	3.868437956691946
1988	06	25	0.67019894606	0.0	4.311468486718833
1988	06	26	4.95357971857	0.0	3.9223245249692766
1988	06	27	0.7991960631099999	0.0	3.8091051195806056
1988	06	28	1.28795689462	0.0	3.5541084270645658
1988	06	29	5.995074659749999	0.0	3.5190211532239464
1988	06	30	0.580108590824	0.0	4.253026014505158
1988	07	01	0.231990829958	0.0	4.033325242593301
1988	07	02	0.102891693529	0.0	4.388026846637856
1988	07	03	0.08382351338749999	0.0	3.716299640599005
1988	07	04	15.6701737131	0.0	2.9728589982272355
1988	07	05	0.8835356258929999	0.0	4.216540057508255
1988	07	06	0.083660494176	0.0	4.564360420397019
1988	07	07	0.0016572540874600001	0.0	4.72028935510798
1988	07	08	0.00126233503077	0.0	5.159605505667701
1988	07	09	0.00125086715897	0.0	6.246361699647509
1988	07	10	0.0	0.0	6.894085048673037
1988	07	11	0.00207502204217	0.0	6.989906555688205
1988	07	12	0.0016697535648300002	0.0	6.7488123048411754
1988	07	13	0.00165877485221	0.0	6.313323699046529
1988	07	14	0.00042079855598	0.0	6.232872717809568
1988	07	15	0.0029132272443	0.0	6.740840715410983
1988	07	16	0.0	0.0	6.9210657481591955
1988	07	17	0.0012335737669	0.0	5.967946600174752
1988	07	18	0.000841597140973	0.0	5.607274715540665
1988	07	19	0.06173446100200001	0.0	4.626261068088412
1988	07	20	0.0044326644561299994	0.0	5.925145032360645
1988	07	21	2.46813184818e-05	0.0	6.903956431842422
1988	07	22	0.085104712961	0.0	6.490871577189782
1988	07	23	0.0052684896251600005	0.0	5.519713941162015
1988	07	24	0.0009471392494199999	0.0	5.87741546351374
1988	07	25	0.00125086706226	0.0	7.188859082844763
1988	07	26	0.0008300686029899999	0.0	6.997839355247777
1988	07	27	0.0008119503229749999	0.0	7.027902296518829
1988	07	28	0.00123933748948	0.0	6.648290608831933
1988	07	29	0.00059854776429	0.0	6.192208572724379
1988	07	30	0.00124307136587	0.0	6.272850962291119
1988	07	31	0.0008243041067299999	0.0	6.949013651608167
1988	08	01	0.0008358329058299999	0.0	7.744320005242786
1988	08	02	0.0	0.0	6.6777348172933255
1988	08	03	0.00165551350088	0.0	6.019260526559368
1988	08	04	0.00082718635486	0.0	6.8351665024948
1988	08	05	0.00084447965022	0.0	6.196308341679272
1988	08	06	0.006229731610330001	0.0	4.964096493897768
1988	08	07	0.00187494143105	0.0	5.5173472311576015
1988	08	08	0.0008243041067299999	0.0	6.363869277149017
1988	08	09	0.0020867000648	0.0	6.192292297435938
1988	08	10	0.0010778124474800001	0.0	5.149237682262511
1988	08	11	0.00125663078484	0.0	5.51927946397096
1988	08	12	0.00409587197784	0.0	5.5043159366023255
1988	08	13	0.0024834731489000003	0.0	5.976227626679282
1988	08	14	0.00143282644371	0.0	5.571175717866405
1988	08	15	0.00041215205336499997	0.0	5.9691221003701305
1988	08	16	0.00124635476708	0.0	5.775599163729158
1988	08	17	0.00124435470757	0.0	6.116370585347626
1988	08	18	0.00166858289028	0.0	6.090740916444717
1988	08	19	0.000420798604335	0.0	5.9109148958415
1988	08	20	0.00164860802004	0.0	5.327286197690017
1988	08	21	0.00248412942296	0.0	5.370038319333734
1988	08	22	0.0016601364323	0.0	6.0693657892215285
1988	08	23	0.0020749927390399997	0.0	5.738773064827258
1988	08	24	0.0	0.0	6.038796857026335
1988	08	25	0.00164827630474	0.0	6.475863325936309
1988	08	26	0.0012399673617099999	0.0	6.217135895300399
1988	08	27	0.0015732924963699998	0.0	5.964418665353165
1988	08	28	0.0109168240226	0.0	4.755771399506026
1988	08	29	0.00042079851729600004	0.0	4.254359551313957
1988	08	30	0.00041215205336499997	0.0	4.842417775087513
1988	08	31	0.00042079855598	0.0	4.494006766424892
1988	09	01	0.380235606403	0.0	4.200978029894134
1988	09	02	0.0938891685226	0.0	3.3833191262872266
1988	09	03	0.0	0.0	5.242100360672675
1988	09	04	0.00206512928614	0.0	5.849606568106707
1988	09	05	0.0	0.0	5.970426477624043
1988	09	06	0.000824304048704	0.0	5.995797377262798
1988	09	07	0.00165616426247	0.0	5.707796721423097
1988	09	08	0.00123357367019	0.0	6.246381653672707
1988	09	09	0.46296488966000005	0.0	6.393568847287675
1988	09	10	0.0	0.0	5.2495444854647095
1988	09	11	0.00042656295552999997	0.0	5.443282137136118
1988	09	12	0.00042062679901999997	0.0	5.075970021189543
1988	09	13	0.00042079855598	0.0	4.835719582438668
1988	09	14	0.0005806681161999999	0.0	4.674744743053832
1988	09	15	0.00041215205336499997	0.0	3.531813211181689
1988	09	16	0.0	0.0	3.7696259021142615
1988	09	17	0.0033306353411	0.0	3.8230410672416233
1988	09	18	0.00041215205336499997	0.0	3.88052383942945
1988	09	19	0.0012446951267700002	0.0	4.380345522558899
1988	09	20	0.0	0.0	4.315589462707817
1988	09	21	0.0020857087873	0.0	4.283335024939061
1988	09	22	0.000598629155426	0.0	3.456316398695898
1988	09	23	0.0008243041067299999	0.0	3.6419437271547213
1988	09	24	0.00372377851206	0.0	4.300792856481337
1988	09	25	0.00249961665907	0.0	4.65889433336229
1988	09	26	0.0	0.0	4.957119145197851
1988	09	27	0.0	0.0	4.638210783025263
1988	09	28	0.00042079855598	0.0	4.762191261511258
1988	09	29	0.000852778112887	0.0	3.9915181142570177
1988	09	30	0.0	0.0	3.523459404399537
1988	10	01	0.14741671641200002	0.0	3.2728378306967914
1988	10	02	0.000824304048704	0.0	3.6848706679368477
1988	10	03	0.00208296715551	0.0	3.7259699378491042
1988	10	04	0.0271464631515	0.0	3.5725550404067703
1988	10	05	0.00042656295552999997	0.0	3.450383630708795
1988	10	06	0.00042079855598	0.0	3.442218590271621
1988	10	07	0.0008300686029899999	0.0	3.5461467667856175
1988	10	08	0.0008243041067299999	0.0	3.8683514728467836
1988	10	09	1.79318579506	0.0	3.162190445081468
1988	10	10	0.0561858485408	0.0	2.703857548057502
1988	10	11	3.7415701540499997	0.0	1.8722701476731738
1988	10	12	0.0012422199310300002	0.0	1.9306233517849252
1988	10	13	2.99117985625	0.0	2.442150029287668
1988	10	14	15.706419653999998	0.0	2.0848135904034506
1988	10	15	0.282964224195	0.0	2.133019142116603
1988	10	16	0.0156531604899	0.0	2.3195210353473614
1988	10	17	1.01994273084	0.0	2.182412119025784
1988	10	18	5.5440506505	0.0	1.5673808234240747
1988	10	19	1.2735556151	0.0	1.7870727281165255
1988	10	20	0.0006627782330239999	0.0	2.4751945946877907
1988	10	21	0.00165437261301	0.0	2.5794091298743007
1988	10	22	0.00678797819	0.0	2.4129782207296646
1988	10	23	0.669080262806	0.0	2.217886183261572
1988	10	24	0.0054652242637000005	0.0	2.655036922728993
1988	10	25	0.00166262642467	0.0	2.4266598150024214
1988	10	26	0.0299588760234	0.0	2.2115224824717807
1988	10	27	0.279018175736	0.0	1.8124192143424567
1988	10	28	0.064954874989	0.0	2.1194287642771474
1988	10	29	1.49867831362	0.0	1.9259900052022365
1988	10	30	4.791896362299999	0.0	1.4550273319600353
1988	10	31	1.05104505368	0.0	1.7861320966257002
1988	11	01	1.08969820319	0.0	2.0541207985289014
1988	11	02	5.75507322444	0.0	1.5915916874891558
1988	11	03	13.123827459000001	0.0	1.296153542040186
1988	11	04	8.7151657479	0.0	0.8238685636665678
1988	11	05	13.9700235183	0.0	0.7414628438692007
1988	11	06	14.8043909775	0.0	0.9930067316778791
1988	11	07	10.6137406852	0.0	1.1933591802739425
1988	11	08	7.3458333843	10.777960831611834	1.1662069177198102
1988	11	09	0.9899252524250001	2.2328174308479345	1.2929930217390304
1988	11	10	8.8394274598	0.8226169482071338	1.3332277816112845
1988	11	11	16.3639287007	1.0240741600129626	1.0982365779570618
1988	11	12	0.44834166069	0.8058288472233147	1.3217800634133985
1988	11	13	0.020720426972	0.33576201967638114	1.6547359578290044
1988	11	14	0.023377543893	0.21824531278964773	1.6757234105684633
1988	11	15	0.0060967492676	0.16788100983819057	1.67822314703671
1988	11	16	0.0	0.11751670688673342	1.7991589099153515
1988	11	17	0.0022455559108	0.10072860590291434	1.776511272604874
1988	11	18	0.0	0.06715240393527623	1.6785419850889116
1988	11	19	0.0	0.06715240393527623	1.7207739135443065
1988	11	20	2.23461955716	0.06715240393527623	1.5144271921956252
1988	11	21	1.11269119911	0.06715240393527623	1.299019514613357
1988	11	22	0.013536795599699999	0.10072860590291434	1.2641110989274602
1988	11	23	12.411241100199998	0.06715240393527623	1.2757803615456662
1988	11	24	14.030217756499999	1.1080146649320577	0.9728444929588613
1988	11	25	26.9011708088	14.337038240181473	0.6160859137432296
1988	11	26	0.345615853824	3.4751369036505446	0.9562662198615614
1988	11	27	0.00042079851729600004	1.1415908668996961	1.2900609501831768
1988	11	28	0.00083277213104	0.587583534433667	1.421975938520089
1988	11	29	0.00123933758619	0.36933822164401925	1.4282764079296588
1988	11	30	1.0243284326300002	0.28539771672492403	1.5003970252330041
1988	12	01	1.45142503394	2.937917672168335	1.0126521509362232
1988	12	02	0.296218590812	0.7218883423042195	1.1824230895911947
1988	12	03	0.006647740953199999	0.40291442361165736	1.1089985540284653
1988	12	04	0.000827186287163	0.28539771672492403	1.3685311332750485
1988	12	05	0.0	0.21824531278964773	1.3644697025260157
1988	12	06	0.000812674216667	0.18466911082200962	1.2220923498777325
1988	12	07	0.0	0.15109290885437152	1.1921837165078288
1988	12	08	0.0016647717426	0.13430480787055246	1.1371111441821133
1988	12	09	0.000824304048704	0.10072860590291434	1.194138766346699
1988	12	10	0.00083216082713	0.08394050491909529	1.3492979648695196
1988	12	11	0.00083138066756	0.08394050491909529	1.32447213714627
1988	12	12	0.000420798604335	0.08394050491909529	1.3724134107659482
1988	12	13	0.0008230923787849999	0.08394050491909529	1.3055694576440853
1988	12	14	0.000415034204785	0.08394050491909529	1.1989305472132084
1988	12	15	0.00207805293357	0.06715240393527623	1.1455122298138452
1988	12	16	0.0008358328381330001	0.06715240393527623	1.046038996737999
1988	12	17	0.00165399786176	0.06715240393527623	1.1929790460069356
1988	12	18	0.00042079855598	0.06715240393527623	1.2660761222654762
1988	12	19	0.0012405188021300001	0.06715240393527623	1.269357242056991
1988	12	20	0.0	0.06715240393527623	1.4000503030660547
1988	12	21	0.00042079851729600004	0.06715240393527623	1.3832049466594696
1988	12	22	0.00291285752197	0.05036430295145717	1.1852829379840626
1988	12	23	0.030873990530000003	0.05036430295145717	1.0934786400101668
1988	12	24	0.271053207833	0.05036430295145717	1.0005944076229796
1988	12	25	0.006263462801100001	0.033576201967638115	1.2015859760944616
1988	12	26	0.0014573904935799998	0.033576201967638115	1.3147162742624037
1988	12	27	0.00207271212382	0.033576201967638115	1.306694840761303
1988	12	28	0.0012422206080000002	0.033576201967638115	1.2765336588537535
1988	12	29	0.0009246380722049999	0.033576201967638115	1.2399489595112498
1988	12	30	0.0	0.033576201967638115	1.2667950240770232
1988	12	31	0.0008243041067299999	0.016788100983819058	1.3265468553028408
1989	01	01	0.0008271862581499999	0.016788100983819058	1.3301623923725947
1989	01	02	0.0	0.016788100983819058	1.2184601463778821
1989	01	03	0.0	0.016788100983819058	1.3329020056321557
1989	01	04	0.000818742759496	0.016788100983819058	1.1793550124719463
1989	01	05	0.000232741357584	0.016788100983819058	1.3349486528788919
1989	01	06	2.4797952676	0.016788100983819058	1.1839184968075134
1989	01	07	1.0905072790499997	0.016788100983819058	0.7056652029011786
1989	01	08	0.00125086706226	0.033576201967638115	1.325689938327451
1989	01	09	0.980857442366	0.05036430295145717	1.1760031843292753
1989	01	10	10.0870531897	0.10072860590291434	1.0428204671920758
1989	01	11	9.8340598297	0.21824531278964773	0.9773530883790833
1989	01	12	0.42405702535199996	0.15109290885437152	1.210744836709223
1989	01	13	0.00042079855598	0.10072860590291434	1.4897010597123381
1989	01	14	0.0008243041067299999	0.08394050491909529	1.4212350042834698
1989	01	15	0.0	0.06715240393527623	1.4249345327321676
1989	01	16	0.00165962357917	0.06715240393527623	1.4554244664902902
1989	01	17	0.00042079855598	0.05036430295145717	1.4426316644550523
1989	01	18	0.0	0.033576201967638115	1.413636929496021
1989	01	19	0.043438834189	0.033576201967638115	1.395993510170029
1989	01	20	0.0016520737195999998	0.033576201967638115	1.3822863961444505
1989	01	21	0.0012422199310300002	0.033576201967638115	1.2523243493107854
1989	01	22	0.0012393383598699999	0.033576201967638115	1.5099262480287157
1989	01	23	0.000824304048704	0.033576201967638115	1.5488832971188782
1989	01	24	0.0016508111705499998	0.033576201967638115	1.4102841177796184
1989	01	25	0.21023916491400002	0.033576201967638115	1.2512668778444047
1989	01	26	12.8539021122	0.9904979580453244	0.956447995442092
1989	01	27	0.00084159720867	0.4700668275469337	1.515236006908283
1989	01	28	0.00164481505384	0.20145721180582868	1.494127280399315
1989	01	29	0.00042079855598	0.15109290885437152	1.49797808392796
1989	01	30	0.63986798218	0.11751670688673342	1.3350130532826183
1989	01	31	0.927127377934	0.08394050491909529	1.086342386642088
1989	02	01	0.10254738658700001	0.06715240393527623	1.4991445731037578
1989	02	02	0.075797961505	0.06715240393527623	1.621707407665878
1989	02	03	0.0105047688243	0.05036430295145717	1.7090664105722033
1989	02	04	0.0	0.05036430295145717	1.6367989866429282
1989	02	05	0.0	0.033576201967638115	1.797358458761569
1989	02	06	0.00042656295552999997	0.033576201967638115	1.5967055934431378
1989	02	07	0.110535826007	0.05036430295145717	1.4508627332710677
1989	02	08	0.244502918312	0.05036430295145717	1.510368609252493
1989	02	09	6.26022910883	0.033576201967638115	1.4144248472873802
1989	02	10	8.7494958637	0.033576201967638115	1.2057091651411704
1989	02	11	0.0069998146753	0.05036430295145717	1.7042637584729556
1989	02	12	0.0012438911765399999	0.05036430295145717	1.7745319762315452
1989	02	13	0.0	0.033576201967638115	1.926784049605568
1989	02	14	0.0008295589026059999	0.033576201967638115	2.234861392102955
1989	02	15	0.0008243041067299999	0.033576201967638115	2.0359497392378207
1989	02	16	0.00124496668845	0.016788100983819058	2.2977216942482124
1989	02	17	0.0	0.016788100983819058	2.3185529980403707
1989	02	18	0.0016566771156	0.016788100983819058	2.4753585314817395
1989	02	19	0.0008243041067299999	0.016788100983819058	2.5562518009771287
1989	02	20	0.0029761989937	0.016788100983819058	2.0390349409756987
1989	02	21	4.453474707350001	0.016788100983819058	1.6305065133655443
1989	02	22	0.120090938414	0.016788100983819058	1.5851524545555764
1989	02	23	3.44667051356	0.016788100983819058	1.42375756191225
1989	02	24	9.6232697466	0.05036430295145717	1.7983369471537176
1989	02	25	3.06035584228	0.3525501206602002	1.4254258506666206
1989	02	26	0.62254606066	0.40291442361165736	1.432998624993695
1989	02	27	0.41803446812799994	0.2686096157411049	1.6076221486326112
1989	02	28	0.95228277077	0.15109290885437152	1.6042441827112244
1989	03	01	0.616975206833	0.13430480787055246	1.8160273551348358
1989	03	02	0.074477202706	0.11751670688673342	1.7730432257112676
1989	03	03	0.20807614905400001	0.08394050491909529	2.2306573511095604
1989	03	04	0.00207162752117	0.05036430295145717	2.810382503180735
1989	03	05	0.0081528541568	0.05036430295145717	2.5589071230949147
1989	03	06	0.12126215454	0.05036430295145717	2.3532662793493553
1989	03	07	0.14622991063399998	0.033576201967638115	2.4256435591884435
1989	03	08	0.00164788559634	0.033576201967638115	2.809473432717266
1989	03	09	0.000824304048704	0.033576201967638115	3.005545790355782
1989	03	10	0.0	0.016788100983819058	3.322117777078672
1989	03	11	0.00165229586247	0.016788100983819058	3.2109820599343974
1989	03	12	0.0016664491775499998	0.016788100983819058	3.4056518489502214
1989	03	13	0.0008300686029899999	0.016788100983819058	2.2259259174088046
1989	03	14	0.0127028333554	0.016788100983819058	2.820392277947531
1989	03	15	0.00042079855598	0.016788100983819058	2.811636248117376
1989	03	16	0.263956289548	0.016788100983819058	2.6672721860164277
1989	03	17	3.1800769229699997	0.016788100983819058	1.9406798238692546
1989	03	18	0.0020855457342400002	0.016788100983819058	2.4116419268360363
1989	03	19	0.0	0.016788100983819058	2.7165116359180974
1989	03	20	0.0020939012848199996	0.016788100983819058	2.494666500054099
1989	03	21	0.00124625012686	0.016788100983819058	3.1644751068403196
1989	03	22	0.0020809351817000004	0.016788100983819058	3.64744878287324
1989	03	23	0.0012360224641	0.016788100983819058	4.059482179572473
1989	03	24	0.00166590112198	0.0	3.548647058851068
1989	03	25	0.00042079855598	0.0	3.7144542068235142
1989	03	26	0.0093052215038	0.0	3.123388553319691
1989	03	27	10.053008368400002	0.0	2.6071806603031056
1989	03	28	7.1985759686	0.0	2.0279806651238044
1989	03	29	0.00042079855598	0.0	2.754013698559792
1989	03	30	0.40890399965999996	0.0	3.3519893263086646
1989	03	31	0.0052760343591	0.0	2.8917189023671366
1989	04	01	0.00123933758619	0.0	3.2342887325580163
1989	04	02	2.40971755753	0.016788100983819058	2.202399596501703
1989	04	03	2.66211885891	0.016788100983819058	2.120709298576102
1989	04	04	1.4609322072000002	0.016788100983819058	2.3742914029904254
1989	04	05	1.04797393092	0.016788100983819058	2.2373659056656674
1989	04	06	4.3094065940299995	0.016788100983819058	2.4420143362496125
1989	04	07	12.6421855473	0.033576201967638115	2.1032912410763034
1989	04	08	19.0109800449	1.0408622609967815	1.6491055048468597
1989	04	09	5.6200173226	4.667092073501697	2.268528874144933
1989	04	10	0.54485002034	1.9138435121553723	2.6438763686791242
1989	04	11	0.55747115889	0.6211597364013051	2.86611529402489
1989	04	12	0.18601046664	0.3189739186925621	2.4133107362332145
1989	04	13	0.41836784684	0.21824531278964773	2.6875185609661685
1989	04	14	0.6917862137749999	0.13430480787055246	3.198918140858094
1989	04	15	0.12776141469600003	0.10072860590291434	2.722370923575479
1989	04	16	0.0	0.06715240393527623	2.502369841353236
1989	04	17	0.00083429715103	0.05036430295145717	3.1913858363180445
1989	04	18	0.0020707303425	0.033576201967638115	4.142170872099484
1989	04	19	0.100524551872	0.033576201967638115	3.4799519644121943
1989	04	20	0.0402924845884	0.016788100983819058	3.120455025479271
1989	04	21	0.00049212933752	0.016788100983819058	3.973981228199095
1989	04	22	0.00138100854874	0.016788100983819058	3.8674696737453473
1989	04	23	0.0011524135743799999	0.016788100983819058	3.577266707419974
1989	04	24	4.39226878584	0.016788100983819058	2.7419997752602874
1989	04	25	10.042608175	0.016788100983819058	2.5525518997998264
1989	04	26	0.0061112770438	0.016788100983819058	3.0343098282868173
1989	04	27	0.24236454415999997	0.016788100983819058	3.6018883652990423
1989	04	28	0.43910616516199996	0.033576201967638115	2.8821113650715655
1989	04	29	0.00375314034503	0.016788100983819058	4.43675427955658
1989	04	30	0.019840185124299997	0.016788100983819058	4.362621399282605
1989	05	01	0.000824304048704	0.016788100983819058	5.2071900402090385
1989	05	02	0.000824304048704	0.016788100983819058	5.244490332129014
1989	05	03	0.00123933758619	0.016788100983819058	5.3056937932815655
1989	05	04	0.0	0.016788100983819058	5.040113544785116
1989	05	05	0.0	0.016788100983819058	5.247151521872536
1989	05	06	0.0	0.0	5.572112177977862
1989	05	07	0.027590802081999998	0.0	4.514312958932156
1989	05	08	0.056506598861	0.0	4.3688023424342095
1989	05	09	0.0298217615525	0.0	3.8657988416856606
1989	05	10	0.0	0.0	4.517794226419646
1989	05	11	0.0241624461214	0.0	4.54443642629191
1989	05	12	3.75022802009	0.0	3.9728827882081457
1989	05	13	0.28067483737800003	0.0	3.954299190339736
1989	05	14	0.0	0.0	5.492723118622414
1989	05	15	0.0012542497846400001	0.0	5.9058470842113024
1989	05	16	0.0	0.0	6.0975692892084545
1989	05	17	0.0025765774132599996	0.0	6.051812296231878
1989	05	18	0.447575640122	0.0	5.50755987469261
1989	05	19	0.00341401396431	0.0	5.317618770347871
1989	05	20	0.0025709260677	0.0	5.512281622705278
1989	05	21	0.1123941125254	0.0	4.6927179191082775
1989	05	22	5.0722248038	0.0	3.874643137345201
1989	05	23	5.8185445777	0.0	3.4160235125865857
1989	05	24	6.11748930736	0.0	3.9376050616537133
1989	05	25	16.390076183399998	0.0	3.1182676104620457
1989	05	26	9.6136944895	0.0	3.3189985388317162
1989	05	27	8.2798218145	0.0	3.862091281067103
1989	05	28	10.7263826906	0.016788100983819058	3.892855980102408
1989	05	29	9.959965611600001	0.016788100983819058	3.9188917194643573
1989	05	30	2.30141918507	0.016788100983819058	3.4632434830611385
1989	05	31	1.2904809289099999	0.016788100983819058	3.4201430332023395
1989	06	01	0.076718969519	0.016788100983819058	3.8342121885919505
1989	06	02	0.34240339906999995	0.016788100983819058	3.718863462687334
1989	06	03	0.00730653305147	0.016788100983819058	4.335301224189912
1989	06	04	0.0	0.016788100983819058	4.87483455676693
1989	06	05	0.00164122014972	0.016788100983819058	4.425679549457727
1989	06	06	0.000824304048704	0.016788100983819058	4.602660687967762
1989	06	07	0.0	0.016788100983819058	4.696825918120805
1989	06	08	0.00082089778711	0.0	4.494187016744031
1989	06	09	0.0	0.0	4.597593403479905
1989	06	10	0.000426562994214	0.0	5.503476528159695
1989	06	11	0.0	0.0	6.507127938267992
1989	06	12	0.0008336790387360001	0.0	6.179903154574323
1989	06	13	0.0	0.0	6.323504845325779
1989	06	14	0.199991280093	0.0	6.113620058061059
1989	06	15	0.03619363529649999	0.0	6.121269236071751
1989	06	16	0.0095158984362	0.0	6.80051792200142
1989	06	17	0.025510757599399997	0.0	5.834396388267496
1989	06	18	0.26107048249000003	0.0	5.1021773346509764
1989	06	19	0.7548429809359999	0.0	5.234443892434905
1989	06	20	3.7273049455	0.0	5.497708804389578
1989	06	21	0.070375161017	0.0	5.9431511785630535
1989	06	22	0.00123933758619	0.0	6.6564618129127675
1989	06	23	0.0	0.0	6.833756954641101
1989	06	24	0.000412588873093	0.0	7.081678245311147
1989	06	25	0.0020705446592999997	0.0	7.049550597940595
1989	06	26	0.0	0.0	6.155252891903503
1989	06	27	0.00125128659024	0.0	5.767655730375733
1989	06	28	0.0011207422098999998	0.0	5.982314787006339
1989	06	29	0.000420798604335	0.0	6.988180890847129
1989	06	30	0.0020694850078299995	0.0	6.933863660920183
1989	07	01	0.0017880907254199999	0.0	6.277022019691087
1989	07	02	0.0012341252073200001	0.0	7.0352490507948
1989	07	03	0.0023877218351299996	0.0	5.006093761466615
1989	07	04	0.1158082472805	0.0	4.406576862161172
1989	07	05	0.088367456915	0.0	5.033357548492885
1989	07	06	0.19273116368300003	0.0	5.184630553660347
1989	07	07	0.0008358328381330001	0.0	5.744137868430991
1989	07	08	0.000827186287163	0.0	5.915709696842072
1989	07	09	0.0009173356451699999	0.0	6.462105139359557
1989	07	10	0.0029061517472799996	0.0	7.627927516038227
1989	07	11	0.0010503610238500002	0.0	6.810964071138828
1989	07	12	0.00164860802004	0.0	7.247628837625701
1989	07	13	0.0016562179365199998	0.0	6.416383141977626
1989	07	14	0.0028994738250700002	0.0	7.396599762706174
1989	07	15	0.000826746179295	0.0	7.014736969231558
1989	07	16	0.0016417477027699998	0.0	7.160964222970445
1989	07	17	0.0016520610505899999	0.0	7.876276179351004
1989	07	18	0.00042079855598	0.0	7.628223951296507
1989	07	19	0.0	0.0	6.484089791600377
1989	07	20	0.13252721579899998	0.0	7.098887361299015
1989	07	21	0.48116816809400004	0.0	6.604490307031575
1989	07	22	0.0023834160158	0.0	5.419668574307635
1989	07	23	0.00377297160092	0.0	5.322083485392591
1989	07	24	0.000826338353225	0.0	6.423021866985495
1989	07	25	0.0012452105910699999	0.0	7.276111421799723
1989	07	26	0.000841597140973	0.0	7.139596605234547
1989	07	27	0.00081255577593	0.0	6.986924305195563
1989	07	28	0.0024786761394799996	0.0	6.44591226324726
1989	07	29	0.00164976970056	0.0	6.225692831917069
1989	07	30	0.0008300686029899999	0.0	6.742953933022751
1989	07	31	0.00166450250196	0.0	6.93667961579404
1989	08	01	0.017596450262799997	0.0	7.19698172237145
1989	08	02	0.004866285404169999	0.0	5.486067762944669
1989	08	03	0.501653792857	0.0	3.9009142561949695
1989	08	04	0.1203265578225	0.0	4.7716551536659315
1989	08	05	0.0043804098188	0.0	4.819820550641867
1989	08	06	0.00053890612703	0.0	5.122147051491181
1989	08	07	0.00127916914705	0.0	5.542912389455824
1989	08	08	0.0	0.0	5.803418888739067
1989	08	09	0.18737388422	0.0	5.876486689554304
1989	08	10	0.000118596111286	0.0	5.508586808738186
1989	08	11	0.00532319063865	0.0	5.417386370027373
1989	08	12	0.010465319848199999	0.0	5.389744979032974
1989	08	13	0.00084159720867	0.0	5.312154462453884
1989	08	14	0.005488917536730001	0.0	5.027834397610114
1989	08	15	0.013267276434900001	0.0	5.017482837132978
1989	08	16	0.012199539041800002	0.0	4.788843939917622
1989	08	17	0.0	0.0	5.448271655842159
1989	08	18	0.0012425999046199998	0.0	5.8659855222127195
1989	08	19	0.00167282855599	0.0	5.527778879191373
1989	08	20	0.0008300686029899999	0.0	5.826498138261724
1989	08	21	0.0016502439664	0.0	6.479479149341771
1989	08	22	0.00042079855598	0.0	6.561604651470504
1989	08	23	0.0260351366272	0.0	6.076846942545252
1989	08	24	0.0	0.0	5.3541532935540905
1989	08	25	0.0047266106327299995	0.0	5.357921966914099
1989	08	26	0.00308908944709	0.0	5.191872553051263
1989	08	27	0.004315611894469999	0.0	4.590517345731327
1989	08	28	0.00087904854301	0.0	4.1562426773509
1989	08	29	1.6675899687099998	0.0	2.9386860301760613
1989	08	30	1.1738628852800002	0.0	3.499201119123391
1989	08	31	0.00244871083611	0.0	4.397543058866286
1989	09	01	0.000832950715726	0.0	5.240498051378668
1989	09	02	0.38612134799	0.0	5.032412630685476
1989	09	03	3.0483024881399996	0.0	4.5971865057823615
1989	09	04	5.53801933135	0.0	3.8435143366053284
1989	09	05	5.6605916162600005	0.0	3.784717972433214
1989	09	06	6.60543748474	0.0	3.381958059846639
1989	09	07	12.964575102	0.0	3.0798993970408537
1989	09	08	0.0097866467851	0.0	3.3295178908062986
1989	09	09	0.06679904765	0.0	3.240872618951036
1989	09	10	0.0086823317358	0.0	3.0949989676936136
1989	09	11	0.000824304048704	0.0	3.755066293113516
1989	09	12	0.00042079855598	0.0	4.082813130832668
1989	09	13	0.0	0.0	4.109053888469112
1989	09	14	0.000550572389724	0.0	4.541774754231629
1989	09	15	0.00208811705972	0.0	4.259459432550539
1989	09	16	0.000958930857945	0.0	3.9049837368640596
1989	09	17	0.381192667905	0.0	3.6728971332823983
1989	09	18	0.67054777903	0.0	3.199686637081618
1989	09	19	0.010115089418699999	0.0	3.30244385167734
1989	09	20	0.0008243041067299999	0.0	4.308396171387209
1989	09	21	0.00166556244356	0.0	3.941518396929944
1989	09	22	0.00176501252799	0.0	3.2954236750210866
1989	09	23	0.0012468535005500001	0.0	4.206697057613571
1989	09	24	0.013372347981499999	0.0	4.032769396772923
1989	09	25	0.003961472350060001	0.0	3.651999960774282
1989	09	26	0.00165375415256	0.0	3.9742474642874215
1989	09	27	0.00082718635486	0.0	4.475682049257735
1989	09	28	0.00082486444447	0.0	4.710892089785564
1989	09	29	0.28345211647400004	0.0	4.542105903134112
1989	09	30	0.24681074772600003	0.0	3.281219115413144
1989	10	01	9.697887314199999	4.515999164647327	2.4611925796886562
1989	10	02	0.139672237638	0.20145721180582868	3.019958909971803
1989	10	03	0.014275565223899998	0.016788100983819058	3.3460879058728246
1989	10	04	0.00336759451825	0.016788100983819058	3.520398463403099
1989	10	05	0.070778809215	0.016788100983819058	3.4896509015397075
1989	10	06	0.00042079855598	0.016788100983819058	3.398511997564684
1989	10	07	0.0020780527401500003	0.016788100983819058	3.720011907704878
1989	10	08	0.0	0.016788100983819058	3.6284249808933593
1989	10	09	0.00125663078484	0.016788100983819058	3.403004355191233
1989	10	10	0.00124510217916	0.016788100983819058	3.4632000591672014
1989	10	11	0.00123364852373	0.016788100983819058	3.3575678412664693
1989	10	12	0.489434851855	0.016788100983819058	2.7064943780333532
1989	10	13	18.5085696607	0.016788100983819058	1.5913930715669813
1989	10	14	5.431885425399999	0.016788100983819058	1.8390159833723603
1989	10	15	0.45206553726599996	0.016788100983819058	1.927100058363685
1989	10	16	9.868586266800001	0.016788100983819058	1.7192513908523461
1989	10	17	3.7663690158	0.05036430295145717	1.7259940305803911
1989	10	18	0.128371132562	0.05036430295145717	2.0632828515776227
1989	10	19	0.0121956164842	0.016788100983819058	2.0708542750189634
1989	10	20	0.0	0.016788100983819058	2.588456383068857
1989	10	21	0.00125629394391	0.016788100983819058	2.93213987124113
1989	10	22	0.225911436267	0.016788100983819058	2.368089752663459
1989	10	23	8.3264853566	1.7963268052686392	1.5776036074207418
1989	10	24	0.49859996184500005	1.1583789678835148	2.0110914605141894
1989	10	25	0.00496680490778	0.11751670688673342	2.096151395920858
1989	10	26	0.5819907221599999	0.05036430295145717	2.0260883981547986
1989	10	27	3.6812390712000003	0.4700668275469337	1.5377310641190363
1989	10	28	0.0016350861245499999	0.15109290885437152	1.6423870624574324
1989	10	29	0.00042079851729600004	0.08394050491909529	2.331163218224562
1989	10	30	0.00125086706226	0.05036430295145717	2.608264036054648
1989	10	31	0.0	0.033576201967638115	2.587815082054269
1989	11	01	0.000824304048704	0.016788100983819058	2.2319250792988186
1989	11	02	0.185415042512	0.016788100983819058	1.5812874884579868
1989	11	03	0.070806845444	0.016788100983819058	1.5433247706920719
1989	11	04	0.00042656295552999997	0.016788100983819058	1.7581977092061447
1989	11	05	0.0290604188472	0.016788100983819058	1.5320005095182283
1989	11	06	0.0367600967137	0.016788100983819058	1.7103997354297409
1989	11	07	0.0408746507425	0.016788100983819058	1.4575886540420817
1989	11	08	0.32393875219000007	0.016788100983819058	1.4408917084042547
1989	11	09	0.0020741722514	0.016788100983819058	1.6518825083809363
1989	11	10	0.0021527775591399997	0.016788100983819058	1.9001482790140751
1989	11	11	0.9156018669739999	0.016788100983819058	1.5041106140990326
1989	11	12	7.9964218634	0.016788100983819058	1.3678141997375548
1989	11	13	0.4883731598039999	0.016788100983819058	1.6943274063074787
1989	11	14	4.6625660793	0.016788100983819058	1.1878904619530715
1989	11	15	1.9419182316799999	0.016788100983819058	1.297614332924751
1989	11	16	1.41214694441	0.016788100983819058	1.3868758848984388
1989	11	17	6.673096381	0.13430480787055246	1.1086460288323687
1989	11	18	10.124566998699999	0.9401336550938674	1.1920755416798325
1989	11	19	22.6867811128	24.20844161866708	0.7256069667061155
1989	11	20	4.51826856986	6.4130545758188795	0.9429463019317983
1989	11	21	2.65860751223	6.76560469647908	1.112656182308457
1989	11	22	23.1168930352	16.788100983819056	1.1399799752665214
1989	11	23	3.6529049754	5.456132819741193	0.9717745603957108
1989	11	24	1.0122915191900002	4.499211063663507	1.0830984746313541
1989	11	25	10.6486568636	2.8371890662654207	1.0558174780901086
1989	11	26	18.6227416183	17.40926072022036	0.6458059964019021
1989	11	27	1.29619416887	5.33861611285446	1.1430076378494944
1989	11	28	0.14296523248	1.5445052905113532	1.203289518748445
1989	11	29	3.4584347048	1.0240741600129626	1.1149741139268405
1989	11	30	0.0873405843324	0.6883121403365814	1.2119365117830854
1989	12	01	0.0	0.4700668275469337	1.3163186911600728
1989	12	02	0.00143081439216	0.3525501206602002	1.37117470495865
1989	12	03	24.4578574545	7.1517310191069186	0.6456518187934349
1989	12	04	20.502258883	5.17073510301627	1.0614577833855103
1989	12	05	19.6438976728	6.077292556142499	0.7574522567390658
1989	12	06	17.4483427662	38.528691757864735	0.6709623291760481
1989	12	07	5.977583205599999	10.593291720789825	0.7352069811010057
1989	12	08	4.1894772	14.807105067728408	0.7057698041026347
1989	12	09	2.1465229366	4.348118154809136	0.8783605807610698
1989	12	10	0.09212666165399999	1.77953870428482	1.0991879821916095
1989	12	11	2.28326265625	1.2423194728026101	1.213788524997894
1989	12	12	3.23132335855	5.590437627611746	1.0515224091954123
1989	12	13	4.150216808400001	5.9261996472881275	0.5457259191260915
1989	12	14	8.2380111802	17.073498700543983	0.48897062044406703
1989	12	15	0.204815474694	14.891045572647501	0.900464281622084
1989	12	16	26.337537192000003	23.369036569476126	0.8403130742581496
1989	12	17	4.71865565497	8.22616948207134	0.8719673549143891
1989	12	18	12.343940611199999	19.356680434343374	0.7103623182318485
1989	12	19	0.136711267568	2.5517913495404967	1.1082834146857596
1989	12	20	0.05850883821439999	1.3262599777217055	0.9455528259684921
1989	12	21	7.12028274403	3.7269584184078313	1.1230898629777626
1989	12	22	2.3327696657700003	3.6765941154563735	1.0585085229987667
1989	12	23	0.000417742394257	1.175167068867334	1.218828308112685
1989	12	24	0.0433200104804	0.8058288472233147	1.2625957777212875
1989	12	25	51.37126884799999	20.750092816000354	0.7133508024895061
1989	12	26	3.23484872818	17.560353629074736	0.9141572026695264
1989	12	27	1.3264496989499999	2.686096157411049	1.1228693537841032
1989	12	28	11.774792590199999	13.816607109683083	0.5981087360202388
1989	12	29	0.35916749731	10.358258307016358	1.0307509616581771
1989	12	30	0.308154451973	1.443776684608439	1.1117928641004864
1989	12	31	0.043461493341999995	0.9401336550938674	1.086693895937008
1990	01	01	2.7044944730299996	1.477352886576077	1.0668078763756192
1990	01	02	7.6662684299	4.247389548906221	1.2140396788291041
1990	01	03	1.9299167141	9.418124651922492	0.7957009671122462
1990	01	04	0.308759363352	1.8634792092039156	1.0524428030760626
1990	01	05	0.382375750348	1.0072860590291435	0.9962810433021906
1990	01	06	0.6642256915939999	0.8729812511585909	1.1861009323061091
1990	01	07	0.0202670853076	0.6379478373851242	1.1871543748394637
1990	01	08	0.0008271862581499999	0.4197025245954764	1.2304107676892717
1990	01	09	0.00207008635061	0.3189739186925621	1.230455491967276
1990	01	10	0.00084159720867	0.28539771672492403	1.2573301675806459
1990	01	11	0.0008243041067299999	0.25182151475728587	1.171623091946673
1990	01	12	0.00042656295552999997	0.23503341377346684	1.3074881710689563
1990	01	13	0.00042079851729600004	0.21824531278964773	1.2957622451479172
1990	01	14	0.000827186287163	0.18466911082200962	1.2977748247503351
1990	01	15	0.00125086706226	0.18466911082200962	1.4006523386144019
1990	01	16	0.00609800804496	0.16788100983819057	1.4106443518309253
1990	01	17	0.51995638279	0.15109290885437152	1.326873663867833
1990	01	18	0.00166119463312	0.13430480787055246	1.3285415622131513
1990	01	19	0.0012357137657800002	0.11751670688673342	1.355176791810254
1990	01	20	0.0	0.11751670688673342	1.4089960627931355
1990	01	21	0.000824304048704	0.10072860590291434	1.3486293989849778
1990	01	22	0.000824304048704	0.10072860590291434	1.413821523162128
1990	01	23	0.00164860782662	0.10072860590291434	1.5556855216722631
1990	01	24	0.350776415476	0.10072860590291434	1.163446268274589
1990	01	25	0.31185638505	0.10072860590291434	1.0379725843604513
1990	01	26	0.934450752355	0.08394050491909529	1.0394365841684026
1990	01	27	7.69009448576	0.16788100983819057	1.1668073349835668
1990	01	28	1.55566439099	1.813114906252458	1.1157548311959897
1990	01	29	2.5362038895600003	0.5540073324660288	1.4933345693071927
1990	01	30	0.00349145662443	1.0072860590291435	1.4205920668640395
1990	01	31	4.625233118	0.9737098570615053	1.1246028092247065
1990	02	01	0.141024369161	1.0744384629644197	1.4881446257651962
1990	02	02	0.0148038571383	0.4532787265631145	1.4229794297300764
1990	02	03	0.017975855198	0.3189739186925621	1.6683939951534787
1990	02	04	0.006612232329339999	0.23503341377346684	1.697902646324882
1990	02	05	0.00093471230455	0.18466911082200962	1.5986693777078729
1990	02	06	0.54641198355	0.16788100983819057	1.7173328509319985
1990	02	07	0.000364057096884	0.13430480787055246	1.9030839233817496
1990	02	08	0.174855103534	0.11751670688673342	1.3364541843378261
1990	02	09	0.0011026073441199999	0.10072860590291434	1.886310165687969
1990	02	10	0.217432783528	0.10072860590291434	1.475111609214803
1990	02	11	0.047714416170399995	0.10072860590291434	1.2064210775494588
1990	02	12	0.025977418165	0.10072860590291434	1.506776123107761
1990	02	13	0.0052085617263	0.08394050491909529	1.5405960756028834
1990	02	14	0.0008243041067299999	0.06715240393527623	1.961517391236552
1990	02	15	0.00042079851729600004	0.06715240393527623	1.9063309119989662
1990	02	16	0.00248444092587	0.06715240393527623	1.8228788718644213
1990	02	17	0.0027197245572499994	0.06715240393527623	2.107121552544935
1990	02	18	0.5596068058199999	0.05036430295145717	1.8601951842474114
1990	02	19	0.0020761238592000002	0.05036430295145717	2.413109820656085
1990	02	20	0.029709727853	0.033576201967638115	2.444665343149532
1990	02	21	0.0143687279011	0.033576201967638115	2.3055962668204706
1990	02	22	0.00124440664084	0.033576201967638115	2.1730290360289155
1990	02	23	0.00124736896485	0.033576201967638115	2.2764106318418054
1990	02	24	0.0	0.033576201967638115	2.4607157375657347
1990	02	25	0.178597567772	0.033576201967638115	1.6952062790158744
1990	02	26	0.000134170241331	0.016788100983819058	2.36226599058156
1990	02	27	0.0022727630449699996	0.016788100983819058	2.275899583358027
1990	02	28	0.00086369815155	0.016788100983819058	2.132474094850307
1990	03	01	0.00123933758619	0.016788100983819058	2.237396516638595
1990	03	02	0.0881564124846	0.016788100983819058	2.308483554915099
1990	03	03	25.5320308981	0.25182151475728587	1.6423453444007283
1990	03	04	6.64728767343	0.5036430295145717	1.882760701191185
1990	03	05	9.600462143749999	0.4197025245954764	1.8504112353132216
1990	03	06	3.0741439804	0.2686096157411049	2.1839134254083805
1990	03	07	8.7877195241	0.16788100983819057	2.134653076803241
1990	03	08	1.83419296268	0.11751670688673342	2.278560048302848
1990	03	09	0.00124399320559	0.08394050491909529	2.712878853318839
1990	03	10	2.4109358134	0.06715240393527623	2.5771239270648407
1990	03	11	0.34064376061999996	0.06715240393527623	1.9554323609525963
1990	03	12	0.210456801098	0.05036430295145717	2.29620946080061
1990	03	13	0.004184947303599999	0.05036430295145717	1.8724656360372003
1990	03	14	0.0012451022758700001	0.033576201967638115	2.702902871809048
1990	03	15	0.00290734892037	0.033576201967638115	3.232296991583613
1990	03	16	0.0	0.016788100983819058	3.000770002758125
1990	03	17	0.00206618555276	0.016788100983819058	2.740752668379454
1990	03	18	0.0	0.016788100983819058	2.908713327021893
1990	03	19	0.00042079855598	0.016788100983819058	3.12618835805731
1990	03	20	0.0	0.016788100983819058	3.1253340355444523
1990	03	21	0.0016716649412699999	0.016788100983819058	3.3550393365254343
1990	03	22	0.0	0.016788100983819058	3.6799359791354926
1990	03	23	0.0808622715624	0.016788100983819058	2.6501075554506857
1990	03	24	0.174770385574	0.016788100983819058	2.5941162832770597
1990	03	25	0.000888096372783	0.016788100983819058	3.514460746042806
1990	03	26	0.00166590112198	0.016788100983819058	3.0537654221076336
1990	03	27	0.0008300686029899999	0.016788100983819058	3.410699683559748
1990	03	28	0.00166607790786	0.016788100983819058	3.3405982550428144
1990	03	29	0.0008243041067299999	0.016788100983819058	3.2823110453571456
1990	03	30	3.023086903	0.016788100983819058	2.808223066674438
1990	03	31	1.80676368564	0.016788100983819058	2.6825404738755023
1990	04	01	7.382818189599999	0.016788100983819058	2.151970594765484
1990	04	02	0.37164850307	0.033576201967638115	2.353531486643203
1990	04	03	0.058982061520599996	0.033576201967638115	2.678677220196618
1990	04	04	3.76058604793	0.016788100983819058	2.445501087689203
1990	04	05	28.5066931699	0.3525501206602002	2.1440271112288345
1990	04	06	5.59285022637	0.587583534433667	2.052315741035221
1990	04	07	6.813746956339999	0.33576201967638114	2.8225151861690536
1990	04	08	5.92003650036	0.3861263226278383	2.352500345802747
1990	04	09	1.20676053256	0.40291442361165736	2.990474790523553
1990	04	10	0.000420798604335	0.28539771672492403	2.921176240952762
1990	04	11	0.00207670363565	0.2686096157411049	3.4509672261599666
1990	04	12	0.0	0.13430480787055246	4.0383801521129
1990	04	13	0.22948996738400002	0.08394050491909529	2.849419661471146
1990	04	14	0.0	0.06715240393527623	3.3107863049619266
1990	04	15	0.000824304048704	0.05036430295145717	3.575686125430083
1990	04	16	0.0024902046484499996	0.033576201967638115	3.783120181724414
1990	04	17	0.00124686239787	0.016788100983819058	4.049652248064694
1990	04	18	0.0	0.016788100983819058	3.8656668420485594
1990	04	19	0.0	0.016788100983819058	3.9237244366576736
1990	04	20	0.0	0.016788100983819058	3.132625981096104
1990	04	21	0.7578875471300001	0.016788100983819058	2.8268313220877506
1990	04	22	0.564886446495	0.016788100983819058	2.9576119533238088
1990	04	23	0.24592830765999998	0.016788100983819058	3.655617160694731
1990	04	24	0.607096792896	0.016788100983819058	3.3880841298928797
1990	04	25	2.33563218506	0.016788100983819058	3.795976994760334
1990	04	26	1.7720325134700001	0.016788100983819058	3.8348407221835674
1990	04	27	1.1374140467999998	0.016788100983819058	4.390004175700345
1990	04	28	18.000061711	0.033576201967638115	3.123785157748106
1990	04	29	5.6623105398	0.033576201967638115	3.404706361005626
1990	04	30	6.1011660133	0.05036430295145717	3.1654586334571455
1990	05	01	6.737409788229999	0.08394050491909529	3.7363020403650484
1990	05	02	1.8376680431099999	0.08394050491909529	3.9775540505534073
1990	05	03	0.0026850931898000003	0.08394050491909529	4.3422890885590375
1990	05	04	0.00279243693785	0.11751670688673342	4.426676351668479
1990	05	05	0.00165410008423	0.05036430295145717	4.488049740939266
1990	05	06	0.004258007453359999	0.033576201967638115	4.804357653394188
1990	05	07	0.03043221925	0.016788100983819058	4.640552098603166
1990	05	08	0.0124984928622	0.016788100983819058	4.477553048417978
1990	05	09	0.631645746335	0.016788100983819058	4.298052926176371
1990	05	10	0.00727055093545	0.016788100983819058	4.978371867555612
1990	05	11	0.467019427397	0.016788100983819058	4.428086854725911
1990	05	12	0.74188591053	0.016788100983819058	3.079606596657407
1990	05	13	0.39672892631400003	0.016788100983819058	3.606295384386453
1990	05	14	0.00710193492283	0.016788100983819058	4.511159247763909
1990	05	15	0.000832429729285	0.016788100983819058	4.771061210317057
1990	05	16	0.057554258291	0.016788100983819058	4.759351302883086
1990	05	17	0.00123933748948	0.0	4.368590607311662
1990	05	18	0.067949442113	0.0	4.376956001861992
1990	05	19	0.0010058441536199998	0.0	4.3710773711328
1990	05	20	0.0124266992266	0.0	4.092110837349597
1990	05	21	0.0084816613871	0.0	4.438175313248878
1990	05	22	0.00084898536912	0.0	4.195360750929514
1990	05	23	0.081119197151	0.0	3.8357065597258377
1990	05	24	0.006642987269859999	0.0	4.7459238733551095
1990	05	25	0.16656718225699998	0.0	5.090622201219918
1990	05	26	0.23805453728700002	0.0	5.084866952992604
1990	05	27	0.0124055932362	0.0	4.964965082911163
1990	05	28	0.00041215205336499997	0.0	6.133854524306377
1990	05	29	0.0	0.0	6.055569350017768
1990	05	30	0.0008300686029899999	0.0	6.5848996913990705
1990	05	31	0.0	0.0	5.864245942431534
1990	06	01	0.13008667125200002	0.0	6.037953619194291
1990	06	02	1.43576275273	0.0	4.267522986022118
1990	06	03	0.435621326693	0.0	4.8761618444106
1990	06	04	0.0009352681356039999	0.0	4.9971295286531205
1990	06	05	0.0008358329541849999	0.0	4.370978965572957
1990	06	06	0.0008243041067299999	0.0	5.363098046900315
1990	06	07	0.0	0.0	5.827013396155396
1990	06	08	0.00165138379046	0.0	6.079864991246087
1990	06	09	0.0	0.0	5.26088467108441
1990	06	10	0.00171897160487	0.0	4.6055721995619345
1990	06	11	0.0440675043137	0.0	5.230802164748549
1990	06	12	0.00220346317343	0.0	5.270884365673279
1990	06	13	0.09472295765599999	0.0	4.519815162980361
1990	06	14	0.103388260695	0.0	4.53561902837594
1990	06	15	0.00533834683643	0.0	5.47965956988591
1990	06	16	0.00151271228856	0.0	4.21312339703504
1990	06	17	0.0367222531236	0.0	4.433315579749906
1990	06	18	0.00041215205336499997	0.0	5.390976843938508
1990	06	19	0.265170657676	0.0	4.590422424769444
1990	06	20	0.0116626128586	0.0	4.853602510217751
1990	06	21	0.0424327668287	0.0	5.184131894615964
1990	06	22	0.095319726053	0.0	4.756118986494484
1990	06	23	0.00129810003284	0.0	7.018676070014907
1990	06	24	0.00042656295552999997	0.0	6.851938328963819
1990	06	25	0.0021818056458999995	0.0	5.1922149938592375
1990	06	26	0.00106727231471	0.0	6.424156478627679
1990	06	27	0.00614929887043	0.0	5.268911176762642
1990	06	28	0.00166013633559	0.0	5.559301539189175
1990	06	29	0.0	0.0	5.558359828298448
1990	06	30	0.0	0.0	5.851274921735999
1990	07	01	0.0012322341399799998	0.0	6.1889202149795866
1990	07	02	0.0	0.0	6.249801571749627
1990	07	03	0.00125663078484	0.0	5.5622229011402435
1990	07	04	0.00081853980389	0.0	6.426823686651057
1990	07	05	0.0058685558331599995	0.0	6.4891442326984095
1990	07	06	0.00123790028217	0.0	6.373674466962578
1990	07	07	0.0008243041067299999	0.0	6.679780254923625
1990	07	08	0.0012361078590299999	0.0	6.642800874323578
1990	07	09	0.000818539745864	0.0	7.482030846383517
1990	07	10	0.00042079855598	0.0	7.153983988593793
1990	07	11	0.0020743262137199996	0.0	6.725926384170711
1990	07	12	0.00167053556189	0.0	5.883679841101865
1990	07	13	0.004248189841	0.0	5.48353346096222
1990	07	14	0.00139946981077	0.0	4.873993844406411
1990	07	15	0.0014817451663	0.0	5.9645054013201335
1990	07	16	0.00291714274207	0.0	7.529675065924239
1990	07	17	0.00042656295552999997	0.0	7.44699664172235
1990	07	18	0.00042656295552999997	0.0	7.405719375519878
1990	07	19	0.0016601364323	0.0	6.705398956922918
1990	07	20	0.0	0.0	6.810377226126966
1990	07	21	0.008260498189399999	0.0	6.998587552038463
1990	07	22	0.000485555707374	0.0	7.032151619753145
1990	07	23	0.00123933758619	0.0	7.334100726022614
1990	07	24	0.0	0.0	6.959769281489838
1990	07	25	0.00142682955332	0.0	5.124370739739264
1990	07	26	0.0130549177156	0.0	5.149972157715645
1990	07	27	0.00105152473528	0.0	5.05891061084557
1990	07	28	0.00124152942163	0.0	5.061025440550685
1990	07	29	0.0	0.0	6.529866005316471
1990	07	30	0.0	0.0	6.3655210782005724
1990	07	31	0.00122905895726	0.0	6.641440402427613
1990	08	01	0.0008300686029899999	0.0	6.605898211387946
1990	08	02	0.00493420387007	0.0	6.791892281058561
1990	08	03	0.00082666653861	0.0	7.535092794455198
1990	08	04	0.000426811152074	0.0	7.3578067180790425
1990	08	05	0.14693058425499997	0.0	7.219957052280308
1990	08	06	0.00090211523195	0.0	7.070068906260464
1990	08	07	0.000824304048704	0.0	6.208150285781085
1990	08	08	0.000420798604335	0.0	5.9139983302014985
1990	08	09	0.0297426353647	0.0	5.312635299546333
1990	08	10	0.0	0.0	6.275126585864501
1990	08	11	0.0	0.0	6.552939569657585
1990	08	12	0.0024872290751699997	0.0	6.304582603014994
1990	08	13	0.0008300686029899999	0.0	5.621738392503504
1990	08	14	0.00124510217916	0.0	5.408124668474941
1990	08	15	0.000420798604335	0.0	5.412337283037234
1990	08	16	0.0008878667542299999	0.0	5.813821420027898
1990	08	17	0.0016583578386899999	0.0	6.302727032826607
1990	08	18	0.00164860772991	0.0	6.310654339107307
1990	08	19	0.39478143836	0.0	4.7653983457714375
1990	08	20	0.068650106063	0.0	4.50407750416615
1990	08	21	0.148952674303	0.0	4.4757786994403075
1990	08	22	1.54364033998	0.0	4.034408675675418
1990	08	23	0.0016425700279000001	0.0	4.853478743770874
1990	08	24	0.00033937575712599997	0.0	4.8577513928675735
1990	08	25	6.3397785963e-05	0.0	5.116187281912385
1990	08	26	0.0	0.0	5.9061803873244605
1990	08	27	0.0	0.0	5.938597398813574
1990	08	28	0.00210034748987	0.0	5.115601865769342
1990	08	29	0.00227847551125	0.0	4.4022051312670465
1990	08	30	0.034411648132599996	0.0	3.917297311155442
1990	08	31	0.00082718635486	0.0	4.7935299477931235
1990	09	01	0.0	0.0	5.027505424265123
1990	09	02	0.00048996071248	0.0	4.746869865892619
1990	09	03	0.0152398877127	0.0	4.932469086138563
1990	09	04	0.0008300686029899999	0.0	5.247223537962162
1990	09	05	0.00207805293357	0.0	5.389354564579713
1990	09	06	0.0	0.0	4.877060919377704
1990	09	07	0.00343043648283	0.0	4.437403693183832
1990	09	08	0.00046497669943499996	0.0	4.329752394146613
1990	09	09	0.0013105916767000001	0.0	4.255946491038688
1990	09	10	0.54054516811	0.0	4.577807048696288
1990	09	11	0.0098041435583	0.0	4.283555520687378
1990	09	12	0.21101813495099997	0.0	3.96458380566029
1990	09	13	0.038674249697800006	0.0	3.885329338449358
1990	09	14	0.000420798604335	0.0	4.17026447823155
1990	09	15	0.023590286551	0.0	4.18452059954305
1990	09	16	0.190241035919	0.0	4.093538732901835
1990	09	17	0.042274571511999995	0.0	3.9948633237280315
1990	09	18	5.72274432867	0.0	4.239642535516403
1990	09	19	3.51727867798	0.0	3.337880305579456
1990	09	20	0.006883825246669999	0.0	3.633743261903128
1990	09	21	0.00125142914078	0.0	3.654353302594815
1990	09	22	0.38209917908999996	0.0	3.3569145611619797
1990	09	23	0.100911498253	0.0	2.9662221253773025
1990	09	24	0.0197974828238	0.0	3.2038002227999027
1990	09	25	0.097083755137	0.0	3.458314312827655
1990	09	26	0.0018065300342799998	0.0	3.5285843348848362
1990	09	27	0.0258848347807	0.0	3.818638742786931
1990	09	28	0.320208144598	0.0	3.8150236690418122
1990	09	29	0.5705213029999999	0.0	3.2122629370674973
1990	09	30	0.83585186099	0.0	2.621665730140316
1990	10	01	0.055384777367500006	0.0	3.1280556974064404
1990	10	02	0.000824304048704	0.0	3.1055190730776245
1990	10	03	2.5712355397	0.0	2.6941660244238075
1990	10	04	0.144344500829	0.0	2.414287848527761
1990	10	05	0.0016586403286000001	0.0	3.4224087267135634
1990	10	06	0.000824304048704	0.0	3.499132347271199
1990	10	07	0.0012568623085800002	0.0	2.7198373634157034
1990	10	08	0.00165607016364	0.0	2.6648821264003963
1990	10	09	0.00168565355922	0.0	3.116722438097722
1990	10	10	0.0016719640652999997	0.0	3.3508537073656814
1990	10	11	0.003317114316	0.0	3.2954774031413603
1990	10	12	0.436328499226	0.0	2.436477476307583
1990	10	13	6.812717961939999	0.0	1.9850389261338715
1990	10	14	8.770740149399998	0.0	2.294986971971562
1990	10	15	1.37309119117	0.0	1.7049862518389547
1990	10	16	7.4176096121	0.0	1.7571835992427882
1990	10	17	0.942636692937	0.0	1.8831455677876152
1990	10	18	6.16651054255	0.0	1.8225106953023786
1990	10	19	0.09805654168499998	0.0	1.8386693454754504
1990	10	20	2.57031737496	0.0	2.144402091775723
1990	10	21	9.2833834187	0.0	1.6435809524114262
1990	10	22	3.59669451223	0.0	1.6372594447523101
1990	10	23	1.07142678289	0.0	1.9627675166475558
1990	10	24	0.749320936646	0.0	1.6666013557579773
1990	10	25	0.24251764576099996	0.0	1.9244188114305922
1990	10	26	4.470426519699999	0.0	1.5170367088759742
1990	10	27	0.00125067876789	0.0	1.9544407240999633
1990	10	28	0.72912686352	0.0	2.059429853122757
1990	10	29	0.39776871355	0.0	1.6270394785361983
1990	10	30	0.80487110262	0.0	1.4548944781511959
1990	10	31	6.095231887700001	0.0	1.8632222546768118
1990	11	01	0.0008275480019049999	0.0	1.8908660718169872
1990	11	02	0.00164860782662	0.0	1.7836379952224388
1990	11	03	0.0008243041067299999	0.0	1.8336693803980086
1990	11	04	0.0008243041067299999	0.0	1.8295999776255611
1990	11	05	0.61808947044	0.0	1.957165275876976
1990	11	06	1.5923707682	0.0	1.3150263397686353
1990	11	07	23.462401115400002	0.0	1.1048405329758737
1990	11	08	7.01108168043	0.0	1.140130592988004
1990	11	09	0.021582923501799998	0.0	1.499438794300765
1990	11	10	0.0076389270622500005	0.0	1.8506647617845873
1990	11	11	0.00299235643011	0.0	1.8587772069828021
1990	11	12	0.00166013633559	0.0	1.895763586349166
1990	11	13	0.0	0.0	1.9374957649828644
1990	11	14	0.0008243041067299999	0.0	1.7863864114762238
1990	11	15	0.000824304048704	0.0	1.972207881160809
1990	11	16	0.0012451022758700001	0.0	2.0433551222342574
1990	11	17	0.0012447768467199998	0.0	1.982179264952087
1990	11	18	0.00243468014931	0.0	1.7971523067691564
1990	11	19	0.0029602913592199995	0.0	1.650602576615937
1990	11	20	0.0091946616647	0.0	1.2489005967642002
1990	11	21	5.97663312656	0.0	1.160418728682656
1990	11	22	0.11596495132899999	0.0	1.067422141471726
1990	11	23	1.04383996526	0.0	1.396357248972511
1990	11	24	5.890467804699999	0.0	0.9308056729281305
1990	11	25	2.5146634778399997	0.0	0.9263464343687283
1990	11	26	0.204621870945	0.0	0.9897910106917884
1990	11	27	0.036123525382000005	0.0	1.2145688063931093
1990	11	28	0.26174489934600004	0.0	1.1196726482970596
1990	11	29	0.0	0.0	1.1682723553300405
1990	11	30	0.000824304048704	0.0	1.2810827960081563
1990	12	01	0.00207805293357	0.0	1.332447587050954
1990	12	02	0.9968217875900001	0.0	1.2236027087374814
1990	12	03	3.2782320605	0.0	1.0854958898486715
1990	12	04	4.946214575099999	0.0	0.7868532186590972
1990	12	05	2.12366707546	0.0	0.8569343609742375
1990	12	06	0.432078491237	2.081724521993563	1.0382274009510324
1990	12	07	0.0401175100867	0.4700668275469337	1.2066523474964865
1990	12	08	5.620968465450001	0.5540073324660288	1.047328099204886
1990	12	09	0.52593557525	0.4700668275469337	0.8795576713201757
1990	12	10	1.08625513377	0.28539771672492403	1.087627777790642
1990	12	11	0.000422192940102	0.18466911082200962	0.9058396505223762
1990	12	12	0.0	0.11751670688673342	1.1129384855558486
1990	12	13	0.0	0.10072860590291434	1.2457991723028377
1990	12	14	7.619807011699999e-05	0.08394050491909529	1.301993566178289
1990	12	15	0.00124591434974	0.08394050491909529	1.0782436962886188
1990	12	16	0.93607040308	0.06715240393527623	1.0501904263716793
1990	12	17	1.0861237048799999	0.05036430295145717	1.0508678164322491
1990	12	18	5.6527323814	0.05036430295145717	0.7184153906000612
1990	12	19	2.13852037752	0.05036430295145717	0.799199065398168
1990	12	20	0.00247270603776	0.10072860590291434	0.97816262877317
1990	12	21	0.0012451022758700001	0.08394050491909529	1.116474817546173
1990	12	22	0.0	0.06715240393527623	1.1978239635333872
1990	12	23	0.0	0.05036430295145717	0.9652867486906749
1990	12	24	0.0111617295253	0.05036430295145717	1.1983592396672953
1990	12	25	1.41690739745	0.05036430295145717	1.1703166192930954
1990	12	26	0.45879852615	0.05036430295145717	0.8668458712939083
1990	12	27	0.233742219045	0.05036430295145717	1.0207563130011232
1990	12	28	0.5026107383069999	0.05036430295145717	0.8369623539173408
1990	12	29	0.22129130943699998	0.05036430295145717	1.1051536817277363
1990	12	30	0.024461227797999998	0.05036430295145717	1.0280697846831313
1990	12	31	0.450158483763	0.05036430295145717	1.199428240240662
1991	01	01	0.00116685305435	0.05036430295145717	1.2223774836229435
1991	01	02	0.00042079855598	0.033576201967638115	1.3264095620205651
1991	01	03	0.0008425877124899999	0.033576201967638115	1.3074331185919152
1991	01	04	0.0254806527435	0.033576201967638115	1.0554328338264722
1991	01	05	0.0020687338612599996	0.033576201967638115	1.1068261271120727
1991	01	06	0.016423887933599998	0.033576201967638115	1.2780137534169034
1991	01	07	5.049374165	0.033576201967638115	1.1061201868094002
1991	01	08	0.0566814950276	0.033576201967638115	1.1143504497683128
1991	01	09	0.0334417918976	0.10072860590291434	1.1863101819135646
1991	01	10	0.394870933794	0.06715240393527623	1.0188062594921334
1991	01	11	5.726363506999999	0.05036430295145717	1.04344613667341
1991	01	12	0.45341949660799996	0.4197025245954764	1.060266551050531
1991	01	13	0.00167987146174	0.3189739186925621	1.263450120388511
1991	01	14	0.00123357367019	0.18466911082200962	1.118827330981297
1991	01	15	0.0	0.06715240393527623	1.260586651085873
1991	01	16	0.09428829456099999	0.05036430295145717	1.2528963610541854
1991	01	17	0.153601059795	0.10072860590291434	1.1395291466009654
1991	01	18	0.0055110619024	0.10072860590291434	1.2457981225984542
1991	01	19	2.4681320415999996e-05	0.08394050491909529	1.3340348450212167
1991	01	20	0.00124999889659	0.08394050491909529	1.4831223266634084
1991	01	21	0.00042079855598	0.06715240393527623	1.3576701478666382
1991	01	22	0.00042079855598	0.06715240393527623	1.3952312957423572
1991	01	23	0.104275004356	0.05036430295145717	1.2291909409762325
1991	01	24	0.0012448367102100002	0.033576201967638115	1.25987232246237
1991	01	25	0.00042079851729600004	0.033576201967638115	1.3785021471690222
1991	01	26	0.000824304048704	0.033576201967638115	1.4246817494106034
1991	01	27	0.0016601355619100002	0.033576201967638115	1.3876113608045237
1991	01	28	0.0012397419307	0.033576201967638115	1.460068198799829
1991	01	29	0.8783125799099999	0.033576201967638115	1.356332753111599
1991	01	30	0.0009008706129339999	0.033576201967638115	1.2689360979700195
1991	01	31	0.034195162797599994	0.033576201967638115	1.580818877941683
1991	02	01	5.10956898346	0.10072860590291434	1.2111921282663936
1991	02	02	3.09298154104	0.40291442361165736	1.1729400485106674
1991	02	03	0.00207024224713	0.3525501206602002	1.55107153493158
1991	02	04	0.00166590112198	0.16788100983819057	1.60906408588985
1991	02	05	0.0029045571928000002	0.11751670688673342	1.7869701887394476
1991	02	06	7.2795444819	0.11751670688673342	1.2119103932179847
1991	02	07	0.53288689663	0.4197025245954764	1.161652455889151
1991	02	08	0.7231668486529998	0.3525501206602002	1.3727321805929273
1991	02	09	0.91637918327	0.28539771672492403	1.3775707647321636
1991	02	10	0.8698305326500001	0.20145721180582868	1.3262531973805585
1991	02	11	0.0011992283709200001	0.18466911082200962	1.616048157739675
1991	02	12	10.5051479275	0.7051002413204004	0.8508539078838825
1991	02	13	0.0740935966884	2.1992412288802963	1.5314056371509346
1991	02	14	0.00042079855598	0.6715240393527623	1.6740169677390433
1991	02	15	0.0020717815802	0.36933822164401925	1.6693542366505114
1991	02	16	4.316846784459999	0.33576201967638114	1.2953075093179738
1991	02	17	9.2121352275	6.6312998886085275	0.6644880056289608
1991	02	18	6.150833948260001	6.379478373851241	1.38495708521336
1991	02	19	0.400158872187	4.11308474103567	1.4578639058909046
1991	02	20	0.0042478948755	1.4269885836246199	2.040283751715664
1991	02	21	1.6451685288899998	0.8561931501747719	1.609766853893318
1991	02	22	0.09186763359	0.4197025245954764	1.9471760717788058
1991	02	23	0.0023787291590700002	0.3189739186925621	2.221826219410922
1991	02	24	0.00422852802103	0.2686096157411049	2.2051307794964368
1991	02	25	2.8801814372999996	0.20145721180582868	1.4372748750156439
1991	02	26	0.046210697525	0.15109290885437152	1.9694719331305346
1991	02	27	0.590494587196	0.13430480787055246	1.757428482043974
1991	02	28	7.4174258631	0.11751670688673342	1.3621163320092113
1991	03	01	1.82175799088	2.350334137734668	1.7413687702408538
1991	03	02	0.0164062248192	0.6043716354174861	1.8133302953237163
1991	03	03	0.00178967783323	0.3525501206602002	2.3976751204866216
1991	03	04	1.4512202988699998	0.23503341377346684	2.0872985484834565
1991	03	05	17.5283760938	0.25182151475728587	1.5566385700226633
1991	03	06	11.048676502400001	6.345902171883604	1.416868765771507
1991	03	07	7.577944154	5.288251809903003	1.5311414248528112
1991	03	08	2.7002737585000003	5.439344718757375	1.8117254643432648
1991	03	09	1.1759307385	2.9211295711845158	1.8008543063366775
1991	03	10	0.5714487905840001	3.55907740856964	1.790201396778122
1991	03	11	0.4516684556769999	1.3766242806731628	2.231238576317068
1991	03	12	6.038087399349999	0.8058288472233147	1.9830129323119066
1991	03	13	0.45732007202499997	0.6715240393527623	2.157181219955941
1991	03	14	0.00086761935521	0.40291442361165736	2.7825858445799723
1991	03	15	0.012033083723999999	0.30218581770874303	2.4919828188379047
1991	03	16	0.7063400533199999	0.25182151475728587	1.9801265734518734
1991	03	17	0.407827172494	0.23503341377346684	1.9181499740932946
1991	03	18	0.0008243041067299999	0.20145721180582868	2.7409525015073544
1991	03	19	0.00043313921618800004	0.16788100983819057	3.346179353725506
1991	03	20	0.0024893865785600004	0.13430480787055246	3.720979893206917
1991	03	21	0.58521986906	0.11751670688673342	2.157118842445972
1991	03	22	3.94005514688	0.13430480787055246	1.921365148765104
1991	03	23	0.046012107408400005	0.28539771672492403	2.4313533458281626
1991	03	24	0.0232989447747	0.25182151475728587	2.2437236066969715
1991	03	25	0.0	0.15109290885437152	2.651427019377146
1991	03	26	0.07215679132099999	0.10072860590291434	2.4657512893072266
1991	03	27	0.45132429379999994	0.06715240393527623	2.5090470247933383
1991	03	28	0.0069840615834	0.06715240393527623	3.499545607676511
1991	03	29	0.045755464212999995	0.06715240393527623	3.4759174310878813
1991	03	30	4.6960128459599995	0.08394050491909529	2.6993891680491453
1991	03	31	1.13635739334	0.25182151475728587	2.3395110529241734
1991	04	01	4.598280041	0.5036430295145717	2.7084778722862275
1991	04	02	0.06567367689949999	0.23503341377346684	3.13645039257082
1991	04	03	0.493593082054	0.15109290885437152	2.3970128380559954
1991	04	04	0.643944163615	0.11751670688673342	2.5864967134877213
1991	04	05	0.00123933748948	0.10072860590291434	2.2958023124779925
1991	04	06	0.0041649747544	0.08394050491909529	3.4405039602321703
1991	04	07	0.0	0.06715240393527623	4.0419937874094245
1991	04	08	0.0	0.05036430295145717	3.8209321089499375
1991	04	09	0.0	0.05036430295145717	4.170470045852361
1991	04	10	0.15850246766	0.033576201967638115	4.179792410096004
1991	04	11	0.00101549358729	0.016788100983819058	4.186988343896688
1991	04	12	0.00208039815107	0.016788100983819058	4.037477360708306
1991	04	13	0.00337718824696	0.016788100983819058	2.8755858976955433
1991	04	14	2.5187713318	0.016788100983819058	3.1068600348533093
1991	04	15	9.1345728404	0.016788100983819058	2.540208784615984
1991	04	16	3.63626553635	0.016788100983819058	2.736686671796204
1991	04	17	6.22503479247	0.016788100983819058	2.7209056226751143
1991	04	18	0.54639051393	0.016788100983819058	3.598042399678053
1991	04	19	0.041276330891999995	0.016788100983819058	3.416756345961017
1991	04	20	0.397975547227	0.033576201967638115	3.3169382844869166
1991	04	21	9.8090129068	0.033576201967638115	3.074520097427396
1991	04	22	3.2872212550000004	0.016788100983819058	3.303329077643947
1991	04	23	0.30651770291999997	0.016788100983819058	3.697726827557015
1991	04	24	0.008856043204899999	0.016788100983819058	2.859615847475693
1991	04	25	0.000420798604335	0.016788100983819058	2.9891076266502603
1991	04	26	0.13146770939400002	0.016788100983819058	2.750331647123516
1991	04	27	0.0044146580212300005	0.016788100983819058	3.35369328923169
1991	04	28	0.41405028691600004	0.016788100983819058	3.2728729424341316
1991	04	29	0.00251180666444	0.016788100983819058	4.433346868072325
1991	04	30	0.00127266597981	0.016788100983819058	4.977750042981322
1991	05	01	0.0031339388062999996	0.0	3.605713056675872
1991	05	02	0.0	0.0	3.740149618805492
1991	05	03	0.00040926985359	0.0	3.6907467576647304
1991	05	04	0.0	0.0	4.102608883953745
1991	05	05	0.0	0.0	4.018409278262243
1991	05	06	0.000824304048704	0.0	4.22999962397175
1991	05	07	0.0029167682809500004	0.0	4.497228589566995
1991	05	08	0.000824304048704	0.0	3.514459371489806
1991	05	09	0.00042079851729600004	0.0	3.8807077098955625
1991	05	10	0.043139826211	0.0	3.9961199691668785
1991	05	11	0.0016697080144200001	0.0	4.939506621624243
1991	05	12	0.0	0.0	4.909788475574328
1991	05	13	0.002487323174	0.0	5.594174010504822
1991	05	14	0.0016601366257200001	0.0	5.793599062674409
1991	05	15	0.0011906180862	0.0	5.104114803095276
1991	05	16	0.31415535582799997	0.0	5.718874897188183
1991	05	17	0.00273866492062	0.0	5.477219838480719
1991	05	18	0.00165437261301	0.0	5.9180881585826395
1991	05	19	0.000824304048704	0.0	5.823062912370635
1991	05	20	0.0012515010930199998	0.0	5.681954213206785
1991	05	21	0.00041215205336499997	0.0	5.723042327385479
1991	05	22	0.00042079855598	0.0	5.646783766988276
1991	05	23	0.0	0.0	6.30349385413897
1991	05	24	0.0016536488353700001	0.0	6.913664910990257
1991	05	25	0.00208093537512	0.0	5.858669978222579
1991	05	26	0.00290523957856	0.0	6.4125372763739605
1991	05	27	0.387578226114	0.0	5.456958071766121
1991	05	28	0.00017276923324099997	0.0	5.328257224889085
1991	05	29	0.0122484772031	0.0	4.171682008252865
1991	05	30	0.7045855404999999	0.0	4.265803937087615
1991	05	31	0.41373195628000003	0.0	4.1728130616565835
1991	06	01	6.1902107787	0.0	4.325994097012923
1991	06	02	5.0494273555	0.0	4.181789984079745
1991	06	03	0.26346834891399995	0.0	4.680707974507483
1991	06	04	0.0025033971496800003	0.0	4.433661493305734
1991	06	05	0.0204482637558	0.0	4.811626864963161
1991	06	06	0.35864168504	0.0	4.041134407358315
1991	06	07	0.59328616003	0.0	3.579655046371912
1991	06	08	0.00203471021945	0.0	4.842590790171468
1991	06	09	0.000830883442766	0.0	5.8932542803800985
1991	06	10	0.0	0.0	5.810115143496874
1991	06	11	0.0	0.0	6.700010678227718
1991	06	12	0.00165698842509	0.0	7.21750855067135
1991	06	13	0.00167583942842	0.0	7.007736857872725
1991	06	14	0.0	0.0	7.204907578719622
1991	06	15	0.00165308491936	0.0	6.229206838723413
1991	06	16	0.0084410770356	0.0	5.710190565310388
1991	06	17	0.00123933748948	0.0	6.1491882170184065
1991	06	18	0.00042079855598	0.0	6.1610812082737825
1991	06	19	0.0008300686029899999	0.0	6.060898404067281
1991	06	20	0.0	0.0	6.10379571493967
1991	06	21	0.0025083102110999996	0.0	6.117931474730669
1991	06	22	0.00332027363828	0.0	6.319088660626843
1991	06	23	0.0008243041067299999	0.0	7.064171392523823
1991	06	24	0.0	0.0	7.819389771823473
1991	06	25	1.23406592409e-05	0.0	7.625229524118399
1991	06	26	2.46813184818e-05	0.0	7.011246410357767
1991	06	27	0.000414320552682	0.0	6.905947381596028
1991	06	28	0.000837037071053	0.0	7.20964833569474
1991	06	29	0.000824304048704	0.0	6.621355779993848
1991	06	30	0.00042079855598	0.0	6.587633047060022
1991	07	01	0.0012335737669	0.0	6.392765967511145
1991	07	02	0.00166013633559	0.0	5.737894183731228
1991	07	03	0.00127508314955	0.0	4.869915087498478
1991	07	04	0.00240506996506	0.0	4.648654547686274
1991	07	05	0.000663982872126	0.0	4.654586250258486
1991	07	06	0.00332149479545	0.0	5.13017686356256
1991	07	07	0.026056413794299998	0.0	5.667402009802198
1991	07	08	0.0024984728699	0.0	6.808669419069571
1991	07	09	0.000830068477267	0.0	7.61277779661755
1991	07	10	0.0008300686029899999	0.0	7.0929657575024585
1991	07	11	0.0032028775627	0.0	6.828584574318062
1991	07	12	0.0	0.0	8.14254580171614
1991	07	13	0.0008243041067299999	0.0	8.110708024940749
1991	07	14	0.00042656295552999997	0.0	8.376418271515478
1991	07	15	0.011190148725899999	0.0	8.349372094720119
1991	07	16	0.0013190776890700002	0.0	8.20810191790125
1991	07	17	0.0120489209536	0.0	8.35457859409764
1991	07	18	0.83607061901	0.0	8.12815283688331
1991	07	19	0.0	0.0	6.830547353463963
1991	07	20	0.0026664973074500002	0.0	5.38612974098941
1991	07	21	0.00134862065987	0.0	5.750000971909379
1991	07	22	0.00084159720867	0.0	5.993457379809304
1991	07	23	0.0069835113035	0.0	6.5649907942751025
1991	07	24	0.0016623845529599999	0.0	6.099397809119803
1991	07	25	0.00248216282511	0.0	6.475612413900955
1991	07	26	0.0	0.0	7.338471581004463
1991	07	27	0.0	0.0	6.865005474992406
1991	07	28	0.00198944868222	0.0	5.517947278463288
1991	07	29	0.291818769362	0.0	4.134459724448436
1991	07	30	0.06224203376599999	0.0	4.178175449138869
1991	07	31	0.0016728479947	0.0	5.320052479142351
1991	08	01	0.0	0.0	6.721322765823784
1991	08	02	0.00083049838223	0.0	7.29193204717006
1991	08	03	0.0008345807047499999	0.0	7.0511633546334
1991	08	04	0.0070391214877	0.0	6.665168864647692
1991	08	05	0.0016689992268299999	0.0	7.181403800656341
1991	08	06	0.0016364002200300002	0.0	6.859619825965305
1991	08	07	0.0016601366257200001	0.0	5.828455865977723
1991	08	08	0.00123971668939	0.0	6.360494085905499
1991	08	09	0.000407408302142	0.0	5.820630401687929
1991	08	10	0.0024980715234	0.0	6.038810076422657
1991	08	11	0.000830999765554	0.0	6.397683437438197
1991	08	12	0.0	0.0	6.616798084372651
1991	08	13	0.0	0.0	6.763306969546852
1991	08	14	0.000826583803205	0.0	5.603460635096239
1991	08	15	0.00042079855598	0.0	6.503541385864396
1991	08	16	0.0	0.0	6.58073869220693
1991	08	17	0.0012381413802	0.0	6.823000356521822
1991	08	18	0.12413364851799999	0.0	4.9351775781214675
1991	08	19	9.892262809e-05	0.0	6.2830956746076865
1991	08	20	0.32223224621400004	0.0	7.017188093077855
1991	08	21	0.003911547843469999	0.0	4.391491658044974
1991	08	22	0.175162486598	0.0	4.255831719720336
1991	08	23	0.000824304048704	0.0	4.964170810290851
1991	08	24	0.000420798604335	0.0	5.65735604614397
1991	08	25	0.00041215205336499997	0.0	5.681225513581804
1991	08	26	0.09381029571499999	0.0	4.44272300529525
1991	08	27	0.084218491534	0.0	4.090921676070056
1991	08	28	0.05068272652939999	0.0	4.37150042112242
1991	08	29	0.0268470760703	0.0	4.064398948454554
1991	08	30	0.095408728266	0.0	4.091462269894868
1991	08	31	6.3397785963e-05	0.0	4.473530712611784
1991	09	01	0.00123933758619	0.0	5.370581082661531
1991	09	02	0.0012416016640000001	0.0	5.18579656312355
1991	09	03	0.0012479749497099999	0.0	4.36019840066108
1991	09	04	0.0021562232397300003	0.0	4.777052627920893
1991	09	05	0.0252351350665	0.0	4.817095850899558
1991	09	06	0.0023786941500499995	0.0	4.508232909581278
1991	09	07	0.00041215205336499997	0.0	4.9201786926799205
1991	09	08	0.156501992297	0.0	4.104785929959321
1991	09	09	0.0010703860865799999	0.0	4.183448939811229
1991	09	10	0.17982493372400002	0.0	4.381323690693375
1991	09	11	0.34714334959	0.0	3.2460292287434904
1991	09	12	0.0462928255912	0.0	3.5073316715724174
1991	09	13	0.0013102390720399998	0.0	4.31362008164809
1991	09	14	0.0	0.0	4.7826756454763695
1991	09	15	0.0	0.0	5.170472305219964
1991	09	16	0.0020704940799700002	0.0	5.318803291786195
1991	09	17	0.00042079855598	0.0	5.345627578696809
1991	09	18	0.0	0.0	5.1591381274109365
1991	09	19	0.455340592403	0.0	5.452541136290234
1991	09	20	0.143803147262	0.0	4.112528015390065
1991	09	21	0.50324740925	0.0	3.2556015325823013
1991	09	22	0.019630882441	0.0	4.05338014313742
1991	09	23	0.0016659012186900002	0.0	4.279094588785514
1991	09	24	0.45729197776999997	0.0	3.4337079575672083
1991	09	25	0.164185002195	0.0	2.967737769856697
1991	09	26	0.00042079855598	0.0	2.7636789790949043
1991	09	27	0.00041215205336499997	0.0	3.122569129571433
1991	09	28	7.0565563665	0.0	2.4010939504029345
1991	09	29	0.32877887492799995	0.0	2.2731204370820053
1991	09	30	0.0	0.0	2.9124458760964025
1991	10	01	0.0	0.0	3.448397154914981
1991	10	02	0.0	0.0	3.841159411495001
1991	10	03	0.00167240554645	0.0	3.6382936513501942
1991	10	04	0.0	0.0	3.5005358169029255
1991	10	05	0.0009501670074159999	0.0	3.4244181455239544
1991	10	06	0.0008358328381330001	0.0	3.8830835235852614
1991	10	07	0.007880147430400001	0.0	3.4679321908839165
1991	10	08	0.0422649827155	0.0	2.152994572648162
1991	10	09	9.275329409900001	0.0	1.8672219201574973
1991	10	10	5.74241127427	0.0	1.7853609892731264
1991	10	11	7.1483322223	0.0	1.662889509781068
1991	10	12	8.6084510984	0.0	1.83208305774537
1991	10	13	0.37560336181000004	0.0	1.9213572988408685
1991	10	14	0.39754144504999994	0.0	1.9019020518357241
1991	10	15	0.0018074201531199999	0.0	2.0371034706589546
1991	10	16	0.0	0.0	2.5259076537547855
1991	10	17	0.00124791257176	0.0	2.5949600948675413
1991	10	18	0.00124751412656	0.0	2.709404131188647
1991	10	19	0.0037907759119199997	0.0	1.977404445226861
1991	10	20	0.00042656295552999997	0.0	2.1849676437624868
1991	10	21	0.00042089529499300004	0.0	2.2349007909336587
1991	10	22	0.000830068477267	0.0	2.234147703279529
1991	10	23	0.341715761957	0.0	2.2242456872937995
1991	10	24	1.9125414086599997	0.0	2.0499568943486826
1991	10	25	16.957015348	0.0	1.4211732166957265
1991	10	26	0.048959459743299995	0.0	1.7515676537302012
1991	10	27	0.18753007086999998	0.0	1.893341725658383
1991	10	28	0.129731000885	0.0	2.1056964220523877
1991	10	29	0.0122471435722	0.0	2.1201286176222713
1991	10	30	0.0006848467393699999	0.0	2.1116705233225868
1991	10	31	0.0019692467369	0.0	2.1907566273817864
1991	11	01	0.000613884664705	0.0	2.159686246350291
1991	11	02	0.000165125816417	0.0	2.2532557864668785
1991	11	03	0.00549884791295	0.0	2.1463627218747887
1991	11	04	0.6204083828199999	0.0	1.5409811375068223
1991	11	05	0.00127003169612	0.0	1.6229106362389396
1991	11	06	0.00124322097624	0.0	1.9443670193718012
1991	11	07	0.0016572540874600001	0.0	1.9749694323269602
1991	11	08	0.00042079855598	0.0	1.9423551449610075
1991	11	09	0.00082718635486	0.0	1.9499630230440625
1991	11	10	0.00165364960905	0.0	1.9796801242409088
1991	11	11	0.00166227991274	0.0	1.903242372724464
1991	11	12	0.0	0.0	1.7628532912446149
1991	11	13	2.95330551237	0.0	1.5603638297580464
1991	11	14	0.087589637727	0.0	1.3301162449270332
1991	11	15	1.3704375654799998	0.0	1.386435689229225
1991	11	16	0.0374014735653	0.0	1.3030705893271806
1991	11	17	0.0021443585668	0.0	1.5518573506755133
1991	11	18	0.12366056254000002	0.0	1.594929796611995
1991	11	19	0.296886895596	0.0	1.2036432505944217
1991	11	20	0.00166013633559	0.0	1.1580876836545477
1991	11	21	0.00125086706226	0.0	1.1651060561967201
1991	11	22	0.000830795417324	0.0	1.3459670922454752
1991	11	23	0.000420798604335	0.0	1.4823525323884141
1991	11	24	0.024660520996299996	0.0	1.5689870902597027
1991	11	25	0.0962389488004	0.0	1.1332153257875786
1991	11	26	6.05864117565	0.0	1.3116222407880673
1991	11	27	1.2400625243499999	0.0	1.2734817892399852
1991	11	28	0.134140696426	0.0	1.3666254327812484
1991	11	29	0.49015306866999997	0.0	1.257008994582825
1991	11	30	2.6554091191099998	0.0	0.8994883444606835
1991	12	01	1.9733449198599997	0.0	0.9407364679747481
1991	12	02	0.173970129666	0.0	1.0553376914462635
1991	12	03	0.00076148825385	0.0	1.2023088892468372
1991	12	04	1.82727616677	0.0	1.1448516859037998
1991	12	05	7.39559783584	0.0	0.8550007055036659
1991	12	06	0.00118167453882	0.0	0.9979239013880249
1991	12	07	2.4633855148	0.0	0.856740721890523
1991	12	08	8.820727614199999	0.0	0.8848779671555488
1991	12	09	0.00042079855598	0.0	1.276397871086586
1991	12	10	0.07082312657249999	0.0	1.3294228116063302
1991	12	11	0.009899657255599999	0.0	1.1234967645277352
1991	12	12	0.0020725484905	0.0	1.2200124432854418
1991	12	13	0.8488473639499999	0.0	1.1637563124555539
1991	12	14	20.0134884772	0.0	0.8834019847237149
1991	12	15	0.300325400304	0.0	0.9326040555511961
1991	12	16	5.476934877600001	0.0	1.099332166079254
1991	12	17	1.7836308470600002	0.0	1.0943391626306467
1991	12	18	0.0	0.0	1.2742425433899687
1991	12	19	0.0027112172686799994	0.0	1.2960185739975005
1991	12	20	0.0016572539907499999	0.0	1.1997221268140847
1991	12	21	0.00166107306865	0.0	1.3374094752924013
1991	12	22	0.00083006850628	0.0	1.4636174855195778
1991	12	23	0.0016543725162999998	0.0	1.5460089587750887
1991	12	24	0.000841597140973	0.0	1.473499858882608
1991	12	25	0.000409269901945	0.0	1.4141845972675497
1991	12	26	0.000824304048704	0.0	1.1885502553914031
1991	12	27	0.0008271862581499999	0.0	1.2672844164359194
1991	12	28	0.000824304048704	0.0	1.1713220586646644
1991	12	29	0.00126832911657	0.0	1.3513809726084216
1991	12	30	0.00082925865674	0.0	1.248048037880053
1991	12	31	0.000841597140973	0.0	1.179763225331461
1992	01	01	0.00124278017206	0.0	1.2783450386637452
1992	01	02	0.0008300686029899999	0.0	1.1979476970042409
1992	01	03	0.00123933748948	0.0	1.2452124827533595
1992	01	04	0.0	0.0	1.280579526698792
1992	01	05	0.00165437261301	0.0	1.3037021937863675
1992	01	06	0.00208842653172	0.0	1.1598639374787778
1992	01	07	0.0137875907414	0.0	1.1688449820315567
1992	01	08	0.9873842455299999	0.0	1.1099246575562183
1992	01	09	0.6649032031700001	0.0	1.1188026216461189
1992	01	10	0.0028655724247000003	0.0	1.0969304350728073
1992	01	11	0.484065899495	0.0	1.1616214211722853
1992	01	12	2.71311123732	0.0	1.0633601753097226
1992	01	13	1.27748117071	0.0	1.0932250833600772
1992	01	14	9.7265492569	0.0	0.8776446168499135
1992	01	15	0.36903804872400003	0.0	1.3090434966561266
1992	01	16	0.000832950715726	0.0	1.3579408965821946
1992	01	17	0.0	0.0	1.3517375603712458
1992	01	18	0.00123933758619	0.0	1.5140955747990241
1992	01	19	0.0020698043442499998	0.0	1.3007950549985772
1992	01	20	0.00166599792869	0.0	1.2574169912975035
1992	01	21	0.000911571293975	0.0	1.2287876489741494
1992	01	22	0.000824304048704	0.0	1.217402105339357
1992	01	23	0.000841597140973	0.0	1.0933351108251426
1992	01	24	0.0008243041067299999	0.0	1.274056392897311
1992	01	25	0.0024973723101	0.0	1.5151971610854393
1992	01	26	0.0	0.0	1.5512506040566676
1992	01	27	0.0	0.0	1.3412039502505955
1992	01	28	0.0	0.0	1.5037801802686535
1992	01	29	1.7468178954300002	0.0	1.3923905375566747
1992	01	30	0.031366592586000004	0.0	1.6052867480226027
1992	01	31	0.35318248290800003	0.0	1.5622269415223593
1992	02	01	0.0029105648180000002	0.0	1.6534225351738794
1992	02	02	0.010554107364999999	0.0	1.4923469592424923
1992	02	03	0.0008243041067299999	0.0	1.7159143052010255
1992	02	04	0.0	0.0	1.892197017866098
1992	02	05	0.0	0.0	2.009513712290128
1992	02	06	0.0008315095819899999	0.0	2.1243695502755076
1992	02	07	0.00150411389917	0.0	2.1298781855790496
1992	02	08	0.000899818214714	0.0	2.06281456416237
1992	02	09	0.071615940646	0.0	1.6252215066615332
1992	02	10	0.00212419279102	0.0	1.9348581789869137
1992	02	11	0.011516370897899999	0.0	1.8824440629928467
1992	02	12	3.7774838961	0.0	1.7231694154868116
1992	02	13	0.00044547985705399996	0.0	1.6985078816023276
1992	02	14	0.0	0.0	2.0415215661174946
1992	02	15	0.11970174836099999	0.0	2.226740593361567
1992	02	16	0.06658370349300001	0.0	2.3207182320678665
1992	02	17	1.3466936164099998	0.0	1.6813188021845094
1992	02	18	4.37554288805	0.0	1.5850255680733825
1992	02	19	0.0450153164713	0.0	1.536784406360904
1992	02	20	0.09561545556199999	0.0	1.346358168950286
1992	02	21	0.00125221626347	0.0	1.852232751757078
1992	02	22	0.0012451022758700001	0.0	1.959729552309616
1992	02	23	1.77240329961	0.0	2.010733119945396
1992	02	24	13.229415437	0.0	1.5679457856105183
1992	02	25	0.139569560631	0.0	1.936661182685108
1992	02	26	0.037645724341299994	0.0	1.8966694228182428
1992	02	27	0.0008243041067299999	0.0	2.2817636597152333
1992	02	28	0.00332369610847	0.0	2.4015287325627575
1992	02	29	0.0033360073881799996	0.0	2.500006504987696
1992	03	01	0.187991716055	0.0	2.2646670993550373
1992	03	02	0.368067167363	0.0	2.2138638050135415
1992	03	03	0.014079128839000001	0.0	2.3978420218348355
1992	03	04	1.01685913249	0.0	2.3093043811311613
1992	03	05	0.0016544958215499999	0.0	2.626319777409959
1992	03	06	0.0	0.0	3.059346143398698
1992	03	07	0.00041215210172	0.0	3.018166961350089
1992	03	08	0.010400031894300001	0.0	2.8653811012612085
1992	03	09	0.0012200353340000001	0.0	3.2740352252527756
1992	03	10	0.00164942154456	0.0	2.865492938131005
1992	03	11	0.0008243041067299999	0.0	2.8927088783144854
1992	03	12	0.0402306395105	0.0	3.0023896035341973
1992	03	13	0.000841597140973	0.0	3.161135459791626
1992	03	14	6.3397785963e-05	0.0	3.227085046871238
1992	03	15	0.000824304048704	0.0	3.4834690899744283
1992	03	16	0.00123933758619	0.0	3.667883029066337
1992	03	17	0.00041215205336499997	0.0	3.468760470700146
1992	03	18	0.0008300686029899999	0.0	3.2875079357413703
1992	03	19	0.00122155087641	0.0	3.931357589181975
1992	03	20	0.00333180147028	0.0	3.5608356524411833
1992	03	21	0.00166432484569	0.0	4.103707549188464
1992	03	22	0.0	0.0	4.4436503952114075
1992	03	23	0.00461685851555	0.0	3.4969415400677013
1992	03	24	0.0027357670054699995	0.0	2.381126315742762
1992	03	25	0.0138875975853	0.0	2.621822249129497
1992	03	26	0.099275871036	0.0	2.911511341279086
1992	03	27	0.189315318128	0.0	2.215705386236136
1992	03	28	0.0008300686029899999	0.0	2.778334131438308
1992	03	29	0.79034361655	0.0	2.538799062167751
1992	03	30	14.2561671321	0.0	2.128894433751871
1992	03	31	7.19761911986	0.0	2.111378407085911
1992	04	01	4.66446498015	0.0	2.4505830346736746
1992	04	02	12.092018798	0.0	1.7624834090619839
1992	04	03	9.15959752	0.0	2.1838674758209287
1992	04	04	4.820897176840001	0.0	2.1588510571389024
1992	04	05	0.09025582217759999	0.0	3.0313530343145185
1992	04	06	2.73793563051	0.0	2.574207546193311
1992	04	07	1.20216584046	0.0	2.2369689996763125
1992	04	08	0.284526110037	0.0	2.5181636101968836
1992	04	09	0.00166503653458	0.0	3.3442395074301787
1992	04	10	0.00042079855598	0.0	3.86375258629544
1992	04	11	0.0016758526776899998	0.0	3.7942947994435627
1992	04	12	0.0016544209680099998	0.0	4.138467366928342
1992	04	13	0.0041233314283999995	0.0	4.085485633995087
1992	04	14	0.0096622351727	0.0	4.064552636865701
1992	04	15	0.049643486672	0.0	3.6071251153587367
1992	04	16	0.0	0.0	3.9071457036509796
1992	04	17	0.0	0.0	3.9739915707443894
1992	04	18	0.0	0.0	4.531703020012175
1992	04	19	0.0012646050078899999	0.0	4.909261325276038
1992	04	20	0.000211603191767	0.0	5.209166915782364
1992	04	21	0.00104167172706	0.0	5.076741389223299
1992	04	22	0.00166444466938	0.0	5.066321550252558
1992	04	23	0.00042079855598	0.0	4.611434190839598
1992	04	24	0.0024619924072500003	0.0	4.181818666335244
1992	04	25	0.0008368898494200001	0.0	4.433563411096248
1992	04	26	0.0	0.0	4.788677021887509
1992	04	27	0.0	0.0	5.382046668005942
1992	04	28	0.009994910803	0.0	4.862506396176586
1992	04	29	0.00042079855598	0.0	5.114968428933983
1992	04	30	0.0	0.0	5.358854215765502
1992	05	01	0.00166330097692	0.0	5.620242852107038
1992	05	02	0.00010580159104800001	0.0	4.318479727178307
1992	05	03	0.00042079851729600004	0.0	3.6833465921382427
1992	05	04	0.0008243041067299999	0.0	4.645042726057976
1992	05	05	0.00074628872999	0.0	5.173111938732257
1992	05	06	0.7893012761699999	0.0	4.866593852973318
1992	05	07	1.887334334	0.0	5.1847991956047235
1992	05	08	0.0138195040743	0.0	5.137604308633264
1992	05	09	0.0	0.0	5.7048381865582884
1992	05	10	0.0024942155022800003	0.0	5.304600878966019
1992	05	11	0.00166171348227	0.0	5.693297276691934
1992	05	12	0.0008300686029899999	0.0	6.5395820936010045
1992	05	13	0.7389154628800001	0.0	3.9544935112419153
1992	05	14	0.10455361619499999	0.0	4.6593959984664375
1992	05	15	0.237821572568	0.0	6.1549474073260795
1992	05	16	0.00167270109221	0.0	5.812658788082147
1992	05	17	0.051318488398399996	0.0	5.976718709110687
1992	05	18	0.0004964213660039999	0.0	6.400298372004098
1992	05	19	0.70041269742	0.0	6.227183736379019
1992	05	20	0.173104845954	0.0	6.3793581129742005
1992	05	21	0.004429528827800001	0.0	4.9197529097753865
1992	05	22	1.01129076411	0.0	4.0667279172013275
1992	05	23	2.08307082863	0.0	3.4152932328621555
1992	05	24	0.151057267652	0.0	4.123363506427674
1992	05	25	0.00248636874301	0.0	4.968901983446907
1992	05	26	0.00123933758619	0.0	4.962229888566991
1992	05	27	0.115854759955	0.0	3.856550962076313
1992	05	28	2.37564362652	0.0	2.7273986774648975
1992	05	29	5.148598625	0.0	2.491466495326769
1992	05	30	0.222405418308	0.0	4.141748938992494
1992	05	31	1.9858090013699998	0.0	3.6260970810213684
1992	06	01	0.6877841121999999	0.0	3.8171963405166047
1992	06	02	0.23458545287699997	0.0	3.6946171555608496
1992	06	03	0.028360023751	0.0	4.079383074912001
1992	06	04	0.0016601364323	0.0	4.383240764903127
1992	06	05	0.0013796744342900002	0.0	4.622102493547053
1992	06	06	0.207117163023	0.0	4.24792669442032
1992	06	07	0.0	0.0	4.63724068807125
1992	06	08	0.77540859454	0.0	4.181658124634344
1992	06	09	0.0250268313975	0.0	3.6287131468668377
1992	06	10	1.2609305114399998	0.0	4.258002513218269
1992	06	11	2.94035991177	0.0	4.537694052479069
1992	06	12	1.43619659379	0.0	3.293931843770519
1992	06	13	11.010810669	0.0	3.8605922412243774
1992	06	14	10.183862801	0.0	2.9479982880905746
1992	06	15	6.45531455174	0.0	3.4803475525035577
1992	06	16	0.076943646191	0.0	4.606402126216991
1992	06	17	0.21289101114	0.0	4.771636384754412
1992	06	18	0.264466579863	0.0	4.927307797320763
1992	06	19	0.005886540411599999	0.0	5.336213220488569
1992	06	20	0.00083189835619	0.0	5.400030520413039
1992	06	21	0.89998248632	0.0	5.201956939361659
1992	06	22	0.09536339061799999	0.0	4.769874355586631
1992	06	23	0.43721014627	0.0	3.637394323359898
1992	06	24	0.064636844154	0.0	4.759052914828998
1992	06	25	0.0008243041067299999	0.0	5.273409207517043
1992	06	26	0.0008012467599759999	0.0	6.2121726321759345
1992	06	27	0.0	0.0	6.55815761250134
1992	06	28	0.0	0.0	5.938289145085224
1992	06	29	0.021807502496699997	0.0	4.994967772788818
1992	06	30	0.16149725721699998	0.0	4.605449697919413
1992	07	01	0.0105281426642	0.0	4.986573302582858
1992	07	02	0.0	0.0	6.7490504721110245
1992	07	03	0.0	0.0	6.743285602626279
1992	07	04	0.0	0.0	6.220451292177041
1992	07	05	0.0008300686029899999	0.0	6.1575775898661815
1992	07	06	0.0093770335143	0.0	6.307548939730386
1992	07	07	0.143966548478	0.0	5.058721395052276
1992	07	08	0.00334968411638	0.0	5.940463704612649
1992	07	09	0.0	0.0	6.327585575626661
1992	07	10	0.0046626869667999995	0.0	5.392129764599802
1992	07	11	0.0	0.0	6.579018977404216
1992	07	12	0.0012537125605900001	0.0	7.151748342116601
1992	07	13	0.0008415972570249999	0.0	7.678877749320448
1992	07	14	0.00123493360621	0.0	7.301644741326323
1992	07	15	0.15324401614599997	0.0	6.733802295494983
1992	07	16	0.0039716147146	0.0	6.611109361978751
1992	07	17	0.0008300686029899999	0.0	7.093014376158957
1992	07	18	2.04770514215e-05	0.0	7.3172766242113445
1992	07	19	0.000116447766333	0.0	6.632453439529452
1992	07	20	0.00651761919556	0.0	5.214808798235093
1992	07	21	0.0083835713354	0.0	5.007550549542182
1992	07	22	0.000824304048704	0.0	6.3795409058404395
1992	07	23	0.00124472230228	0.0	5.87491516386993
1992	07	24	0.00042895091884999993	0.0	6.287078119317088
1992	07	25	0.00042079855598	0.0	6.900898079455248
1992	07	26	0.0	0.0	7.0593598078404876
1992	07	27	0.0008150536018099999	0.0	7.274513301313632
1992	07	28	0.0008518006939299999	0.0	6.936827972912093
1992	07	29	0.20857471811699999	0.0	6.313141572329723
1992	07	30	0.00090585597475	0.0	5.828578346524056
1992	07	31	0.166623670568	0.0	6.177090832139906
1992	08	01	0.19658442856799999	0.0	6.675363453495518
1992	08	02	0.7438928364499999	0.0	7.3452084787464065
1992	08	03	1.91239885812	0.0	6.873623525686953
1992	08	04	1.26506205935	0.0	7.468235935421805
1992	08	05	0.0012335737669	0.0	6.832717356238446
1992	08	06	0.0045130369457	0.0	7.366169898775219
1992	08	07	0.00240348643552	0.0	6.018669112551615
1992	08	08	0.00594855927737	0.0	3.9256537614864064
1992	08	09	0.00340950350662	0.0	4.482620836858991
1992	08	10	0.000824304048704	0.0	5.140052899145803
1992	08	11	0.0	0.0	5.239923264865508
1992	08	12	0.0	0.0	6.064504804127815
1992	08	13	0.0008243041067299999	0.0	5.4785750716604
1992	08	14	0.00203312504584	0.0	5.140138140779764
1992	08	15	0.005077007500139999	0.0	5.9576041758212295
1992	08	16	0.000824304048704	0.0	6.264788375501138
1992	08	17	0.00041215205336499997	0.0	6.828398445288053
1992	08	18	0.70592332993	0.0	6.1315900185269925
1992	08	19	0.12474043607100001	0.0	4.37287552670007
1992	08	20	0.06351886301460001	0.0	4.175833233448288
1992	08	21	0.00124222002774	0.0	5.148655530132011
1992	08	22	0.000824304048704	0.0	5.070352759970244
1992	08	23	0.000824304048704	0.0	5.784409861179341
1992	08	24	0.0	0.0	6.743942055117521
1992	08	25	0.0016538147897300001	0.0	4.623176170575382
1992	08	26	0.00323318957142	0.0	5.046715813044658
1992	08	27	0.0	0.0	5.444917755040202
1992	08	28	2.799212924	0.0	3.20494306551199
1992	08	29	0.00319915954675	0.0	3.6568752190123264
1992	08	30	0.0081326137209	0.0	4.004634646411716
1992	08	31	0.7072364583099999	0.0	3.911729640453972
1992	09	01	0.0	0.0	4.668433802370279
1992	09	02	0.0008300686029899999	0.0	5.201241124402643
1992	09	03	0.0008243041067299999	0.0	5.304796852061961
1992	09	04	0.0	0.0	5.593907626609586
1992	09	05	0.0008300686029899999	0.0	5.563413611130382
1992	09	06	0.00726163920566	0.0	5.000679429367123
1992	09	07	0.0056848932919	0.0	4.149571128444858
1992	09	08	0.0	0.0	3.7156270506674756
1992	09	09	0.0008243041067299999	0.0	4.186687019664388
1992	09	10	0.0012508668688400002	0.0	4.365632477916467
1992	09	11	0.0008300686029899999	0.0	4.701197593810656
1992	09	12	0.0008243041067299999	0.0	4.744584248357328
1992	09	13	0.000426562994214	0.0	4.641374259863477
1992	09	14	0.0	0.0	5.6328983757952065
1992	09	15	0.080177783327	0.0	5.611009914674525
1992	09	16	0.00129697142714	0.0	4.501192528906364
1992	09	17	0.0035635739484	0.0	4.134343703051397
1992	09	18	0.000824304048704	0.0	4.463134981668106
1992	09	19	0.0008251374567999999	0.0	4.207665736317634
1992	09	20	0.00670204526227	0.0	3.7979498871811894
1992	09	21	0.00575081982193	0.0	3.0861520736502976
1992	09	22	0.04704379034640001	0.0	2.8489641488078914
1992	09	23	0.00042079855598	0.0	3.693608380745322
1992	09	24	0.0	0.0	4.047570322368051
1992	09	25	0.00061526650554	0.0	3.446756024563133
1992	09	26	15.903833776999997	0.0	2.138785184148064
1992	09	27	0.043019354564	0.0	2.5940313660014698
1992	09	28	0.000829291383404	0.0	3.2715995101675324
1992	09	29	1.11564056398	0.0	2.800477470282923
1992	09	30	0.0212281631759	0.0	3.150081986625628
1992	10	01	0.0	0.0	3.6751198611317406
1992	10	02	0.0	0.0	3.752528146084969
1992	10	03	0.0027162444478999997	0.0	2.9233886004102185
1992	10	04	0.00082468717504	0.0	2.544241021043692
1992	10	05	0.0012544873043999999	0.0	2.8258738772670604
1992	10	06	0.0	0.0	2.932319324686733
1992	10	07	0.0	0.0	3.05194942852874
1992	10	08	0.300355090274	0.0	2.572615557265148
1992	10	09	0.281051397105	0.0	2.519127984648109
1992	10	10	0.55134593433	0.0	2.170099769073998
1992	10	11	1.27361876673	0.0	1.8931777958481815
1992	10	12	0.3752551091	0.0	2.020225528638411
1992	10	13	0.0	0.0	2.616925946052211
1992	10	14	0.002398369316	0.0	2.958446445693094
1992	10	15	5.024841449169999	0.0	1.8851759334130076
1992	10	16	6.023314463299999	0.0	1.9242548422976316
1992	10	17	0.346173899537	0.0	1.6262303692662212
1992	10	18	17.348261455600003	0.0	1.4095592620832147
1992	10	19	1.53541583145	0.0	1.647511419521081
1992	10	20	0.37436937122299996	0.0	1.9695125256255384
1992	10	21	0.404756320522	0.0	1.7684333113338848
1992	10	22	0.0812615446	0.0	1.9714279845305032
1992	10	23	0.0113531379573	0.0	1.9237605961711846
1992	10	24	0.000824304048704	0.0	2.159639895864622
1992	10	25	0.00047731736931400006	0.0	2.298594451596733
1992	10	26	0.0008243041067299999	0.0	2.0950291235298235
1992	10	27	0.44264283052	0.0	1.5640151750505973
1992	10	28	0.72262079498	0.0	1.3764653964485
1992	10	29	2.0527200392	0.0	1.3731511822049367
1992	10	30	1.2571296150199998	0.0	1.5813456651620992
1992	10	31	0.0018963637598599999	0.0	1.565998592045745
1992	11	01	0.0	0.0	1.8197698449738666
1992	11	02	0.0008243041067299999	0.0	1.9331891560429226
1992	11	03	0.0	0.0	1.91451812079693
1992	11	04	0.0016543725162999998	0.0	2.1672096984005442
1992	11	05	0.0	0.0	2.141673061184097
1992	11	06	0.0	0.0	2.060657664902137
1992	11	07	0.00082420439872	0.0	2.1594730137201137
1992	11	08	0.00042079851729600004	0.0	2.06908526599775
1992	11	09	0.0018389652143399999	0.0	2.0552985014035263
1992	11	10	0.0029173886756	0.0	1.923141116057702
1992	11	11	0.024691373420500002	0.0	1.6657867967352207
1992	11	12	0.0061156154544	0.0	1.5982840861613323
1992	11	13	0.0275217463065	0.0	1.680102767886357
1992	11	14	0.015761882838999996	0.0	1.5802210184650392
1992	11	15	4.897002434369999	0.0	1.1638558400705286
1992	11	16	0.0509328572734	0.0	1.2513079414607873
1992	11	17	0.0671424406825	0.0	1.4781270838120866
1992	11	18	0.057685207499399996	0.0	1.1337822764304606
1992	11	19	0.0008300686029899999	0.0	1.5141391947788785
1992	11	20	0.000717115046325	0.0	1.553024085488515
1992	11	21	0.0	0.0	1.8912981410785001
1992	11	22	0.004146981181930001	0.0	1.92203183272078
1992	11	23	0.00129984671215	0.0	1.7135430231035487
1992	11	24	0.00040926985359	0.0	1.7693585849794038
1992	11	25	0.028703336514199998	0.0	1.4940789772282643
1992	11	26	0.0854188318765	0.0	1.4019840771138403
1992	11	27	0.00297291965431	0.0	1.5414243435840367
1992	11	28	0.0024781976184	0.0	1.652374322110421
1992	11	29	0.0017147096918800001	0.0	1.5798153159884047
1992	11	30	0.012902322875	0.0	1.5921756598518741
1992	12	01	0.8232072799360001	0.0	1.0061332734314357
1992	12	02	0.356641673885	0.0	1.1651091449576627
1992	12	03	0.39257802673299996	0.0	1.0966560609808
1992	12	04	3.5926565796000003	0.0	1.1638865683958273
1992	12	05	0.07546563693200001	0.0	1.0343340991590442
1992	12	06	0.112234875642	0.0	1.4244026796802836
1992	12	07	0.21440374895999997	0.0	0.9761568351366725
1992	12	08	0.00042079855598	0.0	0.9958094309355999
1992	12	09	0.0046229478607000005	0.0	1.2621578372653506
1992	12	10	0.170429373475	0.0	0.9600894264266214
1992	12	11	0.00042079851729600004	0.0	1.1960869176255216
1992	12	12	0.0	0.0	1.3091230819507533
1992	12	13	0.0012538232935399999	0.0	1.348190555807802
1992	12	14	0.00042079855598	0.0	1.3568360218882456
1992	12	15	9.066342968299999	0.0	1.0378501929470705
1992	12	16	0.65672869371	0.0	1.0354015625633017
1992	12	17	0.00042656295552999997	0.0	1.1995235457101279
1992	12	18	0.613748613077	0.0	0.9993820451008325
1992	12	19	25.178393375299997	0.0	0.834755131923494
1992	12	20	7.4029464419	0.0	1.0192049475231206
1992	12	21	4.075001573	1.3262599777217055	0.6724151282677178
1992	12	22	7.965196138599999	5.35540421383828	0.6765091786317593
1992	12	23	1.2809442591	2.9043414702006967	0.9711026851295795
1992	12	24	7.7249607618	0.9737098570615053	1.139246300832681
1992	12	25	0.8113656626700001	0.88976935214241	1.044283737931608
1992	12	26	0.010924023115	0.30218581770874303	1.1212324349716554
1992	12	27	0.0194257982479	0.18466911082200962	1.2504130751640072
1992	12	28	0.00211748218083	0.15109290885437152	1.241068515047844
1992	12	29	0.00083010399885	0.11751670688673342	1.167621342490951
1992	12	30	0.0005214773893150001	0.08394050491909529	1.0425858080632346
1992	12	31	0.0021351962614	0.06715240393527623	1.0722039713026676
1993	01	01	0.000824304048704	0.06715240393527623	1.0420599840904
1993	01	02	0.000824304048704	0.08394050491909529	1.0338631027268586
1993	01	03	0.0	0.08394050491909529	1.1303497169233718
1993	01	04	0.00342831979106	0.06715240393527623	1.2535711755962171
1993	01	05	0.0018927335565900002	0.06715240393527623	1.2853736757064838
1993	01	06	0.0012385435970899998	0.06715240393527623	1.190056533945601
1993	01	07	0.00122921378997	0.06715240393527623	1.3128323711934764
1993	01	08	0.00124701626348	0.05036430295145717	1.3220316156674374
1993	01	09	0.0035772758212	0.033576201967638115	1.3284523201307414
1993	01	10	0.047588846939299996	0.033576201967638115	1.3153364187168968
1993	01	11	0.219412969133	0.033576201967638115	1.2652709881969586
1993	01	12	0.0029771951066999997	0.033576201967638115	1.3367604990510784
1993	01	13	0.0509196350822	0.033576201967638115	1.2023665896427276
1993	01	14	0.0	0.016788100983819058	1.4407762662873773
1993	01	15	0.00042079855598	0.016788100983819058	1.4172995672349957
1993	01	16	5.58843135305e-05	0.016788100983819058	1.467475973915775
1993	01	17	0.00303122833764	0.016788100983819058	1.36652531998604
1993	01	18	0.0017292988789299997	0.016788100983819058	1.36088313144237
1993	01	19	0.000824304048704	0.016788100983819058	1.4965750513724423
1993	01	20	0.00123151819585	0.0	1.5646412226293556
1993	01	21	0.0	0.0	1.557941388115945
1993	01	22	0.0	0.0	1.6177530324177092
1993	01	23	0.00124327532726	0.0	1.6535856261221666
1993	01	24	0.0016572970267	0.0	1.668564629068651
1993	01	25	0.00165437261301	0.0	1.6533129684353214
1993	01	26	0.0016601372059799999	0.0	1.7526965313294494
1993	01	27	0.0	0.0	1.7250866293794298
1993	01	28	0.0055371736024	0.0	1.567379054141039
1993	01	29	15.117113400600001	0.05036430295145717	1.0290168655574075
1993	01	30	2.29646937385	0.06715240393527623	1.1650399520889514
1993	01	31	2.01753868198	0.06715240393527623	1.1481005126963615
1993	02	01	0.041967188448	0.05036430295145717	1.543800085119369
1993	02	02	0.0122800143341	0.05036430295145717	1.6108516933185906
1993	02	03	0.0234672172734	0.033576201967638115	1.5539313137057287
1993	02	04	0.015405348851699998	0.033576201967638115	1.584049755874249
1993	02	05	0.00166301877714	0.033576201967638115	1.6699612552435539
1993	02	06	2.6959779003000004	0.033576201967638115	1.567806707101691
1993	02	07	0.09658044244849999	0.06715240393527623	1.6165788152432479
1993	02	08	0.44943870991699997	0.05036430295145717	1.7831505303561208
1993	02	09	7.47799398216	0.033576201967638115	1.4876077078445944
1993	02	10	2.39194738516	1.2423194728026101	1.4249857421560272
1993	02	11	4.7378306368	0.7386764432880385	1.254048663211754
1993	02	12	0.173181633694	0.88976935214241	1.5963394495693126
1993	02	13	0.0	0.3189739186925621	1.901816950675623
1993	02	14	0.0049663631365	0.21824531278964773	1.7861690227732827
1993	02	15	0.0	0.16788100983819057	2.03192147892972
1993	02	16	0.000824304048704	0.15109290885437152	1.99997787420203
1993	02	17	0.00084159720867	0.11751670688673342	2.022893412602707
1993	02	18	0.00080443552078	0.10072860590291434	2.123866777079423
1993	02	19	0.0	0.08394050491909529	2.240152123904477
1993	02	20	0.0024786761394799996	0.06715240393527623	2.461437503282584
1993	02	21	0.0016355497522899999	0.05036430295145717	2.3378379683874093
1993	02	22	0.000420798604335	0.05036430295145717	2.3273439924953503
1993	02	23	0.00123357367019	0.05036430295145717	1.8631277237128996
1993	02	24	0.21666934511699998	0.05036430295145717	2.059237239161897
1993	02	25	0.000824304048704	0.033576201967638115	2.110758352897891
1993	02	26	0.006128190268860001	0.033576201967638115	2.107349683184669
1993	02	27	0.239737948915	0.033576201967638115	1.5324026416767018
1993	02	28	0.11742867652099999	0.016788100983819058	1.5882834949546074
1993	03	01	0.13207539635	0.016788100983819058	1.5514357200860298
1993	03	02	0.13978071724500002	0.016788100983819058	1.9484619928059226
1993	03	03	2.8605583013299998	0.016788100983819058	2.128274208065892
1993	03	04	2.0635866649300003	0.016788100983819058	2.223357802299283
1993	03	05	1.51959697675	0.08394050491909529	1.470230636121365
1993	03	06	2.92290482058	0.13430480787055246	2.1048353909024056
1993	03	07	0.0042710759723700005	0.11751670688673342	2.1954733102097475
1993	03	08	0.08291218120899999	0.10072860590291434	2.383445780388198
1993	03	09	0.47607223773499996	0.08394050491909529	2.4430615902033086
1993	03	10	0.9904372835199999	0.06715240393527623	2.479875856363708
1993	03	11	5.048440526659999	0.05036430295145717	1.9758483352581928
1993	03	12	3.8554901820999996	0.06715240393527623	2.115499090767885
1993	03	13	4.8138214864	1.9642078151068296	1.9792038917289827
1993	03	14	1.08045630546	0.36933822164401925	2.201270882072273
1993	03	15	0.000824304048704	0.23503341377346684	2.9975945861191624
1993	03	16	0.00042079855598	0.15109290885437152	3.1322511796808747
1993	03	17	0.0	0.08394050491909529	2.8658918016009762
1993	03	18	0.015242115911099998	0.06715240393527623	2.5002447710357396
1993	03	19	0.18066162996000001	0.06715240393527623	2.6379004444239604
1993	03	20	1.13984814079e-06	0.05036430295145717	3.5763066283241076
1993	03	21	0.00139368336134	0.05036430295145717	2.960720863009217
1993	03	22	0.0410024733166	0.05036430295145717	2.689348068802638
1993	03	23	0.076900029981	0.033576201967638115	3.4000495080925797
1993	03	24	0.00555660776703	0.033576201967638115	3.1476353866023468
1993	03	25	0.00125086725568	0.033576201967638115	2.7782368237403805
1993	03	26	0.000412152082378	0.033576201967638115	3.2224601643680906
1993	03	27	0.00123779312749	0.033576201967638115	3.6866888964787634
1993	03	28	0.00041215205336499997	0.033576201967638115	3.1579993844687575
1993	03	29	0.00123618068166	0.016788100983819058	3.4243985589686035
1993	03	30	0.00042079851729600004	0.016788100983819058	3.700473938708447
1993	03	31	0.00126690119342	0.016788100983819058	3.551711067596511
1993	04	01	0.0143530570127	0.016788100983819058	2.532758643841739
1993	04	02	0.0012393383598699999	0.016788100983819058	3.0807087604184393
1993	04	03	0.0035411284277899998	0.016788100983819058	3.5342972458788093
1993	04	04	0.08041248495759999	0.016788100983819058	3.06469389253502
1993	04	05	0.0012451022758700001	0.0	3.7199270635860864
1993	04	06	0.0016597036550500001	0.0	4.030126026951972
1993	04	07	0.0	0.0	4.623703677866444
1993	04	08	0.013990548281599999	0.0	3.3936593914622377
1993	04	09	0.0237370652522	0.0	3.222480602275608
1993	04	10	0.204407271455	0.0	2.818994381719619
1993	04	11	0.5311795782900001	0.0	2.620296419895112
1993	04	12	2.5279174866300003	0.0	2.6275166217926196
1993	04	13	1.28683041654	0.0	2.7107561772279225
1993	04	14	9.154259128	0.0	2.722289550210601
1993	04	15	0.00671903034286	0.0	3.537701927667804
1993	04	16	0.000824304048704	0.0	4.15648025796458
1993	04	17	0.0	0.0	4.489271809931314
1993	04	18	0.0016601364323	0.0	4.3453776414450545
1993	04	19	0.00042079855598	0.0	4.731683551210733
1993	04	20	0.205122267827	0.0	4.01768844909408
1993	04	21	0.35363129467599996	0.0	2.864200384386253
1993	04	22	0.0	0.0	3.837273128080511
1993	04	23	2.93046367418	0.0	2.856288537670599
1993	04	24	8.9528170335	0.0	2.245512847160697
1993	04	25	2.82198928952	0.0	2.565274825670418
1993	04	26	0.44906268209499994	0.0	3.339004093898139
1993	04	27	7.33925294577	0.0	2.999035117330498
1993	04	28	10.6539449664	0.0	2.943300982881982
1993	04	29	0.9778489296599999	0.0	3.2904718858028974
1993	04	30	8.928857131000001	0.0	3.037359635353012
1993	05	01	0.026185609650399996	0.0	3.371254290383015
1993	05	02	0.0020669141659	0.0	3.7801278531486093
1993	05	03	1.59900729853	0.0	3.771153945529719
1993	05	04	9.8583495133	0.0	2.1553534668615484
1993	05	05	4.8811703304	0.0	3.7814776282711584
1993	05	06	1.2571298084400002	0.0	3.158434090709459
1993	05	07	0.000211603172425	0.0	4.263282999961579
1993	05	08	0.15102078864	0.0	4.337225819283487
1993	05	09	1.3768240037499997	0.0	4.43264358674317
1993	05	10	9.095277633199998	0.0	3.335560630230407
1993	05	11	12.488751263900001	0.0	3.139724903468185
1993	05	12	8.894846158199998	0.0	3.034407351519523
1993	05	13	0.756478143945	0.0	3.1823971217743696
1993	05	14	1.32821987879	0.0	3.4094532464787624
1993	05	15	0.292813460725	0.0	3.6495165850957654
1993	05	16	0.00123933758619	0.0	4.882030883202855
1993	05	17	6.3995105607	0.0	3.4716328407884354
1993	05	18	0.41134892516999993	0.0	2.8189506879596338
1993	05	19	0.086553544813	0.0	3.233346238171621
1993	05	20	0.00044547985705399996	0.0	4.008512214543099
1993	05	21	0.0	0.0	4.884536146182557
1993	05	22	0.0	0.0	4.541328590345956
1993	05	23	2.4735332951	0.0	4.275735879350168
1993	05	24	4.934043138049999	0.0	2.7781167395961557
1993	05	25	6.409688998069999	0.0	3.666316198378815
1993	05	26	6.196242581399999	0.0	3.3311027925367975
1993	05	27	2.1149084376	0.0	3.5993165587869895
1993	05	28	0.0024269010870399997	0.0	4.4420123487649885
1993	05	29	0.064103033967	0.0	4.686175667070179
1993	05	30	0.103680208843	0.0	4.104767666231634
1993	05	31	0.0	0.0	5.0711912683855775
1993	06	01	0.159435400017	0.0	4.637532956312111
1993	06	02	0.0010834194031499999	0.0	4.84272274126529
1993	06	03	0.00125126985941	0.0	5.742677195952543
1993	06	04	0.11291137176299999	0.0	4.581950569082926
1993	06	05	0.039716940167999995	0.0	3.9353603268522215
1993	06	06	0.431934199917	0.0	4.805778052582754
1993	06	07	4.886379130999999	0.0	4.996370858289547
1993	06	08	0.8406313659	0.0	4.130579263353595
1993	06	09	0.20936960661999998	0.0	4.141819020829819
1993	06	10	0.25544824664	0.0	3.6186490516940077
1993	06	11	0.00166590112198	0.0	4.625164243718624
1993	06	12	0.00166192904886	0.0	5.739482777727218
1993	06	13	0.0008300686029899999	0.0	6.60698654355339
1993	06	14	0.00165437261301	0.0	6.97651377964634
1993	06	15	0.0	0.0	6.886430454479172
1993	06	16	0.0008300686029899999	0.0	6.293206443646757
1993	06	17	0.0	0.0	7.093806107372567
1993	06	18	0.20676249844	0.0	6.830550713259595
1993	06	19	0.00164276567223	0.0	6.205556230055235
1993	06	20	0.13029330183799998	0.0	4.592281489221174
1993	06	21	1.7361040714999998	0.0	3.8050410707382136
1993	06	22	0.43868603757999997	0.0	4.151273281233372
1993	06	23	0.6029331372660001	0.0	4.482755502450238
1993	06	24	0.0016864792691999998	0.0	5.412526038420422
1993	06	25	0.0024665767513799997	0.0	5.929885154626801
1993	06	26	0.0146721526248	0.0	5.525265233919239
1993	06	27	0.0031726498851000003	0.0	5.322731680827094
1993	06	28	0.34222330570799997	0.0	4.36274841621425
1993	06	29	0.09143120070199999	0.0	4.813346343080047
1993	06	30	0.037099565254399995	0.0	4.668740594372405
1993	07	01	0.0017829385968799998	0.0	5.668286557210447
1993	07	02	0.0	0.0	6.1732866054333275
1993	07	03	0.0046487578255	0.0	6.1295743002240295
1993	07	04	0.0021510824262600003	0.0	5.681767692994584
1993	07	05	0.0	0.0	6.902965966570359
1993	07	06	0.0008329506577000001	0.0	7.177800932416147
1993	07	07	0.0047588828564399995	0.0	6.804966546169087
1993	07	08	0.00206813919147	0.0	6.574675916492665
1993	07	09	0.0574871821692	0.0	4.809000507662489
1993	07	10	0.00543299217464	0.0	5.10123873379756
1993	07	11	0.0	0.0	6.003146889429665
1993	07	12	0.0	0.0	6.957156145820199
1993	07	13	0.0012422199310300002	0.0	7.067030175141133
1993	07	14	0.000830068477267	0.0	6.657419533140862
1993	07	15	0.0	0.0	6.990187925293407
1993	07	16	0.00041215205336499997	0.0	6.932231817477947
1993	07	17	0.00044547991508	0.0	6.417314041389326
1993	07	18	0.00041215205336499997	0.0	6.49663760473449
1993	07	19	0.00042079851729600004	0.0	6.260393399987479
1993	07	20	0.00163707922094	0.0	6.418606935110845
1993	07	21	0.0	0.0	6.917602147873893
1993	07	22	0.00125086706226	0.0	7.199528470532574
1993	07	23	0.0018578242445999999	0.0	6.4439359137465555
1993	07	24	0.0062926179648	0.0	6.1641945085170855
1993	07	25	0.00328295653742	0.0	6.470903060725703
1993	07	26	0.00123933748948	0.0	6.949906236094362
1993	07	27	0.000832950715726	0.0	7.7688908803968495
1993	07	28	0.0	0.0	7.527728708022677
1993	07	29	0.0016659012186900002	0.0	5.535752809796121
1993	07	30	0.00654924027084	0.0	5.314799167636851
1993	07	31	0.0008243041067299999	0.0	6.27854561415437
1993	08	01	0.00041215205336499997	0.0	5.850957730158527
1993	08	02	0.00030924334854699997	0.0	5.960752414374243
1993	08	03	0.0	0.0	6.635432438506819
1993	08	04	0.0296549309999	0.0	7.3020703873410175
1993	08	05	0.026820787391	0.0	6.260269838434974
1993	08	06	0.00206081147477	0.0	6.320218140288918
1993	08	07	0.0102843473923	0.0	5.559050812629073
1993	08	08	0.0006483788490199999	0.0	5.4318526448004265
1993	08	09	0.0	0.0	6.835715542791442
1993	08	10	0.0	0.0	6.583288404537496
1993	08	11	0.00042079855598	0.0	6.54244321398091
1993	08	12	0.0	0.0	6.092771292600239
1993	08	13	0.0	0.0	5.8720073299890005
1993	08	14	0.0059847687586	0.0	4.76774098318774
1993	08	15	0.00042079855598	0.0	5.51917994423808
1993	08	16	0.0	0.0	5.72792202410674
1993	08	17	0.0068423137364	0.0	4.924415985089559
1993	08	18	9.3725887227	0.0	4.082170126002736
1993	08	19	4.001405263	0.0	4.7890562286183735
1993	08	20	1.8605569790699998	0.0	4.502375768727568
1993	08	21	0.00652516731435	0.0	4.421387873284319
1993	08	22	0.0490708803014	0.0	4.308852801950271
1993	08	23	0.0008243041067299999	0.0	4.456699466110023
1993	08	24	0.08895310849749999	0.0	3.8552401662303324
1993	08	25	0.04390599474529999	0.0	3.431724755691514
1993	08	26	0.6364565369299999	0.0	3.089610666946741
1993	08	27	0.159200027219	0.0	3.492560905319689
1993	08	28	0.000832950715726	0.0	5.058246180516405
1993	08	29	0.000827186287163	0.0	5.03196352722527
1993	08	30	0.0	0.0	5.2266801774399125
1993	08	31	0.016386318032799996	0.0	5.530708910175214
1993	09	01	0.00041215205336499997	0.0	5.451480376838202
1993	09	02	0.00131584515732	0.0	4.367231189022862
1993	09	03	0.7463057122660001	0.0	4.150188885776368
1993	09	04	0.0035023969431799994	0.0	4.0567752311548295
1993	09	05	0.0155742838139	0.0	3.6388829018918885
1993	09	06	0.01019983300685	0.0	3.4401862608248206
1993	09	07	0.65018374775	0.0	3.7174563180459477
1993	09	08	0.173721372204	0.0	3.24002834660984
1993	09	09	0.00213727146458	0.0	3.6378516405262498
1993	09	10	0.0	0.0	3.702421993081075
1993	09	11	0.0012512020656999998	0.0	3.8277158090830388
1993	09	12	0.54178402321	0.0	3.5039145145068757
1993	09	13	0.0052243244892	0.0	2.7655359144981535
1993	09	14	0.178396140184	0.0	3.0645907519489617
1993	09	15	0.279094586307	0.0	3.0173749441734325
1993	09	16	1.40589009754	0.0	3.589659123643966
1993	09	17	1.72908437615	0.0	2.8254396706261264
1993	09	18	0.428933075855	0.0	3.178884256845301
1993	09	19	0.0016663788693799999	0.0	3.7772155650311388
1993	09	20	0.317688539626	0.0	3.778197914159189
1993	09	21	0.00042566735323299994	0.0	3.2972564668956843
1993	09	22	0.199114313813	0.0	2.6573458951422357
1993	09	23	0.00292028639733	0.0	2.8708005130295047
1993	09	24	0.10845667319060001	0.0	3.069798023895984
1993	09	25	0.00499440971347	0.0	3.1779162187603394
1993	09	26	0.0012339300465399998	0.0	3.396636562173431
1993	09	27	0.000426562994214	0.0	2.941620297099068
1993	09	28	0.184845565677	0.0	2.922440600760947
1993	09	29	1.43830284088	0.0	2.7498500293372747
1993	09	30	0.0	0.0	2.7582759247697255
1993	10	01	1.11606115577	0.0	2.6593289761746437
1993	10	02	0.36031167332	0.0	2.0833197867925715
1993	10	03	0.0020995597869199996	0.0	2.7788107031989315
1993	10	04	0.482489729586	0.0	2.882403049951109
1993	10	05	3.22474910946	0.0	1.7912398758133505
1993	10	06	1.6509607809199998	0.0	2.0565961432030986
1993	10	07	2.40945170174	0.0	1.901979705422168
1993	10	08	0.36215844748	0.0	2.461408531672549
1993	10	09	3.41124622082	0.0	2.0865022831906015
1993	10	10	2.98936373916	0.0	2.1562622326400693
1993	10	11	14.8581733427	0.0	1.7024237571719174
1993	10	12	13.5482363927	0.0	1.8044922177635077
1993	10	13	1.80129318778	0.0	1.629962021746312
1993	10	14	0.791998643793	0.0	1.8251010935063703
1993	10	15	17.666055351100002	0.0	2.100198527628905
1993	10	16	6.22655294605	0.0	1.4208103145988353
1993	10	17	1.0584932710400001	0.0	1.8083873486901376
1993	10	18	0.0007424475055	0.0	2.0975826928274555
1993	10	19	0.00042079855598	0.0	2.621097610306433
1993	10	20	0.00125086706226	0.0	2.5584915599914253
1993	10	21	0.0	0.0	2.5054344930098074
1993	10	22	0.00042079855598	0.0	2.3351597881068473
1993	10	23	0.000826973815293	0.0	2.072569425510843
1993	10	24	0.0	0.0	1.9695092982969873
1993	10	25	0.0008288735575199999	0.0	2.164545154331825
1993	10	26	0.0023270495593999997	0.0	1.9609725005110297
1993	10	27	0.17155957489	0.0	1.9728931804355794
1993	10	28	0.00083583280912	0.0	1.8425762530973153
1993	10	29	1.8401587124499998	0.0	2.168078989933735
1993	10	30	29.5564096216	0.0	1.4119702154679987
1993	10	31	13.0422690147	0.0	0.7706325479326167
1993	11	01	4.680976762	0.4197025245954764	1.1542705910953182
1993	11	02	0.47501300211799996	0.30218581770874303	1.3649733072997314
1993	11	03	12.694716485099999	5.321828011870641	1.3311875979052108
1993	11	04	0.00124798462071	1.5612933914951723	1.7097921158240548
1993	11	05	0.968879899195	0.6715240393527623	1.3854471882417678
1993	11	06	8.2649468494	0.9737098570615053	1.0056951392986357
1993	11	07	0.20019289143	1.3934123816569817	1.5179630222264784
1993	11	08	5.2637560575	0.6883121403365814	1.1250142764007722
1993	11	09	0.102096988775	0.40291442361165736	1.703039450432176
1993	11	10	0.0008300686029899999	0.2686096157411049	1.8981755150863704
1993	11	11	0.0012335737669	0.20145721180582868	1.8132378112761791
1993	11	12	0.000824304048704	0.16788100983819057	1.6683021672387381
1993	11	13	0.0008243041067299999	0.13430480787055246	1.852935234363929
1993	11	14	0.00207228901757	0.11751670688673342	1.877987054926563
1993	11	15	0.0	0.10072860590291434	1.9325390745123359
1993	11	16	0.00463257679185	0.08394050491909529	1.6037028653340462
1993	11	17	0.047779507803	0.06715240393527623	1.488238562290502
1993	11	18	0.0018433278024400002	0.06715240393527623	1.5060341256552154
1993	11	19	0.46106163686	0.06715240393527623	1.3456377763729206
1993	11	20	0.0031909874550399998	0.06715240393527623	1.1471696880844267
1993	11	21	0.39157167214399996	0.06715240393527623	1.3259344838994207
1993	11	22	1.3968289507999998	0.06715240393527623	1.2084650690225194
1993	11	23	9.563558091300001	0.08394050491909529	0.9926576866719412
1993	11	24	0.0243049231618	0.25182151475728587	1.3539251700896193
1993	11	25	0.0008271862581499999	0.15109290885437152	1.4114847217191833
1993	11	26	0.068975951066	0.10072860590291434	1.4449910148118181
1993	11	27	0.00323417436935	0.08394050491909529	1.3239349802206308
1993	11	28	0.281765590784	0.06715240393527623	1.2444986667395583
1993	11	29	0.07691679949500001	0.06715240393527623	1.1808973408405086
1993	11	30	1.93709307965	0.06715240393527623	0.8259438104056328
1993	12	01	0.0273715856566	0.06715240393527623	0.9600653333586401
1993	12	02	0.00042079855598	0.05036430295145717	1.3643316983328428
1993	12	03	0.00123933748948	0.05036430295145717	1.5186386933732587
1993	12	04	0.00155091931484	0.05036430295145717	1.4857909214390297
1993	12	05	0.5822712295150001	0.05036430295145717	1.2324885890864508
1993	12	06	0.548529690775	0.033576201967638115	1.0083119669640057
1993	12	07	0.0	0.033576201967638115	1.2092289643957272
1993	12	08	0.00332347222482	0.033576201967638115	1.3419758720878523
1993	12	09	0.00166701937971	0.033576201967638115	1.1953654659378914
1993	12	10	0.0	0.033576201967638115	1.2767742128846904
1993	12	11	0.00125086706226	0.033576201967638115	1.3315944561221749
1993	12	12	0.0016601366257200001	0.033576201967638115	1.4564169168716468
1993	12	13	0.034813288631	0.016788100983819058	1.306802993888519
1993	12	14	1.4591769207	0.016788100983819058	0.9101154016630736
1993	12	15	0.00153812893379	0.016788100983819058	1.1312179845450172
1993	12	16	0.047174248268	0.016788100983819058	1.1496475347432455
1993	12	17	0.0053420147566000005	0.016788100983819058	1.0829213349657796
1993	12	18	0.00204834410512	0.016788100983819058	1.202428935295362
1993	12	19	0.00126019928713	0.016788100983819058	1.3225682775807273
1993	12	20	0.0216092934175	0.016788100983819058	1.188456880918159
1993	12	21	0.0420525330888	0.016788100983819058	1.0168517240015416
1993	12	22	0.0012451022758700001	0.016788100983819058	1.0181680876365127
1993	12	23	0.0	0.016788100983819058	1.1597292580623717
1993	12	24	0.00149256092257	0.016788100983819058	1.1257095852305998
1993	12	25	0.10846932672699999	0.016788100983819058	0.9602128898815409
1993	12	26	0.263596876504	0.016788100983819058	0.9296614892009032
1993	12	27	0.0864273537366	0.016788100983819058	0.9219918029672433
1993	12	28	0.361112683566	0.016788100983819058	1.1815844564710873
1993	12	29	0.41183068603499995	0.016788100983819058	0.9127218088882366
1993	12	30	0.050226177961400005	0.016788100983819058	1.0137543525224637
1993	12	31	0.0471974567338	0.016788100983819058	1.1601670365925283
1994	01	01	0.0614564632715	0.016788100983819058	1.022875636798003
1994	01	02	0.105955118173	0.016788100983819058	1.028463642034449
1994	01	03	2.3142432212000004	0.016788100983819058	0.9637867883414551
1994	01	04	2.03475238501	0.016788100983819058	1.079113696085332
1994	01	05	0.4076249132	0.016788100983819058	1.1948848088849906
1994	01	06	17.801441614299996	0.08394050491909529	0.9712930236938901
1994	01	07	0.0219243542884	0.33576201967638114	0.969504355014902
1994	01	08	0.016138645657	0.18466911082200962	1.3021062203122356
1994	01	09	6.5873552292	0.13430480787055246	1.0432948117764638
1994	01	10	3.7251889306999995	0.33576201967638114	0.8379804959939109
1994	01	11	0.118859646036	0.4532787265631145	1.13240395216866
1994	01	12	0.087567723241	0.5540073324660288	1.1606166074143633
1994	01	13	0.006153502564	0.43649062557929547	1.283914035498479
1994	01	14	0.0166211589258	0.28539771672492403	1.1153794283038174
1994	01	15	0.19287934274499996	0.23503341377346684	0.9909446554067385
1994	01	16	3.7015549409	0.20145721180582868	0.7611879775621105
1994	01	17	0.0016593201031899999	0.3525501206602002	1.1113228733225258
1994	01	18	0.0008243041067299999	0.28539771672492403	0.9282179369984741
1994	01	19	0.0	0.18466911082200962	1.0339434026960903
1994	01	20	0.0012479851042599998	0.15109290885437152	1.1145430084024321
1994	01	21	0.0024999950853000002	0.11751670688673342	1.1008512994137998
1994	01	22	0.0024815716368800003	0.10072860590291434	1.2820108151935705
1994	01	23	0.0012409885226000001	0.10072860590291434	1.3896266749429558
1994	01	24	2.46813184818e-05	0.08394050491909529	1.3710897672201996
1994	01	25	0.00173391629788	6.4969950807379755	1.3937773167701162
1994	01	26	0.0012451022758700001	6.345902171883604	1.6105145313460063
1994	01	27	0.00123933758619	0.06715240393527623	1.7581127158312146
1994	01	28	0.0	0.06715240393527623	1.8124440018086492
1994	01	29	0.0016601366257200001	0.06715240393527623	1.8694354011228516
1994	01	30	0.00080514237417	0.06715240393527623	1.69432666927222
1994	01	31	0.0020565403743299997	0.05036430295145717	1.827862037245198
1994	02	01	0.0020694066727300004	0.05036430295145717	1.9073271322995926
1994	02	02	0.0476177622622	0.033576201967638115	1.6127087743843347
1994	02	03	12.886575585700001	0.08394050491909529	1.2919198530402423
1994	02	04	2.72020133755	1.3766242806731628	0.840231826042106
1994	02	05	0.0015992512978599998	1.3262599777217055	1.3348669501752526
1994	02	06	1.0183621026	0.4197025245954764	1.539589999908859
1994	02	07	0.161218123144	0.33576201967638114	1.3296957998435406
1994	02	08	0.00208089137207	0.25182151475728587	1.4660987126928755
1994	02	09	0.00123806749376	0.18466911082200962	1.892735428827828
1994	02	10	0.00085474986538	0.15109290885437152	1.8560654892913844
1994	02	11	0.00125086706226	0.13430480787055246	2.0029793019108078
1994	02	12	0.0021007027057	0.11751670688673342	1.9704564281669015
1994	02	13	2.7404700127699995	0.10072860590291434	2.1178144441551536
1994	02	14	1.55390513938	0.10072860590291434	1.3225255914230523
1994	02	15	10.0436951954	0.21824531278964773	1.4305730276985678
1994	02	16	0.226429298975	1.5948695934628103	1.692308235710661
1994	02	17	0.00296893288127	0.43649062557929547	1.9515729826692996
1994	02	18	0.13235324418	0.30218581770874303	1.8299495913636805
1994	02	19	0.17271030783799998	0.23503341377346684	1.9647276795448223
1994	02	20	0.45919793845	0.21824531278964773	1.8776574641902466
1994	02	21	0.67136227065	0.25182151475728587	1.8917671951791422
1994	02	22	0.27227607677000004	0.20145721180582868	1.5310612422628023
1994	02	23	0.53325971368	0.20145721180582868	1.6833176838932469
1994	02	24	0.09056933085300001	0.23503341377346684	1.715154224178085
1994	02	25	0.0013639726954	0.16788100983819057	2.3426314577271623
1994	02	26	5.06632617077	0.15109290885437152	1.490342497529345
1994	02	27	9.493430769	0.36933822164401925	1.5484213429761455
1994	02	28	6.62706503217	8.763388713553548	1.3363793796433332
1994	03	01	0.000484509421226	3.894839428246021	2.0490386250676105
1994	03	02	0.00083472547962	0.7722526452556766	2.5122935739609837
1994	03	03	0.000827186287163	0.4197025245954764	2.7641438514110304
1994	03	04	0.00040926985359	0.3189739186925621	2.945514987381795
1994	03	05	2.70068148786	0.28539771672492403	1.8066159208316588
1994	03	06	0.30674081289	0.30218581770874303	2.6773207147886
1994	03	07	0.0008264482641399999	0.2686096157411049	2.9567441805926067
1994	03	08	0.00042079851729600004	0.21824531278964773	2.969879855933359
1994	03	09	0.0	0.16788100983819057	3.077824565237618
1994	03	10	0.154254161767	0.16788100983819057	2.8349175164609512
1994	03	11	0.1641894025	0.10072860590291434	2.534330129456321
1994	03	12	0.17868239211300002	0.08394050491909529	2.691451363141336
1994	03	13	0.0	0.06715240393527623	2.932178306710288
1994	03	14	0.0	0.05036430295145717	2.8783859071601454
1994	03	15	0.00208430407455	0.05036430295145717	3.282079077849774
1994	03	16	0.00042079855598	0.033576201967638115	3.5352271666239283
1994	03	17	0.00165437261301	0.033576201967638115	3.5847972201390776
1994	03	18	0.0087183213952	0.033576201967638115	3.4961538323168964
1994	03	19	0.0031802383319599996	0.033576201967638115	3.0404567468685135
1994	03	20	0.00042079855598	0.033576201967638115	2.98547280764661
1994	03	21	0.0199455690442	0.033576201967638115	2.8361313710789084
1994	03	22	0.00219751367094	0.033576201967638115	3.462039096948399
1994	03	23	0.00042079855598	0.016788100983819058	3.480534217244041
1994	03	24	0.00333260803168	0.016788100983819058	4.137046271261861
1994	03	25	0.0025936583334599996	0.016788100983819058	3.9862564625239605
1994	03	26	0.00738088553696	0.016788100983819058	3.0322214393645424
1994	03	27	0.000824304048704	0.016788100983819058	3.2470077085959264
1994	03	28	0.121937161327	0.033576201967638115	2.7850132255327096
1994	03	29	3.81629342568	0.05036430295145717	2.9395928275960093
1994	03	30	0.0099007017236	0.06715240393527623	3.315938083058632
1994	03	31	0.008495763639299998	0.05036430295145717	3.297231074588378
1994	04	01	0.346848722575	0.033576201967638115	2.6275751642618363
1994	04	02	0.00041215205336499997	0.033576201967638115	2.7546434170332486
1994	04	03	0.00165437261301	0.033576201967638115	3.1833219671208592
1994	04	04	0.0008243041067299999	0.016788100983819058	3.444581881964899
1994	04	05	0.00166895328958	0.016788100983819058	3.265559328235286
1994	04	06	0.00165880560599	0.016788100983819058	3.7195068465812433
1994	04	07	0.0035638528600399995	0.016788100983819058	3.293713395226932
1994	04	08	0.00166685980821	0.016788100983819058	4.086170293460331
1994	04	09	0.0029030249195600003	0.016788100983819058	3.8685319407995893
1994	04	10	0.50531622957	0.016788100983819058	2.5552830226621994
1994	04	11	0.00166099125199	0.0	3.7464055680326145
1994	04	12	0.00165793840742	0.0	3.9101945506520353
1994	04	13	0.0	0.0	4.111130209410227
1994	04	14	2.21283620992	0.0	3.581010566155482
1994	04	15	0.7929519819599999	0.0	3.326317203284059
1994	04	16	0.00166301868043	0.0	3.2607898894453875
1994	04	17	0.0008300686029899999	0.0	3.628249725206099
1994	04	18	3.5696376653999997	0.0	2.897590498785961
1994	04	19	1.48976039439	0.0	3.3724844006578585
1994	04	20	0.80055754649	0.0	3.0320380462524645
1994	04	21	0.5477945497100001	0.0	3.186988934072581
1994	04	22	8.6134481041	0.0	2.7383121293283286
1994	04	23	3.58827039426	0.05036430295145717	2.9315487913325105
1994	04	24	1.65195921496	0.033576201967638115	2.9733407277143646
1994	04	25	0.00084030709727	0.033576201967638115	3.4960972988695698
1994	04	26	0.00247134726226	0.016788100983819058	4.7671316062379985
1994	04	27	0.0	0.0	5.5867424640069725
1994	04	28	0.00042079855598	0.0	5.578701922219503
1994	04	29	0.000830190215815	0.0	5.279000819427756
1994	04	30	0.0016459964631999999	0.0	5.738928534398175
1994	05	01	0.00164235504157	0.0	5.39932438590439
1994	05	02	0.0008243041067299999	0.0	6.021634068212503
1994	05	03	0.0015126325028099999	0.0	6.11548695534719
1994	05	04	0.0008243041067299999	0.0	5.008645499963406
1994	05	05	0.000824304048704	0.0	6.040589935240506
1994	05	06	0.0015047021861	0.0	5.610145592689644
1994	05	07	0.00131719261775	0.0	3.8554251661429904
1994	05	08	0.0014461074345900001	0.0	4.111898600664997
1994	05	09	0.24292876964199997	0.0	3.7596461715967173
1994	05	10	0.12936354156899998	0.0	4.238613259698998
1994	05	11	0.489884282567	0.0	3.0429742017803343
1994	05	12	10.9523030532	0.0	3.1742182517253235
1994	05	13	1.89476504685	0.0	3.2900835119820657
1994	05	14	1.9766816082799998	0.0	3.1182318259008754
1994	05	15	23.2278793654	0.0	3.3816734641712185
1994	05	16	4.4891176614	0.0	3.1648878060536836
1994	05	17	6.915544482599999	0.0	2.8965103728695194
1994	05	18	0.581097479587	0.0	3.4380702251376123
1994	05	19	1.83029999834	0.0	2.9664708785785057
1994	05	20	0.145513328218	0.0	3.5649045296891746
1994	05	21	0.67384085124	0.0	3.071460574923921
1994	05	22	1.2006092930099999	0.0	2.8715113301525075
1994	05	23	7.890280414069999	0.0	2.2385023953162753
1994	05	24	0.135310974465	0.0	4.485628350269493
1994	05	25	0.0	0.0	4.694171623061311
1994	05	26	0.00161540099747	0.0	4.438309532170623
1994	05	27	0.0	0.0	4.96889072419503
1994	05	28	0.00091238322278	0.0	5.329120314514472
1994	05	29	0.0024923542216199997	0.0	5.190595666375209
1994	05	30	0.00035297979808999997	0.0	5.056366628125469
1994	05	31	0.0	0.0	5.459985751403621
1994	06	01	0.046019144027999996	0.0	4.652336750885728
1994	06	02	0.0303348787008	0.0	4.225229175781491
1994	06	03	0.000420798604335	0.0	5.122411296490321
1994	06	04	0.0020623939405	0.0	6.284211649441969
1994	06	05	0.0008300686029899999	0.0	7.007249179969514
1994	06	06	0.0008300686029899999	0.0	5.936398736426834
1994	06	07	0.0024919166088700003	0.0	6.054405042305341
1994	06	08	0.011448674865	0.0	6.364869159037036
1994	06	09	0.00021817475231899997	0.0	6.787263993662875
1994	06	10	0.91730189338	0.0	6.805165895493372
1994	06	11	0.0	0.0	6.074954826296067
1994	06	12	0.0	0.0	6.142075200134677
1994	06	13	0.0	0.0	5.426307676701628
1994	06	14	0.0016511920145300001	0.0	6.234677184229733
1994	06	15	0.0024937907519599995	0.0	5.633410014693507
1994	06	16	0.00042079855598	0.0	5.565095448969408
1994	06	17	0.028071691589899996	0.0	4.7130247951051425
1994	06	18	0.086980142294	0.0	4.58861605299503
1994	06	19	0.000859513654915	0.0	5.385719823144914
1994	06	20	0.00041215205336499997	0.0	5.368594897174009
1994	06	21	0.0016632202240700002	0.0	6.8425993593946055
1994	06	22	0.00042656295552999997	0.0	7.1681248986076715
1994	06	23	0.0	0.0	6.587074945480792
1994	06	24	0.0092088296797	0.0	5.547772234702285
1994	06	25	0.0012537511478800001	0.0	5.017743078379062
1994	06	26	0.0012422199310300002	0.0	6.6773077228174
1994	06	27	0.00208142095603	0.0	6.98357330896992
1994	06	28	0.0020774645499299998	0.0	7.060844799658464
1994	06	29	0.00042427711796999996	0.0	7.83059546190732
1994	06	30	0.0016572540874600001	0.0	7.086867158659018
1994	07	01	0.0008243762523900001	0.0	6.757436820922828
1994	07	02	0.0	0.0	6.69182636826245
1994	07	03	0.0008243041067299999	0.0	7.130334428045354
1994	07	04	0.000841597140973	0.0	7.3134950067410305
1994	07	05	0.000832950715726	0.0	6.606555166685028
1994	07	06	0.0016500872961999998	0.0	6.129800594725964
1994	07	07	0.0	0.0	6.933025751678024
1994	07	08	0.0	0.0	6.780613508318017
1994	07	09	0.0	0.0	7.067105048160451
1994	07	10	0.0	0.0	7.154794751806549
1994	07	11	0.0008300686029899999	0.0	7.153798053500369
1994	07	12	0.0008300686029899999	0.0	6.44388926237741
1994	07	13	0.0022574995957999997	0.0	6.2752903715639885
1994	07	14	0.064922148325	0.0	6.3471261732818265
1994	07	15	0.384424522685	0.0	6.436271732511997
1994	07	16	0.00156220198699	0.0	5.60160138987367
1994	07	17	4.93626369636e-05	0.0	6.076009575368202
1994	07	18	0.00123933758619	0.0	7.1222660342966835
1994	07	19	0.0020896342462	0.0	7.224797920732745
1994	07	20	0.004155361200140001	0.0	6.5066066062850965
1994	07	21	0.00360857862387	0.0	5.846380072320674
1994	07	22	0.0051630367510300005	0.0	6.055195998448853
1994	07	23	0.009595205471700001	0.0	5.963922452230267
1994	07	24	0.009217742473300001	0.0	5.135591079594797
1994	07	25	0.0	0.0	5.758880830624767
1994	07	26	0.000824304048704	0.0	6.811017288119194
1994	07	27	0.0	0.0	6.593021303412161
1994	07	28	0.00327173169785	0.0	6.289290408375798
1994	07	29	0.045109634833	0.0	5.7869831555127265
1994	07	30	0.000850061306554	0.0	4.582794495532101
1994	07	31	0.71347928223	0.0	4.420980697199692
1994	08	01	0.00165437270972	0.0	5.088301388309758
1994	08	02	0.000826786014144	0.0	6.131958187171013
1994	08	03	0.00123645794923	0.0	6.059257999019453
1994	08	04	0.00084615650491	0.0	5.51073195849784
1994	08	05	0.0008243041067299999	0.0	6.27143500798467
1994	08	06	0.0008243041067299999	0.0	5.877685995878833
1994	08	07	0.0036664878949	0.0	6.224839218079561
1994	08	08	0.0	0.0	6.133279215401762
1994	08	09	0.09288432067539999	0.0	3.8550608279101266
1994	08	10	0.276848486886	0.0	4.088298789444867
1994	08	11	0.0237501936347	0.0	4.886507094856661
1994	08	12	0.00041215205336499997	0.0	5.447773167257268
1994	08	13	0.0008300686029899999	0.0	5.158719092331223
1994	08	14	0.00153865213489	0.0	5.494986559261663
1994	08	15	0.0	0.0	5.8404328376399075
1994	08	16	0.0012451022758700001	0.0	5.949031000556382
1994	08	17	0.00125036736169	0.0	6.228015586907932
1994	08	18	0.000426562994214	0.0	6.811298653832663
1994	08	19	0.18822764009999998	0.0	6.662821745888448
1994	08	20	0.0009498779799099999	0.0	5.61491281863205
1994	08	21	0.0027177261418099997	0.0	4.745386046156678
1994	08	22	0.00042079855598	0.0	5.242529991320706
1994	08	23	0.007669985962300001	0.0	5.137087693167278
1994	08	24	0.0	0.0	4.568502777091087
1994	08	25	0.00083664478628	0.0	5.11687179681684
1994	08	26	0.000420798604335	0.0	6.512103216797626
1994	08	27	0.0041555682562500005	0.0	5.778996435727499
1994	08	28	0.00041215205336499997	0.0	5.663741541622352
1994	08	29	0.0136089702727	0.0	4.877997242067312
1994	08	30	0.00391142569874	0.0	4.284808815634478
1994	08	31	0.0506109599726	0.0	3.6091593832328774
1994	09	01	0.0020759923336	0.0	4.493238308744875
1994	09	02	0.00042079851729600004	0.0	5.529337416708801
1994	09	03	0.0008166515121269999	0.0	5.211381024683974
1994	09	04	0.0055895178899000005	0.0	4.27090998887861
1994	09	05	0.00042656295552999997	0.0	5.368480546193824
1994	09	06	0.00207517058873	0.0	4.966442090770492
1994	09	07	0.0079169156053	0.0	4.26367559962078
1994	09	08	0.00041233401323	0.0	3.7402173161781067
1994	09	09	0.00041215205336499997	0.0	4.055237152215386
1994	09	10	0.0256627586406	0.0	4.121701314763727
1994	09	11	0.0081571732254	0.0	4.499653610842804
1994	09	12	0.24967141018399994	0.0	3.599559829143891
1994	09	13	0.0039013892316499994	0.0	3.3723621704331688
1994	09	14	0.00266533591706	0.0	3.0540765968304764
1994	09	15	0.000420798604335	0.0	3.511461176199052
1994	09	16	0.0218069241709	0.0	3.874688301093936
1994	09	17	0.00042079851729600004	0.0	4.361402883528411
1994	09	18	0.0	0.0	4.130534686078712
1994	09	19	0.00250371764662	0.0	4.479965819608742
1994	09	20	0.0	0.0	4.3553969851943855
1994	09	21	0.0020759720245000003	0.0	2.901469565399835
1994	09	22	0.63505607942	0.0	2.91354173238605
1994	09	23	0.0039767645221	0.0	3.205562358325486
1994	09	24	0.690191659295	0.0	2.842885581060226
1994	09	25	0.0063597530797	0.0	3.06325971650607
1994	09	26	1.4596530240299999	0.0	2.6154581699369945
1994	09	27	0.0076362041922000004	0.0	3.5166519565524523
1994	09	28	0.015913938037799998	0.0	3.276063116279007
1994	09	29	7.2865298452000005	0.0	3.2425807282987384
1994	09	30	0.032521619458	0.0	3.216000750670553
1994	10	01	0.040428984950799995	0.0	3.0216589038223707
1994	10	02	0.0026956113694	0.0	3.2067436336424953
1994	10	03	0.0036489408324999997	0.0	3.187339109918232
1994	10	04	0.06811035207939999	0.0	2.43207952656176
1994	10	05	11.6162897357	0.0	1.9120241277555352
1994	10	06	17.734239769499997	0.0	2.0529754783265677
1994	10	07	0.53439605618	0.0	2.8352068320725152
1994	10	08	4.38503400745	0.0	2.1158474088436448
1994	10	09	0.56882849116	0.0	2.8463961668025757
1994	10	10	0.653553656055	0.0	2.5636947116683175
1994	10	11	4.5075355006399995	0.0	2.4330908655048438
1994	10	12	0.45795806789499993	0.0	2.240095792086815
1994	10	13	0.64725333804	0.0	2.541993890000184
1994	10	14	2.0271847308	0.0	2.4612194866996244
1994	10	15	0.861381105673	0.0	2.2042681221338616
1994	10	16	2.3203514247999997	0.0	2.2228343103742363
1994	10	17	1.92974640779	0.0	1.9045799673498203
1994	10	18	0.86391584576	0.0	1.6787067617754858
1994	10	19	2.0528047571599997	0.0	1.8637344677692724
1994	10	20	0.23659882935399998	0.0	1.8858024857671318
1994	10	21	0.149343421387	0.0	1.9594878725770128
1994	10	22	2.6121991878199995	0.0	1.7803228105830355
1994	10	23	0.5440426272339999	0.0	1.813289303404525
1994	10	24	0.00340974257374	0.0	2.016307841769565
1994	10	25	0.28772598282	0.0	2.2805955928356054
1994	10	26	0.0576417266834	0.0	1.9516512566691853
1994	10	27	3.4602944381	0.0	1.5572989239949138
1994	10	28	0.0	0.0	2.1198109941447427
1994	10	29	0.0012479847174199999	0.0	2.244004685254313
1994	10	30	0.0081009015448	0.0	2.424376652656166
1994	10	31	0.0012020258043800001	0.0	2.334161591569017
1994	11	01	0.0	0.0	1.894880771418714
1994	11	02	3.9040223548199995	0.0	1.8048111948872727
1994	11	03	6.6273419128999995	0.0	1.4409074709961405
1994	11	04	1.55316917628	0.0	1.1367293450917189
1994	11	05	0.144212530363	0.0	1.5350592906749145
1994	11	06	4.3220308273	0.0	1.697358641807929
1994	11	07	0.6618227962500001	0.0	1.427690354594589
1994	11	08	2.61198052651	0.0	1.554149078147616
1994	11	09	4.015679659	0.0	1.4422897268929578
1994	11	10	0.10161705572899998	0.0	1.7313046240224625
1994	11	11	0.169301995992	0.0	1.4415994703872235
1994	11	12	0.46039433786	0.0	1.5771980656520754
1994	11	13	0.00164860772991	0.0	1.680882295147449
1994	11	14	0.000841597140973	0.0	1.9010304836684246
1994	11	15	0.000842625970966	0.0	1.9784782327289945
1994	11	16	0.0	0.0	1.9200679435191859
1994	11	17	0.0068243392158	0.0	1.423310312624962
1994	11	18	0.0041729542964999995	0.0	1.5211484845292718
1994	11	19	0.00124798462071	0.0	1.9443476944929519
1994	11	20	0.0	0.0	1.809486273799087
1994	11	21	0.0	0.0	1.7785426471049022
1994	11	22	0.000824304048704	0.0	1.7692479531646086
1994	11	23	0.000830135681046	0.0	1.5499517469923538
1994	11	24	0.000824304048704	0.0	1.787234776864537
1994	11	25	0.0012422199310300002	0.0	1.696238830187515
1994	11	26	0.00042079855598	0.0	1.6698271561279876
1994	11	27	0.00042079855598	0.0	1.4361764068584966
1994	11	28	0.089474012735	0.0	1.4220708042359698
1994	11	29	3.6938823563399996	0.0	1.1422385659998735
1994	11	30	0.07485193461400001	0.0	1.2104875367789192
1994	12	01	0.191650719563	0.0	1.2599041355658387
1994	12	02	10.1659240631	0.0	0.8247489668887052
1994	12	03	0.079677125328	0.0	1.2917665491385826
1994	12	04	0.000824304048704	0.0	1.4451409032945703
1994	12	05	1.4133669410599998	0.0	1.4344220850631704
1994	12	06	0.271003450538	0.0	1.037410517421795
1994	12	07	2.82253821548	0.0	1.2005692238953105
1994	12	08	0.0125528361454	0.0	1.2882682044891849
1994	12	09	0.010999398405449999	0.0	1.3712005228138446
1994	12	10	0.0103110809376	0.0	1.2712945280651538
1994	12	11	0.00042079851729600004	0.0	1.4903827764866704
1994	12	12	0.00123357367019	0.0	1.3378888708672558
1994	12	13	0.0	0.0	1.353347620461678
1994	12	14	0.00304389773448	0.0	1.390832445282773
1994	12	15	0.263581383562	0.0	1.1372050625005232
1994	12	16	0.345447036848	0.0	1.0544922983623493
1994	12	17	0.0644310897606	0.0	1.1079539433580474
1994	12	18	0.0664010531186	0.0	1.2682755529788068
1994	12	19	0.0531632442207	0.0	0.9338198737357759
1994	12	20	0.00125663088155	0.0	1.1257387259278038
1994	12	21	0.0	0.0	1.2247085577403822
1994	12	22	0.000824304048704	0.0	1.2096192035689861
1994	12	23	0.00204878036393	0.0	1.0360783499794493
1994	12	24	0.0008346885363999999	0.0	1.0617182177512698
1994	12	25	0.00042079855598	0.0	1.0157276890715459
1994	12	26	0.0008243041067299999	0.0	0.950758534061433
1994	12	27	0.0027817434230200003	0.0	1.0865511414394418
1994	12	28	0.00207559891732	0.0	1.2786670819010748
1994	12	29	0.18281045846299998	0.0	1.2132588723974687
1994	12	30	0.307478980978	0.0	0.903459185619866
1994	12	31	0.61673069494	0.0	0.9214640293610878
1995	01	01	2.8678373729	0.0	1.2989312618535767
1995	01	02	0.0020694066727300004	0.0	1.065762655811462
1995	01	03	0.0	0.0	1.0853749431473607
1995	01	04	0.0	0.0	1.3099201919871177
1995	01	05	0.0408587506514	0.0	1.1103376870492252
1995	01	06	0.00542407947775	0.0	1.0500961976091572
1995	01	07	0.0	0.0	1.108076825315838
1995	01	08	0.0	0.0	1.0657252143779874
1995	01	09	0.000825399685965	0.0	1.3335945653594177
1995	01	10	0.00165437261301	0.0	1.3345145098025337
1995	01	11	0.00124287707548	0.0	1.386522432466951
1995	01	12	0.00082718635486	0.0	1.4343171423774512
1995	01	13	0.00042079855598	0.0	1.2338102890128386
1995	01	14	0.00042079851729600004	0.0	1.3688243170944925
1995	01	15	0.00041215205336499997	0.0	1.5027870078307919
1995	01	16	0.0008243041067299999	0.0	1.6078879290227563
1995	01	17	3.3498674785399998	0.0	1.1109488620237122
1995	01	18	3.0427154547299997	0.0	1.2856962160832626
1995	01	19	0.10701476964300001	0.0	1.3413059287448814
1995	01	20	0.8857889882350001	0.0	1.3195725714049822
1995	01	21	0.0	0.0	1.3194373457985311
1995	01	22	0.000126795571926	0.0	1.5736453354509172
1995	01	23	0.20536063863499998	0.0	1.4719084569719256
1995	01	24	0.00756541576034	0.0	1.4541181656878772
1995	01	25	0.155400629804	0.0	1.1997331465228445
1995	01	26	2.84535548933	0.0	1.295768961947197
1995	01	27	0.021076005464500003	0.0	1.1262671203198333
1995	01	28	0.0550852481226	0.0	1.6501706509069654
1995	01	29	0.040044504674799995	0.0	1.2387537608633605
1995	01	30	1.6772989757399999	0.0	1.3209853672223648
1995	01	31	0.079053423196	0.0	1.6475329114508095
1995	02	01	0.0163192631872	0.0	1.6154731333882053
1995	02	02	0.00215256566753	0.0	1.570337051646585
1995	02	03	0.0026802764515400004	0.0	1.8165766128364167
1995	02	04	0.000426562994214	0.0	1.9913301122533968
1995	02	05	0.00165334516597	0.0	1.9699816834248296
1995	02	06	0.00207102085934	0.0	1.8525449214295793
1995	02	07	0.161725550843	0.0	1.8924055358959535
1995	02	08	1.8041846233599999	0.0	1.3489683644661425
1995	02	09	10.556592812	0.0	1.603908920939001
1995	02	10	2.12370276145	0.0	1.377758367665666
1995	02	11	0.0008243041067299999	0.0	1.8151235951484603
1995	02	12	12.15497652445	0.0	1.535618779050651
1995	02	13	14.604195474900001	0.3525501206602002	1.5871053719943184
1995	02	14	0.38760236492999994	0.10072860590291434	1.5445564609401254
1995	02	15	0.126479697724	0.016788100983819058	1.5501397544917426
1995	02	16	0.0172796872959	0.033576201967638115	1.8233281919187294
1995	02	17	0.5863687838599999	0.033576201967638115	1.6783441062036815
1995	02	18	0.00206539137024	0.016788100983819058	1.6805023752199426
1995	02	19	0.0020786228455999998	0.016788100983819058	2.226416441148933
1995	02	20	0.0279830162567	0.016788100983819058	2.4953693720780494
1995	02	21	0.37249745246300003	0.016788100983819058	1.6644622235427775
1995	02	22	0.0	0.0	1.762999153851764
1995	02	23	0.00125086706226	0.0	2.1405216997579677
1995	02	24	0.0078893339133	0.0	2.26576753879671
1995	02	25	0.191846663694	0.0	1.5441074577811555
1995	02	26	0.482081284572	0.0	1.5131146566108746
1995	02	27	0.0008321896467099999	0.0	1.7819726091359755
1995	02	28	0.00207228901757	0.0	1.9337812900965174
1995	03	01	0.00124222002774	0.0	2.226385745312746
1995	03	02	0.00059854776429	0.0	1.9991061839041098
1995	03	03	0.7327984586699999	0.0	1.723716602710701
1995	03	04	0.042096393008	0.0	2.0186857119025934
1995	03	05	0.62849498289	0.0	1.7030975278280909
1995	03	06	1.4338678169899999	0.0	1.9749400399712973
1995	03	07	0.0008300686029899999	0.0	2.5543056997601177
1995	03	08	0.00442296744114	0.0	2.1147163283441173
1995	03	09	0.00148087003751	0.0	2.9251471320419884
1995	03	10	5.349086772060001	0.0	2.1377172862594023
1995	03	11	0.860400021407	0.0	2.0021957259327823
1995	03	12	0.045876757894999995	0.0	2.931074930428427
1995	03	13	0.1233630961194	0.0	3.1494735336832473
1995	03	14	0.0177764150005	0.0	2.847604544008548
1995	03	15	0.0	0.0	2.9895714037167727
1995	03	16	0.0	0.0	2.5905170129472936
1995	03	17	0.028536622013599997	0.0	2.599710619434805
1995	03	18	0.00041215205336499997	0.0	3.1275235507818113
1995	03	19	0.00042079851729600004	0.0	3.2584393979226727
1995	03	20	0.0024930870900000002	0.0	3.511039926237283
1995	03	21	0.000420798604335	0.0	3.6936491542481202
1995	03	22	0.000824304048704	0.0	3.111908929848071
1995	03	23	0.0012451022758700001	0.0	3.2350558297932777
1995	03	24	0.0	0.0	3.967898342135276
1995	03	25	0.000824304048704	0.0	4.002860146299444
1995	03	26	0.0	0.0	4.094921714328836
1995	03	27	0.00164860772991	0.0	4.3074740262265525
1995	03	28	0.000824304048704	0.0	4.406370398920212
1995	03	29	0.0	0.0	4.553224998684387
1995	03	30	0.00042079857532199995	0.0	3.9231343174704993
1995	03	31	0.0012268017458599999	0.0	3.430200619269909
1995	04	01	0.00166590112198	0.0	3.7558925767795728
1995	04	02	0.000420798604335	0.0	3.6757813213261663
1995	04	03	1.70089844007	0.0	3.706848422910691
1995	04	04	0.089265302884	0.0	3.9535127440077042
1995	04	05	0.324272421032	0.0	4.610856295500509
1995	04	06	0.00285403801642	0.0	4.707268370945966
1995	04	07	0.0008300686029899999	0.0	4.732057910253685
1995	04	08	0.00166315155997	0.0	5.003193438714917
1995	04	09	0.025935806753299998	0.0	5.167097629302984
1995	04	10	0.0016543725162999998	0.0	5.018756860667323
1995	04	11	0.006325678761849999	0.0	3.749752684771007
1995	04	12	5.2794782022	0.0	4.177089017600166
1995	04	13	1.0041128512	0.0	4.507986239456517
1995	04	14	1.4352094748200002	0.0	4.044797772523304
1995	04	15	0.00471776495587	0.0	4.012745877648611
1995	04	16	0.000824304048704	0.0	4.617604353056105
1995	04	17	0.00124280754099	0.0	4.878964442152461
1995	04	18	0.403351182248	0.0	4.762163575735556
1995	04	19	0.00176672700287	0.0	3.7073790010408088
1995	04	20	0.00249596924142	0.0	3.1866512050214335
1995	04	21	0.57744873701	0.0	2.554369354342329
1995	04	22	0.5674184593599999	0.0	2.8648279891721486
1995	04	23	0.94095309756	0.0	2.7355241073959524
1995	04	24	0.13078619402400002	0.0	3.242004785119215
1995	04	25	0.167301656023	0.0	3.284963577394226
1995	04	26	1.1770536383099999	0.0	3.2926864182136155
1995	04	27	17.377436928399998	0.0	3.0694553210313416
1995	04	28	1.8561166361299999	0.0	3.019695362131169
1995	04	29	0.0036064435571999997	0.0	4.609709952117838
1995	04	30	0.000559443230526	0.0	5.0654141232349845
1995	05	01	0.015070435351999999	0.0	5.125950239150418
1995	05	02	0.00014397436264599998	0.0	5.274020577162961
1995	05	03	0.00622767400837	0.0	4.486392743404196
1995	05	04	0.0542787640906	0.0	5.449693258742975
1995	05	05	1.03015076147	0.0	2.6552311970477898
1995	05	06	12.4796373135	0.0	3.5112906842116645
1995	05	07	0.0805258464854	0.0	4.449599036475462
1995	05	08	0.255927222257	0.0	4.54597328490588
1995	05	09	0.7010923753	0.0	3.8651060933825065
1995	05	10	0.059302339896	0.0	4.0436127096131464
1995	05	11	0.83009703573	0.0	3.3225761576511745
1995	05	12	0.5398528792459999	0.0	3.6743045625721917
1995	05	13	0.0008300686029899999	0.0	5.104754457652844
1995	05	14	0.00166590112198	0.0	5.671997902096569
1995	05	15	0.008261315388899999	0.0	4.66509897967677
1995	05	16	0.08399786701100001	0.0	4.167880785563366
1995	05	17	0.094530514427	0.0	4.927637997055358
1995	05	18	0.00417726717566	0.0	5.022797331769737
1995	05	19	0.0052863968356	0.0	5.22658732672013
1995	05	20	0.0	0.0	6.307877971500757
1995	05	21	0.00165437261301	0.0	5.952943899993747
1995	05	22	0.00166340310268	0.0	5.346443618725366
1995	05	23	0.0016790538754	0.0	5.470502183095486
1995	05	24	0.471458774224	0.0	4.313488764571841
1995	05	25	0.00375471729829	0.0	4.606543192670269
1995	05	26	0.00042079855598	0.0	5.210505558725593
1995	05	27	0.0	0.0	5.826917903570325
1995	05	28	0.00041215205336499997	0.0	6.028852638559642
1995	05	29	0.00041215205336499997	0.0	5.816210654356152
1995	05	30	0.0	0.0	6.343716243754123
1995	05	31	0.0008243041067299999	0.0	6.522900416992648
1995	06	01	0.0008300686029899999	0.0	6.163040912300289
1995	06	02	0.0012451022758700001	0.0	6.146077074454393
1995	06	03	0.00165437261301	0.0	6.309851098074521
1995	06	04	0.000824304048704	0.0	6.537037922086249
1995	06	05	0.00021973798243	0.0	7.212678934221152
1995	06	06	5.0720632981	0.0	5.232694005700059
1995	06	07	1.94752924917	0.0	4.9442231904382385
1995	06	08	0.67627233406	0.0	4.8576324879577895
1995	06	09	0.0348151502985	0.0	5.012214152166785
1995	06	10	0.000869927958304	0.0	5.181416403268301
1995	06	11	0.000824304048704	0.0	5.353754303349921
1995	06	12	0.00166013633559	0.0	4.729260307457616
1995	06	13	0.0007903131529	0.0	4.342240924366471
1995	06	14	0.00084003021654	0.0	5.491542221592525
1995	06	15	0.000826910122087	0.0	5.558015078691111
1995	06	16	0.0016664333171099999	0.0	5.640081402227913
1995	06	17	0.0038982502184699993	0.0	5.3776567837463976
1995	06	18	0.00165318346685	0.0	6.277929659312991
1995	06	19	8.7973344323e-05	0.0	6.213796759016513
1995	06	20	0.0004912552725399999	0.0	5.915104951955223
1995	06	21	0.00251920372221	0.0	7.035096990342189
1995	06	22	0.00164164335268	0.0	6.2497941315857855
1995	06	23	0.0128501449287	0.0	4.838321729106634
1995	06	24	1.01910609263	0.0	4.360347183046002
1995	06	25	0.085899204953	0.0	5.442813740422616
1995	06	26	7.54565887444	0.0	1.8924059375313242
1995	06	27	1.2714400838500002	0.0	4.281521925794771
1995	06	28	0.0109966861735	0.0	4.735477629595799
1995	06	29	0.0008243041067299999	0.0	5.2213295659021455
1995	06	30	0.0007090373242330001	0.0	5.029312920550056
1995	07	01	0.101920647761	0.0	4.446343532239358
1995	07	02	1.4096580158499998	0.0	4.262703366970523
1995	07	03	0.566941243865	0.0	4.173755594354367
1995	07	04	0.0054968271575	0.0	4.879020102111167
1995	07	05	0.00166952146083	0.0	6.1008759531552545
1995	07	06	0.000415034204785	0.0	6.6532454985714065
1995	07	07	0.00200834426886	0.0	6.166855035769015
1995	07	08	0.79280740051	0.0	5.451078437435707
1995	07	09	0.10302702950300001	0.0	5.255762761552978
1995	07	10	0.152583312768	0.0	4.794018763368045
1995	07	11	0.00287043316601	0.0	5.4559492853978275
1995	07	12	0.0443845051872	0.0	5.100466974723487
1995	07	13	0.025117635317799997	0.0	4.781382371484756
1995	07	14	0.00083007092403	0.0	5.389837492500485
1995	07	15	0.00123751353888	0.0	6.43639417820647
1995	07	16	0.0012516781690299998	0.0	6.912293180967097
1995	07	17	0.0	0.0	7.143512385920765
1995	07	18	0.00042079857532199995	0.0	8.058762835840797
1995	07	19	0.0	0.0	7.594394341306714
1995	07	20	0.00123933748948	0.0	7.349102157876774
1995	07	21	0.0014514988236700001	0.0	7.255757577600775
1995	07	22	0.0008398711769450001	0.0	7.970029581531153
1995	07	23	0.032195155510999995	0.0	9.0687737084908
1995	07	24	0.021629377183200002	0.0	6.83918237489114
1995	07	25	0.18935924381	0.0	4.291851454389189
1995	07	26	0.012022049113	0.0	5.363899469593238
1995	07	27	0.00125663088155	0.0	7.393245001127082
1995	07	28	0.0012451022758700001	0.0	7.45543259824627
1995	07	29	0.00046955302630599996	0.0	6.3857300864386275
1995	07	30	0.00047065449517999996	0.0	6.066767505690555
1995	07	31	0.011161318991349999	0.0	5.748949257923096
1995	08	01	0.00512988524	0.0	5.756958302721284
1995	08	02	0.00089977697757	0.0	5.4748716744166925
1995	08	03	0.00042079855598	0.0	5.321454131704024
1995	08	04	0.0176589713436	0.0	5.028749243725848
1995	08	05	0.00166931991719	0.0	5.5295956706459535
1995	08	06	0.0008819306944299999	0.0	5.617778509459475
1995	08	07	0.00042079855598	0.0	5.329969908609571
1995	08	08	0.00218020055003	0.0	5.752765823202765
1995	08	09	0.0	0.0	5.942784312320826
1995	08	10	0.0414972909987	0.0	5.5708877947425774
1995	08	11	0.00123933758619	0.0	6.353405855385351
1995	08	12	0.00123933758619	0.0	7.141435472250729
1995	08	13	0.0037468355299999996	0.0	7.241785663391593
1995	08	14	0.0	0.0	6.453869185560059
1995	08	15	0.00042690337473	0.0	5.817386938620908
1995	08	16	0.014127096031899999	0.0	5.671337249667964
1995	08	17	0.018289393853499997	0.0	4.872409809745682
1995	08	18	0.000610888405156	0.0	4.512382745446709
1995	08	19	0.002830730713	0.0	5.409066759125808
1995	08	20	0.00143493230396	0.0	4.634200170277848
1995	08	21	0.022095501975399997	0.0	4.719163538491012
1995	08	22	0.0024861297725999997	0.0	5.370957205216443
1995	08	23	4.5158367001999995e-05	0.0	5.672037095102847
1995	08	24	0.00123933758619	0.0	5.651284456151343
1995	08	25	0.0	0.0	5.9404364048276905
1995	08	26	0.0008300686029899999	0.0	5.944891829055742
1995	08	27	0.00042079855598	0.0	6.353555332205598
1995	08	28	0.0	0.0	6.115658953721026
1995	08	29	0.000426562994214	0.0	5.154657013783108
1995	08	30	0.0	0.0	5.188514701495209
1995	08	31	0.00335363646066	0.0	4.828963433652791
1995	09	01	0.29112369525	0.0	5.325567075447184
1995	09	02	0.0022846596322	0.0	3.9884168057035247
1995	09	03	0.0054704533734	0.0	4.420750705623929
1995	09	04	0.0285865620905	0.0	3.616075245985377
1995	09	05	2.97445656963	0.0	2.655493104053013
1995	09	06	1.04555289278	0.0	3.192900911491117
1995	09	07	0.9827038103439999	0.0	3.1901998086566277
1995	09	08	0.0216440867742	0.0	3.806582709479684
1995	09	09	0.0	0.0	4.2385570888408965
1995	09	10	1.4114151398399999	0.0	3.5045258764797196
1995	09	11	0.00262460514662	0.0	3.452305758634935
1995	09	12	0.00083507431259	0.0	3.4825268000999867
1995	09	13	0.0	0.0	3.7676182534692475
1995	09	14	0.00081746777354	0.0	3.7247535525484143
1995	09	15	0.0018263812124300002	0.0	3.5775982566186624
1995	09	16	0.000841597140973	0.0	3.5729079719982706
1995	09	17	0.37888763341000004	0.0	3.0609252887785514
1995	09	18	0.12221061852299998	0.0	3.02211797227257
1995	09	19	0.13334892198499998	0.0	2.876311765343858
1995	09	20	0.0185839338295	0.0	3.234861283871125
1995	09	21	0.00084898536912	0.0	3.815978822029216
1995	09	22	0.0016601364323	0.0	3.9344950606579476
1995	09	23	0.000824304164756	0.0	3.8637910098342987
1995	09	24	0.0	0.0	3.9807163280268183
1995	09	25	0.00083583280912	0.0	3.876944644110077
1995	09	26	0.00042079855598	0.0	3.285006719957923
1995	09	27	0.0008196320466299999	0.0	4.06375731629714
1995	09	28	0.00042656295552999997	0.0	4.135839419499214
1995	09	29	0.00084159720867	0.0	4.105283308645549
1995	09	30	0.00042079857532199995	0.0	4.011033295178175
1995	10	01	0.00614618384133	0.0	3.79340005991567
1995	10	02	0.00167247720856	0.0	3.5889519732767603
1995	10	03	0.0015611431092	0.0	3.015070917741227
1995	10	04	0.030586903993700003	0.0	3.0431527865995123
1995	10	05	0.0012889701252900001	0.0	2.8257516559129647
1995	10	06	0.00042079855598	0.0	3.4405311030261267
1995	10	07	0.00083583280912	0.0	3.6208236620537515
1995	10	08	0.000429929991548	0.0	3.3109354310308245
1995	10	09	0.34540167985799997	0.0	2.649760520990837
1995	10	10	0.624191155786	0.0	2.13500612080465
1995	10	11	0.185229475364	0.0	2.7685022904568664
1995	10	12	0.0	0.0	3.0381724442868747
1995	10	13	0.0207749182215	0.0	2.837218846083336
1995	10	14	0.5917962457700001	0.0	2.4741133090285867
1995	10	15	0.0	0.0	2.815842148095941
1995	10	16	0.0	0.0	2.954733887367714
1995	10	17	0.0	0.0	3.269781644209546
1995	10	18	0.0	0.0	3.1891123252717217
1995	10	19	0.00042079857532199995	0.0	3.335328942513068
1995	10	20	0.0097307077869	0.0	2.6742641286221853
1995	10	21	0.000481428975622	0.0	2.6308536062151933
1995	10	22	0.0	0.0	2.7305906061740104
1995	10	23	0.0302520726975	0.0	2.3533292536051524
1995	10	24	9.8568340676	0.0	2.109618654772092
1995	10	25	4.268344205	0.0	2.0069597039675022
1995	10	26	0.459683751464	0.0	2.284695316697661
1995	10	27	0.18238020534399998	0.0	2.2458473862341903
1995	10	28	0.0040804473131	0.0	2.01104636677749
1995	10	29	0.026485851648000002	0.0	1.93845880622283
1995	10	30	1.41296540114	0.0	2.646049040482518
1995	10	31	1.5085501802899999	0.0	2.2433313109566853
1995	11	01	3.58670282187	0.0	1.738630438967536
1995	11	02	0.205234432085	0.0	1.8693582285994403
1995	11	03	0.0412508710174	0.0	1.82785366965232
1995	11	04	0.0926069380205	0.0	1.9858287384046562
1995	11	05	0.0016645131400600001	0.0	2.2709563137054896
1995	11	06	0.11265666663599999	0.0	1.902033998197047
1995	11	07	0.00016971099225299998	0.0	1.6925324745309014
1995	11	08	0.0213955469097	0.0	2.0130916285170284
1995	11	09	0.6189233040600001	0.0	1.7519770906840624
1995	11	10	11.6442495638	0.0	1.1918919397116488
1995	11	11	8.3643038021	0.0	1.0163208910921995
1995	11	12	1.45893601609	0.0	1.071077398003784
1995	11	13	0.260410272333	0.0	1.6010649980469116
1995	11	14	2.6367372227	0.0	1.588264590807788
1995	11	15	1.99152456237	0.0	0.9378111262907448
1995	11	16	24.6759965305	0.0	0.7266827265525225
1995	11	17	4.01771965974	0.0	0.9338008952342542
1995	11	18	0.00225009596175	0.0	1.8481762493549392
1995	11	19	0.0	0.0	1.918431445580757
1995	11	20	0.0016876058439899999	0.0	1.7642441311110049
1995	11	21	0.260248389464	0.0	1.2111304349466332
1995	11	22	0.00278028522964	0.0	1.3093963166462677
1995	11	23	0.0	0.0	1.5297672814663956
1995	11	24	0.923571641364	0.0	1.4625492753515277
1995	11	25	5.302551274	0.0	1.049029048128021
1995	11	26	0.015428885164399999	0.0	1.062443208368157
1995	11	27	1.5005421087400002	0.0	1.181807950854583
1995	11	28	1.2363248762699999	0.0	1.1679832634340124
1995	11	29	10.828859507899999	0.0	0.6610413319434455
1995	11	30	0.43275696991300006	0.0	1.1216839668729914
1995	12	01	0.0	0.0	1.282438060318772
1995	12	02	0.0	0.0	1.3895242642620973
1995	12	03	0.000824304048704	0.0	1.4235651732003294
1995	12	04	0.0110705436005	0.0	0.9986899048665838
1995	12	05	0.000908520963865	0.0	1.0245190346011712
1995	12	06	9.364591772799999	0.0	1.0013645535296005
1995	12	07	0.33568834022	0.0	0.9985654570064924
1995	12	08	6.39696747454	0.0	1.1263248772567667
1995	12	09	0.37244258888	0.33576201967638114	0.9655554770210997
1995	12	10	10.7411474063	2.937917672168335	0.9047234753794401
1995	12	11	1.8461126636	8.142228977152241	0.8026010428570864
1995	12	12	2.6856447269299997	7.202095322058375	0.7693350473111404
1995	12	13	0.73088398751	2.568579450524316	0.9360693022470828
1995	12	14	0.34779101645999994	1.0744384629644197	1.0084370337860038
1995	12	15	0.0141238194971	0.4532787265631145	0.9552632643658816
1995	12	16	0.359480383173	0.2686096157411049	1.09358243149596
1995	12	17	0.42879997388200003	0.7722526452556766	1.2726609789403442
1995	12	18	1.6295528619	0.7554645442718576	1.0473416942670322
1995	12	19	17.2147233205	2.3167579357670296	0.6349009247221825
1995	12	20	0.067073829773	1.8299030072362772	0.9925317667045805
1995	12	21	0.08477921611400001	0.9569217560776861	1.0550006956289442
1995	12	22	5.9047218915999995	2.031360219042106	0.8402788014800482
1995	12	23	2.59501943	3.0386462780712495	0.730218706661456
1995	12	24	1.596043814	4.045932337100393	0.7565240953853076
1995	12	25	11.087363403700001	32.19957768696495	0.7149975517578256
1995	12	26	0.8165525101000001	72.89393447174234	1.1227921730388317
1995	12	27	5.87856319054	68.008597085451	1.2128409149266315
1995	12	28	0.5797709375299999	40.99654260248614	1.0053717208032418
1995	12	29	16.1258751015	38.15935353622071	1.0913166226794007
1995	12	30	8.3572304327	5.053218396129536	0.8061585686461756
1995	12	31	5.534820067839999	4.129872842019488	1.0116753090081456
1996	01	01	2.92731914853	1.9809959160906487	1.1473284279559335
1996	01	02	7.832995792929999	1.2423194728026101	1.3067294064558215
1996	01	03	1.3984085152299999	8.20938138108752	1.191171574033513
1996	01	04	3.86685960312	1.762750603301001	0.9863369693354038
1996	01	05	10.2732828012	8.763388713553548	0.8486754730662901
1996	01	06	7.09322135183	1.77953870428482	0.9125726452919369
1996	01	07	0.090801899061	2.652519955443411	0.9933369316898091
1996	01	08	11.888551596100001	4.247389548906221	1.1957133965809243
1996	01	09	2.4848493322	7.688950250589128	0.9076450978537524
1996	01	10	4.3539040255499994	4.3984824577605925	1.0627223557259906
1996	01	11	6.283757394599999	9.065574531262293	1.0579266329272168
1996	01	12	5.05640536884	8.914481622407918	0.841768054227067
1996	01	13	0.21223641016299996	1.9306316131391912	1.1910816323688986
1996	01	14	22.4877364592	12.27210181917173	0.7667251698904876
1996	01	15	2.7220383439999996	4.1802371449709455	1.030605507835752
1996	01	16	0.0012431857737999997	1.5948695934628103	1.3604896608344705
1996	01	17	0.00761535777144	0.9904979580453244	1.331595186409753
1996	01	18	1.8696012982699999	0.7554645442718576	1.355136757222075
1996	01	19	0.58557286056	0.6211597364013051	1.0462206945608556
1996	01	20	20.390858634	1.8970554111715532	1.0720885993397746
1996	01	21	6.846567429039999	9.669946166679777	0.9163742539581625
1996	01	22	5.3716089837	10.811537033579473	1.0828974010750276
1996	01	23	5.07295370707	15.293959996259161	0.9868425730311029
1996	01	24	0.448595476085	6.178021162045413	1.201295106583403
1996	01	25	1.05938222936	1.9642078151068296	1.2941399392494932
1996	01	26	6.036054555149999	2.2496055318317536	1.1820832596755089
1996	01	27	23.189506771599998	0.906557453126229	0.8946841364503146
1996	01	28	11.9482245674	18.030420456621666	0.9148615026405872
1996	01	29	2.3878259917999998	5.35540421383828	1.129829735755425
1996	01	30	3.8479516376	2.652519955443411	1.2337443910220527
1996	01	31	14.974882970699998	3.844475125294564	0.9279780446463298
1996	02	01	8.135574014	7.47070493779948	0.9918702818826935
1996	02	02	0.513843595136	1.8634792092039156	1.2264442597182925
1996	02	03	0.0052431166928499995	1.0240741600129626	1.4099893997872348
1996	02	04	0.023971995118399998	0.4700668275469337	1.2819877383298288
1996	02	05	0.79787287689	0.4700668275469337	1.4199183021825403
1996	02	06	1.56601700307	0.8561931501747719	1.2415388327755883
1996	02	07	0.52564631564	0.6043716354174861	1.2758829845089197
1996	02	08	0.000841597140973	0.9233455541100483	1.4678625426274723
1996	02	09	0.004375292409150001	0.2686096157411049	1.5969127792578863
1996	02	10	0.00366119437634	0.36933822164401925	1.3817952576628025
1996	02	11	0.0	0.3189739186925621	1.5000453952094417
1996	02	12	0.41254671720399994	0.2686096157411049	1.697156124744
1996	02	13	7.30461819347	0.3861263226278383	1.1816489407966964
1996	02	14	3.9482709515099996	1.3262599777217055	1.4672947469390516
1996	02	15	3.25222838557	0.7554645442718576	1.3197458910348452
1996	02	16	0.038123744463499996	0.4700668275469337	1.6496324017007868
1996	02	17	0.0008300686029899999	0.28539771672492403	2.027258578290072
1996	02	18	0.0	0.23503341377346684	2.145640433842472
1996	02	19	0.23773619698	0.20145721180582868	1.3274047006183287
1996	02	20	0.0017917345647999999	0.16788100983819057	1.3381685108066612
1996	02	21	0.027682724936999997	0.15109290885437152	1.550619587497236
1996	02	22	0.00123933758619	0.11751670688673342	1.5587140939939719
1996	02	23	0.0016731673311199998	0.10072860590291434	1.8501660281124674
1996	02	24	0.00125020750006	0.10072860590291434	2.019447608860082
1996	02	25	4.0831426207999995	0.10072860590291434	1.9375938039901752
1996	02	26	0.720032100384	0.20145721180582868	1.4872204360325738
1996	02	27	0.70770047289	0.20145721180582868	1.7507599648682273
1996	02	28	1.39899351402	0.20145721180582868	1.6629294623996043
1996	02	29	6.75594812813	0.33576201967638114	1.6952610172601734
1996	03	01	2.2504736143	3.508713105618183	1.7963136810451719
1996	03	02	0.0	0.9401336550938674	2.3587432075070836
1996	03	03	0.00710079084353	0.4197025245954764	2.3334262215021906
1996	03	04	0.0008243041067299999	0.28539771672492403	2.1380039914030986
1996	03	05	0.23111330275999997	0.21824531278964773	1.9939111348453873
1996	03	06	2.9894057113	0.18466911082200962	1.9787384698863995
1996	03	07	2.12136953599	0.16788100983819057	1.890774130198957
1996	03	08	3.71671684457	0.16788100983819057	1.4269784729156025
1996	03	09	13.4891291749	0.0	1.4330741727354703
1996	03	10	5.6754524617	15.058926582485695	1.5173839407930998
1996	03	11	0.0	2.988281975119792	2.77501788800446
1996	03	12	0.8107288273200001	0.8729812511585909	2.5395891205347967
1996	03	13	9.2593761283	0.5707954334498481	1.6432910928317863
1996	03	14	0.50320272923	0.5204311304983907	1.7610719441179583
1996	03	15	0.256499697102	0.4700668275469337	1.9501337014481155
1996	03	16	0.00249357953732	0.43649062557929547	2.4301392893973497
1996	03	17	0.00125663078484	0.30218581770874303	2.60147968129059
1996	03	18	1.38046068659	0.21824531278964773	2.672842054755445
1996	03	19	2.08053596282	0.16788100983819057	1.9265800178887638
1996	03	20	0.0206713640548	0.15109290885437152	2.5286162382770483
1996	03	21	0.000841597140973	0.23503341377346684	3.059900918163308
1996	03	22	0.0016601364323	0.11751670688673342	3.2072080157076033
1996	03	23	0.086725727297	0.10072860590291434	2.921555575285899
1996	03	24	5.2082048664	0.10072860590291434	2.1824342250059376
1996	03	25	3.7228166344	0.23503341377346684	2.4498617517448347
1996	03	26	1.8397889901199997	1.0408622609967815	2.5930451025213443
1996	03	27	0.053676873932000005	0.43649062557929547	2.4717787024623123
1996	03	28	0.0	0.25182151475728587	3.603350073612313
1996	03	29	0.14763630613800002	0.16788100983819057	3.533734409919066
1996	03	30	1.91601126675	0.11751670688673342	2.347364627572943
1996	03	31	0.424874350575	0.10072860590291434	2.4810440092331567
1996	04	01	1.92726995482	0.08394050491909529	1.6921780896177248
1996	04	02	0.07172532932699999	0.08394050491909529	2.38459470828599
1996	04	03	0.00042079851729600004	0.08394050491909529	3.463440759296663
1996	04	04	0.0008243041067299999	0.06715240393527623	3.72616956793745
1996	04	05	0.527504820723	0.06715240393527623	2.705060438785536
1996	04	06	0.818369062385	0.13430480787055246	2.4977302512401938
1996	04	07	0.401639212157	0.033576201967638115	2.6741626158318352
1996	04	08	0.0	0.033576201967638115	3.8262676283981176
1996	04	09	0.0016626334845	0.033576201967638115	4.004532242058609
1996	04	10	0.00042079855598	0.033576201967638115	4.072812855031988
1996	04	11	0.015917324822	0.033576201967638115	3.902299751272645
1996	04	12	0.006589123087999999	0.033576201967638115	3.44700629363949
1996	04	13	0.00287404054572	0.016788100983819058	3.8262742565101124
1996	04	14	0.0021201376440099996	0.016788100983819058	4.408724312956614
1996	04	15	0.000299314577713	0.016788100983819058	4.960792930812898
1996	04	16	0.00266530322908	0.016788100983819058	3.578625921566272
1996	04	17	0.00042079855598	0.016788100983819058	3.5384232149081134
1996	04	18	0.00042079851729600004	0.0	4.600303639320644
1996	04	19	0.0102739433305	0.0	4.059799094445648
1996	04	20	0.38053971099800005	0.0	3.275963268991625
1996	04	21	19.370869869199996	0.0	2.7642505894673506
1996	04	22	4.219652364069999	0.0	2.5015039642260133
1996	04	23	0.36975478587599997	0.0	3.2825736987461216
1996	04	24	0.0	0.0	4.035498967824734
1996	04	25	0.00023160153352399997	0.0	4.3760616250708875
1996	04	26	0.065656293277	0.0	4.356250829306709
1996	04	27	3.97195194237	0.0	3.8270495347137596
1996	04	28	2.6774463300999995	0.0	3.0520211908417187
1996	04	29	0.383446291364	0.0	3.462730385366113
1996	04	30	0.6019874005049999	0.0	2.9463309234570882
1996	05	01	2.6067464846	0.016788100983819058	3.3596155312212677
1996	05	02	4.83642416076	0.05036430295145717	2.683739587900265
1996	05	03	8.0702086921	0.11751670688673342	3.2697132227903594
1996	05	04	0.74319139882	0.18466911082200962	4.176518237939034
1996	05	05	12.0901387556	0.08394050491909529	2.815876982959494
1996	05	06	12.552436733099999	0.30218581770874303	2.4832918060830385
1996	05	07	3.699689405	0.4197025245954764	3.0154227977706998
1996	05	08	0.0815846971966	0.25182151475728587	3.8072860950123077
1996	05	09	0.6627937646500001	0.11751670688673342	3.7024787119130593
1996	05	10	0.41847142325	2.568579450524316	2.5867334919136056
1996	05	11	0.68076635105	0.033576201967638115	2.6776457700627234
1996	05	12	0.0016605725943999998	0.033576201967638115	3.874744241690707
1996	05	13	0.00042656295552999997	0.033576201967638115	4.895743611747427
1996	05	14	0.57700077629	0.033576201967638115	3.961621088981129
1996	05	15	8.337413586599999	0.016788100983819058	3.313462531384314
1996	05	16	3.43520670358	0.016788100983819058	3.5462853747031295
1996	05	17	7.54928646654	0.016788100983819058	2.9043241222724725
1996	05	18	4.916884366300001	0.06715240393527623	3.0569129203718814
1996	05	19	0.353760412197	0.06715240393527623	3.301678418111361
1996	05	20	0.44896369941	0.05036430295145717	3.5516542554952197
1996	05	21	0.0	0.033576201967638115	4.524076413842308
1996	05	22	0.00084159720867	0.033576201967638115	5.40431614869218
1996	05	23	0.00084144343977	0.0	5.7463191002355485
1996	05	24	0.00041215205336499997	0.0	5.224277386086202
1996	05	25	0.000824304048704	0.0	5.623218199264818
1996	05	26	0.00166039667891	0.0	5.767225494224346
1996	05	27	0.00042079855598	0.0	6.448958414308274
1996	05	28	0.00332203801552	0.0	6.838657411193351
1996	05	29	0.0012335737669	0.0	6.357144777786301
1996	05	30	0.00025274423504	0.0	5.935327749502631
1996	05	31	0.00147494983815	0.0	5.161143690784487
1996	06	01	0.0	0.0	4.896089511008183
1996	06	02	0.000445808970855	0.0	4.194010114247598
1996	06	03	0.0018813662631900002	0.0	5.78376897028913
1996	06	04	0.0020659306252	0.0	6.2150318412157075
1996	06	05	0.000841622508006	0.0	5.848200971524313
1996	06	06	0.000426562994214	0.0	5.09618993443569
1996	06	07	0.0596904980533	0.0	4.958079719348621
1996	06	08	0.000827186287163	0.0	5.552263820493538
1996	06	09	0.0	0.0	5.8746483526528
1996	06	10	0.000827186287163	0.0	6.302349423984959
1996	06	11	0.0020809351817000004	0.0	7.166667342021364
1996	06	12	0.0	0.0	7.0551940742460255
1996	06	13	0.0008300686029899999	0.0	6.830953797030986
1996	06	14	0.000830568071456	0.0	6.899706021623037
1996	06	15	0.35622217491799996	0.0	6.300442385742906
1996	06	16	0.0	0.0	6.415286717127725
1996	06	17	0.245331084726	0.0	6.392931820830289
1996	06	18	0.547212200774	0.0	5.542354471318448
1996	06	19	0.0	0.0	5.813872073305125
1996	06	20	0.00083664488299	0.0	5.12647409654255
1996	06	21	0.030037268182299997	0.0	4.386438467641191
1996	06	22	0.000824304048704	0.0	5.79992927986813
1996	06	23	0.00250452237053	0.0	6.600700289944801
1996	06	24	0.0012412788460199999	0.0	6.270345910391883
1996	06	25	0.0	0.0	6.768838965732292
1996	06	26	0.0008243041067299999	0.0	6.358994921482491
1996	06	27	0.0012451022758700001	0.0	6.9688374007348886
1996	06	28	0.0020560619499599996	0.0	7.276342372163385
1996	06	29	0.000824304164756	0.0	7.136785987708948
1996	06	30	0.0	0.0	7.589386596155722
1996	07	01	0.0024646814288	0.0	6.336498399081779
1996	07	02	0.000837168732047	0.0	5.498867151807362
1996	07	03	0.0007201781905100001	0.0	5.284251345493384
1996	07	04	0.0012391150564800002	0.0	5.577494404919441
1996	07	05	0.18405300788499998	0.0	4.514049445554461
1996	07	06	0.0008300686029899999	0.0	4.517300681797767
1996	07	07	0.430513675082	0.0	4.682851782246911
1996	07	08	0.0008300686029899999	0.0	6.7832803943423
1996	07	09	0.0008394275585039999	0.0	7.222618868594386
1996	07	10	0.00123933758619	0.0	6.540202573363004
1996	07	11	0.0020803642058600004	0.0	6.744124510947837
1996	07	12	0.000426562994214	0.0	6.867847764894507
1996	07	13	0.00082296651072	0.0	6.78042598457592
1996	07	14	0.0	0.0	6.294044392405519
1996	07	15	0.00208093537512	0.0	6.824490793641604
1996	07	16	0.066952207277	0.0	6.4883948551938
1996	07	17	0.24208255714199997	0.0	6.472814630773351
1996	07	18	0.0	0.0	6.911781979887189
1996	07	19	0.0025268901363	0.0	7.129422609149175
1996	07	20	0.000828392483296	0.0	6.890937145853038
1996	07	21	0.00167948858685	0.0	6.7990844584528
1996	07	22	0.00016968787856299998	0.0	6.980403625447474
1996	07	23	0.029017003793999997	0.0	6.077091870978018
1996	07	24	0.00312302866107	0.0	5.343191756528785
1996	07	25	0.0108990477575	0.0	4.915825210823209
1996	07	26	0.28769327549800006	0.0	4.347691032155562
1996	07	27	0.0012408144446	0.0	6.138223632873289
1996	07	28	0.0	0.0	6.0776822558602746
1996	07	29	0.0008301770148999999	0.0	6.691554820809368
1996	07	30	0.0008253086334999999	0.0	6.309062574968273
1996	07	31	0.00308059714857	0.0	5.958960576413578
1996	08	01	0.008900279326	0.0	5.400706419079819
1996	08	02	0.00606406003037	0.0	6.032771130237146
1996	08	03	0.0	0.0	5.847050114534007
1996	08	04	0.0047301131788	0.0	5.179366720174656
1996	08	05	0.00117498994362	0.0	5.078052669575425
1996	08	06	0.137946215584	0.0	4.745947380407973
1996	08	07	0.0037871633098699995	0.0	5.082528954837743
1996	08	08	0.0020780527401500003	0.0	5.552234718538375
1996	08	09	0.00042079855598	0.0	5.775881340631381
1996	08	10	0.008591652571399998	0.0	5.160022222149094
1996	08	11	0.0	0.0	5.374706127362781
1996	08	12	0.00042656295552999997	0.0	5.248813383893059
1996	08	13	0.00083696247863	0.0	5.294652625240211
1996	08	14	0.013424425349399999	0.0	4.969836499601434
1996	08	15	0.00185724756287	0.0	5.286794737364734
1996	08	16	0.0008300686029899999	0.0	5.199345583164316
1996	08	17	0.00084159720867	0.0	5.205195649763016
1996	08	18	0.00134237290374	0.0	4.472577196399796
1996	08	19	0.08679039727400001	0.0	4.36628060703853
1996	08	20	0.0016716640708799998	0.0	4.116527100464417
1996	08	21	0.0024752431279	0.0	4.294386309801274
1996	08	22	0.0	0.0	4.682944434360723
1996	08	23	0.239011753525	0.0	3.739258413879622
1996	08	24	0.00125948150551	0.0	4.326964560756428
1996	08	25	0.00041215205336499997	0.0	5.275115293374351
1996	08	26	0.0098433043386	0.0	4.658572682050847
1996	08	27	0.00357328643699	0.0	4.556455664382503
1996	08	28	0.00373594550045	0.0	4.753085629402043
1996	08	29	0.00165941603951	0.0	4.898840944049561
1996	08	30	0.00166301868043	0.0	5.243841279957481
1996	08	31	0.079193536644	0.0	4.461716150668177
1996	09	01	0.00042079851729600004	0.0	5.0143116838573265
1996	09	02	0.00208308059634	0.0	4.647033275747197
1996	09	03	0.035820590978	0.0	4.942172758623687
1996	09	04	1.5327170421899998	0.0	3.4304912955344715
1996	09	05	0.00482184996376	0.0	3.67287557035751
1996	09	06	0.00042079851729600004	0.0	4.417823652176012
1996	09	07	0.0012520157836399999	0.0	4.671140131194306
1996	09	08	0.31394251646	0.0	3.26218019839205
1996	09	09	0.63544524046	0.0	3.8471119267780587
1996	09	10	8.3355403139	0.0	2.7379282589100824
1996	09	11	4.63241045065	0.0	3.0208081151246144
1996	09	12	0.0006184866970939999	0.0	3.5001707681093346
1996	09	13	0.0070647157892	0.0	3.1098349749244076
1996	09	14	0.0385390549204	0.0	3.3599147388187167
1996	09	15	0.000497134824687	0.0	3.385436179586422
1996	09	16	5.59937583033	0.0	2.848106076186002
1996	09	17	0.674921933646	0.0	2.9471951247544768
1996	09	18	2.60017939205	0.0	2.6508824483834785
1996	09	19	0.022369148723000002	0.0	2.9832280693454423
1996	09	20	9.050256226899998	0.0	2.5071236881008243
1996	09	21	0.89813290757	0.0	2.6566542710505194
1996	09	22	0.0	0.0	2.8470316909630125
1996	09	23	0.100758619085	0.0	3.2288779758389063
1996	09	24	0.0879023446765	0.0	2.8398419219535005
1996	09	25	0.000650654677095	0.0	3.2527548564267788
1996	09	26	0.00042079855598	0.0	3.64446772383878
1996	09	27	0.00126849536106	0.0	4.118475071206829
1996	09	28	0.0008358328381330001	0.0	4.345970188866377
1996	09	29	0.000824304048704	0.0	4.226786656877533
1996	09	30	0.000830405395565	0.0	3.7570334819084494
1996	10	01	0.0224895700808	0.0	2.4507504275930696
1996	10	02	0.0	0.0	3.1531166038586353
1996	10	03	0.0008300686029899999	0.0	3.771531166753973
1996	10	04	0.0016659012186900002	0.0	3.6175411199179828
1996	10	05	0.0	0.0	3.308526848839148
1996	10	06	0.000420798604335	0.0	2.5885527628849765
1996	10	07	0.00042656295552999997	0.0	2.5126940634627823
1996	10	08	0.00166301877714	0.0	3.0723855595078047
1996	10	09	0.00124056715713	0.0	3.2306678724177376
1996	10	10	0.00125663078484	0.0	3.192003492817539
1996	10	11	0.00042079855598	0.0	2.973293792906479
1996	10	12	0.0	0.0	2.8999459202200355
1996	10	13	26.204280482999998	0.0	1.9212724437630813
1996	10	14	0.328540378397	0.0	1.7778400921937971
1996	10	15	0.0082123433791	0.0	2.2175378151999046
1996	10	16	1.09785008251	0.0	2.0001144685161405
1996	10	17	0.36486678201699996	0.0	2.040650717831296
1996	10	18	0.278621335922	0.0	2.0927281368730513
1996	10	19	0.0078492688945	0.0	2.3712129973255065
1996	10	20	0.0008300686029899999	0.0	2.8382746614191086
1996	10	21	0.00205761695005	0.0	2.912352106626887
1996	10	22	0.00336013353517	0.0	2.6510731359850452
1996	10	23	0.011065602686599998	0.0	2.9237013901931523
1996	10	24	0.0023703471099499997	0.0	2.7219429467694036
1996	10	25	0.0191319874653	0.0	2.3886251916541106
1996	10	26	0.0	0.0	2.6489184500108136
1996	10	27	0.00126379941359	0.0	2.458369485108119
1996	10	28	0.00041215205336499997	0.0	2.3505807593684906
1996	10	29	0.115278600459	0.0	2.0374763054431138
1996	10	30	0.000824304048704	0.0	2.387072610720305
1996	10	31	0.0	0.0	2.345557341061399
1996	11	01	0.000824304048704	0.0	2.4525773154855215
1996	11	02	0.0008300686029899999	0.0	2.604034831024086
1996	11	03	0.0	0.0	2.3461816337953567
1996	11	04	0.00265457199735	0.0	2.0517598242240878
1996	11	05	0.044042604390000004	0.0	1.5769668986635192
1996	11	06	0.0012427370394	0.0	2.199482834985681
1996	11	07	0.000827186287163	0.0	2.2093278852558416
1996	11	08	0.0	0.0	2.1655412671826277
1996	11	09	0.00083161818732	0.0	2.0430984442859987
1996	11	10	1.53468702489	0.0	1.8015036035039325
1996	11	11	18.7563136019	0.0	1.0490221990834898
1996	11	12	5.0683798076199995	0.0	1.196991802484251
1996	11	13	5.4979509277	0.0	1.1976301182653795
1996	11	14	3.08692062863	0.0	1.2449959620913063
1996	11	15	0.00115734104559	0.0	1.3617452640706358
1996	11	16	0.00044547985705399996	0.0	1.230793548953878
1996	11	17	0.0014424509262	0.0	1.3334866553408862
1996	11	18	0.039310651786999995	0.0	1.1808156465965958
1996	11	19	0.294759440003	0.0	1.5033794685040556
1996	11	20	1.47308488251	0.0	1.126546323902175
1996	11	21	0.101428113402	0.0	1.271253430503865
1996	11	22	0.05242297075599999	0.0	1.3413026317652892
1996	11	23	2.00083918602	0.0	1.2363691724008448
1996	11	24	0.106694794937	0.0	0.9937717005034533
1996	11	25	0.0088478654073	0.0	1.2006826924272316
1996	11	26	0.26364037666199996	0.0	1.3175160155771246
1996	11	27	0.021874097969800003	0.0	1.26096930180537
1996	11	28	0.010716841282	0.0	1.155663373221469
1996	11	29	0.0	0.0	1.4154518516700991
1996	11	30	0.00042079855598	0.0	1.5787605813620567
1996	12	01	0.011537027186799999	0.0	1.3234866703602486
1996	12	02	0.00123933758619	0.0	1.5679913466215474
1996	12	03	0.00937577966915	0.0	1.4102771269478154
1996	12	04	3.1278261540399996	0.0	0.9789418703087042
1996	12	05	0.102433239774	0.0	1.0271496678089345
1996	12	06	0.000172094922766	0.0	0.9082364266486864
1996	12	07	0.0015680060376399999	0.0	1.0254724385102416
1996	12	08	0.04708481085999999	0.0	1.250390342368593
1996	12	09	0.000420798604335	0.0	1.1897188851553715
1996	12	10	8.4227021356	0.0	1.2103311516117112
1996	12	11	12.5480025796	0.0	0.6592864300374514
1996	12	12	12.4782330843	0.0	0.8516282927689767
1996	12	13	7.244661184899999	0.0	0.9001512754608882
1996	12	14	2.96940144122	0.0	0.9663530645749758
1996	12	15	5.19324344256	0.0	1.0217516829792435
1996	12	16	6.3232373179	0.0	1.1228851199028098
1996	12	17	29.9261503265	0.0	0.8749196614634833
1996	12	18	9.8087866054	0.0	0.9619830712584038
1996	12	19	8.5317426606	0.0	1.0058166806705182
1996	12	20	14.216534407	0.0	0.708723554177237
1996	12	21	2.6209196252299995	0.0	0.9186982141548343
1996	12	22	2.1784017440300003	0.0	0.811778575579512
1996	12	23	5.69157430883	0.0	0.884173053160288
1996	12	24	6.0791586856999995	0.0	0.6837197679793815
1996	12	25	0.076332951554	0.0	1.0539039630024487
1996	12	26	0.025633116058499997	0.0	1.1057382018685338
1996	12	27	0.00283145091237	0.0	1.1517848653460117
1996	12	28	8.2351089131	0.0	0.7752756347813203
1996	12	29	6.03738712224	0.0	0.8085580845007508
1996	12	30	8.005156710600001	0.0	0.7850319543189307
1996	12	31	1.3737321850500002	0.0	0.9648780993710064
1997	01	01	0.085237940657	1.9809959160906487	1.1185659811069812
1997	01	02	5.6729534753	6.345902171883604	0.9747758380425459
1997	01	03	2.9634893655	7.403552533864204	0.8530724542981845
1997	01	04	9.7159401699	3.542289307585821	0.9176712641571998
1997	01	05	5.246991379	14.185945331327101	0.8490909834575717
1997	01	06	1.4784344928700002	1.9138435121553723	0.9501883779473925
1997	01	07	19.4738785915	1.3262599777217055	1.159553335602438
1997	01	08	1.5199386531799999	9.015210228310833	0.9821029724663632
1997	01	09	1.6231520138400002	3.3240439947961735	1.0315867404077088
1997	01	10	0.414941440553	1.5780814924789914	1.025843343612693
1997	01	11	0.024561806197999997	1.1583789678835148	1.1842597888904909
1997	01	12	0.00042079855598	0.7890407462394957	1.2729490965757653
1997	01	13	0.00042079851729600004	0.4700668275469337	1.1565023591859154
1997	01	14	0.239217194578	0.36933822164401925	1.1919055696204977
1997	01	15	1.15746183638	0.3189739186925621	1.0293985712797544
1997	01	16	7.3772863776	0.06715240393527623	1.1682685373227601
1997	01	17	0.27801952893399995	0.4700668275469337	1.2380679889852972
1997	01	18	10.762059976699998	10.542927417838367	1.0150910006873797
1997	01	19	21.6832639952	11.39912056801314	0.750643842971092
1997	01	20	0.12263583305099998	3.223315388893259	1.1303818709974298
1997	01	21	0.804824053205	1.2926837757540675	1.2336871786360342
1997	01	22	0.010127344509899999	0.8729812511585909	1.2915056932703646
1997	01	23	0.52315545288	0.5204311304983907	1.3668747898525524
1997	01	24	0.0008326540771429999	0.43649062557929547	1.4541594597350502
1997	01	25	0.00387019339024	0.3525501206602002	1.4876224314740802
1997	01	26	0.0008243041067299999	0.28539771672492403	1.5882434248206536
1997	01	27	0.0	0.23503341377346684	1.6612799300013719
1997	01	28	0.00042079851729600004	0.21824531278964773	1.5978044280444084
1997	01	29	0.9503766166700001	0.08394050491909529	1.2743385933392224
1997	01	30	0.012897184672699999	0.20145721180582868	1.3925231422391549
1997	01	31	0.00041215205336499997	0.18466911082200962	1.6569945566108242
1997	02	01	0.00164860772991	0.16788100983819057	1.7115600861509581
1997	02	02	0.00042656295552999997	0.16788100983819057	1.8494130133741138
1997	02	03	0.00166590112198	0.15109290885437152	1.767017140292419
1997	02	04	0.0031434902727399995	0.13430480787055246	1.6617237491694161
1997	02	05	0.0016534120892899998	0.13430480787055246	1.7558308705083168
1997	02	06	0.00042079855598	0.11751670688673342	1.8980038958188057
1997	02	07	0.42872674506999997	0.10072860590291434	1.8006976349241623
1997	02	08	1.60663771753	0.11751670688673342	1.4168991750370405
1997	02	09	0.10423036302	0.11751670688673342	1.5323519028640444
1997	02	10	0.00123091656294	0.10072860590291434	1.7692831161446414
1997	02	11	0.00207678090694	0.10072860590291434	1.910671552855022
1997	02	12	0.00748356225383	0.08394050491909529	1.6871584085762152
1997	02	13	0.187669768465	0.06715240393527623	1.8937151015434783
1997	02	14	0.218479824014	0.06715240393527623	1.1225693869730895
1997	02	15	0.07636476914399999	0.06715240393527623	1.6948878409806263
1997	02	16	0.0155001884803	0.05036430295145717	2.0155407516043433
1997	02	17	0.0016824803106999999	0.05036430295145717	1.6598158150690983
1997	02	18	0.0	0.05036430295145717	2.0584920533817286
1997	02	19	0.000824304048704	0.033576201967638115	2.2841234624090494
1997	02	20	0.000371041696175	0.033576201967638115	2.490747213712754
1997	02	21	0.0	0.033576201967638115	2.4230451261939816
1997	02	22	0.42772624143599997	0.033576201967638115	2.178184604588892
1997	02	23	0.169944469535	0.033576201967638115	1.8984186629012205
1997	02	24	0.005620762956699999	0.016788100983819058	2.1432128784250994
1997	02	25	0.0237067002464	0.033576201967638115	2.039943017219854
1997	02	26	0.0020242621545999997	0.033576201967638115	2.2159555491440615
1997	02	27	0.00042079851729600004	0.033576201967638115	2.770684526203393
1997	02	28	0.00042079855598	0.033576201967638115	2.461858162243551
1997	03	01	0.00042079855598	0.016788100983819058	2.619274505058849
1997	03	02	0.0436866864454	0.016788100983819058	2.557883298189038
1997	03	03	0.0	0.016788100983819058	3.0041741777265107
1997	03	04	0.0	0.016788100983819058	3.036589112671378
1997	03	05	0.00125086706226	0.0	3.018181145673737
1997	03	06	0.00042079855598	0.0	3.2517664305623244
1997	03	07	0.0008243041067299999	0.0	3.1265854155134414
1997	03	08	0.00041215205336499997	0.0	2.8815974967445745
1997	03	09	0.0	0.0	2.511369894628015
1997	03	10	0.000827304979346	0.0	2.6357828878144236
1997	03	11	0.000827186287163	0.0	2.9578384619347986
1997	03	12	0.00042079855598	0.0	3.3961547755432684
1997	03	13	0.0	0.0	3.2814551126174427
1997	03	14	0.00042079855598	0.0	3.439712814074173
1997	03	15	0.00331739129344	0.0	3.5746628438001795
1997	03	16	0.000824304048704	0.0	3.132041199959533
1997	03	17	0.0029134600252699997	0.0	3.341222220204849
1997	03	18	0.00208095171911	0.0	3.679497961484442
1997	03	19	0.000824304048704	0.0	3.8880827194512184
1997	03	20	0.0	0.0	4.067878767091099
1997	03	21	0.033337503702	0.0	3.7092729326146974
1997	03	22	0.7682094054299999	0.0	3.6540328933573316
1997	03	23	0.0008790486397200001	0.0	3.9388664411116316
1997	03	24	0.00208093537512	0.0	4.120487429295953
1997	03	25	0.00164860782662	0.0	2.652942003555404
1997	03	26	0.0008358329058299999	0.0	3.554166896852398
1997	03	27	0.00125229276108	0.0	3.4723111656747703
1997	03	28	0.00123357367019	0.0	3.8092219619824137
1997	03	29	0.0	0.0	4.0033111239033845
1997	03	30	0.0028994750823	0.0	3.6251251507794144
1997	03	31	0.0	0.0	4.105416523818785
1997	04	01	0.0008243041067299999	0.0	4.085043639272387
1997	04	02	0.39936342276599995	0.0	3.8441989165349844
1997	04	03	0.01888891365	0.0	4.033137168992182
1997	04	04	0.000138362532792	0.0	4.738460415270181
1997	04	05	0.039229100112399995	0.0	4.459163724405319
1997	04	06	1.86093395465	0.0	2.544872064532427
1997	04	07	3.8019486247999996	0.0	3.561662629431036
1997	04	08	10.309412690099998	0.0	3.2734411545445687
1997	04	09	3.7040989941599993	0.0	3.6481359149082184
1997	04	10	3.63154521796	0.0	3.0695927200466806
1997	04	11	3.1169859301400002	0.0	3.2778727313226006
1997	04	12	0.00082812299121	0.0	4.253889029796346
1997	04	13	0.0294146346958	0.0	4.2940859971856336
1997	04	14	0.000824304048704	0.0	4.52039423809154
1997	04	15	0.0	0.0	4.4713654603498565
1997	04	16	2.12259823654	0.0	3.8693338723972044
1997	04	17	0.9910173501	0.0	2.8379948695280572
1997	04	18	5.552595946099999	0.0	3.2387266010011615
1997	04	19	10.5958512694	0.0	2.4369198872204776
1997	04	20	1.51005672867	0.0	2.8237707542662553
1997	04	21	1.23618425993	0.0	3.0296247757125583
1997	04	22	0.26294017692	0.0	3.016901492807114
1997	04	23	0.00123933758619	0.0	3.3318732527302015
1997	04	24	4.9496494241699995	0.0	3.631310046521643
1997	04	25	0.7629577622999999	0.0	3.3267037797636894
1997	04	26	0.000595762361554	0.0	3.8944309081718473
1997	04	27	0.014083856023799999	0.0	4.080991115936384
1997	04	28	0.00042079855598	0.0	5.246489256498235
1997	04	29	0.00042079851729600004	0.0	5.558258828937353
1997	04	30	0.000824304048704	0.0	5.792115125328332
1997	05	01	0.0016513364025599999	0.0	4.633292405068284
1997	05	02	0.085167168279	0.0	3.826346405553169
1997	05	03	0.00010580159104800001	0.0	4.319217380906758
1997	05	04	0.0061211085824	0.0	4.496254618547173
1997	05	05	0.7151659046300001	0.0	3.2144388630003786
1997	05	06	0.203452937175	0.0	3.1421664145114656
1997	05	07	0.8657302800960001	0.0	2.9117286000558655
1997	05	08	0.00042501414487999996	0.0	3.9204589443376805
1997	05	09	2.46813184818e-05	0.0	4.313293678532377
1997	05	10	0.036569165062	0.0	3.890401248314415
1997	05	11	1.9926604213199999	0.0	3.717480186346033
1997	05	12	0.18791998624800002	0.0	4.306934499417864
1997	05	13	0.159206061923	0.0	4.507987894276909
1997	05	14	0.0	0.0	4.6480019181541445
1997	05	15	1.85539082758	0.0	4.253329199953467
1997	05	16	1.3424422448100002	0.0	3.5111867911340524
1997	05	17	0.0481411190653	0.0	4.223569952119386
1997	05	18	4.5506996881	0.0	3.589079449096123
1997	05	19	0.225520515105	0.0	3.695997277420798
1997	05	20	0.192425685806	0.0	3.767495687731958
1997	05	21	0.00321148997504	0.0	4.394001715618346
1997	05	22	0.000824304048704	0.0	5.323349543737123
1997	05	23	6.41901145523	0.0	4.3951882052712214
1997	05	24	3.27521683612	0.0	3.47414130646678
1997	05	25	2.71179849578	0.0	3.149555915848366
1997	05	26	1.4073049648399998	0.0	3.457974721840914
1997	05	27	1.47156614867	0.0	3.6681885722438765
1997	05	28	0.803971767317	0.0	4.0958835642238824
1997	05	29	0.33352416384	0.0	4.880261899988065
1997	05	30	0.432811601392	0.0	4.9370940323719
1997	05	31	7.0260037432999995	0.0	3.6568026185889253
1997	06	01	0.5106732866	0.0	3.7661916564951943
1997	06	02	0.323820688622	0.0	3.8647611191507227
1997	06	03	0.20709398163599999	0.0	4.366211280531217
1997	06	04	1.41528982599	0.0	3.6028362563654888
1997	06	05	12.202963542900001	0.0	3.9433180851949277
1997	06	06	0.765595885377	0.0	3.2906115294725535
1997	06	07	0.096884629247	0.0	4.20743705950055
1997	06	08	0.018899571092	0.0	5.183578063081629
1997	06	09	0.5927299518069999	0.0	5.636752398096593
1997	06	10	1.81600074787	0.0	3.893383445199872
1997	06	11	0.265554567363	0.0	4.115105714010602
1997	06	12	0.00124798462071	0.0	5.005530903231443
1997	06	13	0.184976965554	0.0	5.104982418059444
1997	06	14	0.0	0.0	5.207186129672575
1997	06	15	0.0	0.0	5.25042143261309
1997	06	16	0.00042079855598	0.0	4.930303908863437
1997	06	17	0.019148133199799997	0.0	4.109665450553597
1997	06	18	0.000836022428417	0.0	5.4119010665638125
1997	06	19	0.00178111271208	0.0	5.243357789428591
1997	06	20	0.0020740771854699997	0.0	5.456214547126754
1997	06	21	0.0896924080925	0.0	4.725139919423137
1997	06	22	0.0081525514545	0.0	4.102270979246737
1997	06	23	0.00166590112198	0.0	5.652334007350016
1997	06	24	0.00329920101283	0.0	6.246227309052091
1997	06	25	0.00042656295552999997	0.0	6.019488288548327
1997	06	26	0.00600243119603	0.0	4.637430041440915
1997	06	27	0.00587011963386	0.0	4.253816586013807
1997	06	28	0.0974695758136	0.0	3.8615521135638238
1997	06	29	0.0905641133485	0.0	4.292734026845625
1997	06	30	0.6543332256939999	0.0	4.973869439129701
1997	07	01	6.2725651463	0.0	3.4362357376894703
1997	07	02	0.20476342537199999	0.0	3.800890095099363
1997	07	03	0.0012586034754199999	0.0	4.4774574886159275
1997	07	04	0.0008353806898699999	0.0	5.20840034514096
1997	07	05	0.00042079851729600004	0.0	6.685892929542063
1997	07	06	0.00164860772991	0.0	7.138186196763236
1997	07	07	0.000824304048704	0.0	6.329613238083906
1997	07	08	0.00156125751713	0.0	5.663499376526002
1997	07	09	0.0074797893065999994	0.0	4.93747704454526
1997	07	10	0.0005763344927449999	0.0	5.484684740623568
1997	07	11	0.0	0.0	6.166414214591858
1997	07	12	0.00041435080357000005	0.0	6.661008097763168
1997	07	13	0.0271257797838	0.0	6.097418400276781
1997	07	14	0.102911480395	0.0	5.080067610473724
1997	07	15	10.173492587699998	0.0	3.486995463659236
1997	07	16	0.409753229512	0.0	4.5869509144891545
1997	07	17	0.00047554983932800003	0.0	5.798340501281292
1997	07	18	0.00042079851729600004	0.0	6.39206670593064
1997	07	19	0.00042079857532199995	0.0	6.160100023295315
1997	07	20	0.000467517048702	0.0	6.055689668495062
1997	07	21	0.00214337608991	0.0	5.6019662876664515
1997	07	22	0.0062028981636	0.0	4.841651391559329
1997	07	23	1.20440158224	0.0	4.179790424007858
1997	07	24	0.0	0.0	5.818544683230696
1997	07	25	0.00414145613963	0.0	7.0494797067113275
1997	07	26	0.0016601364323	0.0	6.66701618489839
1997	07	27	0.000236284512183	0.0	6.67690303383576
1997	07	28	0.0	0.0	6.3509972811942434
1997	07	29	0.0016716648445599998	0.0	6.431228791112589
1997	07	30	0.067378582325	0.0	6.545658475967591
1997	07	31	0.00078458356895	0.0	6.285597091211971
1997	08	01	0.00042079855598	0.0	6.7353215946907925
1997	08	02	0.0	0.0	5.586435505802815
1997	08	03	0.00232249664602	0.0	5.17568849320672
1997	08	04	0.0022971429590000004	0.0	4.908015072586527
1997	08	05	0.00049157780039	0.0	4.78844122931722
1997	08	06	0.0	0.0	4.5042331821975
1997	08	07	0.110062672332	0.0	3.9284544982166865
1997	08	08	9.892262809e-05	0.0	5.530142807602783
1997	08	09	3.63803233134	0.0	5.065217538722996
1997	08	10	3.21565846617	0.0	3.590601975058662
1997	08	11	0.0020432911043299995	0.0	5.003314612118629
1997	08	12	0.00249867750826	0.0	5.851617491475369
1997	08	13	0.0	0.0	6.094897453863948
1997	08	14	0.00042656295552999997	0.0	6.287966432558435
1997	08	15	0.00173850131898	0.0	5.7838678383004485
1997	08	16	0.004863899858599999	0.0	5.337407891214821
1997	08	17	0.00169058238437	0.0	5.745378919603546
1997	08	18	0.000824304048704	0.0	6.092498624376356
1997	08	19	0.0033476795114999996	0.0	5.8420114320891185
1997	08	20	0.0008300686029899999	0.0	5.582345107321559
1997	08	21	0.0051674464369	0.0	5.560218542863665
1997	08	22	1.4841347736900001	0.0	5.45090400221319
1997	08	23	8.0918978438	0.0	4.603180044718759
1997	08	24	4.56837121627	0.0	4.255276780125811
1997	08	25	4.260012638500001	0.0	3.7514004626238386
1997	08	26	0.00123933748948	0.0	3.923113538578714
1997	08	27	0.406508154475	0.0	3.7029694078162394
1997	08	28	0.0016541218439800002	0.0	3.924323327908188
1997	08	29	0.0	0.0	4.98086101032647
1997	08	30	0.0020750842267	0.0	5.2863666388257835
1997	08	31	0.000845408317666	0.0	4.6161081799823265
1997	09	01	0.0	0.0	3.9096926859005325
1997	09	02	0.00248827218923	0.0	5.2420798453355495
1997	09	03	0.0008271862581499999	0.0	5.577454367999951
1997	09	04	0.0	0.0	5.6151853067838005
1997	09	05	0.0012891452671	0.0	5.145396826292963
1997	09	06	0.00044547985705399996	0.0	4.957525814436478
1997	09	07	0.00042656295552999997	0.0	5.3921929343161565
1997	09	08	0.00125663078484	0.0	5.17312536896054
1997	09	09	0.0008547499330769999	0.0	5.026517489276818
1997	09	10	5.4744465292999994e-05	0.0	5.021242899141122
1997	09	11	0.00041215205336499997	0.0	4.450485536228785
1997	09	12	0.00089955541496	0.0	4.04763425754661
1997	09	13	4.363709935999999	0.0	2.9249589931320337
1997	09	14	1.0535424927200001	0.0	2.8813859400403503
1997	09	15	0.21732963264199998	0.0	3.4833797101531103
1997	09	16	0.023052259808000002	0.0	3.899688272592415
1997	09	17	0.0494536014225	0.0	4.011995269114234
1997	09	18	1.7333459023	0.0	3.6564975419000465
1997	09	19	2.72067869811	0.0	3.7430333438483907
1997	09	20	0.0132473532078	0.0	3.748852341302825
1997	09	21	0.000824304048704	0.0	3.809164418096714
1997	09	22	0.00083403400312	0.0	4.2457852217228575
1997	09	23	0.0	0.0	4.1204222873786005
1997	09	24	0.1024558457365	0.0	3.759947800314582
1997	09	25	0.10409456283799999	0.0	3.460136302072779
1997	09	26	3.28040368355	0.0	2.415025480653303
1997	09	27	9.3401918398	0.0	2.605377927703191
1997	09	28	0.0197482632364	0.0	3.060368210536084
1997	09	29	12.3450005528	0.0	3.012606832716422
1997	09	30	1.07118616841	0.0	2.7484236435691622
1997	10	01	3.4517868594	0.0	2.96463789300882
1997	10	02	0.060126487042400006	0.0	3.505449578995543
1997	10	03	0.5340024077960001	0.0	3.384180861126776
1997	10	04	5.13564664154	0.0	3.0250672107853265
1997	10	05	12.9892729018	0.0	2.190751634668657
1997	10	06	7.396032644000001	0.0	1.8087484332467814
1997	10	07	0.514225029047	0.0	2.468809056494222
1997	10	08	0.0014785581849599998	0.0	2.7118654634477353
1997	10	09	0.00084159720867	0.0	2.9915401689775973
1997	10	10	0.0568563670167	0.0	2.8470484163584677
1997	10	11	0.0034882977857	0.0	3.0790983710318764
1997	10	12	0.0091437235406	0.0	2.7712041866516057
1997	10	13	0.0	0.0	2.640595169386419
1997	10	14	0.00042079855598	0.0	2.76143096704906
1997	10	15	0.000824304048704	0.0	2.908498546961299
1997	10	16	0.00166590112198	0.0	3.0611785962038316
1997	10	17	0.0038184705612	0.0	2.8453078290695935
1997	10	18	0.8389444920539999	0.0	1.7461140395454373
1997	10	19	0.5293220306359999	0.0	1.9461307940569583
1997	10	20	22.889144853599998	0.0	0.9466927042995171
1997	10	21	3.1244689631	0.0	1.9254840686469141
1997	10	22	0.382296032295	0.0	1.8620275229318097
1997	10	23	0.073468024185	0.0	2.0844498711773394
1997	10	24	0.069682533668	0.0	2.250766349753983
1997	10	25	0.0808533655385	0.0	2.0688270063341387
1997	10	26	4.06471095203	0.0	1.4015115934653477
1997	10	27	0.9581389771230001	0.0	1.6787010891911092
1997	10	28	0.24675809880199998	0.0	1.8524346252067858
1997	10	29	0.00166301868043	0.0	2.100594878816194
1997	10	30	0.0008415972570249999	0.0	2.0899540879691387
1997	10	31	0.0012335737669	0.0	2.2743450470579285
1997	11	01	1.3857498532	0.0	1.8226767224993479
1997	11	02	25.4202873286	0.0	1.1349685276814578
1997	11	03	4.6532490379	0.0	1.2846700273756386
1997	11	04	2.64386397602	0.0	1.3752099759660585
1997	11	05	62.433422856	8.360474289941891	1.9154870570309626
1997	11	06	8.006562874	13.38011648410379	1.3339390586731292
1997	11	07	1.89049220563	3.37440829774763	1.4734661285452186
1997	11	08	1.1466917272300001	1.2423194728026101	1.5419624774882075
1997	11	09	1.1922785001899998	0.5204311304983907	1.4122986665301425
1997	11	10	0.717183981213	0.4700668275469337	1.2467970578035497
1997	11	11	5.933398340799999	0.4532787265631145	1.1949349019995208
1997	11	12	1.1907741761400001	0.43649062557929547	1.1985997372395898
1997	11	13	9.930463259	2.585367551508135	1.2661500868768607
1997	11	14	0.07871088604700001	1.8299030072362772	1.3239367383461582
1997	11	15	0.000181999670836	0.6211597364013051	1.7268158010134227
1997	11	16	0.048610391768	0.40291442361165736	1.622043629317292
1997	11	17	0.6003154296700001	0.30218581770874303	1.3460744363098074
1997	11	18	11.9575251681	1.9809959160906487	1.3109946807930215
1997	11	19	1.5908729237199997	0.8058288472233147	1.2672010114515506
1997	11	20	2.1477521207000003	2.4342746426537634	1.2202160383629657
1997	11	21	7.905022499629999	9.78746287356651	1.0342319023794533
1997	11	22	0.0182727075101	1.7459625023171819	1.2598726112175336
1997	11	23	0.020918444565400002	0.7218883423042195	1.4620761658289056
1997	11	24	8.6756616471	6.379478373851241	0.8904276286732988
1997	11	25	28.709098495999996	15.344324299210617	0.8892717407038273
1997	11	26	0.24664265607499997	4.3984824577605925	1.0293635302073108
1997	11	27	0.75252459079	0.88976935214241	1.4219270842518072
1997	11	28	3.2889573929200004	1.191955169851153	1.2592748361815338
1997	11	29	0.0321939040836	0.7554645442718576	1.2304406663734062
1997	11	30	0.00083173365906	0.4532787265631145	1.3777257805920289
1997	12	01	0.0028990640648	0.36933822164401925	1.3581500258042307
1997	12	02	0.022975949815400003	0.3189739186925621	1.2881123575295577
1997	12	03	4.1361304166399995	0.30218581770874303	1.009176913825074
1997	12	04	5.13008020736	0.30218581770874303	1.2155565249887443
1997	12	05	0.0033228314243600003	0.25182151475728587	0.9523387767762935
1997	12	06	0.0	0.16788100983819057	1.2565372717705527
1997	12	07	0.0440828918418	0.15109290885437152	1.3880959583506591
1997	12	08	1.29167210598	0.15109290885437152	1.0723004327713088
1997	12	09	0.55533609222	0.15109290885437152	1.105216987638742
1997	12	10	0.33702748359	0.15109290885437152	1.2344953375638557
1997	12	11	0.17424522126099998	0.15109290885437152	1.0096052465013077
1997	12	12	1.30308659386	0.18466911082200962	1.2472451597761371
1997	12	13	0.0020147025645199995	0.33576201967638114	1.1851270964610332
1997	12	14	0.08387138967300001	0.21824531278964773	1.3174923997850303
1997	12	15	2.46531758718	0.18466911082200962	0.9309766946354044
1997	12	16	2.54183038065	0.23503341377346684	0.8293176136104795
1997	12	17	34.521337581699996	6.463418878770337	0.7873288563741853
1997	12	18	9.3673364026	10.173589196194348	0.7105754459780242
1997	12	19	4.615795479229999	7.5042811397671185	0.8009118157237775
1997	12	20	0.72585381028	3.055434379055068	0.99517877830849
1997	12	21	9.9506746819	5.204311304983908	1.157107227583796
1997	12	22	2.71846026742	5.657590031547023	1.0830248321297096
1997	12	23	0.0069861998415	1.1080146649320577	1.225036601190219
1997	12	24	0.0016688919754399999	0.6883121403365814	1.3609244563852325
1997	12	25	0.68974007195	0.4700668275469337	1.1603002881347757
1997	12	26	6.2615411734	2.4846389456052203	1.0710811256168107
1997	12	27	0.0	0.7890407462394957	1.1351214025190828
1997	12	28	5.30380685993	0.5540073324660288	1.1893818805645102
1997	12	29	2.9896505810200003	2.937917672168335	1.0054613560407815
1997	12	30	0.30302267121700005	1.2423194728026101	0.9192285657555833
1997	12	31	4.21194525404	0.6715240393527623	0.9053462239247915
1998	01	01	0.039301737059199995	0.48685492853075263	0.9980536532135681
1998	01	02	0.0378411375344	0.3861263226278383	1.2547989220597764
1998	01	03	0.7093133055599999	0.36933822164401925	1.0287260058630108
1998	01	04	0.51213225366	0.3525501206602002	0.8692025278406645
1998	01	05	0.280381022727	0.33576201967638114	0.9554152247247308
1998	01	06	0.0008605142359170001	0.30218581770874303	1.3146738701706917
1998	01	07	0.0016659012186900002	0.23503341377346684	1.1643151513067889
1998	01	08	0.009224712363	0.20145721180582868	1.4278522906552966
1998	01	09	0.0	0.18466911082200962	1.1634841466933965
1998	01	10	0.0849850778555	0.16788100983819057	1.1829549523293865
1998	01	11	5.58862013097	0.4197025245954764	0.7455446964577349
1998	01	12	12.916752007	3.1225867829903446	0.8300847318226274
1998	01	13	1.0206589651	1.494140987559896	1.0230371283661521
1998	01	14	0.033253714158	0.9904979580453244	1.2393809831233267
1998	01	15	0.000824304048704	0.4700668275469337	1.2909177566302845
1998	01	16	0.0166643167304	0.3861263226278383	1.3605871188016216
1998	01	17	0.08347695793799999	0.3189739186925621	1.0180034831946854
1998	01	18	0.0058060477114999995	0.2686096157411049	1.3978456257529794
1998	01	19	0.146011587809	0.23503341377346684	1.1279459407330281
1998	01	20	0.0079090995031	0.20145721180582868	1.0502369780204452
1998	01	21	0.0	0.18466911082200962	1.622839797128534
1998	01	22	0.00303870034566	0.16788100983819057	1.4280984529719776
1998	01	23	0.282859487265	0.15109290885437152	1.0822047416025236
1998	01	24	3.37538770018	0.20145721180582868	1.1643106138482942
1998	01	25	0.00164860782662	0.20145721180582868	1.2931580995620586
1998	01	26	0.241033369694	0.15109290885437152	1.2204792902520953
1998	01	27	0.231795543455	0.15109290885437152	1.2530757646456205
1998	01	28	0.358241073536	0.15109290885437152	1.2989699114213147
1998	01	29	0.087234305845	0.13430480787055246	1.5079059516236002
1998	01	30	10.798464522	0.11751670688673342	1.0166146535624345
1998	01	31	7.9806977845	9.854615277501786	1.1530653857015762
1998	02	01	16.797692392699997	2.367122238718487	1.3776570853280503
1998	02	02	10.5487989531	10.257529701113445	1.1514022271232836
1998	02	03	13.3927615283	11.93633979949535	1.082819680350611
1998	02	04	0.6167710230100001	3.508713105618183	1.2750658925833265
1998	02	05	0.532862951234	0.88976935214241	1.3629505585314678
1998	02	06	0.0030752927984899997	0.5707954334498481	1.5110129522591351
1998	02	07	0.8557505721049999	0.4532787265631145	1.813535353428005
1998	02	08	4.9203456172	0.4197025245954764	1.5473763312804505
1998	02	09	0.3802289044	0.3525501206602002	1.232037679562103
1998	02	10	0.0131678392129	0.21824531278964773	1.6009701069597224
1998	02	11	0.00345934455248	0.20145721180582868	1.7259983447691156
1998	02	12	0.0486974046563	0.18466911082200962	1.7221506887605864
1998	02	13	0.00413932010586	0.16788100983819057	1.8238968827296635
1998	02	14	0.0	0.15109290885437152	2.0145781230957094
1998	02	15	0.0012524844403	0.13430480787055246	2.148782117969429
1998	02	16	0.0033107145317499997	0.11751670688673342	2.3642582080386187
1998	02	17	0.0051186189118399995	0.10072860590291434	2.17208965344246
1998	02	18	0.016062041666	0.10072860590291434	2.1344172461692588
1998	02	19	0.0	0.10072860590291434	1.9087348128353214
1998	02	20	0.00614528366465	0.08394050491909529	1.876461978387892
1998	02	21	1.3812123167099999	0.06715240393527623	1.6818885234061314
1998	02	22	0.0008243041067299999	0.06715240393527623	1.6925759750233698
1998	02	23	0.00165922513397	0.06715240393527623	2.101185024506836
1998	02	24	0.0	0.05036430295145717	1.9551108934528891
1998	02	25	0.00042079855598	0.05036430295145717	2.2388354428103874
1998	02	26	0.0008300686029899999	0.033576201967638115	2.264430549977299
1998	02	27	0.0008300686029899999	0.05036430295145717	2.3062848965877705
1998	02	28	0.00124222070471	0.033576201967638115	2.366396431753419
1998	03	01	0.00119065338535	0.033576201967638115	2.2505769179040405
1998	03	02	0.0099007529799	0.033576201967638115	2.6513059505114063
1998	03	03	0.00166388249415	0.033576201967638115	2.75209469012299
1998	03	04	0.0008415972570249999	0.016788100983819058	2.649577139979745
1998	03	05	0.000824304048704	0.016788100983819058	3.3163274786519117
1998	03	06	0.00167867777021	0.016788100983819058	3.351414792253179
1998	03	07	0.00164860772991	0.016788100983819058	3.276953566670269
1998	03	08	0.0	0.016788100983819058	2.9419610683583994
1998	03	09	0.0	0.016788100983819058	2.6170250977022684
1998	03	10	0.0	0.016788100983819058	3.067918232074511
1998	03	11	0.0032630186103999996	0.016788100983819058	2.302120342428909
1998	03	12	0.00166301868043	0.0	2.2344395606576692
1998	03	13	0.0	0.0	2.2187333802103826
1998	03	14	0.00207734414598	0.0	2.5580915341073207
1998	03	15	0.0	0.0	2.6951357895132038
1998	03	16	0.00124222002774	0.0	3.228916498049992
1998	03	17	0.0	0.0	3.660589794188017
1998	03	18	0.0217703619883	0.0	3.4659644831703393
1998	03	19	0.00333031590797	0.0	3.4356458821064093
1998	03	20	0.0	0.0	3.4465026781828834
1998	03	21	0.00354005804151	0.0	3.590380579626306
1998	03	22	0.033220184801	0.0	2.911887236708636
1998	03	23	0.00167227276362	0.0	3.7027286245831323
1998	03	24	0.00167895842263	0.0	3.817164521335766
1998	03	25	0.01318907140985	0.0	3.4817265822106096
1998	03	26	0.0025061354933299997	0.0	3.7011144347026748
1998	03	27	5.62564333014	0.0	3.4338425179463847
1998	03	28	9.361419684800001	0.0	2.1754213971090763
1998	03	29	12.329222316300001	0.0	2.568152146023667
1998	03	30	0.0011883033323499999	0.0	3.0622505013629446
1998	03	31	2.67789970658	0.0	2.505613173623863
1998	04	01	0.292411630675	0.0	2.9335860087350127
1998	04	02	0.023606820092599998	0.0	3.052959384683323
1998	04	03	0.7568466574	0.0	2.436380572359148
1998	04	04	0.494629329704	0.0	2.2698761530777976
1998	04	05	1.62773452048	0.0	2.4762752671217387
1998	04	06	0.142811299173	0.0	3.157197624280056
1998	04	07	0.4950337322399999	0.0	2.635617520870502
1998	04	08	0.39925843438999997	0.0	2.7525365766628864
1998	04	09	1.7439888378	0.0	2.335081227212092
1998	04	10	0.95027913299	0.0	2.184796766503292
1998	04	11	0.722457113305	0.0	2.4075990627717916
1998	04	12	0.000824304048704	0.0	2.870786219640148
1998	04	13	0.00230652315203	0.0	2.938715956247024
1998	04	14	10.161326469699999	0.0	2.767005428739481
1998	04	15	1.11353876555	0.0	2.9038503682553527
1998	04	16	1.0444482711599998	0.0	2.779882375624605
1998	04	17	0.669658375844	0.0	2.654141984201213
1998	04	18	0.0	0.0	3.100458961461498
1998	04	19	0.34090874602	0.0	3.181221894729207
1998	04	20	0.055074671917	0.0	3.6366848234490265
1998	04	21	0.0036456652648000003	0.0	4.441544257907408
1998	04	22	5.31224964293	0.0	2.809592892666476
1998	04	23	0.0	0.0	4.017495039652526
1998	04	24	0.0	0.0	5.042500000832937
1998	04	25	0.00166301868043	0.0	4.879699803595953
1998	04	26	0.24877912503999997	0.0	2.8672604601988283
1998	04	27	0.5759914527039999	0.0	2.853854562039801
1998	04	28	1.344065909	0.0	2.904934709711509
1998	04	29	1.11435422427	0.0	2.827419608837231
1998	04	30	0.10295078720739999	0.0	2.776988148501354
1998	05	01	0.24855466112999997	0.0	3.2181117783234816
1998	05	02	1.52984369138	0.0	4.072124868853983
1998	05	03	0.16893755402799998	0.0	3.823021279740087
1998	05	04	0.231278947648	0.0	3.6758380600639025
1998	05	05	0.00042079855598	0.0	4.439137413801756
1998	05	06	0.0016601366257200001	0.0	5.122822572850374
1998	05	07	0.0016406106833	0.0	5.304982969685278
1998	05	08	0.533111215475	0.0	4.668651924539718
1998	05	09	0.129737093615	0.0	4.630004253540524
1998	05	10	9.1319703743	0.0	3.294280816436074
1998	05	11	5.747062154879999	0.0	3.0548111377252414
1998	05	12	6.90257422095	0.0	3.6207936340794546
1998	05	13	9.3740432411	0.0	3.214060123436201
1998	05	14	0.201458380464	0.0	3.947531047840795
1998	05	15	0.046489437021199995	0.0	4.366257644151102
1998	05	16	0.95366746455	0.0	4.634318544187128
1998	05	17	0.35683456197999996	0.0	4.619519532308131
1998	05	18	2.97843231773	0.0	4.660653860851744
1998	05	19	0.31026980914499996	0.0	4.4703423569293195
1998	05	20	4.5610379871	0.0	3.624762758432382
1998	05	21	8.2440429829	0.0	4.495778565906956
1998	05	22	13.5062874631	0.0	3.728763001537622
1998	05	23	4.409337133739999	0.0	3.730697600692866
1998	05	24	1.4537032314099998	0.0	3.4252284989620922
1998	05	25	0.6791666322559999	0.0	3.8231162759517714
1998	05	26	4.295651240600001	0.0	3.6711297341427116
1998	05	27	0.12717809866000002	0.0	3.474793256569395
1998	05	28	2.67853547812	0.0	3.3795119494203205
1998	05	29	7.301514769569999	0.0	2.933141545684203
1998	05	30	0.460714602696	0.0	3.6761714808395434
1998	05	31	0.5828063743	0.0	3.6358551151250604
1998	06	01	0.30004809405	0.0	3.656019496411446
1998	06	02	0.190871314331	0.0	4.107373662510528
1998	06	03	0.0012479847174199999	0.0	5.108693069965366
1998	06	04	0.332685523733	0.0	4.971077359604294
1998	06	05	0.0014640839861	0.0	4.462865509605919
1998	06	06	0.5580580918800001	0.0	3.9189795764690354
1998	06	07	0.008536155537899999	0.0	4.571728623204746
1998	06	08	0.00165654675052	0.0	6.390396656919689
1998	06	09	0.0	0.0	6.389034125093852
1998	06	10	0.0100186327989	0.0	4.593485536016015
1998	06	11	0.000824304048704	0.0	4.990574914152933
1998	06	12	0.00042079855598	0.0	5.754411751957108
1998	06	13	0.0008300686029899999	0.0	6.280304144393867
1998	06	14	0.00166158862966	0.0	4.995389229031943
1998	06	15	0.0	0.0	5.310259780725618
1998	06	16	0.0008300686029899999	0.0	6.033962369268817
1998	06	17	0.00208093537512	0.0	6.588321489391687
1998	06	18	0.0008243041067299999	0.0	6.918394030169931
1998	06	19	0.00166819943513	0.0	6.050456033343582
1998	06	20	0.00331788741574	0.0	5.605098373964998
1998	06	21	0.0020668455018	0.0	6.124351462922
1998	06	22	0.000419357451257	0.0	6.66689977604527
1998	06	23	0.00333386487484	0.0	6.402614464227552
1998	06	24	0.000824304048704	0.0	5.797420517848611
1998	06	25	0.004641925264	0.0	5.020222794855219
1998	06	26	0.00205211357079	0.0	5.683064177810768
1998	06	27	0.0008300686029899999	0.0	5.975315454701497
1998	06	28	0.0	0.0	6.622148744618838
1998	06	29	0.11151425074799999	0.0	6.102825390381336
1998	06	30	0.06640427743	0.0	5.484724741249928
1998	07	01	0.06087472844399999	0.0	4.3113008709062495
1998	07	02	0.010430764398099998	0.0	4.546918713707511
1998	07	03	0.000827186287163	0.0	5.305243992036894
1998	07	04	0.00165595140376	0.0	6.373993590659557
1998	07	05	0.00123933758619	0.0	6.425052952878901
1998	07	06	0.014760744787399999	0.0	4.347577074166739
1998	07	07	0.061032025324799996	0.0	5.209157678745277
1998	07	08	0.000818539745864	0.0	6.450529426377305
1998	07	09	0.00082643772275	0.0	6.899630510890473
1998	07	10	0.0	0.0	6.922847463024248
1998	07	11	0.0	0.0	7.711959484241521
1998	07	12	0.00123378304734	0.0	7.542653951917808
1998	07	13	0.00125663078484	0.0	6.630009139182328
1998	07	14	0.0008300686029899999	0.0	5.961616714448752
1998	07	15	0.00042656295552999997	0.0	6.970056065835865
1998	07	16	0.000841597140973	0.0	7.174198575712459
1998	07	17	0.000827186287163	0.0	7.041328653161314
1998	07	18	0.0	0.0	6.785089470571444
1998	07	19	0.00267642845735	0.0	6.508467357043989
1998	07	20	0.0209219474016	0.0	4.81517503881465
1998	07	21	0.0042935768111	0.0	4.69830364481847
1998	07	22	0.0	0.0	6.522877083074874
1998	07	23	0.000824304048704	0.0	6.652764180861047
1998	07	24	0.0	0.0	6.467823269122951
1998	07	25	0.00042079851729600004	0.0	6.362603496327693
1998	07	26	0.0024786761394799996	0.0	6.3453762899608215
1998	07	27	0.0024882370835	0.0	6.139930961671246
1998	07	28	0.0008358328381330001	0.0	7.343608308283951
1998	07	29	0.0	0.0	7.189297002750475
1998	07	30	0.00041215205336499997	0.0	6.657155350041436
1998	07	31	0.00506273639228	0.0	4.719763886556482
1998	08	01	0.00123933758619	0.0	5.2274115861608665
1998	08	02	0.00083007440559	0.0	5.6886773698481825
1998	08	03	0.00123396689305	0.0	5.7699627368032536
1998	08	04	0.00165437261301	0.0	6.840681400857579
1998	08	05	0.00166170632573	0.0	7.386144736559337
1998	08	06	0.00042079855598	0.0	6.5961943848512865
1998	08	07	0.00125134103797	0.0	7.200355148143215
1998	08	08	0.0	0.0	7.1190587203916795
1998	08	09	0.00041795653921	0.0	6.911552418090362
1998	08	10	0.0	0.0	6.530090292659762
1998	08	11	0.074114404812	0.0	5.758394774560472
1998	08	12	0.0245973819386	0.0	5.422367719843702
1998	08	13	0.00048465600457299994	0.0	5.59964830702732
1998	08	14	0.004202097274739999	0.0	5.238966264446892
1998	08	15	0.00494391945338	0.0	4.905136173424073
1998	08	16	0.0025795816127	0.0	4.902771286927464
1998	08	17	0.0	0.0	5.1290941343546965
1998	08	18	0.0083063309926	0.0	5.167655771885102
1998	08	19	0.00042079857532199995	0.0	5.758380564888835
1998	08	20	0.00249901947482	0.0	5.741101387844617
1998	08	21	0.0	0.0	6.52873172119658
1998	08	22	0.00125468614016	0.0	6.500274333318708
1998	08	23	0.00126197584983	0.0	6.483609488568639
1998	08	24	0.0	0.0	6.1241272783985385
1998	08	25	0.0	0.0	6.071963895875842
1998	08	26	0.00741094087734	0.0	4.881479951406194
1998	08	27	0.0274279946654	0.0	4.1174643201711625
1998	08	28	0.0393690278772	0.0	4.211532741195213
1998	08	29	0.0183636681006	0.0	4.5739530029782705
1998	08	30	0.00042079855598	0.0	5.295217502678151
1998	08	31	0.00042079855598	0.0	5.390613668233294
1998	09	01	0.0033202738317	0.0	5.151934269927521
1998	09	02	0.139596107526	0.0	4.237487758458632
1998	09	03	0.055466927677	0.0	3.8756576991034817
1998	09	04	0.023083462322399998	0.0	3.57888493599431
1998	09	05	0.00576428407826	0.0	4.452944145773181
1998	09	06	0.00245878763127	0.0	4.798643564544061
1998	09	07	0.27708138390799997	0.0	3.20677690333133
1998	09	08	0.00082765800953	0.0	4.950431159683126
1998	09	09	0.0016438591721999998	0.0	5.041450225401742
1998	09	10	0.00042079855598	0.0	3.7491542382333334
1998	09	11	0.0017432140939900001	0.0	3.6670234761161518
1998	09	12	0.388599976935	0.0	3.4097063453967724
1998	09	13	0.00545263291183	0.0	4.075795134768696
1998	09	14	0.00118701650909	0.0	4.234842565382543
1998	09	15	0.0	0.0	4.870221373872988
1998	09	16	0.0	0.0	4.7025043939618625
1998	09	17	0.0146943562737	0.0	4.3959593161273425
1998	09	18	2.68896700556	0.0	3.8857499625658574
1998	09	19	0.74087258315	0.0	3.3965069892158892
1998	09	20	11.6133381465	0.0	3.3169412183410083
1998	09	21	5.1625335689	0.0	2.1519352575359014
1998	09	22	2.22258022597	0.0	2.554111869579765
1998	09	23	0.158910496821	0.0	2.93289025185208
1998	09	24	0.11473712116899999	0.0	2.63789244909859
1998	09	25	7.315521569	0.0	2.2239116779716115
1998	09	26	2.8346242576	0.0	2.3648990864268833
1998	09	27	0.552817125534	0.0	2.6288090233797297
1998	09	28	0.51818687992	0.0	2.4986572914908876
1998	09	29	1.4143117010500001	0.0	2.5291273429939425
1998	09	30	0.154667190835	0.0	2.3608624397844773
1998	10	01	0.0588597504494	0.0	2.509695308195822
1998	10	02	0.0016601366257200001	0.0	2.681821535116586
1998	10	03	3.18399657927	0.0	2.8464679063382095
1998	10	04	0.252234457288	0.0	2.183947671119085
1998	10	05	2.6710421939	0.0	1.9649482599237487
1998	10	06	0.019479047741	0.0	2.3200940604588274
1998	10	07	0.000420798604335	0.0	2.40939270423549
1998	10	08	0.0008506543516159999	0.0	2.617039833691047
1998	10	09	0.0	0.0	2.603158855153332
1998	10	10	0.0	0.0	2.872479640645082
1998	10	11	0.0052715218705	0.0	2.6899948429798
1998	10	12	0.0016659012186900002	0.0	3.268827970952632
1998	10	13	0.0	0.0	3.568703601871558
1998	10	14	0.0016681027251299997	0.0	3.2444979685884197
1998	10	15	0.0016601364323	0.0	3.039033684783086
1998	10	16	0.00239080340257	0.0	2.941505513313672
1998	10	17	0.0087314014227	0.0	2.2279107404542966
1998	10	18	0.09303627723	0.0	2.2128047563915474
1998	10	19	0.00164860772991	0.0	2.154131129621682
1998	10	20	0.000824304048704	0.0	2.672242061654451
1998	10	21	0.000824304048704	0.0	2.665392201109943
1998	10	22	0.0	0.0	2.826452754436509
1998	10	23	0.00042079855598	0.0	2.8613566594926394
1998	10	24	0.00273042397139	0.0	2.608612412612416
1998	10	25	0.100325010129	0.0	2.122812639529592
1998	10	26	0.34833355956	0.0	2.06606704978297
1998	10	27	0.0016572539907499999	0.0	2.834638267048309
1998	10	28	0.0	0.0	2.876357379547794
1998	10	29	0.0	0.0	2.720353234753537
1998	10	30	0.0	0.0	2.674212008990845
1998	10	31	0.06772187381200001	0.0	1.9929725947739094
1998	11	01	0.15227055262800002	0.0	1.889645546769966
1998	11	02	0.48433874741800004	0.0	1.642487990043566
1998	11	03	2.3401116955499996	0.0	1.3430715115896763
1998	11	04	3.6342418796000002	0.0	1.4935286173364233
1998	11	05	0.39134465509	0.0	1.7361303440178646
1998	11	06	0.6636720171730001	0.0	1.9705213871725382
1998	11	07	0.00166301868043	0.0	1.8500178278121948
1998	11	08	0.0020866990977	0.0	1.9910263441659297
1998	11	09	0.00248443125487	0.0	2.088510617612776
1998	11	10	0.0111887899504	0.0	1.9996000494916353
1998	11	11	0.75387011702	0.0	1.322296344121255
1998	11	12	0.5148650848399999	0.0	1.7179191301434376
1998	11	13	0.46069307504999996	0.0	1.800002557461263
1998	11	14	0.06745377435	0.0	1.4622303739144853
1998	11	15	0.0020783501234	0.0	1.6273888859945698
1998	11	16	0.00293735706627	0.0	1.735959663428645
1998	11	17	0.00124023756945	0.0	1.8580128348687932
1998	11	18	0.00166590112198	0.0	1.5756521613525531
1998	11	19	0.000818539745864	0.0	1.7400823453233432
1998	11	20	0.000824304048704	0.0	1.7026146967423357
1998	11	21	0.00042656295552999997	0.0	1.6975347984624154
1998	11	22	0.0	0.0	1.6652070169109023
1998	11	23	0.0	0.0	1.4564233373953543
1998	11	24	0.0	0.0	1.380773695434261
1998	11	25	0.0029118249493	0.0	1.6208594895008
1998	11	26	0.0016936174343	0.0	1.3926654001781555
1998	11	27	0.00125086706226	0.0	1.6551663953501625
1998	11	28	0.00123933748948	0.0	1.6357879951686334
1998	11	29	0.00083344658658	0.0	1.17511587198017
1998	11	30	0.000841597140973	0.0	1.124393582678122
1998	12	01	0.000152188987414	0.0	1.2739349532936222
1998	12	02	0.00043584460107	0.0	1.12802732107141
1998	12	03	0.0	0.0	1.2881140671259197
1998	12	04	0.0	0.0	1.1779733502140086
1998	12	05	0.0024902055188399997	0.0	1.1430435591614052
1998	12	06	0.000827186287163	0.0	1.1656965520143991
1998	12	07	0.00124669779745	0.0	1.2831604805139838
1998	12	08	0.0020635612302	0.0	1.296904874874715
1998	12	09	0.0	0.0	1.317572287646216
1998	12	10	0.0	0.0	1.2760474670314375
1998	12	11	0.317480381022	0.0	1.3314371204668418
1998	12	12	0.19226710074800002	0.0	1.1275329120247837
1998	12	13	0.00042656295552999997	0.0	1.6213537485798977
1998	12	14	0.00041215205336499997	0.0	1.5763761505635039
1998	12	15	0.0	0.0	1.5341835436744056
1998	12	16	0.00123933758619	0.0	1.6181503703763946
1998	12	17	0.00042079851729600004	0.0	1.5763576612056962
1998	12	18	0.00042079851729600004	0.0	1.4718927063209604
1998	12	19	0.0018561784338199999	0.0	1.4349346344480471
1998	12	20	0.0084105021691	0.0	1.2354676894793377
1998	12	21	0.00175310046716	0.0	1.1520956131226026
1998	12	22	0.002075338574	0.0	1.3160178408964402
1998	12	23	0.0533674038662	0.0	1.057397420434809
1998	12	24	0.0020813088691400005	0.0	1.3194696671098585
1998	12	25	0.00042079855598	0.0	1.3240625927738083
1998	12	26	0.00042079851729600004	0.0	1.3950016447461844
1998	12	27	0.005967859015099999	0.0	1.3519735877405206
1998	12	28	2.1304855173000004	0.0	1.1063070054693576
1998	12	29	15.371147360199998	0.0	1.2675879236550591
1998	12	30	1.9858969107599997	0.0	0.9245170538054915
1998	12	31	17.776622927	0.0	0.9302470091705584
1999	01	01	0.00381077089784	0.0	1.0409476893612488
1999	01	02	0.184147435529	0.0	1.3516216545860031
1999	01	03	0.072582518412	0.0	1.0166626019222966
1999	01	04	0.00043262912896400004	0.0	1.4095867967179956
1999	01	05	0.00042079855598	0.0	1.3497122151880074
1999	01	06	0.0	0.0	1.4547116268982947
1999	01	07	0.00042079855598	0.0	1.6655526713485722
1999	01	08	0.00483088848036	0.0	1.3143422512355785
1999	01	09	3.34309236278	0.0	1.1474982209802074
1999	01	10	0.471337828698	0.0	0.9599438984313599
1999	01	11	13.4227619374	0.0	0.5897767734439898
1999	01	12	0.010115474324499999	0.0	1.0008222230660417
1999	01	13	0.000824304048704	0.0	1.313954884078925
1999	01	14	0.00207517058873	0.0	1.3921033565720045
1999	01	15	0.0	0.0	1.4459797235140108
1999	01	16	2.0527055326999997	0.0	1.4212616271273963
1999	01	17	6.77778718033	0.0	1.082021569471292
1999	01	18	0.00375208059685	0.0	1.250660797276882
1999	01	19	0.00165078670292	0.0	1.3738443962418039
1999	01	20	1.0446350181700002	0.0	1.415934428658672
1999	01	21	9.685577098300001	0.0	1.1885996110357915
1999	01	22	0.121425778189	0.0	1.1382095241331114
1999	01	23	0.039548113520999996	0.0	1.2722604057100235
1999	01	24	0.0016513352420399999	0.0	1.5586801486065698
1999	01	25	0.00292358227413	0.0	1.717461414297172
1999	01	26	0.0016651588727299997	0.0	1.462751373537057
1999	01	27	0.0185845314973	0.0	1.477325183016015
1999	01	28	0.00042079855598	0.0	1.776440724984369
1999	01	29	0.00208093537512	0.0	1.9291063399518615
1999	01	30	0.0029104600810700002	0.0	1.8891120232751484
1999	01	31	0.0016673848468	0.0	1.6951769497740372
1999	02	01	0.00164860772991	0.0	1.3844761529474414
1999	02	02	0.0012451027594199999	0.0	1.41933487015502
1999	02	03	0.0008329506577000001	0.0	1.680467318222187
1999	02	04	0.0016710597300899999	0.0	1.7166687243851917
1999	02	05	0.00131422613521	0.0	1.7774739198872078
1999	02	06	0.035915090187399995	0.0	1.7481806012015482
1999	02	07	0.103624010662	0.0	1.38810572371927
1999	02	08	0.00042079855598	0.0	1.7708266644711796
1999	02	09	1.42314441877	0.0	1.574280132204318
1999	02	10	0.0	0.0	1.4272547266354039
1999	02	11	0.0012499882584899999	0.0	1.6997906073217766
1999	02	12	0.0	0.0	1.7936153352550432
1999	02	13	0.00041215205336499997	0.0	1.7655718854910083
1999	02	14	0.0	0.0	1.415168666591253
1999	02	15	0.0	0.0	1.8032962628168727
1999	02	16	0.0008243041067299999	0.0	2.0041624272551726
1999	02	17	0.00165886701684	0.0	2.074107023287396
1999	02	18	0.0020852062821399998	0.0	2.345094459923046
1999	02	19	0.0016590368396	0.0	2.492352554999521
1999	02	20	0.000420798604335	0.0	2.4117345375580714
1999	02	21	6.3397785963e-05	0.0	2.377424446277142
1999	02	22	0.025429766842800003	0.0	2.028720820344594
1999	02	23	0.0016716648445599998	0.0	2.405587672765713
1999	02	24	1.01803793068	0.0	1.8450218731979593
1999	02	25	0.186355605288	0.0	1.6413022624219102
1999	02	26	0.9549174413	0.0	2.1521051055416986
1999	02	27	4.630586983600001	0.0	1.5532983081209413
1999	02	28	0.008750077090800001	0.0	2.2465689413068373
1999	03	01	0.0012393376828999999	0.0	2.6577955034638063
1999	03	02	0.00041215205336499997	0.0	2.615152930820313
1999	03	03	0.76611466683	0.0	1.905943772866474
1999	03	04	0.6082201182299999	0.0	1.5197917558494043
1999	03	05	0.5727051115099999	0.0	1.7340826049660043
1999	03	06	0.19217959753999997	0.0	2.04720226245369
1999	03	07	0.0148748625874	0.0	2.2176403433809053
1999	03	08	0.00042079851729600004	0.0	2.814539471855952
1999	03	09	2.84228968562	0.0	2.3274212111896584
1999	03	10	11.5469680077	0.0	1.9156208581003193
1999	03	11	7.1537808637	0.0	1.8905215614298412
1999	03	12	7.0896795415	0.0	1.6103711168006627
1999	03	13	2.4697304644799996	0.10072860590291434	1.5040832737161116
1999	03	14	1.46691430096	0.11751670688673342	2.4855716785978235
1999	03	15	0.071347280266	0.05036430295145717	2.6949930854061264
1999	03	16	0.25284529699	0.016788100983819058	3.019101711499219
1999	03	17	0.13171370094999998	0.0	3.327028642064708
1999	03	18	0.0008329506577000001	0.0	3.2715092738755596
1999	03	19	0.00042079855598	0.0	3.478217323599201
1999	03	20	0.00260174096842	0.0	3.652774808391916
1999	03	21	0.00138380801311	0.0	3.48657987878393
1999	03	22	0.0024959694348399997	0.0	3.756843507380883
1999	03	23	0.81935777707	0.0	3.273042163173199
1999	03	24	8.7804894845	0.0	2.167220456456441
1999	03	25	0.61277835066	0.0	2.212169770471963
1999	03	26	0.031456000981	0.0	2.2569333171564114
1999	03	27	0.557363569015	0.0	2.0046597230638477
1999	03	28	0.250061132142	0.0	2.463073052453497
1999	03	29	0.0009641825494299999	0.0	3.4089709069383023
1999	03	30	0.00129375137098	0.0	3.6676476299409613
1999	03	31	0.20741505883599998	0.0	3.0343778268846546
1999	04	01	1.14047279068	0.0	2.728888173784983
1999	04	02	0.0012363883180299998	0.0	3.2920353119461527
1999	04	03	0.00208086574392	0.0	4.308790726795013
1999	04	04	0.00207517058873	0.0	4.7166436564103655
1999	04	05	0.000827186287163	0.0	4.934072710869586
1999	04	06	0.00147724031779	0.0	4.766389271180925
1999	04	07	0.000824304048704	0.0	4.893174557317537
1999	04	08	0.0008243041067299999	0.0	4.395059614142884
1999	04	09	0.0008300686029899999	0.0	4.1345360840957115
1999	04	10	0.0012545709585500002	0.0	4.778842727599512
1999	04	11	0.0008358328381330001	0.0	5.137299121535581
1999	04	12	0.00083648569833	0.0	4.498740848220274
1999	04	13	0.00207517058873	0.0	3.92192075603638
1999	04	14	0.00056362210831	0.0	3.695164307311999
1999	04	15	0.0156515386632	0.0	2.8553343109308456
1999	04	16	2.8361513085000003	0.0	2.7714087715217226
1999	04	17	0.19699827967099998	0.0	2.7715218487692406
1999	04	18	0.0	0.0	3.978708480472614
1999	04	19	0.0	0.0	4.46187833785382
1999	04	20	0.0355427847333	0.0	4.025399334895293
1999	04	21	0.63471624048	0.0	3.5463414236763393
1999	04	22	0.006547677437239999	0.0	3.353403023803705
1999	04	23	0.59763569228	0.0	3.688606560670248
1999	04	24	0.0	0.0	4.655570233061382
1999	04	25	0.35168463842799996	0.0	3.8755433766509237
1999	04	26	0.9958531402299998	0.0	2.8796747059272905
1999	04	27	8.9638903285	0.0	2.945880816331809
1999	04	28	5.6251893734	0.0	2.915880815390745
1999	04	29	7.0766207902	0.0	3.1837445198424756
1999	04	30	5.98592686085	0.0	3.033895990244695
1999	05	01	6.01803477427	0.0	2.719792129932047
1999	05	02	1.60676856616	0.0	3.71239719179308
1999	05	03	0.082126934693	0.0	3.295131618296379
1999	05	04	0.0118046218226	0.0	3.9274348106668238
1999	05	05	3.2628329272	0.0	2.969960470614831
1999	05	06	4.96394867464	0.0	3.2995494052059815
1999	05	07	1.23375229356	0.0	3.4716490515998237
1999	05	08	0.0037380310516	0.0	4.2912923335088795
1999	05	09	0.00042079855598	0.0	4.603508342738521
1999	05	10	0.0016612208415300001	0.0	5.463443379391004
1999	05	11	0.0005197211840699999	0.0	6.008611976870734
1999	05	12	0.000824304048704	0.0	6.075065352013965
1999	05	13	0.00184374665345	0.0	4.957119602497912
1999	05	14	0.0269269691684	0.0	4.176702329184377
1999	05	15	0.00738691414823	0.0	3.841231600261046
1999	05	16	1.4975344277399998	0.0	3.527832428886104
1999	05	17	3.88616475661	0.0	2.9867289461063034
1999	05	18	1.48288034828	0.0	3.2988846166910157
1999	05	19	0.0220525578999	0.0	3.787816199875729
1999	05	20	0.0024706852823100003	0.0	4.747772006537838
1999	05	21	0.00166013633559	0.0	5.548378578210166
1999	05	22	0.00042079855598	0.0	6.215168381502116
1999	05	23	0.0	0.0	6.339080907293497
1999	05	24	0.00042079855598	0.0	6.3319792955665415
1999	05	25	0.0	0.0	6.772158126128825
1999	05	26	0.0051044108589	0.0	4.939556267292664
1999	05	27	0.78954604918	0.0	4.224874462738802
1999	05	28	0.00042079855598	0.0	4.817683543278183
1999	05	29	0.784806253396	0.0	3.8647303594727593
1999	05	30	0.337391171216	0.0	5.171803448223659
1999	05	31	0.57753742008	0.0	5.778159854534072
1999	06	01	0.232758668674	0.0	4.879904349107333
1999	06	02	0.009790081924299998	0.0	4.671163654194947
1999	06	03	0.00332603852138	0.0	5.126463897211133
1999	06	04	0.0008300686029899999	0.0	5.909347817645236
1999	06	05	0.028033298687	0.0	4.861206661637968
1999	06	06	0.000824304048704	0.0	4.49837254362339
1999	06	07	0.01152700754725	0.0	4.122042043149665
1999	06	08	0.000426562994214	0.0	5.814529063571315
1999	06	09	0.00165167498427	0.0	6.267429618082002
1999	06	10	0.00041231418768	0.0	6.571836816969473
1999	06	11	0.0008309003089899999	0.0	6.602505691168708
1999	06	12	0.00041215205336499997	0.0	6.464590782200581
1999	06	13	0.054843550490599996	0.0	5.464153408704746
1999	06	14	0.017244321416	0.0	5.950464517957876
1999	06	15	0.00043040004083199994	0.0	7.039259349940783
1999	06	16	0.0	0.0	6.538658573591058
1999	06	17	0.012275564707	0.0	6.264094268387864
1999	06	18	0.0024833319523000002	0.0	6.266711558190779
1999	06	19	0.00164860772991	0.0	7.0167160854389135
1999	06	20	0.0016601364323	0.0	7.631293311744678
1999	06	21	0.000824304048704	0.0	7.298441719577679
1999	06	22	0.00208809771772	0.0	7.094029235875032
1999	06	23	0.0039616222505599995	0.0	6.031554603637235
1999	06	24	0.000918796575443	0.0	5.779347133051106
1999	06	25	0.00353511084146	0.0	5.169481063656603
1999	06	26	0.000824304048704	0.0	5.282526276144647
1999	06	27	0.0032591240987	0.0	5.441127457475624
1999	06	28	0.00042079855598	0.0	5.630179903207449
1999	06	29	0.00179992454786	0.0	6.5704171088246515
1999	06	30	0.0008300686029899999	0.0	7.8749677452713405
1999	07	01	0.00125663088155	0.0	7.451345771938508
1999	07	02	0.0029092955959599998	0.0	6.7783500088938595
1999	07	03	0.000420798604335	0.0	6.689916095508579
1999	07	04	0.05148173101	0.0	4.805294133389473
1999	07	05	0.0022565589943399997	0.0	5.51011489766291
1999	07	06	0.00166590112198	0.0	6.604374112890012
1999	07	07	0.0	0.0	7.630910256735183
1999	07	08	0.0008329506577000001	0.0	7.917398714601839
1999	07	09	0.00166013633559	0.0	7.595164056100848
1999	07	10	0.0103864818562	0.0	6.415306458577662
1999	07	11	0.067263584464	0.0	5.26391203642609
1999	07	12	0.0297985879023	0.0	4.907170027906524
1999	07	13	0.058144489092000005	0.0	5.500158006459066
1999	07	14	0.000841597140973	0.0	7.424319003221164
1999	07	15	0.00042079855598	0.0	7.339278796901661
1999	07	16	0.0	0.0	6.8007379650016775
1999	07	17	0.00265393400148	0.0	6.079491005251047
1999	07	18	0.00125663088155	0.0	5.608248998505717
1999	07	19	0.009036380276099999	0.0	5.619391873469811
1999	07	20	0.00083462528806	0.0	6.67633923570699
1999	07	21	0.0008300686029899999	0.0	7.3200206752178785
1999	07	22	0.00083006850628	0.0	6.72756831331519
1999	07	23	0.00333846575638	0.0	5.769190286228558
1999	07	24	0.012839525203599999	0.0	5.538553294301797
1999	07	25	0.0020998516577	0.0	5.206364463680144
1999	07	26	0.0766302419624	0.0	4.834942274004334
1999	07	27	0.311513983295	0.0	4.615873240026273
1999	07	28	0.00082035534072	0.0	5.929872128808604
1999	07	29	0.0008358328381330001	0.0	6.413603440396578
1999	07	30	0.00042079855598	0.0	5.972937313470416
1999	07	31	0.0008243041067299999	0.0	5.910485025214821
1999	08	01	0.0012419904382	0.0	6.117379040014755
1999	08	02	0.00042079857532199995	0.0	5.5429652846207125
1999	08	03	0.0211015920292	0.0	4.967064316808763
1999	08	04	0.42310025398	0.0	4.573829379840638
1999	08	05	0.050102259569999995	0.0	5.370773201208048
1999	08	06	0.5939884680499999	0.0	4.4424615610729585
1999	08	07	3.86410868717	0.0	4.4647168379576865
1999	08	08	0.085514744019	0.0	4.022626082145697
1999	08	09	0.0124844370308	0.0	4.460298749770717
1999	08	10	0.00042656295552999997	0.0	5.209046393095678
1999	08	11	0.00082307327856	0.0	5.911286149943467
1999	08	12	0.0	0.0	5.72766873721095
1999	08	13	0.00164860782662	0.0	6.2308441839304685
1999	08	14	0.0028937111663	0.0	6.414873389438279
1999	08	15	0.0	0.0	6.482925460504041
1999	08	16	0.00041215205336499997	0.0	5.4807201713093106
1999	08	17	0.000873452641293	0.0	4.862226654663357
1999	08	18	0.00041215205336499997	0.0	5.2031187079621155
1999	08	19	0.0012451022758700001	0.0	4.809035745772375
1999	08	20	0.0012450864154300001	0.0	5.761556927764828
1999	08	21	0.0	0.0	5.954147692029875
1999	08	22	0.00124845521157	0.0	6.154848084179649
1999	08	23	0.00041215205336499997	0.0	6.20958667153602
1999	08	24	0.0	0.0	5.98585073756634
1999	08	25	0.0008300686029899999	0.0	5.060488374416229
1999	08	26	0.0031094141173999995	0.0	4.870150414341925
1999	08	27	0.0020573495469	0.0	4.978813339773012
1999	08	28	0.00041215205336499997	0.0	5.338096513695134
1999	08	29	0.00104456645078	0.0	4.739675241671147
1999	08	30	0.0036321887263	0.0	4.659225371289606
1999	08	31	0.00152953721739	0.0	4.556783117166705
1999	09	01	0.0168686959076	0.0	4.525673698308215
1999	09	02	0.00297902273228	0.0	4.762813346023892
1999	09	03	0.00274973966627	0.0	4.166600841644441
1999	09	04	0.00115703408805	0.0	4.141658990700296
1999	09	05	1.5829939600199998	0.0	3.614322639453324
1999	09	06	2.3109293563399995	0.0	3.4459869872887676
1999	09	07	0.0237856175406	0.0	4.10554699885059
1999	09	08	0.000426562994214	0.0	5.020819020768343
1999	09	09	0.0	0.0	5.20910896206248
1999	09	10	0.0012512910389	0.0	5.118067148243302
1999	09	11	0.00042079851729600004	0.0	5.05682163414631
1999	09	12	0.0008358328381330001	0.0	4.227828046821915
1999	09	13	0.000426562994214	0.0	3.3865674403285304
1999	09	14	0.0029002990515	0.0	3.458662529700799
1999	09	15	0.0	0.0	4.032047317497884
1999	09	16	0.0019802358942	0.0	3.7922100957967078
1999	09	17	0.114957194445	0.0	2.8920080055571002
1999	09	18	5.3625056714	0.0	3.072785582552093
1999	09	19	31.377315790799997	0.0	2.3076344362338457
1999	09	20	0.407026026854	0.0	2.58477942077335
1999	09	21	0.463751451432	0.0	2.833608834501201
1999	09	22	6.6678334228	0.0	2.204988667605234
1999	09	23	0.37797418811800004	0.0	2.9279716624148957
1999	09	24	0.8987821508130001	0.0	3.260943412621249
1999	09	25	0.5328260660399999	0.0	2.6191335873332613
1999	09	26	0.158895477758	0.0	2.644951493386628
1999	09	27	0.0017050346300599999	0.0	3.261312611979382
1999	09	28	0.00176442056608	0.0	3.252907951055105
1999	09	29	0.000824304048704	0.0	3.2833610226024903
1999	09	30	0.43955017044300004	0.0	2.8201128187810998
1999	10	01	0.00166259915245	0.0	3.4071406688543595
1999	10	02	0.0033188496802399998	0.0	3.1556261681426054
1999	10	03	0.003213557248	0.0	2.4444794909712786
1999	10	04	0.00042079855598	0.0	3.4223896105492333
1999	10	05	0.00248808844023	0.0	3.1115446627089067
1999	10	06	0.0008402588873349999	0.0	3.1194668241724184
1999	10	07	3.03607041392	0.0	2.8760574560480716
1999	10	08	0.257256481865	0.0	2.7873573840457992
1999	10	09	0.048915105636	0.0	2.8954736390194316
1999	10	10	0.043384357446	0.0	2.6352401424783305
1999	10	11	4.21837637233	0.0	2.661276355601263
1999	10	12	2.1092915207999994	0.0	2.345514481760268
1999	10	13	0.0848124021505	0.0	2.493511267483654
1999	10	14	0.00123863044267	0.0	2.779414689581671
1999	10	15	0.051046990547	0.0	2.7787301408845004
1999	10	16	0.768950629554	0.0	1.8828322307939498
1999	10	17	3.23936663254	0.0	1.984695970762955
1999	10	18	0.6786778985999999	0.0	1.8050544883536723
1999	10	19	1.8914754561999998	0.0	1.6433248289227713
1999	10	20	25.9606080328	0.15109290885437152	1.413502239106811
1999	10	21	12.7652113054	0.15109290885437152	1.8777454871045094
1999	10	22	5.4479818378	0.16788100983819057	1.4740358496369994
1999	10	23	2.6035463507	0.08394050491909529	1.6165270825979943
1999	10	24	13.8889379859	0.11751670688673342	1.5455846660754164
1999	10	25	3.09051350184	0.15109290885437152	1.7081034803699557
1999	10	26	9.467125649000002	0.20145721180582868	1.2904938748069998
1999	10	27	0.57418448438	0.25182151475728587	2.0751383246503163
1999	10	28	2.9791541611700003	0.08394050491909529	1.981957547906265
1999	10	29	5.37148161663	0.16788100983819057	1.4854891753408042
1999	10	30	0.014853747893099999	0.15109290885437152	1.6946781850564252
1999	10	31	3.4919843709e-05	0.05036430295145717	2.025001163770806
1999	11	01	0.0111809506378	0.033576201967638115	1.930170242006352
1999	11	02	0.129347632774	0.016788100983819058	1.5712445119645273
1999	11	03	0.00249568694493	0.016788100983819058	1.9221281025360157
1999	11	04	0.020453502536500003	0.016788100983819058	1.9332977617126195
1999	11	05	0.16284598454799998	0.0	1.774426997335732
1999	11	06	0.00125086706226	0.0	2.1378114172934306
1999	11	07	0.0038276457290299997	0.0	1.8873198516279899
1999	11	08	0.000824304048704	0.0	2.1445825969638213
1999	11	09	0.0016713016985099999	0.0	2.010174942435655
1999	11	10	0.00123357367019	0.0	1.8637859528539997
1999	11	11	0.0010923543433400001	0.0	1.4780405291310494
1999	11	12	0.000824304048704	0.0	1.288630610304371
1999	11	13	2.6440620381	0.0	1.2622139833755714
1999	11	14	0.11247866221	0.0	1.552606476619689
1999	11	15	0.0008300686029899999	0.0	1.482224397675772
1999	11	16	0.0033185243478	0.0	1.3252623975869584
1999	11	17	0.0008516819340500001	0.0	1.5467094379296624
1999	11	18	0.000824304048704	0.0	1.5533679016176514
1999	11	19	0.117312140971	0.0	1.3509764299253644
1999	11	20	0.126780320759	0.0	1.1817741761518497
1999	11	21	0.0	0.0	1.3347608227862213
1999	11	22	0.00124378295805	0.0	1.2580905252192853
1999	11	23	0.00042656295552999997	0.0	1.36663659974387
1999	11	24	0.000824304048704	0.0	1.4444205669904169
1999	11	25	0.00042079851729600004	0.0	1.4963311793213652
1999	11	26	0.0	0.0	1.4593107115486168
1999	11	27	0.00164860831017	0.0	1.4920797046832424
1999	11	28	0.0010340766072099998	0.0	1.2951729367402678
1999	11	29	41.870579026399994	0.016788100983819058	0.8215403455526223
1999	11	30	11.7338117277	0.28539771672492403	1.0104022395274894
1999	12	01	0.00081385962015	0.13430480787055246	1.3740135015183306
1999	12	02	0.0012451022758700001	0.06715240393527623	1.4033318428710988
1999	12	03	1.1812855712	0.05036430295145717	1.3736606541585306
1999	12	04	4.08844455313	0.06715240393527623	1.0501699199539354
1999	12	05	0.004404561593939999	0.06715240393527623	1.0781723496974844
1999	12	06	0.0020742776653	0.05036430295145717	1.3468989470344996
1999	12	07	0.00124222002774	0.033576201967638115	1.256251553120597
1999	12	08	0.0	0.033576201967638115	1.1346013202814187
1999	12	09	1.04107415597	0.016788100983819058	1.1596429789028058
1999	12	10	0.006925737716599999	0.016788100983819058	1.1342919521221158
1999	12	11	0.105153131156	0.0	1.1796041964797759
1999	12	12	0.7972803347199999	0.0	1.0700894521561346
1999	12	13	1.1955766980299998	0.016788100983819058	0.7249580795369838
1999	12	14	4.087557432300001	0.016788100983819058	0.6752204639611444
1999	12	15	0.844459273423	0.21824531278964773	1.1899810046110433
1999	12	16	0.00042079851729600004	0.10072860590291434	0.8550880982514542
1999	12	17	0.0020636411126600004	0.06715240393527623	0.9935751721504467
1999	12	18	0.0008243041067299999	0.05036430295145717	1.1045644125666876
1999	12	19	0.0080169408241	0.05036430295145717	1.1257412938090816
1999	12	20	0.19113464599	0.033576201967638115	0.7205699878688915
1999	12	21	0.00576517680827	0.033576201967638115	1.083164622195728
1999	12	22	0.0027676541299600003	0.033576201967638115	1.2414908530581947
1999	12	23	0.004669836737099999	0.033576201967638115	1.2299477096547975
1999	12	24	0.0173795829233	0.033576201967638115	1.0586721421967082
1999	12	25	0.230432648109	0.033576201967638115	1.1304802924561397
1999	12	26	0.378594534413	0.016788100983819058	1.0539596421390782
1999	12	27	0.49955434448	0.016788100983819058	0.8486933979753661
1999	12	28	0.90937138325	0.016788100983819058	0.8244707605380548
1999	12	29	6.92653499384	0.25182151475728587	1.011578327239411
1999	12	30	0.00042079855598	0.28539771672492403	1.1319487470871392
1999	12	31	0.00042079851729600004	0.11751670688673342	1.2094891300202708
2000	01	01	0.0	0.05036430295145717	1.2636910123064016
2000	01	02	0.0016611082710900002	0.08394050491909529	1.2264803682881
2000	01	03	0.000426562994214	0.08394050491909529	1.325914751862804
2000	01	04	0.00166591862649	0.08394050491909529	1.260343726924294
2000	01	05	0.13839471788	0.06715240393527623	1.2507501017655576
2000	01	06	0.19973499859299998	0.06715240393527623	1.0205144048901817
2000	01	07	0.000841597140973	0.06715240393527623	1.324633512295828
2000	01	08	0.00123933758619	0.06715240393527623	1.2910197820533216
2000	01	09	0.408834349118	0.06715240393527623	1.135755910412451
2000	01	10	0.0	0.06715240393527623	0.9904485824482511
2000	01	11	0.0	0.05036430295145717	1.2496869760460954
2000	01	12	0.00042079855598	0.05036430295145717	1.3072197591421286
2000	01	13	3.67004324463	0.033576201967638115	1.2133935989421898
2000	01	14	0.39095274748599995	0.033576201967638115	0.841889407497252
2000	01	15	0.7440209771999999	0.033576201967638115	1.06034681864937
2000	01	16	1.20327713507	0.033576201967638115	1.0185015774240345
2000	01	17	0.611187132675	0.033576201967638115	1.024613458898183
2000	01	18	0.0169835941573	0.033576201967638115	1.3247240090577757
2000	01	19	0.0008243041067299999	0.033576201967638115	1.3290043196965269
2000	01	20	0.0	0.033576201967638115	1.558165749057797
2000	01	21	0.00165437174262	0.033576201967638115	1.4381774579104818
2000	01	22	0.002060657996	0.033576201967638115	1.2930306593661556
2000	01	23	0.0016588496090399999	0.033576201967638115	1.24844570637789
2000	01	24	0.00125096560975	0.033576201967638115	1.3535394719269405
2000	01	25	0.31075468407199996	0.033576201967638115	0.9260224915873053
2000	01	26	0.14757669409399998	0.016788100983819058	1.3453952171732873
2000	01	27	3.05770927642	0.016788100983819058	1.3939637772492024
2000	01	28	0.0012283377907899998	0.016788100983819058	1.64588004218676
2000	01	29	0.00042079851729600004	0.016788100983819058	1.599638935186919
2000	01	30	0.0012537407032	0.016788100983819058	1.7913095301296271
2000	01	31	0.31587178425	0.016788100983819058	1.8245752425081638
2000	02	01	11.695724428399998	0.0	1.12527827496275
2000	02	02	0.197222617858	0.016788100983819058	0.9778685541354134
2000	02	03	0.0016716649412699999	0.033576201967638115	1.902716161662952
2000	02	04	0.00042079851729600004	0.033576201967638115	1.9263692415305727
2000	02	05	0.0045735851424999995	0.033576201967638115	1.6638793092702577
2000	02	06	0.019291236921000002	0.033576201967638115	1.6853621583309686
2000	02	07	0.0100567055917	0.033576201967638115	1.4929010926616626
2000	02	08	0.0050016723443400005	0.016788100983819058	1.7374655793964124
2000	02	09	0.00620709566773	0.016788100983819058	1.759080489133549
2000	02	10	0.0090966054615	0.016788100983819058	1.8092631964116337
2000	02	11	0.0036449610225800003	0.016788100983819058	1.6043058455120573
2000	02	12	0.0016506890258199999	0.016788100983819058	1.9297307928901906
2000	02	13	0.0008271862581499999	0.016788100983819058	2.0909391395820154
2000	02	14	0.0	0.016788100983819058	1.9681537611655233
2000	02	15	0.00166423780669	0.0	2.041874379611674
2000	02	16	0.00206874072767	0.0	1.7191932369022016
2000	02	17	0.00123933758619	0.0	1.9376690491048476
2000	02	18	0.0016574527298	0.0	2.187453461324652
2000	02	19	0.00166250253916	0.0	2.225334684924867
2000	02	20	0.0	0.0	2.308185523090286
2000	02	21	0.00056234311856	0.0	2.3755804919192434
2000	02	22	0.0129771522375	0.0	1.979970231701091
2000	02	23	0.00124126472636	0.0	2.2246700152958945
2000	02	24	0.0	0.0	2.4123183275699556
2000	02	25	0.0012422199310300002	0.0	2.370606680498811
2000	02	26	0.015979045143999997	0.0	2.5267917285780075
2000	02	27	0.00089107259402	0.0	2.626073425613339
2000	02	28	0.0020867000648	0.0	2.2208686359159073
2000	02	29	0.004210047417	0.0	2.2390173715582464
2000	03	01	0.0012422199310300002	0.10072860590291434	2.2669948737637897
2000	03	02	0.00042079851729600004	0.0	2.7377620864708403
2000	03	03	0.00123933758619	0.0	2.8081207687376124
2000	03	04	0.00166013633559	0.0	2.6524544485873043
2000	03	05	0.000420798604335	0.0	3.0328939131674484
2000	03	06	0.0008243041067299999	0.0	3.178581861504663
2000	03	07	0.00124296933682	0.0	3.3364712112884733
2000	03	08	0.00042079851729600004	0.0	3.285908503561209
2000	03	09	0.0016337659363400002	0.0	3.0379430317105585
2000	03	10	0.00123933758619	0.0	3.240906494977091
2000	03	11	0.0088556882792	0.0	2.5559369559951075
2000	03	12	2.45196067895	0.0	2.251959181135881
2000	03	13	0.00252492450555	0.0	2.629490682668296
2000	03	14	0.00042079851729600004	0.0	3.2565870056329307
2000	03	15	0.00165437270972	0.0	3.5025566840426805
2000	03	16	0.0	0.0	3.2558823627377347
2000	03	17	0.0016533072556499998	0.0	3.272715185649642
2000	03	18	0.0	0.0	3.6049734843367496
2000	03	19	0.057291168407	0.0	3.665526206547235
2000	03	20	0.423141404085	0.0	2.877682089945941
2000	03	21	1.92171386861	0.0	2.232836224524188
2000	03	22	6.9965149301	0.0	2.210999933638936
2000	03	23	1.0971732092200002	0.0	2.604594398092602
2000	03	24	0.28010330062	0.0	2.5710927257060994
2000	03	25	0.86675515465	0.0	2.6097611047891336
2000	03	26	0.00042079855598	0.0	3.022866696049338
2000	03	27	0.00083583280912	0.0	3.426931084845776
2000	03	28	0.00196233332584	0.0	2.5687013061270654
2000	03	29	0.99799816803	0.0	2.8870003952580916
2000	03	30	1.26349497051	0.0	2.7283813802926784
2000	03	31	0.00041215205336499997	0.0	2.8960616375561594
2000	04	01	7.5647219628	0.0	3.306760834391102
2000	04	02	12.322548359199999	0.0	2.2289896933775877
2000	04	03	1.7725334712699998	0.0	2.24932155075706
2000	04	04	0.578866370216	0.0	2.1412713668518504
2000	04	05	0.31159787922	0.0	2.560935851174793
2000	04	06	0.000420798604335	0.0	3.407239956407788
2000	04	07	1.7209259205499998	0.0	2.9107121095852575
2000	04	08	8.7335425821	0.0	2.326198883157695
2000	04	09	4.75923323677	0.0	2.545697381565616
2000	04	10	0.07864454298700001	0.0	2.1967917554162066
2000	04	11	0.00126453972864	0.0	2.702762252697397
2000	04	12	0.81000359903	0.0	2.4591351943321027
2000	04	13	1.9586132789800001	0.0	2.7560373842313517
2000	04	14	4.54261221764	0.0	2.854900242451881
2000	04	15	16.355105847399997	0.033576201967638115	2.6790152978650585
2000	04	16	5.7413487215000005	0.15109290885437152	2.425375053039236
2000	04	17	0.63486498046	0.15109290885437152	2.7778767829264797
2000	04	18	0.7226967123299999	0.06715240393527623	2.903952545746619
2000	04	19	0.185745355517	0.05036430295145717	3.294431966311995
2000	04	20	0.0026385325471400003	0.033576201967638115	3.51319327727567
2000	04	21	1.59033086417	0.016788100983819058	2.951533854260759
2000	04	22	3.39604650354	0.016788100983819058	2.573426899414876
2000	04	23	0.038349416281400005	0.016788100983819058	3.279623162574608
2000	04	24	0.0012337355627299999	0.016788100983819058	3.577089277348231
2000	04	25	1.6587248531399998	0.016788100983819058	2.9335048654648466
2000	04	26	2.6910836973300003	0.016788100983819058	3.187144905110564
2000	04	27	0.75753368524	0.033576201967638115	2.5547635912158637
2000	04	28	0.43289987828	0.033576201967638115	3.0815439809483776
2000	04	29	9.1273921229	0.033576201967638115	2.1040109690231903
2000	04	30	26.870611415899997	0.16788100983819057	2.0749508890574884
2000	05	01	8.6660970281	0.28539771672492403	3.390979287294687
2000	05	02	0.211851891203	1.2255313718187912	4.2025248825992385
2000	05	03	3.16808053102	0.36933822164401925	3.613736216205601
2000	05	04	3.4534857639699994	0.33576201967638114	2.7813489260489113
2000	05	05	2.8840173427399995	0.5204311304983907	2.886695568011433
2000	05	06	6.05364977913	1.813114906252458	2.6005251974089076
2000	05	07	8.379519186400001	2.4846389456052203	3.0756691174911537
2000	05	08	11.49166681195	5.7079543344984796	3.4476911874703866
2000	05	09	9.466773624599998	3.542289307585821	3.207094858145019
2000	05	10	6.15927102537	1.2423194728026101	3.447623269773553
2000	05	11	0.88655352914	0.8226169482071338	3.660862466583442
2000	05	12	0.0008266652523669999	0.36933822164401925	4.703708416464191
2000	05	13	0.0008315418831300001	0.23503341377346684	4.975751286407236
2000	05	14	0.000824304048704	0.16788100983819057	5.451910124018642
2000	05	15	0.00041215205336499997	0.10072860590291434	5.40254899303137
2000	05	16	0.00052203052216	0.06715240393527623	4.726974958827235
2000	05	17	0.0040579170745300005	0.05036430295145717	4.833605890671488
2000	05	18	0.10682270358299999	0.033576201967638115	5.050964498871158
2000	05	19	0.0183706853782	0.033576201967638115	5.456592892178334
2000	05	20	0.22619184691199998	0.033576201967638115	3.936185878313424
2000	05	21	7.4871347212299995	0.033576201967638115	3.194360410870921
2000	05	22	0.812620823076	0.033576201967638115	4.7469501679567285
2000	05	23	11.1041145428	0.016788100983819058	4.055031871888518
2000	05	24	0.90028248074	0.016788100983819058	4.223766755910159
2000	05	25	0.217614443592	0.016788100983819058	3.7432512389692234
2000	05	26	0.8458171978749999	0.016788100983819058	3.3557338227146856
2000	05	27	0.00367627185218	0.0	4.4795782048788215
2000	05	28	0.007847418832200002	0.0	4.874895810054039
2000	05	29	0.0028175767023500002	0.0	5.137019656052282
2000	05	30	0.000426562994214	0.0	6.174754637415495
2000	05	31	0.0	0.0	6.273806061886451
2000	06	01	0.00206364178963	0.0	6.020712529233417
2000	06	02	0.00124919833121	0.0	5.908845877342209
2000	06	03	0.44986813133000003	0.0	5.897763669029881
2000	06	04	0.065198903332	0.0	4.713847081845798
2000	06	05	0.0011514579828699998	0.0	5.089176837786141
2000	06	06	0.00165437261301	0.0	6.331566332805287
2000	06	07	0.0	0.0	6.508187858256969
2000	06	08	0.00042656295552999997	0.0	6.005008834907754
2000	06	09	0.24746177043300002	0.0	3.185501361019119
2000	06	10	0.0	0.0	4.562679786503208
2000	06	11	0.61288144352	0.0	4.696223827244967
2000	06	12	0.0016643548257900002	0.0	6.879083811406716
2000	06	13	0.0016601364323	0.0	6.891083182226094
2000	06	14	0.0	0.0	6.761873691889791
2000	06	15	0.00042656295552999997	0.0	6.711913071224529
2000	06	16	0.0008300686029899999	0.0	6.679606448598351
2000	06	17	0.000233085664526	0.0	5.419955906354381
2000	06	18	0.033092662994999994	0.0	5.57411192806717
2000	06	19	0.0181105064652	0.0	5.456310753950875
2000	06	20	0.00275187386255	0.0	4.633015275252155
2000	06	21	0.37924565383	0.0	4.764741977613018
2000	06	22	0.0024688022419	0.0	5.396589931407051
2000	06	23	0.0	0.0	6.751481167605858
2000	06	24	0.00166301877714	0.0	7.400465859262631
2000	06	25	0.0170978870024	0.0	4.79288172036451
2000	06	26	0.04387742371	0.0	5.089334948238448
2000	06	27	0.0058773432906	0.0	5.536627562289063
2000	06	28	0.0046335772567999995	0.0	5.528625786023722
2000	06	29	0.0	0.0	6.368000457742458
2000	06	30	0.00212541095018	0.0	6.016734950439377
2000	07	01	0.0021699693090000004	0.0	5.353251361757463
2000	07	02	0.007139718746149999	0.0	4.759554825225696
2000	07	03	0.42630365667799996	0.0	4.237411461391268
2000	07	04	0.0024959694348399997	0.0	5.287924167213164
2000	07	05	0.00124573727373	0.0	6.2115794430392
2000	07	06	0.0	0.0	5.859991058996261
2000	07	07	0.00125663078484	0.0	5.982745319835968
2000	07	08	0.00042079855598	0.0	6.509282753265823
2000	07	09	0.0	0.0	6.550192415090707
2000	07	10	0.017107258201399998	0.0	4.433443633986364
2000	07	11	0.00042079855598	0.0	5.6383052475954445
2000	07	12	0.00290279968197	0.0	6.91605112768924
2000	07	13	0.0008300686029899999	0.0	6.960909145252947
2000	07	14	0.0028994750823	0.0	7.680075673239059
2000	07	15	0.0008243041067299999	0.0	7.4396340759550075
2000	07	16	0.0012451022758700001	0.0	6.815010562053393
2000	07	17	0.0	0.0	5.773979016678453
2000	07	18	0.0040957062169	0.0	5.649117085630086
2000	07	19	0.00055976579706	0.0	6.077573881561751
2000	07	20	0.00163515739982	0.0	7.032349269811039
2000	07	21	7.5738446171e-05	0.0	6.329054595749267
2000	07	22	0.00142285196773	0.0	5.382284215522492
2000	07	23	0.286133894445	0.0	4.352897295617792
2000	07	24	0.135501309416	0.0	4.992297538629336
2000	07	25	1.35844407483	0.0	4.181507883294375
2000	07	26	0.0016416329080000001	0.0	5.432046082129481
2000	07	27	0.0	0.0	5.859056946278342
2000	07	28	0.0	0.0	6.1721815711413965
2000	07	29	0.0	0.0	7.114126519734275
2000	07	30	0.00082661180075	0.0	7.116313789520773
2000	07	31	0.0012605625298900002	0.0	7.673655914903249
2000	08	01	0.00132215219668	0.0	6.783259233006308
2000	08	02	0.00124798462071	0.0	6.323559950062488
2000	08	03	0.0	0.0	5.810480799568416
2000	08	04	0.0	0.0	6.2764989371285465
2000	08	05	0.00083583280912	0.0	6.23594712438622
2000	08	06	0.0008358328381330001	0.0	5.9212897874485275
2000	08	07	0.0012515831030999998	0.0	6.4435645356261215
2000	08	08	0.00165437261301	0.0	6.6401558825758755
2000	08	09	0.0033318012768600003	0.0	6.831655177242324
2000	08	10	0.00165737188024	0.0	6.020505823594798
2000	08	11	0.00309100962414	0.0	4.916840997572778
2000	08	12	0.00046689651865799997	0.0	4.993476056034855
2000	08	13	0.036938362256700004	0.0	4.994949683130794
2000	08	14	0.00165919089863	0.0	6.179553034916289
2000	08	15	0.0028994750823	0.0	6.855442414953253
2000	08	16	0.00042079857532199995	0.0	6.539165199377167
2000	08	17	0.00167166513469	0.0	5.671726318075687
2000	08	18	0.000430279366094	0.0	5.646259325939326
2000	08	19	0.00123933758619	0.0	5.715642782731075
2000	08	20	0.0471650395418	0.0	4.4720844553025385
2000	08	21	0.0008300686029899999	0.0	4.2924613646859155
2000	08	22	0.0030702791586700003	0.0	4.179534099284959
2000	08	23	1.78203145708	0.0	3.37181165764265
2000	08	24	0.0	0.0	4.569843219497651
2000	08	25	0.14359965008	0.0	4.3865657359221215
2000	08	26	0.103733263949	0.0	4.471972144499862
2000	08	27	0.00042079851729600004	0.0	5.396712920429189
2000	08	28	0.00123003872627	0.0	5.664039944583683
2000	08	29	0.0	0.0	5.402005824059778
2000	08	30	0.0	0.0	4.62960875715011
2000	08	31	0.00206364178963	0.0	5.335518117297115
2000	09	01	0.000824304048704	0.0	5.3760915557514535
2000	09	02	0.0	0.0	5.6679878799317365
2000	09	03	0.00042079855598	0.0	5.30694973123177
2000	09	04	0.0008243041067299999	0.0	5.108632264329758
2000	09	05	0.00042079855598	0.0	5.0566646966348765
2000	09	06	0.0008271862581499999	0.0	5.224468276148601
2000	09	07	0.0	0.0	5.739980202201057
2000	09	08	0.0	0.0	6.037320283559999
2000	09	09	0.000417783496007	0.0	5.320453586777007
2000	09	10	0.00081858767534	0.0	5.274997333741492
2000	09	11	0.0008410958156749999	0.0	4.731171755777039
2000	09	12	0.00127790292302	0.0	4.56020062765316
2000	09	13	0.0009434714646439999	0.0	4.950546834640856
2000	09	14	0.00124215049325	0.0	5.104123143547499
2000	09	15	0.000446825112496	0.0	4.508006122603157
2000	09	16	0.0072147938487599995	0.0	4.097216087547234
2000	09	17	0.47915475293299997	0.0	3.1232826892920507
2000	09	18	0.076135692167	0.0	3.576382957924877
2000	09	19	0.7362609668	0.0	2.5033931515488415
2000	09	20	0.00303315895937	0.0	2.9908060269781562
2000	09	21	0.0	0.0	3.904663265092792
2000	09	22	0.00165437261301	0.0	4.332268993669932
2000	09	23	0.00044819611213999997	0.0	3.9700228800675332
2000	09	24	0.00283053574564	0.0	3.4421773854767514
2000	09	25	0.00122887781943	0.0	4.071115797512929
2000	09	26	0.089562724818	0.0	3.745252578750479
2000	09	27	0.00166056727535	0.0	3.3659309199597924
2000	09	28	3.05497373736	0.0	2.654829354359197
2000	09	29	1.26835232697	0.0	2.036530928310488
2000	09	30	0.00187619537291	0.0	2.6820842582120585
2000	10	01	0.29670183134	0.0	2.6915553444424747
2000	10	02	0.0360762196855	0.0	3.022060974122401
2000	10	03	0.000835311397155	0.0	3.8248809512015933
2000	10	04	0.0	0.0	4.081338281062417
2000	10	05	0.00041215205336499997	0.0	3.6823230937447193
2000	10	06	0.0019475996540499999	0.0	3.8327639346261684
2000	10	07	0.0008358328381330001	0.0	3.5866861045017844
2000	10	08	0.00125663078484	0.0	3.5250322204213003
2000	10	09	0.0008300686029899999	0.0	3.256890008901041
2000	10	10	0.069343081568	0.0	2.2615955726051618
2000	10	11	4.062879941599999	0.0	2.0001681522679453
2000	10	12	1.22431978042	0.0	1.9312622454701955
2000	10	13	0.0012351718996499999	0.0	2.22914221275618
2000	10	14	0.00148973679715	0.0	2.3528063849307532
2000	10	15	2.5712132964	0.0	1.760949592158229
2000	10	16	0.020414961667300002	0.0	2.2025340580951234
2000	10	17	0.0	0.0	2.8631447434993818
2000	10	18	0.0019955552417499998	0.0	2.985785418760668
2000	10	19	0.132251099078	0.0	2.7120256142505488
2000	10	20	12.6096165206	0.0	1.7291678056730824
2000	10	21	0.0024814219297999997	0.0	1.7981937270959432
2000	10	22	0.00257168388726	0.0	2.52424570895932
2000	10	23	0.00083935024853	0.0	2.5505959216199394
2000	10	24	0.134095629566	0.0	2.093266036894713
2000	10	25	0.024027492151899997	0.0	2.356193478288892
2000	10	26	0.005873788231	0.0	1.8191626928267597
2000	10	27	0.00298500569643	0.0	2.327890759454945
2000	10	28	0.020755898265800002	0.0	2.0656807070680707
2000	10	29	0.010354778383999999	0.0	1.6850372041569934
2000	10	30	0.061898877673	0.0	1.9450308340963955
2000	10	31	2.48224560887	0.0	1.6747177589207891
2000	11	01	0.0028995452937599997	0.0	1.764172977385702
2000	11	02	3.2069184933400003	0.0	1.613108787668854
2000	11	03	0.28738538954199994	0.0	1.4996641840793519
2000	11	04	0.0035072275109699997	0.0	1.6062280903962012
2000	11	05	1.1630905517999999	0.0	1.7660210345519154
2000	11	06	1.80923936493	0.0	1.4167183061198245
2000	11	07	0.55303826262	0.0	1.1585380978466386
2000	11	08	1.29889063709	0.0	1.3728543107663733
2000	11	09	0.00042079855598	0.0	1.5083751359159567
2000	11	10	0.05695727036230001	0.0	1.6173245040597932
2000	11	11	0.000282258163827	0.0	1.7670939548038327
2000	11	12	6.8333741541299995	0.0	1.8023735157643417
2000	11	13	5.0969438797999995	0.0	1.277146291200767
2000	11	14	4.94579524054	0.0	1.2797800687805292
2000	11	15	0.00123933758619	0.0	1.3831304839797396
2000	11	16	0.705351648107	0.0	1.559131501310147
2000	11	17	0.00321129007547	0.0	1.2529473850265973
2000	11	18	0.323081263304	0.0	1.4575359842851068
2000	11	19	3.35255717706	0.0	1.16497023990333
2000	11	20	0.380303516165	0.0	1.132092945223358
2000	11	21	0.12352495577799999	0.0	1.3704804986622738
2000	11	22	12.285961999100001	0.0	1.0754137354880604
2000	11	23	1.92658553815	0.0	1.2695095265667562
2000	11	24	1.72935574441	0.0	1.4193948372159715
2000	11	25	2.80685330413	0.0	0.9686777785300659
2000	11	26	1.2203543802899999	0.0	1.000138669027756
2000	11	27	0.5172409594099999	0.0	1.1338372585553305
2000	11	28	5.404299865	0.0	1.4159317250065915
2000	11	29	2.56464929857	0.0	1.1508317543266064
2000	11	30	0.7205038130800001	0.0	1.303152660984038
2000	12	01	9.3846552294	0.0	1.1962239399405772
2000	12	02	3.11183167398	0.0	1.2421155681219116
2000	12	03	0.016031784008299996	0.0	1.3937602276393866
2000	12	04	0.223074061577	0.0	1.0844850294802268
2000	12	05	7.372832882099999	0.0	0.7967450534320927
2000	12	06	9.4096470276	0.0	0.9677986711824825
2000	12	07	9.7848305713	0.0	1.0960039252011962
2000	12	08	2.80469551061	0.0	1.0042351391614792
2000	12	09	0.10116117446	0.0	1.1612579665188136
2000	12	10	0.0161636674353	0.06715240393527623	1.2417553804622292
2000	12	11	0.00042656295552999997	0.06715240393527623	1.3794907563640886
2000	12	12	0.0012393383598699999	0.05036430295145717	1.302442492829387
2000	12	13	0.0032822580978	0.05036430295145717	1.157580845245143
2000	12	14	1.0636474304899999	0.033576201967638115	1.133889293824737
2000	12	15	0.018869836635399997	0.033576201967638115	1.0331078144911765
2000	12	16	0.00166590112198	0.033576201967638115	1.0814979178600597
2000	12	17	1.23406592409e-05	0.016788100983819058	1.127649410267087
2000	12	18	0.0023844537141	0.016788100983819058	1.0883012208588765
2000	12	19	1.87422838822	0.016788100983819058	1.164196417653448
2000	12	20	1.8451647121799999	0.016788100983819058	0.973907519050708
2000	12	21	57.5795924426	0.6715240393527623	1.0928264251812476
2000	12	22	10.5233574534	12.10422080933354	0.9010648413801854
2000	12	23	10.080714816299999	13.279387878200874	1.0821962832122884
2000	12	24	10.49833422445	10.223953499145805	0.6853993778463361
2000	12	25	7.6002329077	15.210019491340066	0.9452632728086099
2000	12	26	7.622577753199999	11.432696769980778	0.6758926768510136
2000	12	27	2.58396866843	8.914481622407918	0.8282561492187979
2000	12	28	3.3407483058	3.0890105810227064	1.096998697885325
2000	12	29	0.218037269383	2.4510627436375825	0.7896985612568227
2000	12	30	0.183988976194	1.762750603301001	1.0492052633362445
2000	12	31	0.149407017883	1.477352886576077	1.1678358295653033
2001	01	01	2.6440968537	1.5109290885437152	0.8650632957003292
2001	01	02	3.0945149748	5.35540421383828	0.9406464412118589
2001	01	03	5.13542710984	2.014572118058287	1.055345644279087
2001	01	04	1.1209326318900001	2.1320888249450203	0.939145549471977
2001	01	05	10.9634072954	2.1488769259288394	1.0925056575143586
2001	01	06	6.057266443	3.5926536105372784	0.9376074593225756
2001	01	07	0.0047332533525	1.494140987559896	0.9628755336857824
2001	01	08	0.166353211382	0.8729812511585909	1.0612972048866554
2001	01	09	3.59172584256	0.587583534433667	1.1581193677067867
2001	01	10	12.6196173017	1.5780814924789914	0.8957970200830943
2001	01	11	6.3242895227	4.9692778912104405	1.0097224288653215
2001	01	12	2.82757912752	11.063358548336758	0.8920662912867245
2001	01	13	0.00044547985705399996	2.064936421009744	1.180408194792038
2001	01	14	0.0020817475456999996	1.0744384629644197	1.1079532097556308
2001	01	15	0.0803334332365	0.8226169482071338	1.1626971023589419
2001	01	16	3.35736936995	0.8561931501747719	1.2357233818866007
2001	01	17	1.44200983189	0.8226169482071338	1.1803378059325333
2001	01	18	11.5390348864	2.4174865416699443	0.8981609044827605
2001	01	19	0.0	1.0744384629644197	1.1380398608974878
2001	01	20	0.0	0.5036430295145717	1.2045007556890235
2001	01	21	0.0022578033619100003	0.4197025245954764	1.5007439365398778
2001	01	22	0.25630238935999994	0.36933822164401925	1.3352050493534724
2001	01	23	0.645230890165	0.36933822164401925	1.006288281217126
2001	01	24	3.21919186273	1.2423194728026101	1.0701175214195873
2001	01	25	2.72302420574	3.609441711521097	0.9608284657831598
2001	01	26	1.33043821277	1.6955981993657248	1.2205354224129557
2001	01	27	3.7083343119	3.7605346203754695	0.888977315877591
2001	01	28	0.149915064526	2.367122238718487	0.983059153880336
2001	01	29	0.000824304048704	1.0072860590291435	1.1209290443516653
2001	01	30	0.00196615259716	0.4532787265631145	1.5181363472044374
2001	01	31	0.0029909124531	0.3525501206602002	1.4535713850597956
2001	02	01	0.015609361498	0.28539771672492403	1.3363217068227478
2001	02	02	0.0073877242879	0.25182151475728587	1.642315476234417
2001	02	03	0.145044961688	0.23503341377346684	1.387046074256655
2001	02	04	1.20268372251	0.23503341377346684	1.4701813796789027
2001	02	05	0.37858976661	0.23503341377346684	1.3234345428998404
2001	02	06	17.4640030165	0.2686096157411049	1.1287307945454472
2001	02	07	31.796181307299996	17.308532114317448	1.075564139165104
2001	02	08	3.1074683121999995	7.000638110252547	1.2099737070280554
2001	02	09	0.06707194392799999	1.6788100983819056	1.738863453578775
2001	02	10	0.0139963286383	0.8561931501747719	1.66187517505012
2001	02	11	0.000824304048704	0.6715240393527623	2.0975088405367774
2001	02	12	0.000426562994214	0.3861263226278383	2.0540663481748807
2001	02	13	0.0125279081758	0.30218581770874303	2.181818216379816
2001	02	14	0.106988619259	0.25182151475728587	1.3306834933128309
2001	02	15	0.0042376958389	0.20145721180582868	1.6171403764969239
2001	02	16	0.0033179034696	0.16788100983819057	1.8981988102862457
2001	02	17	0.00165437164591	0.15109290885437152	2.00098757020709
2001	02	18	0.00082609672329	0.15109290885437152	1.9506601816635658
2001	02	19	6.3715497655	0.18466911082200962	1.387489580227366
2001	02	20	0.0013049606402399999	0.5036430295145717	1.95652457929279
2001	02	21	0.010073489612199999	0.3525501206602002	2.2481736399630563
2001	02	22	0.00045389532914999996	0.20145721180582868	2.182382215926754
2001	02	23	4.047646182399999	0.21824531278964773	1.712968669521997
2001	02	24	0.5322908729	0.5372192314822098	1.5737921702340287
2001	02	25	0.0008358329058299999	0.43649062557929547	1.962291154853374
2001	02	26	0.17559075716199998	0.23503341377346684	2.061367984970319
2001	02	27	1.17937912697	0.20145721180582868	1.3101583104027097
2001	02	28	0.9932245624300001	0.16788100983819057	1.4765343256075054
2001	03	01	8.5588756182	0.16788100983819057	2.0399672360168006
2001	03	02	20.5163234183	12.45677092999374	1.3881457106501733
2001	03	03	5.5566548648000005	14.370614442149114	1.4001101925567003
2001	03	04	18.967519538	3.7941108223431064	1.0850226066084137
2001	03	05	3.16497169136	2.400698440686125	1.7268066280320362
2001	03	06	4.76257224623	1.2423194728026101	2.101583262944512
2001	03	07	4.860004379799999	0.7722526452556766	1.6877440063404328
2001	03	08	2.4092965789	0.40291442361165736	1.7312407188728693
2001	03	09	1.0887640813000001	0.6715240393527623	1.592122369064453
2001	03	10	0.31494428699500004	0.8058288472233147	2.3632123214885756
2001	03	11	0.079334549495	0.4532787265631145	2.668036889406723
2001	03	12	0.39391043908699996	0.3189739186925621	2.2502607930808067
2001	03	13	0.00042079851729600004	0.23503341377346684	2.3154829131738595
2001	03	14	0.0	0.18466911082200962	2.855130707416138
2001	03	15	0.000338398763693	0.15109290885437152	3.12222303409897
2001	03	16	1.52123389021	0.13430480787055246	1.8862591321454458
2001	03	17	0.098177970761	0.13430480787055246	2.19810358583806
2001	03	18	1.79222633515	0.13430480787055246	2.5153050978911504
2001	03	19	0.0260880563392	0.13430480787055246	2.6756574818259504
2001	03	20	0.0023233437289100003	0.11751670688673342	2.8565282376088716
2001	03	21	0.0253091124139	0.10072860590291434	2.6298241508571083
2001	03	22	0.0984128658116	0.10072860590291434	2.878911154136066
2001	03	23	0.00521761794083	0.06715240393527623	3.341072912693373
2001	03	24	2.48042426944	0.05036430295145717	2.1650522378735815
2001	03	25	4.358632661	0.033576201967638115	2.1934222135512127
2001	03	26	2.21532455822	0.05036430295145717	2.2660808880451233
2001	03	27	7.11635670487	0.08394050491909529	2.731764889147708
2001	03	28	0.00263046480552	0.10072860590291434	2.3813247346629547
2001	03	29	0.9717020420599999	0.10072860590291434	2.4223139161780756
2001	03	30	0.095711430566	0.10072860590291434	2.712562120924661
2001	03	31	0.000843451487526	0.08394050491909529	3.8204809750174222
2001	04	01	0.000118107590392	0.08394050491909529	3.058252785716699
2001	04	02	0.761939154554	0.08394050491909529	2.6364911379437523
2001	04	03	0.0	0.08394050491909529	2.810860019778236
2001	04	04	0.78769753424	0.06715240393527623	2.933183619947788
2001	04	05	0.29707055755699996	0.05036430295145717	2.6886663713576975
2001	04	06	0.026432815883999997	0.033576201967638115	3.04784391486415
2001	04	07	0.020133966893900002	0.033576201967638115	2.6199111926905068
2001	04	08	0.000824304048704	0.033576201967638115	3.4226146686332335
2001	04	09	0.0	0.033576201967638115	4.2007522303741345
2001	04	10	0.0008243041067299999	0.016788100983819058	4.41939183853339
2001	04	11	0.000824304048704	0.016788100983819058	4.464514263086601
2001	04	12	0.00041215205336499997	0.016788100983819058	3.8207975599593977
2001	04	13	0.0016681677142500002	0.016788100983819058	4.459430454230933
2001	04	14	0.000843820523215	0.016788100983819058	3.7686952965189984
2001	04	15	0.00042148582559499995	0.0	4.433025445515032
2001	04	16	0.0008662785677699999	0.0	4.045329979937813
2001	04	17	0.5371834317999999	0.0	2.641002028894093
2001	04	18	0.075215245071	0.0	3.517933399715453
2001	04	19	0.0008406919643860001	0.0	3.754904501557065
2001	04	20	0.0	0.0	3.926105134519213
2001	04	21	0.0	0.0	4.042822335255097
2001	04	22	0.0036059977240999997	0.0	3.6762245976136754
2001	04	23	0.095032158868	0.0	3.1101877135172824
2001	04	24	0.18795188120599998	0.0	2.865715138613288
2001	04	25	0.000433139187175	0.0	3.6772285279328316
2001	04	26	0.00042079855598	0.0	3.9573490571556142
2001	04	27	0.0246124222778	0.0	3.5887440129501735
2001	04	28	0.0	0.0	4.815547909885574
2001	04	29	0.004976560915869999	0.0	3.4524774286832676
2001	04	30	2.71386983056	0.0	2.544727884562905
2001	05	10	0.021230782082699996	0.0	3.6568873359469274
2001	05	11	0.00520484873927	0.0	4.481164079876371
2001	05	12	1.9644243894600002	0.0	4.043455208924451
2001	05	13	0.200083144922	0.0	3.603378882144249
2001	05	14	5.12368255073	0.0	2.9564335990578896
2001	05	15	0.40444137473599995	0.0	3.6162251298763572
2001	05	16	0.0286629929706	0.0	4.809391667604572
2001	05	17	0.779012444335	0.0	4.181465122862895
2001	05	18	4.304213557160001	0.0	4.665162260119763
2001	05	19	11.9066344319	0.0	4.0391805476883
2001	05	20	0.510935332016	0.0	4.584474189130536
2001	05	21	0.00398002809776	0.0	4.62967778112667
2001	05	22	0.0033213359009199995	0.0	4.091352569746281
2001	05	23	0.0	0.0	4.95290427105112
2001	05	24	0.0	0.0	5.920718662796353
2001	05	25	0.0	0.0	6.285087567424252
2001	05	26	0.0008271862581499999	0.0	6.926022838192827
2001	05	27	0.0	0.0	6.648373007769706
2001	05	28	0.00249020532542	0.0	6.85486434976066
2001	05	29	0.00125663078484	0.0	6.944008802211583
2001	05	30	0.0	0.0	6.949655219521679
2001	05	31	0.00124891787221	0.0	6.900898055101089
2001	06	01	0.00041215205336499997	0.0	6.987711534357609
2001	06	02	0.0	0.0	6.8089684402397745
2001	06	03	0.00172380710487	0.0	5.963655744320144
2001	06	04	0.0023299063728	0.0	5.978195824180249
2001	06	05	0.0	0.0	5.890457498851941
2001	06	06	0.0	0.0	6.547445769611292
2001	06	07	0.0004187457701779999	0.0	6.781360027351455
2001	06	08	0.0008300686029899999	0.0	5.71121494336324
2001	06	09	3.11851568892	0.0	4.584071423690009
2001	06	10	0.14800491630299997	0.0	4.852514749337761
2001	06	11	0.0012310970238	0.0	5.988729893867017
2001	06	12	0.0008243041067299999	0.0	5.574877926130555
2001	06	13	0.00042079855598	0.0	5.837036571307414
2001	06	14	0.000420798604335	0.0	6.359119187566894
2001	06	15	0.0	0.0	4.743208300247862
2001	06	16	0.0026339113565	0.0	5.112365164802064
2001	06	17	0.00043625401318399997	0.0	5.821897003452128
2001	06	18	0.00042656295552999997	0.0	7.065919845762092
2001	06	19	0.00123933748948	0.0	7.363507759215402
2001	06	20	0.0012451022758700001	0.0	6.477182484019813
2001	06	21	0.0	0.0	7.56536615189798
2001	06	22	0.0	0.0	7.462433246755046
2001	06	23	0.000824304048704	0.0	7.3853756900253265
2001	06	24	0.00123933758619	0.0	7.0084507039713735
2001	06	25	0.00277925797602	0.0	6.109643625147164
2001	06	26	0.000829682198185	0.0	5.040804568646047
2001	06	27	0.011661317911699998	0.0	5.052868617715358
2001	06	28	0.0	0.0	6.291967261656634
2001	06	29	0.00123872463821	0.0	6.899246374856817
2001	06	30	0.0	0.0	7.422826601972403
2001	07	01	0.00166498373092	0.0	7.157296620316177
2001	07	02	0.0021555856307	0.0	6.4513939841801475
2001	07	03	0.0032466107917999997	0.0	6.147318465371227
2001	07	04	0.0013113115859399998	0.0	4.7503991439179005
2001	07	05	0.38702882627499996	0.0	4.073889270785736
2001	07	06	0.38839754356299994	0.0	4.67653441255865
2001	07	07	0.000796803419026	0.0	5.355623983950391
2001	07	08	0.0020867000648	0.0	5.2740556227507085
2001	07	09	0.15047927066599998	0.0	4.799341114705654
2001	07	10	0.00044547985705399996	0.0	6.401003285711655
2001	07	11	0.0	0.0	7.593914065043175
2001	07	12	0.00124879998272	0.0	7.1970423226752915
2001	07	13	0.000420798604335	0.0	6.155635074409596
2001	07	14	0.24693174160699996	0.0	4.8015982948986915
2001	07	15	0.009810642470300002	0.0	5.336922898798227
2001	07	16	0.0	0.0	5.391883545864921
2001	07	17	0.00249691129353	0.0	5.796072073139131
2001	07	18	0.000832950715726	0.0	4.631391626851682
2001	07	19	0.0016585117043	0.0	5.145668201800292
2001	07	20	0.000426562994214	0.0	6.556342691705519
2001	07	21	0.0020665375771599997	0.0	7.204520936776828
2001	07	22	0.00125384273225	0.0	6.793030481175509
2001	07	23	0.0008358328381330001	0.0	6.415231826263408
2001	07	24	0.0109627893185	0.0	4.962731106110312
2001	07	25	0.0175256382337	0.0	5.40641767433968
2001	07	26	0.0008243041067299999	0.0	5.49812883221044
2001	07	27	0.0012998352036600002	0.0	5.098608018718019
2001	07	28	0.0008243041067299999	0.0	5.830694262781629
2001	07	29	0.0197791949628	0.0	5.989548308068622
2001	07	30	3.9251217689400004	0.0	4.788855917487955
2001	07	31	0.00106895129702	0.0	5.452978026587251
2001	08	01	0.00351334693293	0.0	5.2912801626373716
2001	08	02	0.198844231796	0.0	4.768258197104088
2001	08	03	0.0	0.0	6.141933877906239
2001	08	04	0.0	0.0	5.984307068389848
2001	08	05	0.00123933748948	0.0	6.740932802394059
2001	08	06	0.00125086706226	0.0	7.219004616613471
2001	08	07	0.00124130079919	0.0	6.481193915460472
2001	08	08	0.00041215205336499997	0.0	5.611721309620222
2001	08	09	0.0008358329058299999	0.0	5.714849995838179
2001	08	10	0.00041215205336499997	0.0	6.277200248720834
2001	08	11	0.0	0.0	6.1665979738498296
2001	08	12	0.00042079855598	0.0	6.0089991587415374
2001	08	13	6.3397785963e-05	0.0	5.702510340152947
2001	08	14	0.0	0.0	5.314976887790014
2001	08	15	0.30976681076400003	0.0	4.9086068980103255
2001	08	16	0.00092508878916	0.0	4.378998102855959
2001	08	17	0.00042079851729600004	0.0	4.616544934219402
2001	08	18	0.487110601083	0.0	4.2897634683411505
2001	08	19	0.0	0.0	4.921027539426462
2001	08	20	0.024715778189	0.0	5.000767147733739
2001	08	21	0.0	0.0	5.302957830491463
2001	08	22	0.0	0.0	6.174335040087488
2001	08	23	0.00084898546583	0.0	6.318927948926265
2001	08	24	0.0024619779007500004	0.0	6.254614562306282
2001	08	25	0.222960495024	0.0	5.299362587596973
2001	08	26	0.00132531248606	0.0	4.510788946560399
2001	08	27	0.0612204695953	0.0	4.887302942604673
2001	08	28	0.26278882576999996	0.0	4.147086375337631
2001	08	29	0.053508240705	0.0	3.9309265420531876
2001	08	30	0.057572137068700006	0.0	4.283195041838992
2001	08	31	0.00042656295552999997	0.0	5.057131961761242
2001	09	01	0.0	0.0	5.313657012800547
2001	09	02	0.000126795571926	0.0	5.239884978138107
2001	09	03	0.0104277257699	0.0	4.962330968644138
2001	09	04	0.0050466527456	0.0	4.7505342027660795
2001	09	05	0.003099594184	0.0	4.47104854781545
2001	09	06	0.173289900539	0.0	3.7160458560244085
2001	09	07	0.00042656295552999997	0.0	4.972067947159821
2001	09	08	0.0008358329058299999	0.0	5.0343982538545555
2001	09	09	0.00125086706226	0.0	5.368541487724893
2001	09	10	0.00165733841858	0.0	4.584424178871564
2001	09	11	0.008545893267799998	0.0	3.870364792879543
2001	09	12	0.00402855108303	0.0	3.829618152931865
2001	09	13	0.0	0.0	4.638319696058888
2001	09	14	0.00123933758619	0.0	4.546219095069343
2001	09	15	0.00041215205336499997	0.0	5.10981202711125
2001	09	16	0.0	0.0	4.777429392218896
2001	09	17	0.000824304164756	0.0	4.884248492026646
2001	09	18	0.00252566627125	0.0	4.1047038079100835
2001	09	19	0.00132662783877	0.0	3.9319443623246557
2001	09	20	0.03921377738	0.0	3.8260780050906975
2001	09	21	12.989129771	0.0	2.393961556494829
2001	09	22	2.83108060978	0.0	2.2473531654593573
2001	09	23	1.14161483907	0.0	2.4631809003567704
2001	09	24	0.0180784084162	0.0	2.6824229206170225
2001	09	25	0.0008300686029899999	0.0	3.219044616783414
2001	09	26	0.00085248540073	0.0	3.6014669970931306
2001	09	27	0.81734446829	0.0	2.737646369809503
2001	09	28	1.63933623892	0.0	2.7234173675688114
2001	09	29	6.844574816199999	0.0	2.328905942798386
2001	09	30	0.067099709369	0.0	2.6941038549339478
2001	10	01	0.000442423734015	0.0	3.498202264737134
2001	10	02	0.0893970364105	0.0	2.587868616337394
2001	10	03	0.20088175676	0.0	2.7429996464068678
2001	10	04	0.0016716648445599998	0.0	3.3873545103360603
2001	10	05	13.1943019702	0.0	2.508619035997308
2001	10	06	15.2339052321	0.0	2.38313554969173
2001	10	07	0.079037001838	0.0	2.4185506402407495
2001	10	08	1.08484394145	0.0	2.2015399887601412
2001	10	09	0.57720744556	0.0	2.0974014716673257
2001	10	10	3.5494645396599998	0.0	2.5175949806861246
2001	10	11	5.572140746970001	0.0	3.12151729705042
2001	10	12	3.3094570116199997	0.0	1.9540113047282333
2001	10	13	0.346856101548	0.0	2.2466024442678068
2001	10	14	0.0049256743382	0.0	2.482652652921683
2001	10	15	5.45632723383	0.0	2.0594404964476816
2001	10	16	0.41007022555	0.0	2.61296003520986
2001	10	17	5.31068613236	0.0	2.0781079497647448
2001	10	18	6.3732412234	0.0	1.624413175412793
2001	10	19	14.0263609617	0.0	1.5703469518713882
2001	10	20	1.91876585768	0.0	1.5782425814131753
2001	10	21	0.243182797799	0.0	1.9861073114513355
2001	10	22	1.34426648554	0.0	1.6812700647185985
2001	10	23	0.019450838401100002	0.0	1.8129286432690255
2001	10	24	0.0016699278362499999	0.0	2.276182669761373
2001	10	25	0.008226980437600001	0.0	2.555025953122306
2001	10	26	0.029561098122399997	0.0	2.277263167051557
2001	10	27	0.040521901017499994	0.0	2.4056636058040497
2001	10	28	0.06413139901	0.0	1.9145120377599365
2001	10	29	0.116429401104	0.0	1.893159646301021
2001	10	30	0.00041215205336499997	0.0	1.9120162429269807
2001	10	31	0.0012451022758700001	0.0	2.3614728525613087
2001	11	01	0.0	0.0	2.554022009715611
2001	11	02	0.0213830219976	0.0	2.2381274102243323
2001	11	03	0.0017085165769000002	0.0	1.733556523948118
2001	11	04	26.309442937	0.0	1.0022508640226755
2001	11	05	7.89044375726	0.0	1.1994416124880294
2001	11	06	3.39756136898	0.0	1.4808497543712504
2001	11	07	0.00151216829481	0.0	1.9629632894021238
2001	11	08	0.0	0.0	1.9031272047933727
2001	11	09	0.0986008884265	0.0	1.1884151254749356
2001	11	10	0.0020729682119000003	0.0	1.0541538086031947
2001	11	11	0.00124510246929	0.0	1.3090308888415112
2001	11	12	0.00123240686404	0.0	1.5795287830409874
2001	11	13	0.00042079851729600004	0.0	1.6946490190812118
2001	11	14	0.0020674707319500002	0.0	1.3380109519740049
2001	11	15	0.00042079855598	0.0	1.0611871528231271
2001	11	16	0.0148302376921	0.0	1.2887984287661731
2001	11	17	5.55078427767	0.0	1.2387710964835617
2001	11	18	0.0531391682662	0.0	1.2240413358328281
2001	11	19	0.0008300686029899999	0.0	1.409632079029828
2001	11	20	0.00042656295552999997	0.0	1.4156510085516987
2001	11	21	0.0020694066727300004	0.0	1.4211108032352122
2001	11	22	0.00042079851729600004	0.0	1.3830864277353727
2001	11	23	0.0	0.0	1.2961463165998
2001	11	24	0.000827186287163	0.0	1.466633784564542
2001	11	25	0.00124798462071	0.0	1.410033487689866
2001	11	26	0.0009685951366	0.0	1.405493857295426
2001	11	27	3.45112207486	0.0	1.0090004940849748
2001	11	28	0.0	0.0	1.368139066319791
2001	11	29	0.0008243041067299999	0.0	1.4889241078563569
2001	11	30	8.6384621456e-05	0.0	1.330199395122608
2001	12	01	5.749902721e-05	0.0	1.2557291970571116
2001	12	02	0.009835029831	0.0	1.1948742409702755
2001	12	03	0.00167419381106	0.0	1.5200845744079854
2001	12	04	0.0186593096035	0.0	1.5176711349593366
2001	12	05	0.00247647830802	0.0	1.4806499861444153
2001	12	06	0.00148039432102	0.0	1.4385552846103788
2001	12	07	0.062417011169	0.0	1.2087412773108763
2001	12	08	0.0024930870900000002	0.0	1.4810542633179034
2001	12	09	0.0	0.0	1.2094104536744958
2001	12	10	1.9668251185	0.0	0.9480986795989966
2001	12	11	11.4513943502	0.0	0.5995112150540993
2001	12	12	3.5910966472999997	0.0	0.7568207676342665
2001	12	13	3.2558670993199996	0.0	1.011107429148708
2001	12	14	4.787938022	0.0	1.0980444643801466
2001	12	15	0.32144537497	0.0	1.05433935924153
2001	12	16	0.7891748762	0.0	0.926341461062807
2001	12	17	17.9031495871	0.0	0.5134028834847143
2001	12	18	1.1013181998200001	0.0	0.7984867916030608
2001	12	19	0.9657860979399999	0.0	0.7864652817702118
2001	12	20	0.00042079855598	0.0	1.079414858275611
2001	12	21	0.00136502441665	0.0	1.009353091595058
2001	12	22	2.9537835498999994	0.0	1.0890860059311023
2001	12	23	9.4816408529	0.0	1.2404596084619148
2001	12	24	0.023912162575600002	0.0	0.9751180426029995
2001	12	25	0.163938546431	0.0	0.9423958232714574
2001	12	26	0.005714328914599999	0.0	1.0720367678805804
2001	12	27	0.0020618477224200005	0.0	1.1267493556864516
2001	12	28	0.00042079851729600004	0.0	1.215204464500686
2001	12	29	0.28638995351200003	0.0	1.2989946690972127
2001	12	30	1.99815703088	0.0	1.1861294913692002
2001	12	31	0.770622455324	0.0	1.1340350973452076
2002	01	01	2.30391014454	0.0	0.878605785317351
2002	01	02	7.797948282350001	0.06715240393527623	0.9463751818564058
2002	01	03	3.66694262532	0.5540073324660288	1.0894527724134773
2002	01	04	0.0008243041067299999	0.20145721180582868	1.2417910951077584
2002	01	05	0.0024897999171	0.10072860590291434	1.1894076451490978
2002	01	06	0.00041215205336499997	0.06715240393527623	1.108863107338818
2002	01	07	0.0024930870900000002	0.05036430295145717	1.1602222983691548
2002	01	08	0.83136229266	0.033576201967638115	1.0900760345120606
2002	01	09	0.0308789295097	0.033576201967638115	1.1922053075258925
2002	01	10	0.000824304048704	0.033576201967638115	1.366742613005931
2002	01	11	0.00124798462071	0.016788100983819058	1.2829194436415154
2002	01	12	0.05893053153129999	0.016788100983819058	1.0983341914508369
2002	01	13	0.6200219296599999	0.016788100983819058	1.1371956828257952
2002	01	14	0.028499247466999996	0.016788100983819058	1.1481745877809997
2002	01	15	0.003922082367059999	0.016788100983819058	1.3054392912942345
2002	01	16	0.0020716478302699997	0.016788100983819058	1.351127347395151
2002	01	17	0.0	0.0	1.4490517237616387
2002	01	18	0.0347086909634	0.0	1.0300776082708123
2002	01	19	0.0107130550855	0.0	1.1279498103011034
2002	01	20	0.00084159720867	0.0	1.4864697018950817
2002	01	21	2.8204233612	0.0	1.4850551660974
2002	01	22	0.9680574773549999	0.0	1.461699548035065
2002	01	23	13.323224136999999	0.33576201967638114	1.1292934627414712
2002	01	24	0.020258534209400002	0.3525501206602002	1.356992061990287
2002	01	25	0.0118709523103	0.13430480787055246	1.5831089744076992
2002	01	26	0.0069492846674	0.08394050491909529	1.5115888026764055
2002	01	27	0.0012451022758700001	0.08394050491909529	1.7454581015832853
2002	01	28	0.00165259150494	0.05036430295145717	1.919067123369174
2002	01	29	0.00125086706226	0.05036430295145717	1.5108789283095692
2002	01	30	0.066259154404	0.033576201967638115	1.4833177969315854
2002	01	31	0.00255190388767	0.016788100983819058	1.376112343307305
2002	02	01	0.0012451022758700001	0.016788100983819058	1.867538926283943
2002	02	02	0.0	0.016788100983819058	1.7350230870115337
2002	02	03	6.314253926	0.016788100983819058	1.29225329212047
2002	02	04	0.16242916444799999	0.033576201967638115	1.7014327419866881
2002	02	05	1.75345713364	0.06715240393527623	1.4228603670519469
2002	02	06	0.0052166399126	0.05036430295145717	1.2572491565627217
2002	02	07	0.079249947587	0.033576201967638115	1.5976907701317233
2002	02	08	0.00380046944535	0.033576201967638115	1.9000226604206343
2002	02	09	0.000824304048704	0.033576201967638115	2.0471643765870975
2002	02	10	0.00391423222294	0.033576201967638115	1.9769951726741517
2002	02	11	0.0079472399929	0.033576201967638115	1.692836915723274
2002	02	12	0.0	0.016788100983819058	2.2811442426685695
2002	02	13	0.00041215205336499997	0.016788100983819058	2.3659868227747465
2002	02	14	0.00081853980389	0.016788100983819058	1.9420716475517075
2002	02	15	0.00042079855598	0.016788100983819058	1.6612896717729855
2002	02	16	0.73970568029	0.016788100983819058	1.7814079914829086
2002	02	17	0.029283807342	0.016788100983819058	1.8012337472050266
2002	02	18	0.00124433091691	0.016788100983819058	1.9935711564756844
2002	02	19	0.0008267357442860001	0.0	1.7423586291278597
2002	02	20	0.00250173315742	0.0	2.135161882418718
2002	02	21	0.00124586319015	0.0	1.9687920567166686
2002	02	22	0.00165657576352	0.0	2.477622113507675
2002	02	23	0.0016606016074	0.0	2.436654267972619
2002	02	24	0.008658572023	0.0	1.9927656195465648
2002	02	25	0.00285346936162	0.0	2.1005505299395284
2002	02	26	0.0138847494758	0.0	2.0686699900764283
2002	02	27	0.0227841245633	0.0	2.021725966309283
2002	02	28	0.3902451591	0.0	1.7912927170074007
2002	03	01	1.06929906618	0.0	1.7604637983467044
2002	03	02	0.222377266027	0.0	2.1047381384205694
2002	03	03	12.414077604500001	0.0	1.690753052265459
2002	03	04	2.50288642417	0.05036430295145717	1.7158349002160438
2002	03	05	0.00328386870614	0.06715240393527623	2.16206523598749
2002	03	06	0.00125781306459	0.033576201967638115	2.2119937320921075
2002	03	07	0.00166301868043	0.016788100983819058	2.655589222942115
2002	03	08	0.0008300686029899999	0.016788100983819058	2.7393042126075255
2002	03	09	0.00331108135278	0.016788100983819058	2.6320397302369436
2002	03	10	0.0361374090696	0.0	2.2076557276384685
2002	03	11	2.32936237905	0.0	2.0419650593202148
2002	03	12	7.2636646999000005	0.05036430295145717	2.1393906721912495
2002	03	13	16.034010272499998	1.8634792092039156	1.888611229693145
2002	03	14	6.535008717369999	2.048148320025925	1.7083529238229351
2002	03	15	5.850848619	0.9569217560776861	1.9601995188616945
2002	03	16	0.379394645256	0.5036430295145717	1.9395630608915946
2002	03	17	8.1767270203	0.33576201967638114	2.018618586323895
2002	03	18	0.305720976927	0.9569217560776861	2.330908038426949
2002	03	19	0.00560972573453	0.43649062557929547	3.0150838779966764
2002	03	20	0.00041215205336499997	0.23503341377346684	3.733868038348697
2002	03	21	0.00042079855598	0.15109290885437152	3.750218871648903
2002	03	22	0.000824304048704	0.11751670688673342	4.249688412767466
2002	03	23	0.00123933758619	0.10072860590291434	4.275763004034626
2002	03	24	0.000830068477267	0.06715240393527623	3.948379536783182
2002	03	25	0.000412619481808	0.05036430295145717	3.7276835625446507
2002	03	26	0.020470006098	0.05036430295145717	3.365361463397509
2002	03	27	0.00041215205336499997	0.033576201967638115	3.6271785148561944
2002	03	28	6.152971626099999	0.033576201967638115	1.4092149396308298
2002	03	29	0.0564752145318	0.016788100983819058	3.2126291772497946
2002	03	30	1.07680801742	0.016788100983819058	2.62698344744783
2002	03	31	0.00042079851729600004	0.016788100983819058	3.718030352963839
2002	04	01	1.06840304803	0.016788100983819058	3.0794819479518276
2002	04	02	0.81756303289	0.016788100983819058	2.609898462521221
2002	04	03	1.1165498314000002	0.016788100983819058	2.1377359857799965
2002	04	04	2.3205167988999995	0.016788100983819058	2.1915434704781056
2002	04	05	4.5894078656	0.016788100983819058	2.469293161967664
2002	04	06	6.874475614	0.033576201967638115	2.0619163024562925
2002	04	07	7.0231075689299995	0.5707954334498481	2.17912888871845
2002	04	08	6.506020185	1.6284457954304485	2.696392714170739
2002	04	09	2.09193362316	4.986065992194261	2.6302896048329885
2002	04	10	3.13939924632	2.048148320025925	3.0082844212098028
2002	04	11	1.07157300841	0.6379478373851242	2.3052673888836903
2002	04	12	0.345857628824	0.30218581770874303	2.704545641993361
2002	04	13	0.0186699564074	0.18466911082200962	2.6578228681468135
2002	04	14	0.0025539022064	0.13430480787055246	3.0667740876339966
2002	04	15	0.00041215205336499997	0.10072860590291434	3.124545969888649
2002	04	16	0.0	0.06715240393527623	3.5751312742451473
2002	04	17	0.000824304048704	0.06715240393527623	3.636011427936065
2002	04	18	0.28835923989999995	0.05036430295145717	3.5543983864813193
2002	04	19	0.011672367996299999	0.05036430295145717	4.146043559606434
2002	04	20	0.00166030287021	0.05036430295145717	4.981499599562147
2002	04	21	0.00042656295552999997	0.033576201967638115	5.424106287086848
2002	04	22	0.00165437261301	0.033576201967638115	4.607344423473317
2002	04	23	0.00042079851729600004	0.016788100983819058	4.92446228202328
2002	04	24	0.00166301868043	0.016788100983819058	5.52367498379802
2002	04	25	0.0	0.016788100983819058	5.36781105895299
2002	04	26	0.0156558722383	0.016788100983819058	5.031807665523513
2002	04	27	0.00219459438288	0.016788100983819058	5.008933293142655
2002	04	28	0.0	0.016788100983819058	4.299346419505053
2002	04	29	0.00194451663596	0.016788100983819058	4.409953013504628
2002	04	30	0.00082272696005	0.0	4.789555474389344
2002	05	01	0.0039230150383000005	0.0	3.1321005328640488
2002	05	02	0.6685586477500001	0.0	3.0499837245041
2002	05	03	0.00081853980389	0.0	3.905716045764944
2002	05	04	0.000813820394574	0.0	4.591876706827394
2002	05	05	3.55814339177	0.0	3.9502865404505676
2002	05	06	1.66109037974	0.0	4.038032388815689
2002	05	07	6.77455058676	0.0	2.9174269586525243
2002	05	08	12.3723482066	0.0	2.571631754223964
2002	05	09	1.27651571478	0.0	3.2965690881213665
2002	05	10	0.28210024606800005	0.0	2.975763242099751
2002	05	11	0.0	0.0	3.654271489260355
2002	05	12	0.0008300686029899999	0.0	4.432896833026281
2002	05	13	0.0091803311769	0.0	4.641169064663883
2002	05	14	0.078569254252	0.0	4.852995977148814
2002	05	15	0.000836989112564	0.0	6.105191657813357
2002	05	16	0.00171526422702	0.0	5.393284597054448
2002	05	17	1.6705923306600001	0.0	3.320944772677778
2002	05	18	0.0	0.0	4.58699463162743
2002	05	19	0.0	0.0	5.961075497480614
2002	05	20	0.00042079855598	0.0	5.0712203463439955
2002	05	21	0.23086437121999998	0.0	4.387067741812023
2002	05	22	0.55507429825	0.0	3.230380533848756
2002	05	23	0.0086133513941	0.0	4.09145131621377
2002	05	24	0.00096429337909	0.0	5.103232193109259
2002	05	25	0.0075229297034	0.0	4.428185816724343
2002	05	26	0.00125086706226	0.0	4.5089056812047605
2002	05	27	0.0008243041067299999	0.0	4.455473539959284
2002	05	28	0.0	0.0	5.19998975795446
2002	05	29	0.0029649840185499996	0.0	5.60462838221209
2002	05	30	0.0	0.0	6.452234934292977
2002	05	31	0.0	0.0	6.199731656525753
2002	06	01	0.0008243041067299999	0.0	6.025178989943497
2002	06	02	0.00358735280978	0.0	5.295406914107342
2002	06	03	0.0034056452611700002	0.0	4.42089881702441
2002	06	04	1.0360947514899999	0.0	3.431724631491621
2002	06	05	0.40387138533799993	0.0	3.8474099749859256
2002	06	06	0.222328785304	0.0	3.8974325012147526
2002	06	07	0.128620760414	0.0	3.8334172346421913
2002	06	08	0.00130273534314	0.0	3.795367616841321
2002	06	09	0.00042079855598	0.0	5.084656550858275
2002	06	10	0.00041215205336499997	0.0	5.878586135649362
2002	06	11	0.0008300686029899999	0.0	7.308560548866098
2002	06	12	0.000827186287163	0.0	6.665853559630212
2002	06	13	0.7606700872500001	0.0	6.252746633834072
2002	06	14	0.0	0.0	6.366374393847308
2002	06	15	0.0033122246584	0.0	6.808187316224362
2002	06	16	0.000824304048704	0.0	7.343654452829601
2002	06	17	0.0008243041067299999	0.0	6.855251388609731
2002	06	18	0.0016659012186900002	0.0	5.893482028405079
2002	06	19	0.022144994285	0.0	5.433201855407666
2002	06	20	0.0045231963312	0.0	6.06589527792145
2002	06	21	0.0	0.0	7.0312751215844
2002	06	22	0.0016674940323899998	0.0	6.792038997261247
2002	06	23	0.008756443510099998	0.0	5.826850552553463
2002	06	24	0.00153924545074	0.0	4.729866084901762
2002	06	25	0.13416087980299998	0.0	5.311901523871264
2002	06	26	0.048156776414299995	0.0	5.166727022241475
2002	06	27	0.00273492940016	0.0	5.665402535560604
2002	06	28	0.00124455344662	0.0	6.338208730099465
2002	06	29	0.00162798480596	0.0	5.555948129508537
2002	06	30	0.000824304048704	0.0	5.335893819585195
2002	07	01	0.00081853980389	0.0	6.213311033724036
2002	07	02	0.0040584467552	0.0	5.489523484516326
2002	07	03	0.00042079851729600004	0.0	6.3592734161977305
2002	07	04	0.00123933748948	0.0	6.477644568230122
2002	07	05	0.00042079857532199995	0.0	6.7408220888670645
2002	07	06	0.00689826375954	0.0	5.90320012993907
2002	07	07	0.0	0.0	6.552766040035717
2002	07	08	0.00718861899713	0.0	5.4398158354554855
2002	07	09	0.025611322460000002	0.0	4.950002862927632
2002	07	10	0.241543689022	0.0	4.388710326223941
2002	07	11	0.00042656295552999997	0.0	6.292060912777827
2002	07	12	0.000824304048704	0.0	6.243933335458221
2002	07	13	0.00495862082403	0.0	6.345445159107333
2002	07	14	0.0016558425083	0.0	6.7573331806553485
2002	07	15	0.0	0.0	6.698948828094796
2002	07	16	0.00085038621347	0.0	6.974727065744577
2002	07	17	0.00041215205336499997	0.0	7.192525720738338
2002	07	18	0.00042656295552999997	0.0	6.6296246807612995
2002	07	19	0.0012428645998899999	0.0	6.363878830917333
2002	07	20	0.00163545575017	0.0	6.002204764904948
2002	07	21	0.0015194156455	0.0	5.082536213311377
2002	07	22	0.22358646017	0.0	4.610499271199583
2002	07	23	0.0101059851393	0.0	5.709875086050378
2002	07	24	0.0012411345547000002	0.0	7.136287914571229
2002	07	25	0.0008243041067299999	0.0	7.10931309777274
2002	07	26	0.00051111534801	0.0	6.761530478287833
2002	07	27	0.000805539600824	0.0	6.855165565629575
2002	07	28	0.0008358328381330001	0.0	7.009921675271028
2002	07	29	0.00250173422123	0.0	6.402493725965123
2002	07	30	0.0	0.0	5.70595895474897
2002	07	31	0.0	0.0	5.929785054829292
2002	08	01	0.00166430908196	0.0	5.977328621981354
2002	08	02	0.0	0.0	6.2205796028389155
2002	08	03	0.0001181133775184	0.0	5.591738175299351
2002	08	04	0.0006630040121899999	0.0	5.763097718414462
2002	08	05	0.00041215205336499997	0.0	5.410644401629531
2002	08	06	0.007850217619600001	0.0	5.38650678639913
2002	08	07	0.000839526870003	0.0	6.02929302711708
2002	08	08	0.00290529586378	0.0	6.2636623975109
2002	08	09	0.0012522849275699998	0.0	5.753762504356451
2002	08	10	0.5391966438700001	0.0	3.3939193424958356
2002	08	11	0.00406840546745	0.0	5.791921816650374
2002	08	12	0.0	0.0	6.914402902157803
2002	08	13	0.075325639536	0.0	6.6624362737126415
2002	08	14	0.0045709952487	0.0	4.7685923655788125
2002	08	15	0.0038818614517399995	0.0	5.201456496746826
2002	08	16	0.00297720651848	0.0	5.547776683796479
2002	08	17	0.0	0.0	5.5991373558703
2002	08	18	0.0060888964156000005	0.0	5.240320763766738
2002	08	19	0.00116790429205	0.0	4.961500368799791
2002	08	20	0.000413457570668	0.0	5.609329619443089
2002	08	21	0.00206674424643	0.0	5.086723572952078
2002	08	22	0.00252065079394	0.0	4.416534848410252
2002	08	23	0.00414408887596	0.0	4.693702569275497
2002	08	24	0.099595159101	0.0	3.668059065118073
2002	08	25	0.82108540451	0.0	4.108556765953212
2002	08	26	0.004591233363560001	0.0	4.2476854508533615
2002	08	27	0.0	0.0	4.691685355735505
2002	08	28	0.0008284361381899999	0.0	5.313941156264096
2002	08	29	0.0020837506999299995	0.0	5.382857345148172
2002	08	30	0.000824304048704	0.0	5.354845700348337
2002	08	31	0.00114420250854	0.0	5.10985318131292
2002	09	01	0.0291659836148	0.0	5.057421420046144
2002	09	02	0.00044547991508	0.0	4.9152703968314295
2002	09	03	0.0109117999381	0.0	3.9697370224508863
2002	09	04	0.0369536424367	0.0	3.5468141372294624
2002	09	05	0.00035405908168999997	0.0	3.9989374850714676
2002	09	06	0.000403501266497	0.0	4.271283984454668
2002	09	07	0.00059854776429	0.0	4.000016346485126
2002	09	08	0.30841650705999996	0.0	3.6986560478106143
2002	09	09	0.06101494827299999	0.0	3.6623680713477844
2002	09	10	0.00042079855598	0.0	4.546214719631824
2002	09	11	0.000426562994214	0.0	4.49613419568992
2002	09	12	0.00195246455389	0.0	4.014745593599099
2002	09	13	0.0048337659897	0.0	4.114387867025289
2002	09	14	3.4503545843	0.0	2.4048416856053767
2002	09	15	9.958987873499998	0.0	1.7173412350540953
2002	09	16	6.294561835800001	0.0	2.6632919462421882
2002	09	17	7.17630984504	0.0	2.145450896399255
2002	09	18	1.3315652711100001	0.0	2.704004504533234
2002	09	19	1.9585811712600003	0.0	3.0880408426108366
2002	09	20	1.05467245236	0.0	2.7670040106294285
2002	09	21	1.8764788299200001	0.0	2.330356837729753
2002	09	22	1.3438523733199998	0.0	2.2401912745942396
2002	09	23	2.07842449339	0.0	2.493842971384847
2002	09	24	1.52354874077	0.0	2.7403923089762707
2002	09	25	10.2519021544	0.0	2.455942807423662
2002	09	26	0.35171973448700006	0.0	3.0082884069615115
2002	09	27	1.9415862262499999	0.0	3.1037731362395418
2002	09	28	0.0517458489213	0.0	3.070069942604138
2002	09	29	0.023479563272	0.0	3.2109942417120796
2002	09	30	3.6150352735999998	0.0	3.0339314788662044
2002	10	01	17.831899461699997	0.0	1.1693703735900038
2002	10	02	0.9388471405999999	0.0	2.14276506511263
2002	10	03	0.374549667676	0.0	2.817161623846811
2002	10	04	0.171711515971	0.0	2.9540712724427127
2002	10	05	0.0068701333350000005	0.0	2.7507100628396026
2002	10	06	2.70645294724	0.0	2.521813022746996
2002	10	07	0.253314089044	0.0	2.43502306263692
2002	10	08	4.7330260840000005	0.0	1.969841158389843
2002	10	09	0.70678907785	0.0	1.8021441386448533
2002	10	10	0.76593942831	0.0	1.5699383440825605
2002	10	11	0.13902526708	0.0	2.660923869304188
2002	10	12	0.6112622763450001	0.0	2.4366725279154213
2002	10	13	0.12787354027	0.0	2.143663735984361
2002	10	14	0.12235902968900002	0.0	2.2550967957823214
2002	10	15	0.91990590684	0.0	2.2689714174973186
2002	10	16	1.32387131364	0.0	1.9665323007067717
2002	10	17	0.1328041062	0.0	1.9338446081413119
2002	10	18	0.102687799836	0.0	2.371777009547799
2002	10	19	0.00042193844773699994	0.0	2.6713168794477835
2002	10	20	7.256942387800001	0.0	1.3962488599824074
2002	10	21	1.5807008692100002	0.0	1.5259675438386733
2002	10	22	1.08062922294	0.0	1.6615899997607702
2002	10	23	0.09036050495	0.0	1.8561623979616821
2002	10	24	0.017569131622	0.0	2.2437218453544636
2002	10	25	0.040471429035600005	0.0	2.240481493572675
2002	10	26	0.0256679529347	0.0	2.2885012057639535
2002	10	27	0.00042079855598	0.0	2.82301802036209
2002	10	28	0.00042079855598	0.0	2.532138759806582
2002	10	29	0.12453288674	0.0	2.0796351705063487
2002	10	30	1.24222602376	0.0	1.6074589139554574
2002	10	31	0.008418037812300001	0.0	1.8465328134472991
2002	11	01	0.040613584998799995	0.0	1.9063735057334028
2002	11	02	0.60430423362	0.0	1.8230269594484247
2002	11	03	1.0193127619	0.0	1.688470654935355
2002	11	04	0.00098387995868	0.0	1.7571662531009973
2002	11	05	0.00123357367019	0.0	2.0237909033591817
2002	11	06	0.000426562994214	0.0	2.073938751386841
2002	11	07	0.00128823251812	0.0	1.9866076951390137
2002	11	08	0.0008329506577000001	0.0	1.9832511131447355
2002	11	09	0.00166385522193	0.0	2.040052956835791
2002	11	10	0.00108691914463	0.0	1.7039096798428328
2002	11	11	0.014013897944	0.0	1.733916630050295
2002	11	12	0.0501097101084	0.0	1.3708142995501054
2002	11	13	11.242432086099999	0.0	1.3942560638516668
2002	11	14	13.7346632926	0.0	1.0320328597333994
2002	11	15	0.863560088354	0.0	1.2402695403885875
2002	11	16	0.229972869427	0.0	1.2737623500254907
2002	11	17	0.0540649092676	0.0	1.2690704025176123
2002	11	18	0.8601551807	0.0	1.5550506017107586
2002	11	19	7.876311234829999	0.0	1.1735236150503612
2002	11	20	1.2734640307299998	0.0	1.3793650639594863
2002	11	21	1.4416259899	0.0	1.138303465336219
2002	11	22	3.8600423218000004	0.016788100983819058	1.1494232840672556
2002	11	23	1.9289489371300002	0.033576201967638115	1.0772924788839202
2002	11	24	2.55967173158	0.15109290885437152	1.0922213561064176
2002	11	25	0.024349746312599996	0.18466911082200962	1.3388826701149004
2002	11	26	1.2462023521199999	0.10072860590291434	1.4604443484389587
2002	11	27	6.67464325745	0.08394050491909529	1.1662777276946619
2002	11	28	1.65823424331	0.08394050491909529	1.2173399902878785
2002	11	29	0.0016686796002800001	0.06715240393527623	1.4049409314963146
2002	11	30	0.1231261469484	0.05036430295145717	1.1036819951866887
2002	12	01	0.10447076473800002	0.033576201967638115	1.2383895156130933
2002	12	02	0.103651128146	0.033576201967638115	1.1078361073097676
2002	12	03	0.0069499838807	0.033576201967638115	1.2089371946226615
2002	12	04	0.261870390242	0.033576201967638115	0.9379649969854859
2002	12	05	0.00361950782097	0.033576201967638115	1.2669133066444145
2002	12	06	0.0	0.033576201967638115	1.0406085615475804
2002	12	07	0.0012451022758700001	0.016788100983819058	1.2488588143963495
2002	12	08	0.00042449275225699997	0.016788100983819058	1.2333667432282656
2002	12	09	9.9153146046	0.016788100983819058	0.9274314243251579
2002	12	10	4.18064245137	0.15109290885437152	0.8184341149786377
2002	12	11	3.35892340294	1.8802673101877347	1.0457008531199163
2002	12	12	0.75137064707	0.6547359383689432	1.070247549927189
2002	12	13	13.3334792654	0.40291442361165736	1.007934634082157
2002	12	14	0.4721856079	3.223315388893259	0.9817860145692711
2002	12	15	0.0177857968376	0.7554645442718576	1.1863920858443042
2002	12	16	4.993796862199999	0.4197025245954764	1.2397065202259874
2002	12	17	19.168163775	1.527717189527534	0.7037137406985527
2002	12	18	11.715470676199999	6.698452292543804	0.7217749295529231
2002	12	19	1.8433893099999998	2.383910339702306	1.1742715671720534
2002	12	20	0.0358229748795	0.8058288472233147	1.1007563627108288
2002	12	21	0.0035277928924700003	0.48685492853075263	1.2235727448004796
2002	12	22	0.00230151115628	0.36933822164401925	1.1985303575968749
2002	12	23	1.20010959244	0.30218581770874303	1.1092592456696186
2002	12	24	1.3654631899199998	0.25182151475728587	1.046017690642124
2002	12	25	0.52958898892	0.2686096157411049	0.9627946204867337
2002	12	26	4.2772163804000005	0.2686096157411049	0.8564607698326122
2002	12	27	19.3571428518	1.9474197141230105	0.8009807190972114
2002	12	28	0.228419706827	1.7963268052686392	1.0122252052634164
2002	12	29	0.00330333846005	0.6043716354174861	1.190104660653677
2002	12	30	2.84472726117	0.4532787265631145	1.1842329677553514
2002	12	31	0.23244847134899999	0.48685492853075263	1.0873203397051308
2003	01	01	0.0868623543495	0.33576201967638114	1.1692044392549998
2003	01	02	0.521346057135	0.2686096157411049	1.0239514682198223
2003	01	03	1.06272945917	0.2686096157411049	1.208208729386332
2003	01	04	0.052238902612999995	0.25182151475728587	1.111151750822862
2003	01	05	2.83216908083	0.21824531278964773	1.0046643273161397
2003	01	06	0.1286175303	0.36933822164401925	0.9456912236973367
2003	01	07	6.23629241673	0.3525501206602002	1.1463202525235916
2003	01	08	6.885784881399999	1.2087432708349721	0.7684007450907618
2003	01	09	3.1930008605299998	6.9838500092687275	0.9929431868162517
2003	01	10	0.000824304048704	2.585367551508135	0.8641862678088097
2003	01	11	0.0012335739603200001	0.6547359383689432	1.0071509655562005
2003	01	12	0.00249007621757	0.4197025245954764	0.9932930320134429
2003	01	13	0.0	0.30218581770874303	1.1060581203498037
2003	01	14	0.000824304048704	0.23503341377346684	1.2298637598597615
2003	01	15	0.0008300686029899999	0.20145721180582868	1.1804550902605255
2003	01	16	0.00042079855598	0.18466911082200962	1.129728347856752
2003	01	17	0.00088480153078	0.16788100983819057	1.2554233483047152
2003	01	18	4.343948794859999	0.15109290885437152	1.3053481783380627
2003	01	19	0.9299030709859999	0.23503341377346684	1.0761905933955527
2003	01	20	11.5909749261	0.33576201967638114	1.2092844414715564
2003	01	21	0.549119902234	2.4678508446214016	1.0064654741460344
2003	01	22	3.07749420822	0.9233455541100483	1.1121356983546415
2003	01	23	0.0008415972570249999	0.9569217560776861	1.3751386949427389
2003	01	24	0.000830068477267	0.43649062557929547	1.4853162255869876
2003	01	25	0.00042656295552999997	0.30218581770874303	1.6045993460889822
2003	01	26	0.0008243041067299999	0.21824531278964773	1.6936480586066334
2003	01	27	0.0012568049595499998	0.18466911082200962	1.7329949131681908
2003	01	28	0.0033145081749200002	0.16788100983819057	1.7302215310776394
2003	01	29	0.0008243041067299999	0.15109290885437152	1.184725455665168
2003	01	30	0.000824304048704	0.11751670688673342	1.2801421984754673
2003	01	31	0.00168173438647	0.10072860590291434	1.09778928397213
2003	02	01	0.0008303932584600001	0.11751670688673342	1.2947114073104058
2003	02	02	0.0020796273723699995	0.10072860590291434	1.664011703508494
2003	02	03	0.0008358328381330001	0.08394050491909529	1.6675086861231532
2003	02	04	0.097808577245	0.08394050491909529	1.3830813446624817
2003	02	05	0.0	0.06715240393527623	1.3258305700259028
2003	02	06	0.0027326155167	0.06715240393527623	1.6767219774264253
2003	02	07	5.1416084261999995	0.06715240393527623	1.1891560330919453
2003	02	08	0.0008387903653269999	0.06715240393527623	1.5378078306876464
2003	02	09	0.0008396113655299999	0.08394050491909529	1.8264389574353765
2003	02	10	0.0114026380037	0.08394050491909529	1.3526218034257496
2003	02	11	0.00147055369168	0.06715240393527623	1.8051164910854536
2003	02	12	0.21349911394899998	0.06715240393527623	1.4028719588749066
2003	02	13	0.0012905975611699999	0.06715240393527623	1.5008054453195208
2003	02	14	0.30616374432	0.05036430295145717	1.5983299433003826
2003	02	15	0.0012424469093999999	0.05036430295145717	1.5749190744217174
2003	02	16	0.004560971837459999	0.05036430295145717	1.7522536735474912
2003	02	17	0.022409960342999996	0.033576201967638115	1.8037020057658089
2003	02	18	10.087050288399999	0.033576201967638115	1.4085225030878057
2003	02	19	12.4483303523	0.6043716354174861	1.325188079328646
2003	02	20	1.47425836165	1.9306316131391912	1.468545951006116
2003	02	21	3.34273743708	0.6883121403365814	1.6741641163161618
2003	02	22	3.3090941556999995	3.626229812504916	1.7114246676719216
2003	02	23	0.75189752315	1.175167068867334	1.7723837938261182
2003	02	24	11.527358121	0.6547359383689432	1.2390835440996293
2003	02	25	14.351440021500002	6.110868758110136	1.4423231298002672
2003	02	26	11.0388043456	9.669946166679777	1.7828952889254204
2003	02	27	1.0705294108	6.312325969915966	1.728569559793737
2003	02	28	0.00168119039272	1.3430480787055246	2.1883580320666036
2003	03	01	0.0869115903776	0.6547359383689432	2.2215065739730893
2003	03	02	0.28241598487599995	0.43649062557929547	1.7674037312369677
2003	03	03	0.0388264025737	0.33576201967638114	2.0205958178559547
2003	03	04	0.0080867557731	0.2686096157411049	2.7132883083231585
2003	03	05	0.053543888011	0.21824531278964773	2.112637642263542
2003	03	06	0.00042079851729600004	0.18466911082200962	2.3058923244532052
2003	03	07	0.0008271862581499999	0.15109290885437152	2.090150711258202
2003	03	08	0.0012393376828999999	0.11751670688673342	2.701299920376981
2003	03	09	0.00042656295552999997	0.11751670688673342	2.77948664775649
2003	03	10	0.0	0.10072860590291434	3.0691232398582904
2003	03	11	0.0	0.08394050491909529	2.591679791752487
2003	03	12	0.00755883377445	0.06715240393527623	2.84872943735597
2003	03	13	0.0815153551595	0.06715240393527623	3.022675292143066
2003	03	14	0.014226417201899998	0.05036430295145717	2.4863138132770897
2003	03	15	0.0012422199310300002	0.05036430295145717	3.077357352006097
2003	03	16	0.550206177967	0.05036430295145717	2.567512700908004
2003	03	17	10.9044799582	0.05036430295145717	1.4679729281168301
2003	03	18	1.25001456361	0.05036430295145717	2.159262105577254
2003	03	19	2.980128321	0.05036430295145717	2.5606734813604666
2003	03	20	0.0168821153872	0.06715240393527623	2.570778299649182
2003	03	21	1.07414394705	0.05036430295145717	2.849180566883518
2003	03	22	1.64145080307	0.05036430295145717	3.114316730179334
2003	03	23	0.3976976317	0.05036430295145717	2.716199789992553
2003	03	24	2.71275070244	0.033576201967638115	2.023886091286291
2003	03	25	3.6535658915399996	0.033576201967638115	2.241956346970703
2003	03	26	4.83791542896	0.05036430295145717	2.1277918918671386
2003	03	27	11.493201116100002	0.05036430295145717	1.9708756383509265
2003	03	28	1.5596497133799998	0.05036430295145717	2.750552476449078
2003	03	29	6.8527622848	0.05036430295145717	2.5547320072413195
2003	03	30	0.170585724532	0.05036430295145717	2.2353376497784447
2003	03	31	0.0008243041067299999	0.033576201967638115	2.9274956274222297
2003	04	01	0.201981862023	0.033576201967638115	3.015025754732729
2003	04	02	0.000854575729354	0.033576201967638115	3.325564685080551
2003	04	03	0.0004122998746	0.033576201967638115	3.370820584213143
2003	04	04	0.0020678700475399996	0.016788100983819058	2.912286149180564
2003	04	05	0.00124798462071	0.016788100983819058	3.5569014500978495
2003	04	06	0.0016601364323	0.016788100983819058	3.765093168364799
2003	04	07	0.0016659012186900002	0.016788100983819058	4.1726414146401885
2003	04	08	0.5866456645899999	0.016788100983819058	3.8127147264800603
2003	04	09	0.15845542791599998	0.016788100983819058	3.1890504787679643
2003	04	10	0.49252043276	0.016788100983819058	2.566202850905434
2003	04	11	1.0568084861299998	0.016788100983819058	2.302262267864077
2003	04	12	0.07755280313900001	0.016788100983819058	2.7144273489347794
2003	04	13	18.939969760300002	0.033576201967638115	2.43458235834608
2003	04	14	8.8839556451	0.05036430295145717	2.2415340048450867
2003	04	15	1.8342344512700002	0.5707954334498481	2.603349822229822
2003	04	16	0.005539089234080001	0.9233455541100483	3.6735946973874527
2003	04	17	0.404652221878	0.36933822164401925	3.756107540415657
2003	04	18	5.36192676534	0.20145721180582868	2.748665109659097
2003	04	19	1.9393987427600001	0.23503341377346684	2.459263735263262
2003	04	20	0.660245968713	0.20145721180582868	3.214785798134039
2003	04	21	0.06792752762700001	0.13430480787055246	3.780468319462346
2003	04	22	11.2584811106	0.3189739186925621	2.479162929190897
2003	04	23	0.31456373314499997	0.4197025245954764	3.1075535536979606
2003	04	24	0.0493258446112	0.30218581770874303	3.675715592924338
2003	04	25	0.213747291151	0.18466911082200962	3.6547381123444223
2003	04	26	0.437777021606	0.13430480787055246	3.4135828082872797
2003	04	27	0.0	0.10072860590291434	4.700600393443547
2003	04	28	1.9838248022999998	0.08394050491909529	3.3008925230370982
2003	04	29	0.154208679054	0.06715240393527623	3.2103456512610076
2003	04	30	0.5059757917700001	0.05036430295145717	3.276306498194987
2003	05	01	0.0009625859253560001	0.05036430295145717	3.611663307966821
2003	05	02	0.010924402218200001	0.033576201967638115	3.6715481320463983
2003	05	03	0.0	0.033576201967638115	5.178205656779049
2003	05	04	0.452345232257	0.033576201967638115	3.808489026700177
2003	05	05	4.47392316646	0.033576201967638115	3.203616280261246
2003	05	06	0.00128005249619	0.033576201967638115	3.437137142343978
2003	05	07	0.0008243041067299999	0.033576201967638115	3.9934503877982346
2003	05	08	0.0	0.016788100983819058	4.397782812857356
2003	05	09	0.0008300686029899999	0.033576201967638115	5.200419521113576
2003	05	10	0.00123933758619	0.016788100983819058	5.33800334658663
2003	05	11	0.0008300686029899999	0.016788100983819058	5.1947020124913665
2003	05	12	0.0034039842669199996	0.016788100983819058	5.557180039930654
2003	05	13	0.0020698570512	0.016788100983819058	5.7643016054930465
2003	05	14	0.0	0.016788100983819058	6.260449606136417
2003	05	15	0.0454071863584	0.0	5.506653868797268
2003	05	16	0.0008300686029899999	0.0	4.610920145874871
2003	05	17	0.0008243041067299999	0.0	5.100301083777315
2003	05	18	0.00176369079242	0.0	5.653482563324727
2003	05	19	0.0006434663678599999	0.0	5.46626338128241
2003	05	20	0.0008300686029899999	0.0	6.177005548396705
2003	05	21	0.00290419897896	0.0	6.474861760027445
2003	05	22	0.0008300686029899999	0.0	6.609045262916691
2003	05	23	0.000832950715726	0.0	6.535465041150526
2003	05	24	0.00184728836707	0.0	4.014352545082023
2003	05	25	0.00332248674992	0.0	5.046703401015646
2003	05	26	0.0	0.0	5.74882740974017
2003	05	27	0.00164860782662	0.0	5.927139315297869
2003	05	28	0.00248444092587	0.0	5.9706950835733625
2003	05	29	0.13768826100099998	0.0	6.564199928161356
2003	05	30	1.1275400525100001	0.0	4.287157784604255
2003	05	31	1.79428277659	0.0	5.236247591433129
2003	06	01	0.00157540860788	0.0	4.5718156193211765
2003	06	02	0.0842776828895	0.0	4.37290493615941
2003	06	03	0.360307882288	0.0	4.505402187143569
2003	06	04	1.5236070569	0.0	4.429421332872005
2003	06	05	0.0	0.0	5.36558812465366
2003	06	06	0.0	0.0	6.9410853729943005
2003	06	07	0.0008300686029899999	0.0	6.48306902437051
2003	06	08	0.0021013932151	0.0	6.213795911104274
2003	06	09	0.0008243041067299999	0.0	6.580092687912214
2003	06	10	0.00042079855598	0.0	6.421196579366091
2003	06	11	0.0	0.0	7.47896692096128
2003	06	12	0.000847625404087	0.0	7.384646264290816
2003	06	13	0.000232597162974	0.0	5.68920046519474
2003	06	14	0.0401653621947	0.0	6.04218484924952
2003	06	15	0.00586657018344	0.0	5.369075836161073
2003	06	16	0.0807192858274	0.0	4.641500687641128
2003	06	17	0.00244468160738	0.0	5.881173026186492
2003	06	18	0.00041215205336499997	0.0	7.811677352397147
2003	06	19	0.0	0.0	7.653673057479653
2003	06	20	0.0008275630403099999	0.0	5.931475560274802
2003	06	21	0.00713483102275	0.0	5.339394069615686
2003	06	22	0.047884167365	0.0	5.31845010235901
2003	06	23	0.0	0.0	5.858962006806861
2003	06	24	0.0422408990242	0.0	5.056905634449013
2003	06	25	0.00013736186475100002	0.0	5.8077112186779125
2003	06	26	0.0014996924146800001	0.0	5.514626170386342
2003	06	27	0.00249381976496	0.0	6.003228800911471
2003	06	28	0.00228121066347	0.0	5.435289777128546
2003	06	29	0.0509730286732	0.0	5.464466018648434
2003	06	30	0.07825116539100001	0.0	3.950746203374787
2003	07	01	0.473008764736	0.0	4.496655941954916
2003	07	02	0.0676344537746	0.0	4.21906523459565
2003	07	03	0.00124506446226	0.0	5.275812601900153
2003	07	04	0.0016601366257200001	0.0	5.744390230844586
2003	07	05	0.00124290686216	0.0	5.853103191075824
2003	07	06	0.004291012061899999	0.0	6.139097891932329
2003	07	07	0.00123357367019	0.0	7.247992098398281
2003	07	08	0.00166080934048	0.0	7.079508969284337
2003	07	09	0.0	0.0	7.141276146624499
2003	07	10	0.0	0.0	7.411833366480501
2003	07	11	0.0017037352345	0.0	6.401175360045248
2003	07	12	0.0342094062464	0.0	5.300987037397814
2003	07	13	0.0292984511702	0.0	4.495998347262461
2003	07	14	0.426492395914	0.0	4.905656051414662
2003	07	15	0.234690373556	0.0	3.8830166914055857
2003	07	16	0.0008300686029899999	0.0	5.055474669215949
2003	07	17	0.000426576427233	0.0	5.990159496179785
2003	07	18	0.000827186287163	0.0	6.4023845294434905
2003	07	19	0.00216956061254	0.0	6.138254950270637
2003	07	20	0.00130347826936	0.0	5.569695296538636
2003	07	21	0.00125663078484	0.0	5.619040633130599
2003	07	22	0.00042079857532199995	0.0	5.965361059191079
2003	07	23	0.0008300686029899999	0.0	5.53943611246206
2003	07	24	0.00042656295552999997	0.0	5.905543058979229
2003	07	25	0.00084898536912	0.0	6.2843565165954995
2003	07	26	0.00079015590244	0.0	5.951358349463299
2003	07	27	0.0197620260365	0.0	5.289554668284852
2003	07	28	0.00125232806023	0.0	6.859696353063122
2003	07	29	0.00041392173998399995	0.0	7.718701452044632
2003	07	30	0.040589494537799996	0.0	7.868461235987384
2003	07	31	0.0031278434651299996	0.0	8.04740812371017
2003	08	01	1.41036496595	0.0	8.16690483516467
2003	08	02	0.042106818346	0.0	6.61910421925824
2003	08	03	0.00221981664101	0.0	5.78323050779024
2003	08	04	0.00167346626173	0.0	6.6545753015570055
2003	08	05	0.000314686844975	0.0	7.0092867286042475
2003	08	06	0.0374241917114	0.0	7.1924380487874675
2003	08	07	0.0008269025690359999	0.0	6.813055155805363
2003	08	08	0.0	0.0	6.620925713614306
2003	08	09	0.100248174034	0.0	6.570053249901814
2003	08	10	0.00165499890697	0.0	6.659317621100602
2003	08	11	0.00124497829365	0.0	7.073394240505939
2003	08	12	0.004016627610419999	0.0	7.179931331687701
2003	08	13	0.0	0.0	6.916407713872117
2003	08	14	0.0	0.0	6.343820543633409
2003	08	15	0.06699305758099999	0.0	4.893028622917748
2003	08	16	0.0100758338626	0.0	4.323127324995478
2003	08	17	0.067519662873	0.0	4.330609486716185
2003	08	18	0.000809496490474	0.0	5.54671968229283
2003	08	19	0.003124806481	0.0	5.603908956254464
2003	08	20	0.001661593852	0.0	5.713528011029991
2003	08	21	0.00135452354814	0.0	5.4856497388860355
2003	08	22	0.00118738429722	0.0	5.7167248441621314
2003	08	23	0.000464916922984	0.0	5.361862027276091
2003	08	24	0.019805772805	0.0	4.848423722695884
2003	08	25	0.0101293289991	0.0	4.577262526313959
2003	08	26	0.0	0.0	4.628571362135221
2003	08	27	0.201079847853	0.0	4.070581324411568
2003	08	28	0.184513889061	0.0	4.0748903391965685
2003	08	29	0.0532292178485	0.0	4.27535185760196
2003	08	30	0.00089536419698	0.0	4.524674653050439
2003	08	31	0.06698217770599998	0.0	4.3189065161724285
2003	09	01	0.0758388659666	0.0	4.079825473088319
2003	09	02	0.00631626907227	0.0	3.804884870129235
2003	09	03	0.0084989279905	0.0	3.931699470185185
2003	09	04	0.000824304048704	0.0	4.053254087274964
2003	09	05	0.00083017459715	0.0	4.312721998731582
2003	09	06	0.00084420160897	0.0	4.697808051282611
2003	09	07	0.00125471515316	0.0	4.063246685629366
2003	09	08	0.00113424611733	0.0	4.00772763777777
2003	09	09	0.0486128114522	0.0	3.8921219185011138
2003	09	10	0.0	0.0	4.983603115422909
2003	09	11	0.0024984771251399997	0.0	5.639691892222663
2003	09	12	0.00042079855598	0.0	5.362409652509655
2003	09	13	0.00124712274119	0.0	5.005455384563518
2003	09	14	0.0008358328381330001	0.0	5.460480535667987
2003	09	15	0.00042656295552999997	0.0	4.374542863133927
2003	09	16	0.0	0.0	4.559527502326651
2003	09	17	0.0008243041067299999	0.0	4.65808093596489
2003	09	18	0.00166822148501	0.0	4.512320061151841
2003	09	19	0.00067450321803	0.0	3.8155205053947965
2003	09	20	0.0293003844031	0.0	3.892422332115826
2003	09	21	0.0121705753639	0.0	3.6348805325330815
2003	09	22	0.1192104074034	0.0	3.2040278911049973
2003	09	23	0.00042656295552999997	0.0	3.618723261253827
2003	09	24	0.00249979653967	0.0	4.126508124786171
2003	09	25	0.0008281360470599999	0.0	4.093647643473912
2003	09	26	0.00042079855598	0.0	4.163500584174462
2003	09	27	0.00221578692873	0.0	4.050914456157346
2003	09	28	0.384306555827	0.0	2.8667912567405054
2003	09	29	1.5048644654799999	0.0	3.003002366596262
2003	09	30	13.0931191327	0.0	1.608342538109686
2003	10	01	3.0388085641499996	0.0	1.8724166461052096
2003	10	02	4.196854238799999	0.0	2.1737509566568036
2003	10	03	0.51385059694	0.0	2.218852337898054
2003	10	04	0.000824304048704	0.0	2.912443499808423
2003	10	05	0.000824304048704	0.0	3.1908774295977196
2003	10	06	0.0462932607862	0.0	2.643433004839061
2003	10	07	0.0	0.0	3.210820558852332
2003	10	08	0.00165609753257	0.0	3.453096720788545
2003	10	09	0.0012335737669	0.0	3.3471884021354734
2003	10	10	0.0071746595856	0.0	3.123100855415433
2003	10	11	10.770679739	0.0	1.9153891127089533
2003	10	12	0.99479996833	0.0	2.165410279510436
2003	10	13	0.21397777042299998	0.0	2.1439494351948407
2003	10	14	0.0	0.0	2.444898719314121
2003	10	15	0.47002481637	0.0	2.2444834575948773
2003	10	16	5.983971384649999	0.0	2.0142914017073457
2003	10	17	0.00163460170416	0.0	2.4066817797243365
2003	10	18	8.3070872648	0.0	2.1894283696590096
2003	10	19	1.52548913021	0.0	1.752449764486025
2003	10	20	0.64279926228	0.0	1.7414426478654903
2003	10	21	0.166389100463	0.0	1.844491722437594
2003	10	22	0.00111314283481	0.0	2.00566872915444
2003	10	23	0.0	0.0	1.7973542067378514
2003	10	24	0.0012393383598699999	0.0	2.0661177231316175
2003	10	25	37.620881476499996	0.0	1.3051395603086975
2003	10	26	6.522906718099999	0.0	1.6186680766079413
2003	10	27	8.307032140099999	0.0	1.2863417850710712
2003	10	28	4.0776862426	0.0	1.5182679131156525
2003	10	29	0.7745434268799999	0.0	1.3425062846452303
2003	10	30	0.75377785568	0.0	1.3528809762147394
2003	10	31	18.2029718633	0.0	1.1973005200878017
2003	11	01	0.04498419229199999	0.10072860590291434	1.554312631214121
2003	11	02	0.0	0.11751670688673342	1.6852409528019539
2003	11	03	0.00124443468674	0.05036430295145717	1.6214993952749763
2003	11	04	0.16663012112500003	0.033576201967638115	1.854130375753915
2003	11	05	0.00473389038127	0.033576201967638115	1.7163007273443152
2003	11	06	0.00042079855598	0.016788100983819058	1.7841486684945023
2003	11	07	0.0511767134726	0.016788100983819058	1.5172486631691122
2003	11	08	0.8731903347599999	0.016788100983819058	1.5983877230836347
2003	11	09	6.2772961995	0.016788100983819058	1.4537392573073753
2003	11	10	0.59965664115	0.016788100983819058	1.217726682203222
2003	11	11	0.0042857549063000005	0.016788100983819058	1.5344327490417573
2003	11	12	0.0012997040649	0.033576201967638115	1.7141601209535366
2003	11	13	0.0032265612614399996	0.016788100983819058	1.666796834145473
2003	11	14	0.243978953203	0.016788100983819058	1.483326382239657
2003	11	15	17.578988305199996	0.033576201967638115	1.0448745237330277
2003	11	16	0.0386242573975	0.33576201967638114	1.2043963791700572
2003	11	17	0.00206205197394	0.15109290885437152	1.3480898143767084
2003	11	18	0.0016631276726	0.08394050491909529	1.5296384135749952
2003	11	19	0.0008243041067299999	0.05036430295145717	1.569788314755458
2003	11	20	0.0	0.033576201967638115	1.564691469658137
2003	11	21	2.34737152183	0.033576201967638115	1.447985952124007
2003	11	22	12.3155823379	0.5707954334498481	1.1106493145391743
2003	11	23	8.2693481215	1.494140987559896	0.9908099287271439
2003	11	24	12.891866589800001	11.718094486705702	0.7121663028636055
2003	11	25	0.0008300686029899999	3.172951085941802	1.2243250815667626
2003	11	26	2.0965876951999998	0.8729812511585909	1.423471853425148
2003	11	27	0.037216686867	2.7868247633139633	1.1383609691396868
2003	11	28	0.0292474521188	0.8394050491909528	1.2288287832968918
2003	11	29	0.180849111966	0.48685492853075263	1.267756982000773
2003	11	30	4.63284158383	0.3861263226278383	1.2280082148221354
2003	12	01	1.01853966216	1.7123863003495439	0.8882716674226774
2003	12	02	0.0056891659397	0.8729812511585909	0.9643042979794695
2003	12	03	12.4782118081	0.43649062557929547	0.9299989280568002
2003	12	04	0.0078493404599	0.4532787265631145	0.9863861309124676
2003	12	05	3.29066780598	0.5372192314822098	0.9474469452042794
2003	12	06	8.8068893803	4.650303972517879	0.9879639206489383
2003	12	07	1.68512832721	2.7532485613463256	1.0317890256640447
2003	12	08	3.31129943383	9.77067477258269	0.8691876845500428
2003	12	09	9.8456253786	12.490347131961379	0.8659669108171826
2003	12	10	0.0066446197346599995	3.4751369036505446	1.0913137426824853
2003	12	11	0.0	0.9904979580453244	1.2313039353408815
2003	12	12	0.0016607255896199998	0.6043716354174861	1.3347818151360942
2003	12	13	0.0008300686029899999	0.4532787265631145	1.4266589050405007
2003	12	14	0.0	0.36933822164401925	1.326736384327916
2003	12	15	0.0085060110309	0.3189739186925621	1.3473437255330265
2003	12	16	0.196614350642	0.28539771672492403	1.134823320375222
2003	12	17	5.609576511	0.30218581770874303	0.94387196270595
2003	12	18	1.66555151533	2.5517913495404967	1.1068389572275517
2003	12	19	0.00153049155167	0.7554645442718576	1.2061008462692742
2003	12	20	0.00174365315739	0.4532787265631145	1.1394353936404529
2003	12	21	0.0008300686029899999	0.36933822164401925	1.2915246102829012
2003	12	22	0.00110575467436	0.30218581770874303	1.0347163814164695
2003	12	23	0.0	0.23503341377346684	1.0685435931294118
2003	12	24	0.0012344954132	0.18466911082200962	1.108524409220681
2003	12	25	0.0	0.16788100983819057	1.095597303976592
2003	12	26	0.0081381184541	0.15109290885437152	1.1785937768943169
2003	12	27	0.0582278685856	0.15109290885437152	1.0615113514345136
2003	12	28	0.212141818112	0.15109290885437152	0.9550617981754052
2003	12	29	0.00218628680046	0.13430480787055246	1.0289113644661665
2003	12	30	0.0181364508569	0.11751670688673342	0.963804512070618
2003	12	31	0.0215557741035	0.10072860590291434	0.9295492449066699
2004	01	01	1.15472233221	0.10072860590291434	0.622599356717506
2004	01	02	0.0477065168976	0.10072860590291434	0.9341254743967009
2004	01	03	0.00042079851729600004	0.08394050491909529	1.183807095555788
2004	01	04	0.0009592139764700001	0.08394050491909529	1.2521305326940202
2004	01	05	0.00165437261301	0.08394050491909529	1.3889882905141555
2004	01	06	0.0	0.06715240393527623	1.3486960413416653
2004	01	07	0.23139940962400002	0.06715240393527623	1.3024606200107074
2004	01	08	0.030846011359899998	0.06715240393527623	1.0737771655097297
2004	01	09	0.3393573242	0.08394050491909529	0.8907241632710039
2004	01	10	0.187288382909	0.08394050491909529	0.8926673620536494
2004	01	11	0.00695540892486	0.08394050491909529	1.236414523798523
2004	01	12	0.00106053095074	0.08394050491909529	1.352658739064387
2004	01	13	0.137965673636	0.08394050491909529	0.9749677952204748
2004	01	14	0.13576449601	0.06715240393527623	1.213340805369874
2004	01	15	5.4127252401999995	0.06715240393527623	0.8417564830220412
2004	01	16	0.08434491471439999	0.06715240393527623	1.1377383560358332
2004	01	17	0.0232888724282	0.08394050491909529	1.36685132738512
2004	01	18	0.00145914345904	0.06715240393527623	1.1105720845781422
2004	01	19	0.0	0.05036430295145717	1.1359817015625577
2004	01	20	0.000824304048704	0.05036430295145717	1.3246664208529897
2004	01	21	0.0008300686029899999	0.033576201967638115	1.446181966195914
2004	01	22	0.0024123971015	0.033576201967638115	1.3162293070455393
2004	01	23	0.00147229601904	0.033576201967638115	1.5547573525713787
2004	01	24	0.0428936354324	0.033576201967638115	1.1886553868641048
2004	01	25	0.16296171740499998	0.033576201967638115	1.0526476909525166
2004	01	26	0.50266734267	0.033576201967638115	1.0908219164300834
2004	01	27	8.2565553227	0.033576201967638115	1.0451821357162274
2004	01	28	3.51240430056	0.15109290885437152	1.3609651020069633
2004	01	29	7.7414623891	0.33576201967638114	1.5132614098498833
2004	01	30	5.39758954494	0.21824531278964773	1.3394549048712905
2004	01	31	3.39494981214	0.21824531278964773	1.274711581284209
2004	02	01	1.8311041419899998	0.18466911082200962	1.192679763680441
2004	02	02	1.45949499989	0.18466911082200962	1.7111569876027328
2004	02	03	0.00123933758619	0.15109290885437152	1.8546107883861709
2004	02	04	0.0	0.11751670688673342	1.7830437245312196
2004	02	05	0.0008243041067299999	0.08394050491909529	1.757174727773391
2004	02	06	0.00041215205336499997	0.08394050491909529	1.8004972383987594
2004	02	07	0.009723235972299998	0.06715240393527623	1.7335369816349298
2004	02	08	0.074537114551	0.06715240393527623	1.7246690780291296
2004	02	09	0.0042389707668299996	0.05036430295145717	1.696845834650317
2004	02	10	0.000824304048704	0.05036430295145717	1.7227352078140934
2004	02	11	0.000887701921706	0.033576201967638115	1.8342932875586218
2004	02	12	0.0	0.033576201967638115	1.9679010770176881
2004	02	13	0.0037872096339599997	0.033576201967638115	2.05315389055669
2004	02	14	0.022727476680800003	0.033576201967638115	1.4934481175753938
2004	02	15	0.00042079851729600004	0.033576201967638115	1.7475737556031963
2004	02	16	0.00042079851729600004	0.016788100983819058	1.8216457551279028
2004	02	17	0.017801855533100003	0.016788100983819058	1.9957783163385285
2004	02	18	0.0012487445678899998	0.016788100983819058	1.9186652202067012
2004	02	19	0.005908803633860001	0.016788100983819058	1.8945842875908983
2004	02	20	10.3675972945	0.016788100983819058	1.3348078614727237
2004	02	21	6.35827022527	0.016788100983819058	1.4788549939932143
2004	02	22	5.4605580062	0.06715240393527623	1.5603112770714704
2004	02	23	19.9509673964	3.37440829774763	1.1622939937272847
2004	02	24	0.33568342735199996	3.1393748839741638	1.5563371823636494
2004	02	25	11.3129046631	1.4102004826408008	1.3093025164289154
2004	02	26	0.32211117496499997	1.8802673101877347	1.6183872030824258
2004	02	27	1.4878907966700001	0.6211597364013051	1.5092885432904868
2004	02	28	0.12031636942400001	0.36933822164401925	1.7205212694831982
2004	02	29	0.370812396765	0.25182151475728587	1.7245071724436185
2004	03	01	1.77162613805	0.20145721180582868	1.4553966859835912
2004	03	02	0.00248523665575	0.16788100983819057	1.9089649574256877
2004	03	03	0.0	0.15109290885437152	2.2717673610702724
2004	03	04	0.000832379807583	0.11751670688673342	2.6451292706531717
2004	03	05	0.77254278711	0.08394050491909529	2.6314448566513824
2004	03	06	0.75484524395	0.033576201967638115	1.8987390061450689
2004	03	07	0.053999169677999996	0.033576201967638115	2.2410458512580496
2004	03	08	0.000824304048704	0.05036430295145717	2.5493350259995355
2004	03	09	0.00060233860287	0.05036430295145717	2.4307206105357815
2004	03	10	0.0022578177716999995	0.033576201967638115	2.1116296637178245
2004	03	11	0.25395311004	0.033576201967638115	1.6097175552795513
2004	03	12	10.1498750386	0.033576201967638115	1.6428235892080623
2004	03	13	1.7501134821	0.16788100983819057	2.16338389396849
2004	03	14	0.00123933758619	0.3189739186925621	2.6076175332479097
2004	03	15	0.000824304048704	0.15109290885437152	3.201918655407964
2004	03	16	0.00129206155715	0.08394050491909529	3.059797097909697
2004	03	17	0.24930981149399997	0.06715240393527623	2.6682059665272915
2004	03	18	0.211080628953	0.05036430295145717	2.6862420536649685
2004	03	19	0.0008300686029899999	0.033576201967638115	3.127350215864054
2004	03	20	0.00081853980389	0.033576201967638115	3.470760311256216
2004	03	21	0.0016569673423099999	0.016788100983819058	3.0900681106180836
2004	03	22	0.0	0.016788100983819058	2.6526662996516857
2004	03	23	0.0	0.016788100983819058	2.69262951712148
2004	03	24	0.000824304048704	0.0	2.7682666689152304
2004	03	25	0.000824304048704	0.0	2.72727817145172
2004	03	26	0.015566165976499999	0.0	2.825448870667173
2004	03	27	10.3694154425	0.0	2.14947527675026
2004	03	28	7.7785651806	0.033576201967638115	2.4996683822471453
2004	03	29	0.928511036917	2.1488769259288394	2.4407998129405657
2004	03	30	2.4645821076299996	0.18466911082200962	2.2243582195357625
2004	03	31	1.51265726057	0.16788100983819057	2.37079066099275
2004	04	01	9.981150904199998	0.25182151475728587	2.1472374923989843
2004	04	02	0.55619439347	0.2686096157411049	2.4438148331215612
2004	04	03	0.0024980750049599996	0.18466911082200962	3.4526255317112486
2004	04	04	0.00125099887799	0.13430480787055246	3.805538553600666
2004	04	05	0.0	0.08394050491909529	4.078575874224879
2004	04	06	0.000824304048704	0.05036430295145717	4.185359428903618
2004	04	07	0.0011296931072399998	0.033576201967638115	3.8892080471063544
2004	04	08	0.5047247512099999	0.016788100983819058	3.291516863203997
2004	04	09	0.106718440532	0.016788100983819058	3.117972235156368
2004	04	10	0.0	0.0	2.832440389482814
2004	04	11	0.0	0.0	3.4135382154792246
2004	04	12	0.00042656295552999997	0.0	3.552904736572287
2004	04	13	0.0033386400277999996	0.016788100983819058	4.0840137978569295
2004	04	14	0.000824304048704	0.016788100983819058	3.874583463887613
2004	04	15	0.216198986361	0.016788100983819058	3.661978051666952
2004	04	16	0.0009386247076	0.016788100983819058	2.9966661389026745
2004	04	17	0.214621984746	0.016788100983819058	2.9905815268007054
2004	04	18	0.582676454086	0.016788100983819058	2.5267813001439645
2004	04	19	0.050512493719	0.0	2.7925406967252773
2004	04	20	0.0060108098603	0.0	3.658143404258274
2004	04	21	0.35670581195699996	0.0	3.746489563401473
2004	04	22	0.013489072116	0.0	3.5364759900152496
2004	04	23	0.0	0.0	4.6696566115190095
2004	04	24	0.0008243041067299999	0.0	5.043296509172324
2004	04	25	0.000827186287163	0.0	5.325611766691404
2004	04	26	0.0	0.0	5.312976088459863
2004	04	27	0.00273170566902	0.0	4.85682238353105
2004	04	28	1.3760470356099999	0.0	3.308857477500286
2004	04	29	0.007859085926599998	0.0	3.571956354554102
2004	04	30	0.053865680865	0.0	2.800454669144244
2004	05	01	5.4967749341	0.0	2.6119373198867066
2004	05	02	7.79468335275	0.0	2.4130547131382105
2004	05	03	1.54901993044	0.0	3.669605114097758
2004	05	04	0.00059543940818	0.0	3.7795050645749684
2004	05	05	1.12299294173	0.0	2.360737029051661
2004	05	06	0.19067528316100002	0.0	2.73273635313058
2004	05	07	0.031646505174499996	0.0	3.093071213416505
2004	05	08	0.0	0.0	4.098472865241778
2004	05	09	2.3224231464199994	0.0	3.275281763602074
2004	05	10	1.57110830102	0.0	3.299650893481145
2004	05	11	1.72908398931	0.0	3.2161271453968974
2004	05	12	0.6756972964	0.0	4.40958355023554
2004	05	13	3.28194949619	0.0	4.489004695958958
2004	05	14	0.00165212536274	0.0	5.145172121261902
2004	05	15	0.00285188950706	0.0	4.800712955032836
2004	05	16	0.00041215205336499997	0.0	5.251734593534266
2004	05	17	0.0025152396760200002	0.0	5.200367186720595
2004	05	18	0.204504329611	0.0	5.442879702924008
2004	05	19	0.00042656295552999997	0.0	5.6606763026433775
2004	05	20	0.5808769517739999	0.0	4.586812455641776
2004	05	21	0.74811587202	0.0	3.7144474136706322
2004	05	22	0.6181901455500001	0.0	4.542594609320515
2004	05	23	7.553542286799999	0.06715240393527623	4.051764864991262
2004	05	24	3.1978981582199997	0.05036430295145717	3.992366615747258
2004	05	25	0.44912117230299997	0.0	3.998627885942133
2004	05	26	0.199249533735	0.0	4.597556346722077
2004	05	27	0.00137976302065	0.0	4.994732656969961
2004	05	28	0.0016697554023200002	0.0	5.481634335028556
2004	05	29	0.16784833831100002	0.0	5.083022726159905
2004	05	30	0.00090661205353	0.0	5.4083173172049435
2004	05	31	0.00042079851729600004	0.0	5.840422312026267
2004	06	01	0.0024786761394799996	0.0	6.675883965253844
2004	06	02	0.00041215205336499997	0.0	6.752748869736534
2004	06	03	0.0	0.0	6.872411697686457
2004	06	04	0.00046689651865799997	0.0	5.961307172482276
2004	06	05	0.00589630783147	0.0	5.515963250441084
2004	06	06	0.0008488031674799999	0.0	5.373216388364318
2004	06	07	0.15981973522799997	0.0	5.663576271568394
2004	06	08	0.03438336626019999	0.0	6.4181182925933085
2004	06	09	0.102288890428	0.0	6.090982407880447
2004	06	10	0.510925351544	0.0	6.603322596565018
2004	06	11	0.0361990626617	0.0	6.505074387173629
2004	06	12	0.06934358446	0.0	6.761209896791747
2004	06	13	0.0008300686029899999	0.0	6.89108980650531
2004	06	14	0.0008300686029899999	0.0	6.653166302790957
2004	06	15	0.0	0.0	5.755202759821658
2004	06	16	0.00290808352953	0.0	6.464806533305003
2004	06	17	0.000824811776204	0.0	7.196541929944369
2004	06	18	0.0	0.0	6.1039342813898205
2004	06	19	0.13002148871199998	0.0	4.351668253183049
2004	06	20	0.00089346635994	0.0	5.109908647639835
2004	06	21	0.0	0.0	5.841828765127427
2004	06	22	0.0048248290186	0.0	5.390754266128821
2004	06	23	0.0136410895979	0.0	5.558934715594516
2004	06	24	0.0027914766075499997	0.0	5.662449473318427
2004	06	25	0.00342371910294	0.0	6.414147982646135
2004	06	26	0.00166094744236	0.0	7.415529088445735
2004	06	27	0.0008356761099069999	0.0	7.996967432879764
2004	06	28	0.00165437261301	0.0	8.319523169801755
2004	06	29	0.0021443953166	0.0	8.065094141582762
2004	06	30	0.0008243041067299999	0.0	6.7848655865986105
2004	07	01	0.000853937839865	0.0	6.453858288752133
2004	07	02	0.0	0.0	7.220473037107425
2004	07	03	0.0008300686029899999	0.0	6.786189262925172
2004	07	04	0.00041533328046	0.0	7.151268143885883
2004	07	05	0.0	0.0	6.95201374807355
2004	07	06	0.0008300686029899999	0.0	5.346608507401875
2004	07	07	0.00267365481455	0.0	4.585343424034145
2004	07	08	0.0	0.0	5.036333987665597
2004	07	09	0.0	0.0	5.954490206586446
2004	07	10	0.00044547985705399996	0.0	5.381211279836561
2004	07	11	0.00124864534343	0.0	6.177365292622081
2004	07	12	0.00083583280912	0.0	6.866162344700219
2004	07	13	0.0	0.0	6.660776635332092
2004	07	14	0.0	0.0	6.7846742277800764
2004	07	15	0.0016658316842	0.0	6.6647154810685105
2004	07	16	0.00165437261301	0.0	6.278575382840481
2004	07	17	0.00089239848812	0.0	6.424867181573816
2004	07	18	0.00125423817944	0.0	6.29996320040034
2004	07	19	2.46813184818e-05	0.0	5.748883649872734
2004	07	20	7.94142327324e-05	0.0	5.918270795847344
2004	07	21	0.0030506270097	0.0	6.419431890200507
2004	07	22	0.00125663078484	0.0	6.9041535739622555
2004	07	23	0.00125086715897	0.0	7.55615424239813
2004	07	24	0.00082718635486	0.0	7.738762853370285
2004	07	25	0.000824304164756	0.0	7.394281949260821
2004	07	26	0.00041215205336499997	0.0	6.67008178129186
2004	07	27	0.0	0.0	6.89333855822686
2004	07	28	0.0008290613199850001	0.0	5.433471966158864
2004	07	29	0.0008300686029899999	0.0	5.815493497169005
2004	07	30	0.0020874433778600003	0.0	6.670616853090248
2004	07	31	0.0008243041067299999	0.0	6.301097332462946
2004	08	01	0.0007375379643239999	0.0	6.152693984236732
2004	08	02	0.0020531126818000003	0.0	5.649133445031464
2004	08	03	0.286058189857	0.0	5.119065459736807
2004	08	04	0.0231066079267	0.0	4.788819633913055
2004	08	05	0.0008300686029899999	0.0	5.907123352097228
2004	08	06	0.0	0.0	6.287715203462617
2004	08	07	0.0008547499330769999	0.0	6.112953157182309
2004	08	08	1.46928920843	0.0	4.379580788318916
2004	08	09	2.60355099278	0.0	3.788166411544385
2004	08	10	0.269282099577	0.0	4.447556578215828
2004	08	11	0.04914531412	0.0	4.820860809819094
2004	08	12	0.23239968115399998	0.0	4.120463123924617
2004	08	13	0.00082718635486	0.0	5.716459684348808
2004	08	14	0.0024875349689	0.0	6.391613432412883
2004	08	15	0.00041215205336499997	0.0	5.596341704516515
2004	08	16	0.053094621706	0.0	5.303947923292566
2004	08	17	0.467774413354	0.0	4.023939708544345
2004	08	18	0.7394559073729999	0.0	3.563839290287044
2004	08	19	0.15978257924599998	0.0	4.122595987744962
2004	08	20	0.0008300686029899999	0.0	4.575193111940106
2004	08	21	0.0008243041067299999	0.0	5.742602034866018
2004	08	22	0.00569871924363	0.0	5.934300063328827
2004	08	23	0.010203552957	0.0	5.818712524153279
2004	08	24	0.00207622269682	0.0	6.462477108692882
2004	08	25	0.00042656295552999997	0.0	6.624216172547339
2004	08	26	0.000832950715726	0.0	5.837427831298704
2004	08	27	0.000426562994214	0.0	5.508463559775303
2004	08	28	0.00165437261301	0.0	5.5501608543030185
2004	08	29	0.000841597140973	0.0	5.448734224682988
2004	08	30	0.0017532952411	0.0	5.235866572809902
2004	08	31	0.00165221946157	0.0	4.923828170306845
2004	09	01	0.000464916922984	0.0	4.1001107921642035
2004	09	02	7.53702257473	0.0	2.7578724449510936
2004	09	03	11.4004891075	0.0	3.9115506698696185
2004	09	04	0.97887811748	0.0	3.9494341848701495
2004	09	05	0.021528562810799998	0.0	4.2751591906714035
2004	09	06	0.109777020005	0.0	3.635885180890714
2004	09	07	0.114278541691	0.0	4.079131250351639
2004	09	08	0.09801841860300001	0.0	4.205107123323641
2004	09	09	0.015211995581599998	0.0	4.615083615197381
2004	09	10	0.00269263598954	0.0	4.47952569239908
2004	09	11	0.00042079855598	0.0	4.415534582375121
2004	09	12	0.0008304037031400001	0.0	4.680902483036483
2004	09	13	0.000824304048704	0.0	3.7156828051481874
2004	09	14	0.13720509784100002	0.0	3.6317210799442146
2004	09	15	0.0012451022758700001	0.0	4.162856742180631
2004	09	16	0.0008300686029899999	0.0	4.293160868136062
2004	09	17	0.00167217605362	0.0	4.359259324773435
2004	09	18	0.00166013633559	0.0	4.626577303710565
2004	09	19	0.00042079855598	0.0	4.253694153657583
2004	09	20	0.0	0.0	4.27623519513718
2004	09	21	0.0	0.0	4.931584474821489
2004	09	22	0.00041215205336499997	0.0	4.952078367506338
2004	09	23	0.0407418031168	0.0	4.082031887096364
2004	09	24	0.041788361987	0.0	3.523434618338486
2004	09	25	0.00172796534474	0.0	3.971407902917816
2004	09	26	0.0	0.0	3.99323730654011
2004	09	27	0.00042079851729600004	0.0	4.109253450910726
2004	09	28	0.0	0.0	4.130226816750927
2004	09	29	0.0	0.0	4.2725845779591305
2004	09	30	0.00248464662804	0.0	4.330412377763826
2004	10	01	0.00087856924825	0.0	4.206137835579016
2004	10	02	0.00124798462071	0.0	4.434602320010038
2004	10	03	0.0008415972570249999	0.0	4.262737332877495
2004	10	04	0.0	0.0	4.044756692053104
2004	10	05	0.000816236016954	0.0	3.8927605349552152
2004	10	06	0.129143545661	0.0	3.6340634796168034
2004	10	07	0.006069261384299999	0.0	3.748907852876758
2004	10	08	2.7096177819899996	0.0	2.27918017529133
2004	10	09	0.90876443129	0.0	1.9676400951117243
2004	10	10	0.14044845144	0.0	2.2036567206291964
2004	10	11	0.08898490191	0.0	2.3536671340095556
2004	10	12	0.0016701942722999999	0.0	2.7526405242255225
2004	10	13	0.000826914851206	0.0	2.894519700818452
2004	10	14	0.0007136923923859999	0.0	2.2566932817985688
2004	10	15	0.157292509508	0.0	1.9157857748034341
2004	10	16	0.0307496524172	0.0	2.3326582939864866
2004	10	17	0.00272148342202	0.0	2.2479788741655597
2004	10	18	6.13846087086	0.0	1.7818412067807905
2004	10	19	16.326524174	0.0	1.7184232113287174
2004	10	20	3.2402987235199996	0.0	1.7908071355501434
2004	10	21	3.69578067693	0.0	1.7013915729178661
2004	10	22	0.204678813793	0.0	2.293192646658574
2004	10	23	0.00042079855598	0.0	2.5777071105038787
2004	10	24	2.513193099	0.0	2.323488377115618
2004	10	25	13.849026735999999	0.0	1.7067342634304186
2004	10	26	1.49329775606	0.0	1.9620126342191986
2004	10	27	22.9429630015	0.0	1.5494499672372701
2004	10	28	5.45847999843	0.0	1.3908132221580223
2004	10	29	3.02580754872	0.0	1.3558490629109972
2004	10	30	1.78452115932	0.0	1.329990657053841
2004	10	31	0.9997678643199999	0.0	1.594908321134317
2004	11	01	0.000687153031095	0.0	1.8443290827964736
2004	11	02	2.09273525235	0.0	2.0693861714792328
2004	11	03	6.598001066	0.0	1.2772345566875392
2004	11	04	0.098919359292	0.0	1.4679673710490615
2004	11	05	1.72143432502	0.0	1.6229134269125072
2004	11	06	0.162956630459	0.0	1.8079497380011813
2004	11	07	0.0017244462612599999	0.0	2.03248988046325
2004	11	08	0.00123537779524	0.0	2.039136147636562
2004	11	09	0.00125086706226	0.0	1.8714252307821004
2004	11	10	0.0008243041067299999	0.0	1.6294073190879066
2004	11	11	0.000824304048704	0.0	1.3329114674299372
2004	11	12	0.0329915962095	0.0	1.3870984837434175
2004	11	13	0.0008300686029899999	0.0	1.52341061321434
2004	11	14	0.0	0.0	1.6697518689657571
2004	11	15	0.0	0.0	1.6259523242921068
2004	11	16	0.000824304048704	0.0	1.6582911858612712
2004	11	17	0.00041215205336499997	0.0	1.6473153422712257
2004	11	18	0.000824304048704	0.0	1.7006164305060918
2004	11	19	0.00161598203115	0.0	1.4786844801949808
2004	11	20	0.0011319479008899999	0.0	1.7045586505247499
2004	11	21	0.000841597140973	0.0	1.5118153264218204
2004	11	22	0.0	0.0	1.6044556508066323
2004	11	23	0.0	0.0	1.63644677786477
2004	11	24	0.0	0.0	1.6490856037849593
2004	11	25	0.0008243041067299999	0.0	1.6326605936613259
2004	11	26	0.00165437261301	0.0	1.621487881313114
2004	11	27	1.5914113082899999	0.0	1.4544360256872475
2004	11	28	4.80696822896	0.0	0.7815788306932802
2004	11	29	0.662251772797	0.0	1.251308516750901
2004	11	30	7.423780193650001	0.0	0.8515901562560549
2004	12	01	14.8794466414	0.0	0.9081373371825067
2004	12	02	1.39356759947	0.0	1.1530957380939408
2004	12	03	0.0192654085813	0.0	1.17428697239251
2004	12	04	0.0509090656463	0.0	1.0832681851811663
2004	12	05	0.007762136085800001	0.0	1.1745565891937375
2004	12	06	0.00231856161283	0.0	1.2727061790612197
2004	12	07	0.008828291303299998	0.0	1.2822328348011989
2004	12	08	0.0008790485720229999	0.0	1.125961284060442
2004	12	09	0.00042079855598	0.0	1.0736998157463102
2004	12	10	0.0012451022758700001	0.0	1.2283852313173658
2004	12	11	0.0120899946577	0.0	1.342693660000148
2004	12	12	4.9608235877	0.0	0.9428500354811982
2004	12	13	5.47365901977	0.0	0.847002805179916
2004	12	14	0.0	0.0	1.1154744174109334
2004	12	15	0.00166106175358	0.0	1.3192080477344617
2004	12	16	0.00042079855598	0.0	1.3032842113248384
2004	12	17	0.004490784941799999	0.0	1.0168718193110164
2004	12	18	0.00506461827217	0.0	1.034918704708349
2004	12	19	0.18439187972499999	0.0	0.9964878927135239
2004	12	20	0.00083295075441	0.0	1.0004421193039128
2004	12	21	0.00124798491084	0.0	1.082680976791786
2004	12	22	0.00123933758619	0.0	0.958116912550908
2004	12	23	0.0016589779432099998	0.0	1.160212848377524
2004	12	24	0.0	0.0	1.2409477754706424
2004	12	25	0.472322955442	0.0	0.9950223661673799
2004	12	26	0.0201450933794	0.0	0.8192439000213798
2004	12	27	0.00042079855598	0.0	0.9265172238613535
2004	12	28	0.0074412020166	0.0	1.268304184970148
2004	12	29	0.115042337929	0.0	1.0047442038907
2004	12	30	0.0024883608723	0.0	1.3270100014935975
2004	12	31	0.0016457343791	0.0	1.3900272157403673
2005	01	01	0.00042079851729600004	0.0	1.2310884303542302
2005	01	02	0.0025704608926	0.0	1.1148451889598547
2005	01	03	0.0008300686029899999	0.0	1.3626656066875142
2005	01	04	0.00109337917921	0.0	1.3568416117518467
2005	01	05	0.0008327748969459999	0.0	1.3516563709465266
2005	01	06	0.00123933748948	0.0	1.3443858326601
2005	01	07	0.0	0.0	1.3956734114377842
2005	01	08	0.00042079855598	0.0	1.2397149831793453
2005	01	09	0.0010378801148	0.0	1.3838467526733296
2005	01	10	0.00058999802003	0.0	1.3575900983870328
2005	01	11	0.0020751702985999996	0.0	1.2523136472585439
2005	01	12	0.00123775531388	0.0	1.3449889159490922
2005	01	13	0.0016667217063299998	0.0	1.3487554126371617
2005	01	14	0.000818539745864	0.0	1.4415247950488541
2005	01	15	0.144110462629	0.0	1.1134815600348287
2005	01	16	0.000824304048704	0.0	1.4687705748043696
2005	01	17	0.0016543725162999998	0.0	1.6104385084677804
2005	01	18	0.00274580898503	0.0	1.48669973647381
2005	01	19	0.0	0.0	1.2243344710668287
2005	01	20	0.000827186287163	0.0	1.6723073261296553
2005	01	21	0.000830621155575	0.0	1.749198676604526
2005	01	22	0.0	0.0	1.5301087198123544
2005	01	23	0.00168239095066	0.0	1.5457188786777596
2005	01	24	0.0345582788675	0.0	1.220056757198534
2005	01	25	0.0	0.0	1.2064190973695978
2005	01	26	0.000824304048704	0.0	1.2257085478679097
2005	01	27	0.00042079855598	0.0	0.9528889576920591
2005	01	28	0.0	0.0	1.1328398683195104
2005	01	29	0.0071759158485	0.0	1.4095661302095814
2005	01	30	0.0008369522273700001	0.0	1.414988069851539
2005	01	31	0.00166301868043	0.0	1.4314345503408679
2005	02	01	0.000827186287163	0.0	1.6189117109519964
2005	02	02	0.0008243041067299999	0.0	1.6639629294035403
2005	02	03	0.0012520906371800001	0.0	1.7336873804161608
2005	02	04	0.145774300153	0.0	1.6485965330207046
2005	02	05	0.10483387790659998	0.0	1.5306949450772742
2005	02	06	1.22240269809	0.0	1.435046363870611
2005	02	07	3.2386385029499998	0.0	1.3958926989477558
2005	02	08	0.00195325399762	0.0	1.7029642001618728
2005	02	09	0.0	0.0	1.9350577623637024
2005	02	10	0.000827186287163	0.0	1.9685897892632493
2005	02	11	0.0	0.0	2.0449256585950604
2005	02	12	0.000832950715726	0.0	1.980048683174685
2005	02	13	0.00042079851729600004	0.0	2.0082051994044607
2005	02	14	0.0	0.0	1.7918542954454235
2005	02	15	0.0016572539907499999	0.0	1.9976410663654105
2005	02	16	0.000827186287163	0.0	1.6498738550193632
2005	02	17	0.0012451022758700001	0.0	1.7658708049252785
2005	02	18	0.00415322419927	0.0	1.8470386540450299
2005	02	19	0.0016606342953800002	0.0	2.0833123206747852
2005	02	20	0.000824304048704	0.0	2.021559875780572
2005	02	21	0.00188003089151	0.0	1.6605774607895363
2005	02	22	0.9902279063699999	0.0	1.8746456313069544
2005	02	23	0.16364647256	0.0	1.8388803953463242
2005	02	24	0.72118465148	0.0	1.7792859407710462
2005	02	25	0.0	0.0	2.0170021100625677
2005	02	26	0.120465128746	0.0	1.9120367046629174
2005	02	27	14.0376924724	0.0	1.2040743470372013
2005	02	28	1.7008717481099997	0.0	1.1328541636122529
2005	03	01	1.02186629274	0.0	1.3981523726690035
2005	03	02	0.178309342959	0.0	1.3704788183950471
2005	03	03	0.24476130808999996	0.0	1.711109093279291
2005	03	04	0.0016630191639799999	0.0	1.6662426340578913
2005	03	05	0.0020694066727300004	0.0	2.2587498427468113
2005	03	06	0.0	0.0	2.051306486497429
2005	03	07	0.0	0.0	2.5289762035346603
2005	03	08	0.000824304164756	0.0	2.437896305950933
2005	03	09	0.0133335227849	0.0	2.434754609382556
2005	03	10	0.944947665426	0.0	2.5824095758283336
2005	03	11	0.0030317347112000003	0.0	2.605597043869815
2005	03	12	1.53499630347	0.0	2.0412256354494187
2005	03	13	0.35275051802199997	0.0	2.476189642399507
2005	03	14	0.068599894231	0.0	2.516896781831248
2005	03	15	0.023514901105999998	0.0	3.096009636266895
2005	03	16	0.0021200853239	0.0	3.3216352235379225
2005	03	17	0.0	0.0	3.563810815487341
2005	03	18	0.00042079851729600004	0.0	2.8612830680267263
2005	03	19	0.046715223924	0.0	2.759850420087472
2005	03	20	0.87002530659	0.0	3.3094020328649676
2005	03	21	1.90209701879	0.0	2.2771976210625056
2005	03	22	1.0917412986500001	0.0	2.476497894298474
2005	03	23	7.9237191538000005	0.0	2.0786016774607625
2005	03	24	0.021738064716700003	0.0	2.807174850248889
2005	03	25	1.07661807898	0.0	2.702876391804556
2005	03	26	5.9777485797	0.0	2.3950100390422118
2005	03	27	0.8834824450639999	0.0	2.3438183376591644
2005	03	28	1.7424819992899998	0.0	2.6121280671022635
2005	03	29	0.062750022383	0.0	2.99404811239728
2005	03	30	0.00131392227239	0.0	3.6489323160951797
2005	03	31	0.000824304048704	0.0	3.9124837713119422
2005	04	01	1.32380245612	0.0	2.827744283727102
2005	04	02	0.97788065054	0.0	2.685419275218804
2005	04	03	0.8623887561759999	0.0	2.585087104524259
2005	04	04	0.209705635186	0.0	2.871029045395451
2005	04	05	0.0	0.0	3.9558388232723587
2005	04	06	0.0	0.0	3.6313329850852627
2005	04	07	0.0017026133984999999	0.0	3.969970094713571
2005	04	08	0.07287930206	0.0	3.2223888422259224
2005	04	09	0.00042079851729600004	0.0	3.1369829198246983
2005	04	10	0.0	0.0	3.620531772226892
2005	04	11	0.0	0.0	4.206050826086806
2005	04	12	0.00123933758619	0.0	4.279407368973959
2005	04	13	0.000824304048704	0.0	3.8869621032661983
2005	04	14	0.29460230559500006	0.0	2.9964603602109987
2005	04	15	0.0	0.0	3.028877083534252
2005	04	16	0.00166590112198	0.0	3.247881403762151
2005	04	17	0.0277298062663	0.0	3.6278459870952107
2005	04	18	0.588205751626	0.0	2.531401828032892
2005	04	19	0.063820747148	0.0	3.323086007262697
2005	04	20	0.000824304048704	0.0	3.721595089239797
2005	04	21	0.00207022010054	0.0	3.5728219680634115
2005	04	22	0.011193160275299999	0.0	3.692905609868101
2005	04	23	0.032556734859	0.0	3.4420991806890844
2005	04	24	0.47108746584999994	0.0	3.1892046372760587
2005	04	25	0.0008243041067299999	0.0	4.189186484296787
2005	04	26	0.0	0.0	4.730395460492163
2005	04	27	0.0	0.0	5.2635818803139225
2005	04	28	0.0	0.0	5.684396641894787
2005	04	29	0.00041215205336499997	0.0	5.235896353916324
2005	04	30	0.0021858131148799996	0.0	4.606149005524326
2005	05	01	0.261831996372	0.0	4.476769886850231
2005	05	02	0.00061910618267	0.0	4.457998812197145
2005	05	03	0.0	0.0	4.777525970078339
2005	05	04	0.00082876591929	0.0	4.7554786071457285
2005	05	05	0.00255527926009	0.0	5.644618633965058
2005	05	06	0.000832501961984	0.0	5.2277230307049845
2005	05	07	0.00187924231817	0.0	5.31378367291764
2005	05	08	0.0440409080966	0.0	4.681648990529761
2005	05	09	0.0	0.0	4.556097263374215
2005	05	10	1.22792077727	0.0	3.6557379686230775
2005	05	11	5.49070125597	0.0	4.120502474893096
2005	05	12	4.338401605970001	0.0	3.56577258382825
2005	05	13	1.25920269058	0.0	3.2820297180593516
2005	05	14	0.00165456612972	0.0	4.41664986200061
2005	05	15	0.0017588609983099999	0.0	4.224550193175266
2005	05	16	2.9493499766599998	0.0	3.3464402220553864
2005	05	17	0.00084898536912	0.0	4.5997787631165155
2005	05	18	0.00331709129902	0.0	5.511996666988727
2005	05	19	0.0016543725162999998	0.0	6.213211275452709
2005	05	20	0.0012451022758700001	0.0	5.822094678597678
2005	05	21	0.00059854776429	0.0	4.901824304416818
2005	05	22	0.0	0.0	4.458543414599737
2005	05	23	0.00165437261301	0.0	5.5958512448683075
2005	05	24	0.0016659012186900002	0.0	6.658978176099138
2005	05	25	0.0008263796967500001	0.0	6.36256435722082
2005	05	26	0.00166013623888	0.0	6.350169595746114
2005	05	27	0.0039080230541	0.0	5.545173974656686
2005	05	28	0.0176487297546	0.0	5.804933310581791
2005	05	29	0.0040057243316	0.0	4.80321988404342
2005	05	30	5.52026066747	0.0	5.6071434100387
2005	05	31	0.37234090798599995	0.0	5.854105778678515
2005	06	01	0.03727379122070001	0.0	5.766892018358221
2005	06	02	0.33954339424	0.0	5.727262862502239
2005	06	03	0.0039846183412	0.0	5.824363717017347
2005	06	04	0.000824304048704	0.0	6.640177544210701
2005	06	05	0.00123933748948	0.0	7.4963617405078375
2005	06	06	0.0	0.0	7.3678633594523815
2005	06	07	0.00042079855598	0.0	6.763350748028372
2005	06	08	0.0	0.0	6.240067052813744
2005	06	09	0.0008313319257199999	0.0	6.331635192594316
2005	06	10	0.0	0.0	6.606615687762686
2005	06	11	6.83908874803e-06	0.0	6.175010848450769
2005	06	12	0.0025314819271	0.0	4.825606967589299
2005	06	13	0.14629692099299998	0.0	4.401693085787778
2005	06	14	0.08339054755299999	0.0	5.018741508200102
2005	06	15	0.00042656295552999997	0.0	6.029021761916117
2005	06	16	0.00123262900691	0.0	7.359223527669952
2005	06	17	0.000824304048704	0.0	7.502426530175179
2005	06	18	0.000830068477267	0.0	6.614363019204052
2005	06	19	0.00124798462071	0.0	6.650068122106831
2005	06	20	0.242430036172	0.0	6.758448679611365
2005	06	21	0.0613948135478	0.0	7.209714724046849
2005	06	22	0.0011431970146700001	0.0	6.239884116537479
2005	06	23	0.000824304048704	0.0	6.053899932133753
2005	06	24	0.0029036094348	0.0	5.533023141155801
2005	06	25	0.0036898568993	0.0	5.311393967121921
2005	06	26	0.00131719271446	0.0	5.6018334238962355
2005	06	27	0.0013654003284199999	0.0	5.13071725737244
2005	06	28	0.0148425643487	0.0	5.123973476293225
2005	06	29	0.0115190691069	0.0	5.094001521169587
2005	06	30	0.000838693055725	0.0	5.699921127714343
2005	07	01	0.0008455223774400001	0.0	6.812473409958934
2005	07	02	0.00042079855598	0.0	7.232091452895307
2005	07	03	0.0	0.0	6.896500967347742
2005	07	04	0.0046314206238	0.0	5.792812369652641
2005	07	05	0.0	0.0	6.977659602501245
2005	07	06	0.000824304048704	0.0	7.062599061989387
2005	07	07	0.00248834684935	0.0	6.479412506267603
2005	07	08	0.0	0.0	7.100184441261774
2005	07	09	0.0031503567794499998	0.0	6.240871981207167
2005	07	10	0.00170724909564	0.0	6.583223909893499
2005	07	11	0.0012479847174199999	0.0	5.7850989518075355
2005	07	12	0.00041215205336499997	0.0	6.5221316719496345
2005	07	13	0.0029032809109299997	0.0	6.344981031548874
2005	07	14	2.46813184818e-05	0.0	6.381452380102246
2005	07	15	0.0008243041067299999	0.0	7.018391086825843
2005	07	16	0.0012726662699399998	0.0	6.367415752620866
2005	07	17	0.0	0.0	5.647485879720094
2005	07	18	0.000830068477267	0.0	6.106479448629169
2005	07	19	0.0	0.0	7.540824773846907
2005	07	20	0.0	0.0	7.789353781444558
2005	07	21	0.000424492723244	0.0	6.784315369475999
2005	07	22	0.0229441622055	0.0	5.907330482601186
2005	07	23	0.025610042986699996	0.0	6.142141361932425
2005	07	24	0.000785915681503	0.0	5.453489344979016
2005	07	25	0.009059119698400002	0.0	5.0883496005029905
2005	07	26	0.004479552075299999	0.0	5.2368392608192345
2005	07	27	1.7710178321499999	0.0	4.175516485588048
2005	07	28	0.429816889203	0.0	4.419912394050975
2005	07	29	0.00166899632553	0.0	5.206299465585943
2005	07	30	0.000426562994214	0.0	5.684541025308518
2005	07	31	0.00165026843403	0.0	6.047792871301878
2005	08	01	0.0	0.0	5.677274637282475
2005	08	02	0.0	0.0	6.553625719602204
2005	08	03	0.00084159720867	0.0	6.655993855814572
2005	08	04	0.0	0.0	6.96759344762881
2005	08	05	0.0040990910669	0.0	6.715945691582364
2005	08	06	0.00042263751597199995	0.0	7.376742690990644
2005	08	07	0.010861207068699998	0.0	6.80384632132277
2005	08	08	0.00162798790068	0.0	5.975228080097458
2005	08	09	0.379792278092	0.0	4.676269327065569
2005	08	10	0.356171083025	0.0	4.20132911196642
2005	08	11	0.0007022061843699999	0.0	5.071620458578058
2005	08	12	0.000430170741422	0.0	6.303481575025566
2005	08	13	0.0	0.0	6.34900450220007
2005	08	14	0.0	0.0	6.76342189707461
2005	08	15	0.0	0.0	6.383789842238942
2005	08	16	0.0254439019764	0.0	5.912441217056006
2005	08	17	0.002595860807	0.0	5.729260910329813
2005	08	18	0.00609321993286	0.0	5.7597503501356515
2005	08	19	2.46813184818e-05	0.0	5.686015924095998
2005	08	20	0.00125086706226	0.0	5.88630932312465
2005	08	21	0.00207153071446	0.0	5.343058843375403
2005	08	22	0.0	0.0	5.2504277726288855
2005	08	23	0.00041215205336499997	0.0	6.251747005657907
2005	08	24	0.002487323174	0.0	5.842476350993666
2005	08	25	0.0015655362576599999	0.0	5.545995204458068
2005	08	26	0.0149266817396	0.0	5.044102450196732
2005	08	27	0.00042079855598	0.0	5.122065041542917
2005	08	28	0.0023476894076	0.0	5.451365686620115
2005	08	29	0.0	0.0	5.806769345203149
2005	08	30	0.00041215205336499997	0.0	5.722214370286148
2005	08	31	0.0	0.0	4.60251008854513
2005	09	01	0.0	0.0	5.32957258339069
2005	09	02	0.000872044466325	0.0	5.726193179038207
2005	09	03	0.0	0.0	5.779965090775534
2005	09	04	0.000824304048704	0.0	5.3282499106194905
2005	09	05	0.00023622675697099999	0.0	4.042220754630731
2005	09	06	0.5992345020000001	0.0	3.2164111275059097
2005	09	07	1.34358468004	0.0	3.374255225667345
2005	09	08	0.000836974238566	0.0	4.430807785610816
2005	09	09	0.09538965705399999	0.0	3.8200256437792866
2005	09	10	0.0008362625883600001	0.0	3.687520735215944
2005	09	11	0.000420798604335	0.0	3.6832434576202693
2005	09	12	0.0008300686029899999	0.0	4.251157073654694
2005	09	13	0.0008300686029899999	0.0	4.299259628821723
2005	09	14	0.0	0.0	4.851451212122999
2005	09	15	0.869988198963	0.0	4.332250666855189
2005	09	16	0.6029697323300001	0.0	3.644839211941927
2005	09	17	0.090019186347	0.0	3.2892551993147623
2005	09	18	0.0	0.0	3.6710909129314175
2005	09	19	0.0	0.0	4.37487561835395
2005	09	20	0.0	0.0	4.383115687754423
2005	09	21	0.000433460922003	0.0	4.5904537652473865
2005	09	22	0.0	0.0	4.47815679657441
2005	09	23	2.46813184818e-05	0.0	4.090036392849824
2005	09	24	0.0242874176847	0.0	3.449469014106203
2005	09	25	0.00042656295552999997	0.0	3.736803447850521
2005	09	26	0.0008300686029899999	0.0	4.250740303457101
2005	09	27	0.0	0.0	4.215454567886559
2005	09	28	0.00042079855598	0.0	4.4047189769387005
2005	09	29	0.000406237753315	0.0	4.25403800351492
2005	09	30	0.0024897927605599997	0.0	4.379973808584134
2005	10	01	0.0	0.0	4.483452924098055
2005	10	02	0.00207141659666	0.0	4.081985698735981
2005	10	03	0.000838776410074	0.0	3.374121843569124
2005	10	04	0.00081853980389	0.0	3.5958717232923663
2005	10	05	0.0	0.0	3.9466778058731453
2005	10	06	0.0	0.0	4.137112376863121
2005	10	07	0.00385149354464	0.0	3.1344526799191117
2005	10	08	0.0250199234022	0.0	3.065626842148059
2005	10	09	2.00050679375	0.0	2.451790704319372
2005	10	10	7.2225271672	0.0	1.78592327946477
2005	10	11	2.1151299035	0.15109290885437152	1.901458623725649
2005	10	12	7.30278370148	0.016788100983819058	1.7869560361720283
2005	10	13	0.0124732051314	0.0	2.102648602404829
2005	10	14	0.0024930870900000002	0.0	2.280102056585241
2005	10	15	0.0016689496146	0.0	2.8213790105450776
2005	10	16	0.10185051366899998	0.0	2.442514530230453
2005	10	17	1.8330045902	0.0	1.6342503074271357
2005	10	18	0.12858383653599997	0.0	2.186279916462375
2005	10	19	0.115429690492	0.0	2.7130100820777434
2005	10	20	2.0403827445	0.0	2.015477138557471
2005	10	21	0.12088285791999999	0.0	2.2792985310621208
2005	10	22	6.41651508	0.0	1.929016227710127
2005	10	23	0.004964564330499999	0.0	2.2030163219249004
2005	10	24	0.00042079855598	0.0	2.537574854259341
2005	10	25	0.000824304164756	0.0	2.4850919707150205
2005	10	26	0.0038076212465599996	0.0	2.2949101176576567
2005	10	27	22.1268988769	0.0	1.6009052015572867
2005	10	28	23.7660231275	0.11751670688673342	1.4864367994521266
2005	10	29	0.0050792062987	0.05036430295145717	1.7697718393275725
2005	10	30	23.193505730099996	0.0	1.4666876061262328
2005	10	31	0.304721237302	0.0	1.694807092248318
2005	11	01	0.00025112295958700003	0.0	1.9954784361736124
2005	11	02	0.0009446683089200001	0.0	2.0794851573195468
2005	11	03	4.100316962859999	0.0	1.7933693067094043
2005	11	04	0.005659420845000001	0.0	1.513817237620183
2005	11	05	0.00041215205336499997	0.0	1.7114106539145115
2005	11	06	0.00167017850857	0.0	1.8902189765439514
2005	11	07	0.0024959226271999996	0.0	1.9393190156218516
2005	11	08	0.477061271563	0.0	2.059198040318343
2005	11	09	0.000824304048704	0.0	1.4573171389028958
2005	11	10	0.00123933758619	0.0	1.5872372044803083
2005	11	11	0.0	0.0	1.6019259069787313
2005	11	12	0.347004348307	0.0	1.6011896490543112
2005	11	13	0.206321578208	0.0	1.2379456357329819
2005	11	14	1.4808773874699999	0.0	1.2216212473203207
2005	11	15	0.188059674172	0.0	1.4948903437665653
2005	11	16	0.039802438577699994	0.0	1.4303013336425927
2005	11	17	0.0086283027601	0.0	1.6437512638697145
2005	11	18	0.86366594712	0.0	1.4843086498118943
2005	11	19	21.717719834	0.0	1.1562005762160654
2005	11	20	20.8200276339	7.134942918123099	0.8620604609539488
2005	11	21	9.5645938554	2.568579450524316	0.783025051097775
2005	11	22	5.044226871959999	2.4342746426537634	0.8644434435404115
2005	11	23	0.0112928721537	0.587583534433667	1.3466845946913573
2005	11	24	0.0	0.2686096157411049	1.3656175364747642
2005	11	25	0.9746056630999999	0.16788100983819057	1.3672013377556804
2005	11	26	0.77916026557	0.11751670688673342	0.9378785690079059
2005	11	27	1.20525794929	0.11751670688673342	1.247899212661269
2005	11	28	1.38356817231	0.10072860590291434	1.164353431383326
2005	11	29	0.00125062016163	0.08394050491909529	1.1727373320903416
2005	11	30	0.00083059161067	0.05036430295145717	1.2504577288866605
2005	12	01	3.78054263998	0.033576201967638115	1.2777658047521276
2005	12	02	8.398657128299998	0.20145721180582868	0.6456674903432541
2005	12	03	0.54248052863	0.43649062557929547	1.070222770749075
2005	12	04	1.1195175711699998	0.30218581770874303	1.104119026366142
2005	12	05	0.26591852577700004	0.25182151475728587	1.0067250333278566
2005	12	06	0.00125257602467	0.21824531278964773	1.139623244211146
2005	12	07	0.00207805206318	0.16788100983819057	1.2761422833813174
2005	12	08	0.003330557006	0.08394050491909529	1.3297450055561968
2005	12	09	0.00248099892026	0.06715240393527623	1.3988994698422257
2005	12	10	0.00042079855598	0.05036430295145717	1.1815882959525141
2005	12	11	0.000824304048704	0.033576201967638115	1.213946562092798
2005	12	12	0.000824304164756	0.033576201967638115	1.2525046597150258
2005	12	13	0.0008300686029899999	0.016788100983819058	1.1661395629666083
2005	12	14	0.00084159720867	0.016788100983819058	1.0286866212588879
2005	12	15	0.00042079851729600004	0.016788100983819058	1.1370732838951796
2005	12	16	0.0008243041067299999	0.016788100983819058	1.2285961964678405
2005	12	17	0.0008358328381330001	0.016788100983819058	1.1508094948567378
2005	12	18	0.000824304048704	0.016788100983819058	1.3336033573315647
2005	12	19	0.00042079851729600004	0.0	1.2061078103815805
2005	12	20	0.00041215205336499997	0.0	1.2429267086573035
2005	12	21	0.0008358328381330001	0.0	1.1799619290990133
2005	12	22	0.337236986463	0.0	1.142552331382542
2005	12	23	3.8282124496299996	0.0	0.9588380155131438
2005	12	24	0.53911734167	0.0	0.8006938237198218
2005	12	25	16.6279450665	0.0	0.47382033281515645
2005	12	26	3.29628056425	1.5780814924789914	0.9203851993122214
2005	12	27	1.57335071579	0.7386764432880385	1.0577886451005982
2005	12	28	0.0215477597458	0.3525501206602002	1.1217973865117676
2005	12	29	0.0232240757611	0.20145721180582868	1.136542061873177
2005	12	30	0.324767605245	0.13430480787055246	0.9733151300073025
2005	12	31	0.47572432351	0.10072860590291434	1.068650547119487
2006	01	01	0.128769287632	0.08394050491909529	0.8773295854497749
2006	01	02	0.0008358328381330001	0.08394050491909529	1.114304427003892
2006	01	03	0.00166590112198	0.06715240393527623	1.1823029722967642
2006	01	04	0.0	0.05036430295145717	1.2212343511504036
2006	01	05	0.45598434251799996	0.033576201967638115	1.2983993522358657
2006	01	06	3.2273606662999996	0.10072860590291434	0.9753703170672556
2006	01	07	0.00479059232466	0.3189739186925621	1.1097331571050069
2006	01	08	0.00041215205336499997	0.15109290885437152	1.2294101495947438
2006	01	09	0.0012479925509299998	0.08394050491909529	1.2306321409203425
2006	01	10	0.0182134648983	0.06715240393527623	1.141411430822095
2006	01	11	0.000824304048704	0.05036430295145717	1.327287892486621
2006	01	12	0.0012451022758700001	0.033576201967638115	1.2128781424025743
2006	01	13	0.780967843167	0.033576201967638115	1.1934538731781854
2006	01	14	4.1062398701	0.033576201967638115	1.0166924390959589
2006	01	15	11.7324007288	0.3189739186925621	1.0773573375020453
2006	01	16	0.07479436315099999	0.8226169482071338	0.9520740203062495
2006	01	17	0.00164860772991	0.33576201967638114	1.2022121638109953
2006	01	18	0.00666868108595	0.23503341377346684	1.0736622400491314
2006	01	19	0.0	0.16788100983819057	1.49570178016776
2006	01	20	0.0008243041067299999	0.11751670688673342	1.3868905328231067
2006	01	21	0.0111504937575	0.08394050491909529	1.6103840411568482
2006	01	22	0.051438772428	0.08394050491909529	1.1648302138504867
2006	01	23	0.004979443163999999	0.06715240393527623	1.2868371809644197
2006	01	24	0.00719356387614	0.05036430295145717	1.1546585331337198
2006	01	25	1.2913481274799998	0.05036430295145717	1.0098087481752793
2006	01	26	0.7733935449799999	0.033576201967638115	1.1452275417028517
2006	01	27	5.5038666784	0.08394050491909529	1.0315162254761077
2006	01	28	0.64844548221	0.40291442361165736	1.044243330454453
2006	01	29	9.0436480326	2.1992412288802963	1.000345864421064
2006	01	30	0.5400180019	4.751032578420793	1.2244855794712273
2006	01	31	0.000824304048704	0.5036430295145717	1.4274299254278116
2006	02	01	0.0016601364323	0.3525501206602002	1.742509714315875
2006	02	02	3.63353802422	0.2686096157411049	1.6896115002929315
2006	02	03	5.235367804099999	0.28539771672492403	1.1802310520544668
2006	02	04	0.0021139819558	0.28539771672492403	1.4455625270465653
2006	02	05	0.00244705670827	0.23503341377346684	1.5456735738917031
2006	02	06	0.0008243041067299999	0.16788100983819057	1.7235054000067058
2006	02	07	0.00042079855598	0.11751670688673342	1.7671333209707794
2006	02	08	0.00124222002774	0.11751670688673342	1.7671044452737323
2006	02	09	0.68084487957	0.11751670688673342	1.6073496838350068
2006	02	10	1.02080925244	0.10072860590291434	1.5928415016663582
2006	02	11	0.203018989734	0.10072860590291434	2.026123537233476
2006	02	12	0.836356629164	0.08394050491909529	2.068859892016978
2006	02	13	0.039731299668800006	0.08394050491909529	1.81278955127993
2006	02	14	0.0026732310313299997	0.06715240393527623	1.6838933079282603
2006	02	15	0.00208732809954	0.06715240393527623	1.772475902509487
2006	02	16	0.565193684494	0.05036430295145717	1.484310444074287
2006	02	17	0.352620365704	0.05036430295145717	1.5741146893457136
2006	02	18	6.8686904218	0.05036430295145717	1.3613606592537215
2006	02	19	5.1580694353	0.08394050491909529	1.3505657606492398
2006	02	20	1.61240240721	0.7722526452556766	1.33767281740812
2006	02	21	1.8770850082	0.7890407462394957	1.4758508325530733
2006	02	22	0.0036561643925299998	0.4532787265631145	1.532332386491409
2006	02	23	2.67698637734	0.30218581770874303	1.2133537538256043
2006	02	24	0.28133354853	0.23503341377346684	1.6773428042386886
2006	02	25	10.8940875016	0.23503341377346684	1.4957296585465953
2006	02	26	0.66502747552	0.8058288472233147	1.43976379608148
2006	02	27	0.00373530798813	0.3861263226278383	1.9953226283277377
2006	02	28	0.0034447072038500002	0.25182151475728587	2.095721311113383
2006	03	01	0.000211603172425	0.18466911082200962	2.190668026374279
2006	03	02	0.0008300686029899999	0.11751670688673342	2.0789146657404682
2006	03	03	0.350021961424	0.10072860590291434	1.840063833474307
2006	03	04	12.484400281	0.16788100983819057	1.6764096771996981
2006	03	05	0.00126425240323	0.7722526452556766	1.6547640671835604
2006	03	06	0.006285701749149999	0.33576201967638114	2.1032850091882294
2006	03	07	0.06143627989449999	0.21824531278964773	2.2743729890428575
2006	03	08	0.0449482800006	0.13430480787055246	1.9420514641209947
2006	03	09	0.088075460412	0.10072860590291434	1.8604729326098501
2006	03	10	1.23406592409e-05	0.08394050491909529	2.0749744621389095
2006	03	11	0.0008329506577000001	0.08394050491909529	2.3894230835503683
2006	03	12	0.0008300686029899999	0.06715240393527623	3.1261815096946175
2006	03	13	0.0012522821229799998	0.05036430295145717	3.2115130388013697
2006	03	14	0.0012422199310300002	0.05036430295145717	3.0815201683779945
2006	03	15	0.0129823320251	0.033576201967638115	2.900553784951688
2006	03	16	0.0400396943194	0.033576201967638115	2.1844515196919647
2006	03	17	20.357634880600003	0.033576201967638115	1.7562644660814106
2006	03	18	9.0956693087	2.6189437534757727	1.8907597052551925
2006	03	19	4.6437163331999995	1.9306316131391912	2.003263654260231
2006	03	20	7.31019410523	1.9138435121553723	1.9818831005266055
2006	03	21	4.15061283585	2.1488769259288394	2.1301953427820894
2006	03	22	0.24333921655300003	1.2255313718187912	2.284513298665087
2006	03	23	4.0832828503	0.4700668275469337	1.9811979697696822
2006	03	24	0.57115117523	1.1080146649320577	2.3609797867824156
2006	03	25	0.0132663828345	0.5372192314822098	3.00259095800942
2006	03	26	0.0012414609509499997	0.2686096157411049	3.3235471004867625
2006	03	27	0.135523707452	0.18466911082200962	2.692470424413196
2006	03	28	0.0012830006038300002	0.13430480787055246	2.6787031909358174
2006	03	29	0.0008300686029899999	0.10072860590291434	3.2157855898450434
2006	03	30	0.0016601364323	0.08394050491909529	3.3311799765450223
2006	03	31	0.00264686875572	0.06715240393527623	3.5233332827523576
2006	04	01	0.062268435595999996	0.05036430295145717	2.7859487975486665
2006	04	02	0.00042656295552999997	0.05036430295145717	3.774634119766258
2006	04	03	0.000824304048704	0.033576201967638115	3.7829216220380624
2006	04	04	0.27074685956600003	0.033576201967638115	2.7123615130805554
2006	04	05	5.973077776829999	0.033576201967638115	2.2171968286496835
2006	04	06	2.8177154812	0.033576201967638115	2.3186972704217794
2006	04	07	0.556903800004	0.033576201967638115	2.487550014821149
2006	04	08	0.0016607449316200001	0.033576201967638115	3.79794232480824
2006	04	09	0.013425040425	0.033576201967638115	3.184091093459659
2006	04	10	0.0106553830441	0.033576201967638115	3.636301353559702
2006	04	11	4.765159915699999	0.016788100983819058	3.6389820197814
2006	04	12	0.28506684466	0.016788100983819058	3.272397266103435
2006	04	13	0.00330818836984	0.016788100983819058	4.1648830947758455
2006	04	14	8.556520729699999	0.016788100983819058	2.8563288389302772
2006	04	15	1.13734983136	0.016788100983819058	3.2577231001441875
2006	04	16	0.266647989965	0.016788100983819058	3.072392186199355
2006	04	17	0.006918778465	0.016788100983819058	2.935453644204743
2006	04	18	0.00125140090146	0.016788100983819058	3.741611513546749
2006	04	19	0.000742383251376	0.016788100983819058	3.4824753290313026
2006	04	20	0.53901076725	0.016788100983819058	3.3810531516709057
2006	04	21	1.05062571912	0.016788100983819058	2.7159500283298312
2006	04	22	13.216399238100001	0.0	2.565541495554957
2006	04	23	1.73548870577	0.0	3.9664897784900575
2006	04	24	0.000824304048704	0.0	4.358709914225276
2006	04	25	0.09830225278200001	0.0	4.981897291538694
2006	04	26	0.005503285451299999	0.0	4.753458387067077
2006	04	27	0.00168324422299	0.0	4.666907042171439
2006	04	28	0.0014935411751299998	0.0	4.916353218272841
2006	04	29	0.0101856238901	0.0	4.5568668509290315
2006	04	30	0.0016659012186900002	0.0	4.716871586296533
2006	05	01	0.00041215205336499997	0.0	4.878719950065515
2006	05	02	0.00097939686992	0.0	4.25930580919062
2006	05	03	0.0209016634462	0.0	3.236290128830709
2006	05	04	0.259340021447	0.0	3.605896195980387
2006	05	05	0.002487323174	0.0	4.29491302439483
2006	05	06	0.0008243041067299999	0.0	4.471617112685707
2006	05	07	0.0008243041067299999	0.0	4.198834592222569
2006	05	08	0.0	0.0	4.198715510489081
2006	05	09	0.00250445090184	0.0	5.400601362152775
2006	05	10	0.0008300686029899999	0.0	5.520396613895866
2006	05	11	0.00062246482426	0.0	5.079442275214819
2006	05	12	0.0413305320115	0.0	5.164628296970959
2006	05	13	0.0008300686029899999	0.0	5.445291407955168
2006	05	14	0.0	0.0	5.399533487086153
2006	05	15	0.0	0.0	5.7360981354394935
2006	05	16	0.00083631993739	0.0	6.612312166353792
2006	05	17	0.0	0.0	6.071384604496487
2006	05	18	0.0021727142289299996	0.0	4.657327125690494
2006	05	19	0.0008300686029899999	0.0	5.247539670020682
2006	05	20	0.0	0.0	5.211316300349989
2006	05	21	0.0173697291414	0.0	4.6298276807966054
2006	05	22	0.00211331223905	0.0	4.002941011912764
2006	05	23	0.00332603852138	0.0	4.412276928657001
2006	05	24	0.0024831531355099996	0.0	5.635398181432157
2006	05	25	0.0	0.0	6.4040453609828845
2006	05	26	0.00207178960713	0.0	5.917789809771315
2006	05	27	0.119324772781	0.0	6.41609926117845
2006	05	28	0.152444533918	0.0	6.734838570189401
2006	05	29	0.07496473715799999	0.0	6.4785858749521905
2006	05	30	0.0124550807103	0.0	5.245870235417386
2006	05	31	0.144098161117	0.0	4.621449644393617
2006	06	01	0.21256240023099998	0.0	4.533508847736203
2006	06	02	0.00381423553359	0.0	5.978786772531148
2006	06	03	0.000827186287163	0.0	6.744472869925703
2006	06	04	0.0	0.0	6.213547486453974
2006	06	05	0.0008243041067299999	0.0	6.836690115694939
2006	06	06	0.00042079855598	0.0	5.681386378832815
2006	06	07	0.00511494673643	0.0	6.02492556367389
2006	06	08	0.00325597560794	0.0	6.072244395864899
2006	06	09	0.0036677925128	0.0	4.958080725375801
2006	06	10	0.0200298904932	0.0	5.457822269895559
2006	06	11	0.00247769520995	0.0	6.647987042879692
2006	06	12	0.5641605895899999	0.0	6.12022085403529
2006	06	13	20.0532904448	0.0	2.966092922069688
2006	06	14	5.58986353144	0.0	3.700729434859178
2006	06	15	9.316645856100001	0.0	3.259437763675339
2006	06	16	8.306566965	0.0	3.695335456780949
2006	06	17	2.63689756788	0.0	4.530158318771841
2006	06	18	0.411802939936	0.0	4.645405101982147
2006	06	19	0.174200067362	0.0	5.532684901191926
2006	06	20	0.00106053075732	0.0	5.52969029003475
2006	06	21	0.0008243041067299999	0.0	6.460931177736444
2006	06	22	0.00166807023057	0.0	7.026037707685997
2006	06	23	0.0008300686029899999	0.0	6.114211234450395
2006	06	24	0.0083076336763	0.0	4.808512148604049
2006	06	25	0.013569699243000001	0.0	4.622326323662712
2006	06	26	0.0012998501937099998	0.0	4.711132173864614
2006	06	27	0.0	0.0	5.1906041046621585
2006	06	28	0.0	0.0	4.606902714908882
2006	06	29	0.0008243041067299999	0.0	5.825118348071541
2006	06	30	0.0	0.0	6.08805174905386
2006	07	01	0.00224723711744	0.0	5.318605024165841
2006	07	02	0.0062953519565	0.0	4.933340905436496
2006	07	03	0.0006061954556959999	0.0	5.643035193057128
2006	07	04	0.030125633076399996	0.0	4.791207830690189
2006	07	05	0.0	0.0	5.429512450577318
2006	07	06	0.0	0.0	6.42419229893586
2006	07	07	0.0	0.0	7.269570401974778
2006	07	08	0.00123832261474	0.0	6.934372944803661
2006	07	09	0.0016685679002299998	0.0	7.544793880633816
2006	07	10	0.00083583280912	0.0	7.650711168401751
2006	07	11	1.62043755756	0.0	7.511046470640372
2006	07	12	0.1098888699555	0.0	7.110277138468283
2006	07	13	0.175476649033	0.0	6.976516956086933
2006	07	14	0.0109860325999	0.0	6.8807814383816535
2006	07	15	0.0008300686029899999	0.0	6.9064701129947785
2006	07	16	0.0	0.0	7.13986041415662
2006	07	17	0.00769550483	0.0	6.993696661044475
2006	07	18	0.96308837249	0.0	5.960754464975274
2006	07	19	0.0117516431175	0.0	5.0915105737191215
2006	07	20	0.0005636163443939999	0.0	6.413059568845193
2006	07	21	0.0008300686029899999	0.0	6.15778160268657
2006	07	22	0.00042079855598	0.0	6.439639123686915
2006	07	23	0.0008321129169959999	0.0	6.242081267271527
2006	07	24	0.00243048622345	0.0	6.052107624928522
2006	07	25	0.00083006850628	0.0	6.568701976474362
2006	07	26	0.0008358328381330001	0.0	6.042465333254905
2006	07	27	0.00082718635486	0.0	5.513303093707963
2006	07	28	0.0	0.0	6.077631010585628
2006	07	29	0.0	0.0	6.5247737933034315
2006	07	30	0.0020686890845299996	0.0	6.394705336743878
2006	07	31	0.000626798621793	0.0	5.677871639614335
2006	08	01	0.0008843533476269999	0.0	6.038694076644615
2006	08	02	0.00337273465475	0.0	6.122314271179858
2006	08	03	0.008259644240099999	0.0	5.499826987277145
2006	08	04	0.0017238051706700002	0.0	6.830280845405772
2006	08	05	0.00042656295552999997	0.0	6.516692838730639
2006	08	06	0.0	0.0	6.464131525286296
2006	08	07	0.000424831295283	0.0	6.0507614578173134
2006	08	08	0.0022207410919	0.0	6.161302729966279
2006	08	09	0.00123933748948	0.0	6.281604710935643
2006	08	10	0.00041215205336499997	0.0	6.9287365144736475
2006	08	11	0.00166301868043	0.0	6.7191362905121785
2006	08	12	0.00041215205336499997	0.0	6.310993769479269
2006	08	13	0.00046689651865799997	0.0	5.855803859009015
2006	08	14	0.004011579154999999	0.0	5.035747063944998
2006	08	15	0.0030920144410400002	0.0	4.041766970057112
2006	08	16	8.4865113936	0.0	3.5998332303047182
2006	08	17	20.083147723099998	0.0	3.2818499092427635
2006	08	18	0.284581602235	0.0	3.3748841176475177
2006	08	19	0.0030527884782000003	0.0	4.227422458753371
2006	08	20	0.00042656295552999997	0.0	5.498062967734348
2006	08	21	0.0	0.0	5.972110585673766
2006	08	22	0.0	0.0	5.58450571285188
2006	08	23	0.0	0.0	5.544414414544095
2006	08	24	0.00123933758619	0.0	5.5456039437048945
2006	08	25	0.0	0.0	5.762640860263764
2006	08	26	0.0014765273716700002	0.0	5.439811943442999
2006	08	27	0.00042079851729600004	0.0	5.884312992640178
2006	08	28	0.0008243041067299999	0.0	6.07069787350798
2006	08	29	0.0	0.0	6.543225047357311
2006	08	30	0.00042079851729600004	0.0	6.40725241714626
2006	08	31	0.00165437261301	0.0	6.0627707403340505
2006	09	01	0.0012292603074799998	0.0	5.835109567121815
2006	09	02	0.0033138159247399998	0.0	6.111648416299323
2006	09	03	0.00084682689863	0.0	6.684958671779061
2006	09	04	0.0008300686029899999	0.0	6.424122917858749
2006	09	05	0.00123218336723	0.0	5.441431220199213
2006	09	06	0.030582735792700003	0.0	5.220693566305415
2006	09	07	0.00167046041822	0.0	5.221529493969235
2006	09	08	0.0356414221636	0.0	5.36547920779168
2006	09	09	1.09310645701	0.0	5.306501050241152
2006	09	10	0.0016601364323	0.0	4.7684975930044
2006	09	11	0.00142180730631	0.0	3.556948366285475
2006	09	12	0.0319757069816	0.0	3.719232546913351
2006	09	13	2.96582723304	0.0	3.7544982074841187
2006	09	14	0.0131227123927	0.0	2.9825457677385976
2006	09	15	0.144300923303	0.0	3.0422295689768832
2006	09	16	0.0	0.0	3.682035669803098
2006	09	17	0.0	0.0	4.077260484680199
2006	09	18	0.00042079855598	0.0	3.9904722911922192
2006	09	19	0.0	0.0	4.3652565525140234
2006	09	20	0.00304187930007	0.0	4.325403805823532
2006	09	21	20.3241906284	0.0	2.4211833512402934
2006	09	22	0.211752647401	0.0	2.8431930271101926
2006	09	23	3.0707634823500003	0.0	2.4989694969032294
2006	09	24	0.100086542611	0.0	3.0739230018440282
2006	09	25	0.458734948996	0.0	2.8189754246272307
2006	09	26	0.0019508732875500002	0.0	3.677462211542636
2006	09	27	0.00350370310844	0.0	3.0200805753849034
2006	09	28	0.5497564474540001	0.0	2.8030458900114703
2006	09	29	0.131516054723	0.0	2.885967918332825
2006	09	30	0.52124204553	0.0	2.443851266581671
2006	10	01	0.0051222480513	0.0	3.19293753317711
2006	10	02	0.17147543719	0.0	3.3492670200741745
2006	10	03	0.00532602114693	0.0	2.596369797218686
2006	10	04	0.423977433022	0.0	2.4725086237406315
2006	10	05	0.0012488448561600001	0.0	3.003528426626408
2006	10	06	0.0	0.0	3.4706359621864302
2006	10	07	0.0028830885399	0.0	3.144360359287547
2006	10	08	0.016914056766	0.0	3.2550410192611317
2006	10	09	0.00207805293357	0.0	3.4372570813485526
2006	10	10	0.615638307135	0.0	2.6150780100819304
2006	10	11	0.8417927562899999	0.0	2.375390523464575
2006	10	12	0.0	0.0	3.0323742217219194
2006	10	13	0.00042079855598	0.0	3.047303482227317
2006	10	14	0.00083199632342	0.0	2.890440379359226
2006	10	15	1.17026585354	0.0	2.2648078130579217
2006	10	16	7.0712456484	0.0	1.3079096177045046
2006	10	17	4.70551054164	0.0	1.8474176833464964
2006	10	18	3.78644726903	0.0	1.7286183237908677
2006	10	19	1.6584261159499998	0.0	1.3508791021539965
2006	10	20	9.8244294479	0.06715240393527623	1.4033772109843072
2006	10	21	0.7686794160299999	0.05036430295145717	1.700252106240958
2006	10	22	8.874416170699998	0.23503341377346684	1.8072666600094156
2006	10	23	15.288058963700001	11.113722851288216	1.7270857241328093
2006	10	24	8.297315686400001	1.175167068867334	1.8877618057317984
2006	10	25	24.983557540899998	11.231239558174948	1.5257768897470025
2006	10	26	7.346634626649999	2.7868247633139633	1.373234335035194
2006	10	27	0.22823949741299998	1.9977840170744678	1.9899246086872888
2006	10	28	0.00042079857532199995	0.5036430295145717	2.3148505798923833
2006	10	29	0.0368727348507	0.3189739186925621	2.492812796620901
2006	10	30	0.843657566865	0.20145721180582868	2.336103283242373
2006	10	31	0.1022979772996	0.15109290885437152	2.2836513423404914
2006	11	01	1.9140454425799998	0.10072860590291434	2.0550628305551157
2006	11	02	5.9480392677	0.13430480787055246	1.299932613712469
2006	11	03	5.51390266194	10.207165398161987	1.4838904630997258
2006	11	04	5.692728349259999	2.937917672168335	1.4077807544807617
2006	11	06	10.865349157999999	5.657590031547023	0.8012732056462659
2006	11	07	1.2802602292699998	2.1656650269126585	1.3573238805476489
2006	11	08	0.07706825702600001	1.4605647855922579	1.565376890664892
2006	11	09	0.0420305857214	0.7386764432880385	1.7705060815053149
2006	11	10	0.0024786761394799996	0.48685492853075263	1.870014399077283
2006	11	11	0.00042079855598	0.33576201967638114	1.964089042657528
2006	11	12	0.00042079855598	0.2686096157411049	1.7832832213441454
2006	11	13	0.00226831003302	0.23503341377346684	1.7983864560190455
2006	11	14	0.077813165801	0.20145721180582868	1.6704070956344137
2006	11	15	13.445130960399998	0.18466911082200962	1.5666454907232346
2006	11	16	5.0418868768000005	18.802673101877343	1.3714201173191858
2006	11	17	0.08548351636	1.3766242806731628	1.5532370838451075
2006	11	18	1.83852276609	0.5540073324660288	1.2631222839096667
2006	11	19	0.00039462743735600004	0.40291442361165736	1.5709377780660632
2006	11	20	0.0960603554105	0.30218581770874303	1.4442176675656089
2006	11	21	0.129428869174	0.25182151475728587	1.3660211648095957
2006	11	22	0.3798527025	0.2686096157411049	1.1504930252600056
2006	11	23	0.96683762577	0.25182151475728587	1.2314034933899622
2006	11	24	14.632699780300001	0.43649062557929547	1.3004958453237812
2006	11	25	8.727603621	8.058288472233148	1.0663550658859298
2006	11	26	0.00698693212962	1.3934123816569817	1.4068670834247767
2006	11	27	0.381945004008	0.5540073324660288	1.1919848636425183
2006	11	28	13.0495570803	1.9474197141230105	0.9872406175210348
2006	11	29	0.0010028546541	0.8561931501747719	1.3165942764362317
2006	11	30	6.50030317335e-05	0.4532787265631145	1.432220801084921
2006	12	01	0.005540894036099999	0.3525501206602002	1.4037376947562854
2006	12	02	9.240819413499999	9.619581863728321	0.9627591300015462
2006	12	03	0.036176677198	1.729174401333363	1.3910422628033063
2006	12	04	0.27431801171000003	0.8394050491909528	1.1502799920985485
2006	12	05	11.0631085357	3.4751369036505446	1.2097601549194772
2006	12	06	0.08514582438200001	4.11308474103567	0.9815775426599019
2006	12	07	0.13123146620599999	0.8729812511585909	1.2173076637869626
2006	12	08	5.173044301829999	6.580935585657071	1.1503789451130848
2006	12	09	0.05721102483	0.88976935214241	0.9037088427392349
2006	12	10	0.000824304048704	0.4532787265631145	1.0411843284467504
2006	12	11	0.0	0.33576201967638114	1.1168520966303142
2006	12	12	0.0024798136425000002	0.28539771672492403	1.1011707530168091
2006	12	13	0.00414841529452	0.25182151475728587	1.194151646602012
2006	12	14	0.00123357367019	0.21824531278964773	1.3228244553087654
2006	12	15	0.0008243041067299999	0.20145721180582868	1.2851740625920591
2006	12	16	0.0	0.18466911082200962	1.3235512138930254
2006	12	17	0.0020574191781	0.16788100983819057	1.1729543013998722
2006	12	18	0.0013923753585899999	0.16788100983819057	1.2095557942906825
2006	12	19	0.0008243041067299999	0.15109290885437152	1.011904435211483
2006	12	20	0.00124798462071	0.13430480787055246	0.9865738688616169
2006	12	21	0.000824304048704	0.11751670688673342	1.0459674399795929
2006	12	22	0.0	0.10072860590291434	1.0490679146207305
2006	12	23	0.00165437261301	0.08394050491909529	1.0342928916913556
2006	12	24	0.0016661227813	0.08394050491909529	1.148155662277562
2006	12	25	0.0	0.08394050491909529	1.2259553993537122
2006	12	26	0.0020686485630400002	0.08394050491909529	1.2223094468947313
2006	12	27	0.133138471354	0.08394050491909529	1.0830312609378794
2006	12	28	0.000841597140973	0.08394050491909529	1.122861536206627
2006	12	29	0.000824304048704	0.08394050491909529	1.146951638105606
2006	12	30	0.00159794484247	0.08394050491909529	1.2213523234737542
2006	12	31	0.0021492670828499997	0.08394050491909529	1.4149104632962453
2007	01	01	0.00112737139027	0.06715240393527623	1.3718780289681214
2007	01	02	0.029399181404899995	0.06715240393527623	1.2653806097378222
2007	01	03	0.0	0.06715240393527623	1.5216390206899606
2007	01	04	0.002425506142	0.06715240393527623	1.28535703590433
2007	01	05	0.013762742074	0.06715240393527623	1.1233283287840417
2007	01	06	0.020906487340999997	0.06715240393527623	1.1269639609587805
2007	01	07	0.009305032919299999	0.06715240393527623	1.0796772534036987
2007	01	08	0.03963214484000001	0.06715240393527623	1.0557791006127621
2007	01	09	0.00718803196743	0.06715240393527623	1.3056803271340747
2007	01	10	0.005900084647099999	0.05036430295145717	1.1428395133432399
2007	01	11	0.0	0.05036430295145717	1.3088811949740868
2007	01	12	0.00125086706226	0.033576201967638115	1.544033627311423
2007	01	13	0.0	0.033576201967638115	1.5804246295604285
2007	01	14	0.07991766824259999	0.033576201967638115	1.4051798812044078
2007	01	15	0.11369480980199999	0.033576201967638115	1.3215668392842752
2007	01	16	0.0834178719964	0.033576201967638115	1.184229444574457
2007	01	17	0.0012422199310300002	0.05036430295145717	1.5367152707828282
2007	01	18	0.0008243041067299999	0.033576201967638115	1.6641207765001886
2007	01	19	0.0	0.033576201967638115	1.611645596232331
2007	01	20	0.0	0.033576201967638115	1.4179773592620133
2007	01	21	0.0049269335024	0.033576201967638115	1.232376653975973
2007	01	22	2.77822375928	0.033576201967638115	1.0169689869722838
2007	01	23	0.357644343823	0.05036430295145717	1.143891052720272
2007	01	24	0.00125663078484	0.06715240393527623	1.2125100029898586
2007	01	25	1.1589217705400001	0.06715240393527623	1.1283808267562827
2007	01	26	0.008935527219699998	0.06715240393527623	1.0821455751509947
2007	01	27	0.0033307204458999998	0.05036430295145717	1.1994006383633085
2007	01	28	2.0949910131	0.05036430295145717	1.07104957084488
2007	01	29	0.231265949824	0.05036430295145717	1.3680329016597135
2007	01	30	3.6792259558400002	0.05036430295145717	1.2825850139784891
2007	01	31	0.00415983984024	0.05036430295145717	1.2747451758991524
2007	02	01	0.00042079855598	0.05036430295145717	1.4611293065683397
2007	02	02	6.46549656738	0.033576201967638115	1.5537724635930028
2007	02	03	8.8411247203	0.033576201967638115	1.0457766314419723
2007	02	04	0.025219304606599997	0.033576201967638115	1.4529713433451776
2007	02	05	0.005985186545800001	0.033576201967638115	1.5351870087134467
2007	02	06	0.017746042257899997	0.033576201967638115	1.5265003860550528
2007	02	07	3.0446000425	0.033576201967638115	1.7342011262061816
2007	02	08	8.459868755699999	0.06715240393527623	1.052042504927828
2007	02	09	1.44006789509	0.30218581770874303	1.5267697083097018
2007	02	10	0.857872002665	0.21824531278964773	1.4766414976385136
2007	02	11	0.325014689624	0.11751670688673342	1.2392463828115252
2007	02	12	2.5372163465499997	0.10072860590291434	1.151673179870283
2007	02	13	0.243267970296	0.10072860590291434	1.36396449912695
2007	02	14	0.5355148941700001	0.08394050491909529	1.8734348150389124
2007	02	15	0.22506640362900002	0.08394050491909529	1.7174299440991045
2007	02	16	9.058379866900001	0.06715240393527623	1.649110145689453
2007	02	17	1.6152967440900001	1.3094718767378863	1.3763811488762554
2007	02	18	0.0016611373807999999	0.48685492853075263	1.543496938849092
2007	02	19	4.75727543953	0.25182151475728587	1.7313906766416762
2007	02	20	2.85892022735	0.36933822164401925	1.387595610315558
2007	02	21	0.0669308208276	0.4197025245954764	1.8578489819234962
2007	02	22	2.8420606763399996	0.25182151475728587	1.8092301488271112
2007	02	23	0.8776630755499999	0.18466911082200962	1.6644379085436323
2007	02	24	0.0204140061725	0.15109290885437152	1.8775360445329883
2007	02	25	0.78173284828	0.11751670688673342	1.8192123486431104
2007	02	26	0.0	0.10072860590291434	1.9589714467477979
2007	02	27	0.0008243041067299999	0.08394050491909529	2.377856216843356
2007	02	28	0.001661061947	0.08394050491909529	2.3921827309065002
2007	03	01	0.039228486970999996	0.06715240393527623	2.0337177815760006
2007	03	02	0.0102731106574	0.05036430295145717	2.2362737491059512
2007	03	03	0.0417655655058	0.033576201967638115	2.4609448374029492
2007	03	04	0.492656136232	0.033576201967638115	2.1552802473372137
2007	03	05	0.0008300686029899999	0.033576201967638115	2.136665505275455
2007	03	06	0.156197984412	0.033576201967638115	2.3153284196391044
2007	03	07	1.34816621958	0.033576201967638115	2.2062029920102315
2007	03	08	0.000824304048704	0.033576201967638115	2.310304365405636
2007	03	09	0.00042079851729600004	0.033576201967638115	2.881453239673966
2007	03	10	0.0	0.016788100983819058	2.7356990417687417
2007	03	11	0.0008243041067299999	0.016788100983819058	2.728032544489098
2007	03	12	0.0	0.0	2.706513594003819
2007	03	13	0.0020780432625700004	0.0	2.7912645944897023
2007	03	14	0.00165437261301	0.0	2.8571414393347805
2007	03	15	0.000824304048704	0.0	3.0958091961096676
2007	03	16	0.020508298422499998	0.0	3.165523723020971
2007	03	17	0.401753813507	0.0	3.073173875112114
2007	03	18	0.0008243041067299999	0.0	3.1373745569840605
2007	03	19	0.016938283588099998	0.0	2.034997173557353
2007	03	20	0.0020708183486	0.0	2.3130500995127004
2007	03	21	0.000412152082378	0.0	2.2833315228531603
2007	03	22	0.00041215205336499997	0.0	2.4043981319193923
2007	03	23	0.0012422199310300002	0.0	2.9581018064481497
2007	03	24	0.0	0.0	2.8576358698456024
2007	03	25	2.4503983289	0.0	2.602359769074645
2007	03	26	6.1972261221	0.0	2.3479064603239377
2007	03	27	0.011070526192699999	0.0	2.4635610571529587
2007	03	28	2.4376435371299996	0.0	2.5270627068777385
2007	03	29	0.0	0.0	2.8791808955324596
2007	03	30	0.00165613176791	0.0	2.6941134441911876
2007	03	31	2.4333328822999998	0.0	2.3098465239274466
2007	04	01	1.31232684752	0.0	2.473610657460701
2007	04	02	2.84973674246	0.0	2.5991182877982566
2007	04	03	1.4007185302899998	0.0	2.778896097810252
2007	04	04	0.146345962634	0.0	2.8178476378487973
2007	04	05	0.028777996634199998	0.0	2.4988529538056596
2007	04	06	0.010266085643	0.0	2.920388890166609
2007	04	07	6.9360305619	0.0	3.0624872717866154
2007	04	08	5.467881370950001	0.0	2.977743133847425
2007	04	09	4.39506854034	0.0	3.140248691036819
2007	04	10	6.9533406848	0.0	3.2753491930062077
2007	04	11	15.8997284375	0.0	2.699024750009284
2007	04	12	0.54669128203	0.20145721180582868	2.9438573873222715
2007	04	13	0.0253667709159	0.033576201967638115	3.037817881125729
2007	04	14	0.00164860782662	0.016788100983819058	3.8632551322768762
2007	04	15	0.0205449795584	0.0	4.250090097451088
2007	04	16	0.0005300513594300001	0.0	4.2779616789513275
2007	04	17	0.00165437261301	0.0	4.350340991067919
2007	04	18	0.0628766699306	0.0	3.898445485942752
2007	04	19	7.9776968732	0.0	3.6674837441809456
2007	04	20	7.1458844922	0.0	2.7648489087621284
2007	04	21	5.31269770036	0.0	3.8082697325642103
2007	04	22	0.00359529357117	0.0	4.693518018383823
2007	04	23	0.0040569782138499995	0.0	4.751323095287352
2007	04	24	0.86747022839	0.0	4.160921984252987
2007	04	25	8.850812161	0.0	3.173409470205984
2007	04	26	0.071439106411	0.0	2.950827693797773
2007	04	27	0.00259442920887	0.0	3.5828670969834837
2007	04	28	0.000824304048704	0.0	3.422633623815126
2007	04	29	0.0165918828746	0.0	3.7067433076747145
2007	04	30	0.272106872954	0.0	2.6252749808631246
2007	05	01	4.40704733107	0.0	2.966993667362526
2007	05	02	7.9642880317	0.0	2.720672390686902
2007	05	03	0.6023137484	0.0	3.2687380805209107
2007	05	04	0.114773803272	0.0	3.308879378588599
2007	05	05	0.18470691255	0.0	4.109924482688538
2007	05	06	0.0008243041067299999	0.0	4.383088499368587
2007	05	07	0.000420798604335	0.0	5.335340800314434
2007	05	08	0.0	0.0	5.770183099672311
2007	05	09	0.0008300686029899999	0.0	5.851909390677097
2007	05	10	0.00332603852138	0.0	5.273688057755035
2007	05	11	0.0020299845820099995	0.0	4.714173136709095
2007	05	12	0.0008300686029899999	0.0	5.142646059685941
2007	05	13	0.296626436224	0.0	3.546153185110419
2007	05	14	0.00059854776429	0.0	3.980359749848815
2007	05	15	0.00166301877714	0.0	4.956057752773286
2007	05	16	0.00163615051481	0.0	5.678791385734276
2007	05	17	0.0008300686029899999	0.0	6.0047212405054085
2007	05	18	0.00331727524144	0.0	6.6099422491622555
2007	05	19	0.28215136697399995	0.0	5.766283082273465
2007	05	20	1.4967510767399999	0.0	4.0708618828967715
2007	05	21	0.022956819610299998	0.0	3.1857435032186814
2007	05	22	0.08565817462	0.0	3.4902531301887674
2007	05	23	6.345223852849999	0.0	4.9717032113429305
2007	05	24	2.4065067855299995	0.0	3.5200705562488275
2007	05	25	1.00258589701	0.0	4.186158247398992
2007	05	26	6.94440419725	0.0	3.6371173707664095
2007	05	27	0.156821976674	0.0	3.806527100117953
2007	05	28	0.0057158627352	0.0	3.695817550533157
2007	05	29	0.00124460373582	0.0	5.080302838104039
2007	05	30	0.0219691745379	0.0	4.624191548153339
2007	05	31	0.00130444391871	0.0	4.271913608078127
2007	06	01	0.0012451022758700001	0.0	5.167065829056654
2007	06	02	0.00083570640915	0.0	6.069739473465935
2007	06	03	0.0	0.0	6.12899694895988
2007	06	04	0.0	0.0	6.0663150471592955
2007	06	05	0.000825038087275	0.0	6.2232790148723
2007	06	06	0.0008300686029899999	0.0	6.073495462244393
2007	06	07	0.0167585586912	0.0	5.5985985671772
2007	06	08	0.03829865610369999	0.0	4.556761587171529
2007	06	09	0.821454701316	0.0	4.681866138392257
2007	06	10	0.300707008293	0.0	4.215655046576796
2007	06	11	0.00244618999325	0.0	4.967886342793444
2007	06	12	0.0058788505159499994	0.0	4.9793630274973335
2007	06	13	0.0053355019183599995	0.0	4.589581341342008
2007	06	14	2.96534793828	0.0	3.407745132849502
2007	06	15	1.34584256841	0.0	3.1309037790592895
2007	06	16	5.323798170870001	0.0	3.557054072023805
2007	06	17	9.9993807392	0.0	4.124945290781117
2007	06	18	0.048318675724000004	0.0	4.460951154705817
2007	06	19	0.40355874125	0.0	3.3625092674840014
2007	06	20	0.006429682726759999	0.0	4.155307371730277
2007	06	21	0.00236988986507	0.0	4.403156864081491
2007	06	22	0.0024902055188399997	0.0	5.468452895379566
2007	06	23	0.0008300686029899999	0.0	6.418899869540428
2007	06	24	0.00251105455077	0.0	5.507492565273545
2007	06	25	0.043510167484999994	0.0	4.471173235782112
2007	06	26	0.00041215205336499997	0.0	5.302660113881819
2007	06	27	0.0	0.0	6.0058883476260485
2007	06	28	0.00042656295552999997	0.0	6.150533621907601
2007	06	29	0.0024909521200399995	0.0	6.187879459181763
2007	06	30	0.0	0.0	6.4856715628852015
2007	07	01	0.0699710930976	0.0	4.782545475735816
2007	07	02	2.46813184818e-05	0.0	5.246831207426504
2007	07	03	0.0008111516144269999	0.0	6.1586097982578725
2007	07	04	0.0049010877549	0.0	5.918091489431894
2007	07	05	0.0016543725162999998	0.0	7.2076812648438295
2007	07	06	0.0	0.0	6.7528407117657485
2007	07	07	0.0016601364323	0.0	6.439603770583418
2007	07	08	0.0009707899700500001	0.0	6.338703632986677
2007	07	09	0.0	0.0	6.272622547948537
2007	07	10	0.0	0.0	6.866433041044651
2007	07	11	0.0	0.0	6.916836995994571
2007	07	12	0.00248863117675	0.0	7.01249562021485
2007	07	13	0.0008300686029899999	0.0	6.934038685705863
2007	07	14	0.00041215205336499997	0.0	6.601275712586886
2007	07	15	0.00572249559055	0.0	5.754726849121773
2007	07	16	0.00083514877929	0.0	5.547976393621485
2007	07	17	0.0295141386477	0.0	5.075075850671012
2007	07	18	0.0024902055188399997	0.0	5.62923040841269
2007	07	19	0.000426562994214	0.0	4.771281838167561
2007	07	20	0.0016589867438199998	0.0	5.046315768669756
2007	07	21	0.0	0.0	5.078766068298375
2007	07	22	0.00123934184143	0.0	5.49457024683759
2007	07	23	0.330152321335	0.0	4.525563175434111
2007	07	24	0.00165447618942	0.0	6.039792957816418
2007	07	25	0.0	0.0	6.893383482537947
2007	07	26	0.0	0.0	6.721488067193745
2007	07	27	0.0008300686029899999	0.0	7.203956607946068
2007	07	28	0.0	0.0	7.667644408872976
2007	07	29	0.0	0.0	7.656506126006766
2007	07	30	0.00041215205336499997	0.0	7.8876180407149565
2007	07	31	0.00181717886909	0.0	6.804438201311966
2007	08	01	0.00116310815302	0.0	5.577425673638964
2007	08	02	0.0	0.0	6.436093294089001
2007	08	03	0.000824304048704	0.0	7.068975639687168
2007	08	04	0.11717249656649999	0.0	7.101964145298633
2007	08	05	0.091850341842	0.0	5.297101527538861
2007	08	06	0.0123806536614	0.0	4.574466800178867
2007	08	07	0.000430213999805	0.0	5.470416132849962
2007	08	08	0.0	0.0	6.3409518380089684
2007	08	09	0.0	0.0	6.026868889454291
2007	08	10	0.0014129141448399997	0.0	5.6892832127720165
2007	08	11	0.009560650988699999	0.0	5.093526375876055
2007	08	12	0.0016777234359299999	0.0	4.687239355936254
2007	08	13	0.0031416800549599997	0.0	4.805508556606103
2007	08	14	0.00083346718581	0.0	5.261674512162726
2007	08	15	0.06434350338200001	0.0	4.580150719591735
2007	08	16	0.00165775456171	0.0	5.11546135335746
2007	08	17	0.0	0.0	6.1417081345870415
2007	08	18	0.0008300686029899999	0.0	5.941557111164966
2007	08	19	0.0	0.0	5.551479993743908
2007	08	20	0.0	0.0	5.651989730702666
2007	08	21	0.00248329452553	0.0	5.184201210950938
2007	08	22	0.0	0.0	4.972497933112209
2007	08	23	0.0	0.0	5.650779284186831
2007	08	24	0.000429576777615	0.0	5.547292517955387
2007	08	25	6.4175363376	0.0	2.7764121676757307
2007	08	26	0.8367282470099999	0.0	4.607699499432295
2007	08	27	0.00083006850628	0.0	5.3579146044469645
2007	08	28	0.00137865375695	0.0	5.010987963601021
2007	08	29	0.00260528974187	0.0	4.318801047146207
2007	08	30	0.00160160705675	0.0	4.514877270874172
2007	08	31	0.00042079851729600004	0.0	5.221393603335766
2007	09	01	0.000275314008658	0.0	4.813562072338483
2007	09	02	0.00083583280912	0.0	5.279263053798693
2007	09	03	0.0	0.0	5.21209830334671
2007	09	04	8.807910637899999e-05	0.0	5.319039243223633
2007	09	05	0.00042079855598	0.0	5.336664722092027
2007	09	06	0.0	0.0	4.457033842892677
2007	09	07	0.000598629155426	0.0	4.4304183671906125
2007	09	08	0.447226613732	0.0	3.6747955657103484
2007	09	09	0.940561944294	0.0	3.2940202621723884
2007	09	10	3.55578183028	0.0	3.8105838840042
2007	09	11	13.0690422111	0.0	3.5700301662711444
2007	09	12	13.4396426679	0.0	2.825447315067498
2007	09	13	0.28958577414599995	0.0	3.5466265594235806
2007	09	14	1.30936403996	0.0	3.4538191998169196
2007	09	15	3.58087855883	0.0	3.6688195557973877
2007	09	16	2.3258667960999997	0.0	3.3198367481933952
2007	09	17	0.6597016268070001	0.0	2.7804207833845336
2007	09	18	0.15925232798699998	0.0	3.0814110622054236
2007	09	19	0.602240219787	0.0	3.1166398794965744
2007	09	20	14.2915513869	0.0	3.3418963128789176
2007	09	21	1.4782935864000002	0.0	2.799783050106101
2007	09	22	0.0	0.0	3.361450792749228
2007	09	23	0.000859537232813	0.0	3.9275385784006493
2007	09	24	0.00206774074627	0.0	3.9632142528589815
2007	09	25	0.000426562994214	0.0	3.4987746456306814
2007	09	26	0.00042079855598	0.0	3.7912157539272773
2007	09	27	0.0020694066727300004	0.0	3.835711204081394
2007	09	28	0.000824304048704	0.0	3.5245907803705467
2007	09	29	2.15565932372	0.0	2.7294891026165713
2007	09	30	5.7036366570000006	0.0	1.2902384113584404
2007	10	01	5.7029152004	0.0	2.0417310143237453
2007	10	02	23.1968809091	0.0	1.1752144923189123
2007	10	03	0.306537876626	0.0	2.504185938582048
2007	10	04	0.5997324617900001	0.0	2.644858451946661
2007	10	05	0.0127231347186	0.0	2.8405600055225295
2007	10	06	0.0033348111821899997	0.0	2.7697344460048874
2007	10	07	0.00042079855598	0.0	2.937873734015654
2007	10	08	0.0	0.0	2.820902586922866
2007	10	09	0.0	0.0	3.4182727553736156
2007	10	10	0.000824304048704	0.0	3.3065902135351584
2007	10	11	0.0	0.0	2.974306077600137
2007	10	12	0.00041215205336499997	0.0	2.8265723304582697
2007	10	13	0.00249389984084	0.0	2.739005652242824
2007	10	14	4.5688018659	0.0	2.7342200867356192
2007	10	15	9.203254348200002	0.0	2.1945482615985177
2007	10	16	0.41747318263	0.0	2.643402235319015
2007	10	17	0.00165437261301	0.0	2.836755361483627
2007	10	18	0.0008243041067299999	0.0	2.909784805915696
2007	10	19	0.0	0.0	2.565683129326604
2007	10	20	0.0	0.0	2.6647188543911793
2007	10	21	0.0	0.0	2.6636457162687797
2007	10	22	0.0025137460867799997	0.0	2.6754044341743666
2007	10	23	0.5010078570959999	0.0	2.1572706950539575
2007	10	24	3.0621514568499997	0.0	1.632657578291397
2007	10	25	0.00042079855598	0.0	2.0961117465565677
2007	10	26	0.00166301877714	0.0	2.1427967405857253
2007	10	27	0.0016606693043999998	0.0	2.355879957088996
2007	10	28	2.04770514215e-05	0.0	2.2451646015937428
2007	10	29	0.0	0.0	2.2738599438219063
2007	10	30	0.000824304164756	0.0	2.202634567453509
2007	10	31	0.0	0.0	1.8623819767877334
2007	11	01	0.00167295166782	0.0	2.2208761190942363
2007	11	02	0.000824304048704	0.0	2.332282538693526
2007	11	03	0.0008243041067299999	0.0	2.1501477769385646
2007	11	04	0.00332065544936	0.0	2.1814659422425517
2007	11	05	0.00042725085376	0.0	2.353448819015364
2007	11	06	0.0008300686029899999	0.0	2.4843932839903338
2007	11	07	0.0	0.0	2.31938009168393
2007	11	08	0.000830068477267	0.0	2.2515249838153855
2007	11	09	0.000841597140973	0.0	2.2302753084957807
2007	11	10	0.00042079851729600004	0.0	2.1056791858047794
2007	11	11	0.0008264094254040001	0.0	2.0579587016355476
2007	11	12	0.00042079851729600004	0.0	1.937836556253811
2007	11	13	0.0	0.0	2.008155046022867
2007	11	14	0.00042079855598	0.0	1.9671127269610302
2007	11	15	0.0	0.0	1.8839116353926197
2007	11	16	0.0024916586833	0.0	1.661791853631929
2007	11	17	0.052518510564999996	0.0	1.5694580048444817
2007	11	18	0.0	0.0	1.6732112776263754
2007	11	19	15.5185140582	0.0	1.6605113021343076
2007	11	20	7.82177685267	0.0	1.2408219640780773
2007	11	21	0.9859967471599999	0.0	1.316492237091506
2007	11	22	0.206596128227	0.0	1.0842910436388324
2007	11	23	0.95747803197	0.0	1.1148521360243062
2007	11	24	0.000824304048704	0.0	1.2392447816863408
2007	11	25	0.00041215205336499997	0.0	1.182963317821019
2007	11	26	0.00084159720867	0.0	1.3660054098551895
2007	11	27	0.0	0.0	1.3595221071773107
2007	11	28	0.0008243041067299999	0.0	1.38059118989873
2007	11	29	0.0	0.0	1.3380265168943126
2007	11	30	0.000426562994214	0.0	1.3995194648667177
2007	12	01	0.0011364478171899998	0.0	1.2543013294473788
2007	12	02	0.054226534888	0.0	1.1489068609309903
2007	12	03	0.028389623780699997	0.0	1.4334227368482944
2007	12	04	0.0331795791733	0.0	1.3142648622620805
2007	12	05	0.133941077315	0.0	1.1318379505733211
2007	12	06	0.003907843173499999	0.0	1.387372694233016
2007	12	07	6.385741474450001e-05	0.0	1.27384421124972
2007	12	08	0.0601300653124	0.0	1.0681693177934217
2007	12	09	0.33432134437	0.0	1.3456423140808145
2007	12	10	0.000824304048704	0.0	1.1001051333456446
2007	12	11	0.0012295997595799999	0.0	1.4129015218900356
2007	12	12	0.000412152082378	0.0	1.322782243573405
2007	12	13	0.00042079855598	0.0	1.4011101815712979
2007	12	14	0.000824304048704	0.0	1.3239624070912117
2007	12	15	0.00042079857532199995	0.0	1.2128413369446134
2007	12	16	0.0065641486976	0.0	1.193751136775387
2007	12	17	0.368097950156	0.0	1.0940601548792745
2007	12	18	1.2473937226099998	0.0	1.2311341181983424
2007	12	19	10.6846929438	0.0	0.6360874835109374
2007	12	20	1.72422170064	0.0	0.7932870580376794
2007	12	21	9.3007215875	0.0	0.5860730241482823
2007	12	22	0.0084632961581	0.0	1.0209560560698319
2007	12	23	0.16300957918399997	0.0	1.1379336329858551
2007	12	24	0.000468499448224	0.0	1.280593830539019
2007	12	25	1.4081318353399999	0.0	1.4035473531776972
2007	12	26	0.056210956390999996	0.0	0.9432285867816207
2007	12	27	0.0	0.0	1.2161403368523789
2007	12	28	0.0008243041067299999	0.0	1.2915223119408377
2007	12	29	0.000823881928896	0.0	1.1785033326585477
2007	12	30	0.0	0.0	1.2134754113084434
2007	12	31	0.0071017866664	0.0	1.1567442694496715
2008	01	01	1.9949280773999998	0.0	1.2729144656562175
2008	01	02	10.1272178198	0.0	0.7880660313135719
2008	01	03	20.533002992	0.0	0.9224197138294103
2008	01	04	3.32922028038	0.0	1.0611486947116686
2008	01	05	0.24629284633399998	0.0	1.338311956240641
2008	01	06	0.5680194152999999	0.0	0.8787316889423361
2008	01	07	0.1172287053856	0.0	0.8686729365926432
2008	01	08	0.161994520695	0.0	1.0596961659487956
2008	01	09	2.78709670836	0.0	0.8579620967815668
2008	01	10	0.977020444103	0.0	1.0719879771022118
2008	01	11	2.68448024182	0.0	1.2225131909000782
2008	01	12	0.000824304048704	0.0	1.2042454178725475
2008	01	13	7.2915384561000005	0.0	1.337869537093365
2008	01	14	0.7329727300900001	0.016788100983819058	1.1679066858472986
2008	01	15	0.0501865781177	0.08394050491909529	1.2850768982238103
2008	01	16	1.06216612342	0.05036430295145717	1.2128901046426728
2008	01	17	0.0091534119484	0.033576201967638115	1.4187820648466156
2008	01	18	0.015971762881	0.016788100983819058	1.1708242718589568
2008	01	19	0.0008300686029899999	0.016788100983819058	1.7126155526572937
2008	01	20	0.00042079855598	0.016788100983819058	1.5478144384006263
2008	01	21	0.00167106591953	0.0	1.6369882547060257
2008	01	22	0.0033823200664	0.0	1.8027500441151232
2008	01	23	0.0012526604525	0.0	1.8772034079072037
2008	01	24	0.0	0.0	1.6979766885978416
2008	01	25	0.0020708841113999997	0.0	1.4643784270699485
2008	01	26	0.00083105833313	0.0	1.525926171908534
2008	01	27	0.0020809351817000004	0.0	1.6275833861103228
2008	01	28	0.00331739051976	0.0	1.6782745022519996
2008	01	29	0.0029106673306	0.0	1.667285558843816
2008	01	30	1.23406592409e-05	0.0	1.5163605136148448
2008	01	31	0.00101942775009	0.0	1.5411732129960418
2008	02	01	0.000529628030747	0.0	1.3836511836839107
2008	02	02	3.0265604360699996	0.0	1.3888877848196832
2008	02	03	2.0062175192500002	0.0	1.2888677405743214
2008	02	04	0.48257361584	0.0	1.434862117312202
2008	02	05	0.0031527263678700003	0.0	1.7837132570073355
2008	02	06	0.000824304048704	0.0	1.9134239362878864
2008	02	07	0.000824304048704	0.0	1.9025881848062653
2008	02	08	0.0016732579483899998	0.0	1.9419075086143056
2008	02	09	0.0	0.0	1.7811746267614121
2008	02	10	0.0008358329058299999	0.0	1.8002094188737852
2008	02	11	0.00042543937874999995	0.0	1.6877986240365537
2008	02	12	0.00373530798813	0.0	1.7714398447607949
2008	02	13	0.00123933758619	0.0	1.7363809020168979
2008	02	14	0.00167944119895	0.0	1.9321527142087744
2008	02	15	0.010922990252200001	0.0	2.0091615474408777
2008	02	16	0.00042079855598	0.0	1.9072326375726938
2008	02	17	17.3529151408	0.0	0.927696800585585
2008	02	18	15.1320038393	0.016788100983819058	1.2685628231325135
2008	02	19	4.805609163330001	0.8394050491909528	1.7269531073627593
2008	02	20	4.9978383731000005	0.18466911082200962	1.7016047003041574
2008	02	21	3.77343416485	0.10072860590291434	1.8942588271155771
2008	02	22	7.71171487665	0.08394050491909529	1.5127008314015058
2008	02	23	10.5474604867	0.08394050491909529	1.447970555039467
2008	02	24	5.0114038848	0.5540073324660288	1.3632932099345494
2008	02	25	0.73972763346	1.0072860590291435	1.8477983246556435
2008	02	26	0.00082903409612	0.3189739186925621	2.4972611784036856
2008	02	27	0.0039048187616699996	0.13430480787055246	2.3453980647188732
2008	02	28	0.5086162649	0.08394050491909529	1.8899685466223892
2008	02	29	0.0094472169284	0.06715240393527623	2.2180053907506694
2008	03	01	0.00166301868043	0.033576201967638115	2.7549191028557676
2008	03	02	0.000841597140973	0.033576201967638115	2.8071748559674314
2008	03	03	0.012675030197500001	0.033576201967638115	2.596943701377431
2008	03	04	0.0	0.016788100983819058	2.0297479880794835
2008	03	05	0.000830068477267	0.016788100983819058	1.8691544074536168
2008	03	06	0.00167886683826	0.016788100983819058	2.1808790994508733
2008	03	07	0.00207517058873	0.016788100983819058	2.766939158291504
2008	03	08	0.00042079851729600004	0.0	2.4367463986938107
2008	03	09	0.30082470436299996	0.0	2.097281125013457
2008	03	10	0.26786200026600004	0.0	2.1618292270727406
2008	03	11	0.0123833683111	0.0	2.481213619749522
2008	03	12	0.00149001841667	0.0	2.6147358995181924
2008	03	13	0.0	0.0	3.2718122013337823
2008	03	14	0.0047871769143	0.0	3.3161045446274704
2008	03	15	0.10767495078699998	0.0	2.353737251127776
2008	03	16	0.0	0.0	2.5843364365284733
2008	03	17	0.07064528558640001	0.0	2.6737619950144174
2008	03	18	0.19778800386	0.0	2.1319730236500503
2008	03	19	15.188154632399998	0.0	2.1394947338915054
2008	03	20	10.5108605872	0.0	2.0011438377638084
2008	03	21	0.00478687459884	0.0	2.9042533130245354
2008	03	22	0.87740582695	0.10072860590291434	2.00958609319002
2008	03	23	0.0	0.06715240393527623	2.283260374739439
2008	03	24	0.0	0.033576201967638115	2.7583277332517233
2008	03	25	0.027564785157799997	0.016788100983819058	2.61331091782933
2008	03	26	0.00021809652359999998	0.016788100983819058	2.4968668009497588
2008	03	27	0.16296524731999998	0.0	2.441507840149926
2008	03	28	0.035802709299	0.0	2.653736160601092
2008	03	29	0.015362060005050002	0.0	3.44927615943457
2008	03	30	0.5127467490000001	0.0	2.7307204284199598
2008	03	31	0.00124798462071	0.0	3.0903385973654687
2008	04	01	0.000824304048704	0.0	3.904498199965035
2008	04	02	0.00042079855598	0.0	3.895566244025518
2008	04	03	0.0	0.0	4.3771259965636915
2008	04	04	0.0008176844039399999	0.0	4.592890373109707
2008	04	05	0.0104775575316	0.0	3.530732832724053
2008	04	06	0.179296810085	0.0	3.899499807383546
2008	04	07	4.0001272403499994	0.0	2.3587065576627744
2008	04	08	22.709161741	0.0	1.979771517291727
2008	04	09	9.553303929999998	0.0	2.407107193168577
2008	04	10	5.384180026469999	0.0	2.6658428271647945
2008	04	11	0.736872232026	0.0	2.576539109750447
2008	04	12	0.000824304048704	0.033576201967638115	2.9223644796946746
2008	04	13	0.20144033437800002	0.016788100983819058	3.307605783558171
2008	04	14	0.0008300686029899999	0.016788100983819058	3.6527391081634253
2008	04	15	0.0036265975343599995	0.0	3.683216944495707
2008	04	16	1.3494703539300001	0.0	3.634861105551323
2008	04	17	7.80653700074	0.0	2.322900041107428
2008	04	18	11.4876180478	0.016788100983819058	2.4053582816445322
2008	04	19	10.7392499561	0.016788100983819058	2.5417815768592575
2008	04	20	10.2575132686	0.05036430295145717	2.341310162147173
2008	04	21	0.38228089718	0.08394050491909529	2.7586755512526384
2008	04	22	0.0189921022529	0.05036430295145717	3.3036259351886437
2008	04	23	0.00281110777045	0.033576201967638115	4.132588720352711
2008	04	24	0.0008329506577000001	0.016788100983819058	4.972970801666141
2008	04	25	0.000824304048704	0.0	4.735682828736668
2008	04	26	0.0012402893093	0.0	5.37101203322091
2008	04	27	0.0016553066381899998	0.0	4.964336956296773
2008	04	28	0.0020642198253	0.0	3.323374543976149
2008	04	29	0.0020665979242	0.0	3.6414346917715057
2008	04	30	0.00201612565217	0.0	3.2487634543134822
2008	05	01	0.000824304048704	0.0	4.12201551554237
2008	05	02	0.0	0.0	4.982116345659628
2008	05	03	0.00189065699947	0.0	4.900538589713956
2008	05	04	0.03754424363699999	0.0	4.597780450892563
2008	05	05	0.0	0.0	5.149695920961374
2008	05	06	0.0009674694322000002	0.0	5.917850564544715
2008	05	07	0.14769754291	0.0	4.38594543121468
2008	05	08	0.442723999223	0.0	3.679771814782287
2008	05	09	0.52743177566	0.0	3.34311436466434
2008	05	10	0.6600698888159999	0.0	3.516409505955839
2008	05	11	0.71562102189	0.0	3.2384970385330356
2008	05	12	0.41057048703800003	0.0	3.1675792337741138
2008	05	13	0.46834409328	0.0	3.444324728110763
2008	05	14	0.37530147187400004	0.0	3.544126296486168
2008	05	15	3.08654761816	0.0	3.3840831414895227
2008	05	16	8.275517252399998	0.0	3.3990642508036917
2008	05	17	0.21498110766	0.0	3.9312666108520835
2008	05	18	1.03466470072	0.0	3.4910470101104525
2008	05	19	0.485120028824	0.0	3.4732813431800444
2008	05	20	3.78578519237	0.0	3.812892426086111
2008	05	21	0.320571455055	0.0	3.6505187541416784
2008	05	22	1.29050607351	0.0	3.8556118468063225
2008	05	23	23.6108548338	0.0	3.3233705155376083
2008	05	24	0.9950919358199999	0.0	3.264539996930982
2008	05	25	3.27857480074	0.0	3.444569187487295
2008	05	26	0.9294071227640001	0.0	3.6523111001152024
2008	05	27	3.6265137835	0.0	3.367851042025654
2008	05	28	1.7409677141099997	0.0	3.704594140892803
2008	05	29	1.1783020676999998	0.0	3.507274901315773
2008	05	30	0.59649054917	0.0	3.688358516983714
2008	05	31	0.207210149688	0.0	3.951963670231495
2008	06	01	0.178100420346	0.0	3.958070959191179
2008	06	02	0.031746390163799994	0.0	4.201585793115203
2008	06	03	0.00041215205336499997	0.0	4.8182180466195526
2008	06	04	0.00042079855598	0.0	4.970666311522229
2008	06	05	0.0	0.0	5.033217407308984
2008	06	06	0.00166590112198	0.0	5.8506059752768795
2008	06	07	0.00041215205336499997	0.0	5.980332484827695
2008	06	08	0.0	0.0	5.632090279312832
2008	06	09	0.0	0.0	4.836236608003336
2008	06	10	0.0048623786102999994	0.0	4.8106380958316795
2008	06	11	0.000825624720464	0.0	5.847105159360577
2008	06	12	0.00207805293357	0.0	6.039353109488878
2008	06	13	0.0024822311023699997	0.0	6.555660082134027
2008	06	14	0.0	0.0	6.7215628452050025
2008	06	15	0.020063118115	0.0	5.193569414264726
2008	06	16	0.930468727776	0.0	3.89693676820528
2008	06	17	0.0030099285403999997	0.0	5.256553728339227
2008	06	18	0.0008243041067299999	0.0	6.2403835938499945
2008	06	19	0.0008300686029899999	0.0	6.681453369828024
2008	06	20	0.0	0.0	6.8321637447471115
2008	06	21	0.00124984416059	0.0	6.692199452194217
2008	06	22	0.00125663088155	0.0	6.941198291022826
2008	06	23	0.060267631418999996	0.0	5.637783893886481
2008	06	24	0.0020887128900299997	0.0	5.965479590987235
2008	06	25	0.00166013633559	0.0	7.499826054474889
2008	06	26	0.00042079855598	0.0	7.069982402109974
2008	06	27	0.0008345512468839999	0.0	7.55214743093326
2008	06	28	0.000824304048704	0.0	7.248107166827623
2008	06	29	0.000859745845954	0.0	7.156797604181736
2008	06	30	0.0008300686029899999	0.0	7.464187708093838
2008	07	01	0.000158851561747	0.0	6.66579614743279
2008	07	02	0.00065566227254	0.0	5.119420295377605
2008	07	03	0.0	0.0	5.2921760545404455
2008	07	04	0.0008300686029899999	0.0	6.083230900480826
2008	07	05	0.00657699033495	0.0	5.676807003602894
2008	07	06	0.0	0.0	4.755799813514693
2008	07	07	0.000420798604335	0.0	5.611110976771119
2008	07	08	0.00082509326033	0.0	6.320013313035886
2008	07	09	0.000426562994214	0.0	6.413718156383397
2008	07	10	0.00041215205336499997	0.0	6.021454428689676
2008	07	11	0.01109514130545	0.0	5.309048153649557
2008	07	12	0.000841597140973	0.0	5.025546291321919
2008	07	13	0.000818828251136	0.0	6.2880003893320255
2008	07	14	0.0011364296357099998	0.0	6.449207770594659
2008	07	15	0.0065150948711399995	0.0	6.110214254777728
2008	07	16	0.0020736109465599997	0.0	6.117401038842976
2008	07	17	0.00125086706226	0.0	7.159314259354739
2008	07	18	0.0033285318985999996	0.0	7.395579913645614
2008	07	19	0.00265039586613	0.0	5.22880816267545
2008	07	20	0.087905386206	0.0	5.780066422660974
2008	07	21	0.00047074114734	0.0	6.754294654598986
2008	07	22	0.000836281021286	0.0	7.057104726033356
2008	07	23	0.00149832648264	0.0	5.743176284495718
2008	07	24	0.0	0.0	5.334087419721256
2008	07	25	0.033385007654	0.0	5.032625209662573
2008	07	26	0.07821293592799998	0.0	4.929120192022879
2008	07	27	2.46813184818e-05	0.0	5.6086598991182885
2008	07	28	0.15109820499499999	0.0	4.987136407505464
2008	07	29	0.00041215205336499997	0.0	5.4752439540857445
2008	07	30	0.0012407078701799999	0.0	5.98546544377835
2008	07	31	0.0022563291146699997	0.0	5.5274399058754105
2008	08	01	0.0033638730207400003	0.0	5.044163167182726
2008	08	02	0.00041143464891399997	0.0	6.844795547603364
2008	08	03	0.00041523773098000005	0.0	6.871140371232695
2008	08	04	0.0	0.0	6.877351798388963
2008	08	05	0.00249035145423	0.0	6.453444190712411
2008	08	06	0.0008300686029899999	0.0	5.953770892149007
2008	08	07	0.0008929778197040001	0.0	5.24100076512267
2008	08	08	0.0	0.0	5.9806595857341405
2008	08	09	0.0	0.0	6.516567504534139
2008	08	10	0.0	0.0	6.0780293672015295
2008	08	11	0.0157030812248	0.0	4.921959520968718
2008	08	12	0.297889758954	0.0	4.164444870817091
2008	08	13	0.00083520864278	0.0	5.375447271951536
2008	08	14	0.0	0.0	5.2881982371422005
2008	08	15	0.00164860782662	0.0	5.331461706937
2008	08	16	0.0317344406762	0.0	4.270774559321055
2008	08	17	0.0169446693494	0.0	4.639676455908714
2008	08	18	0.00123357367019	0.0	5.5320707454647495
2008	08	19	0.00042656295552999997	0.0	5.125073817024815
2008	08	20	0.00081853980389	0.0	5.607745211245688
2008	08	21	0.00249596924142	0.0	5.416657383606406
2008	08	22	0.0016464044826900001	0.0	4.856206128940235
2008	08	23	0.0016601366257200001	0.0	5.600530141291196
2008	08	24	0.0008415972570249999	0.0	5.5623187954311
2008	08	25	0.018391893881199998	0.0	5.034871836357467
2008	08	26	0.00207517058873	0.0	5.753188984853573
2008	08	27	0.0011562127300199997	0.0	5.502272709248652
2008	08	28	0.0168588198824	0.0	5.143501483229902
2008	08	29	0.339215818128	0.0	4.211546825931922
2008	08	30	0.023879518115099998	0.0	4.031476005609567
2008	08	31	0.016840450785	0.0	4.240592968537082
2008	09	01	0.0016790111295800002	0.0	4.85412636545219
2008	09	02	0.000824304048704	0.0	4.2973599100307815
2008	09	03	0.0061142392711	0.0	3.8575394616566108
2008	09	04	0.14072214074	0.0	4.008808779488465
2008	09	05	0.43605939398	0.0	3.539398412638946
2008	09	06	1.9115496476099998	0.0	3.587802186922212
2008	09	07	0.00042248781856299997	0.0	4.084663164231449
2008	09	08	0.0012537922496300001	0.0	4.496893744741488
2008	09	09	0.0787968767106	0.0	3.863304027516559
2008	09	10	0.09643197809199999	0.0	4.356754505832501
2008	09	11	0.00483975553013	0.0	3.758745704760893
2008	09	12	0.0	0.0	3.930424421487974
2008	09	13	0.0012335737669	0.0	4.477095180888712
2008	09	14	0.00163726828899	0.0	4.865975443408764
2008	09	15	0.00042079855598	0.0	4.716536277707324
2008	09	16	0.00123357405703	0.0	3.6059075474905526
2008	09	17	0.0017162903201199998	0.0	3.9643552058880918
2008	09	18	0.00215865172454	0.0	3.9250646857491556
2008	09	19	0.368621257637	0.0	3.824590647099304
2008	09	20	1.85098626734	0.0	3.509982020551184
2008	09	21	4.5093242488000005	0.0	2.87065999207457
2008	09	22	10.094212631000001	0.0	2.7199295396050283
2008	09	23	0.205120797835	0.0	2.9205069754571324
2008	09	24	0.13092563050199998	0.0	2.990691350473775
2008	09	25	0.16540785178999998	0.0	3.150335859930412
2008	09	26	0.016180447587399997	0.0	3.500489134306914
2008	09	27	7.2545323746	0.0	2.418746840507571
2008	09	28	29.164761200399997	0.0	0.9217169009331162
2008	09	29	1.1496263921799998	0.0	2.5850940926453005
2008	09	30	0.07852538079339999	0.0	3.2539145437251853
2008	10	01	0.00349449264146	0.0	3.2040756663658287
2008	10	02	0.00042079855598	0.0	2.820170703688878
2008	10	03	0.00167129908734	0.0	2.597931986256389
2008	10	04	0.0	0.0	3.20464221701894
2008	10	05	0.0	0.0	3.0815663847156816
2008	10	06	0.0016724186990099998	0.0	3.1645015494994952
2008	10	07	0.44338474128499994	0.0	2.6865429247545998
2008	10	08	0.00316744446935	0.0	2.5414800508249304
2008	10	09	0.0008300686029899999	0.0	2.7358811442637774
2008	10	10	0.084829824457	0.0	3.30660413019389
2008	10	11	9.7198134054	0.0	2.0236298616217545
2008	10	12	4.2117553156	0.0	2.042837962857526
2008	10	13	0.6032020587629999	0.0	2.330365672680172
2008	10	14	0.035373191176	0.0	2.769551941638666
2008	10	15	0.0008207150438939999	0.0	2.970686270312968
2008	10	16	0.0	0.0	2.643290024401557
2008	10	17	1.40778367934	0.0	1.7680824240366333
2008	10	18	1.7644396179500001	0.0	2.07866745158018
2008	10	19	2.9166088061599997	0.0	2.4420076255433645
2008	10	20	0.28484919880500004	0.0	2.3641818279325393
2008	10	21	1.69219947228	0.0	2.3092341476471936
2008	10	22	4.994102949349999	0.0	1.4591316888278343
2008	10	23	0.0016716649412699999	0.0	2.2477939446379827
2008	10	24	0.0024825750998400003	0.0	2.376185263475273
2008	10	25	0.00124587373154	0.0	2.5063369085077403
2008	10	26	0.0	0.0	2.3556241039629158
2008	10	27	0.0513421659077	0.0	2.402140193125308
2008	10	28	2.7194530922799998	0.0	1.3961111400529602
2008	10	29	0.000426562994214	0.0	1.746188801385792
2008	10	30	2.25712068602	0.0	1.6684766426460587
2008	10	31	4.112631434	0.0	1.2552262370143206
2008	11	01	0.5214940717900001	0.0	1.729350668693083
2008	11	02	0.015807095731099997	0.0	1.6938609524459196
2008	11	03	0.0106977961817	0.0	1.806008137950897
2008	11	04	1.83525657926	0.0	1.3939232212436103
2008	11	05	0.45587527298	0.0	1.379950329220821
2008	11	06	0.00348729519313	0.0	1.4979776873331547
2008	11	07	0.75855716717	0.0	1.5588444742327363
2008	11	08	0.00082934811349	0.0	1.664059931944287
2008	11	09	0.00125156811305	0.0	1.929349934399211
2008	11	10	0.0	0.0	1.9682141790758667
2008	11	11	0.00166087607038	0.0	1.5988018549348613
2008	11	12	0.0	0.0	1.5383841314599527
2008	11	13	0.00041215205336499997	0.0	1.5620035180261207
2008	11	14	0.00042079855598	0.0	1.7581740968243744
2008	11	15	0.0008311187768799999	0.0	1.6743142879242572
2008	11	16	0.0024925029616	0.0	1.880190188044172
2008	11	17	0.0	0.0	1.8810395679797427
2008	11	18	0.00085018863494	0.0	1.6903285440813358
2008	11	19	0.00042079855598	0.0	1.5319994210851855
2008	11	20	0.00248444092587	0.0	1.575322636659118
2008	11	21	0.00164222293571	0.0	1.5842888586401676
2008	11	22	0.0008276273524599999	0.0	1.740309541155913
2008	11	23	0.00165437261301	0.0	1.6012623096941982
2008	11	24	0.206648458008	0.0	1.1044006201524321
2008	11	25	0.00095035708125	0.0	1.1488718755748037
2008	11	26	0.0099919485757	0.0	1.011151791587699
2008	11	27	0.0020841949856699998	0.0	1.2341574987970163
2008	11	28	5.277170991729999	0.0	1.3164759466995923
2008	11	29	8.2372075201	0.0	0.8732892502546881
2008	11	30	4.238462168939999	0.0	0.9587904904599898
2008	12	01	0.39390514904999996	0.0	0.9403428211384747
2008	12	02	0.000827186287163	0.0	1.004341490072026
2008	12	03	0.874980185414	0.0	1.2558008877883557
2008	12	04	0.203341846398	0.0	1.0963136920017313
2008	12	05	0.452883587814	0.0	0.9155747081594658
2008	12	06	0.0732663983415	0.0	0.9988700646809188
2008	12	07	1.93709791515	0.0	1.0381646650725227
2008	12	08	0.05035576549299999	0.0	0.8854941355376876
2008	12	09	0.080733237212	0.0	0.8805439914236461
2008	12	10	0.0	0.0	0.9571971447718667
2008	12	11	0.803863326394	0.0	1.1739165238448959
2008	12	12	1.55808678307	0.0	0.9697788632142245
2008	12	13	7.067916213229999	0.0	1.1406821915176375
2008	12	14	2.14548253042	0.0	0.7745075101920528
2008	12	15	0.009067123417999999	0.0	0.8687565522429701
2008	12	16	0.0016600695089799998	0.0	1.12937887249822
2008	12	17	0.061986274499999994	0.0	1.0201134553540072
2008	12	18	0.011742095906300001	0.0	0.9987940373470614
2008	12	19	0.00607423160133	0.0	1.3321008187649792
2008	12	20	0.00166590112198	0.0	1.377782438646631
2008	12	21	0.002487323174	0.0	1.469562933670198
2008	12	22	0.00042079855598	0.0	1.3642774362961745
2008	12	23	0.0012451022758700001	0.0	1.1345052399559752
2008	12	24	0.0	0.0	1.2156098334683951
2008	12	25	0.000824304048704	0.0	1.283832841284989
2008	12	26	0.0022385838934799998	0.0	1.2104291192252492
2008	12	27	9.788353716599998	0.0	0.9029862227142342
2008	12	28	1.61495787225	0.0	0.8972104291238678
2008	12	29	0.089320920805	0.0	1.1491870475381212
2008	12	30	3.87652683143	0.0	1.1473652689999194
2008	12	31	6.8152852256	0.0	0.7906885340256137
2009	01	01	5.436461936020001	0.0	0.9849827422990265
2009	01	02	2.67782601356	0.0	0.6752871261292551
2009	01	03	5.223158843569999	0.0	0.8844910962862189
2009	01	04	0.034223602307300004	0.0	0.9402564920291747
2009	01	05	0.230988653241	0.0	0.7167542295707231
2009	01	06	0.00344006773502	0.0	0.900977474632351
2009	01	07	0.0389214182145	0.0	0.9659453351462112
2009	01	08	0.00042079851729600004	0.0	0.8880515239915044
2009	01	09	0.000827186287163	0.0	0.812318686504522
2009	01	10	0.376572918244	0.0	0.8868595035091206
2009	01	11	0.0	0.0	1.1405685033770088
2009	01	12	0.000824304048704	0.0	1.3217261147174897
2009	01	13	1.81540511098	0.0	1.2835952971839235
2009	01	14	0.033387144945	0.0	1.1314634285422513
2009	01	15	21.850173849999997	0.033576201967638115	0.8055807692601008
2009	01	16	8.5805541318	1.8634792092039156	0.9602776705953242
2009	01	17	0.0012422206080000002	0.5540073324660288	1.3156336997605191
2009	01	18	0.045819635166399995	0.20145721180582868	1.4327335513706014
2009	01	19	3.55402944508	0.16788100983819057	0.9190702305007465
2009	01	20	4.1387934232	0.5540073324660288	0.9356693426690457
2009	01	21	0.106286649724	1.0240741600129626	1.1310233596903778
2009	01	22	0.571228494875	0.33576201967638114	1.3179593278515853
2009	01	23	0.5927541583200001	0.6211597364013051	0.8412527192468858
2009	01	24	0.5191886021	0.8394050491909528	1.0586034498808754
2009	01	25	2.6847484186499995	0.36933822164401925	1.033395826034004
2009	01	26	0.7565805114799999	0.48685492853075263	1.066865255988801
2009	01	27	0.259682761687	0.33576201967638114	1.3065160760975372
2009	01	28	0.159692406842	0.21824531278964773	1.2372867454360794
2009	01	29	0.869119559414	0.16788100983819057	1.1394087837139664
2009	01	30	8.672801932399999	0.16788100983819057	1.2902300499887192
2009	01	31	7.1062994451299994	3.9284156302136592	1.1228304751701443
2009	02	02	0.26945001715	5.556861425644108	1.172315203815839
2009	02	03	4.4108918437	1.6116576944466294	1.1554248249411536
2009	02	04	8.377267777599998	6.22838546499687	0.9791597498519511
2009	02	05	3.28880584835	3.9955680341489357	1.274007381174703
2009	02	06	1.7155246670500002	1.2758956747702483	1.0405681797366375
2009	02	07	0.83714922564	0.7386764432880385	1.2314584110205091
2009	02	08	0.0165310116664	0.4197025245954764	1.640822477634925
2009	02	09	0.33841014645999995	0.33576201967638114	1.2630381658563414
2009	02	10	0.857992600035	0.36933822164401925	1.439993582291912
2009	02	11	0.00123357367019	0.3861263226278383	1.7995616404965873
2009	02	12	0.00042079855598	0.25182151475728587	2.040177194741415
2009	02	13	0.00291100349456	0.20145721180582868	2.08371421626842
2009	02	14	0.0012406454922299999	0.16788100983819057	2.007020392169027
2009	02	15	0.00125086715897	0.15109290885437152	2.0457552126836176
2009	02	16	0.0	0.13430480787055246	2.047553988458986
2009	02	17	0.00166624154118	0.11751670688673342	2.002512943812168
2009	02	18	0.00042079855598	0.10072860590291434	2.097976846573413
2009	02	19	0.0010134763133999999	0.08394050491909529	1.9786290318263111
2009	02	20	0.00309572075508	0.08394050491909529	2.1665495900823477
2009	02	21	0.0008415972570249999	0.08394050491909529	2.1285336305658813
2009	02	22	0.0	0.06715240393527623	2.3082903661946172
2009	02	23	0.0008243041067299999	0.06715240393527623	2.285980956968869
2009	02	24	0.0012515514789299999	0.05036430295145717	2.370550304445759
2009	02	25	0.0012451022758700001	0.05036430295145717	2.558275140577029
2009	02	26	0.0020694066727300004	0.05036430295145717	2.2562381754533574
2009	02	27	0.80728827236	0.033576201967638115	2.0868680191684925
2009	02	28	3.29537410142	0.033576201967638115	2.1053460849639953
2009	03	01	4.409825809369999	0.033576201967638115	1.6077195966305147
2009	03	02	3.00504913406	0.033576201967638115	1.350656077858873
2009	03	03	2.95144587578	0.906557453126229	1.7022043521533567
2009	03	04	0.9371438840799999	1.2926837757540675	1.6850543022405895
2009	03	05	0.67108548663	0.6883121403365814	1.5620052648227112
2009	03	06	0.32957619085199996	0.36933822164401925	1.9389197465136558
2009	03	07	0.061638640734	0.20145721180582868	2.1765668783251595
2009	03	08	0.0008243041067299999	0.13430480787055246	3.137972995179078
2009	03	09	0.00166331345251	0.10072860590291434	2.9585346692354952
2009	03	10	0.0	0.08394050491909529	3.045006752964778
2009	03	11	0.0	0.08394050491909529	3.3619260100631694
2009	03	12	0.000824304048704	0.06715240393527623	3.3715932291608484
2009	03	13	0.0012479847174199999	0.05036430295145717	3.4232346077511786
2009	03	14	0.0012395883552200001	0.033576201967638115	3.6316399115403764
2009	03	15	0.000824304048704	0.033576201967638115	3.4681725064897204
2009	03	16	0.0008243041067299999	0.033576201967638115	3.6342574349641703
2009	03	17	0.00208461441694	0.016788100983819058	2.7580261881525883
2009	03	18	0.0008243041067299999	0.016788100983819058	3.062873513085224
2009	03	19	0.001243661587	0.016788100983819058	3.1323304756319947
2009	03	20	0.08305799087599999	0.016788100983819058	3.550068492999379
2009	03	21	0.000824304048704	0.016788100983819058	3.4981583129221625
2009	03	22	0.43021685275000005	0.0	3.12174431189124
2009	03	23	0.0024862774487699997	0.0	3.043661405723595
2009	03	24	0.37001478104	0.0	3.2340392484572873
2009	03	25	0.011485506868499999	0.0	3.7275835102017427
2009	03	26	0.0011965698130199998	0.0	4.073047350698493
2009	03	27	0.63167026232	0.0	3.6340237481674387
2009	03	28	1.9857179005499999	0.0	2.518746005824552
2009	03	29	0.1061245202445	0.0	2.600984737794362
2009	03	30	0.0	0.0	2.8865797609155774
2009	03	31	0.0021206453715100003	0.0	3.2941875385027943
2009	04	01	0.00047690099408	0.0	3.0332325678600456
2009	04	02	0.00249399297257	0.0	3.322033195307035
2009	04	03	0.00123933758619	0.0	3.4960476957276603
2009	04	04	0.0	0.0	4.058686781103282
2009	04	05	0.08999786662749999	0.0	3.9884622497231095
2009	04	06	0.000824304048704	0.0	3.5527777862860166
2009	04	07	0.0526414995733	0.0	2.668058509183346
2009	04	08	0.00042079855598	0.0	3.6087954158118665
2009	04	09	2.46813184818e-05	0.0	3.7726236460687983
2009	04	10	0.5612896565300001	0.0	2.22499882583329
2009	04	11	0.61245156757	0.0	2.814393355057804
2009	04	12	0.0	0.0	3.315690170491564
2009	04	13	0.224380952162	0.0	3.320021805856612
2009	04	14	3.01435911563	0.0	2.571966743695824
2009	04	15	2.6455386063799997	0.0	2.5776149494450107
2009	04	16	2.5376333600699996	0.0	2.7343258223714444
2009	04	17	7.51592248364	0.0	2.319896570907624
2009	04	18	1.4034284412	0.0	2.6624893795927838
2009	04	19	0.35730234824999996	0.0	3.4221797021415687
2009	04	20	0.00123933748948	0.0	3.8533833918005365
2009	04	21	0.00164778018244	0.0	4.677544752034615
2009	04	22	0.00042079851729600004	0.0	4.958516225325138
2009	04	23	0.0	0.0	5.128590547602117
2009	04	24	0.00165531988746	0.0	4.820386906524398
2009	04	25	0.9919144320600001	0.0	2.807645653529794
2009	04	26	5.818796990799999	0.0	3.148432162103258
2009	04	27	0.24457610844000002	0.0	3.1248025703327826
2009	04	28	0.54836591239	0.0	3.1951135139955986
2009	04	29	0.0280394475088	0.0	3.4407355616184137
2009	04	30	0.3889444096	0.0	3.682063605618849
2009	05	01	0.0	0.0	4.831917729569552
2009	05	02	0.0008300686029899999	0.0	5.09048813380872
2009	05	03	0.00082589401913	0.0	5.199138193920841
2009	05	04	0.00165321760548	0.0	5.9203034515797475
2009	05	05	0.0	0.0	5.894990729387045
2009	05	06	0.0	0.0	5.875387465796118
2009	05	07	0.00166541302661	0.0	6.124688262649009
2009	05	08	0.035764740953	0.0	5.235789455996237
2009	05	09	0.48907900741	0.0	4.439114459656729
2009	05	10	0.34073892326	0.0	3.6457882218912445
2009	05	11	1.95548577429	0.0	3.515110511440309
2009	05	12	0.292323034644	0.0	3.4649899827721304
2009	05	13	0.7945071174439999	0.0	3.9226289804192342
2009	05	14	0.0269344477527	0.0	3.7749166484591394
2009	05	15	0.0008300686029899999	0.0	4.580620131626367
2009	05	16	0.00166244257896	0.0	4.998094189086758
2009	05	17	0.0231311925758	0.0	3.9457896353261224
2009	05	18	0.0032068954763599996	0.0	4.4320196785914305
2009	05	19	0.00042079855598	0.0	5.327749355121305
2009	05	20	0.0	0.0	6.30463748834616
2009	05	21	0.00165437261301	0.0	5.135736509664369
2009	05	22	0.0008241082302960001	0.0	5.038514295258018
2009	05	23	12.2769969821	0.0	3.500600289744305
2009	05	24	1.64500731332	0.0	3.8002915732438645
2009	05	25	0.126976584033	0.0	3.7202713171717385
2009	05	26	0.0	0.0	5.636942676131786
2009	05	27	0.00123933758619	0.0	6.043206335217542
2009	05	28	0.0	0.0	6.488072923521263
2009	05	29	0.004126954185	0.0	6.43528690314641
2009	05	30	0.0008547499330769999	0.0	7.093057589786254
2009	05	31	0.0012451022758700001	0.0	6.949800730151737
2009	06	01	0.0008995887315550001	0.0	6.889385337042585
2009	06	02	0.00119327412964	0.0	6.033979582810388
2009	06	03	0.0161089972723	0.0	4.889657010263536
2009	06	04	0.552989656174	0.0	4.131337816710762
2009	06	05	3.05987422648	0.0	3.407445523296553
2009	06	06	1.12092034972	0.0	3.514632864500307
2009	06	07	0.308277022227	0.0	4.538075791824487
2009	06	08	1.02003953755	0.0	3.2474802256639204
2009	06	09	0.000425265233053	0.0	4.943280846247888
2009	06	10	0.0008305937769739999	0.0	5.844222510836808
2009	06	11	0.00041215205336499997	0.0	6.909284070944672
2009	06	12	0.00248892237056	0.0	7.891986102673664
2009	06	13	0.0	0.0	7.41840959523294
2009	06	14	0.252570698616	0.0	5.5890303725226635
2009	06	15	1.4628004509799999	0.0	5.253751202550543
2009	06	16	0.9639850192549999	0.0	6.1298982235300015
2009	06	17	0.00241425219272	0.0	6.9183703489820765
2009	06	18	0.016497439756999997	0.0	7.097620883771451
2009	06	19	0.0089142336119	0.0	7.308345653711543
2009	06	20	0.0033260735303999997	0.0	7.5525962951267935
2009	06	21	0.0008243041067299999	0.0	7.4747520990535685
2009	06	22	0.000119735935346	0.0	6.021369982969385
2009	06	23	0.00042079855598	0.0	5.905843475391516
2009	06	24	0.0059744952553	0.0	4.9745347869458625
2009	06	25	0.597348231476	0.0	4.6112460125411845
2009	06	26	7.942578570900001e-05	0.0	5.236221534878197
2009	06	27	0.0008300686029899999	0.0	5.632486376497554
2009	06	28	1.8254005730299998	0.0	4.4513662316359355
2009	06	29	1.2126744457699998	0.0	5.467526473628857
2009	06	30	0.0273073179932	0.0	5.6455451055475665
2009	07	01	0.00293816217702	0.0	5.804204053048874
2009	07	02	0.00042656295552999997	0.0	6.173092069620705
2009	07	03	0.0	0.0	5.894045925105795
2009	07	04	0.0044492949011500004	0.0	5.780255604609163
2009	07	05	0.004739110110100001	0.0	5.497347335631784
2009	07	06	0.00131136380934	0.0	5.043691181708309
2009	07	07	0.0	0.0	5.511028820791405
2009	07	08	0.0025017339311000004	0.0	6.13630129683952
2009	07	09	0.0029104139504	0.0	6.302697882883535
2009	07	10	0.0008309863808899999	0.0	6.291870632638891
2009	07	11	0.0029274020290000003	0.0	6.270563707390586
2009	07	12	0.0012451022758700001	0.0	6.759911081422269
2009	07	13	0.00114021496182	0.0	5.3192033395469025
2009	07	14	0.0	0.0	4.940758929356468
2009	07	15	0.0008300686029899999	0.0	6.183772846666419
2009	07	16	0.0	0.0	6.009970409194046
2009	07	17	0.000824304048704	0.0	5.518053267664861
2009	07	18	0.0	0.0	7.0005574636736645
2009	07	19	0.0	0.0	6.610878473596218
2009	07	20	0.0008300686029899999	0.0	7.272471173827157
2009	07	21	0.0008300686029899999	0.0	6.717565576595108
2009	07	22	0.20047855342799997	0.0	5.434207479136249
2009	07	23	0.45644690644799996	0.0	5.012810377957264
2009	07	24	0.00042656295552999997	0.0	5.810613620121809
2009	07	25	0.000824304048704	0.0	7.0211728554006125
2009	07	26	0.0008300686029899999	0.0	7.443233333644118
2009	07	27	0.00042656295552999997	0.0	6.527357581631542
2009	07	28	0.0	0.0	6.948262221927989
2009	07	29	0.0	0.0	6.040023616598342
2009	07	30	0.000415455550913	0.0	6.688005513678932
2009	07	31	0.0	0.0	6.359609679232083
2009	08	01	0.0098042634787	0.0	5.023196431195832
2009	08	02	0.00205627635603	0.0	5.286151679085944
2009	08	03	0.00166013633559	0.0	6.453861471177989
2009	08	04	0.000824304048704	0.0	6.62643533725
2009	08	05	0.00294589723624	0.0	5.790158853351847
2009	08	06	0.0008358329541849999	0.0	5.526367852535302
2009	08	07	6.7073568656e-05	0.0	5.278999928226006
2009	08	08	0.00126620884653	0.0	4.750591155505773
2009	08	09	0.00042079855598	0.0	5.746256031511783
2009	08	10	0.0	0.0	6.325076740149822
2009	08	11	0.0	0.0	6.256811265591482
2009	08	12	0.0008243041067299999	0.0	6.393991912807567
2009	08	13	0.119140105036	0.0	6.294809696060661
2009	08	14	0.035728561742	0.0	6.507887297042111
2009	08	15	0.00183796668359	0.0	6.3121660147961975
2009	08	16	0.00042079855598	0.0	6.299917698005949
2009	08	17	0.00123861371184	0.0	6.151116125945968
2009	08	18	0.0020809351817000004	0.0	6.029273115200346
2009	08	19	0.0	0.0	6.1839225372028075
2009	08	20	0.000405740354443	0.0	5.866007285872857
2009	08	21	0.0012352386295499999	0.0	5.987041848005137
2009	08	22	0.0	0.0	6.738835838496433
2009	08	23	0.0008319959075669999	0.0	6.329277667825579
2009	08	24	0.0019579635812	0.0	4.791735177938715
2009	08	25	0.001233603747	0.0	4.090271370033347
2009	08	26	0.00207875117977	0.0	5.182607554151451
2009	08	27	0.00042656295552999997	0.0	5.924632179236882
2009	08	28	0.00124616666613	0.0	6.029331259034976
2009	08	29	0.000824304048704	0.0	6.2733459816287
2009	08	30	0.0016716649412699999	0.0	6.162108285720218
2009	08	31	0.00098648058729	0.0	4.825113559514221
2009	09	01	0.031884074256600003	0.0	4.077201704452165
2009	09	02	0.0008300686029899999	0.0	4.139007390576911
2009	09	03	0.0051565075687999996	0.0	4.523519183084552
2009	09	04	0.0	0.0	4.965686466063128
2009	09	05	0.0	0.0	5.279808582245483
2009	09	06	0.000420798604335	0.0	5.542078368776151
2009	09	07	0.0	0.0	5.699888870109893
2009	09	08	0.03524160755	0.0	5.265170123498576
2009	09	09	0.0027506683724	0.0	4.66783345646321
2009	09	10	0.28144099333999995	0.0	4.201309078296455
2009	09	11	0.00042079851729600004	0.0	4.437722068735233
2009	09	12	0.39359205042499995	0.0	4.379558612293862
2009	09	13	0.33294496765	0.0	3.546981676017072
2009	09	14	4.126409320860001	0.0	3.476088171506488
2009	09	15	0.0022788589664	0.0	3.8587053837723384
2009	09	16	0.0	0.0	3.9925751432412997
2009	09	17	0.10529888279699999	0.0	3.0219731137105823
2009	09	18	0.43479375021	0.0	2.936750546302422
2009	09	19	0.015022063911300001	0.0	3.1598682521943853
2009	09	20	0.0	0.0	3.6136463316021805
2009	09	21	0.00040926981490599997	0.0	4.1893346826093145
2009	09	22	0.001642106787	0.0	4.212799451314507
2009	09	23	0.0	0.0	4.512993090452824
2009	09	24	0.00108489964641	0.0	4.086551745143158
2009	09	25	0.0020761354644	0.0	3.860402805575341
2009	09	26	2.3224964526	0.0	3.7383986723615017
2009	09	27	0.000788552595705	0.0	3.6790268566381155
2009	09	28	0.0	0.0	3.9335103687464863
2009	09	29	6.01240973383	0.0	2.9629725244099014
2009	09	30	2.28878315318	0.0	2.8229393479245126
2009	10	01	0.00154614851383	0.0	3.15057669838151
2009	10	02	0.0016060010756	0.0	3.529845544002694
2009	10	03	0.0008243041067299999	0.0	3.6602404256612915
2009	10	04	0.0057151328648300005	0.0	3.645801346157332
2009	10	05	1.3940708783100002	0.0	3.531036152400655
2009	10	06	1.4717985428	0.0	2.475929200439592
2009	10	07	19.9450400405	0.0	1.8451039623185153
2009	10	08	0.34434883677199996	0.0	2.4570925144305615
2009	10	09	0.004902568385	0.0	2.5503205931774824
2009	10	10	0.0016621787540799999	0.0	3.285082453058432
2009	10	11	0.0	0.0	3.476380671026308
2009	10	12	0.00166590112198	0.0	3.6936185972264246
2009	10	13	0.0020821288732299995	0.0	3.3012457116536447
2009	10	14	0.000834395843585	0.0	3.175507266074147
2009	10	15	0.0	0.0	3.4008115345954706
2009	10	16	0.00041215205336499997	0.0	3.2745648571015162
2009	10	17	0.0155780023134	0.0	2.9392301878499394
2009	10	18	0.0	0.0	3.084127958758711
2009	10	19	0.00042079855598	0.0	2.944612112534929
2009	10	20	14.5394694061	0.0	1.4234326908197694
2009	10	21	1.6544692262999998	0.0	1.6670089527219731
2009	10	22	2.1486631289	0.0	1.9296027260600441
2009	10	23	0.0023056333233199998	0.0	2.4966225073612707
2009	10	24	0.00106053075732	0.0	2.6249462014800464
2009	10	25	0.0008670905449299999	0.0	2.559393427067623
2009	10	26	0.0008243041067299999	0.0	2.884558082951772
2009	10	27	0.0008012467599759999	0.0	2.6505273965078127
2009	10	28	0.00134348806675	0.0	2.1288276489135174
2009	10	29	0.104840254964	0.0	2.3281186162936773
2009	10	30	0.011757139146799999	0.0	2.2833608874779845
2009	10	31	0.0	0.0	2.5461286745082976
2009	11	01	0.046596154572	0.0	2.0552365900423033
2009	11	02	0.039217674793	0.0	1.6750070688612333
2009	11	03	0.000842409234185	0.0	1.9670342342512412
2009	11	04	0.357754041976	0.0	1.6483339691570527
2009	11	05	0.000393061083512	0.0	1.4530010431153626
2009	11	06	0.11292397307599998	0.0	1.570664586134114
2009	11	07	0.06558553057	0.0	1.384953687300446
2009	11	08	0.182311783019	0.0	1.3791609280856694
2009	11	09	0.00084898536912	0.0	1.6626952672479014
2009	11	10	0.00353993560665	0.0	1.5937373571344358
2009	11	11	0.00119823535264	0.0	1.8161937681797409
2009	11	12	0.00125016252991	0.0	1.8271982066517396
2009	11	13	0.0272100209635	0.0	1.9513084756803531
2009	11	14	2.07643197726	0.0	1.6175870969958663
2009	11	15	0.013291388172099999	0.0	1.4989578421695562
2009	11	16	0.00348838540496	0.0	1.6711529484149863
2009	11	17	0.262745760807	0.0	1.3734909501793184
2009	11	18	0.78063141809	0.0	1.4594897173270953
2009	11	19	0.017206604516	0.0	1.4597740633748841
2009	11	20	0.0008243041067299999	0.0	1.7301397472743092
2009	11	21	2.7312058717400003	0.0	1.5426269029228252
2009	11	22	0.00183788525377	0.0	1.3097618457020646
2009	11	23	0.00083664468957	0.0	1.550648945546547
2009	11	24	0.07344754100699999	0.0	1.741301146864662
2009	11	25	4.1063443169	0.0	1.3260172769600862
2009	11	26	0.75571892209	0.0	1.2061070026821041
2009	11	27	1.2903966945	0.0	1.0969028832970384
2009	11	28	0.079289008756	0.0	1.2559813474347468
2009	11	29	3.72064665542	0.0	1.002339792230395
2009	11	30	0.0145038511131	0.0	1.1039938261732747
2009	12	01	0.93226196328	0.0	1.4809491683723472
2009	12	02	3.5309640133699998	0.0	1.028608890870668
2009	12	03	0.42969287797	0.0	1.1110441778811972
2009	12	04	0.0008262620973900001	0.0	1.1746886104637195
2009	12	05	0.00207415813174	0.0	1.4119656821118671
2009	12	06	0.000692231553654	0.0	1.2852400698472912
2009	12	07	1.32911009434	0.0	1.0074582936365581
2009	12	08	0.098324660489	0.0	1.2628050934387267
2009	12	09	0.082051742668	0.0	1.2114791065282604
2009	12	10	0.0028383147111999997	0.0	1.2516808598050948
2009	12	11	0.00249020532542	0.0	1.2995423283457523
2009	12	12	0.000824304048704	0.0	1.2698660167517095
2009	12	13	0.0033256075816200004	0.0	1.1973886308330393
2009	12	14	0.0008300686029899999	0.0	0.85965833998745
2009	12	15	3.7346436871399997	0.0	1.047582579420964
2009	12	16	2.6627214589199997	0.0	1.4076029250136903
2009	12	17	0.280188328052	0.0	1.2190937234392094
2009	12	18	16.7972291518	0.0	1.0734481521231714
2009	12	19	1.6045025541499998	0.0	0.9624910088095993
2009	12	20	21.6674751206	0.0	1.2140445861688416
2009	12	21	12.882951862	0.6043716354174861	0.7029162073339953
2009	12	22	5.0755419567999995	1.4102004826408008	0.9132891353728944
2009	12	24	7.17599292637	8.528355299780081	1.153668064307844
2009	12	25	17.0754938019	3.810898923326926	1.1618746717644868
2009	12	26	1.4559297857399998	3.5926536105372784	1.1297105070063882
2009	12	27	0.508182771996	1.0240741600129626	1.2411785435717528
2009	12	28	12.0542719179	6.8495452013981755	0.9850745968327164
2009	12	30	6.04172350193	10.593291720789825	0.7959993118494734
2009	12	31	5.88175491067	8.998422127327014	0.7202247677053383
2010	01	01	0.31288576629	3.0218581770874304	1.019202569653908
2010	01	02	0.11580025419899999	1.0072860590291435	1.1664518480464101
2010	01	03	22.1737422996	2.954705773152154	0.8853451378480809
2010	01	04	23.7037283481	13.54799749394198	0.8836007857823411
2010	01	05	0.7659943595900001	3.8612632262783824	1.0120879598830974
2010	01	06	10.636723816699998	3.508713105618183	0.9208615000760393
2010	01	07	2.1844789037199996	7.537857341734757	0.8349738036952948
2010	01	08	0.000126795571926	1.0072860590291435	0.8294326418524871
2010	01	09	0.000169193603424	0.43649062557929547	0.9940860991206839
2010	01	10	10.7846485314	8.72981251158591	0.979262895355161
2010	01	11	1.2538151699	9.686734267663594	0.9302724294553714
2010	01	12	17.6066715427	17.912903749734934	0.9852383360084278
2010	01	13	4.924276298440001	5.33861611285446	1.190559942718004
2010	01	14	0.303439191516	3.256891590860897	0.984645482710673
2010	01	15	0.0165760417766	0.9233455541100483	1.3085496461833348
2010	01	16	0.8218361642400001	0.9233455541100483	1.1194806485950808
2010	01	17	0.066519990945	1.1248027659158768	1.1112004744289188
2010	01	18	0.5516600097259999	0.7218883423042195	1.2737355240265666
2010	01	19	1.13503614132	0.6211597364013051	1.3319964912430113
2010	01	20	0.3827066146	0.5036430295145717	1.2374218052172967
2010	01	21	0.0092304782132	0.4197025245954764	1.3415493465020574
2010	01	22	0.00369835819185	0.33576201967638114	1.2522530968041423
2010	01	23	11.217385163200001	0.43649062557929547	1.0419409042218424
2010	01	24	0.13000386815	0.4197025245954764	1.1237877335269388
2010	01	25	0.09838856645699999	0.25182151475728587	1.3706940187016883
2010	01	26	0.926344326735	0.20145721180582868	0.855577827971662
2010	01	27	0.7760929145000001	0.16788100983819057	1.0567432477009286
2010	01	28	0.228377367189	0.15109290885437152	1.3316061848981349
2010	01	29	0.174929048	0.11751670688673342	1.4768647347824895
2010	01	30	0.049780447374	0.11751670688673342	1.2280961043227796
2010	01	31	0.270290552773	0.10072860590291434	1.2072988231450756
2010	02	01	0.00290157688073	0.10072860590291434	1.505834374778969
2010	02	02	0.00332027363828	0.08394050491909529	1.6271117628506984
2010	02	03	13.4602283585	0.08394050491909529	1.3909619183784145
2010	02	04	2.7123348494400004	0.08394050491909529	1.3880382218517768
2010	02	05	0.59069288138	0.10072860590291434	1.4272445069209259
2010	02	06	0.00209762065471	0.10072860590291434	1.7228653018971
2010	02	07	0.26533365271	0.08394050491909529	1.789592667638786
2010	02	08	4.48793712243	0.08394050491909529	1.3298973241115286
2010	02	09	0.537535717317	0.10072860590291434	1.3038147650199456
2010	02	10	5.914314169660001	0.23503341377346684	1.369780889673616
2010	02	11	0.0588305130822	0.4700668275469337	1.3139777795638643
2010	02	12	11.255274207	1.6452338964142676	0.9264327402308579
2010	02	13	0.100213619551	3.0722224800388873	1.3332856675417504
2010	02	14	8.726627817099999	0.7218883423042195	1.425090973902281
2010	02	15	9.3271727396	8.830541117488824	1.493894480599929
2010	02	16	4.86125329274	7.82325505845968	1.2423721291640564
2010	02	17	2.17729441453	9.653158065695958	1.523849623732657
2010	02	18	12.416163639199999	8.04150037124933	1.1506194298374604
2010	02	19	0.37856227195700004	3.542289307585821	1.3540126392555583
2010	02	20	7.2383547258	0.9233455541100483	1.7162536286980068
2010	02	21	10.6221090015	3.0722224800388873	1.465376061770638
2010	02	22	9.9238270188	10.979418043417663	1.3421088695310848
2010	02	23	11.5391625436	5.674378132530841	1.479853020392568
2010	02	24	0.210828699403	0.906557453126229	1.7490682652659868
2010	02	25	8.286025761	1.0072860590291435	1.4014473054764827
2010	02	26	5.67627304605	1.6955981993657248	1.1859793995523233
2010	02	27	7.0927616892	4.6167277705502405	2.2557319178345248
2010	02	28	7.3117295699	6.715240393527623	1.7119318342270649
2010	03	01	0.003726497417	4.986065992194261	1.8763703610525968
2010	03	02	4.39451042693	1.0408622609967815	1.840224208263654
2010	03	03	4.0821668169	11.953127900479169	1.5620051502589534
2010	03	04	1.53624163814	3.0050700761036113	2.000491243308057
2010	03	05	10.2078584862	1.0240741600129626	1.3421311854769291
2010	03	06	6.8930758483000005	4.432058659728231	1.5258031333352908
2010	03	07	2.15850791677	2.5182151475728585	1.8029978272435554
2010	03	08	18.069219031999996	4.767820679404612	1.5371909630164713
2010	03	09	0.37701585004399996	5.221099405967727	1.8497080813203326
2010	03	10	0.0	0.8561931501747719	2.1710126606370075
2010	03	11	0.51310418916	0.4532787265631145	1.9080812662956035
2010	03	12	0.0	0.4197025245954764	2.3406652152568435
2010	03	13	0.000824304048704	0.30218581770874303	2.395495587809337
2010	03	14	0.00249596924142	0.21824531278964773	2.452762407142782
2010	03	15	0.00125156704924	0.16788100983819057	2.482299986002534
2010	03	16	0.004103227353600001	0.15109290885437152	2.7444444947128064
2010	03	17	0.0	0.11751670688673342	2.742784152892755
2010	03	18	0.6248991116699999	0.10072860590291434	2.5685375642553336
2010	03	19	0.51915194901	0.08394050491909529	2.7259505570120868
2010	03	20	0.869748967436	0.08394050491909529	2.693426744389517
2010	03	21	8.1157842467	3.1057986820065255	2.580167192887958
2010	03	22	0.046054356139000004	1.9642078151068296	2.7279817805383524
2010	03	23	0.159064904007	0.4532787265631145	2.947804237951283
2010	03	24	9.481367163599998	0.28539771672492403	2.4396720605761364
2010	03	25	1.8182389074	0.6547359383689432	2.0165949679164523
2010	03	26	0.057181421899	0.4700668275469337	2.1916030667945887
2010	03	27	0.00187269766234	0.25182151475728587	2.6346382728697417
2010	03	28	0.0	0.16788100983819057	3.2949276027301253
2010	03	29	7.614883505599999	0.3525501206602002	2.636402861383474
2010	03	30	0.239163182043	0.5540073324660288	2.1092036581475395
2010	03	31	0.101590837648	0.23503341377346684	2.470349313442366
2010	04	01	0.0290606751287	0.15109290885437152	2.351249371573177
2010	04	02	0.00165437270972	0.11751670688673342	2.978473854678435
2010	04	03	0.43567884012999997	0.08394050491909529	2.7129694070399264
2010	04	04	0.0	0.08394050491909529	3.0940124964737468
2010	04	05	0.00042079855598	0.06715240393527623	3.559716539997137
2010	04	06	0.0008243041067299999	0.033576201967638115	3.6724814095869167
2010	04	07	0.0030818908382400003	0.033576201967638115	3.4489164226428066
2010	04	08	0.0037372567913399996	0.033576201967638115	3.7485610900376707
2010	04	09	0.0	0.016788100983819058	3.953425472275717
2010	04	10	0.0016614346673399997	0.016788100983819058	3.590792317515871
2010	04	11	0.00152945085536	0.016788100983819058	3.7644659571260797
2010	04	12	0.9042317303	0.016788100983819058	3.093573529496266
2010	04	13	5.20354576544	0.0	2.8280422422391602
2010	04	14	9.3647755218	0.016788100983819058	2.2784839527362055
2010	04	15	9.706711134599999	0.033576201967638115	2.5263498154159563
2010	04	16	14.8224331951	0.05036430295145717	2.232265108968387
2010	04	17	7.13642499697	0.06715240393527623	2.7091627751389056
2010	04	18	7.109157902600001	0.08394050491909529	2.6673235857351467
2010	04	19	0.202109896392	0.08394050491909529	3.251636619996983
2010	04	20	0.0570360716045	0.06715240393527623	3.932313508473766
2010	04	21	4.66290330707	0.05036430295145717	3.228878326188489
2010	04	22	2.1073379787999995	0.05036430295145717	3.123942519252629
2010	04	23	0.12643390553900002	0.05036430295145717	3.1104613268524757
2010	04	24	0.39786358606	0.033576201967638115	3.398008436558448
2010	04	25	0.0024854943879	0.016788100983819058	4.820136252261546
2010	04	26	0.0016628868647	0.016788100983819058	4.797613856592141
2010	04	27	0.000824304048704	0.0	5.385393385902484
2010	04	28	0.000197845275522	0.0	4.562442861565069
2010	04	29	0.0447652814702	0.0	4.297415959867684
2010	04	30	0.0238445313384	0.0	3.51937088231387
2010	05	01	0.360797776464	0.0	3.6475244297017486
2010	05	02	0.000824304048704	0.0	3.7838395879079534
2010	05	03	0.00164860772991	0.0	3.7677732885228776
2010	05	04	0.0	0.0	3.4725347448642707
2010	05	05	0.0	0.0	4.058557775639291
2010	05	06	0.0	0.0	3.973405919990787
2010	05	07	0.1232678193616	0.0	3.5474564370831936
2010	05	08	7.08552139834	0.0	3.4150287004154642
2010	05	09	4.08477537573	0.0	2.7909477518356782
2010	05	10	4.1193714440299996	0.0	3.0943294700800914
2010	05	11	0.7474370645299999	0.0	3.430313561623701
2010	05	12	0.951854306786	0.0	3.013123927317134
2010	05	13	0.704293350577	0.0	3.270348927326227
2010	05	14	0.46626918023	0.0	3.1970169914056012
2010	05	15	0.0130088431374	0.0	3.430656620636113
2010	05	16	0.0008300686029899999	0.0	4.9269870492011325
2010	05	17	0.0008243041067299999	0.0	5.447885612924207
2010	05	18	0.00165810465191	0.0	6.06768593992225
2010	05	19	0.0	0.0	6.321395408269109
2010	05	20	0.0008300686029899999	0.0	5.772350060544023
2010	05	21	0.0008243041067299999	0.0	6.11275220672324
2010	05	22	0.00332907376473	0.0	4.793383033590206
2010	05	23	0.0522182240808	0.0	4.45598498641627
2010	05	24	0.022855708338199998	0.0	4.095863625355093
2010	05	25	0.40883046137600004	0.0	3.8498978320026946
2010	05	26	0.041990159974299994	0.0	4.674544524907292
2010	05	27	0.192276868458	0.0	3.849594243957173
2010	05	28	0.25607726782199997	0.0	3.90516924217091
2010	05	29	0.00042079855598	0.0	5.277310465827353
2010	05	30	0.0	0.0	6.194623666663899
2010	05	31	0.0	0.0	6.992497406065988
2010	06	01	0.000824304048704	0.0	7.200145015066228
2010	06	02	0.0008300686029899999	0.0	5.951611204845315
2010	06	03	0.0009707107645599999	0.0	5.974575454582383
2010	06	04	0.00373210804765	0.0	6.188888199323441
2010	06	05	0.00246689444373	0.0	5.428771676621235
2010	06	06	0.00164860782662	0.0	5.613830696266708
2010	06	07	0.0	0.0	5.423691950705059
2010	06	08	3.5968298095200004	0.0	3.6694548166907905
2010	06	09	7.2143648432	0.0	3.3212878325593356
2010	06	10	0.9382369972099999	0.0	3.0845506894362087
2010	06	11	0.41777588492999995	0.0	3.977635869202675
2010	06	12	0.67557089643	0.0	3.59104130958278
2010	06	13	0.08722903515	0.0	5.061902793911323
2010	06	14	0.0	0.0	5.43917384850595
2010	06	15	0.0	0.0	5.814654132953646
2010	06	16	0.0	0.0	5.272437765213366
2010	06	17	0.00208093537512	0.0	5.599513225998846
2010	06	18	0.000598629155426	0.0	4.415007632107885
2010	06	19	0.0420873738334	0.0	4.950536999994652
2010	06	20	0.00175359804011	0.0	5.323414932996011
2010	06	21	0.00123645514464	0.0	6.0447606871711725
2010	06	22	0.000824304048704	0.0	6.552331147768497
2010	06	23	0.00207516981505	0.0	6.52706123121138
2010	06	24	0.00172676410983	0.0	6.0657746107162245
2010	06	25	0.169879934952	0.0	5.306552239718952
2010	06	26	0.0017622276668300002	0.0	6.312777576220128
2010	06	27	2.7942529582299995	0.0	5.981725379191424
2010	06	28	0.08399213210800001	0.0	6.410264764042936
2010	06	29	0.0	0.0	6.8114804592685605
2010	06	30	0.000824304048704	0.0	6.67306771635718
2010	07	01	0.0017720060149300002	0.0	6.640731639495721
2010	07	02	0.000827186287163	0.0	5.8172828819217
2010	07	03	0.0064008838427	0.0	6.4876590342414255
2010	07	04	0.0008358328381330001	0.0	7.672413459804619
2010	07	05	0.0008425628580199999	0.0	7.540010683659282
2010	07	06	0.000824304048704	0.0	7.202803123169367
2010	07	07	0.030378579048499995	0.0	6.39620693508639
2010	07	08	0.00103686978543	0.0	6.087843087654862
2010	07	09	0.0	0.0	6.834593527726834
2010	07	10	0.00332199855784	0.0	7.442983232937005
2010	07	11	0.0	0.0	7.105440138103185
2010	07	12	0.00042656295552999997	0.0	5.827384487912288
2010	07	13	0.00086036465456	0.0	5.434938421935704
2010	07	14	0.004596102712059999	0.0	5.391891111995548
2010	07	15	0.00042079851729600004	0.0	5.8665612345411695
2010	07	16	0.00249596924142	0.0	6.455793808481656
2010	07	17	0.0	0.0	6.895440426712141
2010	07	18	0.00165650642245	0.0	6.9673985125163584
2010	07	19	0.0018037898531400001	0.0	6.487805999045942
2010	07	20	0.0016817342897600001	0.0	5.660057969376919
2010	07	21	0.017895100413800002	0.0	5.187395469411282
2010	07	22	0.00208732713244	0.0	5.467329955050922
2010	07	23	0.000424130573307	0.0	6.96078323258513
2010	07	24	0.000426562994214	0.0	7.23230418516884
2010	07	25	0.00123889697543	0.0	7.352499202106849
2010	07	26	0.00042079855598	0.0	7.389143017376847
2010	07	27	0.5321506434	0.0	6.308300977388903
2010	07	28	0.0	0.0	6.791386753280838
2010	07	29	0.00126997221947	0.0	6.842064334296321
2010	07	30	0.000837875092216	0.0	6.897093287066549
2010	07	31	0.0014286163672800002	0.0	6.912518830855881
2010	08	01	0.0006601109325400001	0.0	6.591306999482707
2010	08	02	0.000426562994214	0.0	6.0042971184302525
2010	08	03	0.0016740988418399998	0.0	7.227512579730116
2010	08	04	0.0008300686029899999	0.0	6.737357537529614
2010	08	05	0.00042079855598	0.0	6.466451292118025
2010	08	06	0.00250955167737	0.0	7.06414287971109
2010	08	07	0.089220709903	0.0	6.811734569538834
2010	08	08	0.26195299992399995	0.0	4.393486834346061
2010	08	09	0.0739748861305	0.0	6.045109207971942
2010	08	10	0.00207684705658	0.0	6.795440499652974
2010	08	11	0.000420798604335	0.0	7.003953128558416
2010	08	12	0.0008300686029899999	0.0	5.507629211215593
2010	08	13	0.0	0.0	6.409219207802053
2010	08	14	0.00041215205336499997	0.0	5.715446100912408
2010	08	15	0.092960060079	0.0	5.486136522992939
2010	08	16	0.035358642123599994	0.0	5.3193843394775335
2010	08	17	0.0718231273145	0.0	4.818857150059945
2010	08	18	0.0013690093521999999	0.0	5.094046432868374
2010	08	19	0.00132974248103	0.0	5.492616362548231
2010	08	20	0.0012486566584999999	0.0	6.5773139157194045
2010	08	21	0.00165057548828	0.0	5.968822207281264
2010	08	22	0.0016481347213	0.0	5.698000934600284
2010	08	23	0.0103072821688	0.0	4.909486592219385
2010	08	24	0.00505907852995	0.0	5.418971846130638
2010	08	25	0.0	0.0	6.80445632363439
2010	08	26	0.0029099294332999995	0.0	6.609203322074397
2010	08	27	0.000853851951714	0.0	5.741393256816107
2010	08	28	0.0	0.0	5.779132860329146
2010	08	29	0.0008300686029899999	0.0	6.456672138012123
2010	08	30	0.00083583280912	0.0	6.1596226078008955
2010	08	31	0.000598629155426	0.0	5.177106622317663
2010	09	01	0.328264899962	0.0	4.189849407413305
2010	09	02	0.000126795571926	0.0	4.959063535873274
2010	09	03	0.0	0.0	5.761003333524989
2010	09	04	0.00123357367019	0.0	5.390685815625028
2010	09	05	0.0012459145431600001	0.0	5.481976272869579
2010	09	06	0.0033911564591	0.0	4.449170693541389
2010	09	07	0.36406096528399995	0.0	3.1515388691552335
2010	09	08	0.00042079855598	0.0	3.5529404407118
2010	09	09	0.0008300686029899999	0.0	4.655999223241083
2010	09	10	0.0020809351817000004	0.0	5.304767812098933
2010	09	11	0.0	0.0	5.306675303900566
2010	09	12	0.009295867712600001	0.0	4.9370668490322815
2010	09	13	0.0042559411475	0.0	4.648424127677572
2010	09	14	0.0	0.0	5.305279345177032
2010	09	15	0.142387032403	0.0	3.0092197902512647
2010	09	16	5.00209709466	0.0	3.047903963491402
2010	09	17	0.5274719489940001	0.0	3.705266628949086
2010	09	18	0.00282129703934	0.0	3.5323387026615296
2010	09	19	0.0	0.0	4.242233254598944
2010	09	20	0.0024979173676599998	0.0	3.537330429226121
2010	09	21	6.385741474450001e-05	0.0	3.7360793290961647
2010	09	22	0.0	0.0	3.837242945499879
2010	09	23	0.315506365515	0.0	2.2305572990230744
2010	09	24	0.28728639718599996	0.0	3.301706415383493
2010	09	25	0.0008371312375799999	0.0	3.331157245818165
2010	09	26	0.0	0.0	3.47948475409022
2010	09	27	0.00042656295552999997	0.0	3.2718857913784256
2010	09	28	0.00125086715897	0.0	3.5005850492464274
2010	09	29	0.00053939460924	0.0	3.764421784842188
2010	09	30	0.0008300686029899999	0.0	3.2023052559109546
2010	10	01	0.00042079855598	0.0	3.331544303611562
2010	10	02	0.0029167682809500004	0.0	3.2875336579742616
2010	10	03	4.466179983599999	0.0	2.5320847949093075
2010	10	04	0.058247233796	0.0	2.460089412827939
2010	10	05	0.00249632571448	0.0	3.089150015130545
2010	10	06	0.00166207411386	0.0	3.276785107227907
2010	10	07	0.39159880897	0.0	2.59477908511895
2010	10	08	18.410308432300003	0.0	1.9328658181473464
2010	10	09	10.6799957391	0.0	1.794648697959315
2010	10	10	5.1796280285	0.0	2.0520142324933857
2010	10	11	0.0589119264615	0.0	2.4811839011196364
2010	10	12	0.0382408244908	0.0	2.549145582068534
2010	10	13	0.149736005961	0.0	2.2417021979323963
2010	10	14	0.00676741222824	0.0	2.4283948461195908
2010	10	15	0.008338005451800001	0.0	2.245414353061999
2010	10	16	0.0059815105987	0.0	2.1304529432851544
2010	10	17	0.00298894005265	0.0	2.5723938570909612
2010	10	18	0.00042079855598	0.0	2.7026690712540242
2010	10	19	0.0020767546018199998	0.0	2.7716327703892167
2010	10	20	0.000824304048704	0.0	2.636626828898473
2010	10	21	0.0	0.0	2.7338918728768045
2010	10	22	0.48524732819699995	0.0	2.3817713822446835
2010	10	23	0.0135696499209	0.0	2.371324463131664
2010	10	24	0.0	0.0	2.3749320416602164
2010	10	25	0.21333118670499998	0.0	1.9100438871980538
2010	10	26	0.000412152082378	0.0	2.4519835460607426
2010	10	27	0.00123357367019	0.0	2.4324380955930702
2010	10	28	0.0	0.0	2.5640540327212333
2010	10	29	6.9202478767399995	0.0	1.892675963721406
2010	10	30	15.9756341823	0.0	1.632194194113971
2010	10	31	1.87738722695	0.0	1.2878927783433918
2010	11	01	0.00042079851729600004	0.0	1.6557259286010346
2010	11	02	0.000824304048704	0.0	2.0587486512728073
2010	11	03	0.00083568813096	0.0	2.3662294498140524
2010	11	04	0.0008243041067299999	0.0	2.389635899718736
2010	11	05	0.00207517058873	0.0	2.341443694821484
2010	11	06	0.0016549460065999999	0.0	2.112700835823092
2010	11	07	0.138091386965	0.0	1.5973441252865241
2010	11	08	1.16321675835	0.0	1.4668928913343964
2010	11	09	2.33959903584	0.0	1.1288050080243415
2010	11	10	0.16362366834199998	0.0	1.4875386232450776
2010	11	11	0.0	0.0	1.6015844497496285
2010	11	12	0.0052360805568	0.0	1.559473287631813
2010	11	13	0.12154900220259998	0.0	1.6705750734847293
2010	11	14	15.2007955965	0.0	1.3563346674443901
2010	11	15	0.0039042581338	0.0	1.360951508350593
2010	11	16	0.120727648041	0.0	1.4642137092119514
2010	11	17	12.4399707399	0.0	1.4113072251838097
2010	11	18	0.011123796962	0.0	1.4134287867948951
2010	11	19	0.6454724233899999	0.0	1.3397477591426576
2010	11	20	6.03309987123	0.0	1.0816910025148314
2010	11	21	0.118770411719	0.0	1.1273137847349788
2010	11	22	2.2157440862	0.0	1.1398554953933717
2010	11	23	8.6889786141	0.0	1.2022474107932157
2010	11	24	1.40694220563	0.0	1.164172428802546
2010	11	25	0.098491098399	0.0	1.1367611169217415
2010	11	26	1.85175462829	0.0	1.0576450275078368
2010	11	27	4.9806781507	0.0	0.8769342984744083
2010	11	28	0.36499756294999997	0.0	1.1006250054435842
2010	11	29	9.152583143700001	0.0	0.7531245221474281
2010	11	30	3.10900174596	0.0	0.916086312274321
2010	12	01	3.8702021908499997	0.0	0.9502010954940613
2010	12	02	0.0481356887988	0.0	0.9484350659695506
2010	12	03	1.10265676293	0.0	0.9409826273082696
2010	12	04	1.37196606703	0.0	1.248678247194431
2010	12	05	17.221749302	0.0	1.146449977137311
2010	12	06	7.102001749439999	0.0	0.9978168043572772
2010	12	07	7.3275445561999994	1.6620219973980868	0.7212774148676709
2010	12	08	5.573522442739999	1.6620219973980868	0.7346419253509296
2010	12	09	0.81428901255	7.923983664362595	1.3354486374299852
2010	12	10	0.0068414578529	1.3766242806731628	1.1732276549296352
2010	12	11	0.00166235089788	0.48685492853075263	1.1594715191520524
2010	12	12	0.0310022792463	0.28539771672492403	1.110055912285368
2010	12	13	0.080083684497	0.21824531278964773	1.22211387997714
2010	12	14	0.087143611207	0.16788100983819057	1.0457207237165553
2010	12	15	0.0020740596809600003	0.13430480787055246	1.1134084350911575
2010	12	16	0.000426563023227	0.11751670688673342	0.9393609742188145
2010	12	17	2.5365009826800002	0.10072860590291434	1.075333347156438
2010	12	18	13.9752477925	2.400698440686125	1.152047276993276
2010	12	19	0.222698797764	14.387402543132932	0.8732658028659616
2010	12	20	6.60264382297	1.477352886576077	1.1292665196341378
2010	12	21	15.624604928199998	12.658228141799569	0.7719682236757146
2010	12	22	3.16237802587	8.5451434007639	0.8183152283323826
2010	12	23	0.19304254087	3.1057986820065255	0.8740656844347797
2010	12	24	2.98352525975	0.9569217560776861	0.9574506720238265
2010	12	25	2.7622926242699997	0.7722526452556766	0.71222719145854
2010	12	26	0.000830068477267	0.6211597364013051	1.13672187669209
2010	12	27	1.610144132	0.36933822164401925	1.2823462427437626
2010	12	28	2.71120798452	0.3189739186925621	1.0732293592364073
2010	12	29	4.4038436189	0.33576201967638114	1.0406862250400737
2010	12	30	8.977463577	3.542289307585821	0.7777904152110742
2010	12	31	2.8261708365000002	5.288251809903003	0.9068422539253193
2011	01	01	0.801040951425	2.7364604603625065	0.9619894653751382
2011	01	02	0.00371936137952	1.1415908668996961	0.8865065286821366
2011	01	03	0.54958378142	0.6379478373851242	1.0622120972710567
2011	01	04	0.119036838098	0.43649062557929547	0.9950401339454935
2011	01	05	3.73674316453	0.36933822164401925	1.0994926465937778
2011	01	06	1.4069279892600002	0.33576201967638114	0.8185108789297307
2011	01	07	6.45745561443	1.477352886576077	0.975763887559036
2011	01	08	5.352458856339999	0.7554645442718576	0.915466405752371
2011	01	09	1.2850510492499998	1.2591075737864292	1.101046040892606
2011	01	10	0.00484764900033	1.2087432708349721	1.3975774877357858
2011	01	11	1.16663265226	0.7386764432880385	1.0224916134324233
2011	01	12	0.004507424574270001	0.6211597364013051	1.0777736042968957
2011	01	13	0.013623199215	0.36933822164401925	1.3690867349398042
2011	01	14	0.186980999845	0.3189739186925621	1.187393837363728
2011	01	15	0.00846615635635	0.2686096157411049	1.2353651477561565
2011	01	16	0.0268708473883	0.23503341377346684	1.2879407010286377
2011	01	17	0.0012451022758700001	0.20145721180582868	1.5875118507973516
2011	01	18	0.00041215205336499997	0.18466911082200962	1.4587743721778161
2011	01	19	0.0651643536845	0.18466911082200962	1.3339536666689178
2011	01	20	0.00563131440454	0.16788100983819057	1.4599461446498465
2011	01	21	0.00083339484673	0.15109290885437152	1.3236414535675525
2011	01	22	2.40910770427	0.13430480787055246	0.9523940380690904
2011	01	23	5.9150456841	0.15109290885437152	0.8455292990887259
2011	01	24	3.86598534472	0.3189739186925621	1.002318375677242
2011	01	25	0.518036940736	0.3189739186925621	1.0354998939364695
2011	01	26	1.6300797379799998	0.25182151475728587	1.0808041788591998
2011	01	27	4.29483442794	0.21824531278964773	1.28144795754801
2011	01	28	5.670438048199999	1.443776684608439	1.012978775096432
2011	01	29	1.28655653382	1.6452338964142676	1.0890977197858833
2011	01	30	0.35833385710999993	0.9569217560776861	1.128682329176132
2011	01	31	0.052946891378399995	0.4532787265631145	1.2278646036051077
2011	02	01	0.0	0.28539771672492403	1.400038954718361
2011	02	02	0.000828873518836	0.21824531278964773	1.5173913410860824
2011	02	03	0.00042079851729600004	0.18466911082200962	1.6141675018821222
2011	02	04	0.00206384884574	0.16788100983819057	1.8437036440784098
2011	02	05	0.0008300686029899999	0.15109290885437152	1.951094451476971
2011	02	06	0.0	0.13430480787055246	2.012619650805235
2011	02	07	0.0020809351817000004	0.13430480787055246	1.8511622061271422
2011	02	08	0.0121728083978	0.11751670688673342	1.637627906898721
2011	02	09	0.133077234582	0.11751670688673342	1.4800096379360206
2011	02	10	0.00186339058207	0.10072860590291434	1.7725063283055955
2011	02	11	0.0035746350579399996	0.10072860590291434	1.852340337436781
2011	02	12	0.00290022439138	0.08394050491909529	1.8986772637443663
2011	02	13	5.4664911647	0.08394050491909529	1.4804225365348025
2011	02	14	5.0075103402	0.10072860590291434	1.3428988780862896
2011	02	15	18.205419593400002	10.089648691275253	1.2677912455969653
2011	02	16	10.5293041513	16.53627946906177	1.2612876982333707
2011	02	17	1.00740427934	6.127656859093956	1.2909802534767822
2011	02	18	1.27350774365	1.3094718767378863	1.8798335127508814
2011	02	19	2.51178722573	0.7554645442718576	1.5304152813610663
2011	02	20	0.203033583273	0.8729812511585909	1.7234069924933428
2011	02	21	0.195533867838	0.5036430295145717	1.6199334639153211
2011	02	22	0.035109949457300005	0.30218581770874303	1.6593181058920072
2011	02	23	0.000824304048704	0.23503341377346684	2.259591818001596
2011	02	24	0.0	0.18466911082200962	2.6493086114513846
2011	02	25	0.0020888276848	0.16788100983819057	2.6425408860253703
2011	02	26	0.005773922583700001	0.13430480787055246	2.1835326104498165
2011	02	27	0.000887701805654	0.11751670688673342	2.1037164274202786
2011	02	28	0.0	0.10072860590291434	2.091837054377445
2011	03	01	0.0012381800642	0.08394050491909529	1.954713912513428
2015	03	13	0.00110513969547	0.11751670688673342	2.9421930746530793
2015	03	14	0.0012446079910600001	0.11751670688673342	2.9561280460373864
2015	03	15	0.0008243041067299999	0.10072860590291434	2.98672482347868
2015	03	16	0.0030818914185	0.10072860590291434	3.0517068791500064
2015	03	17	11.278919802	0.11751670688673342	1.840481030552419
2015	03	18	0.15256058591800004	0.11751670688673342	2.4076104893844104
2015	03	19	1.12985412939	0.11751670688673342	2.586032662172174
2015	03	20	0.229100719305	0.13430480787055246	2.7656886956034477
2015	03	21	4.4940102203	0.15109290885437152	2.536674831498476
2015	03	22	6.0543883534	0.15109290885437152	2.557952172201583
2015	03	23	0.170605037519	0.15109290885437152	2.5054779474522353
2015	03	24	1.36419957706	0.13430480787055246	2.3002139801764785
2015	03	25	0.0	0.11751670688673342	2.356964224250551
2015	03	26	0.00176176142792	0.11751670688673342	2.8106899092078157
2015	03	27	0.0239356988883	0.11751670688673342	3.2054803897009263
2015	03	28	0.000821260585004	0.11751670688673342	4.041231510848407
2015	03	29	0.0	0.11751670688673342	3.819418262016046
2015	03	30	0.0016572540874600001	0.11751670688673342	4.005059898807705
2015	03	31	0.000824304048704	0.11751670688673342	4.385846700507765
2015	04	01	0.00331806865028	0.11751670688673342	4.991136989812425
2015	04	02	0.00163836884879	0.11751670688673342	4.437664729506545
2015	04	03	0.000824304048704	0.11751670688673342	4.1593514932915
2015	04	04	0.0113023768125	0.10072860590291434	4.579129777631464
2015	04	05	1.77129306881	0.08394050491909529	3.4316972121035203
2015	04	06	1.47875363587	0.10072860590291434	3.322734720376481
2015	04	07	0.0	0.10072860590291434	3.2195366666608756
2015	04	08	1.40948181023	0.08394050491909529	2.166940554254083
2015	04	09	6.9289175414	3.4247726006990877	2.684441957688368
2015	04	10	7.35182717997	3.156162984957983	2.7206876927737076
2015	04	11	0.24840389023999998	0.8561931501747719	3.496671652851652
2015	04	12	0.0031197301731	0.36933822164401925	3.5685961400001567
2015	04	13	0.00290350431103	0.28539771672492403	4.42861819875877
2015	04	14	0.38903961092399997	0.23503341377346684	3.2846738920768943
2015	04	15	9.957690992399998	0.20145721180582868	2.7029293535382526
2015	04	16	0.069635726028	0.5372192314822098	3.1431105865869697
2015	04	17	0.03324531296029999	1.0912265639482388	3.4263275146314447
2015	04	18	0.0259681088604	0.33576201967638114	3.448749711952506
2015	04	19	0.0	0.25182151475728587	3.547627101137118
2015	04	20	0.0	0.21824531278964773	4.250285987063824
2015	04	21	0.28883650375000003	0.18466911082200962	3.8216278386398916
2015	04	22	0.5821321605349999	0.16788100983819057	3.4520820546601954
2015	04	23	0.00023721139049399999	0.16788100983819057	4.662095445959071
2015	04	24	0.67706593632	0.15109290885437152	3.2553284160392435
2015	04	25	2.3201815053299994	0.15109290885437152	3.0218612337586204
2015	04	26	20.691249565	0.15109290885437152	2.539738135621245
2015	04	27	0.66441423741	0.13430480787055246	3.0396405818995977
2015	04	28	0.0	0.13430480787055246	3.9939327951626575
2015	04	29	0.00171238130192	0.13430480787055246	3.8185760356291505
2015	04	30	0.007566406651	0.13430480787055246	4.265250522639943
2015	05	01	0.00096843101973	0.13430480787055246	4.8411521487522355
2015	05	02	0.009720102568299999	0.13430480787055246	5.054787631540938
2015	05	03	0.43750104995	0.13430480787055246	3.957269491672613
2015	05	04	1.43746204414	0.13430480787055246	3.301801573862971
2015	05	05	0.356035853432	0.10072860590291434	3.273683480412932
2015	05	06	0.00166590112198	0.08394050491909529	4.95565228338686
2015	05	07	0.000824304048704	0.08394050491909529	5.220514476022199
2015	05	08	0.32307886489599996	0.08394050491909529	4.0858372385197015
2015	05	09	0.0	0.06715240393527623	5.730080891681545
2015	05	10	0.000824304048704	0.05036430295145717	6.264202129263903
2015	05	11	0.0025079340092	0.033576201967638115	6.2383379343050835
2015	05	12	0.0	0.033576201967638115	7.24304752121303
2015	05	13	0.000824304048704	0.033576201967638115	7.583433266212189
2015	05	14	0.0008300686029899999	0.033576201967638115	5.3773636416136315
2015	05	15	0.0008243041067299999	0.016788100983819058	5.35299249105313
2015	05	16	0.0008243041067299999	0.016788100983819058	6.083395242443197
2015	05	17	0.0	0.016788100983819058	6.804481958938905
2015	05	18	0.0	0.016788100983819058	5.851990775092258
2015	05	19	0.00448537334033	0.016788100983819058	4.957087007137921
2015	05	20	0.0016572540874600001	0.0	5.320442991309815
2015	05	21	0.0	0.0	5.662624455661116
2015	05	22	0.0	0.0	5.606161369971127
2015	05	23	0.00165437270972	0.0	5.617242765867198
2015	05	24	1.07373312297	0.016788100983819058	5.201712693127474
2015	05	25	0.0264284320197	0.016788100983819058	5.437841379135568
2015	05	26	0.0	0.016788100983819058	6.395486281870072
2015	05	27	0.14072906517599998	0.016788100983819058	6.610667595796063
2015	05	28	0.050243771444599995	0.016788100983819058	6.654391198607513
2015	05	29	0.91612145112	0.016788100983819058	6.037317558170228
2015	05	30	0.00166301868043	0.016788100983819058	6.4779654182370665
2015	05	31	0.0	0.0	5.7901894479365374
2015	06	01	0.00283038652211	0.0	6.046208268731383
2015	06	02	0.00083295075441	0.0	6.814683095803367
2015	06	03	0.0008300686029899999	0.0	7.200307202590307
2015	06	04	0.0	0.0	6.948205427009875
2015	06	05	0.000824304048704	0.0	6.674601112329276
2015	06	06	0.009740338168700001	0.0	7.015814115421607
2015	06	07	0.0975238291565	0.0	6.334457420135159
2015	06	08	0.1119046158275	0.0	6.408485563399687
2015	06	09	1.9709930293699998	0.0	6.2705644364340465
2015	06	10	0.7316301535149999	0.0	5.51215021792341
2015	06	11	1.74914280383	0.0	4.2721170112761175
2015	06	12	5.7156231845300004e-05	0.0	4.434678258637069
2015	06	13	0.23265853513999998	0.0	3.710851862930336
2015	06	14	6.8649187318	0.0	3.2331163169183226
2015	06	15	0.28029082130999994	0.0	4.308627625344229
2015	06	16	0.0	0.0	5.882265866014031
2015	06	17	0.0008300686029899999	0.0	6.832183228711104
2015	06	18	0.000824304048704	0.0	6.55394587924681
2015	06	19	0.00123933748948	0.0	7.452134368905562
2015	06	20	0.00171231863384	0.0	7.372471495426471
2015	06	21	0.0	0.0	6.438981890766856
2015	06	22	0.000306066434718	0.0	5.401728291539349
2015	06	23	0.000393118780698	0.0	5.033602626038638
2015	06	24	0.0	0.0	5.615119374314203
2015	06	25	0.0008243041067299999	0.0	7.03996388921033
2015	06	26	0.0	0.0	7.821725986629111
2015	06	27	0.0	0.0	8.375527191805931
2015	06	28	0.0	0.0	8.268917067648918
2015	06	29	0.0	0.0	7.06608070370253
2015	06	30	0.0015624588487499998	0.0	6.610604251942535
2015	07	01	0.0	0.0	5.19817034011874
2015	07	02	0.00092872489174	0.0	5.867276093772389
2015	07	03	0.0008243041067299999	0.0	6.347135139182987
2015	07	04	0.00042079855598	0.0	6.971011444741281
2015	07	05	0.0016685592930399998	0.0	6.96143454311785
2015	07	06	0.000827763935993	0.0	7.617594991818724
2015	07	07	0.000824304048704	0.0	7.756044848455632
2015	07	08	0.00042079855598	0.0	6.988364210290312
2015	07	09	0.0009684887556	0.0	6.688504328886007
2015	07	10	0.0127721666886	0.0	5.769699493641495
2015	07	11	0.0025017339311000004	0.0	6.793262414810044
2015	07	12	0.0008243041067299999	0.0	6.830278797744723
2015	07	13	0.00124798462071	0.0	7.173847346900502
2015	07	14	0.00213400508433	0.0	7.38986088768631
2015	07	15	0.038989806690999995	0.0	7.656122280153049
2015	07	16	0.089427301805	0.0	7.232890842376549
2015	07	17	3.19292929513	0.0	6.4543113690180345
2015	07	18	0.0033099394010999996	0.0	5.84226364376572
2015	07	19	0.0	0.0	6.053478788977066
2015	07	20	0.00084898546583	0.0	6.230187329373932
2015	07	21	0.0066898813686	0.0	6.190577522350813
2015	07	22	0.00165437261301	0.0	6.781857812963958
2015	07	23	0.0	0.0	6.802415554591367
2015	07	24	0.0551054866243	0.0	5.248946338426573
2015	07	25	0.0016790972981899999	0.0	6.277670510635497
2015	07	26	0.0	0.0	7.122806325666771
2015	07	27	0.0	0.0	6.405522774365197
2015	07	28	0.00083472547962	0.0	7.149943609516121
2015	07	29	0.00164629462013	0.0	6.195131116656699
2015	07	30	0.15518688136199998	0.0	5.365962408624124
2015	07	31	0.66632687108	0.0	4.402178123322076
2015	08	01	0.0	0.0	6.235001112908112
2015	08	02	0.00207381867964	0.0	6.5595262588127605
2015	08	03	0.09703281797999999	0.0	5.568263145267367
2015	08	04	0.0012483285214700001	0.0	5.665525295716098
2015	08	05	0.0	0.0	6.393584451703544
2015	08	06	0.001352083168	0.0	6.809572442513258
2015	08	07	0.018304220463599998	0.0	6.261766781599656
2015	08	08	0.0	0.0	6.358247763671286
2015	08	09	0.08627684783200001	0.0	5.168293254024525
2015	08	10	0.0008248720845599999	0.0	6.390858774535817
2015	08	11	0.0021442492845	0.0	5.005421387417962
2015	08	12	0.0034988087120499996	0.0	5.2414940498283356
2015	08	13	0.0009591326143469999	0.0	4.5135316257406
2015	08	14	0.000827186287163	0.0	4.7363938782477435
2015	08	15	0.00023622675697099999	0.0	4.576648881662279
2015	08	16	0.17693839167	0.0	3.9554699884927405
2015	08	17	0.0014665529924	0.0	4.694653735905313
2015	08	18	0.00127635952813	0.0	5.4645144044574865
2015	08	19	0.0	0.0	6.0921097207831085
2015	08	20	0.0016572539907499999	0.0	5.8828862996074305
2015	08	21	0.0090650035348	0.0	5.068186512099176
2015	08	22	0.0100895183276	0.0	4.592249950297974
2015	08	23	0.026659030245	0.0	3.6990429439241894
2015	08	24	0.217010847469	0.0	3.425688246994573
2015	08	25	0.0016659012186900002	0.0	5.258582068578101
2015	08	26	0.000412434939786	0.0	5.246860103330816
2015	08	27	0.003916433922799999	0.0	4.93837150204225
2015	08	28	0.0006434605652599999	0.0	5.758720567000301
2015	08	29	0.24040226924699998	0.0	5.68352052656754
2015	08	30	0.0024017260233900003	0.0	5.176922703840659
2015	08	31	0.074155835376	0.0	4.304693222194674
2015	09	01	0.0044234312623000005	0.0	4.297290860095673
2015	09	02	0.0088394758148	0.0	3.6777616570500427
2015	09	03	0.0085512896858	0.0	3.7598323365026136
2015	09	04	0.00186666092743	0.0	3.6098285803182497
2015	09	05	0.00151663378235	0.0	4.072471680476687
2015	09	06	0.0	0.0	4.742634478670291
2015	09	07	0.00166457532459	0.0	4.9037230144575465
2015	09	08	0.0012532576367499998	0.0	4.919687505114605
2015	09	09	0.0	0.0	4.64630886714235
2015	09	10	0.022889284116	0.0	3.8840365388290734
2015	09	11	0.0016577769984299998	0.0	4.237995012922298
2015	09	12	0.6443534886900001	0.0	3.723216626388076
2015	09	13	0.03519745750080001	0.0	3.3839006671702516
2015	09	14	0.047443134949399994	0.0	3.1555845011874135
2015	09	15	0.07426672306200001	0.0	3.2386928678521376
2015	09	16	3.76261444347	0.0	2.5626027496064223
2015	09	17	2.46813184818e-05	0.0	3.49243588112705
2015	09	18	0.0016545307338599999	0.0	4.078478975275602
2015	09	19	0.0008243041067299999	0.0	4.54546689610805
2015	09	20	0.0	0.0	4.490829135359835
2015	09	21	0.00123354910585	0.0	4.3883280798985345
2015	09	22	0.00166136600324	0.0	3.7600448496676133
2015	09	23	0.0	0.0	4.031937888459341
2015	09	24	0.00170898900525	0.0	4.254396661776743
2015	09	25	0.0071329533981	0.0	3.967524579986051
2015	09	26	0.0542178338893	0.0	4.128121871401622
2015	09	27	0.00250117233613	0.0	4.377751338576379
2015	09	28	2.3895793441	0.0	4.001356131094288
2015	09	29	1.5951548556800001	0.0	3.432985380262551
2015	09	30	0.0372276460442	0.0	3.5552973719686283
2015	10	01	0.0	0.0	3.656561569790119
2015	10	02	0.0	0.0	3.7428137803307497
2015	10	03	0.322446004327	0.0	2.9574759545943072
2015	10	04	3.87918635643	0.0	2.9235687627130895
2015	10	05	4.197172898250001	0.0	2.292678212959235
2015	10	06	0.38302304971999995	0.0	2.4626974529485537
2015	10	07	0.00042079855598	0.0	2.512237551477615
2015	10	08	0.00041215205336499997	0.0	2.935278602904758
2015	10	09	0.52775372325	0.0	3.082717234568809
2015	10	10	4.970768277	0.0	1.9385221329723235
2015	10	11	1.72915052579	0.0	2.0169930193823222
2015	10	12	6.55851659733	0.0	1.6741156638236752
2015	10	13	4.191893499349999	0.0	2.074735387665901
2015	10	14	0.159010059766	0.0	2.534018457056326
2015	10	15	0.386904486228	0.0	2.6487436573960506
2015	10	16	0.160394144273	0.0	2.5117724256534557
2015	10	17	11.006097023599999	0.0	1.449390068594335
2015	10	18	12.8101882251	0.0	1.7033833903615594
2015	10	19	8.3316399996	0.0	1.815178090669359
2015	10	20	2.20996111833	0.0	1.653163112268019
2015	10	21	0.1031628055075	0.0	2.4122175757148585
2015	10	22	0.00042079855598	0.0	2.5401381817726416
2015	10	23	1.00710109349	0.0	2.333270729983172
2015	10	24	14.258133246399998	0.0	1.1112338442939174
2015	10	25	3.6346465142400004	0.0	2.043553042448405
2015	10	26	9.782777417999998	0.0	1.60157479784515
2015	10	27	0.66228874503	0.0	1.441726222365041
2015	10	28	0.40930892442999994	0.0	1.6683498754270691
2015	10	29	0.016195129132500003	0.0	2.0064507947280172
2015	10	30	0.0408411900496	0.0	2.100293852687886
2015	10	31	4.7763473285	0.0	1.2407534614556166
2015	11	01	42.21165972279999	0.0	1.2212761675692785
2015	11	02	2.2350609416	0.0	1.3821378133853988
2015	11	03	1.72505485729	0.0	1.5349508562996868
2015	11	04	2.6388704518800004	0.0	1.551069274593246
2015	11	05	0.11738392880399999	0.0	1.8144255433699916
2015	11	06	0.00089346635994	0.0	2.1536421602763376
2015	11	07	0.0	0.0	2.256667392921339
2015	11	08	0.0	0.0	1.749546136586312
2015	11	09	0.0	0.0	2.1293285125847126
2015	11	10	0.00042079855598	0.0	2.124862387384294
2015	11	11	0.00168574514359	0.0	2.0297996264179035
2015	11	12	0.00124510217916	0.0	2.038932719946994
2015	11	13	0.013486747207599998	0.0	1.8094943248052533
2015	11	14	0.0016598056841	0.0	1.8954022549993632
2015	11	15	0.0	0.0	1.8353671949933588
2015	11	16	0.00111877290417	0.0	1.7887307836008914
2015	11	17	0.000830068477267	0.0	1.6657858108088186
2015	11	18	0.0	0.0	1.7949172362102297
2015	11	19	0.00041215205336499997	0.0	1.684435320470372
2015	11	20	0.0	0.0	1.8082719851846298
2015	11	21	0.25642853788399994	0.0	1.3578323229600777
2015	11	22	0.0523310246906	0.0	1.2286424745909352
2015	11	23	0.0	0.0	1.2446834564451104
2015	11	24	0.00041215205336499997	0.0	1.4139996876647207
2015	11	25	0.0	0.0	1.5127621268089575
2015	11	26	0.00415322419927	0.0	1.4554496263092918
2015	11	27	0.0020865414604	0.0	1.525236563632133
2015	11	28	0.00127554842136	0.0	1.4081122850556749
2015	11	29	0.0016514488762899998	0.0	1.608694085687704
2015	11	30	0.00166301868043	0.0	1.5376856252116766
2015	12	01	2.46813184818e-05	0.0	1.4935924031756325
2015	12	02	0.015505149703300003	0.0	1.6082887591991941
2015	12	03	0.0	0.0	1.7218799394675743
2015	12	04	0.0008243041067299999	0.0	1.6259034546981144
2015	12	05	0.0	0.0	1.5494642618502112
2015	12	06	0.0016504232667400001	0.0	1.4614678869755446
2015	12	07	0.425534473693	0.0	0.9703251857205824
2015	12	08	0.0	0.0	1.3426173359988645
2015	12	09	0.0072179614881	0.0	1.2072917626743163
2015	12	10	0.00168481837166	0.0	1.3943116115492367
2015	12	11	0.19612430173	0.0	1.2365875081976876
2015	12	12	0.8736773953329999	0.0	1.0374075536604772
2015	12	13	1.1930162040699999	0.0	1.0428524498372957
2015	12	14	2.72948056534	0.0	0.901062445338077
2015	12	15	0.00164860772991	0.0	1.3772829691328734
2015	12	16	0.0016479534867599999	0.0	1.4756739706942383
2015	12	17	0.0	0.0	1.4796055349562796
2015	12	18	0.00277466270366	0.0	1.3726408204979421
2015	12	19	4.93626369636e-05	0.0	1.4323569578602982
2015	12	20	3.5850290619	0.0	1.001526011525381
2015	12	21	0.0038983207200599997	0.0	1.249074893245018
2015	12	22	0.000465956922982	0.0	1.4401189835749937
2015	12	23	0.0127936459796	0.0	1.0770638562128843
2015	12	24	0.0901960051084	0.0	1.1376394104790557
2015	12	25	0.0014229333008400002	0.0	1.3561514390246432
2015	12	26	0.000824304048704	0.0	1.1457535099828775
2015	12	27	0.00263522245397	0.0	1.2415381652676605
2015	12	28	7.15297004706	0.0	0.9935881905288476
2015	12	29	0.000705708005115	0.0	1.17714040536099
2015	12	30	1.27592810482	0.0	1.4197537821334285
2015	12	31	1.63643049026	0.0	0.8331830772049096
2016	01	01	2.31677663636	0.0	1.0256576063346705
2016	01	02	0.176562276809	0.0	1.0370422817945795
2016	01	03	0.5177210858760001	0.0	1.2551430790067548
2016	01	04	4.5969077260999995	0.0	1.0094102123568394
2016	01	05	1.2156400579200002	0.0	0.8119379049459101
2016	01	06	0.0709388197784	0.0	1.2021231188977572
2016	01	07	0.33061309613	0.0	0.9016937688734854
2016	01	08	9.547075806	0.0	0.7224188751675646
2016	01	09	1.21369512311	0.0	1.1794696045812227
2016	01	10	0.343707011186	0.0	0.9080020552357781
2016	01	11	6.674542679049999	0.0	1.2127960876704456
2016	01	12	0.00130627367191	0.0	1.150302803698578
2016	01	13	0.0012262799954100001	0.0	1.433270428216075
2016	01	14	0.054899356029	0.0	1.3731581247988696
2016	01	15	0.00215526668112	0.0	1.136287244151172
2016	01	16	0.0	0.0	1.3083753622918004
2016	01	17	0.410719004585	0.0	1.3753191499516533
2016	01	18	0.13221775346999998	0.0	1.3361539820505988
2016	01	19	3.2193027891	0.0	1.2275001366564706
2016	01	20	0.99341072918	0.0	1.1674804834435644
2016	01	21	0.8386598358399999	0.0	1.1909013008091467
2016	01	22	0.30899019078	0.0	1.0245487850007886
2016	01	23	0.00164860772991	0.0	1.5506008598706962
2016	01	24	0.0008243041067299999	0.0	1.4754875745498002
2016	01	25	6.4687278419	0.0	1.3774858888580797
2016	01	26	0.0039932593797000005	0.0	1.0846903478195882
2016	01	27	0.000824304048704	0.0	1.4218821996086564
2016	01	28	1.81740932902	0.0	1.1013114485177609
2016	01	29	0.00411129142024	0.0	1.3070735476758506
2016	01	30	0.0008243041067299999	0.0	1.596882678913301
2016	01	31	0.0	0.0	1.6222744563415228
2016	02	01	0.0016644251339599998	0.0	1.7627212351017956
2016	02	02	0.0067852055143	0.0	1.2470398150351738
2016	02	03	0.0024903014551600003	0.0	1.6222387294658553
2016	02	04	0.0008382120201849999	0.0	1.66994686217262
2016	02	05	0.0015011993499	0.0	1.616471369628579
2016	02	06	1.59915226682	0.0	1.3913101481641985
2016	02	07	0.602474615814	0.0	1.31691994195814
2016	02	08	0.0190424262685	0.0	1.5050161516367289
2016	02	09	0.6648389877299999	0.0	1.555139084042943
2016	02	10	1.12762090207	0.0	1.0086659873145807
2016	02	11	1.11065651742	0.0	1.3591112478407485
2016	02	12	4.1711670957	0.0	1.266692903027431
2016	02	13	1.2260207159	0.0	0.950658370167127
2016	02	14	3.3336706811599996	0.0	1.4524564733108867
2016	02	15	0.33852387742	0.0	1.2876472033936381
2016	02	16	0.00081853980389	0.0	1.4985357873677403
2016	02	17	2.32196203314	0.0	1.7795733718622848
2016	02	18	0.034351662788	0.0	1.4759754115797439
2016	02	19	0.0008243041067299999	0.0	1.8287310776038341
2016	02	20	0.034775204233	0.0	2.111050934118692
2016	02	21	0.84840153085	0.0	2.2234683309888825
2016	02	22	0.15452062683	0.0	2.257904196042423
2016	02	23	0.0	0.0	2.094721744988686
2016	02	24	0.88551379993	0.0	1.8444870679572476
2016	02	25	0.344779795874	0.0	1.538888898681736
2016	02	26	8.6257795962	0.0	1.5224955214915337
2016	02	27	0.242490189792	0.0	1.283572534530347
2016	02	28	0.0043881524214	0.0	1.7447109358079824
2016	02	29	0.0008243041067299999	0.0	2.0971898664628736
2016	03	01	0.0016612814787	0.0	2.564713369966168
2016	03	02	0.0	0.0	2.4419881191604413
2016	03	03	0.000421438737496	0.0	2.260231102385678
2016	03	04	0.14680605078799996	0.0	2.0806828023243416
2016	03	05	0.24501109067800003	0.0	1.6762261114614863
2016	03	06	0.04800771439	0.0	1.9498064304187208
2016	03	07	0.7932609704100001	0.0	1.8837177545858912
2016	03	08	0.0025020252216200003	0.0	2.2870379364761035
2016	03	09	0.107174031671	0.0	2.3481707493619557
2016	03	10	0.0016543725162999998	0.0	2.2651337090176784
2016	03	11	0.00248687192514	0.0	2.538114019675106
2016	03	12	0.0020694066727300004	0.0	2.7363870570184914
2016	03	13	0.0008300686029899999	0.0	2.770970851656304
2016	03	14	0.00217156270296	0.0	2.7427066251683434
2016	03	15	0.31498330948	0.0	2.5552329037117585
2016	03	16	0.034934495274	0.0	2.345271168898884
2016	03	17	0.00244532327823	0.0	2.696867724608373
2016	03	18	1.52685960762	0.0	2.554952091480259
2016	03	19	2.93982510547	0.0	2.1185401074780668
2016	03	20	7.12315899614	0.0	2.2025659707290464
2016	03	21	2.85612540506	0.0	2.4228374033647615
2016	03	22	0.41319600880199997	0.0	2.6073638229510174
2016	03	23	0.40812074537	0.0	2.2309971756292892
2016	03	24	0.00166029561696	0.0	3.2479059604536973
2016	03	25	0.0008427048282999999	0.0	2.965187376740996
2016	03	26	0.6321397410149999	0.0	2.822825270028759
2016	03	27	0.210313331813	0.0	2.509950008345646
2016	03	28	0.005946833294	0.0	3.0368266670164967
2016	03	29	0.0277989693899	0.0	3.371175807617133
2016	03	30	0.0268085661483	0.0	3.0931028638866382
2016	03	31	0.000236226727958	0.0	2.526830398730983
2016	04	01	0.0008243041067299999	0.0	3.252868085698259
2016	04	02	0.0519967949306	0.0	3.1781121742906504
2016	04	03	2.27033262596	0.0	2.283139164764032
2016	04	04	11.1967075981	0.0	1.701048331705582
2016	04	05	0.00183979498614	0.0	2.897875919573541
2016	04	06	0.00164860782662	0.0	3.7427700995068904
2016	04	07	0.000824304048704	0.0	4.088912145566121
2016	04	08	0.0016824150314500002	0.0	3.0934475559372605
2016	04	09	0.125594259648	0.0	3.256516612931832
2016	04	10	2.36396163878	0.0	2.0581615456643063
2016	04	11	5.310659440399999	0.0	2.5118393853886607
2016	04	12	2.2791260794199997	0.0	2.660667619656507
2016	04	13	0.84908498042	0.0	3.165637654129506
2016	04	14	0.0389340088894	0.0	3.2569337871336588
2016	04	15	4.28538586094	0.0	2.8753956807465753
2016	04	16	8.636561794099999	0.0	2.606329820565192
2016	04	17	0.0171078075142	0.0	3.233434834076516
2016	04	18	0.1050071512794	0.0	4.2259632700359795
2016	04	19	8.760968571000001	0.0	2.9521487911998627
2016	04	20	3.95542526718	0.0	2.9404619295605605
2016	04	21	1.33638084885	0.0	3.1638632442668917
2016	04	22	0.90518161592	0.0	3.342954433147221
2016	04	23	2.07876423562	0.0	2.424819582979939
2016	04	24	0.0	0.0	4.392527747949944
2016	04	25	0.0	0.0	4.838011459748544
2016	04	26	0.00331730705903	0.0	4.5142881485263375
2016	04	27	0.00164199702115	0.0	3.801944717118062
2016	04	28	0.00196498027854	0.0	3.7255190163096983
2016	04	29	1.02187664071	0.0	4.028090784365815
2016	04	30	0.00522299724116	0.0	4.6187226025853665
2016	05	01	0.000824304048704	0.0	4.772290512477031
2016	05	02	0.000824304048704	0.0	5.024293382827715
2016	05	03	0.0	0.0	5.925981617247874
2016	05	04	1.2053621059600002	0.0	4.174063763556212
2016	05	05	16.73924377	0.0	2.685497689437977
2016	05	06	3.61384206562	0.0	2.9469420110385594
2016	05	07	19.0989987172	0.0	2.73083430329085
2016	05	08	11.0455982231	0.0	2.59730641861576
2016	05	09	4.954265682599999	0.0	2.5938690933457633
2016	05	10	15.1429223983	0.0	2.729921657523673
2016	05	11	8.243918227	0.0	2.762472364815425
2016	05	12	10.4702830054	0.0	2.699314968590612
2016	05	13	0.693411821836	0.0	3.2950800266423634
2016	05	14	0.346179798847	0.11751670688673342	3.3379336823934413
2016	05	15	0.00136555458087	0.15109290885437152	4.404675943142532
2016	05	16	0.0009391559356299999	0.13430480787055246	5.065777040064387
2016	05	17	0.25396510208	0.11751670688673342	4.497573472963516
2016	05	18	0.00242967879166	0.10072860590291434	4.712517336720589
2016	05	19	0.000824304048704	0.08394050491909529	5.243954782892197
2016	05	20	0.0032371041987999997	0.08394050491909529	5.868414536238598
2016	05	21	0.0067487990348	0.10072860590291434	4.998353971359429
2016	05	22	0.5715305685600001	0.08394050491909529	4.015560739197369
2016	05	23	0.000222379016478	0.06715240393527623	5.683825476967058
2016	05	24	0.33875342827599997	0.05036430295145717	4.004511764438894
2016	05	25	0.701523092627	0.033576201967638115	3.432093792121785
2016	05	26	0.060529396376	0.033576201967638115	4.049226889144968
2016	05	27	0.305529636192	0.016788100983819058	4.4035396567479
2016	05	28	3.3404868986699996	0.016788100983819058	3.4380683096126408
2016	05	29	0.47707009151499996	0.0	3.4332233869426534
2016	05	30	0.0171586208824	0.0	4.360450732076337
2016	05	31	0.0016601364323	0.0	5.74036564626384
2016	06	01	0.0008243041067299999	0.0	6.2975519136715565
2016	06	02	0.0008489855045139999	0.0	5.957706313648666
2016	06	03	0.00242328055477	0.0	4.29633632054674
2016	06	04	0.0030471886790699996	0.0	4.831689271373449
2016	06	05	0.010862612265000002	0.0	4.777585923806661
2016	06	06	0.0008300686029899999	0.0	5.662180875585792
2016	06	07	0.000824304048704	0.0	6.960362046414386
2016	06	08	0.0	0.0	7.21243332363304
2016	06	09	0.0	0.0	6.043998591061156
2016	06	10	0.0983940063945	0.0	4.515038687752412
2016	06	11	0.0008300686029899999	0.0	5.5285991394188505
2016	06	12	0.000833192181254	0.0	6.367283484864528
2016	06	13	0.004555265367200001	0.0	5.360280791365321
2016	06	14	0.098874360129	0.0	5.018695921673095
2016	06	15	0.638295032714	0.0	3.5580982053481516
2016	06	16	0.09528171902299999	0.0	4.080346478297858
2016	06	17	0.0024873233674199994	0.0	5.319579666192395
2016	06	18	0.00249938029983	0.0	5.985249885326792
2016	06	19	0.0	0.0	6.784244527027415
2016	06	20	0.0	0.0	7.220304168562903
2016	06	21	0.000832950715726	0.0	6.826543396967127
2016	06	22	0.00042079855598	0.0	6.308984160525242
2016	06	23	0.00171447913524	0.0	6.656860251952019
2016	06	24	0.0015570457966299998	0.0	6.09748684346508
2016	06	25	0.0044730998742299995	0.0	5.845005393612851
2016	06	26	0.000925199580136	0.0	6.3286284378734505
2016	06	27	0.0	0.0	6.991428582121802
2016	06	28	0.33109954743	0.0	7.280654874738377
2016	06	29	0.0024838841663999997	0.0	6.35581569351771
2016	06	30	0.0008300686029899999	0.0	6.057761945192768
2016	07	01	0.00155871298032	0.0	5.93085219516282
2016	07	02	2.46813184818e-05	0.0	7.355392984135221
2016	07	03	1.50508061233	0.0	7.832687363883614
2016	07	04	0.00196441936054	0.0	6.037828729126304
2016	07	05	0.0334528342454	0.0	6.197450475977268
2016	07	06	0.0234901849313	0.0	5.390579805267075
2016	07	07	0.79499981621	0.0	5.900542024764698
2016	07	08	0.0012385758982300002	0.0	6.943564256009395
2016	07	09	0.0	0.0	7.885780915150346
2016	07	10	0.0	0.0	6.685445520109876
2016	07	11	0.000824304048704	0.0	6.5180102133605535
2016	07	12	0.00084756566632	0.0	6.222353158172637
2016	07	13	0.0	0.0	7.102528966464633
2016	07	14	0.0008243041067299999	0.0	6.967301610333498
2016	07	15	0.0	0.0	7.22831860319257
2016	07	16	0.0	0.0	7.288033806994879
2016	07	17	0.00206364178963	0.0	7.160135419774767
2016	07	18	0.0008243041067299999	0.0	6.413418151869846
2016	07	19	0.0253312580368	0.0	7.322228837838916
2016	07	20	0.077835999032	0.0	6.4444129380392265
2016	07	21	0.0	0.0	6.580610920562823
2016	07	22	0.00159708586425	0.0	5.92803947575431
2016	07	23	0.00166013633559	0.0	7.322353135696767
2016	07	24	0.0	0.0	7.093293526244411
2016	07	25	0.0008341491847299999	0.0	7.335716178651833
2016	07	26	0.0008243041067299999	0.0	7.2259000254500245
2016	07	27	0.0218031901978	0.0	6.452195278522355
2016	07	28	0.0	0.0	6.983085313481939
2016	07	29	0.00129982234123	0.0	6.4603517902399625
2016	07	30	0.031094334594	0.0	5.3468162713150775
2016	07	31	0.004242367898999999	0.0	5.965907233280724
2016	08	01	0.00164805899737	0.0	6.309072895471024
2016	08	02	0.0008300686029899999	0.0	6.8138381299414625
2016	08	03	0.0012482159510300002	0.0	6.342026206679357
2016	08	04	0.0480224191455	0.0	6.0344893040266365
2016	08	05	0.0021693162263699997	0.0	6.702566552381752
2016	08	06	0.0016601364323	0.0	6.858252724193486
2016	08	07	0.0	0.0	6.839645202112285
2016	08	08	0.000832802623703	0.0	6.973845299628744
2016	08	09	0.00042079851729600004	0.0	6.243326731222973
2016	08	10	0.00124510246929	0.0	6.107874469807802
2016	08	11	0.0	0.0	6.3522962919341746
2016	08	12	0.00165437261301	0.0	6.267042131520986
2016	08	13	0.0008300686029899999	0.0	6.3486475950020935
2016	08	14	0.0008385262793299999	0.0	6.064550862293883
2016	08	15	0.00125051174972	0.0	6.056018102395754
2016	08	16	0.0016577792227599997	0.0	5.44370572986402
2016	08	17	0.00168193525314	0.0	5.2055046144636705
2016	08	18	0.0	0.0	5.471406923002558
2016	08	19	0.0229472956095	0.0	5.109918350381221
2016	08	20	0.00137024646652	0.0	4.901794443647794
2016	08	21	0.0008300686029899999	0.0	6.432810361073177
2016	08	22	0.00126211424184	0.0	6.397315005560734
2016	08	23	0.0014199156587099998	0.0	6.376216273730965
2016	08	24	0.0009414496067	0.0	5.761944118155183
2016	08	25	0.00087174016831	0.0	5.812896643254874
2016	08	26	0.000824304048704	0.0	5.867963106384256
2016	08	27	0.0008300686029899999	0.0	5.661564834497055
2016	08	28	0.000827186287163	0.0	5.420125694941369
2016	08	29	0.00042656295552999997	0.0	5.230789329636927
2016	08	30	0.00180557918156	0.0	5.038362825760495
2016	08	31	0.000846812053645	0.0	5.095343181987265
2016	09	01	0.0038587889602	0.0	5.474562375583931
2016	09	02	0.000824304048704	0.0	5.557626710186559
2016	09	03	0.00042953949590999996	0.0	5.975259434518965
2016	09	04	0.0008300686029899999	0.0	6.080800350563948
2016	09	05	0.268239149924	0.0	6.430479625479651
2016	09	06	0.0	0.0	6.62030775169346
2016	09	07	0.00082117756914	0.0	4.9680213120947805
2016	09	08	0.00123933758619	0.0	4.019808653482114
2016	09	09	0.0012400808992499997	0.0	4.286263151133878
2016	09	10	2.46813184818e-05	0.0	4.572998904465048
2016	09	11	0.0016786776734999999	0.0	5.115870105265302
2016	09	12	0.004701111397159999	0.0	4.406164743883137
2016	09	13	6.8717532275	0.0	2.909732073822851
2016	09	14	0.034491389396	0.0	2.8124582124494477
2016	09	15	0.0140836393934	0.0	3.2295547024495734
2016	09	16	0.0008243041067299999	0.0	3.804684310013694
2016	09	17	0.00166434438111	0.0	4.718178440170599
2016	09	18	0.0	0.0	4.793369222523472
2016	09	19	0.0033145089486	0.0	4.6392394388666975
2016	09	20	0.000423150407786	0.0	4.1147033428579585
2016	09	21	0.00227451455978	0.0	3.7177984710024785
2016	09	22	0.0022512310470199997	0.0	3.3827722242822187
2016	09	23	0.0	0.0	3.9836230070379006
2016	09	24	0.00124736635368	0.0	4.247203069604039
2016	09	25	0.0188263635562	0.0	3.6262285478736063
2016	09	26	0.0	0.0	4.032065806205156
2016	09	27	0.0	0.0	4.454257587861802
2016	09	28	0.0008243041067299999	0.0	4.412576082614581
2016	09	29	0.0	0.0	3.828335183274964
2016	09	30	0.0	0.0	3.671670935139934
2016	10	01	0.0	0.0	3.4910053141064203
2016	10	02	0.000824304048704	0.0	3.111194777610901
2016	10	03	0.0012510799209700001	0.0	3.78769676027393
2016	10	04	0.0	0.0	3.946592872241818
2016	10	05	0.00166301877714	0.0	4.052280443598149
2016	10	06	0.0016716648445599998	0.0	3.7969909354314333
2016	10	07	0.00241762756514	0.0	3.5482088208419924
2016	10	08	0.00166013633559	0.0	3.565001141294116
2016	10	09	0.0039898906802699995	0.0	2.6115463836702264
2016	10	10	0.0020084316947	0.0	2.7165869437515244
2016	10	11	2.51846843608	0.0	2.1786658263501395
2016	10	12	16.921921223200002	0.0	1.5955645406354235
2016	10	13	0.348957000575	0.0	2.101072753509311
2016	10	14	0.00422130600836	0.0	1.9927056025573129
2016	10	15	0.00165382010878	0.0	2.628378583452203
2016	10	16	0.22024260553900002	0.0	2.435773825376839
2016	10	17	1.1076815244	0.0	2.7196898535758103
2016	10	18	0.00039469468949	0.0	2.9101669481310006
2016	10	19	0.0122673578964	0.0	2.868828851150931
2016	10	20	0.00248784859943	0.0	2.2864879320504463
2016	10	21	4.53457745413	0.0	1.8551184413732562
2016	10	22	6.6509701000999994	0.0	1.5783722245992182
2016	10	23	4.4487557428999995	0.0	1.724282903762235
2016	10	24	8.5858731818	0.0	1.4454252389396696
2016	10	25	3.0587887534399996	0.0	1.5384614386882742
2016	10	26	0.172875275756	0.0	2.613351583175215
2016	10	27	0.000824304048704	0.0	2.7205906367306
2016	10	28	0.0008312446933000001	0.0	2.6537233054006957
2016	10	29	0.00042079855598	0.0	2.2923108908681216
2016	10	30	0.00289949693876	0.0	2.4936798568096683
2016	10	31	0.0171496104117	0.0	2.3013560232741583
2016	11	01	0.276039227277	0.0	1.9540877183325667
2016	11	02	0.24513308067200001	0.0	1.8844239884121012
2016	11	03	0.59745087947	0.0	2.0145991587408476
2016	11	04	5.02202419016	0.0	1.157639547611321
2016	11	05	1.50972346601	0.0	1.727625484063131
2016	11	06	0.000842409234185	0.0	1.5155227153824324
2016	11	07	0.147065397995	0.0	1.3754429124183245
2016	11	08	0.00508643392055	0.0	1.6796278532271083
2016	11	09	0.5929628585	0.0	1.6684485098612396
2016	11	10	0.0024844397653499997	0.0	1.495486075017814
2016	11	11	0.00083583280912	0.0	1.7454311109160394
2016	11	12	0.4199941222	0.0	1.7973312239263903
2016	11	13	0.00126443122002	0.0	1.6800139788967792
2016	11	14	0.0	0.0	1.8367428456517203
2016	11	15	0.00124917734514	0.0	1.6269811576985254
2016	11	16	0.00249540387476	0.0	1.8336572381398852
2016	11	17	0.0	0.0	1.7264114954924163
2016	11	18	0.22213423379699998	0.0	1.6026049092727959
2016	11	19	0.0005123716109100001	0.0	1.4362934615249745
2016	11	20	15.522923067099999	0.0	0.951260194995514
2016	11	21	5.55945036406	0.0	1.295136475604337
2016	11	22	0.015974875008800002	0.0	1.1823298081121798
2016	11	23	3.07155824513e-05	0.0	1.2900350877110696
2016	11	24	1.14450501742	0.0	1.152080535165666
2016	11	25	4.1814222241	0.0	1.0636511402213973
2016	11	26	1.47420739548	0.0	1.2743103081125793
2016	11	27	0.096978679722	0.0	1.0930282702494323
2016	11	28	0.005222250639959999	0.0	1.3521234378461173
2016	11	29	0.08659033329699999	0.0	1.2977581313994555
2016	11	30	0.33097943361	0.0	1.2109104916664315
2016	12	01	4.83517563466	0.0	0.9509452824677987
2016	12	02	6.584931676599999	0.0	1.0350767804467254
2016	12	03	16.8873396614	0.0	0.7087056093173607
2016	12	04	5.0083352765	0.0	0.7542785526917474
2016	12	05	0.0029128070393499997	0.0	1.1084363098164975
2016	12	06	0.0008243041067299999	0.23503341377346684	1.5276976234285793
2016	12	07	0.00124256305811	0.20145721180582868	1.457213807240868
2016	12	08	0.00165883906765	0.20145721180582868	1.1929951773669245
2016	12	09	0.0047999532724	0.13430480787055246	1.2023915144360564
2016	12	10	0.0	0.16788100983819057	1.2107752221526251
2016	12	11	0.0012817759650999999	0.21824531278964773	1.2596048062719445
2016	12	12	0.00081915662027	0.18466911082200962	1.1921054216762157
2016	12	13	0.013579418598	0.11751670688673342	1.4053572210995953
2016	12	14	7.5367151336400005	0.10072860590291434	0.9308089940247193
2016	12	15	8.37576297	0.15109290885437152	1.0780442995435462
2016	12	16	1.8663466199299998	0.16788100983819057	0.7291624404195651
2016	12	17	0.19074647139200002	0.23503341377346684	1.1421342191263866
2016	12	18	0.000835865352035	0.18466911082200962	1.0157445283857462
2016	12	19	0.0123187350839	0.15109290885437152	0.9701346566787998
2016	12	20	0.0	0.18466911082200962	1.1655739004555383
2016	12	21	0.00290523957856	0.23503341377346684	1.241551473906547
2016	12	22	0.00042079855598	0.25182151475728587	1.3297291946032717
2016	12	23	0.000824304048704	0.16788100983819057	1.4015818660071224
2016	12	24	0.00042079855598	0.11751670688673342	1.4053298183964462
2016	12	25	0.000420798604335	0.11751670688673342	1.330843028172404
2016	12	26	0.0	0.08394050491909529	1.377755491332402
2016	12	27	0.00124510217916	0.08394050491909529	1.383154714946098
2016	12	28	0.0008243041067299999	0.08394050491909529	1.4329788322858414
2016	12	29	0.0	0.08394050491909529	1.3109522306228873
2016	12	30	0.0008329506577000001	0.08394050491909529	1.35972269610617
2016	12	31	0.0016601366257200001	0.06715240393527623	1.3257623173877509
2017	01	01	0.118747423752	0.05036430295145717	1.305911619566703
2017	01	02	4.082774639249999	0.0	1.2213647426950134
2017	01	03	9.894487138999999	0.11751670688673342	1.0960290161329411
2017	01	04	0.000508877643017	0.2686096157411049	1.3125440464418192
2017	01	05	0.00166673756677	0.13430480787055246	1.249714430269051
2017	01	06	0.00099874670343	0.11751670688673342	1.3250668094099098
2017	01	07	0.00042079855598	0.18466911082200962	1.3870000346183011
2017	01	08	0.00042079851729600004	0.16788100983819057	1.3000113562674622
2017	01	09	0.00166334691417	0.16788100983819057	1.3788409843830973
2017	01	10	0.0010804584330799999	0.11751670688673342	1.356842731969878
2017	01	11	0.002487323174	0.11751670688673342	1.4522965857748242
2017	01	12	0.020343847903	0.15109290885437152	1.5446918664020486
2017	01	13	0.011647518361799999	0.11751670688673342	1.0575858946426373
2017	01	14	0.00247960329825	0.15109290885437152	1.1089263283321784
2017	01	15	0.00042079855598	0.18466911082200962	1.2670929261732298
2017	01	16	0.0008243041067299999	0.15109290885437152	1.4386170319168412
2017	01	17	0.00042079855598	0.11751670688673342	1.4290911044798336
2017	01	18	0.000420798604335	0.11751670688673342	0.8463775192495684
2017	01	19	0.003117243759	0.11751670688673342	1.0831656552906668
2017	01	20	0.0013084611553999999	0.11751670688673342	1.1863336108949416
2017	01	21	0.0	0.10072860590291434	1.405322654464672
2017	01	22	0.0012393383598699999	0.11751670688673342	1.3174823350669462
2017	01	23	0.0016720079716399999	0.11751670688673342	1.350011300580786
2017	01	24	0.000824304048704	0.13430480787055246	1.4614911718851122
2017	01	25	0.0	0.10072860590291434	1.5119273611831494
2017	01	26	18.539566182799998	0.08394050491909529	1.1496198800591328
2017	01	27	4.2491269609	3.223315388893259	1.0760943523683413
2017	01	28	0.00398505972564	2.048148320025925	1.4493913730042538
2017	01	29	0.0109302647784	0.5204311304983907	1.6102763224074086
2017	01	30	0.00358323248023	0.23503341377346684	1.6006941440179845
2017	01	31	4.0953126071999995	0.15109290885437152	1.2898467286664146
2017	02	01	0.034667362912	0.13430480787055246	1.29935088813832
2017	02	02	2.34594804734	0.10072860590291434	1.3176622456004417
2017	02	03	0.0396819678978	0.15109290885437152	1.2738286210260132
2017	02	04	0.65056314108	0.08394050491909529	1.3079307270865497
2017	02	05	0.317265520415	0.13430480787055246	1.3501597113177122
2017	02	06	0.00042079855598	0.18466911082200962	1.8018223710297498
2017	02	07	1.40697305612	0.15109290885437152	1.4797604420349035
2017	02	08	0.00042079855598	0.16788100983819057	1.684352193729213
2017	02	09	0.40489798133	0.13430480787055246	1.7837702779131046
2017	02	10	4.42507088364	0.06715240393527623	1.2658844720565936
2017	02	11	14.814282476299999	0.08394050491909529	1.1728609195937045
2017	02	12	14.09711448125	2.568579450524316	1.2583680348663584
2017	02	13	1.4137442067700001	4.986065992194261	1.4707412258305974
2017	02	14	1.8072167719899999	2.7700366623301442	1.5572891551480113
2017	02	15	0.0	1.6452338964142676	1.9104224240738807
2017	02	16	0.0024998683952	0.7890407462394957	1.9438096407319452
2017	02	17	0.00249020532542	0.5204311304983907	2.130778051857836
2017	02	18	0.047969949135	0.28539771672492403	1.9836191266849619
2017	02	19	0.042166096740499995	0.20145721180582868	1.8931418278158292
2017	02	20	0.0	0.21824531278964773	2.0126646527433363
2017	02	21	0.001647957742	0.16788100983819057	2.22688788228519
2017	02	22	0.0	0.20145721180582868	2.5151507481380193
2017	02	23	0.023459697103799998	0.13430480787055246	2.4187949110068185
2017	02	24	0.00743904103165	0.18466911082200962	1.9797199344301588
2017	02	25	0.013810989725899999	0.25182151475728587	2.0040518943295154
2017	02	26	0.015144153516600001	0.20145721180582868	1.852805781082621
2017	02	27	0.15190017267	0.13430480787055246	1.747325055359439
2017	02	28	0.16779339735999999	0.18466911082200962	1.6206107762975168
2017	03	01	0.0049201028751	0.21824531278964773	2.1083010810271987
2017	03	02	0.00285290496206	0.25182151475728587	2.4695621757786563
2017	03	03	10.412903028199999	0.11751670688673342	1.1647098728237624
2017	03	04	11.1779013715	1.5780814924789914	1.92604606040164
2017	03	05	0.7885673439800001	2.383910339702306	2.0117051872045426
2017	03	06	0.10590517712900001	1.0912265639482388	2.0273757521299283
2017	03	07	0.00427084957426	0.43649062557929547	2.647226284209784
2017	03	08	0.0	0.3189739186925621	3.4497534534691043
2017	03	09	0.0	0.6883121403365814	3.2845313856098324
2017	03	10	0.00165576407649	0.20145721180582868	3.3122240221930026
2017	03	11	0.00110527886116	0.18466911082200962	2.880496805083744
2017	03	12	0.00042079855598	0.16788100983819057	2.3482805913302833
2017	03	13	0.0	0.16788100983819057	2.3990525492027976
2017	03	14	1.5721225955	0.15109290885437152	2.0741052040710524
2017	03	15	0.9847154363699999	0.15109290885437152	2.5116539874882413
2017	03	16	4.139531320499999	0.16788100983819057	2.342474529803192
2017	03	17	0.46147719973	0.15109290885437152	2.7172625254971434
2017	03	18	0.008017863437500002	0.15109290885437152	3.502397940372123
2017	03	19	0.00123357367019	0.13430480787055246	3.2322711866831826
2017	03	20	0.015526863032499998	0.15109290885437152	2.484568298724369
2017	03	21	0.490992434102	0.11751670688673342	2.2763857087615604
2017	03	22	2.38682475317	0.11751670688673342	2.1086472944238714
2017	03	23	0.71784428808	0.11751670688673342	1.98799357148181
2017	03	24	6.126737104399999	0.10072860590291434	2.354092103606489
2017	03	25	9.171015102599998	0.11751670688673342	2.1479013825515714
2017	03	26	13.7288964753	0.11751670688673342	1.9923543174443263
2017	03	27	1.45889665512	0.28539771672492403	2.4223276611055247
2017	03	28	0.009482396158	0.3861263226278383	3.3468713371058625
2017	03	29	0.00166590112198	0.2686096157411049	3.8688350587421345
2017	03	30	0.352464092015	0.20145721180582868	3.5631988831497616
2017	03	31	0.0785057989526	0.18466911082200962	2.709241739606258
2017	04	01	0.0	0.15109290885437152	2.7452367495554233
2017	04	02	0.0070778615795000005	0.13430480787055246	3.5601895199208293
2017	04	03	0.00206730796902	0.13430480787055246	4.307361795338475
2017	04	04	0.0008243041067299999	0.11751670688673342	4.339546123415596
2017	04	05	0.0029245525655600003	0.10072860590291434	4.242652187101985
2017	04	06	0.0	0.10072860590291434	4.0325029503284915
2017	04	07	0.00042079855598	0.10072860590291434	4.522387323534485
2017	04	08	0.00123933758619	0.08394050491909529	4.207847211208505
2017	04	09	0.00041215205336499997	0.08394050491909529	3.935013166188571
2017	04	10	0.0008243041067299999	0.08394050491909529	4.4244033260580276
2017	04	11	0.0	0.08394050491909529	5.0275224988962695
2017	04	12	0.0024962163354699998	0.06715240393527623	5.259200573385171
2017	04	13	0.00089097849519	0.06715240393527623	4.194252492206353
2017	04	14	0.00495653972154	0.05036430295145717	4.0886827897482245
2017	04	15	0.0018717442951599998	0.05036430295145717	4.239493413053492
2017	04	16	0.0	0.033576201967638115	4.964775338985441
2017	04	17	0.0024959694348399997	0.033576201967638115	5.363559324305087
2017	04	18	0.156044641036	0.016788100983819058	5.134426528615827
2017	04	19	0.000824304048704	0.016788100983819058	4.047771148179021
2017	04	20	0.06751256435900001	0.016788100983819058	4.276616540797969
2017	04	21	1.20542864244	0.0	3.6012342405667677
2017	04	22	0.185891242552	0.0	3.9026638025684597
2017	04	23	0.12512614456399998	0.0	4.372967006610861
2017	04	24	0.32824234719	0.0	4.3454247202986185
2017	04	25	0.05249264064	0.0	3.92172060822554
2017	04	26	1.86018745016	0.0	3.195016273895984
2017	04	27	5.5605909618	0.0	3.9539215011416626
2017	04	28	4.67147829264	0.0	2.3424228165567533
2017	04	29	0.0194052231954	0.0	3.6543205594228607
2017	04	30	0.549010349146	0.0	2.96070255677213
2017	05	01	0.0016663532412300001	0.0	4.305191885382841
2017	05	02	0.00165204789803	0.0	5.514416950743332
2017	05	03	0.00164782157432	0.0	5.844186084397661
2017	05	04	0.0027472283977	0.0	4.336683322749486
2017	05	05	2.3002660150299996	0.0	3.241937875367806
2017	05	06	0.296579038653	0.0	4.130022883485752
2017	05	07	0.0	0.0	5.771390844884301
2017	05	08	0.0	0.0	5.935992567884892
2017	05	09	0.157912275543	0.0	4.434972263429934
2017	05	10	5.2258718492	0.0	3.298845456389972
2017	05	11	5.688132786770001	0.0	3.3356326230067266
2017	05	12	3.1294147125	0.0	3.2985951233993664
2017	05	13	0.34492697882300005	0.0	3.697238495312205
2017	05	14	0.0011999418972999999	0.0	5.110282305603489
2017	05	15	0.020362996483000002	0.016788100983819058	5.9857985261159055
2017	05	16	0.0008243041067299999	0.016788100983819058	6.464076191984359
2017	05	17	0.0264088627512	0.0	5.9596731425975324
2017	05	18	0.0033318024373800003	0.0	4.370304105961092
2017	05	19	0.0008300686029899999	0.0	5.404299413374443
2017	05	20	0.0	0.0	6.8089794593830755
2017	05	21	2.27969628158e-06	0.0	3.8425900116432254
2017	05	22	0.06570429045	0.0	5.43619138448375
2017	05	23	0.00177084946004	0.0	6.964049506955918
2017	05	24	0.14298138305	0.0	6.686185081544273
2017	05	25	0.07045655215300001	0.0	6.468185672129617
2017	05	26	0.0026484465793699995	0.0	5.69055251344966
2017	05	27	0.03432809456100001	0.0	4.936360715264414
2017	05	28	0.078414440884	0.0	4.6457457717828
2017	05	29	1.0054252059	0.0	4.40956406495335
2017	05	30	0.000420798604335	0.0	5.386152923097959
2017	05	31	0.0	0.0	6.462059086561558
2017	06	01	0.0026987428392	0.0	6.41314755549184
2017	06	02	0.0023134531005	0.0	6.065818170077077
2017	06	03	0.00331407974962	0.0	5.318018385547062
2017	06	04	0.0016621806882800001	0.0	5.366473905909664
2017	06	05	0.00166608235652	0.0	5.567821466797257
2017	06	06	0.0495769569617	0.0	5.405003244301832
2017	06	07	0.00125086706226	0.0	7.524381317417332
2017	06	08	0.00085028360416	0.0	6.6856710215912045
2017	06	09	0.0022789007451200004	0.0	6.103021210605917
2017	06	10	0.0008243041067299999	0.0	7.182779418934595
2017	06	11	0.0	0.0	7.429461329039584
2017	06	12	0.00279363894644	0.0	7.823348945951734
2017	06	13	0.0037028783205399997	0.0	5.171892981541456
2017	06	14	0.00101558314075	0.0	6.616557553323109
2017	06	15	0.0008300686029899999	0.0	7.66989902897671
2017	06	16	0.0012560530393	0.0	8.517648453162156
2017	06	17	1.52337514632	0.0	8.34805633610808
2017	06	18	1.43104649616	0.0	7.848574044940842
2017	06	19	0.070733645645	0.0	6.899061041364633
2017	06	20	0.00083583280912	0.0	6.80426844133398
2017	06	21	0.011233932244199999	0.0	6.437511823005633
2017	06	22	0.0018445281669599999	0.0	6.528163645146442
2017	06	23	0.0008300686029899999	0.0	7.205082288586864
2017	06	24	0.06746248792099999	0.0	6.194015366991928
2017	06	25	0.448067894022	0.0	5.958010760561181
2017	06	26	0.00208504216527	0.0	5.4675519923000415
2017	06	27	0.0074836461013999996	0.0	5.123733113179919
2017	06	28	0.501026628507	0.0	3.948068468955931
2017	06	29	0.0028203015066	0.0	4.551083485585804
2017	06	30	0.0	0.0	5.040413038746538
2017	07	01	0.00124650708533	0.0	6.140036151528477
2017	07	02	0.0	0.0	6.967101117700639
2017	07	03	0.0	0.0	7.608210525232496
2017	07	04	0.0	0.0	6.110592962109293
2017	07	05	0.005971893756300001	0.0	5.607091832588845
2017	07	06	0.238481966474	0.0	4.504827618725854
2017	07	07	0.0038591414681499996	0.0	5.340112031287801
2017	07	08	0.0327930331717	0.0	5.303646532558616
2017	07	09	0.0284264993037	0.0	5.582116986602174
2017	07	10	0.00146012061688	0.0	5.845129342272643
2017	07	11	0.000824304048704	0.0	7.33409278749907
2017	07	12	0.00041215205336499997	0.0	8.500566655863336
2017	07	13	0.0008258271925200001	0.0	8.808284211133802
2017	07	14	0.0024929717149699995	0.0	7.712364060652482
2017	07	15	0.0040738097189599995	0.0	7.540254316781567
2017	07	16	0.00164821750506	0.0	7.5008420337164985
2017	07	17	0.0216698706273	0.0	7.28806728173641
2017	07	18	0.004551049294749999	0.0	6.02970443017574
2017	07	19	6.3397785963e-05	0.0	5.28665040586245
2017	07	20	0.00206364207976	0.0	5.081585951987106
2017	07	21	0.0	0.0	5.521345455581385
2017	07	22	0.000824304048704	0.0	5.996729459244015
2017	07	23	0.0	0.0	6.70247581656214
2017	07	24	0.0106215877346	0.0	6.43378077902116
2017	07	25	0.000824304048704	0.0	7.303139866107754
2017	07	26	0.00123933748948	0.0	7.334797741842942
2017	07	27	0.0	0.0	6.563596197406328
2017	07	28	0.0318601501368	0.0	7.044079685271585
2017	07	29	0.00188581153834	0.0	6.833111656643202
2017	07	30	0.0008300686029899999	0.0	6.380506867285374
2017	07	31	0.014605265087499998	0.0	5.527135704541509
2017	08	01	0.00166195187242	0.0	5.342151942065138
2017	08	02	0.000824304048704	0.0	6.2390093976947965
2017	08	03	0.0008300686029899999	0.0	6.871272618800721
2017	08	04	0.0	0.0	7.049748196485585
2017	08	05	0.036874788004	0.0	6.375043814553377
2017	08	06	0.0008300686029899999	0.0	6.884348588420334
2017	08	07	0.0	0.0	6.181565458033134
2017	08	08	0.0	0.0	5.59707836482157
2017	08	09	0.00124855288867	0.0	5.430271424716272
2017	08	10	0.000824304048704	0.0	6.006254885499428
2017	08	11	0.0	0.0	6.54274344960898
2017	08	12	0.0	0.0	6.565151409494839
2017	08	13	0.00083006840957	0.0	6.613913447964286
2017	08	14	0.0	0.0	6.521030269394199
2017	08	15	0.0060611919019	0.0	5.9995584474093056
2017	08	16	0.00042079855598	0.0	6.179545288856449
2017	08	17	0.000420798604335	0.0	6.7101577952214395
2017	08	18	0.000836876068245	0.0	6.530614189527325
2017	08	19	0.0	0.0	6.594780459032845
2017	08	20	0.0	0.0	6.648528114383923
2017	08	21	0.000824304048704	0.0	5.870121587479125
2017	08	22	0.0	0.0	5.879487108335295
2017	08	23	0.0	0.0	6.267635882035036
2017	08	24	0.00311412747267	0.0	5.653201295860008
2017	08	25	0.00271625972808	0.0	5.915938261576907
2017	08	26	0.061830735807	0.0	5.604846937011742
2017	08	27	0.012645169050799999	0.0	4.32167283003965
2017	08	28	0.710516813155	0.0	3.728365725534527
2017	08	29	0.288064109993	0.0	3.8885823231548784
2017	08	30	0.00041215205336499997	0.0	4.575289028552763
2017	08	31	0.0	0.0	5.155791326347889
2017	09	01	0.0	0.0	5.498957626506353
2017	09	02	0.00164860772991	0.0	5.361329750758575
2017	09	03	0.0	0.0	5.222991604123453
2017	09	04	0.00506446430985	0.0	4.320090751215184
2017	09	05	0.015302943599799997	0.0	5.262422865675435
2017	09	06	0.00084159720867	0.0	5.625225119311807
2017	09	07	0.000841597140973	0.0	5.779020210627184
2017	09	08	0.00041215205336499997	0.0	5.363357218175401
2017	09	09	0.025556632955	0.0	3.6940937856761917
2017	09	10	0.0	0.0	4.198601466894113
2017	09	11	0.0016668694792099999	0.0	5.009966014257675
2017	09	12	0.0	0.0	4.857176394353438
2017	09	13	0.0	0.0	5.2352365088114405
2017	09	14	0.0025091220915499997	0.0	4.3638183819498995
2017	09	15	0.0008300686029899999	0.0	3.6621629461573915
2017	09	16	0.000824304048704	0.0	3.704468164211377
2017	09	17	0.000824304048704	0.0	3.892632604251944
2017	09	18	0.00165503585019	0.0	3.7529691846962243
2017	09	19	0.0	0.0	4.08562195370514
2017	09	20	0.0	0.0	4.588925809597132
2017	09	21	0.0	0.0	4.187002938114012
2017	09	22	0.00165972483454	0.0	4.040337856554837
2017	09	23	0.0	0.0	4.187799294561484
2017	09	24	0.0016716648445599998	0.0	4.222129944724427
2017	09	25	0.00048419631293	0.0	3.732953941802782
2017	09	26	0.0009098769154329999	0.0	4.020508122493001
2017	09	27	5.5934968294299996e-05	0.0	3.887305845683113
2017	09	28	0.00251230452752	0.0	3.920692222801932
2017	09	29	0.00088816732891	0.0	4.040912809421038
2017	09	30	0.00233154995925	0.0	3.568371659852617
2017	10	01	0.0	0.0	4.132070482140532
2017	10	02	0.0012287790785200001	0.0	4.199864260898257
2017	10	03	0.0016390582943799999	0.0	4.292900094011449
2017	10	04	0.00164860772991	0.0	4.125085650379233
2017	10	05	0.00042079855598	0.0	4.268969558588062
2017	10	06	0.0008300686029899999	0.0	4.08570846507425
2017	10	07	0.0008300686029899999	0.0	4.2539665497212
2017	10	08	0.002498996071	0.0	3.8031022699446115
2017	10	09	0.00083312405873	0.0	3.724993128864182
2017	10	10	0.00042079851729600004	0.0	3.724753333005477
2017	10	11	5.70748136305e-05	0.0	3.935396768597022
2017	10	12	0.0012451022758700001	0.0	3.5441309333765205
2017	10	13	0.00084898536912	0.0	3.7618421924549326
2017	10	14	0.000426562994214	0.0	4.014432456809574
2017	10	15	0.0	0.0	3.2893107556089274
2017	10	16	0.388213117593	0.0	2.443237897682358
2017	10	17	2.57217198263	0.0	2.3541042280278215
2017	10	18	9.9684151643	0.0	1.7747125710522516
2017	10	19	0.74244924628	0.0	1.861637937414402
2017	10	20	0.44871109289000005	0.0	2.2490944549543874
2017	10	21	0.058958951699	0.0	2.3680872290834487
2017	10	22	0.0	0.0	2.573562106587722
2017	10	23	0.000824304048704	0.0	2.9868396329468427
2017	10	24	0.000824304048704	0.0	2.8041142394508056
2017	10	25	0.0	0.0	2.703004261638591
2017	10	26	0.0	0.0	3.1715317172399833
2017	10	27	0.000824304048704	0.0	3.2834160035525444
2017	10	28	0.0008319763624760001	0.0	3.2060254266980555
2017	10	29	0.0008243041067299999	0.0	2.8608229651825705
2017	10	30	0.00165272515816	0.0	2.6495875937119866
2017	10	31	0.00077467282486	0.0	2.4504055321761924
2017	11	01	0.1174799763405	0.0	2.061776762492186
2017	11	02	1.9537538916100001	0.0	1.7909777441698698
2017	11	03	5.58748262795	0.0	1.8314945965475211
2017	11	04	1.12795455157	0.0	1.4465706044548245
2017	11	05	0.0024947882188999996	0.0	1.7710140792777864
2017	11	06	0.000837187870956	0.0	2.0243744504960066
2017	11	07	0.000824304048704	0.0	2.119338829971329
2017	11	08	0.0	0.0	1.8472989591561828
2017	11	09	0.0008300686029899999	0.0	1.5742221522223194
2017	11	10	0.0	0.0	1.9085473287094117
2017	11	11	0.00083250878971	0.0	2.167635327353918
2017	11	12	0.00084898536912	0.0	2.0500169172511695
2017	11	13	0.000461887201775	0.0	1.7219938425601473
2017	11	14	0.0	0.0	1.8900757845154126
2017	11	15	0.00125086706226	0.0	1.9141720120206422
2017	11	16	0.0016690377174099998	0.0	1.8056615358181696
2017	11	17	0.000824304164756	0.0	1.969204221952674
2017	11	18	0.00207464555014	0.0	1.9026361451321985
2017	11	19	0.00042079855598	0.0	2.1146298746291654
2017	11	20	0.0	0.0	2.097698498985868
2017	11	21	0.00042079851729600004	0.0	2.0574610924994134
2017	11	22	0.0	0.0	1.8767110460833547
2017	11	23	0.064834906234	0.0	1.5859347289069001
2017	11	24	0.00181653439365	0.0	1.7617483478936553
2017	11	25	0.0341382083444	0.0	1.5240789801766612
2017	11	26	0.215382657251	0.0	1.4836379717070072
2017	11	27	1.41767604853	0.0	1.420219158064163
2017	11	28	12.5538844818	0.0	1.3262426992299097
2017	11	29	6.11290825137	0.0	1.2359468241982074
2017	11	30	0.0008300686029899999	0.0	1.1272139921433397
2017	12	01	0.0	0.0	1.308306131274486
2017	12	02	0.000824304048704	0.0	1.1669505336972017
2017	12	03	0.0008243041067299999	0.0	1.2517084424558846
2017	12	04	0.00042079851729600004	0.0	1.3278783143913055
2017	12	05	0.00042079855598	0.0	1.4054955008825214
2017	12	06	0.0085254071885	0.0	1.4220014870510644
2017	12	07	0.00136164256466	0.0	1.3768478775934148
2017	12	08	0.00084898536912	0.0	1.350042934550623
2017	12	09	0.10547706613649999	0.0	1.044933517153215
2017	12	10	3.32543824241	0.0	0.9981296221887793
2017	12	11	24.575964542	0.0	1.08448989560652
2017	12	12	0.00124712100041	0.0	1.0554922589992926
2017	12	13	0.000420798604335	0.0	1.2951213109532482
2017	12	14	0.309413944987	0.0	1.0572650534709866
2017	12	15	1.6912421399900002	0.0	1.2782692497206707
2017	12	16	0.000849964412805	0.0	1.048920315104466
2017	12	17	0.00166208891049	0.0	1.123126721392633
2017	12	18	0.000412152082378	0.0	1.1726362570343927
2017	12	19	0.00042656295552999997	0.0	1.4160509128348306
2017	12	20	0.0	0.0	1.2836997466462472
2017	12	21	0.0008243041067299999	0.0	1.3985990005299653
2017	12	22	0.0016535616029499998	0.0	1.2228602579726802
2017	12	23	0.00248547185447	0.0	1.33433855301345
2017	12	24	0.7687168428	0.0	1.111110291555474
2017	12	25	0.6340442510450001	0.0	1.157956803807073
2017	12	26	1.06903417749	0.0	1.0971392607513772
2017	12	27	2.81597731237	0.0	0.7559915588346873
2017	12	28	1.0404235877999999	0.0	0.762728781320349
2017	12	29	0.5733770525899999	0.0	1.1078345161454881
2017	12	30	0.032000896068199995	0.0	1.2446527337399802
2017	12	31	0.24578451923199995	0.0	1.2991365386909883
2018	01	01	0.00041215205336499997	0.0	1.330461515130168
2018	01	02	0.0106707609012	0.0	1.3226257475442476
2018	01	03	0.065063383609	0.0	1.2331171364333404
2018	01	04	0.14456359733399998	0.0	0.8413181710584532
2018	01	05	19.5531266339	0.0	1.1196067372628946
2018	01	06	0.5137657822699999	0.0	0.8771295813461221
2018	01	07	0.0018531290708099998	0.0	0.9711862100182546
2018	01	08	0.290782753816	0.0	0.9920997107109749
2018	01	09	5.92018059826	0.0	1.3206590268795952
2018	01	10	1.26729054788	0.0	1.1305447722438808
2018	01	11	0.143717191414	0.0	1.167084931560045
2018	01	12	0.00042079851729600004	0.0	1.2685319504115107
2018	01	13	5.693978809560001	0.0	1.0712995054774874
2018	01	14	1.33964964685	0.0	1.012030016101205
2018	01	15	0.0016601366257200001	0.0	1.2755591331386946
2018	01	16	0.00617538107388	0.0	1.400349771070839
2018	01	17	0.009022711284699999	0.0	1.12281034581381
2018	01	18	0.00166301868043	0.0	1.5083791177868602
2018	01	19	0.000825383835196	0.0	1.4646417087873753
2018	01	20	0.0	0.0	1.5395743914085782
2018	01	21	0.016106151097	0.0	1.1874787235701425
2018	01	22	0.021339593405000003	0.0	1.163903989725407
2018	01	23	0.00171088809952	0.0	1.399319639358972
2018	01	24	0.021530058914499998	0.0	1.4138994619728995
2018	01	25	1.21909802068	0.0	1.1235204638470158
2018	01	26	0.0	0.0	1.2424612379182394
2018	01	27	0.0	0.0	1.3343744004577398
2018	01	28	0.0349056128325	0.0	1.5043838682925188
2018	01	29	0.0160797386289	0.0	1.7672549398156108
2018	01	30	0.063585355008	0.0	1.6994348464575366
2018	01	31	0.15683724718300002	0.0	1.6873201590755251
2018	02	01	0.0073383035437	0.0	1.3797410751019368
2018	02	02	0.0012607781931899997	0.0	1.302305275354981
2018	02	03	0.83452567676	0.0	1.5644049435775438
2018	02	04	0.292218790935	0.0	1.2024808113084282
2018	02	05	0.47521630587999997	0.0	1.453732925602557
2018	02	06	0.00042079851729600004	0.0	1.3021620237168092
2018	02	07	5.47444604575e-05	0.0	1.4030879480786282
2018	02	08	0.0012451027594199999	0.0	1.3855664958248226
2018	02	09	0.547052832365	0.0	1.4599008860606861
2018	02	10	2.46813184818e-05	0.0	1.5719524872654822
2018	02	11	0.07311676379399999	0.0	1.7495878838803713
2018	02	12	0.476483042473	0.0	1.5827382802551475
2018	02	13	0.0012451022758700001	0.0	1.5695718474170617
2018	02	14	0.00190819806585	0.0	1.684703690256108
2018	02	15	0.0016676110514899998	0.0	2.0673164176015697
2018	02	16	0.00882284604675	0.0	2.1899146114862997
2018	02	17	0.0371965682857	0.0	1.732728918826342
2018	02	18	0.00232063178709	0.0	2.1687198482169197
2018	02	19	0.00166301868043	0.0	2.1127605887701755
2018	02	20	0.00123933855329	0.0	2.4256479014450973
2018	02	21	0.000830573081034	0.0	2.3281234072837633
2018	02	22	0.00123933826316	0.0	2.0587257156582446
2018	02	23	0.0008243041067299999	0.0	2.138841389000424
2018	02	24	0.055850411839999996	0.0	2.3770011918598826
2018	02	25	0.0	0.0	2.490010948672083
2018	02	26	2.87342382605	0.0	2.145963181363887
2018	02	27	7.402444517	0.0	1.8890254344569253
2018	02	28	26.5239437828	0.0	1.1148159054187166
2018	03	01	11.959595729199998	0.0	1.6031054289956514
2018	03	02	19.0556310519	0.0	1.916085090393723
2018	03	03	9.6988834272	0.0	1.3078162263332194
2018	03	04	9.136261397	0.0	1.9099443205638011
2018	03	05	9.224331325600001	0.0	1.5695506743309704
2018	03	06	5.41003157657	0.0	1.613602364048141
2018	03	07	5.3173856209	0.0	2.2241601511334457
2018	03	08	2.0665756808999998	0.11751670688673342	1.6576371381672381
2018	03	09	16.2976726797	0.25182151475728587	1.3433654007154565
2018	03	10	11.670409618799999	4.851761184323707	1.8703790109892375
2018	03	11	6.616577122799999	0.4197025245954764	1.4782995684710238
2018	03	12	0.42143103938000004	0.2686096157411049	2.1918104628249417
2018	03	13	1.11945654716	0.15109290885437152	2.0336748916571183
2018	03	14	9.8875569004	0.7386764432880385	1.7744476963758486
2018	03	15	2.34842198585	3.508713105618183	1.761808319744875
2018	03	21	0.00042079857532199995	0.11751670688673342	2.409238054578002
2018	03	22	0.020378472984299997	0.016788100983819058	2.8009833905989177
2018	03	23	2.1185121423299997	0.0	2.2387516923489454
2018	03	24	0.937418279363	0.0	1.9134166658359348
2018	03	25	2.93201722362	0.016788100983819058	2.1835464234261344
2018	03	26	0.0008243041067299999	0.0	2.80520498613149
2018	03	27	0.0016665448237399999	0.0	3.603293045052044
2018	03	28	0.00086051426493	0.0	3.2827443234521225
2018	03	29	0.18338689841800002	0.0	1.8304689921361101
2018	03	30	1.9276067957499998	0.0	1.9854443921038538
2018	03	31	0.0188759332338	0.0	2.5910629930917852
2018	04	01	0.0	0.0	3.4011575556694043
2018	04	02	5.775783767649999	0.0	2.6999807539578646
2018	04	03	0.16560949214	0.0	2.2622048634717493
2018	04	04	0.5478538909659999	0.0	2.714510201829559
2018	04	05	0.000824304048704	0.0	3.838935816012012
2018	04	06	5.35943445193	0.0	3.3771723255432353
2018	04	07	4.168902147500001	0.0	2.419024105453561
2018	04	08	2.31065740782	0.0	2.6486935758526617
2018	04	09	1.38075681261	0.0	2.452718579984979
2018	04	10	15.917223276500001	0.033576201967638115	1.6744558604678603
2018	04	11	0.253791826773	0.3189739186925621	2.3863344641644333
2018	04	12	16.545439831299998	0.88976935214241	2.0757830043052192
2018	04	13	7.560299027659999	0.4700668275469337	2.3484021594338342
2018	04	14	0.0061878771664	0.21824531278964773	2.9101209232285976
2018	04	15	2.23712018763	0.11751670688673342	2.9966407044846473
2018	04	16	0.0225196149765	0.033576201967638115	3.1220017835161475
2018	04	17	0.0008300686029899999	0.016788100983819058	4.340561590385215
2018	04	18	0.0	0.0	4.680561905690264
2018	04	19	0.000420798604335	0.0	4.59513392985348
2018	04	20	1.2799951471600002	0.0	3.1741787073442715
2018	04	21	18.011151446699998	0.0	3.1086923760675442
2018	04	22	8.301445203399998	0.11751670688673342	2.930163562851541
2018	04	23	7.24982598245	0.033576201967638115	4.516530839494085
2018	04	24	0.43239950074	0.0	4.456797948290966
2018	04	25	0.27993392272600004	0.0	4.927145999686607
2018	04	26	0.09876472580460001	0.0	4.6483769189077435
2018	04	27	0.00166301868043	0.0	3.859058418714886
2018	04	28	2.2145857905299997	0.0	2.671287166469053
2018	04	29	1.3438015038599997	0.0	2.6339462768309283
2018	04	30	1.47775143014	0.0	2.9847196476290034
2018	05	01	0.46458480150199993	0.0	3.1603980258632025
2018	05	02	0.0074619492128999996	0.0	3.4278332670540217
2018	05	03	0.015599132481299998	0.0	4.027749396779221
2018	05	04	0.0008243041067299999	0.0	4.432084089305847
2018	05	05	0.00331134691844	0.0	4.993749096108384
2018	05	06	4.9463051923700005	0.0	4.876364120284517
2018	05	07	7.4027230418	0.0	4.1545618422030826
2018	05	08	1.08584421298	0.0	4.399404524255832
2018	05	09	0.019850422844899997	0.0	3.544116267502877
2018	05	10	0.0008300686029899999	0.0	4.501049633449227
2018	05	11	0.012436756099499999	0.0	4.109828915401502
2018	05	12	0.0163977481877	0.0	3.3393279870996793
2018	05	13	0.000824304048704	0.0	4.079624639610369
2018	05	14	0.0	0.0	4.843246136282226
2018	05	15	0.0	0.0	5.263150920037905
2018	05	16	0.00166320881229	0.0	5.943788858931979
2018	05	17	0.009168571240900002	0.0	4.776586570995418
2018	05	18	3.34218880125	0.0	4.529254919261435
2018	05	19	2.08325689867	0.0	5.013946740092493
2018	05	20	5.2822963316	0.0	4.529225231660502
2018	05	21	0.205471149152	0.0	4.3081175230794315
2018	05	22	0.087913480833	0.0	4.897022829740566
2018	05	23	2.69496844132	0.0	4.836037500960026
2018	05	24	14.1660778987	0.0	2.9713132524139154
2018	05	25	5.21312701856	0.0	3.599086267564319
2018	05	26	0.401303406024	0.0	4.607913348014255
2018	05	27	0.789406825464	0.0	3.6664693694415
2018	05	28	0.21097857089	0.0	3.5624261115431772
2018	05	29	1.3435784906	0.0	3.3874348731078427
2018	05	30	0.7621687054099999	0.0	3.5487444347081962
2018	05	31	0.004346474763349999	0.0	4.493200183106385
2018	06	01	0.00209723836008	0.0	4.003756684979138
2018	06	02	0.58133299745	0.0	4.1789388973737776
2018	06	03	0.5342003151399999	0.0	3.973552710963501
2018	06	04	0.70724458195	0.0	3.5669740381748833
2018	06	05	0.367488261303	0.0	3.660585170903905
2018	06	06	0.9288440094470001	0.0	3.5941167972798342
2018	06	07	1.36232098531	0.0	4.255581174167563
2018	06	08	0.75812061823	0.0	3.4972736744662316
2018	06	09	1.2062682786599999	0.0	4.037089982670637
2018	06	10	0.483698952742	0.0	3.7730972209447935
2018	06	11	0.75362834202	0.0	3.7024534054763016
2018	06	12	0.178893693792	0.0	4.123687211162325
2018	06	13	0.00272038537668	0.0	5.599321690665251
2018	06	14	0.000825476289956	0.0	6.158540956387731
2018	06	15	0.0	0.0	6.230474197074583
2018	06	16	0.00272821685577	0.0	6.744223646036881
2018	06	17	0.000824304048704	0.0	7.170378254730836
2018	06	18	0.00013736186475100002	0.0	6.673853514709729
2018	06	19	0.00083105253053	0.0	5.5534165250279255
2018	06	20	0.26008278326	0.0	5.556389076223445
2018	06	21	11.911257169899999	0.0	5.787538402550905
2018	06	22	0.12417321257899999	0.0	5.303869102212971
2018	06	23	0.000824304048704	0.0	6.233728982239921
2018	06	24	0.00332836062519	0.0	6.017284360592183
2018	06	25	0.0027328350484	0.0	5.094735238820999
2018	06	26	0.004220303512500001	0.0	5.241472395507241
2018	06	27	0.00042079855598	0.0	5.389856474559554
2018	06	28	0.0552247987184	0.0	5.172898493645868
2018	06	29	1.00229518675	0.0	5.477838991580417
2018	06	30	6.863518371	0.0	4.218657189621343
2018	07	01	0.7557783987400001	0.0	3.9018199239883997
2018	07	02	0.595221771996	0.0	4.056774836109048
2018	07	03	0.00166301877714	0.0	4.982030182778834
2018	07	04	0.61700902632	0.0	4.349172253948184
2018	07	05	0.00096931204783	0.0	5.278531218168265
2018	07	06	0.0020618062338300003	0.0	5.58923835781772
2018	07	07	0.00083903980943	0.0	6.185982088271369
2018	07	08	0.000620510160424	0.0	6.006693137786439
2018	07	09	0.00442876549577	0.0	6.465670920173589
2018	07	10	0.027952475238699995	0.0	5.710047535109877
2018	07	11	0.019544655805	0.0	5.40057855565012
2018	07	12	0.0030626321055499998	0.0	5.195236903352899
2018	07	13	0.00067538705072	0.0	4.988067418247453
2018	07	14	0.00162033649561	0.0	4.791820560900922
2018	07	15	0.40751527307299995	0.0	4.317554742784156
2018	07	16	0.0071826313909	0.0	5.429146152895749
2018	07	17	0.0008300686029899999	0.0	6.364672558602189
2018	07	18	0.00013736186475100002	0.0	5.3433412220599665
2018	07	19	0.0024862454377600003	0.0	5.522907932779315
2018	07	20	0.00186859435375	0.0	5.472121176484879
2018	07	21	0.0008301980009699999	0.0	5.903836838330446
2018	07	22	0.0044427490848	0.0	5.591109149700641
2018	07	23	0.00331295520574	0.0	5.637109124684404
2018	07	24	0.00253755173683	0.0	5.259135118051979
2018	07	25	0.0046767669757000006	0.0	5.115398664751502
2018	07	26	0.030232395113800003	0.0	5.2837040431110704
2018	07	27	0.00510486878075	0.0	5.548341521336153
2018	07	28	0.00081793536639	0.0	5.606214840403942
2018	07	29	0.00158187222073	0.0	4.930876334793624
2018	07	30	0.0001112632941006	0.0	5.618026209205369
2018	07	31	0.00115144840858	0.0	6.053462181955419
2018	08	01	0.00041215205336499997	0.0	7.719292753404364
2018	08	02	0.0008300686029899999	0.0	8.014820518467644
2018	08	03	0.00461908681066	0.0	7.683553686806687
2018	08	04	1.2372477798000001	0.0	8.308448145977016
2018	08	05	0.0169445939156	0.0	7.86649443716932
2018	08	06	0.0013697314857699999	0.0	7.366085785807995
2018	08	07	0.00169429034248	0.0	5.955691372458843
2018	08	08	0.00150050671288	0.0	5.328803030458858
2018	08	09	0.0014251445749899998	0.0	5.174926429559347
2018	08	10	0.0	0.0	6.217130027629659
2018	08	11	0.00041215205336499997	0.0	6.790396054487422
2018	08	12	0.00290543415908	0.0	5.985978651629241
2018	08	13	0.00305867869746	0.0	5.304019302752435
2018	08	14	0.00093892421847	0.0	5.717441647396058
2018	08	15	0.006750691842920001	0.0	5.413035305728831
2018	08	16	0.00602299106506	0.0	5.606677874290684
2018	08	17	0.000413599337857	0.0	5.9478541602269015
2018	08	18	0.00042656295552999997	0.0	6.265688968183438
2018	08	19	0.0	0.0	6.394759037789839
2018	08	20	0.0329349638006	0.0	5.609906158050688
2018	08	21	0.45143430142499996	0.0	5.941974894260165
2018	09	09	0.0121547874564	0.0	4.363370493588207
2018	09	10	0.00123933758619	0.0	5.115456810718538
2018	09	11	0.00042656295552999997	0.0	4.588438741602802
2018	09	12	0.0028167662725499996	0.0	4.610755451689019
2018	09	13	0.00047256444998300005	0.0	4.999196998300426
2018	09	14	0.395710270213	0.0	4.614920766473144
2018	09	15	0.12503283875600002	0.0	4.478695126916092
2018	09	16	0.21198670494299998	0.0	4.426777723295717
2018	09	17	0.336268145683	0.0	4.3236525419227965
2018	09	18	0.0012451022758700001	0.0	4.480111727307365
2018	09	19	0.0008300686029899999	0.0	4.7220420258063776
2018	09	20	0.0	0.0	4.381308321453651
2018	09	21	0.0	0.0	4.6987895720178985
2018	10	23	2.3222212159399995	0.0	2.3842674064451543
2018	10	26	2.53339804233	0.0	1.7157099962832476
2018	11	25	5.5589140104	0.0	1.0401092630509423
2019	09	25	0.010564386670899999	0.0	3.4342005487627154
2019	09	26	0.0	0.0	3.996470747360022
2019	09	27	0.0012447002524	0.0	4.209063828939845
2019	09	28	0.0008300686029899999	0.0	4.214221957520537
2019	09	29	0.0	0.0	4.221208411295248
2019	09	30	0.0	0.0	4.266957546260629
2019	10	01	0.00225242019318	0.0	3.212167213866514
2019	10	02	0.00243167072753	0.0	3.308795211733774
2019	10	03	0.00166013633559	0.0	3.588201711560553
2019	10	04	0.0018479501536	0.0	3.1059212967123844
2019	10	05	0.000826496183945	0.0	3.3643489219685554
2019	10	06	0.00042079855598	0.0	3.8948620511002594
2019	10	07	0.0	0.0	4.1377042642128155
2019	10	08	0.0008300686029899999	0.0	4.162177078770098
2019	10	09	0.0024990074827799997	0.0	3.45478187759895
2019	10	10	0.0012479847174199999	0.0	3.8145917617166285
2019	10	11	0.066927101361	0.0	2.9247228401173415
2019	10	12	0.63204501357	0.0	3.067301971863506
2019	10	13	2.46813184818e-05	0.0	3.0337759170039167
2019	10	14	5.36835227445	0.0	1.9658895266230336
2019	10	15	0.0	0.0	2.4464409057868624
2019	10	16	0.0008300686029899999	0.0	2.577100142558778
2019	10	17	1.20775712911	0.0	2.350941904531829
2019	10	18	0.080432440099	0.0	2.2509990874505137
2019	10	19	6.655877165500001	0.0	2.3631484441829618
2019	10	20	0.16869367075000002	0.0	1.815965581148433
2019	10	21	0.06355767660600001	0.0	2.1669410078802924
2019	10	22	0.5264758650069999	0.0	2.277381319867245
2019	10	23	0.374286674502	0.0	1.8233247943858233
2019	10	24	0.0	0.0	2.1593007463119736
2019	10	25	0.0024902055188399997	0.0	2.8002282075497695
2019	10	26	0.0	0.0	2.6721336035026426
2019	10	27	0.00421273730894	0.0	2.58371700118375
2019	10	28	0.826277512964	0.0	2.135529310022819
2019	10	29	0.09613212873699999	0.0	1.960827780517589
2019	10	30	0.07913987226500001	0.0	2.1043090023706124
2019	10	31	0.88926547096	0.0	1.483817469517521
2019	11	01	0.39556256503	0.0	1.7641778423260865
2019	11	02	3.53206051135	0.0	1.4090882815621728
2019	11	03	1.11664924928	0.0	1.42240922971848
2019	11	04	1.77596193748	0.0	1.537175873640184
2019	11	05	0.168346723625	0.0	1.4919403206746729
2019	11	06	0.33096399869399995	0.0	1.5107714075475733
2019	11	07	0.548960940007	0.0	1.3674627246968625
2019	11	08	0.08352633806399999	0.0	1.3537585444132725
2019	11	09	0.0144966413826	0.0	1.825530956083424
2019	11	10	0.0740043333584	0.0	1.2314397851446273
2019	11	11	0.44007750106	0.0	1.5701967751704433
2019	11	12	0.01043836241925	0.0	1.4600325987635112
2019	11	13	0.45581523541200003	0.0	1.623313226101344
2019	11	14	1.18270653123	0.0	1.1512402706063674
2019	11	15	0.0226778209313	0.0	1.1680183432384033
2019	11	16	0.000824304048704	0.0	1.360289534811822
2019	11	17	3.34748067574	0.0	1.5017168767693694
2019	11	18	0.0122916301722	0.0	1.2902746407723082
2019	11	19	1.32812152472	0.0	1.2903333298739883
2019	11	20	8.5682874354	0.0	1.3381025269774078
2019	11	21	3.5692198781999998	0.0	1.089232837493614
2019	11	22	12.2147602287	0.0	1.2784374696202685
2019	11	23	0.453714549147	0.0	1.1337368859442614
2019	11	24	0.00339283089604	0.0	1.488887752901635
2019	11	25	0.600228806523	0.0	1.099316803917537
2019	11	26	2.80436447228	0.0	1.0958041271646854
2019	11	27	0.258750071105	0.0	1.1400686298388178
2019	11	28	0.0113242458448	0.0	1.3933730309799142
2019	11	29	0.1233897397244	0.0	1.3436987454302118
2019	11	30	0.62046205687	0.0	1.1816277836190534
2019	12	01	3.3018869396599997	0.0	0.8436264800467316
2019	12	02	0.244999059954	0.0	1.1074932213113438
2019	12	03	0.00164860772991	0.0	1.183073403714825
2019	12	04	0.00737364495597	0.0	1.1134927800592123
2019	12	05	0.000360584821044	0.0	1.3375342617680792
2019	12	06	0.0	0.0	1.3441556819945353
2019	12	07	0.0	0.0	1.4077680884162695
2019	12	08	1.10917433996	0.0	1.4145963950741043
2019	12	09	0.17173964891	0.0	1.262592649112299
2019	12	10	0.005528706835319999	0.0	1.3042521646275294
2019	12	11	0.0142982959423	0.0	1.0992114443672836
2019	12	12	0.24522270182899997	0.0	1.1407315901464334
2019	12	13	0.354686284724	0.0	0.8748476114943164
2019	12	14	0.220417834388	0.0	1.1269541488237915
2019	12	15	1.1808407051999998	0.0	0.9969448935741227
2019	12	16	15.2133031008	0.0	0.9198317085804351
2019	12	17	0.293565941893	0.0	0.954037345108966
2019	12	18	1.34453930445	0.0	1.145673517121183
2019	12	19	13.481190251	0.0	0.7503650625926508
2019	12	20	12.828729466299999	0.0	0.41791403494878243
2019	12	21	1.29078575883	1.4605647855922579	1.0757846587420574
2019	12	22	0.0219096824143	0.587583534433667	1.1089016831658953
2019	12	23	0.061930656579	0.18466911082200962	1.243782318815399
2019	12	24	0.0	0.11751670688673342	1.5162810127428394
2019	12	25	0.0012383717434199999	0.08394050491909529	1.3914717407032628
2019	12	26	0.000417742394257	0.08394050491909529	1.2862113576938867
2019	12	27	0.00042079855598	0.05036430295145717	1.5468591326524253
2019	12	28	0.000824304048704	0.033576201967638115	1.5224678352610357
2019	12	29	0.0020848881062400003	0.033576201967638115	1.359337676114962
2019	12	30	0.0008243041067299999	0.016788100983819058	1.4246945723322275
2019	12	31	0.000824304048704	0.016788100983819058	1.414091790307468
2020	01	01	0.0020694066727300004	0.016788100983819058	1.4613108086522293
2020	01	02	0.0934437503085	0.016788100983819058	1.285968780786553
2020	01	03	0.09152102495	0.016788100983819058	1.1175153935315387
2020	01	04	0.0024965154594999996	0.016788100983819058	1.2515051135024824
2020	01	05	0.00166240399167	0.016788100983819058	1.272567630781835
2020	01	06	0.0008243041067299999	0.0	1.3881113017999736
2020	01	07	0.0	0.0	1.4007842151155903
2020	01	08	0.0	0.0	1.426599864688435
2020	01	09	0.0883353830435	0.0	1.4060202663950194
2020	01	10	0.0	0.0	1.0834865833739298
2020	01	11	0.0	0.0	1.2572993815193505
2020	01	12	0.0	0.0	1.4008738951579425
2020	01	13	0.000841597140973	0.0	1.3260654126157512
2020	01	14	0.0045900639462400005	0.0	1.313251476373545
2020	01	15	1.26270252877	0.0	1.1435085045229794
2020	01	16	0.838297492483	0.0	1.1907561461467464
2020	01	17	0.6149024891	0.016788100983819058	1.2741596619795414
2020	01	18	7.669649411499999	0.05036430295145717	1.1701570203660652
2020	01	19	0.028597312374099997	0.21824531278964773	1.1021441764477262
2020	01	20	0.0047344293461	0.11751670688673342	0.9743462823652144
2020	01	21	0.000824304048704	0.05036430295145717	1.1787922020738868
2020	01	22	4.3636606139000005	0.033576201967638115	0.9037728555212065
2020	01	23	2.86008490588	0.016788100983819058	1.2033379345823942
2020	01	24	1.9242578251599998	0.016788100983819058	1.1146113134967985
2020	01	25	0.45922407916299995	0.033576201967638115	1.260528108388773
2020	01	26	0.037143071215	0.06715240393527623	1.5208079140197774
2020	01	27	0.0336104212562	0.033576201967638115	1.5614448829758099
2020	01	28	0.136708695082	0.033576201967638115	1.3646797631144783
2020	01	29	0.033124596637	0.033576201967638115	1.342169209866038
2020	01	30	0.0008652581805599999	0.016788100983819058	1.7412800952447218
2020	01	31	0.9589980230399999	0.016788100983819058	1.287233985374635
2020	02	01	0.0117904712154	0.016788100983819058	1.5196509594832879
2020	02	02	0.004932063290929999	0.016788100983819058	2.120714022456386
2020	02	03	0.00332027363828	0.016788100983819058	2.1893921555152085
2020	02	04	0.0	0.016788100983819058	2.2412396260419034
2020	02	05	0.0016640161473699998	0.016788100983819058	2.196062003220617
2020	02	06	0.00173404917742	0.016788100983819058	1.6282002983731978
2020	02	07	0.107037041956	0.016788100983819058	1.5717406777447533
2020	02	08	0.28526065149999996	0.016788100983819058	1.525452969871862
2020	02	09	0.0029365556305000003	0.016788100983819058	1.5322493330233942
2020	02	10	0.0	0.016788100983819058	2.088000388930904
2020	02	11	0.00380066228509	0.016788100983819058	1.878210569615301
2020	02	12	0.0286599069545	0.0	1.435277098708049
2020	02	13	0.058007276944	0.0	1.7443579504407274
2020	02	14	0.00251488668452	0.0	2.0933317727125855
2020	02	15	0.0008300686029899999	0.0	2.1082498335507274
2020	02	16	0.00311044939795	0.0	2.254232848746475
2020	02	17	0.221477157044	0.0	1.9095802499271477
2020	02	18	0.0	0.0	1.9752046009825985
2020	02	19	0.0063162229416	0.0	2.291463604399781
2020	02	20	0.0	0.0	2.4624973813079536
2020	02	21	0.0008243041067299999	0.0	2.6387647976948507
2020	02	22	0.0008243041067299999	0.0	2.8046595211297287
2020	02	23	0.000824304164756	0.0	2.8861819356728193
2020	02	24	0.002487120083	0.0	2.83510228251628
2020	02	25	0.053020754608	0.0	2.116537610045149
2020	02	26	0.00674768938426	0.0	2.059444407148783
2020	02	27	0.0	0.0	2.519528482389113
2020	02	28	0.0019457263813500002	0.0	2.890361109940879
2020	02	29	0.5162484730349999	0.0	1.808829281784418
2020	03	01	0.53643151155	0.0	1.9561705668544405
2020	03	02	0.8673192350669999	0.0	1.866460094552098
2020	03	03	0.31020779869299997	0.0	2.3506893646503273
2020	03	04	0.135553223344	0.0	2.072228761065391
2020	03	05	0.053440466337	0.0	1.9819732808243749
2020	03	06	0.0058089093604	0.0	2.0295600983457986
2020	03	07	0.00250277965633	0.0	2.7770876818582195
2020	03	08	0.0008684081896670001	0.0	3.0220895741862424
2020	03	09	0.015798729349	0.0	2.8050330437178395
2020	03	10	0.0	0.0	3.860012502493999
2020	03	11	0.00165437270972	0.0	4.011109663482561
2020	03	12	2.04770514215e-05	0.0	3.517417943191899
2020	03	13	0.00085953730051	0.0	2.884118525937729
2020	03	14	0.039300799939299996	0.0	3.429599787400507
2020	03	15	0.067455176645	0.0	2.9912788841164706
2020	03	16	0.00382685802608	0.0	2.456788739423992
2020	03	17	2.67205436076	0.0	2.3724517038195714
2020	03	18	1.05830159182	0.0	3.4510061116992725
2020	03	19	2.5472659662	0.0	3.442587988453639
2020	03	20	26.970407432	0.0	1.8053149240563946
2020	03	21	6.980810676749999	0.0	1.9548568552193868
2020	03	22	0.0159724504891	0.0	2.675306382488028
2020	03	23	0.396636104056	0.0	2.8817231189011427
2020	03	24	0.10512264816400001	0.0	3.1046010928900176
2020	03	25	1.467100371	0.0	2.6432767510317396
2020	03	26	0.0050403433852000004	0.0	2.934330154787229
2020	03	27	0.0261418754542	0.0	2.657669404316576
2020	03	28	0.29444239560999996	0.0	2.947842796494888
2020	03	29	1.16283726831	0.0	2.8819927001749366
2020	03	30	13.1592194506	0.0	2.40453759600815
2020	03	31	2.66702708483	0.0	2.597518587519642
2020	04	01	5.1869122257	0.0	2.548360629651119
2020	04	02	0.062719829521	0.0	3.0127051154126456
2020	04	03	0.00332411824762	0.0	3.6551972216347
2020	04	04	1.21425575098	0.0	2.5235904345829465
2020	04	05	6.00838408337	0.0	2.5494849071870886
2020	04	06	0.179731125024	0.0	3.2616623828402322
2020	04	07	2.2266984279	0.0	2.7008496844821717
2020	04	08	1.0243903270299999	0.0	3.210686431412397
2020	04	09	2.93093542556	0.0	2.6958006782816657
2020	04	10	0.250205752276	0.0	3.1034102716324568
2020	04	11	3.8896091799700003	0.016788100983819058	3.172707970504348
2020	04	12	3.22429418562	0.033576201967638115	3.3857679830754686
2020	04	13	0.8718039002	0.033576201967638115	2.620011786341027
2020	04	14	11.330965255599999	0.016788100983819058	2.433941269614836
2020	04	15	0.94783952653	0.016788100983819058	2.6048202735762875
2020	04	16	7.4400981686600005	0.06715240393527623	2.8824414963524707
2020	04	17	0.8450866021799999	0.06715240393527623	2.839009676834332
2020	04	18	0.31839572183	0.06715240393527623	3.543355585690322
2020	04	19	6.542062067800001e-05	0.06715240393527623	3.3699642129536485
2020	04	20	6.96374523015	0.033576201967638115	2.4975648083071147
2020	04	21	1.31686486756	0.033576201967638115	2.8048722373121326
2020	04	22	0.011068164534499998	0.033576201967638115	3.554689662475341
2020	04	23	0.25622192664	0.05036430295145717	4.1475356849010385
2020	04	24	0.190775319985	0.06715240393527623	3.9848955317425827
2020	04	25	0.087708803789	0.05036430295145717	2.856993375697834
2020	04	26	0.41947749738	0.033576201967638115	3.3870880993281016
2020	04	27	0.32864330685000004	0.033576201967638115	3.4583914600839085
2020	04	28	0.0296009726225	0.033576201967638115	3.466303148018232
2020	04	29	0.38838709888300005	0.016788100983819058	4.069343279361774
2020	04	30	0.943096510303	0.016788100983819058	3.3191700384889424
2020	05	01	0.0560391365695	0.016788100983819058	4.504287675724345
2020	05	02	0.00142967476152	0.016788100983819058	5.397909531672581
2020	05	03	0.0008243041067299999	0.016788100983819058	6.192806295859149
2020	05	04	0.022354671235999997	0.016788100983819058	4.013685268932972
2020	05	05	0.005742670457069999	0.0	4.312090432137215
2020	05	06	0.0	0.0	4.806200989867439
2020	05	07	0.00033622063205999996	0.0	5.298769228186462
2020	05	08	0.06486561746159998	0.0	4.330816123957553
2020	05	09	3.4214656632300002	0.0	3.104255688528699
2020	05	10	3.56864667803	0.0	3.0756266589684347
2020	05	11	1.9753773772199998	0.0	2.8965288856517635
2020	05	12	6.8263188695000006	0.0	3.3260584902579895
2020	05	13	8.6718860887	0.0	3.112039397217614
2020	05	14	8.3098928219	0.0	3.1383266389806876
2020	05	15	2.2840089673199997	0.0	3.732866306529522
2020	05	16	0.472588434063	0.0	4.375926074930256
2020	05	17	0.00162189913579	0.0	5.183678257149974
2020	05	18	0.0	0.0	5.581637609533763
2020	05	19	0.0	0.0	5.865483085246416
2020	05	20	0.00166590112198	0.0	5.683404713830484
2020	05	21	0.0	0.0	6.110079845633548
2020	05	22	2.46813184818e-05	0.0	6.0737624781973185
2020	05	23	0.0	0.0	6.6366128836950855
2020	05	24	0.00083392172281	0.0	6.677184302374378
2020	05	25	0.0	0.0	6.395710922232426
2020	05	26	0.00166989969364	0.0	6.310054610291058
2020	05	27	0.0008531259110599999	0.0	6.199041894943868
2020	05	28	0.0008317243748999999	0.0	6.265460230329162
2020	05	29	0.0	0.0	6.268528490432861
2020	05	30	0.000824304048704	0.0	6.2141898917982
2020	05	31	0.406406241477	0.0	4.233570103144368
2020	06	01	0.41753114093300003	0.0	4.5352026154536045
2020	06	02	1.2187452226	0.0	4.067873759135959
2020	06	03	0.00106053075732	0.0	5.1736850514286905
2020	06	04	3.4104452685999997	0.0	3.730423566921385
2020	06	05	0.0	0.0	5.26842736725709
2020	06	06	0.0047227796595	0.0	5.379106860497054
2020	06	07	0.8131338116000001	0.0	3.7738659707037616
2020	06	08	0.0	0.0	4.900780092356013
2020	06	09	0.000824304048704	0.0	5.620826441274855
2020	06	10	0.00042079855598	0.0	5.093410793707347
2020	06	11	0.54046731656	0.0	4.006651253462197
2020	06	12	0.25363903464399995	0.0	3.7306223391128928
2020	06	13	0.009379783946699999	0.0	4.600668338742808
2020	06	14	0.0008243041067299999	0.0	5.006524563679741
2020	06	15	0.0016558354484699999	0.0	5.1086361004228324
2020	06	16	0.921142498926	0.0	4.824057466746316
2020	06	17	0.0024957688583	0.0	4.9394574063817345
2020	06	18	0.0008243041067299999	0.0	5.296375556629895
2020	06	19	0.0016555995727799999	0.0	5.599769854304695
2020	06	20	0.0	0.0	6.446414104404061
2020	06	21	0.000416706446408	0.0	6.873649319838774
2020	06	22	0.0	0.0	8.010579905099872
2020	06	23	0.0	0.0	7.499768377424271
2020	06	24	0.0	0.0	6.313354205966639
2020	06	25	0.0038542445573	0.0	5.726918837048907
2020	06	26	0.00041215205336499997	0.0	5.1836967763596515
2020	06	27	0.0090127085694	0.0	5.707143291080882
2020	06	28	0.0016659012186900002	0.0	6.719142461679333
2020	06	29	0.00124154450839	0.0	7.009349561706969
2020	06	30	0.0008300686029899999	0.0	6.716138193792502
2020	07	01	0.0033576473144899996	0.0	6.369217039790556
2020	07	02	0.000824304048704	0.0	5.652349883995602
2020	07	03	0.0008300686029899999	0.0	6.283329950224819
2020	07	04	0.00042079855598	0.0	7.698477464808091
2020	07	05	0.0016344160209599999	0.0	7.421195711818141
2020	07	06	0.00165437270972	0.0	8.210467649435357
2020	07	07	0.0	0.0	8.451111578169666
2020	07	08	0.0066328340738	0.0	5.58197691685959
2020	07	09	0.007450929495239999	0.0	6.652210597656095
2020	07	10	0.0	0.0	7.427807586679113
2020	07	11	0.00232986469079	0.0	7.093034878536549
2020	07	12	0.000824304164756	0.0	6.875298151876901
2020	07	13	0.00166590112198	0.0	7.3730311896441965
2020	07	14	0.08938344381999999	0.0	7.1110087534522775
2020	07	15	0.00125986157581	0.0	7.241566948550734
2020	07	16	0.0016659012186900002	0.0	7.477271576676141
2020	07	17	0.000824304048704	0.0	7.0953902415852355
2020	07	18	0.00023622675697099999	0.0	7.225339086451747
2020	07	19	0.00154708379624	0.0	7.372218449549169
2020	07	20	1.07324841245	0.0	7.717771038449224
2020	07	21	0.031590157093000004	0.0	5.400860233242689
2020	07	22	0.0	0.0	6.483396508943466
2020	07	23	0.000126795571926	0.0	6.547270608501088
2020	07	24	0.00042656295552999997	0.0	6.858521101508155
2020	07	25	0.0	0.0	7.534732675121832
2020	07	26	0.0010219909519299999	0.0	7.719364492781607
2020	07	27	0.0008300686029899999	0.0	6.294106866613939
2020	07	28	0.035568235903999997	0.0	6.005771860152391
2020	07	29	0.00200416717054	0.0	7.199531442959802
2020	07	30	0.0012422199310300002	0.0	6.428228927456677
2020	07	31	0.000415585422772	0.0	7.011854858789218
2020	08	01	0.00084159720867	0.0	6.930687339021934
2020	08	02	0.0	0.0	6.196637375767731
2020	08	03	0.0	0.0	5.792777760840855
2020	08	04	0.0011113117276699998	0.0	6.88762409907823
2020	08	05	0.0	0.0	6.761618671760513
2020	08	06	0.000828652343066	0.0	6.163579815486455
2020	08	07	0.0	0.0	5.946043991735411
2020	08	08	0.0	0.0	6.239643599696109
2020	08	09	0.00239073425492	0.0	5.87941823919632
2020	08	10	0.000318487954157	0.0	5.6483327918562525
2020	08	11	0.0038272791014200003	0.0	4.786821378073216
2020	08	12	1.2774408426400001	0.0	3.682281461612304
2020	08	13	0.00166273029121	0.0	5.486219547614856
2020	08	14	0.000824304048704	0.0	5.1155921117530365
2020	08	15	0.039355264109999996	0.016788100983819058	4.616851148174515
2020	08	16	0.0	0.016788100983819058	4.744226180650541
2020	08	17	0.106996288362	0.0	4.894170518844232
2020	08	18	0.00625578470407	0.0	5.201751922188708
2020	08	19	0.002340662459	0.0	5.9859934016640555
2020	08	20	0.0030581713568	0.0	5.249927132592857
2020	08	21	0.173986347933	0.0	4.202741864335111
2020	08	22	0.000838951938724	0.0	5.612260630628084
2020	08	23	0.00164860782662	0.0	6.003486203644527
2020	08	24	0.0	0.0	6.151510903669567
2020	08	25	0.0	0.0	6.294497624341904
2020	08	26	0.00042079855598	0.0	6.5278498653722545
2020	08	27	0.0093114883118	0.0	5.516166169485787
2020	08	28	0.00619752998492	0.0	4.470324452656511
2020	08	29	0.00042656295552999997	0.0	4.375577719668793
2020	08	30	0.00042079855598	0.0	4.958542899436975
2020	08	31	0.000824304048704	0.0	5.433998641613205
2020	09	01	4.0954102843e-05	0.0	4.835603875134542
2020	09	02	0.00013736186475100002	0.0	5.467805061184919
2020	09	03	0.0	0.0	5.88105324107272
2020	09	04	0.0008288446992559999	0.0	5.686792954211481
2020	09	05	0.00165300842175	0.0	5.623778013497543
2020	09	06	0.0012328542445	0.0	5.594274012354431
2020	09	07	0.0008300686029899999	0.0	5.791167120962035
2020	09	08	0.00042079855598	0.0	4.835717978117086
2020	09	09	0.00165437261301	0.0	4.637352381323102
2020	09	10	0.00083583280912	0.0	5.2168404758105815
2020	09	11	0.0	0.0	4.999172893968144
2020	09	12	0.0	0.0	4.753285156309558
2020	09	13	0.06918206908899999	0.0	3.7075088897689046
2020	09	14	0.31443842599800004	0.0	3.9202188065294536
2020	09	15	0.0033653588731800002	0.0	3.9400636280769326
2020	09	16	0.000274723739173	0.0	3.815475688823842
2020	09	17	1.77612441028	0.0	3.0037705641853862
2020	09	18	4.8142653853	0.0	2.3114158887450706
2020	09	19	0.195712907061	0.06715240393527623	3.1336397569541816
2020	09	20	0.34355233321199996	0.016788100983819058	2.955616536973245
2020	09	21	0.00040926981490599997	0.0	3.6638808437649564
2020	09	22	0.0265644875161	0.0	3.582957134995923
2020	09	23	0.98203734305	0.0	2.740227438059778
2020	09	24	0.7962639126200001	0.0	3.0375618565260916
2020	09	25	0.00042079855598	0.05036430295145717	2.806382539453753
2020	09	26	0.0	0.05036430295145717	3.2450839363533204
2020	09	27	0.000433139187175	0.0	3.185897119771128
2020	09	28	0.0	0.0	4.073633659490492
2020	09	29	0.0012387668037699999	0.0	4.229465637121777
2020	09	30	0.00207805293357	0.0	3.628660573098267
2020	10	01	0.0526199806312	0.0	2.9388198425302656
2020	10	02	1.38931990285	0.0	2.3480677367489506
2020	10	03	0.00125086706226	0.05036430295145717	2.499643084236923
2020	10	04	0.1200286039835	0.033576201967638115	2.676235074542203
2020	10	05	0.0	0.05036430295145717	2.911511727534772
2020	10	06	0.0008243041067299999	0.016788100983819058	3.465463571960552
2020	10	07	2.46813184818e-05	0.0	3.771381735920769
2020	10	08	0.00249051518426	0.0	3.808367985482649
2020	10	09	0.00042079857532199995	0.0	3.5999056995089873
2020	10	10	0.00348446565195	0.0	3.677204809447889
2020	10	11	0.00042656295552999997	0.0	3.421617014909374
2020	10	12	0.0029156624021000003	0.0	2.910413396946481
2020	10	13	0.00042079851729600004	0.0	3.1925518185342185
2020	10	14	0.0	0.0	2.3528937910769057
2020	10	15	0.0	0.016788100983819058	2.4694100228469935
2020	10	16	0.000818150874954	0.016788100983819058	2.860450406244473
2020	10	17	0.00123933758619	0.0	2.7030359352747593
2020	10	18	0.0	0.0	3.0060711327876986
2020	10	19	16.8051497008	0.0	2.3234534297076106
2020	10	20	43.3026017133	0.0	1.5864401242005488
2020	10	21	4.378212567599999	0.0	1.6928690713641026
2020	10	22	1.43332720809	0.0	1.7603879741287107
2020	10	23	0.246597008955	0.0	1.97587926800794
2020	10	24	2.46813184818e-05	0.016788100983819058	2.0071087999905783
2020	10	25	3.47578805707	0.0	1.9826381474496602
2020	10	26	0.00041774832258	0.0	1.591127884720577
2020	10	27	0.0	0.016788100983819058	1.8870097131802517
2020	10	28	0.00313501576886	0.0	2.0893317088355023
2020	10	29	0.0009568641555739998	0.0	2.3584351740975977
2020	10	30	0.00332736035366	0.0	2.5438739310685707
2020	10	31	0.000824304048704	0.0	2.4230383003029385
2020	11	01	0.00023622675697099999	0.0	2.165014830908288
2020	11	02	0.099938992164	0.0	1.6441133415312574
2020	11	03	0.055986976031	0.0	1.708592495365563
2020	11	04	6.27121043262	0.0	1.668426162828107
2020	11	05	24.0815375683	0.0	1.1681128405294536
2020	11	06	14.4627358237	0.016788100983819058	1.1577425535485342
2020	11	07	0.743338833215	2.1488769259288394	1.5877268479956912
2020	11	08	10.398788203699999	0.5036430295145717	1.221528705938623
2020	11	09	0.29084077014500004	1.0576503619806006	1.4494508716252512
2020	11	10	0.00189428256066	0.36933822164401925	1.77072944342101
2020	11	11	0.0	0.21824531278964773	1.8269744698005945
2020	11	12	0.0033248070162399997	0.13430480787055246	1.7826601122806678
2020	11	13	0.19892299242	0.10072860590291434	1.5798391126505331
2020	11	14	3.3283639133299996	0.06715240393527623	1.5496345974587387
2020	11	15	0.0185080135782	0.016788100983819058	1.7383941200475006
2020	11	16	0.027200563692600002	0.0	1.6166599617732818
2020	11	17	0.0037329856909	0.016788100983819058	1.9583985123335677
2020	11	18	0.00183276842438	0.033576201967638115	1.897030512547281
2020	11	19	0.00017071247265799998	0.05036430295145717	1.9748291083277787
2020	11	20	0.0	0.05036430295145717	1.7174575189868804
2020	11	21	0.00042079855598	0.033576201967638115	1.7017049538014801
2020	11	22	0.0	0.10072860590291434	1.5724685090147719
2020	11	23	0.0	0.13430480787055246	1.5921252452808956
2020	11	24	0.00242130244843	0.10072860590291434	1.5259975550165539
2020	11	25	7.710674760599999	0.016788100983819058	0.8728603247957539
2020	11	26	1.46089265281	0.0	0.9520937248882966
2020	11	27	1.1235758129	0.016788100983819058	1.0217764533458684
2020	11	28	2.43199045079	0.016788100983819058	1.3477035240707878
2020	11	29	0.768952583096	0.06715240393527623	1.298317644863059
2020	11	30	1.70824027643	0.13430480787055246	1.2012521977236876
2020	12	01	0.000377692365507	0.23503341377346684	1.4643789870395574
2020	12	02	0.00206364178963	0.21824531278964773	1.4319662352196534
2020	12	03	0.0	0.13430480787055246	1.3454518280875456
2020	12	04	3.8907961017999995	0.033576201967638115	1.000834813227848
2020	12	05	0.00846595713375	0.18466911082200962	1.0228506031288793
2020	12	06	0.094423301721	0.36933822164401925	1.0425669668078437
2020	12	07	0.427103738508	0.30218581770874303	1.016571345565874
2020	12	08	0.6556776881140001	0.21824531278964773	1.0352267006684914
2020	12	09	0.5245144508130001	0.21824531278964773	1.1983184573439425
2020	12	10	2.56588438198	0.11751670688673342	1.0604705047478313
2020	12	11	1.58875342736	0.033576201967638115	0.6645865043850588
2020	12	12	1.54357728506	0.033576201967638115	0.6980974083776117
2020	12	13	0.70289688719	0.05036430295145717	0.9235216439130317
2020	12	14	2.5895875194299998	0.016788100983819058	1.0547541912591647
2020	12	15	0.157585695544	0.16788100983819057	1.1147600491624445
2020	12	16	11.579039945	0.13430480787055246	0.9000975187644927
2020	12	17	0.000824304048704	0.3861263226278383	1.1855703474714585
2020	12	18	0.00112223405836	0.3861263226278383	1.3483657904390147
2020	12	19	14.9017479674	0.7722526452556766	0.956597231476156
2020	12	20	0.00130252209759	3.9452037311974784	1.1276230459902545
2020	12	21	0.0061816277662000004	2.266393632815573	1.309504639799839
2020	12	22	0.012985574711400001	0.4700668275469337	1.3919643170799303
2020	12	23	0.392711776663	0.28539771672492403	0.8959970055680428
2020	12	24	0.005988644218429999	0.18466911082200962	0.9576912407519321
2020	12	25	0.0012451022758700001	0.20145721180582868	1.256699053702716
2020	12	26	0.00207805293357	0.3189739186925621	1.015538254001517
2020	12	27	0.018948428016900002	0.2686096157411049	1.1267113800307123
2020	12	28	0.65096748559	0.10072860590291434	0.9054493110734831
2020	12	29	1.5690984738	0.10072860590291434	0.9522931516249656
2020	12	30	0.000824304048704	0.2686096157411049	1.0731716824813486
2020	12	31	0.7156540580259999	0.25182151475728587	1.152162856464315
2021	01	01	0.49650391766	0.18466911082200962	0.8486454341778813
2021	01	02	0.022286664764	0.21824531278964773	0.955509233582567
2021	01	03	0.00509345622707	0.25182151475728587	1.1197052317758236
2021	01	04	0.5073663848600001	0.16788100983819057	1.0684048309176537
2021	01	05	0.00191624085629	0.10072860590291434	0.9660291536388341
2021	01	06	0.85993129705	0.10072860590291434	0.9996752473052184
2021	01	07	0.045667786927	0.06715240393527623	0.8690286770524959
2021	01	08	7.26165738714	0.016788100983819058	0.5415472212525431
2021	01	09	0.469698255713	0.05036430295145717	0.8257996016148182
2021	01	10	0.020158678233099997	0.15109290885437152	1.0026592044710685
2021	01	11	0.00166590112198	0.3189739186925621	1.0629662466041234
2021	01	12	0.0024879924072	0.48685492853075263	1.1665702967009643
2021	01	13	0.000824304048704	0.4532787265631145	1.1449124889545768
2021	01	14	0.000824304048704	0.3525501206602002	1.2558615677670633
2021	01	15	0.000745668074223	0.23503341377346684	1.3112272958758249
2021	01	16	0.0	0.18466911082200962	1.3635736905908822
2021	01	17	0.0	0.15109290885437152	1.5380254348409126
2021	01	18	0.00042079855598	0.10072860590291434	1.5070479278342004
2021	01	19	0.118624621394	0.05036430295145717	1.42870653966582
2021	01	20	11.5626485671	0.0	1.1048367549909408
2021	01	21	2.03334380386	0.0	1.188677291008603
2021	01	22	0.69721120958	0.0	1.0566110141688405
2021	01	23	0.399649645682	0.0	1.1170857761253936
2021	01	24	0.5210651629399999	0.0	1.02724626126498
2021	01	25	2.36969837927	0.0	1.0366408803691576
2021	01	26	0.43913602921	0.08394050491909529	1.0774850095182353
2021	01	27	0.13601541977599999	0.033576201967638115	1.3745079412498582
2021	01	28	0.0515643474617	0.0	1.6827673027152505
2021	01	29	0.10786142217349999	0.0	1.3959218154582058
2021	01	30	0.17272551065	0.0	1.1175259113643063
2021	01	31	1.8962714018099998	0.0	1.1083218958688155
2021	02	01	0.33076048217	0.0	1.0222951345017992
2021	02	02	0.32500279429400003	0.0	1.3222463051669986
2021	02	03	3.26843417698	0.0	1.194168303593115
2021	02	04	22.1530579648	4.599939669566422	0.8881649979837561
2021	02	05	35.7369329596	7.907195563378776	0.8011572067796653
2021	02	06	2.28397763328	2.048148320025925	0.8471581325394095
2021	02	07	1.26354970837	1.3766242806731628	1.2886904283551726
2021	02	08	4.373926960659999	1.0240741600129626	1.2835980677201873
2021	02	09	6.3927872814999995	0.4700668275469337	0.8658361108926
2021	02	10	1.96265130832	2.266393632815573	1.185278242670339
2021	02	11	0.89196522732	2.1824531278964776	1.2586065124827939
2021	02	12	0.733445303505	1.0744384629644197	1.6907409745563358
2021	02	13	0.0019923178745	0.8561931501747719	1.8576201645283237
2021	02	14	0.0024909971869	0.5036430295145717	2.440620957337411
2021	02	15	0.0008243041067299999	0.36933822164401925	1.8640333693969346
2021	02	16	0.0017927820308099999	0.28539771672492403	1.9756237159879353
2021	02	17	0.1114380287615	0.11751670688673342	2.1410153573676873
2021	02	18	0.0045198646717	0.05036430295145717	2.1705838687240746
2021	02	19	0.0042049382277	0.033576201967638115	1.846843524733428
2021	02	20	0.9916778794	0.0	1.6720774502645812
2021	02	21	7.7960706577	0.016788100983819058	1.4418975223370714
2021	02	22	0.27729377841	0.21824531278964773	1.9560873347559156
2021	02	23	0.00147137437274	0.3189739186925621	1.8277388888201234
2021	02	24	0.0009574656530900001	0.23503341377346684	2.1032660416198987
2021	02	25	11.174046510899998	1.4605647855922579	1.365239255731482
2021	02	26	8.986454705699998	13.111506868362683	1.5080167911800857
2021	02	27	0.043350857102	3.1057986820065255	2.157717385928066
2021	02	28	0.377056932452	0.6211597364013051	2.222898242583526
2021	03	01	0.9458615169	0.3189739186925621	2.2772128137515875
2021	03	02	0.228809419114	0.33576201967638114	2.204487189960743
2021	03	03	0.0208147153536	0.20145721180582868	2.5399993505614615
2021	03	04	7.464443363799999	0.06715240393527623	1.7357921553137348
2021	03	05	5.49315633603	2.299969834783211	1.7156420528373786
2021	03	06	0.5270979327399999	5.506497122692651	2.4471345980347734
2021	03	07	0.19340958433299998	0.6715240393527623	2.43441158405338
2021	03	08	0.02991095235	0.28539771672492403	1.7258158235767398
2021	03	09	2.04770514215e-05	0.23503341377346684	2.365566371037495
2021	03	10	0.00125086725568	0.23503341377346684	2.587891029848223
2021	03	11	0.0224173083688	0.21824531278964773	2.6014586099764436
2021	03	12	0.09603368762799999	0.11751670688673342	2.105835848632853
2021	03	13	0.00166590112198	0.13430480787055246	2.415048195896266
2021	03	14	0.00166400647637	0.13430480787055246	2.7819319418197384
2021	03	15	0.0	0.05036430295145717	3.1400686890583236
2021	03	16	0.0	0.016788100983819058	3.1006400486830152
2021	03	17	0.00042079857532199995	0.0	3.3656800878012176
2021	03	18	0.0008243041067299999	0.0	2.496430523325921
2021	03	19	0.00290468455987	0.0	2.68077603546422
2021	03	20	0.00664225498174	0.016788100983819058	2.0732007551774028
2021	03	21	0.00166301868043	0.10072860590291434	2.773866840725104
2021	03	22	0.0	0.05036430295145717	3.1569941486242783
2021	03	23	0.00042079851729600004	0.033576201967638115	3.4092647822120457
2021	03	24	0.0009510996786560001	0.033576201967638115	3.358415694181674
2021	03	25	0.000827186287163	0.016788100983819058	3.42510630059156
2021	03	26	0.00041215205336499997	0.0	3.2919253373213073
2021	03	27	0.0642705501935	0.0	3.7868684971488475
2021	03	28	0.0119387373164	0.0	3.595623858342747
2021	03	29	0.518446294824	0.0	3.24646314288195
2021	03	30	0.020408645537199996	0.0	3.8388176294367935
2021	03	31	0.21949078199900002	0.0	3.491652663937829
2021	04	01	1.1114953799600003	0.0	2.63742119979191
2021	04	02	0.07355641712500001	0.0	2.5863686806934965
2021	04	03	0.072711200738	0.0	2.8013701498473504
2021	04	04	0.05267546605949999	0.0	3.4544308205923917
2021	04	05	0.132792288238	0.0	3.67753230692417
2021	04	06	0.014237868632999999	0.0	3.9248085067547787
2021	04	07	0.00203255155554	0.0	4.018870404000982
2021	04	08	0.9597896911	0.0	3.1343463731707266
2021	04	09	1.1285244636	0.0	3.0841733163019778
2021	04	10	6.3301491815999995	0.0	2.7472929359973044
2021	04	11	0.214073271548	0.0	3.108954956415402
2021	04	12	0.0337568053806	0.0	3.8258783742498093
2021	04	13	0.08477484482200001	0.0	3.9306994961046318
2021	04	14	5.01729497445	0.0	2.93354009033504
2021	04	15	6.80072698575	0.0	2.9871796676718843
2021	04	16	2.72649522435	0.0	3.362760205586928
2021	04	17	0.0007114666504200001	0.0	4.0848359111528465
2021	04	18	0.00042079855598	0.0	4.003259917842496
2021	04	19	0.0463880655992	0.0	3.772993747891359
2021	04	20	0.33503187273999996	0.0	3.020085463650119
2021	04	21	2.40374687555	0.0	3.27335864732008
2021	04	22	0.12346976338099999	0.0	3.5150868835488676
2021	04	23	0.48873239877	0.0	3.615078835393851
2021	04	24	2.6093118140599993	0.0	2.9318778632483746
2021	04	25	6.809604480199999	0.0	2.8222736141739437
2021	04	26	3.9763392882299997	2.2831817337993923	2.7559845461386425
2021	04	27	1.57068587174	6.010140152207223	3.463366558161693
2021	04	28	1.68737992943	0.8394050491909528	2.8402386867948293
2021	04	29	0.00178944795356	0.21824531278964773	2.8816018251350313
2021	04	30	0.007339243564899999	0.11751670688673342	3.4859778739035674
2021	05	01	0.00026090804837399997	0.20145721180582868	3.283561617549268
2021	05	02	0.0	0.20145721180582868	3.9963753582144497
2021	05	03	0.0026665538827999997	0.10072860590291434	4.643129948510481
2021	05	04	0.011319015768	0.033576201967638115	4.935178765637665
2021	05	05	0.000824304048704	0.016788100983819058	5.001578834325387
2021	05	06	0.0008243041067299999	0.0	4.957793852059023
2021	05	07	0.00041215205336499997	0.0	5.283136538320847
2021	05	08	0.000824304048704	0.0	4.958657555596231
2021	05	09	6.18734477785	0.0	3.1405964447057118
2021	05	10	5.431278086600001	0.016788100983819058	3.1337660306937845
2021	05	11	0.018283480037	0.13430480787055246	3.65926829843267
2021	05	12	0.070931166149	0.08394050491909529	4.091744521056336
2021	05	13	0.0418081827015	0.033576201967638115	4.294189668571961
2021	05	14	0.0026278004450199996	0.016788100983819058	4.462705858361751
2021	05	15	0.0016601364323	0.0	5.332031889330262
2021	05	16	0.0251848197548	0.0	4.551202844335564
2021	05	17	0.0008243041067299999	0.0	5.052225303679366
2021	05	18	0.0008547499330769999	0.0	5.18329015274044
2021	05	19	0.0008300686029899999	0.0	5.959789920098064
2021	05	20	0.000824304164756	0.0	6.464269642532759
2021	05	21	0.00746165163623	0.0	5.39650042384819
2021	05	22	0.0	0.0	4.460472859406335
2021	05	23	0.0	0.016788100983819058	4.300992093931206
2021	05	24	0.264818352817	0.033576201967638115	4.236594675642137
2021	05	25	0.0	0.016788100983819058	6.1733905363487915
2021	05	26	0.00165863752401	0.0	5.879367006243374
2021	05	27	0.0083236778653	0.0	5.426076814272389
2021	05	28	0.0	0.0	6.234151538686792
2021	05	29	0.0	0.0	6.551208324647831
2021	05	30	0.000824304164756	0.0	6.370015765203834
2021	05	31	0.027355588855499997	0.0	5.558307810043062
2021	06	01	0.15573199694799997	0.0	4.552319544307802
2021	06	02	0.0	0.0	5.149639978592234
2021	06	03	0.00123515004319	0.0	5.216222398131927
2021	06	04	0.0	0.0	5.889830691394476
2021	06	05	0.0164878499934	0.0	6.206972584971694
2021	06	06	0.0	0.0	6.513454611305068
2021	06	07	0.0	0.0	7.0615456938707855
2021	06	08	0.00042079855598	0.0	7.366593715901798
2021	06	09	0.0	0.0	7.3366056070853745
2021	06	10	0.0	0.0	7.156332873660482
2021	06	11	0.00359803974833	0.0	5.928560780056735
2021	06	12	0.04892994095	0.0	5.693320469355793
2021	06	13	0.08580898419399999	0.0	5.7679565047835215
2021	06	14	0.0	0.0	6.463660819473648
2021	06	15	0.0575251253706	0.0	6.088889928770559
2021	06	16	0.06853490511100001	0.0	5.087291925391022
2021	06	17	1.1651839364599998	0.0	3.3753691897098275
2021	06	18	5.4367673462	0.0	3.8657779887687673
2021	06	19	0.6276553466699999	0.016788100983819058	3.759398025688874
2021	06	20	0.88647258287	0.016788100983819058	3.565493794376038
2021	06	21	0.6867277101859999	0.016788100983819058	4.236067658764263
2021	06	22	0.00015153465722499997	0.033576201967638115	5.332150270691572
2021	06	23	0.00124292543048	0.0	6.037261078666725
2021	06	24	0.00124831710969	0.0	6.741202361310256
2021	06	25	0.0008243041067299999	0.0	6.854845520519498
2021	06	26	0.0	0.0	6.311307697527643
2021	06	27	0.008941361734	0.0	5.365612075102844
2021	06	28	0.0008243041067299999	0.0	5.609985450994675
