1980	01	01	0.0316269860739	0.0	0.7183919415382158
1980	01	02	0.034045202165	0.0	0.6879748902121777
1980	01	03	0.00103687724321	0.0	0.833050840273554
1980	01	04	0.00274005545562	0.0	0.8869608417288167
1980	01	05	0.00110035623891	0.0	0.8990291614393727
1980	01	06	0.0020559377276399998	0.0	0.8226947214807157
1980	01	07	0.00405920595162	0.0	0.782864625640397
1980	01	08	0.000691673064169	0.0	0.9527068148220609
1980	01	09	0.00124675919944	0.0	0.7828580661812027
1980	01	10	0.0030447395093100003	0.0	0.7401556091627539
1980	01	11	0.0043244490605	0.0	0.87304250121551
1980	01	12	1.18699007442	0.0	0.5761722260685528
1980	01	13	0.045003628434400006	0.0	0.6353607276564209
1980	01	14	0.547778732022	0.0	0.6625543685948933
1980	01	15	0.7707543645400001	0.0	0.8492014677093065
1980	01	16	10.029111507000001	0.0	0.6308554879265746
1980	01	17	0.0120848533212	0.0	0.7175431944802385
1980	01	18	0.00034822157414	0.0	0.8587543397200733
1980	01	19	1.4982185813600002	0.0	0.8604215521087788
1980	01	20	0.33480078323000007	0.0	0.8091419626821738
1980	01	21	0.236475020891	0.0	0.9205686160626094
1980	01	22	0.00147298488227	0.0	0.9015562744221244
1980	01	23	0.015925972400900004	0.0	0.8971349469530802
1980	01	24	0.055145063647	0.0	0.8526543215543098
1980	01	25	0.00103741360427	0.0	1.0809532044793002
1980	01	26	0.00205593844791	0.0	1.243961525230627
1980	01	27	0.006588064798200001	0.0	0.9451598756852752
1980	01	28	0.06792253340200001	0.0	0.8190595397386242
1980	01	29	0.05217383785500001	0.0	0.9022973345709268
1980	01	30	0.00388743364115	0.0	1.0154714023736116
1980	01	31	4.29814127878	0.0	0.9148633295978653
1980	02	01	0.00034822157414	0.0	1.0183729494557676
1980	02	02	0.000682132791908	0.0	1.0938207427117062
1980	02	03	0.0	0.0	1.2624318608516611
1980	02	04	0.013996404284100001	0.0	1.1922369059351678
1980	02	05	0.0033726994882	0.0	1.2094314048510428
1980	02	06	0.011225600022000001	0.0	1.0362692564178804
1980	02	07	0.0009230531351699999	0.0	1.0575723327330027
1980	02	08	0.0006791310266680001	0.0	1.0972935856704662
1980	02	09	0.061137734055999995	0.0	1.171722730060628
1980	02	10	0.00171487219601	0.0	1.1633299655901939
1980	02	11	0.002058323582	0.0	1.1995389994569299
1980	02	12	0.050739860315	0.0	1.1013187571881433
1980	02	13	1.30703123298	0.0	1.0980778961916255
1980	02	14	0.00085854039196	0.0	1.3257260901033865
1980	02	15	0.00607491748009	0.0	1.2264313810129954
1980	02	16	0.338910859931	0.0	1.1596143300546842
1980	02	17	0.00117335768419	0.0	1.2218289221767678
1980	02	18	1.06811223194	0.0	1.0695734686312781
1980	02	19	7.073174646200001	0.0	0.8993940648799085
1980	02	20	1.45096742882	0.0	1.0946054200710287
1980	02	21	2.0025698822	0.0	1.109766928737796
1980	02	22	11.1848079307	0.0	0.972545254701901
1980	02	23	3.9309151406	1.3080298734442846	1.0958861453524344
1980	02	24	0.8375497234099999	0.3757107083297413	1.5421660212579027
1980	02	25	0.0211750272586	0.1948129598746807	1.433851058332421
1980	02	26	0.00034822157414	0.08349126851772029	1.3150444350920505
1980	02	27	0.60951304171	0.041745634258860145	1.3135286634404713
1980	02	28	8.117739011000001	0.041745634258860145	1.2018788232415545
1980	02	29	11.0272400649	0.08349126851772029	1.0523993490896304
1980	03	01	1.17116390183	0.08349126851772029	1.1463093832108708
1980	03	02	3.84575961925	0.041745634258860145	1.109961840902861
1980	03	03	2.02317168498	0.041745634258860145	1.2213250888452984
1980	03	04	0.00693356911375	0.15306732561582054	1.5225661484044806
1980	03	05	0.0017154865863200004	0.1948129598746807	1.4592941728537812
1980	03	06	0.08596134342	0.08349126851772029	1.5893526660697619
1980	03	07	0.088026549582	0.041745634258860145	1.3584381598446664
1980	03	08	0.0006821327438900001	0.041745634258860145	1.4097928006881992
1980	03	09	0.00206273667629	0.041745634258860145	1.8782221511266481
1980	03	10	0.0010279687837900001	0.027830422839240095	1.8918694200477248
1980	03	11	0.0	0.013915211419620047	1.8522787477939522
1980	03	12	0.0	0.013915211419620047	1.9688267265074193
1980	03	13	0.000696443268325	0.013915211419620047	1.6294706929153773
1980	03	14	0.0	0.013915211419620047	1.5306881788612872
1980	03	15	0.30889357566900005	0.013915211419620047	1.7086668316568043
1980	03	16	0.0196407409169	0.013915211419620047	1.5065860495398808
1980	03	17	4.01997292475	0.013915211419620047	1.1686164946397806
1980	03	18	3.68020067792	0.027830422839240095	1.2282249161839427
1980	03	19	0.66951001214	0.041745634258860145	1.243221223253029
1980	03	20	3.1725187685700003	0.08349126851772029	1.194507398960315
1980	03	21	7.3382836248	5.092967379580937	1.4242611294537604
1980	03	22	3.2836242575099996	5.482593299330299	1.4396770546694193
1980	03	23	0.82729403897	0.6957605709810024	1.496971295663577
1980	03	24	0.21215288751	0.4174563425886014	1.9153268174162168
1980	03	25	0.10721579885300002	0.22264338271392076	1.6260972110480734
1980	03	26	0.0067740281083000006	0.11132169135696038	1.3805559555110358
1980	03	27	0.35118100351	0.09740647993734035	1.607917222137844
1980	03	28	0.567483086385	0.05566084567848019	1.7247228612157492
1980	03	29	0.056075103481200005	0.041745634258860145	1.9223989668516581
1980	03	30	0.0219535406917	0.041745634258860145	2.328244775378473
1980	03	31	0.00034106641195999997	0.027830422839240095	2.533666870534409
1980	04	01	0.0	0.013915211419620047	2.9303094249852415
1980	04	02	0.00067736263577	0.013915211419620047	2.9638280362814875
1980	04	03	0.00130951464391	0.0	2.402410326315899
1980	04	04	0.099379821463	0.0	2.2269158756487615
1980	04	05	0.0017777633713600002	0.0	2.5880420191620104
1980	04	06	0.00034822161415500003	0.0	2.0198954244850325
1980	04	07	0.0034117589299999997	0.0	2.354596113273067
1980	04	08	0.000352991818311	0.0	2.401843110316836
1980	04	09	0.0006869029080310001	0.0	2.587924650193886
1980	04	10	0.004933330905600001	0.0	2.0064525287269745
1980	04	11	2.2002135708	0.0	1.2178003454372548
1980	04	12	2.6980233795	0.0	1.5037377358009814
1980	04	13	3.4002970334000007	0.0	1.5671719188710533
1980	04	14	7.9393401365	20.30229346122565	1.8212425377048564
1980	04	15	0.00403468660031	5.190373859518278	1.86287156178155
1980	04	16	0.00102558356967	0.8209974737575828	2.2351237644743964
1980	04	17	0.10417481891300003	0.3061346512316411	2.281370904249411
1980	04	18	0.623791161998	0.09740647993734035	2.3446342110260705
1980	04	19	0.064849285366	0.05566084567848019	2.5249354830673623
1980	04	20	0.00034822157414	0.041745634258860145	2.916360777617166
1980	04	21	0.068593104772	0.041745634258860145	2.5520861779955766
1980	04	22	0.121755025019	0.027830422839240095	2.2320471784571585
1980	04	23	0.0054942230012900006	0.0	2.752888747847162
1980	04	24	0.005662493278990001	0.0	2.5008159153031273
1980	04	25	2.8821630459900005	0.0	2.1298811238089095
1980	04	26	1.8584368925900001	0.0	2.127895995882136
1980	04	27	0.0043277030803	0.0	2.630833218782628
1980	04	28	1.08852476377	0.0	2.3308634635540275
1980	04	29	2.1882228359600004	0.0	1.9061637403792335
1980	04	30	0.25612599524400004	0.0	2.4187975939107034
1980	05	01	0.0495194476318	0.0	2.1395811871758372
1980	05	02	13.755705255800002	0.0	1.888821632890564
1980	05	03	2.91733359	0.0	2.1251865624833357
1980	05	04	2.3629428113900004	0.0	2.326606027712695
1980	05	05	7.0373452152	0.0	1.859737275327076
1980	05	06	1.2845995442500002	0.0	2.051957308134856
1980	05	07	1.00300726673	0.0	2.108222418858077
1980	05	08	0.59692704373	0.0	2.3519743593840547
1980	05	09	0.0	0.0	2.838211089737484
1980	05	10	0.00208019682139	0.0	2.7759738339308075
1980	05	11	4.813651642700001	0.0	2.150022462406388
1980	05	12	1.21552116957	0.0	1.9509141045589922
1980	05	13	0.0006869030120699999	0.0	2.5985323173965793
1980	05	14	0.0006869030120699999	0.0	2.9785330940652583
1980	05	15	0.00137421945912	0.0	3.2600878436099237
1980	05	16	0.0024069365028400003	0.0	3.226334818701389
1980	05	17	0.0008710967788400001	0.0	3.3820217135320925
1980	05	18	0.0017179599935	0.0	3.36579311203039
1980	05	19	0.0	0.0	3.2761454242009562
1980	05	20	0.0	0.0	3.5184320543781222
1980	05	21	0.0	0.0	3.7001060794957077
1980	05	22	0.0	0.0	3.380674592033065
1980	05	23	0.0006821327438900001	0.0	2.6717886542123606
1980	05	24	0.000349226254754	0.0	2.953336525243552
1980	05	25	0.000342179325146	0.0	2.964649724356836
1980	05	26	0.07356744945200001	0.0	2.878689835737295
1980	05	27	5.8249603413	0.0	1.5706177228191174
1980	05	28	0.0007619306568899999	0.0	3.0224112252413673
1980	05	29	0.00103658305293	0.0	2.892478156508969
1980	05	30	0.012617055222099998	0.0	3.1790054815873416
1980	05	31	0.200385652451	0.0	3.0745712450724723
1980	06	01	0.0010303539979100002	0.0	4.076865951923406
1980	06	02	0.00206547858412	0.0	3.6577319133668618
1980	06	03	0.000682132791908	0.0	3.058716686705313
1980	06	04	0.000184114401019	0.0	4.355752499896347
1980	06	05	0.0020666425404399997	0.0	4.659242781123536
1980	06	06	0.0006869030120699999	0.0	4.206254622115156
1980	06	07	0.00137177750373	0.0	3.753125645572688
1980	06	08	0.0	0.0	3.447280306963634
1980	06	09	0.00060965229391	0.0	3.287574352359815
1980	06	10	0.0017078542052500003	0.0	3.5118887235450353
1980	06	11	0.8234715660800002	0.0	2.8295124660381044
1980	06	12	0.202169937307	0.0	2.4574561964777337
1980	06	13	0.466185105882	0.0	2.333150733649003
1980	06	14	0.252720270576	0.0	2.6713456668446787
1980	06	15	0.000682132791908	0.0	3.4264181418431447
1980	06	16	0.000684517821959	0.0	3.8207999792715928
1980	06	17	0.0013785758921700001	0.0	4.054958861049564
1980	06	18	0.00034822161415500003	0.0	4.387285292359564
1980	06	19	0.0006869030120699999	0.0	4.234271070022052
1980	06	20	0.0006821327438900001	0.0	4.139877023150691
1980	06	21	0.0	0.0	4.327177052186686
1980	06	22	0.0017161050581600001	0.0	3.6076283336678707
1980	06	23	0.0008619089346900001	0.0	3.5250789960798024
1980	06	24	0.0	0.0	4.099213969997347
1980	06	25	0.0	0.0	3.8651656669769676
1980	06	26	0.0	0.0	4.1432644773549105
1980	06	27	0.00131231217259	0.0	2.6335450665708557
1980	06	28	0.00034822157414	0.0	3.6529182883415774
1980	06	29	0.0	0.0	4.153677605928994
1980	06	30	0.00036114689932000005	0.0	3.621570248496846
1980	07	01	0.0006821327438900001	0.0	3.692417531489167
1980	07	02	0.0017095180289499999	0.0	4.487088110436444
1980	07	03	0.0006869030120699999	0.0	4.484003549764875
1980	07	04	0.0006869030120699999	0.0	4.085829882062915
1980	07	05	0.00068764144888	0.0	3.7085788104929174
1980	07	06	0.0	0.0	4.141009909764828
1980	07	07	0.0010280669806	0.0	4.339429128580832
1980	07	08	0.000348906582922	0.0	3.5753581366063
1980	07	09	0.0010347570084200002	0.0	3.4138999069848674
1980	07	10	0.000682132791908	0.0	3.9755671020173264
1980	07	11	0.00034822157414	0.0	4.2359745483154985
1980	07	12	0.00068866647312	0.0	4.550472436519499
1980	07	13	0.000677362683788	0.0	4.337138323324545
1980	07	14	0.0010279688638199999	0.0	4.214745028849196
1980	07	15	0.00103273921203	0.0	4.5049227121529025
1980	07	16	0.00221501071765	0.0	3.7802662713860915
1980	07	17	0.0024001890935099997	0.0	3.474406715930048
1980	07	18	0.00033868127787000003	0.0	4.5933239754490485
1980	07	19	0.000682132791908	0.0	4.626757039683179
1980	07	20	0.0	0.0	4.648753063429775
1980	07	21	0.0013688275179000002	0.0	4.5950175504135125
1980	07	22	0.00206126404426	0.0	3.9064966842584443
1980	07	23	0.00068500630107	0.0	3.9578754790306663
1980	07	24	0.00103173987742	0.0	4.519974168444563
1980	07	25	0.00146472994783	0.0	3.7115109597872666
1980	07	26	0.00068345363904	0.0	3.77965201294254
1980	07	27	0.0	0.0	3.830475767774708
1980	07	28	0.575734571532	0.0	2.6335080383210165
1980	07	29	0.008665651601200001	0.0	3.033652440979744
1980	07	30	0.0013642651676600002	0.0	3.852380403386123
1980	07	31	0.0	0.0	3.8874389200709145
1980	08	01	0.0006869030120699999	0.0	3.9649469678188325
1980	08	02	0.0006821327438900001	0.0	3.6433064033121783
1980	08	03	4.9091346354000007e-05	0.0	3.961128953211188
1980	08	04	0.0020698123686800005	0.0	4.340994704823912
1980	08	05	0.00034822157414	0.0	4.649604961686108
1980	08	06	0.00103512450618	0.0	4.174554984470416
1980	08	07	0.0017204913424	0.0	4.078603749657233
1980	08	08	0.000352991818311	0.0	3.959458511550637
1980	08	09	0.00067942941052	0.0	3.983983593084312
1980	08	10	0.0010302419559100001	0.0	3.9948334138663655
1980	08	11	0.0	0.0	4.147174052361816
1980	08	12	0.00043353133730900003	0.0	4.288412072431282
1980	08	13	0.0010279688638199999	0.0	3.8504612849232602
1980	08	14	0.00171762210684	0.0	3.191246390042288
1980	08	15	0.00035299176229	0.0	3.154830211521977
1980	08	16	0.0	0.0	4.033385015405073
1980	08	17	0.00069589822401	0.0	4.0950318482827175
1980	08	18	0.00137142016978	0.0	3.521254767248016
1980	08	19	0.24609862839100002	0.0	2.5629817072778147
1980	08	20	0.636029341595	0.0	2.199187646834869
1980	08	21	0.00103273929206	0.0	3.854669000987008
1980	08	22	0.00111015759304	0.0	3.7334352729922657
1980	08	23	0.0014101058714800002	0.0	3.7075556245098045
1980	08	24	0.000352991818311	0.0	3.304864205684309
1980	08	25	0.23001158201000002	0.0	2.583791329260881
1980	08	26	3.05604734816	0.0	1.9488742962240775
1980	08	27	0.033718735786	0.0	2.879903066616201
1980	08	28	0.0	0.0	3.606310643560254
1980	08	29	0.00035318556293800004	0.0	3.520209504786841
1980	08	30	0.0006900386675	0.0	3.816245807023344
1980	08	31	0.0006869029320400001	0.0	3.88102891509326
1980	09	01	0.0	0.0	2.946962150250652
1980	09	02	0.0013785758921700001	0.0	3.356324844342143
1980	09	03	0.00137619059802	0.0	2.9476733417160452
1980	09	04	0.0007053937034800001	0.0	2.93010084826797
1980	09	05	0.0	0.0	3.3901368052093095
1980	09	06	0.00035299176229	0.0	2.5878277660618783
1980	09	07	0.0199951049536	0.0	2.3865912456859295
1980	09	08	0.010109909795	0.0	2.6487320874572258
1980	09	09	0.00094019115952	0.0	2.528600351287434
1980	09	10	0.040388061445600004	0.0	2.830127743937992
1980	09	11	0.00137142016978	0.0	2.5337122423691274
1980	09	12	0.00074490995652	0.0	2.739020698550461
1980	09	13	0.0010258165370000002	0.0	3.1054676808647788
1980	09	14	0.0	0.0	3.175529927801602
1980	09	15	0.0011794417248500002	0.0	2.0790044583963843
1980	09	16	0.00070677654185	0.0	2.339499116549366
1980	09	17	0.00034106641195999997	0.0	3.0759776341955467
1980	09	18	0.0006869030120699999	0.0	2.358004495221027
1980	09	19	0.0131478702031	0.0	2.3768592805058173
1980	09	20	0.009566888638400002	0.0	2.0207645079323955
1980	09	21	0.209736581735	0.0	1.9567321640434374
1980	09	22	0.00034822157414	0.0	2.4055156948444933
1980	09	23	0.00102934882111	0.0	2.558612533673506
1980	09	24	0.0013642651676600002	0.0	2.5973939322411357
1980	09	25	0.00034822157414	0.0	2.6471227164748514
1980	09	26	0.0006869030120699999	0.0	2.5626990350065304
1980	09	27	1.1378342879100001e-05	0.0	2.4834611589182445
1980	09	28	2.862601073	0.0	1.3746338169019463
1980	09	29	0.0038899029668	0.0	2.3096332436969744
1980	09	30	0.0	0.0	2.0821713907608634
1981	10	01	0.335659881271	0.0	1.824014455355005
1981	10	02	0.0008564577712699999	0.0	1.6757598383527632
1981	10	03	0.48610646159000004	0.0	1.647983317884051
1981	10	04	0.278175764808	0.0	1.6189078438871891
1981	10	05	9.752807932000001	0.0	1.2695755811342788
1981	10	06	0.0051641094151000004	0.0	1.4303569981920723
1981	10	07	0.5919174058200001	0.0	1.688293904233394
1981	10	08	0.18571737791	0.0	1.4887699419296037
1981	10	09	0.346735473061	0.0	1.6734457861389807
1981	10	10	0.00035299176229	0.0	2.099808589374247
1981	10	11	0.0006818588812300001	0.0	2.204694486250301
1981	10	12	0.00034822157414	0.0	2.2032794018432647
1981	10	13	0.0	0.0	2.2452518753443784
1981	10	14	0.00034822157414	0.0	2.218234751999321
1981	10	15	0.00103273929206	0.0	2.07749810554984
1981	10	16	0.0298522335912	0.0	1.6316096357019114
1981	10	17	0.3190574897080001	0.0	1.5034808489642204
1981	10	18	6.7913634066	0.0	1.4255254481221866
1981	10	19	0.0006869030120699999	0.0	1.64094467213792
1981	10	20	0.53845176372	0.0	1.7140516469135227
1981	10	21	0.00102638274925	0.0	1.648168983136336
1981	10	22	0.0006869030120699999	0.0	1.541149633366603
1981	10	23	0.193246504274	0.0	1.602000601948635
1981	10	24	0.193173845037	0.0	1.2544483032055624
1981	10	25	0.00102962684533	0.0	1.531929024709347
1981	10	26	0.00034822157414	0.0	1.449637374247781
1981	10	27	0.000689288034118	0.0	1.5441444172114376
1981	10	28	0.00137619059802	0.0	1.459756403287911
1981	10	29	0.00034822157414	0.0	1.7146258308848832
1981	10	30	0.00069167312019	0.0	1.599701187782432
1981	10	31	0.00034822157414	0.0	1.6061186427901002
1981	11	01	0.00069254616746	0.0	1.4342922933715816
1981	11	02	0.00034822157414	0.0	1.4753955195776822
1981	11	03	0.0006821327438900001	0.0	1.4930004315830936
1981	11	04	0.00102558356967	0.0	1.5033520429993321
1981	11	05	0.0013776820371	0.0	1.3336019393553857
1981	11	06	0.0027469185083000003	0.0	1.286790086120849
1981	11	07	0.0010329707388200002	0.0	1.4822402264308554
1981	11	08	0.00137251345961	0.0	1.4936697570736448
1981	11	09	0.145173267568	0.0	1.0710190067487897
1981	11	10	1.09262109932	0.0	0.9438663012183076
1981	11	11	0.00034822157414	0.0	1.218895930862302
1981	11	12	0.00034822157414	0.0	1.429624721418393
1981	11	13	0.00171497871594	0.0	1.1806611351691652
1981	11	14	0.0010325064047600001	0.0	1.1038581937018224
1981	11	15	0.0006821327438900001	0.0	1.170434683736868
1981	11	16	0.053571449763	0.0	1.1707074085902822
1981	11	17	0.059201736329	0.0	1.0483367474508243
1981	11	18	0.00102681667191	0.0	1.0830430736206016
1981	11	19	0.0008452915054900001	0.0	1.0481311155426032
1981	11	20	0.00102558356967	0.0	1.041006944031175
1981	11	21	0.00034822161415500003	0.0	1.0471497444446278
1981	11	22	0.000523031935452	0.0	0.9232386010809577
1981	11	23	0.00117288374653	0.0	0.9694407042237708
1981	11	24	0.0119698101962	0.0	1.3073345516169568
1981	11	25	0.0	0.0	1.278910973443502
1981	11	26	0.00034106641195999997	0.0	1.0779518163237292
1981	11	27	0.0	0.0	1.0069169400712767
1981	11	28	0.0006916446295100001	0.0	1.2680770631859473
1981	11	29	0.00102558356967	0.0	1.0885615723451487
1981	11	30	0.0027497923856	0.0	0.9006531357576618
1981	12	01	0.00136334730359	0.0	1.0671845575994034
1981	12	02	0.00274269988691	0.0	1.0507009365602393
1981	12	03	0.0013837262228200001	0.013915211419620047	0.9346307232611517
1981	12	04	0.0	0.013915211419620047	0.8995039679581379
1981	12	05	9.818269270800001e-05	0.013915211419620047	0.9976127397320358
1981	12	06	0.11641055759500002	0.013915211419620047	0.7303632986070642
1981	12	07	0.0097590638771	0.013915211419620047	0.9409217392731877
1981	12	08	0.14728833242000003	0.013915211419620047	0.9335903646514792
1981	12	09	2.4731438813000004	0.013915211419620047	0.6647572203197997
1981	12	10	8.2971958821	0.013915211419620047	0.7376802723650052
1981	12	11	0.0068465160811	0.013915211419620047	0.8706082864264745
1981	12	12	0.09609406176500002	0.013915211419620047	0.7663726149435489
1981	12	13	0.066226489624	0.013915211419620047	0.7024612818334968
1981	12	14	0.152999945472	0.013915211419620047	0.8413193921725975
1981	12	15	0.31946055279999996	0.013915211419620047	0.8171541506851051
1981	12	16	0.056199418882	0.013915211419620047	0.7822883196953525
1981	12	17	3.26188250741	0.013915211419620047	0.7223702236685827
1981	12	18	0.31735880494	0.013915211419620047	0.591077808020567
1981	12	19	0.00137142016978	0.013915211419620047	0.6966262567333573
1981	12	20	4.01493743715	0.013915211419620047	0.7778063300033264
1981	12	21	4.66140713241	0.013915211419620047	0.7241548771581884
1981	12	22	0.344741997788	0.013915211419620047	0.5883401116986807
1981	12	23	0.35691294418200004	0.013915211419620047	0.5968361763008013
1981	12	24	0.034387122336999996	0.013915211419620047	0.7071054363004902
1981	12	25	0.00069289285742	0.013915211419620047	0.6696364909283762
1981	12	26	11.3476553756	0.013915211419620047	0.851848917367837
1981	12	27	2.87487103251	0.013915211419620047	0.6339296734779305
1981	12	28	9.481341370200001	9.184039536949232	0.7151933335035658
1981	12	29	6.5529943717200005	0.9879800107930234	0.642214731644619
1981	12	30	14.589406576599998	1.4054363533816248	0.6981820921722388
1981	12	31	2.67715515685	0.890573530855683	0.5972597514833545
1982	01	01	0.007279864926000001	0.4731171882670817	0.8330959464936416
1982	01	02	0.006749306041	0.1948129598746807	0.7383898690384824
1982	01	03	1.9770012575600004	0.12523690277658042	0.6083017763875653
1982	01	04	4.4360012769	0.09740647993734035	0.5470928820369436
1982	01	05	0.0072900399402	0.09740647993734035	0.7062943349130526
1982	01	06	0.0058533637886	0.11132169135696038	0.8712857292304308
1982	01	07	0.0	0.09740647993734035	1.0849797933316359
1982	01	08	0.0030381191075900004	0.05566084567848019	0.9084590595000994
1982	01	09	0.0425459631554	0.041745634258860145	0.8152065406437272
1982	01	10	3.68257108649	0.22264338271392076	0.5698657393148738
1982	01	11	4.6514860534	1.0436408564715036	0.583188501631998
1982	01	12	21.8144709601	45.961943319005016	0.41513859476764364
1982	01	13	4.19352358185	54.102341999482746	0.6493729488117977
1982	01	14	0.0875984803162	2.90827918670059	0.7538948010636203
1982	01	15	2.42612609624	1.1967081820873242	0.8483205087149288
1982	01	16	5.642927304500001	1.5167580447385853	0.690289116200738
1982	01	17	0.0	1.1688777592480841	0.8094170174254791
1982	01	18	1.39785968088	0.7514214166594826	0.8622866580516034
1982	01	19	5.7300201920900005	1.447181987640485	0.7962267134051411
1982	01	20	0.00073837942849	1.113216913569604	0.9051888244767086
1982	01	21	0.008062756800400002	0.7514214166594826	0.9983897751159208
1982	01	22	0.019229132221500002	0.556608456784802	0.9740191563959644
1982	01	23	0.0008640983954299999	0.4452867654278415	1.0462084635655549
1982	01	24	0.00137465186121	0.36179549691012125	1.0469037802842698
1982	01	25	0.00034822157414	0.3061346512316411	1.0849398028948465
1982	01	26	0.00240478025455	0.2643890169727809	1.102547084410071
1982	01	27	0.0031629771117900004	0.23655859413354086	0.8500126723953316
1982	01	28	0.000684517821959	0.22264338271392076	0.8523866088895264
1982	01	29	0.0017134246133700003	0.2087281712943007	0.9392071196655737
1982	01	30	0.000685220661425	0.1948129598746807	1.1075275773920297
1982	01	31	0.00103116054025	0.18089774845506063	1.2432282195566662
1982	02	01	0.0113934581452	0.18089774845506063	0.9282471580873982
1982	02	02	0.12387982151900001	0.18089774845506063	0.7619360377805671
1982	02	03	0.32055472296000004	0.16698253703544058	0.8675681643423249
1982	02	04	0.00128471974931	0.15306732561582054	0.9047280450055112
1982	02	05	0.0013785758921700001	0.15306732561582054	1.0111842016982162
1982	02	06	0.00112366913797	0.15306732561582054	1.0865705657707585
1982	02	07	4.4991177367	0.1391521141962005	0.8451192319678353
1982	02	08	0.00125411659743	0.1391521141962005	1.2522689125031292
1982	02	09	0.00069347867702	0.1391521141962005	1.0591317979026542
1982	02	10	0.0023271863677500003	0.1391521141962005	1.0962672127350512
1982	02	11	0.0919186365675	0.1391521141962005	1.056684960672045
1982	02	12	0.4604155511100001	0.1391521141962005	1.1303131848046226
1982	02	13	0.46329294973	0.12523690277658042	1.0007926685766941
1982	02	14	5.7982343228	0.12523690277658042	1.0558470476149595
1982	02	15	5.35319261472	0.4731171882670817	0.8751599597851724
1982	02	16	0.0417270553801	0.3200498626512611	1.1888017385807965
1982	02	17	0.261541177176	0.25047380555316084	1.233343810467409
1982	02	18	2.4885221259800003	0.22264338271392076	1.1188492316163845
1982	02	19	0.00034822157414	0.2087281712943007	1.3539346299843253
1982	02	20	0.00034822157414	0.1948129598746807	1.2643307964556854
1982	02	21	0.252254688048	0.18089774845506063	1.2614991564954072
1982	02	22	0.0079350809399	0.18089774845506063	1.1116384728642534
1982	02	23	0.20942002307	0.16698253703544058	1.113191699508618
1982	02	24	0.00171725676989	0.15306732561582054	1.2518748557124217
1982	02	25	1.36368807133	0.1391521141962005	1.2168555980481208
1982	02	26	0.0431929616889	0.1391521141962005	1.4134568980843822
1982	02	27	0.0109889929276	0.1391521141962005	1.4179978558123445
1982	02	28	0.00132782798884	0.1391521141962005	1.5408590250250707
1982	03	01	0.0304474183018	0.12523690277658042	1.4958147265130755
1982	03	02	0.00207024821206	0.11132169135696038	1.8481467092348478
1982	03	03	0.00102726499997	0.11132169135696038	1.721763484397874
1982	03	04	0.00137619059802	0.11132169135696038	1.540863826898114
1982	03	05	0.0010212500252	0.11132169135696038	1.6056378923405406
1982	03	06	0.0	0.09740647993734035	1.693936805869309
1982	03	07	0.00034822161415500003	0.09740647993734035	1.8092742947103835
1982	03	08	0.0	0.08349126851772029	1.6552819394028342
1982	03	09	0.13405454761100002	0.05566084567848019	1.6929716754044195
1982	03	10	0.001715675137	0.027830422839240095	1.8482876947134022
1982	03	11	0.00103408291573	0.013915211419620047	2.0236750848848906
1982	03	12	0.0	0.013915211419620047	2.1575606861500263
1982	03	13	0.00208045155688	0.013915211419620047	2.173937940383328
1982	03	14	0.00035074155878000004	0.013915211419620047	1.767689386961163
1982	03	15	0.0379710938225	0.013915211419620047	1.4719530711998035
1982	03	16	0.014456665617400001	0.013915211419620047	1.9167623007459944
1982	03	17	0.00103497605053	0.013915211419620047	2.1035292181916336
1982	03	18	0.00068350165704	0.013915211419620047	2.025974017213638
1982	03	19	0.00068813251296	0.0	2.1936777017653855
1982	03	20	0.00034822157414	0.0	2.3392832623668895
1982	03	21	0.00155354380054	0.0	2.452569751104067
1982	03	22	0.0017225913296000002	0.0	2.5508829375040123
1982	03	23	0.00034822157414	0.0	2.4134407677945457
1982	03	24	0.034725572408200005	0.0	2.3403309237885717
1982	03	25	0.30322176953900004	0.0	1.676696760652195
1982	03	26	0.020669684226	0.0	1.834222881996948
1982	03	27	0.000680687049958	0.0	1.885497934329494
1982	03	28	4.2126519523	0.0	1.259667553130439
1982	03	29	14.990184812099999	0.0	1.2971288864710822
1982	03	30	28.521611595000003	4.2719699058233545	1.1105578067532438
1982	03	31	4.43502251	4.494613288537275	1.5704664559795636
1982	04	01	0.582498138919	1.2801994506050445	1.5553248354676539
1982	04	02	0.00068422488815	0.556608456784802	1.8328596742949415
1982	04	03	0.000682132791908	0.36179549691012125	1.9148479240874698
1982	04	04	2.3573062984899997	0.29221943981202103	1.704277027772025
1982	04	05	0.8867606505900001	0.23655859413354086	1.9183808301713807
1982	04	06	0.00103989421415	0.2087281712943007	2.121883266496779
1982	04	07	0.0006821327438900001	0.1948129598746807	2.4809335528723064
1982	04	08	0.00034822157414	0.18089774845506063	2.1508300502358932
1982	04	09	0.026249775976000003	0.16698253703544058	2.269105892122614
1982	04	10	0.2757857809	0.15306732561582054	2.8051995459471755
1982	04	11	9.7313222779	0.15306732561582054	1.5920053229483515
1982	04	12	4.82501302162	0.15306732561582054	1.780556008505078
1982	04	13	1.1859371197100002	0.1391521141962005	1.9557080093113883
1982	04	14	1.4897778972900002	0.1391521141962005	2.217420483965072
1982	04	15	1.24925077343	0.1391521141962005	2.158882430297445
1982	04	16	0.44448913294200004	0.1391521141962005	2.0537217245623243
1982	04	17	0.570010105662	0.1391521141962005	1.5620924324519565
1982	04	18	2.66069370612	0.1391521141962005	1.9536949428310806
1982	04	19	0.21820267532999998	0.15306732561582054	2.2056165449180303
1982	04	20	0.0212784372228	0.1391521141962005	2.3910509701751836
1982	04	21	0.0	0.1391521141962005	2.513535049898921
1982	04	22	0.361319379976	0.12523690277658042	1.7349128270376186
1982	04	23	1.53023386259	0.11132169135696038	1.7160956551708295
1982	04	24	0.46802240261000005	0.11132169135696038	2.5408819341906703
1982	04	25	0.000688301088152	0.11132169135696038	2.8009156715319814
1982	04	26	0.041958152409	0.09740647993734035	1.7531762589323097
1982	04	27	0.06548750861000001	0.08349126851772029	2.0737007891473307
1982	04	28	0.016599440056600002	0.08349126851772029	2.570050080919478
1982	04	29	0.0013109661480200001	0.041745634258860145	3.0609891090963415
1982	04	30	0.0010303539979100002	0.013915211419620047	2.9518705110417263
1982	05	01	0.00102655457366	0.013915211419620047	2.9516573155072816
1982	05	02	0.00102550425994	0.013915211419620047	2.7499215443374028
1982	05	03	0.0	0.013915211419620047	2.839659233943329
1982	05	04	0.000352991818311	0.013915211419620047	2.9682091242282405
1982	05	05	0.0006821327438900001	0.0	2.854663581614565
1982	05	06	0.00034822157414	0.0	2.8805725905267674
1982	05	07	0.00083920522399	0.0	2.907516013813753
1982	05	08	0.47965412287000003	0.0	2.5778394813309014
1982	05	09	0.06631908033249999	0.0	2.9849729692907325
1982	05	10	2.69918877636	0.0	2.611868091204068
1982	05	11	0.0066064781005999995	0.0	2.65572476414361
1982	05	12	0.00171496383036	0.0	2.6647318669571973
1982	05	13	0.0017220272781600001	0.0	2.6211902820981776
1982	05	14	0.00083795995719	0.0	3.5264012880983535
1982	05	15	0.0138594161328	0.0	2.997420609321523
1982	05	16	0.25057012857500005	0.0	2.7415207372643793
1982	05	17	0.001898775774	0.0	3.105335067612434
1982	05	18	0.004944725577	0.0	3.2247780025694257
1982	05	19	0.00103660065953	0.0	3.7095851703468825
1982	05	20	0.0	0.0	3.9094789771703318
1982	05	21	0.0006869029080310001	0.0	3.6054802175533607
1982	05	22	0.00102563598932	0.0	4.2067925101958705
1982	05	23	0.0017113151026	0.0	3.9651820965206386
1982	05	24	0.00034822157414	0.0	3.855100316493595
1982	05	25	0.25281244913000006	0.0	2.2213240655685653
1982	05	26	0.016308633445	0.0	3.3148167592143083
1982	05	27	0.0006864370774100001	0.0	3.610757098887447
1982	05	28	0.09866611392300001	0.0	2.9968370188529003
1982	05	29	0.06840078067750001	0.0	2.8574747224687225
1982	05	30	0.303549748485	0.0	2.812164364236163
1982	05	31	0.0020702478119100005	0.0	3.4172383547132057
1982	06	01	0.00172300836593	0.0	2.967614361343708
1982	06	02	0.090013430383	0.0	3.14172811251973
1982	06	03	0.004567240073	0.0	3.322451580576216
1982	06	04	0.00034822157414	0.0	3.3564951582182863
1982	06	05	0.000352991818311	0.0	3.5208236658293974
1982	06	06	0.010649298389900001	0.0	3.6628567382061217
1982	06	07	0.0010297324049	0.0	4.043822782851589
1982	06	08	0.0017369907273500004	0.0	3.833651896289545
1982	06	09	0.00034822157414	0.0	3.861268062517084
1982	06	10	0.0013642651676600002	0.0	3.8806970268365846
1982	06	11	0.039621141958600004	0.0	3.3939170111977317
1982	06	12	0.00103989421415	0.0	3.8143908002093934
1982	06	13	0.0017180128133	0.0	3.9572373706997728
1982	06	14	0.0013690356759300001	0.0	4.568155783237128
1982	06	15	0.0	0.0	4.639860684037328
1982	06	16	0.0006869030120699999	0.0	2.922182623254784
1982	06	17	0.0321430155124	0.0	3.348707837526224
1982	06	18	0.0006821327438900001	0.0	3.9877649240401176
1982	06	19	0.0	0.0	4.225014738692102
1982	06	20	0.0	0.0	4.113332773753842
1982	06	21	0.0036121452467	0.0	4.056834817187107
1982	06	22	0.0057092281580000005	0.0	3.205462264789482
1982	06	23	0.0010280532954700002	0.0	3.8895281563391504
1982	06	24	0.000341571817416	0.0	3.9208347648407784
1982	06	25	0.06663402639299999	0.0	3.191833101000865
1982	06	26	0.0028666085752499996	0.0	3.504005683814739
1982	06	27	0.0013642651676600002	0.0	4.115021715761
1982	06	28	0.00034483782571	0.0	4.510042054897026
1982	06	29	0.00068711805268	0.0	4.423860473636846
1982	06	30	0.00034106641195999997	0.0	4.5251864813335425
1982	07	01	0.00034822161415500003	0.0	3.643513084717655
1982	07	02	0.0073399634545	0.0	4.008091459737264
1982	07	03	0.0006821327438900001	0.0	3.2880090091203096
1982	07	04	7.772493592500001	0.0	1.6248332690164342
1982	07	05	0.196322041168	0.0	2.969765067622024
1982	07	06	0.00066775631475	0.0	3.811816945831022
1982	07	07	0.114519592749	0.0	4.066611876307249
1982	07	08	0.0012791966389199998	0.0	3.635140195101837
1982	07	09	0.00034106641195999997	0.0	4.335039723278079
1982	07	10	0.0017221225138600003	0.0	4.7658965139661476
1982	07	11	0.0024131833245200005	0.0	4.180537149631539
1982	07	12	0.00103617850128	0.0	3.8958757811141385
1982	07	13	0.0	0.0	3.6191427778783463
1982	07	14	0.0006872105673600001	0.0	3.7710295008186767
1982	07	15	0.00137402450604	0.0	3.736341084198084
1982	07	16	0.00155145525763	0.0	3.4919489524727045
1982	07	17	0.00138348237141	0.0	3.4436884866520034
1982	07	18	0.005095229995	0.0	3.5632464186785606
1982	07	19	0.0027005491263	0.0	3.1380930969521694
1982	07	20	0.00284388389669	0.0	3.3517415917953106
1982	07	21	0.000352991818311	0.0	3.836281340949003
1982	07	22	0.000352991818311	0.0	4.088990864583715
1982	07	23	0.00137857581214	0.0	4.258690318117127
1982	07	24	0.0	0.0	4.503809099821601
1982	07	25	0.0014043192223000002	0.0	4.474717614788342
1982	07	26	0.0	0.0	4.689014993786491
1982	07	27	0.00102558356967	0.0	4.243354983422016
1982	07	28	0.00012896186257000002	0.0	3.244950787551137
1982	07	29	1.5616491589100001	0.0	2.790347558722428
1982	07	30	0.00068350429803	0.0	3.1961570511410993
1982	07	31	0.0006821327438900001	0.0	3.2430437809676116
1982	08	01	0.36912845128	0.0	2.9354387000310203
1982	08	02	0.00016327600555	0.0	3.287447091721102
1982	08	03	0.00033391112973500003	0.0	3.9293716851157274
1982	08	04	0.0006869030120699999	0.0	4.138091037897358
1982	08	05	0.0	0.0	4.01653307165864
1982	08	06	0.00103047196213	0.0	4.327420174538824
1982	08	07	0.0	0.0	3.96287284598974
1982	08	08	0.00034822157414	0.0	3.9138369673245017
1982	08	09	0.0	0.0	4.175587298202487
1982	08	10	0.00034106641195999997	0.0	3.7335156177711917
1982	08	11	0.000707678527968	0.0	3.302572527350531
1982	08	12	0.006283974487080001	0.0	2.9931117049758926
1982	08	13	0.0013833913773000001	0.0	3.485357379864138
1982	08	14	0.0006821327438900001	0.0	3.3074919757923227
1982	08	15	0.0013774944467799999	0.0	3.4690468999140767
1982	08	16	0.0010281413284700001	0.0	3.900641353800105
1982	08	17	0.000352991818311	0.0	4.37487881168264
1982	08	18	0.00034106641195999997	0.0	4.416799009009875
1982	08	19	0.026343429482900003	0.0	4.64367678796788
1982	08	20	0.13947193837100003	0.0	3.5671645871281163
1982	08	21	0.0006821327438900001	0.0	3.58957207724669
1982	08	22	0.0006916720798	0.0	2.797270973966151
1982	08	23	0.31042780679	0.0	2.5435167209504104
1982	08	24	0.009801394945300001	0.0	2.7193343736938425
1982	08	25	0.00103966164697	0.0	2.80304367415145
1982	08	26	2.00792532974	0.0	2.5301100089053326
1982	08	27	0.0082700873202	0.0	3.0364021830894203
1982	08	28	0.029963108753800004	0.0	3.107376783954197
1982	08	29	0.12677496279	0.0	2.6732001941089107
1982	08	30	0.00147088249417	0.0	3.1924214197430767
1982	08	31	0.0006821327438900001	0.0	2.992415329968397
1982	09	01	0.0	0.0	3.51960174798327
1982	09	02	0.0008318174146000002	0.0	3.2434322232750046
1982	09	03	0.00034106641195999997	0.0	3.240624007644957
1982	09	04	0.0	0.0	2.9591893321772993
1982	09	05	0.0006869030120699999	0.0	3.0762018142395466
1982	09	06	0.0	0.0	3.3080855108224547
1982	09	07	0.000682132791908	0.0	3.5458206229858478
1982	09	08	0.00102558356967	0.0	2.9261995141947907
1982	09	09	0.114912764133	0.0	2.307600514016072
1982	09	10	0.259038118881	0.0	2.277460445863358
1982	09	11	0.0010279688638199999	0.0	3.1715796149886057
1982	09	12	0.0006964432283100001	0.0	2.863221308306463
1982	09	13	0.00171725596959	0.0	2.901766152382471
1982	09	14	0.00034822157414	0.0	2.3603311809056025
1982	09	15	5.5227086394	0.0	1.306228507774836
1982	09	16	4.7033903102000005	0.0	1.7784874305120737
1982	09	17	1.8217194487100004	0.0	1.7426437119891756
1982	09	18	9.8667914598	0.0	1.3730436790571048
1982	09	19	6.8485256344000005	0.0	1.3918951785179003
1982	09	20	0.93829997059	0.0	1.6756904341728065
1982	09	21	0.004925343911600001	0.0	2.1563824401024076
1982	09	22	0.11520716249100002	0.0	2.152751334599975
1982	09	23	0.0026819477534000004	0.0	2.06255498831992
1982	09	24	0.08279297972900002	0.0	1.9107118931398652
1982	09	25	6.7431957505	0.0	1.514069438470098
1982	09	26	0.00034822161415500003	0.0	1.948105835063739
1982	09	27	0.0017095216303	0.0	2.0551603236325175
1982	09	28	0.00069167312019	0.0	1.964880340287142
1982	09	29	0.41907557443000004	0.0	1.5915997685972278
1982	09	30	0.00069167312019	0.0	2.145383398577159
1983	10	01	0.0013642651676600002	0.0	2.4142601228741007
1983	10	02	0.0013690356759300001	0.0	2.3065780563547116
1983	10	03	0.000682132791908	0.013915211419620047	1.9554262808016967
1983	10	04	0.008132416513	0.013915211419620047	1.6188974466552224
1983	10	05	0.00033327032952500005	0.013915211419620047	1.9011761923283492
1983	10	06	0.0027428410598300005	0.013915211419620047	2.5341462916250723
1983	10	07	0.00104608045312	0.013915211419620047	2.5666362000711
1983	10	08	6.64520421745e-07	0.013915211419620047	2.419090478717937
1983	10	09	0.007072312723100001	0.013915211419620047	2.2909982046358093
1983	10	10	0.0013785758921700001	0.013915211419620047	2.192470760710588
1983	10	11	0.0	0.013915211419620047	2.292026987832971
1983	10	12	0.0	0.013915211419620047	1.7065480170365082
1983	10	13	0.0472590394965	0.013915211419620047	1.730406300334884
1983	10	14	0.00252752314588	0.013915211419620047	1.75304698635862
1983	10	15	0.0	0.013915211419620047	1.8749407173010626
1983	10	16	0.002660661374	0.013915211419620047	1.76210422630761
1983	10	17	0.0027243093930599998	0.013915211419620047	1.650180103048237
1983	10	18	0.0017137928313999999	0.013915211419620047	1.833990771417648
1983	10	19	0.00068620274957	0.013915211419620047	1.8640180303728184
1983	10	20	0.000691673064169	0.013915211419620047	1.9836745992642273
1983	10	21	0.0010303539979100002	0.013915211419620047	2.1594269946269073
1983	10	22	0.0	0.013915211419620047	1.8820333234431892
1983	10	23	0.062020280887000005	0.013915211419620047	1.6518502806546842
1983	10	24	1.64110678435	0.013915211419620047	1.2629590466215252
1983	10	25	6.594438387400001	0.013915211419620047	1.2646107258311914
1983	10	26	0.047651558636	0.013915211419620047	1.1370853090418223
1983	10	27	6.3432026093000005	0.013915211419620047	1.0157557190800537
1983	10	28	27.303919131500002	0.013915211419620047	0.6248791018423259
1983	10	29	10.200482947200001	30.738702025940686	0.9551317381879659
1983	10	30	3.0918366041	4.2719699058233545	1.0484933822685856
1983	10	31	0.0091727352863	0.7931670509183426	1.2013745308511836
1983	11	01	0.000691673064169	0.33396507407088116	1.2107501856829594
1983	11	02	3.78792113795	0.16698253703544058	0.9770710747537174
1983	11	03	3.7691875554900003	1.1271321249892239	0.8540553929039499
1983	11	04	10.468956387	1.2523690277658044	0.8139433908093039
1983	11	05	9.642601820200001	3.896259197493613	0.7371409090587623
1983	11	06	2.54341318241	4.146733003046775	1.000369469037505
1983	11	07	3.1378045556200003	0.9879800107930234	1.0598881716348358
1983	11	08	42.6661097935	0.45920197684746156	0.6631041798316722
1983	11	09	41.209719852	7.375062052398626	0.7402333156936063
1983	11	10	1.4630952550500003	15.974662709723814	0.9328346384250176
1983	11	11	3.26554836159	3.1030921465752708	0.6581013338094064
1983	11	12	2.8568878913600004	9.448428553922012	0.7158791293897468
1983	11	13	31.040867962000004	3.868428774654373	0.780662763388571
1983	11	14	10.6326153361	6.554064578641043	0.5486246532329685
1983	11	15	10.492484406700001	26.50847775437619	0.7417644744605794
1983	11	16	1.9088702780200002	12.370622952042222	0.7402394914487112
1983	11	17	0.174524077996	16.68433849212444	0.7685873228834355
1983	11	18	1.7881054881999998	3.3257355292891915	1.027942106886657
1983	11	19	8.6814591268	1.9342143873271864	0.6350042042739834
1983	11	20	22.2294185071	1.419351564801245	0.4910308064860433
1983	11	21	4.0408659567	58.680446556537746	0.7070396140787212
1983	11	22	0.43152976300000007	11.980997032292862	0.8425227999399326
1983	11	23	0.007171098553900001	4.842493574027777	0.7635561037873584
1983	11	24	0.534655740745	3.5762093348423525	1.033301717125461
1983	11	25	0.0013669532953300002	2.95002482095945	1.066596683111887
1983	11	26	0.00137474069451	2.629974958308189	1.0991251047873936
1983	11	27	0.004303637259	2.4073315755942684	1.0295921104424035
1983	11	28	0.0158536116758	2.2125186157195875	0.8339629001585802
1983	11	29	0.0013738053839	2.1429425586214874	1.1064173456968427
1983	11	30	0.0006821327438900001	2.0733665015233873	0.9912717051159283
1983	12	01	0.004123801846000001	2.017705655844907	0.9711977369524488
1983	12	02	0.0022779162984000005	1.9481295987468066	0.8258262086001824
1983	12	03	0.0116043668063	1.8924687530683268	0.9222528705542689
1983	12	04	0.0095237036501	1.8368079073898462	0.7386733304277298
1983	12	05	0.013238367326800001	1.781147061711366	0.7654984723426085
1983	12	06	0.00078254286357	1.7254862160328859	0.8179876794808343
1983	12	07	0.00069167312019	1.6141645246759255	0.8467364662795257
1983	12	08	0.00138658977625	1.5585036789974456	0.9407539121481632
1983	12	09	0.58475256001	1.5585036789974456	0.756649028387717
1983	12	10	0.6805996091800001	1.5167580447385853	0.6380437675526832
1983	12	11	0.00102558420991	1.461097199060105	0.7341089616560629
1983	12	12	0.006015486962	1.419351564801245	0.6848619697217003
1983	12	13	0.00171578581849	1.3636907191227647	0.7404843312036269
1983	12	14	8.0172181298	1.3636907191227647	0.8082116704123343
1983	12	15	9.2209061436	1.419351564801245	0.6929474471454111
1983	12	16	1.01139641148	1.9620448101664267	0.5116272161252734
1983	12	17	2.95689257906	4.981645688223977	0.5272908810977915
1983	12	18	1.4729093339500001	4.063241734529054	0.7883020321957043
1983	12	19	1.15334026047	4.355461174341075	0.5315166997654344
1983	12	20	11.1500340954	6.178353870311303	0.6879586178144165
1983	12	21	0.72761723418	9.504089399600494	0.7049388155738336
1983	12	22	0.0036975778319099997	13.567331134129546	0.7996218293818917
1983	12	23	0.00311407646092	4.884239208286637	0.747295375329454
1983	12	24	0.00034106641195999997	3.562294123422732	0.7706123333821022
1983	12	25	0.000684517821959	3.0335160894771707	0.8357989648642944
1983	12	26	0.0006821327438900001	2.7134662268259095	0.9770241007330456
1983	12	27	0.0006821327438900001	2.4073315755942684	0.9049398473783943
1983	12	28	0.0010303539979100002	2.2125186157195875	0.772747305092577
1983	12	29	0.00180200813974	2.0733665015233873	0.6985295250018855
1983	12	30	0.239598335695	1.9481295987468066	0.6219667113022705
1983	12	31	0.082341322421	1.8924687530683268	0.6865180156990556
1984	01	01	0.0880414383632	1.8368079073898462	0.8247602433044163
1984	01	02	0.0011466619970599999	1.781147061711366	0.8102113657631853
1984	01	03	0.000682132791908	1.781147061711366	0.8177217944161826
1984	01	04	0.0038264383765	1.781147061711366	0.6530783992660342
1984	02	01	0.07747613065799999	0.9601495879537832	0.9058585696647496
1984	02	02	0.0021171100186499997	0.9601495879537832	0.8133662567282277
1984	02	03	0.00138860805282	0.9184039536949231	1.093214050512371
1984	02	04	0.007350846734200001	0.890573530855683	1.0065689728294602
1984	02	05	0.00247315548565	0.890573530855683	1.062562905200586
1984	02	06	0.00103928470567	0.8349126851772029	1.1616701782077665
1984	02	07	0.00034822157414	0.8209974737575828	1.2519529789732478
1984	02	08	0.00240416010208	0.7931670509183426	1.2844111669619347
1984	02	09	0.000186547136953	0.7235909938202425	1.2360693275607706
1984	02	10	0.000691673064169	0.6400997253025222	1.0808302687225577
1984	02	11	0.0	0.5844388796240421	1.2339980343169765
1984	02	12	0.0013642651676600002	0.4731171882670817	1.2381554401414425
1984	02	13	0.000685969334072	0.3896259197493614	1.4365576794266468
1984	02	14	0.0	0.29221943981202103	1.2306814898974652
1984	02	15	0.0006865699032009999	0.2087281712943007	1.056249933093728
1984	02	16	0.0010324430210000002	0.12523690277658042	1.3011144107871622
1984	02	17	0.00171725676989	0.08349126851772029	1.2807267998119218
1984	02	18	0.12329629878	0.05566084567848019	1.248541540517408
1984	02	19	1.3071825697100001	0.05566084567848019	1.2238021342155379
1984	02	20	0.00103888023405	0.05566084567848019	1.2821763986349395
1984	02	21	0.24232184462800005	0.05566084567848019	1.228200275603111
1984	02	22	0.00136810548724	0.041745634258860145	1.2429853905992638
1984	02	23	0.51320381929	0.013915211419620047	1.218140760831325
1984	02	24	0.00093167116572	0.013915211419620047	1.1781329574411372
1984	02	25	0.12077591399	0.013915211419620047	1.1792327402850578
1984	02	26	0.41214629692500004	0.013915211419620047	1.1299140169747057
1984	02	27	9.957605502300002	0.013915211419620047	1.050765007433521
1984	02	28	0.467078016598	0.0	1.33974014634066
1984	02	29	2.1647847699800002	0.0	1.1382691044120508
1984	03	01	0.0006810267292900001	0.0	1.3641258240189638
1984	03	02	0.0013690356759300001	0.0	1.4908905551862242
1984	03	03	0.0034149733349500004	0.013915211419620047	1.5066901362417358
1984	03	04	0.223368643842	0.013915211419620047	1.2674511665942587
1984	03	05	0.194300267287	0.013915211419620047	1.2113878428743825
1984	03	06	0.00103273961218	0.013915211419620047	1.4423268050449134
1984	03	07	0.00102558356967	0.013915211419620047	1.3670033074844565
1984	03	08	0.000352991818311	0.013915211419620047	1.8894724366445488
1984	03	09	0.0006916730401600001	0.013915211419620047	1.7004870538839634
1984	03	10	0.0024042844687000003	0.013915211419620047	1.4970702862102052
1984	03	11	0.00250034183671	0.013915211419620047	1.5648090974028261
1984	03	12	0.00034822157414	0.013915211419620047	1.5952837036228655
1984	03	13	3.05423082722	0.013915211419620047	1.2462491407304301
1984	03	14	0.49852103531	0.013915211419620047	1.369465348787913
1984	03	15	0.40750243613000003	0.013915211419620047	1.3271802280407776
1984	03	16	1.66333623727	0.013915211419620047	1.268354844060374
1984	03	17	0.12575326779799997	0.013915211419620047	1.4649672143737333
1984	03	18	0.0048707498465	0.013915211419620047	1.4189394464319982
1984	03	19	14.371093539900002	1.2106233935069441	1.217717597474874
1984	03	20	4.57359181401	2.323840307076548	1.0836694429168257
1984	03	21	6.448892067990001	2.226433827139208	1.4844033995883263
1984	03	22	0.026660690011	1.8924687530683268	1.5285527804185037
1984	03	23	0.0172240822096	1.6698253703544057	1.6093491583856498
1984	03	24	5.524027773889999	1.6559101589347858	1.2800251495320154
1984	03	25	0.21436643728	1.6698253703544057	1.4550000845358908
1984	03	26	0.265162486658	1.6698253703544057	1.6751191118425168
1984	03	27	0.20750706598000002	1.6141645246759255	1.8657003719474667
1984	03	28	1.0113428714100001	1.5585036789974456	1.5853816798130995
1984	03	29	0.0013714193694800002	1.4889276218993452	1.9967088610895083
1984	03	30	0.0098549214102	1.419351564801245	2.08303538791228
1984	03	31	1.84814415426	1.3636907191227647	1.639190976984263
1984	04	01	0.347498967264	1.3636907191227647	1.8237845700264053
1984	04	02	0.007232119027999999	1.2801994506050445	2.2077611783698634
1984	04	03	0.148666425011	1.182792970667704	1.922628603154296
1984	04	04	0.0106920136021	1.182792970667704	1.924015844390853
1984	04	05	0.0	1.113216913569604	2.228151088626488
1984	04	06	0.0006821327438900001	1.0297256450518835	2.556472017515335
1984	04	07	0.00102558356967	0.9601495879537832	2.4197772956983115
1984	04	08	0.0010201728213999998	0.8488278965968229	1.814984796148888
1984	04	09	0.00299803544185	0.7653366280791027	2.115370294048038
1984	04	10	0.058135488636	0.6400997253025222	2.0197297025744834
1984	04	11	0.93412848687	0.5287780339455618	1.9707697918560316
1984	04	12	3.5255532668800007	0.4174563425886014	1.8411966230261
1984	04	13	0.99372522727	0.4174563425886014	1.907669502588646
1984	04	14	3.6447926849000005	1.461097199060105	1.9434164231264357
1984	04	15	0.39462276006200003	1.5167580447385853	2.249492484410867
1984	04	16	0.00136790597245	1.3636907191227647	2.6872192167173203
1984	04	17	0.0013752415222500001	1.2384538163461842	2.618731928525805
1984	04	18	0.0020573976349	1.141047336408844	2.406894719305112
1984	04	19	0.0013690356759300001	1.113216913569604	2.786567918497925
1984	04	20	0.0010303539979100002	1.0714712793107437	2.6118494353534767
1984	04	21	0.063535889027	0.9601495879537832	1.9668614780762539
1984	04	22	3.28710132092	0.8488278965968229	1.861871208640976
1984	04	23	1.1552104015100002	0.7931670509183426	2.0783410801264104
1984	04	24	2.85535803788	0.7235909938202425	2.168261874458775
1984	04	25	0.33240660575000003	0.6400997253025222	2.0573034027669173
1984	04	26	0.00079878847339	0.5287780339455618	2.3192612801307546
1984	04	27	2.96167525189	0.4035411311689814	1.6261551376684569
1984	04	28	1.1049567634600002	0.33396507407088116	1.9974508492224856
1984	04	29	7.9637708946	0.6818453595613824	1.976804868904822
1984	04	30	0.9128035330100001	0.9462343765341634	2.3347531209628105
1984	05	01	1.48395715533	0.8209974737575828	1.866674051064463
1984	05	02	0.580674359258	0.7653366280791027	2.1718367258060027
1984	05	03	0.0016987076565799998	0.6261845138829022	2.5008020988691873
1984	05	04	0.0006821327438900001	0.4731171882670817	2.7075797731274576
1984	05	05	0.00151689974417	0.3061346512316411	2.600887649510188
1984	05	06	0.24875468804	0.18089774845506063	2.405282804325871
1984	05	07	0.94292482426	0.09740647993734035	2.458410441873503
1984	05	08	4.73169556069	0.05566084567848019	2.3034739259539267
1984	05	09	7.0609620682	0.027830422839240095	2.6082411859697974
1984	05	10	0.068804864152	0.027830422839240095	2.409150053611855
1984	05	11	0.0010442920227100002	0.9462343765341634	3.2219329180665497
1984	05	12	0.00103273929206	0.7375062052398625	2.938747727008267
1984	05	13	0.013612870912999998	0.4452867654278415	2.8455122572983496
1984	05	14	0.280783302268	0.15306732561582054	2.2296185360735525
1984	05	15	0.23697488827100005	0.08349126851772029	2.351185161230449
1984	05	16	0.54938490211	0.027830422839240095	2.3159068652359864
1984	05	17	7.11301638125	0.0	1.7608559279527118
1984	05	18	5.5568350319999995	0.0	2.0063675500405234
1984	05	19	1.73852146116	0.0	2.3378136344470724
1984	05	20	6.428870722799999	0.0	1.7117409874610314
1984	05	21	1.24311143204	0.0	2.0069277360908186
1984	05	22	0.7802391199900001	0.0	2.220388406564866
1984	05	23	0.0015691565331200001	0.0	2.4569757431585346
1984	05	24	0.8572907235100001	0.0	2.3205744919945763
1984	05	25	0.0020602338981	0.0	2.799946404719259
1984	05	26	0.001001591456	0.0	2.905299935972012
1984	05	27	0.0017220267179500002	0.0	2.966855885550954
1984	05	28	0.00206987855349	0.0	2.9489606936597372
1984	05	29	11.2214016482	0.0	2.019524657722753
1984	05	30	0.43089488501	0.0	3.1658703308211575
1984	05	31	0.00245557193429	0.0	2.9013551778607716
1984	06	01	0.56316126631	0.0	2.4835804466678666
1984	06	02	0.6710814812200001	0.0	2.099386376215629
1984	06	03	0.18948321356900003	0.0	2.3169207692876594
1984	06	04	0.318312170318	0.0	2.328272648507888
1984	06	05	0.0006854210565450001	0.0	2.569260486047693
1984	06	06	0.43235439212000004	0.0	2.931671326126486
1984	06	07	0.42455154715	0.0	3.012599747191427
1984	06	08	0.00069167312019	0.0	3.608923539482017
1984	06	09	0.00034887393068200003	0.0	3.246886161839655
1984	06	10	0.00137452381321	0.0	3.7837505637052895
1984	06	11	0.00034822157414	0.0	3.93104414100194
1984	06	12	0.00034822157414	0.0	3.7662015039520678
1984	06	13	0.00034822157414	0.0	4.056823298052433
1984	06	14	0.00172821935932	0.0	3.45839461596802
1984	06	15	0.00102650647563	0.0	3.4811315238788736
1984	06	16	0.0006736884584700001	0.0	3.2724282326527248
1984	06	17	0.042078069360999996	0.0	2.68744192702099
1984	06	18	0.5391965229000001	0.0	2.429498257463791
1984	06	19	0.171182025196	0.0	2.9110149287197884
1984	06	20	0.000349226302772	0.0	3.1632020341422766
1984	06	21	0.00298237541154	0.0	3.670340101294677
1984	06	22	0.0006778691456400001	0.0	3.564994503462835
1984	06	23	0.0013752211146	0.0	3.30454310039268
1984	06	24	0.0013785758921700001	0.0	3.5985323454375227
1984	06	25	0.00029118736232800006	0.0	2.7893889971893295
1984	06	26	0.00487623702342	0.0	2.6750737655297483
1984	06	27	0.00126579809635	0.0	3.0729822341775668
1984	06	28	0.0196864492511	0.0	3.4911090004058916
1984	06	29	0.0006821327438900001	0.0	3.3087716873670954
1984	06	30	0.000347897716739	0.0	2.6381712886320026
1984	07	01	0.00052846594044	0.0	3.645384279721818
1984	07	02	0.0006964432283100001	0.0	4.281910816326427
1984	07	03	0.00103840141456	0.0	4.1139101853805515
1984	07	04	0.00342974367175	0.0	4.376693043098315
1984	07	05	0.00035299176229	0.0	3.8721206694746466
1984	07	06	0.00034822157414	0.0	4.310846460446302
1984	07	07	0.0013890695858300001	0.0	4.184610529474188
1984	07	08	0.00206435832418	0.0	4.065676076134795
1984	07	09	0.0	0.0	4.4573206082689865
1984	07	10	0.00270769204389	0.0	3.9648822065527116
1984	07	11	3.1967175197e-07	0.0	3.4505082965050553
1984	07	12	0.00102558356967	0.0	4.033328744038637
1984	07	13	0.0010279688638199999	0.0	4.462383798868724
1984	07	14	0.000691673064169	0.0	4.0808487703940015
1984	07	15	0.0	0.0	4.325098101542744
1984	07	16	0.00206070879612	0.0	4.170795167844914
1984	07	17	0.0	0.0	3.279472489556867
1984	07	18	0.00290954883181	0.0	3.594051583409889
1984	07	19	0.00136428125369	0.0	4.399507513109956
1984	07	20	0.00103512450618	0.0	4.386572115088085
1984	07	21	0.0013690356759300001	0.0	4.698530900648889
1984	07	22	0.00147623049892	0.0	4.65424191739957
1984	07	23	0.0010316139902300002	0.0	4.466496988823654
1984	07	24	0.000690712159965	0.0	4.373954822235113
1984	07	25	0.000354026774274	0.0	4.376633236055009
1984	07	26	0.0	0.0	4.411990638518362
1984	07	27	0.00068862109611	0.0	4.080609152560415
1984	07	28	0.000352991818311	0.0	4.341174701669329
1984	07	29	0.00138818885568	0.0	4.167741996157293
1984	07	30	0.00091079558031	0.0	3.6681244542068234
1984	07	31	0.0103405386484	0.0	3.6204010594936045
1984	08	01	0.0017225870880100001	0.0	4.3125649969427355
1984	08	02	0.0013738053839	0.0	4.019167832907579
1984	08	03	0.00102962396425	0.0	3.9256387391740355
1984	08	04	0.00205850941166	0.0	3.9873643331221937
1984	08	05	0.00068472843691	0.0	4.1163648009656795
1984	08	06	0.00034822157414	0.0	3.6318969585970753
1984	08	07	0.0	0.0	3.7783281871278165
1984	08	08	0.0	0.0	4.479497109094187
1984	08	09	0.0006869030120699999	0.0	2.852444096720164
1984	08	10	0.0	0.0	3.1469655475997036
1984	08	11	0.000364342153091	0.0	2.8057710758601826
1984	08	12	0.0	0.0	3.5415500004104845
1984	08	13	6.9933775335e-05	0.0	2.814950873139862
1984	08	14	0.0006821327438900001	0.0	3.5445449700419673
1984	08	15	0.0006892879861000001	0.0	3.533820615386374
1984	08	16	0.00042584843330000004	0.0	3.5414466458490104
1984	08	17	0.0006821327438900001	0.0	3.770549447513898
1984	08	18	0.000691673064169	0.0	3.5020674110869003
1984	08	19	0.000352991818311	0.0	3.609254339350927
1984	08	20	0.0	0.0	3.095714372022134
1984	08	21	0.05413517308000001	0.0	2.822840515661684
1984	08	22	0.167787808842	0.0	2.9075451606753933
1984	08	23	0.00305842455928	0.0	2.879175446031461
1984	08	24	0.000717001134635	0.0	3.4005832885618643
1984	08	25	0.0	0.0	3.5255680296144045
1984	08	26	0.0	0.0	3.451222219017232
1984	08	27	0.0	0.0	3.5631231010717754
1984	08	28	0.0006869029320400001	0.0	2.5133046292381294
1984	08	29	0.0	0.0	3.186295583399983
1984	08	30	0.00034106641195999997	0.0	3.068905362107199
1984	08	31	0.0006821327438900001	0.0	2.5803618346777646
1984	09	01	0.158777399205	0.0	2.4015288400378356
1984	09	02	8.9049445024e-05	0.0	2.9402682398716617
1984	09	03	0.0006869030120699999	0.0	3.437031700812404
1984	09	04	0.0010313199600100003	0.0	3.4007272609585493
1984	09	05	0.0074540670273	0.0	3.068411177227972
1984	09	06	0.00034822157414	0.0	2.79164880805517
1984	09	07	0.7407992956	0.0	1.7863626944812483
1984	09	08	0.000681693891382	0.0	2.9596145149650894
1984	09	09	0.00034106641195999997	0.0	2.8749380551524584
1984	09	10	0.00103071941489	0.0	3.0496862286222073
1984	09	11	0.000352991818311	0.0	3.028790417897152
1984	09	12	0.0013720570485200002	0.0	2.5720106331843184
1984	09	13	0.00103989421415	0.0	3.034184333012017
1984	09	14	0.00171725676989	0.0	2.820455752868643
1984	09	15	0.00101157727928	0.0	2.9894521504944294
1984	09	16	0.0013738053839	0.0	3.093828743348558
1984	09	17	0.00034822157414	0.0	2.3981164616579576
1984	09	18	0.00034822157414	0.0	2.8560416257924195
1984	09	19	0.00035299176229	0.0	2.6636623017855676
1984	09	20	0.000342246246232	0.0	2.590701146698722
1984	09	21	0.000691673064169	0.0	2.7006768264147274
1984	09	22	0.00034822157414	0.0	2.9137925562473224
1984	09	23	0.0017220272781600001	0.0	2.6657063772315874
1984	09	24	0.0053873891136	0.0	2.2029966789696274
1984	09	25	0.0006869029320400001	0.0	2.4849823768216415
1984	09	26	0.022416532648600003	0.0	2.063580259925385
1984	09	27	0.145225006963	0.0	1.8550489363090337
1984	09	28	0.015000359026	0.0	2.0049230925341526
1984	09	29	0.00151635754092	0.0	2.035598264830925
1984	09	30	0.00103512450618	0.0	2.2851970653918197
1984	10	01	0.12471010876000001	0.0	1.9318791193843996
1984	10	02	1.34965337029	0.0	1.8803342537518322
1984	10	03	0.051430703284000005	0.0	1.64773293081952
1984	10	04	1.33833224646	0.0	1.6815339485804075
1984	10	05	0.0087663325424	0.0	1.6863499665065278
1984	10	06	0.00034106641195999997	0.0	1.8807048476999424
1984	10	07	0.0010249722205	0.0	1.915911996045753
1984	10	08	0.00034822161415500003	0.0	1.9624278374030972
1984	10	09	0.00034106641195999997	0.0	2.072804554215637
1984	10	10	0.00138334552011	0.0	1.982619881080213
1984	10	11	0.0	0.0	2.215718474960351
1984	10	12	0.000684374336172	0.0	2.2197348091340876
1984	10	13	0.0020599932478899997	0.0	2.0221240732179355
1984	10	14	0.0010384596763999999	0.0	1.748101311337968
1984	10	15	0.00103597978679	0.0	1.7750266323179464
1984	10	16	0.0020583227817	0.0	1.8432053127575738
1984	10	17	0.00034822157414	0.0	1.6470715252797314
1984	10	18	0.00068863622178	0.0	1.5819188509246649
1984	10	19	7.2148445525	0.0	1.2789935281844802
1984	10	20	0.041627418030100005	0.0	1.3649487284490456
1984	10	21	0.00137619059802	0.0	1.6262353677280978
1984	10	22	0.00034106641195999997	0.0	1.6676990889968843
1984	10	23	0.00034822157414	0.0	1.7443539716847498
1984	10	24	0.0006821327438900001	0.0	1.4120574488093365
1984	10	25	0.169146790269	0.0	1.527510939322378
1984	10	26	0.0025306934543	0.0	1.353840441823884
1984	10	27	0.7067745090880001	0.0	1.360318244984901
1984	10	28	0.0042676117545	0.0	1.5520459953329582
1984	10	29	0.0	0.0	1.564987573381961
1984	10	30	0.00035299176229	0.0	1.297328979439477
1984	10	31	0.0598130342798	0.0	1.2127839139836383
1984	11	01	0.9692096373700001	0.0	0.9944987244307342
1984	11	02	2.4426703780200003	0.0	1.0567103641465834
1984	11	03	0.181970813475	0.013915211419620047	1.0870719755040021
1984	11	04	16.015827684	0.013915211419620047	0.7935499825392442
1984	11	05	1.21760651128	0.013915211419620047	1.071042483391476
1984	11	06	5.5908540243400004	0.013915211419620047	0.734594992780572
1984	11	07	16.179008854000003	0.013915211419620047	0.5279054890663115
1984	11	08	7.03148581875	2.643890169727809	0.7689079784294759
1984	11	09	5.34827637182	2.4769076326923685	0.7743151020991546
1984	11	10	0.00186086124138	2.0733665015233873	1.0739836599143764
1984	11	11	0.00034106641195999997	1.4332667762208648	1.113241112123162
1984	11	12	9.0227614672	1.141047336408844	1.027276505620503
1984	11	13	0.00242209418484	1.182792970667704	0.8628669487238085
1984	11	14	0.500188084219	1.2384538163461842	0.8272014732832378
1984	11	15	0.5759640975720001	1.141047336408844	0.7864872633553806
1984	11	16	8.6350721382	1.154962547828464	0.5103416985304751
1984	11	17	0.73857742271	2.96394003237907	0.8292574251734081
1984	11	18	0.67667181681	2.7134662268259095	0.774765834490352
1984	11	19	0.007729844004899999	1.9898752330056668	0.8718221391357776
1984	11	20	0.012648477401	1.6141645246759255	1.0028622520419308
1984	11	21	0.0374515638718	1.475012410479725	0.8596982860370533
1984	11	22	0.00872695138	1.3080298734442846	0.9154860181444605
1984	11	23	0.00116978818613	1.113216913569604	0.9909091538169944
1984	11	24	0.0014511446152400001	1.0297256450518835	0.9030266558711957
1984	11	25	0.0020872504255	0.9462343765341634	1.012638724185814
1984	11	26	0.150847474598	0.9044887422753031	0.9754974816243663
1984	11	27	0.0017196419840099998	0.8488278965968229	0.9534457700159694
1984	11	28	0.00137641620259	0.7792518394987228	0.9274131543001007
1984	11	29	5.83676372591	0.7792518394987228	0.7024940330352706
1984	11	30	7.241490541	0.9323191651145433	0.561239742153731
1984	12	01	0.55460077733	1.5863341018366852	0.6454433751997234
1984	12	02	0.5457163269099999	1.4332667762208648	0.7520052419748111
1984	12	03	0.24490608535500002	1.2941146620246644	0.7974727614952358
1984	12	04	0.452254932025	1.1271321249892239	0.7434876492701833
1984	12	05	0.83673357747	1.0297256450518835	0.6642076687919881
1984	12	06	15.866513312099999	1.0297256450518835	0.4216250918245546
1984	12	07	6.859619393	0.9323191651145433	0.6505365806304921
1984	12	08	8.0084724514	1.3776059305423847	0.5513535104176194
1984	12	09	0.00137619059802	2.4212467870138883	0.8230757381642682
1984	12	10	0.00034106641195999997	1.9063839644879468	0.6500234648590761
1984	12	11	0.0	1.6141645246759255	0.6736193313150634
1984	12	12	11.7897274905	4.341545962921455	0.6839017114390057
1984	12	13	0.08161051247000001	4.494613288537275	0.689384340645462
1984	12	14	0.10820496165	2.89436397528097	0.7366774443735897
1984	12	15	0.91630180437	6.470573310123323	0.6497350402506057
1984	12	16	0.145273929302	4.202393848725254	0.7755800523617605
1984	12	17	0.00034145475753500005	2.616059746888569	0.7724928498992014
1984	12	18	0.353324487015	2.059451290103767	0.8035228634120943
1984	12	19	0.00034822157414	1.753316638872126	0.7761200428452125
1984	12	20	0.00137469267651	1.5724188904170653	0.7995035585698158
1984	12	21	0.0017124869818900003	1.475012410479725	0.8535299514963648
1984	12	22	0.00034106641195999997	1.3497755077031446	0.8465084481743422
1984	12	23	0.0059346438572	1.2384538163461842	0.8298196563970055
1984	12	24	0.029865880306800003	1.141047336408844	0.7996459014275561
1984	12	25	0.00138297874262	1.1271321249892239	0.7414629676613658
1984	12	26	0.00034822157414	1.0297256450518835	0.700176255013795
1984	12	27	0.0098038286576	1.0297256450518835	0.6841533573475819
1984	12	28	0.005572017523300001	1.0297256450518835	0.8018470713751673
1984	12	29	0.00292455805816	0.9462343765341634	0.7291938288755133
1984	12	30	0.000691673064169	0.9323191651145433	0.8520787639132973
1984	12	31	0.0006888702295	0.8488278965968229	0.7443930063217804
1985	01	01	0.0	0.8488278965968229	0.7972701288018946
1985	01	02	0.00309344816821	0.8488278965968229	0.8970433135029536
1985	01	03	1.279423604	0.8488278965968229	0.8040331965846224
1985	01	04	11.751048991500001	1.0436408564715036	0.6716245334239469
1985	01	05	8.9212041975	5.663491047785359	0.7500177404012246
1985	01	06	0.8823259481999999	3.8127679289758936	0.6999612036569839
1985	01	07	0.059069654816999995	2.5047380555316088	0.7441980155125736
1985	01	08	0.00034822157414	1.9898752330056668	0.6993434385972832
1985	01	09	0.0017220271181000004	1.6837405817740259	0.6428752364416581
1985	01	10	0.0019017192774	1.5445884675778256	0.6640612297047613
1985	01	11	0.0	1.475012410479725	0.7458299814774597
1985	01	12	0.0	1.475012410479725	0.7043222993218258
1985	01	13	11.085291426000001	2.1290273472018675	0.5462892639168225
1985	01	14	0.290031080885	3.798852717556273	0.713843401574896
1985	01	15	0.00103613040325	2.8108727067632495	0.5571436202187648
1985	01	16	0.026398283645499995	2.309925095656928	0.8054086782290831
1985	01	17	7.1647089587	16.4477798979909	0.6586113351838487
1985	01	18	0.031232419767000003	6.387082041605602	0.8870753703376397
1985	01	19	4.3661796636100005	4.146733003046775	0.9911934183552864
1985	01	20	9.010116727200002	24.671669846986344	0.42675011852977
1985	01	21	18.942079016900003	52.97520987449352	0.5414043726199373
1985	01	22	7.382361747900001	17.39401427452506	0.6952099576115416
1985	01	23	2.8377055006600003	6.317505984507502	0.8733199218705925
1985	01	24	0.00240416010208	2.240349038558828	0.8444672505352186
1985	01	25	1.6758883825600002	1.4332667762208648	0.9897390692560146
1985	01	26	3.07173018702	3.9519200431720938	0.7893014275756294
1985	01	27	0.0017232003578999998	1.9481295987468066	0.8988354122310022
1985	01	28	0.00206804762715	1.2523690277658044	1.0575062954290009
1985	01	29	0.0011922045091	0.890573530855683	0.9398629403212901
1985	01	30	0.0	0.6957605709810024	1.09273232262171
1985	01	31	0.0006821327438900001	0.5844388796240421	1.1268560768872455
1985	02	01	0.00034822157414	0.556608456784802	1.1507814178531617
1985	02	02	0.0006964432283100001	0.5148628225259417	0.9980222382758751
1985	02	03	0.00102558356967	0.48703239968670164	1.2295528463038903
1985	02	04	0.0688181619368	0.43137155400822147	1.0194946515278833
1985	02	05	0.258585997399	0.43137155400822147	0.9543677257301234
1985	02	06	0.44324831581000007	0.3896259197493614	0.9926021241877226
1985	02	07	3.8517006463	0.4035411311689814	1.0578137274800228
1985	02	08	2.06259606358	0.43137155400822147	0.9400742322766495
1985	02	09	11.259986512100001	17.10179483471304	0.65222822267055
1985	02	10	1.13323856516	4.967730476804357	1.0342146059312318
1985	02	11	2.5123951550099997	2.2542642499784478	0.8692832499820696
1985	02	12	1.02818502485	1.5028428333189652	0.8169853711556526
1985	02	13	1.4060863647300001	1.0436408564715036	0.7616238480979867
1985	02	14	0.17237865776500003	0.7653366280791027	0.8162314479677794
1985	02	15	0.0076876041709	0.6540149367221423	0.9416274992533412
1985	02	16	3.3699808691	0.5844388796240421	1.0643200045704257
1985	02	17	4.335350507009999	1.0714712793107437	0.9203824675894812
1985	02	18	2.5981590644200003	0.9879800107930234	1.1111619233737695
1985	02	19	2.46267155565	0.7653366280791027	1.2721899608469038
1985	02	20	18.7979697962	13.386433385674485	0.4863233276997446
1985	02	21	4.57608450842	11.647031958221978	0.7773426777033016
1985	02	22	0.014250729220199999	3.2839898950303312	1.1738930804507182
1985	02	23	0.0384832370042	1.6559101589347858	1.1040409984580597
1985	02	24	0.076059423592	1.0853864907303636	1.150829479824495
1985	02	25	1.3276980201200002	0.8488278965968229	0.898033651813272
1985	02	26	3.5001608682999996	3.7849375061366537	0.9955516725763188
1985	02	27	0.90565637383	3.9797504660113336	0.9818476500699413
1985	02	28	1.4133027498600002	1.6559101589347858	1.04833170247965
1985	03	01	0.374132871234	1.0436408564715036	1.1812523952237364
1985	03	02	0.00069167312019	0.7375062052398625	1.4005956630709684
1985	03	03	0.00137142016978	0.5844388796240421	1.4163289610147967
1985	03	04	0.0009506160273799999	0.5009476111063217	1.2198050688764965
1985	03	05	0.00034822157414	0.4174563425886014	1.3627483941569618
1985	03	06	0.00137950608086	0.3757107083297413	1.4746792353587463
1985	03	07	0.0006850215067700001	0.3200498626512611	1.64766151486507
1985	03	08	0.010051181380100001	0.29221943981202103	1.4290341804723923
1985	03	09	0.09133574526520001	0.278304228392401	1.5122149046949678
1985	03	10	0.000677362587752	0.2643890169727809	1.8348639300078249
1985	03	11	0.00034822157414	0.2643890169727809	1.5628743730698718
1985	03	12	0.00034225885896000004	0.23655859413354086	1.644303723066598
1985	03	13	0.00034106641195999997	0.2087281712943007	1.4087340686934833
1985	03	14	0.0010341630257599999	0.1948129598746807	1.686892682442643
1985	03	15	0.00034822157414	0.1948129598746807	1.8692185030591164
1985	03	16	0.0013738053839	0.1948129598746807	1.8408271720693588
1985	03	17	0.0017124871419500003	0.18089774845506063	1.699502833820644
1985	03	18	0.0010432846851	0.16698253703544058	1.9949240395052954
1985	03	19	0.45210675648000004	0.16698253703544058	1.5768237075171614
1985	03	20	0.29908926843199996	0.16698253703544058	1.4786429963210002
1985	03	21	0.7338311635300001	0.18089774845506063	1.5203183470827106
1985	03	22	0.13561899806	0.1948129598746807	1.632488657223961
1985	03	23	0.004423971647480001	0.1948129598746807	1.7510613852427146
1985	03	24	0.00103046395913	0.1948129598746807	1.85432774677806
1985	03	25	0.34836945357400007	0.1948129598746807	1.7345255127424433
1985	03	26	0.00137272593926	0.1948129598746807	2.007846316521291
1985	03	27	0.00239938767309	0.18089774845506063	2.042637604760435
1985	03	28	0.00103227927962	0.16698253703544058	1.921578958281491
1985	03	29	0.004700726431620001	0.15306732561582054	1.6840677073509698
1985	03	30	0.00138094069864	0.15306732561582054	1.766702513373722
1985	03	31	0.0045876165113	0.1391521141962005	2.00671368659395
1985	04	01	0.0	0.1391521141962005	2.351233573031853
1985	04	02	0.00189267956878	0.12523690277658042	2.559116722303612
1985	04	03	0.0	0.11132169135696038	2.6503310799277147
1985	04	04	0.75203078583	0.11132169135696038	1.75432626360039
1985	04	05	0.5379594751810001	0.11132169135696038	1.6162352261875077
1985	04	06	0.91438620629	0.11132169135696038	1.5657405414000278
1985	04	07	1.30196637437	0.09740647993734035	1.4759434393019402
1985	04	08	2.15471475514	0.09740647993734035	1.6326281593116678
1985	04	09	0.512786166729	0.09740647993734035	1.5539649537652678
1985	04	10	1.7130077371	0.08349126851772029	1.9625286446804389
1985	04	11	0.000696443268325	0.09740647993734035	2.5999046501371876
1985	04	12	0.00069524213807	0.09740647993734035	2.937363260204761
1985	04	13	0.00034822157414	0.08349126851772029	2.749010453372115
1985	04	14	0.0006877040083310001	0.06957605709810025	2.9966348831167022
1985	04	15	0.0	0.05566084567848019	2.585142651033378
1985	04	16	0.0	0.041745634258860145	2.844081692132323
1985	04	17	0.0013772177030400002	0.013915211419620047	2.8774616036856973
1985	04	18	0.08213566612880001	0.013915211419620047	2.869375316470608
1985	04	19	0.20794984796100002	0.0	2.46206251112353
1985	04	20	19.114212342700004	0.0	1.499163793033333
1985	04	21	0.6405470751100001	0.0	1.8517203034180296
1985	04	22	1.07609130297	0.0	1.720861548256709
1985	04	23	10.138255620699999	0.0	1.6394555566346762
1985	04	24	7.528130790800001	0.0	1.904516841891296
1985	04	25	7.9992241846	0.041745634258860145	1.8025005068714326
1985	04	26	3.06524919756	0.027830422839240095	1.9937955568942871
1985	04	27	1.01094592261	0.08349126851772029	2.2570438947078624
1985	04	28	0.392967843701	0.08349126851772029	2.300233289242029
1985	04	29	0.00385564796599	0.06957605709810025	2.852146996112904
1985	04	30	0.00034822157414	0.06957605709810025	3.008719548746327
1985	05	01	0.058768758022999995	0.05566084567848019	2.2775423445535603
1985	05	02	3.05710102314	0.041745634258860145	2.088355634188028
1985	05	03	0.306874506802	0.041745634258860145	2.436964079209796
1985	05	04	0.039131615254900005	0.05566084567848019	2.7166044306910173
1985	05	05	0.00170593676648	0.027830422839240095	2.066222843901573
1985	05	06	1.42355403265	0.013915211419620047	1.9936072425961837
1985	05	07	0.0006821327438900001	0.0	2.6815741508720365
1985	05	08	0.0010255836497	0.0	2.8312293636519015
1985	05	09	0.0	0.0	3.26516707655981
1985	05	10	0.0024093919833	0.0	3.033859106332666
1985	05	11	0.00103512450618	0.0	2.7761600644755617
1985	05	12	0.288243450775	0.0	2.898378409265448
1985	05	13	0.0162448271266	0.0	2.621192958887709
1985	05	14	0.32742849966	0.0	2.4213814192480547
1985	05	15	0.350608917058	0.0	2.143531373179637
1985	05	16	0.0	0.0	2.702533725400914
1985	05	17	0.000352991818311	0.0	3.0956367225064665
1985	05	18	0.0031442139182300006	0.0	2.8420330092294352
1985	05	19	0.4600295264050001	0.0	2.59665506286976
1985	05	20	0.0011200629861699998	0.0	3.143983522994601
1985	05	21	0.00102558356967	0.0	2.944523219440281
1985	05	22	0.27276240756	0.0	2.8177135407395717
1985	05	23	0.663920748952	0.0	2.7450828559533424
1985	05	24	0.0	0.0	2.8206963531455993
1985	05	25	0.0021098002385099997	0.0	2.7265537478485773
1985	05	26	4.57150351119	0.0	2.1238442125175254
1985	05	27	0.12497031029899999	0.0	2.4836287920213276
1985	05	28	0.0	0.0	2.9454922398438796
1985	05	29	0.011884919174000001	0.0	2.7773437978504862
1985	05	30	2.7577265598	0.0	2.1732869837630324
1985	05	31	0.0315351364432	0.0	2.4985354686409167
1985	06	01	0.83910998829	0.0	2.3653996095510967
1985	06	02	0.346427957786	0.0	2.7238217746459235
1985	06	03	0.00297272595435	0.0	2.5835605157607495
1985	06	04	0.0049719933986	0.0	2.781431202049524
1985	06	05	0.22542844797900002	0.0	2.342584391645733
1985	06	06	0.512145302495	0.0	2.7335119927703384
1985	06	07	0.047349573434	0.0	3.1694595445310125
1985	06	08	0.000352991818311	0.0	3.2952092867758696
1985	06	09	0.000352991818311	0.0	3.8227795492302046
1985	06	10	0.00034106641195999997	0.0	3.600211055601675
1985	06	11	0.0	0.0	3.7820748079486095
1985	06	12	0.0020664816801399997	0.0	3.5497763795586077
1985	06	13	0.0013690356759300001	0.0	3.6356084955552133
1985	06	14	0.031160414375100007	0.0	3.4005418006897354
1985	06	15	1.11946748294	0.0	3.3671244490922456
1985	06	16	0.606707950195	0.0	3.5382156743965942
1985	06	17	0.0032019442790000006	0.0	3.916466279847227
1985	06	18	3.0362824991200004	0.0	3.0262216819513417
1985	06	19	0.292027437238	0.0	3.5891347492522794
1985	06	20	0.0	0.0	3.968168388890076
1985	06	21	0.0010303766464	0.0	3.8613430873583536
1985	06	22	0.0	0.0	3.761352266980152
1985	06	23	0.00136985318238	0.0	4.056719665014933
1985	06	24	0.000683464002925	0.0	3.984427239233379
1985	06	25	0.05954352045	0.0	3.425177228335464
1985	06	26	0.0013692452745	0.0	4.2569038198521705
1985	06	27	0.00103514851518	0.0	3.9371539481263764
1985	06	28	0.00137978266454	0.0	3.3258702361060886
1985	06	29	0.00034822157414	0.0	3.5948981397887927
1985	06	30	0.015677294381600003	0.0	3.1341657926952546
1985	07	01	0.0010208138617	0.0	3.4269178400416753
1985	07	02	0.170366463475	0.0	2.7425952826046363
1985	07	03	0.0013710453092600002	0.0	3.435817551333829
1985	07	04	0.0010401665562400002	0.0	4.263518645672806
1985	07	05	0.0006821327438900001	0.0	4.3184669850949495
1985	07	06	0.00205116713934	0.0	3.685796661972736
1985	07	07	0.0267569084794	0.0	3.680716341577079
1985	07	08	0.00137857581214	0.0	3.684588367306693
1985	07	09	0.00224991756281	0.0	4.442695234192053
1985	07	10	0.00069005219257	0.0	4.451124225610316
1985	07	11	0.0014568588372700002	0.0	3.8699939083935675
1985	07	12	0.00137774021891	0.0	3.819586270197929
1985	07	13	0.000352991818311	0.0	3.537292091274395
1985	07	14	0.000352991818311	0.0	4.203038268683522
1985	07	15	0.0006821327438900001	0.0	4.308796629511996
1985	07	16	0.00170790382385	0.0	4.441377494161946
1985	07	17	0.00102364812415	0.0	3.6385919878692805
1985	07	18	0.0007834054749280002	0.0	4.078290039099198
1985	07	19	0.00044272639216200003	0.0	4.199591157382687
1985	07	20	0.00102081378167	0.0	4.196091069653986
1985	07	21	0.0010338930045400002	0.0	3.642259627526408
1985	07	22	0.0	0.0	4.085737295388407
1985	07	23	0.000680517946568	0.0	4.527203112300626
1985	07	24	0.000352991818311	0.0	3.9455187082748275
1985	07	25	0.000339532196845	0.0	3.455404075963911
1985	07	26	0.00137599916626	0.0	3.7996435851968595
1985	07	27	0.0	0.0	3.7730115600223497
1985	07	28	0.0	0.0	3.6285863773767844
1985	07	29	0.5289132281100001	0.0	3.330441146570204
1985	07	30	0.0020506161327900002	0.0	3.5787846296411763
1985	07	31	0.00275395786707	0.0	4.013826051924814
1985	08	01	0.000691673064169	0.0	3.9865547507616745
1985	08	02	0.0013660688838000002	0.0	4.129173641503396
1985	08	03	0.00137619059802	0.0	4.21199247641715
1985	08	04	0.00069840692442	0.0	4.843295586623112
1985	08	05	0.00103532834259	0.0	3.985397896215268
1985	08	06	0.0030952971013	0.0	3.8558385491815765
1985	08	07	0.0	0.0	3.91211622499996
1985	08	08	0.00102149003517	0.0	3.5908722789026117
1985	08	09	0.00137334032957	0.0	3.899405045040471
1985	08	10	0.0027437877347	0.0	3.6096902601647525
1985	08	11	0.0006869030120699999	0.0	3.9626877031824392
1985	08	12	0.00241104324229	0.0	3.7181535446742138
1985	08	13	0.0017108274798100002	0.0	3.834383121182497
1985	08	14	0.00102081378167	0.0	4.059726781147037
1985	08	15	0.000692728131671	0.0	3.9971537170213085
1985	08	16	0.0	0.0	3.915550034974679
1985	08	17	0.0006869030120699999	0.0	3.6858457853462254
1985	08	18	0.00068901900527	0.0	3.71848848295689
1985	08	19	0.0010279687837900001	0.0	3.965113468209246
1985	08	20	0.00034106641195999997	0.0	3.9716574381133736
1985	08	21	0.00103946341266	0.0	3.68722193678582
1985	08	22	0.0006841191685200001	0.0	4.225861891216832
1985	08	23	0.0	0.0	3.7937018249359236
1985	08	24	0.0017117132518500002	0.0	3.4084286469789253
1985	08	25	0.0006869030120699999	0.0	3.237310498797666
1985	08	26	0.0	0.0	3.515800937100396
1985	08	27	0.0	0.0	3.094202991700075
1985	08	28	0.00034822157414	0.0	3.2580448071408297
1985	08	29	0.00136441826505	0.0	3.588687349918421
1985	08	30	0.00068246478836	0.0	3.5749889008284668
1985	08	31	0.00104856818567	0.0	3.6097737101486294
1985	09	01	0.0024012566136799997	0.0	3.645722256481384
1985	09	02	0.00205699020217	0.0	3.418127893294328
1985	09	03	0.0006934625429720001	0.0	3.6377147419957114
1985	09	04	0.00034822157414	0.0	3.648986184079024
1985	09	05	0.00034822157414	0.0	3.0582805180338353
1985	09	06	0.00034822161415500003	0.0	2.6443482289939073
1985	09	07	0.25505730663599996	0.0	1.975473353996321
1985	09	08	0.0189119661288	0.0	2.7051996398386784
1985	09	09	0.0701168231522	0.0	2.6193106932955987
1985	09	10	0.0369692870858	0.0	2.3243737621731575
1985	09	11	0.00058355571136	0.0	2.581244440276406
1985	09	12	0.73273739352	0.0	2.8700927572069834
1985	09	13	0.32515496740500005	0.0	3.0296994288753023
1985	09	14	0.0011987224724200002	0.0	3.0978355806079705
1985	09	15	0.0	0.0	3.2712506339044443
1985	09	16	0.0	0.0	2.616535166743214
1985	09	17	0.29254902476	0.0	2.171901934963774
1985	09	18	0.0017125945422100002	0.0	2.053955615245314
1985	09	19	1.22994433623	0.0	1.7057242482749926
1985	09	20	0.0355993191404	0.0	2.0670151630540743
1985	09	21	0.30696018692000004	0.0	2.361236799534422
1985	09	22	0.00138203398847	0.0	2.4890642459828225
1985	09	23	0.0921955403675	0.0	2.514990985820781
1985	09	24	0.00172374072046	0.0	2.4987517108242523
1985	09	25	0.000353631137966	0.0	2.5862541111864195
1985	09	26	0.000699483768085	0.0	2.5049106545938633
1985	09	27	0.0013765880269999999	0.0	2.411125000200473
1985	09	28	0.00033648809573499997	0.0	2.245802271916457
1985	09	29	0.0	0.0	2.676446680823978
1985	09	30	0.0	0.0	1.783326016897469
1985	10	01	0.0	0.0	1.9179875092803542
1985	10	02	0.009500665414000001	0.0	2.0884217647808123
1985	10	03	0.00104293615445	0.0	2.0914348239228056
1985	10	04	0.0064407351703	0.0	1.8993732504682996
1985	10	05	0.000682132791908	0.0	1.9950455417276134
1985	10	06	0.0	0.0	2.099383207937822
1985	10	07	0.00067736263577	0.0	2.2862313976887885
1985	10	08	0.0006821327438900001	0.0	2.112370134076845
1985	10	09	0.00069007075953	0.0	2.3229997699909557
1985	10	10	0.0006869029320400001	0.0	1.9917228808329703
1985	10	11	0.0	0.0	1.849518502986542
1985	10	12	0.00033573588576199997	0.0	1.696366800736963
1985	10	13	0.00384147065149	0.0	1.66722970823434
1985	10	14	0.0	0.0	2.0755403798246306
1985	10	15	0.0013727113738	0.0	1.9606582300862545
1985	10	16	0.0010370089725900001	0.0	2.0492662438739724
1985	10	17	0.0006821327438900001	0.0	1.6339054457038262
1985	10	18	0.0013863495261900003	0.0	1.7741458424937597
1985	10	19	0.00139169697073	0.0	1.9406054837042372
1985	10	20	0.0008605485847499999	0.0	1.8486856261671836
1985	10	21	0.00036327600143400005	0.0	1.4992949039474688
1985	10	22	0.0074991119128	0.0	1.5768559341811852
1985	10	23	0.0016460519981100002	0.0	1.6460600975374902
1985	10	24	0.0010265858653900001	0.0	1.7821065024909177
1985	10	25	0.00034106641195999997	0.0	1.6343987023477644
1985	10	26	0.00171964126374	0.0	1.7925755221660038
1985	10	27	0.0	0.0	1.6658672459406794
1985	10	28	0.0024112174676	0.0	1.5212648150868389
1985	10	29	0.0021306650999	0.0	1.303782666080213
1985	10	30	0.176209181673	0.0	1.1600573767366769
1985	10	31	0.55220675991	0.0	1.3166265818969
1985	11	01	0.007811493011800001	0.0	1.3734972884065426
1985	11	02	4.3852110377	0.0	1.0608802938721533
1985	11	03	0.6028542576020001	0.0	1.2255897252819352
1985	11	04	10.5336710459	0.0	0.7492203691381909
1985	11	05	1.53038712004	0.0	1.0188078577447488
1985	11	06	0.057697196338	0.0	1.2770203035519498
1985	11	07	0.0276984998438	0.0	1.1682228523382931
1985	11	08	0.00069563700609	0.0	1.388400487881469
1985	11	09	0.019245220652400002	0.0	1.3055661337994582
1985	11	10	0.0074960619695	0.0	1.1557282917432479
1985	11	11	2.1680887285	0.0	1.0783470034089662
1985	11	12	0.018573482445	0.0	0.955900362456262
1985	11	13	0.00034106641195999997	0.0	0.9512976162249898
1985	11	14	2.41968592208	0.0	0.8415475717098655
1985	11	15	0.129923999236	0.0	0.9164428474439376
1985	11	16	0.055856322269	0.0	0.8462091189006805
1985	11	17	0.00275144508513	0.0	0.9806908308642941
1985	11	18	0.00034822157414	0.0	1.1024910442359228
1985	11	19	0.00034106641195999997	0.0	0.9882429328463379
1985	11	20	0.06596391919700001	0.0	0.9764522993333706
1985	11	21	0.000352991794302	0.0	0.8097942288436859
1985	11	22	0.0377808377032	0.0	0.9341611546786162
1985	11	23	0.00034106641195999997	0.0	0.8580429275833392
1985	11	24	0.149786076723	0.0	0.6832064111634282
1985	11	25	7.6058703322	0.0	0.6654972275492161
1985	11	26	1.14967560674	0.0	0.7273693103907036
1985	11	27	0.200220230441	0.0	0.8260241006295092
1985	11	28	0.0006872720304	0.0	0.7948962276915321
1985	11	29	0.029556493130100003	0.0	0.8864672949696601
1985	11	30	0.06545578471800001	0.0	0.7909839168818226
1985	12	01	0.0	0.0	0.7782216676901134
1985	12	02	0.00034822157414	0.0	0.8042994701565035
1985	12	03	0.00103607222144	0.0	0.7701566146489613
1985	12	04	0.0263597564032	0.0	0.7286797656555785
1985	12	05	5.047082346400001	0.0	0.7378667217014498
1985	12	06	0.0080154262581	0.0	0.8906528156132837
1985	12	07	8.1277315568	0.0	0.7379947529153617
1985	12	08	5.2300125195	0.0	0.7130810878837682
1985	12	09	0.00034822157414	0.0	0.6894961859742688
1985	12	10	0.0968211151078	0.0	0.6097737917905893
1985	12	11	1.96337879105	0.0	0.8093646525800268
1985	12	12	0.000352991794302	0.0	0.8533299122251311
1985	12	13	0.00309599792401	0.0	0.8042525971145537
1985	12	14	0.00102558356967	0.0	0.8249684410647498
1985	12	15	0.0	0.0	0.7511258101359198
1985	12	16	0.00068578787405	0.0	0.7617021749474371
1985	12	17	0.0	0.0	0.8986420318160796
1985	12	18	0.00508831828408	0.0	0.8207323439127565
1985	12	19	0.033978301086500004	0.0	0.7630270115864768
1985	12	20	0.08232487305479999	0.0	0.8258839585910397
1985	12	21	1.17070068819	0.0	0.604799212755386
1985	12	22	5.427958961590001	0.0	0.7089366531780393
1985	12	23	0.8372246415500001	0.0	0.6775149007412098
1985	12	24	0.624944858472	0.0	0.6235411329766252
1985	12	25	0.7693866038220001	0.0	0.6803235348753726
1985	12	26	0.466072999858	0.0	0.6434277514451191
1985	12	27	13.393868818000001	0.0	0.4050838542091314
1985	12	28	8.3793482777	0.9879800107930234	0.5542486592024856
1985	12	29	3.11542760741	0.570523668204422	0.6431881308953665
1985	12	30	0.0010279687837900001	0.22264338271392076	0.5497586838400654
1985	12	31	0.160892183952	0.12523690277658042	0.8887920293165182
1986	01	01	0.22145992033900003	0.12523690277658042	0.8193253166706755
1986	01	02	1.3241251608	0.09740647993734035	0.6714701087026385
1986	01	03	0.0595566573745	0.09740647993734035	0.6971162346585944
1986	01	04	0.0	0.05566084567848019	0.684702140866603
1986	01	05	0.546369163632	0.027830422839240095	0.8030432326457962
1986	01	06	0.0013673571267100002	0.027830422839240095	0.7497906609161401
1986	01	07	4.52154806492	0.09740647993734035	0.7425361346550154
1986	01	08	0.66792581829	0.278304228392401	0.7353525421410311
1986	01	09	0.28393627619	0.278304228392401	0.7210175017007687
1986	01	10	0.00171127956928	0.22264338271392076	0.8948608257365553
1986	01	11	3.20790123202e-07	0.18089774845506063	0.9664969346362791
1986	01	12	0.0024454899149500002	0.12523690277658042	0.7427809696982376
1986	01	13	0.000682132791908	0.09740647993734035	0.8068495636707005
1986	01	14	0.00034822157414	0.09740647993734035	1.0471326287592546
1986	01	15	0.0006821327438900001	0.05566084567848019	0.9688085191999394
1986	01	16	0.060465538077	0.027830422839240095	0.8067655514466425
1986	01	17	0.001722101546	0.027830422839240095	0.9406556002252755
1986	01	18	0.00034822157414	0.027830422839240095	0.8751562650928142
1986	01	19	0.0006869030120699999	0.013915211419620047	0.9961906014740033
1986	01	20	0.0029341879880300003	0.013915211419620047	0.8389607550025278
1986	01	21	1.71840528042	0.0	0.7568314566308718
1986	01	22	0.000352991818311	0.027830422839240095	0.9041069368923867
1986	01	23	0.00155652531819	0.013915211419620047	0.9683069594310411
1986	01	24	0.0112040975616	0.0	0.8594726226472275
1986	01	25	0.00205935068702	0.0	0.995032089779439
1986	01	26	0.0006846662536000001	0.0	0.8808365913400813
1986	01	27	0.000343454363106	0.0	1.0016080039643205
1986	01	28	0.0006827949361189999	0.0	0.7930288641301816
1986	01	29	1.27033051537	0.0	0.933176178326228
1986	01	30	1.16436431294	0.0	0.8842336810608088
1986	01	31	0.166763680938	0.0	0.8071564828482248
1986	02	01	0.393896359764	0.0	0.852648620311696
1986	02	02	0.026909311209	0.0	0.9781134271026601
1986	02	03	0.33688564476000005	0.0	1.0120702307364922
1986	02	04	0.23082923251399998	0.0	0.892965281990187
1986	02	05	0.08728287881	0.0	0.9037021148095588
1986	02	06	0.0492979013831	0.0	0.9550355525269192
1986	02	07	1.918263079	0.0	0.9984543865472387
1986	02	08	7.4567512334999995	0.0	0.7325889480297042
1986	02	09	0.8121623667200001	0.0	0.9567379784076154
1986	02	10	0.00239501955566	0.0	1.1363866410211703
1986	02	11	1.5419981125300002	0.0	1.211445085774978
1986	02	12	0.35125062961000003	0.0	0.9999000408421833
1986	02	13	6.5179843678900005	0.0	0.6600349759578122
1986	02	14	10.6100188656	2.059451290103767	0.8981781444879645
1986	02	15	0.076457196701	0.9879800107930234	1.0641650644809555
1986	02	16	2.1580897803	0.570523668204422	0.8861719047783013
1986	02	17	4.11236267792	0.5009476111063217	0.7239912575034354
1986	02	18	0.230549727739	1.2106233935069441	0.8618611578113848
1986	02	19	9.6005044396	0.9184039536949231	0.9651425655639755
1986	02	20	3.7387655115	2.1568577700411073	1.062645153914508
1986	02	21	3.6163880371500006	3.5344637005834922	0.9017905342535485
1986	02	22	0.0278409940591	1.5445884675778256	1.0747643853282534
1986	02	23	0.010458317198800002	0.9184039536949231	1.3830344911261674
1986	02	24	0.086559151514	0.6957605709810024	1.1141351594721924
1986	02	25	0.006462388087099999	0.5009476111063217	1.226491075423926
1986	02	26	0.00206035906502	0.4452867654278415	1.3185477851699388
1986	02	27	0.684137463378	0.33396507407088116	1.257276870075929
1986	02	28	1.37243623066	0.278304228392401	1.2875207053243376
1986	03	01	3.4998743609000003	0.278304228392401	1.3783246939309146
1986	03	02	2.622831193	0.22264338271392076	1.1360436725844225
1986	03	03	12.7337685732	4.021496100270194	0.9777035796370498
1986	03	04	6.8217235874	11.243490827052998	0.9972852544988745
1986	03	05	0.508779392752	2.3377555184961682	1.654528147271348
1986	03	06	0.009718730357700002	1.2941146620246644	1.506534663327867
1986	03	07	8.1701522586	1.0575560678911236	1.1890553948292406
1986	03	08	0.0496870920749	0.8349126851772029	1.3758468368979953
1986	03	09	0.00103512458621	0.6400997253025222	1.6281611373165188
1986	03	10	0.00103376335594	0.5009476111063217	1.5153452610035463
1986	03	11	0.00034822161415500003	0.4452867654278415	1.6225579387417768
1986	03	12	0.014157266985	0.3896259197493614	1.655041418484846
1986	03	13	0.12731884667	0.33396507407088116	1.4321359417283768
1986	03	14	0.00137857581214	0.278304228392401	1.6616135066262796
1986	03	15	0.000352991818311	0.22264338271392076	1.6469255122934765
1986	03	16	0.00144373911922	0.22264338271392076	1.6703375678727928
1986	03	17	0.12933178523900002	0.18089774845506063	1.6296789679329584
1986	03	18	0.54802071073	0.18089774845506063	1.727418018073671
1986	03	19	0.140475610607	0.12523690277658042	1.8437977034625566
1986	03	20	0.00034822157414	0.12523690277658042	2.145930055183295
1986	03	21	0.0016695999452799998	0.09740647993734035	2.0572307227111417
1986	03	22	0.0	0.09740647993734035	2.0535869605354105
1986	03	23	0.00172915082849	0.05566084567848019	2.232272644161594
1986	03	24	0.015636969665500003	0.05566084567848019	1.9315719367432795
1986	03	25	0.071709312912	0.05566084567848019	1.344317323165021
1986	03	26	0.00103166200823	0.027830422839240095	1.788189587337799
1986	03	27	0.0020634214930000004	0.027830422839240095	1.9880360005507731
1986	03	28	0.172038554274	0.027830422839240095	1.8149445836258058
1986	03	29	0.013369235584	0.013915211419620047	1.9849895668373008
1986	03	30	0.0010279688638199999	0.013915211419620047	2.193108466713757
1986	03	31	0.00138451603889	0.013915211419620047	2.495517239664797
1986	04	01	0.00137653312642	0.0	2.2367419317494295
1986	04	02	2.20446052281	0.0	1.46456653770044
1986	04	03	0.05225979007500001	0.0	1.8936591170010386
1986	04	04	0.99518305375	0.0	1.7666900383285624
1986	04	05	25.6501952175	0.09740647993734035	1.3687348083773092
1986	04	06	6.45603178438	1.3776059305423847	1.7347132371036706
1986	04	07	0.00126433186672	0.6957605709810024	1.6997185647691047
1986	04	08	1.1794083523399999	0.4452867654278415	1.6407566889929366
1986	04	09	0.0013714193694800002	0.33396507407088116	1.8314631390361833
1986	04	10	0.00034822157414	0.22264338271392076	2.0650984086766226
1986	04	11	0.7246493216300001	0.18089774845506063	1.7307784339027399
1986	04	12	0.0065232885162	0.12523690277658042	1.7701226389450813
1986	04	13	0.0	0.09740647993734035	2.017203625581866
1986	04	14	4.8148937083	0.09740647993734035	1.1067139942776592
1986	04	15	0.17857189936	0.09740647993734035	2.0010711802396473
1986	04	16	1.92473318438	0.05566084567848019	1.6595575036198376
1986	04	17	0.60787730854	0.05566084567848019	1.7445077076506883
1986	04	18	0.080366158012	0.05566084567848019	2.0532591117460535
1986	04	19	0.402303735348	0.027830422839240095	2.166070041418679
1986	04	20	0.0010331975438400002	0.027830422839240095	2.3683289551073634
1986	04	21	0.8279293171100001	0.027830422839240095	2.230657402352011
1986	04	22	0.59076209274	0.027830422839240095	1.811746422248982
1986	04	23	0.72824218845	0.027830422839240095	1.7989852898827956
1986	04	24	5.26536521179	0.013915211419620047	1.8679025805273657
1986	04	25	2.6931481919899998	0.0	2.097913467150546
1986	04	26	0.43847444628000004	0.0	1.9680207613916318
1986	04	27	0.0006980535919700001	0.0	2.451349432841846
1986	04	28	0.00110302828055	0.0	2.44191208050027
1986	04	29	0.0	0.0	2.8900846409548158
1986	04	30	0.00102566880162	0.0	3.128684451144428
1986	05	01	0.00034106641195999997	0.0	2.7906362380200784
1986	05	02	0.00103796693169	0.0	2.660533288713398
1986	05	03	0.00034337263647	0.0	2.5445332508560257
1986	05	04	0.533494273358	0.0	1.9429575966432733
1986	05	05	3.1925650831200003	0.0	1.7597197276242293
1986	05	06	0.037190725294	0.0	2.1144811682350517
1986	05	07	0.00034106641195999997	0.0	2.8584077251318867
1986	05	08	0.0010354921639999998	0.0	3.2117068984059642
1986	05	09	0.00204947338442	0.0	3.7087865144846868
1986	05	10	0.0	0.0	3.945363266028732
1986	05	11	0.0010329568936299999	0.0	3.8735947084054367
1986	05	12	0.00051241624406	0.0	3.628731151706522
1986	05	13	0.0008377491581699999	0.0	3.316045186161623
1986	05	14	0.0006869030120699999	0.0	3.1999235572883253
1986	05	15	0.000691673064169	0.0	3.486646049015299
1986	05	16	0.00102642580539	0.0	3.238111116191811
1986	05	17	0.00244805263561	0.0	3.562233975462022
1986	05	18	0.225897671872	0.0	3.325896715477946
1986	05	19	0.0	0.0	3.2201258672651494
1986	05	20	0.0006821327438900001	0.0	3.255630657752384
1986	05	21	0.00104654182607	0.0	3.766409497946838
1986	05	22	0.0003423907484	0.0	3.4099713508692626
1986	05	23	0.000691673064169	0.0	3.9269088532275265
1986	05	24	0.0	0.0	4.098771776621613
1986	05	25	0.0006885861470090001	0.0	3.8229598011177917
1986	05	26	0.001025704495	0.0	4.196080452582839
1986	05	27	0.00309238697041	0.0	4.039430036837508
1986	05	28	0.00519381286972	0.0	3.7366754597934246
1986	05	29	0.0	0.0	3.9244085464928946
1986	05	30	15.3232848778	0.0	2.620644605157854
1986	05	31	0.18727972357	0.0	3.1377957899550566
1986	06	01	0.000678183863615	0.0	3.5825116376040484
1986	06	02	0.48765024029	0.0	2.6007656732471256
1986	06	03	0.405744361099	0.0	3.125358236797283
1986	06	04	0.22061136224899996	0.0	3.1391041989053465
1986	06	05	0.297731063296	0.0	4.122666491724472
1986	06	06	0.10000786489100001	0.0	3.2922751768590057
1986	06	07	0.0961511919808	0.0	2.6492122144862273
1986	06	08	0.0010241831247	0.0	3.368931127540693
1986	06	09	0.0	0.0	3.4426709568700664
1986	06	10	0.0	0.0	3.7089285425838607
1986	06	11	0.000352991818311	0.0	4.107950546297275
1986	06	12	0.00034822157414	0.0	4.360023133296817
1986	06	13	0.00138334552011	0.0	3.9084157259242738
1986	06	14	0.00103512450618	0.0	3.329543431802976
1986	06	15	0.00108118481232	0.0	2.707779309145435
1986	06	16	0.029856690461900003	0.0	3.1853157061114277
1986	06	17	0.00171056474132	0.0	3.8848827060888205
1986	06	18	0.0	0.0	3.452585152321045
1986	06	19	0.00034822157414	0.0	3.505783762506225
1986	06	20	0.0010354993667	0.0	3.1729503496054545
1986	06	21	0.0027202280231199997	0.0	3.1836194240801774
1986	06	22	0.00137938515553	0.0	3.17410933214106
1986	06	23	0.4437929999900001	0.0	2.960400417201318
1986	06	24	0.000696443268325	0.0	3.7461870703615046
1986	06	25	0.0013730979187	0.0	3.8196566249065724
1986	06	26	0.00372756419258	0.0	3.119423214900564
1986	06	27	0.0010208138617	0.0	3.9622623194069195
1986	06	28	0.0	0.0	4.000377885219774
1986	06	29	0.0017098857668	0.0	3.8030967862162828
1986	06	30	0.0	0.0	4.130739417578151
1986	07	01	0.00137619059802	0.0	4.134617364570697
1986	07	02	0.0	0.0	4.320673236671997
1986	07	03	0.000684517917995	0.0	4.189599708729066
1986	07	04	0.000352991818311	0.0	4.064439223972101
1986	07	05	0.0010279688638199999	0.0	4.5372203197004275
1986	07	06	0.0	0.0	4.575460674725534
1986	07	07	0.00170771663368	0.0	4.386713212756711
1986	07	08	0.000682132791908	0.0	3.686711319721709
1986	07	09	0.0006869030120699999	0.0	4.680033151123739
1986	07	10	0.0	0.0	4.610939244689227
1986	07	11	0.0013833753713000001	0.0	4.731284133595195
1986	07	12	0.00155105806874	0.0	4.356416945060912
1986	07	13	0.00034106641195999997	0.0	3.6904930720766096
1986	07	14	0.0	0.0	3.9348088405732353
1986	07	15	0.0006869030120699999	0.0	4.200215860469228
1986	07	16	0.00138022523044	0.0	4.237345279928927
1986	07	17	0.0006821327438900001	0.0	4.452177681093368
1986	07	18	0.0006694181377	0.0	4.556872057008736
1986	07	19	0.000684517917995	0.0	3.525282318328656
1986	07	20	0.0	0.0	4.365818145202904
1986	07	21	0.00034106641195999997	0.0	3.7641895725000976
1986	07	22	0.0	0.0	3.6531186760058074
1986	07	23	0.00136531556141	0.0	3.569842846281793
1986	07	24	0.00103672582645	0.0	3.727877991702461
1986	07	25	1.26546733236e-05	0.0	3.5782411979416477
1986	07	26	0.00057945793527	0.0	3.897577436784396
1986	07	27	0.00137353384211	0.0	3.720470743509101
1986	07	28	0.0010303539979100002	0.0	4.34748978564358
1986	07	29	0.00034822161415500003	0.0	4.271608356972579
1986	07	30	0.0	0.0	3.7906043851214553
1986	07	31	0.000684517821959	0.0	4.081367280032219
1986	08	01	0.00034822157414	0.0	4.325311547508928
1986	08	02	0.0010225541140499999	0.0	4.234989269238822
1986	08	03	0.0029041812197100002	0.0	3.453711434452252
1986	08	04	0.0006821327438900001	0.0	3.580536962980214
1986	08	05	0.0013785758921700001	0.0	3.949210616867886
1986	08	06	0.0006869029320400001	0.0	4.265586620560601
1986	08	07	0.000363714205699	0.0	4.149338396093148
1986	08	08	0.0006845178779800001	0.0	3.7870511457030647
1986	08	09	0.0045811716954	0.0	3.6035814841332927
1986	08	10	0.0057141109483600004	0.0	3.3023140455314843
1986	08	11	0.000691673064169	0.0	3.3872873130134176
1986	08	12	0.0	0.0	3.9507864456652038
1986	08	13	0.000681141220208	0.0	3.8630404341642772
1986	08	14	0.000684183720718	0.0	3.869167874318166
1986	08	15	0.00034822161415500003	0.0	3.6668007790888244
1986	08	16	0.000179377577376	0.0	3.721177532595562
1986	08	17	0.0011379192797700002	0.0	3.4771383491221797
1986	08	18	0.0048198059497	0.0	2.9288699325696914
1986	08	19	0.0	0.0	3.4548025717100903
1986	08	20	0.0010303539979100002	0.0	3.820722526115571
1986	08	21	0.0010303539979100002	0.0	4.271190137499575
1986	08	22	0.00206088566242	0.0	4.227044657197121
1986	08	23	0.00262133175092	0.0	3.3440287193823672
1986	08	24	0.00101988511355	0.0	3.840422539913211
1986	08	25	0.0013742014523700002	0.0	3.7651808902101944
1986	08	26	0.00307304179869	0.0	3.143012923672592
1986	08	27	0.0013782104751900001	0.0	2.966664078887028
1986	08	28	0.0006821327438900001	0.0	3.326335717052803
1986	08	29	0.0	0.0	3.5312981985081517
1986	08	30	0.045739606722799996	0.0	2.8677868106053306
1986	08	31	1.66386339488	0.0	1.8976505052373804
1986	09	01	0.11637208717400001	0.0	2.495952734128522
1986	09	02	0.00102081378167	0.0	3.1968814732139306
1986	09	03	0.0006821327438900001	0.0	3.397382266572854
1986	09	04	0.00069248750547	0.0	3.257216352293825
1986	09	05	0.00034822157414	0.0	3.453417995551793
1986	09	06	0.00034822157414	0.0	3.369742925305798
1986	09	07	0.0	0.0	3.219111233279327
1986	09	08	0.00173656632826	0.0	2.919598622547545
1986	09	09	0.209893912712	0.0	2.5536232921910202
1986	09	10	0.4922030109390001	0.0	2.4345850838416743
1986	09	11	0.40282700350000006	0.0	2.387342304470999
1986	09	12	0.4863760026300001	0.0	2.107410389665918
1986	09	13	0.129621221737	0.0	2.0146411165594573
1986	09	14	0.067883334708	0.0	2.17418630514232
1986	09	15	4.161003791500001	0.0	1.6372504178965197
1986	09	16	2.55375145781	0.0	1.8890524142938832
1986	09	17	0.36343003517500005	0.0	2.0683351464293085
1986	09	18	0.10709857090899999	0.0	2.0594664137755
1986	09	19	0.036089926249100006	0.0	2.3495118986599386
1986	09	20	0.726199374682	0.0	1.5352289405298614
1986	09	21	0.51322022544	0.0	2.221892661514522
1986	09	22	0.08382791968600001	0.0	2.520849661072908
1986	09	23	0.14196393652	0.0	2.33500684041433
1986	09	24	0.0020702488523000003	0.0	2.1980969345743624
1986	09	25	0.0011518329754499998	0.0	2.238039588349854
1986	09	26	0.00136823569605	0.0	2.398729825741388
1986	09	27	0.0	0.0	2.3389780603041643
1986	09	28	0.0	0.0	2.4941524746437262
1986	09	29	0.0448379959455	0.0	2.282216427955686
1986	09	30	0.0	0.0	2.376915586899616
1986	10	01	0.0	0.0	2.38285892898099
1986	10	02	0.0433481798739	0.0	1.8872201195005143
1986	10	03	0.00301276912491	0.0	2.1241648636022945
1986	10	04	0.00554165598199	0.0	2.2596743628442666
1986	10	05	0.013767753772299999	0.0	2.2086238857033496
1986	10	06	4.74334488755	0.0	1.6048762344810257
1986	10	07	16.2913973839	0.0	1.3615143726670342
1986	10	08	1.7711191206999999	0.0	1.2830943623702962
1986	10	09	0.043580053994100004	0.0	1.875345257179692
1986	10	10	0.086434072627	0.0	1.8951120608143064
1986	10	11	15.153304359	0.0	1.2906417399234225
1986	10	12	2.1646922553000003	0.0	1.1682139944404033
1986	10	13	5.156369713800001	0.0	1.1148380765898993
1986	10	14	6.922556585599999	0.0	1.2258185828472594
1986	10	15	3.0177750014100004	0.0	1.2851838493345433
1986	10	16	0.170778393891	0.0	1.4855155435784513
1986	10	17	0.10272678810500001	0.0	1.6043361587219758
1986	10	18	0.177537071445	0.0	1.5257120732525307
1986	10	19	0.000682132791908	0.0	1.6375311755918778
1986	10	20	0.00034822157414	0.0	1.758728573034302
1986	10	21	0.00137142016978	0.0	1.799869837395322
1986	10	22	0.000436951451371	0.0	1.754528908474357
1986	10	23	0.095725219501	0.0	1.3939132945878325
1986	10	24	0.81962684485	0.0	1.1590288672756655
1986	10	25	0.00445911970306	0.0	1.2238280961374859
1986	10	26	0.00033868127787000003	0.0	1.5585690648031683
1986	10	27	0.0006859853080600001	0.0	1.5831809007951847
1986	10	28	0.0	0.0	1.4841364109513846
1986	10	29	0.00034106641195999997	0.0	1.6091576628610804
1986	10	30	0.00180507000751	0.0	1.5284321153096683
1986	10	31	0.00035299176229	0.0	1.5027791698022257
1986	11	01	0.07423383525300001	0.0	1.2658578398367353
1986	11	02	0.000434542948521	0.0	1.423697159767751
1986	11	03	0.0013791305801	0.0	1.4735375143160327
1986	11	04	0.000683285311941	0.0	1.324342063840223
1986	11	05	0.0006904501817600001	0.0	1.3454181141202481
1986	11	06	0.0017129237056	0.0	1.3851090800857253
1986	11	07	0.000684517821959	0.0	1.304527335873991
1986	11	08	0.00034822157414	0.0	1.1184012705210795
1986	11	09	0.339430318655	0.0	1.1319813670363728
1986	11	10	1.8609071786000004	0.0	1.0375706418036987
1986	11	11	19.9803258135	0.0	0.8356785769363427
1986	11	12	0.0962216655985	0.0	0.9462790485157697
1986	11	13	5.0325435363899995	0.0	0.9140435680050099
1986	11	14	14.731970418000003	0.0	0.9812781759553196
1986	11	15	0.0	0.0	0.8369874159555427
1986	11	16	0.0	0.0	1.0265338816408207
1986	11	17	0.0	0.0	1.0565306805383239
1986	11	18	0.0010303539979100002	0.0	1.089848075714749
1986	11	19	0.0010255843699700001	0.0	1.051785631616126
1986	11	20	0.000685558388025	0.0	1.0754507315067934
1986	11	21	0.019574873826	0.0	0.7227023239911777
1986	11	22	0.10935251182	0.0	0.9540457881236556
1986	11	23	0.0081475365809	0.0	0.7652534146606753
1986	11	24	0.0006869030120699999	0.0	0.9694575276586919
1986	11	25	0.0	0.0	0.957190214619752
1986	11	26	0.0020661737247	0.0	0.9291595569561509
1986	11	27	0.0017218162390500002	0.0	0.8343600939505931
1986	11	28	0.00178617084298	0.0	0.8011637261724064
1986	11	29	0.000338681317885	0.0	0.7591498751414452
1986	11	30	0.0	0.0	0.8611308390132606
1986	12	01	0.00075142575903	0.0	0.7573168599810671
1986	12	02	0.045965990785	0.0	0.6034356648607292
1986	12	03	0.00022614773361000003	0.0	0.6857529650581753
1986	12	04	0.000504435516409	0.0	0.7345600658517623
1986	12	05	0.0015624207281400002	0.0	0.7311443597153149
1986	12	06	0.10375565378500001	0.0	0.6839518104326362
1986	12	07	0.00382055409072	0.0	0.7123851205640407
1986	12	08	5.481683660800001	0.0	0.8266526503466977
1986	12	09	0.0020617816783000003	0.0	0.6592130875341823
1986	12	10	0.0020702488523000003	0.0	0.791122043558058
1986	12	11	0.000682132791908	0.0	0.789098667839339
1986	12	12	0.0	0.0	0.8490156483730077
1986	12	13	3.5131553394	0.0	0.7970421087537533
1986	12	14	0.8134650150300001	0.0	0.702635994882268
1986	12	15	0.4193795283700001	0.0	0.7378510045756116
1986	12	16	0.0034457100569	0.0	0.7087846663386839
1986	12	17	0.0010303539979100002	0.0	0.85731170457417
1986	12	18	0.00034822157414	0.0	0.84188621332609
1986	12	19	0.015055428469300003	0.0	0.7889276916389343
1986	12	20	0.082806944964	0.0	0.6712671210115677
1986	12	21	0.6556469754500001	0.0	0.5926414265118805
1986	12	22	0.014272530192499999	0.0	0.7137768005699565
1986	12	23	0.0006860723807	0.0	0.6172828341014455
1986	12	24	0.00034822161415500003	0.0	0.692330585592925
1986	12	25	0.0006821327438900001	0.0	0.7560073715336517
1986	12	26	0.002058323582	0.0	0.8162074379473239
1986	12	27	0.00147941441244	0.0	0.836178639578705
1986	12	28	0.0	0.0	0.8585129576088731
1986	12	29	0.0013744030479400002	0.0	0.8559477632480673
1986	12	30	0.00137670599122	0.0	0.9037084346438178
1986	12	31	0.000352991818311	0.0	0.7746827927152228
1987	01	01	1.1443476895200001e-07	0.0	0.8887717385293419
1987	01	02	0.048046813200900006	0.0	0.7165390117036967
1987	01	03	0.00137142016978	0.0	0.8083329142327405
1987	01	04	0.00241164122645	0.0	0.751002713045677
1987	01	05	0.00170771663368	0.0	0.7953176646945178
1987	01	06	0.0083449009648	0.0	0.8352635940868849
1987	01	07	0.052339852087000004	0.0	0.8796766484709982
1987	01	08	1.1733188696399999	0.0	0.6840250509455562
1987	01	09	10.3417687095	0.0	0.6078742011830768
1987	01	10	0.33178157145000003	0.0	0.6963818258453608
1987	01	11	1.7202894267100002	0.0	0.7483077744476724
1987	01	12	23.731069415100002	0.0	0.7115206593237192
1987	01	13	3.5215080704999995	0.1391521141962005	0.7973128038236688
1987	01	14	0.0340993608669	0.7096757824006225	0.5634827622139952
1987	01	15	4.7992414409	0.278304228392401	0.54940691352122
1987	01	16	0.00034822157414	0.1391521141962005	0.7875262657139518
1987	01	17	0.0013765341668099998	0.06957605709810025	0.893408825543264
1987	01	18	0.0	0.041745634258860145	0.8284331418541145
1987	01	19	0.000685427210852	0.041745634258860145	0.9582778949455143
1987	01	20	0.0179511827701	0.027830422839240095	0.7718729654192881
1987	01	21	0.0	0.013915211419620047	0.7522302253718833
1987	01	22	0.13863292786	0.013915211419620047	0.7140286595126062
1987	01	23	0.0204180603024	0.013915211419620047	0.7535740220849914
1987	01	24	0.012615635489899999	0.013915211419620047	0.605203618759538
1987	01	25	0.20077702315999998	0.013915211419620047	0.6937586285142346
1987	01	26	18.291768842	0.013915211419620047	0.7075579552773591
1987	01	27	10.296400502800001	0.013915211419620047	0.6487743557803212
1987	01	28	13.3563475528	1.1271321249892239	0.6292462105997644
1987	01	29	6.926935026900001	4.8703239968670164	0.7131464754713793
1987	01	30	0.783520077888	3.0196008780575503	0.8638496748679813
1987	01	31	0.043321259382500005	0.9044887422753031	0.9527933189604882
1987	02	01	0.9877232173599999	0.5426932453651818	0.8972689391399891
1987	02	02	5.00566081915	1.1271321249892239	0.8567769355517857
1987	02	03	2.15538100489	1.5028428333189652	0.7996173025735607
1987	02	04	0.00034822157414	0.1391521141962005	1.1212318230960292
1987	02	05	0.00108407645628	0.7096757824006225	1.1200698715070505
1987	02	06	0.00034822157414	0.45920197684746156	1.1872612830865783
1987	02	07	0.00034822157414	0.278304228392401	1.250080345012142
1987	02	08	0.0017122673795700004	0.22264338271392076	1.2909617414101922
1987	02	09	2.12888963435	0.18089774845506063	0.9610784412553324
1987	02	10	6.8921747967	0.278304228392401	0.9458852104776098
1987	02	11	0.76125960534	3.8823439860739932	0.8532457739564449
1987	02	12	0.134661967308	1.5028428333189652	0.9350087228132925
1987	02	13	0.41303210898000003	0.8070822623379628	1.1236637392808837
1987	02	14	0.0194053822905	0.5426932453651818	1.0675228860185275
1987	02	15	0.00116145082079	0.33396507407088116	1.1244183356924153
1987	02	16	0.034536042161	0.278304228392401	1.0967640423154514
1987	02	17	0.41321673819000004	0.18089774845506063	1.0829792874502044
1987	02	18	0.28155996140600004	0.18089774845506063	1.0156050832774244
1987	02	19	0.00103273929206	0.1391521141962005	1.0408527344314724
1987	02	20	0.7400048858080001	0.09740647993734035	0.993157458049544
1987	02	21	10.1931746076	1.6419949475151656	1.1331013552586462
1987	02	22	0.155020486891	1.6419949475151656	1.1223772529689997
1987	02	23	10.9144481838	1.6419949475151656	1.1320200777318963
1987	02	24	6.2477164154	2.4490772098531286	0.95925530496929
1987	02	25	1.57861687942	7.862094452085328	1.302182712747436
1987	02	26	0.00068442096165	2.282094672817688	1.4780408244806216
1987	02	27	0.0008267705627400001	1.0018952222126434	1.7991690309367332
1987	02	28	0.00034822157414	0.6122693024632822	2.0452585210549565
1987	03	01	0.002736353748	0.45920197684746156	2.0142769516835197
1987	03	02	0.000352991818311	0.33396507407088116	2.0809516422557395
1987	03	03	0.0006821327438900001	0.22264338271392076	2.1525285993368373
1987	03	04	0.00205593844791	0.18089774845506063	2.0607365289104993
1987	03	05	0.0013785758921700001	0.1391521141962005	2.146312717707108
1987	03	06	0.00137936778902	0.09740647993734035	1.5545727984685453
1987	03	07	0.00034822157414	0.09740647993734035	1.484411481916064
1987	03	08	0.00119847053798	0.06957605709810025	1.7057596930342958
1987	03	09	0.00221506185682	0.041745634258860145	1.7776469930207968
1987	03	10	0.0028774818512	0.041745634258860145	1.5507500705592496
1987	03	11	0.0007806065377200001	0.041745634258860145	1.8238317284951309
1987	03	12	2.63950000146	0.041745634258860145	1.1374385963005786
1987	03	13	1.15485987011	0.041745634258860145	1.2606838531385074
1987	03	14	0.00103512450618	0.06957605709810025	1.6889366998637068
1987	03	15	2.49902214201	0.041745634258860145	1.2554847180828275
1987	03	16	0.038576439141899996	0.041745634258860145	1.5001319654808734
1987	03	17	0.00034822157414	0.027830422839240095	1.6738810008115264
1987	03	18	0.0060060230143500004	0.027830422839240095	1.7316779218870804
1987	03	19	0.00085024928396	0.013915211419620047	1.7887071083481854
1987	03	20	0.00102854451961	0.013915211419620047	1.7916984440051675
1987	03	21	0.73422611158	0.013915211419620047	1.721800549850679
1987	03	22	0.000352991794302	0.013915211419620047	1.8662930547776082
1987	03	23	0.00137620092189	0.013915211419620047	1.8913613319468139
1987	03	24	1.6952188287600005	0.013915211419620047	1.782980069304617
1987	03	25	3.78497427329	0.013915211419620047	1.3730365001167246
1987	03	26	0.00075922188148	0.013915211419620047	2.067215518669429
1987	03	27	0.0020594896191	0.013915211419620047	2.135681948832394
1987	03	28	0.247633427725	0.013915211419620047	1.9204437538402146
1987	03	29	0.00137142016978	0.013915211419620047	1.8056446317061556
1987	03	30	0.0	0.013915211419620047	1.9172049028109515
1987	03	31	0.00034822157414	0.013915211419620047	2.187470729447268
1987	04	01	0.11624629602	0.013915211419620047	2.2625604704503823
1987	04	02	0.656589536778	0.013915211419620047	1.6395699966336421
1987	04	03	10.4277537418	0.013915211419620047	1.1656148881246324
1987	04	04	5.647736307200001	0.013915211419620047	1.467378345479848
1987	04	05	1.29530115585	0.013915211419620047	1.5960612647812435
1987	04	06	1.4881504872400002	0.013915211419620047	1.8055964580583357
1987	04	07	7.188152946900001	0.278304228392401	1.130808105850523
1987	04	08	8.922539097900001	1.2384538163461842	1.548016048898953
1987	04	09	0.0070874475965500006	0.9044887422753031	2.022377111823998
1987	04	10	0.00273875648869	0.45920197684746156	2.1428416212897123
1987	04	11	0.109936690805	0.22264338271392076	2.207661208125347
1987	04	12	0.000682132791908	0.1391521141962005	2.6497459086404453
1987	04	13	0.0	0.06957605709810025	2.908428579277723
1987	04	14	0.0006821327438900001	0.041745634258860145	2.4705072536821544
1987	04	15	0.0	0.027830422839240095	1.8413839281671487
1987	04	16	0.42217417597000007	0.027830422839240095	1.6109504366356753
1987	04	17	0.0018441366520100002	0.027830422839240095	2.247021762450362
1987	04	18	0.00138974751996	0.027830422839240095	2.6042571225332907
1987	04	19	0.0006892883062200001	0.013915211419620047	2.626534262470783
1987	04	20	0.00069680048223	0.013915211419620047	2.816277878029277
1987	04	21	0.059321261134	0.013915211419620047	2.6273823077935172
1987	04	22	0.0006849140825010001	0.013915211419620047	2.907530971036494
1987	04	23	3.0267947825600006	0.013915211419620047	2.532678987821475
1987	04	24	4.8237714361999995	0.013915211419620047	2.0312125727990455
1987	04	25	0.000352991818311	0.013915211419620047	2.4265724234064177
1987	04	26	0.00047201689198200005	0.013915211419620047	2.8574095934797095
1987	04	27	0.32945918088000004	0.013915211419620047	1.8650056727148125
1987	04	28	0.00494754215282	0.013915211419620047	1.9096678429479121
1987	04	29	0.0006964432283100001	0.013915211419620047	2.9698399993097153
1987	04	30	0.000686684482152	0.0	3.0120679221298796
1987	05	01	0.00109040850991	0.0	2.8961889660092854
1987	05	02	0.00251985555161	0.0	2.4566676987023577
1987	05	03	0.0013738053839	0.0	2.9861696734457057
1987	05	04	3.9730629401e-06	0.0	2.478617574453938
1987	05	05	0.00171418001654	0.0	2.88657723980173
1987	05	06	0.0006869029080310001	0.0	2.901745904046525
1987	05	07	0.00034106641195999997	0.0	3.2925807164604297
1987	05	08	0.00232942224589	0.0	2.5935126049398436
1987	05	09	0.0157839391584	0.0	2.6575030344256096
1987	05	10	0.37786700701	0.0	2.709328569991937
1987	05	11	0.0100350705408	0.0	3.1329705073079763
1987	05	12	0.0024155413284400002	0.0	3.2208558370674742
1987	05	13	0.00137619059802	0.0	3.1505447054018885
1987	05	14	0.00242409213379	0.0	2.780699138658038
1987	05	15	0.00554163997599	0.0	2.6422265535613727
1987	05	16	2.5400320749700005	0.0	2.3373869199023827
1987	05	17	0.05228311882000001	0.0	2.6722576162566227
1987	05	18	0.06908255224599999	0.0	2.480715065062855
1987	05	19	0.00102218445548	0.0	3.3852817138654925
1987	05	20	0.00068241388928	0.0	3.414749801279679
1987	05	21	0.00137619059802	0.0	3.2353469055963435
1987	05	22	0.8322394127900001	0.0	1.8397920897006395
1987	05	23	0.139909798507	0.0	2.535645793953327
1987	05	24	0.00135135808932	0.0	2.8929100924663858
1987	05	25	0.0	0.0	2.9427454789290843
1987	05	26	0.12450807302500001	0.0	2.7333335216080963
1987	05	27	0.00503820757961	0.0	3.3440102565407464
1987	05	28	0.00069395421528	0.0	3.890042743334496
1987	05	29	0.0013690356759300001	0.0	4.036404679710867
1987	05	30	0.0006916731602049999	0.0	4.2158843688236765
1987	05	31	0.0010114542731699998	0.0	4.423445047874691
1987	06	01	0.0017154966701	0.0	4.354713791656698
1987	06	02	0.0006869030120699999	0.0	4.095864142677549
1987	06	03	0.00127209093528	0.0	3.805187943913338
1987	06	04	0.0038282206446000003	0.0	3.588316569778397
1987	06	05	0.0013774032926100002	0.0	4.128290741284934
1987	06	06	0.000677362683788	0.0	4.126687074593433
1987	06	07	0.00240416010208	0.0	3.766774338005249
1987	06	08	0.0	0.0	3.274745822514637
1987	06	09	0.0017149539066400002	0.0	3.2721310282974083
1987	06	10	0.00056377821758	0.0	2.971909888873347
1987	06	11	0.4881918033	0.0	2.8948240811597703
1987	06	12	0.0010303539979100002	0.0	3.254327187137204
1987	06	13	1.34984568238	0.0	2.453320355663539
1987	06	14	0.0	0.0	2.876424558181215
1987	06	15	0.00049141413122	0.0	3.2882437656962793
1987	06	16	0.0013738053839	0.0	3.8638738185166344
1987	06	17	0.00137372311306	0.0	3.812732573982396
1987	06	18	0.032732886231	0.0	4.007378352535908
1987	06	19	0.00102806129847	0.0	4.135881365408204
1987	06	20	0.012767069856499998	0.0	3.8509727371582776
1987	06	21	0.000691673064169	0.0	3.898772605932297
1987	06	22	0.00034106641195999997	0.0	3.6150615863404463
1987	06	23	0.00276144907522	0.0	3.2583597608864348
1987	06	24	6.3656870378e-06	0.0	3.807703757182207
1987	06	25	0.6554788324199999	0.0	4.037297543768402
1987	06	26	0.0009547293292900001	0.0	3.9479433767820122
1987	06	27	0.000353605096204	0.0	4.150055265561885
1987	06	28	0.0842257928325	0.0	3.1227936261384994
1987	06	29	0.0006918524194020001	0.0	3.439421247946531
1987	06	30	0.8817263634399999	0.0	3.7222454030350085
1987	07	01	0.18688571987400002	0.0	3.78987894807902
1987	07	02	0.278401137291	0.0	4.114087144573456
1987	07	03	0.00113586050802	0.0	3.8844614634202688
1987	07	04	0.9126962127800001	0.0	2.9423741399142127
1987	07	05	0.130341475731	0.0	2.5536549700841316
1987	07	06	0.009070651819350002	0.0	3.628827539698298
1987	07	07	0.020691644458	0.0	3.762395676788729
1987	07	08	0.00112490832249	0.0	3.802881441818635
1987	07	09	4.9476914888	0.0	2.3325938976158276
1987	07	10	0.42508246617000006	0.0	3.4095101602506594
1987	07	11	0.0771112298715	0.0	3.978241257882047
1987	07	12	0.380631603345	0.0	3.1915965292754214
1987	07	13	0.071516632684	0.0	3.5435013116364
1987	07	14	0.126658183014	0.0	3.701297897859042
1987	07	15	0.00138784232578	0.0	3.9785657250470408
1987	07	16	0.00034822161415500003	0.0	3.8676491053252917
1987	07	17	0.0248182281468	0.0	3.5098213128518028
1987	07	18	0.00102848049561	0.0	3.448761761138453
1987	07	19	0.0006869029320400001	0.0	4.096408992151655
1987	07	20	0.0	0.0	3.958502804174989
1987	07	21	0.0	0.0	3.581587934809895
1987	07	22	0.00034822161415500003	0.0	3.3123828655114504
1987	07	23	0.0010286310320400001	0.0	3.386999503753542
1987	07	24	0.00117339729904	0.0	3.3305103547139923
1987	07	25	0.09657502605900001	0.0	3.4849261031535423
1987	07	26	0.00103728179486	0.0	3.9721237898330757
1987	07	27	0.0	0.0	3.9360615772423615
1987	07	28	0.000686875761855	0.0	2.994919596936437
1987	07	29	0.00033900347865000005	0.0	4.045649275101381
1987	07	30	0.000353995034376	0.0	3.9573935565622467
1987	07	31	0.00138334552011	0.0	3.3168430794909813
1987	08	01	0.000682745093435	0.0	4.007580555630175
1987	08	02	0.0006869030120699999	0.0	4.189514985671071
1987	08	03	0.0	0.0	3.341900211141954
1987	08	04	0.018815077009	0.0	2.9893454213756243
1987	08	05	0.0011202858697200002	0.0	3.7051997347048893
1987	08	06	0.004611754919810001	0.0	3.3906519413114546
1987	08	07	0.27427825579	0.0	2.960284236933277
1987	08	08	0.00473267544801	0.0	3.5698428378880034
1987	08	09	0.000682132791908	0.0	3.405942222632137
1987	08	10	0.0	0.0	3.718938407808995
1987	08	11	0.0	0.0	3.3439047461090583
1987	08	12	0.046406592748800005	0.0	2.7113636802683683
1987	08	13	0.0020886621547	0.0	2.6654007964955575
1987	08	14	0.12943900943300002	0.0	2.6857140709854046
1987	08	15	0.0015260048373	0.0	2.8909583467744673
1987	08	16	0.00121185843656	0.0	3.484064556391001
1987	08	17	0.00034822157414	0.0	4.093715254205331
1987	08	18	0.0	0.0	4.073452408138178
1987	08	19	0.0013627054629900002	0.0	3.8210913623807508
1987	08	20	0.0	0.0	3.9139616604296656
1987	08	21	0.0	0.0	3.5585614476779788
1987	08	22	0.00035299176229	0.0	3.5826887829546603
1987	08	23	0.000352991818311	0.0	3.5848058754772234
1987	08	24	0.000352991818311	0.0	3.270675370858499
1987	08	25	0.00138479622392	0.0	3.375631525034225
1987	08	26	0.0	0.0	3.259328574694644
1987	08	27	9.209100918300002e-07	0.0	2.8994755690099763
1987	08	28	7.7005962411	0.0	1.9307310003284839
1987	08	29	2.04728680476	0.0	1.8086806400282331
1987	08	30	1.1016803352600002	0.0	1.9616169353174924
1987	08	31	0.320963892341	0.0	2.105574989122638
1987	09	01	0.26634344135	0.0	2.6319824543239836
1987	09	02	0.0	0.0	2.9652272244848024
1987	09	03	0.00034822161415500003	0.0	3.1724837728236364
1987	09	04	0.00206070879612	0.0	3.2272237014483336
1987	09	05	0.00138334552011	0.0	3.3102302016593628
1987	09	06	0.000669408966262	0.0	3.7221896575870246
1987	09	07	0.0	0.0	3.621995407258435
1987	09	08	0.0017156519283000001	0.0	3.4884610411998436
1987	09	09	0.0	0.0	3.4139934608254365
1987	09	10	0.0	0.0	3.128031811556496
1987	09	11	0.0	0.0	3.131735052670734
1987	09	12	0.0010413775702	0.0	3.352922513484681
1987	09	13	0.00035299176229	0.0	3.036827110774531
1987	09	14	0.0006869153366900001	0.0	2.8502340697210014
1987	09	15	0.0	0.0	2.9914411089336728
1987	09	16	0.0006964432283100001	0.0	2.5248906963542415
1987	09	17	0.0	0.0	2.995139816675181
1987	09	18	0.000682132791908	0.0	2.3561110992141305
1987	09	19	0.065026847927	0.0	2.806782639572106
1987	09	20	0.032706990123600004	0.0	1.918820222974853
1987	09	21	0.0014651741943600002	0.0	2.4134395451656876
1987	09	22	0.00111490329201	0.0	2.2381679585351013
1987	09	23	0.00104353966068	0.0	2.2832567459609705
1987	09	24	0.23878527091	0.0	1.8401878728139702
1987	09	25	12.3176165747	0.0	1.5354034730082637
1987	09	26	0.165195397052	0.0	1.5167580662124138
1987	09	27	0.107705062258	0.0	1.6594546188791692
1987	09	28	0.0017091810226199998	0.0	2.3741035012720886
1987	09	29	0.242265351451	0.0	2.3542178459986376
1987	09	30	0.0006821327438900001	0.0	2.2422321192031913
1987	10	01	0.013166815705000001	0.0	2.0979596990416263
1987	10	02	0.044297672600200004	0.0	1.832576565278709
1987	10	03	0.051598822305	0.013915211419620047	1.5298151232391233
1987	10	04	12.2197582916	0.013915211419620047	0.9482319646353
1987	10	05	0.33637721417	0.013915211419620047	1.5033952939319701
1987	10	06	0.19867959692	0.013915211419620047	1.8014886391978504
1987	10	07	0.157078850488	0.013915211419620047	1.7573242190751397
1987	10	08	0.472236254212	0.013915211419620047	1.77694488335485
1987	10	09	7.564266736700001	0.013915211419620047	1.28066377347022
1987	10	10	0.11867098893900001	0.013915211419620047	1.286322980571186
1987	10	11	0.08827148940000001	0.013915211419620047	1.7505117199411167
1987	10	12	0.0006821327438900001	0.013915211419620047	1.7145022359949367
1987	10	13	0.0	0.013915211419620047	1.672785128194452
1987	10	14	0.00143400330966	0.013915211419620047	1.4861216898173468
1987	10	15	0.86476312461	0.013915211419620047	1.1119179785924407
1987	10	16	3.4743868066499997	0.013915211419620047	1.357301833449516
1987	10	17	0.0	0.013915211419620047	1.5461039422340712
1987	10	18	0.40119138237199997	0.013915211419620047	1.2903264552413685
1987	10	19	14.305412118600003	0.013915211419620047	0.8029324342221295
1987	10	20	0.0806917408598	0.013915211419620047	1.2770854806353258
1987	10	21	0.0	0.013915211419620047	1.376408227300166
1987	10	22	10.2992055543	0.013915211419620047	0.7706011230769484
1987	10	23	0.0022921378694900005	0.013915211419620047	1.4636034660643098
1987	10	24	3.9198033752499994	0.013915211419620047	1.0980090514400813
1987	10	25	7.092054523500001	0.013915211419620047	1.214060327997636
1987	10	26	6.492875675660001	0.9044887422753031	1.0681048240396185
1987	10	27	8.176173715800001	1.2245386049265643	1.262771001469237
1987	10	28	0.00034822157414	1.0436408564715036	1.1830693490407036
1987	10	29	0.037090957495099997	0.7792518394987228	1.2114416032442408
1987	10	30	1.85642813959	0.7375062052398625	1.0030089460692126
1987	10	31	6.4410094331100005	2.4351619984335082	0.8025823266934138
1987	11	01	0.167045122439	2.4351619984335082	0.9145033458029677
1987	11	02	11.314029170500001	3.2839898950303312	0.7738362463390257
1987	11	03	18.745354873	51.41670619549608	0.6318149318449118
1987	11	04	4.30433223952	7.917755297763808	0.8089368068690546
1987	11	05	1.09869209509	8.55785502306633	0.8522327657061861
1987	11	06	8.2307717824	10.408578141875797	0.46624767171095893
1987	11	07	18.2024433575	26.50847775437619	0.8986289097568463
1987	11	08	1.80900076099	7.416807686657486	0.896138568237307
1987	11	09	0.0066687110292	3.2839898950303312	0.9711718239311327
1987	11	10	0.0006821327438900001	1.447181987640485	1.1364264952204328
1987	11	11	0.00914905721035	0.8488278965968229	1.0729450598554844
1987	11	12	0.0	0.570523668204422	1.1090468334402535
1987	11	13	0.152014432043	0.43137155400822147	1.0613572544156196
1987	11	14	0.015606358190499998	0.3200498626512611	0.8677749586543321
1987	11	15	0.0006821327438900001	0.23655859413354086	0.9996998692248316
1987	11	16	0.0006821327438900001	0.1948129598746807	1.1378284153326628
1987	11	17	0.000352991818311	0.18089774845506063	1.0120561587595318
1987	11	18	0.00137169027103	0.18089774845506063	1.0828275468898727
1987	11	19	0.0	0.15306732561582054	1.068815296330186
1987	11	20	0.0006821327438900001	0.1391521141962005	1.2271576475925943
1987	11	21	0.0006821327438900001	0.12523690277658042	1.1739355773610547
1987	11	22	0.00170955084125	0.11132169135696038	0.9854043808958349
1987	11	23	0.22272543472900003	0.11132169135696038	0.8108481263946027
1987	11	24	0.009257252568400001	0.09740647993734035	0.8049952982623537
1987	11	25	0.09674519384800001	0.08349126851772029	0.7419742604826859
1987	11	26	0.0010266647749700001	0.08349126851772029	0.8800286760991413
1987	11	27	0.0	0.08349126851772029	0.816004987837482
1987	11	28	0.0006821327438900001	0.06957605709810025	0.8246014579266504
1987	11	29	0.0006869030120699999	0.06957605709810025	0.8032787612318997
1987	11	30	4.1657199594000005	0.06957605709810025	0.4988794912156354
1987	12	01	3.3618258121	0.05566084567848019	0.6414497504675131
1987	12	02	22.3734621032	0.8209974737575828	0.5723150136309778
1987	12	03	19.1062373532	26.48064733153695	0.5366232070864936
1987	12	04	2.7311237875	12.217555626426401	0.7047004434305112
1987	12	05	1.38113645202	2.7552118610847693	0.7042871198752091
1987	12	06	2.11248716573	3.896259197493613	0.6523910412918513
1987	12	07	11.4276781729	26.17451268030531	0.5441056547049498
1987	12	08	30.8134507125	63.1611446336554	0.5641022766412958
1987	12	09	0.162256855512	11.8000992838378	0.7111289822474178
1987	12	10	1.49243505335	4.118902580207534	0.5547108123408937
1987	12	11	29.606450257000002	9.615411090957453	0.38640337479466946
1987	12	12	18.6062323216	21.846881928803477	0.4695846523863371
1987	12	13	12.7167341877	23.7393506818718	0.47942026100073126
1987	12	14	1.78626215721	9.323191651145432	0.6434001869458753
1987	12	15	5.2867793991	30.571719488905245	0.5134963565518114
1987	12	16	0.84530631104	6.581895001480284	0.5665442457756023
1987	12	17	0.07747712303000001	3.3396507407088114	0.7894639980368119
1987	12	18	0.0851881775915	1.8089774845506061	0.7041197479213839
1987	12	19	1.32003738846	1.2245386049265643	0.8506795477845899
1987	12	20	0.45525001476000004	0.890573530855683	0.6724059346804843
1987	12	21	1.79566376149	0.6540149367221423	0.5707372766892562
1987	12	22	0.0103655032066	0.5287780339455618	0.8991322556649013
1987	12	23	0.0107327696799	0.43137155400822147	0.6331164956538369
1987	12	24	0.00137144417878	0.33396507407088116	0.7903918936675259
1987	12	25	0.00282334435725	0.278304228392401	0.8503873818831731
1987	12	26	0.0006832789335499999	0.2643890169727809	0.8744023656659473
1987	12	27	0.0107843770254	0.23655859413354086	0.6155733917690103
1987	12	28	0.00240177504802	0.2087281712943007	0.6688663100837716
1987	12	29	0.000274911581198	0.1948129598746807	0.7124032855091652
1987	12	30	0.01107551176	0.18089774845506063	0.8650478022126682
1987	12	31	2.32767687162	0.23655859413354086	0.6739718107014603
1988	01	01	0.00034106641195999997	0.22264338271392076	0.7348127423526924
1988	01	02	0.10894854438899998	0.15306732561582054	0.8884033602117449
1988	01	03	0.0113045240074	0.1391521141962005	0.7597657137713718
1988	01	04	0.0083373613385	0.1391521141962005	0.7273586056019112
1988	01	05	1.03580820247	0.1391521141962005	0.7854341992513527
1988	01	06	1.79587768168	0.1391521141962005	0.6957359080779983
1988	01	07	0.000682132791908	0.12523690277658042	0.7217223070680082
1988	01	08	0.0010255836497	0.11132169135696038	0.804719410550253
1988	01	09	0.0	0.09740647993734035	0.8852345829985876
1988	01	10	0.00081500695304	0.08349126851772029	0.8390079018120644
1988	01	11	0.034028075745000004	0.09740647993734035	0.7776570946342591
1988	01	12	0.56267324337	0.11132169135696038	0.7353879757414219
1988	01	13	14.214020259500002	1.5445884675778256	0.7102321893850914
1988	01	14	12.4835371716	1.1967081820873242	0.7090331040634739
1988	01	15	5.52572841139	2.4351619984335082	0.6356657558273621
1988	01	16	4.58451190751	3.6457853919404526	0.6199465868549525
1988	01	17	1.38146729604	1.739401427452506	0.7897736467203644
1988	01	18	0.0034262679688500004	1.113216913569604	0.8813792512325954
1988	01	19	3.65442533579	1.0018952222126434	0.6300128810834361
1988	01	20	0.034882018253399996	0.7931670509183426	0.8102760797803905
1988	01	21	0.013055269890999999	0.6122693024632822	0.7987592167292875
1988	01	22	0.0078729216389	0.5287780339455618	0.8692090389180993
1988	01	23	0.028896264037	0.45920197684746156	0.7283328286957571
1988	01	24	0.202011285835	0.4174563425886014	0.8983127147769123
1988	01	25	0.304011345519	0.3757107083297413	0.6124143534537025
1988	01	26	2.2305409393	0.3896259197493614	0.6267063821721325
1988	01	27	17.637922941699998	10.575560678911236	0.6463719807042267
1988	01	28	0.51830781257	4.1745634258860145	0.7948292748586722
1988	01	29	0.355060417745	1.6837405817740259	0.9814002673369365
1988	01	30	0.00448134483436	1.0575560678911236	0.8946374263195421
1988	01	31	0.0010334013002199999	0.7375062052398625	0.9866081339506001
1988	02	01	0.23334219052000002	0.5844388796240421	1.0912051248233137
1988	02	02	0.0	0.43137155400822147	0.8981241530670032
1988	02	03	0.0044302327145	0.33396507407088116	1.0510379655546123
1988	02	04	0.422825099975	0.3061346512316411	0.9396847336370832
1988	02	05	0.21233746069900003	0.278304228392401	1.0151525226786362
1988	02	06	0.57126126267	0.2643890169727809	0.9352692144883213
1988	02	07	0.00103098511449	0.23655859413354086	1.0015227959671102
1988	02	08	0.00205593844791	0.1948129598746807	1.136232196605271
1988	02	09	0.0214111117571	0.18089774845506063	0.9932641121434955
1988	02	10	0.0006870001684900001	0.18089774845506063	1.0147433557847099
1988	02	11	0.0	0.15306732561582054	1.1350199039237354
1988	02	12	0.0034398670666	0.1391521141962005	1.0785015335702373
1988	02	13	0.00165514884815	0.1391521141962005	1.193839023496656
1988	02	14	0.0010266647749700001	0.1391521141962005	1.0106672674458084
1988	02	15	13.144043968800002	2.629974958308189	0.7773439492721604
1988	02	16	1.44973984865	9.991121799287194	0.6978648374406203
1988	02	17	3.0041453322	2.115112135782247	0.9168856686055011
1988	02	18	0.17334344342400002	1.1271321249892239	1.1719262465073992
1988	02	19	0.0	0.6957605709810024	1.1779249320257734
1988	02	20	0.536882015285	0.5287780339455618	1.1355016677744083
1988	02	21	0.498748824699	0.43137155400822147	0.9017086665937606
1988	02	22	0.8680409933500002	0.33396507407088116	0.7362012816717276
1988	02	23	0.8196546152599999	0.278304228392401	1.2204054713782484
1988	02	24	0.0020944200731100003	0.2643890169727809	1.4272271490569097
1988	02	25	0.0006821327438900001	0.23655859413354086	1.205182340251148
1988	02	26	0.0006821327438900001	0.1948129598746807	1.1287107335593123
1988	02	27	0.0006821327438900001	0.15306732561582054	1.008109482693262
1988	02	28	0.0	0.1391521141962005	1.1245448537754466
1988	02	29	0.0006821327438900001	0.1391521141962005	1.3559671719613735
1988	03	01	0.0016494695192	0.12523690277658042	1.3356032210513975
1988	03	02	6.896030642100001	0.11132169135696038	0.7897067111732613
1988	03	03	1.02706316431	0.1391521141962005	1.0749580158541934
1988	03	04	0.753744900382	0.12523690277658042	1.1226618370374397
1988	03	05	0.0	0.09740647993734035	1.2583901649605016
1988	03	06	0.0	0.08349126851772029	1.5382413540399649
1988	03	07	0.0	0.08349126851772029	1.7473153107085018
1988	03	08	0.000689288034118	0.06957605709810025	1.8259228786849528
1988	03	09	0.0041244949058	0.05566084567848019	1.7395776386266197
1988	03	10	0.773204931158	0.05566084567848019	1.611307924716264
1988	03	11	0.0017285780537800001	0.05566084567848019	1.8534186851640122
1988	03	12	0.0006821327438900001	0.05566084567848019	1.9796495957303388
1988	03	13	0.0017846966903800002	0.05566084567848019	1.627054774354847
1988	03	14	0.00206413263958	0.041745634258860145	1.7983522205222389
1988	03	15	0.000352991818311	0.041745634258860145	1.886071995392152
1988	03	16	0.00132478164689	0.041745634258860145	1.961796364901574
1988	03	17	0.0018123946732300001	0.027830422839240095	2.2575858105930937
1988	03	18	0.0017124869818900003	0.027830422839240095	2.3161554149316346
1988	03	19	0.0010408259234100002	0.027830422839240095	2.2957072908375715
1988	03	20	0.000683578773948	0.027830422839240095	2.154497913148317
1988	03	21	4.1181941439	0.027830422839240095	1.744545855205561
1988	03	22	0.0017139748996500002	0.013915211419620047	1.916208075315856
1988	03	23	4.57126606218e-06	0.013915211419620047	2.0768681760431345
1988	03	24	0.0	0.013915211419620047	2.401263192739498
1988	03	25	0.0	0.013915211419620047	2.641414417813574
1988	03	26	0.0006740750834	0.013915211419620047	2.6221532049763274
1988	03	27	0.00170771663368	0.013915211419620047	2.5219118877786935
1988	03	28	0.0006821327438900001	0.013915211419620047	2.261261603277884
1988	03	29	0.000683711623748	0.013915211419620047	2.4280466931431217
1988	03	30	0.0025880016568200002	0.0	1.9641893055355115
1988	03	31	0.000691673064169	0.0	2.019413980143913
1988	04	01	0.00034822157414	0.0	2.3624369001291052
1988	04	02	2.2667547543900004	0.0	1.8330867027946733
1988	04	03	1.52059440915	0.0	1.5633706719368468
1988	04	04	0.19086623600799998	0.0	1.9531924520263015
1988	04	05	0.21164925871999998	0.0	1.713612913375341
1988	04	06	0.058339012929	0.0	2.038499657683698
1988	04	07	0.072218455769	0.0	2.02464520232934
1988	04	08	0.00275238199634	0.0	2.350706929071038
1988	04	09	0.000696443268325	0.0	2.3361636655078697
1988	04	10	0.0182419197556	0.0	2.4392790308991215
1988	04	11	0.656443385992	0.0	1.8878983489855568
1988	04	12	0.0679326652	0.0	2.209514491063983
1988	04	13	0.00137753606238	0.0	2.7932305907169224
1988	04	14	0.0017204426041300001	0.0	2.9415774427362678
1988	04	15	0.0013655426865500002	0.0	2.456851640191652
1988	04	16	0.10217137990499998	0.0	2.653901740874588
1988	04	17	1.11474795378	0.0	2.067620727789753
1988	04	18	3.85807711658	0.0	2.1176095821601404
1988	04	19	3.294732661600001	0.0	2.241179311695566
1988	04	20	0.0006821327438900001	0.0	2.835292283128658
1988	04	21	0.92264442196	0.0	1.9685595350010041
1988	04	22	0.44704907656099996	0.0	2.35158356002263
1988	04	23	0.0010336178614	0.0	2.592305321493731
1988	04	24	0.232641896008	0.0	2.5434863536505428
1988	04	25	0.0306264462121	0.0	2.386245848763648
1988	04	26	0.0444395745935	0.0	2.3382354962724325
1988	04	27	0.065772743533	0.0	2.758521584305888
1988	04	28	0.0020523333365	0.0	3.0150506331839746
1988	04	29	0.0024190139902000004	0.0	2.7920101016831746
1988	04	30	0.0006821327438900001	0.0	2.710465328241741
1988	05	01	0.33506141693100006	0.0	2.1516063909468457
1988	05	02	0.6381172282590001	0.0	2.067407440881449
1988	05	03	0.339426261134	0.013915211419620047	2.236719669282004
1988	05	04	17.2557108659	0.15306732561582054	1.4992309131654835
1988	05	05	14.259290829600001	9.351022073984673	1.3785598235445733
1988	05	06	11.3951171671	2.2125186157195875	1.682412725801921
1988	05	07	0.95818390427	0.6400997253025222	2.261539606154468
1988	05	08	0.387369008925	0.3478802854905012	2.4676194625988868
1988	05	09	0.17350564022499998	0.23655859413354086	2.6706539448947257
1988	05	10	2.47595765607	0.18089774845506063	2.778776409622853
1988	05	11	3.4711275849	0.12523690277658042	2.479819228903723
1988	05	12	0.559945692922	0.09740647993734035	2.0525614590321224
1988	05	13	1.37351279422	0.08349126851772029	1.8735424215219603
1988	05	14	0.0	0.06957605709810025	2.7209875338541694
1988	05	15	0.140505573839	0.05566084567848019	2.5201454314196896
1988	05	16	0.06269149249700001	0.05566084567848019	2.4935025874493735
1988	05	17	0.00034822157414	0.041745634258860145	2.726173121547699
1988	05	18	0.00137143913689	0.027830422839240095	2.9204969982882854
1988	05	19	0.00144545992428	0.027830422839240095	3.023069121977532
1988	05	20	0.0010295534578200001	0.027830422839240095	3.414140339617824
1988	05	21	0.00034822161415500003	0.027830422839240095	3.194549627140372
1988	05	22	0.051367455575	0.027830422839240095	2.5915398685724638
1988	05	23	0.0064332683713	0.027830422839240095	3.0990839290638315
1988	05	24	0.10410832198600001	0.013915211419620047	3.048050216156706
1988	05	25	0.74695128173	0.013915211419620047	2.734747437552572
1988	05	26	0.0208500094226	0.013915211419620047	3.32947220585779
1988	05	27	0.089699152573	0.013915211419620047	2.970395862115514
1988	05	28	0.00205561080509	0.013915211419620047	3.199865756931554
1988	05	29	0.27656871438999997	0.013915211419620047	3.113815142728912
1988	05	30	0.0	0.013915211419620047	3.5110257630908204
1988	05	31	0.0010314145554699999	0.0	3.967872766998962
1988	06	01	0.0	0.0	4.151391880673783
1988	06	02	0.000690664942265	0.0	4.268689737111664
1988	06	03	0.0329073092151	0.0	4.13090794109869
1988	06	04	0.00068699040483	0.0	3.9939226551065428
1988	06	05	0.00103946341266	0.0	3.6768041362036037
1988	06	06	0.0023600782976	0.0	3.2213582770664875
1988	06	07	0.00105052195806	0.0	3.6035404656809504
1988	06	08	0.220739338222	0.0	2.2214301976589503
1988	06	09	0.6228122670499999	0.0	1.978090138508187
1988	06	10	1.46939193542	0.0	2.1608310998785947
1988	06	11	1.3826259703800001	0.0	2.294766280309888
1988	06	12	1.6166989148300002	0.0	2.339122653028368
1988	06	13	3.35646252162	0.0	2.3156506701973125
1988	06	14	2.8437436041000006	0.0	2.2756971709861737
1988	06	15	0.00110665035832	0.0	2.8674913942981104
1988	06	16	2.50491146968	0.0	2.5092231629904935
1988	06	17	1.30631680517	0.0	2.7857889678578944
1988	06	18	0.00605261063816	0.0	3.190877318748119
1988	06	19	0.0017220272781600001	0.0	3.373547272705447
1988	06	20	0.00303132336014	0.0	2.5428941911955056
1988	06	21	0.011040447415800002	0.0	3.1982394451924567
1988	06	22	17.3145921381	0.0	2.1097143770477556
1988	06	23	0.189097557002	0.0	2.55836264453089
1988	06	24	0.0202767953479	0.0	2.635515394572602
1988	06	25	0.214741193761	0.0	2.832237693423346
1988	06	26	0.85432457162	0.0	2.556181706872401
1988	06	27	1.0894489502100002	0.0	2.614564213871127
1988	06	28	0.6376908524279999	0.0	2.576506289898675
1988	06	29	0.8432809118000001	0.0	2.221976367875608
1988	06	30	0.02790398007	0.0	2.974547151137189
1988	07	01	0.00237103616526	0.0	3.372997513724604
1988	07	02	0.000356050540902	0.0	3.650618647215658
1988	07	03	0.00333281597749	0.0	3.1001461447135013
1988	07	04	2.82963551555	0.0	2.04737580609982
1988	07	05	0.6704830969100001	0.0	2.8908104690861816
1988	07	06	0.000261508524936	0.0	3.454363892568014
1988	07	07	0.00137142024981	0.0	3.531134185902971
1988	07	08	0.00104461454361	0.0	3.850595382925992
1988	07	09	0.00103512458621	0.0	4.546582546359581
1988	07	10	0.0	0.0	4.688240228154274
1988	07	11	0.0017171338438100002	0.0	5.152023085410692
1988	07	12	0.00138176396725	0.0	4.643503400491645
1988	07	13	0.0013726787215600001	0.0	4.657814055807446
1988	07	14	0.00034822157414	0.0	4.596036641829588
1988	07	15	0.0024107700998999997	0.0	4.302424512461173
1988	07	16	0.0	0.0	3.961600944532008
1988	07	17	0.00102081378167	0.0	3.6229848044767663
1988	07	18	0.0006964432283100001	0.0	3.321127657498987
1988	07	19	0.0019587870698	0.0	3.6134826811509027
1988	07	20	0.0010607102572400002	0.0	4.190407242214556
1988	07	21	0.0	0.0	4.505003682379508
1988	07	22	0.0007012217395800001	0.0	4.047258552140965
1988	07	23	0.0	0.0	4.150120773289744
1988	07	24	0.00068604493041	0.0	4.212605506442858
1988	07	25	0.00103512458621	0.0	4.399331608567265
1988	07	26	0.0006869030120699999	0.0	4.337542247411686
1988	07	27	0.0006719097116900001	0.0	4.821501394463934
1988	07	28	0.00102558356967	0.0	4.388396799935536
1988	07	29	0.0	0.0	4.56641313644059
1988	07	30	0.0010286733679100001	0.0	4.415499543655712
1988	07	31	0.000682132791908	0.0	4.055089671090593
1988	08	01	0.00069167312019	0.0	4.648456902855291
1988	08	02	0.0	0.0	3.594658275027943
1988	08	03	0.0013699798698700002	0.0	4.305568079701092
1988	08	04	0.000684517917995	0.0	4.072152822900064
1988	08	05	0.0013376710386	0.0	3.0596952012380165
1988	08	06	0.054517824520500004	0.0	2.6582836844504985
1988	08	07	0.00102287231333	0.0	3.8954599844329576
1988	08	08	0.000682132791908	0.0	4.354807099567245
1988	08	09	0.0017267977064	0.0	4.2887294641725395
1988	08	10	0.000696443268325	0.0	3.714600818232694
1988	08	11	0.00103989421415	0.0	3.9480304737367384
1988	08	12	0.00068217852105	0.0	3.6985702319813156
1988	08	13	0.0017196419840099998	0.0	3.617404588699431
1988	08	14	0.00067284134092	0.0	3.6763527206673543
1988	08	15	0.00034106641195999997	0.0	4.026795971187075
1988	08	16	0.0010313905464700002	0.0	3.9686193072984968
1988	08	17	0.00102973544604	0.0	4.219283088023445
1988	08	18	0.00138079512407	0.0	4.024600757568279
1988	08	19	0.00034822161415500003	0.0	4.108502068838481
1988	08	20	0.0013642653277200001	0.0	3.8574409547218678
1988	08	21	0.00205568067128	0.0	3.861560970438892
1988	08	22	0.0013738053839	0.0	3.448961672779912
1988	08	23	0.0017171098348099999	0.0	3.8198233851642645
1988	08	24	0.0	0.0	3.808478141646553
1988	08	25	0.0013639908248199999	0.0	3.8061830615672845
1988	08	26	0.00102610472503	0.0	2.9490136524264883
1988	08	27	0.0008301319828000001	0.0	3.309135845822315
1988	08	28	0.00034854129399	0.0	3.5477667128245742
1988	08	29	0.00034822157414	0.0	3.085179553862405
1988	08	30	0.00034106641195999997	0.0	3.338808137849872
1988	08	31	0.00034822157414	0.0	3.2124582981255143
1988	09	01	0.009098710737500001	0.0	3.027442841866425
1988	09	02	0.0032230004120900003	0.0	2.632660610964896
1988	09	03	0.0	0.0	3.603434846054964
1988	09	04	0.00170894749508	0.0	3.6787792413182516
1988	09	05	0.0	0.0	3.5220528684446006
1988	09	06	0.0006821327438900001	0.0	3.103225293513556
1988	09	07	0.00149881792603	0.0	3.2413589421007276
1988	09	08	0.0010208140217600001	0.0	4.119663043081584
1988	09	09	0.000712395048	0.0	3.3941755321965226
1988	09	10	0.0	0.0	2.9683360420385547
1988	09	11	0.000352991818311	0.0	3.17113601499355
1988	09	12	0.00034807944086	0.0	2.9354873814840277
1988	09	13	0.00034822157414	0.0	3.0034916756581
1988	09	14	6.866085817e-08	0.0	2.779067224030534
1988	09	15	0.00034106641195999997	0.0	2.4073055432555424
1988	09	16	0.0	0.0	2.4905289115262987
1988	09	17	0.0027561859823000004	0.0	2.4930158930117465
1988	09	18	0.00034106641195999997	0.0	2.468617982876133
1988	09	19	0.00103001699158	0.0	2.545507536655289
1988	09	20	0.0	0.0	2.458576724903129
1988	09	21	0.0017259773989000001	0.0	2.490369478836777
1988	09	22	0.0	0.0	2.5293917045988996
1988	09	23	0.000682132791908	0.0	2.588963130094466
1988	09	24	0.00308152201758	0.0	2.4768739153482944
1988	09	25	0.0020684969956000004	0.0	2.719722523605473
1988	09	26	0.0	0.0	2.8622206683679465
1988	09	27	0.0	0.0	2.9622851837619955
1988	09	28	0.00034822157414	0.0	2.6553661068657197
1988	09	29	0.0007056957367	0.0	2.6860267128748827
1988	09	30	0.0	0.0	2.4098485325449492
1988	10	01	2.59600009511	0.0	1.9363866944379866
1988	10	02	0.0006821327438900001	0.0	2.1423086286200315
1988	10	03	0.00172370862843	0.0	1.9797123433881911
1988	10	04	0.00104641793963	0.0	1.7861428124199246
1988	10	05	0.000352991818311	0.0	2.332904438583748
1988	10	06	0.00034822157414	0.0	2.3842293730722792
1988	10	07	0.0006869030120699999	0.0	2.3090664112936854
1988	10	08	0.0006821327438900001	0.0	2.253711377236702
1988	10	09	0.27541612233	0.0	1.8125900314187695
1988	10	10	0.0084554720134	0.0	1.9602744225233661
1988	10	11	4.76931046099	0.0	1.449489516050286
1988	10	12	0.0010279688638199999	0.0	1.3614477862732404
1988	10	13	2.5642428306	0.0	1.478580992532509
1988	10	14	8.1482208374	0.0	1.432326214632078
1988	10	15	0.401127030249	0.0	1.3388598239720644
1988	10	16	0.11312471786700001	0.0	1.4021877566958039
1988	10	17	0.8415116085600002	0.0	1.313003218390821
1988	10	18	6.29715862928	0.0	0.8326475547846572
1988	10	19	0.351289620226	0.0	1.235582181179435
1988	10	20	0.00035299176229	0.0	1.559278328302953
1988	10	21	0.0046596080580099996	0.0	1.4415987045165224
1988	10	22	0.0420179788355	0.0	1.325226044627854
1988	10	23	0.006597444314200001	0.0	1.5877925533249841
1988	10	24	0.0006821327438900001	0.0	1.5192832173699007
1988	10	25	0.00137586607637	0.0	1.3389186249362413
1988	10	26	0.000352991818311	0.0	1.1926846455282838
1988	10	27	0.024075392888	0.0	0.9697634397016321
1988	10	28	0.13476426165400002	0.0	1.193210672534387
1988	10	29	0.7077445047	0.0	1.2352385877786394
1988	10	30	10.3571032578	0.0	0.9201682597067754
1988	10	31	0.46406683982999997	0.0	1.1191804062412984
1988	11	01	1.58973368666	0.0	1.162781905526723
1988	11	02	8.379387492400001	0.0	0.9569423701972458
1988	11	03	8.0777264119	0.0	0.7886756134605777
1988	11	04	12.5520756639	0.0	0.517682034931597
1988	11	05	11.968125564700001	0.0	0.5833729436770989
1988	11	06	48.930632508900004	0.0	0.5637476112256861
1988	11	07	31.661334149600002	2.5325684783708486	0.6711194075385423
1988	11	08	20.531696500000002	17.825385828533282	0.6462990517614752
1988	11	09	1.40719782137	2.8665335524417297	0.8108850829385915
1988	11	10	6.775980039999999	1.1967081820873242	0.8217459221822798
1988	11	11	13.824493441699998	18.521146399514283	0.664351850684521
1988	11	12	1.08677330722	3.117007357994891	0.8869234452723456
1988	11	13	0.015549252784	1.182792970667704	1.0811072711518985
1988	11	14	0.271850241626	0.5983540910436621	0.9080793337788928
1988	11	15	0.00103667780845	0.3478802854905012	1.0728578334512342
1988	11	16	0.0	0.22264338271392076	1.0347497057477464
1988	11	17	0.0018507081554	0.1391521141962005	0.9492188274617872
1988	11	18	0.00010712261992400003	0.08349126851772029	0.9170230492193783
1988	11	19	0.0	0.05566084567848019	1.021518130664943
1988	11	20	2.91225480617	0.041745634258860145	0.9719274514629545
1988	11	21	1.82881154725	0.06957605709810025	0.8635163785937848
1988	11	22	0.093747750228	0.06957605709810025	0.8347456733185505
1988	11	23	17.4560859784	0.05566084567848019	0.7601414415889521
1988	11	24	15.9088371776	11.299151672731478	0.5872458265191354
1988	11	25	28.8588772222	80.91695440509058	0.4481937316346875
1988	11	26	1.29620853599	19.996158809994007	0.644514516777263
1988	11	27	0.00688295734145	5.524338933589159	0.8702104236927937
1988	11	28	0.0054107682775	1.6559101589347858	0.8545905531519286
1988	11	29	0.00102558356967	0.9879800107930234	0.9164770168323867
1988	11	30	0.35798115261	0.6679301481417623	1.0280308220366474
1988	12	01	0.28558769524000005	0.5148628225259417	0.7293988038117091
1988	12	02	0.26009620351400004	0.4174563425886014	0.85718288995916
1988	12	03	0.00034822157414	0.3061346512316411	0.8296368105312125
1988	12	04	0.000684517917995	0.23655859413354086	0.8633793795380517
1988	12	05	0.0	0.1948129598746807	0.9087496217804493
1988	12	06	0.000672508712231	0.15306732561582054	0.8693917592468542
1988	12	07	0.0	0.1391521141962005	0.7194694845863981
1988	12	08	0.00137764130183	0.1391521141962005	0.689585061181009
1988	12	09	0.0006821327438900001	0.11132169135696038	0.7398605472352446
1988	12	10	0.00068863438109	0.09740647993734035	0.8702956860936657
1988	12	11	0.000687988835101	0.09740647993734035	0.8379566250534589
1988	12	12	0.00034822161415500003	0.09740647993734035	0.9232024499265182
1988	12	13	0.0006811300080049999	0.08349126851772029	0.8147058444264803
1988	12	14	0.000343451450014	0.05566084567848019	0.7257502825528366
1988	12	15	0.0017196419840099998	0.05566084567848019	0.7844537877825183
1988	12	16	0.00069167312019	0.05566084567848019	0.7964127245604685
1988	12	17	0.0013687255596800002	0.05566084567848019	0.7656357125677693
1988	12	18	0.00034822157414	0.05566084567848019	0.7867280108483142
1988	12	19	0.00102656105609	0.041745634258860145	0.8094052310446801
1988	12	20	0.0	0.041745634258860145	0.9775241689934342
1988	12	21	0.00034822157414	0.041745634258860145	0.8532821006282348
1988	12	22	0.00241046414521	0.041745634258860145	0.7106812317486493
1988	12	23	0.33426086883800005	0.041745634258860145	0.604424506009872
1988	12	24	0.232832911612	0.041745634258860145	0.5538190774494426
1988	12	25	0.051279014422	0.041745634258860145	0.6866427966041272
1988	12	26	0.0033348949167999998	0.027830422839240095	0.7322181839655223
1988	12	27	0.0026897469169900002	0.013915211419620047	0.7647812269304493
1988	12	28	0.0061052766205	0.013915211419620047	0.720550045939712
1988	12	29	0.0011337874109	0.013915211419620047	0.7040712381199793
1988	12	30	0.0	0.013915211419620047	0.734561360454784
1988	12	31	0.0006821327438900001	0.013915211419620047	0.741140846066148
1989	01	01	0.000684517821959	0.013915211419620047	0.8445250312062661
1989	01	02	0.0	0.013915211419620047	0.8108230925579897
1989	01	03	0.0008904143402100001	0.013915211419620047	0.785843641310268
1989	01	04	0.000677530586728	0.013915211419620047	0.8333244394859389
1989	01	05	0.004477870572	0.013915211419620047	0.9068806161911827
1989	01	06	1.99010072802	0.013915211419620047	0.8780406771152244
1989	01	07	1.33069218251	0.013915211419620047	0.5127802299848037
1989	01	08	0.0040764993142	0.013915211419620047	0.7566202397521847
1989	01	09	2.17808735658	0.013915211419620047	0.7062406705238509
1989	01	10	13.7817758286	0.7653366280791027	0.6666974867953449
1989	01	11	11.8380071886	3.7153614490385527	0.6675543550192585
1989	01	12	3.79643056779	9.142293902690371	0.6893869575112578
1989	01	13	0.0005440361450780001	1.753316638872126	0.837059014043468
1989	01	14	0.000682132791908	0.876658319436063	0.9403395276914164
1989	01	15	0.0	0.5148628225259417	0.8983549429860255
1989	01	16	0.00137338106484	0.3757107083297413	0.8837126711562249
1989	01	17	0.00034822157414	0.2643890169727809	0.930772758004842
1989	01	18	0.0	0.23655859413354086	0.9251364185780657
1989	01	19	0.025297877547900003	0.23655859413354086	0.8344965776153235
1989	01	20	0.0787250676338	0.2087281712943007	0.9480603616228231
1989	01	21	0.0010279688638199999	0.18089774845506063	0.9404590923370709
1989	01	22	0.0010255843699700001	0.15306732561582054	1.007845815254342
1989	01	23	0.0016189868925000001	0.1391521141962005	0.8841650353172347
1989	01	24	0.010549573807200001	0.1391521141962005	0.813270428932944
1989	01	25	0.036981254772000004	0.1391521141962005	0.7532361240392405
1989	01	26	12.6329939969	5.6913214706246	0.6444423724275886
1989	01	27	0.0025475853864000003	1.8368079073898462	0.9901004030655325
1989	01	28	0.0013611266311500001	0.8488278965968229	1.0210492154342787
1989	01	29	0.010453431367299999	0.556608456784802	0.9252395944656625
1989	01	30	1.30552034661	0.4174563425886014	0.7528006315663448
1989	01	31	5.0317990173	0.36179549691012125	0.7000826084003213
1989	02	01	0.24345870279	0.2643890169727809	0.9320573466898835
1989	02	02	0.00531004139908	0.23655859413354086	0.9176846233676919
1989	02	03	0.0034524942	0.2087281712943007	0.9509248499957552
1989	02	04	0.0007129448541	0.15306732561582054	1.2310591306390468
1989	02	05	0.0	0.1391521141962005	1.1046233329475745
1989	02	06	0.000590766678459	0.1391521141962005	0.995132760545566
1989	02	07	1.54090474267	0.1391521141962005	0.6899123832519054
1989	02	08	0.566997552378	0.1391521141962005	1.0068404963626063
1989	02	09	4.9383234170899994	0.16698253703544058	0.934528930515626
1989	02	10	7.3072375869	0.4731171882670817	0.8037594341552005
1989	02	11	0.034401399689	1.5724188904170653	1.1017408398226973
1989	02	12	0.0010293517021900001	0.7931670509183426	1.1000210016318503
1989	02	13	0.0	0.4731171882670817	1.2525079677545434
1989	02	14	0.000686481221958	0.33396507407088116	1.4745228371113608
1989	02	15	0.0006821327438900001	0.2643890169727809	1.1872921411027926
1989	02	16	0.0010302419559100001	0.23655859413354086	1.3558916134844565
1989	02	17	0.0	0.2087281712943007	1.2992564233545616
1989	02	18	0.00137094279083	0.18089774845506063	1.6727919457095741
1989	02	19	0.0006821327438900001	0.15306732561582054	1.489483693168339
1989	02	20	0.067079681451	0.1391521141962005	1.1764846505119737
1989	02	21	2.66245236537	0.1391521141962005	1.1520079188982144
1989	02	22	0.0065279726721	0.1391521141962005	1.2529643776649038
1989	02	23	2.1703159634	0.1391521141962005	1.0876635795986296
1989	02	24	6.4026256846	0.16698253703544058	1.3486715201884238
1989	02	25	0.76011365577	0.18089774845506063	1.156595727214495
1989	02	26	0.229629294706	0.15306732561582054	1.0737073805983242
1989	02	27	0.14421598872299998	0.11132169135696038	1.2288816053088447
1989	02	28	0.40568986867199996	0.09740647993734035	1.2498228018818636
1989	03	01	0.235112742228	0.08349126851772029	1.441857758290825
1989	03	02	0.0191064542345	0.05566084567848019	1.3346740632037308
1989	03	03	0.0135038348398	0.05566084567848019	1.643977272805081
1989	03	04	0.0017143250309000003	0.05566084567848019	1.7023351220287604
1989	03	05	0.0167723760833	0.05566084567848019	1.3160583513775754
1989	03	06	0.016066630728	0.041745634258860145	1.4993193672516818
1989	03	07	0.0046449083877	0.027830422839240095	1.8631044534044745
1989	03	08	0.00136366758365	0.013915211419620047	1.8173429004728014
1989	03	09	0.0006821327438900001	0.013915211419620047	1.827622097646468
1989	03	10	0.0	0.013915211419620047	1.8722904400871445
1989	03	11	0.00136731711171	0.013915211419620047	1.8258509143665733
1989	03	12	0.0013790293421499999	0.013915211419620047	2.109833252166896
1989	03	13	0.0006869030120699999	0.013915211419620047	1.5816776509989015
1989	03	14	0.0104985842933	0.013915211419620047	1.5879063291698081
1989	03	15	0.00034822157414	0.013915211419620047	1.9418890333838668
1989	03	16	0.252067561902	0.013915211419620047	1.8832623984408505
1989	03	17	4.57385087112	0.013915211419620047	1.1513640606872857
1989	03	18	0.0025650479324000005	0.013915211419620047	1.6661204806587082
1989	03	19	0.0	0.013915211419620047	1.8832358543793386
1989	03	20	0.0	0.013915211419620047	1.9153627974603304
1989	03	21	0.00103130387398	0.013915211419620047	2.163722697283085
1989	03	22	0.0017220271181000004	0.013915211419620047	2.4094827337633635
1989	03	23	0.0010228402213	0.0	2.5791044694150074
1989	03	24	0.0013785758921700001	0.0	2.4182622746575198
1989	03	25	0.00034822157414	0.0	2.134409550358255
1989	03	26	0.014226949906300001	0.0	1.6243916928832665
1989	03	27	7.7095307903	0.0	1.6297674702309528
1989	03	28	4.8568110214	0.0	1.3862466674103946
1989	03	29	0.0201886351002	0.0	1.7556323152644076
1989	03	30	0.04130250663400001	0.0	2.344814380804061
1989	03	31	0.0050940661987400005	0.0	2.03157631016881
1989	04	01	0.00102558356967	0.0	2.2772205863913295
1989	04	02	0.234310369451	0.0	1.7094743092261078
1989	04	03	3.6210942013000005	0.0	1.4710049824940212
1989	04	04	0.57393642548	0.0	1.7508597895144942
1989	04	05	0.42902117463199996	0.0	1.733288556492798
1989	04	06	0.506596246379	0.0	1.6339831922067047
1989	04	07	9.3931002922	0.0	1.1738955365878445
1989	04	08	22.0200592268	0.0	1.229419625258509
1989	04	09	8.1721602113	0.7653366280791027	1.4256470261281922
1989	04	10	0.43853098747499997	0.5983540910436621	1.9836769769832674
1989	04	11	0.033497989037	0.22264338271392076	2.2382946616744057
1989	04	12	0.08403470520150001	0.11132169135696038	1.7881636244684507
1989	04	13	0.187444969514	0.08349126851772029	2.0894356601325805
1989	04	14	0.090801933961	0.05566084567848019	2.2895644054589357
1989	04	15	0.0017629456568	0.041745634258860145	2.1491407679962005
1989	04	16	0.0	0.013915211419620047	1.8035574858711647
1989	04	17	0.0006904022918080001	0.013915211419620047	2.286361742416151
1989	04	18	0.00171358259259	0.013915211419620047	2.4259753437030076
1989	04	19	0.27968970832400003	0.013915211419620047	1.8413998171275567
1989	04	20	0.0078332755772	0.013915211419620047	2.279536291713465
1989	04	21	3.96155894772e-05	0.013915211419620047	2.656860037173372
1989	04	22	0.00036506695278900003	0.013915211419620047	2.6616935100714474
1989	04	23	0.007791935280400001	0.013915211419620047	2.30784245927287
1989	04	24	11.1184950727	0.013915211419620047	1.6519508984945994
1989	04	25	8.1902493922	0.09740647993734035	1.9195602694044824
1989	04	26	0.006904452199000001	0.11132169135696038	2.196965322104618
1989	04	27	0.0020680548298500005	0.08349126851772029	2.5810815352761045
1989	04	28	0.07056893343000001	0.05566084567848019	2.303794736900841
1989	04	29	0.0030836932314800003	0.05566084567848019	3.134098802600257
1989	04	30	0.0025953158386100004	0.041745634258860145	2.8747271409590396
1989	05	01	0.0006821327438900001	0.027830422839240095	3.26805704064628
1989	05	02	0.0006821327438900001	0.013915211419620047	3.025076081736942
1989	05	03	0.00102558356967	0.013915211419620047	2.996411306327581
1989	05	04	0.0	0.013915211419620047	2.8779036676488152
1989	05	05	0.0	0.013915211419620047	3.092295077833908
1989	05	06	0.0	0.013915211419620047	3.0931501566581017
1989	05	07	0.086160514081	0.013915211419620047	1.9803079777417443
1989	05	08	0.0176231325974	0.0	2.603844503130523
1989	05	09	0.004532150119200001	0.0	2.651429657884321
1989	05	10	0.0	0.0	2.9102756455850307
1989	05	11	0.00043199653797499997	0.0	3.143618631724208
1989	05	12	0.166808497738	0.0	2.6095011803349024
1989	05	13	0.353304311452	0.0	2.904442849564427
1989	05	14	0.0	0.0	3.4089758587755057
1989	05	15	0.0010379238755500002	0.0	3.405385518005143
1989	05	16	0.0	0.0	3.8061871313208133
1989	05	17	0.0	0.0	3.2346815177706554
1989	05	18	0.00225160451518	0.0	3.3578131670610842
1989	05	19	0.0010327632210300002	0.0	2.7727393953161137
1989	05	20	0.0003458360399	0.0	3.266332055289878
1989	05	21	2.7765883503200005e-05	0.0	3.35770574826893
1989	05	22	1.20983231705	0.0	2.650824961108793
1989	05	23	1.08848730973	0.0	2.3841031655192366
1989	05	24	1.20408424233	0.0	2.278126588901516
1989	05	25	17.678514958	0.0	1.8536196602630313
1989	05	26	3.03393185796	0.0	2.0643934619602233
1989	05	27	1.30225240159	0.0	2.3232193696014067
1989	05	28	5.95693181205	0.0	2.2348159665255762
1989	05	29	0.8151086711700001	0.0	2.383163049766098
1989	05	30	1.14711672752	0.0	2.397481473669971
1989	05	31	1.8168300958899999	0.0	2.475323805135075
1989	06	01	0.078050529977	0.0	2.8122241361252316
1989	06	02	0.12439879206	0.0	2.7726211956043576
1989	06	03	0.35470640504	0.0	2.9925441950723175
1989	06	04	0.0	0.0	3.4603983536939946
1989	06	05	0.0006870403435500001	0.0	3.2874920573704873
1989	06	06	0.0006821327438900001	0.0	3.193247769895065
1989	06	07	0.0	0.0	3.231982426724051
1989	06	08	0.00067931392723	0.0	3.320659107679797
1989	06	09	0.0	0.0	3.3776244885691082
1989	06	10	0.00035299176229	0.0	3.749428282627322
1989	06	11	0.0	0.0	3.8376411538783337
1989	06	12	0.0006898907400480001	0.0	4.192145378859182
1989	06	13	0.0	0.0	4.360985508521011
1989	06	14	0.00138244822375	0.0	4.036642350294091
1989	06	15	0.0007294367162300001	0.0	3.5471753221395765
1989	06	16	0.000361704684411	0.0	3.607689306034893
1989	06	17	0.011074487376	0.0	2.738424866172127
1989	06	18	0.0110526351845	0.0	3.1594757595630294
1989	06	19	0.0129727597613	0.0	3.6440695049742193
1989	06	20	0.150918405187	0.0	2.887433360195796
1989	06	21	0.0324545154811	0.0	3.7397030723022056
1989	06	22	0.00102558356967	0.0	3.9578544110126184
1989	06	23	0.0	0.0	4.297494343840155
1989	06	24	0.00034154235036999996	0.0	4.257607948641696
1989	06	25	0.00171342893499	0.0	4.008463861591246
1989	06	26	0.0	0.0	4.060183552220388
1989	06	27	0.0010354717563499998	0.0	4.155491098015537
1989	06	28	0.000691673064169	0.0	4.286081897948116
1989	06	29	0.00034822161415500003	0.0	3.9709479426367773
1989	06	30	0.0017125518061899998	0.0	3.472489185139473
1989	07	01	0.0006964432283100001	0.0	4.215602390563061
1989	07	02	0.0010212701927600001	0.0	4.640408291617782
1989	07	03	0.00035376973392	0.0	4.1334709819053135
1989	07	04	0.0027576148379199997	0.0	3.4697877363828806
1989	07	05	0.00105379142365	0.0	3.1967127048354524
1989	07	06	0.015884562478	0.0	3.126086092828985
1989	07	07	0.000691673064169	0.0	4.033004713113901
1989	07	08	0.0006845178779800001	0.0	4.138197579298736
1989	07	09	0.0006964432283100001	0.0	4.284774667783091
1989	07	10	0.0024049151051	0.0	4.236793230548996
1989	07	11	0.000348377976769	0.0	3.9912777174908385
1989	07	12	0.0013642653277200001	0.0	3.709338775455444
1989	07	13	0.00137056272836	0.0	3.808678212692812
1989	07	14	0.0023993890336	0.0	4.626719922325575
1989	07	15	0.0006841536614500001	0.0	4.548727683055454
1989	07	16	0.0006987684199300001	0.0	4.7483717103396055
1989	07	17	0.00136712279887	0.0	4.843154093056453
1989	07	18	0.00034822157414	0.0	4.045096206101357
1989	07	19	0.0	0.0	3.2923123517170936
1989	07	20	0.0324897670955	0.0	3.9853022779531266
1989	07	21	0.146874841419	0.0	4.351562272017413
1989	07	22	0.0017365678488299998	0.0	4.041029396057907
1989	07	23	0.0021488511171	0.0	3.8530840519356944
1989	07	24	0.00068381617494	0.0	4.334990463693745
1989	07	25	0.00103044363151	0.0	3.905742035095169
1989	07	26	0.0006964432283100001	0.0	4.1216881610464915
1989	07	27	0.00067241069949	0.0	3.558925685302021
1989	07	28	0.00205116793964	0.0	3.112646800843485
1989	07	29	0.00205557231066	0.0	2.8366992300736444
1989	07	30	0.0006869030120699999	0.0	4.17221749915628
1989	07	31	0.00137741849831	0.0	3.8609118674173972
1989	08	01	0.0	0.0	3.673242864204021
1989	08	02	0.0005894237830620001	0.0	3.318180017306915
1989	08	03	0.208174036	0.0	2.446399307384858
1989	08	04	0.355920019975	0.0	2.592768941445857
1989	08	05	0.00034322041941000004	0.0	3.27069884298188
1989	08	06	0.00034822157414	0.0	3.149434221090933
1989	08	07	0.00101769637308	0.0	3.421265197385093
1989	08	08	0.0	0.0	3.6369927278716396
1989	08	09	1.08342653265	0.0	3.7257325283027836
1989	08	10	0.0	0.0	3.8854798692983947
1989	08	11	0.000737725711438	0.0	3.9844466729247063
1989	08	12	0.00013083988656500001	0.0	3.7480725882378407
1989	08	13	0.0006964433083400001	0.0	3.8928506237093012
1989	08	14	0.0026725391865100004	0.0	3.811821332814714
1989	08	15	0.0006076012850700001	0.0	3.7301889302614337
1989	08	16	0.00137380482369	0.0	3.5669314129504777
1989	08	17	0.0	0.0	3.8005523597222926
1989	08	18	0.0010282832216599999	0.0	3.5005336581585613
1989	08	19	0.0013843085211	0.0	3.5282154209170913
1989	08	20	0.0006869030120699999	0.0	3.9085499402211505
1989	08	21	0.0013656191152000001	0.0	3.9814417358177785
1989	08	22	0.00034822157414	0.0	4.100194896244209
1989	08	23	1.0976150513499999e-06	0.0	3.9855826583882963
1989	08	24	0.0	0.0	3.601483887637077
1989	08	25	0.0065551340538	0.0	3.327801751743767
1989	08	26	0.0013847454849	0.0	3.297714758676746
1989	08	27	0.0122586776809	0.0	3.282085094325115
1989	08	28	0.00205071248891	0.0	3.182691172334084
1989	08	29	2.8090229087200003	0.0	2.0563799885420964
1989	08	30	0.20419811358800002	0.0	2.4653974803311507
1989	08	31	0.0006851811666200001	0.0	2.982319558305753
1989	09	01	0.00068928806613	0.0	3.205465749834837
1989	09	02	0.00070917239996	0.0	2.7128307415535753
1989	09	03	0.34758495949900003	0.0	2.495121605670314
1989	09	04	2.76830548541	0.0	2.4558413796711993
1989	09	05	3.8092759430000007	0.0	2.1689675942031634
1989	09	06	3.8337792883100006	0.0	2.097727284700302
1989	09	07	13.1020506272	0.0	1.7754542212870184
1989	09	08	0.00069165519347	0.0	2.454722612567596
1989	09	09	0.009710294395399999	0.0	2.3559532577354205
1989	09	10	0.0	0.0	2.3507664284950245
1989	09	11	0.0006821327438900001	0.0	2.4989807350324496
1989	09	12	0.00034822157414	0.0	2.5122714151269583
1989	09	13	0.0	0.0	2.6495804255445257
1989	09	14	0.00034106641195999997	0.0	2.4145067967763403
1989	09	15	0.00282346672312	0.0	2.0392463309939868
1989	09	16	0.078916182475	0.0	2.057341013834871
1989	09	17	0.059636427277	0.0	2.309238081654649
1989	09	18	0.6680800361000001	0.0	2.0758182664310962
1989	09	19	0.00505844524589	0.0	2.3734227884983072
1989	09	20	0.0006821327438900001	0.0	2.3994450434433294
1989	09	21	0.06444937945750001	0.0	2.1898839152740894
1989	09	22	0.00102558356967	0.0	2.3786463811926217
1989	09	23	0.0010318032611800001	0.0	2.6036116968906713
1989	09	24	0.0300514538708	0.0	2.206436544767687
1989	09	25	0.01245848257965	0.0	2.1317567352687035
1989	09	26	0.0013685239641100001	0.0	2.529202839212901
1989	09	27	0.0006845178779800001	0.0	2.702588191465003
1989	09	28	0.00068259651774	0.0	2.7317111977416673
1989	09	29	1.0225320257700001	0.0	3.007451188872655
1989	09	30	0.0478083238009	0.0	1.86401955716128
1989	10	01	7.9548867643	0.0	1.5585452595019231
1989	10	02	0.0047401072739	0.0	1.6781905802774941
1989	10	03	0.0075326548867	0.0	2.0474149376195476
1989	10	04	0.0017175137462199998	0.0	2.060002083359018
1989	10	05	0.0318042717311	0.0	1.896471866689804
1989	10	06	0.00034822157414	0.0	1.8188122126789832
1989	10	07	0.00171964182395	0.0	2.2036969948341456
1989	10	08	0.0	0.0	2.356324429427888
1989	10	09	0.00103989421415	0.0	1.9836584325632005
1989	10	10	0.0013942850609	0.0	1.9367249117272032
1989	10	11	0.00102087580492	0.0	1.8584659369376528
1989	10	12	0.27227432859899997	0.0	1.5003910438364447
1989	10	13	23.866666645000002	12.523690277658043	1.2506086578711355
1989	10	14	17.9408332905	1.2523690277658044	1.1055302431216871
1989	10	15	1.19475538532	0.7375062052398625	1.0451801284091806
1989	10	16	20.0660515486	8.57177023448595	0.9098940376009814
1989	10	17	7.1212766777	21.596408123250313	1.1328262752976328
1989	10	18	0.22578591798	2.602144535468949	1.3347961409989724
1989	10	19	0.00116445978873	0.6122693024632822	1.447333462357908
1989	10	20	0.0	0.25047380555316084	1.5527722528191275
1989	10	21	0.0010396153896300002	0.11132169135696038	1.2814252229867484
1989	10	22	0.292127618792	0.05566084567848019	1.3478640073060495
1989	10	23	3.05229362104	3.9658352545917137	0.9607779166798138
1989	10	24	1.2373433498200002	8.182144314736588	1.197569606041213
1989	10	25	0.0	1.154962547828464	1.2078601156973063
1989	10	26	3.4052556922	0.4731171882670817	1.1397514619153573
1989	10	27	6.9080967652	6.247929927409402	1.064227363460516
1989	10	28	0.00147210079086	1.8228926959702263	1.184107362727342
1989	10	29	0.00034822157414	0.6957605709810024	1.468941981149509
1989	10	30	0.00103512458621	0.33396507407088116	1.4524431760639727
1989	10	31	0.0	0.15306732561582054	1.51399551030131
1989	11	01	0.0006821327438900001	0.08349126851772029	1.4488581974129007
1989	11	02	0.0038148153795100003	0.05566084567848019	1.2150910587327415
1989	11	03	0.0045460049128	0.027830422839240095	1.0015508488805336
1989	11	04	0.000352991818311	0.013915211419620047	1.1683552418632515
1989	11	05	0.00231893679532	0.013915211419620047	0.9959992439249237
1989	11	06	0.0006924181594749999	0.013915211419620047	1.2163154616522733
1989	11	07	0.0157329240349	0.013915211419620047	1.0205639324130085
1989	11	08	0.038337803287000004	0.0	1.039129086982239
1989	11	09	0.00137667181841	0.0	1.0887952198904778
1989	11	10	0.0137927743515	0.0	1.1059589246295187
1989	11	11	3.78368667062	0.0	0.7640494789222216
1989	11	12	0.77574639585	0.0	0.7507972084615118
1989	11	13	1.49851165122	0.0	0.977134749853394
1989	11	14	7.9351881801	13.428179019933346	0.669624507433464
1989	11	15	1.46467872863	4.0771569459486745	0.8421074164044827
1989	11	16	0.654446253348	1.419351564801245	0.9270039146253231
1989	11	17	6.7836677218000005	5.246034705196758	0.777253896371847
1989	11	18	8.5315949488	5.385186819392959	0.8410896714162035
1989	11	19	20.7228073397	63.84298999321678	0.4241515299748453
1989	11	20	6.24747744582	9.309276439725812	0.5911800631716371
1989	11	21	10.481248995	52.8221425488777	0.7471809786026373
1989	11	22	20.1670614131	35.010671931764044	0.7137865993992798
1989	11	23	3.591494305500001	7.583790223692926	0.6096633418947013
1989	11	24	0.6066414852800001	5.593914990687258	0.7003782033714907
1989	11	25	7.394618342400001	3.687531026199313	0.6456983001849542
1989	11	26	26.330348579400003	17.47750554304278	0.3728910966128839
1989	11	27	0.21471588827499996	5.84438879624042	0.801911591853146
1989	11	28	0.09981552078900001	2.643890169727809	0.8560393239766936
1989	11	29	4.1898041876	2.699551015406289	0.6324836626373205
1989	11	30	0.0140424815566	2.6578053811474294	0.8674480723473755
1989	12	01	0.0	1.8924687530683268	0.8609819010674968
1989	12	02	0.0505290148776	1.6419949475151656	0.7541549546597315
1989	12	03	42.5717368169	51.05491069858596	0.5414578658376265
1989	12	04	23.0037215619	12.927231408827023	0.5772233744619113
1989	12	05	35.1182428044	17.51925117730164	0.4919371547384531
1989	12	06	45.376801922	20.998054032206653	0.4257621743185509
1989	12	07	38.975338273000006	17.4914207544624	0.39928174547350537
1989	12	08	20.097661798	7.8342640292460874	0.4481100423859526
1989	12	09	0.334432349119	6.247929927409402	0.6388264927172478
1989	12	10	0.0198772847876	2.8526183410221093	0.7158489247838646
1989	12	11	0.33271504137	2.017705655844907	0.7117664497967634
1989	12	12	2.92732581568	5.385186819392959	0.7035498874826152
1989	12	13	1.2267694661	3.868428774654373	0.4140589648279593
1989	12	14	3.8757723898200003	8.98922657707455	0.4135647464604176
1989	12	15	1.91634451981	13.720398459745367	0.4980097779937935
1989	12	16	27.395077303000004	18.326333439639605	0.6220533072338849
1989	12	17	2.6963411488999998	4.578104557054996	0.4573156784658376
1989	12	18	11.5813205672	6.2061842931505415	0.5512317945906052
1989	12	19	0.17939491987700001	2.9917704552183104	0.6745245280602565
1989	12	20	0.22084025605200003	1.5724188904170653	0.5077882673342243
1989	12	21	2.01067660108	1.1688777592480841	0.6857732724927298
1989	12	22	0.0242636914735	1.1688777592480841	0.7265266883830958
1989	12	23	0.0	0.890573530855683	0.8194753989025926
1989	12	24	0.026356592017000007	0.7514214166594826	0.7015708921518401
1989	12	25	35.239365808500004	46.89426248411957	0.5246857173902304
1989	12	26	1.3290487664600001	16.573016800767476	0.6011729858201331
1989	12	27	2.0062232517	4.438952442858795	0.7213120249330325
1989	12	28	19.5516307131	20.39969994116299	0.39327861741428605
1989	12	29	1.15789820906	12.036657877971342	0.6790616775859228
1989	12	30	0.0317691353599	3.4927180663246316	0.8214411787327979
1989	12	31	0.09331394761299999	1.9063839644879468	0.7947270826646706
1990	01	01	2.09709059418	1.5167580447385853	0.7445434615351247
1990	01	02	5.8247426597	2.95002482095945	0.7927310731398881
1990	01	03	3.1593162995000004	5.176458648098658	0.5427899193847358
1990	01	04	0.05914502226920001	2.560398901210089	0.7602209866318881
1990	01	05	0.08839267882900001	1.753316638872126	0.6118576548383624
1990	01	06	0.0132049227898	1.2941146620246644	0.7451694115621474
1990	01	07	0.0204634053004	1.0018952222126434	0.8424273249231835
1990	01	08	0.000684517821959	0.8070822623379628	0.7867310214500932
1990	01	09	0.0017130496728200001	0.6818453595613824	0.7867967060774378
1990	01	10	0.000696443268325	0.5983540910436621	0.8173691442064434
1990	01	11	0.0006821327438900001	0.5287780339455618	0.7416794553383362
1990	01	12	0.000352991818311	0.45920197684746156	0.8564994910677184
1990	01	13	0.00034822157414	0.43137155400822147	0.8448896670650493
1990	01	14	0.0006845178779800001	0.4035411311689814	0.8878439608720553
1990	01	15	0.00103512450618	0.36179549691012125	0.9130666501959538
1990	01	16	0.036669089754	0.33396507407088116	0.8032816601214969
1990	01	17	0.310077315405	0.3061346512316411	0.842197439354074
1990	01	18	0.00137468107216	0.3061346512316411	0.9258692626560396
1990	01	19	0.00102258484557	0.29221943981202103	0.885688445173519
1990	01	20	0.0	0.2643890169727809	0.8536400565970728
1990	01	21	0.0006821327438900001	0.23655859413354086	0.9211357735118234
1990	01	22	0.0006821327438900001	0.22264338271392076	0.9853161248292378
1990	01	23	0.0013642651676600002	0.1948129598746807	0.971212680114537
1990	01	24	0.051384514769799994	0.18089774845506063	0.9089036854143412
1990	01	25	0.0737472008335	0.18089774845506063	0.9148897000175027
1990	01	26	1.7251594923000002	0.18089774845506063	0.8187412007499437
1990	01	27	8.3899402482	0.1948129598746807	0.7100963809646166
1990	01	28	4.569071159400001	0.22264338271392076	0.7694967508066384
1990	01	29	0.609626716322	0.22264338271392076	0.9810925043193992
1990	01	30	9.02402001898e-05	0.1948129598746807	0.9822707203900899
1990	01	31	2.2698587179399996	0.1948129598746807	0.8384461193798075
1990	02	01	0.0429158522118	0.22264338271392076	1.0438628551492355
1990	02	02	0.00244283964147	0.1948129598746807	0.8482296930693062
1990	02	03	0.0079869051667	0.18089774845506063	1.1580884171642234
1990	02	04	0.000348541237969	0.15306732561582054	1.0741621066013736
1990	02	05	0.00300815203415	0.1391521141962005	0.9650749177989618
1990	02	06	0.0487985630014	0.1391521141962005	1.0853883279849672
1990	02	07	0.04566051627500001	0.1391521141962005	0.9871544484098621
1990	02	08	0.023055018391000003	0.1391521141962005	1.1225548736776463
1990	02	09	0.00034822157414	0.1391521141962005	1.2643026039627323
1990	02	10	0.0212774216421	0.1391521141962005	1.011020215102375
1990	02	11	0.0016173108242100002	0.12523690277658042	0.9758722997480807
1990	02	12	0.0078821715063	0.11132169135696038	1.1997528807344835
1990	02	13	0.00123842695602	0.11132169135696038	1.1171660071730367
1990	02	14	0.0006821327438900001	0.11132169135696038	1.4147491378247223
1990	02	15	0.00034822157414	0.11132169135696038	1.3982721959622462
1990	02	16	0.00285407091539	0.11132169135696038	1.3728932276080967
1990	02	17	0.00206309337	0.11132169135696038	1.3573861145128894
1990	02	18	0.040100780155500004	0.09740647993734035	1.081426503069677
1990	02	19	0.0017180456256000005	0.08349126851772029	1.592794480309829
1990	02	20	0.0017122498530000002	0.08349126851772029	1.4773116251300473
1990	02	21	0.0021372563707000003	0.08349126851772029	1.4911687948666215
1990	02	22	0.0010297783421200002	0.08349126851772029	1.2801061172530321
1990	02	23	0.0010322297410500002	0.08349126851772029	1.3273545309174417
1990	02	24	0.0	0.08349126851772029	1.4542154091716624
1990	02	25	0.0043375483709	0.08349126851772029	1.4151833298684644
1990	02	26	0.0	0.08349126851772029	1.5886663332316535
1990	02	27	0.0013428469788500002	0.08349126851772029	1.6060427885497395
1990	02	28	0.0018695362532900003	0.08349126851772029	1.6579365683160692
1990	03	01	0.00102558356967	0.06957605709810025	1.598666179868207
1990	03	02	0.47552757599500006	0.05566084567848019	1.4536173881256262
1990	03	03	19.245988140100003	0.06957605709810025	1.0661879092428943
1990	03	04	8.5920840237	0.09740647993734035	1.2155326301398741
1990	03	05	9.0296424466	0.5426932453651818	1.1969068640226619
1990	03	06	2.48207947089	0.45920197684746156	1.3405964788795288
1990	03	07	3.06214419362	0.3200498626512611	1.261030429966776
1990	03	08	1.29267449122	0.23655859413354086	1.301427587676982
1990	03	09	0.0010294362138700002	0.22264338271392076	1.8453892937481247
1990	03	10	3.3749859453	0.23655859413354086	1.5558095225234472
1990	03	11	3.8247278953099997	0.29221943981202103	1.149920313689772
1990	03	12	0.612203754349	0.4035411311689814	1.595439848360937
1990	03	13	0.006949598722600001	0.3757107083297413	1.6174308855117927
1990	03	14	0.00103035415797	0.29221943981202103	1.9334221893990795
1990	03	15	0.00240590563641	0.23655859413354086	1.8631735389720345
1990	03	16	0.0	0.1948129598746807	1.715650064567271
1990	03	17	0.00170982158274	0.15306732561582054	1.5804194554724937
1990	03	18	0.0	0.1391521141962005	1.6453887922049726
1990	03	19	0.00034822157414	0.12523690277658042	1.7841616512815857
1990	03	20	0.0	0.11132169135696038	1.7373611062077088
1990	03	21	0.00138334552011	0.11132169135696038	1.9993231848776116
1990	03	22	0.00234298605041	0.09740647993734035	2.200780725086575
1990	03	23	0.00103985491942	0.08349126851772029	1.9173588458962174
1990	03	24	0.142317533069	0.08349126851772029	1.7894616577098381
1990	03	25	0.0006821327438900001	0.06957605709810025	2.1900129921750406
1990	03	26	0.00137857581214	0.05566084567848019	2.0032243274610044
1990	03	27	0.0006869030120699999	0.041745634258860145	2.068880883051648
1990	03	28	0.0013787221069800001	0.041745634258860145	2.114326355872869
1990	03	29	0.0006821327438900001	0.027830422839240095	2.063222572763501
1990	03	30	1.7293580261600003	0.027830422839240095	1.5982056773434248
1990	03	31	9.1610765159	0.06957605709810025	1.5342042850481827
1990	04	01	12.028794707100001	0.33396507407088116	1.3812243206277226
1990	04	02	0.618993267462	0.3061346512316411	1.743604907224341
1990	04	03	0.083052757109	0.18089774845506063	1.8283431098328173
1990	04	04	0.0633738234752	0.1391521141962005	1.6290469245164778
1990	04	05	25.6268456647	25.520497743583167	1.1649389932531924
1990	04	06	2.70353456542	5.120797802420178	1.339652554474257
1990	04	07	4.4327328517	2.1568577700411073	1.6854048532832622
1990	04	08	9.511719957899999	12.579351123336522	1.5006218629656463
1990	04	09	3.1480552782	6.178353870311303	2.0291004515617552
1990	04	10	0.00034822161415500003	1.711571004613266	1.969486492424294
1990	04	11	0.0017185255655100002	0.876658319436063	2.3646992083803458
1990	04	12	0.0	0.5287780339455618	2.6986042033868234
1990	04	13	0.00160104688752	0.3757107083297413	2.1437821240731676
1990	04	14	0.0	0.29221943981202103	2.3824344036048357
1990	04	15	0.0011259644784	0.23655859413354086	2.575826747122253
1990	04	16	0.00206070807585	0.1948129598746807	2.6795556482619896
1990	04	17	0.00103181054391	0.15306732561582054	2.8036430178436285
1990	04	18	0.0	0.12523690277658042	2.7525392347173843
1990	04	19	0.0	0.11132169135696038	2.6726127855575537
1990	04	20	0.0	0.09740647993734035	2.3384080782816294
1990	04	21	0.92706487901	0.08349126851772029	2.0292340030364207
1990	04	22	2.37446000872	0.08349126851772029	2.1355907599726947
1990	04	23	0.69829104098	0.08349126851772029	2.466296517599921
1990	04	24	0.29663535655999995	0.08349126851772029	2.394012698721429
1990	04	25	0.28053083963000003	0.08349126851772029	2.3716686380658145
1990	04	26	0.62562051975	0.08349126851772029	2.4200965978855797
1990	04	27	0.207836285391	0.06957605709810025	2.7792635046157472
1990	04	28	5.481110886090001	0.05566084567848019	1.904634255068659
1990	04	29	6.9447320983	0.05566084567848019	2.282900547772356
1990	04	30	4.23632978816	0.05566084567848019	1.6428688359922294
1990	05	01	5.53285764385	0.05566084567848019	2.453160542007174
1990	05	02	4.35545884481	0.05566084567848019	2.4389532306102084
1990	05	03	0.0022405749406400003	0.041745634258860145	2.560864391928591
1990	05	04	1.4647647608800001e-06	0.041745634258860145	2.5301540807904854
1990	05	05	0.0013688101513900002	0.041745634258860145	2.4368196437318503
1990	05	06	0.0030862931660899998	0.041745634258860145	2.7876327524474456
1990	05	07	0.0	0.041745634258860145	2.687919905653569
1990	05	08	0.0052096704941	0.027830422839240095	2.429366227148034
1990	05	09	0.727914665675	0.027830422839240095	2.3552498288679797
1990	05	10	0.16855414411	0.027830422839240095	3.027246571340926
1990	05	11	0.026555184861400002	0.013915211419620047	2.4270616368562545
1990	05	12	0.132153178865	0.013915211419620047	2.114899855862225
1990	05	13	0.10381031427500001	0.013915211419620047	2.2220406749300547
1990	05	14	0.00137142016978	0.013915211419620047	3.154732327329694
1990	05	15	0.000692121408235	0.013915211419620047	3.3770267884049368
1990	05	16	0.00171677971106	0.013915211419620047	2.8010266955716916
1990	05	17	0.00102558356967	0.013915211419620047	3.0472153847816683
1990	05	18	0.050864254145199995	0.0	3.0517894324980346
1990	05	19	0.0006821327438900001	0.0	3.186539155701871
1990	05	20	0.00077114315028	0.0	3.027044367114688
1990	05	21	0.0006821327438900001	0.0	3.2555285794320805
1990	05	22	0.0006821327438900001	0.0	3.071330243810323
1990	05	23	0.00034822157414	0.0	3.11874001873107
1990	05	24	0.00114464091944	0.0	3.3133986891034923
1990	05	25	0.051540212334500006	0.0	3.5890208716398417
1990	05	26	0.12863684473400003	0.0	3.495724507735347
1990	05	27	0.0025976343877400004	0.0	3.722998423471514
1990	05	28	0.00034106641195999997	0.0	3.914098883352174
1990	05	29	0.0	0.0	3.86398447440083
1990	05	30	0.0006869030120699999	0.0	3.997357362071598
1990	05	31	0.0	0.0	3.016026635747176
1990	06	01	0.126947195353	0.0	3.3787992773507525
1990	06	02	1.2096238389	0.0	2.225143360954998
1990	06	03	0.00079260487541	0.0	2.8549994168537993
1990	06	04	0.0	0.0	3.808131645818481
1990	06	05	8.8752765811e-05	0.0	3.313721740074495
1990	06	06	0.000682132791908	0.0	3.8455573068962274
1990	06	07	0.0	0.0	4.062772544714584
1990	06	08	0.00136656242881	0.0	4.187266419335452
1990	06	09	0.0	0.0	3.776182531982059
1990	06	10	0.00081500695304	0.0	3.176252075947814
1990	06	11	0.0031939991406900003	0.0	3.1696554097493683
1990	06	12	0.0006821327438900001	0.0	3.02498549719257
1990	06	13	0.031917094823900004	0.0	2.6343985485766446
1990	06	14	0.022800675048	0.0	3.1895396034103713
1990	06	15	0.0034328436338	0.0	3.357041582227981
1990	06	16	0.0	0.0	3.2066019996864794
1990	06	17	0.00105842211951	0.0	3.396928747693887
1990	06	18	0.00034106641195999997	0.0	3.735893086102373
1990	06	19	0.00068961586901	0.0	3.651866027247375
1990	06	20	0.0006899621027990001	0.0	3.5530978931300954
1990	06	21	0.000689943407791	0.0	3.6065426279448776
1990	06	22	0.00292899196025	0.0	3.555499961175938
1990	06	23	0.00107421107815	0.0	4.681422670279608
1990	06	24	0.000352991818311	0.0	3.7906232016130397
1990	06	25	0.0265259899174	0.0	2.623453612081616
1990	06	26	0.0009249532074299999	0.0	3.762668699252218
1990	06	27	0.00102558356967	0.0	3.9363487347998922
1990	06	28	0.00137380530387	0.0	4.146469664279725
1990	06	29	0.0	0.0	4.085206661350494
1990	06	30	0.0	0.0	4.17936639656759
1990	07	01	0.0010197054462	0.0	4.437168303481842
1990	07	02	0.0	0.0	4.546802483563552
1990	07	03	0.00103989421415	0.0	4.0472679708267485
1990	07	04	0.000677362683788	0.0	4.24588486788269
1990	07	05	0.00102946390425	0.0	4.542062264002543
1990	07	06	0.00102439424384	0.0	4.5144709549424356
1990	07	07	0.000682132791908	0.0	3.757223809303686
1990	07	08	0.00102373447652	0.0	4.250870731802144
1990	07	09	0.000677362587752	0.0	4.57370240387019
1990	07	10	0.00034822157414	0.0	4.407374116945513
1990	07	11	0.00171655802796	0.0	3.487234229680348
1990	07	12	0.0028719818694799997	0.0	2.7637152941191836
1990	07	13	0.3321220991	0.0	2.883919002893138
1990	07	14	0.00034305371692	0.0	3.667070414583923
1990	07	15	0.0008012265873400001	0.0	4.21623744755412
1990	07	16	0.0024140105146	0.0	3.962476633371267
1990	07	17	0.000352991818311	0.0	4.368270329586922
1990	07	18	0.000352991818311	0.0	4.355326565406061
1990	07	19	0.0013738053839	0.0	3.522343246230671
1990	07	20	0.0	0.0	3.853700280798241
1990	07	21	0.00011388056120199999	0.0	4.2223076944166555
1990	07	22	0.0	0.0	3.996091092863318
1990	07	23	0.00102558356967	0.0	3.8866822444039615
1990	07	24	0.0	0.0	3.9223915303678227
1990	07	25	0.0	0.0	3.759435116663939
1990	07	26	0.0	0.0	3.4716480458010395
1990	07	27	0.0	0.0	3.5075908852125104
1990	07	28	0.00102739744962	0.0	3.6559469127791147
1990	07	29	0.0	0.0	4.191824724339482
1990	07	30	0.0	0.0	4.274261145000425
1990	07	31	0.00101707774118	0.0	4.08140494794188
1990	08	01	0.0006869030120699999	0.0	4.119392110329235
1990	08	02	0.0	0.0	4.399421780013353
1990	08	03	0.000684087748742	0.0	4.1879411508749325
1990	08	04	0.00035319715128200003	0.0	4.1390118137313525
1990	08	05	0.00106190470499	0.0	4.333531872877365
1990	08	06	0.00069406009497	0.0	4.867201956461389
1990	08	07	0.0006821327438900001	0.0	4.295239517250685
1990	08	08	0.0100568539065	0.0	2.4763213236441617
1990	08	09	0.0017437112466	0.0	3.493474824864662
1990	08	10	0.0	0.0	3.7206919565506746
1990	08	11	0.0	0.0	3.87141367429685
1990	08	12	0.00205824571281	0.0	3.744155918157642
1990	08	13	0.0006869030120699999	0.0	3.5162520445839607
1990	08	14	0.0010303539979100002	0.0	3.720419289252474
1990	08	15	0.00034822161415500003	0.0	3.928741370679254
1990	08	16	0.00068943003935	0.0	3.9702094055389803
1990	08	17	0.0013723335521700001	0.0	3.780928467798753
1990	08	18	0.0013642651676600002	0.0	3.738150980864883
1990	08	19	0.539461062065	0.0	2.2374463996876544
1990	08	20	0.006670580530000001	0.0	2.9440422008997666
1990	08	21	0.0010502413728800002	0.0	2.7829629973638057
1990	08	22	0.5034858564200001	0.0	2.5576867575449094
1990	08	23	0.0006869030120699999	0.0	2.950259158032163
1990	08	24	0.0	0.0	3.3700467356503063
1990	08	25	0.0	0.0	3.650207661409985
1990	08	26	0.0	0.0	3.972365603002187
1990	08	27	0.0	0.0	3.7705796593571943
1990	08	28	0.0017380915400000002	0.0	3.295691011156417
1990	08	29	0.00068278939004	0.0	3.309338811737866
1990	08	30	0.023753250529900002	0.0	2.9222889352853154
1990	08	31	0.0006845178779800001	0.0	3.138935795310343
1990	09	01	0.0	0.0	3.040734127369173
1990	09	02	0.000352991818311	0.0	3.1409987178187904
1990	09	03	0.16394265545	0.0	2.938892129595868
1990	09	04	0.0006869030120699999	0.0	2.974790022891266
1990	09	05	0.0017196419840099998	0.0	3.0852114710419696
1990	09	06	0.0	0.0	3.1291836637595294
1990	09	07	0.000348952352079	0.0	2.9609070676986833
1990	09	08	0.000348221590146	0.0	2.16756312482651
1990	09	09	0.0010351257866600002	0.0	2.410149296424857
1990	09	10	0.077563195295	0.0	2.664024938994084
1990	09	11	0.039093630616	0.0	2.382450752336532
1990	09	12	0.153930238201	0.0	2.332175139922087
1990	09	13	0.000352956357018	0.0	2.610528100228434
1990	09	14	0.0017639842861399998	0.0	2.2774801647820255
1990	09	15	0.22164932734000004	0.0	2.594472814611998
1990	09	16	0.0014031657499099998	0.0	2.583361035818157
1990	09	17	0.00121482362809	0.0	2.559218689286538
1990	09	18	8.080853984300001	0.0	2.407445354355783
1990	09	19	1.60372181024	0.0	1.8348741223192309
1990	09	20	0.0006862307920820001	0.0	2.40930269088012
1990	09	21	0.00103558964054	0.0	2.4552822040720805
1990	09	22	0.0079689112215	0.0	2.238103756134232
1990	09	23	0.152217084009	0.0	1.9384770828192566
1990	09	24	0.00384792106949	0.0	2.158752383450236
1990	09	25	0.00094820192243	0.0	1.9553853756675552
1990	09	26	0.206022301402	0.0	2.1164115734247995
1990	09	27	0.00068149194368	0.0	2.075050714189388
1990	09	28	0.12177032675499999	0.0	2.472456094414212
1990	09	29	1.1163518350100001	0.0	1.9053130992391094
1990	09	30	0.188869175391	0.0	1.7411222325961733
1990	10	01	0.39404119005500005	0.0	1.9348153594906161
1990	10	02	0.0375160680518	0.0	2.1544647374039423
1990	10	03	0.44438466178	0.0	1.895086873975089
1990	10	04	0.0247990297501	0.0	1.7527255919035123
1990	10	05	0.0013725673998300002	0.0	2.094506333522812
1990	10	06	0.0006821327438900001	0.0	1.8226000068970836
1990	10	07	0.0010400857259400002	0.0	1.9093202578515833
1990	10	08	0.0013704404425200001	0.0	1.809864287322472
1990	10	09	0.0013949216195200001	0.0	1.9516352522267033
1990	10	10	0.0013835930529	0.0	2.0796858075718387
1990	10	11	0.002744996988	0.0	1.7399236084080407
1990	10	12	3.0868011164999998	0.0	1.3304332726789307
1990	10	13	3.93140540438	0.0	1.3121508713656231
1990	10	14	6.3565620172	0.0	1.3851055894113555
1990	10	15	1.19378037983	0.0	1.0409968726330998
1990	10	16	9.7908742015	0.0	1.066547627925625
1990	10	17	0.215475869161	0.0	1.3548142456269192
1990	10	18	12.0204203679	0.0	1.163402831831723
1990	10	19	0.0379651411911	0.0	1.2360358312713766
1990	10	20	3.12145314614	0.0	1.2925386393712621
1990	10	21	10.0496824182	0.0	1.0611829666263761
1990	10	22	0.8681201430200001	0.0	1.183879941925251
1990	10	23	0.548310371312	0.0	1.2067688276840642
1990	10	24	0.6387792444220001	0.0	1.1843869603063921
1990	10	25	0.19678384627999998	0.0	1.344468194429235
1990	10	26	5.839057625800001	0.0	1.012243789139998
1990	10	27	0.033355639676	0.0	1.2789613395828798
1990	10	28	0.246688441488	0.0	1.403610492106922
1990	10	29	0.34166159507	0.0	1.0450057763373186
1990	10	30	0.57839593717	0.0	1.0523548175900115
1990	10	31	3.4829880309000005	0.0	1.3034776450394225
1990	11	01	0.00068481719018	0.0	1.2728200878048208
1990	11	02	0.0013642651676600002	0.0	1.204039697593576
1990	11	03	0.0006821327438900001	0.0	1.2165668157679963
1990	11	04	0.0006821328239199999	0.0	1.1610164460801713
1990	11	05	0.671122328532	0.0	1.0793908844073246
1990	11	06	3.541770626110001	0.0	0.8357954204119646
1990	11	07	18.601791456900003	0.15306732561582054	0.5767040393814944
1990	11	08	2.23868527228	0.7235909938202425	0.8657540951940027
1990	11	09	0.0068792363466	0.5148628225259417	0.9826954150139529
1990	11	10	0.00102967414306	0.5148628225259417	1.2437000359974206
1990	11	11	0.0023946200459	0.4731171882670817	1.1047721696764785
1990	11	12	0.0013738053839	0.4452867654278415	1.1463868609682546
1990	11	13	0.0	0.4452867654278415	1.1450557571430255
1990	11	14	0.0006821327438900001	0.4452867654278415	1.1878277501815
1990	11	15	0.0006821327438900001	0.4452867654278415	1.2514958002237628
1990	11	16	0.0010303539979100002	0.4731171882670817	1.3602248583729724
1990	11	17	0.00103008469696	0.5148628225259417	1.133128219570379
1990	11	18	0.00034822157414	0.5148628225259417	1.2495104542227984
1990	11	19	0.00171725676989	0.5148628225259417	1.1865219285463489
1990	11	20	0.0033989397246000004	0.4731171882670817	0.8835125982685827
1990	11	21	2.1902493556200002	0.4452867654278415	0.8024552345232152
1990	11	22	0.014518410363	0.4452867654278415	0.7404986658042949
1990	11	23	0.103357152403	0.4452867654278415	0.9140830613922987
1990	11	24	2.31840811714	0.4452867654278415	0.6421217654849347
1990	11	25	0.29557792017000006	0.4452867654278415	0.6598575062147151
1990	11	26	0.022524312250800003	0.4731171882670817	0.7073574444938384
1990	11	27	0.00337946810548	0.5148628225259417	0.819308348592553
1990	11	28	0.101950809222	0.4731171882670817	0.7343788597279616
1990	11	29	0.0	0.4452867654278415	0.7708845263990622
1990	11	30	0.0006821327438900001	0.4452867654278415	0.7784490247640016
1990	12	01	0.0017196419840099998	0.4452867654278415	0.8048121725114857
1990	12	02	2.08882013392	0.4452867654278415	0.7159811222455003
1990	12	03	1.14764268468	0.4452867654278415	0.7168102357745323
1990	12	04	8.0078146048	2.045536078684147	0.43550955207203007
1990	12	05	0.7702623400999999	1.3080298734442846	0.4746769960608324
1990	12	06	2.7330733183	0.6957605709810024	0.4789699458165949
1990	12	07	0.010849193322399999	0.6540149367221423	0.6871671297728102
1990	12	08	5.19515761381	0.6540149367221423	0.8012869114109697
1990	12	09	0.130055248436	0.6540149367221423	0.596404114852435
1990	12	10	0.214747812242	0.6261845138829022	0.7381167113907122
1990	12	11	0.000349375462686	0.5844388796240421	0.6461870524664777
1990	12	12	0.0	0.5844388796240421	0.7762954423871584
1990	12	13	0.0	0.5844388796240421	0.8257452141010513
1990	12	14	0.0	0.5844388796240421	0.8039784258961171
1990	12	15	0.030218939054200002	0.5426932453651818	0.6927996431683047
1990	12	16	5.165429109800001	0.5148628225259417	0.5961799388112552
1990	12	17	5.176923818700001	0.5148628225259417	0.5641647386609857
1990	12	18	8.847398130600002	1.781147061711366	0.5321219724342265
1990	12	19	4.30032137601	5.94179527617776	0.38797215364232923
1990	12	20	0.0088944037511	3.0196008780575503	0.7008960488792033
1990	12	21	0.0010303539979100002	1.141047336408844	0.7485043699622392
1990	12	22	0.0	0.5844388796240421	0.7777996834917389
1990	12	23	0.0	0.3478802854905012	0.7768338211826611
1990	12	24	0.0478402813805	0.25047380555316084	0.8195298871531548
1990	12	25	1.6418070468500001	0.2087281712943007	0.7758422782456778
1990	12	26	0.036228428568	0.1948129598746807	0.6228648031327556
1990	12	27	0.043751547880200005	0.1948129598746807	0.7816792519538781
1990	12	28	0.205232717419	0.16698253703544058	0.6458148653836755
1990	12	29	0.0068053038323	0.15306732561582054	0.7412080071299166
1990	12	30	0.0032199942452	0.1391521141962005	0.6412068888914272
1990	12	31	0.329512752962	0.11132169135696038	0.8320254929058248
1991	01	01	0.026560628501999996	0.08349126851772029	0.801641403547072
1991	01	02	0.00034822157414	0.06957605709810025	0.8513027229937253
1991	01	03	0.0006972628955699999	0.06957605709810025	0.8702845638453425
1991	01	04	0.0086109695031	0.06957605709810025	0.6799072234637678
1991	01	05	0.0017119302131799999	0.05566084567848019	0.7782572168465065
1991	01	06	0.0009929553386699998	0.041745634258860145	0.8337818079385634
1991	01	07	0.758569020749	0.041745634258860145	0.7256882895626846
1991	01	08	0.398039344801	0.041745634258860145	0.7063549822627234
1991	01	09	0.0363739927341	0.027830422839240095	0.6917952525666209
1991	01	10	0.713604021195	0.027830422839240095	0.6040178915898661
1991	01	11	1.80543014251	0.027830422839240095	0.5795508341316565
1991	01	12	0.0107610938975	0.027830422839240095	0.7200601065678945
1991	01	13	0.0013901366258200001	0.027830422839240095	0.7590751003720196
1991	01	14	0.0010208138617	0.013915211419620047	0.729583726381802
1991	01	15	0.00573566870949	0.013915211419620047	0.7718476924534424
1991	01	16	0.41790809678999996	0.013915211419620047	0.7291662902061512
1991	01	17	0.11218837487	0.013915211419620047	0.7624918835642094
1991	01	18	0.040348829139	0.013915211419620047	0.7518567684679822
1991	01	19	0.0	0.013915211419620047	0.814995612883043
1991	01	20	0.00103440607687	0.013915211419620047	0.9334024218687096
1991	01	21	0.00034822157414	0.013915211419620047	0.8582017750581561
1991	01	22	0.00034822157414	0.013915211419620047	0.8966592654781504
1991	01	23	1.8203138017899998	0.013915211419620047	0.7098399324827954
1991	01	24	0.0024198176514600004	0.013915211419620047	0.8781038518051328
1991	01	25	0.000348544863328	0.013915211419620047	0.917073737384571
1991	01	26	0.0006821327438900001	0.013915211419620047	1.0036058711005482
1991	01	27	0.00137380466363	0.013915211419620047	0.9891349658858103
1991	01	28	0.00102591825513	0.013915211419620047	1.054829579073535
1991	01	29	0.33849610445600004	0.013915211419620047	0.9072463448472625
1991	01	30	0.00070193520703	0.013915211419620047	0.9111967337124157
1991	01	31	0.00347385052562	0.013915211419620047	1.0361444701385194
1991	02	01	2.7965539146000005	0.013915211419620047	0.8215621904190288
1991	02	02	1.1187487335100001	0.013915211419620047	0.7927514970954953
1991	02	03	0.0017131784410900001	0.013915211419620047	1.0551556140346976
1991	02	04	0.0013785758921700001	0.013915211419620047	1.0922511361115497
1991	02	05	0.0024035954104	0.013915211419620047	1.1411893964960014
1991	02	06	4.17859062409	0.013915211419620047	0.9137406938131186
1991	02	07	0.11250722239300001	0.013915211419620047	0.8328385602843305
1991	02	08	0.28570778025500004	0.013915211419620047	0.9741816756585718
1991	02	09	0.353172430015	0.013915211419620047	0.9947559816076584
1991	02	10	0.51898910796	0.013915211419620047	0.9015926751767138
1991	02	11	0.0	0.013915211419620047	1.01746686538937
1991	02	12	17.4583836397	8.58568544590557	0.5929668711309636
1991	02	13	0.516773213311	8.961396154235311	1.0234742280492226
1991	02	14	0.00034822157414	4.452867654278416	1.122781682929846
1991	02	15	0.0017144522786000003	3.0196008780575503	1.1181969721133926
1991	02	16	4.317133918350001	2.4908228441119884	0.8876716847274482
1991	02	17	17.527750442499997	4.884239208286637	0.6428681041091914
1991	02	18	2.6662117746200003	6.331421195927122	0.9498755702649108
1991	02	19	0.9691827472900001	3.6736158147796925	1.0906279775765593
1991	02	20	0.00526903410711	2.7552118610847693	1.3729052101909975
1991	02	21	0.24023578264800002	2.1986034042999676	1.0923650123579516
1991	02	22	0.12455030485600002	1.9898752330056668	1.156600810760486
1991	02	23	0.00114843434144	1.739401427452506	1.4049025359142
1991	02	24	0.005162423183000001	1.6002493132563054	1.272944282333752
1991	02	25	1.6301269084400003	1.5306732561582055	1.0370882722849004
1991	02	26	0.216819212726	1.475012410479725	1.3293998966765228
1991	02	27	0.6321048224520001	1.4054363533816248	1.2516407007330537
1991	02	28	4.59783602218	1.4054363533816248	1.0132387160621554
1991	03	01	0.296799073931	1.7254862160328859	1.3108362997825658
1991	03	02	0.0	1.7254862160328859	1.377989580649409
1991	03	03	0.00300137861507	1.5306732561582055	1.353780806698905
1991	03	04	0.50398676419	1.475012410479725	1.1606822181364096
1991	03	05	22.656730689099998	4.466782865698035	1.0059155140120712
1991	03	06	12.627583168600001	10.742543215946677	1.0230730409709903
1991	03	07	5.9830884171	6.317505984507502	0.9572396136121009
1991	03	08	1.65330511701	2.616059746888569	1.2862729194279017
1991	03	09	0.42465698667500007	1.3915211419620048	1.3269399704279756
1991	03	10	0.9148760699200001	1.0714712793107437	1.3855515334329072
1991	03	11	0.0115006543287	0.9184039536949231	1.5850670257278123
1991	03	12	4.57694267011	0.9601495879537832	1.417996358221354
1991	03	13	0.543246705149	0.876658319436063	1.5185412411512118
1991	03	14	0.008189736399900002	0.7375062052398625	1.8415613554306094
1991	03	15	0.0159499701967	0.6261845138829022	1.7482663751638379
1991	03	16	0.23002633954200002	0.5426932453651818	1.4555770120344689
1991	03	17	0.0065234885912	0.4731171882670817	1.4324065324389126
1991	03	18	0.0006821327438900001	0.4452867654278415	1.911432361668995
1991	03	19	0.00034822157414	0.4174563425886014	2.1774230578230087
1991	03	20	0.00206003110208	0.36179549691012125	2.0574442700617213
1991	03	21	0.0065221696968	0.33396507407088116	1.6309572536877175
1991	03	22	8.5788806743	0.3478802854905012	1.2549933571643388
1991	03	23	0.343031980772	0.4452867654278415	1.7344414811646185
1991	03	24	0.0012785371116899999	0.36179549691012125	1.6132151289301189
1991	03	25	0.0	0.3061346512316411	1.8027777755126764
1991	03	26	0.013402987436200001	0.2643890169727809	1.6024536852012752
1991	03	27	0.56869141934	0.23655859413354086	1.6173558484202997
1991	03	28	0.322179387981	0.23655859413354086	2.018723283347146
1991	03	29	1.5912594586100002	0.23655859413354086	2.0641412813088422
1991	03	30	4.1387258404	0.23655859413354086	1.5221190363469321
1991	03	31	2.1546203997699998	0.2087281712943007	1.4304124185852551
1991	04	01	0.68986700315	0.16698253703544058	1.5462629494517757
1991	04	02	0.162442036929	0.15306732561582054	2.216481167790903
1991	04	03	1.3611435174800002	0.15306732561582054	1.6772501267763482
1991	04	04	0.10403362998700001	0.15306732561582054	1.7745632727715783
1991	04	05	0.0017113476748100002	0.15306732561582054	1.7932324083925761
1991	04	06	0.0034466231992	0.15306732561582054	2.26257355043409
1991	04	07	9.818269270800001e-05	0.15306732561582054	2.5301625536426813
1991	04	08	0.0007552847256000001	0.15306732561582054	2.1704636730681073
1991	04	09	0.0	0.15306732561582054	2.3676205671052175
1991	04	10	6.5989384743000005e-06	0.15306732561582054	2.452623849445304
1991	04	11	0.00132522933471	0.15306732561582054	2.498689515674824
1991	04	12	0.18695936348	0.15306732561582054	2.503740598797097
1991	04	13	0.00206309337	0.15306732561582054	2.146549970642348
1991	04	14	0.11359761513700001	0.15306732561582054	1.687946455714933
1991	04	15	9.381676810000002	0.1391521141962005	1.425269284344968
1991	04	16	6.885952464200001	0.25047380555316084	1.4031591930603398
1991	04	17	5.3303797431	0.8627431080164429	1.671555290496958
1991	04	18	2.13302454436	0.9740647993734033	1.9758031798561395
1991	04	19	0.0144317114631	0.5983540910436621	2.3556576912000575
1991	04	20	0.78022271384	0.4452867654278415	2.2185218556960415
1991	04	21	4.064805730750001	0.36179549691012125	2.006351866416004
1991	04	22	3.2227352727	0.3061346512316411	1.9457857488889607
1991	04	23	3.24076915287	0.25047380555316084	2.0266972874872375
1991	04	24	0.016947837056500003	0.2087281712943007	2.168505298928818
1991	04	25	0.00034822161415500003	0.16698253703544058	2.1949711954328026
1991	04	26	0.0053481175923	0.15306732561582054	2.1382597558331304
1991	04	27	0.0013714188893	0.1391521141962005	2.4491494857877063
1991	04	28	0.064417443486	0.11132169135696038	2.3664042261114275
1991	04	29	0.0007682435033200001	0.09740647993734035	2.9675146680199562
1991	04	30	0.00103273921203	0.09740647993734035	3.0691373107695883
1991	05	01	0.0017198108473100002	0.09740647993734035	2.6677192852101945
1991	05	02	0.0	0.08349126851772029	2.5074069451855987
1991	05	03	0.00033868127787000003	0.05566084567848019	2.455116253615058
1991	05	04	0.0	0.041745634258860145	2.7128289278535567
1991	05	05	0.0	0.027830422839240095	2.854641676218104
1991	05	06	0.0006821327438900001	0.027830422839240095	2.618004850419508
1991	05	07	0.00241370039835	0.027830422839240095	2.921024487905538
1991	05	08	0.0006821327438900001	0.027830422839240095	2.513144987158581
1991	05	09	0.00034822157414	0.027830422839240095	2.709946057069124
1991	05	10	0.13187180939100002	0.027830422839240095	2.7243440992834715
1991	05	11	0.0013817261130600002	0.013915211419620047	3.136637766977148
1991	05	12	0.0	0.013915211419620047	2.913676440212208
1991	05	13	0.0020583237420599997	0.013915211419620047	3.5713416836807252
1991	05	14	0.0013738053839	0.013915211419620047	3.2654935475215803
1991	05	15	0.0006869030120699999	0.013915211419620047	3.3008637828669554
1991	05	16	0.00138831602335	0.013915211419620047	2.846329903987099
1991	05	17	0.00102922069308	0.0	3.2457496106348858
1991	05	18	0.0394166340969	0.0	3.2520474734681377
1991	05	19	0.00072409335322	0.0	3.2915876156670145
1991	05	20	0.00103564926289	0.0	3.219094919721997
1991	05	21	0.00034106641195999997	0.0	3.1117348509782756
1991	05	22	0.00034822157414	0.0	3.154520804699585
1991	05	23	0.0	0.0	3.6850932091386044
1991	05	24	0.00136843673141	0.0	4.061403924918379
1991	05	25	0.0017220272781600001	0.0	3.464616707233154
1991	05	26	0.00240416010208	0.0	3.63487118186681
1991	05	27	0.289139610709	0.0	2.8030693935088813
1991	05	28	0.0006665406590500001	0.0	2.5273031178600127
1991	05	29	0.061780819122500004	0.0	2.071111912755896
1991	05	30	0.5190340047900001	0.0	2.463776817289085
1991	05	31	0.50340526621	0.0	2.7615269977245926
1991	06	01	1.67097950242	0.0	2.629800331419723
1991	06	02	8.7934347019	0.0	2.4728134683788703
1991	06	03	1.8926894925	0.0	2.821314188557825
1991	06	04	0.00205120075194	0.0	3.1937597342510275
1991	06	05	0.0006821327438900001	0.0	3.518812124440212
1991	06	06	0.29774785359	0.0	3.0204616191765283
1991	06	07	0.0150600157889	0.0	2.82531590048072
1991	06	08	0.00013986755067	0.0	3.4699255151518207
1991	06	09	0.0006875773128380001	0.0	4.074159331515081
1991	06	10	0.0	0.0	3.9502317237444045
1991	06	11	0.0	0.0	3.5819745250173622
1991	06	12	0.0013712003273700002	0.0	4.475523275875049
1991	06	13	0.00138680009509	0.0	4.549502574280201
1991	06	14	0.0	0.0	4.224968183810488
1991	06	15	0.0013679700764799999	0.0	3.515667218535972
1991	06	16	0.00136972081276	0.0	4.184282610989648
1991	06	17	0.00102558356967	0.0	4.176512852844489
1991	06	18	0.00034822157414	0.0	3.4368586184766055
1991	06	19	0.0006869030120699999	0.0	3.6147735010279023
1991	06	20	0.0	0.0	4.146639184636057
1991	06	21	0.00206547858412	0.0	4.169999655575596
1991	06	22	0.00274761140804	0.0	4.127997911872819
1991	06	23	0.000682132791908	0.0	4.205729737508382
1991	06	24	0.0	0.0	4.625281321782084
1991	06	25	0.0	0.0	4.87046573311117
1991	06	26	0.0	0.0	4.80412136388147
1991	06	27	0.00034286084462	0.0	4.7457426022854365
1991	06	28	0.0006926696937650001	0.0	2.959008944473679
1991	06	29	0.0006821327438900001	0.0	3.707203694406035
1991	06	30	0.00034822157414	0.0	3.643022287904574
1991	07	01	0.0010208138617	0.0	3.5925549708540037
1991	07	02	0.0013738053839	0.0	4.018853635415954
1991	07	03	0.0010347394818499998	0.0	3.4080438448974335
1991	07	04	0.006470187810899999	0.0	3.0869044039989166
1991	07	05	0.0	0.0	3.448703136215393
1991	07	06	0.0027486217867900005	0.0	3.5591697667908404
1991	07	07	0.00334697496512	0.0	4.0607895315656455
1991	07	08	0.0020675502407000003	0.0	4.466490842915457
1991	07	09	0.0006869029320400001	0.0	4.7003752324852295
1991	07	10	0.0006869030120699999	0.0	4.38266581847913
1991	07	11	0.00036677036733	0.0	4.695069572024525
1991	07	12	0.0048378335075	0.0	4.722176367768931
1991	07	13	0.000682132791908	0.0	5.062748006346727
1991	07	14	0.000352991818311	0.0	5.585724313936089
1991	07	15	2.6487088935000003e-06	0.0	4.192425600138963
1991	07	16	0.000513981750905	0.0	4.4845705008527
1991	07	17	0.0046120296628	0.0	5.1216883934671475
1991	07	18	0.226514327031	0.0	5.0077522176525795
1991	07	19	0.0	0.0	3.4633265723541085
1991	07	20	0.0020559377276399998	0.0	2.8349884201282736
1991	07	21	0.0	0.0	3.36304358695548
1991	07	22	0.000696443268325	0.0	3.9748340872066374
1991	07	23	0.00102949847721	0.0	4.470327920126636
1991	07	24	0.00137566576128	0.0	4.371391308284502
1991	07	25	0.00205405326123	0.0	4.462850377049636
1991	07	26	0.0	0.0	3.7773189511640015
1991	07	27	1.1443476895200001e-07	0.0	3.762017822870445
1991	07	28	0.00069249822949	0.0	3.770747150045074
1991	07	29	0.1015275913748	0.0	2.9347948761923712
1991	07	30	0.00243636993624	0.0	3.2061348150747673
1991	07	31	0.00138432460713	0.0	3.6897534223765125
1991	08	01	0.0	0.0	4.4980197268272635
1991	08	02	0.00068725866539	0.0	4.153403177554331
1991	08	03	0.00069063689175	0.0	4.476164119629806
1991	08	04	0.0	0.0	4.294198987154144
1991	08	05	0.0013709272650100001	0.0	4.327092339276917
1991	08	06	0.0013541631408200002	0.0	3.8192003886487647
1991	08	07	0.0013738053839	0.0	4.104124683263713
1991	08	08	0.0010258973672999999	0.0	4.223158241797059
1991	08	09	0.000337140844424	0.0	3.7032143240827207
1991	08	10	0.0020672181162000006	0.0	3.8228977681234118
1991	08	11	0.0006876735729220001	0.0	3.877027538228645
1991	08	12	0.0	0.0	4.168738365782657
1991	08	13	0.0	0.0	3.857165832222597
1991	08	14	0.0363718615352	0.0	2.6260974951050144
1991	08	15	0.00034822157414	0.0	3.435214682226846
1991	08	16	0.0	0.0	3.9699636229427555
1991	08	17	0.00102459375863	0.0	3.8047563394807793
1991	08	18	0.00543945855232	0.0	2.5553188345854223
1991	08	19	0.0	0.0	3.9589964733343606
1991	08	20	0.0111907525591	0.0	3.7641992215305202
1991	08	21	0.00035269052937	0.0	3.2848816810835904
1991	08	22	0.00044240672033	0.0	3.002165201816637
1991	08	23	0.0006821327438900001	0.0	3.1711819005846724
1991	08	24	0.00034822161415500003	0.0	3.2655986826457704
1991	08	25	0.00034106641195999997	0.0	3.1899325173463113
1991	08	26	0.0517855194902	0.0	2.677886127721462
1991	08	27	0.0150228818689	0.0	2.3790817652898686
1991	08	28	1.6921431158e-06	0.0	2.6981581500120706
1991	08	29	0.0010326643039500001	0.0	2.8249666626326557
1991	08	30	0.00187381489718	0.0	2.9774347374759738
1991	08	31	0.000119025121689	0.0	3.258129221693201
1991	09	01	0.00102558356967	0.0	3.668615353595518
1991	09	02	0.0010274572320299999	0.0	3.383211375730522
1991	09	03	0.0444337644155	0.0	2.7466275615563633
1991	09	04	0.312397649204	0.0	2.642687998076279
1991	09	05	0.12213194230999999	0.0	2.7463635560418993
1991	09	06	0.22520856555399998	0.0	2.5310381455459288
1991	09	07	0.00034106641195999997	0.0	3.316261666677687
1991	09	08	0.0075069004324	0.0	3.058964601183835
1991	09	09	8.8684100071e-05	0.0	2.8139172175034166
1991	09	10	3.5966818501000004e-05	0.0	2.847594348654105
1991	09	11	0.03678091567300001	0.0	2.252130933036703
1991	09	12	0.22391125524500002	0.0	2.5879710511865004
1991	09	13	0.0010287417935600002	0.0	2.8147614825914564
1991	09	14	0.0	0.0	2.6244432435241483
1991	09	15	0.0	0.0	3.05497515187158
1991	09	16	0.0017133868392100002	0.0	3.33818976918786
1991	09	17	0.00034822157414	0.0	3.0451732851370856
1991	09	18	0.0	0.0	3.3573875846163683
1991	09	19	0.0021341952232	0.0	2.8931152367900403
1991	09	20	0.198392521307	0.0	1.8310830793459616
1991	09	21	2.07125634997	0.0	1.6919667742001792
1991	09	22	0.0021894937923900002	0.0	2.5145667579011084
1991	09	23	0.0013785758921700001	0.0	2.499495691111084
1991	09	24	0.59680635849	0.0	2.1934497706252114
1991	09	25	0.03973419073600001	0.0	2.2367601705197875
1991	09	26	0.00034822157414	0.0	2.011992172908662
1991	09	27	0.00034106641195999997	0.0	2.1734643414550905
1991	09	28	7.7128472335	0.0	1.6564156909845824
1991	09	29	0.377259123139	0.0	1.683083961247966
1991	09	30	0.0	0.0	2.012974542459039
1991	10	01	0.0	0.0	2.2473250815536834
1991	10	02	0.0	0.0	2.0988394882018246
1991	10	03	0.0013839583898500002	0.0	2.1230563493610597
1991	10	04	0.000611381446099	0.0	2.176560153552536
1991	10	05	0.0	0.0	2.3386136506203243
1991	10	06	0.00069167312019	0.0	2.208329152240991
1991	10	07	0.0010384170204099999	0.0	1.7632912715743347
1991	10	08	0.080971488926	0.0	1.6713355636190046
1991	10	09	8.447270539	0.0	1.1003184117663973
1991	10	10	12.6093003151	0.0	1.0286980987660372
1991	10	11	0.8984901675100001	0.0	1.1825066958720738
1991	10	12	6.069913284220001	0.0	1.176304139754917
1991	10	13	0.127912717288	0.0	1.381376839771875
1991	10	14	0.17441210802300003	0.0	1.3788854034836004
1991	10	15	0.00156067687444	0.0	1.465623257307103
1991	10	16	0.0	0.0	1.5995200486654064
1991	10	17	0.00103267958968	0.0	1.735727024933406
1991	10	18	0.0010323498660800001	0.0	1.7837777640967223
1991	10	19	0.00137075432018	0.0	1.5152558456237686
1991	10	20	0.000352991818311	0.0	1.3256070014880261
1991	10	21	0.00034830165215800005	0.0	1.4107899835099436
1991	10	22	0.312295018732	0.0	1.3854120266394434
1991	10	23	1.28106533942	0.0	1.2086919193879686
1991	10	24	3.2681371720300003	0.0	1.2091914769637193
1991	10	25	23.473544879600002	0.0	0.8606078216774384
1991	10	26	0.0253553574948	0.0	1.1774322111105637
1991	10	27	0.0295891525728	0.0	1.3333644586188182
1991	10	28	0.0	0.0	1.4431895247991577
1991	10	29	0.00034617904848	0.0	1.424022779135275
1991	10	30	0.0	0.0	1.4170830356202173
1991	10	31	0.0006869030120699999	0.0	1.324385945829943
1991	11	01	0.0201683771063	0.0	1.1790506419933384
1991	11	02	0.0006916720798	0.0	1.255068877972687
1991	11	03	0.00102967278255	0.0	1.0557670351205946
1991	11	04	0.06485856084300001	0.0	1.1524621811297664
1991	11	05	0.0010305592748600001	0.0	1.0436425913637393
1991	11	06	0.0010287971743200002	0.0	1.213859976224121
1991	11	07	0.00137142016978	0.0	1.2109778263444528
1991	11	08	0.00034822157414	0.0	1.2178632461086922
1991	11	09	0.0006845178779800001	0.0	1.304836296077248
1991	11	10	0.00136843737165	0.0	1.0996961139269945
1991	11	11	0.00137557924885	0.0	1.2125334699277925
1991	11	12	0.0	0.0	1.2023140755529103
1991	11	13	1.6769260515400002	0.0	1.0778523237780677
1991	11	14	0.007158471420500001	0.0	0.9530434871629422
1991	11	15	0.33784851770200003	0.0	1.052419729724465
1991	11	16	0.00194221653818	0.0	0.9253248250704637
1991	11	17	0.000682132791908	0.0	1.1032648768304747
1991	11	18	0.00023836991521	0.0	1.1091566715688617
1991	11	19	0.046533697195100004	0.0	0.8926914116276249
1991	11	20	0.0013738053839	0.0	0.813835986382781
1991	11	21	0.00103512450618	0.0	0.7982069646832242
1991	11	22	0.00068750451755	0.0	0.8454824530930469
1991	11	23	0.00034822161415500003	0.0	0.9222111764165294
1991	11	24	0.0664797485605	0.0	0.9257578462944107
1991	11	25	0.72461050708	0.0	0.6509271764347563
1991	11	26	0.48127869985800004	0.0	0.8136137262688011
1991	11	27	0.87952849955	0.0	0.7653379491568177
1991	11	28	0.611213151012	0.0	0.7106706018867694
1991	11	29	3.0826143470500003	0.0	0.7145312872466514
1991	11	30	4.51550203851	0.0	0.6591659127312237
1991	12	01	0.146008516669	0.0	0.6701863873449502
1991	12	02	0.72906217583	0.0	0.7538008316685326
1991	12	03	0.117881076833	0.0	0.789121907956398
1991	12	04	1.8301096338500003	0.0	0.6996850442098316
1991	12	05	4.63188550595	0.0	0.5485018437633257
1991	12	06	0.07851848139300001	0.0	0.6059096934446849
1991	12	07	1.78417705559	0.0	0.571419410432496
1991	12	08	6.1334359763	0.0	0.5644886475882209
1991	12	09	0.006747965538499999	0.0	0.7921313441939302
1991	12	10	0.011415348751100002	0.0	0.7307377350107214
1991	12	11	0.0023946200459	0.0	0.7103610067817819
1991	12	12	0.0017150870765600002	0.0	0.748974076494479
1991	12	13	3.12725900252	0.0	0.6110107194821298
1991	12	14	13.061777130300001	40.7437390366475	0.5842299162924737
1991	12	15	2.0171745569	7.695111915049886	0.6913487695201863
1991	12	16	4.3256927267	1.3358602962835247	0.6473752486632387
1991	12	17	4.27785983609	0.9601495879537832	0.6873384368364
1991	12	18	0.0	0.6957605709810024	0.7931691714152475
1991	12	19	0.00069199276001	0.4174563425886014	0.9346825881131171
1991	12	20	0.00137142016978	0.29221943981202103	0.8350140780066881
1991	12	21	0.00137458055448	0.2087281712943007	0.9504089967612093
1991	12	22	0.0006869029320400001	0.15306732561582054	1.0128689072805206
1991	12	23	0.0013690356759300001	0.1391521141962005	1.0455844590811703
1991	12	24	0.0006964432283100001	0.11132169135696038	0.8825682894396186
1991	12	25	0.000338681317885	0.09740647993734035	0.7686683465745816
1991	12	26	0.0006821327438900001	0.08349126851772029	0.6942872038706562
1991	12	27	0.000684517821959	0.06957605709810025	0.7500590089796884
1991	12	28	0.0006821327438900001	0.06957605709810025	0.8982382062744855
1991	12	29	0.005625986554100001	0.05566084567848019	0.7941458568606148
1991	12	30	0.00068623284085	0.05566084567848019	0.7284903671865188
1991	12	31	0.0006964432283100001	0.05566084567848019	0.8304686792056102
1992	01	01	0.00102843247761	0.05566084567848019	0.7813870961392916
1992	01	02	0.0013141706292500001	0.05566084567848019	0.6836253527599984
1992	01	03	0.0015478128522400001	0.041745634258860145	0.6935472118812295
1992	01	04	0.0	0.041745634258860145	0.7729503621881378
1992	01	05	0.0447720904402	0.041745634258860145	0.7535832015301913
1992	01	06	0.00172822640196	0.041745634258860145	0.7133587717444736
1992	01	07	0.305023837061	0.041745634258860145	0.6992898640316825
1992	01	08	0.149942951529	0.041745634258860145	0.6632318876678023
1992	01	09	0.9260255293999999	0.041745634258860145	0.7016536633575712
1992	01	10	0.014881703346799998	0.027830422839240095	0.7635334682684003
1992	01	11	0.0174055270259	0.027830422839240095	0.7865665217652086
1992	01	12	0.53146442445	0.027830422839240095	0.7340729376232933
1992	01	13	0.174825406952	0.027830422839240095	0.7392453738674488
1992	01	14	12.4455149186	0.48703239968670164	0.5492933472344415
1992	01	15	0.647547179165	12.008827455132103	0.8064040587198883
1992	01	16	0.00068928806613	1.0158104336322635	0.7860238280753086
1992	01	17	0.0	0.4452867654278415	0.8825035053961532
1992	01	18	0.00109551738502	0.33396507407088116	0.9003493969457574
1992	01	19	0.00171281606525	0.2643890169727809	0.9108594091543573
1992	01	20	0.00137865592217	0.2087281712943007	0.870687884612163
1992	01	21	0.00069167312019	0.18089774845506063	0.8816107764585469
1992	01	22	0.0006821327438900001	0.1391521141962005	0.8204093005871355
1992	01	23	0.0006964432283100001	0.12523690277658042	0.7893801184628408
1992	01	24	0.000682132791908	0.11132169135696038	0.8166258130140235
1992	01	25	0.0020666394992999997	0.09740647993734035	0.9866238723811476
1992	01	26	0.0	0.08349126851772029	1.0777481835040408
1992	01	27	0.0	0.06957605709810025	0.9093791882760356
1992	01	28	0.308294911254	0.06957605709810025	0.877373840674591
1992	01	29	9.1985889778	0.06957605709810025	0.7856047521356538
1992	01	30	0.17070519045000002	0.06957605709810025	0.9434824709790288
1992	01	31	0.047162783414	0.05566084567848019	0.9109500405049464
1992	02	01	0.0115145731463	0.05566084567848019	0.9736594097858272
1992	02	02	0.040023467174	0.05566084567848019	0.905389207383211
1992	02	03	0.0006821327438900001	0.05566084567848019	1.026198891413946
1992	02	04	0.0	0.041745634258860145	1.1853522800349168
1992	02	05	0.0	0.041745634258860145	1.2465086021679246
1992	02	06	0.00068809545907	0.041745634258860145	1.2204896427893261
1992	02	07	0.0006901114547850001	0.041745634258860145	1.3188167112707478
1992	02	08	0.0006930567588600001	0.041745634258860145	1.2391561663157284
1992	02	09	0.0158757159618	0.041745634258860145	1.2178811827097262
1992	02	10	0.0010293564239599999	0.027830422839240095	1.298844615328344
1992	02	11	0.00034822157414	0.027830422839240095	1.205389745843886
1992	02	12	1.4753150357500002	0.027830422839240095	1.1405602480740904
1992	02	13	0.00034822157414	0.027830422839240095	1.1830550092925483
1992	02	14	0.0	0.027830422839240095	1.268193172985585
1992	02	15	0.00339458801332	0.027830422839240095	1.2748963458942462
1992	02	16	0.0250184239921	0.027830422839240095	1.4216457907654305
1992	02	17	0.551298067278	0.027830422839240095	1.2233218956254779
1992	02	18	3.6451280106000006	0.027830422839240095	0.928034765858425
1992	02	19	0.91464238232	0.027830422839240095	1.145702721922337
1992	02	20	0.0312544104104	0.013915211419620047	1.0597461607208418
1992	02	21	0.0203320384563	0.013915211419620047	1.1779341301605573
1992	02	22	0.004589928978149999	0.013915211419620047	1.1485041220632548
1992	02	23	2.24274855544	0.013915211419620047	1.2242862914941817
1992	02	24	9.2006793614	0.013915211419620047	1.0004180556166784
1992	02	25	0.137870049888	0.013915211419620047	1.3247695539573165
1992	02	26	0.0014694635622700002	0.027830422839240095	1.3285608155012378
1992	02	27	0.000682132791908	0.027830422839240095	1.4141021864001802
1992	02	28	0.0027504438298	0.027830422839240095	1.400149266779226
1992	02	29	0.00276063148874	0.027830422839240095	1.4252905154164301
1992	03	01	0.006296188985799999	0.027830422839240095	1.5589046426476663
1992	03	02	0.178234965057	0.041745634258860145	1.3472273373497883
1992	03	03	0.006905941557300001	0.027830422839240095	1.5076589106901737
1992	03	04	0.738749775318	0.013915211419620047	1.3106105761812992
1992	03	05	0.00136913763415	0.013915211419620047	1.7699857040068454
1992	03	06	0.0	0.013915211419620047	1.8686178403702167
1992	03	07	0.00034106641195999997	0.013915211419620047	2.0824269251507967
1992	03	08	0.000178372896762	0.013915211419620047	1.952795220112406
1992	03	09	0.0010096104620000003	0.013915211419620047	1.8736836986314234
1992	03	10	0.0013649385400800003	0.013915211419620047	1.7040887491835757
1992	03	11	0.0006821327438900001	0.013915211419620047	1.8605682424497454
1992	03	12	0.146260451109	0.013915211419620047	1.9289654510951602
1992	03	13	0.0006964432283100001	0.013915211419620047	2.096822438251694
1992	03	14	6.866085817e-08	0.013915211419620047	2.194371425294662
1992	03	15	0.0006821327438900001	0.013915211419620047	2.2357920209327937
1992	03	16	0.00102558356967	0.0	2.3270780512281024
1992	03	17	0.00034106641195999997	0.0	2.385379256085814
1992	03	18	0.0006869030120699999	0.0	2.156419420794758
1992	03	19	0.00101086469216	0.0	2.329046450732757
1992	03	20	0.0027571508239800004	0.0	2.155904751782426
1992	03	21	0.0013772714832	0.0	2.4158580106157435
1992	03	22	0.0	0.0	2.7947158409404564
1992	03	23	0.00205713561668	0.0	2.619720608133825
1992	03	24	0.0177707151201	0.0	1.6590371734315532
1992	03	25	0.029276086417	0.0	1.7658725496696193
1992	03	26	0.0054730452226	0.0	2.089820566600369
1992	03	27	0.0126557561295	0.0	1.6489412031557291
1992	03	28	0.0006869030120699999	0.0	1.9634480458459986
1992	03	29	0.400931789061	0.0	1.8528491850915514
1992	03	30	6.832372379199999	0.0	1.620732249494055
1992	03	31	1.6198674625899998	0.0	1.529448921711586
1992	04	01	0.70618616054	0.0	1.669333012153393
1992	04	02	6.688202335700001	0.0	1.0977729536957461
1992	04	03	5.98564257455	0.0	1.3443359890575406
1992	04	04	3.8514867261100005	0.0	1.5069318555346467
1992	04	05	0.13080370500200003	0.0	2.1608093965561967
1992	04	06	2.37627668972	0.0	1.9651275234510563
1992	04	07	0.253055916396	0.0	1.7318496969813664
1992	04	08	0.081392638798	0.0	1.7900764587940596
1992	04	09	0.0013778604239700002	0.0	2.3214797382999097
1992	04	10	0.00034822157414	0.0	2.6028836715676347
1992	04	11	0.0013868108991400001	0.0	2.6258446934232524
1992	04	12	0.0013690756909299998	0.0	2.7491188150432984
1992	04	13	0.00116279140332	0.0	2.649273356360618
1992	04	14	0.041590558613000005	0.0	2.5276969522073216
1992	04	15	0.00154644954119	0.0	2.6882164638461425
1992	04	16	0.0	0.0	2.7441546199852516
1992	04	17	0.0	0.0	2.6231848635229147
1992	04	18	0.0	0.0	2.805778737879044
1992	04	19	0.0010464930878	0.0	3.1865449748515693
1992	04	20	0.0	0.0	3.091413319508581
1992	04	21	0.0006869030120699999	0.0	3.378139377100891
1992	04	22	0.00137737056034	0.0	3.381419222559317
1992	04	23	0.00034822157414	0.0	3.2155398827667954
1992	04	24	0.0013630664783200002	0.0	3.2385833518865357
1992	04	25	0.0006925477680600001	0.0	3.208147333299467
1992	04	26	0.0	0.0	3.3366747273294175
1992	04	27	0.0	0.0	3.5498449170664426
1992	04	28	3.1967175197e-07	0.0	3.552703324793313
1992	04	29	0.00034822157414	0.0	3.5128231859733163
1992	04	30	0.0	0.0	3.7555127455866817
1992	05	01	0.0013764242055900001	0.0	3.6776777301202035
1992	05	02	0.0	0.0	3.0809113311697325
1992	05	03	0.00034822157414	0.0	2.545049291043742
1992	05	04	0.000682132791908	0.0	3.0194875365436884
1992	05	05	0.0	0.0	2.855345249983042
1992	05	06	0.08812236950100001	0.0	3.078290487000235
1992	05	07	0.006278301080349999	0.0	3.1608743307480296
1992	05	08	0.051148117353999996	0.0	3.20285430452265
1992	05	09	0.0	0.0	3.092068975287867
1992	05	10	0.0020640273201000003	0.0	3.4781537076717655
1992	05	11	0.00137511051314	0.0	3.7914186091000897
1992	05	12	0.0006869030120699999	0.0	3.4474479629169883
1992	05	13	1.7204437245500002	0.0	2.0905150241797106
1992	05	14	0.0244571872072	0.0	2.588787368862217
1992	05	15	0.0146340745208	0.0	3.4473957438576934
1992	05	16	0.0013842029615300001	0.0	3.1978309889930037
1992	05	17	0.006858162847000001	0.0	3.2393001709843574
1992	05	18	0.00034106641195999997	0.0	4.062356661824398
1992	05	19	0.171170100726	0.0	3.4628893218938805
1992	05	20	0.00173303068289	0.0	3.7067563198810176
1992	05	21	0.104373877532	0.0	2.771650927983134
1992	05	22	1.64618956968	0.0	2.2653420789430356
1992	05	23	1.8956433998000002	0.0	2.196998101001142
1992	05	24	0.42420917881000003	0.0	2.65096093147193
1992	05	25	0.00205753376593	0.0	3.0465358632134305
1992	05	26	0.00102558356967	0.0	2.7195518579796247
1992	05	27	0.0649189154675	0.0	2.4141337140656716
1992	05	28	1.36067150054	0.0	1.9264102170501753
1992	05	29	1.9852681965	0.0	1.673587381740311
1992	05	30	0.65208387979	0.0	2.6887476923158764
1992	05	31	0.35488879341	0.0	2.313923097837637
1992	06	01	0.673920249359	0.0	2.7956703908605403
1992	06	02	0.570570475722	0.0	2.815555458489129
1992	06	03	0.0048802398039	0.0	3.0238880713838507
1992	06	04	0.0013738053839	0.0	3.2010475294705776
1992	06	05	0.00104930118044	0.0	3.290596080336666
1992	06	06	0.026935344968000003	0.0	3.038593365229267
1992	06	07	0.00087711415451	0.0	3.454433699102922
1992	06	08	0.49721206463000006	0.0	3.058126867508399
1992	06	09	0.00043396755683	0.0	2.882111793177601
1992	06	10	1.07969457369	0.0	2.792477117323047
1992	06	11	2.3071613411800005	0.0	3.310356715166711
1992	06	12	2.19617029514	0.0	2.4493550995132107
1992	06	13	13.274646526400002	0.0	2.2639398788971796
1992	06	14	20.425440669	0.0	1.7747928096666508
1992	06	15	3.7851052824000004	0.0	2.260725516072766
1992	06	16	0.11842630521700001	0.0	2.8540463804744913
1992	06	17	0.0127253630223	0.0	2.9962861002992356
1992	06	18	0.44801866402	0.0	3.0959447582655675
1992	06	19	0.035296415194	0.0	3.405417084799928
1992	06	20	0.0051269923014	0.0	3.5622609061873156
1992	06	21	0.0279730835741	0.0	2.474233666987701
1992	06	22	0.306810738898	0.0	3.0022200478933314
1992	06	23	0.09876116555400001	0.0	2.9067781745050714
1992	06	24	0.0586259556922	0.0	2.8871195194657964
1992	06	25	0.000682132791908	0.0	3.582889139974346
1992	06	26	0.0006630521993679999	0.0	3.5951501280943092
1992	06	27	0.0	0.0	3.586023392890678
1992	06	28	0.0	0.0	3.554208683733212
1992	06	29	0.0006872226518900001	0.0	3.378891019169486
1992	06	30	0.034274039947	0.0	3.446156225160106
1992	07	01	0.0048554297036	0.0	3.540934852554685
1992	07	02	0.0	0.0	4.060897542262549
1992	07	03	0.0	0.0	4.474298785691487
1992	07	04	0.0	0.0	4.386408493525269
1992	07	05	0.0006869030120699999	0.0	4.145008205636382
1992	07	06	0.0089016880817	0.0	3.0216024509608093
1992	07	07	0.0192041684636	0.0	2.776773595502397
1992	07	08	0.0034031044858	0.0	3.2516132791122745
1992	07	09	0.0	0.0	3.805436858292499
1992	07	10	0.0006964432283100001	0.0	3.792999793345315
1992	07	11	0.0	0.0	4.17002918230689
1992	07	12	0.0010374792288700002	0.0	4.324333047957515
1992	07	13	0.0006964433083400001	0.0	4.494397268901604
1992	07	14	0.00102193916353	0.0	4.0541153704027195
1992	07	15	7.4063699476e-07	0.0	3.2891653915947154
1992	07	16	0.0013738053839	0.0	4.351849122644993
1992	07	17	0.0006869030120699999	0.0	4.1207551250531385
1992	07	18	0.0	0.0	3.674961494332084
1992	07	19	0.0	0.0	4.091508790137162
1992	07	20	0.000695924874	0.0	4.13020265736773
1992	07	21	0.00241521216505	0.0	3.6309643169768084
1992	07	22	0.0006821327438900001	0.0	4.048755196213787
1992	07	23	0.0010300395600400002	0.0	3.8217121236128433
1992	07	24	0.00035496787905600006	0.0	4.2206126705576255
1992	07	25	0.00034822157414	0.0	4.115934298217796
1992	07	26	0.0	0.0	3.8693340843578743
1992	07	27	0.00067447779436	0.0	4.125062400615242
1992	07	28	0.00070488695352	0.0	3.6763550346339935
1992	07	29	0.066027687101	0.0	3.6154132351328703
1992	07	30	0.0030812950525000004	0.0	2.807186513106465
1992	07	31	0.0647676259552	0.0	3.5842311329722327
1992	08	01	0.00526884019442	0.0	3.8016699949189205
1992	08	02	0.0010654133802500002	0.0	3.999015327155072
1992	08	03	0.027833689720999998	0.0	3.523442335929786
1992	08	04	0.0007825433197410001	0.0	4.295911051734403
1992	08	05	0.00102081378167	0.0	4.003246841577641
1992	08	06	0.0020599970093	0.0	3.8850670566251444
1992	08	07	0.018702870947500002	0.0	2.9095145717132342
1992	08	08	0.00103989365394	0.0	2.9735030918627223
1992	08	09	0.000682132791908	0.0	3.304439303276876
1992	08	10	0.0006821327438900001	0.0	3.6766191198376905
1992	08	11	0.0	0.0	3.720489230926994
1992	08	12	0.0	0.0	3.9633796672893267
1992	08	13	0.000682132791908	0.0	3.9136368849209844
1992	08	14	0.00137380530387	0.0	3.7566792568881735
1992	08	15	0.00102344756897	0.0	3.618409553711245
1992	08	16	0.0006821327438900001	0.0	3.752163323866567
1992	08	17	0.00034106641195999997	0.0	3.684719196732423
1992	08	18	0.051287241506	0.0	3.171788210006515
1992	08	19	0.023767189355	0.0	2.84941840715159
1992	08	20	0.0015443860476700001	0.0	2.8025964395996468
1992	08	21	0.0010279688638199999	0.0	3.2989098463049444
1992	08	22	0.0006821327438900001	0.0	3.277132318400952
1992	08	23	0.0006821327438900001	0.0	3.745905573035188
1992	08	24	0.0	0.0	3.5729131941958174
1992	08	25	0.0015504030231900002	0.0	3.0341328863360033
1992	08	26	0.0008399184513500001	0.0	3.675952265806371
1992	08	27	0.0	0.0	3.6736468672543254
1992	08	28	3.18619709602	0.0	2.1632711052670444
1992	08	29	0.00034106641195999997	0.0	2.5976403554592165
1992	08	30	0.00170771663368	0.0	2.8346372633946455
1992	08	31	0.6043372375110001	0.0	2.8431400049324456
1992	09	01	0.0	0.0	2.9831678823425998
1992	09	02	0.0006869030120699999	0.0	3.4581710801243877
1992	09	03	0.000682132791908	0.0	3.6224439854022634
1992	09	04	0.0	0.0	3.5025428752667045
1992	09	05	0.0006869030120699999	0.0	3.238664441322044
1992	09	06	0.00035018527025	0.0	2.9927657327824604
1992	09	07	0.00146415781336	0.0	3.0733880188117726
1992	09	08	0.0	0.0	2.6332829356973746
1992	09	09	0.000682132791908	0.0	2.840694889997324
1992	09	10	0.00103512450618	0.0	2.7628199470666317
1992	09	11	0.0006869030120699999	0.0	3.0657035219262783
1992	09	12	0.000682132791908	0.0	2.8731808496303426
1992	09	13	0.00035299176229	0.0	3.153914357181539
1992	09	14	0.0	0.0	3.2128240755779753
1992	09	15	0.0006821327438900001	0.0	3.0355626904379363
1992	09	16	0.00282999589064	0.0	2.1891691544007625
1992	09	17	0.000518457500682	0.0	2.9658842537948686
1992	09	18	0.0006821327438900001	0.0	3.0634091246530306
1992	09	19	0.000682822418421	0.0	2.6808910326510826
1992	09	20	0.000353311466134	0.0	2.394546174989377
1992	09	21	0.0	0.0	2.323494747005601
1992	09	22	0.0012009078516300002	0.0	2.060691942721989
1992	09	23	0.00034822157414	0.0	2.500195925618037
1992	09	24	0.0	0.0	2.417726919002943
1992	09	25	0.13286394930400003	0.0	1.9319585287179517
1992	09	26	8.3422607751	0.0	1.5655810650063302
1992	09	27	0.0010208137016400002	0.0	1.8535642696376375
1992	09	28	0.00068625989099	0.0	1.868441654400747
1992	09	29	0.143444435499	0.0	2.0238517642978895
1992	09	30	0.0032555489332099998	0.0	2.181270513911097
1992	10	01	0.0	0.0	2.2252551545158252
1992	10	02	0.0	0.0	2.426120357673427
1992	10	03	0.00136953066148	0.0	2.1319943300698285
1992	10	04	0.0006824497667290001	0.0	1.8687173945446824
1992	10	05	0.00103812042923	0.0	1.9429182798370628
1992	10	06	0.0	0.0	1.9664751788760515
1992	10	07	0.0	0.0	1.8474515504606934
1992	10	08	0.10416707200900001	0.0	1.539137744873382
1992	10	09	0.159639810488	0.0	1.8310107234774744
1992	10	10	0.21653883562400003	0.0	1.5926668352268643
1992	10	11	1.25304419543	0.0	1.3945389429561887
1992	10	12	0.358164485334	0.0	1.4696103275007955
1992	10	13	0.0	0.0	1.6782516703965147
1992	10	14	0.00043889953362800005	0.0	1.737108764055953
1992	10	15	4.3378372792	0.0	0.9547517940396263
1992	10	16	5.70567282525	0.0	1.281200562517849
1992	10	17	0.00036375123558	0.0	1.1952994740792269
1992	10	18	17.37907471	0.0	1.096444198536846
1992	10	19	2.49642756941	0.0	1.0231352273481416
1992	10	20	0.009728325154400001	0.0	1.3075975223511918
1992	10	21	0.255751022682	0.0	1.1520434233899755
1992	10	22	0.11813622847899999	0.0	1.3648650523915777
1992	10	23	0.00276461586232	0.0	1.4830110608556626
1992	10	24	0.0006821327438900001	0.0	1.5274641901558612
1992	10	25	0.00034822157414	0.0	1.5612592199997906
1992	10	26	0.0006821327438900001	0.0	1.440469691818029
1992	10	27	0.4770389025300001	0.0	1.2013605271404084
1992	10	28	0.168460244911	0.0	0.9708393473902954
1992	10	29	1.00026479869	0.0	0.8203053048992197
1992	10	30	0.208430035964	0.0	1.1941211750091054
1992	10	31	0.000682132791908	0.0	1.1033450627702397
1992	11	01	0.0	0.0	1.2135704568638326
1992	11	02	0.0006821327438900001	0.0	1.33997783261712
1992	11	03	0.0	0.0	1.3594857122385602
1992	11	04	0.0013690356759300001	0.0	1.3869360681638263
1992	11	05	0.0	0.0	1.2112435493621825
1992	11	06	0.0	0.0	1.1623478931054145
1992	11	07	0.000682050264972	0.0	1.2806722233416497
1992	11	08	0.0030806145574100003	0.0	1.2197063925133311
1992	11	09	0.00286858227511	0.0	1.1613839783222495
1992	11	10	0.0114460418567	0.0	1.1097147737528497
1992	11	11	0.0013793742714500001	0.0	1.2361947337435542
1992	11	12	0.0032104234575	0.0	1.1611229594180492
1992	11	13	0.0010914326538200001	0.0	1.194957325699025
1992	11	14	0.00147024081363	0.0	1.1233741950829932
1992	11	15	3.09970059199	0.0	0.8059888107786294
1992	11	16	0.0010340636285	0.0	0.956166383800796
1992	11	17	4.612406604100001e-06	0.0	1.0626968724382009
1992	11	18	0.0321089691498	0.0	0.8288852535530569
1992	11	19	0.0006869030120699999	0.0	1.0535254676279153
1992	11	20	0.0	0.0	1.138408831447856
1992	11	21	0.0	0.0	1.2020267954577188
1992	11	22	0.0034317330574900004	0.0	1.1470882887567075
1992	11	23	0.00281619599762	0.0	1.006284716480383
1992	11	24	0.0030742873856100003	0.0	0.9746903597276786
1992	11	25	0.051755096885999996	0.0	0.9653701664930853
1992	11	26	0.004573183901100001	0.0	1.1567700714550195
1992	11	27	0.0024076433278000004	0.0	1.0289717792610615
1992	11	28	0.0020507719512	0.0	1.0687721577717848
1992	11	29	0.0	0.0	1.083173206108567
1992	11	30	0.005809585778	0.0	0.9779407799691855
1992	12	01	0.262058779204	0.0	0.748390327662739
1992	12	02	0.2459025789	0.0	0.8294064829402071
1992	12	03	0.043150919529000006	0.0	0.780998308462915
1992	12	04	1.51329015108	0.0	0.7469685908557007
1992	12	05	0.06176711798650001	0.0	0.746337767970429
1992	12	06	0.0388747989849	0.0	0.9484250694179017
1992	12	07	0.21742569607200002	0.0	0.7398446797989876
1992	12	08	0.00034822157414	0.0	0.6936309638200926
1992	12	09	0.017655939295300002	0.0	0.874340368257741
1992	12	10	0.8927074397999999	0.0	0.6559125830001058
1992	12	11	0.00034822157414	0.0	0.8239722600099274
1992	12	12	0.0	0.0	0.8173348913103359
1992	12	13	0.00103757086322	0.0	0.750766366946867
1992	12	14	0.00144373815886	0.0	0.7633072631314711
1992	12	15	10.4063633234	0.0	0.6167415776022033
1992	12	16	0.028769234818899998	0.0	0.6806359957502662
1992	12	17	0.000352991818311	0.0	0.7448538334779354
1992	12	18	0.077628403739	0.0	0.6787448051246822
1992	12	19	14.571838391000004	0.013915211419620047	0.6288766982872361
1992	12	20	12.95227168115	0.7375062052398625	0.6455396101430952
1992	12	21	22.6205827387	16.96264272051684	0.4006258104678482
1992	12	22	26.1527596085	126.96238899261331	0.37228611202205997
1992	12	23	9.8426456085	34.4958091092381	0.5250565052360223
1992	12	24	9.8246940792	4.397206808599935	0.500542284342702
1992	12	25	0.14504062584600003	1.8646383302290865	0.6129741081284175
1992	12	26	0.00139306580385	0.29221943981202103	0.6640176054181562
1992	12	27	0.0044747702098	0.06957605709810025	0.7653964028672161
1992	12	28	0.0007754063483800001	0.041745634258860145	0.732684597026142
1992	12	29	0.0400218449659	0.041745634258860145	0.6516210759540674
1992	12	30	0.051371192976	0.041745634258860145	0.596960930332434
1992	12	31	0.016677891865	0.041745634258860145	0.6640259516082684
1993	01	01	0.0006821327438900001	0.041745634258860145	0.692759383080167
1993	01	02	0.0006821327438900001	0.013915211419620047	0.7146194992456817
1993	01	03	0.0	0.013915211419620047	0.7022064955820655
1993	01	04	0.00068759983328	0.013915211419620047	0.8310308966708458
1993	01	05	0.0013738053839	0.0	0.7973594187322993
1993	01	06	0.0010249266034	0.0	0.6965122827306043
1993	01	07	0.00101720586921	0.0	0.7634454080584611
1993	01	08	0.0010319378716400001	0.0	0.797340412419571
1993	01	09	0.00466387253659	0.0	0.7723775335566202
1993	01	10	0.014777145752399998	0.0	0.9040734573641487
1993	01	11	0.286617625319	0.0	0.8120989203288338
1993	01	12	0.43907728826099995	0.0	0.8424626322313207
1993	01	13	0.056287475891000006	0.0	0.8562541294183509
1993	01	14	0.00065510341169	0.0	0.809550937902122
1993	01	15	0.0032416001843900005	0.0	0.8099064508369089
1993	01	16	0.00577940534458	0.0	0.8668749110853573
1993	01	17	0.030460093453200002	0.0	0.7716804867392271
1993	01	18	0.020183132237400002	0.0	0.8540692826747751
1993	01	19	0.0006821327438900001	0.0	0.9695847641609737
1993	01	20	0.00101911282405	0.0	0.9957108471481873
1993	01	21	0.0	0.0	0.9631229498361396
1993	01	22	0.0	0.0	0.9458833818736487
1993	01	23	0.00102884215118	0.0	1.0047157814361436
1993	01	24	0.00137145586316	0.0	1.0600770497402285
1993	01	25	0.0013690356759300001	0.0	1.1000952640223076
1993	01	26	0.0013738060241399999	0.0	1.1623667448311386
1993	01	27	0.0	0.0	1.0563794608460095
1993	01	28	0.0308605003495	0.0	1.0925192445279586
1993	01	29	10.4145183804	0.0	0.647547322620518
1993	01	30	7.809579494500001	0.0	0.7550337784795071
1993	01	31	3.3823338997500008	0.0	0.7166302580901929
1993	02	01	0.57042550938	0.0	0.9758731020412215
1993	02	02	0.0244106577652	0.0	1.0380685476271845
1993	02	03	0.0064763573236	0.0	0.9812289169516307
1993	02	04	0.00139030540909	0.0	0.9638721143520809
1993	02	05	0.16810623220600002	0.0	0.9105581066537825
1993	02	06	2.17205717611	0.0	0.8950568251999302
1993	02	07	0.0129437056701	0.0	0.9147729037954634
1993	02	08	0.17336684419600001	0.0	0.9984316930060959
1993	02	09	4.6459911936	0.0	0.8899606208333236
1993	02	10	2.46318718894	0.027830422839240095	0.8851837084992785
1993	02	11	1.7856783383600001	0.027830422839240095	0.9670338884918985
1993	02	12	0.7035176402200001	0.06957605709810025	0.985888974610869
1993	02	13	0.000119025121689	0.06957605709810025	1.12487813276009
1993	02	14	0.0187402689665	0.013915211419620047	1.0207659155070623
1993	02	15	0.00015621396627800001	0.0	1.1390844899026484
1993	02	16	0.0006821327438900001	0.0	1.2147561534532059
1993	02	17	0.0006964432283100001	0.0	1.1689371155388604
1993	02	18	0.000665691004549	0.0	1.234432260742233
1993	02	19	0.0	0.0	1.2656877701817597
1993	02	20	0.00205116793964	0.0	1.5167537533130115
1993	02	21	0.0013534592769699999	0.0	1.5351614168852203
1993	02	22	0.00034822161415500003	0.0	1.3744962945481618
1993	02	23	0.0432793860859	0.0	1.2284325013509958
1993	02	24	0.25033460828799997	0.0	1.1772332936322911
1993	02	25	0.03487253869990001	0.0	1.4350784452595804
1993	02	26	0.0006821327438900001	0.0	1.5188349407803499
1993	02	27	0.06591707443679999	0.0	1.019127628501784
1993	02	28	0.052294747179000005	0.0	1.0904816418082321
1993	03	01	0.255033417681	0.0	1.0571905324433368
1993	03	02	0.0319682331936	0.0	1.29864399327175
1993	03	03	1.4939075253200003	0.0	1.2366929326647156
1993	03	04	1.8531261017899998	0.0	1.3723164265346997
1993	03	05	7.7034140974	0.15306732561582054	0.8668596095792318
1993	03	06	2.4355590722800002	3.214413837932231	1.2380112126130185
1993	03	07	0.25267091607500003	1.2245386049265643	1.228985763879548
1993	03	08	0.073818023382	0.1948129598746807	1.6234220182487233
1993	03	09	0.86278750403	0.05566084567848019	1.539291412428796
1993	03	10	2.4630623421399997	0.013915211419620047	1.5359398105486903
1993	03	11	4.49017574471	0.041745634258860145	1.2118917276344459
1993	03	12	1.91586722089	0.12523690277658042	1.2017510805075962
1993	03	13	6.4103877943	7.555959800853686	1.3140863990961789
1993	03	14	1.63441755683	1.3636907191227647	1.4656903056096988
1993	03	15	0.0087580398338	0.29221943981202103	1.8670112306685596
1993	03	16	0.00034822157414	0.06957605709810025	1.7642608674153983
1993	03	17	0.0	0.013915211419620047	1.5939388039446853
1993	03	18	0.159551873524	0.0	1.41124820900939
1993	03	19	0.30084925618	0.0	1.7297603421824193
1993	03	20	0.0054072525596	0.0	2.1269505385771126
1993	03	21	0.0	0.0	1.9913016122314275
1993	03	22	0.009637092555	0.0	1.966300863285593
1993	03	23	0.185838167189	0.0	1.9110710432327431
1993	03	24	0.0460616450419	0.0	2.1998054352378085
1993	03	25	0.0010351246662400001	0.0	1.8976698431561845
1993	03	26	0.000341066395954	0.0	1.8743293773398302
1993	03	27	0.00102430549057	0.0	2.3610974142619523
1993	03	28	0.00034106641195999997	0.0	2.2135008863047823
1993	03	29	0.00102297123041	0.0	2.1211334715118197
1993	03	30	0.00034822157414	0.0	2.0842225216528347
1993	03	31	0.00102796894385	0.0	2.279048200845865
1993	04	01	0.0006827949361189999	0.0	1.726212830704582
1993	04	02	0.00102558420991	0.0	2.1995360850208057
1993	04	03	0.00034822161415500003	0.0	2.5182500839721165
1993	04	04	0.018071539887100002	0.0	2.1536118837764193
1993	04	05	0.0010303539979100002	0.0	2.545383985801537
1993	04	06	0.0013734472496500002	0.0	2.62926517925866
1993	04	07	0.0	0.0	2.4898512898721643
1993	04	08	0.0026663870403200005	0.0	2.5771492967156435
1993	04	09	0.017014786153	0.0	2.375275150986538
1993	04	10	0.05520971588250001	0.0	2.161953318174347
1993	04	11	0.6935438694580001	0.0	1.9497783504474329
1993	04	12	0.31451429865	0.0	1.8213855202332696
1993	04	13	1.16306974766	0.0	1.9367001029701258
1993	04	14	5.5452730979	0.0	1.8740910852451877
1993	04	15	0.08498505745000001	0.0	2.4753268985244525
1993	04	16	0.0006821327438900001	0.0	2.5817980055959726
1993	04	17	0.0	0.0	2.582947936030502
1993	04	18	0.0013738053839	0.0	2.7744427225239643
1993	04	19	0.00034822157414	0.0	2.535017857596492
1993	04	20	0.159003756057	0.0	2.0455593911324184
1993	04	21	0.237583740505	0.0	2.0527275886480645
1993	04	22	0.0	0.0	2.4935428270935938
1993	04	23	1.6340405355	0.0	1.961053289258977
1993	04	24	4.53867128372	0.0	1.469477783646668
1993	04	25	0.341133373061	0.0	1.8417610436460221
1993	04	26	1.0399619995600002	0.0	2.1678323847568093
1993	04	27	3.56531849325	0.0	2.22933435872759
1993	04	28	7.523059289700001	0.0	1.9391879054381076
1993	04	29	6.25486965686	0.0	2.170332394974223
1993	04	30	6.9435660612	0.0	2.1188801670556185
1993	05	01	0.10857061872	0.0	2.3783567855693386
1993	05	02	0.0028965499590600003	0.0	2.53711340861669
1993	05	03	0.34950445504	0.0	2.175685045234653
1993	05	04	5.29314242434	0.0	1.589438255621858
1993	05	05	1.79411886237	0.0	2.4426237740177936
1993	05	06	0.37016304710799997	0.0	2.246136726387342
1993	05	07	0.0	0.0	2.6072838634227753
1993	05	08	0.0	0.0	2.7249780499603418
1993	05	09	0.91552199205	0.0	2.7377674636512017
1993	05	10	1.72942132989	0.0	2.113461517113766
1993	05	11	7.497195194300001	0.0	2.000507084287318
1993	05	12	4.67350662802	0.0	2.025224867556722
1993	05	13	2.33157385244	0.0	2.2746768621463427
1993	05	14	0.717825043485	0.0	2.2582024204634807
1993	05	15	0.034575745044	0.0	2.4716078180895176
1993	05	16	0.00102558356967	0.0	2.8762950545091264
1993	05	17	2.90135912182	0.0	1.9875290094413756
1993	05	18	0.063829086935	0.0	1.984872990769737
1993	05	19	0.00219604112672	0.0	2.3170215542519443
1993	05	20	0.00034822157414	0.0	2.7961100510600256
1993	05	21	0.0	0.0	3.0881369946581074
1993	05	22	0.0	0.0	2.8052611088908903
1993	05	23	0.4276090933000001	0.0	2.482038537706196
1993	05	24	3.4786496045999997	0.0	1.9353291805652006
1993	05	25	4.7997768416	0.0	2.0571577341282854
1993	05	26	4.25969870822	0.0	2.0695329678777754
1993	05	27	0.158284446417	0.0	2.395601762217175
1993	05	28	0.0013738053839	0.0	2.909819871191008
1993	05	29	0.00623965547368	0.0	2.975573290009664
1993	05	30	0.00205603752505	0.0	2.949480363160856
1993	05	31	0.0	0.0	3.4233085597930226
1993	06	01	0.000693211824988	0.0	3.3616851767758256
1993	06	02	9.32735684765e-05	0.0	3.4884073503263506
1993	06	03	0.00103545783113	0.0	3.706982297168781
1993	06	04	0.016721836338	0.0	3.394116354865302
1993	06	05	0.004179982906	0.0	3.0688511089264696
1993	06	06	0.391768954286	0.0	3.03992897706424
1993	06	07	4.87241631119	0.0	2.996537256273397
1993	06	08	0.8035381738600001	0.0	2.5740276901076964
1993	06	09	0.008848354489100001	0.0	2.810791014442082
1993	06	10	0.0017262803124499999	0.0	2.6468282044428872
1993	06	11	0.0013785758921700001	0.0	3.2476587065846863
1993	06	12	0.0013752887399499998	0.0	3.9441998059201984
1993	06	13	0.0006869030120699999	0.0	4.27817070997834
1993	06	14	0.0013690356759300001	0.0	4.611720852530269
1993	06	15	0.0	0.0	4.243493255526038
1993	06	16	0.0006869030120699999	0.0	3.3809114568329606
1993	06	17	0.0	0.0	4.162433556265032
1993	06	18	0.0010357701882200002	0.0	3.525362444868413
1993	06	19	0.0013594306353900002	0.0	2.890324061705593
1993	06	20	0.0920897207	0.0	2.393792075972693
1993	06	21	0.4641876851300001	0.0	2.2572303712472506
1993	06	22	0.11067820877	0.0	2.840726793312032
1993	06	23	0.0040638025546999995	0.0	3.113038654625654
1993	06	24	0.0013751802993	0.0	3.3203463032282667
1993	06	25	0.00204115594655	0.0	3.129046001489594
1993	06	26	0.0249459048076	0.0	2.958540902361375
1993	06	27	0.0060685334869900005	0.0	3.026006290117125
1993	06	28	0.152733877734	0.0	2.747554777630174
1993	06	29	0.0067772541176	0.0	3.6315899100778926
1993	06	30	0.0013738053839	0.0	3.6258763990661405
1993	07	01	0.0013776711530200001	0.0	4.015581736774191
1993	07	02	0.0	0.0	3.757523324097454
1993	07	03	0.0019129234774000001	0.0	3.8883062430102657
1993	07	04	0.00102054456075	0.0	3.5846594290414857
1993	07	05	0.0	0.0	4.3210931201258465
1993	07	06	0.000689288034118	0.0	4.4148428978041565
1993	07	07	0.0	0.0	3.43565361073485
1993	07	08	0.00171143810871	0.0	3.3583213138201384
1993	07	09	0.0221939492111	0.0	3.463084065611664
1993	07	10	0.00035331148214000005	0.0	3.8148554929203486
1993	07	11	0.0	0.0	4.200021494077444
1993	07	12	0.0	0.0	4.033207905576346
1993	07	13	0.0010279688638199999	0.0	3.944633660465162
1993	07	14	0.0006869029320400001	0.0	3.802392023326364
1993	07	15	0.0	0.0	3.854587803552122
1993	07	16	0.00034106641195999997	0.0	4.474608318816917
1993	07	17	0.00034822161415500003	0.0	4.53684570084045
1993	07	18	0.00034106641195999997	0.0	4.609338178873557
1993	07	19	0.00034822157414	0.0	4.562073568054791
1993	07	20	0.0013547251114800001	0.0	4.5072742978716525
1993	07	21	0.0	0.0	3.3342919846026002
1993	07	22	0.00103512450618	0.0	4.196183473032284
1993	07	23	0.00102558356967	0.0	3.441349917660158
1993	07	24	0.028541112505100004	0.0	3.076787809198402
1993	07	25	0.000685379032792	0.0	4.5262331236693925
1993	07	26	0.00102558356967	0.0	4.6882289978838925
1993	07	27	0.000689288034118	0.0	4.030748748165665
1993	07	28	0.0	0.0	4.350095453835179
1993	07	29	0.0013785758921700001	0.0	4.063846497745755
1993	07	30	0.00103989421415	0.0	4.015750548877134
1993	07	31	0.0006821327438900001	0.0	4.049012177486284
1993	08	01	0.05011455951510001	0.0	3.2826323105228705
1993	08	02	0.0168986106035	0.0	3.5447724469890787
1993	08	03	0.0	0.0	3.9504865629350485
1993	08	04	0.00301487071271	0.0	3.761037484449636
1993	08	05	0.0246733162252	0.0	2.813427247350834
1993	08	06	0.007324107110600001	0.0	3.232216507823826
1993	08	07	0.000353037563459	0.0	4.164452804905137
1993	08	08	0.00034106641195999997	0.0	4.149380703101227
1993	08	09	0.0	0.0	3.844170167117371
1993	08	10	0.0	0.0	3.5085325947868764
1993	08	11	0.00034822157414	0.0	3.633113326773608
1993	08	12	0.0	0.0	4.139402998397924
1993	08	13	0.0	0.0	3.667849462837606
1993	08	14	0.0006821327438900001	0.0	3.5504104270444286
1993	08	15	0.00034822157414	0.0	3.857698751312697
1993	08	16	0.0	0.0	3.1669026313320368
1993	08	17	0.00138231777485	0.0	2.9084314830688713
1993	08	18	6.7452037032	0.0	1.806886965745002
1993	08	19	2.33752288249	0.0	2.629058245254449
1993	08	20	0.28388969873000003	0.0	2.4426753039210163
1993	08	21	0.0023493959732300003	0.0	2.545434768690702
1993	08	22	0.00054070564861	0.0	3.0400027574683994
1993	08	23	0.0006821327438900001	0.0	2.757912369921493
1993	08	24	0.223362241442	0.0	2.7838700354123906
1993	08	25	0.0	0.0	2.7114102662698953
1993	08	26	0.28557924407199997	0.0	2.398115416875612
1993	08	27	0.0019177537680800001	0.0	2.7713610556225223
1993	08	28	0.00068928806613	0.0	3.179050299875548
1993	08	29	0.0006845178779800001	0.0	2.823926870551302
1993	08	30	0.0	0.0	2.8797901308450906
1993	08	31	0.00137232370848	0.0	3.2489763643139846
1993	09	01	0.00034106641195999997	0.0	2.9956942058989324
1993	09	02	0.05518319794200001	0.0	2.0974963671614666
1993	09	03	0.059424251741	0.0	2.728623444149354
1993	09	04	0.0008447334563	0.0	2.9143167173681026
1993	09	05	0.0035454306381	0.0	2.7480407740929715
1993	09	06	0.000689288034118	0.0	2.355414530387496
1993	09	07	0.20837415901800002	0.0	2.308192330173152
1993	09	08	1.34810703063	0.0	2.263909320368164
1993	09	09	0.000682132791908	0.0	2.5713049359584232
1993	09	10	0.0	0.0	2.5870684944336073
1993	09	11	0.00103540181013	0.0	2.67894993864881
1993	09	12	0.101523288962	0.0	2.561942961470909
1993	09	13	0.0	0.0	2.094466797289141
1993	09	14	0.0395551444188	0.0	2.105194674481826
1993	09	15	1.0147380641300001	0.0	2.215243541827244
1993	09	16	0.0516816413505	0.0	2.3952773233999536
1993	09	17	3.2318228392600004	0.0	1.8489628898413233
1993	09	18	0.53915738823	0.0	2.2381710389110063
1993	09	19	0.0006845178779800001	0.0	2.4663003406079977
1993	09	20	0.0010495448717900001	0.0	2.631682588932379
1993	09	21	0.00035225062846899996	0.0	2.3430277374183
1993	09	22	0.00253659046485	0.0	1.9530410434387002
1993	09	23	0.00241661196978	0.0	2.1090643472757042
1993	09	24	0.059155567022000005	0.0	2.295781303844221
1993	09	25	0.00159756790339	0.0	2.118807273494209
1993	09	26	0.0010211086922199998	0.0	2.2817719793649043
1993	09	27	0.00035299176229	0.0	2.1132208407121906
1993	09	28	0.15851907837100002	0.0	2.042064620444949
1993	09	29	0.91028562915	0.0	1.575932605207757
1993	09	30	0.0	0.0	1.9780011885103825
1994	10	01	0.0308757372612	0.0	2.0953304911296855
1994	10	02	0.00102558356967	0.0	2.1708790474528934
1994	10	03	0.0017159115456199998	0.0	2.215913639935551
1994	10	04	0.0123102666195	0.0	1.8621381993133395
1994	10	05	5.79322324435	0.0	1.2114813375580562
1994	10	06	15.7143514728	0.0	1.158010837263175
1994	10	07	6.9262451682999995	0.0	1.6682797912148735
1994	10	08	5.1427282001500005	0.0	1.0797320041041631
1994	10	09	0.17325846757	0.0	1.5372328117358405
1994	10	10	0.6699962744200001	0.0	1.455550995586758
1994	10	11	6.621928692400001	0.0	1.4258608386626448
1994	10	12	0.0258771899086	0.0	1.5031708171874612
1994	10	13	0.287323818042	0.0	1.7242721991317274
1994	10	14	0.81188402238	0.0	1.5946286268394385
1994	10	15	0.38649896278000007	0.0	1.5907576981515683
1994	10	16	1.23336801963	0.0	1.5371663033875906
1994	10	17	1.2647774737600002	0.0	1.2000428713830176
1994	10	18	1.8053311454	0.0	1.1569140132408977
1994	10	19	1.60262571936	0.0	1.3683539177340749
1994	10	20	0.11658491095300001	0.0	1.3899191600622813
1994	10	21	0.020549767274	0.0	1.4410687248435592
1994	10	22	0.97741455306	0.0	1.2900528218217966
1994	10	23	0.34466872232	0.0	1.2921742208256932
1994	10	24	0.00103698528371	0.0	1.3899789238625015
1994	10	25	0.00035744639215	0.0	1.5711156520732874
1994	10	26	0.0123291601019	0.0	1.356384529102733
1994	10	27	0.7978825337900001	0.0	1.226373744925225
1994	10	28	0.0	0.0	1.4663925144882628
1994	10	29	0.00103273929206	0.0	1.5016568005030297
1994	10	30	0.0006872455004550001	0.0	1.4618774184971175
1994	10	31	0.0014341983427700001	0.0	1.5365075431172603
1994	11	01	0.0	0.0	1.3008844459330093
1994	11	02	3.6632139903000005	0.0	1.086439610040287
1994	11	03	5.482910520700001	0.0	1.0717671406337757
1994	11	04	0.6462620974400001	0.0	0.7599805960205807
1994	11	05	0.186389397823	0.0	1.028468526362406
1994	11	06	3.0220936603	0.0	1.0991384740145291
1994	11	07	0.27265236631000006	0.0	0.9941672065047271
1994	11	08	1.3463875860799999	0.0	0.8874174100401204
1994	11	09	5.564431159480001	0.0	1.040380398224385
1994	11	10	0.0244499516949	0.0	1.212022500932319
1994	11	11	0.0456428328462	0.0	1.1133093861225172
1994	11	12	0.41235201404	0.0	1.1539553618961422
1994	11	13	0.0013642651676600002	0.0	1.1382059000938174
1994	11	14	0.0006964432283100001	0.0	1.0829860603772519
1994	11	15	0.00069729458745	0.0	1.1241754983763605
1994	11	16	0.0006784431688180001	0.0	1.1153651103916962
1994	11	17	0.005729646852140001	0.0	1.0259956237993724
1994	11	18	0.0012145155125900002	0.0	1.123021585909388
1994	11	19	0.00103273929206	0.0	1.1367463971212166
1994	11	20	0.00022614773361000003	0.0	1.0359573099053616
1994	11	21	0.000764723335752	0.0	1.0203789812550608
1994	11	22	0.0024902303663299997	0.0	1.0500483173685464
1994	11	23	0.000686958520878	0.0	0.8476125679434786
1994	11	24	0.0006821327438900001	0.0	1.0439317730688806
1994	11	25	0.0025480624452300002	0.0	0.9428059007998357
1994	11	26	0.00034822157414	0.0	0.971877029538814
1994	11	27	0.00034822157414	0.0	1.094189778670579
1994	11	28	0.05153892465180001	0.0	0.8921115159849764
1994	11	29	12.2911122393	0.0	0.6280381750558542
1994	11	30	0.9595456947500001	0.0	0.6944371449974133
1994	12	01	0.037090119581	0.0	0.7714051842212447
1994	12	02	12.1370200764	2.240349038558828	0.4023966182174013
1994	12	03	0.0173544910946	3.1309225694145106	0.7273111627493214
1994	12	04	0.0006821327438900001	0.8627431080164429	0.8912737618416031
1994	12	05	0.15445915647099998	0.3896259197493614	1.011870317540444
1994	12	06	0.11489353292400001	0.25047380555316084	0.7515672538058642
1994	12	07	0.84258457077	0.1948129598746807	0.8246684117099843
1994	12	08	0.0024143226316	0.3200498626512611	0.8380726158766408
1994	12	09	0.00190653436238	0.25047380555316084	0.9540634792809883
1994	12	10	0.00135433544541	0.1948129598746807	0.8893167444692771
1994	12	11	0.00034822157414	0.1948129598746807	0.8765478166240582
1994	12	12	0.0010208138617	0.09740647993734035	0.7698786389641137
1994	12	13	0.0006665406590500001	0.09740647993734035	0.7264859339682779
1994	12	14	0.008155209857300002	0.05566084567848019	0.8887504343722683
1994	12	15	0.018498460722400002	0.027830422839240095	0.7736089829149168
1994	12	16	0.46010548287799996	0.027830422839240095	0.7328169468922032
1994	12	17	0.776447746758	0.6540149367221423	0.7661543561818296
1994	12	18	0.00313445441979	0.556608456784802	0.8714385732570519
1994	12	19	0.197612749002	0.3200498626512611	0.6076196332037074
1994	12	20	0.00103989421415	0.1948129598746807	0.7467766931843289
1994	12	21	0.0	0.1391521141962005	0.7715319776642376
1994	12	22	0.0006821327438900001	0.09740647993734035	0.8286954701334031
1994	12	23	0.000691673064169	0.05566084567848019	0.5886246854367929
1994	12	24	0.00069072620523	0.027830422839240095	0.6952656333116983
1994	12	25	0.00034822157414	0.027830422839240095	0.6918369175373735
1994	12	26	0.000682132791908	0.027830422839240095	0.7142902756076323
1994	12	27	0.00117223822455	0.027830422839240095	0.777988007532997
1994	12	28	0.00171761122276	0.027830422839240095	0.7878193566821344
1994	12	29	0.11121771500900002	0.027830422839240095	0.8424072773246245
1994	12	30	0.377028316619	0.027830422839240095	0.5785081284003883
1994	12	31	0.27820348720000004	0.027830422839240095	0.5989305996514386
1995	01	01	0.326564359729	0.013915211419620047	0.852641616842031
1995	01	02	0.0017124869818900003	0.013915211419620047	0.6834624044029367
1995	01	03	0.0	0.013915211419620047	0.7324450006733252
1995	01	04	0.0	0.013915211419620047	0.8560708914763366
1995	01	05	0.0053360514692	0.013915211419620047	0.7275497767233058
1995	01	06	0.00204894502636	0.0	0.7714820906176931
1995	01	07	0.0	0.0	0.7711802233232286
1995	01	08	0.0	0.0	0.6926168814715143
1995	01	09	0.000683039459781	0.0	0.9307989394271121
1995	01	10	0.0013690357559600001	0.0	0.968197132925207
1995	01	11	0.0010285125876400001	0.0	0.952459131896825
1995	01	12	0.000684517917995	0.0	0.95329302353319
1995	01	13	0.00034822157414	0.0	0.7063428074077398
1995	01	14	0.00034822157414	0.0	0.8341532066758175
1995	01	15	0.00034106641195999997	0.0	0.9628861633971708
1995	01	16	0.0035895837493100007	0.0	0.9305179842547632
1995	01	17	4.0941259217	0.013915211419620047	0.6524427326207338
1995	01	18	1.7001549191	6.540149367221423	0.82764737590774
1995	01	19	0.12337050259599999	2.240349038558828	0.8800149922413655
1995	01	20	1.0737906005300002	1.475012410479725	0.8374707107825277
1995	01	21	0.0	1.3497755077031446	0.9065580037224688
1995	01	22	0.0	0.8627431080164429	0.9706464860371683
1995	01	23	0.043457629702200004	0.6540149367221423	1.0159194429495781
1995	01	24	0.0111440926682	0.4731171882670817	0.9899695130252305
1995	01	25	0.032520052048100004	0.3896259197493614	0.8387421880838071
1995	01	26	0.5036740869799999	0.3200498626512611	0.9020756999388686
1995	01	27	0.017352233448300003	0.3200498626512611	0.8487330082685973
1995	01	28	0.0017239518396	0.1948129598746807	1.1708392529264098
1995	01	29	0.010646935104	0.1948129598746807	0.9191893652392995
1995	01	30	0.594370365335	0.1391521141962005	1.0108048082542713
1995	01	31	0.0024430363552100003	0.1391521141962005	1.0003391300526383
1995	02	01	0.0054842198115	0.1391521141962005	1.2125992868548467
1995	02	02	0.00102171860085	0.09740647993734035	1.155160447183441
1995	02	03	0.00137857949352	0.09740647993734035	1.0900666714481029
1995	02	04	0.000352991794302	0.09740647993734035	1.195749303788122
1995	02	05	0.00136818551724	0.09740647993734035	1.0333942906838907
1995	02	06	0.00525309333156	0.05566084567848019	1.108750210806525
1995	02	07	0.0214633921549	0.05566084567848019	1.268906178838823
1995	02	08	0.48208735499	0.027830422839240095	0.96836037734489
1995	02	09	5.174173187600001	0.027830422839240095	0.9148970130674335
1995	02	10	5.632024497480001	1.2106233935069441	1.0100986406398997
1995	02	11	0.000682132791908	1.2106233935069441	1.2208671065311447
1995	02	12	5.35476120272	0.7514214166594826	0.9067290578523644
1995	02	13	5.6167078758999995	4.592019768474616	1.147606184572602
1995	02	14	0.081908528184	2.7552118610847693	1.1565432587799362
1995	02	15	0.0374199840338	1.475012410479725	1.3146429729567533
1995	02	16	7.308380415299999e-07	0.9740647993734033	1.4526427261225265
1995	02	17	0.00234896573195	0.6540149367221423	1.3047935675270634
1995	02	18	0.00170916421632	0.556608456784802	1.1874475086259302
1995	02	19	0.0017201136008	0.4731171882670817	1.3871747982331577
1995	02	20	0.0052434733254099995	0.3200498626512611	1.3266764928325543
1995	02	21	0.04713214793	0.3200498626512611	1.3250097477979863
1995	02	22	0.0	0.1948129598746807	1.3040489135196571
1995	02	23	0.00103512450618	0.1948129598746807	1.4601167817530538
1995	02	24	0.0004910259296989999	0.1948129598746807	1.5227341265727772
1995	02	25	0.026734264791200002	0.1391521141962005	1.3251759983650946
1995	02	26	0.015682326668	0.09740647993734035	1.1156352536621492
1995	02	27	0.00082153235915	0.09740647993734035	1.2689686199784154
1995	02	28	0.00171487219601	0.09740647993734035	1.3766259832514323
1995	03	01	0.0010279688638199999	0.05566084567848019	1.5863629866513826
1995	03	02	0.0	0.027830422839240095	1.4821086274397923
1995	03	03	0.36548836676	0.027830422839240095	1.3826028291798906
1995	03	04	0.0099008938434	0.027830422839240095	1.445019251300699
1995	03	05	0.153745048781	0.027830422839240095	1.4859393199676627
1995	03	06	0.8675772995300001	0.027830422839240095	1.5044638983211933
1995	03	07	0.00146330565392	0.027830422839240095	1.7402956383990988
1995	03	08	0.0011436956851100001	0.027830422839240095	1.5812573164770312
1995	03	09	0.0012382744188400002	0.013915211419620047	1.6754542680009392
1995	03	10	7.9684014304	0.027830422839240095	0.9945819884212639
1995	03	11	0.483293279042	0.6540149367221423	1.4247924913884709
1995	03	12	0.120399989071	0.4731171882670817	2.0039333162223874
1995	03	13	0.00068928806613	0.3200498626512611	1.7905311783757898
1995	03	14	0.20868718835999997	0.1948129598746807	1.7809296174753857
1995	03	15	0.0	0.1391521141962005	2.0379941077374735
1995	03	16	0.0	0.09740647993734035	1.8819677506109582
1995	03	17	0.0010214761099500002	0.05566084567848019	1.9828371409473435
1995	03	18	0.00034106641195999997	0.05566084567848019	2.011637135902051
1995	03	19	0.00034822157414	0.05566084567848019	2.2078257982229843
1995	03	20	0.00206309337	0.027830422839240095	2.241830537655375
1995	03	21	0.00034822161415500003	0.027830422839240095	2.1021563374220342
1995	03	22	0.0006821327438900001	0.027830422839240095	1.6814399142014416
1995	03	23	0.00103035415797	0.027830422839240095	1.839369250186675
1995	03	24	0.0	0.027830422839240095	2.3548305204348927
1995	03	25	0.0006821327438900001	0.0	2.3157066348381474
1995	03	26	0.0	0.0	2.177265642420514
1995	03	27	0.0013642651676600002	0.0	2.8999778001550727
1995	03	28	0.0006821327438900001	0.0	2.8234105496619337
1995	03	29	0.0	0.0	2.8105169474515574
1995	03	30	0.00034822161415500003	0.0	2.145554192488285
1995	03	31	0.00101520984098	0.0	1.9467010272708216
1995	04	01	0.0013785758921700001	0.0	2.245604853838649
1995	04	02	0.00034822161415500003	0.0	2.0365536957745904
1995	04	03	0.17159428373500002	0.0	1.7624317958820865
1995	04	04	0.014557007231399998	0.0	2.7306474739638547
1995	04	05	0.0192858686897	0.0	2.6590651046611744
1995	04	06	0.0	0.0	2.5556757513771324
1995	04	07	0.0006869030120699999	0.0	2.9230074372892885
1995	04	08	0.00137630047921	0.0	2.9863321781824723
1995	04	09	0.0	0.0	3.1713280432289532
1995	04	10	0.0013690356759300001	0.0	2.7905648518252146
1995	04	11	0.63286155412	0.0	1.9295855294088073
1995	04	12	0.0057449621132100006	0.0	2.4585559784845676
1995	04	13	0.0209375470369	0.0	2.756552181550412
1995	04	14	0.0056717949258	0.0	2.2985234146815166
1995	04	15	0.00138159902542	0.0	2.6994620680219095
1995	04	16	0.0006821327438900001	0.0	3.0282099338707242
1995	04	17	0.0010284551261000002	0.0	2.6629299555524635
1995	04	18	0.0010991557889100001	0.0	2.793611540327043
1995	04	19	0.0013642651676600002	0.0	2.793280724632466
1995	04	20	0.00206547858412	0.0	2.4341968248994
1995	04	21	0.266394708568	0.0	1.9336504752495594
1995	04	22	0.344604666308	0.0	2.003979299004218
1995	04	23	1.0145058971	0.0	1.939267839767241
1995	04	24	0.018757535439000002	0.0	2.4539356258745553
1995	04	25	0.0157316843702	0.0	2.370184381299511
1995	04	26	0.83326363673	0.0	2.147523614633437
1995	04	27	7.153062993100002	0.0	2.026730163313232
1995	04	28	0.47698739522200007	0.0	2.319604770916207
1995	04	29	0.00137392022695	0.0	3.0194092846928258
1995	04	30	0.00018182929642599998	0.0	2.971331768947511
1995	05	01	0.00155662903707	0.0	3.3054115770661445
1995	05	02	0.0	0.0	2.988723998580998
1995	05	03	0.133633965952	0.0	2.5357971676161855
1995	05	04	0.025672351523	0.0	3.0271007632543174
1995	05	05	3.06345340439	0.0	1.8471478818261549
1995	05	06	5.1367415560000005	0.0	1.773287754172949
1995	05	07	0.07577153967600002	0.0	2.5901272390685595
1995	05	08	0.07388265160850001	0.0	2.9091607560909134
1995	05	09	0.29004029233800005	0.0	2.594596335586251
1995	05	10	0.0106463180727	0.0	3.0943187095503095
1995	05	11	0.0090342777842	0.0	2.629545826728906
1995	05	12	1.146592410975e-05	0.0	2.815953543450584
1995	05	13	0.0006869030120699999	0.0	3.398549223929667
1995	05	14	0.0013785758921700001	0.0	3.5680355783058584
1995	05	15	0.00017874132287000002	0.0	3.558912599756416
1995	05	16	0.0	0.0	3.2470703550123154
1995	05	17	0.00207195549205	0.0	3.3940929263984647
1995	05	18	0.00172293185725	0.0	3.752715495900927
1995	05	19	0.0006875682454390001	0.0	3.724704387983829
1995	05	20	0.0	0.0	3.782808884751927
1995	05	21	0.0013690356759300001	0.0	3.7183982112354315
1995	05	22	0.0013765087973000001	0.0	3.3031854180675926
1995	05	23	0.0013690356759300001	0.0	3.5668148323962323
1995	05	24	0.018104104094099998	0.0	3.263291593249875
1995	05	25	0.00034106641195999997	0.0	3.347199621216942
1995	05	26	0.00034822157414	0.0	3.450909895299307
1995	05	27	0.0	0.0	3.7819122653329247
1995	05	28	0.00034106641195999997	0.0	4.0508748283856155
1995	05	29	0.00034106641195999997	0.0	4.124500503526943
1995	05	30	0.0	0.0	4.310927309322469
1995	05	31	0.0006821327438900001	0.0	3.867479582289799
1995	06	01	0.0006869030120699999	0.0	3.73279517172673
1995	06	02	0.0010303539979100002	0.0	3.8267478635426633
1995	06	03	0.0013690356759300001	0.0	2.9999729718944788
1995	06	04	0.0006821327438900001	0.0	3.6668414184498963
1995	06	05	0.0	0.0	4.175285451459784
1995	06	06	1.1889409657299999	0.0	2.5962871661453746
1995	06	07	1.08829411731	0.0	2.5774624347490813
1995	06	08	0.0230358335994	0.0	2.985277569186064
1995	06	09	0.0177256094118	0.0	3.0999464783410104
1995	06	10	0.00034822161415500003	0.0	3.333180860688131
1995	06	11	0.0006821327438900001	0.0	3.3704436147499446
1995	06	12	0.0013738053839	0.0	3.3777121518094573
1995	06	13	0.0	0.0	3.3470969450198322
1995	06	14	0.000695146550238	0.0	3.9017606965508
1995	06	15	0.0006842893123	0.0	3.7545698248961026
1995	06	16	0.0013790162172299999	0.0	3.608619192113669
1995	06	17	0.086330633852	0.0	3.731778273913274
1995	06	18	0.00136805162705	0.0	3.7377122255081776
1995	06	19	0.06460771481100001	0.0	3.557781674732931
1995	06	20	2.02284956423e-05	0.0	3.5412982577339807
1995	06	21	0.0020642812552900004	0.0	4.140495131076503
1995	06	22	0.0013585019672700002	0.0	3.8434392975199745
1995	06	23	0.00206804914772	0.0	3.5543714080623325
1995	06	24	0.646517745272	0.0	2.6143049698490293
1995	06	25	0.548206572402	0.0	3.0849797772213328
1995	06	26	10.7631058517	0.0	1.612687538716389
1995	06	27	0.671150659152	0.0	2.855491665054041
1995	06	28	0.00034106641195999997	0.0	3.44644594218162
1995	06	29	0.000682132791908	0.0	3.5777871016245766
1995	06	30	0.0	0.0	3.2899764797782973
1995	07	01	0.000564755808039	0.0	3.2669430384478124
1995	07	02	0.78450567935	0.0	3.0468824927908185
1995	07	03	0.41431350932500005	0.0	3.0373642727451475
1995	07	04	0.00343438373112	0.0	3.433500274824178
1995	07	05	0.00138157173519	0.0	3.769476480699018
1995	07	06	0.000343451426005	0.0	3.8399662700697945
1995	07	07	0.11694534206400001	0.0	3.299928822550078
1995	07	08	0.9552752139200001	0.0	3.2584747047508014
1995	07	09	0.0314451122968	0.0	2.835084339823396
1995	07	10	0.22973709511600002	0.0	3.2541632602595367
1995	07	11	0.0017288449538300002	0.0	3.7621882610441766
1995	07	12	6.39343527949e-07	0.0	3.464223648415846
1995	07	13	0.0006770832510400001	0.0	3.5282286459422285
1995	07	14	0.00068690493279	0.0	3.8964927102944755
1995	07	15	0.0010240741238400001	0.0	4.518801797367446
1995	07	16	0.00102558356967	0.0	4.687191523870173
1995	07	17	0.0	0.0	4.515537502042695
1995	07	18	0.00034822161415500003	0.0	4.7346615045278515
1995	07	19	0.0	0.0	3.9295184988230645
1995	07	20	0.00102558356967	0.0	3.906303636369346
1995	07	21	0.00104016423537	0.0	4.687829030635098
1995	07	22	0.0006950149329	0.0	5.126007769284638
1995	07	23	0.00138556923369	0.0	4.541577287960338
1995	07	24	0.00237930454474	0.0	3.043438715671224
1995	07	25	0.036175862463100006	0.0	3.530619455331367
1995	07	26	0.0021741708484399997	0.0	3.956629993355714
1995	07	27	0.00103989421415	0.0	4.850651020547904
1995	07	28	0.0010303539979100002	0.0	3.8177546008662
1995	07	29	0.00034179164382	0.0	4.63561390395955
1995	07	30	0.0	0.0	4.540549330595562
1995	07	31	0.0	0.0	3.808464791453737
1995	08	01	0.0	0.0	3.56839747903573
1995	08	02	0.0	0.0	4.058624497836581
1995	08	03	0.00034822157414	0.0	3.9747411364903145
1995	08	04	0.0013889072849900001	0.0	3.736363019574143
1995	08	05	0.0013814050327	0.0	3.903039683824484
1995	08	06	0.000684517821959	0.0	3.976248485364511
1995	08	07	0.00034822157414	0.0	3.8668442881774636
1995	08	08	0.0017124871419500003	0.0	3.4938656075059
1995	08	09	0.0	0.0	3.3044377685720003
1995	08	10	0.328478237164	0.0	3.015860138716257
1995	08	11	0.00102558356967	0.0	3.9965348463627537
1995	08	12	0.00102558356967	0.0	3.728990907638873
1995	08	13	0.0031006022899999998	0.0	4.122879723895577
1995	08	14	0.0	0.0	3.0286734501065524
1995	08	15	0.000472298621591	0.0	2.9329903550597205
1995	08	16	0.071843531225	0.0	2.8209252727283287
1995	08	17	0.0010338699559	0.0	3.819117444440852
1995	08	18	3.9592753716999996e-05	0.0	3.6007598670035255
1995	08	19	0.0006821327438900001	0.0	3.907858772645093
1995	08	20	0.00104059959857	0.0	3.4752521862570958
1995	08	21	0.00106384223129	0.0	2.994115587536734
1995	08	22	0.0020573360118	0.0	2.7372897119510875
1995	08	23	0.00287156267234	0.0	3.1814507161059216
1995	08	24	0.00102558356967	0.0	3.1656824380814554
1995	08	25	0.0	0.0	3.4985493322102648
1995	08	26	0.0006869030120699999	0.0	3.709283382379067
1995	08	27	0.00034822157414	0.0	3.4711320589634176
1995	08	28	0.0	0.0	2.9070183781766725
1995	08	29	0.017002855280600002	0.0	2.3557966688791763
1995	08	30	0.00045229546722000007	0.0	2.7946855649823434
1995	08	31	0.00068929398835	0.0	3.041877230266963
1995	09	01	0.0091306923261	0.0	3.1399467951765794
1995	09	02	0.00047203782783000005	0.0	2.7087852678247346
1995	09	03	0.0	0.0	3.0387501332500566
1995	09	04	0.27140860407399997	0.0	2.7393472990994283
1995	09	05	0.97644418931	0.0	2.004916101429697
1995	09	06	0.29295405658999996	0.0	2.0928701168487485
1995	09	07	0.077423006744	0.0	2.419822771997315
1995	09	08	0.0	0.0	2.6516125288054937
1995	09	09	0.0	0.0	2.8007706270131276
1995	09	10	0.68525439407	0.0	2.432355583729214
1995	09	11	0.00735456052635	0.0	2.526516497873691
1995	09	12	0.00069104536487	0.0	2.6142731246784496
1995	09	13	0.0	0.0	2.685573343805816
1995	09	14	0.00067647558325	0.0	2.7883941388587243
1995	09	15	0.0013729445011900002	0.0	2.4732173057171734
1995	09	16	0.0006964432283100001	0.0	2.5934517474050995
1995	09	17	0.0138454597011	0.0	2.369515641390821
1995	09	18	0.633349625078	0.0	2.1725714062372563
1995	09	19	0.00191873661651	0.0	2.2064705662301876
1995	09	20	0.0109722066351	0.0	2.338575808756965
1995	09	21	0.0006821327438900001	0.0	2.3385221288520426
1995	09	22	0.00137380658435	0.0	2.336592334277629
1995	09	23	0.000682132791908	0.0	2.527536522071308
1995	09	24	6.9933775335e-05	0.0	2.4280533382179064
1995	09	25	0.000691673064169	0.0	2.3451382229123614
1995	09	26	0.00034822157414	0.0	2.2148448490236783
1995	09	27	0.00067826649459	0.0	2.4551536861855565
1995	09	28	0.000352991818311	0.0	2.866173662080649
1995	09	29	0.000696443268325	0.0	2.725946827805526
1995	09	30	0.00034822161415500003	0.0	2.4650382868032525
1995	10	01	0.0023946200459	0.0	2.1341855278834965
1995	10	02	0.009475391940000001	0.0	1.8681766432091467
1995	10	03	0.000178053208924	0.0	2.117163434234808
1995	10	04	0.00184122956226	0.0	2.1956361696201445
1995	10	05	0.00035299176229	0.0	1.9507869725763591
1995	10	06	0.00034822157414	0.0	1.991251233401694
1995	10	07	0.00091782069374	0.0	2.008731762183823
1995	10	08	0.00035577807076400003	0.0	1.874920198818836
1995	10	09	1.2845492053799998	0.0	1.2993155654167685
1995	10	10	4.376617416299999	0.0	1.0970338839440648
1995	10	11	1.95106089357	0.0	1.4047705013963885
1995	10	12	0.0	0.0	1.7667885944201231
1995	10	13	0.144770212479	0.0	1.4235946730774025
1995	10	14	0.723634493212	0.0	1.454060763964917
1995	10	15	0.0	0.0	1.7526267511065727
1995	10	16	0.0	0.0	1.678738630364935
1995	10	17	0.0	0.0	1.89470297643852
1995	10	18	0.0	0.0	1.7999622053139879
1995	10	19	0.00034822161415500003	0.0	2.052819734504497
1995	10	20	0.356534994504	0.0	1.5389288400484968
1995	10	21	0.0	0.0	1.537586290996148
1995	10	22	0.0	0.0	1.5381917504663385
1995	10	23	1.0263655428000003	0.0	1.0969843560359862
1995	10	24	1.8336321543	0.0	1.1001904742829585
1995	10	25	0.07694056669680001	0.0	1.0093253483032825
1995	10	26	0.0079779858232	0.0	1.2944724866920017
1995	10	27	0.0953090675025	0.0	1.4349858159074176
1995	10	28	0.000699372910529	0.0	1.6675379741621645
1995	10	29	0.0008817097172	0.0	1.312000901989397
1995	10	30	0.8572973660000001	0.0	1.6917419570132657
1995	10	31	1.05887036754	0.0	1.3013867327724566
1995	11	01	0.70857233502	0.0	1.1089954482460813
1995	11	02	0.58315388073	0.0	1.2829877433256025
1995	11	03	0.0063985257477	0.0	1.41285444881284
1995	11	04	0.005202055639599999	0.0	1.4111024514670654
1995	11	05	0.00137742730161	0.0	1.2982608040360988
1995	11	06	0.23413328707	0.0	1.0607327130571615
1995	11	07	0.0	0.0	1.038858605828402
1995	11	08	0.07287095636500002	0.0	1.3313615393142082
1995	11	09	0.9496475043199999	0.0	0.8757566525618995
1995	11	10	14.303480194400002	0.0	0.7753077511594616
1995	11	11	6.414506938400001	0.0	0.7554439947956525
1995	11	12	1.5029361898	0.0	0.8436439961115829
1995	11	13	0.54314800415	0.0	1.0652020844174497
1995	11	14	0.23967116299500002	0.0	1.0394325956444612
1995	11	15	0.06806317812399999	0.0	0.548918037485034
1995	11	16	11.5498351646	0.9740647993734033	0.5188326984767623
1995	11	17	1.17195027661	0.25047380555316084	0.6024551524567695
1995	11	18	0.0072560111842	0.05566084567848019	1.1093899665111178
1995	11	19	0.0	0.027830422839240095	1.2283996240551072
1995	11	20	0.00138632479692	0.013915211419620047	1.0566137001462812
1995	11	21	0.011684259955000002	0.0	1.0132289722454375
1995	11	22	0.00205624848413	0.0	0.900894560524543
1995	11	23	0.0	0.0	0.9908570853703587
1995	11	24	0.055891743546999995	0.0	0.9506215928610298
1995	11	25	3.711875031350001	0.0	0.7622904514391777
1995	11	26	0.0025545439949000003	0.0	0.74989292595749
1995	11	27	1.29586728807	0.0	0.8270137171895683
1995	11	28	3.29369291184	0.0	0.7531084638057026
1995	11	29	16.7966275742	11.660947169641602	0.37975320339478424
1995	11	30	0.123368069684	3.3257355292891915	0.7235780569518687
1995	12	01	0.0	0.8627431080164429	0.9482008758127964
1995	12	02	0.0	0.3200498626512611	0.8949186380219905
1995	12	03	0.0006821327438900001	0.1391521141962005	0.9672051334911522
1995	12	04	0.000246233358896	0.05566084567848019	0.7048170325330809
1995	12	05	0.000680405088262	0.027830422839240095	0.7445474720061263
1995	12	06	13.1305437081	0.9740647993734033	0.6862802001448494
1995	12	07	0.028969663551499998	2.0733665015233873	0.6887637895303884
1995	12	08	4.01608282651	0.9740647993734033	0.7488618378060341
1995	12	09	2.33211637581	2.240349038558828	0.638655655544417
1995	12	10	19.9471589806	19.258652604754147	0.5542328038008685
1995	12	12	12.2153326326	13.776059305423848	0.5038681114889064
1995	12	13	0.80280365852	6.8045383841942035	0.49406371895197027
1995	12	14	1.9714411733100001	2.574314112629709	0.6644335536335233
1995	12	15	3.3340810117	1.6280797360955457	0.7111043248824154
1995	12	16	1.08002781861	0.9740647993734033	0.6720901142495197
1995	12	17	0.31214215342900004	0.6540149367221423	0.8389526040787368
1995	12	18	1.65940796472	0.556608456784802	0.6823940239383186
1995	12	19	13.010598745600001	5.051221745322078	0.43037683590558445
1995	12	20	0.0163191053705	2.4073315755942684	0.7079465293835753
1995	12	21	0.31916388159	1.3497755077031446	0.649931054600684
1995	12	22	4.765916148600001	4.592019768474616	0.5240652231403848
1995	12	23	1.30033712363	4.592019768474616	0.5481506033933046
1995	12	24	0.376044067664	2.7552118610847693	0.5764579486559772
1995	12	25	5.70613395811	3.729276660458173	0.4653285045987799
1995	12	26	0.29151439692	12.008827455132103	0.7588852594711462
1995	12	27	5.310168726810001	9.406682919663153	0.872015800841745
1995	12	28	0.59736256699	4.146733003046775	0.7016961044096501
1995	12	29	14.423122643500001	9.100548268431512	0.7224507437393429
1995	12	30	6.6098257555	11.326982095570719	0.5528092394014281
1995	12	31	1.50909537863	5.524338933589159	0.6434524396818884
1996	01	01	3.2198878053	9.406682919663153	0.7124404741161332
1996	01	02	7.687399294100001	4.369376385760695	0.7892775020859484
1996	01	03	2.3829140578000003	9.712817570894794	0.7581807382713038
1996	01	04	5.7183011591	5.7748127391423205	0.5802555175185632
1996	01	05	10.9551746505	8.79441361719987	0.5564228371840096
1996	01	06	5.8320029813	13.414263808513727	0.6413622892907446
1996	01	07	0.037319277483000006	7.082842612586605	0.6434918254371327
1996	01	08	7.4322428463	3.520548489163872	0.8205469774739533
1996	01	09	2.71506232671	6.289675561668261	0.6322982577701488
1996	01	10	4.17025742031	3.3257355292891915	0.7464122287910395
1996	01	11	2.41436672813	3.1309225694145106	0.7285094547403085
1996	01	12	0.58863313468	3.3257355292891915	0.5578632891623203
1996	01	13	0.152679841478	2.7552118610847693	0.7233547491339177
1996	01	14	19.559294385900003	5.7748127391423205	0.5327893417716455
1996	01	15	5.60420935071	10.032867433546055	0.6779661744936425
1996	01	16	0.0010287680434	3.729276660458173	0.8777244571365118
1996	01	17	0.025324867665400003	2.240349038558828	0.7664157772380393
1996	01	18	1.05503845111	1.3497755077031446	0.807902424525692
1996	01	19	1.18416109395	0.9740647993734033	0.7476018233242832
1996	01	20	16.1097172794	3.520548489163872	0.752134444899956
1996	01	21	12.1517576009	13.414263808513727	0.5596063555028624
1996	01	22	11.1994166069	9.100548268431512	0.6689188658606136
1996	01	23	8.1684708283	13.052468311603606	0.5442292810173439
1996	01	24	1.93865328246	5.051221745322078	0.7910778676792735
1996	01	25	1.1141258805899998	2.7552118610847693	0.9059077940756265
1996	01	26	4.3358637394	3.520548489163872	0.8001032910976639
1996	01	27	34.86999934800001	22.264338271392077	0.5199723549143217
1996	01	28	14.850755745799999	11.660947169641602	0.5794991896611184
1996	01	29	6.39813079965	7.639451069371407	0.7578411944672887
1996	01	30	2.4266084370500005	3.729276660458173	0.8353239685777243
1996	01	31	21.2638317478	16.809575394901017	0.6102735397084476
1996	02	01	5.7594685911	8.50219417738785	0.7078365872063938
1996	02	02	0.11183395401200001	3.520548489163872	0.8631779238770142
1996	02	03	0.00240892989008	1.9202991759075665	0.9608236091687088
1996	02	04	0.040636376929	1.2106233935069441	0.9133566184172102
1996	02	05	0.20828771861499998	0.8627431080164429	0.9354407447206202
1996	02	06	0.30271496355800004	0.6540149367221423	1.017352874474129
1996	02	07	0.0222631319449	0.4731171882670817	0.9756301288142443
1996	02	08	0.0006964432283100001	0.4731171882670817	1.0441382955124374
1996	02	09	1.32435436672e-06	0.3200498626512611	1.109466532455917
1996	02	10	0.00205482130914	0.25047380555316084	0.9687091373178734
1996	02	11	0.0	0.1948129598746807	1.0661539128218367
1996	02	12	0.0082946925437	0.1948129598746807	1.168885729598426
1996	02	13	2.1315446296	0.1948129598746807	0.9493351430144362
1996	02	14	7.3112879051999995	0.1948129598746807	0.9017272277633388
1996	02	15	8.1644861346	0.3896259197493614	0.7961138823671571
1996	02	16	0.707772643248	0.3200498626512611	1.0317881967786002
1996	02	17	0.0006869030120699999	0.1948129598746807	1.2168805269013359
1996	02	18	0.0	0.1948129598746807	1.3561422297639083
1996	02	19	0.0114622111179	0.09740647993734035	0.9960549473468754
1996	02	20	0.0013690357559600001	0.09740647993734035	0.938146098229004
1996	02	21	0.044601548911100006	0.09740647993734035	1.0265318655050755
1996	02	22	0.00102558356967	0.09740647993734035	1.011517076079482
1996	02	23	0.0013845887861600001	0.05566084567848019	1.1733049278208505
1996	02	24	0.00103457870158	0.05566084567848019	1.287510859546061
1996	02	25	1.1511700069300002	0.05566084567848019	1.3046125535366786
1996	02	26	0.83875553542	0.027830422839240095	1.0773204219599648
1996	02	27	0.37895027708400003	0.027830422839240095	1.28249923884959
1996	02	28	1.2037990154100002	0.027830422839240095	1.1558334469930345
1996	02	29	7.4200166632	0.027830422839240095	1.030669464267411
1996	03	01	3.9468323073	0.05566084567848019	1.0674532480663002
1996	03	02	0.00022614773361000003	0.027830422839240095	1.6540341051231304
1996	03	03	0.00197335685142	0.027830422839240095	1.4944763907722145
1996	03	04	0.0006821327438900001	0.027830422839240095	1.3188497948085485
1996	03	05	0.71721717562	0.027830422839240095	1.2206613079948363
1996	03	06	2.67915414619	0.027830422839240095	1.085382243806817
1996	03	07	5.1445820951	0.05566084567848019	0.9403591598188386
1996	03	08	6.5792358886	0.4731171882670817	0.903802108019573
1996	03	09	7.827480604900002	8.209974737575829	1.064869686843771
1996	03	10	11.592211049600001	17.61665765723898	0.8826291010290619
1996	03	11	0.004926565649580001	6.289675561668261	1.850300767939726
1996	03	12	0.213457632606	2.574314112629709	1.4340677165567168
1996	03	13	5.820176147900001	2.0733665015233873	1.2171262486815924
1996	03	14	0.52732295198	1.6280797360955457	1.3151006275883377
1996	03	15	0.15831089633200002	1.0993017021499838	1.4040541930941175
1996	03	16	0.00206350088276	0.8627431080164429	1.547780764574348
1996	03	17	0.00103989413412	0.6540149367221423	1.5722165248311986
1996	03	18	0.086794791846	0.4731171882670817	1.5944889453451758
1996	03	19	0.6529173922399999	0.4731171882670817	1.2963658745989297
1996	03	20	0.090743600094	0.3200498626512611	1.695728078669713
1996	03	21	0.00224425672079	0.3200498626512611	1.9623195413296382
1996	03	22	0.0015999531975399999	0.1948129598746807	1.861504527400169
1996	03	23	0.027520487514200005	0.1948129598746807	1.7328770068547086
1996	03	24	9.2264498217	0.1948129598746807	1.2287346977714604
1996	03	25	1.1443447284100001	0.1391521141962005	1.4577969250060956
1996	03	26	0.8843010085699999	0.09740647993734035	1.7770878139793576
1996	03	27	0.00155439916118	0.09740647993734035	1.8518955684235607
1996	03	28	0.0	0.09740647993734035	2.2655887096310057
1996	03	29	0.0024329007957999997	0.05566084567848019	1.8614783681765592
1996	03	30	0.319162168948	0.027830422839240095	1.6809024562593113
1996	03	31	0.478516048252	0.0	1.6347679193714364
1996	04	01	0.7668619774419999	0.027830422839240095	1.4702172268179758
1996	04	02	0.007295590020699999	0.027830422839240095	1.9019067727775973
1996	04	03	0.0050479050548	0.027830422839240095	2.0164038081285205
1996	04	04	0.0006821327438900001	0.027830422839240095	2.003698805858761
1996	04	05	0.9897610212500001	0.013915211419620047	1.9560408152922684
1996	04	06	0.63921681645	0.013915211419620047	1.7860958439657888
1996	04	07	0.07007700502599999	0.013915211419620047	2.0995299218047654
1996	04	08	0.0	0.0	2.4780043253881816
1996	04	09	0.0013758718385300003	0.013915211419620047	2.234110253456037
1996	04	10	0.00034822157414	0.0	2.523429841485573
1996	04	11	0.0	0.0	2.295246826958051
1996	04	12	0.00339256165372	0.0	2.158172115485673
1996	04	13	0.0017070935201000002	0.0	2.727538494513747
1996	04	14	0.00171191724832	0.0	3.061192544836117
1996	04	15	0.0	0.0	2.9285820923664856
1996	04	16	0.000682132791908	0.0	2.1988088318055463
1996	04	17	0.00034822157414	0.0	2.5441021126542664
1996	04	18	0.00034822157414	0.0	2.710281600995273
1996	04	19	0.0176511511004	0.0	2.2094652995640645
1996	04	20	0.669471077545	0.0	1.818171115397092
1996	04	21	9.7767224966	0.0	1.684338615891691
1996	04	22	4.43800074642	0.0	1.7958870237124165
1996	04	23	0.60159719438	0.0	2.1589425020748516
1996	04	24	0.0	0.0	2.652787797207088
1996	04	25	0.0012374391457300002	0.0	2.6122048417084303
1996	04	26	0.00035532652549800003	0.0	2.5444250884627784
1996	04	27	3.5245508111000006	0.0	2.000220864659537
1996	04	28	7.089854498799999	0.0	1.8084208536584767
1996	04	29	0.542565345735	0.0	2.3705634905553468
1996	04	30	0.7528765428699999	0.0	2.180872246714453
1996	05	01	5.11562932188	0.0	2.1786518588938715
1996	05	02	2.11459771689	0.0	1.862955381352422
1996	05	03	3.7951589711200002	0.0	2.2123345122822773
1996	05	04	0.559770283168	0.0	2.392172834132801
1996	05	05	13.9876578054	0.0	1.599956654784599
1996	05	06	10.1525801904	0.013915211419620047	1.6171969129981123
1996	05	07	2.6945764874000004	0.05566084567848019	1.997799211425008
1996	05	08	0.6646319435500001	0.027830422839240095	2.4036350840215257
1996	05	09	4.955696329490001	0.013915211419620047	2.412333042086853
1996	05	10	0.082872873678	0.027830422839240095	1.9721520680971356
1996	05	11	0.40564341925999997	0.013915211419620047	1.9552181820001981
1996	05	12	0.00137416639923	0.0	2.6249319425127173
1996	05	13	0.000352991818311	0.0	2.980377413372487
1996	05	14	0.260701678482	0.0	2.196370875888016
1996	05	15	4.7720662140100005	0.0	1.7692453554284926
1996	05	16	2.6578828924600004	0.0	2.0744992986469484
1996	05	17	5.7687507906199995	0.0	1.8854829072177541
1996	05	18	3.87424133589	0.0	2.196192065856462
1996	05	19	0.45804698323000004	0.0	2.2681874746094164
1996	05	20	0.87601166123	0.0	2.3724913947959183
1996	05	21	0.0	0.0	3.034912634272442
1996	05	22	0.000696443268325	0.0	3.226608913306816
1996	05	23	0.0006963160606400001	0.0	3.3681527254352823
1996	05	24	0.00034106641195999997	0.0	3.6093852906823516
1996	05	25	0.0006821327438900001	0.0	3.6763940895187903
1996	05	26	0.00137402082466	0.0	3.8863750217464488
1996	05	27	0.00034822157414	0.0	4.002230769204884
1996	05	28	0.00274907163542	0.0	3.9714157749862653
1996	05	29	0.0010208138617	0.0	3.82734478442043
1996	05	30	0.0	0.0	3.559101557277444
1996	05	31	0.00259686441911	0.0	3.758505652657197
1996	06	01	0.0	0.0	3.6690715393422733
1996	06	02	0.00034002127618100003	0.0	3.289791125423692
1996	06	03	0.0010238359545600001	0.0	3.84734945745406
1996	06	04	0.0017096104636000003	0.0	3.8699710864621437
1996	06	05	0.0006964641961700001	0.0	3.095373079869206
1996	06	06	0.00374434416271	0.0	2.591118748202804
1996	06	07	0.087755880119	0.0	2.8033935510940236
1996	06	08	0.000684517821959	0.0	3.7170210061994613
1996	06	09	0.0	0.0	3.4597401334790425
1996	06	10	0.0006845178779800001	0.0	3.657604421498735
1996	06	11	0.0017220272781600001	0.0	3.612265225455587
1996	06	12	0.0	0.0	3.9869131005887892
1996	06	13	0.0006869030120699999	0.0	3.676533068960739
1996	06	14	0.0006873163350080001	0.0	3.751993661383936
1996	06	15	0.0	0.0	3.124962680023962
1996	06	16	0.0	0.0	3.3219507336075096
1996	06	17	0.00013735159954200002	0.0	3.6876538211958922
1996	06	18	0.0018009326966000002	0.0	3.524231729248281
1996	06	19	0.0	0.0	3.8820445575876064
1996	06	20	0.0006821328239199999	0.0	3.7469432866505716
1996	06	21	0.00076558802789	0.0	3.39830520011013
1996	06	22	0.0006821327438900001	0.0	4.021717246401267
1996	06	23	0.00207255635729	0.0	4.262562927430712
1996	06	24	0.0010271900118599998	0.0	3.526156044443568
1996	06	25	0.0	0.0	4.108557199664986
1996	06	26	0.0032310852027500007	0.0	4.083968777552633
1996	06	27	0.0010303539979100002	0.0	4.184604572758243
1996	06	28	0.0017014436421900001	0.0	4.613715191885731
1996	06	29	0.000682132791908	0.0	4.548815182200697
1996	06	30	0.0	0.0	3.639712686114103
1996	07	01	0.0037610904402100007	0.0	3.515286893310186
1996	07	02	0.000692778550571	0.0	4.086408370962046
1996	07	03	0.0006916720798	0.0	4.1482985924217255
1996	07	04	0.0010253994206400002	0.0	4.179128253382368
1996	07	05	0.0007896994662899999	0.0	3.5472650491972595
1996	07	06	0.00137862182939	0.0	3.4606536694102865
1996	07	07	0.32451835276400004	0.0	3.4679497183072376
1996	07	08	0.0006869030120699999	0.0	4.2324651123906305
1996	07	09	0.00069464783529	0.0	4.251729020225325
1996	07	10	0.00102558356967	0.0	3.5712683903309492
1996	07	11	0.00172155486107	0.0	3.611459045255474
1996	07	12	0.00035299176229	0.0	4.049248181554957
1996	07	13	0.000681025872969	0.0	4.312438809666742
1996	07	14	1.33137171724e-09	0.0	3.4964565256407445
1996	07	15	0.0156012034582	0.0	3.785904026518705
1996	07	16	0.00034822157414	0.0	4.212495162712869
1996	07	17	0.0006869030120699999	0.0	3.47716785227771
1996	07	18	0.0	0.0	4.245258985564574
1996	07	19	0.00138334552011	0.0	4.531853261335044
1996	07	20	0.0006855160121400001	0.0	4.6712271845044455
1996	07	21	0.0013676934928000001	0.0	3.868149479014947
1996	07	22	0.0	0.0	4.182085970278976
1996	07	23	0.020832953429	0.0	3.0745784614566727
1996	07	24	0.42638199331000004	0.0	3.664413845478061
1996	07	25	0.0017199608235300002	0.0	3.7439671716403877
1996	07	26	0.019996527887	0.0	3.377841560037036
1996	07	27	0.0010268057078	0.0	3.7833553050467685
1996	07	28	0.0	0.0	3.6677880094999926
1996	07	29	0.000686992773718	0.0	3.972737469320579
1996	07	30	0.000682964039509	0.0	4.416609228055497
1996	07	31	0.0	0.0	4.112268787257285
1996	08	01	6.866085817e-08	0.0	3.8771051153171934
1996	08	02	0.0013785758921700001	0.0	4.094434350607219
1996	08	03	0.0	0.0	3.989923868123836
1996	08	04	0.0006964432283100001	0.0	3.81470755442002
1996	08	05	0.0	0.0	3.5393632728462925
1996	08	06	0.0230792050576	0.0	3.2808803064480863
1996	08	07	0.045888529748	0.0	3.3866519691885806
1996	08	08	0.0017196419840099998	0.0	3.73686777588348
1996	08	09	0.00034822154212800006	0.0	3.9000854570878056
1996	08	10	0.00139531368649	0.0	3.819182746166462
1996	08	11	0.0	0.0	3.971087068916754
1996	08	12	0.000352991818311	0.0	3.9241746550711265
1996	08	13	0.000692607918608	0.0	3.645701813377207
1996	08	14	0.00035331148214000005	0.0	3.2081487043246217
1996	08	15	0.0040574953904	0.0	2.603249640479075
1996	08	16	0.0006869030120699999	0.0	2.9824513021481454
1996	08	17	0.0006964433083400001	0.0	3.1005920856921536
1996	08	18	0.0006831737341149999	0.0	2.850179892360561
1996	08	19	0.0	0.0	3.2794621499820766
1996	08	20	0.00138341346558	0.0	2.9026280151059938
1996	08	21	0.0020483270347	0.0	3.196220683443734
1996	08	22	0.0	0.0	3.4044297780895896
1996	08	23	0.0239834032048	0.0	2.8236575665971126
1996	08	24	0.00104225325846	0.0	3.1009095254751777
1996	08	25	0.00034106641195999997	0.0	3.586665722603078
1996	08	26	0.0003976784335100001	0.0	3.3530856355322274
1996	08	27	0.0006869030120699999	0.0	3.2815388146577567
1996	08	28	0.00309159067191	0.0	3.36171261009333
1996	08	29	0.0013732093204600001	0.0	3.0934384020251726
1996	08	30	0.00137619059802	0.0	2.616460748305437
1996	08	31	0.0531607237985	0.0	3.0537398963833993
1996	09	01	0.00034822157414	0.0	2.9556370032311783
1996	09	02	0.00172380250362	0.0	2.891775084990412
1996	09	03	0.08123169046499999	0.0	2.3940904661485787
1996	09	04	1.2598480259100002	0.0	1.9959105336184093
1996	09	05	0.0015317818028499999	0.0	2.5741132040580217
1996	09	06	0.00034822157414	0.0	2.9277208468726283
1996	09	07	0.00103607518255	0.0	3.025440591090235
1996	09	08	0.00010650946207599999	0.0	2.4354782592864734
1996	09	09	1.85155831409	0.0	2.5995424112583057
1996	09	10	6.810813097500001	0.0	1.6123677529738625
1996	09	11	3.65800131628	0.0	1.83115625433057
1996	09	12	0.144136182807	0.0	2.310899112707006
1996	09	13	0.0008106972575100001	0.0	2.301873774937663
1996	09	14	0.0013989340036	0.0	2.392696790681213
1996	09	15	0.0	0.0	2.2149974501958924
1996	09	16	0.9854763751100001	0.0	1.9199543625337716
1996	09	17	2.76836350716	0.0	2.0990134347569844
1996	09	18	1.7851299728	0.0	2.102111331576099
1996	09	19	0.0104549207256	0.0	2.147034057406186
1996	09	20	5.86416583785	0.0	1.9710247976493915
1996	09	21	0.21212871845	0.0	1.942267916568265
1996	09	22	0.0	0.0	2.027467250739801
1996	09	23	0.0017307326214400002	0.0	2.2479069406850494
1996	09	24	0.0025967921520200004	0.0	1.9288664356950758
1996	09	25	0.00034294975795	0.0	2.3336168038403273
1996	09	26	0.00034822157414	0.0	2.506379246055062
1996	09	27	0.00104971245461	0.0	2.6179773856192847
1996	09	28	0.00069167312019	0.0	2.7058090332838796
1996	09	29	0.0006821327438900001	0.0	2.584047731112475
1996	09	30	0.0006871817165450001	0.0	2.253682994603795
1996	10	01	0.0006828178006899999	0.0	1.7428591581352626
1996	10	02	0.0	0.0	2.167217278441931
1996	10	03	0.0006869030120699999	0.0	2.3517333794381816
1996	10	04	0.0013785758921700001	0.0	2.4337108054977628
1996	10	05	0.0	0.0	2.2562165432957775
1996	10	06	0.00034822161415500003	0.0	1.7491611652641703
1996	10	07	0.000352991818311	0.0	1.7196502546454517
1996	10	08	0.00137619059802	0.0	2.023895945288369
1996	10	09	0.00102660115112	0.0	2.0996503084291125
1996	10	10	0.00103989421415	0.0	1.8167548561919564
1996	10	11	0.00034822157414	0.0	1.8180110097133133
1996	10	12	6.9933775335e-05	0.0	1.7517240107701477
1996	10	13	18.470427814	0.0	1.2035022909937159
1996	10	14	0.186613777934	0.0	1.3479281778395225
1996	10	15	0.00287614182888	0.0	1.5300277134683264
1996	10	16	0.8559634259600001	0.0	1.3416437596947286
1996	10	17	0.283066214039	0.0	1.5633085463527645
1996	10	18	0.028760981325000004	0.0	1.4906542549620978
1996	10	19	0.0008607512207100001	0.0	1.6893611341512258
1996	10	20	0.0006869030120699999	0.0	1.708453636668766
1996	10	21	0.00170273068465	0.0	1.7677933074087462
1996	10	22	0.0007754063483800001	0.0	1.413962803996356
1996	10	23	0.00060682979587	0.0	1.7290229957631593
1996	10	24	0.0006869030120699999	0.0	1.580470799598703
1996	10	25	0.000357505630356	0.0	1.771644096428984
1996	10	26	0.0	0.0	1.614060177230442
1996	10	27	0.0010458264379	0.0	1.6363115591285855
1996	10	28	0.00034106641195999997	0.0	1.6767116736486074
1996	10	29	0.020519003742	0.0	1.4123351865527778
1996	10	30	0.0006821327438900001	0.0	1.5287129518941138
1996	10	31	0.0	0.0	1.551577579909416
1996	11	01	0.0006821327438900001	0.0	1.5173884615866178
1996	11	02	0.0006869030120699999	0.0	1.6045968125586487
1996	11	03	0.0	0.0	1.520601279934984
1996	11	04	0.0	0.0	1.5645806669291102
1996	11	05	0.0007829070400850001	0.0	1.0947354247243826
1996	11	06	0.00102839686426	0.0	1.2705144900661314
1996	11	07	0.0006845178779800001	0.0	1.4430605908301481
1996	11	08	0.0	0.0	1.352775634184371
1996	11	09	0.00075112572656	0.0	1.034034726199224
1996	11	10	0.88779151702	0.0	1.2101064741954204
1996	11	11	8.7424259808	0.0	0.8216923118527101
1996	11	12	6.4651645678900005	0.0	0.7719346843356149
1996	11	13	4.5728445739	0.0	0.741711580845028
1996	11	14	2.28896427984	0.0	0.7807886088854415
1996	11	15	1.0768511878200002	0.0	0.8659771081377045
1996	11	16	0.00034822157414	0.0	0.8147795131187298
1996	11	17	0.0006947292578120001	0.0	0.9236586357882853
1996	11	18	0.0039761284892500005	0.0	0.8185076641766238
1996	11	19	0.0354942533555	0.0	0.994707679148477
1996	11	20	0.0288803668778	0.0	0.8835854145075405
1996	11	21	0.0037835266106199996	0.0	1.0110754598163523
1996	11	22	0.0006821814501480001	0.0	1.0328231247125665
1996	11	23	0.20008596411000001	0.0	0.9123222255078035
1996	11	24	0.243496260869	0.0	0.8127979115319351
1996	11	25	0.0028375228721999996	0.0	0.9095884413352011
1996	11	26	0.183697220635	0.0	0.9733805366753429
1996	11	27	0.0019489632272400004	0.0	0.8958975392350261
1996	11	28	0.0013720831383	0.0	0.8160174813559912
1996	11	29	0.0	0.0	0.9509000645127998
1996	11	30	0.00034822157414	0.0	1.0642260367260274
1996	12	01	0.00141662903675	0.0	0.9820998414980844
1996	12	02	0.00102558356967	0.0	0.9787859150569441
1996	12	03	0.00058403220998	0.0	0.9604254954052013
1996	12	04	3.8205585724000004	0.0	0.7195429012068154
1996	12	05	0.175126255728	0.0	0.667501356167369
1996	12	06	0.007909362499099999	0.0	0.5928197217450774
1996	12	07	0.224697045806	0.0	0.6743556084830935
1996	12	08	0.0006821327438900001	0.0	0.80091814241126
1996	12	09	0.00034822161415500003	0.0	0.7984615011603181
1996	12	10	20.1813715774	0.0	0.7928974851660786
1996	12	11	19.098431227000003	0.0	0.3342585555455505
1996	12	12	18.898251387699997	0.013915211419620047	0.4820414089914898
1996	12	13	7.0479003719	2.045536078684147	0.5959423957295642
1996	12	14	0.139489665016	0.6122693024632822	0.6139489935022152
1996	12	15	8.672149236900001	2.3934163641746484	0.5557611967349311
1996	12	16	6.917678757100001	7.013266555488504	0.7468326833259554
1996	12	17	26.616313376	14.819700161895351	0.50258479520828
1996	12	18	16.370214929400003	12.301046894944122	0.6413833174986677
1996	12	19	7.042543964	3.3813963749676716	0.6148899000377321
1996	12	20	11.5139553147	11.36872772982958	0.44142643897157274
1996	12	21	6.50049885328	7.013266555488504	0.46909352811637456
1996	12	22	12.774210933400001	9.643241513796694	0.5047145746430979
1996	12	23	5.009879600600001	4.8703239968670164	0.6561451946262112
1996	12	24	1.9802812070800002	4.592019768474616	0.4300705347137455
1996	12	25	0.10101645577080001	2.045536078684147	0.7805515895713282
1996	12	26	7.307848215799999e-07	0.9740647993734033	0.7732776260862197
1996	12	27	0.0062174194583000005	0.6122693024632822	0.6924758407565382
1996	12	28	9.9417531599	8.084737834799247	0.5439528645944617
1996	12	29	2.0184071789600004	17.03221877761494	0.6963096383651334
1996	12	30	9.332355921600001	5.733067104883459	0.5252558671976851
1996	12	31	0.8739524093	8.084737834799247	0.6782325930449128
1997	01	01	0.179735391506	2.574314112629709	0.7042321142103516
1997	01	02	9.0515242492	2.574314112629709	0.6990057641230434
1997	01	03	0.9255850442800001	2.3934163641746484	0.5907034521391366
1997	01	04	10.6183451868	6.679301481417623	0.6004938752280343
1997	01	05	3.34015328795	8.83615925145873	0.6595089461718879
1997	01	06	3.36836698412	3.3813963749676716	0.6075153028986029
1997	01	07	18.4176288218	4.592019768474616	0.8101460723983879
1997	01	08	1.47127752225	8.83615925145873	0.6761836382107738
1997	01	09	0.6834578005999999	2.7691270725043897	0.7780786915596564
1997	01	10	0.275302103589	1.447181987640485	0.8179895527713782
1997	01	11	0.0197708392855	0.9740647993734033	0.8545171426958481
1997	01	12	0.00034822157414	0.7792518394987228	0.7775580002674465
1997	01	13	0.00034822157414	0.6122693024632822	0.7260332898912794
1997	01	14	0.10210281020100001	0.45920197684746156	0.7108867954220378
1997	01	15	1.69351434982	0.45920197684746156	0.6356180523851276
1997	01	16	6.04191094728	4.091072157368294	0.7115769697300763
1997	01	17	0.064202498912	3.1726682036733704	0.8587822938839328
1997	01	18	5.5935455933	11.827929706677041	0.6818984000490295
1997	01	19	14.402692585099997	7.709027126469507	0.49172442473726785
1997	01	20	0.52144498857	4.091072157368294	0.7147695818020187
1997	01	21	3.52835351658	3.3813963749676716	0.74248936453259
1997	01	22	0.0503151683152	2.7691270725043897	0.831264507258548
1997	01	23	0.24312521778	1.739401427452506	0.8853172086500544
1997	01	24	0.00068904261412	1.1967081820873242	0.9610961487307671
1997	01	25	0.00307932663462	0.876658319436063	0.9165772938632714
1997	01	26	0.000682132791908	0.6957605709810024	0.9104194619602356
1997	01	27	0.0	0.5287780339455618	0.9389741685784538
1997	01	28	0.0009195421390400001	0.45920197684746156	0.882018936671214
1997	01	29	1.0408290445800001	0.33396507407088116	0.7833280182685669
1997	01	30	0.00034822157414	0.33396507407088116	0.7872926008958889
1997	01	31	0.00034106641195999997	0.23655859413354086	1.02096237356957
1997	02	01	0.0013642651676600002	0.23655859413354086	1.1813551275304728
1997	02	02	0.000352991818311	0.23655859413354086	1.2128093254577252
1997	02	03	0.058332546505000006	0.23655859413354086	1.2028396250263236
1997	02	04	0.008745588766400001	0.15306732561582054	1.069538164557477
1997	02	05	0.0014381746333200001	0.15306732561582054	1.1790826580973846
1997	02	06	0.00034822157414	0.15306732561582054	1.0749496455949823
1997	02	07	1.7971275902200001	0.12523690277658042	0.9576226228581087
1997	02	08	0.7445222111700001	0.23655859413354086	0.9728853250475727
1997	02	09	0.197836464864	0.15306732561582054	0.9703363026182064
1997	02	10	0.00101861495742	0.15306732561582054	1.33383427138491
1997	02	11	0.00171858934942	0.12523690277658042	1.3255926386501147
1997	02	12	0.00350497443271	0.12523690277658042	1.2617069572242687
1997	02	13	0.00511840772339	0.12523690277658042	1.2541592117295
1997	02	14	0.046096575736000005	0.12523690277658042	0.9397738921142442
1997	02	15	0.00268302671786	0.09740647993734035	1.109808622198517
1997	02	16	0.00103989421415	0.09740647993734035	1.35263683353158
1997	02	17	0.0013922955151	0.09740647993734035	1.1697664089686415
1997	02	18	0.0	0.09740647993734035	1.3393020701936558
1997	02	19	0.0006821327438900001	0.09740647993734035	1.3956642067650442
1997	02	20	0.0	0.09740647993734035	1.6783116498859545
1997	02	21	0.0	0.09740647993734035	1.5193758100154728
1997	02	22	0.116493788795	0.09740647993734035	1.007466136913102
1997	02	23	0.146531208605	0.12523690277658042	1.1918665510673385
1997	02	24	9.32735684765e-05	0.12523690277658042	1.5208768276213231
1997	02	25	0.0073016995109	0.12523690277658042	1.4764470088200723
1997	02	26	0.00201873882328	0.09740647993734035	1.4790940791111022
1997	02	27	0.00034822157414	0.09740647993734035	1.5951495265347282
1997	02	28	0.00034822157414	0.09740647993734035	1.4660463866516356
1997	03	01	0.00121328056966	0.09740647993734035	1.3902194369414589
1997	03	02	0.0172030127115	0.09740647993734035	1.6853668769516132
1997	03	03	0.0	0.09740647993734035	1.6166017057177287
1997	03	04	0.0	0.09740647993734035	1.7862629327023452
1997	03	05	0.00103512450618	0.06957605709810025	2.081590226669328
1997	03	06	0.00034822157414	0.06957605709810025	1.896732242632511
1997	03	07	0.0006821327438900001	0.06957605709810025	2.0472596717312133
1997	03	08	0.00034106641195999997	0.06957605709810025	1.5737573827661804
1997	03	09	0.0	0.05566084567848019	1.5240377939658938
1997	03	10	0.00068461607479	0.041745634258860145	1.5365427990532308
1997	03	11	0.0006845178779800001	0.041745634258860145	1.7162500986751221
1997	03	12	0.00034822157414	0.027830422839240095	1.961824756142507
1997	03	13	0.0	0.027830422839240095	2.0355509545558155
1997	03	14	0.00034822157414	0.027830422839240095	2.247282751425322
1997	03	15	0.0027452263539799997	0.013915211419620047	2.2608517261653476
1997	03	16	0.0006821327438900001	0.0	1.799237079752508
1997	03	17	0.00241096273211	0.0	1.9301276748139975
1997	03	18	0.0017220410433200003	0.0	2.5397675458634335
1997	03	19	0.0006821327438900001	0.0	2.362924682339652
1997	03	20	0.0	0.0	2.259003433254107
1997	03	21	0.0013690357559600001	0.0	2.035825904396634
1997	03	22	0.0036072338056	0.0	2.3402714745719737
1997	03	23	0.00632906506971	0.0	2.569383759415449
1997	03	24	0.0017220272781600001	0.0	2.7073111235681466
1997	03	25	0.0013642651676600002	0.0	1.7635249722761532
1997	03	26	0.00069167312019	0.0	2.3133932321966038
1997	03	27	0.0010363043084400001	0.0	2.0588791322386335
1997	03	28	0.0010208138617	0.0	2.2579726322137423
1997	03	29	0.0	0.0	2.446676228899996
1997	03	30	0.0023993898339000003	0.0	1.973642288853369
1997	03	31	0.0	0.0	2.1831895966652524
1997	04	01	0.000682132791908	0.0	2.2257069912891447
1997	04	02	0.0019751315967000004	0.0	2.284917427687558
1997	04	03	0.00035133397285200003	0.0	2.4733236772146316
1997	04	04	0.0	0.0	2.9623378282540473
1997	04	05	0.27298641153	0.0	2.5008089850616746
1997	04	06	1.25052613151	0.0	1.7464049913568178
1997	04	07	0.4410670181300001	0.0	2.2154728716900753
1997	04	08	0.8340194400499998	0.0	2.1220978059614195
1997	04	09	0.304522697204	0.0	2.30045974446222
1997	04	10	0.470221186845	0.0	1.9776864403145147
1997	04	11	0.8675264004500001	0.0	2.032906847482239
1997	04	12	0.00068529304856	0.0	2.720201844209925
1997	04	13	0.0	0.0	2.5724441280688044
1997	04	14	0.0006821327438900001	0.0	2.3388029955296035
1997	04	15	0.0	0.0	2.5169656389887995
1997	04	16	0.8225132068300002	0.0	2.3276006151689366
1997	04	17	0.6283211801180001	0.0	2.1818823616639613
1997	04	18	5.0590436302	0.0	1.9268176873796863
1997	04	19	17.366713276200002	0.0	1.5475413589469278
1997	04	20	1.0451876384399998	0.45920197684746156	1.832698788787158
1997	04	21	1.4890210535800001	0.1948129598746807	2.2591628506597536
1997	04	22	1.72683596074	0.09740647993734035	2.0074050926526614
1997	04	23	0.00102558356967	0.09740647993734035	2.3128151748537182
1997	04	24	1.6898672226599998	0.05566084567848019	2.340111161575706
1997	04	25	0.53171595874	0.05566084567848019	2.3011837302798326
1997	04	26	0.000352991818311	0.05566084567848019	2.7881791309558737
1997	04	27	0.00226456289275	0.041745634258860145	3.005413500663179
1997	04	28	0.00034822157414	0.027830422839240095	3.411524245400361
1997	04	29	0.00034822157414	0.027830422839240095	3.5737420868983554
1997	04	30	0.0006821327438900001	0.027830422839240095	3.164581928004166
1997	05	01	0.0013665231340799998	0.013915211419620047	2.5245714963292394
1997	05	02	0.8669484237899999	0.0	1.914406263033921
1997	05	03	0.00269794374965	0.0	2.980261104498663
1997	05	04	6.7731533804e-06	0.0	3.0951260824338016
1997	05	05	0.0187035431995	0.0	2.170255759425238
1997	05	06	0.00493669896815	0.0	2.2921104958800003
1997	05	07	0.45059542194200003	0.0	2.17982015019517
1997	05	08	0.000351710097846	0.0	2.8134056350569816
1997	05	09	0.0	0.0	2.862119103640129
1997	05	10	0.0	0.0	2.8269242075391823
1997	05	11	6.490059259900001	0.0	2.472504934610822
1997	05	12	0.019791110084200002	0.0	2.888428292492665
1997	05	13	0.0	0.0	3.046373313479752
1997	05	14	0.00098150192525	0.0	3.2795469148131557
1997	05	15	2.229499749	0.0	2.7897940233227514
1997	05	16	1.5275680632900002	0.0	2.257207478443143
1997	05	17	0.232299943824	0.0	2.4715278452272047
1997	05	18	1.23644357253	0.0	2.2837122832160284
1997	05	19	0.195648740775	0.0	2.5605422728729605
1997	05	20	0.0102160287747	0.0	2.7612150202877657
1997	05	21	0.000352991818311	0.0	3.0401375306517777
1997	05	22	0.0006821327438900001	0.0	3.26812659137843
1997	05	23	3.5120962223799994	0.0	2.6096775196292286
1997	05	24	4.032234721200001	0.0	2.030983009211185
1997	05	25	8.3462294628	0.0	2.044322317639246
1997	05	26	2.52289909251	0.0	1.994589870538954
1997	05	27	1.14979877291	0.0	2.187867112827612
1997	05	28	0.44915416167200006	0.0	2.4120647724920503
1997	05	29	0.323650059276	0.0	3.081715777147374
1997	05	30	0.0231211031635	0.0	2.617417795762448
1997	05	31	1.53836875203	0.0	2.108503496618025
1997	06	01	0.280049267108	0.0	2.655728764456612
1997	06	02	0.060072062579	0.0	2.736514355969068
1997	06	03	0.0116869705711	0.0	3.1336987240983674
1997	06	04	1.2213086990800002	0.0	2.482126642451786
1997	06	05	7.3605383672	0.0	2.615686058608887
1997	06	06	1.7372803559199999	0.0	1.8546195578095406
1997	06	07	0.331276966294	0.0	2.580944220823836
1997	06	08	0.0008515753010299999	0.0	3.338182224565252
1997	06	09	0.145300499262	0.0	3.150976595055402
1997	06	10	0.32416922188900005	0.0	2.4981839755490873
1997	06	11	0.00146241475996	0.0	3.15194563349808
1997	06	12	0.00103273929206	0.0	3.626064054696332
1997	06	13	0.00138558387918	0.0	3.700732482907245
1997	06	14	0.0	0.0	3.824349081953951
1997	06	15	0.0	0.0	3.700033289100391
1997	06	16	0.00034822157414	0.0	3.6159890718210677
1997	06	17	0.0017124869818900003	0.0	3.333588185051958
1997	06	18	0.000691829954981	0.0	3.889296449546356
1997	06	19	0.00137619652024	0.0	3.897351852519641
1997	06	20	0.00171635195071	0.0	4.000759205318318
1997	06	21	0.00136964126294	0.0	3.6235269543511652
1997	06	22	0.0	0.0	3.133198821741827
1997	06	23	0.0013785758921700001	0.0	3.822170268153254
1997	06	24	0.00273017327119	0.0	3.664400628434112
1997	06	25	0.000352991818311	0.0	3.9230493843046945
1997	06	26	0.0006630521993679999	0.0	3.6573974525595117
1997	06	27	1.3732171634e-07	0.0	3.187356251301595
1997	06	28	0.007240278086500001	0.0	3.0703198759950614
1997	06	29	0.161327018954	0.0	3.0781056702237746
1997	06	30	0.142998420306	0.0	3.23761610476042
1997	07	01	2.3867231656800003	0.0	2.6554061869822485
1997	07	02	0.058854746256499994	0.0	3.0259575547525905
1997	07	03	0.0	0.0	3.290641111457093
1997	07	04	0.00069129889991	0.0	3.6394315461289395
1997	07	05	0.00034822157414	0.0	4.181548326220572
1997	07	06	0.0013642651676600002	0.0	4.331594451074385
1997	07	07	0.0006821327438900001	0.0	3.8461957296588705
1997	07	08	0.000691673064169	0.0	3.800346656218625
1997	07	09	0.0	0.0	3.7506148743253576
1997	07	10	4.5773902779e-08	0.0	4.012194744636946
1997	07	11	0.0	0.0	4.262973605022308
1997	07	12	0.000342885950031	0.0	3.7639121452754813
1997	07	13	0.008189551530600001	0.0	3.155370986519279
1997	07	14	0.8144519449900001	0.0	2.5323713784901334
1997	07	15	8.5201314516	0.0	1.991076933859666
1997	07	16	0.330689906229	0.0	2.989095001326612
1997	07	17	0.00034106641195999997	0.0	3.3826462416155834
1997	07	18	0.00034822157414	0.0	3.36894228886199
1997	07	19	0.00034822161415500003	0.0	3.214348373242757
1997	07	20	0.000352991818311	0.0	3.348570280449326
1997	07	21	0.0006821327438900001	0.0	3.563897058401319
1997	07	22	0.0016870541681600001	0.0	3.3240258965344402
1997	07	23	0.06943979016	0.0	3.0266493601721836
1997	07	24	6.866085817e-08	0.0	3.814908536562142
1997	07	25	0.0034271609435900002	0.0	4.035223655327379
1997	07	26	0.0013738053839	0.0	3.168386188835108
1997	07	27	0.0012163639654999999	0.0	3.5612808818607076
1997	07	28	0.0035077957303000003	0.0	3.214424976210705
1997	07	29	0.00138334552011	0.0	3.5576723521631473
1997	07	30	0.0017524690895600002	0.0	3.4500680037002738
1997	07	31	0.0	0.0	3.8239828244380902
1997	08	01	0.00034822157414	0.0	3.553869441461432
1997	08	02	0.00131937001829	0.0	2.770074186643064
1997	08	03	0.00201198981335	0.0	2.894079727610049
1997	08	04	0.021917047812	0.0	3.229591170238092
1997	08	05	0.00034106641195999997	0.0	3.604623885618919
1997	08	06	0.0	0.0	3.378914675387379
1997	08	07	0.00357182501228	0.0	3.240445956643325
1997	08	08	0.0	0.0	3.244285616242127
1997	08	09	0.00029836442871900004	0.0	3.099374737364153
1997	08	10	0.41861214470900004	0.0	2.4700165690264733
1997	08	11	0.0005306873731649999	0.0	3.3981794595156116
1997	08	12	0.0020677195841800004	0.0	3.7418941149394707
1997	08	13	0.0	0.0	3.8290911520970767
1997	08	14	0.000352991818311	0.0	3.886494522069727
1997	08	15	0.00067909880659	0.0	3.8245941376161436
1997	08	16	0.0010255836497	0.0	3.7517126709705377
1997	08	17	0.0013785758921700001	0.0	3.8059323510181775
1997	08	18	0.0006821327438900001	0.0	3.5333363280179575
1997	08	19	0.00205820409721	0.0	3.3098086574251986
1997	08	20	0.0006869030120699999	0.0	3.6425468107770973
1997	08	21	0.027499092294	0.0	3.241303551247256
1997	08	22	0.40295532360200004	0.0	3.1727454812880214
1997	08	23	0.79694002048	0.0	3.0691826843288794
1997	08	24	2.2306345744	0.0	2.3027216825585533
1997	08	25	3.9751957395999997	0.0	2.429556560404341
1997	08	26	0.00102558356967	0.0	2.896011083882547
1997	08	27	0.064896094913	0.0	2.5636519276761827
1997	08	28	0.0034959164772500003	0.0	2.748515255104618
1997	08	29	0.0	0.0	3.2673651383525333
1997	08	30	0.0017171853031	0.0	3.227030385679887
1997	08	31	0.00069959705055	0.0	3.2415244022221352
1997	09	01	0.0	0.0	2.855758468271386
1997	09	02	0.00205910891639	0.0	3.5031695402429994
1997	09	03	0.000684517821959	0.0	3.3884182672613647
1997	09	04	0.0	0.0	3.397262939774454
1997	09	05	0.00102595194776	0.0	3.483549206840963
1997	09	06	0.00034822157414	0.0	3.079295000040354
1997	09	07	0.000352991818311	0.0	2.8301050003047887
1997	09	08	0.00103989421415	0.0	2.705064145536865
1997	09	09	0.0006869030120699999	0.0	2.8406666631469553
1997	09	10	0.0	0.0	2.6781836326887616
1997	09	11	0.0012456573464	0.0	2.3607907005587734
1997	09	12	0.00069118997908	0.0	2.499908150600246
1997	09	13	3.3904805536	0.0	1.594924764460716
1997	09	14	1.4437198319900002	0.0	1.6175812351097507
1997	09	15	0.39219701875	0.0	1.9763966226536276
1997	09	16	0.08139955338999999	0.0	2.579811913534523
1997	09	17	0.024017773688900002	0.0	2.368370833133656
1997	09	18	0.0345208812778	0.0	2.182081405356916
1997	09	19	0.22044671653	0.0	2.4812424270524773
1997	09	20	0.051730359613	0.0	2.4820185822861403
1997	09	21	0.0006821327438900001	0.0	2.7130642695171394
1997	09	22	0.0006901845381809999	0.0	2.5032166841224366
1997	09	23	0.0	0.0	2.4034402015686163
1997	09	24	0.00089834947477	0.0	2.4106733625861527
1997	09	25	0.9032654775800001	0.0	2.250810349731139
1997	09	26	4.930480237	0.0	1.5196720892242122
1997	09	27	6.6846986223	0.0	1.6573990044624725
1997	09	28	0.0736961745058	0.0	1.8605186320393063
1997	09	29	8.948538444	0.0	1.7785662965446387
1997	09	30	2.6212193888	0.0	1.577662827504295
1997	10	01	1.742133055	0.0	1.6875960241109966
1997	10	02	0.008261688972000001	0.0	2.0000231174085124
1997	10	03	0.0014610692155700002	0.0	2.0527094650903535
1997	10	04	0.5532927670100001	0.0	1.76648796246198
1997	10	05	9.8171456496	0.0	1.3420619532173763
1997	10	06	23.5632721147	0.0	1.0505293671962401
1997	10	07	0.23423504521500002	0.0	1.5809828286023433
1997	10	08	0.00245460509186	0.0	1.6808873979253138
1997	10	09	0.0006964432283100001	0.0	2.0662897567609355
1997	10	10	0.0044829108614	0.0	1.9697053847084802
1997	10	11	0.00146251887899	0.0	2.151049852556639
1997	10	12	0.00033722284316200005	0.0	1.9472793443519045
1997	10	13	0.0	0.0	1.8596726713130798
1997	10	14	0.00034822157414	0.0	1.7606574569941218
1997	10	15	0.0006821327438900001	0.0	1.7487365895169573
1997	10	16	0.0013785758921700001	0.0	1.8183693741462996
1997	10	17	0.0367938613258	0.0	1.4211019919608165
1997	10	18	5.289630868000001	0.0	0.9321820170741517
1997	10	19	0.16529803552699998	0.0	1.0462006314684973
1997	10	20	16.1161004722	0.0	0.7999493081991016
1997	10	21	4.923333878119999	0.0	1.0575434056724313
1997	10	22	0.37345687383000004	0.0	1.090515116088478
1997	10	23	0.08398628625120001	0.0	1.321019047095676
1997	10	24	0.0037928124114900005	0.0	1.271980771474168
1997	10	25	0.06196468404600001	0.0	1.1280478878155207
1997	10	26	5.85707686048	0.013915211419620047	0.8612335777244027
1997	10	27	0.101841552266	0.013915211419620047	1.229313924907071
1997	10	28	0.014308998262900002	0.0	1.3033183603975298
1997	10	29	0.00137619059802	0.0	1.364793310532111
1997	10	30	0.025944274255800003	0.0	1.1935571017752395
1997	10	31	0.0010208138617	0.0	1.1891947825854723
1997	11	01	1.25068867244	0.0	1.042474318452449
1997	11	02	31.772030045	0.1948129598746807	0.6583681265988072
1997	11	03	2.73317471631	5.733067104883459	0.8921158082813578
1997	11	04	3.4281906896	1.447181987640485	0.884673468555856
1997	11	05	53.737367959	6.345336407346741	0.8777425096402839
1997	11	06	3.9253290466000004	2.96394003237907	0.9207521410220736
1997	11	07	0.96656992785	1.0853864907303636	1.028434326789275
1997	11	08	0.38490444506	0.5287780339455618	1.023808234741402
1997	11	09	0.09457244337199999	0.33396507407088116	1.0227263394521737
1997	11	10	0.300232689054	0.23655859413354086	0.8976447527625389
1997	11	11	2.266265531	0.15306732561582054	0.8189000431540495
1997	11	12	0.501900350078	0.15306732561582054	0.8912210380490376
1997	11	13	3.3193370848000003	0.12523690277658042	0.9359797966090834
1997	11	14	0.011668474037500001	0.15306732561582054	0.9883540993275182
1997	11	15	0.0	0.15306732561582054	1.0462775416930716
1997	11	16	0.102537925308	0.15306732561582054	0.9040569924361731
1997	11	17	0.116378521586	0.15306732561582054	0.8701408879054429
1997	11	18	7.7501348111	0.15306732561582054	0.9372060626200416
1997	11	19	0.55869783315	0.1948129598746807	0.8668498744892806
1997	11	20	1.50788748584	0.23655859413354086	0.8171189562292943
1997	11	21	7.332591891200001	0.876658319436063	0.8252198695969795
1997	11	22	0.0119235152421	0.876658319436063	0.8263494961986612
1997	11	23	0.0775707221165	0.6122693024632822	0.8873320355682488
1997	11	24	7.9684438463	3.840598351815133	0.597874753274914
1997	11	25	18.3035140448	11.827929706677041	0.567898313639735
1997	11	26	0.004892434215090001	3.840598351815133	0.7732277204917396
1997	11	27	0.288663504236	1.447181987640485	0.8805355943000118
1997	11	28	1.4226580968	0.876658319436063	0.8632736989645633
1997	11	29	0.00235510955502	0.6122693024632822	0.8939902469919513
1997	11	30	0.00068828096861	0.4035411311689814	0.8762936349200695
1997	12	01	0.0023990497064	0.33396507407088116	0.8853961436780257
1997	12	02	0.00381325687529	0.23655859413354086	0.8703813961951741
1997	12	03	3.3571048424	0.23655859413354086	0.6374882015979348
1997	12	04	5.246758797	3.840598351815133	0.8446829372272279
1997	12	05	0.0027497282015400003	0.9740647993734033	0.7086736062663384
1997	12	06	0.0	0.5287780339455618	0.8387582973893376
1997	12	07	0.22428215427999998	0.33396507407088116	0.8570344842058694
1997	12	08	1.40719413999	0.29221943981202103	0.7077824033696476
1997	12	09	1.1791019975	0.23655859413354086	0.743898951221528
1997	12	10	0.37401332242	0.15306732561582054	0.8247919967867894
1997	12	11	0.21738460867	0.15306732561582054	0.6905692648858277
1997	12	12	0.293464527945	0.15306732561582054	0.8453070349431903
1997	12	13	0.0	0.12523690277658042	0.740789251502034
1997	12	14	0.17901561769200003	0.09740647993734035	0.720732881926996
1997	12	15	2.84320916376	0.09740647993734035	0.5878788790720766
1997	12	16	2.51046955318	0.09740647993734035	0.5897536399847164
1997	12	17	35.910557411000006	15.905086652625714	0.46816255028052145
1997	12	18	8.0792293753	13.776059305423848	0.4824238350811932
1997	12	19	1.6626670264100003	8.084737834799247	0.6374865238564551
1997	12	20	0.126489079624	2.045536078684147	0.7223499601623172
1997	12	21	9.628284453200001	7.013266555488504	0.6991180310783839
1997	12	22	1.2867634754200001	8.084737834799247	0.7956187557612147
1997	12	23	0.00275460122824	2.574314112629709	0.756682850023675
1997	12	24	0.0013572223676	1.1967081820873242	0.8361532444690677
1997	12	25	0.013066057935000002	0.6957605709810024	0.799136256703363
1997	12	26	4.98544107959	0.45920197684746156	0.7587171847000876
1997	12	27	0.0	0.33396507407088116	0.7251162748088431
1997	12	28	5.601616218649999	0.29221943981202103	0.8250168077943396
1997	12	29	5.486006881400001	13.776059305423848	0.7238361313880648
1997	12	30	0.024014102712800002	3.3813963749676716	0.5978815827135434
1997	12	31	5.501820809400001	1.3219450848639045	0.614536840051144
1998	01	01	0.00267280504617	0.7792518394987228	0.7109813089229763
1998	01	02	0.0253106519365	0.45920197684746156	0.87537785645214
1998	01	03	0.475097726862	0.33396507407088116	0.7591288625039164
1998	01	04	0.5553138446300001	0.23655859413354086	0.6859576776034686
1998	01	05	0.335202021638	0.1948129598746807	0.7966526784559129
1998	01	06	0.0	0.15306732561582054	0.8978687525502638
1998	01	07	0.0013785759722000001	0.15306732561582054	0.8432418107326902
1998	01	08	0.061664043348	0.09740647993734035	0.7579505057667942
1998	01	09	0.00098742598594	0.09740647993734035	0.6987790832657987
1998	01	10	0.0115936996076	0.09740647993734035	0.7125017966262359
1998	01	11	10.797682012900001	0.29221943981202103	0.5787373853167409
1998	01	12	14.562334028200002	4.8703239968670164	0.3994455882897599
1998	01	13	0.140909885399	4.592019768474616	0.7118058907479503
1998	01	14	0.0025766307543300003	1.447181987640485	0.9066507897960835
1998	01	15	0.0006821327438900001	0.6957605709810024	0.8789871556886377
1998	01	16	0.000699086891312	0.45920197684746156	0.9543397574550231
1998	01	17	0.004376472321910001	0.33396507407088116	0.8079072754743203
1998	01	18	0.00121909490922	0.23655859413354086	0.9966748798942247
1998	01	19	0.012562059406400001	0.15306732561582054	0.8171262493958406
1998	01	20	0.059900206156999994	0.15306732561582054	0.7658178099346515
1998	01	21	0.0	0.09740647993734035	1.005770595973647
1998	01	22	0.0013690356759300001	0.09740647993734035	1.0471589344727916
1998	01	23	0.0588920714482	0.09740647993734035	0.7593419042470686
1998	01	24	3.0791688954900005	0.05566084567848019	0.813540338183379
1998	01	25	0.0013642653277200001	0.05566084567848019	0.8947896859584998
1998	01	26	0.51252556504	0.05566084567848019	0.8359367388061256
1998	01	27	0.575576456261	0.05566084567848019	0.8440080227000489
1998	01	28	2.3522457615	0.33396507407088116	0.7199875656888227
1998	01	29	0.5391772596790001	0.29221943981202103	0.9231967444519514
1998	01	30	15.297567237300001	2.3934163641746484	0.6750744476491336
1998	01	31	5.99515982218	14.29092212794979	0.6863638727251267
1998	02	01	20.3250486361	7.361146840979005	0.8169305468028649
1998	02	02	16.5882478611	13.275111694317523	0.6936076771674555
1998	02	03	19.8716346696	14.819700161895351	0.7265926972160665
1998	02	04	0.214744499	6.039201756115101	0.9356176290632235
1998	02	05	0.4636592070250001	1.8924687530683268	0.9470109290292813
1998	02	06	0.225954645229	0.9740647993734033	0.8199229382334151
1998	02	07	0.54746354187	0.6122693024632822	1.0548605955073198
1998	02	08	5.5382728738	0.45920197684746156	0.9229174398532736
1998	02	09	1.4542363342000002	1.8924687530683268	0.7919284835446949
1998	02	10	0.44642102513	1.447181987640485	0.8972876265703555
1998	02	11	0.011443222399800002	0.876658319436063	0.9689085764952265
1998	02	12	0.012055431092	0.6122693024632822	0.9632966616189416
1998	02	13	0.0042416196111	0.4035411311689814	1.0409955825095039
1998	02	14	0.0	0.29221943981202103	1.1525324573861966
1998	02	15	0.00103646308796	0.23655859413354086	1.3033534570785517
1998	02	16	0.004248824712	0.15306732561582054	1.393802400979226
1998	02	17	0.031405572675	0.15306732561582054	1.1509398680034675
1998	02	18	0.0017776940653800003	0.15306732561582054	1.3095962291697554
1998	02	19	0.0006343986903300001	0.09740647993734035	1.1051614805609626
1998	02	20	0.0859303990202	0.09740647993734035	1.0748956343710825
1998	02	21	0.24769629129	0.09740647993734035	1.3124543873963168
1998	02	22	0.000682132791908	0.05566084567848019	1.1734054243135328
1998	02	23	0.0013730513412400001	0.05566084567848019	1.3665041584607474
1998	02	24	0.0	0.041745634258860145	1.2536154806161637
1998	02	25	0.00034822157414	0.027830422839240095	1.3434394774838665
1998	02	26	0.0006869030120699999	0.027830422839240095	1.3291479596256184
1998	02	27	0.0006869030120699999	0.027830422839240095	1.3047029338871126
1998	02	28	0.00102796942403	0.027830422839240095	1.3798599202570265
1998	03	01	0.0006869030120699999	0.027830422839240095	1.5666651177209703
1998	03	02	0.00171776560063	0.013915211419620047	1.6422426083534751
1998	03	03	0.00137690534595	0.013915211419620047	1.63721559184663
1998	03	04	0.000696443268325	0.013915211419620047	1.6740644331068506
1998	03	05	0.0006821327438900001	0.0	2.058356163237739
1998	03	06	0.0013891488155299999	0.0	2.150032187794846
1998	03	07	0.0013642651676600002	0.0	2.2638990458854504
1998	03	08	0.0	0.0	2.0223530754872354
1998	03	09	0.0	0.0	1.9234353910170434
1998	03	10	0.0	0.0	2.060932008005799
1998	03	11	0.00172437895971	0.0	1.6447635571077446
1998	03	12	0.00137619059802	0.0	1.52391613652956
1998	03	13	0.0	0.0	1.5469127360901496
1998	03	14	0.0017190552840800001	0.0	1.6223672761188934
1998	03	15	0.0	0.0	1.8729894884383804
1998	03	16	0.0010279688638199999	0.0	1.8768472881291576
1998	03	17	0.0	0.0	2.172151306584061
1998	03	18	0.00034822157414	0.0	2.178502953937439
1998	03	19	0.00275592164321	0.0	1.924712869228188
1998	03	20	0.0	0.0	1.8913318963632735
1998	03	21	0.0006869030120699999	0.0	2.091903083965002
1998	03	22	0.0083995366455	0.0	2.0069611528130378
1998	03	23	0.00138384850866	0.0	2.1965972949724897
1998	03	24	0.00138938114262	0.0	2.6687297033258353
1998	03	25	0.00141560369239	0.0	1.8398724795276145
1998	03	26	0.0020738914177500004	0.0	1.934876622968229
1998	03	27	3.11137104677	0.0	1.9963631189425644
1998	03	28	7.663616779	0.0	1.1605567929509675
1998	03	29	17.174621268699998	0.0	1.737756850022233
1998	03	30	0.0964375785355	0.0	1.9067219028039415
1998	03	31	1.5840054593800001	0.0	1.6915753865701968
1998	04	01	0.35930228785	0.0	2.071386339543837
1998	04	02	0.0032125125606199995	0.0	2.137482134797499
1998	04	03	0.123504088672	0.0	1.6643113386944932
1998	04	04	0.0940528285895	0.0	1.5884123062313553
1998	04	05	0.447521709732	0.0	1.7098292974039713
1998	04	06	0.10270349137200001	0.0	2.0977191194608777
1998	04	07	0.38383522025100003	0.0	1.8221620907353484
1998	04	08	0.064432024952	0.0	2.00321229180994
1998	04	09	0.616376126402	0.0	1.7085924702891155
1998	04	10	0.52564576327	0.0	1.670319392873273
1998	04	11	0.272404729481	0.0	1.7405086356553023
1998	04	12	0.0006821327438900001	0.0	2.0856973423852265
1998	04	13	0.0006821327438900001	0.0	2.2171718332160455
1998	04	14	7.3435239892	0.0	1.7227654952091982
1998	04	15	0.54522902424	0.0	2.119069377852641
1998	04	16	0.147826326092	0.0	1.9391436215740918
1998	04	17	0.154785734892	0.0	1.9086042023466245
1998	04	18	0.0	0.0	2.1745254459164998
1998	04	19	0.452224992802	0.0	2.0730414542726976
1998	04	20	0.0192537510501	0.0	2.5465672087694573
1998	04	21	0.0010229104076100001	0.0	2.6346128628343477
1998	04	22	2.44291046802	0.0	2.0875003314976004
1998	04	23	0.0	0.0	2.714683105579649
1998	04	24	0.0	0.0	3.206693930895565
1998	04	25	0.00137619059802	0.0	3.1082824104892017
1998	04	26	0.0075831858287	0.0	2.1690034326330236
1998	04	27	0.41681293425800003	0.0	2.155587293619675
1998	04	28	1.00382837453	0.0	2.27043935788846
1998	04	29	0.08918931745650001	0.0	2.053552446190062
1998	04	30	1.9636977106e-06	0.0	2.2061319066766574
1998	05	01	0.4617629922110001	0.0	2.298848348530385
1998	05	02	1.52988365131	0.0	2.545490165959607
1998	05	03	1.16843936051	0.0	2.6524876785719735
1998	05	04	0.30235596498399997	0.0	2.5303325480564336
1998	05	05	0.00034822157414	0.0	2.9149301198692203
1998	05	06	0.0013738053839	0.0	2.952036842643101
1998	05	07	0.00135764748696	0.0	3.1095979633350925
1998	05	08	0.164746500779	0.0	2.319063237006441
1998	05	09	0.0338543194108	0.0	2.72022647618543
1998	05	10	6.437411524399999	0.0	1.90946108171146
1998	05	11	18.5761210341	0.0	1.7678478408772136
1998	05	12	3.15913191038	0.0	2.076997946285704
1998	05	13	2.97103267961	0.0	1.8334358376092923
1998	05	14	0.096649061812	0.0	2.806592115795554
1998	05	15	0.0046368533682	0.0	2.942541283602073
1998	05	16	0.99209613659	0.0	3.0196035133979806
1998	05	17	0.2453519725	0.0	3.0957565027318314
1998	05	18	0.5925797341	0.0	2.707529214235202
1998	05	19	0.016263202814900003	0.0	2.4007128535450537
1998	05	20	0.42246276415	0.0	2.007045389604576
1998	05	21	0.06853427872050001	0.0	2.7141711143360103
1998	05	22	4.2255055706	0.0	2.364877361580275
1998	05	23	1.13564322657	0.0	2.6076850524161443
1998	05	24	0.57008954344	0.0	2.22031555255034
1998	05	25	1.11224925712	0.0	2.2814415586303904
1998	05	26	6.058362794410001	0.0	2.3643765879340166
1998	05	27	0.0066488859976	0.0	2.814965229059425
1998	05	28	2.2785230858600003	0.0	2.2905841220144616
1998	05	29	3.583759406000001	0.0	1.719999897034833
1998	05	30	0.0798127857752	0.0	2.297456240423594
1998	05	31	0.28488921740900003	0.0	2.2312765713174385
1998	06	01	0.8984638376399999	0.0	2.141583768439956
1998	06	02	0.010945692696100002	0.0	2.965973832339494
1998	06	03	0.00103273921203	0.0	3.145639864151147
1998	06	04	0.339865857921	0.0	2.8698024724654747
1998	06	05	0.077764694829	0.0	3.2570809699734657
1998	06	06	0.52095920647	0.0	2.723339525698425
1998	06	07	0.00160708611138	0.0	3.286610344128244
1998	06	08	0.0013708349904200002	0.0	4.129015681084739
1998	06	09	0.0	0.0	4.287735780324421
1998	06	10	0.00117991894374	0.0	3.479083832754315
1998	06	11	0.0006821327438900001	0.0	3.716642809138312
1998	06	12	0.00034822157414	0.0	3.963398350252229
1998	06	13	0.0006869030120699999	0.0	4.0142577122824745
1998	06	14	0.0013750071143800002	0.0	3.7570249185363878
1998	06	15	0.0	0.0	3.843037183161486
1998	06	16	0.0006869030120699999	0.0	3.7782079638607575
1998	06	17	0.0017220272781600001	0.0	4.03994361563842
1998	06	18	0.0006821327438900001	0.0	3.926613405523645
1998	06	19	0.00138047772509	0.0	3.3698670981402863
1998	06	20	0.00434987091012	0.0	2.8325041569453635
1998	06	21	0.0017103675474	0.0	3.9483086492647157
1998	06	22	0.000347029071119	0.0	4.470193947668936
1998	06	23	0.0027588585041200004	0.0	4.535797575879865
1998	06	24	0.0006821327438900001	0.0	4.266691434457018
1998	06	25	0.0010268064280700001	0.0	3.675358205344505
1998	06	26	0.00169817649747	0.0	4.060657477981243
1998	06	27	0.0006869030120699999	0.0	4.135431694778082
1998	06	28	0.0	0.0	4.181000662918219
1998	06	29	0.00137932057132	0.0	2.960823923270181
1998	06	30	0.0013798812615	0.0	3.034866498653492
1998	07	01	0.015864237258900002	0.0	3.4985988590387067
1998	07	02	0.00068758798884	0.0	3.268000867629569
1998	07	03	0.0006845178779800001	0.0	3.7161498282341627
1998	07	04	0.00137034208565	0.0	4.070487057469533
1998	07	05	0.00102558356967	0.0	3.7496955798876255
1998	07	06	0.00069467104399	0.0	3.3711761365142285
1998	07	07	0.00274255159132	0.0	3.779593349335974
1998	07	08	0.00067736263577	0.0	4.375212683410434
1998	07	09	0.000683898421771	0.0	3.639220996727881
1998	07	10	0.0	0.0	3.8113120746680758
1998	07	11	0.0	0.0	4.443517966456454
1998	07	12	0.00102098712665	0.0	4.494830800287757
1998	07	13	0.00103989413412	0.0	4.7067317000903355
1998	07	14	0.0006869030120699999	0.0	4.304906390027259
1998	07	15	0.000352991818311	0.0	4.002073492499793
1998	07	16	0.0006964432283100001	0.0	4.331111788958807
1998	07	17	0.000684517821959	0.0	3.702784883307988
1998	07	18	0.0	0.0	3.1510210068551237
1998	07	19	0.026717867444500006	0.0	3.1144591246810798
1998	07	20	0.00011255775333500001	0.0	3.706516594506361
1998	07	21	0.005700881029	0.0	3.498977887419475
1998	07	22	0.0	0.0	4.488773615337631
1998	07	23	0.0006821327438900001	0.0	4.548750417613563
1998	07	24	0.0	0.0	4.608709534357029
1998	07	25	0.00034822157414	0.0	4.022152815366443
1998	07	26	0.00205116793964	0.0	3.9942164083968548
1998	07	27	0.0020590798655	0.0	4.3873853153587286
1998	07	28	0.00069167312019	0.0	4.162021671701085
1998	07	29	0.0	0.0	3.6785632284952383
1998	07	30	0.00034106641195999997	0.0	3.7799358272481958
1998	07	31	0.00103989413412	0.0	3.669619781862155
1998	08	01	0.00102558356967	0.0	3.7916225590784673
1998	08	02	0.0006869078138700001	0.0	3.8364071094563283
1998	08	03	0.00102113918365	0.0	3.8138548726753374
1998	08	04	0.0013690356759300001	0.0	4.4615055613059145
1998	08	05	0.00137510459092	0.0	4.613931943156785
1998	08	06	0.00034822157414	0.0	4.186137364325269
1998	08	07	0.00103551673321	0.0	4.301795185467607
1998	08	08	0.0	0.0	3.854648950020187
1998	08	09	0.000345869780548	0.0	3.64866181686587
1998	08	10	0.0	0.0	3.2262220491800764
1998	08	11	0.0037249807441500004	0.0	3.173335066837808
1998	08	12	0.053750076722999994	0.0	3.155491163158963
1998	08	13	0.00034822161415500003	0.0	3.407287862190616
1998	08	14	0.0036920276713800007	0.0	2.774347213142445
1998	08	15	0.00180100184252	0.0	2.807702517552947
1998	08	16	0.00575669098989	0.0	2.9340345510419716
1998	08	17	0.0	0.0	3.3020372529868087
1998	08	18	0.0016370081279299998	0.0	3.6364099162138963
1998	08	19	0.000348221638164	0.0	3.6524949710881818
1998	08	20	0.0013797556944300001	0.0	3.6909639026732224
1998	08	21	0.0	0.0	3.715638526362731
1998	08	22	0.00103828489088	0.0	4.070625640551595
1998	08	23	0.00104431739222	0.0	3.577912258272413
1998	08	24	0.0	0.0	3.5567020512715826
1998	08	25	0.0	0.0	3.0906097764855502
1998	08	26	0.068358704905	0.0	2.3880803401624444
1998	08	27	0.0036553291145799997	0.0	3.0230246964130476
1998	08	28	0.0062428017731	0.0	2.893372733484392
1998	08	29	0.0017812451565400002	0.0	2.8755116778351626
1998	08	30	0.00034822157414	0.0	3.3984650569736115
1998	08	31	0.00034822157414	0.0	2.782952546364177
1998	09	01	0.0058911859666	0.0	2.6627286340614345
1998	09	02	0.0038556485262	0.0	2.901100367626693
1998	09	03	0.00519083015162	0.0	2.8600923861022878
1998	09	04	0.000355885991219	0.0	2.7768683479664342
1998	09	05	0.00535835326924	0.0	3.059203055276303
1998	09	06	0.0	0.0	3.276073928024681
1998	09	07	0.0170601823702	0.0	2.4294048882505357
1998	09	08	0.000684908216302	0.0	3.272969636324971
1998	09	09	0.0013603355346	0.0	3.194414282347752
1998	09	10	0.00034822157414	0.0	2.7523667984562996
1998	09	11	0.00103035415797	0.0	2.761511722231583
1998	09	12	0.0056273910806000004	0.0	2.368179989664676
1998	09	13	0.0006845178779800001	0.0	2.9592786795137687
1998	09	14	0.0006821327438900001	0.0	3.0368806454946133
1998	09	15	0.0	0.0	2.9824042500817454
1998	09	16	0.0	0.0	2.9422708161368343
1998	09	17	0.000627083340102	0.0	2.28640950880467
1998	09	18	0.9157836101200001	0.0	1.8948719172752018
1998	09	19	2.4025838312	0.0	1.8398370886906321
1998	09	20	4.553622568350001	0.0	1.6708915675392553
1998	09	21	5.93175757525	0.0	1.0036180725753827
1998	09	22	2.1229165953	0.0	1.5840743599482912
1998	09	23	0.29579784261000003	0.0	1.9815833267595901
1998	09	24	0.039446742183200004	0.0	1.7842633899203912
1998	09	25	4.20481413422	0.0	1.3422392096375044
1998	09	26	4.0213994595	0.0	1.580189454049005
1998	09	27	2.6831297965000003	0.0	1.8770513985896804
1998	09	28	0.27284998438900004	0.0	1.8475831188134413
1998	09	29	0.32166533128200003	0.0	1.7540882155601931
1998	09	30	0.0026032396889400003	0.0	1.6859436348756256
1998	10	01	0.0015483471325200002	0.0	1.788921942600884
1998	10	02	0.0013738053839	0.0	1.8024508204167176
1998	10	03	0.73869954849	0.0	1.7325712089543288
1998	10	04	0.153694541848	0.0	1.62563353335583
1998	10	05	0.271185864578	0.0	1.4729408225251412
1998	10	06	0.00034541175285200004	0.0	1.6930930333088825
1998	10	07	0.00034822161415500003	0.0	1.7406138203411117
1998	10	08	0.0007039382779	0.0	1.7823533176804385
1998	10	09	0.0	0.0	1.7122677083019193
1998	10	10	0.0	0.0	1.7966549318602827
1998	10	11	0.0008378409525800001	0.0	1.82738888967919
1998	10	12	0.00137857581214	0.0	2.155334487922481
1998	10	13	0.0	0.0	2.104566817978661
1998	10	14	0.00138039777512	0.0	1.9660350564336675
1998	10	15	0.0013738053839	0.0	1.7495257766473162
1998	10	16	0.0019659140614199998	0.0	1.6950200307609624
1998	10	17	0.0119199266969	0.0	1.6489739700413246
1998	10	18	0.0032951768281	0.0	1.635743496255267
1998	10	19	0.0013642651676600002	0.0	1.5250525918629128
1998	10	20	0.0006821327438900001	0.0	1.7014195774091707
1998	10	21	0.0006821327438900001	0.0	1.751766770978416
1998	10	22	0.0	0.0	1.8116917230054934
1998	10	23	0.00034822157414	0.0	1.9728325105555424
1998	10	24	0.0013632804785399999	0.0	1.8575931823150829
1998	10	25	0.0115231491611	0.0	1.6062393713488399
1998	10	26	0.078499290199	0.0	1.4220822912298992
1998	10	27	0.00137142016978	0.0	1.652514687322795
1998	10	28	0.0	0.0	1.7200394034659592
1998	10	29	0.0	0.0	1.8911973195894909
1998	10	30	0.0	0.0	1.6637189137953499
1998	10	31	0.010495133399699999	0.0	1.4733975167732176
1998	11	01	0.0004730971449250001	0.0	1.480891789759649
1998	11	02	0.05922039132199999	0.0	1.26087689358212
1998	11	03	0.461566086399	0.0	1.14846570822058
1998	11	04	5.3511891437	0.0	1.0570584012365092
1998	11	05	0.011501320178300002	0.0	1.1039626286986808
1998	11	06	0.92505620604	0.0	1.0552846234292828
1998	11	07	0.00137619059802	0.0	1.0373916707392354
1998	11	08	0.0017267969061000002	0.0	1.09775436431426
1998	11	09	0.0020559304449100004	0.0	1.2882743109508958
1998	11	10	0.0006870709550250001	0.0	1.3689281704353866
1998	11	11	0.24616417296100004	0.0	1.0351184790259986
1998	11	12	0.105507022302	0.0	1.247051440375085
1998	11	13	0.0072253789014	0.0	1.2537936393782174
1998	11	14	0.0471198457184	0.0	1.0652321868707957
1998	11	15	0.0017198879162	0.0	1.0178716487664203
1998	11	16	0.000348221830236	0.0	1.1350621907932041
1998	11	17	0.0444413664652	0.0	1.1537626786478359
1998	11	18	0.0013785758921700001	0.0	1.1003600830128455
1998	11	19	0.00067736263577	0.0	1.0970835666545555
1998	11	20	0.0006821327438900001	0.0	1.088351990190763
1998	11	21	0.000352991818311	0.0	1.0466103266773732
1998	11	22	0.0	0.0	1.0516465874097392
1998	11	23	0.0	0.0	0.9662298793443522
1998	11	24	0.0	0.0	0.9556219737087842
1998	11	25	0.0024096096649	0.0	1.087292576102346
1998	11	26	0.000119025121689	0.0	0.9891137202435569
1998	11	27	0.00103512450618	0.0	1.0474218716640382
1998	11	28	0.00102558356967	0.0	1.1184144276616192
1998	11	29	0.0006896984119520001	0.0	0.8340016492932503
1998	11	30	0.0006964432283100001	0.0	0.7934002847682486
1998	12	01	0.016072977107	0.0	0.8133055540149716
1998	12	02	0.27817586084400003	0.0	0.7892261713713956
1998	12	03	0.0	0.0	0.8872610719952879
1998	12	04	0.0	0.0	0.8331393829674717
1998	12	05	0.00206070879612	0.0	0.8694917798716304
1998	12	06	0.000684517821959	0.0	0.9081571821782648
1998	12	07	0.0010316744128800002	0.0	0.9127968377794464
1998	12	08	0.0017076497286	0.0	0.9291999862280798
1998	12	09	0.0	0.0	0.9383808312432002
1998	12	10	0.0	0.0	0.9759314260864672
1998	12	11	0.10566895500399999	0.0	1.0371509089086657
1998	12	12	0.053716312066000006	0.0	0.865955280903162
1998	12	13	0.000352991818311	0.0	1.0554341096073985
1998	12	14	0.00034106641195999997	0.0	0.9112342011508898
1998	12	15	0.0	0.0	0.8516766048138394
1998	12	16	0.00102558356967	0.0	1.0080305387852249
1998	12	17	0.00034822157414	0.0	0.9941452526945439
1998	12	18	0.00034822157414	0.0	0.9753158787600628
1998	12	19	0.0010279688638199999	0.0	0.9854131026887665
1998	12	20	0.0006873836722500001	0.0	0.851390654591256
1998	12	21	0.000348541237969	0.0	0.7826424737296223
1998	12	22	0.0109089005042	0.0	0.8145668466088818
1998	12	23	0.0043630059139	0.0	0.6894790333905872
1998	12	24	0.00172233659411	0.0	0.8687568697895798
1998	12	25	0.00034822157414	0.0	0.8390076020639924
1998	12	26	0.00034822157414	0.0	0.7992035786004377
1998	12	27	0.014773361934	0.0	0.7813328241346497
1998	12	28	3.59692057959	0.0	0.5739676362043163
1998	12	29	12.8071832934	0.0	0.904744548515825
1998	12	30	0.61159910369	0.0	0.6336605693090585
1998	12	31	15.850573737000001	0.0	0.6972067447922973
1999	01	01	0.0017234524524000002	0.0	0.690384530647854
1999	01	02	0.0223352965965	0.0	0.828196039142266
1999	01	03	0.0357171521112	0.0	0.7723044588967934
1999	01	04	0.00139176043452	0.0	0.8487502234004011
1999	01	05	0.00034822157414	0.0	0.8515090568071797
1999	01	06	0.0	0.0	1.000730040182377
1999	01	07	0.00034822157414	0.0	1.093400943984428
1999	01	08	0.0008180702613500001	0.0	0.9678384686372216
1999	01	09	0.55680560383	0.0	0.8601034107267967
1999	01	10	0.0354533748318	0.0	0.6909824593220948
1999	01	11	20.7417736494	0.0	0.36968803867102407
1999	01	12	0.34431330909	0.0	0.7458853125939462
1999	01	13	0.0006821327438900001	0.0	0.9117109327740855
1999	01	14	0.00171725676989	0.0	0.9283871398095618
1999	01	15	0.0	0.0	0.9067209752880723
1999	01	16	0.21085926658399998	0.0	0.8101856942347682
1999	01	17	2.22108979645	0.0	0.7884164553765758
1999	01	18	0.000696443268325	0.0	0.8311656931849757
1999	01	19	0.00136606824356	0.0	0.8371851740738457
1999	01	20	0.07230523229800001	0.0	0.8699237206587388
1999	01	21	7.922076865200001	0.0	0.7190412545186073
1999	01	22	0.44774712223000007	0.0	0.7566977532330443
1999	01	23	0.010459808958000002	0.0	0.8269648638656711
1999	01	24	0.00136652225375	0.0	0.9887368542670499
1999	01	25	0.00241933915209	0.0	1.015481811740035
1999	01	26	0.00137796158189	0.0	1.127085096559779
1999	01	27	0.11728578968400001	0.0	1.0416900127603406
1999	01	28	0.00034822157414	0.0	1.1832541710918065
1999	01	29	0.0017220272781600001	0.0	1.3215122036835758
1999	01	30	0.0024084802015100003	0.0	1.1690268745250858
1999	01	31	0.0013798037124300002	0.0	1.0649149285980755
1999	02	01	0.0013642651676600002	0.0	0.8931779812247879
1999	02	02	0.00103035439806	0.0	0.9192672717083362
1999	02	03	0.000689288034118	0.0	0.999870332994761
1999	02	04	0.0013828447724000001	0.0	1.2078256408428332
1999	02	05	0.0010350924941800001	0.0	1.3836806829369226
1999	02	06	0.0028143120113900003	0.0	1.2604467906424937
1999	02	07	0.038679627423	0.0	1.036372352845313
1999	02	08	0.00034822157414	0.0	1.1978540669008484
1999	02	09	0.091143221896	0.0	1.1125637399838595
1999	02	10	0.0	0.0	0.9934518028372828
1999	02	11	0.0010343973536000002	0.0	1.151678326394674
1999	02	12	0.0	0.0	1.230842351939494
1999	02	13	0.00034106641195999997	0.0	1.1810517475219031
1999	02	14	0.0	0.0	1.0254783607666078
1999	02	15	0.0	0.0	1.2182665971419437
1999	02	16	0.0006821327438900001	0.0	1.2582729922042761
1999	02	17	0.0013727550701799999	0.0	1.5017530935858274
1999	02	18	0.0017255615630199998	0.0	1.4653559296838858
1999	02	19	0.00137289560286	0.0	1.645469114167851
1999	02	20	0.00034822161415500003	0.0	1.7349343565496607
1999	02	21	0.0	0.0	1.6842807831214848
1999	02	22	0.0067619659867	0.0	1.5496875804929588
1999	02	23	0.00138334552011	0.0	1.6538584387589055
1999	02	24	0.41562548113000003	0.0	1.4655857649072808
1999	02	25	0.10326572613100002	0.0	1.1984395385433977
1999	02	26	4.91665161321	0.0	1.2941040622494755
1999	02	27	5.1875558042000005	0.0	1.1873504873210161
1999	02	28	0.10436104072	0.0	1.5455598100357608
1999	03	01	0.0010255836497	0.0	1.65125273898246
1999	03	02	0.00034106641195999997	0.0	1.7222894172572718
1999	03	03	0.092382862587	0.0	1.4044630246126688
1999	03	04	0.068450035141	0.0	1.1431245344469592
1999	03	05	0.103547063593	0.0	1.2611606555773018
1999	03	06	0.027295665637599997	0.0	1.4168931746458424
1999	03	07	0.00034822161415500003	0.0	1.5743479043067659
1999	03	08	0.00299916122386	0.0	1.5898208482869136
1999	03	09	1.7954642467000002	0.0	1.318225608121551
1999	03	10	16.379991394199998	0.0	1.1217663914881089
1999	03	11	9.492257462200001	0.0	1.210067305015644
1999	03	12	20.2662345891	2.6856358039866692	0.7374340042982487
1999	03	13	13.843421337000002	1.0297256450518835	0.9013415329164286
1999	03	14	0.48464759471999996	1.781147061711366	1.6594047655301485
1999	03	15	0.7274511719300001	1.1271321249892239	1.68365549533686
1999	03	16	1.2546468762100003	1.0018952222126434	1.9118122139673492
1999	03	17	0.0759113720935	0.9323191651145433	1.9568237296174669
1999	03	18	0.000689288034118	0.3200498626512611	2.236563825076249
1999	03	19	0.00034822157414	0.278304228392401	2.15751919530961
1999	03	20	0.0017033908521200002	0.7235909938202425	2.1947493085919527
1999	03	21	0.075899347586	0.7235909938202425	2.022745843815998
1999	03	22	0.00206547858412	0.6957605709810024	2.2331711228171662
1999	03	23	0.471780171245	0.6818453595613824	1.8189211280345297
1999	03	24	6.8118358808999995	0.7375062052398625	1.4019482232761773
1999	03	25	0.188134620036	0.876658319436063	1.5917023760353095
1999	03	26	0.0032730613379000004	0.8070822623379628	1.6540241962286557
1999	03	27	0.0211164925163	0.7514214166594826	1.6068589252666965
1999	03	28	0.027614093003100006	0.6957605709810024	1.8224023560797753
1999	03	29	0.00034822157414	0.6818453595613824	2.206464245742038
1999	03	30	0.00103405378481	0.6818453595613824	2.1306749483829672
1999	03	31	0.12359985257000002	0.6818453595613824	1.6372550450089522
1999	04	01	0.38726536207199996	0.6540149367221423	1.7925606793583484
1999	04	02	0.0010231430548200001	0.6400997253025222	2.3510462644461656
1999	04	03	0.0017219696565600002	0.6122693024632822	2.6131885281518974
1999	04	04	0.00171725676989	0.5983540910436621	2.7990723830830055
1999	04	05	0.0006845178779800001	0.5426932453651818	3.067713370004577
1999	04	06	0.000684517821959	0.4731171882670817	3.0172242175562984
1999	04	07	0.00077083967652	0.0	3.1470760494167744
1999	04	08	0.0006821327438900001	0.0	2.7480900800624184
1999	04	09	0.0006869030120699999	0.0	2.5393431207556456
1999	04	10	0.0010381895751500002	0.0	2.8401050436084114
1999	04	11	0.000691673064169	0.0	3.1677045310014513
1999	04	12	0.00069221340272	0.0	2.9382784091782512
1999	04	13	0.00171725676989	0.0	2.7111216639423863
1999	04	14	0.00034822157414	0.0	2.661037910655068
1999	04	15	0.00115891939186	0.0	2.033974624564334
1999	04	16	0.8692810581999999	0.0	1.937107237329764
1999	04	17	0.038700340787600006	0.0	2.022924026860646
1999	04	18	0.0	0.0	2.6893935434314864
1999	04	19	0.0	0.0	2.828741563262707
1999	04	20	0.0033201525904999994	0.0	2.574450920101381
1999	04	21	0.19103943693400002	0.0	2.4211431192899404
1999	04	22	0.000352991818311	0.0	2.5327018977917666
1999	04	23	0.040571312538999996	0.0	2.7465754131430438
1999	04	24	0.0	0.0	2.9959468934887274
1999	04	25	0.0015662063072000004	0.0	2.7774492040292746
1999	04	26	0.08978794265680001	0.0	2.231773588690025
1999	04	27	5.4394054124	0.0	1.7981798782920837
1999	04	28	7.612197504	0.0	1.674991711696434
1999	04	29	1.22806619219	0.0	1.885320710485541
1999	04	30	3.7951191161800004	0.0	1.7557412187169885
1999	05	01	7.251155764100001	1.6698253703544057	1.4644854864037167
1999	05	02	5.857531751000001	1.0018952222126434	2.342441918387684
1999	05	03	0.00333253627264	0.7792518394987228	2.661572713862865
1999	05	04	0.007493176087700001	0.6957605709810024	2.3578686190741283
1999	05	05	1.2664643461000002	0.6818453595613824	2.049009502198908
1999	05	06	0.9177228970800001	0.6540149367221423	2.1774849472752815
1999	05	07	1.15091887279	0.6122693024632822	2.419511263622198
1999	05	08	0.00102558356967	0.570523668204422	2.878916377172937
1999	05	09	0.00034822157414	0.556608456784802	3.0332628481536363
1999	05	10	0.0013747027602900002	0.556608456784802	3.4387596027478113
1999	05	11	0.00034822157414	0.556608456784802	3.7458327288544555
1999	05	12	0.0006821327438900001	0.5009476111063217	4.029586358613988
1999	05	13	0.00034106641195999997	0.0	3.496165163704086
1999	05	14	0.0013033743421600001	0.0	3.230850517039411
1999	05	15	0.00122226793866	0.0	2.94292793602024
1999	05	16	0.56937935722	0.0	2.394553232626546
1999	05	17	0.5378668564619999	0.0	2.250579309930079
1999	05	18	0.46273922215999996	0.0	2.2885586045042183
1999	05	19	0.013519872051500003	0.0	2.8094368372120893
1999	05	20	0.0020445553008300002	0.0	3.1879646743261074
1999	05	21	0.00137380530387	0.0	3.718238127790209
1999	05	22	0.00034822157414	0.0	3.8121215943394753
1999	05	23	0.0	0.0	3.9130155412203256
1999	05	24	0.00034822157414	0.0	3.818009931313228
1999	05	25	0.0	0.0	3.733250078800838
1999	05	26	0.058417122209	0.0	2.441579058539037
1999	05	27	0.55904084173	0.0	2.6313145047055273
1999	05	28	0.00034822157414	0.0	2.8498033870215513
1999	05	29	0.61679913297	0.0	1.9211879340426017
1999	05	30	0.0034049147643999997	0.0	3.4581511052888927
1999	05	31	0.0380990049712	0.0	3.4470203940074184
1999	06	01	0.6203053273	0.0	2.8636163277573043
1999	06	02	0.00171971072978	0.0	3.1850569318335396
1999	06	03	0.00275238199634	0.0	3.6602051329735916
1999	06	04	0.0006869030120699999	0.0	4.062679558884611
1999	06	05	0.0006869029320400001	0.0	3.7277551288552115
1999	06	06	0.0006821327438900001	0.0	3.31128590462624
1999	06	07	0.0	0.0	3.179404931831896
1999	06	08	0.00035299176229	0.0	3.7067309287512225
1999	06	09	0.0013668033991400001	0.0	3.50207818189613
1999	06	10	0.000341200582255	0.0	3.7304565927223514
1999	06	11	0.00068759127007	0.0	3.9142729137701964
1999	06	12	0.00034106641195999997	0.0	3.35664550169968
1999	06	13	0.23402928008200002	0.0	2.881148830822541
1999	06	14	0.000689838792575	0.0	3.5110301424937695
1999	06	15	0.000356167096594	0.0	3.7938047855455985
1999	06	16	0.0	0.0	3.671998412194985
1999	06	17	0.0010219571702800002	0.0	4.428687239585718
1999	06	18	0.0020550207439000005	0.0	3.7198030655698098
1999	06	19	0.0013642651676600002	0.0	4.042834067977638
1999	06	20	0.00137380530387	0.0	4.692426305563199
1999	06	21	0.0006821327438900001	0.0	4.304797278259467
1999	06	22	0.0017279542999599998	0.0	3.785346257049763
1999	06	23	0.0131090676576	0.0	2.619980280282551
1999	06	24	0.05949161299200001	0.0	3.034734149624644
1999	06	25	0.0015282700064200001	0.0	3.279874061541388
1999	06	26	0.0006821327438900001	0.0	3.752325436874218
1999	06	27	0.00102081378167	0.0	3.9665085177110035
1999	06	28	0.00034822157414	0.0	3.955002466841684
1999	06	29	0.000353464443479	0.0	4.436156922622472
1999	06	30	0.0006869030120699999	0.0	4.423192641751986
1999	07	01	0.00103989421415	0.0	3.710442621839264
1999	07	02	0.00239730441216	0.0	4.588161395943006
1999	07	03	0.00034822161415500003	0.0	4.630697816077263
1999	07	04	0.0050848749132999995	0.0	3.65701752920677
1999	07	05	0.0013737485626000002	0.0	3.9125082128462396
1999	07	06	0.0013785758921700001	0.0	4.469981854296381
1999	07	07	0.0	0.0	3.9811049170796204
1999	07	08	0.000689288034118	0.0	4.840343985725743
1999	07	09	0.00137380530387	0.0	3.609107396118039
1999	07	10	0.00135603088096	0.0	4.407661250102287
1999	07	11	0.0068923196510000005	0.0	2.8935428521620987
1999	07	12	0.018317028710899998	0.0	3.494177745666968
1999	07	13	0.0022324509352799997	0.0	3.417224030817671
1999	07	14	0.000696443268325	0.0	4.484034263029922
1999	07	15	0.00034822157414	0.0	4.150423027269611
1999	07	16	0.001636621503	0.0	3.247577742667722
1999	07	17	0.00179562318628	0.0	4.14608842057047
1999	07	18	0.00103989421415	0.0	4.224700164608849
1999	07	19	0.00139120046461	0.0	4.170525266812819
1999	07	20	0.0006906737055500001	0.0	4.024536074281302
1999	07	21	0.0006869030120699999	0.0	4.350516031022307
1999	07	22	0.0008758619251000001	0.0	3.0764026612865845
1999	07	23	0.0319119745045	0.0	2.7098815780065184
1999	07	24	0.00129897357249	0.0	3.3075967404164244
1999	07	25	0.0010256979325400002	0.0	3.32851174775741
1999	07	26	0.00034106641195999997	0.0	2.905051933231255
1999	07	27	0.226168085239	0.0	2.992754614238732
1999	07	28	0.000678865086978	0.0	4.0459170590354985
1999	07	29	0.00069167312019	0.0	4.217674759840262
1999	07	30	0.00034822157414	0.0	4.136665498930706
1999	07	31	0.0006821327438900001	0.0	4.259285449024915
1999	08	01	0.00102777879257	0.0	4.024009766273885
1999	08	02	0.00034822161415500003	0.0	4.051727210237939
1999	08	03	0.010819647847	0.0	3.2794930585174074
1999	08	04	0.034817795779	0.0	3.1124936269094263
1999	08	05	0.00155460259744	0.0	3.2245924590981785
1999	08	06	0.197149879491	0.0	2.6940697139314587
1999	08	07	0.796482456958	0.0	2.6101497975310104
1999	08	08	0.005934552302880001	0.0	2.9464347032226352
1999	08	09	0.0	0.0	3.304312298710454
1999	08	10	0.000352991818311	0.0	3.5554862710477537
1999	08	11	0.00068111420208	0.0	3.8134123014340062
1999	08	12	0.0	0.0	3.9655190976098362
1999	08	13	0.0013642651676600002	0.0	3.77207062045443
1999	08	14	0.0023946200459	0.0	3.8868998757326754
1999	08	15	0.0	0.0	3.3965923671281932
1999	08	16	0.00034106641195999997	0.0	3.8462070427608173
1999	08	17	0.0006964432283100001	0.0	3.623917810313973
1999	08	18	0.00034106641195999997	0.0	3.668591288643562
1999	08	19	0.0010303539979100002	0.0	3.512298721179282
1999	08	20	0.00103034095302	0.0	3.9401090810493375
1999	08	21	0.0	0.0	3.9798450095639644
1999	08	22	0.00103312863801	0.0	4.198663983207482
1999	08	23	0.00034106641195999997	0.0	3.8749372419341284
1999	08	24	0.0	0.0	3.3361911493802054
1999	08	25	0.0009249532074299999	0.0	3.467373300362512
1999	08	26	0.0033694217795200002	0.0	3.235590751291787
1999	08	27	0.0017025094017000001	0.0	3.396335739452505
1999	08	28	0.00034106641195999997	0.0	3.5993221892195613
1999	08	29	0.00034822161415500003	0.0	3.561920857458249
1999	08	30	0.00206414864558	0.0	3.4443052447587266
1999	08	31	0.0006821327438900001	0.0	2.8451964025224825
1999	09	01	0.00120751128699	0.0	2.4665847459527193
1999	09	02	0.00137869057516	0.0	2.9954147183227553
1999	09	03	0.00035903687635799997	0.0	3.1050313586200957
1999	09	04	0.00034106641195999997	0.0	2.407518579784469
1999	09	05	0.48720871478000005	0.0	2.0917346636464855
1999	09	06	0.32873397302900004	0.0	2.128820695787177
1999	09	07	0.006103346857110001	0.0	2.7320028103077205
1999	09	08	0.00035299176229	0.0	2.7594519857729396
1999	09	09	0.0	0.0	3.10687420819173
1999	09	10	0.00103547543773	0.0	2.7758112487021394
1999	09	11	0.00034822157414	0.0	3.125984468879973
1999	09	12	0.0007754480840249999	0.0	2.9067810892594643
1999	09	13	0.00035299176229	0.0	2.5232639819684315
1999	09	14	0.0024000716895	0.0	2.508654080812482
1999	09	15	0.0	0.0	2.71773678342634
1999	09	16	0.0010315098712	0.0	2.7081638620008563
1999	09	17	0.020937550238100004	0.0	2.193617835200385
1999	09	18	3.2822322957200005	0.0	1.9410242708049106
1999	09	19	26.7459819835	0.0	1.648019640097798
1999	09	20	0.385413051716	0.0	1.864473212498713
1999	09	21	0.23938845702	0.0	1.9487104443933894
1999	09	22	2.04400765554	0.0	1.581961150122328
1999	09	23	2.4720578742000003	0.0	1.6646666178816378
1999	09	24	0.15638071678600002	0.0	1.8465790048494153
1999	09	25	0.67018066354	0.0	1.7701764844105028
1999	09	26	0.0033635430158100005	0.0	1.7568859843016018
1999	09	27	0.0013738053839	0.0	2.117922195919864
1999	09	28	0.0010285343558	0.0	2.2484249754395202
1999	09	29	0.0006821327438900001	0.0	2.1865647556348446
1999	09	30	0.3192884883	0.0	2.0251596428146708
1999	10	01	0.00137584342788	0.0	2.236259619578737
1999	10	02	0.0027464330463200003	0.0	2.18916078104621
1999	10	03	0.0010279688638199999	0.0	1.822946838368241
1999	10	04	0.00034822157414	0.0	2.145268983563127
1999	10	05	0.00219882457012	0.0	1.9197836911962516
1999	10	06	0.000695335733155	0.0	1.9453491244530545
1999	10	07	2.85124417576	0.0	1.806630116759976
1999	10	08	1.7294008422100002	0.0	1.4563838234099968
1999	10	09	0.038990343898	0.0	1.7046215257487998
1999	10	10	0.000177413881266	0.0	1.3417464970814206
1999	10	11	5.1787060868	0.0	1.4596295213592145
1999	10	12	4.7134820932000006	0.0	1.4778836194986735
1999	10	13	0.007879384861700001	0.0	1.6664823453622142
1999	10	14	0.0010249983903099999	0.0	1.6681178404652794
1999	10	15	0.31485188919900003	0.0	1.6895963391134712
1999	10	16	0.311198711771	0.0	1.3387671598933408
1999	10	17	2.64705363301	0.0	1.1333760684659688
1999	10	18	0.25410147633400004	0.0	1.2493479382699637
1999	10	19	1.2090324172	0.0	1.0592059566238818
1999	10	20	26.3861094819	0.0	1.002132233657281
1999	10	21	2.88192799788	0.0	1.2496123600413938
1999	10	22	2.4109428046400003	0.0	0.9948211321953042
1999	10	23	1.3292038646000002	0.0	0.9838162855887379
1999	10	24	13.9238963038	0.0	0.9771298429623002
1999	10	25	4.50935797535	0.0	0.9872255117492817
1999	10	26	11.1474995453	0.0	0.9423065756344227
1999	10	27	1.14499793327	0.0	1.2113534643395465
1999	10	28	0.7423089815200001	0.0	1.3114902025449433
1999	10	29	2.73028867445	0.0	0.947958324983402
1999	10	30	0.0627139937318	0.0	1.1901064408992115
1999	10	31	0.0	0.0	1.403325994788868
1999	11	01	0.00102558356967	0.0	1.271343795012001
1999	11	02	0.024256284697000002	0.0	1.0472973128881689
1999	11	03	0.00206524481649	0.0	1.2530934980944781
1999	11	04	0.106403302281	0.0	1.0500021952064313
1999	11	05	0.024219094756	0.0	1.2079789194863462
1999	11	06	0.00103512450618	0.0	1.448447861209521
1999	11	07	0.0034906244935	0.0	1.2782999245799596
1999	11	08	0.0006821327438900001	0.0	1.3248284075089116
1999	11	09	0.0013830450074600001	0.0	1.146793460681463
1999	11	10	0.0010208138617	0.0	1.0962790401658118
1999	11	11	0.625620655801	0.0	1.0111555093077516
1999	11	12	0.000773049785	0.0	0.8971795454459041
1999	11	13	1.9491682641	0.0	0.8867207957678269
1999	11	14	0.05909057465900001	0.0	0.9385331687138186
1999	11	15	0.0006869030120699999	0.0	0.9261027227292408
1999	11	16	0.00274616398546	0.0	0.880985149596774
1999	11	17	0.00070478867668	0.0	1.0015340386708191
1999	11	18	0.0006821327438900001	0.0	1.0254515847141144
1999	11	19	0.146389971661	0.0	0.9485415364575643
1999	11	20	0.131308070068	0.0	0.7265884969030362
1999	11	21	0.0	0.0	0.8778196039173414
1999	11	22	0.0010292622286500002	0.0	0.8024865058190528
1999	11	23	0.000352991818311	0.0	0.8654866762575124
1999	11	24	0.0006821327438900001	0.0	0.921095394415757
1999	11	25	0.00034822157414	0.0	0.8767906424790518
1999	11	26	0.0	0.0	0.8514680598399674
1999	11	27	0.0013642656478399999	0.0	0.8419317570778562
1999	11	28	0.062817027555	0.0	0.7912295302390296
1999	11	29	26.8118538762	0.0	0.5043196043026671
1999	11	30	12.048578923400001	0.0	0.6696231788848266
1999	12	01	0.00034822157414	0.0	0.819879202107759
1999	12	02	0.0010303539979100002	0.0	0.8040557187911609
1999	12	03	0.45527346355000003	0.0	0.7359481167719463
1999	12	04	7.0464150151	0.0	0.6478894962741023
1999	12	05	0.007100608129899999	0.0	0.7756343094389726
1999	12	06	0.0027143824718600003	1.9481295987468066	0.8245249644540001
1999	12	07	0.0010279688638199999	0.013915211419620047	0.7675408795503464
1999	12	08	0.0009477601568300001	0.013915211419620047	0.8447467856864941
1999	12	09	0.26547111435	0.013915211419620047	0.8087262338257581
1999	12	10	0.00081851714887	0.013915211419620047	0.7446608474781806
1999	12	11	0.0381107645794	0.027830422839240095	0.8543318859194261
1999	12	12	0.5124445346650001	0.013915211419620047	0.734961108724393
1999	12	13	1.0770897572500002	0.0	0.6055072534212382
1999	12	14	2.13507083143	0.0	0.4852496210076869
1999	12	15	0.18338571986600002	0.0	0.8436625749164746
1999	12	16	0.00034822157414	0.0	0.5825692320660556
1999	12	17	0.0017077158333800003	0.0	0.6819584060311951
1999	12	18	0.0006821327438900001	0.0	0.7525325442858949
1999	12	19	0.00429348569359	0.0	0.7591566750129431
1999	12	20	0.078169326509	0.0	0.4574418565526633
1999	12	21	0.00169334548652	0.0	0.7469126847755816
1999	12	22	0.0023275292963	0.0	0.7677246725705993
1999	12	23	0.00048148408885000007	0.0	0.804664231884681
1999	12	24	0.0006964432283100001	0.0	0.8418199783868979
1999	12	25	0.0442862299108	0.0	0.8514078738887689
1999	12	26	0.10475539654800001	0.0	0.7270511760218094
1999	12	27	0.27231460769800003	0.0	0.6679449537310377
1999	12	28	0.151666349561	0.0	0.7054804073894547
1999	12	29	4.1434764212	0.0	0.6781047118354081
1999	12	30	0.012766696116399998	0.0	0.6966175323433075
1999	12	31	0.00034822157414	0.0	0.7735323410291075
2000	01	01	0.0	0.0	0.7684918445859893
2000	01	02	0.0013746096854000002	0.0	0.8339373341847107
2000	01	03	0.00035299176229	0.0	0.8311336140325482
2000	01	04	0.0026002428855600003	0.0	0.7595897722129604
2000	01	05	0.26941004689600007	0.0	0.7370393937737456
2000	01	06	2.82750679758	0.0	0.6057241171227717
2000	01	07	0.0006964432283100001	0.0	0.8315599042252723
2000	01	08	0.00102558356967	0.0	0.9129775349488193
2000	01	09	0.697919821825	0.0	0.7516804091460226
2000	01	10	0.0	0.0	0.7160998583414956
2000	01	11	0.0007887496302350001	0.0	0.7941278190869809
2000	01	12	0.00034822157414	0.0	0.7845462190470389
2000	01	13	3.7115168971	0.0	0.7894537326345791
2000	01	14	0.09259519018000001	3.1309225694145106	0.6274810515169661
2000	01	15	6.7021955812	0.013915211419620047	0.7012735774075085
2000	01	16	10.6711369763	5.663491047785359	0.6269214830444193
2000	01	17	4.8137935358899995	2.88044876386135	0.6583365871789449
2000	01	18	0.00137380482369	1.0714712793107437	0.832644279557242
2000	01	19	0.0006821327438900001	0.5426932453651818	0.9864612050392289
2000	01	20	0.043365431941	0.3478802854905012	0.9091467455535377
2000	01	21	0.00146230848012	0.23655859413354086	0.8842965602946453
2000	01	22	0.00138334479984	0.18089774845506063	0.9046834947010253
2000	01	23	0.00137274050472	0.15306732561582054	0.8926767315258931
2000	01	24	0.0107481026276	0.12523690277658042	0.9169738062214979
2000	01	25	0.57310315312	0.11132169135696038	0.7150798122562817
2000	01	26	0.69642674213	0.08349126851772029	0.8182856023839454
2000	01	27	3.2121809163000004	0.11132169135696038	0.8654576675691217
2000	01	28	0.00101648095747	0.18089774845506063	1.0058332255885707
2000	01	29	0.00034822157414	0.16698253703544058	1.021631104948574
2000	01	30	0.00103750259763	0.12523690277658042	1.0454653954782425
2000	01	31	0.00068213402437	0.11132169135696038	1.0292628660534078
2000	02	01	2.18668001762	0.11132169135696038	0.927689943917625
2000	02	02	0.05781943416000001	0.0	0.8225905606558508
2000	02	03	0.00138334552011	0.0	1.2405553290387874
2000	02	04	0.00034822157414	0.06957605709810025	1.1145151802695108
2000	02	05	0.0037847587525	0.05566084567848019	0.9589350426398233
2000	02	06	0.0106387624404	0.05566084567848019	1.131449403408056
2000	02	07	0.0005258620843600001	0.05566084567848019	1.1566653575116206
2000	02	08	0.0013549324692100002	0.041745634258860145	1.2087840127951621
2000	02	09	0.0022363439146000003	0.041745634258860145	1.3030009050554867
2000	02	10	0.00138395766958	0.041745634258860145	1.273620730949883
2000	02	11	0.0010313661373200001	0.027830422839240095	1.2860600024984978
2000	02	12	0.00136598741326	0.027830422839240095	1.313907410192059
2000	02	13	0.000684517821959	0.027830422839240095	1.3033938195984927
2000	02	14	0.0	0.027830422839240095	1.4887246871929711
2000	02	15	0.00137719937617	0.013915211419620047	1.5386895571764991
2000	02	16	0.0017119358953100001	0.013915211419620047	1.2952384495416354
2000	02	17	0.00102558356967	0.013915211419620047	1.410009034715729
2000	02	18	0.0013715847114600002	0.013915211419620047	1.4890798195710857
2000	02	19	0.0013757633978800001	0.013915211419620047	1.6330629365697433
2000	02	20	0.000132874169135	0.013915211419620047	1.6083307722134126
2000	02	21	0.0036502147174	0.013915211419620047	1.3974367549851494
2000	02	22	0.0028953747185100002	0.013915211419620047	1.4787216915559591
2000	02	23	0.00102717832748	0.013915211419620047	1.6046260625687438
2000	02	24	0.0	0.041745634258860145	1.5040088317544482
2000	02	25	0.0010279688638199999	0.027830422839240095	1.4230337288462087
2000	02	26	0.007256334905549999	0.0	1.6872957945974698
2000	02	27	0.0006845178779800001	0.0	1.6294997858583724
2000	02	28	0.0017663905481500003	0.0	1.689542854667113
2000	02	29	0.0	0.0	1.7108267440043408
2000	03	01	0.0010279688638199999	0.0	1.6710039481847345
2000	03	02	0.00034822157414	0.0	1.7504504971885955
2000	03	03	0.00102558356967	0.0	1.7489144871818876
2000	03	04	0.00137380530387	0.0	1.858102350710838
2000	03	05	0.00034822161415500003	0.0	1.8302708165749166
2000	03	06	0.000682132791908	0.0	1.7518459787774945
2000	03	07	0.00102858893626	0.0	1.906392742944396
2000	03	08	0.00034822157414	0.0	1.9745594320217006
2000	03	09	0.0	0.0	1.8776487115512912
2000	03	10	0.00102558356967	0.0	1.919586043418875
2000	03	11	0.009831170907100001	0.0	1.377154176740335
2000	03	12	0.92875599294	0.0	1.2406284861474806
2000	03	13	0.11310839975	0.0	1.9521030611290737
2000	03	14	0.00034822157414	0.0	2.1867946713787667
2000	03	15	0.00158572250303	0.0	2.202788077756304
2000	03	16	0.0	0.0	1.9924458575999493
2000	03	17	0.00129767580601	0.0	1.9895430583782885
2000	03	18	0.0	0.0	2.3788216914216167
2000	03	19	0.142768902269	0.0	1.9413017520179252
2000	03	20	0.034140765988	0.0	1.6403629067232701
2000	03	21	4.30611066618	0.0	1.3053867087748454
2000	03	22	12.812979066	0.0	1.3348897127229833
2000	03	23	0.582756875909	0.0	1.7484767100400418
2000	03	24	0.31103200127799996	0.0	1.7356544125714846
2000	03	25	0.91591806052	0.0	1.7509464311651248
2000	03	26	0.00034822157414	0.0	2.105665116026627
2000	03	27	0.000691673064169	0.0	2.291408287182201
2000	03	28	0.00137619059802	0.0	1.9405132316262257
2000	03	29	0.000525205558255	0.0	1.91400799625247
2000	03	30	1.4299936466	0.0	1.8322192746549415
2000	03	31	0.0014092071345800001	0.0	1.9428005805179456
2000	04	01	6.27738481688	0.0	1.9354298875515072
2000	04	02	12.4867791869	0.0	1.5410722118088198
2000	04	03	0.521561624292	0.0	1.5940249054883495
2000	04	04	0.385614743322	0.0	1.6184369809410202
2000	04	05	0.171623222583	0.0	1.6874546434618276
2000	04	06	0.00034822161415500003	0.0	2.034723054261031
2000	04	07	3.5489023395	0.0	1.7529675602297083
2000	04	08	18.394991536	0.0	1.345423446008785
2000	04	09	3.9001705757100003	0.0	1.6217457268413504
2000	04	10	0.000779221426498	0.0	1.7613034408603878
2000	04	11	0.0006821327438900001	0.0	1.9924176424342002
2000	04	12	0.154281305802	0.0	1.8252856044716146
2000	04	13	2.2120372030000004	3.1309225694145106	1.6098681254479181
2000	04	14	4.2326306415	0.0	1.9602519214550176
2000	04	15	17.040723875999998	0.3896259197493614	1.7050774768155135
2000	04	16	2.6267141685700004	1.2523690277658044	1.5939997432950619
2000	04	17	0.31105676256	0.36179549691012125	1.9691075704299212
2000	04	18	0.23626272530999998	0.1948129598746807	1.9599795410044651
2000	04	19	0.0105077085136	0.1391521141962005	2.241663537870865
2000	04	20	0.0019193745356400002	0.09740647993734035	2.300968466761839
2000	04	21	0.179238685311	0.06957605709810025	2.099342700529679
2000	04	22	2.94353349128	0.06957605709810025	1.8395922698438427
2000	04	23	0.00569080669254	0.05566084567848019	2.3572740984950626
2000	04	24	0.00102094775189	0.041745634258860145	2.6090210619333605
2000	04	25	0.66778808666	0.041745634258860145	2.1391236380064322
2000	04	26	3.3910295594	0.041745634258860145	2.0158832425463324
2000	04	27	0.87359843661	0.027830422839240095	1.8577069671958046
2000	04	28	0.40506316974800005	0.027830422839240095	2.046730026633704
2000	04	29	5.1212963262099995	0.027830422839240095	1.251331198299902
2000	04	30	17.310232904	0.1391521141962005	1.3685579851928278
2000	05	01	2.2799786715000003	2.059451290103767	2.193006007845636
2000	05	02	0.07473447092100001	0.7096757824006225	2.5346752092104037
2000	05	03	1.43853852973	0.36179549691012125	1.8263533429633736
2000	05	04	16.7053061415	0.33396507407088116	1.7360298482176504
2000	05	05	4.244911245	2.226433827139208	1.7013485474573846
2000	05	06	10.2295506435	2.8526183410221093	1.6154681130374489
2000	05	07	5.986638547900001	4.411122020019556	1.8308658180107897
2000	05	08	4.3422717415	1.8507231188094664	2.0362996883942506
2000	05	09	7.884023400499999	6.234014715989782	2.0359898903013267
2000	05	10	6.3586708077	7.361146840979005	2.3110370806379064
2000	05	11	0.259660032011	3.1309225694145106	2.4431798779045293
2000	05	12	0.0006862974250600001	1.2523690277658044	2.8898881771986806
2000	05	13	0.000688122157078	0.6818453595613824	3.0545753708373544
2000	05	14	0.0006821327438900001	0.43137155400822147	3.3968631387081043
2000	05	15	0.00034106641195999997	0.29221943981202103	3.202447952022764
2000	05	16	0.0111563004444	0.22264338271392076	2.3585214887893966
2000	05	17	0.0464534791246	0.18089774845506063	2.8091336054571916
2000	05	18	0.00106184788369	0.1391521141962005	3.081119118338065
2000	05	19	0.0010962024418200002	0.11132169135696038	2.954064610326361
2000	05	20	0.21812928782000002	0.09740647993734035	2.2121524709079066
2000	05	21	2.51815723498	0.06957605709810025	1.9046472448002816
2000	05	22	0.222926806215	0.06957605709810025	2.6742972392640745
2000	05	23	6.5173098750500005	0.05566084567848019	2.394166914918362
2000	05	24	3.2178462400000005	0.041745634258860145	2.957298043221987
2000	05	25	0.0008817189206499999	0.041745634258860145	3.0569765856894127
2000	05	26	0.27410539099000003	0.041745634258860145	2.645985790951421
2000	05	27	0.00258079607574	0.041745634258860145	3.1807115290807
2000	05	28	0.0037913264144499997	0.041745634258860145	3.4979027057119536
2000	05	29	0.0038331192809	0.041745634258860145	3.67121076283459
2000	05	30	0.00035299176229	0.027830422839240095	3.917670600654455
2000	05	31	0.0	0.027830422839240095	3.59795457530241
2000	06	01	0.00170771663368	0.013915211419620047	3.23905493267611
2000	06	02	0.0010337436685599998	0.0	3.639626797983204
2000	06	03	0.91978567033	0.0	3.7333870310240704
2000	06	04	1.99643102099	0.0	3.65185659970619
2000	06	05	0.0	0.0	3.7047115923599505
2000	06	06	0.0013690356759300001	0.0	4.239196443480553
2000	06	07	0.00191770895128	0.0	3.9272650539554363
2000	06	08	0.000352991818311	0.0	3.1650886508797624
2000	06	09	0.000355826488914	0.0	2.6055308227878973
2000	06	10	0.0	0.0	3.3402784981100777
2000	06	11	0.00137705772307	0.0	3.4839422407008525
2000	06	12	0.0013772962925	0.0	4.400630865621587
2000	06	13	0.0013738053839	0.0	4.085931330812776
2000	06	14	0.0	0.0	4.135436086469112
2000	06	15	0.000352991818311	0.0	3.8896740231811466
2000	06	16	0.0006869030120699999	0.0	3.6722413692815326
2000	06	17	0.0018982155639999999	0.0	2.9156999452397927
2000	06	18	0.0244388715414	0.0	2.901184444774485
2000	06	19	0.0316573902712	0.0	2.7785590627702277
2000	06	20	0.0104286524787	0.0	3.3807902015144227
2000	06	21	0.14636651486799998	0.0	3.563626725974611
2000	06	22	0.0020429970367	0.0	3.842881369850126
2000	06	23	0.0	0.0	3.738951506295886
2000	06	24	0.00137619067805	0.0	3.7536304782582457
2000	06	25	0.054364042874000006	0.0	2.587442901719313
2000	06	26	0.0476868638705	0.0	2.7851144012784004
2000	06	27	0.00141812695826	0.0	3.724967844058186
2000	06	28	0.00108365189713	0.0	4.067643995457994
2000	06	29	0.0	0.0	4.532147553432787
2000	06	30	0.0017588321148	0.0	4.472731782030481
2000	07	01	0.0006869030120699999	0.0	4.2199066425817495
2000	07	02	0.00103052222097	0.0	3.6820355720557103
2000	07	03	0.0192399698841	0.0	3.368347290856225
2000	07	04	0.00206547858412	0.0	3.723471475334973
2000	07	05	0.00103087963495	0.0	4.2308090878020534
2000	07	06	0.0	0.0	4.1235268635302536
2000	07	07	0.00103989421415	0.0	4.341073584832889
2000	07	08	0.00034822157414	0.0	4.498054438897262
2000	07	09	0.0	0.0	3.2690732466886057
2000	07	10	0.00103273929206	0.0	3.5877095914250408
2000	07	11	0.00034822157414	0.0	3.9828226960121653
2000	07	12	0.0024021410252100003	0.0	4.275046736461667
2000	07	13	0.0006869030120699999	0.0	4.126914888086022
2000	07	14	0.0023993898339000003	0.0	4.2566125431381625
2000	07	15	0.000682132791908	0.0	4.4687858686429704
2000	07	16	0.00103035415797	0.0	3.8499999129727116
2000	07	17	0.023491679677600002	0.0	2.5704592135721898
2000	07	18	0.134462124395	0.0	3.0221198310835256
2000	07	19	4.5773902779e-08	0.0	4.269862934805601
2000	07	20	0.00135313459526	0.0	4.162910302396897
2000	07	21	0.0	0.0	3.1233127185991747
2000	07	22	0.000682132791908	0.0	3.6998468538861005
2000	07	23	6.6217718336e-07	0.0	3.3024094525305827
2000	07	24	0.0007715031652350002	0.0	3.3785258930874402
2000	07	25	0.21087067085900002	0.0	3.0913644970686835
2000	07	26	0.0013584932440000002	0.0	3.7521825805311595
2000	07	27	0.0	0.0	4.200948553879607
2000	07	28	0.0	0.0	4.276012840909611
2000	07	29	0.0	0.0	3.6936984336104137
2000	07	30	0.00068404249978	0.0	4.394062798660709
2000	07	31	0.0010431478338	0.0	4.765963676121696
2000	08	01	0.00103273929206	0.0	4.287010055021504
2000	08	02	0.00103273929206	0.0	4.428375472657011
2000	08	03	0.0	0.0	4.1258070808803415
2000	08	04	0.0	0.0	4.092764220930738
2000	08	05	0.000691673064169	0.0	3.735686738655084
2000	08	06	0.000691673064169	0.0	3.610448066914049
2000	08	07	0.0010357170482999999	0.0	3.9267038555221463
2000	08	08	0.0013690356759300001	0.0	3.8401981811080708
2000	08	09	0.00275715098404	0.0	3.8518935774326137
2000	08	10	0.00621717888812	0.0	2.926892909621546
2000	08	11	0.00137002748772	0.0	3.63911492759864
2000	08	12	0.00034138723622400007	0.0	3.7327550880711393
2000	08	13	0.00215799014295	0.0	3.7168368797327003
2000	08	14	0.00137302293059	0.0	4.1122422647042605
2000	08	15	0.0023993898339000003	0.0	4.091497183087042
2000	08	16	0.00034822161415500003	0.0	4.207588399878976
2000	08	17	0.00138334568017	0.0	3.6384859341388083
2000	08	18	0.00035606723516000004	0.0	3.8821092644500497
2000	08	19	0.00102558356967	0.0	3.57279212200294
2000	08	20	0.0022084368133600003	0.0	3.2202871386327745
2000	08	21	0.0006869030120699999	0.0	3.1302518036478837
2000	08	22	0.00035299176229	0.0	2.9710603411847702
2000	08	23	0.21053820222999997	0.0	2.3410227672739294
2000	08	24	0.0	0.0	2.858547598958361
2000	08	25	0.009846447833799999	0.0	2.731779305050056
2000	08	26	0.019500581977	0.0	3.0526290586798908
2000	08	27	0.00034822157414	0.0	3.6384260139058733
2000	08	28	0.0010178885251100002	0.0	3.198203500576425
2000	08	29	0.0	0.0	3.4444220150367095
2000	08	30	0.0	0.0	3.4678589928866046
2000	08	31	0.00170771663368	0.0	3.7341288244307878
2000	09	01	0.0006821327438900001	0.0	2.9789892134002836
2000	09	02	0.0	0.0	3.4954913001272434
2000	09	03	0.00034822157414	0.0	3.6024163351871454
2000	09	04	0.000682132791908	0.0	3.473969134275989
2000	09	05	0.0100663646717	0.0	2.9003409381542817
2000	09	06	0.000684517821959	0.0	3.2181537582952706
2000	09	07	0.0	0.0	3.763350790036469
2000	09	08	0.0	0.0	3.287779739067288
2000	09	09	0.000345726534851	0.0	2.984753645096259
2000	09	10	0.000677402370665	0.0	2.962159545489052
2000	09	11	0.0006960283127749999	0.0	2.7618753695047356
2000	09	12	0.00103707307662	0.0	2.9867282202925263
2000	09	13	0.000335919058426	0.0	2.955787199881581
2000	09	14	0.00102791140228	0.0	3.0750293390866146
2000	09	15	0.0141830190384	0.0	2.5200272669238415
2000	09	16	0.0	0.0	2.7380660500098255
2000	09	17	0.015129820355800001	0.0	2.2332291528461568
2000	09	18	1.0585628922800001	0.0	1.8942681645514658
2000	09	19	0.256864992264	0.0	1.7874123224028193
2000	09	20	0.0	0.0	2.10399263262958
2000	09	21	0.0	0.0	2.524658287445752
2000	09	22	0.0013690356759300001	0.0	2.7787929711172414
2000	09	23	0.14188062529	0.0	2.1366848485678664
2000	09	24	0.00034822157414	0.0	2.4300420018542446
2000	09	25	0.00101692784499	0.0	2.421677139867482
2000	09	26	0.00112783149827	0.0	2.582566540144673
2000	09	27	0.00137416207761	0.0	2.4286969168773416
2000	09	28	2.44241988412	0.0	1.9313756036163956
2000	09	29	0.9559567494000001	0.0	1.6409925532207676
2000	09	30	0.00137998714119	0.0	1.9803143792060844
2000	10	01	0.5458446149999999	0.0	1.91330627401877
2000	10	02	0.0255502729607	0.0	2.1080884558064548
2000	10	03	0.000691241654451	0.0	2.588645158056524
2000	10	04	0.0	0.0	2.4984860873446895
2000	10	05	0.00034106641195999997	0.0	2.442274881584989
2000	10	06	0.00034822157414	0.0	2.273413809108804
2000	10	07	0.000691673064169	0.0	1.9948289225378562
2000	10	08	0.00103989421415	0.0	2.2470357987971097
2000	10	09	0.0006869030120699999	0.0	2.2814317764479193
2000	10	10	0.00261990817728	0.0	1.6988916036373836
2000	10	11	2.07282485794	0.0	1.4407794959404876
2000	10	12	0.159326885185	0.0	1.3593222016433664
2000	10	13	0.00102213635745	0.0	1.6158772091801648
2000	10	14	0.0	0.0	1.6689470209773571
2000	10	15	1.54787663615	0.0	1.2029865762963043
2000	10	16	0.0084944370198	0.0	1.5756022175777051
2000	10	17	0.0	0.0	1.8565767557901023
2000	10	18	0.0006869029320400001	0.0	1.730833016248092
2000	10	19	0.012090987620700001	0.0	1.762679162151595
2000	10	20	11.372290210200001	0.0	1.0906194748442422
2000	10	21	0.0020534401514	0.0	1.2810814256988452
2000	10	22	0.0457578599652	0.0	1.6367121884594926
2000	10	23	0.12683602568	0.0	1.707432348680889
2000	10	24	0.24877365515000002	0.0	1.1987101060647036
2000	10	25	0.40964331866	0.0	1.3096151945830123
2000	10	26	0.0025089549054	0.0	1.3891845965201681
2000	10	27	0.00118402128154	0.0	1.5391856088680849
2000	10	28	0.0020613927325000003	0.0	1.61699516759664
2000	10	29	0.0038257245089000002	0.0	1.2958584951804655
2000	10	30	0.00267341487477	0.0	1.3594126216754538
2000	10	31	1.17756358081	0.0	1.1808984054095948
2000	11	01	0.00239944793568	0.0	1.1795602013746
2000	11	02	1.29571307026	0.0	1.1448339747958494
2000	11	03	0.0382751598045	0.0	1.0440060580285808
2000	11	04	0.000691673064169	0.0	1.1410733138042588
2000	11	05	0.22612121166800003	0.0	1.285153909615155
2000	11	06	0.34058626397200004	0.0	1.0889371717213103
2000	11	07	0.0900816927718	0.0	0.8497349136276366
2000	11	08	0.5536953499220001	0.0	0.9151871039574033
2000	11	09	0.00034822157414	0.0	1.047922772341892
2000	11	10	0.0075169722079	0.0	1.0209817672929593
2000	11	11	0.00110040553739	0.0	1.0034127772060035
2000	11	12	3.8080376388100006	0.0	1.055750482388975
2000	11	13	7.0831968031	0.0	0.8732035547784277
2000	11	14	2.6365179236	0.0	0.8478699579653236
2000	11	15	0.00396497694899	0.0	0.9477178983234285
2000	11	16	0.132662801902	0.0	1.0091822822986591
2000	11	17	0.00442482156608	0.0	0.8730831891735523
2000	11	18	0.00034822157414	0.0	0.9612795884763856
2000	11	19	2.15261668866	0.0	0.8467199155814091
2000	11	20	0.251702016874	0.0	0.7974696757916774
2000	11	21	0.22192094915999996	0.0	0.9591126531771551
2000	11	22	6.838938840699999	0.0	0.6770623503363311
2000	11	23	0.36261697039	0.0	0.8515003330444881
2000	11	24	0.344713178985	0.0	0.9723240971483189
2000	11	25	0.29931244009	0.0	0.7824983942478675
2000	11	26	0.5507276454500001	0.0	0.6621275474617154
2000	11	27	0.064112809291	0.0	0.6674786573246361
2000	11	28	5.650321276200001	0.0	0.8910248225902451
2000	11	29	2.45031268281	0.0	0.7659718395658437
2000	11	30	1.40278968894	0.0	0.7989840661984118
2000	12	01	6.3436451752	0.0	0.7664398341480473
2000	12	02	0.8944620175200001	0.0	0.8222062401001088
2000	12	03	9.950706115999999e-05	0.0	0.8589715072823286
2000	12	04	0.0356882468758	0.0	0.7305199082427563
2000	12	05	11.986320385199999	0.0	0.5805152482640473
2000	12	06	6.6724908461	0.0	0.5889713041708284
2000	12	07	14.9636684722	0.0	0.8277290020838146
2000	12	08	1.2642723244	1.0158104336322635	0.7347081432975457
2000	12	09	0.106525868226	0.6818453595613824	0.8132868673459046
2000	12	10	0.159953440055	0.4174563425886014	0.7015848193622014
2000	12	11	0.000352991818311	0.23655859413354086	0.7886368134788547
2000	12	12	0.0010255843699700001	0.11132169135696038	0.8389744110945714
2000	12	13	0.0350689195151	0.06957605709810025	0.6837561885449571
2000	12	14	0.0047855979265	0.041745634258860145	0.8523554263749563
2000	12	15	0.0011793801817800002	0.041745634258860145	0.6959675264009846
2000	12	16	0.0013785758921700001	0.027830422839240095	0.7056522213540711
2000	12	17	0.0	0.027830422839240095	0.7547104494353973
2000	12	18	0.00102524088121	0.027830422839240095	0.7535149334015685
2000	12	19	2.6340753279699998	0.027830422839240095	0.7017588341740659
2000	12	20	12.928349513700002	0.027830422839240095	0.5601957922271924
2000	12	21	68.1605634298	10.032867433546055	0.7105509574003311
2000	12	22	24.628024047000004	32.63117077900901	0.5453648180246216
2000	12	23	14.366574245800003	12.328877317783363	0.633072247987637
2000	12	24	8.748425829900002	14.917106641832692	0.4706918476364377
2000	12	25	8.1504424702	15.487630310037115	0.6872209694796032
2000	12	26	6.019586898899999	7.3333164181397645	0.5573315686706868
2000	12	27	0.44033454355500007	3.6597006033600725	0.605859800790956
2000	12	28	1.21648905239	1.8507231188094664	0.7730045847859324
2000	12	29	0.02369704306	1.0158104336322635	0.5988088471703185
2000	12	30	0.047101240344000005	0.5983540910436621	0.7442573433309305
2000	12	31	0.14607112413800002	0.4174563425886014	0.7719714800073684
2001	01	01	1.6872158287600003	0.3200498626512611	0.5454370235397442
2001	01	02	0.36527594313100004	0.4174563425886014	0.7581613113903797
2001	01	03	3.7412960601	0.4174563425886014	0.7464595300828715
2001	01	04	1.40376645509	0.36179549691012125	0.6284345889037752
2001	01	05	4.97514778105	1.711571004613266	0.3490461655267596
2001	01	06	6.970041585800001	6.331421195927122	0.752261181974652
2001	01	07	0.00206547858412	1.9898752330056668	0.6489764506935418
2001	01	08	0.0053806289795	0.8349126851772029	0.66300406971895
2001	01	09	3.9956087516100003	1.0158104336322635	0.7964619818721731
2001	01	10	12.1330393842	8.042992200540388	0.5908768940670052
2001	01	11	7.1273661604	19.119500490557947	0.6788990106022464
2001	01	12	3.30459876	5.148628225259418	0.6497812450696328
2001	01	13	0.00034822157414	1.447181987640485	0.8491000685921923
2001	01	14	0.0042626314876	0.6818453595613824	0.7751667816581717
2001	01	15	0.084967730955	0.3200498626512611	0.8292952470431499
2001	01	16	1.4058970937800002	0.16698253703544058	0.8774926568890702
2001	01	17	0.0334478318351	0.11132169135696038	0.7729531554834881
2001	01	18	7.2518328179000004	0.1948129598746807	0.637244946305772
2001	01	19	0.0	0.23655859413354086	0.8111467692825667
2001	01	20	0.0	0.11132169135696038	0.8683545628228104
2001	01	21	0.0020984884781899997	0.06957605709810025	0.9142463942874911
2001	01	22	0.162145229668	0.06957605709810025	0.7862032559162873
2001	01	23	0.711979004042	0.041745634258860145	0.6278134217855232
2001	01	24	2.1707521269	0.11132169135696038	0.633532983013718
2001	01	25	0.15248942609900001	0.7514214166594826	0.6836729510696358
2001	01	26	0.5243328711199999	0.36179549691012125	0.8033100746599304
2001	01	27	0.81291728971	0.23655859413354086	0.7388548003416908
2001	01	28	0.06706156265900001	0.11132169135696038	0.7256524891653011
2001	01	29	0.0006821327438900001	0.06957605709810025	0.804201156247561
2001	01	30	0.000696443268325	0.041745634258860145	1.0375633259199786
2001	01	31	0.00034822157414	0.027830422839240095	1.0967751800913819
2001	02	01	0.015225063258500001	0.027830422839240095	1.005663285142259
2001	02	02	0.00044738631497800004	0.013915211419620047	1.1110327850728805
2001	02	03	0.20603635466999998	0.013915211419620047	0.9563192113633008
2001	02	04	0.314046091138	0.0	1.01002576216625
2001	02	05	0.24582438959000003	0.0	0.7807274352590913
2001	02	06	6.9702536653	0.0	0.6343506202390654
2001	02	07	20.9645963766	8.80832882861949	0.7586203330774447
2001	02	08	0.30073001148	1.3358602962835247	0.8320121205261257
2001	02	09	0.00208887543465	0.278304228392401	1.1052675749505634
2001	02	10	0.00349931134985	0.09740647993734035	1.3231688213419168
2001	02	11	0.0006821327438900001	0.027830422839240095	1.2409180564452273
2001	02	12	0.000352991794302	0.013915211419620047	1.2232688051142233
2001	02	13	0.00186297403338	0.0	1.1626699272258507
2001	02	14	0.005326072528500001	0.0	1.0569299409083772
2001	02	15	0.00391765472981	0.0	1.1275706513156365
2001	02	16	0.0027456500328	0.0	1.2376696740811362
2001	02	17	0.00136903487563	0.0	1.2772113405148793
2001	02	18	0.00068361617997	0.0	1.3870511538043273
2001	02	19	10.5970660101	0.0	0.9333583614660044
2001	02	20	0.07286323347	0.041745634258860145	1.149909881774383
2001	02	21	0.00068050005186	0.0	1.323304465117505
2001	02	22	0.0032486615514100005	0.0	1.344276490759808
2001	02	23	1.30876084134	0.0	1.213972351492815
2001	02	24	0.349725529912	0.0	1.2103369376564947
2001	02	25	0.00069167312019	0.0	1.3872622293323944
2001	02	26	0.15495948802499998	0.0	1.3144300849240877
2001	02	27	0.30314219571	0.0	1.0405016448768207
2001	02	28	0.578161649345	0.0	1.1053731654920274
2001	03	01	12.1790574345	0.4731171882670817	1.2287232345701729
2001	03	02	21.512736252	21.137206146402853	0.8970809543364962
2001	03	03	6.9873504742	26.355410428760372	0.900814690652617
2001	03	04	12.361973202200002	7.3333164181397645	0.8587685354019597
2001	03	05	1.5974572219000003	4.8703239968670164	1.0043331424641286
2001	03	06	2.87142133936	0.7514214166594826	1.3331500093103232
2001	03	07	3.2484802034300007	0.23655859413354086	1.1549153175913611
2001	03	08	1.63323895502	0.05566084567848019	1.1989863980656508
2001	03	09	0.46133597614	0.0	1.4022052590769385
2001	03	10	0.13678462700699998	0.0	1.5857235743461926
2001	03	11	0.000799457972358	0.0	1.8707811256445315
2001	03	12	0.056363808505	0.0	1.6420928911052157
2001	03	13	0.00034822157414	0.0	1.7058805670563704
2001	03	14	0.0	0.0	1.9538412204946503
2001	03	15	0.017064444768000002	0.0	1.7790535237272165
2001	03	16	0.57906610839	0.0	1.3484816677156735
2001	03	17	0.264853234732	0.0	1.5089567872785168
2001	03	18	0.7797598203199999	0.0	1.5672248221463496
2001	03	19	0.0191780114584	0.0	1.7549779913877013
2001	03	20	0.0023531917161	0.0	1.807853344861298
2001	03	21	0.00288302536924	0.0	1.533868585879281
2001	03	22	0.0414791136368	0.0	1.7593654390984452
2001	03	23	0.0011282581382	0.0	2.0460161473663248
2001	03	24	0.69100727059	0.0	1.3207092258052975
2001	03	25	0.8202737273399999	0.0	1.3927430183570653
2001	03	26	1.6821257607000002	0.0	1.6479211078343667
2001	03	27	0.93157889113	0.0	1.6992340249629276
2001	03	28	0.0	0.0	1.8950327775808624
2001	03	29	0.53204888354	0.0	1.90414425458534
2001	03	30	0.00318174686781	0.0	1.9841421222605022
2001	03	31	0.00069797772353	0.0	2.531326668112622
2001	04	01	0.0	0.0	1.7491911114209349
2001	04	02	0.12923349239300003	0.0	1.9808700536782557
2001	04	03	0.0	0.0	2.035818919525713
2001	04	04	1.1890670129799998	0.0	1.9538348055165486
2001	04	05	0.016541038164100002	0.0	2.1166283043375382
2001	04	06	0.0164136416083	0.0	2.3777669325523605
2001	04	07	0.00026705698883000003	0.0	2.0108163540428134
2001	04	08	0.0006821327438900001	0.0	2.455764818615506
2001	04	09	0.0	0.0	2.8516735642370947
2001	04	10	0.000682132791908	0.0	3.0352944214353332
2001	04	11	0.0006821327438900001	0.0	3.1750249746471266
2001	04	12	0.00034106641195999997	0.0	2.51620953462313
2001	04	13	0.0013804516353100001	0.0	3.048970283549103
2001	04	14	0.000698283077995	0.0	2.415144821452579
2001	04	15	0.000348790307335	0.0	2.50513762586981
2001	04	16	0.0006964433083400001	0.0	2.849501990256411
2001	04	17	0.042815888339400004	0.0	2.116948389541266
2001	04	18	0.0126610429113	0.0	2.5682994328012265
2001	04	19	0.00069569414751	0.0	2.5790724241184
2001	04	20	0.0	0.0	2.7372207504245862
2001	04	21	0.0	0.0	2.659467781375841
2001	04	22	0.000682132791908	0.0	2.908532475752199
2001	04	23	0.0038889314026	0.0	2.4422553869125254
2001	04	24	0.16633707302	0.0	1.8681456794519595
2001	04	25	0.00034822157414	0.0	2.6355855606842877
2001	04	26	0.00034822157414	0.0	2.8407617704337036
2001	04	27	0.0	0.0	2.8903509814855806
2001	04	28	0.0	0.0	3.1224214531682857
2001	04	29	0.0006885352239199999	0.0	2.7905135105019596
2001	04	30	3.6519533691499997	0.0	1.9573482059237581
2001	05	18	6.575299212899999	0.0	3.1123964103764967
2001	05	19	2.25295942308	0.0	2.324100234134532
2001	05	20	0.8257647457	0.0	2.4863179720467485
2001	05	21	0.572054624069	0.0	2.9111337314489414
2001	05	22	0.0013642651676600002	0.0	2.997990938337876
2001	05	23	0.0	0.0	3.392665756844026
2001	05	24	0.0	0.0	3.4461712467332886
2001	05	25	0.0	0.0	3.9235248763042874
2001	05	26	0.000684517821959	0.0	4.1071801089192945
2001	05	27	0.0	0.0	3.973031272439937
2001	05	28	0.00206070879612	0.0	4.189096003596779
2001	05	29	0.00103989421415	0.0	4.063580174322638
2001	05	30	0.0	0.0	4.014511839484297
2001	05	31	0.00103351158156	0.0	4.029594622223165
2001	06	01	0.00034106641195999997	0.0	4.135361659883589
2001	06	02	0.0	0.0	4.1466934199982814
2001	06	03	0.0006821327438900001	0.0	4.48292587072182
2001	06	04	0.00103068812316	0.0	4.32300570534961
2001	06	05	0.0	0.0	4.2647347371102775
2001	06	06	0.0	0.0	4.537756186642295
2001	06	07	0.00034652284135399997	0.0	3.5372314129647844
2001	06	08	0.0006869030120699999	0.0	4.1765335795629035
2001	06	09	1.01824673939	0.0	3.3614977658899434
2001	06	10	0.233770735164	0.0	3.301759606298128
2001	06	11	0.0010187642934	0.0	3.7916316540103914
2001	06	12	0.000682132791908	0.0	3.2329349910715273
2001	06	13	0.00034822157414	0.0	4.074400607092039
2001	06	14	0.00034822161415500003	0.0	4.4465796735093335
2001	06	15	0.0	0.0	3.5600098491276024
2001	06	16	0.000324370769441	0.0	3.633242140197955
2001	06	17	0.000361011432539	0.0	4.172277398880081
2001	06	18	0.000352991818311	0.0	4.310956058841179
2001	06	19	0.00102558356967	0.0	3.925268415298265
2001	06	20	0.00103035415797	0.0	3.4401139473808993
2001	06	21	0.0	0.0	3.9669772410066644
2001	06	22	0.0	0.0	4.39410224822096
2001	06	23	0.0006821327438900001	0.0	5.068098157782396
2001	06	24	0.00102558356967	0.0	3.463138748249283
2001	06	25	0.00102558356967	0.0	3.8139673556875873
2001	06	26	0.0006865833722500001	0.0	3.842936931595612
2001	06	27	6.6217718336e-07	0.0	3.607136526806131
2001	06	28	0.0	0.0	4.218917949001443
2001	06	29	0.00102507633953	0.0	4.294513028876153
2001	06	30	0.0	0.0	4.269007824646318
2001	07	01	0.0013778166475600002	0.0	3.8206689276990766
2001	07	02	0.0	0.0	4.057889683559094
2001	07	03	0.0017348631297999999	0.0	4.541033606343224
2001	07	04	0.0006630521993679999	0.0	3.7308455992144642
2001	07	05	0.00069209023655	0.0	3.310021802897994
2001	07	06	0.720310543198	0.0	3.3195389727181603
2001	07	07	0.0	0.0	3.6554543016097862
2001	07	08	0.0017267977064	0.0	3.9472812442360166
2001	07	09	0.16670940459199998	0.0	3.793469216871304
2001	07	10	0.0006825214175879999	0.0	4.215338937460258
2001	07	11	0.0	0.0	4.232670968399274
2001	07	12	0.0010334139449600002	0.0	3.898516718830829
2001	07	13	0.00034822161415500003	0.0	4.35573771161586
2001	07	14	0.0069708835014	0.0	3.804920220108717
2001	07	15	0.0086849012171	0.0	3.674508347112796
2001	07	16	0.0	0.0	3.9936624527142905
2001	07	17	0.00206625799629	0.0	4.305844757350185
2001	07	18	0.00068928806613	0.0	3.5163562805980964
2001	07	19	0.0013724610399599999	0.0	3.6508556251797106
2001	07	20	0.00035299176229	0.0	4.164746616537667
2001	07	21	0.00171011273188	0.0	4.586105191390356
2001	07	22	0.00103758694925	0.0	4.462034926399421
2001	07	23	0.00069167312019	0.0	4.304455637956354
2001	07	24	3.1967175197e-07	0.0	3.9319921006229572
2001	07	25	0.00115649648361	0.0	4.1363996579785205
2001	07	26	0.000682132791908	0.0	4.0557528277321016
2001	07	27	0.0010303539979100002	0.0	3.8197356899657904
2001	07	28	0.000682132791908	0.0	3.9641777159066103
2001	07	29	0.00482392133239	0.0	3.0561216617824334
2001	07	30	0.78262401399	0.0	2.7165202372546013
2001	07	31	0.00292907215031	0.0	2.9366460163627064
2001	08	01	0.0024631905502000002	0.0	3.476273245317668
2001	08	02	0.0017195988478400002	0.0	3.6278246651800723
2001	08	03	0.0	0.0	4.132717862695395
2001	08	04	0.0	0.0	4.0090269599776045
2001	08	05	0.00102558356967	0.0	4.2926774274246
2001	08	06	0.00103512450618	0.0	4.3515785849426765
2001	08	07	0.00102720817867	0.0	4.3383978051532495
2001	08	08	0.00034106641195999997	0.0	3.956905713717157
2001	08	09	0.0	0.0	3.9809160177106424
2001	08	10	0.00034106641195999997	0.0	3.9313130624327832
2001	08	11	0.0	0.0	3.5494063754463223
2001	08	12	0.00034822157414	0.0	3.483734701595227
2001	08	13	0.0005222292825700001	0.0	2.9528925289504344
2001	08	14	0.009528967223200001	0.0	3.1755340103191543
2001	08	15	0.000195004187158	0.0	3.554667398754815
2001	08	16	0.00077620920934	0.0	3.2247835172601467
2001	08	17	0.00034822157414	0.0	3.4111143091408413
2001	08	18	0.0072620558501	0.0	3.165460070536751
2001	08	19	0.0	0.0	3.565950172889911
2001	08	20	0.00139951638191	0.0	3.5319045770203172
2001	08	21	0.0	0.0	3.449680335715749
2001	08	22	0.0	0.0	3.719968138302415
2001	08	23	0.000682132791908	0.0	3.7511063611841844
2001	08	24	0.0197183364043	0.0	3.5226872144015293
2001	08	25	0.568511551915	0.0	2.657163709736176
2001	08	26	0.00103715886878	0.0	2.7721978479824743
2001	08	27	0.0	0.0	2.7336534998920325
2001	08	28	0.069054005545	0.0	2.561455170235332
2001	08	29	0.008047359828700001	0.0	2.926579450813859
2001	08	30	6.6217718336e-07	0.0	3.0875162969767596
2001	08	31	0.000352991818311	0.0	3.5456185999021765
2001	09	01	0.0	0.0	3.2352284687908144
2001	09	02	0.0	0.0	2.7966049951361343
2001	09	03	0.0008154684060200001	0.0	2.692920134583021
2001	09	04	0.188600322609	0.0	2.2579473450456176
2001	09	05	0.00106722493933	0.0	2.770489407226495
2001	09	06	0.013295285463100001	0.0	2.523125352402452
2001	09	07	0.000352991818311	0.0	3.0837213139972244
2001	09	08	0.00069167312019	0.0	2.8932278752114855
2001	09	09	0.00103512450618	0.0	3.0897934222472516
2001	09	10	0.001371490116	0.0	3.1246430166798436
2001	09	11	0.00069180941128	0.0	3.0270543188148977
2001	09	12	0.00017495035779100003	0.0	2.8491095634551016
2001	09	13	0.0	0.0	2.8449614221538075
2001	09	14	0.00102558356967	0.0	3.0819529432038184
2001	09	15	0.00034106641195999997	0.0	2.761575209303633
2001	09	16	0.0	0.0	2.350955083728176
2001	09	17	0.004444257411790001	0.0	2.8103254016503154
2001	09	18	0.0006824980408250001	0.0	2.4699833165085203
2001	09	19	0.0123681235077	0.0	2.053862097912139
2001	09	20	0.10488750206900001	0.0	2.130058024634365
2001	09	21	14.141571501400001	0.0	1.5871147550162734
2001	09	22	1.30974264938	0.0	1.4094309702629824
2001	09	23	0.515528794829	0.0	1.7786853375490785
2001	09	24	0.0016233194766099998	0.0	2.03792825880783
2001	09	25	0.0006869030120699999	0.0	2.149339812117625
2001	09	26	0.000705453533908	0.0	2.167568066988992
2001	09	27	1.18712348443	0.0	1.5421964840199427
2001	09	28	0.249204496655	0.0	1.420761183358695
2001	09	29	6.5428686560000004	0.0	1.4605648758754792
2001	09	30	0.026286321675500005	0.0	1.763097329322475
2001	10	01	0.0	0.0	2.0832305116226
2001	10	02	0.0022095967681800004	0.0	1.884803729441712
2001	10	03	0.0095574859137	0.0	1.9882907098735758
2001	10	04	0.00138334552011	0.0	2.3224455070683514
2001	10	05	1.5950701670900003	0.0	1.549245027807685
2001	10	06	5.93550233901	0.0	1.6479096110179767
2001	10	07	0.0030252812552000003	0.0	1.7508208365991595
2001	10	08	0.78084566736	0.0	1.6252029154506655
2001	10	09	4.82292199778	0.0	1.4745225301207863
2001	10	10	0.9844321436700001	0.0	1.556228805818665
2001	10	11	17.5788912131	0.0	1.9195123785024835
2001	10	12	5.092464158200001	0.0	1.2332138992047101
2001	10	13	0.9540779651200001	0.0	1.3724035291230716
2001	10	14	0.00158302445164	0.0	1.6118602973942053
2001	10	15	0.468988500761	0.0	1.4463786420721596
2001	10	16	0.36801443368000003	0.0	1.577998488868067
2001	10	17	0.144784849966	0.0	1.4204711501848108
2001	10	18	7.403797783400001	0.0	0.9872401307852513
2001	10	19	7.2609834481	0.0	1.173173016738478
2001	10	20	0.6729424428190001	0.0	1.19559325871753
2001	10	21	0.36530365752	0.0	1.1961613922243481
2001	10	22	0.71016149073	0.0	1.0725280241320698
2001	10	23	0.00337370498512	0.0	1.3921678947515346
2001	10	24	0.00138190802125	0.0	1.5583878451180528
2001	10	25	0.0046704635673	0.0	1.4589984333655148
2001	10	26	0.165398489183	0.0	1.208619299836165
2001	10	27	0.31363746596100006	0.0	1.2847087590830748
2001	10	28	0.087564368329	0.0	1.0698332765117216
2001	10	29	0.0221830635305	0.0	1.015577147884993
2001	10	30	0.00034106641195999997	0.0	1.2022244289926347
2001	10	31	0.0010303539979100002	0.0	1.5865271512086239
2001	11	01	0.0	0.0	1.45401710926072
2001	11	02	0.0013642653277200001	0.0	1.2504615086285558
2001	11	03	0.058288574021500006	0.0	0.9536137069979448
2001	11	05	10.4577817981	4.939900053965117	0.7736581961897302
2001	11	06	3.4345800447100006	5.566084567848019	0.843479645976968
2001	11	07	0.00102217789302	0.3061346512316411	1.1604370942771698
2001	11	08	0.0	0.0	1.2680674441364967
2001	11	09	0.25073129298900004	0.0	0.8662768667337798
2001	11	10	0.006613243036500001	0.0	0.71042166982149
2001	11	11	0.00103035415797	0.0	0.9466124597862288
2001	11	12	0.00101984821972	0.0	1.050898397547481
2001	11	13	0.00034822157414	0.0	1.0820439237010486
2001	11	14	0.0017108851014099999	0.0	0.9598414167846459
2001	11	15	0.00041116196793999996	0.0	0.7062616413781261
2001	11	16	0.0013753471618500003	0.0	0.7948735868399766
2001	11	17	4.9151491299900005	0.0	0.9054762880410692
2001	11	18	0.00234220143629	0.0	0.8622554915631626
2001	11	19	0.0006869030120699999	0.0	0.9386865877612479
2001	11	20	0.000352991818311	0.0	0.8994682216507636
2001	11	21	0.0017124869818900003	0.0	1.0015276269654683
2001	11	22	0.0082060008968	0.0	0.9550974766228326
2001	11	23	0.108638956337	0.0	0.9083548952831353
2001	11	24	0.0006845178779800001	0.0	0.9171286601949322
2001	11	25	0.00103273929206	0.0	1.0051438953000897
2001	11	26	0.0	0.0	0.9724618196146965
2001	11	27	1.08436480437	0.0	0.8334530325851209
2001	11	28	0.0	0.0	0.918090311837373
2001	11	29	0.0006821327438900001	0.0	0.984977916478809
2001	11	30	0.0	0.0	0.986559803781662
2001	12	01	0.0	0.0	0.8814613885044291
2001	12	02	0.00168182116652	0.0	0.8251070250211993
2001	12	03	0.0013854381445500001	0.0	0.9310545836938044
2001	12	04	0.00103766505853	0.0	0.9888097756789982
2001	12	05	0.000682132791908	0.0	1.0262256410891
2001	12	06	0.0016234989038700002	0.0	0.777519832533531
2001	12	07	0.0194713022012	0.0	0.7417722521209992
2001	12	08	0.00206309337	0.0	0.814997604188598
2001	12	09	0.00297344398351	0.0	0.7309560316519284
2001	12	10	0.6066293527319999	0.0	0.635728133175556
2001	12	12	10.9904390697	2.95002482095945	0.4434064326724943
2001	12	13	1.37616498842	0.29221943981202103	0.5875836694642251
2001	12	14	2.9006562983600004	0.2087281712943007	0.7799602999562114
2001	12	15	0.6105929665300001	0.0	0.7835722111692077
2001	12	16	0.9823618476	0.0	0.5987872787563011
2001	12	17	18.9183749312	0.7514214166594826	0.40679250133953593
2001	12	18	1.8499874052200003	1.6419949475151656	0.5904187138597224
2001	12	19	0.0283617580724	0.013915211419620047	0.6202544126911836
2001	12	20	0.000348545263478	0.0	0.6731912286148496
2001	12	21	0.00583602024721	0.0	0.5592158875885067
2001	12	22	3.00763720116	0.0	0.6868061849103192
2001	12	24	0.0414983840605	0.3757107083297413	0.6096380554068698
2001	12	25	0.027524578647800002	0.0	0.6397619187798236
2001	12	26	0.0018474573368	0.0	0.6420557584726645
2001	12	27	0.0017062317570600003	0.0	0.7799627642367748
2001	12	28	0.00034822157414	0.0	0.7149316508120511
2001	12	29	0.0013693129798800002	0.0	0.7583136493201258
2001	12	30	2.85199645776	0.0	0.7130746382307378
2001	12	31	1.21083165166	0.0	0.6441655506719529
2002	01	01	3.3477253264	0.0	0.5712255918310578
2002	01	02	10.774845452400001	6.442742887284083	0.5520030360253743
2002	01	03	1.06328362189	3.743191871877793	0.7942894878592627
2002	01	04	0.000682132791908	0.12523690277658042	0.8609058024318667
2002	01	05	0.0021793984080399997	0.0	0.7356904383481656
2002	01	06	0.00034106641195999997	0.0	0.6219079653170868
2002	01	07	0.0023686657566900004	0.0	0.6703319997385483
2002	01	08	0.61338977494	0.0	0.54299247426423
2002	01	09	0.00216722720555	0.0	0.758996737287469
2002	01	10	0.0006821327438900001	0.0	0.7919421274950259
2002	01	11	0.00103273929206	0.0	0.7066030983385437
2002	01	12	0.0034342457593999997	0.0	0.714450175269362
2002	01	13	0.020696510282	0.0	0.7853528053655442
2002	01	14	0.024422240507100002	0.0	0.7873869956893124
2002	01	15	0.00320031278742	0.0	0.9114700478469918
2002	01	16	0.00171434159711	0.0	0.915078686656933
2002	01	17	0.0	0.0	0.911238191773376
2002	01	18	0.0124641419011	0.0	0.723400381197251
2002	01	19	0.00035299176229	0.0	0.8637770351994427
2002	01	20	0.000696443268325	0.0	0.9116623703734213
2002	01	21	0.6720394403200001	0.0	0.924441816194937
2002	01	22	1.30184304814	0.0	0.9398086201945196
2002	01	23	6.8535883322	0.0	0.7852560420358249
2002	01	24	0.031542332740800004	0.0	0.9199520630298387
2002	01	25	0.0006875651802900001	0.0	1.0565586568925096
2002	01	26	0.00114699388147	0.0	1.1733880241585264
2002	01	27	0.0010303539979100002	0.0	1.0859942941840468
2002	01	28	0.0013675617634200002	0.0	1.1756298715609164
2002	01	29	0.00103512450618	0.0	0.8699573023557796
2002	01	30	0.012388075787000002	0.0	0.9235751384086605
2002	01	31	0.00068247543235	0.0	0.9266339619731122
2002	02	01	0.0010303539979100002	0.0	1.052376196163998
2002	02	02	0.0	0.0	1.0980879707075266
2002	02	03	3.0060828585000006	0.0	0.9816817497485393
2002	02	04	0.006967528643800001	0.0	1.14975150944308
2002	02	05	0.19725017308700002	0.0	1.0182430017058453
2002	02	06	0.00210198250796	0.0	0.9360846054224596
2002	02	07	0.0030147201762800004	0.0	1.1517197516751823
2002	02	08	0.0035424527218	0.0	1.1827744100905313
2002	02	09	0.0006821327438900001	0.0	1.3606732756783513
2002	02	10	0.00121486588393	0.0	1.2131557846015004
2002	02	11	0.00626973458912	0.0	1.183011089732774
2002	02	12	0.0	0.0	1.4075069221604248
2002	02	13	0.0009262360083000002	0.0	1.2403601982141625
2002	02	14	0.00067736263577	0.0	1.4032822906254363
2002	02	15	0.0032587583763	0.0	1.1563418708473294
2002	02	16	0.33144808644000007	0.0	1.0331463574930468
2002	02	17	0.46235643867	0.0	0.8847048402558418
2002	02	18	0.0010297157586600001	0.0	1.3090995082132273
2002	02	19	0.0006841449861980001	0.0	1.2754290510020505
2002	02	20	0.00207024821206	0.0	1.421612022010214
2002	02	21	0.00103098359392	0.0	1.4700629741395743
2002	02	22	0.0013708589193899999	0.0	1.5905309740545612
2002	02	23	0.0013741904082300001	0.0	1.717996152945409
2002	02	24	0.004077308417500001	0.0	1.6089541650512396
2002	02	25	0.0018912517535500002	0.0	1.6385834566274944
2002	02	26	0.0027387314393	0.0	1.562114741879491
2002	02	27	0.0016471624943900003	0.0	1.4026647772457588
2002	02	28	0.522781129435	0.0	1.411289956663649
2002	03	01	1.8270382425099998	0.0	1.2243704765891164
2002	03	02	0.24735444314500002	0.0	1.3323726898750214
2002	03	03	20.1882861694	0.0	0.9532385200757892
2002	03	04	2.6219724711	0.0	1.163584560729024
2002	03	05	0.0490444527755	0.0	1.5148197852674468
2002	03	06	0.00104087250087	0.0	1.529878694326963
2002	03	07	0.00137619059802	0.0	1.687119688586039
2002	03	08	0.0006869030120699999	0.0	1.801602740908851
2002	03	09	0.0030858407565	0.0	1.8370918634699975
2002	03	10	0.00372178506622	0.0	1.4403040641704128
2002	03	11	1.8058481391999999	0.0	1.1898406271250346
2002	03	12	16.2197657321	0.0	1.2854251060886186
2002	03	13	12.3790027859	0.0	1.2838920670357747
2002	03	14	1.53328860769	0.041745634258860145	1.1361589057587043
2002	03	15	2.1347117368200004	0.0	1.3779940854091277
2002	03	16	0.294623282315	0.05566084567848019	1.4612471890688337
2002	03	17	5.696373979490001	0.0	1.3040720185884978
2002	03	18	0.18004035382400002	0.11132169135696038	1.531047682168265
2002	03	19	0.00337466398461	0.0	2.0521034483776486
2002	03	20	0.00034106641195999997	0.0	2.1508469007727165
2002	03	21	0.00034822157414	0.0	2.5207567048512463
2002	03	22	0.0006821327438900001	0.0	2.5138275921594726
2002	03	23	0.00102558356967	0.0	2.592451658464125
2002	03	24	0.0006869029320400001	0.0	2.21277442260398
2002	03	25	0.000341453228962	0.0	2.086388899880912
2002	03	26	0.00013523420581700003	0.0	1.9500319255691576
2002	03	27	0.00034106641195999997	0.0	2.1157935899076374
2002	03	28	7.118799749200001	0.0	0.9231528678524771
2002	03	29	0.299846752382	0.0	1.8336469561935307
2002	03	30	1.9532771643600002	0.0	1.5332159056952521
2002	03	31	0.0056682103821	0.0	1.9533005476423049
2002	04	01	1.1826321208000001	0.0	1.7013893564124887
2002	04	02	1.01362836815	0.0	1.9324993640085297
2002	04	03	1.14410439832	0.0	1.466939537127284
2002	04	04	0.641616636045	0.0	1.6132745593244482
2002	04	05	4.8274360099	0.0	1.6370022445497767
2002	04	06	2.1118044298	0.0	1.2997518864725635
2002	04	07	10.8506586717	0.0	1.5218398125222143
2002	04	08	17.3835555897	0.013915211419620047	1.4606892794969868
2002	04	09	6.3225012492	0.013915211419620047	1.5468069547665442
2002	04	10	0.23628139630900002	0.013915211419620047	2.022075400171791
2002	04	11	0.28988545029400004	0.0	1.6672454146284443
2002	04	12	0.37864866001999997	0.0	1.9669473064148597
2002	04	13	0.0235776663105	0.0	2.0153260507864994
2002	04	14	0.00318610778254	0.0	2.2935479218475594
2002	04	15	0.03957011323	0.0	2.18214331703653
2002	04	16	0.0	0.0	2.3270638879147616
2002	04	17	0.0006821327438900001	0.0	2.4869582307056612
2002	04	18	0.0057687747195899995	0.0	2.48123926050675
2002	04	19	0.00068959754214	0.0	2.6512826584683764
2002	04	20	0.0013739430355	0.0	3.0201950172390135
2002	04	21	0.000352991818311	0.0	3.3607405757929074
2002	04	22	0.0013690357559600001	0.0	2.526973913106991
2002	04	23	0.00034822157414	0.0	2.9410176334556977
2002	04	24	0.00137619059802	0.0	3.3523647702011226
2002	04	25	0.0	0.0	3.8522230145946454
2002	04	26	0.0006821327438900001	0.0	3.57759789875447
2002	04	27	0.0017183412564200002	0.0	3.335677058699959
2002	04	28	0.0	0.0	3.193084452877757
2002	04	29	0.00103512450618	0.0	3.108512076286552
2002	04	30	0.00068082761465	0.0	3.124497985600194
2002	05	01	0.0017227450672300001	0.0	2.418213759198902
2002	05	02	0.37288946113	0.0	2.4019355392886763
2002	05	03	0.00067736263577	0.0	2.7485609942286215
2002	05	04	0.000673457203782	0.0	3.085383371003449
2002	05	05	1.5053807061500002	0.0	2.582504678732171
2002	05	06	0.86792631036	0.0	2.233755679724207
2002	05	07	5.0646177197	0.0	1.8385091519150751
2002	05	08	8.448847930300001	0.0	1.9617098905503547
2002	05	09	2.1115259254	0.0	2.3712403201319985
2002	05	10	4.7497284805e-06	0.0	2.338355139047305
2002	05	11	0.000225820218838	0.0	2.5651985425371797
2002	05	12	0.0006869030120699999	0.0	2.652722602228791
2002	05	13	0.0	0.0	3.1020049506647065
2002	05	14	0.00224757868606	0.0	3.3644181197576977
2002	05	15	0.0008362062598000001	0.0	3.3167903933572473
2002	05	16	0.0006630521993679999	0.0	2.801100748943357
2002	05	17	0.14238760733699998	0.0	2.471279931590959
2002	05	18	0.0	0.0	3.1733532253420544
2002	05	19	0.0	0.0	3.744454591332184
2002	05	20	0.00034822157414	0.0	3.6534813783281703
2002	05	21	0.009619447540600002	0.0	3.1244074228803846
2002	05	22	0.026002911436500003	0.0	2.6062780867375626
2002	05	23	0.00034822157414	0.0	3.000040356097437
2002	05	24	0.000691673064169	0.0	3.5948705939158936
2002	05	25	0.00199612482621	0.0	3.3126443824620875
2002	05	26	0.00103512450618	0.0	3.3423734083952303
2002	05	27	0.0006821327438900001	0.0	3.256651732207606
2002	05	28	0.0	0.0	3.65742358285532
2002	05	29	0.0010303539979100002	0.0	3.814360048121661
2002	05	30	0.0	0.0	3.7935969436656376
2002	05	31	0.0	0.0	3.2128538082868427
2002	06	01	0.0019318963495599999	0.0	2.838277296891306
2002	06	02	0.0036483990767900002	0.0	3.0923482775082554
2002	06	03	0.00034822161415500003	0.0	3.3566137475760933
2002	06	04	0.182921681917	0.0	2.722164738874595
2002	06	05	0.008084866688500001	0.0	2.8131987844137396
2002	06	06	0.05230354247600001	0.0	3.2733596709780164
2002	06	07	0.0325455247968	0.0	3.0710607151057094
2002	06	08	0.00102558356967	0.0	2.9350737968778433
2002	06	09	0.00034822157414	0.0	3.6351810518101924
2002	06	10	0.00034106641195999997	0.0	4.162408312506065
2002	06	11	0.0006869030120699999	0.0	3.839856200738809
2002	06	12	0.0014537893666500001	0.0	4.096139487508064
2002	06	13	0.016751191342	0.0	3.8384040400018327
2002	06	14	0.0	0.0	3.2562333592652917
2002	06	15	0.0027409506712000003	0.0	3.9178787204638295
2002	06	16	0.0006821327438900001	0.0	3.755500751931168
2002	06	17	0.000682132791908	0.0	3.847598678252919
2002	06	18	0.0013785758921700001	0.0	3.9282355594138845
2002	06	19	0.0006821327438900001	0.0	3.9633687730288174
2002	06	20	0.00034106641195999997	0.0	4.3179459614184745
2002	06	21	0.0	0.0	4.426705842336686
2002	06	22	0.00137989398627	0.0	4.442367066085734
2002	06	23	0.0003486098797	0.0	4.228798528644581
2002	06	24	0.0008246845007600001	0.0	3.50460745811363
2002	06	25	0.0232401237795	0.0	2.691354926359176
2002	06	26	0.006311276241400001	0.0	2.987239505368153
2002	06	27	0.001380021314	0.0	4.053337847668558
2002	06	28	0.0010298999076900001	0.0	4.015525103693408
2002	06	29	6.6217718336e-07	0.0	3.8966903573633465
2002	06	30	0.0006821327438900001	0.0	3.7901517923008403
2002	07	01	0.00368404051732	0.0	3.790668669873201
2002	07	02	0.00102154645632	0.0	4.044715550707795
2002	07	03	0.00034822157414	0.0	4.529656290187816
2002	07	04	0.00102558356967	0.0	4.7360431239201635
2002	07	05	0.000348221638164	0.0	4.73060666162422
2002	07	06	0.0009490508806699999	0.0	4.377988595199466
2002	07	07	0.0	0.0	3.36815716349874
2002	07	08	0.0	0.0	3.8558619622742567
2002	07	09	0.00104695246	0.0	3.94409853083871
2002	07	10	0.0141146662157	0.0	3.551095135888934
2002	07	11	0.000352991818311	0.0	4.422594625521046
2002	07	12	0.0006821327438900001	0.0	4.449871981232394
2002	07	13	0.000266075116766	0.0	4.4863192664817735
2002	07	14	0.0013702520519000001	0.0	4.295856057489475
2002	07	15	0.000764723335752	0.0	4.31714263980427
2002	07	16	0.000703716378719	0.0	4.271608514664917
2002	07	17	0.00034106641195999997	0.0	4.24222850885115
2002	07	18	0.000352991818311	0.0	3.6383483530134346
2002	07	19	0.0098632685392	0.0	2.9889271072435672
2002	07	20	0.006912695289	0.0	2.9656810223342354
2002	07	21	0.000682132791908	0.0	3.2740422190703304
2002	07	22	0.00137453717822	0.0	3.440158255004617
2002	07	23	0.000794026808435	0.0	4.108221284896553
2002	07	24	0.00102707068713	0.0	4.520775575901456
2002	07	25	0.000682132791908	0.0	3.891104050531834
2002	07	26	0.00034822161415500003	0.0	3.4068071824084227
2002	07	27	0.0006666047310680001	0.0	4.192712790163218
2002	07	28	0.000691673064169	0.0	4.248733845834463
2002	07	29	0.00207024909239	0.0	4.476359346167936
2002	07	30	0.0	0.0	4.190819813406992
2002	07	31	0.0	0.0	3.8148260700333108
2002	08	01	0.0013772584383100002	0.0	3.845141117342615
2002	08	02	0.0	0.0	3.760458083535936
2002	08	03	0.0	0.0	3.889763765367102
2002	08	04	0.0	0.0	3.6519793548455084
2002	08	05	0.00034106641195999997	0.0	3.735921457537361
2002	08	06	0.00103256458657	0.0	3.8851555527453963
2002	08	07	0.000684517821959	0.0	4.052738892615708
2002	08	08	0.0024042068396	0.0	3.923461678389604
2002	08	09	0.00103629782601	0.0	4.011858152692587
2002	08	10	0.00156263160719	0.0	2.910544559877421
2002	08	11	0.00236733413752	0.0	3.8361540722054235
2002	08	12	0.0	0.0	3.9986185708730084
2002	08	13	0.0018330964334800001	0.0	3.5750531635798612
2002	08	14	0.20977269927399997	0.0	2.1897589576445897
2002	08	15	0.0034803646475	0.0	3.498658560496489
2002	08	16	0.0010279688638199999	0.0	3.9787606297756986
2002	08	17	0.0	0.0	3.659901646305274
2002	08	18	0.0006869030120699999	0.0	3.711129735860842
2002	08	19	0.00034822157414	0.0	3.5469671715990487
2002	08	20	0.00034214676894200007	0.0	3.6628534767674243
2002	08	21	0.00171028375599	0.0	3.6795077602744777
2002	08	22	0.00206547858412	0.0	3.247408741140031
2002	08	23	0.00146752019378	0.0	3.443098846132592
2002	08	24	0.00480046934119	0.0	2.788946194213247
2002	08	25	0.0287481789259	0.0	2.759959795652256
2002	08	26	0.0008502899392000002	0.0	3.2130881822355906
2002	08	27	0.0	0.0	3.1091740344426184
2002	08	28	0.0007345061925710001	0.0	3.169093880133105
2002	08	29	0.0017243571915500002	0.0	3.004601182261502
2002	08	30	0.0006821327438900001	0.0	2.938739339360374
2002	08	31	0.000349798221161	0.0	3.154882900629507
2002	09	01	0.0163870588435	0.0	2.7417161224225586
2002	09	02	0.00034822161415500003	0.0	2.929740077977955
2002	09	03	0.0017215405357	0.0	2.6465183540023336
2002	09	04	7.025344716700001e-05	0.0	2.7969212838616295
2002	09	05	0.0	0.0	2.8624307549457177
2002	09	06	0.000333907624421	0.0	3.123407206955775
2002	09	07	0.0	0.0	2.953664656412267
2002	09	08	0.0116522119415	0.0	2.4325686233212873
2002	09	09	0.18285126352	0.0	2.3150534622779975
2002	09	10	0.00034822157414	0.0	2.9881844685752097
2002	09	11	0.00035299176229	0.0	2.8903571821946947
2002	09	12	3.65445662752e-07	0.0	2.893947146719567
2002	09	13	1.1443476895200001e-07	0.0	2.8090582204165946
2002	09	14	5.251886719250001	0.0	1.3763279613911321
2002	09	15	23.573802462099998	0.0	0.7483225696753345
2002	09	16	9.2598183302	0.0	1.5820531549413674
2002	09	17	26.536534670200002	0.0	1.3903269238507148
2002	09	18	1.09078024926	0.0	1.5463231281789163
2002	09	19	1.1518132080399999	0.0	1.7695301149194829
2002	09	20	1.2833648414100003	0.0	1.4910897198148125
2002	09	21	0.8286095721100001	0.0	1.4831647652900628
2002	09	22	0.9097946451	0.0	1.674777980002355
2002	09	23	0.384736189988	0.0	1.7465919767199594
2002	09	24	0.6945909899810001	0.0	1.7453514245884163
2002	09	25	3.13555683304	0.0	1.542717546514228
2002	09	26	0.291818566941	0.0	1.6790466529685544
2002	09	27	0.36527137341800003	0.0	1.6328828714480443
2002	09	28	0.0102075255872	0.0	1.8239383072812314
2002	09	29	0.00137258548661	0.0	1.9376999308870222
2002	09	30	2.35720666114	0.0	1.732555788836824
2002	10	01	44.361488522200005	0.1948129598746807	0.7235495390868486
2002	10	02	2.6917890425	0.9462343765341634	1.315548124763122
2002	10	03	0.279935872601	0.0	1.6643934612384628
2002	10	04	0.0029848995577400005	0.0	1.7330680463492911
2002	10	05	0.0034315460273800003	0.0	1.488985152079027
2002	10	06	5.1542985374	0.0	1.6155598941856564
2002	10	07	0.0465948137052	0.0	1.5547418962371882
2002	10	09	0.680534600811	0.8349126851772029	1.2958711181010938
2002	10	10	0.21431665861999996	0.09740647993734035	1.0928088042749433
2002	10	11	0.175940000768	0.027830422839240095	1.7321016292097682
2002	10	12	0.45546941700499993	0.0	1.6853472297900376
2002	10	13	0.0172853571791	0.0	1.643440932255831
2002	10	14	0.12089082106400001	0.0	1.4122784368252697
2002	10	15	0.19283440579500002	0.0	1.4575053235213877
2002	10	16	0.33763706243600006	0.0	1.2998432979669068
2002	10	17	0.029054083197	0.0	1.35050626119851
2002	10	18	0.0010509515590999999	0.0	1.3896667585807108
2002	10	19	0.0159216195692	0.0	1.4181867720345196
2002	10	20	4.0703282009	0.2087281712943007	0.993075990267347
2002	10	21	1.4608546551400001	0.11132169135696038	1.0165457420422892
2002	10	22	0.09262866672900001	0.027830422839240095	1.127793708130814
2002	10	23	0.0011011631814000001	0.0	1.288377208462061
2002	10	24	0.001605225734	0.0	1.4906087804386183
2002	10	25	0.0031981066804400004	0.0	1.5752111836897695
2002	10	26	0.00130119960694	0.0	1.7033287306377194
2002	10	27	0.00034822157414	0.0	1.6263167781824437
2002	10	28	0.00034822157414	0.0	1.4260516955346403
2002	10	29	0.041135203918999996	0.0	1.0679966916372208
2002	10	30	0.210854112652	0.0	1.103532476723259
2002	10	31	0.00052390094921	0.0	1.2650174880381595
2002	11	01	0.0004263159685600001	0.0	1.379667215632192
2002	11	02	0.00148460363767	0.0	1.4395250657581706
2002	11	03	0.39833708041	0.0	1.3353159020882102
2002	11	04	0.005765521500090001	0.0	1.2124920986677727
2002	11	05	0.0010208138617	0.0	1.3988772733366581
2002	11	06	0.00035299176229	0.0	1.3936653622721555
2002	11	07	0.0010294820710599999	0.0	1.3020671243023882
2002	11	08	0.000689288034118	0.0	1.4441624680362604
2002	11	09	0.0013768828575200002	0.0	1.4583589796457528
2002	11	10	0.0025000248378799998	0.0	1.31826183191043
2002	11	11	0.0031953806185499997	0.0	1.1920001441810015
2002	11	12	0.04553865459400001	0.0	0.9661336462412886
2002	11	13	6.888592653900001	0.0	0.902127519629162
2002	11	14	7.986356961199999	0.0	0.6856426656021423
2002	11	15	0.4161987920409999	0.0	0.8843032848741593
2002	11	16	0.33539260508	0.0	0.9284716850042323
2002	11	17	0.20970126449600004	0.0	0.9244890880055671
2002	11	18	0.71846900488	0.0	1.0111624616985542
2002	11	19	7.704151974	0.0	0.8605185237938052
2002	11	20	2.38466087261	0.013915211419620047	0.94183712987405
2002	11	21	0.373619134655	0.11132169135696038	0.7891490626861533
2002	11	22	2.07999242477	0.05566084567848019	0.674505342607295
2002	11	23	0.7863699782000001	0.013915211419620047	0.6804716133293816
2002	11	24	3.65806694088	0.05566084567848019	0.708004878368466
2002	11	25	0.00121429222889	0.09740647993734035	0.8801112534891395
2002	11	26	1.4012123776699998	0.08349126851772029	0.8796927070007505
2002	11	27	2.65940474294	5.259949916616378	0.7975565636815838
2002	11	28	0.6893584925299999	1.475012410479725	0.8419848042872826
2002	11	29	0.00138087515407	0.22264338271392076	0.9497769291853764
2002	11	30	0.0010452774321	0.08349126851772029	0.8080933266465415
2002	12	01	0.038741222512500006	0.041745634258860145	0.8932138095931135
2002	12	02	0.0031855279651900005	0.013915211419620047	0.7602658974999167
2002	12	03	0.0035067673448000002	0.0	0.8551803955822308
2002	12	04	0.12677905232300002	0.0	0.7399105854897398
2002	12	05	0.00206070879612	0.0	0.877575106868378
2002	12	06	0.0	0.0	0.7189780063396163
2002	12	07	0.0010303539979100002	0.0	0.8424037845694541
2002	12	08	0.0011923119093600002	0.0	0.8424155512981004
2002	12	09	7.203263411200001	0.0	0.631782017364155
2002	12	10	2.44098550643	0.0	0.6390858446414187
2002	12	11	3.5238228582200004	0.0	0.7140686600760601
2002	12	12	0.0775045781218	0.0	0.7606792905224241
2002	12	13	16.939397893000002	0.0	0.6186407268346646
2002	12	14	0.311012241871	5.621745413526499	0.6585779688121502
2002	12	15	0.067507473813	0.3200498626512611	0.7951026189909137
2002	12	16	7.705204768650001	0.11132169135696038	0.7553532020447462
2002	12	17	22.5631187978	4.7729175169296765	0.4582848229591588
2002	12	18	23.72265266	14.63880241344029	0.34277203956224267
2002	12	19	2.02028508291	9.490174188180873	0.7376209382464277
2002	12	20	0.0962913325138	1.113216913569604	0.680544645592836
2002	12	21	0.00209411731962	0.278304228392401	0.8189629398423576
2002	12	22	0.032996184931000004	0.11132169135696038	0.6895215644153131
2002	12	23	0.34626053502599996	0.06957605709810025	0.7334330423962998
2002	12	24	1.14328953286	0.041745634258860145	0.7385774100474025
2002	12	25	0.36722061611	0.041745634258860145	0.628922862443971
2002	12	26	1.2288724944399998	0.027830422839240095	0.5221514264294813
2002	12	27	11.687093016999999	4.258054694403735	0.5211095607293318
2002	12	28	0.008788095100299998	0.5148628225259417	0.726641673244153
2002	12	29	0.00273359727471	0.15306732561582054	0.734001165284661
2002	12	30	0.69562132021	0.08349126851772029	0.863943784489544
2002	12	31	0.00065327296553	0.05566084567848019	0.7286886877527512
2003	01	01	0.015703584236600003	0.027830422839240095	0.712760383865732
2003	01	02	0.82880404501	0.013915211419620047	0.683492905589633
2003	01	03	0.4282473325500001	0.013915211419620047	0.7679950004504201
2003	01	04	0.64367384721	0.013915211419620047	0.7562853811092661
2003	01	05	1.6546218506	0.0	0.7231767827147606
2003	01	06	0.0217582939016	0.0	0.6350718815322475
2003	01	07	4.83912959335	0.013915211419620047	0.7565285882870011
2003	01	08	1.0437439772700001	0.23655859413354086	0.5405572692672386
2003	01	09	0.57975436639	0.3061346512316411	0.7588133199333083
2003	01	10	0.0006821327438900001	0.36179549691012125	0.6199131265931825
2003	01	11	0.00102081410179	0.1391521141962005	0.6815276127134684
2003	01	12	0.00206060179601	0.06957605709810025	0.6768424031060194
2003	01	13	0.0	0.041745634258860145	0.7822797911236702
2003	01	14	0.0006821327438900001	0.013915211419620047	0.7757729829601934
2003	01	15	0.0006869030120699999	0.013915211419620047	0.7705858946461622
2003	01	16	0.00034822157414	0.0	0.8744341812737534
2003	01	17	0.0006869030120699999	0.0	0.9010028838020447
2003	01	18	1.00260807709	0.0	0.927023192657483
2003	01	19	0.43264882249000003	0.0	0.8263685198647237
2003	01	20	14.994150298600001	0.1948129598746807	0.879331413090686
2003	01	21	0.19670973849999998	3.896259197493613	0.7278545369865316
2003	01	22	2.126373091	0.45920197684746156	0.8827959725401463
2003	01	23	0.000696443268325	0.25047380555316084	0.9307929625987807
2003	01	24	0.0006869029320400001	0.18089774845506063	0.9730285551882619
2003	01	25	0.000352991818311	0.16698253703544058	1.1270154994054198
2003	01	26	0.0006821327438900001	0.15306732561582054	1.1938226567746093
2003	01	27	0.0010400382681499999	0.15306732561582054	1.1210986034527957
2003	01	28	0.00274284033956	0.15306732561582054	1.1371866363424359
2003	01	29	0.000682132791908	0.16698253703544058	0.8652342140870731
2003	01	30	0.0006821327438900001	0.18089774845506063	0.8696242244856254
2003	01	31	0.0013695517894000001	0.1948129598746807	0.7126732130377778
2003	02	01	0.0006871716727800001	0.2087281712943007	0.8704359672510242
2003	02	02	0.00172094487241	0.23655859413354086	1.1388695928678318
2003	02	03	0.000691673064169	0.25047380555316084	1.1453047687727411
2003	02	04	0.00233244898049	0.278304228392401	1.0471870665167615
2003	02	05	0.0	0.33396507407088116	0.9590171082793869
2003	02	06	0.0006845178779800001	0.3896259197493614	1.1438879607025214
2003	02	07	2.25011531694	0.4174563425886014	0.8129022340103623
2003	02	08	0.023225186180000003	0.5148628225259417	1.0616135520689884
2003	02	09	0.00069479997232	0.5844388796240421	1.2082475168453486
2003	02	10	0.000390447538941	0.5844388796240421	1.0144662022853999
2003	02	11	0.00034822157414	0.6679301481417623	1.1027747573650049
2003	02	12	0.127068088671	0.7653366280791027	1.2450377630616847
2003	02	13	0.0025842727390000004	0.8070822623379628	1.126926221755957
2003	02	14	0.032538805478000005	0.8627431080164429	1.0683770811086832
2003	02	15	0.0010281566142	0.9601495879537832	1.0199206262141343
2003	02	16	0.00377432091978	1.0158104336322635	1.1596220370406465
2003	02	17	0.008397674347399998	1.0853864907303636	1.2244456639472958
2003	02	18	5.550725541799999	1.2941146620246644	0.9958978025396985
2003	02	19	10.858238313	5.357356396553718	0.8837045549061262
2003	02	20	0.230328796921	5.663491047785359	1.0831471181004182
2003	02	21	4.749888540500001	4.063241734529054	1.0021459104850894
2003	02	23	0.257780103302	9.239700382627712	1.0402177765938319
2003	02	24	12.5207847342	11.758353649578938	0.8535572306144162
2003	02	25	9.354617066400001	20.650173746716153	0.8513397621452983
2003	02	27	0.035937103362	17.811470617113663	1.2966468312102437
2003	02	28	0.0013725433108	9.504089399600494	1.4632652291841168
2003	03	01	0.128459130116	7.597705435112546	1.532429693924438
2003	03	02	0.0386808142679	6.790623172774583	1.465160338718451
2003	03	03	0.00894934474625	6.526234155801803	1.599389817043125
2003	03	04	0.00048109574327500005	6.442742887284083	1.8627718775642754
2003	03	05	0.00146745681002	6.373166830185982	1.737674478973844
2003	03	06	0.00034822157414	6.345336407346741	1.5489730265733632
2003	03	07	0.000684517821959	6.345336407346741	1.4980614953794908
2003	03	08	0.00102558356967	6.540149367221423	1.6561543682710655
2003	03	09	0.000352991818311	6.623640635739143	1.8074298272788814
2003	03	10	0.0	6.818453595613825	1.7235551942955172
2003	03	11	0.0	7.055012189747364	1.5311649190867025
2003	03	12	0.00137527865617	7.444638109496725	1.745024103603365
2003	03	13	0.00097968740506	7.5002989551752055	1.9321086489149055
2003	03	14	0.0018326770762800001	7.862094452085328	1.9111571859925518
2003	03	15	0.0010279687837900001	8.26563558325431	2.012724468721628
2003	03	16	2.28880582044	8.335211640352409	1.5359130504968694
2003	03	17	11.7365811681	12.203640415006783	0.9639496949841984
2003	03	18	4.336256366580001	13.762144094004228	1.2502617804845853
2003	04	23	0.21921381436500004	1.9063839644879468	2.1220729265109637
2003	04	24	0.1007677545428	0.22264338271392076	2.118616965013222
2003	04	25	0.0070906131832	0.06957605709810025	2.25800907302813
2003	04	26	0.7863258816700001	0.041745634258860145	2.3611611751144936
2003	04	27	0.0	0.013915211419620047	2.627316661674795
2003	04	28	1.2342408268100002	0.0	2.1332386639188927
2003	04	29	0.014462981585	0.0	2.3868208977250687
2003	04	30	0.016659897919800003	0.0	2.3116272228080232
2003	05	01	0.15315597196	0.0	2.602152498992017
2003	05	02	0.0010303539979100002	0.0	2.7030880002868893
2003	05	03	0.0	0.0	3.0715772751898958
2003	05	04	0.12859593339800002	0.0	2.3602243294428273
2003	05	05	13.483083861099999	0.0	2.115509104578678
2003	05	06	0.00460936906545	0.0	2.409046000988188
2003	05	07	0.00435028226432	0.0	2.6742395455511487
2003	05	08	0.00385036454545	0.0	2.6071100735588293
2003	05	09	0.0006869030120699999	0.0	3.4134499753148675
2003	05	10	0.00120297462638	0.0	3.02396809382371
2003	05	11	0.055989684261	0.0	3.3038374677600855
2003	05	12	0.0096032814806	0.0	3.4478651180001547
2003	05	13	0.0017128596816	0.0	3.7145328175738874
2003	05	14	0.0	0.0	3.470360693520494
2003	05	15	0.000695775017825	0.0	3.160524499386113
2003	05	16	0.0006869030120699999	0.0	3.2888051543057215
2003	05	17	0.0006821327438900001	0.0	3.581694430116656
2003	05	18	0.0006869030120699999	0.0	3.668906715318878
2003	05	19	0.0	0.0	3.847386710805003
2003	05	20	0.0006869030120699999	0.0	4.173218408503569
2003	05	21	0.0024032989792800003	0.0	3.900345748036786
2003	05	22	0.0006869030120699999	0.0	3.9444702136074787
2003	05	23	0.00068928806613	0.0	3.898184368981022
2003	05	24	0.00137026861811	0.0	2.959795651412823
2003	05	25	0.00274944281456	0.0	3.421381847521575
2003	05	26	0.0	0.0	3.5489331268468645
2003	05	27	0.0013642653277200001	0.0	3.5102272951418025
2003	05	28	0.00205593844791	0.0	3.327284594029512
2003	05	29	0.18085875661	0.0	3.4697310505533396
2003	05	30	4.5782562025	0.0	2.4158919525066898
2003	05	31	0.0218795425528	0.0	2.977283852053226
2003	06	01	0.0006869030120699999	0.0	3.2661779516126317
2003	06	02	0.0272389123631	0.0	2.9124701989423927
2003	06	03	0.0007072410039580001	0.0	3.258388226628127
2003	06	04	0.022025792576	0.0	3.2417308164765775
2003	06	05	0.0	0.0	3.840735277848434
2003	06	06	0.0	0.0	4.294315455795484
2003	06	07	0.0006869030120699999	0.0	3.9158681473481054
2003	06	08	0.00171853204794	0.0	4.2126571925974
2003	06	09	0.0006821327438900001	0.0	4.135990137425886
2003	06	10	0.00034822157414	0.0	4.361251631214973
2003	06	11	0.0	0.0	4.23966815538077
2003	06	12	0.000701431714291	0.0	3.628648644237971
2003	06	13	0.0335755501115	0.0	2.654344830930461
2003	06	14	0.025701530461000002	0.0	3.643191140659843
2003	06	15	0.00103989421415	0.0	3.7436755477598327
2003	06	16	0.00146608845708	0.0	3.515822065288444
2003	06	17	7.9231172552e-05	0.0	4.073171020079648
2003	06	18	0.00034106641195999997	0.0	4.48031867750013
2003	06	19	0.0	0.0	4.05694088620107
2003	06	20	0.0040438182634	0.0	3.1762445485976762
2003	06	21	0.017219750986	0.0	2.7184517637643277
2003	06	22	0.00465517255532	0.0	2.9524329401336096
2003	06	23	0.0	0.0	3.3764715455388674
2003	06	24	0.000353814262612	0.0	3.6249308622650247
2003	06	25	0.0	0.0	3.9572372407305725
2003	06	26	0.0006845178779800001	0.0	4.116206434244104
2003	06	27	0.00206369967728	0.0	4.303085495926608
2003	06	28	0.0	0.0	3.958967105773323
2003	06	29	0.0042892910812000005	0.0	3.337637019944523
2003	06	30	0.056684464706000005	0.0	2.7841446896795037
2003	07	01	0.39891241608	0.0	3.368695580975545
2003	07	02	0.0083163950791	0.0	3.4240860604633454
2003	07	03	0.00103032270618	0.0	3.9341796169310626
2003	07	04	0.0013738053839	0.0	3.991970859087487
2003	07	05	0.0010285372368800001	0.0	4.097714045024053
2003	07	06	0.000344921256985	0.0	4.1799729512795984
2003	07	07	0.0010208138617	0.0	4.170273552082939
2003	07	08	0.0013743622326400002	0.0	4.39501037533236
2003	07	09	0.0	0.0	4.521061223279285
2003	07	10	0.0	0.0	4.4975635391881905
2003	07	11	0.0013690356759300001	0.0	3.696941682122514
2003	07	12	0.00026881996970000004	0.0	3.8204219623244633
2003	07	13	4.04752893438e-06	0.0	3.6168876254164624
2003	07	14	0.000343052932626	0.0	3.8736583570647025
2003	07	15	0.011383427985300001	0.0	2.8683715837595254
2003	07	16	0.0006869030120699999	0.0	3.658831442342116
2003	07	17	0.00035300288645999996	0.0	4.095056204498878
2003	07	18	0.0006845178779800001	0.0	4.326312046244292
2003	07	19	0.0071649362439	0.0	4.36622394270695
2003	07	20	0.0010698223129800002	0.0	4.0572151979105096
2003	07	21	0.00103989421415	0.0	4.076255833765981
2003	07	22	0.000348221638164	0.0	4.238067240738185
2003	07	23	0.0006869030120699999	0.0	4.131790201410603
2003	07	24	0.000352991818311	0.0	4.287374993534947
2003	07	25	0.0006821327438900001	0.0	4.33052226937474
2003	07	26	0.0003533572593	0.0	4.378535517175611
2003	07	27	0.0006821328239199999	0.0	3.9821579622752474
2003	07	28	0.0010363335193900002	0.0	4.593756667518846
2003	07	29	0.000342530856921	0.0	4.567631123958161
2003	07	30	0.014728836443200001	0.0	4.435783225634798
2003	07	31	0.0006821327438900001	0.0	4.517128204986587
2003	08	01	0.00355792364122	0.0	4.960245527012387
2003	08	02	0.0006916772017200001	0.0	3.657099318419548
2003	08	03	0.0195392428694	0.0	3.0766653405212177
2003	08	04	0.0025364694594900003	0.0	3.4738046894998003
2003	08	05	0.0025504594237600003	0.0	3.7131750937905745
2003	08	06	0.0	0.0	3.86255272087265
2003	08	07	0.000687971276519	0.0	3.743716356802793
2003	08	08	0.0	0.0	4.126483093210321
2003	08	09	0.0006869029320400001	0.0	3.6014570431777218
2003	08	10	0.00136955395021	0.0	3.4874479170227453
2003	08	11	0.0010302514794799998	0.0	3.8122093149684306
2003	08	12	0.00034822161415500003	0.0	4.10330724453776
2003	08	13	0.0	0.0	4.078028052179551
2003	08	14	0.0	0.0	4.170271603285356
2003	08	15	0.004766453149900001	0.0	3.6659873690207223
2003	08	16	0.0	0.0	3.284791073740558
2003	08	17	0.005894742019620001	0.0	3.1526458580752563
2003	08	18	0.0006698791105	0.0	3.56807391817964
2003	08	19	0.0006821327438900001	0.0	3.6034143031873254
2003	08	20	0.00137501151603	0.0	3.8759656015327772
2003	08	21	0.00102313721263	0.0	3.6484981324542445
2003	08	22	0.0054939770691	0.0	2.9002775277626562
2003	08	23	0.029069292098200004	0.0	2.8568320135027125
2003	08	24	0.004513556749300001	0.0	3.105459186717309
2003	08	25	0.0006872684290500001	0.0	3.430972117757036
2003	08	26	0.0	0.0	3.3059238126087327
2003	08	27	0.0250601892482	0.0	3.0150833142204667
2003	08	28	0.00190653532274	0.0	2.6131608485550086
2003	08	29	0.0301071291412	0.0	3.114489907935994
2003	08	30	0.00068847352079	0.0	3.1424774097443913
2003	08	31	0.0025729148814000002	0.0	3.166024199939323
2003	09	01	0.00135837984149	0.0	3.001591306945917
2003	09	02	0.00035326898621	0.0	2.883283111841028
2003	09	03	0.0020654774637	0.0	2.891982272961048
2003	09	04	0.0006821327438900001	0.0	2.6800242896371955
2003	09	05	0.000686990772968	0.0	3.0858379680711416
2003	09	06	0.0006985985162400001	0.0	3.044339493277333
2003	09	07	0.00103830889988	0.0	2.966323231575645
2003	09	08	0.00034106641195999997	0.0	2.95583881218478
2003	09	09	0.001373851001	0.0	2.7187069130556014
2003	09	10	0.0	0.0	3.1464516585990627
2003	09	11	0.00206755376202	0.0	3.6169242995194977
2003	09	12	0.00034822157414	0.0	3.5356502669421537
2003	09	13	0.0010320260647	0.0	2.8499796251671854
2003	09	14	0.00069167312019	0.0	3.4999734087825005
2003	09	15	0.000352991818311	0.0	2.4065285474138403
2003	09	16	0.0	0.0	2.5631787327579914
2003	09	17	0.000682132791908	0.0	2.8774186556160406
2003	09	18	0.0013804959719299998	0.0	2.4913140946389425
2003	09	19	0.23025244830100003	0.0	1.9461141480877913
2003	09	20	0.0509584758651	0.0	2.2107606556374275
2003	09	21	0.00194971230804	0.0	2.559855179977084
2003	09	22	0.00131043498891	0.0	2.3933239485621605
2003	09	23	0.000352991818311	0.0	2.4562960834591423
2003	09	24	0.00206864561131	0.0	2.309438012606195
2003	09	25	0.000685303804592	0.0	2.331721243686278
2003	09	26	0.00034822157414	0.0	2.581152169026976
2003	09	27	0.00034822161415500003	0.0	2.4393633896159534
2003	09	28	0.0084353756801	0.0	2.1336046279722867
2003	09	29	0.56165142033	0.0	1.9157346524422763
2003	09	30	8.7495582544	0.0	1.0971094025468935
2003	10	01	3.29417509259	0.0	1.1270705857279248
2003	10	02	7.6272519473	0.0	1.3526097365334468
2003	10	03	0.382374248592	0.0	1.4075616291130617
2003	10	04	0.09045180271099999	0.0	1.8801678254101195
2003	10	05	0.03372977672480001	0.0	1.8410163466110667
2003	10	06	1.14300806735	0.0	1.554481039030882
2003	10	07	0.000181827799865	0.0	1.8845047667631518
2003	10	08	0.00137046309101	0.0	2.0870073747167095
2003	10	09	0.00125886413709	0.0	1.619222798306924
2003	10	10	0.023149861944	0.0	1.5579458034829166
2003	10	11	7.670600196800001	0.0	1.283346997695225
2003	10	12	1.46693989625	0.0	1.398133397319463
2003	10	13	1.14076738741	0.0	1.3698183426340875
2003	10	14	0.18162104236	0.0	1.6447577162746894
2003	10	15	1.97978782213	0.0	1.6143395905852733
2003	10	16	4.651981759220001	0.0	1.3573720111748282
2003	10	17	0.082336376567	0.0	1.54742679046077
2003	10	18	7.767950289400001	0.0	1.2375610071834349
2003	10	19	0.91114571156	0.0	1.1489505187701123
2003	10	20	0.159388084126	0.0	1.1388777228984721
2003	10	21	0.350645722855	0.0	1.2348580927477433
2003	10	22	0.0006821327438900001	0.0	1.3716524223946145
2003	10	23	0.0	0.0	1.2111469588950226
2003	10	24	0.030961326145000002	0.0	1.2457394693299992
2003	10	26	11.734694861000001	2.7134662268259095	0.8917378294080593
2003	10	27	13.053887772900001	0.3061346512316411	0.8532361511251123
2003	10	28	4.3374635391	0.05566084567848019	0.9349001290178652
2003	10	29	0.31922987432800004	0.027830422839240095	1.0123711356873255
2003	10	30	0.45202476574500006	0.013915211419620047	1.0165207399973233
2003	10	31	10.261918777	0.06957605709810025	0.8732801660875951
2003	11	01	0.0017238304340900003	0.12523690277658042	1.0709303159327879
2003	11	02	0.0	0.013915211419620047	1.1668485205421832
2003	11	03	0.0394988032988	0.0	1.006623380979257
2003	11	04	0.0013621745439700002	0.0	1.1266609221826402
2003	11	05	0.06619045211499999	0.0	1.0290555287833432
2003	11	06	0.00034822157414	0.0	1.0194807481371893
2003	11	07	0.0044307825206	0.0	0.9009841185667781
2003	11	08	0.03785743441620001	0.0	1.0012189894687045
2003	11	09	2.56491092104	0.0	0.9588668069312496
2003	11	10	0.5416741476610001	0.0	0.9128489540853656
2003	11	11	0.00288483788868	0.0	1.082292146593857
2003	11	12	4.9091346354000007e-05	0.0	1.1993197144709873
2003	11	13	0.00171725612965	0.0	1.1246564234244962
2003	11	14	0.0048934447539	0.0	0.999604645922747
2003	11	15	8.606895976099999	0.0	0.7381252866416889
2003	11	16	0.0018413530485500002	0.0	0.8792098610763224
2003	11	17	0.00170640062036	0.0	0.9738265247944236
2003	11	18	0.0013762808718600001	0.0	1.0766295458970976
2003	11	19	0.0006821327438900001	0.0	0.9536440990119477
2003	11	20	0.0	0.0	1.159803129981021
2003	11	21	3.5111305803999997	0.0	0.8986089030935659
2003	11	22	19.0453193175	4.021496100270194	0.7247331202896851
2003	11	23	8.3387466578	1.781147061711366	0.6742352118881217
2003	11	25	0.0006869030120699999	4.244139482984115	0.8413777948321385
2003	11	26	1.1091440130899999	1.0853864907303636	0.9233375750794686
2003	11	27	0.14900107045600003	0.4731171882670817	0.7495366937340789
2003	11	28	0.0257542982415	0.16698253703544058	0.9196886501053966
2003	11	29	0.09579650222200001	0.11132169135696038	0.919126941688204
2003	11	30	1.61407168999	0.08349126851772029	0.7756886478150151
2003	12	01	0.181039736452	0.06957605709810025	0.6617210067818835
2003	12	02	0.0125658008089	0.041745634258860145	0.6523295452869498
2003	12	03	13.2172810224	0.027830422839240095	0.6326352737177524
2003	12	04	0.9781962861000001	0.027830422839240095	0.5562338449458203
2003	12	05	3.4494582619500003	3.0891769351556513	0.6356861231964362
2003	12	06	13.060521459599999	7.486383743755586	0.553130700664472
2003	12	07	0.88035905089	1.781147061711366	0.6993396042350265
2003	12	08	4.240107844400001	5.065136956741697	0.6112599237820795
2003	12	09	5.55565835091	4.244139482984115	0.6588849525047832
2003	12	10	0.0012052291515099998	1.6002493132563054	0.704579619754575
2003	12	11	0.0	0.6679301481417623	0.8169343987812627
2003	12	12	0.00137429300669	0.48703239968670164	0.9243214209433772
2003	12	13	0.0006869030120699999	0.16698253703544058	0.8984485289067553
2003	12	14	0.0	0.09740647993734035	1.0222652552350497
2003	12	15	0.0020573352115	0.06957605709810025	0.9269798994620106
2003	12	16	0.122164178394	0.05566084567848019	0.6988159735244764
2003	12	17	9.067174916	0.05566084567848019	0.5901263951561155
2003	12	18	0.280624282658	0.4452867654278415	0.7679519626991117
2003	12	19	0.00293578466656	0.1948129598746807	0.7168079097459169
2003	12	20	0.000682132791908	0.12523690277658042	0.7478058580096336
2003	12	21	0.0006869030120699999	0.08349126851772029	0.9626698903489823
2003	12	22	0.000696443268325	0.06957605709810025	0.7221260810870057
2003	12	23	0.0	0.05566084567848019	0.6806062459850689
2003	12	24	0.0010215765476	0.041745634258860145	0.6567834444663273
2003	12	25	0.0015164067593700001	0.027830422839240095	0.6506689555487251
2003	12	26	0.11302923407399999	0.027830422839240095	0.7230729274388377
2003	12	27	0.0270838222261	0.013915211419620047	0.7687298064589838
2003	12	28	0.057250412857	0.013915211419620047	0.6485789157992182
2003	12	29	0.000682132791908	0.013915211419620047	0.71778886495548
2003	12	30	0.000179697233202	0.013915211419620047	0.7155441882949782
2003	12	31	0.008360421983	0.0	0.72798155357393
2004	01	01	0.46644437107	0.0	0.4593411062750245
2004	01	02	0.0487042956644	0.0	0.6585528567357978
2004	01	03	0.00034822157414	0.0	0.7618640283023944
2004	01	04	8.8684100071e-05	0.0	0.9135379473599319
2004	01	05	0.0013690356759300001	0.0	0.7968371277357618
2004	01	06	0.00424670335679	0.0	0.7749122939795675
2004	01	07	0.196825613937	0.0	0.8398397841908832
2004	01	08	0.0318493750385	0.0	0.7714870494113177
2004	01	09	0.21284410662	0.0	0.7475351015498094
2004	01	10	0.0370824583091	0.0	0.7528765538785036
2004	01	11	0.00145774188829	0.0	0.8688537951590147
2004	01	12	0.00137380482369	0.0	1.0176488993004065
2004	01	13	0.00911925323805	0.0	0.8222758272664612
2004	01	14	0.010025277269700001	0.0	0.8546567026703249
2004	01	15	1.6825113452400005	0.0	0.6126710154766717
2004	01	16	0.468594160939	0.0	0.8478123824248326
2004	01	17	0.0016002165762700003	0.0	0.9024922414769082
2004	01	18	0.0	0.0	0.7694976953450858
2004	01	19	0.0	0.0	0.7723882902444845
2004	01	20	0.0006821327438900001	0.0	0.907195680272347
2004	01	21	0.0006869030120699999	0.0	0.9939461623417369
2004	01	22	0.0017220272781600001	0.0	0.9866392251058161
2004	01	23	0.0006821327438900001	0.0	1.1452862147713112
2004	01	24	0.0347480936505	0.0	0.8943920463151075
2004	01	25	0.06905925551299999	0.0	0.8339379005130879
2004	01	26	0.369274458012	0.0	0.836171521273817
2004	01	27	1.0514640712199999	0.0	0.8523069848582111
2004	01	28	0.369368077106	0.0	0.9829069590227834
2004	01	29	2.41373649188	0.0	0.968356329015878
2004	01	30	3.75512404365	0.0	0.8135654113022144
2004	01	31	2.3374354097	0.0	0.8820432804269388
2004	02	01	0.5247116851220001	0.0	0.7174619753065187
2004	02	02	0.43776351578100003	0.0	1.1508644424871388
2004	02	03	0.00224501420474	0.0	1.0926112684096818
2004	02	04	0.0	0.0	1.0861563482548549
2004	02	05	0.000682132791908	0.0	1.0617145937697325
2004	02	06	0.00034106641195999997	0.0	1.0999848551715412
2004	02	07	0.0026467720074400004	0.0	1.2511684547938782
2004	02	08	0.014991363654	0.0	0.9690023526530446
2004	02	09	0.0013700911916000001	0.0	1.0314990615744686
2004	02	10	0.0006821327438900001	0.0	1.0161570645296774
2004	02	11	0.0008011578415699999	0.0	1.0005779244211457
2004	02	12	0.0	0.0	1.3443059658344974
2004	02	13	0.0006845178779800001	0.0	1.2789881212226384
2004	02	14	0.12982858747	0.0	1.0725123530562144
2004	02	15	0.00034822157414	0.0	1.2433218705700884
2004	02	16	0.00034822157414	0.0	1.2981352303716103
2004	02	17	0.00069325571344	0.0	1.292686593885087
2004	02	18	0.00108245953016	0.0	1.0882901346588467
2004	02	19	0.109431149298	0.0	1.1255956070381878
2004	02	20	17.193518752600003	0.0	0.671727576692957
2004	02	21	16.389351703	0.8349126851772029	1.0576457096347192
2004	02	22	5.05499843382	0.1948129598746807	1.0233927356383155
2004	02	23	26.9696882419	7.542044589434066	1.0211802935353644
2004	02	24	5.6903602852	5.67740625920498	0.9701489900011954
2004	02	25	8.441521984100001	1.2662842391854243	0.9258653479410316
2004	02	26	0.1523867236	0.3896259197493614	1.1615399734580505
2004	02	27	0.205325480192	0.16698253703544058	1.0597679967980238
2004	02	28	0.331311451221	0.09740647993734035	1.218810681215685
2004	02	29	0.370853081774	0.06957605709810025	1.2351971194273854
2004	03	01	3.02523443765	0.041745634258860145	0.9558274759327323
2004	03	02	0.00205659693475	0.041745634258860145	1.2000148154007444
2004	03	03	0.0	0.013915211419620047	1.2647599560090976
2004	03	04	0.000688815593019	0.013915211419620047	1.6102001849201026
2004	03	05	0.06631445059700002	0.013915211419620047	1.6442794810922556
2004	03	06	0.20887195362100003	0.013915211419620047	1.2869988595242718
2004	03	07	0.0193171652215	0.0	1.4773050467065159
2004	03	08	0.0006821327438900001	0.0	1.779751640720304
2004	03	09	0.00103989365394	0.0	1.7642546352822055
2004	03	10	0.005065170727	0.0	1.6152431810850023
2004	03	11	0.013169319843700001	0.0	1.2588002420918427
2004	03	12	13.979488343	0.013915211419620047	1.2995357825393437
2004	03	13	0.36301503961000003	0.08349126851772029	1.5009278255451413
2004	03	14	0.00102558356967	0.05566084567848019	1.8621155942377738
2004	03	15	0.0006821327438900001	0.027830422839240095	2.0796203786971046
2004	03	16	0.13782966675	0.013915211419620047	1.7306607616844787
2004	03	17	0.00373190966152	0.013915211419620047	1.903646459803987
2004	03	18	0.344305266075	0.0	2.0146252746799065
2004	03	19	0.0006869030120699999	0.0	2.1898800453778917
2004	03	20	0.000677362683788	0.0	2.123535473821543
2004	03	21	0.00137118288083	0.0	2.352198764948269
2004	03	22	0.0	0.0	1.8776763792423559
2004	03	23	0.0	0.0	1.915098817366636
2004	03	24	0.0006821327438900001	0.0	1.8896359221286423
2004	03	25	0.00270871226633	0.0	1.9835090906098243
2004	03	26	0.012517899652699999	0.0	1.7197931257831431
2004	03	27	8.416150873500001	0.0	1.5057009465397821
2004	03	28	3.80740027989	0.0	1.393477055563751
2004	03	29	0.9336965649600001	0.013915211419620047	1.7057523276501816
2004	03	30	0.786058141305	0.0	1.621839677618873
2004	03	31	0.30401324223	0.0	1.4353858147829723
2004	04	01	5.970363647100001	0.013915211419620047	1.4126437771272067
2004	04	02	0.311113695902	0.0	1.7538812618137856
2004	04	03	0.00206722099728	0.0	2.2633302485634603
2004	04	04	0.0010352336671	0.0	2.2946886710077825
2004	04	05	0.0	0.0	2.4636484622590564
2004	04	06	0.0006821327438900001	0.0	2.8220395196044366
2004	04	07	0.0006869030120699999	0.0	2.7373696158462755
2004	04	08	2.7085494853100003	0.0	2.0606027188786413
2004	04	09	8.3868198785	0.0	2.019877179976675
2004	04	10	0.0	0.0	1.990032598877491
2004	04	11	0.0	0.0	2.2248166927647546
2004	04	12	0.000352991818311	0.0	2.3487526240053516
2004	04	13	0.0027628100654	0.0	2.549761959477711
2004	04	14	0.0006821327438900001	0.0	2.3516083057516792
2004	04	15	1.6191023757900003	0.0	2.140476648029836
2004	04	16	0.000352991818311	0.0	2.2057947713316017
2004	04	17	0.6417365049789999	0.0	2.075955242368182
2004	04	18	0.084791368844	0.0	1.8137688697185563
2004	04	19	0.015359373606000001	0.0	2.133604566137972
2004	04	20	0.00240416010208	0.0	2.5336007483934813
2004	04	21	0.007764515401800001	0.0	2.3884662651890474
2004	04	22	0.0	0.0	2.5151681702821427
2004	04	23	0.0	0.0	2.898652037167343
2004	04	24	0.0006821327438900001	0.0	3.1905060415583564
2004	04	25	0.000684517821959	0.0	3.1404665441159403
2004	04	26	0.0	0.0	2.616007136778272
2004	04	27	0.018638010634	0.0	2.370833059463698
2004	04	28	2.0192265260999998	0.0	2.196922512960154
2004	04	29	0.00073147123889	0.0	2.5944016970058965
2004	04	30	0.09070459347200001	0.0	2.0815440160915997
2004	05	01	1.10485000344	0.0	1.7373871315138014
2004	05	02	20.113959907500004	0.0	1.037745872078376
2004	05	03	2.53974676802	0.0	2.5301234328899933
2004	05	04	0.0	0.0	2.7430196126278914
2004	05	05	0.4365482842400001	0.0	1.945649050737882
2004	05	06	0.295681054831	0.0	1.910134611838589
2004	05	07	0.0039600556642	0.0	2.2385416776307006
2004	05	08	0.0	0.0	2.7985696333194565
2004	05	09	2.0759905246200003	0.0	2.4313562364918786
2004	05	10	4.20539515202	0.0	2.177090360258805
2004	05	11	2.8358014269	0.0	2.2818860006580954
2004	05	12	2.14768163871	0.0	2.637437895028029
2004	05	13	4.0527296039000005	0.0	2.635575460239154
2004	05	14	0.0013671760188200001	0.0	3.171696918307237
2004	05	15	0.000177413881266	0.0	2.7448486932871368
2004	05	16	0.00034106641195999997	0.0	2.8504974827760727
2004	05	17	0.00137030071014	0.0	2.996021060870837
2004	05	18	0.00275238199634	0.0	2.7776858114739995
2004	05	19	0.000352991818311	0.0	2.8463142186984554
2004	05	20	2.2100386138100006	0.0	2.009361188470823
2004	05	21	1.7759529327	0.0	1.9251404962349394
2004	05	22	0.66494342031	0.0	2.5429276206803677
2004	05	23	0.785966987135	0.0	2.4684591472310387
2004	05	24	0.94311801668	0.0	2.327460334285626
2004	05	25	1.8315600175400002	0.0	2.58238623969915
2004	05	26	0.6169382011010001	0.0	2.9311731950146593
2004	05	27	0.0233129166666	0.0	3.2626606298547527
2004	05	28	0.00138176540779	0.0	3.5617058501306627
2004	05	29	0.098883483406	0.0	3.4387110239044594
2004	05	30	0.000684517821959	0.0	3.7227255358059863
2004	05	31	0.00034822157414	0.0	3.884516266831094
2004	06	01	0.00205116793964	0.0	3.8786018779169393
2004	06	02	0.00034106641195999997	0.0	3.8140175721563647
2004	06	03	0.0	0.0	3.6724587742132524
2004	06	04	0.00047394150144	0.0	3.0038045338730552
2004	06	05	0.004727285667600001	0.0	3.2393696082986585
2004	06	06	0.00086341990109	0.0	3.0667634056530835
2004	06	07	0.005388375483350001	0.0	2.8331674619337086
2004	06	08	0.00137498614652	0.0	3.9940371674783766
2004	06	09	0.0006972199194600001	0.0	3.3290680383510995
2004	06	10	0.0130946086375	0.0	3.750875115036191
2004	06	11	0.000685599931598	0.0	3.8985960736222895
2004	06	12	0.000765960191399	0.0	3.9568698669492908
2004	06	13	0.0006869030120699999	0.0	4.147965391273542
2004	06	14	0.0006869030120699999	0.0	3.423781270185948
2004	06	15	0.0	0.0	3.1836856931291853
2004	06	16	0.0024065135442899997	0.0	3.934919011892672
2004	06	17	0.0006825529013900001	0.0	4.12014829404399
2004	06	18	0.23588668834900003	0.0	4.4646037146262225
2004	06	19	0.00092168798343	0.0	3.467672291921854
2004	06	20	0.0006869030120699999	0.0	3.792127107987724
2004	06	21	0.0	0.0	3.545846398679961
2004	06	22	0.0030350553191	0.0	3.971212156849609
2004	06	23	0.0021970546266400002	0.0	4.227324323718523
2004	06	24	0.0020702472517	0.0	4.107912983195627
2004	06	25	0.00617086064529	0.0	4.484173903091866
2004	06	26	0.0013744765955100002	0.0	4.73368843223024
2004	06	27	0.000691543367551	0.0	4.936409827367979
2004	06	28	0.0013690356759300001	0.0	4.844355041355335
2004	06	29	0.0010624358641000001	0.0	4.992764724728076
2004	06	30	0.000682132791908	0.0	4.909556594749787
2004	07	01	0.0006964432283100001	0.0	4.781149704454724
2004	07	02	0.0	0.0	4.9381942328195665
2004	07	03	0.0006869030120699999	0.0	3.83252809253795
2004	07	04	0.000343698974801	0.0	4.116877923553768
2004	07	05	0.018731085524	0.0	4.3653211181565705
2004	07	06	0.0006869030120699999	0.0	4.245348295687166
2004	07	07	0.0	0.0	3.557555952732446
2004	07	08	0.0	0.0	3.6440826515005202
2004	07	09	0.0	0.0	4.18558744837779
2004	07	10	0.00034822157414	0.0	4.012898228233734
2004	07	11	0.00103328597699	0.0	4.168730111517192
2004	07	12	0.000691673064169	0.0	3.9515359272538
2004	07	13	0.0	0.0	3.7178227659319636
2004	07	14	0.0	0.0	3.687640085483389
2004	07	15	0.0013785183506	0.0	3.604324402839673
2004	07	16	0.0013690356759300001	0.0	3.790616752275099
2004	07	17	0.010214052834	0.0	3.4186113869411208
2004	07	18	0.00102599988573	0.0	4.102147747864198
2004	07	19	0.0	0.0	4.126507171109152
2004	07	20	0.0	0.0	4.194636136323527
2004	07	21	0.0	0.0	3.6276337531581313
2004	07	22	0.00103989421415	0.0	4.092098423741905
2004	07	23	0.00103512458621	0.0	4.59285367298522
2004	07	24	0.000684517917995	0.0	4.8196594792811185
2004	07	25	0.000682132791908	0.0	4.83606656766473
2004	07	26	0.00034106641195999997	0.0	4.432884036980706
2004	07	27	0.0	0.0	4.680044574316504
2004	07	28	0.00068606949962	0.0	4.009970602199872
2004	07	29	0.0006869030120699999	0.0	4.216093011701917
2004	07	30	0.0017274128169800001	0.0	3.6412851783663163
2004	07	31	0.000682132791908	0.0	3.399333833751997
2004	08	01	0.0100202017671	0.0	3.476975535568333
2004	08	02	0.0	0.0	3.413937907091413
2004	08	03	0.0254874606149	0.0	3.7481256809523527
2004	08	04	0.0034304275280999997	0.0	3.574683515984194
2004	08	05	0.0006869030120699999	0.0	4.082258793573392
2004	08	06	0.0	0.0	3.6376437535180624
2004	08	07	0.0006869030120699999	0.0	3.515013439536401
2004	08	08	0.43043610503199997	0.0	2.3386223342229617
2004	08	09	5.340706814300001	0.0	1.7551248865057154
2004	08	10	0.12476745025500001	0.0	2.5350718206936587
2004	08	11	0.0014797249288400001	0.0	2.965741463088099
2004	08	12	0.0011028963911100002	0.0	3.1773088437920443
2004	08	13	0.000684517917995	0.0	3.7824867194870744
2004	08	14	0.00205849908779	0.0	3.296045963929256
2004	08	15	0.00034106641195999997	0.0	3.7876054935018972
2004	08	16	0.00267945465884	0.0	3.5638480692002146
2004	08	17	0.31213188558	0.0	2.579415507766548
2004	08	18	0.040968021249	0.0	2.4398359611120624
2004	08	19	0.13972885867999998	0.0	2.8049599362585305
2004	08	20	0.0006869030120699999	0.0	3.1931003203100174
2004	08	21	0.000682132791908	0.0	3.548478074877239
2004	08	22	0.00034106641195999997	0.0	3.582696849462585
2004	08	23	0.16857433567900001	0.0	3.4979333504341135
2004	08	24	0.0017181274162600003	0.0	4.139393863945139
2004	08	25	0.000352991818311	0.0	4.157648880098398
2004	08	26	0.00068928806613	0.0	3.8983063665979687
2004	08	27	0.00035299176229	0.0	3.7523349707288687
2004	08	28	0.0013690357559600001	0.0	3.8894284153033754
2004	08	29	0.0006964432283100001	0.0	3.798531114555896
2004	08	30	0.0376325485156	0.0	3.5795922423535678
2004	08	31	0.00136725388801	0.0	3.327805066110455
2004	09	01	0.0	0.0	3.011806905040367
2004	09	02	2.3715465966	0.0	1.867789076111661
2004	09	03	0.29870647693900004	0.0	2.6198887537007414
2004	09	04	0.013078764298100001	0.0	2.803614596169635
2004	09	05	0.00069706218033	0.0	2.8459366002643782
2004	09	06	0.0185788956742	0.0	2.6073820045135556
2004	09	07	0.107277606022	0.0	2.4860072138746463
2004	09	08	0.00138154164391	0.0	2.7299516679816267
2004	09	09	1.9636977106e-06	0.0	2.911867817741447
2004	09	10	0.0017124871419500003	0.0	2.9045882026041974
2004	09	11	0.00034822157414	0.0	3.056226711040152
2004	09	12	0.00068718031602	0.0	3.0289305704702003
2004	09	13	0.0006821327438900001	0.0	2.828018740700205
2004	09	14	0.0091979655441	0.0	2.704028100777195
2004	09	15	0.00103035415797	0.0	2.8021671982592835
2004	09	16	0.0006869030120699999	0.0	2.61962685121542
2004	09	17	0.00138376847866	0.0	2.6776365164602782
2004	09	18	0.00137380530387	0.0	2.8263448656208734
2004	09	19	0.00034822157414	0.0	2.997286613894784
2004	09	20	0.0	0.0	2.710394028723347
2004	09	21	0.0	0.0	2.9045459724700047
2004	09	22	0.00034106641195999997	0.0	3.1034559308517036
2004	09	23	0.062546310074	0.0	1.9837862055833402
2004	09	24	0.16746463969900002	0.0	2.0394233716210355
2004	09	25	0.0006916720798	0.0	2.4321606737470134
2004	09	26	0.00051573964987	0.0	2.08317156326373
2004	09	27	0.00034822157414	0.0	2.367455397040651
2004	09	28	0.0	0.0	2.52481257431746
2004	09	29	0.0	0.0	2.7769234673518213
2004	09	30	0.00205610867172	0.0	2.7015267842210666
2004	10	01	0.000686189672668	0.0	2.734014738275315
2004	10	02	0.00103273921203	0.0	2.5604774719454086
2004	10	03	0.000696443268325	0.0	2.3868087645701075
2004	10	04	0.0	0.0	2.339329354973177
2004	10	05	0.0006754562891580001	0.0	2.2492040373158577
2004	10	06	0.009984273899200001	0.0	2.103701264998141
2004	10	07	0.141192015158	0.0	2.15870420232816
2004	10	08	10.4243124518	0.0	1.272282373059372
2004	10	09	0.29820810612000004	0.0	1.2478464761586818
2004	10	10	0.07466925447400001	0.0	1.3707196129083872
2004	10	11	0.214535180535	0.0	1.5316110905768983
2004	10	12	0.0013821285839299999	0.0	1.7221606324357193
2004	10	13	0.00068429323377	0.0	1.8059660242608322
2004	10	14	0.0	0.0	1.6628653424757696
2004	10	15	0.30392889061	0.0	1.461348436884083
2004	10	16	0.00137619059802	0.0	1.6838924243547029
2004	10	17	0.00137681795319	0.0	1.5841221316615595
2004	10	18	7.1977117301	0.0	1.0940960721086024
2004	10	19	10.273480711100001	0.0	1.0269367729969243
2004	10	20	5.7689769554	0.0	1.2048366141547833
2004	10	21	1.5125227434100001	0.0	1.1502176278069804
2004	10	22	0.352989081285	0.0	1.291043009265784
2004	10	23	0.0008005170413600001	0.0	1.4468950021049556
2004	10	24	0.0144058457671	0.0	1.5197515953787832
2004	10	25	9.179392982000001	0.0	0.8773890329740895
2004	10	26	0.0032744050416000006	0.0	1.2493526000073896
2004	10	27	21.451521305	0.0	1.0869015431618152
2004	10	28	2.54071825219	0.0	0.9504197877060181
2004	10	29	0.257164464524	0.0	0.9459772421937768
2004	10	30	1.9368615708200003	0.0	0.9835057593917987
2004	10	31	0.178557397924	0.0	1.131721485871241
2004	11	01	0.0009123870568899999	0.0	1.2581108322934076
2004	11	02	0.043521303971099996	0.0	1.1816109300528954
2004	11	03	3.2670854978	0.0	0.9551895965646082
2004	11	04	0.362695039655	0.0	1.0040450611635945
2004	11	05	1.06025544675	0.0	0.9261109017177619
2004	11	06	0.28322008772	0.0	1.0257117463158214
2004	11	07	0.0010236605288	0.0	1.273175765933156
2004	11	08	0.00102230674132	0.0	1.282890201993915
2004	11	09	0.00103512450618	0.0	1.2826144211085575
2004	11	10	0.000682132791908	0.0	1.0542337793744454
2004	11	11	0.0006821327438900001	0.0	0.9276289104362657
2004	11	12	0.135873725547	0.0	0.9236002585128159
2004	11	13	0.0006869030120699999	0.0	1.0846751097718934
2004	11	14	0.0	0.0	1.0873550939179204
2004	11	15	0.0	0.0	1.0151436410559924
2004	11	16	0.0006821327438900001	0.0	0.9650442193824388
2004	11	17	0.00034106641195999997	0.0	1.0114271887146475
2004	11	18	0.0006821327438900001	0.0	1.073371722010755
2004	11	19	0.00041116196793999996	0.0	1.0693056798882954
2004	11	20	0.00126730242026	0.0	1.0922675096865366
2004	11	21	0.010843119045400001	0.0	0.8724789406921322
2004	11	22	0.0	0.0	0.972834531369892
2004	11	23	0.0	0.0	1.1074902924467485
2004	11	24	0.00058516967637	0.0	1.0350832323216845
2004	11	25	0.00142842553878	0.0	1.0163491405648684
2004	11	26	0.0013690357559600001	0.0	0.9972753949153259
2004	11	27	0.81628159085	0.0	0.8569098088528183
2004	11	28	1.49683942437	0.0	0.567136576143897
2004	11	29	0.31549154498000004	0.0	0.7404435008814004
2004	11	30	6.584421032300001	0.0	0.5001677208429238
2004	12	01	18.4290378986	0.0	0.6495330289480697
2004	12	02	3.1304578816500004	0.0	0.7328446944778482
2004	12	03	0.17654447536100001	0.0	0.748394034050114
2004	12	04	0.031958528755800006	0.0	0.7510873747996336
2004	12	05	0.0896174867598	0.0	0.7539124899170895
2004	12	06	0.0649742890248	0.0	0.8100153668553521
2004	12	07	0.0	0.0	0.8361994373598424
2004	12	08	0.000682132791908	0.0	0.7518899294563336
2004	12	09	0.00041116196793999996	0.0	0.8327176258197424
2004	12	10	0.005110589592690001	0.0	0.8428742193101779
2004	12	11	0.38174563695100006	0.0	0.7404227583690388
2004	12	12	5.6231286828	0.0	0.6441493517776311
2004	12	13	1.9940734972499998	0.0	0.5321448324795853
2004	12	14	0.0	0.0	0.7606389067534942
2004	12	15	0.00137457111094	0.0	0.838004531526119
2004	12	16	0.00034822157414	0.0	0.8539746856191172
2004	12	17	0.0126920433321	0.0	0.732742403017894
2004	12	18	0.00633963767295	0.0	0.7324962516295577
2004	12	19	0.0132089082838	0.0	0.7240593328104079
2004	12	20	0.00075922188148	0.0	0.6790116624729917
2004	12	21	0.00103273961218	0.0	0.716150667222114
2004	12	22	0.00102558356967	0.0	0.698634198347258
2004	12	23	0.00137284670453	0.0	0.7836120619886101
2004	12	24	0.0	0.0	0.7638699292383119
2004	12	25	0.018704171435	0.0	0.6432284177315786
2004	12	26	0.0038756356985800004	0.0	0.5843569050990489
2004	12	27	0.00034822157414	0.0	0.6574534879797531
2004	12	28	0.0019275649659	0.0	0.8494192204468992
2004	12	29	0.0130331511996	0.0	0.6782052027454181
2004	12	30	0.00205918254399	0.0	0.8706423019430528
2004	12	31	0.0013618873163	0.0	0.8472057370118558
2005	01	01	0.00034822157414	0.0	1.0256711531397023
2005	01	02	0.00106138795128	0.0	0.832063328244404
2005	01	03	0.0009130506656500001	0.0	0.8169722692624299
2005	01	04	0.00205463299855	0.0	0.7891511501597273
2005	01	05	0.0006891425715900001	0.0	0.820446450584178
2005	01	06	0.00102558356967	0.0	0.8622541914709129
2005	01	07	0.0	0.0	0.8198879689481423
2005	01	08	0.00034822157414	0.0	0.9244397097124621
2005	01	09	0.0012689348722	0.0	0.8380387235965433
2005	01	10	0.0011337874109	0.0	0.9119894869017104
2005	01	11	0.00171725676989	0.0	0.9067762284616724
2005	01	12	0.0010242741988400002	0.0	0.9463567262861706
2005	01	13	0.00137925494672	0.0	0.982217921233955
2005	01	14	0.00067736263577	0.0	0.8545789845809177
2005	01	15	0.07048302922800001	0.0	0.6942751878022257
2005	01	16	0.0006821327438900001	0.0	0.9691503730291309
2005	01	17	0.0013690356759300001	0.0	1.014002532093242
2005	01	18	0.00129037458908	0.0	1.0360831887527335
2005	01	19	0.0	0.0	0.9077395689574647
2005	01	20	0.000684517821959	0.0	1.1956655205401707
2005	01	21	0.000687360263475	0.0	1.1412034239680782
2005	01	22	0.0	0.0	1.1985807623443556
2005	01	23	0.00137179719111	0.0	1.071263105333665
2005	01	24	0.000638842636185	0.0	0.942602126014769
2005	01	25	0.0	0.0	0.7972513366946128
2005	01	26	0.0006821327438900001	0.0	0.822850879931004
2005	01	27	0.00034822157414	0.0	0.6690770339415659
2005	01	28	0.0	0.0	0.7823484706851247
2005	01	29	0.0086446733373	0.0	0.9724895849684164
2005	01	30	0.000692599427425	0.0	0.9627772637763643
2005	01	31	0.00137619059802	0.0	1.0043765570953809
2005	02	01	0.0006845178779800001	0.0	1.0893174943321018
2005	02	02	0.000682132791908	0.0	1.117520530747029
2005	02	03	0.0010361372058	0.0	1.1489022021379334
2005	02	04	2.0294287505	0.0	1.102407933294118
2005	02	05	0.065226538783	0.0	1.1232480330650545
2005	02	06	0.84333989391	0.0	0.9948112331211169
2005	02	07	2.8432602229	0.0	0.8961944746300929
2005	02	08	0.25445578515	0.0	1.130224747539818
2005	02	09	0.0	0.0	1.2971241747849338
2005	02	10	0.000684517821959	0.0	1.2318865486272665
2005	02	11	0.0	0.0	1.237901371920815
2005	02	12	0.00068928806613	0.0	1.4701972944912802
2005	02	13	0.00034822157414	0.0	1.4806931356737392
2005	02	14	0.0	0.0	1.2353767673138794
2005	02	15	0.00137142016978	0.0	1.3897386682080957
2005	02	16	0.0006845178779800001	0.0	1.111593249351541
2005	02	17	0.0010303539979100002	0.0	1.2566903255816468
2005	02	18	0.0034368993141100004	0.0	1.2158238577551894
2005	02	19	0.0013742173783400002	0.0	1.40580887823878
2005	02	20	0.0006821327438900001	0.0	1.4261869619583307
2005	02	21	0.00365515857065	0.0	1.1773749127662647
2005	02	22	0.043239440712	0.0	1.359392585998626
2005	02	23	0.140358990891	0.0	1.3146593227380001
2005	02	24	0.94917748813	0.0	1.2811224299007953
2005	02	25	0.0	0.0	1.4054209692663184
2005	02	26	0.030641078097000007	0.0	1.321687683600736
2005	02	27	11.331785426600002	0.0	0.840004219011729
2005	02	28	9.4442170538	0.0	0.6148687888591281
2005	03	01	3.2451422321600005	0.0	0.6636219078673692
2005	03	02	0.62257537825	0.0	1.038656679305
2005	03	03	1.59818277388	0.0	0.838690184550546
2005	03	04	0.00137619387925	0.0	1.1152894843127792
2005	03	05	0.0017124869818900003	0.0	1.5336487159775105
2005	03	06	0.0	0.0	1.4918265792465069
2005	03	07	0.0	0.0	1.539308704872165
2005	03	08	0.0016245154449300002	0.0	1.445021178657994
2005	03	09	0.00483585476575	0.0	1.4025246933016478
2005	03	10	1.76582577644	0.0	1.3755546337200824
2005	03	11	0.008297630444999999	0.0	1.690682927162111
2005	03	12	0.69734444614	0.0	1.1964760627151805
2005	03	13	0.49090137901	0.0	1.5543593889039216
2005	03	14	0.047227559696	0.0	1.561967363066821
2005	03	15	1.4645518810800001e-06	0.0	1.9295889393486185
2005	03	16	0.00171357611016	0.0	1.8919315628650288
2005	03	17	0.0	0.0	1.9133970630757382
2005	03	18	0.000418155349475	0.0	1.5800601762243713
2005	03	19	0.0006821327438900001	0.0	1.4904536898292735
2005	03	20	0.59333577751	0.0	1.9050056249166907
2005	03	21	1.3317314520899999	0.0	1.4910406369390443
2005	03	22	0.025264170512500003	0.0	1.6192822815135055
2005	03	23	5.1291619147	0.0	1.6420879786207883
2005	03	24	0.056837150741800006	0.0	1.7142822445340251
2005	03	25	0.9901951039700001	0.0	1.6908526008252793
2005	03	26	2.92420512586	0.0	1.5494960129661004
2005	03	27	0.60776046474	0.0	1.6319786021690088
2005	03	28	0.88308551293	0.0	1.7881718617812505
2005	03	29	0.0011143761343999998	0.0	2.171769874768793
2005	03	30	0.00148741941319	0.0	2.3366777550752014
2005	03	31	0.0006821327438900001	0.0	2.1007573849027876
2005	04	01	0.392574232152	0.0	1.6467002141030045
2005	04	02	0.69786856261	0.0	1.80623575647953
2005	04	03	1.6158664427700002	0.0	1.7066257687369042
2005	04	04	0.48111923207999996	0.0	1.8469766115250525
2005	04	05	0.0	0.0	2.227119478221397
2005	04	06	0.0	0.0	1.9676761749967069
2005	04	07	0.00056872527203	0.0	2.0048427276237177
2005	04	08	0.046084401572400006	0.0	2.251079870162342
2005	04	09	0.00034822157414	0.0	2.130453495415503
2005	04	10	0.0	0.0	2.4117579966069744
2005	04	11	0.0	0.0	2.6848978571626656
2005	04	12	0.0010255836497	0.0	2.4302258335106397
2005	04	13	0.0006821327438900001	0.0	2.5272803303434985
2005	04	14	0.00307401784457	0.0	2.4441822780713207
2005	04	15	0.0	0.0	2.300376611988607
2005	04	16	0.0013785758921700001	0.0	2.3958089579287045
2005	04	17	0.0035011476382	0.0	2.7836784889734885
2005	04	18	0.273901578589	0.0	2.014971763496212
2005	04	19	0.00137928551818	0.0	2.556959388747967
2005	04	20	0.0006821327438900001	0.0	2.73795743963488
2005	04	21	0.0017132290200500002	0.0	2.713785621463976
2005	04	22	0.00120913093413	0.0	2.8663799449084615
2005	04	23	0.0011350903793300002	0.0	2.587694308283866
2005	04	24	0.0017260763960100002	0.0	2.485159279299792
2005	04	25	0.000682132791908	0.0	2.898090929797045
2005	04	26	0.0	0.0	2.9962696389717247
2005	04	27	0.0	0.0	2.860516058003428
2005	04	28	0.0	0.0	3.2539464670955933
2005	04	29	0.000602574968908	0.0	2.803492784118978
2005	04	30	0.0364248357931	0.0	2.226259774600416
2005	05	01	0.0022768504588600003	0.0	2.8204890683535377
2005	05	02	0.0	0.0	3.2870289828563006
2005	05	03	0.0	0.0	3.4123891158897597
2005	05	04	0.00068582636848	0.0	3.3874029678154627
2005	05	05	0.0006821327438900001	0.0	3.49519691998276
2005	05	06	0.00169539353425	0.0	2.7816041681931676
2005	05	07	0.007708567229100001	0.0	2.9036402555864504
2005	05	08	0.00022101052788	0.0	3.522933898772222
2005	05	09	0.0	0.0	2.9278952509292355
2005	05	10	0.58713745401	0.0	2.42695537069709
2005	05	11	2.14165025779	0.0	2.578052116691289
2005	05	12	6.7185593153	0.0	2.7102154163491847
2005	05	13	1.15558526203	0.0	2.359518395916391
2005	05	14	0.00136919589599	0.0	2.9282982832834414
2005	05	15	0.0	0.0	3.0433207360383565
2005	05	16	1.85394184758	0.0	2.500473893814046
2005	05	17	0.0006821327438900001	0.0	3.240314886256001
2005	05	18	0.00274497794086	0.0	3.465155172788897
2005	05	19	0.0013690356759300001	0.0	3.603898111707042
2005	05	20	0.0010303539979100002	0.0	3.8738938617141065
2005	05	21	0.0	0.0	3.569491772647901
2005	05	22	0.0	0.0	3.271818703756409
2005	05	23	0.0013690356759300001	0.0	3.787937922645233
2005	05	24	0.0013785758921700001	0.0	3.809953218748719
2005	05	25	0.0006838503477500001	0.0	3.4897309568834673
2005	05	26	0.0014928305616100002	0.0	2.8149541879189943
2005	05	27	0.032918067648	0.0	3.4085125917875585
2005	05	28	0.03059194768	0.0	3.5733116967178677
2005	05	29	0.09597219208100001	0.0	2.7659538622877125
2005	05	30	4.805907379690001	0.0	2.6695096462825196
2005	05	31	0.18496921745500003	0.0	3.590924375512676
2005	06	01	0.120936582218	0.0	3.288685381308878
2005	06	02	0.18735657637900002	0.0	3.356971898929615
2005	06	03	0.0006821327438900001	0.0	3.7565790767845058
2005	06	04	0.0006821327438900001	0.0	4.4450454742535515
2005	06	05	0.00102558356967	0.0	4.276170673363751
2005	06	06	0.0	0.0	3.9051487399336953
2005	06	07	0.00034822157414	0.0	3.463359314793484
2005	06	08	0.0	0.0	3.012909336245897
2005	06	09	0.00068794844396	0.0	3.174122402939893
2005	06	10	0.0	0.0	4.095529867972406
2005	06	11	0.07247399155900001	0.0	3.7416498561339036
2005	06	12	0.0006305099526000001	0.0	3.2276939173329406
2005	06	13	0.10642394201800001	0.0	2.8235304959926895
2005	06	14	0.0	0.0	3.6153705749945777
2005	06	15	0.000352991818311	0.0	4.0954073382541445
2005	06	16	0.0010200321286600001	0.0	4.37758101579396
2005	06	17	0.0006821327438900001	0.0	3.9169530903641694
2005	06	18	0.0006869029080310001	0.0	4.016642002717648
2005	06	19	0.00103273921203	0.0	4.189043768265359
2005	06	20	0.0008641635398499999	0.0	4.048810046504876
2005	06	21	0.0006869030120699999	0.0	4.002331230829824
2005	06	22	0.0017299520088199997	0.0	3.03497588584873
2005	06	23	0.0006821327438900001	0.0	3.8077287599938825
2005	06	24	0.0006821784890380001	0.0	4.1421248441014615
2005	06	25	0.000352991818311	0.0	3.96740036186838
2005	06	26	8.8364428239e-05	0.0	3.775538854070704
2005	06	27	0.000689031305881	0.0	3.6672483855200846
2005	06	28	0.000322063152409	0.0	3.774513412722773
2005	06	29	0.00222857948403	0.0	3.7337678656143773
2005	06	30	0.00069404000744	0.0	4.178207875496848
2005	07	01	0.00069969148595	0.0	4.529808611780974
2005	07	02	0.00034822157414	0.0	4.199463187543307
2005	07	03	0.0	0.0	4.21918731568344
2005	07	04	0.0008595466091500001	0.0	4.363987615388844
2005	07	05	0.0	0.0	4.609944032316994
2005	07	06	0.0006821327438900001	0.0	3.7949487900413716
2005	07	07	0.0020591706995500003	0.0	4.0967004837016825
2005	07	08	6.9933775335e-05	0.0	3.259436051114475
2005	07	09	0.00621202599651	0.0	3.1909356065726517
2005	07	10	0.0016809365148999999	0.0	3.5182677779894185
2005	07	11	0.0029622499473200004	0.0	3.0543863980461303
2005	07	12	0.00034106641195999997	0.0	3.3905779206424054
2005	07	13	0.00313617202365	0.0	3.7398485900627394
2005	07	14	0.0006916720798	0.0	3.784858253195065
2005	07	15	0.000682132791908	0.0	4.307100425004475
2005	07	16	0.00034106641195999997	0.0	4.534937144662194
2005	07	17	0.0	0.0	4.2033866776951845
2005	07	18	0.0006869029320400001	0.0	4.291828477114944
2005	07	19	0.0	0.0	4.495205596411767
2005	07	20	0.0	0.0	4.111444589618299
2005	07	21	0.00034106641195999997	0.0	4.897667971254878
2005	07	22	0.00070242475054	0.0	4.682036099344338
2005	07	23	0.0006838453858900001	0.0	4.44933682970397
2005	07	24	4.35395163982e-05	0.0	4.123529605243806
2005	07	25	0.00381118089709	0.0	3.6846948644067643
2005	07	26	0.0050852078381	0.0	3.199522003260135
2005	07	27	0.817677514125	0.0	2.0518706156798787
2005	07	28	0.006852383880700001	0.0	3.2365327344434354
2005	07	29	0.00138113725232	0.0	3.7546971078736724
2005	07	30	0.00035299176229	0.0	4.081775268847424
2005	07	31	0.0013656395228500001	0.0	3.989513444349822
2005	08	01	0.0	0.0	3.7799860819705855
2005	08	02	0.0	0.0	4.129443595053677
2005	08	03	0.000696443268325	0.0	3.9874054991251615
2005	08	04	0.0	0.0	3.9707972663604223
2005	08	05	0.00226742708642	0.0	3.6855153347072984
2005	08	06	0.000349743360596	0.0	3.985154547037011
2005	08	07	0.0	0.0	4.29908654951402
2005	08	08	0.0006869030120699999	0.0	3.738529303169995
2005	08	09	0.013102251502499999	0.0	2.940224169672695
2005	08	10	0.0140663857173	0.0	3.0581877524349137
2005	08	11	6.6217718336e-07	0.0	3.67063097894054
2005	08	12	0.000355977297446	0.0	3.2280712598826042
2005	08	13	0.0	0.0	3.663393022671883
2005	08	14	0.0	0.0	3.426350514498174
2005	08	15	0.000571320596912	0.0	3.053058194098783
2005	08	16	0.36275486208	0.0	3.0297613990008996
2005	08	17	0.0013738053839	0.0	3.3746157745158616
2005	08	18	0.00069475091393	0.0	4.093604534784988
2005	08	19	0.014185862504300003	0.0	3.1675344144181867
2005	08	20	0.00103512450618	0.0	3.481817538040223
2005	08	21	0.0017142448408400002	0.0	3.194179686147309
2005	08	22	0.010910215397100001	0.0	3.6921746216687765
2005	08	23	0.00034106641195999997	0.0	3.6809347633105816
2005	08	24	0.0020583237420599997	0.0	3.398951824583964
2005	08	25	0.0	0.0	3.9388596443030806
2005	08	26	0.0021564366005900003	0.0	3.5892506847864643
2005	08	27	0.00034822157414	0.0	3.686529266410012
2005	08	28	0.00069712836514	0.0	3.846826082653771
2005	08	29	0.0	0.0	3.0616391100001707
2005	08	30	0.00034106641195999997	0.0	3.090305671195039
2005	08	31	0.0	0.0	3.301819875847441
2005	09	01	0.0	0.0	3.337362132960615
2005	09	02	0.00068507576711	0.0	3.1255366874601487
2005	09	03	0.0	0.0	3.1193073885068436
2005	09	04	0.0006821327438900001	0.0	4.1981240195800416
2005	09	05	0.014482340842	0.0	2.912626897814394
2005	09	06	0.282404277906	0.0	2.6780076008066596
2005	09	07	0.32802288247000005	0.0	2.4916707182363216
2005	09	08	0.000692617602238	0.0	3.035074219488792
2005	09	09	0.00341337361528	0.0	2.8604934967407205
2005	09	10	0.0020538242953999997	0.0	2.647300685153734
2005	09	11	0.00034822161415500003	0.0	2.7006138907924218
2005	09	12	0.0006869030120699999	0.0	3.004701218011278
2005	09	13	0.0006869030120699999	0.0	2.344901613366177
2005	09	14	0.0164318324273	0.0	2.9549125927329016
2005	09	15	0.05463746136750001	0.0	2.299929187613696
2005	09	16	0.47759295022	0.0	2.019902940177269
2005	09	17	0.00162579640511	0.0	2.347064515148721
2005	09	18	0.0	0.0	2.406136112769184
2005	09	19	0.0	0.0	2.465946131084065
2005	09	20	0.0	0.0	2.551872197372863
2005	09	21	0.00035869998207	0.0	2.820354867243935
2005	09	22	0.0	0.0	2.5539898903519718
2005	09	23	0.0	0.0	2.7003151009184823
2005	09	24	0.0018414530060200003	0.0	2.638607959655454
2005	09	25	0.000352991818311	0.0	2.685148735996827
2005	09	26	0.0006869030120699999	0.0	2.61157989329335
2005	09	27	0.0	0.0	2.5955302604367687
2005	09	28	0.00034822157414	0.0	2.4841148198001086
2005	09	29	0.00033617217731	0.0	2.472025493497989
2005	09	30	0.0020603675482	0.0	2.3981461870625744
2005	10	01	0.0	0.0	2.621527772540037
2005	10	02	0.00171415024538	0.0	2.2551176504418935
2005	10	03	0.0006941089933	0.0	2.266864967343614
2005	10	04	0.0118095349155	0.0	2.1507500463474925
2005	10	05	0.0	0.0	2.2036491905619062
2005	10	06	0.0	0.0	2.283246234239748
2005	10	07	0.023180497428	0.0	1.647880103401464
2005	10	08	0.0189173161343	0.0	1.683739193240722
2005	10	09	1.01149380799	0.0	1.4801751106124836
2005	10	10	12.070554361100001	0.0	1.0076122950100599
2005	10	15	0.00138109859783	0.0	1.6259139018533475
2005	10	16	0.00382085596388	0.0	1.428677249401566
2005	10	17	1.34924649777	0.0	1.001068127653919
2005	10	18	0.21679992549600002	0.0	1.4278983465528399
2005	10	19	0.0020601674732000004	0.0	1.6235082944140573
2005	10	20	1.56260167597	0.0	1.3537239608535967
2005	10	21	0.00578753135069	0.0	1.3968004045927394
2005	10	22	1.0318684056	0.0	1.26494869696591
2005	10	23	0.00121454256273	0.0	1.5956871948764446
2005	10	24	0.00034822157414	0.0	1.4068091879322162
2005	10	25	0.000682132791908	0.0	1.5465227967657598
2005	10	26	0.006689027845150001	0.0	1.2607851134360115
2005	10	27	8.2860517046	0.0	0.9186530485663914
2005	10	28	17.3341338635	0.7514214166594826	0.9527231848720549
2005	10	29	0.42638743535	0.43137155400822147	1.0270742588989519
2005	10	30	9.054524573900002	2.101196924362627	0.8698156069539268
2005	10	31	0.15188920910200002	0.9184039536949231	1.1767156902587435
2005	11	01	0.0	0.25047380555316084	1.2399436415363063
2005	11	02	0.00110376767772	0.12523690277658042	1.2597607573672496
2005	11	03	4.93377483201	0.06957605709810025	1.2508153930660215
2005	11	04	0.0037923463968	0.041745634258860145	1.0978145364725862
2005	11	05	0.00034106641195999997	0.027830422839240095	1.1272647530608575
2005	11	06	0.00138211553904	0.013915211419620047	1.155328180517417
2005	11	07	0.00206544000966	0.0	1.2175297145660735
2005	11	08	0.007884163453	0.0	1.1860051545417336
2005	11	09	0.0006821327438900001	0.0	0.9980184206743183
2005	11	10	0.00102558348964	0.0	1.1295694779042587
2005	11	11	0.0	0.0	0.9851233067547811
2005	11	12	0.061731372587	0.0	1.1127964769226535
2005	11	13	0.254524907061	0.0	0.8913548391364533
2005	11	14	1.17088419698	0.0	0.729967779354635
2005	11	15	0.125503990354	0.0	1.04178620842605
2005	11	16	0.00019636539341899998	0.0	1.119470245576407
2005	11	17	0.00344414194908	0.0	1.062232260923947
2005	11	18	1.3016484151799999	0.0	0.9092276910198911
2005	11	19	31.092589750400002	2.115112135782247	0.4650677034651285
2005	11	20	7.5240036437	10.812119273044777	0.6051521944407726
2005	11	21	17.337674390700002	1.419351564801245	0.5052317243043022
2005	11	22	10.1565824907	17.39401427452506	0.6739505370204785
2005	11	23	0.23258962841499997	3.7849375061366537	0.7813816947224322
2005	11	24	0.0	2.0872817129430072	0.9124164020748465
2005	11	25	0.084638983721	1.447181987640485	0.8907676230696242
2005	11	26	0.339130374218	1.0297256450518835	0.6925741780443853
2005	11	27	0.819414389209	0.876658319436063	0.8142592216659695
2005	11	28	2.1980615641	0.7096757824006225	0.8279028228603365
2005	11	29	0.0433848024022	0.25047380555316084	0.816945859027086
2005	11	30	0.0006873358943400001	0.18089774845506063	0.8097860884582302
2005	12	01	1.0946527409000002	0.15306732561582054	0.8438773948759704
2005	12	02	4.9778363889	0.36179549691012125	0.4875881385446519
2005	12	03	0.32877596477000004	0.6957605709810024	0.7769967506551381
2005	12	04	0.15543519434800002	0.5426932453651818	0.8313902488062781
2005	12	05	0.38802001296000005	0.43137155400822147	0.6496883283466005
2005	12	06	0.00103653871631	0.4035411311689814	0.7436502279428411
2005	12	07	0.00171964126374	0.5983540910436621	0.8451171568308081
2005	12	08	0.002756121158	0.22264338271392076	0.9291241492609968
2005	12	09	0.00205309010018	0.18089774845506063	0.951435753940448
2005	12	10	0.00034822157414	0.15306732561582054	0.7353613828856403
2005	12	11	0.0006821327438900001	0.12523690277658042	0.7479471354262588
2005	12	12	0.000682132791908	0.12523690277658042	0.7954424154975253
2005	12	13	0.0006869030120699999	0.11132169135696038	0.766006120183449
2005	12	14	0.0810854004268	0.09740647993734035	0.7310742058806462
2005	12	15	0.00034822157414	0.09740647993734035	0.74167874994017
2005	12	16	0.000682132791908	0.08349126851772029	0.7301516257058095
2005	12	17	0.000691673064169	0.06957605709810025	0.766800401315825
2005	12	18	0.0006821327438900001	0.06957605709810025	0.8079099893272795
2005	12	19	0.0028516833804	0.06957605709810025	0.6908789460678901
2005	12	20	0.0061976104327	0.06957605709810025	0.6879351555974098
2005	12	21	0.0076289429812	0.05566084567848019	0.7391287663722353
2005	12	22	0.0231045105436	0.041745634258860145	0.6675549304897672
2005	12	23	3.4105573595800003	0.041745634258860145	0.574108210478305
2005	12	24	3.1458791024400004	0.6679301481417623	0.5056485288056748
2005	12	25	15.5548436798	4.981645688223977	0.3408355602700618
2005	12	26	2.22783416464	25.103041400994567	0.673811534286643
2005	12	27	0.0838911393845	4.146733003046775	0.7123660302969569
2005	12	28	1.1133486292299999	2.059451290103767	0.7420460621345947
2005	12	29	0.00230367731516	1.4054363533816248	0.8201036698550909
2005	12	30	0.043401587094100004	1.0993017021499838	0.7557434360933221
2005	12	31	0.188089034948	0.9462343765341634	0.7753113535765503
2006	01	01	0.0239275350621	0.8488278965968229	0.6211704386534155
2006	01	02	0.0006916730401600001	0.7792518394987228	0.7558972640423045
2006	01	03	0.0013785758921700001	0.7096757824006225	0.8430828925840785
2006	01	04	0.0	0.6818453595613824	0.7645566930630895
2006	01	05	0.16252910156599998	0.556608456784802	0.8572505440233422
2006	01	06	3.16968058465	0.22264338271392076	0.6783103027137259
2006	01	07	0.078933532979	0.1948129598746807	0.727776053477138
2006	01	08	0.00034106641195999997	0.15306732561582054	0.8138958785624955
2006	01	09	0.00103274577449	0.1391521141962005	0.8044747247754223
2006	01	10	0.07392170224700001	0.11132169135696038	0.7576392053261992
2006	01	11	0.0006821327438900001	0.11132169135696038	0.7913217473188512
2006	01	12	0.0099565122925	0.09740647993734035	0.6998844033296585
2006	01	13	0.4975541928800001	0.08349126851772029	0.6597716611356457
2006	01	14	0.89664347526	0.08349126851772029	0.7402746715258215
2006	01	15	9.6082681499	0.12523690277658042	0.7534541702475753
2006	01	16	0.0056567644914999994	0.556608456784802	0.6771924922731026
2006	01	17	0.0013642651676600002	0.4035411311689814	0.8598635161705969
2006	01	18	0.000306468666669	0.3200498626512611	0.8472807171443106
2006	01	19	0.0	0.2643890169727809	0.9753353987698918
2006	01	20	0.0006821327438900001	0.22264338271392076	1.0641377654029307
2006	01	21	0.00047496704587500006	0.18089774845506063	1.0119859362536336
2006	01	22	0.0029790597686400002	0.15306732561582054	0.9690404158776432
2006	01	23	0.011620708132000002	0.1391521141962005	0.7853433928843786
2006	01	24	6.6217718336e-07	0.12523690277658042	0.732902072676103
2006	01	25	4.620636889300001	0.11132169135696038	0.6224347463544145
2006	01	26	4.376727857700001	0.12523690277658042	0.6574182603198944
2006	01	27	20.7832171849	7.375062052398626	0.657110210437019
2006	01	28	0.05423604289199999	11.28523646131186	0.7247797564154088
2006	01	29	6.00762857621	2.4073315755942684	0.7878071796269656
2006	01	30	3.09119508362	10.659051947428956	0.8805061825016601
2006	01	31	0.0006821327438900001	3.0891769351556513	1.0612278311434489
2006	02	01	0.0013738053839	1.5724188904170653	1.0919609911920583
2006	02	02	1.7205989027200002	1.0018952222126434	1.0328251788346967
2006	02	03	5.9752206677999995	6.456658098703702	0.8332778328068061
2006	02	04	0.00067736263577	3.0196008780575503	1.0960383959203799
2006	02	05	0.00103273921203	1.6419949475151656	1.0502469962998842
2006	02	06	0.0006821327438900001	1.0436408564715036	1.0276628831352141
2006	02	07	0.00034822157414	0.7375062052398625	1.0160758943128276
2006	02	08	0.0010279688638199999	0.570523668204422	1.125673563956055
2006	02	09	0.47383770253000007	0.45920197684746156	0.9967923738088039
2006	02	10	0.71508541651	0.3896259197493614	1.0716174670245073
2006	02	11	0.8740600496500001	0.3200498626512611	1.381352733146508
2006	02	12	0.23471916269100004	0.2643890169727809	1.1516274227280618
2006	02	13	0.006156507825	0.22264338271392076	1.3117774520065197
2006	02	14	0.0	0.1948129598746807	1.2033318010423906
2006	02	15	0.0017273174212200002	0.15306732561582054	1.2828297637627315
2006	02	16	0.197397628362	0.1391521141962005	1.1374753860948212
2006	02	17	0.42837466028000004	0.11132169135696038	1.174639288247056
2006	02	18	2.0753251552000003	0.11132169135696038	1.0049250697157934
2006	02	19	2.7344158215500003	0.11132169135696038	0.9120903107076719
2006	02	20	0.61877923523	0.11132169135696038	0.9506154093322716
2006	02	21	1.6646067935500002	0.09740647993734035	1.059440367363232
2006	02	22	0.005109061259779999	0.09740647993734035	1.1137424605371136
2006	02	23	3.2212407124499998	0.08349126851772029	0.7456227076002978
2006	02	24	0.232339070491	0.08349126851772029	1.162931923692375
2006	02	25	11.404091731300001	1.2801994506050445	0.9854242868633568
2006	02	26	0.19406457893700002	3.6457853919404526	1.1072455261362666
2006	02	27	0.00309106295409	1.182792970667704	1.3082092983403901
2006	02	28	0.501699538802	0.6679301481417623	1.2825322939241444
2006	03	01	0.000177413881266	0.4731171882670817	1.5207830838010803
2006	03	02	0.0006869030120699999	0.4452867654278415	1.4405249565564247
2006	03	03	0.7458372641300001	0.5983540910436621	1.2248418311133584
2006	03	04	8.105696096600001	1.3219450848639045	0.7763434706317499
2006	03	05	0.00104620121839	2.92219439812021	1.20987229981348
2006	03	06	0.0023968160691	1.6141645246759255	1.532462560124932
2006	03	07	0.0330079389371	1.0993017021499838	1.7014579940951076
2006	03	08	0.0178001677607	0.7653366280791027	1.4761847729120425
2006	03	09	0.00391793555508	0.4035411311689814	1.4988278856495225
2006	03	10	0.0	0.3200498626512611	1.5934089985972673
2006	03	11	0.00103512410603	0.25047380555316084	1.6840064271654305
2006	03	12	0.0006869030120699999	0.22264338271392076	2.047639970744458
2006	03	13	0.00103629550514	0.1948129598746807	2.0021739513865104
2006	03	14	0.0010279688638199999	0.18089774845506063	1.8530025924178235
2006	03	15	0.255078794691	0.1391521141962005	1.557473793403461
2006	03	16	0.11290299475200001	0.1391521141962005	1.338806839993961
2006	03	17	19.69018105	0.23655859413354086	1.0238328122984408
2006	03	18	6.09373117258	0.9044887422753031	1.1818856748521902
2006	03	19	1.6926388216200001	1.2523690277658044	1.1779711003414284
2006	03	20	4.8764911987	1.6837405817740259	1.194876555804608
2006	03	21	4.7232641601	3.7153614490385527	1.553021763441379
2006	03	22	0.094196246351	2.282094672817688	1.6529238432505824
2006	03	23	2.2055478904200005	1.5306732561582055	1.186671864944501
2006	03	24	0.332245465345	1.475012410479725	1.5705176215921448
2006	03	25	0.0016630895047799999	1.182792970667704	1.8218230279561232
2006	03	26	0.00102734070835	1.0158104336322635	2.058287160132301
2006	03	27	0.008715089333399999	0.9044887422753031	1.9425244062126692
2006	03	28	0.0006821327438900001	0.7653366280791027	1.9204274116983457
2006	03	29	0.0006869030120699999	0.29221943981202103	2.157665947497583
2006	03	30	0.0013738053839	0.25047380555316084	2.0352520335652744
2006	03	31	0.0006869030120699999	0.2087281712943007	2.2896085031176994
2006	04	01	0.0049160964451	0.16698253703544058	2.1089817516622755
2006	04	02	0.000352991818311	0.1391521141962005	2.4799131852924536
2006	04	03	0.0006821327438900001	0.12523690277658042	2.048760338254115
2006	04	04	0.0448238066265	0.11132169135696038	1.9164682041179115
2006	04	05	1.9458985584200004	0.11132169135696038	1.4280296928839538
2006	04	06	0.59734904192	0.12523690277658042	1.5355772646612955
2006	04	07	0.06148297547300001	0.11132169135696038	1.7602593427451538
2006	04	08	0.00137430909272	0.08349126851772029	2.247317283998122
2006	04	09	0.0218692987128	0.08349126851772029	2.0426150938324477
2006	04	10	0.00068412164945	0.06957605709810025	2.3914393805512684
2006	04	11	0.75996207895	0.06957605709810025	2.0374178324547496
2006	04	12	1.7156032700600001	0.06957605709810025	2.336850458835595
2006	04	13	0.0	0.06957605709810025	2.6257645438207735
2006	04	14	8.5467574326	0.08349126851772029	1.522102130226289
2006	04	15	0.18136414606	0.12523690277658042	2.213549690602224
2006	04	16	0.29962083569500003	0.11132169135696038	2.232297908975973
2006	04	17	0.0016404594216800003	0.09740647993734035	2.2688826887812983
2006	04	18	0.00103556635181	0.08349126851772029	2.4516729017043555
2006	04	19	0.0	0.06957605709810025	2.5734264963143607
2006	04	20	0.498214784509	0.06957605709810025	2.4289912830552205
2006	04	21	0.780741204201	0.06957605709810025	2.092227001520114
2006	04	22	12.9950449151	0.08349126851772029	1.2996942922992984
2006	04	23	3.4963154268000003	0.08349126851772029	2.3912380572427594
2006	04	24	0.56538377944	0.4731171882670817	2.520306971819231
2006	04	25	0.023915885095000002	0.33396507407088116	2.822926915123343
2006	04	26	0.31791585375500003	0.2087281712943007	2.9289821506975304
2006	04	27	0.0013725032958	0.16698253703544058	3.118959716300993
2006	04	28	0.00102351503426	0.1391521141962005	3.051416977573548
2006	04	29	0.092142564509	0.11132169135696038	2.4378911423305483
2006	04	30	0.0013785759722000001	0.11132169135696038	2.87114626850798
2006	05	01	0.00034106641195999997	0.11132169135696038	2.7274886144184527
2006	05	02	0.0030533517777	0.09740647993734035	2.3564375531701556
2006	05	03	0.014621553027	0.08349126851772029	2.5299578984051916
2006	05	04	0.022852139139800002	0.06957605709810025	2.6039110576047704
2006	05	05	0.0020583237420599997	0.06957605709810025	2.9533514928779376
2006	05	06	0.000682132791908	0.041745634258860145	2.9193768452167537
2006	05	07	0.0006821327438900001	0.027830422839240095	2.9960025545762456
2006	05	08	0.0	0.013915211419620047	2.931869952615268
2006	05	09	0.0020724973751800003	0.0	3.5580986777986823
2006	05	10	0.0006869030120699999	0.0	3.2837890850087783
2006	05	11	0.000200412294438	0.0	2.793382111483219
2006	05	12	0.00137216572926	0.0	3.172276245192986
2006	05	13	0.0006869030120699999	0.0	3.3925566023648357
2006	05	14	0.0	0.0	3.3446425238626825
2006	05	15	0.0	0.0	3.6742053117041054
2006	05	16	0.000692076191285	0.0	3.627721468297207
2006	05	17	0.0	0.0	3.8159779424824616
2006	05	18	6.6973937812e-07	0.0	3.252685324654727
2006	05	19	0.0006869030120699999	0.0	3.837934510114461
2006	05	20	0.0	0.0	3.692912459804239
2006	05	21	0.0006875651802900001	0.0	3.3897307519035667
2006	05	22	0.0006823549872000001	0.0	3.014367746678734
2006	05	23	0.00275238199634	0.0	3.18518472102934
2006	05	24	0.00205487276843	0.0	3.659708620491002
2006	05	25	0.0	0.0	3.8898718381716675
2006	05	26	0.001714458681	0.0	3.5237695146150965
2006	05	27	0.00034106641195999997	0.0	3.4927852599258458
2006	05	28	6.589275652099999e-05	0.0	3.9410825218101007
2006	05	29	0.00222758102975	0.0	2.935781156829859
2006	05	30	0.0508324430205	0.0	2.524370359855049
2006	05	31	0.10253365970900002	0.0	2.6746214184652204
2006	06	01	0.74942268816	0.0	2.552342970792281
2006	06	02	0.0	0.0	3.6073058440769166
2006	06	03	0.000684517821959	0.0	3.5168606884892744
2006	06	04	0.0	0.0	3.5663717160122346
2006	06	05	0.000682132791908	0.0	3.7514406821281443
2006	06	06	0.00034822157414	0.0	2.9797407666941935
2006	06	07	0.006378615884300001	0.0	3.0733613303842064
2006	06	08	0.000682270123388	0.0	3.8204405084282476
2006	06	09	0.0145750684018	0.0	3.257980394340686
2006	06	10	6.9933775335e-05	0.0	3.5992923106240062
2006	06	11	0.00205035643544	0.0	4.046741357533406
2006	06	12	5.02320019395	0.0	3.369461654478809
2006	06	13	15.3724873218	0.0	1.6220528402555858
2006	06	14	4.70745799501	0.0	2.1106094311432995
2006	06	15	5.965476215000001	0.0	2.0630074013224196
2006	06	16	4.5081851357	0.0	2.273275678860817
2006	06	17	1.28192806282	0.0	2.8335202455428505
2006	06	18	1.45163912061	0.0	2.9021954120776003
2006	06	19	0.412570375895	0.0	3.7405114214958477
2006	06	20	0.0006821327438900001	0.0	3.9825191589303066
2006	06	21	0.0006821327438900001	0.0	4.0937856082574795
2006	06	22	0.0013803708050100002	0.0	3.9542147488443273
2006	06	23	0.0006869030120699999	0.0	3.2152185202763257
2006	06	24	0.0004372710351700001	0.0	3.5753999744525577
2006	06	25	0.00152165176551	0.0	3.4340747616860505
2006	06	26	0.00103035687899	0.0	3.4277716916438936
2006	06	27	0.0	0.0	3.3640549475348585
2006	06	28	0.0	0.0	3.452912598589225
2006	06	29	0.000682132791908	0.0	3.7520423844892217
2006	06	30	0.000691672111812	0.0	3.2841734657919055
2006	07	01	0.00608471003092	0.0	3.214660013036712
2006	07	02	0.0008790778506200001	0.0	3.604360886821565
2006	07	03	0.00034120102242	0.0	3.7081075747730865
2006	07	04	0.00337850222341	0.0	3.5024622616493115
2006	07	05	0.0	0.0	3.835143794866605
2006	07	06	0.0	0.0	4.394062016813029
2006	07	07	0.0	0.0	3.576621343619753
2006	07	08	0.0010247436548200001	0.0	4.244636784417715
2006	07	09	0.00138078271942	0.0	4.254653014936532
2006	07	10	0.00079657372317	0.0	4.397934396239912
2006	07	11	0.23983223937599998	0.0	5.231375751357734
2006	07	12	0.43275822350000004	0.0	4.299477318260284
2006	07	13	0.004146211046300001	0.0	4.012835640916041
2006	07	14	0.0007488907287500001	0.0	4.079645060877663
2006	07	15	0.0006869030120699999	0.0	4.068909064377026
2006	07	16	0.0	0.0	3.5438428367015438
2006	07	17	0.0017233514545400002	0.0	3.853894866007354
2006	07	18	0.15486517267000002	0.0	3.98846512892651
2006	07	19	0.0	0.0	3.3122050938833363
2006	07	20	0.00041116196793999996	0.0	3.8273945815003114
2006	07	21	0.0006869030120699999	0.0	4.037241062843793
2006	07	22	0.00034822157414	0.0	4.6072035879856745
2006	07	23	0.00068859476624	0.0	4.512332370497334
2006	07	24	0.0006921300914899999	0.0	4.224091894017396
2006	07	25	0.0006869029320400001	0.0	4.39139880687115
2006	07	26	0.00069167312019	0.0	3.967879094429571
2006	07	27	0.000684517917995	0.0	3.933512408944663
2006	07	28	0.0	0.0	4.306174717547133
2006	07	29	0.0	0.0	4.143457790170779
2006	07	30	0.0017118931592899997	0.0	4.398032415580312
2006	07	31	0.0	0.0	4.179670595236779
2006	08	01	0.00034106641195999997	0.0	4.411610784262738
2006	08	02	0.00136747645144	0.0	4.065866096820184
2006	08	03	0.00116817109995	0.0	4.043718920677484
2006	08	04	0.00137402962796	0.0	3.215648528925404
2006	08	05	0.000352991818311	0.0	3.625533774482176
2006	08	06	0.0	0.0	3.121985383973616
2006	08	07	0.000577706510732	0.0	2.8547580542284727
2006	08	08	0.009302503131000001	0.0	3.2005801060940593
2006	08	09	0.0018621711724200003	0.0	3.2011517050929736
2006	08	10	0.00034106641195999997	0.0	4.200007671835926
2006	08	11	0.00182848598521	0.0	2.8999350371956374
2006	08	12	0.00341830482379	0.0	3.7906723584613586
2006	08	13	0.00034106641195999997	0.0	3.5627622840285915
2006	08	14	0.00203312757704	0.0	2.946619121710996
2006	08	15	0.0012611561962900001	0.0	3.230110421510039
2006	08	16	1.20170014863	0.0	2.453277325885971
2006	08	17	6.874669834800001	0.0	2.4456945840857234
2006	08	18	0.642769220102	0.0	2.3813214080288065
2006	08	19	0.0013642653277200001	0.0	3.079768174560108
2006	08	20	0.000352991818311	0.0	3.717763771693643
2006	08	21	0.0	0.0	3.695165614637454
2006	08	22	0.0	0.0	3.5927815637962532
2006	08	23	0.0	0.0	3.455124563951409
2006	08	24	0.00102558356967	0.0	3.951497742924532
2006	08	25	0.0	0.0	3.8753518320434464
2006	08	26	0.00103512450618	0.0	3.8050108561725398
2006	08	27	0.00034822157414	0.0	3.4841380239859214
2006	08	28	0.000682132791908	0.0	3.8841491525619505
2006	08	29	0.0	0.0	3.9300353805905166
2006	08	30	0.00034822157414	0.0	3.7733494993620975
2006	08	31	0.0013690356759300001	0.0	3.417531645746819
2006	09	01	0.00101724436364	0.0	3.630666316739575
2006	09	02	0.0027422674848199997	0.0	3.9539920418422287
2006	09	03	0.00070077101062	0.0	3.9092086373138044
2006	09	04	0.0006869030120699999	0.0	3.4182617765649437
2006	09	05	0.00101966327039	0.0	3.3772600314008465
2006	09	06	0.034229319183	0.0	2.843041873044228
2006	09	07	0.028749160894000002	0.0	3.329369399818231
2006	09	08	0.00139529768049	0.0	3.2978791109984935
2006	09	09	0.00036081113345500003	0.0	3.2722885731412625
2006	09	10	0.0013738053839	0.0	3.1256664448990827
2006	09	11	0.037492486412	0.0	2.719173629104483
2006	09	12	0.059354745686	0.0	2.583117067168632
2006	09	13	1.07199920901	0.0	2.5076864923153495
2006	09	14	0.0020783078733	0.0	2.3479581578174455
2006	09	15	0.042079189781000004	0.0	2.3751476504160283
2006	09	16	0.0	0.0	2.634919603876276
2006	09	17	0.0	0.0	2.8778622060060886
2006	09	18	0.00034822157414	0.0	2.818176521319354
2006	09	19	0.0	0.0	2.7691740452796765
2006	09	20	0.0013642653277200001	0.0	2.391325381586463
2006	09	21	11.5482505706	0.0	1.5672331942766
2006	09	22	0.06366474533000001	0.0	1.8303475430462819
2006	09	23	1.31511074166	0.0	1.4843765281844958
2006	09	24	0.005247511479150001	0.0	2.212662479888664
2006	09	25	0.091985217526	0.0	2.1161248546610203
2006	09	26	0.0006821327438900001	0.0	2.3777075011196507
2006	09	27	0.0026297379420600004	0.0	2.2265424655784947
2006	09	28	0.66275556017	0.0	2.075207837408919
2006	09	29	0.0012254873855000001	0.0	2.0456881842808583
2006	09	30	0.3156544860600001	0.0	1.6267301545718216
2006	10	01	0.0015910902751900002	0.0	2.0836903336875934
2006	10	02	0.0033116317964000004	0.0	1.9930825336020648
2006	10	03	8.870709269e-05	0.0	1.8903167625675266
2006	10	04	0.00410953761892	0.0	1.8653287259702807
2006	10	05	0.0010334511589099999	0.0	2.1236547058350355
2006	10	06	0.0	0.0	2.2455675548497482
2006	10	07	0.0013690356759300001	0.0	2.0767872411962056
2006	10	08	0.00034106641195999997	0.0	1.985781538064123
2006	10	09	0.0018386672417500002	0.0	1.9030070402730277
2006	10	10	0.296503971309	0.0	1.6621125489406803
2006	10	11	0.6624077497900001	0.0	1.5620831758478786
2006	10	12	0.0	0.0	2.0092473986725703
2006	10	13	0.00121321198395	0.0	1.7589873350108165
2006	10	14	0.0324864058355	0.0	1.5684143180187435
2006	10	15	1.9353918999000002	0.0	1.2082367014302438
2006	10	16	5.5566645681	0.0	0.9431650476838775
2006	10	17	7.180901428600001	0.0	1.0717287366174588
2006	10	18	3.4613956167799995	0.0	1.061961337004158
2006	10	19	1.30450588633	0.0	0.9129850054529038
2006	10	20	12.133113812100001	0.0	0.9760005251883872
2006	10	21	0.92633540556	0.0	1.107237593742212
2006	10	22	6.4172415635	0.0	1.2194910384966253
2006	10	23	17.544626368600003	0.0	1.064262205351635
2006	10	24	17.0844698746	0.0	1.0419841344567253
2006	10	25	25.9353749198	7.5002989551752055	1.0476358535945334
2006	10	26	8.6404525551	2.5464836897904686	0.9113298002507627
2006	10	27	1.59490018337	3.5483789120031117	1.2862782108935242
2006	10	28	0.00034822161415500003	1.0436408564715036	1.316800864665991
2006	10	29	0.0015968823664100002	0.4731171882670817	1.4156357255891852
2006	10	30	0.052308744426	0.29221943981202103	1.4231515806873478
2006	10	31	0.0076904492374	0.18089774845506063	1.5651304365940664
2006	11	01	0.21434822245200003	0.12523690277658042	1.2729127246837713
2006	11	02	9.7184686596	1.3776059305423847	0.7504079588301688
2006	11	03	6.5331282047000006	6.762792749935343	0.8201497322009637
2006	11	04	18.8637632595	2.4629924212727485	0.6530662959369763
2006	11	05	10.882944374300001	5.037306533902457	0.5554335322926638
2006	11	06	6.6373928893	6.888029652711924	0.4458501449395844
2006	11	07	4.826569285	7.806433606406847	0.868235170907569
2006	11	08	0.0975769888542	4.411122020019556	1.099385470183496
2006	11	09	0.30633307184	1.3080298734442846	1.080354476484202
2006	11	10	0.00205116793964	0.6122693024632822	1.0619832478977596
2006	11	11	0.00034822157414	0.3478802854905012	1.0977680480906304
2006	11	12	0.00034822157414	0.22264338271392076	1.2584618575193363
2006	11	13	0.0017144551596800003	0.15306732561582054	1.2292089810897826
2006	11	14	0.011802940443499998	0.12523690277658042	1.1186346386205208
2006	11	15	16.105801411500003	1.6559101589347858	0.879347763646593
2006	11	16	10.379177932700001	34.38448741788114	0.906782084248929
2006	11	18	0.0168863396036	1.2106233935069441	0.816831663429229
2006	11	19	0.0	0.6400997253025222	1.051447734602665
2006	11	20	0.0033812811051	0.4035411311689814	1.0514149886289963
2006	11	21	0.018472867128400003	0.29221943981202103	0.9764761624886246
2006	11	22	0.32891465676	0.23655859413354086	0.8714578991745372
2006	11	23	0.794481947048	0.1948129598746807	0.8649053233881943
2006	11	24	8.22293244375	0.22264338271392076	0.7674306264378064
2006	11	25	10.1716201277	2.1290273472018675	0.5781203466512901
2006	11	26	0.105665401672	1.6698253703544057	0.9294179142708154
2006	11	27	0.084924210641	0.7792518394987228	0.8058609625373405
2006	11	28	14.1334932732	1.141047336408844	0.5653161066381028
2006	11	29	0.0008246845007600001	1.3358602962835247	0.9040464021656341
2006	11	30	0.0030291294977500003	0.8070822623379628	0.8290412519761216
2006	12	01	0.0210160596681	0.5287780339455618	0.761937376099031
2006	12	02	5.59545062742	1.2662842391854243	0.6572699494597389
2006	12	03	0.0344095571469	1.6141645246759255	0.9200624089347993
2006	12	04	0.22596803424799997	0.890573530855683	0.8893646995855742
2006	12	05	7.0995157203999995	0.6957605709810024	0.8263997303245718
2006	12	06	0.030010895467100004	1.9759600215860469	0.7289106294317583
2006	12	07	0.10086416988500001	1.1688777592480841	0.8437939226614165
2006	12	08	3.04538671192	1.0993017021499838	0.8003211589795012
2006	12	09	0.015475602775599999	0.9601495879537832	0.6339568153978185
2006	12	10	0.0006821327438900001	0.6679301481417623	0.7369909855454585
2006	12	11	0.0	0.45920197684746156	0.799606229138489
2006	12	12	0.0020521092525	0.36179549691012125	0.7567777005629154
2006	12	13	0.00343292022251	0.3061346512316411	0.7866038810195192
2006	12	14	0.0010208138617	0.23655859413354086	0.7479795729500494
2006	12	15	0.000682132791908	0.2087281712943007	0.7678704448966572
2006	12	16	0.0	0.18089774845506063	0.837242294940119
2006	12	17	0.0017025670233	0.15306732561582054	0.8535566696826035
2006	12	18	0.000696443268325	0.1391521141962005	0.8493486922151089
2006	12	19	0.0006821327438900001	0.12523690277658042	0.6960177823226658
2006	12	20	0.0020679824027	0.09740647993734035	0.6295287357865135
2006	12	21	0.0006821327438900001	0.08349126851772029	0.722607884475313
2006	12	22	0.0	0.08349126851772029	0.7646588892376872
2006	12	23	0.0013690356759300001	0.06957605709810025	0.6847126314049796
2006	12	24	0.0013787592409000003	0.05566084567848019	0.7123694316399579
2006	12	25	0.0	0.05566084567848019	0.7556183089334955
2006	12	26	0.09099402997	0.05566084567848019	0.7051807651197672
2006	12	27	1.20871933984	0.041745634258860145	0.6374188650866351
2006	12	28	0.10450973646000002	0.05566084567848019	0.6677809908410006
2006	12	29	0.0006821327438900001	0.05566084567848019	0.7824866793284033
2006	12	30	0.0013838931654	0.041745634258860145	0.8345621786029263
2006	12	31	0.0017128466367100001	0.041745634258860145	0.8994445151063781
2007	01	01	0.0	0.041745634258860145	0.9229440791406837
2007	01	02	0.00253015509249	0.05566084567848019	0.8659180442590745
2007	01	03	0.0	0.027830422839240095	0.8714464582020205
2007	01	04	0.00102558356967	0.027830422839240095	0.9816665191120425
2007	01	05	0.00148068272788	0.027830422839240095	0.886734103561373
2007	01	06	0.0020515332765900004	0.027830422839240095	0.8523898268793927
2007	01	07	0.00183693355186	0.027830422839240095	0.7967664045225447
2007	01	08	0.0210155666833	0.027830422839240095	0.6915252279379759
2007	01	09	0.0099307954523	0.027830422839240095	0.814120080596062
2007	01	10	0.00344939175702	0.027830422839240095	0.7470134133932252
2007	01	11	0.0	0.027830422839240095	0.9385111877678405
2007	01	12	0.00103512450618	0.027830422839240095	0.9166485171773011
2007	01	13	0.0	0.027830422839240095	1.015433112496502
2007	01	14	0.165213739928	0.013915211419620047	0.9525766414071838
2007	01	15	0.11608915711500002	0.013915211419620047	0.7954833174830865
2007	01	16	0.049266676078	0.013915211419620047	0.828849146088279
2007	01	17	0.0010279688638199999	0.013915211419620047	0.9926880819625227
2007	01	18	0.0006821327438900001	0.027830422839240095	1.0776688380845403
2007	01	19	0.0	0.013915211419620047	1.0502156826364875
2007	01	20	0.0	0.027830422839240095	1.0961166920337646
2007	01	21	0.00401542241895	0.027830422839240095	0.9527287973035645
2007	01	22	1.52686139839	0.027830422839240095	0.6917860356466417
2007	01	23	0.37317447997200004	0.027830422839240095	0.7913638900319364
2007	01	24	0.00115891939186	0.027830422839240095	0.817552146990026
2007	01	25	1.21726374279	0.027830422839240095	0.7763032018155862
2007	01	26	0.334367036636	0.013915211419620047	0.73571636629909
2007	01	27	0.0900097850165	0.013915211419620047	0.7433351030427725
2007	01	28	2.34076321716	0.027830422839240095	0.7292419820031921
2007	01	29	0.32144740158900004	0.013915211419620047	0.9342313950846918
2007	01	30	0.8417066416700001	0.027830422839240095	0.8129946463953505
2007	01	31	0.007434690964	0.05566084567848019	0.9361328769105351
2007	02	01	0.00034822157414	0.05566084567848019	0.9307400941967235
2007	02	02	10.4951510063	0.06957605709810025	0.8462598402262658
2007	02	03	4.64454457132	0.2087281712943007	0.6509595925418212
2007	02	04	0.015078020138	0.3757107083297413	0.9973153994376025
2007	02	05	0.0044632779018	0.278304228392401	1.0660870767675636
2007	02	06	0.00068846815878	0.22264338271392076	1.0519069283697464
2007	02	07	1.8356970883600001	0.18089774845506063	1.0974584225114115
2007	02	08	3.9581223794900007	0.2643890169727809	0.7909362105819534
2007	02	09	0.0471153208222	0.6540149367221423	1.0880204803372753
2007	02	10	0.285847120488	0.7653366280791027	1.0560105915392288
2007	02	11	0.196044913284	0.5983540910436621	0.7989444392981788
2007	02	12	1.32858211153	0.4731171882670817	0.8702045961799215
2007	02	13	0.5214461089900001	0.3757107083297413	0.8222998301030884
2007	02	14	0.320724178482	0.3200498626512611	1.2936079219071552
2007	02	15	0.47853746428000005	0.2643890169727809	0.97602769520924
2007	02	16	1.6881058423900002	0.25047380555316084	1.1511101873960903
2007	02	17	1.41430632606	0.22264338271392076	1.0280192889649231
2007	02	18	0.0013746336944	0.1948129598746807	1.1236383136479846
2007	02	19	1.83188629985	0.18089774845506063	1.0826984317398338
2007	02	20	5.07943575438	0.22264338271392076	0.9659435820488123
2007	02	21	0.0034021601318	0.2087281712943007	1.2842087616597053
2007	02	22	4.12650822051	0.2087281712943007	1.2794162500862025
2007	02	23	0.27935872024999997	0.22264338271392076	1.1657941878673894
2007	02	24	0.00468724209689	0.22264338271392076	1.3764975491414544
2007	02	25	0.23777761318	0.22264338271392076	1.4095325024364305
2007	02	26	0.0	0.1948129598746807	1.3882118089436495
2007	02	27	0.000682132791908	0.18089774845506063	1.6501049183786776
2007	02	28	0.00102908752316	0.18089774845506063	1.6271610694126029
2007	03	01	0.0459225553028	0.16698253703544058	1.4123614700661742
2007	03	02	0.0020654774637	0.15306732561582054	1.6137794607474067
2007	03	03	0.00444802282329	0.15306732561582054	1.75367350678333
2007	03	04	0.025014076762500004	0.15306732561582054	1.565691434177629
2007	03	05	0.0006869030120699999	0.15306732561582054	1.4965603145720694
2007	03	06	0.014623428930200001	0.12523690277658042	1.5615653792732096
2007	03	07	0.328999232464	0.12523690277658042	1.702029734682185
2007	03	08	0.0006821327438900001	0.09740647993734035	1.6624988554433735
2007	03	09	0.00034822157414	0.11132169135696038	1.8670766536645025
2007	03	10	0.0	0.09740647993734035	1.782991497396865
2007	03	11	0.000682132791908	0.08349126851772029	1.5616175772887475
2007	03	12	0.0	0.08349126851772029	1.8488043139581922
2007	03	13	0.0017196339810100002	0.06957605709810025	1.7093416483878265
2007	03	14	0.0013690356759300001	0.05566084567848019	1.5781519616527337
2007	03	15	0.0006821327438900001	0.05566084567848019	2.103151746252608
2007	03	16	0.044154906282899996	0.05566084567848019	1.8587230027265005
2007	03	17	1.58246800305	0.041745634258860145	1.775815995375194
2007	03	18	0.0021660615686	0.041745634258860145	2.1612413526053635
2007	03	19	8.6458353729e-06	0.027830422839240095	1.562244792273832
2007	03	20	0.0017136551797999999	0.027830422839240095	1.6197012902804664
2007	03	21	0.000341066395954	0.027830422839240095	1.602293675013231
2007	03	22	0.00034106641195999997	0.013915211419620047	1.6259799489922748
2007	03	23	0.0010279688638199999	0.0	2.0228950709218814
2007	03	24	0.0	0.0	2.061517083684412
2007	03	25	0.55441518776	0.0	1.833247013847501
2007	03	26	4.7078839947	0.0	1.4414092306960384
2007	03	27	0.00607077048555	0.0	1.8552710261275196
2007	03	28	3.0820001168	0.0	1.8194163651164403
2007	03	29	0.0	0.0	2.053027837000508
2007	03	30	0.0013704915016600002	0.0	2.051875165397162
2007	03	31	4.7177130392099995	0.0	1.73862898789541
2007	04	01	0.82593865089	0.0	1.819948279006954
2007	04	02	0.542536038749	0.0	1.7514951382540362
2007	04	03	2.68600631479	0.0	1.6757125266248016
2007	04	04	0.344613285539	0.0	2.023194347266052
2007	04	05	0.0235100473629	0.0	1.670846255423025
2007	04	06	0.195165871767	0.0	1.7789839825301295
2007	04	07	7.0160356271	0.0	1.9637324458016565
2007	04	08	1.39123695829	0.0	1.954238999376391
2007	04	09	0.8494934806400001	0.0	1.971953438658304
2007	04	10	1.4415911940500001	0.0	1.8773258236032373
2007	04	11	8.9851377636	0.0	1.5524375943376274
2007	04	12	2.54457321726	0.0	1.9223797289512587
2007	04	13	0.0026016962303600003	0.0	2.27587054255329
2007	04	14	0.0013642651676600002	0.0	2.5198102737908594
2007	04	15	0.0015543378582	0.0	2.5203457339240125
2007	04	16	0.0	0.0	2.511622560126228
2007	04	17	0.0013690356759300001	0.0	2.715246751561307
2007	04	18	0.399712852131	0.0	2.4854148207066866
2007	04	19	0.70985641637	0.0	2.389046842173858
2007	04	20	2.23549367588	0.0	1.5432479579967355
2007	04	21	0.85603977458	0.0	2.4662166946654183
2007	04	22	0.006643752073100001	0.0	2.652799230384116
2007	04	23	0.008698719997200002	0.0	3.122834007245109
2007	04	24	0.54920939632	0.0	2.662915037229221
2007	04	25	12.048209184800001	0.0	1.9562606481226827
2007	04	26	0.00139680576581	0.0	2.431247514414172
2007	04	27	0.0006869030120699999	0.0	2.585198417602691
2007	04	28	0.0006821327438900001	0.0	2.554607838056726
2007	04	29	0.0013785758921700001	0.0	2.695062179200602
2007	04	30	0.049050174120200005	0.0	2.0725078736511895
2007	05	01	0.69786736216	0.0	2.1287273575005434
2007	05	02	7.5634848436	0.0	1.983196749038915
2007	05	03	0.52142153978	0.0	2.2528860043071925
2007	05	04	0.12119394269200001	0.0	2.6178894624295084
2007	05	05	0.115516382405	0.0	2.9545212015570503
2007	05	06	0.0006821327438900001	0.0	2.8487645207799592
2007	05	07	0.00034822161415500003	0.0	3.456447436505167
2007	05	08	0.0	0.0	3.488389808251914
2007	05	09	0.0006869030120699999	0.0	3.2865867145502765
2007	05	10	0.00275238199634	0.0	3.4578786160064174
2007	05	11	0.0006821327438900001	0.0	3.4102694883055626
2007	05	12	0.0006869030120699999	0.0	3.215616760698311
2007	05	13	0.015445753986500001	0.0	2.6043317577050096
2007	05	14	0.0	0.0	2.881666633837607
2007	05	15	0.00137619059802	0.0	3.4639909482306384
2007	05	16	0.00135395642333	0.0	3.7155940632962916
2007	05	17	0.0006869030120699999	0.0	4.067634174666497
2007	05	18	0.00274513015792	0.0	4.254488569758481
2007	05	19	0.000363424016919	0.0	3.662894091267747
2007	05	20	1.13825916718	0.0	1.9529836207550126
2007	05	21	0.030610149703200005	0.0	2.499026643427711
2007	05	22	0.244607269341	0.0	2.162626330242232
2007	05	23	1.1831290270700001	0.0	3.1525879201055527
2007	05	24	0.23150870322000003	0.0	2.195474483201988
2007	05	25	0.07412232945399999	0.0	2.532797262606871
2007	05	26	10.090156790400002	0.0	1.9973210805955304
2007	05	27	0.00180278267008	0.0	3.0084635665097506
2007	05	28	0.00205593828785	0.0	2.7770884678648553
2007	05	29	0.00102994144326	0.0	3.5989078747142917
2007	05	30	0.00115896468884	0.0	3.379716498824347
2007	05	31	0.000684517821959	0.0	3.2076086209050594
2007	06	01	0.0010303539979100002	0.0	3.5726723138109002
2007	06	02	0.0006915685209800001	0.0	3.9574104899764246
2007	06	03	0.0	0.0	4.114870698390073
2007	06	04	0.0	0.0	3.766611344953089
2007	06	05	0.00068274017159	0.0	3.8720228413225755
2007	06	06	0.0006869030120699999	0.0	3.2291974255246876
2007	06	07	0.059270129967000006	0.0	2.7144117337256475
2007	06	08	0.0200938699766	0.0	2.6117729693535696
2007	06	09	0.108971673059	0.0	2.767874282874104
2007	06	10	0.03889035681690001	0.0	2.742140954868224
2007	06	11	0.00046194700519000006	0.0	3.3361681820166056
2007	06	12	0.0020495899081000002	0.0	3.481012042620431
2007	06	13	0.00022378913746800002	0.0	3.2863548359381802
2007	06	14	1.3495014733500001	0.0	2.308717056340719
2007	06	15	0.5710727119900001	0.0	2.443544703431302
2007	06	16	1.74674582414	0.0	2.2138695462085463
2007	06	17	2.75728767528	0.0	2.3158364460443637
2007	06	18	0.0005499659999400001	0.0	2.969679839040574
2007	06	19	0.312839926996	0.0	2.5330028254831993
2007	06	20	0.0014990443309	0.0	3.0253796174786167
2007	06	21	0.000686717294452	0.0	3.260121319848106
2007	06	22	0.00206070879612	0.0	3.9971127044126087
2007	06	23	0.0006869030120699999	0.0	4.396599634535349
2007	06	24	0.0020575376874	0.0	3.9663105937337244
2007	06	25	0.00086415505667	0.0	3.5935814615038946
2007	06	26	0.00034106641195999997	0.0	3.760691740938592
2007	06	27	0.0	0.0	3.758575960440176
2007	06	28	0.000352991818311	0.0	3.747535222521273
2007	06	29	0.00206132686781	0.0	4.514243376598588
2007	06	30	0.0	0.0	4.234739150978252
2007	07	01	0.0010356319764100001	0.0	3.8357502178528886
2007	07	02	0.00086908586503	0.0	3.951404151313467
2007	07	03	0.0	0.0	4.480871306786188
2007	07	04	0.00138250136367	0.0	4.426265404322273
2007	07	05	0.0013690356759300001	0.0	3.8381203904338834
2007	07	06	0.0	0.0	4.067196240681261
2007	07	07	0.0013738053839	0.0	3.722777026811898
2007	07	08	0.000352991818311	0.0	4.444929771698262
2007	07	09	0.0	0.0	4.465304523609755
2007	07	10	0.0	0.0	3.4213766101733625
2007	07	11	0.0	0.0	4.612575677727781
2007	07	12	0.00205940598775	0.0	4.009878294205285
2007	07	13	0.0006869030120699999	0.0	4.096325701850586
2007	07	14	0.00034106641195999997	0.0	3.5579411049728233
2007	07	15	0.00254051593635	0.0	3.522426643861251
2007	07	16	0.0006911070359880001	0.0	3.738690607950341
2007	07	17	0.0006824980408250001	0.0	3.8269283014721682
2007	07	18	0.00206070879612	0.0	4.15181206526657
2007	07	19	0.00035299176229	0.0	3.6298205842014366
2007	07	20	0.00137285398726	0.0	3.7078982302965646
2007	07	21	0.0	0.0	3.774238487498079
2007	07	22	0.0010255871710200001	0.0	4.031877006652131
2007	07	23	0.50089192406	0.0	3.3463605648779255
2007	07	24	0.00136912162815	0.0	4.058186270378406
2007	07	25	0.0	0.0	4.193912069532828
2007	07	26	0.0	0.0	4.5676652924984
2007	07	27	0.0006869030120699999	0.0	4.850008148042743
2007	07	28	0.0	0.0	4.802213248853727
2007	07	29	0.0	0.0	4.66615087455083
2007	07	30	0.00034106641195999997	0.0	4.709794973835506
2007	07	31	0.0010255836497	0.0	4.080506798369843
2007	08	01	0.00068617057751	0.0	4.19898256511938
2007	08	02	0.0	0.0	4.020183368996928
2007	08	03	0.0006821327438900001	0.0	3.8923607459268905
2007	08	04	0.09280612525099999	0.0	3.656331883833077
2007	08	05	0.349719111506	0.0	3.132748224930685
2007	08	06	0.0009557879661299999	0.0	3.525825203124846
2007	08	07	0.000356013094865	0.0	3.3956198777097035
2007	08	08	0.0	0.0	3.31803434956397
2007	08	09	0.11067907309399999	0.0	3.170543143231508
2007	08	10	0.031667943027	0.0	3.2011151210296824
2007	08	11	0.0	0.0	3.6541079940202454
2007	08	12	0.00138835907949	0.0	3.499574192103113
2007	08	13	0.00155103277926	0.0	3.12085601579056
2007	08	14	0.0006897154263300001	0.0	3.54959281204473
2007	08	15	0.0021573927190000003	0.0	3.449479757155613
2007	08	16	0.00137183432503	0.0	3.4914799320201424
2007	08	17	0.0	0.0	3.593442699879972
2007	08	18	0.0006869030120699999	0.0	3.930689490540486
2007	08	19	0.0	0.0	4.011118069545736
2007	08	20	0.0	0.0	3.6865493455117107
2007	08	21	0.0013685109192200001	0.0	3.481368794839963
2007	08	22	0.0	0.0	3.3243989947560353
2007	08	23	4.19605821198e-05	0.0	3.4079432155668385
2007	08	24	0.073406124978	0.0	3.3603981000675414
2007	08	25	14.076564733000001	0.0	1.644516918249468
2007	08	26	0.391627101111	0.0	2.4678513628151637
2007	08	27	0.0015245434895	0.0	2.8671501860656656
2007	08	28	0.0006821327438900001	0.0	3.0828956635834555
2007	08	29	0.00172110949412	0.0	3.0492576162896583
2007	08	30	0.0047872553478	0.0	2.9977597388895125
2007	08	31	0.000348221590146	0.0	2.5836979730543814
2007	09	01	0.0006916720798	0.0	2.7646700358178777
2007	09	02	0.000691673064169	0.0	2.7700994909259777
2007	09	03	0.0	0.0	2.4440575493783374
2007	09	04	0.0	0.0	2.729232263947008
2007	09	05	0.00034822157414	0.0	2.8308042965275484
2007	09	06	0.00104171921827	0.0	2.262215099751564
2007	09	07	0.0031973699242599995	0.0	2.194540724272747
2007	09	08	0.10057689899880001	0.0	2.094417685734345
2007	09	09	0.551031311282	0.0	2.386579607135361
2007	09	10	0.24665133958	0.0	2.375371130989158
2007	09	11	12.3120448861	0.0	2.115306970943145
2007	09	12	12.6764830992	0.0	1.5631093387125499
2007	09	13	0.8283969323999999	0.0	2.1142037053441665
2007	09	14	0.702220946142	0.0	2.1789576497280105
2007	09	15	0.089148994341	0.0	1.9991429639039817
2007	09	16	1.20169326605	0.0	1.8340213848383293
2007	09	17	0.041962297963	0.0	2.0325588312156517
2007	09	18	0.11839061983999999	0.0	2.0707604762315723
2007	09	19	0.00281171015606	0.0	2.036388379170715
2007	09	20	8.4764798884	0.0	2.321277669586911
2007	09	21	1.15472517962	0.0	1.8544836819498358
2007	09	22	0.0	0.0	2.318647340528791
2007	09	23	0.0	0.0	2.523959302509443
2007	09	24	0.0017111083851100001	0.0	2.4643110789040876
2007	09	25	0.00035299176229	0.0	2.5749238176598457
2007	09	26	0.00034822157414	0.0	2.4937427886638157
2007	09	27	0.0017124869818900003	0.0	2.466314319795429
2007	09	28	0.059670712129	0.0	1.8033638122656883
2007	09	29	0.49440549256000005	0.0	1.5710068293747443
2007	09	30	10.8473878456	0.0	1.169003780343787
2007	10	01	17.4218619492	0.0	0.9140740935351307
2007	10	04	0.36411817313	2.240349038558828	1.6251589272939888
2007	10	05	0.00505624298035	1.475012410479725	1.7023585643365775
2007	10	06	0.0006869030120699999	1.154962547828464	1.8666824267893294
2007	10	07	0.00034822157414	0.9462343765341634	1.9012144674504121
2007	10	08	0.0	0.8209974737575828	1.8523882242846508
2007	10	09	0.0	0.7653366280791027	2.0446533860644283
2007	10	10	0.0006821327438900001	0.6957605709810024	1.9165868097041527
2007	10	11	0.0	0.6818453595613824	1.8761892033793885
2007	10	12	0.00034106641195999997	0.6818453595613824	1.6593404226999717
2007	10	13	0.00284933161882	0.6400997253025222	1.5523596295124176
2007	10	14	0.040638139989900006	0.5983540910436621	1.5341530735363633
2007	10	15	1.08965190629	0.556608456784802	1.1814501091894183
2007	10	16	0.052867753976000006	0.5287780339455618	1.4779072706574385
2007	10	17	0.00145774260856	0.5287780339455618	1.7963186171888081
2007	10	18	0.00075206655924	0.4731171882670817	1.7644135868705328
2007	10	19	0.0	0.3757107083297413	1.5144270693381883
2007	10	20	0.0	0.11132169135696038	1.7282480367311397
2007	10	21	0.0	0.0	1.6774388722700093
2007	10	22	0.0020597649223	0.0	1.7348418620019619
2007	10	23	0.020971594199800003	0.0	1.5752392995979825
2007	10	24	5.2045397708	0.0	1.2347747611131148
2007	10	25	0.00034822157414	0.0	1.472863414025808
2007	10	26	0.00137619059802	0.0	1.4528586870418791
2007	10	27	0.022972811575	0.0	1.4307017182673916
2007	10	28	0.07079336476020001	0.0	1.468761437106612
2007	10	29	0.0	0.0	1.4972670629493605
2007	10	30	0.000682132791908	0.0	1.4715799362247621
2007	10	31	0.0	0.0	1.1975615940239255
2007	11	01	0.0013844104793200001	0.0	1.3448489194584645
2007	11	02	0.0006821327438900001	0.0	1.381873154589913
2007	11	03	0.0006821327438900001	0.0	1.2409297162358166
2007	11	04	0.00274792720642	0.0	1.2336054543940456
2007	11	05	0.00035356101568	0.0	1.3601595844721186
2007	11	06	0.0006869030120699999	0.0	1.3912860692289257
2007	11	07	0.0	0.0	1.4134189419882344
2007	11	08	0.0006869029320400001	0.0	1.4194855952205567
2007	11	09	0.00250562525725	0.0	1.4158375249321884
2007	11	10	0.00034822157414	0.0	1.1850502240697105
2007	11	11	0.000683874948972	0.0	1.3305149576741993
2007	11	12	0.00034822157414	0.0	1.1764657058296213
2007	11	13	0.0	0.0	1.3641269199362582
2007	11	14	0.00034822157414	0.0	1.3114626637966593
2007	11	15	0.0	0.0	1.1881651622823945
2007	11	16	0.0020619113269	0.0	0.9446472928003805
2007	11	17	0.0017170159596200001	0.0	0.8851664377993869
2007	11	18	0.00288657133848	0.0	1.0836579131464161
2007	11	19	6.792435008300002	0.0	1.0774706397739284
2007	11	20	9.480192939700002	0.0	0.7194739191459801
2007	11	21	0.94393496292	0.0	0.8786375944239937
2007	11	22	0.37382141048	0.0	0.7774685025163872
2007	11	23	2.6693054143	0.0	0.7002494546668836
2007	11	24	0.231557305439	0.0	0.8467563448528209
2007	11	25	0.00034106641195999997	0.0	0.877291756402596
2007	11	26	0.000696443268325	0.0	0.9516119974744477
2007	11	27	0.0	0.0	0.8751730759962943
2007	11	28	0.000682132791908	0.0	0.9645175237260194
2007	11	29	0.0	0.0	0.897510738429874
2007	11	30	0.00035299176229	0.0	0.8946330089217506
2007	12	01	0.020861876271	0.0	0.9696339692676428
2007	12	02	0.0043457842582000005	0.0	0.8746212164813391
2007	12	03	0.000222235443051	0.0	0.9353162965113428
2007	12	04	0.00134945441571	0.0	0.9356291749506397
2007	12	05	0.0110604629188	0.0	0.8532397238904803
2007	12	06	0.00104507063458	0.0	0.9777331215055365
2007	12	07	0.0	0.0	0.9217497540759461
2007	12	08	0.05791999985800001	0.0	0.7320568276086414
2007	12	09	0.0348585502562	0.0	0.9554229721524707
2007	12	10	0.0006821327438900001	0.0	0.7513913299720172
2007	12	11	0.00101752534897	0.0	0.8177523038250077
2007	12	12	0.000341066395954	0.0	0.791880848773203
2007	12	13	0.00034822157414	0.0	0.7933701727624133
2007	12	14	0.0006821327438900001	0.0	0.7651466872231538
2007	12	15	0.00034822161415500003	0.0	0.7475621757718517
2007	12	16	0.255902615508	0.0	0.7576871561684839
2007	12	17	1.7622233060199999	0.0	0.564104767504268
2007	12	18	0.5604171576550001	0.0	0.7014788408220999
2007	12	19	4.07748160242	0.0	0.46826829859445485
2007	12	20	3.25281230736	0.7653366280791027	0.5079946767903493
2007	12	23	2.42916843669	3.0335160894771707	0.6556558209861538
2007	12	24	0.008044318688700001	2.115112135782247	0.8166076370791319
2007	12	25	1.6187059872	1.6419949475151656	0.8740412949326433
2007	12	26	0.05270097465719999	1.4054363533816248	0.6432412622718824
2007	12	27	0.0	1.182792970667704	0.7481736492488643
2007	12	28	0.0006821327438900001	1.0436408564715036	0.7696983404933498
2007	12	29	0.00068178341294	0.9601495879537832	0.7972241051543307
2007	12	30	0.0	0.890573530855683	0.8520834494490792
2007	12	31	0.00034822157414	0.8627431080164429	0.8170980756041324
2008	01	01	0.371625363271	0.8627431080164429	0.8346278562300823
2008	01	02	7.9945040151999995	3.4092267978069124	0.561545376274792
2008	01	05	0.047503591169000006	4.035411311689814	0.9839525691481118
2008	01	06	0.21383098856199997	2.9361096095398302	0.6746512738672088
2008	01	07	0.06928711692900001	2.351670729915788	0.6410760044134257
2008	01	08	0.06602744701100001	2.0037904444252868	0.7943790857821817
2008	01	09	1.9725751984100002	1.7950622731309862	0.5726236239333049
2008	01	10	1.16801752238	1.5724188904170653	0.6443510457100198
2008	01	11	0.53205040411	1.4889276218993452	0.8497522570400131
2008	01	12	0.0006821327438900001	1.3358602962835247	0.7819381480152385
2008	01	13	4.4245825965	1.1967081820873242	0.8285054581025145
2008	01	14	1.6682621638000001	1.1967081820873242	0.83239234161588
2008	01	15	0.047086987001	1.182792970667704	0.9280290794341407
2008	01	16	0.255566481505	1.182792970667704	0.8539541725328972
2008	01	17	0.004436615107	1.0714712793107437	1.052811707323204
2008	01	18	0.0123776510792	1.0575560678911236	0.8783024641406952
2008	01	19	0.0006869030120699999	1.0436408564715036	1.0113210221643014
2008	01	20	0.00034822157414	0.9601495879537832	0.904957535705382
2008	01	21	0.00138284981429	0.9323191651145433	1.1908679436679375
2008	01	22	0.0027478953544800002	0.9184039536949231	1.2169161632659922
2008	01	23	0.00103660866253	0.890573530855683	1.1019692149990195
2008	01	24	0.0	0.8627431080164429	1.0373309600862166
2008	01	25	0.00171370984029	0.8209974737575828	0.8856148340287752
2008	01	26	0.00068772203909	0.7653366280791027	0.8929010609839761
2008	01	27	0.0017220271181000004	0.7653366280791027	0.966805963435473
2008	01	28	0.0027452255536800003	0.7653366280791027	1.0100008834749192
2008	01	29	0.0024086518658600004	0.7235909938202425	1.1289446730637993
2008	01	30	0.0	0.6818453595613824	1.2211139490488756
2008	01	31	0.00133268500954	0.6679301481417623	1.0973470508382162
2008	02	01	0.0037124820589	0.6261845138829022	1.0316430927358449
2008	02	02	0.39382907054000005	0.5983540910436621	1.0424190948293799
2008	02	03	1.14034738997	0.5983540910436621	0.8557396905828989
2008	02	04	0.4752983300600001	0.5983540910436621	1.0570314291150897
2008	02	05	0.0006821327438900001	0.5983540910436621	1.1832555450638602
2008	02	06	0.0006821327438900001	0.5983540910436621	1.1716591436645194
2008	02	07	0.0006821327438900001	0.556608456784802	1.05135283510733
2008	02	08	0.0013846637742699998	0.556608456784802	1.1479862584334148
2008	02	09	0.0	0.5287780339455618	1.0641946640439848
2008	02	10	0.00069167312019	0.5287780339455618	1.0423802075629813
2008	02	11	0.030485231676500003	0.5287780339455618	0.9908671647462907
2008	02	12	0.00309106295409	0.5287780339455618	1.0790373409806668
2008	02	13	0.00102558356967	0.5287780339455618	1.1065860525906188
2008	02	14	0.00034822157414	0.5009476111063217	1.148847613741332
2008	02	15	0.0013931273469200002	0.45920197684746156	1.163385641195606
2008	02	16	0.00034822157414	0.45920197684746156	1.1752536479267033
2008	02	17	18.090205284	0.45920197684746156	0.6218261612338596
2008	02	18	29.208685150999997	0.5287780339455618	0.7465591368104311
2008	02	19	2.9165136026200003	1.6280797360955457	1.0862508948053675
2008	02	20	1.4959654967700002	3.729276660458173	1.1816458590806265
2008	02	21	0.6194636117750001	3.743191871877793	1.2088362940194433
2008	02	27	0.0017880480266600001	4.118902580207534	1.5767552749678797
2008	02	28	0.75527416164	3.0196008780575503	1.2323064286149616
2008	02	29	0.0027571517843400003	2.4073315755942684	1.5873793053402125
2008	03	01	0.00137619059802	1.9898752330056668	1.6642010841559145
2008	03	02	0.0006964432283100001	1.6976557931936458	1.7297434434495174
2008	03	03	0.0029229344895500002	1.5306732561582055	1.7717468385407595
2008	03	04	0.0	1.3915211419620048	1.622619386235341
2008	03	05	0.0006869029080310001	1.2106233935069441	1.3102954877006103
2008	03	06	0.00138930535421	1.0853864907303636	1.4562236486394573
2008	03	07	0.00171725676989	0.9879800107930234	1.898834405870271
2008	03	08	0.00034822157414	0.9601495879537832	1.770928430453213
2008	03	09	0.45914123342	0.9462343765341634	1.521744807769469
2008	03	10	0.0019073745173199999	0.8627431080164429	1.5658865484972986
2008	03	11	0.0007557759497400001	0.8627431080164429	1.7856449268801389
2008	03	12	0.0006821327438900001	0.8627431080164429	1.9273833904747184
2008	03	13	0.0	0.8349126851772029	1.9588973898934876
2008	03	14	0.0	0.7653366280791027	1.941969861802863
2008	03	15	0.063150568586	0.7653366280791027	1.7364012896597705
2008	03	16	0.0	0.7375062052398625	1.7782787982177493
2008	03	17	0.00248847386789	0.6957605709810024	1.7862846276295143
2008	03	18	0.282922728252	0.6818453595613824	1.557725716971625
2008	03	19	11.449770454400001	0.8627431080164429	1.2839866052132067
2008	03	20	11.4133784125	1.3636907191227647	1.194520445669566
2008	03	21	0.1020822304865	1.3497755077031446	1.845615296560504
2008	03	22	0.09934948209	1.1688777592480841	1.5766813292958173
2008	03	23	0.0	1.0158104336322635	1.615950958456597
2008	03	24	0.0	0.876658319436063	1.9222378231568495
2008	03	25	0.00103129451047	0.8627431080164429	1.9709576586031037
2008	03	26	0.0	0.7931670509183426	1.9735072726979732
2008	03	27	0.004751068742910001	0.7653366280791027	1.907673768858062
2008	03	28	0.008107808088299999	0.7235909938202425	2.0137245808574944
2008	03	29	0.0006845178779800001	0.6818453595613824	2.176855140456983
2008	03	30	0.2289482234	0.6818453595613824	1.9958589554103934
2008	03	31	0.00103273921203	0.6818453595613824	2.05678930213122
2008	04	01	0.0006821327438900001	0.6679301481417623	2.6552007352606815
2008	04	02	0.00034822157414	0.6540149367221423	2.3113946731095574
2008	04	03	0.0	0.6122693024632822	2.59380215460345
2008	04	04	0.00067665477042	0.5983540910436621	2.7634624841130924
2008	04	05	0.0162740644865	0.5426932453651818	2.0244373277480694
2008	04	06	0.0037674053674200004	0.5148628225259417	2.1462656870315566
2008	04	07	5.7896334987	0.4174563425886014	1.4841648623230965
2008	04	12	0.0006821327438900001	3.3953115863872916	2.1788630169946495
2008	04	13	0.21683272179	2.1846881928803477	2.1040590027859607
2008	04	14	0.0006869030120699999	1.6419949475151656	2.292147989123255
2008	04	15	0.0083115116485	1.2941146620246644	2.070917294398367
2008	04	16	0.32673940134499996	1.113216913569604	2.0513972364029094
2008	04	17	1.3396981184699999	0.9879800107930234	1.6683046902664955
2008	04	18	9.0307676684	1.0436408564715036	1.632878225582789
2008	04	19	9.5879565359	1.154962547828464	1.624525862847617
2008	04	20	1.33702511647	2.629974958308189	1.6594315252556548
2008	04	21	0.245015430344	3.0056856666379304	2.100921434861828
2008	04	22	0.00137651896111	2.045536078684147	2.5095544028351413
2008	04	23	0.00166652991445	1.5028428333189652	2.856902423847348
2008	04	24	0.000689288034118	1.1967081820873242	3.108062553953764
2008	04	25	0.0006821327438900001	0.9879800107930234	2.631951503663754
2008	04	26	0.0010263711449	0.8349126851772029	2.9263772729816724
2008	04	27	0.0013698086857	0.7375062052398625	2.9286048467803134
2008	04	28	0.0017081947329000001	0.6957605709810024	2.398274526487291
2008	04	29	0.00171016291069	0.6957605709810024	2.7318335191861474
2008	04	30	0.00068769706973	0.5983540910436621	2.3663698145935563
2008	05	01	0.0006821327438900001	0.5844388796240421	2.7560817940778404
2008	05	02	0.0	0.556608456784802	2.751613696678985
2008	05	03	0.0013690356759300001	0.5287780339455618	2.651566395748052
2008	05	04	0.12904498973099998	0.5287780339455618	3.306114203553448
2008	05	05	0.0	0.5287780339455618	3.400371749417749
2008	05	06	0.00086250275729	0.5148628225259417	3.227668264099094
2008	05	07	0.0006869030120699999	0.45920197684746156	2.74640600612581
2008	05	08	0.6665649081400001	0.45920197684746156	2.638858859697754
2008	05	09	3.10585489899	0.45920197684746156	2.471368097870197
2008	05	10	0.490412835875	0.45920197684746156	2.4944449197906096
2008	05	11	0.5443199154520001	0.45920197684746156	2.41117682655578
2008	05	12	0.271346300719	0.4035411311689814	2.500325132112946
2008	05	13	0.39840898736499997	0.4035411311689814	2.062307286349768
2008	05	14	0.744812992172	0.3757107083297413	2.2381162677062734
2008	05	15	0.4981336901100001	0.33396507407088116	2.3435354799403605
2008	05	16	7.538270591800001	0.43137155400822147	1.9189312620306296
2008	05	17	0.014414553831399998	0.5148628225259417	2.798569423275792
2008	05	18	0.545284044865	0.45920197684746156	2.462561036578625
2008	05	19	0.10361272820800001	0.5148628225259417	2.554983604349889
2008	05	20	5.07077154652	0.45920197684746156	2.5134317988728148
2008	05	21	0.10769208139200001	0.45920197684746156	2.75571276219116
2008	05	22	0.022002271759	0.4452867654278415	2.9116840225154537
2008	05	23	6.9404160804	0.4035411311689814	2.244991142528352
2008	05	24	0.7193581861980001	0.5287780339455618	2.400583805809691
2008	05	25	3.780016975	0.5287780339455618	2.325627889029757
2008	05	26	0.55237690369	0.5287780339455618	2.4741701770044644
2008	05	27	3.16931716842	0.5287780339455618	2.3813460940436046
2008	05	28	0.619008649228	0.45920197684746156	2.565083002934428
2008	05	29	1.58761785352	0.48703239968670164	2.3989946410015452
2008	05	30	0.49994400072200007	0.5148628225259417	2.353163178833361
2008	05	31	0.37025631407000004	0.5287780339455618	2.6122936129131693
2008	06	01	0.0075985467869	0.5844388796240421	2.9743161401788556
2008	06	02	0.0	0.5148628225259417	3.1577597143591194
2008	06	03	0.00034106641195999997	0.45920197684746156	3.142430442357925
2008	06	04	0.00034822157414	0.4035411311689814	3.514161469461494
2008	06	05	0.0	0.3896259197493614	3.6025738655218706
2008	06	06	0.0013785758921700001	0.3478802854905012	3.788451542010575
2008	06	07	0.000383027061305	0.33396507407088116	3.8126854763444156
2008	06	08	0.0	0.278304228392401	3.623226760000699
2008	06	09	0.0	0.1948129598746807	3.2801678100646807
2008	06	10	0.1952363862	0.041745634258860145	2.8809571158279104
2008	06	11	0.0024004806428000003	0.0	3.2900048645753355
2008	06	12	0.0017196419840099998	0.0	3.571353327692306
2008	06	13	0.0020541100025000003	0.0	3.9678921342558646
2008	06	14	0.0	0.0	4.27694792010786
2008	06	15	0.0	0.0	3.7974279878638884
2008	06	16	0.575392939468	0.0	2.693024623265039
2008	06	17	0.00276048303309	0.0	3.542567915932069
2008	06	18	0.000682132791908	0.0	3.581343162628244
2008	06	19	0.0006869030120699999	0.0	3.948020054786261
2008	06	20	0.0	0.0	3.5004718038345115
2008	06	21	0.0010342779488400002	0.0	3.439908906618776
2008	06	22	0.00103989421415	0.0	4.033298207392456
2008	06	23	2.4841015889	0.0	3.2331663259337104
2008	06	24	0.0010279688638199999	0.0	4.307729092849657
2008	06	25	0.0013738053839	0.0	4.1464833868231885
2008	06	26	0.00034822157414	0.0	4.052295589059948
2008	06	27	0.00069061256263	0.0	5.0433591493038366
2008	06	28	0.0006821327438900001	0.0	4.108626330135812
2008	06	29	0.0007077298592100001	0.0	4.597379214893155
2008	06	30	0.0006869030120699999	0.0	4.855634350544836
2008	07	01	0.0	0.0	4.563741274502378
2008	07	02	0.0	0.0	3.789438188936625
2008	07	03	0.0	0.0	3.8677595386703922
2008	07	04	0.0006869030120699999	0.0	4.31843571584963
2008	07	05	0.000353490373199	0.0	4.016579308957926
2008	07	06	0.0	0.0	3.505137628378527
2008	07	07	0.00034822161415500003	0.0	4.011641074264801
2008	07	08	0.000682785828705	0.0	4.361427239728219
2008	07	09	0.00035299176229	0.0	4.0755730070801786
2008	07	10	0.00034106641195999997	0.0	4.279651966715308
2008	07	11	0.0006845178779800001	0.0	3.991375794061749
2008	07	12	0.0006964432283100001	0.0	3.5619542262171087
2008	07	13	0.0006776013652600001	0.0	4.143019902953438
2008	07	14	0.00625845836212	0.0	3.3382181645199163
2008	07	15	0.325695890175	0.0	3.741949825766002
2008	07	16	0.005216465841400001	0.0	3.9170870244038776
2008	07	17	0.00103512450618	0.0	4.315436021847316
2008	07	18	0.0027544453297999997	0.0	4.42739096891645
2008	07	19	0.028619874829899996	0.0	2.7247640052715667
2008	07	20	0.055551768104000004	0.0	3.3639107166781512
2008	07	21	0.000352991818311	0.0	4.237991367743744
2008	07	22	0.00069204397921	0.0	3.8297606503544204
2008	07	23	0.00103273929206	0.0	4.052727785194502
2008	07	24	0.0	0.0	4.063987210934866
2008	07	25	0.00137955898069	0.0	3.908272641182894
2008	07	26	0.0017595262950200002	0.0	3.828508938596539
2008	07	27	0.0	0.0	4.085121043085659
2008	07	28	0.0067672663736	0.0	3.7832486694906753
2008	07	29	0.00034106641195999997	0.0	3.9688680967446777
2008	07	30	0.00102671775483	0.0	4.1975992978930705
2008	07	31	0.00034106641195999997	0.0	3.983042196890815
2008	08	01	0.00035444742796	0.0	3.6367274760035073
2008	08	02	0.00034047274942	0.0	4.374271744762828
2008	08	03	0.00034361984914000005	0.0	4.114470637822424
2008	08	04	0.0	0.0	3.792461854384243
2008	08	05	0.014936611129500002	0.0	3.745401267709113
2008	08	06	0.0006869030120699999	0.0	4.044514430946828
2008	08	07	0.00034106641195999997	0.0	3.873868162295838
2008	08	08	0.0	0.0	4.143944331020728
2008	08	09	0.0	0.0	3.612239218157611
2008	08	10	0.0	0.0	3.8887251788232358
2008	08	11	0.00095001748301	0.0	3.790158900062329
2008	08	12	0.0009623379414499998	0.0	3.375305347255548
2008	08	13	0.00069115652654	0.0	3.951637046048752
2008	08	14	0.0	0.0	3.894277594555514
2008	08	15	0.0013642653277200001	0.0	3.6502819783347835
2008	08	16	0.00034822157414	0.0	3.370235229994082
2008	08	17	0.0123440977014	0.0	3.2981414518999306
2008	08	18	0.0010208138617	0.0	3.826795927371656
2008	08	19	0.000352991818311	0.0	3.698905206604974
2008	08	20	0.000677362683788	0.0	4.028928575459431
2008	08	21	0.00206547858412	0.0	3.721789618752732
2008	08	22	0.0013624419242000002	0.0	3.490490819619989
2008	08	23	0.0013738053839	0.0	3.723406408190895
2008	08	24	0.000696443268325	0.0	3.3414288821197315
2008	08	25	0.0017160094223099998	0.0	3.623645018511223
2008	08	26	0.00171725676989	0.0	3.471303717033082
2008	08	27	0.0	0.0	3.173112586622389
2008	08	28	0.119990939735	0.0	2.666882502892784
2008	08	29	1.07907202032	0.0	2.1862252991628672
2008	08	30	0.012757446249	0.0	2.64077189004032
2008	08	31	0.0014206061276	0.0	3.0669728306276918
2008	09	01	0.00138942475897	0.0	3.2038709895959543
2008	09	02	0.0006821327438900001	0.0	2.8522755619734443
2008	09	03	0.00104153891068	0.0	2.682373652488793
2008	09	04	0.0845054816765	0.0	2.607054638132889
2008	09	05	0.21037406070000003	0.0	2.1629747305754226
2008	09	06	3.7384568357900005	0.0	2.1696216150990852
2008	09	07	0.000349619482159	0.0	2.4025034563278465
2008	09	08	0.19427370533000002	0.0	2.627143219462994
2008	09	09	0.384405986208	0.0	2.3144955744391567
2008	09	10	0.026311852846100003	0.0	2.886830207117492
2008	09	11	0.0011094514883500002	0.0	2.7102258593489084
2008	09	12	0.0	0.0	2.767934748854608
2008	09	13	0.00102081378167	0.0	2.942943795240561
2008	09	14	0.0013548814901000001	0.0	2.9244215203482793
2008	09	15	0.00034822157414	0.0	2.991737215027401
2008	09	16	0.00035299176229	0.0	2.6913099820265693
2008	09	17	0.0010358118838500001	0.0	2.2636406452341804
2008	09	18	0.214783689691	0.0	2.062224331877775
2008	09	19	0.20427095689400002	0.0	2.4377702077021945
2008	09	20	0.16688802354900004	0.0	1.9089148473711488
2008	09	21	0.88905078907	0.0	1.7638180246426134
2008	09	22	7.829029185400001	0.0	1.5810012151391184
2008	09	23	0.45115095819000006	0.0	1.9852446426835146
2008	09	24	0.000177452087588	0.0	1.9437192191140613
2008	09	25	0.0020075005305	0.0	2.085759587262023
2008	09	26	1.26208446426	0.0	1.7162939143556029
2008	09	27	13.2271239121	0.0	1.2353401016669436
2008	09	30	0.09958303363900001	1.0853864907303636	1.9074965014437677
2008	10	01	0.0135109118927	0.6540149367221423	1.8044114746257085
2008	10	02	0.00034822157414	0.48703239968670164	1.966312845127126
2008	10	03	0.00138304276662	0.3896259197493614	1.8098570340341305
2008	10	04	0.0	0.3478802854905012	1.7281593757698173
2008	10	05	0.0	0.33396507407088116	1.9944160232323833
2008	10	06	0.0013839692739299999	0.3061346512316411	1.9366775054942378
2008	10	07	0.6315026447200001	0.278304228392401	1.6985148342675138
2008	10	08	0.0007929245712509999	0.25047380555316084	1.7329385857186368
2008	10	09	0.0006869030120699999	0.23655859413354086	1.8031211994228504
2008	10	10	0.24519399328	0.2087281712943007	2.0126055704900145
2008	10	11	15.7169012286	0.23655859413354086	1.2676026895582184
2008	10	12	6.0678609949	0.29221943981202103	1.0459320293874743
2008	10	13	10.1737145128	0.3061346512316411	1.4267870910697147
2008	10	14	0.05456541436000001	0.3061346512316411	1.7205150611874414
2008	10	15	0.09167434899400001	0.29221943981202103	1.704972897085217
2008	10	16	0.0	0.29221943981202103	1.7269250964891385
2008	10	17	0.67276411197	0.3061346512316411	1.2978697674945419
2008	10	18	4.1916448776	0.3061346512316411	1.3186672311091363
2008	10	19	0.70104103184	0.2643890169727809	1.4297110448276147
2008	10	20	0.40403825755	0.2087281712943007	1.2902760050212365
2008	10	21	2.22158022029	0.08349126851772029	1.4098869122374993
2008	10	22	4.5311361391	0.0	1.0993616809256932
2008	10	23	0.24161129026999997	0.0	1.451141364325501
2008	10	24	0.00205439442912	0.0	1.5490714476683562
2008	10	25	0.00103099247725	0.0	1.5603382984082592
2008	10	26	0.0	0.0	1.5136157002822384
2008	10	27	0.00018093392078600003	0.0	1.5362026744977084
2008	10	28	1.3459740710699999	0.0	0.9246283872542972
2008	10	29	0.00035299176229	0.0	1.19443447884762
2008	10	30	1.2503846384700001	0.0	1.1718454967405953
2008	10	31	2.82338789357	0.0	0.8710764954265915
2008	11	01	0.797777670481	0.0	1.0772863860808777
2008	11	02	0.175874608255	0.0	1.0716764411857236
2008	11	03	0.036738755869	0.0	1.2152473016209056
2008	11	04	2.01234674715	0.0	1.0360509164399523
2008	11	05	0.3759993469	0.0	1.0251163796240292
2008	11	06	0.0032588167982	0.0	1.0972023853187218
2008	11	07	0.0274580160962	0.0	1.13258250448625
2008	11	08	0.00068630678857	0.0	1.0752299391295874
2008	11	09	0.00103570464365	0.0	1.1691148709724526
2008	11	10	0.0	0.0	1.1041703807418435
2008	11	11	0.00137441753337	0.0	1.095427775183821
2008	11	12	0.0	0.0	1.0517909882744818
2008	11	13	0.00034106641195999997	0.0	1.0461894312170323
2008	11	14	0.00034822157414	0.0	1.0374921724056443
2008	11	15	0.0006877720578400001	0.0	1.044038031488549
2008	11	16	0.0020626099888	0.0	1.1196444640592156
2008	11	17	0.0	0.0	1.1473177624850446
2008	11	18	0.000703552909441	0.0	1.1973403334614923
2008	11	19	0.0169082013987	0.0	1.0141983915144062
2008	11	20	0.0022424854167999997	0.0	1.0140550049661972
2008	11	21	0.00135898158706	0.0	1.050169565010746
2008	11	22	0.00068488289481	0.0	1.1804809793449367
2008	11	23	0.0013690356759300001	0.0	1.0540032835116175
2008	11	24	0.0107511957871	0.0	0.8081436889517396
2008	11	25	0.0322977030985	0.0	0.8002410176181085
2008	11	26	0.8827825993799999	0.0	0.6869704136055667
2008	11	27	0.042328064674100004	0.0	0.8363876984525984
2008	11	28	3.6350658387	0.0	0.8394746241244349
2008	11	29	3.8520095621	0.0	0.5720714608525281
2008	11	30	3.2710545056200004	0.0	0.6669155714356955
2008	12	01	0.21285226968	0.0	0.670736596444341
2008	12	02	0.0006845178779800001	0.0	0.7091584297866232
2008	12	03	0.187049389227	0.0	0.8479670430362569
2008	12	04	0.193158055118	0.0	0.7985552394098449
2008	12	05	0.072178584823	0.0	0.7847919506346127
2008	12	06	0.121145084377	0.0	0.6758260714402602
2008	12	07	2.8144798343	0.0	0.5938156773797056
2008	12	08	0.0069400871571	0.0	0.716683415614416
2008	12	09	0.51028520522	0.0	0.5800595325074596
2008	12	10	0.0	0.0	0.6550861224859854
2008	12	11	0.12259475580000001	0.0	0.7828704744747536
2008	12	12	1.3366610600000002	0.0	0.6662313601634227
2008	12	13	4.0568159356999995	0.0	0.7313812863418663
2008	12	14	0.95073631247	0.0	0.5851816135108588
2008	12	15	0.00214417880564	0.0	0.6076267985330833
2008	12	16	0.0013737500831700002	0.0	0.7840985645998647
2008	12	17	0.25901197307999996	0.0	0.7041045254421284
2008	12	18	0.0019245587189800001	0.0	0.7402938128565111
2008	12	19	0.00102827009674	0.0	0.8900996225788749
2008	12	20	0.0013785758921700001	0.0	0.8566228901029029
2008	12	21	0.002058323582	0.0	0.8756911982002257
2008	12	22	0.0110956497089	0.0	0.7025234331878653
2008	12	23	0.0292158742459	0.0	0.6292588730578874
2008	12	24	0.0	0.0	0.722257935321564
2008	12	25	0.0007520665272280001	0.0	0.7553219609302538
2008	12	26	0.00102534411991	0.0	0.8178490119598734
2008	12	27	6.0268728301	0.0	0.7019395519740839
2008	12	28	3.16784181537	0.0	0.7092402872411996
2008	12	29	1.1510718101200001	0.0	0.7829070182369441
2008	12	30	2.73802365398	0.0	0.6993439759583883
2009	01	02	2.6540741047000003	4.258054694403735	0.6340100415459684
2009	01	03	0.334504640218	2.588229324049329	0.6225504364165267
2009	01	04	0.0033889271713	1.5445884675778256	0.7196208035190841
2009	01	05	0.83262547751	1.0853864907303636	0.55309860216347
2009	01	06	0.007434313222400001	0.8488278965968229	0.5795282104363585
2009	01	07	0.0323687777415	0.6957605709810024	0.6590219620722976
2009	01	08	0.00039240378425800006	0.5983540910436621	0.5567872300502625
2009	01	09	0.000684517821959	0.5287780339455618	0.6450177236269973
2009	01	10	0.18712634607499998	0.45920197684746156	0.6145176104208528
2009	01	11	0.0	0.43137155400822147	0.8191242240999683
2009	01	12	0.0006821327438900001	0.4035411311689814	0.8545573068262291
2009	01	13	1.54397261269	0.4035411311689814	0.869660338485742
2009	01	14	0.028101207602600004	0.4035411311689814	0.7064345073085604
2009	01	15	12.0292316709	0.5844388796240421	0.6070793673867095
2009	01	17	0.00111888326394	4.021496100270194	0.8979422137980202
2009	01	18	0.030592651944	2.1986034042999676	0.9608951751268859
2009	01	19	2.97816327258	1.5445884675778256	0.6671299548262504
2009	01	20	0.26891096381	1.2384538163461842	0.6819259994402018
2009	01	21	0.16877459474800002	0.9879800107930234	0.8129537149158534
2009	01	22	0.28426207832	0.8627431080164429	0.9262958850132992
2009	01	23	0.13766544519	0.7931670509183426	0.6860583978526767
2009	01	24	0.050251546065800005	0.7514214166594826	0.7505648660604564
2009	01	25	1.156089371	0.7653366280791027	0.7868600031934192
2009	01	26	0.009791086281	0.876658319436063	0.8309438675362965
2009	01	27	0.40784640507000003	0.7792518394987228	0.9135576954930699
2009	01	28	0.0034936072116000002	0.7653366280791027	0.9186871542987531
2009	01	29	1.5977381272	0.7653366280791027	0.7041531971362074
2009	01	30	6.622170383000001	0.7514214166594826	0.8573738128043428
2009	01	31	4.7161737421900005	0.8070822623379628	0.8010892204877876
2009	02	03	2.73217049987	3.242244260771471	0.8417780506339824
2009	02	04	7.5781615453	4.7729175169296765	0.5718889220951089
2009	02	07	2.0496171183	2.365585941335408	0.8155098035360542
2009	02	08	0.0227957660078	1.461097199060105	1.1765582018823542
2009	02	09	0.13071083819	1.0714712793107437	0.8284491812812725
2009	02	10	0.327179022141	0.8627431080164429	1.0073062480936399
2009	02	11	0.0010208138617	0.6818453595613824	1.2485311386733948
2009	02	12	0.00034822157414	0.570523668204422	1.3480002532010769
2009	02	13	0.00240892989008	0.5148628225259417	1.245642124427717
2009	02	14	0.00102666605545	0.45920197684746156	1.2616864214649253
2009	02	15	0.00103512458621	0.43137155400822147	1.2747417218417179
2009	02	16	0.0	0.4035411311689814	1.1512701198725876
2009	02	17	0.0013788575177400002	0.3478802854905012	1.251584968243895
2009	02	18	0.00034822157414	0.3478802854905012	1.4628914218882803
2009	02	19	0.000158298203574	0.33396507407088116	1.3294069518054907
2009	02	20	0.00507958437009	0.3061346512316411	1.3329498911104773
2009	02	21	0.0006964433083400001	0.3061346512316411	1.3075085178368666
2009	02	22	0.0	0.3061346512316411	1.3788805478656698
2009	05	13	0.80074248587	0.0	2.725169305965294
2009	05	14	0.028792665202	0.0	2.7545448612355425
2009	05	15	0.0006869030120699999	0.0	3.3784881600442227
2009	05	16	0.00137571385931	0.0	3.59291378291963
2009	05	17	0.000776096158962	0.0	3.1476762271424175
2009	05	18	0.00275238079589	0.0	3.2383477527848092
2009	05	19	0.00034822157414	0.0	3.650541535355392
2009	05	20	0.015546627799999999	0.0	3.128623046307184
2009	05	21	0.0013690356759300001	0.0	2.552076711511885
2009	05	22	0.0009526352643100001	0.0	3.0023778271106307
2009	05	23	0.5009141403880001	0.0	2.1794167047784505
2009	05	24	0.66018243561	0.0	2.5593560968039992
2009	05	25	0.0032432594463800003	0.0	3.176611662472301
2009	05	26	0.0	0.0	3.9782166302911293
2009	05	27	0.00102558356967	0.0	3.39868714352717
2009	05	28	0.0	0.0	3.668054997194623
2009	05	29	0.0017173834573799998	0.0	3.6382784735676834
2009	05	30	0.0006869030120699999	0.0	3.714172626664574
2009	05	31	0.0010303539979100002	0.0	3.576485227975859
2009	06	01	0.00034822161415500003	0.0	4.174829173322445
2009	06	02	0.0	0.0	3.598914558768678
2009	06	03	0.00311378587199	0.0	3.363164359381156
2009	06	04	1.4366021238500002	0.0	2.700782037350464
2009	06	05	0.558845376458	0.0	2.3079343832925403
2009	06	06	0.531980569932	0.0	2.5807746121737125
2009	06	07	0.00099317053934	0.0	2.9038744503286416
2009	06	08	0.5395287594420001	0.0	2.0674468593306194
2009	06	09	0.00035191786372900004	0.0	3.3774475758369813
2009	06	10	0.000687337655	0.0	4.1286993308480975
2009	06	11	0.00034106641195999997	0.0	4.689229591597328
2009	06	12	0.00205964695808	0.0	4.5623508319731325
2009	06	13	0.0	0.0	3.9813576705826836
2009	06	14	0.051616508935	0.0	3.963502469199371
2009	06	15	0.102856524738	0.0	2.8697964162420275
2009	06	16	0.22799981988200002	0.0	3.9983708633161994
2009	06	17	0.0029540782440800003	0.0	4.471959987863668
2009	06	18	0.0013768668515200002	0.0	3.540368231999659
2009	06	19	0.0209166207925	0.0	4.857916175689322
2009	06	20	0.00275241112726	0.0	4.724412713786021
2009	06	21	0.000682132791908	0.0	3.710582456242561
2009	06	22	0.0	0.0	4.102140939334313
2009	06	23	0.00034822157414	0.0	4.3826878043438136
2009	06	24	0.00103512458621	0.0	3.829404558285259
2009	06	25	0.22033718747199998	0.0	3.2981139785037725
2009	06	26	0.0	0.0	3.6048040790168865
2009	06	27	0.0006869030120699999	0.0	3.418860533864257
2009	06	28	0.20947618012100003	0.0	3.249388137087199
2009	06	29	0.00248296164158	0.0	3.6646988201484123
2009	06	30	0.00068854778863	0.0	3.8496521667908197
2009	07	01	0.0	0.0	4.464024086574912
2009	07	02	0.000352991818311	0.0	4.528337470666212
2009	07	03	0.0	0.0	4.391870049037769
2009	07	04	0.0014440356303699999	0.0	4.378892725739171
2009	07	05	0.0031130021382	0.0	4.039603766282798
2009	07	06	0.00103989413412	0.0	3.9154089913279626
2009	07	07	0.0	0.0	4.114462775612101
2009	07	08	0.00207024909239	0.0	4.051679072328779
2009	07	09	0.0024084421872600003	0.0	3.894859356924412
2009	07	10	0.0006876624967699999	0.0	4.21488560681328
2009	07	11	0.0	0.0	4.339366945023966
2009	07	12	0.00103035415797	0.0	4.704895190018436
2009	07	13	0.0	0.0	4.241625170659314
2009	07	14	0.0	0.0	3.8127650653732035
2009	07	15	0.0006869030120699999	0.0	4.324727045137416
2009	07	16	0.0	0.0	4.423965447714114
2009	07	17	0.0006821327438900001	0.0	3.89879927650495
2009	07	18	0.0	0.0	3.940657058531042
2009	07	19	0.0	0.0	4.115852280904188
2009	07	20	0.0006869030120699999	0.0	4.163974289948854
2009	07	21	0.00100632427014	0.0	3.7061086679008404
2009	07	22	0.0006904454599900001	0.0	3.5482077566535946
2009	07	23	0.0114525771065	0.0	3.5475716110221778
2009	07	24	0.000352991818311	0.0	4.155213842804174
2009	07	25	0.0006821327438900001	0.0	4.7385043960665065
2009	07	26	0.0006869030120699999	0.0	4.453418874669129
2009	07	27	0.000352991818311	0.0	4.691339448164875
2009	07	28	0.0	0.0	4.588655794449253
2009	07	29	0.0	0.0	4.511945454875965
2009	07	30	0.00034380015673	0.0	4.762720485904163
2009	07	31	0.0	0.0	4.396387592212564
2009	08	01	0.0	0.0	3.7821432713432195
2009	08	02	0.0	0.0	3.875541187923652
2009	08	03	0.0013738053839	0.0	4.345381699763704
2009	08	04	0.0006821327438900001	0.0	3.562677388970219
2009	08	05	0.0006885344236200001	0.0	3.723616126700692
2009	08	06	0.0	0.0	4.026193116064917
2009	08	07	0.0	0.0	3.98376822589318
2009	08	08	0.0	0.0	3.6865429902535496
2009	08	09	0.00034822157414	0.0	3.536976811161344
2009	08	10	0.0	0.0	3.622967059812866
2009	08	11	0.0	0.0	4.011926251832235
2009	08	12	0.0006821327438900001	0.0	3.5156148293255205
2009	08	13	0.0010351248262999999	0.0	3.7319313902032287
2009	08	14	0.00138334552011	0.0	3.84455714530467
2009	08	15	0.00102631576414	0.0	3.401556224500748
2009	08	16	0.00034822157414	0.0	3.0512965664576135
2009	08	17	0.00214382067139	0.0	3.1141130155342935
2009	08	18	0.0017220272781600001	0.0	3.2123832571982613
2009	08	19	0.0	0.0	3.4950010912836285
2009	08	20	0.00033576058302	0.0	4.08412455690222
2009	08	21	0.00102219173821	0.0	3.909739670285571
2009	08	22	0.0	0.0	3.9508521891894572
2009	08	23	0.0006884979299399999	0.0	3.717594968080961
2009	08	24	0.0013785758921700001	0.0	3.6221030810419803
2009	08	25	0.0	0.0	2.9663868554258617
2009	08	26	0.0017202200406999997	0.0	3.62734463045865
2009	08	27	0.000352991818311	0.0	3.7987958922118485
2009	08	28	0.0010312348881199999	0.0	3.786764208894406
2009	08	29	0.0006821327438900001	0.0	3.4609749413472084
2009	08	30	0.00138334568017	0.0	3.337314445457962
2009	08	31	0.21897376438	0.0	2.2662487154512485
2009	09	01	0.7976734154	0.0	2.891041157894735
2009	09	02	0.0006869030120699999	0.0	3.1617444312414396
2009	09	03	0.00310600023347	0.0	3.4167477307062932
2009	09	04	0.0	0.0	3.613058346511862
2009	09	05	0.0	0.0	3.6137301716143013
2009	09	06	0.00034822161415500003	0.0	3.435764490599326
2009	09	07	0.0	0.0	3.0631476001938673
2009	09	08	0.000739936060008	0.0	2.6591725528509875
2009	09	09	0.0006821330319980001	0.0	2.6207955448125415
2009	09	10	0.006499244303	0.0	2.5765905361523913
2009	09	11	0.00117656400611	0.0	2.9403495508712334
2009	09	12	0.00143016226981	0.0	2.7066171072691194
2009	09	13	1.0724156051	0.0	2.2271990377348487
2009	09	14	7.0929292514	0.0	1.8956627348487698
2009	09	15	0.0017222850547899998	0.0	2.2763510560746067
2009	09	16	0.0	0.0	2.424558081064552
2009	09	17	0.007580651278600001	0.0	2.182717334532664
2009	09	18	0.549308745562	0.0	2.013447884231409
2009	09	19	0.0042161676702	0.0	2.1693399918141467
2009	09	20	0.0	0.0	2.4536842855328653
2009	09	21	0.000338681245858	0.0	2.580815646102636
2009	09	22	0.0013588855510600001	0.0	2.2663475317896364
2009	09	23	0.0	0.0	2.898048756607886
2009	09	24	0.0	0.0	2.3573183750336564
2009	09	25	0.0017180552292000001	0.0	2.0823382949226583
2009	09	26	0.151002732798	0.0	1.7164885928869626
2009	09	27	0.106423837979	0.0	2.4716286584158387
2009	09	28	0.23953459180000003	0.0	2.243349982095273
2009	09	29	3.8875644902	0.0	1.535523041998049
2009	09	30	4.3072556553900005	0.0	1.4797343017956257
2009	10	01	0.027399269274400003	0.0	2.178355525072477
2009	10	02	0.0	0.0	2.2902303383875133
2009	10	03	0.000682132791908	0.0	2.296000835417573
2009	10	04	0.00034822157414	0.0	2.075341628556018
2009	10	05	0.332929905914	0.0	1.963872927964634
2009	10	06	0.86176304	0.0	1.4274394875148335
2009	10	07	6.243873374800001	0.0	1.3797444882717111
2009	10	08	0.132104840745	0.0	1.7585793886069434
2009	10	09	0.0013589286072	0.0	1.8648556366938729
2009	10	10	0.0013754956175000002	0.0	2.234392441492349
2009	10	11	0.0	0.0	2.0700994789322102
2009	10	12	0.0013785758921700001	0.0	2.3785128367150072
2009	10	13	0.0017230149283899998	0.0	1.9945910770910997
2009	10	14	0.0006904839144049999	0.0	1.7206101620213734
2009	10	15	0.0	0.0	1.7929072568297808
2009	10	16	0.00034106641195999997	0.0	1.8098014048995246
2009	10	17	0.0	0.0	1.83974963554752
2009	10	18	0.0	0.0	1.9823813417334213
2009	10	19	0.012830050265300002	0.0	1.6497351773327635
2009	10	20	10.6907179164	0.0	1.0988980008698943
2009	10	21	0.5260467535850001	0.0	1.116500171668843
2009	10	22	1.2191606138500002	0.0	1.3715186863504982
2009	10	23	0.0017124871419500003	0.0	1.6886137887886632
2009	10	24	0.0006821327438900001	0.0	1.8429989547035133
2009	10	25	0.0006869030120699999	0.0	1.8438169713705004
2009	10	26	0.0006821327438900001	0.0	1.5822853009312825
2009	10	27	0.0006630521993679999	0.0	1.499658835526221
2009	10	28	0.00069858467105	0.0	1.1191630572007398
2009	10	29	0.007695108584	0.0	1.3753204316242509
2009	10	30	0.00236922916789	0.0	1.7589709076198694
2009	10	31	0.0	0.0	1.7610676730105765
2009	11	01	0.00273721287005	0.0	1.5799442605944891
2009	11	02	0.0066517206602	0.0	1.1892464750179401
2009	11	03	0.0006869030120699999	0.0	1.4172869409842264
2009	11	04	0.42877537049	0.0	1.2593223046844328
2009	11	05	0.0	0.0	1.1127621098154754
2009	11	06	0.20487789641100002	0.0	1.2704965740810374
2009	11	07	0.0119793273638	0.0	1.101437748039751
2009	11	08	0.00358569437134	0.0	1.0808557927682487
2009	11	09	0.0006821327438900001	0.0	1.1748249731924914
2009	11	10	0.00071380397615	0.0	1.2046687418469937
2009	11	11	0.00159626413466	0.0	1.2197610698247785
2009	11	12	0.0010345414876300001	0.0	1.2886038972589566
2009	11	13	0.0090548358906	0.0	1.1676772088529568
2009	11	14	0.0483031108765	0.0	1.1642522225511733
2009	11	15	0.123662884198	0.0	0.8991423053675232
2009	11	16	0.061025940148999994	0.0	1.0151910547979865
2009	11	17	0.012687338368400001	0.0	0.9666911330650609
2009	11	18	0.0151336041742	0.0	1.1835965236684465
2009	11	19	0.0161335942299	0.0	1.000308116294336
2009	11	20	0.00113206860659	0.0	1.0533104449911657
2009	11	21	1.7173437625	0.0	1.012871426692347
2009	11	22	0.0267302256771	0.0	0.867322468534092
2009	11	23	0.0006821327438900001	0.0	1.037240770753663
2009	11	24	0.0572939683842	0.0	0.926441692860248
2009	11	25	4.748796131000001	0.0	0.7953638589401371
2009	11	26	1.71977923546	0.0	0.9137356998734785
2009	11	27	0.29936558001	0.0	0.893318351426563
2009	11	28	0.008320617061750002	0.0	0.8709178921991347
2009	11	29	0.95665549133	0.0	0.7936010185217222
2009	11	30	0.00137757927858	0.0	0.8129789292664285
2009	12	01	0.012538931136550002	0.0	0.9975330216536842
2009	12	02	0.47623921876100006	0.0	0.7951337998052606
2009	12	03	0.025823086427400006	0.0	0.7905056503320966
2009	12	04	0.000683753071285	0.0	0.8269568528009595
2009	12	05	0.00171641893582	0.0	0.9243170994784924
2009	12	06	0.013455940086000002	0.0	0.863011359282452
2009	12	07	0.347052800014	0.0	0.6652223483333392
2009	12	08	0.82941659463	0.0	0.7826822588460384
2009	12	09	0.0380905850149	0.0	0.7784066405056002
2009	12	10	0.0017196419840099998	0.0	0.7686889881272562
2009	12	11	0.0072127093521	0.0	0.7360165306661832
2009	12	12	0.0006821327438900001	0.0	0.8183907738892517
2009	12	13	0.0027520255427200004	0.0	0.8497720227228361
2009	12	14	0.0006869030120699999	0.0	0.6246772566882084
2009	12	15	1.53674414303	0.0	0.6573353182845729
2009	12	16	3.2126121179399996	0.0	0.9675397201661977
2009	12	17	0.345970946471	0.0	0.8096697039967996
2009	12	18	9.258278553	0.0	0.7190666232573202
2009	12	19	0.0412820613699	0.0	0.8170580359088909
2009	12	20	21.5862061929	0.0	0.906170345507599
2009	12	27	0.048496285689900005	13.122044368701705	0.8585512948792036
2010	01	02	0.11023372214999999	1.9898752330056668	0.7242241247722545
2010	01	06	9.018300595	4.0771569459486745	0.6788957905109047
2010	01	07	2.6766073515000004	2.5186532669512287	0.5937733048515844
2010	01	08	0.0	1.5863341018366852	0.568088670419129
2010	01	09	0.0	1.0993017021499838	0.6604791796417617
2010	01	15	0.031205481669	3.0891769351556513	0.7085938244703701
2010	01	16	0.335133267865	1.9481295987468066	0.7425270719386139
2010	01	17	0.072044718642	1.4332667762208648	0.6575674964617038
2010	01	18	0.513744141835	1.182792970667704	0.8973965261699671
2010	01	19	0.42318343429999994	1.0018952222126434	0.8721030371497
2010	01	20	0.325492669996	0.8627431080164429	0.8635033242140955
2010	01	21	0.034160357332000006	0.7514214166594826	0.9302655025544523
2010	01	22	0.01269779989	0.6818453595613824	0.8320858403907369
2010	01	25	0.009294057565100001	2.4629924212727485	0.9207862674720371
2010	01	26	0.713031886725	1.5585036789974456	0.6306244445316491
2010	01	27	3.0620406347999998	1.1688777592480841	0.7608276318621321
2010	01	28	0.24634764173600002	0.9323191651145433	0.989426485158295
2010	01	29	0.006932546730500001	0.7514214166594826	1.0198473471795813
2010	01	30	0.0037328889086	0.6540149367221423	0.8876558463508394
2010	01	31	0.144687709552	0.5844388796240421	0.8825272744079512
2010	02	01	0.00240112936598	0.5148628225259417	0.9701582889425713
2010	02	02	0.043769227307500005	0.45920197684746156	0.9368877178166202
2010	02	03	16.6887415321	0.4452867654278415	0.901344048272521
2010	02	05	0.07576870661400001	3.520548489163872	1.0249737282586948
2010	02	06	0.0017358347740300002	1.9620448101664267	1.1990279379362887
2010	02	07	0.39814089486800003	1.3497755077031446	1.083795346645799
2010	02	08	1.6784819947999998	1.0993017021499838	0.9909543011755151
2010	02	09	0.237645603695	0.876658319436063	0.9900864445120062
2010	02	10	5.91226394788	1.182792970667704	1.0032132053350178
2010	02	11	0.076738486145	2.1707729814607273	0.8764948312686205
2010	02	13	0.44181209743	5.343441185134099	0.8960328448191509
2010	02	14	8.641613790400001	2.88044876386135	0.8292440705333562
2010	02	20	7.6901027074999995	4.522443711376516	1.1263616170170045
2010	02	25	3.72404439315	4.425037231439175	0.9207694227727141
2010	02	26	4.9507246258	5.218204282357518	0.7903371173882354
2010	02	27	2.60937815	5.468678087910678	1.4991248808013113
2010	03	02	8.9732821194	3.729276660458173	1.0953582787357363
2010	03	05	16.3082741103	4.035411311689814	0.8965527425190286
2010	03	10	0.000186547136953	5.413017242232199	1.5252285699897
2010	03	11	2.1368354129	3.743191871877793	1.1576557616217027
2010	03	12	0.0	2.90827918670059	1.6379815748059543
2010	03	13	0.0006821327438900001	2.365585941335408	1.5596049510949777
2010	03	14	0.068254561866	2.031620867264527	1.581623854261677
2010	03	15	0.00103570384335	1.8507231188094664	1.5267887443533525
2010	03	16	0.000352991818311	1.6837405817740259	1.6139551171357374
2010	03	17	0.00102494244934	1.5585036789974456	1.5406058712792872
2010	03	18	0.50236823747	1.4332667762208648	1.4905437659964347
2010	03	19	0.0088237444638	1.3915211419620048	1.7079666431636003
2010	03	20	0.0230841949281	1.2941146620246644	1.361248860476849
2010	03	21	1.4558651847900002	1.2801994506050445	1.528646272070856
2010	03	22	0.007935482690500002	1.182792970667704	1.9393310308896432
2010	03	23	0.104835474566	1.1688777592480841	1.691748402509351
2010	03	24	2.62889818727	1.0575560678911236	1.5305756482794148
2010	03	25	0.29442306326100004	1.0575560678911236	1.2697837355528356
2010	03	26	0.029102317278000004	1.0575560678911236	1.6640711503345418
2010	03	27	0.00103273929206	0.9740647993734033	1.98325045362098
2010	03	28	0.000571320596912	0.9601495879537832	1.866525940099691
2010	03	29	5.61383840025	1.0436408564715036	1.6363007168911698
2010	03	30	0.007825717544	1.1271321249892239	1.4929703139077297
2010	03	31	0.0010303539979100002	0.9879800107930234	1.7939312466938495
2010	04	01	0.00274883178551	0.9044887422753031	1.7296953311857404
2010	04	02	0.0013690356759300001	0.8627431080164429	2.0379245154756465
2010	04	03	0.248227546436	0.7931670509183426	1.982458226091059
2010	04	04	0.0	0.7653366280791027	2.2087864726844533
2010	04	05	0.00034822157414	0.7096757824006225	2.229421243580053
2010	04	06	0.0006821327438900001	0.6818453595613824	2.5083812571195576
2010	04	07	0.0024001149057000003	0.6818453595613824	2.45479765234892
2010	04	08	0.0030926757986799998	0.6818453595613824	2.3264628388110986
2010	04	09	0.0	0.6400997253025222	2.453797877374794
2010	04	10	0.00137487978665	0.5983540910436621	2.2068434505486314
2010	04	11	0.0046763318470800005	0.5983540910436621	1.9011592422839991
2010	04	12	0.59910385973	0.5983540910436621	1.9395835344653802
2010	04	13	2.29830410096	0.5983540910436621	2.0049127170720498
2010	04	14	18.091160041900004	0.6540149367221423	1.4169392515379875
2010	04	15	26.538641860099997	1.753316638872126	1.6002787423331895
2010	04	20	0.0013078548217100002	3.743191871877793	2.103186545029427
2010	04	21	1.88037815748	2.4212467870138883	1.6690922220432503
2010	04	22	2.54117482334	2.1986034042999676	1.9987233978779617
2010	04	23	0.25003540813	3.743191871877793	2.311255802052413
2010	04	24	0.295052715292	2.588229324049329	2.6763092942681372
2010	04	25	0.0043248996294	1.9342143873271864	2.958747305710849
2010	04	26	0.00137608151713	1.5306732561582055	3.056774198141328
2010	04	27	0.0006821327438900001	1.3497755077031446	3.101289292596295
2010	04	28	0.0	1.154962547828464	2.4248295618508444
2010	04	29	0.00058731480049	1.0575560678911236	2.6723468054605166
2010	04	30	0.0007022467638200001	1.0158104336322635	2.641438216955646
2010	05	01	0.00148119299916	0.9323191651145433	2.771026448376955
2010	05	02	0.00137380482369	0.8627431080164429	2.788020741988811
2010	05	03	0.0013642651676600002	0.7653366280791027	2.7107238034596755
2010	05	04	0.0	0.7235909938202425	2.3444513721525597
2010	05	05	0.0	0.6818453595613824	2.6852368838973244
2010	05	06	0.0	0.6818453595613824	2.373775722381223
2010	05	07	1.9636977106e-06	0.6679301481417623	2.7653785613445887
2010	05	08	2.3285160662	0.6122693024632822	2.1643840887311976
2010	05	09	0.8596785786200001	0.6818453595613824	1.8350184455877019
2010	05	10	8.6269082779	0.6818453595613824	2.0011076500931955
2010	05	11	0.25054047746	0.7235909938202425	2.3337519995801412
2010	05	12	2.8428456675000002	0.6818453595613824	2.110497837536367
2010	05	13	2.99854339226	0.6679301481417623	2.12172096638788
2010	05	14	0.247468501901	0.5983540910436621	2.4231672276861564
2010	05	15	1.4387891836900002e-06	0.570523668204422	2.5879248313687406
2010	05	16	0.0006869030120699999	0.5287780339455618	3.1646154264846293
2010	05	17	0.000682132791908	0.5287780339455618	3.424113207936089
2010	05	18	0.00137212411366	0.45920197684746156	3.845447341930519
2010	05	19	0.0	0.45920197684746156	4.269154513089773
2010	05	20	0.0006869030120699999	0.43137155400822147	3.8192473218183745
2010	05	21	0.000682132791908	0.4035411311689814	3.4268182919269643
2010	05	22	0.00275489389795	0.36179549691012125	2.438791545393589
2010	05	23	0.0366027864996	0.33396507407088116	2.226998338030562
2010	05	24	0.07145504959900001	0.3061346512316411	2.1989405288212316
2010	05	25	0.28748304573	0.278304228392401	2.502459134011803
2010	05	26	0.00080936507813	0.2087281712943007	3.2112789382409024
2010	05	27	0.0009606450668600002	0.12523690277658042	2.8386350958168496
2010	05	28	0.008907497459400001	0.041745634258860145	3.008066347686713
2010	05	29	0.00103989365394	0.0	3.6016360824127354
2010	05	30	0.0	0.0	3.866871763594848
2010	05	31	0.0	0.0	4.2294565739258845
2010	06	01	0.0006821327438900001	0.0	4.094919806800933
2010	06	02	0.0006869030120699999	0.0	4.037191721932303
2010	06	03	0.0006869030120699999	0.0	4.140493252574575
2010	06	04	0.0030884149214500003	0.0	4.240194066881091
2010	06	05	0.0006869030120699999	0.0	3.8234219988243443
2010	06	06	0.0013642651676600002	0.0	4.057168319969308
2010	06	07	0.0	0.0	3.9931941278282093
2010	06	08	1.50165931115	0.0	2.9426973382008526
2010	06	09	5.5636447847	0.0	2.4027413569967377
2010	06	10	0.33133887750200003	0.0	2.240752055967353
2010	06	11	0.8583912960700001	0.0	2.680797350336246
2010	06	12	0.405769442501	0.0	2.6014624141217433
2010	06	13	0.21231959000000003	0.0	3.1170998559324046
2010	06	14	0.028785851447800003	0.0	3.535153379112471
2010	06	15	0.0	0.0	3.7487217941592355
2010	06	16	0.0	0.0	3.5210577775783936
2010	06	17	0.0017220272781600001	0.0	3.4410127820472183
2010	06	18	4.5773902779e-08	0.0	3.4144017818437193
2010	06	19	0.00117782896029	0.0	3.636054606779864
2010	06	20	0.0006821327438900001	0.0	3.5376128848556228
2010	06	21	0.0010231982755200002	0.0	3.3660042519885294
2010	06	22	0.0006821327438900001	0.0	3.857588220293239
2010	06	23	0.00171725596959	0.0	3.7478764352260097
2010	06	24	0.0013719537297899999	0.0	3.3327673789715178
2010	06	25	0.096300411117	0.0	2.472757365266506
2010	06	26	0.00067947326696	0.0	3.4042865207383066
2010	06	27	0.043154464858	0.0	3.1915654451697524
2010	06	28	0.0064626265765	0.0	3.8118513674031584
2010	06	29	0.0	0.0	3.7086050769340213
2010	06	30	0.0006821327438900001	0.0	3.789778870736827
2010	07	01	0.0013844781046699998	0.0	3.9900178644263127
2010	07	02	0.000684517821959	0.0	3.7898543223553283
2010	07	03	0.0200058681883	0.0	3.9001351179932806
2010	07	04	0.0006916731602049999	0.0	4.686162051048839
2010	07	05	0.0006972423278599999	0.0	4.091873564715863
2010	07	06	0.0006821327438900001	0.0	3.8855761087835656
2010	07	07	0.0006994491871220001	0.0	3.3571996451610873
2010	07	08	0.0021362688805300002	0.0	3.7035589018205455
2010	07	09	0.0	0.0	4.6757356687704625
2010	07	10	0.0027490390632099997	0.0	4.802252048735571
2010	07	11	0.0	0.0	4.145067486271781
2010	07	12	0.000352991818311	0.0	4.4433946260386525
2010	07	13	0.000681337133648	0.0	4.111089704879461
2010	07	14	0.00035299176229	0.0	4.07053549371694
2010	07	15	0.00034822157414	0.0	4.302951993762911
2010	07	16	0.00206547858412	0.0	4.5384986933107765
2010	07	17	0.0	0.0	4.637341306126754
2010	07	18	0.0013708015378800001	0.0	3.9201658985582806
2010	07	19	0.00067712470658	0.0	4.645766225566877
2010	07	20	0.00139167824371	0.0	4.298214140394542
2010	07	21	0.0007626883009000001	0.0	3.961946615930865
2010	07	22	0.00172731662092	0.0	3.839581076816974
2010	07	23	0.00035097890375100003	0.0	4.347666965089554
2010	07	24	0.00035299176229	0.0	4.369225193583943
2010	07	25	0.0010252189529900001	0.0	4.0072027568795
2010	07	26	0.00034822157414	0.0	3.61873579670959
2010	07	27	0.04942187985760001	0.0	3.2926838414931843
2010	07	28	0.0	0.0	3.927116140616468
2010	07	29	0.0014794249764	0.0	4.385272203278842
2010	07	30	0.00068144888754	0.0	4.4109302498709395
2010	07	31	0.0006869030120699999	0.0	3.7383488576602315
2010	08	01	0.0	0.0	4.036728542169508
2010	08	02	0.00035299176229	0.0	4.345919078945838
2010	08	03	0.00138535963512	0.0	4.198775694120991
2010	08	04	0.0006869030120699999	0.0	3.554632239434735
2010	08	05	0.00034822157414	0.0	3.8654865703961487
2010	08	06	0.00207671823741	0.0	3.5597736296078724
2010	08	07	0.010972825267	0.0	3.5648488737649666
2010	08	08	0.0360476928175	0.0	3.2922700194090186
2010	08	09	0.0210256704708	0.0	4.288527318655449
2010	08	10	0.0017186442500000002	0.0	4.872524908364236
2010	08	11	0.00034822161415500003	0.0	4.330847612664992
2010	08	12	0.0006869030120699999	0.0	4.068266859861986
2010	08	13	0.0	0.0	4.111493760795565
2010	08	14	0.006550705993900001	0.0	3.0049628357805274
2010	08	15	0.00214636162389	0.0	2.7045745762531186
2010	08	16	6.7199502367e-05	0.0	2.7469360605238053
2010	08	17	0.0399222348261	0.0	2.87121245505454
2010	08	18	0.0062887982153	0.0	3.4868527614935942
2010	08	19	0.00034822157414	0.0	3.3925533743365976
2010	08	20	0.0010332953405	0.0	3.8882615355967256
2010	08	21	0.00136589345804	0.0	3.2160187464775474
2010	08	22	0.0013638736609000001	0.0	3.554652468070705
2010	08	23	0.0013690356759300001	0.0	3.689969338275739
2010	08	24	0.0	0.0	3.8584819483889614
2010	08	25	0.0	0.0	3.950883565051298
2010	08	26	0.0024080413169900003	0.0	3.9591507110966497
2010	08	27	0.0	0.0	4.074015765234283
2010	08	28	0.0	0.0	3.974112696409611
2010	08	29	0.0006869030120699999	0.0	3.028786645854555
2010	08	30	0.000691673064169	0.0	3.7453689112932382
2010	08	31	0.0	0.0	2.4736184916874793
2010	09	01	1.37950640098	0.0	2.4500371647292987
2010	09	02	0.0	0.0	3.4120774338834527
2010	09	03	0.0	0.0	3.02173557352405
2010	09	04	0.0010208138617	0.0	3.4252257464543594
2010	09	05	0.00102081378167	0.0	3.436243085895196
2010	09	06	0.0	0.0	3.2198660867782336
2010	09	07	0.00492817105138	0.0	2.5288476891262226
2010	09	08	0.00034822157414	0.0	2.6743989081247914
2010	09	09	0.0006869030120699999	0.0	3.203007808122008
2010	09	10	0.0017220271181000004	0.0	3.2611703522781044
2010	09	11	0.0	0.0	3.1043992292081044
2010	09	12	0.119881946878	0.0	2.485196701939636
2010	09	13	0.0019006171042400002	0.0	2.680347051275896
2010	09	14	0.0	0.0	3.3374322190419705
2010	09	15	0.08726742501700001	0.0	2.461275268670602
2010	09	16	0.397890777109	0.0	2.0517025286701966
2010	09	17	0.69152154337	0.0	2.385156213181415
2010	09	18	0.00253532751142	0.0	2.37045027528262
2010	09	19	0.00011189402453	0.0	2.437222756191762
2010	09	20	0.079353250314	0.0	1.8819675862595986
2010	09	21	9.091496833300001e-05	0.0	2.293540831945623
2010	09	22	0.0226313275665	0.0	2.1846635658515745
2010	09	23	2.52745079876	0.0	1.2805745319549222
2010	09	24	0.0043523923353	0.0	2.3558697352200246
2010	09	25	0.0080348167268	0.0	2.3330672118071005
2010	09	26	0.0	0.0	2.389543717749096
2010	09	27	0.000352991818311	0.0	2.2957853904820866
2010	09	28	0.00103512458621	0.0	2.2805031476741617
2010	09	29	0.00034822157414	0.0	2.5251887246871982
2010	09	30	0.0006869030120699999	0.0	2.4016212560054933
2010	10	01	0.00034822157414	0.0	2.4282854259857727
2010	10	02	0.00241370039835	0.0	2.2842390352720305
2010	10	03	1.22023877801	0.0	1.5206570283452534
2010	10	04	0.00103629582526	0.0	1.8003418768108708
2010	10	05	0.00206577341464	0.0	1.9391664776040274
2010	10	06	0.00137540886498	0.0	2.088049926835371
2010	10	07	0.8318294191	0.0	1.5372805176743902
2010	10	08	18.8950926036	0.0	1.0627387321595476
2010	10	09	9.6190121774	0.0	1.0706227851100112
2010	10	10	5.685043572180001	0.0	1.4131242142612024
2010	10	11	0.016108951392299998	0.0	1.732253994437169
2010	10	12	0.0158104554983	0.0	1.6940003249589812
2010	10	13	0.0039048058332800005	0.0	1.4520633764993727
2010	10	14	0.00136540975672	0.0	1.6905827699025842
2010	10	15	0.042265941386599996	0.0	1.5638911168221898
2010	10	16	0.0030960261746000002	0.0	1.568981220592751
2010	10	17	0.0020566656004900002	0.0	1.703030041363571
2010	10	18	0.00034822157414	0.0	1.61159825735835
2010	10	19	0.00171856758126	0.0	1.6124292708462242
2010	10	20	0.0006821327438900001	0.0	1.7511765424674808
2010	10	21	0.0	0.0	1.5405624578817627
2010	10	22	0.10021561876950001	0.0	1.2637188093270089
2010	10	23	0.090472690541	0.0	1.5223949224751323
2010	10	24	0.0	0.0	1.6349189831532562
2010	10	25	0.026786481165	0.0	1.464945776156736
2010	10	26	0.00034106641195999997	0.0	1.4480269132426078
2010	10	27	0.0010208138617	0.0	1.589179395507725
2010	10	28	6.294055386000001e-05	0.0	1.45738776829802
2010	10	29	2.2652475494	0.0	1.2505348128687137
2010	10	30	3.15996150136	0.0	1.0882714932590805
2010	10	31	0.43638934466000007	0.0	0.9246188475410623
2010	11	01	0.00034822157414	0.0	1.23908532274792
2010	11	02	0.0006821327438900001	0.0	1.4125979949660081
2010	11	03	0.00069155331528	0.0	1.550384674272528
2010	11	04	0.0006821327438900001	0.0	1.4229127029913364
2010	11	05	0.00171725676989	0.0	1.321854316277856
2010	11	06	0.00136951025383	0.0	1.3763118632445759
2010	11	07	0.01236325568295	0.0	1.1974734908919684
2010	11	08	0.399140685649	0.0	1.052769277810951
2010	11	09	0.50933100753	0.0	0.7871515897416254
2010	11	10	0.293651582064	0.0	1.0381974596194394
2010	11	11	0.0	0.0	1.1902635989146666
2010	11	12	0.0	0.0	1.1252954385727234
2010	11	13	0.0041854489550000006	0.0	1.1347228202904247
2010	11	14	11.253980260599999	0.0	0.9169408435196534
2010	11	15	0.002472462826	0.0	0.9393863195708743
2010	11	16	0.00206049207488	0.0	0.9231213241362571
2010	11	17	6.479478093450001	0.0	0.9251434153814071
2010	11	18	0.00034106641195999997	0.0	0.9606614968259016
2010	11	19	0.33118054615	0.0	0.8883388344468045
2010	11	20	1.2649597821	0.0	0.8278837321522183
2010	11	21	0.044120202874	0.0	0.8581110430303803
2010	11	22	1.01087485597	0.0	0.7992891675663044
2010	11	23	9.1446695656	0.0	0.7755243408639028
2010	11	24	0.8481406535199999	0.0	0.791033409905026
2010	11	25	0.076185478845	0.0	0.7894329546728663
2010	11	26	5.1277757951	0.0	0.6081909127301914
2010	11	27	8.9925453404	0.0	0.6348074458755169
2010	11	28	0.5113316775	0.0	0.7926175054521999
2010	11	29	7.1839529725	0.0	0.500929448178369
2010	11	30	0.87514341576	0.0	0.6168939851147272
2010	12	01	1.7435522269900003	0.0	0.6688983080962998
2010	12	02	0.0125491785779	0.0	0.6598905027003459
2010	12	03	0.00564374809218	0.0	0.610036168308688
2010	12	04	0.75077255417	0.0	0.8168638461907517
2010	12	05	20.4826108998	0.0	0.6197781053799856
2010	12	06	6.9796307804	0.0	0.5915902359193288
2010	12	10	0.0367073176841	3.228329049351851	0.7246155882288254
2010	12	11	0.0013637236046499998	2.226433827139208	0.6456310010541816
2010	12	12	0.286118022038	1.781147061711366	0.7427490852066971
2010	12	13	0.26004339971999996	1.5028428333189652	0.8175901102941469
2010	12	14	0.00242569353409	1.3358602962835247	0.8006710633225472
2010	12	15	0.0017164066111999999	1.2384538163461842	0.679827358219628
2010	12	16	0.000352991818311	1.141047336408844	0.5612330264712039
2010	12	17	1.34467830534	1.0575560678911236	0.6728821142981348
2010	12	24	1.26773170118	3.7849375061366537	0.6140935193295166
2010	12	25	4.313489752300001	2.89436397528097	0.3709273209871926
2010	12	26	0.0006869029080310001	2.4212467870138883	0.6601280893385744
2010	12	27	0.0183631996185	1.9620448101664267	0.8189617153205283
2010	12	28	0.084672244189	1.711571004613266	0.6866161182239033
2010	12	29	1.81927061074	1.5585036789974456	0.6666823035022628
2011	01	02	0.00165507466034	4.063241734529054	0.6950388277701892
2011	01	03	0.026778606213	2.7552118610847693	0.7049812588374781
2011	01	04	0.042771932662199995	2.1290273472018675	0.6820272037389667
2011	01	05	0.27710993327100003	1.7950622731309862	0.8483067975096271
2011	01	06	1.6232553725799999	1.711571004613266	0.5084022597415263
2011	01	07	6.26164291588	2.240349038558828	0.5977150178389439
2011	01	08	7.2572068324000005	3.1309225694145106	0.5831737527350408
2011	01	09	0.152093669746	5.176458648098658	0.7023151950565716
2011	01	10	0.001714218591	3.6736158147796925	0.8810369096867281
2011	01	11	0.583977845601	2.616059746888569	0.7680410234744747
2011	01	12	0.0013910305609199998	2.059451290103767	0.8582895122685252
2011	01	13	0.0056786390914000005	1.753316638872126	0.8538330278396108
2011	01	14	0.0075313952145	1.5445884675778256	0.8744609962367568
2011	01	15	0.0053117599633	1.3776059305423847	0.8156769578054277
2011	01	16	0.0079824947134	1.2941146620246644	0.8661856452559361
2011	01	17	0.00103035415797	1.182792970667704	1.0236498677802828
2011	01	18	0.00034106641195999997	1.1271321249892239	0.8491811268567967
2011	01	19	0.19523597004400003	1.0993017021499838	0.7763738206140383
2011	01	20	0.0144192355864	1.0853864907303636	0.8221444602649935
2011	01	21	0.0009039006756900001	1.0436408564715036	0.7944570555377484
2011	01	22	2.53897127732	0.9740647993734033	0.5139407741519705
2011	01	23	6.030283708700001	0.9601495879537832	0.4484973433768597
2011	01	24	7.198051057300001	0.9601495879537832	0.5419523428702222
2011	01	25	0.291242086842	0.9601495879537832	0.5770392459385385
2011	01	26	5.51055472339	0.9601495879537832	0.45854080093524907
2011	01	27	1.3949590735600002	0.9323191651145433	0.8883794952161841
2011	01	28	1.54910845791	0.8627431080164429	0.7566543350027899
2011	02	02	0.000685914049348	0.6957605709810024	1.0307270331278915
2011	02	03	0.00034822157414	0.6818453595613824	1.1422480545153733
2011	02	04	0.00170788773782	0.6679301481417623	1.116550631411171
2011	02	05	0.0006869030120699999	0.6122693024632822	1.1747015193330321
2011	02	06	0.0	0.5983540910436621	1.2162833753343258
2011	02	07	0.0017220271181000004	0.5983540910436621	1.0400244069550604
2011	02	08	0.115387221988	0.5983540910436621	1.0282540445762733
2011	02	09	0.323382550998	0.5983540910436621	0.9020030491912527
2011	02	10	0.0094373048627	0.5983540910436621	1.0422058838112664
2011	02	11	0.0085638942565	0.5983540910436621	1.0437808636636619
2011	02	12	0.00230142214979	0.5983540910436621	1.2601319262176491
2011	02	13	3.7403092902	0.6122693024632822	1.1220646473445601
2011	02	14	2.26620910985	0.6400997253025222	0.9811706034763196
2011	02	15	15.4222779863	1.0297256450518835	0.8504821000645841
