1980	02	01	0.00128252809669	0.18800688720679226	1.209948926118556
1980	02	02	0.00485044362868	0.18800688720679226	1.511599020771926
1980	02	03	0.35785737252	0.18800688720679226	1.2565479485739008
1980	02	04	0.0065875829803	0.18342135337248025	1.3815096511948373
1980	02	05	0.0120152696953	0.15590815036660824	1.357451475420089
1980	02	06	0.6332248332499999	0.1513226165322962	1.2805619149070593
1980	02	07	0.14637218194	0.15590815036660824	1.266507062930994
1980	02	08	0.429784542811	0.15590815036660824	1.239650013420337
1980	02	09	15.8222131977	0.2980596992302804	1.1862150149719808
1980	02	10	0.024509639773699996	0.20176348870972827	1.4218379208913456
1980	02	11	0.0027177692093399994	0.17425028570385623	1.7170625894210658
1980	02	12	0.0009038235442510001	0.16966475186954422	1.6142360520695065
1980	02	13	0.0018139452741099999	0.1421515488636722	1.8463984822255441
1980	02	14	0.154281074224	0.11463834585780015	1.7568451107124976
1980	02	15	17.650592676800002	0.39894144358514455	1.1567529766901719
1980	02	16	0.80003169113	1.504055097654338	1.6391126012235835
1980	02	17	0.0265222961091	0.921692300696713	1.838215720842949
1980	02	18	10.635547072300001	0.6098759999634968	1.5365784830111981
1980	02	19	13.6860740704	0.46772445109982463	1.2242707233135637
1980	02	20	0.317630938054	0.5502640601174408	1.383200858113526
1980	02	21	5.198523356099999	0.5686061954546888	1.353674743044734
1980	02	22	1.4442153487399998	0.47689551876844866	1.4476989775408624
1980	02	23	0.64732469836	0.4447967819282646	1.8209571716460293
1980	02	24	0.040836858355000005	0.33474396990477645	1.9730756241041234
1980	02	25	0.08017488708980001	0.27054649622440835	1.2219070086169483
1980	02	26	0.0024209472515	0.2246911578812883	1.5263856005116812
1980	02	27	0.80560219085	0.20634902254404028	1.3219496270020523
1980	02	28	0.207604628902	0.19259242104110427	1.700793417054262
1980	02	29	2.79397513757	0.23386222554991232	1.0488097216611496
1980	03	01	1.2213347053599999	0.25220436088716036	1.877932389933538
1980	03	02	5.8458662297	0.20634902254404028	1.9421474057537365
1980	03	03	0.208925165758	0.19717795487541626	1.8965615068533783
1980	03	04	2.6968349256399997	0.17883581953816824	1.5025328482188103
1980	03	05	0.25830219954399997	0.1467370826979842	1.5142923604942256
1980	03	06	2.0948179305	0.1467370826979842	1.6191447374755177
1980	03	07	1.08230415801	0.15590815036660824	1.3102082084597584
1980	03	08	0.36237744903799995	0.16966475186954422	1.49549695280669
1980	03	09	0.00272359627582	0.18800688720679226	2.4720053443688066
1980	03	10	0.0014129489694500001	0.17425028570385623	2.365586228076067
1980	03	11	0.0	0.1375660150293602	2.5150985780179695
1980	03	12	0.0	0.11463834585780015	2.730951260503657
1980	03	13	0.13269280946099998	0.09171067668624013	1.2834938079487785
1980	03	14	0.393760255534	0.09171067668624013	1.3316166381048868
1980	03	15	1.89788011748	0.07795407518330412	2.0953794968337682
1980	03	16	0.00045033722043999995	0.0733685413489921	2.4149035053010914
1980	03	17	0.95056568602	0.09629621052055214	2.1983071032653605
1980	03	18	1.5398254590699998	0.08253960901761612	1.842872957635771
1980	03	19	5.607989322600001	0.0733685413489921	1.7743695031638367
1980	03	20	6.6358023147	0.09171067668624013	1.7365659326818423
1980	03	21	8.946765060099999	0.16507921803523223	1.4996937595220434
1980	03	22	4.442822871720001	0.11005281202348816	1.66132995178859
1980	03	23	4.6621012248	0.09629621052055214	2.2030132934996436
1980	03	24	7.2484413639100005	0.08712514285192811	2.3925590333933013
1980	03	25	4.06208709884	0.1604936842009202	2.1890681640064926
1980	03	26	2.32891724077	0.2751320300587204	1.896769674072342
1980	03	27	7.9815583728999995	0.33015843607046447	1.9569575619402102
1980	03	28	3.22163864044	0.38977037591652053	2.082045987169192
1980	03	29	1.06344977692	0.33474396990477645	1.6723321783893352
1980	03	30	0.0447790615708	0.30723076689890444	2.9245778927497494
1980	03	31	0.00340912289825	0.26596096239009637	3.6776201988196693
1980	04	01	0.083254254601	0.2109345563783523	2.783323795055312
1980	04	02	0.0012809388198900002	0.18800688720679226	2.928580656961127
1980	04	03	0.92085889026	0.18342135337248025	3.952873488009025
1980	04	04	0.0	0.1467370826979842	3.3044537567194134
1980	04	05	0.0018064022324999999	0.10546727818917614	3.8097219453875697
1980	04	06	0.000459784805295	0.09171067668624013	3.2008744685811426
1980	04	07	0.000913271308745	0.09629621052055214	3.362847317881113
1980	04	08	0.00046608328677899996	0.08253960901761612	3.4708719814905935
1980	04	09	0.00090697279556	0.09171067668624013	3.5887061791607864
1980	04	10	0.0018265407154300002	0.08712514285192811	3.3068411984376134
1980	04	11	0.18223199386199998	0.09171067668624013	3.235754771267478
1980	04	12	3.96452145949	0.0733685413489921	2.2684219902563383
1980	04	13	39.9335351899	0.3622571729106485	1.4609030165362378
1980	04	14	13.3938109277	1.7195751878670023	1.7134454811702668
1980	04	15	2.2913370789800003	1.1096991879035054	2.1182687308727193
1980	04	16	0.0022642104276099995	0.6603168721409289	2.749041405985909
1980	04	17	0.87551832367	0.49065212027138466	3.2840973021708755
1980	04	18	0.22562096235600002	0.3576716390763365	3.4589766931068655
1980	04	19	0.00216566554437	0.2797175638930324	3.7335089844848635
1980	04	20	0.00078946194371	0.24303329321853634	3.6237881289690885
1980	04	21	0.000493145468882	0.2292766917156003	4.040000847635998
1980	04	22	0.0	0.19717795487541626	3.688274365168535
1980	04	23	0.000913271308745	0.18800688720679226	4.071883303022002
1980	04	24	0.000459784773594	0.16507921803523223	3.8988590421198217
1980	04	25	0.0	0.1467370826979842	4.007983427930591
1980	04	26	2.7747959269	0.1421515488636722	3.5824538062566593
1980	04	27	0.066864731931	0.1421515488636722	3.07436587917813
1980	04	28	1.13987930287	0.17883581953816824	3.0028099525603245
1980	04	29	1.08801678388	0.2201056240469763	2.358462283007636
1980	04	30	0.60046100439	0.17425028570385623	3.44218910903298
1980	05	01	0.6257925338	0.1513226165322962	2.4008958844509594
1980	05	02	10.9252889288	0.1513226165322962	2.973586975181392
1980	05	03	2.98600848888	0.19717795487541626	3.05817200312865
1980	05	04	0.95983315636	0.16507921803523223	2.545285850061941
1980	05	05	21.3450198199	0.6786590074781769	2.378551509335768
1980	05	06	0.9421953539800001	1.1968243307554336	2.713121463695723
1980	05	07	7.7265576423	0.48148105260276064	2.905256965034302
1980	05	08	1.10516575684	0.32557290223615243	3.098144141888549
1980	05	09	0.132008057294	0.26137542855578433	3.8902803881264054
1980	05	10	3.7955924309999998	0.25220436088716036	3.8707510117120494
1980	05	11	37.126150635	0.33932950373908843	2.732072126120314
1980	05	12	11.2517268062	0.9262778345310253	2.3409772593032465
1980	05	13	0.387343497619	0.46772445109982463	2.6106651453220615
1980	05	14	0.0321335368976	0.26596096239009637	3.4215863078667073
1980	05	15	0.014117099887	0.17425028570385623	3.3158898580616203
1980	05	16	0.0042432876901	0.1375660150293602	3.264500987802415
1980	05	17	0.0084767766011	0.10546727818917614	3.1523375754819876
1980	05	18	0.16410138886999998	0.09171067668624013	3.0741867956330227
1980	05	19	0.008071623344309999	0.08712514285192811	4.027720120135682
1980	05	20	0.0	0.08712514285192811	4.234381244078719
1980	05	21	0.000450826525375	0.0687830075146801	3.253895899109994
1980	05	22	0.0	0.05961193984605608	3.8033336195345027
1980	05	23	0.0009006744408799999	0.04585533834312006	4.760885055539313
1980	05	24	0.00045978475246	0.04126980450880806	4.114683827743154
1980	05	25	0.0392401656344	0.03209873684018405	3.6794332976625097
1980	05	26	0.148285633166	0.04126980450880806	2.72350801372077
1980	05	27	1.5500937299800002	0.03668427067449605	2.566406092330098
1980	05	28	0.00323212966371	0.03209873684018405	3.1979046748270816
1980	05	29	0.49936020689099997	0.02751320300587204	3.031143842823012
1980	05	30	2.3173046361200003	0.12380941352642418	3.077688840102965
1980	05	31	0.6446380808780001	0.17883581953816824	3.7549356204284727
1980	06	01	0.00169497448554	0.1513226165322962	4.534460010251535
1980	06	02	0.00272721653002	0.2109345563783523	6.5730241451809714
1980	06	03	0.00090067454655	0.19717795487541626	5.8184549648584625
1980	06	04	0.0	0.17425028570385623	5.3984272207029695
1980	06	05	0.11274875933100001	0.1513226165322962	3.8277230208751196
1980	06	06	0.0014098280059999999	0.17883581953816824	3.803525826755229
1980	06	07	0.00181126770198	0.15590815036660824	3.948090258980546
1980	06	08	0.27082794093199997	0.1513226165322962	3.520547390532191
1980	06	09	2.80661760204	0.2246911578812883	2.9940643505160667
1980	06	10	0.8744774741700001	0.23386222554991232	3.3824979174804066
1980	06	11	3.4412534468	0.2109345563783523	3.1617185024966297
1980	06	12	3.9855171374599996	0.25220436088716036	3.3419674860868036
1980	06	13	7.23250886399	0.26596096239009637	3.5782191528424643
1980	06	14	3.2907476658	0.24303329321853634	3.437228456116086
1980	06	15	0.179883890225	0.2246911578812883	3.929742159225647
1980	06	16	1.1630694297300002	0.25220436088716036	4.0935678389884735
1980	06	17	0.104448010986	0.2292766917156003	3.8764864248712945
1980	06	18	0.0025872200532	0.20634902254404028	3.840471747611197
1980	06	19	0.0138305186202	0.16966475186954422	3.8644339229980753
1980	06	20	0.00172508959018	0.16966475186954422	4.061250220027674
1980	06	21	0.010210236946000002	0.1604936842009202	4.146901699943571
1980	06	22	0.40327624058	0.16966475186954422	3.3842165585905923
1980	06	23	0.06970952683600001	0.20176348870972827	3.578558294735958
1980	06	24	0.17944995637	0.16507921803523223	4.342386068357849
1980	06	25	0.65113864567	0.18800688720679226	3.4360361620592648
1980	06	26	0.027917980185600003	0.1513226165322962	3.9157877138008947
1980	06	27	0.00135415988763	0.13298048119504818	4.985071450729885
1980	06	28	0.00045978475246	0.13298048119504818	5.047373947221653
1980	06	29	0.00221518926925	0.11463834585780015	4.336447747759719
1980	06	30	0.000838686263212	0.1421515488636722	4.612134559743513
1980	07	01	0.00135586286535	0.11922387969211216	4.58083653123851
1980	07	02	0.0022572133828899998	0.09629621052055214	4.750896641004581
1980	07	03	0.000906972943498	0.0687830075146801	4.947874155586787
1980	07	04	0.0142855093361	0.02292766917156003	4.189953210845076
1980	07	05	0.24402660522399997	0.03209873684018405	3.504597999993616
1980	07	06	0.33916001705	0.04585533834312006	3.9447547594665937
1980	07	07	0.56161322528	0.05044087217743207	4.0220922849529535
1980	07	08	0.10449432614700001	0.04585533834312006	3.4108592735957832
1980	07	09	0.093007711838	0.03209873684018405	3.310683853813716
1980	07	10	0.00090067454655	0.03209873684018405	4.59965274328536
1980	07	11	0.00045978475246	0.03209873684018405	5.641597034516074
1980	07	12	0.0009093014136490001	0.018342135337248024	5.573169211395739
1980	07	13	0.000894376043932	0.03209873684018405	6.066228400945593
1980	07	14	0.00135730948765	0.03668427067449605	4.4650222335233645
1980	07	15	1.45218318375	0.018342135337248024	4.251926329361375
1980	07	16	0.052654420537	0.02292766917156003	4.325998471478613
1980	07	17	0.0031691617560699998	0.009171067668624012	6.0440956914433315
1980	07	18	0.00044718799026500003	0.004585533834312006	6.37664203468417
1980	07	19	0.0013375676899000002	0.01375660150293602	5.346998167215471
1980	07	20	0.00157740942498	0.02751320300587204	4.720274544690778
1980	07	21	0.00219267099225	0.03209873684018405	5.404856793145978
1980	07	22	0.00272165184215	0.018342135337248024	5.959457589470456
1980	07	23	0.0123641212364	0.01375660150293602	4.963370621800974
1980	07	24	0.00374044716779	0.02292766917156003	4.546536571295247
1980	07	25	1.47047466075	0.02292766917156003	4.035314805771254
1980	07	26	0.31370633312	0.02292766917156003	3.5785247743171604
1980	07	27	0.0003631412952	0.03209873684018405	4.593678240310089
1980	07	28	4.1483463652	0.03209873684018405	4.027114078241163
1980	07	29	0.472513528186	0.02292766917156003	3.4351947410012063
1980	07	30	0.00180134856475	0.02292766917156003	4.627330141815287
1980	07	31	0.0070319971859	0.018342135337248024	3.817955863775955
1980	08	01	0.0012377847769400002	0.018342135337248024	4.364189597068502
1980	08	02	0.0027994910059	0.004585533834312006	4.883202608081251
1980	08	03	0.199707043308	0.009171067668624012	4.301800540251069
1980	08	04	0.00273293877186	0.01375660150293602	4.969527881343086
1980	08	05	0.0014759279724399998	0.004585533834312006	4.782834239130509
1980	08	06	0.011307709715499999	0.009171067668624012	4.4850819050584105
1980	08	07	0.125316493977	0.01375660150293602	4.260129977827442
1980	08	08	0.00105952762353	0.02292766917156003	3.9188967454087003
1980	08	09	0.0014004028760199998	0.009171067668624012	3.904773302710253
1980	08	10	0.0017178605998100002	0.01375660150293602	4.913661991473824
1980	08	11	0.0283239611555	0.01375660150293602	4.0298577451122
1980	08	12	0.0261288708486	0.02292766917156003	4.132545264482891
1980	08	13	0.0052878451504	0.02292766917156003	4.371478091079174
1980	08	14	4.5015092423	0.03209873684018405	3.3617567587216377
1980	08	15	0.29583375313399995	0.05502640601174408	3.4279986906396194
1980	08	16	0.0	0.04585533834312006	4.193610134377616
1980	08	17	0.009543237339	0.03668427067449605	4.729462804078042
1980	08	18	0.062054367242599995	0.03668427067449605	3.4245941822206536
1980	08	19	1.65138465951	0.02751320300587204	4.591403081058434
1980	08	20	0.0009822680597300001	0.02292766917156003	5.179510290264648
1980	08	21	0.00136360826501	0.02292766917156003	5.445444857783844
1980	08	22	0.7969457361510001	0.004585533834312006	4.991004341892182
1980	08	23	0.175474957413	0.02292766917156003	4.3078760439773065
1980	08	24	0.0214219475799	0.02292766917156003	3.802685174449729
1980	08	25	1.01300503232	0.018342135337248024	3.907466768675525
1980	08	26	15.9599170582	0.07795407518330412	2.4400621925428023
1980	08	27	0.55861505037	0.0687830075146801	3.3725763134849367
1980	08	28	0.0160034869126	0.04585533834312006	3.8938100937402056
1980	08	29	0.000466339103282	0.05502640601174408	4.42317570752559
1980	08	30	0.017638140524	0.04585533834312006	3.7917681224374284
1980	08	31	0.0066709978215999995	0.03668427067449605	3.6450256000469445
1980	09	01	0.0	0.03668427067449605	4.720935247088791
1980	09	02	0.0083636621496	0.03209873684018405	3.8191805876154885
1980	09	03	0.0253221871253	0.03668427067449605	3.4436424204249874
1980	09	04	0.016896119443799998	0.03209873684018405	3.2826464674435516
1980	09	05	0.000330812002514	0.04126980450880806	3.62581119871282
1980	09	06	0.00046608331847999997	0.04585533834312006	4.018009481107086
1980	09	07	0.0145590308476	0.04585533834312006	3.463879288802545
1980	09	08	0.0559271007462	0.04126980450880806	2.63914209696527
1980	09	09	0.0009132712559099999	0.04126980450880806	3.9714662673811563
1980	09	10	0.00091705624964	0.03668427067449605	4.543711750960289
1980	09	11	0.0027559644762000005	0.02292766917156003	4.337955015036367
1980	09	12	0.0226096974005	0.02751320300587204	2.99130559778209
1980	09	13	0.00138245176209	0.04585533834312006	3.7523153476973237
1980	09	14	0.0	0.04126980450880806	4.108322501753689
1980	09	15	0.225659753813	0.05502640601174408	4.309179924511422
1980	09	16	0.10054106350900001	0.03209873684018405	3.84137591509863
1980	09	17	0.0350406189841	0.03668427067449605	3.2684191055502225
1980	09	18	0.0110729204858	0.04126980450880806	2.797582822040408
1980	09	19	0.464961155915	0.05502640601174408	2.278011055230304
1980	09	20	6.227541725889999	0.05044087217743207	2.2331166102381474
1980	09	21	1.6082161397699999	0.04585533834312006	2.1709775643026537
1980	09	22	0.085296380186	0.05502640601174408	2.660684819548342
1980	09	23	0.0013591317668	0.04126980450880806	3.3475236185230544
1980	09	24	0.0043142429817	0.03668427067449605	3.34084661451029
1980	09	25	0.028630616552200002	0.04126980450880806	3.104610097293785
1980	09	26	0.0582771677318	0.04126980450880806	2.6773996704161687
1980	09	27	2.78601977162	0.04126980450880806	2.4106641885366433
1980	09	28	6.3346026601	0.0733685413489921	2.9650931039700503
1980	09	29	0.00534050621758	0.05502640601174408	3.4534905655867107
1980	09	30	2.1629402093999999e-07	0.05044087217743207	3.4892630565843175
1980	10	01	0.00136045887633	0.1375660150293602	3.493817272744586
1980	10	02	0.00182018635565	0.11922387969211216	3.8264288687796597
1980	10	03	0.39764022546	0.12380941352642418	3.348527250442252
1980	10	04	6.76225718102	0.1283949473607362	2.7994757256153444
1980	10	05	0.31708132725	0.1513226165322962	2.7585382564775025
1980	10	06	0.01671177654375	0.1283949473607362	2.4660992888282225
1980	10	07	0.31344657512599994	0.11922387969211216	2.0197011133045057
1980	10	08	1.50143766147	0.12380941352642418	1.6499328133105564
1980	10	09	0.497576835435	0.1283949473607362	1.6211555379087543
1980	10	10	0.985171712825	0.11463834585780015	2.231739507805179
1980	10	11	0.5931102187780001	0.1513226165322962	1.5780618067834657
1980	10	12	0.00045033722043999995	0.12380941352642418	1.8350086700285249
1980	10	13	0.6812149694199999	0.11922387969211216	1.7819605323163545
1980	10	14	1.05018311976	0.12380941352642418	1.7961955383545147
1980	10	15	19.776489211	0.33474396990477645	1.431700015281492
1980	10	16	6.41766931875	0.2843030977273444	1.4887172980528645
1980	10	17	4.31610203401	0.2201056240469763	1.1724237925158925
1980	10	18	0.0213507101494	0.19717795487541626	1.5460208801733173
1980	10	19	0.0009006744408799999	0.1421515488636722	2.30961610989318
1980	10	20	0.051433771418600005	0.13298048119504818	1.9473355954473268
1980	10	21	0.073167514184	0.1375660150293602	1.9202939891777207
1980	10	22	0.5642154969680001	0.13298048119504818	1.9674962115292847
1980	10	23	1.49253105418	0.1421515488636722	1.5921394070635642
1980	10	24	2.7163123370499997	0.19717795487541626	1.552190024585819
1980	10	25	0.00081359802841	0.17883581953816824	1.906861078581741
1980	10	26	0.00045978475246	0.17883581953816824	2.373509092602786
1980	10	27	0.0	0.17883581953816824	2.2746060650184075
1980	10	28	0.000908547553302	0.16507921803523223	2.124219818126963
1980	10	29	0.00046608328677899996	0.11922387969211216	2.5617397346699176
1980	10	30	0.20771587827799998	0.12380941352642418	2.0299412796938516
1980	10	31	0.0171003372858	0.12380941352642418	2.0598986843957925
1980	11	01	0.0124121397978	0.12380941352642418	1.8734992534504114
1980	11	02	14.4935513754	0.1375660150293602	1.1098541144541496
1980	11	03	12.336195825499999	1.0821859848976334	0.7815134068554677
1980	11	04	0.00141676006367	0.9583765713712094	1.470576952742025
1980	11	05	0.19802093052	0.3530861052420245	1.3100183399972471
1980	11	06	6.28128643892	0.26596096239009637	1.5576363014974839
1980	11	07	4.8883449216	0.3164018345675284	1.1196347913513434
1980	11	08	11.3213876403	0.23844775938422433	0.9767729875533205
1980	11	09	14.8443715486	0.18800688720679226	1.2877426451996872
1980	11	10	3.87170695468	0.20176348870972827	1.3753758299056986
1980	11	11	9.8474750061	0.3622571729106485	1.2750935892383939
1980	11	12	15.132032762800002	0.46772445109982463	1.1008750530161275
1980	11	13	0.00208309828214	0.48148105260276064	1.28553685583249
1980	11	14	0.00181391061435	0.34850057140771246	1.4896582428157872
1980	11	15	0.00184335207274	0.24761882705284835	1.41186054409438
1980	11	16	0.00607586723469	0.19259242104110427	1.3573221237609243
1980	11	17	6.21216230275	0.2246911578812883	1.2758355204732166
1980	11	18	1.81415883318	0.25220436088716036	1.1825808119096266
1980	11	19	0.00320741165432	0.2567898947214724	1.261780179002072
1980	11	20	4.4580465372799996	0.33474396990477645	1.206948029367919
1980	11	21	0.00634438516602	0.5640206616203768	1.0902079997172203
1980	11	22	0.0101915629436	0.4310401804253286	1.2778805474730883
1980	11	23	0.00090382361822	0.33015843607046447	1.3614033410132036
1980	11	24	0.0658409227752	0.2843030977273444	1.1104792114944608
1980	11	25	1.48029954034	0.24303329321853634	1.0499706603553014
1980	11	26	0.549088128479	0.24303329321853634	0.9227941328868324
1980	11	27	0.0	0.20634902254404028	0.9379905764407661
1980	11	28	0.0008943760861999999	0.18800688720679226	1.1736501679933895
1980	11	29	0.00090067454655	0.17883581953816824	1.178350311697598
1980	11	30	0.00316180828644	0.17425028570385623	1.0730193394845264
1980	12	01	0.00045978475246	0.1604936842009202	0.9660017206547882
1980	12	02	0.000459784773594	0.1604936842009202	0.848740272074688
1980	12	03	0.00719216596005	0.1604936842009202	1.0983402016257704
1980	12	04	0.00181615176938	0.1513226165322962	1.028554049174775
1980	12	05	0.0009038235442510001	0.1467370826979842	0.9804778921668643
1980	12	06	0.116636813012	0.1375660150293602	1.0610826400785023
1980	12	07	0.17511917709	0.13298048119504818	0.9818768526742839
1980	12	08	0.0022611335285500004	0.13298048119504818	0.9542640067034399
1980	12	09	0.00136675775936	0.13298048119504818	0.9277595871591395
1980	12	10	0.00182024415714	0.13298048119504818	1.014893265472098
1980	12	11	0.0008943760861999999	0.13298048119504818	1.046680830767597
1980	12	12	0.0	0.13298048119504818	1.0232183508931156
1980	12	13	0.0	0.13298048119504818	1.1867485850017225
1980	12	14	0.230451698107	0.1421515488636722	1.246215838945074
1980	12	15	5.26956371205	0.1604936842009202	0.8524303072566709
1980	12	16	0.025554084167099998	0.1513226165322962	0.8224652905934522
1980	12	17	0.38461227683	0.1467370826979842	0.8925751971676192
1980	12	18	0.264558634935	0.1467370826979842	0.6462696006287111
1980	12	19	4.368191743500001	0.16507921803523223	0.8161305684970678
1980	12	20	6.3717410156200005	0.4402112480939526	0.3663265724447161
1980	12	21	0.238621405085	1.1968243307554336	0.837592844023857
1980	12	22	0.0	0.701586676649737	1.014218244294931
1980	12	23	0.0009006744408799999	0.4585533834312006	1.275297313582644
1980	12	24	0.0	0.33474396990477645	1.232304340170256
1980	12	25	0.011470322108399999	0.27054649622440835	1.081481104312136
1980	12	26	2.7984195121e-05	0.23386222554991232	0.8406238770502225
1980	12	27	0.314630713146	0.20634902254404028	0.9851963344094682
1980	12	28	0.00045033726270800003	0.18800688720679226	0.7793611247617582
1980	12	29	0.0009032367904420001	0.17883581953816824	1.0318105417788828
1980	12	30	0.00090382372389	0.18342135337248025	1.0724219996427127
1980	12	31	0.0018202439458000002	0.17425028570385623	1.1840618772624025
1981	01	01	0.00180764723644	0.16507921803523223	0.9782550460177608
1981	01	02	0.0009195697162600001	0.1513226165322962	1.1562442880126065
1981	01	03	0.000913271308745	0.1467370826979842	1.0660662141143462
1981	01	04	0.0009054118805879999	0.1375660150293602	1.0498155734092287
1981	01	05	0.0048384312744199996	0.1375660150293602	1.013637246595509
1981	01	06	0.00045978475246	0.1375660150293602	1.2847610677447556
1981	01	07	0.0	0.12380941352642418	1.2942710818599013
1981	01	08	0.00135416105	0.11922387969211216	1.2931509988944685
1981	01	09	0.000906972943498	0.11922387969211216	1.283582717360766
1981	01	10	0.027554986828399998	0.11922387969211216	1.0249170358495316
1981	01	11	0.10718846733299998	0.11463834585780015	0.7840389044900637
1981	01	12	0.0009006744408799999	0.10546727818917614	0.8539408434479897
1981	01	13	0.119499297075	0.10546727818917614	0.8254345475745624
1981	01	14	0.042351098888	0.10546727818917614	1.0385968792913656
1981	01	15	0.64214412094	0.10546727818917614	0.9941411789897668
1981	01	16	1.02269254091	0.10546727818917614	0.8995118132111968
1981	01	17	0.0282115853373	0.10088174435486413	0.9703812370136726
1981	01	18	0.006942231577599999	0.09629621052055214	1.0540016318910186
1981	01	19	0.018742645632	0.12380941352642418	1.087805916614285
1981	01	20	0.0031361759145400003	0.13298048119504818	1.172057028383498
1981	01	21	0.000828101204209	0.13298048119504818	1.3375238298841123
1981	01	22	0.0	0.12380941352642418	1.6361683912475407
1981	01	23	0.00045978485813000003	0.12380941352642418	1.4920949259046388
1981	01	24	0.0036115609404400004	0.13298048119504818	1.4509781237657349
1981	01	25	0.0031981260087400004	0.12380941352642418	1.4990250063914061
1981	01	26	0.00045978475246	0.12380941352642418	1.550327903595418
1981	01	27	2.1724610764	0.13298048119504818	1.5698250772288564
1981	01	28	0.377276179348	0.13298048119504818	1.483288893453278
1981	01	29	0.55665244146	0.13298048119504818	1.4820632002058236
1981	01	30	0.110063610662	0.13298048119504818	1.576736778924212
1981	01	31	0.629352175688	0.13298048119504818	1.3167567622197118
1981	02	01	0.00226531140334	0.13298048119504818	1.5920976967261096
1981	02	02	0.00045978475246	0.13298048119504818	1.6875656994778914
1981	02	03	0.013687013476699999	0.1375660150293602	1.5919839618596108
1981	02	04	2.04816304045	0.1467370826979842	1.0150251807897568
1981	02	05	0.00047129078891500003	0.1467370826979842	1.297397649501364
1981	02	06	0.0009195698536309999	0.1375660150293602	1.7778972999809513
1981	02	07	0.00137305558569	0.13298048119504818	2.0283181617468276
1981	02	08	0.078001652509	0.13298048119504818	1.9477064206725248
1981	02	09	1.38069732308	0.13298048119504818	1.1107392027823115
1981	02	10	0.0046063116916000004	0.12380941352642418	1.1851744638491883
1981	02	11	0.00227443960062	0.12380941352642418	1.4903945266170577
1981	02	12	0.0173359074168	0.13298048119504818	1.4928960699034748
1981	02	13	3.0562312760399997	0.12380941352642418	1.4219494370391628
1981	02	14	0.16728458138299998	0.12380941352642418	1.3543812907563522
1981	02	15	0.0024958493175999998	0.12380941352642418	1.694686533088786
1981	02	16	0.0031671135544600005	0.11922387969211216	1.791774023604728
1981	02	17	0.0380346738208	0.11922387969211216	1.66808191902166
1981	02	18	1.046473542709	0.11922387969211216	1.302299460819737
1981	02	19	1.84153391472	0.12380941352642418	1.068590691478711
1981	02	20	0.03557116375	0.12380941352642418	1.3243825760142607
1981	02	21	0.012912989180300002	0.11922387969211216	1.6675337783128523
1981	02	22	1.62096448558	0.11922387969211216	1.4275172466410317
1981	02	23	0.00224832452816	0.11922387969211216	1.7442964093342967
1981	02	24	0.0018139182225900001	0.11922387969211216	2.010531280615274
1981	02	25	0.00023823318407200001	0.11922387969211216	2.2417485934396915
1981	02	26	11.391939272499998	0.1513226165322962	1.030725232375936
1981	02	27	27.5750155202	0.3026452330645924	1.327629925878889
1981	02	28	0.72341343856	0.6603168721409289	1.4591552292059469
1981	03	01	0.42806501716900003	0.4493823157625766	1.7253368538040696
1981	03	02	0.25440652705600003	0.30723076689890444	1.7165506068530239
1981	03	03	0.40137879835900003	0.2567898947214724	1.8100104166477404
1981	03	04	0.051343388697500006	0.23386222554991232	1.9937887690526501
1981	03	05	9.0579489207	0.2246911578812883	1.7571604050601664
1981	03	06	0.99144285748	0.27054649622440835	1.6932425531654065
1981	03	07	0.85483923302	0.23386222554991232	2.294027663203126
1981	03	08	1.56461363334	0.2246911578812883	1.7924160631754498
1981	03	09	0.0715881439465	0.2201056240469763	2.729724239573954
1981	03	10	0.00046608328677899996	0.2109345563783523	2.861071362074232
1981	03	11	0.375251362509	0.20176348870972827	2.5640889599422345
1981	03	12	4.42016627269	0.20176348870972827	1.9618389945989931
1981	03	13	0.41711703455099997	0.20176348870972827	2.00368425715328
1981	03	14	0.13449239703520002	0.20176348870972827	1.8081750563053325
1981	03	15	0.00191072641938	0.19717795487541626	2.058488968523255
1981	03	16	0.0099630727026	0.18800688720679226	2.310797867744494
1981	03	17	0.00137305537435	0.18800688720679226	2.4197778509444827
1981	03	18	0.00090067454655	0.18800688720679226	2.8669010055035256
1981	03	19	0.42215196700999996	0.18800688720679226	2.2242342671392166
1981	03	20	3.4159909199000005	0.19717795487541626	2.0464941187308026
1981	03	21	2.7584392675999996	0.20176348870972827	2.5021980174285225
1981	03	22	5.2124696827	0.2201056240469763	1.7099793679163313
1981	03	23	0.47547949488	0.25220436088716036	2.223626492012676
1981	03	24	0.061777228647	0.26137542855578433	2.809596560993928
1981	03	25	3.41655699409	0.2797175638930324	2.3443151124067065
1981	03	26	0.0641144134029	0.27054649622440835	2.495788321429757
1981	03	27	13.595407096999999	0.3805993082478965	2.25986539533408
1981	03	28	18.5835034419	0.724514345821297	2.12063572396052
1981	03	29	17.636344134	1.41692995480241	1.5875246507297425
1981	03	30	11.440537962199999	1.7791871277130584	1.8790030272351383
1981	03	31	0.00206184698844	1.6049368420092023	2.0755705529698902
1981	04	01	24.5409540215	1.3481469472877299	2.040093288673795
1981	04	02	3.5375970126	2.1322732329550833	2.211945419440258
1981	04	03	0.62495826915	1.53156830066021	2.0651533119437007
1981	04	04	0.040780240369	1.0959425864005694	2.850881638432258
1981	04	05	0.19835933869499997	0.8941790976908413	2.8914323898008596
1981	04	06	5.19027718631	0.742856481158545	2.8176658458835067
1981	04	07	2.80098169259	0.5823627969576248	2.9040629193315874
1981	04	08	0.71007946961	0.4952376541056967	3.5390049046173293
1981	04	09	20.2521690562	0.4493823157625766	2.379043043892414
1981	04	10	14.8878896247	0.7795407518330411	2.1767189390511374
1981	04	11	1.6025113334799999	0.9950608420457053	2.5370216038770685
1981	04	12	8.830105380100001	0.7795407518330411	2.619201485139579
1981	04	13	9.2909016058	0.8620803608506572	2.3305993089777037
1981	04	14	1.72003127295	0.8116394886732251	2.4798998361653974
1981	04	15	0.378779768345	0.724514345821297	2.784760899877788
1981	04	16	3.36065735275	0.623632601466433	2.4490007879459808
1981	04	17	0.0067748059162	0.4998231879400087	3.0416127965143582
1981	04	18	0.29796583559000006	0.4447967819282646	3.328585950633748
1981	04	19	0.03058924593	0.39894144358514455	3.3396424600302645
1981	04	20	0.008289170400110001	0.3760137744135845	2.892906177357053
1981	04	21	0.065482018847	0.3668427067449605	2.851193699329605
1981	04	22	3.26245367794	0.3118163007332165	2.1582713935148283
1981	04	23	0.31320017382	0.2934741653959684	2.6022989557450154
1981	04	24	0.140009992013	0.2751320300587204	2.929741909992218
1981	04	25	1.76298570527	0.26596096239009637	2.4061466304116914
1981	04	26	0.621314704148	0.26596096239009637	2.20365715041789
1981	04	27	9.6288427194	0.2980596992302804	2.0944587966601107
1981	04	28	1.58921667377	0.33015843607046447	2.876701137303307
1981	04	29	0.232402493111	0.3209873684018404	3.6045032103133083
1981	04	30	0.444761479488	0.2843030977273444	3.6372109300810984
1981	05	01	0.216000374577	0.2567898947214724	3.74537727212077
1981	05	02	0.023865881226499998	0.25220436088716036	2.8567951906376603
1981	05	03	0.009728716719899999	0.25220436088716036	2.9708645509964775
1981	05	04	0.008832762980599998	0.2751320300587204	2.9283380017762193
1981	05	05	0.00101515816424	0.3026452330645924	3.891083753012179
1981	05	06	0.0633291236278	0.3026452330645924	4.69294648831515
1981	05	07	16.1598246209	0.2934741653959684	2.7952387864550556
1981	05	08	19.4560533896	0.2980596992302804	2.4552016388100113
1981	05	09	14.537944399099999	0.6740734736438649	2.4118088557966146
1981	05	10	18.858100674000003	1.1784821954181857	2.404277006767577
1981	05	11	4.093026006800001	1.1188702555721295	2.517565758039448
1981	05	12	0.0402067449749	0.8253960901761611	2.7945301029058096
1981	05	13	0.027117249910100002	0.6282181353007449	3.067866700542667
1981	05	14	0.0331894126716	0.5502640601174408	3.1213392305191228
1981	05	15	2.8080724666	0.47689551876844866	3.132323896506868
1981	05	16	0.306238031901	0.45396784959688863	3.1180283995736784
1981	05	17	1.7035167426700002	0.4356257142596406	3.294616359997902
1981	05	18	0.80287664454	0.41269804508808056	3.627839646250016
1981	05	19	3.98412324449	0.41269804508808056	3.6178644688633974
1981	05	20	6.9290101472000005	0.41269804508808056	2.7873227787163555
1981	05	21	2.6566760988399998	0.42645464659101656	2.8181888880011527
1981	05	22	0.00045978475246	0.40352697741945653	3.703183486290593
1981	05	23	0.0624271699459	0.38518484208220855	4.198264685152475
1981	05	24	0.1039835871092	0.38518484208220855	2.5789438608454005
1981	05	25	5.142137527090001	0.4585533834312006	2.7227494101963536
1981	05	26	1.4741833607400001	0.45396784959688863	2.892215223711626
1981	05	27	0.11012287039799999	0.41269804508808056	3.3551515612078746
1981	05	28	0.00181123969943	0.38518484208220855	4.559768735669859
1981	05	29	0.0272070355957	0.3943559097508325	4.436602327354897
1981	05	30	0.7562971606019999	0.39894144358514455	3.4269640233583014
1981	05	31	0.60105719453	0.3943559097508325	3.874998345220985
1981	06	01	9.8235809057	0.4310401804253286	3.2970776749964745
1981	06	02	1.78188319972	0.4310401804253286	3.261292865919265
1981	06	03	4.09874455019	0.4493823157625766	3.118582065198472
1981	06	04	0.170770074632	0.4402112480939526	4.478547513522281
1981	06	05	0.285939025674	0.4723099849341366	3.7738266546871064
1981	06	06	0.0100725425958	0.4998231879400087	4.18501595774929
1981	06	07	0.016933113454099997	0.4447967819282646	4.410494368675736
1981	06	08	0.500964900944	0.45396784959688863	4.16424371654694
1981	06	09	0.112634995009	0.42645464659101656	3.675335643896657
1981	06	10	3.03696700102e-05	0.4172835789223926	4.5275480830010535
1981	06	11	0.0009318077816399999	0.39894144358514455	5.210301534807289
1981	06	12	0.00045978475246	0.33932950373908843	5.8968026901554955
1981	06	13	0.0019816345821600002	0.3118163007332165	7.2025682456928815
1981	06	14	0.874243563058	0.27054649622440835	7.433338568783436
1981	06	15	5.56397005369e-05	0.27054649622440835	6.551398782387707
1981	06	16	0.175872139242	0.2567898947214724	6.644764652797852
1981	06	17	0.014859275245399999	0.2567898947214724	6.334499329215116
1981	06	18	0.0	0.24303329321853634	6.1510171219935685
1981	06	19	0.00183851671921	0.23386222554991232	6.001384855600778
1981	06	20	0.0009463771385599999	0.24303329321853634	6.167003026893272
1981	06	21	0.0157151198228	0.25220436088716036	4.917029915790874
1981	06	22	3.4379364655000003e-06	0.25220436088716036	4.8567104222458894
1981	06	23	0.00831128839915	0.2567898947214724	4.35077909536673
1981	06	24	0.0	0.23386222554991232	5.675932645763368
1981	06	25	0.00078037781082	0.23386222554991232	4.673807872287983
1981	06	26	0.0621749663002	0.23386222554991232	3.334065607435238
1981	06	27	0.18089996010999998	0.23386222554991232	3.854365497406348
1981	06	28	0.000906972943498	0.23386222554991232	3.996639640149086
1981	06	29	0.0	0.23386222554991232	4.59782587163218
1981	06	30	0.26529495406199993	0.23386222554991232	5.215445476500605
1981	07	01	6.04614849822	0.23844775938422433	4.633105524482873
1981	07	02	0.071319567791	0.2109345563783523	3.32030910483913
1981	07	03	0.0024927937638799997	0.19717795487541626	4.21661510529173
1981	07	04	0.0308291633248	0.18800688720679226	4.279520684079594
1981	07	05	0.00119461002267	0.18800688720679226	4.260856387369256
1981	07	06	0.00681587804881	0.18800688720679226	4.422421184790194
1981	07	07	0.06019655655509999	0.18800688720679226	3.9081089172870245
1981	07	08	0.0944100319905	0.18800688720679226	3.7290682170765628
1981	07	09	0.6979004737600001	0.17883581953816824	3.2623565933278713
1981	07	10	0.0018139452741099999	0.17425028570385623	4.422572411700328
1981	07	11	0.00181709445145	0.17425028570385623	5.283347522823585
1981	07	12	0.0013541599933	0.17425028570385623	5.7378170277228575
1981	07	13	0.000453486344945	0.16507921803523223	6.3986496732547335
1981	07	14	0.0	0.1513226165322962	6.731528701682427
1981	07	15	0.00224428222798	0.1375660150293602	6.059161000357254
1981	07	16	0.0067885821141	0.11922387969211216	6.389155855686231
1981	07	17	0.0013541599933	0.09629621052055214	4.275834708679447
1981	07	18	0.00045033722043999995	0.0733685413489921	4.804028310736887
1981	07	19	0.0	0.0733685413489921	5.5215365802255265
1981	07	20	0.0013678389748	0.07795407518330412	5.99545929821925
1981	07	21	0.0022851947988899997	0.07795407518330412	6.215991520239702
1981	07	22	0.00130591751717	0.05961193984605608	3.913890215702799
1981	07	23	0.00191087361769	0.03209873684018405	3.8948184074812398
1981	07	24	0.0022614449380400003	0.0	4.179377841041922
1981	07	25	0.0018202978375000001	0.0	5.315570734835025
1981	07	26	0.000459784805295	0.0	6.636139379464087
1981	07	27	0.00272630058246	0.0	5.91375757262562
1981	07	28	0.00045978475246	0.004585533834312006	6.255157631341782
1981	07	29	0.0229319507459	0.004585533834312006	5.21985095720321
1981	07	30	0.42610060130199995	0.004585533834312006	5.0054564388927645
1981	07	31	0.612155133445	0.004585533834312006	3.3146951221232808
1981	08	01	1.8963257117799999	0.004585533834312006	2.96603219442847
1981	08	02	0.0281163185488	0.004585533834312006	4.268016802631189
1981	08	03	0.0058764629782	0.004585533834312006	5.661466504284332
1981	08	04	0.32137258594999996	0.004585533834312006	5.238883404341173
1981	08	05	0.0063531815594999996	0.004585533834312006	4.595487445391063
1981	08	06	0.0038897101639199998	0.004585533834312006	4.426270650759012
1981	08	07	0.0018520292704600001	0.004585533834312006	4.4285495575843585
1981	08	08	0.00110060102418	0.004585533834312006	4.374807915095131
1981	08	09	0.00183877994318	0.004585533834312006	5.205271759353159
1981	08	10	0.00123386410293	0.004585533834312006	5.1810963065267694
1981	08	11	0.0059661461639	0.004585533834312006	4.971368370716979
1981	08	12	0.0376069132072	0.009171067668624012	4.648527925084572
1981	08	13	0.0375436189906	0.009171067668624012	5.216033596355188
1981	08	14	0.009583089722800002	0.009171067668624012	5.451608374424071
1981	08	15	0.08468153506420001	0.009171067668624012	5.5376535354262435
1981	08	16	0.078477040705	0.01375660150293602	4.08554718737617
1981	08	17	0.00642622235422	0.009171067668624012	4.176795732371846
1981	08	18	0.004263744028389999	0.004585533834312006	4.243800220274927
1981	08	19	0.045520025951	0.004585533834312006	3.9199548754553306
1981	08	20	1.068929770285	0.004585533834312006	3.2144918697130653
1981	08	21	0.0	0.009171067668624012	4.527258412421994
1981	08	22	0.00136045887633	0.009171067668624012	5.213297616718234
1981	08	23	0.0	0.009171067668624012	4.691033909741604
1981	08	24	0.00241127358568	0.009171067668624012	4.602877826989918
1981	08	25	0.012172803588	0.01375660150293602	4.542259985604459
1981	08	26	0.0014784198823800001	0.01375660150293602	4.615854401879998
1981	08	27	0.027615236692300003	0.01375660150293602	4.099824084314729
1981	08	28	0.0189505492436	0.01375660150293602	3.4445287682403762
1981	08	29	0.0538299739262	0.01375660150293602	3.1087741988702553
1981	08	30	0.70323712577	0.01375660150293602	2.989689736262605
1981	08	31	0.0675253765442	0.01375660150293602	3.289885615127211
1981	09	01	0.0031249944434900002	0.01375660150293602	3.4054628680476804
1981	09	02	0.000906972943498	0.01375660150293602	3.5979879521111853
1981	09	03	0.0009006744408799999	0.01375660150293602	4.6336980342361835
1981	09	04	0.0031618084977799994	0.01375660150293602	5.1883319203729155
1981	09	05	0.0036066759220099998	0.01375660150293602	4.223013114496407
1981	09	06	0.005385464153099999	0.01375660150293602	4.156976134850215
1981	09	07	0.0020656191961	0.018342135337248024	3.8318225336721157
1981	09	08	0.041707124774	0.018342135337248024	3.8713976657864495
1981	09	09	0.0176162752876	0.01375660150293602	4.194537140260896
1981	09	10	0.0540997473228	0.009171067668624012	3.278524838492618
1981	09	11	0.511720870605	0.009171067668624012	2.9983519985635065
1981	09	12	0.00090581771679	0.018342135337248024	3.089344645826091
1981	09	13	0.00090133160261	0.01375660150293602	3.5771294499415243
1981	09	14	0.00180747235259	0.018342135337248024	3.699388398090192
1981	09	15	0.0008943759805300001	0.009171067668624012	3.874985950368109
1981	09	16	0.6266861110209999	0.009171067668624012	3.7335978561129455
1981	09	17	0.06987144920379999	0.009171067668624012	3.0146163087374687
1981	09	18	0.97648347259	0.009171067668624012	2.403381680986454
1981	09	19	0.322329554604	0.009171067668624012	2.8030799009512606
1981	09	20	3.1115535365	0.004585533834312006	2.578878955432233
1981	09	21	0.31412952033600006	0.004585533834312006	2.346796079899461
1981	09	22	0.488160793075	0.004585533834312006	2.305551543382115
1981	09	23	0.0026612799294	0.004585533834312006	2.658495110956359
1981	09	24	0.383320862626	0.009171067668624012	2.9166907968035005
1981	09	25	14.946123304999999	0.01375660150293602	1.8135351796066723
1981	09	26	2.62127717719	0.0687830075146801	1.9425376180127674
1981	09	27	4.3995144449	0.05961193984605608	1.9691556923742084
1981	09	28	0.7346388683300001	0.03668427067449605	2.561630652890459
1981	09	29	0.046265971615	0.03209873684018405	2.4803842826277758
1981	09	30	0.0428931257561	0.03209873684018405	3.0097267848534455
1981	10	01	4.4093163941	0.10546727818917614	1.8404281666536566
1981	10	02	1.08646311787	0.11463834585780015	1.975289026805065
1981	10	03	5.822127464199999	0.11463834585780015	2.1307215806405004
1981	10	04	11.6748527336	0.1375660150293602	2.1866866674214616
1981	10	05	46.66052860120001	0.3622571729106485	1.5389514563493194
1981	10	06	1.89144840726	0.17883581953816824	2.0025126817190873
1981	10	07	0.15706970552400001	0.1513226165322962	2.506079150988268
1981	10	08	0.36377568504499996	0.10088174435486413	2.5304690704199024
1981	10	09	0.0061374900689	0.08712514285192811	2.1390308226105965
1981	10	10	0.013815479665799999	0.07795407518330412	1.9895720369534085
1981	10	11	0.0110636299794	0.07795407518330412	2.1541374985896713
1981	10	12	0.14307136815	0.07795407518330412	1.8994111470322645
1981	10	13	0.040116770139999994	0.09629621052055214	2.044067914524617
1981	10	14	0.0101704004127	0.09629621052055214	2.1129092007437165
1981	10	15	0.00161578433084	0.09629621052055214	2.3490030455751185
1981	10	16	0.009992634941800001	0.10546727818917614	2.6140911623513574
1981	10	17	15.6371755174	0.2934741653959684	1.327230116902858
1981	10	18	5.56159522611	0.27054649622440835	1.766475854198484
1981	10	19	0.0016884459816	0.11922387969211216	2.4060582668409607
1981	10	20	0.0009060604407799999	0.0733685413489921	2.3883242280202777
1981	10	21	0.0022684238075200004	0.0687830075146801	1.3374046407774627
1981	10	22	0.00090697290123	0.05961193984605608	1.7991821849490912
1981	10	23	0.00227483818786	0.05961193984605608	1.9607388516730577
1981	10	24	0.0	0.05961193984605608	1.9289354920644608
1981	10	25	0.035583072758999995	0.05502640601174408	1.5679966633682965
1981	10	26	0.07299548342400002	0.05044087217743207	1.3573652847846895
1981	10	27	0.000910122036302	0.05044087217743207	1.579117081996281
1981	10	28	0.00181709445145	0.05502640601174408	1.9959842145929476
1981	10	29	0.000459784773594	0.05502640601174408	1.8531599252773636
1981	10	30	0.00268672251798	0.05961193984605608	1.466753288909853
1981	10	31	0.000459784773594	0.05961193984605608	2.156649667754012
1981	11	01	0.000914424041641	0.05961193984605608	2.275681426969216
1981	11	02	0.00045978475246	0.05502640601174408	2.1761935919967756
1981	11	03	0.0009006744408799999	0.05502640601174408	2.2343154619533956
1981	11	04	0.00135416009897	0.05044087217743207	2.356379168147712
1981	11	05	0.00181906371757	0.04585533834312006	2.224773245902548
1981	11	06	0.00362697629138	0.05502640601174408	2.047980029355517
1981	11	07	0.00136391396832	0.05044087217743207	1.9862580559569947
1981	11	08	0.00313653846831	0.05044087217743207	1.483405220545985
1981	11	09	3.7867816664000005	0.05502640601174408	1.6067519680551825
1981	11	10	0.00334177084798	0.05961193984605608	1.7523570004840925
1981	11	11	0.0230463966394	0.05961193984605608	1.8610915176048137
1981	11	12	0.00046010350601499993	0.05961193984605608	1.748341228691494
1981	11	13	0.048352845274900004	0.05961193984605608	1.5807482330613989
1981	11	14	0.0097314810471	0.05961193984605608	1.5100927743113504
1981	11	15	0.0177627719488	0.05961193984605608	1.7045433681646893
1981	11	16	0.6457435581500001	0.0641974736803681	1.7294654399557812
1981	11	17	2.35986808944	0.0641974736803681	1.2125220961355645
1981	11	18	0.0013557881566600002	0.0687830075146801	1.657727273088661
1981	11	19	0.0009098443355419999	0.0733685413489921	1.6087325808635393
1981	11	20	0.00135416009897	0.05961193984605608	1.5570495907133657
1981	11	21	0.000459784805295	0.05961193984605608	1.5825324878755593
1981	11	22	0.00045033722043999995	0.05961193984605608	1.4573285991415472
1981	11	23	0.037397676040199994	0.05961193984605608	1.5543722215061566
1981	11	24	0.72102360584	0.05961193984605608	1.4176055833421886
1981	11	25	0.0	0.07795407518330412	1.6180033894340062
1981	11	26	0.00045033722043999995	0.05961193984605608	1.5271497118877986
1981	11	27	0.0	0.05961193984605608	1.633217865894512
1981	11	28	0.0009412180121499999	0.05961193984605608	1.5244391746834356
1981	11	29	0.0023154191663099996	0.05961193984605608	1.1451077221185222
1981	11	30	0.00363077068974	0.05502640601174408	1.3266772731237337
1981	12	01	0.00180013663552	0.05044087217743207	1.486703920964976
1981	12	02	0.00362140621434	0.05044087217743207	1.3963610721059323
1981	12	03	0.0018270444443199997	0.05502640601174408	1.2278748798268828
1981	12	04	0.0	0.05502640601174408	1.237024770662095
1981	12	05	0.0006613985686499999	0.04585533834312006	1.2497346197393424
1981	12	06	0.8351236097289999	0.0687830075146801	0.8791218706227948
1981	12	07	0.36662195933	0.05961193984605608	0.9889826554962794
1981	12	08	1.3696418106700001	0.05961193984605608	1.0090552417006253
1981	12	09	6.7900192261	0.0687830075146801	0.7123114816381289
1981	12	10	2.6787414742199998	0.0733685413489921	0.8098039492415464
1981	12	11	2.7780780371	0.0733685413489921	0.6835217349121258
1981	12	12	2.04427089734	0.0733685413489921	0.648077067363355
1981	12	13	5.801836710800001	0.19259242104110427	0.5003331909681972
1981	12	14	4.80968353958	0.1513226165322962	1.0450859909690873
1981	12	15	2.63053577125	0.2109345563783523	0.9003495556300899
1981	12	16	11.6495194078	0.4998231879400087	0.6587269882630088
1981	12	17	19.714674374399998	1.0776004510633215	0.9175997481792293
1981	12	18	9.559246344	1.3802456841279138	0.5241325194782014
1981	12	19	0.038926048879	0.8024684210046011	0.9460690976078173
1981	12	20	26.076157369100002	1.0821859848976334	0.876585860284693
1981	12	21	23.3345175181	5.360489052310736	0.901931508465053
1981	12	22	6.6649080595	6.671951728923969	0.4825089097194495
1981	12	23	13.782295059	3.819749683981901	0.7082946702487912
1981	12	24	3.4548859335	3.778479879473093	0.8201579051127278
1981	12	25	0.00113453821272	2.219398375807011	1.0598547372483886
1981	12	26	32.3438054038	3.3566107667163885	0.8881171135350586
1981	12	27	27.2743558393	6.607754255243601	0.82108093071958
1981	12	28	26.748173131	7.561545292780497	0.9169275433694875
1981	12	29	20.713367884599997	7.460663548425634	0.7571431102788557
1981	12	30	15.5542869127	8.079710616057755	0.9689778130978116
1981	12	31	8.002262718679999	6.80951774395333	0.704623850462889
1982	01	01	0.404187781701	5.122041292926511	0.982175091558737
1982	01	02	0.003982720263899999	3.4253937742310687	1.0218342947383747
1982	01	03	10.9524820466	2.645853022398027	0.8720466562704697
1982	01	04	0.15119802517000003	3.1319196088351005	0.9559546973605659
1982	01	05	1.00466365386	2.201056240469763	1.0039319056487093
1982	01	06	0.016670965204700003	1.8021147968846185	1.1378540767278558
1982	01	07	0.0	1.53156830066021	1.2442748302490474
1982	01	08	0.00497015294488	1.3252192781161698	1.1767294007483973
1982	01	09	0.830498095685	1.1601400600809375	0.9727048775074846
1982	01	10	19.6058057435	1.453614225476906	0.6804611441325769
1982	01	11	9.2163133796	3.4850057140771247	0.7694239456789996
1982	01	12	9.4274959313	2.861373112610692	0.9523211867715045
1982	01	13	0.80339241981	2.228569443475635	1.0370106450006593
1982	01	14	0.087891677654	1.6507921803523222	1.0527135494813202
1982	01	15	9.903917579899998	1.3435614134534177	0.9702264742124256
1982	01	16	11.2834045588	2.5908266163862836	0.8086824073777035
1982	01	17	0.00556642159769	2.146029834458019	0.9907150514504531
1982	01	18	10.0655018037	1.6828909171925064	0.9956529379687279
1982	01	19	2.60033412288	1.7883581953816825	0.9412356993706077
1982	01	20	0.182794802849	1.481127428482778	1.161437659445918
1982	01	21	1.6980492712	1.2885350074416737	0.9344050578328512
1982	01	22	0.0511265094761	1.0776004510633215	1.1334158746089316
1982	01	23	0.00217561754497	0.9125212330280893	1.1212638193233464
1982	01	24	0.00231059152669	0.7932973533359771	1.2848378854914912
1982	01	25	0.0007572256828919999	0.733685413489921	1.3076238679438112
1982	01	26	0.06799758830000001	0.6557313383066169	1.2389617856356956
1982	01	27	0.13213638822550003	0.6052904661291848	0.9551339465831378
1982	01	28	0.00090382372389	0.5456785262831287	1.1932364071823045
1982	01	29	0.0022623713469300004	0.5089942556086328	1.2878920502926807
1982	01	30	0.00090475161216	0.4860665864370727	1.5698011954369133
1982	01	31	0.0097169662159	0.46313891726551265	1.499328755920982
1982	02	01	0.060891703479999996	0.4493823157625766	1.0326552261918536
1982	02	02	2.50806529795	0.46313891726551265	1.2028056565379897
1982	02	03	7.19791641578	0.5548495939517527	1.2002626643504137
1982	02	04	0.99880689411	0.4723099849341366	1.3025937504975957
1982	02	05	0.0018202439458000002	0.4402112480939526	1.6875977901849724
1982	02	06	0.00137305537435	0.4172835789223926	1.6859457334098522
1982	02	07	0.7067621713000001	0.40352697741945653	1.1190081694518454
1982	02	08	0.0013573093819799998	0.38518484208220855	1.7742010330391191
1982	02	09	0.0009042641247489999	0.3668427067449605	1.6768433560610263
1982	02	10	0.000913271308745	0.3530861052420245	1.8275556310668537
1982	02	11	0.243169008638	0.33015843607046447	1.71183142802792
1982	02	12	0.523535283821	0.3118163007332165	1.6113409745222265
1982	02	13	8.5546680715	0.41269804508808056	1.1647339424076315
1982	02	14	15.8122041353	0.38518484208220855	1.557331234566863
1982	02	15	12.9040378746	3.3703673682193247	1.1616379007540902
1982	02	16	0.0075218914424900005	1.8892399397365465	1.6240396739756622
1982	02	17	0.714432259951	1.0638438495603855	1.6475095481401183
1982	02	18	2.6781268975	0.8666658946849691	1.272968235020886
1982	02	19	0.000459784773594	0.715343278152673	1.7020670934284712
1982	02	20	0.0118613159022	0.623632601466433	1.604455430400486
1982	02	21	6.1925642162	0.752027548827169	1.6129736145572302
1982	02	22	1.82998333836	1.1738966615838735	1.2568850775877158
1982	02	23	1.6091331440299999	1.0088174435486414	1.1757573605125335
1982	02	24	0.22574097177500002	0.7978828871702891	1.406530198194978
1982	02	25	8.33927932545	3.0035246614743643	1.133599786886825
1982	02	26	1.22784704179	1.8250424660561786	1.6319947610648882
1982	02	27	1.4487515505000002	1.5682525713347062	1.1088532667391702
1982	02	28	0.50454719848	1.6874764510268183	1.3828631141513503
1982	03	01	0.7020320967910001	1.5820091728376422	1.7317142132974148
1982	03	02	0.0028446038536399996	1.3068771427789219	2.0493920963161445
1982	03	03	0.029588621828899996	1.0776004510633215	2.2388893137677064
1982	03	04	0.08340882233680001	0.9079356991937773	1.4316020295658944
1982	03	05	0.00134843817414	0.788711819501665	2.0612083308210205
1982	03	06	0.0006060988687350001	0.719928811986985	2.117927199581322
1982	03	07	0.0226465424161	0.6603168721409289	1.5771330847290856
1982	03	08	0.0	0.6052904661291848	1.9044773467816838
1982	03	09	0.00044718804309999997	0.5456785262831287	2.0440469478627454
1982	03	10	0.015365123875599998	0.47689551876844866	2.3642700614372663
1982	03	11	0.0626546024302	0.45396784959688863	2.043402630042842
1982	03	12	5.62828874094e-05	0.4081125112537686	2.1451763759116522
1982	03	13	0.002746986753	0.3622571729106485	2.696832583205745
1982	03	14	0.00046311208942	0.33015843607046447	2.7866326430586685
1982	03	15	0.00066997569688	0.3118163007332165	2.25710504248671
1982	03	16	0.00915192178005	0.3118163007332165	2.4951280827003575
1982	03	17	0.5165925957490001	0.3118163007332165	1.9397657649721638
1982	03	18	0.0089773396179	0.3118163007332165	2.062018694616031
1982	03	19	0.0332048478885	0.3118163007332165	2.1277509149775007
1982	03	20	0.15089126515999998	0.2980596992302804	2.2247702422766196
1982	03	21	0.0138627363465	0.2888886315616564	2.4976113063985372
1982	03	22	0.0033606313579299996	0.27054649622440835	2.959487519760511
1982	03	23	0.000459784773594	0.26596096239009637	3.206984584294762
1982	03	24	0.0	0.24303329321853634	2.968547282353102
1982	03	25	0.0	0.2292766917156003	2.563792966193758
1982	03	26	0.150422956854	0.2292766917156003	2.8066576224626734
1982	03	27	0.0008987655123300001	0.27054649622440835	2.861596017012602
1982	03	28	4.4991063065	0.2109345563783523	2.7305889996811805
1982	03	29	7.32300010818	0.26137542855578433	1.9090536917022667
1982	03	30	4.8556305463	0.2292766917156003	2.4526907193022085
1982	03	31	13.8100672484	0.2109345563783523	1.8400177799732083
1982	04	01	1.7429252068	0.19259242104110427	1.8863196571214056
1982	04	02	0.44584339235000003	0.17425028570385623	2.671774979129828
1982	04	03	16.6587212218	0.2567898947214724	2.1707936187532617
1982	04	04	4.19742828381	0.724514345821297	2.138518263928192
1982	04	05	1.81474392797	0.742856481158545	2.2013314849933074
1982	04	06	0.0188041899534	0.687830075146801	2.7886490322461954
1982	04	07	0.0009006744408799999	0.5089942556086328	3.9043654259901883
1982	04	08	0.00163841725979	0.3714282405792725	3.7068929620044897
1982	04	09	0.0052774757533	0.3164018345675284	3.289476456453391
1982	04	10	3.89686634766	0.2751320300587204	3.697391177327633
1982	04	11	16.238631193499998	0.2843030977273444	2.690501021121898
1982	04	12	6.86751496235	0.27054649622440835	3.1330282130311233
1982	04	13	16.4013915244	0.2292766917156003	2.8822835169834455
1982	04	14	0.00135416009897	0.2155200902126643	3.193381405330407
1982	04	15	0.00045033722043999995	0.2201056240469763	3.240453254370878
1982	04	16	0.186082133147	0.23844775938422433	3.288345362675611
1982	04	17	1.0294499894720002	0.20634902254404028	2.817495826074781
1982	04	18	0.9631598593	0.11463834585780015	2.75960981674392
1982	04	19	0.549965073242	0.1283949473607362	3.1996696371001394
1982	04	20	0.222846480269	0.13298048119504818	3.9181045586450307
1982	04	21	0.0045474492748	0.13298048119504818	4.138831765760444
1982	04	22	0.123386294056	0.1283949473607362	3.68158163767768
1982	04	23	0.155843193834	0.12380941352642418	3.9989996787740494
1982	04	24	0.058493903242	0.11005281202348816	3.7545837850357127
1982	04	25	0.000452183993896	0.12380941352642418	3.9136883392626114
1982	04	26	1.66625612696	0.10546727818917614	3.4511774371764283
1982	04	27	0.12424913187400001	0.10546727818917614	3.772612467376846
1982	04	28	0.001360458982	0.10088174435486413	4.179537473850563
1982	04	29	0.00046136039783	0.09171067668624013	4.36251094227619
1982	04	30	0.00136045887633	0.08712514285192811	4.297379209343708
1982	05	01	0.0013554419817399998	0.07795407518330412	4.619744752953136
1982	05	02	0.00135405538	0.05044087217743207	4.444040206872455
1982	05	03	0.000502978633	0.08253960901761612	4.221426773510228
1982	05	04	0.095524707836	0.08712514285192811	2.9158124207915193
1982	05	05	0.031320926144	0.09171067668624013	2.817022664197811
1982	05	06	0.00264625735385	0.08253960901761612	3.4013390618557273
1982	05	07	0.0	0.0687830075146801	3.7559196698204658
1982	05	08	0.0013578965901699998	0.0733685413489921	3.8513405931791467
1982	05	09	0.00136629746084	0.05961193984605608	3.722528017344137
1982	05	10	0.00099501904729	0.07795407518330412	3.231715529185586
1982	05	11	14.6569774273	0.09629621052055214	2.432130190442092
1982	05	12	8.1150766447	0.1513226165322962	2.248633652004509
1982	05	13	0.09749631983	0.1283949473607362	4.324151816362917
1982	05	14	0.95928557442	0.10088174435486413	4.182160260935758
1982	05	15	0.13333218164650001	0.10088174435486413	3.4759020365505484
1982	05	16	0.04265651054879999	0.08712514285192811	3.1037744347863647
1982	05	17	0.6283815122019999	0.0641974736803681	3.983240751071567
1982	05	18	1.0795200705199999	0.0733685413489921	3.4665247893790054
1982	05	19	0.0020690623473799998	0.05961193984605608	3.8155541970927227
1982	05	20	0.00035114248783399996	0.05044087217743207	4.5817758196493115
1982	05	21	0.0266518380188	0.04126980450880806	4.032142114482367
1982	05	22	0.03445435231380001	0.04126980450880806	3.625048354657054
1982	05	23	0.0028951199254899996	0.05502640601174408	3.7685513161668354
1982	05	24	0.00279095635701	0.05502640601174408	4.570857182560761
1982	05	25	7.79156096548	0.05044087217743207	4.634310684589835
1982	05	26	0.68202609234	0.08712514285192811	2.7500387631679866
1982	05	27	0.0079163272252	0.08253960901761612	3.461686336180805
1982	05	28	1.15356409622	0.0687830075146801	3.7861838423693084
1982	05	29	2.2997585553	0.07795407518330412	3.329527737138084
1982	05	30	1.6132992894500002	0.0733685413489921	3.748069751519326
1982	05	31	0.0393109455138	0.0641974736803681	3.7163633398691034
1982	06	01	0.07321500228200001	0.0687830075146801	4.163509898756861
1982	06	02	0.520162191751	0.05502640601174408	3.5775647224053055
1982	06	03	0.08416702783419999	0.04585533834312006	3.190103257508705
1982	06	04	0.000459784773594	0.03668427067449605	4.357704432088153
1982	06	05	1.0080560835399999	0.02292766917156003	5.028395810200623
1982	06	06	0.0212970234492	0.018342135337248024	3.5216976436700045
1982	06	07	0.00141560656995	0.03209873684018405	4.459085267687821
1982	06	08	0.0135135720222	0.02751320300587204	4.302547290235672
1982	06	09	0.0200962815021	0.018342135337248024	3.8734987150402023
1982	06	10	0.466501961886	0.01375660150293602	4.303332933322764
1982	06	11	0.142035400604	0.02292766917156003	2.9851404475255574
1982	06	12	0.8192918133189999	0.02292766917156003	4.302226453927571
1982	06	13	1.80211224184	0.03209873684018405	2.8693455528679155
1982	06	14	0.19114849186400001	0.04126980450880806	4.2169039395347845
1982	06	15	0.0	0.03209873684018405	5.756117147572635
1982	06	16	0.9950199983199999	0.02751320300587204	6.5050138507909745
1982	06	17	1.0135051261619998	0.04126980450880806	3.4824928106246724
1982	06	18	0.045458769052	0.04585533834312006	3.5323320955242314
1982	06	19	0.0	0.04126980450880806	4.238241912644737
1982	06	20	0.352978556919	0.04585533834312006	4.980308988000425
1982	06	21	0.20711258711399996	0.0641974736803681	4.4452665591423415
1982	06	22	8.50028881012	0.05502640601174408	3.132945765247963
1982	06	23	0.072820589007	0.04585533834312006	3.572829557802326
1982	06	24	0.0550204701101	0.04126980450880806	4.486375268308638
1982	06	25	2.6547960182	0.05044087217743207	3.240621268313106
1982	06	26	1.2852785811199998	0.0733685413489921	3.4993225708963163
1982	06	27	0.007492647164319999	0.08253960901761612	4.087426908671768
1982	06	28	0.00045531691919	0.07795407518330412	5.223547739006822
1982	06	29	0.003969313382650001	0.05961193984605608	4.5866592723450506
1982	06	30	0.00045033722043999995	0.04126980450880806	5.248092635282096
1982	07	01	0.086240531069	0.04126980450880806	5.602321831958735
1982	07	02	0.244262534633	0.04126980450880806	4.162876961215945
1982	07	03	3.01630735365	0.04126980450880806	3.1110507543014223
1982	07	04	15.762344802500001	0.0641974736803681	4.120707443253419
1982	07	05	0.14244918319	0.11005281202348816	5.1099076120149975
1982	07	06	0.0008816919877499999	0.09629621052055214	4.825146221011898
1982	07	07	0.0	0.09171067668624013	5.2391485551641255
1982	07	08	0.05540341502	0.0687830075146801	4.216190873249226
1982	07	09	0.10553036766199998	0.05961193984605608	4.251295965795002
1982	07	10	0.00826027514995	0.05961193984605608	4.3613923764250115
1982	07	11	0.113542784845	0.05961193984605608	3.5155939592207313
1982	07	12	0.44474516404	0.05961193984605608	3.499732815567354
1982	07	13	1.1448393470000002	0.05961193984605608	3.008775624497316
1982	07	14	0.39129770072	0.05961193984605608	3.648503836043451
1982	07	15	0.0125932465541	0.05961193984605608	4.37424184670496
1982	07	16	0.200040326488	0.05961193984605608	3.8935991419681155
1982	07	17	0.45682345638	0.05961193984605608	4.387871221893203
1982	07	18	0.0488409413451	0.05961193984605608	4.448303840989075
1982	07	19	2.12176557689	0.0641974736803681	4.0468033634362985
1982	07	20	1.62446364196	0.05502640601174408	4.090652374438343
1982	07	21	0.074079287779	0.05502640601174408	4.3801491225064195
1982	07	22	0.017671736187100003	0.05044087217743207	4.221255259298998
1982	07	23	0.0032364952084200003	0.05044087217743207	4.1977929567692
1982	07	24	0.0	0.05044087217743207	4.6809021005805915
1982	07	25	0.00185423492037	0.05044087217743207	5.2731100450898625
1982	07	26	0.0020915263100000003	0.05502640601174408	5.367020075590793
1982	07	27	0.018693807071399997	0.05961193984605608	4.192451148707477
1982	07	28	7.37939217172	0.05961193984605608	3.6366717059141878
1982	07	29	1.13241075861	0.05961193984605608	3.5965831289283283
1982	07	30	0.034410674675999994	0.05961193984605608	3.317089100846747
1982	07	31	10.6373413489	0.05961193984605608	3.94964206209921
1982	08	01	1.45756474551	0.0641974736803681	3.2518165919536117
1982	08	02	0.30017135869600003	0.0733685413489921	3.5201856937618414
1982	08	03	0.00311545941671	0.07795407518330412	4.297048822408243
1982	08	04	0.0015921124544500001	0.07795407518330412	4.026323343211551
1982	08	05	0.00842918230475	0.07795407518330412	3.8138310651624097
1982	08	06	0.00146847126322	0.0687830075146801	4.417828164973797
1982	08	07	0.0	0.0687830075146801	4.943924027719356
1982	08	08	0.00045978475246	0.0687830075146801	5.573606775523845
1982	08	09	0.0	0.0733685413489921	5.678610986965125
1982	08	10	0.00045033722043999995	0.0687830075146801	5.870392773050011
1982	08	11	0.00812566224262	0.0687830075146801	5.631755410280235
1982	08	12	0.019938162197600005	0.0687830075146801	5.3036781582568295
1982	08	13	0.0647030745554	0.0687830075146801	3.8146342806057905
1982	08	14	0.0022644996464	0.0687830075146801	3.6667363189843383
1982	08	15	0.0183639697901	0.0687830075146801	3.736046334639206
1982	08	16	0.0069725461872	0.0687830075146801	3.678765077432095
1982	08	17	0.00046608328677899996	0.05961193984605608	4.485762201083123
1982	08	18	0.0051096147315	0.05961193984605608	4.070464416213081
1982	08	19	0.0061391321806999995	0.05961193984605608	4.316461370218333
1982	08	20	0.072147629612	0.05961193984605608	3.8976215764761837
1982	08	21	0.0009286644161499999	0.05961193984605608	4.5850554732536075
1982	08	22	0.000216041871186	0.05961193984605608	4.474456647386686
1982	08	23	0.0040332717352	0.05961193984605608	4.13315198659441
1982	08	24	0.0030720585286399997	0.05961193984605608	5.018323958309588
1982	08	25	0.00090382361822	0.03209873684018405	4.66328381157117
1982	08	26	0.008588382084999999	0.004585533834312006	3.086600761045149
1982	08	27	0.00091014712236	0.01375660150293602	3.3106327540578064
1982	08	28	10.563323740700001	0.03668427067449605	2.837464533117941
1982	08	29	0.024765082204900004	0.0687830075146801	3.6300347781255975
1982	08	30	0.00692167495848	0.05044087217743207	3.346117516537347
1982	08	31	0.0009006744408799999	0.04585533834312006	4.773384101052394
1982	09	01	0.0	0.03668427067449605	4.734754076468499
1982	09	02	0.00045033722043999995	0.02751320300587204	4.623493689935221
1982	09	03	0.00045033722043999995	0.02751320300587204	4.509840300292041
1982	09	04	0.0	0.02751320300587204	4.767197135094356
1982	09	05	0.000906972943498	0.02751320300587204	4.082116208510589
1982	09	06	0.0077911220123	0.03209873684018405	3.347089224143007
1982	09	07	0.0009006744408799999	0.02751320300587204	4.81252201614362
1982	09	08	0.0031645561291200005	0.018342135337248024	4.363479180773304
1982	09	09	0.024994347007	0.02751320300587204	3.760812385007906
1982	09	10	0.0102835349415	0.01375660150293602	3.067369861066049
1982	09	11	0.0098365571817	0.02751320300587204	3.6662714436498782
1982	09	12	0.0009195696634249999	0.03209873684018405	4.902384551326209
1982	09	13	0.0022674304038500003	0.04585533834312006	4.700240410424194
1982	09	14	0.000459784773594	0.04585533834312006	4.318302012382762
1982	09	15	0.0122930792954	0.03209873684018405	4.093854431780493
1982	09	16	0.251659159891	0.04585533834312006	3.4498243937377304
1982	09	17	2.5387380231800005	0.05044087217743207	3.377943824138634
1982	09	18	16.2592875651	0.05961193984605608	2.092455717051236
1982	09	19	8.8336886498	0.0687830075146801	2.313252841149802
1982	09	20	5.11640984085	0.08712514285192811	2.1069798403758657
1982	09	21	1.37114348704	0.09171067668624013	2.2586107658186347
1982	09	22	1.4711143869299999	0.09171067668624013	2.363604841901933
1982	09	23	0.02107154903	0.08253960901761612	2.6196749032783124
1982	09	24	6.733668056849999	0.08253960901761612	2.908536994438559
1982	09	25	27.1548642033	0.20176348870972827	1.9270828691197586
1982	09	26	0.773821272629	0.1375660150293602	2.4233182990878053
1982	09	27	1.40825162094	0.09171067668624013	2.228963249216055
1982	09	28	13.706966086100001	0.11463834585780015	2.023029248912032
1982	09	29	3.4453442495099997	0.1421515488636722	1.864286408844934
1982	09	30	0.09748342809	0.05502640601174408	2.3794799430214852
1982	10	01	0.000143403689733	0.04585533834312006	2.8549586698449825
1982	10	02	0.19164836379900002	0.05961193984605608	2.647987003738306
1982	10	03	0.0525599251395	0.05044087217743207	1.8625624897320852
1982	10	04	0.371022015862	0.05961193984605608	2.0515368870679054
1982	10	05	1.37323712675	0.0733685413489921	1.5759548818677813
1982	10	06	0.3845658877	0.07795407518330412	1.492811252002417
1982	10	07	0.47123064155100003	0.0641974736803681	1.695173563293995
1982	10	08	3.4716515357	0.07795407518330412	2.0707323458854536
1982	10	09	6.6993057579	0.08712514285192811	1.8068245597517347
1982	10	10	0.1087936305608	0.0733685413489921	1.8410231408797628
1982	10	11	0.00108626583198	0.0641974736803681	2.0350367588332996
1982	10	12	0.7071815755299999	0.08712514285192811	2.2645355164590226
1982	10	13	10.8716233626	0.24761882705284835	1.9000689157343047
1982	10	14	0.68582672523	0.2155200902126643	1.6392645420637308
1982	10	15	0.0023741886991799997	0.1467370826979842	1.8726520173339398
1982	10	16	3.8729360024500004	0.1467370826979842	1.932573229294783
1982	10	17	3.1676843838	0.1421515488636722	1.4181892038223867
1982	10	18	3.87128205561	0.30723076689890444	1.3307451282980312
1982	10	19	0.010993547522	0.19259242104110427	1.6181002529878403
1982	10	20	0.00090067454655	0.2109345563783523	2.039477150044364
1982	10	21	0.262310484551	0.17425028570385623	1.6053424587121494
1982	10	22	1.31333555117	0.18342135337248025	1.2779394914964128
1982	10	23	0.524464894512	0.1513226165322962	1.2846192981109232
1982	10	24	0.00045978475246	0.13298048119504818	1.8562141553344935
1982	10	25	0.0030495844216999997	0.1283949473607362	2.0444469985915736
1982	10	26	0.0247676616096	0.12380941352642418	1.7404829809349707
1982	10	27	0.00134786227264	0.11922387969211216	2.1823296959660423
1982	10	28	0.000459784773594	0.11922387969211216	2.1298590968398856
1982	10	29	0.001360458982	0.11005281202348816	2.061359999386445
1982	10	30	0.00136675775936	0.10546727818917614	1.9026784197060906
1982	10	31	0.00045978475246	0.10088174435486413	2.1886189643078464
1982	11	01	0.000918088909715	0.10546727818917614	1.8982557287826234
1982	11	02	0.0011524052133300002	0.10546727818917614	1.7911898741078014
1982	11	03	2.8972693589599996	0.11005281202348816	1.530200980280029
1982	11	04	0.056515348729	0.11005281202348816	1.7112444384063088
1982	11	05	4.4354116006	0.11463834585780015	1.244505587737806
1982	11	06	29.5194238294	0.4081125112537686	0.9692673851531134
1982	11	07	14.150692379999999	2.1872996389668264	1.1055090855065852
1982	11	08	13.1586803839	2.6733662254038997	1.0156331771616744
1982	11	09	0.23040325897900002	2.3890631276765553	1.2954020677422757
1982	11	10	0.18099028682600002	1.2059953984240577	1.5495388841952598
1982	11	11	0.045752922631	0.724514345821297	1.2738577123457426
1982	11	12	0.5298794675799999	0.5410929924488167	1.3160319954726638
1982	11	13	2.40147892771	0.6052904661291848	1.1520339069960068
1982	11	14	0.27657090465899997	0.7932973533359771	0.9420574648684688
1982	11	15	2.4222438224	0.6282181353007449	0.8564979012426852
1982	11	16	0.00275217472732	0.49065212027138466	1.2035555534201858
1982	11	17	0.00370187307398	0.4081125112537686	1.3012552619024205
1982	11	18	0.0270188954442	0.3622571729106485	1.3153681706051035
1982	11	19	0.0077652322282799995	0.3668427067449605	1.1110704283187216
1982	11	20	0.0097850884948	0.3530861052420245	1.3073668043583393
1982	11	21	0.0368296131408	0.33015843607046447	1.1885342969446757
1982	11	22	0.09765981668080001	0.2843030977273444	1.2347726955735945
1982	11	23	1.23061475043	0.2843030977273444	1.0856247648275987
1982	11	24	0.0024752411315199997	0.2751320300587204	1.1765446990212174
1982	11	25	9.2523521331	0.32557290223615243	0.8839569916882876
1982	11	26	3.7475726015600004	0.4310401804253286	0.7924906951934768
1982	11	27	9.866734420299998	1.8342135337248024	1.1665725908398354
1982	11	28	0.0589993397592	4.516750826797326	0.9038760012260358
1982	11	29	0.00272166166946	2.1139310976178347	1.1337491086593712
1982	11	30	0.00091141590205	1.2014098645897455	0.9394804552689888
1982	12	01	0.006395314301900001	0.8529092931820331	1.0970199982283195
1982	12	02	0.840074957218	0.692415608981113	0.7711320368754364
1982	12	03	0.0033676828226999996	0.5777772631233128	1.0412724272393754
1982	12	04	0.0	0.5135797894429448	0.9840337004703602
1982	12	05	0.0021200772873	0.48148105260276064	0.9969794057624453
1982	12	06	0.020657042604500003	0.4402112480939526	1.0263633750449614
1982	12	07	8.04818679501	0.3530861052420245	1.1263765588492454
1982	12	08	7.81998968259	0.5640206616203768	0.7221341860661539
1982	12	09	3.5891030010100002	0.5135797894429448	0.7855986949187497
1982	12	10	1.80340627666	0.8253960901761611	0.727366322386459
1982	12	11	0.19962694544799997	0.9033501653594652	0.6739113753912755
1982	12	12	7.98894502291	1.7470883908728745	0.764194875565906
1982	12	13	10.7071892189	3.5950585261006127	0.6901672226696817
1982	12	14	0.0461397340062	2.4395039998539874	0.6968446225759993
1982	12	15	0.094689016641	1.6232789773464502	0.9504752444724028
1982	12	16	0.116694244657	1.2151664660926818	0.6665711363131777
1982	12	17	3.3688399092	1.1555545262466256	0.8123543314978745
1982	12	18	0.531651321006	1.1417979247436898	0.6834811705495757
1982	12	19	0.09114649329300001	0.9767187067084573	0.9299229913318177
1982	12	20	12.015986137899999	0.9904753082113934	0.8510950983935878
1982	12	21	13.0334022587	2.6320964208950914	0.6964442682126729
1982	12	22	0.7078807939199999	2.6962938945754598	0.7456965923003949
1982	12	23	0.250310493681	2.0084638194286586	0.7333968658295301
1982	12	24	0.040942940468000004	1.426101022471034	0.728336089917838
1982	12	25	0.00268516578754	1.1142847217378176	1.0324191563402696
1982	12	26	0.00199673271176	0.9354489021996493	1.0167856805365643
1982	12	27	0.0099306225023	0.8070539548389131	1.0354205761446365
1982	12	28	0.00222485384745	0.756613082661481	1.1256444617395076
1982	12	29	0.001864187872	0.6786590074781769	1.0582058854432805
1982	12	30	0.00290850937119	0.6144615337978089	1.0585817227939642
1982	12	31	0.0009006744408799999	0.5548495939517527	1.019268984496526
1983	01	01	0.00135456661146	0.5044087217743207	1.0083782528059415
1983	01	02	0.00180764723644	0.46313891726551265	1.0466587067265345
1983	01	03	0.00135651379255	0.4447967819282646	1.080275642228916
1983	01	04	0.00069663951365	0.4356257142596406	1.1170308125461335
1983	01	05	0.0023817986299000003	0.42645464659101656	1.2231403516075623
1983	01	06	0.39982220529	0.4447967819282646	1.2051501028255083
1983	01	07	0.7822560316680001	0.4447967819282646	0.7629657607285473
1983	01	08	0.00157560215097	0.39894144358514455	1.0889412202329247
1983	01	09	0.00225483485686	0.3530861052420245	1.131810773778297
1983	01	10	0.00228476345395	0.3439150375734005	1.0589423959750268
1983	01	11	0.0	0.3668427067449605	1.078571034540801
1983	01	12	0.0025133736304	0.3943559097508325	1.0993070254320583
1983	01	13	2.17834013252	0.3943559097508325	0.9755128998983164
1983	01	14	0.00602984139815	0.41269804508808056	1.1106108470630771
1983	01	15	0.000906972943498	0.38977037591652053	1.2066248651880367
1983	01	16	0.0	0.34850057140771246	1.3911989926600425
1983	01	17	0.0009082512968900001	0.3439150375734005	1.2766702385008397
1983	01	18	0.00767777635484	0.3209873684018404	1.1817205655684082
1983	01	19	0.00203829409647	0.2934741653959684	1.1329508133883797
1983	01	20	0.0	0.2567898947214724	1.003444725498892
1983	01	21	0.06368815436	0.23844775938422433	1.092607662872818
1983	01	22	0.00359615277506	0.2155200902126643	1.0525745518915632
1983	01	23	0.00180772025441	0.19259242104110427	1.291256442137644
1983	01	24	0.00180134845908	0.17883581953816824	1.3454203205079207
1983	01	25	0.0018288850043799998	0.19259242104110427	1.3770063498750655
1983	01	26	0.0013452568731199999	0.19259242104110427	1.5296799643055796
1983	01	27	0.00045978475246	0.19259242104110427	1.6735965400502608
1983	01	28	0.0053354019339	0.17425028570385623	1.2760135607857837
1983	01	29	0.0119715054081	0.1604936842009202	1.3032189511012886
1983	01	30	0.00205439017355	0.15590815036660824	1.2804858249152709
1983	01	31	0.0021446407014799997	0.15590815036660824	1.3988613509703138
1983	02	01	0.007115545171400001	0.1513226165322962	1.3983683769002884
1983	02	02	0.0080776916554	0.1375660150293602	1.490405567447561
1983	02	03	0.000452079222091	0.12380941352642418	1.6035421297079344
1983	02	04	0.0	0.12380941352642418	1.6888270195240256
1983	02	05	0.04156851743500001	0.11005281202348816	1.223078339696122
1983	02	06	0.371303858886	0.10546727818917614	0.8854716227457644
1983	02	07	0.318739131045	0.10546727818917614	0.951672216718962
1983	02	08	1.054932616415	0.10546727818917614	0.9753579592015276
1983	02	09	0.00090067454655	0.09629621052055214	1.1736146971503776
1983	02	10	0.113672029822	0.09171067668624013	1.1194102558482308
1983	02	11	5.19907960298	0.10088174435486413	0.9866026220253362
1983	02	12	0.17350248949199998	0.13298048119504818	1.1069843216130344
1983	02	13	0.0162373219422	0.12380941352642418	1.2537882482009595
1983	02	14	0.019720468260499998	0.12380941352642418	1.2157276846789222
1983	02	15	6.25689970498	0.1467370826979842	1.2177797064144549
1983	02	16	0.0280118151456	0.1283949473607362	1.3468496541751052
1983	02	17	4.42862716392	0.11005281202348816	0.9442990279871807
1983	02	18	1.9193285914	0.10546727818917614	1.3013042083507573
1983	02	19	2.75040327544	0.11922387969211216	1.4843046666777966
1983	02	20	7.459160764	0.09171067668624013	1.4197467201015717
1983	02	21	13.8737661811	0.18800688720679226	1.1593683938061439
1983	02	22	15.5204672292	0.2797175638930324	1.2440928221343652
1983	02	23	1.5703665194799998	0.6052904661291848	1.492721182633086
1983	02	24	5.25963495885	0.4723099849341366	1.3778451379783283
1983	02	25	8.948972506399999	0.719928811986985	1.0850658071583525
1983	02	26	0.165040118882	0.8804224961879052	1.4335000548013321
1983	02	27	0.3278686174989999	0.5686061954546888	1.5594387290144955
1983	02	28	0.0	0.4081125112537686	1.8723756202449802
1983	03	01	0.00375512145502	0.3668427067449605	2.2856960444820538
1983	03	02	0.00136140356613	0.3164018345675284	2.7657649765837267
1983	03	03	0.00192487447001	0.2567898947214724	2.421971610301932
1983	03	04	0.0198100035082	0.2292766917156003	2.1948005845138434
1983	03	05	0.00226743146055	0.2109345563783523	2.7252626338065924
1983	03	06	0.0022713016243	0.19259242104110427	2.2737013099169614
1983	03	07	0.631701959478	0.17883581953816824	2.265339519819709
1983	03	08	0.14156017091300002	0.17425028570385623	2.137790569115627
1983	03	09	0.10223403956350001	0.16966475186954422	2.229402034981031
1983	03	10	0.0261234246168	0.16507921803523223	2.120414235919536
1983	03	11	0.0470447964995	0.15590815036660824	2.434684737765323
1983	03	12	0.016246407448799998	0.1467370826979842	2.31662219452177
1983	03	13	1.3402242336999999	0.1375660150293602	2.0884370799356313
1983	03	14	0.105734057154	0.12380941352642418	2.016639522124601
1983	03	15	1.0844333028400002	0.12380941352642418	1.540270713165973
1983	03	16	0.0009006744408799999	0.12380941352642418	2.2587006542564563
1983	03	17	0.0018259996850299998	0.11922387969211216	2.8722716884402377
1983	03	18	0.0	0.12380941352642418	3.3824921395253615
1983	03	19	0.336892169778	0.12380941352642418	3.5696487127222025
1983	03	20	0.0079033921605	0.1375660150293602	2.7092167169808903
1983	03	21	1.6112625002	0.1375660150293602	2.599565628140356
1983	03	22	0.039195507379	0.1513226165322962	2.649559933829091
1983	03	23	0.40236752084800004	0.15590815036660824	2.6559115788035452
1983	03	24	1.0744154698300001	0.1467370826979842	1.5959857920127132
1983	03	25	0.00180134856475	0.1513226165322962	2.013567777306207
1983	03	26	0.0009286586677020001	0.24303329321853634	2.268622069380867
1983	03	27	1.52647986642	0.20634902254404028	1.9568835893856038
1983	03	28	1.34106589525	0.17883581953816824	1.864769303499313
1983	03	29	0.00136138824398	0.18800688720679226	2.4285155001776113
1983	03	30	0.007958886874399999	0.17425028570385623	2.7401682628301476
1983	03	31	0.64116920952	0.16966475186954422	1.9949601657842992
1983	04	01	0.9471254935	0.15590815036660824	1.8561083065858155
1983	04	02	0.32547849947	0.15590815036660824	1.928251214805713
1983	04	03	0.00090067454655	0.15590815036660824	2.520021547741208
1983	04	04	1.31757555992	0.1604936842009202	2.1983179806745152
1983	04	05	0.523860641751	0.17425028570385623	2.304574321383975
1983	04	06	0.73025197828	0.16966475186954422	2.409298519655435
1983	04	07	2.51403660398	0.16507921803523223	2.456749019884345
1983	04	08	0.42007578398400003	0.18342135337248025	3.1016464518627225
1983	04	09	0.011159946071	0.17425028570385623	3.2191943565313155
1983	04	10	1.95879168692	0.16966475186954422	3.6030375755478885
1983	04	11	0.013361098665799999	0.16507921803523223	2.3963515121212673
1983	04	12	0.00045978475246	0.20634902254404028	3.7797471435020786
1983	04	13	0.00862750904425	0.1513226165322962	3.842762455725155
1983	04	14	0.21387363902300002	0.1421515488636722	4.703613330161592
1983	04	15	0.00326581334992	0.15590815036660824	4.122819455250807
1983	04	16	0.908618235965	0.13298048119504818	3.4825917467320555
1983	04	17	17.1820857112	0.5502640601174408	2.616440386853166
1983	04	18	5.6171361178	0.6419747368036808	2.1462269478460616
1983	04	19	12.2094974955	0.38977037591652053	2.429194698927247
1983	04	20	3.2334713557	0.4402112480939526	2.296698756112818
1983	04	21	11.004685140000001	0.3209873684018404	2.6032692681324243
1983	04	22	25.571694072600003	0.8895935638565292	2.0159118708926376
1983	04	23	10.1299826944	1.2839494736073616	2.513466451649727
1983	04	24	12.1240506201	3.049379999817484	2.1138616347578894
1983	04	25	9.1621310871	3.026452330645924	2.5054635943285333
1983	04	26	8.723835174500001	1.7791871277130584	2.365310039303391
1983	04	27	1.99415013696	1.1647255939152497	2.8664116807455806
1983	04	28	8.3870511474	0.9446199698682732	2.8383185851865425
1983	04	29	18.33068057	0.8253960901761611	2.410883195315114
1983	04	30	23.5384606181	2.5724844810490355	2.1831788315249154
1983	05	01	1.15835411732	2.820103308101884	2.528253399359493
1983	05	02	4.4441483962	2.3615499246706837	2.8274423800361164
1983	05	03	3.5649861482500005	1.46278529314553	3.04180639724225
1983	05	04	0.0190055261745	1.0317451127202013	3.7791456052163674
1983	05	05	8.43719325312	0.8116394886732251	2.793546187035714
1983	05	06	0.31963059486600004	0.8437382255134092	3.2494731719058723
1983	05	07	0.00046608328677899996	0.8116394886732251	3.537295713943788
1983	05	08	0.057442993957999997	0.6144615337978089	2.784525059424636
1983	05	09	0.5572640065850001	0.4723099849341366	2.4550289918997246
1983	05	10	0.401925101692	0.38518484208220855	2.3280652995113487
1983	05	11	1.7212680346299998	0.3439150375734005	2.7028435144877085
1983	05	12	11.2521040481	0.8712514285192812	2.196490485839441
1983	05	13	3.1472023677000003	1.426101022471034	2.9624572730223075
1983	05	14	7.1825568586	1.1922387969211217	2.490002585615196
1983	05	15	5.702728183780001	1.0088174435486414	3.2223610254325172
1983	05	16	8.025488562	2.095588962280587	2.565086397914227
1983	05	17	3.54900155302	2.159786435960955	2.6383279401942024
1983	05	18	0.286123102814	1.8342135337248024	3.1656107575777357
1983	05	19	0.16712072948099999	1.0500872480574495	2.8808808942810726
1983	05	20	2.17302482585	0.6190470676321209	2.6961368624693853
1983	05	21	4.07320876067	0.5089942556086328	2.6477968366918163
1983	05	22	0.0399304887238	0.3943559097508325	3.084599453639302
1983	05	23	0.55329150144	0.3209873684018404	2.987220753568162
1983	05	24	0.0	0.3209873684018404	3.8770587160534413
1983	05	25	0.0	0.3209873684018404	4.668186681196072
1983	05	26	0.0009006744408799999	0.30723076689890444	4.834779408936221
1983	05	27	0.00742346670604	0.2888886315616564	4.1158523228272665
1983	05	28	0.059339928963	0.2888886315616564	3.1051966967803635
1983	05	29	0.017186757381899998	0.2751320300587204	3.6966159168708637
1983	05	30	0.585065783585	0.2751320300587204	3.5349557480978584
1983	05	31	13.3446870581	0.3805993082478965	2.894909891082618
1983	06	01	2.05011265195	0.3943559097508325	3.1034789658600204
1983	06	02	0.0022800280642399995	0.3943559097508325	4.872003198157707
1983	06	03	0.0014164272031700002	0.3943559097508325	5.288834715692552
1983	06	04	0.000906972943498	0.3943559097508325	5.530063679359658
1983	06	05	6.94803465699	0.4218691127567046	4.605721141035336
1983	06	06	1.14507837254	0.5227508571115687	3.6185018006113605
1983	06	07	1.57721171641	0.49065212027138466	3.669815317035697
1983	06	08	0.08629319699699999	0.4723099849341366	3.98776264024887
1983	06	09	0.0031200222473100002	0.46313891726551265	4.395167591092402
1983	06	10	0.010637431168399998	0.4447967819282646	4.607178006059183
1983	06	11	0.068411117278	0.42645464659101656	3.864440599525089
1983	06	12	0.12293409619819999	0.4172835789223926	4.002776359902192
1983	06	13	0.00219632833662	0.4172835789223926	4.321407226502369
1983	06	14	0.00136045887633	0.4172835789223926	6.362228708674108
1983	06	15	0.00046608328677899996	0.4447967819282646	6.868209585092193
1983	06	16	0.000904653804008	0.4493823157625766	6.355454053482911
1983	06	17	0.0386572402495	0.41269804508808056	4.7547839647700965
1983	06	18	0.0013573093819799998	0.3943559097508325	6.1264970211417085
1983	06	19	0.0009084621508080001	0.38518484208220855	5.7092724018439585
1983	06	20	0.010124729838699999	0.3209873684018404	4.752669417953149
1983	06	21	0.064529033952	0.2751320300587204	4.134599660548332
1983	06	22	0.0023874696217900003	0.26596096239009637	4.647776774568527
1983	06	23	0.0270399935164	0.25220436088716036	3.7085980599066573
1983	06	24	0.2777612032399999	0.25220436088716036	3.405765042937426
1983	06	25	0.7148255002889999	0.3026452330645924	3.4587860949938367
1983	06	26	0.0319059089238	0.2567898947214724	4.075282107216947
1983	06	27	0.000906214866918	0.20176348870972827	4.3722173585399675
1983	06	28	0.0	0.16966475186954422	5.4161107815519784
1983	06	29	0.00230363146647	0.1421515488636722	5.735134715990334
1983	06	30	0.00046608328677899996	0.10088174435486413	4.968667983673285
1983	07	01	0.0034163431180099994	0.12380941352642418	4.771384818011788
1983	07	02	0.0690544003102	0.12380941352642418	4.401098874407889
1983	07	03	0.28477631753	0.1467370826979842	4.303376274461802
1983	07	04	0.171908478676	0.17883581953816824	4.7335271199729965
1983	07	05	0.115641359344	0.16966475186954422	4.806373207202694
1983	07	06	0.0255682344368	0.15590815036660824	4.801619532815266
1983	07	07	0.288826733166	0.16507921803523223	4.083122238960978
1983	07	08	0.759811607431	0.17425028570385623	4.086038448544885
1983	07	09	1.53894385426	0.20176348870972827	4.370067538720302
1983	07	10	1.67097925895	0.2109345563783523	3.9819861066430127
1983	07	11	0.0016507488431199999	0.24303329321853634	4.557631769965498
1983	07	12	0.0042329901486	0.24303329321853634	4.660366294144274
1983	07	13	0.0080676456085	0.20176348870972827	4.5578650641988725
1983	07	14	0.018395551383000003	0.16507921803523223	4.088497588810371
1983	07	15	0.00377051503794	0.1513226165322962	4.2037788581878
1983	07	16	0.46375318931	0.1375660150293602	4.156905069170704
1983	07	17	1.30555855618	0.11922387969211216	3.8176918702319216
1983	07	18	5.321129087	0.2201056240469763	4.122108771796297
1983	07	19	1.43786775184	0.26596096239009637	4.043898649633177
1983	07	20	0.0444912164908	0.25220436088716036	3.987726727360105
1983	07	21	0.88991712921	0.24303329321853634	3.3940431558722155
1983	07	22	0.401184238755	0.23386222554991232	3.718779805943007
1983	07	23	0.00791721020372	0.2201056240469763	4.250767832644664
1983	07	24	0.5246642304	0.19259242104110427	3.772695588962032
1983	07	25	0.846456685528	0.20634902254404028	3.3411529216231086
1983	07	26	0.25922953833	0.2109345563783523	3.568737198029152
1983	07	27	0.10518008217900002	0.2201056240469763	3.6256008392270687
1983	07	28	0.070288133488	0.19717795487541626	4.783461788493637
1983	07	29	0.39632917777000004	0.16966475186954422	5.554366842165875
1983	07	30	0.212892419104	0.1513226165322962	4.1557400294776174
1983	07	31	1.072183127678	0.13298048119504818	3.391902930307732
1983	08	01	0.09828536194680002	0.15590815036660824	3.910839270434045
1983	08	02	0.00253247411692	0.1513226165322962	4.1939214003702165
1983	08	03	0.00136675765369	0.1375660150293602	4.907790885899278
1983	08	04	0.00274128067867	0.11922387969211216	4.354037031978509
1983	08	05	0.0014195411923999999	0.10546727818917614	4.9471416210372645
1983	08	06	12.793240766199999	0.09629621052055214	5.972348605943394
1983	08	07	3.3280438923	0.19259242104110427	3.8217567413274667
1983	08	08	1.8109411816800003	0.17425028570385623	3.3024703359409973
1983	08	09	1.5183387326100002	0.1604936842009202	3.68494678256528
1983	08	10	0.9616086765349999	0.1604936842009202	3.165426492351327
1983	08	11	0.6322933204989999	0.17425028570385623	3.2925440707037668
1983	08	12	0.6645899083200001	0.1604936842009202	3.343906285467551
1983	08	13	0.9508017528	0.15590815036660824	3.611595123610487
1983	08	14	0.7571986208050001	0.15590815036660824	3.575440629862513
1983	08	15	0.9578141936389999	0.15590815036660824	3.6516871208320048
1983	08	16	0.46438868869000005	0.16507921803523223	3.679410439792187
1983	08	17	0.030522536459	0.15590815036660824	4.621506583569798
1983	08	18	1.9583934166899999	0.15590815036660824	3.135081586257009
1983	08	19	1.2350991738900001	0.15590815036660824	3.3007358365840775
1983	08	20	0.16594564738000003	0.15590815036660824	3.6431180811564188
1983	08	21	0.47270065918900006	0.15590815036660824	3.300432881765047
1983	08	22	0.037757172777099994	0.16507921803523223	3.5626027478284596
1983	08	23	0.0008934912056199999	0.15590815036660824	4.233733732361492
1983	08	24	0.000638286257178	0.1283949473607362	4.267773959063984
1983	08	25	0.0630527226088	0.12380941352642418	3.2341760726124744
1983	08	26	0.195259636049	0.12380941352642418	4.088707437304376
1983	08	27	0.058748003664199994	0.11922387969211216	4.388538052134265
1983	08	28	0.032819705042600004	0.10546727818917614	4.404448901650199
1983	08	29	0.0055688237938	0.10546727818917614	4.423051254284116
1983	08	30	0.394480216945	0.10546727818917614	3.974027848624285
1983	08	31	0.40487513334999997	0.10546727818917614	3.3630811952464117
1983	09	01	1.7218461552	0.10546727818917614	3.0632150029255825
1983	09	02	0.80527905199	0.11922387969211216	3.4313609644466005
1983	09	03	0.000906972943498	0.12380941352642418	3.916727922118584
1983	09	04	0.000459784773594	0.11463834585780015	4.612726867285489
1983	09	05	0.0018078616408699999	0.13298048119504818	5.329358271152087
1983	09	06	0.00137127092506	0.1375660150293602	5.327768062763607
1983	09	07	0.0017607868182400001	0.11005281202348816	4.76518999418938
1983	09	08	0.0296423000755	0.10546727818917614	3.420599617361907
1983	09	09	0.462387161519	0.10546727818917614	3.252423284355757
1983	09	10	0.21053775336000002	0.10546727818917614	2.6930044705110405
1983	09	11	0.00137208204798	0.11463834585780015	3.1037461506186017
1983	09	12	0.00146541106002	0.11463834585780015	3.531841064865647
1983	09	13	0.00051517749481	0.10546727818917614	3.619978824050103
1983	09	14	0.0034108680383	0.10546727818917614	3.6277266415005687
1983	09	15	0.23387446564400002	0.10546727818917614	3.249707769109199
1983	09	16	0.0073129299685200004	0.10546727818917614	2.747967556213551
1983	09	17	0.9355398347	0.11463834585780015	2.9625116752303007
1983	09	18	0.135979674811	0.1467370826979842	2.9688125852288914
1983	09	19	0.0089878263087	0.1375660150293602	3.050495932107599
1983	09	20	0.027431483959199997	0.13298048119504818	3.365143400057688
1983	09	21	0.0015306505556500001	0.13298048119504818	3.584200480916879
1983	09	22	0.0321025755876	0.12380941352642418	4.1410927264709745
1983	09	23	0.215568955668	0.11463834585780015	3.3995166831233434
1983	09	24	0.012000860534099999	0.10546727818917614	3.7074351555958254
1983	09	25	0.00045978475246	0.10546727818917614	4.057835981798756
1983	09	26	0.0	0.10546727818917614	4.0525856134948395
1983	09	27	0.0027146200320000004	0.10546727818917614	3.733882931731334
1983	09	28	0.009820455187100001	0.10088174435486413	3.6919248624105276
1983	09	29	0.661132639528	0.11922387969211216	2.975341844764608
1983	09	30	0.044368831610200006	0.12380941352642418	2.6627822852067338
1983	10	01	0.00480253073728	0.1421515488636722	2.912942665009228
1983	10	02	0.00180764734211	0.13298048119504818	3.673237157875359
1983	10	03	0.00090067454655	0.11922387969211216	3.7275091513138965
1983	10	04	0.28565933831800006	0.11922387969211216	3.0590209547400664
1983	10	05	0.16782808446100003	0.11922387969211216	2.700732984453533
1983	10	06	0.0072186230863	0.12380941352642418	2.5129293120576817
1983	10	07	0.00406847474467	0.11922387969211216	2.237268032210271
1983	10	08	0.0	0.11463834585780015	2.27280259262033
1983	10	09	0.00482915038399	0.10546727818917614	2.3191188738349955
1983	10	10	0.0671468951351	0.10088174435486413	2.0907238501992382
1983	10	11	0.00083590063294	0.09171067668624013	2.550005008814476
1983	10	12	0.000721878867119	0.09629621052055214	2.936436083486002
1983	10	13	4.23616299602	0.13298048119504818	2.0936718432615016
1983	10	14	0.7036610104079999	0.11005281202348816	2.138142524221247
1983	10	15	1.18318244619	0.1283949473607362	2.2210643178046503
1983	10	16	3.0277723373099996	0.10546727818917614	1.6268086925704301
1983	10	17	0.0655421894584	0.13298048119504818	1.6167512154771988
1983	10	18	0.00226285774594	0.13298048119504818	2.676901546649751
1983	10	19	0.00090604828873	0.1283949473607362	2.9247609967645967
1983	10	20	0.00096923968842	0.11922387969211216	2.7646379813303916
1983	10	21	0.00178249164758	0.10546727818917614	2.3019407698146015
1983	10	22	0.0018851168721999998	0.11005281202348816	1.7548195640269695
1983	10	23	0.08855728241699999	0.11922387969211216	1.6876576703764943
1983	10	24	0.315199894034	0.13298048119504818	1.8893787792474566
1983	10	25	0.48097581426	0.13298048119504818	2.1940171853954715
1983	10	26	8.8740028115	0.13298048119504818	1.9502184526767308
1983	10	27	7.641020419049999	0.1375660150293602	1.1187411382159484
1983	10	28	9.8123133136	0.1513226165322962	1.151807397107333
1983	10	29	0.26628132011000005	0.1604936842009202	1.251942001610839
1983	10	30	0.1128898668222	0.1467370826979842	1.5729961831032981
1983	10	31	0.0	0.1283949473607362	1.8431952700571401
1983	11	01	0.0009132712559099999	0.11463834585780015	2.022508236485225
1983	11	02	1.44615227984	0.13298048119504818	1.8859001880711788
1983	11	03	14.469343435099999	0.13298048119504818	1.1379056618857484
1983	11	04	3.4252275346	0.13298048119504818	1.2748130351651903
1983	11	05	7.445624436999999	0.20176348870972827	0.9656644690143145
1983	11	06	0.251211626307	0.18342135337248025	1.5994332867569763
1983	11	07	10.5134961089	0.16507921803523223	1.403539000929833
1983	11	08	5.076714377	0.26596096239009637	1.276341287088023
1983	11	09	19.473094790500003	0.5640206616203768	1.22940987303649
1983	11	10	7.85922791235	0.692415608981113	1.1221509612519405
1983	11	11	8.63640339382	0.46772445109982463	1.0887578071703579
1983	11	12	0.70880551209	0.38977037591652053	1.1974885677907625
1983	11	13	6.30399925439	0.3622571729106485	1.0125977284375245
1983	11	14	11.582843751199999	0.38518484208220855	0.9434088563827164
1983	11	15	11.2216108562	0.701586676649737	0.957662292327405
1983	11	16	0.679052813282	0.752027548827169	1.1254125380604212
1983	11	17	3.28100214438	0.6786590074781769	1.119561298050239
1983	11	18	2.01345002277	0.6007049322948728	1.2631488886401274
1983	11	19	31.614551372999998	0.8941790976908413	0.953930957376039
1983	11	20	54.53589602099999	3.617986195272173	0.8901857335420078
1983	11	21	7.6724943342200005	4.713928781672743	0.7914150314638211
1983	11	22	2.61264584025	5.232094104949999	0.9092452537931104
1983	11	23	0.18981244265199998	2.7925901050960116	0.9211075039241475
1983	11	24	2.8960564787000003	2.5082870073686676	1.0161604241082132
1983	11	25	0.6679796434149999	2.343207789333435	1.2329357146622633
1983	11	26	0.0563400739	2.155200902126643	1.1542617306507648
1983	11	27	2.2459471645	1.9901216840914107	0.9367582940131708
1983	11	28	0.017733584838100003	1.7700160600444343	1.0550940443495305
1983	11	29	0.0018139452741099999	1.536153834494522	1.4235745090929586
1983	11	30	0.0009006744408799999	1.3435614134534177	1.5785858237594292
1983	12	01	0.0054449859507	1.1784821954181857	1.402190537579737
1983	12	02	0.0017291276635600001	1.0500872480574495	1.2489644862759652
1983	12	03	0.0009038235442510001	0.9492055037025853	1.3785609681018933
1983	12	04	0.0009195696634249999	0.8666658946849691	1.225542924488683
1983	12	05	0.0	0.7841262856673531	1.2325988534810106
1983	12	06	0.0009100972778209999	0.719928811986985	1.1002283184531005
1983	12	07	0.000913271308745	0.687830075146801	1.2511708214847588
1983	12	08	0.0118170634196	0.6419747368036808	1.2104157367474764
1983	12	09	3.97470582842	0.6098759999634968	0.931982149493577
1983	12	10	0.379637047921	0.6328036691350568	0.8053863097817376
1983	12	11	1.17228808053	0.5869483307919368	0.9645490090551193
1983	12	12	0.195499348444	0.5548495939517527	0.8031465893585539
1983	12	13	0.0026702005908000002	0.49065212027138466	1.02920153589831
1983	12	14	17.9476014592	0.4585533834312006	0.6782160739281898
1983	12	15	19.6901494241	0.9446199698682732	0.8309915626298239
1983	12	16	19.8904004143	3.2144592178527165	0.5880303223227605
1983	12	17	11.2993797494	2.888886315616564	0.7786299805754353
1983	12	18	26.5305278021	4.406698014773838	0.8258800610788234
1983	12	19	5.59131184918	5.585180210192023	0.7067432947764981
1983	12	20	18.968165489300002	5.612693413197896	0.9851512155291082
1983	12	21	3.06022306596	5.030330616240271	0.8502940927109406
1983	12	22	1.90381528437	2.9026429171195	0.815791663422276
1983	12	23	0.0483784818736	2.5724844810490355	0.9174686947377049
1983	12	24	0.00045033722043999995	2.5174580750372915	1.213170466216493
1983	12	25	0.060980596254099996	2.4670172028598594	1.118755616614906
1983	12	26	0.0009006744408799999	2.425747398351051	1.4306460898916527
1983	12	27	0.0009006744408799999	2.366135458504995	1.349017698747903
1983	12	28	0.001360458982	2.324865653996187	1.1613376375866131
1983	12	29	0.0022626607770600002	2.2744247818187553	1.1058118537235695
1983	12	30	0.0009006744408799999	1.8892399397365465	1.1188619208878992
1983	12	31	0.0024943828293399997	1.247265202932866	1.0048973355821218
1984	01	01	0.0240529213533	1.1784821954181857	0.9680281784837492
1984	01	02	0.0113084155911	1.1555545262466256	0.9243355957717585
1984	01	03	1.72075194235	1.1463834585780015	1.0467814956415733
1984	01	04	0.029377331493799997	1.1188702555721295	0.7055500157243213
1984	01	05	0.0206096242487	1.1142847217378176	0.9595731029639113
1984	01	06	1.35253869849	1.1142847217378176	0.9833932431417042
1984	01	07	1.2502546823	1.1142847217378176	0.6693783190884514
1984	01	08	24.375210626499996	1.57742363900333	0.7928011089822484
1984	01	09	0.0009006744408799999	1.517811699157274	0.879455195860553
1984	01	10	0.00227373013224	1.3435614134534177	1.0049738879003405
1984	01	11	0.134561044494	1.3114626766132338	1.1297061521721818
1984	01	12	0.316164587165	1.2839494736073616	0.8097704047816223
1984	01	13	0.086426943516	1.2518507367671776	0.8934744724922503
1984	01	14	1.0479087843500001	1.2105809322583696	0.9475180378593334
1984	01	15	0.268787115088	1.1784821954181857	0.9686756122683574
1984	01	16	0.00134114430239	1.1509689924123134	1.2740156863509997
1984	01	17	0.0563660190551	1.1463834585780015	1.2589906646735853
1984	01	18	0.7023884371649999	1.1188702555721295	1.0312027747687804
1984	01	19	3.1449526534000003	1.1142847217378176	0.8945146785212001
1984	01	20	19.089617303799997	1.1326268570750657	0.7323381199637876
1984	01	21	3.0750248968800005	1.1463834585780015	0.8542924813094606
1984	01	22	4.026871937319999	1.522397232991586	0.971633946712001
1984	01	23	2.50167405934	1.522397232991586	0.9335936132782562
1984	01	24	0.190938557275	1.453614225476906	1.0492841174231184
1984	01	25	0.42329056126000003	1.412344420968098	1.2007881296416718
1984	01	26	7.5394900413	1.3435614134534177	0.8758828093033856
1984	01	27	5.25109671718	1.2747784059387375	0.8014507794093144
1984	01	28	0.00056585344537	1.2197519999269937	1.1642088444116356
1984	01	29	4.1492392767	1.1784821954181857	1.2910385592046187
1984	01	30	1.59628314368	1.1188702555721295	1.3307770024022783
1984	01	31	4.25378632161	1.0867715187319456	1.002595613947988
1984	02	01	2.8263404848600002	1.0500872480574495	0.963427080500418
1984	02	02	0.33526016003	1.0088174435486414	0.9274623575758258
1984	02	03	1.1971872083	0.9767187067084573	0.9857633046950112
1984	02	04	0.06358032340849999	0.9537910375368973	1.131644371460262
1984	02	05	0.0274630602686	0.9308633683653371	1.2401889104926207
1984	02	06	0.0013722506972999998	0.8941790976908413	1.4321574279934592
1984	02	07	0.0194247328016	0.8299816240104732	1.2762406190596454
1984	02	08	0.174132103053	0.752027548827169	1.1888372417174495
1984	02	09	0.0102313360749	0.706172210484049	1.3468867680594538
1984	02	10	0.0009132712559099999	0.6649024059752409	1.6814339558110798
1984	02	11	0.0	0.6052904661291848	1.7666157386366652
1984	02	12	0.00180134856475	0.5365074586145048	1.8761065848771403
1984	02	13	0.0022673835920400003	0.49065212027138466	1.6841381633525365
1984	02	14	0.0	0.4493823157625766	1.8548339960132454
1984	02	15	0.00090653320836	0.34850057140771246	1.6625424876314165
1984	02	16	0.00136321718034	0.3026452330645924	1.6632942890949545
1984	02	17	0.00226743146055	0.2797175638930324	1.6993999777218822
1984	02	18	2.7918127066899996	0.26137542855578433	1.661529379991813
1984	02	19	2.86125237348	0.24303329321853634	1.5329472524172476
1984	02	20	0.36115647445599997	0.23844775938422433	1.4883646383489213
1984	02	21	1.9714143911	0.23844775938422433	1.2378578212408982
1984	02	22	1.90820323112	0.24303329321853634	1.324126043315609
1984	02	23	1.6783444579500002	0.2751320300587204	1.2602968103898935
1984	02	24	0.05394058294199999	0.26596096239009637	1.4180935106948798
1984	02	25	0.00180764734211	0.2797175638930324	1.530411121158392
1984	02	26	0.0031791622592	0.26596096239009637	1.704403590483139
1984	02	27	0.031416236257200005	0.24303329321853634	1.5172773192211104
1984	02	28	0.08253573030200001	0.23386222554991232	1.6444302116391316
1984	02	29	1.4055653838699997	0.2201056240469763	1.6262994290702693
1984	03	01	0.000899214049779	0.20176348870972827	1.7928949991567307
1984	03	02	0.00180764734211	0.17883581953816824	2.1838027240682063
1984	03	03	0.0280988745452	0.1513226165322962	2.15928543711427
1984	03	04	0.00090382361822	0.13298048119504818	2.1616766697426795
1984	03	05	0.0	0.11005281202348816	2.1197530389798906
1984	03	06	0.0013636086876899999	0.10088174435486413	2.3284555911886016
1984	03	07	0.0013541599933	0.09171067668624013	2.349023470327299
1984	03	08	0.00046608328677899996	0.08253960901761612	2.907195379288164
1984	03	09	0.0009132712559099999	0.0687830075146801	2.4583173417075717
1984	03	10	0.00317456910131	0.05961193984605608	2.1193681851901034
1984	03	11	0.00047000465821099997	0.05044087217743207	2.192956119766939
1984	03	12	0.97267935259	0.04585533834312006	2.2889932758336693
1984	03	13	2.16935585778	0.03668427067449605	1.570936734327588
1984	03	14	8.727043315700001	0.018342135337248024	1.533467366318205
1984	03	15	16.217815260200002	0.6557313383066169	1.2487045420001608
1984	03	16	13.529383424299999	6.5435567815632325	1.4640636684759885
1984	03	17	0.57649177262	3.3382686313791408	2.0483319637902078
1984	03	18	3.08170641098	2.5266291427059153	2.172760780201642
1984	03	19	5.0484440592199995	2.4853593381971075	1.711537244185649
1984	03	20	9.664268586899999	2.4761882705284837	1.9920736208638765
1984	03	21	5.3162545299	2.5541423457117873	2.137898952327376
1984	03	22	0.16447449907300002	2.5449712780431635	1.6270109733178226
1984	03	23	6.87541855	2.5220436088716034	2.1868754358036098
1984	03	24	8.275568240699998	2.962254856965556	1.5323938691785595
1984	03	25	4.38720632031	3.076893202823356	1.6353819611364555
1984	03	26	1.4214445204400001	2.5633134133804116	1.9064294394991277
1984	03	27	4.78883072745	2.5633134133804116	2.278579309838356
1984	03	28	9.949625138400002	2.5633134133804116	1.9162572550576824
1984	03	29	0.5953730572919999	2.5633134133804116	2.0784051718059167
1984	03	30	0.63441774188	2.549556811877475	2.0555665007112807
1984	03	31	23.761298570799998	4.553435097471822	1.434028181474339
1984	04	01	1.1265151123	2.824688841936196	1.821010229515613
1984	04	02	1.60471444731	1.6278645111807621	1.8976150436185482
1984	04	03	1.34109949831	1.8479701352277385	1.4294814193224634
1984	04	04	0.94488592352	1.8342135337248024	2.070211872692913
1984	04	05	0.0316314152483	1.8067003307189304	2.42379253716311
1984	04	06	0.0009006744408799999	1.8067003307189304	3.2977392703359505
1984	04	07	0.0013541599933	1.7929437292159944	4.104088545701605
1984	04	08	0.000450445405386	1.7333317893699383	3.441895379079777
1984	04	09	0.42021761425799997	1.6966475186954424	3.324990792448932
1984	04	10	0.220035763939	1.6966475186954424	3.1637036319421736
1984	04	11	7.376928370000001	1.6599632480209463	3.2561955031676804
1984	04	12	7.44660674532	1.6232789773464502	2.8565797609061554
1984	04	13	6.34678472038	1.5957657743405782	3.0456391339944346
1984	04	14	11.1035986002	1.57742363900333	2.0724282386727455
1984	04	15	0.5538278823600001	1.5544959698317702	2.2677610162098616
1984	04	16	0.0036476806371600005	1.5269827668258982	2.6533381826495717
1984	04	17	0.00181584131092	1.48571296231709	4.049258253460936
1984	04	18	0.00271609433984	1.471956360814154	4.07446985108905
1984	04	19	0.00180764723644	1.449028691642594	4.416076225974982
1984	04	20	0.00136045887633	1.41692995480241	4.711899871764171
1984	04	21	0.016343729518799997	1.4077588871337858	4.0709398101711605
1984	04	22	2.95005849818	1.375660150293602	3.53374402521365
1984	04	23	7.27822043795	1.352732481122042	3.29592522150273
1984	04	24	8.43911634145	1.3435614134534177	3.1941547797501495
1984	04	25	1.4756804933	1.3435614134534177	3.1746559945373862
1984	04	26	7.4223770369999995	1.3435614134534177	3.747332088603856
1984	04	27	9.4427567927	1.3343903457847939	3.107249237422184
1984	04	28	0.594132607729	1.3114626766132338	3.4578642541681752
1984	04	29	1.7075341047300001	1.2839494736073616	2.8889727610546183
1984	04	30	1.07741068598	1.2747784059387375	2.1578087928030056
1984	05	01	8.13276199858	1.3160482104475457	1.7133750705687694
1984	05	02	15.3054499132	1.403173353299474	2.510160575762818
1984	05	03	0.652976299805	1.412344420968098	2.617189571699712
1984	05	04	0.38692875343600003	1.412344420968098	2.8594304666062977
1984	05	05	1.5806551846999999	1.412344420968098	2.399034186120982
1984	05	06	0.49582857812	1.403173353299474	2.766686611754371
1984	05	07	0.0373650134432	1.375660150293602	3.356115631500764
1984	05	08	4.23297408676	1.3664890826249778	3.3835363386261195
1984	05	09	0.0	1.3435614134534177	3.488909665717475
1984	05	10	0.0013636081593399998	1.3435614134534177	3.9665188697858333
1984	05	11	0.0013788623635300002	1.3343903457847939	3.756640545538206
1984	05	12	0.0013636081593399998	1.3022916089446097	4.289051560402349
1984	05	13	0.007053598247299999	1.2656073382701136	3.009306768663095
1984	05	14	0.385498171842	1.2335086014299297	2.5216948089575264
1984	05	15	0.54190989141	1.2059953984240577	2.576388603959614
1984	05	16	4.8933103549000005	1.1647255939152497	2.3833594176738884
1984	05	17	18.183602723800004	1.1417979247436898	2.5853902724861966
1984	05	18	6.324876264949999	1.1005281202348816	2.3853365468741887
1984	05	19	5.75128069569	1.0592583157260735	2.8629454987584797
1984	05	20	9.767392996600002	1.0271595788858896	2.186348736620946
1984	05	21	19.086879394100002	0.9904753082113934	2.6387249026003095
1984	05	22	1.71439409546	0.9675476390398333	2.9107326053421727
1984	05	23	1.5172817155999998	0.9171067668624012	2.6438106145456266
1984	05	24	3.273402992	0.9125212330280893	2.4719030936522333
1984	05	25	0.045624966828	0.8850080300222172	3.0875949184070124
1984	05	26	0.8896298124800001	0.8391526916790971	2.7162008118546623
1984	05	27	0.0034425576259400005	0.7932973533359771	3.2853271195386022
1984	05	28	0.3874559622	0.752027548827169	2.9562215582260145
1984	05	29	6.76892612039	0.729099879655609	2.8988412996457718
1984	05	30	0.110139957237	0.692415608981113	3.9264654277721975
1984	05	31	0.492518106092	0.6603168721409289	3.058284853491201
1984	06	01	1.7889377289200001	0.623632601466433	2.890802419087772
1984	06	02	9.6948072169	0.6557313383066169	2.5956761267634345
1984	06	03	11.3100407957	0.706172210484049	3.024601425797076
1984	06	04	8.34392045752	0.719928811986985	2.8494044855004175
1984	06	05	0.0261234911889	0.692415608981113	3.10001747802766
1984	06	06	2.03916851572	0.6603168721409289	2.838532937198117
1984	06	07	0.254215856108	0.6190470676321209	3.405346752630045
1984	06	08	0.029157727043099997	0.5869483307919368	3.6824584283423176
1984	06	09	0.027590109423	0.5456785262831287	3.640989688041175
1984	06	10	0.0116720746693	0.5181653232772566	4.305690619780831
1984	06	11	0.018295351918899996	0.5089942556086328	5.057808701326352
1984	06	12	0.000459784773594	0.4860665864370727	5.921215203092753
1984	06	13	0.000459784773594	0.4081125112537686	5.961662729625459
1984	06	14	0.00254924056448	0.46313891726551265	5.55310687861707
1984	06	15	0.00180188093021	0.4860665864370727	5.498007658757745
1984	06	16	0.014349529505599999	0.3943559097508325	4.795708343890924
1984	06	17	8.651045029019999	0.3668427067449605	5.340966376042187
1984	06	18	19.9905227393	0.3805993082478965	3.8750255417356536
1984	06	19	12.7260346462	0.41269804508808056	3.988911846031884
1984	06	20	13.0824077779	0.4081125112537686	3.503774622338774
1984	06	21	1.52329423293	0.38977037591652053	3.4465203572584975
1984	06	22	0.074527391981	0.3714282405792725	3.962732580451781
1984	06	23	0.016225269222000002	0.3622571729106485	5.5718014749124345
1984	06	24	0.0018202439458000002	0.3439150375734005	5.455817040643092
1984	06	25	1.07265860041	0.33015843607046447	5.809528943135589
1984	06	26	3.7277184765999998	0.30723076689890444	4.259024988512823
1984	06	27	0.357227875196	0.2843030977273444	4.4889526549481165
1984	06	28	0.057837918675799994	0.26137542855578433	3.515891232590538
1984	06	29	0.00775224992909	0.23844775938422433	4.211847102284497
1984	06	30	1.2232063323999998	0.2246911578812883	3.6333723305308796
1984	07	01	0.72037584874	0.20634902254404028	3.5196931249306513
1984	07	02	0.006679525390600001	0.20176348870972827	3.9827138769757084
1984	07	03	0.00355940571555	0.19717795487541626	4.370498698135465
1984	07	04	0.0504793335611	0.18342135337248025	3.870141364319013
1984	07	05	0.0304259815532	0.17883581953816824	4.295974839625195
1984	07	06	0.0652950093645	0.16507921803523223	3.923169477598278
1984	07	07	0.0213210094825	0.1513226165322962	4.0876821316850025
1984	07	08	0.00572746267769	0.1421515488636722	4.164625528155577
1984	07	09	0.0093639311995	0.13298048119504818	4.879656135737858
1984	07	10	1.38997092228	0.1283949473607362	3.607163313788089
1984	07	11	0.890155594699	0.11463834585780015	3.6277761226244065
1984	07	12	0.0023400933226499997	0.10088174435486413	4.0748619948793685
1984	07	13	0.0065114414051	0.09629621052055214	4.419427538972589
1984	07	14	0.0009132712559099999	0.08712514285192811	5.573132355699967
1984	07	15	5.56397005369e-05	0.0733685413489921	4.943477584652453
1984	07	16	0.00280231799541	0.05044087217743207	5.25074724162925
1984	07	17	0.0026582915818	0.04585533834312006	5.578690195551037
1984	07	18	0.058025785142000005	0.04585533834312006	4.853166490641006
1984	07	19	0.0094192156301	0.04585533834312006	4.502549289476983
1984	07	20	0.0148596767914	0.02751320300587204	4.047263366141614
1984	07	21	0.006093461078350001	0.01375660150293602	4.8425070623327
1984	07	22	0.00180743663613	0.03209873684018405	5.614982022169424
1984	07	23	0.00157082554996	0.05044087217743207	4.472134525389333
1984	07	24	0.012156033759	0.04585533834312006	4.307895118944077
1984	07	25	0.0126397963025	0.05044087217743207	4.159731835144958
1984	07	26	0.0018719134057	0.05961193984605608	4.540178843309345
1984	07	27	0.00282873982788	0.03668427067449605	4.9797752096337735
1984	07	28	0.00046608328677899996	0.03668427067449605	6.312400907335963
1984	07	29	0.0022526698899	0.03668427067449605	5.447376215851055
1984	07	30	7.714480618	0.03668427067449605	3.8489923165352264
1984	07	31	0.24251043093	0.03668427067449605	3.7001102852551337
1984	08	01	0.0022744696108999997	0.04126980450880806	4.7538924619061715
1984	08	02	0.0018139451684400002	0.03668427067449605	4.61595013792852
1984	08	03	0.046955739936900005	0.03668427067449605	3.331934779434871
1984	08	04	0.0027180145750799996	0.04126980450880806	3.9200779037703186
1984	08	05	0.000904101688825	0.03668427067449605	4.817453579118487
1984	08	06	0.00045978475246	0.04585533834312006	5.826433421050253
1984	08	07	0.0	0.04585533834312006	4.941092191048049
1984	08	08	0.0	0.03668427067449605	5.3240532772736735
1984	08	09	0.000906972943498	0.03668427067449605	4.6064461803101615
1984	08	10	0.0	0.03668427067449605	4.683083987830055
1984	08	11	0.000481070040199	0.02751320300587204	5.314907122837276
1984	08	12	0.0	0.02292766917156003	4.897991934268192
1984	08	13	0.010310550533699999	0.02292766917156003	4.457413839435772
1984	08	14	0.090451226961	0.02292766917156003	3.8011169327161567
1984	08	15	0.0127825955704	0.02292766917156003	3.7758331255870794
1984	08	16	0.134270864107	0.018342135337248024	3.6158091546352282
1984	08	17	0.0009006744408799999	0.018342135337248024	4.032296510201484
1984	08	18	0.00110524670006	0.01375660150293602	4.240478687831423
1984	08	19	0.013654399487900001	0.009171067668624012	4.306371128243131
1984	08	20	0.1168922131752	0.009171067668624012	3.430446649239148
1984	08	21	0.6904373186699999	0.018342135337248024	3.283465090522453
1984	08	22	9.916506047	0.05044087217743207	2.845841094352729
1984	08	23	1.7500391225399998	0.08253960901761612	2.7443147723386057
1984	08	24	0.7369235171320001	0.08712514285192811	3.542439390503637
1984	08	25	0.018717412692699997	0.09171067668624013	3.623643820276369
1984	08	26	0.0026456510193899998	0.08712514285192811	3.4477876376172034
1984	08	27	0.029899879154099997	0.08712514285192811	3.3893369593981433
1984	08	28	0.00090697290123	0.07795407518330412	4.703017469415195
1984	08	29	0.0	0.05961193984605608	5.4472291570557605
1984	08	30	0.00045033722043999995	0.02751320300587204	4.992126284053907
1984	08	31	0.0009286587099700001	0.01375660150293602	5.422591894585864
1984	09	01	0.35531104252999995	0.018342135337248024	3.830740057901148
1984	09	02	0.552891381985	0.03668427067449605	3.449807527501597
1984	09	03	0.010071165715700001	0.02292766917156003	3.506649128913358
1984	09	04	0.23369789107400002	0.01375660150293602	3.551279940724446
1984	09	05	0.015438400737099999	0.01375660150293602	3.190520716252904
1984	09	06	0.00045978475246	0.018342135337248024	4.1188566435340315
1984	09	07	0.104624141742	0.01375660150293602	3.8860783616912524
1984	09	08	0.0009000949466	0.004585533834312006	4.211218864330929
1984	09	09	0.00045033722043999995	0.009171067668624012	3.848777633069125
1984	09	10	0.0021697823419	0.01375660150293602	3.335970942105761
1984	09	11	0.00046608328677899996	0.004585533834312006	3.6879148286852104
1984	09	12	0.00313982501665	0.004585533834312006	3.6324897157290184
1984	09	13	0.0185849289302	0.009171067668624012	3.1413387967576325
1984	09	14	0.0034796268732800004	0.009171067668624012	3.5917973421635856
1984	09	15	0.00133566647526	0.009171067668624012	3.834692389973206
1984	09	16	0.0018139451684400002	0.01375660150293602	4.256528711921803
1984	09	17	0.00045978475246	0.018342135337248024	3.407619952768399
1984	09	18	0.00045978475246	0.03668427067449605	2.9638300127139607
1984	09	19	0.00046608331847999997	0.04126980450880806	3.336383590463353
1984	09	20	0.000989996488788	0.05961193984605608	3.0537095310224665
1984	09	21	0.006535335505499999	0.05044087217743207	2.6059301130875157
1984	09	22	0.00045978475246	0.05044087217743207	3.143530675690089
1984	09	23	1.12009861856	0.05502640601174408	2.5175098485086704
1984	09	24	0.00185107253428	0.0641974736803681	2.3271504538188985
1984	09	25	0.00090697290123	0.0641974736803681	3.142443002941292
1984	09	26	0.0009082332273200001	0.05044087217743207	3.6409643488388928
1984	09	27	0.00090655539906	0.05961193984605608	2.9979202650060883
1984	09	28	17.225625978	0.0733685413489921	2.191046132470065
1984	09	29	0.433641550646	0.09171067668624013	2.261433630923614
1984	09	30	0.274957968346	0.08712514285192811	2.6299995528491196
1984	10	01	1.73731708856	0.1283949473607362	2.0740805252703525
1984	10	02	4.9808555194899995	0.17883581953816824	1.802548635290597
1984	10	03	2.8194631642499997	0.19259242104110427	2.0219073245913948
1984	10	04	11.0118696433	0.2797175638930324	1.8581764107053984
1984	10	05	2.52078395049	0.20176348870972827	1.4992952830020425
1984	10	06	0.0020596520112	0.18342135337248025	1.816057447891416
1984	10	07	0.0013533527801700002	0.18342135337248025	2.4505626756081136
1984	10	08	0.000459784805295	0.16507921803523223	2.8646590101312914
1984	10	09	0.00045033722043999995	0.16507921803523223	3.040295994035837
1984	10	10	0.0084843964648	0.1421515488636722	2.666680834736373
1984	10	11	0.15312316349799998	0.1375660150293602	1.964717522893979
1984	10	12	0.0809059237735	0.11005281202348816	2.3166497187954787
1984	10	13	0.024503879702	0.10546727818917614	2.570310339724393
1984	10	14	0.00137116134527	0.09171067668624013	3.0792411762731295
1984	10	15	0.0013678869489799998	0.09171067668624013	2.7652092671864525
1984	10	16	0.00271776846965	0.08712514285192811	2.591653442895259
1984	10	17	0.0041184449253000004	0.07795407518330412	1.9465691612803775
1984	10	18	3.57582271242	0.07795407518330412	2.019098704883042
1984	10	19	23.7878544985	0.752027548827169	1.6711433132511593
1984	10	20	0.006748727616899999	0.18800688720679226	1.5050410130433334
1984	10	21	0.00181709445145	0.1604936842009202	1.7135855071580657
1984	10	22	0.00045033722043999995	0.16507921803523223	2.2693759253377457
1984	10	23	0.00045978475246	0.1513226165322962	2.232084637695886
1984	10	24	0.016730265095299998	0.20634902254404028	1.976187809775831
1984	10	25	3.24457589899	0.1283949473607362	1.701501579474302
1984	10	26	6.422331584819999	0.32557290223615243	1.3956652848723845
1984	10	27	3.3655113042	0.26137542855578433	1.6384198541640675
1984	10	28	0.11686806124	0.2155200902126643	1.808723560928832
1984	10	29	0.0	0.19259242104110427	2.0980656203180073
1984	10	30	0.153637078976	0.20176348870972827	1.9201524681224376
1984	10	31	1.2467548919	0.2109345563783523	1.7241276107172003
1984	11	01	2.7996861783899996	0.1604936842009202	1.3033676238709786
1984	11	02	12.405298722	0.26137542855578433	1.4040261598304613
1984	11	03	12.6343331635	0.19717795487541626	1.5545168876063948
1984	11	04	7.79594405141	0.2751320300587204	1.2970081600316454
1984	11	05	2.48197780536	0.2797175638930324	1.4637639927875197
1984	11	06	9.49103688735	0.41269804508808056	0.9915552004604105
1984	11	07	15.6870517574	1.3298048119504817	0.8315295476777703
1984	11	08	6.8339863997000005	1.2335086014299297	1.2396632612001515
1984	11	09	2.85800196428	2.425747398351051	1.1650003839274021
1984	11	10	0.0044512990851	1.1784821954181857	1.4232555978819712
1984	11	11	0.00047832140499399996	0.719928811986985	1.2505380008988918
1984	11	12	10.017394479500002	0.8895935638565292	0.989373584810425
1984	11	13	0.5413659762190001	0.8483237593477212	0.9130856745229653
1984	11	14	3.9275323100099997	0.6649024059752409	0.8946301405758083
1984	11	15	13.892282735199998	0.5686061954546888	1.0472780004512077
1984	11	16	15.2589054483	1.9075820750737946	0.9952648915564043
1984	11	17	1.49834448923	1.3664890826249778	1.0532234388021162
1984	11	18	18.986845831900002	2.1139310976178347	0.7836189827122954
1984	11	19	2.33464814755	2.875129714113628	0.7753649736119644
1984	11	20	1.13218473048	2.370720992339307	1.1187814709797232
1984	11	21	0.46032631121	1.939680811913979	1.0347218060646546
1984	11	22	0.54212260512	1.37107461645929	1.0209862484074674
1984	11	23	0.38011041782000005	1.0867715187319456	0.9676742484054888
1984	11	24	0.580458455348	0.9583765713712094	1.0877606199174732
1984	11	25	3.4045003641	0.8437382255134092	1.0713082808726515
1984	11	26	0.0314051409072	0.8529092931820331	1.1686162826255035
1984	11	27	0.0022705809549	0.8437382255134092	1.3434455944577564
1984	11	28	0.00181739254652	0.8024684210046011	1.431220633852558
1984	11	29	13.7709534979	0.742856481158545	1.0000729361490333
1984	11	30	24.290462229800003	1.1326268570750657	0.8371765032435522
1984	12	01	7.6012784604000005	2.425747398351051	0.7064679040638179
1984	12	02	6.46023964062	2.2239839096413228	0.8228535255718398
1984	12	03	4.75388893422	1.9350952780796666	0.9090857052169078
1984	12	04	0.0479762902299	1.9809506164227868	0.9863711149810972
1984	12	05	10.49635484985	1.8067003307189304	1.0296256869882454
1984	12	06	15.6657074741	2.2056417743040746	0.5291283603298009
1984	12	07	0.096867192351	2.146029834458019	0.8946536241053633
1984	12	08	1.209424851	1.8663122705649866	0.850536865394707
1984	12	09	0.00181709445145	1.5728381051690181	1.0096383003948015
1984	12	10	0.00045033722043999995	1.2793639397730496	0.9540280084124302
1984	12	11	0.0	1.1096991879035054	1.0199570115111585
1984	12	12	23.867048880000002	1.0730149172290095	0.7827594463376728
1984	12	13	0.8905333438149999	1.467370826979842	0.9502263551711391
1984	12	14	0.0018139452741099999	1.1693111277495614	0.9176835350336481
1984	12	15	1.5074200628499999	1.0592583157260735	0.8875096190118386
1984	12	16	0.21459153986899998	1.0959425864005694	1.032194866252949
1984	12	17	0.479165105975	1.1142847217378176	0.7727957706281728
1984	12	18	1.024367135668	1.0179885112172655	0.8135732851253371
1984	12	19	0.000459784773594	0.8529092931820331	1.0524032479139473
1984	12	20	0.00346582732231	0.765784150330105	1.074148976070082
1984	12	21	0.03540037355580001	0.6694879398095529	0.8645932467417573
1984	12	22	0.0011671787246900001	0.6328036691350568	1.0576661241875007
1984	12	23	0.000571369799782	0.5686061954546888	1.1722976764499797
1984	12	24	0.145873588612	0.5181653232772566	0.8215273939577046
1984	12	25	0.0044634923464	0.49065212027138466	0.871129215432694
1984	12	26	1.9793733498300001	0.5089942556086328	0.6935391721734547
1984	12	27	1.7406140982299998	0.5135797894429448	0.7139402594401055
1984	12	28	0.8931598245000001	0.5044087217743207	0.9518787122902004
1984	12	29	0.0365533494928	0.5135797894429448	1.1927689273740243
1984	12	30	0.0009132712559099999	0.48148105260276064	1.2193008213277676
1984	12	31	0.0009095704811699998	0.46313891726551265	1.1411832906966253
1985	01	01	0.0	0.45396784959688863	1.1567008567248496
1985	01	02	0.031501473906	0.4356257142596406	0.9359143001161097
1985	01	03	0.050747541985	0.4356257142596406	0.9033576088491292
1985	01	04	27.969084311	2.237740511144259	0.7699616105723688
1985	01	05	8.18977740945	4.058197443366126	0.6259446048140983
1985	01	06	2.16473585971	2.5954121502205956	0.9366930264143236
1985	01	07	0.00090382361822	2.4899448720314195	0.9579006516784045
1985	01	08	0.00045978475246	2.4074052630138034	0.9284035511483344
1985	01	09	0.00227373013224	2.324865653996187	0.7705361921044267
1985	01	10	0.0013541599933	2.251497112647195	0.9321466051932038
1985	01	11	0.0	2.178128571298203	1.0057062200904736
1985	01	12	0.00049383278883	2.104760029949211	1.002076770072997
1985	01	13	0.8123984308689999	2.054319157771779	0.8354142753509507
1985	01	14	0.029800325333699997	1.9901216840914107	0.9661837510198642
1985	01	15	0.00136808581992	1.939680811913979	0.8171040156771193
1985	01	16	11.4569770441	1.8892399397365465	1.078401749265677
1985	01	17	20.1828400259	1.9350952780796666	0.8562764123282879
1985	01	18	1.024279873382	1.9488518795826026	1.0497992049437437
1985	01	19	13.5927072285	1.9671940149198506	1.206540024720161
1985	01	20	27.4577757119	2.045148090103155	0.8562238136726705
1985	01	21	13.7927278581	4.094881714040621	0.8977259510207874
1985	01	22	15.587012911699999	3.498762315580061	0.8870716512282766
1985	01	23	4.625664518080001	5.4246865259911035	0.8132947546073919
1985	01	24	0.020507491023600003	4.200348992229798	0.9850108368113943
1985	01	25	19.928358135	5.401758856819543	1.0448898732445113
1985	01	26	0.43512630924900003	7.836677322839218	0.9197313770958897
1985	01	27	0.080194326143	2.077246826943339	1.2913457917422637
1985	01	28	0.12688156178	1.6416211126836981	1.1633558325371003
1985	01	29	0.245985653055	1.476541894648466	1.2161223426877632
1985	01	30	0.0060829421582	1.37107461645929	1.4245287475253838
1985	01	31	0.0009006744408799999	1.3435614134534177	1.7010495956995142
1985	02	01	0.000459784773594	1.3206337442818579	1.7938149613850518
1985	02	02	0.0009195696634249999	1.2977060751102978	1.7052849297397072
1985	02	03	0.0013541599933	1.2793639397730496	1.7837654980328141
1985	02	04	3.50355774684	1.2518507367671776	1.3204614289949492
1985	02	05	1.0069650407900002	1.2518507367671776	1.3969585428195919
1985	02	06	10.330526390500001	1.2289230675956178	1.2765423855617652
1985	02	07	31.735733729	4.879007999707975	0.9582255689649664
1985	02	08	23.868514522900004	6.919570555976818	1.1266836257602069
1985	02	09	9.605972561300002	9.620449984386589	1.1358411699347835
1985	02	10	10.8280968329	4.585533834312006	1.2402583780353422
1985	02	11	10.170040078	5.089942556086327	1.0014379635579982
1985	02	12	8.1091865989	8.561191668660516	1.235810586780408
1985	02	13	8.07673375685	5.177067698938254	1.3016235104216245
1985	02	14	4.90414628505	3.7555522103015333	1.0699548133956163
1985	02	15	20.144453284999997	9.404929894173925	0.8331105362847311
1985	02	16	14.4696847492	14.916741563016956	1.2993244787323126
1985	02	17	7.3652074536	9.959779488125678	1.2668870523730758
1985	02	18	1.08731872786	5.7640160297301914	1.4064950876183873
1985	02	19	0.476213520968	3.9298024960053892	1.764640578947135
1985	02	20	0.44009562063799995	2.980596992302804	1.4127591231749368
1985	02	21	1.14513807609	2.5358002103745396	1.2755129716594147
1985	02	22	0.0151793042373	2.320280120161875	1.8360228248319468
1985	02	23	0.00225160399661	2.191885172801139	1.740806751375947
1985	02	24	0.0027268411901799996	2.1322732329550833	1.6176193078126784
1985	02	25	3.5175841713	2.104760029949211	1.6601384904362675
1985	02	26	4.01985090551	2.095588962280587	1.5230137592309505
1985	02	27	17.245533149299998	2.0634902254404026	1.237977142076711
1985	02	28	22.889411174	2.150615368292331	1.2848837367889119
1985	03	01	0.28782988465400006	2.077246826943339	1.2385062745355881
1985	03	02	0.36729296383000004	1.8571412028963625	1.6809963048450223
1985	03	03	3.0690731398	1.563667037500394	1.5417146754827002
1985	03	04	6.2869370365	1.3940022856308498	1.4328096077149213
1985	03	05	0.310644587138	1.247265202932866	1.6721760319771595
1985	03	06	0.00182147235955	1.1188702555721295	1.917980065752943
1985	03	07	0.11692120268299999	1.0913570525662575	1.9717958040606038
1985	03	08	0.0053290680741	0.9950608420457053	2.0847114515126033
1985	03	09	0.0027209190207	0.9125212330280893	2.2266893549215796
1985	03	10	0.0008943759805300001	0.8070539548389131	2.716469190195618
1985	03	11	0.000459784773594	0.7932973533359771	2.437717941898925
1985	03	12	0.000451911745708	0.756613082661481	2.389468965837547
1985	03	13	0.00045033722043999995	0.706172210484049	2.0852470056830046
1985	03	14	0.00136548813431	0.719928811986985	2.3111863940643946
1985	03	15	0.00319101124764	0.6465602706379929	1.7887372093005063
1985	03	16	0.0432186770622	0.6328036691350568	1.9254168222039274
1985	03	17	0.028990664886499998	0.5731917292890008	1.7937502267879128
1985	03	18	1.38065378704	0.5686061954546888	1.9684612420611665
1985	03	19	9.1560497786	0.6465602706379929	1.6000159227190565
1985	03	20	3.49555430104	0.706172210484049	1.5785085495535125
1985	03	21	4.75684748288	0.701586676649737	1.5021590905343356
1985	03	22	2.4763379861200003	0.765784150330105	1.7402191781925764
1985	03	23	0.058841082026999995	0.761198616495793	1.8024744525736502
1985	03	24	2.2481746881	0.6649024059752409	2.3458838329871092
1985	03	25	0.37416003445	0.706172210484049	1.9725654166211695
1985	03	26	0.17370846145599997	0.6419747368036808	2.0673637963553344
1985	03	27	0.299839174484	0.623632601466433	2.032735622260622
1985	03	28	0.025996320514000002	0.5731917292890008	2.399682306262545
1985	03	29	0.000906972943498	0.5410929924488167	2.768497560158247
1985	03	30	1.5078424258399998	0.5135797894429448	2.8136438450341763
1985	03	31	1.55802109338	0.5410929924488167	2.6994907431899855
1985	04	01	0.199584645747	0.5135797894429448	3.234697949715579
1985	04	02	0.00180303315589	0.5089942556086328	3.841562688303115
1985	04	03	0.0	0.48148105260276064	3.4321867087814857
1985	04	04	14.727584007899999	0.6786590074781769	2.0963805964538365
1985	04	05	10.748528379600002	1.3114626766132338	1.7168732324044718
1985	04	06	5.5582832113	1.843384601393426	2.6555014762068545
1985	04	07	12.4057858607	2.806346706598948	1.9278641806881711
1985	04	08	8.254655091	2.219398375807011	2.299238883263515
1985	04	09	9.1816335423	1.939680811913979	2.250318705941134
1985	04	10	0.9403112578799999	1.9947072179257224	2.379586966114718
1985	04	11	0.023467161899	1.545324902163146	2.6073807471501604
1985	04	12	0.026582662210000003	1.3343903457847939	2.6410920156938094
1985	04	13	0.011084631891900001	1.2105809322583696	2.5570632053784728
1985	04	14	0.00090803055226	0.9537910375368973	2.9577861387014845
1985	04	15	0.0	0.8895935638565292	4.110478477011487
1985	04	16	0.0	0.8620803608506572	4.351428287748136
1985	04	17	0.0018184507259	0.8070539548389131	4.37302637875973
1985	04	18	0.0018058549675699998	0.729099879655609	4.182997537688316
1985	04	19	2.2652327848600002	0.724514345821297	4.274195006256814
1985	04	20	17.0871391028	0.7107577443183609	2.8782335895322664
1985	04	21	17.5966101006	1.2151664660926818	1.8626970925975577
1985	04	22	1.06493179867	0.8574948270163452	2.3027468329400547
1985	04	23	18.8634940708	0.6740734736438649	2.4637004646703726
1985	04	24	10.654059399600001	1.5957657743405782	2.6183087360272967
1985	04	25	3.21909643158	1.6828909171925064	3.2450725893463916
1985	04	26	1.4116208032200002	1.449028691642594	3.873972711367708
1985	04	27	5.14454395	1.1968243307554336	3.351923537558629
1985	04	28	2.3436594738100003	1.6232789773464502	3.397814808247799
1985	04	29	0.0625567298195	1.2014098645897455	4.0793324599332825
1985	04	30	0.0598600536102	1.0042319097143293	4.261382182367114
1985	05	01	2.10333524951	0.8758369623535932	4.141856399405085
1985	05	02	8.160784203199999	0.7978828871702891	3.514102960630767
1985	05	03	16.194669303399998	0.742856481158545	2.496832419281189
1985	05	04	0.0636400988141	0.692415608981113	2.717489298443711
1985	05	05	3.35338947582	0.6557313383066169	2.3969409558729082
1985	05	06	12.1840003812	0.921692300696713	2.0083292458923436
1985	05	07	0.25371240196	0.9079356991937773	2.7075042716913353
1985	05	08	0.00138214426239	0.747442014992857	2.7949373018621126
1985	05	09	0.013880139138799999	0.6694879398095529	3.1213144014811602
1985	05	10	0.00318131317205	0.8574948270163452	2.6626324456014396
1985	05	11	0.00136675765369	0.687830075146801	3.5023232230533976
1985	05	12	0.011388615951	0.5777772631233128	3.125982412910167
1985	05	13	0.169842302599	0.5502640601174408	2.6278553089790777
1985	05	14	0.12765840535200002	0.5410929924488167	2.82772784629089
1985	05	15	5.158020467779999	0.5548495939517527	2.025687564247438
1985	05	16	0.1061767679592	0.5410929924488167	3.1726471265767286
1985	05	17	0.0703828613595	0.5227508571115687	4.388749863892171
1985	05	18	0.268231132383	0.5135797894429448	4.6501036985265065
1985	05	19	1.0590423868899999	0.5135797894429448	4.209080042618691
1985	05	20	0.14386600655	0.5089942556086328	3.1005694178067587
1985	05	21	0.0066109550709	0.4952376541056967	3.2259418231027945
1985	05	22	0.1321419665448	0.49065212027138466	3.3725151554836885
1985	05	23	0.44341541276	0.46772445109982463	2.9032738903422173
1985	05	24	0.7044528591199999	0.4356257142596406	3.3842187166680744
1985	05	25	4.364794453000001	0.4356257142596406	4.253305067853755
1985	05	26	20.6608065699	0.706172210484049	2.9153542987477024
1985	05	27	3.18530834341	0.5502640601174408	2.9998825806911866
1985	05	28	0.00027493106476399995	0.5273363909458806	4.283941376211026
1985	05	29	5.1214381478	0.4998231879400087	4.007072432327779
1985	05	30	9.6751219526	0.49065212027138466	3.290140771853458
1985	05	31	0.84787558002	0.47689551876844866	3.3449595082149286
1985	06	01	9.80104624985	0.4723099849341366	3.7873706711289334
1985	06	02	9.408020950300001	0.4952376541056967	3.386145914483844
1985	06	03	1.43346458861	0.46313891726551265	2.968267930939313
1985	06	04	1.84270072286	0.4585533834312006	3.774221609056953
1985	06	05	1.87401592169	0.4493823157625766	3.30687226252092
1985	06	06	1.9649260417599999	0.48148105260276064	3.4403470278983077
1985	06	07	0.811005256455	0.4218691127567046	3.672743485271874
1985	06	08	0.0040861067352	0.4081125112537686	3.589466078802895
1985	06	09	0.00185960580946	0.3714282405792725	4.142734557362297
1985	06	10	0.00045033722043999995	0.32557290223615243	5.091929510393513
1985	06	11	0.0	0.3209873684018404	4.872995284784965
1985	06	12	0.0259554230539	0.33474396990477645	4.506051559865464
1985	06	13	0.0136091928052	0.3026452330645924	3.4302700547293314
1985	06	14	1.16814433715	0.2980596992302804	4.649557857027647
1985	06	15	0.83571571044	0.2934741653959684	4.180326601062069
1985	06	16	0.413235458441	0.2843030977273444	4.311696441042036
1985	06	17	0.00134500717491	0.2567898947214724	4.275295403371991
1985	06	18	0.00247983069663	0.2201056240469763	4.2674735877888565
1985	06	19	0.0078318641375	0.20634902254404028	3.330885079864574
1985	06	20	0.0	0.18800688720679226	4.306106190299219
1985	06	21	0.257358978557	0.17883581953816824	3.7009604651292713
1985	06	22	0.0316667143118	0.16966475186954422	3.7620244625139145
1985	06	23	0.0028157388251	0.16966475186954422	4.081890020153364
1985	06	24	0.022192501673500002	0.18342135337248025	4.284437056252839
1985	06	25	0.0008943759805300001	0.17883581953816824	5.631869566994403
1985	06	26	0.00394296203207	0.18342135337248025	5.046932954937006
1985	06	27	0.00193377917524	0.11005281202348816	5.154331771570544
1985	06	28	0.00200691655234	0.09171067668624013	4.643094062768799
1985	06	29	0.0006453078807399999	0.09171067668624013	5.124007120088338
1985	06	30	0.000893032967665	0.0733685413489921	5.4273617996076355
1985	07	01	0.035041080762	0.10546727818917614	4.841064895236584
1985	07	02	0.96723111306	0.11922387969211216	3.1843991622992345
1985	07	03	0.270141624849	0.16507921803523223	3.4862950525761573
1985	07	04	0.00725596401121	0.11922387969211216	4.754293463058535
1985	07	05	0.0027197820114999998	0.10088174435486413	5.597613639535661
1985	07	06	0.0028594468958599998	0.07795407518330412	6.318687814065124
1985	07	07	0.0040626825492899995	0.05502640601174408	6.7418036020898375
1985	07	08	0.32219269082	0.08253960901761612	4.12323989967736
1985	07	09	0.037589576986999995	0.08253960901761612	4.689394531516736
1985	07	10	0.0021686379358	0.08253960901761612	5.213573769170977
1985	07	11	0.00228026212329	0.11005281202348816	5.292558001526154
1985	07	12	0.020434272280599998	0.0687830075146801	5.305174652706533
1985	07	13	0.37400987738	0.03209873684018405	4.637241470684553
1985	07	14	0.0530845027205	0.03209873684018405	4.485954245852803
1985	07	15	0.00217836676136	0.03668427067449605	3.880956260526826
1985	07	16	0.008323277189	0.05961193984605608	4.457156471036515
1985	07	17	0.0042117248007899994	0.05502640601174408	4.572106913339183
1985	07	18	0.0155008115525	0.05502640601174408	4.005286904574839
1985	07	19	0.144526803328	0.05502640601174408	4.220541648356564
1985	07	20	0.0015584285569	0.05961193984605608	4.625958562553142
1985	07	21	0.00136513160373	0.04585533834312006	5.94569407081146
1985	07	22	0.0	0.04126980450880806	6.146477493206734
1985	07	23	0.00089854223162	0.02292766917156003	6.174377983150273
1985	07	24	0.0051040818503000004	0.018342135337248024	5.546838796044644
1985	07	25	0.11673092271400001	0.05502640601174408	3.5788407874007184
1985	07	26	0.35676217693900003	0.02292766917156003	3.7060643730033136
1985	07	27	0.0038900248491800004	0.02292766917156003	4.115462815456364
1985	07	28	1.2586994060199999	0.03668427067449605	4.161666671670563
1985	07	29	0.41279429675800006	0.0733685413489921	3.443727982201018
1985	07	30	0.235562638997	0.05044087217743207	3.7278018563344015
1985	07	31	0.008791108923300001	0.04126980450880806	4.0898160912005395
1985	08	01	0.00241127252898	0.02751320300587204	4.678279606960599
1985	08	02	0.00180372994387	0.018342135337248024	5.177213053215601
1985	08	03	0.0030330612264799998	0.01375660150293602	4.910796325125225
1985	08	04	0.00105853506522	0.01375660150293602	5.138625302642248
1985	08	05	0.096131021162	0.02751320300587204	3.2004931242125605
1985	08	06	0.0040869679457	0.03209873684018405	3.926943717354291
1985	08	07	0.0	0.03209873684018405	5.296529322812018
1985	08	08	0.0013487549728	0.018342135337248024	4.625768974692784
1985	08	09	0.07053550695799998	0.009171067668624012	4.134981794384342
1985	08	10	0.0144762658768	0.0	3.663947180482204
1985	08	11	0.032075462778999995	0.0	4.416182686370633
1985	08	12	0.0307390849333	0.01375660150293602	3.782714800670894
1985	08	13	0.0022589426724400003	0.0	4.673511647794178
1985	08	14	0.101345328446	0.0	4.091372205553375
1985	08	15	0.0009146642718190001	0.0	3.6844871576676415
1985	08	16	0.00155452986225	0.01375660150293602	4.007073151542911
1985	08	17	0.0012635500817	0.02292766917156003	4.404139354984255
1985	08	18	0.045749520057	0.02292766917156003	4.189080344480982
1985	08	19	0.026916762219100002	0.018342135337248024	4.1390151562310455
1985	08	20	0.0037952151890999998	0.009171067668624012	4.44841342277387
1985	08	21	0.0015320408558400001	0.0	4.057302868281349
1985	08	22	0.007626477056949999	0.0	4.2493309618616415
1985	08	23	0.00321059781616	0.0	3.4133411240731606
1985	08	24	0.111844625677	0.0	3.716221908164047
1985	08	25	0.006756876464620001	0.009171067668624012	3.1261682893682057
1985	08	26	0.0	0.0	4.208787779654531
1985	08	27	0.0	0.0	5.4363486739217635
1985	08	28	0.000459784773594	0.0	4.977347612428324
1985	08	29	0.00289019528081	0.0	3.6720908174534737
1985	08	30	0.0023435186157	0.0	3.915364797553709
1985	08	31	0.0085301716521	0.0	3.8005860982790827
1985	09	01	0.012672700883799999	0.0	3.835315768822093
1985	09	02	0.00282197483448	0.0	4.110920314565624
1985	09	03	0.23805802548000002	0.0	3.4177558146365343
1985	09	04	0.00045978475246	0.0	4.22075798161418
1985	09	05	0.00045978475246	0.0	4.8291082882375065
1985	09	06	0.000459784805295	0.0	5.12429257300594
1985	09	07	0.0009132712559099999	0.0	4.563469136705066
1985	09	08	0.063647820121	0.0	4.265327401041478
1985	09	09	0.39908346631999997	0.004585533834312006	4.363910184327375
1985	09	10	0.160674109224	0.009171067668624012	5.124928860106228
1985	09	11	0.149470827886	0.0	4.645350575311532
1985	09	12	0.038073053164799996	0.009171067668624012	3.6935536314781383
1985	09	13	1.13130069526	0.009171067668624012	4.475217500105877
1985	09	14	0.00136079152549	0.0	4.737005810956204
1985	09	15	0.0	0.0	4.143120385400482
1985	09	16	0.0	0.0	4.921709689415311
1985	09	17	0.0034063104912000004	0.0	3.7314787108145304
1985	09	18	0.0529527290604	0.0	3.8895667408522603
1985	09	19	1.8072036337800002	0.0	3.3531755982998774
1985	09	20	3.99912162161	0.004585533834312006	3.0320585917062775
1985	09	21	0.375657135309	0.009171067668624012	2.8884466000062154
1985	09	22	0.0045529377745999995	0.009171067668624012	3.0943247413855444
1985	09	23	0.0132936569017	0.009171067668624012	3.129186078127407
1985	09	24	0.0494127893439	0.009171067668624012	2.7129662957646383
1985	09	25	0.041410086404	0.018342135337248024	2.794579722481146
1985	09	26	0.01299667031	0.02292766917156003	3.802835870578944
1985	09	27	0.00218662645691	0.02751320300587204	3.964399133388205
1985	09	28	0.00044429210391499997	0.02751320300587204	3.4332851429047415
1985	09	29	0.0	0.03209873684018405	4.315074544801419
1985	09	30	0.008166844906049998	0.04126980450880806	3.2255699334430092
1985	10	01	0.9773648132249999	0.05044087217743207	2.7531188793109878
1985	10	02	0.0032551332830199997	0.05044087217743207	2.664442655398149
1985	10	03	2.0693727001699997	0.05961193984605608	2.51951328253047
1985	10	04	0.7413449612719999	1.1234557894064416	2.256551354179505
1985	10	05	0.11674290569199999	0.10088174435486413	2.487320585087302
1985	10	06	0.0062523079208	0.10088174435486413	2.7787800663510707
1985	10	07	0.7293477072550001	0.10088174435486413	2.7548728112005856
1985	10	08	0.0012314865279299998	0.10088174435486413	2.0333730382537754
1985	10	09	0.0009111556051390001	0.10088174435486413	2.461083023900667
1985	10	10	0.000906972943498	0.10088174435486413	3.472489683773871
1985	10	11	0.0	0.0733685413489921	3.289513302928996
1985	10	12	0.00044329890101799997	0.05044087217743207	3.150564373797705
1985	10	13	0.0017986672941699999	0.03668427067449605	3.164149361510865
1985	10	14	0.0	0.03668427067449605	3.4277403862574225
1985	10	15	0.00370613833786	0.05044087217743207	3.24493496381619
1985	10	16	0.00339757707704	0.05961193984605608	2.9948029531377607
1985	10	17	0.0009006744408799999	0.0733685413489921	2.8260840951680857
1985	10	18	0.0028442876889999994	0.0733685413489921	2.5223441274987484
1985	10	19	0.0012815995743999998	0.05961193984605608	2.5527869465823176
1985	10	20	0.0019485037613900002	0.05961193984605608	2.2001379531699765
1985	10	21	0.0	0.05961193984605608	2.5791817532003143
1985	10	22	0.00135730948765	0.05961193984605608	2.4164513261854186
1985	10	23	0.00182548644584	0.05961193984605608	2.3369102911553754
1985	10	24	0.0013555915047900001	0.05961193984605608	2.105322261781243
1985	10	25	0.00419365311739	0.0733685413489921	2.0545218156563014
1985	10	26	0.022463888651	0.0733685413489921	2.0174008237703434
1985	10	27	0.0	0.0733685413489921	2.350022633818283
1985	10	28	0.00318372350475	0.0733685413489921	2.0366901917761178
1985	10	29	0.00045033722043999995	0.08712514285192811	2.2798971507125447
1985	10	30	0.0009006744408799999	0.08712514285192811	1.9554618024655466
1985	10	31	0.0208844698053	0.08712514285192811	1.6381264384143996
1985	11	01	0.1001499936328	0.08712514285192811	1.9778280964788169
1985	11	02	12.8533374086	0.11922387969211216	1.179693734170673
1985	11	03	7.731301696949999	0.11922387969211216	1.2623684048068138
1985	11	04	25.044223247	0.4493823157625766	1.2219642885369228
1985	11	05	6.309740939509999	0.2980596992302804	1.2565682477870663
1985	11	06	0.9738250901319999	0.2980596992302804	1.3499253919898138
1985	11	07	0.269001012302	0.2751320300587204	1.4372518705536732
1985	11	08	0.130951135387	0.25220436088716036	1.7257927472739016
1985	11	09	0.944620533315	0.2292766917156003	1.132850326276227
1985	11	10	2.46979659044	0.2292766917156003	0.9418263466237102
1985	11	11	24.568948117899996	0.6603168721409289	0.8512811251383275
1985	11	12	4.58814860365	1.0088174435486414	0.9459064076283573
1985	11	13	0.03403694736019999	0.724514345821297	1.2893739949709602
1985	11	14	0.0009006744408799999	0.4493823157625766	1.2801426258974724
1985	11	15	0.0022744569304999998	0.34850057140771246	1.2974227939405456
1985	11	16	0.0	0.2751320300587204	1.2588568096021082
1985	11	17	0.00363295319792	0.25220436088716036	1.393224230463615
1985	11	18	0.000459784773594	0.2292766917156003	1.4670504381978215
1985	11	19	0.00045033722043999995	0.2109345563783523	1.2623274305580539
1985	11	20	0.17696903610999998	0.2109345563783523	1.0529808714481224
1985	11	21	0.083786197381	0.19259242104110427	1.1504485299834322
1985	11	22	0.348306357869	0.19259242104110427	1.136721704261887
1985	11	23	0.0019193247872800001	0.19259242104110427	1.1944174046185403
1985	11	24	0.0022593429504	0.16966475186954422	0.8813352770825724
1985	11	25	12.749050628900001	0.2292766917156003	0.5846184734921136
1985	11	26	20.7385543291	0.9721331728741454	0.9600192504490282
1985	11	27	0.263206196306	1.1647255939152497	0.9808071681187668
1985	11	28	0.0019514978151699998	0.6603168721409289	1.077935814210473
1985	11	29	5.164663518	0.42645464659101656	1.0378761725950976
1985	11	30	10.5202431384	0.3714282405792725	0.9775038508462783
1985	12	01	1.61313719167	0.3209873684018404	1.1888785492564313
1985	12	02	0.00045978475246	0.2751320300587204	1.1891292210535567
1985	12	03	0.0013680091035000001	0.25220436088716036	1.2326401786767058
1985	12	04	21.358580451	0.2980596992302804	1.1910867746708724
1985	12	05	8.29872529285	0.8253960901761611	0.8947629148490412
1985	12	06	0.504820915481	0.5961193984605608	1.1280590793968428
1985	12	07	8.20446025595	0.724514345821297	0.6914561798801928
1985	12	08	5.35670225848	0.692415608981113	0.6444954497925562
1985	12	09	0.0148019291931	0.724514345821297	0.824537605367974
1985	12	10	7.324560959749999	0.724514345821297	0.602020690303224
1985	12	11	0.41050681600000005	0.9721331728741454	1.132417640090231
1985	12	12	0.00081752282355	0.7932973533359771	1.0968357495581726
1985	12	13	0.00408789382624	0.5961193984605608	1.249037825316626
1985	12	14	0.00202496224092	0.5089942556086328	1.2904321394210427
1985	12	15	0.0	0.42645464659101656	1.1469538360809308
1985	12	16	0.00090550049545	0.39894144358514455	1.17676911939306
1985	12	17	0.0	0.42645464659101656	1.1936526179091442
1985	12	18	0.0018068467861899998	0.42645464659101656	1.059565813946016
1985	12	19	0.038385099844899996	0.39894144358514455	1.051673455628088
1985	12	20	0.026831506606399998	0.3714282405792725	1.0473027764319125
1985	12	21	0.857663232069	0.3714282405792725	0.9053923949867697
1985	12	22	27.7568323789	0.8620803608506572	0.6866580087172226
1985	12	23	2.58852032255	0.8620803608506572	0.9523703887528763
1985	12	24	8.43393861712	2.068075759274715	0.5957055259090811
1985	12	25	2.91218932894	2.7375636990842676	0.7665013691983535
1985	12	26	16.1895168342	2.416576330682427	0.7824530654542871
1985	12	27	24.555078930399997	2.94849825546262	0.5846583232660709
1985	12	28	1.9849781923	4.379184811767966	0.8360341239998793
1985	12	29	0.004575741677610001	2.5220436088716034	0.9155525442653716
1985	12	30	0.0013573093819799998	1.8250424660561786	0.7718633446308054
1985	12	31	2.70671327425	1.458199759311218	1.13485571803582
1986	01	01	8.11851366712	1.6828909171925064	0.7608229260960261
1986	01	02	10.045496359299998	3.4895912479114366	0.8026943756932144
1986	01	03	8.6245867404	3.934388029839701	0.7432195317051555
1986	01	04	0.0412052620162	2.8430309772734437	0.7967865988629302
1986	01	05	3.3688008113000003	2.4899448720314195	0.7345790044307277
1986	01	06	0.065430620959	2.173543037463891	0.8863667513587733
1986	01	07	15.793617839	3.599644059934925	0.5953140160983598
1986	01	08	4.070646051830001	3.526275518585933	0.8569237633500629
1986	01	09	0.27891391500199997	2.7008794284097717	1.0820851409182384
1986	01	10	0.00402802278929	2.242326044978571	1.177393260481351
1986	01	11	0.41333658463100004	1.8708978043992985	1.1566862095248471
1986	01	12	0.017002398103	1.6370355788493862	0.8589596632500645
1986	01	13	0.00090067454655	1.458199759311218	1.2478917807440628
1986	01	14	0.00045978475246	1.3298048119504817	1.195604779988419
1986	01	15	0.47351072540899997	1.2885350074416737	0.9883657250093177
1986	01	16	0.0492278837511	1.2059953984240577	0.8475451829374514
1986	01	17	0.008681718282599999	1.1234557894064416	1.0098999462437628
1986	01	18	0.0098767593332	1.0867715187319456	1.1739410391471414
1986	01	19	0.00327640180093	1.0455017142231373	1.3071564547183334
1986	01	20	1.1229510745400002	0.9721331728741454	1.0085019786259093
1986	01	21	0.84667284408	0.7932973533359771	0.8968094353258899
1986	01	22	0.34755116608	0.724514345821297	1.0819586401885202
1986	01	23	1.2074601286899997	0.692415608981113	0.9256150244471089
1986	01	24	0.344208993052	0.6603168721409289	1.015248802178994
1986	01	25	0.00271912537812	0.6282181353007449	1.2020200170227922
1986	01	26	0.0009040195304000001	0.5961193984605608	1.2591530667154633
1986	01	27	0.117368546061	0.5686061954546888	1.317117647608072
1986	01	28	2.72869009817	0.5686061954546888	0.854239751946603
1986	01	29	15.343640107899999	0.9721331728741454	0.7081144003639781
1986	01	30	10.3848597911	4.34250054109347	1.013939744684701
1986	01	31	2.01365639628	3.8610194884907094	0.9787344110870762
1986	02	01	2.3720459229200004	3.021866796811612	0.9272832923394296
1986	02	02	2.6443663892	2.315694586327563	1.1397579313790616
1986	02	03	1.46459454793	2.017634887097283	0.9900083306732744
1986	02	04	5.36108545008	2.5954121502205956	0.9054752822766324
1986	02	05	2.48928488586	2.242326044978571	0.9790784778672224
1986	02	06	0.64493623935	1.9213386765767309	1.1218567396245702
1986	02	07	21.790496008999998	2.5954121502205956	1.1896576869943223
1986	02	08	1.6573764655199998	2.985182526137116	0.8699084528286916
1986	02	09	0.0	2.068075759274715	1.3754418665409636
1986	02	10	1.52398129927	1.6370355788493862	1.601975206359853
1986	02	11	2.8300888111	1.2885350074416737	1.481707311046561
1986	02	12	5.8668871627999994	1.458199759311218	1.4874558813578171
1986	02	13	13.397095151299999	2.242326044978571	0.9874903529753063
1986	02	14	13.743215122899999	4.452553353116959	1.1613473514541048
1986	02	15	9.7508186571	4.718514315507054	1.2097839496136904
1986	02	16	9.6065991844	6.373892029693689	1.3331141445411794
1986	02	17	27.452918062000002	9.7396738640787	1.007485262932999
1986	02	18	5.39950632239	7.754137713821603	1.1037858630682664
1986	02	19	17.4073635842	5.135797894429446	1.3517082911378464
1986	02	20	20.3254797321	7.634913834129489	1.3323641014114125
1986	02	21	2.6086368261199997	10.482530345237246	1.0511257598702737
1986	02	22	5.306821369000001	6.217983879327081	1.4110090274018476
1986	02	23	7.35762309502	4.452553353116959	1.108115609687177
1986	02	24	26.9996011589	6.644438525918097	1.3905495789182156
1986	02	25	1.10009718962	4.379184811767966	1.3998970983176884
1986	02	26	2.08732719554	3.4574925110712527	1.4633511142961901
1986	02	27	0.9251559608100001	3.0585510674861083	1.6812918579248208
1986	02	28	5.3982819241	2.8430309772734437	1.534842851108128
1986	03	01	4.2636608660999995	2.5220436088716034	1.4488898729010369
1986	03	02	2.40556127682	2.173543037463891	1.7419416730731652
1986	03	03	14.085452778699999	1.7287462555356263	1.5783906128650704
1986	03	04	1.5918787124099998	1.458199759311218	1.8522002325748026
1986	03	05	0.1168139582	1.3298048119504817	1.6870854417512453
1986	03	06	0.09273497756799999	1.2059953984240577	1.4906490749250445
1986	03	07	2.06241116057	1.0867715187319456	1.4611825746722338
1986	03	08	0.018549274815500002	1.0455017142231373	1.5076051987461088
1986	03	09	0.315867104981	0.8987646315251532	1.7546020524038453
1986	03	10	0.018025340764799995	0.9354489021996493	1.6570982240227239
1986	03	11	0.000459784805295	0.9354489021996493	2.16962008492927
1986	03	12	8.283119947249999	1.1234557894064416	2.244323523129784
1986	03	13	0.6326058606580001	1.0088174435486414	1.5883771786467153
1986	03	14	0.0018202439458000002	0.8987646315251532	2.3251039578224137
1986	03	15	0.00159753797493	0.8620803608506572	2.664268984769574
1986	03	16	0.13683958557	0.8253960901761611	2.3695049314292103
1986	03	17	0.191767200281	0.7932973533359771	2.2317525940233036
1986	03	18	5.41252063959	0.8253960901761611	2.2070604180886844
1986	03	19	0.27879088342100006	0.7932973533359771	1.9013723185196956
1986	03	20	0.105909575024	0.692415608981113	2.2659470772725543
1986	03	21	0.030706860866800002	0.724514345821297	2.336560326025267
1986	03	22	0.0182656861231	0.6603168721409289	2.321208239817731
1986	03	23	0.0840942994	0.6282181353007449	1.8929227187592788
1986	03	24	1.97153918737	0.692415608981113	1.923186319919118
1986	03	25	2.30886910569	0.724514345821297	1.4416961846584204
1986	03	26	0.040551961468000004	0.5961193984605608	2.302829893032068
1986	03	27	0.38493636672000003	0.5365074586145048	2.49563982428339
1986	03	28	0.69663528685	0.5686061954546888	1.6347802109738792
1986	03	29	0.7312199577479999	0.48148105260276064	2.221256757818436
1986	03	30	0.0098150702439	0.5089942556086328	2.223106217951488
1986	03	31	0.011329536910700001	0.5365074586145048	2.853669902166137
1986	04	01	0.341994139285	0.5686061954546888	2.796858758020889
1986	04	02	1.30806441456	0.5089942556086328	2.1436747579648756
1986	04	03	0.675575192448	0.5089942556086328	2.0528184691925584
1986	04	04	3.86046482905	0.5365074586145048	2.7237558778857154
1986	04	05	9.338931790899998	0.5089942556086328	2.1273232613507065
1986	04	06	0.46266415429	0.5089942556086328	2.14460644619506
1986	04	07	1.34740355917	0.42645464659101656	1.924004259389686
1986	04	08	1.43822650149	0.39894144358514455	1.990558604344855
1986	04	09	0.00230614155165	0.39894144358514455	2.58438458083875
1986	04	10	0.00116924636958	0.42645464659101656	2.8097300300306762
1986	04	11	1.29793245795	0.42645464659101656	2.1946916637136904
1986	04	12	0.000745078472578	0.39894144358514455	2.4798889303151603
1986	04	13	0.0	0.39894144358514455	3.162035312531469
1986	04	14	0.01292153894	0.39894144358514455	2.8025808364410274
1986	04	15	7.5104857397	0.4493823157625766	2.149155664103654
1986	04	16	6.4848738537	0.48148105260276064	2.163056594120784
1986	04	17	5.386010467	0.6603168721409289	2.102626654830076
1986	04	18	2.05430679992	0.5089942556086328	2.181026721847312
1986	04	19	1.4101407892000002	0.4493823157625766	2.4745337341216045
1986	04	20	0.7676726206379999	0.39894144358514455	2.6721213410209597
1986	04	21	12.3889494596	1.545324902163146	2.1882206481038406
1986	04	22	2.91259615844	2.279010315653067	2.3219161555377563
1986	04	23	7.7196394274	1.7746015938787465	2.2165648320551457
1986	04	24	4.421947446210001	1.7746015938787465	2.8019455006450404
1986	04	25	2.69138055725	1.458199759311218	2.4501418665045334
1986	04	26	1.74286159346	1.458199759311218	2.577586906707108
1986	04	27	1.07632365869	1.412344420968098	2.6233578494904983
1986	04	28	0.016394107691299998	1.1647255939152497	2.565783257173459
1986	04	29	0.00113161242176	0.8620803608506572	3.175397255144321
1986	04	30	0.00135427263752	0.7932973533359771	4.425546885800249
1986	05	01	0.00045033722043999995	0.692415608981113	4.344229281484146
1986	05	02	0.221526683103	0.6282181353007449	2.367505633973276
1986	05	03	0.24217004672599998	0.692415608981113	2.6418006600680326
1986	05	04	8.5560851062	0.692415608981113	2.6477095906766377
1986	05	05	1.22258742321	0.6282181353007449	2.7642833235049267
1986	05	06	0.8877635746099999	0.6282181353007449	2.6921673344773476
1986	05	07	0.25045004148300004	0.5686061954546888	3.2209359666702544
1986	05	08	0.258050134326	0.5365074586145048	3.407322335684405
1986	05	09	0.0049873985002200005	0.5089942556086328	4.479780383613077
1986	05	10	0.0073778794000000005	0.4493823157625766	3.990531838542705
1986	05	11	0.0064393269136	0.39894144358514455	4.054887681555925
1986	05	12	0.688289649889	0.39894144358514455	3.942920893923734
1986	05	13	0.0025446875611899998	0.39894144358514455	2.8916854452349323
1986	05	14	0.000906972943498	0.42645464659101656	3.0370315801013827
1986	05	15	0.138201693004	0.39894144358514455	3.699701633393215
1986	05	16	0.18652752163	0.3714282405792725	3.9779617661169464
1986	05	17	0.0021673588004500004	0.34850057140771246	4.065150872571799
1986	05	18	0.00673397333748	0.3209873684018404	3.932894905789886
1986	05	19	0.0	0.3209873684018404	3.9682773585054463
1986	05	20	0.307195856482	0.34850057140771246	3.457998200357871
1986	05	21	0.019165494704	0.3209873684018404	3.9557094096679655
1986	05	22	0.00158145436691	0.2980596992302804	4.809117522699553
1986	05	23	0.09636523871699999	0.2980596992302804	3.696822575144249
1986	05	24	0.0283032191912	0.2980596992302804	3.93552216299217
1986	05	25	0.00187274333788	0.2980596992302804	4.899014302266024
1986	05	26	0.09346802092499999	0.2980596992302804	4.012189645486088
1986	05	27	0.0050435709815	0.2751320300587204	4.276818797475252
1986	05	28	0.00409925292856	0.25220436088716036	3.774746416909587
1986	05	29	0.0	0.25220436088716036	4.882379745387963
1986	05	30	0.0009006744408799999	0.2292766917156003	4.461181899326429
1986	05	31	0.00046608331847999997	0.19259242104110427	4.850634454293778
1986	06	01	0.0008954604400390001	0.16966475186954422	5.546636482254417
1986	06	02	0.007634076949020001	0.16966475186954422	4.583429344859784
1986	06	03	0.0009018427284	0.16966475186954422	5.497861612931838
1986	06	04	0.0022642830229000002	0.16966475186954422	5.506996875785816
1986	06	05	0.000459784773594	0.16966475186954422	5.300544716426613
1986	06	06	0.00109248377179	0.16966475186954422	4.631320465561374
1986	06	07	0.0	0.1513226165322962	4.546655872461193
1986	06	08	0.00152920372201	0.1513226165322962	4.3695437539070845
1986	06	09	0.005210344659	0.1513226165322962	4.463362941672954
1986	06	10	0.0357350505231	0.1513226165322962	3.3925461072478504
1986	06	11	0.00046608328677899996	0.1375660150293602	4.45731716823834
1986	06	12	0.00075245081487	0.1375660150293602	5.112649684253747
1986	06	13	0.0018265418778	0.1375660150293602	6.727066409934548
1986	06	14	0.00136675775936	0.11922387969211216	6.127511533087927
1986	06	15	0.0260423091547	0.11922387969211216	5.563307911513003
1986	06	16	0.079221168845	0.11922387969211216	4.1411047751053855
1986	06	17	0.065812290432	0.10088174435486413	3.97949860897474
1986	06	18	0.010095414867299998	0.10088174435486413	3.8690190534953746
1986	06	19	0.093548076517	0.08712514285192811	4.172391677618405
1986	06	20	1.02572114878	0.08712514285192811	3.2340033186422192
1986	06	21	1.2213628135799999	0.08712514285192811	3.69605478227687
1986	06	22	7.993709366199999	0.10088174435486413	4.0050785030518075
1986	06	23	0.60003779604	0.19259242104110427	3.791424568757289
1986	06	24	0.008788133256099999	0.1513226165322962	4.512095832207538
1986	06	25	0.00186642585693	0.1375660150293602	5.368820029245455
1986	06	26	4.21331724769	0.1375660150293602	4.482001737593656
1986	06	27	0.0028257626813	0.1375660150293602	4.272799266946646
1986	06	28	0.00205312720571	0.11922387969211216	4.1504209952758195
1986	06	29	0.009775297112600001	0.11922387969211216	4.09405391086757
1986	06	30	0.000269785411279	0.10088174435486413	4.264183305885244
1986	07	01	0.00196600313607	0.08712514285192811	5.208141562114918
1986	07	02	0.0146469662515	0.08712514285192811	4.401376249518034
1986	07	03	0.00394872189243	0.0733685413489921	5.088696787980293
1986	07	04	0.00046608328677899996	0.0733685413489921	6.27017698961672
1986	07	05	0.00228249577575	0.0733685413489921	5.451106862318647
1986	07	06	0.008948424079099999	0.0733685413489921	4.720914102976331
1986	07	07	0.009589798182750001	0.05961193984605608	4.967043513498366
1986	07	08	0.0009286587099700001	0.03668427067449605	6.039255731357535
1986	07	09	0.011370020144399999	0.03668427067449605	5.441584431220214
1986	07	10	0.0627743381639	0.03668427067449605	4.711243958273237
1986	07	11	0.10504162277799999	0.03668427067449605	4.036484973994503
1986	07	12	0.00226358105709	0.03668427067449605	3.831861787431785
1986	07	13	0.00045033722043999995	0.03668427067449605	5.980553180924066
1986	07	14	0.0	0.03668427067449605	6.095942420712638
1986	07	15	0.000906972943498	0.01375660150293602	6.245282531662106
1986	07	16	0.00182242169883	0.004585533834312006	6.167301822255676
1986	07	17	0.0009006744408799999	0.004585533834312006	6.338650685741729
1986	07	18	0.000883886267568	0.004585533834312006	6.5577584111819585
1986	07	19	0.00090382372389	0.004585533834312006	6.05746787716397
1986	07	20	0.0	0.004585533834312006	6.301869489703491
1986	07	21	0.00111224173705	0.004585533834312006	5.949431010501002
1986	07	22	0.157238270308	0.004585533834312006	4.166807798121997
1986	07	23	0.53999472833	0.004585533834312006	3.579390841220323
1986	07	24	0.00139685056763	0.004585533834312006	3.709116413782208
1986	07	25	0.0263241004004	0.004585533834312006	4.110056593934678
1986	07	26	0.00232872523838	0.004585533834312006	4.128315461013884
1986	07	27	0.00383731961194	0.018342135337248024	5.115566781290028
1986	07	28	0.005064732138689999	0.018342135337248024	4.52979713271013
1986	07	29	0.043832076618399995	0.01375660150293602	5.071572681614471
1986	07	30	0.0429347375454	0.004585533834312006	3.9749062922155214
1986	07	31	0.225045546938	0.004585533834312006	3.635493981954874
1986	08	01	0.00285044751031	0.01375660150293602	4.333633627336849
1986	08	02	0.0522768130188	0.004585533834312006	4.387838254686448
1986	08	03	0.822410441462	0.004585533834312006	3.4240872894113608
1986	08	04	0.0066006289985000004	0.01375660150293602	3.715332010631406
1986	08	05	0.0018202439458000002	0.01375660150293602	4.586127330187398
1986	08	06	0.000906972943498	0.01375660150293602	4.620007913255796
1986	08	07	0.063587408582	0.01375660150293602	3.8415372621640658
1986	08	08	0.0050127512693	0.01375660150293602	4.076148282241523
1986	08	09	0.961971652985	0.01375660150293602	3.6325198474150797
1986	08	10	0.44386582056799995	0.01375660150293602	3.7020858919090616
1986	08	11	0.062958650948	0.018342135337248024	3.678318546770528
1986	08	12	0.000989483038258	0.02751320300587204	3.9519319104662243
1986	08	13	0.00115086877153	0.02751320300587204	4.399895574662827
1986	08	14	0.0009313610088799999	0.018342135337248024	4.272896446268339
1986	08	15	0.000487763336504	0.03668427067449605	4.521394977388458
1986	08	16	0.0169675196061	0.05044087217743207	4.487050257456607
1986	08	17	2.7314030697500002	0.02751320300587204	3.907639930746047
1986	08	18	3.171706184	0.05961193984605608	3.2595165936670103
1986	08	19	0.0567350313755	0.08712514285192811	3.6900803055314273
1986	08	20	0.0038857152039000003	0.0733685413489921	4.465149915609786
1986	08	21	0.0023476252689099996	0.05961193984605608	4.131468244869151
1986	08	22	0.0498942958329	0.05961193984605608	4.5842664137609646
1986	08	23	0.12005545941899999	0.03668427067449605	3.1700395852747225
1986	08	24	0.0021135997163	0.03668427067449605	3.7634832265758322
1986	08	25	0.06711792464789999	0.0733685413489921	4.179481638830146
1986	08	26	2.20739800881	0.11922387969211216	3.4615423218876273
1986	08	27	0.0018237317954900001	0.1375660150293602	3.0858204749789495
1986	08	28	0.0009006744408799999	0.1375660150293602	3.18697540431053
1986	08	29	0.0	0.08712514285192811	4.330962782604789
1986	08	30	0.0009008489020499999	0.08712514285192811	4.7935182530117135
1986	08	31	0.00389664000252	0.0733685413489921	4.211569160251845
1986	09	01	0.009527692225299998	0.10088174435486413	4.495817727545739
1986	09	02	0.0013478620613	0.0733685413489921	4.537949769827723
1986	09	03	0.00090067454655	0.02751320300587204	4.254152754450249
1986	09	04	0.0009481448919899999	0.018342135337248024	4.063184478295148
1986	09	05	0.014364450109600002	0.018342135337248024	3.648847104914079
1986	09	06	0.0065588978021	0.02751320300587204	3.539582935499764
1986	09	07	8.5680680842e-05	0.02751320300587204	3.3069783128593246
1986	09	08	3.50062191723	0.03668427067449605	3.1516801011224693
1986	09	09	4.38242897961	0.2751320300587204	2.9085186301870922
1986	09	10	0.96237282914	0.2292766917156003	2.821757583930532
1986	09	11	4.336262496300001	0.16966475186954422	2.7832067122875577
1986	09	12	1.37603209825	0.19259242104110427	2.796258030880252
1986	09	13	6.6949363034000005	0.1513226165322962	2.517883346575499
1986	09	14	14.011671871299999	0.16966475186954422	2.412541657160152
1986	09	15	9.8184537973	0.2292766917156003	2.5116605364615427
1986	09	16	5.5508197392	0.5365074586145048	2.5136643572661614
1986	09	17	6.62425628215	0.5365074586145048	2.7062965448314644
1986	09	18	6.3039583601	0.48148105260276064	2.7367101126274127
1986	09	19	0.35899406470999995	0.34850057140771246	3.2984707849289183
1986	09	20	0.511144218848	0.3209873684018404	3.4530788077605754
1986	09	21	2.22788583676	0.25220436088716036	3.197274153626209
1986	09	22	5.810652441889999	0.19259242104110427	2.6037290441158034
1986	09	23	1.25671154198	0.19259242104110427	2.4702178873867973
1986	09	24	0.594412707198	0.19259242104110427	2.180252041073115
1986	09	25	0.12155234471120001	0.2109345563783523	2.152583265541023
1986	09	26	0.0018888785128600002	0.2292766917156003	2.2632403800192837
1986	09	27	0.0	0.2109345563783523	3.1307943257126136
1986	09	28	0.0	0.19259242104110427	3.2987858572977506
1986	09	29	0.000906972943498	0.16966475186954422	3.4179312369826516
1986	09	30	0.0	0.1513226165322962	2.912987696622523
1986	10	01	0.0	0.1375660150293602	3.1200363419649313
1986	10	02	0.020509522001	0.10546727818917614	3.2292481866442126
1986	10	03	2.4952995165900003	0.10546727818917614	2.7950860402499647
1986	10	04	0.084541558242	0.12380941352642418	2.425079949406381
1986	10	05	0.36497385604099997	0.12380941352642418	2.4821696054230573
1986	10	06	0.688846636459	0.12380941352642418	2.8396296726413826
1986	10	07	4.633805440550001	0.17425028570385623	2.36088675234969
1986	10	08	0.65077556355	0.10546727818917614	2.576281438523987
1986	10	09	0.046525275228000006	0.09171067668624013	2.6156261888162913
1986	10	10	0.10820041608799999	0.12380941352642418	2.0924053781180247
1986	10	11	7.1550055195	0.12380941352642418	2.1452920097197903
1986	10	12	4.519536861310001	0.15590815036660824	1.8165513323738978
1986	10	13	1.2834020932599999	0.15590815036660824	2.0908324268001746
1986	10	14	12.5008222886	0.2109345563783523	1.7321796672759746
1986	10	15	0.852850164342	0.27054649622440835	1.9186501291351328
1986	10	16	0.221411122391	0.17425028570385623	1.9017270275111777
1986	10	17	0.318013389485	0.17425028570385623	2.0140721937622104
1986	10	18	0.07900115333800001	0.1375660150293602	1.4922218746400393
1986	10	19	0.07619083855400001	0.1375660150293602	1.6122220531885567
1986	10	20	0.14515771663	0.1375660150293602	1.8185976541307003
1986	10	21	0.0074739418836	0.15590815036660824	1.9489477621155327
1986	10	22	0.036297465360999995	0.17425028570385623	1.7332488087988405
1986	10	23	0.867435255525	0.17425028570385623	1.7217265738410625
1986	10	24	4.39743433095	0.2109345563783523	1.6780390831658436
1986	10	25	0.20073323637899998	0.2292766917156003	1.506279422427542
1986	10	26	0.0008938613359289999	0.2292766917156003	1.646337592851462
1986	10	27	0.00090576128901	0.25220436088716036	1.9625554154397764
1986	10	28	0.00210045299459	0.2934741653959684	2.0737015752477523
1986	10	29	0.0068153398715	0.38977037591652053	1.7058318523359628
1986	10	30	0.0078238955628	0.2934741653959684	1.4579276309608227
1986	10	31	0.00155411891162	0.27054649622440835	1.9395409720475167
1986	11	01	0.433244485054	0.2934741653959684	1.5355083098856588
1986	11	02	0.0049022236194	0.2934741653959684	1.372633993931503
1986	11	03	0.0022818717943999998	0.3164018345675284	1.7001932331403635
1986	11	04	0.000902196162849	0.3668427067449605	2.1567068379729375
1986	11	05	0.000911656576042	0.3164018345675284	2.073990059409832
1986	11	06	0.0022617101697400004	0.3164018345675284	2.0139485397006944
1986	11	07	0.01647198806635	0.3164018345675284	1.9124539346006806
1986	11	08	0.42592262132099995	0.3164018345675284	1.344816680655328
1986	11	09	0.04714124996210001	0.2934741653959684	1.2322839526367297
1986	11	10	0.118433477754	0.2934741653959684	1.6267363512816229
1986	11	11	31.004543823800002	1.7516739247071864	0.8422969811939864
1986	11	12	0.574559533268	1.7058185863640662	1.0609318443428104
1986	11	13	25.684312931799997	2.0864178946119627	0.9314760253565465
1986	11	14	31.780884406600002	3.2144592178527165	1.1687123018986596
1986	11	15	0.6900399360680001	2.985182526137116	1.0127733633525946
1986	11	16	0.36537029818	1.53156830066021	1.339975570429536
1986	11	17	0.0051112008382	1.0088174435486414	1.1852222486734256
1986	11	18	0.00136045887633	0.7978828871702891	1.3323896376268018
1986	11	19	0.0015079172402	0.733685413489921	1.425051378748112
1986	11	20	1.00407538897	0.6419747368036808	1.2076292524573229
1986	11	21	0.8239655657180001	0.5777772631233128	1.004997733121099
1986	11	22	2.3939263758	0.6098759999634968	0.9730208010000218
1986	11	23	0.77328312702	0.6098759999634968	0.7696978798750022
1986	11	24	0.000906972943498	0.6098759999634968	1.110511744497361
1986	11	25	2.7984195121e-05	0.5777772631233128	1.3959842387927954
1986	11	26	0.00350587572396	0.5227508571115687	1.0800572218803337
1986	11	27	0.00227345169179	0.4952376541056967	1.2087425456942738
1986	11	28	0.0022660851190799995	0.46772445109982463	1.2899103459849197
1986	11	29	0.00044718804309999997	0.41269804508808056	1.224138247335461
1986	11	30	0.077561410155	0.4402112480939526	1.2140630375575294
1986	12	01	0.078713096918	0.41269804508808056	1.103798838220291
1986	12	02	0.0018202439458000002	0.2934741653959684	1.1063458948352765
1986	12	03	0.0	0.2292766917156003	1.2121166820224312
1986	12	04	0.000459784773594	0.2292766917156003	1.164362593431286
1986	12	05	0.000906972943498	0.2109345563783523	1.1361943031914974
1986	12	06	0.5263407272180001	0.2292766917156003	0.9658973379525128
1986	12	07	1.8659633393400001	0.2292766917156003	1.1047725465909413
1986	12	08	13.359453383900002	0.5502640601174408	0.909912651857936
1986	12	09	0.15634489386000003	0.41269804508808056	0.9190113438985799
1986	12	10	0.00273351551872	0.33932950373908843	1.058113618178715
1986	12	11	2.0842744949100003	0.3164018345675284	1.00484169604529
1986	12	12	0.74818142986	0.2934741653959684	0.8449532520148477
1986	12	13	23.4191655283	1.1601400600809375	0.7466782571627609
1986	12	14	0.49415068645800003	2.3340367216648112	0.928847372604176
1986	12	15	1.64288456471	1.1601400600809375	0.8088220798176706
1986	12	16	0.09495130543149999	0.9721331728741454	0.8894250156059437
1986	12	17	0.00136045887633	0.8345671578447852	0.9538213344709802
1986	12	18	0.0007903716567400001	0.6419747368036808	1.1579963153210826
1986	12	19	0.110421514952	0.5502640601174408	1.165296099325597
1986	12	20	0.470354943694	0.5227508571115687	0.8562151966331325
1986	12	21	2.09794734755	0.4402112480939526	0.7658235395247226
1986	12	22	0.038011108354099994	0.46772445109982463	0.9903268241750385
1986	12	23	0.0009058762579700001	0.46772445109982463	0.8288144191189788
1986	12	24	0.000459784805295	0.41269804508808056	0.9769301181201632
1986	12	25	0.0009006744408799999	0.3668427067449605	1.0354948831258455
1986	12	26	0.072949781149	0.33932950373908843	0.9901568108166463
1986	12	27	0.200039037314	0.33932950373908843	0.916541009668035
1986	12	28	0.010421683672700001	0.3164018345675284	1.1608575773323717
1986	12	29	0.0018147342063299999	0.2934741653959684	1.1767172324955184
1986	12	30	0.12853336351900002	0.2934741653959684	1.029414840904676
1986	12	31	0.0165307168106	0.27054649622440835	0.9683940522322794
1987	01	01	0.557918642802	0.25220436088716036	1.0310638159021719
1987	01	02	0.35116616848099996	0.2292766917156003	1.0515239828867666
1987	01	03	0.00230700096576	0.2109345563783523	1.0886939269757647
1987	01	04	0.0031842828160600005	0.2109345563783523	1.0680814437214983
1987	01	05	0.00225483485686	0.2109345563783523	1.1368804855619352
1987	01	06	0.0	0.2292766917156003	1.218530292062323
1987	01	07	0.0063568557053999995	0.2292766917156003	1.205500837787893
1987	01	08	5.0725647161	0.2292766917156003	0.7320466771652512
1987	01	09	27.323852723999998	0.733685413489921	0.8625016837659109
1987	01	10	0.060070131910400004	3.3336830975448284	0.7101045162265248
1987	01	11	2.52401491641	1.3206337442818579	1.0561160863657628
1987	01	12	20.439723795899997	2.233154977309947	1.0173386856370383
1987	01	13	9.335457361300001	2.6504385562323396	1.1718978139689997
1987	01	14	2.1518849083300005	2.182714105132515	0.6473580623376194
1987	01	15	4.49484421272	1.6645487818552582	0.7662390233143952
1987	01	16	0.000806748224268	1.2793639397730496	0.994788777334743
1987	01	17	0.00181754809276	1.0455017142231373	1.1380918790155605
1987	01	18	0.0	0.8666658946849691	1.2332459209169202
1987	01	19	0.000905024283028	0.765784150330105	1.3123446503676883
1987	01	20	0.000917240696625	0.701586676649737	1.1991847024870854
1987	01	21	0.0	0.6098759999634968	1.07542697634882
1987	01	22	0.00272721653002	0.6098759999634968	1.0514596338068896
1987	01	23	0.64331980536	0.5502640601174408	1.059509203264667
1987	01	24	0.058084111811900006	0.4952376541056967	1.0957274463764723
1987	01	25	3.4000261906300002	0.46772445109982463	1.0987677260220456
1987	01	26	19.1103222836	0.4952376541056967	0.9737849246404299
1987	01	27	10.773863818799999	0.733685413489921	0.827762574955572
1987	01	28	11.186899317900002	1.0088174435486414	0.9889559356161363
1987	01	29	14.639268192000001	1.53156830066021	0.8505226191530502
1987	01	30	7.8056135961	2.035977022434531	1.116486984350964
1987	01	31	1.09670306922	2.035977022434531	1.0982424777759234
1987	02	01	16.51241688	1.6645487818552582	0.9165634511838087
1987	02	02	8.30069941979	2.3340367216648112	1.0337802633475
1987	02	03	0.28982651930400005	1.9901216840914107	1.2300593615124014
1987	02	04	0.0016581687791799998	1.5728381051690181	1.463951205163308
1987	02	05	0.0151199324911	1.2380941352642418	1.2513640371881602
1987	02	06	0.0043403762294	1.0455017142231373	1.1870660541953044
1987	02	07	0.0040542694209	0.8345671578447852	1.4613228471579907
1987	02	08	0.011162524419000001	0.765784150330105	1.7466671687847624
1987	02	09	8.951895338600002	0.8345671578447852	0.9963564389866796
1987	02	10	16.6053694955	1.0088174435486414	1.2325590153859558
1987	02	11	15.9748683065	7.845848390507843	0.9145082087793266
1987	02	12	1.54189838746	4.264546465910167	1.0381444552770367
1987	02	13	3.4121984236	3.572130856929053	1.1125382411914209
1987	02	14	0.3988342436249999	2.7604913682558276	1.2726155746635526
1987	02	15	1.55899019295	1.9901216840914107	1.2734744026805271
1987	02	16	4.539529308299999	1.939680811913979	1.373570144112193
1987	02	17	2.75231706481	2.705464962244084	1.251059396215965
1987	02	18	2.85198194438	2.3340367216648112	1.120283680881048
1987	02	19	0.0658061108504	1.7975292630503064	1.256211512164478
1987	02	20	0.07666424015399999	1.53156830066021	1.4267388933053153
1987	02	21	2.8613875254099996	1.361903548790666	1.3405755655478289
1987	02	22	0.0061672731584	1.1234557894064416	1.8826158719938708
1987	02	23	3.8493552136	1.3206337442818579	1.171985398196588
1987	02	24	22.986384533	2.3340367216648112	1.8033668058688967
1987	02	25	3.67297909186	11.853604961696536	1.6551638576540686
1987	02	26	0.464568243154	3.5125189170829967	1.7983772137643579
1987	02	27	0.20473816107999998	2.233154977309947	2.0497624867351942
1987	02	28	0.0583174375121	1.7058185863640662	2.2405866288851315
1987	03	01	0.110781902487	1.444443157808282	2.637159243858426
1987	03	02	0.114053487955	1.2380941352642418	2.432268769896614
1987	03	03	0.00730399620404	1.1234557894064416	2.459237316546453
1987	03	04	0.0319594614231	1.0088174435486414	2.0640918667122943
1987	03	05	0.0066235720689	0.9400344360339611	3.027768792237478
1987	03	06	0.0018216084625099999	0.8345671578447852	2.9676918448951004
1987	03	07	0.00205741772472	0.765784150330105	2.372330211676027
1987	03	08	0.19331710443900002	0.701586676649737	2.212852231378274
1987	03	09	3.06585178985	0.733685413489921	1.7347178785562873
1987	03	10	0.043236691683799996	0.765784150330105	2.3805907569386497
1987	03	11	0.056020735989900004	0.733685413489921	2.9056586251098846
1987	03	12	10.614943535699998	1.6645487818552582	1.8271132857213639
1987	03	13	1.6034845541800002	1.8479701352277385	1.9811192541814062
1987	03	14	0.00136675765369	1.6645487818552582	2.47313554045363
1987	03	15	0.00259517087534	1.2014098645897455	2.4067011408864567
1987	03	16	0.0110817227968	1.0088174435486414	2.319636713870025
1987	03	17	0.000459784773594	0.9033501653594652	2.778179879889327
1987	03	18	0.00187749447242	0.7978828871702891	2.436180426023663
1987	03	19	0.00258298289754	0.733685413489921	1.7271844017821891
1987	03	20	0.0086619188947	0.6694879398095529	1.882244106223542
1987	03	21	3.21466484312	0.6694879398095529	1.95260630390632
1987	03	22	0.220962363035	0.6098759999634968	2.1879041953897116
1987	03	23	0.292171484542	0.6098759999634968	2.4588251527341427
1987	03	24	13.40835587485	0.7978828871702891	1.9211270782139296
1987	03	25	7.91037832121	1.2793639397730496	2.0383777380595816
1987	03	26	0.00096604200855	1.0455017142231373	2.4051973374294833
1987	03	27	0.241501610007	0.9033501653594652	2.9090574435072196
1987	03	28	1.66965965199	1.0088174435486414	1.9752851404271923
1987	03	29	0.030825561034499998	1.0088174435486414	1.8510877110083583
1987	03	30	0.0	0.8666658946849691	2.6218021664606175
1987	03	31	0.000459784773594	0.7978828871702891	2.817159043721221
1987	04	01	1.4255328927400002	0.733685413489921	2.1499217218066957
1987	04	02	12.5213317789	0.9721331728741454	1.6423076690564735
1987	04	03	10.4903216212	1.9901216840914107	1.5869480494515682
1987	04	04	12.1020458993	2.494530405865732	2.051133262244513
1987	04	05	2.3290460525	2.494530405865732	2.3063306715256693
1987	04	06	15.3385510407	2.233154977309947	2.3359029340139017
1987	04	07	3.94938476034	6.951669292817002	2.6390179851660833
1987	04	08	7.85138624732	3.3336830975448284	2.455769407135806
1987	04	09	1.3400924632100002	2.3340367216648112	2.1014343085457687
1987	04	10	0.59512509207	1.7975292630503064	2.260950979622569
1987	04	11	0.41639422005	1.53156830066021	2.329645822189095
1987	04	12	0.335330081869	1.3206337442818579	2.6328455325655873
1987	04	13	0.00237046256364	1.2014098645897455	3.5321317962558956
1987	04	14	0.0009006744408799999	1.1601400600809375	3.748491675308752
1987	04	15	0.0	1.0867715187319456	3.7454428247404623
1987	04	16	6.899227057699999	1.0088174435486414	2.7575318000405686
1987	04	17	0.89870802785	0.9721331728741454	2.703987838004786
1987	04	18	0.156567836426	0.8666658946849691	2.916048233245149
1987	04	19	0.00841343018352	0.7978828871702891	3.145017296937964
1987	04	20	0.0266488021197	0.765784150330105	3.413771377954514
1987	04	21	0.80905622614	0.765784150330105	3.380501797344969
1987	04	22	0.00228399734645	0.701586676649737	3.81624051753402
1987	04	23	1.34229526003	0.6694879398095529	3.542224689413584
1987	04	24	8.1209994482	0.9400344360339611	2.4861816741982126
1987	04	25	1.05096729683	0.9033501653594652	3.3188020656341526
1987	04	26	0.00046608331847999997	0.701586676649737	4.208260664368791
1987	04	27	0.986091686412	0.6419747368036808	3.6105632640081833
1987	04	28	1.5222022391499999	0.6419747368036808	2.7455046405814367
1987	04	29	1.6525372022	0.5777772631233128	3.2283439805374132
1987	04	30	0.008780564114	0.5502640601174408	3.6973069200630633
1987	05	01	0.022148421433000002	0.5502640601174408	4.405448041526938
1987	05	02	0.0171721971126	0.4952376541056967	3.821738475128589
1987	05	03	0.38180980276	0.46772445109982463	3.6147431220696142
1987	05	04	0.0	0.4952376541056967	4.024880863862357
1987	05	05	0.0022633689774	0.5227508571115687	3.7933894981724667
1987	05	06	0.00090697279556	0.46772445109982463	4.470636810288205
1987	05	07	0.00045033722043999995	0.3164018345675284	5.070866894321098
1987	05	08	0.00449335733015	0.25220436088716036	4.584553304334469
1987	05	09	2.73668192027	0.25220436088716036	4.072447601951331
1987	05	10	7.6965896303	0.2292766917156003	3.2309313033412286
1987	05	11	1.33721401241	0.2292766917156003	3.250993405356736
1987	05	12	0.047774865246	0.2292766917156003	3.4197912543975892
1987	05	13	0.012566158049599999	0.2292766917156003	3.133012531263781
1987	05	14	0.047970745725	0.2109345563783523	3.665495724044245
1987	05	15	0.010713025373	0.2109345563783523	3.0552610966445317
1987	05	16	0.043285010348	0.2109345563783523	2.648801273516675
1987	05	17	0.169680521829	0.2292766917156003	2.7083685524539813
1987	05	18	0.00618111740778	0.2292766917156003	3.5246643844122114
1987	05	19	0.00727580904855	0.25220436088716036	3.4628336951055476
1987	05	20	0.0016311844652999999	0.2292766917156003	5.411558833045465
1987	05	21	0.00181709445145	0.19259242104110427	5.747410761174035
1987	05	22	3.0234596276	0.41269804508808056	3.8138758455347586
1987	05	23	0.33036943542	0.27054649622440835	3.6445983852790143
1987	05	24	0.00183881259521	0.25220436088716036	3.508653063969513
1987	05	25	0.0203483720809	0.2292766917156003	4.271905752935088
1987	05	26	1.5557078714099999	0.2292766917156003	3.568701804761601
1987	05	27	0.14545120448799997	0.2109345563783523	3.6703581108028795
1987	05	28	0.0009162832101880001	0.2109345563783523	4.062906122270954
1987	05	29	0.00180764734211	0.19259242104110427	5.045440176165611
1987	05	30	0.0012862955492	0.15590815036660824	4.492049901297534
1987	05	31	0.004349962611799999	0.12380941352642418	4.418531154403415
1987	06	01	0.0022651072488999997	0.1375660150293602	4.539409258784765
1987	06	02	0.00413455833226	0.15590815036660824	4.628078734462383
1987	06	03	1.90370242881	0.10546727818917614	3.503231154427313
1987	06	04	0.20256399026299998	0.1375660150293602	4.014949244517881
1987	06	05	0.125957636135	0.12380941352642418	4.04317643918374
1987	06	06	0.00260003127266	0.10546727818917614	4.417497491447003
1987	06	07	1.5702110789100001	0.09171067668624013	3.6792193734482193
1987	06	08	0.492601173279	0.10546727818917614	3.099294153867897
1987	06	09	0.5045110804740001	0.10546727818917614	3.110636040561155
1987	06	10	4.2288795856	0.10546727818917614	3.190685022275415
1987	06	11	0.30887584041	0.19259242104110427	3.88587626816954
1987	06	12	3.5747846103400005	0.1375660150293602	4.490133388712028
1987	06	13	4.398270180650001	0.38977037591652053	3.5049088260658174
1987	06	14	1.26409586725	0.2109345563783523	2.625027636110297
1987	06	15	1.61339745688	0.19259242104110427	3.244627061065113
1987	06	16	0.00193067385095	0.19259242104110427	4.1070283144063735
1987	06	17	0.00181383653968	0.19259242104110427	4.646097675975592
1987	06	18	0.0022828248321299996	0.17425028570385623	4.082542085835452
1987	06	19	0.372637604492	0.17425028570385623	3.9146462863874416
1987	06	20	0.236329211445	0.15590815036660824	3.722481538332582
1987	06	21	0.0009132712559099999	0.15590815036660824	5.610939372094038
1987	06	22	0.00045033722043999995	0.1375660150293602	6.663663764370701
1987	06	23	0.0031458183020399997	0.10546727818917614	6.314584472702462
1987	06	24	0.194106163463	0.07795407518330412	6.49638403233581
1987	06	25	0.00184976064123	0.0641974736803681	5.260150456425756
1987	06	26	0.000959463374762	0.05502640601174408	5.192493643659756
1987	06	27	0.0004992525185939999	0.0641974736803681	6.098685985888971
1987	06	28	0.00182170515056	0.05502640601174408	5.419871395470158
1987	06	29	0.018954735889	0.0641974736803681	5.47868686345977
1987	06	30	0.0668087310578	0.07795407518330412	5.521547216475505
1987	07	01	0.43233964341099995	0.05502640601174408	5.789866243227229
1987	07	02	0.19600456728099996	0.04585533834312006	5.758905847449905
1987	07	03	0.080043239177	0.04585533834312006	5.53305568647743
1987	07	04	0.010301937371999999	0.03209873684018405	5.629722527089094
1987	07	05	0.22400777243499997	0.03209873684018405	5.497253643688037
1987	07	06	0.0523483706294	0.04585533834312006	5.406371433658592
1987	07	07	0.0013955317003599998	0.03209873684018405	5.475368987167333
1987	07	08	0.0007748379553999999	0.03209873684018405	6.026958784959253
1987	07	09	0.0347061353929	0.02292766917156003	6.001826408362144
1987	07	10	0.0009117151594900001	0.02292766917156003	5.370893208235817
1987	07	11	0.0235207091148	0.02292766917156003	4.614438558753003
1987	07	12	0.0103862673155	0.02292766917156003	5.078369074878921
1987	07	13	0.0347867679431	0.02292766917156003	4.465177740565477
1987	07	14	0.17937123221999998	0.03209873684018405	4.074396532730792
1987	07	15	0.09653772385800001	0.03209873684018405	4.380244042104174
1987	07	16	2.3613563457200004	0.03209873684018405	3.4510777082838238
1987	07	17	3.064091856	0.04585533834312006	3.1665285190296695
1987	07	18	0.178544713181	0.05502640601174408	3.5694089655293926
1987	07	19	0.00194667567039	0.04585533834312006	4.102981421381465
1987	07	20	0.0	0.04585533834312006	4.329756445012778
1987	07	21	0.0	0.04585533834312006	4.856178716459124
1987	07	22	0.000459784805295	0.03209873684018405	4.73983092134875
1987	07	23	0.05098323892	0.03209873684018405	3.648031639521212
1987	07	24	0.52589909002	0.03209873684018405	4.418699688709223
1987	07	25	0.0027146200320000004	0.03209873684018405	4.778229111352346
1987	07	26	0.0013696061998800001	0.03209873684018405	5.659904070970875
1987	07	27	0.0	0.03209873684018405	6.199271938928519
1987	07	28	0.00090983423349	0.02292766917156003	5.861530716718594
1987	07	29	0.00124730574961	0.02292766917156003	4.416090200268896
1987	07	30	0.0007627475638449999	0.02292766917156003	4.848138388065535
1987	07	31	0.0018265418778	0.02292766917156003	5.801310070105403
1987	08	01	0.0009014829220499999	0.02292766917156003	5.7572726902037505
1987	08	02	0.000906972943498	0.02292766917156003	6.0560249588513
1987	08	03	0.0	0.02292766917156003	5.711807214544347
1987	08	04	0.017824992558199998	0.02292766917156003	5.6303999195845025
1987	08	05	0.196297442253	0.02292766917156003	3.8617925600613394
1987	08	06	0.786376738988	0.02292766917156003	3.5190175943889375
1987	08	07	1.8080440272900002	0.02292766917156003	3.564235136626918
1987	08	08	0.01446204744995	0.02292766917156003	4.339402556169731
1987	08	09	0.0009563142396899999	0.02292766917156003	4.182890188946107
1987	08	10	0.00114121560569	0.02292766917156003	4.306920930018167
1987	08	11	0.0	0.02292766917156003	5.548315080248464
1987	08	12	0.0	0.03209873684018405	5.840643297204213
1987	08	13	10.257552801899998	0.03209873684018405	4.358826951674945
1987	08	14	18.0268254283	0.03209873684018405	3.6685276951640753
1987	08	15	0.5850151465210001	0.03209873684018405	3.846575554519312
1987	08	16	0.492745708705	0.03209873684018405	3.3062153834647368
1987	08	17	0.0008108953068199999	0.04585533834312006	4.1018014584486595
1987	08	18	0.0105760168211	0.05502640601174408	4.229982671334037
1987	08	19	0.0204788893247	0.05502640601174408	4.275657683164988
1987	08	20	0.6815849834919999	0.05502640601174408	5.523883912921134
1987	08	21	0.151511051411	0.05502640601174408	3.944243891078091
1987	08	22	0.264309813786	0.05502640601174408	3.3422410794635757
1987	08	23	0.01556223224	0.05502640601174408	3.5143995527549508
1987	08	24	0.0543655306202	0.05502640601174408	3.3464449834952923
1987	08	25	0.00214709657795	0.05502640601174408	3.8318316701679014
1987	08	26	0.0	0.05502640601174408	4.805585017176425
1987	08	27	0.0	0.05502640601174408	4.321659781319519
1987	08	28	2.36006283925	0.05502640601174408	4.713498472005072
1987	08	29	10.2639141359	0.09171067668624013	3.8797773915755362
1987	08	30	9.52224071	0.1375660150293602	3.175263832913547
1987	08	31	5.4702262869	0.12380941352642418	2.8991597540223095
1987	09	01	0.72834516313	0.10546727818917614	3.014069023971331
1987	09	02	0.019407022509599997	0.09171067668624013	3.1333939315060935
1987	09	03	0.0012998551236	0.09171067668624013	3.2216315792112025
1987	09	04	0.0063334836148	0.09171067668624013	3.231438248623796
1987	09	05	0.0018289329785599999	0.07795407518330412	3.2485607392217863
1987	09	06	0.000883874115518	0.07795407518330412	4.494007613362953
1987	09	07	0.0	0.07795407518330412	4.7138217882796285
1987	09	08	0.0022933023296400003	0.0641974736803681	4.266024357907686
1987	09	09	4.78233191678e-06	0.0641974736803681	3.439544355197411
1987	09	10	0.0	0.0641974736803681	4.081657439404074
1987	09	11	0.0	0.0641974736803681	4.849361692847734
1987	09	12	0.00137501407347	0.0641974736803681	4.753482291663378
1987	09	13	0.00046608331847999997	0.0641974736803681	4.994323107609872
1987	09	14	0.0009069892800800001	0.0641974736803681	4.57195889497839
1987	09	15	0.027380150529899998	0.0641974736803681	4.872609643459566
1987	09	16	0.0009195696634249999	0.0641974736803681	4.824203461570062
1987	09	17	0.0	0.03209873684018405	4.554015494466256
1987	09	18	0.0207957556135	0.018342135337248024	4.27075432002904
1987	09	19	0.619124165048	0.018342135337248024	3.8109393867110257
1987	09	20	2.92714955919	0.018342135337248024	2.994595111806353
1987	09	21	0.471475077395	0.02292766917156003	2.707943116195016
1987	09	22	10.676854531999998	0.5502640601174408	2.424448802785149
1987	09	23	14.9124082348	0.15590815036660824	2.320924137342332
1987	09	24	1.91717545948	0.12380941352642418	2.66553138616984
1987	09	25	13.0564288084	0.15590815036660824	2.3998809895044557
1987	09	26	13.6368762318	0.7978828871702891	1.8688070356266955
1987	09	27	1.0935592810499999	0.2109345563783523	2.2369876060836744
1987	09	28	0.170856375321	0.19259242104110427	2.9764587968224423
1987	09	29	0.28508523320799994	0.2292766917156003	2.957015956902439
1987	09	30	0.252789818324	0.2292766917156003	2.467700761859917
1987	10	01	1.10779641149	0.19717795487541626	2.1586986320916206
1987	10	02	1.42721082667	0.2201056240469763	1.993009001455223
1987	10	03	5.824781154909999	0.33474396990477645	1.9655325989168173
1987	10	04	18.045278580399998	0.20634902254404028	1.9711870158086637
1987	10	05	3.1379343690100003	0.18800688720679226	1.8998684392855183
1987	10	06	1.5708010345199999	0.2567898947214724	1.7221591884002403
1987	10	07	1.7052377899600002	0.2843030977273444	2.00551514201067
1987	10	08	1.3657883427800002	0.4081125112537686	1.9959700340656419
1987	10	09	6.29868891421	0.3209873684018404	2.3366641069497014
1987	10	10	4.0824693624599995	0.9996463758800174	1.4538636890256365
1987	10	11	4.91572866808	1.0363306465545132	2.060509947821537
1987	10	12	0.0563681757798	0.7107577443183609	1.969944555317302
1987	10	13	0.28628296038999995	0.5502640601174408	1.8971529880170854
1987	10	14	2.5105210687499997	0.4081125112537686	1.914157110261142
1987	10	15	22.389491687499998	0.38977037591652053	1.6891742631114819
1987	10	16	1.5886913881999998	1.1647255939152497	1.450753700177281
1987	10	17	5.8359554404e-05	0.756613082661481	2.164800479035121
1987	10	18	0.22034678245000003	0.4998231879400087	2.1423683115950687
1987	10	19	25.987627043099998	0.40352697741945653	1.5262280725463575
1987	10	20	5.17227661882	0.6328036691350568	1.4321221688724635
1987	10	21	2.3237393051	0.47689551876844866	1.710128777102887
1987	10	22	0.039167784854499996	0.3668427067449605	1.6371257873423768
1987	10	23	9.211356399900001	0.4218691127567046	1.6462186003239585
1987	10	24	1.6854983169500002	0.4402112480939526	1.626227011904948
1987	10	25	1.5802240511	0.4860665864370727	1.936018293721445
1987	10	26	11.327576732199999	0.5777772631233128	1.688373247443406
1987	10	27	7.2772488023	2.4624316690255474	1.1830008827119363
1987	10	28	0.0143988034266	1.403173353299474	1.3254137030892514
1987	10	29	0.13949531571100002	0.8299816240104732	1.6588754346028065
1987	10	30	58.164128305999995	2.2835958494873796	0.9645205345583359
1987	10	31	14.873603040699999	3.099820871994916	1.6177367003832293
1987	11	01	0.6370863954620001	3.475834646408501	1.5580444052431182
1987	11	02	11.3255933063	2.159786435960955	1.1784630007349306
1987	11	03	1.38076865033	1.5544959698317702	1.6350295473689724
1987	11	04	0.29602789005799995	1.2243375337613056	1.4033419875922877
1987	11	05	0.139357553732	0.9813042405427693	1.4236173578509221
1987	11	06	6.8528284174000005	0.8620803608506572	1.3811538254137226
1987	11	07	13.806048618299998	0.921692300696713	1.0614844360960378
1987	11	08	1.6129633645199999	0.8391526916790971	0.9513022411904004
1987	11	09	0.212740317706	0.761198616495793	0.9814713743038639
1987	11	10	0.73687114708	0.729099879655609	1.1262911238473277
1987	11	11	0.0185535755845	0.6740734736438649	1.1216656131593479
1987	11	12	0.023880321032	0.6649024059752409	1.3310750269756666
1987	11	13	4.02697866402	0.9721331728741454	1.0608500138112589
1987	11	14	0.65525819062	1.8617267367306742	0.9250680727153067
1987	11	15	0.045756427704899995	1.2289230675956178	1.4277877807067612
1987	11	16	0.20729537508	0.9171067668624012	1.1797740420487222
1987	11	17	0.00046608328677899996	0.7703696841644171	1.5939555280322066
1987	11	18	0.00181115231034	0.7703696841644171	1.6885448033526023
1987	11	19	0.0	0.719928811986985	1.7086756428634706
1987	11	20	0.0009006744408799999	0.7107577443183609	1.4793549024298276
1987	11	21	0.00090067454655	0.6419747368036808	1.4788683238330917
1987	11	22	0.050375329977	0.6511458044723049	1.3118633187524782
1987	11	23	2.47060950975	0.6832445413124889	0.8729720689926915
1987	11	24	2.17661517544	0.6786590074781769	0.7255155181257206
1987	11	25	0.5799365089499999	1.0179885112172655	0.9342131049413982
1987	11	26	0.0468405342761	0.7107577443183609	1.0114122012196705
1987	11	27	0.06621654686749999	0.7107577443183609	0.9370213770008079
1987	11	28	0.0009006744408799999	0.6419747368036808	1.1706211250503789
1987	11	29	0.000906972943498	0.623632601466433	1.2166674708987542
1987	11	30	0.0	0.5823627969576248	0.9180394429817068
1987	12	01	0.009884128759	0.6007049322948728	0.8428016018583459
1987	12	02	13.8916413183	0.8070539548389131	0.6126572428205366
1987	12	03	9.0952641678	1.6416211126836981	0.7066153399259056
1987	12	04	5.225180727000001	2.4853593381971075	0.7688689920625313
1987	12	05	10.526655194	2.4395039998539874	0.7771983787772561
1987	12	06	1.01601948041	2.0130493532629705	0.7634680333657362
1987	12	07	6.3871565779	1.494884029985714	0.8803532896498397
1987	12	08	1.4583401519699999	1.2014098645897455	0.7330214245711584
1987	12	09	4.37498981161	1.0592583157260735	0.9292941141611503
1987	12	10	17.4833138967	3.04020893214886	0.7820268260587252
1987	12	11	4.25955283918	2.4303329321853635	0.9264118158710497
1987	12	12	13.477522701700002	1.9717795487541627	0.9050216191577528
1987	12	13	15.6657455153	7.19928811986985	0.6555068207835286
1987	12	14	5.805831036800001	5.548495939517528	0.865303312438984
1987	12	15	3.2114653668599997	4.8652513982050385	0.8636293917583998
1987	12	16	4.30838516525	3.3107554283732683	0.7474753099160154
1987	12	17	0.227568724631	2.5358002103745396	0.8713916252553077
1987	12	18	4.532856247800001	2.1322732329550833	0.8679893176804044
1987	12	19	0.55030558425	1.9075820750737946	1.2210765640193815
1987	12	20	0.0018139452741099999	1.6737198495238823	1.292316226313746
1987	12	21	0.00045978475246	1.513226165322962	1.273548983730243
1987	12	22	0.0450332190548	1.3068771427789219	1.0776238890242644
1987	12	23	0.0333739801204	1.1417979247436898	0.9159572962972119
1987	12	24	0.0018108275864300001	1.0500872480574495	0.9703609688660642
1987	12	25	0.0078149896952	0.9813042405427693	1.0287869918137715
1987	12	26	0.0014266989611899999	0.9171067668624012	1.1229276998197
1987	12	27	0.0022611335285500004	0.8804224961879052	0.9894848602974934
1987	12	28	0.00317125560712	0.8712514285192812	1.0604712962296603
1987	12	29	0.0	0.8437382255134092	1.09628265121973
1987	12	30	0.071519632802	0.8162250225075371	1.0598683825590793
1987	12	31	8.9076079849	1.352732481122042	0.7597600842433385
1988	01	01	0.050351853273099996	1.0821859848976334	0.9761534807227117
1988	01	02	2.95772781544	1.0134029773829534	0.882128809582202
1988	01	03	0.8108367233720001	1.1968243307554336	0.7991418731759775
1988	01	04	0.98529867533	1.0821859848976334	0.824015860455537
1988	01	05	17.0466590392	1.3573180149563537	0.8423653163508857
1988	01	06	4.4794178721	2.74214923291858	0.7200200369952826
1988	01	07	0.32195138280799995	2.214812841972699	0.9819111110723421
1988	01	08	0.0013565513054	1.6874764510268183	1.1581041277163313
1988	01	09	0.0023364614447499996	1.4077588871337858	1.1153682599525465
1988	01	10	0.6201308831379999	1.2014098645897455	1.052757104923526
1988	01	11	0.083776496875	1.1096991879035054	0.898814497171457
1988	01	12	8.6037591834	1.0134029773829534	0.9539583595554245
1988	01	13	16.754633654000003	2.4991159397000433	0.8555412988560357
1988	01	14	12.3143221355	3.9985855035200695	0.744301830452112
1988	01	15	7.38477267678	3.7601377441358443	0.8548664850768131
1988	01	16	0.40108443344	2.7146360299127075	1.0937121249435526
1988	01	17	0.000906972943498	2.173543037463891	1.118657278232553
1988	01	18	1.50462678207	1.8525556690620506	1.2340329083959658
1988	01	19	8.3037218988	2.691708360741148	0.7820261346833907
1988	01	20	1.91818249458	2.884300781782252	0.9159138384825989
1988	01	21	0.34241923912800004	2.3890631276765553	0.9241913604328114
1988	01	22	1.11413196201	2.045148090103155	1.022577278177347
1988	01	23	0.39913799204	1.7791871277130584	0.9586077282939134
1988	01	24	2.9595342440900003	1.7837726615473704	0.8986733557496615
1988	01	25	3.8036709024999995	2.4303329321853635	0.7469229919231865
1988	01	26	26.085235478799998	3.072307668989044	0.9034343054695902
1988	01	27	9.5637954375	3.608815127603549	0.8751802895302209
1988	01	28	5.19318776079	3.04020893214886	1.0429509460629776
1988	01	29	15.8288999953	9.414100961842548	0.9441005049524188
1988	01	30	1.33709766974	8.804224961879052	0.9878119335553176
1988	01	31	0.68361494646	4.883593533542286	1.250160372998584
1988	02	01	4.3477615057	3.993999969685758	0.9159390082132872
1988	02	02	0.17285261899200002	3.2190447516870284	1.1402074257249184
1988	02	03	7.77605505535	3.026452330645924	1.351016806845593
1988	02	04	2.3592418890199998	3.17777494717822	1.132317841997183
1988	02	05	1.23501516624	3.4024661050595086	0.926732230216277
1988	02	06	15.2804748087	3.7555522103015333	1.0491525414855256
1988	02	07	0.50009880849	3.5079333832486848	1.0152820643846272
1988	02	08	1.22976748837	2.852202044942068	1.2241624376099065
1988	02	09	1.03301533754	2.6825372930725235	1.1895352105119803
1988	02	10	0.0034631345337	2.4991159397000433	1.2074190998718854
1988	02	11	1.96856299182	2.2469115788128833	1.5287530372010902
1988	02	12	0.0130783257458	2.0910034284462746	1.4181498502307475
1988	02	13	0.00136972560698	1.8021147968846185	1.7704834492902382
1988	02	14	0.0122819332238	1.6737198495238823	2.116166190521438
1988	02	15	3.42862028129	1.5728381051690181	1.493706195223297
1988	02	16	2.6827351662	1.494884029985714	1.1154439417753028
1988	02	17	0.17104517590999999	1.494884029985714	1.4572520772453534
1988	02	18	0.0086148904612	1.494884029985714	1.7775633119170644
1988	02	19	0.0	1.5590815036660821	2.0002216492620173
1988	02	20	0.422995615156	1.5590815036660821	1.9671167884673462
1988	02	21	8.6924321639	1.4077588871337858	1.4042889119115018
1988	02	22	3.9487756784599997	0.08253960901761612	1.4885673952507579
1988	02	23	2.8455335383	0.46313891726551265	1.725077599951621
1988	02	24	0.0347520976161	0.8345671578447852	1.5990839581685683
1988	02	25	0.00090067454655	1.0409161803888254	1.653761921799917
1988	02	26	0.0009006744408799999	1.0913570525662575	1.6103235784084886
1988	02	27	0.0009006744408799999	1.1096991879035054	1.4705512828809175
1988	02	28	0.0014671576794500001	1.1096991879035054	1.612655947570158
1988	02	29	0.0009006744408799999	1.0913570525662575	2.018861570516382
1988	03	01	0.0	1.0730149172290095	1.8727858069610557
1988	03	02	0.0022737303435800002	1.0730149172290095	1.9295542186770516
1988	03	03	4.359857550599999	1.0730149172290095	1.5420053953165433
1988	03	04	3.14319409326	1.0730149172290095	1.5737333898971824
1988	03	05	3.18749095726e-07	1.0730149172290095	1.7189933821831618
1988	03	06	0.048095772355599996	1.0730149172290095	1.6521401170913623
1988	03	07	0.0	1.0225740450515775	2.447668217340862
1988	03	08	0.00091012207857	0.7703696841644171	2.6595735822677704
1988	03	09	0.0018202439458000002	0.6007049322948728	2.7323636148851076
1988	03	10	0.00092701691518	0.5044087217743207	2.5207421610313077
1988	03	11	0.0022823798557599995	0.47689551876844866	2.891213118533325
1988	03	12	0.0009006744408799999	0.49065212027138466	3.0614866250756916
1988	03	13	0.00229552266768	0.5044087217743207	2.868888524288754
1988	03	14	0.0027394936933000003	0.5044087217743207	2.205449794735534
1988	03	15	0.087512269519	0.5044087217743207	2.5056300180348163
1988	03	16	0.15723143345899998	0.5044087217743207	2.256881498369789
1988	03	17	0.0271834669589	0.5044087217743207	2.56690731650683
1988	03	18	0.00226124744081	0.5044087217743207	2.7861834226957103
1988	03	19	0.00819153269382	0.5044087217743207	3.2165125306207267
1988	03	20	0.00257042972422	0.5044087217743207	3.397951293166834
1988	03	21	2.16419102519	0.5365074586145048	1.8768038270731031
1988	03	22	0.31020527468	0.6098759999634968	2.075062861353674
1988	03	23	0.23273024975	0.6832445413124889	2.430931806955203
1988	03	24	0.00024201752264800002	0.719928811986985	2.9860246239526202
1988	03	25	0.04126139814699999	0.733685413489921	2.475232026325645
1988	03	26	0.015132884463	0.733685413489921	2.45447782730307
1988	03	27	0.0023108031837000003	0.752027548827169	2.6504750548057805
1988	03	28	0.0014051108971999998	0.738270947324233	2.62674368512218
1988	03	29	0.424342062296	0.752027548827169	2.309165103471387
1988	03	30	0.28978584692099996	0.742856481158545	1.8211778960086629
1988	03	31	0.9005775414899999	0.701586676649737	2.0456773745773122
1988	04	01	0.00054386087662	0.765784150330105	2.3387936985442375
1988	04	02	4.3719641625	0.715343278152673	1.7063846012985444
1988	04	03	6.02319	0.719928811986985	1.9615268436180855
1988	04	04	0.92124617081	0.752027548827169	2.4947126512583067
1988	04	05	1.6766743436	0.7107577443183609	1.7281002971884996
1988	04	06	0.162370651641	0.765784150330105	2.2208910468109666
1988	04	07	0.187512735875	0.8437382255134092	2.220629511673329
1988	04	08	0.14521454595600003	0.8437382255134092	2.5762054357937387
1988	04	09	0.00707236344291	0.8620803608506572	2.7256515316162044
1988	04	10	0.016573353598899998	0.8804224961879052	2.970022078975359
1988	04	11	27.2462645265	0.5273363909458806	2.459642758584023
1988	04	12	1.14961436296	0.3805993082478965	2.3674652355003145
1988	04	13	0.35939032720999997	0.5686061954546888	2.4516918215603405
1988	04	14	0.0308512103136	0.6740734736438649	3.349601812052383
1988	04	15	0.16655675812399998	0.719928811986985	2.996345381033721
1988	04	16	2.3413767904699996	0.733685413489921	3.2907344196008013
1988	04	17	10.6689239985	0.701586676649737	2.650905968434829
1988	04	18	8.07987131049	0.40352697741945653	2.535446841850588
1988	04	19	1.7810962752300001	0.20176348870972827	2.688872167341054
1988	04	20	0.0029487157494899998	0.3439150375734005	3.6278378643825175
1988	04	21	0.49632107428899996	0.4998231879400087	3.707341693676072
1988	04	22	4.4695525209	0.49065212027138466	2.4688819187403737
1988	04	23	1.4096460422600001	0.623632601466433	2.6088004219055945
1988	04	24	0.62020935368	0.6373892029693687	2.736105912587418
1988	04	25	2.49439783448	0.6052904661291848	1.8926622689631094
1988	04	26	0.0100718240398	0.33932950373908843	2.9951382337707226
1988	04	27	0.0162582815867	0.3576716390763365	2.607892948930757
1988	04	28	0.0275256855941	0.40352697741945653	2.8619114062811524
1988	04	29	0.80234311671	0.4172835789223926	2.5552544873970513
1988	04	30	3.675995125	0.39894144358514455	3.5544387974905676
1988	05	01	4.28746895112	0.2751320300587204	2.3473680315517207
1988	05	02	5.8644049745	0.5502640601174408	2.54471012594042
1988	05	03	2.90522715532	0.6649024059752409	2.8734620861957545
1988	05	04	25.456427123199997	3.3382686313791408	3.1411445327906304
1988	05	05	15.5171904025	5.837384571079184	2.8477386448892004
1988	05	06	5.05437098385	2.852202044942068	3.385250034839746
1988	05	07	0.8964074862800001	0.9354489021996493	3.066112379299034
1988	05	08	0.8020158567199999	0.2980596992302804	3.1543340385180425
1988	05	09	2.7457033908499997	0.0641974736803681	3.056420631120287
1988	05	10	0.01001762536845	0.0	3.173723226423603
1988	05	11	0.019815815358199998	0.0	2.7087918561968505
1988	05	12	8.52027840402	0.0	2.4309399575189703
1988	05	13	1.71003637033	0.05961193984605608	2.432840977922147
1988	05	14	0.00169832348485	0.0	3.3737854615778753
1988	05	15	7.0334702256999995	0.0	3.6649358550415507
1988	05	16	0.9650151497580001	0.9400344360339611	2.8775722193726816
1988	05	17	1.6573317671099999	1.43985762397397	3.0698750035413775
1988	05	18	2.19495631734	1.384831217962226	2.8451668309301263
1988	05	19	0.080623864126	1.247265202932866	3.5668984073111827
1988	05	20	0.0441590428458	1.1005281202348816	4.2199912309381435
1988	05	21	1.69014600056	1.0134029773829534	4.69362864325249
1988	05	22	1.28549943142	0.9262778345310253	4.071162400404313
1988	05	23	0.934786650641	0.8253960901761611	3.7201566810988353
1988	05	24	0.0172516239681	0.742856481158545	3.4341359933992024
1988	05	25	0.0119152287362	0.752027548827169	3.6228964478339902
1988	05	26	0.41813217454	0.623632601466433	2.9540487027978912
1988	05	27	0.54292675382	0.5731917292890008	3.518408627487219
1988	05	28	1.00623433274	0.5594351277860647	3.9062422633618707
1988	05	29	0.231588136689	0.5731917292890008	3.0263008840360777
1988	05	30	0.54109993086	0.5594351277860647	3.1142481090457435
1988	05	31	0.005453881251300001	0.5456785262831287	3.9825727207420436
1988	06	01	0.0085102792746	0.5227508571115687	4.519555811563633
1988	06	02	0.00112831076261	0.5044087217743207	5.9380213622982065
1988	06	03	0.0030218318869199997	0.4952376541056967	4.159412234035029
1988	06	04	0.0012377876300300001	0.4585533834312006	3.3715531758205626
1988	06	05	0.00137248665841	0.4447967819282646	5.1741685999123455
1988	06	06	0.000906972943498	0.4218691127567046	5.022980979873151
1988	06	07	0.559936844699	0.40352697741945653	3.971835406033029
1988	06	08	4.073661556619999	0.4172835789223926	2.8147581515004405
1988	06	09	10.4473625394	0.4310401804253286	3.265027122366506
1988	06	10	2.1902248374199997	0.4310401804253286	3.4260322425777345
1988	06	11	12.7572685848	0.4310401804253286	3.2351951947854407
1988	06	12	18.7652959965	0.4447967819282646	3.343983193293704
1988	06	13	9.505199309100002	0.4172835789223926	3.296641314565543
1988	06	14	13.9788560528	0.4172835789223926	3.397552781982232
1988	06	15	5.479326904310001	0.4310401804253286	3.7285503831674425
1988	06	16	16.8824689932	0.4998231879400087	2.555982790955491
1988	06	17	0.511561118699	0.4310401804253286	3.9090002977581846
1988	06	18	0.282675312621	0.4172835789223926	3.723483668273848
1988	06	19	0.578577434245	0.40352697741945653	5.111247368996653
1988	06	20	5.5438243852	0.38518484208220855	4.290909873565915
1988	06	21	0.34506897778	0.3164018345675284	4.60246395626626
1988	06	22	2.24284860309	0.27054649622440835	4.741048990830808
1988	06	23	11.805162864200001	0.5181653232772566	3.756307717873075
1988	06	24	5.9190057201999995	0.39894144358514455	3.4692684934007785
1988	06	25	0.970771343369	0.3668427067449605	3.846497459356927
1988	06	26	0.115015592171	0.3209873684018404	4.089892080959813
1988	06	27	0.806356199135	0.2797175638930324	3.1019180677523033
1988	06	28	7.0293047143	0.33015843607046447	2.4167640811940188
1988	06	29	16.845784595999998	0.4081125112537686	3.2185992981644875
1988	06	30	3.00219618185	0.4310401804253286	3.5986650530328648
1988	07	01	0.41674081765	0.40352697741945653	2.91137351710978
1988	07	02	2.97684077102	0.3439150375734005	3.1913914461752606
1988	07	03	4.46055820751	0.3714282405792725	2.6425491071713916
1988	07	04	33.5124648822	1.6095223758435142	2.8975228632123375
1988	07	05	3.58392189524	1.8479701352277385	3.4399658341265074
1988	07	06	3.0603997462	0.9767187067084573	3.5617662441056863
1988	07	07	0.00386157542075	0.7107577443183609	3.9531938988317448
1988	07	08	0.16349778069600002	0.5456785262831287	3.792578560687646
1988	07	09	0.00538880808025	0.47689551876844866	4.310641417260892
1988	07	10	0.0	0.4356257142596406	4.828127674023245
1988	07	11	0.0056778593833	0.33932950373908843	4.5428632080389875
1988	07	12	0.010419454035700002	0.13298048119504818	4.183418940808588
1988	07	13	0.0044967075975	0.12380941352642418	4.263983098535979
1988	07	14	0.00045978475246	0.12380941352642418	4.109743265944921
1988	07	15	0.0031831324924399998	0.12380941352642418	5.313482180452163
1988	07	16	0.0	0.11922387969211216	5.7434495992274055
1988	07	17	0.139759733752	0.10546727818917614	4.524010886190381
1988	07	18	0.163800250504	0.11463834585780015	4.199258941042061
1988	07	19	0.943994015885	0.16507921803523223	3.9422975493076713
1988	07	20	0.0419810298676	0.23386222554991232	4.185038073068917
1988	07	21	0.019348652515	0.24303329321853634	4.736191425275509
1988	07	22	0.098256161099	0.2292766917156003	4.338542869437241
1988	07	23	0.1159441725795	0.16507921803523223	4.198344683329479
1988	07	24	0.0012872426694100002	0.18800688720679226	4.113392995317903
1988	07	25	0.00136675765369	0.24303329321853634	5.072668453981314
1988	07	26	0.000906972943498	0.18800688720679226	4.8144863614311895
1988	07	27	0.00108584019322	0.12380941352642418	4.373177857401656
1988	07	28	0.0016863779140299999	0.12380941352642418	4.242787181381524
1988	07	29	0.029569409966200003	0.10088174435486413	3.549972711911657
1988	07	30	0.001358239912	0.09629621052055214	4.670629358161175
1988	07	31	0.00090067454655	0.09629621052055214	5.245948992885363
1988	08	01	0.0014278330116299998	0.11463834585780015	5.483835256952999
1988	08	02	0.0078884599328	0.11922387969211216	4.126557375213738
1988	08	03	0.210081924681	0.10546727818917614	4.5609837370638315
1988	08	04	0.00090382372389	0.08712514285192811	5.921823221591212
1988	08	05	0.00092271921061	0.08712514285192811	5.904045997748116
1988	08	06	0.00235984716678	0.07795407518330412	4.42059599270518
1988	08	07	0.0130840255856	0.0733685413489921	3.825074961194473
1988	08	08	0.00395553116156	0.0733685413489921	4.350390382602509
1988	08	09	0.0275599913596	0.0733685413489921	4.179284231511138
1988	08	10	0.0014073708614900002	0.0733685413489921	3.962979819737271
1988	08	11	0.00380266746018	0.0733685413489921	4.121626498892702
1988	08	12	0.00347986706119	0.0641974736803681	4.068138807533383
1988	08	13	0.0034467810445000004	0.05502640601174408	4.32643357254406
1988	08	14	0.0023613768457	0.05502640601174408	4.023106029911822
1988	08	15	0.017985575030400002	0.05502640601174408	4.211800343981978
1988	08	16	0.00187460703967	0.0641974736803681	3.9821023591146036
1988	08	17	0.0013596421528999998	0.05044087217743207	4.379252760636575
1988	08	18	0.0104560264227	0.04126980450880806	4.164326314114528
1988	08	19	0.122828504394	0.04126980450880806	3.9849349950875563
1988	08	20	0.00244534930759	0.04585533834312006	3.4386016350501554
1988	08	21	0.00271427956326	0.03668427067449605	3.7584923375089674
1988	08	22	0.0018139452741099999	0.02751320300587204	4.7801820311753085
1988	08	23	0.0022672375561	0.03668427067449605	4.048625576474876
1988	08	24	0.000226383772952	0.05044087217743207	3.8433716619489076
1988	08	25	0.0023390952695000002	0.05044087217743207	4.66709746925415
1988	08	26	0.00135484822201	0.03668427067449605	5.902097320979982
1988	08	27	0.0397456116619	0.02751320300587204	4.285422313416112
1988	08	28	0.07546296245999999	0.02751320300587204	3.5243131761472952
1988	08	29	0.0276468552697	0.03668427067449605	3.0334860207188123
1988	08	30	0.00045033722043999995	0.04126980450880806	3.297956515316081
1988	08	31	0.00046031979137100003	0.03668427067449605	3.6479203634720854
1988	09	01	3.48713145101	0.03209873684018405	3.2667016021683795
1988	09	02	0.134290370789	0.08712514285192811	2.8312740591049756
1988	09	03	0.0	0.08253960901761612	4.025430814663049
1988	09	04	0.0060476864194	0.08712514285192811	4.466863915188198
1988	09	05	0.0	0.05502640601174408	5.338225875716951
1988	09	06	0.0009006744408799999	0.05502640601174408	5.951691704752008
1988	09	07	0.00180992939143	0.05044087217743207	5.7704694378187975
1988	09	08	0.00134786227264	0.03209873684018405	4.810387468507883
1988	09	09	0.00045830051164000003	0.03668427067449605	4.527276657750631
1988	09	10	0.000185090494166	0.02292766917156003	4.099148968208388
1988	09	11	0.00046608328677899996	0.03209873684018405	4.378974432520394
1988	09	12	0.00045959708253999997	0.02292766917156003	4.549887066013783
1988	09	13	0.00048554984588	0.018342135337248024	3.5093243367543905
1988	09	14	0.0	0.018342135337248024	4.111336163660251
1988	09	15	0.00045033722043999995	0.018342135337248024	3.288288638088149
1988	09	16	0.0	0.03209873684018405	3.573710779081769
1988	09	17	0.00363921287738	0.03209873684018405	3.636114368999643
1988	09	18	0.00045033722043999995	0.03668427067449605	3.5569086084257253
1988	09	19	0.00136001400563	0.04126980450880806	4.057945045448791
1988	09	20	0.0	0.03668427067449605	4.117394665526665
1988	09	21	0.00236034529516	0.018342135337248024	3.191062425041212
1988	09	22	0.0308451828968	0.01375660150293602	2.3395622264251115
1988	09	23	0.00804716729085	0.03209873684018405	2.6831094841896586
1988	09	24	0.00412474845781	0.03209873684018405	3.057312878878334
1988	09	25	0.0027312021910799998	0.018342135337248024	3.828566787507551
1988	09	26	0.0	0.03209873684018405	3.948102409550213
1988	09	27	0.0	0.05502640601174408	4.307273005558035
1988	09	28	0.00045978475246	0.05502640601174408	4.373393698702985
1988	09	29	0.0009546693276350001	0.05044087217743207	2.3584566628859696
1988	09	30	0.0	0.05044087217743207	2.9176871628304637
1988	10	01	0.00118285539754	0.05961193984605608	3.1891077755235964
1988	10	02	0.0009006744408799999	0.05961193984605608	3.221181201795033
1988	10	03	0.00227595047028	0.04585533834312006	3.338670826216071
1988	10	04	0.0009058753069400001	0.04126980450880806	3.0272112380216467
1988	10	05	0.00046608328677899996	0.03668427067449605	2.491786134870134
1988	10	06	0.00054307426914	0.04126980450880806	2.779736085936398
1988	10	07	0.009595634865199999	0.04126980450880806	2.4412842828311954
1988	10	08	0.00090067454655	0.03668427067449605	2.735185435426682
1988	10	09	0.0881276123465	0.05044087217743207	3.0609063782533363
1988	10	10	3.87482960885	0.09171067668624013	1.80194262035334
1988	10	11	3.7875403769999996	0.1283949473607362	1.640785135631001
1988	10	12	0.334711563658	0.11922387969211216	1.6059054143740112
1988	10	13	29.1117447426	0.39894144358514455	1.8135512083505836
1988	10	14	4.82926651532	0.6970011428154249	1.7339994823249771
1988	10	15	0.35212953017	0.17883581953816824	2.1112128254738063
1988	10	16	2.87233218999	0.16507921803523223	2.458737465115477
1988	10	17	2.00199053395	0.16966475186954422	1.613173167137191
1988	10	18	10.0992675955	0.33474396990477645	1.2921501351664786
1988	10	19	2.4888156053899997	0.20634902254404028	1.477131607843911
1988	10	20	0.00046608331847999997	0.16507921803523223	1.9641643197443777
1988	10	21	0.00180764734211	0.16966475186954422	2.195144031186644
1988	10	22	9.533454410400001	0.16507921803523223	1.5804941316636103
1988	10	23	1.38488122106	0.2246911578812883	2.082817506330389
1988	10	24	0.00275955366342	0.1513226165322962	2.319284993648986
1988	10	25	0.00181666606527	0.1375660150293602	2.3528381433875136
1988	10	26	4.0068489517	0.18342135337248025	1.779416445367344
1988	10	27	16.5335498233	0.23844775938422433	1.6085012454852645
1988	10	28	2.0263419741099997	0.1421515488636722	1.925184397348427
1988	10	29	0.94837461857	0.1283949473607362	1.6279160757424704
1988	10	30	7.3394112931999995	0.38518484208220855	1.297885679521342
1988	10	31	3.1812283190399997	0.2980596992302804	1.406730622443231
1988	11	01	0.0028306921867999996	0.26137542855578433	1.78825951633108
1988	11	02	7.591277111909999	0.2797175638930324	1.1915575372982077
1988	11	03	6.2293659071	0.2292766917156003	1.1507306074443455
1988	11	04	4.0822931049	0.2292766917156003	1.3837999968659247
1988	11	05	14.014034652500001	0.2109345563783523	1.0850498954637728
1988	11	06	8.1565447228	0.26137542855578433	1.1720087564084736
1988	11	07	9.3379649104	1.8617267367306742	0.9132404246450581
1988	11	08	9.5917937607	1.7791871277130584	0.9208401905531112
1988	11	09	0.76230454237	1.1417979247436898	1.3360904444998272
1988	11	10	0.22333182257899997	0.7703696841644171	1.4444190329990196
1988	11	11	6.02008700045	0.5869483307919368	1.2245841183722446
1988	11	12	0.318360642239	0.46313891726551265	1.4466034579126965
1988	11	13	0.045246112403800005	0.3714282405792725	1.4069612194427652
1988	11	14	0.00775664020058	0.3576716390763365	1.5822166784828833
1988	11	15	0.00136832621917	0.3530861052420245	1.5302694274701423
1988	11	16	0.0009173618789810001	0.3439150375734005	1.537624970502402
1988	11	17	0.00277765060195	0.3209873684018404	1.5748038305492733
1988	11	18	0.0	0.3026452330645924	1.521356807955849
1988	11	19	0.00127308627085	0.2843030977273444	1.4817527828967134
1988	11	20	4.63469708401	0.2843030977273444	1.3599930998346117
1988	11	21	1.59815825783	0.2843030977273444	1.07863787664834
1988	11	22	0.000947548205201	0.2934741653959684	1.0231350506979036
1988	11	23	0.499020414439	0.2888886315616564	0.9567332020892084
1988	11	24	0.92354142888	0.2843030977273444	1.0003716948214587
1988	11	25	16.4935959963	0.3026452330645924	0.6749846237223356
1988	11	26	0.049785148233199995	0.3805993082478965	0.9822588224968446
1988	11	27	0.000459784773594	0.3622571729106485	1.183453443713299
1988	11	28	0.0009099269694819999	0.3622571729106485	1.3141030808761847
1988	11	29	0.00157020199129	0.3622571729106485	1.2842218045804923
1988	11	30	9.3619551705	0.3943559097508325	1.1810747730899525
1988	12	01	3.1428815214	0.687830075146801	0.7348128104068787
1988	12	02	1.46866844344	0.724514345821297	0.9311279358927561
1988	12	03	0.147349153925	0.5640206616203768	0.842086733794216
1988	12	04	0.006437359338199999	0.5044087217743207	1.1175339411367793
1988	12	05	0.0039699363073	0.46772445109982463	1.1565953694700029
1988	12	06	0.00909753765785	0.3209873684018404	1.1030108405954469
1988	12	07	0.0	0.27054649622440835	1.0595936295665267
1988	12	08	0.00181900993154	0.24761882705284835	1.1057859769275218
1988	12	09	0.0009006743986119999	0.24761882705284835	1.168016966391491
1988	12	10	0.000909259018845	0.2109345563783523	1.218359573878263
1988	12	11	0.00154317340168	0.2109345563783523	1.2410060229169728
1988	12	12	0.000459784805295	0.2246911578812883	1.2482414311701315
1988	12	13	0.0008993503957800001	0.23386222554991232	1.1361126368244527
1988	12	14	0.000453486440048	0.2246911578812883	1.0098629207682188
1988	12	15	0.0022705809549	0.20176348870972827	1.0763233876018048
1988	12	16	0.0009203600221900001	0.19717795487541626	1.1208239419435484
1988	12	17	0.0018072379765299998	0.20176348870972827	1.0545963595853478
1988	12	18	0.00045978475246	0.17883581953816824	1.0213838419578127
1988	12	19	0.0013554506466800001	0.16966475186954422	1.1516620535165794
1988	12	20	0.0	0.16966475186954422	1.1837471593651079
1988	12	21	0.000459784773594	0.17425028570385623	1.1863949773347775
1988	12	22	0.00318272883304	0.16966475186954422	1.0541767802263888
1988	12	23	2.7571471348400002e-05	0.1604936842009202	1.0616128659262993
1988	12	24	0.1211550339648	0.1604936842009202	0.9368150548977492
1988	12	25	1.3671938594500002	0.1467370826979842	0.8350053102122386
1988	12	26	0.00137305558569	0.1604936842009202	1.059031305863263
1988	12	27	0.00226474532915	0.1604936842009202	1.0797811209245958
1988	12	28	0.00135731012167	0.1604936842009202	0.9865727531069677
1988	12	29	0.000459784773594	0.1604936842009202	1.0091916534433034
1988	12	30	0.0	0.17425028570385623	1.0135741231825774
1988	12	31	0.00090067454655	0.1467370826979842	1.1991799243725065
1989	01	01	0.00090382361822	0.1467370826979842	1.2445054197836714
1989	01	02	0.001006764965212	0.1467370826979842	1.152864219838828
1989	01	03	0.0011715654034	0.1467370826979842	1.1056505394023108
1989	01	04	0.000922587683161	0.1467370826979842	1.1947399074676899
1989	01	05	0.471342017731	0.15590815036660824	1.099602676685108
1989	01	06	9.0228876147	0.17883581953816824	1.0220997936552991
1989	01	07	0.06711376442	0.33474396990477645	0.9724269832839156
1989	01	08	0.00136675765369	0.17883581953816824	1.0940879707329356
1989	01	09	0.517229331468	0.16966475186954422	1.0534251497579799
1989	01	10	6.856038354990001	0.19259242104110427	0.5987989983510575
1989	01	11	2.3055851991	0.2109345563783523	0.8677533557000329
1989	01	12	0.266378092696	0.20176348870972827	1.0417579406360205
1989	01	13	0.00045978475246	0.19259242104110427	1.276714312498828
1989	01	14	0.00090067454655	0.19259242104110427	1.3885080123485054
1989	01	15	0.0	0.19259242104110427	1.2724325089934596
1989	01	16	0.00181338480043	0.17883581953816824	1.139644437977356
1989	01	17	0.00045978475246	0.16966475186954422	1.254983054991637
1989	01	18	0.0	0.16966475186954422	1.3242445213430012
1989	01	19	0.0018076463910800002	0.16507921803523223	1.2731585081484906
1989	01	20	0.01535513964565	0.1604936842009202	1.2839843121436454
1989	01	21	0.0083859194217	0.1467370826979842	1.307216636973232
1989	01	22	0.0013542747509200002	0.1467370826979842	1.2964184132734822
1989	01	23	0.0009006744408799999	0.1467370826979842	1.4513913160388625
1989	01	24	0.0030619895513499997	0.1604936842009202	1.3437493045804785
1989	01	25	10.391583573199998	0.16966475186954422	1.1535778397227767
1989	01	26	6.789639870799999	0.39894144358514455	1.0883171288253064
1989	01	27	0.0009195696634249999	0.33932950373908843	1.504088887393337
1989	01	28	0.0954285100948	0.3164018345675284	1.4098423295762417
1989	01	29	0.000516925044136	0.27054649622440835	1.2361899199196587
1989	01	30	0.0	0.24761882705284835	1.2713789591502234
1989	01	31	0.006318585835519999	0.23844775938422433	1.2550930691690083
1989	02	01	1.6625600017000002	0.26137542855578433	1.1836539720230885
1989	02	02	1.10150915216	0.26137542855578433	1.3721019437246167
1989	02	03	0.0053552692676099994	0.26137542855578433	1.4470780032570294
1989	02	04	0.00118377757963	0.2246911578812883	1.6252452774648916
1989	02	05	0.0	0.20176348870972827	1.6582397004813643
1989	02	06	0.00046608328677899996	0.19259242104110427	1.568131667284879
1989	02	07	0.138296743169	0.19259242104110427	1.3855087759385536
1989	02	08	0.53177191161	0.19259242104110427	1.3532138538514693
1989	02	09	7.26227705402	0.2155200902126643	1.2598708637583553
1989	02	10	20.1619332164	0.2155200902126643	0.974823919392906
1989	02	11	0.00404030999122	0.24761882705284835	1.6041587283193783
1989	02	12	0.0013591353595799997	0.19259242104110427	1.5907647916648426
1989	02	13	0.0	0.16966475186954422	1.7774198100849752
1989	02	14	0.00090641602033	0.1604936842009202	2.0867693022775358
1989	02	15	0.00090067454655	0.16966475186954422	2.036030191388037
1989	02	16	0.00136031083266	0.1467370826979842	2.2322527366800484
1989	02	17	0.0	0.1467370826979842	2.0519981337911957
1989	02	18	0.0018381438097800002	0.1467370826979842	2.253661997554913
1989	02	19	0.00090067454655	0.1467370826979842	2.471730073989095
1989	02	20	0.61181482321	0.1467370826979842	1.8678296953008466
1989	02	21	5.34910363445	0.3805993082478965	1.4777385904534421
1989	02	22	7.813968922999999	0.2246911578812883	1.570497607980324
1989	02	23	4.27013061752	0.6511458044723049	1.0734428791963129
1989	02	24	20.2078542283	4.02151317269163	1.3986298127428527
1989	02	25	20.857250269999998	4.214105593732734	1.2649308188543675
1989	02	26	5.70551184859	3.9389735636740135	1.2042518163267883
1989	02	27	3.7159552922	3.5675453230947407	1.5000758148614153
1989	02	28	2.90693108407	3.851848420822085	1.2439818806470313
1989	03	01	2.3045021872700002	2.953083789296932	1.356091046085753
1989	03	02	0.8883161230400001	1.9121676089081066	1.4026223934925535
1989	03	03	0.6632747394999999	1.449028691642594	1.7603947435197809
1989	03	04	0.00237174571445	1.1738966615838735	2.3919829506173818
1989	03	05	0.0027911616738199997	1.0088174435486414	2.308065706565952
1989	03	06	0.013342592678700001	0.7703696841644171	2.195607857030903
1989	03	07	0.69268238349	0.6603168721409289	1.8109236801976303
1989	03	08	0.00180055952686	0.6373892029693687	2.3828515810612085
1989	03	09	0.0009006744408799999	0.5135797894429448	2.7930179493468477
1989	03	10	0.00023823318407200001	0.4447967819282646	3.1666060813814636
1989	03	11	0.0018053782902	0.40352697741945653	3.1487315595445833
1989	03	12	0.0018208426720200002	0.3805993082478965	3.0531594417144188
1989	03	13	0.023156009187099997	0.3439150375734005	2.074456948836281
1989	03	14	0.00045033729440900004	0.33474396990477645	2.594907696116828
1989	03	15	0.0186618757108	0.33474396990477645	2.3561271173917064
1989	03	16	4.06946857102	0.33474396990477645	1.9695626851348573
1989	03	17	2.86310772734	0.33474396990477645	1.8641926388438055
1989	03	18	0.0022787681608300004	0.3209873684018404	2.06020329208033
1989	03	19	0.039501252957	0.2980596992302804	2.286220530393413
1989	03	20	0.189390946156	0.2843030977273444	1.636217796433523
1989	03	21	0.297804614871	0.2843030977273444	2.260958563033593
1989	03	22	0.00415441848041	0.2843030977273444	3.084978898301346
1989	03	23	0.00135053783704	0.2843030977273444	2.6981032441121027
1989	03	24	0.0029052222944999997	0.2888886315616564	2.475274702965815
1989	03	25	0.0021565418909	0.24761882705284835	3.392510224648519
1989	03	26	0.24849543179199998	0.24761882705284835	2.855863662034402
1989	03	27	17.576006563999997	0.4402112480939526	2.66799720013472
1989	03	28	12.0589378228	1.6324500450150743	1.824786516840786
1989	03	29	0.022318456086700002	2.6412674885637157	3.001527382285906
1989	03	30	0.0318226346236	1.1784821954181857	2.5685765545118295
1989	03	31	0.167012312061	0.8391526916790971	2.097324535874052
1989	04	01	0.475212614728	0.692415608981113	2.6167476883322913
1989	04	02	7.459391864290001	0.719928811986985	2.167132364614921
1989	04	03	6.2789071732	1.3206337442818579	1.768035039443754
1989	04	04	4.03040004728	1.426101022471034	2.052326033609418
1989	04	05	5.40007905379	1.2426796690985538	2.1285545967735486
1989	04	06	6.7776304753	1.3435614134534177	2.0525668992215595
1989	04	07	2.97603324088	1.1326268570750657	2.2516500299276183
1989	04	08	16.974545604400003	1.3343903457847939	1.869944412689504
1989	04	09	2.5669351116500003	2.943912721628308	2.4082731281954017
1989	04	10	0.703011657691	2.077246826943339	2.0029071157969165
1989	04	11	2.64037185186	1.6278645111807621	2.670052496796559
1989	04	12	2.9856163475099997	1.563667037500394	1.7936872744577297
1989	04	13	1.040247233835	1.5911802405062663	1.703952496456213
1989	04	14	3.0297448792	1.5820091728376422	2.2944177135225847
1989	04	15	1.5063529015200001	1.6049368420092023	2.3231047770971434
1989	04	16	0.315889190011	1.4077588871337858	1.8546644922553668
1989	04	17	0.0276956568458	1.1922387969211217	2.5174191568230992
1989	04	18	0.00226257993951	1.1142847217378176	3.8997965853454915
1989	04	19	1.89862223789	0.9171067668624012	3.1298873046639604
1989	04	20	0.39970723633000005	0.7932973533359771	2.914292867406111
1989	04	21	0.066983452176	0.733685413489921	3.178842798090268
1989	04	22	1.16456888703	0.701586676649737	3.3073205035785747
1989	04	23	1.10206317997	0.6282181353007449	3.1261789721811084
1989	04	24	5.568733974300001	0.6419747368036808	2.4493160964178293
1989	04	25	3.5868825573	0.6786590074781769	2.55826775142966
1989	04	26	0.00318104593262	0.6282181353007449	2.505047113028406
1989	04	27	1.56643961094	0.6282181353007449	2.7083125540117905
1989	04	28	1.5840053463800001	0.724514345821297	2.436580069075734
1989	04	29	0.221700858964	0.692415608981113	2.743383546197769
1989	04	30	0.0029960861311100003	0.6603168721409289	3.6363183468910005
1989	05	01	0.0009006744408799999	0.6282181353007449	4.68242950864286
1989	05	02	0.0009006744408799999	0.6282181353007449	4.955015634222099
1989	05	03	0.02877468069	0.6098759999634968	4.502864418967186
1989	05	04	0.009963656001	0.6098759999634968	4.846458847966023
1989	05	05	0.0	0.5961193984605608	5.20077013671306
1989	05	06	0.0	0.5181653232772566	5.497571148977867
1989	05	07	0.35365789878200005	0.4723099849341366	4.704694406485382
1989	05	08	0.1449972039	0.4172835789223926	3.8228405252895503
1989	05	09	0.16640513224099998	0.2980596992302804	3.4863118370272175
1989	05	10	0.00616963319218	0.2797175638930324	4.1662729585671014
1989	05	11	1.27384709485	0.23844775938422433	3.8255906078656277
1989	05	12	8.13711782165	0.2109345563783523	2.66275887357914
1989	05	13	0.0356079527605	0.2109345563783523	3.1579440485358834
1989	05	14	0.0	0.19259242104110427	4.3915865945956325
1989	05	15	0.0013933367231199999	0.16966475186954422	4.3408568013736994
1989	05	16	0.011468049146699999	0.1604936842009202	4.409963947306195
1989	05	17	0.00165387339935	0.11922387969211216	4.326744338839224
1989	05	18	0.0110609913995	0.10546727818917614	3.911798263921271
1989	05	19	0.0020390058895899997	0.09171067668624013	4.78097480754261
1989	05	20	0.00110865434622	0.09171067668624013	4.420620573152905
1989	05	21	0.0115613568134	0.08253960901761612	3.8789419604721864
1989	05	22	7.090395711399999	0.11922387969211216	3.008094316099688
1989	05	23	23.827848480100002	0.2567898947214724	3.5114123381717355
1989	05	24	3.22056313118	0.2155200902126643	3.812995999320432
1989	05	25	6.455966451489999	0.19717795487541626	4.0676575465014055
1989	05	26	9.888524631	0.2109345563783523	3.7700100712808453
1989	05	27	16.344190240000003	0.19259242104110427	3.8257221333859563
1989	05	28	10.569380745100002	0.2246911578812883	3.893911945667345
1989	05	29	5.8239995139200005	0.3622571729106485	4.045082354923691
1989	05	30	5.56534894152	0.2888886315616564	3.3747629427934176
1989	05	31	5.0493469037	0.26596096239009637	3.272731883998904
1989	06	01	0.49946269622399997	0.23386222554991232	2.904415508036289
1989	06	02	0.7403477957499999	0.2109345563783523	3.3338771837780685
1989	06	03	0.00221774849098	0.19259242104110427	3.470693665031387
1989	06	04	2.5765061719e-05	0.19259242104110427	3.500205414647453
1989	06	05	0.00403470821318	0.1604936842009202	3.1844173340574127
1989	06	06	0.0011167163332	0.16966475186954422	3.4350111945151287
1989	06	07	2.7984195121e-05	0.1467370826979842	3.4715371335370806
1989	06	08	0.0009577032190049999	0.1467370826979842	3.185884974435788
1989	06	09	0.00042942328878200006	0.1375660150293602	3.645826568244568
1989	06	10	0.179108018817	0.11922387969211216	4.436068829973344
1989	06	11	0.0014848500075500001	0.11005281202348816	5.205041558710982
1989	06	12	0.015688782632	0.11922387969211216	4.879923411127085
1989	06	13	0.012389299227300001	0.1283949473607362	4.288860298820022
1989	06	14	0.015602770422100001	0.1283949473607362	4.024572053614655
1989	06	15	2.16980474394	0.11922387969211216	5.77948811658485
1989	06	16	0.87806211758	0.11005281202348816	5.634374380810883
1989	06	17	1.6077756015400002	0.11005281202348816	5.715479366200681
1989	06	18	0.34942097559599994	0.11005281202348816	4.172322888951678
1989	06	19	0.00106911146985	0.11005281202348816	4.602364285789379
1989	06	20	0.08924195004800001	0.11005281202348816	5.148188726668167
1989	06	21	0.78694023483	0.08253960901761612	5.56841384115136
1989	06	22	0.8942746852679999	0.03209873684018405	5.869304749666319
1989	06	23	0.005488974258299999	0.01375660150293602	5.6671416969720845
1989	06	24	0.000854214142135	0.03209873684018405	5.322752860366216
1989	06	25	0.0111992806718	0.004585533834312006	5.077535164724329
1989	06	26	0.0	0.009171067668624012	4.385360214839819
1989	06	27	0.00324525102462	0.004585533834312006	4.209953064669059
1989	06	28	0.00224722080501	0.004585533834312006	4.115702973346019
1989	06	29	0.000459784805295	0.009171067668624012	5.613961903902638
1989	06	30	0.00226121922692	0.01375660150293602	5.4927704524970995
1989	07	01	0.0157902554196	0.004585533834312006	4.422601237217401
1989	07	02	0.0063669387368	0.01375660150293602	5.06785332556653
1989	07	03	0.427969364685	0.018342135337248024	3.7060521765981886
1989	07	04	1.63223028129	0.01375660150293602	3.4856928408829377
1989	07	05	0.36716214436999994	0.009171067668624012	4.871741298614176
1989	07	06	0.588962037258	0.0	4.648894791466579
1989	07	07	0.0055183248404899994	0.0	4.3239377607671585
1989	07	08	0.020226371839099998	0.0	4.247034775004687
1989	07	09	0.00396972581266	0.0	4.823023659375602
1989	07	10	0.00317540178091	0.0	6.832543339202696
1989	07	11	0.000459991263341	0.0	6.980358835839423
1989	07	12	0.00180134856475	0.0	6.914589050184074
1989	07	13	0.00180966363138	0.0	6.999697495298135
1989	07	14	0.00316810516174	0.0	6.281375451620852
1989	07	15	0.005177924785989999	0.0	5.675299790266705
1989	07	16	0.025856454645300002	0.0	4.799453106169519
1989	07	17	0.00226997145034	0.0	5.363540276665223
1989	07	18	0.00045978475246	0.0	6.342934178804549
1989	07	19	0.0	0.0	6.491204041174651
1989	07	20	0.00058645761599	0.0	5.664971384749889
1989	07	21	9.780386179799999	0.0	4.710292914610628
1989	07	22	0.16258505607100002	0.0	3.9754000977735604
1989	07	23	0.104620929374	0.0	3.866231896461974
1989	07	24	0.0013537236818700002	0.0	4.493734216448054
1989	07	25	0.0013605771210599999	0.0	5.516063665391265
1989	07	26	0.0009195696634249999	0.0	6.5796782514007575
1989	07	27	0.00088783764928	0.0	6.7872559455586154
1989	07	28	0.00270832125464	0.0	6.37838278782507
1989	07	29	0.00183457269213	0.0	5.885369255776825
1989	07	30	0.00124087065795	0.0	6.096315324275246
1989	07	31	0.026846224324	0.0	6.432835564764642
1989	08	01	0.106450933001	0.0	6.809211050324983
1989	08	02	0.0058573430484	0.0	4.601125884189406
1989	08	03	2.01887163346	0.0	4.30950516820441
1989	08	04	0.435642380395	0.0	4.2865939634985235
1989	08	05	0.0298358420774	0.0	4.4151320294718275
1989	08	06	5.4016982352	0.0	3.3853724365963487
1989	08	07	0.66357389127	0.0	4.094831079051388
1989	08	08	0.30125027053	0.0	4.495110478517501
1989	08	09	0.00044718795856399997	0.0	4.607003626329647
1989	08	10	0.0021928906801800003	0.0	4.142087290931832
1989	08	11	0.009897776039500001	0.0	3.8650141472571744
1989	08	12	0.07443053485899999	0.0	3.977495310382957
1989	08	13	0.019440807322	0.0	4.124657380117739
1989	08	14	0.318138608435	0.0	4.013245796398891
1989	08	15	0.18221241321099999	0.0	3.9855363430531425
1989	08	16	0.257910227246	0.0	3.649427846337107
1989	08	17	0.0	0.0	4.103766188872693
1989	08	18	0.00135772466508	0.0	4.556434712859602
1989	08	19	0.00359532823205	0.0	3.981663351628542
1989	08	20	0.00137129977297	0.0	4.467339895071616
1989	08	21	0.00837736997901	0.0	4.5636069662563425
1989	08	22	0.0008823763489380001	0.0	4.940368621867488
1989	08	23	0.0305534195732	0.0	5.1043577595495915
1989	08	24	0.037654997284	0.0	4.646710380257511
1989	08	25	0.01499174685585	0.0	4.287822639636991
1989	08	26	0.00541713588251	0.0	4.393706561134708
1989	08	27	0.00069133593635	0.0	4.23281152739692
1989	08	28	0.00241345429747	0.0	4.58443507165584
1989	08	29	0.46172078536499994	0.0	4.129405225577608
1989	08	30	2.14383549608	0.0	3.3251491140124667
1989	09	16	0.00141507885397	0.0	3.452008562460193
1989	09	17	7.303202411	0.018342135337248024	2.4576112415113114
1989	09	18	1.5455696802699999	0.018342135337248024	2.414704187728334
1989	09	19	0.00488644032552	0.004585533834312006	2.740741065377682
1989	09	20	0.00090067454655	0.004585533834312006	3.6684271493325658
1989	09	21	0.121563539391	0.009171067668624012	3.0316147210026254
1989	09	22	0.0156225624131	0.004585533834312006	2.5006764917151285
1989	09	23	0.0013623724543599999	0.004585533834312006	3.593784159893383
1989	09	24	0.0018141365368100001	0.004585533834312006	3.6052371571194
1989	09	25	0.0019858615935	0.004585533834312006	3.2293989249381387
1989	09	26	0.0018069716881300001	0.004585533834312006	3.664224881544749
1989	09	27	0.00090382372389	0.004585533834312006	4.278235305194927
1989	09	28	0.00090128679853	0.004585533834312006	4.068633230417253
1989	09	29	0.0	0.0	3.9143949972830194
1989	09	30	0.20969408407999998	0.0	3.5058349606670083
1989	10	01	7.11218845818	0.0	2.676981120257394
1989	10	02	2.2184582763700003	0.01375660150293602	2.7447880708112633
1989	10	03	0.0489132291354	0.01375660150293602	2.8670375210013437
1989	10	04	0.0154189003953	0.004585533834312006	3.1670067800643014
1989	10	05	0.42087553681199996	0.004585533834312006	3.0653376034757627
1989	10	06	0.00592967278969	0.0	3.2800455862902522
1989	10	07	0.0022705809549	0.0	3.3769911177789194
1989	10	08	0.0	0.0	3.0615847457581427
1989	10	09	0.00137305537435	0.004585533834312006	2.78455089549392
1989	10	10	0.00136045887633	0.009171067668624012	3.0211961165724475
1989	10	11	0.0013479438498800002	0.009171067668624012	2.761085160250268
1989	10	12	0.1321230854292	0.01375660150293602	2.776457011716279
1989	10	14	4.0140302849	0.11922387969211216	1.9319705886539569
1989	10	15	0.00271698112248	0.0733685413489921	2.52461603342966
1989	10	16	2.1300217853300003	0.08712514285192811	2.4211861650210773
1989	10	17	6.23329630275	0.07795407518330412	1.7156611989020802
1989	10	18	1.18821339489	0.11922387969211216	1.8150161954693669
1989	10	19	0.037758305559499994	0.05044087217743207	1.8737334500844542
1989	10	20	0.0035156413226800002	0.03668427067449605	2.1687271169100226
1989	10	21	0.0014121719779400003	0.03209873684018405	2.387724508887248
1989	10	22	4.3742472685200005	0.16966475186954422	1.7524004630693537
1989	10	23	26.192082642600003	1.7791871277130584	1.0482869272298534
1989	10	24	0.0024115345905799997	0.5456785262831287	2.211230336098838
1989	10	25	0.013446981958299999	0.2797175638930324	2.0238234081390467
1989	10	26	0.525902925841	0.2292766917156003	1.80183558231687
1989	10	27	15.791356501000001	0.23844775938422433	1.3570414053723625
1989	10	28	0.183412327762	0.20634902254404028	1.364273601455636
1989	10	29	0.000513307790964	0.18800688720679226	2.030874214431177
1989	10	30	0.0039327800935500005	0.19717795487541626	2.2373132138036214
1989	10	31	0.00102578064099	0.2155200902126643	2.1823745907896757
1989	11	01	0.00223844734192	0.19717795487541626	1.7326346034439613
1989	11	02	1.5889967744999998	0.18342135337248025	1.4659081354750043
1989	11	03	1.13053627848	0.18342135337248025	1.090252659962823
1989	11	04	0.115058916871	0.18342135337248025	1.423967182139735
1989	11	05	1.2328002173700001	0.18342135337248025	0.9700997028484633
1989	11	06	0.9756841847100001	0.16966475186954422	1.1890338066756734
1989	11	07	0.582319737295	0.19717795487541626	1.3917730877985592
1989	11	08	0.98909613812	0.25220436088716036	1.304644523667476
1989	11	09	0.0032626903787400002	0.18800688720679226	1.2714416313251002
1989	11	10	0.0033789380514099997	0.18342135337248025	1.606694994445163
1989	11	11	12.299528335500002	0.18342135337248025	1.2841517617147544
1989	11	12	24.5000079532	0.48148105260276064	0.8455547287918267
1989	11	13	0.58096668578	0.692415608981113	1.7193370419551217
1989	11	14	12.615531300399999	0.5044087217743207	1.2941984826163064
1989	11	15	2.7648679133900003	0.4402112480939526	1.348656175437325
1989	11	16	6.2096816995	0.4081125112537686	1.2160074874721751
1989	11	17	14.376498603	0.5686061954546888	0.8832677653667863
1989	11	18	30.011357834000002	1.494884029985714	0.9429405244995022
1989	11	19	12.115688953000001	2.957669323131244	0.8183767503989907
1989	11	20	17.7410641607	1.6278645111807621	0.7852990492757641
1989	11	21	9.6064575866	1.2977060751102978	0.854201045239903
1989	11	24	3.71644919378	3.769308811804469	0.8749422481383679
1989	11	25	14.218726952799999	2.6641951577352754	0.9343573875855463
1989	11	28	0.646920975558	3.1456762103380362	0.960866029954684
1989	11	29	0.9954717058689999	2.191885172801139	0.9735433054831246
1989	11	30	0.76947636527	1.7746015938787465	1.0131194212158356
1989	12	01	0.16203931278900002	1.7746015938787465	1.048958512830105
1989	12	02	0.00370733832638	1.5269827668258982	1.2809694298087686
1989	12	03	14.630838896099998	1.5865947066719541	0.6627041932768538
1989	12	04	1.8022501411899998	3.627157262940797	0.8802715900635072
1989	12	07	1.9872291746400002	3.1731894133439082	0.8258095583871315
1989	12	08	4.20994933345	2.953083789296932	0.6806735850217086
1989	12	11	3.20261804044	3.581301924597677	1.0066313673083929
1989	12	14	2.20482314792	4.31957287192191	0.6620341731837509
1989	12	15	1.22780371709	2.957669323131244	0.6859450418298435
1990	01	05	0.806390774359	4.191177924561174	0.8540625842356298
1990	01	07	0.00136465397533	3.530861052420245	0.8163278553459767
1990	01	08	0.00090382361822	2.85678757877638	1.136835973593342
1990	01	09	0.00226187649432	2.2239839096413228	1.086007912261542
1990	01	10	0.000919774684359	1.8984110074051705	1.1648543894968049
1990	01	11	0.00090067454655	1.6599632480209463	0.9962111361403727
1990	01	12	0.00046608328677899996	1.37107461645929	1.0671443980815833
1990	01	13	0.000459784773594	1.2197519999269937	1.2460415609708795
1990	01	14	0.00090382372389	1.1647255939152497	1.1150305068171111
1990	01	15	0.00136675765369	1.0638438495603855	1.1817820066436524
1990	01	16	0.0018127853345200002	0.9767187067084573	1.1656974899307986
1990	01	17	0.0059507595552	0.9171067668624012	1.1913495968358379
1990	01	18	0.00181510140958	0.8895935638565292	1.2369770166798206
1990	01	19	0.0013502005384000001	0.8529092931820331	1.2084530011258081
1990	01	20	0.0	0.8483237593477212	1.196541653525763
1990	01	21	0.0009006744408799999	0.8483237593477212	1.2024430774055224
1990	01	22	0.00119811530791	0.8483237593477212	1.3437863958252598
1990	01	23	0.20691876720000002	0.8483237593477212	1.3024806488350698
1990	01	24	1.6750491390000002	0.8620803608506572	0.9320409258656611
1990	01	25	1.19008840337	0.8895935638565292	0.9343433865900374
1990	01	26	3.73903309185	1.1188702555721295	0.8476849250630273
1990	02	03	1.8990385776899998	3.530861052420245	1.3849347626067763
1990	02	04	0.0088787875491	2.7375636990842676	1.622831526185883
1990	02	05	0.009949754055800002	2.0634902254404026	1.579841304747855
1990	02	06	2.7346483011199996	1.9855361502570987	1.038694188706067
1990	02	07	0.080925499141	1.6462066465180103	1.3864750416515135
1990	02	08	1.0654158729399998	1.490298496151402	1.2336797051175643
1990	02	09	0.105500959701	1.41692995480241	1.4779775885903212
1990	02	10	1.3428871176999997	1.2977060751102978	1.164852497223794
1990	02	11	0.102054236775	1.2426796690985538	0.9783033703604729
1990	02	12	1.2547365696800001	1.1463834585780015	0.918816458971277
1990	02	13	0.092317073852	0.9904753082113934	1.2933698562463085
1990	02	14	0.020531418938400003	0.8804224961879052	1.4915365808109853
1990	02	15	0.0024623265668	0.7978828871702891	1.3120828178704196
1990	02	16	0.005796908262	0.7841262856673531	1.4406115680659435
1990	02	17	0.0399147354402	0.7841262856673531	1.6755236416843653
1990	02	18	3.5619826898399998	0.7841262856673531	1.5447218498048392
1990	02	19	0.77090121955	0.9262778345310253	1.7410229251150473
1990	02	20	0.14681056450200003	0.8574948270163452	1.9160440408054051
1990	02	21	0.0636526228225	0.8483237593477212	1.7326444588420808
1990	02	22	0.0013596986863500002	0.8483237593477212	2.11625850812496
1990	02	23	0.0013629354641199998	0.8483237593477212	2.2736342276285133
1990	02	24	0.048795835048900005	0.8483237593477212	2.202895633953982
1990	02	25	0.14300630713100002	0.8483237593477212	1.3448502719144533
1990	02	26	0.18932372946899997	0.8483237593477212	1.7548740143475048
1990	02	27	0.09869819984299999	0.8483237593477212	1.5978099492556914
1990	02	28	0.0030924162768200003	0.8483237593477212	1.4517886064352532
1990	03	01	0.0016853989871499998	0.6786590074781769	1.8529997662652788
1990	03	02	0.0013580215977799998	0.5410929924488167	1.8748772512344134
1990	03	03	11.7340966191	0.7978828871702891	1.2459594515808352
1990	03	04	6.52949892872	1.6003513081748901	1.2860392650844121
1990	03	05	7.82616271265	0.8804224961879052	1.4421975017193556
1990	03	06	2.87669414192	0.774955217998729	2.02248490329472
1990	03	07	11.3570132241	0.729099879655609	1.7323552389421415
1990	03	08	6.95421392158	0.706172210484049	1.9177125932976051
1990	03	09	0.0020071587479799998	0.6603168721409289	2.285585436026542
1990	03	10	0.535405554199	0.6282181353007449	2.1879923811799262
1990	03	11	1.43322883884	0.6007049322948728	2.2785627414976863
1990	03	12	0.47516981837800004	0.6419747368036808	2.5117748922669136
1990	03	13	0.518190970736	0.6511458044723049	1.7518690079645656
1990	03	14	0.0123314903404	0.6511458044723049	2.078158428886836
1990	03	15	0.0031767096584999995	0.6511458044723049	3.0640812377094133
1990	03	16	0.0	0.623632601466433	2.93118181989364
1990	03	17	0.0022576141892	0.5915338646262488	2.8869663543980417
1990	03	18	0.0	0.5686061954546888	3.0763690678895883
1990	03	19	0.00045978475246	0.5410929924488167	3.169292810469385
1990	03	20	0.0	0.4860665864370727	3.2479111260874465
1990	03	21	0.00182654177213	0.4356257142596406	3.467418409784921
1990	03	22	0.0	0.38977037591652053	3.0274142191201956
1990	03	23	0.169037287405	0.38518484208220855	1.968398955841813
1990	03	24	0.004223615528880001	0.38518484208220855	2.2471743540136018
1990	03	25	0.0042133978739	0.3530861052420245	3.245351043916944
1990	03	26	0.0018202439458000002	0.3576716390763365	2.9721993293047055
1990	03	27	0.000906972943498	0.38518484208220855	3.0445644087229256
1990	03	28	0.00182043721623	0.38518484208220855	3.0004246865565465
1990	03	29	0.00090067454655	0.3714282405792725	2.9172294240770777
1990	03	30	0.0080279231988	0.3530861052420245	2.894041318974915
1990	03	31	9.7309579806	0.38518484208220855	3.0607597974518157
1990	04	01	10.2926891336	0.8299816240104732	2.1912753417232236
1990	04	02	2.7594296068400004	0.765784150330105	1.8810184990719838
1990	04	03	0.260662656004	0.742856481158545	2.1133205226377387
1990	04	08	9.476727584299999	3.604229593769237	2.1801033807042938
1990	04	09	1.7585558075299998	2.6733662254038997	2.824803909322353
1990	04	10	0.000459784805295	2.233154977309947	2.9454380937796723
1990	04	11	0.0022691065413900004	1.9075820750737946	2.749214168784514
1990	04	12	8.407615057750001e-05	1.7425028570385623	2.9381951622014815
1990	04	13	1.32400758715	1.5957657743405782	1.9334292114139195
1990	04	14	0.0635424111259	1.471956360814154	2.7850144058746853
1990	04	15	0.130758742018	1.375660150293602	2.3782051178287937
1990	04	16	0.0046094310699999995	1.3343903457847939	2.8967762234666665
1990	04	17	0.0641689761074	1.3252192781161698	2.670685699152101
1990	04	18	0.0	1.2931205412759859	3.1284696766017395
1990	04	19	0.0	1.2610218044358017	3.0725003304316205
1990	04	20	0.113294396943	1.2289230675956178	2.146784134650325
1990	04	21	0.725880346978	1.2059953984240577	2.4967898069349252
1990	04	22	1.57942169879	1.1968243307554336	2.675390877313258
1990	04	23	0.166781571049	1.1555545262466256	2.7168498066291473
1990	04	24	0.77522967409	1.1234557894064416	2.6635702961982117
1990	04	25	0.24064429872999998	1.1372123909093776	3.759615225653221
1990	04	26	1.8984634158799998	1.1555545262466256	3.567446312537398
1990	04	27	0.0069376391594	1.1142847217378176	4.275921073412929
1990	04	28	2.34872518794	1.0821859848976334	2.8682516926348947
1990	04	29	5.00775033088	1.0730149172290095	3.578878317618687
1990	04	30	7.5732697815400005	1.0638438495603855	3.675709588058416
1990	05	01	0.8696942793519999	1.1051136540691935	3.4272980387231082
1990	05	02	0.6554687380950001	1.0317451127202013	3.633622998458087
1990	05	03	0.00227432346929	0.9767187067084573	4.07486282641984
1990	05	04	0.0	0.9171067668624012	4.40654650846736
1990	05	05	0.00509359251775	0.9079356991937773	4.664378390682792
1990	05	06	0.93090155572	0.8712514285192812	4.464231481590315
1990	05	07	1.2823825891	0.7841262856673531	4.766259064084969
1990	05	08	2.32275794781	0.41269804508808056	4.431864077765442
1990	05	09	1.0866068290700002	0.34850057140771246	4.7226496833026115
1990	05	10	0.05033244380750001	0.33474396990477645	4.56293203592168
1990	05	11	0.619606664835	0.33474396990477645	4.627471781485763
1990	05	12	2.06696469221	0.33474396990477645	3.052862978889235
1990	05	13	1.35507594086	0.33474396990477645	3.414787494615258
1990	05	14	0.0219355566149	0.33474396990477645	3.9254521780852407
1990	05	15	0.0266516583798	0.33474396990477645	3.970310546442898
1990	05	16	0.00601963695192	0.33474396990477645	3.9440023744525914
1990	05	17	0.00255719519074	0.33474396990477645	4.113523569128875
1990	05	18	0.06468860304889999	0.33474396990477645	4.010990287002768
1990	05	19	0.16389846020200002	0.33474396990477645	3.766580010821038
1990	05	20	0.41309456863	0.3118163007332165	3.3655636524561547
1990	05	21	0.132183881607	0.24303329321853634	3.4824489155824865
1990	05	22	1.1570015413199999	0.24761882705284835	3.335027520418945
1990	05	23	1.3898690563999998	0.2888886315616564	3.2581631256345815
1990	05	24	0.11578460982279999	0.2888886315616564	3.556846649693103
1990	05	25	0.012055063960599998	0.2888886315616564	3.8803190815544015
1990	05	26	1.21503529398	0.2888886315616564	3.986082676912181
1990	05	27	0.020689855252900003	0.2888886315616564	3.747262657593858
1990	05	28	0.00045033722043999995	0.2888886315616564	5.465477836995911
1990	05	29	0.0	0.2888886315616564	5.513128785884331
1990	05	30	0.000906972943498	0.26596096239009637	5.68645800980619
1990	05	31	0.0303712001118	0.23844775938422433	5.149144102467132
1990	06	01	0.20085404888999997	0.20176348870972827	5.2032780301293675
1990	06	02	2.76727053218	0.17883581953816824	4.781880338191472
1990	06	03	0.459670142778	0.1467370826979842	4.431424720700892
1990	06	04	0.12836359409700002	0.10546727818917614	4.077985495025524
1990	06	05	0.00096424318814	0.09629621052055214	3.2319406541562183
1990	06	06	0.008101729784010001	0.09629621052055214	4.058064514598529
1990	06	07	0.00242978263721	0.09629621052055214	4.245112869097855
1990	06	08	0.0072341100815000005	0.09629621052055214	4.471544192201665
1990	06	09	0.0	0.09629621052055214	4.708015114086752
1990	06	10	0.30887717185200003	0.09629621052055214	4.365014167446217
1990	06	11	0.00460468616999	0.09629621052055214	4.592253145004726
1990	06	12	0.0105694980388	0.09629621052055214	5.0402387187736215
1990	06	13	0.344450237662	0.09629621052055214	4.330429572192771
1990	06	14	0.0009381063476600001	0.09629621052055214	4.696131252941089
1990	06	15	0.0206781797746	0.0687830075146801	4.576529006988767
1990	06	16	0.15571598828799998	0.05961193984605608	3.7830447995376533
1990	06	17	0.086507654262	0.0641974736803681	3.3095173777084512
1990	06	18	0.0084859941952	0.05961193984605608	4.766935586090567
1990	06	19	0.9597115301899999	0.08253960901761612	3.475520266293934
1990	06	20	0.43290019106	0.07795407518330412	3.864671811908701
1990	06	21	1.3899159738799998	0.08253960901761612	3.959229443368234
1990	06	22	0.15950368717	0.0687830075146801	3.627345383582823
1990	06	23	0.00141836677602	0.05961193984605608	4.897289850322395
1990	06	24	0.00643690643658	0.0733685413489921	5.548268150585472
1990	06	25	1.8347955501600002	0.05961193984605608	5.795785945028285
1990	06	26	0.035846043121	0.05502640601174408	4.9212434435695105
1990	06	27	0.27722566767999995	0.04585533834312006	3.6333735366272433
1990	06	28	0.0050716506706	0.0641974736803681	4.177203221740534
1990	06	29	0.28405976926	0.04585533834312006	4.5764610899435345
1990	06	30	0.0858546823475	0.03209873684018405	4.273065213621154
1990	07	01	0.0013463985318	0.03668427067449605	4.37909592136316
1990	07	02	0.12196192585799999	0.04585533834312006	4.374534555968421
1990	07	03	0.178218414788	0.04126980450880806	4.341789782569203
1990	07	04	0.00101949634042	0.03209873684018405	4.684370263697402
1990	07	05	0.06876965136119999	0.03668427067449605	4.506591672866107
1990	07	06	0.00135258952576	0.03209873684018405	5.290307363944179
1990	07	07	0.0009006744408799999	0.018342135337248024	6.12664703059529
1990	07	08	0.00135063103798	0.009171067668624012	6.370455914482893
1990	07	09	0.000894376043932	0.009171067668624012	5.503811231997432
1990	07	10	0.00045978475246	0.009171067668624012	6.680507545058654
1990	07	11	0.00226650885578	0.004585533834312006	6.139494482797378
1990	07	12	0.006144724237100001	0.004585533834312006	4.724513577416678
1990	07	13	0.00204981339451	0.004585533834312006	4.632613351499978
1990	07	14	0.7285513252999999	0.004585533834312006	4.3207094437597275
1990	07	15	0.0030858792136099996	0.004585533834312006	4.6119850427537035
1990	07	16	0.0031874110707399996	0.01375660150293602	6.231037268706879
1990	07	17	0.00046608328677899996	0.004585533834312006	6.977109101938092
1990	07	18	0.00046608328677899996	0.004585533834312006	6.872186445966877
1990	07	19	0.0018139452741099999	0.004585533834312006	6.353273333738944
1990	07	20	0.0	0.004585533834312006	6.763746639873967
1990	07	21	0.10206076718099999	0.004585533834312006	5.614963897267474
1990	07	22	1.28963514388	0.004585533834312006	6.47537267711067
1990	07	23	0.14331150322499997	0.0	6.072170366798497
1990	07	24	0.0	0.0	5.5878583178137635
1990	07	25	0.15626211198200002	0.0	4.348229166457878
1990	07	26	0.40552415849	0.0	4.265285408709415
1990	07	27	5.2697949180100006	0.0	2.747721052057574
1990	07	28	0.00135655510952	0.03209873684018405	3.7763654492762404
1990	07	29	0.0	0.02292766917156003	4.754160873368871
1990	07	30	0.00018539991706	0.03209873684018405	4.56627364999174
1990	07	31	0.00298595375182	0.02751320300587204	4.807433111760288
1990	08	01	0.018398813415900002	0.01375660150293602	4.522928953740797
1990	08	02	0.09367168928299999	0.009171067668624012	4.2049365557673655
1990	08	03	0.00767324004741	0.009171067668624012	6.326281402149129
1990	08	04	0.00046635446769999997	0.004585533834312006	7.0299124245819655
1990	08	05	0.00321921256291	0.004585533834312006	5.777047708798862
1990	08	06	0.005359891273410001	0.004585533834312006	5.091413177204442
1990	08	07	0.0009006744408799999	0.004585533834312006	5.242628420049492
1990	08	08	0.000459784805295	0.004585533834312006	5.5545339871234605
1990	08	09	0.0022744558738	0.004585533834312006	5.625476312462195
1990	08	10	0.004575931143920001	0.004585533834312006	5.3709447948416695
1990	08	11	0.00013703877352	0.004585533834312006	5.273744518873678
1990	08	12	0.00288693979945	0.004585533834312006	4.9072014008352856
1990	08	13	0.00120084582071	0.004585533834312006	4.049896282347364
1990	08	14	0.0034009843005199996	0.004585533834312006	4.030950263977211
1990	08	15	0.00068590122258	0.004585533834312006	3.998818334433698
1990	08	16	0.021229667277800002	0.004585533834312006	3.926697016837129
1990	08	17	0.00181200200281	0.004585533834312006	4.807897633755955
1990	08	18	0.00180134845908	0.004585533834312006	5.786484290233148
1990	08	19	0.217500920278	0.004585533834312006	4.725075029547825
1990	08	20	0.218381806532	0.004585533834312006	4.40074752724558
1990	08	21	3.38164299207	0.03668427067449605	4.299717869841332
1990	08	22	5.0561583918999995	0.04585533834312006	4.416250205787098
1990	08	23	4.0041892377999995	0.02751320300587204	3.4965491981656345
1990	08	24	0.344609704259	0.018342135337248024	3.6131079562469197
1990	08	25	0.020330019315300003	0.018342135337248024	3.439397875284304
1990	08	26	9.9279849791e-06	0.02751320300587204	4.135954520178252
1990	08	27	0.0	0.02292766917156003	4.411419838818275
1990	08	28	0.0029855895073299995	0.018342135337248024	3.645140720578318
1990	08	29	0.33354728103099995	0.018342135337248024	3.7579252967404426
1990	08	30	0.00680948744422	0.018342135337248024	3.260788759363563
1990	08	31	0.00090382372389	0.018342135337248024	3.8569712079774017
1990	09	01	7.0885919245e-06	0.018342135337248024	3.6863334860511006
1990	09	02	0.0143754175989	0.02292766917156003	3.400410426977905
1990	09	03	0.0121782487631	0.02751320300587204	3.429676790631479
1990	09	04	0.000990262470745	0.02751320300587204	4.11681952687995
1990	09	05	0.00310571378962	0.03209873684018405	4.138738582495401
1990	09	06	0.00304098309504	0.03209873684018405	3.6331169866322344
1990	09	07	0.00537625110281	0.02292766917156003	4.006601330943706
1990	09	08	0.00476509492071	0.018342135337248024	4.295751626515877
1990	09	09	1.11550831376	0.018342135337248024	3.948783417203893
1990	09	10	0.15385501278400002	0.018342135337248024	4.0508560239582625
1990	09	11	0.28622839240200004	0.018342135337248024	3.4646348734461223
1990	09	12	1.08160071282	0.02292766917156003	3.2740256088786177
1990	09	13	0.30481557633	0.04585533834312006	3.1646926997600566
1990	09	14	0.0005423217930700001	0.04585533834312006	3.870897223745176
1990	09	15	0.0018139452741099999	0.02751320300587204	3.7082207390632913
1990	09	16	0.18074401232399998	0.02751320300587204	3.34555536387497
1990	09	17	0.321985852362	0.03668427067449605	3.4613591450090717
1990	09	18	1.9706208094000002	0.04126980450880806	3.9718864135613963
1990	09	19	1.9595930881999999	0.0687830075146801	3.1384147354481913
1990	09	20	0.244321836637	0.07795407518330412	2.8912683110563187
1990	09	21	0.062622969059	0.05961193984605608	3.028279187040823
1990	09	22	0.07575854258400001	0.05502640601174408	2.500651678426759
1990	09	23	0.87740146874	0.0641974736803681	2.6028357745946016
1990	09	24	0.000460211743796	0.07795407518330412	2.641846652239321
1990	09	25	0.719586451572	0.08253960901761612	2.867640528483258
1990	09	26	0.0009195697162600001	0.07795407518330412	3.5782688702202763
1990	09	27	0.00450966770599	0.0641974736803681	3.9533650356932557
1990	09	28	2.5078301822	0.0733685413489921	3.112389147603036
1990	09	29	11.7322463374	0.08712514285192811	2.5879386173857686
1990	09	30	2.3060173894000005	0.1513226165322962	2.1668167032331938
2002	02	15	0.00045978475246	0.45396784959688863	1.61395141860204
2002	02	16	0.0031681064297799997	0.4402112480939526	1.6703404783969467
2002	02	17	0.0	0.4402112480939526	1.7838381944647563
2002	02	18	0.0013596160524099999	0.4081125112537686	1.8247826639680107
2002	02	19	0.0009033313016900001	0.4860665864370727	1.6759772723449544
2002	02	20	0.0330492033754	0.4081125112537686	1.6405120320403042
2002	02	21	0.08859468959699998	0.41269804508808056	1.4660432336427442
2002	02	22	0.00181005471605	0.38518484208220855	1.8889263710905353
2002	02	23	0.00415885535237	0.38977037591652053	1.9813741082190672
2002	02	24	0.004180669127479999	0.3943559097508325	1.5516690072673855
2002	02	25	0.0118637906936	0.38518484208220855	1.492168727444328
2002	02	26	0.11279670181	0.3714282405792725	1.5813931271321626
2002	02	27	2.75370451191	0.4081125112537686	1.483966032621264
2002	02	28	9.8201857286	0.4585533834312006	1.5249800844801256
2002	03	01	3.1987059256999997	0.9446199698682732	1.2775356220574414
2002	03	02	0.478829698828	0.4493823157625766	1.8155169963577462
2002	03	03	4.5973868034	0.4218691127567046	0.9349152739963658
2002	03	04	3.52033824851	0.4081125112537686	1.4357572882545113
2002	03	05	0.19367757651	0.3576716390763365	1.9307439720168897
2002	03	06	0.0013743471901	0.3622571729106485	1.9645180138813092
2002	03	07	0.00181709445145	0.3622571729106485	2.43685004543724
2002	03	08	0.000906972943498	0.34850057140771246	2.5441893223797587
2002	03	09	0.0280683781832	0.3530861052420245	1.9457211144631503
2002	03	10	0.155307087656	0.33015843607046447	1.9431216222432008
2002	03	11	12.3153503046	0.3576716390763365	1.6720434332782712
2002	03	12	20.155643738	0.729099879655609	1.7393736519636438
2002	03	13	19.1273721381	1.453614225476906	1.5826642170092196
2002	03	14	17.7993475059	2.7834190374273877	1.5762975765533351
2002	03	15	12.796463701199999	2.2239839096413228	1.9858515934233927
2002	03	16	2.2107121370200002	2.095588962280587	1.7736228728293233
2002	03	17	10.8834996139	2.233154977309947	2.011214634953892
2002	03	18	0.84847103047	2.100174496114899	2.0741059697231696
2002	03	19	0.8775010098799999	1.6049368420092023	2.3173279338253896
2002	03	20	0.00130651930782	1.3252192781161698	3.198929904799155
2002	03	21	0.00725686136085	1.1188702555721295	3.260327797026057
2002	03	22	0.0009006744408799999	0.9904753082113934	4.015303554474096
2002	03	23	0.00135416009897	0.8529092931820331	3.90078783253448
2002	03	24	0.00090697290123	0.761198616495793	3.5007135864577394
2002	03	25	0.0090957270024	0.692415608981113	2.972721359800511
2002	03	26	0.0048251193905000005	0.6511458044723049	3.695073704115036
2002	03	27	0.00045033722043999995	0.6419747368036808	3.5205457346067854
2002	03	28	0.000900890810772	0.6786590074781769	2.798271869161185
2002	03	29	0.000947548332005	0.5548495939517527	2.9571822086152983
2002	03	30	1.9718031510299998	0.5410929924488167	2.8068500242014935
2002	03	31	0.00062736522041	0.5319219247801927	3.367043183196288
2002	04	01	0.3085828175	0.5227508571115687	2.5479496280956573
2002	04	02	3.5457420562	0.5640206616203768	2.3876976451144243
2002	04	03	7.702254599000001	0.6098759999634968	1.6253627042677148
2002	04	04	1.5408534168299999	0.5365074586145048	1.8554284641210481
2002	04	05	7.260194721	0.6373892029693687	2.4194751187562744
2002	04	06	17.9929962345	0.8345671578447852	1.985212008813767
2002	04	07	16.3848763601	0.9583765713712094	1.9211508489472988
2002	04	08	4.978212290110001	0.9125212330280893	2.7968680637572505
2002	04	09	1.6111790209	0.752027548827169	2.756654664973514
2002	04	10	1.68957865833	0.724514345821297	2.963786076214247
2002	04	11	0.30567749481900003	0.6694879398095529	2.3018873872557197
2002	04	12	0.9372318227399999	0.5731917292890008	2.458216278242001
2002	04	13	0.0710283359875	0.5640206616203768	2.4002660733641
2002	04	14	0.00284031608205	0.5365074586145048	2.789254757987613
2002	04	15	0.000450661690742	0.5044087217743207	2.4365273110103147
2002	04	16	0.0	0.4723099849341366	2.694673504878956
2002	04	17	0.061613228806999994	0.46772445109982463	3.2187626818376556
2002	04	18	0.475315642978	0.4723099849341366	2.875918144879228
2002	04	19	0.000906972943498	0.46313891726551265	3.5667012985103645
2002	04	20	0.00181412681517	0.46313891726551265	4.3880947618865855
2002	04	21	0.00046608328677899996	0.4493823157625766	4.703647060745271
2002	04	22	0.00180764734211	0.4356257142596406	5.005560262584872
2002	04	23	0.000459784773594	0.4723099849341366	4.506884104583907
2002	04	24	0.00181709476846	0.41269804508808056	4.66959570155097
2002	04	25	0.000844383123118	0.4218691127567046	3.6021043006372038
2002	04	26	0.122465770985	0.4218691127567046	3.3301552584283747
2002	04	27	0.006434966546719999	0.4447967819282646	3.366206432635631
2002	04	28	0.0359959518665	0.4447967819282646	3.1311297810002965
2002	04	29	0.00735236157438	0.42645464659101656	3.1612740111199735
2002	04	30	0.0307219410325	0.4356257142596406	3.237831314161131
2002	05	01	0.19301749828800002	0.3943559097508325	2.3303172202229314
2002	05	02	4.91479063549	0.4998231879400087	2.2410112121309314
2002	05	03	0.000894376043932	0.42645464659101656	3.2272164565622665
2002	05	04	0.043994637233	0.41269804508808056	3.445078806507346
2002	05	05	0.468216711244	0.4310401804253286	3.286835750527035
2002	05	06	0.119989193762	0.42645464659101656	3.42908640176746
2002	05	07	10.969148319	0.4723099849341366	2.7875410748447043
2002	05	08	2.4976856508600003	0.5227508571115687	2.30714788262902
2002	05	09	0.263081991788	0.42645464659101656	2.538156253124046
2002	05	10	1.05294300882	0.4081125112537686	2.501967262559695
2002	05	11	0.00150473287475	0.4081125112537686	2.9841910383054953
2002	05	12	0.0139040554299	0.40352697741945653	4.2342513181432295
2002	05	13	1.32170007136	0.40352697741945653	3.235015390390659
2002	05	14	0.031121209844	0.33932950373908843	4.062536590671147
2002	05	15	0.000906972943498	0.3439150375734005	5.463374389621065
2002	05	16	1.075972781455	0.3164018345675284	4.199031309002073
2002	05	17	3.1456261939799997	0.46772445109982463	2.7880044683327814
2002	05	18	0.000831147247629	0.3164018345675284	3.6674313228534072
2002	05	19	0.0	0.2888886315616564	4.598663749530225
2002	05	20	0.153900186709	0.2843030977273444	3.724628462411282
2002	05	21	2.2854127961	0.2934741653959684	3.7087272046325515
2002	05	22	3.1101946203	0.4218691127567046	2.682511435318634
2002	05	23	0.394736339891	0.33015843607046447	3.185965561896603
2002	05	24	0.5805523537099999	0.2843030977273444	3.5949534807473174
2002	05	25	0.0113975514062	0.2797175638930324	3.0255888396790263
2002	05	26	0.673571826619	0.2797175638930324	2.925827677748725
2002	05	27	0.084244572707	0.2751320300587204	3.1733036365024416
2002	05	28	0.017771937764600003	0.33015843607046447	4.022739800155839
2002	05	29	0.013543895613749999	0.3209873684018404	3.665197633742536
2002	05	30	0.0015982426881599998	0.26137542855578433	4.5935554099881335
2002	05	31	0.0015203228982	0.26596096239009637	4.990979620032169
2002	06	01	0.0262553779159	0.2567898947214724	4.330350192410607
2002	06	02	0.008426050774299998	0.25220436088716036	4.137157230876094
2002	06	03	0.10675171208899999	0.24303329321853634	3.941998306346147
2002	06	04	7.873688957520001	0.2843030977273444	2.592086365323519
2002	06	05	0.53888033251	0.34850057140771246	2.6904038333703277
2002	06	06	3.09044838441	0.2567898947214724	2.6553851797972365
2002	06	07	2.21864531227	0.2934741653959684	2.9861741734310847
2002	06	08	1.13332829122	0.2888886315616564	2.7257249837670714
2002	06	09	0.0243177715846	0.2567898947214724	4.257701188917879
2002	06	10	0.0163869749663	0.26596096239009637	3.486671717692174
2002	06	11	0.000906972943498	0.2567898947214724	5.588516729964382
2002	06	12	0.027463677381399997	0.2567898947214724	5.1156148034201046
2002	06	13	0.642773956408	0.2567898947214724	5.892374279167018
2002	06	14	0.008534251570799999	0.23386222554991232	4.096537369883648
2002	06	15	0.009891695787700001	0.23844775938422433	4.549810283777853
2002	06	16	0.0009006744408799999	0.2292766917156003	5.923783324365658
2002	06	17	0.0014018985292	0.2246911578812883	5.65723774059888
2002	06	18	0.0754974468078	0.20634902254404028	4.119196661696964
2002	06	19	0.0365795588229	0.20176348870972827	3.592176446961002
2002	06	20	0.0093387405282	0.20634902254404028	4.021375808981728
2002	06	21	0.0008863945140899999	0.20634902254404028	4.837077458017123
2002	06	22	0.028362546556	0.2201056240469763	4.359756984460275
2002	06	23	0.020685430850000002	0.20634902254404028	3.8361409655432137
2002	06	24	0.07397298375900001	0.19717795487541626	4.3953958530413475
2002	06	25	0.9479956859499999	0.19259242104110427	5.863796336579856
2002	06	26	1.8556072566600001	0.2201056240469763	4.373118130676397
2002	06	27	0.0426882548735	0.2567898947214724	4.85875333187129
2002	06	28	0.0020796412880900003	0.18800688720679226	4.660306145125374
2002	06	29	0.0	0.10546727818917614	4.716143858043906
2002	06	30	0.0009286586677020001	0.11005281202348816	3.7359602255099844
2002	07	01	0.00158956306003	0.11922387969211216	4.425794051066975
2002	07	02	0.0530060110445	0.11463834585780015	3.7434691969003002
2002	07	03	0.009262645447800002	0.11922387969211216	4.2651328273246385
2002	07	04	0.00400724458018	0.11922387969211216	4.170963501568791
2002	07	05	0.0029419945034700004	0.11005281202348816	4.366097317843923
2002	07	06	0.0158039502516	0.12380941352642418	3.863261631214013
2002	07	07	0.0013969253819899998	0.11005281202348816	4.419479466956156
2002	07	08	0.218627045468	0.11463834585780015	3.5370737507990744
2002	07	09	1.18850599512	0.12380941352642418	3.5944674379050108
2002	07	10	0.91065381001	0.1375660150293602	3.3470603014892464
2002	07	11	0.00046608328677899996	0.10546727818917614	4.3221197113778915
2002	07	12	0.149456953415	0.11005281202348816	4.249197394171861
2002	07	13	0.0186113411467	0.11463834585780015	4.223355734518421
2002	07	14	0.0018092534204400001	0.11463834585780015	5.946944480178097
2002	07	15	0.0	0.10088174435486413	5.494884090534562
2002	07	16	0.00092917300586	0.08712514285192811	5.882483985515651
2002	07	17	0.00045033722043999995	0.0687830075146801	6.244273130343264
2002	07	18	0.00380014765336	0.05961193984605608	6.140361602065012
2002	07	19	0.0127983097561	0.05044087217743207	5.451338544155751
2002	07	20	0.00267414937303	0.05502640601174408	4.966463446230652
2002	07	21	0.0123954449945	0.05961193984605608	4.618726017844612
2002	07	22	0.496304885645	0.0687830075146801	4.402508732377058
2002	07	23	0.0039952495558	0.05502640601174408	4.364029972771766
2002	07	24	0.00170912686864	0.05961193984605608	5.44336269064014
2002	07	25	0.00098396406323	0.0641974736803681	5.42000456016685
2002	07	26	0.00054118383284	0.05502640601174408	4.767376422796854
2002	07	27	0.007550599656750001	0.0733685413489921	4.406793751514079
2002	07	28	0.0009132712559099999	0.08253960901761612	5.02536608157388
2002	07	29	0.0189497229042	0.08253960901761612	4.044651350610736
2002	07	30	0.0	0.08253960901761612	4.186378665085444
2002	07	31	0.0	0.08712514285192811	4.168339243754799
2002	08	01	0.00181850440626	0.07795407518330412	4.357403063717443
2002	08	02	0.000222691367276	0.0687830075146801	4.464190994225917
2002	08	03	0.0091408618295	0.07795407518330412	4.404173013547983
2002	08	04	0.0	0.07795407518330412	4.8347178606767365
2002	08	05	0.00787539013885	0.07795407518330412	3.8926291346798094
2002	08	06	0.00584317534315	0.07795407518330412	4.148146747439943
2002	08	07	0.00221224847315	0.07795407518330412	4.6473122433617515
2002	08	08	0.0031744666014100003	0.08712514285192811	4.393519749016791
2002	08	09	0.08980238146	0.08253960901761612	3.647276382092091
2002	08	10	1.1428048824900001	0.09171067668624013	2.706822862089618
2002	08	11	0.00731540592229	0.11922387969211216	4.390277941139269
2002	08	12	0.0	0.10088174435486413	5.045448951705728
2002	08	13	0.000932977939519	0.08253960901761612	6.1103208517142376
2002	08	14	0.0186252082208	0.07795407518330412	4.754615378080526
2002	08	15	0.0493521189134	0.07795407518330412	3.9926620656075498
2002	08	16	0.03956222983049999	0.09171067668624013	3.936286152628845
2002	08	17	0.015556541910499998	0.09171067668624013	4.030921747049046
2002	08	18	0.451126638742	0.08712514285192811	3.9790526664297117
2002	08	19	0.034038367565000005	0.08253960901761612	3.692398205264322
2002	08	20	0.00061716965046	0.07795407518330412	4.434865267739513
2002	08	21	0.023508995595299998	0.0687830075146801	3.743484779279489
2002	08	22	0.053952819528	0.0687830075146801	3.571531073310014
2002	08	23	0.025298815034700002	0.07795407518330412	3.2089770334841443
2002	08	24	0.045812925227099996	0.08253960901761612	3.5972312892104337
2002	08	25	1.28511764571	0.09171067668624013	3.8973434776663884
2002	08	26	0.0458379299192	0.09629621052055214	3.5030157385518295
2002	08	27	3.9484560267100004e-05	0.07795407518330412	4.13906283718161
2002	08	28	0.0009051893607019999	0.08712514285192811	4.486787531228371
2002	08	29	0.0022768068199599998	0.08253960901761612	5.28912533001049
2002	08	30	0.0009006744408799999	0.0687830075146801	4.4809128161519025
2002	08	31	0.01498437214655	0.07795407518330412	4.154879977778227
2002	09	01	0.0076044052357	0.07795407518330412	5.053504316702947
2002	09	02	0.00067630966235	0.08712514285192811	4.1784626871549495
2002	09	03	0.0866618320755	0.09629621052055214	3.571586795903235
2002	09	04	0.20016367507900001	0.08712514285192811	3.0600385327880053
2002	09	05	0.038070798167	0.08712514285192811	2.9754563282973114
2002	09	06	0.000440884901569	0.08253960901761612	3.3176704292513195
2002	09	07	0.843577072358	0.10546727818917614	3.1539220191913513
2002	09	08	33.885514853299995	0.1375660150293602	2.2446079167105166
2002	09	09	0.407444013318	0.1375660150293602	2.6329151504781336
2002	09	10	0.000475103542154	0.11922387969211216	3.8165647652925334
2002	09	11	0.00642437714468	0.12380941352642418	3.6302788605774152
2002	09	12	0.399465431669	0.1421515488636722	2.972504300566019
2002	09	13	0.0662072711549	0.1513226165322962	2.9387011017343463
2002	09	14	17.0889978381	0.19717795487541626	1.8524989683989792
2002	09	15	16.7416690017	0.24303329321853634	1.8109878202900154
2002	09	16	15.303638729400001	0.24761882705284835	2.335079571437948
2002	09	17	19.155727625900003	0.6144615337978089	2.355952403485015
2002	09	18	2.4135067097900005	1.6507921803523222	2.591428779570252
2002	09	19	8.4533897167	0.9262778345310253	2.75721498182233
2002	09	20	5.0707524756	0.6786590074781769	2.3412316984392683
2002	09	21	27.322669219999998	0.9675476390398333	1.8163916326599856
2002	09	22	10.0555973546	1.2289230675956178	2.0505223626121696
2002	09	23	1.47277784407	1.1555545262466256	2.337361267607231
2002	09	24	0.29300732367500004	0.729099879655609	2.534681780308727
2002	09	25	18.353623640400002	0.8253960901761611	1.4697018518942824
2002	09	26	0.23090580436500002	0.9629621052055213	2.88616169263284
2002	09	27	1.30367097297	0.6786590074781769	3.0776974022941967
2002	09	28	0.234784083571	0.5135797894429448	2.765316588310616
2002	09	29	0.694648553479	0.41269804508808056	2.686788245983134
2002	09	30	20.096019440499997	0.4998231879400087	2.302990403075831
2002	10	01	17.745516037799998	1.499469563820026	1.4479850573032174
2002	10	02	0.59601324842	0.7978828871702891	2.0294611541713334
2002	10	03	0.282246450926	0.7107577443183609	2.5486829855484494
2002	10	04	0.28195313214	0.5227508571115687	2.8828534376711863
2002	10	05	1.72346449125	0.4402112480939526	2.400311223564334
2002	10	06	0.54694432722	0.4310401804253286	2.3205018252913243
2002	10	07	0.45113862172	0.41269804508808056	2.1458578525687932
2002	10	08	14.6536086677	0.5365074586145048	1.887938208762896
2002	10	09	7.52775179502	0.6144615337978089	1.2705411903667967
2002	10	10	1.38639621185	1.1142847217378176	1.6452397274055999
2002	10	11	1.6763826944	1.1188702555721295	2.407714012040277
2002	10	12	2.10807159025	0.701586676649737	1.8055800051722455
2002	10	13	1.56143560809	0.6052904661291848	1.7989463815675966
2002	10	14	2.4543505951999998	0.5319219247801927	1.8202649157968782
2002	10	15	24.82410207	0.5181653232772566	1.1586780023593402
2002	10	16	3.58173368088	0.8620803608506572	1.68576065006986
2002	10	17	1.2907866298700001	1.2701928721044258	1.6528670596241075
2002	10	18	0.00045978475246	1.0271595788858896	2.246132810474138
2002	10	19	0.000675104496	0.774955217998729	2.558024027704166
2002	10	20	15.558498918899998	1.0730149172290095	1.6358577780058567
2002	10	21	7.5812656191	2.0818323607776508	1.3331539559245036
2002	10	22	1.9704026008500002	1.9167531427424187	1.3678387208441143
2002	10	23	1.04381850999	1.5728381051690181	1.5745993310906228
2002	10	24	1.041155150475	1.1647255939152497	1.8354594015813197
2002	10	25	0.6882494635880001	0.8758369623535932	1.7281445332756318
2002	10	26	0.32660959115	0.6832445413124889	1.8483095964044234
2002	10	27	0.0022737994517599996	0.5640206616203768	2.155659767167255
2002	10	28	0.00045978475246	0.5044087217743207	2.105853738607165
2002	10	29	4.57175274078	0.5869483307919368	1.8660421347636151
2002	10	30	3.69767892601	1.2151664660926818	1.3320015274831425
2002	10	31	0.230254052939	0.752027548827169	1.479910841963214
2002	11	01	0.8897775814079999	0.6373892029693687	1.4668179373761152
2002	11	02	3.47081262157	0.5640206616203768	1.3237343752525499
2002	11	03	0.6936882033849999	0.5410929924488167	1.6303670210237289
2002	11	04	0.001751670456	0.4998231879400087	1.3675930770412676
2002	11	05	0.00177330755087	0.47689551876844866	1.3766738773839353
2002	11	06	0.026120669799900003	0.5594351277860647	1.3330463662839274
2002	11	07	0.00135930749601	0.4998231879400087	1.5939818718327687
2002	11	08	0.00091012207857	0.46772445109982463	1.7280571742172144
2002	11	09	0.00351901726784	0.4585533834312006	1.73147989247588
2002	11	10	0.0209383657321	0.3576716390763365	1.2602923802665695
2002	11	11	0.508541809789	0.3714282405792725	1.203919506562609
2002	11	12	3.6709240217	0.4081125112537686	1.3891475737299763
2002	11	13	15.570008495299998	1.1784821954181857	1.1129708636689986
2002	11	14	13.890760030500001	1.8021147968846185	0.8384404647425188
2002	11	15	4.36305914026	3.1044064058292284	1.0179042622002068
2002	11	16	8.0704691109	3.3382686313791408	0.767963148045159
2002	11	17	3.6099219987400004	3.3153409622075807	1.0031255920266609
2002	11	18	14.559852960199999	2.480773804362795	1.19103588567553
2002	11	20	5.04737658088	3.2832422253673963	1.3100609134468304
2002	11	25	0.147966414663	7.414808210082516	1.1244391917849168
2002	11	26	0.71522623263	2.907228450953812	1.058090064280744
2002	11	27	2.4476043053899996	2.237740511144259	1.01825641347238
2002	11	28	0.984861687612	2.0268059547659067	0.8432291374646447
2002	11	29	1.17218262187	1.7425028570385623	0.9792338455208014
2002	11	30	0.28802452879400003	1.5957657743405782	0.8736859967723203
2002	12	01	1.8715757900499999	1.57742363900333	1.0392083813403228
2002	12	02	0.0374282558815	1.8021147968846185	0.7275293525690049
2002	12	03	0.228079765885	1.5590815036660821	0.9016317723083286
2002	12	04	0.37616133971399995	1.3940022856308498	0.9559680062333747
2002	12	05	0.0084658630035	1.2747784059387375	0.9424911636663251
2002	12	06	0.0	1.2380941352642418	0.9861773709104786
2002	12	07	0.001360458982	1.1784821954181857	1.0930717009381168
2002	12	08	0.00141341835559	1.1372123909093776	1.0404131624831994
2002	12	09	15.4313007698	1.2426796690985538	0.7748393017230614
2002	12	11	3.0292281528999996	3.443735909568317	0.861576325245022
2002	12	12	0.098716216578	2.2744247818187553	1.033687897774628
2002	12	13	23.5496225402	1.8800688720679222	0.8971752306185653
2002	12	14	2.30592376578	3.0860642704919803	1.1220790410573358
2002	12	15	0.0343377877368	2.297352450990315	1.0473556097358128
2002	12	16	2.7058224761500003	1.9121676089081066	1.1004358240224028
2002	12	20	0.226132627063	3.645499398278045	0.9124864115955058
2002	12	21	0.125093086463	2.0589046916060907	0.7954325622462264
2002	12	22	0.0038388823655699997	1.8387990675591146	1.0938241521500665
2002	12	23	6.49920038096	1.7562594585414983	0.8684118326523023
2002	12	24	14.1814729943	2.104760029949211	0.8596854275022794
2002	12	25	1.7689030139300002	1.8846544059022345	0.850421757496692
2002	12	29	0.092902623023	2.92557058629106	1.0012107318802517
2002	12	30	8.648285668309999	2.480773804362795	0.751480995440359
2002	12	31	5.06128085082	2.045148090103155	0.9716318824682441
2003	01	01	5.167372368450001	2.054319157771779	0.9360008754629299
2003	01	02	11.992380516599999	2.279010315653067	0.5922735336608592
2003	01	03	3.1839374864999996	3.035623398314548	0.8626601189334053
2003	01	04	2.55036890874	2.343207789333435	0.9569627136146746
2003	01	06	4.41874479985	3.9756578343485094	0.747980829187757
2003	01	11	0.00134786248398	3.737210074964285	0.9033847816625001
2003	01	12	0.0027207774229000004	2.943912721628308	0.8206457704616581
2003	01	13	0.0	2.5587278795460993	0.9889695578004716
2003	01	14	0.0009006744408799999	2.0726612931090265	1.0180350172924792
2003	01	15	0.000906972943498	1.7700160600444343	1.080734810938195
2003	01	16	0.00045978475246	1.6416211126836981	1.178782168411183
2003	01	17	0.0336282464445	1.536153834494522	1.160944975640265
2003	01	23	0.00094533480968	3.8335062854848374	1.3155042297517119
2003	01	24	0.000906972943498	3.150261744172348	1.4819348010599844
2003	01	25	0.00046608328677899996	2.806346706598948	1.3342709253721792
2003	01	26	0.00090067454655	2.393648661510867	1.5904130628813193
2003	01	27	0.00137324589736	2.1093455637835223	1.7357294359413233
2003	01	28	0.00362159134818	1.9305097442453547	1.546908733563864
2003	01	29	0.00090067454655	1.7058185863640662	0.9819905904424541
2003	01	30	0.59177767781	1.50864063148865	0.9857107443856564
2003	01	31	0.363655559389	1.449028691642594	0.8176374659212123
2003	02	01	0.000907327677688	1.2656073382701136	1.2408501720203273
2003	02	02	0.122529669634	1.1922387969211217	1.3102604026648075
2003	02	03	0.218355684908	1.1647255939152497	1.250506240374738
2003	02	04	0.915165665402	1.2518507367671776	0.9652883555682825
2003	02	05	0.0061521195520500005	1.1922387969211217	1.1318844121383271
2003	02	06	0.120626732573	1.1463834585780015	1.1863351041335044
2003	02	07	6.52322836525	1.1188702555721295	1.1064064479138012
2003	02	08	2.7978503734800002e-05	1.0821859848976334	1.5898331007076751
2003	02	09	0.0108851734267	1.0500872480574495	1.2193708937813659
2003	02	10	0.295153449674	1.0088174435486414	1.2557251339296198
2003	02	11	0.943675537072	0.9858897743770814	1.2998449746404335
2003	02	12	0.245556886463	0.9629621052055213	1.290577083732046
2003	02	13	0.00503161199059	0.9400344360339611	1.45616673155036
2003	02	14	0.144697777388	0.9400344360339611	1.2827092013855008
2003	02	15	0.00135755749514	0.8712514285192812	1.5430508302773678
2003	02	16	0.00498353837512	0.8391526916790971	1.585000482697569
2003	02	17	1.9889038328	0.8483237593477212	1.5698993494922981
2003	02	18	23.140729305100002	1.471956360814154	1.532884450807285
2003	02	21	7.37363400208	2.480773804362795	1.4764883876311514
2003	02	23	1.54179905766	3.1410906765037243	1.8268131653079396
2003	02	24	9.3926935168	2.797175638930324	1.1343898460839386
2003	02	28	0.230225226163	3.2557290223615243	1.5632407251013363
2003	03	02	0.22766548665	3.035623398314548	1.8508238859278703
2003	03	03	0.121642274108	2.5862410825519717	1.8102070592502466
2003	03	04	0.0308325891462	2.237740511144259	2.2447048607013826
2003	03	05	0.936969581501	1.9763650825884744	1.9225436113416698
2003	03	06	0.00191626278769	1.444443157808282	1.9830655803975528
2003	03	07	0.0010932871808	1.3252192781161698	1.8040728021786727
2003	03	08	0.0013541599933	1.247265202932866	2.3717868679564686
2003	03	09	0.00046608328677899996	1.1738966615838735	2.684265278154699
2003	03	10	0.0	1.1051136540691935	2.9910855962153655
2003	03	11	0.0	0.9904753082113934	2.6814721548190454
2003	03	12	0.0205457816048	0.9996463758800174	2.751578912177072
2003	03	13	0.25999895330100004	0.9583765713712094	2.7755848982866675
2003	03	14	0.256261870349	0.921692300696713	1.948706036122677
2003	03	15	0.00141316538161	0.8804224961879052	2.181720925788487
2003	03	16	0.00369300736098	0.8391526916790971	2.908118764067689
2003	03	17	4.2133408121	0.8437382255134092	1.5738248231696954
2003	03	18	0.263807680513	0.8620803608506572	2.326246914713279
2003	03	19	0.739845694178	0.8299816240104732	2.373974001087987
2003	03	20	0.0	0.8116394886732251	2.8877460428706883
2003	03	21	0.0018185352619000002	0.7795407518330411	3.0200937726169985
2003	03	22	0.880820780868	0.7703696841644171	3.0089756756134554
2003	03	23	2.816792355	0.752027548827169	2.549603405075063
2003	03	24	12.9621775086	0.6786590074781769	1.848002519084586
2003	03	25	11.7817009541	0.8987646315251532	2.1932301990934024
2003	03	26	5.1855058688	0.6694879398095529	2.379036736342635
2003	03	27	11.443623526199998	1.1326268570750657	2.2475806676230734
2003	03	28	2.28818219546	0.9400344360339611	2.468662714667795
2003	03	31	0.11378622210749999	1.8571412028963625	2.4002075904609432
2003	04	01	0.29155010267400006	1.3940022856308498	3.075320053170241
2003	04	02	0.012614041353399998	1.2289230675956178	2.04580652477431
2003	04	03	0.00045049875816900004	1.1051136540691935	3.4164940263082375
2003	04	04	0.0022594549606000003	0.9171067668624012	3.0206623453093977
2003	04	05	0.00136360826501	0.8620803608506572	3.0900412741010763
2003	04	06	0.0018139451684400002	0.8116394886732251	3.82168251238684
2003	04	07	0.00182024405147	0.765784150330105	4.042151147828397
2003	04	08	0.0092093423297	0.756613082661481	3.534186000747053
2003	04	09	0.0452985997495	0.724514345821297	2.2381531326243844
2003	04	10	5.16798536012	0.715343278152673	1.9552480380930723
2003	04	11	4.20492683835	0.7795407518330411	2.17831642811676
2003	04	12	8.061465181540001	0.715343278152673	2.806192840947536
2003	04	13	25.762314299	0.9904753082113934	2.1868365678846993
2003	04	14	9.8646410976	1.1096991879035054	2.3428150742620497
2003	04	15	0.7191294710899999	0.9721331728741454	2.4111238316239474
2003	04	16	0.129265413578	0.8758369623535932	3.5379658686607294
2003	04	17	2.0883906584200003	0.7841262856673531	3.133000068470676
2003	04	18	4.143239228430001	0.747442014992857	2.3135088422267844
2003	04	19	0.71806378914	0.7107577443183609	2.125090334058647
2003	04	20	0.63444891453	0.921692300696713	2.577650426123914
2003	04	21	0.0352088773251	0.715343278152673	3.6850044088740153
2003	04	22	5.44023777492	0.7795407518330411	2.8032030953436338
2003	04	23	1.7831415180799999	0.7795407518330411	2.9851915315142437
2003	04	24	2.15668042427	0.6786590074781769	2.9633461943586648
2003	04	25	10.969649194799999	1.0179885112172655	2.7099858972326247
2003	04	26	0.14267547549499998	1.9580229472512263	3.158269485060516
2003	04	27	0.104162215904	1.3664890826249778	4.203655516101515
2003	04	28	3.4714057472799995	1.1051136540691935	3.0107333382232535
2003	04	29	2.8182403510100005	0.8941790976908413	2.907685061768515
2003	04	30	0.473916889188	0.9125212330280893	2.8708694833862047
2003	05	01	0.127842408523	0.738270947324233	3.4900521935827973
2003	05	02	0.221223072059	0.6694879398095529	2.7747898016471386
2003	05	03	0.0	0.6419747368036808	4.279664230465712
2003	05	04	0.353948512416	0.6190470676321209	3.8536816985653877
2003	05	05	0.39852975552000003	0.6098759999634968	2.4610698334860133
2003	05	06	0.00177838520571	0.6144615337978089	3.027842225422494
2003	05	07	0.00090067454655	0.5365074586145048	3.3335162416081703
2003	05	08	4.7823325508e-06	0.5273363909458806	4.01766442880345
2003	05	09	0.00107221225033	0.5044087217743207	3.5887141334968504
2003	05	10	0.0015981861547100002	0.47689551876844866	3.578579468205091
2003	05	11	0.000906972943498	0.46313891726551265	3.6231636357984907
2003	05	12	0.00412916535814	0.45396784959688863	3.634441452756512
2003	05	13	0.023131120732	0.49065212027138466	3.934371242726351
2003	05	14	0.0	0.4218691127567046	4.658112337993956
2003	05	15	0.000903823671055	0.40352697741945653	3.8600806438637654
2003	05	16	0.258628054123	0.41269804508808056	3.29256900143296
2003	05	17	0.0058363517029	0.39894144358514455	3.7553338527267455
2003	05	18	0.0633985054931	0.3622571729106485	4.005990832169376
2003	05	19	0.022164454742099996	0.3760137744135845	4.107202944938103
2003	05	20	0.000906972943498	0.3760137744135845	4.54997545872016
2003	05	21	0.0031732679865999996	0.3118163007332165	6.372251257315147
2003	05	22	0.000906972943498	0.2980596992302804	6.357642011800659
2003	05	23	0.00091012218424	0.2797175638930324	5.39811725049623
2003	05	24	0.43112113094	0.23844775938422433	2.968831576271592
2003	05	25	0.0036303093345199998	0.24303329321853634	4.077916396410795
2003	05	26	0.0	0.24303329321853634	5.0748530511911465
2003	05	27	0.00180134856475	0.2155200902126643	5.804563219731154
2003	05	28	0.00271462024334	0.23386222554991232	5.677296769801031
2003	05	29	0.09911592392	0.20176348870972827	6.215014961518971
2003	05	30	1.61135274238	0.2201056240469763	4.578265077658529
2003	05	31	0.0357565438011	0.23386222554991232	4.242662037919816
2003	06	01	0.74510305142	0.23386222554991232	4.245957629768336
2003	06	02	0.369097458719	0.2567898947214724	3.6675037658777576
2003	06	03	2.08681585841	0.26596096239009637	3.442957153044267
2003	06	04	2.4944914581	0.2246911578812883	3.6556092146873365
2003	06	05	0.00023856186004	0.18342135337248025	3.84229560605804
2003	06	06	0.0	0.1513226165322962	5.088790489448737
2003	06	07	0.00114530862747	0.1604936842009202	4.545064120136568
2003	06	08	0.0174723210466	0.15590815036660824	4.379399693989163
2003	06	09	0.0009006743986119999	0.1467370826979842	5.200863723117625
2003	06	10	0.015431830176500001	0.16507921803523223	5.072758049011602
2003	06	11	0.00032363674533899997	0.13298048119504818	5.530243599568104
2003	06	12	0.00162180012394	0.12380941352642418	6.726820611731688
2003	06	13	1.40917559942	0.13298048119504818	7.416156533792627
2003	06	14	0.06774693906000001	0.1283949473607362	5.111162094102646
2003	06	15	0.135161810145	0.1421515488636722	4.442989771574454
2003	06	16	0.268765674645	0.1421515488636722	3.6686064876059845
2003	06	17	0.149391945231	0.1467370826979842	4.150662446881273
2003	06	18	0.000533961140402	0.11463834585780015	6.663395276873526
2003	06	19	0.0	0.09629621052055214	7.275521100823407
2003	06	20	0.0009042354142099999	0.08712514285192811	7.09007386030587
2003	06	21	0.00228616220774	0.0733685413489921	6.6533296003121665
2003	06	22	0.10615903019299999	0.08253960901761612	4.18627607580461
2003	06	23	0.00400887105282	0.09171067668624013	5.08681409108913
2003	06	24	1.7801683869599998	0.09171067668624013	3.447222379880078
2003	06	25	0.04444924014	0.09171067668624013	4.270683816069402
2003	06	26	0.0014259102403099998	0.09171067668624013	3.9713191240899737
2003	06	27	0.0111865146791	0.08712514285192811	4.480272505372428
2003	06	28	0.025816620225400003	0.12380941352642418	4.107015750433673
2003	06	29	11.0156484025	0.1283949473607362	4.055374429614748
2003	06	30	1.2402168776599998	0.1604936842009202	3.514952897238189
2003	07	01	1.29562969731	0.1467370826979842	3.5142021712760907
2003	07	02	1.06846994728	0.09171067668624013	3.5233031947395244
2003	07	03	0.011294468207800001	0.07795407518330412	4.110480604385105
2003	07	04	0.0113890999196	0.0687830075146801	4.327633386533854
2003	07	05	0.023987911055899997	0.0687830075146801	3.8349341466466726
2003	07	06	0.0425932807909	0.0733685413489921	4.13853654397322
2003	07	07	0.0028763085520899997	0.0687830075146801	5.383619264393416
2003	07	08	0.00778054402262	0.05044087217743207	4.864329156054093
2003	07	09	0.0361278903718	0.07795407518330412	4.978526609731469
2003	07	10	0.000436292789812	0.05502640601174408	4.95865451479051
2003	07	11	0.0188451106609	0.05044087217743207	4.525634413842384
2003	07	12	0.35220180845	0.0641974736803681	4.161512518346749
2003	07	13	0.80968105285	0.08712514285192811	3.548282552406008
2003	07	14	9.0168855587	0.08712514285192811	4.169021025348955
2003	07	15	4.71502118348	0.11922387969211216	2.9818225915350745
2003	07	16	0.07904052598	0.08253960901761612	3.8571808606900384
2003	07	17	0.00046609800661	0.0733685413489921	4.476953658810717
2003	07	18	0.000903823671055	0.05961193984605608	5.153206869288716
2003	07	19	0.35295189637800006	0.05961193984605608	4.444378086069874
2003	07	20	0.00916240635745	0.04585533834312006	4.025641219208038
2003	07	21	0.018875782435100002	0.05044087217743207	4.342083702164182
2003	07	22	0.000676155341882	0.04126980450880806	4.378497562585127
2003	07	23	0.0100063625315	0.05502640601174408	3.8489932481052604
2003	07	24	0.00547057225048	0.0687830075146801	4.637954511608551
2003	07	25	0.056067286795	0.05502640601174408	4.739140252708771
2003	07	26	0.057851006962	0.0641974736803681	4.296727545623817
2003	07	27	0.193150716457	0.05961193984605608	4.07035593461153
2003	07	28	0.00231103925048	0.10546727818917614	4.954312679300424
2003	07	29	0.00045227087577000004	0.10088174435486413	6.63026340712991
2003	07	30	0.0	0.0687830075146801	6.61285086752161
2003	07	31	0.0009006744408799999	0.0687830075146801	6.250485279486177
2003	08	01	0.6591468466199999	0.0641974736803681	7.894862280174644
2003	08	02	1.3905735582899998	0.0641974736803681	7.602784311076372
2003	08	03	0.0156569220703	0.05961193984605608	5.524699861991626
2003	08	04	0.00435039522478	0.05961193984605608	5.9596100530379434
2003	08	05	0.0	0.05961193984605608	6.098777429238499
2003	08	06	0.749764123419	0.05961193984605608	7.020517474739527
2003	08	07	0.776002068955	0.10088174435486413	6.696973307392515
2003	08	08	0.0	0.12380941352642418	6.619376545985841
2003	08	09	0.001042921762669	0.0641974736803681	6.023713434341267
2003	08	10	0.038050361589	0.05044087217743207	5.339219754400864
2003	08	11	0.047632242447000005	0.05961193984605608	6.615221351162424
2003	08	12	0.000477823646459	0.05502640601174408	5.346935295849554
2003	08	13	0.005811232253180001	0.05502640601174408	4.776965472750108
2003	08	14	0.00129979087624	0.05961193984605608	4.442137955347384
2003	08	15	0.26709402808	0.0641974736803681	3.3957065924026826
2003	08	16	1.026220619169	0.07795407518330412	3.2437621807708195
2003	08	17	0.171922067838	0.0641974736803681	3.8098248897390294
2003	08	18	0.0080346025995	0.0641974736803681	4.315621992232149
2003	08	19	0.040013507302600004	0.05502640601174408	3.7225053253997724
2003	08	20	0.006674806168400001	0.05961193984605608	3.935633940637915
2003	08	21	0.011120943274	0.0641974736803681	4.245264616827648
2003	08	22	0.6051108014000001	0.05961193984605608	5.255427976683142
2003	08	23	0.865951521921	0.05502640601174408	4.2830692835283095
2003	08	24	0.019414459564199998	0.05502640601174408	3.558758256083715
2003	08	25	0.21380533393499998	0.05961193984605608	3.2964191780000007
2003	08	26	0.00104364827562	0.0641974736803681	3.613255610457208
2003	08	27	1.40406930801	0.08253960901761612	3.1071683015746383
2003	08	28	12.3132369046	0.10088174435486413	2.8216111859347843
2003	08	29	2.11925528037	0.09629621052055214	3.2147569679184853
2003	08	30	0.888919340235	0.12380941352642418	3.1849564493602287
2003	08	31	5.3417664380000005	0.26596096239009637	2.863673789818829
2003	09	01	0.6621031022410001	0.2201056240469763	3.0572121178827483
2003	09	02	0.00278157296668	0.17425028570385623	2.8639204924292714
2003	09	03	0.67563464239	0.1421515488636722	3.103602053694585
2003	09	04	0.259283197556	0.13298048119504818	3.484276366018804
2003	09	05	0.235518638009	0.11922387969211216	3.063195178496475
2003	09	06	0.00092241551503	0.11463834585780015	3.5932685024558473
2003	09	07	0.08502703792300001	0.09171067668624013	3.1915726130360924
2003	09	08	1.41090351526	0.09629621052055214	3.1309229417695272
2003	09	09	0.0718845905645	0.12380941352642418	3.106323737088261
2003	09	10	0.0	0.10546727818917614	4.4687797619876735
2003	09	11	0.00272995665879	0.08712514285192811	5.147109755411018
2003	09	12	0.00045978475246	0.08253960901761612	5.040338948529694
2003	09	13	0.0013626664283	0.07795407518330412	4.529874876233607
2003	09	14	0.000913271308745	0.0687830075146801	4.80182873636315
2003	09	15	0.00046608328677899996	0.04126980450880806	4.333178674495952
2003	09	16	0.000785362306988	0.05044087217743207	4.497991554759266
2003	09	17	0.00090067454655	0.05961193984605608	4.49970420132649
2003	09	18	0.00182277928611	0.0641974736803681	4.527948727276556
2003	09	19	0.0	0.05961193984605608	4.377314963452041
2003	09	20	0.987088143945	0.0641974736803681	3.480845527948665
2003	09	21	0.481861677571	0.07795407518330412	2.902603828179822
2003	09	22	0.802390932385	0.08253960901761612	2.708182549602201
2003	09	23	0.0156497893453	0.09171067668624013	2.706383235930437
2003	09	24	0.00273139852594	0.07795407518330412	3.3763546670118396
2003	09	25	0.0009048614032900001	0.07795407518330412	3.3494194093527185
2003	09	26	0.082722100481	0.08253960901761612	3.571420405161913
2003	09	27	1.5903916185	0.08712514285192811	2.9153347550839013
2003	09	28	0.185681242301	0.09629621052055214	2.4582400216616844
2003	09	29	3.44566495796	0.11922387969211216	2.1095297961386272
2003	09	30	24.0013036717	1.2197519999269937	1.9935836651417502
2003	10	01	15.399439151400001	1.0592583157260735	1.6594081742291118
2003	10	02	28.5065916732	1.2885350074416737	1.9559979879144838
2003	10	03	0.942050628348	1.0042319097143293	1.9878971116103397
2003	10	04	0.0009006744408799999	0.4081125112537686	2.24646623287851
2003	10	05	0.0009006744408799999	0.2980596992302804	2.389479229254928
2003	10	06	0.00046608328677899996	0.2751320300587204	2.262920749706012
2003	10	07	0.0	0.2292766917156003	2.807520227479311
2003	10	08	0.00180953196656	0.2246911578812883	3.096539496422129
2003	10	09	0.00134786227264	0.19259242104110427	2.972377613758259
2003	10	10	0.024421760374899997	0.18342135337248025	2.863443876609528
2003	10	11	10.3571531171	0.3026452330645924	1.6292691473926406
2003	10	12	0.9003358741999999	0.4585533834312006	2.046535359473065
2003	10	13	0.007025082458109999	0.2843030977273444	1.9389059935019761
2003	10	14	0.790051001125	0.2934741653959684	1.7499991011323892
2003	10	15	6.5343105065	0.27054649622440835	1.8186801410356244
2003	10	16	0.64844321531	0.24303329321853634	1.8006179026537943
2003	10	17	0.478323338755	0.2201056240469763	2.0452393519882484
2003	10	18	6.462775086599999	0.26137542855578433	1.7982150096220724
2003	10	19	10.8998974845	0.3209873684018404	1.4219975080384755
2003	10	20	2.0637959659200003	0.3439150375734005	1.736556973149181
2003	10	21	0.08854394157949999	0.3026452330645924	1.6062636468027442
2003	10	22	0.140035099205	0.26596096239009637	1.486378622048812
2003	10	23	0.138787844494	0.24303329321853634	1.3825929113425117
2003	10	24	2.2490819707200003	0.24303329321853634	1.3377218710147354
2003	10	25	22.400632475600002	0.5181653232772566	1.2342373974133056
2003	10	26	7.58419954665	1.2289230675956178	1.3674854559187357
2003	10	27	6.799154397600001	1.3252192781161698	1.2619161826567569
2003	10	28	10.0619629154	0.9996463758800174	1.2626617881614493
2003	10	29	0.6128623933220001	0.6557313383066169	1.26509476437649
2003	10	30	13.927066129099998	0.7107577443183609	1.1790100824724334
2003	11	02	0.03392154409649999	2.347793323167747	1.4516394548327356
2003	11	03	0.024487856959900002	1.6370355788493862	1.541924511997094
2003	11	04	0.0967038106805	1.2289230675956178	1.4202870744097136
2003	11	05	1.75974871616	0.9492055037025853	1.3426663941138473
2003	11	06	0.00045978475246	0.765784150330105	1.723347803146352
2003	11	07	3.00447358169	0.687830075146801	1.4325755581451278
2003	11	08	1.5059080308199997	0.6328036691350568	1.294144218098613
2003	11	09	17.1528626727	0.742856481158545	1.0307713100964613
2003	11	10	2.7985589964999997	0.9033501653594652	1.1502305049795116
2003	11	11	0.053987394752000005	0.7107577443183609	1.2617779819404542
2003	11	12	0.8585102088200001	0.6603168721409289	1.0380089727519328
2003	11	13	0.232750369318	0.5915338646262488	1.3666693203796259
2003	11	14	2.2168456465	0.5731917292890008	1.0628467705352729
2003	11	17	0.00225309753639	1.8067003307189304	1.2631758406271447
2003	11	18	0.00181721364721	1.3160482104475457	1.5704793131667285
2003	11	19	0.00090067454655	0.9904753082113934	1.5574381310182626
2003	11	20	0.0121193630989	0.8116394886732251	1.4426300136702244
2003	11	21	12.5104150112	0.7932973533359771	0.9502167676397593
2003	11	23	3.17644791391	2.242326044978571	1.054013509923891
2003	11	24	0.117896494515	1.5911802405062663	1.0557696519101427
2003	11	25	0.000906972943498	1.2793639397730496	0.9506675881153084
2003	11	26	7.1020743598	1.5544959698317702	1.1767469662832941
2003	11	27	0.210432981555	2.095588962280587	0.8879461133480406
2003	11	28	0.571527322051	1.53156830066021	1.097298481570175
2003	11	29	0.51441117597	1.2747784059387375	0.8819075092846232
2003	11	30	11.990512271	1.5911802405062663	1.123945500759039
2003	12	01	10.0186699164	2.040562556268843	0.7352027629374646
2003	12	02	0.29352363786200003	1.7700160600444343	0.856913745572913
2003	12	03	7.8512514124	2.0268059547659067	0.8138498090479164
2003	12	04	0.00375144012356	1.5682525713347062	0.9286953858942383
2003	12	05	7.59398543401	1.48571296231709	0.6024629199364051
2003	12	08	5.3664245325	3.1089919396635404	0.7293569344505784
2003	12	11	0.00352281874609	2.343207789333435	1.0602914874268106
2003	12	12	0.011281445436999998	1.8204569322218664	1.014954873064608
2003	12	13	0.0199922969386	1.549910435997458	1.1718094990070111
2003	12	14	0.0006745017543200001	1.3664890826249778	1.1643237067129806
2003	12	15	0.0133487426727	1.2243375337613056	1.0400880542978912
2003	12	16	0.109241910175	1.1005281202348816	1.0425946822467511
2003	12	17	9.2739214935	0.9354489021996493	0.6172935041135142
2003	12	18	4.3989501671	1.247265202932866	0.9054654243536889
2003	12	19	0.305090075289	1.1005281202348816	0.9868147372679056
2003	12	20	0.0012050565588700001	0.9675476390398333	0.9414972435980371
2003	12	21	0.0077918634986899995	0.8437382255134092	1.1491552031440588
2003	12	22	0.0038894929064	0.7795407518330411	0.9624968975538545
2003	12	23	0.0	0.715343278152673	0.9549979523554608
2003	12	24	0.00134886930774	0.6786590074781769	1.0640755395584711
2003	12	25	0.0	0.6419747368036808	0.987369027971268
2003	12	26	0.00839723921478	0.623632601466433	0.9331600088211421
2003	12	27	0.5406328694600001	0.5777772631233128	0.9765748906092665
2003	12	28	3.67999959532	0.715343278152673	0.7862872977606674
2003	12	29	0.80853263129	0.5961193984605608	0.8858210201442995
2003	12	30	0.662851710789	0.5823627969576248	0.6302323013689121
2003	12	31	1.4515036199800002	0.6098759999634968	0.6922170253959432
2004	01	01	2.31631662162	0.715343278152673	0.7274813312037463
2004	01	02	0.006174686542919999	0.756613082661481	0.8240901746413841
2004	01	03	0.000459784773594	0.7703696841644171	0.9040645752403712
2004	01	04	0.0	0.6465602706379929	1.166453522678412
2004	01	05	0.0046938973278	0.6007049322948728	1.1834662976781378
2004	01	06	0.0	0.5594351277860647	1.139991719830579
2004	01	07	0.040403389447999996	0.5410929924488167	1.0997246986950664
2004	01	08	1.37968796324	0.6328036691350568	0.8966878973736893
2004	01	09	0.767433087882	0.6282181353007449	0.8118368264529955
2004	01	10	0.72030325345	0.5961193984605608	0.838148372505747
2004	01	11	0.140918680044	0.5731917292890008	1.013546915696674
2004	01	12	0.138002135209	0.5594351277860647	0.8392137425740273
2004	01	13	0.155060612381	0.5319219247801927	1.003130732035852
2004	01	14	4.548979376399999	0.5548495939517527	1.0410968717526656
2004	01	15	6.016370058200001	0.5731917292890008	0.7502965055516145
2004	01	16	0.00731957449812	0.5548495939517527	1.1037458576205395
2004	01	17	0.71729926669	0.5365074586145048	1.0874200938143639
2004	01	18	0.0	0.5181653232772566	0.9325141216398267
2004	01	19	0.0	0.49065212027138466	1.0936813997598656
2004	01	20	0.0009006744408799999	0.46313891726551265	1.2955178934460827
2004	01	21	0.000906972943498	0.4402112480939526	1.200184159306523
2004	01	22	0.00227373013224	0.4356257142596406	1.273251069053055
2004	01	23	0.12297779497	0.4356257142596406	1.357336238960345
2004	01	24	0.440189011784	0.4356257142596406	0.9760246960024733
2004	01	25	0.92756502547	0.4447967819282646	0.8173513221076211
2004	01	26	8.544448303120001	0.706172210484049	0.7950811655460265
2004	01	29	11.3033201837	2.3340367216648112	1.1110882877456265
2004	01	30	6.1231738973	1.8158713983875545	1.1274966388695529
2004	02	02	0.6029340311010001	3.2373868870242766	1.190294667662056
2004	02	03	0.00136445140594	2.2469115788128833	1.6521416740588732
2004	02	04	0.0	1.8663122705649866	1.6935433002497544
2004	02	05	0.00090067454655	1.5269827668258982	1.7315534145065874
2004	02	06	0.00047842958994	1.2518507367671776	1.6440953211740594
2004	02	07	0.0142891718583	1.1096991879035054	1.3645427923713844
2004	02	08	0.00090067454655	0.9721331728741454	1.7654567624453719
2004	02	09	0.00391582925184	0.9308633683653371	1.807652229552376
2004	02	10	0.0009006744408799999	0.8529092931820331	1.5271670066448337
2004	02	11	0.0009006745888180001	0.765784150330105	1.6229683080339017
2004	02	12	0.0	0.729099879655609	1.673598988190115
2004	02	13	0.0370317186395	0.6970011428154249	1.6131039781264551
2004	02	14	0.0285926567181	0.6511458044723049	1.510660718818033
2004	02	15	0.0203971694302	0.623632601466433	1.4106816745767476
2004	02	16	0.00048554984588	0.6144615337978089	1.631837086900362
2004	02	17	0.0054590252669000005	0.6007049322948728	1.858877989734569
2004	02	18	0.00136443861987	0.5823627969576248	1.6725465214427024
2004	02	19	0.0035425952035999997	0.5594351277860647	1.5290001305364949
2004	02	20	0.00090355088395	0.5365074586145048	1.5607893970436926
2004	02	21	0.959524874702	0.5181653232772566	1.343930241975243
2004	02	22	8.5839619089	0.5181653232772566	1.254928571042989
2004	02	23	7.248835196	0.4952376541056967	1.410295309712475
2004	02	24	1.542031743	0.4952376541056967	1.5328606667114228
2004	02	25	14.4372113015	1.426101022471034	1.459106519916135
2004	02	26	0.06270175238419999	1.6828909171925064	1.4301504161748293
2004	02	27	3.9407942120199997	1.0821859848976334	1.157288608689145
2004	02	28	3.04634489651	0.8666658946849691	1.484577348074339
2004	02	29	2.5512264207900004	0.8024684210046011	1.4005923224704397
2004	03	01	0.00181808500203	0.6970011428154249	1.5610282833060418
2004	03	02	0.0027154896961000003	0.6511458044723049	1.8444663951823297
2004	03	03	0.0	0.5961193984605608	2.0131705294318127
2004	03	04	0.00090949830856	0.5686061954546888	2.314336021641704
2004	03	05	2.35498180297	0.5731917292890008	2.3353038141175713
2004	03	06	0.836015971745	0.5869483307919368	1.9596658174129238
2004	03	07	0.0562531465879	0.5319219247801927	2.1639582919869413
2004	03	08	0.0009006744408799999	0.5089942556086328	2.169980009769028
2004	03	09	0.0554910397541	0.46772445109982463	2.052147999852091
2004	03	10	1.9875598160699999	0.49065212027138466	1.8301827972650828
2004	03	11	4.22011668951	0.5044087217743207	2.1513367995006
2004	03	12	11.2208679961	1.0638438495603855	1.7765327373905286
2004	03	13	0.199892441323	0.719928811986985	1.809091719972506
2004	03	14	0.0013541599933	0.6007049322948728	2.237879363769727
2004	03	15	0.0009006744408799999	0.5502640601174408	2.932423507332282
2004	03	16	0.0157839511474	0.5181653232772566	3.1376114537461874
2004	03	17	0.16531783020899998	0.47689551876844866	2.660413860994745
2004	03	18	0.0121684552675	0.45396784959688863	2.0251850219209526
2004	03	19	0.00302970007512	0.4493823157625766	2.2779904307114776
2004	03	20	0.004836895255300001	0.4310401804253286	2.196152302297225
2004	03	21	0.0033642277307100003	0.4310401804253286	2.3105498060927525
2004	03	22	0.0	0.4172835789223926	1.9558939839435625
2004	03	23	0.010618784111849999	0.3805993082478965	2.0512141025376103
2004	03	24	0.8934061835379999	0.3943559097508325	2.0412426822128062
2004	03	25	0.0009006744408799999	0.3805993082478965	2.4787899493362504
2004	03	26	0.202419771847	0.3668427067449605	2.5532593987382697
2004	03	27	2.6724485087100005	0.3530861052420245	2.5456780391952765
2004	03	28	6.38179107798	0.3530861052420245	2.276082936927033
2004	03	29	0.153486467525	0.33932950373908843	1.9672536124209936
2004	03	30	3.36164568426	0.3530861052420245	2.1248551400176754
2004	03	31	15.0472304744	0.3576716390763365	2.44344904444651
2004	04	01	10.3009144864	0.774955217998729	1.852483264557961
2004	04	02	3.8408434951	0.6052904661291848	2.2522589953384777
2004	04	03	0.0156931985813	0.5365074586145048	3.0742290440982054
2004	04	04	0.00136690189324	0.48148105260276064	3.334193785970749
2004	04	05	0.0	0.46313891726551265	3.6287755520737965
2004	04	06	0.0021858547489	0.4402112480939526	3.1913882454646068
2004	04	07	0.0014777356691299999	0.40352697741945653	2.5113783532846066
2004	04	08	0.018380123563	0.38518484208220855	2.9065342259019014
2004	04	09	0.0	0.3576716390763365	2.8986665695072134
2004	04	10	0.0	0.33932950373908843	2.851915346894749
2004	04	11	0.0	0.33015843607046447	3.2257033447102104
2004	04	12	0.00046608328677899996	0.32557290223615243	3.0938265940934286
2004	04	13	0.0039766201461399996	0.3209873684018404	3.8474574097939978
2004	04	14	0.0009006744408799999	0.3209873684018404	3.49883249734945
2004	04	15	0.0022887646485	0.33015843607046447	3.5764294238670686
2004	04	16	0.57054963151	0.34850057140771246	2.1656138410325427
2004	04	17	0.5759353144	0.33932950373908843	2.242085421967203
2004	04	18	1.72213748739	0.47689551876844866	2.07037880328269
2004	04	19	1.51656083486	0.38518484208220855	2.149514382250972
2004	04	20	1.44436571715	0.3576716390763365	2.567404753609969
2004	04	21	14.407497954199998	0.5089942556086328	2.479229023977265
2004	04	22	0.7470841948479999	0.4402112480939526	2.809991520738445
2004	04	23	0.0	0.3576716390763365	3.9701796430301335
2004	04	24	0.00090067454655	0.30723076689890444	4.509462186199564
2004	04	25	0.0009038235442510001	0.2980596992302804	4.645960016245949
2004	04	26	0.0	0.2843030977273444	4.546672348917017
2004	04	27	0.028342822193799997	0.3439150375734005	4.2694140107632235
2004	04	28	0.0031259947157100004	0.3209873684018404	3.478149302940139
2004	04	29	0.0329310167639	0.3026452330645924	3.0174262443304207
2004	04	30	4.9972959751	0.3164018345675284	2.2622520115342755
2004	05	01	4.813998679699999	0.5319219247801927	2.6479824619714147
2004	05	02	0.0498312826985	0.32557290223615243	3.524306024230624
2004	05	03	0.056495437330900004	0.3026452330645924	3.151914341399703
2004	05	04	0.6241247441900001	0.3026452330645924	2.572240817956812
2004	05	05	4.941626905699999	0.3668427067449605	1.445217896634233
2004	05	06	0.36582214309999994	0.3943559097508325	2.221682831328198
2004	05	07	0.43876996935400003	0.3164018345675284	2.5493891050940323
2004	05	08	0.000115413809566	0.30723076689890444	3.084174050167806
2004	05	09	6.702526896509999	0.3622571729106485	2.5870984244121487
2004	05	10	0.82926297189	0.3668427067449605	3.000868441110939
2004	05	11	0.0646674690489	0.3622571729106485	3.5434780076650436
2004	05	12	0.135130457856	0.30723076689890444	4.096977514109233
2004	05	13	0.0829913645482	0.2980596992302804	4.445399163416333
2004	05	14	0.0018051918883199999	0.2843030977273444	4.766239535637476
2004	05	15	0.0	0.24761882705284835	5.0947925715159394
2004	05	16	0.00045033722043999995	0.2246911578812883	5.10810082317227
2004	05	17	0.00379265195191	0.2201056240469763	5.747598687113072
2004	05	18	0.0086363309042	0.2246911578812883	5.269553980872203
2004	05	19	0.00046608328677899996	0.1604936842009202	5.733187774622656
2004	05	20	0.35154566115200003	0.1467370826979842	5.073925212447085
2004	05	21	15.0088437335	0.24303329321853634	3.5241386182561287
2004	05	22	1.1242147820700001	0.24761882705284835	3.902623231699197
2004	05	23	2.8918326374599994	0.2201056240469763	3.8101657115832395
2004	05	24	4.76777365521	0.23386222554991232	3.5106464757465767
2004	05	25	0.462179097289	0.20634902254404028	3.826514919826478
2004	05	26	0.0021079886393	0.17883581953816824	4.183204997538102
2004	05	27	0.0159558751807	0.1283949473607362	3.7368285801025944
2004	05	28	0.09669094535799999	0.1283949473607362	4.269653694820051
2004	05	29	0.114476506099	0.11922387969211216	3.726710759928404
2004	05	30	0.00466950605005	0.0733685413489921	3.8789105006667586
2004	05	31	0.0081446769251	0.07795407518330412	4.179838391177175
2004	06	01	0.0613800425912	0.0687830075146801	4.590387628466777
2004	06	02	0.00045033722043999995	0.0641974736803681	4.997472137985352
2004	06	03	0.0034101281369600003	0.05961193984605608	6.021283728033954
2004	06	04	0.00047832140499399996	0.04585533834312006	5.804821667484539
2004	06	05	0.015342768330400002	0.04126980450880806	4.102073808140473
2004	06	06	0.00093180788731	0.04126980450880806	4.5390245107767635
2004	06	07	0.00090697279556	0.04126980450880806	4.461707190386378
2004	06	08	0.00136729435162	0.04126980450880806	5.357631648626091
2004	06	09	0.0225788724048	0.04126980450880806	5.335896726931546
2004	06	10	0.000906972943498	0.04126980450880806	5.27757341533427
2004	06	11	0.013293178216600001	0.04126980450880806	4.838815536564303
2004	06	12	0.008566015972800002	0.04126980450880806	5.434144611287862
2004	06	13	0.0013341006571999999	0.04126980450880806	5.957319041294024
2004	06	14	0.000906972943498	0.04126980450880806	6.454401469793633
2004	06	15	0.0	0.04126980450880806	5.498477155922277
2004	06	16	0.0031775122221499997	0.04126980450880806	6.3531913962671664
2004	06	17	0.0009012292083799999	0.04126980450880806	6.017640532074243
2004	06	18	0.029692276702	0.04126980450880806	4.276725363959023
2004	06	19	0.36762037175800005	0.04126980450880806	3.340921550750473
2004	06	20	0.112054179854	0.04126980450880806	3.8427294513362344
2004	06	21	1.75550669968	0.04126980450880806	4.349687054513296
2004	06	22	0.41330101610900005	0.04126980450880806	4.5408348581835
2004	06	23	1.5098325089500002	0.04126980450880806	3.8838778782117926
2004	06	24	0.923217582031	0.04126980450880806	3.9058222522166077
2004	06	25	0.083526122377	0.04126980450880806	4.546746328650805
2004	06	26	0.00186825172886	0.04126980450880806	5.469214306934434
2004	06	27	0.0023019575480000003	0.04126980450880806	5.185805899995627
2004	06	28	0.00180764734211	0.04126980450880806	5.495459229769568
2004	06	29	0.0036256000452999995	0.04126980450880806	5.539220604845216
2004	06	30	0.0418676818854	0.04126980450880806	4.275786975028691
2004	07	01	0.014641758833899999	0.04126980450880806	3.979915807993404
2004	07	02	0.0	0.04126980450880806	4.767147459168935
2004	07	03	0.000906972943498	0.04126980450880806	5.027138365055105
2004	07	04	0.000665237274441	0.04126980450880806	4.970106642628762
2004	07	05	0.0619442686129	0.04126980450880806	4.515803445656666
2004	07	06	0.141231494945	0.04126980450880806	3.6269991757004374
2004	07	07	1.53358691361	0.04126980450880806	3.4585889677526005
2004	07	08	0.310112971935	0.04126980450880806	3.8626672646054843
2004	07	09	0.00106553115891	0.04126980450880806	4.091008185159479
2004	07	10	1.05265791116	0.04126980450880806	3.9893206139500212
2004	07	11	0.008618098602399999	0.04126980450880806	4.602342394370376
2004	07	12	0.0009132712559099999	0.04126980450880806	5.343365097882239
2004	07	13	0.0	0.04126980450880806	6.2889554003395185
2004	07	14	0.0	0.04126980450880806	6.821943112300678
2004	07	15	0.00182016807474	0.04126980450880806	5.833248854011138
2004	07	16	0.0094264476849	0.04126980450880806	4.929774136072688
2004	07	17	0.07315385105299999	0.04126980450880806	4.363478629566289
2004	07	18	0.048630961318	0.04126980450880806	4.260331946097657
2004	07	19	0.136643282411	0.04126980450880806	3.9264537036351066
2004	07	20	0.01137150005275	0.04126980450880806	4.661061390450333
2004	07	21	0.0107050409478	0.04126980450880806	4.658927765829256
2004	07	22	0.0054496438843	0.04126980450880806	5.186783290712365
2004	07	23	0.00136675765369	0.04126980450880806	6.5362587524960185
2004	07	24	0.00090382372389	0.04126980450880806	6.768238370515959
2004	07	25	0.0009006744408799999	0.04126980450880806	5.871224993978921
2004	07	26	0.00045033722043999995	0.04126980450880806	5.844597380175727
2004	07	27	0.0	0.04126980450880806	5.59687821441565
2004	07	28	0.041324768446	0.04126980450880806	3.925603111798638
2004	07	29	0.00099026241791	0.04126980450880806	4.272856143144238
2004	07	30	0.00275520798467	0.04126980450880806	4.776755914046792
2004	07	31	0.00122496848532	0.04126980450880806	5.501099152774673
2004	08	01	0.00244559826611	0.04126980450880806	5.02275658104179
2004	08	02	0.0292744702024	0.04126980450880806	4.245116033976354
2004	08	03	1.10650005193	0.04126980450880806	4.0951717422700655
2004	08	04	0.10748489704379999	0.04126980450880806	3.6891053720349047
2004	08	05	0.0009349571703199999	0.04126980450880806	4.71137335215787
2004	08	06	0.0	0.04126980450880806	4.505455669256049
2004	08	07	0.008147710710800001	0.04126980450880806	4.566736760425788
2004	08	08	12.150305388300001	0.07795407518330412	3.4823864477492403
2004	08	09	2.12780556842	0.0733685413489921	3.0650592200381888
2004	08	10	0.64049619729	0.04126980450880806	3.7133022629494796
2004	08	11	2.6874125430799998	0.04126980450880806	3.589351256884581
2004	08	12	0.439872234258	0.04126980450880806	3.4878766547807127
2004	08	13	0.00233291410285	0.04126980450880806	4.110192406198194
2004	08	14	0.00271800094365	0.04126980450880806	4.445719283404985
2004	08	15	0.0229333614404	0.04126980450880806	4.024786773454033
2004	08	16	7.0413584912000005	0.04126980450880806	3.5652250392239178
2004	08	17	6.16661229822	0.04126980450880806	3.3225705502922596
2004	08	22	0.131807326562	0.04126980450880806	4.1632234795593765
2004	08	23	0.0032298674803499998	0.04126980450880806	3.909780930902045
2004	08	24	0.0072327279178999995	0.04126980450880806	4.099352440702722
2004	08	25	0.00046608328677899996	0.04126980450880806	4.3535017866747125
2004	08	26	0.0012695419933800001	0.04126980450880806	4.278699382935556
2004	08	27	0.009113061109200002	0.04126980450880806	3.716347180360079
2004	08	28	0.004912735671	0.04126980450880806	3.544294029392407
2004	08	29	0.00685315462069	0.04126980450880806	3.6954129986085476
2004	08	30	0.0416716999632	0.04126980450880806	3.3843212377914518
2004	08	31	0.0267329629912	0.04126980450880806	3.3657514155372033
2004	09	01	0.48801609914399996	0.04126980450880806	3.0576226642537283
2004	09	02	3.39195184026	0.1283949473607362	3.220536632880488
2004	09	03	1.3941436192399999	0.13298048119504818	3.6300989856291697
2004	09	04	3.4539134524899997	0.4310401804253286	4.214524850134533
2004	09	05	0.530149401595	0.19717795487541626	3.6129606555650637
2004	09	06	0.44958326499	0.10088174435486413	3.277679605408463
2004	09	07	0.38106973234799996	0.07795407518330412	3.1636069566345046
2004	09	08	1.2396052596999998	0.0641974736803681	3.5715224436760624
2004	09	09	0.021224707128	0.05044087217743207	3.64331507658398
2004	09	10	0.0343124364471	0.05044087217743207	2.9538656274913424
2004	09	11	0.0331757178396	0.04585533834312006	3.2310241673665714
2004	09	12	0.0049497159442	0.04126980450880806	3.187993267062882
2004	09	13	0.0187364882411	0.04585533834312006	2.942118629988835
2004	09	14	0.8247982030500001	0.04126980450880806	2.6554965711368337
2004	09	15	0.001360458982	0.04126980450880806	3.4750533938948176
2004	09	16	0.000906972943498	0.04126980450880806	4.26205073296695
2004	09	17	0.0018271004494199998	0.04126980450880806	4.010366640782907
2004	09	18	0.00383118800452	0.04126980450880806	3.4046098291165134
2004	09	19	0.0032935896604500002	0.05044087217743207	2.9464763396201836
2004	09	20	0.0230453367693	0.05502640601174408	3.2362698569185464
2004	09	21	0.0	0.05044087217743207	4.114033399628868
2004	09	22	0.00045033722043999995	0.04585533834312006	4.494598803415581
2004	09	23	8.5379214899e-07	0.04126980450880806	4.905018666831744
2004	09	24	0.00103761716037	0.04126980450880806	3.596644710068308
2004	09	25	0.0	0.04126980450880806	3.791385740173504
2004	09	26	0.0	0.04126980450880806	3.8366608851435413
2004	09	27	0.000459784773594	0.04126980450880806	4.117377759261367
2004	09	28	0.0	0.04126980450880806	3.9996076723322425
2004	09	29	0.0	0.04126980450880806	3.407981222698597
2004	09	30	0.00319709836799	0.08253960901761612	3.04266436272571
2004	10	01	0.021059908422800002	0.10088174435486413	2.620067399233505
2004	10	02	0.0018935019980400002	0.09629621052055214	3.1299188547386234
2004	10	03	0.00393112931681	0.10088174435486413	3.26914770648069
2004	10	04	0.0	0.11922387969211216	3.167743321514041
2004	10	05	0.0079197794641	0.10546727818917614	2.9429406382100916
2004	10	06	0.0060608497313	0.09171067668624013	2.5392534256751533
2004	10	07	0.0036404868349	0.10088174435486413	3.239065080491118
2004	10	08	4.841067740920001	0.10088174435486413	2.481317670512335
2004	10	09	6.96073471161	0.16507921803523223	1.7130214669674166
2004	10	10	3.4289735361000004	0.2201056240469763	1.614778947779406
2004	10	11	2.20570950788	0.30723076689890444	1.6842428902253874
2004	10	12	0.030250510178	0.20634902254404028	1.9746058079753324
2004	10	13	0.29688042505100004	0.17425028570385623	2.11267040579545
2004	10	14	2.17983377797	0.16507921803523223	1.5069635852666055
2004	10	15	0.9050033709349999	0.16507921803523223	1.3486505171047543
2004	10	16	1.1035056811400001	0.1604936842009202	1.5738440251078787
2004	10	17	0.463304229181	0.15590815036660824	1.8010573974572845
2004	10	18	10.7601341157	0.2246911578812883	1.6316505011227849
2004	10	19	27.60787255	0.4585533834312006	1.0575759020666131
2004	10	20	6.5492828888	0.5777772631233128	1.8615626862871784
2004	10	21	1.33231853265	0.4218691127567046	1.52700078995719
2004	10	22	0.08800423205449999	0.3439150375734005	1.9489765594115744
2004	10	23	0.0008379310819900001	0.30723076689890444	2.2350890050246797
2004	10	24	11.147064898	0.7978828871702891	1.2811864457980306
2004	10	25	5.29253298861	0.49065212027138466	1.492321834378667
2004	10	26	9.198519608300002	0.4172835789223926	1.8202602948645512
2004	10	28	11.2748178146	2.159786435960955	1.1803393271504208
2004	10	29	12.2455373057	2.0268059547659067	1.0726594137795615
2004	10	30	11.2983336164	2.6366819547294034	1.0701809309630512
2004	10	31	6.358057595980001	2.279010315653067	1.380204550933768
2004	11	01	0.00284740410864	1.563667037500394	1.696461288761117
2004	11	02	3.9517240828	1.1417979247436898	1.369382635348404
2004	11	03	4.0172236322999995	1.2564362706014898	1.3155161125217967
2004	11	04	0.150823139711	1.0225740450515775	1.4068456181880322
2004	11	05	0.0058730477238	0.8208105563418491	1.6609934090617084
2004	11	06	0.00181070754531	0.7795407518330411	1.6594880930582132
2004	11	07	0.015258359134399999	0.6786590074781769	1.6046362029896821
2004	11	08	0.0013498333351500001	0.6007049322948728	1.6735903428156904
2004	11	09	0.00136675775936	0.5731917292890008	1.6370199213383725
2004	11	10	0.00090067454655	0.5227508571115687	1.0768570614022082
2004	11	11	0.008613075050600001	0.4723099849341366	1.1443147258012183
2004	11	12	0.0329284331324	0.4447967819282646	1.2990553965500526
2004	11	13	0.000906972943498	0.40352697741945653	1.4215362899250303
2004	11	14	0.0	0.42645464659101656	1.2882132464398497
2004	11	15	0.0	0.38518484208220855	1.387900668124081
2004	11	16	0.0009006744408799999	0.3668427067449605	1.4706323641486292
2004	11	17	0.0015915177436900002	0.33932950373908843	1.4926840849702059
2004	11	18	0.0014966541919099999	0.33015843607046447	1.3921369032356714
2004	11	19	0.0048684807579899994	0.32557290223615243	1.1122816249438794
2004	11	20	0.0011124271879	0.3209873684018404	1.531779331890362
2004	11	21	0.0017362077649	0.3026452330645924	1.4238623930987908
2004	11	22	0.0015529633045	0.33474396990477645	1.3940389429140283
2004	11	23	0.0006435746814	0.2980596992302804	1.4481787138705016
2004	11	24	0.0	0.2843030977273444	1.4543396253720309
2004	11	25	0.00090067454655	0.27054649622440835	1.4157018347212191
2004	11	26	0.007941709581879999	0.2934741653959684	1.387325872843105
2004	11	27	3.6496642743999996	0.26596096239009637	1.024043256959497
2004	11	28	4.1057206722499995	0.2888886315616564	0.692391479757482
2004	11	29	0.498969238458	0.26137542855578433	0.7760606995795685
2004	11	30	21.74139116	0.2934741653959684	1.0105870445515386
2004	12	01	22.5624597404	1.7562594585414983	0.7640031350787136
2004	12	02	0.294621623131	1.1968243307554336	0.906089704706604
2004	12	03	0.00046728782967600004	0.6740734736438649	1.1307212743857173
2004	12	04	0.014966309445099999	0.5181653232772566	0.9941073455965317
2004	12	05	0.0	0.4402112480939526	1.1607264052608002
2004	12	06	0.000455022121024	0.4310401804253286	1.1775991618903934
2004	12	07	0.0	0.39894144358514455	1.0604202269477614
2004	12	08	0.00090840959055	0.3668427067449605	0.9789856059117107
2004	12	09	0.00239673254832	0.3530861052420245	1.0199790617664206
2004	12	10	0.0014160985694700002	0.3530861052420245	1.0789264006973402
2004	12	11	0.00090067454655	0.3439150375734005	1.1541442879123198
2004	12	12	0.08899958533600001	0.32557290223615243	1.0153724505200206
2004	12	13	4.900380734600001	0.33015843607046447	0.6369382985458727
2004	12	14	0.0	0.3164018345675284	0.9603308819023193
2004	12	15	0.001814956219	0.30723076689890444	1.0935201788001587
2004	12	16	0.12492571574999999	0.2934741653959684	1.0021558869848093
2004	12	17	0.07838459002199999	0.26596096239009637	0.8644532074896194
2004	12	18	0.296815902949	0.2934741653959684	0.7583136158009537
2004	12	19	1.17637359974	0.3026452330645924	0.6664954813383638
2004	12	20	0.050160090754	0.3209873684018404	0.7310057185084777
2004	12	21	0.009909130281000001	0.2934741653959684	0.7920823969970221
2004	12	22	0.0013541599933	0.27054649622440835	0.8858085519664748
2004	12	23	0.00181267945318	0.26596096239009637	1.0878990789268932
2004	12	24	0.051002830138	0.26137542855578433	1.1436112596103256
2004	12	25	5.6667859069899995	0.26137542855578433	0.6198100465324448
2004	12	26	0.5280879384	0.33474396990477645	0.6507114206617495
2004	12	27	0.00562521310992	0.3164018345675284	0.7686879270904247
2004	12	28	2.07724194507	0.3118163007332165	1.0684490581499158
2004	12	29	0.00305570958325	0.41269804508808056	0.8161719510432263
2004	12	30	0.00271890336545	0.3622571729106485	1.1532590079691138
2004	12	31	0.00179820868637	0.34850057140771246	1.249115938940626
2005	01	01	0.0056332332515799995	0.33474396990477645	0.9416797268365765
2005	01	02	0.0025750686372199997	0.3209873684018404	0.9811518904558157
2005	01	03	0.000906972943498	0.33474396990477645	1.1830279782087658
2005	01	04	0.0009038235442510001	0.3026452330645924	1.1117544190783355
2005	01	05	0.00139004309489	0.2888886315616564	1.132783013213687
2005	01	06	0.00135416009897	0.2751320300587204	1.2044276264093892
2005	01	07	0.0	0.27054649622440835	1.1643505382147552
2005	01	08	0.00263546749582	0.2567898947214724	1.1675496469329862
2005	01	09	0.0009587982560809999	0.26137542855578433	1.1403304487065693
2005	01	10	0.038731182832	0.2567898947214724	1.0388690983158984
2005	01	11	0.00226743146055	0.25220436088716036	1.0915936818952192
2005	01	12	4.901756558	0.26596096239009637	1.0343491753310072
2005	01	13	2.15529741531	0.2797175638930324	0.9074139735981582
2005	01	14	0.0024641379619400002	0.26596096239009637	1.1916134299556698
2005	01	15	0.27583755485899997	0.26596096239009637	0.9882403696105371
2005	01	16	0.0009006744408799999	0.26596096239009637	1.315172306239914
2005	01	17	0.00316981331729	0.27054649622440835	1.3323145784062038
2005	01	18	0.42147837359499996	0.24303329321853634	0.915815661736136
2005	01	19	0.0	0.23844775938422433	0.9517481209415402
2005	01	20	0.0009038235442510001	0.2246911578812883	1.3277376333073938
2005	01	21	0.0009075766996099999	0.2246911578812883	1.5591492098676387
2005	01	22	0.0	0.23844775938422433	1.343738731835462
2005	01	23	0.00706393383	0.24303329321853634	1.2886211626557909
2005	01	24	0.0062011108058	0.23386222554991232	1.4091277152987547
2005	01	25	0.0	0.2201056240469763	1.0584456898344445
2005	01	26	0.0009006744408799999	0.2155200902126643	1.0576582230583262
2005	01	27	0.00045978475246	0.20176348870972827	0.94610264434351
2005	01	28	0.0013855985090199998	0.20634902254404028	1.186969854650618
2005	01	29	0.00044718799026500003	0.24303329321853634	1.335719718383141
2005	01	30	0.00091449438616	0.24303329321853634	1.2468426572465592
2005	01	31	0.00181709455712	0.2292766917156003	1.3436284760328796
2005	02	01	0.000903823671055	0.19259242104110427	1.524482660799527
2005	02	02	0.00090067454655	0.23844775938422433	1.6026681532576068
2005	02	03	0.0013680946962	0.2109345563783523	1.5571931680881992
2005	02	04	0.0	0.2246911578812883	1.6135226526243656
2005	02	05	1.69844648473	0.20634902254404028	1.1957804247646493
2005	02	06	0.62698628779	0.2109345563783523	1.1546220220890397
2005	02	07	0.8125039212299999	0.2246911578812883	1.3603566878860027
2005	02	08	0.0	0.19259242104110427	1.591313347864618
2005	02	09	0.0	0.19717795487541626	1.7814910597019662
2005	02	10	0.0009038235442510001	0.2201056240469763	1.7175174293423445
2005	02	11	0.0	0.17883581953816824	1.8647040449018617
2005	02	12	0.00091012218424	0.19717795487541626	1.6320780993911939
2005	02	13	0.0096358539239	0.2109345563783523	1.3868176545269433
2005	02	14	0.0	0.2246911578812883	1.6594050686313595
2005	02	15	0.00181079567409	0.23844775938422433	1.7694048524299224
2005	02	16	0.000903823671055	0.19717795487541626	1.5197141766385243
2005	02	17	0.00136045887633	0.2109345563783523	1.6630163478786697
2005	02	18	0.0045380136834899994	0.19717795487541626	1.6342951872632376
2005	02	19	0.0018144891576	0.18342135337248025	1.8379634658614543
2005	02	20	0.00091472833954	0.2155200902126643	1.6763046264507784
2005	02	21	0.0488335687492	0.2201056240469763	1.166037938688629
2005	02	22	10.9757854517	0.2843030977273444	1.4185823142759577
2005	02	23	9.750720384	0.40352697741945653	1.2967401468397577
2005	02	24	0.029604644571	0.38518484208220855	1.5787912373472441
2005	02	25	0.0175009470496	0.2751320300587204	1.4596802959864963
2005	02	26	0.700835310072	0.3026452330645924	1.36108741389074
2005	02	27	0.13007083560149998	0.2797175638930324	1.7978108946862286
2005	02	28	0.000903823671055	0.26596096239009637	1.5857056971166374
2005	03	01	0.0008961518705499999	0.2292766917156003	1.7029156066960989
2005	03	02	0.0031515068351499996	0.2201056240469763	1.8326549052246779
2005	03	03	0.152297141108	0.23386222554991232	1.6953585461831024
2005	03	04	0.0018170949798	0.20176348870972827	1.7476962562883287
2005	03	05	0.065314405093	0.2155200902126643	2.0676323413735154
2005	03	06	0.0219662220489	0.2292766917156003	1.5614401865769154
2005	03	07	0.0	0.2246911578812883	2.2138540173596186
2005	03	08	0.0009006745888180001	0.19717795487541626	2.2417406009884764
2005	03	09	0.0	0.18800688720679226	2.3883315767208564
2005	03	10	0.00963806929545	0.18800688720679226	2.641688667233999
2005	03	11	0.00182067095827	0.17883581953816824	2.493823010309138
2005	03	12	0.408802971786	0.19717795487541626	2.473479319237398
2005	03	13	0.7170463983800001	0.19259242104110427	2.378931215792297
2005	03	14	0.429771799009	0.18800688720679226	2.496055396855009
2005	03	15	0.00153927851115	0.18342135337248025	3.1004416797176253
2005	03	16	0.00817759154505	0.17883581953816824	2.8770915657452845
2005	03	17	0.00073807282632	0.16507921803523223	3.624405760954365
2005	03	18	0.000459784773594	0.16966475186954422	3.3186664750307093
2005	03	19	0.179616228115	0.16966475186954422	2.607976232177952
2005	03	20	2.39226143928	0.17883581953816824	2.9104942164317924
2005	03	21	5.0228089399	0.2246911578812883	1.6213548838795466
2005	03	22	0.6217963585749999	0.20634902254404028	2.6780139929955924
2005	03	23	5.78425459651	0.18342135337248025	2.192575481861023
2005	03	24	0.0432156136889	0.16507921803523223	2.647421843847031
2005	03	25	14.5882116181	0.2567898947214724	2.215540377556065
2005	03	26	13.291586826400001	0.5869483307919368	1.9614674425893035
2005	03	27	3.24132844855	0.4310401804253286	1.9179392588476647
2005	03	28	7.221898856299999	0.5594351277860647	2.4945062111084195
2005	03	29	1.7099736023499998	0.7703696841644171	2.356181282100148
2005	03	30	0.138531214332	0.6052904661291848	2.731475943647027
2005	03	31	0.0009006744408799999	0.4310401804253286	3.987406566805035
2005	04	01	4.8316371161000005	0.33932950373908843	2.4849234824017277
2005	04	02	19.172207919100003	0.5502640601174408	2.1515056458443027
2005	04	03	3.1569620488999997	0.9079356991937773	2.2190442153523877
2005	04	04	0.11572761142480001	0.6282181353007449	2.668014730064679
2005	04	05	0.00207884115485	0.4493823157625766	3.2728593410528353
2005	04	06	0.0	0.3622571729106485	3.245728811142937
2005	04	07	0.12350601288249999	0.3118163007332165	3.3853597933980173
2005	04	08	0.009933494612900001	0.25220436088716036	2.6932747486558872
2005	04	09	0.000459784773594	0.19717795487541626	2.9317958944027174
2005	04	10	0.0	0.20176348870972827	3.052593418211141
2005	04	11	0.0	0.2246911578812883	3.496301246755949
2005	04	12	0.0013541599933	0.24761882705284835	3.4141167233499177
2005	04	13	0.00518258969381	0.24761882705284835	3.061793685777019
2005	04	14	1.011102074125	0.2155200902126643	2.2602692175054675
2005	04	15	1.73613929074	0.20176348870972827	2.2015036763352818
2005	04	16	0.391984524019	0.19717795487541626	2.3622631826565734
2005	04	17	1.6642359279	0.20176348870972827	2.2841483262461555
2005	04	18	2.3938978449	0.27054649622440835	2.0638540051643455
2005	04	19	1.54421002438	0.2292766917156003	2.2743413205921126
2005	04	20	0.300182549149	0.19717795487541626	2.714912398173962
2005	04	21	0.29602759418200003	0.18800688720679226	2.8880955021412644
2005	04	22	0.942586269578	0.17883581953816824	2.6079783908997216
2005	04	23	3.87685762749	0.19717795487541626	2.232218121894688
2005	04	24	1.12858878038	0.2246911578812883	2.678257814940058
2005	04	25	0.011947051256700002	0.17883581953816824	3.2944982929716606
2005	04	26	0.0	0.16507921803523223	3.7711670784991354
2005	04	27	0.00035300329426600003	0.18342135337248025	3.798511205406031
2005	04	28	0.0	0.13298048119504818	4.201801883861603
2005	04	29	0.00045033722043999995	0.12380941352642418	4.209416074853842
2005	04	30	0.00072220848355	0.09629621052055214	4.591063577895946
2005	05	01	0.6342835938150001	0.08253960901761612	3.352674707504733
2005	05	02	0.88024082164	0.0641974736803681	3.1993750767940496
2005	05	03	0.059532382563900005	0.0733685413489921	3.6208797164278814
2005	05	04	0.00348851477698	0.11463834585780015	3.3603741084330836
2005	05	05	0.0009006744408799999	0.10546727818917614	4.851098896457992
2005	05	06	0.000909631822605	0.0641974736803681	4.844561228440652
2005	05	07	0.041045598873	0.05044087217743207	4.45504198536977
2005	05	08	0.0326465087425	0.04126980450880806	3.466614108460946
2005	05	09	0.8921913589499999	0.04126980450880806	4.075357095421456
2005	05	10	2.09071624378	0.04126980450880806	3.7002706224537563
2005	05	11	18.6015666717	0.0641974736803681	3.6976958237541804
2005	05	12	12.415707217000001	0.0641974736803681	2.967368534558835
2005	05	13	3.5214058325199997	0.0687830075146801	2.730632848390694
2005	05	14	1.2824551843899998	0.04126980450880806	3.181055335863731
2005	05	15	0.548560158891	0.04126980450880806	2.9795489402540474
2005	05	16	12.094797993999999	0.08253960901761612	2.2133139668195314
2005	05	17	0.0304769778952	0.10546727818917614	2.9102485502025632
2005	05	18	0.00362441400522	0.05502640601174408	3.6335184612116365
2005	05	19	0.00180764723644	0.04126980450880806	4.444023425010158
2005	05	20	0.0137256126143	0.04126980450880806	4.1121450805013335
2005	05	21	0.322395630055	0.04126980450880806	3.2872437709422497
2005	05	22	0.187876631654	0.04126980450880806	3.1753661555093995
2005	05	23	0.00180764734211	0.04126980450880806	3.9373431637957057
2005	05	24	0.00182024405147	0.04126980450880806	5.26784572437729
2005	05	25	0.00392216216061	0.04126980450880806	4.7811196838412995
2005	05	26	0.0018139451684400002	0.04126980450880806	5.851158297190006
2005	05	27	1.4329110891499999	0.04126980450880806	3.6211664794848017
2005	05	28	0.048847352344	0.04126980450880806	3.615030922974549
2005	05	29	0.04336003921809999	0.04126980450880806	3.4938735593661163
2005	05	30	0.000906972943498	0.04126980450880806	4.829944589756466
2005	05	31	0.00059766328547	0.04126980450880806	4.941125091176721
2005	06	01	0.0	0.04126980450880806	5.625699825977959
2005	06	02	0.00042053796343	0.04126980450880806	4.912616596179584
2005	06	03	0.019628191933	0.04126980450880806	4.09584818401315
2005	06	04	0.00090255018905	0.04126980450880806	4.620268167374938
2005	06	05	0.0013541599933	0.04126980450880806	5.881166801224001
2005	06	06	0.0	0.04126980450880806	6.339517655432132
2005	06	07	0.00045978475246	0.04126980450880806	7.7780679248018725
2005	06	08	0.091952396115	0.04126980450880806	6.700664699768435
2005	06	09	0.000908353310708	0.04126980450880806	5.76439567179631
2005	06	10	0.0029270843607999996	0.04126980450880806	4.633147687910226
2005	06	11	0.00642811997608	0.04126980450880806	5.015060384021359
2005	06	12	0.48303215246000003	0.04126980450880806	4.189007076392101
2005	06	13	2.5336412420700003	0.04126980450880806	3.818562752445835
2005	06	14	0.332208220224	0.04126980450880806	4.144448692132929
2005	06	15	0.014575549182	0.04126980450880806	4.607087144803667
2005	06	16	0.00134683008808	0.04126980450880806	5.439725580558796
2005	06	17	0.0009006744408799999	0.04126980450880806	6.831192349365574
2005	06	18	0.0013139966226899998	0.04126980450880806	5.072314441447699
2005	06	19	0.00136360826501	0.04126980450880806	5.520391230888698
2005	06	20	0.0036764188617	0.04126980450880806	4.998120237875205
2005	06	21	0.0071059524488	0.04126980450880806	5.9725516882609355
2005	06	22	0.00089959005534	0.04126980450880806	6.839477206263035
2005	06	23	0.016338357256	0.04126980450880806	4.693173961712383
2005	06	24	0.20181480052999998	0.04126980450880806	3.9511495806859203
2005	06	25	0.38501703519799996	0.04126980450880806	4.409688126535359
2005	06	26	0.27511966458000003	0.04126980450880806	4.523836480492683
2005	06	27	0.0273501423633	0.04126980450880806	4.6950120309672405
2005	06	28	1.02626735701	0.04126980450880806	4.162688478399381
2005	06	29	0.86361544353	0.04126980450880806	3.5582737078870803
2005	06	30	0.326962032301	0.04126980450880806	4.003104060997531
2005	07	01	0.000923858576251	0.04126980450880806	4.92343613579344
2005	07	02	0.00045978475246	0.04126980450880806	5.971013612372339
2005	07	03	0.0147418600249	0.04126980450880806	4.291875975165085
2005	07	04	0.0045296710369899995	0.04126980450880806	4.257474488947073
2005	07	05	0.0	0.04126980450880806	4.903433624055935
2005	07	06	0.0009006744408799999	0.04126980450880806	4.791601226541153
2005	07	07	0.00271888783196	0.04126980450880806	5.518325938058892
2005	07	08	0.0	0.04126980450880806	6.559987277372725
2005	07	09	0.0	0.04126980450880806	6.27164659300802
2005	07	10	0.00133547595225	0.04126980450880806	6.370169271663103
2005	07	11	0.0013683905722	0.04126980450880806	5.879087239692576
2005	07	12	0.00045033722043999995	0.04126980450880806	5.265324403272985
2005	07	13	0.005195720670689999	0.04126980450880806	5.009710151856027
2005	07	14	0.0340396715328	0.04126980450880806	4.76335595367061
2005	07	15	0.00200234156969	0.04126980450880806	5.280187728836633
2005	07	16	0.0269559922066	0.04126980450880806	4.45308580821408
2005	07	17	0.091553977947	0.04126980450880806	4.071686046450233
2005	07	18	0.0379043837675	0.04126980450880806	4.306917313224006
2005	07	19	0.0	0.04126980450880806	6.450482731652115
2005	07	20	0.0070698238758	0.04126980450880806	6.215811359425077
2005	07	21	0.044273127347899996	0.04126980450880806	4.823711812875707
2005	07	22	0.09625680650320001	0.04126980450880806	4.276926190792371
2005	07	23	0.0333601859586	0.04126980450880806	3.8213498334392964
2005	07	24	1.64050963146	0.04126980450880806	4.141364500112787
2005	07	25	0.79116671782	0.04126980450880806	4.286213372528395
2005	07	26	1.19262247564	0.04126980450880806	4.304725729744758
2005	07	27	4.274624128599999	0.04126980450880806	3.8061318320071855
2005	07	28	1.0161311736	0.04126980450880806	3.638619028516408
2005	07	29	0.139415894139	0.04126980450880806	3.9346666032712347
2005	07	30	0.000494061828555	0.04126980450880806	4.178716965154212
2005	07	31	0.00180316302432	0.04126980450880806	4.621187254491616
2005	08	01	0.000775016706772	0.04126980450880806	4.732529205523726
2005	08	02	0.0	0.04126980450880806	5.500400941793023
2005	08	03	0.0009195697162600001	0.04126980450880806	6.551623545411449
2005	08	04	0.0	0.04126980450880806	6.675967934586932
2005	08	05	0.0106937046702	0.04126980450880806	6.8038547677160475
2005	08	06	0.000461794088644	0.04126980450880806	6.53802340860949
2005	08	07	0.0243364064891	0.04126980450880806	5.138068320957
2005	08	08	0.006714442668389999	0.04126980450880806	4.496151484143804
2005	08	09	12.2062153853	0.04126980450880806	4.161573457587352
2005	08	10	1.41562379416	0.04126980450880806	3.513292405277961
2005	08	11	0.027880004501	0.04126980450880806	4.015518404000556
2005	08	12	0.000470025284995	0.04126980450880806	5.910120072825971
2005	08	13	0.0	0.04126980450880806	6.211775124576228
2005	08	14	0.0	0.04126980450880806	6.1870593129779365
2005	08	15	0.0	0.04126980450880806	6.014024098416444
2005	08	16	0.00543015653991	0.04126980450880806	4.9561822556260315
2005	08	17	0.0075405435712	0.04126980450880806	4.769056856029215
2005	08	18	0.0245431614678	0.04126980450880806	3.8695432447783564
2005	08	19	0.0	0.04126980450880806	4.591060779780166
2005	08	20	0.00136675775936	0.04126980450880806	4.3426002441553075
2005	08	21	0.0022634543587600003	0.04126980450880806	4.532752284003692
2005	08	22	0.0	0.04126980450880806	4.892899489926357
2005	08	23	0.00045033722043999995	0.04126980450880806	5.072182460352931
2005	08	24	0.00306525792445	0.04126980450880806	4.129917769990646
2005	08	25	0.0739640504172	0.04126980450880806	3.941048268661139
2005	08	26	0.06284321704	0.04126980450880806	3.8217785579463452
2005	08	27	0.0066083238879	0.04126980450880806	3.828038692061421
2005	08	28	0.046286534997	0.04126980450880806	3.687688475017599
2005	08	29	0.0351616016238	0.04126980450880806	4.428649438027576
2005	08	30	0.0014549772042200002	0.04126980450880806	4.529730845087082
2005	08	31	0.113218134904	0.04126980450880806	3.3507551913386724
2005	09	01	0.013306554981899999	0.04126980450880806	3.9062319269079784
2005	09	02	0.0279779489673	0.04126980450880806	4.145345157411556
2005	09	03	0.0	0.04126980450880806	4.841122761666156
2005	09	04	0.00206933180588	0.04126980450880806	4.222495878051532
2005	09	05	0.20541887665300002	0.04126980450880806	2.965113644054798
2005	09	06	4.92484946846	0.04126980450880806	2.501370580804699
2005	09	07	0.401898599656	0.04126980450880806	2.973497890489666
2005	09	08	0.00110727017489	0.04126980450880806	3.1845413827219904
2005	09	09	3.3331400393900004	0.04126980450880806	2.8540228678541455
2005	09	10	0.51266762097	0.04126980450880806	2.651772885621887
2005	09	11	0.76345898712	0.04126980450880806	2.791136614797882
2005	09	12	0.106366534372	0.04126980450880806	3.220965399272124
2005	09	13	0.000906972943498	0.04126980450880806	4.36570082615301
2005	09	14	0.0	0.04126980450880806	4.576982227892577
2005	09	15	0.0	0.04126980450880806	4.744221194651332
2005	09	16	0.0801426154718	0.04126980450880806	2.9411934480065427
2005	09	17	0.0491194018724	0.04126980450880806	3.6451964012208307
2005	09	18	0.0	0.04126980450880806	3.679376110221558
2005	09	19	0.0	0.04126980450880806	4.1234200003128265
2005	09	20	0.0	0.04126980450880806	4.18382773131282
2005	09	21	0.00047362033690000004	0.04126980450880806	3.852649059363381
2005	09	22	0.028287496551899997	0.04126980450880806	3.447447453398579
2005	09	23	0.152261657122	0.04126980450880806	2.861858437619005
2005	09	24	0.26650523484	0.04126980450880806	2.424384363769089
2005	09	25	0.0214909257858	0.04126980450880806	2.8974214379492396
2005	09	26	0.000906972943498	0.04126980450880806	3.662737110641488
2005	09	27	0.0	0.04126980450880806	3.427455350708086
2005	09	28	0.00048554984588	0.04126980450880806	3.3337526745897783
2005	09	29	0.00071751969431	0.04126980450880806	3.677042131990685
2005	09	30	0.00272046791547	0.04126980450880806	4.167804119722475
2005	10	01	2.81077571654e-05	0.04126980450880806	2.9891790170716783
2005	10	02	0.00226332966816	0.04126980450880806	3.4018172763386363
2005	10	03	0.000916487597102	0.04126980450880806	3.0558605120316265
2005	10	04	0.000894376043932	0.04126980450880806	3.284242645161247
2005	10	05	0.0	0.04126980450880806	3.6109599910865184
2005	10	06	0.0	0.04126980450880806	3.584966830988693
2005	10	07	0.0013680905750699998	0.04126980450880806	3.8038509098868576
2005	10	08	0.030902525779	0.04126980450880806	2.959638964322387
2005	10	09	18.6115704506	0.04126980450880806	2.2258966324050404
2005	10	10	5.053399348199999	0.15590815036660824	1.9731181958464308
2005	10	11	1.68498011127	0.1604936842009202	1.6134236201187862
2005	10	12	16.6435396129	0.49065212027138466	1.6457612637652412
2005	10	13	0.26701315882899995	0.05502640601174408	1.5598493456380174
2005	10	14	0.0042988331256	0.05502640601174408	1.8001401378575268
2005	10	15	0.00310272322295	0.04126980450880806	2.484954650408016
2005	10	16	3.0735073700099997	0.04126980450880806	2.2614742901429836
2005	10	17	21.559179095500003	0.04126980450880806	1.6455091688779633
2005	10	18	2.08012430566	0.05502640601174408	1.7568647911419428
2005	10	19	0.8996727315480001	0.04126980450880806	1.9316524117692497
2005	10	20	3.65716409698	0.05502640601174408	1.70078273047185
2005	10	21	7.8338116356	0.04126980450880806	1.6104018523032886
2005	10	22	8.728540659599998	0.0641974736803681	1.600472950521901
2005	10	23	0.0487700600225	0.04126980450880806	1.9340577632291376
2005	10	24	0.00547737000158	0.04126980450880806	2.181419770384515
2005	10	25	0.147335976876	0.04126980450880806	2.018240945471654
2005	10	26	0.054941499749	0.04126980450880806	2.170539594850421
2005	10	27	30.8393805571	0.08712514285192811	1.137930865135159
2005	10	28	4.2056702268	0.11463834585780015	1.4070265128701769
2005	10	29	18.2334557164	0.04126980450880806	1.293128926419404
2005	10	30	47.063262331999994	1.3252192781161698	1.1848682654654399
2005	10	31	18.5533874919	0.6970011428154249	1.36036752725274
2005	11	01	0.71584059801	0.4310401804253286	1.4685573166179793
2005	11	02	4.47338876458	0.2888886315616564	1.5195791875633817
2005	11	03	39.9982041732	1.3802456841279138	1.1802318267023195
2005	11	04	0.41689393348	1.0959425864005694	1.2706196555766516
2005	11	05	0.005386582141700001	0.5823627969576248	1.4908564227739414
2005	11	06	0.0018249177298999997	0.46313891726551265	1.8304063417505043
2005	11	07	0.00272716570275	0.38518484208220855	1.8078943443487085
2005	11	08	5.25631470178	0.4218691127567046	1.6767394431282465
2005	11	09	0.167631770735	0.46313891726551265	1.139477097543622
2005	11	10	0.00135415988763	0.30723076689890444	1.3677369417150773
2005	11	11	0.000119280940587	0.2567898947214724	1.5373216333986042
2005	11	12	3.35559058192	0.27054649622440835	1.062809143992387
2005	11	13	2.04846863809	0.34850057140771246	0.9130100668431455
2005	11	14	0.41004937057	0.26137542855578433	1.315578956833827
2005	11	15	1.2275111168600001	0.3026452330645924	1.34438461973638
2005	11	16	0.0432894527148	0.23386222554991232	1.2404139920379182
2005	11	17	0.17889857030999998	0.2246911578812883	1.0842706576692054
2005	11	18	1.7145042036	0.2246911578812883	1.1616432323034898
2005	11	19	16.638473793099998	0.6557313383066169	0.9394503538863658
2005	11	20	26.4628451104	0.742856481158545	0.6775058271897502
2005	11	21	4.99016356711	1.6003513081748901	0.8466048444305361
2005	11	22	0.282024005009	0.9629621052055213	1.0960352542251812
2005	11	23	0.000459784805295	0.6694879398095529	1.2698980503237265
2005	11	24	0.0	0.5044087217743207	1.2530308840920257
2005	11	25	3.7097006849	0.48148105260276064	1.1706825379869348
2005	11	26	4.12193023891	0.6190470676321209	0.6473930501305718
2005	11	27	1.2512833797499998	0.5823627969576248	0.9223665997502349
2005	11	28	8.18028517902	0.47689551876844866	0.9963183439740796
2005	11	29	0.006145612921799999	0.4402112480939526	0.9674150578502301
2005	11	30	0.00090754447026	0.4081125112537686	1.1010632227510178
2005	12	01	29.289652868	0.5044087217743207	1.088520848076909
2005	12	03	1.23245594451	2.751320300587204	0.952563435919629
2005	12	04	1.3101467475800002	1.5820091728376422	0.8448587808977098
2005	12	05	0.36391923774	1.1830677292524976	0.9434606378864262
2005	12	06	0.0013686251596	0.9354489021996493	0.920727479524778
2005	12	07	0.0022705798982	0.756613082661481	1.0213480950248517
2005	12	08	0.00460811156871	0.6465602706379929	1.0821310544222595
2005	12	09	0.0027108592367000002	0.5777772631233128	1.2824166957473206
2005	12	10	0.00045978475246	0.5915338646262488	0.9932399633507504
2005	12	11	0.0009006744408799999	0.48148105260276064	1.1305469005807138
2005	12	12	0.0009006745888180001	0.4585533834312006	1.2156878726555416
2005	12	13	0.000906972943498	0.4081125112537686	1.077753026385082
2005	12	14	0.0009195697162600001	0.38518484208220855	0.9162575719818955
2005	12	15	0.000459784773594	0.38977037591652053	0.9405417184036539
2005	12	16	0.00090067454655	0.3576716390763365	0.9425347023400921
2005	12	17	0.0009132711819410001	0.33932950373908843	1.1132315873212622
2005	12	18	0.0009006744408799999	0.33474396990477645	1.0810035003366814
2005	12	19	0.000459784773594	0.3164018345675284	0.9398043250229213
2005	12	20	0.00045033722043999995	0.3439150375734005	1.0242488130746674
2005	12	21	0.0009132712559099999	0.2934741653959684	0.9004985722990235
2005	12	22	0.00317159702689	0.2843030977273444	0.8984269648613485
2005	12	23	0.38826824749	0.2751320300587204	0.9442669220297837
2005	12	24	0.023543867752	0.30723076689890444	0.8631724153883593
2005	12	25	2.70605315376	0.2797175638930324	0.7476118804027267
2005	12	26	11.6528765437	0.42645464659101656	0.7629364670338377
2005	12	27	4.5524252751	0.5640206616203768	0.8164232805583407
2005	12	28	0.396541923181	0.5640206616203768	0.7862495700396919
2005	12	29	0.88793328063	0.5135797894429448	0.975151949212524
2005	12	30	1.57297001694	0.4998231879400087	0.7172872359227689
2005	12	31	1.791391809	0.6282181353007449	0.6331855504993791
2006	01	01	1.3745297878599998	0.9354489021996493	0.5888829380082945
2006	01	02	0.025377046762499997	0.7795407518330411	0.8751230381491737
2006	01	03	0.0018202439458000002	0.6649024059752409	1.0153097752204778
2006	01	04	0.0	0.6282181353007449	1.0828011420703443
2006	01	05	1.62554549142	0.5365074586145048	1.0914479610313434
2006	01	06	4.3282788107900005	0.706172210484049	0.9177902264906624
2006	01	07	0.0162951572466	0.6144615337978089	0.918066966999557
2006	01	08	0.0248247508838	0.5777772631233128	1.0385997162871043
2006	01	09	0.012362360774199999	0.5319219247801927	1.1089762712942048
2006	01	10	0.0038874057125599997	0.5044087217743207	0.9759826416153143
2006	01	11	0.0009006744408799999	0.4447967819282646	1.1214331391477552
2006	01	12	0.00136045887633	0.4356257142596406	0.9961597052238363
2006	01	13	6.419843479	0.4218691127567046	1.070949629840731
2006	01	14	1.79731070271	0.45396784959688863	0.9840181004485089
2006	01	15	12.8794865068	0.6419747368036808	0.8928271727076765
2006	01	16	1.0659817357899999	1.0134029773829534	0.9072711027384379
2006	01	17	0.0130028424947	0.788711819501665	1.0925010927765324
2006	01	18	0.0122733179487	0.719928811986985	0.9763069456476261
2006	01	19	0.0	0.6007049322948728	1.3647341938227997
2006	01	20	0.0088744043575	0.5365074586145048	1.2225211885513139
2006	01	21	0.009487795460099998	0.49065212027138466	1.273360982019273
2006	01	22	0.075707990056	0.4585533834312006	1.1311831324906287
2006	01	23	0.041051075749100004	0.4447967819282646	1.2073705957806617
2006	01	24	0.0	0.4310401804253286	1.0846945700905397
2006	01	25	0.000459784773594	0.4081125112537686	1.0421760930031214
2006	01	26	0.0	0.41269804508808056	1.231418891865426
2006	01	27	0.00090697279556	0.4218691127567046	1.0964292231666601
2006	01	28	2.12315946986	0.38977037591652053	1.0504013165939985
2006	01	29	11.963884487700001	0.5456785262831287	0.7441065219475453
2006	01	30	0.0013541599933	0.4081125112537686	1.1999009943852041
2006	01	31	0.0009006744408799999	0.3714282405792725	1.340441203865382
2006	02	01	0.0027432165530699997	0.38518484208220855	1.5727529564385794
2006	02	02	7.5991069419	0.38518484208220855	1.4604388089970008
2006	02	03	2.5762276257799996	0.4493823157625766	1.1176088810027471
2006	02	04	0.011514425596299999	0.4402112480939526	1.3052088402899025
2006	02	05	0.0013636081593399998	0.4402112480939526	1.5687594386176895
2006	02	06	0.00090067454655	0.40352697741945653	1.5928469622008583
2006	02	07	0.00045978475246	0.3714282405792725	1.683251694255751
2006	02	08	0.0013573093819799998	0.3576716390763365	1.657125145273858
2006	02	09	0.1022831137682	0.34850057140771246	1.5839688010989448
2006	02	10	1.38418157999	0.3576716390763365	1.6224648469960892
2006	02	11	0.16779220949600002	0.3668427067449605	1.620859601683023
2006	02	12	0.00045978475246	0.3622571729106485	1.9379266200176333
2006	02	13	0.0065559031143	0.3576716390763365	1.6851057892530343
2006	02	14	0.0	0.34850057140771246	1.58255467089053
2006	02	15	0.194561484926	0.33932950373908843	1.5679894064932247
2006	02	16	3.9799152537499998	0.4310401804253286	1.1035010727077998
2006	02	17	5.096497069040001	0.3760137744135845	1.311907778430963
2006	02	18	10.2073077736	0.8162250225075371	1.2721371887991961
2006	02	19	24.8737289288	2.0313914886002187	1.0623626051883723
2006	02	20	10.500111946699999	3.3749529020536366	0.984272592444001
2006	02	21	0.8345932837	2.3798920600079314	1.143906172964801
2006	02	22	0.079823889391	1.499469563820026	1.2833934158512528
2006	02	23	0.17783867907599998	1.0638438495603855	1.5048553806345843
2006	02	24	3.46220379234	0.8529092931820331	1.4023022111926264
2006	02	25	10.2837008434	1.0684293833946974	1.1431836478851867
2006	02	26	2.18117536429	1.1234557894064416	1.323308839865609
2006	02	27	0.00408137747435	0.9492055037025853	1.9285615175473696
2006	02	28	0.0013488732175299999	0.7703696841644171	2.002923984208341
2006	03	01	0.0006060988687350001	0.6832445413124889	2.0394566125427334
2006	03	02	0.161603804451	0.5869483307919368	1.5610398993968901
2006	03	03	2.99040943304	0.5594351277860647	1.6623110934352223
2006	03	04	16.9605686335	1.5682525713347062	1.9778028467503803
2006	03	05	0.26582594581200003	1.7700160600444343	1.4039341375046397
2006	03	06	0.025081065092500004	1.2518507367671776	1.6919361240329078
2006	03	07	0.419273072396	0.9262778345310253	1.9897710757685105
2006	03	08	0.0384724878782	0.7795407518330411	1.6030054163774585
2006	03	09	1.67445041278	0.729099879655609	1.5827082215028887
2006	03	10	0.036646824118099997	0.623632601466433	1.6401904726318868
2006	03	11	0.7997361321400001	0.5686061954546888	1.7702599378186925
2006	03	12	0.0011792092541900003	0.5640206616203768	2.8534355738022104
2006	03	13	0.0014777953726800002	0.5319219247801927	2.948129888605216
2006	03	14	0.0016402668018000001	0.5227508571115687	3.1007432471075425
2006	03	15	0.21114546153	0.4723099849341366	2.596232936000177
2006	03	16	0.5801308360799999	0.4585533834312006	2.012382962918398
2006	03	17	21.157226266	0.756613082661481	1.4514210038042459
2006	03	18	16.00827851875	2.9209850524567478	1.8866845057894852
2006	03	19	15.705381275599999	3.4666635787398765	1.7625026232174843
2006	03	20	9.3035471347	2.3386222554991227	1.866994507809542
2006	03	21	2.89441066845	1.939680811913979	1.9205611235566997
2006	03	22	6.723353079800001	1.467370826979842	1.7879276117905591
2006	03	25	0.6486082718500001	2.3340367216648112	2.384137200266359
2006	03	26	0.1015610579778	1.6874764510268183	2.8023857167617527
2006	03	27	1.47152956436	1.3481469472877299	2.2061967047782445
2006	03	28	0.28056695308	1.1188702555721295	2.232682683013628
2006	03	29	0.365858092034	0.9400344360339611	2.3192934562786873
2006	03	30	0.08655588205	0.8666658946849691	2.607640426670323
2006	03	31	0.9967818342300001	0.8162250225075371	2.656231636756407
2006	04	01	0.025537046993	0.6282181353007449	2.4946866188480437
2006	04	02	0.004936511421000001	0.5731917292890008	3.152096667851772
2006	04	03	0.012868113244699999	0.5686061954546888	3.6435752376802624
2006	04	04	2.26522602198	0.5365074586145048	2.436578093069957
2006	04	05	12.677523662599999	0.5319219247801927	2.020325052498335
2006	04	06	13.5486312148	0.9446199698682732	1.9945604614189552
2006	04	07	0.9807113292899999	0.5777772631233128	2.447917857283945
2006	04	08	0.0158657471243	0.5135797894429448	3.3489829821421218
2006	04	09	0.7725280092000001	0.4952376541056967	2.8077823296658013
2006	04	10	0.09548468004	0.46313891726551265	3.3855573191053696
2006	04	11	0.1108966875812	0.4723099849341366	3.23780532943284
2006	04	12	0.000907834703482	0.42645464659101656	3.0389301641038253
2006	04	13	0.00115599862735	0.41269804508808056	4.198957566090922
2006	04	14	2.7702321452699996	0.4172835789223926	2.8331835043019318
2006	04	15	4.07793992358	0.4310401804253286	2.722347245958665
2006	04	16	1.02435473001	0.38977037591652053	2.4469572436101377
2006	04	17	0.172043841946	0.39894144358514455	2.43496551261451
2006	04	18	0.00331466765535	0.3943559097508325	3.0968598459923613
2006	04	19	0.035378936282899995	0.34850057140771246	2.503359611393611
2006	04	20	2.10884372094	0.3576716390763365	2.9033198164256424
2006	04	21	9.077937457900001	0.40352697741945653	1.967872172048625
2006	04	22	4.9764980057	1.1417979247436898	2.810220940657609
2006	04	23	0.11761948061	0.46313891726551265	3.780627239860387
2006	04	24	0.004328385854500001	0.4402112480939526	3.564394553277617
2006	04	25	0.035984322883	0.4493823157625766	3.8714492252090085
2006	04	26	0.00455302157091	0.38518484208220855	4.104765648216289
2006	04	27	0.035301736951	0.3622571729106485	3.0965992111172
2006	04	28	0.00135142874081	0.3209873684018404	3.9532415717783724
2006	04	29	0.0	0.3118163007332165	3.9950444563600103
2006	04	30	0.00182024405147	0.2797175638930324	4.308808313447184
2006	05	01	0.00045033722043999995	0.2751320300587204	4.011113683213224
2006	05	02	0.00049847244152	0.2797175638930324	3.9577189410651576
2006	05	03	0.018332109228400003	0.30723076689890444	2.9651754268181647
2006	05	04	0.443374750944	0.2797175638930324	3.1768599774185575
2006	05	05	0.016059732940199998	0.23386222554991232	3.6739065364128667
2006	05	06	0.0117950238277	0.2155200902126643	3.1968544924484084
2006	05	07	0.062283578153	0.2292766917156003	2.924226421732304
2006	05	08	0.01006424274565	0.24761882705284835	3.174233541197583
2006	05	09	0.00273648410603	0.23844775938422433	4.674999524889224
2006	05	10	0.000906972943498	0.20176348870972827	4.694539568536344
2006	05	11	0.00048041065939900005	0.18800688720679226	3.9522553938518854
2006	05	12	0.0159931661237	0.18800688720679226	3.599206017795156
2006	05	13	0.00156375052078	0.18800688720679226	4.273967308138669
2006	05	14	0.00023647424352	0.1604936842009202	4.393863915170257
2006	05	15	0.068425953346	0.17883581953816824	4.5977587404179365
2006	05	16	0.000913803589669	0.1467370826979842	5.360627266020689
2006	05	17	0.06860733590099999	0.1375660150293602	4.298543316100681
2006	05	18	0.010206391614699998	0.16507921803523223	3.6002035275979596
2006	05	19	0.00764136796768	0.1421515488636722	3.690865068619869
2006	05	20	0.000761505201655	0.13298048119504818	4.312899725156565
2006	05	21	0.9807964464750001	0.1467370826979842	3.7622010183836427
2006	05	22	0.6639837852	0.1283949473607362	2.9970930108298743
2006	05	23	0.403295546489	0.11922387969211216	3.504629084164637
2006	05	24	0.0027132129302799997	0.12380941352642418	4.031908844598819
2006	05	25	0.0	0.12380941352642418	5.332466292916811
2006	05	26	0.0022637373430199996	0.11922387969211216	5.944408409718498
2006	05	27	0.00045033722043999995	0.1604936842009202	5.990933475871735
2006	05	28	0.6712812497299999	0.09171067668624013	5.884301479167975
2006	05	29	0.36316781837	0.10546727818917614	5.808486068642094
2006	05	30	0.00182810737885	0.0687830075146801	5.483008576138881
2006	05	31	0.013181323351500001	0.0641974736803681	5.249598631575428
2006	06	01	3.0127487050600004	0.05502640601174408	5.2388732388672254
2006	06	02	0.0577284456125	0.0687830075146801	5.0181771700759485
2006	06	03	0.0009038235442510001	0.0641974736803681	6.2620325797455125
2006	06	04	0.0	0.05961193984605608	6.012660376861615
2006	06	05	0.00090067454655	0.05961193984605608	6.82312458202456
2006	06	06	0.00045978475246	0.04126980450880806	6.242616991910654
2006	06	07	0.0072919253086	0.05044087217743207	5.107050932308782
2006	06	08	0.0062589461102	0.04126980450880806	5.3775778625977475
2006	06	09	0.6470444615200001	0.04126980450880806	4.561534147780587
2006	06	10	1.2028077956	0.04126980450880806	4.258121027442907
2006	06	11	0.00281885756948	0.04126980450880806	5.253885655430842
2006	06	12	0.217432520087	0.04126980450880806	4.208998451774966
2006	06	13	5.3073856468	0.04126980450880806	4.662749194232934
2006	06	14	13.7049097479	0.09171067668624013	3.473684416484309
2006	06	15	3.8386983940999997	0.05044087217743207	4.272552754518866
2006	06	17	1.5034156982	0.23844775938422433	3.7325576333217874
2006	06	18	0.238530497184	0.04585533834312006	4.106060790822548
2006	06	19	0.0139441730454	0.04126980450880806	3.804473140985952
2006	06	20	0.007415494432890001	0.04126980450880806	3.683367423765832
2006	06	21	0.0017804322449500001	0.04126980450880806	4.281727471660068
2006	06	22	0.00187602882952	0.04126980450880806	5.0134034566780885
2006	06	23	0.007637546095119999	0.04126980450880806	4.36398838120305
2006	06	24	0.6761773212419999	0.04126980450880806	3.508547999360956
2006	06	25	0.40046959254500003	0.04126980450880806	3.469251829424847
2006	06	26	0.147476359471	0.04126980450880806	3.3253186711053475
2006	06	27	0.00716016496292	0.04126980450880806	3.9940360862057607
2006	06	28	0.0589934866979	0.04126980450880806	3.635102669152684
2006	06	29	0.0014875338142099999	0.04126980450880806	4.4847165589553475
2006	06	30	0.00093302943251	0.04126980450880806	4.863035607960669
2006	07	01	0.0132010117859	0.04126980450880806	4.360656413907166
2006	07	02	0.19471028942	0.04126980450880806	4.145528448630086
2006	07	03	1.0671212388020002	0.04126980450880806	4.706240473240789
2006	07	04	0.58674524973	0.04126980450880806	3.7935355106911772
2006	07	05	0.492543646531	0.04126980450880806	4.034611655882299
2006	07	06	0.0	0.04126980450880806	4.7670087299214385
2006	07	07	0.0	0.04126980450880806	5.236797020235845
2006	07	08	0.0013530509866500002	0.04126980450880806	4.993586526737942
2006	07	09	0.0019045568764300001	0.04126980450880806	5.372033752843533
2006	07	10	0.0033742216823	0.04126980450880806	5.33564892976595
2006	07	11	0.119590934099	0.04126980450880806	6.277069257285753
2006	07	12	0.0540540154602	0.04126980450880806	6.133899669505493
2006	07	13	1.73928793973	0.04126980450880806	6.991292353982958
2006	07	14	1.37178342456	0.04126980450880806	6.60941645798472
2006	07	15	0.000906972943498	0.04126980450880806	6.541244331174698
2006	07	16	0.0	0.04126980450880806	7.280744900713046
2006	07	17	0.00227373013224	0.04126980450880806	6.516268688478524
2006	07	18	4.273270284560001	0.04126980450880806	5.893084794709972
2006	07	19	2.9080394567000005	0.04126980450880806	4.076506089725656
2006	07	20	0.033682185696	0.04126980450880806	4.438866452308055
2006	07	21	0.0009349571703199999	0.04126980450880806	4.383287965868893
2006	07	22	0.0011378630136	0.04126980450880806	4.6336259124668455
2006	07	23	0.012032411482699998	0.04126980450880806	4.367998800381822
2006	07	24	0.0569503308304	0.04126980450880806	4.0550193528473315
2006	07	25	0.0048672965143	0.04126980450880806	4.4448215424421065
2006	07	26	0.0012664851716199998	0.04126980450880806	4.202226020863623
2006	07	27	0.0328672702797	0.04126980450880806	3.8320446595179822
2006	07	28	0.000319632264452	0.04126980450880806	4.497535891085651
2006	07	29	0.0067013906269999994	0.04126980450880806	4.436110585832499
2006	07	30	0.0034011049756599997	0.04126980450880806	4.804906127874721
2006	07	31	0.00187508804951	0.04126980450880806	4.115356293383818
2006	08	01	0.362067444959	0.04126980450880806	4.2321815831168585
2006	08	02	0.00297266765138	0.04126980450880806	4.965882972875698
2006	08	03	0.22350949611700002	0.04126980450880806	4.117692328468828
2006	08	04	0.0018142412557800001	0.04126980450880806	6.244922027653067
2006	08	05	0.00046608328677899996	0.04126980450880806	6.5559645555209185
2006	08	06	0.0	0.04126980450880806	7.039592888234971
2006	08	07	0.00046419119146	0.04126980450880806	6.144847063739655
2006	08	08	0.00226432127544	0.04126980450880806	6.395247434259991
2006	08	09	0.0013541599933	0.04126980450880806	5.665187188922016
2006	08	10	0.00045033722043999995	0.04126980450880806	6.6037424835538765
2006	08	11	0.00181709445145	0.04126980450880806	6.10306405479009
2006	08	12	0.00045033722043999995	0.04126980450880806	4.989062738618652
2006	08	13	0.00045033722043999995	0.04126980450880806	5.5516674077279
2006	08	14	0.00136045887633	0.04126980450880806	4.414175208568181
2006	08	15	0.08845413793	0.04126980450880806	3.144629427491999
2006	08	16	5.4097185882	0.04585533834312006	2.664999230263226
2006	08	17	4.6857934955	0.04585533834312006	3.043925239211523
2006	08	18	4.29543720881	0.0641974736803681	2.9355299234491925
2006	08	19	0.37439821462999995	0.04126980450880806	3.5574963786596547
2006	08	20	0.00046608328677899996	0.04126980450880806	4.375497877934968
2006	08	21	0.0	0.04126980450880806	5.673655185918407
2006	08	22	0.0	0.04126980450880806	5.324796890780246
2006	08	23	0.0672717146525	0.04126980450880806	3.575164393486424
2006	08	24	0.00252460666841	0.04126980450880806	4.022677619273046
2006	08	25	0.007773402632680001	0.04126980450880806	3.7359117167499996
2006	08	26	0.0126597721593	0.04126980450880806	3.8140399067066957
2006	08	27	0.000459784773594	0.04126980450880806	4.278606806820959
2006	08	28	0.0009286587099700001	0.04126980450880806	4.2918932873574285
2006	08	29	0.0	0.04126980450880806	4.818275074284781
2006	08	30	0.000459784773594	0.04126980450880806	5.095115886741262
2006	08	31	0.00659837643111	0.04126980450880806	5.003581003814141
2006	09	01	0.191188614763	0.04126980450880806	4.1307280919730704
2006	09	02	0.0248041663678	0.04126980450880806	4.187740356701521
2006	09	03	0.000953262447822	0.04126980450880806	4.94132697577763
2006	09	04	0.000906972943498	0.04126980450880806	5.646095379863005
2006	09	05	0.0013463429493800001	0.04126980450880806	5.715908485309554
2006	09	06	0.0010660803259	0.04126980450880806	4.822772307788458
2006	09	07	0.00238955713264	0.04126980450880806	4.677529697054877
2006	09	08	0.00333790565072	0.04126980450880806	4.763848710038034
2006	09	09	0.00061910457383	0.04126980450880806	3.899848825816387
2006	09	10	0.004501849499699999	0.04126980450880806	3.6111854234855247
2006	09	11	0.44122094273600004	0.04126980450880806	3.0718665412359525
2006	09	12	0.07810607031950001	0.04126980450880806	2.928604517994553
2006	09	13	12.107808084399998	0.04126980450880806	2.9719055086674753
2006	09	14	1.056926514212	0.04126980450880806	2.1366718986691313
2006	09	15	1.0008341730599999	0.04126980450880806	2.3868775758540703
2006	09	16	0.0	0.04126980450880806	2.9244658786636326
2006	09	17	0.0091547320737	0.04126980450880806	3.3947632568791266
2006	09	18	0.021766693841500002	0.04126980450880806	2.732408629302974
2006	09	19	0.00235214805058	0.04126980450880806	3.1356202182812942
2006	09	20	0.0168976231279	0.04126980450880806	3.557428640849703
2006	09	21	28.072121014599997	0.2292766917156003	2.038732235859871
2006	09	22	2.81717023092	0.04126980450880806	2.64717914115886
2006	09	23	10.774334050300002	0.12380941352642418	2.1248799956399607
2006	09	24	7.438327500820001	0.0641974736803681	2.0924666253003035
2006	09	25	1.8886965491199998	0.09171067668624013	2.3543136691676856
2006	09	26	0.0157935766277	0.04126980450880806	2.865769348854027
2006	09	27	0.0530712083778	0.04126980450880806	2.4011434639115916
2006	09	28	2.15669077993	0.04126980450880806	2.268928856177418
2006	09	29	2.4498918495499997	0.04126980450880806	2.2445611891929156
2006	09	30	4.8904333834800005	0.04126980450880806	1.9967482272629693
2006	10	01	0.287000406855	0.04126980450880806	2.60591425231203
2006	10	02	12.6961363764	0.07795407518330412	2.506091230984572
2006	10	03	2.7046225933	0.1513226165322962	1.7842877822604626
2006	10	04	0.89344893762	0.0733685413489921	1.9290474563761206
2006	10	05	0.00240427654096	0.0733685413489921	2.148137183122364
2006	10	06	0.129103231262	0.04126980450880806	2.7081186869235903
2006	10	07	0.167505875497	0.04126980450880806	2.292646853394552
2006	10	08	0.0126568609508	0.04126980450880806	2.557812559688175
2006	10	09	0.0143325800376	0.04126980450880806	2.6991770943110094
2006	10	10	5.06911110349	0.04585533834312006	2.2202650657545564
2006	10	11	2.80312098174	0.11922387969211216	1.9193163927902495
2006	10	12	0.0	0.04126980450880806	2.3830942375573647
2006	10	13	0.00045978475246	0.04126980450880806	2.701178988983081
2006	10	14	0.000909079263608	0.04126980450880806	2.791514151139086
2006	10	15	5.7791155474	0.04126980450880806	2.1316974294145243
2006	10	16	25.7735692107	0.1467370826979842	1.574005011847106
2006	10	17	3.48382535372	0.2888886315616564	1.6609566674762908
2006	10	18	19.6219077381	1.6095223758435142	1.4354705569464938
2006	10	19	8.37405342039	0.8574948270163452	1.1566820822072317
2006	10	20	9.925454182600001	1.1784821954181857	1.5171789419287132
2006	10	21	1.5080133999	0.7841262856673531	1.5362073349849215
2006	10	24	13.9530038873	3.0035246614743643	2.048412618129431
2006	10	28	0.000459784836996	3.3474396990477646	2.2204333180067866
2006	10	29	0.065100021797	2.196470706635451	2.3422517280550785
2006	10	30	0.72372051558	1.7104041201983784	2.0205420159408853
2006	10	31	0.10839289399299999	1.41692995480241	1.487274464904296
2006	11	01	0.018033061014999997	1.0225740450515775	1.6708868924138671
2006	11	02	4.7590872642	0.8895935638565292	1.4821125998602798
2006	11	03	20.9944046465	0.8804224961879052	1.2199715943387746
2006	11	06	7.43170199182	2.3890631276765553	0.9673406201584285
2006	11	07	1.50046454644	1.8892399397365465	1.257332120947299
2006	11	08	0.191528650256	1.6507921803523222	1.4350273544328147
2006	11	09	0.07810873848699999	1.1647255939152497	1.5339074722110804
2006	11	10	0.00270832125464	0.8253960901761611	1.5529306006073171
2006	11	11	0.00045978475246	0.692415608981113	1.7106924189693784
2006	11	12	0.0005132053438990001	0.5915338646262488	1.670466717094178
2006	11	13	0.00226786280549	0.5365074586145048	1.638273196714872
2006	11	14	0.06815319160179999	0.46313891726551265	1.3783394229905246
2006	11	15	19.3926989411	0.701586676649737	1.2742196951953477
2006	11	17	8.61031093474	1.6828909171925064	1.2057305760839316
2006	11	19	1.36321411591	1.2335086014299297	1.1628816814413265
2006	11	20	0.651570476692	0.9904753082113934	1.0671101849006512
2006	11	21	1.61803658122	0.9079356991937773	0.980023341716343
2006	11	22	1.45374097089	0.788711819501665	0.7104950808776979
2006	11	23	6.779556522389999	1.0913570525662575	0.8542548129442656
2006	11	29	0.0	4.067368511034749	1.2581741964608602
2006	11	30	0.0039020074045	2.8705441802793157	1.2260779611220347
2006	12	01	0.9385759768410001	2.0313914886002187	1.1853177017825407
2006	12	02	9.977191271299999	2.402819729179491	0.7037259897718455
2006	12	03	2.7258267581799998	1.8571412028963625	1.1781516782670698
2006	12	04	4.6725731218	2.196470706635451	0.9829324574320952
2006	12	11	0.0	3.3474396990477646	1.049886956582706
2006	12	12	0.00270956382817	2.705464962244084	1.1175445183479227
2006	12	13	0.004532759031400001	2.173543037463891	1.1950292010883359
2006	12	14	0.0013478620613	1.8204569322218664	1.1615236590570275
2006	12	15	0.00090067454655	1.412344420968098	1.0580353113825656
2006	12	16	0.0	1.1142847217378176	1.1270145662074178
2006	12	17	0.0024036000416199996	0.8620803608506572	1.0998376249688
2006	12	18	0.0194399482249	0.788711819501665	0.8639275536116712
2006	12	19	0.0116619335194	0.7795407518330411	0.9252637966185203
2006	12	20	0.00136360826501	0.7107577443183609	0.8481342319036368
2006	12	21	0.0009006744408799999	0.701586676649737	1.0416315685600874
2006	12	22	0.0	0.6328036691350568	1.0112124169255123
2006	12	23	0.00180764734211	0.692415608981113	0.8953551616514318
2006	12	24	0.00182048614144	0.6373892029693687	1.0648280517653221
2006	12	25	0.0	0.5961193984605608	1.0757665690528095
2006	12	26	0.0022603051814200003	0.6098759999634968	0.9984972945058405
2006	12	27	0.0749604868162	0.5640206616203768	1.0717593165675539
2006	12	28	0.000921960859288	0.5181653232772566	0.9668906636611866
2006	12	29	0.652417316072	0.5181653232772566	0.9803789925798698
2006	12	30	0.66883044542	0.4998231879400087	0.8736163247052132
2006	12	31	0.15193366800900002	0.46313891726551265	0.8160994047456315
2007	01	01	0.45544361752	0.4402112480939526	1.138171282118957
2007	01	02	0.0026674687042899997	0.48148105260276064	1.1720883948765466
2007	01	03	0.0	0.4310401804253286	1.2278815285428486
2007	01	04	0.00369865964928	0.4081125112537686	1.0713113169095976
2007	01	05	0.00738735408921	0.4081125112537686	1.049045987474135
2007	01	06	0.052879793513	0.45396784959688863	0.9539587400142658
2007	01	07	1.22510585632	0.38518484208220855	1.012408418758877
2007	01	08	0.038582494575	0.3943559097508325	1.0398673980701867
2007	01	09	0.017107132923500003	0.38977037591652053	0.9094241189787223
2007	01	10	0.0098129822047	0.3622571729106485	1.0642956625979336
2007	01	11	0.0	0.3714282405792725	1.286624616502587
2007	01	12	0.00136675765369	0.3530861052420245	1.3927906540535824
2007	01	13	0.0	0.3576716390763365	1.3529352099894612
2007	01	14	0.0018593514617699998	0.3439150375734005	1.0860777151901346
2007	01	15	0.048702278001	0.38518484208220855	1.0790233450370397
2007	01	16	0.197921642988	0.34850057140771246	1.2442481365045683
2007	01	17	0.151258584647	0.33474396990477645	1.0546221828442066
2007	01	18	0.0023400849747199997	0.3209873684018404	1.3025317426193268
2007	01	19	0.002733809704	0.30723076689890444	1.4133004620800242
2007	01	20	0.0060005248417	0.33474396990477645	1.2405606764820087
2007	01	21	0.0129148341785	0.3026452330645924	1.0730856201974524
2007	01	22	3.72996163936	0.4493823157625766	0.7065926508065935
2007	01	23	2.4666304002299997	0.3943559097508325	0.9108028730736523
2007	01	24	0.532754293899	0.3622571729106485	1.0297637383246192
2007	01	25	3.51068370896	0.4723099849341366	0.8920602387085518
2007	01	26	0.0	0.3760137744135845	0.97044438459652
2007	01	27	0.0018139452741099999	0.33474396990477645	1.2065884570341712
2007	01	28	4.478242821699999	0.34850057140771246	0.8617938924151618
2007	01	29	1.3013138979499999	0.3668427067449605	1.0494875470381606
2007	01	30	0.7682210056700001	0.3118163007332165	1.0857705071739687
2007	01	31	0.085558167044	0.3118163007332165	1.3687315219438732
2007	02	01	0.00570925679339	0.3118163007332165	1.4541457905419177
2007	02	02	0.0	0.3118163007332165	1.472468235587949
2007	02	03	0.41331700398000004	0.3118163007332165	1.2946181370448069
2007	02	04	0.06954034388250001	0.30723076689890444	1.4374119267662986
2007	02	05	0.011051832980600002	0.30723076689890444	1.456625506378263
2007	02	06	0.290711431585	0.3118163007332165	1.3483463410134706
2007	02	07	6.35802821972	0.2934741653959684	1.2936197578774573
2007	02	08	21.3622345196	2.118516631452147	1.0494059598692747
2007	02	09	2.89829488631	1.1784821954181857	1.3072960160078624
2007	02	10	1.12019953341	0.8024684210046011	1.554359987804729
2007	02	11	6.1770106489	1.1280413232407536	0.8701602259174473
2007	02	13	3.5191394223600003	1.449028691642594	1.6906833171810995
2007	02	14	4.45897527091	1.1693111277495614	1.5291729082805223
2007	02	15	5.663999706099999	0.9583765713712094	1.5105593109424058
2007	02	16	9.012095537599999	1.2839494736073616	1.361374893697298
2007	02	17	1.86947168901	2.136858766789395	1.4455576238857788
2007	02	18	0.0151091943057	1.2243375337613056	1.2722213273935754
2007	02	19	11.6426392341	1.1142847217378176	1.6231175179999793
2007	02	20	4.1338991628	1.375660150293602	1.1242576723377036
2007	02	21	4.6161844397	1.1326268570750657	1.925621143862845
2007	02	22	6.9761495342	1.2977060751102978	1.5258555392482474
2007	02	23	4.0515642689	1.5682525713347062	1.3599034465157682
2007	02	24	0.52357096858	1.0730149172290095	1.5277380180914364
2007	02	25	2.8791246575900002	0.9446199698682732	1.5231138726318478
2007	02	26	0.00038509252584600006	0.8024684210046011	1.56434982232684
2007	02	27	0.033945885180999995	0.729099879655609	2.0283209094343424
2007	02	28	2.97830968969	0.747442014992857	1.8056601957201441
2007	03	01	0.036561806262899996	0.6694879398095529	1.8806317410007722
2007	03	02	0.036100701480799996	0.623632601466433	1.9474882559561513
2007	03	03	0.229890294531	0.6052904661291848	1.99224899953527
2007	03	04	3.66472563084	0.6282181353007449	1.7944040248380781
2007	03	05	0.00354222060345	0.6007049322948728	1.9218555355650737
2007	03	06	3.8202325616	0.7795407518330411	1.820567856868843
2007	03	07	2.3706927129	1.2426796690985538	1.5878426122568663
2007	03	08	0.0009006744408799999	1.0134029773829534	1.7319002288994605
2007	03	09	0.000459784773594	0.7841262856673531	2.3571959088167285
2007	03	10	0.0	0.6649024059752409	2.5678760052691865
2007	03	11	0.00090067454655	0.5961193984605608	2.6944005039607806
2007	03	12	0.0	0.5961193984605608	2.4570034991158773
2007	03	13	0.0022705703879	0.5640206616203768	2.6975810979965407
2007	03	14	0.00180764734211	0.5273363909458806	2.732689154411139
2007	03	15	0.0009006744408799999	0.4998231879400087	3.069063193465563
2007	03	16	0.336296391751	0.49065212027138466	2.926574333640643
2007	03	17	0.00541698625379	0.4493823157625766	2.566800077211614
2007	03	18	0.008515105223499998	0.4356257142596406	2.8255124712910265
2007	03	19	0.5626864098000001	0.4402112480939526	1.5813155657101279
2007	03	20	0.00226267609921	0.4356257142596406	1.9121388300557927
2007	03	21	0.0136692292157	0.4081125112537686	1.8583662307821567
2007	03	22	0.0107894332366	0.41269804508808056	2.3416114199500813
2007	03	23	0.00841211860748	0.39894144358514455	2.0382052781129323
2007	03	24	0.00120236112851	0.3760137744135845	2.1941271630739725
2007	03	25	2.2989279891	0.3576716390763365	2.489106766586192
2007	03	26	0.77198571076	0.3805993082478965	2.4342307073463125
2007	03	27	1.4537053600999998	0.3576716390763365	2.000612465091458
2007	03	28	1.78363224956	0.3439150375734005	2.1154537251046284
2007	03	29	0.0239729682612	0.34850057140771246	2.273262185811062
2007	03	30	4.3320964565499995	0.33474396990477645	1.9645572244614478
2007	03	31	1.30776262104	0.41269804508808056	1.8888587367380822
2007	04	01	0.015064124994	0.33015843607046447	2.0675189518002277
2007	04	02	12.2483417875	0.5181653232772566	2.2110365082136356
2007	04	03	6.5235194861	0.5044087217743207	2.2537034339719684
2007	04	04	0.268424297143	0.34850057140771246	2.581291864317327
2007	04	05	0.631058027632	0.33474396990477645	2.386593081734612
2007	04	06	0.0640159036021	0.3439150375734005	2.822781321224683
2007	04	07	0.48364708845800003	0.3026452330645924	2.969312566838204
2007	04	08	2.48096622645	0.2980596992302804	2.535652448674213
2007	04	09	6.8286120235	0.32557290223615243	2.951507022851724
2007	04	10	8.9485434862	0.3118163007332165	3.1690593388990402
2007	04	11	9.2421264472	0.30723076689890444	2.86520926528886
2007	04	12	0.62256759107	0.3026452330645924	2.780303852517171
2007	04	13	0.0203014630545	0.2567898947214724	2.4972166506369913
2007	04	14	0.0018955194496799999	0.24303329321853634	3.086185222956283
2007	04	15	0.115895421725	0.23386222554991232	3.9188466858759727
2007	04	16	0.009210683282	0.25220436088716036	4.144544361194956
2007	04	17	0.011905511323	0.2109345563783523	3.9541453363625765
2007	04	18	0.0433393205012	0.19717795487541626	3.620478861694609
2007	04	19	2.4465264713899995	0.23386222554991232	3.7182792106799583
2007	04	20	12.1452702128	0.2980596992302804	3.239247221435767
2007	04	21	0.34952909714	0.24761882705284835	3.9131485709531404
2007	04	22	0.0186239222169	0.20634902254404028	4.182564205245262
2007	04	23	0.005368991785150001	0.20176348870972827	4.744849558667043
2007	04	24	0.5154352239400001	0.18342135337248025	3.600575551648138
2007	04	25	4.24454590279	0.2292766917156003	2.3921998039064523
2007	04	26	0.19395265665400002	0.20176348870972827	2.509013119155518
2007	04	27	0.425364018	0.19717795487541626	2.4184254625287758
2007	04	28	0.119583769673	0.18800688720679226	2.537324812423672
2007	04	29	2.46615668162	0.18800688720679226	3.0267718435298017
2007	04	30	4.1364796242	0.2567898947214724	2.3624837847376488
2007	05	01	22.100711428	0.4998231879400087	2.6001342605672297
2007	05	02	12.9959253365	0.9537910375368973	2.4930305838000084
2007	05	03	1.00092367555	0.3439150375734005	3.2255605634163222
2007	05	04	0.262559971421	0.26137542855578433	2.641861766718057
2007	05	05	0.0192000878919	0.2292766917156003	3.231507078744965
2007	05	06	0.00090067454655	0.20176348870972827	3.9729800508944555
2007	05	07	0.000459784805295	0.2246911578812883	3.992871085094201
2007	05	08	0.000562818877712	0.19259242104110427	4.7597984226026036
2007	05	09	0.000906972943498	0.15590815036660824	5.155566614201153
2007	05	10	0.00429439318921	0.16507921803523223	4.149772863593306
2007	05	11	0.0231003137002	0.18342135337248025	3.4773587243028574
2007	05	12	0.194947138158	0.1513226165322962	4.273851054494907
2007	05	13	3.26567798665	0.15590815036660824	2.872346726611351
2007	05	14	1.78358057693	0.16507921803523223	2.7763320529597983
2007	05	15	0.00181709455712	0.17425028570385623	3.5028925354795097
2007	05	16	0.00178773689504	0.1421515488636722	4.351876824988373
2007	05	17	0.000906972943498	0.11922387969211216	5.522245287637292
2007	05	18	0.00524153992238	0.11922387969211216	4.839710091970022
2007	05	19	0.007599865969509999	0.1283949473607362	3.7826708999940704
2007	05	20	0.12498063244899998	0.1513226165322962	2.7300925799607163
2007	05	21	1.22912025962	0.1375660150293602	2.552476579603532
2007	05	22	12.749064366	0.2246911578812883	3.836165491617536
2007	05	23	1.6965734839799997	0.18342135337248025	3.99853583950224
2007	05	24	7.7365635346	0.17883581953816824	3.8408248112610304
2007	05	25	15.671824710400001	0.11005281202348816	3.118025925045587
2007	05	26	1.11769008225	0.11922387969211216	3.5500584062390375
2007	05	27	1.5134358559499999	0.12380941352642418	2.7276298233627276
2007	05	28	0.18559767846499997	0.11005281202348816	2.81669599591516
2007	05	29	0.024542026571999997	0.09629621052055214	3.8384272464969142
2007	05	30	1.1206268628899998	0.09171067668624013	3.229918259395333
2007	05	31	0.877528209338	0.09629621052055214	2.957758432094925
2007	06	01	0.006732996841009999	0.07795407518330412	3.860351671431627
2007	06	02	0.0009172635741799999	0.0641974736803681	5.04029238975164
2007	06	03	0.0	0.08253960901761612	4.156937394315171
2007	06	04	0.0	0.07795407518330412	5.46038525126965
2007	06	05	0.0009014764761800001	0.05961193984605608	5.798617586190304
2007	06	06	0.000906972943498	0.05044087217743207	5.822000413089072
2007	06	07	0.00141603463912	0.04585533834312006	5.3786464727389
2007	06	08	0.043721110438000005	0.04585533834312006	4.372259222538044
2007	06	09	0.313105652005	0.04126980450880806	4.796911897611849
2007	06	10	1.2830975523200001	0.04126980450880806	3.7516830956592373
2007	06	11	0.388854663155	0.04126980450880806	4.284274379182569
2007	06	12	0.129965075782	0.04126980450880806	4.616713958319157
2007	06	13	1.08871674196	0.04126980450880806	4.23346736175637
2007	06	14	15.1621465994	0.40352697741945653	2.894541125735948
2007	06	15	0.51948819679	0.07795407518330412	3.7089872229694043
2007	06	16	13.3034208097	0.1513226165322962	3.018368541373666
2007	06	17	4.1281475447	0.11922387969211216	3.613264254564775
2007	06	18	2.4683951949	0.0687830075146801	3.475377393204628
2007	06	19	5.38349076585	0.10546727818917614	3.3171679817906417
2007	06	20	1.25988629146	0.0641974736803681	3.600442962551385
2007	06	21	0.6071849978300001	0.04126980450880806	3.463582417387053
2007	06	22	0.0028648574112000004	0.04126980450880806	3.9845145057964193
2007	06	23	0.000906972943498	0.04126980450880806	4.255043549773277
2007	06	24	0.07227912536000002	0.04126980450880806	3.926627305492463
2007	06	25	0.5507437977399999	0.04585533834312006	3.265131053295763
2007	06	26	0.00045033722043999995	0.05502640601174408	3.902009068560952
2007	06	27	0.0	0.04126980450880806	4.480500686491176
2007	06	28	0.00046608328677899996	0.04126980450880806	3.85505628243841
2007	06	29	0.0027217347931	0.04126980450880806	4.259020346192594
2007	06	30	0.00804099531749	0.04126980450880806	4.4067057421122
2007	07	01	0.67313322215	0.04126980450880806	3.6473678621155097
2007	07	02	0.0533457062801	0.04126980450880806	3.8878617148159864
2007	07	03	0.295167123372	0.04126980450880806	4.076339932473491
2007	07	04	0.067779031039	0.04126980450880806	3.9292177102231327
2007	07	05	0.00180764734211	0.04126980450880806	5.860230669456855
2007	07	06	0.0	0.04126980450880806	5.752721416561143
2007	07	07	0.01128244137675	0.04126980450880806	4.467967396541532
2007	07	08	0.0157823692675	0.04126980450880806	4.199218424234119
2007	07	09	0.0	0.04126980450880806	4.336884377648453
2007	07	10	0.0	0.04126980450880806	5.124646427893608
2007	07	11	0.0	0.04126980450880806	5.2911876287642965
2007	07	12	0.0027191987131	0.04126980450880806	5.354055842140061
2007	07	13	0.005187097893020001	0.04126980450880806	4.986061131641971
2007	07	14	0.00709081173419	0.04126980450880806	5.424848150890167
2007	07	15	3.7884977471999997	0.04126980450880806	3.207188959638693
2007	07	16	4.449745736100001	0.04126980450880806	2.7991837724537807
2007	07	17	0.0011255587988	0.04126980450880806	3.95346392280352
2007	07	18	0.00350894057664	0.04126980450880806	3.8123294578640907
2007	07	19	0.035282018929	0.04126980450880806	3.4318047307832815
2007	07	20	0.00181783477547	0.04126980450880806	3.7349398225942148
2007	07	21	0.000330812002514	0.04126980450880806	3.642916999657613
2007	07	22	0.143331992638	0.04126980450880806	4.521420444270672
2007	07	23	1.6674144814999998	0.04126980450880806	3.3487704895881647
2007	07	24	0.00228790364934	0.04126980450880806	4.352224020181459
2007	07	25	0.0019215529448999998	0.04126980450880806	4.578014866462608
2007	07	26	0.008794199770800001	0.04126980450880806	4.292207129047214
2007	07	27	0.000906972943498	0.04126980450880806	5.080681038347693
2007	07	28	0.0	0.04126980450880806	6.005449863712591
2007	07	29	0.0	0.04126980450880806	6.9630314682848224
2007	07	30	0.00045033722043999995	0.04126980450880806	7.173874513157151
2007	07	31	0.016986568737	0.04126980450880806	4.621021579793534
2007	08	01	0.130590134966	0.04126980450880806	4.263451108567415
2007	08	02	0.00058716771839	0.04126980450880806	4.955915441941394
2007	08	03	0.0009006744408799999	0.04126980450880806	7.007536640529428
2007	08	04	0.0018061693358200001	0.04126980450880806	6.1643735211377
2007	08	05	0.021197671458500003	0.04126980450880806	4.055300762861029
2007	08	06	0.07861265229950001	0.04126980450880806	3.2587754723288374
2007	08	07	0.000470072519485	0.04126980450880806	4.408982352266462
2007	08	08	0.0	0.04126980450880806	5.529444950333119
2007	08	09	0.0	0.04126980450880806	5.61638465946888
2007	08	10	0.00202377007198	0.04126980450880806	5.172079359919573
2007	08	11	0.14918433538200002	0.04126980450880806	3.686925950599351
2007	08	12	0.62829036126	0.04126980450880806	3.5037652291315826
2007	08	13	0.009502474079800002	0.04126980450880806	3.5682679068609717
2007	08	14	0.0101384616552	0.04126980450880806	4.740331859385225
2007	08	15	4.8744567135	0.04126980450880806	3.036719372407148
2007	08	16	0.0019211758086700001	0.04126980450880806	3.5447883463844123
2007	08	17	0.0	0.04126980450880806	4.523606439899827
2007	08	18	0.000906972943498	0.04126980450880806	3.792278426324713
2007	08	19	0.00153393488492	0.04126980450880806	3.6818808840651234
2007	08	20	0.0012506793700300001	0.04126980450880806	3.9621901547673577
2007	08	21	0.00215582893541	0.04126980450880806	3.945602484442406
2007	08	22	0.0	0.04126980450880806	4.4381817801173495
2007	08	23	0.0	0.04126980450880806	4.577825617360848
2007	08	24	0.000469376259855	0.04126980450880806	4.857622773262773
2007	08	25	5.570075983299999	0.04126980450880806	3.8077989987300174
2007	08	26	0.375432692229	0.04126980450880806	3.7338875260976767
2007	08	27	0.027363037273399997	0.04126980450880806	4.437310458962997
2007	08	28	0.061251340758	0.04126980450880806	3.611578831833511
2007	08	29	1.44305297874	0.04126980450880806	3.165852410240469
2007	08	30	0.000934991037555	0.04126980450880806	4.342105500575236
2007	08	31	0.000459784773594	0.04126980450880806	4.696398665096776
2007	09	01	0.0	0.04126980450880806	5.097701629670088
2007	09	02	0.0009132711819410001	0.04126980450880806	4.731968058379654
2007	09	03	0.000832002508908	0.04126980450880806	4.671578861324348
2007	09	04	0.0	0.04126980450880806	5.500520670796487
2007	09	05	0.00045978475246	0.04126980450880806	5.173046544737173
2007	09	06	0.0	0.04126980450880806	4.698545162420192
2007	09	07	0.0	0.04126980450880806	4.4253435874668785
2007	09	08	0.018488670957100002	0.04126980450880806	3.3345357241750166
2007	09	09	0.159453219178	0.04126980450880806	2.82192485013629
2007	09	10	1.8604315148400001	0.04126980450880806	3.531536326940292
2007	09	11	0.48006840483599994	0.04126980450880806	4.365403542321279
2007	09	12	2.39586288422	0.04126980450880806	3.9843631677941054
2007	09	13	1.30118107076	0.04126980450880806	3.2580408991980723
2007	09	14	0.004654647791349999	0.04126980450880806	3.1966558068131468
2007	09	15	2.6598523277	0.04126980450880806	4.095112306978156
2007	09	17	3.70232460189	0.0687830075146801	2.6229350511405123
2007	09	18	0.29719494123900003	0.05961193984605608	3.035249018017385
2007	09	19	0.171328181304	0.05044087217743207	3.380327373256016
2007	09	20	0.07129396395	0.04126980450880806	3.6427862882684443
2007	09	21	0.57407066158	0.04126980450880806	2.8893521686899404
2007	09	22	0.0006613985686499999	0.04126980450880806	2.8114461761910685
2007	09	23	0.00290378782425	0.04126980450880806	3.4643361650201
2007	09	24	0.00228729773756	0.04126980450880806	2.9140628445369927
2007	09	25	0.0041739225206599995	0.04126980450880806	2.7790122860303534
2007	09	26	0.00045978475246	0.04126980450880806	3.5761502584043754
2007	09	27	0.0022611335285500004	0.04126980450880806	3.589477602170211
2007	09	28	0.0057090246364	0.04126980450880806	3.4205340016804473
2007	09	29	6.213910929909999	0.04585533834312006	2.428412364663535
2007	09	30	21.5427114827	0.05044087217743207	1.811506933958105
2007	10	01	1.7877624671799999	0.04126980450880806	2.3025844236463047
2007	10	02	5.99513841912	0.04126980450880806	2.1579764320830614
2007	10	03	1.16935837978	0.04126980450880806	2.0247674503220634
2007	10	04	0.491828704445	0.04126980450880806	2.320744868227574
2007	10	05	0.025732557627	0.04126980450880806	2.3705941787503826
2007	10	06	0.0219385555295	0.04585533834312006	2.5877632158682724
2007	10	07	0.00045978475246	0.04126980450880806	2.581685148464637
2007	10	08	0.0	0.04126980450880806	2.34841016047481
2007	10	09	0.0	0.04126980450880806	3.0115699346354354
2007	10	10	0.0009006744408799999	0.04126980450880806	3.171572100094516
2007	10	11	0.0	0.04126980450880806	2.606362101475185
2007	10	12	0.00045033722043999995	0.04126980450880806	2.7277394573302676
2007	10	13	0.00272495498068	0.04126980450880806	2.8892277256997696
2007	10	14	0.0028437350349	0.05502640601174408	2.8714301479764983
2007	10	15	4.7777644367	0.07795407518330412	2.6568506643536263
2007	10	16	0.212063543624	0.08253960901761612	2.6000122363618052
2007	10	17	0.00180764723644	0.05502640601174408	2.4020734152269774
2007	10	18	0.00094526601851	0.05502640601174408	2.715491274040311
2007	10	19	0.0	0.0687830075146801	2.628301544642912
2007	10	20	0.0	0.08253960901761612	2.649739539498176
2007	10	21	0.0	0.05961193984605608	2.5677005934360615
2007	10	22	0.00420713882846	0.08253960901761612	2.28829871832202
2007	10	23	0.074375438521	0.09629621052055214	2.0150073286139487
2007	10	24	0.46219910061999997	0.09171067668624013	1.7322765028609672
2007	10	25	0.00106703621672	0.08712514285192811	1.9733581421754558
2007	10	26	0.00184507861487	0.07795407518330412	2.0402102615280326
2007	10	27	0.00181452751581	0.0641974736803681	2.047471291664342
2007	10	28	0.0	0.0733685413489921	2.0015373730501835
2007	10	29	0.0086238481071	0.09171067668624013	1.7431130232232845
2007	10	30	0.0009006745888180001	0.09629621052055214	2.019105806922713
2007	10	31	0.0	0.08712514285192811	1.893320073188937
2007	11	01	0.00182794792282	0.07795407518330412	2.023675963114279
2007	11	02	0.0009006744408799999	0.09171067668624013	2.298318514294633
2007	11	03	0.00090067454655	0.07795407518330412	2.201480865032681
2007	11	04	0.00362830879008	0.09171067668624013	2.196452547717492
2007	11	05	0.00046683484352	0.08712514285192811	2.408352891363824
2007	11	06	0.000906972943498	0.07795407518330412	2.3410108867972776
2007	11	07	0.0	0.08253960901761612	2.251227409921031
2007	11	08	0.00090697290123	0.07795407518330412	2.1268076622111898
2007	11	09	0.20243381538999997	0.09629621052055214	1.7845497605155871
2007	11	10	0.000459784773594	0.08712514285192811	1.8244270998872587
2007	11	11	0.00090297477111	0.08712514285192811	1.9289777151184695
2007	11	12	0.000459784773594	0.10546727818917614	1.7765567793865262
2007	11	13	0.0	0.10546727818917614	1.6620908338691815
2007	11	14	0.00045978475246	0.09171067668624013	1.7219160010952983
2007	11	15	0.0	0.10088174435486413	1.6090083123438563
2007	11	16	0.00272250660678	0.10088174435486413	1.512458340248523
2007	11	17	0.00226711328818	0.10546727818917614	1.5281386777037398
2007	11	18	0.0	0.12380941352642418	1.6359932159155597
2007	11	19	26.161262930399996	0.27054649622440835	1.3887127737379148
2007	11	20	14.753391792	0.6190470676321209	1.028990510740625
2007	11	21	6.75303736785	0.15590815036660824	1.026535092765813
2007	11	22	1.77997015004	0.3760137744135845	0.9404397536101973
2007	11	23	0.0793006062675	0.18800688720679226	1.1137874048091223
2007	11	24	0.0009006744408799999	0.1467370826979842	1.086093070400827
2007	11	25	0.00045033722043999995	0.1375660150293602	1.12529747303852
2007	11	26	0.0009195697162600001	0.15590815036660824	1.2810823654974253
2007	11	27	0.0	0.16966475186954422	1.2193493057804272
2007	11	28	0.00090067454655	0.1283949473607362	1.2687227650056139
2007	11	29	0.0	0.13298048119504818	1.1917535996640465
2007	11	30	0.00046608331847999997	0.13298048119504818	1.2960276866814915
2007	12	01	0.40202771782900004	0.1421515488636722	1.269074346165586
2007	12	02	0.0008399564060449999	0.1604936842009202	1.0482924547733719
2007	12	03	0.564406664565	0.17425028570385623	1.2828105836319634
2007	12	04	0.0446187855416	0.17883581953816824	1.1168039065967996
2007	12	05	0.15986046079099997	0.18342135337248025	1.1391177025243933
2007	12	06	0.0068346912186000005	0.18342135337248025	0.9495314753429739
2007	12	07	0.189144270108	0.18342135337248025	1.0157373421032954
2007	12	08	0.0381577032884	0.16966475186954422	0.9100154248842007
2007	12	09	0.775896293285	0.1604936842009202	0.9228495357069388
2007	12	10	0.054559474168099996	0.12380941352642418	1.0073830976113771
2007	12	11	0.0013435201866699997	0.11005281202348816	1.2225975856346833
2007	12	12	0.00045033726270800003	0.11005281202348816	1.1768776074739977
2007	12	13	0.00045978475246	0.12380941352642418	1.2410831417323822
2007	12	14	0.0009006744408799999	0.1375660150293602	1.1534076596430918
2007	12	15	0.000459784836996	0.1283949473607362	1.136105540282935
2007	12	16	0.0009006744408799999	0.10546727818917614	1.041695951724228
2007	12	17	0.0	0.11005281202348816	1.0041951088232657
2007	12	18	6.75193427872	0.11922387969211216	0.8839243464662475
2007	12	19	27.958358806000003	0.15590815036660824	0.46219502861918343
2007	12	20	0.217711996103	0.16507921803523223	0.6911408888431262
2007	12	21	0.07561711913949999	0.1421515488636722	0.895880645706648
2007	12	22	0.00362489374702	0.1375660150293602	1.077968497018422
2007	12	23	0.000460536203531	0.13298048119504818	1.0851848119152592
2007	12	24	0.0	0.11463834585780015	1.1671742357185781
2007	12	25	5.4350487439	0.1375660150293602	1.042537524284333
2007	12	26	0.0171707177326	0.18800688720679226	0.904942418621226
2007	12	27	0.0	0.12380941352642418	1.0748468288217627
2007	12	28	0.00090067454655	0.11005281202348816	1.1205782321802635
2007	12	29	0.00255064407342	0.1283949473607362	1.1456830994628364
2007	12	30	0.000419860639864	0.1283949473607362	1.176035837188876
2007	12	31	0.000459784773594	0.1283949473607362	1.1097266618051969
2008	01	01	15.428854509299999	0.1467370826979842	1.0216901806504475
2008	01	02	8.7568908639	0.33474396990477645	0.7409604440192877
2008	01	03	34.9607588816	1.3068771427789219	0.7960172477255367
2008	01	04	3.77097227203	0.9308633683653371	0.9952807222318827
2008	01	05	1.08692626948	0.5135797894429448	1.0755235930121492
2008	01	06	0.30835729658600003	0.4952376541056967	0.8428518294950499
2008	01	07	0.033232470026500004	0.39894144358514455	0.9915836309324353
2008	01	08	1.03720325098	0.42645464659101656	0.9078058245783699
2008	01	09	7.04927666131	0.4402112480939526	0.9077503566470247
2008	01	10	1.52128143077	0.3026452330645924	1.0666718756995235
2008	01	11	6.57424774331	0.3714282405792725	0.950179931082347
2008	01	12	0.08688062709399999	0.33932950373908843	0.9354510934093005
2008	01	13	10.2411950859	0.4356257142596406	0.9122950376475029
2008	01	14	2.53068607485	0.5135797894429448	0.9246638580848289
2008	01	15	3.44220415979	0.4585533834312006	1.0531527057400394
2008	01	16	0.6886197312679999	0.5823627969576248	1.0032683945434877
2008	01	17	0.517727692322	0.4447967819282646	1.1782765433373417
2008	01	18	0.0323312771686	0.3668427067449605	1.1259160349730195
2008	01	19	0.000906972943498	0.3209873684018404	1.5376570947340056
2008	01	20	0.00045978475246	0.2843030977273444	1.4176772447485229
2008	01	21	0.00333723020808	0.26137542855578433	1.4766149688036463
2008	01	22	0.0626445965379	0.3164018345675284	1.3645202756368973
2008	01	23	0.0014221321151300001	0.23844775938422433	1.6106183602636597
2008	01	24	5.5968390242e-05	0.20634902254404028	1.537658033049337
2008	01	25	0.00226274816615	0.20634902254404028	1.2795186777277487
2008	01	26	0.007620388245879999	0.20176348870972827	1.290617097845596
2008	01	27	0.00227373013224	0.20176348870972827	1.4146148183199803
2008	01	28	0.0036247408425299998	0.20176348870972827	1.567542537549361
2008	01	29	0.00335467505704	0.26137542855578433	1.430009711158939
2008	01	30	0.000783444819168	0.20176348870972827	1.3194946212091938
2008	01	31	0.00045978475246	0.20176348870972827	1.3847783372552265
2008	02	01	0.75342361289	0.20176348870972827	1.2715803248593571
2008	02	02	1.64544653386	0.2843030977273444	1.2085468890839626
2008	02	03	9.662099181800002	0.3118163007332165	1.3070893191744202
2008	02	04	0.498639791099	0.3209873684018404	1.178176727561972
2008	02	05	0.33256845982100003	0.2246911578812883	1.3925213714049685
2008	02	06	0.0009006744408799999	0.2109345563783523	1.6185649542117975
2008	02	07	0.0009006744408799999	0.20176348870972827	1.728894095460316
2008	02	08	0.0018282823683700002	0.19259242104110427	1.7785378969565528
2008	02	09	0.0	0.19259242104110427	1.7559616564706564
2008	02	10	0.000913271308745	0.19717795487541626	1.673596078118191
2008	02	11	0.00045978475246	0.18800688720679226	1.6985245908071804
2008	02	12	0.00408137768569	0.2567898947214724	1.623000109255899
2008	02	13	0.0013541599933	0.18342135337248025	1.4762551336207805
2008	02	14	0.000459784773594	0.18342135337248025	1.7293800887757094
2008	02	15	0.0018398785941700002	0.18342135337248025	1.7519616764261434
2008	02	16	0.00045978475246	0.18342135337248025	1.8608344776756576
2008	02	17	11.800352765800001	0.18800688720679226	0.9341547207266713
2008	02	18	8.24735625276	0.26137542855578433	1.276055682662662
2008	02	19	5.6825056931999995	0.26596096239009637	1.4968517051372907
2008	02	20	1.07523673707	0.27054649622440835	1.5957403695521775
2008	02	21	3.16224079375	0.24303329321853634	1.9296190136347369
2008	02	22	0.00181864663808	0.2292766917156003	1.956344429321594
2008	02	23	5.6439110994099995	0.23386222554991232	1.576698217469428
2008	02	24	4.3457117190400005	0.3209873684018404	1.5794895733304721
2008	02	25	0.098062330618	0.5089942556086328	1.867424486202997
2008	02	26	0.00198785463537	0.4310401804253286	1.9867936407045852
2008	02	27	1.1478245244999998	0.33474396990477645	1.9687647716722774
2008	02	28	0.719276415792	0.3026452330645924	1.7129867215985848
2008	02	29	0.041645457875400006	0.26137542855578433	1.8168481342198688
2008	03	01	0.00452895956088	0.24303329321853634	2.1061041710342345
2008	03	02	0.0469217786556	0.24303329321853634	1.8523201292883895
2008	03	03	0.0053152616545799995	0.2246911578812883	1.966594885035491
2008	03	04	0.0	0.20634902254404028	1.958663442599695
2008	03	05	0.00090697279556	0.19717795487541626	2.036679331267434
2008	03	06	0.0018344111226999999	0.20176348870972827	2.1634525938974227
2008	03	07	0.0022674316718899997	0.20176348870972827	2.3069371333615383
2008	03	08	0.481347202042	0.20176348870972827	1.6960431393859179
2008	03	09	0.98031168535	0.20634902254404028	1.5632795796310588
2008	03	10	4.53628671868	0.2292766917156003	1.8897045598968367
2008	03	11	0.6366565721699999	0.2246911578812883	2.079391912288952
2008	03	12	0.0939520793445	0.19717795487541626	1.9816458293036618
2008	03	13	0.0	0.18800688720679226	2.844017575112826
2008	03	14	0.000211752704752	0.20176348870972827	2.9717982521514923
2008	03	15	0.8492856405000001	0.20634902254404028	1.775154002444322
2008	03	16	0.16137226034700003	0.20176348870972827	1.903697058998357
2008	03	17	2.42485355439	0.2155200902126643	2.249410846431227
2008	03	18	4.4377447942	0.2201056240469763	2.036567072890815
2008	03	19	10.070498937999998	0.3668427067449605	1.6856543379936229
2008	03	20	1.4634992783799998	0.5135797894429448	2.532160012350223
2008	03	21	0.004474259062700001	0.34850057140771246	2.574943720633719
2008	03	22	3.8241677124000004	0.33474396990477645	1.8244724819299916
2008	03	23	0.0159642600952	0.2888886315616564	1.90014912113533
2008	03	24	0.366261286486	0.25220436088716036	2.0732011542398694
2008	03	25	0.275622495275	0.24303329321853634	1.921667617884978
2008	03	26	0.435440054046	0.23386222554991232	1.922794144316016
2008	03	27	2.75162947012	0.2843030977273444	2.1197335240162163
2008	03	28	0.0343604137972	0.23386222554991232	2.3687798709104086
2008	03	29	0.00408554953729	0.20634902254404028	2.7214427660002993
2008	03	30	1.3720391459599999	0.2246911578812883	1.9965115093371766
2008	03	31	0.19386805725200001	0.19717795487541626	2.4019778642047713
2008	04	01	0.0009006744408799999	0.19259242104110427	3.403344112199458
2008	04	02	0.00045978475246	0.19259242104110427	3.7104213533485573
2008	04	03	0.0	0.18800688720679226	4.562546069988911
2008	04	04	0.0008934414350500001	0.18342135337248025	4.680914973671205
2008	04	05	0.0009195696634249999	0.18800688720679226	4.356356776526261
2008	04	06	0.58293024572	0.20176348870972827	4.020637405468684
2008	04	07	18.284359068799997	0.3576716390763365	2.093995678342864
2008	04	08	11.7889721068	0.5273363909458806	2.0234714110515863
2008	04	09	31.990434356799998	0.6970011428154249	2.0154651141849906
2008	04	10	12.8310558324	1.3022916089446097	1.9635217335800539
2008	04	11	0.41274723133999996	0.9354489021996493	2.01064466633262
2008	04	12	0.723911408435	0.6190470676321209	2.4919044456033834
2008	04	13	2.04426107003	0.5089942556086328	2.594273131851086
2008	04	14	0.000906972943498	0.4172835789223926	3.271338788355315
2008	04	15	0.053293850841	0.4081125112537686	3.527813071255849
2008	04	16	6.48711120461	0.3714282405792725	3.337788071981401
2008	04	17	27.575655880399996	0.9354489021996493	1.8361304450409157
2008	04	18	15.087372393999999	3.2007026163497803	2.130231031451199
2008	04	19	20.123987119400002	3.0539655336517963	2.1596510703999137
2008	04	20	16.2979870892	2.4440895336882993	2.296333567570613
2008	04	21	2.87876559093	2.242326044978571	2.381908854283598
2008	04	22	0.19226888974	1.6324500450150743	3.1511689531117755
2008	04	23	1.6781654529699999	1.1922387969211217	3.0249146523670087
2008	04	24	0.0028144577876900003	0.8666658946849691	4.153589053957589
2008	04	25	0.0009006744408799999	0.701586676649737	5.039915739025222
2008	04	26	0.0013551998917700001	0.5777772631233128	4.983557733872773
2008	04	27	0.0022685218692800003	0.5227508571115687	3.8342539416467605
2008	04	28	0.28125095498999997	0.5135797894429448	2.5067266153947463
2008	04	29	1.24558322294	0.4998231879400087	2.51226685479085
2008	04	30	0.254173662077	0.4723099849341366	2.741992173714232
2008	05	01	0.0169757343919	0.39894144358514455	3.343716369326682
2008	05	02	0.0	0.3576716390763365	4.969483192232861
2008	05	03	0.00180764723644	0.3576716390763365	4.599240214687414
2008	05	04	1.1708045794	0.38977037591652053	3.5702998250032434
2008	05	05	0.000242065084715	0.3439150375734005	3.85703507929771
2008	05	06	0.10784193061300001	0.3209873684018404	3.8826784114802124
2008	05	07	0.585734790922	0.3209873684018404	3.5113364705070333
2008	05	08	1.43649784596	0.33932950373908843	2.7862986535446543
2008	05	09	5.0747077037	0.3714282405792725	2.5723358313550344
2008	05	10	1.4755003259500001	0.4081125112537686	2.931835088261537
2008	05	11	0.593734083891	0.3209873684018404	2.859294330956144
2008	05	12	1.23263125104	0.3026452330645924	2.728483903710323
2008	05	13	1.29561743959	0.3118163007332165	3.0530613947888376
2008	05	14	1.11905628968	0.3530861052420245	3.1703064787779436
2008	05	15	7.9083903515	0.30723076689890444	3.2473392528908924
2008	05	16	0.162452577592	0.2797175638930324	3.595955239978266
2008	05	17	0.1352487723282	0.24761882705284835	3.2184712056468014
2008	05	18	6.89678111421	0.26137542855578433	2.815774141222054
2008	05	19	2.21811516588	0.3118163007332165	3.011733441012921
2008	05	20	6.444811714949999	0.3164018345675284	3.492231023789517
2008	05	21	1.40123629531	0.25220436088716036	3.2624028339396767
2008	05	22	13.7710369772	0.26137542855578433	3.335035067186796
2008	05	23	11.677844251299998	0.38518484208220855	2.8750380791909564
2008	05	24	14.300339063900001	0.4310401804253286	2.740064755103294
2008	05	25	4.3763869803499995	0.4402112480939526	3.2253680029164373
2008	05	26	6.8734182169	0.4172835789223926	2.908586982547752
2008	05	27	6.048184125100001	0.788711819501665	2.8481064038890445
2008	05	28	2.01519273241	0.5777772631233128	3.4643593720795427
2008	05	29	4.17870282012	0.4998231879400087	2.825916414568973
2008	05	30	1.8693754236399998	0.4952376541056967	3.1237588404506624
2008	05	31	0.171508412056	0.4447967819282646	3.32563141939557
2008	06	01	0.6611406281800001	0.3668427067449605	3.061222290324877
2008	06	02	0.43163289075	0.3209873684018404	3.5995527329557873
2008	06	03	0.0019270974498	0.30723076689890444	3.9710816222386653
2008	06	04	0.208800464591	0.32557290223615243	3.273859648418939
2008	06	05	0.42236967891099997	0.2751320300587204	3.6053368503633756
2008	06	06	0.022140348244999997	0.24303329321853634	4.539156980192092
2008	06	07	0.00045033722043999995	0.2155200902126643	4.85404948889868
2008	06	08	0.0	0.2109345563783523	4.561310653411011
2008	06	09	0.0	0.2201056240469763	4.800022670589505
2008	06	10	0.014622605089700001	0.24303329321853634	4.706925266927815
2008	06	11	0.00193068019115	0.16507921803523223	5.540333306745813
2008	06	12	0.0022705809549	0.15590815036660824	5.386882399718189
2008	06	13	0.00271220568384	0.1513226165322962	5.544589827820382
2008	06	14	0.0	0.15590815036660824	5.309703289598002
2008	06	15	0.995298079492	0.18800688720679226	4.112517535193999
2008	06	16	5.91660415811	0.2109345563783523	3.0333758537630406
2008	06	17	0.00184730634981	0.19717795487541626	4.021768824246794
2008	06	18	0.00126693564283	0.1467370826979842	4.324235230481944
2008	06	19	0.000906972943498	0.1467370826979842	5.35853996050982
2008	06	20	0.0	0.13298048119504818	5.046751924599994
2008	06	21	0.00470872864065	0.1375660150293602	4.874032894894549
2008	06	22	0.00219187561416	0.1283949473607362	5.028368653678474
2008	06	23	0.057247733761899997	0.11922387969211216	3.8674721195256128
2008	06	24	0.064531707403	0.10546727818917614	3.9013287436244597
2008	06	25	0.0018139452741099999	0.07795407518330412	5.2641181714542515
2008	06	26	0.000920529358365	0.08712514285192811	4.940409544936411
2008	06	27	0.0017530266247799998	0.0641974736803681	5.770675212976733
2008	06	28	0.0009006744408799999	0.05044087217743207	6.003817004707615
2008	06	29	0.0019913568561800003	0.05044087217743207	5.116637820570142
2008	06	30	0.00183155517961	0.05044087217743207	5.140316117477698
2008	07	01	0.016123213136	0.04585533834312006	4.527797990193674
2008	07	02	0.25203296751599996	0.05961193984605608	3.583339965568627
2008	07	03	0.0148627845461	0.05502640601174408	4.046460496171732
2008	07	04	0.0160183515115	0.04585533834312006	5.168026640909115
2008	07	05	0.045054889858400005	0.04126980450880806	4.3492743367257525
2008	07	06	0.00112269915726	0.04585533834312006	3.4985734440837306
2008	07	07	0.0041400112212700005	0.05044087217743207	3.979081774381356
2008	07	08	0.00090153670808	0.04126980450880806	4.760120205662941
2008	07	09	0.00275647528498	0.04126980450880806	4.629796367912248
2008	07	10	0.044401567119499996	0.04126980450880806	4.761828986921218
2008	07	11	1.23445754565	0.04585533834312006	3.5638980310246517
2008	07	12	0.049931146132	0.05044087217743207	4.020164036834967
2008	07	13	0.000894691342078	0.04126980450880806	4.479359872643864
2008	07	14	0.00090382361822	0.04126980450880806	5.960363877138728
2008	07	15	0.00181282939891	0.04126980450880806	6.53067889885794
2008	07	16	0.0022657273204600005	0.04126980450880806	6.391627586458918
2008	07	17	0.00142272619187	0.04126980450880806	5.513593927361433
2008	07	18	0.00363691466055	0.04126980450880806	6.306782390924512
2008	07	19	0.00181769655911	0.04126980450880806	5.906737093772074
2008	07	20	0.012390116056399999	0.04126980450880806	5.202776497758443
2008	07	21	0.000491848369632	0.04126980450880806	5.438886312617607
2008	07	22	0.0009418687914120001	0.04126980450880806	5.797748102127093
2008	07	23	0.0173173295741	0.04126980450880806	3.834110187713369
2008	07	24	0.042756483879100006	0.04126980450880806	4.089533467418111
2008	07	25	1.8876027589500002	0.04126980450880806	3.9066161152505967
2008	07	26	0.14472552633	0.04126980450880806	3.996667120766226
2008	07	27	0.267597746403	0.04126980450880806	4.671520880877833
2008	07	28	0.28770889250399995	0.04126980450880806	3.9091406455417927
2008	07	29	0.0005379471607400001	0.04126980450880806	3.978346469897947
2008	07	30	0.009298200232700001	0.04126980450880806	4.881016412349107
2008	07	31	0.36626009241499996	0.04126980450880806	4.433206515996399
2008	08	01	0.0191762582502	0.04126980450880806	3.8063246279192096
2008	08	02	0.0004776611577	0.04126980450880806	4.888925203423566
2008	08	03	0.0009739980507879999	0.04126980450880806	5.039889870717632
2008	08	04	0.00100755795516	0.04126980450880806	5.214109537474098
2008	08	05	0.07062771459999999	0.04126980450880806	4.449429916194093
2008	08	06	0.019419494739699998	0.04126980450880806	4.248792739957337
2008	08	07	0.1087995480808	0.04126980450880806	3.412661617193098
2008	08	08	0.00342609455695	0.04126980450880806	4.1231187727445375
2008	08	09	0.0	0.04126980450880806	4.558730021563121
2008	08	10	0.0193168638089	0.04126980450880806	4.401978965580112
2008	08	11	1.91284858999	0.04126980450880806	3.442575984475003
2008	08	12	0.54788574125	0.04126980450880806	3.1293451428568413
2008	08	13	0.0009125893145649999	0.04126980450880806	3.694311308548976
2008	08	14	0.0	0.04126980450880806	3.4046415512104367
2008	08	15	0.00180134856475	0.04126980450880806	4.286033168121569
2008	08	16	1.1628618938500002	0.04126980450880806	3.7876162767069137
2008	08	17	0.0701496688035	0.04126980450880806	3.661848902624862
2008	08	18	0.0446209940446	0.04126980450880806	3.8837474388805258
2008	08	19	0.037273444048	0.04126980450880806	3.5190349403580536
2008	08	20	0.00089437619187	0.04126980450880806	3.8136625622544478
2008	08	21	0.00326497940228	0.04126980450880806	4.120765277504216
2008	08	22	0.009115680140149999	0.04126980450880806	3.2861627994099902
2008	08	23	0.0018139452741099999	0.04126980450880806	4.217198762962231
2008	08	24	0.0079908235185	0.04126980450880806	3.9984993917819636
2008	08	25	0.12594956294700002	0.04126980450880806	3.526336660359723
2008	08	26	0.00414871060969	0.04126980450880806	3.762179920601681
2008	08	27	0.0312348177744	0.04126980450880806	4.185320161476987
2008	08	28	0.00090774069945	0.04126980450880806	4.644637662822371
2008	08	29	1.54470022751	0.04126980450880806	3.827524618514213
2008	08	30	0.6033625440850001	0.04126980450880806	3.4935917463374992
2008	08	31	0.078277408941	0.04126980450880806	3.157880126466521
2008	09	01	0.0042924971524	0.04126980450880806	3.8739857507568276
2008	09	02	0.005793669687840001	0.04126980450880806	3.496071180885459
2008	09	03	0.872131642438	0.04126980450880806	3.623280813915987
2008	09	04	0.9777695293249999	0.04126980450880806	2.963237157449798
2008	09	05	12.1123413274	0.10088174435486413	2.634866597829351
2008	09	06	0.6141784497700001	0.1604936842009202	2.793101318692317
2008	09	07	0.000461630522051	0.0641974736803681	3.397958322979691
2008	09	08	0.00337999464574	0.05502640601174408	4.202206088388809
2008	09	09	0.8034489532600001	0.09629621052055214	3.7671579540123865
2008	09	10	0.0034270492854	0.04585533834312006	3.3954821168674227
2008	09	11	0.263203945535	0.04126980450880806	2.481296426108534
2008	09	12	0.0	0.04126980450880806	2.9393830598815707
2008	09	13	0.0013478620613	0.04126980450880806	3.5678054207400027
2008	09	14	0.0017889585459100001	0.04126980450880806	4.062299787646947
2008	09	15	0.00045978475246	0.04126980450880806	3.2802764504717996
2008	09	16	0.021796413529	0.04126980450880806	2.690822883693439
2008	09	17	0.256739826326	0.04126980450880806	3.487679861103813
2008	09	18	0.31280993451000005	0.04126980450880806	3.3549310179467726
2008	09	19	0.00020479511721	0.04126980450880806	3.9723917077320863
2008	09	20	4.56553945045	0.08253960901761612	3.673630460157636
2008	09	21	9.610356809599999	0.04585533834312006	2.712044460707422
2008	09	22	0.46972414662900003	0.04126980450880806	2.6717946263040724
2008	09	23	0.27120152664999997	0.04126980450880806	2.9279498118742473
2008	09	24	0.10715691427099999	0.04585533834312006	2.8526728291897974
2008	09	25	0.0013478495922399998	0.04126980450880806	3.179555901382441
2008	09	26	0.0009006744408799999	0.04126980450880806	3.397473317289626
2008	09	27	0.011952682410999999	0.04126980450880806	3.290836736971171
2008	09	28	0.06136702827399999	0.04126980450880806	2.9622965022113483
2008	09	29	1.28149094564	0.04126980450880806	2.9118710558096907
2008	09	30	0.0	0.04126980450880806	3.1825432501343776
2008	10	01	0.000906972943498	0.04126980450880806	2.351513961831896
2008	10	02	0.00046456705965000004	0.04126980450880806	2.226386888385956
2008	10	03	0.00182614202252	0.04126980450880806	2.2303341030861503
2008	10	04	0.0	0.04126980450880806	3.007310822178443
2008	10	05	0.0	0.04126980450880806	2.9934839087362013
2008	10	06	0.0023302760513000003	0.04126980450880806	3.0509406879356242
2008	10	07	8.788553822699999	0.05961193984605608	1.8409495328379468
2008	10	08	0.17505619776999998	0.08253960901761612	2.1725021764838917
2008	10	09	0.000906972943498	0.04585533834312006	2.5784538707556917
2008	10	10	0.0018202439458000002	0.04585533834312006	3.2906636710018016
2008	10	11	7.7192347112999995	0.04126980450880806	2.3950906173021966
2008	10	12	2.85808893069	0.05044087217743207	2.0102904797052705
2008	10	13	0.085561242041	0.0641974736803681	2.21296358957512
2008	10	14	0.0006267279669080001	0.1513226165322962	2.2825558525835397
2008	10	15	0.037357931439800006	0.0641974736803681	2.248073826991322
2008	10	16	0.194360014504	0.05044087217743207	2.1003171010126827
2008	10	17	0.35194569607099996	0.05502640601174408	1.8104740363542922
2008	10	18	0.010250671571500001	0.05502640601174408	1.9569191463111766
2008	10	19	0.306636291564	0.05502640601174408	2.5147382309881934
2008	10	20	0.109435476481	0.0687830075146801	2.353068722079158
2008	10	21	3.4624930111300003	0.0641974736803681	2.103494933491344
2008	10	22	0.0066197647788	0.0641974736803681	1.7870200986029896
2008	10	23	0.0018265418778	0.0687830075146801	2.1219138699606774
2008	10	24	0.0027125816577	0.05044087217743207	2.1886872896456233
2008	10	25	0.0013613018059199999	0.04585533834312006	2.547042082991268
2008	10	26	0.0	0.05044087217743207	2.5680011043476885
2008	10	27	1.57565075917	0.0641974736803681	1.770146468955173
2008	10	28	0.5754177850079999	0.08253960901761612	1.1757994547297492
2008	10	29	0.022099740320699997	0.08253960901761612	1.3043367805355428
2008	10	30	10.017578345299999	0.16507921803523223	1.5223172548945818
2008	10	31	8.10142482039	0.40352697741945653	1.234791621572741
2008	11	01	1.4763051086699999	0.1604936842009202	1.3796878128005756
2008	11	02	0.0434393773108	0.11922387969211216	1.542526636028557
2008	11	03	1.41864669585	0.11005281202348816	1.2739666738289517
2008	11	04	3.22698585945	0.11005281202348816	1.2220413572734978
2008	11	05	0.851094129715	0.11922387969211216	1.3420944925492928
2008	11	06	0.476242453414	0.19717795487541626	1.3214596840748465
2008	11	07	3.95169935602	0.17883581953816824	1.2001636167623921
2008	11	08	0.0060935831272	0.1375660150293602	1.5527143050127399
2008	11	09	0.00574478283605	0.10546727818917614	1.6938166165711275
2008	11	10	0.00095722701715	0.10546727818917614	1.6560497344819407
2008	11	11	1.9395723216499998	0.13298048119504818	1.3586824702337725
2008	11	12	0.006188297261599999	0.1467370826979842	1.1562190982932405
2008	11	13	0.000485858317744	0.11922387969211216	1.3092533579670287
2008	11	14	0.00045978475246	0.12380941352642418	1.6327696596446146
2008	11	15	0.00090812047743	0.11922387969211216	1.4999970574206707
2008	11	16	0.0027234292115500005	0.11005281202348816	1.7198087080353017
2008	11	17	0.0	0.11005281202348816	1.692860384829694
2008	11	18	0.00121677483352	0.11005281202348816	1.314069284553099
2008	11	19	0.00045978475246	0.11005281202348816	1.4436415959123283
2008	11	20	0.0027146200320000004	0.11005281202348816	1.4097410781978992
2008	11	21	0.00179437212568	0.10546727818917614	1.519489307151636
2008	11	22	0.0009043056319250001	0.11005281202348816	1.3982222699566225
2008	11	23	0.00180764734211	0.11005281202348816	1.3102918144872076
2008	11	24	1.48442014199	0.11922387969211216	0.947318861607142
2008	11	25	0.117537533525	0.1513226165322962	0.974969429974882
2008	11	26	0.00137305558569	0.11922387969211216	1.0517290522857061
2008	11	27	0.0022772920566	0.11922387969211216	1.1545259192212627
2008	11	28	14.005491232999999	0.1513226165322962	1.0566525255377877
2008	11	29	17.027756789599998	0.5594351277860647	0.5584261671209249
2008	11	30	6.69129945901	0.4585533834312006	0.7526367335868425
2008	12	01	3.84552013229	0.692415608981113	0.6151925468009481
2008	12	02	0.009129050036900002	0.4081125112537686	0.8853845646216056
2008	12	03	8.27313751369	0.729099879655609	0.9788987106884017
2008	12	04	2.53471960442	0.6740734736438649	0.9698659572496948
2008	12	05	1.76940019128	0.6144615337978089	0.7982059087773958
2008	12	06	5.70633269315	0.738270947324233	0.8351290759315931
2008	12	07	7.631689229699999	1.0959425864005694	0.9204712640394926
2008	12	08	0.25424793752	0.774955217998729	0.8366074676517136
2008	12	09	0.117149629522	0.5731917292890008	0.760302216238284
2008	12	10	0.0	0.4860665864370727	0.7815176265401916
2008	12	11	2.57465958865	0.5181653232772566	0.9202008797942185
2008	12	12	3.1790798365999997	0.6694879398095529	0.7688812744789252
2008	12	13	16.074594369	1.6278645111807621	0.8778484011185425
2008	12	14	8.6879253384	2.0726612931090265	0.563948896181198
2008	12	15	0.0329801321799	1.1234557894064416	0.7902456652042229
2008	12	16	0.0050060750387	0.8712514285192812	0.8455474967410498
2008	12	17	0.494154427176	0.706172210484049	0.7964616333450595
2008	12	18	0.00347708381906	0.5548495939517527	0.9647480232502538
2008	12	19	0.0013577073352	0.49065212027138466	1.1985041772450218
2008	12	20	0.0018202439458000002	0.4447967819282646	1.2320447284297251
2008	12	21	0.00271776942068	0.38977037591652053	1.279267140446102
2008	12	22	0.00045978475246	0.3530861052420245	1.2710780703632918
2008	12	23	0.001360458982	0.4081125112537686	1.1430664506664818
2008	12	24	0.0	0.38977037591652053	1.1621550193020016
2008	12	25	0.0009006744408799999	0.2888886315616564	1.1088739252015454
2008	12	26	0.0578528012386	0.26596096239009637	1.0324879764673494
2008	12	27	19.7769203446	0.2888886315616564	0.7606944203333921
2008	12	28	0.20212966542900002	0.34850057140771246	0.6559792238542494
2008	12	29	4.2683951991099995	0.5273363909458806	0.8750088936756214
2008	12	30	5.904333440699999	0.5273363909458806	0.944584932390256
2008	12	31	13.2902141731	0.701586676649737	0.7003231281774981
2009	01	01	2.959203814	1.0592583157260735	0.7936322749025457
2009	01	02	14.5343304851	1.0088174435486414	0.43806226495553735
2009	01	03	3.73825113385	2.324865653996187	0.7349592885392605
2009	01	04	0.14283044055000002	1.8387990675591146	0.8914624527578766
2009	01	05	0.327865394564	1.1830677292524976	0.66205513570105
2009	01	06	0.0079973327905	0.8758369623535932	0.8647483509524262
2009	01	07	0.0017111345986400002	0.7107577443183609	0.7324870588789643
2009	01	08	0.000459784773594	0.6282181353007449	0.7810961878836682
2009	01	10	0.855646181975	0.5410929924488167	0.8940116138881531
2009	01	11	0.0	0.47689551876844866	1.1123242671902074
2009	01	12	0.42445002533500004	0.3668427067449605	1.0970729222211668
2009	01	13	8.742153069	0.45396784959688863	0.9520481780100513
2009	01	14	0.0592052472645	0.3714282405792725	0.8646549901112005
2009	01	15	16.8407103226	0.5502640601174408	0.5915675094783943
2009	01	16	0.10392089732500001	0.715343278152673	1.0473205129143082
2009	01	17	0.007977906417700001	0.6649024059752409	1.1894756987859296
2009	01	18	1.3899206233599999	0.5961193984605608	1.0739774616665234
2009	01	19	10.980647328399998	1.1647255939152497	1.1089992537115414
2009	01	20	13.032755558300002	2.242326044978571	0.6868713157959073
2009	01	21	1.6896580165	1.7333317893699383	1.0562234083759607
2009	01	22	11.0448207194	2.5908266163862836	1.0786375384459135
2009	01	23	5.5228351531	3.650084932112357	0.5876838412717882
2009	01	24	1.2151633660200003	2.7925901050960116	0.8923533491089233
2009	01	25	11.649292217299998	2.4716027366941713	0.7677773386156405
2009	01	26	5.113023011679999	2.315694586327563	0.8944107794393861
2009	01	27	0.9205122926600001	1.8158713983875545	0.984631722729305
2009	01	28	5.9538187016999995	2.6229253532264676	0.7498087065880983
2009	01	29	1.8942203427	3.604229593769237	0.9781331482577758
2009	02	03	7.5274309809	2.8934718494508758	0.9149626716734478
2009	02	04	8.8825578547	3.1915315486811564	0.9379041276493651
2009	02	05	7.69610809211	3.2465579546929004	1.0529511194143037
2009	02	06	8.0836165723	3.9114603606681415	0.803929297260287
2009	02	07	0.7413004108	2.934741653959684	1.1608586569120583
2009	02	08	1.22110223136	2.2835958494873796	1.397435038165188
2009	02	09	8.221506412	2.0864178946119627	1.2293242656482277
2009	02	10	0.254894342044	2.4670172028598594	1.1629009514586148
2009	02	11	0.0013478620613	2.0130493532629705	1.4699493054076633
2009	02	12	0.00045978475246	1.7333317893699383	1.816010315452779
2009	02	13	0.00318070271646	1.536153834494522	1.886319838425613
2009	02	14	0.00135558918005	1.384831217962226	1.8946450724873993
2009	02	15	0.00136675786503	1.2747784059387375	1.9809009013420116
2009	02	16	0.0	1.1784821954181857	1.8705294058542896
2009	02	17	0.0018206159042	1.1326268570750657	1.966118736857126
2009	02	18	0.00045978475246	1.0821859848976334	1.715259314707689
2009	02	19	0.00011127939684700001	1.0317451127202013	1.7426232598046436
2009	02	20	0.0075829468288	0.9446199698682732	1.9075717740537208
2009	02	21	0.00091956982193	0.8758369623535932	2.078585175328843
2009	02	22	0.0	0.8345671578447852	2.066520744972401
2009	02	23	0.00090067454655	0.7932973533359771	2.1975811194800263
2009	02	24	0.00136750548028	0.7703696841644171	1.968653488727652
2009	02	25	0.00298883442169	0.761198616495793	2.4189988353899214
2009	02	26	0.0022611337398899998	0.774955217998729	2.1676333185446994
2009	02	27	0.0013554123941400002	0.747442014992857	2.069953264375187
2009	02	28	4.1781157176	0.706172210484049	1.4620076486527696
2009	03	01	8.7675445133	0.6970011428154249	1.6429008615830893
2009	03	02	6.4934922989	0.701586676649737	1.7384760406811837
2009	03	03	0.0549834053009	0.6603168721409289	1.7673418576533746
2009	03	04	6.76129854278	0.8666658946849691	0.9431092522151331
2009	03	05	3.39165226581	0.9858897743770814	0.9934512567932149
2009	03	06	3.7622091646	0.9308633683653371	1.2867253370284297
2009	03	07	0.187964284919	0.8758369623535932	1.7064370411737553
2009	03	08	0.031698210312	0.8299816240104732	1.7584918483109788
2009	03	09	0.0018174165336100002	0.7932973533359771	2.825729891876553
2009	03	10	0.0	0.7703696841644171	2.944898567059738
2009	03	11	0.0	0.706172210484049	3.081147309664702
2009	03	12	0.0009006744408799999	0.6190470676321209	3.3910908141240483
2009	03	13	0.00136360837068	0.5869483307919368	2.9632241388397746
2009	03	14	0.0013544341012799999	0.5594351277860647	2.7169194428244348
2009	03	15	0.0009006744408799999	0.5594351277860647	3.226208168931777
2009	03	16	0.00090067454655	0.5319219247801927	3.553580808713904
2009	03	17	0.0022777506643999997	0.5089942556086328	2.9971886478242498
2009	03	18	0.00090067454655	0.48148105260276064	2.9995065924618705
2009	03	19	0.0013588846046699997	0.5273363909458806	3.241121658223529
2009	03	20	0.000459784773594	0.5319219247801927	2.9506219917545673
2009	03	21	0.00248491627672	0.48148105260276064	2.4946253557116695
2009	03	22	3.8320606273799998	0.46313891726551265	3.129342912094998
2009	03	23	0.0027166267053	0.45396784959688863	3.130194000563413
2009	03	24	0.089605085003	0.42645464659101656	3.402081723830242
2009	03	25	0.0	0.41269804508808056	3.719384296180425
2009	03	26	0.0	0.39894144358514455	3.81104031222634
2009	03	27	0.01442622003645	0.4081125112537686	3.1768823352318005
2009	03	28	0.025962197557599997	0.40352697741945653	1.9537646071592556
2009	03	29	0.0093031698928	0.39894144358514455	2.3132591664341775
2009	03	30	0.0	0.4310401804253286	2.538432266408047
2009	03	31	0.0022478478507900004	0.4723099849341366	2.767458807574023
2009	04	01	0.0	0.3943559097508325	2.9939193113458655
2009	04	02	0.00272505726924	0.47689551876844866	2.7525310925370117
2009	04	03	0.00287723189655	0.3805993082478965	2.5819031214803156
2009	04	04	0.041626107584999995	0.33932950373908843	2.8492749249424536
2009	04	05	0.12273280435850001	0.3668427067449605	2.7145760225989273
2009	04	06	1.5374557036499998	0.3805993082478965	2.6638370919781473
2009	04	07	0.9049207898300001	0.3714282405792725	2.2388684444956546
2009	04	08	0.00045978475246	0.3530861052420245	2.969430119897661
2009	04	09	5.14605006451	0.3714282405792725	3.1574582672594382
2009	04	10	2.47441289006	0.4172835789223926	1.9703699100717704
2009	04	11	1.27095469561	0.38977037591652053	2.2263892032286887
2009	04	12	0.44640985751900003	0.3622571729106485	2.3407844728655185
2009	04	13	2.3648716696100003	0.3760137744135845	2.871747907610576
2009	04	14	12.3525207838	0.48148105260276064	2.2755301944233253
