date,observed,split,p_0.01,p_0.05,p_0.1,p_0.25,p_0.4,p_0.5,p_0.6,p_0.75,p_0.9,p_0.95,p_0.99
1980-01-17,20.275634,Training,,,,,,,,,,,
1980-01-18,18.585998,Training,,,,,,,,,,,
1980-01-19,18.585998,Training,1.609444,3.376139,4.792659,8.463588,13.252048,15.514482,19.098051,25.120621,34.884274,44.186146,60.991085
1980-01-20,16.896361,Training,0.654412,1.889679,2.928721,5.579253,9.541195,11.389630,14.585220,21.009293,31.012293,40.550140,57.578949
1980-01-21,15.206725,Training,0.541266,1.750448,2.754484,5.651000,9.679990,11.668733,14.967463,22.119900,33.663647,44.246204,65.296341
1980-01-22,18.585998,Training,0.514877,1.909431,2.978503,6.538071,11.675117,13.961063,18.000652,27.196287,42.842049,55.759510,88.120392
1980-01-23,21.965270,Training,0.977171,2.844333,4.368366,9.189845,15.843570,18.939390,24.809708,35.869686,51.734013,66.293655,101.162155
1980-01-24,21.965270,Training,1.213932,3.211123,4.796676,10.134204,16.802402,20.088724,26.057076,36.796795,52.624050,66.105110,100.867302
1980-01-25,23.654906,Training,1.473084,3.559288,5.379022,10.197114,16.063046,19.256639,24.293976,33.591835,44.558502,55.142170,73.241127
1980-01-26,23.654906,Training,3.483577,7.037127,9.445269,16.192490,21.534796,24.793936,29.186192,36.402889,46.703304,54.126019,68.699455
1980-01-27,23.654906,Training,5.566828,10.698064,13.603643,21.093300,25.341928,28.254175,31.768353,37.432285,46.432911,51.738346,63.838894
1980-01-28,23.654906,Training,5.371326,9.907799,12.642074,19.357292,22.939865,25.256495,28.270878,32.843952,40.406151,45.007656,55.588181
1980-01-29,23.654906,Training,5.234822,9.365917,12.012979,18.314116,21.357607,23.484474,26.241846,30.139174,36.850834,41.040173,50.482502
1980-01-30,21.965270,Training,5.022035,8.668740,11.255136,17.749519,20.198334,22.674595,25.789076,29.241161,36.198071,40.985550,51.336460
1980-01-31,27.034178,Training,4.502013,7.887453,10.279028,16.937195,20.139061,22.889801,26.816374,30.639938,40.043694,46.747295,64.350739
1980-02-01,23.654906,Training,5.660139,10.419779,13.454356,19.998243,24.270470,26.792482,29.532045,34.611252,42.444706,48.169380,60.046959
1980-02-02,21.965270,Training,5.937321,10.764127,13.782448,20.319227,24.080589,26.494913,29.158003,33.642532,41.150085,46.302437,57.368942
1980-02-03,21.965270,Training,6.943170,12.316901,15.484812,21.858747,24.782177,26.986858,29.363523,33.173008,39.645233,43.719616,52.884071
1980-02-04,20.275634,Training,5.879008,10.105410,12.924519,18.681511,21.400049,23.356575,25.672649,29.070089,35.033463,38.846638,47.090275
1980-02-05,20.275634,Training,5.992430,10.198054,13.056509,18.625088,21.164734,23.025492,25.189005,28.352446,33.893456,37.446739,45.230717
1980-02-06,18.585998,Training,6.127117,10.338673,13.278474,18.857033,21.184052,23.124887,25.236425,28.255192,33.588554,37.134224,44.790409
1980-02-07,18.585998,Training,5.646933,9.380206,12.127402,17.347927,19.618532,21.452450,23.504124,26.406895,31.536036,34.882763,42.067013
1980-02-08,18.585998,Training,5.565212,9.158579,11.868400,17.003366,19.156046,21.014265,23.045162,25.873882,30.906897,34.179264,41.181431
1980-02-09,21.965270,Training,3.109514,5.456290,7.597309,13.159003,17.152323,19.930756,23.592663,27.897436,38.730816,46.411903,65.216675
1980-02-10,23.654906,Training,4.210472,7.843286,10.486591,16.305443,21.844673,24.627613,27.803143,34.314617,43.646946,51.422268,65.327805
1980-02-11,21.965270,Training,3.345483,6.203108,8.437044,13.592764,18.665970,21.294125,24.378159,30.304636,39.097256,46.594101,59.486301
1980-02-12,21.965270,Training,3.862303,6.840286,9.156252,14.451338,18.852283,21.268267,24.108667,29.095718,36.922562,43.330795,55.052017
1980-02-13,20.275634,Training,3.969315,6.833056,9.021418,14.174998,18.007998,20.246853,22.795557,27.186306,34.404758,40.022881,50.361828
1980-02-14,20.275634,Training,3.916557,6.575176,8.653249,13.576167,16.925024,19.030430,21.392963,25.215891,31.861053,36.926186,46.120853
1980-02-15,20.275634,Training,2.623160,5.020509,6.981597,12.873885,18.438677,21.502747,25.680267,32.380894,46.684666,56.478668,82.886345
1980-02-16,23.654906,Training,3.628087,6.777083,8.976224,15.204848,20.890331,24.296432,28.208153,36.497555,48.077824,57.027729,72.748344
1980-02-17,25.344542,Training,5.038070,8.853641,11.144475,17.603691,22.158270,25.295208,28.182825,34.067604,43.875858,50.470791,62.950489
1980-02-18,27.034178,Training,7.481875,13.197971,16.311111,23.790432,27.442078,30.645903,33.681843,38.157623,47.271202,53.624012,68.177200
1980-02-19,30.413451,Training,4.068082,7.402187,9.677601,16.385048,21.168192,24.361269,28.546633,34.130917,46.235748,55.033958,76.592216
1980-02-20,32.103087,Training,5.802344,10.790628,13.928249,20.790716,26.762020,29.917093,32.831738,39.646122,49.423775,57.538746,72.641129
1980-02-21,30.413451,Training,6.460054,12.276396,16.079243,23.330206,29.975203,33.403034,37.146191,44.219326,53.896671,63.364048,80.590622
1980-02-22,32.103087,Training,7.953794,14.901604,18.555643,26.987665,32.429420,36.401379,39.629707,46.390232,57.468147,66.015282,85.211716
1980-02-23,30.413451,Training,7.586374,13.404852,16.276392,23.589184,28.105152,31.674675,33.692520,39.769951,49.134735,55.389420,68.214676
1980-02-24,28.723815,Validation,7.653411,13.063095,15.728310,22.414165,26.200878,29.132195,30.866465,35.676868,43.744114,48.796616,59.818043
1980-02-25,28.723815,Validation,8.458764,14.400604,17.203011,23.665339,27.177160,29.726593,31.105452,35.374569,42.523258,47.039516,57.414761
1980-02-26,28.723815,Validation,8.184776,14.554297,18.160328,24.660040,28.842459,31.289217,33.294300,37.731400,44.370312,49.741890,60.816257
1980-02-27,27.034178,Validation,8.085355,14.394754,18.194229,24.671776,28.947344,31.556387,33.645531,38.267406,44.478264,50.080204,60.777252
1980-02-28,27.034178,Validation,5.872375,9.602071,12.091119,17.722591,21.027248,23.473061,25.126385,29.167152,35.862511,40.739761,50.564407
1980-02-29,25.344542,Validation,5.726588,9.712220,12.525786,18.519489,22.287704,24.906912,27.195045,31.435175,38.819424,44.788925,56.800560
1980-03-01,13.517089,Validation,4.916309,7.577595,9.603462,14.458889,17.136211,19.336096,21.021217,24.629511,30.949184,35.085110,43.599312
1980-03-02,23.654906,Validation,4.789328,7.396090,9.486494,14.679459,17.148441,19.584696,21.640968,25.025009,31.805504,36.475418,46.373310
1980-03-03,23.654906,Validation,5.243079,8.139932,10.345355,15.311593,18.035650,20.251133,21.842369,25.286085,31.521231,35.704990,44.597382
1980-03-04,23.654906,Validation,5.200364,8.161793,10.483674,15.655824,18.369720,20.725735,22.539833,25.929867,32.366379,36.976269,46.604809
1980-03-05,21.965270,Validation,3.234315,5.271241,7.174056,11.291289,14.551406,16.695454,18.674679,22.319159,28.521566,33.873798,43.023300
1980-03-06,21.965270,Validation,3.066705,4.666622,6.312616,10.368913,12.752524,14.876251,17.025059,20.452557,26.933399,31.881681,40.822826
1980-03-07,21.965270,Validation,4.101023,6.133241,8.003814,12.400058,14.845794,17.041292,18.622002,21.951492,27.974186,32.293468,40.875778
1980-03-08,20.275634,Validation,3.648238,5.893952,7.952862,12.298611,15.594651,17.776669,19.787289,23.444073,29.759207,35.051949,44.676144
1980-03-09,20.275634,Validation,1.673337,2.652442,3.664828,6.121204,8.332596,9.898792,11.178395,14.205765,19.343132,23.836386,30.195766
1980-03-10,20.275634,Validation,1.892629,2.892199,4.005404,6.650287,8.804567,10.393747,11.850292,14.893210,20.190138,24.571180,31.110703
1980-03-11,20.275634,Validation,1.682778,2.658150,3.731645,6.271310,8.349661,9.842000,11.485225,14.501756,19.911400,24.282892,30.598152
1980-03-12,18.585998,Validation,0.962715,1.711755,2.463421,4.192853,5.876850,7.042601,8.242569,10.867440,15.611717,19.575436,24.423874
1980-03-13,18.585998,Validation,1.397858,2.359546,3.318893,5.485151,7.575679,8.998827,10.283001,12.935466,17.716690,22.162586,28.011074
1980-03-14,18.585998,Validation,1.456413,2.485312,3.511439,5.804865,8.054568,9.547389,10.933244,13.740498,18.723532,23.453569,29.816883
1980-03-15,18.585998,Validation,1.124481,1.850049,2.651524,4.576314,6.278035,7.578436,8.741964,11.503821,16.553522,20.888458,26.762918
1980-03-16,15.206725,Validation,1.295527,2.106480,2.985710,5.003083,6.926390,8.281339,9.449468,12.288507,17.286566,21.727596,27.731262
1980-03-17,15.206725,Validation,1.182236,1.979018,2.840183,4.891824,6.745534,8.040400,9.434723,12.397420,17.711481,22.053406,27.961725
1980-03-18,15.206725,Validation,1.607195,2.444029,3.447012,5.802896,7.708201,9.124847,10.539083,13.523934,18.913654,23.422636,30.138466
1980-03-19,16.896361,Validation,2.244008,4.078571,5.772955,9.196054,12.717566,14.659757,16.908974,20.558884,26.970621,33.443726,43.389950
1980-03-20,16.896361,Validation,2.573010,4.820711,6.776941,10.729385,15.054502,17.238981,19.803638,24.582262,32.275105,40.164757,53.011890
1980-03-21,15.206725,Validation,2.581157,5.076123,7.129898,11.339056,16.533970,19.025120,21.935986,28.100206,37.202415,46.673344,62.261963
1980-03-22,15.206725,Validation,3.013026,5.950123,8.320116,13.157282,19.253153,22.124100,25.752480,33.305531,43.590694,54.096287,71.687836
1980-03-23,15.206725,Validation,2.433524,4.835103,6.904977,11.634546,17.648273,20.736887,24.982098,34.709385,48.594688,62.432312,87.555626
1980-03-24,15.206725,Validation,1.971432,3.634411,5.232192,9.599838,14.641976,17.464252,21.840090,34.024960,52.241901,66.700317,103.304703
1980-03-25,16.896361,Validation,2.064433,3.564526,4.953432,9.504404,13.491320,16.185740,19.793421,27.582575,41.197353,51.509018,75.281921
1980-03-26,16.896361,Validation,1.783256,3.143509,4.420578,8.603640,12.067585,14.585828,17.794870,24.375427,35.583466,44.346706,61.407707
1980-03-27,16.896361,Validation,3.581414,6.819957,9.261285,17.132942,23.165895,27.589266,33.114979,42.427467,60.833069,73.067299,107.296303
1980-03-28,20.275634,Validation,5.317101,9.989258,13.175755,22.487610,28.271862,33.317680,38.915771,48.687664,65.559586,77.264526,108.785744
1980-03-29,23.654906,Validation,5.322384,9.723963,12.720235,21.721327,26.660515,31.438274,36.501469,45.210442,60.857254,71.542763,100.705933
1980-03-30,30.413451,Validation,5.949062,10.936661,14.063416,22.399326,26.722891,30.843494,34.785748,41.982719,54.076210,61.401775,80.346222
1980-03-31,33.792723,Validation,5.772866,10.244756,13.006259,20.475353,23.987572,27.186613,30.641378,36.397850,46.586491,52.357372,68.074059
1980-04-01,33.792723,Training,5.650443,9.696625,12.309289,19.301130,22.198305,24.873932,28.042608,32.874096,41.851433,46.776035,60.779106
1980-04-02,33.792723,Training,4.995191,8.259251,10.582780,16.846554,19.278008,21.460775,24.423460,28.531443,36.453720,40.737324,53.047852
1980-04-03,30.413451,Training,4.487988,7.305076,9.448711,15.201064,17.313465,19.269451,22.150871,25.603624,32.677845,36.642803,47.170719
1980-04-04,28.723815,Training,3.959034,6.369368,8.323664,13.538396,15.569713,17.305065,20.099558,23.343987,30.048670,33.854584,43.537983
1980-04-05,28.723815,Training,3.561527,5.646312,7.432056,12.306289,14.277555,15.929507,18.638336,21.861071,28.512398,32.370892,42.047302
1980-04-06,28.723815,Training,3.108479,4.901978,6.496700,10.973038,12.917124,14.484666,17.100100,20.294777,26.856833,30.792963,40.184685
1980-04-07,25.344542,Training,2.868093,4.524291,6.012696,10.267882,12.192807,13.711833,16.271767,19.478151,26.010439,29.975727,39.366730
1980-04-08,23.654906,Training,2.486699,3.952148,5.293051,9.231775,11.107747,12.605872,15.065696,18.266010,24.720457,28.762173,37.654762
1980-04-09,23.654906,Training,2.154536,3.467492,4.683329,8.324505,10.133963,11.615955,13.955036,17.125513,23.460178,27.539814,35.809502
1980-04-10,21.965270,Training,2.337003,3.768319,5.070569,8.890109,10.691487,12.216553,14.627402,17.753061,24.041245,27.995228,36.237717
1980-04-11,18.585998,Training,2.501988,4.032713,5.412216,9.438530,11.215899,12.811159,15.308840,18.438459,24.816065,28.758953,37.261269
1980-04-12,18.585998,Training,1.377337,2.256170,3.132076,6.215766,7.734837,9.210773,11.240558,14.279750,21.007317,25.654556,35.026497
1980-04-13,21.965270,Training,0.512683,1.245781,1.990620,4.694973,6.954162,8.797034,10.452549,14.889627,25.516479,32.884148,49.671715
1980-04-14,47.309812,Training,0.337252,1.324963,2.013484,5.031709,8.229299,10.560485,12.812705,20.819315,37.538807,49.611053,78.288429
1980-04-15,47.309812,Training,0.402339,1.392214,2.002635,4.775482,7.639760,10.037811,11.944889,20.816172,36.110352,46.866570,71.175064
1980-04-16,45.620176,Training,1.377801,2.865721,3.808426,8.185488,11.851569,14.770047,17.731071,26.674900,41.711468,50.485172,74.647110
1980-04-17,45.620176,Training,3.381239,6.098591,7.681318,14.913688,18.832762,22.535822,26.840937,35.019493,50.994907,58.826481,85.981438
1980-04-18,43.930540,Training,3.856893,7.017912,8.770502,15.549080,19.217735,22.367861,25.904497,32.549358,44.963894,50.706230,68.778130
1980-04-19,40.551268,Training,4.105274,7.367031,9.175847,15.702255,19.030605,21.735182,25.016430,30.573536,41.278408,46.203156,61.479191
1980-04-20,38.861631,Training,4.043972,7.134155,8.933778,15.054517,18.036640,20.308741,23.412439,28.080973,37.420410,41.776379,55.141327
1980-04-21,38.861631,Training,3.666329,6.400683,8.088978,13.624194,16.338327,18.243710,21.231506,25.256138,33.546116,37.567600,49.265530
1980-04-22,35.482359,Training,3.417872,5.948102,7.557957,12.731962,15.290939,17.012356,19.907463,23.594034,31.419628,35.240025,46.237633
1980-04-23,33.792723,Training,3.259800,5.678885,7.243782,12.172749,14.638178,16.256012,19.081091,22.559696,30.085594,33.770248,44.286209
1980-04-24,25.344542,Training,3.107170,5.430335,6.952389,11.665125,14.059985,15.602603,18.379637,21.703106,28.943882,32.554970,42.494316
1980-04-25,21.965270,Training,2.958220,5.191679,6.665734,11.201209,13.543354,15.037580,17.773563,21.009254,28.071867,31.635714,41.200584
1980-04-26,20.275634,Training,2.530750,4.307220,5.569819,10.207805,12.289433,13.951247,16.977009,20.266697,28.141741,32.609432,44.571648
1980-04-27,18.585998,Training,2.576608,4.563909,5.895457,10.218934,12.493072,14.033017,16.713535,20.092306,27.415455,31.150169,41.136292
1980-04-28,18.585998,Training,2.373278,4.241546,5.470221,9.636333,11.862738,13.397968,15.980210,19.445572,27.042112,30.670382,41.340748
1980-04-29,18.585998,Training,1.904612,3.355415,4.299033,8.520443,10.654659,12.241276,15.056966,18.815882,28.100855,32.634308,48.220707
1980-04-30,16.896361,Training,2.488407,4.491195,5.813591,10.303956,12.733841,14.501872,17.187250,21.152529,29.521683,33.548038,45.657883
1980-05-01,15.206725,Training,2.085403,3.852069,4.976403,9.034669,11.448215,13.088642,15.640816,19.620558,28.094587,32.053017,44.319359
1980-05-02,11.827453,Training,1.070935,2.141033,2.759852,6.307389,8.678311,10.265920,12.844098,17.677565,29.056862,35.007706,54.519230
1980-05-03,11.827453,Training,0.094917,0.700071,1.075259,2.643338,3.829364,4.710644,5.670132,8.943598,16.758259,21.788609,34.487751
1980-05-04,11.827453,Training,0.093305,0.766860,1.217270,2.599676,3.891227,4.793811,5.721408,9.074505,16.007618,20.525440,30.325306
1980-05-05,21.965270,Training,0.072085,0.891823,1.564132,4.103510,6.453685,8.276241,9.715303,16.146542,30.760029,40.481983,70.979820
1980-05-06,21.965270,Training,0.924870,2.430943,3.265521,8.089267,12.510842,16.026297,19.740812,31.060957,48.921371,61.110477,91.658951
1980-05-07,18.585998,Training,0.892573,2.428207,3.110912,8.282482,13.099474,16.292969,20.345629,31.758860,54.096966,66.839752,109.607483
1980-05-08,23.654906,Training,3.069437,6.559987,8.104747,16.407505,21.825443,27.040056,31.458311,42.554306,61.854877,71.749985,100.003571
1980-05-09,23.654906,Training,3.941501,8.120765,9.837546,17.754068,22.267454,26.652351,30.257215,38.130222,53.663551,60.731010,81.071281
1980-05-10,23.654906,Training,5.581424,11.088089,13.085493,23.014624,27.026150,31.544533,36.354427,43.103104,59.693775,67.294373,94.905899
1980-05-11,27.034178,Training,1.029218,2.825377,4.246084,10.556387,16.631739,21.051701,24.871391,38.214794,61.087055,75.049042,128.722626
1980-05-12,33.792723,Training,3.196205,7.953060,9.512689,20.447668,29.756378,36.116867,44.029701,62.494217,94.000450,110.919365,164.239288
1980-05-13,32.103087,Training,5.128566,11.708855,14.065042,25.742493,32.613579,40.627224,45.057934,58.282318,82.816704,94.370964,125.795753
1980-05-14,33.792723,Training,7.955502,18.176807,21.561211,32.422249,38.173058,44.615406,47.744556,55.123940,71.799835,79.739502,100.610947
1980-05-15,33.792723,Training,8.581649,19.295776,22.934666,32.190758,37.637688,41.938694,44.465954,49.802723,61.830070,67.838547,83.692650
1980-05-16,32.103087,Training,8.171987,17.742420,21.198471,29.245186,34.153614,37.072899,39.252472,43.637432,52.760731,57.096943,70.546379
1980-05-17,32.103087,Training,7.762841,16.497919,19.898958,27.106520,31.865955,33.895645,35.998138,39.810139,47.281353,50.682144,62.692974
1980-05-18,30.413451,Training,6.961913,14.327095,17.557192,24.315268,28.558178,30.317970,32.508400,35.983452,42.882545,45.774952,57.183685
1980-05-19,30.413451,Training,6.687237,13.606190,16.826252,23.021599,27.172895,28.422754,30.668282,33.824944,39.787842,42.346092,52.691456
1980-05-20,27.034178,Training,6.366868,12.844939,16.047499,21.831362,25.926180,26.939884,29.252584,32.207397,37.687111,40.129463,49.900749
1980-05-21,23.654906,Training,5.629963,11.194210,14.165389,19.626347,23.429989,24.518648,26.957912,29.889816,35.605572,38.045101,47.498238
1980-05-22,21.965270,Training,4.854656,9.545008,12.161451,17.388227,20.825901,22.069155,24.618219,27.573345,33.780479,36.222031,45.626278
1980-05-23,20.275634,Training,4.815795,9.467014,12.087862,17.152742,20.575636,21.690535,24.253166,27.120213,33.025009,35.443874,44.395206
1980-05-24,20.275634,Training,3.419355,6.654701,8.486791,13.098704,15.871638,17.144598,19.875374,22.803703,29.480400,32.169380,41.054329
1980-05-25,20.275634,Training,3.347898,6.531610,8.337403,12.930750,15.694600,17.037750,19.714327,22.679470,29.619682,32.197578,41.482521
1980-05-26,18.585998,Training,1.992305,4.044538,5.180046,8.756940,11.093219,12.275521,14.838461,17.869658,24.864077,27.885031,37.057007
1980-05-27,18.585998,Training,1.895122,3.757648,4.853344,8.615543,10.818011,12.151796,14.855006,18.007051,25.445236,28.899134,39.202618
1980-05-28,18.585998,Training,2.046062,4.143579,5.342454,8.966932,11.336025,12.548702,15.157642,18.245848,25.224791,28.215454,37.543457
1980-05-29,15.206725,Training,1.566552,3.298129,4.287933,7.460275,9.685848,10.822700,13.293810,16.412531,23.343653,26.567352,36.065891
1980-05-30,11.827453,Training,0.259770,0.930738,1.372461,2.861927,3.817326,4.427452,5.527650,7.850853,13.122380,16.391556,24.902552
1980-05-31,11.827453,Training,0.078813,0.706343,1.087454,1.620984,1.915615,2.191086,2.481695,3.471045,6.002770,7.758068,11.538845
1980-06-01,11.827453,Training,0.093432,0.747625,1.113143,1.550274,1.840104,2.051216,2.317754,3.193334,5.433615,6.968131,10.395326
1980-06-02,10.137817,Training,0.103222,0.745190,1.107513,1.563393,1.875694,2.084189,2.365755,3.261570,5.502127,7.019940,10.455962
1980-06-03,10.137817,Training,0.125567,0.763854,1.113611,1.561179,1.844520,2.042274,2.299820,3.140385,5.250896,6.683849,9.960401
1980-06-04,10.137817,Training,0.127300,0.771771,1.118012,1.546478,1.809024,1.995878,2.245643,3.049629,5.091338,6.470929,9.637066
1980-06-05,8.448181,Training,0.125195,0.781323,1.127430,1.541131,1.779080,1.962637,2.202925,2.977312,4.987212,6.343047,9.429585
1980-06-06,8.448181,Training,0.140366,0.801407,1.140671,1.537244,1.738585,1.917586,2.127273,2.845532,4.752126,6.051529,9.023536
1980-06-07,8.448181,Training,0.147669,0.809798,1.145083,1.533122,1.720377,1.894838,2.092341,2.785425,4.635479,5.900097,8.807316
1980-06-08,8.448181,Training,0.149029,0.807599,1.143196,1.552248,1.723056,1.914344,2.104153,2.798293,4.681866,5.973455,8.933566
1980-06-09,10.137817,Training,0.123515,0.714365,1.041491,1.611688,1.741438,2.009198,2.208513,2.973603,5.141382,6.694182,10.311836
1980-06-10,10.137817,Training,0.129853,0.768874,1.129955,1.602469,1.774555,2.017505,2.209378,2.981117,5.072013,6.540981,9.813978
1980-06-11,10.137817,Training,0.078052,0.655782,0.973351,1.589299,1.758587,2.049273,2.245395,3.086026,5.502659,7.262244,11.600252
1980-06-12,10.137817,Training,0.023244,0.624773,0.998270,1.718829,2.025736,2.412136,2.692418,3.883401,7.236828,9.670474,15.536641
1980-06-13,11.827453,Training,-0.015691,0.684367,1.092599,1.891393,2.393598,2.900641,3.243780,4.773304,9.379889,13.114840,21.887772
1980-06-14,10.137817,Training,-0.010452,0.789626,1.292753,2.376550,3.093643,3.817785,4.445372,6.893173,13.805786,19.210382,32.689186
1980-06-15,10.137817,Training,-0.047246,0.747410,1.332574,2.260934,3.136202,3.887327,4.617807,7.188370,13.354860,17.670479,27.231100
1980-06-16,10.137817,Training,0.088470,0.901570,1.443920,3.256873,4.838912,5.987215,7.533998,11.688908,20.040491,25.443438,38.525562
1980-06-17,10.137817,Training,0.559593,1.759933,2.408777,5.092440,7.396773,8.796453,11.091814,15.891136,24.892744,30.041515,43.351227
1980-06-18,10.137817,Training,0.365375,1.351905,1.923545,3.812103,5.485900,6.347802,7.994824,11.427072,18.109520,21.998566,31.545025
1980-06-19,10.137817,Training,0.351157,1.295814,1.848734,3.508476,4.970347,5.648446,7.115368,9.980270,15.686674,19.014616,27.037230
1980-06-20,10.137817,Training,0.342073,1.262373,1.803067,3.319488,4.636633,5.229260,6.565562,9.118224,14.315022,17.309971,24.495623
1980-06-21,8.448181,Training,0.378092,1.315828,1.862349,3.407519,4.718103,5.310668,6.665364,9.188237,14.376179,17.310205,24.375292
1980-06-22,8.448181,Training,0.404858,1.309046,1.859500,3.582420,4.884626,5.560712,7.027372,9.648285,15.170942,18.376339,25.878962
1980-06-23,8.448181,Training,0.505029,1.511709,2.091315,3.904806,5.333784,6.016749,7.576450,10.270337,15.862656,18.943024,26.468485
1980-06-24,8.448181,Training,0.576610,1.624621,2.224339,4.189114,5.683243,6.419124,8.089948,10.870771,16.678976,19.832836,27.609016
1980-06-25,8.448181,Training,0.611436,1.643731,2.251549,4.393636,5.886654,6.682216,8.498689,11.323116,17.361691,20.723648,28.855989
1980-06-26,8.448181,Training,0.776402,1.989830,2.651845,4.901295,6.561086,7.331027,9.253270,12.082898,18.051876,21.109179,28.981543
1980-06-27,8.448181,Training,0.929784,2.260642,2.974399,5.427356,7.166602,7.960755,10.045614,12.834972,18.841202,21.812449,29.697418
1980-06-28,6.758545,Training,0.688002,1.845203,2.478832,4.510888,6.049139,6.737236,8.545098,11.137793,16.640949,19.470181,26.772127
1980-06-29,6.758545,Training,0.783479,2.015542,2.690472,4.869164,6.489954,7.222290,9.165358,11.811228,17.484837,20.352283,27.787426
1980-06-30,6.758545,Training,0.413030,1.376279,1.925810,3.417418,4.644888,5.196270,6.589603,8.834126,13.587473,16.118437,22.500971
1980-07-01,6.758545,Validation,0.211805,1.026494,1.507371,2.526504,3.390576,3.810004,4.738154,6.545957,10.504652,12.643347,18.067049
1980-07-02,6.758545,Validation,0.101777,0.784944,1.170151,1.637135,1.928842,2.154452,2.466439,3.395031,5.768138,7.148014,10.669450
1980-07-03,6.758545,Validation,0.179932,0.846861,1.154862,1.470883,1.557080,1.676404,1.805126,2.273366,3.694061,4.717790,7.274466
1980-07-04,6.758545,Validation,0.180489,0.850443,1.160208,1.476575,1.559096,1.682598,1.809505,2.278683,3.714270,4.753124,7.312979
1980-07-05,6.758545,Validation,0.190770,0.859107,1.169199,1.486205,1.554820,1.681353,1.796623,2.248454,3.656924,4.691219,7.235233
1980-07-06,6.758545,Validation,0.194815,0.861803,1.172307,1.487392,1.549294,1.676717,1.785767,2.228379,3.620084,4.645159,7.175461
1980-07-07,6.758545,Validation,0.184762,0.816629,1.145415,1.538586,1.574970,1.757935,1.868962,2.347675,3.876930,5.035475,7.794734
1980-07-08,6.758545,Validation,0.189572,0.855524,1.177023,1.501320,1.563369,1.706641,1.814701,2.275574,3.733300,4.805823,7.407696
1980-07-09,5.068908,Validation,0.185969,0.853610,1.175216,1.497658,1.564916,1.705977,1.819321,2.284546,3.761684,4.838985,7.455491
1980-07-10,5.068908,Validation,0.175328,0.846588,1.166845,1.477352,1.557626,1.686686,1.810451,2.279283,3.752008,4.808884,7.412418
1980-07-11,5.068908,Validation,0.180537,0.846689,1.161123,1.461797,1.536121,1.652464,1.770581,2.213723,3.612807,4.612000,7.167312
1980-07-12,5.068908,Validation,0.184012,0.844336,1.156980,1.457684,1.526027,1.639981,1.751662,2.182819,3.552468,4.524212,7.061711
1980-07-13,5.068908,Validation,0.191599,0.846626,1.157928,1.459529,1.517929,1.631978,1.732024,2.148963,3.487785,4.435217,6.955182
1980-07-14,3.379272,Validation,0.194713,0.857832,1.169491,1.458060,1.513711,1.624281,1.726784,2.136293,3.469599,4.429039,6.926558
1980-07-15,5.068908,Validation,0.182095,0.801116,1.135680,1.531532,1.553307,1.739895,1.845740,2.307376,3.843500,5.002117,7.826349
1980-07-16,5.068908,Validation,0.196982,0.855535,1.175475,1.463973,1.511825,1.631610,1.722679,2.130120,3.465472,4.427978,6.947799
1980-07-17,5.068908,Validation,0.203282,0.858808,1.174876,1.457999,1.500702,1.612825,1.696956,2.087813,3.385331,4.309342,6.806401
1980-07-18,5.068908,Validation,0.198616,0.850413,1.170507,1.458184,1.503082,1.619973,1.702917,2.100019,3.418988,4.345944,6.871395
1980-07-19,3.379272,Validation,0.198567,0.850744,1.170907,1.452617,1.496068,1.610315,1.695811,2.089763,3.405499,4.328004,6.834310
1980-07-20,1.689636,Validation,0.195306,0.853654,1.176088,1.447849,1.494719,1.608256,1.701547,2.101188,3.438144,4.382299,6.878623
1980-07-21,1.689636,Validation,0.202115,0.850657,1.170927,1.446518,1.482741,1.595157,1.676653,2.060560,3.358804,4.264718,6.741937
1980-07-22,1.689636,Validation,0.203056,0.848167,1.168841,1.445334,1.478458,1.590866,1.669740,2.050349,3.343643,4.241975,6.715608
1980-07-23,1.689636,Validation,0.195840,0.846911,1.170570,1.437245,1.477332,1.588778,1.679021,2.069641,3.391407,4.314186,6.786396
1980-07-24,3.379272,Validation,0.194877,0.846715,1.171233,1.432085,1.472240,1.583062,1.673863,2.064891,3.389106,4.311916,6.776587
1980-07-25,3.379272,Validation,0.170891,0.785396,1.140405,1.507585,1.533337,1.723677,1.831885,2.308775,3.911808,5.077126,7.888258
1980-07-26,3.379272,Validation,0.195325,0.838808,1.189227,1.479217,1.510685,1.656977,1.744968,2.164190,3.597665,4.636349,7.217303
1980-07-27,3.379272,Validation,0.203684,0.859867,1.195699,1.442674,1.478531,1.590331,1.675546,2.060847,3.394848,4.343042,6.827930
1980-07-28,3.379272,Validation,0.069644,0.641061,0.946344,1.433533,1.538898,1.780371,1.872508,2.395468,4.333990,5.903756,9.979311
1980-07-29,3.379272,Validation,0.107721,0.772863,1.238806,1.600755,1.729364,2.000406,2.124451,2.790249,5.027203,6.749104,10.656754
1980-07-30,3.379272,Validation,0.136930,0.834514,1.262729,1.491123,1.624115,1.791716,1.900314,2.432691,4.246424,5.547818,8.749728
1980-07-31,3.379272,Validation,0.112023,0.808009,1.261232,1.503196,1.666958,1.853633,2.015419,2.637184,4.692078,6.085639,9.504797
1980-08-01,1.689636,Validation,0.104342,0.778925,1.211969,1.461195,1.626514,1.799074,1.971119,2.605083,4.616232,5.923530,9.193597
1980-08-02,1.689636,Validation,0.099739,0.758383,1.176581,1.431203,1.593306,1.760187,1.937056,2.576708,4.552189,5.796566,8.945198
1980-08-03,1.689636,Validation,0.149443,0.794439,1.196946,1.432746,1.528931,1.676252,1.802020,2.316007,4.001482,5.090811,7.963484
1980-08-04,1.689636,Validation,0.156422,0.801129,1.195385,1.414052,1.502639,1.638269,1.759508,2.253921,3.879039,4.924736,7.708223
1980-08-05,1.689636,Validation,0.160050,0.794792,1.185012,1.404213,1.481218,1.615458,1.729580,2.209684,3.793925,4.799465,7.533423
1980-08-06,1.689636,Validation,0.159272,0.788490,1.178761,1.396775,1.469885,1.603877,1.717679,2.196578,3.774399,4.770657,7.482064
1980-08-07,1.689636,Validation,0.153112,0.784411,1.181036,1.394192,1.475446,1.611691,1.734843,2.234147,3.860347,4.900043,7.623583
1980-08-08,1.689636,Validation,0.155271,0.785291,1.184006,1.388523,1.466608,1.602086,1.722635,2.218690,3.835398,4.873411,7.572513
1980-08-09,1.689636,Validation,0.152225,0.777459,1.178154,1.380408,1.457688,1.593678,1.715124,2.213463,3.830524,4.863345,7.554740
1980-08-10,1.689636,Validation,0.146851,0.764092,1.162856,1.365214,1.441310,1.574675,1.697390,2.193850,3.796222,4.796566,7.480503
1980-08-11,1.689636,Validation,0.135844,0.748251,1.149908,1.353850,1.437137,1.574075,1.703559,2.218291,3.854398,4.861778,7.567110
1980-08-12,1.689636,Validation,0.108917,0.715409,1.121926,1.338968,1.445576,1.593859,1.744601,2.313626,4.059199,5.108194,7.891481
1980-08-13,1.689636,Validation,0.134644,0.744854,1.151658,1.342341,1.426108,1.559982,1.690293,2.205397,3.834959,4.843949,7.533368
1980-08-14,1.689636,Validation,0.076203,0.580397,0.936854,1.361356,1.424558,1.640464,1.787380,2.403420,4.425941,5.786980,9.491486
1980-08-15,1.689636,Validation,0.061847,0.663318,1.115987,1.346762,1.506096,1.699301,1.872249,2.585927,4.653722,5.961678,9.089826
1980-08-16,1.689636,Validation,0.156245,0.774573,1.193465,1.346660,1.421816,1.525980,1.635752,2.088678,3.577975,4.576348,7.202149
1980-08-17,1.689636,Validation,0.165908,0.776110,1.202397,1.352573,1.418570,1.517826,1.620471,2.044393,3.490952,4.457023,7.110471
1980-08-18,1.689636,Validation,0.173523,0.781475,1.205362,1.347129,1.406804,1.501306,1.603638,2.020105,3.437183,4.382327,6.967629
1980-08-19,1.689636,Validation,0.180171,0.780429,1.204222,1.346592,1.396953,1.492417,1.588725,1.996456,3.388165,4.313656,6.858025
1980-08-20,1.689636,Validation,0.201529,0.782851,1.203683,1.356268,1.380170,1.476616,1.539389,1.912419,3.224722,4.075035,6.578811
1980-08-21,1.689636,Validation,0.208191,0.782983,1.205485,1.355340,1.371799,1.468678,1.522305,1.887863,3.179028,4.012584,6.498266
1980-08-22,1.689636,Validation,0.185011,0.702150,1.135927,1.422542,1.410908,1.583740,1.651147,2.083343,3.600418,4.635893,7.539604
1980-08-23,1.689636,Validation,0.178813,0.756139,1.197854,1.346751,1.386228,1.501152,1.583582,2.005717,3.413310,4.350586,6.914997
1980-08-24,1.689636,Validation,0.176056,0.775742,1.211740,1.310462,1.371529,1.457646,1.556756,1.978495,3.364275,4.290368,6.795888
1980-08-25,1.689636,Validation,0.138172,0.678700,1.133243,1.399458,1.452443,1.627361,1.755802,2.294213,4.051235,5.292102,8.428779
1980-08-26,1.689636,Validation,0.043085,0.555045,0.943194,1.306716,1.437599,1.634112,1.777442,2.408079,4.525708,6.072263,10.350169
1980-08-27,1.689636,Validation,0.070200,0.672236,1.215667,1.368599,1.530591,1.717701,1.857442,2.529781,4.591749,6.033646,9.518128
1980-08-28,1.689636,Validation,0.069841,0.693962,1.221763,1.294173,1.475753,1.607170,1.756596,2.369185,4.280278,5.556498,8.823512
1980-08-29,1.689636,Validation,0.068411,0.682918,1.213544,1.291231,1.473616,1.604574,1.767192,2.389535,4.315057,5.574407,8.806394
1980-08-30,1.689636,Validation,0.074942,0.680409,1.182215,1.257015,1.428226,1.547367,1.708536,2.323903,4.153816,5.331161,8.320629
1980-08-31,1.689636,Validation,0.078347,0.678467,1.163705,1.239709,1.404560,1.520160,1.680638,2.295011,4.082524,5.221281,8.080228
1980-09-01,1.689636,Validation,0.075625,0.658607,1.129726,1.231886,1.387129,1.512883,1.663154,2.280459,4.053017,5.135664,7.939756
1980-09-02,1.689636,Validation,0.140465,0.733316,1.194006,1.257172,1.361644,1.448762,1.566120,2.055046,3.553167,4.515496,7.082880
1980-09-03,1.689636,Validation,0.145592,0.742752,1.202379,1.254429,1.357304,1.441788,1.561298,2.048128,3.532101,4.501437,7.030755
1980-09-04,1.689636,Validation,0.146943,0.747849,1.206048,1.248346,1.352356,1.434443,1.555778,2.043921,3.521349,4.492771,6.994849
1980-09-05,1.689636,Validation,0.147460,0.748710,1.205068,1.244368,1.347957,1.429399,1.551005,2.039765,3.510801,4.477393,6.960848
1980-09-06,1.689636,Validation,0.150419,0.745232,1.197019,1.240406,1.336109,1.419006,1.533120,2.011806,3.453416,4.387219,6.848759
1980-09-07,1.689636,Validation,0.145054,0.746951,1.201497,1.236037,1.341248,1.424659,1.547151,2.042467,3.513033,4.476866,6.942589
1980-09-08,1.689636,Validation,0.134575,0.740448,1.200381,1.236623,1.353889,1.443495,1.576210,2.101252,3.632722,4.641761,7.133090
1980-09-09,1.689636,Validation,0.122737,0.718715,1.168791,1.217208,1.335292,1.427711,1.558900,2.090938,3.619128,4.587335,7.076154
1980-09-10,1.689636,Validation,0.161938,0.755265,1.204924,1.243907,1.329889,1.410273,1.513536,1.977221,3.373063,4.268800,6.686249
1980-09-11,1.689636,Validation,0.157805,0.752096,1.201990,1.241833,1.331899,1.414557,1.519394,1.993519,3.405233,4.306368,6.735655
1980-09-12,1.689636,Validation,0.124866,0.730825,1.181272,1.215436,1.338800,1.426556,1.561521,2.097687,3.619386,4.593163,7.068535
1980-09-13,1.689636,Validation,0.149293,0.759393,1.209615,1.230013,1.337828,1.414010,1.536806,2.030868,3.469738,4.407619,6.834012
1980-09-14,1.689636,Validation,0.196831,0.810645,1.254933,1.262101,1.340221,1.389579,1.492610,1.901635,3.170950,4.031765,6.347407
1980-09-15,1.689636,Validation,0.218912,0.828188,1.273420,1.281796,1.343723,1.390253,1.477033,1.856121,3.068789,3.894505,6.197231
1980-09-16,1.689636,Validation,0.218339,0.825229,1.275946,1.292096,1.353557,1.408458,1.493745,1.880638,3.113117,3.955138,6.276792
1980-09-17,1.689636,Validation,0.212985,0.838159,1.285964,1.275434,1.352512,1.393842,1.496098,1.891971,3.133071,3.991634,6.295335
1980-09-18,1.689636,Validation,0.207242,0.853487,1.314282,1.288814,1.385636,1.427621,1.548231,1.976714,3.299682,4.237427,6.570957
1980-09-19,1.689636,Validation,0.205099,0.853054,1.322207,1.304286,1.404905,1.456863,1.581097,2.026218,3.395079,4.372036,6.732774
1980-09-20,1.689636,Validation,0.128364,0.684226,1.070620,1.367987,1.493833,1.649874,1.796843,2.358062,4.261569,5.747921,9.509538
1980-09-21,1.689636,Validation,0.017409,0.664531,1.139763,1.448410,1.763744,1.998007,2.231535,3.165303,6.171814,8.653275,14.641886
1980-09-22,1.689636,Validation,0.025505,0.775262,1.435660,1.359628,1.707726,1.855870,2.099619,2.991399,5.558352,7.507478,11.560418
1980-09-23,1.689636,Validation,0.055475,0.773459,1.381300,1.312371,1.599974,1.709808,1.943885,2.698866,4.898656,6.493200,10.020693
1980-09-24,1.689636,Validation,0.101533,0.806449,1.383541,1.306929,1.547188,1.622776,1.829862,2.475269,4.369010,5.714939,8.850434
1980-09-25,1.689636,Validation,0.133082,0.815061,1.346181,1.284750,1.480536,1.542988,1.714470,2.292415,3.961185,5.115677,7.923558
1980-09-26,1.689636,Validation,0.147695,0.821126,1.331142,1.278912,1.454849,1.514024,1.672804,2.224653,3.809951,4.899060,7.560357
1980-09-27,1.689636,Validation,0.138885,0.747185,1.256401,1.419591,1.561837,1.719619,1.903932,2.570897,4.539503,5.977138,9.267016
1980-09-28,1.689636,Validation,0.098199,0.673838,1.136399,1.382765,1.534435,1.712329,1.889464,2.604409,4.721865,6.265235,10.170903
1980-09-29,1.689636,Validation,0.118490,0.789804,1.319155,1.274519,1.468176,1.554067,1.695585,2.303146,3.991874,5.128861,8.004381
1980-09-30,1.689636,Validation,0.115171,0.781073,1.312620,1.282138,1.482421,1.572974,1.718600,2.330633,4.059418,5.203016,8.120246
1980-10-01,1.689636,Test,0.111666,0.778960,1.307319,1.274612,1.482082,1.567521,1.728290,2.347081,4.081582,5.232131,8.119027
1980-10-02,1.689636,Test,0.133377,0.790758,1.300129,1.277177,1.457254,1.541511,1.681871,2.267730,3.902317,4.960674,7.693532
1980-10-03,1.689636,Test,0.126346,0.777386,1.287250,1.295288,1.473015,1.579724,1.735053,2.356269,4.064461,5.193039,7.916849
1980-10-04,1.689636,Test,0.104406,0.677187,1.146095,1.388096,1.533249,1.718825,1.903261,2.633231,4.719182,6.162055,9.741342
1980-10-05,1.689636,Test,0.095015,0.733492,1.262971,1.340436,1.535106,1.692579,1.870961,2.604082,4.567202,5.895475,8.905301
1980-10-06,1.689636,Test,0.086506,0.748007,1.265006,1.285299,1.497924,1.624021,1.806491,2.520255,4.397375,5.626863,8.466120
1980-10-07,1.689636,Test,0.048183,0.721497,1.247631,1.283246,1.543355,1.680348,1.911266,2.718124,4.802880,6.182228,9.138667
1980-10-08,1.689636,Test,0.025433,0.649110,1.176789,1.434549,1.711623,1.948204,2.249051,3.265309,5.930196,7.746428,11.385017
1980-10-09,1.689636,Test,0.058339,0.747996,1.277000,1.336694,1.612992,1.751966,2.002326,2.819417,4.971557,6.434247,9.390899
1980-10-10,1.689636,Test,0.110780,0.740702,1.254691,1.496621,1.671997,1.872717,2.098767,2.896186,5.189038,6.835083,10.404070
1980-10-11,1.689636,Test,0.081229,0.750186,1.313293,1.476062,1.714453,1.914751,2.159348,3.022500,5.406546,7.107432,10.478755
1980-10-12,1.689636,Test,0.057849,0.764264,1.310738,1.359843,1.656591,1.793129,2.053813,2.876856,5.074400,6.598959,9.655772
1980-10-13,1.689636,Test,0.041414,0.738620,1.281183,1.337050,1.626153,1.766134,2.030714,2.875075,5.100033,6.598776,9.617028
1980-10-14,1.689636,Test,0.023639,0.704283,1.256828,1.411068,1.738964,1.933027,2.242722,3.206804,5.731341,7.459014,10.699456
1980-10-15,1.689636,Test,-0.089111,0.544556,1.005700,1.593967,2.185727,2.569882,2.968429,4.483498,8.908481,12.432015,20.492342
1980-10-16,1.689636,Test,-0.094112,0.706546,1.490653,2.120336,2.988281,3.656581,4.454185,7.149618,14.304379,20.464315,33.029060
1980-10-17,1.689636,Test,-0.108652,0.695413,1.566244,2.229627,3.196764,3.981865,4.919012,7.887242,15.465650,22.037552,34.829655
1980-10-18,1.689636,Test,-0.196894,0.583087,1.419789,1.744787,2.713589,3.247603,4.197817,6.654583,12.511943,17.247808,25.461811
1980-10-19,1.689636,Test,-0.208100,0.535709,1.273918,1.631715,2.570046,3.027624,3.948110,6.262812,11.583505,15.617336,22.480486
1980-10-20,1.689636,Test,-0.237708,0.464126,1.103459,1.458645,2.364123,2.746138,3.644132,5.867889,10.597836,14.019170,19.711924
1980-10-21,1.689636,Test,-0.228815,0.444668,1.013652,1.391715,2.285889,2.636417,3.508001,5.641142,9.820913,12.796813,17.623005
1980-10-22,1.689636,Test,-0.217554,0.451791,0.992245,1.480191,2.494742,2.876791,3.878155,6.172452,10.371942,13.479012,18.185974
1980-10-23,1.689636,Test,-0.103634,0.516935,1.050178,1.693166,2.401276,2.832156,3.605398,5.559892,9.874970,12.817759,17.856409
1980-10-24,3.379272,Test,-0.072885,0.520130,1.004021,1.717134,2.302380,2.715934,3.370375,5.192729,9.525971,12.389171,18.266104
1980-10-25,1.689636,Test,-0.189480,0.482822,1.021871,1.397895,2.176220,2.498453,3.207517,5.047430,8.814693,11.470545,15.784585
1980-10-26,1.689636,Test,-0.213709,0.448490,0.972030,1.420017,2.320106,2.676000,3.539706,5.609207,9.585327,12.410767,16.832987
1980-10-27,1.689636,Test,-0.204701,0.452963,0.971126,1.362690,2.190201,2.514616,3.311814,5.224240,8.941027,11.511736,15.663880
1980-10-28,1.689636,Test,-0.186302,0.474996,0.982614,1.385612,2.208102,2.532280,3.320332,5.203573,8.800633,11.258884,15.249588
1980-10-29,1.689636,Test,-0.156809,0.505519,1.006739,1.311935,1.971582,2.244110,2.863799,4.445230,7.633299,9.694313,13.284144
1980-10-30,1.689636,Test,-0.125474,0.539237,1.043609,1.297572,1.849184,2.099862,2.616045,4.010180,6.947856,8.801513,12.150829
1980-10-31,1.689636,Test,-0.110777,0.564477,1.063852,1.286981,1.800865,2.032279,2.511219,3.823092,6.618839,8.363329,11.572754
1980-11-01,1.689636,Test,-0.129768,0.545299,1.044834,1.333912,1.919442,2.184415,2.741950,4.188510,7.192191,9.114579,12.444450
1980-11-02,3.379272,Test,-0.102879,0.464891,0.839242,1.509291,2.062111,2.392582,2.805477,4.278791,8.348596,11.196713,18.283188
1980-11-03,3.379272,Test,-0.106919,0.606272,1.247638,1.851927,2.518559,3.014379,3.631476,5.728302,11.185376,15.410019,23.778137
1980-11-04,1.689636,Test,-0.149160,0.604784,1.288918,1.552873,2.280580,2.619057,3.214020,4.953879,9.237289,12.507551,18.264826
1980-11-05,1.689636,Test,0.007763,0.722325,1.384842,1.667173,2.292575,2.598216,3.146622,4.509009,7.872846,10.487850,15.291788
1980-11-06,1.689636,Test,-0.013152,0.761952,1.389035,2.012175,2.714022,3.204959,3.765134,5.651641,10.998914,15.414184,25.368114
1980-11-07,1.689636,Test,-0.034401,0.960886,1.807024,2.524702,3.322896,4.048663,4.863374,7.659267,15.516963,22.427156,39.128056
1980-11-08,1.689636,Test,-0.041694,1.066797,2.118837,3.124699,4.153254,5.240322,6.471671,10.410829,20.931047,30.605652,53.470482
1980-11-09,3.379272,Test,-0.013914,1.228397,2.446567,3.897074,5.406425,6.916752,8.738902,14.140190,27.651371,40.263451,69.190727
1980-11-10,3.379272,Test,-0.011249,1.198038,2.470714,4.248864,6.221116,8.058821,10.639860,17.210808,31.919014,45.368229,74.503311
1980-11-11,5.068908,Test,0.014263,1.390630,2.772754,4.821912,6.640143,8.604006,10.900290,17.594757,33.685356,47.851933,82.739746
1980-11-12,8.448181,Test,0.051347,1.539546,2.988468,5.371734,7.814222,10.092199,13.797928,22.022535,40.811588,57.783466,96.077286
1980-11-13,6.758545,Test,-0.022579,1.361416,3.086833,4.800252,8.686442,10.961220,15.906983,24.232655,39.621548,55.741093,77.858612
1980-11-14,5.068908,Test,0.537164,2.152331,3.768913,6.794223,11.727173,14.038511,19.109365,27.229042,39.599339,49.866463,69.097450
1980-11-15,5.068908,Test,1.378028,3.613066,5.504193,9.728008,15.169512,17.400194,22.400702,30.304123,41.205662,48.686516,65.839508
1980-11-16,5.068908,Test,1.396202,3.608839,5.343395,9.455808,14.193402,16.060619,20.617544,27.558743,36.893002,43.199039,57.728226
1980-11-17,5.068908,Test,1.917437,4.127251,5.761472,11.176665,15.062392,17.451599,22.449062,28.037592,38.620804,45.928482,65.476456
1980-11-18,5.068908,Test,1.473215,3.584715,5.257991,10.047625,13.827733,16.216019,20.980032,27.202770,36.413506,42.917381,55.717724
1980-11-19,5.068908,Test,2.273727,5.360163,7.356671,12.731158,16.640457,18.687880,23.261040,28.840393,37.363758,42.194958,52.325191
1980-11-20,5.068908,Test,7.361166,15.091638,19.011395,29.675207,33.597637,37.424751,44.147594,49.390720,62.636822,70.302185,101.448708
1980-11-21,5.068908,Test,2.125742,5.128356,7.254322,13.036819,18.040415,20.508776,25.646400,32.975399,43.449959,50.383472,64.771034
1980-11-22,5.068908,Test,0.690840,2.221804,3.437217,6.519074,10.086895,11.619484,15.424443,21.102613,29.182625,35.703991,46.646065
1980-11-23,5.068908,Test,0.802703,2.396247,3.624658,6.756389,10.086805,11.509355,15.338014,20.454481,27.837214,33.689556,42.596809
1980-11-24,5.068908,Test,1.136927,2.929861,4.260652,7.722076,10.974607,12.348242,16.153084,20.698294,27.808558,33.161194,41.678780
1980-11-25,5.068908,Test,1.217200,2.635268,3.846413,7.688421,10.394948,12.042095,15.971179,19.696445,27.898994,34.389362,46.926830
1980-11-26,5.068908,Test,0.563761,1.715223,2.675153,4.816884,7.555646,8.758119,11.270353,15.130764,21.145151,26.631304,34.886395
1980-11-27,5.068908,Test,0.686804,1.819134,2.769718,4.767719,7.474007,8.724117,11.091688,14.575184,19.998737,25.079639,32.245850
1980-11-28,5.068908,Test,0.441535,1.451241,2.293450,4.023601,6.609058,7.745720,9.967334,13.594978,19.275158,24.573259,32.249668
1980-11-29,5.068908,Test,0.231080,1.120152,1.841155,3.214581,5.393636,6.346354,8.172496,11.510642,16.871151,21.765261,28.986195
1980-11-30,5.068908,Test,0.219645,1.067725,1.740892,2.996161,4.981120,5.841351,7.523354,10.534565,15.483172,19.966755,26.430302
1980-12-01,5.068908,Test,0.145770,0.898796,1.479479,2.435553,3.955032,4.583104,5.893997,8.282949,12.439832,15.993944,21.028931
1980-12-02,5.068908,Test,0.132741,0.880385,1.452345,2.372925,3.837811,4.444109,5.699331,8.043303,12.167116,15.658162,20.679720
1980-12-03,5.068908,Test,0.107848,0.858748,1.434716,2.325619,3.751170,4.359405,5.564116,7.917880,12.128834,15.672042,20.936687
1980-12-04,5.068908,Test,0.111117,0.866930,1.445111,2.345862,3.780070,4.403688,5.623170,7.991095,12.220947,15.779024,21.080605
1980-12-05,5.068908,Test,0.168209,0.925622,1.494398,2.447235,3.935574,4.565065,5.881124,8.207655,12.256380,15.675121,20.495077
1980-12-06,5.068908,Test,0.066561,0.772387,1.316757,1.979554,3.046752,3.513910,4.428541,6.329041,10.006227,12.929502,17.493523
1980-12-07,5.068908,Test,0.061493,0.775739,1.326529,2.029500,3.159715,3.662893,4.632807,6.635527,10.445010,13.519508,18.328491
1980-12-08,5.068908,Test,0.118234,0.880166,1.458926,2.384197,3.829629,4.475051,5.726038,8.112486,12.369014,15.980817,21.384834
1980-12-09,5.068908,Test,0.018580,0.736809,1.294265,1.939434,2.951992,3.413405,4.270826,6.187479,9.984665,13.008534,17.845161
1980-12-10,5.068908,Test,0.021467,0.732254,1.283900,1.901037,2.853821,3.292621,4.103974,5.916054,9.559531,12.439456,17.062080
1980-12-11,5.068908,Test,-0.019055,0.689812,1.232616,1.763546,2.585305,2.945215,3.654541,5.295765,8.783416,11.418914,15.587584
1980-12-12,3.379272,Test,0.013336,0.726678,1.271315,1.951902,2.959525,3.409605,4.290336,6.164921,9.889115,12.859530,17.433254
1980-12-13,3.379272,Test,0.033330,0.746468,1.288031,2.005234,3.038532,3.495892,4.394480,6.286061,10.002516,13.022342,17.675785
1980-12-14,3.379272,Test,-0.004611,0.698452,1.227065,1.678774,2.344148,2.623496,3.207750,4.604436,7.726639,10.057079,13.758723
1980-12-15,5.068908,Test,0.065368,0.714645,1.223266,2.007660,2.677806,3.130191,3.772121,5.393870,9.306146,12.327203,17.817530
1980-12-16,5.068908,Test,0.051333,0.737169,1.286456,1.891989,2.817019,3.232610,3.998363,5.734428,9.238143,12.117635,16.772968
1980-12-17,3.379272,Test,0.003007,0.710721,1.280230,1.940941,2.960045,3.413191,4.233441,6.196640,10.118926,13.349017,18.510654
1980-12-18,3.379272,Test,-0.031765,0.684606,1.244947,1.969626,3.051212,3.494744,4.413521,6.493329,10.656457,14.021871,19.101671
1980-12-19,6.758545,Test,-0.017569,0.668233,1.118969,2.445857,3.815443,4.556121,5.684359,8.689021,16.164272,21.816164,34.515789
1980-12-20,62.516537,Test,-0.044263,0.962713,1.887251,4.168368,7.137108,8.669477,10.872379,18.463446,33.451523,45.585865,81.351273
1980-12-21,86.171444,Test,-0.034342,1.102346,2.393169,4.564001,9.098208,11.280192,16.230982,25.825066,39.114525,54.765076,79.305176
1980-12-22,62.516537,Test,1.785571,4.383101,6.531498,11.836399,18.774466,21.500622,27.393215,36.853058,49.003460,59.632393,81.586838
1980-12-23,47.309812,Test,2.466814,5.351103,7.572072,12.988874,18.846378,21.077026,25.941605,33.118587,43.184471,50.814293,67.367294
1980-12-24,38.861631,Test,2.236458,4.724999,6.633641,11.374016,16.199223,18.082870,22.136330,28.026760,36.380146,42.845219,56.223915
1980-12-25,33.792723,Test,2.194166,4.525795,6.323134,10.765044,15.111144,16.862892,20.523178,25.685926,33.129120,39.097282,50.828690
1980-12-26,28.723815,Test,2.788765,5.375048,7.387316,12.005199,16.309574,18.261229,21.594969,26.348660,33.168003,38.778553,49.362877
1980-12-27,27.034178,Test,2.966667,5.587012,7.641099,12.235261,16.449390,18.503880,21.664043,26.253233,32.793171,38.310764,48.158955
1980-12-28,23.654906,Test,3.277889,5.964924,8.063021,12.596932,16.655197,18.770039,21.683805,26.074163,32.012707,37.101379,45.182465
1980-12-29,21.965270,Test,3.114275,5.699414,7.730786,12.142586,16.179688,18.288942,21.215107,25.608881,31.632456,36.826527,45.065746
1980-12-30,20.275634,Test,2.819916,5.262319,7.194657,11.475403,15.525596,17.601383,20.600861,25.060181,31.368237,36.815426,45.867596
1980-12-31,18.585998,Test,2.706945,5.066735,6.949742,11.135671,15.087595,17.143942,20.129583,24.499468,30.804192,36.247055,45.320625
1981-01-01,18.585998,Test,2.666459,4.993997,6.865951,11.012969,14.864410,16.909948,19.895325,24.164970,30.447205,35.837826,44.908058
1981-01-02,16.896361,Test,2.807096,5.217243,7.152095,11.386791,15.198503,17.270191,20.250032,24.453638,30.696419,35.998295,45.026550
1981-01-03,15.206725,Test,1.498513,3.032272,4.310163,7.232864,10.502872,12.175855,14.846885,18.660521,24.396536,29.797338,37.791142
1981-01-04,13.517089,Test,1.345422,2.800086,4.012156,6.796746,9.964388,11.568373,14.197286,17.985384,23.719917,29.112679,37.223965
1981-01-05,13.517089,Test,1.262678,2.672845,3.850408,6.548249,9.624873,11.177862,13.782831,17.513945,23.214655,28.551123,36.650799
1981-01-06,11.827453,Test,1.207388,2.604122,3.758923,6.465368,9.461314,10.927171,13.564074,17.261652,22.987162,28.294098,36.480503
1981-01-07,11.827453,Test,0.356603,1.229914,1.905744,3.305383,5.252184,6.180464,7.816107,10.669615,15.305367,19.728764,25.899696
1981-01-08,11.827453,Test,0.108353,0.816779,1.357564,2.059399,3.057507,3.532721,4.328595,6.138604,9.673877,12.604771,17.016953
1981-01-09,10.137817,Test,0.114018,0.807797,1.342281,1.986174,2.900715,3.337420,4.067865,5.748551,9.108826,11.881531,16.144670
1981-01-10,8.448181,Test,0.126260,0.811854,1.340493,1.983273,2.898732,3.335991,4.075370,5.736268,9.043189,11.779898,15.979386
1981-01-11,8.448181,Test,0.161702,0.778150,1.234865,1.834849,2.649091,2.996850,3.715925,5.148527,7.913905,10.081167,13.188261
1981-01-12,8.448181,Test,0.157507,0.805018,1.289541,1.909057,2.789286,3.167989,3.924479,5.469573,8.469797,10.892845,14.416008
1981-01-13,8.448181,Test,0.152651,0.820221,1.324899,1.952152,2.866962,3.268002,4.035520,5.655862,8.826524,11.432903,15.287564
1981-01-14,8.448181,Test,0.158133,0.795359,1.271492,1.885187,2.759622,3.127397,3.885506,5.424440,8.398671,10.777077,14.219384
1981-01-15,6.758545,Test,0.117192,0.822617,1.376329,2.057062,3.015316,3.495418,4.233683,6.057791,9.708104,12.774798,17.423758
1981-01-16,6.758545,Test,0.088202,0.765593,1.299171,2.000011,2.807593,3.267054,3.917400,5.654205,9.342820,12.240887,16.484581
1981-01-17,6.758545,Test,0.115029,0.801617,1.335725,1.962578,2.842053,3.267142,3.945640,5.580887,8.921153,11.666046,15.830292
1981-01-18,6.758545,Test,0.136591,0.815639,1.343411,1.977077,2.858154,3.292124,3.987598,5.592573,8.853544,11.554722,15.659305
1981-01-19,6.758545,Test,0.126608,0.818579,1.352897,2.024029,2.958043,3.411666,4.123720,5.837165,9.261722,12.117391,16.356163
1981-01-20,6.758545,Test,0.110734,0.797446,1.319053,1.960397,2.842641,3.260353,3.916713,5.574546,8.932312,11.649448,15.604399
1981-01-21,5.068908,Test,0.094136,0.740950,1.207743,1.721561,2.394036,2.718947,3.216760,4.623164,7.511561,9.626298,12.670570
1981-01-22,5.068908,Test,0.113889,0.768694,1.241513,1.768038,2.444279,2.770271,3.275211,4.645960,7.527914,9.677184,12.750152
1981-01-23,5.068908,Test,0.128098,0.787908,1.265163,1.807761,2.497649,2.832588,3.347009,4.717217,7.614674,9.808464,12.922011
1981-01-24,5.068908,Test,0.145329,0.816127,1.310870,1.905307,2.664021,3.035879,3.596879,5.039093,8.059331,10.419194,13.753057
1981-01-25,5.068908,Test,0.162617,0.842304,1.352866,1.997268,2.828051,3.241614,3.857296,5.377570,8.508761,11.035413,14.627535
1981-01-26,5.068908,Test,0.169893,0.854637,1.371071,2.052487,2.937252,3.380275,4.029787,5.623177,8.842748,11.474965,15.200684
1981-01-27,5.068908,Test,0.156251,0.821668,1.314417,1.971313,2.787065,3.205734,3.788666,5.342996,8.484560,10.940401,14.321497
1981-01-28,5.068908,Test,0.161515,0.801856,1.282112,1.953101,2.692232,3.124143,3.668762,5.191137,8.317405,10.672588,13.873066
1981-01-29,5.068908,Test,0.172707,0.799903,1.275594,1.978172,2.683802,3.135361,3.674299,5.196717,8.371339,10.728953,13.942620
1981-01-30,5.068908,Test,0.178620,0.823354,1.295326,1.960967,2.735865,3.162120,3.708360,5.226206,8.277906,10.587851,13.679307
1981-01-31,8.448181,Test,0.221086,0.871731,1.371758,2.245102,3.076985,3.625072,4.281332,5.978245,9.543487,12.285034,16.013784
1981-02-01,8.448181,Test,0.247671,0.957774,1.487939,2.352571,3.438519,3.993141,4.753232,6.573579,10.089929,13.005960,16.824774
1981-02-02,5.068908,Test,0.328512,1.089428,1.670988,2.703589,4.039048,4.736297,5.708551,7.756298,11.571579,14.929796,19.332579
1981-02-03,5.068908,Test,0.478983,1.322496,1.981018,3.309103,5.020400,5.928490,7.191870,9.615610,13.900247,17.853306,22.876741
1981-02-04,5.068908,Test,0.372772,1.122572,1.707695,3.069481,4.427456,5.303655,6.345559,8.750036,13.586682,17.660412,23.493248
1981-02-05,5.068908,Test,0.362909,1.161347,1.785234,3.005278,4.638406,5.481417,6.586344,9.107572,13.548173,17.563456,22.830738
1981-02-06,5.068908,Test,0.346538,1.099415,1.682284,2.819978,4.273304,5.038537,6.007784,8.314704,12.458069,16.041658,20.612419
1981-02-07,3.379272,Test,0.405232,1.120405,1.677199,2.836672,4.193951,4.959171,5.896764,8.112934,12.034889,15.261993,19.126951
1981-02-08,3.379272,Test,0.424592,1.136676,1.686871,2.820860,4.125358,4.875323,5.786037,7.894817,11.677217,14.761642,18.391876
1981-02-09,3.379272,Test,0.531573,1.338526,1.982645,3.401088,4.960699,5.880965,7.034313,9.349125,13.710484,17.555174,22.268454
1981-02-10,3.379272,Test,0.626330,1.507144,2.215593,3.716114,5.569421,6.589012,7.968477,10.397033,14.746932,18.826664,23.868204
1981-02-11,3.379272,Test,0.645589,1.545441,2.268182,3.821075,5.778199,6.845711,8.261770,10.855428,15.344153,19.608503,24.944809
1981-02-12,3.379272,Test,0.726436,1.627304,2.348291,3.952437,5.955482,7.012623,8.562641,11.092305,15.409733,19.456615,24.077785
1981-02-13,3.379272,Test,0.708497,1.657595,2.417985,4.099718,6.258805,7.430715,8.982526,11.849360,16.717871,21.349747,27.194927
1981-02-14,3.379272,Test,0.634743,1.500494,2.184794,3.740053,5.639498,6.703499,7.952315,10.718324,15.378709,19.660469,25.083918
1981-02-15,3.379272,Test,0.611243,1.386850,2.014524,3.434247,5.062335,6.037917,7.126557,9.573385,13.790757,17.514742,22.037962
1981-02-16,3.379272,Test,0.641264,1.493606,2.184794,3.698784,5.503388,6.531686,7.810765,10.297453,14.712447,18.801968,23.920858
1981-02-17,3.379272,Test,0.587711,1.404503,2.060401,3.478578,5.178838,6.153663,7.331820,9.738583,14.005317,17.959192,22.889643
1981-02-18,3.379272,Test,0.758898,1.683760,2.463037,4.265330,6.301301,7.524640,9.037261,11.795247,16.748318,21.518021,27.700233
1981-02-19,3.379272,Test,0.527318,1.373137,2.055929,3.510060,5.358046,6.404274,7.740409,10.383751,15.076274,19.566072,25.428917
1981-02-20,3.379272,Test,0.584651,1.458934,2.162978,3.681124,5.725559,6.813002,8.318418,11.106163,15.847921,20.402578,26.211824
1981-02-21,3.379272,Test,0.684183,1.627027,2.391358,4.099462,6.378646,7.608992,9.216434,12.332709,17.502554,22.540558,29.186859
1981-02-22,3.379272,Test,0.935659,2.002139,2.898289,5.049436,7.637609,9.118664,10.933819,14.438438,20.317865,26.066925,33.983410
1981-02-23,3.379272,Test,0.395935,1.202912,1.837449,3.079962,4.847275,5.792874,7.004882,9.705114,14.462144,18.917110,24.927677
1981-02-24,3.379272,Test,0.411227,1.210643,1.839501,3.087935,4.835202,5.790357,6.945386,9.633203,14.341009,18.768581,24.686106
1981-02-25,3.379272,Test,0.408522,1.108843,1.650716,2.724489,4.124654,4.957047,5.792103,8.076321,12.135561,15.804956,20.446978
1981-02-26,3.379272,Test,0.244680,0.995909,1.520947,3.269573,5.072611,6.265409,7.700694,11.202379,19.343866,25.431543,37.691811
1981-02-27,10.137817,Test,0.294087,1.538180,2.787514,6.095069,10.489872,13.023610,15.671207,25.220785,42.102818,55.698692,94.099068
1981-02-28,18.585998,Test,1.422397,3.312101,4.935962,9.303997,15.143196,18.535902,22.864414,32.841362,44.978901,57.533287,76.810013
1981-03-01,18.585998,Test,4.728960,9.234098,12.134594,19.653416,27.079092,31.111586,35.195160,44.568771,57.024853,67.204323,86.438110
1981-03-02,18.585998,Test,8.221633,15.085422,18.385855,26.325489,32.211555,35.928043,38.401455,45.438072,56.023178,62.866928,78.200607
1981-03-03,18.585998,Test,8.084655,13.920369,16.571836,23.613699,27.934534,31.120995,32.952248,38.598366,47.411758,52.758629,65.519051
1981-03-04,16.896361,Test,7.206807,11.989537,14.493756,20.786150,24.386450,27.089848,29.149170,33.867985,41.736542,46.509983,57.968292
1981-03-05,16.896361,Test,5.699533,9.838721,12.357474,19.549894,23.178835,26.453627,30.372244,35.104675,45.770756,52.939819,72.244522
1981-03-06,16.896361,Test,5.391168,9.113201,11.668283,18.083670,21.524204,24.501343,27.827906,32.856396,41.924454,48.250210,62.153152
1981-03-07,15.206725,Test,5.002271,8.326848,10.772099,16.766493,19.797846,22.423967,25.688105,30.045492,38.357475,44.017887,56.488888
1981-03-08,13.517089,Test,5.805810,9.553069,12.275851,18.595812,21.311579,23.909224,27.193090,31.051952,39.053024,44.587536,57.637119
1981-03-09,13.517089,Test,5.094115,8.364105,10.837962,16.193081,18.937397,20.886198,23.815088,27.372610,34.207451,38.630665,48.607468
1981-03-10,13.517089,Test,4.608557,7.499418,9.769661,14.633046,17.148769,18.779016,21.661499,24.755009,30.866369,34.833103,43.643219
1981-03-11,13.517089,Test,4.572259,7.273386,9.573096,14.625375,16.856220,18.702343,21.630869,24.566322,30.765760,35.093540,44.330292
1981-03-12,13.517089,Test,3.965047,6.128591,8.163429,13.226649,15.547597,17.568983,20.737595,23.652582,31.085697,36.576527,49.895866
1981-03-13,11.827453,Test,4.433564,6.763210,8.905598,13.549356,15.929149,17.821898,20.191917,23.514383,29.813847,34.262318,43.820168
1981-03-14,11.827453,Test,5.194664,7.850292,10.159481,14.893605,17.401098,19.353394,21.151411,24.286573,30.157785,34.457012,43.973572
1981-03-15,11.827453,Test,5.492107,8.942705,11.827918,17.105509,20.371277,22.685949,24.832275,28.426701,34.471798,39.796589,50.135387
1981-03-16,11.827453,Test,5.266969,7.867242,10.176243,14.890088,17.366425,19.250278,21.208368,24.606226,30.644262,34.971279,45.414021
1981-03-17,10.137817,Test,3.778677,5.567257,7.429325,11.505883,14.044953,15.884395,17.909927,21.429733,27.700590,32.501789,42.463997
1981-03-18,10.137817,Test,1.594524,2.455251,3.470447,5.858339,7.895034,9.344164,10.772122,13.982133,19.628811,24.432329,31.501835
1981-03-19,10.137817,Test,1.237400,2.047822,2.968574,5.285514,7.166378,8.589670,10.165634,13.356208,19.224142,24.040712,30.785549
1981-03-20,10.137817,Test,1.304456,2.133561,3.091849,5.805703,7.807582,9.408297,11.268962,14.588621,21.715977,27.270502,37.366405
1981-03-21,11.827453,Test,1.456560,2.394113,3.450781,6.398793,8.581294,10.328389,12.362168,16.143892,23.695021,29.659851,40.085854
1981-03-22,11.827453,Test,1.364295,2.423939,3.474839,6.823916,9.581832,11.628307,14.046601,18.624920,28.644707,36.229374,51.619831
1981-03-23,11.827453,Test,1.939926,3.338958,4.698570,8.650103,11.744841,13.991173,16.820959,22.211012,31.562607,38.846615,51.424419
1981-03-24,11.827453,Test,1.262643,2.289804,3.303960,6.176038,8.743632,10.436323,12.662212,17.151144,24.867281,31.099934,40.471954
1981-03-25,10.137817,Test,2.164965,3.441873,4.808528,8.807871,11.442971,13.505379,16.258442,20.868961,29.772449,36.706112,50.212605
1981-03-26,11.827453,Test,1.905092,3.077292,4.291845,7.660703,10.116754,11.777300,14.088926,18.286612,25.604622,31.251717,40.897865
1981-03-27,13.517089,Test,1.429102,2.533329,3.646977,7.466188,10.438885,12.597860,15.379613,20.312992,31.559978,39.945473,58.355331
1981-03-28,18.585998,Test,1.462535,3.314981,5.150226,10.484915,16.495007,20.210997,23.546932,33.385563,50.940704,63.993622,98.861626
1981-03-29,33.792723,Test,2.909069,6.759537,9.945133,18.774298,28.283607,33.642551,40.702728,54.949486,76.998138,93.296852,139.793259
1981-03-30,62.516537,Test,6.872830,14.979719,20.789949,33.979149,44.532829,52.009686,62.551811,79.511299,106.633186,126.600113,185.573700
1981-03-31,67.585446,Test,8.642356,17.190569,23.017771,34.016937,42.011162,48.285809,54.780525,69.343491,89.145180,102.651230,148.982620
1981-04-01,69.275082,Training,7.433760,16.741678,23.380270,37.514008,47.894104,55.364388,64.576576,77.077911,101.504814,116.077423,164.168427
1981-04-02,81.102535,Training,12.036115,25.834530,34.061504,47.272289,55.410183,62.782852,69.907150,83.230133,106.005348,120.216133,166.342819
1981-04-03,77.723263,Training,12.620440,26.477871,33.407700,45.852577,51.449986,57.739307,63.598785,73.191544,92.029175,102.927299,142.794693
1981-04-04,67.585446,Training,12.471015,25.338394,30.841473,40.496197,44.911781,49.108719,52.425652,58.928333,71.513855,78.174461,104.546646
1981-04-05,55.757993,Training,11.692177,23.127199,27.801855,35.999699,39.812973,42.594570,45.156273,49.985966,59.301685,64.127953,82.268021
1981-04-06,47.309812,Training,10.124660,19.190029,22.907999,32.783489,35.761471,39.229774,43.341972,48.132797,59.692066,65.596092,94.374413
1981-04-07,40.551268,Training,10.498665,19.999001,24.061457,33.519722,36.343407,39.986969,43.343399,47.985725,58.339657,64.405663,89.058342
1981-04-08,35.482359,Training,9.767898,18.570599,22.699535,30.589016,33.842121,36.602463,38.979595,43.187332,51.436222,55.850113,72.369141
1981-04-09,40.551268,Training,8.326043,16.512581,20.368437,31.472723,36.190155,41.217945,46.622898,53.593746,70.504776,79.481239,115.535553
1981-04-10,43.930540,Training,8.262356,17.698233,22.868103,35.975685,43.519508,50.695515,58.184055,69.952583,93.451942,107.319923,154.927261
1981-04-11,48.999448,Training,9.803715,20.514618,25.865911,37.488144,43.365765,50.008675,54.420944,63.998688,81.119247,92.066193,123.560257
1981-04-12,48.999448,Training,9.256058,19.079840,23.418993,35.706055,40.812786,47.144421,52.967667,61.561550,80.972008,91.251480,136.376999
1981-04-13,50.689084,Training,9.739337,20.537983,25.042032,37.512615,42.625320,49.113461,54.808395,63.403706,83.017342,92.918579,138.991257
1981-04-14,47.309812,Training,10.111432,20.755404,25.358263,36.172550,40.434978,46.065056,49.633873,56.512138,71.086517,79.294373,109.976753
1981-04-15,43.930540,Training,9.798886,20.093275,24.312090,34.060638,38.427208,43.165882,45.932224,51.909267,64.791702,70.971611,97.958244
1981-04-16,42.240904,Training,9.357462,18.966778,22.561241,33.941654,37.743969,43.131332,47.450535,53.589321,69.495026,77.256294,112.852104
1981-04-17,40.551268,Training,8.703583,17.195395,20.891264,29.473185,33.525002,37.122589,39.672859,44.798733,55.620045,60.954025,80.250496
1981-04-18,37.171995,Training,7.697530,14.654957,17.928804,25.825586,29.448420,32.385189,34.967606,39.491386,49.048069,53.616066,70.019951
1981-04-19,33.792723,Training,7.744061,14.705116,18.045845,26.059460,29.590708,32.572071,35.190639,39.407825,48.829678,53.523251,70.162956
1981-04-20,30.413451,Training,5.906399,10.647820,13.210227,20.256756,23.228710,25.655701,28.367542,32.446758,41.358414,45.238335,60.445522
1981-04-21,27.034178,Training,5.244005,9.343979,11.578115,18.250420,20.964659,23.267464,25.892914,29.863216,38.767105,42.122288,58.178471
1981-04-22,25.344542,Training,4.632117,8.140133,10.012424,16.888918,19.331656,21.816090,24.906128,29.125235,39.289795,43.242413,63.283714
1981-04-23,23.654906,Training,4.820364,8.608946,10.818685,17.038916,19.767553,21.954903,24.563114,28.432398,36.995674,40.442284,55.118156
1981-04-24,21.965270,Training,4.888666,8.791558,11.097616,17.264051,20.069818,22.214931,24.837181,28.576195,36.908207,40.351669,54.665932
1981-04-25,20.275634,Training,4.051531,7.161219,8.931938,15.337061,17.905531,20.367371,23.478460,27.850718,38.256386,42.508839,61.877701
1981-04-26,20.275634,Training,3.864027,6.997601,8.764513,14.729107,17.601995,20.110060,22.845858,27.547567,37.887852,41.833214,59.456921
1981-04-27,18.585998,Training,4.085694,7.425575,9.267707,15.743267,18.778585,21.557096,24.658283,29.651705,40.940338,45.694351,66.324982
1981-04-28,18.585998,Training,3.427082,6.228128,7.784948,13.800622,16.815460,19.559402,22.520388,27.908487,39.817978,44.649265,64.659561
1981-04-29,16.896361,Training,2.305971,4.214486,5.404604,10.089358,12.910323,14.995310,17.807440,22.810041,32.991432,38.015099,52.483051
1981-04-30,15.206725,Training,2.482588,4.512360,5.807115,10.514970,13.285035,15.210950,18.132538,22.612270,31.834459,36.580288,49.328453
1981-05-01,13.517089,Training,1.376942,2.660309,3.508723,6.853458,9.222589,10.656050,13.170152,17.299322,25.330667,30.091320,40.961418
1981-05-02,13.517089,Training,0.397460,1.131818,1.621704,3.337249,4.828405,5.664279,7.061997,10.201314,16.309599,20.293011,28.676796
1981-05-03,13.517089,Training,0.364579,1.087712,1.564691,3.154935,4.534069,5.292805,6.587880,9.495810,15.205033,18.915319,26.782513
1981-05-04,13.517089,Training,0.346964,1.070895,1.533992,3.025063,4.281538,4.988994,6.165840,8.875252,14.335042,17.752811,25.371504
1981-05-05,13.517089,Training,0.094118,0.692055,1.085353,1.902366,2.604613,3.011804,3.633627,5.332108,9.019879,11.504300,16.448835
1981-05-06,11.827453,Training,0.095593,0.691038,1.085026,1.893675,2.608380,3.002534,3.648701,5.321992,8.878550,11.335433,16.044712
1981-05-07,11.827453,Training,0.000718,0.516479,0.862605,1.963051,2.740000,3.284444,3.954607,5.973155,11.215218,14.819617,23.602057
1981-05-08,11.827453,Training,-0.030031,0.586678,0.965404,2.434833,3.776291,4.664289,5.705137,9.398848,18.532150,25.070345,41.865566
1981-05-09,15.206725,Training,0.013923,0.748862,1.156195,2.917576,4.609541,5.764862,7.088979,12.094928,23.712664,31.960037,54.253555
1981-05-10,20.275634,Training,0.457142,1.572665,2.063312,5.564953,8.931731,11.208432,14.093937,23.470898,41.889664,52.804825,90.851234
1981-05-11,27.034178,Training,1.183417,2.976150,3.645278,9.323577,14.307964,17.794369,22.250578,34.261379,57.790764,69.739182,116.383163
1981-05-12,28.723815,Training,2.911082,6.463068,7.789502,15.476297,20.541176,25.520008,29.411072,39.865986,58.607090,66.928833,93.677040
1981-05-13,30.413451,Training,4.697449,10.048223,11.810913,20.644085,25.031939,30.123896,33.438648,41.318695,58.201065,64.422966,85.935913
1981-05-14,30.413451,Training,5.732306,12.157341,14.307155,23.231213,27.259127,31.883188,34.825787,41.215649,55.835674,60.989197,79.569237
1981-05-15,28.723815,Training,5.689790,11.486156,13.355350,22.635204,25.966091,30.030958,33.921017,39.757156,54.619476,60.196060,84.431480
1981-05-16,27.034178,Training,5.641571,11.526110,13.794352,21.980774,25.512438,29.315086,32.103703,37.624714,49.647915,54.268898,71.058723
1981-05-17,25.344542,Training,5.570944,11.124700,13.371458,21.764128,25.046972,28.690063,31.960125,37.179482,49.157818,54.327221,72.933830
1981-05-18,23.654906,Training,5.520678,11.244567,13.732458,20.954193,24.711180,27.530222,30.161734,34.819355,44.586475,48.495956,62.039715
1981-05-19,21.965270,Training,5.124043,10.064513,12.082629,20.107912,23.365616,26.482542,30.183102,34.899139,46.911343,52.236454,73.326073
1981-05-20,20.275634,Training,5.161132,11.010868,12.713449,22.737904,28.091990,32.881100,37.962860,46.201256,67.701309,76.154381,111.715141
1981-05-21,20.275634,Training,5.311415,11.352431,13.308831,23.945457,29.176523,35.072880,39.845524,49.480518,70.804398,80.836891,115.028610
1981-05-22,20.275634,Training,5.485463,11.902936,14.364061,23.080278,28.152033,32.903088,36.049461,43.066437,57.793213,64.684296,83.991096
1981-05-23,18.585998,Training,6.353497,13.675179,16.599710,25.218079,30.007778,34.069607,37.180706,42.704723,55.005180,60.766418,77.894127
1981-05-24,18.585998,Training,6.260302,13.235953,16.216013,23.795616,28.362680,31.252319,34.015125,38.574375,48.413906,52.777645,67.008171
1981-05-25,18.585998,Training,5.931723,12.407563,14.689177,23.429852,27.890438,31.479601,35.362488,40.454887,54.000889,60.108498,85.356926
1981-05-26,15.206725,Training,5.663659,11.773120,14.559437,22.200235,26.599339,30.048365,32.769997,37.916519,48.924458,54.147930,70.326271
1981-05-27,15.206725,Training,4.705241,9.524744,11.895406,18.470304,22.452032,24.985638,27.715834,32.302204,42.195667,46.297974,59.976002
1981-05-28,13.517089,Training,4.354454,8.744178,10.923491,17.339293,21.152258,23.411135,26.485231,30.915506,40.454292,44.771305,57.761501
1981-05-29,11.827453,Training,3.407698,6.524981,8.238243,14.075811,17.110456,19.081432,22.379263,26.365700,35.293655,39.757534,52.565090
1981-05-30,11.827453,Training,1.980652,3.877676,4.973579,9.404830,12.012691,13.605867,16.606157,20.690702,29.500067,34.047337,46.307045
1981-05-31,10.137817,Training,1.924505,3.824492,4.907286,9.004016,11.523699,12.919193,15.703788,19.471825,27.463524,31.481886,42.238590
1981-06-01,11.827453,Training,1.657985,3.186292,4.035204,8.464540,11.014091,12.436021,15.667892,19.727255,30.777178,35.944153,54.795990
1981-06-02,11.827453,Training,1.760470,3.435896,4.357068,9.355494,12.206204,14.202801,17.667515,23.059723,35.816277,42.247955,63.424713
1981-06-03,11.827453,Training,1.194070,2.519414,3.224443,7.611639,10.550941,12.465499,15.773631,21.902155,35.639458,42.944778,66.974800
1981-06-04,11.827453,Training,1.710224,3.699590,4.706400,9.381920,12.739258,14.935957,18.134518,24.117481,35.763531,41.824875,58.229359
1981-06-05,11.827453,Training,1.917184,4.037042,5.126765,9.723972,12.863127,14.699739,17.905937,22.854126,32.849899,37.975754,51.758930
1981-06-06,10.137817,Training,2.661426,5.397554,6.817724,11.944113,15.109146,16.874910,20.106903,24.401867,33.618690,37.919434,50.298756
1981-06-07,10.137817,Training,2.251884,4.571968,5.812582,10.201196,12.976162,14.350366,17.307276,21.042570,29.091223,32.841934,43.595631
1981-06-08,10.137817,Training,0.808880,1.940012,2.603521,5.157031,7.049852,7.965562,10.063239,13.405595,20.024206,23.899073,33.105225
1981-06-09,10.137817,Training,0.485132,1.390010,1.948048,3.892916,5.381019,6.120288,7.738909,10.660122,16.506718,20.064257,28.236597
1981-06-10,8.448181,Training,0.465793,1.400517,1.951555,3.671382,5.090353,5.715271,7.174243,9.848099,15.117762,18.202765,25.461792
1981-06-11,10.137817,Training,0.543571,1.513075,2.078731,3.872167,5.296415,5.922005,7.435079,9.994521,15.072152,18.030828,25.024395
1981-06-12,8.448181,Training,0.736265,1.785001,2.393409,4.430523,5.908248,6.571385,8.163252,10.651792,15.730590,18.619535,25.805984
1981-06-13,8.448181,Training,0.255898,0.960963,1.400394,2.358819,3.047705,3.401208,4.020788,5.574415,8.943485,10.947350,15.955443
1981-06-14,6.758545,Training,0.244998,0.934377,1.362889,2.217284,2.792838,3.117020,3.617658,5.003064,8.092167,9.915456,14.564406
1981-06-15,6.758545,Training,0.209823,0.891112,1.307951,2.039427,2.511467,2.808195,3.222030,4.455545,7.293256,8.947489,13.159893
1981-06-16,6.758545,Training,0.209707,0.843544,1.259108,2.123552,2.551071,2.912912,3.352221,4.641822,7.737345,9.580531,14.207899
1981-06-17,5.068908,Training,0.203686,0.863818,1.289426,2.128241,2.594682,2.955723,3.408033,4.729395,7.827643,9.645852,14.163696
1981-06-18,5.068908,Training,0.219381,0.927601,1.357755,2.128422,2.635983,2.964245,3.416479,4.711873,7.675592,9.351043,13.641446
1981-06-19,5.068908,Training,0.231482,0.977163,1.427469,2.346816,3.008919,3.396097,4.028750,5.561785,8.959625,10.854515,15.532935
1981-06-20,5.068908,Training,0.142456,0.817592,1.184871,1.663140,1.930296,2.155215,2.405148,3.277653,5.472402,6.783473,10.035205
1981-06-21,5.068908,Training,0.161403,0.834855,1.167916,1.540709,1.701191,1.873944,2.035393,2.684981,4.427950,5.562681,8.352606
1981-06-22,5.068908,Training,0.202119,0.857257,1.161438,1.513342,1.586043,1.738859,1.833874,2.319304,3.724331,4.763808,7.268808
1981-06-23,5.068908,Training,0.205928,0.842526,1.152258,1.539807,1.589694,1.767101,1.853544,2.339419,3.771727,4.852584,7.446200
1981-06-24,5.068908,Training,0.216462,0.882106,1.174699,1.489702,1.558923,1.683802,1.763609,2.210178,3.508644,4.467503,6.891242
1981-06-25,5.068908,Training,0.213338,0.881249,1.176293,1.491830,1.558949,1.686846,1.768296,2.215055,3.526793,4.495139,6.920682
1981-06-26,5.068908,Training,0.206250,0.879389,1.178409,1.506575,1.571524,1.713884,1.798784,2.261511,3.642412,4.659225,7.129782
1981-06-27,5.068908,Training,0.205966,0.874376,1.178074,1.512261,1.574122,1.721971,1.805421,2.269628,3.655421,4.678775,7.154391
1981-06-28,5.068908,Training,0.214154,0.887231,1.183938,1.500383,1.558203,1.691496,1.769218,2.210843,3.539372,4.523302,6.957195
1981-06-29,3.379272,Training,0.211296,0.873662,1.179924,1.511750,1.563273,1.713211,1.787622,2.237611,3.590673,4.596054,7.060049
1981-06-30,3.379272,Training,0.165682,0.746638,1.020398,1.509784,1.528151,1.744265,1.820233,2.307251,3.841108,5.023448,8.148615
1981-07-01,3.379272,Training,0.080473,0.684468,0.963167,1.487278,1.609785,1.872084,1.960495,2.566541,4.508982,6.089724,10.229060
1981-07-02,3.379272,Training,0.134277,0.864835,1.261852,1.581978,1.760797,1.976445,2.081489,2.728535,4.646943,6.108507,9.448355
1981-07-03,3.379272,Training,0.117671,0.839415,1.240527,1.588445,1.793073,2.013134,2.163968,2.868967,4.958885,6.443635,9.883686
1981-07-04,3.379272,Training,0.054735,0.767910,1.201002,1.663647,2.010091,2.278266,2.576529,3.604343,6.379937,8.094713,12.218275
1981-07-05,3.379272,Training,0.103141,0.808090,1.213794,1.612851,1.869189,2.087867,2.313850,3.154254,5.462883,6.905836,10.464873
1981-07-06,1.689636,Training,0.131434,0.828522,1.217699,1.584168,1.794092,1.985578,2.176473,2.914521,4.973128,6.266624,9.562108
1981-07-07,1.689636,Training,0.132429,0.823704,1.208974,1.579878,1.783394,1.974444,2.168556,2.906276,4.961188,6.242318,9.494036
1981-07-08,1.689636,Training,0.125946,0.806467,1.194805,1.588744,1.790872,1.996802,2.199752,2.964091,5.089602,6.411857,9.700264
1981-07-09,1.689636,Training,0.113827,0.774304,1.169982,1.609878,1.810040,2.045143,2.261965,3.073722,5.332647,6.746478,10.152637
1981-07-10,1.689636,Training,0.117365,0.797994,1.182537,1.575583,1.791111,1.989622,2.212683,2.996131,5.145342,6.437746,9.730466
1981-07-11,1.689636,Training,0.115085,0.789551,1.171853,1.574378,1.793640,1.991729,2.223171,3.010652,5.158107,6.413507,9.717656
1981-07-12,1.689636,Training,0.147062,0.814072,1.189358,1.571454,1.740839,1.927011,2.107429,2.800152,4.756446,5.911119,9.081838
1981-07-13,1.689636,Training,0.160425,0.821157,1.198156,1.605009,1.768188,1.962587,2.131503,2.828834,4.808620,5.955406,9.207431
1981-07-14,1.689636,Training,0.166025,0.824185,1.204067,1.633093,1.799715,2.001525,2.170305,2.886887,4.917037,6.071446,9.418468
1981-07-15,1.689636,Training,0.179628,0.836261,1.213799,1.635044,1.780191,1.982076,2.126585,2.811254,4.780061,5.899721,9.195735
1981-07-16,1.689636,Training,0.162168,0.817514,1.197770,1.615386,1.766889,1.977439,2.135249,2.837546,4.845757,5.986496,9.263409
1981-07-17,1.689636,Training,0.115136,0.785889,1.168414,1.552644,1.749193,1.955844,2.172643,2.935226,5.044418,6.241063,9.478434
1981-07-18,1.689636,Training,0.093876,0.768554,1.159589,1.577750,1.822375,2.052542,2.317909,3.178047,5.484671,6.754692,10.156016
1981-07-19,1.689636,Training,0.148048,0.810109,1.170766,1.499052,1.620268,1.798945,1.944218,2.548305,4.322867,5.382843,8.310159
1981-07-20,1.689636,Training,0.229112,0.869717,1.174319,1.463525,1.474519,1.585399,1.636892,1.982180,3.174780,4.029386,6.451160
1981-07-21,1.689636,Training,0.231774,0.870563,1.176669,1.463905,1.470484,1.581979,1.629945,1.969656,3.154775,4.004456,6.420657
1981-07-22,1.689636,Training,0.218923,0.876154,1.187054,1.446546,1.469472,1.574340,1.647537,2.002951,3.233396,4.125881,6.524585
1981-07-23,1.689636,Training,0.219201,0.880009,1.196191,1.453497,1.477747,1.586946,1.661854,2.024893,3.286251,4.205981,6.617515
1981-07-24,1.689636,Training,0.221110,0.880562,1.198290,1.451465,1.472964,1.582161,1.654681,2.013881,3.269664,4.184084,6.587725
1981-07-25,1.689636,Training,0.221368,0.872473,1.186639,1.437543,1.454320,1.557314,1.626147,1.971221,3.185292,4.057663,6.438879
1981-07-26,1.689636,Training,0.230268,0.865899,1.179793,1.444412,1.446983,1.553536,1.603227,1.932541,3.110755,3.944253,6.328975
1981-07-27,1.689636,Training,0.239359,0.866699,1.181395,1.454110,1.445756,1.556460,1.590581,1.909877,3.070158,3.888809,6.287386
1981-07-28,1.689636,Training,0.243450,0.870443,1.187498,1.452625,1.440691,1.549219,1.581669,1.893291,3.041227,3.853578,6.240934
1981-07-29,1.689636,Training,0.237991,0.868938,1.189908,1.440406,1.433739,1.539498,1.580848,1.896088,3.053578,3.871816,6.243094
1981-07-30,1.689636,Training,0.221484,0.827936,1.174144,1.479223,1.461756,1.617585,1.668307,2.025219,3.317306,4.257573,6.790278
1981-07-31,1.689636,Training,0.217363,0.856231,1.208969,1.462756,1.473698,1.611284,1.677171,2.052726,3.384886,4.358057,6.840302
1981-08-01,1.689636,Training,0.200119,0.796461,1.160579,1.512259,1.500868,1.693805,1.769352,2.191709,3.700723,4.838412,7.674922
1981-08-02,1.689636,Training,0.203599,0.841944,1.196977,1.425994,1.449212,1.571913,1.640892,2.014669,3.323864,4.253096,6.744245
1981-08-03,1.689636,Training,0.211001,0.841009,1.190433,1.414225,1.429170,1.539500,1.599420,1.949069,3.202011,4.066813,6.521668
1981-08-04,1.689636,Training,0.169500,0.726882,1.089629,1.479587,1.466605,1.668162,1.744077,2.174447,3.725543,4.847565,7.922187
1981-08-05,1.689636,Training,0.187712,0.821220,1.193650,1.407612,1.446802,1.563456,1.637566,2.026402,3.381603,4.309931,6.888359
1981-08-06,1.689636,Training,0.190944,0.823831,1.196342,1.399595,1.438206,1.549810,1.626293,2.009782,3.355990,4.273878,6.819965
1981-08-07,1.689636,Training,0.171947,0.804571,1.189940,1.392457,1.450557,1.569016,1.659312,2.075074,3.507864,4.472549,7.103713
1981-08-08,1.689636,Training,0.176257,0.807569,1.191710,1.384933,1.439274,1.551898,1.645534,2.057777,3.475687,4.428039,7.005985
1981-08-09,1.689636,Training,0.182897,0.801135,1.182795,1.383795,1.425471,1.535266,1.620229,2.017141,3.397013,4.306390,6.847946
1981-08-10,1.689636,Training,0.188167,0.798752,1.180414,1.382547,1.416253,1.525402,1.603265,1.991671,3.348822,4.236604,6.752880
1981-08-11,1.689636,Training,0.188827,0.800289,1.183259,1.372861,1.407093,1.511859,1.593910,1.980921,3.329458,4.216356,6.705275
1981-08-12,1.689636,Training,0.191087,0.803195,1.189035,1.365461,1.398977,1.501458,1.584485,1.969503,3.309394,4.197005,6.663758
1981-08-13,1.689636,Training,0.196273,0.797990,1.185450,1.364270,1.387496,1.493320,1.564396,1.939315,3.253051,4.113293,6.565408
1981-08-14,1.689636,Training,0.201497,0.793245,1.184103,1.367577,1.382109,1.491520,1.550462,1.918996,3.218534,4.060748,6.513721
1981-08-15,1.689636,Training,0.194565,0.787872,1.181949,1.355095,1.376423,1.482408,1.551124,1.928398,3.242123,4.093647,6.540181
1981-08-16,1.689636,Training,0.169551,0.735837,1.156056,1.404219,1.424560,1.586313,1.681430,2.133468,3.662385,4.703485,7.395552
1981-08-17,1.689636,Training,0.156664,0.760319,1.167826,1.320977,1.381825,1.489122,1.595562,2.040502,3.486753,4.428387,6.931420
1981-08-18,1.689636,Training,0.172950,0.780958,1.193218,1.332435,1.387990,1.486192,1.588642,2.015562,3.428678,4.367963,6.853963
1981-08-19,1.689636,Training,0.156704,0.763616,1.181260,1.318895,1.388469,1.491342,1.603804,2.059091,3.527495,4.495203,7.015410
1981-08-20,1.689636,Training,0.178570,0.760838,1.203895,1.398900,1.435785,1.579989,1.681849,2.139507,3.671042,4.742040,7.387163
1981-08-21,1.689636,Training,0.182142,0.776466,1.191209,1.315345,1.356682,1.448785,1.537576,1.936636,3.270597,4.148226,6.589471
1981-08-22,1.689636,Training,0.173171,0.757242,1.174263,1.310811,1.353738,1.453537,1.537881,1.951201,3.311562,4.180865,6.646764
1981-08-23,1.689636,Training,0.202643,0.790223,1.206062,1.322948,1.349640,1.429388,1.505068,1.865893,3.116207,3.948422,6.336230
1981-08-24,1.689636,Training,0.201664,0.791256,1.209215,1.316300,1.347257,1.423221,1.503643,1.868178,3.120968,3.958377,6.337043
1981-08-25,1.689636,Training,0.203749,0.788731,1.208386,1.314868,1.343231,1.419392,1.495151,1.856980,3.099974,3.926390,6.298143
1981-08-26,1.689636,Training,0.202785,0.789264,1.210777,1.308730,1.340804,1.414052,1.493088,1.857975,3.101912,3.931629,6.296255
1981-08-27,1.689636,Training,0.200014,0.791089,1.216116,1.301168,1.340191,1.411183,1.496681,1.869606,3.125546,3.970969,6.332546
1981-08-28,1.689636,Training,0.197050,0.795391,1.225914,1.297270,1.346043,1.414545,1.508074,1.893565,3.174182,4.046998,6.412458
1981-08-29,1.689636,Training,0.196535,0.796414,1.229504,1.294388,1.346581,1.413010,1.508950,1.898319,3.184002,4.062284,6.424816
1981-08-30,1.689636,Training,0.192667,0.791450,1.242249,1.319861,1.377735,1.462166,1.563648,1.983833,3.352974,4.306552,6.726581
1981-08-31,6.758545,Training,0.192896,0.800389,1.246123,1.298192,1.363380,1.432066,1.536866,1.951068,3.293802,4.222670,6.607833
1981-09-01,1.689636,Training,0.190389,0.798409,1.244079,1.290387,1.358677,1.425149,1.531675,1.948344,3.289220,4.214083,6.592708
1981-09-02,1.689636,Training,0.185319,0.789580,1.230653,1.276019,1.344973,1.408509,1.515229,1.929562,3.252004,4.153527,6.516187
1981-09-03,1.689636,Training,0.179095,0.768412,1.202089,1.265344,1.327801,1.395112,1.492882,1.902999,3.203640,4.059716,6.415500
1981-09-04,1.689636,Training,0.212627,0.795469,1.231792,1.294381,1.332619,1.393829,1.466887,1.830921,3.044524,3.851877,6.179978
1981-09-05,1.689636,Training,0.207030,0.797935,1.234336,1.284232,1.332623,1.388864,1.473314,1.847037,3.074251,3.897792,6.221572
1981-09-06,1.689636,Training,0.201292,0.798937,1.236566,1.275540,1.333581,1.387347,1.480679,1.865969,3.111054,3.952560,6.276300
1981-09-07,1.689636,Training,0.190770,0.797228,1.237755,1.265820,1.338429,1.391877,1.497065,1.904240,3.189098,4.063873,6.396694
1981-09-08,1.689636,Training,0.212546,0.811740,1.251583,1.280374,1.334184,1.385201,1.472728,1.846233,3.063611,3.893330,6.204835
1981-09-09,1.689636,Training,0.211996,0.813587,1.254513,1.278169,1.334790,1.385122,1.474185,1.850615,3.070971,3.904068,6.214683
1981-09-10,1.689636,Training,0.206633,0.825806,1.274625,1.278624,1.352650,1.399133,1.504677,1.903832,3.174429,4.062076,6.385137
1981-09-11,1.689636,Training,0.200490,0.800390,1.272811,1.336985,1.403790,1.495834,1.605350,2.048033,3.450228,4.457819,6.927103
1981-09-12,1.689636,Training,0.202308,0.834217,1.294378,1.288354,1.377198,1.426141,1.542773,1.969053,3.305007,4.248897,6.603288
1981-09-13,1.689636,Training,0.204364,0.829420,1.280418,1.274277,1.355741,1.400015,1.509580,1.917136,3.196498,4.088179,6.412346
1981-09-14,1.689636,Training,0.203344,0.824210,1.272455,1.269938,1.349588,1.393565,1.500304,1.903692,3.168936,4.041271,6.359746
1981-09-15,1.689636,Training,0.207437,0.823464,1.269707,1.272539,1.346823,1.391309,1.491265,1.887139,3.133081,3.983612,6.295721
1981-09-16,1.689636,Training,0.206350,0.811630,1.269440,1.299918,1.368887,1.435426,1.531111,1.943114,3.236832,4.126349,6.489236
1981-09-17,1.689636,Training,0.196885,0.804071,1.274588,1.324637,1.402199,1.488120,1.600243,2.050104,3.441993,4.425804,6.873580
1981-09-18,1.689636,Training,0.195040,0.816278,1.293069,1.328503,1.418144,1.501049,1.622139,2.087354,3.511912,4.531294,6.986323
1981-09-19,1.689636,Training,0.193525,0.811212,1.286290,1.323753,1.411974,1.496502,1.614773,2.078288,3.492760,4.497329,6.955071
1981-09-20,1.689636,Training,0.119607,0.653147,1.034129,1.304937,1.401444,1.545466,1.682263,2.217256,3.961298,5.259971,8.847834
1981-09-21,1.689636,Training,0.124504,0.780778,1.318078,1.342163,1.517159,1.637438,1.795840,2.432122,4.255015,5.579261,8.486383
1981-09-22,1.689636,Training,0.129222,0.799951,1.324432,1.317102,1.502669,1.597837,1.764167,2.377531,4.156114,5.418959,8.213433
1981-09-23,1.689636,Training,0.127681,0.805706,1.328725,1.300834,1.495206,1.572026,1.754052,2.356972,4.113421,5.357605,8.124704
1981-09-24,1.689636,Training,0.135351,0.781484,1.316105,1.383499,1.552261,1.684719,1.867120,2.514990,4.405308,5.766553,8.659971
1981-09-25,1.689636,Training,-0.019337,0.612136,1.091837,1.461899,1.837371,2.107176,2.326734,3.260059,6.281774,8.881044,15.324713
1981-09-26,5.068908,Training,-0.051365,0.737505,1.512968,1.875113,2.464185,2.941549,3.490598,5.417518,11.008976,15.833858,25.751310
1981-09-27,1.689636,Training,-0.079545,0.735010,1.479952,2.014103,2.694001,3.252936,3.893244,6.129406,12.731878,18.411476,31.498463
1981-09-28,1.689636,Training,-0.107005,0.699352,1.564010,1.626202,2.225838,2.607143,3.165258,4.885009,9.501552,13.187019,19.935997
1981-09-29,1.689636,Training,-0.106131,0.644601,1.388749,1.419720,1.944473,2.212349,2.692414,4.105943,7.822847,10.515351,15.783733
1981-09-30,1.689636,Training,-0.022908,0.714355,1.370250,1.334930,1.730762,1.883903,2.233488,3.263165,6.017730,7.901718,11.859359
1981-10-01,1.689636,Validation,-0.025419,0.606765,1.099665,1.533580,1.921523,2.197792,2.568748,3.860423,7.611211,10.264994,16.896479
1981-10-02,1.689636,Validation,-0.049288,0.651297,1.327613,1.508448,1.963082,2.254829,2.650131,4.040751,7.661369,10.274508,15.229098
1981-10-03,1.689636,Validation,-0.083058,0.639440,1.172656,1.662441,2.239911,2.610227,3.051687,4.731989,9.710846,13.618570,23.502728
1981-10-04,1.689636,Validation,-0.039673,1.030069,1.978529,2.652567,3.587330,4.375583,5.250989,8.287025,17.041737,25.391983,45.291759
1981-10-05,15.206725,Validation,0.364828,2.287817,4.657675,6.178870,6.833206,9.335043,10.178828,15.526427,29.931454,45.944302,85.042259
1981-10-06,3.379272,Validation,-0.198745,0.862714,2.350870,3.792127,6.148668,8.308231,11.958911,20.715448,37.615879,55.964668,89.212303
1981-10-07,1.689636,Validation,-0.338389,0.511053,1.701212,2.559858,5.068364,6.600980,9.852534,16.847692,28.316645,41.144646,60.834942
1981-10-08,1.689636,Validation,-0.222971,0.531280,1.381350,2.256044,3.596933,4.590631,6.217796,10.348008,18.792675,25.557322,37.266018
1981-10-09,1.689636,Validation,-0.281778,0.434553,1.163219,1.708817,3.105583,3.719228,5.232309,8.689329,14.826818,19.825260,27.865757
1981-10-10,1.689636,Validation,-0.246132,0.445261,1.082763,1.539606,2.686854,3.147943,4.326625,7.050635,11.882423,15.604581,21.693575
1981-10-11,1.689636,Validation,-0.210981,0.487708,1.103288,1.679523,2.971725,3.448602,4.795258,7.654434,12.371383,16.193628,22.025286
1981-10-12,1.689636,Validation,-0.159830,0.553089,1.156377,1.788887,3.111729,3.578907,4.964612,7.721457,12.147147,15.748845,21.186296
1981-10-13,1.689636,Validation,-0.139830,0.584349,1.168623,1.795748,3.087204,3.536531,4.886475,7.499808,11.730053,15.193218,20.250704
1981-10-14,1.689636,Validation,-0.164574,0.517122,1.048314,1.494865,2.458575,2.823812,3.795377,5.876972,9.594383,12.383461,16.701086
1981-10-15,1.689636,Validation,-0.155095,0.514553,1.029126,1.356937,2.102703,2.411450,3.142312,4.863673,8.214935,10.552555,14.428873
1981-10-16,1.689636,Validation,-0.109842,0.556157,1.061215,1.260775,1.793598,2.038057,2.544452,3.887758,6.736217,8.559993,11.985365
1981-10-17,1.689636,Validation,-0.095025,0.466118,0.837292,1.380860,1.828013,2.109985,2.442845,3.708960,7.284999,9.815902,16.305595
1981-10-18,1.689636,Validation,-0.141691,0.532777,1.129890,1.702726,2.315981,2.794365,3.387740,5.562671,11.139320,15.242771,24.528854
1981-10-19,1.689636,Validation,-0.289034,0.386478,1.032683,1.293057,2.146636,2.555993,3.312172,5.579339,10.408364,13.956694,20.534628
1981-10-20,1.689636,Validation,-0.221022,0.446239,1.030209,1.277077,2.005774,2.322371,3.005783,4.833563,8.694588,11.359703,16.293987
1981-10-21,1.689636,Validation,-0.218998,0.447385,1.013363,1.336931,2.146286,2.476599,3.259588,5.183805,9.085721,11.888685,16.708481
1981-10-22,1.689636,Validation,-0.144790,0.537265,1.091709,1.364032,2.020004,2.298446,2.905048,4.453489,7.828043,10.193808,14.372337
1981-10-23,1.689636,Validation,-0.068645,0.625558,1.172450,1.357301,1.848556,2.069744,2.513946,3.727941,6.569107,8.510093,12.125920
1981-10-24,1.689636,Validation,0.070048,0.799011,1.330356,1.389830,1.684212,1.801161,2.077492,2.880388,4.998997,6.432029,9.305530
1981-10-25,1.689636,Validation,0.099639,0.825481,1.361006,1.428004,1.708034,1.830292,2.092663,2.852067,4.902886,6.338204,9.187217
1981-10-26,1.689636,Validation,0.069599,0.792151,1.307485,1.374041,1.652404,1.768166,2.037970,2.820468,4.871818,6.250051,9.017361
1981-10-27,1.689636,Validation,0.099241,0.821672,1.349696,1.422382,1.692923,1.816255,2.073627,2.821859,4.836067,6.243855,9.045912
1981-10-28,1.689636,Validation,0.078776,0.800260,1.317134,1.387800,1.657227,1.776326,2.038984,2.801220,4.818056,6.191479,8.945191
1981-10-29,1.689636,Validation,0.060394,0.779273,1.290702,1.366757,1.643936,1.764631,2.037230,2.823414,4.869041,6.240158,8.985549
1981-10-30,1.689636,Validation,0.048590,0.763349,1.278406,1.377357,1.675333,1.810368,2.099793,2.923908,5.052197,6.489012,9.303450
1981-10-31,1.689636,Validation,0.022504,0.730802,1.230334,1.311688,1.600885,1.727602,2.016559,2.853269,4.936304,6.282838,8.999155
1981-11-01,1.689636,Validation,0.006332,0.708931,1.204303,1.289497,1.588197,1.719488,2.017194,2.882022,4.987459,6.327972,9.041786
1981-11-02,1.689636,Validation,-0.013143,0.683627,1.175863,1.273699,1.591285,1.731294,2.045576,2.954091,5.118415,6.479609,9.221669
1981-11-03,1.689636,Validation,-0.028300,0.666232,1.156601,1.271573,1.608775,1.758122,2.091443,3.042592,5.276894,6.672015,9.445257
1981-11-04,1.689636,Validation,-0.052012,0.638198,1.125747,1.273893,1.648196,1.812296,2.182103,3.207577,5.571306,7.038214,9.882001
1981-11-05,1.689636,Validation,0.015860,0.719976,1.201032,1.283665,1.572869,1.687054,1.974337,2.808486,4.810650,6.070912,8.657221
1981-11-06,1.689636,Validation,0.059373,0.775235,1.257589,1.308207,1.553063,1.644841,1.895625,2.627684,4.452475,5.635883,8.110262
1981-11-07,1.689636,Validation,0.049249,0.766478,1.249479,1.314611,1.569542,1.665976,1.930871,2.681808,4.558836,5.778193,8.268463
1981-11-08,1.689636,Validation,0.032351,0.749651,1.234590,1.324238,1.600499,1.707044,1.995601,2.785420,4.760551,6.044037,8.583097
1981-11-09,1.689636,Validation,0.004376,0.700666,1.198915,1.354694,1.655910,1.812358,2.132148,3.025234,5.224225,6.646461,9.322269
1981-11-10,1.689636,Validation,0.012035,0.719570,1.201075,1.297753,1.585534,1.703971,2.000073,2.831783,4.840993,6.115279,8.653922
1981-11-11,1.689636,Validation,0.024032,0.733131,1.213533,1.298966,1.575225,1.687731,1.969004,2.776193,4.726242,5.961936,8.465063
1981-11-12,1.689636,Validation,0.035885,0.742413,1.227764,1.319777,1.587098,1.706137,1.974622,2.776049,4.715033,5.950438,8.452675
1981-11-13,1.689636,Validation,0.042396,0.757603,1.238076,1.313219,1.573495,1.678030,1.943632,2.713951,4.597384,5.801689,8.256022
1981-11-14,1.689636,Validation,0.050380,0.769016,1.251482,1.329436,1.583653,1.687718,1.948747,2.707369,4.580249,5.789187,8.234324
1981-11-15,1.689636,Validation,0.060071,0.786486,1.273083,1.355621,1.607974,1.709851,1.973539,2.714861,4.597808,5.833210,8.287242
1981-11-16,1.689636,Validation,0.076365,0.802575,1.288018,1.359853,1.593203,1.690818,1.936445,2.647345,4.459687,5.652861,8.058608
1981-11-17,1.689636,Validation,0.102029,0.802277,1.317475,1.487291,1.689550,1.853933,2.093889,2.843086,4.838647,6.214719,8.843546
1981-11-18,1.689636,Validation,0.122149,0.862857,1.346611,1.395236,1.600098,1.672904,1.891269,2.522182,4.194683,5.329995,7.668703
1981-11-19,1.689636,Validation,0.131162,0.869646,1.350467,1.389382,1.584659,1.653829,1.859369,2.477386,4.097722,5.195443,7.501229
1981-11-20,1.689636,Validation,0.127571,0.867744,1.350033,1.393673,1.594823,1.664538,1.874775,2.499088,4.139945,5.255088,7.567955
1981-11-21,1.689636,Validation,0.123606,0.862458,1.342976,1.388891,1.593273,1.663939,1.875896,2.507157,4.152199,5.266757,7.571889
1981-11-22,1.689636,Validation,0.121145,0.861782,1.343078,1.395733,1.604777,1.676723,1.894173,2.530363,4.197296,5.329986,7.642392
1981-11-23,1.689636,Validation,0.124058,0.855450,1.338920,1.399300,1.603247,1.686273,1.894345,2.540370,4.205757,5.334957,7.643171
1981-11-24,1.689636,Validation,0.123103,0.832664,1.337365,1.470526,1.666897,1.803151,2.017918,2.718574,4.550531,5.817567,8.276264
1981-11-25,1.689636,Validation,0.102884,0.838739,1.316575,1.383232,1.608300,1.687047,1.916514,2.585982,4.299059,5.448872,7.760258
1981-11-26,1.689636,Validation,0.096472,0.837623,1.321668,1.405377,1.647181,1.731795,1.978091,2.666925,4.459251,5.670531,8.034912
1981-11-27,1.689636,Validation,0.110123,0.857976,1.351297,1.446019,1.697311,1.785642,2.036026,2.723924,4.556897,5.822863,8.241983
1981-11-28,1.689636,Validation,0.118797,0.866470,1.356764,1.443589,1.682970,1.765696,2.005131,2.673103,4.455117,5.688925,8.073883
1981-11-29,1.689636,Validation,0.129674,0.880379,1.387866,1.502026,1.768694,1.868859,2.123110,2.818302,4.705835,6.052169,8.565783
1981-11-30,1.689636,Validation,0.120491,0.868889,1.379740,1.510483,1.796203,1.906360,2.174290,2.901267,4.855666,6.251409,8.815855
1981-12-01,1.689636,Test,0.121800,0.866296,1.388941,1.547687,1.863706,1.994255,2.279905,3.050285,5.104791,6.598357,9.282619
1981-12-02,1.689636,Test,0.097314,0.840041,1.358730,1.531413,1.867353,2.003691,2.309295,3.122297,5.251175,6.773252,9.474403
1981-12-03,1.689636,Test,0.111387,0.839306,1.376605,1.603760,1.995230,2.175757,2.515358,3.409002,5.688035,7.379427,10.324715
1981-12-04,1.689636,Test,0.136389,0.845447,1.385246,1.645040,2.061436,2.271524,2.630640,3.560119,5.854113,7.607446,10.699584
1981-12-05,1.689636,Test,0.117142,0.822923,1.364184,1.664155,2.138549,2.375867,2.778387,3.811017,6.268833,8.143988,11.408282
1981-12-06,1.689636,Test,0.135998,0.833660,1.378287,1.666605,2.124655,2.364949,2.750181,3.758592,6.158387,8.021954,11.315715
1981-12-07,1.689636,Test,0.124859,0.833800,1.386397,1.673047,2.146277,2.388367,2.775519,3.812963,6.278961,8.195322,11.571175
1981-12-08,1.689636,Test,0.072299,0.777763,1.344452,1.752302,2.194731,2.500235,2.900693,4.073735,7.021546,9.221539,12.904848
1981-12-09,1.689636,Test,0.016902,0.663932,1.134704,1.739877,2.150917,2.514401,2.912756,4.232681,7.781736,10.336475,15.751899
1981-12-10,1.689636,Test,-0.089033,0.641219,1.147825,1.890463,2.554284,3.077091,3.659345,5.748488,11.508615,15.855759,26.141430
1981-12-11,1.689636,Test,-0.128697,0.707774,1.414208,2.438640,3.420042,4.269181,5.273206,8.766807,17.566765,24.513090,41.894936
1981-12-12,1.689636,Test,-0.142053,0.785086,1.598808,3.178093,4.866076,6.116060,7.823082,13.354135,25.677479,35.415791,62.023918
1981-12-13,10.137817,Test,0.025556,1.248993,2.535119,5.406307,9.316350,11.667483,15.161253,25.130013,42.736542,57.231659,99.633148
1981-12-14,11.827453,Test,1.903983,5.088887,7.727742,15.391798,24.985384,29.253050,38.885849,52.309334,72.561806,87.781067,137.297211
1981-12-15,8.448181,Test,5.357523,12.388567,17.206062,29.767075,39.534267,45.294590,55.639126,67.357933,88.037384,100.404724,146.678940
1981-12-16,21.965270,Test,8.218740,20.236683,28.012165,42.258221,55.876766,61.687752,72.621574,85.342560,108.526161,121.203773,168.266907
1981-12-17,20.275634,Test,14.979012,39.936378,54.412647,71.802345,88.522102,95.028633,107.440491,122.078850,147.517609,162.642029,209.380905
1981-12-18,23.654906,Test,22.029818,57.256741,73.194733,86.339432,99.599190,103.659676,114.868813,128.382904,145.775208,163.756180,198.344147
1981-12-19,23.654906,Test,20.216583,49.320213,62.253883,72.153534,83.024734,84.773338,91.806038,103.076752,113.171280,124.823692,143.789230
1981-12-20,30.413451,Test,18.486401,48.388535,63.290562,78.083603,91.216057,96.797386,108.109009,120.969734,140.991272,156.644821,196.300995
1981-12-21,118.274530,Test,23.045301,65.425865,89.122871,110.213234,126.092308,133.803131,146.348434,163.472427,191.012085,204.538910,256.315857
1981-12-22,179.101432,Test,24.648508,71.328995,92.048943,111.235291,127.355186,131.928223,147.866516,163.278885,196.008499,210.235580,261.226654
1981-12-23,155.446526,Test,27.709415,81.962967,107.139702,126.402130,143.442795,148.313934,162.686172,179.802261,210.644409,225.249954,274.638245
1981-12-24,172.342887,Test,29.580551,85.166496,106.883469,117.442131,128.696518,130.890839,142.439987,153.999435,175.954224,197.007309,230.620819
1981-12-25,109.826350,Test,24.915705,66.099838,81.781174,88.838654,99.368652,99.831055,106.644020,116.532860,127.612946,141.568161,160.814270
1981-12-26,101.378169,Test,26.330460,74.143715,96.514305,113.063339,124.888718,131.938614,141.970230,157.401917,175.359390,192.756531,237.499466
1981-12-27,118.274530,Test,31.989872,96.354187,123.647377,139.656708,153.842987,158.506729,171.075089,188.959747,212.782089,232.326096,277.687897
1981-12-28,165.584343,Test,34.343410,104.732544,137.121033,156.262131,171.392899,178.147018,189.949707,211.629959,237.018143,255.882767,305.886719
1981-12-29,165.584343,Test,36.375294,111.700348,139.143661,151.371597,167.997879,169.232422,184.284119,202.558685,227.068771,250.753479,290.410767
1981-12-30,202.756338,Test,36.706028,114.960030,149.666626,168.289307,183.971573,190.420609,201.604675,224.701843,250.234772,269.513306,321.336304
1981-12-31,168.963615,Test,36.364819,110.489059,134.928574,142.408554,154.941467,154.535873,167.891647,181.309479,203.328751,228.863358,264.125885
1982-01-01,128.412347,Test,28.770626,82.790962,102.157295,106.000969,117.748840,117.086716,124.253868,133.473022,148.527481,167.412888,184.817093
1982-01-02,96.309260,Test,23.543009,64.212578,77.512169,81.588676,91.556015,90.134697,95.162445,102.744263,112.910881,125.115387,140.461807
1982-01-03,79.412899,Test,23.654343,67.283539,81.253166,94.359329,104.662582,107.648170,118.454422,129.979843,148.288651,163.264923,205.516525
1982-01-04,74.343991,Test,22.709505,64.710243,79.577705,84.303032,94.899284,94.810074,99.320602,108.781219,121.546913,134.045929,147.947327
1982-01-05,69.275082,Test,18.348791,48.199757,58.317562,64.836960,73.146255,73.724167,76.960098,84.456673,94.648972,102.992729,116.346283
1982-01-06,64.206174,Test,15.781950,39.001808,46.702995,52.293995,59.724537,59.081249,61.808929,68.011024,74.973778,79.983147,91.058754
1982-01-07,57.447629,Test,14.743388,33.483345,40.180546,46.315300,52.293503,52.097763,54.392597,59.501148,65.134773,69.716576,81.584984
1982-01-08,48.999448,Test,12.977648,28.376060,34.300007,40.587555,45.606895,45.509460,47.716579,52.106651,57.146973,60.646721,71.308479
1982-01-09,40.551268,Test,11.321596,23.361382,28.741447,36.264175,39.546349,40.971794,43.378216,47.333755,52.620907,56.288570,67.300667
1982-01-10,42.240904,Test,7.928356,16.577938,21.704227,32.323658,38.589733,43.198967,49.316540,56.323399,70.496429,79.783493,111.098190
1982-01-11,50.689084,Test,11.482388,26.841358,34.377613,46.443050,56.286530,61.522354,69.462128,80.885864,96.270081,109.959518,144.314758
1982-01-12,48.999448,Test,11.251913,25.994852,33.640278,45.859009,55.098770,60.414600,67.660591,78.812576,93.975632,106.805046,139.187698
1982-01-13,47.309812,Test,12.527914,28.740505,36.702312,47.549706,55.013382,59.552326,64.674690,73.509483,85.939690,96.063217,119.420685
1982-01-14,43.930540,Test,11.941426,26.653511,33.427822,43.027267,49.782795,53.069084,57.182381,64.566216,75.146187,82.854332,101.267433
1982-01-15,43.930540,Test,10.933190,23.761816,29.750515,40.612259,47.275604,51.780323,57.788498,65.555313,78.420433,88.747711,117.555351
1982-01-16,45.620176,Test,11.192822,25.544006,32.583260,44.376656,53.444443,58.684811,65.822571,76.159889,90.902130,103.363113,135.057053
1982-01-17,40.551268,Test,12.566570,28.533049,36.229019,46.825764,56.284103,60.320400,65.544785,76.275169,87.802986,97.783180,118.009392
1982-01-18,40.551268,Test,12.637344,27.946310,35.351303,46.273670,54.802490,59.649136,65.556000,75.336708,87.200806,99.136589,125.485214
1982-01-19,42.240904,Test,12.460485,28.026194,35.274456,46.175602,53.796505,58.385490,62.733707,71.987389,84.008362,93.735558,113.995247
1982-01-20,43.930540,Test,11.435719,24.993921,30.905304,40.624626,47.489491,50.922760,54.316750,62.442318,72.645744,79.936134,96.328072
1982-01-21,47.309812,Test,9.940443,20.725414,25.147209,34.427341,38.676819,42.024124,44.710178,50.752201,59.812553,64.872467,77.207184
1982-01-22,45.620176,Test,9.043323,17.970095,22.046278,30.316763,34.756199,37.235973,39.779621,45.238815,53.048122,57.854733,70.090096
1982-01-23,43.930540,Test,9.169906,17.749050,21.757324,29.612572,33.651604,35.947529,38.194431,43.161434,49.986786,54.385235,65.780067
1982-01-24,42.240904,Test,8.853369,16.809065,20.686821,28.263945,31.934235,34.163013,36.288425,40.891407,47.287945,51.435898,62.271156
1982-01-25,38.861631,Test,8.478876,15.925532,19.557682,26.824554,29.939224,31.939974,34.012676,38.029541,44.221275,47.892487,57.829964
1982-01-26,33.792723,Test,8.012465,14.772784,18.320274,25.254349,28.172516,30.141129,32.275772,35.996902,41.881649,45.479820,55.029480
1982-01-27,32.103087,Test,7.653297,13.913930,17.419716,24.068525,26.892904,28.888746,31.077152,34.626263,40.289169,43.964497,53.251640
1982-01-28,28.723815,Test,8.083515,14.441284,18.223040,24.513960,27.740845,29.993486,31.966953,35.872734,40.687801,44.606709,53.194111
1982-01-29,25.344542,Test,6.278054,10.982447,14.207137,19.992817,23.514330,25.937429,28.028273,32.076283,37.435390,41.851254,50.450970
1982-01-30,23.654906,Test,4.483061,7.806704,10.348791,15.615964,19.217838,21.534580,23.938854,27.995358,34.056381,38.934509,48.319336
1982-01-31,21.965270,Test,2.925293,5.128013,6.971595,11.290615,14.568787,16.534155,19.047895,22.783030,28.826580,33.819130,42.752563
1982-02-01,20.275634,Test,2.573194,4.511145,6.178027,10.150542,13.172917,14.999660,17.473824,20.924288,26.744541,31.563715,39.880993
1982-02-02,18.585998,Test,3.123012,5.375389,7.346779,11.825091,14.906518,17.005766,19.631140,23.069973,29.164547,34.258663,43.307667
1982-02-03,18.585998,Test,1.568025,2.909893,4.083845,7.697375,10.766249,12.730160,15.528033,19.343040,27.742645,34.703487,48.876072
1982-02-04,15.206725,Test,0.327702,1.057443,1.664285,3.113645,4.945605,5.966217,7.283417,10.517950,15.714864,20.337965,26.247246
1982-02-05,15.206725,Test,0.563524,1.363900,2.051545,3.763761,5.729680,6.823632,8.352856,11.435233,16.442728,20.913931,26.593334
1982-02-06,15.206725,Test,0.646217,1.459716,2.155789,3.872670,5.729289,6.776633,8.257005,11.036373,15.706535,19.882891,25.040209
1982-02-07,15.206725,Test,0.682949,1.570638,2.327046,4.158861,6.165144,7.291449,8.858865,11.650554,16.591074,21.286888,27.316769
1982-02-08,13.517089,Test,0.721715,1.613493,2.367995,4.142116,6.134475,7.221306,8.719330,11.436620,16.060802,20.456326,26.016766
1982-02-09,13.517089,Test,0.655382,1.478540,2.169715,3.801606,5.606311,6.613113,7.927982,10.491282,14.821993,18.889761,23.932127
1982-02-10,11.827453,Test,0.616382,1.382594,2.022971,3.527343,5.151596,6.093374,7.265694,9.663250,13.718953,17.426418,21.898592
1982-02-11,11.827453,Test,0.634014,1.393059,2.033147,3.550057,5.141760,6.098115,7.253673,9.616773,13.659861,17.326286,21.715746
1982-02-12,11.827453,Test,0.724154,1.536615,2.233614,3.920453,5.644259,6.696846,7.971339,10.421001,14.708754,18.674643,23.515108
1982-02-13,11.827453,Test,0.759294,1.574887,2.273268,4.500285,6.350951,7.651513,9.267982,12.008083,18.188494,23.264179,32.175243
1982-02-14,10.137817,Test,1.020186,2.339435,3.363276,6.440034,10.223014,12.293533,14.746315,19.841146,29.986322,39.138222,55.598881
1982-02-15,16.896361,Test,1.525647,3.547035,5.057779,9.416496,15.340908,18.142986,21.952177,30.281143,43.326340,55.292229,78.897987
1982-02-16,15.206725,Test,3.541788,7.075711,9.678095,15.848220,22.942404,26.311409,30.200682,39.202293,50.576153,60.512558,78.821823
1982-02-17,15.206725,Test,7.448676,14.490792,18.492786,26.499681,33.694153,37.267353,40.820538,48.624119,59.293903,67.764641,84.814430
1982-02-18,15.206725,Test,9.014866,17.508015,21.686663,30.567419,36.523670,40.454449,43.996410,50.905899,61.947296,70.520729,89.906143
1982-02-19,13.517089,Test,9.138648,17.627846,21.489033,29.396225,35.504425,38.694599,41.118473,48.031765,57.273441,64.219528,78.945992
1982-02-20,15.206725,Test,8.832333,16.349953,19.629852,27.052860,31.973581,34.932571,36.778584,42.603008,51.005363,56.814941,69.536926
1982-02-21,20.275634,Test,7.044852,14.145700,17.803413,27.626535,34.078617,38.853050,44.304119,52.253254,67.815895,77.720055,107.572838
1982-02-22,23.654906,Test,8.775693,18.001795,22.666197,32.197239,40.275700,44.705521,48.451893,58.126137,70.192719,80.245758,99.716187
1982-02-23,25.344542,Test,10.096966,20.680281,25.958458,35.382530,43.351334,47.473358,51.520500,60.505695,70.907867,80.488281,98.075081
1982-02-24,27.034178,Test,12.275764,24.959545,30.483839,39.027550,46.060509,49.571907,52.668324,60.539154,68.575226,76.736961,91.877434
1982-02-25,35.482359,Test,10.670956,22.683561,27.789036,38.772911,45.939262,51.412556,56.367504,65.272278,79.921242,90.498344,118.007256
1982-02-26,35.482359,Test,10.439921,20.242155,24.067640,33.610832,39.057751,44.250656,46.258972,54.554146,66.014343,73.742485,89.367188
1982-02-27,43.930540,Test,8.732037,16.270103,19.754745,28.715694,33.013500,37.605225,40.692341,47.279316,58.419895,65.855614,82.497055
1982-02-28,50.689084,Test,9.276060,16.921579,20.233356,27.588079,31.146902,34.356285,36.595795,41.586205,49.976032,55.107193,67.450508
1982-03-01,54.068357,Test,9.319841,16.301155,19.479462,26.273991,28.998131,31.685188,33.458145,37.440815,44.423344,48.624611,59.480350
1982-03-02,50.689084,Test,9.799178,16.577377,19.550783,25.653265,27.992367,30.123312,31.205088,34.585827,40.307793,43.500000,52.880657
1982-03-03,43.930540,Test,9.549357,15.769225,18.689560,24.442398,26.550678,28.458464,29.429472,32.461182,37.622997,40.506836,49.300037
1982-03-04,38.861631,Test,8.766785,14.216804,17.082947,22.594410,24.966179,26.879908,27.728102,30.693455,35.753567,39.028397,47.526936
1982-03-05,35.482359,Test,6.729620,11.056555,14.056263,19.545998,22.530733,24.716913,26.349379,29.629955,35.260563,39.682449,48.942322
1982-03-06,33.792723,Test,4.753303,7.359145,9.559013,14.274191,16.963264,19.101643,20.689014,23.889387,29.650333,34.027691,42.530449
1982-03-07,32.103087,Test,4.935826,7.726612,10.059931,14.898726,17.706697,19.909731,21.562628,24.869513,30.734108,35.245842,44.134670
1982-03-08,28.723815,Test,5.309094,8.741710,11.534015,16.754135,20.146915,22.577923,24.566082,28.295086,34.345997,39.465065,49.215580
1982-03-09,27.034178,Test,4.451022,7.274858,9.680432,14.539049,18.025675,20.411774,22.418264,26.355997,32.758755,38.159431,48.154381
1982-03-10,25.344542,Test,4.077614,6.122351,7.976787,12.258262,14.942536,17.064041,18.697346,22.307974,28.507208,33.011272,41.981464
1982-03-11,23.654906,Test,2.851892,4.439669,6.039843,9.804810,12.240535,14.033195,16.449574,19.944702,26.318596,30.922821,39.265083
1982-03-12,21.965270,Test,1.216182,2.038447,2.917591,5.047483,6.964122,8.286427,9.834412,12.774142,18.011696,22.390802,28.230734
1982-03-13,18.585998,Test,1.150750,1.950495,2.798636,4.846788,6.665481,7.930499,9.442263,12.258884,17.319820,21.549862,27.055000
1982-03-14,16.896361,Test,1.381858,2.230234,3.166924,5.403518,7.243520,8.570500,10.148524,12.939810,17.987392,22.170963,27.841717
1982-03-15,15.206725,Test,1.915063,2.869103,4.001872,6.623254,8.521089,9.971375,11.631805,14.421406,19.512770,23.665276,29.976027
1982-03-16,13.517089,Test,0.781133,1.418283,2.032499,3.327906,4.648421,5.611460,6.416488,8.572491,12.573458,15.992107,20.030466
1982-03-17,13.517089,Test,0.641457,1.263854,1.863845,3.142499,4.418622,5.349325,6.225466,8.465419,12.677190,16.133911,20.243092
1982-03-18,11.827453,Test,0.640568,1.244706,1.813936,2.969348,4.196009,5.075884,5.797689,7.907241,11.850852,15.219729,19.334879
1982-03-19,10.137817,Test,0.550757,1.169006,1.747106,2.967862,4.224515,5.098136,5.971767,8.225666,12.422052,15.792596,19.893911
1982-03-20,10.137817,Test,0.588482,1.207203,1.795716,3.070195,4.339192,5.241791,6.129764,8.416341,12.684501,16.116734,20.338060
1982-03-21,8.448181,Test,0.520677,1.173793,1.760099,3.053231,4.344871,5.208897,6.192488,8.480841,12.765622,16.096640,20.164011
1982-03-22,8.448181,Test,0.505276,1.160719,1.737913,3.012488,4.274819,5.110002,6.079202,8.313625,12.523110,15.752456,19.727928
1982-03-23,8.448181,Test,0.453691,1.090869,1.641594,2.822485,3.996695,4.774019,5.659075,7.780385,11.840029,14.904254,18.707550
1982-03-24,8.448181,Test,0.484055,1.104130,1.650924,2.827011,3.968149,4.760118,5.589597,7.692186,11.740641,14.812715,18.668188
1982-03-25,6.758545,Test,0.453731,1.025299,1.534569,2.593430,3.616589,4.358217,5.050664,7.060826,10.981521,13.969628,17.890024
1982-03-26,6.758545,Test,0.398668,0.932472,1.411465,2.391052,3.320444,4.021945,4.627038,6.622168,10.564196,13.555080,17.742105
1982-03-27,6.758545,Test,0.450467,1.015036,1.522892,2.618825,3.647038,4.408850,5.099120,7.196378,11.260632,14.330694,18.532635
1982-03-28,6.758545,Test,0.575783,1.184860,1.762641,3.150474,4.319732,5.248946,6.122346,8.456966,12.995312,16.428062,21.090361
1982-03-29,6.758545,Test,0.519535,1.106444,1.666388,3.041034,4.136902,5.056811,5.906239,8.207884,12.864960,16.330305,21.269920
1982-03-30,6.758545,Test,0.593492,1.197181,1.791281,3.382810,4.562563,5.587103,6.560972,9.007640,14.096882,17.872845,23.666246
1982-03-31,5.068908,Test,0.431109,1.001761,1.535937,3.176441,4.457392,5.512075,6.548897,9.436173,15.811455,20.332407,28.654514
1982-04-01,5.068908,Training,0.470793,1.076122,1.616197,3.205901,4.628987,5.691857,6.708245,10.256308,16.998005,21.928978,30.853201
1982-04-02,5.068908,Training,0.649519,1.313756,1.917563,3.719636,5.323822,6.476676,7.634593,11.225717,17.769230,22.620266,30.781967
1982-04-03,10.137817,Training,1.274800,2.576798,3.867589,8.340801,12.530107,15.447392,18.411655,25.622250,41.180592,51.880566,79.858742
1982-04-04,15.206725,Training,2.802363,5.338045,7.200042,14.275123,20.222664,24.498325,29.531849,41.556431,61.753357,76.118614,115.025711
1982-04-05,11.827453,Training,3.404438,6.255242,8.305610,15.882180,21.301537,25.805132,30.622326,42.159435,60.773121,73.431190,108.664360
1982-04-06,11.827453,Training,5.098374,9.189225,11.752612,19.763361,24.487553,28.528851,32.679951,41.322620,55.605125,63.478741,88.474434
1982-04-07,11.827453,Training,6.002104,10.769275,13.530332,21.406874,25.241831,28.596378,32.271328,38.487125,49.928253,55.834671,74.321793
1982-04-08,11.827453,Training,5.786493,10.135780,12.714664,19.905428,23.117945,25.775492,29.110191,34.089611,43.615139,48.510277,63.553204
1982-04-09,10.137817,Training,5.459709,9.341152,11.782495,18.405426,21.212980,23.412661,26.501495,30.750196,39.095795,43.337479,56.660759
1982-04-10,10.137817,Training,5.090073,8.502007,10.828472,17.227743,19.613901,21.735680,24.813629,28.529463,36.292767,40.534622,53.043198
1982-04-11,10.137817,Training,3.736583,6.162801,7.836238,14.115252,16.832306,19.069962,22.955212,27.122318,37.890991,44.025169,64.124077
1982-04-12,10.137817,Training,3.742962,6.519499,8.205544,15.205457,18.903767,21.861320,26.202482,32.534801,47.057835,55.414207,82.453873
1982-04-13,8.448181,Training,4.295782,7.537576,9.465449,17.034092,20.806427,24.212431,28.482067,35.312046,49.604866,58.193863,84.458389
1982-04-14,8.448181,Training,5.090874,9.154420,11.492949,18.860796,22.648443,25.876097,29.309404,35.416409,47.235481,53.443161,72.368774
1982-04-15,8.448181,Training,5.600633,10.064250,12.527910,20.122095,23.690105,26.825222,30.209356,35.827644,47.315918,52.778645,72.636078
1982-04-16,8.448181,Training,5.475708,9.692752,12.094264,19.305128,22.470015,25.194248,28.331594,33.258205,43.554817,48.313473,66.476013
1982-04-17,8.448181,Training,4.946451,8.595935,10.750728,17.475492,20.247387,22.668751,25.637297,30.185772,39.790188,43.991562,61.437176
1982-04-18,8.448181,Training,4.133436,7.099321,8.762875,15.552882,18.220182,20.650026,24.264296,29.046988,40.371239,45.497707,67.955521
1982-04-19,6.758545,Training,3.933387,6.764594,8.633180,14.532713,17.236788,19.471025,22.377039,26.844332,35.913132,40.500725,54.570835
1982-04-20,6.758545,Training,3.845963,6.518125,8.379524,14.401113,16.864042,19.166662,22.328316,26.484562,35.443977,40.391685,54.331276
1982-04-21,6.758545,Training,4.460217,7.879470,10.026734,16.173779,19.147625,21.337616,24.449993,28.589190,37.314838,41.918499,54.794052
1982-04-22,6.758545,Training,2.821696,4.709748,6.115416,11.426357,13.693146,15.807842,18.975773,23.063625,32.036369,37.516712,50.887581
1982-04-23,6.758545,Training,1.974495,3.452595,4.544689,8.492938,10.686652,12.294133,14.813100,18.577238,25.938515,30.559650,39.880898
1982-04-24,5.068908,Training,1.548106,2.793950,3.713764,7.052876,9.068874,10.462396,12.732482,16.199043,22.943521,27.338051,35.609905
1982-04-25,5.068908,Training,1.399094,2.572583,3.429159,6.600367,8.515278,9.870725,12.023290,15.456463,22.246347,26.568686,34.809841
1982-04-26,5.068908,Training,1.314259,2.392989,3.198301,6.428305,8.178449,9.617079,11.751122,15.212286,22.505474,27.036921,36.363060
1982-04-27,5.068908,Training,1.494839,2.734887,3.625009,6.864451,8.714657,10.070582,12.224008,15.541950,22.259279,26.313976,34.486439
1982-04-28,5.068908,Training,1.707631,3.076728,4.059998,7.506575,9.378123,10.768505,13.032976,16.283424,22.942322,26.840563,34.989899
1982-04-29,5.068908,Training,2.077419,3.675949,4.823936,8.603951,10.537250,11.971384,14.389730,17.552443,24.079914,27.794794,35.902531
1982-04-30,5.068908,Training,1.146310,2.224376,2.992257,5.668072,7.362573,8.516533,10.442786,13.458220,19.333687,23.109928,30.023573
1982-05-01,5.068908,Training,0.397492,1.126328,1.617338,3.065683,4.198179,4.919505,5.982860,8.308863,12.888235,15.959463,21.100590
1982-05-02,3.379272,Training,0.191257,0.832254,1.246611,2.173816,2.912427,3.391006,4.019261,5.714674,9.327416,11.648205,15.827744
1982-05-03,3.379272,Training,0.197331,0.845146,1.261110,2.209845,2.944438,3.432614,4.062779,5.783530,9.480825,11.821965,16.148310
1982-05-04,3.379272,Training,0.196456,0.840400,1.239825,2.147741,2.758040,3.237006,3.760247,5.369729,9.023491,11.217467,15.797595
1982-05-05,3.379272,Training,0.205775,0.860446,1.252930,2.132470,2.693375,3.161745,3.639932,5.195634,8.790126,10.886905,15.611237
1982-05-06,1.689636,Training,0.195745,0.853014,1.249038,2.109595,2.663374,3.131752,3.601051,5.141124,8.693152,10.770230,15.391770
1982-05-07,1.689636,Training,0.137896,0.757837,1.082184,1.552152,1.760852,2.028844,2.205012,3.017191,5.173628,6.550974,9.529561
1982-05-08,1.689636,Training,0.128426,0.749099,1.083124,1.558993,1.792453,2.065388,2.261532,3.114411,5.345543,6.770623,9.811422
1982-05-09,1.689636,Training,0.128029,0.748394,1.085229,1.548896,1.776669,2.043086,2.235942,3.073744,5.273670,6.701084,9.764983
1982-05-10,1.689636,Training,0.119346,0.740793,1.078654,1.573893,1.821205,2.105804,2.321480,3.215332,5.543312,7.033368,10.269922
1982-05-11,3.379272,Training,0.025537,0.581098,0.903566,1.546119,1.792078,2.178970,2.339446,3.266920,6.027116,8.084044,12.862530
1982-05-12,5.068908,Training,0.007950,0.646068,1.017024,1.745664,2.152330,2.641403,2.913910,4.294228,8.332952,11.382522,18.300354
1982-05-13,5.068908,Training,-0.004353,0.677333,1.146246,1.743672,2.336417,2.792439,3.180722,4.778203,8.796207,11.640634,17.362732
1982-05-14,5.068908,Training,0.129429,0.836647,1.330524,3.120679,4.701229,5.798021,7.332125,11.387505,19.488018,25.150745,37.936905
1982-05-15,3.379272,Training,0.608953,1.667035,2.307678,5.023579,7.415215,8.916123,11.252612,16.282530,25.450251,31.346334,45.112965
1982-05-16,3.379272,Training,0.615174,1.648934,2.272780,4.610201,6.687214,7.813910,9.789310,13.833329,21.408915,26.066906,37.048786
1982-05-17,3.379272,Training,0.619490,1.589241,2.201337,4.536048,6.428719,7.490890,9.442383,13.128646,20.292774,24.835936,35.019424
1982-05-18,3.379272,Training,0.593002,1.511389,2.107076,4.352173,6.094097,7.066694,8.967458,12.338819,19.035471,23.419065,32.938435
1982-05-19,3.379272,Training,0.645384,1.661842,2.283252,4.356056,6.141950,6.985351,8.781594,11.937521,17.979858,21.747047,30.082474
1982-05-20,1.689636,Training,0.688274,1.723086,2.352407,4.410762,6.173052,6.965364,8.790961,11.756286,17.414116,21.008858,28.753155
1982-05-21,1.689636,Training,0.799107,1.900446,2.559483,4.749029,6.553723,7.358051,9.279626,12.201909,17.856775,21.365957,29.056364
1982-05-22,1.689636,Training,0.957324,2.172849,2.883943,5.307803,7.202714,8.071351,10.114415,13.128495,19.125132,22.599747,30.653374
1982-05-23,1.689636,Training,0.886390,2.059664,2.744866,5.042013,6.840803,7.679744,9.610278,12.542611,18.405725,21.762947,29.601641
1982-05-24,1.689636,Training,0.776542,1.869094,2.514251,4.585637,6.252645,7.007754,8.804775,11.517209,16.833918,20.044699,27.165081
1982-05-25,1.689636,Training,0.358314,1.074099,1.544034,3.530705,5.052978,5.735671,7.368650,10.085407,17.232235,21.366070,34.167294
1982-05-26,1.689636,Training,0.436375,1.293451,1.853760,4.039209,5.739944,6.786541,8.561157,12.312524,19.801273,24.599340,35.783794
1982-05-27,1.689636,Training,0.484344,1.443262,2.036648,3.989782,5.700655,6.607662,8.230161,11.591423,18.055405,21.938667,31.030331
1982-05-28,1.689636,Training,0.741245,1.758045,2.301077,5.565580,8.011195,9.233152,12.064181,16.713064,28.255819,34.365940,55.378918
1982-05-29,1.689636,Training,0.309720,1.229752,1.674579,4.666939,7.508608,8.968538,11.616793,18.500189,33.800106,42.448120,72.852196
1982-05-30,3.379272,Training,-0.023288,0.768127,1.218720,2.829604,4.072139,5.009450,6.125244,10.230446,20.237539,27.104073,46.993332
1982-05-31,3.379272,Training,-0.045476,0.759692,1.339711,2.530201,3.750609,4.718919,5.735106,9.189692,16.417097,21.621149,33.055004
1982-06-01,1.689636,Training,0.411767,1.478875,2.116786,4.800966,7.233900,8.916320,11.306602,16.862246,26.648230,33.240498,48.790825
1982-06-02,1.689636,Training,1.528830,3.391904,4.321022,9.046196,12.141825,14.506968,17.896387,23.897203,35.540878,41.750816,58.588150
1982-06-03,1.689636,Training,1.691234,3.584634,4.553423,8.948238,11.704349,13.564325,16.626127,21.474308,31.450172,36.388870,50.075981
1982-06-04,1.689636,Training,1.598350,3.435597,4.387443,8.153773,10.708965,12.084880,14.840257,18.869648,27.213535,31.257839,42.383602
1982-06-05,1.689636,Training,1.524060,3.272940,4.200261,7.676766,10.038483,11.189320,13.854822,17.367138,24.764133,28.503969,38.306862
1982-06-06,1.689636,Training,1.409476,3.060047,3.944781,7.175419,9.385350,10.453940,12.969572,16.266815,23.349401,26.885305,36.183426
1982-06-07,1.689636,Training,1.323493,2.917528,3.770752,6.756760,8.849655,9.805652,12.205173,15.259654,21.826067,25.132315,33.724449
1982-06-08,1.689636,Training,1.366368,2.988077,3.852668,6.819290,8.864080,9.784422,12.171497,15.068989,21.380203,24.525497,32.775555
1982-06-09,1.689636,Training,1.508295,3.239848,4.159054,7.285261,9.365128,10.320547,12.776896,15.661652,22.066446,25.122803,33.418461
1982-06-10,1.689636,Training,1.548151,3.291954,4.235105,7.453022,9.511999,10.527096,13.015663,15.929188,22.476700,25.556906,33.980385
1982-06-11,1.689636,Training,1.511639,3.224915,4.164673,7.317382,9.334551,10.350656,12.804950,15.700013,22.194883,25.225496,33.543037
1982-06-12,1.689636,Training,1.835447,3.693768,4.767410,8.546348,10.600614,11.830965,14.605992,17.595030,24.658447,28.006590,37.373817
1982-06-13,1.689636,Training,0.701945,1.619143,2.172292,4.697259,6.180321,6.953345,9.019605,11.757972,18.835459,22.608038,34.625885
1982-06-14,1.689636,Training,0.696666,1.851422,2.518166,4.656104,6.375037,7.187246,9.060695,12.031924,17.954046,21.239513,29.379578
1982-06-15,1.689636,Training,0.884780,2.156615,2.881831,5.226020,7.023802,7.835161,9.871498,12.698625,18.528484,21.630762,29.655331
1982-06-16,1.689636,Training,0.529000,1.365914,1.909269,4.101256,5.481618,6.246596,8.062631,10.791371,17.044250,20.745628,31.011892
1982-06-17,1.689636,Training,0.099175,0.783052,1.239594,2.223532,2.946497,3.407320,4.135430,6.008196,10.183517,12.713490,18.641808
1982-06-18,1.689636,Training,0.122434,0.794114,1.171085,1.603106,1.813140,2.034563,2.237616,3.027985,5.173948,6.630133,10.003491
1982-06-19,1.689636,Training,0.110659,0.791702,1.169011,1.604051,1.852781,2.066929,2.299135,3.139008,5.368516,6.823468,10.238154
1982-06-20,1.689636,Training,0.104310,0.765591,1.147500,1.633889,1.880033,2.120282,2.370365,3.252968,5.592457,7.111244,10.598842
1982-06-21,1.689636,Training,0.111997,0.773733,1.147562,1.610640,1.856396,2.072373,2.319429,3.165865,5.383031,6.799965,10.160591
1982-06-22,1.689636,Training,0.037894,0.606238,0.911123,1.566232,1.810471,2.088382,2.323312,3.239480,5.925574,7.824467,12.767323
1982-06-23,1.689636,Training,0.086631,0.778183,1.185335,1.621109,1.901356,2.145278,2.366351,3.282538,5.724736,7.367728,11.201522
1982-06-24,1.689636,Training,0.100585,0.785889,1.181767,1.618151,1.880142,2.110624,2.329911,3.204198,5.556892,7.099148,10.767409
1982-06-25,1.689636,Training,0.024393,0.604238,1.003257,1.871979,2.285045,2.673046,3.119910,4.582829,8.481800,10.966417,17.477570
1982-06-26,1.689636,Training,0.031097,0.673694,1.127238,1.864997,2.328602,2.723021,3.150872,4.629020,8.314198,10.628109,16.075203
1982-06-27,1.689636,Training,0.055861,0.749534,1.195795,1.836777,2.340487,2.660532,3.089617,4.478049,7.829829,9.815124,14.753693
1982-06-28,1.689636,Training,0.067672,0.774048,1.222526,2.002601,2.647725,2.994729,3.585122,5.193979,8.904877,11.030639,16.398478
1982-06-29,1.689636,Training,0.100255,0.821286,1.267986,2.116278,2.807278,3.161796,3.823644,5.483091,9.240275,11.344295,16.685116
1982-06-30,1.689636,Training,0.133565,0.873085,1.323010,2.242171,2.980772,3.352234,4.085290,5.798169,9.629158,11.739975,17.104799
1982-07-01,1.689636,Training,0.156721,0.903056,1.356454,2.300105,3.031763,3.413712,4.155049,5.840939,9.635623,11.703773,16.981112
1982-07-02,1.689636,Training,0.096816,0.771085,1.178246,1.712954,2.037456,2.295984,2.619809,3.656924,6.305416,7.865846,11.701070
1982-07-03,1.689636,Training,0.078106,0.675171,1.069971,1.800259,2.092729,2.436622,2.799004,3.966826,7.073664,9.008534,13.678513
1982-07-04,1.689636,Training,-0.026545,0.524016,0.853831,1.738877,2.220144,2.557474,3.018930,4.475342,8.537124,11.080336,18.388084
1982-07-05,1.689636,Training,0.016210,0.684324,1.140117,1.667045,2.034420,2.354337,2.654435,3.823207,6.919466,8.928084,13.706199
1982-07-06,1.689636,Training,0.036669,0.724977,1.165620,1.660031,2.047196,2.318930,2.639060,3.751265,6.681553,8.461226,12.999398
1982-07-07,1.689636,Training,0.020837,0.730775,1.202571,1.958661,2.623645,3.001259,3.616479,5.285353,9.281258,11.552164,17.553057
1982-07-08,1.689636,Training,0.054177,0.773367,1.236417,1.996308,2.652405,3.009508,3.634782,5.261182,9.079224,11.207344,16.740320
1982-07-09,1.689636,Training,0.076293,0.799429,1.257021,1.996278,2.614551,2.956503,3.561431,5.088964,8.697574,10.676028,15.825882
1982-07-10,1.689636,Training,0.108558,0.861415,1.325161,2.179996,2.913280,3.285607,4.027075,5.713850,9.575881,11.667309,17.079346
1982-07-11,1.689636,Training,0.096244,0.777044,1.183856,1.629454,1.910211,2.134920,2.416537,3.334008,5.782559,7.226375,10.902110
1982-07-12,1.689636,Training,0.092425,0.765850,1.173708,1.636283,1.913478,2.154527,2.438755,3.376977,5.880641,7.360737,11.045094
1982-07-13,1.689636,Training,0.071264,0.703397,1.118487,1.688763,1.967440,2.268946,2.589946,3.637673,6.442953,8.144484,12.165962
1982-07-14,1.689636,Training,0.120291,0.779654,1.170908,1.570490,1.742893,1.961878,2.158432,2.904729,5.036518,6.385567,9.678066
1982-07-15,1.689636,Training,0.146275,0.822780,1.197041,1.528718,1.677031,1.850122,2.016869,2.659559,4.533726,5.707516,8.770392
1982-07-16,1.689636,Training,0.146888,0.822183,1.195882,1.522942,1.664436,1.838966,2.001291,2.634659,4.499331,5.670714,8.699632
1982-07-17,1.689636,Training,0.146190,0.818900,1.191040,1.513502,1.651762,1.823748,1.985763,2.611121,4.456043,5.602066,8.602782
1982-07-18,1.689636,Training,0.143810,0.814836,1.187393,1.507465,1.645358,1.818285,1.981481,2.608200,4.456269,5.593902,8.586357
1982-07-19,1.689636,Training,0.118224,0.756827,1.149438,1.549226,1.687617,1.917431,2.101927,2.816221,4.913746,6.239063,9.466492
1982-07-20,1.689636,Training,0.090303,0.720480,1.121695,1.562560,1.737141,1.987987,2.214329,3.022902,5.332662,6.757421,10.200565
1982-07-21,1.689636,Training,0.081758,0.750729,1.148564,1.529861,1.760303,1.980737,2.233249,3.069017,5.367623,6.696272,10.078178
1982-07-22,1.689636,Training,0.103649,0.771014,1.158350,1.492428,1.669751,1.866836,2.070358,2.789076,4.850154,6.072452,9.227777
1982-07-23,1.689636,Training,0.187038,0.845930,1.176110,1.440959,1.491629,1.606928,1.707750,2.116202,3.496058,4.466607,6.969173
1982-07-24,1.689636,Training,0.196664,0.849394,1.175796,1.435023,1.474494,1.582515,1.674348,2.058147,3.376779,4.303119,6.771581
1982-07-25,1.689636,Training,0.197746,0.844688,1.171594,1.430522,1.465569,1.572756,1.660957,2.038437,3.342690,4.251067,6.710768
1982-07-26,1.689636,Training,0.194226,0.840056,1.169140,1.426744,1.464284,1.569842,1.662569,2.043464,3.360214,4.273737,6.738730
1982-07-27,1.689636,Training,0.193146,0.843690,1.178836,1.430623,1.471172,1.580114,1.676997,2.067466,3.417951,4.363625,6.837840
1982-07-28,1.689636,Training,0.137692,0.694986,1.002434,1.458148,1.467481,1.670737,1.773939,2.236417,3.901474,5.147044,8.471959
1982-07-29,1.689636,Training,0.137492,0.745665,1.135302,1.519352,1.571996,1.785722,1.904175,2.447217,4.255121,5.586634,8.794439
1982-07-30,1.689636,Training,0.150795,0.812538,1.193911,1.442340,1.533459,1.670706,1.784130,2.269989,3.876382,4.992860,7.794641
1982-07-31,1.689636,Training,0.085539,0.678034,1.088868,1.535985,1.641727,1.896150,2.069405,2.757270,5.003209,6.593017,10.360291
1982-08-01,1.689636,Training,0.063552,0.655837,1.077784,1.550753,1.679336,1.956529,2.132723,2.877156,5.330140,7.095306,11.370499
1982-08-02,1.689636,Training,0.101193,0.774345,1.216681,1.465543,1.624932,1.801602,1.950915,2.569563,4.563932,5.925375,9.211704
1982-08-03,1.689636,Training,0.095957,0.761478,1.193457,1.436094,1.599808,1.759371,1.921107,2.525116,4.477327,5.760850,8.981119
1982-08-04,1.689636,Training,0.087783,0.742600,1.172454,1.420627,1.589571,1.748254,1.921854,2.543403,4.519433,5.785195,8.978882
1982-08-05,1.689636,Training,0.097610,0.741649,1.159253,1.403239,1.554430,1.705132,1.872551,2.475788,4.372758,5.568949,8.600227
1982-08-06,1.689636,Training,0.094963,0.728877,1.138457,1.384911,1.530819,1.678859,1.848413,2.451949,4.326493,5.483499,8.435346
1982-08-07,1.689636,Training,0.115762,0.737872,1.139813,1.382409,1.496633,1.638494,1.782297,2.334186,4.082336,5.148747,7.989176
1982-08-08,1.689636,Training,0.146372,0.760451,1.158164,1.391786,1.471123,1.605155,1.717432,2.209255,3.822060,4.814243,7.553839
1982-08-09,1.689636,Training,0.159064,0.763596,1.160799,1.395799,1.457574,1.593083,1.687075,2.158006,3.723009,4.680092,7.383668
1982-08-10,1.689636,Training,0.171261,0.767154,1.164725,1.399597,1.445807,1.582704,1.659443,2.112270,3.635743,4.564532,7.244738
1982-08-11,1.689636,Training,0.170125,0.765326,1.164299,1.387393,1.432367,1.567195,1.645739,2.095743,3.604093,4.526206,7.172484
1982-08-12,1.689636,Training,0.158189,0.755148,1.157518,1.369873,1.424157,1.559243,1.652300,2.118270,3.650930,4.593596,7.227102
1982-08-13,1.689636,Training,0.140705,0.747149,1.153257,1.345730,1.422050,1.552858,1.670175,2.168054,3.756067,4.746150,7.388148
1982-08-14,1.689636,Training,0.121194,0.729785,1.141107,1.331125,1.428639,1.564543,1.699691,2.240980,3.913950,4.950943,7.637139
1982-08-15,1.689636,Training,0.090864,0.693685,1.108296,1.311706,1.435938,1.586129,1.743850,2.348449,4.141630,5.222278,7.986662
1982-08-16,1.689636,Training,0.142365,0.751156,1.159030,1.325344,1.403664,1.518480,1.641651,2.126513,3.666584,4.658838,7.223361
1982-08-17,1.689636,Training,0.171447,0.775053,1.177551,1.330033,1.380649,1.480268,1.581989,2.004253,3.404097,4.317573,6.796165
1982-08-18,1.689636,Training,0.153254,0.752892,1.158585,1.313293,1.376206,1.482703,1.593241,2.045714,3.499690,4.430482,6.940814
1982-08-19,1.689636,Training,0.176950,0.777361,1.182405,1.322280,1.369016,1.461578,1.560229,1.969495,3.330770,4.226005,6.674255
1982-08-20,1.689636,Training,0.211313,0.810938,1.214355,1.342054,1.365676,1.441784,1.524447,1.875929,3.116656,3.964813,6.332892
1982-08-21,1.689636,Training,0.215083,0.810510,1.215059,1.336427,1.355910,1.429410,1.506924,1.850451,3.068768,3.896553,6.251154
1982-08-22,1.689636,Training,0.214685,0.810184,1.218370,1.331592,1.353516,1.425325,1.504180,1.850138,3.070067,3.900326,6.252241
1982-08-23,1.689636,Training,0.213470,0.811246,1.223776,1.327217,1.354019,1.423739,1.506169,1.857623,3.086406,3.926930,6.278610
1982-08-24,1.689636,Training,0.218340,0.805131,1.218014,1.327138,1.344259,1.416180,1.486673,1.826972,3.027462,3.836521,6.179030
1982-08-25,1.689636,Training,0.219568,0.803190,1.219221,1.324623,1.340518,1.413229,1.479954,1.819496,3.014987,3.818224,6.158844
1982-08-26,1.689636,Training,0.210884,0.814378,1.241591,1.318073,1.357448,1.425087,1.514159,1.883512,3.144133,4.017880,6.376420
1982-08-27,1.689636,Training,0.209788,0.817393,1.253399,1.322784,1.369327,1.439014,1.532818,1.916826,3.214817,4.121661,6.497671
1982-08-28,1.689636,Training,0.094121,0.609621,0.973196,1.315210,1.421984,1.590159,1.704966,2.209352,4.016982,5.426136,9.178655
1982-08-29,1.689636,Training,0.140361,0.766289,1.257096,1.299024,1.414536,1.507109,1.614323,2.106735,3.646472,4.729055,7.538647
1982-08-30,1.689636,Training,0.152903,0.768140,1.247672,1.296520,1.399904,1.486126,1.590005,2.056243,3.547260,4.567862,7.289888
1982-08-31,1.689636,Training,0.154047,0.762280,1.251084,1.305148,1.407408,1.492463,1.604973,2.067148,3.569206,4.580224,7.333490
1982-09-01,1.689636,Training,0.172405,0.772039,1.244441,1.299531,1.382596,1.459771,1.560202,1.995013,3.408013,4.346563,6.959033
1982-09-02,1.689636,Training,0.183209,0.776328,1.240406,1.297150,1.368523,1.443125,1.534029,1.952645,3.318043,4.219085,6.757457
1982-09-03,1.689636,Training,0.189398,0.779042,1.237202,1.293643,1.358569,1.431261,1.517226,1.927261,3.263513,4.142995,6.632177
1982-09-04,1.689636,Training,0.190270,0.781565,1.235489,1.284640,1.349443,1.419363,1.508063,1.917182,3.240247,4.114655,6.567775
1982-09-05,1.689636,Training,0.186226,0.785796,1.237736,1.272446,1.345838,1.410782,1.510940,1.929474,3.260930,4.152889,6.583819
1982-09-06,1.689636,Training,0.182527,0.792922,1.248735,1.270045,1.354934,1.417848,1.529002,1.964768,3.329224,4.259714,6.688407
1982-09-07,1.689636,Training,0.187665,0.788715,1.237950,1.265733,1.339581,1.402944,1.503838,1.923181,3.244051,4.129941,6.531172
1982-09-08,1.689636,Training,0.190290,0.789549,1.237816,1.265539,1.336366,1.400203,1.497473,1.913247,3.222573,4.097055,6.487762
1982-09-09,1.689636,Training,0.187280,0.794361,1.244432,1.261483,1.340386,1.401611,1.506790,1.932715,3.259021,4.153823,6.542416
1982-09-10,1.689636,Training,0.183976,0.801093,1.256544,1.263289,1.352775,1.413284,1.527456,1.970034,3.331949,4.263077,6.660592
1982-09-11,1.689636,Training,0.188265,0.795452,1.244895,1.258852,1.337616,1.399761,1.503058,1.929757,3.249970,4.136330,6.514601
1982-09-12,1.689636,Training,0.195092,0.792381,1.241391,1.267487,1.335499,1.402716,1.490649,1.906690,3.205219,4.059558,6.436999
1982-09-13,1.689636,Training,0.196302,0.791562,1.242155,1.272364,1.339440,1.409389,1.492033,1.910549,3.213100,4.062262,6.447668
1982-09-14,1.689636,Training,0.188023,0.786552,1.237438,1.264869,1.339545,1.412390,1.500205,1.934156,3.261995,4.123490,6.520459
1982-09-15,1.689636,Training,0.171949,0.777542,1.229341,1.250198,1.340683,1.416518,1.519415,1.981431,3.357937,4.253797,6.671422
1982-09-16,1.689636,Training,0.207627,0.811066,1.274601,1.315576,1.382439,1.459864,1.558270,1.978982,3.300448,4.228383,6.629579
1982-09-17,1.689636,Training,0.193367,0.759807,1.222927,1.377274,1.427901,1.557430,1.675530,2.152647,3.666853,4.776608,7.570862
1982-09-18,1.689636,Training,0.016086,0.594325,1.005712,1.329438,1.589567,1.795523,1.950859,2.641471,4.936769,6.881068,11.916651
1982-09-19,1.689636,Training,-0.035513,0.808074,1.472378,1.807835,2.404649,2.809079,3.285300,4.864162,9.925529,14.762087,26.259531
1982-09-20,1.689636,Training,-0.058073,0.956637,1.907109,2.437513,3.269607,3.994310,4.825272,7.560610,15.595818,23.698837,42.897194
1982-09-21,5.068908,Training,-0.163435,0.685927,1.753981,1.982977,2.761835,3.472827,4.341759,7.001603,13.759192,19.983849,31.278297
1982-09-22,1.689636,Training,-0.147491,0.608337,1.473529,1.688039,2.303713,2.811610,3.466406,5.461690,10.627653,14.770749,22.511940
1982-09-23,1.689636,Training,-0.035216,0.757523,1.521466,1.504390,1.950113,2.184061,2.615628,3.872634,7.336768,9.835676,14.696371
1982-09-24,1.689636,Training,-0.047504,0.674795,1.213081,1.732576,2.256510,2.620732,3.090361,4.735015,9.647712,13.358081,22.708147
1982-09-25,1.689636,Training,0.156864,1.531178,2.944894,3.903520,4.728619,6.049168,6.780496,10.259517,20.324577,30.827961,55.533501
1982-09-26,1.689636,Training,-0.255161,0.644172,1.914297,2.633844,4.195172,5.605699,7.641954,13.254555,25.283072,37.852367,58.505035
1982-09-27,1.689636,Training,-0.281183,0.429887,1.307606,2.144190,3.466366,4.546651,6.147854,10.621684,19.949320,28.629805,43.815971
1982-09-28,1.689636,Training,-0.078888,0.743846,1.441336,2.241961,2.972737,3.642915,4.485545,7.235896,14.736476,20.347620,34.444580
1982-09-29,1.689636,Training,-0.079962,0.918724,1.784425,2.748502,3.740259,4.659311,5.847014,9.652823,19.682947,27.997370,48.725227
1982-09-30,1.689636,Training,-0.305298,0.545098,1.622668,2.011007,3.491524,4.423513,6.126414,10.494915,19.351776,27.514698,40.632523
1982-10-01,1.689636,Training,-0.312591,0.413587,1.224445,1.702469,3.072911,3.788444,5.268297,8.952092,15.899407,21.799545,31.314093
1982-10-02,1.689636,Training,-0.233903,0.427472,1.107600,1.743525,2.923290,3.553037,4.794674,7.935797,13.916189,18.524059,25.960327
1982-10-03,1.689636,Training,-0.224753,0.436233,1.053207,1.590074,2.712291,3.204859,4.331522,7.063921,11.982278,15.749793,21.644945
1982-10-04,1.689636,Training,-0.124964,0.509745,1.102159,1.917947,2.989228,3.572926,4.720271,7.441011,12.728360,16.694714,22.932289
1982-10-05,1.689636,Training,-0.021422,0.600109,1.133651,2.259596,3.331336,3.964310,5.209913,7.988935,13.870215,18.098278,26.161470
1982-10-06,1.689636,Training,-0.171306,0.486276,1.069514,1.770076,2.949859,3.500694,4.642344,7.377865,12.339668,16.304546,22.027706
1982-10-07,1.689636,Training,-0.159132,0.485385,1.047595,1.674495,2.699541,3.192562,4.170069,6.556070,11.174409,14.738746,20.007870
1982-10-08,1.689636,Training,-0.156114,0.473506,1.022833,1.581770,2.471324,2.907767,3.771412,5.907839,10.267474,13.524946,18.472237
1982-10-09,1.689636,Training,-0.086972,0.482640,0.902129,1.621131,2.206817,2.587083,3.177962,4.957737,9.605445,12.669631,19.866581
1982-10-10,1.689636,Training,-0.235377,0.410827,0.978332,1.294215,2.097651,2.441459,3.154750,5.171497,9.392181,12.409538,17.522076
1982-10-11,1.689636,Training,-0.226822,0.417411,0.968101,1.338989,2.190070,2.542675,3.319571,5.365275,9.571110,12.581088,17.563942
1982-10-12,1.689636,Training,-0.152100,0.462687,1.022302,1.796570,2.863335,3.402208,4.536309,7.138381,12.350138,16.280769,22.383539
1982-10-13,10.137817,Training,-0.181830,0.440780,0.903265,1.653120,2.458975,2.912790,3.511488,5.701592,11.708260,16.103140,27.575239
1982-10-14,5.068908,Training,-0.272997,0.418164,1.168377,1.797391,2.949698,3.672985,4.818843,8.268355,15.915851,22.282566,33.258022
1982-10-15,3.379272,Training,-0.308328,0.366787,1.041059,1.484832,2.605449,3.135229,4.214611,7.070776,13.062222,17.903206,25.966974
1982-10-16,3.379272,Training,-0.102309,0.561993,1.118882,1.903765,2.644010,3.155454,3.904499,6.175662,12.185789,16.414434,26.239698
1982-10-17,3.379272,Training,-0.147124,0.559874,1.250444,1.923301,2.721433,3.310256,4.129705,6.737962,13.234281,18.007633,27.769152
1982-10-18,6.758545,Training,-0.113601,0.636561,1.365064,2.098788,2.965353,3.634897,4.477203,7.185874,14.098613,19.437830,30.282160
1982-10-19,6.758545,Training,-0.240514,0.508033,1.277517,1.677882,2.757143,3.289594,4.319271,6.997142,13.002052,17.708496,25.518654
1982-10-20,5.068908,Training,-0.263287,0.437545,1.101185,1.527183,2.582662,3.029243,4.064873,6.614523,11.991261,15.969817,22.403524
1982-10-21,5.068908,Training,-0.259110,0.420733,1.034021,1.491793,2.562214,2.981528,4.048117,6.556808,11.539398,15.195715,20.963682
1982-10-22,5.068908,Training,-0.069071,0.631646,1.253874,2.331770,3.758857,4.467078,6.000335,9.110068,15.199527,20.009964,27.152248
1982-10-23,5.068908,Training,-0.104293,0.597468,1.202273,2.044562,3.388248,3.983033,5.280964,8.027328,13.169616,17.297682,23.209723
1982-10-24,5.068908,Training,-0.150975,0.533889,1.091481,1.647153,2.677529,3.088130,4.050456,6.206170,10.432089,13.599129,18.382822
1982-10-25,5.068908,Training,-0.179524,0.500574,1.039932,1.582868,2.604583,2.994401,3.988761,6.163863,10.362294,13.437967,17.998289
1982-10-26,5.068908,Training,-0.178720,0.497438,1.021263,1.519365,2.462102,2.822981,3.749497,5.786111,9.745214,12.552294,16.763041
1982-10-27,3.379272,Training,-0.174678,0.496715,1.010082,1.454445,2.302029,2.635202,3.464334,5.341214,9.056959,11.612823,15.553759
1982-10-28,3.379272,Training,-0.156173,0.507245,1.009788,1.306790,1.942166,2.202733,2.817349,4.338323,7.521590,9.552989,13.014837
1982-10-29,3.379272,Training,-0.160486,0.502226,1.001676,1.333306,2.014304,2.292317,2.956188,4.556764,7.823898,9.913829,13.410081
1982-10-30,3.379272,Training,-0.161864,0.510797,1.013030,1.441183,2.234548,2.553732,3.338184,5.116481,8.655765,11.016299,14.691846
1982-10-31,3.379272,Training,-0.157625,0.512664,1.013208,1.401293,2.133672,2.437163,3.155753,4.833393,8.211427,10.427152,13.973542
1982-11-01,3.379272,Training,-0.121109,0.546637,1.035219,1.288734,1.820274,2.047269,2.561010,3.891879,6.739960,8.492316,11.621633
1982-11-02,3.379272,Training,-0.094761,0.578618,1.067799,1.269958,1.730108,1.933247,2.374283,3.572777,6.200150,7.794302,10.779708
1982-11-03,3.379272,Training,-0.033874,0.529378,0.921154,1.592703,2.006822,2.336152,2.809239,4.185902,7.771934,9.992920,15.396912
1982-11-04,3.379272,Training,-0.103534,0.581649,1.104670,1.314089,1.780689,1.994108,2.417040,3.664597,6.482378,8.282895,11.610138
1982-11-05,5.068908,Training,-0.051872,0.554514,0.994792,1.581476,1.962420,2.293454,2.674199,4.027845,7.735460,10.240011,16.263891
1982-11-06,13.517089,Training,0.031805,1.020301,1.963218,2.693591,3.467678,4.349506,4.671992,7.007545,13.681025,20.582939,36.865875
1982-11-07,25.344542,Training,0.059765,1.455850,2.894690,4.147099,5.406672,6.974280,8.212268,13.186276,25.935486,39.441528,69.643913
1982-11-08,59.137265,Training,0.056325,1.577263,3.241682,5.096878,6.772993,8.841294,10.929927,17.928608,34.569828,51.430740,90.024979
1982-11-09,60.826901,Training,-0.186017,1.017723,2.644092,3.457029,5.817572,7.396790,10.611689,17.129246,30.610649,44.711525,65.041656
1982-11-10,50.689084,Training,-0.258772,0.685350,1.798037,2.696553,4.753597,5.993772,8.602372,13.681376,23.601784,33.094456,47.395576
1982-11-11,40.551268,Training,-0.250063,0.598308,1.461835,2.322971,4.122694,5.009166,7.109516,11.202766,18.855852,25.292133,35.184814
1982-11-12,35.482359,Training,-0.176002,0.579399,1.282455,2.260039,3.631685,4.428043,6.010378,9.377966,15.769029,20.611292,28.162405
1982-11-13,42.240904,Training,-0.048207,0.718504,1.202793,2.420647,3.349094,4.052840,5.055294,7.975261,15.271196,19.966263,32.676205
1982-11-14,40.551268,Training,-0.126694,0.731840,1.569117,2.520619,4.231639,5.195111,6.803884,10.753220,18.123474,24.263645,34.540428
1982-11-15,40.551268,Training,-0.102472,0.702897,1.467357,2.608700,4.210399,5.209575,6.733083,10.498973,17.711164,23.595411,33.271004
1982-11-16,37.171995,Training,-0.011723,0.844657,1.616014,2.812927,4.850694,5.795837,7.684171,11.530907,17.913937,23.310268,32.390736
1982-11-17,33.792723,Training,-0.043203,0.808082,1.536341,2.725957,4.725753,5.560553,7.468993,11.161367,17.100309,22.157278,29.994143
1982-11-18,30.413451,Training,0.039485,0.940637,1.689204,3.052212,5.199336,6.060672,8.173597,11.894609,17.724085,22.761017,30.294388
1982-11-19,28.723815,Training,0.146841,1.110812,1.886678,3.411831,5.650595,6.525648,8.791178,12.422535,18.099710,23.027742,30.169567
1982-11-20,27.034178,Training,0.344650,1.423881,2.285179,4.110373,6.573988,7.539013,10.050303,13.732768,19.510023,24.504448,31.871981
1982-11-21,25.344542,Training,0.715143,2.033024,3.082645,5.455021,8.277567,9.392712,12.339800,16.147486,22.211046,27.313538,35.216240
1982-11-22,23.654906,Training,0.396865,1.499945,2.370368,4.266533,6.685910,7.642370,10.229205,13.759384,19.512827,24.447931,31.330502
1982-11-23,21.965270,Training,0.972368,2.343621,3.498894,6.600352,9.229009,10.634910,14.196813,17.796329,24.866455,30.557390,39.255939
1982-11-24,21.965270,Training,0.870911,2.198977,3.283552,5.668950,8.498874,9.728323,12.554001,16.113249,21.859470,26.950911,34.720215
1982-11-25,21.965270,Training,0.936535,2.114973,3.124038,5.788599,8.783765,10.388391,13.060105,16.809336,24.465960,31.645779,44.672142
1982-11-26,18.585998,Training,0.623174,1.770910,2.786213,5.018861,8.379217,9.859430,12.718973,17.544415,24.888428,31.680969,42.078865
1982-11-27,32.103087,Training,0.437162,1.663594,2.599726,5.472683,9.754715,11.720665,14.868643,22.275448,36.332333,48.210869,75.435371
1982-11-28,50.689084,Training,0.447446,1.885703,3.276097,6.474994,11.997033,14.106077,19.433167,29.063946,41.635796,53.420670,75.899414
1982-11-29,48.999448,Training,1.456392,3.475168,5.197773,9.330052,15.016199,17.200127,22.051683,29.707510,40.237823,49.103127,66.521317
1982-11-30,43.930540,Training,4.556665,8.993080,12.173813,18.726185,25.171360,27.696571,32.533810,39.401913,48.606030,55.552109,70.482529
1982-12-01,38.861631,Training,5.138555,9.974593,13.207629,19.867914,26.030704,28.496382,32.613270,39.271496,47.530445,53.760841,67.020294
1982-12-02,33.792723,Training,3.085270,6.090847,8.343137,13.589205,19.067253,21.312300,25.345678,31.586748,39.803772,46.534210,59.900478
1982-12-03,30.413451,Training,3.130963,6.051820,8.235845,13.208975,18.277496,20.419989,24.135775,29.759129,37.195530,43.332989,54.881516
1982-12-04,27.034178,Training,1.448672,3.241053,4.615904,8.194454,12.330399,13.956847,17.493551,22.737984,29.921627,36.468571,48.236660
1982-12-05,23.654906,Training,0.394333,1.516926,2.336750,4.496064,7.246826,8.265285,11.124722,15.320087,21.445156,27.325823,35.764858
1982-12-06,21.965270,Training,0.252501,1.217348,1.938102,3.851491,6.080809,7.067476,9.605680,13.256520,19.084759,24.613707,31.605900
1982-12-07,20.275634,Training,0.759939,1.803020,2.613920,5.549053,7.923854,9.231049,12.267714,15.613135,23.289202,29.935873,42.951500
1982-12-08,20.275634,Training,0.785514,2.060878,2.915618,6.469063,10.492701,12.310352,15.906967,22.047888,34.911659,45.126125,70.424377
1982-12-09,28.723815,Training,0.409040,1.644214,2.561978,6.195252,10.904645,13.040465,17.503969,26.811384,42.035706,54.434563,89.881523
1982-12-10,42.240904,Training,0.945863,2.695376,4.204798,9.282002,15.352236,18.403519,24.669806,35.228619,50.558460,64.272835,99.253464
1982-12-11,50.689084,Training,2.010924,4.934374,7.354138,13.645779,20.779753,24.026728,30.399208,40.374199,53.602516,64.754463,88.277298
1982-12-12,65.895810,Training,3.613923,8.186738,11.385183,20.118046,29.305073,33.387913,40.644547,50.966518,69.514366,82.344933,122.374939
1982-12-13,103.067805,Training,7.982447,18.905815,25.652346,37.788696,50.802055,56.217789,65.396637,78.619659,97.280945,112.535187,151.454193
1982-12-14,94.619624,Training,9.460282,22.292946,29.939220,41.627075,53.912819,58.224453,65.931976,78.745239,94.073448,105.674088,130.909180
1982-12-15,77.723263,Training,9.276886,21.353491,27.924259,38.409592,47.409763,50.741482,56.384354,65.814430,78.798698,86.803329,107.824730
1982-12-16,67.585446,Training,7.807982,17.558661,22.563110,32.300640,39.006580,41.676643,46.561344,54.006912,65.381149,71.178329,88.323631
1982-12-17,65.895810,Training,8.912763,18.715660,23.674520,34.034569,39.835964,43.693562,49.428219,56.206333,68.666656,77.508286,105.191849
1982-12-18,57.447629,Training,10.098879,21.552803,27.211424,36.715267,44.115162,47.214310,51.173504,59.938332,69.042160,75.769714,92.843910
1982-12-19,50.689084,Training,9.846266,20.922714,26.293758,35.591892,42.429920,45.356785,48.925922,57.030552,65.901245,71.983780,88.317474
1982-12-20,54.068357,Training,9.709193,22.426535,29.045683,41.201927,50.678566,56.102116,63.895260,73.828041,90.832024,102.818535,140.018173
1982-12-21,64.206174,Training,15.455314,36.553764,47.032433,59.908817,71.301437,76.453529,84.968536,97.542213,110.932259,125.665047,155.175140
1982-12-22,69.275082,Training,15.648083,36.506340,46.247608,57.781712,68.147507,71.558174,78.078377,89.596115,100.532784,110.972656,130.015503
1982-12-23,62.516537,Training,15.703721,35.777580,44.183643,54.049599,62.419189,65.184837,70.124405,79.761444,87.564140,96.021568,113.194519
1982-12-24,54.068357,Training,14.733867,33.086697,40.413689,50.324158,57.767731,60.568104,64.850639,73.977570,81.514160,88.882996,105.062874
1982-12-25,48.999448,Training,13.119028,28.944298,35.204197,44.911892,51.683434,54.453224,58.007542,66.454254,74.286812,80.484352,96.237686
1982-12-26,43.930540,Training,11.079534,23.573023,28.740601,38.051659,44.016663,46.684250,49.755157,57.190815,65.009872,70.119202,84.729095
1982-12-27,38.861631,Training,9.708249,19.686384,24.154215,32.793304,38.027008,40.588486,43.348213,49.833363,56.948303,61.466675,74.475258
1982-12-28,33.792723,Training,8.357058,16.366489,20.314123,28.299280,33.097202,35.602673,38.265778,44.094841,50.891224,55.232632,67.162552
1982-12-29,32.103087,Training,7.429677,14.028652,17.611904,24.876745,29.413519,31.934599,34.474083,39.903103,46.174187,50.462437,60.907730
1982-12-30,28.723815,Training,7.519045,13.991968,17.555653,24.500072,28.883921,31.338020,33.685513,38.935467,44.716587,48.918274,58.320805
1982-12-31,25.344542,Training,5.649910,10.253368,13.225998,19.168430,23.554245,25.969418,28.512871,33.414200,39.406990,44.136890,52.995876
1983-01-01,21.965270,Training,3.039211,5.453632,7.334188,11.619693,15.470600,17.594431,20.321445,24.560366,30.316544,35.400082,42.877209
1983-01-02,20.275634,Training,2.906634,5.256215,7.109909,11.302533,15.137806,17.241716,20.018785,24.225754,30.077826,35.250648,43.032982
1983-01-03,20.275634,Training,2.622343,4.841199,6.621016,10.651738,14.490443,16.549751,19.419531,23.653223,29.733271,35.119995,43.633778
1983-01-04,18.585998,Training,2.549724,4.740975,6.503376,10.506822,14.345097,16.391453,19.282335,23.537905,29.718527,35.175835,44.051716
1983-01-05,18.585998,Training,0.963791,2.175768,3.158712,5.516070,8.474854,9.899020,12.317312,16.040422,21.561123,27.087805,35.082508
1983-01-06,16.896361,Training,0.789311,1.932850,2.853084,5.103119,7.871415,9.189012,11.524582,15.228148,20.823355,26.347458,34.551231
1983-01-07,15.206725,Training,0.666292,1.736007,2.596793,4.789271,7.268005,8.461327,10.751765,14.235733,19.823181,25.163931,32.789673
1983-01-08,13.517089,Training,0.154023,0.901064,1.466756,2.454601,3.823044,4.449206,5.576134,7.843951,11.908731,15.542905,20.735188
1983-01-09,13.517089,Training,0.128177,0.798821,1.318922,1.898081,2.708457,3.095506,3.764042,5.258836,8.341806,10.857447,14.786359
1983-01-10,11.827453,Training,0.127426,0.804938,1.329255,1.944047,2.820336,3.235067,3.946746,5.545711,8.761360,11.422003,15.527271
1983-01-11,11.827453,Training,0.126184,0.810742,1.340835,1.982962,2.914100,3.352541,4.098639,5.786298,9.127340,11.916512,16.196880
1983-01-12,11.827453,Training,0.121681,0.812513,1.348470,2.000634,2.948877,3.399046,4.147493,5.875938,9.290782,12.147554,16.536945
1983-01-13,10.137817,Training,0.155074,0.846678,1.405481,2.229957,3.239961,3.815235,4.643970,6.593700,10.566792,13.959536,19.204012
1983-01-14,10.137817,Training,0.110763,0.814430,1.369986,2.091411,3.177346,3.692057,4.523952,6.490209,10.264204,13.489528,18.410368
1983-01-15,10.137817,Training,0.108854,0.812120,1.367542,2.088795,3.166713,3.678467,4.499848,6.451193,10.214614,13.420086,18.313192
1983-01-16,10.137817,Training,0.107765,0.809348,1.356187,2.045329,3.041528,3.509171,4.271350,6.098703,9.719375,12.749767,17.295918
1983-01-17,8.448181,Training,0.113740,0.809880,1.349630,2.022720,2.978175,3.429823,4.161950,5.914980,9.424376,12.338184,16.697960
1983-01-18,8.448181,Training,0.111357,0.802349,1.332089,1.982045,2.885274,3.310808,3.997750,5.675869,9.080441,11.860308,15.969300
1983-01-19,8.448181,Training,0.120310,0.808684,1.334685,1.984926,2.876000,3.299978,3.978934,5.626696,8.979216,11.715091,15.739892
1983-01-20,8.448181,Training,0.135883,0.824127,1.350942,2.017673,2.925358,3.365644,4.062556,5.714852,9.056517,11.813342,15.872028
1983-01-21,6.758545,Training,0.138091,0.828449,1.354656,2.037265,2.963905,3.413696,4.118055,5.800787,9.176944,11.967859,16.035017
1983-01-22,6.758545,Training,0.148126,0.840602,1.369321,2.076032,3.035728,3.506079,4.235829,5.955307,9.370695,12.220718,16.361437
1983-01-23,6.758545,Training,0.131570,0.816103,1.328028,2.005500,2.906880,3.340420,4.008428,5.675920,9.021828,11.719627,15.536813
1983-01-24,5.068908,Training,0.123442,0.783186,1.261632,1.878026,2.665873,3.051481,3.632665,5.171011,8.272143,10.632250,13.904452
1983-01-25,5.068908,Training,0.134339,0.787755,1.257691,1.865321,2.626177,3.006254,3.568573,5.060175,8.075037,10.343209,13.452298
1983-01-26,5.068908,Training,0.145670,0.802645,1.276131,1.863079,2.596399,2.961697,3.501105,4.927883,7.885293,10.143465,13.276958
1983-01-27,5.068908,Training,0.159242,0.824933,1.310888,1.932111,2.711861,3.100854,3.671617,5.141844,8.180441,10.559637,13.854153
1983-01-28,3.379272,Training,0.167724,0.833424,1.318402,1.961946,2.764162,3.167943,3.747439,5.249484,8.313405,10.713790,14.002553
1983-01-29,3.379272,Training,0.175792,0.837776,1.317091,1.974621,2.785126,3.197889,3.776584,5.294498,8.353389,10.733061,13.955295
1983-01-30,3.379272,Training,0.196642,0.874551,1.370624,2.090797,2.984277,3.438622,4.079803,5.681188,8.881451,11.440346,14.876007
1983-01-31,3.379272,Training,0.225616,0.910906,1.412488,2.220725,3.208917,3.718525,4.429822,6.152993,9.484093,12.173289,15.654199
1983-02-01,3.379272,Training,0.203919,0.875604,1.365974,2.065172,2.921753,3.370799,3.970866,5.528287,8.661384,11.145596,14.489509
1983-02-02,3.379272,Training,0.220243,0.906030,1.410308,2.150858,3.074861,3.554701,4.204233,5.823353,9.054070,11.674617,15.205994
1983-02-03,3.379272,Training,0.235090,0.928502,1.440065,2.220968,3.198435,3.708552,4.391403,6.073448,9.385697,12.101484,15.731907
1983-02-04,3.379272,Training,0.246974,0.944030,1.459045,2.267011,3.278330,3.809041,4.510128,6.232772,9.594831,12.366586,16.047253
1983-02-05,3.379272,Training,0.250956,0.927814,1.420498,2.204152,3.157967,3.671937,4.314970,5.988109,9.234384,11.834077,15.222557
1983-02-06,3.379272,Training,0.274824,0.986988,1.521246,2.391832,3.474543,4.057896,4.822896,6.615189,10.110728,13.056173,16.964705
1983-02-07,3.379272,Training,0.303731,1.021669,1.564199,2.468770,3.648699,4.264598,5.165102,6.989607,10.483405,13.492764,17.483366
1983-02-08,3.379272,Training,0.338614,1.039080,1.558672,2.501658,3.721734,4.323187,5.315206,7.139077,10.510329,13.365838,16.843229
1983-02-09,3.379272,Training,0.356044,1.057224,1.570418,2.545317,3.814362,4.425611,5.468865,7.354299,10.765882,13.619430,16.992462
1983-02-10,3.379272,Training,0.375736,1.083187,1.597658,2.599188,3.905522,4.532398,5.614820,7.536309,10.985953,13.842082,17.157597
1983-02-11,3.379272,Training,0.443602,1.167984,1.699490,2.894689,4.335299,5.075508,6.316895,8.417205,12.386169,15.696162,19.708729
1983-02-12,3.379272,Training,0.387365,1.086764,1.614811,2.718061,4.180740,4.889682,6.125466,8.284881,12.049181,15.117677,18.572657
1983-02-13,3.379272,Training,0.362835,1.037911,1.546366,2.596354,3.987944,4.652768,5.842244,7.902161,11.521746,14.431661,17.749908
1983-02-14,3.379272,Training,0.353172,1.051265,1.572369,2.602434,3.989038,4.629265,5.851195,7.900389,11.620178,14.671324,18.257895
1983-02-15,3.379272,Training,0.405191,1.137144,1.684463,2.888101,4.406614,5.143726,6.518414,8.769447,13.069653,16.676422,21.253845
1983-02-16,3.379272,Training,0.354328,1.139133,1.743538,2.909268,4.645406,5.446108,6.894573,9.508518,14.161155,18.251865,23.519188
1983-02-17,3.379272,Training,0.401215,1.251101,1.923831,3.319674,5.305788,6.287996,7.957113,11.044955,16.736496,21.891066,29.115376
1983-02-18,3.379272,Training,0.323040,1.139896,1.784297,3.079609,4.992009,6.009525,7.313284,10.557718,16.138929,21.405172,28.699270
1983-02-19,3.379272,Training,0.265816,0.906087,1.423758,2.488952,3.756544,4.594899,5.460144,7.966228,12.598382,16.552065,21.801579
1983-02-20,3.379272,Training,0.282770,0.943036,1.469844,2.667082,3.931090,4.779243,5.734068,8.137900,13.106328,17.322767,23.597656
1983-02-21,5.068908,Training,0.067698,0.875118,1.499477,3.459956,5.770844,7.057521,8.704354,13.726474,25.053493,33.553745,54.633450
1983-02-22,8.448181,Training,0.404111,1.761815,2.907094,6.528125,12.013167,14.578096,18.856346,29.732908,46.706013,61.571320,99.405174
1983-02-23,10.137817,Training,0.925607,2.480256,3.897925,7.940951,13.326519,16.512178,21.285740,31.551495,45.339848,59.183289,85.373802
1983-02-24,10.137817,Training,3.268768,6.640886,9.078155,16.612028,23.793980,28.046919,34.173740,44.164051,60.037640,72.673134,103.770493
1983-02-25,15.206725,Training,4.559756,10.051288,14.001440,23.789104,34.184002,39.343132,46.898396,58.825970,78.617531,92.619507,131.073242
1983-02-26,20.275634,Training,7.573231,15.173821,19.329245,29.367155,36.832447,42.334694,46.605022,56.839649,71.186447,81.176689,100.549492
1983-02-27,21.965270,Training,12.078387,23.826565,28.094734,37.406685,43.164680,47.523827,49.177711,56.800591,67.661034,74.480911,89.876228
1983-02-28,21.965270,Training,13.453297,25.722609,29.490664,37.568836,41.762234,45.389565,46.097080,52.116394,60.599136,65.800423,78.952690
1983-03-01,21.965270,Training,10.316852,18.835503,22.497910,29.725857,33.334320,36.300270,38.332470,43.332821,51.403019,56.078972,68.494110
1983-03-02,21.965270,Training,9.110117,16.007608,19.488531,26.078981,29.104532,31.480038,33.686363,37.791103,44.843239,48.789833,59.970985
1983-03-03,20.275634,Training,8.263388,14.195738,17.599964,23.702112,26.331949,28.266779,30.617678,34.067230,40.313934,43.762756,53.919617
1983-03-04,18.585998,Training,7.726747,13.022796,16.341652,22.079670,24.437595,26.124098,28.494478,31.510620,37.177872,40.343323,49.707809
1983-03-05,16.896361,Training,7.278700,12.066053,15.295431,20.707203,22.917498,24.463102,26.823814,29.573158,34.850582,37.887402,46.640224
1983-03-06,15.206725,Training,6.904129,11.168316,14.259167,19.381380,21.472786,22.996964,25.239555,27.824379,32.820354,35.828571,44.100883
1983-03-07,15.206725,Training,6.552696,10.464876,13.483703,18.491631,20.485683,22.071304,24.326664,26.843817,31.754259,34.869637,42.985748
1983-03-08,15.206725,Training,6.054796,9.656287,12.574535,17.369823,19.372234,20.863594,23.242750,25.736155,30.594511,33.643723,41.502647
1983-03-09,13.517089,Training,6.098363,9.517068,12.394649,17.089182,18.977026,20.535477,22.714325,25.156393,29.841599,32.871181,40.701412
1983-03-10,13.517089,Training,5.717109,8.917170,11.710198,16.307426,18.206215,19.750782,22.038519,24.509199,29.251139,32.309494,40.112961
1983-03-11,11.827453,Training,4.977073,7.765497,10.327028,14.814846,16.732477,18.301702,20.773798,23.305534,28.274824,31.492382,39.152031
1983-03-12,11.827453,Training,3.732835,5.684185,7.705969,11.722902,13.585295,15.221563,17.585325,20.212711,25.359547,28.879557,35.932369
1983-03-13,11.827453,Training,2.458638,3.703610,5.172266,8.525725,10.322687,12.024100,14.156649,16.840113,22.216755,26.397449,33.116093
1983-03-14,11.827453,Training,2.199931,3.226048,4.496503,7.337123,9.128015,10.677603,12.381654,15.003165,19.946074,23.970188,30.186069
1983-03-15,10.137817,Training,1.387357,2.146497,3.036644,5.054313,6.703984,8.007126,9.236858,11.730263,16.275818,20.237827,25.510986
1983-03-16,10.137817,Training,0.607314,1.209063,1.747365,2.798150,3.900136,4.709242,5.321269,7.239727,10.853102,13.772624,17.283587
1983-03-17,10.137817,Training,0.464163,1.094158,1.637904,2.701435,3.818410,4.579608,5.320271,7.319443,11.129907,14.007648,17.497835
1983-03-18,8.448181,Training,0.443216,1.087475,1.630819,2.701204,3.817062,4.562018,5.339842,7.329033,11.159670,13.993179,17.404728
1983-03-19,8.448181,Training,0.404029,1.039679,1.568551,2.599513,3.641025,4.355842,5.099841,7.012853,10.806260,13.555417,16.888388
1983-03-20,8.448181,Training,0.390463,1.014388,1.535595,2.550087,3.543792,4.248765,4.959392,6.832807,10.610097,13.331523,16.669947
1983-03-21,8.448181,Training,0.413318,1.012317,1.531172,2.622046,3.536030,4.274525,4.965307,6.817774,10.769464,13.604157,17.418539
1983-03-22,8.448181,Training,0.396863,0.993569,1.515234,2.599239,3.539555,4.284833,4.977085,6.881443,10.850986,13.729712,17.512981
1983-03-23,6.758545,Training,0.355478,0.953496,1.457824,2.426266,3.408235,4.090228,4.753990,6.643481,10.368475,13.081886,16.508955
1983-03-24,6.758545,Training,0.395471,0.928060,1.412936,2.376635,3.290530,4.005960,4.592027,6.579795,10.585412,13.613036,17.824598
1983-03-25,6.758545,Training,0.450441,1.035167,1.559402,2.600997,3.680025,4.465935,5.139531,7.253901,11.413148,14.803322,19.290943
1983-03-26,6.758545,Training,0.390076,0.929790,1.417806,2.407786,3.396092,4.129742,4.735272,6.845753,10.947076,14.079733,18.425161
1983-03-27,5.068908,Training,0.405309,0.968346,1.484477,2.605455,3.706840,4.516344,5.257193,7.691285,12.413076,16.129869,21.542028
1983-03-28,5.068908,Training,0.369354,0.930254,1.446896,2.570228,3.710612,4.538994,5.299687,7.854779,12.789531,16.694914,22.438967
1983-03-29,5.068908,Training,0.377719,0.922642,1.426545,2.564572,3.695843,4.521347,5.261102,7.817941,12.687966,16.407618,21.926872
1983-03-30,5.068908,Training,0.407602,0.976627,1.506323,2.754050,3.972572,4.855387,5.706007,8.347271,13.391724,17.214098,22.712891
1983-03-31,5.068908,Training,0.445315,1.017607,1.567617,2.986920,4.250621,5.228080,6.197378,9.060076,14.697007,18.923788,25.322248
1983-04-01,5.068908,Training,0.417258,0.986024,1.508383,2.887975,4.154229,5.100148,6.046873,9.036673,14.820817,19.125305,25.997578
1983-04-02,5.068908,Training,0.452708,1.073867,1.628024,3.079578,4.500913,5.509749,6.576424,9.756492,15.843907,20.690500,28.351652
1983-04-03,5.068908,Training,0.340838,0.909956,1.396508,2.660831,3.884037,4.759489,5.641461,8.575735,14.233987,18.504333,25.583246
1983-04-04,5.068908,Training,0.242082,0.773025,1.220473,2.364407,3.429718,4.222708,4.983262,7.739983,13.203053,17.131832,23.988222
1983-04-05,5.068908,Training,0.237900,0.776718,1.248475,2.414103,3.491434,4.308358,5.100375,7.712738,12.974896,16.778910,22.852383
1983-04-06,3.379272,Training,0.252307,0.805178,1.290809,2.522258,3.641860,4.491908,5.358947,8.001755,13.377567,17.272850,23.348730
1983-04-07,3.379272,Training,0.361488,0.925602,1.433105,3.007708,4.238505,5.248919,6.331645,9.249065,15.565536,20.095152,28.032516
1983-04-08,3.379272,Training,0.467889,1.113912,1.691958,3.408350,4.879453,5.960363,7.254546,10.362363,16.400824,20.917248,27.680237
1983-04-09,3.379272,Training,0.370879,0.997871,1.518514,2.961078,4.280149,5.169208,6.274919,9.011387,14.297084,18.193268,23.983128
1983-04-10,3.379272,Training,0.538922,1.173404,1.742264,3.590512,4.932305,6.017507,7.292456,10.180573,16.198576,20.619209,27.736946
1983-04-11,3.379272,Training,0.429225,1.051759,1.532268,3.069469,4.318202,5.223715,6.251888,9.109493,14.783557,18.729979,25.544931
1983-04-12,3.379272,Training,0.382717,1.009113,1.501740,2.930958,4.138283,4.970528,5.971034,8.545306,13.635188,17.254356,22.957584
1983-04-13,3.379272,Training,0.468270,1.145565,1.676503,3.234498,4.537016,5.405089,6.540672,9.106796,14.062077,17.635603,22.915554
1983-04-14,3.379272,Training,0.417169,1.081523,1.590535,3.029509,4.262660,5.053463,6.128554,8.536241,13.210969,16.576824,21.544292
1983-04-15,3.379272,Training,0.414124,1.074168,1.566136,2.928097,4.090960,4.833781,5.843997,8.073222,12.428264,15.546842,20.151920
1983-04-16,1.689636,Training,0.447812,1.109735,1.621014,3.136014,4.273748,5.116884,6.159253,8.498437,13.257853,16.626570,21.650909
1983-04-17,3.379272,Training,0.245019,0.842467,1.370675,3.227277,4.680459,5.873326,6.904982,9.998880,17.802328,23.134068,34.614052
1983-04-18,3.379272,Training,0.141806,0.793582,1.186322,2.867830,4.327641,5.489102,6.503922,10.766372,20.097841,26.311502,40.554001
1983-04-19,3.379272,Training,0.112721,0.795045,1.217327,3.086094,4.844084,6.164572,7.397675,12.176402,22.954222,30.461027,47.588520
1983-04-20,5.068908,Training,0.581963,1.509227,2.045681,4.940154,7.430296,9.359221,11.304800,18.210546,31.637094,39.528465,62.255745
1983-04-21,5.068908,Training,0.835232,2.141919,2.913023,7.358783,11.594884,14.665696,17.886278,27.875313,48.004730,60.644371,97.158493
1983-04-22,8.448181,Training,1.060015,3.183078,4.938978,11.364666,18.227568,22.988180,27.361822,41.354034,64.071709,80.484886,129.683121
1983-04-23,13.517089,Training,3.401296,8.391083,10.527989,21.520174,30.854441,37.896530,46.209885,66.320320,98.505241,117.682610,171.296936
1983-04-24,23.654906,Training,5.178986,12.189137,15.099819,28.516031,38.098160,45.693546,54.896362,71.501770,104.623398,120.773758,173.340744
1983-04-25,33.792723,Training,6.849274,15.957464,19.221699,33.589401,42.258858,50.239395,58.543434,73.597862,105.531326,119.091820,169.512741
1983-04-26,43.930540,Training,7.666004,18.208000,21.630859,36.824249,45.134079,53.404728,61.732521,76.437996,108.803444,121.835075,172.154495
1983-04-27,45.620176,Training,9.914758,23.256079,27.001734,41.980267,47.475578,56.055374,61.543015,72.217003,98.074158,108.531387,150.237793
1983-04-28,43.930540,Training,10.726917,25.683962,29.305267,44.231010,49.538864,57.754921,63.200336,72.534264,97.112907,107.383469,149.080032
1983-04-29,43.930540,Training,10.959713,27.660553,33.902073,51.895660,61.174004,70.716240,80.487938,93.657242,125.594902,139.361725,189.269577
1983-04-30,70.964718,Training,12.340879,33.166748,41.574207,62.553768,75.083145,86.001022,99.371178,114.781044,151.531738,169.668259,222.594666
1983-05-01,74.343991,Training,13.441573,35.069664,41.907822,59.340733,66.945824,77.614265,84.300880,95.338913,123.833458,139.936050,178.887558
1983-05-02,70.964718,Training,13.199935,33.404438,38.524944,54.089466,59.878540,68.933876,74.202393,82.201683,105.152565,118.449158,156.625473
1983-05-03,64.206174,Training,13.562114,33.949055,39.106434,51.892971,57.291782,64.407059,67.709320,73.821594,90.084991,101.659958,128.454956
1983-05-04,54.068357,Training,12.197854,30.134350,34.628170,43.820038,50.265713,54.169224,56.042229,61.386147,72.215553,79.736427,95.390404
1983-05-05,54.068357,Training,12.289441,31.065454,34.833149,48.134232,54.283775,61.081692,65.252968,71.706902,88.831566,99.837868,133.295044
1983-05-06,50.689084,Training,11.709404,28.455833,33.156410,42.878338,49.000874,53.788532,55.520340,61.335518,72.411766,80.973915,97.649567
1983-05-07,47.309812,Training,9.889401,22.764322,26.628357,34.976490,40.634254,43.852276,45.515030,50.235474,59.157497,64.792786,79.338760
1983-05-08,43.930540,Training,9.354877,21.290812,24.995422,33.522949,38.878754,42.332119,44.199760,48.536095,57.701958,62.904488,78.653542
1983-05-09,40.551268,Training,8.725734,18.752956,22.382399,30.557028,34.998089,37.931042,39.804882,43.593307,51.407211,55.909782,70.658180
1983-05-10,38.861631,Training,7.749033,16.229374,19.542479,27.318615,31.374880,34.093227,36.026295,39.528027,46.987087,50.635471,65.275253
1983-05-11,40.551268,Training,6.824945,13.926467,16.539347,25.067936,28.547333,31.899519,34.752510,38.768791,48.805363,53.699745,74.557289
1983-05-12,62.516537,Training,6.504714,14.018416,16.269379,26.302441,31.256556,36.108521,40.222347,46.863777,63.950317,71.806801,102.547462
1983-05-13,70.964718,Training,6.468698,13.875046,16.415462,26.800362,31.702997,37.612415,41.471363,49.282711,67.472321,76.554443,106.951477
1983-05-14,70.964718,Training,5.972808,12.965947,15.052854,26.169546,31.982670,38.347424,43.401680,52.937576,76.077278,86.012367,126.266296
1983-05-15,70.964718,Training,6.324466,14.006070,16.247328,28.332886,34.607353,41.653996,47.284756,57.804504,82.956085,93.408737,137.048325
1983-05-16,72.654354,Training,5.929393,13.504853,15.735672,28.477591,36.215969,43.712887,50.212276,63.450836,92.941566,104.878891,153.931747
1983-05-17,70.964718,Training,6.640946,14.859224,17.470520,30.355007,36.511707,44.514809,49.584209,60.860924,85.416862,96.357651,134.505295
1983-05-18,69.275082,Training,6.660976,14.811780,17.516109,28.174046,33.398029,39.970165,42.975773,50.955082,68.574287,76.235374,98.721390
1983-05-19,62.516537,Training,6.530399,14.159585,16.704515,26.461790,30.948723,36.459583,39.188950,45.708916,60.980824,66.866158,86.999748
1983-05-20,54.068357,Training,6.562699,13.974092,16.073580,26.588099,30.722803,36.124538,39.965790,46.655499,64.064270,70.863815,100.045631
1983-05-21,48.999448,Training,6.227740,13.142570,15.416039,25.414959,29.370569,34.858414,38.090389,45.092655,61.182144,68.031044,91.991524
1983-05-22,43.930540,Training,5.734908,12.107043,14.456821,22.756643,26.901480,31.194725,33.601761,39.539539,52.342972,57.201874,73.920906
1983-05-23,38.861631,Training,5.927127,12.331655,14.903241,22.816626,26.835791,30.367500,32.767071,37.796326,48.732517,52.932274,67.781654
1983-05-24,33.792723,Training,5.023139,10.124035,12.373304,19.352110,22.950058,25.667358,28.214304,32.761135,42.598900,46.177914,59.261383
1983-05-25,30.413451,Training,5.074102,10.147637,12.507160,18.976521,22.542217,24.614100,27.142023,31.144083,39.404274,42.618191,53.933605
1983-05-26,27.034178,Validation,5.084551,10.102641,12.538763,18.649324,22.176109,23.884954,26.350965,29.987110,37.332981,40.218933,50.725189
1983-05-27,23.654906,Validation,4.955463,9.797203,12.251575,18.145409,21.585127,23.149332,25.604967,29.074541,36.131207,38.833794,49.012039
1983-05-28,21.965270,Validation,4.828901,9.497840,11.960973,17.743565,21.077692,22.646278,25.066847,28.440460,35.453224,38.008389,48.207047
1983-05-29,20.275634,Validation,4.677262,9.180456,11.618626,17.174177,20.450483,21.897264,24.332514,27.584581,34.343063,36.788254,46.642155
1983-05-30,18.585998,Validation,4.232600,8.190002,10.406907,15.915061,18.882435,20.483004,23.051462,26.342697,33.410244,36.234642,46.246559
1983-05-31,16.896361,Validation,2.351396,4.529789,5.718669,11.217524,14.484844,16.466349,19.975283,24.538801,38.075966,43.455864,65.406883
1983-06-01,15.206725,Validation,2.359023,4.634300,5.772677,11.756665,15.107280,17.708853,21.532930,27.790913,42.061047,49.179039,71.638855
1983-06-02,13.517089,Validation,1.548928,3.384482,4.324130,8.390648,11.474555,13.261450,16.118351,21.408854,31.755213,37.054123,51.420387
1983-06-03,13.517089,Validation,1.704608,3.713599,4.715846,8.911269,12.087238,13.760287,16.977577,21.915207,31.644215,36.775658,50.714443
1983-06-04,11.827453,Validation,0.704575,1.844828,2.490037,4.898693,7.112996,8.017855,10.248468,14.025793,20.950199,25.238131,35.906830
1983-06-05,13.517089,Validation,0.364555,1.110027,1.536104,3.754114,5.477749,6.163613,8.153458,11.558230,19.696503,24.487007,40.218491
1983-06-06,13.517089,Validation,0.411124,1.353603,1.922696,3.898181,5.776059,6.623607,8.411744,12.102311,18.876022,23.198317,33.524742
1983-06-07,11.827453,Validation,0.418545,1.266365,1.805646,3.936103,5.615300,6.493041,8.332651,11.846933,18.930840,23.450686,34.501743
1983-06-08,11.827453,Validation,0.376387,1.289720,1.844243,3.662593,5.332507,6.096849,7.710570,10.997150,17.278551,21.164452,30.442688
1983-06-09,10.137817,Validation,0.274717,1.113628,1.628047,3.026439,4.344369,4.900181,6.155307,8.736864,13.772792,16.880814,24.275398
1983-06-10,8.448181,Validation,0.293753,1.125284,1.631904,2.990841,4.228714,4.745568,5.947443,8.325834,13.021996,15.899123,22.757055
1983-06-11,8.448181,Validation,0.257855,1.064712,1.557287,2.780326,3.871150,4.342742,5.405074,7.575061,11.965534,14.610567,20.932156
1983-06-12,8.448181,Validation,0.214440,0.991596,1.468226,2.518095,3.432731,3.851544,4.730263,6.650236,10.658062,13.027819,18.753599
1983-06-13,8.448181,Validation,0.211890,0.985362,1.457591,2.458241,3.312630,3.715389,4.538946,6.363006,10.217457,12.467525,17.938835
1983-06-14,6.758545,Validation,0.273533,1.061437,1.539229,2.622149,3.513169,3.925605,4.789125,6.603923,10.420005,12.638706,18.151165
1983-06-15,6.758545,Validation,0.335656,1.152378,1.642420,2.834663,3.787242,4.225134,5.157796,7.028839,10.955689,13.215667,18.918756
1983-06-16,6.758545,Validation,0.331813,1.157627,1.650084,2.836211,3.785051,4.229135,5.175346,7.044393,10.979239,13.217123,18.835972
1983-06-17,5.068908,Validation,0.303344,1.131290,1.623525,2.770916,3.700964,4.151021,5.101011,6.966077,10.904802,13.126900,18.584084
1983-06-18,5.068908,Validation,0.352289,1.199431,1.701844,2.907520,3.855158,4.318589,5.284092,7.136969,11.079868,13.277201,18.771528
1983-06-19,5.068908,Validation,0.154847,0.828149,1.194289,1.657656,1.907868,2.120329,2.356557,3.202542,5.330370,6.613765,9.836990
1983-06-20,5.068908,Validation,0.171475,0.844972,1.187780,1.567909,1.725651,1.903074,2.064460,2.731006,4.515692,5.679002,8.550435
1983-06-21,5.068908,Validation,0.176828,0.856999,1.197653,1.562587,1.706739,1.882613,2.030727,2.675305,4.420457,5.563358,8.385133
1983-06-22,3.379272,Validation,0.169931,0.853594,1.199038,1.570125,1.720920,1.908609,2.062790,2.732403,4.536099,5.700003,8.560363
1983-06-23,3.379272,Validation,0.145327,0.828033,1.189592,1.604603,1.800060,2.015138,2.214076,2.986623,5.011070,6.266030,9.320023
1983-06-24,3.379272,Validation,0.211847,0.882615,1.177664,1.501170,1.561183,1.694900,1.785624,2.237078,3.589192,4.598899,7.055863
1983-06-25,3.379272,Validation,0.198126,0.854035,1.166566,1.532358,1.589777,1.759157,1.856747,2.347531,3.815117,4.913289,7.490920
1983-06-26,3.379272,Validation,0.213528,0.865851,1.174391,1.534853,1.574389,1.736621,1.819087,2.271594,3.655290,4.723395,7.264996
1983-06-27,3.379272,Validation,0.222827,0.892880,1.185021,1.491393,1.542076,1.662166,1.739926,2.156302,3.422048,4.384542,6.805290
1983-06-28,3.379272,Validation,0.225670,0.890809,1.180230,1.483541,1.532215,1.647836,1.721655,2.127902,3.364364,4.298586,6.699817
1983-06-29,3.379272,Validation,0.229506,0.888394,1.176011,1.485055,1.530273,1.645497,1.714278,2.114221,3.336897,4.257217,6.659036
1983-06-30,3.379272,Validation,0.223229,0.886743,1.176295,1.480205,1.528624,1.641903,1.718542,2.121364,3.358630,4.287676,6.691472
1983-07-01,3.379272,Training,0.220657,0.889019,1.180596,1.481583,1.529151,1.644465,1.723542,2.128399,3.380790,4.322899,6.728242
1983-07-02,1.689636,Training,0.220816,0.887746,1.183532,1.488976,1.530639,1.655553,1.730332,2.138032,3.404838,4.359744,6.770749
1983-07-03,1.689636,Training,0.219922,0.886783,1.183480,1.487697,1.528512,1.653555,1.728773,2.135638,3.404616,4.358943,6.771705
1983-07-04,1.689636,Training,0.208146,0.843706,1.159663,1.533406,1.554352,1.729074,1.809237,2.250132,3.645009,4.716141,7.326613
1983-07-05,1.689636,Training,0.209989,0.867682,1.177967,1.499340,1.540241,1.680941,1.760883,2.184379,3.510895,4.507350,7.001232
1983-07-06,1.689636,Training,0.204358,0.858637,1.176826,1.510795,1.550734,1.704187,1.787978,2.225281,3.602401,4.637825,7.186398
1983-07-07,1.689636,Training,0.201140,0.873679,1.183771,1.487049,1.543211,1.672070,1.765444,2.197497,3.562635,4.569954,7.082976
1983-07-08,1.689636,Training,0.194052,0.856392,1.176813,1.500874,1.555046,1.699307,1.798138,2.245103,3.664406,4.712291,7.275373
1983-07-09,1.689636,Training,0.185242,0.828774,1.157245,1.514917,1.562046,1.726417,1.830940,2.292962,3.764596,4.855799,7.510787
1983-07-10,1.689636,Training,0.170706,0.790254,1.122636,1.536806,1.573379,1.767461,1.881254,2.374092,3.956573,5.145807,8.037782
1983-07-11,1.689636,Training,0.182533,0.854798,1.176606,1.473829,1.547579,1.672767,1.779960,2.230604,3.650427,4.673772,7.260323
1983-07-12,1.689636,Training,0.180288,0.851250,1.172579,1.469035,1.543808,1.667319,1.777439,2.226341,3.650408,4.667709,7.245582
1983-07-13,1.689636,Training,0.168684,0.837388,1.161901,1.460784,1.545518,1.671327,1.789709,2.253563,3.714067,4.738025,7.342312
1983-07-14,1.689636,Training,0.175995,0.844528,1.168554,1.463012,1.538464,1.664013,1.776857,2.229470,3.671263,4.687247,7.260808
1983-07-15,1.689636,Training,0.188705,0.858150,1.181188,1.469174,1.532059,1.655953,1.758798,2.192766,3.602441,4.607806,7.150928
1983-07-16,1.689636,Training,0.186497,0.836511,1.172429,1.492229,1.539635,1.692323,1.789682,2.235163,3.690818,4.740234,7.339276
1983-07-17,1.689636,Training,0.173340,0.790388,1.133857,1.525699,1.553194,1.747731,1.852633,2.332013,3.915611,5.083009,7.938774
1983-07-18,1.689636,Training,0.072348,0.650701,0.934974,1.442031,1.540002,1.776347,1.887252,2.446404,4.394227,5.926528,9.921418
1983-07-19,1.689636,Training,0.101774,0.772555,1.202663,1.575680,1.722378,1.969393,2.108400,2.782424,4.920428,6.508447,10.107139
1983-07-20,1.689636,Training,0.108474,0.805338,1.211053,1.503507,1.673938,1.851570,2.001359,2.613286,4.563042,5.917210,9.194510
1983-07-21,1.689636,Training,0.050003,0.719895,1.168058,1.563269,1.808682,2.058548,2.303746,3.156954,5.713373,7.364992,11.263456
1983-07-22,1.689636,Training,0.047289,0.710577,1.137806,1.528507,1.785079,2.014284,2.275180,3.143112,5.641813,7.183896,10.876669
1983-07-23,1.689636,Training,0.095071,0.766936,1.171472,1.490132,1.682063,1.861181,2.063132,2.764037,4.856292,6.156311,9.425917
1983-07-24,1.689636,Training,0.092353,0.748754,1.152724,1.493802,1.677307,1.869106,2.073485,2.788116,4.911985,6.229581,9.472169
1983-07-25,1.689636,Training,0.079507,0.678027,1.083827,1.550895,1.699630,1.952353,2.170674,2.951683,5.311512,6.845314,10.485140
1983-07-26,1.689636,Training,0.086973,0.724882,1.131675,1.492120,1.661537,1.869895,2.069127,2.795355,4.944126,6.283690,9.534832
1983-07-27,1.689636,Training,0.089352,0.740407,1.135140,1.452739,1.627349,1.807948,2.005910,2.701253,4.749753,5.985324,9.113196
1983-07-28,1.689636,Training,0.070892,0.706121,1.106134,1.460209,1.650052,1.850165,2.068982,2.815562,4.981979,6.261078,9.511825
1983-07-29,1.689636,Training,0.128246,0.767820,1.150915,1.442320,1.559241,1.717067,1.865216,2.439374,4.225504,5.305277,8.235044
1983-07-30,3.379272,Training,0.122157,0.761955,1.149419,1.436205,1.556366,1.718653,1.875229,2.464382,4.286980,5.408832,8.328128
1983-07-31,3.379272,Training,0.107052,0.702595,1.105801,1.495101,1.593071,1.817704,1.987595,2.646500,4.703180,6.037422,9.262619
1983-08-01,3.379272,Training,0.116779,0.755437,1.146058,1.419538,1.541831,1.703218,1.859904,2.455964,4.285314,5.405789,8.312028
1983-08-02,1.689636,Training,0.111425,0.747316,1.137965,1.409072,1.534947,1.696276,1.857241,2.460463,4.302088,5.410966,8.314979
1983-08-03,1.689636,Training,0.085348,0.714029,1.109586,1.399209,1.549931,1.726187,1.911316,2.572625,4.539309,5.684054,8.675719
1983-08-04,1.689636,Training,0.056477,0.683208,1.084958,1.395152,1.585631,1.779476,2.004304,2.755126,4.900932,6.126410,9.247709
1983-08-05,1.689636,Training,0.079851,0.702700,1.102287,1.388629,1.541513,1.723720,1.913005,2.588208,4.576569,5.723272,8.723166
1983-08-06,1.689636,Training,0.061616,0.570517,0.861409,1.331804,1.395900,1.605780,1.707328,2.197432,3.994984,5.294981,9.055932
1983-08-07,1.689636,Training,-0.000845,0.622341,1.017743,1.493720,1.730478,2.031998,2.212143,2.995912,5.842206,8.146722,14.107128
1983-08-08,1.689636,Training,0.046932,0.767586,1.323972,1.540000,1.798377,2.050392,2.233139,3.022080,5.625631,7.534763,11.836154
1983-08-09,1.689636,Training,0.030734,0.682699,1.236444,1.589525,1.816177,2.124657,2.360530,3.256134,6.177407,8.227160,12.866233
1983-08-10,1.689636,Training,0.012368,0.658237,1.214769,1.569683,1.828284,2.130136,2.402488,3.375131,6.403299,8.431673,12.976401
1983-08-11,1.689636,Training,0.032696,0.667184,1.178936,1.461375,1.692432,1.926343,2.155937,3.007398,5.570688,7.220302,11.035669
1983-08-12,1.689636,Training,0.012541,0.638077,1.121189,1.386993,1.643136,1.851920,2.101229,2.968297,5.463501,7.004419,10.633795
1983-08-13,1.689636,Training,0.057232,0.668242,1.144101,1.402813,1.590796,1.791239,1.992732,2.745503,4.996613,6.425412,9.767348
1983-08-14,1.689636,Training,0.076140,0.695292,1.151315,1.355314,1.524501,1.687984,1.870065,2.546149,4.575558,5.839692,8.928792
1983-08-15,1.689636,Training,0.081924,0.691614,1.144221,1.349588,1.504565,1.670838,1.845171,2.508337,4.497469,5.736588,8.743948
1983-08-16,1.689636,Training,0.079587,0.677860,1.131367,1.349699,1.498583,1.674971,1.849522,2.522244,4.526966,5.778396,8.770935
1983-08-17,1.689636,Training,0.073854,0.673035,1.111778,1.305989,1.457431,1.613540,1.791066,2.444374,4.365346,5.519042,8.430155
1983-08-18,1.689636,Training,0.043188,0.578557,1.024890,1.392363,1.539212,1.776869,1.997832,2.798270,5.133302,6.606278,10.062091
1983-08-19,1.689636,Training,0.073730,0.618907,1.076046,1.395658,1.510013,1.731847,1.911707,2.630143,4.783833,6.185005,9.499135
1983-08-20,1.689636,Training,0.076190,0.668426,1.124325,1.303509,1.446778,1.608832,1.772152,2.427199,4.340799,5.525269,8.448638
1983-08-21,1.689636,Training,0.049032,0.624443,1.090473,1.309253,1.473019,1.662935,1.847990,2.572554,4.650695,5.932965,9.006370
1983-08-22,1.689636,Training,0.019591,0.602957,1.061137,1.255599,1.459887,1.636321,1.849293,2.616625,4.741096,6.003349,9.094679
1983-08-23,1.689636,Training,0.003188,0.578387,1.033029,1.245197,1.467498,1.655719,1.887911,2.699602,4.891794,6.157034,9.270587
1983-08-24,1.689636,Training,-0.046246,0.519327,0.973877,1.244001,1.548590,1.767801,2.079183,3.063287,5.557570,6.984577,10.321099
1983-08-25,1.689636,Training,0.042741,0.623625,1.071394,1.235113,1.408094,1.558021,1.750216,2.441116,4.376472,5.533295,8.369883
1983-08-26,1.689636,Training,0.140802,0.726912,1.164252,1.284935,1.366311,1.463568,1.585129,2.056194,3.538601,4.496338,6.991902
1983-08-27,1.689636,Training,0.131325,0.714186,1.144215,1.261845,1.348281,1.440662,1.563103,2.039250,3.512380,4.439219,6.916128
1983-08-28,1.689636,Training,0.156472,0.737040,1.169720,1.280486,1.347357,1.434460,1.539672,1.978447,3.376035,4.270977,6.709198
1983-08-29,1.689636,Training,0.175953,0.758686,1.190541,1.285846,1.341572,1.417554,1.512491,1.921014,3.250836,4.112520,6.511920
1983-08-30,1.689636,Training,0.175795,0.754264,1.198442,1.306527,1.361392,1.453398,1.552174,1.978109,3.355350,4.271708,6.714529
1983-08-31,1.689636,Training,0.171632,0.766650,1.209880,1.284536,1.356196,1.432286,1.542686,1.976827,3.356238,4.281058,6.694056
1983-09-01,1.689636,Training,0.168520,0.730471,1.197640,1.377946,1.432092,1.572033,1.695647,2.194418,3.793848,4.929307,7.677355
1983-09-02,1.689636,Training,0.162237,0.748532,1.214643,1.318219,1.394974,1.502303,1.619272,2.100909,3.600482,4.632564,7.173594
1983-09-03,1.689636,Training,0.162527,0.767130,1.216848,1.263947,1.352890,1.422848,1.540465,1.995041,3.398678,4.339302,6.770006
1983-09-04,1.689636,Training,0.152296,0.745129,1.191387,1.250016,1.338148,1.413994,1.526601,1.983741,3.384425,4.297181,6.744066
1983-09-05,1.689636,Training,0.138845,0.719436,1.164455,1.246572,1.338399,1.426826,1.534053,2.013648,3.455792,4.361670,6.832880
1983-09-06,1.689636,Training,0.175349,0.751041,1.198240,1.274562,1.340285,1.419789,1.498453,1.925489,3.263004,4.113554,6.539836
1983-09-07,1.689636,Training,0.201817,0.781253,1.230696,1.294887,1.344686,1.415837,1.486599,1.876966,3.144286,3.976094,6.356034
1983-09-08,1.689636,Training,0.187014,0.790385,1.235464,1.264034,1.338937,1.394942,1.497981,1.910090,3.206772,4.079416,6.433569
1983-09-09,1.689636,Training,0.186303,0.795631,1.259596,1.296358,1.379484,1.452617,1.565936,2.010085,3.394462,4.362084,6.776596
1983-09-10,1.689636,Training,0.183419,0.796345,1.270298,1.312232,1.402272,1.485237,1.605432,2.073083,3.519775,4.542982,6.996690
1983-09-11,1.689636,Training,0.185590,0.814216,1.276202,1.278845,1.377845,1.433620,1.557219,2.007635,3.395883,4.364970,6.749719
1983-09-12,1.689636,Training,0.185869,0.811832,1.267468,1.266953,1.362680,1.414085,1.534459,1.973246,3.322491,4.256119,6.614193
1983-09-13,1.689636,Training,0.185476,0.809264,1.261316,1.259941,1.354012,1.404300,1.522476,1.956121,3.286560,4.200647,6.544386
1983-09-14,1.689636,Training,0.186424,0.816131,1.271481,1.264385,1.362774,1.412671,1.534266,1.974488,3.319731,4.250620,6.597867
1983-09-15,1.689636,Training,0.183426,0.805622,1.270748,1.286179,1.382657,1.451488,1.573117,2.031668,3.426308,4.398975,6.787630
1983-09-16,1.689636,Training,0.182812,0.823028,1.286259,1.274467,1.384590,1.437521,1.568745,2.032612,3.434753,4.411826,6.779547
1983-09-17,1.689636,Training,0.172402,0.761600,1.240089,1.364889,1.448073,1.576459,1.715651,2.242151,3.849760,5.007791,7.717643
1983-09-18,1.689636,Training,0.171861,0.804859,1.260039,1.251574,1.362872,1.416135,1.543675,2.008932,3.383378,4.319809,6.688783
1983-09-19,1.689636,Training,0.160157,0.797276,1.251976,1.245240,1.369057,1.424240,1.560837,2.048628,3.463531,4.420131,6.805862
1983-09-20,1.689636,Training,0.180259,0.815812,1.272150,1.259412,1.368824,1.418336,1.541482,1.993608,3.343135,4.263206,6.631975
1983-09-21,1.689636,Training,0.193147,0.834842,1.291547,1.269139,1.373755,1.417878,1.538798,1.977349,3.299451,4.211869,6.560824
1983-09-22,1.689636,Training,0.202368,0.831687,1.284653,1.274178,1.364875,1.412554,1.516419,1.936920,3.217321,4.083239,6.420587
1983-09-23,1.689636,Training,0.204220,0.821034,1.285281,1.304593,1.387208,1.457863,1.553269,1.986617,3.308217,4.205712,6.591681
1983-09-24,1.689636,Training,0.209107,0.835769,1.289852,1.284662,1.370275,1.421279,1.514879,1.931552,3.200728,4.049667,6.387007
1983-09-25,1.689636,Training,0.205951,0.839429,1.293549,1.281264,1.372580,1.420985,1.522509,1.946594,3.227103,4.087245,6.420133
1983-09-26,1.689636,Training,0.208316,0.841556,1.296733,1.286683,1.376917,1.425588,1.524498,1.948178,3.227002,4.081857,6.415489
1983-09-27,1.689636,Training,0.203617,0.842172,1.296847,1.283361,1.379933,1.427716,1.533493,1.966858,3.260622,4.126380,6.459245
1983-09-28,1.689636,Training,0.196751,0.815313,1.294578,1.350601,1.439417,1.538602,1.653682,2.138294,3.585799,4.592680,7.097788
1983-09-29,1.689636,Training,0.188459,0.805813,1.293048,1.393067,1.485140,1.608438,1.748304,2.279628,3.866896,5.015510,7.718040
1983-09-30,1.689636,Training,0.181599,0.843163,1.325186,1.316292,1.442151,1.513611,1.652206,2.161255,3.629513,4.657024,7.102708
1983-10-01,1.689636,Training,0.178486,0.852983,1.323784,1.284822,1.420211,1.469586,1.613034,2.110426,3.535518,4.514840,6.912855
1983-10-02,1.689636,Training,0.178450,0.839226,1.304547,1.276538,1.405682,1.457687,1.589076,2.075514,3.466882,4.399415,6.801398
1983-10-03,1.689636,Training,0.180390,0.837920,1.301336,1.278625,1.404659,1.458766,1.585351,2.070753,3.455239,4.371774,6.763812
1983-10-04,1.689636,Training,0.172884,0.840980,1.308256,1.283774,1.419940,1.477448,1.618761,2.126905,3.559652,4.523677,6.920798
1983-10-05,1.689636,Training,0.161301,0.817418,1.294828,1.310742,1.449496,1.535998,1.683432,2.232446,3.763515,4.797060,7.269212
1983-10-06,1.689636,Training,0.188970,0.872023,1.339652,1.296931,1.428418,1.474455,1.615920,2.104868,3.500702,4.455611,6.814110
1983-10-07,1.689636,Training,0.184248,0.878954,1.354212,1.312765,1.453907,1.503116,1.656983,2.167131,3.624007,4.628939,7.004789
1983-10-08,1.689636,Training,0.182276,0.880109,1.356729,1.317389,1.461414,1.512066,1.669696,2.186267,3.660108,4.675971,7.053330
1983-10-09,1.689636,Training,0.183737,0.874256,1.352419,1.323712,1.461989,1.521126,1.673032,2.190281,3.658787,4.669466,7.049618
1983-10-10,1.689636,Training,0.180688,0.882407,1.359799,1.323618,1.469906,1.522988,1.683666,2.207461,3.694933,4.717786,7.092741
1983-10-11,1.689636,Training,0.179941,0.881647,1.356251,1.317966,1.463895,1.515422,1.674546,2.196921,3.670079,4.676763,7.039336
1983-10-12,1.689636,Training,0.186595,0.886440,1.358030,1.316292,1.455878,1.504273,1.656242,2.165072,3.598942,4.575911,6.922031
1983-10-13,1.689636,Training,0.171676,0.792095,1.257431,1.503575,1.603120,1.775706,1.955946,2.589045,4.520326,5.945889,9.233165
1983-10-14,1.689636,Training,0.147827,0.847432,1.371367,1.422278,1.602410,1.723803,1.911960,2.565349,4.396013,5.690579,8.377790
1983-10-15,1.689636,Training,0.139495,0.825987,1.355733,1.444789,1.620852,1.766539,1.961772,2.650491,4.574055,5.926648,8.722334
1983-10-16,3.379272,Training,0.034874,0.643932,1.050802,1.427083,1.662031,1.878236,2.107620,2.974190,5.600651,7.536354,12.439688
1983-10-17,1.689636,Training,0.005461,0.758023,1.351839,1.343540,1.695657,1.830985,2.116424,3.056933,5.514359,7.224147,10.717420
1983-10-18,1.689636,Training,0.049034,0.796709,1.370346,1.347849,1.648828,1.760226,2.015170,2.832956,5.029255,6.526341,9.714231
1983-10-19,1.689636,Training,0.098122,0.835889,1.384640,1.337811,1.589499,1.666283,1.889324,2.587378,4.470394,5.750313,8.610956
1983-10-20,1.689636,Training,0.122339,0.845982,1.368604,1.324016,1.544178,1.613129,1.808079,2.453405,4.174839,5.319012,7.992804
1983-10-21,1.689636,Training,0.127641,0.849063,1.360245,1.323478,1.533659,1.601282,1.793817,2.428064,4.115607,5.232844,7.819175
1983-10-22,1.689636,Training,0.122294,0.847409,1.356468,1.339182,1.550999,1.624322,1.830051,2.478462,4.216189,5.372944,7.930299
1983-10-23,1.689636,Training,0.119672,0.847051,1.356237,1.363843,1.581902,1.663261,1.880271,2.541212,4.338390,5.544926,8.116787
1983-10-24,1.689636,Training,0.134718,0.802191,1.331754,1.542342,1.714362,1.903434,2.131619,2.885582,5.042832,6.578869,9.712072
1983-10-25,1.689636,Training,0.123507,0.837468,1.336889,1.332157,1.531198,1.612317,1.804191,2.450809,4.141115,5.248638,7.761487
1983-10-26,1.689636,Training,0.042941,0.632398,1.017114,1.405410,1.614457,1.819268,2.027716,2.852709,5.298944,7.040796,11.661133
1983-10-27,8.448181,Training,-0.045750,0.706311,1.256754,1.714024,2.192969,2.560758,2.963951,4.476421,8.990286,12.630534,21.680704
1983-10-28,25.344542,Training,-0.054273,0.868926,1.624684,2.178871,2.853220,3.429239,4.059643,6.334408,12.919066,18.756887,33.261089
1983-10-29,6.758545,Training,-0.204919,0.655179,1.622114,1.736013,2.550316,3.058074,3.887930,6.230159,11.935396,16.684502,25.077993
1983-10-30,6.758545,Training,-0.211892,0.562767,1.325408,1.533595,2.295074,2.667081,3.433474,5.394120,10.148900,13.716287,20.040623
1983-10-31,6.758545,Training,-0.115104,0.646405,1.325882,1.579963,2.276175,2.563488,3.204040,4.822150,8.808098,11.655201,16.610867
1983-11-01,6.758545,Training,-0.063154,0.686076,1.296235,1.452461,1.967394,2.161894,2.629738,3.871463,6.949390,9.030669,12.820621
1983-11-02,6.758545,Training,-0.049751,0.669823,1.243768,1.405725,1.843592,2.037204,2.445487,3.597823,6.401470,8.236247,11.616333
1983-11-03,11.827453,Training,-0.017132,0.596677,1.087955,1.614726,1.974751,2.284711,2.700144,4.005507,7.436435,9.722379,14.764224
1983-11-04,6.758545,Training,-0.033978,0.637134,1.224280,1.554416,1.937287,2.235630,2.624102,3.900068,7.115343,9.312986,13.452674
1983-11-05,5.068908,Training,-0.063684,0.577172,1.059557,1.641384,2.061131,2.426674,2.825568,4.324232,8.479113,11.371715,18.453945
1983-11-06,5.068908,Training,-0.161326,0.576291,1.260277,1.452261,2.053271,2.370395,2.901926,4.525171,8.439107,11.223528,16.171530
1983-11-07,5.068908,Training,-0.123348,0.616154,1.165130,1.898790,2.615795,3.127901,3.735803,5.934566,12.158241,16.924019,29.054077
1983-11-08,18.585998,Training,-0.113328,0.867527,1.715689,2.638176,3.648337,4.511075,5.487948,9.015613,18.339432,26.477488,47.789722
1983-11-09,37.171995,Training,0.026879,1.397393,2.883980,4.483845,5.846500,7.665134,9.063558,14.779386,28.759478,42.215607,75.543175
1983-11-10,3.379272,Training,-0.115184,0.982392,2.188955,4.343329,6.989370,9.106952,12.729383,21.420145,37.847805,53.112217,89.448723
1983-11-11,3.379272,Training,-0.092931,0.922407,1.880358,4.281217,7.135200,9.105005,12.541359,20.809654,36.244270,48.907890,84.581635
1983-11-12,6.758545,Training,-0.269989,0.674129,1.897394,3.082302,5.851946,7.516757,11.012233,17.852476,28.787098,40.068878,56.288078
1983-11-13,8.448181,Training,0.142077,1.188189,2.221832,4.975102,8.145661,10.301728,14.417117,21.723692,33.886585,44.118774,64.596413
1983-11-14,13.517089,Training,0.131914,1.266617,2.108322,4.765123,7.830330,9.570216,12.501072,19.460083,33.882492,43.793182,72.324936
1983-11-15,10.137817,Training,0.003171,1.197175,2.234554,4.703044,7.660594,9.622501,12.888041,20.962521,37.013496,49.852226,83.933800
1983-11-16,8.448181,Training,-0.134351,0.978390,2.378830,4.191689,7.977542,10.157463,14.850302,23.376961,36.544121,50.548500,70.588005
1983-11-17,8.448181,Training,0.397293,1.691596,2.946401,6.226519,10.208840,12.548377,17.265984,24.918800,37.318619,47.957981,68.881821
1983-11-18,8.448181,Training,0.455299,1.683674,2.808823,6.070899,9.484986,11.569348,15.851367,22.470139,33.779415,42.704834,60.785183
1983-11-19,35.482359,Training,0.186866,1.445038,2.525756,5.480955,9.121965,11.172901,14.066766,21.927523,36.975109,47.779819,80.146950
1983-11-20,81.102535,Training,0.679840,2.966763,6.014878,12.200806,20.866705,26.905981,33.188381,50.235790,74.699493,97.273834,167.582794
1983-11-21,82.792171,Training,3.797576,10.067246,15.344506,27.316034,41.670940,47.865570,62.788700,77.908806,105.710487,122.977463,184.435745
1983-11-22,130.101983,Training,3.930870,9.688913,14.482409,26.265335,36.994354,43.216038,55.588402,68.269943,91.444534,106.061554,153.901657
1983-11-23,74.343991,Training,4.688891,12.052612,17.856915,27.981319,37.588825,42.551117,50.975742,61.735626,80.166763,90.295006,112.233505
1983-11-24,59.137265,Training,3.256345,7.314586,10.495380,19.340160,25.030500,29.495438,36.720184,45.223743,60.301640,68.792358,92.295624
1983-11-25,47.309812,Training,6.787344,15.535106,20.408665,30.555365,35.685650,39.319466,44.293652,51.402298,63.299530,67.704765,82.626366
1983-11-26,38.861631,Training,3.767869,8.558768,11.467798,18.462252,22.952736,25.322258,30.147724,36.188564,45.746799,49.841099,60.931572
1983-11-27,38.861631,Training,2.303727,4.611579,6.247021,12.217050,15.902400,18.468105,23.721327,28.966034,40.735165,48.114948,72.489960
1983-11-28,38.861631,Training,0.858408,2.568907,3.996342,7.540555,11.541199,13.364403,17.659143,24.148230,33.101788,40.040417,51.871052
1983-11-29,37.171995,Training,0.404441,1.662158,2.709938,5.121290,8.185529,9.465180,12.802791,17.876516,25.121178,31.074499,39.938305
1983-11-30,33.792723,Training,0.431500,1.638574,2.622712,4.813025,7.510479,8.585934,11.667073,15.903435,22.141817,27.269562,34.210239
1983-12-01,30.413451,Training,0.944278,2.517346,3.737147,6.659564,9.578696,10.789892,14.272580,18.414301,24.837423,29.573595,36.461784
1983-12-02,25.344542,Training,0.752932,2.138970,3.217461,5.742023,8.470573,9.528669,12.683681,16.456810,22.528643,27.304775,34.017765
1983-12-03,21.965270,Training,0.471978,1.572020,2.445091,4.324267,6.710714,7.639481,10.059548,13.373815,18.803465,23.541025,30.152861
1983-12-04,21.965270,Training,0.181987,1.072922,1.760044,3.069248,4.929335,5.671713,7.445988,10.298273,15.131276,19.321548,24.988838
1983-12-05,20.275634,Training,0.299447,1.224454,1.939834,3.353549,5.318854,6.167625,7.966932,10.833735,15.595615,19.866415,25.835283
1983-12-06,18.585998,Training,0.248390,1.114348,1.775281,3.004919,4.779283,5.579894,7.151733,9.800761,14.260470,18.234377,23.873409
1983-12-07,18.585998,Training,0.185011,1.006743,1.629952,2.726187,4.359898,5.101847,6.512072,9.050174,13.367825,17.169113,22.674904
1983-12-08,16.896361,Training,0.089254,0.849787,1.425195,2.306287,3.650449,4.263299,5.390791,7.656431,11.705793,15.126857,20.283663
1983-12-09,16.896361,Training,0.067646,0.756880,1.289233,2.213788,3.116347,3.703859,4.462291,6.508944,11.173645,14.759129,21.341698
1983-12-10,15.206725,Training,-0.023402,0.705459,1.296811,1.855390,2.784492,3.205139,3.914109,5.787348,9.725317,12.765012,17.656473
1983-12-11,15.206725,Training,0.042012,0.746768,1.334390,1.853907,2.655196,3.066262,3.698612,5.329513,8.882665,11.640739,16.224634
1983-12-12,13.517089,Training,0.024023,0.752301,1.333949,1.962529,2.965600,3.412418,4.232941,6.129699,10.044032,13.138866,18.058764
1983-12-13,13.517089,Training,0.068489,0.767107,1.319952,1.898169,2.831716,3.241329,4.019299,5.730087,9.228150,11.991689,16.414288
1983-12-14,15.206725,Training,0.031810,0.788935,1.367598,2.279171,3.479110,4.201722,5.058570,7.616358,13.757162,18.992987,28.968294
1983-12-15,21.965270,Training,0.070341,1.234175,2.309061,3.996531,6.285422,7.893491,9.899957,15.885431,29.562498,41.846207,67.258728
1983-12-16,33.792723,Training,0.192287,1.570093,2.946629,5.427813,9.247348,11.514235,15.661994,24.523962,41.777302,57.878487,90.094315
1983-12-17,50.689084,Training,0.608463,2.432216,4.163546,7.980126,14.281302,17.249641,23.586031,34.585274,52.783779,70.082794,105.923965
1983-12-18,64.206174,Training,0.750484,3.070171,5.743091,11.670424,20.701401,25.865238,32.951599,48.767860,72.477432,95.177490,153.685501
1983-12-19,72.654354,Training,8.252255,21.721878,30.340502,45.914978,64.517189,70.111694,85.714050,101.214127,129.619171,147.728943,199.307617
1983-12-20,84.481807,Training,15.487843,42.723866,60.941185,84.593758,107.016624,116.315430,130.526581,148.407562,179.967682,195.667740,255.806290
1983-12-21,87.861080,Training,23.426088,66.227097,84.776802,102.010521,117.579117,121.837349,136.673981,150.080795,179.367233,197.442368,241.734375
1983-12-22,72.654354,Training,19.174114,52.024738,65.901199,83.590530,94.175720,100.001312,111.907455,122.178604,148.888214,163.473251,206.283615
1983-12-23,60.826901,Training,14.703404,40.003368,51.181862,63.519024,73.615845,76.548973,82.851089,91.863403,110.854500,119.471268,137.059555
1983-12-24,54.068357,Training,14.882000,38.830097,47.517910,57.113297,65.063690,66.149162,70.677330,78.165176,91.250755,97.345879,112.729698
1983-12-25,54.068357,Training,14.558066,36.031391,43.435780,51.320755,58.248482,58.399982,61.858418,68.253990,77.522308,82.501572,95.992004
1983-12-26,52.378721,Training,12.249565,28.677141,34.507542,42.407940,47.768738,48.152084,51.043804,56.583447,64.067345,67.132782,78.483269
1983-12-27,47.309812,Training,11.494779,25.776636,31.204298,38.680542,43.347752,43.635136,46.307758,51.029930,57.286896,59.968952,70.669060
1983-12-28,40.551268,Training,10.250422,22.071758,26.993288,34.457939,38.352890,38.941849,41.650986,45.803532,51.657654,54.125843,64.386230
1983-12-29,35.482359,Training,9.765058,20.429386,25.200569,32.441486,35.979889,36.672432,39.385757,43.153446,48.621822,51.249352,61.395390
1983-12-30,33.792723,Training,9.437490,18.851254,23.542763,30.580873,33.982368,35.090805,37.741383,41.435490,46.519989,49.736713,60.361889
1983-12-31,30.413451,Training,8.757539,17.239256,21.746195,28.479832,31.825094,33.073330,35.816879,39.462383,44.454712,47.832737,58.117039
1984-01-01,25.344542,Training,8.472173,16.190586,20.617989,27.026798,30.512241,32.107513,34.768837,38.610077,43.240131,47.001801,57.114559
1984-01-02,21.965270,Training,7.490207,14.201144,18.262547,24.515137,27.999569,29.713116,32.537086,36.369061,41.386574,45.308914,55.268547
1984-01-03,20.275634,Training,6.329103,11.761864,15.402421,22.068151,25.143322,27.378382,30.799618,34.382195,40.553211,45.512688,56.742886
1984-01-04,16.896361,Training,5.510190,9.861242,13.074177,18.587706,22.098396,24.341129,27.091516,31.004639,36.226055,40.505268,49.227921
1984-01-05,15.206725,Training,4.494268,7.999324,10.770738,15.838965,19.423721,21.684879,24.541931,28.497066,34.025860,38.572403,47.075359
1984-01-06,15.206725,Training,3.188073,6.040243,8.179623,13.160894,16.309956,18.111324,21.590172,25.351223,31.898237,36.607880,45.761101
1984-01-07,15.206725,Training,1.941102,3.571782,5.041172,9.240309,11.912145,13.771021,17.365747,20.670822,28.215893,34.342995,46.838402
1984-01-08,27.034178,Training,0.952302,2.262310,3.232393,6.586905,10.332670,12.315037,15.374203,20.734276,32.342228,41.489586,61.655556
1984-01-09,27.034178,Training,0.942688,2.453087,3.748379,6.797097,11.661855,13.620296,17.392294,24.451508,34.240215,43.394238,58.345463
1984-01-10,27.034178,Training,1.027457,2.445447,3.699170,6.584132,10.837484,12.587622,16.180340,21.839266,30.100460,37.663689,48.962334
1984-01-11,25.344542,Training,3.684356,7.069320,9.672014,15.241086,21.117571,23.622194,27.843933,34.330746,42.868771,50.162323,63.268379
1984-01-12,23.654906,Training,1.844246,3.859013,5.460443,9.682443,14.108881,16.004156,19.626505,25.340227,33.476719,40.414364,53.142368
1984-01-13,21.965270,Training,2.221317,4.334447,6.062527,10.229885,14.465778,16.400665,19.658762,24.595129,31.819767,38.160458,49.290802
1984-01-14,20.275634,Training,1.440605,2.919334,4.186888,7.814637,10.920978,12.653506,15.810656,19.909977,27.127436,33.572418,44.040798
1984-01-15,20.275634,Training,1.476478,3.021658,4.300635,7.649078,10.855512,12.383109,15.214402,19.204357,25.534328,31.232763,40.132885
1984-01-16,18.585998,Training,2.184314,4.074592,5.674758,9.416601,12.940689,14.784449,17.521132,21.382732,27.440702,32.958076,41.661854
1984-01-17,18.585998,Training,1.898784,3.645708,5.089746,8.717697,12.073987,13.737247,16.476974,20.370422,26.496180,32.042904,40.908474
1984-01-18,18.585998,Training,1.348463,2.718432,3.860024,7.026805,9.750095,11.240826,13.862528,17.418486,23.403891,28.777029,36.540512
1984-01-19,28.723815,Training,1.609481,2.931366,4.100314,7.916022,10.502761,12.251641,15.270549,18.593819,26.132149,32.322647,44.798531
1984-01-20,30.413451,Training,1.791876,3.884751,5.536740,10.691446,16.983553,19.815954,23.754175,31.583654,46.629219,58.390335,87.255112
1984-01-21,42.240904,Training,1.962365,4.435123,6.373143,12.510240,19.456282,22.909752,28.535875,39.011192,53.584801,66.521599,95.552971
1984-01-22,70.964718,Training,2.778235,5.971610,8.265604,15.755926,23.166431,27.033253,33.163284,43.354355,59.722614,71.830589,106.170616
1984-01-23,74.343991,Training,5.826182,12.199619,16.181297,26.834190,34.626972,39.722958,46.538235,56.522587,72.889694,84.440170,117.350861
1984-01-24,70.964718,Training,9.423145,20.500614,26.452410,37.004242,45.437290,49.948444,54.730614,64.146156,77.304451,87.321198,108.235130
1984-01-25,64.206174,Training,12.359121,26.457870,33.142525,42.067005,49.685364,52.907272,56.731518,64.664070,73.983849,82.333435,99.733803
1984-01-26,57.447629,Training,12.601996,28.000507,35.326290,45.701477,54.492577,59.187660,65.355309,74.541061,87.679047,100.040390,129.372116
1984-01-27,54.068357,Training,13.996598,30.508593,38.504890,48.978199,58.048416,62.244884,67.803337,78.288544,88.192177,99.763374,120.529137
1984-01-28,54.068357,Training,13.600894,29.280228,36.338013,46.063023,54.676044,58.072880,62.549549,72.346169,81.280624,90.325058,105.777397
1984-01-29,54.068357,Training,15.588186,34.095146,41.860905,51.472649,59.187592,63.124592,67.560211,76.751541,85.024826,95.712509,115.374306
1984-01-30,48.999448,Training,14.623803,32.189686,39.409641,49.039749,56.591423,60.505852,64.138954,73.311707,82.325821,91.699974,108.976913
1984-01-31,60.826901,Training,11.629482,25.620207,31.361216,43.718319,50.013161,55.707317,61.418159,70.223083,85.332962,95.217155,124.654137
1984-02-01,64.206174,Training,12.048087,26.319912,32.416988,44.389805,50.324230,56.021389,60.311592,68.934547,82.456047,91.965691,114.093391
1984-02-02,62.516537,Training,12.631846,27.236725,33.353584,43.319134,49.975868,54.134884,57.234688,65.467293,75.543961,83.783463,100.431671
1984-02-03,59.137265,Training,12.191818,25.309513,30.426085,39.535126,44.340168,48.046600,50.127174,56.507118,65.553734,72.028122,86.034836
1984-02-04,54.068357,Training,12.044381,24.329550,28.848919,36.961056,41.158661,44.005924,45.584755,51.051231,58.761593,63.872086,75.753128
1984-02-05,48.999448,Training,11.586164,22.735476,27.168966,34.886383,38.776184,41.216904,42.828175,47.762032,54.466415,59.122631,70.522484
1984-02-06,42.240904,Training,10.983790,20.867783,24.899855,32.163853,35.357712,37.499775,38.878956,43.085815,49.151520,53.025536,63.229340
1984-02-07,38.861631,Training,10.238671,19.065899,23.174276,30.259354,33.590660,35.783009,37.367481,41.554134,47.228058,51.295357,61.480976
1984-02-08,33.792723,Training,7.499210,12.887936,15.888747,22.233419,24.421242,26.647196,28.353870,31.750856,37.511520,40.720039,48.797218
1984-02-09,28.723815,Training,6.336938,10.558368,13.257303,18.884933,21.093374,23.077339,24.874195,27.989502,33.457706,36.556644,43.869816
1984-02-10,27.034178,Training,4.966240,8.230028,10.687387,15.868062,18.521502,20.510771,22.569109,25.658598,31.290682,35.204834,43.046703
1984-02-11,25.344542,Training,3.505699,5.814706,7.819151,12.264766,15.137175,17.103706,19.294664,22.442467,28.052933,32.532543,40.478413
1984-02-12,21.965270,Training,3.806572,6.306415,8.455260,13.041259,15.950884,17.993113,20.155453,23.351463,28.935183,33.390850,41.466496
1984-02-13,20.275634,Training,4.093771,6.650768,8.800339,13.415081,16.011299,17.983778,20.021765,23.056650,28.523499,32.560192,40.184601
1984-02-14,18.585998,Training,1.979512,3.447593,4.852273,8.000962,10.840134,12.636630,14.707658,17.814049,23.111261,28.021772,35.229137
1984-02-15,16.896361,Training,1.823099,3.234320,4.562712,7.565227,10.435255,12.213180,14.268872,17.477613,22.837168,27.864515,35.107224
1984-02-16,15.206725,Training,2.154933,3.739805,5.232252,8.580644,11.602262,13.491990,15.620502,19.044430,24.675774,29.781885,37.672382
1984-02-17,13.517089,Training,1.786568,3.121001,4.377645,7.323346,10.017584,11.692184,13.642539,16.866228,22.294834,27.153835,34.410652
1984-02-18,11.827453,Training,2.209450,3.841862,5.397397,8.937123,11.995112,13.992630,16.350506,19.817650,25.988056,31.632135,40.548668
1984-02-19,11.827453,Training,0.833503,1.701500,2.452042,4.586153,6.569604,7.972468,9.565823,12.600051,18.563162,23.736288,31.590355
1984-02-20,11.827453,Training,0.447731,1.285666,1.960161,3.362530,5.290133,6.346792,7.623154,10.542434,15.632874,20.443426,26.860960
1984-02-21,11.827453,Training,0.571995,1.495451,2.243762,3.945129,6.128962,7.368712,8.893385,12.133339,17.945713,23.506607,31.175890
1984-02-22,10.137817,Training,1.001400,2.168678,3.161306,5.495856,8.504291,10.124994,12.208080,16.162590,22.634150,28.995792,37.769852
1984-02-23,13.517089,Training,0.970484,2.132219,3.060075,5.736880,8.856908,10.671566,12.811440,17.344311,25.572786,33.077011,45.635715
1984-02-24,11.827453,Training,1.236999,2.641938,3.820089,6.624150,10.509332,12.391996,15.009374,20.061283,27.713331,35.054031,45.695961
1984-02-25,11.827453,Training,1.227209,2.515374,3.611641,6.231989,9.703691,11.362291,13.995179,18.250748,24.921795,31.102283,39.154118
1984-02-26,10.137817,Training,1.884046,3.523278,4.922356,8.216802,12.094214,14.033788,16.936419,21.383459,28.172152,34.385902,42.763496
1984-02-27,10.137817,Training,1.691941,3.276078,4.595977,7.721576,11.615505,13.546337,16.253639,20.905283,27.891689,34.509071,44.082726
1984-02-28,10.137817,Training,1.653893,3.171221,4.442677,7.504049,11.297753,13.148995,15.878078,20.361521,27.086588,33.406162,42.289078
1984-02-29,10.137817,Training,1.705130,3.258863,4.567180,7.743084,11.613482,13.518262,16.374739,20.940958,27.899672,34.496815,43.669769
1984-03-01,10.137817,Training,1.437751,2.883285,4.072027,6.976171,10.783291,12.653461,15.200151,20.025877,27.102186,33.983379,44.200932
1984-03-02,8.448181,Training,1.386042,2.794226,3.955764,6.801156,10.539524,12.404416,14.835767,19.663448,26.733658,33.675461,44.076611
1984-03-03,8.448181,Training,1.036150,2.052088,2.908794,5.126803,7.902379,9.448110,11.094964,15.046124,21.027388,27.008324,35.430847
1984-03-04,10.137817,Training,0.837137,1.575620,2.238124,3.943379,5.913007,7.165239,8.338685,11.421710,16.303877,20.961365,26.971430
1984-03-05,10.137817,Training,0.964252,1.762407,2.496000,4.334734,6.381133,7.660676,8.910609,11.818903,16.635021,21.295164,27.405245
1984-03-06,10.137817,Training,0.931999,1.647418,2.346263,4.059912,5.878092,7.082395,8.253380,10.982407,15.588971,19.863159,25.307909
1984-03-07,10.137817,Training,1.072773,1.816420,2.593051,4.456480,6.294211,7.546249,8.847632,11.573989,16.282772,20.531847,25.994576
1984-03-08,10.137817,Training,1.113146,1.861797,2.660193,4.557583,6.381175,7.630622,8.983309,11.680463,16.398272,20.627216,26.075016
1984-03-09,10.137817,Training,0.572727,1.170841,1.728519,2.906589,4.221321,5.094230,5.947245,8.140267,12.069677,15.567259,19.758940
1984-03-10,10.137817,Training,1.130223,2.126702,3.053836,5.134231,7.432841,8.815701,10.374380,13.131502,17.998472,22.939529,29.485155
1984-03-11,10.137817,Training,1.236537,2.315207,3.317834,5.557217,8.057132,9.557864,11.217316,14.225638,19.341671,24.565477,31.596226
1984-03-12,10.137817,Training,1.769557,3.201865,4.543206,7.447066,10.582555,12.454967,14.519397,18.095833,23.882877,29.751596,38.044357
1984-03-13,10.137817,Training,0.775060,1.760168,2.583430,4.358243,6.733241,8.014137,9.692618,12.831623,18.080563,23.265299,29.855408
1984-03-14,10.137817,Training,0.992793,2.208782,3.186805,5.420424,8.519041,10.046137,12.284920,16.272186,22.980055,29.512747,38.354610
1984-03-15,10.137817,Training,1.237896,2.844225,4.090377,6.930552,11.154188,13.096407,16.060919,21.658964,30.551069,39.345432,52.395283
1984-03-16,11.827453,Training,1.571777,3.812037,5.516346,9.590668,15.735093,18.441792,23.012447,31.108944,44.217361,56.791763,78.051483
1984-03-17,11.827453,Training,1.792919,3.898889,5.691739,9.888430,15.899737,18.866703,23.072256,32.153973,44.604492,56.483688,76.182236
1984-03-18,10.137817,Training,1.356156,2.750867,4.035353,7.238063,11.560315,14.061230,16.921013,24.624765,35.779354,46.478157,63.659870
1984-03-19,10.137817,Training,1.741670,2.982053,4.207871,7.473845,11.242743,13.402807,16.227184,23.549391,34.516003,44.339767,62.529873
1984-03-20,11.827453,Training,1.447770,2.529334,3.589215,6.966630,10.339785,12.372540,15.415386,22.069592,33.759018,43.359913,63.454205
1984-03-21,11.827453,Training,1.495598,2.703272,3.863052,7.466285,11.423804,13.510373,17.077217,25.995680,40.623177,52.357719,80.453163
1984-03-22,11.827453,Training,2.976320,5.072010,6.899401,11.549599,16.202093,18.787945,22.020359,29.367788,40.275627,50.140511,69.339020
1984-03-23,11.827453,Training,3.516010,6.338719,8.686197,14.895607,20.511892,23.602272,28.645014,37.675831,52.978008,65.999054,97.646637
1984-03-24,42.240904,Training,5.082436,11.108521,15.982070,27.203007,37.553745,43.904346,51.528534,64.084282,85.671951,100.356377,145.706467
1984-03-25,48.999448,Training,6.256243,13.494608,19.773987,31.798332,43.962738,51.573421,63.647720,86.324814,117.773178,144.806564,217.572113
1984-03-26,50.689084,Training,9.533311,19.005663,25.549469,37.009342,45.292183,51.919044,59.176018,74.080696,94.914993,110.229294,157.831512
1984-03-27,55.757993,Training,9.811055,20.312489,26.011772,38.886639,45.693848,52.196129,60.432743,70.497955,92.831337,105.934341,153.701508
1984-03-28,92.929988,Training,12.848730,31.117491,41.539616,58.362568,69.705566,78.471382,89.096748,101.370384,128.392807,143.629547,192.872482
1984-03-29,97.998897,Training,13.031925,28.940271,38.135746,51.799702,60.453781,68.129967,75.778809,89.350090,111.785851,127.347557,169.607269
1984-03-30,101.378169,Training,13.734378,29.333487,36.320095,48.077114,53.112762,59.300877,63.765854,71.758118,87.752914,97.816689,126.260124
1984-03-31,114.895258,Training,14.816317,36.289234,47.473412,64.164154,72.984650,81.593170,91.354179,102.229271,126.175850,139.693161,187.961746
1984-04-01,106.447077,Validation,15.502310,35.376228,45.079765,57.611866,64.335442,71.405548,77.173859,87.895622,106.984383,120.097015,157.892883
1984-04-02,99.688533,Validation,14.113772,30.204155,36.862961,48.752014,52.955963,59.033478,63.304470,70.601448,86.010094,95.924980,127.413063
1984-04-03,106.447077,Validation,13.843284,29.338135,35.129623,46.476933,50.263504,55.547749,59.975842,65.954956,80.057663,89.111404,122.874725
1984-04-04,108.136713,Validation,12.554075,25.484976,30.780703,40.580383,44.136208,48.564766,51.406883,57.260277,68.630615,75.312782,100.853966
1984-04-05,89.550716,Validation,11.494909,22.533278,27.073444,35.697990,39.210468,42.458988,44.713943,49.669712,59.149891,63.866756,87.401726
1984-04-06,72.654354,Validation,10.968766,21.251760,25.666992,33.410637,36.894127,39.344894,41.437588,45.309322,53.257877,57.420509,75.349182
1984-04-07,65.895810,Validation,10.265882,19.620724,23.808775,30.700068,34.048115,35.665184,37.727028,40.836018,47.206478,50.618427,64.252586
1984-04-08,55.757993,Validation,9.488260,17.806696,21.709274,28.094347,31.270010,32.501064,34.637852,37.342293,42.835350,45.788540,57.737358
1984-04-09,48.999448,Validation,8.277996,14.898631,18.558075,25.330841,27.889717,29.586447,32.015862,34.782310,40.803837,44.015518,56.642376
1984-04-10,43.930540,Validation,7.611059,13.531692,17.026133,23.432938,26.009161,27.534342,30.041851,32.699993,38.529518,41.604717,53.996197
1984-04-11,38.861631,Validation,5.713175,9.624006,12.091624,18.944883,21.138155,23.178862,26.739902,29.668293,37.698883,42.206257,59.893936
1984-04-12,35.482359,Validation,4.716530,7.884509,9.978825,16.638557,19.059334,21.336374,25.007240,28.815248,38.320335,43.675236,62.718502
1984-04-13,32.103087,Validation,3.523017,6.003541,7.630072,14.097523,17.206095,19.828285,23.813951,29.205957,41.943207,49.045826,72.583580
1984-04-14,30.413451,Validation,3.546490,6.484186,8.225619,15.748881,20.302698,23.950838,28.824654,37.070683,55.310875,65.484291,99.444168
1984-04-15,27.034178,Validation,4.271205,7.768459,9.872436,17.490467,21.724806,25.587894,29.518637,37.374966,51.970844,60.132030,84.010651
1984-04-16,25.344542,Validation,3.591359,6.411138,8.129687,14.691154,18.330080,21.433222,24.910252,31.573248,44.115959,50.761219,70.084763
1984-04-17,23.654906,Validation,5.190718,9.443471,11.835829,19.344347,22.911915,26.076143,29.596828,35.195637,46.498440,52.164619,69.613243
1984-04-18,21.965270,Validation,4.994457,8.846152,11.151457,17.774384,20.798542,23.131229,26.264442,30.603472,39.573517,44.119797,57.636875
1984-04-19,20.275634,Validation,3.204094,5.465315,7.024673,12.229532,14.669728,16.573772,19.434568,23.421761,31.327000,35.793030,46.504757
1984-04-20,18.585998,Validation,3.131336,5.296013,6.824159,11.695510,13.923809,15.614336,18.349178,21.797785,28.834429,32.870720,42.286327
1984-04-21,16.896361,Validation,2.851035,4.827245,6.246687,10.786068,12.891847,14.471703,17.113413,20.359446,27.077553,30.970158,39.715771
1984-04-22,16.896361,Validation,2.001888,3.359813,4.436697,8.553625,10.405042,12.056816,14.701973,18.066034,25.516268,30.286900,40.439781
1984-04-23,15.206725,Validation,1.527691,2.625178,3.447431,7.248137,9.194030,10.708049,13.292285,16.791239,25.535442,30.843637,44.644878
1984-04-24,15.206725,Validation,1.136805,2.165555,2.854963,6.566103,8.933739,10.662079,13.264878,18.018169,29.284328,36.147549,54.185200
1984-04-25,15.206725,Validation,0.928506,1.999903,2.636113,6.443127,9.440470,11.506403,14.309820,20.744457,34.946613,43.931675,67.357430
1984-04-26,15.206725,Validation,1.551734,3.031503,3.963649,8.902836,12.347868,15.057109,18.504526,25.762300,39.912651,49.262558,72.288589
1984-04-27,21.965270,Validation,2.268348,4.486259,5.590991,12.271419,16.894651,20.458719,25.019178,34.022995,53.528999,64.331924,98.918983
1984-04-28,18.585998,Validation,3.930604,7.653060,9.567317,17.694786,22.110306,26.592682,30.523834,38.826283,54.131195,62.496532,84.791641
1984-04-29,15.206725,Validation,4.379472,8.387970,10.055008,19.169558,23.370489,27.782495,32.730370,40.679935,59.253105,68.269562,101.753593
1984-04-30,15.206725,Validation,5.058790,9.879779,12.136747,20.895962,24.863098,29.414392,33.006420,40.114342,54.548904,61.747799,82.683929
1984-05-01,16.896361,Validation,3.754831,7.323245,8.624216,17.111374,21.223957,25.458883,30.019833,38.294472,58.192154,66.495354,101.091782
1984-05-02,28.723815,Validation,2.783144,5.960505,7.440047,16.130180,22.435076,27.697304,32.918522,45.510147,71.547180,84.735519,129.457230
1984-05-03,25.344542,Validation,2.210587,4.724621,5.840832,12.495556,17.014217,21.496454,24.881197,35.634716,53.854073,63.745758,90.157951
1984-05-04,21.965270,Validation,4.125396,8.279870,9.941813,18.716385,22.817329,28.080299,31.661909,40.261566,58.011894,65.818428,90.624268
1984-05-05,25.344542,Validation,5.763353,11.870650,13.641372,24.833328,29.249001,35.080517,40.312576,48.713799,70.739616,79.091270,116.910995
1984-05-06,28.723815,Validation,6.249601,12.856595,15.326628,24.704470,28.732281,33.781624,36.699352,43.304737,58.137444,64.302078,84.562881
1984-05-07,30.413451,Validation,6.052597,12.160045,14.634228,23.023975,26.762300,30.746717,33.423023,38.771339,51.058155,55.956085,73.161469
1984-05-08,33.792723,Validation,6.529849,13.013126,15.362596,25.295208,28.672823,33.235966,37.075817,42.578114,56.988270,63.677620,88.435738
1984-05-09,32.103087,Validation,6.640045,13.509730,16.406797,24.220842,28.250534,31.370651,33.825531,38.397392,48.311756,52.740982,67.145386
1984-05-10,30.413451,Validation,6.545447,13.196891,16.152220,23.460796,27.382189,29.939381,32.288773,36.231735,44.840855,48.527805,62.009487
1984-05-11,28.723815,Validation,6.441987,12.900422,15.902874,22.886082,26.772470,28.955774,31.324303,34.910000,42.711838,46.116058,58.806755
1984-05-12,27.034178,Validation,5.899367,11.569797,14.437603,20.815416,24.453197,26.222401,28.648335,31.961021,39.041470,42.065605,53.476536
1984-05-13,25.344542,Validation,5.226261,10.031628,12.652954,18.779949,22.044638,23.874914,26.395140,29.674868,36.889832,39.934242,51.142555
1984-05-14,23.654906,Validation,4.251313,7.883981,9.934417,16.278717,18.947477,21.256849,24.232533,27.839521,36.851170,40.649944,55.715061
1984-05-15,21.965270,Validation,4.151381,7.864875,9.989798,15.868355,18.815153,21.026430,23.614069,27.327423,35.897671,39.169811,52.083305
1984-05-16,21.965270,Validation,3.119622,5.765954,7.291453,12.973376,15.602759,17.838745,20.880415,25.043083,35.369396,39.628483,56.231133
1984-05-17,23.654906,Validation,3.088703,6.102504,7.487754,14.670367,19.123884,22.471661,26.804386,33.919945,52.818069,60.584354,91.796104
1984-05-18,21.965270,Validation,2.707166,5.545440,6.669923,13.871572,18.568890,22.589136,27.059982,36.617878,57.326332,66.784172,101.504639
1984-05-19,18.585998,Validation,3.283158,6.689869,8.061143,15.996371,20.762094,25.189531,29.790779,38.943745,59.098484,67.965805,100.559746
1984-05-20,25.344542,Validation,3.314408,7.190004,8.498974,17.688986,24.415787,29.549503,35.600281,47.767990,75.468208,86.319672,135.596619
1984-05-21,25.344542,Validation,1.617083,3.950858,4.710228,11.485089,17.645672,21.748867,26.915531,40.955189,67.088097,80.088181,130.952927
1984-05-22,30.413451,Validation,1.953982,4.470152,5.418248,12.477376,17.652025,22.311230,26.829092,39.270027,60.997669,71.805908,108.273048
1984-05-23,33.792723,Validation,4.314445,9.169281,10.737130,20.955952,25.937111,31.963806,36.802685,47.065819,69.225082,78.155823,112.304474
1984-05-24,48.999448,Validation,5.116736,11.090550,12.671485,24.026924,29.303699,35.423988,40.870415,51.062950,75.204201,84.023468,123.493370
1984-05-25,45.620176,Validation,5.176802,11.471916,13.408359,22.748137,27.403648,32.785862,35.774906,43.852848,60.105209,66.565102,86.092216
1984-05-26,45.620176,Validation,5.715744,12.088291,14.225542,23.828159,27.703339,32.794121,35.881008,42.655289,57.698418,63.786022,83.800255
1984-05-27,43.930540,Validation,5.687274,12.111055,14.364538,22.780188,26.799091,30.866383,33.343060,39.112743,51.504314,56.016144,71.611794
1984-05-28,38.861631,Validation,5.618120,11.551021,13.908742,21.987070,25.566235,29.185942,31.635887,36.701878,47.823975,51.885384,67.000008
1984-05-29,35.482359,Validation,5.297333,10.987909,12.647927,21.846113,25.821119,29.784292,33.795277,39.763710,56.033730,62.076424,89.249794
1984-05-30,32.103087,Validation,5.508480,11.693521,14.123881,21.944336,26.217672,29.694967,32.156822,37.749493,48.923779,53.808128,68.122208
1984-05-31,28.723815,Validation,5.491684,11.364176,13.916030,21.460831,25.458721,28.573437,31.066160,35.928352,46.203930,50.442524,64.653343
1984-06-01,27.034178,Validation,6.279806,13.042612,15.731051,24.846176,28.774054,32.777920,36.190372,41.282433,53.710033,59.830482,81.032814
1984-06-02,30.413451,Validation,5.784402,12.575844,14.578532,24.735460,30.337212,35.351166,39.881477,47.610439,67.652969,75.931122,109.384857
1984-06-03,37.171995,Validation,5.139785,11.804523,13.905739,26.056654,34.643593,41.548500,48.061596,62.259026,92.511963,105.596809,155.695129
1984-06-04,69.275082,Validation,4.286050,10.055075,11.880868,23.898598,32.962002,39.652580,47.168133,63.373226,94.789955,108.819420,163.509262
1984-06-05,86.171444,Validation,4.830654,11.136624,13.315969,23.849342,30.211975,37.097385,41.088650,52.102535,72.462036,81.896545,108.511673
1984-06-06,77.723263,Validation,6.875998,15.276235,18.182587,29.691959,34.685059,41.262787,45.210384,52.791687,70.680382,78.830826,103.593445
1984-06-07,65.895810,Validation,7.367785,16.718023,20.040222,29.412947,34.705551,38.978523,41.786076,47.314423,59.755981,65.253281,81.710045
1984-06-08,55.757993,Validation,6.279245,13.432887,16.358727,24.436546,28.814217,31.786201,34.588894,39.348457,49.573128,53.785515,68.008308
1984-06-09,47.309812,Validation,5.335456,11.025834,13.610007,20.773886,24.603685,26.889664,29.830412,34.079876,43.086266,46.737717,59.571053
1984-06-10,40.551268,Validation,4.938968,10.169008,12.655066,18.822296,22.599607,24.105688,26.914526,30.573141,38.070438,40.875210,51.823441
1984-06-11,35.482359,Validation,4.533541,9.193557,11.509563,17.097389,20.580183,21.743740,24.500437,27.671673,34.274376,36.731525,46.802925
1984-06-12,32.103087,Validation,3.848826,7.697452,9.654277,14.713216,17.782053,18.833511,21.554211,24.458605,30.825624,33.183929,42.785393
1984-06-13,28.723815,Validation,3.721582,7.399989,9.301858,14.168433,17.097486,18.081085,20.727146,23.476889,29.595961,31.827833,41.135143
1984-06-14,27.034178,Validation,3.429784,6.828283,8.587337,13.240269,15.986833,16.961096,19.625315,22.293159,28.406776,30.616919,39.634396
1984-06-15,23.654906,Validation,3.180547,6.366936,8.011690,12.491806,15.102278,16.084417,18.796787,21.434464,27.588564,29.812414,38.563671
1984-06-16,21.965270,Validation,2.961351,5.958036,7.500932,11.837343,14.338069,15.333208,18.074593,20.688143,26.901964,29.173546,37.761818
1984-06-17,21.965270,Validation,1.651180,3.341876,4.291461,7.916618,9.842558,10.925016,13.715670,16.464516,23.227890,26.579151,36.393677
1984-06-18,20.275634,Validation,1.117304,2.325967,2.996803,6.393343,8.480488,9.371872,12.169235,15.193521,24.216759,28.263706,44.178272
1984-06-19,21.965270,Validation,0.805937,1.878583,2.458913,5.860766,8.077597,9.242411,12.178926,16.518839,26.987129,32.666866,51.735619
1984-06-20,28.723815,Validation,0.138339,0.945342,1.338362,3.873348,6.240800,7.307038,9.649574,15.503642,29.019485,36.473782,64.560577
1984-06-21,21.965270,Validation,0.142075,1.073588,1.658017,3.922773,6.233231,7.717418,9.959738,15.730331,26.020121,33.034893,50.313385
1984-06-22,18.585998,Validation,0.041828,0.781250,1.289283,3.030078,4.467968,5.464226,6.973757,10.821476,18.814985,23.991777,37.051167
1984-06-23,16.896361,Validation,0.113713,0.982353,1.520589,3.056381,4.510804,5.383326,6.762381,10.076243,16.731316,20.812990,31.176409
1984-06-24,15.206725,Validation,0.204482,1.070046,1.593846,3.065430,4.383927,5.063513,6.324315,9.112502,14.797957,18.116543,26.613029
1984-06-25,15.206725,Validation,0.173534,0.883288,1.358185,2.892906,3.937016,4.582415,5.767838,8.313295,13.971107,17.374325,26.097555
1984-06-26,15.206725,Validation,0.005777,0.596866,0.943428,2.193961,2.989804,3.417612,4.215977,6.384127,12.132266,15.442879,26.254559
1984-06-27,13.517089,Validation,0.015250,0.752281,1.243756,2.114256,2.905362,3.406445,4.053554,6.087968,10.670871,13.448114,20.170393
1984-06-28,13.517089,Validation,0.044584,0.787298,1.269687,2.140518,2.914965,3.381931,4.037502,5.966090,10.366400,12.931317,19.218212
1984-06-29,13.517089,Validation,0.115923,0.927519,1.436904,2.642597,3.746811,4.338787,5.376843,7.845447,13.144312,16.217207,23.713760
1984-06-30,13.517089,Validation,0.112650,0.766972,1.215622,2.591398,3.446004,4.008053,5.005421,7.319348,12.824182,16.070930,24.646343
1984-07-01,11.827453,Validation,0.132215,0.871712,1.369652,2.677653,3.675887,4.294838,5.320391,7.767450,13.132935,16.322554,23.793730
1984-07-02,11.827453,Validation,0.201013,1.046256,1.562092,2.819918,3.927413,4.487281,5.562449,7.933988,12.975763,15.788947,22.656391
1984-07-03,11.827453,Validation,0.302583,1.220547,1.759009,3.262655,4.550436,5.160896,6.508674,9.050515,14.409296,17.357897,24.618023
1984-07-04,11.827453,Validation,0.448346,1.463928,2.040004,3.796779,5.223745,5.882886,7.478253,10.103456,15.674431,18.646852,26.055496
1984-07-05,11.827453,Validation,0.720173,1.926354,2.585315,4.789511,6.426380,7.169271,9.141788,11.856670,17.775143,20.759176,28.572401
1984-07-06,11.827453,Validation,0.739628,1.965439,2.636058,4.849541,6.504205,7.256018,9.253304,11.983435,17.947477,20.947901,28.688299
1984-07-07,11.827453,Validation,0.278414,1.157851,1.673273,2.993119,4.093678,4.625509,5.827332,8.046199,12.831883,15.404975,21.652441
1984-07-08,11.827453,Validation,0.124005,0.875746,1.332833,2.156518,2.830482,3.204232,3.892560,5.495768,9.196205,11.188332,16.182005
1984-07-09,11.827453,Validation,0.112131,0.790166,1.172594,1.582658,1.808539,2.014829,2.252003,3.063453,5.265277,6.562488,9.862884
1984-07-10,11.827453,Test,0.092214,0.725885,1.119385,1.624501,1.833248,2.097551,2.353598,3.236050,5.658937,7.131899,10.691516
1984-07-11,11.827453,Test,0.107466,0.732558,1.124202,1.611957,1.768430,2.035401,2.242143,3.051764,5.355905,6.833119,10.346706
1984-07-12,11.827453,Test,0.104798,0.783255,1.172784,1.569150,1.787584,2.007274,2.232451,3.048758,5.275574,6.604841,9.939534
1984-07-13,11.827453,Test,0.072033,0.749397,1.148853,1.617267,1.923995,2.168772,2.492369,3.468078,6.010252,7.422539,11.062326
1984-07-14,10.137817,Test,0.091411,0.761563,1.157102,1.600549,1.862186,2.092349,2.370574,3.251430,5.617066,6.923873,10.451918
1984-07-15,10.137817,Test,0.175604,0.831378,1.161112,1.460345,1.533996,1.660599,1.771294,2.227345,3.677396,4.658715,7.273596
1984-07-16,10.137817,Test,0.172080,0.826809,1.157749,1.456646,1.532061,1.658536,1.773232,2.234116,3.698575,4.681962,7.302432
1984-07-17,10.137817,Test,0.169373,0.823817,1.155716,1.451138,1.526205,1.655071,1.770270,2.235278,3.709238,4.690711,7.305898
1984-07-18,10.137817,Test,0.148247,0.807548,1.145650,1.442055,1.537460,1.674523,1.812182,2.321277,3.896824,4.928722,7.599437
1984-07-19,10.137817,Test,0.186368,0.848216,1.170853,1.446560,1.501931,1.617717,1.722480,2.140186,3.521865,4.498837,7.002244
1984-07-20,10.137817,Test,0.202117,0.862887,1.183231,1.451334,1.491933,1.603040,1.694960,2.085445,3.410498,4.360208,6.825643
1984-07-21,10.137817,Test,0.207622,0.862999,1.181049,1.443717,1.475634,1.582945,1.666976,2.040338,3.322278,4.236035,6.671511
1984-07-22,10.137817,Test,0.209985,0.858845,1.176829,1.439745,1.465957,1.572203,1.650724,2.014960,3.275379,4.165846,6.592122
1984-07-23,10.137817,Test,0.207968,0.858414,1.179098,1.436478,1.464335,1.570482,1.651912,2.018834,3.290799,4.189996,6.618032
1984-07-24,10.137817,Test,0.203892,0.859016,1.185632,1.440347,1.474257,1.582780,1.671532,2.051403,3.366193,4.300599,6.749968
1984-07-25,10.137817,Test,0.203466,0.857867,1.186864,1.439025,1.472868,1.581478,1.670797,2.051559,3.372821,4.310674,6.761023
1984-07-26,8.448181,Test,0.204500,0.852783,1.179805,1.428286,1.457138,1.561862,1.646994,2.016155,3.304516,4.210059,6.639537
1984-07-27,8.448181,Test,0.203552,0.846235,1.174308,1.421800,1.447534,1.552511,1.634413,2.000089,3.278722,4.167658,6.591959
1984-07-28,8.448181,Test,0.199665,0.830969,1.161725,1.420299,1.442271,1.554318,1.627742,1.997508,3.283669,4.156681,6.600090
1984-07-29,8.448181,Test,0.198081,0.796581,1.148432,1.477492,1.473556,1.636382,1.704726,2.098206,3.487162,4.467095,7.087217
1984-07-30,8.448181,Test,0.124780,0.672046,0.956792,1.409669,1.427460,1.623774,1.707777,2.135030,3.742098,4.981565,8.451825
1984-07-31,8.448181,Test,0.173728,0.827253,1.227401,1.480748,1.539715,1.699861,1.779851,2.233962,3.786488,4.931715,7.783198
1984-08-01,8.448181,Test,0.182406,0.841126,1.220861,1.434263,1.494444,1.616699,1.697493,2.106126,3.538553,4.550538,7.254086
1984-08-02,8.448181,Test,0.157150,0.815912,1.220087,1.436125,1.525551,1.660105,1.769283,2.233997,3.828880,4.917845,7.797449
1984-08-03,8.448181,Test,0.165100,0.820868,1.220689,1.431548,1.514315,1.645128,1.757001,2.225417,3.814295,4.896434,7.678635
1984-08-04,8.448181,Test,0.170631,0.819368,1.214466,1.421996,1.496132,1.622126,1.731798,2.190650,3.747221,4.799537,7.510954
1984-08-05,8.448181,Test,0.175010,0.810694,1.195458,1.401926,1.462283,1.578812,1.681554,2.114273,3.590533,4.566468,7.200445
1984-08-06,8.448181,Test,0.179151,0.802840,1.184572,1.397192,1.446519,1.562292,1.656560,2.076882,3.518536,4.455030,7.056446
1984-08-07,8.448181,Test,0.181041,0.801444,1.183371,1.390336,1.435969,1.549663,1.642616,2.058256,3.484909,4.411283,6.985620
1984-08-08,8.448181,Test,0.188172,0.801068,1.183577,1.389233,1.424001,1.538124,1.620640,2.022832,3.417326,4.318447,6.864563
1984-08-09,8.448181,Test,0.187353,0.799721,1.184056,1.379857,1.414965,1.526738,1.611728,2.013781,3.402715,4.303431,6.830912
1984-08-10,8.448181,Test,0.184858,0.796157,1.182936,1.372149,1.409525,1.519219,1.607880,2.013550,3.406492,4.310298,6.831045
1984-08-11,8.448181,Test,0.185408,0.791281,1.179866,1.368661,1.403219,1.512811,1.598505,2.002137,3.387175,4.280078,6.794253
1984-08-12,8.448181,Test,0.185881,0.789889,1.181086,1.362652,1.396474,1.504699,1.589982,1.992435,3.370787,4.259960,6.762578
1984-08-13,8.448181,Test,0.182490,0.791253,1.187895,1.353663,1.394621,1.500782,1.593341,2.005200,3.400662,4.312039,6.810206
1984-08-14,8.448181,Test,0.177176,0.786241,1.190360,1.349847,1.396810,1.506987,1.603963,2.031076,3.459102,4.396723,6.906951
1984-08-15,8.448181,Test,0.166003,0.776218,1.186796,1.339018,1.397275,1.511290,1.616157,2.067653,3.544270,4.510309,7.041431
1984-08-16,8.448181,Test,0.135529,0.737962,1.157767,1.326799,1.406038,1.538858,1.662088,2.173468,3.775376,4.803128,7.411097
1984-08-17,8.448181,Test,0.149135,0.754106,1.170985,1.319204,1.390716,1.507301,1.622797,2.103818,3.631585,4.609621,7.179914
1984-08-18,6.758545,Test,0.207931,0.812286,1.214256,1.342858,1.369589,1.446437,1.532675,1.890149,3.149463,4.009419,6.382143
1984-08-19,6.758545,Test,0.213239,0.818222,1.224961,1.343938,1.370030,1.444036,1.529334,1.883119,3.134319,3.995691,6.364882
1984-08-20,6.758545,Test,0.212203,0.815063,1.225963,1.340862,1.368359,1.442598,1.528524,1.885490,3.140625,4.004857,6.375023
1984-08-21,6.758545,Test,0.204953,0.793551,1.231777,1.391455,1.417448,1.531163,1.623819,2.026941,3.419250,4.408042,6.915874
1984-08-22,8.448181,Test,0.062519,0.590049,0.970677,1.355248,1.493080,1.696976,1.805710,2.345960,4.308346,5.886737,10.021456
1984-08-23,8.448181,Test,0.035314,0.648322,1.192461,1.524105,1.736000,2.019369,2.210068,3.079460,5.950253,8.213231,13.662766
1984-08-24,8.448181,Test,0.049343,0.707330,1.307017,1.429064,1.653247,1.863344,2.032436,2.783801,5.174293,6.916273,10.913607
1984-08-25,6.758545,Test,0.087216,0.744319,1.309436,1.368168,1.548114,1.687117,1.857261,2.466095,4.460366,5.826976,9.288691
1984-08-26,6.758545,Test,0.093908,0.739339,1.283643,1.336256,1.513407,1.631698,1.804461,2.401907,4.307172,5.600379,8.852818
1984-08-27,6.758545,Test,0.114942,0.739033,1.246576,1.303558,1.450411,1.552872,1.703461,2.256145,3.982823,5.131407,8.074258
1984-08-28,6.758545,Test,0.134926,0.741254,1.224272,1.288116,1.405091,1.499349,1.626840,2.132408,3.719199,4.750461,7.505096
1984-08-29,6.758545,Test,0.146914,0.741751,1.211801,1.282612,1.380996,1.474070,1.586826,2.068671,3.586045,4.559090,7.211734
1984-08-30,6.758545,Test,0.155447,0.741367,1.204136,1.281784,1.366791,1.460931,1.561776,2.029284,3.505447,4.441310,7.034607
1984-08-31,6.758545,Test,0.162257,0.741256,1.200178,1.283170,1.358635,1.454142,1.544980,2.003482,3.453085,4.363665,6.922527
1984-09-01,6.758545,Test,0.149386,0.738779,1.195491,1.263383,1.354024,1.445613,1.559855,2.041522,3.522563,4.474851,7.015591
1984-09-02,3.379272,Test,0.145475,0.742683,1.200789,1.256789,1.356878,1.445944,1.569741,2.065613,3.567895,4.548996,7.080647
1984-09-03,1.689636,Test,0.144411,0.746962,1.204490,1.249327,1.354395,1.439730,1.567199,2.068002,3.572247,4.558693,7.074998
1984-09-04,1.689636,Test,0.146450,0.748292,1.205348,1.247926,1.350583,1.436542,1.561974,2.060214,3.553593,4.532931,7.035480
1984-09-05,1.689636,Test,0.146932,0.746769,1.200876,1.241284,1.341257,1.426682,1.549179,2.042735,3.517979,4.477203,6.962894
1984-09-06,1.689636,Test,0.145169,0.741971,1.193904,1.236091,1.334886,1.422127,1.542032,2.036289,3.505941,4.449896,6.929659
1984-09-07,1.689636,Test,0.137238,0.730656,1.183502,1.232614,1.335172,1.430157,1.550819,2.060698,3.557942,4.508500,7.003218
1984-09-08,1.689636,Test,0.116053,0.711754,1.164078,1.214213,1.335210,1.436886,1.570737,2.119116,3.683253,4.661807,7.189731
1984-09-09,1.689636,Test,0.105789,0.708396,1.163467,1.207702,1.344061,1.447766,1.593146,2.168547,3.779664,4.796918,7.356161
1984-09-10,1.689636,Test,0.165870,0.783217,1.233722,1.248517,1.349992,1.412625,1.536133,2.002988,3.399456,4.339582,6.729221
1984-09-11,1.689636,Test,0.200428,0.819961,1.266431,1.268689,1.347875,1.393361,1.501730,1.908309,3.183615,4.064179,6.378698
1984-09-12,1.689636,Test,0.209826,0.831404,1.278715,1.274911,1.349910,1.392426,1.497168,1.892681,3.144941,4.016167,6.323191
1984-09-13,1.689636,Test,0.208218,0.839199,1.292801,1.281457,1.365255,1.407907,1.519964,1.929694,3.215931,4.120403,6.440046
1984-09-14,1.689636,Test,0.210902,0.836223,1.284158,1.274779,1.352603,1.393846,1.499586,1.897207,3.148592,4.019188,6.322209
1984-09-15,1.689636,Test,0.214633,0.834225,1.280105,1.275445,1.347163,1.389939,1.487973,1.877257,3.107050,3.953830,6.251835
1984-09-16,1.689636,Test,0.217355,0.834960,1.281065,1.278755,1.347987,1.392042,1.485323,1.871748,3.093783,3.930564,6.229331
1984-09-17,1.689636,Test,0.211001,0.845826,1.296674,1.276162,1.361308,1.401234,1.510978,1.917057,3.179656,4.061724,6.366262
1984-09-18,1.689636,Test,0.209516,0.852495,1.307865,1.281152,1.373262,1.412947,1.528907,1.946143,3.234744,4.141434,6.454008
1984-09-19,1.689636,Test,0.210432,0.854028,1.308734,1.281322,1.373270,1.411891,1.527595,1.943881,3.227117,4.127482,6.435343
1984-09-20,1.689636,Test,0.210571,0.859825,1.317317,1.286397,1.382343,1.420508,1.539841,1.962481,3.260262,4.174284,6.486760
1984-09-21,1.689636,Test,0.210641,0.866529,1.328093,1.293977,1.394700,1.433403,1.557074,1.988400,3.308648,4.242999,6.564293
1984-09-22,1.689636,Test,0.211179,0.868312,1.329012,1.293000,1.393828,1.431923,1.555240,1.985816,3.299900,4.228009,6.544683
1984-09-23,1.689636,Test,0.205913,0.848631,1.341102,1.372908,1.470084,1.561144,1.692850,2.182253,3.678787,4.770778,7.260347
1984-09-24,1.689636,Test,0.206527,0.876807,1.350525,1.316433,1.430666,1.477281,1.612894,2.075090,3.476817,4.475273,6.839608
1984-09-25,1.689636,Test,0.206521,0.878124,1.349858,1.311550,1.425650,1.469737,1.604258,2.063684,3.449815,4.432429,6.785949
1984-09-26,1.689636,Test,0.207007,0.872459,1.335378,1.294554,1.403118,1.442087,1.569719,2.013053,3.342652,4.273778,6.598678
1984-09-27,1.689636,Test,0.206053,0.878430,1.345224,1.302895,1.416674,1.456284,1.589190,2.042883,3.398573,4.351265,6.684109
1984-09-28,1.689636,Test,0.081852,0.668018,1.053851,1.384805,1.591018,1.767439,1.928262,2.566241,4.709074,6.454250,10.770108
1984-09-29,1.689636,Test,0.082874,0.790866,1.383261,1.387387,1.643753,1.789107,1.990265,2.777230,4.978536,6.611041,9.975156
1984-09-30,1.689636,Test,0.100161,0.804093,1.363596,1.342154,1.575109,1.687035,1.876088,2.581153,4.569173,5.980594,9.061181
1984-10-01,,,0.381510,1.660480,2.848702,2.877090,3.275306,3.910658,4.639618,6.492246,12.219797,17.817053,26.243324
1984-10-02,,,0.314727,1.536794,2.696716,2.804521,3.256397,3.927767,4.710274,6.746237,12.810441,18.612375,27.373562
1984-11-25,43.930540,Test,,,,,,,,,,,
1984-11-26,38.861631,Test,,,,,,,,,,,
1984-11-27,33.792723,Test,4.245130,8.905223,11.685650,18.439388,21.979624,23.794571,28.082493,32.553875,40.346725,43.990765,54.608059
1984-11-28,30.413451,Test,3.434021,7.122420,9.540451,15.422549,18.934355,20.645994,24.873625,29.158464,36.593159,40.702454,50.930737
1984-11-29,30.413451,Test,2.140670,4.290207,5.926693,10.943267,15.233479,17.586271,21.819239,26.693645,37.994293,46.504398,68.003174
1984-11-30,40.551268,Test,0.832671,2.794667,4.681239,9.140128,15.660234,19.172241,22.510576,33.181118,49.762978,64.746414,102.626366
1984-12-01,43.930540,Test,2.592946,6.873800,10.240869,17.781078,29.272093,33.436893,42.289986,56.086956,75.347771,92.252350,132.856628
1984-12-02,47.309812,Test,3.375000,8.304402,12.179215,21.022112,31.517673,35.868191,44.954304,57.607876,75.936592,90.118805,128.608917
1984-12-03,55.757993,Test,2.539119,6.161357,9.098092,17.481657,25.449259,29.837629,38.770515,49.506996,67.737190,80.042542,118.153175
1984-12-04,55.757993,Test,2.990655,7.695212,11.388155,19.160309,27.657436,31.307117,39.004074,49.314877,64.988525,75.000404,97.357544
1984-12-05,55.757993,Test,3.963473,9.111824,12.464828,21.410995,29.695753,33.829742,41.471634,50.627560,67.979683,78.877205,113.964401
1984-12-06,54.068357,Test,3.517840,9.054152,13.160874,22.623140,34.388458,39.042156,48.210621,59.917133,80.512817,94.639320,135.979324
1984-12-07,50.689084,Test,3.330815,8.932278,13.595471,22.247456,32.899811,37.244705,46.469677,58.758778,77.744377,90.778259,117.001045
1984-12-08,47.309812,Test,4.248778,10.335687,14.508777,23.798815,31.440617,35.470024,42.461632,51.693130,66.838547,75.266098,95.015984
1984-12-09,43.930540,Test,5.978405,13.961989,18.225842,27.774282,33.807209,36.739628,42.271271,49.458672,61.755714,66.696213,81.959679
1984-12-10,38.861631,Test,5.033982,11.110210,14.360930,22.482491,27.064125,29.373055,34.110397,39.945572,49.756836,53.696377,66.350502
1984-12-11,33.792723,Test,4.166430,9.044768,11.761377,18.908346,22.632404,24.754917,29.151400,34.148998,42.693516,46.229843,56.343636
1984-12-12,43.930540,Test,3.614133,7.655715,10.622690,18.507948,25.220104,28.876888,34.435165,41.638107,56.466724,66.293549,97.147270
1984-12-13,38.861631,Test,8.029853,18.259464,24.205261,35.783470,44.377308,49.286011,55.559189,66.106850,81.121315,91.853271,117.516205
1984-12-14,37.171995,Test,6.477583,14.156729,18.711998,27.951010,35.865528,39.463726,44.633125,53.979553,65.787727,73.670540,93.525581
1984-12-15,38.861631,Test,5.378149,11.228351,15.009967,24.245878,29.250040,32.860832,38.383461,44.935909,56.542328,63.608593,82.513008
1984-12-16,40.551268,Test,5.119730,10.823150,14.229739,22.309824,26.950563,29.561184,34.189846,40.015583,49.722385,54.881893,68.799294
1984-12-17,38.861631,Test,5.267270,10.681368,13.975922,21.370977,25.538008,27.684235,31.763250,36.666855,44.926414,49.542419,61.936214
1984-12-18,40.551268,Test,4.700740,9.081525,12.125795,19.107569,22.992863,25.366982,29.422192,33.950474,41.993759,47.436810,60.187439
1984-12-19,35.482359,Test,4.149713,7.817341,10.537126,16.176859,20.384050,22.511854,25.901749,30.474962,37.136883,42.122990,52.769505
1984-12-20,33.792723,Test,2.898411,5.661370,7.798392,12.623580,16.584820,18.417593,21.915257,26.368563,33.187885,38.452271,48.847519
1984-12-21,32.103087,Test,1.528158,3.423886,4.823888,8.519931,11.588702,12.993405,16.499546,20.521078,27.124359,32.040539,39.703079
1984-12-22,28.723815,Test,1.308968,2.930127,4.205859,7.331642,10.317021,11.592365,14.696677,18.324846,24.396334,29.425539,37.262577
1984-12-23,28.723815,Test,1.579587,3.334974,4.729607,8.077044,11.113379,12.474588,15.593689,19.120468,25.110107,30.059992,38.016575
1984-12-24,27.034178,Test,1.029695,2.359365,3.446487,5.979159,8.753364,10.018231,12.615336,15.990122,21.514137,26.565292,33.979870
1984-12-25,25.344542,Test,0.571044,1.550087,2.320832,3.966992,6.142656,7.186831,9.065858,11.889036,16.540722,20.994577,26.843842
1984-12-26,23.654906,Test,0.591032,1.586005,2.404562,4.241937,6.527699,7.715207,9.697286,12.844496,18.128620,23.207636,30.155502
1984-12-27,23.654906,Test,0.573710,1.580285,2.402026,4.221243,6.599214,7.787525,9.793919,13.098934,18.447706,23.565748,30.664867
1984-12-28,21.965270,Test,0.514423,1.485754,2.298553,4.336473,6.583606,7.794058,9.911332,13.357090,19.495285,25.100826,33.251896
1984-12-29,21.965270,Test,0.327664,1.263809,1.987668,3.603768,5.685903,6.573823,8.496150,11.668717,16.866879,21.433207,27.555424
1984-12-30,21.965270,Test,0.854874,2.012234,2.964090,5.133804,7.709588,8.970085,11.218129,14.445967,19.698864,24.647823,31.632380
1984-12-31,21.965270,Test,0.238920,1.061160,1.674634,2.859086,4.472596,5.197364,6.534320,9.048660,13.488285,17.421452,22.831455
1985-01-01,21.965270,Training,0.168809,0.938907,1.518383,2.497022,3.872180,4.495674,5.603031,7.862310,11.989266,15.553987,20.621029
1985-01-02,21.965270,Training,0.265037,1.071789,1.678245,2.807904,4.389764,5.130275,6.431628,8.855138,13.121671,16.934320,22.182205
1985-01-03,20.275634,Training,0.167697,0.928106,1.501316,2.430015,3.757851,4.376350,5.437222,7.644640,11.675044,15.147192,20.116169
1985-01-04,42.240904,Training,0.059161,0.864748,1.479389,3.164110,5.174323,6.358539,7.649603,11.806931,21.387671,29.208117,46.343555
1985-01-05,54.068357,Training,0.724711,2.317620,3.647009,7.310815,13.125911,15.615008,20.453276,30.376062,44.641838,58.882191,88.103142
1985-01-06,54.068357,Training,0.636446,2.100763,3.501091,6.697293,12.030726,14.354693,19.052538,27.823736,39.800560,51.639446,72.414780
1985-01-07,50.689084,Training,3.345817,6.615425,9.109849,14.782796,21.289198,23.869894,28.867973,36.341057,45.973675,53.782837,67.261009
1985-01-08,47.309812,Training,5.034295,9.275380,12.129931,18.648104,24.399940,27.089245,31.112419,37.712082,45.423203,51.212410,60.704643
1985-01-09,42.240904,Training,4.816683,8.531512,11.037214,17.058544,21.976131,24.586613,27.757544,33.599236,40.010082,44.864803,52.326473
1985-01-10,38.861631,Training,4.385718,7.766604,10.097857,15.619371,20.256849,22.677179,25.698149,31.068480,37.192574,42.041859,49.427330
1985-01-11,33.792723,Training,4.141607,7.361280,9.611220,14.856123,19.375086,21.710794,24.653126,29.774115,35.843395,40.819138,48.378006
1985-01-12,32.103087,Training,4.046293,7.142038,9.328441,14.405457,18.724457,21.048723,23.839712,28.729067,34.607594,39.485580,46.681656
1985-01-13,30.413451,Training,3.984164,6.969964,9.115568,14.057645,18.157589,20.484468,23.153690,27.799520,33.483013,38.233513,45.024078
1985-01-14,28.723815,Training,3.927009,6.804898,8.900004,13.697056,17.581150,19.889988,22.440994,26.856918,32.297089,36.850883,43.143223
1985-01-15,25.344542,Training,4.196465,6.988634,9.068141,13.860345,17.267496,19.673342,21.801495,25.910278,30.585417,34.410339,39.208611
1985-01-16,23.654906,Training,3.472738,6.135454,8.184281,12.828461,17.524332,19.956505,23.154051,27.762426,35.167046,42.191929,52.641834
1985-01-17,30.413451,Training,0.621283,2.211252,3.878086,8.336137,14.808896,18.103786,21.033264,32.670734,49.489929,65.139839,112.569374
1985-01-18,32.103087,Training,2.458318,6.124401,9.290650,16.549078,27.353178,31.501333,40.358654,54.614277,71.960083,89.602364,123.178932
1985-01-19,37.171995,Training,3.404832,8.316643,11.972546,20.616213,32.883389,37.400719,46.611839,60.116508,79.073181,96.265198,132.845795
1985-01-20,54.068357,Training,2.973952,8.077257,12.623654,23.037611,38.406414,44.718098,54.364582,71.187653,93.973740,114.020844,165.475906
1985-01-21,82.792171,Training,7.013292,18.518053,27.154585,44.021332,64.800690,72.609398,86.802116,104.309731,134.324402,152.813904,209.067734
1985-01-22,81.102535,Training,12.685642,33.466343,44.390293,62.960064,81.130112,87.584938,102.454903,116.840614,147.159271,163.094574,209.477600
1985-01-23,76.033627,Training,15.777995,39.446651,50.496033,65.877213,79.037338,84.021423,94.670555,107.036888,127.692505,142.681793,172.334915
1985-01-24,69.275082,Training,17.039896,40.281773,49.849552,62.022186,71.873245,75.051811,82.227089,92.533463,106.226151,116.284218,134.181686
1985-01-25,94.619624,Training,14.391326,37.918400,52.840660,72.598221,88.544456,97.372429,108.318703,123.296196,146.102081,160.607407,208.694748
1985-01-26,104.757441,Training,22.408178,59.356941,74.155609,87.404549,99.106384,102.940788,111.756447,123.683235,143.854950,158.852356,181.141464
1985-01-27,79.412899,Training,21.712513,53.743908,65.078560,75.988274,85.424324,87.885780,94.880661,104.931892,117.907104,129.507858,147.330368
1985-01-28,69.275082,Training,18.867908,46.181545,53.789684,62.166630,68.782234,71.063683,73.925453,81.446617,92.418968,100.384369,114.077614
1985-01-29,60.826901,Training,16.761412,38.482712,43.607548,50.867992,56.092983,57.816200,59.257446,65.505951,73.434227,78.527016,89.161362
1985-01-30,50.689084,Training,15.590681,33.803581,38.559208,45.427052,50.234978,51.417248,52.754620,57.886578,64.399467,68.715126,79.540962
1985-01-31,43.930540,Training,14.319212,29.576698,33.799652,40.156765,44.262203,45.190224,46.194813,50.463764,55.749763,59.084915,68.635429
1985-02-01,40.551268,Training,13.284810,26.457973,30.657772,36.903500,40.553875,41.407402,42.483768,46.197697,50.920261,54.019836,63.404644
1985-02-02,35.482359,Training,12.463425,24.114241,28.164898,34.113560,37.360039,38.103931,39.198116,42.485588,46.669319,49.392056,58.121056
1985-02-03,33.792723,Training,11.779900,22.274595,26.259443,31.918793,34.929672,35.609867,36.755524,39.764584,43.579006,46.102917,54.323677
1985-02-04,32.103087,Training,9.181141,16.944351,20.390570,28.276724,30.553802,33.152645,36.540855,39.459469,46.558750,51.897736,68.264786
1985-02-05,30.413451,Training,9.038858,16.527885,20.163446,27.537325,29.963568,32.737820,35.226269,38.954601,45.699730,50.488903,62.532421
1985-02-06,28.723815,Training,6.957791,12.827701,15.883263,24.053123,27.515162,30.916826,35.282879,39.905048,50.600632,57.876472,79.570305
1985-02-07,48.999448,Training,4.452397,9.880962,15.359068,25.412020,36.433586,42.743938,47.575790,60.487514,75.920418,90.573814,136.010391
1985-02-08,111.515986,Training,10.127192,26.091370,37.443169,54.406246,71.315208,79.488129,89.592789,106.743622,126.852158,143.548843,194.130356
1985-02-09,158.825798,Training,17.702818,47.086323,60.806702,78.123932,94.148003,100.776276,113.370247,129.636627,156.304230,172.125229,217.702850
1985-02-10,119.964167,Training,20.440063,55.136078,69.570686,85.578796,100.842514,106.443466,118.743706,133.858322,159.572372,175.427292,218.373398
1985-02-11,157.136162,Training,22.569948,62.669014,81.750778,99.516678,115.971527,122.493042,135.071320,151.088013,179.393433,194.536469,239.215179
1985-02-12,157.136162,Training,26.507467,75.949158,97.101326,114.045746,130.047485,135.819702,148.423813,164.640472,193.454910,209.956726,252.342712
1985-02-13,123.343439,Training,25.954689,70.139259,83.817993,96.824554,106.946907,111.569061,120.560585,131.730865,154.534470,170.632431,201.620865
1985-02-14,99.688533,Training,22.657715,59.678864,71.228020,84.365219,94.111145,98.728043,107.745163,118.045891,139.655655,154.148804,187.531555
1985-02-15,111.515986,Training,22.992994,62.727955,77.018051,92.166039,103.386810,108.376915,119.122086,131.274704,154.978149,169.332428,207.043167
1985-02-16,148.687981,Training,25.680902,71.973183,87.573837,102.184082,114.010818,118.518097,129.866058,142.756805,167.233002,183.438812,221.135925
1985-02-17,133.481256,Training,26.518667,72.507576,85.955109,98.086685,108.007904,111.899826,120.941734,131.842316,152.414612,169.443344,201.216995
1985-02-18,109.826350,Training,26.543642,66.435234,77.019356,83.722244,90.924751,93.387039,96.183212,104.422356,115.280090,127.980766,142.762131
1985-02-19,84.481807,Training,23.795490,56.618996,64.915985,71.350388,77.498436,79.595100,81.516022,88.749969,96.575012,106.618912,120.480865
1985-02-20,69.275082,Training,22.404139,51.398384,57.634949,63.489738,68.701645,70.635529,71.282219,77.778778,84.011559,92.156792,104.339134
1985-02-21,60.826901,Training,20.717875,45.491497,50.380829,56.181313,60.802223,62.590912,62.667027,68.632866,73.906319,80.328766,91.603638
1985-02-22,52.378721,Training,19.309914,40.861588,45.302631,51.003807,55.415375,57.007366,57.008091,62.426426,67.055244,72.480980,83.327301
1985-02-23,43.930540,Training,17.822906,35.223206,38.278667,43.662472,47.065849,48.634212,47.878605,52.444908,56.261322,59.820015,69.054298
1985-02-24,38.861631,Training,16.495352,31.335505,34.362068,39.561737,42.649471,44.034447,43.390247,47.355297,50.748619,53.721561,62.535271
1985-02-25,35.482359,Training,14.608562,27.231920,30.874790,36.823761,39.404579,41.390507,41.687996,45.230137,49.282204,52.866787,62.884281
1985-02-26,33.792723,Training,13.465837,24.364109,27.980320,33.966328,36.228764,38.253407,38.691914,41.978790,46.110737,49.462711,59.306362
1985-02-27,30.413451,Training,10.865212,20.263659,23.975927,31.936071,34.433624,37.702869,40.307640,44.037407,51.592594,57.263046,74.406639
1985-02-28,45.620176,Training,10.151482,22.215565,28.868534,40.746037,47.977013,53.988766,60.417019,69.893692,86.184937,97.012047,133.086868
1985-03-01,48.999448,Training,17.394932,39.041161,47.225822,55.721230,63.990513,68.160645,71.188652,81.010231,91.208534,102.419090,122.982361
1985-03-02,47.309812,Training,16.063511,34.303345,41.132183,49.315899,56.223755,60.018093,62.434769,70.208015,79.300179,88.494957,107.071754
1985-03-03,47.309812,Training,15.103488,32.027313,38.948887,47.330826,53.955231,57.401932,60.742210,67.868782,76.515228,86.042450,106.635239
1985-03-04,48.999448,Training,14.801622,31.967905,39.560524,48.757706,56.799362,60.295765,65.237686,74.171669,82.293381,93.194099,114.407242
1985-03-05,48.999448,Training,14.825266,31.551550,38.527203,47.517773,55.448662,59.075863,62.927483,72.119362,80.614197,90.171745,107.288895
1985-03-06,48.999448,Training,13.375788,27.579855,33.356174,42.095291,49.304909,53.120342,55.871140,64.437057,73.760880,82.422409,99.254616
1985-03-07,43.930540,Training,10.870986,20.455933,24.216480,32.392685,37.920506,41.709465,43.219219,50.507915,59.862133,66.641182,81.304665
1985-03-08,40.551268,Training,7.262158,12.109730,14.487924,21.191786,25.189495,28.420033,30.191494,36.098896,44.731525,50.340038,62.869831
1985-03-09,37.171995,Training,6.576910,10.540530,12.741642,18.756844,22.147259,24.856667,26.650450,31.505079,39.252811,44.197632,55.561996
1985-03-10,33.792723,Training,5.075039,8.055993,10.182524,15.534330,18.510162,20.800369,23.261070,27.514431,34.884716,39.700474,50.257347
1985-03-11,30.413451,Training,4.770445,7.385276,9.458857,14.449882,17.035183,19.083628,21.419622,25.103561,31.821819,36.190182,45.857635
1985-03-12,23.654906,Training,4.824408,7.243539,9.290212,14.042585,16.396847,18.304035,20.385489,23.705040,29.918346,33.983639,43.238419
1985-03-13,21.965270,Training,5.461731,8.452351,10.866238,15.937461,18.629145,20.734652,22.529217,25.765574,31.792618,36.230766,45.794640
1985-03-14,21.965270,Training,5.155658,7.986185,10.385123,15.329698,18.078476,20.188810,22.082491,25.388954,31.441580,36.082378,45.819103
1985-03-15,21.965270,Training,4.692431,6.947499,9.047051,13.567980,15.976395,17.878649,19.786629,23.055944,29.064602,33.398670,43.078445
1985-03-16,21.965270,Training,4.569002,7.248396,9.679605,14.481537,17.579977,19.791388,21.968529,25.545376,31.841290,37.109173,47.409294
1985-03-17,21.965270,Training,4.292792,6.933020,9.331610,14.072181,17.490240,19.766266,22.084364,25.995628,32.596783,38.319569,49.127434
1985-03-18,21.965270,Training,2.441894,3.622021,4.972478,8.234612,10.812174,12.464561,14.599031,18.667074,25.620117,31.252125,42.001564
1985-03-19,21.965270,Training,0.722363,1.593870,2.364140,5.114382,7.716606,9.534929,11.687199,16.416994,27.164007,34.888165,51.921440
1985-03-20,28.723815,Training,1.251748,2.333109,3.399207,6.215978,9.874849,11.966973,14.428530,22.302237,34.341354,45.230095,64.806053
1985-03-21,43.930540,Training,1.680873,3.008395,4.246958,8.408569,12.188792,14.705174,18.015379,24.686838,37.579277,47.457047,69.650848
1985-03-22,62.516537,Training,3.112566,5.141720,6.973725,12.469052,16.565702,19.447416,23.345747,30.423628,43.107147,52.563057,75.989120
1985-03-23,64.206174,Training,2.864074,4.647646,6.254402,10.664960,14.669361,17.005211,19.997307,27.312124,38.358780,46.914867,66.519333
1985-03-24,57.447629,Training,3.583294,5.717332,7.606762,12.613248,16.637056,18.749023,22.174982,29.827412,41.343071,49.448151,73.562637
1985-03-25,52.378721,Training,4.139762,6.454031,8.439606,13.868999,17.176991,19.365948,22.506731,28.495575,38.293411,44.813606,63.429348
1985-03-26,43.930540,Training,4.089653,6.317095,8.205566,13.372679,16.549555,18.487547,21.394394,27.187849,36.411514,42.285606,60.241943
1985-03-27,40.551268,Training,3.856466,5.942340,7.724614,12.733734,15.721856,17.585814,20.407183,25.844147,34.694355,40.263317,56.793926
1985-03-28,37.171995,Training,3.536200,5.388022,7.015250,11.703890,14.548820,16.210251,18.908810,24.233540,32.817852,38.159225,54.707310
1985-03-29,35.482359,Training,3.409319,5.193236,6.777683,11.410170,14.062324,15.718954,18.368902,23.279501,31.488953,36.544849,51.520233
1985-03-30,33.792723,Training,3.485018,5.323187,7.038745,12.103985,14.483393,16.427549,19.358915,23.772018,32.069023,37.423733,51.936508
1985-03-31,30.413451,Training,3.594301,5.597273,7.436839,12.762888,15.060879,17.215157,20.267227,24.297348,32.451649,37.832336,51.039913
1985-04-01,28.723815,Test,3.293861,5.234362,6.942272,11.718068,14.101777,15.952626,18.697330,22.661894,30.054577,34.702969,45.526943
1985-04-02,27.034178,Test,3.292305,5.254952,6.971401,11.644032,13.848374,15.601505,18.285942,21.825811,28.602539,32.835014,42.347095
1985-04-03,25.344542,Test,3.035214,4.818898,6.422349,10.855309,12.948804,14.629635,17.211224,20.599354,27.126177,31.270628,40.222961
1985-04-04,23.654906,Test,2.413020,4.064272,6.013421,11.813141,15.772693,19.058153,22.333328,28.209713,42.125286,50.909187,76.589607
1985-04-05,25.344542,Test,2.795515,5.647198,7.914917,15.561243,22.389339,27.063211,32.636353,44.534260,66.699715,81.860802,124.771950
1985-04-06,25.344542,Test,3.977548,7.658810,10.095189,18.854136,25.379938,30.558674,36.342560,49.894970,71.797508,86.755966,129.982300
1985-04-07,38.861631,Test,3.020000,6.360304,9.082882,17.800877,25.634579,30.983232,36.850014,49.773602,72.363319,87.311760,132.939026
1985-04-08,50.689084,Test,5.374868,11.540820,15.425445,27.642378,36.880100,43.845997,52.704182,68.666985,96.966881,114.435913,170.976654
1985-04-09,65.895810,Test,6.401180,13.279944,17.180313,29.294022,37.065273,44.056053,51.205990,67.728394,94.885658,109.441498,167.257294
1985-04-10,72.654354,Test,7.442858,14.637097,18.207285,29.240026,34.617931,40.520222,45.099308,56.437748,76.263130,84.549538,124.180183
1985-04-11,65.895810,Test,8.816251,17.301641,20.957623,31.019413,35.306393,39.959869,43.365025,50.886360,65.744888,71.500435,99.878159
1985-04-12,59.137265,Test,9.312984,18.402800,22.165464,31.045990,34.964806,38.427078,41.276623,46.862118,58.149223,62.987442,81.643059
1985-04-13,54.068357,Test,8.698586,16.733320,20.056765,28.532572,32.027805,35.110870,37.760448,42.928791,53.215469,57.290180,76.066513
1985-04-14,47.309812,Test,8.109263,15.266363,18.383835,26.377319,29.600721,32.327141,34.840618,39.483627,48.760799,52.315708,69.861526
1985-04-15,42.240904,Test,7.622676,14.065258,17.190851,24.429787,27.410568,29.530745,31.975517,35.767574,43.455883,46.583996,60.501762
1985-04-16,38.861631,Test,7.354414,13.474890,16.627163,23.309860,26.182682,27.897894,30.320059,33.555256,40.156647,43.019009,54.872799
1985-04-17,33.792723,Test,6.887434,12.506222,15.564768,21.845098,24.631521,26.155882,28.627663,31.580070,37.689495,40.437679,51.383007
1985-04-18,32.103087,Test,6.354634,11.425439,14.357525,20.367823,23.050323,24.540388,27.091331,29.912573,35.865273,38.672249,49.165005
1985-04-19,28.723815,Test,5.159781,8.865430,11.077436,17.554996,19.802160,21.766291,25.178663,28.053556,35.807781,40.056969,55.714886
1985-04-20,27.034178,Test,4.321617,7.526436,9.360522,15.927144,18.581039,20.824938,24.518312,28.432989,38.463997,43.582611,63.017872
1985-04-21,60.826901,Test,2.746993,5.234272,6.786098,13.994440,18.815517,22.621998,27.333992,35.956539,56.128048,66.761971,102.486954
1985-04-22,43.930540,Test,5.165631,10.337037,12.520922,21.390999,26.423542,31.591713,35.274136,44.903206,63.543385,71.903305,104.569405
1985-04-23,38.861631,Test,4.424493,8.645802,10.369590,19.137936,24.131474,28.779509,33.472538,42.873772,62.876743,72.092422,110.159683
1985-04-24,38.861631,Test,5.417944,10.932046,12.931808,23.232460,28.359018,33.941425,39.166565,49.010937,71.137848,80.195351,122.701454
1985-04-25,37.171995,Test,5.767493,11.444351,13.863377,23.682428,28.400141,33.847012,37.954231,46.653568,64.268959,72.688995,100.849884
1985-04-26,35.482359,Test,5.244744,10.227924,12.117277,22.090706,26.488329,31.695681,36.365574,45.025459,63.951473,72.648476,104.921646
1985-04-27,37.171995,Test,4.438108,9.153041,10.771032,21.200180,27.193058,32.882584,38.653503,49.894028,75.289818,86.316406,130.236938
1985-04-28,35.482359,Test,4.708691,9.501945,11.473519,20.865438,25.765797,31.193195,34.877987,44.532635,61.767590,70.496979,94.676941
1985-04-29,33.792723,Test,5.044448,9.974550,12.015096,20.387003,24.545193,28.779741,31.923147,38.966614,52.246223,58.720093,76.350227
1985-04-30,32.103087,Test,6.292140,12.502767,14.973367,23.555540,27.424467,31.309843,34.232376,39.877617,51.535168,57.007027,72.814926
1985-05-01,30.413451,Test,5.946237,11.147565,13.405478,21.718607,24.647215,27.963171,31.189030,35.785381,46.292198,51.548344,67.777206
1985-05-02,28.723815,Test,4.168354,8.094056,9.597317,18.396519,22.738445,26.617613,31.405540,38.511662,57.305332,65.269478,96.804619
1985-05-03,28.723815,Test,3.539651,7.247663,8.473006,17.507700,22.917509,27.668365,32.869431,43.603008,66.959595,78.306061,117.789398
1985-05-04,27.034178,Test,4.506109,9.138714,11.029323,19.824965,24.393295,29.455185,32.861706,41.476116,57.859543,66.207390,88.442810
1985-05-05,28.723815,Test,5.248285,10.557362,12.294097,22.323025,26.199947,31.684858,35.882545,43.743286,62.964458,70.552765,103.551819
1985-05-06,28.723815,Test,6.320343,13.182321,15.283524,26.058392,30.332933,36.463779,40.540394,48.426121,67.649048,75.486626,109.125648
1985-05-07,28.723815,Test,6.459012,13.529327,16.123192,25.156347,29.333818,34.323219,36.852322,43.004433,57.061382,62.704445,83.847710
1985-05-08,27.034178,Test,6.347394,13.056179,15.731441,23.907887,28.010229,31.919479,34.360752,39.492256,51.220085,55.966423,73.406403
1985-05-09,27.034178,Test,5.970133,11.955201,14.573186,21.990437,25.884880,28.892464,31.416430,35.932182,45.999775,50.215275,64.623810
1985-05-10,27.034178,Test,4.369804,8.384253,10.343081,16.741070,20.036697,22.573679,25.241571,29.679258,39.589394,43.438709,57.001659
1985-05-11,25.344542,Test,4.329298,8.280561,10.295077,16.399258,19.612104,21.902962,24.498249,28.561754,37.789116,41.236134,54.171318
1985-05-12,25.344542,Test,3.696101,6.931866,8.725873,14.386236,17.277376,19.391359,22.066048,25.969711,34.937447,38.447506,50.802883
1985-05-13,25.344542,Test,2.755204,5.157103,6.540115,11.402595,14.019627,15.894477,18.515041,22.434620,31.330202,34.933990,47.015079
1985-05-14,25.344542,Test,2.718436,5.127491,6.520298,11.204780,13.823901,15.591256,18.163530,21.947517,30.559532,33.939842,45.624187
1985-05-15,25.344542,Test,2.130166,3.932408,4.983718,9.716098,12.179804,14.019200,16.976248,21.148813,31.765863,36.354954,53.801704
1985-05-16,25.344542,Test,1.118622,2.412738,3.177351,6.164330,8.434153,9.752272,11.872014,15.982549,24.320450,28.483997,40.401718
1985-05-17,25.344542,Test,1.111623,2.402199,3.177544,6.137728,8.418772,9.659947,11.898535,15.839856,23.693764,27.915989,38.798794
1985-05-18,25.344542,Test,1.492225,3.031598,3.951783,7.411777,9.849216,11.167851,13.746310,17.600843,25.415619,29.643887,40.170666
1985-05-19,18.585998,Test,1.902814,3.617078,4.698895,8.892685,11.315969,12.879560,15.827433,19.683098,28.147955,32.695019,44.765282
1985-05-20,11.827453,Test,2.041836,4.016114,5.178368,9.108851,11.699422,13.102264,15.733582,19.449652,27.319241,31.010860,41.630024
1985-05-21,11.827453,Test,0.798301,1.884612,2.529405,4.846289,6.719388,7.626021,9.494864,12.825768,19.379704,23.024012,32.350269
1985-05-22,11.827453,Test,0.172506,0.853032,1.286200,2.335519,3.237603,3.685205,4.516720,6.588358,10.881464,13.578255,19.996649
1985-05-23,11.827453,Test,0.240979,0.930647,1.383638,2.713070,3.754745,4.325595,5.361399,7.758973,12.731181,15.883192,23.318314
1985-05-24,11.827453,Test,0.147855,0.803299,1.231407,2.248424,3.058398,3.509421,4.279686,6.245316,10.427783,13.095149,19.273586
1985-05-25,11.827453,Test,0.091383,0.714487,1.122536,1.921875,2.508263,2.878817,3.436442,4.998261,8.525720,10.814107,15.983556
1985-05-26,11.827453,Test,-0.067715,0.466133,0.851950,1.934303,2.735536,3.279104,3.900127,5.999224,11.579539,15.614681,26.079519
1985-05-27,11.827453,Test,-0.023443,0.600012,1.027811,2.370924,3.430450,4.191343,5.160821,8.395007,16.018011,21.342121,34.982567
1985-05-28,11.827453,Test,-0.022591,0.662734,1.142419,2.145331,3.196862,3.822927,4.648607,7.338023,13.181783,17.118914,26.370413
1985-05-29,10.137817,Test,0.449796,1.342544,1.876315,4.718179,7.083112,8.460445,11.106710,16.534605,27.533205,34.456287,54.828232
1985-05-30,10.137817,Test,0.476316,1.468913,1.919594,5.237938,8.358441,9.807259,12.971113,19.900530,35.254898,43.691700,75.320877
1985-05-31,8.448181,Test,0.251317,1.241130,1.685852,4.798609,7.954667,9.518396,12.503023,20.860399,37.952080,48.182354,85.487206
1985-06-01,13.517089,Test,0.249507,1.356424,1.876370,5.276156,8.711736,10.572145,13.806948,23.450397,42.004654,53.462460,94.791702
1985-06-02,13.517089,Test,0.759970,2.351491,3.000804,8.083698,13.016535,15.859887,20.489664,32.713665,54.555820,67.096840,113.987350
1985-06-03,16.896361,Test,1.437984,3.487501,4.493511,10.620542,15.365060,19.269226,23.788282,34.611000,52.532764,63.103115,93.790413
1985-06-04,16.896361,Test,3.023762,6.595023,8.091942,15.842114,20.266562,24.620092,28.648546,36.899822,52.742714,60.127045,81.784760
1985-06-05,20.275634,Test,4.679845,9.686330,11.340990,21.497568,25.717905,30.158695,35.579567,43.053688,61.944534,69.342598,101.238083
1985-06-06,21.965270,Test,5.098931,10.732151,12.949402,22.206808,26.161648,30.536245,34.304367,40.929829,55.190784,61.502506,80.986015
1985-06-07,21.965270,Test,4.845073,9.921011,12.101162,20.420841,23.966129,27.496229,31.014669,36.541077,48.700684,54.020290,71.060944
1985-06-08,21.965270,Test,5.043822,10.533304,12.943062,20.277319,24.138231,26.773455,29.772346,34.441952,44.360191,48.256008,61.647968
1985-06-09,21.965270,Test,4.899659,10.044427,12.478794,19.059090,22.667795,24.553537,27.444809,31.314966,39.485756,42.554783,54.167019
1985-06-10,20.275634,Test,4.800687,9.710150,12.143936,18.181360,21.615049,23.016918,25.812260,29.112846,36.001118,38.549633,49.023678
1985-06-11,18.585998,Test,4.642312,9.306129,11.708105,17.412411,20.691179,21.900465,24.653656,27.688532,34.081074,36.389893,46.264870
1985-06-12,18.585998,Test,4.525524,9.040018,11.439017,16.950239,20.142097,21.286177,24.043024,26.972252,33.216614,35.439999,44.956539
1985-06-13,16.896361,Test,4.478739,8.910475,11.344022,16.813427,19.972231,21.181679,23.925943,26.871674,33.286625,35.527931,44.969440
1985-06-14,15.206725,Test,3.092448,5.912229,7.559774,12.832095,15.130395,16.745838,19.859137,22.983061,30.646049,33.968357,44.734364
1985-06-15,15.206725,Test,2.544081,4.900381,6.281776,11.060290,13.225781,14.707114,17.798294,20.899456,28.465103,31.903835,42.473434
1985-06-16,15.206725,Test,2.706821,5.413543,6.899498,11.281885,13.681641,14.864308,17.685406,20.597292,27.303797,29.931801,38.839733
1985-06-17,13.517089,Test,2.524569,5.079800,6.482264,10.669006,13.015038,14.141756,16.955362,19.788977,26.380886,29.011097,37.767670
1985-06-18,11.827453,Test,1.673224,3.527683,4.542318,7.882796,9.951673,10.933541,13.498307,16.313250,22.649939,25.504431,33.804733
1985-06-19,11.827453,Test,0.776248,1.963087,2.634595,4.804780,6.421363,7.185331,9.064240,11.791377,17.478495,20.448240,27.857298
1985-06-20,10.137817,Test,0.200654,0.976687,1.440477,2.449999,3.265065,3.683187,4.522717,6.339498,10.259415,12.458459,17.701374
1985-06-21,10.137817,Test,0.105368,0.766651,1.136868,1.623341,1.868747,2.102933,2.373185,3.255288,5.567419,7.017924,10.363502
1985-06-22,10.137817,Test,0.118200,0.792014,1.151057,1.582058,1.801600,2.006129,2.245059,3.045502,5.169690,6.512356,9.693568
1985-06-23,10.137817,Test,0.107224,0.783982,1.150442,1.600017,1.848419,2.066320,2.332925,3.193985,5.436715,6.819768,10.105913
1985-06-24,8.448181,Test,0.162417,0.831405,1.145585,1.484300,1.604163,1.740842,1.893531,2.435514,3.993632,5.092542,7.737072
1985-06-25,8.448181,Test,0.176290,0.839098,1.146648,1.479033,1.584526,1.712674,1.848800,2.356605,3.828386,4.876095,7.468654
1985-06-26,8.448181,Test,0.190954,0.852389,1.154709,1.479110,1.567234,1.688411,1.808267,2.280979,3.677001,4.690601,7.234272
1985-06-27,6.758545,Test,0.198391,0.859773,1.159840,1.478296,1.555863,1.674969,1.784884,2.239810,3.598712,4.591183,7.101897
1985-06-28,6.758545,Test,0.200786,0.866052,1.165802,1.476582,1.547171,1.666073,1.771545,2.216748,3.560112,4.545839,7.030414
1985-06-29,6.758545,Test,0.199736,0.867039,1.167782,1.477361,1.546327,1.666426,1.772158,2.217034,3.566424,4.556441,7.040157
1985-06-30,5.068908,Test,0.198720,0.864511,1.164822,1.474522,1.543781,1.662160,1.768501,2.211628,3.557163,4.539267,7.021858
1985-07-01,5.068908,Training,0.190403,0.855823,1.161629,1.480527,1.553550,1.680337,1.793602,2.252411,3.645244,4.658969,7.176002
1985-07-02,5.068908,Training,0.145919,0.736153,1.032235,1.537647,1.573295,1.801409,1.923417,2.469356,4.208747,5.538154,8.802176
1985-07-03,5.068908,Training,0.170478,0.833338,1.173688,1.535360,1.615426,1.796452,1.907516,2.438608,4.044410,5.239676,8.034675
1985-07-04,5.068908,Training,0.198670,0.876077,1.192859,1.493047,1.564472,1.690647,1.783893,2.228667,3.606267,4.630091,7.226378
1985-07-05,5.068908,Training,0.189615,0.858728,1.185933,1.500236,1.587561,1.719937,1.822126,2.294597,3.740206,4.770916,7.467605
1985-07-06,3.379272,Training,0.210324,0.868789,1.188852,1.515883,1.583440,1.717100,1.796223,2.245011,3.636635,4.623920,7.294630
1985-07-07,3.379272,Training,0.207536,0.865126,1.184570,1.510512,1.578447,1.709101,1.793583,2.242414,3.637990,4.619992,7.278443
1985-07-08,3.379272,Training,0.187264,0.846185,1.175776,1.500904,1.573077,1.715183,1.821954,2.292282,3.755042,4.793436,7.447121
1985-07-09,3.379272,Training,0.191892,0.861178,1.180798,1.480964,1.555040,1.677806,1.783869,2.235866,3.645671,4.639461,7.224673
1985-07-10,3.379272,Training,0.203363,0.865543,1.181284,1.481902,1.541573,1.663006,1.754055,2.183281,3.539014,4.494526,7.040754
1985-07-11,3.379272,Training,0.206932,0.867517,1.182476,1.480290,1.532538,1.654128,1.740122,2.158977,3.496131,4.441144,6.962749
1985-07-12,3.379272,Training,0.214101,0.874169,1.186285,1.476011,1.519720,1.637454,1.715305,2.117708,3.418448,4.338685,6.826397
1985-07-13,3.379272,Training,0.211876,0.875994,1.190180,1.473116,1.516367,1.636142,1.716626,2.120955,3.433864,4.368961,6.848313
1985-07-14,1.689636,Training,0.210901,0.877945,1.193768,1.472497,1.516132,1.636177,1.718725,2.125052,3.451248,4.397122,6.877845
1985-07-15,1.689636,Training,0.210547,0.876361,1.193166,1.469740,1.511924,1.631484,1.714075,2.118342,3.444221,4.386871,6.865622
1985-07-16,1.689636,Training,0.209733,0.871634,1.188612,1.464291,1.504901,1.622190,1.704682,2.104537,3.421600,4.349706,6.826326
1985-07-17,1.689636,Training,0.209042,0.866629,1.184519,1.460773,1.499560,1.616456,1.697452,2.094771,3.407491,4.322843,6.801999
1985-07-18,1.689636,Training,0.202663,0.864344,1.187086,1.459380,1.503515,1.624166,1.711776,2.122157,3.473700,4.416065,6.913107
1985-07-19,1.689636,Training,0.195759,0.854510,1.179704,1.452267,1.499925,1.622603,1.713746,2.132832,3.503786,4.442963,6.956441
1985-07-20,1.689636,Training,0.183366,0.841188,1.171150,1.445884,1.503451,1.631811,1.731645,2.173837,3.597202,4.550073,7.104535
1985-07-21,1.689636,Training,0.229627,0.870969,1.178422,1.454059,1.461740,1.567985,1.621875,1.957973,3.140947,3.986920,6.376840
1985-07-22,1.689636,Training,0.243413,0.868573,1.183568,1.482658,1.468120,1.594428,1.625201,1.951276,3.127299,3.979118,6.404613
1985-07-23,1.689636,Training,0.246098,0.878750,1.188485,1.463381,1.452398,1.563034,1.594303,1.908606,3.050536,3.869222,6.254481
1985-07-24,1.689636,Training,0.239598,0.874429,1.187548,1.453413,1.447456,1.556600,1.595436,1.914755,3.070280,3.894906,6.275463
1985-07-25,1.689636,Training,0.223416,0.873918,1.194838,1.440531,1.453359,1.560077,1.625978,1.969457,3.191914,4.074173,6.461903
1985-07-26,1.689636,Training,0.220267,0.869251,1.199571,1.450631,1.464532,1.579648,1.649481,2.005404,3.272826,4.191234,6.607862
1985-07-27,1.689636,Training,0.224794,0.878090,1.206615,1.444113,1.458765,1.564597,1.634858,1.982945,3.234047,4.139444,6.539598
1985-07-28,1.689636,Training,0.199022,0.787011,1.130561,1.512127,1.490336,1.680516,1.757685,2.165668,3.647030,4.772224,7.648880
1985-07-29,1.689636,Training,0.209453,0.856193,1.210805,1.459543,1.482100,1.612206,1.685075,2.070322,3.425187,4.408862,6.928028
1985-07-30,1.689636,Training,0.210035,0.859093,1.215318,1.453942,1.480452,1.604708,1.680729,2.065110,3.427322,4.407161,6.923484
1985-07-31,1.689636,Training,0.194758,0.847353,1.206840,1.434459,1.479082,1.595251,1.684903,2.084048,3.479627,4.464158,7.020466
1985-08-01,1.689636,Training,0.197834,0.839979,1.192286,1.416068,1.451529,1.557849,1.643165,2.020185,3.349859,4.269585,6.769789
1985-08-02,1.689636,Training,0.203353,0.835109,1.186700,1.413019,1.438359,1.543608,1.619786,1.983280,3.280104,4.164664,6.639687
1985-08-03,1.689636,Training,0.203199,0.835669,1.189911,1.406838,1.433189,1.536370,1.615782,1.980354,3.280355,4.169544,6.630402
1985-08-04,1.689636,Training,0.206295,0.832830,1.188394,1.403375,1.424041,1.526671,1.601153,1.958929,3.242546,4.114713,6.560494
1985-08-05,1.689636,Training,0.202432,0.837268,1.201464,1.404918,1.435787,1.539066,1.624815,2.000507,3.333409,4.254287,6.713140
1985-08-06,1.689636,Training,0.204529,0.839610,1.209603,1.406197,1.437172,1.541431,1.627350,2.006597,3.353224,4.286631,6.745756
1985-08-07,1.689636,Training,0.206858,0.830826,1.195671,1.389040,1.410419,1.508987,1.587322,1.946435,3.232002,4.108200,6.529369
1985-08-08,1.689636,Training,0.205986,0.826655,1.194901,1.382620,1.403253,1.502234,1.579703,1.939066,3.222834,4.094529,6.510846
1985-08-09,1.689636,Training,0.199366,0.823218,1.203480,1.386594,1.416604,1.521911,1.607860,1.990095,3.334543,4.256371,6.702931
1985-08-10,1.689636,Training,0.203098,0.827291,1.211437,1.385120,1.414930,1.515335,1.602050,1.981070,3.320874,4.241965,6.685186
1985-08-11,1.689636,Training,0.201033,0.821270,1.207372,1.376603,1.406594,1.503512,1.591784,1.969467,3.301944,4.212088,6.648818
1985-08-12,1.689636,Training,0.196567,0.806788,1.195553,1.372589,1.400489,1.498937,1.587919,1.966618,3.298133,4.198211,6.640139
1985-08-13,1.689636,Training,0.192246,0.806319,1.197324,1.360565,1.396914,1.488620,1.583931,1.969982,3.312099,4.216594,6.656206
1985-08-14,1.689636,Training,0.186957,0.797222,1.191182,1.351902,1.391017,1.483622,1.580931,1.973963,3.324926,4.228863,6.673985
1985-08-15,1.689636,Training,0.172381,0.785028,1.187057,1.343159,1.397817,1.494866,1.603812,2.029063,3.448238,4.393476,6.873340
1985-08-16,,,0.400614,1.712145,2.897185,2.935593,3.363339,3.976658,4.747358,6.612957,12.478714,18.197115,26.586472
1985-08-17,,,0.283765,1.489453,2.624907,2.804332,3.323421,4.003661,4.867475,7.059109,13.506719,19.590015,28.627197
1985-10-17,1.689636,Training,,,,,,,,,,,
1985-10-18,1.689636,Training,,,,,,,,,,,
1985-10-19,1.689636,Training,0.167905,0.873873,1.348131,1.319512,1.474769,1.533919,1.693523,2.245280,3.736432,4.723161,7.092551
1985-10-20,1.689636,Training,0.160440,0.873768,1.351465,1.328711,1.491223,1.553137,1.724268,2.292917,3.828442,4.850439,7.232468
1985-10-21,1.689636,Training,0.151040,0.858984,1.330973,1.314924,1.484615,1.549683,1.720934,2.305518,3.849503,4.857496,7.247724
1985-10-22,1.689636,Training,0.185875,0.895190,1.364021,1.333750,1.479630,1.529242,1.679003,2.202590,3.625564,4.572987,6.902200
1985-10-23,1.689636,Training,0.197898,0.917940,1.392158,1.355237,1.494360,1.538986,1.690494,2.197945,3.607439,4.567139,6.881829
1985-10-24,1.689636,Training,0.189163,0.918699,1.400080,1.374552,1.521914,1.571885,1.738945,2.264780,3.743706,4.760614,7.096210
1985-10-25,1.689636,Training,0.186149,0.919667,1.405552,1.391292,1.543971,1.598661,1.773034,2.308039,3.829707,4.882613,7.241602
1985-10-26,1.689636,Training,0.187393,0.922255,1.408864,1.396344,1.548524,1.603419,1.777977,2.311543,3.832565,4.887396,7.246416
1985-10-27,1.689636,Training,0.186228,0.920224,1.404551,1.388297,1.538871,1.592285,1.764585,2.297101,3.800156,4.837459,7.179763
1985-10-28,1.689636,Training,0.184183,0.916252,1.398315,1.378482,1.528527,1.581193,1.750695,2.283842,3.769183,4.788507,7.116834
1985-10-29,1.689636,Training,0.179100,0.913068,1.395706,1.380526,1.535176,1.589245,1.763248,2.304001,3.806754,4.838044,7.170826
1985-10-30,1.689636,Training,0.175971,0.912112,1.395939,1.385920,1.544087,1.599594,1.777521,2.323817,3.843799,4.888475,7.226588
1985-10-31,1.689636,Training,0.175854,0.917869,1.411602,1.421580,1.591072,1.654577,1.843431,2.401953,3.994949,5.107645,7.503357
1985-11-01,1.689636,Training,0.174347,0.917630,1.410673,1.420905,1.591760,1.653858,1.843914,2.403175,3.995343,5.105479,7.495511
1985-11-02,6.758545,Training,0.047700,0.682225,1.092848,1.511838,1.785760,2.032970,2.189321,2.965694,5.455403,7.578777,12.816362
1985-11-03,3.379272,Training,-0.014861,0.906495,1.562882,2.062349,2.660010,3.137248,3.668008,5.522248,11.126246,16.291159,28.478100
1985-11-04,15.206725,Training,0.341101,2.042707,3.835243,4.680755,5.262690,6.877635,7.192865,10.466771,19.537071,30.369381,56.681820
1985-11-05,6.758545,Training,0.022589,1.492073,3.079668,4.528262,5.851508,7.627717,9.387150,15.440256,29.448692,44.390656,82.173119
1985-11-06,6.758545,Training,-0.099483,1.051619,2.331703,3.741184,5.138803,6.783591,9.020971,15.358689,28.910196,41.828457,73.565506
1985-11-07,5.068908,Training,-0.233044,0.770313,2.085881,2.602913,4.025477,5.247700,7.140353,11.668787,21.055248,30.105591,44.053680
1985-11-08,3.379272,Training,-0.215986,0.677874,1.658455,2.050478,3.090763,3.834038,5.050919,8.066134,14.628249,19.782179,28.165499
1985-11-09,3.379272,Training,-0.176020,0.609243,1.383522,1.894634,2.777267,3.370208,4.340596,6.881576,12.394085,16.201332,22.724762
1985-11-10,3.379272,Training,-0.055423,0.657338,1.255498,2.102598,2.700608,3.258182,4.032472,6.289850,11.803458,15.295074,23.153721
1985-11-11,6.758545,Training,0.030108,1.118239,1.985866,3.049243,3.870057,4.822125,5.456495,8.503791,16.639540,23.704165,41.710796
1985-11-12,6.758545,Training,-0.158684,0.844110,2.021605,3.320159,5.350886,6.948839,9.404017,15.495527,27.668922,39.512943,59.535336
1985-11-13,5.068908,Training,-0.208500,0.685952,1.683106,2.758856,5.005774,6.258473,8.660958,13.833935,23.244297,32.179146,46.755615
1985-11-14,3.379272,Training,-0.123017,0.711923,1.525526,2.344795,3.879579,4.647990,6.153132,9.456336,16.055918,21.331852,30.307386
1985-11-15,3.379272,Training,-0.084049,0.732203,1.466633,2.387617,4.026034,4.774976,6.306679,9.589523,15.556312,20.343674,28.429159
1985-11-16,3.379272,Training,-0.021563,0.798680,1.497713,2.517809,4.244633,5.013182,6.582227,9.819719,15.315877,19.810307,27.306255
1985-11-17,3.379272,Training,0.033916,0.878518,1.577658,2.729186,4.597779,5.415180,7.113286,10.433027,15.817438,20.333267,27.614403
1985-11-18,3.379272,Training,0.138033,1.044636,1.783630,3.153844,5.257845,6.159651,8.113122,11.604523,17.072306,21.752586,29.118107
1985-11-19,3.379272,Training,0.295416,1.270710,2.054705,3.627548,5.906379,6.927421,9.038207,12.543328,17.940582,22.664412,30.059710
1985-11-20,3.379272,Training,0.639731,1.813997,2.757625,4.836538,7.564451,8.822304,11.344208,15.115488,20.789213,25.842258,33.746895
1985-11-21,3.379272,Training,0.392231,1.404244,2.201568,3.885533,6.270711,7.365315,9.543112,13.045090,18.406015,23.299044,30.654993
1985-11-22,1.689636,Training,0.138505,0.997891,1.663572,2.935464,4.861340,5.725437,7.466733,10.590345,15.590277,20.114643,26.819633
1985-11-23,1.689636,Training,0.066594,0.840070,1.431059,2.415668,3.944947,4.651114,6.000155,8.571100,12.974062,16.831276,22.642002
1985-11-24,1.689636,Training,0.006830,0.731714,1.288956,2.085975,3.329132,3.904399,4.980542,7.214357,11.288589,14.708254,20.013542
1985-11-25,1.689636,Training,-0.049817,0.625317,1.122641,2.009904,3.041951,3.671831,4.414271,6.758936,12.570227,17.309401,27.173590
1985-11-26,3.379272,Training,-0.139902,0.672580,1.377698,2.675915,4.217644,5.261174,6.786924,11.304244,21.832483,30.491695,50.829777
1985-11-27,3.379272,Training,-0.075854,0.859725,1.835830,3.652992,7.118247,8.777296,12.271265,19.543358,30.921398,42.005859,60.983654
1985-11-28,3.379272,Training,2.559655,5.526169,7.845396,13.373996,19.927160,22.499104,27.867579,35.896030,46.902866,55.585373,73.995384
1985-11-29,1.689636,Training,3.560271,7.175242,9.960371,16.798279,23.110819,26.167528,31.691923,39.108952,50.849201,60.480183,82.270226
1985-11-30,3.379272,Training,1.134174,3.141683,4.573322,9.588194,16.499283,19.058069,24.656736,34.892788,52.479439,65.753143,105.449677
1985-12-01,3.379272,Training,-0.084149,0.898313,2.034802,4.408155,8.559541,10.862419,15.949783,25.708540,37.869938,52.080448,75.657127
1985-12-02,3.379272,Training,-0.096819,0.849175,1.821214,3.571315,6.897555,8.388511,12.075949,19.108042,27.639948,37.160408,51.924778
1985-12-03,3.379272,Training,0.100289,1.138845,2.050246,4.089814,7.193112,8.450915,11.971365,17.790201,25.242395,32.523087,43.438133
1985-12-04,3.379272,Training,0.431678,1.594861,2.419441,5.509863,9.159859,10.838564,13.831893,20.244312,33.597775,42.973560,69.553528
1985-12-05,6.758545,Training,0.061556,1.321793,2.555887,4.911990,7.639858,9.668709,11.711499,19.211613,34.237823,47.262238,80.501633
1985-12-06,6.758545,Training,-0.083282,1.080830,2.447459,4.374847,8.405733,10.644014,14.984221,23.763618,36.744987,51.855534,73.800377
1985-12-07,6.758545,Training,0.340976,1.598783,2.594357,5.765199,9.837154,12.020493,15.666389,23.538681,36.910389,48.455246,76.973267
1985-12-08,6.758545,Training,0.680697,2.252162,3.721254,7.201252,12.123068,14.656396,19.039698,27.360550,39.533413,50.819878,72.643234
1985-12-09,6.758545,Training,1.593541,3.895198,5.874599,10.315205,16.510511,19.018103,24.146288,32.566307,43.416302,52.314228,69.725822
1985-12-10,6.758545,Training,1.220878,3.244041,4.806053,9.053959,14.524934,17.276768,21.625614,29.769564,42.251740,52.859646,77.000175
1985-12-11,6.758545,Training,0.730272,2.520755,4.160192,7.819244,13.121389,15.623425,20.471046,29.103094,40.614773,50.841652,69.345085
1985-12-12,6.758545,Training,2.245447,5.086676,7.245741,12.414709,18.350504,20.921318,25.411968,33.240711,43.167511,50.382370,66.400681
1985-12-13,5.068908,Training,3.925263,8.233371,11.061800,17.835213,23.943169,26.686438,31.035152,38.567486,47.992367,54.174320,69.555275
1985-12-14,5.068908,Training,3.404201,6.995681,9.444488,15.459979,20.904032,23.361052,27.279547,34.061062,42.599682,48.426422,62.315632
1985-12-15,5.068908,Training,2.500043,5.205582,7.157507,12.143311,16.794426,18.881088,22.515570,28.405430,36.193253,41.844784,54.283474
1985-12-16,5.068908,Training,2.078019,4.428684,6.134318,10.658066,14.681431,16.504911,20.011011,25.168076,32.499683,37.863544,48.972942
1985-12-17,5.068908,Training,2.320124,4.751621,6.526984,11.109345,14.889256,16.703939,20.087530,24.713993,31.626570,36.672375,47.015400
1985-12-18,5.068908,Training,2.213890,4.448056,6.142482,10.347576,13.970238,15.775805,18.954107,23.232187,29.708698,34.784962,44.392998
1985-12-19,5.068908,Training,1.612660,3.353106,4.729910,8.085146,11.461780,13.125628,16.011332,20.029173,26.089439,31.403709,40.161461
1985-12-20,3.379272,Training,1.396818,3.038014,4.316588,7.503431,10.758311,12.302085,15.170551,19.185568,25.259611,30.629889,39.361214
1985-12-21,3.379272,Training,1.719801,3.547539,5.009917,8.787772,11.994736,13.688134,16.880911,20.790121,27.380610,32.961571,42.263813
1985-12-22,6.758545,Training,2.358417,4.960165,7.644865,13.903905,21.579588,25.504547,29.124331,37.922634,52.717567,65.900635,100.320213
1985-12-23,6.758545,Training,3.169415,7.542308,10.670022,18.845510,29.642284,33.702858,41.522270,55.023708,72.483223,88.264984,126.507530
1985-12-24,16.896361,Training,1.237386,3.788390,5.983945,12.259768,22.238401,25.947500,33.162674,47.547871,67.241486,84.107391,132.625259
1985-12-25,47.309812,Training,5.088133,12.318231,17.362320,29.606869,42.313866,47.889103,58.793510,73.099060,94.639397,110.722626,157.392944
1985-12-26,45.620176,Training,8.772120,21.521023,28.982958,42.619911,57.598511,63.038445,74.046280,87.839973,109.562813,125.682205,168.027206
1985-12-27,64.206174,Training,9.809804,25.325962,35.574493,51.619247,69.634262,76.233696,87.993431,103.199631,127.396896,143.790237,190.763763
1985-12-28,113.205622,Training,17.646864,45.297394,59.125347,73.559204,87.303490,92.239563,102.253845,115.808403,135.578995,151.728912,181.318481
1985-12-29,77.723263,Training,17.406324,42.386349,53.452831,64.705475,75.681740,78.388145,85.705811,96.647881,109.674759,120.635170,141.184265
1985-12-30,64.206174,Training,17.948406,41.082020,49.905178,59.753544,67.959419,69.680305,74.771355,84.334465,92.139168,100.123337,114.249466
1985-12-31,54.068357,Training,16.699396,39.679028,48.751873,60.156586,67.868782,71.792656,78.081039,87.796043,99.768661,111.148079,138.447510
1986-01-01,69.275082,Training,14.386399,37.343754,48.188656,64.350670,76.669998,82.332077,94.089844,106.200760,128.874542,140.560394,185.427094
1986-01-02,99.688533,Training,19.219269,51.643078,66.050392,82.411919,97.007568,102.301155,115.309593,128.860016,152.672745,169.106476,209.900146
1986-01-03,106.447077,Training,21.622536,56.812950,71.426941,85.874954,97.754684,102.446342,113.346939,125.521141,144.898849,161.643265,195.556305
1986-01-04,77.723263,Training,21.799095,53.988850,66.645348,76.987808,86.742729,89.055031,95.934708,106.864388,117.138840,128.931061,147.389221
1986-01-05,65.895810,Training,20.043684,50.732178,62.021358,74.322975,81.928764,86.670029,93.910500,103.629311,117.917641,131.665466,162.576996
1986-01-06,64.206174,Training,20.902555,52.471401,63.768887,73.157745,81.361504,83.902771,89.032722,99.083572,108.702148,119.444046,138.524078
1986-01-07,65.895810,Training,19.199038,51.411106,67.368149,84.907211,96.974380,104.551208,115.029488,128.508347,147.311523,161.793793,203.945129
1986-01-08,84.481807,Training,24.041002,66.252335,82.458748,97.570587,107.406502,112.666847,123.892296,135.297562,157.713867,174.715317,213.266647
1986-01-09,91.240352,Training,20.310129,54.824200,68.061279,78.508926,88.555367,91.410667,97.405533,106.794136,124.083405,136.261978,155.200455
1986-01-10,72.654354,Training,19.990011,49.332623,59.263046,68.076981,75.685089,77.740547,82.245537,90.704834,100.037674,109.583427,127.531342
1986-01-11,69.275082,Training,17.110935,41.693081,49.306927,57.460976,63.582397,65.280289,67.971886,74.624855,83.747406,90.659981,104.931091
1986-01-12,59.137265,Training,15.643805,35.840645,42.025703,49.765545,55.393665,56.524235,58.718494,64.719429,72.154213,77.395592,90.572273
1986-01-13,48.999448,Training,14.809227,31.692066,37.253506,45.046764,50.080791,51.502026,53.564140,59.291435,65.101540,69.710785,82.358459
1986-01-14,45.620176,Training,13.677669,28.357857,33.551472,41.285206,45.992271,47.544128,49.464161,54.912254,60.389675,64.677193,76.717796
1986-01-15,38.861631,Training,11.612041,23.562794,28.312260,36.291534,40.302956,42.185307,44.195091,48.954048,55.258324,59.524544,71.415138
1986-01-16,33.792723,Training,10.198520,20.405237,24.561039,31.878378,35.292721,36.615108,38.715809,42.644981,48.560345,51.709915,61.709400
1986-01-17,30.413451,Training,9.877129,19.017824,23.270199,30.321402,33.714130,35.282177,37.431469,41.293194,46.614407,50.118977,60.343002
1986-01-18,27.034178,Training,9.314342,17.796585,21.935343,28.607876,31.896448,33.365887,35.603226,39.230152,44.402134,47.919941,57.679958
1986-01-19,25.344542,Training,8.598640,16.206930,20.189716,26.592283,29.933418,31.502071,33.846058,37.440655,42.643364,46.377380,55.919468
1986-01-20,23.654906,Training,7.061741,13.079971,16.502420,22.713675,25.750357,27.490379,30.094414,33.405399,39.093018,43.040421,51.954639
1986-01-21,21.965270,Training,6.093785,10.864687,14.114457,20.038210,23.459373,25.747498,28.390125,31.993008,37.836510,42.670277,52.183453
1986-01-22,20.275634,Training,4.841306,8.575602,11.298823,16.649937,20.222397,22.454964,25.100025,28.877262,34.860611,39.673031,48.733753
1986-01-23,18.585998,Training,4.173089,7.336603,9.704230,15.446611,18.311813,20.588903,23.978485,27.418243,34.445663,39.850300,50.637424
1986-01-24,18.585998,Training,2.755228,4.943707,6.727000,11.081963,14.059547,15.879946,18.863737,22.294504,28.541668,33.555317,42.235695
1986-01-25,18.585998,Training,3.136511,5.514548,7.544299,11.759440,15.129139,17.197117,19.914673,23.433828,29.207609,34.156025,42.455837
1986-01-26,18.585998,Training,1.134276,2.305487,3.322714,5.655411,8.329336,9.780648,11.919976,15.080707,20.268047,25.292238,32.003757
1986-01-27,18.585998,Training,0.335494,1.136873,1.754807,2.930923,4.562612,5.383911,6.608603,9.092681,13.452977,17.444710,22.762690
1986-01-28,16.896361,Training,0.394160,1.207063,1.848950,3.204840,4.915476,5.864341,7.197673,9.875198,14.861325,19.469931,25.900774
1986-01-29,18.585998,Training,0.402487,1.495838,2.337040,4.749152,8.111127,9.949771,12.152764,17.904213,29.531485,39.763962,59.733410
1986-01-30,37.171995,Training,1.457319,3.533868,5.298303,9.652468,16.567383,19.155888,25.042538,34.418575,48.049335,60.802647,83.590630
1986-01-31,40.551268,Training,1.408159,3.315639,5.045430,9.084545,15.183176,17.626526,22.951532,31.321848,42.950722,53.284790,70.412956
1986-02-01,45.620176,Training,6.313980,12.513327,16.311234,24.234301,32.513496,35.863438,41.061562,50.048523,61.024078,69.893166,86.139679
1986-02-02,47.309812,Training,6.036968,11.812204,15.274725,22.821287,30.416361,33.574898,38.224903,46.536358,56.581470,64.722404,79.718628
1986-02-03,47.309812,Training,5.652466,10.883000,14.050837,21.229366,28.220070,31.336933,35.381645,43.200405,52.745518,60.630753,75.108376
1986-02-04,45.620176,Training,5.874835,11.174407,14.407492,21.673286,28.569197,31.841824,35.758621,43.459499,52.999409,61.480827,76.730431
1986-02-05,42.240904,Training,5.627289,10.557436,13.535100,20.435604,26.965015,30.063417,33.584827,40.996716,49.788826,57.262783,69.866699
1986-02-06,40.551268,Training,5.382502,9.963439,12.742964,19.237240,25.305157,28.245745,31.426342,38.257153,46.535316,53.422440,64.964546
1986-02-07,38.861631,Training,4.189213,8.696702,11.798232,19.102684,28.122540,32.179020,37.559200,47.133656,61.308342,74.309761,100.141708
1986-02-08,33.792723,Training,4.694900,9.693383,13.017398,20.906044,30.042755,33.972992,39.549473,50.669846,63.749092,74.911903,95.534134
1986-02-09,32.103087,Training,5.679868,11.167572,14.514165,22.240923,30.315195,33.804840,38.632149,47.722725,58.896244,67.757782,82.698410
1986-02-10,30.413451,Training,9.004159,17.675682,21.913023,30.264753,37.827847,41.269970,45.066502,53.091938,62.448025,70.527939,84.470070
1986-02-11,28.723815,Training,6.235223,11.801429,14.677013,22.440174,28.611446,32.087940,35.444168,42.658516,53.318447,61.610100,77.590721
1986-02-12,27.034178,Training,6.462137,12.786823,16.081417,24.458839,32.074173,36.013714,40.461731,48.617886,62.017929,72.740570,96.320702
1986-02-13,32.103087,Training,2.852383,6.665887,9.336699,17.296862,27.771391,31.985346,38.231453,50.637924,68.806007,83.205162,121.474442
1986-02-14,59.137265,Training,4.439499,11.009483,15.744713,27.271624,42.421078,48.650291,57.993069,73.772926,96.332108,113.753975,159.836197
1986-02-15,84.481807,Training,7.788249,19.629353,27.238394,42.796135,60.324715,67.724541,79.245766,94.915070,121.321678,138.059357,184.509323
1986-02-16,121.653803,Training,11.692130,30.320993,41.497894,60.130249,79.003777,87.089645,99.778008,115.621567,144.648056,160.482635,208.266693
1986-02-17,180.791068,Training,14.612686,38.867603,52.665188,72.380753,91.656097,99.431694,112.689758,128.781952,157.602585,173.550888,219.216202
1986-02-18,153.756889,Training,19.158522,48.077492,59.796616,74.437813,86.530144,91.589828,100.348450,112.259125,132.743576,147.407486,172.569000
1986-02-19,106.447077,Training,18.601351,48.776581,61.198608,77.375671,90.488541,96.265091,107.841263,119.677322,143.875092,158.889160,194.818756
1986-02-20,99.688533,Training,21.458082,59.417530,79.745728,101.503601,116.985893,125.823418,137.695450,153.699417,182.501907,195.932068,242.302841
1986-02-21,113.205622,Training,28.051113,75.648773,90.122330,103.016174,112.625778,116.701050,125.508553,136.101181,158.273712,174.322510,199.654007
1986-02-22,106.447077,Training,23.608671,59.258923,68.945892,80.236229,86.864540,91.930855,97.443222,105.807190,123.360329,136.266632,158.839905
1986-02-23,99.688533,Training,22.489370,61.177673,75.765228,91.200287,102.173813,107.800598,118.733467,130.379623,154.086456,168.084747,207.142578
1986-02-24,128.412347,Training,27.740294,80.124977,100.095894,116.444687,129.132507,134.647186,147.096725,161.556564,187.814697,204.072769,245.832245
1986-02-25,106.447077,Training,30.463219,78.198059,87.373978,94.120659,100.652885,103.928276,105.805389,114.799774,127.639191,140.350723,152.943665
1986-02-26,84.481807,Training,23.128149,57.731922,65.993103,76.724884,82.786560,87.590561,92.343552,100.501595,115.071747,127.799416,152.957825
1986-02-27,65.895810,Training,22.809122,53.582077,60.293144,67.114044,71.745224,75.524422,76.758507,83.509453,92.565170,102.046478,116.412094
1986-02-28,64.206174,Training,20.918396,47.006947,52.433350,59.792152,63.488068,67.209869,68.194908,74.410934,82.234276,90.435081,106.106163
1986-03-01,59.137265,Training,19.286350,43.869820,49.112560,58.602856,62.523800,66.909416,69.204445,75.769920,85.084671,94.038910,115.519676
1986-03-02,52.378721,Training,21.010841,45.698055,50.516060,56.731823,61.012096,63.814560,63.338631,69.576096,75.029778,82.072914,95.219368
1986-03-03,47.309812,Training,17.212975,37.975880,43.215984,53.029079,57.033260,61.793259,64.167892,70.774193,80.180405,88.952316,111.250427
1986-03-04,40.551268,Training,17.755165,37.321510,42.646099,48.493347,52.920536,56.057373,56.516201,62.119434,68.599434,75.089310,88.926170
1986-03-05,37.171995,Training,17.158724,33.705486,37.533421,43.253036,46.668377,49.270279,48.952396,53.605125,58.844196,63.504711,75.621422
1986-03-06,33.792723,Training,16.109377,30.365112,34.006008,39.619263,42.695774,44.914589,44.725380,48.783844,53.562786,57.552128,69.049652
1986-03-07,30.413451,Training,15.328784,27.986572,31.315826,37.622288,40.068077,42.448376,42.057507,45.896587,50.461281,54.304794,65.497490
1986-03-08,28.723815,Training,13.504590,25.191055,29.922897,36.419231,39.844292,42.018986,43.005070,47.193897,52.062443,56.980526,69.014412
1986-03-09,25.344542,Training,12.888557,23.817129,28.530365,34.994003,38.425144,40.648609,41.760555,45.957088,50.887581,55.937973,68.049789
1986-03-10,23.654906,Training,11.861634,21.652355,26.295322,32.778633,36.386524,38.752747,40.151794,44.536167,49.735950,54.996906,67.123138
1986-03-11,21.965270,Training,10.436863,18.233953,22.139833,28.334221,31.733109,34.129581,35.438656,39.668896,45.498497,50.451481,62.361515
1986-03-12,21.965270,Training,8.531825,16.403429,20.766645,29.142067,34.007023,37.914543,41.932446,47.737820,58.473766,67.051453,88.310577
1986-03-13,20.275634,Training,10.057168,19.958952,25.357817,33.274906,40.259033,43.711319,47.522167,55.451305,64.327873,73.838173,92.042213
1986-03-14,18.585998,Training,7.952024,13.787906,17.087698,24.154186,29.325401,32.831837,35.225815,42.457890,52.874729,60.281681,78.007065
1986-03-15,16.896361,Training,6.084188,9.809953,12.354811,18.333439,22.113148,24.848709,27.606283,33.228207,42.321175,48.549248,64.046036
1986-03-16,16.896361,Training,5.488969,8.580736,10.943368,16.483259,19.592710,21.892187,24.679243,29.309452,37.464111,43.035648,56.992676
1986-03-17,16.896361,Training,4.394172,6.635977,8.615352,13.412441,16.245699,18.252262,20.795813,25.118460,32.675831,38.033852,50.642941
1986-03-18,15.206725,Training,4.026088,6.194498,8.194909,13.392456,16.195499,18.364407,21.658154,26.004013,34.868893,41.199509,58.227299
1986-03-19,15.206725,Training,3.964724,6.099159,8.017780,12.697775,15.381251,17.298801,19.896955,24.089432,31.422211,36.474052,48.202648
1986-03-20,15.206725,Training,3.014734,4.545609,6.092549,10.065744,12.551237,14.270366,16.648571,20.612999,27.565821,32.626713,43.274155
1986-03-21,15.206725,Training,3.357131,5.251324,7.013332,11.523307,13.984659,15.817400,18.516954,22.339540,29.360844,34.198120,44.398449
1986-03-22,8.448181,Training,2.233589,3.419396,4.690856,8.098536,10.355542,11.923013,14.135277,17.832308,24.385256,29.415075,38.567448
1986-03-23,11.827453,Training,2.209280,3.418479,4.697072,8.141943,10.303902,11.867497,14.101458,17.620390,23.965710,28.752522,37.330009
1986-03-24,11.827453,Training,2.158690,3.218439,4.449292,7.916331,9.957336,11.537846,13.781082,17.368547,24.154125,29.387577,39.787209
1986-03-25,10.137817,Training,3.208956,5.231277,7.284901,11.690451,14.902050,17.002979,19.656334,23.550726,30.482206,37.174305,49.452293
1986-03-26,10.137817,Training,1.881617,2.936312,4.074389,7.117678,9.528910,11.061458,13.058182,17.268536,24.377291,30.331045,41.552418
1986-03-27,10.137817,Training,1.844753,2.858903,3.971661,7.193605,9.291824,10.864052,12.926671,16.764549,23.589315,28.715611,38.286201
1986-03-28,10.137817,Training,1.605517,2.492310,3.450331,6.380347,8.494846,9.870610,11.836219,16.152660,23.679569,29.103643,40.838726
1986-03-29,11.827453,Training,1.862696,2.880899,3.940091,7.181082,9.421496,10.898208,13.039903,17.483204,25.227707,30.590942,42.694248
1986-03-30,11.827453,Training,2.118016,3.244590,4.370316,7.812455,10.046624,11.483383,13.701642,18.033831,25.547167,30.511831,42.666950
1986-03-31,10.137817,Training,0.720588,1.364670,1.988795,3.779492,5.317463,6.402641,7.621616,10.878303,16.858994,21.388594,28.655230
1986-04-01,10.137817,Test,0.975687,1.719924,2.472016,4.704568,6.376874,7.654718,9.146612,12.446893,18.583851,23.178699,30.425663
1986-04-02,10.137817,Test,0.935603,1.619835,2.319681,4.693172,6.323386,7.626967,9.191751,12.737275,19.895718,24.999535,35.037457
1986-04-03,10.137817,Test,0.906672,1.632748,2.319163,4.549639,6.256290,7.526474,9.008729,12.746934,19.632515,24.600300,33.526752
1986-04-04,10.137817,Test,0.942864,1.693104,2.384689,4.649346,6.367537,7.616513,9.136216,12.785591,19.488064,24.270191,32.873859
1986-04-05,10.137817,Test,1.152968,1.953206,2.737608,5.477293,7.266951,8.699820,10.516501,14.351676,21.746725,26.968626,37.081604
1986-04-06,10.137817,Test,0.519773,1.139164,1.661364,3.391220,4.756587,5.808374,6.925211,10.230793,16.671463,21.201920,29.371948
1986-04-07,10.137817,Test,0.844362,1.665006,2.416129,4.577736,6.513543,7.934589,9.563295,13.024666,19.679195,25.538200,34.055569
1986-04-08,10.137817,Test,0.993536,1.907881,2.764858,5.156045,7.322366,8.907801,10.712773,14.241529,20.972965,27.177536,35.873444
1986-04-09,10.137817,Test,0.663230,1.423689,2.028668,4.076291,5.930522,7.262435,8.727309,12.784491,20.379230,26.292820,36.682487
1986-04-10,8.448181,Test,0.418234,1.071836,1.538569,3.226821,4.730971,5.804667,6.925134,10.757071,18.117723,23.003679,33.160576
1986-04-11,6.758545,Test,0.426595,1.061601,1.528555,3.334850,4.802154,5.898794,7.091389,10.930847,18.655813,23.638672,34.606861
1986-04-12,8.448181,Test,0.273522,0.879924,1.308919,2.737189,4.023506,4.941646,5.910622,9.264056,16.084877,20.549135,30.049545
1986-04-13,8.448181,Test,0.259162,0.869996,1.291089,2.703149,3.962944,4.871126,5.823022,9.140503,15.959165,20.346254,29.843914
1986-04-14,8.448181,Test,0.284294,0.906598,1.326759,2.792450,4.072615,4.993634,5.986894,9.336789,16.194744,20.531857,30.020803
1986-04-15,8.448181,Test,0.385906,1.051787,1.502242,3.474685,5.117678,6.314067,7.729338,11.858947,20.788660,26.606892,40.351299
1986-04-16,11.827453,Test,0.316510,0.990214,1.423026,3.440076,5.189680,6.486887,7.948711,12.681234,22.926189,29.396757,45.747581
1986-04-17,10.137817,Test,0.532210,1.412881,2.007431,4.630969,7.298933,9.163210,11.342578,17.577019,30.155865,39.544178,60.221771
1986-04-18,10.137817,Test,0.505544,1.376243,1.890843,4.378700,6.745389,8.486463,10.359089,16.843922,29.204823,36.689793,56.813526
1986-04-19,10.137817,Test,1.171771,2.394773,3.067722,6.968695,10.028438,12.429102,15.149465,23.010958,37.669285,45.438702,69.836555
1986-04-20,10.137817,Test,1.183247,2.399317,3.079698,6.804778,9.673008,11.872540,14.476414,21.426394,34.124310,41.126060,61.088470
1986-04-21,15.206725,Test,1.102555,2.336131,2.932105,7.272938,10.705279,13.259411,16.507378,24.719656,42.432381,52.059254,83.698868
1986-04-22,18.585998,Test,1.186626,2.588988,3.205876,7.598177,11.119877,14.051659,16.972692,26.503120,44.400150,54.411919,86.548271
1986-04-23,20.275634,Test,1.225157,2.716616,3.325691,8.222379,12.189380,15.414462,18.781126,29.253504,49.966515,61.157387,99.158455
1986-04-24,23.654906,Test,3.485343,6.983003,8.180791,16.731037,21.554728,26.998514,31.049921,42.864971,66.039322,75.473396,115.633598
1986-04-25,27.034178,Test,3.294267,6.622217,7.694120,15.831128,20.292944,25.532635,29.224245,40.522049,62.485657,71.389763,107.890739
1986-04-26,30.413451,Test,5.210766,10.671824,12.182210,22.157066,26.296902,32.681583,35.697227,45.742405,66.372635,73.607529,104.702850
1986-04-27,30.413451,Test,5.521390,11.144767,12.655032,22.576904,26.164083,32.204338,34.959862,43.848587,62.744740,69.230621,97.164711
1986-04-28,30.413451,Test,5.300764,10.629320,12.162988,20.979694,24.461512,29.583822,31.818787,39.444565,55.053440,60.507996,81.374306
1986-04-29,30.413451,Test,5.301334,10.382832,12.046592,20.307627,23.605373,27.912537,30.141434,36.577477,49.753284,54.640125,71.550537
1986-04-30,30.413451,Test,5.290727,10.135433,11.932718,19.588276,22.711445,26.149305,28.432205,33.757236,44.569702,48.876041,62.388264
1986-05-01,28.723815,Test,5.225351,9.891556,11.745764,19.000050,21.967798,24.934772,27.200844,31.899242,41.741173,45.542233,58.152340
1986-05-02,27.034178,Test,4.754307,8.936092,10.603564,17.587898,20.298096,23.287197,25.437452,30.001659,40.604771,43.728813,58.843884
1986-05-03,23.654906,Test,4.364155,8.157340,9.788203,16.203899,18.868540,21.498264,23.669512,27.927795,37.968597,40.815720,55.471756
1986-05-04,23.654906,Test,3.130090,5.743691,6.891608,12.901815,15.630905,18.056055,21.104181,25.801376,38.138458,42.653191,63.183395
1986-05-05,23.654906,Test,2.109907,3.966010,4.962422,9.660851,12.375934,14.562253,17.181417,22.324663,33.397964,38.416195,54.661228
1986-05-06,21.965270,Test,1.966436,3.742827,4.695615,9.242571,12.003294,14.155344,16.784483,22.023750,33.375126,38.409657,55.480885
1986-05-07,20.275634,Test,2.718399,5.224782,6.469005,11.791664,15.025405,17.505878,20.306301,25.702099,37.292683,42.197258,58.626175
1986-05-08,18.585998,Test,2.771933,5.270551,6.616942,11.638034,14.741131,16.748373,19.585188,24.196774,33.850937,38.397854,51.417564
1986-05-09,18.585998,Test,2.849305,5.380554,6.794502,11.540696,14.527887,16.180382,18.994770,22.986496,31.210619,35.354042,46.199291
1986-05-10,16.896361,Test,1.263649,2.567004,3.355962,6.403717,8.765350,9.897211,12.314575,16.027706,23.043602,27.413572,37.171638
1986-05-11,16.896361,Test,1.224395,2.517676,3.292950,6.186494,8.435343,9.474388,11.808450,15.288673,21.892300,25.978224,35.107048
1986-05-12,15.206725,Test,0.272330,0.987992,1.454910,2.778481,4.030631,4.582911,5.762836,8.273398,13.056302,16.330944,23.093306
1986-05-13,13.517089,Test,0.208734,0.887853,1.328143,2.430766,3.393871,3.874301,4.754789,6.878252,11.220190,14.018129,20.203941
1986-05-14,13.517089,Test,0.186774,0.853375,1.277724,2.247786,3.035212,3.468189,4.172790,6.038690,10.019345,12.491990,18.297569
1986-05-15,13.517089,Test,0.164717,0.815002,1.240903,2.228438,3.011920,3.463769,4.188859,6.063941,10.033832,12.601612,18.120094
1986-05-16,11.827453,Test,0.139934,0.787658,1.204587,2.068727,2.776727,3.171085,3.810205,5.506323,9.107689,11.436044,16.417080
1986-05-17,11.827453,Test,0.127417,0.774357,1.184654,1.975334,2.628620,2.989958,3.573843,5.154487,8.541739,10.720075,15.429490
1986-05-18,10.137817,Test,0.121355,0.765407,1.169335,1.889303,2.469190,2.803286,3.321887,4.765347,7.923590,9.946501,14.329412
1986-05-19,10.137817,Test,0.133500,0.787685,1.196325,1.951851,2.543037,2.893296,3.428709,4.915998,8.188337,10.248141,14.805574
1986-05-20,10.137817,Test,0.170318,0.839969,1.259481,2.145364,2.801980,3.209748,3.819856,5.474141,9.104925,11.333353,16.473265
1986-05-21,10.137817,Test,0.161736,0.842981,1.263516,2.111928,2.780082,3.170140,3.787652,5.415551,8.938567,11.111103,15.959019
1986-05-22,8.448181,Test,0.156349,0.841870,1.263060,2.098148,2.784874,3.167688,3.808062,5.426138,8.874956,11.025504,15.672524
1986-05-23,8.448181,Test,0.127024,0.769968,1.112725,1.556032,1.801411,2.014799,2.258528,3.079145,5.190614,6.605303,9.701343
1986-05-24,8.448181,Test,0.133632,0.766842,1.107587,1.553966,1.766727,1.985862,2.208604,2.987753,5.028197,6.428614,9.438770
1986-05-25,8.448181,Test,0.158125,0.800280,1.118047,1.497679,1.678585,1.852833,2.035562,2.701815,4.462718,5.698261,8.426148
1986-05-26,6.758545,Test,0.170628,0.820384,1.128742,1.488126,1.635644,1.799029,1.955085,2.561611,4.209394,5.388123,8.016870
1986-05-27,6.758545,Test,0.183653,0.833845,1.135543,1.478093,1.607284,1.762514,1.900340,2.469868,4.028246,5.155939,7.698274
1986-05-28,6.758545,Test,0.185931,0.838502,1.139982,1.484509,1.602944,1.761411,1.892604,2.453735,4.004709,5.128725,7.671564
1986-05-29,6.758545,Test,0.185798,0.839465,1.140750,1.484281,1.602659,1.758686,1.891544,2.450461,3.996527,5.118806,7.663734
1986-05-30,6.758545,Test,0.182914,0.837308,1.138970,1.483614,1.608260,1.760193,1.900846,2.463911,4.017997,5.145453,7.701330
1986-05-31,6.758545,Test,0.177746,0.832045,1.134489,1.482802,1.618301,1.767113,1.918523,2.493028,4.066441,5.202184,7.777785
1986-06-01,6.758545,Test,0.189101,0.837830,1.133928,1.476590,1.606682,1.749349,1.890402,2.447162,3.962606,5.062658,7.593086
1986-06-02,6.758545,Test,0.205111,0.851817,1.139483,1.472586,1.580907,1.717919,1.837365,2.355370,3.782374,4.839181,7.297368
1986-06-03,6.758545,Test,0.213527,0.860602,1.144981,1.471826,1.569855,1.703421,1.812323,2.311916,3.695919,4.729604,7.159781
1986-06-04,6.758545,Test,0.219960,0.866437,1.148307,1.473524,1.564594,1.696772,1.798001,2.286392,3.643058,4.661516,7.075363
1986-06-05,6.758545,Test,0.218346,0.867866,1.150868,1.473618,1.562477,1.693391,1.794673,2.279215,3.630961,4.644783,7.052584
1986-06-06,6.758545,Test,0.210157,0.865850,1.152170,1.475522,1.567739,1.697712,1.806827,2.296329,3.669288,4.694672,7.117715
1986-06-07,5.068908,Test,0.207022,0.867348,1.155442,1.481060,1.571531,1.702999,1.812956,2.303372,3.687290,4.719313,7.151203
1986-06-08,5.068908,Test,0.217115,0.879329,1.164059,1.487593,1.560518,1.691897,1.787409,2.253830,3.594611,4.609873,7.012631
1986-06-09,5.068908,Test,0.223479,0.886037,1.169211,1.489060,1.552855,1.683353,1.770027,2.222690,3.534334,4.533797,6.916136
1986-06-10,5.068908,Test,0.223201,0.886082,1.169924,1.500340,1.556020,1.694650,1.777996,2.230257,3.559848,4.573714,6.984674
1986-06-11,5.068908,Test,0.223200,0.887393,1.172035,1.493085,1.552812,1.685413,1.768957,2.218921,3.531421,4.531166,6.922751
1986-06-12,5.068908,Test,0.237592,0.891777,1.168687,1.480127,1.538045,1.659250,1.731856,2.162044,3.399779,4.349158,6.693364
1986-06-13,3.379272,Test,0.255729,0.899658,1.169638,1.493588,1.542984,1.666939,1.722061,2.142657,3.349947,4.288343,6.647015
1986-06-14,3.379272,Test,0.248706,0.896212,1.169475,1.490328,1.542446,1.664803,1.726431,2.148847,3.366663,4.308712,6.676110
1986-06-15,3.379272,Test,0.231489,0.889563,1.169600,1.481758,1.541898,1.660272,1.739717,2.169357,3.418100,4.374634,6.746845
1986-06-16,3.379272,Test,0.226205,0.890891,1.175778,1.491280,1.547211,1.672234,1.753773,2.186990,3.462961,4.441699,6.828262
1986-06-17,3.379272,Test,0.229142,0.895275,1.178793,1.491519,1.543356,1.666901,1.744364,2.170509,3.431559,4.399359,6.772418
1986-06-18,3.379272,Test,0.230635,0.898116,1.182365,1.497625,1.543780,1.671096,1.744811,2.168298,3.433197,4.404680,6.783619
1986-06-19,3.379272,Test,0.230297,0.896563,1.182788,1.506556,1.546008,1.682679,1.752894,2.178367,3.462524,4.448338,6.850453
1986-06-20,3.379272,Test,0.217222,0.844559,1.149451,1.573926,1.579317,1.791231,1.859926,2.330127,3.794741,4.949709,7.636528
1986-06-21,3.379272,Test,0.206699,0.835025,1.149075,1.579840,1.595451,1.813662,1.887718,2.381034,3.901133,5.101210,7.882899
1986-06-22,3.379272,Test,0.114016,0.710287,0.975956,1.509241,1.588778,1.846985,1.923126,2.483087,4.297941,5.817655,9.616980
1986-06-23,3.379272,Test,0.146092,0.842931,1.232817,1.612521,1.754068,1.995894,2.102330,2.751271,4.670255,6.182384,9.536265
1986-06-24,3.379272,Test,0.155757,0.862908,1.229800,1.566663,1.719198,1.906925,2.028943,2.628422,4.417280,5.763154,8.905023
1986-06-25,3.379272,Test,0.108609,0.819941,1.235125,1.631715,1.888860,2.113947,2.336010,3.167139,5.485995,7.045231,10.783181
1986-06-26,3.379272,Test,0.059222,0.647603,1.002121,1.638224,1.847614,2.144735,2.379384,3.308935,6.038291,7.940913,12.942154
1986-06-27,3.379272,Test,0.095851,0.802037,1.222200,1.634049,1.917070,2.150057,2.378006,3.275566,5.695766,7.295373,11.162295
1986-06-28,1.689636,Test,0.105741,0.802902,1.212054,1.632866,1.902045,2.128674,2.356108,3.230481,5.601124,7.137872,10.887632
1986-06-29,1.689636,Test,0.085719,0.779392,1.200335,1.683800,2.014673,2.266927,2.557048,3.569959,6.230290,7.883048,11.924836
1986-06-30,1.689636,Test,0.107071,0.800041,1.207086,1.653350,1.939861,2.167516,2.426553,3.343348,5.764234,7.249925,10.952534
1986-07-01,1.689636,Test,0.117179,0.802438,1.200680,1.643768,1.920371,2.134421,2.392000,3.273443,5.585136,6.961242,10.537416
1986-07-02,1.689636,Test,0.112180,0.796255,1.194988,1.650813,1.938323,2.155541,2.432865,3.342394,5.708551,7.100801,10.714306
1986-07-03,1.689636,Test,0.110329,0.789797,1.190283,1.669819,1.971909,2.193532,2.492687,3.433554,5.860306,7.261042,10.951053
1986-07-04,1.689636,Test,0.124324,0.798359,1.198843,1.708730,2.011992,2.239015,2.538977,3.487617,5.933658,7.314665,11.072425
1986-07-05,1.689636,Test,0.116324,0.792137,1.192442,1.698320,2.005946,2.233673,2.545087,3.504133,5.968679,7.353736,11.096062
1986-07-06,1.689636,Test,0.101484,0.782818,1.184971,1.691449,2.017737,2.250674,2.587054,3.587371,6.133152,7.567619,11.345059
1986-07-07,1.689636,Test,0.104860,0.785973,1.187323,1.704231,2.032296,2.270355,2.610911,3.614379,6.166880,7.580357,11.352098
1986-07-08,1.689636,Test,0.113594,0.796775,1.200797,1.755164,2.100742,2.355305,2.713381,3.751432,6.382259,7.803168,11.661127
1986-07-09,1.689636,Test,0.105250,0.790182,1.190362,1.699125,2.018092,2.263994,2.599647,3.590308,6.124199,7.508503,11.225174
1986-07-10,1.689636,Test,0.104418,0.790807,1.186954,1.647502,1.931188,2.166024,2.465453,3.393386,5.804876,7.149020,10.717310
1986-07-11,1.689636,Test,0.175312,0.843368,1.174920,1.484703,1.572145,1.710702,1.834916,2.337420,3.868876,4.903897,7.571479
1986-07-12,1.689636,Test,0.181329,0.849771,1.179872,1.481625,1.561138,1.697396,1.813680,2.301149,3.800183,4.814872,7.456993
1986-07-13,1.689636,Test,0.188314,0.848235,1.177610,1.483560,1.553683,1.692846,1.794910,2.271348,3.741601,4.712170,7.353110
1986-07-14,1.689636,Test,0.183447,0.840295,1.175903,1.495394,1.571261,1.724275,1.826014,2.328642,3.863036,4.845531,7.561841
1986-07-15,1.689636,Test,0.241391,0.882467,1.178989,1.481455,1.487685,1.599271,1.641502,1.981689,3.147106,3.999212,6.420424
1986-07-16,1.689636,Test,0.239046,0.881565,1.179524,1.475653,1.482568,1.592352,1.637441,1.975982,3.141706,3.992589,6.403611
1986-07-17,1.689636,Test,0.245636,0.885225,1.182747,1.478977,1.478459,1.589127,1.625109,1.954035,3.100973,3.939319,6.343848
1986-07-18,1.689636,Test,0.257110,0.891475,1.188065,1.487456,1.475040,1.588276,1.608690,1.924068,3.042984,3.863579,6.265113
1986-07-19,1.689636,Test,0.254346,0.890618,1.189914,1.479102,1.467312,1.579446,1.603392,1.917395,3.037527,3.856139,6.240747
1986-07-20,1.689636,Test,0.256026,0.890157,1.190607,1.479294,1.464656,1.577357,1.598012,1.908724,3.025153,3.839045,6.225653
1986-07-21,1.689636,Test,0.249440,0.886274,1.189754,1.468436,1.458624,1.569491,1.598205,1.912741,3.040622,3.858662,6.234254
1986-07-22,1.689636,Test,0.229339,0.882153,1.195770,1.453985,1.463829,1.576220,1.634828,1.977512,3.181054,4.063299,6.444316
1986-07-23,1.689636,Test,0.221531,0.860409,1.197262,1.497241,1.499557,1.651646,1.714900,2.093738,3.423116,4.419477,6.930406
1986-07-24,1.689636,Test,0.226997,0.886041,1.206377,1.453481,1.469613,1.579743,1.645210,1.996614,3.237004,4.144991,6.545069
1986-07-25,1.689636,Test,0.222319,0.865868,1.200133,1.471238,1.478777,1.612289,1.675073,2.038914,3.323949,4.269466,6.722875
1986-07-26,1.689636,Test,0.223301,0.875643,1.197638,1.436339,1.451217,1.557380,1.622503,1.966589,3.188630,4.068948,6.456875
1986-07-27,1.689636,Test,0.225042,0.867393,1.189175,1.431358,1.440027,1.543894,1.603732,1.937470,3.135103,3.985248,6.366740
1986-07-28,1.689636,Test,0.222404,0.863494,1.187696,1.427490,1.437908,1.540293,1.603239,1.938624,3.144630,3.997277,6.380927
1986-07-29,1.689636,Test,0.225055,0.859729,1.185733,1.427651,1.433017,1.535979,1.593178,1.923012,3.118592,3.957469,6.339669
1986-07-30,1.689636,Test,0.221606,0.863389,1.194049,1.422223,1.434343,1.535729,1.602173,1.940218,3.159925,4.024001,6.405452
1986-07-31,1.689636,Test,0.221986,0.867610,1.206254,1.426697,1.441167,1.546894,1.615286,1.962326,3.213123,4.106112,6.498924
1986-08-01,1.689636,Test,0.221830,0.864188,1.203295,1.417723,1.430788,1.533431,1.601092,1.943318,3.180012,4.057473,6.438830
1986-08-02,1.689636,Test,0.222897,0.855658,1.194255,1.409277,1.415955,1.516405,1.579073,1.910708,3.118767,3.964204,6.332694
1986-08-03,1.689636,Test,0.214450,0.840566,1.205885,1.448113,1.456175,1.590465,1.661323,2.034416,3.373902,4.337749,6.814874
1986-08-04,1.689636,Test,0.217883,0.858462,1.219254,1.425633,1.445196,1.556326,1.631927,1.998322,3.319669,4.258206,6.691696
1986-08-05,1.689636,Test,0.216288,0.852388,1.210556,1.407079,1.424878,1.526624,1.601598,1.955233,3.232095,4.129906,6.533884
1986-08-06,1.689636,Test,0.214124,0.845069,1.204351,1.397076,1.413954,1.511988,1.587708,1.936841,3.200721,4.081549,6.476321
1986-08-07,1.689636,Test,0.212057,0.837164,1.198629,1.389499,1.405351,1.501461,1.577508,1.924536,3.181180,4.049541,6.441369
1986-08-08,1.689636,Test,0.208698,0.835856,1.204901,1.389151,1.411160,1.506409,1.589007,1.946807,3.234464,4.126733,6.533034
1986-08-09,1.689636,Test,0.197106,0.798383,1.189309,1.428360,1.441066,1.575503,1.663034,2.055839,3.454533,4.438797,6.976470
1986-08-10,1.689636,Test,0.190407,0.799262,1.192764,1.409800,1.436223,1.560170,1.653621,2.055681,3.462721,4.442331,6.956117
1986-08-11,1.689636,Test,0.204954,0.830369,1.219020,1.390966,1.423013,1.517158,1.608933,1.986639,3.330398,4.264683,6.711785
1986-08-12,1.689636,Test,0.200780,0.821271,1.209656,1.374452,1.406466,1.496854,1.588223,1.961412,3.283854,4.192902,6.620839
1986-08-13,1.689636,Test,0.205755,0.821108,1.209573,1.367981,1.394185,1.480351,1.567186,1.927270,3.214501,4.097357,6.503930
1986-08-14,1.689636,Test,0.207641,0.814207,1.202808,1.359517,1.379299,1.464524,1.545257,1.895853,3.154430,4.007892,6.397835
1986-08-15,1.689636,Test,0.206377,0.812013,1.204486,1.354163,1.376472,1.459673,1.542578,1.896196,3.158809,4.014848,6.402709
1986-08-16,1.689636,Test,0.205073,0.807675,1.204106,1.349799,1.372881,1.456009,1.539428,1.895486,3.160615,4.016766,6.403962
1986-08-17,1.689636,Test,0.175094,0.707965,1.107765,1.424522,1.418212,1.585447,1.686696,2.118890,3.663053,4.777068,7.755307
1986-08-18,1.689636,Test,0.128811,0.653046,1.047278,1.399457,1.427483,1.613745,1.723147,2.223524,3.958431,5.225361,8.658642
1986-08-19,1.689636,Test,0.152930,0.771374,1.220407,1.336761,1.419266,1.520551,1.622080,2.077898,3.569136,4.587039,7.292277
1986-08-20,1.689636,Test,0.134658,0.752640,1.214007,1.328359,1.432878,1.538585,1.657318,2.140017,3.723976,4.789993,7.592787
1986-08-21,1.689636,Test,0.111951,0.732530,1.208204,1.320992,1.456111,1.564996,1.711989,2.247625,3.960717,5.109944,8.001971
1986-08-22,1.689636,Test,0.139660,0.753275,1.212934,1.315902,1.422737,1.517530,1.647530,2.135134,3.706137,4.753582,7.467483
1986-08-23,1.689636,Test,0.150283,0.755468,1.216952,1.326323,1.419796,1.522123,1.644861,2.128365,3.685713,4.731889,7.390204
1986-08-24,1.689636,Test,0.157679,0.765245,1.218231,1.307407,1.396627,1.484792,1.604642,2.070505,3.569968,4.571362,7.148426
1986-08-25,1.689636,Test,0.160747,0.761266,1.208756,1.297461,1.378424,1.464984,1.579483,2.033605,3.493129,4.459815,6.989093
1986-08-26,1.689636,Test,0.132695,0.656225,1.093206,1.382032,1.433419,1.606856,1.741060,2.288769,4.077449,5.330535,8.540895
1986-08-27,1.689636,Test,0.130365,0.734427,1.203770,1.292436,1.405432,1.510699,1.641882,2.175911,3.801954,4.889236,7.542577
1986-08-28,1.689636,Test,0.145878,0.753474,1.222808,1.297792,1.404429,1.500513,1.626797,2.138410,3.723049,4.788279,7.408383
1986-08-29,1.689636,Test,0.139041,0.743829,1.210147,1.277581,1.388113,1.476118,1.604103,2.104536,3.653325,4.686692,7.316743
1986-08-30,1.689636,Test,0.150186,0.745033,1.201035,1.269101,1.361386,1.445758,1.560762,2.031237,3.498679,4.457017,7.009164
1986-08-31,1.689636,Test,0.151781,0.741652,1.200279,1.274867,1.363262,1.454855,1.567916,2.043334,3.519359,4.485783,7.026667
1986-09-01,1.689636,Test,0.149720,0.726983,1.192845,1.294302,1.376130,1.488282,1.599743,2.092805,3.615933,4.619493,7.200907
1986-09-02,1.689636,Test,0.154172,0.738838,1.189901,1.258916,1.341198,1.429204,1.532747,1.998658,3.434082,4.348247,6.840862
1986-09-03,1.689636,Test,0.144005,0.728259,1.178775,1.249067,1.338921,1.431123,1.539571,2.024611,3.490627,4.414902,6.916109
1986-09-04,1.689636,Test,0.112068,0.703175,1.153344,1.223751,1.345057,1.442847,1.579254,2.125130,3.699522,4.688105,7.236313
1986-09-05,1.689636,Test,0.146252,0.745044,1.194517,1.242537,1.342914,1.421662,1.543913,2.030172,3.483931,4.429576,6.892311
1986-09-06,1.689636,Test,0.190277,0.799092,1.247266,1.270736,1.347631,1.402046,1.509942,1.925154,3.238064,4.133371,6.496084
1986-09-07,1.689636,Test,0.190222,0.803016,1.253027,1.270425,1.351041,1.404364,1.515052,1.935220,3.256348,4.161071,6.521359
1986-09-08,1.689636,Test,0.180811,0.756501,1.232993,1.368329,1.432383,1.558104,1.682303,2.176087,3.734933,4.856992,7.547823
1986-09-09,1.689636,Test,0.119950,0.638124,1.033520,1.312890,1.391503,1.542410,1.673729,2.211380,3.968336,5.257361,8.759078
1986-09-10,1.689636,Test,0.125780,0.717426,1.229332,1.334721,1.453832,1.595961,1.722223,2.306746,4.036205,5.258016,8.212713
1986-09-11,1.689636,Test,-0.047955,0.574809,1.087596,1.466001,1.862171,2.177433,2.388047,3.361397,6.611993,9.449575,16.840527
1986-09-12,1.689636,Test,-0.113084,0.611596,1.433396,1.778026,2.364762,2.890286,3.459257,5.475240,11.126040,15.971716,26.547888
1986-09-13,1.689636,Test,-0.142792,0.552403,1.260051,1.814773,2.433596,2.992537,3.610191,5.829321,12.108006,17.237143,30.187311
1986-09-14,1.689636,Test,-0.078780,0.800305,1.608572,2.161830,2.874043,3.494907,4.183304,6.488280,13.361950,19.570866,35.544476
1986-09-15,1.689636,Test,-0.097240,0.888973,1.870873,2.670465,3.587477,4.519288,5.609385,9.111759,18.701120,27.696283,50.293621
1986-09-16,5.068908,Test,-0.171027,0.677345,1.742707,2.457590,3.418752,4.468692,5.707818,9.561386,18.886881,27.410067,44.497517
1986-09-17,1.689636,Test,-0.151586,0.708997,1.503437,2.475081,3.450110,4.358102,5.469157,9.104785,18.709066,26.837444,47.762768
1986-09-18,1.689636,Test,-0.130146,0.820189,1.736672,2.827003,3.924118,5.021366,6.399691,10.740247,21.749718,31.299614,55.379211
1986-09-19,1.689636,Test,-0.304313,0.519543,1.631952,2.071069,3.485379,4.544170,6.178654,10.526351,19.355339,27.829947,41.862251
1986-09-20,1.689636,Test,-0.317629,0.378482,1.209005,1.692466,2.992357,3.763927,5.143263,8.737506,15.510957,21.404387,31.499620
1986-09-21,1.689636,Test,-0.195515,0.410095,1.069073,1.934029,3.010444,3.747513,4.938551,8.198707,14.801021,19.733946,29.129156
1986-09-22,1.689636,Test,-0.128595,0.479052,0.955347,1.963075,2.813802,3.413680,4.309100,7.200627,14.135544,18.631159,30.895725
1986-09-23,1.689636,Test,-0.244382,0.400806,1.092731,1.628150,2.570090,3.198814,4.090850,6.984131,12.854400,17.386383,25.335457
1986-09-24,1.689636,Test,-0.268848,0.362036,1.018427,1.679085,2.915805,3.591640,4.799219,8.146023,14.201911,19.223152,27.142973
1986-09-25,1.689636,Test,-0.207477,0.477586,1.158570,1.978033,3.657019,4.335166,6.074089,9.965686,15.950198,21.404364,29.397486
1986-09-26,1.689636,Test,0.027705,0.867164,1.639898,2.870485,5.023767,5.762385,8.102152,12.446037,18.553593,24.287479,32.348385
1986-09-27,1.689636,Test,-0.039641,0.736694,1.411806,2.390731,4.147511,4.744624,6.627952,10.144584,15.339277,20.076441,26.539675
1986-09-28,1.689636,Test,-0.141084,0.540222,1.104866,1.751565,2.990420,3.443493,4.713128,7.326429,11.625423,15.189335,20.239353
1986-09-29,1.689636,Test,-0.113770,0.579843,1.136057,1.796314,3.024639,3.469489,4.732264,7.256244,11.421142,14.868450,19.724640
1986-09-30,1.689636,Test,-0.149336,0.491062,0.991746,1.400170,2.212482,2.546841,3.328604,5.192265,8.687510,11.207898,15.207989
1986-10-01,1.689636,Training,-0.133803,0.501454,0.993306,1.305159,1.961765,2.251162,2.865268,4.455526,7.628594,9.770059,13.446236
1986-10-02,1.689636,Training,-0.092125,0.530409,1.020633,1.261734,1.753479,2.009227,2.459283,3.771905,6.604737,8.392097,11.782112
1986-10-03,1.689636,Training,-0.013168,0.511901,0.923445,1.399428,1.704040,1.972060,2.322387,3.484705,6.472826,8.331010,12.851911
1986-10-04,1.689636,Training,-0.009515,0.603765,1.120663,1.325328,1.623438,1.855442,2.138422,3.181591,5.735465,7.393844,10.803487
1986-10-05,1.689636,Training,-0.017244,0.532889,0.954560,1.355337,1.615660,1.865501,2.120336,3.175250,6.062588,7.964560,12.912462
1986-10-06,1.689636,Training,-0.037404,0.597709,1.163291,1.497973,1.854602,2.162668,2.479817,3.754417,7.312617,9.877775,15.921564
1986-10-07,1.689636,Training,-0.029583,0.674568,1.348258,1.577474,1.977667,2.299723,2.660458,3.983592,7.685043,10.439921,16.229290
1986-10-08,1.689636,Training,-0.045001,0.665469,1.347950,1.479302,1.901339,2.176995,2.548975,3.804252,7.190403,9.611519,14.471862
1986-10-09,1.689636,Training,-0.078512,0.634510,1.253853,1.288949,1.739399,1.923436,2.303774,3.472080,6.418359,8.387782,12.441963
1986-10-10,1.689636,Training,-0.033317,0.624364,1.224954,1.463816,1.855844,2.119569,2.499362,3.739184,6.952962,9.137715,13.548697
1986-10-11,1.689636,Training,-0.036289,0.602575,1.081958,1.517148,1.903654,2.191451,2.537989,3.822401,7.519050,10.133853,16.884087
1986-10-12,1.689636,Training,-0.040431,0.705861,1.381553,1.766702,2.257217,2.664938,3.103384,4.790222,9.495295,13.111121,21.437094
1986-10-13,1.689636,Training,-0.094352,0.682395,1.469732,1.615549,2.177899,2.552001,3.037174,4.695385,9.038131,12.300691,18.433428
1986-10-14,1.689636,Training,-0.084498,0.768138,1.447936,2.044053,2.777526,3.310833,3.890598,6.035397,12.417925,17.915871,31.967989
1986-10-15,1.689636,Training,-0.270217,0.499642,1.454591,1.884187,2.928438,3.719237,4.858099,8.256937,15.941102,22.682095,34.583683
1986-10-16,1.689636,Training,-0.280699,0.434888,1.222228,1.569204,2.499095,3.079679,4.029123,6.720015,12.668372,17.440342,25.645599
1986-10-17,1.689636,Training,-0.153404,0.576619,1.266501,1.446442,2.066267,2.380416,2.975078,4.654258,8.673090,11.450986,16.436090
1986-10-18,1.689636,Training,-0.151044,0.550971,1.154408,1.348225,1.958212,2.219159,2.785410,4.347010,7.888740,10.259111,14.477660
1986-10-19,1.689636,Training,-0.139783,0.548823,1.113196,1.332697,1.931952,2.182168,2.735092,4.236972,7.566452,9.772226,13.627616
1986-10-20,1.689636,Training,-0.143121,0.533818,1.072321,1.331021,1.951585,2.212752,2.792345,4.324879,7.613475,9.785198,13.472733
1986-10-21,1.689636,Training,-0.156471,0.511457,1.029302,1.352489,2.053855,2.343486,3.009580,4.686602,8.067660,10.319118,13.998691
1986-10-22,1.689636,Training,-0.115570,0.556556,1.067162,1.309918,1.858979,2.099420,2.619375,4.009414,7.013367,8.921954,12.245636
1986-10-23,1.689636,Training,-0.025872,0.556761,1.005885,1.669806,2.133679,2.492514,3.041098,4.566377,8.363451,10.776007,15.960118
1986-10-24,1.689636,Training,-0.052902,0.557006,1.023593,1.657882,2.122191,2.493353,2.965079,4.538930,8.638502,11.389648,17.513859
1986-10-25,1.689636,Training,-0.108367,0.570851,1.167056,1.464026,1.967947,2.287037,2.736235,4.239148,7.846817,10.277625,14.652354
1986-10-26,1.689636,Training,-0.103694,0.609455,1.188677,1.369498,1.889780,2.112767,2.569847,3.879876,7.058822,9.196628,13.115348
1986-10-27,1.689636,Training,-0.090337,0.624739,1.200734,1.343704,1.826281,2.021442,2.463464,3.685833,6.656442,8.618002,12.287370
1986-10-28,1.689636,Training,-0.118923,0.575037,1.116753,1.328015,1.866460,2.087014,2.588489,3.936646,7.002472,8.972336,12.530451
1986-10-29,1.689636,Training,-0.100468,0.588860,1.115082,1.301397,1.791266,1.998680,2.454036,3.712091,6.545161,8.319864,11.615363
1986-10-30,1.689636,Training,-0.054689,0.647317,1.165151,1.310956,1.723911,1.894292,2.284081,3.367240,5.919620,7.520822,10.550775
1986-10-31,1.689636,Training,-0.014891,0.694577,1.204433,1.307864,1.656392,1.799424,2.133591,3.083921,5.382919,6.823561,9.640394
1986-11-01,1.689636,Training,-0.005220,0.704050,1.210899,1.317002,1.652051,1.794553,2.117662,3.043656,5.296824,6.711309,9.489965
1986-11-02,1.689636,Training,0.052152,0.774647,1.274143,1.339058,1.610822,1.714984,1.984690,2.762872,4.742566,6.015189,8.584413
1986-11-03,1.689636,Training,0.073405,0.802969,1.304762,1.365335,1.622424,1.719795,1.977781,2.714587,4.639503,5.901904,8.456218
1986-11-04,1.689636,Training,0.081132,0.813724,1.323535,1.404386,1.673326,1.780110,2.046590,2.791248,4.770477,6.098768,8.720435
1986-11-05,1.689636,Training,0.079594,0.811678,1.322171,1.411662,1.685100,1.796508,2.067445,2.819913,4.818233,6.163014,8.800003
1986-11-06,1.689636,Training,0.063930,0.792805,1.294251,1.379848,1.650203,1.758135,2.031069,2.792357,4.775869,6.080389,8.665927
1986-11-07,1.689636,Training,0.059252,0.786955,1.295139,1.404056,1.695596,1.816950,2.105444,2.898777,4.965157,6.344389,9.011165
1986-11-08,1.689636,Training,0.039952,0.750858,1.266634,1.423450,1.719745,1.876379,2.178382,3.037155,5.243360,6.705241,9.444435
1986-11-09,1.689636,Training,0.015875,0.732396,1.244706,1.416688,1.768410,1.926802,2.270511,3.193498,5.511592,7.048229,9.873933
1986-11-10,1.689636,Training,-0.036204,0.672041,1.170645,1.376889,1.784772,1.955490,2.357751,3.397949,5.889524,7.482954,10.360505
1986-11-11,1.689636,Training,-0.075887,0.556744,0.994015,1.589451,2.085723,2.462120,2.780241,4.113864,7.954687,11.002148,18.115015
1986-11-12,1.689636,Training,-0.213087,0.523819,1.215588,1.590983,2.399629,2.835343,3.590888,5.737943,10.837484,14.754521,21.220270
1986-11-13,5.068908,Training,-0.053735,0.912686,1.769222,2.617574,3.530066,4.392120,4.986533,7.794234,15.677834,23.072313,40.705818
1986-11-14,11.827453,Training,0.149476,1.714882,3.500638,5.203329,6.538076,8.686247,9.974030,16.164698,31.021366,46.195778,82.183403
1986-11-15,6.758545,Training,-0.118482,1.113939,2.739778,3.932138,6.897139,8.744308,12.550917,20.192719,35.066082,50.562218,74.349579
1986-11-16,6.758545,Training,-0.093666,0.928127,2.096467,3.600618,6.476915,8.150330,11.512829,17.859928,29.162878,39.924267,58.008312
1986-11-17,5.068908,Training,-0.181441,0.727733,1.654618,2.734754,4.914095,5.962657,8.422951,13.039884,21.558069,28.811676,40.246098
1986-11-18,3.379272,Training,-0.076928,0.793884,1.578693,2.668133,4.592153,5.456335,7.350896,11.150790,17.853069,23.220360,32.134491
1986-11-19,3.379272,Training,-0.012714,0.842323,1.570335,2.704939,4.585461,5.394844,7.166760,10.655127,16.487247,21.236116,29.058586
1986-11-20,3.379272,Training,-0.057285,0.739004,1.422001,2.629195,4.302584,5.124789,6.884925,10.228700,16.041443,20.777731,27.697718
1986-11-21,3.379272,Training,-0.011218,0.774634,1.447850,2.819060,4.504184,5.388137,7.316608,10.667070,16.536438,21.362293,28.127132
1986-11-22,3.379272,Training,0.301829,1.140198,1.769176,3.945357,5.809439,6.932510,9.283505,12.796522,20.479546,26.297726,38.819492
1986-11-23,5.068908,Training,0.229027,1.194608,2.043096,4.097994,6.673409,8.013065,10.644295,15.283713,23.074440,29.975315,40.993591
1986-11-24,5.068908,Training,0.147310,1.126606,1.957192,3.658176,6.290121,7.377069,9.861753,14.304234,21.147192,27.189774,36.647362
1986-11-25,5.068908,Training,0.244574,1.308072,2.194059,4.115269,6.877053,7.919843,10.782901,15.189678,21.958412,27.898161,36.811790
1986-11-26,5.068908,Training,0.310114,1.409580,2.303544,4.279116,6.979246,7.986297,10.846407,15.004396,21.462091,27.053583,35.159702
1986-11-27,5.068908,Training,0.355891,1.467841,2.351015,4.307093,6.885928,7.854126,10.584208,14.422993,20.494801,25.740683,33.088032
1986-11-28,3.379272,Training,0.499476,1.665859,2.598388,4.671098,7.306720,8.326077,11.013660,14.702890,20.631376,25.796099,33.243423
1986-11-29,3.379272,Training,0.744572,2.069798,3.117583,5.554164,8.360923,9.473360,12.389673,16.102943,22.133514,27.344786,34.952423
1986-11-30,3.379272,Training,0.559810,1.713751,2.629734,4.691364,7.259645,8.303429,10.850712,14.337263,19.988503,25.065561,32.287193
1986-12-01,3.379272,Training,0.639341,1.826199,2.779792,5.039838,7.618683,8.744753,11.393485,14.892418,20.740240,26.001015,33.373631
1986-12-02,3.379272,Training,0.340734,1.339936,2.101790,3.825827,6.062356,6.960001,9.159475,12.416389,17.735352,22.557550,29.128136
1986-12-03,3.379272,Training,-0.035522,0.712074,1.251992,2.102480,3.323397,3.802154,4.931287,7.148606,11.353726,14.610701,19.083229
1986-12-04,3.379272,Training,-0.018753,0.735951,1.279762,2.156590,3.401245,3.894005,5.047633,7.277206,11.494831,14.776937,19.243673
1986-12-05,3.379272,Training,-0.012511,0.747571,1.294720,2.189937,3.457788,3.964064,5.151672,7.407506,11.649017,14.950393,19.384186
1986-12-06,3.379272,Training,-0.001147,0.760705,1.308093,2.212249,3.475035,3.981723,5.154344,7.393170,11.618732,14.912469,19.351498
1986-12-07,3.379272,Training,0.018887,0.774221,1.335323,2.361737,3.638021,4.226598,5.484528,7.836317,12.365067,15.858481,20.401573
1986-12-08,8.448181,Training,0.350298,1.193323,1.833495,3.941976,6.186822,7.424187,9.326780,12.929757,21.707602,28.536169,42.740963
1986-12-09,8.448181,Validation,0.836392,2.280764,3.485368,6.448424,10.891122,12.624173,16.246765,22.777521,32.029667,40.551105,54.977184
1986-12-10,8.448181,Validation,1.365337,3.096642,4.558776,8.093262,12.868056,14.813063,18.654774,24.824690,33.697701,41.704052,55.173988
1986-12-11,8.448181,Validation,2.462091,4.903208,6.994007,11.931498,17.243755,19.717140,24.099546,30.420971,40.014221,48.748772,65.386765
1986-12-12,6.758545,Validation,0.165047,1.132910,1.930919,3.862637,6.652356,7.764925,10.500703,15.315719,22.536743,29.205784,39.420887
1986-12-13,15.206725,Validation,0.613372,2.024410,3.331398,7.063965,12.595229,14.988584,18.013937,26.869549,42.413776,55.385723,90.510216
1986-12-14,18.585998,Validation,0.989224,3.054795,4.941884,9.474478,16.687601,19.419485,25.879452,37.259048,50.978672,64.558640,89.579910
1986-12-15,18.585998,Validation,1.583045,3.716658,5.492858,11.697602,17.356016,20.756802,27.460173,36.403526,50.859531,63.091846,90.973885
1986-12-16,20.275634,Validation,2.542984,5.738041,8.061039,14.068058,20.184687,22.518854,27.938286,35.590492,46.536369,54.586330,72.215004
1986-12-17,20.275634,Validation,3.704724,7.439276,10.092705,16.135695,21.917976,24.231232,28.471794,34.916317,43.839729,50.500893,65.002670
1986-12-18,20.275634,Validation,4.486131,8.950596,11.927658,18.571848,24.170893,26.411856,30.513899,36.681396,45.346584,51.500118,65.642113
1986-12-19,18.585998,Validation,2.955307,6.132002,8.297455,13.988524,18.413664,20.311161,24.520655,29.782251,38.050495,43.921600,56.032986
1986-12-20,16.896361,Validation,1.726479,3.860539,5.354873,9.538323,12.994652,14.509893,18.362537,22.781324,29.867889,35.350536,44.318157
1986-12-21,15.206725,Validation,2.128942,4.062142,5.614470,10.631614,13.572968,15.502131,19.892246,23.419680,31.847500,38.497501,52.492889
1986-12-22,18.585998,Validation,2.429721,4.893414,6.744798,11.353147,15.172980,16.859390,20.454859,24.809866,31.879484,37.521221,47.809422
1986-12-23,18.585998,Validation,3.063748,5.584973,7.659114,12.002225,15.830460,17.896498,20.861748,24.885147,30.814022,35.947002,43.826893
1986-12-24,18.585998,Validation,3.962291,7.157444,9.662666,14.750210,18.995834,21.251699,24.337313,28.889400,35.106239,40.366348,48.908260
1986-12-25,18.585998,Validation,3.969010,7.295749,9.844633,15.048397,19.585550,21.882269,25.075378,30.012638,36.626534,42.150414,51.759590
1986-12-26,16.896361,Validation,3.396750,6.442466,8.752558,13.816160,18.288971,20.430248,23.753887,28.717247,35.761433,41.488113,52.412022
1986-12-27,16.896361,Validation,0.843057,2.155660,3.163679,5.894687,8.768929,10.006956,12.927480,16.957130,23.225187,28.775780,36.852486
1986-12-28,15.206725,Validation,1.096694,2.499713,3.612786,6.417645,9.334382,10.605662,13.390827,17.029360,22.914944,28.182117,36.131424
1986-12-29,15.206725,Validation,1.430734,2.941310,4.209370,7.161660,10.161459,11.658435,14.357554,17.803686,23.443802,28.579710,36.374451
1986-12-30,15.206725,Validation,1.231166,2.635136,3.812889,6.564290,9.467558,10.899813,13.526988,17.013191,22.658630,27.854799,35.637119
1986-12-31,15.206725,Validation,0.990696,2.305349,3.357782,5.956850,8.661554,9.884581,12.513289,15.992709,21.661636,26.702595,34.080551
1987-01-01,15.206725,Validation,0.105031,0.855594,1.418764,2.528160,3.855585,4.494646,5.715392,8.110508,12.491865,15.946082,20.285847
1987-01-02,15.206725,Validation,0.130598,0.898825,1.462405,2.556183,3.914820,4.522944,5.742506,8.068197,12.329552,15.753885,20.106709
1987-01-03,15.206725,Validation,0.145803,0.895805,1.453059,2.355134,3.561728,4.105241,5.088408,7.101597,10.917475,14.107179,18.531008
1987-01-04,13.517089,Validation,0.208258,0.959191,1.522954,2.472288,3.754048,4.357476,5.396667,7.437019,11.209907,14.484003,19.054573
1987-01-05,13.517089,Validation,0.249778,1.027324,1.613580,2.669524,4.120793,4.808632,5.973783,8.218914,12.205454,15.764268,20.659086
1987-01-06,13.517089,Validation,0.277033,1.089611,1.706949,2.870149,4.487230,5.260889,6.549952,9.035362,13.311697,17.193480,22.520679
1987-01-07,13.517089,Validation,0.257855,1.070917,1.689947,2.854435,4.477815,5.250007,6.550403,9.086890,13.446142,17.379639,22.801487
1987-01-08,11.827453,Validation,0.365138,1.176403,1.798659,3.502357,5.257924,6.302400,7.815594,10.789630,16.894827,22.188368,31.202402
1987-01-09,16.896361,Validation,0.045443,0.977668,1.897728,3.987008,6.435100,8.135213,9.356156,15.384798,27.876806,38.560318,66.569244
1987-01-10,18.585998,Validation,0.782826,2.511719,4.197067,7.931379,14.717478,17.375858,23.402502,34.462440,48.171932,62.701527,88.541328
1987-01-11,15.206725,Validation,2.246395,5.004453,7.300160,12.772809,20.152988,23.117344,29.047594,38.499466,50.706501,61.534626,81.707657
1987-01-12,16.896361,Validation,3.019753,7.317140,10.828886,18.834200,30.328880,34.798851,42.024811,55.038670,73.613564,90.026405,128.418915
1987-01-13,23.654906,Validation,8.226089,19.708416,26.793409,39.513580,54.595612,59.725441,70.633385,85.599892,105.558716,122.390465,159.631592
1987-01-14,28.723815,Validation,10.447070,22.081558,28.824255,41.357525,51.977348,56.198486,63.748219,75.562019,89.511200,98.853119,114.138824
1987-01-15,30.413451,Validation,14.699744,31.517633,38.661636,49.815300,58.468807,61.638390,66.956604,77.093086,86.209709,94.302353,107.372658
1987-01-16,28.723815,Validation,15.547628,33.658657,39.915627,49.804775,57.553581,59.837162,63.990589,73.429123,80.345787,87.111420,98.284248
1987-01-17,28.723815,Validation,14.187640,30.846981,36.884117,46.435482,54.167900,56.719906,60.709263,69.815063,77.633995,84.568878,98.290733
1987-01-18,27.034178,Validation,13.488084,28.520185,33.861111,43.115334,50.053612,52.600430,55.892197,64.317818,71.472038,77.507744,89.955597
1987-01-19,25.344542,Validation,11.843249,24.865936,29.758003,38.773418,45.318878,48.068249,50.965038,58.728588,66.811180,72.500229,86.271538
1987-01-20,23.654906,Validation,11.354963,22.916546,27.359053,35.806622,41.615093,44.200581,46.708698,53.619190,60.573513,65.547623,77.372971
1987-01-21,21.965270,Validation,10.430906,20.590977,24.721161,32.777260,38.090679,40.632038,42.938435,49.194523,56.008259,60.656727,71.987289
1987-01-22,20.275634,Validation,9.286415,18.096403,21.911592,29.667219,34.515301,36.981388,39.284103,44.918468,51.987301,56.493408,67.878639
1987-01-23,18.585998,Validation,7.696974,14.686103,17.927128,25.163696,28.976828,31.115107,33.583084,37.964775,45.048920,49.042324,59.338448
1987-01-24,16.896361,Validation,6.209704,11.363121,14.020747,20.401016,23.075022,25.084871,27.666845,31.104349,37.410812,40.686871,48.646645
1987-01-25,16.896361,Validation,5.187606,9.021771,11.401422,17.979612,20.340210,22.746042,26.516981,29.467968,37.076645,42.194874,55.328590
1987-01-26,16.896361,Validation,3.235814,6.615343,9.214920,16.509987,23.761778,27.380383,32.426601,40.436836,56.407372,67.301224,99.471039
1987-01-27,30.413451,Validation,2.061621,5.462708,8.328375,15.854678,27.345234,31.744867,38.032829,52.515026,70.356003,86.445969,130.996063
1987-01-28,42.240904,Validation,2.944481,7.173469,10.243615,19.034473,30.117706,34.858952,43.253242,57.427509,76.729118,92.430656,134.517227
1987-01-29,69.275082,Validation,7.468171,18.047941,24.553873,37.540932,51.967747,57.634193,67.544838,81.830933,102.927940,118.379227,159.421066
1987-01-30,91.240352,Validation,11.244005,26.513905,34.284122,48.095737,59.486607,65.197044,73.670174,85.811150,105.121765,118.490822,152.366364
1987-01-31,113.205622,Validation,9.991457,22.062878,28.083776,39.982704,47.829998,53.343513,58.356770,67.950424,83.319992,92.943520,112.612587
1987-02-01,99.688533,Validation,9.805670,23.488781,31.433014,45.661663,57.502209,63.652306,73.001938,84.476913,105.993202,117.967957,156.861710
1987-02-02,128.412347,Validation,14.987782,37.724796,47.845879,63.710838,75.403618,81.449181,91.792252,103.699997,127.126427,140.064835,177.225601
1987-02-03,113.205622,Validation,15.904325,38.153091,46.816715,58.383732,67.551903,71.840340,76.393234,86.417595,102.369904,112.076889,129.672562
1987-02-04,91.240352,Validation,16.854420,38.590137,46.324306,55.488373,62.457020,65.442947,68.785706,76.771851,87.263214,95.371437,111.613472
1987-02-05,72.654354,Validation,16.825556,37.378105,43.848412,51.604706,57.334320,59.583176,61.691601,68.409012,76.501419,83.126465,96.866249
1987-02-06,59.137265,Validation,15.503174,32.841358,38.028652,45.331448,50.063931,52.018726,53.364326,59.178448,66.053093,71.155594,83.126205
1987-02-07,52.378721,Validation,14.310731,28.773668,32.995819,39.798210,43.539619,45.267879,46.086071,50.850452,56.657787,60.381302,70.543457
1987-02-08,47.309812,Validation,13.371964,25.800550,29.724392,36.152256,39.346016,40.836723,41.549240,45.572350,50.565281,53.620575,62.893497
1987-02-09,40.551268,Validation,12.345124,24.156559,28.937977,37.333237,40.825012,43.804710,46.559769,50.994438,58.034851,64.329826,81.324982
1987-02-10,40.551268,Validation,12.766239,28.473101,35.864841,46.947517,54.770790,60.259876,66.329605,75.531311,87.811554,99.632278,127.756737
1987-02-11,54.068357,Validation,15.144560,37.678696,47.591610,61.580994,71.927017,78.324921,87.603989,99.988708,118.897614,132.940598,170.453384
1987-02-12,62.516537,Validation,20.088053,48.536247,60.191898,70.495018,79.679718,84.471123,90.153984,101.137360,113.679718,127.511703,150.842117
1987-02-13,72.654354,Validation,18.762199,43.929932,51.690067,62.074631,68.532776,73.912621,77.884850,86.015228,98.822418,110.636780,134.759674
1987-02-14,91.240352,Validation,19.016636,42.605244,47.898903,54.612579,60.661854,63.794430,64.457573,70.985291,78.960068,86.595230,98.988785
1987-02-15,77.723263,Validation,17.334530,37.696545,43.014462,50.890572,56.109447,59.393120,60.786354,66.768494,75.002914,82.797897,97.219826
1987-02-16,84.481807,Validation,14.966357,33.582081,39.022972,49.880623,55.661407,60.446213,65.018150,72.206779,84.934082,94.965851,122.204506
1987-02-17,136.860528,Validation,15.515744,33.652767,38.958462,49.096176,54.295635,59.308052,61.833858,69.298935,80.414810,89.795860,111.024086
1987-02-18,136.860528,Validation,16.229599,35.368553,42.405495,51.291332,58.400234,62.071007,65.070496,73.249352,81.276031,90.872345,108.348770
1987-02-19,113.205622,Validation,16.883472,35.130665,41.156261,49.175335,55.556042,57.837921,60.309570,67.749733,72.221161,79.447823,89.652130
1987-02-20,84.481807,Validation,15.369251,31.154716,36.691914,44.685349,50.826843,53.186222,55.576950,62.874260,67.390236,74.201729,83.889053
1987-02-21,72.654354,Validation,13.635580,27.582018,33.038807,41.394257,47.574131,50.629826,53.378700,60.796654,66.813286,74.382896,86.829239
1987-02-22,62.516537,Validation,13.047687,26.410400,31.477123,39.684063,45.950542,49.038528,51.537567,58.979191,65.710114,72.875465,85.700836
1987-02-23,57.447629,Validation,12.366372,24.859158,29.658382,37.958817,43.877075,47.230743,49.412411,56.616463,64.342491,71.576286,85.680908
1987-02-24,52.378721,Validation,8.145892,18.914431,26.483061,39.778969,51.183193,58.173321,65.693886,77.411484,93.856926,107.184700,146.749466
1987-02-25,72.654354,Validation,11.615278,27.527092,35.455242,50.840946,62.842236,70.440132,80.021080,92.866196,116.191566,130.263138,166.757843
1987-02-26,72.654354,Validation,12.543497,26.793879,32.519703,44.593491,52.487301,58.875191,62.424053,72.760780,88.648170,98.462181,115.172470
1987-02-27,67.585446,Validation,12.828205,26.638233,31.790462,41.108028,46.759987,51.514175,54.666321,61.890373,73.837746,81.387352,97.248466
1987-02-28,62.516537,Validation,12.266789,24.889469,29.565399,36.912632,41.736488,44.718533,47.781124,52.998310,62.157555,67.964409,81.949715
1987-03-01,59.137265,Validation,9.955532,18.448092,22.247387,28.714174,32.396847,34.453335,37.114994,41.165234,48.407818,52.699493,64.282600
1987-03-02,54.068357,Validation,7.901370,13.737390,16.984324,22.940796,25.909491,27.675056,30.330175,33.746853,40.140720,43.870827,53.988194
1987-03-03,47.309812,Validation,7.506832,12.734028,15.881408,21.444479,24.101480,25.621826,28.133286,31.079382,36.768589,40.154861,49.366535
1987-03-04,40.551268,Validation,6.369627,10.494446,13.302528,18.502472,20.944647,22.455992,25.022734,27.755421,33.267208,36.673435,45.193211
1987-03-05,37.171995,Validation,5.990044,9.855623,12.594474,17.549717,19.917862,21.311878,23.956978,26.524418,31.802805,35.104805,43.240627
1987-03-06,33.792723,Validation,5.470721,8.950534,11.538027,16.262238,18.574909,19.931524,22.635319,25.113407,30.287563,33.596046,41.410519
1987-03-07,32.103087,Validation,4.032225,6.360982,8.401409,12.598211,14.796638,16.305906,18.909384,21.488869,26.813036,30.542637,37.889957
1987-03-08,32.103087,Validation,2.775150,4.354840,5.902169,9.382518,11.528372,12.997555,15.453435,18.118120,23.394258,27.520294,34.297077
1987-03-09,30.413451,Validation,2.392535,3.732148,5.145214,8.662227,10.678975,12.286625,14.927402,17.583605,23.357376,28.212940,36.243732
1987-03-10,27.034178,Validation,2.372687,3.749282,5.148054,8.356035,10.447598,11.880240,14.242599,16.995567,22.256878,26.438738,33.083309
1987-03-11,25.344542,Validation,2.182338,3.482611,4.822658,7.972969,10.004689,11.460619,13.838065,16.612377,21.952620,26.214209,32.843048
1987-03-12,21.965270,Validation,1.907089,2.952665,4.158731,7.287210,9.188708,10.752063,13.097449,15.756546,21.659008,26.592836,35.343960
1987-03-13,21.965270,Validation,2.093236,3.265082,4.583367,7.755897,9.763680,11.373417,13.677680,16.645166,22.382561,27.065355,34.603073
1987-03-14,18.585998,Validation,2.233042,3.516652,4.887010,8.046206,10.119428,11.602398,13.915698,16.889790,22.408978,26.646751,33.735447
1987-03-15,18.585998,Validation,1.015536,1.787143,2.589317,4.461368,6.108167,7.290571,8.662824,11.319222,16.102758,20.078259,24.969967
1987-03-16,16.896361,Validation,0.407593,1.012378,1.522335,2.466893,3.482085,4.177180,4.825276,6.696846,10.347136,13.094759,16.409084
1987-03-17,15.206725,Validation,0.368504,0.939194,1.417341,2.244298,3.137129,3.765334,4.297435,6.019940,9.442269,11.986020,15.183848
1987-03-18,15.206725,Validation,0.313804,0.876482,1.342340,2.109810,2.936427,3.514659,4.011839,5.660238,8.986257,11.392675,14.517509
1987-03-19,13.517089,Validation,0.406607,0.947016,1.412299,2.205338,3.052999,3.683026,4.131169,5.812888,9.175067,11.775262,15.184553
1987-03-20,11.827453,Validation,0.583123,1.341299,1.980872,3.210161,4.630695,5.552854,6.457086,8.568059,12.647250,16.381815,21.049103
1987-03-21,10.137817,Validation,0.485333,1.209340,1.841392,3.072134,4.495130,5.424338,6.354962,8.825845,13.667148,18.059782,23.849306
1987-03-22,10.137817,Validation,0.452875,1.014086,1.549324,2.618679,3.794323,4.642017,5.314828,7.719086,12.181763,15.832141,20.675398
1987-03-23,10.137817,Validation,0.390230,0.942566,1.470972,2.546442,3.677937,4.501872,5.212066,7.559152,12.020679,15.497942,20.111570
1987-03-24,10.137817,Validation,0.379408,0.967350,1.512669,3.049925,4.386488,5.449336,6.481735,9.274347,15.741056,20.386372,28.600636
1987-03-25,15.206725,Validation,0.542332,1.404199,2.131412,4.572580,7.139580,8.952957,10.809434,15.896979,27.214577,35.607830,52.397217
1987-03-26,15.206725,Validation,0.843927,1.787587,2.672175,5.223454,8.230834,10.196354,12.284827,18.772783,28.986177,37.604710,51.561951
1987-03-27,15.206725,Validation,2.085480,3.549014,4.943529,9.256602,12.654507,15.106818,18.229183,24.591503,35.360119,43.461475,59.387794
1987-03-28,15.206725,Validation,3.056121,4.960872,6.656265,12.093319,15.627809,18.165478,22.040617,28.779133,41.305031,49.735931,73.732758
1987-03-29,15.206725,Validation,3.291015,5.306625,7.016308,11.888992,15.579196,17.699999,20.845491,27.961304,38.933411,46.280956,67.699936
1987-03-30,15.206725,Validation,3.362242,5.279547,6.883657,11.721375,14.945920,16.805449,19.697989,26.046598,36.040115,42.013187,61.585117
1987-03-31,15.206725,Validation,3.147727,4.902709,6.409799,11.103891,14.015804,15.809851,18.568848,24.196791,33.486881,39.032436,55.875778
1987-04-01,15.206725,Training,2.771131,4.331788,5.710317,10.218245,13.011784,14.836788,17.584560,23.173544,32.646938,38.418728,54.970451
1987-04-02,16.896361,Training,2.712224,5.105581,7.285793,14.258547,19.800814,23.842470,28.630939,37.077850,55.660370,67.763283,102.758163
1987-04-03,25.344542,Training,6.351230,13.289223,17.985308,27.272558,36.920811,41.758923,49.041061,60.714684,76.290588,92.500793,122.570091
1987-04-04,38.861631,Training,5.162974,10.396911,14.034963,23.634768,31.945330,37.762447,44.879513,60.036442,82.352432,100.313507,147.544632
1987-04-05,59.137265,Training,6.422771,11.885795,15.237201,25.077820,30.518736,35.837498,41.127434,52.300682,70.870377,80.997253,119.659256
1987-04-06,64.206174,Training,5.625371,12.208898,17.309608,30.079159,39.852150,47.339996,55.235943,68.586395,93.658066,108.647545,158.313934
1987-04-07,72.654354,Training,9.212122,20.741186,26.962864,42.374893,52.320789,60.409203,70.531616,84.677475,112.655663,129.615509,177.582352
1987-04-08,72.654354,Training,8.497045,18.135519,23.210773,37.405888,44.882080,52.609703,60.867767,74.272095,100.401054,115.399689,164.205475
1987-04-09,72.654354,Training,8.877150,18.110510,22.527266,35.264210,40.418499,47.219547,52.842972,63.864475,84.739311,94.932228,137.187149
1987-04-10,64.206174,Training,9.278925,18.613634,22.452339,33.805450,37.902699,43.692165,47.228539,56.357647,73.121223,79.764076,115.137077
1987-04-11,59.137265,Training,9.559094,18.929432,22.724886,32.842224,36.431442,41.141132,43.921501,50.389336,63.573391,69.212738,93.360764
1987-04-12,54.068357,Training,8.448762,15.985271,19.236244,28.345613,31.487942,35.261955,37.853848,43.321762,54.562931,59.143543,79.250725
1987-04-13,48.999448,Training,7.525720,13.982038,16.968155,24.938864,27.948944,30.846298,33.422634,37.981251,47.183605,51.105087,65.473503
1987-04-14,45.620176,Training,7.110841,12.946476,15.824269,23.187105,25.937498,28.302301,30.825186,34.671715,42.675083,46.076977,58.892490
1987-04-15,38.861631,Training,6.804003,12.214169,15.042068,21.867842,24.446003,26.384884,28.869564,32.160870,39.186245,42.205265,53.774342
1987-04-16,35.482359,Training,5.689574,9.662796,11.999039,19.245539,21.263142,23.631605,26.885094,30.162731,38.560928,42.841076,58.532276
1987-04-17,32.103087,Training,5.326135,9.134707,11.534762,18.144213,20.340694,22.532085,25.452267,28.822998,36.472172,40.357121,53.057487
1987-04-18,27.034178,Training,4.737393,8.190660,10.420221,16.210182,18.595942,20.362339,23.076057,26.378277,33.520947,36.794735,47.954376
1987-04-19,25.344542,Training,4.387547,7.560319,9.683787,15.209941,17.577612,19.276535,22.021446,25.261295,32.269356,35.608299,46.316494
1987-04-20,25.344542,Training,4.174984,7.187713,9.258801,14.492145,16.825802,18.409985,21.147442,24.204411,30.826818,34.129929,43.869564
1987-04-21,18.585998,Training,2.620599,4.425297,5.811800,10.201138,12.267060,13.897940,16.590027,19.834761,26.761021,30.822140,40.094711
1987-04-22,18.585998,Training,2.556696,4.393477,5.750938,9.911417,12.021798,13.514524,16.088442,19.314657,26.002066,29.717407,38.540409
1987-04-23,18.585998,Training,2.229329,3.693158,4.880022,9.173127,11.022975,12.675900,15.480658,18.705793,26.191196,30.756277,42.187237
1987-04-24,20.275634,Training,1.563942,2.740510,3.593323,7.526306,9.642515,11.249370,13.978647,17.859562,27.422590,32.793678,48.326061
1987-04-25,18.585998,Training,0.630529,1.422072,2.015407,4.308487,5.900749,7.159099,8.695477,12.271571,19.291220,24.048067,32.726662
1987-04-26,18.585998,Training,0.348442,1.059879,1.560908,3.126438,4.465952,5.326149,6.464633,9.288233,14.678802,18.406605,24.629005
1987-04-27,16.896361,Training,0.478655,1.245637,1.801622,3.847720,5.498858,6.606731,8.132070,11.642792,18.337521,23.051994,31.383472
1987-04-28,15.206725,Training,0.356502,1.001181,1.462598,3.312675,4.530517,5.481027,6.668430,9.629986,16.222815,20.579857,29.891773
1987-04-29,15.206725,Training,0.284015,0.971638,1.447311,2.940497,4.115440,4.945115,5.908951,8.656063,14.238741,17.890690,24.754200
1987-04-30,13.517089,Training,0.255748,0.941287,1.411492,2.721726,3.814397,4.519399,5.403985,7.825659,12.701382,15.917261,21.697197
1987-05-01,11.827453,Training,0.287333,0.982636,1.465014,2.826771,3.966199,4.680479,5.643562,8.055276,12.829486,16.075090,21.600058
1987-05-02,11.827453,Training,0.316007,1.005206,1.490919,2.905472,4.001762,4.733819,5.716015,8.073604,12.836121,16.074343,21.557280
1987-05-03,10.137817,Training,0.361498,1.040559,1.532216,3.073669,4.144320,4.923353,5.975205,8.341960,13.284322,16.659708,22.514328
1987-05-04,10.137817,Training,0.441585,1.210935,1.732911,3.340684,4.589007,5.369990,6.535218,9.072898,14.023491,17.312994,23.000952
1987-05-05,10.137817,Training,0.262541,0.952172,1.406030,2.580920,3.477547,4.072495,4.838965,6.884222,11.188128,13.875156,19.009323
1987-05-06,10.137817,Training,0.250348,0.937047,1.388838,2.520198,3.404879,3.970837,4.728427,6.710651,10.841052,13.453773,18.333408
1987-05-07,10.137817,Training,0.254623,0.942492,1.394514,2.499079,3.379222,3.924363,4.685215,6.608145,10.567584,13.103758,17.754156
1987-05-08,8.448181,Training,0.254084,0.943847,1.396052,2.486598,3.347798,3.885594,4.636520,6.529657,10.445029,12.937093,17.541451
1987-05-09,8.448181,Training,0.268029,0.943361,1.401951,2.615245,3.446650,4.056082,4.843032,6.819961,11.075816,13.769405,18.803230
1987-05-10,8.448181,Training,0.281456,0.903914,1.331250,2.704509,3.461843,4.097360,4.905625,6.883196,11.557429,14.471732,20.922886
1987-05-11,8.448181,Training,0.348017,1.056610,1.551035,3.114604,4.142567,4.926802,5.978712,8.423721,13.606441,16.919163,23.399582
1987-05-12,6.758545,Training,0.243408,0.952768,1.419282,2.600496,3.515912,4.121418,4.929631,7.040418,11.423248,14.139374,19.557013
1987-05-13,6.758545,Training,0.112702,0.749777,1.118606,1.689003,2.029040,2.344473,2.613982,3.679931,6.348118,8.003854,11.539879
1987-05-14,6.758545,Training,0.117265,0.755637,1.123698,1.665427,1.990058,2.287087,2.547145,3.565470,6.117100,7.708684,11.069345
1987-05-15,6.758545,Training,0.122760,0.765027,1.129647,1.705693,2.036221,2.350071,2.626205,3.681242,6.323475,7.942941,11.448874
1987-05-16,6.758545,Training,0.124213,0.762701,1.138658,1.813844,2.195409,2.561143,2.898674,4.100019,7.055493,8.853329,12.725099
1987-05-17,6.758545,Training,0.136909,0.773641,1.106185,1.580092,1.783871,2.039306,2.223541,3.029210,5.180033,6.584014,9.714350
1987-05-18,6.758545,Training,0.136619,0.772288,1.111533,1.573471,1.779311,2.028551,2.212684,3.012790,5.136109,6.534270,9.590736
1987-05-19,5.068908,Training,0.135126,0.775831,1.115910,1.560341,1.776889,2.013524,2.204756,3.003990,5.102380,6.478378,9.495419
1987-05-20,5.068908,Training,0.123841,0.764673,1.112377,1.559374,1.824310,2.052936,2.284651,3.139072,5.302683,6.706868,9.721874
1987-05-21,5.068908,Training,0.122647,0.757884,1.104455,1.572089,1.869058,2.100302,2.362309,3.259252,5.472083,6.898046,9.947945
1987-05-22,5.068908,Training,0.075864,0.632219,0.920401,1.551347,1.764664,2.055681,2.273330,3.141129,5.604125,7.330362,11.526480
1987-05-23,5.068908,Training,0.091002,0.722791,1.103273,1.637407,1.921324,2.222892,2.461403,3.460067,6.026129,7.761697,11.512529
1987-05-24,3.379272,Training,0.117040,0.766433,1.127470,1.594028,1.838472,2.097123,2.297238,3.170584,5.452509,6.976825,10.434510
1987-05-25,3.379272,Training,0.095755,0.751389,1.157879,1.793612,2.231188,2.564251,2.922925,4.192865,7.239741,9.141278,13.471992
1987-05-26,3.379272,Training,0.099148,0.724827,1.137838,1.914546,2.377403,2.770045,3.206345,4.617345,7.997447,10.128138,14.797905
1987-05-27,3.379272,Training,0.115822,0.781061,1.202358,2.024909,2.628541,3.023306,3.566897,5.150878,8.709984,10.890490,15.712502
1987-05-28,3.379272,Training,0.147027,0.841800,1.273143,2.192360,2.921545,3.340539,4.008173,5.771703,9.572639,11.875045,17.018005
1987-05-29,3.379272,Training,0.100386,0.755904,1.147409,1.761248,2.216012,2.497694,2.909223,4.133665,6.970074,8.742370,12.720856
1987-05-30,3.379272,Training,0.107593,0.761811,1.145592,1.704129,2.096476,2.352393,2.709587,3.816469,6.436079,8.087795,11.855303
1987-05-31,3.379272,Training,0.109950,0.765532,1.149072,1.713387,2.107848,2.363270,2.726386,3.838145,6.460887,8.106942,11.879899
1987-06-01,3.379272,Training,0.117027,0.772397,1.150489,1.684377,2.047219,2.288949,2.624481,3.670403,6.159935,7.724832,11.331797
1987-06-02,3.379272,Training,0.117845,0.776509,1.156525,1.706119,2.079488,2.325633,2.674413,3.744909,6.281271,7.861953,11.518591
1987-06-03,3.379272,Training,0.110557,0.710669,1.088402,1.790088,2.102218,2.422540,2.783197,3.913662,6.757102,8.599795,12.823679
1987-06-04,3.379272,Training,0.119682,0.779948,1.161523,1.691973,2.014853,2.267237,2.565739,3.583704,6.057593,7.613066,11.230019
1987-06-05,1.689636,Training,0.128873,0.789159,1.162959,1.649692,1.942438,2.172598,2.441004,3.377265,5.672137,7.121389,10.525894
1987-06-06,1.689636,Training,0.125104,0.791407,1.166641,1.660764,1.968266,2.201448,2.483681,3.442616,5.786276,7.248928,10.689721
1987-06-07,1.689636,Training,0.118190,0.751309,1.137073,1.720320,1.983145,2.280489,2.561218,3.563420,6.115112,7.748366,11.446091
1987-06-08,1.689636,Training,0.124191,0.790907,1.177315,1.730141,2.032905,2.322906,2.613271,3.644609,6.200890,7.777411,11.470820
1987-06-09,1.689636,Training,0.122245,0.795168,1.203468,1.909335,2.343496,2.701116,3.128616,4.433406,7.526939,9.384200,13.708158
1987-06-10,1.689636,Training,0.128628,0.725984,1.043690,1.593011,1.688371,1.956486,2.121741,2.816360,4.850778,6.367131,9.853350
1987-06-11,1.689636,Training,0.130130,0.781307,1.135691,1.575277,1.737611,1.962760,2.139254,2.856526,4.837116,6.263525,9.415531
1987-06-12,1.689636,Training,0.119657,0.748299,1.107682,1.604367,1.756156,2.011431,2.198914,2.950068,5.063272,6.603283,10.020557
1987-06-13,1.689636,Training,0.080872,0.684541,1.044914,1.641925,1.826478,2.129494,2.354095,3.236513,5.738182,7.545095,11.710836
1987-06-14,1.689636,Training,0.106617,0.766820,1.148368,1.617309,1.821022,2.085767,2.278541,3.092188,5.357079,6.968524,10.564711
1987-06-15,1.689636,Training,0.093184,0.716149,1.097717,1.662408,1.848133,2.159079,2.368747,3.239352,5.726605,7.525029,11.559757
1987-06-16,1.689636,Training,0.104184,0.788121,1.173114,1.600385,1.843901,2.074072,2.287307,3.111006,5.374152,6.924112,10.476568
1987-06-17,1.689636,Training,0.105788,0.787417,1.166615,1.580642,1.833215,2.036748,2.266883,3.078856,5.271781,6.732458,10.132473
1987-06-18,1.689636,Training,0.098887,0.776000,1.155436,1.590626,1.861129,2.067982,2.324215,3.174812,5.441883,6.914073,10.351713
1987-06-19,1.689636,Training,0.092423,0.741778,1.129966,1.637762,1.894121,2.147461,2.416836,3.324883,5.759639,7.347958,10.933152
1987-06-20,1.689636,Training,0.089990,0.748051,1.131901,1.621491,1.903446,2.135072,2.422689,3.340472,5.739141,7.257057,10.765905
1987-06-21,1.689636,Training,0.087713,0.751536,1.130443,1.642584,1.981844,2.203038,2.540807,3.525597,5.998383,7.489308,11.079079
1987-06-22,1.689636,Training,0.139303,0.793784,1.150201,1.586164,1.810941,1.993775,2.213328,2.970709,4.982802,6.261781,9.462593
1987-06-23,1.689636,Training,0.151933,0.800090,1.154550,1.594365,1.794222,1.984014,2.181084,2.911348,4.873750,6.128702,9.278772
1987-06-24,1.689636,Training,0.148397,0.801373,1.154633,1.589170,1.794295,1.978838,2.184054,2.918720,4.885237,6.125652,9.264459
1987-06-25,1.689636,Training,0.121425,0.780160,1.138509,1.589163,1.829380,2.020021,2.271795,3.072328,5.177333,6.467332,9.679283
1987-06-26,1.689636,Training,0.122023,0.786655,1.141688,1.569027,1.794637,1.976155,2.217996,2.986647,5.025588,6.280201,9.405257
1987-06-27,1.689636,Training,0.138756,0.801016,1.152993,1.585696,1.795023,1.981768,2.200725,2.948611,4.941516,6.159272,9.254189
1987-06-28,1.689636,Training,0.144934,0.806411,1.158867,1.592988,1.790565,1.985008,2.190902,2.930190,4.909454,6.115543,9.192307
1987-06-29,1.689636,Training,0.168938,0.824137,1.155337,1.533839,1.658082,1.825195,1.967850,2.557874,4.225039,5.322511,8.101873
1987-06-30,1.689636,Training,0.163806,0.818745,1.153694,1.541642,1.670758,1.848270,1.994723,2.605645,4.319474,5.431221,8.251257
1987-07-01,1.689636,Training,0.164689,0.800064,1.140455,1.563945,1.667042,1.871016,2.007219,2.616750,4.360853,5.523347,8.427752
1987-07-02,1.689636,Training,0.196636,0.830473,1.150658,1.539578,1.596743,1.773671,1.861595,2.357591,3.840069,4.900382,7.596715
1987-07-03,1.689636,Training,0.197588,0.841140,1.160632,1.526076,1.586689,1.752883,1.837513,2.322336,3.772056,4.802635,7.446663
1987-07-04,1.689636,Training,0.224320,0.877333,1.173878,1.497616,1.539182,1.666792,1.726369,2.131067,3.383896,4.310068,6.776449
1987-07-05,1.689636,Training,0.174465,0.755385,1.039399,1.518508,1.523999,1.731953,1.806606,2.263921,3.752750,4.902650,7.978921
1987-07-06,1.689636,Training,0.185530,0.820574,1.157130,1.548281,1.594609,1.788817,1.862246,2.347309,3.845977,4.979587,7.810318
1987-07-07,1.689636,Training,0.202889,0.872760,1.189121,1.493382,1.559868,1.691756,1.756726,2.188986,3.522004,4.493149,7.073788
1987-07-08,1.689636,Training,0.196509,0.862555,1.197278,1.524066,1.601864,1.755705,1.822022,2.289139,3.734171,4.761710,7.490594
1987-07-09,1.689636,Training,0.182162,0.789680,1.127968,1.578734,1.611959,1.838314,1.901068,2.407870,4.022516,5.209057,8.337014
1987-07-10,1.689636,Training,0.193833,0.864307,1.199763,1.507128,1.585412,1.733428,1.800431,2.264316,3.693958,4.697710,7.385796
1987-07-11,1.689636,Training,0.190781,0.863038,1.194024,1.489060,1.567203,1.706359,1.784355,2.242326,3.661756,4.648768,7.276339
1987-07-12,1.689636,Training,0.168458,0.821421,1.175173,1.522500,1.605729,1.788234,1.881016,2.397279,3.992004,5.098823,7.907291
1987-07-13,1.689636,Training,0.176355,0.843278,1.184206,1.489897,1.574853,1.726333,1.820154,2.307348,3.813899,4.842640,7.516992
1987-07-14,1.689636,Training,0.179157,0.852065,1.187029,1.475509,1.559430,1.698787,1.796132,2.272583,3.753978,4.761858,7.383056
1987-07-15,1.689636,Training,0.177299,0.849512,1.184012,1.470832,1.553115,1.694017,1.793451,2.272392,3.763447,4.774166,7.375371
1987-07-16,1.689636,Training,0.142099,0.730399,1.057913,1.523833,1.562491,1.792042,1.900074,2.449253,4.225916,5.500895,8.762781
1987-07-17,1.689636,Training,0.095545,0.680424,1.009785,1.510058,1.586331,1.843477,1.954191,2.576884,4.590659,6.066492,9.899126
1987-07-18,1.689636,Training,0.122845,0.812952,1.205247,1.502292,1.647978,1.840629,1.956698,2.569789,4.444054,5.741180,8.844438
1987-07-19,1.689636,Validation,0.095323,0.783434,1.181925,1.495174,1.679398,1.876394,2.035921,2.712960,4.757409,6.101452,9.332154
1987-07-20,1.689636,Validation,0.084018,0.768138,1.172987,1.497244,1.702979,1.900152,2.088336,2.804819,4.937026,6.283298,9.600156
1987-07-21,1.689636,Validation,0.108066,0.779368,1.169223,1.484043,1.654380,1.834910,2.002210,2.658932,4.617713,5.818144,8.934093
1987-07-22,1.689636,Validation,0.106456,0.774567,1.161557,1.477333,1.648129,1.829236,2.004816,2.674569,4.648968,5.843002,8.924201
1987-07-23,1.689636,Validation,0.073981,0.738079,1.132550,1.489612,1.709457,1.914433,2.142466,2.933214,5.165618,6.472925,9.722253
1987-07-24,1.689636,Validation,0.124683,0.770190,1.147891,1.465676,1.583590,1.763057,1.910861,2.505601,4.326529,5.480577,8.372505
1987-07-25,1.689636,Validation,0.166202,0.816773,1.176762,1.446326,1.525408,1.667182,1.774507,2.261767,3.823691,4.819726,7.518049
1987-07-26,1.689636,Validation,0.161240,0.804263,1.166061,1.444073,1.522476,1.670973,1.777471,2.275345,3.861624,4.850391,7.564807
1987-07-27,1.689636,Validation,0.148673,0.783490,1.150359,1.450617,1.538618,1.700510,1.814055,2.348510,4.023886,5.031521,7.828756
1987-07-28,1.689636,Validation,0.200821,0.826781,1.181834,1.458476,1.487487,1.627877,1.690100,2.106429,3.524534,4.438044,7.051653
1987-07-29,1.689636,Validation,0.178832,0.810850,1.172788,1.435955,1.482983,1.622586,1.714097,2.158436,3.638984,4.600985,7.215298
1987-07-30,1.689636,Validation,0.176088,0.809316,1.168732,1.420548,1.470916,1.603166,1.695955,2.139087,3.609886,4.548587,7.145389
1987-07-31,1.689636,Validation,0.192956,0.816483,1.176279,1.434539,1.466279,1.600587,1.671634,2.090889,3.514533,4.420448,7.012380
1987-08-01,1.689636,Validation,0.195085,0.812207,1.174922,1.439678,1.466688,1.606196,1.669405,2.091193,3.525120,4.426249,7.045487
1987-08-02,1.689636,Validation,0.196290,0.805654,1.172832,1.448796,1.471906,1.622158,1.674342,2.107785,3.572590,4.473612,7.149950
1987-08-03,1.689636,Validation,0.163156,0.774703,1.150455,1.429686,1.483039,1.646244,1.727235,2.223352,3.822243,4.773324,7.530360
1987-08-04,1.689636,Validation,0.183147,0.798053,1.163376,1.407948,1.439531,1.573589,1.645983,2.067764,3.489439,4.388378,6.970258
1987-08-05,1.689636,Validation,0.210821,0.836339,1.194107,1.412624,1.427512,1.534436,1.610224,1.965414,3.242306,4.139939,6.567935
1987-08-06,1.689636,Validation,0.204801,0.809650,1.190683,1.459469,1.463050,1.612646,1.693175,2.085273,3.488656,4.506323,7.097750
1987-08-07,1.689636,Validation,0.200029,0.792228,1.179252,1.465111,1.462904,1.624843,1.705964,2.108250,3.546075,4.593588,7.271245
1987-08-08,1.689636,Validation,0.206761,0.831575,1.209456,1.404029,1.425585,1.535462,1.611975,1.981329,3.293877,4.216064,6.679347
1987-08-09,1.689636,Validation,0.202664,0.829142,1.204202,1.383197,1.411568,1.508880,1.590210,1.955580,3.252110,4.148520,6.592752
1987-08-10,1.689636,Validation,0.194607,0.815691,1.193573,1.371986,1.405046,1.502276,1.586882,1.958765,3.266416,4.158636,6.611845
1987-08-11,1.689636,Validation,0.205974,0.808134,1.186461,1.376986,1.390101,1.492107,1.553592,1.904317,3.163453,4.001673,6.434067
1987-08-12,1.689636,Validation,0.218240,0.810939,1.192439,1.384064,1.384740,1.488171,1.534287,1.870633,3.099215,3.915315,6.342333
1987-08-13,1.689636,Validation,0.204670,0.793340,1.189021,1.389280,1.396346,1.516520,1.578570,1.943314,3.243669,4.122662,6.587904
1987-08-14,1.689636,Validation,0.125029,0.623479,0.953409,1.346393,1.353098,1.538251,1.620823,2.047859,3.628570,4.769536,8.162783
1987-08-15,1.689636,Validation,0.157813,0.764833,1.203026,1.375182,1.436347,1.571751,1.656010,2.107637,3.605511,4.639080,7.376498
1987-08-16,1.689636,Validation,0.152517,0.745158,1.199586,1.413755,1.474284,1.638857,1.739088,2.232369,3.873130,5.025956,7.911046
1987-08-17,1.689636,Validation,0.140544,0.756741,1.205886,1.340078,1.432600,1.548110,1.658968,2.128764,3.687340,4.726681,7.518084
1987-08-18,1.689636,Validation,0.154218,0.759467,1.198439,1.331959,1.406872,1.516867,1.616574,2.062959,3.546113,4.516163,7.192844
1987-08-19,1.689636,Validation,0.153390,0.751839,1.187042,1.320328,1.392899,1.501497,1.601450,2.048362,3.519228,4.470671,7.097009
1987-08-20,1.689636,Validation,0.156358,0.730353,1.175205,1.350842,1.405240,1.543086,1.632842,2.093528,3.607924,4.592868,7.253737
1987-08-21,1.689636,Validation,0.155624,0.751451,1.183553,1.301270,1.372072,1.472536,1.577538,2.024701,3.472448,4.411005,6.955472
1987-08-22,1.689636,Validation,0.151773,0.750037,1.186250,1.296920,1.374559,1.474184,1.587081,2.049235,3.525194,4.490096,7.026619
1987-08-23,1.689636,Validation,0.140389,0.740765,1.180435,1.288191,1.379036,1.478723,1.603518,2.092179,3.620127,4.617597,7.161689
1987-08-24,1.689636,Validation,0.125881,0.724738,1.165732,1.276255,1.379333,1.483980,1.619265,2.137706,3.718902,4.744456,7.302617
1987-08-25,1.689636,Validation,0.140027,0.738473,1.176942,1.276038,1.367575,1.463500,1.589428,2.079649,3.592111,4.578863,7.093476
1987-08-26,1.689636,Validation,0.176656,0.765771,1.196948,1.287939,1.344135,1.426239,1.523341,1.939528,3.291204,4.174585,6.601839
1987-08-27,1.689636,Validation,0.180931,0.765481,1.197357,1.288055,1.339052,1.421574,1.512101,1.921407,3.254319,4.121261,6.538420
1987-08-28,1.689636,Validation,0.181899,0.736931,1.187760,1.337563,1.369235,1.494508,1.568521,1.999848,3.411166,4.336537,6.866099
1987-08-29,1.689636,Validation,0.111379,0.584005,0.955082,1.291224,1.325602,1.499643,1.597828,2.093732,3.773830,4.933284,8.364126
1987-08-30,1.689636,Validation,-0.049179,0.541034,1.020302,1.423996,1.762452,2.079591,2.266852,3.177549,6.245416,8.878824,15.712108
1987-08-31,1.689636,Validation,-0.073017,0.716138,1.432217,1.896400,2.485559,3.011113,3.534344,5.418283,11.321463,16.654745,29.546009
1987-09-01,1.689636,Validation,-0.172365,0.558994,1.423250,1.627178,2.256958,2.780887,3.367135,5.314855,10.539488,14.858940,23.312777
1987-09-02,1.689636,Validation,-0.086656,0.629242,1.375355,1.447476,1.870159,2.171941,2.577693,3.816860,7.353751,9.921409,15.407489
1987-09-03,1.689636,Validation,-0.043019,0.636758,1.288872,1.353123,1.708475,1.913818,2.246062,3.283618,6.209898,8.180198,12.527903
1987-09-04,1.689636,Validation,0.037168,0.686782,1.264922,1.300195,1.551018,1.691612,1.919650,2.706954,4.950309,6.426631,9.881347
1987-09-05,1.689636,Validation,0.058212,0.694795,1.231800,1.254487,1.478587,1.593918,1.797882,2.514049,4.530907,5.854118,8.964784
1987-09-06,1.689636,Validation,0.081617,0.691547,1.194951,1.235334,1.415021,1.526387,1.691712,2.326715,4.137957,5.277799,8.165138
1987-09-07,1.689636,Validation,0.092795,0.688209,1.176896,1.234085,1.392595,1.509425,1.653957,2.262939,4.007112,5.079370,7.868157
1987-09-08,1.689636,Validation,0.106115,0.699528,1.178825,1.233735,1.376378,1.489791,1.624439,2.208190,3.886662,4.919448,7.632104
1987-09-09,1.689636,Validation,0.096728,0.699004,1.171783,1.213323,1.366614,1.475219,1.627787,2.228420,3.918049,4.976533,7.655612
1987-09-10,1.689636,Validation,0.102478,0.698577,1.166690,1.216047,1.359250,1.472095,1.614190,2.204190,3.866583,4.892916,7.545018
1987-09-11,1.689636,Validation,0.107986,0.699308,1.165728,1.221552,1.356943,1.474560,1.606013,2.188944,3.834605,4.838339,7.475396
1987-09-12,1.689636,Validation,0.109330,0.700164,1.165879,1.222086,1.355532,1.475845,1.603842,2.187165,3.828641,4.825467,7.453191
1987-09-13,1.689636,Validation,0.110103,0.698682,1.165053,1.225059,1.357414,1.482987,1.605100,2.191859,3.837688,4.827963,7.458039
1987-09-14,1.689636,Validation,0.101317,0.689157,1.156134,1.222174,1.363283,1.496170,1.621721,2.230183,3.914206,4.917140,7.570618
1987-09-15,1.689636,Validation,0.077747,0.658850,1.130799,1.225503,1.387475,1.542964,1.684430,2.353557,4.160391,5.228426,7.966304
1987-09-16,1.689636,Validation,0.055120,0.644339,1.112072,1.205085,1.396800,1.553800,1.718848,2.434620,4.311616,5.405830,8.196695
1987-09-17,1.689636,Validation,0.103551,0.697316,1.162768,1.223524,1.368703,1.498341,1.623569,2.232487,3.903219,4.901282,7.550870
1987-09-18,1.689636,Validation,0.171196,0.769541,1.229402,1.268371,1.361889,1.451642,1.540163,2.020222,3.431050,4.327977,6.787967
1987-09-19,1.689636,Validation,0.183467,0.728526,1.174980,1.374077,1.419144,1.561559,1.672800,2.160927,3.709172,4.821805,7.770937
1987-09-20,1.689636,Validation,0.150820,0.705794,1.155809,1.368971,1.445461,1.599696,1.728667,2.281227,3.985763,5.241576,8.513814
1987-09-21,1.689636,Validation,0.148234,0.801473,1.300892,1.286209,1.434280,1.514013,1.648826,2.186759,3.733846,4.826738,7.480384
1987-09-22,1.689636,Validation,0.014261,0.603462,1.026460,1.333111,1.594384,1.791353,1.998813,2.797568,5.356780,7.344300,12.571327
1987-09-23,1.689636,Validation,-0.020744,0.915647,1.740101,2.134823,2.853344,3.401214,3.909803,5.733144,11.538267,17.434963,31.927698
1987-09-24,1.689636,Validation,-0.166705,0.658174,1.700649,2.006431,2.814713,3.567585,4.432697,7.270265,14.465136,21.168175,34.356613
1987-09-25,1.689636,Validation,-0.104092,0.851901,1.777029,2.488092,3.374133,4.195036,5.026492,7.930884,16.178307,24.259369,45.153885
1987-09-26,1.689636,Validation,-0.022313,1.249335,2.568591,3.604872,4.730343,6.065513,7.457764,11.931259,23.760141,36.091522,65.776276
1987-09-27,1.689636,Validation,-0.178134,0.828101,2.205287,2.968657,4.289838,5.756033,7.725743,13.019968,24.926888,37.137489,59.111038
1987-09-28,1.689636,Validation,-0.297146,0.533023,1.588617,1.857516,3.050628,3.903132,5.313753,8.870088,16.356201,23.393759,35.195042
1987-09-29,1.689636,Validation,-0.186577,0.603316,1.437576,1.575247,2.311214,2.765727,3.535438,5.630453,10.564371,14.180908,20.947012
1987-09-30,1.689636,Validation,-0.197667,0.500750,1.174546,1.430646,2.175874,2.559628,3.307436,5.348807,9.772120,12.880989,18.536221
1987-10-01,1.689636,Training,-0.125981,0.529000,1.140805,1.482341,2.085249,2.439575,3.049637,4.827464,8.809312,11.510625,16.452103
1987-10-02,1.689636,Training,-0.064018,0.544274,1.078102,1.632732,2.143692,2.513009,3.086327,4.815931,8.989871,11.793124,17.559954
1987-10-03,1.689636,Training,-0.086680,0.540137,0.998956,1.670414,2.229038,2.632393,3.158294,5.045995,9.996264,13.377817,21.703632
1987-10-04,1.689636,Training,-0.123194,0.660761,1.275424,2.007927,2.778325,3.379764,4.080333,6.761251,13.935450,19.571177,33.767853
1987-10-05,1.689636,Training,-0.157264,0.707520,1.536525,2.501110,3.551282,4.487443,5.639984,9.629037,19.567684,27.900822,48.862686
1987-10-06,1.689636,Training,-0.229430,0.549235,1.442322,2.502100,3.853220,5.007986,6.613336,11.492516,22.014917,31.125835,50.280323
1987-10-07,1.689636,Training,-0.289707,0.414485,1.241056,2.216228,3.861482,4.983271,6.840736,11.802339,21.052525,29.297363,43.433632
1987-10-08,1.689636,Training,-0.248961,0.423232,1.148104,2.035725,3.450035,4.319252,5.851125,9.817516,17.371748,23.559460,33.836826
1987-10-09,1.689636,Training,-0.146593,0.597194,1.150577,2.439785,3.770053,4.610813,5.879165,9.859584,19.541897,26.396933,44.870735
1987-10-10,1.689636,Training,-0.058008,0.880109,1.761395,3.658883,6.147883,7.826745,10.329460,17.237164,30.739069,42.299988,69.023521
1987-10-11,1.689636,Training,-0.139514,0.735141,1.624437,3.335090,5.474482,7.081150,9.460262,16.065474,29.088245,40.260700,64.890907
1987-10-12,1.689636,Training,-0.325552,0.441187,1.344283,2.176834,4.270586,5.349839,7.655828,13.103716,22.228445,30.849815,44.388428
1987-10-13,1.689636,Training,-0.254896,0.494824,1.293730,2.253551,4.276607,5.224944,7.427801,12.283266,20.130428,27.206324,37.986614
1987-10-14,1.689636,Training,-0.044442,0.673491,1.315407,2.827099,4.430550,5.428285,7.322342,11.549620,20.069721,26.551344,39.426697
1987-10-15,1.689636,Training,-0.109690,0.826912,1.789524,3.183295,4.532908,5.791290,6.733429,11.291735,21.995539,30.907875,58.110558
1987-10-16,3.379272,Training,-0.214797,0.710983,1.823337,3.525912,6.092701,8.057982,11.407756,19.894859,34.927666,50.190975,80.945320
1987-10-17,1.689636,Training,-0.270032,0.631562,1.795448,3.069711,6.323554,8.013774,11.912057,19.938305,31.820126,44.903790,65.605774
1987-10-18,1.689636,Training,-0.235621,0.540072,1.384495,2.456447,4.498279,5.590376,7.929901,12.981958,21.530214,28.972891,40.454594
1987-10-19,1.689636,Training,0.086140,1.207512,2.311084,4.960250,8.261507,10.263046,12.671680,20.331083,35.929661,47.439884,81.796471
1987-10-20,1.689636,Training,0.711279,2.904864,4.939961,9.817250,18.016464,21.657419,28.923326,42.443245,64.198204,83.955582,132.931290
1987-10-21,1.689636,Training,0.307718,1.877504,3.734084,7.166284,12.978635,16.433466,23.261051,35.394859,54.135601,73.169319,107.267014
1987-10-22,1.689636,Training,0.081984,1.350810,2.847730,5.065359,9.656565,11.796984,17.106581,26.379652,39.549217,52.276287,74.032333
1987-10-23,1.689636,Training,0.450011,1.740852,2.802885,5.795557,9.292657,11.386423,15.069533,21.939840,35.142525,45.169422,69.507088
1987-10-24,1.689636,Training,0.000270,1.068622,2.226789,4.108487,7.542597,9.202419,13.141272,20.555243,31.466009,41.045181,57.242462
1987-10-25,1.689636,Training,-0.024440,0.875818,1.775925,3.478827,5.951111,7.330270,10.220840,15.874049,24.946779,32.432106,44.852043
1987-10-26,3.379272,Training,0.073974,1.153925,1.992584,4.462106,7.384455,9.053017,11.813334,18.734636,32.750088,42.375282,72.288048
1987-10-27,6.758545,Training,0.330048,1.833067,3.179270,6.757083,11.649309,14.495742,19.940840,30.469667,47.798920,62.644051,101.294907
1987-10-28,6.758545,Training,0.165858,1.547124,3.144245,5.581644,10.578705,13.010545,18.366060,28.066713,42.253376,55.719021,78.917374
1987-10-29,5.068908,Training,0.021818,1.091875,2.199683,3.965464,7.258562,8.789641,12.341289,18.887821,28.910759,37.590134,52.285557
1987-10-30,11.827453,Training,0.280755,1.790099,3.854365,7.772948,11.534876,15.499149,17.526548,28.306421,48.985847,64.962685,125.475609
1987-10-31,16.896361,Training,2.682021,7.424605,11.595098,21.379725,34.921524,40.396687,54.173027,70.131485,96.305756,115.240005,179.909393
1987-11-01,20.275634,Training,3.156603,8.786860,15.186466,23.774427,36.849552,42.644051,55.064911,70.477409,93.839165,111.483566,147.603317
1987-11-02,18.585998,Training,2.147302,5.230210,7.748528,15.436851,22.598944,26.842690,35.691597,46.196053,64.535675,76.525909,119.395332
1987-11-03,18.585998,Training,1.372916,3.565967,5.632130,11.552321,17.281290,20.996822,28.211119,38.335384,53.936714,65.310143,96.130020
1987-11-04,15.206725,Training,0.140990,1.397972,2.775774,5.030185,8.971875,10.948516,15.401050,23.367712,33.699245,43.153496,59.375481
1987-11-05,13.517089,Training,0.481904,1.989400,3.435947,6.104053,10.088129,11.778014,16.193501,23.214806,32.182495,39.589993,52.913448
1987-11-06,13.517089,Training,1.355829,3.187475,4.796912,9.386853,13.069240,15.318588,20.342270,26.442980,36.367794,43.510818,58.738895
1987-11-07,11.827453,Training,0.562606,1.648850,2.447772,5.505063,8.120667,9.711730,12.909530,17.763821,27.919779,35.281982,54.041874
1987-11-08,11.827453,Training,-0.139311,0.614257,1.333363,2.789702,4.722991,5.889678,8.026246,12.731587,20.595810,27.455177,38.083954
1987-11-09,10.137817,Training,-0.181134,0.607539,1.318286,2.439577,4.402911,5.266971,7.288778,11.368937,17.825418,23.517315,31.692076
1987-11-10,10.137817,Training,-0.035268,0.796511,1.532188,2.943091,5.019081,5.939953,8.202325,12.168338,18.555420,24.232187,32.011974
1987-11-11,8.448181,Training,-0.109040,0.684183,1.336652,2.379559,4.138082,4.809741,6.650060,9.934127,15.254902,19.838438,25.982435
1987-11-12,8.448181,Training,-0.082832,0.712707,1.347438,2.375489,4.039306,4.687021,6.412925,9.466384,14.486460,18.754301,24.315083
1987-11-13,10.137817,Training,0.114046,0.812971,1.326845,2.931408,4.324173,5.124318,6.644068,9.541462,16.371660,21.215542,31.941917
1987-11-14,8.448181,Training,-0.107097,0.633960,1.286520,2.383708,4.084236,4.884969,6.439648,9.856780,15.894217,21.115843,28.714287
1987-11-15,6.758545,Training,-0.195443,0.514406,1.107277,1.887759,3.260031,3.828371,5.113041,7.922847,13.050943,17.216681,23.327547
1987-11-16,6.758545,Training,-0.213287,0.492644,1.087215,1.888350,3.314560,3.891713,5.373971,8.301565,13.335352,17.456133,23.079884
1987-11-17,6.758545,Training,-0.142643,0.607626,1.204854,2.108927,3.648551,4.231608,5.813977,8.717343,13.606791,17.690126,23.109751
1987-11-18,6.758545,Training,-0.170618,0.522444,1.055459,1.567171,2.463746,2.817341,3.670976,5.579825,9.412135,12.111205,16.117290
1987-11-19,6.758545,Training,-0.128746,0.567531,1.091316,1.455608,2.118786,2.383259,3.002395,4.495605,7.748559,9.918365,13.384298
1987-11-20,6.758545,Training,-0.150964,0.538012,1.047217,1.501243,2.276673,2.582864,3.327253,5.021157,8.501476,10.838039,14.375746
1987-11-21,6.758545,Training,-0.110776,0.587955,1.101608,1.507722,2.194264,2.463966,3.107580,4.605659,7.866929,10.064722,13.508046
1987-11-22,6.758545,Training,-0.021152,0.676845,1.220810,1.650776,2.341246,2.648035,3.242580,4.663984,7.806068,10.111560,13.861601
1987-11-23,6.758545,Training,0.024990,0.706860,1.270632,1.927814,2.709176,3.164033,3.873406,5.559311,9.265465,12.097910,16.578201
1987-11-24,6.758545,Training,0.074168,0.792408,1.351514,2.132560,3.282342,3.823687,4.838681,6.849766,10.684609,13.807033,18.476097
1987-11-25,6.758545,Training,0.056050,0.786883,1.350899,2.147886,3.379812,3.937690,5.005544,7.157751,11.153764,14.429707,19.413776
1987-11-26,6.758545,Training,0.029888,0.740389,1.294008,1.967185,3.026990,3.506687,4.420604,6.368373,10.166586,13.184096,17.931004
1987-11-27,5.068908,Training,0.035569,0.733752,1.277915,1.918277,2.935019,3.395937,4.280567,6.142800,9.783016,12.659975,17.217001
1987-11-28,5.068908,Training,0.044950,0.747068,1.290529,1.953475,3.006055,3.478791,4.395555,6.299107,9.985378,12.908799,17.503452
1987-11-29,5.068908,Training,0.038415,0.739355,1.283951,1.929777,2.962252,3.429750,4.324338,6.214290,9.888671,12.796332,17.423250
1987-11-30,5.068908,Training,-0.002083,0.718920,1.277850,1.942975,2.998435,3.476473,4.375385,6.376405,10.284579,13.366351,18.291870
1987-12-01,5.068908,Training,-0.023411,0.702067,1.252543,1.918186,2.946881,3.390974,4.275997,6.238819,10.139538,13.149705,17.853514
1987-12-02,5.068908,Training,0.014149,0.682518,1.163501,2.019737,2.849322,3.384404,4.085958,6.025214,10.844892,14.533707,21.944860
1987-12-03,8.448181,Training,-0.107656,0.764398,1.395032,2.525218,3.818218,4.672798,5.787741,9.442223,18.943914,26.797544,44.961384
1987-12-04,11.827453,Training,-0.067883,0.979843,1.970340,3.928540,6.580721,8.294331,11.158645,18.596518,33.785480,47.361736,79.234879
1987-12-05,18.585998,Training,0.305287,1.710510,3.012537,6.244498,11.285048,13.799171,18.748610,28.835077,45.443020,60.900478,97.144379
1987-12-06,23.654906,Training,0.225827,1.563028,2.984556,5.674219,10.550345,12.796806,17.960428,26.863140,39.845383,52.674931,75.259895
1987-12-07,25.344542,Training,1.482907,3.847596,5.650479,11.240254,18.037970,21.202610,27.522396,37.082428,53.735500,66.335083,101.542000
1987-12-08,23.654906,Training,1.913894,4.904435,7.496628,13.931812,21.336832,24.884027,32.020035,42.360092,57.337002,68.979996,94.155762
1987-12-09,21.965270,Training,5.613398,12.190557,16.437696,26.591816,33.995358,38.325157,44.776169,53.679920,68.371529,78.166275,104.105865
1987-12-10,35.482359,Training,4.390589,11.025347,16.896690,28.589418,42.806278,49.024910,56.885246,71.052483,89.761017,105.536942,156.279495
1987-12-11,52.378721,Training,8.486557,21.613609,29.596571,46.046703,60.800274,67.502083,81.021370,94.614731,121.575089,135.492874,190.354980
1987-12-12,50.689084,Training,9.698898,24.488756,32.802101,49.556400,63.076172,69.647552,82.451836,94.616905,121.072289,133.844818,184.782806
1987-12-13,86.171444,Training,16.124485,43.943810,61.586502,82.233788,100.704056,108.796913,121.359787,137.059753,164.060425,177.489853,231.295471
1987-12-14,119.964167,Training,21.122913,58.922066,75.722839,93.530426,106.327507,112.025261,125.595474,137.959091,166.850235,181.760666,231.235123
1987-12-15,109.826350,Training,19.463367,52.353462,66.538185,82.887016,92.526382,98.656105,109.398972,120.258003,144.095566,157.574356,204.198776
1987-12-16,91.240352,Training,19.126930,50.627560,63.814526,78.599464,86.805084,92.428871,101.631470,111.688911,131.959717,144.618576,188.233963
1987-12-17,76.033627,Training,17.292372,45.612007,58.528793,69.014702,77.052422,81.131012,85.679535,94.817192,109.146370,119.222816,140.912521
1987-12-18,65.895810,Training,15.105257,37.796097,47.524971,57.880600,63.705448,67.234192,70.915459,78.557747,89.979874,97.308746,114.917290
1987-12-19,60.826901,Training,13.322845,32.413521,40.220989,48.178288,54.264065,55.253201,58.281353,64.839874,72.948494,77.118187,89.556625
1987-12-20,55.757993,Training,11.824029,27.323641,33.678501,41.391785,46.497746,46.950027,49.956142,55.264713,62.136326,65.227570,76.441513
1987-12-21,50.689084,Training,10.340117,22.528519,28.011677,35.771534,39.771233,40.575397,43.567204,48.034908,54.271519,57.070400,67.871696
1987-12-22,43.930540,Training,8.655908,17.691431,22.358870,30.012133,33.287605,34.600666,37.704151,41.632515,47.653477,50.722961,61.476055
1987-12-23,40.551268,Training,7.272930,14.036920,18.116756,25.194637,28.404799,30.104374,33.215679,37.028843,42.763691,46.345924,56.887131
1987-12-24,35.482359,Training,5.596214,10.415173,13.766035,20.009296,23.304520,25.261255,28.435522,32.238827,37.971630,41.978973,51.865826
1987-12-25,32.103087,Training,5.593683,10.804416,14.139575,20.458010,23.480471,25.115292,28.538124,32.100086,38.050060,41.644894,50.729053
1987-12-26,30.413451,Training,4.215670,8.187904,10.820992,16.467299,19.246496,20.886280,24.428476,27.868336,33.980202,37.423355,45.088333
1987-12-27,30.413451,Training,4.025717,7.605579,10.193048,15.522178,18.465240,20.139254,23.561623,26.913942,32.807373,36.763325,45.128628
1987-12-28,27.034178,Training,3.642952,6.835677,9.244082,14.266096,17.265348,18.957766,22.318602,25.680527,31.547625,35.718937,44.083252
1987-12-29,25.344542,Training,2.753039,5.162412,7.141243,11.423367,14.463296,16.165922,19.314478,22.708319,28.481327,33.036739,41.209511
1987-12-30,23.654906,Training,2.077823,3.997777,5.631119,9.260235,12.258013,13.876503,16.836298,20.231033,25.914003,30.700813,38.601940
1987-12-31,27.034178,Training,0.883614,2.009160,2.921828,5.655927,8.518558,10.163157,12.564321,16.360579,24.793812,32.028786,45.481808
1988-01-01,23.654906,Training,0.470022,1.567114,2.463505,4.604553,7.690374,9.009288,11.420148,16.253986,23.554985,30.226828,40.304111
1988-01-02,25.344542,Training,0.193163,0.995394,1.603229,3.570884,5.495532,6.714484,8.523434,12.620407,21.349014,27.789879,41.168453
1988-01-03,28.723815,Training,0.317459,1.278682,2.101198,4.366008,7.059832,8.520888,11.068433,15.965931,24.484526,31.924685,43.782604
1988-01-04,30.413451,Training,0.114628,0.933602,1.630359,3.318697,5.376328,6.513121,8.438470,12.453019,19.658918,25.821939,34.838272
1988-01-05,38.861631,Training,0.119524,1.105096,1.966190,4.219721,7.028337,8.641963,10.417930,16.431133,29.145346,38.658115,63.476986
1988-01-06,57.447629,Training,2.602344,6.262588,9.116807,16.032829,25.615845,29.374022,36.497036,48.902252,64.967186,79.820251,113.347481
1988-01-07,64.206174,Training,7.358246,16.560719,22.335697,32.664730,43.739925,48.005039,54.809383,66.975647,81.415352,92.999207,116.923592
1988-01-08,60.826901,Training,8.442813,18.313271,23.852703,33.334156,41.718365,45.055485,50.099445,59.014378,70.713165,78.987282,98.309303
1988-01-09,55.757993,Training,9.723857,20.684460,26.098537,35.011703,42.024559,44.695919,48.640884,56.109577,65.724655,72.520119,88.890755
1988-01-10,50.689084,Training,9.396618,19.044460,23.876467,32.351295,38.271980,40.953697,44.207741,50.897327,59.116657,65.268913,79.767815
1988-01-11,47.309812,Training,8.796182,17.450769,21.833906,29.979254,35.258598,37.811199,40.708542,46.826382,54.503521,60.048378,73.404503
1988-01-12,43.930540,Training,9.654294,18.925287,23.675524,32.075050,37.977699,41.337116,44.963585,51.599751,59.941978,68.076317,86.500275
1988-01-13,65.895810,Training,8.358000,18.975071,25.368362,36.597935,47.880268,53.464916,60.833061,72.150070,88.018616,102.308540,136.009079
1988-01-14,76.033627,Training,13.048065,32.186886,42.290653,56.386082,71.332703,77.410057,88.025093,102.343620,121.444817,138.903610,174.975449
1988-01-15,96.309260,Training,14.758365,36.010284,46.676128,60.849186,73.921227,79.707649,89.444260,102.732887,120.899010,137.121567,169.946991
1988-01-16,84.481807,Training,16.558121,40.707058,51.200325,62.267521,73.284309,77.220230,83.071716,93.741798,108.495461,120.463943,141.570114
1988-01-17,70.964718,Training,15.880758,38.120110,45.897484,54.957619,63.131702,65.623009,69.346291,77.010841,88.418831,96.796997,112.961220
1988-01-18,64.206174,Training,16.189518,37.016060,43.989044,52.443604,59.326237,61.520725,64.545357,71.553490,80.170258,87.815308,103.077072
1988-01-19,59.137265,Training,15.154525,34.590588,41.039490,51.734169,58.708893,62.738602,68.026077,75.903122,87.741341,98.264320,125.256432
1988-01-20,52.378721,Training,16.865028,38.725880,46.470249,56.673336,64.148819,68.105316,71.714638,81.116722,90.604546,100.575714,119.502312
1988-01-21,48.999448,Training,14.783921,33.277866,39.589790,49.021553,56.126099,59.309261,61.902699,70.173271,79.602989,87.264809,103.242554
1988-01-22,45.620176,Training,13.118594,28.335686,33.484924,43.073540,47.745205,51.251125,53.586468,59.640816,68.851372,75.446053,90.160454
1988-01-23,42.240904,Training,11.655956,24.158979,28.319866,36.528442,40.648090,42.905483,44.719589,49.672497,57.208572,61.600426,72.678612
1988-01-24,40.551268,Training,8.866308,17.059477,20.352190,29.490116,32.441265,35.749573,39.539433,43.820778,53.187397,59.481773,77.694672
1988-01-25,60.826901,Training,8.197871,16.336285,19.685472,29.537922,33.984802,38.105148,42.762642,48.706009,61.280617,69.699211,94.960472
1988-01-26,74.343991,Training,6.181215,14.513957,21.380171,33.972435,47.443035,54.421486,60.409592,74.324379,90.106491,105.306557,152.246796
1988-01-27,87.861080,Training,15.327276,40.493622,53.278553,70.553185,86.874886,94.277138,105.514542,120.924301,145.735931,161.485764,206.539459
1988-01-28,81.102535,Training,19.695957,50.051800,62.721191,75.432426,86.655266,92.185555,99.104080,111.003204,129.275772,144.999832,171.806702
1988-01-29,202.756338,Training,19.699308,53.489315,71.040443,89.117264,104.064888,111.728729,122.696808,138.099045,161.229416,175.952240,222.197235
1988-01-30,195.997793,Training,26.522388,71.274986,87.121086,96.689285,106.929871,110.763321,117.635506,128.320160,146.015015,163.859497,187.842377
1988-01-31,136.860528,Training,22.184916,56.050114,66.870338,76.047066,83.857841,87.871674,91.816841,100.121948,114.005531,127.385162,145.571472
1988-02-01,114.895258,Training,18.568419,45.764278,54.891670,67.134811,74.531944,79.306747,85.929573,94.770676,110.781616,123.068588,154.251450
1988-02-02,97.998897,Training,19.855007,47.820889,57.175671,65.384071,73.208336,75.826187,79.041939,87.669586,98.197197,108.001358,124.355988
1988-02-03,87.861080,Training,18.389950,44.242702,53.314636,64.571823,72.056526,76.489349,82.526146,91.687790,104.959511,117.199989,146.013397
1988-02-04,87.861080,Training,19.654961,48.573902,58.051239,69.801933,76.665009,81.755051,87.546951,96.940819,111.601852,124.090096,154.233261
1988-02-05,97.998897,Training,19.653975,47.125980,55.817173,66.205490,71.850334,77.048721,80.282578,88.907440,101.203606,112.240395,133.035217
1988-02-06,114.895258,Training,21.086060,55.667446,69.934708,84.133438,94.682198,100.904007,110.128990,122.365463,138.992249,154.106964,191.255859
1988-02-07,113.205622,Training,26.106380,65.872192,79.685402,87.810989,96.872368,99.749222,105.487549,116.171333,125.914078,140.134613,158.199921
1988-02-08,101.378169,Training,21.754976,52.455898,61.025139,68.382843,75.057884,78.363632,80.107483,87.931427,97.652466,107.905418,122.114532
1988-02-09,97.998897,Training,20.192331,46.666054,53.080021,60.598938,65.314407,68.888687,70.145004,76.594040,84.399811,93.242325,107.496071
1988-02-10,91.240352,Training,19.581057,44.145691,50.634636,57.289028,63.027519,64.881187,66.497147,73.022606,78.894936,86.189674,99.381058
1988-02-11,77.723263,Training,18.405781,40.313068,46.673061,54.468140,59.221390,62.013397,63.782753,70.109489,76.220406,83.998260,99.242393
1988-02-12,70.964718,Training,17.521711,37.359447,42.376225,48.675514,53.600609,55.424416,55.877140,61.447601,66.804169,72.583649,84.028229
1988-02-13,62.516537,Training,16.431681,34.124569,39.463257,46.266766,51.153301,53.044926,54.281158,59.883892,64.650276,70.254318,81.997147
1988-02-14,52.378721,Training,14.347648,27.917007,31.438925,37.238865,40.687660,42.198143,42.533558,46.556011,51.232288,54.483032,63.355198
1988-02-15,47.309812,Training,12.418518,23.160381,26.872080,33.198147,35.915653,37.819695,38.797165,42.291096,47.258224,50.666790,60.009541
1988-02-16,42.240904,Training,12.055514,22.125303,25.911739,32.103134,34.948112,36.615597,37.516487,40.740845,45.426826,49.064411,58.267429
1988-02-17,38.861631,Training,9.931727,17.426710,20.880987,26.625662,29.422537,31.095814,32.192284,35.322010,40.150894,43.578381,52.001015
1988-02-18,33.792723,Training,9.053048,15.726610,19.216404,24.879894,27.753723,29.491184,30.864578,33.982937,38.912838,42.544556,51.125763
1988-02-19,28.723815,Training,8.497940,14.406281,17.641523,23.046738,25.722069,27.457224,28.765995,31.742599,36.607384,40.002987,48.126812
1988-02-20,25.344542,Training,6.367809,10.302059,12.994501,18.022396,20.271383,22.140667,23.951059,26.802177,31.991117,35.192524,42.601913
1988-02-21,23.654906,Training,5.412166,8.794970,11.354388,17.129402,19.464766,21.854300,24.916368,27.794670,35.050705,40.164543,53.290260
1988-02-22,21.965270,Training,4.730377,7.603682,9.923017,15.186897,17.657049,20.021240,22.640978,26.074345,32.931641,37.680737,47.455532
1988-02-23,21.965270,Training,3.169200,5.088311,6.842143,11.645876,14.351774,16.748331,19.672777,23.202806,31.264414,37.266136,50.281269
1988-02-24,20.275634,Training,4.195270,6.584770,8.509146,13.229635,16.190588,18.449104,20.366632,24.211239,31.065344,35.810432,45.074005
1988-02-25,18.585998,Training,1.759609,3.176253,4.488431,7.522325,10.679730,12.520972,14.472207,18.174795,24.410892,30.254452,38.698528
1988-02-26,15.206725,Training,3.058303,5.246623,7.266206,11.457190,15.259474,17.594387,20.001270,24.056322,30.529583,36.444191,45.399754
1988-02-27,13.517089,Training,3.425611,5.787305,7.926628,12.325274,16.094337,18.509716,20.935966,25.031576,31.172029,36.754238,44.639267
1988-02-28,11.827453,Training,2.877297,4.954494,6.812418,10.826482,14.647523,16.936274,19.358856,23.576899,29.829149,35.544250,43.466534
1988-02-29,11.827453,Training,2.945626,5.166234,7.070848,11.237234,15.337629,17.711811,20.008453,24.745197,31.666140,37.954422,48.025108
1988-03-01,11.827453,Training,2.429303,4.270499,5.858765,9.558314,13.334960,15.510365,17.578808,22.156807,29.042772,35.263744,45.076660
1988-03-02,11.827453,Training,2.253117,3.878440,5.321436,8.771672,12.194423,14.235703,16.146729,20.370842,26.971832,32.848320,42.011600
1988-03-03,11.827453,Training,2.327230,4.012811,5.529949,9.043029,12.446061,14.501366,16.512573,20.580183,27.144653,33.018791,42.149620
1988-03-04,11.827453,Training,2.157854,3.523471,4.816127,7.986010,10.836283,12.732246,14.410992,18.081448,24.161358,29.395504,37.422215
1988-03-05,11.827453,Training,2.622091,4.548512,6.296229,10.055107,13.746386,15.940091,18.285927,22.308714,28.704197,34.532852,43.359501
1988-03-06,11.827453,Training,2.356866,4.049915,5.582189,9.091437,12.562555,14.629269,16.669506,20.793642,27.328564,33.282429,42.644691
1988-03-07,11.827453,Training,1.993907,3.145140,4.288743,7.168354,9.760788,11.559190,13.067736,16.693262,22.578363,27.600449,35.243713
1988-03-08,11.827453,Training,1.475549,2.372356,3.343074,5.692070,7.838298,9.340668,10.914447,14.112778,19.654493,24.304092,30.800554
1988-03-09,10.137817,Training,1.351382,2.205862,3.147162,5.369709,7.364793,8.763250,10.385531,13.367793,18.735064,23.220613,29.237246
1988-03-10,10.137817,Training,1.500480,2.383810,3.386308,5.728102,7.691346,9.096644,10.791889,13.676356,18.953547,23.334669,29.342459
1988-03-11,10.137817,Training,0.755579,1.431048,2.108209,3.622068,5.163791,6.212937,7.417185,9.932170,14.495330,18.406101,23.004559
1988-03-12,10.137817,Training,0.734846,1.396402,2.058779,3.531276,5.029722,6.047039,7.210166,9.671477,14.125790,17.962687,22.486910
1988-03-13,10.137817,Training,0.325591,0.889782,1.374322,2.236402,3.215497,3.858700,4.527197,6.388509,9.983304,12.818118,16.311140
1988-03-14,10.137817,Training,0.379866,0.909876,1.373533,2.170648,3.062269,3.684709,4.208107,5.925802,9.267950,11.962314,15.385638
1988-03-15,10.137817,Training,0.362945,0.893180,1.363314,2.179327,3.077662,3.708094,4.249417,6.011961,9.445851,12.182149,15.683876
1988-03-16,10.137817,Training,0.317627,0.875672,1.367352,2.267191,3.216281,3.872378,4.522202,6.400685,10.082409,12.923307,16.529964
1988-03-17,10.137817,Training,0.351806,0.918617,1.414835,2.338338,3.331456,4.000625,4.669938,6.578430,10.264928,13.115664,16.716755
1988-03-18,8.448181,Training,0.383592,0.980388,1.498287,2.519074,3.586858,4.297520,5.056375,7.053220,10.892476,13.828418,17.479080
1988-03-19,8.448181,Training,0.409762,1.025968,1.556565,2.639647,3.738881,4.471966,5.276400,7.300426,11.201634,14.151562,17.795321
1988-03-20,6.758545,Training,0.435700,1.061548,1.599536,2.715605,3.833594,4.580798,5.401843,7.438349,11.358640,14.305654,17.947752
1988-03-21,8.448181,Training,0.531945,1.122243,1.683160,2.954968,4.028514,4.893667,5.700188,7.810357,12.097355,15.367329,19.724672
1988-03-22,8.448181,Training,0.501705,1.071517,1.596730,2.699590,3.768714,4.555253,5.256616,7.352047,11.376135,14.510000,18.612625
1988-03-23,6.758545,Training,0.411656,1.011054,1.536805,2.632582,3.688204,4.435897,5.177799,7.206109,11.141431,14.068265,17.830667
1988-03-24,6.758545,Training,0.500152,1.121547,1.675435,2.888235,4.023624,4.837822,5.649830,7.771157,11.861580,14.915802,18.817762
1988-03-25,6.758545,Training,0.613988,1.281580,1.887969,3.293218,4.549730,5.465912,6.415016,8.682232,13.011780,16.245649,20.337372
1988-03-26,6.758545,Training,0.535537,1.183929,1.756661,3.053458,4.228339,5.084052,5.960214,8.128942,12.329003,15.420521,19.326769
1988-03-27,5.068908,Training,0.491089,1.119061,1.667360,2.892107,4.000404,4.818219,5.631365,7.739732,11.869811,14.884149,18.765333
1988-03-28,5.068908,Training,0.455681,1.067609,1.596118,2.767632,3.820664,4.608313,5.372254,7.434554,11.513694,14.465808,18.350233
1988-03-29,5.068908,Training,0.419305,0.996575,1.503231,2.645840,3.608881,4.390820,5.087435,7.140604,11.308341,14.301386,18.457628
1988-03-30,5.068908,Training,0.337188,0.880881,1.333762,2.350650,3.235344,3.943252,4.550446,6.641682,10.867577,13.884165,18.550406
1988-03-31,3.379272,Training,0.368225,0.931459,1.412204,2.514405,3.455759,4.208489,4.868722,6.975267,11.213166,14.214921,18.648497
1988-04-01,3.379272,Training,0.364280,0.922688,1.386390,2.507534,3.453866,4.209803,4.873920,7.091862,11.531661,14.655139,19.562935
1988-04-02,3.379272,Training,0.245237,0.784552,1.217167,2.349643,3.268479,4.015771,4.711582,7.100325,12.155428,15.659674,22.022194
1988-04-03,3.379272,Training,0.241705,0.798247,1.248883,2.355079,3.328203,4.104926,4.794199,7.264157,12.324506,15.978782,22.237268
1988-04-04,5.068908,Training,0.275612,0.818566,1.283552,2.513293,3.513886,4.349732,5.079646,7.628820,12.868110,16.497448,22.700989
1988-04-05,3.379272,Training,0.192026,0.728327,1.158465,2.340915,3.379985,4.193358,4.944468,7.796157,13.649017,17.645988,25.272495
1988-04-06,3.379272,Training,0.182908,0.731806,1.173843,2.308975,3.377836,4.178360,4.939255,7.664790,13.210640,17.050720,23.814425
1988-04-07,3.379272,Training,0.228626,0.787023,1.225198,2.420417,3.493334,4.292109,5.088984,7.786338,13.264204,17.034895,23.743345
1988-04-08,3.379272,Training,0.282446,0.864680,1.298485,2.640847,3.825363,4.688053,5.598168,8.618504,14.694841,18.794785,26.628790
1988-04-09,3.379272,Training,0.243672,0.813163,1.234986,2.496397,3.608268,4.414050,5.263233,8.100227,13.870402,17.750437,25.208151
1988-04-10,1.689636,Training,0.202981,0.762268,1.185522,2.358860,3.409035,4.158759,4.970240,7.580969,12.945923,16.611721,23.357609
1988-04-11,5.068908,Training,0.418764,1.321238,2.302811,5.587831,9.051559,11.629055,13.383911,20.643087,36.417599,47.671284,80.099953
1988-04-12,5.068908,Training,1.729475,3.631446,4.990052,11.020501,17.042910,21.261942,26.326738,40.099106,60.143539,75.146072,109.672432
1988-04-13,5.068908,Training,1.941716,3.839991,5.140633,11.045398,16.030291,19.801916,24.420076,34.836552,51.420105,63.041191,90.398872
1988-04-14,6.758545,Training,4.196853,7.865293,9.862550,17.061041,21.713779,25.152855,29.470387,36.646946,49.754723,56.860474,76.617081
1988-04-15,8.448181,Training,3.829606,6.822011,8.601739,14.655789,18.295965,20.715342,24.290478,29.591961,39.970085,45.515766,60.722946
1988-04-16,5.068908,Training,3.441989,5.967798,7.584256,13.136092,16.229988,18.309330,21.606150,26.183281,35.546139,40.628590,54.607498
1988-04-17,8.448181,Training,2.222667,3.912470,4.942047,10.114101,13.441837,15.441444,19.378748,24.442566,37.369858,44.674549,67.628754
1988-04-18,18.585998,Training,2.261557,4.187679,5.208366,11.029948,15.283878,17.957222,22.320988,29.833618,46.673035,56.492851,86.936172
1988-04-19,32.103087,Training,2.658211,4.900472,6.081441,12.576017,16.946850,20.203030,24.499649,32.958920,50.176308,60.098503,90.981049
1988-04-20,32.103087,Training,3.948200,7.404426,9.195359,16.130018,20.498606,23.880920,27.429634,34.425293,47.941891,54.913891,75.123138
1988-04-21,30.413451,Training,4.799685,8.864152,11.007174,18.406607,22.318850,25.570862,29.143187,34.825832,46.771133,52.990154,70.664993
1988-04-22,32.103087,Training,3.940638,7.480692,9.073596,17.502914,22.346008,26.194286,31.450144,39.313217,59.133152,68.447441,104.563782
1988-04-23,28.723815,Training,4.930489,9.464830,11.586468,19.406305,23.831150,27.795940,31.001842,38.069756,52.336376,59.178505,80.754211
1988-04-24,28.723815,Training,4.538021,8.341379,10.298494,17.696341,21.261173,24.577600,27.978432,33.686596,46.182571,52.313908,71.610016
1988-04-25,28.723815,Training,5.388945,10.218092,12.323915,20.933527,24.554365,28.682062,32.339355,38.488506,53.108879,59.261009,84.919289
1988-04-26,28.723815,Training,5.187978,9.825405,12.104589,19.177954,22.843086,25.863136,28.659096,33.615883,44.724758,49.238579,66.384300
1988-04-27,25.344542,Training,4.951687,9.211747,11.497549,17.976158,21.354681,23.735582,26.514257,30.683582,40.074806,44.098091,58.298382
1988-04-28,23.654906,Training,4.726416,8.735061,10.977208,17.129063,20.330143,22.476175,25.218513,29.038975,37.801468,41.469696,54.890987
1988-04-29,21.965270,Training,4.495672,8.165847,10.339586,16.561029,19.468033,21.702789,24.627594,28.343466,37.082134,41.116192,54.609249
1988-04-30,20.275634,Training,2.036916,3.577385,4.537469,9.326877,11.677889,13.547647,16.639217,20.965433,31.793173,37.289627,55.238716
1988-05-01,21.965270,Training,1.803744,3.362550,4.197917,9.189644,12.126241,14.388600,17.687256,23.625057,37.879128,44.813251,68.958618
1988-05-02,21.965270,Training,1.500328,3.084950,3.809736,9.089845,13.044138,15.884070,19.656178,28.301350,47.931305,57.680088,91.905380
1988-05-03,21.965270,Training,2.385899,4.766925,5.794914,12.839344,17.524734,21.490883,26.044682,36.284855,57.642883,68.228012,106.006073
1988-05-04,92.929988,Training,3.551265,7.383637,8.843216,18.230349,24.480858,29.736712,35.633190,47.567780,73.881607,85.561180,132.385986
1988-05-05,206.135610,Training,5.447166,11.871970,14.143505,26.197525,33.647587,40.389473,47.221077,59.893211,88.071991,100.313850,149.459213
1988-05-06,106.447077,Training,5.410175,11.638398,13.852130,25.919443,32.782307,39.474838,45.820095,58.077175,84.190857,96.167221,140.874573
1988-05-07,79.412899,Training,6.023490,12.653144,15.204448,26.765593,32.029346,38.616966,43.212761,52.829086,73.030708,82.601852,112.567337
1988-05-08,62.516537,Training,6.671608,14.008422,16.744135,27.403030,31.803753,37.583000,41.047043,48.370090,64.669365,72.122498,94.681473
1988-05-09,54.068357,Training,7.146078,14.786606,17.655010,27.891888,31.771435,36.670910,40.106094,46.119999,60.077362,66.928772,88.120720
1988-05-10,47.309812,Training,6.807677,14.069475,17.025391,25.152260,29.278933,32.462601,35.029736,39.883587,49.995113,54.650803,69.158783
1988-05-11,38.861631,Training,5.658203,11.098708,13.618768,21.229225,24.516909,27.452402,30.181641,34.594120,44.342403,48.455643,62.930595
1988-05-12,33.792723,Training,5.017094,9.833750,11.691443,19.832855,23.092047,26.400389,29.974112,34.855061,47.886288,52.953152,76.311600
1988-05-13,30.413451,Training,5.162480,10.142020,12.500425,20.138672,23.438560,26.818733,29.665567,34.609028,45.616024,50.481895,67.305984
1988-05-14,28.723815,Training,4.828912,9.484831,11.818719,18.421696,21.836756,24.391993,26.962730,31.251089,40.657974,44.247307,57.838161
1988-05-15,28.723815,Training,5.102184,10.096352,12.078028,20.565687,24.175793,27.755352,31.709576,36.982807,51.076881,57.199459,82.537270
1988-05-16,27.034178,Training,5.331608,10.678030,13.251757,20.888517,24.680609,28.029995,30.967813,36.000565,47.004524,52.220108,68.393402
1988-05-17,21.965270,Training,5.177120,10.170148,12.566740,20.503948,23.952953,27.389248,30.747723,35.689060,47.360340,52.944477,72.038002
1988-05-18,20.275634,Training,5.586069,11.198148,13.662634,22.384157,26.148935,30.035786,33.825893,39.172718,52.320404,58.941227,81.857620
1988-05-19,18.585998,Training,5.144752,10.435698,13.043840,19.953320,24.034441,26.730295,29.579554,34.209831,44.140697,48.611549,62.829975
1988-05-20,16.896361,Training,4.714105,9.299635,11.716825,18.205706,21.852810,24.135904,27.069136,31.235876,40.243427,44.382908,57.214573
1988-05-21,15.206725,Training,4.017183,7.636669,9.679374,15.860435,18.928169,21.047817,24.213327,28.130035,36.714283,41.081223,53.574242
1988-05-22,15.206725,Training,3.323227,6.109918,7.722303,13.859287,16.541327,18.642260,22.234385,26.257219,36.306602,41.333759,57.839363
1988-05-23,15.206725,Training,2.251455,4.369990,5.612684,10.136221,12.769532,14.427786,17.227968,21.299648,29.801575,33.967133,45.182095
1988-05-24,15.206725,Training,1.072392,2.325844,3.078230,6.008336,8.080371,9.208379,11.393477,15.050495,22.249413,26.271593,35.860603
1988-05-25,15.206725,Training,0.580577,1.525385,2.100484,4.189102,5.846420,6.689882,8.339618,11.572303,17.859407,21.571474,30.185654
1988-05-26,13.517089,Training,0.509847,1.385297,1.935347,3.910849,5.397135,6.211271,7.745326,10.787624,16.865517,20.514057,28.882320
1988-05-27,13.517089,Training,0.525950,1.432666,1.988611,3.895399,5.369127,6.134083,7.626758,10.561521,16.378996,19.784286,27.726643
1988-05-28,13.517089,Training,0.473121,1.242532,1.753774,3.823247,5.127431,5.943261,7.484502,10.401523,16.882750,20.802488,30.857403
1988-05-29,11.827453,Training,0.630562,1.599619,2.200352,4.391603,6.027473,6.921276,8.620885,11.845990,18.182243,21.880253,30.578785
1988-05-30,10.137817,Training,0.760833,1.816872,2.462115,4.847994,6.582943,7.529844,9.374672,12.648233,19.137562,22.815147,31.619463
1988-05-31,10.137817,Training,0.257232,1.017551,1.493465,2.804437,3.892710,4.435771,5.470253,7.839128,12.628327,15.493221,22.114191
1988-06-01,10.137817,Training,0.261843,1.029306,1.505077,2.780821,3.862957,4.372117,5.429212,7.693938,12.208479,14.953418,21.070007
1988-06-02,8.448181,Training,0.335419,1.126069,1.615193,2.979860,4.111851,4.637593,5.771679,8.008032,12.410279,15.120996,21.108143
1988-06-03,8.448181,Training,0.106861,0.768727,1.165350,1.858110,2.389078,2.679385,3.186948,4.523006,7.551504,9.396671,13.571516
1988-06-04,6.758545,Training,0.111536,0.785874,1.187917,1.902815,2.432346,2.743143,3.257175,4.630436,7.772696,9.661939,13.941171
1988-06-05,6.758545,Training,0.103887,0.769414,1.152395,1.734309,2.138422,2.396915,2.791710,3.919712,6.603782,8.242075,11.977554
1988-06-06,6.758545,Training,0.125763,0.784518,1.132515,1.565422,1.810805,2.001291,2.250098,3.056177,5.119742,6.461136,9.553657
1988-06-07,5.068908,Training,0.123428,0.767964,1.125462,1.600219,1.818061,2.045619,2.285551,3.107319,5.260464,6.682071,9.860894
1988-06-08,5.068908,Training,0.088759,0.660342,0.973911,1.631107,1.813111,2.115873,2.353121,3.246647,5.762094,7.491040,11.725178
1988-06-09,5.068908,Training,-0.023146,0.570391,0.920059,1.681985,2.093354,2.499030,2.799891,4.095942,7.796501,10.582818,17.302841
1988-06-10,6.758545,Training,0.034549,0.725410,1.182416,1.848741,2.194955,2.651964,2.941921,4.235649,7.978820,10.963861,17.446012
1988-06-11,6.758545,Training,-0.008434,0.713505,1.153872,2.022183,2.549615,3.109861,3.533111,5.266515,10.439255,14.534689,24.425905
1988-06-12,5.068908,Training,-0.025034,0.786985,1.288149,2.671367,3.626737,4.465180,5.354217,8.566630,17.126730,23.362888,40.882587
1988-06-13,8.448181,Training,0.006903,0.920622,1.472552,3.119340,4.213364,5.257831,6.390666,10.364678,20.499477,27.911860,48.721951
1988-06-14,8.448181,Training,0.033920,1.008643,1.565678,3.757410,5.343748,6.668285,8.319625,13.795921,26.543699,35.210411,62.083092
1988-06-15,8.448181,Training,0.276555,1.375356,1.969367,5.312526,7.964905,10.103932,12.949859,20.889498,35.890244,45.623028,75.504761
1988-06-16,20.275634,Training,0.176929,1.342556,2.028224,5.402834,8.181115,10.252046,12.843822,21.043367,38.165638,48.787823,85.645355
1988-06-17,27.034178,Training,0.912107,2.801132,3.806637,8.652201,12.854915,16.558235,20.397776,30.276306,45.899906,56.165207,80.030922
1988-06-18,28.723815,Training,2.473406,5.682784,7.031485,14.296046,18.478619,22.604801,26.677376,34.875389,50.285404,57.806377,78.664619
1988-06-19,27.034178,Training,4.500700,10.061847,12.087782,20.553406,24.627413,28.395695,32.099754,38.036495,50.751732,55.768421,72.367012
1988-06-20,25.344542,Training,3.288964,6.751539,7.718067,15.986394,19.568731,22.409920,27.867603,34.157085,51.436802,57.303410,88.026825
1988-06-21,23.654906,Training,3.146662,6.507354,7.779996,15.935782,19.377304,22.849682,27.684076,34.725594,50.037628,56.913036,82.257622
1988-06-22,21.965270,Training,1.747852,4.016711,4.687141,11.494630,15.995672,18.949286,24.058771,33.370289,54.206848,62.972279,102.151802
1988-06-23,23.654906,Training,0.475520,1.897908,2.509200,6.890645,10.796368,13.148241,16.939919,27.088343,45.994572,56.635105,97.893127
1988-06-24,21.965270,Training,0.285524,1.655277,2.344625,6.281370,9.741578,12.098786,15.641012,25.525801,43.661968,55.092857,94.989182
1988-06-25,21.965270,Training,2.064962,5.200964,6.812057,14.439201,19.946680,25.278557,29.966089,41.134686,58.706749,69.568291,96.339012
1988-06-26,21.965270,Training,5.720692,13.087671,15.938049,26.913740,31.773790,37.574684,41.498138,48.841827,64.693123,71.635414,92.829521
1988-06-27,20.275634,Training,7.260271,16.526272,19.954252,30.696184,35.225288,40.037796,43.424587,49.119907,62.390671,68.093735,86.844604
1988-06-28,21.965270,Training,5.151670,10.711213,12.383680,22.863316,26.423512,30.513758,35.836365,42.238911,59.836418,66.204956,97.199036
1988-06-29,25.344542,Training,1.896887,4.496191,5.348360,12.909124,18.193787,21.799065,27.148083,38.023342,61.539234,71.522606,113.606308
1988-06-30,25.344542,Training,0.479408,1.800180,2.389446,6.575410,9.837768,12.301774,15.731968,24.928629,42.029854,52.221725,86.405457
1988-07-01,27.034178,Training,1.276540,3.317966,4.402020,10.101633,14.374184,18.184549,22.238815,32.003307,48.238262,57.809326,83.345551
1988-07-02,28.723815,Training,2.351596,5.011827,6.206664,13.928852,17.987890,21.759657,26.912374,35.306122,53.304268,61.661793,92.765991
1988-07-03,33.792723,Training,2.439060,5.152163,6.300075,14.133416,18.188461,21.825918,27.046326,35.446777,53.986744,62.316830,95.163902
1988-07-04,50.689084,Training,0.085310,1.218778,2.304254,5.010049,6.367500,8.585725,9.686265,15.783244,30.170511,40.831642,78.549294
1988-07-05,62.516537,Training,0.271719,1.631248,2.439373,6.437217,10.016314,12.953539,17.150438,28.077606,46.965050,61.184601,100.249428
1988-07-06,59.137265,Training,0.865293,2.622794,3.585958,9.284132,13.945288,17.835068,22.846802,34.563129,54.353283,67.364815,104.142204
1988-07-07,50.689084,Training,4.056680,9.769206,12.191878,22.011578,27.907900,33.814816,38.314705,48.068489,66.864906,75.093307,99.100494
1988-07-08,43.930540,Training,7.177322,16.817787,20.384087,30.774826,35.929543,40.500015,43.746059,49.553043,63.431190,68.846031,86.820854
1988-07-09,33.792723,Training,6.817882,15.616327,18.986191,27.726788,32.512024,35.233646,38.261581,42.508114,52.595631,56.279888,71.251839
1988-07-10,28.723815,Training,6.060495,13.324900,16.340870,23.957418,28.084023,29.818460,32.748665,36.072285,44.198727,46.690117,59.979885
1988-07-11,23.654906,Training,5.084147,10.827234,13.425619,20.199772,23.733330,25.109568,28.166500,31.079802,38.657253,40.833038,53.019253
1988-07-12,21.965270,Training,3.853011,8.098269,10.111901,15.886794,18.911743,20.125441,23.366913,26.109873,33.650101,35.988113,47.097736
1988-07-13,18.585998,Training,2.382818,5.154165,6.483156,10.878850,13.477757,14.556611,17.782131,20.652897,28.262661,31.119184,41.250172
1988-07-14,15.206725,Training,2.200372,4.785093,6.035154,10.143549,12.608138,13.611934,16.746052,19.470522,26.773436,29.560009,39.229435
1988-07-15,13.517089,Training,2.228471,4.814566,6.075139,10.129007,12.502757,13.447632,16.513666,19.029551,25.995703,28.573433,38.005150
1988-07-16,11.827453,Training,2.308178,4.931809,6.240034,10.354881,12.697068,13.645409,16.713638,19.147118,26.003925,28.531885,37.940876
1988-07-17,10.137817,Training,1.398194,3.092675,4.028480,7.416065,9.401746,10.410834,13.349165,16.034414,23.061560,26.438461,36.130058
1988-07-18,8.448181,Training,0.710034,1.937456,2.631295,4.881766,6.578307,7.358200,9.588037,12.262918,18.448757,21.743006,30.070293
1988-07-19,6.758545,Training,0.286866,1.204895,1.761446,3.183412,4.459971,5.057648,6.539004,8.933154,14.145380,17.089258,24.068666
1988-07-20,6.758545,Training,0.344628,1.335161,1.910204,3.347697,4.674846,5.238199,6.796870,9.088306,14.154190,16.860941,23.669884
1988-07-21,5.068908,Training,0.227637,1.111945,1.644026,2.811092,3.900252,4.392091,5.647635,7.649812,12.174357,14.564376,20.722113
1988-07-22,5.068908,Training,0.114045,0.894034,1.381505,2.239548,3.045628,3.454046,4.346111,6.017441,9.915087,11.970793,17.364355
1988-07-23,5.068908,Training,0.111773,0.763510,1.134181,1.447971,1.583430,1.755679,1.930613,2.556785,4.420569,5.553799,8.463968
1988-07-24,5.068908,Training,0.162244,0.818105,1.164318,1.430199,1.503267,1.632976,1.754397,2.224150,3.746075,4.764196,7.370740
1988-07-25,5.068908,Training,0.203664,0.850988,1.176098,1.426868,1.456013,1.557943,1.643808,2.008871,3.286293,4.186048,6.613729
1988-07-26,5.068908,Training,0.208887,0.854843,1.181359,1.426731,1.450642,1.551312,1.632773,1.989506,3.252038,4.142683,6.556685
1988-07-27,5.068908,Training,0.214617,0.858164,1.187141,1.427101,1.444668,1.545419,1.621300,1.969389,3.216786,4.097550,6.499722
1988-07-28,5.068908,Training,0.216264,0.862113,1.195616,1.427392,1.444943,1.546501,1.622495,1.972151,3.230088,4.121845,6.523263
1988-07-29,3.379272,Training,0.215728,0.860047,1.196819,1.424591,1.442008,1.543402,1.619954,1.970186,3.232626,4.125528,6.527355
1988-07-30,3.379272,Training,0.215322,0.854220,1.191486,1.417349,1.432262,1.531118,1.606371,1.951113,3.198807,4.073880,6.468027
1988-07-31,1.689636,Training,0.215733,0.847521,1.185766,1.413511,1.424773,1.522170,1.594287,1.933440,3.167399,4.024052,6.415428
1988-08-01,1.689636,Training,0.217762,0.844889,1.185929,1.411684,1.419056,1.516887,1.584700,1.919495,3.144884,3.991026,6.378938
1988-08-02,1.689636,Training,0.214108,0.846016,1.193053,1.406530,1.419967,1.517914,1.592666,1.936696,3.186978,4.056366,6.448319
1988-08-03,1.689636,Training,0.209358,0.838332,1.190462,1.401962,1.417634,1.518232,1.595355,1.946725,3.214483,4.092177,6.492290
1988-08-04,1.689636,Training,0.203759,0.823351,1.175884,1.391379,1.405857,1.506541,1.580532,1.932964,3.196705,4.050786,6.452193
1988-08-05,1.689636,Training,0.219315,0.832695,1.186582,1.401800,1.403232,1.500102,1.561582,1.891274,3.109174,3.937699,6.325876
1988-08-06,1.689636,Training,0.215972,0.841643,1.200962,1.395242,1.409412,1.499089,1.576969,1.917358,3.162302,4.027209,6.416164
1988-08-07,1.689636,Training,0.219803,0.846510,1.212926,1.397868,1.411512,1.502280,1.579328,1.920909,3.173878,4.051010,6.441918
1988-08-08,1.689636,Training,0.220242,0.843740,1.213136,1.391335,1.403800,1.493497,1.569185,1.908604,3.153666,4.022262,6.405975
1988-08-09,1.689636,Training,0.219242,0.838851,1.210926,1.385105,1.397323,1.485177,1.561178,1.899552,3.139472,4.000078,6.380146
1988-08-10,1.689636,Training,0.216862,0.838197,1.217036,1.384719,1.402673,1.489615,1.570836,1.918492,3.182475,4.062716,6.454040
1988-08-11,1.689636,Training,0.216907,0.837536,1.221297,1.382946,1.402981,1.488478,1.571493,1.922060,3.192918,4.078993,6.472936
1988-08-12,1.689636,Training,0.218018,0.831783,1.216715,1.374235,1.389627,1.474008,1.552965,1.895833,3.142800,4.006245,6.385812
1988-08-13,1.689636,Training,0.218040,0.827084,1.213157,1.366232,1.380189,1.461553,1.539021,1.877664,3.109525,3.956363,6.326851
1988-08-14,1.689636,Training,0.215887,0.827850,1.221327,1.364912,1.385321,1.465971,1.548558,1.897207,3.152925,4.021637,6.401886
1988-08-15,1.689636,Training,0.215349,0.825026,1.221137,1.359310,1.380823,1.458918,1.542303,1.890941,3.142509,4.006398,6.382204
1988-08-16,1.689636,Training,0.215338,0.824367,1.225309,1.356275,1.379686,1.456816,1.541176,1.892731,3.148932,4.017228,6.392726
1988-08-17,1.689636,Training,0.216204,0.820148,1.222090,1.348359,1.369004,1.444314,1.525738,1.871845,3.109365,3.959491,6.323159
1988-08-18,1.689636,Training,0.216151,0.816957,1.221675,1.342573,1.362824,1.437174,1.517414,1.862695,3.093808,3.936773,6.295484
1988-08-19,1.689636,Training,0.214360,0.815723,1.225680,1.339420,1.363742,1.437425,1.520565,1.872136,3.115140,3.968793,6.331463
1988-08-20,1.689636,Training,0.212814,0.820261,1.239871,1.343360,1.376941,1.449977,1.540124,1.907232,3.189360,4.078931,6.458975
1988-08-21,1.689636,Training,0.212607,0.816910,1.236499,1.334317,1.367226,1.437410,1.526394,1.889529,3.154389,4.028319,6.395192
1988-08-22,1.689636,Training,0.213829,0.810220,1.227188,1.323823,1.350974,1.419293,1.502512,1.854852,3.085662,3.926382,6.274646
1988-08-23,1.689636,Training,0.211478,0.810756,1.232615,1.320437,1.353766,1.420332,1.508008,1.868478,3.114694,3.970102,6.323089
1988-08-24,1.689636,Training,0.210471,0.811665,1.237216,1.319013,1.357198,1.420671,1.512186,1.878069,3.134148,3.998886,6.353780
1988-08-25,1.689636,Training,0.214098,0.803142,1.224786,1.314225,1.342211,1.405515,1.486224,1.837109,3.052131,3.873076,6.210558
1988-08-26,1.689636,Training,0.221115,0.799261,1.223639,1.321736,1.339669,1.407297,1.472333,1.813696,3.007869,3.803689,6.142704
1988-08-27,1.689636,Training,0.212408,0.804066,1.231147,1.306191,1.340871,1.401009,1.485375,1.843191,3.064832,3.894502,6.229973
1988-08-28,1.689636,Training,0.207985,0.812024,1.251661,1.313072,1.363357,1.425169,1.522386,1.906331,3.190209,4.083217,6.445494
1988-08-29,1.689636,Training,0.208135,0.819496,1.266665,1.317552,1.376742,1.437924,1.540993,1.939410,3.261554,4.188390,6.565809
1988-08-30,1.689636,Training,0.208249,0.820922,1.272211,1.318286,1.380230,1.442677,1.547214,1.951643,3.288201,4.227404,6.609571
1988-08-31,1.689636,Training,0.207748,0.820839,1.271326,1.310803,1.373837,1.432845,1.537495,1.939445,3.261652,4.189243,6.558541
1988-09-01,1.689636,Training,0.168978,0.688124,1.098765,1.365534,1.393158,1.537790,1.650606,2.112804,3.695776,4.866371,8.012966
1988-09-02,1.689636,Training,0.176627,0.787475,1.270691,1.329048,1.417819,1.510455,1.622594,2.101076,3.591040,4.652064,7.224090
1988-09-03,1.689636,Training,0.181328,0.800040,1.264922,1.286816,1.377671,1.439560,1.550340,1.991199,3.375515,4.336140,6.814844
1988-09-04,1.689636,Training,0.172039,0.780606,1.244980,1.273431,1.366506,1.429199,1.539613,1.975206,3.352337,4.290617,6.803819
1988-09-05,1.689636,Training,0.187092,0.782024,1.241308,1.283750,1.357018,1.422501,1.512210,1.923858,3.245731,4.123757,6.587682
1988-09-06,1.689636,Training,0.205560,0.787201,1.248110,1.301639,1.358224,1.427196,1.491569,1.884085,3.165845,4.004051,6.453600
1988-09-07,1.689636,Training,0.213150,0.791861,1.252029,1.305339,1.357154,1.425080,1.482318,1.868611,3.132476,3.956446,6.390603
1988-09-08,1.689636,Training,0.207889,0.792971,1.249651,1.295527,1.352656,1.418599,1.485489,1.878004,3.147029,3.978368,6.387880
1988-09-09,1.689636,Training,0.201478,0.792841,1.246968,1.285202,1.349257,1.413794,1.491485,1.892911,3.172716,4.017103,6.411414
1988-09-10,1.689636,Training,0.191320,0.797786,1.247856,1.265175,1.345287,1.400707,1.500539,1.916826,3.214701,4.085831,6.461352
1988-09-11,1.689636,Training,0.194054,0.798472,1.247865,1.267126,1.344671,1.401546,1.496859,1.910389,3.199315,4.060450,6.430004
1988-09-12,1.689636,Training,0.198370,0.799055,1.249187,1.272084,1.345012,1.405221,1.492131,1.901536,3.180506,4.029102,6.397248
1988-09-13,1.689636,Training,0.192279,0.803118,1.252103,1.261717,1.344696,1.400493,1.500911,1.921240,3.215638,4.083978,6.444254
1988-09-14,1.689636,Training,0.186614,0.810403,1.261365,1.256820,1.352604,1.403694,1.518638,1.954624,3.277724,4.178962,6.538077
1988-09-15,1.689636,Training,0.181371,0.819510,1.277613,1.263665,1.374472,1.425001,1.553925,2.014264,3.393122,4.347757,6.723770
1988-09-16,1.689636,Training,0.181143,0.821718,1.279069,1.263448,1.376132,1.426223,1.556728,2.019451,3.399430,4.354395,6.726624
1988-09-17,1.689636,Training,0.181111,0.818525,1.271791,1.257343,1.366821,1.417390,1.544271,2.002057,3.362392,4.295178,6.656175
1988-09-18,1.689636,Training,0.176267,0.815276,1.268379,1.253400,1.366638,1.419734,1.548756,2.016267,3.390832,4.328490,6.695125
1988-09-19,1.689636,Training,0.168587,0.803723,1.253860,1.245679,1.361643,1.419558,1.547997,2.026135,3.412580,4.342479,6.719453
1988-09-20,1.689636,Training,0.205644,0.845048,1.293153,1.272430,1.366052,1.406348,1.519574,1.937295,3.207733,4.084680,6.391764
1988-09-21,1.689636,Training,0.206899,0.858652,1.312421,1.279883,1.380658,1.419253,1.540127,1.967183,3.261188,4.169087,6.482953
1988-09-22,1.689636,Training,0.203276,0.871676,1.341513,1.308201,1.424540,1.471473,1.607895,2.070061,3.468489,4.466773,6.830070
1988-09-23,1.689636,Training,0.203451,0.872757,1.339528,1.301995,1.417680,1.462175,1.597300,2.055367,3.434007,4.414800,6.763603
1988-09-24,1.689636,Training,0.206638,0.869119,1.326459,1.286550,1.394040,1.433944,1.560056,1.998693,3.313750,4.238860,6.555997
1988-09-25,1.689636,Training,0.212989,0.865869,1.317602,1.284093,1.381354,1.420843,1.535122,1.956715,3.226314,4.105927,6.409897
1988-09-26,1.689636,Training,0.218280,0.867445,1.319216,1.289969,1.381853,1.422046,1.529006,1.943866,3.197482,4.058396,6.362112
1988-09-27,1.689636,Training,0.223243,0.869749,1.322708,1.297449,1.384949,1.426393,1.526675,1.937067,3.180933,4.028823,6.335002
1988-09-28,1.689636,Training,0.227288,0.872744,1.327123,1.304447,1.389260,1.431574,1.527017,1.935043,3.173381,4.013211,6.322429
1988-09-29,1.689636,Training,0.211352,0.886596,1.349007,1.302493,1.413450,1.451279,1.579352,2.025293,3.348286,4.274251,6.592316
1988-09-30,1.689636,Training,0.208494,0.893363,1.362545,1.315357,1.434184,1.474419,1.611369,2.073851,3.443436,4.407904,6.742811
1988-10-01,1.689636,Training,0.212148,0.890219,1.352750,1.305837,1.417590,1.455181,1.583935,2.031853,3.354186,4.275686,6.590118
1988-10-02,1.689636,Training,0.219531,0.887665,1.345491,1.305464,1.407201,1.444931,1.561048,1.992974,3.272753,4.151169,6.456861
1988-10-03,1.689636,Training,0.226772,0.887871,1.345609,1.314279,1.408807,1.448938,1.553504,1.976765,3.235936,4.089744,6.400527
1988-10-04,1.689636,Training,0.222534,0.892166,1.350757,1.312131,1.413347,1.451638,1.564456,1.996791,3.272174,4.141977,6.451348
1988-10-05,1.689636,Training,0.206940,0.905714,1.380395,1.333750,1.459994,1.501974,1.646672,2.126068,3.530234,4.514480,6.858923
1988-10-06,1.689636,Training,0.206902,0.905749,1.378638,1.331055,1.456895,1.498078,1.641935,2.119884,3.513596,4.487169,6.823844
1988-10-07,1.689636,Training,0.206216,0.906582,1.379663,1.332456,1.459143,1.500858,1.645619,2.125740,3.521848,4.495348,6.830801
1988-10-08,1.689636,Training,0.206046,0.908070,1.380904,1.333416,1.460729,1.502058,1.647154,2.128255,3.522723,4.492876,6.825697
1988-10-09,1.689636,Training,0.211512,0.900615,1.371149,1.334152,1.451633,1.498914,1.631001,2.101568,3.459420,4.396570,6.728220
1988-10-10,1.689636,Training,0.192449,0.818443,1.291126,1.505470,1.590490,1.749355,1.917044,2.508039,4.328072,5.687503,8.839655
1988-10-11,1.689636,Training,0.138401,0.762351,1.223068,1.519480,1.653168,1.850449,2.030478,2.738535,4.906890,6.553387,10.452062
1988-10-12,1.689636,Training,0.119951,0.843928,1.423269,1.475488,1.715352,1.870456,2.075757,2.832947,4.957708,6.521548,9.655594
1988-10-13,1.689636,Training,0.061734,0.914076,1.709775,2.259664,2.792120,3.440475,3.610029,5.070974,9.747886,14.658582,26.361418
1988-10-14,1.689636,Training,-0.104026,0.928258,1.956380,2.806483,3.860177,4.853772,6.104059,10.104724,20.636267,31.140108,56.152901
1988-10-15,1.689636,Training,-0.241833,0.699468,1.940477,2.131863,3.281857,4.133220,5.510309,9.023570,17.330936,25.494810,39.155586
1988-10-16,1.689636,Training,-0.166166,0.629050,1.523130,2.042748,2.799650,3.511389,4.470139,7.211508,14.002183,19.454933,29.866344
1988-10-17,1.689636,Training,-0.111339,0.663243,1.464792,1.866619,2.485378,3.002877,3.719212,5.817653,11.150043,15.010925,22.233271
1988-10-18,3.379272,Training,-0.045416,0.887740,1.595652,2.376731,3.154869,3.814333,4.503253,7.021431,14.273911,20.312155,35.460777
1988-10-19,1.689636,Training,-0.130435,0.822010,1.853688,2.904331,4.118000,5.298790,6.834064,11.430342,22.223375,31.785631,52.036819
1988-10-20,1.689636,Training,-0.302315,0.538764,1.543439,2.007397,3.408413,4.278586,5.857278,9.760786,17.940107,25.367117,37.398476
1988-10-21,1.689636,Training,-0.285186,0.466595,1.241699,1.637624,2.731703,3.295575,4.479421,7.339001,13.238130,17.828358,25.453365
1988-10-22,1.689636,Training,-0.129921,0.677171,1.256605,2.314813,3.289892,4.002403,4.971653,8.167890,16.535246,22.447445,38.937901
1988-10-23,1.689636,Training,-0.304463,0.454795,1.347660,2.141157,3.702698,4.770894,6.560303,11.270700,20.008291,27.702827,40.534389
1988-10-24,1.689636,Training,-0.328222,0.399134,1.152808,1.722938,3.151946,3.873230,5.390276,9.031182,15.492443,20.942610,29.616434
1988-10-25,1.689636,Training,-0.257755,0.449149,1.113880,1.686365,3.031833,3.591289,4.962501,8.027476,13.196539,17.253147,23.902695
1988-10-26,1.689636,Training,-0.100303,0.552655,1.159190,2.158153,3.323197,4.003295,5.324269,8.272429,13.990447,18.109573,25.418993
1988-10-27,1.689636,Training,-0.156042,0.572287,1.134266,2.278115,3.420927,4.167233,4.990864,8.252644,16.294352,22.045200,38.898792
1988-10-28,1.689636,Training,-0.295810,0.448130,1.312298,2.502750,4.498159,5.885165,8.157734,14.328379,24.721178,34.534348,52.150246
1988-10-29,1.689636,Training,-0.292711,0.430200,1.251004,2.341213,4.382317,5.594755,7.839817,13.260224,21.891672,29.993225,43.440907
1988-10-30,1.689636,Training,-0.113540,0.590440,1.141802,2.457788,3.651081,4.475797,5.792119,9.436049,17.957779,23.563856,38.710732
1988-10-31,1.689636,Training,-0.246822,0.456985,1.193078,2.279400,3.836106,4.844438,6.581201,11.014470,19.468525,26.279171,38.168583
1988-11-01,1.689636,Training,-0.312218,0.380002,1.051640,1.573155,2.792169,3.353284,4.588429,7.596038,13.252004,17.632072,24.610054
1988-11-02,1.689636,Training,-0.115158,0.525894,1.047879,2.009995,2.820242,3.400152,4.306173,6.892268,13.193974,17.297358,27.235632
1988-11-03,1.689636,Training,-0.146545,0.585446,1.157741,2.223158,3.202914,3.928325,4.925786,8.248594,16.425966,22.024996,37.122982
1988-11-04,1.689636,Training,-0.174038,0.606416,1.373424,2.389734,3.419648,4.330286,5.486093,9.301063,18.102802,24.786005,40.203598
1988-11-05,1.689636,Training,-0.156177,0.690070,1.405751,2.530059,3.581717,4.473206,5.575434,9.431034,18.897768,26.050606,46.234013
1988-11-06,1.689636,Training,-0.198148,0.614408,1.480407,2.670800,3.897346,5.035714,6.566236,11.267005,21.500406,29.773277,49.295200
1988-11-07,3.379272,Training,-0.121793,0.879916,1.756352,3.029014,4.238709,5.339533,6.645673,11.045268,22.038656,31.103985,55.633919
1988-11-08,5.068908,Training,-0.050425,1.197122,2.450963,4.162109,5.780792,7.461461,9.391810,15.496506,29.956186,42.828953,75.994102
1988-11-09,3.379272,Training,-0.268043,0.747848,2.243648,3.498224,6.794488,8.931848,13.313226,21.868685,35.085079,50.596531,72.345589
1988-11-10,3.379272,Training,-0.262292,0.617252,1.692517,2.939450,5.722646,7.248960,10.664625,17.219269,26.621044,36.781502,51.634193
1988-11-11,1.689636,Training,-0.055213,0.725175,1.370340,3.028211,4.465384,5.587821,7.357577,11.670671,21.124502,27.522264,43.266243
1988-11-12,1.689636,Training,-0.239998,0.511587,1.284192,2.335367,4.025655,5.053507,6.911092,11.213168,18.542059,24.738710,33.872364
1988-11-13,1.689636,Training,-0.199763,0.596304,1.337242,2.388649,4.308902,5.179648,7.213258,11.327248,17.504787,22.953123,30.470095
1988-11-14,1.689636,Training,-0.129557,0.679975,1.381064,2.493001,4.374845,5.145058,7.172422,10.868239,16.446268,21.400623,27.822678
1988-11-15,1.689636,Training,-0.180067,0.551381,1.143698,1.915949,3.255262,3.802767,5.181434,7.921286,12.512392,16.235931,21.094439
1988-11-16,1.689636,Training,-0.174056,0.543649,1.106034,1.737829,2.839370,3.298887,4.399434,6.687916,10.793815,13.938558,18.191776
1988-11-17,1.689636,Training,-0.136129,0.603499,1.166467,1.912601,3.131674,3.628415,4.853527,7.247826,11.458059,14.787505,19.114666
1988-11-18,1.689636,Training,-0.131717,0.586988,1.126192,1.711203,2.678614,3.077471,4.008023,5.977958,9.778806,12.588015,16.584553
1988-11-19,1.689636,Training,-0.092437,0.625674,1.168236,1.712087,2.593094,2.969176,3.768032,5.550775,9.153096,11.802643,15.800513
1988-11-20,1.689636,Training,0.068757,0.725191,1.199857,2.381562,3.361390,3.963225,4.966178,7.106547,12.235813,15.938917,23.462084
1988-11-21,1.689636,Training,-0.116015,0.534241,1.090410,1.929012,2.790130,3.350581,4.223955,6.497529,11.432415,14.975267,20.814835
1988-11-22,1.689636,Training,-0.069991,0.643908,1.241158,1.912384,3.032757,3.554728,4.461916,6.668179,11.006873,14.489675,20.222124
1988-11-23,1.689636,Training,-0.038576,0.684770,1.300346,2.025162,3.262716,3.817690,4.871817,7.185085,11.694365,15.391897,21.495449
1988-11-24,1.689636,Training,-0.120762,0.607514,1.228088,1.798590,2.836169,3.275934,4.149014,6.279549,10.721927,14.149708,19.682518
1988-11-25,1.689636,Training,-0.023664,0.677591,1.213604,2.060652,2.954303,3.525094,4.207570,6.395184,11.894205,16.147478,25.333942
1988-11-26,1.689636,Training,-0.140752,0.618478,1.316888,1.797824,2.786774,3.257029,4.046493,6.259790,11.217830,15.112539,21.444967
1988-11-27,1.689636,Training,-0.101946,0.646022,1.311411,1.785158,2.730222,3.152541,3.904220,5.888027,10.355807,13.821043,19.592768
1988-11-28,1.689636,Training,-0.093836,0.643743,1.275132,1.959524,3.151357,3.656544,4.668654,7.003516,11.749903,15.564010,21.639450
1988-11-29,1.689636,Training,-0.049153,0.703469,1.310742,2.171883,3.579963,4.157871,5.348711,7.925417,12.709641,16.699327,22.796700
1988-11-30,1.689636,Training,-0.087657,0.646870,1.144404,2.048232,2.963041,3.559968,4.216904,6.618452,13.046934,18.048838,29.798012
1988-12-01,1.689636,Training,-0.118757,0.758620,1.638047,2.886964,4.461981,5.635312,7.238777,11.913464,22.226007,31.269384,49.652721
1988-12-02,1.689636,Training,-0.178735,0.656498,1.555172,2.882984,4.921573,6.257220,8.377674,13.585929,23.701351,32.943424,48.680206
1988-12-03,1.689636,Training,-0.099169,0.790736,1.641623,3.110754,5.714437,6.896740,9.522161,14.599854,22.901606,30.555391,42.560314
1988-12-04,1.689636,Training,0.131665,1.183695,2.101123,4.108597,7.178235,8.381169,11.649368,16.953550,24.801004,31.864927,42.776894
1988-12-05,1.689636,Training,1.810757,4.076064,5.819161,10.285352,14.721946,16.394709,20.712526,26.274971,34.721050,41.141167,53.857796
1988-12-06,1.689636,Training,2.475776,5.249999,7.218559,12.369262,16.458447,18.144188,22.357542,27.228971,35.136547,40.751858,52.060474
1988-12-07,1.689636,Training,4.002499,7.764293,10.402378,16.323942,20.546478,22.513594,26.198858,30.776627,37.918617,43.007351,54.304005
1988-12-08,1.689636,Training,5.007167,9.410581,12.444813,18.578848,22.774300,24.922815,28.192329,32.669277,39.157528,43.951111,54.551590
1988-12-09,1.689636,Training,3.581887,6.771372,9.167760,14.386195,18.536600,20.605242,23.960802,28.439070,35.083294,40.338966,50.727428
1988-12-10,1.689636,Training,2.487007,4.852012,6.708244,11.036720,14.964120,16.840736,20.129992,24.501982,31.078457,36.620865,46.662773
1988-12-11,1.689636,Training,2.288806,4.521023,6.272126,10.425317,14.173510,15.969565,19.239592,23.469334,29.967014,35.430099,45.236496
1988-12-12,1.689636,Training,2.059482,4.141130,5.778923,9.711499,13.249615,14.943173,18.196606,22.247246,28.637407,33.994904,43.444103
1988-12-13,1.689636,Training,2.082732,4.181153,5.820777,9.772001,13.204806,14.866066,18.132437,22.052237,28.381800,33.616783,42.852287
1988-12-14,1.689636,Training,1.143956,2.490487,3.604110,6.160806,9.063316,10.516844,13.091175,16.511786,21.959362,27.109222,34.547054
1988-12-15,1.689636,Training,1.160822,2.487258,3.587197,6.076687,8.967216,10.422523,12.944528,16.323900,21.622591,26.672173,33.698143
1988-12-16,1.689636,Training,1.176986,2.515137,3.628383,6.131970,9.095421,10.570286,13.124376,16.621155,22.015106,27.115307,34.278706
1988-12-17,1.689636,Training,1.169961,2.515893,3.635824,6.145425,9.146120,10.630015,13.215023,16.790573,22.292072,27.444103,34.862328
1988-12-18,1.689636,Training,1.252406,2.677087,3.863741,6.558604,9.692863,11.238158,13.943864,17.709389,23.501583,28.838577,36.987503
1988-12-19,1.689636,Training,0.408303,1.319822,2.013414,3.486793,5.573588,6.530226,8.332394,11.294475,16.106062,20.627865,26.936344
1988-12-20,1.689636,Training,0.075691,0.829287,1.392926,2.266131,3.555257,4.124607,5.197945,7.469468,11.635510,15.162802,20.444693
1988-12-21,1.689636,Training,-0.000712,0.716496,1.250129,1.861098,2.760331,3.141365,3.895809,5.650853,9.242217,12.003603,16.178579
1988-12-22,1.689636,Training,0.059552,0.765569,1.302781,1.918740,2.800183,3.207235,3.950344,5.610569,9.004241,11.700968,15.872583
1988-12-23,1.689636,Training,0.085196,0.779765,1.311252,1.905114,2.743324,3.135726,3.841873,5.417758,8.654810,11.253014,15.340088
1988-12-24,1.689636,Training,0.018080,0.725336,1.254473,1.823047,2.639738,2.991454,3.669805,5.284906,8.663175,11.264380,15.216800
1988-12-25,1.689636,Training,-0.007432,0.684400,1.187947,1.653901,2.300539,2.576096,3.143425,4.543462,7.610610,9.811043,13.164562
1988-12-26,1.689636,Training,0.039930,0.738494,1.255092,1.735442,2.408455,2.692326,3.262413,4.625947,7.646507,9.916816,13.398654
1988-12-27,1.689636,Training,0.077320,0.772331,1.298801,1.826823,2.552880,2.880030,3.486246,4.900827,7.959830,10.355728,14.063979
1988-12-28,1.689636,Training,0.099813,0.789383,1.317610,1.896430,2.693281,3.065602,3.725697,5.227097,8.353396,10.868036,14.779762
1988-12-29,1.689636,Training,0.094930,0.791380,1.324873,1.941247,2.804150,3.205255,3.906249,5.516840,8.786738,11.446876,15.559439
1988-12-30,1.689636,Training,0.091414,0.792763,1.330004,1.966106,2.865561,3.281914,4.003838,5.677381,9.036840,11.781149,16.010212
1988-12-31,1.689636,Training,0.092244,0.793793,1.331319,1.968724,2.870518,3.288566,4.009737,5.687715,9.056063,11.804486,16.040030
1989-01-01,1.689636,Training,0.106380,0.801112,1.334877,1.971507,2.872268,3.293647,4.019430,5.677419,8.999786,11.722192,15.937261
1989-01-02,1.689636,Training,0.112511,0.807355,1.340672,1.990788,2.915924,3.348551,4.093449,5.781812,9.136660,11.898403,16.159216
1989-01-03,1.689636,Training,0.128716,0.817200,1.343127,2.006719,2.959443,3.397992,4.175559,5.875078,9.210453,11.965769,16.160450
1989-01-04,1.689636,Training,0.117508,0.821132,1.359949,2.047234,3.041877,3.505290,4.297426,6.093354,9.597196,12.512288,16.967810
1989-01-05,1.689636,Training,0.069149,0.779119,1.320376,2.004879,2.937433,3.375162,4.105180,5.907013,9.550576,12.463313,16.760178
1989-01-06,1.689636,Training,0.024819,0.704204,1.159970,2.316477,3.491139,4.193571,5.115824,7.661409,13.916925,18.778736,28.648232
1989-01-07,1.689636,Training,0.037052,0.840059,1.514689,2.723912,4.796712,5.708187,7.309226,11.126978,17.611845,23.692869,32.935997
1989-01-08,1.689636,Training,0.017209,0.779146,1.412071,2.562458,4.407448,5.216587,6.666137,10.015703,15.807220,21.063511,28.815002
1989-01-09,1.689636,Training,0.596659,1.632757,2.506985,4.739824,7.497983,8.766240,11.163932,15.145546,21.483103,27.693836,36.880314
1989-01-10,1.689636,Training,1.212522,2.618116,3.721035,7.122428,11.071180,13.018399,16.043087,21.067839,30.792233,39.744030,57.078590
1989-01-11,1.689636,Training,0.637618,1.806777,2.796796,5.591720,9.202505,10.895078,13.891360,19.736307,28.369690,36.657387,50.182392
1989-01-12,1.689636,Training,0.583544,1.690082,2.609993,5.061133,8.255368,9.646609,12.316386,17.201986,24.398121,31.306465,41.867374
1989-01-13,1.689636,Training,1.598925,3.270968,4.633866,8.270342,12.053870,13.690076,16.820705,21.444618,28.475368,34.953007,45.753719
1989-01-14,1.689636,Training,1.711529,3.398958,4.768084,8.398729,11.985912,13.591853,16.540335,20.802919,27.346426,33.420185,43.358116
1989-01-15,1.689636,Training,1.750838,3.432591,4.791648,8.395898,11.833634,13.415894,16.251175,20.302080,26.584295,32.415199,41.829548
1989-01-16,1.689636,Training,1.977885,3.762360,5.213539,8.946808,12.394938,14.064438,16.830486,20.755520,26.903709,32.595699,41.803898
1989-01-17,1.689636,Training,2.213822,4.109148,5.662458,9.527878,13.021709,14.806416,17.511776,21.390711,27.471504,33.082138,42.170528
1989-01-18,1.689636,Training,2.442382,4.452877,6.107791,10.106730,13.672335,15.577332,18.236855,22.142790,28.215103,33.784710,42.818882
1989-01-19,1.689636,Training,2.446129,4.459132,6.112699,10.138253,13.695892,15.613968,18.269487,22.220148,28.355595,33.945293,43.108990
1989-01-20,1.689636,Training,2.491117,4.523322,6.192262,10.227893,13.774297,15.705236,18.341034,22.281744,28.396116,33.915829,43.032864
1989-01-21,1.689636,Training,2.141438,3.962846,5.446861,9.233190,12.503090,14.229433,16.864002,20.636589,26.649714,32.010796,40.838951
1989-01-22,1.689636,Training,2.465364,4.445377,6.095404,10.043129,13.392025,15.275092,17.879213,21.576546,27.507864,32.770237,41.513535
1989-01-23,1.689636,Training,2.699746,4.790216,6.560873,10.578066,13.965331,15.982603,18.555937,22.217281,28.040878,33.191204,41.656479
1989-01-24,1.689636,Training,2.809489,4.996016,6.820755,10.972116,14.433057,16.462261,19.082096,22.882803,28.869205,34.070011,42.942802
1989-01-25,1.689636,Training,0.572387,1.467456,2.199186,4.061113,6.141494,7.271182,8.982560,12.058693,17.262783,22.302715,29.148785
1989-01-26,1.689636,Training,0.798670,1.762373,2.562814,5.023580,7.379412,8.809114,10.879795,14.252447,21.073870,27.260201,38.035179
1989-01-27,1.689636,Training,0.917747,2.051484,3.011194,5.415984,8.311971,9.736903,11.929373,15.855937,21.906206,27.723265,36.309231
1989-01-28,1.689636,Training,1.179614,2.420837,3.496298,6.187945,9.127878,10.611341,12.960424,16.714922,22.703955,28.306471,36.719559
1989-01-29,1.689636,Training,0.482746,1.349204,2.049485,3.617206,5.622027,6.617234,8.162223,11.064265,15.984425,20.651251,26.819380
1989-01-30,1.689636,Training,0.331288,1.097132,1.694050,2.930390,4.510981,5.296867,6.475073,8.945781,13.273897,17.189981,22.235901
1989-01-31,1.689636,Training,0.341804,1.111007,1.708923,2.931061,4.500380,5.281736,6.446342,8.847371,13.090231,16.989895,22.067726
1989-02-01,1.689636,Training,0.419353,1.207287,1.843717,3.309867,4.941979,5.882815,7.182274,9.745653,14.555484,19.013454,25.009438
1989-02-02,1.689636,Training,0.381568,1.146993,1.760374,3.109148,4.710722,5.586852,6.777321,9.311618,13.800414,17.927160,23.211555
1989-02-03,1.689636,Training,0.352429,1.080428,1.652790,2.853486,4.325538,5.100244,6.150270,8.490871,12.567850,16.231899,20.845304
1989-02-04,1.689636,Training,0.410754,1.185084,1.794554,3.091564,4.700015,5.529124,6.701478,9.097897,13.324025,17.248402,22.260258
1989-02-05,1.689636,Training,0.458621,1.261879,1.895805,3.263560,4.965893,5.849674,7.096780,9.552817,13.849692,17.924135,23.168053
1989-02-06,1.689636,Training,0.528163,1.369400,2.042468,3.526073,5.379465,6.354522,7.712682,10.302843,14.749270,19.053843,24.642563
1989-02-07,1.689636,Training,0.550658,1.397375,2.079544,3.615080,5.498346,6.506455,7.870808,10.531963,15.078197,19.470114,25.171518
1989-02-08,1.689636,Training,0.583921,1.440596,2.137874,3.733685,5.653729,6.702417,8.092500,10.804068,15.446158,19.921171,25.732960
1989-02-09,1.689636,Training,0.785162,1.818984,2.644238,4.944385,7.685315,9.232835,11.179804,14.819482,22.127571,29.054949,40.226059
1989-02-10,1.689636,Training,1.091957,2.559492,3.676172,6.966207,11.417872,13.622887,16.594191,22.963884,33.828297,43.971252,62.504284
1989-02-11,1.689636,Training,0.972504,2.215642,3.264346,6.118459,10.039203,12.009618,14.488778,20.646389,29.155048,37.134678,49.537411
1989-02-12,1.689636,Training,1.781523,3.285140,4.568378,8.131701,11.834599,13.827292,16.423685,21.348267,28.988785,35.645084,46.501236
1989-02-13,1.689636,Training,2.790202,4.812287,6.469245,10.818339,14.529238,16.565102,19.280979,23.643097,30.923094,36.853569,47.491829
1989-02-14,1.689636,Training,1.068473,2.001128,2.843575,5.162140,7.497479,8.865568,10.705415,14.071563,19.429121,24.402969,31.163385
1989-02-15,1.689636,Training,1.164316,2.095007,2.951690,5.271986,7.493011,8.835392,10.544155,13.621605,18.623333,23.284071,29.567438
1989-02-16,1.689636,Training,1.324302,2.331526,3.261508,5.734555,8.054838,9.436057,11.153614,14.137611,19.113600,23.824951,30.364471
1989-02-17,1.689636,Training,1.290218,2.222529,3.106039,5.438855,7.531045,8.871515,10.447462,13.264240,17.939474,22.271383,28.076197
1989-02-18,1.689636,Training,1.208108,2.107211,2.965091,5.198673,7.186016,8.478114,10.073527,12.853402,17.486879,21.696609,27.186230
1989-02-19,1.689636,Training,1.203236,2.142075,3.024380,5.292781,7.283114,8.547290,10.325298,13.180108,18.013390,22.265688,27.791441
1989-02-20,1.689636,Training,1.052759,1.913112,2.715191,4.771490,6.628727,7.831589,9.420876,12.134200,16.737261,20.858080,26.019415
1989-02-21,1.689636,Training,1.262824,2.139025,3.014067,5.567819,7.418714,8.874549,10.629124,13.245567,18.627161,23.344076,30.757118
1989-02-22,1.689636,Training,1.266827,2.347188,3.316822,6.353354,8.896988,10.643780,12.771871,16.029892,23.301880,29.533625,40.931396
1989-02-23,1.689636,Training,1.995962,3.731902,5.248898,8.876966,12.780486,14.967433,17.368319,22.004700,29.484177,36.986744,48.549599
1989-02-24,3.379272,Training,0.913787,2.470710,3.992959,8.068985,13.283203,16.301222,18.396475,26.917231,41.567379,53.364059,84.393631
1989-02-25,15.206725,Training,2.734702,7.208807,11.297136,20.622213,33.197063,39.399635,45.323051,61.567837,80.194565,98.780167,148.003922
1989-02-26,27.034178,Training,10.703382,26.759192,35.493587,51.111641,66.168961,72.398575,84.254570,99.147957,122.444786,138.812775,178.192780
1989-02-27,42.240904,Training,14.627298,34.929256,43.579983,58.697479,69.453072,75.874336,84.547569,96.657906,117.399109,130.538895,162.558014
1989-02-28,33.792723,Training,13.536815,30.437704,37.853745,51.271832,59.559471,65.840469,73.188049,83.340027,102.214630,114.079712,144.711685
1989-03-01,52.378721,Training,14.287516,30.944723,37.652134,49.159626,55.241562,60.982857,65.717728,74.272118,89.335983,99.151749,121.435173
1989-03-02,47.309812,Training,14.694371,31.089592,37.023388,47.243202,51.883167,56.861885,60.577839,67.715462,80.182884,88.590973,109.148781
1989-03-03,38.861631,Training,14.799170,30.280499,35.368309,43.821644,47.890335,51.857662,54.081383,60.169685,69.861664,76.433075,92.528221
1989-03-04,32.103087,Training,13.611574,26.714426,31.170483,38.226288,42.124340,44.818523,46.660767,51.728901,59.635895,64.480026,78.147888
1989-03-05,28.723815,Training,12.465023,23.449238,27.662218,34.217640,37.582642,39.712513,41.503113,45.671703,52.420856,56.423798,68.948990
1989-03-06,23.654906,Training,11.518430,20.700344,24.632309,30.770412,33.577633,35.309929,36.951946,40.381786,46.086071,49.388714,60.760464
1989-03-07,21.965270,Training,10.596082,18.485579,22.303049,28.167643,30.637827,32.137188,33.866917,36.827194,41.975178,44.927589,55.586960
1989-03-08,18.585998,Training,10.134591,17.031227,20.590038,26.101059,28.297575,29.672188,31.206415,33.849072,38.465763,41.151722,51.142277
1989-03-09,15.206725,Training,9.187684,15.390241,19.015297,24.319885,26.540936,27.792753,29.701056,32.204815,36.773602,39.480156,49.193512
1989-03-10,13.517089,Training,8.424899,14.277015,17.998066,23.111456,25.438025,26.548613,28.818951,31.250158,35.768837,38.492302,47.829964
1989-03-11,13.517089,Training,7.930556,13.467731,17.168062,22.053495,24.431055,25.451088,27.857727,30.226574,34.580437,37.280033,46.210758
1989-03-12,11.827453,Training,7.278415,12.186223,15.690903,20.498299,22.800871,23.914406,26.398743,28.782597,33.230724,36.011604,44.742424
1989-03-13,11.827453,Training,6.452081,10.263436,13.330475,18.035870,20.105808,21.448980,23.829832,26.279224,30.930143,33.907230,42.743164
1989-03-14,11.827453,Training,6.344141,9.995033,12.998753,17.629120,19.691002,21.013830,23.367134,25.801138,30.395098,33.401207,42.343449
1989-03-15,11.827453,Training,5.225638,8.103881,10.696620,15.263022,17.187401,18.674671,21.143288,23.708256,28.695471,31.914742,40.474682
1989-03-16,11.827453,Training,3.619246,5.290921,7.178972,11.446837,13.187485,14.999553,17.461651,20.221233,25.994524,30.303408,39.990482
1989-03-17,11.827453,Training,2.600750,3.859756,5.351611,8.627018,10.719197,12.366528,14.268082,17.258026,22.783716,27.537394,35.820129
1989-03-18,8.448181,Training,1.668749,2.669867,3.794995,6.277542,8.345795,9.880420,11.411282,14.283143,19.512114,24.281599,31.010817
1989-03-19,8.448181,Training,1.017849,1.772967,2.562795,4.307150,5.986690,7.204437,8.328896,11.008011,15.912215,20.290470,25.894926
1989-03-20,8.448181,Training,0.698643,1.317090,1.948057,3.331041,4.718703,5.724079,6.636903,9.229714,13.985749,17.897743,22.931410
1989-03-21,8.448181,Training,0.454294,1.074942,1.646264,2.858608,4.115567,4.984886,5.870876,8.236457,12.709701,16.146084,20.441158
1989-03-22,6.758545,Training,0.372676,0.989355,1.529472,2.646226,3.819252,4.604318,5.454834,7.673327,11.963874,15.170129,19.196638
1989-03-23,6.758545,Training,0.391720,1.000701,1.534541,2.645008,3.779650,4.558762,5.380628,7.544050,11.764307,14.921109,18.894281
1989-03-24,6.758545,Training,0.401219,1.004339,1.531637,2.639729,3.744379,4.514268,5.314669,7.437082,11.589140,14.693204,18.627878
1989-03-25,5.068908,Training,0.376461,0.997688,1.518040,2.612478,3.699504,4.426286,5.244646,7.288420,11.289963,14.226820,17.934326
1989-03-26,5.068908,Training,0.388081,0.995970,1.516070,2.633909,3.685586,4.436049,5.226449,7.267260,11.322229,14.300739,18.101748
1989-03-27,6.758545,Training,0.276686,0.867506,1.408566,2.962801,4.273011,5.327585,6.232234,8.848788,15.363417,19.921774,28.645672
1989-03-28,10.137817,Training,0.648159,1.709487,2.590430,4.632223,7.425732,9.037236,10.870636,15.416325,23.664927,32.006374,43.693611
1989-03-29,10.137817,Training,0.295397,0.909974,1.457365,2.905170,4.644851,5.841271,6.869553,11.149525,18.580133,24.682919,34.281570
1989-03-30,8.448181,Training,1.281736,2.271627,3.261068,6.325070,8.935172,10.690424,13.065963,18.093916,26.669909,33.248207,44.986656
1989-03-31,8.448181,Training,1.317299,2.311964,3.279469,6.335162,8.844381,10.497978,12.863461,17.633142,25.867229,32.021072,43.177773
1989-04-01,6.758545,Validation,1.283401,2.195893,3.087784,5.991701,8.298353,9.818620,11.968089,16.555473,24.592125,30.485895,41.693619
1989-04-02,8.448181,Validation,0.826341,1.559791,2.202813,4.526297,6.533976,7.746894,9.484511,14.210331,22.887438,28.821596,42.578007
1989-04-03,10.137817,Validation,1.806355,3.144675,4.444325,7.949925,11.014141,13.010824,15.574986,20.122976,28.370893,36.069859,49.037273
1989-04-04,10.137817,Validation,0.891026,1.676434,2.334237,4.717468,6.817902,8.143044,9.783246,14.742682,23.372652,29.254301,42.607410
1989-04-05,11.827453,Validation,0.866968,1.694306,2.377774,4.902430,7.226301,8.719773,10.550216,16.031073,25.823814,32.675293,48.338596
1989-04-06,16.896361,Validation,0.787198,1.534118,2.155088,4.724476,6.870152,8.325170,10.174294,15.443624,25.445610,31.904596,47.887726
1989-04-07,18.585998,Validation,0.727878,1.515270,2.120228,4.526096,6.730937,8.202497,9.943057,15.541240,25.643517,32.098354,47.906292
1989-04-08,28.723815,Validation,0.524540,1.321590,1.931965,4.781996,7.431060,9.345202,11.630704,17.944626,31.787590,41.125462,63.661774
1989-04-09,45.620176,Validation,0.847924,1.791517,2.540062,5.726372,8.674853,10.855979,13.304209,20.582836,33.372360,42.374851,62.076717
1989-04-10,50.689084,Validation,0.877123,1.857277,2.570828,5.664996,8.543410,10.600165,12.950839,19.969007,32.217014,40.282715,59.034706
1989-04-11,54.068357,Validation,2.733448,4.782064,6.068288,12.336285,16.094547,19.269787,23.431124,31.313643,47.224747,55.839428,84.708557
1989-04-12,64.206174,Validation,2.582399,4.540990,5.669599,11.616834,15.184460,18.133400,21.862358,29.850479,45.615032,53.545280,82.494072
1989-04-13,69.275082,Validation,3.273379,5.745246,7.099372,13.844514,17.453697,20.774714,24.513468,32.488304,47.956360,55.534737,83.566643
1989-04-14,70.964718,Validation,4.123384,7.242721,8.915518,16.600216,20.219902,23.815989,27.864609,35.093857,50.186840,57.906876,85.644257
1989-04-15,72.654354,Validation,3.076979,5.410918,6.777550,13.313293,16.947733,20.256899,23.839622,31.464476,45.980167,53.730274,78.035248
1989-04-16,67.585446,Validation,2.907573,5.216526,6.348537,12.377407,15.844763,18.890278,21.855129,29.670383,44.249451,50.464947,75.762238
1989-04-17,59.137265,Validation,2.857139,5.115824,6.227319,11.944438,15.209381,17.988741,20.763704,27.848873,41.305779,46.830940,69.572372
1989-04-18,48.999448,Validation,3.000311,5.244472,6.574328,12.059382,15.038481,17.412228,20.239603,25.747805,36.417225,41.631672,57.657810
1989-04-19,43.930540,Validation,3.076476,5.273696,6.595729,12.423929,15.166590,17.670736,20.720943,26.101816,37.277412,42.797028,60.605991
1989-04-20,38.861631,Validation,2.945451,5.154954,6.484037,11.769951,14.626255,16.851200,19.609564,24.656925,34.719456,39.636272,54.320629
1989-04-21,33.792723,Validation,2.542521,4.392287,5.599801,10.560150,13.138964,15.245016,18.038002,22.789427,32.524178,37.637531,51.741009
1989-04-22,32.103087,Validation,2.535557,4.372174,5.579530,10.471716,12.944423,14.973832,17.712805,22.255535,31.699110,36.586742,50.400734
1989-04-23,30.413451,Validation,2.469454,4.300841,5.498809,10.163292,12.600125,14.503882,17.102764,21.458569,30.429146,34.964417,47.805473
1989-04-24,28.723815,Validation,2.493904,4.256532,5.416759,10.430510,12.715849,14.731510,17.610582,22.008240,31.888491,36.879150,52.962841
1989-04-25,27.034178,Validation,2.188838,3.828879,4.821409,9.790894,12.311326,14.389878,17.385601,22.337730,33.938549,39.576584,59.446491
1989-04-26,25.344542,Validation,2.367699,4.342514,5.460461,10.213678,12.977416,15.167398,17.639204,22.942566,33.884109,38.488865,55.178318
1989-04-27,21.965270,Validation,0.795834,1.673066,2.202710,5.178918,7.208045,8.728662,10.659034,15.518568,26.022091,31.852451,49.146900
1989-04-28,25.344542,Validation,1.624819,3.028489,3.827597,8.698983,11.790568,14.218637,17.500622,24.160057,38.639988,46.614513,71.783302
1989-04-29,21.965270,Validation,1.668450,3.237773,4.158245,8.747655,11.937043,14.392031,17.342728,23.969513,36.355701,43.337196,61.449814
1989-04-30,20.275634,Validation,1.492225,2.950252,3.825196,7.836176,10.855247,12.809148,15.666203,21.343225,31.607990,37.786701,52.295025
1989-05-01,20.275634,Validation,1.566485,3.048715,3.949929,7.938320,10.805875,12.617102,15.457435,20.629261,30.050877,35.820702,48.898090
1989-05-02,20.275634,Validation,1.375235,2.685116,3.519761,6.944553,9.414108,10.833311,13.383321,17.634010,25.440908,30.429983,40.997288
1989-05-03,18.585998,Validation,0.958967,1.978803,2.660201,5.403382,7.474669,8.625415,10.807524,14.492292,21.288620,25.993444,35.199371
1989-05-04,18.585998,Validation,0.810583,1.758997,2.381737,4.713101,6.593427,7.533303,9.443194,12.704966,18.633745,22.791050,30.753307
1989-05-05,16.896361,Validation,0.747826,1.664159,2.262614,4.440345,6.180305,7.059574,8.834326,11.886367,17.489780,21.398674,28.786551
1989-05-06,15.206725,Validation,0.724552,1.630302,2.217301,4.318759,5.966402,6.818070,8.513783,11.428716,16.824905,20.558643,27.579266
1989-05-07,13.517089,Validation,0.663074,1.545150,2.114155,4.101604,5.656868,6.472774,8.074823,10.882483,16.122910,19.721405,26.449411
1989-05-08,13.517089,Validation,0.516005,1.302466,1.829496,3.730046,5.074180,5.916688,7.370680,10.148572,15.730776,19.480312,26.702469
1989-05-09,11.827453,Validation,0.468028,1.255280,1.770738,3.522641,4.801138,5.589258,6.899074,9.583424,14.956911,18.438782,25.322193
1989-05-10,11.827453,Validation,0.465245,1.277227,1.794224,3.459011,4.736034,5.473746,6.728963,9.341352,14.485681,17.744099,24.288090
1989-05-11,10.137817,Validation,0.502738,1.334617,1.866849,3.601335,4.911356,5.676737,6.997064,9.629269,14.783960,18.075777,24.528896
1989-05-12,10.137817,Validation,0.358283,1.034183,1.477127,3.379114,4.667801,5.447760,6.780417,9.473916,16.268335,20.374981,31.326799
1989-05-13,10.137817,Validation,0.341112,1.135881,1.646854,3.245298,4.586604,5.386927,6.551105,9.501454,15.237259,18.815254,26.533009
1989-05-14,10.137817,Validation,0.110719,0.767433,1.195076,2.049512,2.757215,3.200861,3.761108,5.515106,9.308743,11.695375,16.742924
1989-05-15,10.137817,Validation,0.375619,1.201888,1.735753,3.440102,4.954527,5.753682,7.170578,10.212646,15.945562,19.722502,27.448311
1989-05-16,10.137817,Validation,0.227931,0.961917,1.444586,2.661935,3.741718,4.319415,5.282819,7.572225,12.137908,15.071153,21.093763
1989-05-17,10.137817,Validation,0.117246,0.766851,1.183021,1.844493,2.382293,2.713012,3.146114,4.499678,7.539658,9.457875,13.640656
1989-05-18,8.448181,Validation,0.124719,0.772878,1.178363,1.767182,2.194997,2.498626,2.843293,4.026357,6.794830,8.530167,12.376491
1989-05-19,8.448181,Validation,0.125510,0.736376,1.136626,1.785037,2.134477,2.471894,2.793778,3.943957,6.761298,8.571110,12.524859
1989-05-20,6.758545,Validation,0.134011,0.782180,1.179525,1.722924,2.088588,2.373870,2.668740,3.748280,6.313490,7.922997,11.535022
1989-05-21,6.758545,Validation,0.142803,0.797339,1.189627,1.724598,2.057852,2.342238,2.613538,3.655777,6.180762,7.748056,11.372578
1989-05-22,6.758545,Validation,0.103665,0.661122,0.993410,1.706535,1.958945,2.290914,2.539633,3.576266,6.386837,8.231140,12.943856
1989-05-23,6.758545,Validation,-0.014821,0.567127,0.927411,1.674494,2.091180,2.505456,2.759560,4.073716,7.771317,10.503053,17.260090
1989-05-24,10.137817,Validation,0.003343,0.661625,1.112442,1.928196,2.412568,2.959140,3.326520,5.062733,9.699372,13.104368,20.863203
1989-05-25,8.448181,Validation,-0.019334,0.630086,1.105167,2.166358,2.887326,3.564646,4.179912,6.547557,12.401734,16.424917,25.849876
1989-05-26,8.448181,Validation,0.138397,0.878377,1.332861,3.460423,5.100705,6.235744,7.910099,12.426484,22.189688,28.410183,46.561203
1989-05-27,15.206725,Validation,-0.028008,0.797802,1.368995,3.219589,4.649524,5.796051,6.928321,11.452351,22.410486,29.930803,53.579369
1989-05-28,13.517089,Validation,0.048588,1.032226,1.578035,3.913663,5.762517,7.183202,9.061940,15.345636,28.762524,37.955235,66.388550
1989-05-29,5.068908,Validation,0.127973,1.200186,1.765351,4.632919,7.005940,8.742065,11.102809,18.665588,34.053204,44.057419,76.537514
1989-05-30,5.068908,Validation,0.985808,2.704328,3.533162,8.958588,13.340698,16.754450,21.198612,31.947649,49.908340,61.225075,94.978714
1989-05-31,10.137817,Validation,1.439478,3.592440,4.345181,10.906968,15.953600,19.498039,24.462439,35.556473,57.729141,68.480087,109.711441
1989-06-01,8.448181,Validation,3.382981,7.616356,9.286361,17.985968,22.886927,28.137114,32.151146,41.645329,59.118469,67.074768,89.630684
1989-06-02,8.448181,Validation,4.697018,9.995484,11.961525,21.393982,25.358183,30.309534,34.025639,41.268620,57.000580,63.428814,83.188911
1989-06-03,8.448181,Validation,5.892247,12.718360,15.213627,24.191097,28.257648,32.323273,35.386360,40.999615,53.685246,58.441795,74.266457
1989-06-04,8.448181,Validation,5.489829,11.399272,13.851705,21.552263,25.146385,27.918474,30.793543,35.292873,45.222473,48.664944,61.845749
1989-06-05,6.758545,Validation,5.384221,10.983730,13.526891,20.533844,23.996044,26.064205,28.836327,32.666817,40.971607,43.762314,55.505005
1989-06-06,6.758545,Validation,5.298867,10.698757,13.325983,19.889751,23.291109,24.988880,27.705116,31.149809,38.513515,41.007980,51.952129
1989-06-07,6.758545,Validation,5.043601,10.097069,12.680700,18.859188,22.158739,23.677727,26.380791,29.614807,36.600834,38.915493,49.337440
1989-06-08,6.758545,Validation,5.066975,10.121187,12.803719,18.760090,22.116791,23.499208,26.152744,29.257486,35.792355,38.016018,48.124168
1989-06-09,6.758545,Validation,5.072013,10.131402,12.897444,18.640034,22.082998,23.322557,25.962545,28.965628,35.105156,37.294098,47.099083
1989-06-10,5.068908,Validation,4.692701,9.328333,11.923029,17.391129,20.654095,21.830862,24.548790,27.470968,33.530098,35.815304,45.229458
1989-06-11,5.068908,Validation,3.831582,7.576583,9.661077,14.593123,17.452085,18.538120,21.321793,24.085880,30.180151,32.425602,41.306339
1989-06-12,5.068908,Validation,3.482679,6.903232,8.814124,13.495358,16.221992,17.287926,20.104107,22.827095,28.940096,31.226849,39.952263
1989-06-13,5.068908,Test,3.253796,6.477526,8.284112,12.778685,15.426759,16.471119,19.310581,21.994902,28.097303,30.415850,39.014137
1989-06-14,5.068908,Test,2.761098,5.542216,7.076484,11.194537,13.658302,14.650201,17.449347,20.047958,26.117985,28.514751,36.921852
1989-06-15,5.068908,Test,0.989949,2.090556,2.815965,6.222172,8.446998,9.492410,12.255275,15.488873,25.365021,29.801311,47.434086
1989-06-16,5.068908,Test,0.271469,1.011203,1.437781,3.790391,5.532485,6.449563,8.487209,12.591968,22.015467,27.593306,45.503601
1989-06-17,3.379272,Test,-0.014685,0.611180,1.060968,2.322448,3.281769,3.951575,4.874560,7.590137,13.697108,17.654707,27.551485
1989-06-18,3.379272,Test,0.049034,0.795409,1.296779,2.642490,3.904130,4.629715,5.860944,8.854362,15.012191,18.927965,28.494127
1989-06-19,3.379272,Test,0.016949,0.733932,1.209686,2.033427,2.795874,3.226821,3.918331,5.792336,10.067370,12.692956,19.221846
1989-06-20,3.379272,Test,-0.049234,0.538309,0.887059,2.041644,2.824194,3.278110,4.028549,6.189553,11.992028,15.600781,26.859316
1989-06-21,3.379272,Test,-0.025159,0.641464,1.125273,2.092142,2.851957,3.414854,4.090778,6.265691,11.322850,14.626713,22.548599
1989-06-22,3.379272,Test,0.011660,0.656613,1.121271,2.022575,2.642097,3.126464,3.683882,5.500308,9.883615,12.663272,19.525230
1989-06-23,3.379272,Test,0.088898,0.851030,1.350213,2.570832,3.650089,4.261610,5.250974,7.744555,13.061561,16.289059,24.460545
1989-06-24,1.689636,Test,0.129652,0.921805,1.414539,2.563855,3.614038,4.128765,5.113651,7.392159,12.209864,15.013505,22.144377
1989-06-25,1.689636,Test,0.164599,0.973473,1.463887,2.633247,3.687576,4.179828,5.202518,7.429085,12.124961,14.811886,21.532766
1989-06-26,1.689636,Test,0.169085,0.971075,1.453591,2.528780,3.474412,3.923064,4.844903,6.877448,11.251943,13.713875,19.812906
1989-06-27,1.689636,Test,0.165008,0.953332,1.426949,2.407676,3.242491,3.657372,4.471838,6.320601,10.390145,12.649420,18.260141
1989-06-28,1.689636,Test,0.158626,0.931086,1.394501,2.274285,2.996000,3.374183,4.081477,5.731419,9.454957,11.487846,16.626738
1989-06-29,1.689636,Test,0.172810,0.936936,1.395691,2.241834,2.900181,3.262930,3.914425,5.437574,8.942163,10.814207,15.696447
1989-06-30,1.689636,Test,0.194732,0.968664,1.431706,2.322322,3.001593,3.377728,4.061100,5.605532,9.162105,11.036009,15.974979
1989-07-01,1.689636,Training,0.186994,0.973420,1.442658,2.365087,3.096418,3.495633,4.251266,5.892558,9.617546,11.592838,16.608641
1989-07-02,1.689636,Training,0.223228,1.038153,1.520202,2.524632,3.324532,3.751336,4.598203,6.310639,10.169655,12.185115,17.311653
1989-07-03,1.689636,Training,0.272057,1.121175,1.629962,2.856248,3.820422,4.337897,5.411879,7.406693,11.800050,14.151425,19.797920
1989-07-04,1.689636,Training,0.091923,0.734561,1.149228,1.884113,2.253352,2.614222,3.052161,4.308692,7.496380,9.332949,13.686407
1989-07-05,1.689636,Training,0.119807,0.800260,1.176412,1.582406,1.790837,2.007772,2.224145,3.017292,5.144098,6.409290,9.608318
1989-07-06,1.689636,Training,0.142091,0.809882,1.179583,1.557564,1.701494,1.909819,2.074044,2.755618,4.678187,5.889266,8.922145
1989-07-07,1.689636,Training,0.127334,0.812901,1.183334,1.549661,1.733732,1.935075,2.130357,2.859102,4.862788,6.068333,9.167979
1989-07-08,1.689636,Training,0.106059,0.791828,1.172440,1.574178,1.803470,2.025064,2.266614,3.087867,5.285846,6.554318,9.813713
1989-07-09,1.689636,Training,0.178854,0.843796,1.155154,1.452959,1.524316,1.652099,1.755276,2.207772,3.600757,4.569300,7.068254
1989-07-10,1.689636,Training,0.205245,0.856001,1.161437,1.469991,1.514649,1.641921,1.712469,2.124643,3.427443,4.340774,6.823385
1989-07-11,1.689636,Training,0.243035,0.884899,1.181447,1.491602,1.501752,1.622090,1.656641,2.010658,3.190543,4.051194,6.489614
1989-07-12,1.689636,Training,0.245144,0.885794,1.183488,1.492637,1.499279,1.617864,1.651537,1.999392,3.174076,4.031879,6.474576
1989-07-13,1.689636,Training,0.248327,0.886393,1.184338,1.495817,1.498160,1.617023,1.645976,1.988881,3.157253,4.009819,6.459088
1989-07-14,1.689636,Training,0.241054,0.881222,1.181183,1.486529,1.493606,1.610158,1.647631,1.994148,3.175162,4.031862,6.474566
1989-07-15,1.689636,Training,0.224247,0.874328,1.178222,1.462926,1.484273,1.593963,1.655205,2.013213,3.223674,4.096534,6.511924
1989-07-16,1.689636,Training,0.220374,0.876269,1.182110,1.455502,1.479774,1.588785,1.656968,2.018023,3.240414,4.125855,6.527126
1989-07-17,1.689636,Training,0.225378,0.876621,1.181749,1.453474,1.470784,1.579998,1.639648,1.990774,3.189485,4.052816,6.438777
1989-07-18,1.689636,Training,0.236949,0.873336,1.180890,1.472538,1.472827,1.594120,1.631722,1.972300,3.154670,4.004047,6.414109
1989-07-19,1.689636,Training,0.239921,0.876163,1.182009,1.469358,1.468061,1.583400,1.618437,1.951726,3.120941,3.955794,6.364481
1989-07-20,1.689636,Training,0.230753,0.870656,1.180161,1.456801,1.462629,1.575503,1.621908,1.962223,3.150818,3.994796,6.396583
1989-07-21,1.689636,Training,0.130511,0.673419,0.932927,1.411827,1.416451,1.618541,1.688953,2.104992,3.625647,4.781382,8.124633
1989-07-22,1.689636,Training,0.171943,0.845663,1.198355,1.452448,1.526701,1.660772,1.746570,2.193374,3.647017,4.694150,7.397122
1989-07-23,1.689636,Training,0.199401,0.866838,1.211636,1.460298,1.509532,1.632946,1.703615,2.098242,3.452275,4.434547,7.042373
1989-07-24,1.689636,Training,0.175692,0.844940,1.212505,1.463789,1.542210,1.676801,1.771788,2.219671,3.723024,4.765457,7.549033
1989-07-25,1.689636,Training,0.201342,0.853138,1.209701,1.468104,1.514844,1.644807,1.713309,2.119846,3.515532,4.464817,7.139495
1989-07-26,1.689636,Training,0.229064,0.864053,1.213800,1.487023,1.503021,1.636640,1.670256,2.042733,3.363288,4.256299,6.893680
1989-07-27,1.689636,Training,0.246729,0.871173,1.217121,1.495619,1.491421,1.626619,1.638728,1.989265,3.260158,4.119217,6.729543
1989-07-28,1.689636,Training,0.240553,0.864356,1.210634,1.478231,1.475833,1.609040,1.628152,1.979940,3.248671,4.103361,6.673374
1989-07-29,1.689636,Training,0.229339,0.854107,1.202480,1.459331,1.463918,1.594890,1.627664,1.987970,3.272181,4.134055,6.676082
1989-07-30,1.689636,Training,0.232535,0.851525,1.200783,1.458152,1.456663,1.588660,1.616156,1.971494,3.245666,4.097854,6.632608
1989-07-31,1.689636,Training,0.225211,0.806652,1.173354,1.502626,1.475428,1.658271,1.677771,2.061784,3.442341,4.392262,7.112679
1989-08-01,1.689636,Training,0.224679,0.806604,1.178398,1.497902,1.472392,1.652630,1.668834,2.052535,3.430330,4.373430,7.093091
1989-08-02,1.689636,Training,0.206218,0.831520,1.194238,1.419771,1.440372,1.563657,1.622071,2.002493,3.331202,4.214827,6.751339
1989-08-03,1.689636,Training,0.181129,0.800279,1.182310,1.428419,1.464167,1.613492,1.695720,2.128719,3.596506,4.590326,7.227333
1989-08-04,1.689636,Training,0.174617,0.796994,1.179209,1.408637,1.453630,1.595823,1.683140,2.121493,3.591361,4.572792,7.190156
1989-08-05,1.689636,Training,0.174173,0.802829,1.183852,1.390854,1.441774,1.573654,1.665194,2.103213,3.562902,4.531346,7.112700
1989-08-06,1.689636,Training,0.149120,0.721397,1.117949,1.456095,1.484001,1.689203,1.798535,2.316161,4.040542,5.235600,8.254092
1989-08-07,1.689636,Training,0.139062,0.739007,1.149562,1.413579,1.474162,1.656385,1.766344,2.291963,3.976050,5.091827,7.909299
1989-08-08,1.689636,Training,0.119231,0.716398,1.129430,1.391659,1.472237,1.655205,1.777262,2.337007,4.084744,5.191267,8.041511
1989-08-09,1.689636,Training,0.174832,0.792940,1.181559,1.368812,1.416808,1.526497,1.614611,2.017351,3.398631,4.321846,6.871202
1989-08-10,1.689636,Training,0.174150,0.793579,1.184084,1.359028,1.410643,1.515809,1.609549,2.015332,3.400177,4.325376,6.848376
1989-08-11,1.689636,Training,0.176607,0.790804,1.182577,1.352662,1.400081,1.504554,1.595744,1.997078,3.367370,4.278336,6.772198
1989-08-12,1.689636,Training,0.180509,0.789138,1.180960,1.345439,1.387021,1.489946,1.576393,1.969987,3.315849,4.205446,6.669319
1989-08-13,1.689636,Training,0.178817,0.789094,1.184510,1.338117,1.384000,1.484821,1.576326,1.976494,3.332736,4.234447,6.687310
1989-08-14,1.689636,Training,0.176481,0.778081,1.182595,1.345992,1.389138,1.500989,1.592589,2.003712,3.388858,4.314118,6.784931
1989-08-15,1.689636,Training,0.177233,0.774006,1.179190,1.337865,1.378166,1.486402,1.575872,1.981680,3.349105,4.254524,6.708292
1989-08-16,1.689636,Training,0.168585,0.752388,1.174914,1.363909,1.403445,1.538176,1.635315,2.075679,3.540698,4.529453,7.077477
1989-08-17,1.689636,Training,0.163206,0.766463,1.177775,1.310734,1.370050,1.468808,1.573555,2.003519,3.409689,4.336165,6.788191
1989-08-18,1.689636,Training,0.143828,0.737832,1.147957,1.289847,1.357944,1.461663,1.573400,2.026058,3.467580,4.388741,6.852882
1989-08-19,1.689636,Training,0.158991,0.756460,1.171178,1.297456,1.358623,1.453288,1.560250,1.992147,3.393307,4.307717,6.746204
1989-08-20,1.689636,Training,0.186667,0.782035,1.198287,1.312780,1.354147,1.437214,1.529339,1.918754,3.233392,4.105938,6.502270
1989-08-21,1.689636,Training,0.183981,0.771559,1.188281,1.307427,1.346505,1.430714,1.519190,1.909008,3.219060,4.074262,6.465978
1989-08-22,1.689636,Training,0.189229,0.770883,1.189529,1.309831,1.342972,1.427596,1.507824,1.890293,3.181745,4.020094,6.407979
1989-08-23,1.689636,Training,0.184200,0.746830,1.181360,1.340248,1.365790,1.481164,1.554915,1.962855,3.326338,4.218018,6.689901
1989-08-24,1.689636,Training,0.169251,0.746725,1.169950,1.290929,1.339055,1.429886,1.517027,1.932853,3.279138,4.136477,6.556594
1989-08-25,1.689636,Training,0.190346,0.773874,1.197666,1.297356,1.336187,1.412805,1.496162,1.878596,3.153124,3.990676,6.358100
1989-08-26,1.689636,Training,0.195764,0.785926,1.212590,1.295269,1.337527,1.407025,1.494835,1.873095,3.135920,3.981045,6.337222
1989-08-27,1.689636,Training,0.204750,0.799343,1.228464,1.298143,1.340077,1.403165,1.491361,1.861427,3.105150,3.950715,6.295646
1989-08-28,1.689636,Training,0.204947,0.799376,1.229681,1.294903,1.338350,1.399682,1.488389,1.859215,3.100237,3.943735,6.283257
1989-08-29,1.689636,Training,0.200887,0.785729,1.229452,1.316817,1.358089,1.440644,1.529456,1.920828,3.218043,4.111068,6.502951
1989-08-30,1.689636,Training,0.138735,0.643242,1.023985,1.322893,1.364404,1.514205,1.625672,2.093682,3.715068,4.909956,8.249616
1989-08-31,1.689636,Training,0.165659,0.772275,1.235728,1.278539,1.364236,1.438799,1.537533,1.980741,3.364569,4.310874,6.859211
1989-09-01,1.689636,Training,0.167958,0.771235,1.232729,1.276333,1.361811,1.435037,1.533997,1.971861,3.353024,4.282577,6.810825
1989-09-02,1.689636,Training,0.156542,0.755516,1.227196,1.275818,1.372349,1.450543,1.556583,2.009896,3.442404,4.398722,6.997365
1989-09-03,1.689636,Training,0.163977,0.759981,1.224647,1.274087,1.362446,1.439547,1.542653,1.989698,3.393256,4.322638,6.852186
1989-09-04,1.689636,Training,0.180946,0.780408,1.239949,1.276957,1.356405,1.423438,1.522882,1.946791,3.293599,4.196073,6.663961
1989-09-05,1.689636,Training,0.182554,0.786586,1.242458,1.268521,1.350052,1.412114,1.515541,1.939206,3.275240,4.175285,6.607574
1989-09-06,1.689636,Training,0.185811,0.788987,1.241580,1.266109,1.345010,1.405352,1.506709,1.925991,3.245987,4.132716,6.539720
1989-09-07,1.689636,Training,0.111178,0.611160,0.988777,1.278635,1.356985,1.506250,1.628875,2.144336,3.861836,5.107785,8.655898
1989-09-08,1.689636,Training,0.135858,0.769287,1.263923,1.256074,1.397353,1.473461,1.601615,2.128316,3.677633,4.756439,7.442210
1989-09-09,1.689636,Training,0.138165,0.772977,1.272272,1.273753,1.419917,1.503965,1.639840,2.183696,3.794249,4.915343,7.603369
1989-09-10,1.689636,Training,0.120418,0.753320,1.270412,1.291305,1.458041,1.559819,1.719864,2.315227,4.069610,5.305125,8.107612
1989-09-11,1.689636,Training,0.144826,0.782753,1.275966,1.264503,1.409240,1.481254,1.626280,2.156567,3.728263,4.816339,7.435761
1989-09-12,1.689636,Training,0.151616,0.788066,1.273038,1.260701,1.397821,1.465998,1.607151,2.124810,3.657060,4.710469,7.267118
1989-09-13,1.689636,Training,0.156582,0.787858,1.262260,1.251557,1.379103,1.443910,1.578490,2.078881,3.558248,4.562776,7.062734
1989-09-14,1.689636,Training,0.160443,0.786650,1.253570,1.246702,1.366323,1.430949,1.559247,2.048612,3.493590,4.463105,6.927670
1989-09-15,1.689636,Training,0.159528,0.784803,1.248481,1.243611,1.362163,1.428629,1.555930,2.047713,3.489813,4.450726,6.901062
1989-09-16,1.689636,Training,0.148124,0.779096,1.245739,1.242454,1.372973,1.445791,1.583819,2.105289,3.605002,4.607497,7.075168
1989-09-17,1.689636,Training,0.041940,0.573479,0.939417,1.265410,1.458593,1.625704,1.802477,2.497947,4.673867,6.283235,10.452024
1989-09-18,1.689636,Training,0.074768,0.691304,1.244165,1.415531,1.611206,1.810377,1.996185,2.791227,5.117977,6.870061,10.845894
1989-09-19,1.689636,Training,0.084636,0.769053,1.323107,1.278588,1.507393,1.605224,1.779055,2.451828,4.372683,5.731546,8.841123
1989-09-20,1.689636,Training,0.105195,0.782126,1.322171,1.273738,1.482824,1.563570,1.744607,2.365735,4.161930,5.418534,8.367536
1989-09-21,1.689636,Training,0.103378,0.776367,1.314532,1.280626,1.494014,1.580052,1.768488,2.407854,4.230109,5.504527,8.424556
1989-09-22,1.689636,Training,0.117814,0.792947,1.312999,1.277749,1.478416,1.556324,1.740123,2.363065,4.123702,5.343558,8.110930
1989-09-23,1.689636,Training,0.127062,0.795408,1.297777,1.263987,1.447521,1.520786,1.692754,2.289257,3.962232,5.102380,7.754896
1989-09-24,1.689636,Training,0.128510,0.788889,1.277093,1.250189,1.423142,1.497320,1.661531,2.246599,3.870010,4.955083,7.542697
1989-09-25,1.689636,Training,0.117588,0.777843,1.261264,1.245674,1.426445,1.506734,1.678834,2.289974,3.955070,5.056266,7.641808
1989-09-26,1.689636,Training,0.176268,0.834445,1.305127,1.272204,1.403971,1.457117,1.592464,2.086850,3.513808,4.475492,6.902631
1989-09-27,1.689636,Training,0.187972,0.832718,1.298514,1.280691,1.396174,1.453440,1.569049,2.043347,3.423753,4.332402,6.743341
1989-09-28,1.689636,Training,0.192235,0.834798,1.299783,1.286394,1.397158,1.456823,1.565886,2.036931,3.407399,4.302814,6.708430
1989-09-29,1.689636,Training,0.192443,0.840907,1.305148,1.285031,1.397345,1.455331,1.568968,2.042317,3.412241,4.313565,6.710250
1989-09-30,1.689636,Training,0.186035,0.843275,1.307748,1.280226,1.400446,1.457651,1.581872,2.068439,3.460153,4.383422,6.777230
1989-10-01,1.689636,Validation,0.159139,0.724349,1.165876,1.389444,1.470267,1.630303,1.772812,2.360028,4.120130,5.363662,8.584426
1989-10-02,1.689636,Validation,0.149379,0.799296,1.298349,1.322230,1.466790,1.576642,1.717974,2.308809,3.935284,5.041581,7.679199
1989-10-03,1.689636,Validation,0.145928,0.809354,1.298365,1.289301,1.444182,1.533554,1.677044,2.255970,3.836396,4.883229,7.457083
1989-10-04,1.689636,Validation,0.124383,0.794468,1.280721,1.261425,1.440160,1.522693,1.682567,2.287381,3.912774,4.969572,7.587167
1989-10-05,1.689636,Validation,0.112075,0.773579,1.256242,1.259963,1.445956,1.542148,1.705870,2.342710,4.021265,5.081695,7.714303
1989-10-06,1.689636,Validation,0.174514,0.836311,1.312897,1.303315,1.443054,1.510989,1.635887,2.158907,3.617221,4.562187,7.046414
1989-10-07,1.689636,Validation,0.208115,0.876646,1.348829,1.318590,1.436639,1.486214,1.597122,2.063454,3.407682,4.297469,6.700984
1989-10-08,1.689636,Validation,0.206933,0.878845,1.349045,1.316470,1.435754,1.484692,1.599243,2.068834,3.414689,4.306595,6.695128
1989-10-09,1.689636,Validation,0.195027,0.880734,1.350712,1.309229,1.440848,1.487837,1.621516,2.111270,3.495609,4.425860,6.801214
1989-10-10,1.689636,Validation,0.191126,0.884528,1.355724,1.312217,1.449062,1.495984,1.638090,2.138081,3.544205,4.495576,6.865787
1989-10-11,1.689636,Validation,0.188043,0.886698,1.359978,1.316488,1.456677,1.505170,1.653010,2.162033,3.589295,4.558210,6.927426
1989-10-12,1.689636,Validation,0.187505,0.884544,1.360797,1.324923,1.463865,1.518958,1.666461,2.181583,3.623210,4.602573,6.978424
1989-10-13,1.689636,Validation,0.041313,0.644466,1.025523,1.383236,1.634247,1.830289,2.000874,2.721367,5.030088,6.910610,11.719910
1989-10-14,1.689636,Validation,-0.000113,0.733487,1.366372,1.655927,2.036505,2.362988,2.706745,4.022395,7.804102,10.815504,17.556385
1989-10-15,1.689636,Validation,-0.016872,0.776777,1.456527,1.382943,1.790921,1.962135,2.267196,3.303875,6.095852,8.115441,12.398971
1989-10-16,1.689636,Validation,0.058591,0.815255,1.425353,1.380023,1.680485,1.803444,2.064826,2.890756,5.139303,6.700859,10.077858
1989-10-17,1.689636,Validation,0.017984,0.672486,1.175498,1.551286,1.848631,2.105647,2.408532,3.485401,6.689841,9.047002,15.057880
1989-10-18,1.689636,Validation,-0.000331,0.728810,1.409100,1.600588,1.977024,2.265764,2.616349,3.864505,7.234790,9.713677,14.697703
1989-10-19,1.689636,Validation,-0.022192,0.739933,1.374533,1.392016,1.793890,1.963667,2.302772,3.368803,6.136989,8.054817,11.885482
1989-10-20,1.689636,Validation,0.045927,0.806549,1.399182,1.367773,1.688286,1.796037,2.080599,2.926874,5.177467,6.720943,9.945507
1989-10-21,1.689636,Validation,0.067815,0.812495,1.373350,1.339790,1.625532,1.720623,1.973427,2.755451,4.795903,6.165531,9.142947
1989-10-22,1.689636,Validation,0.049166,0.656309,1.105268,1.469485,1.695645,1.918077,2.158953,3.082105,5.724916,7.574270,12.424844
1989-10-23,1.689636,Validation,-0.036557,0.749572,1.286475,1.710765,2.244840,2.596248,2.969332,4.422869,8.803164,12.559413,22.309486
1989-10-24,1.689636,Validation,-0.097445,0.771463,1.650271,1.552727,2.176481,2.487729,2.965130,4.551022,8.533750,11.654734,17.971170
1989-10-25,1.689636,Validation,-0.087887,0.690097,1.418595,1.416384,1.931811,2.181894,2.597111,3.923944,7.252327,9.594017,14.556493
1989-10-26,1.689636,Validation,0.010239,0.744803,1.412447,1.494716,1.873774,2.094276,2.423472,3.519941,6.361865,8.291661,12.316654
1989-10-27,1.689636,Validation,-0.037814,0.742954,1.323654,1.853080,2.417144,2.828927,3.194108,4.736526,9.403689,13.423976,23.833052
1989-10-28,1.689636,Validation,-0.218133,0.596321,1.463886,1.590625,2.392670,2.832814,3.609028,5.808759,11.007570,15.264900,22.826048
1989-10-29,1.689636,Validation,-0.208310,0.538584,1.259676,1.409195,2.089415,2.445004,3.083781,4.901086,9.080496,12.171895,17.918201
1989-10-30,1.689636,Validation,-0.083929,0.659618,1.291671,1.357459,1.836572,2.039415,2.470880,3.723182,6.696368,8.658547,12.582648
1989-10-31,1.689636,Validation,-0.091328,0.618497,1.191846,1.314646,1.806352,2.015214,2.447234,3.716009,6.557388,8.366545,11.969396
1989-11-01,1.689636,Validation,-0.032770,0.683856,1.231037,1.311833,1.700182,1.861154,2.209659,3.252769,5.691753,7.240121,10.371676
1989-11-02,1.689636,Validation,0.031668,0.674838,1.207047,1.569962,1.849061,2.113431,2.452562,3.527431,6.371628,8.317430,12.284980
1989-11-03,1.689636,Validation,0.025074,0.703605,1.284133,1.631617,2.028064,2.320340,2.703808,3.879968,6.888501,9.066946,13.019261
1989-11-04,1.689636,Validation,-0.024335,0.680828,1.250174,1.507080,2.001567,2.251178,2.672171,3.883173,6.768534,8.812855,12.465962
1989-11-05,1.689636,Validation,0.010922,0.667513,1.217459,1.649841,2.009682,2.318226,2.710264,3.928612,7.141536,9.415158,13.842546
1989-11-06,1.689636,Validation,-0.010928,0.677110,1.272818,1.591343,1.966372,2.257722,2.635000,3.839574,6.968622,9.175863,13.269028
1989-11-07,1.689636,Validation,-0.050662,0.651851,1.234078,1.430179,1.832014,2.073067,2.445556,3.608360,6.447828,8.346486,11.871220
1989-11-08,1.689636,Validation,-0.071057,0.607097,1.207984,1.560467,2.016737,2.339808,2.802487,4.187324,7.647710,10.025564,14.308469
1989-11-09,1.689636,Validation,-0.144392,0.566605,1.146398,1.430164,2.076754,2.347847,2.930105,4.443776,7.891770,10.276758,14.381545
1989-11-10,1.689636,Validation,-0.091950,0.626850,1.191749,1.412666,1.944028,2.166381,2.643185,3.915793,6.919350,8.937957,12.520250
1989-11-11,1.689636,Validation,-0.066645,0.617881,1.080842,1.658784,2.194223,2.563516,2.918382,4.367588,8.644528,12.047715,20.339027
1989-11-12,1.689636,Validation,-0.006523,1.120215,2.082182,2.914077,3.864948,4.781259,5.592106,8.760179,17.645103,26.265341,46.316029
1989-11-13,1.689636,Validation,-0.347709,0.499590,1.656933,2.054601,3.622067,4.644079,6.467107,11.061095,19.855959,28.615377,42.731857
1989-11-14,1.689636,Validation,-0.195326,0.636761,1.354483,2.692231,4.030150,5.030071,6.404194,10.872669,21.578054,29.901678,53.994823
1989-11-15,1.689636,Validation,-0.221756,0.633500,1.626010,2.974301,4.850440,6.307846,8.659039,14.292768,25.478725,35.708530,54.142223
1989-11-16,1.689636,Validation,-0.142441,0.732057,1.501632,2.933311,4.250715,5.398751,6.886763,11.421445,22.010389,30.289255,52.101269
1989-11-17,1.689636,Validation,-0.068729,0.993829,1.951103,3.657997,5.508309,6.981000,8.928071,14.655612,27.612671,38.340157,65.105713
1989-11-18,20.275634,Validation,0.159797,1.714623,3.729401,7.058741,10.262906,13.804230,16.499296,27.045063,47.416763,65.661133,116.191406
1989-11-19,32.103087,Validation,0.879679,3.399789,5.803181,11.475862,20.692015,24.930349,34.252754,48.688667,72.022720,93.191589,144.811508
1989-11-20,40.551268,Validation,2.770355,7.916378,12.479026,22.435369,37.468746,42.994122,55.284283,70.836563,97.279762,117.110428,171.460709
1989-11-21,45.620176,Validation,4.120084,11.197272,16.653446,28.599535,44.343712,49.779949,64.346939,78.836075,107.587906,125.416512,180.914383
1989-11-22,45.620176,Validation,5.540586,14.819562,21.754240,35.552032,53.027542,58.726437,73.120605,87.476105,116.666809,133.589218,187.027802
1989-11-23,59.137265,Validation,7.155630,18.630064,26.039900,40.936497,56.301498,61.796200,76.544243,89.183022,118.209602,132.926331,184.595459
1989-11-24,52.378721,Validation,7.484437,18.697441,25.612385,40.416756,52.346806,57.980652,70.555916,81.567886,107.082993,119.873672,165.365662
1989-11-25,52.378721,Validation,7.129074,18.092340,24.867498,39.002296,52.699253,57.906086,70.591171,82.002365,108.054726,120.657372,167.765457
1989-11-26,89.550716,Validation,13.197656,35.389946,48.269806,67.346260,83.826614,89.865685,104.991096,117.831963,149.344742,161.062180,214.815430
1989-11-27,91.240352,Validation,15.553752,41.710644,56.210442,73.781433,83.645653,90.723366,100.679192,111.331146,137.769531,151.119873,182.768417
1989-11-28,86.171444,Validation,14.733149,39.764549,51.058819,62.206902,71.065857,73.411064,79.179840,87.657631,104.346611,112.024628,130.238892
1989-11-29,76.033627,Validation,13.819332,34.046406,42.781689,53.780861,59.504490,62.460960,67.077019,74.055481,86.540596,93.268250,111.789955
1989-11-30,64.206174,Validation,12.467802,28.462761,35.340923,47.657402,51.712315,55.765526,61.784275,68.322174,80.947372,89.067024,117.654037
1989-12-01,50.689084,Validation,10.899366,25.742395,32.185032,41.446114,47.391663,48.952198,52.877365,59.716759,69.388206,73.574501,88.778915
1989-12-02,40.551268,Validation,11.837345,27.630829,34.508129,42.208950,47.942253,48.378975,51.754250,57.421204,64.628952,68.353157,81.338036
1989-12-03,35.482359,Validation,11.763262,26.560125,33.064270,44.098553,50.296490,54.268806,61.090046,68.413254,81.671539,91.639526,125.962540
1989-12-04,35.482359,Validation,11.890795,28.467693,36.571434,48.063087,54.365349,58.599762,63.337738,71.500992,84.146530,92.188004,113.077980
1989-12-05,38.861631,Validation,11.944251,29.123516,37.817867,51.464108,61.284904,66.757530,76.114586,86.815575,105.920219,117.444328,162.042709
1989-12-06,40.551268,Validation,15.938420,41.652351,54.041466,69.560768,80.772858,86.830460,98.213745,110.653488,133.137772,146.470978,197.378235
1989-12-07,40.551268,Validation,15.481756,39.657265,51.663662,67.717247,76.642242,83.339912,93.176514,104.306305,125.448914,138.597321,182.635040
1989-12-08,42.240904,Validation,13.942183,34.440842,44.449547,59.911762,67.422058,73.928474,83.031471,93.173347,112.091599,123.704666,166.732605
1989-12-09,72.654354,Validation,15.623273,41.218193,55.657684,72.280380,85.413086,91.989044,103.343834,116.396820,138.599991,150.672501,198.939697
1989-12-10,84.481807,Validation,16.545130,44.611217,59.436214,73.113007,83.244293,88.963966,96.027603,106.762619,126.951118,139.675766,164.349335
1989-12-11,79.412899,Validation,14.185172,35.312046,45.593132,57.993565,65.196442,69.857750,75.441742,83.531860,98.740234,108.379646,130.968018
1989-12-12,79.412899,Validation,13.612118,34.355145,47.151028,63.071198,74.413216,81.237083,91.319183,103.123917,123.467720,134.674072,180.851669
1989-12-13,96.309260,Validation,18.415718,50.077614,65.816544,83.010071,96.669510,102.677444,116.148010,130.092392,156.813614,169.459976,221.557358
1989-12-14,91.240352,Validation,19.331455,51.942348,67.133202,83.481705,94.293510,100.470581,112.065132,124.379395,148.991150,162.970428,212.534958
1989-12-15,81.102535,Validation,16.414248,41.672836,53.869240,68.877129,77.068207,83.262894,92.108910,102.776779,122.027237,134.489609,175.763382
1989-12-16,79.412899,Validation,17.136065,45.564163,60.863579,77.426674,90.361801,96.576355,107.767448,121.185959,143.621445,155.287262,203.072357
1989-12-17,97.998897,Validation,24.149609,69.184143,92.357368,110.809326,125.960510,132.556122,144.707520,161.451324,186.871368,201.181564,251.648499
1989-12-18,119.964167,Validation,27.840168,81.833603,107.099419,124.533859,140.769363,146.044312,159.268143,176.682068,203.381805,220.627731,268.626648
1989-12-19,104.757441,Validation,23.419552,66.262260,86.139229,96.484406,107.972061,111.495270,119.740707,130.656815,151.348999,168.809875,193.270248
1989-12-20,92.929988,Validation,19.526247,51.449177,63.826256,78.114914,85.794304,90.920654,100.001816,109.674263,128.694305,142.265488,184.200867
1989-12-21,265.272875,Validation,31.237019,92.123268,126.464966,149.646912,162.439804,176.165878,186.782913,202.555664,231.208496,247.675522,318.226959
1989-12-22,246.686878,Validation,32.603470,99.392876,124.486115,137.293762,153.299911,155.038727,169.737503,186.339325,212.216965,234.332260,278.050385
1989-12-23,162.205070,Validation,27.249346,79.871765,101.330383,104.587166,119.128922,117.502884,125.522171,135.972488,153.057724,170.812576,188.720581
1989-12-24,119.964167,Validation,22.363831,60.662838,74.420723,87.039413,96.598923,100.274605,110.263351,120.196968,139.139923,155.365494,195.493103
1989-12-25,113.205622,Validation,27.425964,79.425064,104.323044,121.625984,134.611206,141.355087,152.121140,168.698944,190.310577,206.838150,254.920074
1989-12-26,111.515986,Validation,31.845402,94.393852,116.559517,127.195343,140.682510,142.124634,155.744034,169.728561,192.399185,215.314728,256.046143
1989-12-27,99.688533,Validation,27.584166,76.278725,95.162071,100.438644,112.772621,112.557915,120.189323,131.199570,144.085022,160.705429,180.444168
1989-12-28,87.861080,Validation,20.985777,54.868729,68.211128,77.427124,84.921959,87.879875,93.262672,101.447182,114.640617,127.836105,149.733810
1989-12-29,76.033627,Validation,18.518976,47.549965,58.165417,65.876160,72.937645,74.490234,78.126999,85.407394,95.531647,104.610939,120.787453
1989-12-30,60.826901,Validation,15.845458,38.789558,46.715519,53.936993,60.563599,60.897301,63.869675,70.248291,78.460327,83.883446,97.238876
1989-12-31,52.378721,Validation,14.816084,33.439899,40.559013,49.172428,53.924927,55.904285,58.695000,64.265472,71.936913,77.957939,93.099106
1990-01-01,48.999448,Validation,14.099578,32.557819,39.143509,50.712292,56.629311,60.964336,67.194740,74.753876,87.545425,97.355614,129.182312
1990-01-02,50.689084,Validation,18.643461,44.976299,55.402180,66.778069,75.283951,80.100334,87.072968,98.036392,108.730728,122.719246,152.882004
1990-01-03,55.757993,Validation,18.984203,46.074146,57.474228,67.611382,76.040382,80.310799,85.366341,96.098572,106.008263,118.443504,141.138306
1990-01-04,55.757993,Validation,17.012365,40.106556,49.619751,58.975166,66.293793,69.876892,73.851952,82.671921,91.600784,101.573769,121.704323
1990-01-05,55.757993,Validation,14.429248,34.094193,41.570183,50.303719,56.898727,59.079296,62.333996,69.323059,78.686531,85.450760,101.222351
1990-01-06,55.757993,Validation,13.205956,30.150047,36.677372,48.421291,54.739491,59.571552,65.805130,73.671051,87.157722,97.510498,128.771805
1990-01-07,54.068357,Validation,14.847677,33.920551,41.594143,51.541752,59.178322,62.552879,66.562897,75.858635,84.898285,93.241692,111.243599
1990-01-08,48.999448,Validation,14.089310,31.232140,37.921875,47.481022,54.324669,57.459557,60.792667,69.167656,77.460312,84.756500,101.020798
1990-01-09,45.620176,Validation,13.320891,28.648638,34.678955,43.477612,49.628109,52.298061,55.170807,62.488266,69.653511,76.064217,90.766014
1990-01-10,42.240904,Validation,12.193024,25.008430,30.175579,38.610050,44.210079,46.743694,49.249969,56.114971,62.333279,67.871468,80.417862
1990-01-11,38.861631,Validation,11.915113,23.823479,28.643021,36.690533,41.845360,44.186562,46.399075,52.832314,58.279892,63.277702,74.353798
1990-01-12,33.792723,Validation,10.502047,20.562981,25.006006,32.664764,37.718964,40.086769,42.260773,48.338409,54.076805,59.001518,69.878700
1990-01-13,28.723815,Validation,7.946281,15.021039,18.808409,25.749498,30.632549,33.045219,35.404453,40.937134,47.251888,52.337769,63.109612
1990-01-14,25.344542,Validation,5.235299,9.593520,12.432508,18.533987,22.958813,25.332413,28.020136,32.967163,39.756622,44.982384,55.612663
1990-01-15,21.965270,Validation,5.286171,9.609328,12.467401,18.437353,22.549477,24.866556,27.507236,32.081699,38.592785,43.564587,53.704014
1990-01-16,20.275634,Validation,4.560245,8.182100,10.763204,16.265089,20.164507,22.451820,25.115795,29.408352,35.766407,40.739975,50.404068
1990-01-17,16.896361,Validation,4.610382,8.158722,10.764886,16.098421,19.930037,22.305941,24.852846,29.043808,35.104042,39.961708,48.955776
1990-01-18,16.896361,Validation,4.526332,8.066317,10.650706,15.997109,19.806858,22.134111,24.744858,28.962254,35.156586,40.031265,49.462803
1990-01-19,13.517089,Validation,4.974838,8.701587,11.436240,16.723400,20.490179,22.932482,25.321125,29.485090,35.182755,39.826824,48.026764
1990-01-20,11.827453,Validation,2.638972,4.673176,6.397625,10.269438,13.791963,15.871905,18.462751,22.290173,28.029978,33.218102,41.036190
1990-01-21,11.827453,Validation,0.747594,1.782090,2.621886,4.644713,7.203867,8.484178,10.485307,13.911000,19.171623,24.467968,31.927242
1990-01-22,10.137817,Validation,0.683499,1.679400,2.485864,4.391840,6.821218,8.045085,9.965189,13.249586,18.365395,23.495554,30.650099
1990-01-23,10.137817,Validation,0.480573,1.360890,2.063524,3.695512,5.719700,6.725543,8.369158,11.342390,16.149433,20.769352,26.972578
1990-01-24,10.137817,Validation,0.401933,1.133281,1.746924,3.320185,4.838887,5.808675,7.270831,9.947879,14.790637,19.026525,24.492493
1990-01-25,10.137817,Validation,0.137228,0.722525,1.167673,2.008125,2.637810,3.138425,3.703310,5.336262,9.097980,11.799659,16.455669
1990-01-26,13.517089,Validation,0.103886,0.757730,1.234413,2.416559,3.512772,4.255371,5.148726,7.578739,13.242453,17.606075,25.767025
1990-01-27,50.689084,Validation,0.157860,1.214530,2.435136,5.187048,8.503418,10.885357,12.167453,20.273693,35.094887,47.733578,85.822685
1990-01-28,84.481807,Validation,2.571623,5.965779,8.867195,15.353099,25.013443,28.673101,35.998138,48.775806,63.462273,77.731598,104.130974
1990-01-29,76.033627,Validation,6.436063,14.416733,19.597178,29.893734,42.021111,46.966179,55.417225,67.919037,84.865013,100.168221,132.120270
1990-01-30,72.654354,Validation,6.594487,14.243568,19.009361,29.307863,38.637108,43.527172,49.742180,60.793777,76.174034,87.415680,110.775131
1990-01-31,70.964718,Validation,7.095855,16.547621,22.271582,34.058170,46.601147,52.024845,60.817963,73.167862,92.966484,107.474266,142.745926
1990-02-01,67.585446,Validation,12.267750,28.442194,36.308376,48.885433,59.619534,64.900848,71.093193,82.732986,99.143692,111.001633,133.077164
1990-02-02,65.895810,Validation,10.727762,24.753721,31.073332,45.109306,54.592457,60.805958,69.037056,79.669609,100.034927,111.543282,147.122894
1990-02-03,62.516537,Validation,13.953371,31.993082,39.072144,52.471268,59.529640,65.758095,71.109657,80.567108,96.826309,107.265617,132.138901
1990-02-04,60.826901,Validation,13.338115,29.571732,34.875198,45.306511,51.401630,55.985584,58.393929,66.459709,78.616394,85.406082,99.567070
1990-02-05,54.068357,Validation,13.869410,29.520365,34.056286,42.505131,47.110432,50.438919,52.030315,58.162754,67.230644,72.376305,84.388771
1990-02-06,48.999448,Validation,13.798497,28.407507,32.927395,42.719894,45.752594,49.842655,52.413521,57.716530,67.008331,73.560715,91.066727
1990-02-07,43.930540,Validation,12.993355,25.904753,29.865297,37.135841,40.665375,43.092751,44.177242,48.973225,55.806072,59.706554,70.283020
1990-02-08,38.861631,Validation,11.754517,22.507172,26.482769,33.592781,36.467602,38.719719,40.199142,44.233833,50.492195,54.124767,64.704819
1990-02-09,33.792723,Validation,11.362789,21.277578,25.145519,31.465494,34.338329,35.879333,37.285423,40.802235,46.156467,49.105377,58.499504
1990-02-10,30.413451,Validation,10.663223,19.225351,22.997747,30.148678,32.074524,34.378674,36.130577,39.241627,44.769581,48.550385,59.172340
1990-02-11,28.723815,Validation,10.491614,18.667263,22.371601,28.638384,30.944714,32.618450,33.776531,36.776539,41.465118,44.607246,53.478371
1990-02-12,27.034178,Validation,8.586671,14.833024,18.232183,25.343599,27.080868,29.649639,32.070236,34.926216,41.048923,45.527519,57.735355
1990-02-13,25.344542,Validation,8.549154,14.616879,17.941166,23.765377,26.018625,27.939934,29.474743,32.585129,37.695057,40.858433,49.293377
1990-02-14,21.965270,Validation,7.963420,13.401314,16.586796,22.202814,24.652233,26.510599,28.036077,31.037115,36.209538,39.572598,47.929153
1990-02-15,20.275634,Validation,6.202836,10.112483,12.866778,18.277279,20.778465,22.835314,24.580564,27.686787,33.290661,37.072784,45.315216
1990-02-16,16.896361,Validation,6.313989,10.088931,12.780582,17.934542,20.108706,22.071764,23.636906,26.557533,31.731215,34.999886,42.460400
1990-02-17,16.896361,Validation,5.123014,8.142446,10.631346,15.578914,17.944422,20.004263,21.829056,24.769627,30.163132,33.970432,41.708542
1990-02-18,16.896361,Validation,4.627841,7.257926,9.589918,14.760872,16.882271,19.221123,21.479414,24.357941,30.389175,34.832249,43.870399
1990-02-19,16.896361,Validation,2.394023,3.772897,5.253485,8.816277,10.904748,12.812498,14.934231,17.924229,23.724464,28.193962,35.137047
1990-02-20,15.206725,Validation,2.649889,4.121574,5.682047,9.323910,11.408909,13.323947,15.355892,18.305613,23.919924,28.101936,34.713871
1990-02-21,13.517089,Validation,1.500592,2.546512,3.608122,6.129035,8.132529,9.588458,11.352194,14.222505,19.441162,23.558285,28.914028
1990-02-22,11.827453,Validation,0.918332,1.764454,2.542000,4.317782,6.033863,7.155786,8.511302,11.077524,15.701513,19.423080,23.680914
1990-02-23,11.827453,Validation,0.996874,1.856772,2.657909,4.493200,6.199756,7.346412,8.719699,11.235206,15.802259,19.470779,23.664368
1990-02-24,10.137817,Validation,1.142659,2.034943,2.893016,4.874138,6.607660,7.821403,9.258526,11.771740,16.352152,20.033632,24.326900
1990-02-25,10.137817,Validation,0.830714,1.571665,2.222337,3.685513,5.079044,6.092169,7.016248,9.120055,12.998869,16.189293,19.723829
1990-02-26,10.137817,Validation,0.760711,1.493462,2.133193,3.526886,4.915302,5.870567,6.823689,8.947569,12.832329,15.994471,19.489227
1990-02-27,10.137817,Validation,0.817828,1.565625,2.235384,3.706480,5.144948,6.140971,7.157512,9.335112,13.299626,16.536592,20.136858
1990-02-28,8.448181,Validation,1.145016,1.945055,2.720609,4.484469,6.038575,7.216177,8.286063,10.501530,14.502821,17.837645,21.709467
1990-03-01,8.448181,Validation,1.020963,1.786279,2.509047,4.125908,5.619438,6.724124,7.716047,9.885983,13.789529,17.049162,20.807432
1990-03-02,6.758545,Validation,1.191964,1.985177,2.772053,4.553003,6.120605,7.323707,8.365152,10.594173,14.581067,17.944496,21.932592
1990-03-03,6.758545,Validation,0.822521,1.788197,2.565417,4.214392,6.068614,7.206058,8.481254,10.816115,15.284664,19.517160,24.859375
1990-03-04,5.068908,Validation,0.896300,1.856819,2.640817,4.386854,6.310536,7.531906,8.696421,11.264294,15.931933,20.381775,26.037699
1990-03-05,5.068908,Validation,0.887410,1.652016,2.318815,4.017523,5.600087,6.844719,7.739027,10.240083,14.830016,18.761011,23.980871
1990-03-06,5.068908,Validation,0.711153,1.426022,2.095618,3.554888,5.127878,6.218476,7.222744,9.832852,14.451283,18.278860,22.796492
1990-03-07,5.068908,Validation,0.803761,1.567493,2.266776,4.214629,5.888162,7.224734,8.503181,11.289677,17.357029,22.051477,29.555662
1990-03-08,5.068908,Validation,1.263435,2.207738,3.144483,5.660642,7.842094,9.558541,11.201982,14.684358,21.540567,27.165728,35.829525
1990-03-09,5.068908,Validation,0.792128,1.586662,2.337871,4.098351,6.058085,7.362215,8.669355,11.971712,17.733889,22.603157,28.616692
1990-03-10,5.068908,Validation,0.943575,1.807969,2.650995,4.714146,6.768103,8.102779,9.743659,13.084420,19.002048,23.898638,30.066984
1990-03-11,3.379272,Validation,1.145379,2.035160,2.959111,5.342075,7.308214,8.783518,10.532265,13.736320,19.889534,24.957722,31.706045
1990-03-12,3.379272,Validation,1.124325,1.986282,2.878627,5.084218,6.991474,8.356773,9.944600,13.010806,18.612602,23.246737,29.102968
1990-03-13,3.379272,Test,1.206461,2.050205,2.951149,5.160190,7.002210,8.357825,9.873272,12.813957,18.199038,22.679117,28.392391
1990-03-14,3.379272,Test,1.270038,2.099528,2.995335,5.146003,6.946770,8.241382,9.679048,12.505583,17.602270,21.841623,27.292967
1990-03-15,3.379272,Test,1.258671,2.126987,3.039705,5.274682,7.064971,8.353783,9.911333,12.725632,17.847857,21.987207,27.320118
1990-03-16,3.379272,Test,1.175874,2.037126,2.917357,5.093572,6.829235,8.071978,9.627913,12.369826,17.385071,21.383865,26.463614
1990-03-17,3.379272,Test,1.185175,2.047886,2.928767,5.117728,6.825966,8.067473,9.623269,12.334584,17.309738,21.239450,26.268143
1990-03-18,3.379272,Test,1.208908,2.072360,2.958365,5.170402,6.858397,8.106549,9.657405,12.350768,17.305061,21.193344,26.219910
1990-03-19,1.689636,Test,1.142668,1.992470,2.846236,4.986875,6.632130,7.836748,9.359607,11.991940,16.838734,20.622566,25.477119
1990-03-20,1.689636,Test,1.104372,1.942255,2.775080,4.868925,6.480682,7.657354,9.152142,11.739029,16.506779,20.212612,24.968735
1990-03-21,1.689636,Test,1.082588,1.910179,2.732127,4.802151,6.393400,7.555053,9.032361,11.597636,16.329845,19.999184,24.731686
1990-03-22,1.689636,Test,1.209030,2.077794,2.955785,5.174719,6.789905,8.010601,9.563436,12.162884,16.985392,20.676680,25.571474
1990-03-23,1.689636,Test,1.227329,2.051056,2.923754,5.123488,6.697801,7.950980,9.443133,12.101963,17.055944,20.920361,26.117802
1990-03-24,1.689636,Test,0.798282,1.505212,2.193158,3.855192,5.235750,6.274994,7.447523,9.875395,14.425299,17.978001,22.367939
1990-03-25,1.689636,Test,0.867450,1.608928,2.336264,4.129038,5.570293,6.655184,7.955631,10.459344,15.139061,18.783348,23.356150
1990-03-26,1.689636,Test,0.442075,1.054932,1.584160,2.714405,3.760702,4.527820,5.312341,7.322070,11.265701,14.172651,17.822607
1990-03-27,1.689636,Test,0.248322,0.787984,1.221676,1.946388,2.620877,3.144153,3.581155,5.094411,8.309569,10.484000,13.660233
1990-03-28,1.689636,Test,0.218618,0.747024,1.168352,1.838144,2.448035,2.935113,3.324298,4.759846,7.868663,9.935014,13.091748
1990-03-29,1.689636,Test,0.231484,0.774176,1.207846,1.946578,2.620200,3.145849,3.593917,5.126596,8.402424,10.596628,13.845630
1990-03-30,1.689636,Test,0.220790,0.761828,1.190606,1.917244,2.568756,3.083804,3.514012,5.023646,8.271546,10.426161,13.702375
1990-03-31,1.689636,Test,0.251324,0.768202,1.185906,2.203871,2.888928,3.527651,4.053157,5.710184,9.717846,12.356966,17.150887
1990-04-01,3.379272,Training,0.187993,0.727620,1.162137,2.328656,3.226704,4.002607,4.627913,6.776112,11.944551,15.460786,22.024143
1990-04-02,1.689636,Training,0.130255,0.658718,1.113653,2.175123,3.101700,3.916932,4.487439,7.029003,12.504401,16.342476,23.131647
1990-04-03,3.379272,Training,0.253197,0.840050,1.346719,2.684610,4.029457,5.016437,5.899713,9.116364,15.244598,19.799547,27.101196
1990-04-04,1.689636,Training,0.626250,1.327479,1.931749,4.146519,6.016964,7.372980,8.893242,13.607981,22.581156,28.777468,42.009449
1990-04-05,8.448181,Training,0.751563,1.645782,2.422113,5.595106,8.377436,10.420321,12.662306,18.335722,30.958752,39.908363,60.207230
1990-04-06,15.206725,Training,0.880340,2.044947,2.867753,6.691824,10.403079,13.114509,15.930468,25.151106,42.801563,55.425476,85.740219
1990-04-07,25.344542,Training,1.465342,2.898652,3.910903,8.179648,12.091826,15.001599,17.722956,27.352152,42.459446,52.570843,77.251320
1990-04-08,25.344542,Training,3.217868,5.763557,7.308650,14.498503,18.868999,22.587198,27.148903,36.665874,55.282154,65.166824,101.794937
1990-04-09,23.654906,Training,5.879813,10.766381,13.258859,22.893864,27.213627,31.945953,36.661491,45.932789,63.844578,72.002258,109.230453
1990-04-10,21.965270,Training,6.466794,11.904280,14.473311,23.191635,27.271830,31.343338,34.690567,42.475517,56.653996,62.498215,89.328865
1990-04-11,20.275634,Training,7.270826,13.577369,16.560961,25.282488,29.100697,32.872635,36.052341,42.226215,54.475239,59.993919,81.163101
1990-04-12,18.585998,Training,7.106029,13.039769,15.959134,23.894260,27.280907,30.223558,33.126274,38.060326,48.117958,52.742573,69.614532
1990-04-13,18.585998,Training,6.548535,11.702623,14.225574,22.330956,25.210104,28.293062,31.259287,36.290401,46.898308,51.277630,72.400444
1990-04-14,16.896361,Training,6.226745,11.096745,13.674868,20.714939,23.646013,26.006737,28.639347,32.824509,41.579346,45.242737,61.391964
1990-04-15,16.896361,Training,5.941042,10.481870,13.081432,19.733829,22.465214,24.573015,27.204786,30.872133,38.740974,42.299732,56.192280
1990-04-16,15.206725,Training,5.644832,9.963584,12.488297,18.790228,21.523623,23.443193,26.044554,29.524509,37.057285,40.383759,53.815887
1990-04-17,13.517089,Training,5.497884,9.724080,12.257648,18.381435,21.084234,22.942024,25.532158,28.887390,36.157795,39.438477,52.419224
1990-04-18,11.827453,Training,5.340962,9.476868,11.985829,17.900694,20.602476,22.358562,24.911324,28.155407,35.183094,38.311760,50.986912
1990-04-19,11.827453,Training,4.755492,8.362373,10.625863,16.275799,18.878946,20.633955,23.220339,26.553959,33.722244,36.931816,49.022900
1990-04-20,10.137817,Training,3.691995,6.424565,8.099792,13.428630,15.842329,17.724037,20.280472,24.095415,32.367020,35.646278,49.580727
1990-04-21,10.137817,Training,3.445158,6.039357,7.595623,12.816146,15.248146,17.179729,19.709972,23.713839,32.375546,35.694378,50.387955
1990-04-22,8.448181,Training,3.425131,6.002606,7.592487,12.936624,15.370005,17.401514,20.056723,24.142069,33.011600,36.669437,51.676781
1990-04-23,8.448181,Training,3.453308,6.114644,7.781026,13.041804,15.611007,17.607523,20.250429,24.292337,32.990246,36.650192,50.664124
1990-04-24,8.448181,Training,2.268332,4.004245,5.151971,9.588124,11.937564,13.784610,16.413668,20.701754,29.703077,34.104500,47.547794
1990-04-25,8.448181,Training,0.847470,1.744991,2.376765,4.946009,6.788438,8.036605,9.911186,13.694266,21.034164,25.639286,35.582420
1990-04-26,6.758545,Training,0.900472,1.839420,2.496121,5.131584,7.015409,8.270788,10.225948,13.995574,21.347176,25.913515,35.873955
1990-04-27,5.068908,Training,0.215757,0.854912,1.292515,2.517659,3.638415,4.267488,5.262155,7.679855,12.466366,15.763744,21.759378
1990-04-28,6.758545,Training,0.136043,0.709329,1.112156,2.153650,2.919965,3.469301,4.185358,6.125979,10.460938,13.402082,18.978594
1990-04-29,5.068908,Training,0.126869,0.687082,1.080108,2.104725,2.793826,3.327550,3.995752,5.823654,10.035390,12.904433,18.436556
1990-04-30,5.068908,Training,0.110659,0.674115,1.069998,2.040572,2.701246,3.215281,3.836757,5.614975,9.704663,12.478889,17.834864
1990-05-01,5.068908,Training,0.108902,0.699941,1.103974,2.027746,2.765533,3.249885,3.897331,5.718027,9.707594,12.394641,17.478313
1990-05-02,5.068908,Training,0.100735,0.699539,1.095754,1.946557,2.629170,3.072251,3.666226,5.347599,9.081337,11.563290,16.250769
1990-05-03,3.379272,Training,0.096485,0.707084,1.093841,1.863258,2.506656,2.897821,3.451365,5.002464,8.457866,10.726420,15.040293
1990-05-04,3.379272,Training,0.100689,0.713304,1.095348,1.833021,2.437028,2.805504,3.332047,4.803828,8.113591,10.274395,14.415583
1990-05-05,3.379272,Training,0.103445,0.716700,1.093976,1.792189,2.352715,2.698035,3.191180,4.573749,7.713399,9.757375,13.689293
1990-05-06,3.379272,Training,0.121828,0.695199,1.068320,1.892995,2.374948,2.783217,3.274093,4.661649,8.015201,10.246243,14.617986
1990-05-07,3.379272,Training,0.117414,0.688310,1.062335,1.879156,2.345419,2.751574,3.218805,4.592753,7.921874,10.137534,14.556793
1990-05-08,6.758545,Training,0.072465,0.614624,0.940501,1.796266,2.243157,2.645929,3.057941,4.415692,7.981219,10.346871,15.822068
1990-05-09,5.068908,Training,0.069522,0.650064,1.051673,1.955526,2.525565,3.017446,3.512918,5.190317,9.226254,11.931986,17.453419
1990-05-10,3.379272,Training,0.063602,0.696378,1.108959,1.856718,2.498955,2.912926,3.396441,4.995401,8.615074,10.952662,15.565518
1990-05-11,3.379272,Training,0.122202,0.765438,1.201900,2.253556,3.087551,3.645618,4.342286,6.366781,10.780412,13.652278,19.114597
1990-05-12,3.379272,Training,0.146030,0.767291,1.191241,2.345080,3.060013,3.656197,4.318481,6.293300,10.930719,13.883129,19.867653
1990-05-13,1.689636,Training,0.127569,0.751904,1.175167,2.176838,2.796288,3.327205,3.871390,5.629080,9.775885,12.387157,17.612837
1990-05-14,1.689636,Training,0.121164,0.780036,1.195506,1.992379,2.572855,2.995452,3.444724,4.974874,8.507434,10.657306,15.037115
1990-05-15,1.689636,Training,0.127135,0.788851,1.200223,1.965963,2.525259,2.925488,3.364376,4.823504,8.202178,10.246754,14.380122
1990-05-16,1.689636,Training,0.154521,0.812970,1.234770,2.153037,2.777635,3.247822,3.789636,5.413605,9.133718,11.406466,15.792423
1990-05-17,1.689636,Training,0.160128,0.837594,1.253285,2.107349,2.724406,3.151761,3.672897,5.232489,8.761242,10.875014,15.097192
1990-05-18,1.689636,Training,0.142577,0.802958,1.206439,1.961572,2.472914,2.854609,3.287104,4.666701,7.882421,9.812402,13.748122
1990-05-19,1.689636,Training,0.136795,0.792315,1.178278,1.810111,2.212222,2.533689,2.866235,4.035473,6.851476,8.544241,12.155265
1990-05-20,1.689636,Training,0.138440,0.784713,1.172039,1.825455,2.202185,2.540653,2.863839,4.029636,6.871883,8.589178,12.260894
1990-05-21,1.689636,Training,0.141978,0.797408,1.181430,1.809186,2.184343,2.506026,2.822792,3.965850,6.733628,8.393468,12.018266
1990-05-22,1.689636,Training,0.145596,0.802458,1.190436,1.849751,2.236729,2.575403,2.909278,4.093668,6.950606,8.653980,12.388769
1990-05-23,1.689636,Training,0.148906,0.792753,1.196101,1.984331,2.417351,2.821680,3.231065,4.571711,7.790744,9.726514,13.823892
1990-05-24,1.689636,Training,0.181618,0.879285,1.304223,2.197929,2.836186,3.266935,3.853167,5.456436,9.000471,11.098826,15.412403
1990-05-25,1.689636,Training,0.173554,0.872008,1.295954,2.165750,2.806349,3.222642,3.818020,5.402983,8.888299,10.960027,15.246810
1990-05-26,1.689636,Training,0.165487,0.793144,1.204962,2.228574,2.782255,3.262471,3.881229,5.501513,9.336662,11.706751,16.813181
1990-05-27,1.689636,Training,0.110635,0.763279,1.115064,1.573879,1.848673,2.079511,2.332597,3.218446,5.436322,6.865260,9.972340
1990-05-28,1.689636,Training,0.154244,0.804209,1.128111,1.497764,1.680787,1.856509,2.028665,2.700168,4.468166,5.689618,8.433733
1990-05-29,1.689636,Training,0.131766,0.782409,1.115237,1.517914,1.740332,1.931900,2.144730,2.894820,4.832711,6.130037,9.002388
1990-05-30,1.689636,Training,0.123342,0.770914,1.106762,1.539016,1.793012,1.994151,2.240355,3.050775,5.097856,6.441240,9.412336
1990-05-31,1.689636,Training,0.147867,0.798312,1.118122,1.500055,1.692450,1.863865,2.058211,2.741625,4.534133,5.762441,8.521162
1990-06-01,1.689636,Training,0.174738,0.823183,1.131773,1.490536,1.640154,1.795572,1.952697,2.552654,4.170962,5.325414,7.958373
1990-06-02,1.689636,Training,0.147031,0.718263,0.995044,1.516501,1.605302,1.833803,1.979085,2.600242,4.397622,5.741589,9.023329
1990-06-03,1.689636,Training,0.159109,0.818393,1.148813,1.516956,1.675586,1.852893,2.005177,2.648021,4.374089,5.613326,8.414059
1990-06-04,1.689636,Training,0.167371,0.831387,1.157350,1.518921,1.666804,1.836765,1.982948,2.601366,4.288136,5.497124,8.266829
1990-06-05,1.689636,Training,0.141697,0.809993,1.154330,1.562617,1.756814,1.955016,2.139676,2.869805,4.817171,6.142583,9.167116
1990-06-06,1.689636,Training,0.147637,0.817882,1.158100,1.556328,1.746214,1.933236,2.116930,2.829574,4.727048,6.010458,8.961940
1990-06-07,1.689636,Training,0.150689,0.820694,1.158289,1.551291,1.738775,1.919152,2.102494,2.804403,4.670505,5.926946,8.831769
1990-06-08,1.689636,Training,0.155020,0.822417,1.156350,1.541832,1.727373,1.899459,2.080599,2.767825,4.586236,5.807595,8.663729
1990-06-09,1.689636,Training,0.157874,0.824997,1.156825,1.539215,1.719240,1.888434,2.066014,2.742462,4.536147,5.739216,8.569073
1990-06-10,1.689636,Training,0.156507,0.818312,1.156681,1.562260,1.723746,1.914989,2.085360,2.767582,4.610262,5.859792,8.732976
1990-06-11,1.689636,Training,0.170922,0.841492,1.168806,1.535579,1.684820,1.849669,2.002554,2.631537,4.336316,5.499210,8.252913
1990-06-12,1.689636,Training,0.173284,0.842137,1.168122,1.530503,1.677376,1.840212,1.989858,2.611832,4.292255,5.432345,8.157197
1990-06-13,1.689636,Training,0.155570,0.812375,1.154520,1.569743,1.719237,1.923035,2.088833,2.773416,4.628267,5.879288,8.759253
1990-06-14,1.689636,Training,0.192988,0.863009,1.178501,1.521814,1.626368,1.779316,1.897046,2.443623,3.980414,5.072591,7.693427
1990-06-15,1.689636,Training,0.195729,0.867024,1.181373,1.519529,1.619553,1.770665,1.884033,2.422032,3.939879,5.017829,7.621730
1990-06-16,1.689636,Training,0.191817,0.860580,1.178912,1.531394,1.627499,1.791046,1.905616,2.454601,4.016179,5.122893,7.767048
1990-06-17,1.689636,Training,0.188302,0.858297,1.178569,1.532026,1.631158,1.796979,1.914785,2.472282,4.054741,5.167712,7.831883
1990-06-18,1.689636,Training,0.181393,0.855212,1.177924,1.524931,1.637155,1.797646,1.926138,2.497413,4.100349,5.209875,7.888288
1990-06-19,1.689636,Training,0.152098,0.790152,1.137360,1.582150,1.694195,1.921102,2.078652,2.748006,4.626451,5.926992,8.924981
1990-06-20,1.689636,Training,0.130720,0.803246,1.155957,1.565986,1.747905,1.954849,2.152412,2.894538,4.879970,6.164986,9.193669
1990-06-21,1.689636,Training,0.186585,0.825062,1.150011,1.558521,1.611460,1.807725,1.919306,2.440847,4.020282,5.231466,8.014812
1990-06-22,1.689636,Training,0.186928,0.857273,1.169473,1.501180,1.588980,1.728862,1.846442,2.340785,3.801970,4.888025,7.493301
1990-06-23,1.689636,Training,0.187352,0.858150,1.165938,1.487478,1.580388,1.707206,1.828627,2.313399,3.743786,4.796815,7.376828
1990-06-24,1.689636,Training,0.197975,0.858204,1.160026,1.485101,1.569611,1.693236,1.801176,2.266898,3.643810,4.653475,7.201897
1990-06-25,1.689636,Training,0.185444,0.794877,1.109696,1.547711,1.591586,1.786891,1.894742,2.401594,3.946958,5.120126,8.000883
1990-06-26,1.689636,Training,0.193155,0.858340,1.167243,1.484468,1.569649,1.695826,1.802425,2.272429,3.664491,4.682495,7.255029
1990-06-27,1.689636,Training,0.188212,0.858175,1.171491,1.490654,1.574358,1.707087,1.819492,2.296554,3.726521,4.773212,7.354065
1990-06-28,1.689636,Training,0.170374,0.844889,1.163677,1.489022,1.593909,1.729997,1.861452,2.372729,3.888674,4.973488,7.620133
1990-06-29,1.689636,Training,0.178616,0.852671,1.169331,1.491438,1.584342,1.719963,1.843061,2.338579,3.824351,4.891840,7.501109
1990-06-30,1.689636,Training,0.180416,0.853995,1.170773,1.493259,1.580958,1.718755,1.839296,2.331628,3.819035,4.886008,7.485845
1990-07-01,1.689636,Training,0.175886,0.849161,1.166140,1.488021,1.579870,1.715215,1.841501,2.338213,3.836576,4.902268,7.504855
1990-07-02,,,0.251378,1.450444,2.544560,2.887006,3.581785,4.293176,5.341980,7.916969,15.208897,21.890518,31.390900
1990-07-03,,,0.099586,1.148249,2.150793,2.779153,3.732669,4.604081,5.930705,9.341190,17.947540,25.560333,36.705662
