1980	01	01	1.0873952558000002	2.699468953257753	0.6835092633369122
1980	01	02	0.089965846468	2.3473643071806545	0.6421720201913345
1980	01	03	0.0082205540472	2.255146423684272	0.9026204925546232
1980	01	04	1.8014678291200001	2.1880788720505393	0.7781980776367372
1980	01	05	1.317944289	2.506649742310771	0.6972728579338088
1980	01	06	0.0040542687234	2.305447087409572	0.8380460745322421
1980	01	07	0.14014896588	2.08747754459994	0.6806233342001337
1980	01	08	2.77116250704	1.9617258852866901	0.4875718963554533
1980	01	09	3.1796125906	2.0287934369204232	0.6117780708143788
1980	01	10	0.43775554608	2.03717688087464	0.6189816235049397
1980	01	11	1.3978623567999997	1.9030417776071737	0.6727706856718055
1980	01	12	0.0030048708584800004	1.768906674339708	0.6141953684506322
1980	01	13	0.476849846396	1.6934556787517583	0.5253685649672977
1980	01	14	0.09485109489999999	1.6180046831638086	0.8458377061001914
1980	01	15	0.37485936544000004	1.5509371315300755	0.5831591987851921
1980	01	16	0.0208217289344	1.5257867996674257	0.7001128197050578
1980	01	17	0.00082267095264	1.5174033557132092	0.6753481675068962
1980	01	18	0.7160644612879999	1.5006364678047759	0.6992828891495618
1980	01	19	13.2965557784	1.8527411138818741	0.5289129861803848
1980	01	20	7.5649004324	2.63240140162402	0.5478969738319481
1980	01	21	13.114436694	4.736645834132394	0.6157234239545023
1980	01	22	30.750541604800002	9.892463865975618	0.5823201321580782
1980	01	23	29.731447542399998	10.479304942770781	0.4258793907358369
1980	01	24	12.7858563776	23.054470874095717	0.6236958725304683
1980	01	25	0.155782770612	8.970285031011787	1.0782585303880141
1980	01	26	0.0024425668827600003	5.759425996546821	1.2759656812780493
1980	01	27	0.0008217452822840001	4.786946497857693	1.2307926324380456
1980	01	28	0.0	4.283939860604695	1.1424239577869433
1980	01	29	0.29710113492	3.864767662893864	1.159580727662625
1980	01	30	6.767895565119999	4.409691519917945	0.6844458347942785
1980	01	31	7.825430091199999	10.898477140481612	0.8429875174120427
1980	02	01	0.0388674460916	5.533073009782973	0.9314264567582337
1980	02	02	0.5589659451119999	4.359390856192645	0.8073522751148493
1980	02	03	0.116654502966	3.8815345508022974	1.175991988863471
1980	02	04	0.145468425656	3.571347124496282	1.312621219331193
1980	02	05	0.39070828867199997	3.395294801457733	1.184562403147718
1980	02	06	1.0494459754	3.3366106937782165	1.0012353606509978
1980	02	07	0.014448625876399999	3.244392810281834	1.2225030800518983
1980	02	08	0.34570450964	2.9174384960673856	1.0761830268581136
1980	02	09	16.70465274	6.103147198669703	0.8307253771477062
1980	02	10	0.050369938300800006	5.667208113050439	1.0623175543160006
1980	02	11	0.0024454007421599996	3.8983014387107313	1.2559782095348508
1980	02	12	0.000813244464724	3.35337758168665	1.336254653172861
1980	02	13	0.0016321556404	3.0348067114264183	1.4268158438922731
1980	02	14	3.5472222011200003	2.8503709444336525	1.3485981188243932
1980	02	15	20.6513798032	5.608524005370922	0.9035621095894794
1980	02	16	0.25551361832	6.186981638211869	1.3658555778463835
1980	02	17	0.0012241166827600001	3.9402186584818137	1.6009767019187424
1980	02	18	2.51863154832	3.6048809003131486	1.3503532796853914
1980	02	19	20.3217507544	5.147434587889007	0.6025611307188061
1980	02	20	2.7581276095200002	5.21450213952274	0.8360399710572459
1980	02	21	5.280854443600001	4.149804757337229	1.2530803785151092
1980	02	22	9.303321283999999	4.954615376942026	0.9705739503105493
1980	02	23	0.0530470374032	4.208488865016745	1.5321409904485337
1980	02	24	0.033406795368	3.5964974563589323	1.4138536180738925
1980	02	25	0.7832687927920001	3.2527762542360503	1.2807924872538379
1980	02	26	0.0232172086832	3.1605583707396674	1.2849342055401771
1980	02	27	0.38271791759999996	2.9425888279300354	1.316052670970659
1980	02	28	0.00122978440156	2.7833033927999193	1.516090605865188
1980	02	29	1.08260712208	2.598867625807154	1.6362352992494251
1980	03	01	0.51276919732	2.640784845578237	1.721506220517337
1980	03	02	2.19085256616	2.548566962081854	1.6679264104810978
1980	03	03	3.7374023580799998	2.5569504060360706	1.3589076242257656
1980	03	04	2.41758356688	2.5569504060360706	1.5179474946948754
1980	03	05	0.123174675768	2.338980863226438	1.4920110552780415
1980	03	06	1.9139635376400002	2.481499410448121	1.4082359642047724
1980	03	07	2.5866067124	2.63240140162402	1.122398144668074
1980	03	08	0.6690613780479999	2.548566962081854	1.3152392433043092
1980	03	09	0.0024506435484399998	2.238379535775839	2.045356887755663
1980	03	10	0.0012212830135199999	2.03717688087464	1.9891348332799796
1980	03	11	0.0	1.9617258852866901	2.0844773639390097
1980	03	12	0.014703561028	1.894658333652957	2.3027881219137956
1980	03	13	2.470672816	1.8275907820192243	0.9947908257076389
1980	03	14	5.1090600964	1.768906674339708	1.2069830181175636
1980	03	15	0.6127817195280001	1.7269894545686246	1.6625468177311933
1980	03	16	0.000405205459544	1.7186060106144079	2.0716118057916697
1980	03	17	0.00041370620104	1.743756342477058	2.2467489042505084
1980	03	18	0.9690745661599999	1.810823894110791	1.5857244854059973
1980	03	19	5.81569912516	1.9533424413324736	1.3863766082132185
1980	03	20	3.16558458248	2.2467629797300557	1.4681372553897003
1980	03	21	5.36287872356	2.2467629797300557	1.4304047156755968
1980	03	22	2.5386838252399997	2.1796954280963226	1.3557609048661987
1980	03	23	4.0514329624	2.1545450962336727	1.6570381657861157
1980	03	24	12.499444992	4.116270981520363	1.3490997549053854
1980	03	25	23.8896096892	5.818110104226338	1.4728422941188675
1980	03	26	28.0659597064	13.245841447662267	1.232360139369732
1980	03	27	27.583226186	12.994338129035768	1.6110365803175368
1980	03	28	5.44965129872	11.485318217276776	1.7235691993303903
1980	03	29	19.552700928400004	11.988324854529774	2.1079884379654974
1980	03	30	0.08864538493600001	7.612167110428695	2.677395332016987
1980	03	31	0.0389219240792	5.373787574652857	3.3668892964442683
1980	04	01	0.241992424632	4.501909403414327	2.5155130556167786
1980	04	02	0.042933009843600003	4.007286210115547	3.028093888696689
1980	04	03	0.083470841342	3.713865671717965	3.1919176105949565
1980	04	04	0.0	3.445595465183033	3.106287044010044
1980	04	05	0.0016253686398399999	3.2108590344649675	3.2517878231442494
1980	04	06	0.00041370624858	2.992889491655335	2.8909058390485893
1980	04	07	0.0008217452822840001	2.8503709444336525	3.058776470573834
1980	04	08	0.000419373482472	2.70785239721197	3.096782538446727
1980	04	09	0.0008160780769160001	2.531800074173421	2.8234579614113526
1980	04	10	0.0016434889862399998	2.3725146390433047	3.1856645161834787
1980	04	11	2.1936708324399996	2.3808980829975215	2.8534258881771195
1980	04	12	10.8267795668	2.548566962081854	2.3022199715770157
1980	04	13	20.404781266	3.8060835552143475	1.5753823640121458
1980	04	14	23.108085367199998	6.656454499648	1.7947527355624044
1980	04	15	2.99712659248	6.044463090990186	1.7535064148606063
1980	04	16	0.054798068715199995	4.485142515505894	2.33218129609972
1980	04	17	0.308142509096	3.554580236587849	2.678926837663914
1980	04	18	0.009934428095200001	3.2024755905107507	3.0229719373990234
1980	04	19	0.015057108401600001	2.992889491655335	3.0165459784076143
1980	04	20	0.0006260834495600001	2.791686836754136	3.5249974833107007
1980	04	21	0.00041621869004	2.5737172939445037	3.1166494589360907
1980	04	22	0.0	2.422815302768605	3.6252618678228834
1980	04	23	0.0008217453488399999	2.322213975318005	3.128808255590675
1980	04	24	0.00041370620104	2.229996091821622	3.4382434064286804
1980	04	25	0.0	2.1377782083252392	3.7700578408731933
1980	04	26	0.09495342474999999	2.0287934369204232	3.2519804431251416
1980	04	27	0.28195222868	1.919808665515607	3.3524851355701655
1980	04	28	6.780434715519999	1.9784927731951234	2.6415701207706785
1980	04	29	2.92176913196	2.774919948845703	2.416992316601371
1980	04	30	2.82650134896	2.3976649709059545	3.10937762378156
1980	05	01	0.07817972016	2.1377782083252392	2.442125593484105
1980	05	02	9.2347201132	2.0287934369204232	2.0526943070866146
1980	05	03	8.43685249	2.4731159664939044	1.8059634203572248
1980	05	04	0.130153614324	2.3473643071806545	2.875211048738947
1980	05	05	12.601737760799999	2.229996091821622	2.2131438461464175
1980	05	06	1.45521775044	3.1186411509685845	2.4212571191663232
1980	05	07	12.725665983599999	3.269543142144484	2.4505214037091987
1980	05	08	0.554873911088	4.183338533154096	2.610054003475967
1980	05	09	0.0	3.4539789091372493	4.059366593968467
1980	05	10	8.7050455968	2.70785239721197	3.5037439562332815
1980	05	11	35.246323340800004	2.3976649709059545	3.049175863248786
1980	05	12	8.6345437768	2.7497696169830528	2.329980974622575
1980	05	13	1.0435620446800002	3.6970987838095315	2.6973369459451013
1980	05	14	0.602189617368	3.420445133320383	3.1861861740507593
1980	05	15	0.09904321964	2.909055052113169	3.9881889179598216
1980	05	16	0.192089163692	2.590484181852937	3.7406879569106
1980	05	17	0.00117558870648	2.2802967555469222	3.579254862877901
1980	05	18	0.5279995871200001	2.0204099929662065	3.3366455821279564
1980	05	19	0.00067241707452	1.9281921094698233	4.037368537993096
1980	05	20	0.0	1.8359742259734408	3.825233920329371
1980	05	21	0.0016099905907999998	1.7521397864312747	3.4303376150943796
1980	05	22	0.04667683238360001	1.6934556787517583	3.548817085862273
1980	05	23	0.26767606176	1.6515384589806752	3.9223086521753148
1980	05	24	0.6667342380000001	1.6012377952553754	4.167172673415253
1980	05	25	0.6983509336840001	1.5593205754842923	3.5233056812641554
1980	05	26	0.019553467273200002	1.5341702436216424	3.2223979110574774
1980	05	27	0.861525832008	1.5174033557132092	2.8435722298993236
1980	05	28	0.5417395979199999	1.5090199117589924	3.299342989431473
1980	05	29	0.32955792896	1.4922530238505591	2.8922734371766534
1980	05	30	7.802607088	1.4335689161710428	3.2229561164716922
1980	05	31	0.713082819044	1.450335804079476	3.8013075652945267
1980	06	01	0.00204530733488	1.8359742259734408	4.719664488366211
1980	06	02	0.00245390089416	1.7018391227059746	5.486060619805258
1980	06	03	0.000810410919088	1.5593205754842923	5.773371359435594
1980	06	04	0.0	1.4168020282626097	4.972080655816311
1980	06	05	0.061404551338000005	1.274283481040927	4.690686190916359
1980	06	06	0.0451390721672	1.1401483777734611	3.8231761601823564
1980	06	07	0.00326484201736	0.9976298305517783	4.029732935885405
1980	06	08	0.30638018228	0.9724794986891285	4.028436996884589
1980	06	09	3.0171874266	1.0227801624144282	2.584630804312087
1980	06	10	2.20438292556	1.073080826139728	3.32098136007274
1980	06	11	9.279717674	1.1066146019565946	1.9839846183286616
1980	06	12	7.391001014	1.114998045910811	2.8584657393847523
1980	06	13	11.4467981484	1.1317649338192446	3.3477472193058704
1980	06	14	11.650466164	1.584470907346942	2.1381273355177064
1980	06	15	0.9666430282719999	2.229996091821622	2.6551465216757903
1980	06	16	1.0897205322799999	1.8443576699276578	3.254577854318124
1980	06	17	0.383474773416	1.5006364678047759	3.484765874913547
1980	06	18	0.0153062161	1.207215929407194	4.38906346826374
1980	06	19	0.00135427302588	1.1066146019565946	4.932345402666104
1980	06	20	0.00108559957492	1.031163606368645	4.333809040881831
1980	06	21	0.01446632692	0.9640960547349117	4.73226325600869
1980	06	22	2.4037992488000004	0.8886450591469622	2.9732595320093385
1980	06	23	0.023339794376400002	0.8299609514674459	3.4316760028807796
1980	06	24	0.84466951716	0.8215775075132292	3.6564124798824684
1980	06	25	2.4648584838399996	0.8131940635590126	2.8697241263702824
1980	06	26	0.0128518200292	0.8048106196047959	3.417864870678513
1980	06	27	0.00122514915648	0.7712768437879295	4.826370976502114
1980	06	28	0.00678281076472	0.737743067971063	5.098692015882151
1980	06	29	0.053369540206	0.6958258481999798	4.546467854497687
1980	06	30	0.000427524862016	0.6455251844746801	4.983140944552774
1980	07	01	0.00081041086204	0.6371417405204635	5.258157923321698
1980	07	02	0.0020310005522	0.6119914086578137	5.586714593729734
1980	07	03	0.0023853423192	0.5784576328409471	5.649222354424767
1980	07	04	0.00109341220344	0.5533073009782973	5.32224468301712
1980	07	05	0.004726222092760001	0.5449238570240806	4.88527833876093
1980	07	06	0.422324423384	0.5281569691156474	4.1727328547570055
1980	07	07	1.6272144278799998	0.536540413069864	3.4674625349526287
1980	07	08	3.3652044720000003	0.5533073009782973	2.1093015760381757
1980	07	09	0.5740851959	0.5700741888867306	3.0881482999156895
1980	07	10	0.000914220765352	0.5952245207493804	3.901408048351022
1980	07	11	0.00041370620104	0.603607964703597	5.083001777419077
1980	07	12	0.0008181732407799999	0.5784576328409471	5.251354058542053
1980	07	13	0.000804743770768	0.5533073009782973	5.589487984891141
1980	07	14	0.0074436021223999995	0.5281569691156474	4.867013898384877
1980	07	15	10.6767024424	0.5030066372529975	2.2205771322535313
1980	07	16	0.018059919256800002	0.48623974934456426	4.842450944449305
1980	07	17	0.00285155540436	0.46108941748191445	5.540313479803564
1980	07	18	0.00040237180932	0.4443225295734811	5.5630000136343964
1980	07	19	0.00081041086204	0.4275556416650479	5.715888793409262
1980	07	20	0.169229868456	0.4107887537566146	4.305005883272288
1980	07	21	0.0024138230578	0.3940218658481814	5.863202102361112
1980	07	22	0.0024488942666	0.3772549779397481	5.656301364269043
1980	07	23	0.00122498666476	0.3604880900313149	5.8893904988545085
1980	07	24	0.00122576318312	0.3437212021228816	5.770931282847356
1980	07	25	2.2052952181599994	0.32695431421444837	3.361875227343004
1980	07	26	0.572301105272	0.31018742630601515	3.538030801666477
1980	07	27	5.025033146399999e-06	0.2934205383975818	4.949125711340569
1980	07	28	12.1271231216	0.3018039823517985	3.445169792960935
1980	07	29	0.8676496875999999	0.31018742630601515	2.942927729551304
1980	07	30	0.52514937396	0.31857087026023173	4.046917397403539
1980	07	31	0.07288038882	0.335337758168665	4.271809018571833
1980	08	01	0.0042362551712	0.335337758168665	5.198774337151236
1980	08	02	0.00478732230728	0.31857087026023173	4.677506956542918
1980	08	03	0.88499018784	0.3018039823517985	3.880529294810403
1980	08	04	0.0024590496663199997	0.3018039823517985	4.810488139029152
1980	08	05	0.0029279110147199996	0.268270206534932	5.527193822603679
1980	08	06	0.00122978440156	0.25988676258071536	5.573733946432861
1980	08	07	0.490229380392	0.2515033186264988	3.5093155840498196
1980	08	08	0.0016012092872400002	0.2515033186264988	4.903139728374494
1980	08	09	0.000861144314	0.24311987467228213	5.159220892238683
1980	08	10	0.0012239835707600001	0.24311987467228213	5.323276579174481
1980	08	11	0.0166974561348	0.24311987467228213	4.684849727086581
1980	08	12	0.00089143765772	0.24311987467228213	4.996799206894305
1980	08	13	0.0107708102494	0.24311987467228213	4.8600273265619744
1980	08	14	8.9695115676	0.24311987467228213	2.5919055128586224
1980	08	15	0.9476913594	0.24311987467228213	3.037166126861859
1980	08	16	0.0014327004294400001	0.24311987467228213	4.635546904359908
1980	08	17	0.19234417776	0.23473643071806552	4.801136011648376
1980	08	18	0.25095096682	0.22635298676384888	3.707426676103189
1980	08	19	0.00639626483124	0.20958609885541563	4.275130673725525
1980	08	20	0.00041370620104	0.20958609885541563	5.8387117844280025
1980	08	21	1.2650303674000003	0.20120265490119899	5.402628000337044
1980	08	22	2.8085857098000004	0.19281921094698237	4.54585968268885
1980	08	23	3.03014036516	0.19281921094698237	4.350905270513237
1980	08	24	0.129766191848	0.19281921094698237	3.9948639748547006
1980	08	25	4.711054741	0.21796954280963224	2.8930127220135367
1980	08	26	3.63904124236	0.25988676258071536	2.143610275327647
1980	08	27	0.05238537188	0.268270206534932	3.7927871025812445
1980	08	28	0.00571365033164	0.2515033186264988	4.3966062769451995
1980	08	29	0.013481425527199999	0.23473643071806552	4.033838156108211
1980	08	30	0.16073176067599998	0.21796954280963224	3.748750680891809
1980	08	31	0.00081607810544	0.20958609885541563	4.681297464299199
1980	09	01	0.0	0.20120265490119899	4.831927387467845
1980	09	02	0.00171813096976	0.19281921094698237	4.409010958038539
1980	09	03	0.0144441428544	0.18443576699276576	4.0671995725724965
1980	09	04	0.00083804614928	0.17605232303854912	3.7998599375493054
1980	09	05	0.0011930420666800001	0.1676688790843325	3.6430373421764037
1980	09	06	0.000419373510996	0.15928543513011587	4.410182856211912
1980	09	07	0.0017340314834	0.15928543513011587	4.020162800865032
1980	09	08	0.40570109256799997	0.15928543513011587	2.5201213618172082
1980	09	09	0.0008217452822840001	0.15928543513011587	3.7674054802747876
1980	09	10	0.00082515087674	0.15090199117589925	4.035143637867012
1980	09	11	0.00162932187608	0.15090199117589925	4.098510491361243
1980	09	12	0.0	0.15090199117589925	3.5144346610767023
1980	09	13	0.0021600167910400003	0.14251854722168264	3.884592814054466
1980	09	14	0.0	0.14251854722168264	3.822762032111869
1980	09	15	0.019698575516799998	0.14251854722168264	3.9454325135567894
1980	09	16	0.91917943456	0.14251854722168264	3.4603379280008477
1980	09	17	0.00103055044176	0.14251854722168264	3.6304124075015527
1980	09	18	0.14229591982	0.1257516593132494	2.917842819033788
1980	09	19	1.3450568264	0.11736821535903276	1.9868344263743776
1980	09	20	12.9450545264	0.1257516593132494	1.3330951905606645
1980	09	21	13.117271028800001	0.22635298676384888	1.566020229463049
1980	09	22	0.64448570816	0.2515033186264988	2.00743655449526
1980	09	23	0.0020456935498400003	0.25988676258071536	3.0684712671505046
1980	09	24	0.0021023091259999996	0.23473643071806552	3.04360505633072
1980	09	25	0.00102343836268	0.21796954280963224	2.9537615940574207
1980	09	26	0.0195363842496	0.20958609885541563	3.140046683595478
1980	09	27	6.59469916824	0.20958609885541563	2.8220180207249013
1980	09	28	5.5899709332	0.20120265490119899	2.7866983481295833
1980	09	29	0.000861504895392	0.20120265490119899	3.116444321034714
1980	09	30	0.0	0.20120265490119899	3.0542079741574115
1980	10	01	0.0012241166827600001	0.19281921094698237	2.8200046374088332
1980	10	02	0.00163777135044	0.19281921094698237	2.9692142600474534
1980	10	03	0.0908111133728	0.20120265490119899	2.995494877971428
1980	10	04	2.25184771728	0.20120265490119899	2.2938351191610953
1980	10	05	0.087744597016	0.20958609885541563	2.5188319885121957
1980	10	06	0.267183300152	0.20958609885541563	2.403275964565294
1980	10	07	2.03954520164	0.20958609885541563	1.4378101799881586
1980	10	08	2.78608521796	0.20958609885541563	1.4953236453969168
1980	10	09	1.2470945712800001	0.20958609885541563	1.3126603344965162
1980	10	10	7.570331402	0.20958609885541563	1.4898992267745845
1980	10	11	0.709133614196	0.2515033186264988	1.3527625472170326
1980	10	12	0.211422179428	0.27665365048914864	1.4689774095340395
1980	10	13	2.1559361476	0.27665365048914864	1.488205263679894
1980	10	14	5.824009782719999	0.27665365048914864	1.187220839536902
1980	10	15	13.1179765224	0.4359390856192645	1.0773456879645114
1980	10	16	5.0569372404	0.5868410767951636	1.1207876825390641
1980	10	17	2.8079616997600003	0.5533073009782973	1.0028062175004158
1980	10	18	0.29694396768000003	0.49462319329878085	1.2149908962147749
1980	10	19	0.00081041086204	0.4275556416650479	1.7607153494954852
1980	10	20	0.0	0.3688715339855315	1.820770337354064
1980	10	21	0.00150428406968	0.3018039823517985	1.685857380495492
1980	10	22	2.6116753150400003	0.2934205383975818	1.3140002147805672
1980	10	23	3.06641148356	0.32695431421444837	1.092704951021456
1980	10	24	10.713474632399999	0.3437212021228816	1.3668907364214233
1980	10	25	0.0004169410128	0.335337758168665	1.5984589552506117
1980	10	26	0.0608214656316	0.31857087026023173	1.6889029743510062
1980	10	27	0.0	0.3018039823517985	1.8716549444022292
1980	10	28	0.00081749489252	0.2850370944433653	1.8332831847949587
1980	10	29	0.000419373482472	0.268270206534932	1.8914713678864072
1980	10	30	0.0347635413296	0.2515033186264988	1.7725258955183156
1980	10	31	0.00041370620104	0.23473643071806552	1.6553837075418945
1980	11	01	0.009614080756	0.23473643071806552	1.6631185122654446
1980	11	02	10.047536214	0.25988676258071536	0.6218531595207651
1980	11	03	5.56818658392	0.35210464607709824	0.9156933213119711
1980	11	04	0.009667600337199999	0.3772549779397481	1.0802337148233536
1980	11	05	0.0	0.3604880900313149	0.9141396899332369
1980	11	06	14.358510954	0.4107887537566146	0.9264000879028151
1980	11	07	14.6385995196	2.774919948845703	0.7163416659386962
1980	11	08	4.6031108924	3.1605583707396674	0.8700496285542203
1980	11	09	0.182287376	1.4335689161710428	0.8033017125218966
1980	11	10	6.1293968544	1.1066146019565946	0.8241824835614407
1980	11	11	18.536516314	3.5126630168167665	0.9070422175876269
1980	11	12	7.238591577199999	10.479304942770781	0.8674596402868925
1980	11	13	0.00167950557548	3.168941814693884	1.1213115982807043
1980	11	14	0.00163212454924	1.8527411138818741	1.1728002332179095
1980	11	15	0.0009455711704799999	1.5006364678047759	1.076967982389903
1980	11	16	1.5161441587200002	1.3245841447662268	0.9578202706583259
1980	11	17	5.553998366	1.4168020282626097	0.6529261435566892
1980	11	18	0.44909404525600005	1.6096212392095919	0.9544059984081729
1980	11	19	0.0121284323732	1.3665013645373099	1.1562812427639408
1980	11	20	11.761655568399998	1.2659000370867104	1.103528323052576
1980	11	21	0.24235583940799998	1.1736821535903272	0.8463270277130303
1980	11	22	0.0059841003524	1.0982311580023778	1.023582768848215
1980	11	23	0.00108529807624	1.0143967184602116	1.0679181710332906
1980	11	24	0.013961312352399998	0.9389457228722621	1.0619398299150626
1980	11	25	5.7494276996	0.8551112833300958	0.8370009914523184
1980	11	26	0.9659027924400001	0.8970285031011789	0.5587914081167875
1980	11	27	0.0077743806883999985	0.8634947272843123	0.7125598083131809
1980	11	28	0.0170299337804	0.8383443954216625	0.7525739485859155
1980	11	29	0.0010445487849199998	0.9221788349638289	0.7628134436884616
1980	11	30	0.0028449390724	0.8383443954216625	0.7261230641601999
1980	12	01	0.00041370620104	0.7545099558794962	0.6320234761167455
1980	12	02	0.00041370620104	0.7125927361084131	0.7085823034168721
1980	12	03	0.25512759352000003	0.6874424042457632	0.6943833375907807
1980	12	04	0.0018921349761599998	0.67067551633733	0.6617542196755354
1980	12	05	0.00064957600612	0.6539086284288967	0.7055498407527759
1980	12	06	0.047594480839999995	0.6371417405204635	0.6963179563853978
1980	12	07	0.026060058848	0.6203748526120303	0.717907256553494
1980	12	08	0.0020345278300400002	0.603607964703597	0.6228033294335205
1980	12	09	0.00122978440156	0.6455251844746801	0.7141811441281829
1980	12	10	0.00163782316904	0.6958258481999798	0.7155503036262572
1980	12	11	0.00080474371372	0.7209761800626298	0.7765860392542558
1980	12	12	0.0	0.7293596240168464	0.8024208527060038
1980	12	13	0.05783236246	0.7293596240168464	0.8443874843386906
1980	12	14	3.17644385944	0.7545099558794962	0.8095418388461092
1980	12	15	8.046436895600001	1.1988324854529773	0.7209286687034451
1980	12	16	0.380320351796	1.2491331491782771	0.5820525425228327
1980	12	17	0.17313088676	1.0395470503228614	0.6982551389408161
1980	12	18	0.50603249408	0.9976298305517783	0.5283112244956136
1980	12	19	23.9958739496	0.9473291668264785	0.6612990729841296
1980	12	20	20.398823553200003	1.8443576699276578	0.6140943643436984
1980	12	21	0.071995136972	2.3641311950890884	0.6656662955602922
1980	12	22	0.0	1.676688790843325	0.8730779483601334
1980	12	23	0.00081041086204	1.2659000370867104	0.8569938002553076
1980	12	24	0.012951008436	1.1485318217276776	0.8606929392724699
1980	12	25	0.0473263286176	1.0982311580023778	0.8077228594557156
1980	12	26	0.0046015824814000005	1.0563139382312947	0.6546339286747311
1980	12	27	1.40140332616	1.0143967184602116	0.6773255448966564
1980	12	28	0.000405205459544	0.9724794986891285	0.6318183519474103
1980	12	29	0.000812716399912	0.9305622789180455	0.6944642438222766
1980	12	30	0.000813244464724	0.8970285031011789	0.7237143001881581
1980	12	31	0.00163782316904	0.8551112833300958	0.7535366431890739
1981	01	01	0.0016264889674800001	0.8299609514674459	0.812048978065439
1981	01	02	0.009152957018	0.8048106196047959	0.8206146835634642
1981	01	03	0.0025647893703599997	0.7880437316963628	0.7995269867314767
1981	01	04	0.262833238024	0.7628933998337128	0.8218282517218318
1981	01	05	0.058309920775999995	0.737743067971063	0.7809376789907817
1981	01	06	0.0006991027978	0.7209761800626298	0.8155842766671995
1981	01	07	0.00542421102836	0.6958258481999798	0.8484933612830041
1981	01	08	0.00121845010492	0.6790589602915467	0.87576642660118
1981	01	09	0.00081607810544	0.6622920723831134	0.8641981654862565
1981	01	10	0.60323158958	0.6622920723831134	0.6230798397240812
1981	01	11	0.292649318176	0.6622920723831134	0.48561659990314116
1981	01	12	0.11816693196880002	0.67067551633733	0.4784349040340469
1981	01	13	0.966775398648	0.67067551633733	0.5176629335435652
1981	01	14	0.070952632312	0.6790589602915467	0.5411268249258286
1981	01	15	0.836145443032	0.6874424042457632	0.7147340645500075
1981	01	16	0.925715110156	0.6874424042457632	0.5657885808172125
1981	01	17	0.175792204484	0.6958258481999798	0.6837857727889911
1981	01	18	0.0115570719324	0.6958258481999798	0.8086279035907147
1981	01	19	0.08146964979600001	0.7042092921541965	1.0353834963407356
1981	01	20	0.13950570214	1.5257867996674257	0.9255761265511563
1981	01	21	0.000892229617072	2.2802967555469222	1.0973695668595826
1981	01	22	0.0	3.2527762542360503	1.174561236891202
1981	01	23	0.00045034563083599997	3.101874263060151	1.1146666160311547
1981	01	24	0.00121844915412	3.1270245949228013	1.116898595398367
1981	01	25	0.0028776171176	3.1437914828312343	1.0578340444535945
1981	01	26	0.00041370620104	3.177325258648101	1.0952104724304417
1981	01	27	0.0	1.2239828173156273	1.2074572864757214
1981	01	28	0.00122695063724	0.8383443954216625	1.1824869602065449
1981	01	29	0.149281171688	0.8383443954216625	1.2113018802753688
1981	01	30	0.023300214474	0.8383443954216625	1.150638911914615
1981	01	31	0.00122371468452	0.8383443954216625	1.1317549110228242
1981	02	01	0.0020382870079999997	0.8383443954216625	1.2340109888868571
1981	02	02	0.00041370620104	0.6287582965662468	1.1191313486882455
1981	02	03	0.050961032595599996	0.5868410767951636	1.2698514750128216
1981	02	04	2.5311978916	0.5700741888867306	0.7945752168819913
1981	02	05	0.08413385795200001	0.3940218658481814	1.0052937144331069
1981	02	06	0.0030465685728	0.335337758168665	1.320090075627385
1981	02	07	0.0012354509794	0.3018039823517985	1.5933205465301017
1981	02	08	0.00286193909116	0.25988676258071536	1.4651342187487608
1981	02	09	2.22678424896	0.22635298676384888	0.9069280685700752
1981	02	10	0.269344278392	0.21796954280963224	1.0195614131515134
1981	02	11	0.0020465003036400004	0.19281921094698237	1.1134230849666777
1981	02	12	0.0012127824812	0.19281921094698237	0.912294559548051
1981	02	13	0.0030661821506	0.18443576699276576	1.0604316378321819
1981	02	14	0.00203916630784	0.18443576699276576	1.2644732862261487
1981	02	15	0.0022457208571599998	0.4443225295734811	1.4485392852444814
1981	02	16	0.0028497125638	0.536540413069864	1.3196263875018241
1981	02	17	0.0035241637798399997	0.5449238570240806	1.5255959955227822
1981	02	18	3.44236740664	0.5700741888867306	1.0757296232742297
1981	02	19	2.2404356452000003	0.603607964703597	0.9802315135815589
1981	02	20	0.202401046076	0.6203748526120303	1.0163019745938087
1981	02	21	0.50535856704	0.6203748526120303	1.258217245078611
1981	02	22	6.0821230784	0.6539086284288967	1.0558596481024152
1981	02	23	0.1754813119	0.67067551633733	1.0733732421196207
1981	02	24	0.008148907463999999	0.6539086284288967	1.4119146083970688
1981	02	25	0.0081652479128	0.6455251844746801	1.5519081370067134
1981	02	26	16.0074605748	2.2886801995011385	0.7216978446381389
1981	02	27	42.05122176	11.82065597544544	1.2454929260214902
1981	02	28	1.74681622544	5.700741888867305	1.0675063533694433
1981	03	01	1.6240390411199999	3.076723931197501	1.0493647169022884
1981	03	02	1.9019167114800002	2.3473643071806545	1.0756114383398427
1981	03	03	0.420240688136	1.9784927731951234	1.230694880848596
1981	03	04	2.06423300888	1.7521397864312747	1.4412874489765208
1981	03	05	9.219803012	2.615634513715587	1.1927033845855466
1981	03	06	0.9226815162	2.63240140162402	1.4891186685573894
1981	03	07	4.4331696544	2.3473643071806545	1.558604130016752
1981	03	08	7.016400076	3.1857087026023176	1.483552430347888
1981	03	09	0.330122932352	2.2970636434553553	1.8979930472164463
1981	03	10	0.000419373482472	1.9030417776071737	2.6069380962548796
1981	03	11	24.653431066	7.645700886245561	1.5096096471058817
1981	03	12	13.916205925	8.215775075132294	1.4693156200919175
1981	03	13	5.649420654	4.367774300146862	1.2904910433996093
1981	03	14	0.042150083091599996	3.554580236587849	1.4842057354205043
1981	03	15	0.00180716102936	2.9342053839758186	1.792270819030356
1981	03	16	0.00041370620104	2.531800074173421	1.878240914960557
1981	03	17	0.0012354509794	2.255146423684272	1.8807238037928762
1981	03	18	0.00081041086204	2.0958609885541564	2.038814364291608
1981	03	19	0.156279886884	2.0287934369204232	1.8850620898147397
1981	03	20	4.423870830399999	2.0204099929662065	1.6306109290119633
1981	03	21	13.0617709312	2.9425888279300354	1.6548583890498116
1981	03	22	4.38829855	4.267172972696262	1.8668274327588643
1981	03	23	2.50427323228	4.007286210115547	1.6014579573742436
1981	03	24	0.219158867552	3.6467981200842314	2.5014059013813545
1981	03	25	10.200320266	3.487512684954116	1.9391112510125674
1981	03	26	0.9430269913159999	3.6300312321757984	1.9851526238155504
1981	03	27	11.5572896656	5.013299484621542	1.8681621393272023
1981	03	28	15.9132553108	5.650441225142005	1.8587953022784434
1981	03	29	18.3781491644	6.463635288701018	1.2652376016845195
1981	03	30	4.88819933488	5.901944543768504	1.909613447791384
1981	03	31	0.0027718610598000005	4.208488865016745	2.3750841470673505
1981	04	01	10.2321977376	5.206118695568524	1.6948189486386855
1981	04	02	1.9624191580400001	4.736645834132394	2.0055216052464986
1981	04	03	2.81238006736	3.956985546390247	2.027054865978813
1981	04	04	0.15494968916000001	3.4707457970456828	2.556384529241919
1981	04	05	0.026808250023600003	3.194092146556534	2.552427474162883
1981	04	06	5.714368851200001	2.9342053839758186	2.351928169680682
1981	04	07	0.82776115552	2.791686836754136	2.578691781857784
1981	04	08	0.194193227044	2.5737172939445037	3.063925214006666
1981	04	09	3.1528486164800005	2.548566962081854	2.32780867651076
1981	04	10	26.0167480064	4.812096829720343	2.189187323275978
1981	04	11	2.008460412	4.803713385766127	1.983118603018814
1981	04	12	9.5702479252	4.216872308970962	2.459968885154969
1981	04	13	7.4778014476	3.9402186584818137	2.528894679394857
1981	04	14	6.753189731680001	4.183338533154096	1.8262569937970325
1981	04	15	3.1200030403200003	3.5210464607709824	2.0754795074706704
1981	04	16	4.4252195402	2.9845060477011183	2.839477540926769
1981	04	17	0.06291046640999999	2.774919948845703	3.0050366318489967
1981	04	18	0.402976365992	2.540183518127637	3.0361362116947106
1981	04	19	1.46247463636	2.4647325225396877	2.9135675187546575
1981	04	20	0.0019313784855200002	2.4982662983565542	2.6496785554542623
1981	04	21	1.0717965260799998	2.2216126478674054	2.3333935436387288
1981	04	22	0.089830956472	2.1126278764625894	2.8591015055622884
1981	04	23	1.35268528496	2.0287934369204232	2.49864174251318
1981	04	24	0.0017005195866	1.9114252215613903	2.9333138482839005
1981	04	25	6.0024213176	2.0036431050577734	2.015029980124763
1981	04	26	4.5378204072	2.0204099929662065	1.996520734072841
1981	04	27	3.4464897902	1.9868762171493402	1.853459228245476
1981	04	28	4.1418578456	2.0287934369204232	2.6078791065033755
1981	04	29	0.24440936774	2.01202654901199	3.374312316919819
1981	04	30	0.0183116407044	1.8024404501565743	3.487449068955781
1981	05	01	0.00124024767032	1.676688790843325	3.5680522697177306
1981	05	02	0.150730903988	1.6012377952553754	3.051403774311312
1981	05	03	0.0324926895924	1.5593205754842923	3.2721406764682173
1981	05	04	0.276055528716	1.5341702436216424	2.7606595721770475
1981	05	05	0.176676106196	1.5341702436216424	3.501657060538058
1981	05	06	1.6985989706	1.4335689161710428	4.208492246703507
1981	05	07	12.787730404399998	1.8443576699276578	2.5645257597852127
1981	05	08	14.719832068399999	2.171311984142106	2.2188545484608837
1981	05	09	8.8610214844	4.091120649657713	2.0017950153652366
1981	05	10	7.584487482879999	5.591757117462489	1.9591491101894258
1981	05	11	16.175380412	7.016942589679314	2.1870833458758696
1981	05	12	0.12801063472799998	4.233639196879396	2.305146536052355
1981	05	13	0.96722526016	3.177325258648101	2.372628113099371
1981	05	14	0.4359106613	2.7497696169830528	3.088376201892136
1981	05	15	6.9708035112	3.2946934740071336	2.2801022281394614
1981	05	16	4.933445434799999	3.5881140124047155	2.2347728023601987
1981	05	17	2.3820287812000003	3.420445133320383	2.7688549308546193
1981	05	18	3.3657277923200004	3.3030769179613504	2.891301491187537
1981	05	19	3.4507097258400004	3.168941814693884	3.796527173383571
1981	05	20	7.952781194	4.384541188055295	2.390360285817983
1981	05	21	2.1853564667599996	4.418074963872161	2.405085850992897
1981	05	22	0.00261149285652	3.5042795728625493	3.336875141253661
1981	05	23	0.87837223952	2.9425888279300354	3.57378947416866
1981	05	24	0.563996818072	2.6743186213951033	2.7718779272890846
1981	05	25	9.6728002624	2.63240140162402	2.5257261094520187
1981	05	26	1.02759430948	2.5234166302192036	2.4969389823421255
1981	05	27	0.37102954303999996	2.3976649709059545	2.923652587600995
1981	05	28	0.442338307	2.2719133115927055	4.162174354872225
1981	05	29	0.670447245112	2.305447087409572	4.282349698629907
1981	05	30	7.52165205836	1.1736821535903272	3.0170294616312674
1981	05	31	1.55958269276	1.0898477140481613	3.6558464209362094
1981	06	01	17.0612778532	2.1796954280963226	2.8517521807298203
1981	06	02	7.9199995115999995	6.455251844746801	2.578662819259847
1981	06	03	7.3151571242	8.551112833300957	2.9587841744189447
1981	06	04	0.228637792088	4.191721977108313	4.067612258939262
1981	06	05	0.7086071847600001	3.269543142144484	3.675813630072691
1981	06	06	0.14948663006	2.1796954280963226	4.340239989455752
1981	06	07	0.0326451988632	1.4251854722168262	4.233894889428697
1981	06	08	2.153362332	2.5150331862649873	3.4597003225470724
1981	06	09	0.4931276279679999	2.8503709444336525	3.8870508213732613
1981	06	10	0.0	2.1796954280963226	5.333841753847193
1981	06	11	0.000863371220712	1.4671026919879093	5.614003479370063
1981	06	12	0.0014579570052400002	1.2575165931324936	6.347852717804845
1981	06	13	0.0016195580157999999	1.4251854722168262	6.492008277883725
1981	06	14	0.0012241166827600001	1.2575165931324936	6.196588026121058
1981	06	15	0.0	0.9640960547349117	6.174365734576375
1981	06	16	0.0	0.7964271756505794	6.083954386413539
1981	06	17	0.00081041086204	0.67067551633733	6.105013227013581
1981	06	18	0.0	0.6287582965662468	5.759966418048193
1981	06	19	0.00165426468788	0.6203748526120303	5.937698309885834
1981	06	20	0.0008217452822840001	0.5868410767951636	5.84514776345894
1981	06	21	0.00121844915412	0.5784576328409471	4.944662725017961
1981	06	22	0.0025600033284000003	0.5700741888867306	5.853016114522512
1981	06	23	0.00162124254816	0.5616907449325139	5.612490275006326
1981	06	24	0.0	0.5449238570240806	5.121992065912082
1981	06	25	0.000405205459544	0.536540413069864	4.787333497491098
1981	06	26	1.72701876292	0.5281569691156474	3.42302815289126
1981	06	27	0.18427097299200002	0.5197735251614307	3.4870161279836807
1981	06	28	0.0042590585879200005	0.5197735251614307	3.8683583064277824
1981	06	29	0.0	0.5113900812072141	4.95730169790752
1981	06	30	0.81398102096	0.5030066372529975	5.187362776855422
1981	07	01	6.24752386608	0.5030066372529975	4.2416721272376385
1981	07	02	1.5629117288	0.49462319329878085	3.5457828423084012
1981	07	03	0.00383055860444	0.49462319329878085	4.027392716197755
1981	07	04	0.0090602102812	0.49462319329878085	4.944981486950682
1981	07	05	0.0016350284826	0.335337758168665	4.063271242926178
1981	07	06	0.000465419699608	0.2515033186264988	5.6715662684799115
1981	07	07	0.10523373582000001	0.2515033186264988	5.077732334652865
1981	07	08	0.26302279902	0.2515033186264988	4.432543926262633
1981	07	09	1.28491606416	0.2515033186264988	3.222314903425561
1981	07	10	0.0040621922152	0.2934205383975818	4.467878515551159
1981	07	11	0.00163498940472	0.41917219771083125	5.276502150855906
1981	07	12	0.00121844915412	0.4359390856192645	5.63168201869869
1981	07	13	0.00040803900518	0.41917219771083125	5.93294796809064
1981	07	14	1.67501123896e-06	0.3772549779397481	6.059004128587718
1981	07	15	0.00201936532736	0.3772549779397481	6.49315059228997
1981	07	16	0.000810410919088	0.3018039823517985	6.353405877707
1981	07	17	0.0027357278074	0.2934205383975818	5.0570647809718965
1981	07	18	0.00287132415272	0.2515033186264988	4.5306734689558406
1981	07	19	0.0	0.2515033186264988	5.764144315844623
1981	07	20	0.0012307570699599999	0.2515033186264988	6.172958015104785
1981	07	21	0.3689030313	0.2515033186264988	5.956593858841777
1981	07	22	0.00307268581276	0.2515033186264988	4.390552685399238
1981	07	23	0.0294031267944	0.2515033186264988	3.626714578316091
1981	07	24	0.0085152240816	0.2515033186264988	4.0176817304552666
1981	07	25	0.0016378716598399999	0.2515033186264988	5.251150828139737
1981	07	26	0.00041370624858	0.2515033186264988	5.951146558366254
1981	07	27	0.0024530768358	0.2515033186264988	6.394354370371417
1981	07	28	0.00041370620104	0.2515033186264988	6.238801464539262
1981	07	29	0.049225568732	0.2515033186264988	5.313701854125616
1981	07	30	2.52724570124	0.2515033186264988	4.915932034369283
1981	07	31	0.196459278192	0.2515033186264988	4.16236166173916
1981	08	01	1.47767479072	0.1676688790843325	3.416109066234443
1981	08	02	0.074005888812	0.2515033186264988	4.421265470645358
1981	08	03	0.012267770211600002	0.2515033186264988	5.1135738246948135
1981	08	04	3.5504074761999997	0.2515033186264988	4.403577643773487
1981	08	05	0.34498618024000005	0.2515033186264988	4.324032892505281
1981	08	06	0.369780382	0.2515033186264988	4.130048070156104
1981	08	07	0.411283876404	0.2515033186264988	4.384047636054467
1981	08	08	0.0533126433832	0.2515033186264988	4.700043830405575
1981	08	09	0.012682108884799998	0.2515033186264988	5.11383705802884
1981	08	10	0.0008132445312800001	0.2515033186264988	5.242999749879642
1981	08	11	0.042151873448000005	0.2515033186264988	5.219258759870143
1981	08	12	0.0023770798672	0.2515033186264988	5.041391888275075
1981	08	13	0.0	0.2515033186264988	5.707448114488004
1981	08	14	0.00080525163108	0.2515033186264988	5.691755998714021
1981	08	15	0.0	0.2515033186264988	5.133863431094139
1981	08	16	1.07641037816	0.2515033186264988	4.556472459010922
1981	08	17	3.1287034308	0.2515033186264988	3.799965458239042
1981	08	18	0.8195418413159999	0.2515033186264988	3.7242878773656427
1981	08	19	0.10451931420800001	0.2515033186264988	4.022044437656435
1981	08	20	0.27590352432	0.2515033186264988	3.6781654429496067
1981	08	21	5.025033146399999e-06	0.2515033186264988	4.546428213585435
1981	08	22	0.0012241166827600001	0.2515033186264988	4.891769257468226
1981	08	23	0.0	0.2515033186264988	4.8875092957850645
1981	08	24	0.000405205459544	0.2515033186264988	4.65945284975155
1981	08	25	0.000405205459544	0.2515033186264988	5.048386048040855
1981	08	26	0.00081607810544	0.2515033186264988	4.8875994250008725
1981	08	27	0.00572547352964	0.2515033186264988	4.640126570870436
1981	08	28	0.261085420416	0.1676688790843325	4.595373130904878
1981	08	29	0.131349492532	0.1676688790843325	4.168795838552193
1981	08	30	0.39366500094	0.1676688790843325	3.3868206709239086
1981	08	31	0.37977278607599996	0.1676688790843325	3.1024220102863582
1981	09	01	0.019292426084	0.1676688790843325	3.953887756147584
1981	09	02	0.00103258981268	0.1676688790843325	4.2880176953939
1981	09	03	0.00081041086204	0.1676688790843325	4.399712269775976
1981	09	04	0.0028449390724	0.1676688790843325	4.4989179466807085
1981	09	05	0.00082020324632	0.1676688790843325	4.372436602676236
1981	09	06	0.15542741861999998	0.1676688790843325	3.8953535891680833
1981	09	07	0.00349624781644	0.1676688790843325	3.562422641136078
1981	09	08	1.1450079359199998	0.1676688790843325	3.332181572170403
1981	09	09	0.0255488070324	0.1676688790843325	3.6087652442477047
1981	09	10	0.31945936806399994	0.1676688790843325	3.082278194031348
1981	09	11	1.10752958676	0.2515033186264988	2.651590273513955
1981	09	12	0.0181380103624	0.1676688790843325	2.5796929123097714
1981	09	13	0.00441829125076	0.1676688790843325	3.529085489476
1981	09	14	0.0016263316100800001	0.1676688790843325	3.8561633907900004
1981	09	15	0.000804743656672	0.1676688790843325	4.088435997211091
1981	09	16	0.31825665360399996	0.1676688790843325	3.963411784062386
1981	09	17	2.03108403244	0.1676688790843325	3.1809570865778958
1981	09	18	2.7041450838	0.2515033186264988	1.9829338078797665
1981	09	19	0.90118611504	0.2934205383975818	2.332727394131415
1981	09	20	11.8469508856	0.31018742630601515	2.181849877427913
1981	09	21	0.155253745492	0.35210464607709824	2.1966158982074067
1981	09	22	1.073902453	0.2934205383975818	2.0429426168650098
1981	09	23	0.0028080597272400003	0.1676688790843325	2.661025572875934
1981	09	24	6.763872825400001	0.1676688790843325	2.4448836314320577
1981	09	25	53.4402711688	29.342053839758186	1.3910743948790223
1981	09	26	20.201214985999997	7.964271756505793	1.3934518308438482
1981	09	27	6.366942159240001	1.4251854722168262	1.5979670378922168
1981	09	28	0.5818387322	0.1676688790843325	2.1951606611364776
1981	09	29	0.553699112116	0.1676688790843325	1.927834208514087
1981	09	30	1.6743716358	0.2515033186264988	2.5422767440831455
1981	10	01	13.6368670652	3.269543142144484	1.2581728934228449
1981	10	02	4.06073587484	3.9402186584818137	1.5441966887786165
1981	10	03	11.794484790799999	38.563842189396475	2.2894481232831945
1981	10	04	49.476311806400005	27.66536504891486	1.6109143892783633
1981	10	05	72.462978112	22.63529867638489	1.080664645782206
1981	10	06	12.5130442844	28.252206125710032	1.224314820324478
1981	10	07	0.046841342652	14.08418584308393	1.7513792605572467
1981	10	08	0.240077798672	5.868410767951637	2.330526218601606
1981	10	09	0.538423055392	3.101874263060151	1.596197630091878
1981	10	10	0.061706263948	2.263529867638489	2.0484975266094425
1981	10	11	1.16894337512	1.8443576699276578	1.6778273114451931
1981	10	12	0.82134791444	1.8443576699276578	1.8167040432614334
1981	10	13	0.076753291968	1.5928543513011588	1.9218439218936654
1981	10	14	0.019591752186	1.3832682524457431	2.054750785552495
1981	10	15	0.5067675575599999	1.2155993733614106	1.784621976530185
1981	10	16	0.5030399937	1.0479304942770782	2.2954404627493417
1981	10	17	15.3744417048	1.6599219029348917	0.7724579260572553
1981	10	18	1.09932237624	16.599219029348916	1.5071219623998051
1981	10	19	0.005545972187800001	4.527059735276978	1.9148447880714776
1981	10	20	0.06219659150799999	2.8503709444336525	1.881529207565525
1981	10	21	0.0219253224944	2.0958609885541564	1.436500092727386
1981	10	22	0.0008160782005199999	1.634771571072242	1.4076387874053884
1981	10	23	0.0020468592306400004	1.3832682524457431	1.520495651898776
1981	10	24	0.0	1.2155993733614106	1.4459201520858422
1981	10	25	0.34873067784799994	1.0479304942770782	1.3207330064236131
1981	10	26	0.678893600848	0.9640960547349117	0.9359874671937938
1981	10	27	0.0193794233332	0.8383443954216625	1.2760514461000705
1981	10	28	0.004825159298199999	0.7545099558794962	1.5469228051105788
1981	10	29	0.00041370620104	0.67067551633733	1.646204832473103
1981	10	30	0.74410111924	0.5868410767951636	1.5352911145416708
1981	10	31	0.0018956546476000002	0.5449238570240806	1.6131040888767878
1981	11	01	0.0008227825765599999	0.5449238570240806	1.6406535856148772
1981	11	02	0.00041370620104	0.5030066372529975	1.5884125176895718
1981	11	03	0.00081041086204	0.46947286143613104	1.6018467981966553
1981	11	04	0.00121844915412	0.46108941748191445	1.492528892536313
1981	11	05	0.0016367613156	0.46108941748191445	1.5215214161890105
1981	11	06	0.00326348893388	0.4359390856192645	1.474605351440535
1981	11	07	0.0012272255135200002	0.4359390856192645	1.4436606530158886
1981	11	08	0.00163062066888	0.41917219771083125	1.4252987858596287
1981	11	09	0.00081607810544	0.41917219771083125	1.2289545277897538
1981	11	10	0.00082741249716	0.40240530980239797	1.3029268742576965
1981	11	11	0.00041370620104	0.40240530980239797	1.3020566208801514
1981	11	12	0.11778804672599999	0.4359390856192645	1.2784394514935646
1981	11	13	0.0040062987716399994	0.40240530980239797	1.2425474431600916
1981	11	14	0.00122667385936	0.3772549779397481	1.1987967404713442
1981	11	15	0.0531949761784	0.35210464607709824	1.2755051423974086
1981	11	16	0.43088405743200003	0.335337758168665	1.1459149186825741
1981	11	17	1.0619575526	0.335337758168665	1.0450393199092984
1981	11	18	0.0419837586968	0.335337758168665	1.1011400600098726
1981	11	19	0.0008186617523120001	0.335337758168665	1.1694156436052034
1981	11	20	0.00121844915412	0.335337758168665	1.1783158524309516
1981	11	21	0.00041370624858	0.335337758168665	1.1318300977874882
1981	11	22	0.000405205459544	0.335337758168665	1.070828850487257
1981	11	23	0.120229316052	0.335337758168665	1.1132185282453293
1981	11	24	0.51042999162	0.335337758168665	1.0968098709010432
1981	11	25	0.0323442031564	0.335337758168665	1.0135964319957724
1981	11	26	0.000405205459544	0.335337758168665	1.0923963683369913
1981	11	27	0.0	0.335337758168665	1.1286162608903447
1981	11	28	0.0112945142172	0.335337758168665	1.0754834704161225
1981	11	29	0.00121844915412	0.335337758168665	0.9119379589451156
1981	11	30	0.0032669031615999997	0.335337758168665	0.9537610908909638
1981	12	01	0.0095289299604	0.5030066372529975	0.8708859536630258
1981	12	02	0.00392586879312	0.5030066372529975	0.9116999943593166
1981	12	03	0.00164394213752	0.46108941748191445	0.79700138269531
1981	12	04	0.0	0.41917219771083125	0.8476538253434311
1981	12	05	0.000159877181636	0.41917219771083125	0.818698900850045
1981	12	06	1.4699971758	0.3772549779397481	0.7124724024430331
1981	12	07	0.62151533096	0.025150331862649873	0.6680946753829179
1981	12	08	3.08976722	0.25988676258071536	0.4918164922913078
1981	12	09	7.914529559200001	0.536540413069864	0.5491418332992559
1981	12	10	6.688530292439999	0.8551112833300958	0.5127453226957501
1981	12	11	9.1035220736	1.0395470503228614	0.4335257614860064
1981	12	12	6.4070532736	1.542553687575859	0.48265621003644044
1981	12	13	33.2167551688	4.443225295734811	0.40663532926338763
1981	12	14	0.54650339116	5.927094875631154	0.7039403256936273
1981	12	15	14.0082780692	3.0264232674722016	0.83714078182603
1981	12	16	3.5100369835999996	3.3701444695950826	0.7294910382958678
1981	12	17	18.687888428	3.2192424784191838	0.5192393253849831
1981	12	18	6.04600817644	3.6970987838095315	0.4412633301368877
1981	12	19	0.7739512950799999	2.70785239721197	0.6208219284049941
1981	12	20	24.4053797064	8.551112833300957	0.49796153648138225
1981	12	21	14.0491596168	8.031339308139527	0.6138953044070283
1981	12	22	7.633136496	9.892463865975618	0.4973851364190761
1981	12	23	22.264902616	12.239828173156273	0.7234200245750269
1981	12	24	2.04794751632	10.73080826139728	0.5559328751668782
1981	12	25	0.0068057512868	5.734275664684171	0.6185058354910884
1981	12	26	17.004235557999998	9.80862942643345	0.5458923252547765
1981	12	27	20.2055496832	14.922530238505592	0.45139894750514414
1981	12	28	24.854383596799998	24.311987467228214	0.5320061836485912
1981	12	29	22.665308266	19.533424413324735	0.43853596242996973
1981	12	30	49.985662022	48.37247161582992	0.7432303181108916
1981	12	31	6.51747214968	32.44392810281834	0.47222641919011055
1982	01	01	1.03729208916	14.251854722168263	0.5928746010744623
1982	01	02	0.020184471398	9.473291668264787	0.6762076346275808
1982	01	03	25.6097808856	14.08418584308393	0.7562879514608923
1982	01	04	6.07220851632	22.80296755546922	0.4226312626975913
1982	01	05	1.7476046288	13.665013645373099	0.5613663339889371
1982	01	06	0.158251789036	8.970285031011787	0.8149456193739437
1982	01	07	0.0	7.293596240168463	0.9408118861559402
1982	01	08	0.04596395392	6.371417405204635	0.9395210481132776
1982	01	09	4.348831507560001	7.084010141313047	0.7706930418399432
1982	01	10	14.2673677414	9.976298305517783	0.572526033933429
1982	01	11	6.93688495724	8.551112833300957	0.5667503475492746
1982	01	12	0.0029025228481999996	6.698371719419083	0.8985128955427713
1982	01	13	0.00081607810544	5.549839897691406	0.8918389055072512
1982	01	14	0.00091644398296	4.979765708804676	0.9273367723344172
1982	01	15	7.3127245024	4.594127286910711	0.7999933389810753
1982	01	16	7.21232819928	6.203748526120302	0.5712274419338567
1982	01	17	5.0126727464e-05	5.21450213952274	0.8899185484825535
1982	01	18	8.8231701364	4.577360399002277	0.7047826438968496
1982	01	19	1.75258358808	6.128297530532353	0.6487890827315678
1982	01	20	0.6598856256000001	5.164201475797441	0.6349980676451885
1982	01	21	0.20508616232399998	4.694728614361309	0.8828817403249474
1982	01	22	0.00245622807224	4.082737205703497	1.0376995281849406
1982	01	23	0.0055303705106	3.730632559626398	1.153605638321951
1982	01	24	0.00165332054348	3.4791292409999	1.146381438299718
1982	01	25	0.001439299647	3.286310030052917	1.1616186384970133
1982	01	26	0.33991169408399996	3.1437914828312343	1.22025830042707
1982	01	27	0.250942286016	3.0096563795637685	0.7915865659736584
1982	01	28	0.000813244464724	2.883904720250519	0.9620770582872017
1982	01	29	0.0020356417873200004	2.7665365048914863	1.1438802057661226
1982	01	30	0.00081407942876	2.6491682895324535	1.1686396484918333
1982	01	31	0.00122507480392	2.5234166302192036	1.253777208432401
1982	02	01	0.0040828074608	2.4647325225396877	1.2369609641440014
1982	02	02	2.549441842	2.439582190677038	0.734836585806908
1982	02	03	9.5314666948	3.6048809003131486	0.8652038259029394
1982	02	04	2.1976949983600003	3.2108590344649675	0.8686284678535999
1982	02	05	0.00163782316904	2.8755212762963023	1.4360960212750289
1982	02	06	0.0012354509794	2.5737172939445037	1.360013792551209
1982	02	07	0.0032748932093999996	2.4060484148601713	1.0705422184575033
1982	02	08	0.009877218459200001	2.2970636434553553	1.2820055775787353
1982	02	09	0.0008136407771800001	2.213229203913189	1.3267701889186783
1982	02	10	0.00082174525376	2.129394764371023	1.367981574039007
1982	02	11	0.50286652024	2.06232721273729	1.271685194890672
1982	02	12	0.932988977364	2.03717688087464	1.2671618006240621
1982	02	13	12.0697299812	3.2108590344649675	0.9491383352720268
1982	02	14	6.27007284872	2.7833033927999193	1.1527435288585075
1982	02	15	13.403246948	4.77017960994926	0.7355671288042146
1982	02	16	0.0077109575744	3.730632559626398	1.1690298718205305
1982	02	17	0.188965490944	2.883904720250519	1.2847025919958754
1982	02	18	2.6057353822000002	2.6575517334866703	1.0512316790177496
1982	02	19	0.00041370620104	2.456349078585471	1.3303135599993512
1982	02	20	0.33125368076	2.255146423684272	1.2799728932327816
1982	02	21	11.811450866000001	2.791686836754136	1.2784942677679365
1982	02	22	2.26890991836	2.9845060477011183	0.9194514487685295
1982	02	23	1.43143957356	2.8419875004794357	1.0855855056145816
1982	02	24	7.754093849119999	2.590484181852937	1.1970439167698312
1982	02	25	8.0053480736	3.529429904725199	1.1263682008763425
1982	02	26	0.601483249032	3.0264232674722016	1.3298876732879157
1982	02	27	1.4594663051599999	2.7413861730288365	0.8035826122113673
1982	02	28	0.3239727396	2.5821007378987204	1.3506585796117132
1982	03	01	0.91011251068	2.5234166302192036	1.3923090546937087
1982	03	02	0.14339152666000002	2.3473643071806545	1.7193160729811314
1982	03	03	0.8289737107599999	2.2216126478674054	1.9171107748412466
1982	03	04	2.2506795644	2.2467629797300557	1.2636568924680514
1982	03	05	0.00138800436732	2.1545450962336727	1.7820573984329366
1982	03	06	0.049867662988	2.03717688087464	1.7190052893714973
1982	03	07	0.14300096654400002	1.9365755534240403	1.3939923486376646
1982	03	08	0.0	1.8862748896987407	1.6150902426421094
1982	03	09	0.00040237185686	1.8527411138818741	1.5301180790460267
1982	03	10	0.39511007432	1.810823894110791	1.4335679923316949
1982	03	11	0.313539297436	1.7521397864312747	1.898001998273677
1982	03	12	0.045425715548	1.6850722347975413	1.9357734911252389
1982	03	13	0.00251721171868	1.6180046831638086	2.2655928696715617
1982	03	14	0.00041670008008	1.5509371315300755	2.132192582394092
1982	03	15	0.00041370620104	1.5593205754842923	2.0150589182108174
1982	03	16	1.4204795118	1.5509371315300755	1.9004688366255518
1982	03	17	1.19170933032	1.5509371315300755	1.830267647451865
1982	03	18	0.048901792808	1.5593205754842923	2.046094117097902
1982	03	19	0.17038060268	1.5593205754842923	1.7147189746648528
1982	03	20	0.80734072884	1.5341702436216424	1.914970507637882
1982	03	21	0.0220763875	1.5006364678047759	2.348207311824131
1982	03	22	0.0020695554922	1.4671026919879093	2.698490822873351
1982	03	23	0.00041370620104	1.4335689161710428	2.743719662735112
1982	03	24	0.0	1.4000351403541764	2.639200550948597
1982	03	25	0.0	1.3581179205830933	2.4382957952117112
1982	03	26	0.0071511398456	1.3245841447662268	2.177703350031096
1982	03	27	0.75548694924	1.2910503689493602	2.091405594234484
1982	03	28	0.68481056236	1.2575165931324936	2.3193986259745127
1982	03	29	0.49367243636799996	1.2155993733614106	2.3385678370333127
1982	03	30	0.326734785076	1.1820655975445442	1.9211313833223185
1982	03	31	0.41543225483600005	1.1401483777734611	2.0656127776432407
1982	04	01	6.9419175416400005	1.2491331491782771	1.7300374569958972
1982	04	02	0.1810342216	1.299433812903577	1.7786223684523188
1982	04	03	11.8639007972	1.4419523601252595	1.8764817596696977
1982	04	04	11.197505044	2.3557477511348717	1.9812639496606532
1982	04	05	3.68895681616	2.0455603248288563	1.8893167340056158
1982	04	06	0.061390275076	1.7772901182939245	2.202028224319515
1982	04	07	0.00081041086204	1.5257867996674257	3.5011618175179917
1982	04	08	0.0007181894422400001	1.34135103267466	3.2227969279374302
1982	04	09	0.84891788172	1.2491331491782771	2.9545648702171787
1982	04	10	2.7075561738799996	1.1904490414987607	3.2571613295575
1982	04	11	5.608852299920001	1.1317649338192446	3.1811706082491575
1982	04	12	1.11005434108	1.1066146019565946	2.863775218343946
1982	04	13	0.113108841408	1.0395470503228614	3.0356072127890186
1982	04	14	0.00121844915412	0.9640960547349117	3.4050425070107186
1982	04	15	0.000405205459544	0.9305622789180455	3.0768507471432613
1982	04	16	0.403462063156	0.9557126107806951	2.940092200158109
1982	04	17	12.893673294400001	0.9557126107806951	2.2953766026879876
1982	04	18	3.2994861267999998	1.0395470503228614	2.757387957112827
1982	04	19	1.4153138154	1.0814642700939445	2.819409554977886
1982	04	20	0.43269538848	1.0227801624144282	3.271203627503585
1982	04	21	0.0	0.9640960547349117	3.604066022676528
1982	04	22	0.00134103389652	0.8970285031011789	3.5352616154542145
1982	04	23	0.194036972572	0.8551112833300958	3.574295634242305
1982	04	24	0.0012354509794	0.8048106196047959	3.9085155091899946
1982	04	25	0.00040686714418	0.7628933998337128	3.7190892958385917
1982	04	26	0.179060988328	0.7293596240168464	3.1799896118449644
1982	04	27	0.0008225261458	0.6874424042457632	3.7677037155831483
1982	04	28	0.0012241166827600001	0.6539086284288967	4.081116402124242
1982	04	29	0.00041512393892	0.6287582965662468	3.822787552098174
1982	04	30	0.0012241166827600001	0.6203748526120303	4.101152861091792
1982	05	01	0.0012196027597599999	0.6455251844746801	4.195053903259027
1982	05	02	0.00121835492984	0.6287582965662468	4.070492751304149
1982	05	03	0.00013115880008399998	0.603607964703597	3.4821644107970195
1982	05	04	1.53032011132	0.5952245207493804	2.4797083503241097
1982	05	05	0.8559354512799999	0.6119914086578137	2.384117045011077
1982	05	06	0.070249639316	0.6203748526120303	2.769349646741963
1982	05	07	0.0	0.6119914086578137	3.459718174939397
1982	05	08	0.0113071256284	0.5952245207493804	3.268294691378916
1982	05	09	0.0012293701380000001	0.5700741888867306	3.7035033547659486
1982	05	10	0.61282692056	0.5449238570240806	3.376320943895398
1982	05	11	13.8788123872	0.6371417405204635	2.1434523750095966
1982	05	12	29.10705433	3.6048809003131486	2.23552793518179
1982	05	13	0.86755774524	3.9234517705733802	4.046348274427298
1982	05	14	5.7742492844	1.9030417776071737	3.666343920144251
1982	05	15	2.469120635	1.3916516963999597	3.758734068151622
1982	05	16	0.06927538308	1.1904490414987607	3.34393157755882
1982	05	17	1.69075686728	1.0814642700939445	3.347492531788794
1982	05	18	1.58865635024	1.073080826139728	3.1236938939937637
1982	05	19	0.20701460340800001	0.9892463865975617	4.112039197916028
1982	05	20	0.0093284214532	0.9054119470553955	4.579759574792258
1982	05	21	0.0013258154867999998	0.8299609514674459	4.524973977419209
1982	05	22	0.0333093764	0.7796602877421461	3.893931630558222
1982	05	23	0.25912361576	0.7545099558794962	3.322389490096597
1982	05	24	0.000785254909404	0.7293596240168464	4.971614540579822
1982	05	25	10.231961939200001	0.7042092921541965	4.8992412652734245
1982	05	26	4.839412741	0.7042092921541965	3.012067461409627
1982	05	27	0.8680908588	0.7125927361084131	2.7330293808089205
1982	05	28	1.1136175591600002	0.6790589602915467	3.9112840868709866
1982	05	29	11.0345227112	0.7545099558794962	3.0284601529364132
1982	05	30	5.43591718288	0.8383443954216625	3.355081435508063
1982	05	31	1.0843469909999999	0.7880437316963628	4.023554323094355
1982	06	01	8.9027501948	0.7712768437879295	4.085062601680189
1982	06	02	9.4432181928	0.7628933998337128	3.201538728215401
1982	06	03	4.9933035242	0.7964271756505794	2.768889182255772
1982	06	04	1.642378642	0.8131940635590126	3.815967039729565
1982	06	05	2.2140176672	0.7461265119252796	3.9646471676509125
1982	06	06	0.10594863853679999	0.6958258481999798	3.357573186405991
1982	06	07	0.0012233781964	0.6622920723831134	5.227731579520461
1982	06	08	0.07474834000799999	0.603607964703597	4.880133148288565
1982	06	09	0.026480987516	0.5700741888867306	4.3070989009891205
1982	06	10	1.15100111356	0.536540413069864	3.3888121982564754
1982	06	11	0.32415976196	0.5533073009782973	2.7910496161269776
1982	06	12	4.9092437716	0.5784576328409471	2.445851985695677
1982	06	13	2.31030870116	0.6455251844746801	2.9078308929206917
1982	06	14	0.79115231296	0.67067551633733	3.600007967836768
1982	06	15	0.00616263710764	0.6203748526120303	5.276991867977991
1982	06	16	0.90244906268	0.5784576328409471	5.462729896545046
1982	06	17	4.1620442804	0.5952245207493804	3.571648850122407
1982	06	18	0.6125220940799999	0.5868410767951636	3.3087102586111006
1982	06	19	0.0	0.5784576328409471	4.98404292420111
1982	06	20	3.0618755020000004	0.5784576328409471	3.247463085280245
1982	06	21	1.6562105000800003	0.8467278393758791	3.559136689976145
1982	06	22	9.8246097444	1.0143967184602116	3.022482059964857
1982	06	23	0.03404291859999999	0.8467278393758791	3.2473355362620095
1982	06	24	1.84499535804	0.737743067971063	4.183143531953834
1982	06	25	10.1573317456	0.7125927361084131	2.6751606925184226
1982	06	26	2.87185584008	0.737743067971063	2.854604034434826
1982	06	27	0.00271860561084	0.7712768437879295	4.115344113481993
1982	06	28	0.0044168681884	0.6874424042457632	5.179072876558314
1982	06	29	0.00434410660204	0.6287582965662468	4.980560888044179
1982	06	30	0.000405205459544	0.5700741888867306	5.72259344150218
1982	07	01	0.360244276352	0.5784576328409471	5.603723241810619
1982	07	02	0.35808972552	0.536540413069864	4.043176565304711
1982	07	03	1.70236356812	0.5281569691156474	3.507569214229086
1982	07	04	0.064511713444	0.536540413069864	6.305260870291672
1982	07	05	0.62856760472	0.5113900812072141	4.777884531539635
1982	07	06	0.1655692219	0.48623974934456426	5.523264916204962
1982	07	07	2.7089369256399998	0.46108941748191445	5.431302883194383
1982	07	08	5.0161246258	0.4107887537566146	4.109375562678108
1982	07	09	0.0563378883644	0.40240530980239797	4.5169765884357345
1982	07	10	0.0034585563930000004	0.3940218658481814	4.946662558904354
1982	07	11	0.125001362236	0.38563842189396474	3.501990127383354
1982	07	12	1.30443237512	0.3688715339855315	3.4549144224337933
1982	07	13	2.9829410368000002	0.3688715339855315	2.189607901939717
1982	07	14	1.4139188016400002	0.3772549779397481	3.3093370010294327
1982	07	15	0.005898290652400001	0.3940218658481814	4.990633764733266
1982	07	16	0.9359207406400001	0.38563842189396474	4.484949592040504
1982	07	17	0.520915433036	0.3688715339855315	4.762019043371429
1982	07	18	0.9796674289599999	0.35210464607709824	4.973138804355825
1982	07	19	5.6982537419999995	0.335337758168665	3.371428860229551
1982	07	20	0.557683315912	0.31857087026023173	3.6626115302641744
1982	07	21	0.14981475113999998	0.3018039823517985	3.829455997968922
1982	07	22	0.016329215098	0.3018039823517985	4.470185760675023
1982	07	23	0.0016915063829200001	0.2934205383975818	4.461947632741032
1982	07	24	5.2179043526e-05	0.2934205383975818	5.250382797811078
1982	07	25	0.08221869954399999	0.2850370944433653	5.2702508462432665
1982	07	26	0.0050986336236	0.27665365048914864	5.0956929578917665
1982	07	27	0.0032409873961599996	0.268270206534932	4.087789762325786
1982	07	28	6.664285558	0.2515033186264988	3.602034138780183
1982	07	29	4.41753793192	0.25988676258071536	3.3276340501305275
1982	07	30	0.0055537311912	0.2850370944433653	3.7220695389292113
1982	07	31	2.14232230796	0.2850370944433653	3.73357129747366
1982	08	01	6.9542263131999995	0.2850370944433653	2.76967860936893
1982	08	02	0.8838472882080001	0.2850370944433653	3.43636072770365
1982	08	03	0.0017133517735600002	0.2850370944433653	4.650730619248925
1982	08	04	0.0126558744112	0.2850370944433653	4.378750066275166
1982	08	05	0.0087167604036	0.268270206534932	3.996933577618003
1982	08	06	0.010883459607199998	0.24311987467228213	4.113865622775538
1982	08	07	0.0	0.23473643071806552	4.661231838504499
1982	08	08	0.00041370620104	0.23473643071806552	5.200401924789896
1982	08	09	0.0	0.22635298676384888	5.571981988394953
1982	08	10	0.000405205459544	0.21796954280963224	5.686409658309591
1982	08	11	0.0008357149778399999	0.20120265490119899	5.582690414081041
1982	08	12	0.012623699339199998	0.19281921094698237	5.111056088355152
1982	08	13	0.029667659321200003	0.18443576699276576	4.28418654378977
1982	08	14	0.00530398588632	0.1676688790843325	4.956085740930645
1982	08	15	0.0022948480276000004	0.15928543513011587	4.368338971942589
1982	08	16	0.08509860238479999	0.15090199117589925	3.904529694922523
1982	08	17	0.00065532506586	0.15928543513011587	4.953459250323712
1982	08	18	0.0009543685425600001	0.15928543513011587	5.004608232445284
1982	08	19	0.0045617083064	0.15090199117589925	4.816255362552118
1982	08	20	0.814437442992	0.15090199117589925	3.560841424473488
1982	08	21	0.00081041086204	0.14251854722168264	4.712928719941528
1982	08	22	0.0	0.14251854722168264	4.71615313373031
1982	08	23	0.17530877022400002	0.14251854722168264	4.516718428372746
1982	08	24	0.0	0.14251854722168264	4.71895906907136
1982	08	25	0.0008157569727399999	0.14251854722168264	4.59839390486958
1982	08	26	0.062127591952	0.134135103267466	3.376611563902431
1982	08	27	0.00081893421356	0.1257516593132494	3.5790551054063022
1982	08	28	8.4049968868	0.134135103267466	2.546697731593909
1982	08	29	0.0188373408768	0.15928543513011587	3.941455092786249
1982	08	30	0.0271571708044	0.1676688790843325	3.794311969205473
1982	08	31	0.00081292335104	0.1676688790843325	3.9745326389029914
1982	09	01	0.0	0.15090199117589925	4.517645638108305
1982	09	02	0.000405205459544	0.15090199117589925	4.899249987165533
1982	09	03	0.000405205459544	0.14251854722168264	4.846452394965817
1982	09	04	0.0	0.134135103267466	4.391433139613026
1982	09	05	0.00168860340036	0.1257516593132494	3.7659768536294034
1982	09	06	0.00553207158688	0.1257516593132494	3.41693310627105
1982	09	07	0.000810410919088	0.11736821535903276	4.322706998892072
1982	09	08	0.00121844915412	0.11736821535903276	4.285692708126516
1982	09	09	0.000419373510996	0.10898477140481612	3.856073913470787
1982	09	10	0.00497675855832	0.10898477140481612	3.6674847907201316
1982	09	11	0.00266146766516	0.10060132745059949	4.136695410297568
1982	09	12	0.00082741249716	0.10060132745059949	3.917161760354027
1982	09	13	0.00204019364724	0.10060132745059949	4.032655979533536
1982	09	14	0.00041370620104	0.10060132745059949	3.8175555573550977
1982	09	15	0.00555369182808	0.10060132745059949	3.4065068163106327
1982	09	16	4.3160643724	0.10060132745059949	3.281444285373752
1982	09	17	2.6943367260799995	0.10060132745059949	3.1061166446266992
1982	09	18	16.062345504800003	0.10898477140481612	2.37819618769417
1982	09	19	6.67446415724	0.11736821535903276	2.308121784920392
1982	09	20	6.5471365392	0.22635298676384888	2.0105855651475735
1982	09	21	1.21185031688	0.268270206534932	1.7418559115156567
1982	09	22	1.3212045822	0.268270206534932	2.1133137076268635
1982	09	23	0.14098305518	0.24311987467228213	1.8292697003310678
1982	09	24	32.6934253408	0.335337758168665	1.4278627035565432
1982	09	25	17.7757032684	0.7964271756505794	1.588169229748566
1982	09	26	4.1190457766	0.7209761800626298	1.761787606515346
1982	09	27	8.681208089999998	0.6539086284288967	1.4858319315825341
1982	09	28	11.3126763988	0.7125927361084131	1.6567009474732755
1982	09	29	9.4633770544	0.6958258481999798	1.444658989656092
1982	09	30	0.085397271484	0.6874424042457632	1.716975275125793
1982	10	01	5.2179043526e-05	0.5868410767951636	2.5726973116759626
1982	10	02	2.7523991346	0.536540413069864	1.5926160752114256
1982	10	03	0.193173570108	0.5449238570240806	1.848796846960377
1982	10	04	3.3927259484800003	0.49462319329878085	1.6961043239807754
1982	10	05	1.9589546330000003	0.46108941748191445	1.7215129526797024
1982	10	06	2.5858180238000004	0.41917219771083125	1.4021892219227114
1982	10	07	1.6527475914	0.38563842189396474	1.2692595556958979
1982	10	08	2.25183031764	0.35210464607709824	1.2901202365283917
1982	10	09	6.06067074848	0.49462319329878085	1.2248451044229
1982	10	10	0.018327681651200002	0.6371417405204635	1.7112849675717534
1982	10	11	0.017010997647599998	0.5616907449325139	1.9342638941400467
1982	10	12	13.4697468508	0.5700741888867306	1.541239575596239
1982	10	13	32.8237334316	3.6887153398553156	1.646021342022195
1982	10	14	4.116138990840001	2.5569504060360706	1.3333898529462307
1982	10	15	0.0019090215644800002	1.3832682524457431	1.4802860732068928
1982	10	16	7.118976183200001	1.2910503689493602	1.365494369954195
1982	10	17	7.643527123640001	1.3748848084915264	1.2379558878804169
1982	10	18	2.2643244952	1.3748848084915264	1.148517218372517
1982	10	19	0.0014709363760399999	1.1485318217276776	1.5887949289267689
1982	10	20	0.00081041086204	0.9473291668264785	1.8952992660041372
1982	10	21	0.79371139116	0.8299609514674459	1.6535150448599951
1982	10	22	5.2302015244	0.7964271756505794	1.1624493727899559
1982	10	23	0.7155806372000001	0.8048106196047959	1.1320771986543827
1982	10	24	0.00509639696168	0.7796602877421461	1.592350754193968
1982	10	25	0.34117727544	0.7545099558794962	1.3462588788662297
1982	10	26	0.0300102125944	0.737743067971063	1.5885097284966898
1982	10	27	0.00121278267136	0.7125927361084131	1.689097038271052
1982	10	28	0.00041370620104	0.6874424042457632	1.6787757535219394
1982	10	29	0.0012435104356	0.67067551633733	1.646039545409564
1982	10	30	0.0012297843064799998	0.6455251844746801	1.5068504881014575
1982	10	31	0.00041370620104	0.6203748526120303	1.5365046749256994
1982	11	01	0.00082608014112	0.6287582965662468	1.6013507798551623
1982	11	02	0.00115484519796	0.6119914086578137	1.5056523204528245
1982	11	03	3.93307519156	0.603607964703597	1.3138001440484646
1982	11	04	1.12016543352	0.6203748526120303	1.2427384799245036
1982	11	05	10.273582258400001	0.6371417405204635	1.0195512003356173
1982	11	06	25.692717268	1.4922530238505591	0.9430506559525462
1982	11	07	31.620061516	9.640960547349119	0.7054272323743647
1982	11	08	8.6458982304	14.838695798963426	0.6884162620413782
1982	11	09	0.693909499676	5.474388902103456	0.8741257556460145
1982	11	10	0.17778814286	3.261159698190267	1.1586456712591755
1982	11	11	0.201680501312	2.598867625807154	0.9937284180681984
1982	11	12	15.284966670800001	2.791686836754136	0.8990595300957871
1982	11	13	19.281025992000004	12.659000370867103	1.1279316209401127
1982	11	14	2.1911206917599997	5.809726660272121	0.8370436860475523
1982	11	15	2.05552767424	3.906684882664947	0.7518785842798567
1982	11	16	0.0783116969048	3.1437914828312343	1.0118521391493436
1982	11	17	0.0070119972064399995	2.6240179576698037	0.9075399180704534
1982	11	18	0.082862058364	2.3725146390433047	1.2884511285753446
1982	11	19	0.0242994986184	2.2048457599589724	1.0839312582911678
1982	11	20	0.00048698496555199994	2.03717688087464	0.942067536569992
1982	11	21	0.047331793816	1.9281921094698233	0.9361374884238695
1982	11	22	0.049406382368000004	1.8527411138818741	1.0146493358483046
1982	11	23	11.096016652000001	2.0455603248288563	0.9748819604772784
1982	11	24	0.35117693412	2.774919948845703	0.7415394080079689
1982	11	25	14.7977491776	3.2276259223734005	0.5734702584618966
1982	11	26	0.6884129534	3.177325258648101	0.5578109481741123
1982	11	27	6.9364073703999996	2.548566962081854	0.8379652942310218
1982	11	28	0.020961888264	2.3976649709059545	0.7917555479919273
1982	11	29	0.0070106857679999995	2.1377782083252392	0.7455256421099636
1982	11	30	0.000820075896168	1.9701093292409069	0.7683743888297585
1982	12	01	0.07069030659200001	1.8527411138818741	0.6412740496817895
1982	12	02	0.58082907768	1.8024404501565743	0.5762605924240383
1982	12	03	0.0049752207344	1.743756342477058	0.7294726636405089
1982	12	04	0.21121465782	1.7605232303854912	0.8016775171381746
1982	12	05	0.5021726264	2.1042444325083727	0.6316180322042266
1982	12	06	2.3236392024000003	2.0455603248288563	0.4587435959158542
1982	12	07	12.063974788800001	2.2719133115927055	0.3800393639523257
1982	12	08	5.2441968249999995	4.84563060553721	0.5511639019504307
1982	12	09	9.347242539200002	5.566606785599839	0.575123034987587
1982	12	10	7.0566369812	7.251679020397381	0.6715215562945637
1982	12	11	1.5256770696800002	4.8875478253082925	0.5140238053635893
1982	12	12	15.9726803108	10.646973821855113	0.747150229030971
1982	12	13	10.119346334800001	10.73080826139728	0.4463689094226342
1982	12	14	0.332493932804	7.838520097192545	0.5519546000366492
1982	12	15	0.18336352947200002	5.516306121874539	0.7418523288505047
1982	12	16	0.440265059076	4.736645834132394	0.6470229968913412
1982	12	17	13.154800055599999	6.212131970074519	0.7366308476472828
1982	12	18	0.81002654868	6.379800849158851	0.49158503216808014
1982	12	19	0.761752017648	4.988149152758892	0.6836332030797179
1982	12	20	21.9579568028	9.976298305517783	0.7992754702025832
1982	12	21	4.457280040800001	11.904490414987608	0.4579894262458966
1982	12	22	0.444136041608	7.067243253404615	0.49591875262470836
1982	12	23	0.683050507956	6.019312759127537	0.5494331265314225
1982	12	24	0.082592321158	5.616907449325138	0.7282599730269349
1982	12	25	0.0420313994816	5.197735251614308	0.6629131293452641
1982	12	26	0.011967401082	4.686345170407093	0.7669786682938275
1982	12	27	0.000407717986576	4.091120649657713	0.8384634213058176
1982	12	28	0.0019951653756	3.730632559626398	0.772464322340045
1982	12	29	0.0010054459939600002	3.5042795728625493	0.7388656209240949
1982	12	30	0.00082381096184	3.2527762542360503	0.7394272842735791
1982	12	31	0.00083386101292	2.992889491655335	0.7121143953432221
1983	01	01	0.00121881502196	2.8503709444336525	0.718100755075629
1983	01	02	0.0016264889674800001	2.7581530609372695	0.7360119988632202
1983	01	03	0.0012205669660400001	2.6491682895324535	0.755174447792047
1983	01	04	0.00041370620104	2.506649742310771	0.8100884732565931
1983	01	05	0.00163350473052	2.3892815269517382	0.8321816113360132
1983	01	06	6.675563947600001	2.540183518127637	0.7076548470368303
1983	01	07	1.41807883688	3.487512684954116	0.6129046313564122
1983	01	08	0.00125346616732	2.7330027290746197	0.78161863889585
1983	01	09	0.00202886039648	2.456349078585471	0.8283994044742503
1983	01	10	0.0020557893344	2.322213975318005	0.8406351348345604
1983	01	11	0.0	2.1377782083252392	0.7396330155298875
1983	01	12	0.008638335567200001	2.0707106566915066	0.8162529661053072
1983	01	13	6.622857300400001	2.456349078585471	0.7129465624600382
1983	01	14	0.0020580644086399995	2.548566962081854	0.7237773018557876
1983	01	15	0.018578945764	2.2467629797300557	0.865772564657158
1983	01	16	0.0	2.06232721273729	0.9495042125967909
1983	01	17	0.0008172283452479999	1.9952596611035567	0.9979350844185292
1983	01	18	0.006105294074399999	1.9114252215613903	0.9081698011395146
1983	01	19	0.0143528303994	1.8695080017903074	0.8789965885873681
1983	01	20	0.0	1.7772901182939245	0.885027365542116
1983	01	21	0.00041370620104	1.676688790843325	0.8854824406174038
1983	01	22	0.0020433623783999997	1.634771571072242	0.8987629658131305
1983	01	23	0.00162655466776	1.6012377952553754	0.9503888395302847
1983	01	24	0.0291785240644	1.584470907346942	1.0883620846616764
1983	01	25	0.0016455980508	1.5760874633927255	1.1370942463341709
1983	01	26	0.0012104381887199998	1.5257867996674257	1.1898078345357805
1983	01	27	0.00041370620104	1.5090199117589924	1.1308865036818772
1983	01	28	0.00247077055824	1.4922530238505591	1.3215744767228916
1983	01	29	0.0024122071732	1.4419523601252595	1.436814231509756
1983	01	30	0.162993827972	1.4251854722168262	0.9789996233804852
1983	01	31	0.019403203792000005	1.4168020282626097	1.2048890553559075
1983	02	01	0.549164651836	1.4000351403541764	0.9503493998624928
1983	02	02	0.030613962988000003	1.3748848084915264	0.916297664984899
1983	02	03	0.00040677287236	1.3329675887204433	1.208522452630804
1983	02	04	0.0151544655676	1.3078172568577935	1.0835454615093025
1983	02	05	0.40652490372	1.299433812903577	1.068753574821273
1983	02	06	1.4999778964800001	1.299433812903577	0.7331961958149924
1983	02	07	1.3911801344	1.3078172568577935	0.6932832268206367
1983	02	08	0.59148640472	1.2910503689493602	0.7195491638306991
1983	02	09	0.211095398976	1.274283481040927	0.771109060383176
1983	02	10	0.32524947383999997	1.2491331491782771	0.6909937207948907
1983	02	11	3.4185842856	1.2491331491782771	0.703665770868475
1983	02	12	0.09275215636	1.2407497052240606	0.6207512369059818
1983	02	13	0.335467474232	1.2323662612698438	0.7222784393888668
1983	02	14	0.55525360356	1.2239828173156273	0.727940194149103
1983	02	15	1.22221926628	1.2407497052240606	0.6596619217832957
1983	02	16	0.012656444891199999	1.2323662612698438	0.8178083114307547
1983	02	17	3.8909343093600004	1.1988324854529773	0.913088649543868
1983	02	18	2.0727468524	1.2659000370867104	0.7733443474410555
1983	02	19	0.11635259068800001	1.4335689161710428	1.3098871723747618
1983	02	20	4.021627759399999	1.4671026919879093	1.1812581104956712
1983	02	21	12.898265658400001	2.1210113204168057	1.0287183218956766
1983	02	22	35.348485849999996	11.82065597544544	0.8485919638030263
1983	02	23	12.2939457356	15.090199117589925	0.9743775955821303
1983	02	24	21.152523664000004	8.04810619604796	0.7598839083067346
1983	02	25	18.2658691924	11.40148377773461	1.0233098336588065
1983	02	26	3.1205225574399997	8.802616151927456	1.1491610739489881
1983	02	27	0.053442043460000005	5.28995313511069	1.1989286445975034
1983	02	28	0.06332521012400001	4.225255752925179	1.7277497958837609
1983	03	01	0.0021852629080400003	3.730632559626398	2.130489946771986
1983	03	02	0.00122496679304	3.3869113575035166	2.105196969255382
1983	03	03	0.000810410919088	3.152174926785451	2.1220303354268437
1983	03	04	0.9603450811999998	2.9845060477011183	1.7987279072840103
1983	03	05	0.00206573032872	2.7581530609372695	1.965099043350989
1983	03	06	0.00204367690304	2.590484181852937	2.0615821782675856
1983	03	07	0.00123392903384	2.4647325225396877	2.0749471822138923
1983	03	08	0.0172801776848	2.322213975318005	1.9642170384882665
1983	03	09	1.73863021776	2.2970636434553553	1.8082693206899212
1983	03	10	0.0032980941556	2.229996091821622	2.1703648036746683
1983	03	11	0.00026305517376	2.129394764371023	2.186179959118388
1983	03	12	0.001510837839	2.03717688087464	2.2628937826757944
1983	03	13	4.1728429914	2.079094100645723	1.6132960154760578
1983	03	14	6.658600724799999	2.1042444325083727	1.2639673392649386
1983	03	15	3.395929574	2.3725146390433047	1.4442464072002523
1983	03	16	0.0497483109656	2.1880788720505393	1.9623255738684082
1983	03	17	0.00164300217664	1.9617258852866901	2.569217004734067
1983	03	18	0.0	1.8778914457445242	2.642038384005151
1983	03	19	0.0020439865785999997	1.785673562248141	2.697744107764553
1983	03	20	1.21531284524	1.894658333652957	2.2420697231678215
1983	03	21	0.6858387574799999	2.03717688087464	2.524681895063591
1983	03	22	0.00122051952112	1.8192073380650076	2.5276525517671278
1983	03	23	0.0026372829262	1.676688790843325	2.5716871537554895
1983	03	24	5.6539017744	1.7102225666601916	1.6179805310039241
1983	03	25	0.11724028038720001	1.8024404501565743	1.5124384212085324
1983	03	26	0.155357839076	1.6934556787517583	2.072342941230879
1983	03	27	5.519232934480001	1.634771571072242	1.570317035779295
1983	03	28	3.0488600008000004	1.9533424413324736	1.666568662901416
1983	03	29	0.006020589584319999	1.9784927731951234	2.0803328441050137
1983	03	30	0.0608866211032	1.7269894545686246	2.2718066350184114
1983	03	31	6.327661758840001	1.6683053468891083	1.6551938529064376
1983	04	01	4.8887327336799995	2.0204099929662065	1.6105095970592587
1983	04	02	1.5377511838	1.9533424413324736	1.4870916672075376
1983	04	03	0.355884658684	1.743756342477058	2.052412500071795
1983	04	04	1.9162184549199999	1.6515384589806752	1.8090801330458726
1983	04	05	2.3591316156	1.6180046831638086	1.8349147990568477
1983	04	06	3.17880764332	1.5760874633927255	1.7869532338055139
1983	04	07	20.099685709599996	2.1880788720505393	1.2446341588731318
1983	04	08	7.644219971600001	5.93547831958537	1.9139888710820006
1983	04	09	0.039384484475999994	4.786946497857693	2.84533345221639
1983	04	10	20.9035196028	3.6551815640384486	2.224319834943084
1983	04	11	0.188010374312	4.862397493445642	2.034223694055217
1983	04	12	0.00041370620104	3.194092146556534	3.1661012222480887
1983	04	13	1.4276913298	2.615634513715587	2.9667862944349372
1983	04	14	0.000405205459544	2.3641311950890884	3.5382445244489755
1983	04	15	0.00180841912792	2.146161652279456	3.9764619110888937
1983	04	16	1.9910148483600003	2.0287934369204232	2.956035692107329
1983	04	17	15.449354286	2.08747754459994	2.168148682357471
1983	04	18	8.386947375	2.5569504060360706	1.941069013307208
1983	04	19	8.971802995600001	2.816837168616786	1.6852358566887295
1983	04	20	6.34103980008	4.02405309802398	1.717170318356825
1983	04	21	35.140360484	7.42773134343593	1.6605689325607056
1983	04	22	16.916852284	13.581179205830932	1.667457743889244
1983	04	23	10.466544741400002	9.557126107806953	1.7916372996856347
1983	04	24	21.9062389876	13.4135103267466	1.4846401540078615
1983	04	25	10.6782579512	11.233814898650277	1.857791318660029
1983	04	26	10.6853680336	12.407497052240604	1.69715732118014
1983	04	27	5.93620694004	15.257867996674257	1.864125270519618
1983	04	28	2.6584406032	14.000351403541764	1.9934285172579165
1983	04	29	14.095819176	10.311636063686448	2.6422285101463734
1983	04	30	11.9208394552	17.68906674339708	1.8024612447813189
1983	05	01	5.04829028488	12.491331491782772	1.916593142952642
1983	05	02	8.648547159200001	11.066146019565945	2.309400380725626
1983	05	03	5.7168314232	11.14998045910811	2.2322038603270227
1983	05	04	1.27166771204	9.473291668264787	2.8371887997309875
1983	05	05	13.160120732399998	9.305622789180454	2.0387209584899297
1983	05	06	0.063390206812	10.646973821855113	2.9099732270233307
1983	05	07	1.8056671324000002	6.991792257816665	2.931246977306677
1983	05	08	0.352935895104	5.943861763539587	2.0275621214056843
1983	05	09	1.5749569386000002	5.432471682332373	2.817428963626057
1983	05	10	2.09394246632	5.130667699980575	2.039386168403292
1983	05	11	29.780641934400002	5.8935610998142876	1.7992558341385863
1983	05	12	21.889350878	15.006364678047756	2.242449382591539
1983	05	13	8.5414585552	8.802616151927456	2.179064097314424
1983	05	14	7.474975099520001	8.031339308139527	2.177262159311589
1983	05	15	21.103585988000003	7.9894220883684435	2.1022181939641524
1983	05	16	16.8366922376	19.365755534240407	1.985654139696456
1983	05	17	7.48656620724	13.581179205830932	2.2618241518489857
1983	05	18	3.9184896343199997	9.13795391009612	2.4082185112998764
1983	05	19	0.6124197880000001	7.159461136900997	2.55165563867706
1983	05	20	5.5034814112	6.371417405204635	2.6067014006458673
1983	05	21	4.4482531456	5.918711431676937	2.385019366410439
1983	05	22	0.23377353828800002	5.457622014195023	2.8822130164346893
1983	05	23	0.8968347313	4.979765708804676	2.4835007530542175
1983	05	24	0.0035829728516000004	4.602510730864927	3.598532224733406
1983	05	25	0.00013458650063999999	4.149804757337229	4.330981847672195
1983	05	26	0.00081041086204	3.8060835552143475	4.30854868522844
1983	05	27	0.0523057547404	3.5881140124047155	4.211964747523373
1983	05	28	0.0390895719876	3.445595465183033	3.622309464988455
1983	05	29	0.8578933386400001	3.261159698190267	3.578342865714979
1983	05	30	3.0056359672400004	3.1102577070143678	2.623513028696646
1983	05	31	18.428842967999998	5.26480280324804	2.4732081186255677
1983	06	01	5.90938496712	5.792959772363687	2.800678758550773
1983	06	02	0.0020515287996000003	4.300706748513129	4.192919287478854
1983	06	03	0.0012241166827600001	3.6048809003131486	4.8109848396216
1983	06	04	0.011208848088	3.152174926785451	5.077985930328656
1983	06	05	3.7228010175599997	2.992889491655335	4.184729975182134
1983	06	06	4.6400694392	4.661194838544443	3.6839819302352015
1983	06	07	1.37141452368	3.487512684954116	3.413469508504035
1983	06	08	0.499403925324	3.0348067114264183	3.725959854059658
1983	06	09	0.007209177153	2.7162358411661867	5.5029238278553105
1983	06	10	0.0121438942828	2.439582190677038	5.538395827043297
1983	06	11	0.0206818624512	2.1880788720505393	4.732087876114662
1983	06	12	0.034906492208	2.0455603248288563	4.532214089812582
1983	06	13	5.025033146399999e-06	1.944958997378257	5.280383751907529
1983	06	14	0.0012241166827600001	1.810823894110791	5.510549010479513
1983	06	15	0.000419373482472	1.6934556787517583	5.938463318429338
1983	06	16	0.00081399138468	1.6012377952553754	5.792043979475416
1983	06	17	0.0052838656272	1.4922530238505591	5.546187518708998
1983	06	18	0.00122128291844	1.4671026919879093	5.712352709284793
1983	06	19	0.000813244464724	1.4000351403541764	4.863918688767882
1983	06	20	0.000816302151952	1.299433812903577	5.092898807340497
1983	06	21	0.37968100535200006	1.274283481040927	4.527943814250858
1983	06	22	0.581489760076	1.31620070081201	4.257216989124987
1983	06	23	0.5660715777680001	1.34135103267466	4.804351706825416
1983	06	24	2.11002619912	1.3581179205830933	3.889943778551649
1983	06	25	2.8171268412800003	1.408418584308393	3.6159142758603515
1983	06	26	0.5573670988480001	1.3329675887204433	3.9923940235506405
1983	06	27	0.004742619874800001	1.2407497052240606	4.525104964802332
1983	06	28	0.0	1.1317649338192446	5.344475082063739
1983	06	29	0.066521680874	1.0646973821855115	5.312903980224383
1983	06	30	0.000419373482472	1.006013274505995	5.246797342376923
1983	07	01	0.040788873123999994	0.9557126107806951	5.771428461142837
1983	07	02	8.166722603599998	0.9221788349638289	4.580034001049194
1983	07	03	11.297122261599998	0.9305622789180455	3.5177426244714
1983	07	04	2.3100855484	0.9976298305517783	4.118474306159662
1983	07	05	10.9817865892	0.9724794986891285	4.238967926297795
1983	07	06	1.9388929431600002	0.9221788349638289	4.410141022082961
1983	07	07	0.055001464802	0.8970285031011789	3.8090684861142137
1983	07	08	0.93918635832	0.8634947272843123	3.3483809409966274
1983	07	09	0.943720181564	0.8970285031011789	4.206689907288716
1983	07	10	3.73138864316	0.8802616151927456	3.221884797805325
1983	07	11	0.94170169972	0.8551112833300958	4.165588785507329
1983	07	12	0.0105319954364	0.8299609514674459	5.215978246539828
1983	07	13	0.094855820376	0.8131940635590126	5.26041141653363
1983	07	14	0.44497706224	0.7964271756505794	4.42434790339921
1983	07	15	0.295342078856	0.7796602877421461	4.292295891956929
1983	07	16	1.4489459884	0.7628933998337128	3.515089960552055
1983	07	17	2.27297116548	0.7628933998337128	3.2843567463111705
1983	07	18	6.73052750876	0.7628933998337128	3.5469304971735047
1983	07	19	4.59318206832	0.8048106196047959	3.761733934555653
1983	07	20	0.5562240375799999	0.7628933998337128	4.14914937684898
1983	07	21	2.66132029116	0.737743067971063	3.383286402820036
1983	07	22	1.0539494396	0.7293596240168464	3.3327105472333245
1983	07	23	0.7589424987279999	0.7209761800626298	4.048181850629674
1983	07	24	1.3530599001599999	0.7125927361084131	3.920692287695407
1983	07	25	12.0912228152	0.7042092921541965	2.9043162335165724
1983	07	26	3.9194863579600008	0.7042092921541965	3.8832721498136005
1983	07	27	0.41258130956	0.6958258481999798	3.4201429889625685
1983	07	28	1.1327813134800002	0.6874424042457632	4.264870050055575
1983	07	29	1.89757973236	0.6790589602915467	5.200313120893044
1983	07	30	1.28713608708	0.6790589602915467	3.64024091120909
1983	07	31	2.68191224216	0.67067551633733	3.1463558999799495
1983	08	01	0.0628997594512	0.6622920723831134	3.868867165332399
1983	08	02	0.0020420797492	0.6539086284288967	4.480369329625635
1983	08	03	0.0012297843064799998	0.6371417405204635	5.17400594186361
1983	08	04	0.021959762371999998	0.6203748526120303	4.934565266454279
1983	08	05	0.097448528372	0.6119914086578137	4.683728109471679
1983	08	06	1.41269464664	0.5952245207493804	5.619113260260525
1983	08	07	21.772762831199998	0.6539086284288967	3.438115816836823
1983	08	08	3.2401640984399998	0.9557126107806951	3.2406587524442116
1983	08	09	1.43130589108	2.03717688087464	3.5902469471701726
1983	08	10	2.29005656608	1.1904490414987607	2.9354755733859923
1983	08	11	3.01573004036	0.871878171238529	2.6490864405237136
1983	08	12	4.6754648708	0.7964271756505794	3.1709267157376235
1983	08	13	5.8325818152	0.7880437316963628	3.3868251463373604
1983	08	14	1.5066313096400001	0.7628933998337128	3.1086950401807956
1983	08	15	0.53666631928	0.7293596240168464	3.3499067711195436
1983	08	16	0.5095769814000001	0.7042092921541965	2.8774285750727455
1983	08	17	0.0036006758918799998	0.6790589602915467	4.295675973870703
1983	08	18	6.952319008400001	0.67067551633733	2.4700856281237145
1983	08	19	2.47164890728	0.6958258481999798	2.656847708051781
1983	08	20	0.805062098608	0.7125927361084131	3.059308136000283
1983	08	21	1.24781765468	0.7042092921541965	2.9553373944042667
1983	08	22	0.092862838988	0.6790589602915467	3.2894994631525147
1983	08	23	0.017456088996	0.6539086284288967	3.4211198140932386
1983	08	24	0.63369740842	0.6203748526120303	3.599809665088843
1983	08	25	0.8915216513919999	0.5868410767951636	2.9417586940699625
1983	08	26	0.119035035188	0.5616907449325139	3.572379666344
1983	08	27	0.072099943656	0.5281569691156474	3.7352516820462554
1983	08	28	0.283923161016	0.48623974934456426	3.6645897945954626
1983	08	29	0.25633432035599996	0.4443225295734811	3.753837616490761
1983	08	30	6.66000068272	0.40240530980239797	3.283071972789063
1983	08	31	0.13444875824400002	0.3604880900313149	3.568842823772267
1983	09	01	0.68538313412	0.35210464607709824	2.8851405559494587
1983	09	02	1.0274275391599998	0.3437212021228816	2.952622760912416
1983	09	03	0.00254961888096	0.335337758168665	3.8292514450515305
1983	09	04	0.00041370620104	0.31857087026023173	4.209474395676979
1983	09	05	0.00162668169464	0.31018742630601515	4.098273615076678
1983	09	06	0.00123384517328	0.31018742630601515	4.349939928485324
1983	09	07	0.013808779311600001	0.3018039823517985	4.18317000588294
1983	09	08	0.0044061859504	0.2934205383975818	3.912942624514478
1983	09	09	1.5739569822400001	0.2934205383975818	2.5485781478010376
1983	09	10	1.9275961080400001	0.2934205383975818	2.616482556511408
1983	09	11	0.00123457510244	0.2934205383975818	2.857901913125796
1983	09	12	0.00122320439016	0.2934205383975818	3.6735887073233635
1983	09	13	0.00041370620104	0.2934205383975818	3.4724252802175024
1983	09	14	0.0035877599394399996	0.2934205383975818	3.2533013054621396
1983	09	15	1.75983210696	0.2934205383975818	2.353840510474834
1983	09	16	0.67687176268	0.3018039823517985	2.0244547618846926
1983	09	17	0.793200659432	0.31018742630601515	2.6567874417736883
1983	09	18	0.0556535253436	0.3018039823517985	3.3315386020453595
1983	09	19	0.026383031346	0.2934205383975818	3.2998752210993434
1983	09	20	0.0084819546388	0.2850370944433653	3.3628109680791014
1983	09	21	0.0099456713052	0.27665365048914864	3.192791100986471
1983	09	22	0.00201614582348	0.2850370944433653	4.0594907058715055
1983	09	23	0.19124536672399997	0.27665365048914864	3.2583259754133578
1983	09	24	0.0012354509794	0.268270206534932	3.842151854122666
1983	09	25	0.0041205855972	0.25988676258071536	3.6130558656342178
1983	09	26	0.0	0.2515033186264988	3.5739380098226268
1983	09	27	0.0024425666926	0.2515033186264988	3.4848572666505886
1983	09	28	1.66073801952	0.24311987467228213	3.2001978445388635
1983	09	29	6.857307466	0.23473643071806552	2.475975979039554
1983	09	30	0.026077016366	0.24311987467228213	2.4299756269686443
1983	10	01	0.00162082134376	0.23473643071806552	2.914201249958019
1983	10	02	0.0016264890625600002	0.23473643071806552	3.1027334617046245
1983	10	03	0.000810410919088	0.22635298676384888	2.808478787119532
1983	10	04	0.084037584698	0.21796954280963224	2.4671818021574428
1983	10	05	1.16798344744	0.21796954280963224	2.154197911353357
1983	10	06	0.0128282344844	0.20958609885541563	2.471013175466641
1983	10	07	0.02296581336	0.20958609885541563	2.0379142266400088
1983	10	08	0.0	0.20958609885541563	2.5363236700512197
1983	10	09	0.00401154661716	0.20958609885541563	2.381934652288586
1983	10	10	0.06404599734199999	0.20958609885541563	2.078703138062964
1983	10	11	0.0	0.20120265490119899	2.4801604759370215
1983	10	12	0.0	0.19281921094698237	2.432352136386907
1983	10	13	11.2107953264	0.21796954280963224	1.3728536648062037
1983	10	14	5.2875623376	0.25988676258071536	1.1607206355075639
1983	10	15	5.216578081680001	0.2934205383975818	1.456416995939287
1983	10	16	10.407621288400001	0.4359390856192645	0.9718142033707756
1983	10	17	0.140436193052	0.49462319329878085	1.4310099477323546
1983	10	18	0.0020360792504	0.4359390856192645	2.0494850194142824
1983	10	19	0.0008152462505200001	0.3688715339855315	2.1768007224633883
1983	10	20	0.0008217452822840001	0.32695431421444837	2.0766927365996146
1983	10	21	0.0012241166827600001	0.31018742630601515	1.9528575402578559
1983	10	22	0.0084888003988	0.3018039823517985	1.8074390261485052
1983	10	23	0.270872385136	0.2934205383975818	1.3618314893024952
1983	10	24	1.2807510847599999	0.2850370944433653	1.6180245608204469
1983	10	25	0.0012212830135199999	0.268270206534932	1.7523127368067422
1983	10	26	1.23829815	0.25988676258071536	1.7256078821826284
1983	10	27	6.71234526528	0.268270206534932	1.3267908267211037
1983	10	28	1.49222203072	0.2850370944433653	1.4148483809853987
1983	10	29	0.045913225887599995	0.2934205383975818	1.542052430666539
1983	10	30	0.0	0.2850370944433653	1.4123509659952416
1983	10	31	0.025366180220800002	0.27665365048914864	1.4891347667857848
1983	11	01	0.0008217452822840001	0.25988676258071536	1.5428462212244989
1983	11	02	1.5187839598400001	0.268270206534932	1.483694047862039
1983	11	03	1.8397681448799998	0.32695431421444837	1.1013993007130605
1983	11	04	4.2233024228	0.4275556416650479	1.0575706509942489
1983	11	05	0.004383522301280001	0.4275556416650479	1.3212138330026857
1983	11	06	0.27679941562000004	0.3940218658481814	1.3368558699803863
1983	11	07	5.368551957	0.3688715339855315	1.2348828685208002
1983	11	08	16.786966348399996	0.9808629426433451	0.9922630842346615
1983	11	09	17.060557146799997	2.08747754459994	0.8168104408209754
1983	11	10	6.0367366404	1.5341702436216424	0.7175232041971276
1983	11	11	5.706695895199999	1.1569152656818942	0.9025153810826176
1983	11	12	0.206766501656	0.8802616151927456	1.0605745409642113
1983	11	13	0.886653270152	0.7628933998337128	1.2225912939837393
1983	11	14	14.5697654028	0.8383443954216625	0.8033781325912804
1983	11	15	5.4238191086	1.3832682524457431	0.64973425774325
1983	11	16	1.3141148469200001	2.4647325225396877	0.8653812141544669
1983	11	17	1.26387467	2.01202654901199	0.7729833595523988
1983	11	18	2.2685118184	1.3665013645373099	0.974322323949091
1983	11	19	26.9452469924	1.274283481040927	0.6884922678838515
1983	11	20	51.92719562199999	5.943861763539587	0.5090467892954155
1983	11	21	3.5262068588799997	8.299609514674458	0.7002905963309881
1983	11	22	3.1720427013199997	4.459992183643244	0.7863525438589637
1983	11	23	2.0691233535999998	2.7162358411661867	0.6784868434721891
1983	11	24	1.7684775412	2.6659351774408866	0.7778675713948559
1983	11	25	0.296314119728	2.3808980829975215	0.8644931610506896
1983	11	26	1.5144859635199999	1.9701093292409069	0.7495189067954959
1983	11	27	6.41598451832	2.640784845578237	0.8774230630903374
1983	11	28	0.059752255851999996	2.3976649709059545	0.7471732326094068
1983	11	29	0.0016589971998	2.0707106566915066	1.130237847715721
1983	11	30	0.0020910083926	1.7940570062023578	1.223698365273324
1983	12	01	0.0238913563088	1.6180046831638086	1.042491652166009
1983	12	02	0.0012264092517199998	1.450335804079476	1.0224865613670708
1983	12	03	0.000813244464724	1.2910503689493602	0.9837102872581958
1983	12	04	0.00082741249716	1.1988324854529773	0.9062316833930069
1983	12	05	0.0	1.1569152656818942	0.9243551073170063
1983	12	06	0.0008188893358	1.1233814898650278	0.8325612514440627
1983	12	07	0.0008217453488399999	1.0814642700939445	0.9813815832003349
1983	12	08	0.0018894432613599998	1.0395470503228614	0.9079736796397933
1983	12	09	3.14385690088	1.0563139382312947	0.7057227411891575
1983	12	10	0.59460260418	1.3078172568577935	0.6568863753322471
1983	12	11	3.4189660317999997	1.3916516963999597	0.5560554022118338
1983	12	12	0.45825488916	1.5677040194385088	0.5825538416513313
1983	12	13	0.007327004282359999	1.2910503689493602	0.7054266957590629
1983	12	14	11.2119039592	1.5760874633927255	0.5126416028328229
1983	12	15	23.0562334892	3.1605583707396674	0.45584040742153215
1983	12	16	3.76316428408	3.6803318959010984	0.38948525811163326
1983	12	17	10.3193490164	4.283939860604695	0.36582278419672165
1983	12	18	50.893680776	40.827372057034964	0.6942555824823243
1983	12	19	15.3531314244	21.545450962336727	0.4115858833780597
1983	12	20	41.8379449596	24.56349078585471	0.5877392963422845
1983	12	21	12.8700982084	15.509371315300756	0.508432957361291
1983	12	22	28.9426695672	29.342053839758186	0.5905023986896494
1983	12	23	2.22031880896	20.79094100645723	0.9162203760345112
1983	12	24	0.00069211365716	10.311636063686448	1.0254220500760738
1983	12	25	0.000813244464724	7.318746572031113	1.0091164032832998
1983	12	26	0.00081041086204	5.994162427264887	0.9213744893947081
1983	12	27	0.00081041086204	5.206118695568524	0.9635579440135521
1983	12	28	0.0012241166827600001	4.602510730864927	0.9486922281515959
1983	12	29	0.00203590202128	4.099504093611929	0.8985763478122273
1983	12	30	0.0196176072904	3.571347124496282	0.7691702882363748
1983	12	31	0.00041370620104	3.3366106937782165	0.8236901746636708
1984	01	01	0.0100824847696	3.194092146556534	0.9837889670234414
1984	01	02	0.06111376342	3.018039823517985	0.714505967014339
1984	01	03	3.37507586776	3.0934908191059347	0.6417420526031911
1984	01	04	0.349162730876	3.0264232674722016	0.6033101410409808
1984	01	05	0.246509989196	2.7833033927999193	0.7100769080242806
1984	01	06	0.7038551814399999	3.0934908191059347	0.6126494354630264
1984	01	07	14.450025453999999	3.068340487243285	0.48989635991678865
1984	01	08	10.5729891784	3.7641663354432646	0.8192091321237736
1984	01	09	0.009913810948	3.3785279135493	0.6579135549166405
1984	01	10	0.0020483744255200003	2.8671378323420855	0.7012566048841522
1984	01	11	0.174268119624	2.590484181852937	0.7753912155514578
1984	01	12	0.77714046844	2.456349078585471	0.6462030777023674
1984	01	13	0.4089740219	2.3557477511348717	0.8410923356287694
1984	01	14	5.5662950624	2.414431858814388	0.5900496841997286
1984	01	15	0.25996531146	2.4647325225396877	0.6224405282691673
1984	01	16	0.0411800160804	2.2719133115927055	0.953519663807035
1984	01	17	2.3272298986	2.1964623160047556	0.627575295889498
1984	01	18	5.3226421036	2.3725146390433047	0.6067174649102138
1984	01	19	1.63027229576	5.49115579001189	0.6068691882390279
1984	01	20	17.660482471999998	6.312733297525119	0.4943425570949042
1984	01	21	5.3521169036	6.03607964703597	0.5710360954336487
1984	01	22	3.18786059044	4.870780937399858	0.7320767614052386
1984	01	23	8.6910507716	4.518676291322761	0.8354658078343539
1984	01	24	1.5385481443600002	4.459992183643244	0.6286380787537623
1984	01	25	8.3272575772	3.9234517705733802	0.6721010789721746
1984	01	26	14.3262617196	7.117543917129915	0.6654001813509165
1984	01	27	2.2556164983199998	5.398937906515506	0.6312536987466626
1984	01	28	0.010615588821599999	4.2755564166504785	0.8426832489567079
1984	01	29	8.7370276564	6.077996866807053	0.8000140040132403
1984	01	30	8.5890099648	5.675591557004655	0.896244774967138
1984	01	31	0.6820186332399999	4.988149152758892	0.6578909063903202
1984	02	01	7.56923294276	4.351007412238429	1.0280803435378432
1984	02	02	1.3357982212400001	4.317473636421562	0.8180844013741179
1984	02	03	0.856773049032	3.8144669991685642	1.0660073780249253
1984	02	04	0.06921123260400001	3.5042795728625493	0.965469583117175
1984	02	05	0.167566491396	3.2527762542360503	0.9658790781845508
1984	02	06	0.0012347267550400001	3.068340487243285	1.2140684620148288
1984	02	07	0.134893732644	2.925821940021602	1.1373515700191967
1984	02	08	0.9070174094719999	2.8755212762963023	0.9915427537572806
1984	02	09	0.228662959764	2.724619285120403	1.2233645928656283
1984	02	10	0.0008217452822840001	2.5653338499902874	1.3551197545984965
1984	02	11	0.0	2.439582190677038	1.5006883390132268
1984	02	12	0.00162082134376	2.3473643071806545	1.4897276544910871
1984	02	13	0.0029080427176000003	2.2970636434553553	1.4063456299987966
1984	02	14	0.0	2.1796954280963226	1.3954810733773013
1984	02	15	0.000815682449036	2.1126278764625894	1.2956736142210878
1984	02	16	0.0012404837539599998	2.08747754459994	1.4299464801128043
1984	02	17	0.00204019459804	2.0455603248288563	1.3309240014351156
1984	02	18	4.1653197864	1.9952596611035567	1.1455984748327366
1984	02	19	2.37999606588	2.2802967555469222	1.0395845845465512
1984	02	20	6.95705655956	2.1964623160047556	1.1004161087271473
1984	02	21	1.5924284590799997	2.7497696169830528	0.9343027068292697
1984	02	22	7.7293113422	2.338980863226438	1.0187445454461357
1984	02	23	10.1995187416	4.459992183643244	1.0554218034786893
1984	02	24	0.0172674711936	3.2779265860987	1.1023443296858528
1984	02	25	0.5007221810000001	2.5653338499902874	1.0493148072665723
1984	02	26	0.0131747611508	2.3557477511348717	1.0754908485703194
1984	02	27	0.0192880837804	2.229996091821622	1.0652171856358796
1984	02	28	1.3101714039199999	2.1545450962336727	1.1381343511838649
1984	02	29	2.337632126	2.146161652279456	1.1571227550059746
1984	03	01	0.00411370751	2.0287934369204232	1.3877695750421788
1984	03	02	0.0016533304318	1.9365755534240403	1.7472550101440913
1984	03	03	0.00122212047816	1.8862748896987407	1.9032718139462836
1984	03	04	0.0008132445312800001	1.8024404501565743	1.8324885057382827
1984	03	05	0.0	1.7102225666601916	1.9374512647975601
1984	03	06	0.00122695073232	1.634771571072242	2.069424534622463
1984	03	07	0.0012184492492	1.5760874633927255	2.162998638241452
1984	03	08	0.000419373482472	1.542553687575859	2.0184458912788648
1984	03	09	0.00082174525376	1.4922530238505591	1.9268784245127741
1984	03	10	0.0028564209332	1.450335804079476	1.7344326925230085
1984	03	11	0.000422901834716	1.4335689161710428	1.7768391291751433
1984	03	12	3.7190228236	1.4419523601252595	1.4509101691208597
1984	03	13	2.52861152544	1.475486135942126	1.1449940880275322
1984	03	14	3.69345942464	1.5006364678047759	1.365982274208528
1984	03	15	1.65651028732	1.4671026919879093	1.428245767960471
1984	03	16	2.42871363168	1.5341702436216424	1.3483125743318285
1984	03	17	0.027390066412	1.7353728985228414	1.7097514714022313
1984	03	18	2.07274884908	2.0204099929662065	1.6255854200373285
1984	03	19	1.38640264964	2.03717688087464	2.089992106791836
1984	03	20	1.81925606108	1.894658333652957	1.6818992737173042
1984	03	21	4.74181226528	1.7353728985228414	1.6601923716228486
1984	03	22	2.76815550696	1.584470907346942	1.5600292376531262
1984	03	23	19.546269717199998	4.325857080375778	1.6327649368945707
1984	03	24	13.102066786000002	6.3295001854335515	1.1593769625052293
1984	03	25	12.184122630800001	6.161831306349219	1.2387319168807185
1984	03	26	5.4899586582	4.962998820896242	1.4732726210044014
1984	03	27	35.319595791999994	8.634947272843124	1.6080236696137058
1984	03	28	26.428921707999997	11.485318217276776	1.3633721328404893
1984	03	29	13.8550252728	6.866040598503416	1.4945226238082931
1984	03	30	6.8101235406	6.673221387556433	1.4685144908932177
1984	03	31	29.9113246404	13.9165169639996	1.3015654150953704
1984	04	01	5.7949101683999995	8.324759846537109	1.7346646355068482
1984	04	02	5.1331073496799995	6.7989730468696825	1.7940372895311127
1984	04	03	6.149875565119999	7.27682935226003	1.3074027194348707
1984	04	04	1.3987717969999998	5.600140561416706	1.6794158127813312
1984	04	05	0.284089532	4.661194838544443	1.8756144154935175
1984	04	06	0.90344426504	4.158188201291446	2.8921301409349596
1984	04	07	0.00121844915412	3.739016003580615	3.168420035660638
1984	04	08	0.000405205459544	3.403678245411949	3.6702013714132016
1984	04	09	10.9931581572	3.3366106937782165	3.2290476247580644
1984	04	10	9.039260354	3.730632559626398	2.632131205448583
1984	04	11	5.156173567520001	3.546196792633633	3.1444985797152962
1984	04	12	6.81958789888	3.2360093663276173	2.964139562309271
1984	04	13	2.82419565896	2.8671378323420855	2.9470649206095225
1984	04	14	10.7296943296	3.328227249824	1.9441623724260366
1984	04	15	0.33869345306	3.0431901553806346	2.6279043018593637
1984	04	16	0.008891402396799999	2.68270206534932	3.0810338516174975
1984	04	17	0.001633861851	2.540183518127637	3.3558178288329303
1984	04	18	0.0024438935340000004	2.3641311950890884	3.5392617631318375
1984	04	19	0.0016264889674800001	2.255146423684272	3.794073970355579
1984	04	20	0.0012241166827600001	2.1126278764625894	3.7484652681662953
1984	04	21	0.12686400795999997	2.0036431050577734	3.638242403764412
1984	04	22	0.426800504544	1.9281921094698233	3.3843090868413075
1984	04	23	7.9919465476000005	2.8336040565252194	2.921709404591871
1984	04	24	6.4959350084	3.261159698190267	3.065404496234223
1984	04	25	7.7513466076	2.540183518127637	3.2270569611074684
1984	04	26	6.330684542199999	2.255146423684272	3.538883012097896
1984	04	27	1.17978962612	2.213229203913189	3.5974969515334045
1984	04	28	14.203886153200001	2.2970636434553553	2.829666314852014
1984	04	29	8.1457607914	2.03717688087464	3.261674431674496
1984	04	30	0.8412501551199999	1.9114252215613903	3.2292005359843
1984	05	01	21.5036845296	3.3785279135493	1.5220126230734332
1984	05	02	8.7029595416	4.71987894622396	2.0347989359227907
1984	05	03	0.70483859388	3.4539789091372493	2.6135315697270083
1984	05	04	9.934223673200002	2.858754388387869	1.761982166958743
1984	05	05	1.67956462016	2.976122603746902	1.9646659667136488
1984	05	06	0.6632563066799999	2.531800074173421	2.670189179349363
1984	05	07	0.251664523204	2.2719133115927055	2.9556040960718644
1984	05	08	0.465525124312	2.1377782083252392	3.6221028688536583
1984	05	09	0.0	2.0036431050577734	3.7379550734431044
1984	05	10	0.00122695054216	1.8359742259734408	3.8686961677664375
1984	05	11	0.00124067572048	1.743756342477058	3.3294228329914355
1984	05	12	0.00122695054216	1.676688790843325	3.3944741823791724
1984	05	13	5.650052936	1.5928543513011588	2.9382375363072706
1984	05	14	2.0984615236399997	1.5677040194385088	2.9300775115580167
1984	05	15	1.1463802255600002	1.5509371315300755	2.3848414436943135
1984	05	16	2.3383730844399997	1.5928543513011588	2.3658234066087225
1984	05	17	17.288424923999997	1.7605232303854912	1.9929322656985409
1984	05	18	8.0731800472	2.2048457599589724	2.2441531073739527
1984	05	19	4.3722552262	1.9784927731951234	2.515056537892164
1984	05	20	7.805622074800001	1.861124557836091	2.3690869638589436
1984	05	21	8.6353253344	2.0204099929662065	2.0216986086244417
1984	05	22	2.38812474032	1.8527411138818741	2.70189228800103
1984	05	23	7.8275351624	1.7940570062023578	2.310733313080278
1984	05	24	2.13123331772	2.1377782083252392	2.6256155780204855
1984	05	25	0.1573505067	2.01202654901199	3.470591972405938
1984	05	26	4.1538540892	1.785673562248141	2.4441620235811583
1984	05	27	0.004528372973160001	1.743756342477058	3.4026558015286312
1984	05	28	1.78892706236	1.584470907346942	2.9995691045907438
1984	05	29	0.854591913832	1.5257867996674257	3.529257424118986
1984	05	30	0.066879091348	1.450335804079476	4.123349793894908
1984	05	31	2.1885742592	1.3665013645373099	2.6848003428389378
1984	06	01	9.119194110000002	1.5509371315300755	2.2578045164331213
1984	06	02	19.871353942	3.194092146556534	2.077702547539842
1984	06	03	18.971286728400003	5.206118695568524	2.4247775169967554
1984	06	04	7.2560083316	5.331870354881773	2.638624528916258
1984	06	05	0.61415338164	3.730632559626398	2.7658600539245395
1984	06	06	1.83376935752	2.7833033927999193	2.7564120842185162
1984	06	07	0.192723518436	2.506649742310771	2.9476703520719734
1984	06	08	0.08159687254079999	2.263529867638489	3.9695654066116397
1984	06	09	0.4904247793	2.1126278764625894	4.342283762783312
1984	06	10	0.25384895768	1.9365755534240403	4.677834551907623
1984	06	11	0.00041370620104	1.810823894110791	5.10822749508969
1984	06	12	0.00041370620104	1.676688790843325	5.172237930439684
1984	06	13	0.00041370620104	1.5593205754842923	5.306072895686396
1984	06	14	0.00205321846628	1.4419523601252595	5.045730027530847
1984	06	15	0.06059486051679999	1.34135103267466	5.060089316784361
1984	06	16	3.03598978184	1.3078172568577935	4.355377580584757
1984	06	17	1.05380406228	1.274283481040927	5.032642764947198
1984	06	18	2.743999292	1.4251854722168262	4.56945601992068
1984	06	19	8.0017654592	1.4587192480336928	3.5971262165559863
1984	06	20	16.925837344	2.338980863226438	3.3510506575604464
1984	06	21	1.82039511948	1.9952596611035567	3.542388534243985
1984	06	22	0.099312590788	1.6515384589806752	4.644894776608965
1984	06	23	0.14123159429999999	1.450335804079476	5.149090175584686
1984	06	24	0.06084119283	1.299433812903577	5.23886915551609
1984	06	25	0.0	1.2155993733614106	5.62816093587165
1984	06	26	12.4177798292	1.1988324854529773	4.272487169706058
1984	06	27	7.38567330128	1.31620070081201	3.3410547359117273
1984	06	28	3.2437644928	1.5006364678047759	3.8376334075268423
1984	06	29	1.30700761692	1.6431550150264584	4.1857282225019485
1984	06	30	5.79555918448	1.3748848084915264	4.381739484148758
1984	07	01	3.86099589928	1.3245841447662268	3.0175596460988956
1984	07	02	0.00602394999676	1.3497344766288766	4.5698878415175175
1984	07	03	0.00565463522152	1.2491331491782771	5.356593713183111
1984	07	04	0.005006665021520001	1.1485318217276776	5.178610843040284
1984	07	05	0.00111383976112	1.0563139382312947	5.634888111006723
1984	07	06	0.08614411537599999	0.9473291668264785	4.8608329571993085
1984	07	07	0.173861414924	0.8551112833300958	4.2837524355013485
1984	07	08	0.0025587467511199997	0.8383443954216625	4.507307463498102
1984	07	09	1.1660878374800001	0.8131940635590126	3.655472220621452
1984	07	10	2.7809017416	0.8886450591469622	3.5102309929746625
1984	07	11	3.20479671544	0.9892463865975617	3.0895546697959904
1984	07	12	0.03325480048	0.9808629426433451	4.545037124941386
1984	07	13	0.0125910384084	0.8802616151927456	5.203941922005207
1984	07	14	0.0008970279814	0.8131940635590126	5.544485160279997
1984	07	15	0.0045940782924	0.7712768437879295	5.239057052252549
1984	07	16	0.00245325929432	0.737743067971063	5.580885065827241
1984	07	17	0.0	0.7042092921541965	5.804921390253916
1984	07	18	0.00177227246924	0.6790589602915467	5.292476993186196
1984	07	19	0.0067050905662	0.6622920723831134	4.769241085989536
1984	07	20	0.0102133718976	0.6455251844746801	4.489153753052034
1984	07	21	0.00287013546256	0.6371417405204635	5.149369477049178
1984	07	22	0.00123788531264	0.6119914086578137	5.290029624757628
1984	07	23	0.0014836646405600002	0.5784576328409471	4.898883203496218
1984	07	24	0.0051834824451199996	0.536540413069864	4.563298350435433
1984	07	25	0.010425602818	0.5113900812072141	4.217288976234954
1984	07	26	0.0006500181756599999	0.48623974934456426	5.415994784260079
1984	07	27	0.000818119349436	0.46108941748191445	5.6869825981350415
1984	07	28	0.000419373482472	0.4359390856192645	5.880003891953022
1984	07	29	2.07290601632	0.41917219771083125	5.618572345579075
1984	07	30	5.54348479992	0.3940218658481814	3.757021136091652
1984	07	31	0.76996026454	0.38563842189396474	3.519940187342102
1984	08	01	0.0020465271162	0.41917219771083125	4.91176607761664
1984	08	02	0.0017359188214	0.3940218658481814	4.749704261814911
1984	08	03	0.045578731595200005	0.3772549779397481	3.558536841446821
1984	08	04	0.00734853790568	0.3688715339855315	3.890062943913482
1984	08	05	0.00081349468676	0.35210464607709824	4.7886479629204795
1984	08	06	0.00041370620104	0.3437212021228816	5.130845197307847
1984	08	07	0.0	0.32695431421444837	5.039508048243614
1984	08	08	0.0	0.31857087026023173	4.809012077358652
1984	08	09	0.00081607810544	0.31857087026023173	4.665533544101043
1984	08	10	0.0	0.31018742630601515	4.736537833485776
1984	08	11	0.00043285832707599996	0.31018742630601515	4.750338648067532
1984	08	12	5.01267312672e-05	0.3018039823517985	4.991923128849364
1984	08	13	0.000156203528136	0.2850370944433653	4.41432312439686
1984	08	14	0.0097219937036	0.27665365048914864	4.523909949594555
1984	08	15	0.00174911031568	0.268270206534932	4.428309945976462
1984	08	16	0.0151555247588	0.268270206534932	4.225796795723588
1984	08	17	0.0008605376750760001	0.268270206534932	4.774226145402637
1984	08	18	0.0163358745012	0.268270206534932	4.732277721250442
1984	08	19	0.000419373482472	0.268270206534932	4.442380974227567
1984	08	20	0.79992596258	0.268270206534932	3.9191977588677616
1984	08	21	4.922117603599999	0.268270206534932	2.4399251423069246
1984	08	22	23.0637039248	0.31018742630601515	2.460592394460488
1984	08	23	2.1011615104	0.41917219771083125	2.395133285417366
1984	08	24	2.6743297072399996	0.41917219771083125	2.974782054348032
1984	08	25	0.0170298957484	0.38563842189396474	3.5500891924239295
1984	08	26	0.021525686992399998	0.335337758168665	4.029115996175007
1984	08	27	0.0047753536368800005	0.32695431421444837	3.653084641287971
1984	08	28	0.00081607810544	0.31018742630601515	4.018914005414421
1984	08	29	0.0	0.2850370944433653	4.2888927051238666
1984	08	30	0.000405205459544	0.2850370944433653	4.167875820211381
1984	08	31	0.0008104109571199999	0.27665365048914864	4.271520795799041
1984	09	01	0.0015299475878800001	0.268270206534932	4.161497919353761
1984	09	02	0.13409116236399998	0.25988676258071536	3.293873006473362
1984	09	03	0.0132831618588	0.2515033186264988	3.8277486828215537
1984	09	04	0.452423128836	0.2515033186264988	3.2970271408911054
1984	09	05	0.0272195242684	0.24311987467228213	3.144312176375957
1984	09	06	0.00041370620104	0.22635298676384888	3.622647538636848
1984	09	07	0.00122128291844	0.21796954280963224	3.897057466814128
1984	09	08	0.000809889481352	0.21796954280963224	3.4705755058836187
1984	09	09	0.023113824396	0.20958609885541563	3.517708810796161
1984	09	10	0.089861638788	0.20958609885541563	3.100370868037088
1984	09	11	0.000419373482472	0.20120265490119899	3.764911937080745
1984	09	12	0.0016300785227200002	0.20120265490119899	3.9142083953217868
1984	09	13	0.00134147012356	0.19281921094698237	3.2686214207099673
1984	09	14	0.002744954846	0.18443576699276576	3.4265950908158285
1984	09	15	0.00120180891808	0.18443576699276576	3.5546970961726356
1984	09	16	0.0016321556404	0.18443576699276576	3.587840602747091
1984	09	17	0.00041370620104	0.18443576699276576	3.2722583411931123
1984	09	18	0.0131239309074	0.18443576699276576	2.5519882130311706
1984	09	19	0.0271388051516	0.17605232303854912	3.114898068550971
1984	09	20	0.000486545753	0.18443576699276576	3.191710144490752
1984	09	21	0.07354153710799999	0.1676688790843325	2.41497439870241
1984	09	22	0.00454694552004	0.1676688790843325	3.1340515236517503
1984	09	23	3.58099509252	0.1676688790843325	2.219221475995416
1984	09	24	0.019657363090800004	0.1676688790843325	2.24754706610878
1984	09	25	0.00081607810544	0.1676688790843325	3.001703884334147
1984	09	26	0.0008172121245999999	0.1676688790843325	2.8593895071488453
1984	09	27	0.000815702510916	0.15928543513011587	2.804673720325346
1984	09	28	23.868263278400004	0.20120265490119899	1.3179256814796887
1984	09	29	0.96485952714	0.27665365048914864	1.7262604726238504
1984	09	30	7.1788975008	0.27665365048914864	1.8437168728944948
1984	10	01	12.3830461544	0.38563842189396474	1.4993950172020483
1984	10	02	28.141544503200002	0.49462319329878085	1.3261262869148807
1984	10	03	20.7435589124	0.6874424042457632	1.3939071953056281
1984	10	04	44.4774770032	9.892463865975618	1.4965835868289434
1984	10	05	4.383171836400001	3.8731511068480806	1.3969044081341597
1984	10	06	0.056243461563999994	1.8443576699276578	1.510453630828282
1984	10	07	0.00121772274292	1.2910503689493602	2.1960665905711108
1984	10	08	0.00041370624858	1.006013274505995	2.3463664588815565
1984	10	09	0.000405205459544	0.8802616151927456	2.3744575347293173
1984	10	10	0.00164348984196	0.7964271756505794	2.0802784137993595
1984	10	11	0.0	0.737743067971063	2.304304980387614
1984	10	12	0.000813073995792	0.6874424042457632	2.2655923119387524
1984	10	13	0.0024473842060399997	0.6455251844746801	2.2146788655922034
1984	10	14	0.0012337466703999998	0.6119914086578137	2.218973822994663
1984	10	15	0.0012308004264399998	0.5784576328409471	2.12747538334571
1984	10	16	0.0024453996012	0.5616907449325139	2.101840628580539
1984	10	17	0.0073464408212	0.5449238570240806	1.9549011898651185
1984	10	18	16.057946153200003	1.1233814898650278	1.1043286356832698
1984	10	19	23.271617262400003	4.141421313383013	1.4035197899481693
1984	10	20	0.0054349325344	1.9784927731951234	1.4452054439147484
1984	10	21	0.003027332938	1.3581179205830933	1.7599647439613926
1984	10	22	0.000405205459544	1.1233814898650278	1.8052632175528858
1984	10	23	0.081093380204	1.0143967184602116	1.88097868783868
1984	10	24	0.176866893724	0.9389457228722621	1.697032580880694
1984	10	25	8.7401111008	1.1988324854529773	1.0993952494511405
1984	10	26	8.084197917600001	1.4000351403541764	0.8442349331554908
1984	10	27	1.1189345278400002	1.4251854722168262	1.3650376781642246
1984	10	28	0.0038086903946000007	1.2323662612698438	1.8122402304547451
1984	10	29	0.0	1.0563139382312947	1.6798886969423656
1984	10	30	0.18083733944400002	0.9808629426433451	1.6216297127777863
1984	10	31	3.02306926556	0.9389457228722621	1.2104971709536767
1984	11	01	4.951475455200001	0.9808629426433451	1.0570010418194744
1984	11	02	12.751832475	1.5006364678047759	0.9834428035872177
1984	11	03	0.79873180532	1.4671026919879093	1.0487996406018514
1984	11	04	12.583704888000002	1.7186060106144079	0.7410375133031339
1984	11	05	4.11768594244	1.9617258852866901	1.0130755543350654
1984	11	06	16.880801751199996	2.9425888279300354	0.8706923383070415
1984	11	07	27.0727340596	4.334240524329995	0.563752119037992
1984	11	08	4.9295219586000005	3.177325258648101	0.9879961146832034
1984	11	09	3.8242860817599995	2.8755212762963023	0.9088171197881159
1984	11	10	0.0016585625891199999	2.489882854402338	1.1001991155459119
1984	11	11	0.000405205459544	1.9952596611035567	1.3933356772668173
1984	11	12	19.260479204	2.3305974192722214	0.7884363884851753
1984	11	13	0.18263246886	3.177325258648101	0.779799367282724
1984	11	14	5.82534080764	2.489882854402338	0.6133823769395826
1984	11	15	47.4817226156	5.449238570240806	0.8974377780873147
1984	11	16	0.24367651011600003	17.605232303854912	0.839355490930744
1984	11	17	6.3147410524	6.228898857982952	0.668294356033113
1984	11	18	23.9039791296	7.35228034784798	0.4915699465374351
1984	11	19	4.02308638168	12.07215929407194	0.5655745175949334
1984	11	20	3.6951231344799997	6.975025369908232	0.6259827815518352
1984	11	21	10.6264469576	7.712768437879293	0.5009022216205029
1984	11	22	10.9124618596	13.4135103267466	0.6416557584321729
1984	11	23	5.34536089912	20.036431050577733	0.558650838099246
1984	11	24	34.831217372	19.365755534240407	0.4446990577778295
1984	11	25	28.753608692	22.467629797300553	0.5056026063709321
1984	11	26	0.54089281544	17.940570062023575	0.9238180186429978
1984	11	27	0.0020430283623599998	9.976298305517783	1.0541357820513695
1984	11	28	0.0016352574352399998	7.469648563207013	1.0211157996654214
1984	11	29	10.2958110116	6.413334624975718	0.9124334678715658
1984	11	30	22.6782790796	17.521397864312743	0.6958989754221572
1984	12	01	5.8547925032	14.251854722168263	0.47350632411204924
1984	12	02	6.3362180080399995	10.311636063686448	0.5829964951040908
1984	12	03	1.9152006235199999	11.317649338192444	0.7228097059105453
1984	12	04	0.10381880280000001	8.291226070720242	0.5511001182409135
1984	12	05	5.11014467396	6.78220615896125	0.7235806325864985
1984	12	06	6.9751616931600005	7.704384993925078	0.4266871953159719
1984	12	07	0.0461662499312	6.572620060105834	0.7638478575472092
1984	12	08	0.014372777707999999	5.558223341645622	0.8887006742671631
1984	12	09	0.00163498940472	4.879164381354076	0.8274083032889826
1984	12	10	0.000405205459544	4.518676291322761	0.8108248467719038
1984	12	11	0.0	4.183338533154096	0.9201697966774222
1984	12	12	17.9871269596	4.77017960994926	0.7746285004431585
1984	12	13	4.9045644094	9.473291668264787	0.6301070603112543
1984	12	14	0.137683455908	5.424088238378157	0.634394150813014
1984	12	15	10.0394411028	9.473291668264787	0.657309259216767
1984	12	16	1.85599383212	9.640960547349119	0.732764788206152
1984	12	17	0.633793772	6.119914086578136	0.5458840043888312
1984	12	18	3.0472444014400004	5.734275664684171	0.5750742334676316
1984	12	19	0.00041370620104	4.8875478253082925	0.7246369816984749
1984	12	20	0.6275902774000001	4.418074963872161	0.6975990273844319
1984	12	21	0.23892596151999998	4.216872308970962	0.6602717459478664
1984	12	22	0.0197628562524	3.9318352145275974	0.8041579453779424
1984	12	23	0.044278717968	3.6887153398553156	0.8344388076917869
1984	12	24	0.7068893363679999	3.5210464607709824	0.747695267001941
1984	12	25	0.35030393808399996	3.3449941377324333	0.660217793343049
1984	12	26	4.8507277364000005	3.420445133320383	0.43968108641622144
1984	12	27	0.9852458676400001	3.730632559626398	0.5614535427946958
1984	12	28	3.01653441716	4.904314713216725	0.5639460496466983
1984	12	29	0.018831597094	5.424088238378157	0.7205205162894566
1984	12	30	0.0008217452822840001	4.007286210115547	0.8192121836993058
1984	12	31	0.000818415400032	3.4958961289083326	0.8213358498850837
1985	01	01	0.0	3.244392810281834	0.8229798342368728
1985	01	02	0.006705455198	3.1270245949228013	0.9518910957504513
1985	01	03	0.00582936839644	2.9845060477011183	0.6946566379110494
1985	01	04	11.698231503599999	3.4288285772745994	0.631979572736834
1985	01	05	3.66695635004	4.527059735276978	0.6114354534655873
1985	01	06	0.208991288084	3.4958961289083326	0.6375160057546
1985	01	07	0.000813244464724	3.0096563795637685	0.6104186042176808
1985	01	08	0.00041370620104	2.7833033927999193	0.5846593036714554
1985	01	09	0.0020458620316000002	2.5653338499902874	0.5677651634618461
1985	01	10	0.00121844915412	2.481499410448121	0.6198051686554003
1985	01	11	0.007429517921999999	2.431198746722821	0.6190692787021395
1985	01	12	0.027074797295599997	2.3305974192722214	0.5304348615826767
1985	01	13	0.0008217399292799999	2.2719133115927055	0.5840143829780142
1985	01	14	0.018437305088	2.2048457599589724	0.5430080755350272
1985	01	15	0.0536287919896	2.146161652279456	0.5127141000990588
1985	01	16	14.409089710799998	2.146161652279456	0.5077995637893183
1985	01	17	43.706578822	12.575165931324937	0.5948222588610633
1985	01	18	6.0660745251999995	15.593205754842925	0.5970390857814862
1985	01	19	13.9500225532	9.389457228722618	0.678845108458058
1985	01	20	19.0410735468	11.904490414987608	0.6581911192210843
1985	01	21	20.4715264752	17.521397864312743	0.48893112188855237
1985	01	22	6.1429172304	14.168020282626093	0.5356128092268955
1985	01	23	5.9439385604	15.928543513011586	0.7502583893688773
1985	01	24	0.649154174192	8.266075738857593	0.8296510050328612
1985	01	25	21.3270753312	12.407497052240604	0.6882939682417397
1985	01	26	3.20226720712	14.168020282626093	0.5906481545447027
1985	01	27	0.691157779888	8.09840685977326	0.8465747473565237
1985	01	28	1.31436481224	7.243295576443164	0.8058766012838485
1985	01	29	0.26477490473599996	6.170214750303436	0.8383468434800636
1985	01	30	0.0036720713688000004	5.516306121874539	1.2732776117203612
1985	01	31	0.00081041086204	4.954615376942026	1.2565166535511565
1985	02	01	0.0011735774792399998	4.5605935110938445	1.2985318467355125
1985	02	02	0.00127403035496	4.334240524329995	1.3202046901272273
1985	02	03	0.00162106874192	4.02405309802398	1.2470563998866173
1985	02	04	4.626756717920001	3.8228504431227806	1.271875687418713
1985	02	05	2.4182304912	4.116270981520363	1.0612299061177277
1985	02	06	10.2035777068	4.007286210115547	0.9924949592608362
1985	02	07	27.5530012048	7.260062464351597	0.8100160301472682
1985	02	08	41.4084695504	18.527411138818742	0.7638803095222968
1985	02	09	15.7863643952	27.66536504891486	1.0013683242580163
1985	02	10	17.767048136	19.8687621714934	0.847692233920329
1985	02	11	29.1942170184	16.76688790843325	0.7936733736994458
1985	02	12	33.253326740000006	18.611245578360908	0.8768404283973131
1985	02	13	8.5985436364	14.08418584308393	0.9066548167666766
1985	02	14	34.1490221752	20.958609885541563	0.5157582426609211
1985	02	15	17.461727240000002	26.324014016240202	0.9065634989959427
1985	02	16	7.9689961371999996	15.593205754842925	0.9837159681315494
1985	02	17	7.2456246447999995	13.329675887204434	0.9145556649856258
1985	02	18	0.577828505008	10.227801624144282	1.161006202503519
1985	02	19	0.00081041086204	7.905587648826277	1.2569333314733209
1985	02	20	0.0	6.849273710594982	1.3516318791464206
1985	02	21	0.04272574114839999	6.178598194257653	1.2540947453416154
1985	02	22	0.0	5.633674337233572	1.4228688634415632
1985	02	23	0.00122339645176	5.113900812072141	1.5154562242731515
1985	02	24	0.00122978440156	4.736645834132394	1.4428252687507073
1985	02	25	0.036477964939999996	4.476759071551678	1.5032282810714965
1985	02	26	3.51482464192	4.543826623185411	1.5489015620005573
1985	02	27	4.283264814960001	4.594127286910711	1.1906726060853614
1985	02	28	18.8975645488	7.813369765329894	1.3038792653220432
1985	03	01	2.34324099028	7.47803200716123	1.0007043778976732
1985	03	02	3.1903314344	5.516306121874539	1.0882423206848062
1985	03	03	13.1288764936	5.901944543768504	1.0660477476197114
1985	03	04	4.4913637487199995	6.539086284288968	0.9788090471532008
1985	03	05	1.6658122489599998	5.8600273239974205	1.3353454510919855
1985	03	06	0.0016397658436	5.28995313511069	1.6832670767274245
1985	03	07	0.7232312493999999	4.728262390178177	1.3474541157487643
1985	03	08	0.00222301917604	4.367774300146862	1.8022584091846892
1985	03	09	0.00244823431632	3.9234517705733802	2.17259261733113
1985	03	10	0.000804743656672	3.5964974563589323	2.176419564054288
1985	03	11	0.00041370620104	3.3701444695950826	2.1125122746788794
1985	03	12	0.00040662217056	3.244392810281834	2.0942351802223764
1985	03	13	0.000405205459544	3.018039823517985	1.954977884195942
1985	03	14	0.00123337756984	2.900671608158952	1.9550470569901284
1985	03	15	0.08130284144399999	2.791686836754136	1.6827727819260938
1985	03	16	0.40821818344	2.7330027290746197	1.612214749531504
1985	03	17	0.24618353201600005	2.6575517334866703	1.6205992878430076
1985	03	18	1.7699638317600002	2.6575517334866703	1.9154466390655622
1985	03	19	11.372921939200001	3.546196792633633	1.4528917124146654
1985	03	20	1.9947494006	3.7809332233516977	1.1739396631844914
1985	03	21	7.5075826904400005	3.4791292409999	1.3394315801209065
1985	03	22	5.805271036	4.543826623185411	1.3807028964851875
1985	03	23	0.72339107888	3.6551815640384486	1.5227927795796685
1985	03	24	5.41433288192	3.177325258648101	1.7588906929628918
1985	03	25	5.7854658720000005	4.158188201291446	1.3454122368833523
1985	03	26	19.9847910376	3.8312338870769977	0.9194976521113776
1985	03	27	1.28769097396	4.3090901924673455	1.6997057886886064
1985	03	28	0.00525261606392	3.4539789091372493	2.2822518914498353
1985	03	29	0.225195972152	3.076723931197501	2.140524224010386
1985	03	30	12.420822389200001	3.2108590344649675	1.951704398348978
1985	03	31	3.9786378127999993	4.434841851780595	2.0249578372480888
1985	04	01	0.96271124208	3.554580236587849	2.170193259513153
1985	04	02	0.0087152809588	3.269543142144484	3.3193680358072832
1985	04	03	0.834511778472	2.8671378323420855	2.8254467706305046
1985	04	04	25.829254049600003	4.937848489033592	1.9127523851462715
1985	04	05	20.3589973936	10.73080826139728	1.2857624867656763
1985	04	06	3.59208227624	9.305622789180454	1.997521872366633
1985	04	07	27.8832625356	13.078172568577935	1.7180557357227628
1985	04	08	24.858632722	13.665013645373099	1.5511286255036576
1985	04	09	10.121161412	11.233814898650277	1.8451789250827586
1985	04	10	1.7548687407999999	8.182241299315425	2.185135157802202
1985	04	11	0.12789747051199998	6.304349853570902	2.2211478824680113
1985	04	12	0.0198681583032	5.382171018607073	2.891798965039787
1985	04	13	0.12066057991599999	4.786946497857693	2.327293763536386
1985	04	14	0.0084718172092	4.384541188055295	2.786043057636853
1985	04	15	0.0	4.02405309802398	3.3300904170732295
1985	04	16	0.0	3.7557828914890483	3.752687656008666
1985	04	17	0.0016362095663600001	3.4791292409999	3.8244454257782423
1985	04	18	0.575773521952	3.2527762542360503	3.4145589927844573
1985	04	19	2.04526854224	3.1186411509685845	3.2427717203135327
1985	04	20	19.1866666984	3.059957043289068	2.5214026226072326
1985	04	21	18.456939107999997	4.107887537566147	1.9357709530328846
1985	04	22	3.1564049888	4.250406084787829	1.7237910908309555
1985	04	23	1.06098279244	3.445595465183033	2.315776574083855
1985	04	24	1.8775444747599999	3.076723931197501	2.3768905794055475
1985	04	25	1.1836186878800001	2.8755212762963023	3.3452540273264555
1985	04	26	0.21628836431999998	2.6659351774408866	3.020013714981614
1985	04	27	0.04137071043	2.4647325225396877	3.3320938019851
1985	04	28	0.026582939898399997	2.305447087409572	3.480182515987344
1985	04	29	0.002847168223	2.1880788720505393	3.9675255987964917
1985	04	30	0.00209462067196	2.0958609885541564	3.6814259472092186
1985	05	01	1.84162477204	2.0539437687830735	3.913084034621131
1985	05	02	4.30029383312	2.01202654901199	3.602961285004794
1985	05	03	0.229873223576	2.08747754459994	3.4113721748040318
1985	05	04	0.5086524234800001	1.9365755534240403	3.0647212356944573
1985	05	05	8.193452444	1.9114252215613903	2.2116334412463856
1985	05	06	3.1637923244799997	2.1126278764625894	2.2092349905953546
1985	05	07	0.91685567936	1.9868762171493402	2.748532904302622
1985	05	08	0.00121844915412	1.8359742259734408	3.4189173018988237
1985	05	09	0.20673027617599998	1.676688790843325	3.2328607467760526
1985	05	10	0.0426422143192	1.6012377952553754	2.5242671301848687
1985	05	11	0.047770369332	1.542553687575859	2.891273439242112
1985	05	12	0.14109814952000002	1.4838695798963426	3.275542309563131
1985	05	13	0.31375329399199997	1.4168020282626097	3.0811782035362767
1985	05	14	0.181710696784	1.3832682524457431	2.766129015068072
1985	05	15	11.6654241496	1.5928543513011588	2.0811852664680277
1985	05	16	0.09264919422800001	1.785673562248141	2.8849972807222213
1985	05	17	0.027919476606	1.5593205754842923	3.795704166429965
1985	05	18	0.9783789048000001	1.7605232303854912	3.5940451349323177
1985	05	19	4.94604391512	1.6599219029348917	3.604392310716517
1985	05	20	0.236594561888	1.4671026919879093	3.2045633172318815
1985	05	21	0.01851806604	1.3748848084915264	3.4857767357504796
1985	05	22	0.224061658244	1.2826669249951437	3.8853318032320243
1985	05	23	1.05185729928	1.207215929407194	2.963549535625012
1985	05	24	1.0294523628399999	1.1820655975445442	3.0735169634350434
1985	05	25	0.18868597476	1.1652987096361107	4.001680529856354
1985	05	26	13.2357606756	1.31620070081201	2.5737987093808505
1985	05	27	7.1653128507199995	2.883904720250519	2.67199380918117
1985	05	28	0.00638428922	2.263529867638489	4.097650541666662
1985	05	29	1.75858085416	1.6683053468891083	4.042927464257118
1985	05	30	19.3025549564	1.5341702436216424	3.1204060597539915
1985	05	31	18.305811349600003	2.3473643071806545	3.0693065622995186
1985	06	01	10.6069042144	4.820480273674559	3.3212955345030126
1985	06	02	13.9132941	3.7725497793974814	2.9624690771398625
1985	06	03	4.7812152238	3.6048809003131486	2.604388736871649
1985	06	04	0.7102706378839999	3.0096563795637685	3.7171599054551825
1985	06	05	12.0466854416	3.3114603619155667	2.8190271044244466
1985	06	06	3.45657559136	4.099504093611929	2.6813516874245145
1985	06	07	0.390931137176	3.1270245949228013	2.9630336755971984
1985	06	08	0.34798414772	2.531800074173421	3.7021419721615363
1985	06	09	0.0045888431876	2.238379535775839	4.369113490513403
1985	06	10	0.000405205459544	2.0287934369204232	4.994590022226183
1985	06	11	0.0	1.8359742259734408	5.204650315614658
1985	06	12	0.0024550925318	1.676688790843325	4.59428131114626
1985	06	13	0.00574186532164	1.5593205754842923	4.022606305693149
1985	06	14	1.12377295888	1.5090199117589924	3.971248331923158
1985	06	15	1.59966642408	1.5006364678047759	3.5844902133563794
1985	06	16	0.361469943124	1.5090199117589924	4.0505377380301795
1985	06	17	0.0042600594	1.475486135942126	4.80606229228811
1985	06	18	0.01136336735	1.408418584308393	5.337125549607787
1985	06	19	0.019599857756	1.31620070081201	3.5383611403022677
1985	06	20	0.0	1.2910503689493602	4.979078877935336
1985	06	21	0.87366240418	1.2491331491782771	3.4713982477463654
1985	06	22	0.057225908942	1.207215929407194	3.557935423015602
1985	06	23	0.0203426769116	1.1736821535903272	4.21568958210013
1985	06	24	0.0090810413584	1.1485318217276776	4.831618373539903
1985	06	25	0.00122922951468	1.0563139382312947	6.104665184826716
1985	06	26	0.24880304306399997	0.9976298305517783	4.916827875300694
1985	06	27	0.00285258388472	0.9221788349638289	5.293748516053803
1985	06	28	0.0112192574464	0.8551112833300958	5.544917630390574
1985	06	29	0.294494402624	0.8131940635590126	5.243068508585067
1985	06	30	0.00106892682152	0.7880437316963628	5.56563472443109
1985	07	01	1.09983809016	0.7964271756505794	4.985063867109369
1985	07	02	18.130820412800002	0.7880437316963628	2.4085053011813
1985	07	03	6.910789966	0.8299609514674459	2.659953930717588
1985	07	04	0.13273746086399998	0.8634947272843123	4.000081235279473
1985	07	05	0.263293082936	0.8299609514674459	5.537898198936961
1985	07	06	0.43276498704	0.7796602877421461	6.068743553748796
1985	07	07	0.028496098774	0.737743067971063	5.84042658458618
1985	07	08	8.9135446272	0.6958258481999798	4.125647734272945
1985	07	09	0.209192581952	0.67067551633733	4.202844262188983
1985	07	10	0.07624788947399999	0.6539086284288967	5.2112876887403985
1985	07	11	0.00419852048636	0.6371417405204635	5.387882809550921
1985	07	12	0.019045265624	0.6119914086578137	5.5257248416456095
1985	07	13	0.8420752593599999	0.5868410767951636	4.868745826468622
1985	07	14	0.00121519627716	0.5868410767951636	4.685819339704001
1985	07	15	0.0071911694764	0.5868410767951636	4.815807309922061
1985	07	16	0.0021305079524000002	0.5868410767951636	5.4737995022422075
1985	07	17	0.0143169457812	0.5700741888867306	5.516503621761676
1985	07	18	0.00464275763604	0.536540413069864	4.791753047171667
1985	07	19	0.084968755432	0.49462319329878085	4.8179770854463095
1985	07	20	0.00137265959628	0.46947286143613104	5.389307993988913
1985	07	21	0.0012283211203599998	0.4359390856192645	6.321098520377013
1985	07	22	0.87619918612	0.4107887537566146	5.980618963305142
1985	07	23	0.0008084923948480001	0.3940218658481814	5.5891368173192655
1985	07	24	0.48865253564000005	0.3688715339855315	5.453703925425071
1985	07	25	0.32134829389999997	0.35210464607709824	4.751771471462403
1985	07	26	0.0453918318884	0.335337758168665	3.8589162265935277
1985	07	27	0.00243056265244	0.31857087026023173	4.6108431149580875
1985	07	28	8.1538791972	0.335337758168665	2.3066362969552965
1985	07	29	1.44056145368	0.4275556416650479	2.9397923736200102
1985	07	30	0.169524635472	0.45270597352769776	3.420887271895179
1985	07	31	0.0033464149525600003	0.41917219771083125	4.352695275786453
1985	08	01	0.0008716099597600001	0.4443225295734811	4.821384894025944
1985	08	02	0.0016229642568	0.40240530980239797	5.3907996275004
1985	08	03	0.0090074627496	0.3772549779397481	4.967073482864612
1985	08	04	0.00082741249716	0.3604880900313149	5.305237057525001
1985	08	05	0.326104376152	0.35210464607709824	3.5118300218201646
1985	08	06	0.0090475427728	0.3437212021228816	3.7595146356532676
1985	08	07	0.0	0.32695431421444837	5.183505635456432
1985	08	08	0.0012135858121199998	0.3018039823517985	4.811169049132649
1985	08	09	0.338905272284	0.2850370944433653	3.951014856511145
1985	08	10	0.004554521494440001	0.25988676258071536	3.872904374967543
1985	08	11	2.17118659928	0.25988676258071536	3.5457181208926998
1985	08	12	0.222169271496	0.268270206534932	3.6727524367296334
1985	08	13	0.0030526974295999997	0.25988676258071536	4.0406389613701865
1985	08	14	1.30516658288	0.25988676258071536	3.229892819694608
1985	08	15	0.05796596887600001	0.2515033186264988	4.009505329789229
1985	08	16	0.0	0.2515033186264988	5.075138172896385
1985	08	17	0.00081607810544	0.24311987467228213	5.277252513894748
1985	08	18	0.00110945305516	0.23473643071806552	4.715659005602341
1985	08	19	0.0170966694816	0.23473643071806552	4.114075256680164
1985	08	20	0.00059599452784	0.22635298676384888	5.377176848389205
1985	08	21	0.00123493916376	0.21796954280963224	4.645446936205807
1985	08	22	0.00500284813	0.20958609885541563	4.769016199876692
1985	08	23	0.0165521425184	0.20120265490119899	3.932786631784237
1985	08	24	1.69936978416	0.20120265490119899	2.9815212851503445
1985	08	25	0.0524137969968	0.19281921094698237	3.068664600215704
1985	08	26	0.0	0.19281921094698237	4.18053244289098
1985	08	27	0.0	0.19281921094698237	4.691320399465205
1985	08	28	0.00041370620104	0.19281921094698237	4.462254464343792
1985	08	29	0.0016210030416400002	0.19281921094698237	4.348471172149758
1985	08	30	0.00128628483584	0.19281921094698237	4.491655938283336
1985	08	31	0.0180510273752	0.19281921094698237	4.2409180016892725
1985	09	01	0.00529913794728	0.20120265490119899	4.1604293865009385
1985	09	02	0.0494055295004	0.19281921094698237	3.9314337320055848
1985	09	03	0.376338525	0.18443576699276576	3.166888883645004
1985	09	04	0.00041370620104	0.1676688790843325	4.504311593060486
1985	09	05	0.00041370620104	0.15928543513011587	4.561326671770646
1985	09	06	0.00041370624858	0.15928543513011587	4.8139218678277444
1985	09	07	2.381447367	0.15090199117589925	4.573968887378277
1985	09	08	0.7048614511119999	0.134135103267466	4.082071438916245
1985	09	09	2.1734067172800002	0.134135103267466	4.036317030999555
1985	09	10	0.00113841955748	0.134135103267466	4.1153242608275
1985	09	11	1.2834383308000001	0.134135103267466	4.057744060566633
1985	09	12	2.0224398342399996	0.14251854722168264	3.9029118732151757
1985	09	13	0.132182279236	0.14251854722168264	4.071366072708057
1985	09	14	0.00122441589952	0.14251854722168264	4.343912680279814
1985	09	15	0.002814377508	0.14251854722168264	3.71916287990814
1985	09	16	0.0	0.14251854722168264	3.9031109830853086
1985	09	17	0.0028676075706000003	0.14251854722168264	4.104129922172152
1985	09	18	0.66079967718	0.14251854722168264	3.2316875688758295
1985	09	19	7.754742865200001	0.134135103267466	2.686464805110654
1985	09	20	0.456340472376	0.134135103267466	2.9824313504009368
1985	09	21	0.9477274898	0.134135103267466	2.7821484067336004
1985	09	22	0.13572029160799998	0.1257516593132494	3.284082853084206
1985	09	23	0.84942408764	0.1257516593132494	3.26922499202247
1985	09	24	0.0763558956	0.1257516593132494	2.87377983370346
1985	09	25	0.18590179465999998	0.1257516593132494	3.136774717063508
1985	09	26	0.0047006420548	0.1257516593132494	3.1883791944960493
1985	09	27	0.65558525228	0.134135103267466	2.842593822767892
1985	09	28	0.0131177236096	0.134135103267466	2.90642287814354
1985	09	29	0.0161591892388	0.134135103267466	3.268116866935416
1985	09	30	0.032653699966	0.134135103267466	3.1847262436545267
1985	10	01	2.88266168208	0.14251854722168264	2.1226459229532475
1985	10	02	0.022520446279600002	0.15090199117589925	2.192876491053073
1985	10	03	7.0693653408	0.15090199117589925	1.8703646497587638
1985	10	04	5.06464604156	0.1676688790843325	1.6326929012572642
1985	10	05	0.088536870132	0.18443576699276576	1.8064851984049874
1985	10	06	0.0264401392464	0.19281921094698237	2.1438607110452024
1985	10	07	2.4016485392	0.20120265490119899	1.6537721130938825
1985	10	08	0.0199118760872	0.20120265490119899	1.9714405909293242
1985	10	09	0.00081984165708	0.20120265490119899	2.3138870556203526
1985	10	10	0.00081607810544	0.20120265490119899	2.620476337671054
1985	10	11	0.0	0.20120265490119899	2.564188325306699
1985	10	12	0.00039887248500000005	0.19281921094698237	2.5136667247106135
1985	10	13	0.00161840878384	0.18443576699276576	2.536364126832425
1985	10	14	0.0	0.17605232303854912	2.6131845287110798
1985	10	15	0.00163085599188	0.1676688790843325	2.518896695018127
1985	10	16	0.0012320231552400002	0.15928543513011587	2.2798456843538926
1985	10	17	0.00081041086204	0.14251854722168264	2.298963366495203
1985	10	18	0.0016470587648400002	0.1257516593132494	2.084586387254429
1985	10	19	0.000810410919088	0.11736821535903276	1.985537576804282
1985	10	20	0.0013383332442	0.11736821535903276	1.8858071820785653
1985	10	21	0.00329271994876	0.11736821535903276	2.275349234065268
1985	10	22	0.00122128291844	0.11736821535903276	1.9896408665157541
1985	10	23	0.0016425403730800001	0.11736821535903276	1.8479583960472452
1985	10	24	0.00121963993604	0.11736821535903276	1.7721308051571998
1985	10	25	0.0061218871507599994	0.11736821535903276	1.7304488781767855
1985	10	26	0.00206986897096	0.11736821535903276	1.7026631290733627
1985	10	27	0.00015605879736	0.11736821535903276	1.720812543987088
1985	10	28	0.0028646577136	0.11736821535903276	1.6587277012507404
1985	10	29	0.000405205459544	0.1257516593132494	1.5447998108945786
1985	10	30	0.0095957189064	0.1257516593132494	1.542586018029263
1985	10	31	0.7154480006	0.1257516593132494	1.0417031828508423
1985	11	01	0.270655374544	0.15090199117589925	1.3821196951607833
1985	11	02	5.083425577599999	0.15090199117589925	1.1044980673742664
1985	11	03	7.23402526512	0.15928543513011587	0.9610098749536033
1985	11	04	40.1481499216	0.49462319329878085	1.149839254928829
1985	11	05	29.810498956	1.408418584308393	1.0411708662255934
1985	11	06	17.4665896312	1.9030417776071737	0.8579707106911967
1985	11	07	3.45567280676	1.114998045910811	0.8755772675471918
1985	11	08	2.8585935112	0.8048106196047959	1.1459687859529906
1985	11	09	29.804038270000003	1.9030417776071737	0.879510423529056
1985	11	10	14.8470063224	3.261159698190267	0.9155255828746357
1985	11	11	16.9664098816	1.6683053468891083	0.6435613001045613
1985	11	12	6.30508444236	1.9617258852866901	0.723166554342113
1985	11	13	0.000405205459544	1.3497344766288766	1.0220529515581112
1985	11	14	0.00081041086204	0.9640960547349117	1.003397284661167
1985	11	15	0.00204651599184	0.7964271756505794	0.9863462000411019
1985	11	16	0.0	0.737743067971063	0.975918132490568
1985	11	17	0.0032688666586800003	0.6874424042457632	1.0191427880629866
1985	11	18	0.00041370620104	0.6622920723831134	0.9582237423772318
1985	11	19	0.000405205459544	0.6287582965662468	0.8370001042374084
1985	11	20	0.00164357645984	0.5952245207493804	0.7485201101365616
1985	11	21	0.06742615694719999	0.5616907449325139	0.8183803709242048
1985	11	22	0.000405205459544	0.5533073009782973	0.760039025376343
1985	11	23	0.00040520547855999996	0.5533073009782973	0.770769371687599
1985	11	24	2.57633122664	0.5281569691156474	0.7417466524611939
1985	11	25	9.0013253356	0.5281569691156474	0.5678727926567096
1985	11	26	6.4436695324	0.603607964703597	0.3697266028066117
1985	11	27	0.174163037208	0.6874424042457632	0.7586081598112658
1985	11	28	0.00155928214488	0.6455251844746801	0.8051829410765662
1985	11	29	1.93419798784	0.8467278393758791	0.6497666430368089
1985	11	30	13.082719907600001	6.145064418440786	0.6560718854948364
1985	12	01	2.2429887333600003	3.8563842189396467	0.883711291880305
1985	12	02	0.00314326141484	2.3138305313637884	1.1927124167794605
1985	12	03	0.42037764136800004	1.6599219029348917	0.9572424648440256
1985	12	04	16.686387872	1.6096212392095919	1.0485049178150503
1985	12	05	12.4551415152	4.6695782824986605	0.5674896814579143
1985	12	06	0.566156655352	3.4707457970456828	0.6570142197161963
1985	12	07	13.726750943199999	3.2527762542360503	0.5227674866340545
1985	12	08	1.0739227050399998	3.621647788221582	0.6271575198208418
1985	12	09	0.717459674716	2.699468953257753	0.6552882328946801
1985	12	10	8.6303678632	2.255146423684272	0.4911360926772791
1985	12	11	0.017342010110400003	2.08747754459994	0.7090229824755128
1985	12	12	0.00048059032212000003	1.7772901182939245	0.8559096752155628
1985	12	13	0.0039775044592	1.6263881271180252	0.8693452892794286
1985	12	14	0.0018565675448399999	1.4922530238505591	0.9366916496662594
1985	12	15	0.0	1.4168020282626097	0.8703446599939966
1985	12	16	0.00081475330826	1.3245841447662268	0.8409104094563841
1985	12	17	0.0	1.2659000370867104	0.8541182204982347
1985	12	18	0.0032944250183999995	1.2155993733614106	0.7868600389289363
1985	12	19	0.00049150141768	1.1820655975445442	0.7407595324598181
1985	12	20	0.0038046200197999996	1.1233814898650278	0.8256641073258177
1985	12	21	0.4438417595	1.1066146019565946	0.6884221747202683
1985	12	22	24.661742959599998	1.8778914457445242	0.5979420504034657
1985	12	23	17.4381027124	2.5569504060360706	0.7223052222134448
1985	12	24	34.5762061564	10.563139382312947	0.5527515369029227
1985	12	25	21.761164022	14.922530238505592	0.5260504675538241
1985	12	26	14.2760842004	10.814642700939446	0.4101388713944574
1985	12	27	40.0425740404	26.8270206534932	0.5202143422566838
1985	12	28	2.2105732991200004	12.994338129035768	0.5614648405012453
1985	12	29	0.0041787640984000006	6.530702840334751	0.6503492080665644
1985	12	30	0.0018711629903999999	4.828863717628776	0.595150272307884
1985	12	31	6.70356339124	4.61927761877336	0.6243530912052829
1986	01	01	18.014460558	6.916341262228715	0.749146272434376
1986	01	02	16.304056929999998	12.575165931324937	0.32557215375641213
1986	01	03	6.5226363248	11.317649338192444	0.5712064123336029
1986	01	04	0.373811136964	7.436114787390145	0.671266951131136
1986	01	05	8.298986489999999	6.7235220512817335	0.6180629742954441
1986	01	06	2.6106448380000002	6.019312759127537	0.6288353721930867
1986	01	07	28.266983547200002	10.98231158002378	0.413566946159611
1986	01	08	2.71238081832	10.898477140481612	0.5935382842573428
1986	01	09	0.00285560790412	6.68160483151065	0.875783473210364
1986	01	10	0.13898635616399999	5.164201475797441	0.8475982584010694
1986	01	11	1.1258638631599998	4.736645834132394	0.5937125876216249
1986	01	12	0.012602716133999999	4.493525959460111	0.7227046336849677
1986	01	13	0.000810410919088	3.9486021024360305	0.9475635559578734
1986	01	14	0.039644647126	3.638414676130015	0.903371185606151
1986	01	15	0.311299545416	3.4372120212288158	0.5936776588635784
1986	01	16	0.07046095461600001	3.328227249824	0.8293815257553843
1986	01	17	0.0177181741636	3.0934908191059347	0.9704478912363778
1986	01	18	0.00470354418164	2.800070280708353	1.0379179489634405
1986	01	19	0.65943504148	2.6240179576698037	0.854250154319806
1986	01	20	0.60458167804	2.68270206534932	0.7905307323218735
1986	01	21	5.1874469007999995	2.5234166302192036	0.7287723911208196
1986	01	22	0.75296257524	2.5737172939445037	0.7162235713376458
1986	01	23	2.45530655688	2.5821007378987204	0.6215097504789642
1986	01	24	1.0025939742799999	2.63240140162402	0.9024502158105476
1986	01	25	0.00244662080872	2.4060484148601713	0.8560651931611453
1986	01	26	0.0008134208096000001	2.1964623160047556	0.8889684405716602
1986	01	27	2.8779516090399997	2.129394764371023	0.8655247002663715
1986	01	28	10.5621823856	2.1210113204168057	0.6854077948378349
1986	01	29	10.7196072924	2.7162358411661867	0.4622568043783562
1986	01	30	4.1137299488800005	3.4372120212288158	0.573713782238879
1986	01	31	1.1577105288399998	2.724619285120403	0.7349431285384472
1986	02	01	0.89132061424	2.5150331862649873	0.5291154857380944
1986	02	02	0.49366810071999995	2.4060484148601713	0.690160525801948
1986	02	03	1.2246052038000002	2.3892815269517382	0.6423119512895802
1986	02	04	2.796345586	2.2886801995011385	0.6777223262635445
1986	02	05	0.261201456048	2.2048457599589724	0.7459020388212384
1986	02	06	0.56997531536	2.162928540187889	0.7685035719758806
1986	02	07	6.8411448168	2.2719133115927055	0.6936305770746809
1986	02	08	0.60232286248	2.5569504060360706	0.6344784897390453
1986	02	09	9.16673848368e-05	2.213229203913189	0.8679447660973858
1986	02	10	0.340449742296	2.03717688087464	1.030012580986446
1986	02	11	2.9548728503199997	2.0539437687830735	1.2070170637010313
1986	02	12	19.573782066	2.5653338499902874	1.1429701578766815
1986	02	13	22.229158240799997	7.645700886245561	0.7341035276590709
1986	02	14	11.1769953372	10.143967184602117	0.9440977905784431
1986	02	15	12.000674328	8.064873083956392	0.8667458148986233
1986	02	16	29.799702622	15.006364678047756	1.1216383085995338
1986	02	17	26.273133128	34.12061689366167	0.9467717792182794
1986	02	18	1.6748427572	16.180046831638087	0.9221499542272237
1986	02	19	0.10952063630400001	8.333143290491325	1.0826928816266024
1986	02	20	15.713071026399998	7.075626697358832	1.0707488789547948
1986	02	21	9.8581359032	11.988324854529774	0.8004751084714334
1986	02	22	13.557724374800001	9.892463865975618	1.4028415413683615
1986	02	23	16.542769532	22.886801995011385	1.0140817588497764
1986	02	24	4.4378513936	12.826669249951436	0.906588429389906
1986	02	25	5.7206289184	8.886450591469622	1.0140030740082848
1986	02	26	16.4606603456	13.245841447662267	0.7178502368950692
1986	02	27	8.841932272800001	12.07215929407194	0.9772969111418981
1986	02	28	5.92816326712	8.383443954216625	1.6130845757316696
1986	03	01	9.991207018799999	7.22652868853473	1.2558196046150552
1986	03	02	0.78866273824	6.606153835922701	1.189204439729152
1986	03	03	0.00081657546892	5.566606785599839	1.601729665041718
1986	03	04	0.0	4.971382264850458	2.0684847131989472
1986	03	05	1.10499675064	4.535443179231194	2.0256098857057303
1986	03	06	0.3801840356	4.292323304558912	1.3836187883878077
1986	03	07	1.57227777436	3.9905193222071134	1.394988227604724
1986	03	08	0.0342348204656	3.8060835552143475	1.492883860986229
1986	03	09	0.40616407511999997	3.6048809003131486	1.546374537822372
1986	03	10	0.084001820356	3.5042795728625493	1.4211223940205349
1986	03	11	0.0006375996342399999	3.3198438058697834	2.047670470830985
1986	03	12	10.1079353086	3.420445133320383	1.4719214347740912
1986	03	13	2.60084608336	4.594127286910711	1.3220773841979632
1986	03	14	0.0026541810192	3.906684882664947	1.8734231060431235
1986	03	15	0.000419373482472	3.3785279135493	2.1795389033423733
1986	03	16	0.15838453973199998	3.1354080388770176	1.8738359035579513
1986	03	17	1.4172025796	2.925821940021602	1.9580161702488021
1986	03	18	8.0724545868	2.858754388387869	1.345014707562337
1986	03	19	0.028297856023199997	2.8503709444336525	1.941302910232972
1986	03	20	1.3558581996399999	2.6575517334866703	1.8861277055892667
1986	03	21	0.005448673496	2.531800074173421	2.2239239607254357
1986	03	22	0.00377642128848	2.3557477511348717	2.484657518701633
1986	03	23	0.168946159244	2.322213975318005	2.026626501647169
1986	03	24	3.6462894759999998	2.439582190677038	1.8782001398588803
1986	03	25	4.76060596824	2.590484181852937	1.24341109364412
1986	03	26	1.6061022941999998	2.68270206534932	1.7006769973902873
1986	03	27	7.14063664324	2.63240140162402	1.5905961581538892
1986	03	28	1.4604629337200001	3.1354080388770176	1.4865702110948051
1986	03	29	2.2370464235200003	2.640784845578237	1.6189180993801529
1986	03	30	0.24654373308799998	2.481499410448121	1.755681502004399
1986	03	31	0.300538429048	2.3557477511348717	1.9454059093533032
1986	04	01	0.211418205084	2.255146423684272	2.7121673553628423
1986	04	02	8.4074413936	2.1545450962336727	2.11998013711954
1986	04	03	1.06131319544	2.1210113204168057	2.026497592748284
1986	04	04	1.8819664554	2.01202654901199	2.0379412149498854
1986	04	05	0.510402313832	1.894658333652957	2.0078054421694373
1986	04	06	0.59596847592	1.8527411138818741	1.9391964859757902
1986	04	07	3.34655091696	1.8192073380650076	1.6459899778902025
1986	04	08	2.123709257	1.8778914457445242	1.7452448784242898
1986	04	09	0.0038335635127599997	1.894658333652957	2.194758985663667
1986	04	10	0.317812962784	1.7940570062023578	2.481990797499113
1986	04	11	9.9059639956	1.8695080017903074	1.581457049629547
1986	04	12	0.015003443347999999	2.2048457599589724	2.050040444927017
1986	04	13	0.0	1.9030417776071737	2.517983424781268
1986	04	14	0.116077757194	1.7269894545686246	2.3417303429412337
1986	04	15	9.933533392400001	1.919808665515607	1.49469458195415
1986	04	16	8.2736723908	2.60725106976137	1.5419073899635132
1986	04	17	4.330808427999999	2.08747754459994	1.899024549820746
1986	04	18	3.68479849236	2.5234166302192036	2.1217303104882377
1986	04	19	1.7917626332	2.3138305313637884	2.024806858801982
1986	04	20	0.8693359314000001	2.1796954280963226	1.9948581069048767
1986	04	21	16.917972326399997	4.250406084787829	2.297553167333907
1986	04	22	11.153487758	4.77017960994926	1.7795458853453665
1986	04	23	9.7017188444	6.4384849568383675	1.596635704456652
1986	04	24	3.3123688012400003	5.030066372529975	2.0746084493930876
1986	04	25	4.5052678676	3.7641663354432646	2.352189463591598
1986	04	26	1.3123897154000002	3.487512684954116	2.5025968267687917
1986	04	27	2.92129287624	3.1102577070143678	1.958160642132581
1986	04	28	0.028314113752400002	2.883904720250519	2.5705659722865812
1986	04	29	0.0	2.6575517334866703	3.1726195366502377
1986	04	30	0.00136129772644	2.506649742310771	3.804544902191771
1986	05	01	0.000405205459544	2.338980863226438	4.037516940699507
1986	05	02	2.74239595796	2.263529867638489	2.1338542537187437
1986	05	03	1.4891087312	2.3138305313637884	2.3973033657943503
1986	05	04	6.1166751504	2.858754388387869	2.112249305338707
1986	05	05	5.4481258352	3.3701444695950826	2.085534018397901
1986	05	06	5.69475251608	3.076723931197501	1.9996788193595982
1986	05	07	3.48136066544	2.9174384960673856	2.147040225191166
1986	05	08	0.40546190932	2.7497696169830528	3.340812364955901
1986	05	09	0.008850234658400001	2.422815302768605	4.612424184174091
1986	05	10	1.06437011252	2.2048457599589724	4.352105794432786
1986	05	11	0.040176633988	2.0707106566915066	4.639993007213601
1986	05	12	0.11054091696479999	1.9114252215613903	4.096451941234995
1986	05	13	0.37322341896	1.8275907820192243	3.215121774555286
1986	05	14	0.021179583432	1.6850722347975413	3.0655128639874256
1986	05	15	3.29294005896	1.810823894110791	2.7481909785144176
1986	05	16	0.8098591128	2.229996091821622	2.7287666473682535
1986	05	17	0.25149365493600007	2.213229203913189	3.544945991573559
1986	05	18	3.747428449	1.9952596611035567	3.905697994994312
1986	05	19	0.0087747126144	1.7605232303854912	4.044265714768626
1986	05	20	1.19297798276	1.634771571072242	2.8566834170428184
1986	05	21	0.0040650890175599995	1.584470907346942	3.8411971466767896
1986	05	22	0.07013609477999999	1.5174033557132092	4.763106048534807
1986	05	23	0.16056725326	1.4419523601252595	3.621593497968916
1986	05	24	0.000168021030844	1.408418584308393	4.93873666488077
1986	05	25	2.35248951696	1.3748848084915264	4.740063099510781
1986	05	26	0.149186167752	1.2910503689493602	4.307433873918061
1986	05	27	0.0075882378184	1.207215929407194	4.806084630903187
1986	05	28	0.0242617851364	1.1485318217276776	4.052759198691031
1986	05	29	0.0	1.0898477140481613	4.40458434692665
1986	05	30	0.00081041086204	1.0143967184602116	4.624969500789456
1986	05	31	0.000419373510996	0.9976298305517783	4.459940040486804
1986	06	01	0.00113198568404	0.9892463865975617	4.820357515033049
1986	06	02	0.0193120040068	0.9389457228722621	4.9886821091165
1986	06	03	0.000940804971716	0.8970285031011789	4.973109923281069
1986	06	04	0.00203987427352	0.8634947272843123	4.964908878510618
1986	06	05	0.0174221777632	0.8383443954216625	4.430298174877289
1986	06	06	0.000884180648196	0.8131940635590126	4.063742168352068
1986	06	07	0.0	0.7880437316963628	4.983494280534208
1986	06	08	0.0012167853491999998	0.7628933998337128	5.347366734543275
1986	06	09	0.0	0.7545099558794962	5.112244929733224
1986	06	10	0.1064263375712	0.737743067971063	4.167070420854429
1986	06	11	0.000419373482472	0.7209761800626298	4.857738526559887
1986	06	12	0.00041370620104	0.7125927361084131	5.409747996249481
1986	06	13	0.00164348984196	0.6958258481999798	6.08756404852159
1986	06	14	0.0012297843064799998	0.6539086284288967	5.992313964345793
1986	06	15	0.0008164881854799999	0.6287582965662468	5.411698145820759
1986	06	16	0.0022417943384	0.603607964703597	4.742922663110548
1986	06	17	0.015311627102799999	0.5868410767951636	5.354163997100966
1986	06	18	0.03812389482	0.5616907449325139	5.394045065002783
1986	06	19	0.100553099548	0.536540413069864	3.801043659171401
1986	06	20	4.8977790252	0.5868410767951636	2.8374390214764214
1986	06	21	8.4856446936	0.7125927361084131	2.8006092831077285
1986	06	22	20.532619178400005	1.2826669249951437	2.983210014635421
1986	06	23	0.5801549034319999	2.0036431050577734	3.251118780019297
1986	06	24	0.00257278170008	1.4251854722168262	4.574058978746062
1986	06	25	0.0030917870044400004	1.1317649338192446	4.714882948154146
1986	06	26	0.48267483702400005	0.9892463865975617	4.652979036397378
1986	06	27	0.00209689203808	0.8634947272843123	4.454558523554871
1986	06	28	0.0068411742916000004	0.7880437316963628	4.848624786009977
1986	06	29	0.37602628228	0.737743067971063	3.8560542951261354
1986	06	30	0.00098437341356	0.7125927361084131	4.9473665116178225
1986	07	01	0.00163498940472	0.6790589602915467	5.752283701879842
1986	07	02	0.093882020524	0.6455251844746801	5.054435908672665
1986	07	03	0.00141008394	0.603607964703597	5.987529934738083
1986	07	04	0.000419373482472	0.5784576328409471	6.221426251205143
1986	07	05	0.0012212830135199999	0.5533073009782973	5.420184041806726
1986	07	06	0.0085276034976	0.5197735251614307	4.970755507238838
1986	07	07	0.00202886039648	0.49462319329878085	6.410228971489672
1986	07	08	0.000810410919088	0.5030066372529975	6.311651429123184
1986	07	09	0.0040311286284	0.48623974934456426	6.003841223306185
1986	07	10	5.2179043526e-05	0.47785630539034757	5.559339314708178
1986	07	11	0.0434879908528	0.45270597352769776	5.344368523714889
1986	07	12	0.00081607810544	0.4275556416650479	4.762885345468074
1986	07	13	0.000405205459544	0.40240530980239797	5.571517947117861
1986	07	14	0.0	0.38563842189396474	5.9080391854549505
1986	07	15	0.00081607810544	0.3772549779397481	5.957704724843066
1986	07	16	0.0016397827678400001	0.3688715339855315	6.241600488913935
1986	07	17	0.00081041086204	0.3437212021228816	6.1754243637064645
1986	07	18	0.0014209422661600002	0.31857087026023173	5.602955468317801
1986	07	19	0.0008132445312800001	0.3018039823517985	6.085413695849386
1986	07	20	0.0	0.2934205383975818	6.446110691654777
1986	07	21	0.000405205459544	0.27665365048914864	6.187580951511306
1986	07	22	0.034734302328	0.268270206534932	5.002114871170752
1986	07	23	5.252907198880001	0.25988676258071536	3.180623438417524
1986	07	24	0.8622039806	0.25988676258071536	4.268907305109773
1986	07	25	0.225025512728	0.25988676258071536	5.032667634336294
1986	07	26	0.0	0.25988676258071536	5.126765362700787
1986	07	27	0.0031477037426	0.2515033186264988	5.729768242359822
1986	07	28	0.00297617666528	0.2515033186264988	4.93734847299502
1986	07	29	0.00041370624858	0.2515033186264988	6.04830770030886
1986	07	30	2.68415251712e-05	0.24311987467228213	5.155570842138811
1986	07	31	0.079093667152	0.23473643071806552	3.8747332754721775
1986	08	01	0.00046738922475999997	0.2515033186264988	4.824693818334141
1986	08	02	0.200030711184	0.23473643071806552	4.91463703108639
1986	08	03	1.31007679932	0.23473643071806552	3.2487063604189785
1986	08	04	0.0009404762135999999	0.22635298676384888	3.67420802100106
1986	08	05	0.00163782316904	0.21796954280963224	4.996269269577574
1986	08	06	0.046457076832000004	0.20958609885541563	4.834816060064383
1986	08	07	0.33399382931199995	0.20958609885541563	4.3058158319616675
1986	08	08	0.0021883146908	0.20958609885541563	4.434986603644638
1986	08	09	2.4495574496	0.20120265490119899	3.1979962014345165
1986	08	10	1.495292259	0.20958609885541563	3.2073906338506686
1986	08	11	0.33802004896	0.20958609885541563	3.831648523127901
1986	08	12	0.006420792999159999	0.20958609885541563	4.705425399144
1986	08	13	0.00192337274952	0.20958609885541563	4.676357230980333
1986	08	14	0.021265312313999998	0.20958609885541563	5.1293030168430915
1986	08	15	0.02183909159	0.20958609885541563	4.699671658147375
1986	08	16	0.0015419806274400002	0.20120265490119899	4.456478922334053
1986	08	17	12.784621288400002	0.19281921094698237	3.091967221647174
1986	08	18	6.542910233200001	0.25988676258071536	2.657774368021725
1986	08	19	0.062256915014000005	0.2850370944433653	4.098456179765914
1986	08	20	0.0012241166827600001	0.27665365048914864	4.225647464348633
1986	08	21	0.009585536789200001	0.268270206534932	4.501801324774818
1986	08	22	1.5253559845200002	0.2515033186264988	3.1103104414929597
1986	08	23	0.265935546296	0.24311987467228213	3.221041992804039
1986	08	24	0.00347055178088	0.24311987467228213	4.044597437091595
1986	08	25	0.6236142219599999	0.24311987467228213	3.2259962521037333
1986	08	26	3.5578625088399995	0.2515033186264988	3.0331862111762087
1986	08	27	0.0046793488888	0.2515033186264988	3.726393572569547
1986	08	28	0.00466872712168	0.2515033186264988	3.07334713032742
1986	08	29	1.6750110488e-06	0.24311987467228213	3.772263622680947
1986	08	30	0.0008105679056760001	0.22635298676384888	4.182716214833044
1986	08	31	0.613388624676	0.21796954280963224	3.951381675368905
1986	09	01	0.5037485774000001	0.21796954280963224	4.220945184259159
1986	09	02	0.019871082964	0.20958609885541563	4.084401661844421
1986	09	03	0.08880263774800001	0.20120265490119899	4.16396780967534
1986	09	04	0.071748138148	0.18443576699276576	4.3350615021429615
1986	09	05	0.071863203964	0.17605232303854912	4.127648623821714
1986	09	06	0.06620360499599999	0.1676688790843325	4.071425163363769
1986	09	07	0.008968217528799999	0.15928543513011587	3.999986478100336
1986	09	08	0.24723420404799998	0.15928543513011587	3.540291335275691
1986	09	09	4.41726685884	0.15928543513011587	2.5287287138065646
1986	09	10	6.181165062000001	0.17605232303854912	2.2634692621582797
1986	09	11	9.354002727200001	0.19281921094698237	2.4561942894723803
1986	09	12	5.9161618892000005	0.22635298676384888	2.0222582479409583
1986	09	13	27.1006172204	1.7521397864312747	1.3790865900365121
1986	09	14	11.1190859124	6.2540491898456025	1.9890023941053532
1986	09	15	13.3455162736	3.2946934740071336	1.8587659112124373
1986	09	16	9.626675052800001	2.1964623160047556	2.4810442783898043
1986	09	17	1.9882089424800002	1.634771571072242	2.238319595791567
1986	09	18	0.93610186804	1.2407497052240606	2.38044730632482
1986	09	19	0.49343962348000003	1.0143967184602116	3.172947407801174
1986	09	20	0.8163583632479999	0.871878171238529	2.626573783970326
1986	09	21	5.17023865684	0.7796602877421461	2.681829019571366
1986	09	22	16.1026841456	0.7209761800626298	2.018961288354979
1986	09	23	6.9413220556	0.6958258481999798	2.1804174618622736
1986	09	24	0.9682541208400001	0.8048106196047959	1.9193699051740385
1986	09	25	0.10627296972799999	0.7964271756505794	2.0123289646359455
1986	09	26	0.0016280511318800001	0.737743067971063	2.4241338617210784
1986	09	27	0.0	0.6874424042457632	2.708290693707048
1986	09	28	0.0	0.6371417405204635	2.882117344924119
1986	09	29	0.00081607810544	0.5952245207493804	2.6958485598688804
1986	09	30	0.0	0.5616907449325139	2.725092521411026
1986	10	01	0.0107921828072	0.6119914086578137	2.5860390795906514
1986	10	02	0.0020420578808	0.603607964703597	2.4457827935332777
1986	10	03	3.9928145260399996	0.603607964703597	2.185348295308598
1986	10	04	0.264862131128	0.6455251844746801	2.4435557505425844
1986	10	05	0.547627198728	0.6287582965662468	2.4000899275577394
1986	10	06	0.060850006745999996	0.6119914086578137	2.5603862736674405
1986	10	07	1.44355057872	0.5868410767951636	2.3126452059384035
1986	10	08	0.060988733219999994	0.5616907449325139	2.2055345541078255
1986	10	09	0.0075601727695599995	0.5449238570240806	2.3188033669296284
1986	10	10	2.36120664152	0.5030066372529975	2.360232096820654
1986	10	11	1.8344485139600002	0.5113900812072141	2.084855103939025
1986	10	12	0.48678944303999994	0.5113900812072141	2.110147189617755
1986	10	13	1.20092001516	0.5281569691156474	1.5794170804474634
1986	10	14	7.69657044912	0.5533073009782973	1.548427027618453
1986	10	15	5.16590110724	0.5533073009782973	1.6704758034105862
1986	10	16	0.175591737812	0.5784576328409471	1.803290979401241
1986	10	17	1.3565724406000002	0.5700741888867306	1.6722878128271723
1986	10	18	0.020330805222799998	0.5616907449325139	1.6840735155242674
1986	10	19	0.14268257214799998	0.5197735251614307	1.4824291675680512
1986	10	20	0.459524910752	0.49462319329878085	1.710425439885995
1986	10	21	0.12942199274	0.48623974934456426	2.0021078339071527
1986	10	22	3.27803550832	0.46947286143613104	1.5873530026216633
1986	10	23	6.27534779204	0.5784576328409471	1.2574447903816457
1986	10	24	17.9452204496	0.6622920723831134	1.0326516603711748
1986	10	25	1.08526232616	0.8131940635590126	1.1210628003805747
1986	10	26	0.0036371346982	0.7293596240168464	1.6069977221841851
1986	10	27	0.00081498791816	0.6539086284288967	1.6749484513143376
1986	10	28	0.0	0.5868410767951636	1.760841410968946
1986	10	29	0.04256546194	0.5616907449325139	1.7619808817812292
1986	10	30	0.00203875309016	0.5616907449325139	1.559997504775005
1986	10	31	0.000419373510996	0.5616907449325139	1.6442709214518012
1986	11	01	0.14248764864000002	0.5533073009782973	1.4703822827072588
1986	11	02	0.03358235393240001	0.536540413069864	1.488125082753242
1986	11	03	0.00163848207344	0.5197735251614307	1.4375762656600883
1986	11	04	0.0008142926932	0.5030066372529975	1.3835817560534083
1986	11	05	0.00082029243136	0.5030066372529975	1.4881679857042882
1986	11	06	0.0020350466816	0.48623974934456426	1.4578017834623007
1986	11	07	0.016348083724	0.48623974934456426	1.3961594686496772
1986	11	08	0.5092657465279999	0.48623974934456426	0.8959507899754962
1986	11	09	0.07851356505599999	0.48623974934456426	1.2540819933703053
1986	11	10	2.52890047356	0.48623974934456426	1.0112071562094025
1986	11	11	27.519047185999998	1.6180046831638086	0.6741763037303411
1986	11	12	2.23242496504	1.8778914457445242	1.0631729267480399
1986	11	13	26.480409429599998	2.976122603746902	0.5387228105682059
1986	11	14	43.978362149599995	6.790589602915466	0.8208913972862487
1986	11	15	0.090535622876	4.476759071551678	0.7827110085275901
1986	11	16	1.23554083	2.422815302768605	0.8945130557965807
1986	11	17	0.35383101625599994	1.9533424413324736	1.0175606437323914
1986	11	18	0.0016417128918399999	1.7186060106144079	0.9875999119318073
1986	11	19	0.008642495317199999	1.5174033557132092	0.8861427369694814
1986	11	20	0.9642371810000001	1.450335804079476	0.7629787197627909
1986	11	21	2.6410937326	1.4000351403541764	0.6569356855063456
1986	11	22	2.70827745076	1.450335804079476	0.836264040143901
1986	11	23	2.1939800326	1.4168020282626097	0.5684108249648563
1986	11	24	0.0250117172268	1.3581179205830933	0.9340821970794474
1986	11	25	0.00014488922682000003	1.2826669249951437	1.078321294960844
1986	11	26	0.107322063432	1.207215929407194	0.9588299020638811
1986	11	27	0.00204812407988	1.1485318217276776	0.9088348906199494
1986	11	28	0.0020389829936	1.0898477140481613	0.9769969845212332
1986	11	29	0.00040237185686	1.0563139382312947	0.9053452253341598
1986	11	30	0.0	1.0395470503228614	0.8635869926845374
1986	12	01	0.23167989570400002	1.0479304942770782	0.8030990714248576
1986	12	02	0.00163782316904	1.0143967184602116	0.8763742281456678
1986	12	03	0.0	0.9640960547349117	0.9352996002558698
1986	12	04	0.00041370620104	0.9557126107806951	0.8893642819407853
1986	12	05	0.00081607810544	0.9305622789180455	0.9285489808825579
1986	12	06	0.00565788049208	0.9137953910096122	0.8139766858858516
1986	12	07	4.2772536672	0.8886450591469622	0.7872231486279138
1986	12	08	21.363374973600003	2.5821007378987204	0.7888776979834566
1986	12	09	0.0517398756616	2.640784845578237	0.6293807541449294
1986	12	10	0.0024595684228000004	1.768906674339708	0.7327631151775551
1986	12	11	3.7378573158800004	1.4838695798963426	0.5697548190349845
1986	12	12	2.58704997536	1.408418584308393	0.5765196483087867
1986	12	13	19.204919206	2.925821940021602	0.5451015043993088
1986	12	14	0.103836088344	4.191721977108313	0.631519094042698
1986	12	15	3.267657146	2.63240140162402	0.7053314066091322
1986	12	16	0.133348673136	2.255146423684272	0.644712280029224
1986	12	17	0.0015821316754000001	1.9868762171493402	0.7332150702477419
1986	12	18	0.105857517668	1.8359742259734408	0.956628141942794
1986	12	19	0.8827084104599999	1.785673562248141	0.5504314187228792
1986	12	20	0.377609811156	1.743756342477058	0.4958852880491767
1986	12	21	5.65657570924	1.743756342477058	0.585835310181913
1986	12	22	0.00228372956256	1.8192073380650076	0.6249086469933731
1986	12	23	0.00082225973164	1.6263881271180252	0.5599658357323397
1986	12	24	0.00044656415661600005	1.4838695798963426	0.6829472566959647
1986	12	25	0.0011561789802	1.4251854722168262	0.6845592018009913
1986	12	26	0.2116937184	1.408418584308393	0.7349588669316133
1986	12	27	0.36933432368799995	1.408418584308393	0.7463060197514665
1986	12	28	0.0	1.4000351403541764	0.7827091241629778
1986	12	29	0.0016353781868400001	1.3497344766288766	0.810129223649973
1986	12	30	0.28748712072	1.31620070081201	0.6643021823231963
1986	12	31	0.32178979788	1.299433812903577	0.5825434676076857
1987	01	01	0.546788574112	1.3329675887204433	0.544752516294154
1987	01	02	0.70547876752	1.3497344766288766	0.8712256136469647
1987	01	03	0.00165616343548	1.299433812903577	0.8023369825159354
1987	01	04	0.0028651611622	1.2323662612698438	0.8296484376919222
1987	01	05	0.00202886039648	1.1736821535903272	0.8620258954026296
1987	01	06	0.0	1.1569152656818942	0.9199584360192679
1987	01	07	0.0010654655291999998	1.1317649338192446	0.874588435382793
1987	01	08	5.5145468216	1.1317649338192446	0.7039419215531921
1987	01	09	7.904706844400001	1.31620070081201	0.5955864797441729
1987	01	10	0.62728069692	1.542553687575859	0.5883389963815119
1987	01	11	0.00116969203504	1.3748848084915264	0.6782719823773484
1987	01	12	21.392676727999998	2.506649742310771	0.6318527294864291
1987	01	13	17.6721316736	4.77017960994926	0.7928943407877423
1987	01	14	1.16509111384	3.3198438058697834	0.43999154269345175
1987	01	15	4.1446427388	2.263529867638489	0.4117316629123606
1987	01	16	0.013947923186799998	2.079094100645723	0.584605926117947
1987	01	17	0.00224382030304	2.0036431050577734	0.7883342170673233
1987	01	18	0.0	1.9365755534240403	0.8404549320901165
1987	01	19	0.000814324868272	1.8527411138818741	0.8845006562494566
1987	01	20	0.00082531693396	1.8024404501565743	0.833573632445265
1987	01	21	0.0	1.7269894545686246	0.769497923959693
1987	01	22	0.00245390108432	1.6431550150264584	0.8302838568599287
1987	01	23	0.0428431982264	1.5928543513011588	0.939874863296074
1987	01	24	1.5124789198000002	1.542553687575859	0.9636390740577618
1987	01	25	3.1526675841599996	1.5593205754842923	1.0319198691973415
1987	01	26	24.4987663316	3.0096563795637685	0.7685432513216738
1987	01	27	12.48842522	5.407321350469723	0.6880890930615299
1987	01	28	10.524464624999998	7.301979684122681	0.8358900213227621
1987	01	29	5.5852882432	6.161831306349219	0.7464014296624484
1987	01	30	2.9482510988	4.12465442547458	0.8300468994328594
1987	01	31	1.0146234008	3.420445133320383	0.8912001792024545
1987	02	01	20.1601147544	3.839617331031214	0.7311366796625464
1987	02	02	5.47269479244	6.807356490823898	0.8145581638469468
1987	02	03	0.164153062348	4.283939860604695	1.1526430763657163
1987	02	04	0.00041370620104	3.3785279135493	1.159369455785446
1987	02	05	0.00081041086204	3.0348067114264183	1.2017645897279094
1987	02	06	0.0019969410896800003	2.8336040565252194	1.4529923893349235
1987	02	07	0.0008890536218	2.63240140162402	1.5039849728827093
1987	02	08	0.0020342669305200003	2.540183518127637	1.437632050409917
1987	02	09	5.9819753144	2.531800074173421	0.8334309613542414
1987	02	10	18.5337751576	2.791686836754136	0.6126426892408543
1987	02	11	14.0877678016	6.530702840334751	0.7312081006826066
1987	02	12	1.60243515368	5.901944543768504	0.9253209217188769
1987	02	13	2.0336746772	4.6695782824986605	1.2289384288926688
1987	02	14	0.167681909008	4.225255752925179	1.1580444516063537
1987	02	15	0.7563387709599999	3.5629636805420657	1.1678018987269088
1987	02	16	12.283454608400001	3.6300312321757984	1.0252337993599632
1987	02	17	6.8363166544	4.418074963872161	0.9770935967747153
1987	02	18	3.02938115136	4.007286210115547	0.9097633847795594
1987	02	19	0.29725560188800004	3.420445133320383	0.8789455969178177
1987	02	20	0.0475947717848	3.1354080388770176	0.9285812911523995
1987	02	21	0.00121756110692	2.925821940021602	1.0272881780716088
1987	02	22	0.00081607810544	2.7330027290746197	1.2948066275131724
1987	02	23	5.7636278976	2.68270206534932	0.955719278346889
1987	02	24	17.2045196764	2.976122603746902	1.4887447359549415
1987	02	25	7.31300945716	6.933108150137149	1.1458729989568845
1987	02	26	0.050505507168	4.342623968284212	1.7233254878709554
1987	02	27	4.45824548312	4.07435376174928	1.0658749507545686
1987	02	28	0.5960080292000001	4.283939860604695	1.792127308177804
1987	03	01	0.007024733838	3.462362353091466	2.3572608278122855
1987	03	02	0.00112899009356	3.076723931197501	2.148159982660486
1987	03	03	0.006643180650400001	2.8755212762963023	2.3136376458833956
1987	03	04	0.0085159999344	2.7330027290746197	2.31098931096312
1987	03	05	0.00163782326412	2.5821007378987204	2.4936434696540632
1987	03	06	0.0016387639856399999	2.4731159664939044	2.1744428093160795
1987	03	07	0.061483192956800006	2.3725146390433047	1.7289738356459667
1987	03	08	0.652174979888	2.338980863226438	1.744275688891047
1987	03	09	0.9732576582999999	2.3138305313637884	1.590728229059613
1987	03	10	0.041513572884000004	2.2216126478674054	2.2051451545352325
1987	03	11	0.90118640028	2.171311984142106	2.0326543324519464
1987	03	12	6.387531448	2.1796954280963226	1.728155915951824
1987	03	13	0.40831930102	2.5150331862649873	1.856352204281008
1987	03	14	0.0012297843064799998	2.1545450962336727	2.13299347123576
1987	03	15	0.00163118886696	1.9701093292409069	2.123990753398381
1987	03	16	0.00121844915412	1.8695080017903074	2.091617477562443
1987	03	17	0.00041370620104	1.8275907820192243	2.3096075160499376
1987	03	18	0.0017758609786	1.7772901182939245	2.219754963474391
1987	03	19	0.030570967812000003	1.743756342477058	1.618326132645843
1987	03	20	0.0453606646644	1.6599219029348917	1.7878816544086964
1987	03	21	3.2357948872	1.6934556787517583	1.4379045269475932
1987	03	22	1.3937950245600002	1.6850722347975413	1.6045045633430624
1987	03	23	4.9019672992	1.7353728985228414	1.2818449948167645
1987	03	24	19.6120441596	4.8875478253082925	1.132740529003899
1987	03	25	7.807892585199999	7.32713001598533	1.9101634551744866
1987	03	26	0.0026487003227599996	3.889917994756514	2.452152188253603
1987	03	27	11.7893419136	3.2192424784191838	1.8493939897106033
1987	03	28	8.132799961199998	4.283939860604695	1.7712160206647853
1987	03	29	0.329898961904	3.4958961289083326	1.526535432292825
1987	03	30	0.00147744469712	2.9174384960673856	2.3381647436794726
1987	03	31	0.00164818527268	2.5737172939445037	2.190472792415134
1987	04	01	1.30287163692	2.422815302768605	1.885595724731044
1987	04	02	28.339470637599998	3.4958961289083326	1.5434908802173453
1987	04	03	10.2648215872	5.616907449325138	1.1416003576307092
1987	04	04	11.047019075599998	4.5605935110938445	1.4388666791374265
1987	04	05	15.7786153752	9.305622789180454	1.811478426482024
1987	04	06	24.7032025936	13.9165169639996	1.827649714924128
1987	04	07	2.64216062528	16.76688790843325	2.291928770371607
1987	04	08	4.46792291568	7.32713001598533	1.8820936705413238
1987	04	09	3.944847807	5.818110104226338	1.7873385557156602
1987	04	10	2.66643569024	5.155818031843224	1.9020633656849844
1987	04	11	0.31436628425999996	4.6695782824986605	2.3089061415291687
1987	04	12	0.5720240992000001	4.17495508919988	2.5037616565401293
1987	04	13	0.0	3.864767662893864	3.530125798370438
1987	04	14	0.00081041086204	3.613264344267365	3.6775841810054732
1987	04	15	0.0	3.261159698190267	3.81726086663604
1987	04	16	3.1240188392	3.018039823517985	3.081714351942813
1987	04	17	2.87213394908	3.152174926785451	2.683863370251514
1987	04	18	0.143237420996	2.967739159792685	2.6453143942640667
1987	04	19	0.0305794793736	2.7162358411661867	3.1296477894830703
1987	04	20	0.7745148627640001	2.6240179576698037	3.4370578466315207
1987	04	21	2.43660812408	2.506649742310771	3.059780186321654
1987	04	22	0.25200250408	2.481499410448121	3.3699380518132966
1987	04	23	7.3718243288	2.338980863226438	3.384151027577434
1987	04	24	35.246349012399996	3.4539789091372493	1.8286578586316027
1987	04	25	2.6598493084799997	5.440855126286589	2.5639710226323857
1987	04	26	0.0130402828512	3.5126630168167665	3.9051620109419
1987	04	27	10.9962986496	2.925821940021602	3.706543464881901
1987	04	28	9.6890960236	3.1102577070143678	2.286161783778913
1987	04	29	2.5472426416	3.0012729356095518	2.6103101496027
1987	04	30	0.00389801063836	2.858754388387869	3.5238055815506453
1987	05	01	0.0113691738856	2.5150331862649873	4.027427068355125
1987	05	02	1.093567374	2.2970636434553553	3.701646570012079
1987	05	03	0.37857033784	2.162928540187889	3.462586054827085
1987	05	04	0.0	2.01202654901199	3.8541760891035777
1987	05	05	0.00203653924744	1.9281921094698233	3.7937258046126296
1987	05	06	0.0008160780769160001	1.8695080017903074	4.180363512017387
1987	05	07	0.000405205459544	1.8192073380650076	4.49094010895071
1987	05	08	0.45760748944	1.7269894545686246	4.697439251667988
1987	05	09	4.3545964932	1.676688790843325	3.7095977610290602
1987	05	10	11.976716069599998	1.7102225666601916	2.9512062342480947
1987	05	11	3.9037252315999997	1.9281921094698233	3.374576310620172
1987	05	12	0.0274649865996	1.894658333652957	3.7058399788539185
1987	05	13	0.032026423928	1.7605232303854912	3.3341932611788714
1987	05	14	0.00287995351844	1.584470907346942	3.9233399639596658
1987	05	15	0.0130919188976	1.5006364678047759	3.4215091056727274
1987	05	16	0.393223439912	1.4419523601252595	3.3455977237637615
1987	05	17	1.11913124836	1.4335689161710428	2.688356049688008
1987	05	18	0.0134771802052	1.3916516963999597	3.7947592484156285
1987	05	19	0.00143177292404	1.3581179205830933	4.216883755786106
1987	05	20	0.00081074497316	1.31620070081201	4.542795382189604
1987	05	21	0.00163498940472	1.2826669249951437	4.64728198130184
1987	05	22	0.30169368908	1.1904490414987607	4.347336862671537
1987	05	23	2.3114632576000003	1.1401483777734611	3.3340524640431615
1987	05	24	0.0173708840048	1.0814642700939445	3.0885891131384584
1987	05	25	0.73618190604	1.031163606368645	3.6224304131847695
1987	05	26	0.62061577908	0.9808629426433451	3.551138144831923
1987	05	27	0.69713949088	0.9808629426433451	3.551376050931941
1987	05	28	0.000824455319	0.9724794986891285	4.123908631002478
1987	05	29	0.0016264890625600002	0.9137953910096122	5.065522279776016
1987	05	30	0.0008217453488399999	0.8383443954216625	4.572188518973706
1987	05	31	0.00120166278012	0.8048106196047959	5.1202921394390915
1987	06	01	0.005802012169	0.7545099558794962	5.072842456320692
1987	06	02	0.27605489168	0.7125927361084131	4.52629524362075
1987	06	03	2.0606438339600004	0.6790589602915467	3.2941666478005205
1987	06	04	0.59942596504	0.6958258481999798	2.7998700522320483
1987	06	05	0.47204210718	0.7293596240168464	3.7524766463586627
1987	06	06	0.788431922032	0.7293596240168464	4.684386767136793
1987	06	07	2.8435375932	0.7545099558794962	2.8297402772381623
1987	06	08	2.3979048592800005	0.8551112833300958	2.5956071617653764
1987	06	09	6.270389465119999	0.8634947272843123	2.7950865232891005
1987	06	10	8.6791191824	0.871878171238529	2.7119639771102007
1987	06	11	2.66564234272	0.9054119470553955	3.352152770000713
1987	06	12	5.9180425716	0.8551112833300958	3.2571602580876085
1987	06	13	5.621757698480001	1.1988324854529773	3.2154196891950186
1987	06	14	1.46525372968	1.1233814898650278	2.707292315939996
1987	06	15	1.96218079248	0.9808629426433451	2.6637100716436413
1987	06	16	0.0028458889216	0.9389457228722621	3.960387515606219
1987	06	17	0.00163205799324	0.8467278393758791	5.030214178942379
1987	06	18	0.00202886039648	0.7461265119252796	4.836218096895081
1987	06	19	0.59783394552	0.6790589602915467	3.2038385370122886
1987	06	20	0.22924507755600002	0.67067551633733	3.9766472039393945
1987	06	21	0.0008217452822840001	0.6539086284288967	5.125318250138379
1987	06	22	0.000405205459544	0.6287582965662468	5.634654862738291
1987	06	23	0.1010371099928	0.5952245207493804	5.767966938707316
1987	06	24	0.14823573856400002	0.5700741888867306	5.692142714507659
1987	06	25	0.591954074716	0.5449238570240806	5.492925599006076
1987	06	26	0.00089820811436	0.47785630539034757	5.925914727810946
1987	06	27	0.000420102175592	0.45270597352769776	6.274333309745058
1987	06	28	1.02226602628	0.4359390856192645	6.00535220108918
1987	06	29	3.5091249762400003	0.4107887537566146	5.286500756077393
1987	06	30	1.14973531352	0.3940218658481814	5.089832471004788
1987	07	01	2.23656550888	0.38563842189396474	5.102879543480988
1987	07	02	3.3720735266	0.3688715339855315	5.293991502630769
1987	07	03	0.2175088112	0.35210464607709824	5.6676213669930515
1987	07	04	1.714337563	0.35210464607709824	5.5513623846449525
1987	07	05	2.58097217652	0.35210464607709824	4.749775807451541
1987	07	06	4.373113608440001	0.4359390856192645	4.493711750956306
1987	07	07	0.155603012364	0.5784576328409471	5.225624243940128
1987	07	08	0.07597055537599999	0.5449238570240806	5.591166274867764
1987	07	09	0.0128227521716	0.47785630539034757	5.963431490085389
1987	07	10	0.213909966644	0.4359390856192645	5.750707217201825
1987	07	11	0.0016264889674800001	0.4107887537566146	5.347258710748412
1987	07	12	2.20127352432	0.38563842189396474	5.608776573383101
1987	07	13	2.3110211356000003	0.3772549779397481	4.504935479737587
1987	07	14	1.5361208470399998	0.3688715339855315	4.389658495672963
1987	07	15	0.7015434063200001	0.3604880900313149	3.690590009210908
1987	07	16	7.4213562548	0.3772549779397481	2.0712399234139443
1987	07	17	3.4076841242400002	0.4107887537566146	3.5107267619778084
1987	07	18	0.70815431872	0.41917219771083125	3.312259170925597
1987	07	19	0.0025716943652	0.3940218658481814	4.302207852009318
1987	07	20	0.0003044832412	0.3772549779397481	4.906240644314997
1987	07	21	0.0	0.35210464607709824	5.330184792115785
1987	07	22	0.00069104020396	0.32695431421444837	5.184080714995846
1987	07	23	2.10247713236	0.31857087026023173	3.820913409545398
1987	07	24	0.55620487896	0.31018742630601515	4.253173809848597
1987	07	25	0.0024450791816	0.31018742630601515	4.899962121035882
1987	07	26	0.00123234728296	0.2934205383975818	5.354457287896093
1987	07	27	0.0	0.2850370944433653	5.861990037885466
1987	07	28	0.267022177584	0.268270206534932	6.040162895151148
1987	07	29	0.8406705474399999	0.25988676258071536	4.7547052604255
1987	07	30	0.0024020103186	0.2515033186264988	4.7614913863565365
1987	07	31	0.00164348984196	0.24311987467228213	5.82475990980087
1987	08	01	0.0008111383191199999	0.22635298676384888	6.054375050705173
1987	08	02	0.00081607810544	0.21796954280963224	6.282786075640815
1987	08	03	0.0	0.20958609885541563	6.186402121902278
1987	08	04	0.0093504134572	0.20120265490119899	5.7119281848517485
1987	08	05	0.268354105764	0.20120265490119899	4.765259085864063
1987	08	06	5.248390043160001	0.19281921094698237	2.980144056578794
1987	08	07	2.6301432739200004	0.19281921094698237	3.1843428457745135
1987	08	08	2.68165134264	0.19281921094698237	3.4817030927432424
1987	08	09	0.0158490059516	0.20120265490119899	4.5964368210376705
1987	08	10	0.19834113958400001	0.20120265490119899	4.911341056062583
1987	08	11	0.0	0.20958609885541563	5.459871170877778
1987	08	12	1.1258187952399998	0.20958609885541563	6.159717565957965
1987	08	13	1.18156448448	0.20120265490119899	5.516089936147741
1987	08	14	1.55863151244	0.20120265490119899	4.939861924556414
1987	08	15	2.30710830836	0.19281921094698237	4.495575256654208
1987	08	16	9.493315844800001	0.18443576699276576	2.57816683344607
1987	08	17	0.275073447396	0.17605232303854912	3.693464142770069
1987	08	18	0.00020592345582	0.1676688790843325	4.863602827704149
1987	08	19	0.00187141713924	0.1676688790843325	5.043928105213712
1987	08	20	0.221285978296	0.1676688790843325	4.884829389383709
1987	08	21	0.089671554852	0.15928543513011587	3.9840861274287627
1987	08	22	0.07984465653200001	0.15090199117589925	3.955604719292625
1987	08	23	0.174049587752	0.14251854722168264	3.509622143426324
1987	08	24	0.237723456236	0.134135103267466	2.887786604888189
1987	08	25	0.00177804715304	0.134135103267466	4.0608208010415305
1987	08	26	0.0	0.134135103267466	4.333302747787895
1987	08	27	0.00018484185232800002	0.134135103267466	4.380151213680463
1987	08	28	0.0	0.1257516593132494	5.005440983539408
1987	08	29	1.63186631196	0.11736821535903276	4.922354117550952
1987	08	30	12.564744985199999	0.1257516593132494	2.965105306111258
1987	08	31	11.89633829	0.1676688790843325	2.4666715033822717
1987	09	01	2.45614810996	0.1676688790843325	2.682402400550898
1987	09	02	0.56259330416	0.1676688790843325	3.350961719927824
1987	09	03	0.034655039836799996	0.1676688790843325	3.196822786168142
1987	09	04	0.14609417566000002	0.15928543513011587	3.722012309932535
1987	09	05	0.004781890767200001	0.15090199117589925	3.399247696073135
1987	09	06	0.0007952942829999999	0.15090199117589925	4.438149685781429
1987	09	07	0.0	0.14251854722168264	4.118927361892666
1987	09	08	0.0027933907848400005	0.14251854722168264	4.196270435736866
1987	09	09	0.0	0.134135103267466	4.041779050338857
1987	09	10	0.0	0.1257516593132494	4.1619878375515915
1987	09	11	0.0	0.11736821535903276	4.198465764202668
1987	09	12	0.0012372132872000001	0.10898477140481612	4.158534496391113
1987	09	13	0.000419373510996	0.10898477140481612	4.319889254365775
1987	09	14	0.000816092804808	0.10060132745059949	4.192073859696182
1987	09	15	1.5182026407200002	0.10060132745059949	3.982562531562919
1987	09	16	0.8352942488399999	0.10060132745059949	4.0922282379726616
1987	09	17	1.32760803004	0.10060132745059949	3.748166045518213
1987	09	18	0.0010463168926	0.10060132745059949	3.788244362102857
1987	09	19	3.6900299841199997	0.09221788349638288	2.961630966641468
1987	09	20	3.56150416792	0.08383443954216625	2.9317983473290123
1987	09	21	1.0906564047199998	0.08383443954216625	2.4688256408361062
1987	09	22	12.6905500872	0.08383443954216625	1.283031170823537
1987	09	23	1.10728532624	0.14251854722168264	2.1398254186799326
1987	09	24	6.768842657	0.15928543513011587	2.0542253523777685
1987	09	25	29.0537315644	0.23473643071806552	2.049539041120805
1987	09	26	29.1111247048	0.6119914086578137	1.430669901310705
1987	09	27	7.25299486608	1.475486135942126	1.9784895883935887
1987	09	28	0.20633391618	1.0227801624144282	2.4588740370799553
1987	09	29	0.23432940449200002	0.6790589602915467	2.6145798376983707
1987	09	30	1.36071146316	0.5449238570240806	2.1687313495133775
1987	10	01	1.84462720828	0.4275556416650479	2.0474797978936055
1987	10	02	5.47235317	0.38563842189396474	1.4806532747371604
1987	10	03	6.9936353568400005	0.47785630539034757	1.3036447631553187
1987	10	04	9.857175595200001	0.8551112833300958	1.4705513427609387
1987	10	05	2.05294197364	0.8048106196047959	1.587148726220056
1987	10	06	3.76037102384	0.6958258481999798	1.3190223216619283
1987	10	07	5.0401860460000005	0.6874424042457632	1.4160650018271312
1987	10	08	0.20726455922	0.7293596240168464	1.4053289247466827
1987	10	09	12.8265886496	0.6874424042457632	1.818943944647079
1987	10	10	4.4922152851999995	0.8215775075132292	1.168686078137295
1987	10	11	3.3871099532	0.8886450591469622	1.7482980335896343
1987	10	12	1.4921634614400001	0.7964271756505794	1.3454041796898177
1987	10	13	3.45431649056	0.7042092921541965	1.0728984055624642
1987	10	14	41.5896635064	2.791686836754136	0.9754234236710588
1987	10	15	75.973859406	36.30031232175798	1.5986419741663958
1987	10	16	14.0759417512	28.83904720250519	1.0650539028333903
1987	10	17	0.04587196402	6.975025369908232	1.545690531108635
1987	10	18	0.0012307986199199998	3.8228504431227806	1.8710651340319842
1987	10	19	18.7457179856	6.463635288701018	1.1948214947749256
1987	10	20	12.265916151599999	11.736821535903275	0.8618085745889368
1987	10	21	3.81321819928	10.143967184602117	1.0042070222478214
1987	10	22	3.3020827616000004	5.516306121874539	1.285511259940242
1987	10	23	3.48154084204	4.527059735276978	1.291047033003503
1987	10	24	1.73244298184	4.225255752925179	1.5098985807192922
1987	10	25	0.0077069528048000005	3.3198438058697834	1.552714045390382
1987	10	26	13.7242626996	2.967739159792685	1.5719095696842609
1987	10	27	23.209700215599998	4.954615376942026	1.2272239402280867
1987	10	28	0.089008818728	3.9905193222071134	1.2341128363275662
1987	10	29	0.46441498924799995	3.0515735993348514	1.0665168730221142
1987	10	30	32.959752978000004	9.305622789180454	0.5225498604475689
1987	10	31	5.005192232320001	12.07215929407194	1.1790594899878424
1987	11	01	4.01199434888	8.634947272843124	1.3665717887507705
1987	11	02	0.13530553363199999	6.019312759127537	1.6587993614801395
1987	11	03	0.6843382049200001	4.283939860604695	1.2289416436110623
1987	11	04	0.029334572212800003	3.663565007992665	1.5149046654528762
1987	11	05	0.0237169767364	3.2779265860987	1.3959188530784468
1987	11	06	0.147931967472	2.925821940021602	1.2330105177184087
1987	11	07	0.20039165388	2.6743186213951033	1.2217474905723604
1987	11	08	0.806655553836	2.5653338499902874	1.0748923363881784
1987	11	09	0.175995609128	2.481499410448121	1.035583789102322
1987	11	10	0.5449063323999999	2.3725146390433047	0.9088823378911155
1987	11	11	0.14755317826	2.3138305313637884	1.1683936945409796
1987	11	12	3.08001999872	2.3557477511348717	0.8678887044856798
1987	11	13	11.565669066000002	4.359390856192645	0.9682891281804381
1987	11	14	1.29117584612	4.443225295734811	0.7408299510724977
1987	11	15	1.0159907462800002	3.1605583707396674	1.0199085732610995
1987	11	16	0.19730963567999998	2.808453724662569	0.8012116269675382
1987	11	17	0.00157077712672	2.63240140162402	1.1477655407040828
1987	11	18	0.001629642676	2.422815302768605	1.223261343422657
1987	11	19	0.0	2.2216126478674054	1.1834398826700814
1987	11	20	0.00081041086204	2.146161652279456	1.2997000776874907
1987	11	21	0.00467648603	2.0707106566915066	0.9782352919621534
1987	11	22	0.437568447656	2.0455603248288563	1.0340639095781534
1987	11	23	5.225482704	2.146161652279456	0.7315066478422214
1987	11	24	1.7241694054799999	2.422815302768605	0.5842888258142185
1987	11	25	0.214659482284	2.422815302768605	0.7099480788374226
1987	11	26	0.06826535394479999	2.1377782083252392	0.6903363043650109
1987	11	27	0.0227638786528	2.0455603248288563	0.6953424948417678
1987	11	28	0.00081041086204	1.9868762171493402	0.7649309526428562
1987	11	29	0.00081607810544	1.894658333652957	0.7512713555639705
1987	11	30	0.0	1.8024404501565743	0.7846272460600888
1987	12	01	0.000810410919088	1.7605232303854912	0.7955730245438998
1987	12	02	2.6931685732	1.743756342477058	0.6821941095767113
1987	12	03	14.1340727124	2.9342053839758186	0.6939347130781748
1987	12	04	15.0288620352	6.13668097448657	0.5330346894341198
1987	12	05	16.3087434232	8.71878171238529	0.46657855419258987
1987	12	06	4.91592751528	9.892463865975618	0.6634521431626582
1987	12	07	2.43315729056	5.717508776775738	0.78794378323953
1987	12	08	0.27834612952	4.1665716452456625	0.7117840527311438
1987	12	09	0.412531278464	3.6048809003131486	0.6993936730897437
1987	12	10	42.152726315600006	12.994338129035768	0.7147410757545622
1987	12	11	0.436056352384	10.06013274505995	0.6914368682397399
1987	12	12	1.42120677872	5.558223341645622	0.7482532221686901
1987	12	13	19.5634012316	10.06013274505995	0.4781122244095527
1987	12	14	8.3563282872	8.634947272843124	0.48556115144485135
1987	12	15	7.670883541240001	8.802616151927456	0.6873821211670008
1987	12	16	7.1658553772	9.13795391009612	0.4523965615698991
1987	12	17	7.996800381600001	16.012377952553756	0.4905780705559106
1987	12	18	3.66511065708	8.199008187223859	0.7003813928928502
1987	12	19	0.00494813453416	6.413334624975718	0.8825652670680457
1987	12	20	0.00208051679	5.524689565828756	0.9568318473661499
1987	12	21	0.00041370620104	5.030066372529975	0.9080771496169365
1987	12	22	0.00148362632332	4.661194838544443	0.8229526543159167
1987	12	23	0.061804937972	4.359390856192645	0.714269595573575
1987	12	24	0.12896566578799998	4.116270981520363	0.7540326941835138
1987	12	25	0.9992578072400001	4.300706748513129	0.5491106823014379
1987	12	26	0.16529816783600002	3.9486021024360305	0.8474445708881104
1987	12	27	0.00241708734436	3.663565007992665	0.7954988637093648
1987	12	28	0.00285343960472	3.445595465183033	0.8639139065076159
1987	12	29	0.0	3.3366106937782165	0.8567439729884726
1987	12	30	1.3169568832	3.261159698190267	0.8646084163332621
1987	12	31	19.1256728784	6.430101512884152	0.5982929444480092
1988	01	01	0.79160988546	4.828863717628776	0.6676544487360988
1988	01	02	8.5918509552	4.946231932987809	0.6667764331256724
1988	01	03	7.6300093148000006	6.069613422852837	0.48382082902235324
1988	01	04	4.50737417484	5.8935610998142876	0.5435715212161794
1988	01	05	43.599390384	17.68906674339708	0.7332180302639305
1988	01	06	9.629946755599999	21.126278764625894	0.3675618978718079
1988	01	07	0.04580284086	9.473291668264787	0.6520224436036111
1988	01	08	0.0694272315448	7.939121424643144	0.7247551902662558
1988	01	09	0.0142484054616	7.142694248992564	0.7876410934814104
1988	01	10	3.2993154581999997	6.2205154140287355	0.5884055991446218
1988	01	11	0.06290924463200001	6.0025458712191035	0.6850269552714893
1988	01	12	8.102856416800002	5.767809440501038	0.5436041609538188
1988	01	13	16.2746097032	14.08418584308393	0.5119457996445171
1988	01	14	13.670986523200002	9.054119470553957	0.5034215410047647
1988	01	15	5.62387988408	9.557126107806953	0.5639303556563605
1988	01	16	0.06513415466400001	7.754685657650378	0.8026387468776113
1988	01	17	0.00124996484632	6.430101512884152	0.9588183374867469
1988	01	18	0.609916550284	5.658824669096222	0.9578730929887656
1988	01	19	8.367310027199999	5.885177655860071	0.6813459646173557
1988	01	20	1.85559715836	5.49115579001189	0.640299498773099
1988	01	21	0.7300293362879999	4.921081601125159	0.6346304421172919
1988	01	22	0.9317916064	4.694728614361309	0.6243622110244295
1988	01	23	2.88919054044	4.543826623185411	0.687924475101729
1988	01	24	15.7512922356	6.086380310761269	0.41937089357420887
1988	01	25	6.630788874	11.988324854529774	0.6888792654281004
1988	01	26	23.863130860000002	10.227801624144282	0.762648754413281
1988	01	27	15.413242902	18.024404501565744	0.6179992612765999
1988	01	28	4.084164632719999	11.233814898650277	0.6579854087938544
1988	01	29	33.5015311784	18.27590782019224	0.8639726967803427
1988	01	30	6.1515404159200004	15.006364678047756	0.6871138125812786
1988	01	31	4.5154749908400005	10.06013274505995	0.8607724525771459
1988	02	01	18.2511127764	16.51538458980675	0.8045762973922663
1988	02	02	1.2241260006	11.317649338192444	0.7374681268427242
1988	02	03	16.3559677576	11.652987096361109	0.6107354732748106
1988	02	04	10.4755084084	16.850722347975417	0.8123569506445714
1988	02	05	19.165470514	13.162007008120101	0.6829717857532315
1988	02	06	16.8287758768	22.551464236842722	0.7420058330719046
1988	02	07	1.08628339028	12.155993733614107	0.937949286272235
1988	02	08	1.7122241247599999	10.814642700939446	0.9548070463563977
1988	02	09	2.0941664748	9.305622789180454	1.0440006778008435
1988	02	10	0.357106674384	7.821753209284111	0.973698515768234
1988	02	11	7.30288724036	7.4109644555274965	0.9070481934800526
1988	02	12	0.013764780090799998	7.712768437879293	1.063845662325165
1988	02	13	0.0012324546282799999	6.371417405204635	1.3479494244362893
1988	02	14	0.00041370620104	5.742659108638388	1.6628800681302753
1988	02	15	0.11270080558800001	5.26480280324804	1.4880457618864276
1988	02	16	0.00121844915412	4.820480273674559	1.3838398733152837
1988	02	17	0.00168340547184	4.518676291322761	1.3337504952298251
1988	02	18	0.00081041086204	4.225255752925179	1.4336647514914118
1988	02	19	0.0	3.956985546390247	1.4994457880148298
1988	02	20	0.00122695054216	3.739016003580615	1.578024211766631
1988	02	21	0.318247744608	3.554580236587849	1.478648867859414
1988	02	22	5.59686651512	3.7641663354432646	1.4554676816242063
1988	02	23	3.0937995628	3.7054822277637482	1.465235950403737
1988	02	24	0.0028764529580799997	3.5964974563589323	1.3087674618460035
1988	02	25	0.0011361403947999999	3.2527762542360503	1.21416238136306
1988	02	26	0.00148415705988	3.0431901553806346	1.169914775128858
1988	02	27	0.148377911688	2.900671608158952	1.06946079714978
1988	02	28	0.0019886257732	2.800070280708353	1.4707574534105046
1988	02	29	0.00308840938252	2.724619285120403	1.3889030417679147
1988	03	01	0.0	2.506649742310771	1.5351061662114998
1988	03	02	0.0020980410798800003	2.422815302768605	1.4670558602723156
1988	03	03	0.008631632427200001	2.3808980829975215	1.6562379460503411
1988	03	04	0.29317376043999993	2.2886801995011385	1.3194920609153202
1988	03	05	1.0324297930400002	2.229996091821622	1.2302647338435075
1988	03	06	0.06453725193200001	2.1964623160047556	1.3957703673139878
1988	03	07	0.0	2.1042444325083727	1.9937020724409273
1988	03	08	0.0008189116796	2.0036431050577734	2.070279622379312
1988	03	09	0.00163782326412	1.9365755534240403	2.0807537835416396
1988	03	10	0.00083411340278	1.9030417776071737	1.9842914655038824
1988	03	11	0.00205364490008	1.8695080017903074	2.434932284329087
1988	03	12	0.00081041086204	1.8024404501565743	2.322283494896968
1988	03	13	0.00203723200032	1.7353728985228414	2.077108078178464
1988	03	14	0.00245230202888	1.6850722347975413	2.1490587169501465
1988	03	15	0.5610144056799999	1.676688790843325	1.9789232010147437
1988	03	16	1.4718767172399998	1.6515384589806752	1.5837689549708152
1988	03	17	1.08657129252	1.6012377952553754	1.4622597770463541
1988	03	18	0.1178265436672	1.542553687575859	2.5056375140352483
1988	03	19	0.0280863648252	1.4838695798963426	2.364662692932441
1988	03	20	0.059036902456	1.4419523601252595	2.5646448902264702
1988	03	21	4.7639510728	1.4335689161710428	1.8255335218712931
1988	03	22	1.4673453946000001	1.4671026919879093	1.742899783855393
1988	03	23	0.182074510896	1.4671026919879093	2.50876179236413
1988	03	24	0.0115883751208	1.4251854722168262	2.9485915002369705
1988	03	25	0.17590341956	1.3497344766288766	2.369936905482302
1988	03	26	0.30151474852	1.3245841447662268	2.122876467408619
1988	03	27	0.004790643832	1.3245841447662268	2.729725001433209
1988	03	28	0.00081041086204	1.2826669249951437	2.7435937564598936
1988	03	29	4.100064100479999	1.2491331491782771	2.2282495632553263
1988	03	30	3.9898477447999996	1.31620070081201	1.450987191840166
1988	03	31	0.713018582996	1.31620070081201	1.7495768400698917
1988	04	01	0.00662503244556	1.274283481040927	2.2399735378886767
1988	04	02	10.4565076212	1.34135103267466	1.5908260199674031
1988	04	03	3.05871760996	1.4419523601252595	1.8718340382445264
1988	04	04	1.8322350515599999	1.31620070081201	1.9975257144653313
1988	04	05	3.68244279028	1.2910503689493602	2.1378476560037782
1988	04	06	1.49973886536	1.3665013645373099	2.161539932735642
1988	04	07	1.255224767	1.3078172568577935	1.711787798474235
1988	04	08	1.57205424128	1.2407497052240606	2.019535361668698
1988	04	09	2.1072646956	1.2407497052240606	2.166170235605135
1988	04	10	1.63169526304	1.1736821535903272	2.3477066793234047
1988	04	11	15.1502449664	1.34135103267466	2.1007057250762537
1988	04	12	11.1052127896	2.171311984142106	1.93260635211403
1988	04	13	5.8150823412	2.481499410448121	1.283066625391209
1988	04	14	0.9060522143599999	2.129394764371023	2.720581048570362
1988	04	15	0.363090962044	1.7605232303854912	3.3011405114843435
1988	04	16	0.75884674366	1.5593205754842923	2.5803913769688163
1988	04	17	14.789384989999999	2.3725146390433047	2.111325798864271
1988	04	18	34.567389388	7.285212796214247	2.2123527956442195
1988	04	19	4.7631714168	5.591757117462489	2.2260388119911694
1988	04	20	0.000817224836796	3.168941814693884	3.1352014458706576
1988	04	21	1.07402501112	2.4982662983565542	3.256011106351265
1988	04	22	6.981693023599999	2.4060484148601713	2.1409775784241116
1988	04	23	1.09997880856	2.5569504060360706	2.190434961056046
1988	04	24	5.08812956552	2.238379535775839	2.329756688295109
1988	04	25	5.3327652711999995	2.1210113204168057	2.0466133732333764
1988	04	26	0.00081041086204	2.06232721273729	3.152353345022525
1988	04	27	0.0111834560232	1.8695080017903074	3.230450411561726
1988	04	28	0.412035103484	1.743756342477058	3.2278860217356757
1988	04	29	2.17871855164	1.768906674339708	2.2520885300618807
1988	04	30	7.1364294483199995	1.9030417776071737	2.417215189684123
1988	05	01	12.3706249032	3.789316667305914	1.775238780191569
1988	05	02	18.517333924	6.790589602915466	1.8334313768031916
1988	05	03	2.5538299741599997	7.134310805038348	2.3961618371167415
1988	05	04	13.516057466400001	5.549839897691406	2.377440059003826
1988	05	05	3.70286369236	6.0025458712191035	3.0510252901931056
1988	05	06	7.9080089728	6.186981638211869	1.8223041884587552
1988	05	07	3.6439453736800003	5.398937906515506	2.26576412605749
1988	05	08	5.53458169888	4.418074963872161	2.7445525143452305
1988	05	09	0.20826622702	4.468375627597461	2.8445972782365354
1988	05	10	0.016278097237600004	3.6803318959010984	3.2539427502843865
1988	05	11	1.0278152754	3.2946934740071336	2.9224889855960146
1988	05	12	1.54690947956	3.445595465183033	2.5468536073247963
1988	05	13	2.7960295400799997	3.1354080388770176	2.047742999440414
1988	05	14	2.47482657596	2.8755212762963023	2.89227484806856
1988	05	15	2.9238794325599997	2.68270206534932	3.682562884372925
1988	05	16	1.97227068208	2.808453724662569	2.5014993548132494
1988	05	17	5.5407419320799995	2.7665365048914863	2.457241379528615
1988	05	18	6.27735426528	3.3617610256408668	2.532005522253774
1988	05	19	0.19092076360399998	3.328227249824	2.8350701909168396
1988	05	20	0.044424190368	2.70785239721197	4.068548438626263
1988	05	21	0.455903142408	2.3892815269517382	3.933370400166996
1988	05	22	6.51075065924	2.3725146390433047	3.34730056751989
1988	05	23	1.7829780969200002	2.2802967555469222	3.1144848364912074
1988	05	24	0.070127927408	2.146161652279456	4.080107372760536
1988	05	25	0.334147706784	2.0204099929662065	3.074815332982962
1988	05	26	0.75818398852	1.9281921094698233	2.5112908442408237
1988	05	27	2.2549350599599998	1.8778914457445242	3.3340721645447187
1988	05	28	3.70284505668	1.8527411138818741	2.410155751149478
1988	05	29	0.6132013456000001	2.0539437687830735	2.7097022994657953
1988	05	30	1.0245662016400001	1.9365755534240403	2.9734630733453726
1988	05	31	0.024562235084000003	1.7940570062023578	4.1378025945668915
1988	06	01	0.08599391749999999	1.7521397864312747	4.6684755320504605
1988	06	02	0.0201637905472	1.6431550150264584	5.2492566235321165
1988	06	03	0.050639791504400004	1.5174033557132092	4.789998787010694
1988	06	04	0.0008161819327999999	1.4000351403541764	3.38140555542654
1988	06	05	0.00123493916376	1.3665013645373099	4.736888295096882
1988	06	06	0.00081607810544	1.3245841447662268	4.662426518463113
1988	06	07	3.49534465152	1.274283481040927	4.366675843436687
1988	06	08	19.8810017096	1.2910503689493602	2.5828971365399527
1988	06	09	10.910382460000001	1.5341702436216424	3.162281950460266
1988	06	10	15.079498790799999	1.7353728985228414	2.902319281806727
1988	06	11	13.276619404	2.162928540187889	2.5346461368147435
1988	06	12	8.671467144000001	2.1377782083252392	3.325050689219595
1988	06	13	10.7194989012	2.1210113204168057	2.9634861863594195
1988	06	14	6.8717253972	2.322213975318005	2.6595994895247257
1988	06	15	10.6157076716	2.2970636434553553	3.030623400219025
1988	06	16	3.9301675500799993	2.8503709444336525	3.606363671049746
1988	06	17	1.24183721776	2.162928540187889	3.9107851170881824
1988	06	18	0.39056087664	1.9281921094698233	4.351662842209542
1988	06	19	0.021700817696799997	1.7269894545686246	4.5545454630298075
1988	06	20	0.3311931148	1.584470907346942	4.537908093339664
1988	06	21	7.707628158040001	1.9533424413324736	4.485604104154478
1988	06	22	1.725970601	2.1545450962336727	4.734083126601132
1988	06	23	13.485077550000002	5.097133924163708	3.798635199475532
1988	06	24	8.4358346586	5.071983592301058	3.560780652877321
1988	06	25	0.00211128791072	3.085107375151718	4.371053833962608
1988	06	26	0.28592248424000005	2.263529867638489	4.12610858558159
1988	06	27	0.96900962652	1.9617258852866901	3.719844360147222
1988	06	28	16.033408857599998	2.2048457599589724	2.004867434080708
1988	06	29	10.290999963600001	3.0515735993348514	2.8973098765286456
1988	06	30	6.2209151576	3.3198438058697834	3.4564833146098284
1988	07	01	1.3756584194800001	2.8755212762963023	2.5211610168368632
1988	07	02	4.58455469928	2.5150331862649873	2.718826865085926
1988	07	03	2.8477876692	2.3892815269517382	2.6030446506741822
1988	07	04	8.163185627599999	2.255146423684272	2.510107526450319
1988	07	05	7.5701345864	2.1964623160047556	2.469748947076078
1988	07	06	8.536998352400001	2.238379535775839	2.7870809488350443
1988	07	07	0.34335500677600006	2.2719133115927055	3.176524129212511
1988	07	08	0.64673111744	2.0539437687830735	3.527729932086716
1988	07	09	0.0034516534899200002	1.8862748896987407	5.219809110339288
1988	07	10	0.0	1.7353728985228414	5.225060818381348
1988	07	11	0.012674985491199999	1.6096212392095919	5.124009328877395
1988	07	12	0.006254374285	1.475486135942126	5.313344863338578
1988	07	13	0.039418313940000005	1.3748848084915264	4.199487200500775
1988	07	14	0.00041370620104	1.2826669249951437	5.0435994338808
1988	07	15	0.0028641262163999997	1.2155993733614106	5.300489294651751
1988	07	16	0.048516386028	1.1485318217276776	5.329337925778116
1988	07	17	0.299840361196	1.0982311580023778	5.685582235979731
1988	07	18	25.939088564000002	1.073080826139728	5.070729043870236
1988	07	19	3.00929844884	1.5677040194385088	2.558056347979405
1988	07	20	0.03963637992	2.129394764371023	4.337960842620941
1988	07	21	0.068687665076	1.6180046831638086	5.027789642480649
1988	07	22	0.03418960802399999	1.408418584308393	4.682427229672417
1988	07	23	2.8465723566400003	1.2910503689493602	3.2786512682342934
1988	07	24	0.00143481082512	1.2659000370867104	4.4046398884995615
1988	07	25	0.0012297843064799998	1.1652987096361107	5.369739272627395
1988	07	26	0.05261161473999999	1.073080826139728	4.820735896235975
1988	07	27	0.0041124084319600004	0.9892463865975617	5.230464035115043
1988	07	28	0.0067770751588	0.9473291668264785	4.4200981007658795
1988	07	29	0.41672274715200003	0.9137953910096122	3.600414167436555
1988	07	30	0.00122212000276	0.8970285031011789	5.0999989276414395
1988	07	31	0.000810410919088	0.8383443954216625	4.949223893945873
1988	08	01	0.020702890344	0.8467278393758791	4.997209070948003
1988	08	02	3.33970724872	0.7796602877421461	4.105388819643218
1988	08	03	0.29684765164	0.7628933998337128	3.8661335990593493
1988	08	04	0.00081324457882	0.7628933998337128	4.802027000675593
1988	08	05	0.0008302463280359999	0.7293596240168464	5.224600540926411
1988	08	06	0.032413294940000004	0.6790589602915467	4.646758160176622
1988	08	07	0.0127220101576	0.6455251844746801	4.52770686920644
1988	08	08	0.0065477336416	0.6203748526120303	4.993707025289867
1988	08	09	0.03359086074	0.603607964703597	4.899043805080205
1988	08	10	0.081184809132	0.5868410767951636	3.675478466687697
1988	08	11	0.0061474729886	0.5868410767951636	4.357373552302065
1988	08	12	0.0038155504165999993	0.5784576328409471	4.577388642088219
1988	08	13	0.00555558686756	0.5616907449325139	5.113143437664066
1988	08	14	0.0135564797776	0.5533073009782973	4.562331233120611
1988	08	15	0.0044162035792	0.5449238570240806	4.558019510924722
1988	08	16	0.0047553957744	0.5113900812072141	4.353023677556939
1988	08	17	0.00122338171436	0.47785630539034757	4.922156323218486
1988	08	18	0.0048759343952	0.46108941748191445	4.632979717003395
1988	08	19	0.401038806736	0.4359390856192645	3.7152605313009537
1988	08	20	0.022164365974800003	0.41917219771083125	3.465872848496129
1988	08	21	0.00326869009512	0.40240530980239797	3.843261027304144
1988	08	22	0.0016321556404	0.3940218658481814	4.577308202879476
1988	08	23	0.0024270409843199997	0.3772549779397481	4.334803317918358
1988	08	24	0.00310775293312	0.3688715339855315	4.531386623728936
1988	08	25	0.0027375785395999997	0.3604880900313149	4.63265374979482
1988	08	26	0.0012190683150799999	0.3437212021228816	5.080474947262869
1988	08	27	0.017292511462400004	0.3437212021228816	4.539447280515689
1988	08	28	0.6551760279600001	0.3437212021228816	3.033246605230861
1988	08	29	0.010954110702800002	0.3437212021228816	2.9318326946676576
1988	08	30	0.000405205459544	0.32695431421444837	3.5597252176102105
1988	08	31	0.7226216915200001	0.31857087026023173	3.870098521169195
1988	09	01	9.5951237056	0.3437212021228816	2.024267140934246
1988	09	02	0.0553300793472	0.38563842189396474	2.4099639158459953
1988	09	03	0.00101255522064	0.3940218658481814	3.6344387660648687
1988	09	04	0.0070036650608	0.40240530980239797	4.310264455446068
1988	09	05	0.0	0.3772549779397481	4.622890412597277
1988	09	06	0.00081041086204	0.3437212021228816	4.663594948268337
1988	09	07	0.9637779446000001	0.32695431421444837	4.57181646070058
1988	09	08	0.09493534528799999	0.31857087026023173	4.711173823332704
1988	09	09	0.031666004171999995	0.31018742630601515	4.5874777189349
1988	09	10	0.0	0.3018039823517985	4.108033210641375
1988	09	11	0.000419373482472	0.2850370944433653	3.9500859812307794
1988	09	12	0.00041353733896	0.27665365048914864	4.135073516937714
1988	09	13	0.00057915975812	0.268270206534932	3.624207120360554
1988	09	14	0.0	0.268270206534932	3.163155513426099
1988	09	15	0.000405205459544	0.268270206534932	2.9845135481106055
1988	09	16	0.0	0.268270206534932	3.0810548907853255
1988	09	17	0.0032744990077199997	0.27665365048914864	3.2154446648117903
1988	09	18	0.000405205459544	0.2850370944433653	3.2671358334517984
1988	09	19	0.0012237163959600002	0.2850370944433653	3.574944499546316
1988	09	20	0.0	0.27665365048914864	3.0850189304660374
1988	09	21	0.0020505551804	0.25988676258071536	3.0753003358388566
1988	09	22	0.09934552079520001	0.24311987467228213	2.392970343256748
1988	09	23	0.0232834870496	0.23473643071806552	2.401325175297274
1988	09	24	0.0060012356700000005	0.23473643071806552	3.1565837100359224
1988	09	25	0.0024574871216	0.22635298676384888	3.154590497289885
1988	09	26	0.0	0.22635298676384888	3.1542822773981682
1988	09	27	0.0	0.22635298676384888	3.538015350006151
1988	09	28	0.00041370620104	0.23473643071806552	3.3442419571710964
1988	09	29	0.09548592124079999	0.23473643071806552	2.3788060680132888
1988	09	30	0.0	0.22635298676384888	2.4675803419651428
1988	10	01	0.000419373510996	0.20958609885541563	2.7961938123063987
1988	10	02	0.00081041086204	0.21796954280963224	2.806266109424507
1988	10	03	0.00204785975748	0.21796954280963224	2.8277216238515455
1988	10	04	0.0008150905570200001	0.20958609885541563	2.8703365583260747
1988	10	05	0.036850997058000004	0.20958609885541563	2.152846811591025
1988	10	06	0.0008421407219400001	0.20958609885541563	2.781679013286498
1988	10	07	0.12209289355999998	0.20958609885541563	2.081454969505352
1988	10	08	0.00081041086204	0.20958609885541563	2.6451209129669975
1988	10	09	0.203757837676	0.20958609885541563	2.409149338432929
1988	10	10	2.4031555572000003	0.21796954280963224	1.5268062476664042
1988	10	11	2.2523658081999995	0.21796954280963224	1.384211366042563
1988	10	12	1.784853645	0.22635298676384888	1.1990222849466772
1988	10	13	48.127007756400005	0.4443225295734811	0.9739244093756455
1988	10	14	10.1207649284	1.3078172568577935	1.4884656355503592
1988	10	15	0.7320759713199999	0.8551112833300958	1.8925334408938081
1988	10	16	0.5341370962	0.5952245207493804	2.3570808197985396
1988	10	17	0.87109262948	0.536540413069864	1.631033729998002
1988	10	18	14.5310212536	0.6119914086578137	1.1888963896258418
1988	10	19	5.684219934	0.9808629426433451	0.9975892119960813
1988	10	20	0.009887242743599998	0.9976298305517783	1.4710035848295975
1988	10	21	1.67658642932	0.7964271756505794	1.7851610965399938
1988	10	22	18.654331843599998	0.9221788349638289	1.246466510411053
1988	10	23	0.48070797411200006	1.6096212392095919	1.3584382527385546
1988	10	24	0.00081041086204	1.1066146019565946	1.7859832734182706
1988	10	25	0.0019799140682	0.8383443954216625	1.9946906778795324
1988	10	26	10.270311506399999	0.7880437316963628	1.9260924930013306
1988	10	27	12.606367206	1.2659000370867104	1.2820206903307456
1988	10	28	3.12837759164	1.1317649338192446	1.5386057601973326
1988	10	29	0.458833051624	0.9976298305517783	1.755122929898011
1988	10	30	8.190109431200002	1.0227801624144282	1.097710033274021
1988	10	31	3.5857159096	1.299433812903577	1.2088534819965526
1988	11	01	0.221874057604	1.114998045910811	1.3449734064204677
1988	11	02	7.0056142008	0.9221788349638289	1.0810314491327897
1988	11	03	5.1702307652	0.8383443954216625	1.1811731310189473
1988	11	04	0.19283417254	0.9054119470553955	1.4797426874551256
1988	11	05	0.772404761832	0.8551112833300958	1.4807255555145076
1988	11	06	4.0778001676799995	0.8131940635590126	1.2143607811832715
1988	11	07	12.704763596400001	0.9724794986891285	0.6203304141987898
1988	11	08	10.2661498548	1.743756342477058	0.8819544384252375
1988	11	09	1.19813331544	1.5509371315300755	1.1364414414817567
1988	11	10	0.0138109899216	1.2910503689493602	1.310728190090739
1988	11	11	1.03963162764	1.1401483777734611	1.2000036787770187
1988	11	12	0.278079401596	1.0227801624144282	1.175118885008939
1988	11	13	0.00021860558752400002	0.9557126107806951	1.2219689012728325
1988	11	14	0.0020584163948	0.8634947272843123	1.2027876000155613
1988	11	15	0.0012311954838400002	0.8299609514674459	1.1627919770380009
1988	11	16	0.0008765818260720001	0.8131940635590126	1.2869021058716965
1988	11	17	0.0024244173468	0.7796602877421461	1.2644580942199162
1988	11	18	7.7795207132e-05	0.7461265119252796	1.0624171732046899
1988	11	19	0.0084182805136	0.737743067971063	0.9630771875515336
1988	11	20	0.079553046172	0.737743067971063	1.167305388833164
1988	11	21	0.7763140330799999	0.7545099558794962	0.9748388303677523
1988	11	22	0.00082741249716	0.7712768437879295	0.7129186260984932
1988	11	23	0.0	0.7125927361084131	0.7638660803933819
1988	11	24	0.0	0.6790589602915467	0.8414149329979089
1988	11	25	2.4150933266	0.6790589602915467	0.8262728712230605
1988	11	26	0.7214221147	0.6874424042457632	0.7688563817143718
1988	11	27	0.00041370620104	0.6874424042457632	0.824165003514901
1988	11	28	0.000818736104872	0.6790589602915467	0.8993334631719739
1988	11	29	0.074986686552	0.6203748526120303	0.8252323183375074
1988	11	30	24.0728098332	1.0563139382312947	0.6267217055132901
1988	12	01	3.9337248732	2.1042444325083727	0.4760139773162545
1988	12	02	4.42521212396	1.634771571072242	0.5832501522550964
1988	12	03	0.360081347264	1.274283481040927	0.7252261876406881
1988	12	04	0.24905511916000003	1.1317649338192446	0.7249634850353498
1988	12	05	0.24283608848799998	1.0563139382312947	0.7390498203781445
1988	12	06	0.0028087252872399998	1.006013274505995	0.786451036577433
1988	12	07	0.0	0.9389457228722621	0.8045299964082269
1988	12	08	0.0016367128248	0.871878171238529	0.80987623250277
1988	12	09	0.00081041086204	0.8299609514674459	0.8210256505609298
1988	12	10	0.00081813516124	0.8299609514674459	0.8242602184872976
1988	12	11	0.00081988073496	0.8299609514674459	0.8476184700386533
1988	12	12	0.00041370624858	0.8215775075132292	0.8606505557699972
1988	12	13	0.00080921955718	0.8131940635590126	0.8247349876299435
1988	12	14	0.00040803900518	0.7712768437879295	0.731228219346639
1988	12	15	0.0020430283623599998	0.7545099558794962	0.7342225982071948
1988	12	16	0.0008217453488399999	0.7461265119252796	0.6762708739661027
1988	12	17	0.00162612053248	0.737743067971063	0.6645424537112095
1988	12	18	0.00041370620104	0.7209761800626298	0.7578339151869686
1988	12	19	0.00121961046124	0.7042092921541965	0.8576687336520473
1988	12	20	0.0015433130785600002	0.6874424042457632	0.7628765617544869
1988	12	21	0.00041370620104	0.6958258481999798	0.8888373549568831
1988	12	22	0.0028637630108	0.6958258481999798	0.7945897646300294
1988	12	23	0.0025600109348	0.6958258481999798	0.7362337906750704
1988	12	24	0.00041370624858	0.6874424042457632	0.7194861789505552
1988	12	25	0.178318223368	0.6958258481999798	0.6206875668781594
1988	12	26	0.00339848323264	0.7545099558794962	0.81602334938658
1988	12	27	0.00203777756936	0.737743067971063	0.8099489700107173
1988	12	28	0.00328662028152	0.7125927361084131	0.7656000863726866
1988	12	29	0.00041370620104	0.6958258481999798	0.7776905539658711
1988	12	30	0.0	0.6874424042457632	0.7648740022416026
1988	12	31	0.00081041086204	0.6622920723831134	0.8170112773819294
1989	01	01	0.000813244464724	0.67067551633733	0.7745906464112968
1989	01	02	0.0	0.6539086284288967	0.7610790052969522
1989	01	03	0.0	0.6455251844746801	0.7155338048259743
1989	01	04	0.15383901214	0.6371417405204635	0.8033633789707871
1989	01	05	0.11292436719200001	0.6539086284288967	0.716316484141221
1989	01	06	16.492072876	0.8886450591469622	0.6912718602917718
1989	01	07	0.0127885010278	1.274283481040927	0.7823884362234894
1989	01	08	0.00130506703412	1.006013274505995	0.8245044997084041
1989	01	09	0.288902937984	0.8970285031011789	0.8481427168234708
1989	01	10	6.91877982364	0.8802616151927456	0.6939883127377391
1989	01	11	0.9713905247999999	0.9305622789180455	0.6459778679348499
1989	01	12	0.00108462500492	0.9389457228722621	0.8649132783027076
1989	01	13	0.00041370620104	0.8634947272843123	1.0021105503734122
1989	01	14	0.00114695279732	0.8048106196047959	1.075868241158794
1989	01	15	5.30165480996e-05	0.7712768437879295	0.8702149640719036
1989	01	16	0.00163165152624	0.7628933998337128	0.8297926568023952
1989	01	17	0.00041370620104	0.7125927361084131	0.8445658180978017
1989	01	18	2.5125165731999997e-06	0.6958258481999798	0.7153990503541222
1989	01	19	0.00162648801668	0.6874424042457632	0.8559568007703555
1989	01	20	0.00345589729064	0.6874424042457632	0.9490587103702838
1989	01	21	0.6282452835200001	0.6790589602915467	0.726726737339313
1989	01	22	0.0016440026084	0.67067551633733	1.0398069163861354
1989	01	23	0.00081041086204	0.6455251844746801	0.9344111602107517
1989	01	24	0.0016229875513999999	0.6287582965662468	0.8783235326225566
1989	01	25	1.18975591172	0.6371417405204635	0.9066414160559498
1989	01	26	1.7331779502400002	0.6455251844746801	0.8882174230644928
1989	01	27	0.0008274125446999999	0.6455251844746801	0.9908372867983106
1989	01	28	0.008537452834800001	0.6371417405204635	0.9451014272224265
1989	01	29	0.00041370620104	0.6287582965662468	0.9404443132757685
1989	01	30	0.0	0.6119914086578137	1.0900122952041618
1989	01	31	0.0020377916412	0.5868410767951636	0.9627262059261962
1989	02	01	0.59579685652	0.5952245207493804	0.9508748347657944
1989	02	02	1.2149299580800001	0.5952245207493804	1.017155341588992
1989	02	03	1.1568702118	0.5952245207493804	1.0011187381546303
1989	02	04	0.50012850148	0.5868410767951636	0.9579275376867181
1989	02	05	0.0	0.5784576328409471	1.098508752653446
1989	02	06	0.000419373482472	0.5700741888867306	1.1331015509761937
1989	02	07	0.00184851483932	0.5533073009782973	0.9740084643925728
1989	02	08	0.76839719688	0.5533073009782973	1.003447917015792
1989	02	09	7.4718408823999996	0.603607964703597	0.6737415834906049
1989	02	10	3.8569042265600006	0.7712768437879295	0.7881638244211682
1989	02	11	0.0023868253770400003	0.737743067971063	1.3103764016646084
1989	02	12	0.0012229259959199998	0.7042092921541965	1.3184321586109746
1989	02	13	7.802939392600001e-05	0.67067551633733	1.5988956776769063
1989	02	14	0.000815577090888	0.6287582965662468	1.576573227585041
1989	02	15	0.00081041086204	0.6119914086578137	1.7294379444224492
1989	02	16	0.0012239835707600001	0.6119914086578137	1.5958618013947077
1989	02	17	0.0	0.603607964703597	1.6220381519623883
1989	02	18	0.00162875472388	0.603607964703597	1.635408790918376
1989	02	19	0.00081041086204	0.5952245207493804	1.7912888830077016
1989	02	20	0.44556636808	0.5868410767951636	1.300658765669108
1989	02	21	5.513513301999999	0.6287582965662468	1.3994712632318362
1989	02	22	6.910034650479999	0.6371417405204635	1.1705881725606575
1989	02	23	3.24816213296	0.7125927361084131	0.9099136518915762
1989	02	24	27.2820003856	1.4251854722168262	1.050154767060183
1989	02	25	26.7549158484	4.091120649657713	1.3393896769656182
1989	02	26	15.805975596	4.904314713216725	0.6835387621494716
1989	02	27	12.8067464044	4.225255752925179	1.285841837666899
1989	02	28	5.92915999076	6.1115306426239195	1.1469431590480168
1989	03	01	8.7964041656	5.566606785599839	1.0461825481881935
1989	03	02	5.447445632879999	4.468375627597461	1.012184348119038
1989	03	03	0.42224842594	4.292323304558912	1.2400346786401977
1989	03	04	0.004418313404400001	2.909055052113169	2.147051199250511
1989	03	05	0.0176882211112	2.3557477511348717	1.9923602490120476
1989	03	06	5.3157545084	2.338980863226438	1.3909721159528092
1989	03	07	4.6021743544	4.501909403414327	1.6225738375650456
1989	03	08	0.0016201113813999997	3.1270245949228013	1.993091245042414
1989	03	09	0.00081041086204	2.414431858814388	2.2166536389613753
1989	03	10	0.0	2.1126278764625894	2.5713801416255553
1989	03	11	0.00162444740972	1.894658333652957	2.486259473979747
1989	03	12	0.0016408744764	1.785673562248141	2.7835780665292793
1989	03	13	1.02898247748	1.7018391227059746	1.6909241432481723
1989	03	14	0.00040520547855999996	1.5593205754842923	2.36546796132661
1989	03	15	0.14965140370000002	1.5006364678047759	2.0002792270469283
1989	03	16	2.2449871247999997	1.542553687575859	1.5623513667848314
1989	03	17	0.160361005724	1.5677040194385088	1.459163239697775
1989	03	18	0.00205039506568	1.4168020282626097	1.9281007443910574
1989	03	19	0.004873697162800001	1.3329675887204433	2.0553325626528474
1989	03	20	0.7508272115519999	1.299433812903577	1.6821234382529728
1989	03	21	0.175076622896	1.2826669249951437	2.1538505667126815
1989	03	22	0.013858132487200001	1.2323662612698438	2.8309482221872915
1989	03	23	0.0012151899067999999	1.1820655975445442	2.4808739185393796
1989	03	24	0.00226794162364	1.1569152656818942	2.618159089719296
1989	03	25	0.0016719618332	1.1485318217276776	3.028904994057642
1989	03	26	0.011596685112800001	1.0898477140481613	2.6088969099766635
1989	03	27	12.1159645328	1.1988324854529773	2.6208815414803532
1989	03	28	7.47261160088	1.9281921094698233	1.664200143742481
1989	03	29	0.0015875445798	1.6850722347975413	2.859770444062445
1989	03	30	2.0158162762	1.3832682524457431	2.878442404485913
1989	03	31	0.222785256784	1.2826669249951437	2.247582108378234
1989	04	01	3.5257551337999997	1.274283481040927	1.8281652517515845
1989	04	02	9.781844662	1.2910503689493602	1.4632073343767507
1989	04	03	20.468175856	1.3916516963999597	0.658641327742971
1989	04	04	2.25815694084	1.6515384589806752	1.544521537008388
1989	04	05	6.5169885728	1.8192073380650076	1.634757749359397
1989	04	06	4.46274828176	2.229996091821622	1.6045094484437015
1989	04	07	0.52918399868	2.146161652279456	1.9076893277189522
1989	04	08	14.2126848564	1.9114252215613903	2.179757552549755
1989	04	09	4.95980227636	2.6910855093035364	2.176553210289019
1989	04	10	1.0887197201999999	2.238379535775839	2.103619724454507
1989	04	11	8.4701380964	2.171311984142106	2.0022806037204903
1989	04	12	18.6034516832	4.351007412238429	1.4122175594157682
1989	04	13	10.5274392028	6.9414915940913655	1.5527731816953583
1989	04	14	1.02053290804	4.518676291322761	2.2529124930889073
1989	04	15	5.865333072	3.445595465183033	2.187714991803906
1989	04	16	2.865254816	3.445595465183033	1.7021794044573941
1989	04	17	1.04215562132	3.1354080388770176	2.067839871355282
1989	04	18	0.00203582919	2.699468953257753	3.1745719073401193
1989	04	19	7.0381296592	2.439582190677038	2.2962369747735507
1989	04	20	0.42915826986	2.5653338499902874	2.7620951738408106
1989	04	21	0.7990613526	2.322213975318005	3.077945618493446
1989	04	22	2.6886052086	2.1880788720505393	2.4253015001081195
1989	04	23	0.303375102816	2.0539437687830735	2.3477601729483273
1989	04	24	1.9371602052400003	1.944958997378257	2.9521351041199257
1989	04	25	7.2245534906	2.171311984142106	1.9946992889652517
1989	04	26	0.084354300932	2.1880788720505393	2.060809692859959
1989	04	27	3.42366507556	2.0036431050577734	2.4835640807342765
1989	04	28	0.9826052108000001	1.9952596611035567	2.576427201956234
1989	04	29	0.618217138872	1.8862748896987407	3.0814935619532755
1989	04	30	0.00204201576036	1.768906674339708	3.8154111572843386
1989	05	01	0.00081041086204	1.6515384589806752	4.091710207839858
1989	05	02	0.0530517524204	1.5341702436216424	4.341356001453319
1989	05	03	0.0211619394364	1.4922530238505591	4.407916642340036
1989	05	04	0.2504986047039999	1.3832682524457431	4.340295030398317
1989	05	05	0.00186039299356	1.3665013645373099	4.374469496913537
1989	05	06	0.0	1.2575165931324936	4.669741252150922
1989	05	07	0.0069063012392	1.1652987096361107	4.61881768929446
1989	05	08	8.437051207200001	1.2407497052240606	3.3742036904337507
1989	05	09	2.9754620439999995	1.2826669249951437	2.6462651023906254
1989	05	10	1.6213433329599998	1.3078172568577935	2.4969524067067126
1989	05	11	0.817869346084	1.2910503689493602	2.955598630593851
1989	05	12	3.32012856528	1.3078172568577935	3.2043575127644885
1989	05	13	0.0791254752152	1.1652987096361107	2.773688034047796
1989	05	14	0.0	1.0898477140481613	4.442266791501085
1989	05	15	0.0012331101098000002	1.0563139382312947	4.047282923785496
1989	05	16	0.0136471357052	1.0479304942770782	4.643062564039088
1989	05	17	0.0	1.006013274505995	4.801316070201536
1989	05	18	2.92676501548	0.8970285031011789	4.480053239141437
1989	05	19	8.8177068396	0.8131940635590126	3.7885906178653577
1989	05	20	5.2883853500799995	0.8299609514674459	3.9311740374369917
1989	05	21	0.409079294476	0.8048106196047959	3.478547428497024
1989	05	22	4.5563495976	0.7964271756505794	3.8581964942076015
1989	05	23	6.5888833148	0.9808629426433451	3.4855829205370537
1989	05	24	2.2075783741999997	1.2659000370867104	3.2160118341339077
1989	05	25	0.45837749482	1.1401483777734611	3.7620584606167395
1989	05	26	9.6878457216	1.0227801624144282	3.6833243135421485
1989	05	27	6.5397351316800005	1.0227801624144282	3.414026190653273
1989	05	28	9.7870921272	1.6599219029348917	2.8200344739700616
1989	05	29	7.700572936800001	1.6431550150264584	3.4495251608766644
1989	05	30	11.246081891400001	1.5006364678047759	3.4305467737849127
1989	05	31	12.238341049999999	1.475486135942126	3.298523171094646
1989	06	01	0.347683086408	1.7772901182939245	3.3461571023930134
1989	06	02	4.670491236	1.4000351403541764	2.899429351387821
1989	06	03	0.00147707008192	1.274283481040927	3.5585662457547103
1989	06	04	0.60239055944	1.1401483777734611	3.665814354706582
1989	06	05	0.00130448542976	1.0479304942770782	3.9019538914870204
1989	06	06	0.0022753034778799997	0.9724794986891285	4.157490804349408
1989	06	07	0.00319590426336	0.9137953910096122	3.9080024455836706
1989	06	08	0.109232049488	0.8467278393758791	3.698694579211725
1989	06	09	0.91555869308	0.8048106196047959	3.881490742963638
1989	06	10	1.4415121586	0.8215775075132292	3.3677182884142463
1989	06	11	0.06993396420800001	0.9137953910096122	5.147498581857201
1989	06	12	0.0140533669068	0.8048106196047959	4.785025598667398
1989	06	13	0.0599844088848	0.7545099558794962	4.65351944259514
1989	06	14	1.2625307142	0.7125927361084131	4.906158670043566
1989	06	15	17.7092518564	0.7545099558794962	4.473076462319526
1989	06	16	3.2410375984	0.9473291668264785	5.087665954294541
1989	06	17	4.356171018	0.9054119470553955	4.825004040033968
1989	06	18	2.76468175916	1.0143967184602116	4.2860191598954165
1989	06	19	0.586275963672	0.9557126107806951	4.431086150754836
1989	06	20	0.0018234394859999998	0.8215775075132292	5.409979922803366
1989	06	21	0.26105217093999994	0.7796602877421461	4.754615358434052
1989	06	22	1.01532613708	0.7209761800626298	4.968181988365344
1989	06	23	0.7538210525600001	0.6958258481999798	5.203654948332866
1989	06	24	0.00040563491688799997	0.6874424042457632	5.020296556903168
1989	06	25	0.0020381596008	0.6203748526120303	4.890916317397985
1989	06	26	0.022886194318800002	0.5784576328409471	4.5397849429358965
1989	06	27	0.0076830506436	0.5700741888867306	4.229440282587088
1989	06	28	0.0027037717997199996	0.5533073009782973	5.269454797932123
1989	06	29	0.0005299453042399999	0.5449238570240806	5.671203453213956
1989	06	30	0.00203460484484	0.5113900812072141	5.708307323987128
1989	07	01	0.00286193614368	0.5030066372529975	5.064671286542823
1989	07	02	0.0035048516056399998	0.48623974934456426	5.938786552948363
1989	07	03	1.6045928992	0.46108941748191445	4.913568153843287
1989	07	04	2.68719916556	0.45270597352769776	4.285441141735611
1989	07	05	0.7490603684360001	0.4443225295734811	4.415867963218449
1989	07	06	8.983595767999999	0.4107887537566146	3.516741687403363
1989	07	07	0.008929642622	0.4107887537566146	4.274242161366587
1989	07	08	0.011028725683600001	0.4107887537566146	4.387661223847605
1989	07	09	0.07957191004400001	0.40240530980239797	5.152600446514168
1989	07	10	0.0028571701636	0.38563842189396474	5.621740722125932
1989	07	11	0.00041389201588399997	0.3688715339855315	5.880914355285367
1989	07	12	0.00162082134376	0.3437212021228816	6.061797982657789
1989	07	13	0.0016283031889599998	0.32695431421444837	6.427048739850029
1989	07	14	0.0028506048895999996	0.3018039823517985	6.277253558531069
1989	07	15	0.0008128118222	0.27665365048914864	6.117648011122564
1989	07	16	0.000830174913448	0.25988676258071536	6.069341619555764
1989	07	17	0.006110520622	0.2515033186264988	5.960940878737872
1989	07	18	0.0009101827748	0.22635298676384888	6.531133625047404
1989	07	19	1.1776829385599998	0.21796954280963224	6.303692952525771
1989	07	20	0.2524882678	0.20958609885541563	5.401427159434804
1989	07	21	9.000239522000001	0.20120265490119899	4.977708831232195
1989	07	22	3.28087725936	0.18443576699276576	3.402296846675106
1989	07	23	0.7725298205560001	0.17605232303854912	3.831792215480953
1989	07	24	0.0008124108223	0.17605232303854912	4.83080684834671
1989	07	25	0.00122422317236	0.17605232303854912	5.602646001220039
1989	07	26	0.00082741249716	0.17605232303854912	5.770250064256034
1989	07	27	0.00079886054364	0.17605232303854912	5.904973977553357
1989	07	28	0.0024368992590399997	0.1676688790843325	6.345215208387525
1989	07	29	0.0283749259696	0.1676688790843325	5.534847188340959
1989	07	30	1.342011414	0.15928543513011587	5.914211750580896
1989	07	31	0.101557077792	0.15928543513011587	6.126431751842976
1989	08	01	0.503554100768	0.15090199117589925	6.460795160112622
1989	08	02	0.349449901	0.14251854722168264	5.735295926394723
1989	08	03	4.8418054292	0.134135103267466	3.580990180758672
1989	08	04	24.2314536656	0.15928543513011587	2.9964918048048417
1989	08	05	0.59462661188	0.20958609885541563	3.489346757134062
1989	08	06	1.20994405796	0.21796954280963224	3.086873464418923
1989	08	07	0.0506450751	0.20120265490119899	3.837522765091286
1989	08	08	1.03861122908	0.19281921094698237	4.11740865690941
1989	08	09	0.072867396138	0.18443576699276576	4.299025468866766
1989	08	10	0.011288469981600002	0.18443576699276576	4.394195907455763
1989	08	11	0.00276668414396	0.17605232303854912	4.7495530508421915
1989	08	12	0.0158385195784	0.1676688790843325	4.794633434315748
1989	08	13	0.0008274125446999999	0.15090199117589925	3.888999387059226
1989	08	14	0.334014024304	0.134135103267466	3.754513186884086
1989	08	15	1.25547349628	0.134135103267466	3.4941781998172305
1989	08	16	6.3349674208	0.1676688790843325	3.134291783160735
1989	08	17	0.00229416259588	0.17605232303854912	4.1266711368586755
1989	08	18	0.00507901899992	0.15928543513011587	4.88234146327873
1989	08	19	0.0382750026116	0.15928543513011587	4.124641580045715
1989	08	20	0.0023023530723200003	0.14251854722168264	4.4719338174561996
1989	08	21	0.0035395058886399998	0.134135103267466	4.878676047277638
1989	08	22	0.0040235726208	0.134135103267466	5.179638493496183
1989	08	23	0.0	0.1257516593132494	4.920299511815461
1989	08	24	1.68118145556	0.1257516593132494	4.7214535787354075
1989	08	25	2.1893130308	0.11736821535903276	4.392731895209763
1989	08	26	0.00164387634216	0.11736821535903276	4.837418850048985
1989	08	27	0.021450062262	0.11736821535903276	4.491140578393661
1989	08	28	0.00041370620104	0.11736821535903276	4.597277994533402
1989	08	29	0.05657144287640001	0.134135103267466	4.571447679988993
1989	08	30	15.561497342800001	0.134135103267466	2.8415377529222057
1989	08	31	0.0008132445312800001	0.134135103267466	3.868958871617095
1989	09	01	0.0055096654144	0.134135103267466	3.516925465128159
1989	09	02	0.00084832472514	0.1257516593132494	3.679724329279779
1989	09	03	0.00041370624858	0.10898477140481612	4.083543293583497
1989	09	04	0.00203011935076	0.10898477140481612	3.832807377569877
1989	09	05	0.00040936252828799996	0.10898477140481612	3.7515899100313783
1989	09	06	0.0	0.10060132745059949	3.833867613343733
1989	09	07	0.195538323804	0.10060132745059949	3.370803596518924
1989	09	08	4.1528771421999995	0.10060132745059949	2.959317718050627
1989	09	09	1.1657401299199999	0.09221788349638288	2.512199886164619
1989	09	10	0.3955171118	0.09221788349638288	2.6648001326755653
1989	09	11	0.00150502350684	0.10898477140481612	3.2070098141451098
1989	09	12	0.00041370620104	0.10898477140481612	3.190364314435362
1989	09	13	0.00251907918496	0.11736821535903276	3.435658922432094
1989	09	14	0.0026325759908	0.1257516593132494	3.8368419563331235
1989	09	15	0.00205292286256	0.1257516593132494	3.5462994229126514
1989	09	16	0.31947628279600004	0.11736821535903276	3.2134803454335894
1989	09	17	1.73665103248	0.10898477140481612	2.6285251692438147
1989	09	18	2.0740313832	0.10898477140481612	2.146710425802885
1989	09	19	0.004121261045519999	0.10060132745059949	2.7245906869487015
1989	09	20	0.00081041086204	0.10060132745059949	3.3209022239324497
1989	09	21	0.123646519776	0.10898477140481612	2.783425010184517
1989	09	22	0.1186722327272	0.10060132745059949	2.297115839826597
1989	09	23	0.00122583848648	0.10060132745059949	3.141218967629533
1989	09	24	0.00163232783028	0.10060132745059949	3.150244432374328
1989	09	25	0.00164348984196	0.10060132745059949	3.081408953041178
1989	09	26	0.088586644512	0.10060132745059949	3.0999171952479516
1989	09	27	0.0008132445312800001	0.10060132745059949	3.255907781301158
1989	09	28	0.00081096185064	0.10060132745059949	3.3071569399658176
1989	09	29	0.0	0.09221788349638288	3.0050097189090677
1989	09	30	0.0012353081692400001	0.08383443954216625	2.7369884801748556
1989	10	01	0.000405205459544	0.09221788349638288	3.096017061838872
1989	10	02	0.000419373482472	0.08383443954216625	2.80225287205891
1989	10	03	0.0109221685768	0.08383443954216625	2.7714493069390542
1989	10	04	0.00204049989992	0.08383443954216625	2.795985305867959
1989	10	05	0.58681369812	0.08383443954216625	2.549029036924256
1989	10	06	0.19206118164799998	0.08383443954216625	2.8468708595593677
1989	10	07	0.0020430283623599998	0.08383443954216625	2.9822397303504724
1989	10	08	0.0	0.08383443954216625	2.557759349409582
1989	10	09	0.0012354509794	0.07545099558794963	2.7084181284973945
1989	10	10	0.0012241168729199999	0.08383443954216625	2.4207433362341804
1989	10	11	0.00121285607312	0.08383443954216625	2.1557126000434437
1989	10	12	0.00041370620104	0.08383443954216625	2.2562841569626246
1989	10	13	1.60717631788	0.08383443954216625	1.9926411474346195
1989	10	14	0.0008109913254399999	0.08383443954216625	2.4035928270821523
1989	10	15	0.00244469144536	0.08383443954216625	2.3831130879763585
1989	10	16	0.00121791737168	0.07545099558794963	2.191243109095724
1989	10	17	7.2423700563999995	0.07545099558794963	1.5977231676808246
1989	10	18	4.103162567520001	0.08383443954216625	1.5330311235949914
1989	10	19	0.59491470428	0.09221788349638288	1.4163953561454934
1989	10	20	1.665005305	0.10060132745059949	1.3242261034889042
1989	10	21	0.01777154542	0.10898477140481612	1.9307571682319578
1989	10	22	9.726200993600001	0.14251854722168264	1.15998587048053
1989	10	23	22.063859759200003	0.3437212021228816	1.4934496081766306
1989	10	24	0.0020288601112400002	0.5113900812072141	2.0830102400569483
1989	10	25	0.0025350054652799998	0.3772549779397481	2.0085229288059843
1989	10	26	0.000467389281808	0.3018039823517985	1.7853023794486669
1989	10	27	9.813948424	0.2934205383975818	1.2595184615321031
1989	10	28	0.17459664004000003	0.38563842189396474	1.097658688537743
1989	10	29	0.264775228008	0.3688715339855315	1.4282348565411997
1989	10	30	0.0017435538404800002	0.32695431421444837	1.8796710674374555
1989	10	31	0.0	0.2934205383975818	1.7669970485299245
1989	11	01	0.030804189544000004	0.3018039823517985	1.322321335147077
1989	11	02	9.621786039200002	0.2934205383975818	1.0296280796964816
1989	11	03	2.2061122405999996	0.335337758168665	0.9361271907940711
1989	11	04	1.30144515168	0.3688715339855315	1.0200814071310618
1989	11	05	2.0391895073599997	0.3604880900313149	0.7005803680369145
1989	11	06	0.9439653643599999	0.3437212021228816	1.0733596747767609
1989	11	07	0.750917917872	0.335337758168665	1.0161394819307215
1989	11	08	3.3010948804	0.335337758168665	1.1142936415392368
1989	11	09	0.00164058600368	0.31857087026023173	1.2509502836681938
1989	11	10	0.002256745193	0.31018742630601515	1.2613691982593667
1989	11	11	12.924613277199999	0.2934205383975818	1.0823714156688318
1989	11	12	18.2524391424	0.40240530980239797	0.748397860875891
1989	11	13	0.0012303575437999999	0.737743067971063	1.4417015735121226
1989	11	14	2.81599130084	0.6119914086578137	0.8903356383689521
1989	11	15	2.5076247071999997	0.5533073009782973	0.9928964984700221
1989	11	16	5.93853107556	0.5281569691156474	0.5798568893910672
1989	11	17	11.3380599064	0.603607964703597	0.7207164611902676
1989	11	18	38.80200538	1.0227801624144282	0.4923127026832384
1989	11	19	9.754193496400001	3.9486021024360305	0.6748080831095585
1989	11	20	20.2505206216	2.4060484148601713	0.5118679602966235
1989	11	21	19.007176576000003	4.116270981520363	0.5436763933856582
1989	11	22	13.4699655348	3.9486021024360305	0.5527230889057764
1989	11	23	13.414114592	3.445595465183033	0.4943892465508119
1989	11	24	5.234778390359999	6.63130416778535	0.539994756992688
1989	11	25	5.002831491000001	4.040819985932413	0.7342541703196164
1989	11	26	13.492210451600002	4.208488865016745	0.7327119708034279
1989	11	27	2.7173459909999997	3.286310030052917	0.8944054413378176
1989	11	28	1.0004883325999998	2.5737172939445037	0.7226429786644122
1989	11	29	1.11603183052	2.1042444325083727	0.888485306137766
1989	11	30	5.4231213164800005	1.7940570062023578	0.7850052650358188
1989	12	01	0.121096844988	1.6599219029348917	0.81542342113497
1989	12	02	0.583339826716	1.4922530238505591	0.8728160312570199
1989	12	03	0.199567766664	1.3832682524457431	0.7478705003026936
1989	12	04	2.57594976568	1.450335804079476	0.4369433966643442
1989	12	05	9.856300859200001	1.5174033557132092	0.6001271900822739
1989	12	06	7.762144843200001	1.5257867996674257	0.8102641283355452
1989	12	07	2.8433141552	1.3916516963999597	0.8577170517830282
1989	12	08	2.4599221204000004	1.4587192480336928	0.5768271821280779
1989	12	09	9.8374274792	3.8983014387107313	0.515331867210702
1989	12	10	0.699038846992	3.839617331031214	0.7622460287969569
1989	12	11	0.6947143804	2.3557477511348717	0.6089214903608738
1989	12	12	25.830613693599997	3.965368990344464	0.7366809262640465
1989	12	13	11.416959192	11.485318217276776	0.7206799586423368
1989	12	14	52.1351536472	12.07215929407194	0.4198498521930793
1989	12	15	20.4500517064	45.18676291322761	0.5749419848749593
1989	12	16	56.4240298936	41.58188201291446	0.7459819792744055
1989	12	17	30.660628251999995	41.917219771083126	0.5745297609772819
1989	12	18	20.4110023504	41.16270981520363	0.5975679219846708
1989	12	19	5.751552737599999	29.425888279300352	0.6901333790168679
1989	12	20	52.278724447200005	30.18039823517985	0.4739033114271273
1989	12	21	47.36224794	47.534127220408266	0.70355039676983
1989	12	22	7.658242750320001	41.16270981520363	0.52168187381967
1989	12	23	0.76319803232	29.090550521131693	0.5917406315779313
1989	12	24	9.068987116	20.455603248288565	0.667426478625447
1989	12	25	19.236699696	31.773252586481007	0.43383209399430955
1989	12	26	7.83820504	26.994689532577535	0.4735691347550925
1989	12	27	0.042756073570000004	16.934556787517582	0.753081144486249
1989	12	28	0.0246568282744	12.575165931324937	0.802951760146816
1989	12	29	2.8493745544	11.317649338192444	0.5511064686005847
1989	12	30	1.9055906026800002	10.311636063686448	0.7309490152090925
1989	12	31	1.24258207448	9.305622789180454	0.6554846324686785
1990	01	01	8.2625347196	10.98231158002378	0.6812074570865952
1990	01	02	6.54406669124	10.395470503228616	0.7214293634136038
1990	01	03	0.8652584256	11.317649338192444	0.508403672135107
1990	01	04	0.59027622648	8.634947272843124	0.6533385036487213
1990	01	05	0.17890579875200002	8.006188976276878	0.6230791711972884
1990	01	06	11.3860258648	6.094763754715486	0.6643756145454319
1990	01	07	0.005816345003599999	6.891190930366066	0.7044770450558139
1990	01	08	0.000813244464724	4.84563060553721	0.6937516742417388
1990	01	09	0.00203519633752	4.208488865016745	0.7313568306095132
1990	01	10	0.0008274125446999999	3.8731511068480806	0.7120060857441999
1990	01	11	0.00081041086204	3.6551815640384486	0.6981712710418196
1990	01	12	0.000419373482472	3.4120616893661664	0.7570269768233687
1990	01	13	0.00041370620104	3.2360093663276173	0.7799503519011444
1990	01	14	0.0316459166204	3.1102577070143678	0.762494652373474
1990	01	15	0.00127294083324	3.0348067114264183	0.9392717911314852
1990	01	16	0.00163111194724	2.8419875004794357	0.8734532791773413
1990	01	17	0.066043404704	2.70785239721197	0.8419310581021521
1990	01	18	0.11795391854	2.6659351774408866	0.7889714923298946
1990	01	19	0.00121488650652	2.531800074173421	0.7488021346445883
1990	01	20	0.0	2.431198746722821	0.7654320648686478
1990	01	21	0.00081041086204	2.3725146390433047	0.8657779600699723
1990	01	22	0.27377903778400003	2.2802967555469222	0.871448113666769
1990	01	23	1.03477665268	2.305447087409572	0.7785392058025679
1990	01	24	3.3276117416	2.431198746722821	0.6040669474963796
1990	01	25	15.267214284	2.7833033927999193	0.6849744543558244
1990	01	26	2.6992868761200004	3.6551815640384486	0.5356544849875242
1990	01	27	33.007155112	10.06013274505995	0.7881410218923963
1990	01	28	0.14337522043999998	8.551112833300957	0.7394679541480829
1990	01	29	23.219308049600002	7.804986321375678	0.7580896008087561
1990	01	30	4.413246876440001	10.73080826139728	0.7063606053445656
1990	01	31	29.600636478400002	15.090199117589925	0.708994554039374
1990	02	01	21.6392258236	13.497344766288768	0.8311916328484653
1990	02	02	6.7957374612	22.216126478674056	0.9483001369636315
1990	02	03	6.7999209812	16.599219029348916	0.9455604277856096
1990	02	04	0.03311889027559999	8.802616151927456	1.1722209232365042
1990	02	05	0.119800429188	7.042092921541965	1.4505690458874692
1990	02	06	13.8841149988	8.039722752093743	0.7990204320278904
1990	02	07	1.78144616796	6.815739934778117	0.9226095634508189
1990	02	08	1.29948136936	6.2205154140287355	0.8145827007602302
1990	02	09	1.02745939096	5.851643880043204	1.093058280018054
1990	02	10	2.44443178188	5.4995392339661056	1.0891994311288193
1990	02	11	2.07943420912	5.055216704392625	0.7617639578831175
1990	02	12	3.24189930844	4.7785630539034765	0.779708419389155
1990	02	13	0.51957740072	4.535443179231194	1.0305586018314283
1990	02	14	0.234301099176	4.158188201291446	1.0143802517334526
1990	02	15	0.0318425258968	3.8983014387107313	1.4177437560151696
1990	02	16	0.0724736042528	3.747399447534831	1.1413059493461264
1990	02	17	0.036648392036799995	3.537813348679416	1.4725877872701738
1990	02	18	5.1474296304	3.8563842189396467	1.1174708400732951
1990	02	19	1.5355286888	4.686345170407093	1.20210623421412
1990	02	20	1.25090946612	3.8983014387107313	1.2432371589934792
1990	02	21	1.12650869572	3.546196792633633	1.4782718643555077
1990	02	22	0.0014753045414000001	3.286310030052917	1.9377554046817071
1990	02	23	0.0012263451678	3.101874263060151	1.9505791209489187
1990	02	24	0.10800308344000001	2.9174384960673856	1.7730632709016467
1990	02	25	0.40420324028000004	2.8252206125710027	1.1505888805496154
1990	02	26	0.6890308783199999	2.699468953257753	1.3200817053587108
1990	02	27	0.502706253392	2.615634513715587	1.3938116468683697
1990	02	28	0.0272595814724	2.489882854402338	1.7318660778344337
1990	03	01	0.094866298192	2.3976649709059545	1.4375336625041824
1990	03	02	0.00122192375764	2.3138305313637884	1.4591506718379927
1990	03	03	0.00080420394456	2.1964623160047556	1.3760341074633862
1990	03	04	0.0	2.079094100645723	1.5401460626034087
1990	03	05	0.0022075155263200003	2.0036431050577734	1.775348956897949
1990	03	06	0.0020509839912	1.9617258852866901	1.88704541490464
1990	03	07	3.3773755677199997	1.919808665515607	1.5832939837243158
1990	03	08	2.0504211176	2.0287934369204232	1.463635657057126
1990	03	09	0.00190695072208	2.03717688087464	2.091646038228255
1990	03	10	0.0698419514888	1.9114252215613903	2.649951497069577
1990	03	11	2.67684067496	1.7940570062023578	2.299670822633221
1990	03	12	0.6437798627640001	1.7772901182939245	2.137473030315597
1990	03	13	0.7201520835999999	1.7521397864312747	1.3158184771036054
1990	03	14	0.00756136383672	1.7018391227059746	2.210350923556835
1990	03	15	0.00285834696876	1.6515384589806752	2.3724532803808747
1990	03	16	0.0	1.6263881271180252	2.547190036985497
1990	03	17	0.00203136119064	1.6012377952553754	2.511203695788365
1990	03	18	0.0	1.5090199117589924	2.7494397992787323
1990	03	19	0.00041370620104	1.4587192480336928	2.9332182218093448
1990	03	20	0.0	1.4419523601252595	2.857310010398019
1990	03	21	0.00164348984196	1.4000351403541764	2.7456646350449896
1990	03	22	1.67288049616	1.3665013645373099	2.2623649625934457
1990	03	23	11.0795212228	1.6263881271180252	1.6631249883832009
1990	03	24	0.0018577628906	1.8527411138818741	2.5648687011661253
1990	03	25	0.00674028357248	1.5760874633927255	2.3454292174832028
1990	03	26	0.00163782316904	1.4419523601252595	2.657008707315233
1990	03	27	0.00081607810544	1.3916516963999597	2.5958517964551056
1990	03	28	0.00163799697528	1.3329675887204433	2.367198294489145
1990	03	29	0.00081041086204	1.3078172568577935	2.701094052594181
1990	03	30	0.011165928975999998	1.274283481040927	2.4281451540000436
1990	03	31	7.0548722964	1.2491331491782771	2.2169376746423883
1990	04	01	6.73628897644	1.5090199117589924	2.2816265790944033
1990	04	02	15.243681983999998	1.8443576699276578	0.9575759418126493
1990	04	03	0.08309665875599999	2.06232721273729	2.1914372609084207
1990	04	04	6.1073240324	1.7772901182939245	1.6421292362004647
1990	04	05	12.607593738	1.9365755534240403	1.569382534357572
1990	04	06	10.278047215199999	2.900671608158952	1.5514498918937254
1990	04	07	0.0573567751524	2.531800074173421	2.02317832246332
1990	04	08	2.61982566772	2.0204099929662065	1.8278691104553277
1990	04	09	0.27923720026399995	1.8359742259734408	2.1359512751152767
1990	04	10	0.337722144304	1.584470907346942	2.2919523585066224
1990	04	11	0.00265768148448	1.5090199117589924	3.0411890670985757
1990	04	12	0.0150817483836	1.475486135942126	2.8371800996569796
1990	04	13	4.170133686800001	1.4587192480336928	1.9544643300313644
1990	04	14	0.24570136231999995	1.6096212392095919	2.778067799135776
1990	04	15	1.4474836580000001	1.5257867996674257	2.208020914236898
1990	04	16	0.0144166561772	1.4587192480336928	3.092280006310322
1990	04	17	0.6694279019399999	1.4168020282626097	2.395333505375476
1990	04	18	0.08964777534400001	1.34135103267466	2.592568047358725
1990	04	19	0.69437166454	1.2910503689493602	2.7531879809822963
1990	04	20	4.084668841959999	1.274283481040927	1.90553886405996
1990	04	21	1.8911459540000002	1.34135103267466	2.2671006188601357
1990	04	22	1.19635009004	1.2826669249951437	2.6663528372016794
1990	04	23	1.10290004648	1.2239828173156273	2.5946237116650233
1990	04	24	2.1930994016399996	1.1904490414987607	2.7040097156122984
1990	04	25	0.464293819296	1.1820655975445442	3.0483606531502416
1990	04	26	0.0303951782032	1.1401483777734611	3.3383529673955454
1990	04	27	0.00041370620104	1.0646973821855115	3.7190296268228535
1990	04	28	0.484143480736	1.006013274505995	3.846510004583936
1990	04	29	0.158335516484	0.9724794986891285	4.037423127379746
1990	04	30	0.104556927856	0.9054119470553955	3.8054196539644733
1990	05	01	0.29836271340799997	0.8970285031011789	3.4048381434645782
1990	05	02	0.20199669936	0.9221788349638289	3.613133948208266
1990	05	03	0.00204639581072	0.8551112833300958	3.9451035084351935
1990	05	04	0.0021093003584	0.8383443954216625	3.8731496597248976
1990	05	05	3.49151796676	0.8048106196047959	3.763862163994374
1990	05	06	0.453272507	0.8215775075132292	3.91840742782064
1990	05	07	0.0461416698496	0.8131940635590126	3.83538143207276
1990	05	08	3.9510237283999996	0.7880437316963628	3.7354348974252862
1990	05	09	4.9619532712000005	0.8467278393758791	3.7267811412169554
1990	05	10	0.282766807564	0.8886450591469622	4.196745343890435
1990	05	11	0.5744049974800001	0.8551112833300958	4.293312670197674
1990	05	12	12.2355941888	0.9473291668264785	2.340491326266205
1990	05	13	1.56098179496	1.1652987096361107	2.997405691578634
1990	05	14	1.1881310896000001	1.1233814898650278	3.0540973147409423
1990	05	15	0.0106359844324	1.0479304942770782	3.5471543674006045
1990	05	16	1.68028979532	0.9389457228722621	4.325377474103483
1990	05	17	0.136147742764	0.8634947272843123	3.446817001500254
1990	05	18	2.3386551867999996	0.8215775075132292	3.6216447201234163
1990	05	19	0.25359005484	0.8048106196047959	3.703323560962732
1990	05	20	0.8955934809160001	0.7796602877421461	3.2062988809987405
1990	05	21	0.109668057844	0.7545099558794962	3.249832281564894
1990	05	22	5.4079488304	0.737743067971063	3.152356504133358
1990	05	23	0.97601977984	0.7125927361084131	3.6494634127017718
1990	05	24	0.30292616358	0.6874424042457632	3.9062708181971133
1990	05	25	0.77298841992	0.6874424042457632	3.49837559013714
1990	05	26	1.5163370760400001	0.6958258481999798	3.6811509559688806
1990	05	27	0.0549009671436	0.7125927361084131	3.950489221256268
1990	05	28	0.000405205459544	0.6874424042457632	4.707117413686241
1990	05	29	0.08134075934799999	0.6455251844746801	4.804726748843462
1990	05	30	0.00081607810544	0.603607964703597	5.191493426503262
1990	05	31	0.253077412004	0.5784576328409471	5.006974837385597
1990	06	01	0.16099520834	0.5868410767951636	4.94003485966186
1990	06	02	0.19102361164	0.5784576328409471	5.7158856889218015
1990	06	03	9.1083293184	0.5700741888867306	4.208460663691087
1990	06	04	2.04861516808	0.5533073009782973	4.00820214148083
1990	06	05	0.00066472148948	0.5449238570240806	3.5462263407245107
1990	06	06	0.0010877448649599998	0.536540413069864	4.552276654585379
1990	06	07	0.005666295452399999	0.5281569691156474	4.633016517891431
1990	06	08	0.0144708926616	0.5030066372529975	4.566533915023704
1990	06	09	0.0	0.47785630539034757	5.701093855746834
1990	06	10	1.51163774704	0.45270597352769776	5.026260110244615
1990	06	11	1.44583145284	0.45270597352769776	4.092496755826831
1990	06	12	0.54534137094	0.45270597352769776	4.5739133372880385
1990	06	13	1.6283791578800002	0.46108941748191445	4.434195565065069
1990	06	14	1.4294693258	0.46108941748191445	3.8536767887211774
1990	06	15	0.0074674919232	0.46947286143613104	4.913412296375318
1990	06	16	0.56754373944	0.46108941748191445	3.413650219002104
1990	06	17	0.423373117752	0.4443225295734811	3.3825309012475007
1990	06	18	0.75183140848	0.4275556416650479	4.252775377920194
1990	06	19	2.2313051128	0.41917219771083125	3.289186903834537
1990	06	20	0.038315366924	0.4107887537566146	3.6358962155917993
1990	06	21	1.62376872868	0.40240530980239797	3.2726066585047953
1990	06	22	0.0169932357528	0.4275556416650479	4.127498564848233
1990	06	23	0.00209918451196	0.4359390856192645	5.138127762768732
1990	06	24	0.0020870351895599997	0.41917219771083125	6.511861876881225
1990	06	25	11.833029272	0.40240530980239797	5.057383631780578
1990	06	26	0.45689253538	0.4359390856192645	5.1919351852781315
1990	06	27	0.496947505	0.4359390856192645	4.399551833497811
1990	06	28	0.0635502207472	0.4107887537566146	4.8397623920833235
1990	06	29	0.3455506702	0.3940218658481814	4.186305438226615
1990	06	30	0.366595696416	0.38563842189396474	3.7858398360101475
1990	07	01	0.0012114654330399998	0.38563842189396474	5.163998837490639
1990	07	02	0.682499319688	0.3772549779397481	3.774676003414472
1990	07	03	0.0016411682736	0.3688715339855315	4.545658427634507
1990	07	04	0.00307161949056	0.3437212021228816	5.211582840656049
1990	07	05	0.8500742446799999	0.335337758168665	4.367634498839826
1990	07	06	0.0012170360751599999	0.31857087026023173	5.617805992337205
1990	07	07	0.000810410919088	0.31018742630601515	6.368748835604938
1990	07	08	0.0012152738624399998	0.31018742630601515	6.028908126820618
1990	07	09	0.00080641873808	0.2850370944433653	6.273911025179708
1990	07	10	0.00041370620104	0.25988676258071536	6.828857290422975
1990	07	11	0.0020393644545599996	0.2515033186264988	6.7723366760309665
1990	07	12	0.10439065195200001	0.23473643071806552	5.480640946744818
1990	07	13	0.09287955405199999	0.22635298676384888	4.7318479360112224
1990	07	14	0.28028462056	0.22635298676384888	4.19942751069485
1990	07	15	0.00113318882636	0.21796954280963224	5.5847038049473
1990	07	16	0.0028679760056	0.20958609885541563	6.15287300598601
1990	07	17	0.000419373482472	0.20120265490119899	6.453478176173686
1990	07	18	0.000419373482472	0.20120265490119899	6.543785634178847
1990	07	19	0.00163215554532	0.19281921094698237	6.23836273934582
1990	07	20	0.22291986153999999	0.18443576699276576	6.137452639254776
1990	07	21	2.1499442060000002	0.17605232303854912	6.0033719991005485
1990	07	22	1.6912763843999998	0.17605232303854912	5.145695128506184
1990	07	23	2.52728002512	0.17605232303854912	5.005553411525842
1990	07	24	1.7629895236000002	0.1676688790843325	5.350308706016589
1990	07	25	0.024600086432	0.1676688790843325	4.315216569683792
1990	07	26	0.25720242928000003	0.15928543513011587	4.0089505692438845
1990	07	27	4.90853466496	0.1676688790843325	2.5315610802140047
1990	07	28	0.0012794429741200002	0.17605232303854912	4.257547224530753
1990	07	29	0.0	0.18443576699276576	4.992698317567399
1990	07	30	0.0	0.18443576699276576	5.045374351083876
1990	07	31	0.0014199869023200002	0.17605232303854912	5.690772367278703
1990	08	01	0.00685434315684	0.15928543513011587	5.840433629907781
1990	08	02	0.006663698629159999	0.15928543513011587	5.70110289150948
1990	08	03	0.00081273347628	0.15928543513011587	6.015918900878869
1990	08	04	0.021545753626400002	0.15090199117589925	5.7626675550676225
1990	08	05	0.00122166856292	0.14251854722168264	5.71525712999391
1990	08	06	0.00082458120492	0.134135103267466	5.49709068149663
1990	08	07	0.00081041086204	0.1257516593132494	4.991187507852577
1990	08	08	0.00041370624858	0.11736821535903276	5.50865281184773
1990	08	09	0.00204651504104	0.11736821535903276	5.7309418822504545
1990	08	10	0.0	0.10898477140481612	5.192982145322315
1990	08	11	0.0	0.10898477140481612	5.262336332769201
1990	08	12	0.0032719152087200003	0.10060132745059949	4.63366387451211
1990	08	13	0.0850366672728	0.09221788349638288	4.36304743486415
1990	08	14	0.002479905084	0.10060132745059949	4.47468531529559
1990	08	15	0.00041370624858	0.10898477140481612	4.777869437236675
1990	08	16	0.0129621204356	0.10060132745059949	4.430889009240039
1990	08	17	0.00163040702412	0.10060132745059949	5.179653809591279
1990	08	18	0.00162082134376	0.09221788349638288	5.631817815002202
1990	08	19	2.16808651588	0.09221788349638288	4.833015571561392
1990	08	20	10.7263617756	0.09221788349638288	3.9381214897762753
1990	08	21	4.1247577076	0.09221788349638288	4.247862971796834
1990	08	22	1.48178072544	0.11736821535903276	3.990748889393754
1990	08	23	12.3160699008	0.11736821535903276	2.94442402008967
1990	08	24	0.40558203339199994	0.11736821535903276	3.129421155178451
1990	08	25	0.12251818639999999	0.1257516593132494	3.771483500372003
1990	08	26	0.035551258212	0.134135103267466	4.14734225762883
1990	08	27	0.000165271364784	0.134135103267466	4.286078535485844
1990	08	28	0.0440549148608	0.134135103267466	4.164011352070866
1990	08	29	1.57297775332	0.134135103267466	3.365993887164939
1990	08	30	0.114172520384	0.1257516593132494	3.044696702256693
1990	08	31	0.0548248470464	0.10898477140481612	3.518128510006311
1990	09	01	0.3549512298	0.10898477140481612	3.4118803026273494
1990	09	02	0.014879000742399999	0.10898477140481612	3.896374201182247
1990	09	03	0.058985968099999994	0.11736821535903276	4.251139373178729
1990	09	04	0.00203621645084	0.10898477140481612	4.205192444398435
1990	09	05	0.0020430283623599998	0.10060132745059949	4.204248146272094
1990	09	06	0.0022989996958	0.10060132745059949	4.146935404373152
1990	09	07	0.00041370620104	0.09221788349638288	3.935869414975267
1990	09	08	0.061915411424	0.08383443954216625	3.9324174077023604
1990	09	09	3.22977432652	0.08383443954216625	3.0656196146912067
1990	09	10	0.6426759174080001	0.08383443954216625	3.5053763216204668
1990	09	11	2.35677971672	0.09221788349638288	3.0108439969237546
1990	09	12	3.40516830744	0.09221788349638288	3.354876982513933
1990	09	13	0.72098488932	0.09221788349638288	2.5962120087768565
1990	09	14	0.19759649204000002	0.09221788349638288	3.4974824263564415
1990	09	15	0.110832797352	0.09221788349638288	3.198213539332907
1990	09	16	2.9680946751199997	0.09221788349638288	3.0055858634370245
1990	09	17	1.573759406	0.09221788349638288	3.1615664920802797
1990	09	18	0.00245242715416	0.09221788349638288	3.62412589467531
1990	09	19	2.51252199276	0.09221788349638288	3.3760625389638457
1990	09	20	1.4605455582400002	0.10898477140481612	2.6544125781961374
1990	09	21	0.0296291642816	0.10898477140481612	2.9369528023812217
1990	09	22	0.07185167076	0.10060132745059949	2.5441126855750547
1990	09	23	1.0314179516800002	0.10898477140481612	1.5578128340007869
1990	09	24	0.07022759026400001	0.10898477140481612	2.134583675509732
1990	09	25	0.14478430604	0.10898477140481612	2.315121302655564
1990	09	26	0.0008274125446999999	0.10898477140481612	3.1611688980155668
1990	09	27	0.0203053057176	0.10898477140481612	3.298354411299031
1990	09	28	20.644504568400002	0.10898477140481612	2.3823245112251406
1990	09	29	22.3853528124	0.1257516593132494	1.7846388495791428
1990	09	30	11.942701675	0.14251854722168264	1.4880959730724332
1990	10	01	0.18655152384	0.14251854722168264	2.1496177654473514
1990	10	02	0.00130686499692	0.14251854722168264	2.5713497124231077
1990	10	03	14.7334884088	0.15090199117589925	1.4649810048510952
1990	10	04	0.092371650954	0.1676688790843325	2.0715541625926472
1990	10	05	0.00163068484788	0.15928543513011587	2.5136850924504066
1990	10	06	0.0013560696575599998	0.14251854722168264	2.462110783651193
1990	10	07	0.17154961128000001	0.14251854722168264	1.5188140022043455
1990	10	08	0.00162815790672	0.134135103267466	2.1488240812319694
1990	10	09	0.00165724287872	0.1257516593132494	2.470183296945641
1990	10	10	0.0016437839244	0.1257516593132494	2.344325226858918
1990	10	11	0.143025021784	0.1257516593132494	2.1504730283595883
1990	10	12	1.27928894452	0.134135103267466	2.139502051299961
1990	10	13	11.562631260000002	0.15090199117589925	1.2419013439406388
1990	10	14	33.4285420656	0.19281921094698237	1.3534544093514178
1990	10	15	23.105533420000004	0.31857087026023173	1.2417122530543316
1990	10	16	25.802201888	0.40240530980239797	1.0482729174845509
1990	10	17	5.87059251728	0.6287582965662468	1.0617045199220392
1990	10	18	15.237453293200002	0.6958258481999798	1.0977197297221992
1990	10	19	0.81722667184	0.7461265119252796	1.378349729665428
1990	10	20	15.308189960799998	0.6119914086578137	1.1640312177509746
1990	10	21	5.4718939336000005	0.6287582965662468	1.2073217308528221
1990	10	22	9.821616625999999	0.7293596240168464	1.045318396708443
1990	10	23	12.7383506064	1.0898477140481613	1.1079172265349058
1990	10	24	7.40382578472	0.9808629426433451	0.7915081370257454
1990	10	25	31.729983503999996	1.0814642700939445	1.084911144044754
1990	10	26	3.9662636262000004	1.919808665515607	0.9500651978277586
1990	10	27	2.5118327578399997	1.2491331491782771	0.8784989934414855
1990	10	28	7.9033747736	1.274283481040927	1.1248803019589912
1990	10	29	6.6199003124	1.5928543513011588	0.732333109368002
1990	10	30	10.3774314868	1.768906674339708	0.9142178349678219
1990	10	31	9.88532498	3.3366106937782165	1.2329741598169284
1990	11	01	0.187071440296	2.079094100645723	1.0462162634536742
1990	11	02	0.146433677816	1.4000351403541764	0.9222557367065868
1990	11	03	0.29423803841999996	1.1652987096361107	1.0534812334549015
1990	11	04	0.000810410919088	1.0227801624144282	1.1000578422714753
1990	11	05	0.00041370620104	0.9054119470553955	1.0156010648761864
1990	11	06	0.006437766966000001	0.8551112833300958	1.087822032242838
1990	11	07	20.6064250284	0.8048106196047959	1.10580032069627
1990	11	08	9.1078957536	1.2659000370867104	0.8216723325914048
1990	11	09	3.3235175968	1.5257867996674257	0.9252808882074445
1990	11	10	1.2342253031200001	1.3581179205830933	0.899615973750563
1990	11	11	0.0028449390724	1.1736821535903272	1.2899369843041049
1990	11	12	0.0016321556404	1.0395470503228614	1.3498023532090695
1990	11	13	0.000821022931	0.9305622789180455	1.2494908311315178
1990	11	14	0.5071266271799999	0.8886450591469622	1.2898519949798286
1990	11	15	0.008318882930800001	0.8383443954216625	1.3408211071536478
1990	11	16	0.0012241166827600001	0.8131940635590126	1.2894214173539291
1990	11	17	0.00122379673856	0.7964271756505794	1.4456259152205564
1990	11	18	0.032511407992	0.7545099558794962	1.2364054198012366
1990	11	19	0.007574012899600001	0.7461265119252796	1.1134453811216412
1990	11	20	10.3718674052	0.7209761800626298	0.7425138087237717
1990	11	21	1.82966703584	0.8551112833300958	0.7276718495056146
1990	11	22	0.11727518045199999	0.871878171238529	0.6086020241339387
1990	11	23	14.7846015152	0.8215775075132292	0.8609734931278455
1990	11	24	7.1274159594	1.1736821535903272	0.769831526902158
1990	11	25	3.53497989048	1.5006364678047759	0.5831828064690034
1990	11	26	1.04305431748	1.4587192480336928	0.626796404122874
1990	11	27	0.8914029535200001	1.34135103267466	0.6904430967236548
1990	11	28	0.045553427003999995	1.2323662612698438	0.6721229648103175
1990	11	29	0.0	1.1569152656818942	0.7223655368180704
1990	11	30	0.00081041086204	1.0814642700939445	0.8260803659625549
1990	12	01	0.0020430281722	0.9808629426433451	0.8652188642445663
1990	12	02	0.004080013059600001	0.9221788349638289	0.8699152426088758
1990	12	03	0.00162667218664	0.8886450591469622	0.7912557215891071
1990	12	04	0.0024574015495999997	0.8383443954216625	0.8035103467093071
1990	12	05	0.00121844915412	0.8048106196047959	0.8136762607433502
1990	12	06	0.00163215554532	0.7964271756505794	0.775177138090042
1990	12	07	0.378677493	0.7964271756505794	0.8156191325117033
1990	12	08	2.99825633304	0.8467278393758791	0.6859765147605158
1990	12	09	3.2792697418000003	0.8215775075132292	0.4674505434593851
1990	12	10	4.6313068664	0.8467278393758791	0.40713850003938873
1990	12	11	0.507974065712	0.9557126107806951	0.5001756290338538
1990	12	12	0.064464563272	1.0395470503228614	0.740431947824373
1990	12	13	0.0156405097736	0.9557126107806951	0.797647441342482
1990	12	14	0.00177490390332	0.9054119470553955	0.7154722682872913
1990	12	15	0.0012127824812	0.9054119470553955	0.6689125202007721
1990	12	16	0.00244487295308	0.8383443954216625	0.7276216451865811
1990	12	17	0.0044810519424	0.8383443954216625	0.6296148055215595
1990	12	18	0.112808245988	0.7964271756505794	0.619462908700168
1990	12	19	0.0033171919244000003	0.7964271756505794	0.609061821813756
1990	12	20	0.000419373510996	0.7964271756505794	0.6400973086507817
1990	12	21	0.0012241166827600001	0.7964271756505794	0.7240576392004087
1990	12	22	0.0	0.7461265119252796	0.7439357292306412
1990	12	23	0.375473030776	0.7209761800626298	0.5983615512614264
1990	12	24	0.58232050256	0.7461265119252796	0.6045956752946431
1990	12	25	4.54472093328	0.8048106196047959	0.7813836731919579
1990	12	26	0.759601574272	0.8970285031011789	0.4855830604532675
1990	12	27	6.76834082476	0.9054119470553955	0.7178259333713424
1990	12	28	3.04462637364	1.0395470503228614	0.8321890611987489
1990	12	29	3.9673885176799994	1.3078172568577935	0.4876982775203268
1990	12	30	3.2878485249600002	1.8862748896987407	0.4330901948338154
1990	12	31	12.036672566800002	3.848000774985431	0.7351908457931544
1991	01	01	0.00198036836044	2.8336040565252194	0.7573936269847337
1991	01	02	0.14042041928	1.9533424413324736	0.6972851812640618
1991	01	03	7.166831848799999	1.676688790843325	0.5816588691222059
1991	01	04	1.7772249012	2.3892815269517382	0.5784728552101653
1991	01	05	3.3703782502	2.305447087409572	0.6286701867276944
1991	01	06	27.682456428000002	4.812096829720343	0.38262234891202485
1991	01	07	17.8690917952	15.67704019438509	0.5742900240558234
1991	01	08	14.908531639599998	6.63130416778535	0.4775430214066357
1991	01	09	21.6151991076	13.83268252445743	0.7699136405241137
1991	01	10	30.1734174144	21.21011320416806	0.4730705507701154
1991	01	11	12.1353190176	18.024404501565744	0.6897205465772053
1991	01	12	0.0239637692368	9.221788349638288	0.6544907618513212
1991	01	13	0.0016515580455200001	5.98577898331067	0.6762473354930761
1991	01	14	0.0012127824812	4.795329941811909	0.6753095470209604
1991	01	15	0.000153627763396	3.965368990344464	0.6903683670383809
1991	01	16	7.6378591196	4.141421313383013	0.4216111156982761
1991	01	17	7.904101184799999	10.814642700939446	0.528736867217093
1991	01	18	1.72095066224	8.467278393758791	0.6944195047829335
1991	01	19	0.125789432816	5.306720023019124	1.0069545120035728
1991	01	20	0.0012557722376400002	4.351007412238429	1.0311617462525475
1991	01	21	0.00041370620104	3.789316667305914	1.017022454183728
1991	01	22	0.00053779301728	3.4372120212288158	0.9013458598612311
1991	01	23	0.00244052855772	3.244392810281834	0.8648760941409345
1991	01	24	0.00122385559308	3.0012729356095518	0.7548776116003664
1991	01	25	0.0012371576654	2.9342053839758186	0.8721980630573228
1991	01	26	0.00081041086204	2.7581530609372695	0.8396940495778092
1991	01	27	0.0016321547846800003	2.5737172939445037	0.8358468615728925
1991	01	28	0.00121884677868	2.456349078585471	0.8872197404604362
1991	01	29	3.5443005828799996	2.531800074173421	0.592344746264459
1991	01	30	0.74955357692	2.925821940021602	0.7573191656564986
1991	01	31	1.1705295947599998	2.7581530609372695	0.937014802869451
1991	02	01	16.0399370504	3.1437914828312343	0.7214466874861943
1991	02	02	6.674673048000001	3.168941814693884	0.5985873984805407
1991	02	03	0.00383527457244	2.909055052113169	0.9850740997117385
1991	02	04	0.31929577341599996	2.7833033927999193	1.0729410509256612
1991	02	05	1.05715658308	3.269543142144484	0.8897631192400568
1991	02	06	8.300558162399998	4.233639196879396	0.7025363082024904
1991	02	07	8.9250721264	5.8600273239974205	0.6237292472277546
1991	02	08	5.67137110804	4.9965325967131085	0.7540467646406065
1991	02	09	15.7825726048	13.162007008120101	0.8141968913726948
1991	02	10	0.61075807484	7.134310805038348	0.8461805595199624
1991	02	11	0.015586302764	4.736645834132394	0.9286011581835201
1991	02	12	0.291862169872	4.099504093611929	0.9307892792035828
1991	02	13	0.0749681706728	3.571347124496282	1.0209821200419351
1991	02	14	0.00042239130265599997	3.3366106937782165	1.0168005552246229
1991	02	15	1.47314223204	3.965368990344464	1.1805398347334835
1991	02	16	9.9714075596	3.8144669991685642	0.8771029891808524
1991	02	17	0.17694703665599998	3.6719484519468817	0.9534818762834995
1991	02	18	1.7842032027199999	3.286310030052917	1.071693604396202
1991	02	19	0.20731969611200002	3.101874263060151	1.5187196849253584
1991	02	20	0.0449734703804	2.8419875004794357	1.32298004075492
1991	02	21	3.8843861497600005	2.883904720250519	1.0698921027921218
1991	02	22	0.029238505282399997	2.9342053839758186	1.155176137234379
1991	02	23	0.0005203897071920001	2.68270206534932	1.7952364592716354
1991	02	24	0.0	2.5821007378987204	1.6859185011667421
1991	02	25	0.16128739868800002	2.481499410448121	1.6248368885912632
1991	02	26	1.29210848584	2.3557477511348717	1.318186683793685
1991	02	27	3.16471431524	2.540183518127637	0.9622909933067174
1991	02	28	28.41684484	5.943861763539587	1.2022363536700962
1991	03	01	0.6949615884	7.092393585267266	1.1614389510507064
1991	03	02	0.227403064192	4.3090901924673455	1.5103494826960615
1991	03	03	0.23978986790800003	3.965368990344464	1.5683689995100756
1991	03	04	25.4051383	4.543826623185411	0.9518156821133978
1991	03	05	16.7735210856	7.042092921541965	1.1823252836361051
1991	03	06	23.0588719592	11.736821535903275	1.0642033146192453
1991	03	07	5.67566691752	8.886450591469622	1.0714517775874972
1991	03	08	11.501255218399999	10.98231158002378	1.1790987360502452
1991	03	09	8.1226264012	11.569152656818943	1.310620702332004
1991	03	10	0.5742414123399999	9.473291668264787	1.6677523386134463
1991	03	11	12.7955184072	7.151077692946781	1.5881015143341375
1991	03	12	11.4162099616	23.054470874095717	1.4761746729114025
1991	03	13	1.05659190296	10.227801624144282	1.6878846049059757
1991	03	14	0.023948265492	7.100777029221481	2.1910806422400295
1991	03	15	3.20780209916	6.195365082166086	1.6184802578820836
1991	03	16	20.652348668400002	10.73080826139728	1.0928771854219637
1991	03	17	3.43279009332	11.82065597544544	1.2920670697361967
1991	03	18	0.8504790477799999	7.377430679710631	1.5667763287119987
1991	03	19	0.11398488000399999	6.069613422852837	2.4099946276157125
1991	03	20	0.0099185002936	5.331870354881773	2.957295847258951
1991	03	21	8.8721173204	5.2480359153396074	1.2979628193409727
1991	03	22	2.9454272228	5.348637242790207	1.3949635914382692
1991	03	23	1.6429830655600002	4.7450292780866095	1.3548632163925065
1991	03	24	0.21181710371600002	4.703112058315527	1.5354711822639933
1991	03	25	0.00291855495256	4.233639196879396	2.143109992332008
1991	03	26	2.3452419488799996	3.8731511068480806	2.182900958745271
1991	03	27	4.04880818392	3.6803318959010984	1.6315134654551493
1991	03	28	0.316628437128	3.4372120212288158	2.3679964935184237
1991	03	29	0.00081041086204	3.2946934740071336	2.665453896537244
1991	03	30	0.09813837180400001	3.0515735993348514	2.698387320508148
1991	03	31	0.000810410919088	2.883904720250519	2.6992778332374234
1991	04	01	0.000385370145676	2.791686836754136	2.7041227280341915
1991	04	02	0.312103931724	2.6575517334866703	2.3330855812472695
1991	04	03	2.30681840944	2.68270206534932	1.5103851084245632
1991	04	04	15.1620976392	3.2276259223734005	1.6963263697196136
1991	04	05	4.083377940800001	4.292323304558912	1.6377896173059172
1991	04	06	0.022782099784	3.462362353091466	2.4117782476567275
1991	04	07	0.0005305350379399999	3.0096563795637685	2.6757074616710206
1991	04	08	0.0	2.724619285120403	3.194412761941107
1991	04	09	0.0054868709352	2.506649742310771	3.349029181610398
1991	04	10	0.0	2.305447087409572	3.1411110510101232
1991	04	11	0.0020951686180000002	2.229996091821622	3.26061246537399
1991	04	12	2.51964110776	2.1545450962336727	2.3847402443783867
1991	04	13	1.02947185424	2.146161652279456	2.2074876568620527
1991	04	14	5.6684471128	2.129394764371023	2.327497636306177
1991	04	15	4.42358910836	3.3030769179613504	2.6150876202292546
1991	04	16	0.046436967412	2.8336040565252194	2.8200336945927242
1991	04	17	2.12951969088	2.414431858814388	2.840753810055892
1991	04	18	0.0010112198220400001	2.213229203913189	3.0892907207633056
1991	04	19	0.0	2.08747754459994	3.0957067141560475
1991	04	20	0.0016199359588	1.9617258852866901	3.02201935160201
1991	04	21	0.00041370624858	1.8443576699276578	2.9052166941642255
1991	04	22	0.139901120844	1.768906674339708	2.8397870382395447
1991	04	23	0.36970118036	1.7353728985228414	3.165519351777354
1991	04	24	2.00372999184	1.676688790843325	1.968783596836184
1991	04	25	4.05994015032	1.785673562248141	1.9256005728775294
1991	04	26	0.5721995218	1.743756342477058	2.1256034130979784
1991	04	27	2.3284645124	1.785673562248141	1.9623692164348652
1991	04	28	0.6068756732	1.8192073380650076	2.521782945270964
1991	04	29	0.00152715385224	1.6683053468891083	3.749110973082951
1991	04	30	0.074692680176	1.5760874633927255	3.330020651791552
1991	05	01	0.6883341320799999	1.5090199117589924	2.6289524020812194
1991	05	02	0.8084482872359999	1.450335804079476	2.3812156501084476
1991	05	03	0.152216025064	1.4419523601252595	2.809541235102292
1991	05	04	0.027536584692000002	1.3748848084915264	3.09844379811762
1991	05	05	0.24339533954	1.3497344766288766	2.452802611663345
1991	05	06	0.0008154359351200001	1.299433812903577	2.995684678918724
1991	05	07	0.152134712648	1.2407497052240606	2.906122935810144
1991	05	08	0.285336392104	1.2407497052240606	2.5324035045023536
1991	05	09	0.180085532376	1.1820655975445442	2.825790967915078
1991	05	10	0.0010762498831200001	1.1736821535903272	3.4170807206530824
1991	05	11	0.0016415658981600001	1.114998045910811	3.5531341142732105
1991	05	12	0.0	1.1066146019565946	4.297269828265589
1991	05	13	0.0024454007421599996	1.0395470503228614	4.3367973983477395
1991	05	14	0.41473629776	1.0395470503228614	4.653513419461653
1991	05	15	0.032381522056400006	1.0814642700939445	4.652725509133095
1991	05	16	0.0016141291379600001	1.006013274505995	4.713792757265195
1991	05	17	0.00122277025488	0.9557126107806951	4.780166780550609
1991	05	18	0.0016264889674800001	0.8886450591469622	4.51816752636521
1991	05	19	0.00081041086204	0.8383443954216625	4.649588394828295
1991	05	20	0.00123040774604	0.8383443954216625	4.830651826980519
1991	05	21	0.000405205459544	0.8048106196047959	5.362840588276876
1991	05	22	0.00041370620104	0.737743067971063	5.059755488032542
1991	05	23	0.00186499391476	0.7042092921541965	5.2574525518123885
1991	05	24	0.0016257773887600002	0.6958258481999798	5.466539369817624
1991	05	25	0.00204586222176	0.6622920723831134	6.048792733125719
1991	05	26	0.0095419017248	0.6203748526120303	5.612509016982109
1991	05	27	0.9903639289600001	0.6119914086578137	5.2528737227761635
1991	05	28	2.5358672704000003	0.6119914086578137	4.61267221386884
1991	05	29	5.7499154599999995	0.6203748526120303	3.9533227160780076
1991	05	30	17.8876514112	0.9976298305517783	2.8675188614836973
1991	05	31	5.2284368396000005	1.1569152656818942	3.153712811767209
1991	06	01	4.2729346582000005	1.0227801624144282	4.052481896074851
1991	06	02	0.833609783036	0.8970285031011789	4.212924695701135
1991	06	03	0.017920027102	0.7964271756505794	4.367735972507766
1991	06	04	0.0143604353732	0.7461265119252796	3.5879120704257614
1991	06	05	2.6056807112	0.7209761800626298	3.238041745587049
1991	06	06	0.28543120588	0.7461265119252796	3.27841218550981
1991	06	07	7.04868572604	0.8467278393758791	2.40100098074586
1991	06	08	0.0195748631256	0.8551112833300958	4.357334402374184
1991	06	09	0.6089084836	0.7712768437879295	3.5212171963592658
1991	06	10	0.0041802630346	0.7461265119252796	4.042590501992559
1991	06	11	0.0	0.6958258481999798	5.450598502167563
1991	06	12	0.00162906069132	0.6622920723831134	4.702777434897253
1991	06	13	0.0020222200092799994	0.6371417405204635	5.165936053171862
1991	06	14	0.0	0.5868410767951636	5.790244807717049
1991	06	15	0.00178186775268	0.5616907449325139	5.603612461084169
1991	06	16	0.029114848037599998	0.5030066372529975	3.8579911119293318
1991	06	17	0.00121844915412	0.48623974934456426	4.132859055559022
1991	06	18	0.00041370620104	0.48623974934456426	4.534962861015708
1991	06	19	0.0047594423791999995	0.48623974934456426	4.861281642926451
1991	06	20	0.96677895464	0.4443225295734811	3.9282669837898068
1991	06	21	0.04799198750079999	0.4359390856192645	4.5606596712601
1991	06	22	0.331594200272	0.4359390856192645	4.1296498030257025
1991	06	23	0.000810410919088	0.4359390856192645	5.446253314219476
1991	06	24	0.00018484185232800002	0.4107887537566146	5.686873448082646
1991	06	25	0.0066242720908	0.3940218658481814	5.822660713902836
1991	06	26	0.0090746957192	0.3688715339855315	5.013464691905444
1991	06	27	0.00040733740985999996	0.3688715339855315	4.998011423895753
1991	06	28	0.0008229293325400001	0.3437212021228816	5.6320901937973895
1991	06	29	0.00081041086204	0.3437212021228816	6.049257718196836
1991	06	30	0.00041370620104	0.335337758168665	6.207614056680201
1991	07	01	0.81552331364	0.3437212021228816	5.668079367096261
1991	07	02	0.003541720492	0.31018742630601515	4.061115689864156
1991	07	03	0.0091220997548	0.3018039823517985	4.3533125042124645
1991	07	04	2.54444900104	0.31018742630601515	3.720804772516566
1991	07	05	4.4757930676	0.32695431421444837	3.1211169005073076
1991	07	06	3.71025606728	0.3437212021228816	3.2399608728222655
1991	07	07	2.6311708985599997	0.3772549779397481	3.3930805232309
1991	07	08	0.16814736364	0.3940218658481814	4.798520434175142
1991	07	09	0.00167433845288	0.3940218658481814	5.966708836925205
1991	07	10	0.00081607810544	0.3688715339855315	5.425635522038601
1991	07	11	0.00727084404432	0.35210464607709824	4.948221482321096
1991	07	12	0.009675155394	0.31857087026023173	5.828375251698836
1991	07	13	0.00318167240372	0.31018742630601515	6.066042848931106
1991	07	14	0.000419373482472	0.3018039823517985	6.120079025731299
1991	07	15	0.00012100004404	0.27665365048914864	6.4873980084416205
1991	07	16	0.0007711892210799999	0.25988676258071536	6.363086749229477
1991	07	17	0.0020340150636	0.2515033186264988	6.365643058258741
1991	07	18	0.00121844915412	0.23473643071806552	6.703396007813544
1991	07	19	1.5380226371999999	0.23473643071806552	5.174253174224654
1991	07	20	1.0623692489999998	0.21796954280963224	6.030322360329277
1991	07	21	4.975034377599999	0.21796954280963224	4.965806165194427
1991	07	22	0.434661985168	0.24311987467228213	5.032584005248442
1991	07	23	0.0245032065676	0.20958609885541563	4.736528466933986
1991	07	24	0.011478591949599999	0.18443576699276576	4.124605577327089
1991	07	25	0.0024945342829599997	0.14251854722168264	4.904979969386607
1991	07	26	0.0	0.14251854722168264	5.7742377564873335
1991	07	27	0.0	0.14251854722168264	6.289458762108981
1991	07	28	0.72321850868	0.14251854722168264	5.329436510703271
1991	07	29	2.1905186452	0.134135103267466	2.8022226219044373
1991	07	30	5.89055370756	0.14251854722168264	2.567639121250202
1991	07	31	0.65416257024	0.15928543513011587	3.0021605332011454
1991	08	01	0.30621070218	0.1676688790843325	4.185245298940099
1991	08	02	0.00170377360452	0.1676688790843325	5.542670230286165
1991	08	03	0.0034763487134000003	0.1676688790843325	5.452470354986672
1991	08	04	2.5125165731999997e-06	0.1676688790843325	5.705480947789037
1991	08	05	0.00214665130036	0.1676688790843325	5.822542842729342
1991	08	06	0.047559277469999994	0.15090199117589925	5.355241793824763
1991	08	07	0.16216834341199998	0.134135103267466	3.788847399308503
1991	08	08	0.0012188219627999998	0.1257516593132494	4.809427695308985
1991	08	09	0.00040054166193999996	0.1257516593132494	5.138024446929895
1991	08	10	0.0024559677432000005	0.1257516593132494	5.515727489715426
1991	08	11	0.00081699363076	0.10898477140481612	5.631314286253758
1991	08	12	0.0	0.10898477140481612	5.568484697887174
1991	08	13	0.0	0.10898477140481612	5.3597918516893275
1991	08	14	0.00081041086204	0.10898477140481612	5.268460109363752
1991	08	15	0.00041370620104	0.10898477140481612	5.829488714071509
1991	08	16	0.0	0.10898477140481612	5.926601852064442
1991	08	17	0.00158450762952	0.08383443954216625	6.270943403665024
1991	08	18	1.40809325004	0.08383443954216625	5.910727052216437
1991	08	19	3.3377104736399996	0.08383443954216625	4.476569931134742
1991	08	20	0.0016250724656399998	0.08383443954216625	5.217750151397476
1991	08	21	0.9483711148439999	0.07545099558794963	3.376101750120266
1991	08	22	6.423329068	0.08383443954216625	2.4518876795508735
1991	08	23	0.00081041086204	0.09221788349638288	4.189306196824865
1991	08	24	0.00041370624858	0.10898477140481612	4.606094910595586
1991	08	25	0.000405205459544	0.10898477140481612	4.8159799724727295
1991	08	26	0.074606908508	0.10898477140481612	3.8298791644530117
1991	08	27	1.29990723268	0.09221788349638288	3.6987165850778134
1991	08	28	0.6129946987279999	0.08383443954216625	3.701406106347092
1991	08	29	9.2705776336	0.10060132745059949	2.9997455110094213
1991	08	30	9.300031516	0.10898477140481612	2.377224719016862
1991	08	31	1.1758765136400002	0.10060132745059949	2.982362325069203
1991	09	01	0.017462385193599998	0.10898477140481612	3.7241695399842154
1991	09	02	3.0719090091599996	0.10898477140481612	3.1184505955727193
1991	09	03	1.78643178284	0.10898477140481612	3.0288001919890304
1991	09	04	0.48892541524	0.10898477140481612	3.6002712005313824
1991	09	05	0.232408959636	0.10898477140481612	3.688635073092185
1991	09	06	1.5559428402	0.10898477140481612	3.5314476312545207
1991	09	07	0.23522714985200002	0.11736821535903276	3.782751729183627
1991	09	08	0.103077549612	0.1257516593132494	3.596250865876738
1991	09	09	0.0110650709644	0.1257516593132494	3.3316844003084864
1991	09	10	1.85800353808	0.1257516593132494	3.2007281001998176
1991	09	11	8.536406004	0.134135103267466	1.9905786849238007
1991	09	12	2.20292030992	0.1676688790843325	2.326538523001627
1991	09	13	0.0023813258547600003	0.1676688790843325	3.3504314081405857
1991	09	14	0.0	0.1676688790843325	3.58820188033882
1991	09	15	0.0	0.15928543513011587	3.4685178784417463
1991	09	16	0.0020355969095600004	0.14251854722168264	3.9091523380684117
1991	09	17	0.00041370620104	0.134135103267466	3.9570299928206314
1991	09	18	0.0	0.1257516593132494	3.8300630665979987
1991	09	19	0.0388283178192	0.1257516593132494	3.6739751822109032
1991	09	20	0.8399454673600001	0.1257516593132494	3.3032819578708486
1991	09	21	1.50548169736	0.10898477140481612	3.0042665111179434
1991	09	22	0.0081519195984	0.10898477140481612	2.919140164390415
1991	09	23	0.00163782326412	0.10898477140481612	3.595274136860024
1991	09	24	0.0086771110928	0.10898477140481612	3.10053600639199
1991	09	25	2.85862526792	0.10898477140481612	2.1817221588777262
1991	09	26	0.48420978952800003	0.10898477140481612	1.8448546462750792
1991	09	27	0.366742604524	0.10898477140481612	1.9616879508483034
1991	09	28	30.3231864796	0.17605232303854912	1.5888175868299415
1991	09	29	9.067575178	0.268270206534932	1.695542988376398
1991	09	30	0.393025949244	0.2850370944433653	1.7871574593323791
1991	10	01	0.21734208842	0.2850370944433653	2.2580998460645976
1991	10	02	0.0	0.23473643071806552	2.8010203363476145
1991	10	03	0.0016442181547600002	0.20958609885541563	2.6392613003771803
1991	10	04	0.0	0.19281921094698237	2.581724474304536
1991	10	05	0.092743085728	0.17605232303854912	2.0387249323538432
1991	10	06	0.0008217453488399999	0.1676688790843325	2.456610829780423
1991	10	07	0.036123929806	0.1676688790843325	2.24989677019192
1991	10	08	9.645633054	0.1676688790843325	1.2460799676195735
1991	10	09	13.744120157600001	0.24311987467228213	1.2424535964525623
1991	10	10	6.212043242799999	0.3018039823517985	1.6376469319453701
1991	10	11	6.200806688399999	0.31018742630601515	1.155387822697707
1991	10	12	5.93433044116	0.32695431421444837	1.1235254733423299
1991	10	13	7.9422006916	0.35210464607709824	0.855153530675781
1991	10	14	2.8332702843199997	0.3688715339855315	1.2811489439335106
1991	10	15	0.6113051651599999	0.3688715339855315	1.3455976057177494
1991	10	16	0.0423714512	0.3437212021228816	1.825456915983106
1991	10	17	0.58571804374	0.32695431421444837	1.5721119429437973
1991	10	18	0.059272577252	0.31018742630601515	1.6030534235648333
1991	10	19	0.0200048852448	0.2934205383975818	1.4562827640062193
1991	10	20	0.000419373482472	0.2850370944433653	1.632845455569539
1991	10	21	0.000413801338088	0.25988676258071536	1.6059801660489141
1991	10	22	0.0008160780769160001	0.25988676258071536	1.4299493180959335
1991	10	23	0.0	0.23473643071806552	1.5119414634489752
1991	10	24	0.00175030318936	0.23473643071806552	1.5181982195441186
1991	10	25	11.029528158800002	0.2515033186264988	1.311588484864776
1991	10	26	4.9091724616	0.25988676258071536	0.8566176502999973
1991	10	27	12.8938919784	0.268270206534932	0.9331541403312
1991	10	28	0.6234842476	0.31018742630601515	1.1157311739472295
1991	10	29	0.51978790784	0.31018742630601515	1.4274040617180122
1991	10	30	4.631204750479999	0.31018742630601515	0.9256383760639261
1991	10	31	2.020744748	0.3437212021228816	0.9459580986157318
1991	11	01	2.1839628792	0.3940218658481814	1.073973434867943
1991	11	02	31.661918584399995	1.8527411138818741	0.5606757132046466
1991	11	03	16.060504756	3.9402186584818137	0.519859519669073
1991	11	04	1.3929067872	3.9402186584818137	1.1365007672611023
1991	11	05	0.390791331544	1.894658333652957	1.0006228714778775
1991	11	06	0.00122226709152	1.2659000370867104	1.2607725015185964
1991	11	07	0.00162932187608	0.9640960547349117	1.3013595555607025
1991	11	08	0.00041370620104	0.8551112833300958	1.3997365532952668
1991	11	09	0.08902097946	0.7461265119252796	1.2103031714089822
1991	11	10	0.0093804349672	0.7042092921541965	1.0938170027508876
1991	11	11	0.0033627504572	0.67067551633733	1.208649388420603
1991	11	12	5.5070079284	0.6874424042457632	0.7794975865738553
1991	11	13	19.1322505128	2.03717688087464	0.9651039871245188
1991	11	14	8.0252521208	1.6934556787517583	0.9360339096863579
1991	11	15	13.742235672	3.3785279135493	0.867382735906074
1991	11	16	0.65145697376	2.6743186213951033	0.8572985967493751
1991	11	17	0.62221084116	1.6599219029348917	1.037840168414452
1991	11	18	4.5079671887999995	1.5174033557132092	0.9279087903100814
1991	11	19	5.088881648319999	1.634771571072242	0.5266207088566384
1991	11	20	0.39685897584	1.542553687575859	0.6444065163731805
1991	11	21	0.037351640798	1.2910503689493602	0.7064418862985145
1991	11	22	0.0008167928217999999	1.114998045910811	0.8825774742899395
1991	11	23	0.00062707313728	1.073080826139728	0.8174027385171493
1991	11	24	13.7072348224	1.1904490414987607	0.8511108126266187
1991	11	25	48.3169633344	11.485318217276776	0.36678007367417836
1991	11	26	7.072937496400001	10.479304942770781	0.8524823279767884
1991	11	27	0.0024485077664	4.736645834132394	1.1199814187371726
1991	11	28	0.0	3.076723931197501	0.9571909828712116
1991	11	29	0.0147557295224	2.5234166302192036	0.819028535026929
1991	11	30	7.4521902234	2.305447087409572	0.6953363611864594
1991	12	01	0.64196095384	3.1857087026023176	0.6635933568346083
1991	12	02	0.295547223464	2.489882854402338	0.7884176714903417
1991	12	03	0.0033048652778	2.0958609885541564	0.73676382891391
1991	12	04	5.30165480996e-05	1.919808665515607	0.8263085302856475
1991	12	05	0.2521476437	1.810823894110791	0.8986184160452314
1991	12	06	0.31203344891999996	1.785673562248141	0.8990271607222686
1991	12	07	6.7551777593999995	1.6683053468891083	0.6109000773808362
1991	12	08	0.5115581633599999	1.7605232303854912	0.5015562908746759
1991	12	09	0.15092142529199998	1.6515384589806752	0.8185620033679408
1991	12	10	1.15354554944	1.5341702436216424	0.5351816201247064
1991	12	11	3.90125724004	1.4838695798963426	0.33070371948229604
1991	12	12	0.08635139453	1.4419523601252595	0.6644695602093234
1991	12	13	0.0016203012561599999	1.3748848084915264	0.6567549548370308
1991	12	14	10.2153172344	1.3832682524457431	0.550554543433777
1991	12	15	0.128116439752	1.6850722347975413	0.6731351362461405
1991	12	16	2.3494144396	1.5593205754842923	0.6091027440848386
1991	12	17	0.057561197152400004	1.634771571072242	0.6814524410616418
1991	12	18	0.0006641249575599999	1.5006364678047759	0.8921844378147987
1991	12	19	0.37602300202000005	1.4419523601252595	0.816021213138904
1991	12	20	0.12206676557599999	1.3916516963999597	0.744534163012604
1991	12	21	0.0016330765852799998	1.299433812903577	0.91294532665813
1991	12	22	0.00081607810544	1.2239828173156273	0.9421573055538588
1991	12	23	0.0016264889674800001	1.1988324854529773	0.8110173882203419
1991	12	24	0.00082741249716	1.1736821535903272	0.8789268702870856
1991	12	25	0.00040237185686	1.1485318217276776	0.8476487302814143
1991	12	26	0.00081041086204	1.1066146019565946	0.8277271992808216
1991	12	27	0.000813244464724	1.0982311580023778	0.7598876379403264
1991	12	28	0.00081041086204	1.0395470503228614	0.7722526842549404
1991	12	29	0.0012206646132	1.0395470503228614	0.7738721932365722
1991	12	30	0.0008152819435519999	1.031163606368645	0.7256844305740228
1991	12	31	0.00082741249716	0.9724794986891285	0.710601886487625
1992	01	01	0.00122183381196	0.9724794986891285	0.7246688503147949
1992	01	02	0.00081607810544	0.9724794986891285	0.6860899993325914
1992	01	03	0.00121844915412	0.9724794986891285	0.6948179873247776
1992	01	04	0.0	0.9640960547349117	0.7085037989586309
1992	01	05	0.00162816389676	0.9054119470553955	0.7601780432064457
1992	01	06	0.00205322711856	0.9054119470553955	0.7636538303172076
1992	01	07	6.0648151906	0.9976298305517783	0.7265221239611018
1992	01	08	49.9328669504	9.221788349638288	0.8639057444892316
1992	01	09	3.39260339036	8.634947272843124	0.43388297415642346
1992	01	10	0.283116169516	4.065970317795062	0.6149647502569718
1992	01	11	0.08204635373279999	2.9593557158384685	0.5681622148909045
1992	01	12	0.0019454290276000002	2.4731159664939044	0.5949181715956342
1992	01	13	0.0	2.2719133115927055	0.7072050439030382
1992	01	14	1.27125230752	2.1126278764625894	0.7367290213811453
1992	01	15	0.00081041086204	2.0204099929662065	0.894438212806772
1992	01	16	0.00081891177468	1.919808665515607	0.8336971291052607
1992	01	17	0.0	1.8443576699276578	0.8286294323036529
1992	01	18	0.00121844915412	1.7772901182939245	0.9293622834506932
1992	01	19	0.002034918799	1.6850722347975413	0.8982420638650874
1992	01	20	0.00163791834412	1.6515384589806752	0.8336549985599594
1992	01	21	0.00181999720968	1.584470907346942	0.7999533593346478
1992	01	22	0.00082729174556	1.584470907346942	0.8228849315162022
1992	01	23	0.00082741249716	1.5257867996674257	0.8022040634264787
1992	01	24	0.000810410919088	1.4671026919879093	0.7565843016374366
1992	01	25	0.0024552803147999997	1.4000351403541764	0.9956793342147852
1992	01	26	0.0	1.3748848084915264	1.0706256256164794
1992	01	27	0.0	1.34135103267466	0.9520188958463777
1992	01	28	0.0	1.3078172568577935	0.8860173243227316
1992	01	29	0.00245564770392	1.3078172568577935	0.9764702332246074
1992	01	30	0.00163782326412	1.3078172568577935	1.013497479016718
1992	01	31	0.00121844905904	1.274283481040927	1.0343620892834824
1992	02	01	0.00162932187608	1.2407497052240606	1.0222305165874777
1992	02	02	0.0	1.2407497052240606	1.1027015815674828
1992	02	03	0.00081041086204	1.2239828173156273	1.2095824747699602
1992	02	04	0.0	1.1736821535903272	1.2763602621602084
1992	02	05	0.0	1.1736821535903272	1.2441281366093844
1992	02	06	0.00081749489252	1.1485318217276776	1.311525042889428
1992	02	07	0.0008198900052600001	1.1066146019565946	1.4282560730191824
1992	02	08	0.0011347278863200001	1.1066146019565946	1.3520359251835554
1992	02	09	0.9166579129599999	1.1233814898650278	1.0112205830874335
1992	02	10	0.00425378849368	1.1652987096361107	1.1077995631035158
1992	02	11	0.7810842347120001	1.1233814898650278	1.1875213549394124
1992	02	12	24.5897883172	2.2802967555469222	0.9527145313899898
1992	02	13	3.17245373216	3.1857087026023176	0.9255362169763743
1992	02	14	0.0047931857958	2.1880788720505393	1.2390470619766953
1992	02	15	0.00123215293944	1.743756342477058	1.4254037535812587
1992	02	16	0.00168953623024	1.5760874633927255	1.3346321853798973
1992	02	17	0.0	1.4251854722168262	1.4034979614238798
1992	02	18	0.47440663268399996	1.3748848084915264	1.2497359970374156
1992	02	19	2.04408536672	1.3245841447662268	0.9734210840711355
1992	02	20	0.0252991744924	1.3078172568577935	1.3205353533539792
1992	02	21	0.00123111076756	1.2491331491782771	1.2208638532075475
1992	02	22	0.0012241166827600001	1.1736821535903272	1.4322144671234252
1992	02	23	0.00081041086204	1.1736821535903272	1.4585457498673808
1992	02	24	0.34316971487200004	1.1736821535903272	1.3381949156666673
1992	02	25	0.521984788288	1.1736821535903272	1.3490844110618438
1992	02	26	0.0009552635306000002	1.114998045910811	1.7490723370256187
1992	02	27	0.011307785483600001	1.1066146019565946	1.6540122001539925
1992	02	28	0.0032676771128	1.0982311580023778	1.6177537526962635
1992	02	29	0.00327978060664	1.0395470503228614	1.6724482015314452
1992	03	01	0.5276271587600001	1.0227801624144282	1.386603469513222
1992	03	02	0.000949077844484	1.0395470503228614	2.0017975128462155
1992	03	03	0.0	0.9808629426433451	2.063814734033356
1992	03	04	0.0012279882452799998	0.9473291668264785	1.8304723934904
1992	03	05	0.018105419790799996	0.9724794986891285	1.9454623857252857
1992	03	06	0.0	0.9724794986891285	2.2722758067836892
1992	03	07	0.011143420687599999	0.9137953910096122	2.1063647320488355
1992	03	08	0.00527186596072	0.9054119470553955	2.079324189417808
1992	03	09	0.00119947213692	0.9054119470553955	2.3804541140473168
1992	03	10	0.0016216213468800002	0.9054119470553955	2.2835566100661677
1992	03	11	0.0014461594788400002	0.8467278393758791	2.0720185924050996
1992	03	12	0.000810410919088	0.8383443954216625	2.1038056569817396
1992	03	13	0.00113414333448	0.8048106196047959	2.2527435832930167
1992	03	14	0.0004950303118799999	0.8131940635590126	2.442854402376077
1992	03	15	0.00081041086204	0.7964271756505794	2.5262835800325623
1992	03	16	0.00121844915412	0.7545099558794962	2.72107662840089
1992	03	17	0.00155756709184	0.7461265119252796	2.6193871657892633
1992	03	18	0.0081710715628	0.7461265119252796	2.2358520396467214
1992	03	19	0.00120096232576	0.7461265119252796	2.902599121910632
1992	03	20	0.0032756453872800004	0.7461265119252796	2.9293185791123375
1992	03	21	0.0049870329031199995	0.7293596240168464	3.2209786979765678
1992	03	22	0.0	0.7209761800626298	3.023299608086014
1992	03	23	1.35903957644	0.7042092921541965	2.211658834306461
1992	03	24	5.455348112	0.7545099558794962	1.4764230078753382
1992	03	25	0.054938783312	0.7964271756505794	1.680930758216291
1992	03	26	3.5106019489599998	0.7628933998337128	1.7946823239168515
1992	03	27	2.23628226556	0.8383443954216625	1.497398095905583
1992	03	28	0.11449314345520001	0.8215775075132292	1.6442798265738936
1992	03	29	8.604225617200001	0.8048106196047959	1.7893482872536228
1992	03	30	33.560568252	2.808453724662569	1.2866749092461343
1992	03	31	13.508858959600001	2.63240140162402	1.2948740428008536
1992	04	01	20.674286476800003	3.4372120212288158	1.6078943226065316
1992	04	02	23.6214916956	8.324759846537109	1.4221357675375488
1992	04	03	7.662697818800001	11.14998045910811	1.627829885295396
1992	04	04	1.8452375268	6.178598194257653	2.100511438545314
1992	04	05	0.0100317234592	3.8563842189396467	2.186654727495982
1992	04	06	8.1278624568	3.1270245949228013	1.5261549282854197
1992	04	07	1.7225372622	3.1270245949228013	1.8781146944623976
1992	04	08	2.5397000402799996	3.2024755905107507	1.82666746097773
1992	04	09	0.0021751204391999997	2.9425888279300354	2.9485957881371063
1992	04	10	0.00041370620104	2.422815302768605	3.028477566807201
1992	04	11	0.0026924954068	2.1796954280963226	3.10655054382696
1992	04	12	0.0033308929524	2.01202654901199	3.1326853100611705
1992	04	13	0.0132243339612	1.919808665515607	3.325902231869162
1992	04	14	0.26662970636	1.8192073380650076	2.666528760083942
1992	04	15	1.43777085568	1.8192073380650076	2.4603367078754514
1992	04	16	0.012991876672400001	1.7186060106144079	2.589010899185237
1992	04	17	0.0	1.6012377952553754	3.498560843162143
1992	04	18	0.0	1.5509371315300755	3.9637574852673
1992	04	19	0.0012432908007999999	1.5090199117589924	4.008733948280716
1992	04	20	0.0003044832412	1.4000351403541764	3.7119656727480157
1992	04	21	0.0065926703512	1.3665013645373099	3.999472805623105
1992	04	22	0.00301712743112	1.3078172568577935	3.4485119176981796
1992	04	23	0.004615259264	1.299433812903577	3.4703785539457486
1992	04	24	0.056414513336400005	1.2407497052240606	2.6093261344200602
1992	04	25	0.56111252824	1.2407497052240606	3.155874320442224
1992	04	26	0.14218890728	1.2826669249951437	3.33285865328592
1992	04	27	0.001366736968	1.207215929407194	4.084789570666804
1992	04	28	0.270011007876	1.1736821535903272	2.832451892899569
1992	04	29	0.0004635708595	1.1233814898650278	3.4429990104759556
1992	04	30	0.0	1.0646973821855115	4.070269958718325
1992	05	01	0.29090809912000004	1.0395470503228614	3.7628365074382866
1992	05	02	0.0054116293772	1.0143967184602116	2.571561957840979
1992	05	03	0.0034649840862400003	0.9808629426433451	3.1444321265334763
1992	05	04	0.000810410919088	0.9724794986891285	3.8833662081860525
1992	05	05	5.025033146399999e-06	0.9473291668264785	3.6984407916997255
1992	05	06	0.00163498940472	0.8970285031011789	4.285572751468766
1992	05	07	0.00081041086204	0.8383443954216625	4.420573225598215
1992	05	08	0.0016461364888399998	0.8383443954216625	4.430642448215848
1992	05	09	0.0	0.7964271756505794	4.61912030596019
1992	05	10	0.0024572018815999996	0.7964271756505794	3.8380350811834525
1992	05	11	0.00260299108816	0.7880437316963628	4.258402242651492
1992	05	12	0.00081607810544	0.7461265119252796	4.997919557873092
1992	05	13	6.2386570856	0.737743067971063	4.923634289845131
1992	05	14	3.21945710064	0.7042092921541965	2.983053810575537
1992	05	15	0.35167949847600005	0.7042092921541965	4.725664025291475
1992	05	16	1.3451295626	0.7042092921541965	5.266932989575791
1992	05	17	2.0781996903999995	0.6539086284288967	4.771483376662961
1992	05	18	0.087567101672	0.7293596240168464	4.184392920847646
1992	05	19	0.0035267986368	0.7293596240168464	5.193084493356646
1992	05	20	1.60014467648	0.6622920723831134	4.589692120561734
1992	05	21	9.9293726916	0.6203748526120303	4.87285712858224
1992	05	22	1.86325528188	0.5700741888867306	3.143023786515112
1992	05	23	23.5487269716	0.7293596240168464	2.6745894382284616
1992	05	24	7.26136456832	1.9533424413324736	2.673398585088779
1992	05	25	0.00331852095264	1.5090199117589924	4.345269210014373
1992	05	26	2.65878688456	1.073080826139728	4.051471138946799
1992	05	27	16.929902014	1.4587192480336928	2.3378049815651276
1992	05	28	14.0655780312	4.351007412238429	2.7082657513499777
1992	05	29	2.21883708224	3.269543142144484	2.6359235519862705
1992	05	30	3.4377314959999996	2.0455603248288563	3.0443933009392636
1992	05	31	5.1882584086	1.676688790843325	2.411634350905562
1992	06	01	3.3286233928	1.5509371315300755	3.0374461185804993
1992	06	02	5.689976742760001	1.4587192480336928	2.6142388694548164
1992	06	03	2.1585806076400003	1.3581179205830933	2.919576142195099
1992	06	04	4.49098818272	1.2575165931324936	2.7415476349915266
1992	06	05	6.5534493758000005	1.3665013645373099	2.911098224986976
1992	06	06	1.7147321450000002	1.676688790843325	3.1600923330860704
1992	06	07	0.303013903404	1.4838695798963426	2.4928342990679924
1992	06	08	6.126769794	1.408418584308393	2.8473934014082842
1992	06	09	3.77523564088	1.3581179205830933	2.7476091030650265
1992	06	10	0.678523939316	1.2826669249951437	3.464525638712607
1992	06	11	4.74779289236	1.2659000370867104	2.7747220370110246
1992	06	12	6.241680249280001	1.6934556787517583	3.1186456765065946
1992	06	13	0.43897713392	1.9365755534240403	4.281819249851045
1992	06	14	3.03557799036	1.5341702436216424	4.0285114711039265
1992	06	15	1.63862459836	1.3329675887204433	4.661241817464418
1992	06	16	0.8390402582200001	1.2155993733614106	4.440245210306376
1992	06	17	0.564611320112	1.1652987096361107	4.6206700533112794
1992	06	18	0.15420970053600003	1.1066146019565946	4.409398856278203
1992	06	19	0.00081041086204	1.006013274505995	4.842931520726469
1992	06	20	0.000817877076088	0.9137953910096122	3.9872375144735264
1992	06	21	0.0736744361288	0.8299609514674459	4.093470298801121
1992	06	22	0.63694367732	0.8383443954216625	3.378250436039728
1992	06	23	0.8022869416	0.8383443954216625	3.821488225077421
1992	06	24	0.0020166089581599997	0.8383443954216625	4.624074838603015
1992	06	25	0.000810410919088	0.7796602877421461	4.628907287076519
1992	06	26	0.0007877420786	0.7461265119252796	5.12711948980679
1992	06	27	0.0056300766280000004	0.737743067971063	5.248821207978325
1992	06	28	0.0	0.7042092921541965	4.506309323599784
1992	06	29	5.1447792754	0.6622920723831134	3.6233601734382694
1992	06	30	5.5450475348	0.7042092921541965	2.935958731341187
1992	07	01	0.10922515618800001	0.7880437316963628	3.936862746726308
1992	07	02	0.0	0.7628933998337128	5.184703865225955
1992	07	03	5.7204073819999995e-05	0.7125927361084131	4.446781582596931
1992	07	04	0.014372801478	0.67067551633733	3.9953790512923537
1992	07	05	0.00132505608284	0.6203748526120303	4.198130466962219
1992	07	06	0.00041370620104	0.6119914086578137	5.0606218356758506
1992	07	07	0.0	0.6119914086578137	4.986399912066432
1992	07	08	0.0327677303608	0.5784576328409471	4.936817503737547
1992	07	09	0.02935633032	0.5700741888867306	4.692232568920767
1992	07	10	1.0938825641999999	0.5700741888867306	4.14105973269108
1992	07	11	0.0	0.536540413069864	5.190288995529059
1992	07	12	0.00546928931208	0.5281569691156474	5.248908492357124
1992	07	13	0.0008274125446999999	0.48623974934456426	6.413594869823252
1992	07	14	0.030501088765999995	0.47785630539034757	6.3783738255331865
1992	07	15	3.2938862000399998	0.4359390856192645	5.198193090717537
1992	07	16	0.0334345568264	0.3940218658481814	4.968097803571789
1992	07	17	0.0009759554106799999	0.3940218658481814	5.4103797226967085
1992	07	18	0.000146459339908	0.3772549779397481	5.622450207819914
1992	07	19	0.00973540759	0.3688715339855315	5.777452935030232
1992	07	20	0.30107139048	0.35210464607709824	3.924506973710172
1992	07	21	0.11568435894	0.3437212021228816	3.941106245472702
1992	07	22	0.00081041086204	0.3437212021228816	5.637526859628067
1992	07	23	0.0032989140304400004	0.335337758168665	4.637074509093272
1992	07	24	0.00443291132204	0.31018742630601515	5.44196822134716
1992	07	25	0.00041370620104	0.3018039823517985	5.779256476038584
1992	07	26	0.0	0.27665365048914864	5.684248121844955
1992	07	27	0.00080131636496	0.25988676258071536	6.137521424151859
1992	07	28	0.120235325108	0.24311987467228213	5.716461133321368
1992	07	29	2.43380545092	0.23473643071806552	5.055788256031103
1992	07	30	0.9097839142	0.23473643071806552	5.338271174256002
1992	07	31	0.33689182968	0.23473643071806552	4.613863607604052
1992	08	01	0.0026000982791600006	0.20958609885541563	4.863560815584607
1992	08	02	0.005086532792	0.20958609885541563	5.221510895738863
1992	08	03	0.0032134622115600002	0.19281921094698237	5.127259881009642
1992	08	04	0.000810410919088	0.19281921094698237	5.967468573306328
1992	08	05	0.00121278238612	0.19281921094698237	5.789518941338184
1992	08	06	0.29591548732	0.17605232303854912	6.157241889888499
1992	08	07	5.6192201083599995	0.1676688790843325	4.691379826491516
1992	08	08	9.1743224448	0.1676688790843325	2.5307153307725856
1992	08	09	0.57348623944	0.19281921094698237	3.0528935485871562
1992	08	10	0.41395654668	0.21796954280963224	3.0687985285291743
1992	08	11	0.000138666982444	0.21796954280963224	4.076121720498072
1992	08	12	0.00027817146755999996	0.20958609885541563	4.564504554964001
1992	08	13	0.002734662436	0.20958609885541563	4.739792028850736
1992	08	14	0.004723626694	0.18443576699276576	4.379046247023404
1992	08	15	0.00165155110468	0.18443576699276576	4.685305187171897
1992	08	16	0.0041803528852	0.1676688790843325	5.429698989608942
1992	08	17	0.000405205459544	0.15928543513011587	5.366568957793972
1992	08	18	0.77185501878	0.15090199117589925	5.177375157782759
1992	08	19	2.07935244032	0.14251854722168264	3.7670839885224185
1992	08	20	0.24990824347599996	0.15928543513011587	3.232611863574367
1992	08	21	0.21860954285200002	0.14251854722168264	3.4170889841281746
1992	08	22	0.0227987616032	0.14251854722168264	3.633983371486583
1992	08	23	0.014800084342399999	0.1676688790843325	4.453847598470634
1992	08	24	0.0	0.15928543513011587	5.145109769086917
1992	08	25	0.33454542642400004	0.14251854722168264	4.733841642869305
1992	08	26	0.2216832986	0.134135103267466	3.796350643594029
1992	08	27	1.1236278668	0.1257516593132494	2.762947662070446
1992	08	28	16.7054761328	0.15928543513011587	2.5016682423237984
1992	08	29	0.8341030866	0.19281921094698237	2.273511433470935
1992	08	30	41.537071906	0.32695431421444837	1.9927634959826614
1992	08	31	3.6939787516	0.6958258481999798	2.3491632274875283
1992	09	01	0.0	0.536540413069864	3.349335476177756
1992	09	02	0.023784690810799997	0.3940218658481814	3.7676910810637616
1992	09	03	0.17444757361600002	0.3437212021228816	3.5999968275177388
1992	09	04	0.0020104181092	0.2934205383975818	3.636887014491008
1992	09	05	0.00082947820524	0.25988676258071536	3.986839943676251
1992	09	06	0.00041370620104	0.23473643071806552	3.6762713498445705
1992	09	07	0.95715676356	0.23473643071806552	2.82581869964783
1992	09	08	0.077451987348	0.20958609885541563	2.229556886005914
1992	09	09	0.011158090580799999	0.20958609885541563	3.1664384137731574
1992	09	10	0.00726225755968	0.20958609885541563	2.889816358575816
1992	09	11	0.09376161691679999	0.20958609885541563	2.7459616761759333
1992	09	12	0.000815435973152	0.20958609885541563	3.2159018125507592
1992	09	13	0.0264238320756	0.19281921094698237	3.5342310066506135
1992	09	14	0.00733976363804	0.19281921094698237	3.936756731158663
1992	09	15	0.0024307777234	0.1676688790843325	3.9580360625562756
1992	09	16	0.0295193525864	0.1676688790843325	3.8285703650614495
1992	09	17	0.18185757636799998	0.1676688790843325	2.5449955271218503
1992	09	18	0.00081041086204	0.15928543513011587	3.5477731014213827
1992	09	19	0.000811230232956	0.1676688790843325	3.205731100952624
1992	09	20	0.021755779641599998	0.1676688790843325	2.973943158398402
1992	09	21	4.5908899747600005	0.15928543513011587	1.6148267172847641
1992	09	22	0.99380021524	0.1676688790843325	1.9704248706533647
1992	09	23	0.000622062459312	0.19281921094698237	2.623141727147534
1992	09	24	0.0	0.19281921094698237	2.7955522813739577
1992	09	25	9.577635641199999	0.18443576699276576	1.890602742836171
1992	09	26	21.663759316	0.31857087026023173	1.3611554365436038
1992	09	27	6.909465501600001	0.3604880900313149	1.4418021637628162
1992	09	28	1.6437618658400002	0.31857087026023173	2.3270523903853335
1992	09	29	4.20674081792	0.3437212021228816	1.91732605543962
1992	09	30	0.0428530161872	0.35210464607709824	2.3501523173354912
1992	10	01	0.00020628658535600002	0.31857087026023173	2.7402145226261796
1992	10	02	0.06826462563199999	0.3018039823517985	2.526979072954879
1992	10	03	0.32407124247999997	0.31018742630601515	1.9255600498408403
1992	10	04	0.45621402548400003	0.27665365048914864	1.691703339493535
1992	10	05	0.218153529664	0.24311987467228213	1.4974194728018775
1992	10	06	0.0296104487344	0.23473643071806552	1.5162231352108746
1992	10	07	1.51140423056	0.23473643071806552	1.9212297909369473
1992	10	08	0.161277681512	0.23473643071806552	2.182888275895768
1992	10	09	1.22348535156	0.22635298676384888	1.6629892137116444
1992	10	10	0.56644423432	0.23473643071806552	1.3522244301957809
1992	10	11	1.46286056608	0.23473643071806552	1.3630343910242837
1992	10	12	0.06744382851599999	0.23473643071806552	1.6135212876695115
1992	10	13	0.00015664491802	0.21796954280963224	1.7729569783099604
1992	10	14	0.0	0.21796954280963224	1.9520481201058413
1992	10	15	11.288365393600001	0.23473643071806552	1.1662785403748654
1992	10	16	18.624656424799998	0.2934205383975818	1.297429525995013
1992	10	17	0.469692214488	0.38563842189396474	1.1903661649313304
1992	10	18	0.370896868408	0.3772549779397481	1.524132626381335
1992	10	19	0.44692468096	0.32695431421444837	1.3287572738529618
1992	10	20	5.196958704	0.31857087026023173	1.0697790772591391
1992	10	21	0.0044346685906	0.31018742630601515	1.266648473976782
1992	10	22	2.99961008208	0.31018742630601515	1.3310870827368169
1992	10	23	1.76976026548	0.31018742630601515	0.7317358951649224
1992	10	24	0.8626266112000001	0.31018742630601515	1.143046216229102
1992	10	25	0.08560025777599999	0.31018742630601515	1.1643331049892303
1992	10	26	5.01507123448	0.2934205383975818	1.1123785978582195
1992	10	27	8.321840869599999	0.32695431421444837	0.9733493662807691
1992	10	28	9.514660354	0.4275556416650479	0.8363133514165721
1992	10	29	28.665098720000003	1.2659000370867104	0.8947096706021866
1992	10	30	10.672862161199998	1.6431550150264584	1.1577606493322352
1992	10	31	0.00178151842876	1.1317649338192446	1.0964497504594466
1992	11	01	0.0	0.8383443954216625	1.2173079342452653
1992	11	02	0.084774773216	0.737743067971063	1.2065710635538092
1992	11	03	0.561811489844	0.6622920723831134	0.9678930893097718
1992	11	04	0.28609757406	0.6119914086578137	1.3426311257119972
1992	11	05	0.0	0.5784576328409471	1.5717877949113794
1992	11	06	0.0	0.5449238570240806	1.5520606203877534
1992	11	07	0.000810312872592	0.5281569691156474	1.4091242932733827
1992	11	08	0.0028912459798800002	0.5030066372529975	1.5662795362172117
1992	11	09	0.00473091771364	0.47785630539034757	1.2991193446738898
1992	11	10	0.69478673628	0.46108941748191445	1.0730612726524738
1992	11	11	2.218475493	0.45270597352769776	0.8260508782791913
1992	11	12	0.29938149560800004	0.4359390856192645	1.0593402460044217
1992	11	13	2.24647113344	0.4443225295734811	0.8875217370343794
1992	11	14	17.8866892016	0.536540413069864	0.7334454532836652
1992	11	15	7.840829247999999	1.0227801624144282	0.7800334053103201
1992	11	16	0.7221772876000001	1.0143967184602116	0.8006613686546636
1992	11	17	0.9752946046799998	0.7880437316963628	0.8514984820589133
1992	11	18	1.09508989004	0.737743067971063	0.7497892812048522
1992	11	19	0.020806185256	0.7042092921541965	0.9460506491927244
1992	11	20	0.0021943900175600004	0.67067551633733	1.1462438889028022
1992	11	21	0.00183664733404	0.6287582965662468	1.3396880551268788
1992	11	22	0.00488054701124	0.5868410767951636	1.2107253202210133
1992	11	23	0.00201758923296	0.5868410767951636	1.123382790626511
1992	11	24	3.2125335651999998	0.5868410767951636	0.9793016061166684
1992	11	25	5.4680631604	1.1736821535903272	0.5682652550362559
1992	11	26	2.7231092651999997	1.9281921094698233	0.7124579874729753
1992	11	27	0.0328694925832	1.4838695798963426	0.8316894077363767
1992	11	28	0.0024364288032	1.114998045910811	0.920404281674839
1992	11	29	0.024951307198	0.9389457228722621	0.9785607637991302
1992	11	30	13.5251319016	1.2910503689493602	0.784497412612981
1992	12	01	1.8897918246399998	2.0539437687830735	0.7336556534527026
1992	12	02	7.67299270088	2.129394764371023	0.7595500048092051
1992	12	03	12.8903198228	2.305447087409572	0.4393586187771523
1992	12	04	46.26166841599999	12.239828173156273	0.8473467539613373
1992	12	05	5.301366432320001	9.640960547349119	0.5105997125734755
1992	12	06	36.113538512800005	11.40148377773461	0.7717319921152656
1992	12	07	12.567471879600001	23.808980829975216	0.6153609933542376
1992	12	08	1.0618268175999999	12.910503689493602	0.582370171560915
1992	12	09	0.27827415396	7.243295576443164	0.8557374808643158
1992	12	10	0.029431462536	5.113900812072141	0.7766758543807498
1992	12	11	0.00041370620104	3.722249115672182	0.7908717508983305
1992	12	12	0.0	3.085107375151718	0.8421553128136103
1992	12	13	0.00131467344192	2.68270206534932	0.8203207954942107
1992	12	14	0.000420406222416	2.422815302768605	0.744520488596329
1992	12	15	6.3103892408	2.213229203913189	0.7579021176415927
1992	12	16	10.043085519199998	5.457622014195023	0.5873060659985025
1992	12	17	2.886174793	4.032436541978196	0.6942222412169986
1992	12	18	1.78229190456	3.068340487243285	0.5322134632491146
1992	12	19	3.0391033666	2.8503709444336525	0.5871219519720975
1992	12	20	0.9912869656000001	2.5821007378987204	0.7713211968343688
1992	12	21	3.7381358052	2.5234166302192036	0.6692376825849624
1992	12	22	0.02522636413	2.540183518127637	0.7965355375745449
1992	12	23	0.0023178421748000005	2.2048457599589724	0.7632677048862677
1992	12	24	0.061922713568	2.1126278764625894	0.7069699329166673
1992	12	25	0.00244090916296	2.0455603248288563	0.7621058265608269
1992	12	26	0.00122411715816	1.9114252215613903	0.7660533814147624
1992	12	27	0.00044322854104	1.8192073380650076	0.7260589570320639
1992	12	28	0.00081041086204	1.7940570062023578	0.7737192715583505
1992	12	29	0.0008161129998000001	1.7353728985228414	0.7220347425712921
1992	12	30	0.11380926249	1.7186060106144079	0.6377829514488433
1992	12	31	0.179088637592	1.634771571072242	0.5052790453724457
1993	01	01	0.00081041086204	1.584470907346942	0.5782958448755671
1993	01	02	0.00081041086204	1.5174033557132092	0.6052177001759689
1993	01	03	3.76413476564e-05	1.5090199117589924	0.6892763538595611
1993	01	04	0.112432641956	1.4922530238505591	0.6618642538468748
1993	01	05	0.328071762004	1.4838695798963426	0.7482795849420829
1993	01	06	0.006385092646	1.4838695798963426	0.8550928545032965
1993	01	07	0.004297479560200001	1.4419523601252595	0.8518392176335923
1993	01	08	0.0012259984110400003	1.3748848084915264	0.8302118134750811
1993	01	09	0.002811917313	1.3497344766288766	0.8378435489019476
1993	01	10	0.14035371115200002	1.3329675887204433	0.7776529344935
1993	01	11	8.550821082799999	1.5257867996674257	0.6509128712719414
1993	01	12	22.9048832436	6.790589602915466	0.5044370421335034
1993	01	13	5.77324647564	7.394197567619063	0.6005263553006783
1993	01	14	0.39881402981600006	5.004916040667325	0.8627010798041557
1993	01	15	0.00132412486932	3.2779265860987	0.8898419538431818
1993	01	16	0.0	2.724619285120403	1.0317435048754358
1993	01	17	0.00305997608884	2.3725146390433047	0.9849342588957007
1993	01	18	0.00174672627976	2.2048457599589724	0.9935273221626115
1993	01	19	0.00081041086204	2.1042444325083727	0.9137146677838456
1993	01	20	0.0012107615558	2.0204099929662065	0.9350379691977113
1993	01	21	0.0	1.9365755534240403	0.9677323779503875
1993	01	22	0.0	1.8695080017903074	0.9814530951162393
1993	01	23	0.00122232052648	1.7605232303854912	1.0294835351039457
1993	01	24	0.00162936428176	1.7269894545686246	1.01044375590405
1993	01	25	0.0016264889674800001	1.6599219029348917	1.0551369807100277
1993	01	26	0.00173240979892	1.6599219029348917	1.0655064335125974
1993	01	27	5.36830541456e-05	1.6096212392095919	1.0922032121772494
1993	01	28	0.109237773304	1.584470907346942	0.9787506208696211
1993	01	29	2.31724906576	1.7102225666601916	0.704494353860944
1993	01	30	2.62168733412	1.7353728985228414	0.9044501251570735
1993	01	31	0.09484879396399999	1.5928543513011588	1.0021174932559964
1993	02	01	0.0	1.5006364678047759	1.1211851540194975
1993	02	02	0.0039450916871999996	1.4419523601252595	1.1361872187474091
1993	02	03	0.0016350127944000001	1.3748848084915264	0.9900306674863806
1993	02	04	0.00041370620104	1.3665013645373099	0.9883309564863899
1993	02	05	0.0064662396228	1.3078172568577935	1.0472527955014754
1993	02	06	0.08132398723599998	1.299433812903577	1.0052147910017057
1993	02	07	0.00203400479496	1.2407497052240606	1.1859873703428825
1993	02	08	0.279602545164	1.2407497052240606	1.0437591091492142
1993	02	09	2.0399547112000005	1.2323662612698438	1.2324484532590552
1993	02	10	8.924258241599999	1.4251854722168262	0.8180218299492397
1993	02	11	0.255614574264	1.6012377952553754	0.986254557685806
1993	02	12	0.12051307280399999	1.4251854722168262	1.1119715187830024
1993	02	13	0.046503747800799994	1.3078172568577935	1.2158696679748497
1993	02	14	0.00165386306996	1.2575165931324936	1.280999652436587
1993	02	15	0.0	1.2155993733614106	1.3295017958595483
1993	02	16	0.00081041086204	1.1736821535903272	1.3456030580596818
1993	02	17	0.00082741249716	1.1736821535903272	1.4485010330721217
1993	02	18	0.000790877179964	1.1401483777734611	1.5213257260343354
1993	02	19	0.0	1.114998045910811	1.695494737594605
1993	02	20	0.0024368992590399997	1.0898477140481613	1.7196079376870061
1993	02	21	0.00160798335692	1.0395470503228614	1.7789118372180592
1993	02	22	0.00041370624858	1.0143967184602116	1.5859096245169217
1993	02	23	0.0012127824812	1.006013274505995	1.3612184264661198
1993	02	24	0.00079821732744	0.9976298305517783	1.4141678591489928
1993	02	25	0.00081041086204	0.9389457228722621	1.5181474320851145
1993	02	26	1.3819710659200002	0.9808629426433451	1.2343749781677122
1993	02	27	3.22223010884	1.006013274505995	0.9863006833119861
1993	02	28	1.79773137528	1.006013274505995	1.0089304492108206
1993	03	01	0.344119468992	1.006013274505995	0.8992450393439085
1993	03	02	0.415318738824	0.9724794986891285	1.0662224308560138
1993	03	03	0.0008485968916400001	0.9557126107806951	1.4800791793161916
1993	03	04	0.0008274125446999999	0.9054119470553955	1.4936499743017715
1993	03	05	0.00122695054216	0.8467278393758791	1.6660220066011246
1993	03	06	0.0008189116796	0.8131940635590126	1.8770299054682669
1993	03	07	0.109872128048	0.7964271756505794	1.7767016812746346
1993	03	08	0.209333233796	0.8048106196047959	1.5975820038786286
1993	03	09	0.076114687148	0.8383443954216625	1.6262822001083268
1993	03	10	0.050052954892	0.8048106196047959	2.025172851520583
1993	03	11	2.86449645792	0.8131940635590126	1.481552582157826
1993	03	12	4.235079507	0.8383443954216625	1.5640481645125108
1993	03	13	8.4601461392	1.1401483777734611	1.4628417415045818
1993	03	14	1.24611191948	1.1988324854529773	1.734677776373699
1993	03	15	0.08409830754	1.0479304942770782	2.073054543894235
1993	03	16	0.00041370620104	0.9137953910096122	2.347215211022123
1993	03	17	0.0	0.871878171238529	2.5903824631426735
1993	03	18	0.0	0.8383443954216625	2.193834982562388
1993	03	19	0.8944803128	0.8383443954216625	2.2986265865959936
1993	03	20	0.7018113988079999	0.8383443954216625	2.204007601133542
1993	03	21	1.9619904423200003	0.8467278393758791	1.7803764304657412
1993	03	22	2.1863639344399997	0.9054119470553955	1.4799630534569084
1993	03	23	4.12603139928	0.9054119470553955	1.5027262248312134
1993	03	24	0.970316063752	0.9557126107806951	1.8292202862882836
1993	03	25	0.00122978449664	0.8970285031011789	2.585559911183874
1993	03	26	0.000405205459544	0.8383443954216625	2.743664331391757
1993	03	27	0.0012169308216	0.7964271756505794	2.3424834526634175
1993	03	28	0.0425347824764	0.7712768437879295	1.9125063789457581
1993	03	29	0.0012153455527600002	0.7461265119252796	2.7412248167348614
1993	03	30	0.00155678562932	0.7461265119252796	2.6976901082194304
1993	03	31	9.5841248512	0.7209761800626298	2.3522361751346175
1993	04	01	1.2580739342799998	0.8467278393758791	1.615701176996247
1993	04	02	0.0117557368384	0.8467278393758791	2.1443914574559755
1993	04	03	5.40325064236	0.8215775075132292	1.7106657307770177
1993	04	04	0.0191798684784	0.8467278393758791	2.1713720626015616
1993	04	05	0.51595865592	0.7712768437879295	2.4322136228831
1993	04	06	0.062791991976	0.7796602877421461	2.918702546581185
1993	04	07	0.00248342428004	0.7712768437879295	3.3353447221415657
1993	04	08	0.32226206024	0.7209761800626298	2.6540723767648857
1993	04	09	1.0184865012000002	0.737743067971063	2.399740786965848
1993	04	10	16.014628656	0.8467278393758791	1.6975894546711803
1993	04	11	13.118220877999999	1.634771571072242	1.5160092188514995
1993	04	12	13.5936465496	3.3366106937782165	1.5906652754753206
1993	04	13	4.724548399520001	3.177325258648101	1.5958159576632491
1993	04	14	3.1271874752800004	2.2216126478674054	2.014418945065954
1993	04	15	0.004507229368	1.9030417776071737	2.606063377346722
1993	04	16	0.00081041086204	1.6012377952553754	2.879904233817445
1993	04	17	0.19935357044	1.4419523601252595	3.203510165587653
1993	04	18	0.137302926732	1.3329675887204433	3.394067408288974
1993	04	19	0.0120042997284	1.1736821535903272	3.274852834254633
1993	04	20	9.13217253	1.0898477140481613	2.5264201618430695
1993	04	21	4.456972457	1.2659000370867104	2.2568222912553795
1993	04	22	0.964264811248	1.2826669249951437	2.3590138805075744
1993	04	23	15.5745290076	1.5174033557132092	1.7899668470912147
1993	04	24	17.2134667044	2.162928540187889	1.4812337496102743
1993	04	25	9.4678743384	3.177325258648101	1.5690124644510821
1993	04	26	1.22576242248	2.8755212762963023	2.622847242130799
1993	04	27	9.163663025999998	2.5234166302192036	1.5467689822321151
1993	04	28	2.02780481832	2.2216126478674054	2.801652800700856
1993	04	29	4.9374910888	2.01202654901199	2.5184143018624714
1993	04	30	4.71470657364	1.8695080017903074	2.8477181956386977
1993	05	01	0.025926932586000002	1.7186060106144079	3.0810616975264944
1993	05	02	1.3057802291999998	1.5677040194385088	3.0992681295467834
1993	05	03	1.9499323016399999	1.4922530238505591	3.5435507688906482
1993	05	04	0.48805885612	1.4922530238505591	3.885632158000025
1993	05	05	0.18692051030400003	1.3665013645373099	3.8316308836539346
1993	05	06	6.0102435492	1.3078172568577935	3.0707947242609013
1993	05	07	8.3987957692	1.3581179205830933	2.8558653134020835
1993	05	08	7.484781270399999	1.3581179205830933	3.4511240312232467
1993	05	09	7.1373570488	1.408418584308393	3.331561534589642
1993	05	10	6.9688258472	1.3329675887204433	2.6993901544904326
1993	05	11	7.46483481752	1.3665013645373099	3.3412126413418277
1993	05	12	11.963074942	1.31620070081201	2.625678494308559
1993	05	13	5.8487143240399995	1.4251854722168262	2.402876278330329
1993	05	14	4.8608870344	1.4838695798963426	2.7215002122067675
1993	05	15	1.29799099036	1.4251854722168262	2.461083024513173
1993	05	16	1.32805309952	1.3245841447662268	2.8781667749892548
1993	05	17	29.1415132236	1.7521397864312747	2.9186089877148897
1993	05	18	6.03510183488	2.4982662983565542	2.3127257117362268
1993	05	19	7.5131797648	2.0287934369204232	2.3738689490186675
1993	05	20	0.08981499253999999	1.9617258852866901	2.7752852691343497
1993	05	21	0.0197781555752	1.6096212392095919	3.5252129895482742
1993	05	22	15.6501993764	1.7772901182939245	1.7990899997556207
1993	05	23	22.554649408	5.650441225142005	2.3884131779950297
1993	05	24	3.29196976756	6.01092931517332	2.600137449507955
1993	05	25	10.797145983199998	3.5629636805420657	2.8771387786593765
1993	05	26	12.7705076132	4.426458407826378	2.2702973290240274
1993	05	27	14.0377671312	7.779835989513028	2.306144239683108
1993	05	28	0.6305054301999999	6.077996866807053	3.3431028427083893
1993	05	29	12.7551084564	4.359390856192645	2.69685750444757
1993	05	30	2.0142874848799996	4.6360445066817935	2.824766167988163
1993	05	31	0.0006903901895399999	3.613264344267365	4.564945830479921
1993	06	01	5.1044667816	3.4288285772745994	3.2874926241677196
1993	06	02	0.120866366314	3.554580236587849	3.8933501323063577
1993	06	03	0.031476214984	2.8755212762963023	4.578426097858469
1993	06	04	4.55685200032	2.540183518127637	2.846372669099418
1993	06	05	6.699470862799999	2.63240140162402	3.7276697985557883
1993	06	06	2.4239737986	2.883904720250519	4.565891739761787
1993	06	07	0.64069781604	2.5234166302192036	4.4725381545053375
1993	06	08	10.014989379200001	2.229996091821622	3.824761681612575
1993	06	09	9.45580108	2.7581530609372695	3.1067149405236867
1993	06	10	10.56864117	2.548566962081854	2.3369889550790695
1993	06	11	0.7031336193200001	2.506649742310771	2.881683312441323
1993	06	12	0.0046967316996400004	2.213229203913189	4.1388707356660985
1993	06	13	0.00081607810544	1.9784927731951234	5.193685851404072
1993	06	14	0.0016264889674800001	1.810823894110791	5.037497231955815
1993	06	15	0.0	1.6431550150264584	5.406814208323677
1993	06	16	0.00081607810544	1.5593205754842923	5.626951767678036
1993	06	17	0.00042673368232	1.450335804079476	5.762136046850578
1993	06	18	0.006346576118319999	1.3665013645373099	5.095903835101236
1993	06	19	0.011458607084400002	1.2491331491782771	5.283562354119039
1993	06	20	8.925558936	1.2407497052240606	4.3433062743602875
1993	06	21	5.5770818884	1.2407497052240606	2.80798581148219
1993	06	22	1.14221163312	1.2407497052240606	3.487830254764813
1993	06	23	0.2391409374	1.1904490414987607	3.4368511439790717
1993	06	24	1.46432128012	1.1736821535903272	4.465701349666285
1993	06	25	3.28389376744	1.1736821535903272	5.162113118871044
1993	06	26	0.374385829008	1.0982311580023778	5.377586840682677
1993	06	27	26.608242588000003	1.0227801624144282	4.978713647179136
1993	06	28	3.62319891768	1.9701093292409069	2.9045559559277434
1993	06	29	2.28747999316	1.861124557836091	3.0296529197929245
1993	06	30	1.9139989074000001	1.5006364678047759	2.7232183042693165
1993	07	01	0.6212733999	1.3497344766288766	3.6110648904402787
1993	07	02	0.0	1.2407497052240606	4.234329281610691
1993	07	03	0.0025865339762	1.2239828173156273	4.596840495952354
1993	07	04	2.26769907456	1.0563139382312947	4.896504812441445
1993	07	05	0.074260351416	1.006013274505995	4.76530749611015
1993	07	06	0.0008189116796	0.9473291668264785	5.226333174237181
1993	07	07	0.0	0.8886450591469622	5.777774391248842
1993	07	08	0.00203328171156	0.8383443954216625	5.772987963010217
1993	07	09	2.95724338488	0.7964271756505794	4.119902167672383
1993	07	10	0.36097578384	0.7964271756505794	3.057329499112434
1993	07	11	5.01267312672e-05	0.7964271756505794	3.9406662049020458
1993	07	12	0.0	0.7628933998337128	5.190900644427206
1993	07	13	0.0012212830135199999	0.7461265119252796	5.604351993702355
1993	07	14	0.0008160780769160001	0.737743067971063	5.66766395642303
1993	07	15	0.0	0.6958258481999798	5.245522113945242
1993	07	16	0.0006243946385999999	0.6539086284288967	4.915606118669578
1993	07	17	0.022787576392	0.6455251844746801	4.973912519163941
1993	07	18	0.0077673780464	0.6119914086578137	4.407219559993732
1993	07	19	0.00095480980884	0.5616907449325139	4.198886747914334
1993	07	20	0.0030097767963200004	0.5449238570240806	4.068489793724371
1993	07	21	0.0	0.5030066372529975	5.2708809771217995
1993	07	22	0.0012297843064799998	0.48623974934456426	5.824714099952726
1993	07	23	0.0151292589088	0.5113900812072141	6.37950596249918
1993	07	24	0.226767977332	0.48623974934456426	4.640230701237628
1993	07	25	0.044579148899600005	0.46947286143613104	4.787208531725352
1993	07	26	0.00121844915412	0.46108941748191445	5.39249294062966
1993	07	27	0.00081891177468	0.4443225295734811	6.008686625204816
1993	07	28	0.0	0.4359390856192645	6.278846889744318
1993	07	29	2.9643534672799996	0.4359390856192645	4.502531318965645
1993	07	30	0.47538973135999996	0.41917219771083125	3.6066747560546557
1993	07	31	0.00081292335104	0.3940218658481814	5.0478868757054185
1993	08	01	0.000405205459544	0.3940218658481814	5.247596928656327
1993	08	02	0.00351801780864	0.3688715339855315	5.137118089564995
1993	08	03	0.00181510344208	0.3604880900313149	5.113591804325892
1993	08	04	0.00041370620104	0.35210464607709824	5.324170018055301
1993	08	05	0.028200970454	0.31018742630601515	5.890954628986623
1993	08	06	0.404028226524	0.3018039823517985	5.184832353892299
1993	08	07	0.0883889827	0.31018742630601515	4.303469958217216
1993	08	08	0.0010886417545999999	0.3018039823517985	4.62939548626075
1993	08	09	0.0	0.268270206534932	5.257142107931467
1993	08	10	0.0	0.268270206534932	5.299146151842832
1993	08	11	0.00041370620104	0.24311987467228213	5.608928916015527
1993	08	12	0.0100143561464	0.23473643071806552	4.646644884465697
1993	08	13	0.075252958092	0.23473643071806552	4.614915080476077
1993	08	14	0.51909078128	0.22635298676384888	3.4195729937080173
1993	08	15	0.00041370620104	0.20958609885541563	4.738348611677118
1993	08	16	0.0	0.20958609885541563	4.775369325770607
1993	08	17	0.06528544596000001	0.22635298676384888	4.881867428559699
1993	08	18	0.0140502050214	0.23473643071806552	5.393736271257786
1993	08	19	0.019499718549200004	0.23473643071806552	5.8131244018544965
1993	08	20	17.915965284400002	0.20958609885541563	5.29849732215031
1993	08	21	5.7439220922	0.19281921094698237	2.7898789622117217
1993	08	22	1.6232702242400001	0.20120265490119899	3.101075321880935
1993	08	23	1.06780792008	0.20958609885541563	3.485087606836826
1993	08	24	3.83456270848	0.22635298676384888	2.037979078861562
1993	08	25	4.2823547092	0.23473643071806552	2.673394018530728
1993	08	26	3.34748222556	0.23473643071806552	2.744077013917174
1993	08	27	0.0147524074272	0.25988676258071536	3.013244998950014
1993	08	28	0.00081891177468	0.23473643071806552	3.7029566311465354
1993	08	29	0.0008132445312800001	0.25988676258071536	3.741099516154865
1993	08	30	0.0	0.23473643071806552	4.199008985723322
1993	08	31	0.0016264889674800001	0.22635298676384888	4.0815604231356994
1993	09	01	0.000405205459544	0.23473643071806552	4.052874121006443
1993	09	02	0.06660510882	0.21796954280963224	4.342333333028494
1993	09	03	0.27424559534400006	0.20958609885541563	3.9441986204593125
1993	09	04	0.00448522918712	0.19281921094698237	3.6057902114077987
1993	09	05	0.076446250124	0.17605232303854912	3.2357092982539966
1993	09	06	1.87592640332	0.18443576699276576	2.659106535423181
1993	09	07	16.799768870399998	0.2934205383975818	2.1899150842119086
1993	09	08	13.6805363584	0.5700741888867306	1.9109324328297939
1993	09	09	5.4562304544	0.6790589602915467	1.990578703470222
1993	09	10	0.5435499686599999	0.5952245207493804	2.1052854004116974
1993	09	11	2.67867914184	0.49462319329878085	2.356979218977789
1993	09	12	8.460974285999999	0.5197735251614307	2.230500096799729
1993	09	13	9.0136543592	0.67067551633733	1.8067292489239404
1993	09	14	4.115366656	0.7461265119252796	1.7574168441689881
1993	09	15	1.58401159716	0.7461265119252796	1.964142925818828
1993	09	16	3.09816744292	0.6790589602915467	1.7644826163090002
1993	09	17	5.3598858904	0.6287582965662468	2.0762103740454916
1993	09	18	0.197104804836	0.8970285031011789	2.3871174707623273
1993	09	19	0.93989998126	0.8131940635590126	2.7508159017930605
1993	09	20	4.754412647200001	0.6622920723831134	2.5131943043650904
1993	09	21	0.12229068848400002	0.6203748526120303	2.110487895757874
1993	09	22	2.32904801836	0.5700741888867306	1.6674003547707497
1993	09	23	0.18943073640000002	0.5700741888867306	1.8930405925426201
1993	09	24	0.002745962694	0.5281569691156474	2.292429803265298
1993	09	25	0.087261409964	0.5030066372529975	2.091491218443952
1993	09	26	0.032406399738399996	0.47785630539034757	2.23475612371643
1993	09	27	0.0119894510848	0.4359390856192645	2.02605930714215
1993	09	28	0.00041370620104	0.4275556416650479	2.2669073898040297
1993	09	29	11.6099791984	0.46108941748191445	1.6774108991399919
1993	09	30	9.4506543996	0.5784576328409471	1.7556228657333723
1993	10	01	9.6355745408	0.7209761800626298	1.6274046717788258
1993	10	02	10.285665975599999	1.3078172568577935	1.328098611741304
1993	10	03	1.4309536196800001	1.584470907346942	1.5574417524345394
1993	10	04	19.693881417199997	1.34135103267466	1.154432863361475
1993	10	05	13.62021	3.9486021024360305	1.3180998095807899
1993	10	06	10.7520257692	4.862397493445642	1.20413084354696
1993	10	07	7.37976284324	4.007286210115547	1.2317067833188224
1993	10	08	3.6924156364000003	3.395294801457733	1.2968384807512077
1993	10	09	42.3150535472	3.462362353091466	1.376901925385198
1993	10	10	30.72726507	8.71878171238529	1.0197510825944776
1993	10	11	37.278093565599995	17.521397864312743	1.1739005048795141
1993	10	12	21.0309752936	24.56349078585471	0.8597813195854028
1993	10	13	21.576159259599997	20.1202654901199	1.0649009069693736
1993	10	14	8.905027360799998	12.994338129035768	0.9852246124895749
1993	10	15	9.9752031532	8.22415851908651	1.3043245859785702
1993	10	16	20.50896993	22.216126478674056	0.977892786546446
1993	10	17	2.56472661756	18.946583336529574	1.297435607118088
1993	10	18	0.052219395478	8.634947272843124	1.5441405548259228
1993	10	19	0.00041370620104	6.413334624975718	1.6397299058949835
1993	10	20	0.0012297843064799998	5.306720023019124	1.80916145283849
1993	10	21	0.0	4.686345170407093	1.5841119097732008
1993	10	22	0.00041370620104	4.12465442547458	1.4385632901183933
1993	10	23	0.0008130356405199999	3.789316667305914	1.4661432347733572
1993	10	24	0.0	3.462362353091466	1.3925261058478036
1993	10	25	0.005643804278400001	3.2276259223734005	1.4127151479290563
1993	10	26	0.0072773224152	3.059957043289068	1.2461778491775968
1993	10	27	0.0068338840326	2.950972271884252	1.4127383368849273
1993	10	28	0.30015453404000003	2.7665365048914863	1.0745132066339447
1993	10	29	0.0012042223337200002	2.63240140162402	1.4894739975114097
1993	10	30	0.4467376586	2.540183518127637	1.3465835118593776
1993	10	31	3.67936619164	2.531800074173421	1.0353773302579883
1993	11	01	21.7666938748	2.950972271884252	0.9420854872871584
1993	11	02	8.4384431784	4.443225295734811	0.9248861641917734
1993	11	03	16.114571047200002	5.281569691156474	0.7710354130627188
1993	11	04	0.0416607909528	4.736645834132394	1.3355786376417134
1993	11	05	22.019060915599997	4.828863717628776	0.7139116717450885
1993	11	06	7.8895301748	9.892463865975618	0.8615404592749534
1993	11	07	4.4715429916	5.574990229554055	0.932658350657135
1993	11	08	2.4528652828	5.281569691156474	1.0125465182143785
1993	11	09	0.0020418696224	4.392924632009511	1.1140372902183993
1993	11	10	0.0025229226988800002	3.7557828914890483	0.8991518260002499
1993	11	11	1.15340036228	3.537813348679416	1.1058241507010576
1993	11	12	0.006673363321	3.3030769179613504	1.1633090781460274
1993	11	13	0.24703442195199996	3.0515735993348514	1.0760454036313067
1993	11	14	0.141665263688	2.9425888279300354	1.1762668975454547
1993	11	15	0.0	2.774919948845703	1.1372740697813777
1993	11	16	0.0	2.63240140162402	1.1643423729058051
1993	11	17	0.0012264789453600002	2.4647325225396877	1.123954242617152
1993	11	18	0.0012300094559200001	2.3557477511348717	1.0920727860433928
1993	11	19	4.43087470844	2.3473643071806545	0.7528889414591385
1993	11	20	0.0519671083044	2.6491682895324535	0.8128178626269225
1993	11	21	1.0081877208399999	2.4479656346312546	0.8181444828146521
1993	11	22	0.075435254976	2.3305974192722214	0.7335888395094476
1993	11	23	0.00041370620104	2.1796954280963226	0.8324942111485488
1993	11	24	0.00041370620104	2.06232721273729	0.8192248914511907
1993	11	25	0.000813244464724	2.03717688087464	0.8298964521838799
1993	11	26	0.0024480718246	1.9784927731951234	0.7747138673756335
1993	11	27	6.24412741832	1.9617258852866901	0.7271267006793916
1993	11	28	18.8921269236	3.6803318959010984	0.6080019371766785
1993	11	29	13.7647087808	5.071983592301058	0.72145663591465
1993	11	30	15.915992664000003	10.395470503228616	0.6620260184987561
1993	12	01	0.5920681612079999	5.792959772363687	0.5092193395373698
1993	12	02	0.121059193308	4.116270981520363	0.9098777529091592
1993	12	03	0.0012234742272	3.5126630168167665	0.9651656510629001
1993	12	04	0.0026376028704	3.2360093663276173	0.9511042401308193
1993	12	05	0.44381708624	3.0515735993348514	0.6934853852225016
1993	12	06	1.9918023009200003	2.8671378323420855	0.7583482955918709
1993	12	07	0.0400348735112	2.7581530609372695	0.7866553370671489
1993	12	08	0.672376988792	2.6575517334866703	0.5562577083836894
1993	12	09	0.134350825844	2.540183518127637	0.6241534265333304
1993	12	10	0.43519089619199997	2.5234166302192036	0.6315325149162607
1993	12	11	0.20604183992800001	2.322213975318005	0.765669275377051
1993	12	12	0.00163215554532	2.1964623160047556	0.851286350998162
1993	12	13	5.87270719156	2.1964623160047556	0.6347913858895039
1993	12	14	0.248115595648	2.489882854402338	0.5686144994137227
1993	12	15	0.6959770428	2.2970636434553553	0.7047372157221844
1993	12	16	1.636528845	2.263529867638489	0.466555679340129
1993	12	17	0.59505803738	2.1964623160047556	0.5050328124930005
1993	12	18	2.5229278332	2.2216126478674054	0.39592969443457426
1993	12	19	1.79053343896	2.3892815269517382	0.6931755953518736
1993	12	20	2.44065606	2.263529867638489	0.5708442271968351
1993	12	21	1.63170990536	2.3892815269517382	0.8314822961132037
1993	12	22	0.010918256985599999	2.229996091821622	0.6810900875362622
1993	12	23	0.41515170228000003	2.1126278764625894	0.5780106802759831
1993	12	24	1.7726154228	2.129394764371023	0.4388444487237256
1993	12	25	2.34280295672	2.079094100645723	0.5067178382128228
1993	12	26	2.14102931504	2.03717688087464	0.4213202026285332
1993	12	27	5.366249594799999	2.2719133115927055	0.4695963567651061
1993	12	28	1.45586296332	2.305447087409572	0.7613635074685415
1993	12	29	3.32720413364	2.3138305313637884	0.5733352777196821
1993	12	30	1.65357640376	2.6491682895324535	0.5240115734003955
1993	12	31	7.181524561200001	3.797700111260131	0.6210290169691093
1994	01	01	1.08802287888	3.6887153398553156	0.7008708944732664
1994	01	02	3.6143017116	3.554580236587849	0.4322883028076241
1994	01	03	18.036494397200002	6.1115306426239195	0.7833007509305552
1994	01	04	6.07385435112	5.868410767951637	0.4979681822041121
1994	01	05	53.8916406496	16.26388127118025	0.5440327321931167
1994	01	06	23.7969532784	27.749199488457027	0.6089065225755882
1994	01	07	1.4442258368799998	9.80862942643345	0.6462605099662808
1994	01	08	17.930077058	11.904490414987608	0.813065394918449
1994	01	09	39.508059952	26.240179576698036	0.7070413447748708
1994	01	10	10.800764727999999	24.982662983565543	0.39015247172526923
1994	01	11	9.1357532428	13.329675887204434	0.8357207679383786
1994	01	12	2.4234827103999996	11.988324854529774	0.47036119430295853
1994	01	13	1.5084950678	9.80862942643345	0.48084072133212896
1994	01	14	4.3956025956	9.557126107806953	0.8446024611953526
1994	01	15	11.8583947144	9.305622789180454	0.46287689761480294
1994	01	16	0.9194065806799999	8.71878171238529	0.5278082949728768
1994	01	17	0.10048517915	6.991792257816665	0.5495574539864276
1994	01	18	0.00081041086204	5.994162427264887	0.7335713164637493
1994	01	19	0.057055292635999996	5.424088238378157	0.6067688446957034
1994	01	20	0.0081449397756	5.021682928575759	0.7426055578694587
1994	01	21	0.0035894953396000003	4.677961726452876	0.8616072943302637
1994	01	22	0.0039977127623999995	4.359390856192645	0.8876417462085603
1994	01	23	0.00155865842008	4.17495508919988	1.0810177707653863
1994	01	24	0.0060917432728	3.9486021024360305	1.0481750601598507
1994	01	25	0.0126662096072	3.7557828914890483	1.0818113883743568
1994	01	26	0.08227322792399999	3.5210464607709824	0.9687644549278599
1994	01	27	0.0080448366992	3.3617610256408668	1.1827067796498862
1994	01	28	0.0109390043924	3.2276259223734005	1.1674061134721836
1994	01	29	0.00163215554532	3.068340487243285	1.210961613702447
1994	01	30	0.00079157209116	2.9845060477011183	1.1777434256529988
1994	01	31	0.0020218783868399997	2.858754388387869	1.1262601082612378
1994	02	01	0.0020345278300400002	2.7162358411661867	1.1330150861248252
1994	02	02	10.877703464	2.900671608158952	0.9304670218395302
1994	02	03	26.5660708048	9.13795391009612	1.0749195170693635
1994	02	04	2.3593672238399996	6.622920723831133	0.5849772892411097
1994	02	05	0.010578267069199999	4.585743842956494	0.7814429716239707
1994	02	06	2.120626288	4.091120649657713	0.7582151033605035
1994	02	07	8.31208376	4.820480273674559	0.7191329626534192
1994	02	08	0.0121552420808	4.418074963872161	0.9075658523488664
1994	02	09	0.00121720056356	3.965368990344464	1.216745159545919
1994	02	10	0.0008160782005199999	3.8312338870769977	1.336929695222916
1994	02	11	0.00122978440156	3.789316667305914	1.3635385532113924
1994	02	12	0.0020652963836	3.6719484519468817	1.3305658530395124
1994	02	13	0.072172261504	3.4120616893661664	1.3758541242500297
1994	02	14	8.856730524	3.6551815640384486	0.6330902133619127
1994	02	15	7.0636729011999995	4.292323304558912	0.7627056062138076
1994	02	16	0.86793844556	4.594127286910711	1.0545048659842733
1994	02	17	2.7989569582	3.8983014387107313	1.1384222339534638
1994	02	18	0.197601227024	3.7725497793974814	1.1649444487186653
1994	02	19	13.0974877332	4.300706748513129	1.2191642881714913
1994	02	20	2.0626795918400003	7.65408433019978	1.338803773332813
1994	02	21	8.41001616	6.5810035040600505	1.3211047682721844
1994	02	22	15.738757839199998	5.960628651448021	1.1442313097298629
1994	02	23	11.6785870248	8.634947272843124	0.9558357913525374
1994	02	24	2.13152511824	8.71878171238529	0.9715747485219632
1994	02	25	0.08562567266	6.371417405204635	1.419220528173446
1994	02	26	8.771191802	6.480402176609451	1.0832312928873526
1994	02	27	6.40134685724	8.71878171238529	0.9932504240609245
1994	02	28	9.0621632244	9.557126107806953	1.2120612139470879
1994	03	01	0.00281184866524	6.480402176609451	1.6083750961812375
1994	03	02	0.056471482419999997	5.323486910927556	1.9240500597368202
1994	03	03	0.0239364033112	4.912698157170942	1.8911026529249513
1994	03	04	0.0057549385364	4.485142515505894	2.113929587190938
1994	03	05	1.9257680999599998	4.258789528742046	1.3747030657564618
1994	03	06	0.00042439851752000004	4.2001054210625295	2.2742258048778647
1994	03	07	0.0008125188807199999	3.8144669991685642	2.0774699422874447
1994	03	08	0.00041370620104	3.487512684954116	2.1771208781125453
1994	03	09	0.0016610108991200001	3.2527762542360503	2.1891273645633764
1994	03	10	0.233075888788	3.1270245949228013	2.2680217194309025
1994	03	11	5.12865741552	3.2192424784191838	1.854670943749845
1994	03	12	0.08369097531200001	3.8983014387107313	1.7182827200008082
1994	03	13	0.0100262059668	3.0934908191059347	2.0761033494804595
1994	03	14	0.0	2.8252206125710027	2.5222602742107987
1994	03	15	0.00204917395324	2.6659351774408866	2.5874385711988235
1994	03	16	0.00041370620104	2.4731159664939044	2.4422831416495425
1994	03	17	0.0016264889674800001	2.3725146390433047	2.582921619552511
1994	03	18	0.000307416592312	2.2467629797300557	2.479635427184291
1994	03	19	0.024368224344	2.1964623160047556	2.193210628466108
1994	03	20	0.8705139250599999	2.1210113204168057	1.9158635905028671
1994	03	21	0.072672078048	2.0539437687830735	2.1734791950835946
1994	03	22	0.00081041086204	1.9952596611035567	2.7446932108168354
1994	03	23	0.00041370620104	1.944958997378257	2.8273984073342007
1994	03	24	0.00327643854464	1.8192073380650076	3.0617549767354713
1994	03	25	0.48285952041600005	1.7772901182939245	2.9094134796431157
1994	03	26	0.010522166066	1.7353728985228414	2.425328019614292
1994	03	27	0.0451506937956	1.6096212392095919	2.2848966568000644
1994	03	28	0.017238450875999997	1.6515384589806752	2.4434366486677193
1994	03	29	0.39464912648	1.6180046831638086	3.0888260155296137
1994	03	30	1.3467561912400001	1.6515384589806752	2.162610821208317
1994	03	31	6.3664788344	1.810823894110791	1.7790142022123172
1994	04	01	3.4313645588800004	2.2719133115927055	2.06300526725631
1994	04	02	3.50146095776	1.9617258852866901	1.5963215733833587
1994	04	03	0.05843907269399999	1.768906674339708	2.0439801807588767
1994	04	04	1.0924498987600002	1.6683053468891083	2.240674022048676
1994	04	05	0.29110957363999995	1.6431550150264584	2.0304581055533664
1994	04	06	0.154391027604	1.5090199117589924	2.590183182467021
1994	04	07	1.0280536409599998	1.3748848084915264	2.4117619210718306
1994	04	08	0.00164797828352	1.34135103267466	2.9101317756475837
1994	04	09	1.22907767192	1.2659000370867104	2.2685566674184368
1994	04	10	1.80289669136	1.2659000370867104	2.335154524352365
1994	04	11	0.0037416191560799995	1.274283481040927	2.8002107630409734
1994	04	12	0.00162999466216	1.1988324854529773	3.057132541304895
1994	04	13	0.0	1.1401483777734611	2.8569853219540757
1994	04	14	0.0052583356964	1.0982311580023778	2.8461538490892826
1994	04	15	0.0018299608330399999	1.0395470503228614	2.248567351465689
1994	04	16	0.005172954807200001	1.0395470503228614	2.3738216161438235
1994	04	17	0.5369447135200001	1.031163606368645	2.4715730576524364
1994	04	18	0.8190077104	0.9724794986891285	2.733220420711229
1994	04	19	1.36049857904	0.9724794986891285	2.4032801772492727
1994	04	20	0.199837641736	0.9724794986891285	2.4931452951145183
1994	04	21	3.6947658238399996	0.9137953910096122	2.3139365354320485
1994	04	22	23.4924367592	1.2407497052240606	1.6717967671476046
1994	04	23	16.268881133199997	4.2001054210625295	1.7245672134662253
1994	04	24	3.9344779067999998	5.231269027431174	1.9124504213884044
1994	04	25	1.61138560456	2.9845060477011183	2.2377951273569647
1994	04	26	0.0024296941917199997	1.9868762171493402	3.593683344060523
1994	04	27	0.0	1.584470907346942	4.071013177858233
1994	04	28	0.00041370620104	1.4000351403541764	4.314920895704494
1994	04	29	0.027620362532399998	1.274283481040927	4.119055420711467
1994	04	30	0.0165360074424	1.207215929407194	4.2687524784113435
1994	05	01	0.0147246298052	1.1233814898650278	3.928682770993058
1994	05	02	0.00081041086204	1.0395470503228614	4.5586473818827224
1994	05	03	0.0008207867903120001	0.9976298305517783	4.0237635109674
1994	05	04	0.0019665291812	0.9724794986891285	3.116626881216456
1994	05	05	0.00081041086204	0.9724794986891285	4.337692072163331
1994	05	06	0.11700426330319999	0.9724794986891285	4.02614270791963
1994	05	07	0.713199292044	0.9473291668264785	2.664616733360809
1994	05	08	2.7028496187999997	0.8383443954216625	2.33186892653575
1994	05	09	0.373879318832	0.8383443954216625	2.767337352306769
1994	05	10	3.3594429092399998	0.8383443954216625	2.9998027915183707
1994	05	11	8.206887248000001	0.9137953910096122	1.8402898977433648
1994	05	12	35.677518747200004	1.7353728985228414	1.7080523320672414
1994	05	13	10.497621164	3.4120616893661664	2.404620133990379
1994	05	14	17.567600721599998	5.038449816484191	2.2653478822607664
1994	05	15	15.655426874799998	6.480402176609451	2.5585875240294413
1994	05	16	6.235004112	5.658824669096222	2.2072339585072074
1994	05	17	9.8069239136	10.06013274505995	1.942284027438453
1994	05	18	2.60811029044	10.814642700939446	2.488549335815239
1994	05	19	26.3944960924	14.922530238505592	2.3836307793889553
1994	05	20	42.2896234504	22.048457599589725	1.9506154514055607
1994	05	21	0.43769558863200003	32.69543142144484	2.7276352698996686
1994	05	22	7.702227328799999	14.419523601252594	3.3321483189256935
1994	05	23	14.213522511199999	14.419523601252594	2.6328937575176985
1994	05	24	0.030148485536799996	13.665013645373099	3.0717493241508302
1994	05	25	2.1296754319199995	8.802616151927456	3.3110455594033485
1994	05	26	0.147392958952	7.578633334611828	2.999608864009698
1994	05	27	0.0	6.186981638211869	4.224666110862727
1994	05	28	1.01977131724	5.306720023019124	3.519495842620286
1994	05	29	0.15667972680800002	4.761796165995043	3.785638037969463
1994	05	30	0.844169900284	4.233639196879396	4.247397906070071
1994	05	31	0.0470245180752	3.7809332233516977	4.081378654641292
1994	06	01	0.209997224976	3.3449941377324333	3.6650500238721926
1994	06	02	2.07688539956	3.613264344267365	2.5278596418614248
1994	06	03	1.22327769684	3.906684882664947	3.0845420464045206
1994	06	04	0.021895203052	3.261159698190267	4.466896288106632
1994	06	05	0.0055837951068799995	2.800070280708353	5.304412540460485
1994	06	06	0.00081607810544	2.3305974192722214	5.784037309449651
1994	06	07	1.59327961524	2.1042444325083727	4.979828585362367
1994	06	08	0.07715031277	1.9030417776071737	4.181368572736049
1994	06	09	0.0	1.8443576699276578	5.082793047114799
1994	06	10	0.00163598822012	1.6180046831638086	5.36713818585887
1994	06	11	0.0	1.475486135942126	5.152451042285643
1994	06	12	0.0	1.3748848084915264	4.605187452844418
1994	06	13	0.0	1.3078172568577935	5.231541441690882
1994	06	14	0.00162336197644	1.2491331491782771	5.311045022339432
1994	06	15	0.0024517591220799997	1.207215929407194	5.48554041413672
1994	06	16	1.6639063703599999	1.1736821535903272	4.578400499938321
1994	06	17	17.565159067199996	1.207215929407194	3.5469654260298613
1994	06	18	9.4828722576	1.4671026919879093	3.2542615407410542
1994	06	19	0.0036544473400000003	1.475486135942126	4.19914277092996
1994	06	20	0.42115237222400004	1.4000351403541764	4.1628827960288906
1994	06	21	0.00334246675556	1.274283481040927	5.196068793063979
1994	06	22	0.000419373482472	1.1988324854529773	5.915429299488412
1994	06	23	0.010160360994400002	1.1066146019565946	5.625833811144042
1994	06	24	0.33177063071999996	1.0395470503228614	4.054426992720917
1994	06	25	1.18831478416	0.9892463865975617	3.2971409587914366
1994	06	26	0.00122128291844	1.006013274505995	5.212635525554659
1994	06	27	0.00204633961844	0.9976298305517783	5.536154709736877
1994	06	28	0.00204244989564	0.9137953910096122	5.06283675185538
1994	06	29	0.00041712613356	0.8802616151927456	6.292941960921442
1994	06	30	0.00171131515996	0.7964271756505794	5.351471960186854
1994	07	01	0.0406188662808	0.7461265119252796	4.806818855347244
1994	07	02	0.000702211020048	0.7042092921541965	5.340467281661499
1994	07	03	0.534177828472	0.6622920723831134	5.032390760105839
1994	07	04	0.21061792623199999	0.6622920723831134	4.419364557512433
1994	07	05	0.03837259557600001	0.6622920723831134	4.699933562998881
1994	07	06	0.085458151208	0.6622920723831134	4.211737553943413
1994	07	07	0.0	0.6622920723831134	5.288892842022303
1994	07	08	0.0031242831615999997	0.6622920723831134	5.418168200132186
1994	07	09	0.0	0.6622920723831134	5.732352800819398
1994	07	10	0.0	0.5700741888867306	5.602243769692049
1994	07	11	0.015496891433599998	0.48623974934456426	5.681765716542981
1994	07	12	0.005228624717680001	0.48623974934456426	5.137303180082874
1994	07	13	0.00123589291124	0.48623974934456426	5.133485299263364
1994	07	14	0.00387378301832	0.48623974934456426	5.673786855766032
1994	07	15	2.8971879094000004	0.4443225295734811	5.081780734908304
1994	07	16	6.3504711656	0.4443225295734811	3.562122953699928
1994	07	17	1.09452587548	0.5281569691156474	3.9617312281102426
1994	07	18	0.0053791452952	0.5281569691156474	5.323195591074297
1994	07	19	0.0020594394556	0.48623974934456426	5.4878000010378
1994	07	20	0.00408532460872	0.4443225295734811	5.796646303867139
1994	07	21	0.13754711118800003	0.4359390856192645	5.3248692836831335
1994	07	22	2.63880278	0.3940218658481814	5.033395790886195
1994	07	23	0.06941106223999999	0.3940218658481814	4.699856260517962
1994	07	24	0.794211645072	0.3940218658481814	3.928255011052852
1994	07	25	0.0028525337775600003	0.3940218658481814	5.0458473493576905
1994	07	26	0.00081041086204	0.3437212021228816	5.608287953668067
1994	07	27	0.0157779146356	0.3437212021228816	5.275163407339174
1994	07	28	0.038503708043599996	0.31857087026023173	5.74831659572502
1994	07	29	0.0021537708907599998	0.31018742630601515	5.098999167235478
1994	07	30	0.64224334144	0.2934205383975818	3.8391055267394996
1994	07	31	0.77829835268	0.2850370944433653	3.5585264533989576
1994	08	01	0.076131639912	0.25988676258071536	4.3012786875432285
1994	08	02	0.00264956764252	0.25988676258071536	4.9373225548947826
1994	08	03	0.433890620144	0.25988676258071536	5.478287398258876
1994	08	04	0.0348833345232	0.25988676258071536	4.411718273361802
1994	08	05	0.0020221245489599996	0.25988676258071536	5.071494432207686
1994	08	06	0.0091623499712	0.2515033186264988	4.889758749635619
1994	08	07	0.0101053001664	0.20958609885541563	4.669111599292694
1994	08	08	2.31199019096	0.20958609885541563	4.893906788620217
1994	08	09	25.0184745624	0.24311987467228213	2.5398484603654987
1994	08	10	13.1366549884	0.41917219771083125	2.3105905053258904
1994	08	11	1.3121062819200002	0.48623974934456426	3.1687310935462976
1994	08	12	0.104267285652	0.4443225295734811	3.8414167388001097
1994	08	13	0.0056668183924	0.3940218658481814	4.0697531936990154
1994	08	14	0.00166320467996	0.3940218658481814	4.547300311972603
1994	08	15	0.045291857170000005	0.2934205383975818	4.643100604145815
1994	08	16	0.0244959377016	0.2850370944433653	4.3918750905896955
1994	08	17	0.0034058542145600002	0.2850370944433653	4.776040999845127
1994	08	18	0.000419373510996	0.268270206534932	5.383627636586546
1994	08	19	0.00204586222176	0.23473643071806552	4.847646822597924
1994	08	20	0.0562640967764	0.23473643071806552	4.748588734434482
1994	08	21	0.009754768730399998	0.23473643071806552	4.023397881788494
1994	08	22	0.0173801333872	0.21796954280963224	3.9418921681880263
1994	08	23	0.281151018044	0.19281921094698237	3.5537755018803234
1994	08	24	0.0661458572072	0.19281921094698237	3.6999365884729274
1994	08	25	0.15092777663600002	0.19281921094698237	3.803354169602788
1994	08	26	0.00166776918552	0.19281921094698237	4.990891693109119
1994	08	27	0.004085528175	0.19281921094698237	4.787703052981851
1994	08	28	0.00204504595996	0.19281921094698237	4.615194871817011
1994	08	29	0.00246090030344	0.19281921094698237	4.158319445681689
1994	08	30	0.03619196144759999	0.19281921094698237	3.677130598342219
1994	08	31	0.56564822456	0.19281921094698237	2.964342722376923
1994	09	01	0.0111398019428	0.1676688790843325	3.2550601160871873
1994	09	02	0.00041370620104	0.1676688790843325	4.307128398337571
1994	09	03	0.27719661232	0.1676688790843325	3.4678099680190875
1994	09	04	0.0752158445648	0.1676688790843325	3.478997205038323
1994	09	05	0.000419373482472	0.15928543513011587	4.3440326570262515
1994	09	06	0.0043567215312	0.14251854722168264	3.8261276464741116
1994	09	07	0.823772387884	0.14251854722168264	2.8428199896633304
1994	09	08	0.652144459208	0.14251854722168264	1.9863548311609451
1994	09	09	1.5983128652	0.14251854722168264	2.5838343936124626
1994	09	10	1.0024780717600001	0.14251854722168264	1.9799002472133063
1994	09	11	3.68546747524	0.18443576699276576	2.5034618542278095
1994	09	12	4.3372016072	0.20958609885541563	2.4976488676131194
1994	09	13	6.7095617031999994	0.23473643071806552	1.8784394459754221
1994	09	14	10.2527920656	0.25988676258071536	1.673105190194643
1994	09	15	0.127433594208	0.2850370944433653	2.0354787960385727
1994	09	16	1.4176196955599998	0.2850370944433653	2.708250710558692
1994	09	17	0.00041370620104	0.25988676258071536	2.902440041592546
1994	09	18	0.0	0.25988676258071536	3.0850698734531474
1994	09	19	0.012274124408000001	0.25988676258071536	3.125861443944177
1994	09	20	0.40933991826399996	0.20958609885541563	2.583763003225834
1994	09	21	2.3036533864	0.19281921094698237	1.7882630951692442
1994	09	22	0.40498845846	0.19281921094698237	2.3011819552163906
1994	09	23	0.189409191272	0.19281921094698237	2.2810044994406757
1994	09	24	1.8941565671199998	0.19281921094698237	2.110653812783546
1994	09	25	6.3532750748	0.21796954280963224	0.9945503560947287
1994	09	26	1.20359889416	0.2515033186264988	2.008424973869171
1994	09	27	0.0430765017272	0.2515033186264988	2.1503099129951213
1994	09	28	0.0548667830312	0.23473643071806552	2.5758230730969696
1994	09	29	0.0405251915632	0.23473643071806552	2.5980156923163187
1994	09	30	0.43935151141999995	0.23473643071806552	2.244427138285019
1994	10	01	2.5414020673600004	0.23473643071806552	2.094787376756697
1994	10	02	0.005134545339599999	0.22635298676384888	2.517009708441277
1994	10	03	0.27442897614	0.21796954280963224	2.2560120094505836
1994	10	04	22.3239130672	0.25988676258071536	1.0551338871252913
1994	10	05	0.033737911468	0.31018742630601515	2.0450925315870885
1994	10	06	0.000810410919088	0.31018742630601515	2.639468450447062
1994	10	07	0.000822987987392	0.3018039823517985	2.3349197102634163
1994	10	08	0.00040681318628000006	0.27665365048914864	2.255973217458983
1994	10	09	0.751606125928	0.25988676258071536	2.17041106986456
1994	10	10	6.5974804484	0.268270206534932	2.3032595941748832
1994	10	11	0.19308453719600002	0.3018039823517985	2.220646346129552
1994	10	12	0.6697318251600001	0.2934205383975818	2.030050293624106
1994	10	13	0.577596738	0.268270206534932	2.1084840261196836
1994	10	14	9.505848339599998	0.25988676258071536	1.4333598553874847
1994	10	15	2.03159470712	0.31857087026023173	1.527934191435642
1994	10	16	0.040851535598000005	0.3437212021228816	1.7771959653908707
1994	10	17	2.13718000124	0.32695431421444837	1.9814928487616357
1994	10	18	2.912668835	0.31018742630601515	1.6081965611755522
1994	10	19	7.4189697468	0.31857087026023173	1.0480239686450252
1994	10	20	3.77158704096	0.3437212021228816	1.0318248020662122
1994	10	21	3.65653890984	0.3604880900313149	1.622056737620117
1994	10	22	32.34020314079999	2.338980863226438	1.287448539638144
1994	10	23	1.8998573737600002	2.1210113204168057	0.9576504825159696
1994	10	24	2.68687304116	1.1317649338192446	0.9460884608297861
1994	10	25	3.40371168184	0.8886450591469622	1.2331036124564776
1994	10	26	0.0051131927486	0.7712768437879295	1.340427869592845
1994	10	27	0.33177923546	0.6622920723831134	1.3108665432564326
1994	10	28	2.68415270728e-05	0.6455251844746801	1.4091049481515816
1994	10	29	0.0275685249164	0.6119914086578137	1.5864544649949164
1994	10	30	0.00082110317852	0.5784576328409471	1.7255819808121822
1994	10	31	0.504521444688	0.5449238570240806	1.4872469029126423
1994	11	01	0.7229137772800001	0.49462319329878085	1.2384343646509461
1994	11	02	7.8539284196	0.8886450591469622	0.5410878801501275
1994	11	03	19.6916270704	2.079094100645723	1.043593068706942
1994	11	04	6.382962854	2.146161652279456	0.6774801214592975
1994	11	05	1.1255394502	1.5174033557132092	0.9140585014677389
1994	11	06	30.489602151199996	2.2886801995011385	0.8971481254680301
1994	11	07	6.312726307199999	6.270816077754035	0.7578865982819423
1994	11	08	49.2252112312	7.746302213696161	0.7696319315963169
1994	11	09	9.713918559200001	13.9165169639996	0.6455622877643942
1994	11	10	2.55145810848	6.88280748641185	1.1981968489275654
1994	11	11	3.3737382823199997	4.392924632009511	1.2145964219900895
1994	11	12	11.669555375599998	4.677961726452876	0.9679410829866458
1994	11	13	0.0019031274601999998	3.244392810281834	1.2878462759657068
1994	11	14	0.00082741249716	2.531800074173421	1.323115162461463
1994	11	15	0.0008284239201680001	2.1377782083252392	1.3110987893857988
1994	11	16	0.0	1.9030417776071737	1.1531610267320196
1994	11	17	0.145596184652	1.7353728985228414	1.107845407679608
1994	11	18	0.010529520504	1.5928543513011588	1.3615843046194107
1994	11	19	0.004606557827640001	1.5006364678047759	1.3464790234791073
1994	11	20	0.0087754219112	1.4251854722168262	1.2707963187534816
1994	11	21	0.0	1.34135103267466	1.1797482907672983
1994	11	22	0.00081041086204	1.2407497052240606	1.100358447308671
1994	11	23	0.0009507743854479998	1.1736821535903272	1.2052613904670602
1994	11	24	0.00081041086204	1.1736821535903272	1.2170644390091325
1994	11	25	0.0012212830135199999	1.1652987096361107	1.0871844276486402
1994	11	26	0.00041370620104	1.1317649338192446	1.080288966640378
1994	11	27	0.000416218718564	1.0982311580023778	1.078555290612439
1994	11	28	0.0023608094923599997	1.073080826139728	0.9572609985647906
1994	11	29	2.1528317855999997	1.0479304942770782	0.9486653269918986
1994	11	30	1.4414002494399998	1.1401483777734611	0.8768726660680893
1994	12	01	0.303238577444	1.1317649338192446	1.00658332449777
1994	12	02	0.120456395616	1.0563139382312947	0.8563244626748523
1994	12	03	3.9368511036	1.0395470503228614	0.783525893846117
1994	12	04	6.8870304248	1.1569152656818942	0.47968382435502477
1994	12	05	12.5653506448	3.7809332233516977	0.7306933106486064
1994	12	06	1.2620168068	2.724619285120403	0.6345618790370108
1994	12	07	15.4953520884	2.4982662983565542	0.7038568589040782
1994	12	08	2.98185199048	2.4982662983565542	0.71508764416298
1994	12	09	7.51189656512	3.864767662893864	0.575126061077269
1994	12	10	0.212203879648	4.929465045079375	0.7917824222491383
1994	12	11	0.00041370620104	3.076723931197501	0.958363692941467
1994	12	12	0.0012127824812	2.4060484148601713	1.0088928995379596
1994	12	13	0.0	2.162928540187889	0.9739898548606548
1994	12	14	0.00338907183392	1.9952596611035567	0.9601173531558274
1994	12	15	0.010199024325600001	1.8024404501565743	0.877926014363498
1994	12	16	0.0067262773376799995	1.6934556787517583	0.7320846742280147
1994	12	17	0.0417096982032	1.634771571072242	0.7869407202107075
1994	12	18	4.578980824439999	1.861124557836091	0.6906231223904103
1994	12	19	0.3157625816	2.0204099929662065	0.5994541096319668
1994	12	20	0.387425347416	1.768906674339708	0.593279453916354
1994	12	21	0.12245615620799997	1.634771571072242	0.6506554408674272
1994	12	22	0.40291490628	1.5928543513011588	0.7931005348252266
1994	12	23	0.00088018436924	1.634771571072242	0.6273558643872
1994	12	24	0.0008206203622799999	1.5006364678047759	0.5634248779770205
1994	12	25	0.00045067450304800004	1.4168020282626097	0.592124951559923
1994	12	26	0.0019655334083599997	1.3665013645373099	0.7240512779880681
1994	12	27	0.18758704962800002	1.3245841447662268	0.6378183475454939
1994	12	28	0.467881606048	1.3832682524457431	0.5964235241773548
1994	12	29	15.756564421599998	2.171311984142106	0.6091827936820691
1994	12	30	32.8719637124	11.317649338192444	0.7025439792997655
1994	12	31	40.895356068400005	23.389808632264383	0.8558553277953677
1995	01	01	0.423279083632	28.67137832342086	0.6692072504468443
1995	01	02	0.0020345278300400002	8.14870752349856	0.6564721718539368
1995	01	03	0.14525683462400002	5.608524005370922	0.5644147984432472
1995	01	04	1.48886703784	4.946231932987809	0.5644588390939718
1995	01	05	0.65752683342	4.476759071551678	0.6349062730211288
1995	01	06	0.345434045072	3.8228504431227806	0.6307402421723186
1995	01	07	0.0083700930188	3.420445133320383	0.7168187421265579
1995	01	08	0.012211435787	3.152174926785451	0.9029411676516313
1995	01	09	0.005456313173999999	2.976122603746902	0.8151674360534176
1995	01	10	0.00179686053756	2.774919948845703	0.8656634627024862
1995	01	11	0.142577423176	2.615634513715587	0.9411054962775902
1995	01	12	0.3778738293	2.5234166302192036	0.8730452307104484
1995	01	13	0.00041370620104	2.3305974192722214	0.8711825777785507
1995	01	14	0.00041370620104	2.255146423684272	0.944190857398247
1995	01	15	0.000405205459544	2.171311984142106	0.8941890846694663
1995	01	16	0.33188244479999995	2.06232721273729	0.9029136637871861
1995	01	17	33.661914024	3.546196792633633	0.6125525016554229
1995	01	18	10.5228116592	10.311636063686448	0.5631619145926511
1995	01	19	23.5369370516	7.696001549970862	0.6629050030331431
1995	01	20	7.800168285999999	18.443576699276576	0.6632790238040875
1995	01	21	4.621796013999999	8.056489640002177	0.6415064321321354
1995	01	22	6.3409121076399995	9.80862942643345	0.5124341131335213
1995	01	23	18.160297114400002	17.68906674339708	0.5512413640312432
1995	01	24	3.1280289332799995	14.587192480336926	0.8415301751021744
1995	01	25	2.31090104956	9.13795391009612	0.6563304386952447
1995	01	26	13.0972956716	13.581179205830932	0.7708600841691876
1995	01	27	2.02454519068	8.383443954216625	0.8000072568883344
1995	01	28	3.2457960671599997	8.182241299315425	0.8107708811361705
1995	01	29	13.274925078399999	8.634947272843124	0.979497570732866
1995	01	30	10.912253634399999	9.13795391009612	0.958499532750465
1995	01	31	0.07803397678200001	6.480402176609451	1.292713757856633
1995	02	01	0.7981590434	5.41570479442394	0.7340860803586522
1995	02	02	0.51459920208	5.21450213952274	0.9271378544517559
1995	02	03	0.00512445012552	4.602510730864927	1.2851197395235832
1995	02	04	0.000419373482472	4.2001054210625295	1.4346205457722694
1995	02	05	0.00162547893264	3.848000774985431	1.4049740167828089
1995	02	06	0.030749257073999996	3.613264344267365	1.3268951031931553
1995	02	07	2.7194066598399997	3.4958961289083326	1.1122531137415734
1995	02	08	16.4839026516	4.962998820896242	0.8181740857823272
1995	02	09	10.420630134	5.7510425525926046	0.8482001110490469
1995	02	10	0.290261906916	5.28995313511069	0.885890998786302
1995	02	11	7.0325418076	4.267172972696262	1.2726015410663483
1995	02	12	7.733596122400001	6.337883629387768	0.8609073287738314
1995	02	13	28.3087607484	7.32713001598533	0.7210997483474662
1995	02	14	11.9279552424	20.455603248288565	0.9948338713632543
1995	02	15	15.222853759200001	13.245841447662267	0.9617088395299951
1995	02	16	0.679203380996	10.814642700939446	1.3755222165102416
1995	02	17	16.098343743599997	11.988324854529774	1.3504688974037373
1995	02	18	0.0060867477696	9.892463865975618	1.26270682450334
1995	02	19	0.0020435886688	6.6899882754648665	1.5463203413445998
1995	02	20	0.015229964792399997	5.717508776775738	1.626252351329299
1995	02	21	3.9156587224	5.323486910927556	1.0841199528575032
1995	02	22	0.0	4.862397493445642	1.1829055631483238
1995	02	23	0.637339628472	4.493525959460111	1.247135169584842
1995	02	24	1.77335875824	4.208488865016745	1.4452784442429658
1995	02	25	7.960491231200001	4.12465442547458	1.466261529994666
1995	02	26	4.4888779772	4.828863717628776	0.7625162288378659
1995	02	27	0.015106086962000002	4.552210067139628	1.185498449998682
1995	02	28	0.00203736159436	4.007286210115547	1.576480762176956
1995	03	01	0.189083618336	3.7054822277637482	1.5350819342290862
1995	03	02	2.5703496487599997	3.4707457970456828	1.3846531161494962
1995	03	03	9.785909332000001	4.3090901924673455	1.003099456217532
1995	03	04	1.51777981996	4.250406084787829	1.142995047281979
1995	03	05	10.823094266	4.342623968284212	1.1693996398146527
1995	03	06	0.33948567863599993	4.527059735276978	1.3776941178010849
1995	03	07	3.0793898084799998	3.730632559626398	1.4435348797674394
1995	03	08	1.953625399	3.848000774985431	1.2252672840493026
1995	03	09	0.0	3.4958961289083326	2.0640709290116344
1995	03	10	4.799640681920001	3.2946934740071336	1.562169047500932
1995	03	11	3.3864082628000003	3.554580236587849	1.9088527068584031
1995	03	12	0.09889595973599999	3.1102577070143678	2.393235662934129
1995	03	13	0.0254375311052	2.858754388387869	2.2743630983128513
1995	03	14	0.0075367377364	2.699468953257753	2.249683956765204
1995	03	15	0.211527832324	2.5569504060360706	1.6427471085137357
1995	03	16	0.07822667066399999	2.481499410448121	1.8520054953396508
1995	03	17	0.9221546779199999	2.3641311950890884	1.4845069682873482
1995	03	18	0.24274675131999998	2.2970636434553553	2.037539056730011
1995	03	19	0.0009293873184400001	2.171311984142106	2.2678138361789317
1995	03	20	0.002456092298	2.1545450962336727	2.576000125845276
1995	03	21	0.00041370624858	2.0287934369204232	2.551572346688434
1995	03	22	0.00081041086204	1.9533424413324736	2.7410680187564114
1995	03	23	0.0012241166827600001	1.8778914457445242	2.758704276520651
1995	03	24	0.00205625275432	1.810823894110791	2.5555690730441434
1995	03	25	0.0428923118004	1.7353728985228414	2.582599482222506
1995	03	26	0.0	1.7186060106144079	2.896792353445401
1995	03	27	0.00162082134376	1.634771571072242	2.6433017430221124
1995	03	28	0.00081041086204	1.5928543513011588	2.7939724390744924
1995	03	29	0.0054631651142	1.5090199117589924	2.8108366008011147
1995	03	30	0.00041370624858	1.450335804079476	2.862309239497258
1995	03	31	0.00120612459928	1.4335689161710428	3.286425548915086
1995	04	01	0.00163782316904	1.3748848084915264	3.2318492400501446
1995	04	02	0.00041370624858	1.3665013645373099	3.4564544454405994
1995	04	03	0.034577791139999994	1.274283481040927	3.117879988160838
1995	04	04	3.6557161826	1.2407497052240606	3.075884839371102
1995	04	05	0.49205321446	1.274283481040927	3.37777096994809
1995	04	06	0.0395970168	1.2575165931324936	3.4015712444458464
1995	04	07	0.00081607810544	1.1820655975445442	3.6445729562770834
1995	04	08	0.0016351198544800002	1.1652987096361107	3.651135248565133
1995	04	09	0.0	1.1066146019565946	3.93715589831252
1995	04	10	0.0016264889674800001	1.0479304942770782	4.05341793019202
1995	04	11	0.00256018074768	1.006013274505995	3.887237205936238
1995	04	12	0.008960057763200002	0.9976298305517783	3.9685342172682274
1995	04	13	0.000810410919088	0.9724794986891285	4.154107404817122
1995	04	14	0.0024425666926	0.9389457228722621	3.758251989893209
1995	04	15	0.0016406551268399999	0.9054119470553955	3.9114134196278454
1995	04	16	0.00081041086204	0.9054119470553955	3.7087731917240445
1995	04	17	0.0012218607196	0.8383443954216625	3.8406254152588306
1995	04	18	0.00137374037064	0.8383443954216625	3.5503017209666736
1995	04	19	0.98035124432	0.8215775075132292	2.333746952668329
1995	04	20	3.5182675838	0.8131940635590126	2.020918660141236
1995	04	21	3.9828083068399995	0.8048106196047959	1.8272150804059986
1995	04	22	2.3597015251199998	0.9221788349638289	2.0231240884353636
1995	04	23	1.80268989236	1.0143967184602116	2.388064939510372
1995	04	24	1.8893446634	0.9808629426433451	2.563018435462972
1995	04	25	3.8539238488799996	0.9305622789180455	2.3488325520329996
1995	04	26	4.708650357960001	0.9640960547349117	3.2716523126828814
1995	04	27	14.0303033512	1.4251854722168262	2.379182260660932
1995	04	28	0.4660674226	1.7353728985228414	3.3058937403615283
1995	04	29	0.12864447604	1.3329675887204433	3.530292706678941
1995	04	30	0.00149875250544	1.114998045910811	3.883775133216294
1995	05	01	0.24247499366399997	0.9976298305517783	3.832365823634808
1995	05	02	3.71093645976	0.9305622789180455	3.871015096787442
1995	05	03	0.272972188904	0.9054119470553955	4.45542432362298
1995	05	04	3.83659124028	0.8886450591469622	4.091102111158852
1995	05	05	3.3387361016	0.8551112833300958	3.91862877962313
1995	05	06	3.9463641428400003	0.8970285031011789	3.5272302833215448
1995	05	07	1.9627611607999997	0.9557126107806951	3.8646411898315467
1995	05	08	3.43193275696	1.4000351403541764	3.895634492148269
1995	05	09	10.1021796408	1.1652987096361107	3.2512773727181212
1995	05	10	0.7224883893599999	1.3078172568577935	3.7039444186421693
1995	05	11	12.728459434	1.1736821535903272	1.883326884879959
1995	05	12	2.15707454044	1.31620070081201	2.4726737043624727
1995	05	13	0.00081607810544	1.207215929407194	3.753470840316747
1995	05	14	13.1636253812	1.0646973821855115	2.8987951196736597
1995	05	15	2.5146530207999995	1.944958997378257	2.7909649026169263
1995	05	16	29.5066299316	3.621647788221582	2.6697759690273473
1995	05	17	1.13027652596	3.3366106937782165	3.3258486160631633
1995	05	18	6.7237994578	3.5797305684504983	3.4965376194868347
1995	05	19	0.89148538788	2.8671378323420855	2.9897032344019183
1995	05	20	0.00114063397068	2.0455603248288563	4.520594501526551
1995	05	21	0.0016264889674800001	1.7186060106144079	4.667296911299748
1995	05	22	0.00166194677156	1.4587192480336928	4.166886451816127
1995	05	23	0.19797923658000002	1.3245841447662268	3.9466579585047366
1995	05	24	0.59256832004	1.2407497052240606	2.6903968615532827
1995	05	25	1.39495775788	1.2407497052240606	2.9278304399853714
1995	05	26	0.036343222318	1.1988324854529773	3.8207927753483006
1995	05	27	0.825950109712	1.1233814898650278	3.487732915561778
1995	05	28	0.15837170393199998	1.0898477140481613	4.083850831309706
1995	05	29	0.00444938117472	1.031163606368645	3.756889620872032
1995	05	30	0.00013006533254400002	0.9892463865975617	3.964813390090656
1995	05	31	0.00081041086204	0.9305622789180455	4.449913633113913
1995	06	01	0.00081607810544	0.9054119470553955	4.987728334331416
1995	06	02	0.00203174864164	0.871878171238529	4.144351132544224
1995	06	03	0.0016264889674800001	0.7796602877421461	5.039582008403939
1995	06	04	0.00098988054224	0.7461265119252796	5.426283416459855
1995	06	05	0.0	0.737743067971063	5.724576195504555
1995	06	06	0.30083283476	0.6790589602915467	5.773014393879821
1995	06	07	0.243915598284	0.6622920723831134	5.393934345461144
1995	06	08	1.23432466172	0.6622920723831134	4.33687706959181
1995	06	09	0.0112125438476	0.6622920723831134	4.663268613502525
1995	06	10	0.00041370624858	0.6622920723831134	4.648712383548343
1995	06	11	0.00081041086204	0.6455251844746801	4.817581305866683
1995	06	12	0.00163215554532	0.6119914086578137	5.274279269074859
1995	06	13	0.0093672283552	0.5868410767951636	4.389903599918096
1995	06	14	0.018671741942399997	0.5700741888867306	4.800681545907697
1995	06	15	0.0008129729828	0.5700741888867306	5.128593013296155
1995	06	16	0.05193994585	0.5533073009782973	5.093851614940521
1995	06	17	0.0020881407798000002	0.5281569691156474	4.955778769316504
1995	06	18	0.0016253198638	0.5030066372529975	5.563059689011602
1995	06	19	1.35577357844	0.48623974934456426	4.711498480682102
1995	06	20	1.3232523201600002	0.46947286143613104	4.763621865935275
1995	06	21	0.37735127912800004	0.4359390856192645	5.522697467299655
1995	06	22	3.16528859844	0.4443225295734811	5.566665648859595
1995	06	23	17.8538789952	0.5784576328409471	4.0749775924883815
1995	06	24	0.0409774034528	1.031163606368645	5.204890365160739
1995	06	25	2.7292433514	0.7712768437879295	4.907283102560768
1995	06	26	7.4681688928	1.0143967184602116	4.25400470904958
1995	06	27	10.412668134799999	0.8802616151927456	3.511706818119295
1995	06	28	2.08962859164	1.0898477140481613	4.265976357251555
1995	06	29	6.99591718176	1.0395470503228614	3.764567539453655
1995	06	30	10.872925694000001	0.8215775075132292	3.7703280163594313
1995	07	01	6.1367997832	0.737743067971063	3.291897162901312
1995	07	02	6.21787963352	0.7042092921541965	2.78168420975241
1995	07	03	2.51254100876	0.7209761800626298	3.348400198608225
1995	07	04	0.137522637596	0.7125927361084131	3.6762875212192814
1995	07	05	0.00164138248884	0.67067551633733	5.103947416003687
1995	07	06	0.00040803900518	0.6539086284288967	5.16131286858794
1995	07	07	0.6885147840800001	0.6203748526120303	5.450856253091682
1995	07	08	16.3413007168	0.5868410767951636	4.406078624376896
1995	07	09	20.840561429999998	0.8299609514674459	3.336085693420511
1995	07	10	3.5691054336	0.9137953910096122	3.6273569709841906
1995	07	11	0.71954756496	0.8131940635590126	3.6531006982547365
1995	07	12	1.11865366152	0.7628933998337128	3.8211720861747143
1995	07	13	1.01162495792	0.7209761800626298	3.6075727410749763
1995	07	14	2.64409074928	0.7461265119252796	3.276702808376564
1995	07	15	0.9825892373599998	0.7209761800626298	3.365936583688912
1995	07	16	0.0045351429544	0.7042092921541965	4.936233345502604
1995	07	17	0.0234313383512	0.6539086284288967	4.9819462130554655
1995	07	18	0.00127226728652	0.6203748526120303	6.523578823968896
1995	07	19	0.92930963808	0.5700741888867306	5.664482194920828
1995	07	20	0.0420574998924	0.5197735251614307	5.7208135154667925
1995	07	21	0.101491653244	0.46947286143613104	5.026085058453032
1995	07	22	0.0016785948041599997	0.46947286143613104	5.828800775612596
1995	07	23	0.00164613173484	0.46947286143613104	6.250306275077023
1995	07	24	0.519078069084	0.38563842189396474	6.635634670809603
1995	07	25	1.9416778363599998	0.3688715339855315	3.7065955631431584
1995	07	26	1.1235042628	0.3688715339855315	3.2680411531520783
1995	07	27	0.00123545088432	0.3688715339855315	5.577781479437013
1995	07	28	0.0012241166827600001	0.3688715339855315	5.573232714873255
1995	07	29	0.004023188497600001	0.35210464607709824	4.804885225895543
1995	07	30	2.93540417444e-05	0.32695431421444837	5.483367557612551
1995	07	31	0.27342326744	0.31018742630601515	5.364625912339284
1995	08	01	0.125252668184	0.3018039823517985	4.099345215498935
1995	08	02	0.22421041090399998	0.2850370944433653	3.8661482815638597
1995	08	03	0.6275177313599999	0.27665365048914864	3.890582934913177
1995	08	04	5.863636844799999	0.25988676258071536	2.9783149537818163
1995	08	05	5.3192867304	0.3018039823517985	2.7258692620156992
1995	08	06	0.5122350378799999	0.31018742630601515	3.7456766090255647
1995	08	07	0.000518460533992	0.31018742630601515	4.423154850263084
1995	08	08	0.0020395529982	0.3018039823517985	4.945926684472019
1995	08	09	0.677466526112	0.2850370944433653	5.003702541887297
1995	08	10	0.084340457284	0.268270206534932	4.360523916190647
1995	08	11	0.007624547919600001	0.25988676258071536	4.922129301603897
1995	08	12	0.001420195698	0.2515033186264988	5.186006545103561
1995	08	13	0.0040424963932	0.23473643071806552	5.241881430919172
1995	08	14	0.0	0.22635298676384888	5.231379065555036
1995	08	15	0.00041970816407199994	0.20958609885541563	5.731854335935668
1995	08	16	0.23352143366800002	0.20120265490119899	5.429326766914161
1995	08	17	0.0296292450996	0.19281921094698237	4.326661421777277
1995	08	18	0.249398605168	0.19281921094698237	3.82992123708345
1995	08	19	0.0054757413458	0.19281921094698237	4.241623502997645
1995	08	20	0.0058053866532800005	0.19281921094698237	3.9860656729602137
1995	08	21	0.00044319480665599997	0.19281921094698237	4.627536773081325
1995	08	22	0.017182553344	0.18443576699276576	4.337798516810869
1995	08	23	0.0	0.1676688790843325	4.5065581796241645
1995	08	24	0.00121844915412	0.1676688790843325	4.537605983172812
1995	08	25	0.0	0.1676688790843325	4.8448270338514705
1995	08	26	0.00081607810544	0.15928543513011587	4.770805427092912
1995	08	27	0.00041370620104	0.134135103267466	4.925509119298065
1995	08	28	0.0	0.1257516593132494	4.928887988047618
1995	08	29	0.000419373510996	0.11736821535903276	4.879452933770029
1995	08	30	0.0	0.10898477140481612	4.760305575418663
1995	08	31	0.00081886442484	0.10898477140481612	4.245612756276296
1995	09	01	0.0012327685824399998	0.10898477140481612	4.609483343640468
1995	09	02	0.143409135476	0.10898477140481612	4.479326837988212
1995	09	03	0.070176209032	0.10898477140481612	3.612819314998972
1995	09	04	0.520457784472	0.10898477140481612	2.5640556593884654
1995	09	05	11.813307778399999	0.11736821535903276	2.3362969243582334
1995	09	06	12.6773377704	0.1676688790843325	1.9700753759730232
1995	09	07	9.737350074400002	0.2934205383975818	1.9304638272381163
1995	09	08	1.0673452608	0.335337758168665	2.3415441500763445
1995	09	09	4.77629502396	0.3018039823517985	2.981857226523288
1995	09	10	26.1804710124	0.4359390856192645	2.2064932686359215
1995	09	11	0.0069380180256	0.603607964703597	2.674588907517763
1995	09	12	0.29569937048	0.47785630539034757	2.189912839174885
1995	09	13	0.447322562236	0.3772549779397481	2.289752013074669
1995	09	14	2.12423571496	0.32695431421444837	2.0576175192435504
1995	09	15	1.28971541732	0.2934205383975818	2.4870133782978305
1995	09	16	5.9687877184	0.3018039823517985	1.6596241425475282
1995	09	17	8.118534158000001	0.31018742630601515	1.9059156793628182
1995	09	18	2.7593794328000003	0.3018039823517985	2.217927044389252
1995	09	19	8.0276005968	0.31018742630601515	2.0134492924886636
1995	09	20	0.378985400072	0.47785630539034757	2.2366592201560316
1995	09	21	2.55722347444	0.45270597352769776	2.4006753272053123
1995	09	22	0.0026460773508000003	0.3940218658481814	2.464045244530765
1995	09	23	0.000810410919088	0.35210464607709824	2.556352037403517
1995	09	24	0.0	0.31857087026023173	2.3667684428044837
1995	09	25	0.00190970975352	0.2934205383975818	2.420668628979943
1995	09	26	0.00041370620104	0.27665365048914864	2.8347283037691957
1995	09	27	0.00080581754724	0.25988676258071536	2.835547982477607
1995	09	28	0.013379409441200002	0.24311987467228213	2.7989019387574348
1995	09	29	0.0034753748089600004	0.23473643071806552	2.775425395486479
1995	09	30	0.104868029616	0.23473643071806552	2.6832482019529276
1995	10	01	0.376070998404	0.23473643071806552	2.925116430374108
1995	10	02	0.022256022144	0.22635298676384888	2.481599542174532
1995	10	03	2.698589084	0.21796954280963224	1.8122811341082485
1995	10	04	11.8640595808	0.24311987467228213	1.842134824452608
1995	10	05	0.004149668667600001	0.2850370944433653	1.8176548960112227
1995	10	06	0.00041370620104	0.2850370944433653	2.5376718939885663
1995	10	07	0.00082174525376	0.27665365048914864	2.593808836411697
1995	10	08	0.000422683730704	0.268270206534932	2.6776408528127016
1995	10	09	1.0237745655600001	0.2515033186264988	2.2805819157518328
1995	10	10	1.66420064296	0.2515033186264988	2.008269083818543
1995	10	11	0.019799677884	0.24311987467228213	2.33016694340405
1995	10	12	0.197845440004	0.23473643071806552	2.2149025974863057
1995	10	13	0.7729140673600001	0.23473643071806552	2.2619098486814924
1995	10	14	6.12592871632	0.23473643071806552	1.4320186698257544
1995	10	15	0.0152975581152	0.23473643071806552	1.9660342352001206
1995	10	16	0.0	0.23473643071806552	2.25633705590179
1995	10	17	0.0	0.22635298676384888	2.314318073956653
1995	10	18	0.0	0.22635298676384888	2.1765421033647376
1995	10	19	0.00286225142896	0.21796954280963224	2.1233013165597128
1995	10	20	0.0024473713702400004	0.21796954280963224	1.9621867673928253
1995	10	21	0.0	0.20958609885541563	1.8619385482274893
1995	10	22	0.15735950126799997	0.20958609885541563	1.8068736210125866
1995	10	23	0.064711951924	0.20958609885541563	1.8205149192630992
1995	10	24	26.8060156436	0.32695431421444837	1.1858071381250825
1995	10	25	1.62707893888	0.6119914086578137	1.6196283550646609
1995	10	26	7.4521241428	0.7628933998337128	1.4873705785307554
1995	10	27	4.540388518	1.5174033557132092	1.196942271521764
1995	10	28	15.301302365599998	1.207215929407194	0.929717571948558
1995	10	29	0.36991972174000004	1.1569152656818942	1.1160711117498165
1995	10	30	0.00041370624858	0.8886450591469622	1.603586426018211
1995	10	31	2.9606552356	0.7461265119252796	1.6588313134692987
1995	11	01	3.47649390056	0.6790589602915467	1.258228048693097
1995	11	02	5.3974871779999996	0.7042092921541965	1.2596177006709224
1995	11	03	0.71991048532	0.67067551633733	1.5002485413260005
1995	11	04	0.253674324244	0.603607964703597	1.3657341677153492
1995	11	05	0.0016364586759600001	0.5533073009782973	1.3922633616520717
1995	11	06	0.00204791328752	0.5113900812072141	1.5250827345941298
1995	11	07	0.0	0.48623974934456426	1.2682552052098834
1995	11	08	0.20136832514800002	0.47785630539034757	1.2048437778523993
1995	11	09	0.88325783024	0.45270597352769776	1.0447009406113974
1995	11	10	31.40718215	0.5281569691156474	0.5921513654599738
1995	11	11	5.779513863999999	0.8802616151927456	0.6539728107574714
1995	11	12	6.544588395199999	1.4838695798963426	0.616489501652551
1995	11	13	1.78042206128	1.4335689161710428	0.7988233982424086
1995	11	14	23.7063952832	1.475486135942126	0.7008410433976967
1995	11	15	62.654682193999996	9.054119470553957	0.6211732562800358
1995	11	16	1.2889656164399999	12.575165931324937	0.8217738436819402
1995	11	17	17.616099128000002	4.418074963872161	0.792957564285748
1995	11	18	19.2906975296	7.125927361084131	0.953675523042257
1995	11	19	0.059025407284	4.17495508919988	1.0299226948568936
1995	11	20	5.910242208400001	2.8755212762963023	1.2375151795869992
1995	11	21	11.6052679844	3.35337758168665	0.7972168482276762
1995	11	22	0.370042926404	4.091120649657713	0.8737203690766735
1995	11	23	0.000170371541556	2.9342053839758186	1.0226077311434734
1995	11	24	10.494730732	2.4060484148601713	0.7519866181458259
1995	11	25	1.4348351656	3.101874263060151	0.7092369482965688
1995	11	26	2.9838086418	2.6575517334866703	0.6282345509197415
1995	11	27	2.77415999912	2.7497696169830528	0.5814473062382263
1995	11	28	5.2628491440000005	3.445595465183033	0.574662513199616
1995	11	29	7.2319007976	4.2001054210625295	0.6780096166271076
1995	11	30	4.756300936	6.170214750303436	0.6027732251707584
1995	12	01	0.117744904176	4.392924632009511	0.7982384950928246
1995	12	02	0.0224058416016	3.2360093663276173	0.922443471463705
1995	12	03	0.680248186592	2.8252206125710027	0.8344432849067718
1995	12	04	2.633535348	2.6910855093035364	0.6004901083305973
1995	12	05	1.1975225215199998	2.5821007378987204	0.6434095290834315
1995	12	06	1.88771765444	2.3892815269517382	0.6246113870620614
1995	12	07	0.70288213272	2.229996091821622	0.6371161900351722
1995	12	08	5.2548905676799995	2.1210113204168057	0.4735984422119592
1995	12	09	0.706509282592	2.1377782083252392	0.7501629136342285
1995	12	10	0.00183529986028	2.06232721273729	0.8739876160740552
1995	12	11	0.00041370624858	1.919808665515607	0.6813193216941558
1995	12	12	0.000810410919088	1.8359742259734408	0.7732335864645627
1995	12	13	0.00121845010492	1.7521397864312747	0.7285229516124117
1995	12	14	0.00041454371322	1.676688790843325	0.6214468864999491
1995	12	15	0.0023069399216799997	1.6180046831638086	0.6103832240661022
1995	12	16	0.52380270838	1.584470907346942	0.6498058422269056
1995	12	17	2.8974907391999998	1.8192073380650076	0.6635533468599287
1995	12	18	1.06073539428	2.1126278764625894	0.6375122255226705
1995	12	19	2.3610294124	1.9114252215613903	0.6740761621520314
1995	12	20	1.17039714832	1.7940570062023578	0.6480969092190618
1995	12	21	19.624383642	2.129394764371023	0.44006492446393813
1995	12	22	36.640475676	12.239828173156273	0.5164282664114975
1995	12	23	12.5735389344	9.054119470553957	0.5998241693249046
1995	12	24	64.378829636	21.629285401878892	0.4832607076071574
1995	12	25	59.536386220000004	32.779265860987	0.44633021855724303
1995	12	26	21.607828506	25.73717293944504	0.6851630367968322
1995	12	27	23.5741000204	17.940570062023575	0.6835075145203668
1995	12	28	7.4504640460000005	15.425536875758587	0.5104013272989438
1995	12	29	42.785515092	19.533424413324735	0.6076069876121317
1995	12	30	35.184439571999995	34.62362353091466	0.5804111059301297
1995	12	31	32.851547184000005	23.89281526951738	0.4948127734850716
1996	01	01	28.225952724	36.80331895901098	0.5882615091974326
1996	01	02	0.48017808376400006	18.443576699276576	0.6175189891583405
1996	01	03	3.05603559332	11.066146019565945	0.7251197999821405
1996	01	04	23.4913186184	14.671026919879093	0.627094294645224
1996	01	05	14.256395033999999	17.102225666601914	0.5965339529101454
1996	01	06	59.12396055640001	29.845060477011184	0.7096120495222493
1996	01	07	15.0446576756	29.677391597926853	0.5795156413657566
1996	01	08	46.3644841248	27.413861730288367	0.5454398541708606
1996	01	09	5.77562480676	36.21647788221583	0.44314364401893247
1996	01	10	3.6388394826	15.509371315300756	0.5884463877604992
1996	01	11	25.632609593599998	21.126278764625894	0.7119913024215943
1996	01	12	5.63018444872	22.63529867638489	0.39158630836490493
1996	01	13	4.346934946799999	13.665013645373099	0.45336873412998885
1996	01	14	17.6546455108	23.305974192722218	0.5770107904568178
1996	01	15	1.4497848792399999	16.012377952553756	0.5517111449768639
1996	01	16	0.0087038067044	10.898477140481612	0.9372491428108713
1996	01	17	0.0008132445312800001	8.634947272843124	0.892483926717554
1996	01	18	0.7872353592479999	7.964271756505793	0.7735388049533242
1996	01	19	7.178164433999999	8.006188976276878	0.7053281413693763
1996	01	20	22.026429615599998	8.886450591469622	0.28844685389348107
1996	01	21	11.898475688400001	8.71878171238529	0.4331305199760928
1996	01	22	8.739601472	7.9223545367347095	0.541824473836126
1996	01	23	2.5909884741999996	6.656454499648	0.5163501106551233
1996	01	24	0.071550704528	6.237282301937169	0.6497460748803633
1996	01	25	2.31972361784	6.748672383144384	0.6817950258505835
1996	01	26	0.6038825548	7.1929949127178645	0.5520317301764899
1996	01	27	7.43639068472	8.215775075132294	0.7751236338606742
1996	01	28	13.232359664	16.599219029348916	0.6296489727622975
1996	01	29	0.421361928544	10.98231158002378	0.7584134906129981
1996	01	30	0.00094454554252	7.2684459083058135	0.9128117092969965
1996	01	31	1.45921472348	5.8935610998142876	0.9808822849481535
1996	02	01	7.7270146848	6.530702840334751	0.5045158946781
1996	02	02	6.140581590200001	10.73080826139728	0.6180736394441354
1996	02	03	0.91462234524	10.143967184602117	0.7685982290010546
1996	02	04	0.139791113284	7.22652868853473	0.8109304419624958
1996	02	05	21.107888358	7.109160473175698	1.0737462168348124
1996	02	06	7.0517974092	12.994338129035768	0.9120630829580687
1996	02	07	1.8766282838800001	8.07325652791061	1.0180874936961493
1996	02	08	0.0273870980144	6.639687611739567	1.0870644634713633
1996	02	09	1.87074739572	5.93547831958537	0.9189813022292916
1996	02	10	2.48248403392	5.507922677920322	0.8204203798214329
1996	02	11	0.457635519024	5.231269027431174	0.8880538070849828
1996	02	12	8.6785448992	5.449238570240806	0.9933863298837802
1996	02	13	7.7560934766	5.91032798772272	0.6624408030125273
1996	02	14	0.6787665644599999	6.228898857982952	1.1496174100511387
1996	02	15	0.0	4.9965325967131085	1.2074484459109245
1996	02	16	0.0008217452822840001	4.459992183643244	1.355314371176773
1996	02	17	0.00081607810544	4.149804757337229	1.5818126664184258
1996	02	18	0.07866536027599999	3.906684882664947	1.5330817467101183
1996	02	19	4.963058576200001	3.8815345508022974	0.935258391824356
1996	02	20	0.7175888218800001	3.906684882664947	0.7511462073794294
1996	02	21	0.096344925304	3.5629636805420657	0.8445281925412516
1996	02	22	0.00189415257376	3.2946934740071336	1.0064704699202647
1996	02	23	0.00164496690976	3.152174926785451	1.2043044275191999
1996	02	24	0.1831392928	3.0431901553806346	1.1983265378640053
1996	02	25	18.371811131599998	4.359390856192645	0.9205631301250953
1996	02	26	1.13443152196	5.172584919751658	0.9495904788797094
1996	02	27	4.425527124	4.032436541978196	1.3314478514159047
1996	02	28	6.167799191	4.183338533154096	1.0169553719189355
1996	02	29	0.63590654468	4.099504093611929	1.3436146472912003
1996	03	01	0.0	3.537813348679416	1.6468900204738832
1996	03	02	0.0	3.244392810281834	1.5107438400680604
1996	03	03	0.00041370620104	3.0431901553806346	1.5310916541893007
1996	03	04	0.00081041086204	2.976122603746902	1.691660624017218
1996	03	05	0.00244977442216	2.791686836754136	1.8326190960490427
1996	03	06	0.000810410919088	2.7162358411661867	1.8366590311389572
1996	03	07	0.00360398809876	2.5653338499902874	1.8437519586108486
1996	03	08	0.413301369416	2.4731159664939044	1.7389961662235562
1996	03	09	8.0898570792	2.590484181852937	1.2308967226545324
1996	03	10	1.46139871108	2.8336040565252194	1.9725073863464222
1996	03	11	0.0	2.540183518127637	1.930644595355253
1996	03	12	1.28186456664	2.3473643071806545	1.874099258306562
1996	03	13	7.3330868352000005	2.5569504060360706	1.3742120619113267
1996	03	14	1.5021337404	2.699468953257753	1.3628410447141335
1996	03	15	6.1520762868	2.506649742310771	1.3330115265182265
1996	03	16	0.7008764201200001	2.489882854402338	1.6281395307651167
1996	03	17	0.0012354509794	2.305447087409572	1.8663473322110264
1996	03	18	2.41941300116	2.1796954280963226	1.9693480415025775
1996	03	19	8.2262664536	4.183338533154096	1.4362160543632592
1996	03	20	1.34219843636	4.443225295734811	1.536465673714967
1996	03	21	0.00115598397112	3.194092146556534	2.3974914101488913
1996	03	22	0.028637896332	2.699468953257753	2.646438696518315
1996	03	23	6.263873632719999	2.4479656346312546	2.3005159298753557
1996	03	24	14.1021144228	2.7581530609372695	1.8546995663889483
1996	03	25	12.263898553999999	4.77017960994926	1.8514631129110475
1996	03	26	6.5630196532	4.64442795063601	1.5993230722233431
1996	03	27	0.9342029017560001	4.065970317795062	1.3774729505459746
1996	03	28	2.23627370836	3.403678245411949	1.6564131412811949
1996	03	29	7.408976838799999	3.152174926785451	2.7530191769520673
1996	03	30	7.731805766	3.3114603619155667	1.9697058598686596
1996	03	31	23.1828676888	6.404951181021501	1.784775345607123
1996	04	01	13.7289995852	17.18606010614408	1.5075091361878235
1996	04	02	0.26531826792	8.157090967452776	2.0543665716421944
1996	04	03	0.00041370620104	5.4995392339661056	2.616511248693592
1996	04	04	0.00081041086204	4.61927761877336	2.7220651452896063
1996	04	05	3.3526465908400005	4.1665716452456625	2.332983225182044
1996	04	06	4.034279199280001	3.9905193222071134	1.5711870599297522
1996	04	07	1.0486556704399999	3.7641663354432646	2.196175991154176
1996	04	08	0.006292777097	3.5629636805420657	3.055475130375716
1996	04	09	0.0019440577838400002	3.286310030052917	3.0626734126436097
1996	04	10	0.21073345794	3.076723931197501	3.063139421517043
1996	04	11	0.516736353272	2.9845060477011183	3.151542154405029
1996	04	12	0.0429512319256	2.892288164204736	3.0797512840029535
1996	04	13	0.07104919556	2.7330027290746197	2.993381605591581
1996	04	14	0.0090385529588	2.5653338499902874	3.310712588003575
1996	04	15	0.0	2.4479656346312546	3.671062136994308
1996	04	16	2.5069313838399996	2.3557477511348717	2.889837497664871
1996	04	17	0.0392851296792	2.3808980829975215	2.3374207211856795
1996	04	18	0.00041370620104	2.255146423684272	3.1846664745046587
1996	04	19	0.231833592524	2.1880788720505393	3.0508151102803622
1996	04	20	1.74292403056	2.146161652279456	2.8867302863175612
1996	04	21	9.3810434792	2.3641311950890884	1.981258648444036
1996	04	22	5.5416778996	2.4731159664939044	1.8743182753914047
1996	04	23	2.1525142184000003	2.8671378323420855	2.0916086238582516
1996	04	24	2.6579452364e-05	2.531800074173421	3.1659980734963087
1996	04	25	0.0	2.1796954280963226	3.4804131723655787
1996	04	26	0.088790752748	2.0204099929662065	3.7002349582386502
1996	04	27	1.1852929516	1.8862748896987407	3.3196391736858684
1996	04	28	2.8444237387999998	1.8443576699276578	3.153884886024435
1996	04	29	5.73592567404	2.0707106566915066	3.09099264582574
1996	04	30	1.1355123914	2.0204099929662065	2.078168093567169
1996	05	01	12.1288649872	1.9281921094698233	1.9768362862963678
1996	05	02	6.239090174999999	2.615634513715587	1.896476039071394
1996	05	03	0.0030075292002	2.422815302768605	2.895539157912031
1996	05	04	1.34251904612	2.03717688087464	3.3794138307878074
1996	05	05	9.5042424384	1.919808665515607	3.587841630828803
1996	05	06	15.7823757892	3.2276259223734005	2.742254420929022
1996	05	07	5.019866974599999	3.0096563795637685	2.5870956874797093
1996	05	08	0.753871406928	2.6491682895324535	3.3789905521378447
1996	05	09	3.7170965027999996	2.531800074173421	2.8555766076026674
1996	05	10	6.6943203792	2.540183518127637	2.280932935372615
1996	05	11	4.3573452559999994	2.422815302768605	2.1871043286099465
1996	05	12	0.0016392847387999999	2.1880788720505393	3.0711171075497306
1996	05	13	0.000419373482472	1.9701093292409069	3.777814807586073
1996	05	14	0.14427505756	1.8695080017903074	3.8675724848102466
1996	05	15	16.516541714000002	1.8275907820192243	2.8791226241045567
1996	05	16	15.0538671244	2.4479656346312546	2.571620608975248
1996	05	17	25.026160829600002	2.5234166302192036	2.278444486036007
1996	05	18	16.9813526544	4.56897695504806	2.3561081462225406
1996	05	19	13.1611086136	3.9486021024360305	2.1357686595550396
1996	05	20	1.59506179476	4.543826623185411	2.323473316852415
1996	05	21	0.00128292147592	3.2946934740071336	3.460821878319986
1996	05	22	0.07560680782	2.6743186213951033	4.0358400722009575
1996	05	23	0.00082726141504	2.3808980829975215	4.43388956099021
1996	05	24	0.00276727829888	2.171311984142106	3.8131200851425398
1996	05	25	0.158438811396	2.03717688087464	3.6820147755816124
1996	05	26	0.0135983853368	1.9701093292409069	4.856776148265419
1996	05	27	0.002563694334	1.8862748896987407	4.635488766456684
1996	05	28	0.00326604668096	1.810823894110791	5.438940695514567
1996	05	29	0.00299593390896	1.6683053468891083	5.208283103971788
1996	05	30	0.0022239765365600003	1.5174033557132092	5.040495463999393
1996	05	31	0.014149328298400002	1.4335689161710428	3.7114879374395313
1996	06	01	0.0	1.3748848084915264	3.639967548880714
1996	06	02	0.435900887076	1.3748848084915264	2.940091719363757
1996	06	03	0.0012705802820799999	1.3748848084915264	4.844409497110039
1996	06	04	0.0020311103696	1.3245841447662268	5.582637165980535
1996	06	05	0.0008274373700879999	1.2239828173156273	5.10856788438504
1996	06	06	0.14541383072	1.1401483777734611	5.35398130987432
1996	06	07	1.30837211	1.1066146019565946	3.543913153433373
1996	06	08	0.024854304680399997	1.1066146019565946	4.522169767166379
1996	06	09	5.0126727464e-05	1.0646973821855115	4.8248939583161805
1996	06	10	0.0008132445312800001	0.9976298305517783	4.9790575335324
1996	06	11	0.0053746347	0.9557126107806951	5.476096037691211
1996	06	12	0.046358592968000004	0.9221788349638289	6.294280991796127
1996	06	13	0.173477111072	0.871878171238529	5.914293908474167
1996	06	14	0.0008165691936399999	0.8215775075132292	6.053184967080802
1996	06	15	0.050161928932400006	0.7712768437879295	5.529387906473007
1996	06	16	1.58222171616	0.7209761800626298	4.8890620591990706
1996	06	17	2.15617508364	0.6958258481999798	4.9709759489774195
1996	06	18	1.921854417	0.6790589602915467	4.6951498428067175
1996	06	19	0.067618433428	0.6622920723831134	4.093264446258403
1996	06	20	2.8028424024	0.6622920723831134	3.3484703007810257
1996	06	21	1.63953850732	0.6790589602915467	3.1988470710288146
1996	06	22	0.00491751259396	0.6958258481999798	4.4578678313476665
1996	06	23	0.00246230986444	0.6622920723831134	5.135685636904943
1996	06	24	0.0012203576949599997	0.6371417405204635	5.233640962789961
1996	06	25	0.0	0.6287582965662468	5.394851011850149
1996	06	26	0.057251192615599994	0.5868410767951636	5.352282885763612
1996	06	27	0.0012241166827600001	0.5700741888867306	5.568091653498447
1996	06	28	0.00202140802608	0.5700741888867306	5.496488479272315
1996	06	29	0.000810410919088	0.5616907449325139	5.891256707172568
1996	06	30	0.0	0.536540413069864	6.20560017008984
1996	07	01	0.0052549793724	0.5113900812072141	4.60982433739754
1996	07	02	0.00370307106184	0.47785630539034757	4.649216916140916
1996	07	03	0.8911887763119999	0.4443225295734811	3.508667360772116
1996	07	04	2.9921847144	0.46108941748191445	3.047367174303695
1996	07	05	2.71030740876	0.49462319329878085	2.76082695832509
1996	07	06	0.9597514967599999	0.5281569691156474	3.077062227637274
1996	07	07	4.9048387152	0.5616907449325139	3.4075011995320246
1996	07	08	0.00081607810544	0.5700741888867306	5.0919878664481795
1996	07	09	0.0008252794153919999	0.5197735251614307	5.509210062972909
1996	07	10	0.00121844915412	0.46108941748191445	5.901466041814378
1996	07	11	0.00204530067928	0.46108941748191445	6.002394852502214
1996	07	12	0.000419373510996	0.4275556416650479	6.204600564290037
1996	07	13	0.00080909581056	0.38563842189396474	6.135659349004183
1996	07	14	0.0	0.3688715339855315	6.253184116035312
1996	07	15	0.00204586222176	0.3437212021228816	5.922960483566918
1996	07	16	0.17400428213199998	0.31857087026023173	5.766347467214147
1996	07	17	0.00081607810544	0.31018742630601515	5.627932564564146
1996	07	18	5.025033146399999e-06	0.2850370944433653	5.684613901761074
1996	07	19	0.0055406034956	0.268270206534932	5.51428500053841
1996	07	20	0.00681450083364	0.2515033186264988	5.939740064397556
1996	07	21	0.00162489428572	0.2515033186264988	5.791971687095983
1996	07	22	0.0023719360392	0.23473643071806552	5.032204307244119
1996	07	23	0.00023770209176	0.22635298676384888	6.122893583900198
1996	07	24	0.23603634720799999	0.21796954280963224	4.906536934800502
1996	07	25	9.662216907600001	0.20958609885541563	3.516059791530217
1996	07	26	0.260126120264	0.20958609885541563	3.791027444061775
1996	07	27	0.00121990121588	0.20958609885541563	4.955844364609331
1996	07	28	0.0	0.20958609885541563	5.366473697762223
1996	07	29	0.005737473291200001	0.20120265490119899	5.017305053286904
1996	07	30	0.00116491512076	0.19281921094698237	5.728538773782295
1996	07	31	0.0	0.19281921094698237	5.591999866216658
1996	08	01	0.005752264886800001	0.19281921094698237	5.02851217960159
1996	08	02	0.0016428481470399999	0.18443576699276576	5.316117601932588
1996	08	03	0.0	0.15928543513011587	5.456359022994989
1996	08	04	0.0427975959568	0.14251854722168264	3.6316502628182836
1996	08	05	2.4399981064	0.15090199117589925	3.004563238970464
1996	08	06	5.3208203708	0.15928543513011587	2.584911902078131
1996	08	07	2.5831501740799996	0.1676688790843325	3.7440292188414466
1996	08	08	0.0263741851028	0.1676688790843325	3.855131201148469
1996	08	09	0.0345325007328	0.1676688790843325	4.071786769649222
1996	08	10	0.47038072680000004	0.1676688790843325	3.490746417432507
1996	08	11	0.125243492964	0.1676688790843325	3.588065321316454
1996	08	12	0.0196663975924	0.1676688790843325	4.356917928863044
1996	08	13	0.0009754203955200002	0.18443576699276576	4.935867561085173
1996	08	14	0.043874357940799996	0.1676688790843325	4.792714785452536
1996	08	15	0.146639687652	0.15928543513011587	4.403410888138779
1996	08	16	1.62631268916	0.15090199117589925	4.52867312294172
1996	08	17	4.682334400799999	0.15928543513011587	4.299559577085695
1996	08	18	3.1479248036	0.21796954280963224	3.8154555254793943
1996	08	19	2.7061676255599996	0.19281921094698237	2.948500345810479
1996	08	20	0.336175753676	0.17605232303854912	2.986205779311873
1996	08	21	0.073389884508	0.1676688790843325	3.13230334661831
1996	08	22	2.6124214078000003	0.1676688790843325	3.3185167158033013
1996	08	23	0.558000978192	0.1676688790843325	2.686887946136787
1996	08	24	0.29874903295599997	0.1676688790843325	2.995276195874443
1996	08	25	1.02906643312	0.15090199117589925	3.419548583676147
1996	08	26	2.57179001568	0.15090199117589925	3.1177744871516393
1996	08	27	0.078249803628	0.15928543513011587	3.246609583291599
1996	08	28	0.0056039648076	0.15928543513011587	3.6705867547079394
1996	08	29	0.0019999902102	0.15090199117589925	3.459372911423483
1996	08	30	0.00163498940472	0.15090199117589925	3.8142481055132746
1996	08	31	0.0	0.15928543513011587	4.228512162881707
1996	09	01	0.00041370620104	0.14251854722168264	4.3781308094365645
1996	09	02	0.0020479712863200003	0.14251854722168264	4.269680154828989
1996	09	03	0.0016321556404	0.14251854722168264	4.096175849608829
1996	09	04	0.49212048356000004	0.1257516593132494	3.7393305067344507
1996	09	05	0.51623895176	0.11736821535903276	2.9633771281725574
1996	09	06	0.010534696183800001	0.11736821535903276	3.378871182815441
1996	09	07	0.0049376869536	0.10898477140481612	3.5028417371745095
1996	09	08	1.66630818624	0.11736821535903276	3.1107767390041796
1996	09	09	0.000419373482472	0.134135103267466	3.4979296258194927
1996	09	10	0.106326899104	0.14251854722168264	3.2315228235240228
1996	09	11	0.12446753557599999	0.134135103267466	3.3880483295141737
1996	09	12	0.191745706208	0.1257516593132494	3.042718982387701
1996	09	13	0.0019772988928000003	0.1257516593132494	3.2298467947172687
1996	09	14	0.0391626095912	0.1257516593132494	3.4785349865544686
1996	09	15	0.028669016016	0.1257516593132494	3.310824560329601
1996	09	16	11.0554298524	0.1257516593132494	2.5854672231216917
1996	09	17	3.768690714	0.22635298676384888	2.071389404536953
1996	09	18	2.6944497762	0.31018742630601515	1.6313799188481617
1996	09	19	4.05168425884	0.27665365048914864	1.8474392169684837
1996	09	20	15.7741247468	0.3688715339855315	1.579273228103454
1996	09	21	4.49802724036	0.5197735251614307	1.484382954983082
1996	09	22	0.09518435030000001	0.46947286143613104	2.164223063776323
1996	09	23	0.6213435594319999	0.3772549779397481	2.397771188638352
1996	09	24	0.007563262204	0.31857087026023173	2.3597685227246994
1996	09	25	0.595452134472	0.31018742630601515	2.0718634753470964
1996	09	26	0.083914574948	0.31018742630601515	2.773106875052014
1996	09	27	0.121225041352	0.3018039823517985	2.8278472079334596
1996	09	28	0.027029280598	0.2850370944433653	3.19056457095943
1996	09	29	0.00081041086204	0.2850370944433653	3.0240821668912234
1996	09	30	4.4250845266	0.268270206534932	2.908596516206741
1996	10	01	0.33790694179200004	0.2850370944433653	1.6515432679771413
1996	10	02	0.044444261756	0.27665365048914864	1.9677978595153172
1996	10	03	0.00081607810544	0.27665365048914864	2.6342618134001845
1996	10	04	0.00661768685	0.268270206534932	2.486753360866767
1996	10	05	2.6579452364e-05	0.268270206534932	1.9072092032799866
1996	10	06	0.00041370624858	0.25988676258071536	1.9031072581993314
1996	10	07	0.0009350250395000001	0.25988676258071536	2.0386003701776243
1996	10	08	0.00163498940472	0.25988676258071536	2.0879355019703096
1996	10	09	0.00352909729088	0.25988676258071536	2.127502640591898
1996	10	10	0.00123545088432	0.25988676258071536	2.163775770538631
1996	10	11	0.00041370620104	0.25988676258071536	2.072492927477025
1996	10	12	1.17046113716	0.2515033186264988	2.1000679580351758
1996	10	13	24.664221695200002	0.335337758168665	0.9884318422305501
1996	10	14	2.86212782496	0.48623974934456426	1.1245825360511843
1996	10	15	1.0451821128	0.47785630539034757	1.3293702242348175
1996	10	16	1.2146251316	0.35210464607709824	1.306572301143453
1996	10	17	14.3260658548	0.4275556416650479	1.4858821268112004
1996	10	18	8.909647298	0.603607964703597	0.8097705662045739
1996	10	19	0.811112428836	0.603607964703597	1.5219784689674254
1996	10	20	0.301720634752	0.5113900812072141	1.5778802529616631
1996	10	21	0.0021942265750399996	0.4359390856192645	2.1819337473402114
1996	10	22	0.00081041086204	0.3772549779397481	2.0348640592344904
1996	10	23	0.1428871748	0.3437212021228816	2.0590314097109657
1996	10	24	1.5726137870799999	0.335337758168665	1.542936657434635
1996	10	25	0.34139149068	0.32695431421444837	1.3755216892152922
1996	10	26	0.0	0.31857087026023173	1.744630199932139
1996	10	27	0.0012424987844000001	0.31018742630601515	1.876671645056316
1996	10	28	5.4658135676	0.31018742630601515	1.325401383981017
1996	10	29	0.12503946079199998	0.31018742630601515	1.4315651086859913
1996	10	30	0.00081041086204	0.31018742630601515	1.5402608268702322
1996	10	31	0.0	0.3018039823517985	1.591490658133733
1996	11	01	0.00081041086204	0.2850370944433653	1.6067625521616222
1996	11	02	0.00081607810544	0.2850370944433653	1.5819815917027693
1996	11	03	0.0	0.2850370944433653	1.6642348282273955
1996	11	04	9.239771713600001	0.2934205383975818	1.0398037911350795
1996	11	05	0.078741719024	0.31018742630601515	1.0601046348032532
1996	11	06	0.0022700578192	0.31018742630601515	1.3919553612535676
1996	11	07	0.0319711177936	0.31018742630601515	1.2885525957480228
1996	11	08	0.08967988386	0.31018742630601515	1.1622805079809166
1996	11	09	0.106462369088	0.3018039823517985	1.2697577567570941
1996	11	10	11.3649000396	0.2934205383975818	0.8093556018229595
1996	11	11	18.499116596	0.8215775075132292	0.505721029057059
1996	11	12	0.0165554113688	1.3497344766288766	0.8934113820381503
1996	11	13	0.019020882358	0.8551112833300958	1.0700559894201682
1996	11	14	0.003974710058	0.6371417405204635	1.0255147956140456
1996	11	15	0.0032067888315999997	0.5700741888867306	0.8609859383475995
1996	11	16	0.6718790168	0.5616907449325139	0.8033528329269123
1996	11	17	1.12234010328	0.5197735251614307	0.7997215102382308
1996	11	18	0.94054314992	0.47785630539034757	0.6161558462222658
1996	11	19	17.437498954400002	0.7125927361084131	0.9063341119320893
1996	11	20	7.30843981728	1.2910503689493602	0.7357668790129095
1996	11	21	12.0770549444	1.676688790843325	0.47314412937202854
1996	11	22	30.924357352799998	3.4958961289083326	0.36042544947934735
1996	11	23	8.6674519156	9.305622789180454	1.0163459936696981
1996	11	24	0.367400025676	3.789316667305914	0.9810021275584287
1996	11	25	1.69699535132	2.03717688087464	0.8021606714946437
1996	11	26	1.7018537491599999	1.6431550150264584	0.8215669371899245
1996	11	27	2.0105245988	1.4251854722168262	0.8827121412921549
1996	11	28	0.11035961271599999	1.2910503689493602	0.6807691984949719
1996	11	29	0.014540147032	1.1652987096361107	0.8896852036628093
1996	11	30	0.470732351656	1.0563139382312947	0.7838890160764496
1996	12	01	0.0968105643912	1.0227801624144282	0.8804011287955992
1996	12	02	0.010314079682800001	0.9808629426433451	1.016530982374809
1996	12	03	5.3324324912	0.9137953910096122	0.9710492903617604
1996	12	04	4.69686519196	1.2910503689493602	0.6991644669125884
1996	12	05	0.5487879734	1.3665013645373099	0.5445703410551154
1996	12	06	3.63266584312	1.1569152656818942	0.367849937601828
1996	12	07	0.12153552128879999	1.0898477140481613	0.5915563839213663
1996	12	08	0.00081041086204	1.0479304942770782	0.8038060491949109
1996	12	09	0.00139308344584	0.9892463865975617	0.7670392042021136
1996	12	10	3.2238110040000003	0.9305622789180455	0.7018320952836566
1996	12	11	18.0936070516	1.3078172568577935	0.5751991488570026
1996	12	12	20.871778095600003	2.0036431050577734	0.5681235649648696
1996	12	13	27.8879033904	5.608524005370922	0.48211714529151717
1996	12	14	1.0443986536	8.031339308139527	0.6865046081403654
1996	12	15	0.00345459745196	3.7809332233516977	0.687500021107185
1996	12	16	6.139134567679999	3.7641663354432646	0.6371751281961798
1996	12	17	17.162072161199998	7.981038644414227	0.5401636808478658
1996	12	18	18.6093209716	14.251854722168263	0.7480334647135491
1996	12	19	15.664173284	9.13795391009612	0.4983745630194822
1996	12	20	11.80696309	8.886450591469622	0.38763389577045276
1996	12	21	6.84572234832	12.239828173156273	0.5538972409870275
1996	12	22	9.8807250096	8.551112833300957	0.6159842953600805
1996	12	23	17.048138748000003	8.970285031011787	0.44787724804854817
1996	12	24	7.9172921086	7.494798895069662	0.5125445176856628
1996	12	25	0.5817032432	6.0025458712191035	0.5377658722010777
1996	12	26	0.0	4.803713385766127	0.7794233459412812
1996	12	27	0.08654762538800001	4.0575868738408465	0.7870936443419747
1996	12	28	0.00163498940472	3.6887153398553156	0.839125895469359
1996	12	29	0.0008683993933999999	3.4120616893661664	0.5374011966906235
1996	12	30	1.69123511968	3.168941814693884	0.46964383241519586
1996	12	31	2.7703811396	3.0431901553806346	0.5191462610136564
1997	01	01	3.32985059036	2.900671608158952	0.4710252450671335
1997	01	02	11.0270798488	2.909055052113169	0.29645117769588625
1997	01	03	4.94672687476	2.808453724662569	0.4036194894721172
1997	01	04	0.034492523395999994	2.6240179576698037	0.4439319153744803
1997	01	05	0.002145161682	2.456349078585471	0.46036116379374215
1997	01	06	0.0009294588185999999	2.2886801995011385	0.6076289148885943
1997	01	07	19.112705868	2.3892815269517382	0.4500469683043625
1997	01	08	35.9427244404	4.56897695504806	0.5736613905277528
1997	01	09	8.232625403999998	12.659000370867103	0.457854827232802
1997	01	10	2.1589568392	9.305622789180454	0.8721142943864811
1997	01	11	0.14702900222	7.964271756505793	0.9085521396102387
1997	01	12	0.020593919156	6.01092931517332	0.9560382328163333
1997	01	13	0.00585316121564	4.929465045079375	0.9831458349993404
1997	01	14	0.0074566366396000006	4.267172972696262	0.8813317790758735
1997	01	15	0.0024718212873199997	3.7809332233516977	0.8430077237536497
1997	01	16	15.816976352	4.2001054210625295	0.7563233182137851
1997	01	17	0.67040946032	6.1115306426239195	0.7129552826190606
1997	01	18	15.226615124	6.245665745891386	0.6665860489372194
1997	01	19	2.83920070916	9.054119470553957	0.6161694532914946
1997	01	20	4.4433165919999995	6.513935952426317	0.547277592429602
1997	01	21	0.462454838984	5.4995392339661056	0.7271705241080899
1997	01	22	0.0021825823176	4.661194838544443	0.8969230117562766
1997	01	23	0.007585230437999999	4.12465442547458	0.8213270088190235
1997	01	24	0.00090618760828	3.8060835552143475	1.1615734883280722
1997	01	25	0.13330387143999997	3.613264344267365	0.8505208042299799
1997	01	26	0.13692634337600001	3.4288285772745994	0.9462743927778839
1997	01	27	0.0212422107264	3.2527762542360503	0.9455051269478726
1997	01	28	0.00041370620104	3.1270245949228013	0.9641130742736734
1997	01	29	3.8014267580000003	3.018039823517985	0.967077929169667
1997	01	30	12.068523891400002	4.459992183643244	0.7680309782972005
1997	01	31	1.96749719068	5.21450213952274	0.9427361898233692
1997	02	01	3.03101595688	3.9821358782528966	1.0975242741898885
1997	02	02	3.40966235872	3.5881140124047155	0.8745073449077282
1997	02	03	0.0081559985304	3.529429904725199	0.9986930235711858
1997	02	04	0.0016934350807200002	3.177325258648101	1.2821786812416853
1997	02	05	0.062390193404	2.9593557158384685	1.3192124801334966
1997	02	06	0.00114492312456	2.808453724662569	1.463944932482317
1997	02	07	0.12318599028800001	2.6743186213951033	1.3426662763981467
1997	02	08	0.039272898587999996	2.540183518127637	1.286423202405634
1997	02	09	0.0	2.414431858814388	1.2558822623701005
1997	02	10	0.47740425787600005	2.3138305313637884	1.0976136043486169
1997	02	11	1.34414415348	2.263529867638489	0.9212309037363026
1997	02	12	2.38099773368	2.338980863226438	0.8522811090519244
1997	02	13	6.8472422972	2.431198746722821	0.7050835433517252
1997	02	14	5.395257076600001	2.909055052113169	0.9511998637431685
1997	02	15	0.023123189776	2.800070280708353	1.288533558162236
1997	02	16	1.25890350728	2.5150331862649873	1.0687633185860732
1997	02	17	0.12499858589999999	2.4982662983565542	1.0145801913988695
1997	02	18	0.416199065528	2.3305974192722214	1.041210248350649
1997	02	19	0.026752621568	2.2216126478674054	1.6683053340478466
1997	02	20	0.019523170982	2.1042444325083727	1.6824074716857507
1997	02	21	0.028924127065600002	2.03717688087464	1.8723758474262726
1997	02	22	0.9781664010000001	1.9952596611035567	1.661685091515673
1997	02	23	1.5702551375199998	1.944958997378257	0.9778699740623134
1997	02	24	6.325192246	2.892288164204736	0.7460890069632361
1997	02	25	5.1868830764	4.384541188055295	0.7926446760083171
1997	02	26	0.329697620496	4.1665716452456625	1.5500614939861197
1997	02	27	0.00041370620104	3.0934908191059347	2.0632138991806137
1997	02	28	0.00041370620104	2.63240140162402	1.9860847171368792
1997	03	01	0.00041370620104	2.422815302768605	1.9137347798505633
1997	03	02	0.000620980753168	2.2216126478674054	2.2977281076453058
1997	03	03	0.0	2.1377782083252392	2.214061047257175
1997	03	04	0.00366694009136	2.06232721273729	1.9393168444342235
1997	03	05	0.00122978440156	1.9784927731951234	2.224394829379989
1997	03	06	0.00041370620104	1.8778914457445242	2.2776312476795297
1997	03	07	0.0108163930276	1.7940570062023578	2.253465589114109
1997	03	08	0.000405205459544	1.7353728985228414	2.146911847969012
1997	03	09	0.0	1.6850722347975413	2.2291718370630664
1997	03	10	0.00081336119444	1.5928543513011588	2.2539967148035607
1997	03	11	0.0008132445312800001	1.542553687575859	2.259778597972937
1997	03	12	0.00041370620104	1.5090199117589924	2.407744094871144
1997	03	13	0.000376989956112	1.4671026919879093	2.390377344708562
1997	03	14	0.01070907433	1.4335689161710428	2.4520473713584754
1997	03	15	0.00326147846728	1.3916516963999597	2.450473056884798
1997	03	16	0.00081041086204	1.3581179205830933	2.853195596508917
1997	03	17	0.00286435507396	1.31620070081201	2.65621718570296
1997	03	18	0.0020458782902800002	1.2826669249951437	2.635645892543837
1997	03	19	0.00081041086204	1.2323662612698438	2.7342228687816887
1997	03	20	0.0	1.1736821535903272	3.0402476384090384
1997	03	21	0.9299113043199999	1.1736821535903272	2.7884167948527203
1997	03	22	0.311263453048	1.1736821535903272	2.6704522309697927
1997	03	23	0.000810410919088	1.1736821535903272	2.8192588385266633
1997	03	24	0.0036751849535600002	1.1401483777734611	2.6294469076512463
1997	03	25	0.00162082134376	1.0982311580023778	2.5175545061634077
1997	03	26	0.0008217453488399999	1.0646973821855115	3.099267626977219
1997	03	27	0.0012311860709200001	1.031163606368645	3.0255458428745663
1997	03	28	0.01964790168	0.9892463865975617	3.1076686772482494
1997	03	29	0.0	0.9557126107806951	3.053805140002226
1997	03	30	0.0028506058404	0.9221788349638289	3.4546724000251188
1997	03	31	0.0	0.9054119470553955	3.1117490004905863
1997	04	01	0.000810410919088	0.8970285031011789	3.211519469719808
1997	04	02	0.406031467044	0.871878171238529	2.918543240694262
1997	04	03	0.021830365147600003	0.8467278393758791	3.277254293424293
1997	04	04	0.0	0.8215775075132292	3.5845510197946986
1997	04	05	0.0	0.7964271756505794	4.008933845445318
1997	04	06	0.15167205336800002	0.7964271756505794	3.5766142994599996
1997	04	07	2.4593982296	0.8048106196047959	3.1618012375357023
1997	04	08	8.311834175	1.1233814898650278	2.6976147302007742
1997	04	09	0.421890516296	1.1066146019565946	3.0873063726641514
1997	04	10	0.11571944345999999	0.9724794986891285	2.934257451704018
1997	04	11	0.323940469448	0.8467278393758791	2.886250828888813
1997	04	12	0.000814165447636	0.7964271756505794	3.555312595355426
1997	04	13	0.0	0.7964271756505794	3.8907827015138543
1997	04	14	0.0111684590548	0.7628933998337128	3.6180500069852934
1997	04	15	0.0	0.6958258481999798	3.880677528045592
1997	04	16	12.632026445600001	0.7042092921541965	3.715272638892561
1997	04	17	9.6840605868	0.7293596240168464	2.0651709150384248
1997	04	18	4.037471415200001	0.7712768437879295	2.13720193046339
1997	04	19	14.4854265904	1.0479304942770782	1.7391886394542184
1997	04	20	8.168408372	1.2659000370867104	2.3488711528424937
1997	04	21	0.4759906845	1.2239828173156273	2.766856048100719
1997	04	22	0.0952772948032	1.0814642700939445	3.154862910400547
1997	04	23	0.00133468816224	0.9389457228722621	3.035651395184501
1997	04	24	4.0122866248	0.8551112833300958	2.9449237567082767
1997	04	25	2.4888464072	0.8383443954216625	2.4388387871935238
1997	04	26	3.8865170827199997	0.8383443954216625	2.252662631717921
1997	04	27	0.7391238713999999	0.8299609514674459	3.12805352537906
1997	04	28	0.0264824479448	0.7964271756505794	3.859998257475939
1997	04	29	0.00041370620104	0.7796602877421461	4.6580548084359785
1997	04	30	0.00081041086204	0.7545099558794962	4.56023591115564
1997	05	01	0.00162350393088	0.6371417405204635	5.179704170630627
1997	05	02	1.56405249864	0.6119914086578137	3.5525912373137576
1997	05	03	0.07351709584319999	0.6119914086578137	3.6403385051412105
1997	05	04	23.716108656	0.7796602877421461	2.743402606109144
1997	05	05	20.160804084400002	2.079094100645723	2.6735878172882623
1997	05	06	4.2747283424	2.3557477511348717	1.9906226764406605
1997	05	07	5.893859258840001	1.861124557836091	2.2138055406235777
1997	05	08	1.2633481169599998	1.5006364678047759	2.499928737264191
1997	05	09	2.80117565	1.3078172568577935	2.040178216007948
1997	05	10	5.06868789236	1.2491331491782771	2.0884501735719345
1997	05	11	5.47970922436	1.2575165931324936	2.4856685775901313
1997	05	12	0.00245323257684	1.1820655975445442	3.262100502539307
1997	05	13	0.00012683291679999997	1.031163606368645	3.561139747435042
1997	05	14	0.168486257284	0.9137953910096122	3.8183892614203376
1997	05	15	2.2843469169999997	0.871878171238529	2.9001317494588577
1997	05	16	11.205581139200001	0.9221788349638289	2.481636033584072
1997	05	17	1.5797363249599998	0.9137953910096122	2.6613751520674627
1997	05	18	30.3882126424	1.1569152656818942	2.3520430172398035
1997	05	19	18.453083614	4.879164381354076	2.2629355784501954
1997	05	20	2.7078584332	6.530702840334751	2.8784512393935575
1997	05	21	1.14129487176	3.269543142144484	2.970000647854987
1997	05	22	0.18797915954799999	2.238379535775839	4.057113141285111
1997	05	23	11.6145943816	1.8695080017903074	2.6647506684093867
1997	05	24	3.9185420233999997	1.8695080017903074	3.6811710052333857
1997	05	25	11.506322982399999	2.2048457599589724	3.8072282590583657
1997	05	26	2.3220919655600003	2.1545450962336727	4.113786529721946
1997	05	27	2.72738349152	1.8862748896987407	3.8430495627552594
1997	05	28	3.27099483432	1.676688790843325	3.822484630155483
1997	05	29	4.914878212400001	1.542553687575859	4.091444678165485
1997	05	30	14.453056604399999	1.7018391227059746	3.2687108170436083
1997	05	31	5.824415394000001	2.338980863226438	2.9518404547954313
1997	06	01	8.441607440799999	1.8695080017903074	3.464158020919811
1997	06	02	15.4203796068	1.6431550150264584	2.434339291929961
1997	06	03	4.9463007262	1.8192073380650076	3.0355164803355383
1997	06	04	1.5311863852	1.6599219029348917	3.051880460960027
1997	06	05	8.259614812799999	1.6683053468891083	3.2698455330257463
1997	06	06	40.2809500592	4.476759071551678	2.813620734961811
1997	06	07	11.331786528	7.369047235756412	2.5328773318489133
1997	06	08	2.1895963692	6.916341262228715	3.4126005219639843
1997	06	09	0.1042298108208	4.409691519917945	4.768677870387762
1997	06	10	5.8946196136	3.8983014387107313	2.7114618585045793
1997	06	11	4.390392782079999	4.988149152758892	2.9314953787244917
1997	06	12	0.187941137056	3.8228504431227806	3.9465462046330573
1997	06	13	3.6718070463999997	3.194092146556534	2.489862469118579
1997	06	14	0.202083032	2.9425888279300354	3.812743670915697
1997	06	15	0.011397649394800001	2.60725106976137	3.8371408417788837
1997	06	16	0.017531618646400002	2.338980863226438	3.4662146003555234
1997	06	17	0.24730479144000003	2.1545450962336727	3.6706452200355644
1997	06	18	0.00457979946324	2.162928540187889	4.434876595913195
1997	06	19	0.026944580481600002	1.9617258852866901	3.453911098373877
1997	06	20	0.107320404286	1.8695080017903074	4.395267122055087
1997	06	21	2.8257576332	1.7772901182939245	2.739435468297852
1997	06	22	0.22499794903599998	1.861124557836091	3.1225432296344473
1997	06	23	0.0022862588807199997	1.7605232303854912	4.412487190051734
1997	06	24	0.0032435942995999996	1.6012377952553754	5.082462496313877
1997	06	25	0.10922465226400001	1.5174033557132092	4.484152798591047
1997	06	26	0.530180560684	1.4168020282626097	3.41364503928239
1997	06	27	0.45724215404799995	1.3665013645373099	3.0180834931840432
1997	06	28	7.1192975536	1.31620070081201	2.879567647618561
1997	06	29	2.82425508396	1.3329675887204433	2.8512765644268017
1997	06	30	1.664292205	1.3581179205830933	3.172726518902134
1997	07	01	1.50184346116	1.408418584308393	3.713852504231906
1997	07	02	1.59799605864	1.34135103267466	2.8303256157478964
1997	07	03	1.4776290572400002	1.299433812903577	3.1867750726798527
1997	07	04	0.8049207526800001	1.2491331491782771	3.2187524851027596
1997	07	05	0.0009864582327200001	1.1820655975445442	4.996725319832632
1997	07	06	0.00162082134376	1.1652987096361107	5.498368671099685
1997	07	07	0.00081041086204	1.0646973821855115	5.895506642862648
1997	07	08	2.62449913496	0.9976298305517783	4.683979421832817
1997	07	09	0.20054596871999997	0.9976298305517783	4.38371010196998
1997	07	10	0.14639616875600003	1.006013274505995	3.8261443171098963
1997	07	11	0.0102813702612	0.9640960547349117	4.686653804245657
1997	07	12	0.169986914432	0.9137953910096122	4.748282028729341
1997	07	13	0.039882760724	0.8551112833300958	4.815256370716684
1997	07	14	0.027129768748399997	0.8383443954216625	5.508629571910129
1997	07	15	13.9961401564	0.8215775075132292	4.393488162279196
1997	07	16	18.391898683199997	1.2659000370867104	3.2266725737073667
1997	07	17	0.00041441801746000003	1.1988324854529773	4.820736485804456
1997	07	18	0.00041370620104	0.9892463865975617	5.074309333277803
1997	07	19	0.00041370624858	0.8886450591469622	5.145486681396569
1997	07	20	0.03383692968159999	0.8299609514674459	5.167718717385014
1997	07	21	1.0079341424800001	0.7628933998337128	4.514075272963496
1997	07	22	7.371604694	0.7293596240168464	3.852313992145071
1997	07	23	3.72138898448	0.7209761800626298	4.469041033299412
1997	07	24	0.0	0.7293596240168464	4.967067177570764
1997	07	25	0.0077007241139999995	0.6790589602915467	5.4965007607086
1997	07	26	0.0016858386641200001	0.6287582965662468	5.810418258354458
1997	07	27	1.4412224498400001	0.5952245207493804	5.414386032703494
1997	07	28	0.39307728293599997	0.5700741888867306	5.331147922095511
1997	07	29	0.31631875206000004	0.5700741888867306	5.374582723077764
1997	07	30	0.237008026776	0.5197735251614307	5.517572480145314
1997	07	31	0.22794804373599997	0.48623974934456426	5.577443750104636
1997	08	01	0.00041370620104	0.46947286143613104	5.540129584152577
1997	08	02	0.02727236688	0.4359390856192645	5.571537191171892
1997	08	03	0.24998759724400002	0.40240530980239797	5.151719238730062
1997	08	04	0.307136049264	0.3940218658481814	4.017905980993586
1997	08	05	0.370870873536	0.3772549779397481	2.9748196448101156
1997	08	06	7.67966826768	0.3688715339855315	2.76572688162767
1997	08	07	6.6066927496	0.38563842189396474	2.865914057319865
1997	08	08	0.11545615172719999	0.4275556416650479	4.753147785348638
1997	08	09	14.3670576952	0.4107887537566146	4.139884964563111
1997	08	10	13.513302998799999	0.3940218658481814	2.890145741852997
1997	08	11	0.007198257690400001	0.3940218658481814	3.849419176629685
1997	08	12	0.07604907244	0.3940218658481814	4.105283128650505
1997	08	13	0.027825257080000002	0.3604880900313149	4.521708591492468
1997	08	14	0.078352803792	0.3437212021228816	4.7219265370708285
1997	08	15	0.221675245324	0.335337758168665	4.835716566269956
1997	08	16	0.0518967624156	0.32695431421444837	4.225117334473446
1997	08	17	0.419865597536	0.31018742630601515	4.256251587542691
1997	08	18	0.0320683447	0.2934205383975818	4.5608525855562645
1997	08	19	0.008564786433200001	0.27665365048914864	4.907153543164884
1997	08	20	0.012411167966	0.268270206534932	4.781095736149081
1997	08	21	1.0766341964800001	0.25988676258071536	4.912205600676576
1997	08	22	0.202340765356	0.25988676258071536	4.565122924682985
1997	08	23	2.51208899844	0.25988676258071536	4.561281324574871
1997	08	24	22.955834714	0.25988676258071536	3.1398838909894393
1997	08	25	1.18199728864	0.25988676258071536	3.145641279228084
1997	08	26	3.31527111824	0.24311987467228213	2.4940490719697403
1997	08	27	16.411264384	0.2850370944433653	2.4860421748884747
1997	08	28	3.7045786503199998	0.35210464607709824	2.3960918181742588
1997	08	29	0.008270649797600001	0.32695431421444837	3.219556890614997
1997	08	30	0.0020401096916	0.31018742630601515	3.8561367215754263
1997	08	31	0.391612689632	0.3018039823517985	3.246639830794217
1997	09	01	0.182762519284	0.27665365048914864	2.498648094350704
1997	09	02	0.0024488462512	0.25988676258071536	3.6935481279252853
1997	09	03	0.000813244464724	0.25988676258071536	3.7345433320674966
1997	09	04	0.0	0.25988676258071536	4.060864256335539
1997	09	05	0.00259081476304	0.24311987467228213	3.8037632526888023
1997	09	06	0.038707328519199995	0.24311987467228213	4.010474104560039
1997	09	07	0.00042566331922	0.25988676258071536	4.531571456007071
1997	09	08	0.10215605326800001	0.2515033186264988	4.214408642568222
1997	09	09	0.00107668943796	0.23473643071806552	3.8574417767696594
1997	09	10	0.0	0.21796954280963224	3.7663349773726402
1997	09	11	0.000405205459544	0.20958609885541563	3.5101916531990747
1997	09	12	0.422875934924	0.20958609885541563	2.910795423542312
1997	09	13	1.87791813916	0.20958609885541563	2.6904644572365957
1997	09	14	0.182569792124	0.20958609885541563	2.810622071328178
1997	09	15	0.24937401748000002	0.20120265490119899	2.9620283672986276
1997	09	16	0.40585516019999995	0.19281921094698237	3.0980305484775417
1997	09	17	0.36256960988	0.19281921094698237	3.06492292659302
1997	09	18	4.28769573312	0.19281921094698237	3.088669584263465
1997	09	19	3.8241853920400004	0.19281921094698237	2.8911251003198295
1997	09	20	0.13865815902	0.19281921094698237	2.7095878448253763
1997	09	21	0.008893445666	0.19281921094698237	2.9790693862965987
1997	09	22	0.0008199768323159999	0.19281921094698237	3.2373880682834293
1997	09	23	0.43699566672	0.19281921094698237	2.8882728452723048
1997	09	24	2.02374204992	0.19281921094698237	2.3126556088721983
1997	09	25	0.604076651112	0.22635298676384888	2.6708880950782796
1997	09	26	7.656900791199999	0.32695431421444837	2.2311489504743385
1997	09	27	0.7934720747999999	0.2934205383975818	2.5637349712104993
1997	09	28	0.43218357284000003	0.268270206534932	2.4950507491285343
1997	09	29	0.058988560931599994	0.24311987467228213	3.0505353485225246
1997	09	30	0.0	0.22635298676384888	3.070960493442312
1997	10	01	0.48267205117999995	0.20958609885541563	2.518804912111427
1997	10	02	0.09702093839920001	0.20120265490119899	2.6745694163438474
1997	10	03	0.00057221511492	0.19281921094698237	2.74734204818865
1997	10	04	0.179928270056	0.19281921094698237	2.712588618951727
1997	10	05	11.0140567412	0.20120265490119899	2.3531243216375732
1997	10	06	5.337481239200001	0.20120265490119899	1.9351188614852128
1997	10	07	0.5362706914	0.20120265490119899	1.6701249298177006
1997	10	08	0.060447300159999995	0.20958609885541563	1.9984511527458244
1997	10	09	1.22013254552	0.20120265490119899	1.6477123099343542
1997	10	10	1.6206295674000002	0.19281921094698237	1.4894695516909975
1997	10	11	1.6833822723199998	0.19281921094698237	1.9252043975684983
1997	10	12	0.139428810944	0.20120265490119899	1.9008003616763074
1997	10	13	0.0	0.20958609885541563	1.7432657554256776
1997	10	14	0.00041370620104	0.20120265490119899	2.034274786616709
1997	10	15	0.00081041086204	0.19281921094698237	2.1984776425750807
1997	10	16	0.00163782326412	0.18443576699276576	2.1776418610857626
1997	10	17	0.00127669982104	0.1676688790843325	2.222492008057476
1997	10	18	45.2828008	0.22635298676384888	1.3080620512154824
1997	10	19	37.6813107312	0.9808629426433451	1.3991105890058013
1997	10	20	44.417491031199994	6.899574374320283	1.0955361554631247
1997	10	21	3.6252857335199997	4.376157744101079	1.3551396895091372
1997	10	22	8.9719275504	2.079094100645723	1.1618889822677927
1997	10	23	3.2115844766399997	2.0204099929662065	1.162662292704208
1997	10	24	0.08762337381919999	1.542553687575859	1.6215982197576753
1997	10	25	3.3437049824	1.1652987096361107	1.3702692923506499
1997	10	26	2.27298324064	1.006013274505995	1.5737092465894393
1997	10	27	34.540386668000004	4.870780937399858	0.9260648920624261
1997	10	28	0.580756284432	4.786946497857693	1.1758686921848294
1997	10	29	0.0043258091216	2.2719133115927055	1.4877156264731317
1997	10	30	0.0008274125446999999	1.6096212392095919	1.4526249271223297
1997	10	31	0.0012127824812	1.2826669249951437	1.2141712368532342
1997	11	01	0.00163782326412	1.114998045910811	1.4187578841711643
1997	11	02	16.437948585999997	1.1485318217276776	0.7245203088177803
1997	11	03	15.564682522800002	2.01202654901199	0.9802079577932195
1997	11	04	5.7904594735999995	2.322213975318005	0.7911325613235767
1997	11	05	12.7692306888	3.0012729356095518	0.8426270044771427
1997	11	06	4.0420247964	2.6240179576698037	0.733405248637926
1997	11	07	16.296074964	2.2048457599589724	0.9164425303802914
1997	11	08	37.013274847999995	4.376157744101079	0.9103417413246115
1997	11	09	20.7664817496	7.301979684122681	0.645207867460571
1997	11	10	23.621621004399998	8.064873083956392	0.6199141432334052
1997	11	11	12.6099022804	12.826669249951436	0.6447260681881095
1997	11	12	5.6227355012	8.182241299315425	0.8022095826352927
1997	11	13	24.2935751344	15.006364678047756	1.1189578559862605
1997	11	14	0.31173803535999994	8.71878171238529	0.8735434111711919
1997	11	15	0.010950471040400001	5.21450213952274	1.1505509669748273
1997	11	16	4.2270799512	4.736645834132394	1.0507598024742388
1997	11	17	29.083191151599998	9.640960547349119	0.6779566805381065
1997	11	18	8.902974583599999	16.180046831638087	0.7419143594626116
1997	11	19	17.7532387168	9.389457228722618	0.608442067415517
1997	11	20	7.614771794	8.886450591469622	0.6454962336493041
1997	11	21	2.2144428649599996	6.6899882754648665	0.7581323336051259
1997	11	22	0.029669904160000003	5.558223341645622	0.699653754036384
1997	11	23	4.416350382719999	4.8875478253082925	0.8826043625570537
1997	11	24	6.93509754832	11.066146019565945	0.5714261255164886
1997	11	25	14.0309955336	15.341702436216423	0.6589983199679237
1997	11	26	1.60877318648	9.473291668264787	0.6786984167138819
1997	11	27	11.275936536	6.7235220512817335	0.6905195312575148
1997	11	28	4.6412062156800005	9.892463865975618	0.6515318069160533
1997	11	29	5.76012933392	7.612167110428695	0.5155664382538863
1997	11	30	0.82577854736	5.952245207493804	0.6237241369085335
1997	12	01	0.7839111152399999	5.080367036255274	0.7368961467843924
1997	12	02	2.51267744856	4.761796165995043	0.5916935480824217
1997	12	03	1.9564906348000004	4.585743842956494	0.6330143305198452
1997	12	04	2.47120554924	4.082737205703497	0.6972764444437888
1997	12	05	0.00329842912244	3.7557828914890483	0.7747348951590808
1997	12	06	0.0	3.4791292409999	0.7860418884509768
1997	12	07	5.92160559952	3.8731511068480806	0.7416090388180814
1997	12	08	1.0061757329599998	4.468375627597461	0.5003043264528011
1997	12	09	0.7343334557599999	3.722249115672182	0.5285411509111771
1997	12	10	1.28050920124	3.537813348679416	0.5948898248684459
1997	12	11	16.82656907	4.17495508919988	0.43428201073023115
1997	12	12	8.0058462928	5.9690120954022365	0.8162362327146474
1997	12	13	0.0	4.409691519917945	0.7713399980545944
1997	12	14	0.00041370620104	3.6803318959010984	0.8324418195399319
1997	12	15	0.0016391696919999998	3.3366106937782165	0.7332402284636259
1997	12	16	8.9251710096	3.261159698190267	0.3549350105962758
1997	12	17	46.039219248	8.307992958628676	0.8543498168655633
1997	12	18	12.4143208188	16.34771571072242	0.3952432918221639
1997	12	19	13.1516186788	23.389808632264383	0.49712910192171567
1997	12	20	1.6141821926	13.9165169639996	0.5712855786845533
1997	12	21	15.0833305148	11.988324854529774	0.42729793140750266
1997	12	22	21.828850523199996	24.311987467228214	0.5971457556923967
1997	12	23	0.06927614372	11.233814898650277	0.8138809491688043
1997	12	24	2.32634204156	8.131940635590125	0.4894338249226177
1997	12	25	5.3612816648	11.988324854529774	0.5526674100310693
1997	12	26	3.1779308155600003	9.305622789180454	0.5231223651845609
1997	12	27	0.33838225622	7.469648563207013	0.5009109752472323
1997	12	28	10.581094748399998	8.71878171238529	0.5245187840526051
1997	12	29	5.0576455864000005	12.239828173156273	0.5456634060633152
1997	12	30	2.8804690422	8.970285031011787	0.5996440565760598
1997	12	31	3.84464984076	7.511565782978097	0.5453674184706916
1998	01	01	0.82634950276	6.337883629387768	0.6391933699822606
1998	01	02	2.6910118735599995	6.354650517296202	0.7310937738317618
1998	01	03	7.282612191	6.606153835922701	0.6404294918816317
1998	01	04	5.60815916672	7.35228034784798	0.6844795186698225
1998	01	05	2.68928769284	6.052846534944403	0.5377577476252945
1998	01	06	4.14188028448	5.8600273239974205	0.540064814455144
1998	01	07	8.3309362224	6.622920723831133	0.5213187527644111
1998	01	08	1.0226070782399999	5.566606785599839	0.9118138920689864
1998	01	09	0.0609612512968	4.77017960994926	0.9927796864840457
1998	01	10	0.193523711716	4.443225295734811	1.004471000623816
1998	01	11	11.9900234664	5.063600148346842	0.4354255382015457
1998	01	12	21.18662886	7.939121424643144	0.5947364160036304
1998	01	13	11.039150254800001	14.251854722168263	0.5116951048505951
1998	01	14	0.9590096445680001	8.140324079544344	0.5814162859225167
1998	01	15	1.7071119584	6.966641925954015	0.5761584188463479
1998	01	16	4.14572988352	7.134310805038348	0.7771641768911347
1998	01	17	1.8904556732000002	5.8600273239974205	0.9177276760589694
1998	01	18	4.588720058999999	5.98577898331067	0.7469897296940724
1998	01	19	1.59468242556	5.26480280324804	0.64888632839086
1998	01	20	0.48423195267600005	4.7785630539034765	0.9842409071945657
1998	01	21	0.0042537323014	4.418074963872161	1.0140754645210033
1998	01	22	0.0016315139454799999	4.099504093611929	1.1071510186227116
1998	01	23	7.814297174	4.2420226408336115	0.47984452835870944
1998	01	24	0.22783012552	4.07435376174928	0.8147376649706788
1998	01	25	0.0776215777408	3.713865671717965	0.7892884422002828
1998	01	26	2.78957132616	3.5964974563589323	0.5700017944156569
1998	01	27	5.603214341159999	3.554580236587849	0.6042426222539008
1998	01	28	4.0816760088	3.747399447534831	0.7518715719823091
1998	01	29	0.35695334837599996	3.848000774985431	0.7353370827639191
1998	01	30	0.0	3.7054822277637482	0.9196436302943717
1998	01	31	0.20408600629600002	3.571347124496282	0.9319609567735618
1998	02	01	0.53553515252	3.613264344267365	0.9953282822898902
1998	02	02	12.426528139999999	4.585743842956494	0.6354359883780194
1998	02	03	2.45548606792	4.233639196879396	0.9106867781195701
1998	02	04	0.050123171472	3.6551815640384486	1.1124628816028204
1998	02	05	0.00081041086204	3.2946934740071336	1.0683393209465994
1998	02	06	0.0007877420786	3.101874263060151	1.12435080636397
1998	02	07	0.0	2.925821940021602	1.2429829045756409
1998	02	08	0.00081041086204	2.7581530609372695	1.3710456016827695
1998	02	09	0.000445192266312	2.598867625807154	1.2351659365782575
1998	02	10	0.0015460101178400001	2.4731159664939044	1.373498532543349
1998	02	11	0.0012241166827600001	2.4060484148601713	1.4210575908703136
1998	02	12	0.00279130748696	2.322213975318005	1.4752785678973424
1998	02	13	0.00412323680792	2.229996091821622	1.49690587310678
1998	02	14	0.0	2.162928540187889	1.6388507620377988
1998	02	15	0.00123137461456	2.1126278764625894	1.7068978307681657
1998	02	16	0.91520699216	2.0958609885541564	1.3631833541650897
1998	02	17	0.0119838137916	2.0455603248288563	1.7615888090078933
1998	02	18	0.030301313325599998	1.9952596611035567	1.5857671109067422
1998	02	19	0.0001165011684008	1.9281921094698233	1.7794826749654258
1998	02	20	4.10379389872	1.8443576699276578	1.5245228199423533
1998	02	21	21.44667266	2.531800074173421	1.3155599083348744
1998	02	22	0.442284748436	2.70785239721197	1.1755778998243
1998	02	23	0.0022493370348	2.1964623160047556	1.4297325095330122
1998	02	24	0.0	1.9701093292409069	1.5822452661714028
1998	02	25	0.00041370620104	1.8695080017903074	1.7532966004461732
1998	02	26	0.00081607810544	1.785673562248141	1.7188516669140215
1998	02	27	0.00081607810544	1.7353728985228414	1.7762191781991472
1998	02	28	0.0012212835840000001	1.6850722347975413	1.60767389564462
1998	03	01	0.00112056125156	1.6431550150264584	1.8186876711655386
1998	03	02	0.00163243203796	1.6096212392095919	2.1405599565296556
1998	03	03	0.00175862953512	1.5677040194385088	2.2612228119503
1998	03	04	18.6388290496	1.5090199117589924	1.270763320553208
1998	03	05	3.5133952092	1.810823894110791	1.8493704513191505
1998	03	06	0.0078508059924	1.634771571072242	2.265254732263824
1998	03	07	0.019400042382	1.5090199117589924	2.01314214681927
1998	03	08	0.346558651312	1.4251854722168262	1.9461534618933587
1998	03	09	0.078500909908	1.4168020282626097	1.6326115390363056
1998	03	10	0.015428048759599997	1.4000351403541764	2.3743035509522414
1998	03	11	1.29677824496	1.3748848084915264	1.4393190857623748
1998	03	12	0.195978268472	1.3497344766288766	1.2849365731485425
1998	03	13	5.025033146399999e-06	1.2826669249951437	1.856539773942121
1998	03	14	0.0354093094768	1.2407497052240606	1.754249361236804
1998	03	15	0.0	1.2407497052240606	2.2619084097349593
1998	03	16	0.0012212830135199999	1.2323662612698438	2.637069694939247
1998	03	17	0.0	1.1988324854529773	2.4617545176379285
1998	03	18	0.00041370620104	1.1736821535903272	2.4793968201460763
1998	03	19	0.00350666325996	1.1485318217276776	2.939258927009569
1998	03	20	0.0	1.1233814898650278	2.7179108018880482
1998	03	21	0.00081607810544	1.0982311580023778	2.6507784136530876
1998	03	22	0.013528726876399999	1.073080826139728	2.742489897947279
1998	03	23	0.801896505088	1.0395470503228614	2.2481974239485685
1998	03	24	0.00165066049032	1.006013274505995	2.8105623658731016
1998	03	25	0.00081696363302	0.9640960547349117	3.1482762486963587
1998	03	26	0.00391539848844	0.9305622789180455	3.009310384201449
1998	03	27	0.378825931896	0.9054119470553955	2.8915198266934516
1998	03	28	15.665592828400001	1.006013274505995	2.1378711411238775
1998	03	29	17.195878806	2.640784845578237	2.0935197680414945
1998	03	30	0.0012934822016799998	2.0958609885541564	2.6032870283130523
1998	03	31	14.909726795200001	2.0204099929662065	1.609464511060599
1998	04	01	15.1001549208	2.7833033927999193	1.8165057469382686
1998	04	02	16.500996134	7.2684459083058135	1.4724339966788922
1998	04	03	25.3761132284	11.40148377773461	1.906487883506338
1998	04	04	13.1400788192	10.311636063686448	1.425033760765038
1998	04	05	7.226227659240001	8.886450591469622	1.7851577094731905
1998	04	06	20.410381478	8.190624743269643	1.668256696492385
1998	04	07	2.6976344808	11.485318217276776	1.8760924317650944
1998	04	08	1.36971354248	6.2540491898456025	1.9412028385344717
1998	04	09	8.686463161599999	5.809726660272121	1.204998101099137
1998	04	10	5.5047402704	6.4720187326552345	1.5202505393760133
1998	04	11	3.8040071341200004	6.237282301937169	1.7110845499035259
1998	04	12	1.704304246	5.709125332821522	1.9164535759451313
1998	04	13	1.64170081668	4.971382264850458	1.9518777619478669
1998	04	14	16.012593944000002	6.6899882754648665	1.4941094966516861
1998	04	15	3.36886429136	7.997805532322659	1.8725671314909673
1998	04	16	21.064383553200003	11.233814898650277	1.651879060766214
1998	04	17	2.4777432500399996	10.898477140481612	1.8868236388018504
1998	04	18	1.20431484656	6.78220615896125	2.2053411443754323
1998	04	19	10.3574418676	6.161831306349219	2.067222496356268
1998	04	20	1.0482900878399999	6.597770391968484	2.5387766918899564
1998	04	21	0.0409312868004	5.164201475797441	3.1863230321281324
1998	04	22	8.8252714044	4.921081601125159	2.440533984657506
1998	04	23	0.70315672376	4.401308075963728	2.9296900148468326
1998	04	24	0.00670853037044	3.8983014387107313	3.7944511877204246
1998	04	25	0.11796954018400001	3.5629636805420657	3.1643768073803384
1998	04	26	5.1332760216	3.328227249824	2.0086043134877283
1998	04	27	1.2734981922000002	3.487512684954116	2.2894412356176708
1998	04	28	6.0980052416	3.4288285772745994	2.510422499573482
1998	04	29	13.2424790284	4.862397493445642	1.792558419809168
1998	04	30	12.166642172800001	5.004916040667325	1.6597325519497366
1998	05	01	2.5855665371999996	4.216872308970962	2.660047921993612
1998	05	02	0.17399898617600001	3.5126630168167665	2.6733098780371027
1998	05	03	2.9881698663200003	3.1605583707396674	2.4743837987345776
1998	05	04	0.093544429476	2.883904720250519	2.8582704085950423
1998	05	05	0.00041370620104	2.640784845578237	3.6564555006652566
1998	05	06	0.0056726477472	2.3976649709059545	3.9387012354344906
1998	05	07	0.238156441048	2.3138305313637884	3.6172025044809244
1998	05	08	1.732210226	2.238379535775839	3.37167466223038
1998	05	09	0.248326863408	2.1880788720505393	3.8769263356516346
1998	05	10	15.773840457599999	2.1796954280963226	3.3618941774987112
1998	05	11	4.3136027512	2.8419875004794357	2.9368843086760297
1998	05	12	3.0296538408	2.5821007378987204	3.055053969235755
1998	05	13	6.0518648192	3.0264232674722016	3.1690083946914465
1998	05	14	2.3842317848000003	2.900671608158952	3.466799047455969
1998	05	15	3.30044472336	2.5150331862649873	4.143347309771671
1998	05	16	2.2847638428	2.6659351774408866	4.000830580134604
1998	05	17	0.15185150736000003	3.6551815640384486	4.322151565688013
1998	05	18	0.37253608564	2.489882854402338	4.447784219083954
1998	05	19	2.45612766776	2.305447087409572	4.083981276875396
1998	05	20	1.35256681528	2.439582190677038	3.617243055762756
1998	05	21	0.8283087687799999	2.322213975318005	4.180585159580506
1998	05	22	0.14391806068399998	2.2802967555469222	4.246904228227082
1998	05	23	0.661895844992	2.08747754459994	3.831852201958175
1998	05	24	0.8860348318000001	2.909055052113169	3.7961610779502957
1998	05	25	0.26180249475999995	2.2970636434553553	3.9457880250285933
1998	05	26	0.00543111725924	1.944958997378257	3.754868232057286
1998	05	27	7.01459992636	1.8862748896987407	2.8722374312689873
1998	05	28	0.62335265688	2.0287934369204232	2.6758711497548657
1998	05	29	13.563138230000002	2.3892815269517382	2.4920651273935372
1998	05	30	8.96621039	2.8755212762963023	2.7091096921564572
1998	05	31	12.1171796552	3.8731511068480806	2.5622351794076947
1998	06	01	29.3950202736	5.709125332821522	3.0485809108599775
1998	06	02	2.98142327476	5.407321350469723	2.8922724315978
1998	06	03	0.00411577293284	4.2755564166504785	4.462458734043175
1998	06	04	0.28565069806	3.0348067114264183	4.196509582519669
1998	06	05	0.002129354632	2.7497696169830528	3.6878483432977145
1998	06	06	2.7382067331599997	2.5653338499902874	3.1062603726980114
1998	06	07	0.030566168173599997	2.5234166302192036	3.8101628498143305
1998	06	08	0.0016286266511200001	2.1964623160047556	5.0836478133880085
1998	06	09	0.187233713332	1.9281921094698233	4.579424719122879
1998	06	10	0.42453722022400003	1.8192073380650076	2.9551446549353444
1998	06	11	0.030804434850400002	1.8024404501565743	2.957090468677831
1998	06	12	0.00041370620104	1.7186060106144079	4.715570773306231
1998	06	13	0.040683676612	1.6180046831638086	4.481278382768756
1998	06	14	0.0274694097212	1.5760874633927255	3.111136531004756
1998	06	15	0.00261381889364	1.5090199117589924	4.051174228249072
1998	06	16	0.00081607810544	1.408418584308393	4.904955240165095
1998	06	17	0.0020458620316000002	1.3748848084915264	5.185414293923913
1998	06	18	0.00081041086204	1.3078172568577935	5.422222625531008
1998	06	19	0.0016400827452399999	1.2155993733614106	6.040704656416265
1998	06	20	0.00326196603752	1.1401483777734611	4.801143789131062
1998	06	21	0.062140846104	1.073080826139728	4.481529805066012
1998	06	22	0.0039804167596	1.0395470503228614	5.372740998337631
1998	06	23	0.00327767420432	0.9892463865975617	5.716399053794566
1998	06	24	0.30115106752000004	0.9389457228722621	4.1929160496998525
1998	06	25	0.004922213254080001	0.9137953910096122	4.083721936532684
1998	06	26	0.00201752619492	0.9054119470553955	5.229496649459316
1998	06	27	0.00137095775936	0.9054119470553955	5.021386939918879
1998	06	28	0.0034216354028	0.8886450591469622	5.628637545703801
1998	06	29	0.1176865478752	0.8215775075132292	6.071743945855776
1998	06	30	10.007157639599999	0.8048106196047959	5.312273112202589
1998	07	01	7.808100810400001	0.8802616151927456	3.053435189436744
1998	07	02	5.7136148667999995	0.9724794986891285	2.5613994559266495
1998	07	03	1.297207341	1.0395470503228614	3.3744590332980824
1998	07	04	0.0016280410534	1.006013274505995	5.09186867434013
1998	07	05	0.00121844915412	0.8970285031011789	5.864481356929885
1998	07	06	0.8986160075599999	0.8383443954216625	3.9366418706967603
1998	07	07	0.113302566908	0.7964271756505794	3.8453667087996863
1998	07	08	0.000804743656672	0.7964271756505794	5.443700774406415
1998	07	09	0.0008125085835559999	0.7545099558794962	5.58679633780086
1998	07	10	0.0	0.6958258481999798	5.6068839010162534
1998	07	11	0.0	0.6371417405204635	5.8766741346627205
1998	07	12	0.00121298823432	0.5952245207493804	6.057896469272037
1998	07	13	0.0440706952884	0.5700741888867306	4.0390457311594785
1998	07	14	0.00413069764044	0.5700741888867306	5.064425028369445
1998	07	15	0.000419373482472	0.5616907449325139	5.724610266818849
1998	07	16	0.00082741249716	0.536540413069864	6.215866744207373
1998	07	17	0.0037390557992800005	0.5113900812072141	6.454903283120682
1998	07	18	0.0	0.47785630539034757	6.450630024280814
1998	07	19	0.00122409766676	0.4359390856192645	5.245963038238582
1998	07	20	3.9907500540000003	0.4275556416650479	3.7221258710518774
1998	07	21	0.0507757283312	0.48623974934456426	3.9312615001556583
1998	07	22	0.29861663405600003	0.48623974934456426	4.581174043315863
1998	07	23	0.045672044057999996	0.48623974934456426	4.587739199291835
1998	07	24	0.00301326718312	0.47785630539034757	5.343744210695367
1998	07	25	0.00041370620104	0.41917219771083125	5.877977424314537
1998	07	26	0.00243857418832	0.3772549779397481	5.27858173431905
1998	07	27	0.017335395394799998	0.3604880900313149	4.842452517257724
1998	07	28	0.0008217453488399999	0.3437212021228816	6.058727657468416
1998	07	29	0.00408911250084	0.335337758168665	6.149169423284874
1998	07	30	0.00135837877044	0.31857087026023173	5.095604121778309
1998	07	31	0.002859015191	0.31018742630601515	4.395111032519926
1998	08	01	0.00154674746324	0.2850370944433653	3.8540112549982397
1998	08	02	0.000869766891008	0.24311987467228213	4.076916971055128
1998	08	03	0.0012131689814	0.2515033186264988	5.28854039792456
1998	08	04	0.0016264889674800001	0.23473643071806552	5.751278746552379
1998	08	05	0.00163369916912	0.23473643071806552	5.858524808403412
1998	08	06	0.00041370620104	0.23473643071806552	6.270200019406244
1998	08	07	0.00123025048372	0.23473643071806552	5.608497008777372
1998	08	08	0.0	0.23473643071806552	5.732340527848457
1998	08	09	0.00041091211360400005	0.21796954280963224	5.609246249360985
1998	08	10	0.19056681879600001	0.20120265490119899	5.810180703263618
1998	08	11	2.2146908336	0.19281921094698237	5.24688668532218
1998	08	12	0.7065797939199999	0.19281921094698237	4.890489758874483
1998	08	13	1.1383329396000001	0.18443576699276576	4.884903560262647
1998	08	14	1.46417105372	0.17605232303854912	4.472462489057941
1998	08	15	10.084292240399998	0.1676688790843325	4.221580832093245
1998	08	16	0.5977616466879999	0.20120265490119899	4.328234336713146
1998	08	17	4.4265986756	0.21796954280963224	4.069595202424377
1998	08	18	0.13308366616	0.20958609885541563	4.2445857699613105
1998	08	19	0.18225788218399996	0.19281921094698237	4.400247846896951
1998	08	20	0.0201677297116	0.19281921094698237	4.6990310740350605
1998	08	21	0.0	0.18443576699276576	5.041296954680255
1998	08	22	0.00123353901568	0.1676688790843325	5.091400036145863
1998	08	23	0.00173082167768	0.1676688790843325	5.154114252931271
1998	08	24	0.0	0.1676688790843325	5.306167572896834
1998	08	25	0.0	0.1676688790843325	5.318919371861354
1998	08	26	3.1967344068400005	0.18443576699276576	4.012780370474343
1998	08	27	5.64519111528	0.20120265490119899	3.632497385216087
1998	08	28	0.049057034677999996	0.22635298676384888	4.093182268104515
1998	08	29	0.0012751279584799998	0.23473643071806552	4.461785537422978
1998	08	30	0.12632988655199998	0.23473643071806552	4.54469280418701
1998	08	31	0.00041370620104	0.23473643071806552	4.0697980708657004
1998	09	01	0.049821691808	0.23473643071806552	3.857657291063564
1998	09	02	0.82260439664	0.23473643071806552	2.9184581636765614
1998	09	03	1.22033981992	0.23473643071806552	2.8963890635548557
1998	09	04	3.08996745848	0.23473643071806552	2.504762668631806
1998	09	05	0.0087515501756	0.2515033186264988	3.5487117334403546
1998	09	06	10.858116984	0.2850370944433653	3.1632989958907443
1998	09	07	0.9394704288360001	0.3772549779397481	2.369547120571363
1998	09	08	0.0008137082364400001	0.3772549779397481	3.7698716591652417
1998	09	09	0.471876924696	0.3437212021228816	3.22836391237672
1998	09	10	0.071678092712	0.32695431421444837	2.452324933448842
1998	09	11	3.3375891515600005	0.31018742630601515	2.0739086703379312
1998	09	12	0.125499096528	0.31018742630601515	2.654555022749813
1998	09	13	4.3632173968	0.31018742630601515	2.344437919322377
1998	09	14	1.4360213836800002	0.31018742630601515	2.795225887943362
1998	09	15	0.0006677611970799999	0.31018742630601515	3.4649546015604202
1998	09	16	0.00010527848997599999	0.31018742630601515	3.874156205622601
1998	09	17	0.00041370620104	0.3018039823517985	3.7042018057437014
1998	09	18	0.00081607810544	0.2850370944433653	3.585308357106494
1998	09	19	0.0118024881498	0.268270206534932	3.411863794069846
1998	09	20	0.031756184699599996	0.25988676258071536	3.481501135008249
1998	09	21	5.625217374439999	0.23473643071806552	2.9648147862075245
1998	09	22	11.644249833599998	0.24311987467228213	2.2604904134230495
1998	09	23	1.1296350212	0.25988676258071536	1.9224997631816034
1998	09	24	21.6392885764	0.2850370944433653	1.6088980811728562
1998	09	25	36.2830965784	0.7125927361084131	1.567935936825905
1998	09	26	20.8240070512	1.9030417776071737	1.410722370478823
1998	09	27	5.609803099920001	1.5006364678047759	1.6409315667601612
1998	09	28	14.981864942	1.6599219029348917	2.4289471051959253
1998	09	29	7.8321256248000015	1.4922530238505591	2.4567459783370116
1998	09	30	8.3223790224	1.34135103267466	1.3578864189298658
1998	10	01	2.55117581596	1.1066146019565946	1.3563825663411042
1998	10	02	0.454868691024	0.9808629426433451	1.7036098833075797
1998	10	03	3.7299085328	0.871878171238529	1.8738965757792296
1998	10	04	3.17024369264	0.8048106196047959	1.7265199402697864
1998	10	05	1.49558928892	0.9221788349638289	1.4931857559168615
1998	10	06	0.5333533042199999	0.8299609514674459	1.5157734999821335
1998	10	07	0.319202690096	0.7796602877421461	1.6673762662659086
1998	10	08	0.012633274845999999	0.7461265119252796	1.6086741298829417
1998	10	09	0.00085913755552	0.7125927361084131	1.8392537159424156
1998	10	10	0.6466956526000001	0.6874424042457632	1.6788514938297852
1998	10	11	0.0124299453152	0.6622920723831134	2.1282942188323455
1998	10	12	0.0246095972844	0.6455251844746801	2.32300308057981
1998	10	13	0.014880348025999999	0.6287582965662468	2.2417343805533525
1998	10	14	0.0016399876652399999	0.603607964703597	2.2409003724234418
1998	10	15	0.0016321556404	0.5868410767951636	2.123246311541585
1998	10	16	0.15451556338800002	0.5700741888867306	1.895628478831629
1998	10	17	9.406767373200001	0.5616907449325139	1.0362972814743923
1998	10	18	0.6539053313	0.5533073009782973	1.2516075935297908
1998	10	19	0.24912680948000002	0.5533073009782973	1.3449031909393716
1998	10	20	0.0011217496564800001	0.5449238570240806	1.875983557794644
1998	10	21	0.00081041086204	0.536540413069864	1.8145311915002817
1998	10	22	0.0	0.536540413069864	1.7474295009811673
1998	10	23	1.12347735516	0.5281569691156474	1.3856887924986787
1998	10	24	0.826752984248	0.5281569691156474	1.1000472083220416
1998	10	25	5.95071044324	0.5700741888867306	1.4345739029614513
1998	10	26	0.335302691084	0.6119914086578137	1.3666894122818716
1998	10	27	0.00162932187608	0.6119914086578137	1.7225331141821383
1998	10	28	0.0	0.5952245207493804	1.7072834815359268
1998	10	29	0.02651648088	0.5784576328409471	1.6706033151155375
1998	10	30	0.0	0.5533073009782973	1.6970032166120956
1998	10	31	0.107652913308	0.5281569691156474	1.5549003612725472
1998	11	01	2.38011890924	0.5700741888867306	1.2251511525747911
1998	11	02	14.2732726848	0.67067551633733	0.9846005030914171
1998	11	03	8.3033344984	0.8383443954216625	0.8786403499374545
1998	11	04	0.145454696104	0.8634947272843123	1.0753363024514835
1998	11	05	0.0	0.7712768437879295	1.2422222949997912
1998	11	06	0.00081041086204	0.7042092921541965	1.2293670666266305
1998	11	07	0.056141674620800004	0.6622920723831134	1.0912305918116711
1998	11	08	0.0166429610328	0.6622920723831134	1.4208903066202958
1998	11	09	3.05631874156	0.6539086284288967	1.1829269851870017
1998	11	10	1.1757629881200002	0.6455251844746801	1.1721806762690292
1998	11	11	1.06529191312	0.6371417405204635	1.1718118691136619
1998	11	12	0.227493171508	0.6203748526120303	1.1960019353020226
1998	11	13	4.49839035088	0.6371417405204635	1.2948726021456296
1998	11	14	0.08861817304	0.6874424042457632	0.9892605126736638
1998	11	15	0.0020433205432	0.6287582965662468	1.0682250006219725
1998	11	16	0.00041370620104	0.6119914086578137	1.1076461185807203
1998	11	17	0.0131133974696	0.6119914086578137	1.062103043816496
1998	11	18	0.0086188465442	0.6119914086578137	0.9289501157631681
1998	11	19	0.00080474371372	0.603607964703597	0.9950627375095367
1998	11	20	0.00086409398084	0.603607964703597	1.0463086852835703
1998	11	21	0.000419373482472	0.5952245207493804	0.9865033474361069
1998	11	22	1.12021554068	0.5868410767951636	0.9914938712784401
1998	11	23	0.53119612918	0.5784576328409471	0.8503412646327853
1998	11	24	0.00015605878785200002	0.5700741888867306	0.9147885258182803
1998	11	25	1.1562305135600002	0.5616907449325139	0.859026842860677
1998	11	26	0.003806109448	0.5616907449325139	0.8880916006171686
1998	11	27	0.0012297843064799998	0.5533073009782973	1.009182963775895
1998	11	28	0.320651671264	0.5449238570240806	0.9371255750005157
1998	11	29	0.833521168476	0.536540413069864	0.5897300226851402
1998	11	30	0.0447381863632	0.5281569691156474	0.6685830016987596
1998	12	01	0.399564410684	0.5616907449325139	0.5975537737648327
1998	12	02	0.000419373510996	0.5449238570240806	0.7329337894207026
1998	12	03	1.84185039688e-05	0.5281569691156474	0.711047190095254
1998	12	04	3.170822919999999e-05	0.5197735251614307	0.6355150971057368
1998	12	05	0.00244823431632	0.5113900812072141	0.7304938569995636
1998	12	06	0.00085745501984	0.5030066372529975	0.8042659219928099
1998	12	07	0.00122568540768	0.49462319329878085	0.7838069381654327
1998	12	08	0.0027294952183200003	0.48623974934456426	0.7746822380738837
1998	12	09	0.6844141738399999	0.49462319329878085	0.6888220306808853
1998	12	10	23.542175959599998	0.7125927361084131	0.5462501444891896
1998	12	11	14.557243366800002	1.1569152656818942	0.682157043940715
1998	12	12	0.7777114238399999	0.9976298305517783	0.8044822412372056
1998	12	13	0.0113695066656	0.8551112833300958	0.938298284359857
1998	12	14	0.009335893790399999	0.7545099558794962	0.9473216752053571
1998	12	15	0.0	0.7209761800626298	0.9506756245907567
1998	12	16	0.00121844915412	0.6790589602915467	0.8700115228173217
1998	12	17	0.00041370620104	0.6539086284288967	0.8681231391835944
1998	12	18	0.087989637192	0.6455251844746801	0.8102623722758318
1998	12	19	0.35723353012000003	0.6371417405204635	0.7927764793056495
1998	12	20	1.1241501412400001	0.6287582965662468	0.7697365957147811
1998	12	21	0.00041370620104	0.6203748526120303	0.7197087211397624
1998	12	22	0.002040359752	0.6119914086578137	0.7414585186562899
1998	12	23	0.00195106479952	0.603607964703597	0.6595677834523388
1998	12	24	0.0057114746159999995	0.5952245207493804	0.6226003291579515
1998	12	25	0.00041370620104	0.5868410767951636	0.7410468061080085
1998	12	26	0.00041370620104	0.5784576328409471	0.7769891619718291
1998	12	27	11.6080989914	0.5952245207493804	0.76324954321092
1998	12	28	4.616686034480001	0.8467278393758791	0.6183316592590367
1998	12	29	13.490052135600001	0.9473291668264785	0.6392120963152226
1998	12	30	2.70972637488	1.299433812903577	0.6510574316889248
1998	12	31	27.1869222872	1.3748848084915264	0.4688368291755898
1999	01	01	0.220344752852	1.3832682524457431	0.5377580067271176
1999	01	02	0.8014661159600001	1.4000351403541764	0.6141046970736782
1999	01	03	0.666702424232	1.8192073380650076	0.6030723769084412
1999	01	04	0.044960650744	1.894658333652957	0.8699261604820684
1999	01	05	0.00041370620104	1.6180046831638086	0.9670830746744642
1999	01	06	0.0	1.3497344766288766	0.9773009357019768
1999	01	07	0.43073099764800005	1.1820655975445442	0.8681454635201931
1999	01	08	2.970220759	1.1317649338192446	0.48121213425755055
1999	01	09	13.345413587200001	1.2910503689493602	0.6111316017901999
1999	01	10	0.060315381414	1.450335804079476	0.5340256167184242
1999	01	11	0.00081041086204	1.2826669249951437	0.6075054449282731
1999	01	12	0.0027652691634	1.1652987096361107	0.694409950492618
1999	01	13	0.053059104006	1.1317649338192446	0.6634722009297298
1999	01	14	0.0267634454752	1.2239828173156273	0.8491423369723552
1999	01	15	0.022767745556399998	1.2155993733614106	0.8627497889259609
1999	01	16	23.0807574736	1.768906674339708	0.5015986374452697
1999	01	17	4.206795584	3.8815345508022974	0.586068848933641
1999	01	18	0.32702752688799996	2.3138305313637884	0.7533543283630717
1999	01	19	2.4001477014	2.531800074173421	0.5792947126538752
1999	01	20	18.640300888000002	4.820480273674559	0.33028129837460246
1999	01	21	8.825581365200001	7.285212796214247	0.5658509967893187
1999	01	22	0.45060256552	4.107887537566147	0.8796898256466951
1999	01	23	0.0	2.8336040565252194	0.8868656454333744
1999	01	24	0.0083246376478	2.322213975318005	0.963396256667651
1999	01	25	0.0028743067172399997	2.1126278764625894	0.9850868203791965
1999	01	26	6.8229103744	2.0958609885541564	0.8653950594222807
1999	01	27	0.22412288025599997	2.3138305313637884	0.8049628979173065
1999	01	28	0.00041370620104	2.0287934369204232	1.2223286493690004
1999	01	29	0.00204586222176	1.768906674339708	1.2485767947446589
1999	01	30	0.00286140569236	1.634771571072242	1.1049930604754679
1999	01	31	0.00163928198148	1.5509371315300755	1.0799234871597658
1999	02	01	0.00162082134376	1.475486135942126	1.1419960415869181
1999	02	02	0.00122411715816	1.4168020282626097	1.1596654655766017
1999	02	03	0.0008189116796	1.3581179205830933	1.226042258006596
1999	02	04	0.00164289483132	1.3245841447662268	1.464033510529664
1999	02	05	0.0012297461794000002	1.2910503689493602	1.3911165195685367
1999	02	06	0.00081041086204	1.2575165931324936	1.2967766467039707
1999	02	07	0.018669153864800003	1.2407497052240606	1.1146636327088197
1999	02	08	0.004214958202	1.207215929407194	0.9659385437388489
1999	02	09	14.438245042	1.8778914457445242	1.0324189242563935
1999	02	10	0.253124381524	1.919808665515607	0.8730127540472087
1999	02	11	0.0249569387864	1.5509371315300755	0.9282093189926993
1999	02	12	0.7613318020800001	1.4251854722168262	0.9641765468686747
1999	02	13	0.000405205459544	1.3329675887204433	1.1490196593996607
1999	02	14	0.0	1.2659000370867104	1.1545872296691262
1999	02	15	0.00030791097028	1.2155993733614106	1.2513910708754599
1999	02	16	0.00165707173472	1.1820655975445442	1.2899943412035573
1999	02	17	0.0016309078104799998	1.1485318217276776	1.4573186590853686
1999	02	18	0.0020500611447199996	1.1233814898650278	1.5730258629960272
1999	02	19	0.00163107477096	1.1066146019565946	1.7145595112741674
1999	02	20	0.0370733150156	1.1066146019565946	1.5472991363626787
1999	02	21	0.40744809248799996	1.1066146019565946	1.1578461745274895
1999	02	22	0.396026189136	1.1066146019565946	1.187818165615168
1999	02	23	0.64282475564	1.0646973821855115	1.4061100311254036
1999	02	24	5.63207264244	1.1904490414987607	1.1805669515819404
1999	02	25	0.24346332174000002	1.2155993733614106	1.6106354419231699
1999	02	26	0.0267569220364	1.1233814898650278	1.7096509799594939
1999	02	27	3.3367875320800002	1.1485318217276776	1.0975761965927233
1999	02	28	0.00203671552576	1.1317649338192446	1.6272591303511188
1999	03	01	0.00124555284908	0.9976298305517783	1.8143088209046647
1999	03	02	0.203774153404	1.0227801624144282	1.7884596532343566
1999	03	03	6.94263577596	1.1569152656818942	1.1405359793742875
1999	03	04	7.614805357239999	1.3916516963999597	0.9247707331002619
1999	03	05	2.2988770426	1.4671026919879093	1.0258566802820943
1999	03	06	1.15528408724	1.3832682524457431	1.1779061452766226
1999	03	07	4.175043618	1.4168020282626097	1.157100789468448
1999	03	08	6.7931265644000005	2.422815302768605	1.1865448767735272
1999	03	09	15.530609654	2.456349078585471	1.0903850792442498
1999	03	10	13.41619209	4.870780937399858	1.4874431772498762
1999	03	11	2.2367608032	4.728262390178177	1.7476787259827595
1999	03	12	1.74742644888	2.8419875004794357	1.642175747714214
1999	03	13	0.43444671454	2.2467629797300557	1.9704556152057153
1999	03	14	0.0162171233844	1.9784927731951234	2.008997816069227
1999	03	15	0.16969992496	1.8359742259734408	2.1474319231546817
1999	03	16	0.0245372803872	1.7018391227059746	2.6230875898928563
1999	03	17	0.00081041086204	1.6515384589806752	2.345876610661712
1999	03	18	0.000818911736648	1.584470907346942	2.519666029257607
1999	03	19	0.00041370620104	1.5174033557132092	2.421796282347026
1999	03	20	0.00202372113232	1.4000351403541764	2.455388267531904
1999	03	21	0.00123810665888	1.3245841447662268	2.4201672225572635
1999	03	22	0.00245390108432	1.3078172568577935	2.5439088671556283
1999	03	23	0.00041370620104	1.299433812903577	2.935756378300657
1999	03	24	1.3479889034399999	1.2575165931324936	2.321907439822845
1999	03	25	10.410077204799999	1.3665013645373099	1.4415390482808115
1999	03	26	10.7243784068	1.5509371315300755	1.5164227425120196
1999	03	27	9.0109540872	1.9701093292409069	1.2732414403781938
1999	03	28	0.13813450592	2.0287934369204232	2.0273193727766516
1999	03	29	0.98609407632	1.7102225666601916	1.9962350023233433
1999	03	30	0.0033038412661999996	1.542553687575859	2.607979617790667
1999	03	31	1.9729473664399997	1.4419523601252595	2.590270034762261
1999	04	01	12.044167723200001	2.0707106566915066	1.6165376946889196
1999	04	02	1.6764486584	2.976122603746902	1.9148074627792182
1999	04	03	0.0608293144856	2.162928540187889	3.2984008334605113
1999	04	04	0.53560460846	1.8359742259734408	3.205306368340402
1999	04	05	0.07671285824719999	1.6180046831638086	3.45554302976385
1999	04	06	0.0192022360484	1.5006364678047759	3.4556896625161473
1999	04	07	0.000949077844484	1.4419523601252595	2.955937897994627
1999	04	08	0.00081041086204	1.3748848084915264	3.283261558579682
1999	04	09	0.00081607810544	1.3078172568577935	3.544517733308646
1999	04	10	0.0143212281844	1.2323662612698438	3.4149256447368015
1999	04	11	0.0008217452822840001	1.1736821535903272	3.0583491147764414
1999	04	12	0.547830489276	1.1485318217276776	2.795898013130124
1999	04	13	0.05645682583799999	1.1233814898650278	2.420633231659702
1999	04	14	4.626199549120001	1.1485318217276776	2.2003641390228683
1999	04	15	1.02034445948	1.3078172568577935	1.9900436836885051
1999	04	16	19.3803807888	1.584470907346942	1.8335341309201911
1999	04	17	3.1276708619999996	2.3138305313637884	2.0006954203241385
1999	04	18	8.756748199199999e-05	1.8443576699276578	2.872448873114089
1999	04	19	2.9872795372	1.5006364678047759	2.9517620789043
1999	04	20	15.847563588	1.894658333652957	1.6934606307515954
1999	04	21	12.8915206832	4.283939860604695	1.8201541120748848
1999	04	22	11.5337621196	4.501909403414327	1.9955661544444017
1999	04	23	1.76526687976	5.256419359293824	2.155642700827067
1999	04	24	0.007105994435399999	3.2276259223734005	3.328964900115548
1999	04	25	7.733168832880001	2.9425888279300354	2.3263933613002745
1999	04	26	11.2706034988	3.9318352145275974	1.83440152671406
1999	04	27	6.430100190200001	4.149804757337229	2.736949955432463
1999	04	28	1.44583763304	3.889917994756514	2.6936221313516806
1999	04	29	7.6967636516799995	3.403678245411949	2.675837279288944
1999	04	30	5.485669409240001	3.2108590344649675	2.7365858554433973
1999	05	01	4.3937618468	3.261159698190267	3.1918618148048283
1999	05	02	9.9917461224	3.0096563795637685	3.0537185711298243
1999	05	03	0.956292514884	2.68270206534932	3.3292774663216815
1999	05	04	11.8006431224	2.70785239721197	2.624457324681358
1999	05	05	2.3921248509999997	5.331870354881773	2.3147200489840953
1999	05	06	6.567639875639999	7.067243253404615	2.7833271982773056
1999	05	07	11.596266760799999	5.7510425525926046	2.3845822844993347
1999	05	08	0.295193487832	4.216872308970962	2.7006315316154215
1999	05	09	1.4056962832400002	3.445595465183033	3.498656122936804
1999	05	10	1.403040889	3.4958961289083326	3.0890260804830123
1999	05	11	0.18435769546	3.1857087026023176	3.1616669098713435
1999	05	12	0.037014593607599997	2.8336040565252194	3.7351625619225786
1999	05	13	1.6662545611200001	2.5737172939445037	3.5578534905306167
1999	05	14	12.805709081600002	4.267172972696262	2.8559006264681157
1999	05	15	8.9669890952	3.663565007992665	2.7199768157429673
1999	05	16	17.9673474672	6.824123378732333	2.1338977642421146
1999	05	17	8.338947663199999	5.21450213952274	2.586911614160412
1999	05	18	7.83594689	4.065970317795062	2.0864284954491623
1999	05	19	2.1275465907199997	3.8815345508022974	2.5472872087448954
1999	05	20	0.53509792714	3.3030769179613504	3.088882189807775
1999	05	21	0.00194006670576	2.9174384960673856	4.047931078697093
1999	05	22	0.00041370620104	2.68270206534932	4.654083361127436
1999	05	23	0.00105232081428	2.456349078585471	4.9420189170738995
1999	05	24	0.021584957012	2.590484181852937	4.795733544850078
1999	05	25	0.51715523772	5.306720023019124	5.1371469889285635
1999	05	26	0.802884272192	2.8755212762963023	4.53843513928957
1999	05	27	3.763128534	2.506649742310771	2.819715105828519
1999	05	28	0.5585843795640001	2.506649742310771	4.013891676037044
1999	05	29	1.4883015019999999	2.3305974192722214	3.528073102000238
1999	05	30	0.96188271496	2.162928540187889	3.2437561857721247
1999	05	31	0.8036240041	1.9784927731951234	5.005260227751556
1999	06	01	13.33135696	1.810823894110791	3.756201022285026
1999	06	02	1.49664657852	1.9114252215613903	2.7931400226018854
1999	06	03	2.7310474944	2.2719133115927055	3.057418541969922
1999	06	04	0.040625503815600005	2.129394764371023	4.427163886091722
1999	06	05	0.96554790634	1.9533424413324736	3.147366252542736
1999	06	06	1.63745093084	1.861124557836091	2.9580214054581604
1999	06	07	0.043254630304	1.7772901182939245	3.206404673081052
1999	06	08	0.000419373510996	1.7353728985228414	4.741347128261037
1999	06	09	0.0062698708988	1.584470907346942	4.7271009277996
1999	06	10	0.0090811402416	1.4671026919879093	5.016320709271654
1999	06	11	0.006549290101199999	1.4335689161710428	5.448414801405991
1999	06	12	0.0168620072876	1.3748848084915264	5.138955324974076
1999	06	13	0.0211717355288	1.3078172568577935	5.426194549256167
1999	06	14	0.2954843946	1.2323662612698438	5.045280097210735
1999	06	15	0.0006826875210400001	1.1904490414987607	5.4360547185349235
1999	06	16	0.0071094791174000005	1.0814642700939445	4.662570051439955
1999	06	17	0.0109826651284	1.031163606368645	4.628612152278431
1999	06	18	0.0024414763151600002	0.9557126107806951	5.6699110665438175
1999	06	19	0.00162082134376	0.8970285031011789	5.503109245471016
1999	06	20	0.0016321556404	0.8634947272843123	5.639571219251897
1999	06	21	0.0008154359351200001	0.8383443954216625	5.485929725146075
1999	06	22	0.0020529038465599996	0.8048106196047959	5.900962352224693
1999	06	23	0.016458706451599997	0.7712768437879295	5.538778715512198
1999	06	24	1.54356589628	0.7461265119252796	5.282126633387675
1999	06	25	0.102300384708	0.7461265119252796	3.942626609405326
1999	06	26	1.00702251544	0.7461265119252796	3.3875054222155994
1999	06	27	1.631109285	0.7545099558794962	3.265793517481947
1999	06	28	0.00041370620104	0.7796602877421461	5.362605957196165
1999	06	29	0.0320070437716	0.7712768437879295	4.437940272732243
1999	06	30	0.00081607810544	0.7293596240168464	6.198557460646627
1999	07	01	1.33965732828	0.7042092921541965	6.412225922898659
1999	07	02	0.026804149223200003	0.6874424042457632	4.963271544421052
1999	07	03	1.9754464491600001	0.67067551633733	3.8632176144379553
1999	07	04	6.7893033976	0.6874424042457632	3.379223203197326
1999	07	05	1.7344350979999998	0.7293596240168464	3.1711947653200645
1999	07	06	0.00522813011152	0.7209761800626298	4.80617236806654
1999	07	07	0.0	0.67067551633733	6.153054832211662
1999	07	08	0.0008189116796	0.5952245207493804	6.701765562242084
1999	07	09	0.00163215554532	0.5113900812072141	6.16007901437434
1999	07	10	0.163384825456	0.4443225295734811	5.999489136364886
1999	07	11	0.430006202808	0.4359390856192645	5.295234535615635
1999	07	12	0.57799493304	0.45270597352769776	4.352521111053576
1999	07	13	0.0041202160212400005	0.46947286143613104	4.637382381595825
1999	07	14	0.00082741249716	0.4275556416650479	6.145236661163698
1999	07	15	0.00041370620104	0.3772549779397481	6.106157568824572
1999	07	16	0.0	0.3604880900313149	5.978523174925418
1999	07	17	0.024412151304000002	0.35210464607709824	5.162510149344606
1999	07	18	0.0019063904156399998	0.3437212021228816	5.02498419983925
1999	07	19	0.0036253636040400002	0.32695431421444837	4.953411228963034
1999	07	20	0.0011657328087599998	0.31018742630601515	5.317256982310878
1999	07	21	0.00210745114748	0.2934205383975818	6.359843073485829
1999	07	22	0.00081607810544	0.27665365048914864	6.394443043299691
1999	07	23	0.00081041086204	0.25988676258071536	6.236338221762512
1999	07	24	0.0079523599896	0.2515033186264988	5.713950407613996
1999	07	25	0.188526611172	0.24311987467228213	4.736526392403721
1999	07	26	5.6825945414	0.23473643071806552	4.469539690713799
1999	07	27	2.305209846	0.22635298676384888	3.8419780656281746
1999	07	28	0.28691511944000003	0.21796954280963224	4.832717039253094
1999	07	29	0.308324815488	0.20958609885541563	4.712045264082802
1999	07	30	0.0111756566108	0.19281921094698237	4.762520042535716
1999	07	31	0.035186792801999996	0.17605232303854912	4.758780003343241
1999	08	01	0.00124763681252	0.18443576699276576	4.758133219775792
1999	08	02	0.164147994584	0.17605232303854912	4.346109295508841
1999	08	03	2.5967636333999997	0.1676688790843325	3.986799561863114
1999	08	04	14.8214916044	0.23473643071806552	3.094591408282993
1999	08	05	0.6336398945280001	0.2934205383975818	4.0680885011953185
1999	08	06	19.9832212668	0.3772549779397481	3.4275715220041176
1999	08	07	18.1476524252	0.67067551633733	2.9875642039059502
1999	08	08	11.405096060400002	1.0227801624144282	2.473683864508983
1999	08	09	3.4487612513999997	1.2323662612698438	2.8191085632441455
1999	08	10	0.080075672408	0.8802616151927456	3.5054750028039816
1999	08	11	0.0009546455106000001	0.6455251844746801	4.256608377163874
1999	08	12	0.0137770710824	0.5449238570240806	3.84322792427745
1999	08	13	0.0018284197764	0.46947286143613104	4.789416026011807
1999	08	14	0.0040613982972	0.4275556416650479	5.036083743144247
1999	08	15	0.0144808038008	0.38563842189396474	4.729501474048743
1999	08	16	0.336157593396	0.35210464607709824	3.2162115451176616
1999	08	17	0.25678959192	0.31857087026023173	3.275415770868069
1999	08	18	0.53094915888	0.2934205383975818	3.5578521921085433
1999	08	19	0.00122662917176	0.2850370944433653	3.9136278004725087
1999	08	20	0.00122410118472	0.2850370944433653	4.515617032317483
1999	08	21	0.00426010722524	0.268270206534932	4.426782110801641
1999	08	22	0.027487575705999998	0.2515033186264988	4.136020321327387
1999	08	23	0.000405205459544	0.23473643071806552	4.774765824591551
1999	08	24	0.145401498844	0.22635298676384888	4.375266717881581
1999	08	25	1.3995024868000001	0.21796954280963224	3.2760549032811874
1999	08	26	0.031919069099999996	0.20958609885541563	3.4353077717694727
1999	08	27	0.0138729668688	0.20958609885541563	3.974342074940403
1999	08	28	0.002127453032	0.20958609885541563	3.971834844306843
1999	08	29	0.0018947434959599998	0.20958609885541563	4.230399637507797
1999	08	30	0.0444428526704	0.20958609885541563	4.34136915847003
1999	08	31	0.066032327884	0.19281921094698237	4.534071125927168
1999	09	01	12.3057270984	0.19281921094698237	3.844689917674783
1999	09	02	7.498832858359999	0.20958609885541563	3.022309922287915
1999	09	03	1.9304372886	0.22635298676384888	3.560774165735846
1999	09	04	0.088881905944	0.22635298676384888	3.892384777494034
1999	09	05	4.6412294152	0.24311987467228213	2.845782160807198
1999	09	06	1.8999051039200001	0.2515033186264988	3.2600968317803174
1999	09	07	0.017166655968000002	0.24311987467228213	3.5419383893284437
1999	09	08	0.056349875099999995	0.23473643071806552	3.4881024037997235
1999	09	09	0.0	0.21796954280963224	4.040606974032507
1999	09	10	0.017634822281599998	0.20958609885541563	3.6901571807882876
1999	09	11	0.000548292673156	0.20958609885541563	3.727235660688917
1999	09	12	0.24677325620799997	0.20958609885541563	3.1727817687684414
1999	09	13	0.40048894007999997	0.20120265490119899	2.0334232917537984
1999	09	14	0.0030706052722	0.20120265490119899	3.146143195030122
1999	09	15	0.0	0.19281921094698237	3.0840227060800247
1999	09	16	6.7483400812	0.17605232303854912	2.6720768469471925
1999	09	17	1.3145356709999998	0.20958609885541563	1.9986213886897986
1999	09	18	28.393514109599998	0.32695431421444837	1.3089694617828393
1999	09	19	18.663025007999998	1.8862748896987407	1.487942279038871
1999	09	20	11.184298432000002	1.5174033557132092	1.7246930824321827
1999	09	21	41.850312966	2.03717688087464	1.3276495001306252
1999	09	22	23.3875426016	13.162007008120101	1.4940474031499815
1999	09	23	5.3089030436	4.870780937399858	1.6872468731429873
1999	09	24	4.70780956552	3.168941814693884	1.6541658951477265
1999	09	25	5.82577627404	3.462362353091466	1.6745308620472925
1999	09	26	0.942051470516	3.2946934740071336	1.6826557366078878
1999	09	27	3.27156930768	2.5653338499902874	1.9328055708410787
1999	09	28	0.00303872675472	2.0539437687830735	2.5469002181716958
1999	09	29	9.715772619200001	1.6683053468891083	2.285044972847923
1999	09	30	2.27459845968	2.1964623160047556	1.816062206200809
1999	10	01	0.009442356768000001	1.9114252215613903	2.2335783976525674
1999	10	02	0.93877171444	1.5593205754842923	1.8426772052703393
1999	10	03	0.20978373234400002	1.4671026919879093	1.74000166243586
1999	10	04	0.00041370620104	1.31620070081201	2.1746939534283745
1999	10	05	2.85426518436	1.1820655975445442	2.0149678695573496
1999	10	06	0.00082609668504	1.114998045910811	2.0461710157650894
1999	10	07	0.000405205459544	1.0646973821855115	2.1810708000373924
1999	10	08	0.00040973128656	1.0227801624144282	2.334054618850166
1999	10	09	0.0	0.9724794986891285	2.29364903364419
1999	10	10	0.00115863052292	0.9054119470553955	2.33622113092115
1999	10	11	0.62495218772	0.8383443954216625	2.1852882116924595
1999	10	12	25.479653446799997	0.8634947272843123	1.0901843458399296
1999	10	13	6.323685798480001	1.031163606368645	1.3626837190175525
1999	10	14	0.80639173536	0.9892463865975617	1.5492136697898578
1999	10	15	0.130194736424	0.8970285031011789	1.8700015923766298
1999	10	16	14.13782552	0.9892463865975617	1.394688552722596
1999	10	17	5.7433758576	1.1652987096361107	1.3845033608444113
1999	10	18	1.902921612	1.031163606368645	1.3387540608160258
1999	10	19	34.5459849784	1.1820655975445442	0.901209626488058
1999	10	20	16.5907155236	6.145064418440786	0.9676007250437525
1999	10	21	30.618175982800004	10.646973821855113	1.2109197538195209
1999	10	22	33.143167052	21.04244432508373	0.8702423304375353
1999	10	23	54.004213467999996	31.857087026023173	0.9211243031338927
1999	10	24	22.5526584328	37.30632559626398	0.8573005982909792
1999	10	25	3.82346411516	19.533424413324735	1.0738795565095516
1999	10	26	2.3008245662399998	10.143967184602117	1.5651206896906673
1999	10	27	0.6335548835	7.494798895069662	1.4267685392515732
1999	10	28	1.39668726308	7.042092921541965	1.7339941890787547
1999	10	29	7.19796037524	6.497169064517884	1.3363792415322975
1999	10	30	7.475571251119999	7.570249890657612	0.7791485468449113
1999	10	31	9.8893335528	9.13795391009612	0.8185126469398822
1999	11	01	16.363691106	19.533424413324735	0.9811048002420211
1999	11	02	5.4578268476	13.4135103267466	1.292729903708432
1999	11	03	0.0024536230704	7.821753209284111	1.3141384979191189
1999	11	04	0.00041370620104	6.3295001854335515	1.4426907358175893
1999	11	05	0.6961112006800001	5.4995392339661056	1.2734440938947997
1999	11	06	0.82950387684	4.879164381354076	0.983914558193535
1999	11	07	0.010664319223199999	4.459992183643244	1.4591543598306924
1999	11	08	0.00081041086204	4.040819985932413	1.5059938872750391
1999	11	09	0.00164313281656	3.722249115672182	1.3046170777937802
1999	11	10	0.00121278238612	3.5210464607709824	1.2570062199910306
1999	11	11	0.00116494307428	3.3114603619155667	1.0713359157318394
1999	11	12	0.00143819795504	3.152174926785451	0.8851220958854005
1999	11	13	0.5315122226400001	3.018039823517985	0.8578219860899846
1999	11	14	1.56454786544	3.018039823517985	0.9712003261539746
1999	11	15	0.051739683599999996	2.8419875004794357	1.0190096140414748
1999	11	16	0.0693555107992	2.640784845578237	0.9434844594472119
1999	11	17	0.005809432687599999	2.4982662983565542	0.9150954461848714
1999	11	18	0.167844647936	2.3641311950890884	0.8619505869598969
1999	11	19	0.286363008896	2.3473643071806545	1.0009238859994214
1999	11	20	0.0112016058444	2.255146423684272	0.7797888408173467
1999	11	21	0.231324943048	2.129394764371023	0.6674625814412489
1999	11	22	0.0054668860699999995	2.06232721273729	0.7864092099525765
1999	11	23	0.000419373482472	2.0204099929662065	0.8788290186286998
1999	11	24	0.00081041086204	1.9533424413324736	0.8345595127242622
1999	11	25	0.00041370620104	1.8862748896987407	0.8933940427573026
1999	11	26	0.0	1.8192073380650076	0.8879022398329686
1999	11	27	0.00137555364132	1.810823894110791	0.9557768026798867
1999	11	28	0.08658469708	1.785673562248141	0.9027201193505986
1999	11	29	14.4463168586	2.0539437687830735	0.560503468613904
1999	11	30	0.00171930159472	2.456349078585471	1.0249033703479649
1999	12	01	0.00041370620104	1.9365755534240403	0.8936000574220854
1999	12	02	0.0012241166827600001	1.7772901182939245	0.8989164347771744
1999	12	03	0.00040237180932	1.7353728985228414	0.9374652772070846
1999	12	04	0.0051564788694	1.6683053468891083	0.8456320958108438
1999	12	05	0.0031819079168799998	1.5677040194385088	0.8233142689636298
1999	12	06	0.0020393167244	1.584470907346942	0.8489626619883267
1999	12	07	0.0012212830135199999	1.584470907346942	0.7954930214227269
1999	12	08	0.28415532736	1.5174033557132092	0.806534067252011
1999	12	09	11.4385670728	1.9701093292409069	0.6179909632867587
1999	12	10	1.4918151834	2.129394764371023	0.6896081811481592
1999	12	11	4.47153947364	1.9952596611035567	0.5738725387952047
1999	12	12	8.686134184799998	4.07435376174928	0.723750369400669
1999	12	13	12.065106240799999	3.076723931197501	0.8392365069533686
1999	12	14	38.4438266596	12.239828173156273	0.8654222348035627
1999	12	15	0.26135086476	10.479304942770781	0.5193765966730856
1999	12	16	0.0174000526472	4.812096829720343	0.5754426291198458
1999	12	17	0.0020288594456800003	3.8060835552143475	0.6593864189279706
1999	12	18	0.0113876964204	3.395294801457733	0.711676560760047
1999	12	19	1.2158411097200001	3.177325258648101	0.6936561071861068
1999	12	20	0.010672964847599999	2.9845060477011183	0.6323695227515209
1999	12	21	0.35029340321999997	2.8503709444336525	0.8150875021484577
1999	12	22	2.1325146158	3.3030769179613504	0.44291957659933323
1999	12	23	1.21959154032	3.529429904725199	0.6583041772883907
1999	12	24	1.74269032392	3.0515735993348514	0.5870744866743838
1999	12	25	9.5149132668	4.17495508919988	0.6335695785450346
1999	12	26	6.9625334528	5.9690120954022365	0.4663764387881881
1999	12	27	14.8825358168	5.943861763539587	0.7865497523841013
1999	12	28	9.3373190396	6.7570558270986	0.5492871889509917
1999	12	29	14.641887385999999	10.814642700939446	0.729904911548049
1999	12	30	0.00041370620104	6.849273710594982	0.7195476708685155
1999	12	31	0.00041370620104	4.870780937399858	0.7568345438891009
2000	01	01	0.0	4.183338533154096	0.7358271012778902
2000	01	02	0.0016331111944000002	3.7641663354432646	0.7250322028654801
2000	01	03	0.0137644634744	3.5126630168167665	0.7576004686666188
2000	01	04	0.0272781458424	3.3701444695950826	0.6912136111891676
2000	01	05	0.067024226214	3.2276259223734005	0.5870145905497801
2000	01	06	0.1116386326792	3.1605583707396674	0.6890796320505648
2000	01	07	0.00082741249716	2.976122603746902	0.7689849532992848
2000	01	08	1.9714375911200002	2.858754388387869	0.755930715529647
2000	01	09	0.5272514026	2.9425888279300354	0.744701797263017
2000	01	10	0.0	2.699468953257753	0.6913536362310532
2000	01	11	0.0	2.548566962081854	0.667423614601036
2000	01	12	0.006892788469600001	2.4479656346312546	0.7425219021918682
2000	01	13	11.2588306932	2.7413861730288365	0.5165268986605974
2000	01	14	10.8024352836	3.0264232674722016	0.3789012525708448
2000	01	15	0.1014650974	2.8252206125710027	0.601557246048925
2000	01	16	0.0008717179706400001	2.6743186213951033	0.6536422114986384
2000	01	17	0.00081041086204	2.640784845578237	0.6462010703825418
2000	01	18	0.000810410919088	2.506649742310771	0.7065720995337108
2000	01	19	0.00081041086204	2.422815302768605	0.7873420221493367
2000	01	20	0.0	2.4060484148601713	0.7493626700577132
2000	01	21	0.00162648811176	2.2886801995011385	0.8882778380610036
2000	01	22	0.00284655258	2.1964623160047556	0.8327410599729475
2000	01	23	0.00163089050592	2.129394764371023	0.8063325730349792
2000	01	24	0.00123208048848	2.0707106566915066	0.7394265535957156
2000	01	25	0.00130997107036	2.03717688087464	0.6722556823853635
2000	01	26	0.017785512671999997	2.0036431050577734	0.7040218990553978
2000	01	27	0.09761780880399999	1.9617258852866901	0.8880330726559137
2000	01	28	0.114292929696	2.0287934369204232	0.8429812514998805
2000	01	29	0.0204144062144	2.03717688087464	0.915108165364497
2000	01	30	0.00121776191588	2.0204099929662065	1.3640712704253686
2000	01	31	0.000810410919088	1.9617258852866901	1.2197937297926194
2000	02	01	11.736682806400001	3.487512684954116	1.016536546755165
2000	02	02	1.05360886304	4.233639196879396	1.01083355287029
2000	02	03	0.00635189964752	2.925821940021602	1.3235100645095828
2000	02	04	0.00041370620104	2.4647325225396877	1.3055385146078051
2000	02	05	0.0044964995899999995	2.238379535775839	1.2562704402977776
2000	02	06	0.61803502264	2.171311984142106	1.0872460790286846
2000	02	07	0.47441371614399996	2.1042444325083727	0.78218940866027
2000	02	08	1.474750225	2.0455603248288563	0.8217860613594917
2000	02	09	0.582981536752	2.1377782083252392	1.0888450066799662
2000	02	10	2.28263937528	2.1796954280963226	0.8873133221500399
2000	02	11	1.4595741258800001	2.1126278764625894	0.7686785041907861
2000	02	12	0.024270738820000002	2.0036431050577734	1.2528776784371398
2000	02	13	0.000916206216404	1.8862748896987407	1.3583829580251603
2000	02	14	0.0022544599452	1.810823894110791	1.2783805317133714
2000	02	15	0.0165630558008	1.7940570062023578	1.5648007003193207
2000	02	16	1.28893994484	1.7353728985228414	0.7741000723195341
2000	02	17	0.7909381928	1.7353728985228414	1.07018136109664
2000	02	18	0.016952988388799998	1.7186060106144079	1.5089181599045143
2000	02	19	0.0051253197272	1.634771571072242	1.5779769203586653
2000	02	20	0.0	1.5760874633927255	1.6896267437396784
2000	02	21	0.000405205459544	1.5090199117589924	1.7290486172803676
2000	02	22	0.51798718772	1.4838695798963426	1.2492390628479888
2000	02	23	0.46636920651999997	1.5006364678047759	1.4997034971534802
2000	02	24	0.000292375307124	1.4335689161710428	1.863130391659945
2000	02	25	0.0012212830135199999	1.4000351403541764	1.9528895700348095
2000	02	26	0.0015426309746400001	1.3748848084915264	1.8055898120391876
2000	02	27	0.0428046613516	1.3748848084915264	1.9155896775203871
2000	02	28	0.57577700188	1.3329675887204433	1.2662751567338772
2000	02	29	0.134654568412	1.2910503689493602	1.2661680719188786
2000	03	01	0.874578328836	1.2826669249951437	1.557657564702539
2000	03	02	0.00041370620104	1.2407497052240606	1.905299211140991
2000	03	03	0.00121844915412	1.2407497052240606	1.799640442147257
2000	03	04	0.00163215554532	1.1988324854529773	1.9419241124015127
2000	03	05	0.00041370624858	1.1485318217276776	2.161588226959563
2000	03	06	0.000810410919088	1.114998045910811	2.1509103173979187
2000	03	07	0.0013606867423600001	1.1066146019565946	2.080299560755299
2000	03	08	0.00041370620104	1.0898477140481613	2.379508295729846
2000	03	09	0.0	1.0395470503228614	2.460250193504087
2000	03	10	0.00121844915412	1.0395470503228614	2.49412208784642
2000	03	11	0.103922710978	0.9724794986891285	2.7298856945420806
2000	03	12	3.0888116660000002	0.9724794986891285	2.02070095769383
2000	03	13	0.158747317472	0.9724794986891285	2.3318782651544145
2000	03	14	0.00041370620104	0.9137953910096122	2.563848520261562
2000	03	15	0.0016264889674800001	0.9054119470553955	2.5508441381175677
2000	03	16	0.0	0.871878171238529	2.8487238961385972
2000	03	17	0.00122786806416	0.8467278393758791	2.7673636147233447
2000	03	18	0.0	0.8383443954216625	2.8967090949052547
2000	03	19	0.0	0.8383443954216625	2.558155364717995
2000	03	20	0.6812410024440001	0.8048106196047959	2.342145281151879
2000	03	21	12.472200768799999	0.8048106196047959	2.0575991231515385
2000	03	22	8.761911994	1.1066146019565946	1.90154607064232
2000	03	23	4.7315316452	1.0898477140481613	1.6588079837996639
2000	03	24	5.42563618248	1.006013274505995	1.8689865433942447
2000	03	25	1.15568703628	1.0563139382312947	1.625837893270964
2000	03	26	0.027371940360800002	1.0143967184602116	2.1055127849582065
2000	03	27	0.81391018636	0.9221788349638289	1.9956330281565073
2000	03	28	0.323418356644	0.9054119470553955	1.7814350241979127
2000	03	29	0.84920540364	0.8467278393758791	2.0558322369519146
2000	03	30	1.7032291764399998	0.8383443954216625	1.920664777932677
2000	03	31	0.00092538330948	0.8383443954216625	2.188289948672505
2000	04	01	3.8797835171200004	0.7964271756505794	2.291162886783476
2000	04	02	21.3347749096	1.2323662612698438	1.7278584928584138
2000	04	03	14.390824842799999	2.171311984142106	1.2804813892981681
2000	04	04	4.8639866424	2.238379535775839	1.5903944203020237
2000	04	05	0.770711662764	1.7353728985228414	1.8130093809483567
2000	04	06	0.00041370624858	1.408418584308393	2.691019082366211
2000	04	07	0.00121844915412	1.2239828173156273	3.2948558432199566
2000	04	08	13.553064504	1.1904490414987607	2.169037703483557
2000	04	09	4.7469355559999995	1.34135103267466	2.2737037774065896
2000	04	10	3.6597744822399996	1.2323662612698438	1.92147405269189
2000	04	11	1.809186994	1.1652987096361107	1.8337694680716923
2000	04	12	10.347385256	1.2323662612698438	1.2634835129985498
2000	04	13	28.520486794	2.724619285120403	1.4754085447533416
2000	04	14	16.999006158	8.802616151927456	1.5107543964837844
2000	04	15	9.287595052	5.960628651448021	1.8227908047452275
2000	04	16	6.636403348	5.382171018607073	1.8350061329096252
2000	04	17	11.319093347999999	5.189351807660091	1.9921282086423708
2000	04	18	27.692124162400003	12.910503689493602	1.7237136536321422
2000	04	19	11.176809931200001	13.078172568577935	2.054600849733768
2000	04	20	19.957303409599998	15.509371315300756	1.9147364264103033
2000	04	21	10.0364346732	9.724794986891284	2.1095276535998955
2000	04	22	11.1613803488	12.575165931324937	1.6771132162795186
2000	04	23	5.43455829952	9.557126107806953	1.9837305503617977
2000	04	24	11.6100695244	9.13795391009612	1.79227744615942
2000	04	25	12.806595227199999	14.33568916171043	2.0312652187650087
2000	04	26	4.3184542082	9.976298305517783	2.1847950134304215
2000	04	27	2.65194930144	7.612167110428695	2.2456324827877028
2000	04	28	6.76400793408	6.086380310761269	2.068542919808803
2000	04	29	17.9169474608	8.467278393758791	1.7413886968580208
2000	04	30	9.776843454	7.696001549970862	2.790159229590807
2000	05	01	3.72025829312	5.952245207493804	2.646942461063497
2000	05	02	1.07595789244	5.876794211905854	3.184212738651154
2000	05	03	9.744910835999999	5.055216704392625	3.7806256634221995
2000	05	04	8.7212957196	6.2540491898456025	3.0676032551105465
2000	05	05	10.0175346708	5.658824669096222	2.7162795951678786
2000	05	06	5.28065734276	5.030066372529975	3.253491585608613
2000	05	07	8.0427763156	4.317473636421562	3.1060335972108817
2000	05	08	9.7356082088	4.149804757337229	2.975140581071516
2000	05	09	8.7934985208	3.9905193222071134	2.9422602730080065
2000	05	10	8.585766785999999	4.292323304558912	2.937132648202711
2000	05	11	6.2272636492	4.5605935110938445	2.481130860058403
2000	05	12	1.03155543736	3.730632559626398	3.688576298454507
2000	05	13	0.0040537477800800005	3.2946934740071336	4.027279189684066
2000	05	14	0.054174164214	3.018039823517985	4.027011032885994
2000	05	15	0.9946457616800001	2.8252206125710027	4.4232280553973
2000	05	16	1.8317917886000001	2.6575517334866703	3.728615715436546
2000	05	17	0.0067991955208	2.489882854402338	3.970081456070737
2000	05	18	0.00241770032512	2.3305974192722214	4.446128242076923
2000	05	19	0.00121844915412	2.1880788720505393	4.554043815310956
2000	05	20	4.0595779906	2.1126278764625894	4.4289518327906645
2000	05	21	9.7947527228	2.8252206125710027	3.5564527543969953
2000	05	22	1.15288179596	2.909055052113169	2.9796416233281944
2000	05	23	6.647181616799999	2.4731159664939044	3.6437589841900864
2000	05	24	0.111402773428	2.322213975318005	3.538613734189259
2000	05	25	3.01961634028	2.171311984142106	2.149864262515311
2000	05	26	5.784399359640001	2.162928540187889	3.156960445694221
2000	05	27	0.0469151085684	2.1964623160047556	3.4887752642598353
2000	05	28	2.1117886020000003	2.1210113204168057	2.9209200937030073
2000	05	29	1.62115279264	2.1796954280963226	3.320784345863472
2000	05	30	0.0219891363872	1.9952596611035567	4.4646987191388625
2000	05	31	1.0050066292799999e-05	1.810823894110791	5.426792942176823
2000	06	01	1.08915176372	1.7018391227059746	4.8728433387496075
2000	06	02	0.473768921616	1.584470907346942	4.819112423509052
2000	06	03	0.06583906257120001	1.4838695798963426	4.8965546323360405
2000	06	04	0.312968408592	1.408418584308393	4.105853521689146
2000	06	05	0.0536034826444	1.3748848084915264	3.390248800813697
2000	06	06	0.0016264889674800001	1.3245841447662268	4.837833726453815
2000	06	07	0.0	1.2659000370867104	5.239331136481128
2000	06	08	0.053149054439999996	1.1736821535903272	4.732631197537066
2000	06	09	3.5669162166	1.2239828173156273	2.356617667243879
2000	06	10	0.048022051796800004	1.3078172568577935	3.298397757067024
2000	06	11	0.28961577176	1.2575165931324936	3.720201247155503
2000	06	12	0.0016363029349200002	1.1736821535903272	5.6482528608762195
2000	06	13	0.0016321556404	1.0646973821855115	5.77027210440655
2000	06	14	0.0	0.9976298305517783	5.977807752598395
2000	06	15	0.00042251838658400004	0.9221788349638289	6.134154670469114
2000	06	16	0.00081607810544	0.8467278393758791	5.468685294133594
2000	06	17	0.0	0.8383443954216625	6.200508549722057
2000	06	18	0.0008125359951199999	0.7964271756505794	5.386207896952707
2000	06	19	1.0349966678	0.7545099558794962	4.549043329080376
2000	06	20	0.32482403837999996	0.7712768437879295	3.6211260934962315
2000	06	21	0.62847518696	0.7880437316963628	4.141183714502302
2000	06	22	0.00348139204184	0.7796602877421461	5.015984612108889
2000	06	23	0.0	0.737743067971063	5.640145793827981
2000	06	24	0.00163498940472	0.7042092921541965	6.268281280479401
2000	06	25	0.00122069560928	0.67067551633733	6.815956619258053
2000	06	26	0.017960052929600002	0.6455251844746801	5.238065508320074
2000	06	27	1.5696856083200001	0.6203748526120303	3.503543244230775
2000	06	28	0.00500439451112	0.6455251844746801	4.7927132542585555
2000	06	29	0.0016793258742800001	0.6622920723831134	4.8322392854933645
2000	06	30	0.80978599628	0.6287582965662468	4.706538241265321
2000	07	01	0.072188995584	0.6119914086578137	3.781236943270154
2000	07	02	2.63034522384	0.6203748526120303	3.2927365421701076
2000	07	03	18.9697692516	0.7712768437879295	2.5742677440099757
2000	07	04	0.289202706208	0.871878171238529	3.2432326736640076
2000	07	05	0.00129969482396	0.7628933998337128	4.897686247957572
2000	07	06	0.8885786972	0.7125927361084131	4.031192962007143
2000	07	07	0.42355677428000005	0.7042092921541965	3.7028769900585305
2000	07	08	0.00044028562488	0.6958258481999798	4.93796858237447
2000	07	09	0.017109429217600003	0.6455251844746801	5.372209991097395
2000	07	10	5.70911530088	0.6455251844746801	2.8744970922970894
2000	07	11	0.0537452117448	0.6539086284288967	3.586334692134632
2000	07	12	0.0028538744055600002	0.603607964703597	5.275581640403124
2000	07	13	0.00081607810544	0.5700741888867306	5.712749527498296
2000	07	14	0.00285060555516	0.5281569691156474	5.50675715688791
2000	07	15	0.000810410919088	0.48623974934456426	5.665099774371555
2000	07	16	0.0012241168729199999	0.4359390856192645	5.860451546416465
2000	07	17	0.357945793416	0.3940218658481814	5.775584908733822
2000	07	18	0.00422203624244	0.3940218658481814	4.863244076652755
2000	07	19	0.0290023398736	0.3772549779397481	5.369252555243498
2000	07	20	0.015882524504	0.3688715339855315	5.517167702011392
2000	07	21	0.050414952975999995	0.3437212021228816	5.912249395832117
2000	07	22	0.248168089316	0.3437212021228816	3.6609930566068956
2000	07	23	6.4092790964	0.3437212021228816	3.086603321158421
2000	07	24	12.258802266	0.3772549779397481	2.5092078667838478
2000	07	25	1.83438157764	0.47785630539034757	2.9267956741358496
2000	07	26	1.3817365986399999	0.5700741888867306	3.2571064798854708
2000	07	27	0.0009706570776800001	0.5616907449325139	4.120598947663517
2000	07	28	0.013253645223600001	0.48623974934456426	4.391233675299955
2000	07	29	0.0006532889752	0.4275556416650479	5.57190290599016
2000	07	30	0.0008126797560799999	0.38563842189396474	5.791274198698611
2000	07	31	0.0012393163617200002	0.3604880900313149	5.338848816919481
2000	08	01	0.008043842162399999	0.335337758168665	5.106113540207476
2000	08	02	0.007090548214	0.31018742630601515	4.756171111234042
2000	08	03	0.016973958282800003	0.2850370944433653	3.831056742061327
2000	08	04	5.025033146399999e-06	0.2850370944433653	4.507367997156235
2000	08	05	0.0008217452822840001	0.27665365048914864	4.799558765732863
2000	08	06	0.0008217452822840001	0.25988676258071536	5.051434496471725
2000	08	07	0.0012304882787999999	0.2515033186264988	5.569322683673829
2000	08	08	0.0016264889674800001	0.23473643071806552	5.332376717831301
2000	08	09	0.0032756455774399997	0.23473643071806552	5.004367199964524
2000	08	10	0.00162943768352	0.20958609885541563	5.001266879317804
2000	08	11	0.38800761733600003	0.19281921094698237	3.7995362027319404
2000	08	12	0.0288424771156	0.19281921094698237	4.241395701972642
2000	08	13	0.83795972156	0.19281921094698237	3.7829496175861
2000	08	14	0.00291476268676	0.19281921094698237	4.616374994515348
2000	08	15	0.0028506058404	0.19281921094698237	5.719509156561361
2000	08	16	0.0022353852808399996	0.19281921094698237	5.135161118550588
2000	08	17	0.0036970230230400003	0.1676688790843325	4.805515085747414
2000	08	18	0.5552668196799999	0.1676688790843325	3.650644179582027
2000	08	19	0.35430649232	0.1676688790843325	3.78319362558153
2000	08	20	1.83363548488	0.1676688790843325	2.9723888785699195
2000	08	21	0.213095929716	0.1676688790843325	3.048034879201267
2000	08	22	13.0647355256	0.17605232303854912	2.463853849011804
2000	08	23	2.2852259316	0.24311987467228213	2.759232722548938
2000	08	24	0.00059772698052	0.2850370944433653	3.65909519640556
2000	08	25	3.6811952455999997	0.268270206534932	3.275212975567974
2000	08	26	0.220270096036	0.24311987467228213	3.1981599314649847
2000	08	27	0.00325570559	0.23473643071806552	3.9024388166258888
2000	08	28	0.0012093070219600002	0.20958609885541563	4.086081726921688
2000	08	29	0.00365447453288	0.20958609885541563	3.6057511178142283
2000	08	30	0.03893083878	0.19281921094698237	3.169266139600059
2000	08	31	0.0054016440756	0.19281921094698237	4.157943757120402
2000	09	01	0.009878992652	0.19281921094698237	4.017210050538607
2000	09	02	0.000409788505704	0.1676688790843325	3.9590163994802285
2000	09	03	0.0070840685119999995	0.1676688790843325	3.6786737508821776
2000	09	04	0.000810410919088	0.15090199117589925	3.8721754247794817
2000	09	05	0.00041370620104	0.14251854722168264	4.087511993334258
2000	09	06	0.000813244464724	0.14251854722168264	4.093410361104473
2000	09	07	0.0	0.14251854722168264	4.5828457359024934
2000	09	08	0.0	0.14251854722168264	4.460173908319232
2000	09	09	0.000410741958436	0.14251854722168264	4.3124144505484265
2000	09	10	0.0008047908734	0.14251854722168264	3.9450659810608695
2000	09	11	0.1730173137	0.134135103267466	3.8422548299987125
2000	09	12	0.0037123193032799996	0.1257516593132494	3.927460918700446
2000	09	13	0.021805119506	0.134135103267466	3.5510780249864666
2000	09	14	0.0044220833264	0.1257516593132494	3.7374966414744506
2000	09	15	0.000406854954924	0.1257516593132494	3.413768218270755
2000	09	16	0.0	0.11736821535903276	3.1957382012386675
2000	09	17	0.311279730744	0.11736821535903276	2.913723180920643
2000	09	18	4.2077625476	0.1257516593132494	2.436061674197022
2000	09	19	12.3911051352	0.134135103267466	1.6622316910851842
2000	09	20	0.355213631584	0.1676688790843325	1.8957313279771018
2000	09	21	0.029605802174799998	0.18443576699276576	2.921900126649621
2000	09	22	0.0472572339816	0.1676688790843325	3.345870658791624
2000	09	23	2.1540005089600003	0.15928543513011587	2.6154295430260435
2000	09	24	0.000418731217072	0.1676688790843325	2.274767127531289
2000	09	25	0.00120816568164	0.1676688790843325	2.946932789357507
2000	09	26	0.860064233724	0.1676688790843325	2.203392713041666
2000	09	27	0.0069519529504	0.1676688790843325	2.494439638054506
2000	09	28	14.473229728	0.17605232303854912	1.4543852752921635
2000	09	29	6.84428597476	0.20120265490119899	1.4703274469866034
2000	09	30	0.79280047722	0.20958609885541563	1.637835541612973
2000	10	01	1.60380287948	0.20958609885541563	1.7371291044776713
2000	10	02	0.0210731337656	0.20958609885541563	2.503868380954027
2000	10	03	0.00082123267748	0.19281921094698237	2.510004427253686
2000	10	04	0.00631461307472	0.19281921094698237	2.6198283854070206
2000	10	05	0.0151026897536	0.18443576699276576	2.2453262634596074
2000	10	06	0.00041370620104	0.1676688790843325	2.4111798038087056
2000	10	07	0.0008217452822840001	0.1676688790843325	2.628507307697021
2000	10	08	0.0012354509794	0.1676688790843325	2.452610711471085
2000	10	09	1.4712053573600001	0.1676688790843325	1.969455195319316
2000	10	10	3.80082528192	0.1676688790843325	1.3495826931848447
2000	10	11	18.508401157999998	0.24311987467228213	1.5892938329659458
2000	10	12	1.3485935171599999	0.35210464607709824	1.2573206732627422
2000	10	13	0.152342329336	0.3604880900313149	1.400394131224779
2000	10	14	4.1199890652799995	0.31857087026023173	1.2923718226718055
2000	10	15	1.07151527944	0.31018742630601515	1.4418828818003626
2000	10	16	0.0652821124552	0.2850370944433653	1.6578276126241294
2000	10	17	0.000320623717744	0.268270206534932	1.7849816010060884
2000	10	18	7.29587005112	0.24311987467228213	1.808657705387149
2000	10	19	4.00054576608	0.25988676258071536	1.3289073294717
2000	10	20	22.8690523456	0.268270206534932	1.2714646962730765
2000	10	21	0.0227489339784	0.27665365048914864	1.2138186558770625
2000	10	22	0.000810410919088	0.3018039823517985	1.8383865125353733
2000	10	23	0.00081607810544	0.27665365048914864	1.7604262111883353
2000	10	24	0.00043807422571600003	0.25988676258071536	1.9020087141976694
2000	10	25	0.42951347923199995	0.24311987467228213	1.6395562575405136
2000	10	26	1.28931161256	0.24311987467228213	1.3589576974225501
2000	10	27	0.00753658589364	0.2515033186264988	1.6453931720710155
2000	10	28	2.0364246760399998	0.23473643071806552	1.218802336668254
2000	10	29	0.124109578392	0.23473643071806552	1.1037921124722532
2000	10	30	19.7791491612	0.27665365048914864	1.092522369839059
2000	10	31	1.0745265581199999	0.6790589602915467	0.8916001163184963
2000	11	01	20.173729259599998	0.6119914086578137	0.6982223739918876
2000	11	02	18.9986925876	3.1605583707396674	1.0889365878006065
2000	11	03	3.8474581236400005	1.9114252215613903	0.7841969199335515
2000	11	04	12.3083180284	1.0898477140481613	0.743646850125872
2000	11	05	62.40468835	5.348637242790207	1.0733429378894088
2000	11	06	14.988456838400001	14.671026919879093	0.7162848451086503
2000	11	07	6.0411996956	7.134310805038348	0.5914915510779282
2000	11	08	0.44190145243199996	4.451608739689028	0.7277363991757873
2000	11	09	2.0640614845600003	2.6743186213951033	0.8513762478287273
2000	11	10	0.0010650970942	1.9533424413324736	0.9670837983908749
2000	11	11	0.0	1.6180046831638086	1.1087556968112884
2000	11	12	24.1567493096	3.7725497793974814	0.8790052208838225
2000	11	13	0.7653421814000001	7.109160473175698	0.8054295026474277
2000	11	14	1.23912182804	3.9486021024360305	0.7238781554628384
2000	11	15	0.011826216789999998	2.5821007378987204	0.92321553908061
2000	11	16	3.2402964497999998	2.213229203913189	0.7173280510398331
2000	11	17	0.10553199227200001	2.0539437687830735	0.778668535824044
2000	11	18	0.143930421084	1.7353728985228414	0.7465752352760806
2000	11	19	1.47885121556	1.6431550150264584	0.624365135996822
2000	11	20	3.2160624594000002	1.475486135942126	0.4795075656675423
2000	11	21	11.5378467564	2.0958609885541564	0.6043216106147158
2000	11	22	10.282290635599999	13.9165169639996	0.451275642371116
2000	11	23	3.4644501169599997	9.80862942643345	0.8057870097777696
2000	11	24	12.7655558468	6.413334624975718	0.9590431692019514
2000	11	25	6.759777634720001	6.170214750303436	0.666333393758072
2000	11	26	16.628493660000004	7.4109644555274965	0.5874634111457118
2000	11	27	1.3125427942	10.311636063686448	0.8281188489836844
2000	11	28	20.896308735599998	5.558223341645622	1.0410850919236867
2000	11	29	13.215106447199998	7.251679020397381	0.6758564821995651
2000	11	30	42.389575349599994	10.898477140481612	0.7996700409875045
2000	12	01	30.245551757999998	24.814994104481208	0.7017472660328617
2000	12	02	9.711192615600002	11.066146019565945	0.4880182230005359
2000	12	03	10.2613197908	7.981038644414227	0.6526492554869392
2000	12	04	24.216276995999998	16.180046831638087	0.4398191245807208
2000	12	05	46.261811036	23.976649709059547	0.5731663430065826
2000	12	06	42.058771112	16.180046831638087	0.5657855190849371
2000	12	07	67.15604037199999	54.74388902103456	0.8786900291993206
2000	12	08	9.535835620799999	37.054822277637484	0.5414221135442487
2000	12	09	13.2047275144	23.47364307180655	0.5732694513196801
2000	12	10	25.827667164399998	36.132643442673654	0.5034301132891519
2000	12	11	0.6173093340479999	22.97063643455355	0.6622679097831463
2000	12	12	7.892648798800001	12.155993733614107	0.9523591246855659
2000	12	13	12.4852314828	11.736821535903275	0.6807655917171379
2000	12	14	16.273450678	17.940570062023575	0.6177378186071195
2000	12	15	0.232077558296	10.814642700939446	0.49781946238414077
2000	12	16	0.0221009818436	8.02295586418531	0.7383139065465569
2000	12	17	3.59637751524	7.97265520046001	0.5758349772906045
2000	12	18	19.7608367532	18.27590782019224	0.503722397781603
2000	12	19	0.196604779116	11.40148377773461	0.6227199396923815
2000	12	20	2.99512610928	7.964271756505793	0.48149121625078833
2000	12	21	15.726193968	7.461265119252796	0.39611778313422924
2000	12	22	11.2410821096	12.323662612698438	0.2723826522544749
2000	12	23	6.650867868400001	10.479304942770781	0.45531940615053634
2000	12	24	3.9809221098	8.970285031011787	0.4642905078777289
2000	12	25	16.1541423924	15.928543513011586	0.49256012141131655
2000	12	26	16.583746159599997	19.784927731951235	0.4483514894502126
2000	12	27	9.6174380308	17.43756342477058	0.4739879596954395
2000	12	28	33.720174293999996	20.3717688087464	0.661914915553291
2000	12	29	13.770406925199998	16.850722347975417	0.5477997337421641
2000	12	30	8.9785299056	17.26989454568625	0.636710714755918
2000	12	31	15.370582407599999	17.940570062023575	0.7452048663056339
2001	01	01	40.704755848	34.87512684954116	0.6275224371334002
2001	01	02	9.3731746584	31.270245949228006	0.429811411284245
2001	01	03	37.05693558400001	30.264232674722017	0.6306422800776404
2001	01	04	7.0128279204	37.222491156721816	0.5399776108613973
2001	01	05	57.1810711156	70.67243253404615	0.8587832328344878
2001	01	06	1.0503005544400001	33.282272498240005	0.6087277008377885
2001	01	07	0.5444808494	15.257867996674257	0.5677584346602852
2001	01	08	3.2044246674	11.485318217276776	0.5538765208107849
2001	01	09	16.599180496	16.850722347975417	0.7763350388932758
2001	01	10	26.3277727516	18.527411138818742	0.6316174335858314
2001	01	11	7.10613154076	23.808980829975216	0.6348437405239692
2001	01	12	0.162290758912	12.994338129035768	0.808107502275429
2001	01	13	0.0017305580208400002	9.557126107806953	0.7901127843133445
2001	01	14	0.12400599824	8.14870752349856	0.7596367477202968
2001	01	15	0.86190966046	7.343896903893763	0.6717831229811376
2001	01	16	9.3699752164	7.436114787390145	0.49697182457884936
2001	01	17	7.51927087484	7.32713001598533	0.6299463271391341
2001	01	18	8.4743634516	12.07215929407194	0.47973592498831497
2001	01	19	0.879371501796	10.311636063686448	0.7271583328046914
2001	01	20	0.08639583967600001	7.5870167785660465	0.744049199285306
2001	01	21	0.0586427074316	6.404951181021501	0.767893783129154
2001	01	22	17.9565511332	17.26989454568625	0.75860323499245
2001	01	23	22.323110592000003	19.533424413324735	0.7638777571981343
2001	01	24	32.52239924	33.70144469595083	0.8606874689175761
2001	01	25	11.390538361599999	19.6172588528669	0.4123600423961644
2001	01	26	45.3237108716	37.641663354432644	0.8867117839903819
2001	01	27	5.97994374004	31.857087026023173	0.7386081739232266
2001	01	28	16.9921404312	20.036431050577733	0.5436140857228299
2001	01	29	0.32884435356	15.509371315300756	0.6740158190879909
2001	01	30	0.11939992370399999	11.233814898650277	1.084279823947294
2001	01	31	0.6566181063200001	10.06013274505995	0.8326511404242573
2001	02	01	0.0248142084936	8.467278393758791	1.1092768264543849
2001	02	02	0.00338175095916	7.461265119252796	1.2399494360459677
2001	02	03	0.20599908245200002	6.698371719419083	1.0554160420995047
2001	02	04	6.534382508	6.748672383144384	0.6958157000064917
2001	02	05	7.2940208402	7.042092921541965	0.8718281117668203
2001	02	06	58.1559120936	26.910855093035366	0.7438995918053599
2001	02	07	28.7664559016	23.47364307180655	0.5981868042469964
2001	02	08	8.758046992	23.054470874095717	0.6757281295777876
2001	02	09	8.2077771968	13.497344766288768	0.9334346314311026
2001	02	10	1.52139942048	13.078172568577935	1.2237499759983645
2001	02	11	0.0017327364938	9.473291668264787	1.644681570891095
2001	02	12	0.00042439851752000004	8.014572420231094	1.6561394070919429
2001	02	13	0.13466253611600001	7.285212796214247	1.448101327645557
2001	02	14	0.24498229129599997	6.564236616151617	1.3299493347418307
2001	02	15	0.0016264889674800001	6.027696203081753	1.3305844977697476
2001	02	16	0.0032619818207999998	5.474388902103456	1.3534082088579271
2001	02	17	0.00162648801668	5.080367036255274	1.46510538600693
2001	02	18	0.00081217326492	4.7450292780866095	1.441471213688652
2001	02	19	0.00081607810544	4.443225295734811	1.4802213985946908
2001	02	20	0.0	4.191721977108313	1.5468349737559344
2001	02	21	0.00080847113496	3.956985546390247	1.6759714618096069
2001	02	22	0.00041370620104	3.6970987838095315	1.8050313996975815
2001	02	23	0.411609610976	3.554580236587849	1.601551728161085
2001	02	24	0.0033943840485999997	3.4372120212288158	1.2945769231329483
2001	02	25	0.0008225828134799999	3.269543142144484	1.3518995360258665
2001	02	26	4.55517374324	3.101874263060151	1.2866688267132955
2001	02	27	6.22221718312	3.261159698190267	0.8945702129257422
2001	02	28	2.21876425096	3.3114603619155667	0.7969963003279263
2001	03	01	29.102856548000002	3.9989027661613297	0.8616419374229403
2001	03	02	55.015389268	25.569504060360707	1.4048179638242995
2001	03	03	26.6241960612	18.024404501565744	0.9819440515423586
2001	03	04	43.457517712800005	52.815696911564736	1.45890685658898
2001	03	05	15.9452259608	22.29996091821622	1.5511500273948018
2001	03	06	32.8550537344	30.012729356095512	1.0020622692550372
2001	03	07	18.9661666704	19.281921094698237	1.385421695293569
2001	03	08	27.67766915	23.808980829975216	1.1363412981959984
2001	03	09	4.76624573352	19.70109329240907	1.2681981135081482
2001	03	10	7.33260535008	16.76688790843325	1.1929332057076298
2001	03	11	2.8583645585600004	12.910503689493602	1.2689627768700158
2001	03	12	4.852053151600001	11.988324854529774	1.3037539501755258
2001	03	13	0.618918277808	8.886450591469622	1.4778426201510644
2001	03	14	0.00531418920636	7.6289339983371285	2.171181683510869
2001	03	15	0.267540724888	6.78220615896125	2.4443334328937225
2001	03	16	14.5825888424	8.266075738857593	1.3339538343519284
2001	03	17	5.154600564	9.221788349638288	1.372815892358956
2001	03	18	3.8417106327200004	8.970285031011787	1.5971858990653154
2001	03	19	11.8964637956	11.14998045910811	1.6637100740496202
2001	03	20	41.9200845716	36.30031232175798	1.3947811727360027
2001	03	21	53.32289205640001	112.33814898650277	1.1821440831321175
2001	03	22	14.6193733928	47.61796165995043	1.8353933110491256
2001	03	23	23.559158198400002	32.69543142144484	1.7705447441047726
2001	03	24	18.938429932800002	38.89917994756514	1.299432431969387
2001	03	25	4.1370464172800006	39.31835214527597	1.2395140735342565
2001	03	26	8.2647881156	22.383795357758387	1.7481910124704572
2001	03	27	3.78491773236	14.33568916171043	1.6000325901804135
2001	03	28	8.7958108664	11.82065597544544	1.806065898151808
2001	03	29	2.7811641624	14.251854722168263	1.4357713526259208
2001	03	30	2.03202351792	10.479304942770781	2.018745385298008
2001	03	31	0.017723976896	8.467278393758791	3.132636008873264
2001	04	01	4.19276434316	7.6624677741539955	2.8749314632621608
2001	04	02	4.600549437200001	7.888820760917844	1.8794998799660898
2001	04	03	1.45649220276	7.033709477587748	1.7355132905411825
2001	04	04	4.53086473472	7.084010141313047	2.060462796801543
2001	04	05	0.7685508937	6.262432633799818	2.315458917200608
2001	04	06	2.08370995672	5.734275664684171	2.17758047600939
2001	04	07	4.4230873712	5.507922677920322	1.6156471722879187
2001	04	08	0.05677450238	5.038449816484191	2.7338375591948956
2001	04	09	0.0	4.510292847368544	3.364033202415027
2001	04	10	0.0034376462092400003	4.158188201291446	3.132630801543312
2001	04	11	0.00081041086204	3.8563842189396467	3.3497264727019567
2001	04	12	0.000405205459544	3.613264344267365	3.3486386421976317
2001	04	13	0.00164005174916	3.4288285772745994	3.3075994092328185
2001	04	14	0.00082959833882	3.244392810281834	3.4220455750918446
2001	04	15	0.00041438188705999996	3.068340487243285	3.5370514537965754
2001	04	16	0.0009006912711799999	2.892288164204736	3.2866508748064547
2001	04	17	2.3596237496800003	2.816837168616786	2.6740783079022328
2001	04	18	0.00067353882836	2.68270206534932	2.852111238893941
2001	04	19	0.0022499429796399998	2.506649742310771	2.502127430143116
2001	04	20	0.0	2.3892815269517382	2.7023819532941973
2001	04	21	0.0	2.2467629797300557	2.8374245617632323
2001	04	22	3.69876013464	2.213229203913189	2.454514217942468
2001	04	23	5.7240517984	2.774919948845703	1.3925219420996262
2001	04	24	26.8868916424	5.004916040667325	2.1858527864461794
2001	04	25	1.62959722776	4.367774300146862	2.131522612852532
2001	04	26	0.010712168708600001	3.3030769179613504	2.9350123179929404
2001	04	27	1.3995123751199998	2.7665365048914863	3.1226134042864393
2001	04	28	5.66786275112e-05	2.4647325225396877	3.2284517140541937
2001	04	29	5.6487056524	2.305447087409572	2.2992654309621288
2001	04	30	1.2566574324399997	2.3892815269517382	2.1713284927416434
2001	05	01	1.56568369112	2.238379535775839	2.5055915058823244
2001	05	02	10.5538742952	2.2886801995011385	2.072379131085052
2001	05	03	0.6019178597120001	2.439582190677038	2.7016747250240876
2001	05	04	0.73369451816	2.1964623160047556	2.5425763597888653
2001	05	05	0.0067296904244400005	2.0204099929662065	2.878294794845358
2001	05	06	0.004280254867400001	1.894658333652957	2.8993541408169334
2001	05	07	3.4534795964	1.810823894110791	2.5991836878269248
2001	05	08	2.1635934154	1.8024404501565743	3.4123248686203653
2001	05	09	5.0454406422	2.162928540187889	2.9848542489552172
2001	05	10	0.6435549700400001	2.08747754459994	3.018531904782789
2001	05	11	0.0012339634528	1.8443576699276578	3.8694090421318514
2001	05	12	11.699050142399999	1.9701093292409069	2.9240574144509086
2001	05	13	5.045125452	3.1437914828312343	2.5354031560232326
2001	05	14	14.800961930800002	5.600140561416706	2.1147809191037292
2001	05	15	2.30582187596	6.488785620563668	2.245568991261876
2001	05	16	28.974149604399997	8.467278393758791	2.2696849138224673
2001	05	17	7.1965671680000005	7.528332670886529	3.2900826735195525
2001	05	18	0.12707181480799998	4.786946497857693	4.303597157644668
2001	05	19	0.0	3.739016003580615	4.3932448058152485
2001	05	20	0.00081041086204	3.1857087026023176	4.4782200314821425
2001	05	21	0.70464396512	2.8755212762963023	3.7119330558615977
2001	05	22	0.327020300808	2.699468953257753	3.3892328800070097
2001	05	23	0.16851441047200003	2.548566962081854	4.223356951669171
2001	05	24	7.327877402e-05	2.3725146390433047	4.529807087092865
2001	05	25	5.025033146399999e-06	2.213229203913189	4.7035389136097585
2001	05	26	0.00246126303364	2.0455603248288563	5.434725024863824
2001	05	27	0.0	1.944958997378257	5.651339416042248
2001	05	28	0.00244823431632	1.8192073380650076	5.210060776378831
2001	05	29	0.00488500635832	1.7353728985228414	4.965991804718541
2001	05	30	0.009356478610400001	1.7018391227059746	5.196620687629624
2001	05	31	0.61197110548	1.5593205754842923	5.756518676909653
2001	06	01	0.000405205459544	1.4922530238505591	5.593274257569693
2001	06	02	0.0081488589732	1.408418584308393	5.304972731468673
2001	06	03	0.016745480091999998	1.3581179205830933	5.056943642967568
2001	06	04	0.0101281298252	1.299433812903577	4.449327401060038
2001	06	05	0.0021688991646399997	1.2407497052240606	3.9882026520301617
2001	06	06	8.245111309599999e-05	1.2407497052240606	4.997030483824068
2001	06	07	0.00041168801394399993	1.1820655975445442	5.125334196411903
2001	06	08	1.66106119644	1.1066146019565946	3.0276112513383957
2001	06	09	1.9861812664000003	1.1485318217276776	2.822912397513858
2001	06	10	0.199228568764	1.1317649338192446	3.3240827168363785
2001	06	11	0.0012103474823999998	1.006013274505995	4.892089657114222
2001	06	12	3.3100288824399997	0.9808629426433451	3.686258521196184
2001	06	13	0.00386933451036	0.9724794986891285	4.822271672519881
2001	06	14	0.38801733451200004	0.9305622789180455	4.051050112514661
2001	06	15	0.83519075426	0.9054119470553955	2.9919173165781743
2001	06	16	0.31403579568800005	0.9054119470553955	3.0506231733426414
2001	06	17	0.0020387319824	0.8383443954216625	4.070520582622072
2001	06	18	0.000419373482472	0.8131940635590126	5.6063006023543505
2001	06	19	0.00121844915412	0.7880437316963628	6.248059581741613
2001	06	20	0.0012241166827600001	0.7293596240168464	6.009574570770982
2001	06	21	0.0	0.7042092921541965	6.076008741623186
2001	06	22	0.0	0.67067551633733	5.928811349553031
2001	06	23	0.0011003886033599999	0.6622920723831134	5.724697157209448
2001	06	24	0.00121844915412	0.6119914086578137	6.463958001534426
2001	06	25	0.00232685157528	0.5952245207493804	5.236700869815994
2001	06	26	0.07292830914000001	0.5700741888867306	3.6908990046175356
2001	06	27	0.12654176282399998	0.5700741888867306	3.8713792595219036
2001	06	28	0.00021860558752400002	0.5700741888867306	5.568422782940309
2001	06	29	0.0021530067328	0.5700741888867306	5.398697551909255
2001	06	30	0.00305727144316	0.5449238570240806	6.232686262083886
2001	07	01	0.0465246758596	0.5113900812072141	6.740711322218618
2001	07	02	2.94151430048	0.48623974934456426	5.455126793932995
2001	07	03	0.0317192793976	0.46947286143613104	4.7310463943868335
2001	07	04	3.69937149904	0.4359390856192645	3.006963042467085
2001	07	05	25.4504496248	0.48623974934456426	2.5700572839787523
2001	07	06	0.43479220673600005	0.6119914086578137	3.3626081807020607
2001	07	07	0.9992861410800001	0.6119914086578137	3.580265719003889
2001	07	08	3.6004666208	0.5784576328409471	4.00302742575453
2001	07	09	0.320674908816	0.5449238570240806	4.215119357008982
2001	07	10	0.0581424297496	0.5197735251614307	4.703972917028067
2001	07	11	1.6750110488e-06	0.46947286143613104	5.282333589482359
2001	07	12	0.344815825404	0.4359390856192645	4.990930636104852
2001	07	13	0.446263152352	0.4107887537566146	3.6989407927344473
2001	07	14	19.5299682512	0.46947286143613104	2.8584126078096466
2001	07	15	0.263461954524	0.6622920723831134	4.102109540349947
2001	07	16	0.49209966104	0.603607964703597	3.663989033599412
2001	07	17	2.03280716728	0.5449238570240806	3.239687770037578
2001	07	18	0.96924970352	0.5197735251614307	2.622624209268946
2001	07	19	0.89363353032	0.48623974934456426	3.312016330083128
2001	07	20	0.000419373510996	0.46947286143613104	5.104058238321244
2001	07	21	0.043499965227999995	0.4275556416650479	5.110387250158797
2001	07	22	0.029648036710799998	0.3940218658481814	4.980686324738885
2001	07	23	0.0008217453488399999	0.3688715339855315	5.408822409078588
2001	07	24	0.88281361648	0.3437212021228816	4.861371159388086
2001	07	25	0.08251767860399999	0.335337758168665	4.302585258245624
2001	07	26	0.0390367807192	0.31857087026023173	4.46616958189788
2001	07	27	0.074731605928	0.31018742630601515	4.182543534533308
2001	07	28	0.30255086380400004	0.2934205383975818	5.003337393139115
2001	07	29	0.0106693442012	0.2850370944433653	5.408332282362819
2001	07	30	4.067619857	0.2934205383975818	5.644976811132097
2001	07	31	5.4943565836	0.3018039823517985	5.090884923132127
2001	08	01	2.20948672488	0.268270206534932	4.021547754124772
2001	08	02	1.80201948328	0.24311987467228213	3.3437359380145852
2001	08	03	0.00178863906504	0.24311987467228213	3.984477901994264
2001	08	04	0.0006102015716000001	0.2515033186264988	4.302955461245328
2001	08	05	0.0012685759005999998	0.24311987467228213	5.066838887029144
2001	08	06	0.0057938224532	0.21796954280963224	5.300155289216556
2001	08	07	0.327587453008	0.20958609885541563	4.232855723139631
2001	08	08	0.06774715273200001	0.20958609885541563	3.9493694410011893
2001	08	09	5.36830541456e-05	0.20958609885541563	4.332503482461122
2001	08	10	0.000405205459544	0.19281921094698237	5.145170909929427
2001	08	11	0.0	0.19281921094698237	5.551335780200689
2001	08	12	0.041121615092	0.1676688790843325	4.9123242225860215
2001	08	13	0.162360300424	0.1676688790843325	4.761160757477487
2001	08	14	0.0064139451474	0.1676688790843325	4.085198018299447
2001	08	15	4.1484611516	0.1676688790843325	3.425611990091151
2001	08	16	0.006893893299200001	0.1676688790843325	3.4957288736210765
2001	08	17	1.5817692304400002	0.1676688790843325	3.851873119128808
2001	08	18	2.6511075581999997	0.1676688790843325	3.190189104175242
2001	08	19	1.0548233198799999	0.17605232303854912	3.4115265545322004
2001	08	20	0.185757311092	0.19281921094698237	4.083665176370687
2001	08	21	0.018675120134799997	0.17605232303854912	4.156632255637377
2001	08	22	0.00415572079484	0.1676688790843325	4.9582924828392
2001	08	23	0.024756992202	0.1676688790843325	4.8843135364751
2001	08	24	0.000410230485084	0.15928543513011587	5.070039473510762
2001	08	25	2.6625693571199998	0.14251854722168264	4.591237408418531
2001	08	26	4.964136593239999	0.14251854722168264	3.861880229943296
2001	08	27	13.3418842176	0.15090199117589925	3.2888989200839625
2001	08	28	8.428497810400001	0.268270206534932	2.91731309832495
2001	08	29	1.2632912591199998	0.27665365048914864	2.915777965467659
2001	08	30	0.04772461493439999	0.24311987467228213	3.1117208031511576
2001	08	31	0.0022677081071600003	0.22635298676384888	3.468952810572047
2001	09	01	0.0	0.20120265490119899	3.9951818032705053
2001	09	02	0.0	0.18443576699276576	4.3851205866694505
2001	09	03	0.036514057307999996	0.1676688790843325	3.8978229038029224
2001	09	04	0.0	0.15928543513011587	4.221136964061541
2001	09	05	0.78203071808	0.15090199117589925	3.832996218040517
2001	09	06	0.791976998848	0.14251854722168264	3.462957431660076
2001	09	07	0.000419373482472	0.14251854722168264	3.820439214863585
2001	09	08	0.0008217452822840001	0.14251854722168264	3.9497501254796514
2001	09	09	0.0012297843064799998	0.14251854722168264	4.036860024031602
2001	09	10	0.0016294049759999999	0.14251854722168264	4.037361621130711
2001	09	11	0.0	0.1257516593132494	3.971683795418299
2001	09	12	0.003427218025	0.1257516593132494	3.929226384426861
2001	09	13	0.00619781414048	0.1257516593132494	3.925178264934156
2001	09	14	0.082299018374	0.10898477140481612	2.8909926893375415
2001	09	15	0.000405205459544	0.10898477140481612	3.869297882855805
2001	09	16	0.0	0.10898477140481612	3.8974049124700123
2001	09	17	0.000810410919088	0.10898477140481612	3.6090463180067442
2001	09	18	0.00081041086204	0.10898477140481612	3.1065779828245326
2001	09	19	0.0	0.10898477140481612	3.2674216637282965
2001	09	20	0.09250247628	0.10898477140481612	2.5374436375384875
2001	09	21	15.0291415704	0.11736821535903276	1.4734662281795856
2001	09	22	4.0552219004	0.1257516593132494	2.0675916847041083
2001	09	23	6.8093500648	0.14251854722168264	2.0750360248965753
2001	09	24	0.42623240154400005	0.14251854722168264	1.8113019828961778
2001	09	25	0.0289370351264	0.1676688790843325	2.0559941123261694
2001	09	26	0.0008381172310880001	0.15928543513011587	2.5099267167779007
2001	09	27	0.0016667768355600001	0.14251854722168264	2.5546838739463347
2001	09	28	8.980675861199998	0.15928543513011587	1.8557948899629197
2001	09	29	2.02178264128	0.2515033186264988	1.8776017319047125
2001	09	30	0.760592707208	0.268270206534932	1.7195948245981445
2002	10	01	5.5258119	0.25988676258071536	1.551059776228914
2002	10	02	1.1935325844	0.25988676258071536	1.9129310712018606
2002	10	03	0.957474749112	0.2850370944433653	2.0385336162247385
2002	10	04	0.0160614108684	0.2850370944433653	2.3779106230322533
2002	10	05	0.00081041086204	0.268270206534932	2.3001558942056746
2002	10	06	0.0832487163968	0.2515033186264988	2.2589680694579717
2002	10	07	6.48312640128	0.25988676258071536	2.0893336979685233
2002	10	08	9.570248875999999	0.25988676258071536	1.6090244947080967
2002	10	09	2.75646694224	0.25988676258071536	1.384048922163061
2002	10	10	0.0152565957496	0.27665365048914864	1.4708888348824383
2002	10	11	0.295373788036	0.27665365048914864	1.7381919447973426
2002	10	12	0.39521922616000005	0.2850370944433653	1.8306270521846713
2002	10	13	5.695510683999999	0.2850370944433653	1.7545069176738688
2002	10	14	6.3078230316	0.38563842189396474	1.2872959380476612
2002	10	15	10.599652462799998	0.7964271756505794	0.9545820479419985
2002	10	16	20.429831993599997	2.5821007378987204	1.270911302632385
2002	10	17	0.237039317604	2.1545450962336727	1.2690681699978204
2002	10	18	0.02154826564	1.2323662612698438	1.6362446172004246
2002	10	19	0.0035456720168	0.9054119470553955	2.0651848105334762
2002	10	20	35.391875608	1.073080826139728	1.1637903482763547
2002	10	21	35.876507876	3.7641663354432646	0.8249461001327291
2002	10	22	24.535319837599996	10.143967184602117	0.8729830377917286
2002	10	23	1.0617152887599999	5.516306121874539	1.0489981333128349
2002	10	24	6.881999742	3.965368990344464	1.307904163807271
2002	10	25	3.26268370136	4.736645834132394	1.1382182327487438
2002	10	26	0.13262190063200002	3.194092146556534	1.3441503127246879
2002	10	27	0.130436334704	2.3557477511348717	1.5840599542806981
2002	10	28	0.00049401390668	1.9784927731951234	1.8318569966909608
2002	10	29	9.0771202592	1.810823894110791	1.773041334011155
2002	10	30	9.1453135368	4.12465442547458	1.0471809880859178
2002	10	31	0.103364729244	3.3030769179613504	1.0718595405202138
2002	11	01	0.55470090352	2.3725146390433047	1.3093400449420693
2002	11	02	7.109626491399999	2.4647325225396877	0.9659329298404271
2002	11	03	2.0075232084400003	4.040819985932413	1.3568058454513456
2002	11	04	0.0008192672788	2.8419875004794357	1.3308258795138963
2002	11	05	0.18943028952399998	2.2970636434553553	1.26261213867357
2002	11	06	0.251796313592	2.03717688087464	1.4935971061813353
2002	11	07	0.0012230807861599998	1.8359742259734408	1.1996052447725292
2002	11	08	0.0008189116796	1.7186060106144079	1.3074357646923072
2002	11	09	0.107121563482	1.634771571072242	1.2756064286885942
2002	11	10	0.25997657844000005	1.5677040194385088	0.7892008557866664
2002	11	11	1.63125257056	1.6012377952553754	0.9532928179484272
2002	11	12	16.8328072688	1.7605232303854912	0.8419648436029592
2002	11	13	40.028245484399996	6.866040598503416	0.7756109572437729
2002	11	14	5.095119942199999	8.115173747681693	0.5196945650670777
2002	11	15	1.3126946369599999	4.753412722040826	0.5929722234305858
2002	11	16	7.0738345762	3.739016003580615	0.5194726481039144
2002	11	17	2.1508341548	3.6719484519468817	0.7176079091269162
2002	11	18	5.999732455200001	3.4372120212288158	0.7072666013225444
2002	11	19	15.069690338000001	7.092393585267266	0.9022034923374403
2002	11	20	16.356976556400003	5.650441225142005	0.8393171093895985
2002	11	21	24.2747150656	14.922530238505592	0.6145359571100141
2002	11	22	21.4493368016	15.174033557132093	0.5415279722957719
2002	11	23	12.3116695984	14.922530238505592	0.6055477818069419
2002	11	24	4.79841510072	10.814642700939446	0.5945836297365878
2002	11	25	0.035948621302	7.9223545367347095	0.8526047895857518
2002	11	26	1.38980175964	6.354650517296202	0.7349387322110013
2002	11	27	9.0355208576	6.4720187326552345	0.8685476693658917
2002	11	28	7.947683955199999	7.888820760917844	0.4980281831147914
2002	11	29	17.375834820399998	14.251854722168263	0.6231087541723123
2002	11	30	1.19713240828	10.814642700939446	0.6092079728549894
2002	12	01	7.863848591400001	7.134310805038348	0.815309400485454
2002	12	02	0.39068139054000006	6.3295001854335515	0.6267246054502251
2002	12	03	0.08994527115600001	5.357020686744423	0.5958356954698059
2002	12	04	0.38532843408	4.862397493445642	0.9193300633243995
2002	12	05	0.0035496919992000003	4.468375627597461	0.691529064195083
2002	12	06	0.0	4.082737205703497	0.7853499077406665
2002	12	07	0.0012241166827600001	3.8312338870769977	0.7279545902153587
2002	12	08	0.0064571262047999995	3.4958961289083326	0.6544520813980557
2002	12	09	12.2256497716	3.7809332233516977	0.4592160705077447
2002	12	10	5.8138291868000005	5.28995313511069	0.5095386109361492
2002	12	11	1.8559473379999998	4.3090901924673455	0.509851370593267
2002	12	12	1.0961181802400002	4.191721977108313	0.5628851710036187
2002	12	13	12.8969991928	4.07435376174928	0.630884114299849
2002	12	14	12.785521696000002	7.293596240168463	0.5252738013678606
2002	12	15	0.177776533592	6.966641925954015	0.7373693035535835
2002	12	16	3.4059158264000002	4.921081601125159	0.8139279046692531
2002	12	17	18.2442175748	7.788219433467243	0.6917526539370218
2002	12	18	3.2829246169999995	11.317649338192444	0.7511796241776841
2002	12	19	1.44820873808	6.63130416778535	0.7784310116151423
2002	12	20	0.392776012448	5.440855126286589	0.7198229202355786
2002	12	21	0.36711871248	5.013299484621542	0.6243803942535308
2002	12	22	0.0141479838672	6.203748526120302	0.7735691325743385
2002	12	23	6.7038136418	6.0025458712191035	0.6684417151552056
2002	12	24	15.0503025752	12.826669249951436	0.5573959384742577
2002	12	25	29.7128489436	10.227801624144282	0.5947647164597143
2002	12	26	64.158348624	42.58789528742045	0.4934354046531017
2002	12	27	19.441270971599998	45.35443179231194	0.5688633125817633
2002	12	28	0.6756504125400001	34.37212021228816	0.5674528277137681
2002	12	29	1.3391580631999997	15.090199117589925	0.7105204702603123
2002	12	30	17.083003633199997	14.33568916171043	0.41345532525534656
2002	12	31	8.8535985888	12.910503689493602	0.5723473955065386
2003	01	01	17.3234457404	15.257867996674257	0.7638813850473354
2003	01	02	25.974687466800003	23.557477511348715	0.6182010319965167
2003	01	03	15.603155694000002	20.3717688087464	0.4999010756922966
2003	01	04	2.4777962096	18.695080017903074	0.6858287779855253
2003	01	05	15.700840886	13.83268252445743	0.560393920873571
2003	01	06	0.6382063397200001	14.000351403541764	0.5199703181411265
2003	01	07	13.2944963456	14.671026919879093	0.6124463950504834
2003	01	08	4.056450334	15.509371315300756	0.40863115268131384
2003	01	09	4.042593564960001	12.491331491782772	0.5823639818570376
2003	01	10	0.00153115177608	9.054119470553957	0.613864734378215
2003	01	11	0.0025731772328800003	7.65408433019978	0.5943642780317967
2003	01	12	0.0033252193386400005	6.815739934778117	0.5663499615555454
2003	01	13	0.0	6.119914086578136	0.7502579572808151
2003	01	14	0.00081041086204	5.616907449325138	0.7546628698386921
2003	01	15	0.00081607810544	5.273186247202257	0.7438185290039877
2003	01	16	0.00041370620104	4.937848489033592	0.8012349202173538
2003	01	17	0.06594381791199999	4.7450292780866095	0.6849754003804118
2003	01	18	41.363403532	14.838695798963426	0.5613486862346123
2003	01	19	5.920882325960001	21.713119841421058	0.5625185710917009
2003	01	20	33.376545666	24.228153027686044	0.5832027018907742
2003	01	21	15.0043684764	25.23416630219204	0.6144978048440348
2003	01	22	10.568012691199998	17.353728985228415	0.8449669202192203
2003	01	23	0.0008407022661280001	12.659000370867103	1.0349093136135508
2003	01	24	0.00081607810544	9.13795391009612	1.0714632017365395
2003	01	25	0.000419373482472	7.796602877421463	1.1035737578445721
2003	01	26	0.00081041086204	6.9498750380455805	1.1862208079297905
2003	01	27	0.0012356221233999999	6.3295001854335515	1.4792635482622978
2003	01	28	0.0365712926156	5.809726660272121	1.1076699670714856
2003	01	29	0.29358916496000004	5.440855126286589	0.71229005727321
2003	01	30	3.5308151012400004	5.21450213952274	0.6585402803402314
2003	01	31	0.400980579744	5.172584919751658	0.6269407842300572
2003	02	01	0.0354334036996	4.577360399002277	0.9708170600311373
2003	02	02	0.89882366228	4.3090901924673455	0.6346864673271778
2003	02	03	1.9529232332	4.082737205703497	0.7273680946300859
2003	02	04	3.4034998436	4.133037869428796	0.7491428045227609
2003	02	05	0.23267902486800002	3.839617331031214	0.9570991705749422
2003	02	06	0.38992273771200003	3.5797305684504983	0.9944116258698895
2003	02	07	2.5244417920399997	3.3785279135493	0.9827797644846389
2003	02	08	0.0	3.1857087026023176	1.2776812685615495
2003	02	09	0.015079537773600002	3.059957043289068	1.2962520813416045
2003	02	10	0.12029702632320001	2.883904720250519	1.2283234853812643
2003	02	11	3.38787886516	2.816837168616786	0.7931749413743902
2003	02	12	0.175172425504	2.808453724662569	0.9687166332593833
2003	02	13	0.00458626052956	2.68270206534932	1.1764905060267683
2003	02	14	0.053627753715999996	2.5821007378987204	1.0508374462818353
2003	02	15	0.0012293530235999999	2.4647325225396877	1.0121251069184103
2003	02	16	0.00448409887608	2.3557477511348717	1.2245288905736218
2003	02	17	0.00245239016804	2.255146423684272	1.2516360885277744
2003	02	18	18.499388524799997	2.431198746722821	0.622962300532421
2003	02	19	4.3721996044	2.7581530609372695	0.7030221880574413
2003	02	20	1.55408906544	2.68270206534932	0.8106366147292102
2003	02	21	2.44242759056	2.883904720250519	1.3955380427988635
2003	02	22	8.492574124	5.767809440501038	1.078596262812752
2003	02	23	0.51544398788	5.172584919751658	1.403026558712957
2003	02	24	7.3694815576	4.627661062727577	0.9272658189215293
2003	02	25	3.56560582404	5.918711431676937	1.071549940916861
2003	02	26	8.818452266800001	4.56897695504806	1.071569308895504
2003	02	27	4.65261400916	5.28995313511069	0.9664124753633987
2003	02	28	3.27662319	5.080367036255274	1.0708795869676357
2003	03	01	9.5377895148	17.102225666601914	1.156635661154012
2003	03	02	4.6213120568	9.892463865975618	1.1188856314038882
2003	03	03	0.5955002069199999	7.343896903893763	1.564818312851067
2003	03	04	0.0140165780778	5.8935610998142876	2.1212218402285714
2003	03	05	5.5171710296	5.273186247202257	1.5301805986149097
2003	03	06	0.00041370620104	5.130667699980575	1.6386526036054043
2003	03	07	0.1184093175112	4.485142515505894	1.634354280390803
2003	03	08	0.001809840669	4.065970317795062	2.07263177547157
2003	03	09	0.000419373482472	3.7054822277637482	2.1189939173415
2003	03	10	0.0	3.487512684954116	2.126144467204852
2003	03	11	0.0	3.3114603619155667	2.336388705544609
2003	03	12	0.004624611332799999	3.1270245949228013	2.3354151591525585
2003	03	13	6.98718921808	2.9342053839758186	2.211048212609857
2003	03	14	0.556309048608	2.9342053839758186	1.9536664884912867
2003	03	15	0.057032188196	2.791686836754136	2.1879552002862073
2003	03	16	0.308867418032	2.640784845578237	2.432409909783721
2003	03	17	0.0	2.4982662983565542	1.8524732909508064
2003	03	18	0.0016331371512400001	2.3892815269517382	2.251854270157729
2003	03	19	0.0	2.238379535775839	2.036181031472487
2003	03	20	0.0	2.1210113204168057	2.22962541753218
2003	03	21	0.0016362857254399999	2.079094100645723	2.425871235078442
2003	03	22	0.00096950679984	2.0036431050577734	2.064852156257784
2003	03	23	9.145243177600001	1.9617258852866901	2.066439800332937
2003	03	24	15.9010974312	1.9281921094698233	2.168713426490028
2003	03	25	15.0241508212	4.510292847368544	1.3950153509443968
2003	03	26	12.05098591	4.02405309802398	2.024421141350855
2003	03	27	13.1260511914	7.293596240168463	1.9591484599135753
2003	03	28	1.3260664029199998	4.879164381354076	1.8920184990841018
2003	03	29	11.758952444	3.797700111260131	2.3643327606780637
2003	03	30	15.221910565600002	5.742659108638388	1.546025233841118
2003	03	31	0.2689470912	5.541456453737189	2.2567262076230405
2003	04	01	0.0382603783568	3.9402186584818137	2.6931839888650098
2003	04	02	0.137630753064	3.6803318959010984	1.820757870444713
2003	04	03	0.000405350798832	3.4288285772745994	2.7424346461235762
2003	04	04	0.0020330171039199996	3.2024755905107507	3.1105828061131557
2003	04	05	0.00122695054216	2.950972271884252	3.1382645040396673
2003	04	06	0.00163215554532	2.7497696169830528	3.4046000957844043
2003	04	07	0.00163782326412	2.60725106976137	3.323556988879574
2003	04	08	0.00615405423604	2.506649742310771	3.3416873134529794
2003	04	09	0.126847159784	2.4060484148601713	2.153901160843011
2003	04	10	10.75742251	2.4479656346312546	2.2111895080028847
2003	04	11	7.5271907536	3.152174926785451	1.5585626030467428
2003	04	12	21.1608317544	4.091120649657713	2.5247360142087705
2003	04	13	12.450098472	5.36540413069864	1.4054121724997994
2003	04	14	5.3116736748	5.172584919751658	2.057196699401218
2003	04	15	0.34685345636	4.292323304558912	2.827865996327253
2003	04	16	0.132317787252	3.638414676130015	3.1207010997720506
2003	04	17	4.0206993032	3.487512684954116	2.6349282788130077
2003	04	18	21.001961631599997	4.451608739689028	1.8613547845440095
2003	04	19	25.0602298952	5.801343216317904	1.767209993817085
2003	04	20	9.677613212	4.627661062727577	2.12302704822756
2003	04	21	0.0386225000448	4.5605935110938445	2.964559439666944
2003	04	22	4.3863170828	4.476759071551678	2.996704632871154
2003	04	23	5.1351215244	4.426458407826378	2.4278284103273475
2003	04	24	1.45432105096	4.208488865016745	2.3924037976534263
2003	04	25	23.0816835528	7.251679020397381	1.818895735652373
2003	04	26	0.509865805916	11.569152656818943	2.4565255267707315
2003	04	27	0.5382760617119999	6.488785620563668	3.3783194010678246
2003	04	28	11.8743729084	5.457622014195023	2.7483769581265616
2003	04	29	12.049607250000001	5.424088238378157	1.8808381379999002
2003	04	30	4.71713139888	7.285212796214247	2.141756605455911
2003	05	01	0.6122876268	5.767809440501038	2.8480565318517126
2003	05	02	0.86029962328	5.398937906515506	2.349143532066883
2003	05	03	0.0	4.61927761877336	4.006632212815999
2003	05	04	0.29140622324	3.9821358782528966	3.347724792122547
2003	05	05	2.44202654312	3.7809332233516977	2.459242667394024
2003	05	06	0.112058416584	3.5210464607709824	2.556777086449527
2003	05	07	0.00201692861712	3.2779265860987	3.5817107068974816
2003	05	08	0.058226808495599996	3.068340487243285	3.7940539735594623
2003	05	09	0.0143083144188	2.858754388387869	4.086052624103414
2003	05	10	0.090708606674	2.598867625807154	3.9968910084930984
2003	05	11	0.060809811676	2.3976649709059545	3.5433610052021374
2003	05	12	0.0466039621208	2.146161652279456	4.003858738626673
2003	05	13	0.012688962251199998	2.03717688087464	4.08039881634128
2003	05	14	0.0	1.894658333652957	4.481251328099498
2003	05	15	0.0672983047728	1.8024404501565743	4.346212241911678
2003	05	16	0.016106547246	1.7605232303854912	3.353399340636524
2003	05	17	0.598312293	1.7353728985228414	3.541956284538193
2003	05	18	1.13284283024	1.7018391227059746	2.966209646294643
2003	05	19	1.49781701332	1.768906674339708	3.5477606028284487
2003	05	20	0.00081607810544	1.6180046831638086	4.454053852078297
2003	05	21	0.00285525011808	1.5090199117589924	5.211447287771539
2003	05	22	0.00081607810544	1.450335804079476	5.139872446987424
2003	05	23	0.000818911736648	1.4168020282626097	4.766899676593995
2003	05	24	0.32297774641599997	1.3748848084915264	2.820234028429354
2003	05	25	0.0032664880423199996	1.34135103267466	3.5883882738452404
2003	05	26	0.0	1.2659000370867104	4.649922191363815
2003	05	27	0.00162082134376	1.2407497052240606	5.284545821166187
2003	05	28	0.0024425666926	1.207215929407194	5.313297524240949
2003	05	29	0.00172231467992	1.1736821535903272	5.1595863805215565
2003	05	30	5.124864294	1.1904490414987607	4.656550961624154
2003	05	31	0.49758525410000004	1.3329675887204433	4.483868078034678
2003	06	01	3.6616728495199995	1.114998045910811	2.6952676050032114
2003	06	02	1.23903749208	1.1066146019565946	3.3669693666153195
2003	06	03	2.77438819112	1.1066146019565946	3.3352029488438357
2003	06	04	6.019696402799999	1.1485318217276776	3.0606306848256404
2003	06	05	0.0007525691722320001	1.3497344766288766	4.387733187971852
2003	06	06	0.0	1.1317649338192446	5.308107488947129
2003	06	07	0.0177769611768	1.0646973821855115	4.9046749619660615
2003	06	08	0.0208208057076	1.0395470503228614	4.464244539525935
2003	06	09	0.00081041086204	1.0227801624144282	4.783739628760327
2003	06	10	0.11964356145	0.9724794986891285	4.544566373611442
2003	06	11	0.0040777862860000005	0.9724794986891285	5.888499248901365
2003	06	12	0.9655432569279999	0.9221788349638289	6.178084034327544
2003	06	13	0.21649299549599998	1.0898477140481613	6.438474785953722
2003	06	14	0.000262133183	1.073080826139728	5.572840679891198
2003	06	15	2.4511585968	0.8634947272843123	4.6173012471792845
2003	06	16	0.384945375776	0.7461265119252796	4.161357451723796
2003	06	17	0.0146691059376	0.6371417405204635	4.631842827775878
2003	06	18	0.000405205459544	0.6119914086578137	6.064625087424906
2003	06	19	0.0	0.5784576328409471	6.7827298340339945
2003	06	20	0.00109178643052	0.5533073009782973	6.80087176725309
2003	06	21	1.050812275	0.5281569691156474	5.975841355942085
2003	06	22	1.29030957224	0.49462319329878085	4.700998324159069
2003	06	23	0.403912219416	0.48623974934456426	5.118008078290508
2003	06	24	1.50607509164	0.48623974934456426	3.6833064826962185
2003	06	25	0.012835795246	0.48623974934456426	4.605195417702705
2003	06	26	0.0035147215752	0.48623974934456426	4.7295536157623275
2003	06	27	0.00245178764608	0.48623974934456426	5.2189166051668066
2003	06	28	2.5125165731999997e-06	0.4443225295734811	4.953882963773888
2003	06	29	22.0054454596	0.5030066372529975	2.200200773167724
2003	06	30	9.3625447144	0.9221788349638289	2.625617942527428
2003	07	01	4.2822755075600005	1.0814642700939445	2.904274986478227
2003	07	02	1.870670476	0.9557126107806951	3.061823233254932
2003	07	03	0.0105054481496	0.8048106196047959	3.7688943963130592
2003	07	04	0.00163215554532	0.737743067971063	4.800400790923975
2003	07	05	0.0431221011444	0.67067551633733	4.905711727178404
2003	07	06	0.020053066084000003	0.6287582965662468	5.328712378534608
2003	07	07	0.0253872860792	0.603607964703597	5.671925290077326
2003	07	08	0.003079365468	0.5700741888867306	5.193593349544076
2003	07	09	0.0014454381068800001	0.5030066372529975	5.845462018450934
2003	07	10	0.0006231553658799999	0.47785630539034757	6.038785424104983
2003	07	11	0.013248286514800001	0.4359390856192645	6.183253776041837
2003	07	12	0.12951835632000003	0.3940218658481814	5.66811601080581
2003	07	13	0.423375998676	0.3772549779397481	4.3108165447491755
2003	07	14	0.6053982250800001	0.3604880900313149	4.183966846965639
2003	07	15	38.780569594	0.35210464607709824	2.918759835637195
2003	07	16	0.111757678544	0.3940218658481814	3.0568684260560475
2003	07	17	0.00081462147984	0.38563842189396474	4.672927397966197
2003	07	18	0.00122337800624	0.3772549779397481	4.064671790377
2003	07	19	0.494218709	0.3688715339855315	3.8007163780591657
2003	07	20	0.0028581935096399997	0.3437212021228816	3.9372852317359697
2003	07	21	0.0064748681328	0.32695431421444837	4.353739243503803
2003	07	22	0.0006807561039519999	0.3018039823517985	4.800431268314398
2003	07	23	0.139998188016	0.2850370944433653	4.186622518588664
2003	07	24	0.00577767672824	0.2850370944433653	4.586299065454043
2003	07	25	1.3539187578	0.2850370944433653	3.5415752567411287
2003	07	26	5.188619237200001	0.2850370944433653	3.1559947693865325
2003	07	27	0.8351454866720001	0.31857087026023173	3.732475020702205
2003	07	28	0.00130734077724	0.335337758168665	5.195337654184442
2003	07	29	0.000406945318956	0.3018039823517985	5.625003341798643
2003	07	30	0.0	0.268270206534932	5.688190039455103
2003	07	31	0.00081041086204	0.24311987467228213	5.722672647459057
2003	08	01	0.00408567184088	0.23473643071806552	6.349644060238684
2003	08	02	0.9005050569999999	0.21796954280963224	5.572407761171665
2003	08	03	0.45616322424	0.20958609885541563	5.830320069759921
2003	08	04	0.0032227204364	0.19281921094698237	5.607478757643983
2003	08	05	0.40945093367200003	0.19281921094698237	5.700968705424343
2003	08	06	0.538862420072	0.18443576699276576	5.885847339187463
2003	08	07	0.040545126036	0.1676688790843325	5.359941918461008
2003	08	08	0.0294825832488	0.1676688790843325	5.657181105115074
2003	08	09	0.017235232418000002	0.15928543513011587	5.274736168831621
2003	08	10	1.7249104590000002	0.14251854722168264	5.273976852279039
2003	08	11	0.0423632610088	0.14251854722168264	5.658382943077002
2003	08	12	1.8322144191999998	0.14251854722168264	5.45860125292903
2003	08	13	0.52922421752	0.14251854722168264	4.979291919309227
2003	08	14	0.0020824188654	0.1257516593132494	4.633342868007131
2003	08	15	0.67591021864	0.1257516593132494	3.427791920598375
2003	08	16	0.39033601243999994	0.1257516593132494	3.4354649804837583
2003	08	17	0.89378214036	0.1257516593132494	4.002713791858308
2003	08	18	0.0107340109616	0.1257516593132494	4.201279739789725
2003	08	19	0.043335980752	0.1257516593132494	4.271615728486325
2003	08	20	0.003476307829	0.1257516593132494	4.60972968506994
2003	08	21	0.0084444322676	0.11736821535903276	4.834419285824162
2003	08	22	1.1181649503200002	0.10898477140481612	4.657699016766823
2003	08	23	0.7121194875	0.10898477140481612	4.300749785205971
2003	08	24	0.378668574496	0.10898477140481612	4.2135638732717835
2003	08	25	1.18083674216	0.10898477140481612	2.9769974976511837
2003	08	26	7.985807232000001e-05	0.10898477140481612	3.776585158481393
2003	08	27	4.639233686	0.10898477140481612	2.6700892504246387
2003	08	28	19.3958246332	0.134135103267466	1.983687812423478
2003	08	29	8.2994153008	0.268270206534932	2.2968809024396957
2003	08	30	0.3036598484	0.31857087026023173	3.2229293881948533
2003	08	31	3.736924486	0.2850370944433653	2.899831085763031
2003	09	01	2.14747326696	0.23473643071806552	2.5741959203957827
2003	09	02	3.8097314255200003	0.23473643071806552	2.5496797307165657
2003	09	03	0.47920764023599993	0.23473643071806552	3.0591681685768184
2003	09	04	2.65816268436	0.23473643071806552	2.8137920094739433
2003	09	05	0.228725522404	0.22635298676384888	3.1689077213399535
2003	09	06	0.00083164802592	0.20958609885541563	3.469023454528476
2003	09	07	0.547431048688	0.19281921094698237	2.405236395052904
2003	09	08	1.9754151678399998	0.19281921094698237	2.390441350947838
2003	09	09	0.04021192293	0.19281921094698237	3.069485049986761
2003	09	10	0.0	0.19281921094698237	3.93288877224497
2003	09	11	0.00245636650872	0.18443576699276576	4.033462024792989
2003	09	12	0.00041370620104	0.1676688790843325	4.193217025392751
2003	09	13	0.0012261031892	0.1676688790843325	4.14891750899592
2003	09	14	0.0008217453488399999	0.14251854722168264	4.013649687894249
2003	09	15	0.000419373482472	0.14251854722168264	4.041259666628938
2003	09	16	0.0	0.14251854722168264	3.456906748682656
2003	09	17	0.000810410919088	0.1257516593132494	3.39760068677465
2003	09	18	0.0016401044234799998	0.1257516593132494	3.4898543544835907
2003	09	19	0.0	0.10898477140481612	3.4752200230544155
2003	09	20	0.077817341756	0.10898477140481612	3.211753599118039
2003	09	21	0.88312101012	0.10898477140481612	2.4514196429206736
2003	09	22	1.3723499207199998	0.10898477140481612	2.210450716901775
2003	09	23	0.18620130616799999	0.11736821535903276	2.731770191441909
2003	09	24	0.00245766368516	0.1257516593132494	3.296691788011622
2003	09	25	0.0008141782168799999	0.1257516593132494	3.038326616006922
2003	09	26	0.014287582224800002	0.1257516593132494	2.8306251663263966
2003	09	27	0.92118058332	0.1257516593132494	2.432455271127655
2003	09	28	0.163232117468	0.1257516593132494	2.329536129572827
2003	09	29	2.65623436688	0.11736821535903276	2.1558909093862573
2003	09	30	22.395171724	0.15090199117589925	1.5575006551799337
2003	10	01	19.4151201684	0.45270597352769776	1.203249410910236
2003	10	02	31.213542221999994	0.7545099558794962	1.0693740019312987
2003	10	03	3.4177472012799996	0.9473291668264785	1.9789509676948498
2003	10	04	0.032097657864000005	0.67067551633733	1.9466485549252484
2003	10	05	0.051428448728	0.47785630539034757	1.8700694998684062
2003	10	06	0.000419373482472	0.3772549779397481	2.168651999927136
2003	10	07	0.0	0.335337758168665	2.334699430029405
2003	10	08	0.0016281847192800001	0.31018742630601515	2.4736744951639724
2003	10	09	0.00121278267136	0.2850370944433653	2.366618368131979
2003	10	10	0.00203716439844	0.27665365048914864	2.23444410992091
2003	10	11	9.343724579200002	0.25988676258071536	1.9903425859270965
2003	10	12	9.877323047199999	0.31018742630601515	1.2528674989225177
2003	10	13	0.299861564036	0.3437212021228816	1.6746424101657944
2003	10	14	0.175748382112	0.335337758168665	1.7773415913284794
2003	10	15	7.809109609200001	0.31018742630601515	1.643342979946919
2003	10	16	3.6860956687999997	0.3018039823517985	1.6519678117797336
2003	10	17	1.01877953776	0.2850370944433653	1.7774871703743602
2003	10	18	14.674360058400001	0.31018742630601515	1.4942628422858015
2003	10	19	16.1540720332	1.584470907346942	0.8857646881749478
2003	10	20	5.10570034952	1.5341702436216424	1.4233682955301188
2003	10	21	0.061603144933999994	0.9892463865975617	1.35455760488841
2003	10	22	2.38211169096	0.7293596240168464	1.1207662165527212
2003	10	23	0.21450561432	0.6371417405204635	1.1046056069464585
2003	10	24	1.35393862952	0.5700741888867306	1.0927422803646112
2003	10	25	8.3738686456	0.5281569691156474	0.8166840953506768
2003	10	26	5.3718412496	0.5533073009782973	1.2997289336127322
2003	10	27	8.2269757504	0.6455251844746801	1.3110275705509915
2003	10	28	4.49190884236	0.737743067971063	0.9808532860517417
2003	10	29	1.62623130068	0.7545099558794962	1.0173099071165084
2003	10	30	35.176386296	1.1233814898650278	0.9891483764364427
2003	10	31	17.400229495999998	5.34025379883599	0.825889212539455
2003	11	01	1.02684393812	3.286310030052917	0.9448783041200189
2003	11	02	0.487668010764	1.8359742259734408	1.2388088131198627
2003	11	03	0.58969956628	1.4000351403541764	1.0180023291917704
2003	11	04	0.0041354237819999995	1.1988324854529773	1.4120861580959796
2003	11	05	1.44851898412	1.073080826139728	1.0690705306229493
2003	11	06	0.087091083652	1.0479304942770782	1.3879996820875757
2003	11	07	1.08765558484	0.9221788349638289	1.506967118878519
2003	11	08	2.8295034999600004	0.9054119470553955	0.8804353221769442
2003	11	09	10.740296225	1.3581179205830933	0.6498290377569074
2003	11	10	3.4730467751600003	2.146161652279456	0.8705567819536715
2003	11	11	1.1624467488799999	1.8192073380650076	1.0683443807764417
2003	11	12	2.5451901496400002	1.5341702436216424	0.8394641926207893
2003	11	13	0.63369374784	1.3665013645373099	1.003677107620208
2003	11	14	13.1295667744	2.2048457599589724	0.73241989355472
2003	11	15	34.39676832800001	7.603783666474479	0.8368061360580208
2003	11	16	0.46108142739999997	4.610894174819144	0.7764825168605519
2003	11	17	0.00202729690096	2.858754388387869	1.0820308541355264
2003	11	18	0.00163509665496	2.1796954280963226	1.2001549579560578
2003	11	19	0.00081041086204	1.9114252215613903	1.227037851114757
2003	11	20	0.0150313051158	1.7186060106144079	1.0476802677627577
2003	11	21	20.658208448800004	1.8527411138818741	0.552524935351453
2003	11	22	13.032953134	7.897204204872061	0.5918506815055129
2003	11	23	3.4458627376	4.342623968284212	0.6382908899939251
2003	11	24	0.421812284472	3.445595465183033	0.8634472874217656
2003	11	25	0.0057623024824	2.7330027290746197	0.8409667946598449
2003	11	26	17.539017772	4.032436541978196	0.7415631924001856
2003	11	27	1.0884134675200001	4.376157744101079	0.6188785147489793
2003	11	28	2.94322250776	3.4120616893661664	0.6901701427359951
2003	11	29	8.1425428088	3.3366106937782165	0.47848271788974606
2003	11	30	28.4139372936	5.8600273239974205	0.8963290697061137
2003	12	01	0.88689083704	5.927094875631154	0.4705209008759777
2003	12	02	0.462822037944	4.17495508919988	0.6512980384707
2003	12	03	2.8272736838	3.621647788221582	0.5436555344815125
2003	12	04	0.00297191213712	3.4120616893661664	0.6668779714401428
2003	12	05	2.3377376648	3.152174926785451	0.755555896958279
2003	12	06	6.3913023207999995	2.9174384960673856	0.4571473695734242
2003	12	07	7.504073002399999	3.5964974563589323	0.5064285354382381
2003	12	08	2.3693506238400004	3.864767662893864	0.5649561384574584
2003	12	09	24.271838895600002	7.016942589679314	0.5855272681985922
2003	12	10	0.014445470171199999	6.63130416778535	0.8069796743288856
2003	12	11	0.10856699341199999	4.015669654069764	0.6335447264872439
2003	12	12	0.012592024388	3.3869113575035166	0.8992098598344689
2003	12	13	0.003000924468	3.0348067114264183	0.9736395652090839
2003	12	14	0.0178772154304	2.7497696169830528	0.9592258564170459
2003	12	15	0.0223766682052	2.590484181852937	0.8242341648587427
2003	12	16	0.0016321556404	2.4647325225396877	0.8351728914268792
2003	12	17	0.43933363638	2.2802967555469222	0.7383961086712487
2003	12	18	7.21819273368	3.554580236587849	0.4485773872668595
2003	12	19	2.6310335079600002	3.8144669991685642	0.6041723477899995
2003	12	20	0.0162230687368	2.9593557158384685	0.6781383219775466
2003	12	21	0.113442505652	2.60725106976137	0.8277038320987207
2003	12	22	0.0032908264305599997	2.3641311950890884	0.6654198229232833
2003	12	23	0.0	2.1880788720505393	0.7144595764119273
2003	12	24	0.0012136885936	2.1042444325083727	0.8197289564736487
2003	12	25	0.0	2.01202654901199	0.7238415403364914
2003	12	26	0.17665052016799998	1.9784927731951234	0.6903846350984089
2003	12	27	14.0880197636	2.2048457599589724	0.43698713981989984
2003	12	28	1.17066337232	4.183338533154096	0.5671852267116358
2003	12	29	2.2182189671600003	3.0348067114264183	0.7282809004590574
2003	12	30	2.43828780736	2.8252206125710027	0.4165855795943973
2003	12	31	0.531365761408	2.724619285120403	0.4455656446369385
2004	01	01	1.5549421232	2.481499410448121	0.8543087290294084
2004	01	02	0.0133756823052	2.3641311950890884	0.7381765295053441
2004	01	03	0.044842352207999994	2.1545450962336727	0.7304074791887338
2004	01	04	0.016877485360800002	2.0958609885541564	0.8091128126508247
2004	01	05	0.0038870862315999997	1.9784927731951234	0.9250268376053408
2004	01	06	0.00010537037528799999	1.894658333652957	0.8244677262087676
2004	01	07	0.321096636156	1.861124557836091	0.7609064114003142
2004	01	08	6.37371099952	2.7162358411661867	0.7098018355433936
2004	01	09	2.82724601552	3.269543142144484	0.6374268441358852
2004	01	10	1.50070877644	2.6659351774408866	0.6482470475078115
2004	01	11	1.62296672888	2.6240179576698037	0.4662714796141217
2004	01	12	0.855975223244	2.892288164204736	0.4331041730563483
2004	01	13	4.7507715586	3.6887153398553156	0.4742076266310139
2004	01	14	15.064958206399998	6.656454499648	0.8705329174736534
2004	01	15	0.00288505579648	4.468375627597461	0.864012113237023
2004	01	16	1.9798936259999997	3.328227249824	0.8090543560889867
2004	01	17	1.4606433955599998	3.0934908191059347	0.7541046569866745
2004	01	18	0.1126651353752	2.8419875004794357	0.7821661192023734
2004	01	19	0.0	2.548566962081854	0.9070005699875041
2004	01	20	0.00081041086204	2.4479656346312546	0.9416900837420872
2004	01	21	0.00081607810544	2.338980863226438	0.9012352454797986
2004	01	22	0.00204586222176	2.2467629797300557	0.9935456183682364
2004	01	23	0.60843313114	2.1880788720505393	0.6774815800678905
2004	01	24	0.23109487797199998	2.171311984142106	0.87657363208792
2004	01	25	9.5015117408	2.229996091821622	0.6200225128855588
2004	01	26	17.0842662956	4.703112058315527	0.5083178092390538
2004	01	27	5.0068380671199995	5.633674337233572	0.9295600227550166
2004	01	28	0.0013683504756	3.6551815640384486	0.8905389207637221
2004	01	29	1.28692462916	3.018039823517985	0.8568524404313561
2004	01	30	3.41358041536	3.6300312321757984	0.7379822790903185
2004	01	31	11.732962325999999	5.39055446256129	0.8592797506427008
2004	02	01	0.315048369164	4.376157744101079	1.0354476851121155
2004	02	02	0.16686683570799998	3.420445133320383	1.1737491198942427
2004	02	03	0.010291749194000001	3.1102577070143678	1.2810768686164264
2004	02	04	0.0	2.8755212762963023	1.4956051638381473
2004	02	05	0.00120579809456	2.70785239721197	1.5218762603505656
2004	02	06	0.0094811551128	2.548566962081854	1.2638130982538602
2004	02	07	0.23624334587600002	2.422815302768605	1.1728275783550715
2004	02	08	0.000810410919088	2.338980863226438	1.4420751279704482
2004	02	09	0.0016277429776000002	2.1964623160047556	1.341251747644421
2004	02	10	0.00081041086204	2.146161652279456	1.4148631627926098
2004	02	11	0.000810410919088	2.06232721273729	1.4083897515678898
2004	02	12	0.0	1.9617258852866901	1.3666458594940496
2004	02	13	0.0008132445312800001	1.9533424413324736	1.38009247602915
2004	02	14	0.00203388537448	1.8192073380650076	1.3207952422515983
2004	02	15	0.009413362122	1.810823894110791	1.3657045767803664
2004	02	16	0.0011181278691200002	1.7353728985228414	1.5748526195666226
2004	02	17	0.00081041086204	1.7269894545686246	1.457799457137856
2004	02	18	0.0113353824536	1.6599219029348917	1.1168208636897254
2004	02	19	0.0012241166827600001	1.6599219029348917	1.3161030483605853
2004	02	20	0.05995581262400001	1.584470907346942	1.0634581071389548
2004	02	21	0.147318606392	1.5509371315300755	1.0799421617588216
2004	02	22	5.7382149152	1.6515384589806752	0.9386682464909247
2004	02	23	0.207250230664	1.6850722347975413	1.2352241399788881
2004	02	24	3.9949678028	1.7186060106144079	0.7232012630594127
2004	02	25	4.6204164032	1.768906674339708	1.071990545135166
2004	02	26	0.073725279208	1.634771571072242	1.1608556714427793
2004	02	27	4.2891771746	1.6263881271180252	0.9229144035903074
2004	02	28	2.4644027654	1.6599219029348917	1.1447554317070896
2004	02	29	0.319096114924	1.6599219029348917	1.097587407830806
2004	03	01	0.00163588049448	1.5509371315300755	1.2557526430322319
2004	03	02	0.002443349201	1.4419523601252595	1.4591969981478476
2004	03	03	0.4875513666200001	1.4335689161710428	1.2466486361165086
2004	03	04	0.00093458952556	1.408418584308393	1.6969584133323732
2004	03	05	5.444109941240001	1.4168020282626097	1.7533330735363408
2004	03	06	0.6164927679919999	1.6263881271180252	1.5776508689151498
2004	03	07	0.0	1.4419523601252595	2.0232088898542844
2004	03	08	0.86952076692	1.3748848084915264	1.980056823929977
2004	03	09	3.0758869661999997	1.3665013645373099	1.354373069571932
2004	03	10	3.2089913598	1.4587192480336928	1.4343897821226284
2004	03	11	27.8451116856	2.305447087409572	1.2668716849182262
2004	03	12	9.6495703168	8.970285031011787	1.4436443594905235
2004	03	13	0.00146445505768	3.889917994756514	1.774506123334201
2004	03	14	0.00121844915412	2.6491682895324535	2.0062761660795885
2004	03	15	0.00081041086204	2.2216126478674054	2.4053162632818728
2004	03	16	0.0343785633604	2.06232721273729	2.4828912040984337
2004	03	17	5.7103983104	1.9533424413324736	1.9183778539838245
2004	03	18	0.046770603131999995	1.861124557836091	1.977562739544126
2004	03	19	0.004929926524	1.7940570062023578	2.2006142147582017
2004	03	20	0.0145848850244	1.7102225666601916	2.4907383339245937
2004	03	21	0.07875942292	1.6180046831638086	1.980376885335737
2004	03	22	0.45977209973600003	1.5677040194385088	1.564936056896361
2004	03	23	1.01983511592	1.5174033557132092	1.4470362011711075
2004	03	24	5.3422637632	1.6683053468891083	1.4001518747143338
2004	03	25	0.00495287103944	1.6096212392095919	1.9626511588026598
2004	03	26	0.6188871296	1.4838695798963426	1.845890611600426
2004	03	27	0.0	1.4335689161710428	2.2559954481672975
2004	03	28	0.86670763496	1.3748848084915264	1.9722218241713692
2004	03	29	1.10149267232	1.3748848084915264	1.799440370305548
2004	03	30	3.30191998464	1.3832682524457431	1.3941460453931802
2004	03	31	14.989941037200001	1.5509371315300755	1.5149219119014705
2004	04	01	14.1186393268	2.892288164204736	1.1466859343402878
2004	04	02	6.07119781592	3.0096563795637685	1.5623315640922875
2004	04	03	0.05980637348639999	2.5234166302192036	2.080347251178584
2004	04	04	0.00123242657968	2.0539437687830735	3.1757786389675786
2004	04	05	0.0	1.8527411138818741	3.2278809580691075
2004	04	06	0.0070697390052	1.6515384589806752	3.3168188508972336
2004	04	07	0.00081607810544	1.5593205754842923	2.9410185987128523
2004	04	08	0.828943817608	1.4671026919879093	2.1528227401767492
2004	04	09	0.0033928860632	1.4335689161710428	2.264664893695192
2004	04	10	0.0	1.3665013645373099	2.4954673993341587
2004	04	11	0.0	1.34135103267466	2.6047697657880944
2004	04	12	0.000419373482472	1.2910503689493602	2.7028651353225546
2004	04	13	0.0032823688744	1.2407497052240606	3.058750237362768
2004	04	14	0.00124861452016	1.2323662612698438	2.938309755513932
2004	04	15	0.00210182165084	1.1736821535903272	2.793479074432652
2004	04	16	0.414348618568	1.1736821535903272	2.191008207711406
2004	04	17	0.375460061864	1.1736821535903272	2.2777813456103235
2004	04	18	5.2266785251600005	1.3078172568577935	1.8268226055679533
2004	04	19	3.86032853276	1.3832682524457431	1.9161566959189233
2004	04	20	3.1046643544	1.5090199117589924	1.9215115460784096
2004	04	21	11.323761776	1.7772901182939245	1.891008865439059
2004	04	22	0.146332931048	1.8192073380650076	2.483351375763626
2004	04	23	0.0	1.5006364678047759	3.500986091092706
2004	04	24	0.00081041086204	1.3497344766288766	3.952894165092824
2004	04	25	0.000813244464724	1.2323662612698438	3.905021095984577
2004	04	26	0.0001162390879872	1.1904490414987607	4.001744442015522
2004	04	27	0.45496559655999996	1.1401483777734611	3.8813285546043277
2004	04	28	0.0169217260848	1.0563139382312947	2.6675672961483925
2004	04	29	1.90300043332	1.0479304942770782	2.618179571288332
2004	04	30	5.2032107844799995	1.1066146019565946	1.9432757156805902
2004	05	01	8.033660996000002	1.2491331491782771	2.201802211594173
2004	05	02	0.9840010802800002	1.2491331491782771	2.5859646695461516
2004	05	03	0.0123759636452	1.1485318217276776	3.276836863772417
2004	05	04	2.2017126988399998	1.0227801624144282	2.626884989381479
2004	05	05	9.26597386	1.1317649338192446	1.5842832656313246
2004	05	06	2.5013259424400003	1.34135103267466	2.2027605697592243
2004	05	07	1.05223837992	1.299433812903577	2.2170996373773186
2004	05	08	0.8734948637120001	1.2155993733614106	2.93496295920373
2004	05	09	10.2511747548	1.1485318217276776	2.240616558037927
2004	05	10	0.278310721728	1.1988324854529773	2.8244834133244705
2004	05	11	0.0086478644848	1.408418584308393	3.421500196405827
2004	05	12	0.27325350210000005	1.274283481040927	3.49258228283326
2004	05	13	0.078169993476	1.1317649338192446	3.801029830280184
2004	05	14	0.00162427949844	1.0479304942770782	3.98173803290134
2004	05	15	0.0	0.9808629426433451	4.511906241745222
2004	05	16	0.000405205459544	0.9305622789180455	4.042772855535574
2004	05	17	0.0037218601058799997	0.9054119470553955	4.385293141897003
2004	05	18	0.404763290004	0.871878171238529	4.392812512917286
2004	05	19	0.10559132599519999	0.7964271756505794	4.498342805563778
2004	05	20	0.63626713558	0.7880437316963628	4.420006467171987
2004	05	21	8.2255866316	0.7628933998337128	3.694476720814486
2004	05	22	9.2677432988	1.0646973821855115	3.7012173160504176
2004	05	23	0.81671219396	1.0143967184602116	4.144356549850731
2004	05	24	9.2250343136	0.9137953910096122	3.2043451275422585
2004	05	25	12.674787724800002	1.3329675887204433	2.6658557002157783
2004	05	26	0.385504769448	1.2323662612698438	3.383923857928246
2004	05	27	0.081736263624	1.0646973821855115	4.203689868125937
2004	05	28	1.1586339458000001	0.9389457228722621	3.6760631908473043
2004	05	29	2.75356690716	0.9054119470553955	3.0687606307759476
2004	05	30	0.00103584069296	0.8551112833300958	3.861382752116966
2004	05	31	0.0087897352544	0.7964271756505794	4.417509874924221
2004	06	01	0.054780998052000006	0.7461265119252796	4.4343332206722215
2004	06	02	0.000418309242524	0.7461265119252796	5.754643865262929
2004	06	03	0.0	0.7042092921541965	5.632584395158786
2004	06	04	0.000405205459544	0.6622920723831134	5.8087600866862825
2004	06	05	0.00594533404956	0.6203748526120303	5.182830555194783
2004	06	06	2.437466126	0.6119914086578137	4.810548183827804
2004	06	07	4.9881630239999994	0.5700741888867306	4.404233327251954
2004	06	08	0.698712361288	0.5700741888867306	4.9810824897825094
2004	06	09	0.65450637952	0.5700741888867306	4.64340194826678
2004	06	10	0.30336804788	0.536540413069864	5.007465318065921
2004	06	11	0.113808848892	0.5113900812072141	4.982415204963973
2004	06	12	0.125879150304	0.5030066372529975	5.453201125703057
2004	06	13	0.00081607810544	0.4359390856192645	5.590809048956511
2004	06	14	0.00081607810544	0.3940218658481814	5.656142327744771
2004	06	15	0.0	0.3940218658481814	5.149635659131338
2004	06	16	0.00285906919644	0.3940218658481814	5.740303238414487
2004	06	17	0.0008109100320400001	0.3940218658481814	5.454327392573815
2004	06	18	0.0	0.3688715339855315	5.439738988239994
2004	06	19	0.28284141683999997	0.35210464607709824	3.4746803113414373
2004	06	20	0.0529245486916	0.3437212021228816	3.8688115220738983
2004	06	21	3.40807528336	0.3437212021228816	3.340791317346182
2004	06	22	3.8935148756399998	0.3604880900313149	3.786377530856218
2004	06	23	1.1358675152	0.3940218658481814	3.5864514584125278
2004	06	24	1.66039306928	0.3940218658481814	3.7559560012275006
2004	06	25	0.0231604839552	0.3940218658481814	5.202566649240039
2004	06	26	0.001762295915	0.38563842189396474	5.035167725618338
2004	06	27	0.026997500108000002	0.3604880900313149	5.2138948911005
2004	06	28	0.0016533304318	0.3437212021228816	6.278824410114313
2004	06	29	0.0012241166827600001	0.335337758168665	6.187948845235464
2004	06	30	0.08288917518	0.31018742630601515	4.873525376665264
2004	07	01	0.00082741249716	0.31018742630601515	5.294121347740409
2004	07	02	0.0	0.2934205383975818	4.906575243396715
2004	07	03	0.00081607810544	0.2850370944433653	5.853001732097397
2004	07	04	0.00040833307811200003	0.2850370944433653	5.210621104996895
2004	07	05	0.26307554940399996	0.25988676258071536	4.88782203432002
2004	07	06	1.57537044152	0.25988676258071536	4.109212592154402
2004	07	07	9.6544764448	0.25988676258071536	2.6610930517093547
2004	07	08	0.37139350928	0.27665365048914864	3.2454358896177804
2004	07	09	0.07321449994	0.2934205383975818	4.046424599134001
2004	07	10	1.97735156712	0.3018039823517985	3.2621934128521017
2004	07	11	0.0338727320556	0.31018742630601515	4.283433757367004
2004	07	12	0.0008217452822840001	0.2850370944433653	4.940104996978752
2004	07	13	0.0	0.27665365048914864	5.26749989611862
2004	07	14	0.0	0.25988676258071536	5.892441272867778
2004	07	15	0.6924850966880001	0.24311987467228213	5.931431976382453
2004	07	16	0.06128160339	0.23473643071806552	5.04591154775863
2004	07	17	0.10953186525200001	0.20958609885541563	4.565052407711773
2004	07	18	0.393241828384	0.20958609885541563	4.402758023536275
2004	07	19	0.22727585666	0.19281921094698237	3.687664888192229
2004	07	20	0.107554144204	0.18443576699276576	4.423371810799144
2004	07	21	0.442173590408	0.1676688790843325	4.797909614454855
2004	07	22	0.013768511030000001	0.1676688790843325	5.046251895056231
2004	07	23	0.0016144060109199998	0.15928543513011587	5.7175268834259905
2004	07	24	0.0008132445312800001	0.14251854722168264	5.725152258958795
2004	07	25	0.000810410919088	0.14251854722168264	5.805806979507156
2004	07	26	0.000405205459544	0.14251854722168264	5.44442518027008
2004	07	27	0.0	0.11736821535903276	5.475619244884473
2004	07	28	0.416562080968	0.10898477140481612	4.857978612909184
2004	07	29	0.00230510944152	0.10898477140481612	4.887527099263235
2004	07	30	0.00205226053528	0.10898477140481612	5.556831279566901
2004	07	31	0.74588496266	0.10898477140481612	5.294583472292383
2004	08	01	0.169911325832	0.10898477140481612	5.0433005301832585
2004	08	02	0.122966764332	0.10060132745059949	4.152267658001309
2004	08	03	8.745543972	0.08383443954216625	2.699790178305294
2004	08	04	0.137512521084	0.08383443954216625	3.8305550628066043
2004	08	05	0.28300124632	0.08383443954216625	4.343978542235343
2004	08	06	0.76306748748	0.08383443954216625	4.89293057692296
2004	08	07	0.00424121682592	0.08383443954216625	4.947529239375307
2004	08	08	10.7855196008	0.10060132745059949	2.8301482547541377
2004	08	09	14.743546922	0.134135103267466	2.4429891361275664
2004	08	10	9.099005773600002	0.1676688790843325	2.4527120177764243
2004	08	11	14.8787478296	0.31018742630601515	2.665457377032833
2004	08	12	1.34897022412	0.5952245207493804	2.944910884931211
2004	08	13	0.0097656040472	0.47785630539034757	4.18471407283521
2004	08	14	0.06821917739200001	0.3688715339855315	4.714403210612244
2004	08	15	0.314503560764	0.2934205383975818	3.7342755406861774
2004	08	16	3.5153970235200003	0.24311987467228213	2.842218962362271
2004	08	17	23.3599893684	0.268270206534932	2.235552593090488
2004	08	18	10.214714427199999	2.03717688087464	2.318600668634115
2004	08	19	4.8986841868	1.5509371315300755	2.57837994016663
2004	08	20	0.48033320678400004	0.9892463865975617	2.649831072904169
2004	08	21	0.00086053760852	0.7042092921541965	4.19403187924261
2004	08	22	0.000405205459544	0.5616907449325139	3.988415329937828
2004	08	23	0.00669909967048	0.46947286143613104	3.8807008296085295
2004	08	24	0.055293136964000004	0.40240530980239797	3.7852205020054766
2004	08	25	0.0031122111392400003	0.3604880900313149	4.212545908716287
2004	08	26	0.000818911736648	0.3437212021228816	4.488351146012624
2004	08	27	0.000419373510996	0.31857087026023173	3.9786189034574337
2004	08	28	0.0168547859616	0.2934205383975818	4.081952026217778
2004	08	29	0.026816888041600002	0.27665365048914864	3.923970549040424
2004	08	30	0.024296034854	0.25988676258071536	4.112333234556306
2004	08	31	0.10172152816	0.25988676258071536	3.8387523200004674
2004	09	01	1.5198486656799999	0.23473643071806552	2.580054962763245
2004	09	02	4.4893695408	0.23473643071806552	2.862230035619427
2004	09	03	9.6749785452	0.23473643071806552	3.710838162930182
2004	09	04	5.052825030399999	0.27665365048914864	3.626908834569284
2004	09	05	3.9529053616	0.4443225295734811	3.3751447594591495
2004	09	06	1.9641407716000001	0.5533073009782973	3.3945329962872877
2004	09	07	1.5885570867199998	0.46108941748191445	3.237473175762194
2004	09	08	5.115508422	0.41917219771083125	3.2889110154268675
2004	09	09	2.07056543196	0.3772549779397481	3.1451220482862285
2004	09	10	0.44576515183599996	0.3604880900313149	2.8045184192263206
2004	09	11	0.7245728282	0.3437212021228816	2.7695274983802998
2004	09	12	0.007959213356	0.31857087026023173	3.2777718749851945
2004	09	13	0.08293830301599998	0.2934205383975818	2.5169226158253704
2004	09	14	1.00734521696	0.2850370944433653	2.5186176168393364
2004	09	15	0.0012241166827600001	0.25988676258071536	2.8900685476454844
2004	09	16	0.00081607810544	0.25988676258071536	3.3103023611303284
2004	09	17	0.00164399233976	0.25988676258071536	3.243189790228548
2004	09	18	0.0215549278956	0.24311987467228213	2.93893479808382
2004	09	19	0.011935741343599999	0.23473643071806552	3.2971723554681662
2004	09	20	0.000323366927872	0.22635298676384888	3.2608860940595488
2004	09	21	0.0	0.21796954280963224	3.54510219938419
2004	09	22	0.000405205459544	0.20958609885541563	3.686540969376933
2004	09	23	0.0	0.20958609885541563	3.7650800764282533
2004	09	24	0.0008274125446999999	0.20958609885541563	3.3016864968906154
2004	09	25	0.0	0.19281921094698237	3.143490955524481
2004	09	26	0.0	0.17605232303854912	3.359128000388074
2004	09	27	0.00041370620104	0.1676688790843325	3.423182226208928
2004	09	28	0.0	0.1676688790843325	3.1942702340268605
2004	09	29	0.0	0.1676688790843325	2.9489727074814565
2004	09	30	0.00292300051304	0.15090199117589925	3.3533175896611573
2006	10	01	3.7894319406	0.35210464607709824	1.4693737225354373
2006	10	02	23.0186283984	0.3940218658481814	2.0170220639764365
2006	10	03	7.2664595252	0.5449238570240806	1.395944961634733
2006	10	04	4.28773756832	0.5868410767951636	1.5350504412692936
2006	10	05	0.00690151519724	0.5281569691156474	2.0848310165663895
2006	10	06	4.56101774036	0.4275556416650479	1.9046550529044697
2006	10	07	2.17993510024	0.40240530980239797	1.7636471410019356
2006	10	08	4.73614559236	0.3940218658481814	2.160162746675786
2006	10	09	2.9837517839600003	0.3604880900313149	2.218933308277288
2006	10	10	12.340271564	0.3437212021228816	1.57399900554859
2006	10	11	9.134094096799998	0.38563842189396474	1.5629473203690585
2006	10	12	0.0	0.4443225295734811	2.0344044959331664
2006	10	13	0.00041370620104	0.41917219771083125	2.2437485201231957
2006	10	14	0.00081797343016	0.3688715339855315	2.1055202365909986
2006	10	15	0.72272599428	0.32695431421444837	1.9690181445802621
2006	10	16	17.81338062	0.335337758168665	1.2294918111796276
2006	10	17	5.687285313199999	0.5281569691156474	1.5146355001474294
2006	10	18	22.88570846	0.9892463865975617	1.1313797053310517
2006	10	19	24.7522933484	2.4982662983565542	1.0662623261890554
2006	10	20	13.1325342212	6.354650517296202	1.0868386757346253
2006	10	21	14.386512014	5.4995392339661056	0.912529294258982
2006	10	22	52.487094168800006	15.760874633927255	1.0745247117830936
2006	10	23	17.375870000000003	17.018391227059748	1.165442791598225
2006	10	24	29.9347143204	9.389457228722618	1.3906920492522448
2006	10	25	27.6614779768	18.527411138818742	1.1454802639311468
2006	10	26	1.73605554644	7.888820760917844	1.1846684020070997
2006	10	27	0.000813244464724	5.055216704392625	1.750225748514083
2006	10	28	0.00041370624858	3.6467981200842314	2.017487776294744
2006	10	29	0.00163901480668	3.068340487243285	2.008285560752433
2006	10	30	0.412289870344	2.724619285120403	1.7438459193107592
2006	10	31	3.17620083496	2.699468953257753	1.5849377492342633
2006	11	01	0.040916261308	2.8503709444336525	1.4044524616465845
2006	11	02	0.0	2.3473643071806545	1.4415708473239788
2006	11	03	1.9523482844400002	2.1377782083252392	1.0867069129362459
2006	11	04	5.59262328488	2.0455603248288563	1.1769927628337635
2006	11	05	2.966415182	2.1880788720505393	0.8919200421640291
2006	11	06	5.311964619600001	2.263529867638489	0.9937049695186082
2006	11	07	2.1887675568400002	2.162928540187889	1.194908453123066
2006	11	08	0.017761685623999997	2.0539437687830735	1.3622228076544247
2006	11	09	0.0080791482188	1.861124557836091	1.3313575120189907
2006	11	10	0.0024368992590399997	1.743756342477058	1.2208773741016985
2006	11	11	0.00041370620104	1.676688790843325	1.2860120089697948
2006	11	12	0.00236373234664	1.6096212392095919	1.3546511125117777
2006	11	13	0.00203686613248	1.5593205754842923	1.3171990736288015
2006	11	14	0.014532331455999999	1.5090199117589924	1.1955171017949888
2006	11	15	23.587668887200003	1.5593205754842923	0.9624459189959245
2006	11	16	8.857067107199999	3.2024755905107507	0.9701656808349307
2006	11	17	26.005511451999997	4.510292847368544	0.6613927656165982
2006	11	18	10.7221554364	7.486415451115446	0.7102255255358616
2006	11	19	6.8311328928	7.645700886245561	0.6688066646090861
2006	11	20	2.0124295266	5.013299484621542	0.6909172403819411
2006	11	21	4.7747721276	4.191721977108313	0.6461789137085068
2006	11	22	2.2067202772	4.032436541978196	0.5275422547622429
2006	11	23	30.306978192000003	6.027696203081753	0.5418318700078111
2006	11	24	61.320869528399996	19.6172588528669	0.8338659300816346
2006	11	25	7.123065574	28.67137832342086	0.5282372205597103
2006	11	26	2.14249735024	11.652987096361109	0.6849952317092876
2006	11	27	52.3746620688	23.389808632264383	0.4428408115096926
2006	11	28	5.16552183312	22.551464236842722	0.6972920560881264
2006	11	29	0.0	9.892463865975618	0.8734022214293707
2006	11	30	0.0149537649988	7.528332670886529	0.985504430813961
2006	12	01	2.18650988224	6.371417405204635	0.957084360160688
2006	12	02	16.761014262400003	7.578633334611828	0.8004954312028741
2006	12	03	20.9792793468	7.863670429055195	0.9221928558421363
2006	12	04	10.1455028428	10.06013274505995	0.4806946987204319
2006	12	05	26.521810114	19.784927731951235	0.7710717579586079
2006	12	06	0.940191420476	13.748848084915263	0.6268026818941155
2006	12	07	34.626671768	14.419523601252594	0.8338306978893845
2006	12	08	13.310786402	23.47364307180655	0.8281019340915934
2006	12	09	1.1589259364800002	13.4135103267466	0.49960428067959706
2006	12	10	0.000812085924432	9.221788349638288	0.6973743058968545
2006	12	11	0.033815648876	7.65408433019978	0.6862576367985229
2006	12	12	1.70443792848	6.891190930366066	0.6944440996247377
2006	12	13	0.00602271775996	6.513935952426317	0.7140823028940676
2006	12	14	0.0012127824812	5.767809440501038	0.8359477826631635
2006	12	15	0.000815435973152	5.189351807660091	0.7991542641739132
2006	12	16	0.0	4.71987894622396	0.6928254485991981
2006	12	17	0.210428564904	4.443225295734811	0.6105180341068116
2006	12	18	0.1071620533	4.216872308970962	0.6203043859423382
2006	12	19	0.5774975695600001	3.9318352145275974	0.6578625725005603
2006	12	20	0.00122695054216	3.621647788221582	0.624136475190916
2006	12	21	0.00081041086204	3.395294801457733	0.6217578403658366
2006	12	22	0.0	3.2276259223734005	0.6567103158559988
2006	12	23	0.0016264889674800001	3.1102577070143678	0.6666924407435934
2006	12	24	0.0016380410924000002	2.909055052113169	0.6905496447529273
2006	12	25	0.0	2.8336040565252194	0.6942348927624907
2006	12	26	0.00203378268808	2.7162358411661867	0.6780557369062478
2006	12	27	0.00245154281508	2.615634513715587	0.7277697152342111
2006	12	28	0.00082741249716	2.540183518127637	0.7368284208210554
2006	12	29	0.86348390002	2.8336040565252194	0.7591064291297898
2006	12	30	6.6230607716	4.099504093611929	0.4732566582165005
2006	12	31	0.81531014428	6.2205154140287355	0.5038368504131562
2007	01	01	2.48710387604	4.686345170407093	0.7619268831988414
2007	01	02	0.0014038600032	3.7809332233516977	0.875281966926545
2007	01	03	0.000135507882888	3.2276259223734005	0.862413206916539
2007	01	04	0.0505251849248	3.0096563795637685	0.766936391162194
2007	01	05	0.18229167361600002	2.883904720250519	0.6688758841262427
2007	01	06	0.0442219998956	2.7665365048914863	0.8529997420206469
2007	01	07	2.01497225104	2.7330027290746197	0.6267228626260809
2007	01	08	1.6336094136000001	2.7581530609372695	0.6064681849682856
2007	01	09	0.63700072532	2.6491682895324535	0.6792119747129544
2007	01	10	0.0121038213906	2.439582190677038	0.855296218083638
2007	01	11	0.0	2.3138305313637884	0.8956666445509232
2007	01	12	0.00128346723512	2.2216126478674054	1.051942012031099
2007	01	13	0.0006542647337000001	2.1796954280963226	1.0504018226715803
2007	01	14	0.0072424962275600005	2.1126278764625894	0.8549183309933713
2007	01	15	1.4870048009599999	2.0539437687830735	0.6824737260645053
2007	01	16	1.21429045	2.01202654901199	0.7504010093971972
2007	01	17	2.2835064098	2.213229203913189	0.5738240788601423
2007	01	18	1.83589914952	2.900671608158952	0.6227312584313132
2007	01	19	0.0999917244088	2.590484181852937	1.027215300894713
2007	01	20	0.004314585403	2.2467629797300557	1.1406642712285135
2007	01	21	1.89771797868	2.1042444325083727	0.7846357234316298
2007	01	22	5.8269131456	2.3641311950890884	0.6599190132688885
2007	01	23	0.57559834656	2.2719133115927055	0.6589376549620775
2007	01	24	0.5279968678320001	2.079094100645723	0.6426927804797425
2007	01	25	0.7309550732	2.079094100645723	0.636756845790402
2007	01	26	0.0	1.944958997378257	0.7099522086368825
2007	01	27	0.00163215554532	1.8443576699276578	0.8371062829102494
2007	01	28	0.00122125439444	1.785673562248141	0.9906683176336372
2007	01	29	2.1979867988799997	1.785673562248141	0.8112988422509709
2007	01	30	1.51851735552	1.810823894110791	0.7515970503370677
2007	01	31	0.0012241166827600001	1.7186060106144079	0.8604717023028882
2007	02	01	0.00041370620104	1.676688790843325	0.949976180215046
2007	02	02	0.0	1.6431550150264584	1.0324272303263005
2007	02	03	0.20522290638000001	1.6180046831638086	0.8837917685364263
2007	02	04	0.12535284447199999	1.6096212392095919	0.9525854792025739
2007	02	05	0.291530892136	1.5677040194385088	1.0579875485528807
2007	02	06	2.25250928392	1.542553687575859	0.9448278092168151
2007	02	07	11.946647019599999	1.9617258852866901	0.8192967254658302
2007	02	08	14.209266730400001	3.1605583707396674	0.7002753595279234
2007	02	09	11.4667031464	3.6551815640384486	0.9072269940270409
2007	02	10	3.83853439024	3.4120616893661664	0.8628530948709954
2007	02	11	36.212244864	5.583373673508272	0.7205791001121652
2007	02	12	19.625096742	14.754861359421263	1.282279387988874
2007	02	13	11.361068315599999	8.551112833300957	1.2450625099024641
2007	02	14	14.3124741688	17.43756342477058	1.381081121037965
2007	02	15	2.9567636112	7.888820760917844	1.4894614122503855
2007	02	16	6.6596019172	6.564236616151617	1.2972524017398215
2007	02	17	2.3839275288	5.994162427264887	0.7516171841617642
2007	02	18	0.153401606108	5.147434587889007	1.0098077079641727
2007	02	19	11.815210329200001	4.828863717628776	1.116216420565727
2007	02	20	1.4875532224	6.4384849568383675	1.1043272763089766
2007	02	21	2.30346360672	4.786946497857693	1.3682885249224181
2007	02	22	16.8828355124	6.63130416778535	1.0578659369444334
2007	02	23	20.357861187599998	12.826669249951436	0.9926029521657113
2007	02	24	4.92439610072	9.724794986891284	0.9771816325667364
2007	02	25	4.447226757	9.557126107806953	1.2616819566739046
2007	02	26	0.00086925682484	6.622920723831133	1.648324299443069
2007	02	27	1.3879098578	5.348637242790207	1.8650469624723964
2007	02	28	0.695291477968	5.063600148346842	1.5499475319212435
2007	03	01	1.96368524332	4.6695782824986605	1.26465682266316
2007	03	02	3.0701122824000002	5.273186247202257	1.1525389389490273
2007	03	03	2.8001776903200004	7.8469035411467605	1.219505181067878
2007	03	04	9.0403956092	7.025326033633533	1.3049890799169552
2007	03	05	0.418658994304	6.564236616151617	1.335383632578415
2007	03	06	16.7901182504	8.467278393758791	1.2465337076770415
2007	03	07	13.088334381600001	9.80862942643345	1.2849414177751655
2007	03	08	0.0113967504134	6.3630339612504185	1.9072605785991832
2007	03	09	0.011442554728000001	5.088750480209491	2.0313921474399486
2007	03	10	0.000340743102128	4.485142515505894	2.301070263828527
2007	03	11	0.000810410919088	4.065970317795062	2.163718608014765
2007	03	12	0.0	3.8144669991685642	1.8444444434423757
2007	03	13	0.00204301885436	3.5881140124047155	2.1632914750706407
2007	03	14	0.00168814644588	3.3785279135493	2.2421277707474383
2007	03	15	0.07785970560080001	3.2192424784191838	2.1674579105735265
2007	03	16	2.75002051824	3.076723931197501	2.226099523971638
2007	03	17	0.0	2.925821940021602	2.310620866458926
2007	03	18	0.12120546438000002	2.791686836754136	2.1863122012007206
2007	03	19	1.4764168823200001	2.7413861730288365	1.5186549911751916
2007	03	20	1.23905479664	2.724619285120403	1.3478612427647603
2007	03	21	0.5255049066040001	2.548566962081854	1.3225945923060713
2007	03	22	0.254073498608	2.414431858814388	1.7586282537442668
2007	03	23	0.49216713931600004	2.4060484148601713	1.7676699127626623
2007	03	24	0.0	2.2802967555469222	2.3330867850155412
2007	03	25	0.86586532124	2.1964623160047556	2.1725583203750376
2007	03	26	1.7995666094399998	2.162928540187889	1.9786909604398932
2007	03	27	1.17302059568	2.1126278764625894	1.7355092690230327
2007	03	28	4.42130119832	2.146161652279456	1.8432224328587965
2007	03	29	0.13891915362	2.238379535775839	2.019778836855015
2007	03	30	6.4280602488	2.079094100645723	1.7712352494356929
2007	03	31	0.7304999727799999	2.2467629797300557	1.8651592632007807
2007	04	01	2.2627134596799996	2.0455603248288563	1.9602174995683763
2007	04	02	2.4308599676	2.01202654901199	2.101165842236235
2007	04	03	5.20656311512	1.9281921094698233	2.012787926335609
2007	04	04	0.238531864428	1.9281921094698233	2.2647755525586035
2007	04	05	0.25738412716000003	1.8024404501565743	2.354793658959832
2007	04	06	1.8060909039600002	1.7186060106144079	2.7022745291713126
2007	04	07	0.80332264804	1.676688790843325	2.632344027816838
2007	04	08	0.9295503426080001	1.6431550150264584	2.3491032055004752
2007	04	09	2.9466066902	1.6180046831638086	2.5220875779788865
2007	04	10	1.28967500832	1.6263881271180252	2.583438704039645
2007	04	11	3.60596329068	1.5677040194385088	2.5661074339300973
2007	04	12	0.654236285764	1.676688790843325	2.77322014957877
2007	04	13	1.1979737711999998	1.5174033557132092	2.796609353393282
2007	04	14	0.001785723627	1.4419523601252595	3.4994623782918675
2007	04	15	0.0011916255648399998	1.3832682524457431	3.294713177716212
2007	04	16	0.0083108724408	1.3329675887204433	3.4868657695826712
2007	04	17	0.054140054264	1.2910503689493602	3.6744124906996896
2007	04	18	0.012937763792	1.3078172568577935	3.7630555292305132
2007	04	19	4.0705773204	1.2407497052240606	3.136085937059307
2007	04	20	2.87545994256	1.2323662612698438	3.194277594828167
2007	04	21	0.74471105744	1.299433812903577	3.6188407808638097
2007	04	22	0.041665605804	1.2155993733614106	3.898067836155568
2007	04	23	0.227780141964	1.1317649338192446	3.6130819915209615
2007	04	24	2.8270916055999997	1.1066146019565946	3.5603089945740494
2007	04	25	9.4252984652	1.4335689161710428	2.085699837009641
2007	04	26	3.490636385	1.5341702436216424	2.079284339815334
2007	04	27	9.243568258	1.408418584308393	2.690060998037799
2007	04	28	8.358393424800001	1.5677040194385088	2.522790576501602
2007	04	29	2.8711035671200005	1.4587192480336928	2.6716499786015624
2007	04	30	8.867433679600001	1.4251854722168262	2.034801279587026
2007	05	01	10.326274643600001	1.7521397864312747	1.9493121339285604
2007	05	02	8.3132703584	2.03717688087464	2.4830509460474604
2007	05	03	0.04043721499	1.8778914457445242	3.375538325579002
2007	05	04	0.07386530352399999	1.5593205754842923	3.2608933107704643
2007	05	05	0.0	1.3748848084915264	3.3911231568741673
2007	05	06	0.00081041086204	1.2491331491782771	4.109937906175454
2007	05	07	0.002701194276	1.1652987096361107	4.290492034549608
2007	05	08	5.025033146399999e-06	1.0814642700939445	4.668270497302144
2007	05	09	0.00081607810544	1.0143967184602116	4.509173775944552
2007	05	10	0.0038858017008000004	0.9640960547349117	3.5180997708040853
2007	05	11	0.0442183079392	0.9389457228722621	3.5283529391322688
2007	05	12	0.6210246230800001	0.9389457228722621	3.7720507776488703
2007	05	13	14.3176379636	1.1652987096361107	2.2418171423329176
2007	05	14	2.6115404916	1.5257867996674257	2.613127703431672
2007	05	15	0.00216776619136	1.3497344766288766	3.48042509280556
2007	05	16	0.0212739123	1.1485318217276776	4.37166996541341
2007	05	17	0.00081607810544	1.0479304942770782	4.789783604954372
2007	05	18	0.4928623928	0.9473291668264785	4.777212963261899
2007	05	19	1.11759637192	0.8886450591469622	4.502543619717914
2007	05	20	2.5152325334	0.8634947272843123	3.1622012613757855
2007	05	21	7.16539176712	0.8634947272843123	2.7475389283415015
2007	05	22	9.741026818	1.006013274505995	4.324957680940182
2007	05	23	13.2162017688	2.229996091821622	2.9026604297614402
2007	05	24	20.743698679999998	1.6012377952553754	3.8112109791074538
2007	05	25	7.9256291984	1.6180046831638086	3.201730943713005
2007	05	26	1.15677788912	1.4838695798963426	3.3391308947158733
2007	05	27	1.71975360504	1.3078172568577935	2.888845550682234
2007	05	28	0.061280837995999995	1.2323662612698438	2.7824324472625537
2007	05	29	0.73624874728	1.1233814898650278	3.162335357372598
2007	05	30	2.58925335928	1.1233814898650278	2.841127541364589
2007	05	31	3.9827595307999997	1.1988324854529773	2.3910291220841566
2007	06	01	0.0179515204504	1.1820655975445442	4.0237501849237916
2007	06	02	0.079748197872	1.0563139382312947	4.61812234377799
2007	06	03	0.0332376604084	0.9473291668264785	4.3051217310457535
2007	06	04	0.0	0.8886450591469622	4.712451478572605
2007	06	05	0.00081113251924	0.8215775075132292	4.778999800803501
2007	06	06	0.00081607810544	0.7712768437879295	5.12052923814458
2007	06	07	0.128800064952	0.7545099558794962	4.731713998134742
2007	06	08	8.1975427856	0.7293596240168464	4.141788982716118
2007	06	09	12.368594945200002	0.7293596240168464	3.415909221876116
2007	06	10	5.5072870832800005	0.7293596240168464	3.553541758736886
2007	06	11	0.48394191113600005	0.7293596240168464	3.2998302566250435
2007	06	12	0.4722637862	0.7209761800626298	4.167473223097347
2007	06	13	15.2192597352	0.7293596240168464	3.0551173269021645
2007	06	14	44.125260749599995	2.3892815269517382	2.706645960561186
2007	06	15	0.793630383	1.9365755534240403	3.017473077099958
2007	06	16	17.3812629376	1.6263881271180252	3.608573790703807
2007	06	17	9.1127514892	4.225255752925179	2.6087391298346545
2007	06	18	4.7362561704	3.5629636805420657	2.8633150047329625
2007	06	19	12.762968719999998	2.9342053839758186	2.7710815742543042
2007	06	20	3.8747441820399997	2.640784845578237	2.953540051815875
2007	06	21	1.51406114608	2.08747754459994	2.7127572159296434
2007	06	22	0.16207821708	1.8192073380650076	3.692269058555225
2007	06	23	0.00081607810544	1.6180046831638086	5.029517677598091
2007	06	24	0.41294865113999996	1.475486135942126	3.91690998610527
2007	06	25	1.01823995876	1.4168020282626097	3.2290852522913
2007	06	26	0.000432047009436	1.3497344766288766	3.979110876185925
2007	06	27	0.0	1.2491331491782771	5.003636500762619
2007	06	28	0.000419373482472	1.1736821535903272	4.823877477412181
2007	06	29	0.0029463095652	1.114998045910811	5.057630490139063
2007	06	30	0.14211747367600003	1.031163606368645	4.236079190705055
2007	07	01	0.75327206064	0.9976298305517783	2.7872111935454775
2007	07	02	0.117725374744	1.0227801624144282	3.470457207367047
2007	07	03	1.8008292718399999	0.9892463865975617	2.7868431469024073
2007	07	04	0.014973949531999998	1.0227801624144282	3.782706026250839
2007	07	05	0.0016264889674800001	0.9557126107806951	5.406620751761278
2007	07	06	0.019151336872	0.8886450591469622	5.789171467856991
2007	07	07	0.0064878475036	0.8299609514674459	5.274242850639752
2007	07	08	0.1209330088368	0.7796602877421461	4.020302576980849
2007	07	09	2.30231294856e-05	0.7461265119252796	4.081264357613494
2007	07	10	0.0	0.7293596240168464	4.680570822428247
2007	07	11	0.0	0.6958258481999798	5.089263741405345
2007	07	12	0.0547521289116	0.6622920723831134	5.664529790835596
2007	07	13	0.0031963576048000004	0.6287582965662468	4.972411966898817
2007	07	14	0.0200080865884	0.5952245207493804	5.128908670255674
2007	07	15	14.3122459768	0.6203748526120303	2.419551562756666
2007	07	16	2.54434774084	0.737743067971063	2.9592582512345422
2007	07	17	0.039752579089600004	0.7209761800626298	3.736110499372268
2007	07	18	0.0219458730856	0.6622920723831134	4.00397292335031
2007	07	19	0.4874908482	0.6287582965662468	3.1533363810455963
2007	07	20	0.0144136064862	0.6119914086578137	3.8362411204013034
2007	07	21	0.0033716271260000002	0.5952245207493804	4.022958404367396
2007	07	22	3.6088696010400003	0.5616907449325139	3.6814439585605157
2007	07	23	7.29620844084	0.6371417405204635	2.7145830760664285
2007	07	24	0.00162659098832	0.6539086284288967	4.472683459445511
2007	07	25	5.025033146399999e-06	0.6287582965662468	5.019148971749639
2007	07	26	0.0243998983444	0.5784576328409471	4.767333004745041
2007	07	27	0.0009759553155999999	0.536540413069864	4.961964141263948
2007	07	28	0.0044351035816	0.48623974934456426	5.608073490409712
2007	07	29	0.0	0.4359390856192645	5.940881901373166
2007	07	30	0.000405205459544	0.40240530980239797	5.906185837170093
2007	07	31	0.00121844915412	0.3688715339855315	5.012389706899856
2007	08	01	1.1678191492	0.35210464607709824	3.5038759868565723
2007	08	02	0.00568643368164	0.3437212021228816	5.02609952552551
2007	08	03	0.00081041086204	0.335337758168665	5.835830810332954
2007	08	04	0.00162515898844	0.31857087026023173	5.455816965929914
2007	08	05	0.9477054312400001	0.3018039823517985	5.081248910580125
2007	08	06	0.2082677483	0.27665365048914864	3.384456007221416
2007	08	07	0.0126448051976	0.268270206534932	4.184751746222458
2007	08	08	0.0	0.268270206534932	4.714917197554657
2007	08	09	0.0	0.268270206534932	5.193615332827357
2007	08	10	0.00123737150032	0.268270206534932	5.253028584162739
2007	08	11	0.30988286292399997	0.25988676258071536	4.214494443146281
2007	08	12	0.15221035829600002	0.24311987467228213	3.8146990798460236
2007	08	13	0.00168953623024	0.23473643071806552	3.9640929224886183
2007	08	14	0.7131319468799999	0.23473643071806552	3.9608657393534457
2007	08	15	3.05909365136	0.24311987467228213	2.870782707026815
2007	08	16	0.0104529768254	0.25988676258071536	3.5063733570307827
2007	08	17	0.0	0.25988676258071536	4.511202690536932
2007	08	18	0.0027049247398	0.25988676258071536	4.571926243351608
2007	08	19	0.047104400488	0.24311987467228213	3.4034001425771674
2007	08	20	0.152437732608	0.22635298676384888	4.135323183524048
2007	08	21	0.0620566965008	0.21796954280963224	3.362364777579928
2007	08	22	0.044162967575999995	0.20958609885541563	3.6626132149530406
2007	08	23	0.000100413094248	0.20958609885541563	4.142181255507665
2007	08	24	0.0010711290644800002	0.20958609885541563	4.263094810078205
2007	08	25	4.94260515676	0.20120265490119899	4.537883353842066
2007	08	26	2.4347822077599997	0.21796954280963224	3.729973070372117
2007	08	27	2.54578211772	0.23473643071806552	4.389776639940809
2007	08	28	0.167823254936	0.24311987467228213	3.6396880754901275
2007	08	29	0.9970178175200001	0.23473643071806552	2.9128872886529007
2007	08	30	0.0008161137604399999	0.23473643071806552	3.722903678886396
2007	08	31	0.00041370620104	0.21796954280963224	4.290581930146493
2007	09	01	0.0	0.20120265490119899	4.593852110587594
2007	09	02	0.00082174525376	0.20120265490119899	4.011705820562455
2007	09	03	0.0	0.19281921094698237	4.272628935437015
2007	09	04	0.0	0.18443576699276576	4.234483150683673
2007	09	05	0.00041370620104	0.17605232303854912	4.477739895102719
2007	09	06	0.0	0.1676688790843325	4.862878623010949
2007	09	07	0.0	0.15928543513011587	4.675848055877059
2007	09	08	0.000810410919088	0.15090199117589925	4.352006711797851
2007	09	09	0.0013986543732	0.15090199117589925	3.988790503675044
2007	09	10	0.00121844915412	0.14251854722168264	3.991136388274724
2007	09	11	0.00081041086204	0.14251854722168264	4.149977120198584
2007	09	12	0.00081041086204	0.134135103267466	4.195051541989252
2007	09	13	1.7807966764799998	0.134135103267466	3.5106256388667822
2007	09	14	0.00294984768216	0.134135103267466	3.62220910176622
2007	09	15	0.0118779231956	0.1257516593132494	3.597730846818622
2007	09	16	11.651709810400002	0.134135103267466	2.8831418090756715
2007	09	17	12.0279822548	0.15090199117589925	2.202851947364502
2007	09	18	0.163462524832	0.1676688790843325	2.70358150446042
2007	09	19	0.0	0.1676688790843325	3.2863822420129236
2007	09	20	0.0	0.15928543513011587	3.1588142038576916
2007	09	21	0.188139046076	0.15090199117589925	3.117649037959199
2007	09	22	0.0057878881300799994	0.15090199117589925	2.6501663412751366
2007	09	23	0.00140263813012	0.14251854722168264	3.2605247760710405
2007	09	24	0.044242362228399994	0.14251854722168264	2.757351708502832
2007	09	25	0.004502677413	0.14251854722168264	2.521641891468516
2007	09	26	0.00041370620104	0.134135103267466	2.8629953849537095
2007	09	27	0.0020345278300400002	0.134135103267466	2.7145565725004612
2007	09	28	0.00081041086204	0.134135103267466	2.804678779489504
2007	09	29	4.69929134832	0.134135103267466	1.8525869972341038
2007	09	30	21.6140923764	0.18443576699276576	1.8680568835958897
2007	10	01	0.9731922527680001	0.22635298676384888	2.3091019084661326
2007	10	02	2.23359007536	0.23473643071806552	2.3016262456772467
2007	10	03	12.6078304872	0.22635298676384888	1.6825739216368483
2007	10	04	0.9401039753999999	0.22635298676384888	1.6846981541035213
2007	10	05	0.7064110269199999	0.22635298676384888	1.978364592834401
2007	10	06	0.007580546226719999	0.22635298676384888	2.288146892100298
2007	10	07	0.00107146564768	0.21796954280963224	2.21365826183448
2007	10	08	0.00304662543064	0.20120265490119899	2.4289727030407176
2007	10	09	0.0	0.20120265490119899	2.333267156210609
2007	10	10	0.00081041086204	0.19281921094698237	2.423085135826937
2007	10	11	0.0	0.18443576699276576	2.1483245249555702
2007	10	12	0.000405205459544	0.18443576699276576	2.2385272047874705
2007	10	13	0.00245186637232	0.18443576699276576	2.0992215672292818
2007	10	14	0.00163505852788	0.18443576699276576	2.089130113401759
2007	10	15	1.0238718324	0.18443576699276576	1.9839106006320801
2007	10	16	0.08677897404399999	0.18443576699276576	1.8567625146431928
2007	10	17	0.506131890712	0.18443576699276576	1.9049405008158444
2007	10	18	0.00081041086204	0.18443576699276576	1.988360865452147
2007	10	19	0.0	0.17605232303854912	2.136311125552798
2007	10	20	0.0	0.17605232303854912	2.0374601612889833
2007	10	21	0.0	0.17605232303854912	1.9200840158151862
2007	10	22	0.00244711265756	0.17605232303854912	1.72563152863616
2007	10	23	0.62755281588	0.17605232303854912	1.6104169965530355
2007	10	24	1.94357820032	0.17605232303854912	1.414314397591359
2007	10	25	0.007002375775999999	0.18443576699276576	1.461086810693197
2007	10	26	0.00216112580416	0.18443576699276576	1.550699344802769
2007	10	27	0.00163267972136	0.18443576699276576	1.5453075716205258
2007	10	28	0.000815776064804	0.18443576699276576	1.5656952294618596
2007	10	29	0.10694490008799999	0.18443576699276576	1.3687619195523402
2007	10	30	0.000810410919088	0.17605232303854912	1.5505087212401314
2007	10	31	0.0	0.17605232303854912	1.5073784973970439
2007	11	01	0.0016447550715200001	0.18443576699276576	1.5319642830687776
2007	11	02	0.00081041086204	0.17605232303854912	1.6556984870380034
2007	11	03	0.00081041086204	0.17605232303854912	1.5816973733117916
2007	11	04	0.00326468741728	0.1676688790843325	1.5560805770960013
2007	11	05	0.00042004974848	0.1676688790843325	1.5427041855074848
2007	11	06	0.00081607810544	0.15928543513011587	1.4846713162991807
2007	11	07	0.0	0.15928543513011587	1.5957341959133173
2007	11	08	0.00081607810544	0.15928543513011587	1.5274462154439101
2007	11	09	0.0272270926364	0.15928543513011587	1.2313598913362256
2007	11	10	0.00041370620104	0.15928543513011587	1.4908678056015496
2007	11	11	0.0008124806965920001	0.15090199117589925	1.3159881767837505
2007	11	12	1.2894631700799999	0.15928543513011587	1.1040375793685286
2007	11	13	0.0	0.15928543513011587	1.1741077588769304
2007	11	14	0.00041370620104	0.15928543513011587	1.2696830737644798
2007	11	15	1.67501123896e-06	0.15928543513011587	1.1566299689588075
2007	11	16	0.0024496629884	0.15090199117589925	1.021915645980109
2007	11	17	0.0020399082170800002	0.15090199117589925	1.0932686797826041
2007	11	18	0.51634819868	0.15090199117589925	0.9126760956807959
2007	11	19	23.8904578028	0.20958609885541563	0.6415268267887996
2007	11	20	4.9574493315999995	0.3940218658481814	0.7211548629071289
2007	11	21	11.327796020400001	0.5616907449325139	0.6305238013942787
2007	11	22	1.080881325	0.737743067971063	0.6868276604700412
2007	11	23	0.00127213227292	0.6119914086578137	0.8140465451702052
2007	11	24	0.00081041086204	0.47785630539034757	0.8395649146099099
2007	11	25	0.000405205459544	0.38563842189396474	1.0040310171332167
2007	11	26	0.0008274125446999999	0.3437212021228816	1.0192169763738799
2007	11	27	0.0	0.31018742630601515	0.9448433930721207
2007	11	28	0.00107995210816	0.2934205383975818	0.8948476880499125
2007	11	29	0.0044120828120000006	0.2850370944433653	0.9776802016430428
2007	11	30	0.0111245035708	0.27665365048914864	0.9010902773422413
2007	12	01	1.9326787045199998	0.25988676258071536	0.593876805085939
2007	12	02	0.019829060456399997	0.25988676258071536	0.9089758783673412
2007	12	03	0.363364060328	0.25988676258071536	0.8175858222809431
2007	12	04	0.029830668276399994	0.268270206534932	0.9364504997487374
2007	12	05	0.41478675671599996	0.25988676258071536	0.7750232909842376
2007	12	06	0.019244052232400003	0.25988676258071536	0.9501498194913793
2007	12	07	0.68673498156	0.268270206534932	0.7536004016082464
2007	12	08	0.72741705132	0.25988676258071536	0.8275900667040313
2007	12	09	2.3584555968	0.27665365048914864	0.7399298229684101
2007	12	10	0.163358355184	0.27665365048914864	0.6736653452211736
2007	12	11	0.00120887554892	0.268270206534932	0.7570286986224303
2007	12	12	0.000405205459544	0.25988676258071536	0.7638212116007954
2007	12	13	0.00041370620104	0.25988676258071536	0.8104109682007257
2007	12	14	0.00081041086204	0.2515033186264988	0.7490000747154038
2007	12	15	0.00041370624858	0.2515033186264988	0.7859050367462863
2007	12	16	0.00081041086204	0.2515033186264988	0.6812794819518789
2007	12	17	0.0	0.2515033186264988	0.5932804111064621
2007	12	18	9.5316901328	0.2515033186264988	0.5354936161098004
2007	12	19	4.113930948000001	0.5952245207493804	0.57049686062381
2007	12	20	0.8276452529999999	0.8551112833300958	0.5749940428442829
2007	12	21	0.24791532864399995	0.6874424042457632	0.7124505475388984
2007	12	22	0.00327124622584	0.5784576328409471	0.7579773144001182
2007	12	23	0.00084283447316	0.5030066372529975	0.7656523226759423
2007	12	24	0.0	0.45270597352769776	0.7805657195546911
2007	12	25	11.7753356788	0.41917219771083125	0.6150189649827325
2007	12	26	0.0057666666544	0.5197735251614307	0.7497120938085983
2007	12	27	0.0	0.5281569691156474	0.7708638306460945
2007	12	28	0.00081041086204	0.48623974934456426	0.7420637562106794
2007	12	29	0.183750314912	0.41917219771083125	0.6659929383858129
2007	12	30	0.142997686284	0.3940218658481814	0.5518032822858021
2007	12	31	0.00200300881004	0.3940218658481814	0.7771483152984652
2008	01	01	8.1016536548	0.38563842189396474	0.7214329814326746
2008	01	02	21.6830111144	1.299433812903577	0.5488883286544934
2008	01	03	20.168445664000004	4.61927761877336	0.4461377405424904
2008	01	04	0.124460081304	2.774919948845703	0.736693563153789
2008	01	05	2.10067631716	1.634771571072242	0.6905320145735008
2008	01	06	0.84997536148	1.3497344766288766	0.5474753622862375
2008	01	07	1.1231349720800001	1.1485318217276776	0.6262582173186985
2008	01	08	7.51021459992	1.006013274505995	0.7171469176003548
2008	01	09	1.2950185994	1.2323662612698438	0.7985048976419388
2008	01	10	4.167667882079999	1.1317649338192446	0.6506363365623744
2008	01	11	20.4100287312	3.5881140124047155	0.7016130651331853
2008	01	12	0.710168911792	2.9174384960673856	0.6391142736346802
2008	01	13	17.281600081599997	3.018039823517985	0.4709581389965843
2008	01	14	4.14824940844	5.776192884455255	0.5180616076473038
2008	01	15	30.2182181596	8.232541963040726	0.6121581428682571
2008	01	16	8.7184499752	17.18606010614408	0.4789749684349899
2008	01	17	1.43100239572	10.227801624144282	0.7794620478960697
2008	01	18	0.62591981688	6.547469728243184	0.6887140923611899
2008	01	19	0.00081607810544	4.2755564166504785	1.059097850040919
2008	01	20	0.00041370620104	3.177325258648101	1.1395307296555715
2008	01	21	0.00164708852488	2.6491682895324535	1.144485193621964
2008	01	22	0.0055787852466	2.229996091821622	1.1943388353881732
2008	01	23	0.00123154756508	1.9030417776071737	1.1307184206186025
2008	01	24	0.0	1.7102225666601916	1.0984735078152588
2008	01	25	0.00203598065244	1.5341702436216424	0.9768770152240808
2008	01	26	0.00081705124924	1.4335689161710428	1.0223298430793137
2008	01	27	0.00204586222176	1.3581179205830933	1.022714980709251
2008	01	28	0.0032614775164800003	1.2910503689493602	1.0686024935183245
2008	01	29	0.00286160963896	1.2491331491782771	1.0931354872626948
2008	01	30	0.038763721418	1.207215929407194	1.0014063936187652
2008	01	31	0.00110910591808	1.1317649338192446	1.0271155258063973
2008	02	01	7.2326162746	1.1736821535903272	0.8696273878812548
2008	02	02	0.021851247568000002	1.861124557836091	0.9632210687234014
2008	02	03	20.8153928032	2.640784845578237	0.7462526128986159
2008	02	04	2.738529815	6.094763754715486	0.8051086303009559
2008	02	05	2.8314614824	5.222885583476957	0.7702345833176099
2008	02	06	0.008753539249200002	5.147434587889007	1.210238523469056
2008	02	07	0.00081041086204	3.8060835552143475	1.4192012757759762
2008	02	08	0.0016450560947999999	2.7665365048914863	1.3586838696779349
2008	02	09	0.0	2.1126278764625894	1.4285727791721947
2008	02	10	0.0008217453488399999	1.785673562248141	1.3610483219734202
2008	02	11	0.00041370620104	1.5257867996674257	1.3601167740500353
2008	02	12	0.00367235118924	1.4000351403541764	1.29196368175023
2008	02	13	0.00121844915412	1.3329675887204433	1.2430745776879553
2008	02	14	0.0008520845781679999	1.274283481040927	1.355837815404394
2008	02	15	0.13254078788399998	1.1904490414987607	1.3369764753545594
2008	02	16	0.00041370620104	1.1066146019565946	1.421027834645395
2008	02	17	0.49299569496	1.073080826139728	1.4940429316649548
2008	02	18	5.1967771012	1.1317649338192446	0.8717817288023018
2008	02	19	4.10633852476	1.3329675887204433	1.1225948185298926
2008	02	20	0.6487437708799999	1.4587192480336928	1.2077071746108374
2008	02	21	0.0571599728636	1.2826669249951437	1.6011826534927318
2008	02	22	0.00163638593976	1.114998045910811	1.6196301861944102
2008	02	23	1.28694554676	1.0143967184602116	1.546834086816999
2008	02	24	5.718363162000001	1.114998045910811	1.100321570316881
2008	02	25	0.204121813424	1.2407497052240606	1.705666092503935
2008	02	26	0.038950621124799994	1.0982311580023778	1.5335466065443981
2008	02	27	6.444563284399999	1.0563139382312947	1.461140406897892
2008	02	28	0.200104341136	1.2155993733614106	1.5808462351711798
2008	02	29	0.0439753595232	1.1317649338192446	1.7678992224703893
2008	03	01	0.0092751500308	1.0227801624144282	2.0544465492167743
2008	03	02	0.00087345874282	0.9640960547349117	2.0322826067024717
2008	03	03	0.0032253223006	0.9054119470553955	1.8375982783659397
2008	03	04	0.013221067963199998	0.8467278393758791	1.3497569913656873
2008	03	05	0.0008160780769160001	0.8215775075132292	1.5856663148981718
2008	03	06	0.00165057044956	0.7880437316963628	1.8780328648515752
2008	03	07	0.00204019459804	0.7964271756505794	1.884029764993586
2008	03	08	0.025038787453599998	0.7880437316963628	1.6632973086488165
2008	03	09	2.4222957316800002	0.8131940635590126	1.1251769658979982
2008	03	10	11.687280189200001	1.3748848084915264	1.3625096376597325
2008	03	11	1.4221961812	1.8275907820192243	1.666525278592026
2008	03	12	0.26052549429599997	1.3748848084915264	1.4674809772052617
2008	03	13	0.000225345143164	1.0982311580023778	2.592844797086178
2008	03	14	0.155016264176	0.9808629426433451	2.432821522866767
2008	03	15	5.17291420804	0.9892463865975617	1.3709789120159415
2008	03	16	0.66505041874	1.0563139382312947	1.465069826161981
2008	03	17	8.66547235	1.0395470503228614	1.5387396909263276
2008	03	18	2.3630004207999997	1.4168020282626097	1.460736724961543
2008	03	19	0.283383696112	1.4587192480336928	1.9449538109907123
2008	03	20	0.00122315162076	1.1904490414987607	2.224579155902334
2008	03	21	0.14537829932399998	0.9976298305517783	2.1458817795215177
2008	03	22	8.1344229768	1.2491331491782771	1.6510215558430048
2008	03	23	0.71388431492	1.8778914457445242	1.5086085709028978
2008	03	24	1.67013857912	1.5174033557132092	1.7348542085436673
2008	03	25	1.26190090428	1.2659000370867104	1.5906536382749072
2008	03	26	7.9501436748000005	1.2323662612698438	1.400275383760945
2008	03	27	5.1391933254	1.6096212392095919	2.0386616532708413
2008	03	28	0.9179113526	1.6263881271180252	1.616919026242246
2008	03	29	0.012898474834399999	1.3665013645373099	2.8299813476879354
2008	03	30	13.0793246008	1.8275907820192243	1.540263515883029
2008	03	31	0.21256981404400002	2.3892815269517382	1.8758442841848209
2008	04	01	0.02886048812	1.8443576699276578	2.954304725679746
2008	04	02	0.00041370620104	1.4000351403541764	3.297841216867197
2008	04	03	0.0	1.1904490414987607	3.66903463653631
2008	04	04	0.0008039027311199999	1.0563139382312947	3.76211921179781
2008	04	05	0.00082741249716	0.9892463865975617	3.447163901732833
2008	04	06	0.0008675065922000001	0.9473291668264785	2.9868263276737173
2008	04	07	13.1302427932	1.0563139382312947	2.1621963987097566
2008	04	08	27.779083379600003	6.9498750380455805	2.034693534120433
2008	04	09	26.185369534	10.563139382312947	1.597411419723259
2008	04	10	23.934194602799998	14.08418584308393	1.9903459810187412
2008	04	11	1.4728101176	9.557126107806953	2.094123625817963
2008	04	12	5.566045001999999	6.0025458712191035	1.8995022643002741
2008	04	13	4.8603175052	5.28995313511069	1.9766269191444694
2008	04	14	0.0018214718054	4.728262390178177	2.8455912504965415
2008	04	15	0.0012298595147599998	3.722249115672182	2.9866129697644683
2008	04	16	7.5815327768	3.3198438058697834	2.698989892592403
2008	04	17	24.139428585999998	6.337883629387768	1.6647256002889785
2008	04	18	20.933483114	18.946583336529574	1.4490662352732597
2008	04	19	22.9757425644	24.311987467228214	1.4793398101610093
2008	04	20	7.900348377199999	21.545450962336727	1.5497926939132547
2008	04	21	3.2269232576399998	15.67704019438509	1.9264991920766223
2008	04	22	6.226351451679999	12.07215929407194	2.141451873999385
2008	04	23	2.0022174592	11.066146019565945	2.6404484088920683
2008	04	24	0.0008189116796	8.970285031011787	3.782418141047469
2008	04	25	0.00081041086204	7.285212796214247	4.107218227723365
2008	04	26	0.020248051394	6.295966409616685	3.786028871049678
2008	04	27	0.0161545379252	5.600140561416706	3.5078888243197333
2008	04	28	1.32621929156	5.030066372529975	2.252359626348185
2008	04	29	5.914580708800001	4.946231932987809	1.9786346071361303
2008	04	30	1.312355962	5.876794211905854	2.278794006520646
2008	05	01	0.24775741978	5.21450213952274	2.6978734610435398
2008	05	02	0.0012218331464	4.426458407826378	4.0968723859538105
2008	05	03	0.0723929174632	3.8312338870769977	4.0132438975407965
2008	05	04	1.10443996216	3.4958961289083326	3.401582797677827
2008	05	05	0.10411539535199998	3.3198438058697834	4.208964243302354
2008	05	06	0.41212114137600003	3.059957043289068	3.998423803851457
2008	05	07	5.0993895096	2.7413861730288365	3.4057803516025484
2008	05	08	7.18855724848	2.70785239721197	2.786557576056038
2008	05	09	6.370220707800001	2.640784845578237	2.3876515208655475
2008	05	10	1.9159165759199999	2.6240179576698037	2.7204854710691935
2008	05	11	0.41921418544	2.615634513715587	3.2989354799581503
2008	05	12	4.7374237528	2.9593557158384685	2.7463319756182227
2008	05	13	8.7448698548	2.7330027290746197	2.4978353758738705
2008	05	14	8.3165316024	2.892288164204736	2.5382683113030886
2008	05	15	10.0423676652	8.467278393758791	2.2828116978988646
2008	05	16	0.46349184802	6.673221387556433	3.0550568768779565
2008	05	17	2.50858292344	4.652811394590227	2.9537844915635203
2008	05	18	7.450269132	3.6803318959010984	2.01739928620364
2008	05	19	2.64921822352	3.085107375151718	3.0565567413555335
2008	05	20	0.199284913172	2.615634513715587	3.4127192244071662
2008	05	21	3.14138120784	2.3473643071806545	2.6640313376778515
2008	05	22	11.934432092	2.598867625807154	2.532984006085534
2008	05	23	11.2112479072	8.802616151927456	2.970827150751267
2008	05	24	6.943017332	8.014572420231094	1.9401670041657844
2008	05	25	4.4599850668	6.178598194257653	3.111025120437895
2008	05	26	12.238927693599999	6.88280748641185	2.446865978923054
2008	05	27	8.283070098	7.033709477587748	2.8120362464174953
2008	05	28	8.4257081632	5.734275664684171	2.660874434419868
2008	05	29	6.53379263168	6.044463090990186	2.364943387658259
2008	05	30	8.3915107396	6.052846534944403	2.8518453931755854
2008	05	31	1.69718427528	5.960628651448021	3.6014498675938253
2008	06	01	0.9016560003999999	5.172584919751658	3.455848572642728
2008	06	02	0.09661230927999999	4.17495508919988	2.9563570380281226
2008	06	03	0.48487779308400003	3.621647788221582	3.6619585664070766
2008	06	04	0.07409989916200001	3.1857087026023176	3.5321859933562254
2008	06	05	0.6299726684360001	2.858754388387869	3.3133891531511064
2008	06	06	0.0241481274552	2.6491682895324535	4.318080764186342
2008	06	07	0.000405205459544	2.338980863226438	4.498481046831245
2008	06	08	0.386895808864	1.9952596611035567	4.011591938400008
2008	06	09	0.5460078342	1.894658333652957	4.397114080944668
2008	06	10	2.23480852556	1.8192073380650076	4.387782578086306
2008	06	11	0.438194549456	1.7353728985228414	4.633455953708271
2008	06	12	0.554692973848	1.5928543513011588	4.824436961436433
2008	06	13	0.00244039459	1.475486135942126	4.576623055719595
2008	06	14	0.058905140592	1.3748848084915264	4.681254210257049
2008	06	15	4.363716566799999	1.676688790843325	3.0561620962466116
2008	06	16	20.3245185332	2.858754388387869	3.315617243098246
2008	06	17	0.00121667904976	3.168941814693884	4.457238869565953
2008	06	18	0.000810410919088	2.2719133115927055	4.163627945259076
2008	06	19	0.023631249756	1.6850722347975413	4.921565336753435
2008	06	20	0.34225602459599996	1.3832682524457431	5.160163300167966
2008	06	21	0.00730068575804	1.2407497052240606	5.382385701472578
2008	06	22	0.053270381274	1.1233814898650278	5.276771738989198
2008	06	23	0.21306318416400002	1.0646973821855115	4.7771540245834165
2008	06	24	0.12954664261999999	0.9640960547349117	4.239827513385297
2008	06	25	0.00163383056968	0.9137953910096122	5.574392317763221
2008	06	26	0.078890500208	0.8634947272843123	5.575644339060727
2008	06	27	0.00154222840592	0.8299609514674459	5.809691275639587
2008	06	28	0.00081041086204	0.7796602877421461	5.955464455509456
2008	06	29	0.0021014163248	0.7293596240168464	5.598980705895545
2008	06	30	0.00082110317852	0.6958258481999798	5.61643202178012
2008	07	01	0.15901743024399997	0.67067551633733	4.405227960681459
2008	07	02	3.9733542172	0.6371417405204635	3.05633553411172
2008	07	03	0.011147383621999999	0.6371417405204635	3.859194719653733
2008	07	04	2.0580455828	0.6455251844746801	3.8242062017299876
2008	07	05	0.11054648294800001	0.6790589602915467	3.617116157284608
2008	07	06	0.0078840202888	0.6874424042457632	3.4850817090160557
2008	07	07	0.0021404139572800004	0.6622920723831134	3.6789178598963366
2008	07	08	0.0008111867623799999	0.6455251844746801	4.948324687484138
2008	07	09	0.000419373510996	0.6119914086578137	4.878240214867273
2008	07	10	2.36946652636	0.5784576328409471	4.731826482923814
2008	07	11	0.437082883604	0.5616907449325139	3.2244941993428
2008	07	12	0.185240408672	0.5533073009782973	3.5093091678564314
2008	07	13	0.0008587103896039999	0.536540413069864	4.834827253813587
2008	07	14	0.000813244464724	0.5197735251614307	5.6253362600742705
2008	07	15	0.0016311516906800001	0.49462319329878085	5.72640958948331
2008	07	16	0.0020386612428799997	0.45270597352769776	5.584345086681507
2008	07	17	0.0012297843064799998	0.4275556416650479	5.558428297450437
2008	07	18	0.00327243139804	0.3940218658481814	6.283814435315459
2008	07	19	0.035824950746	0.3772549779397481	5.880774244456183
2008	07	20	0.6726610498	0.35210464607709824	4.883978675444325
2008	07	21	0.000419373482472	0.3437212021228816	5.859205701414984
2008	07	22	0.00082218594956	0.335337758168665	6.030393131042503
2008	07	23	0.004142887562	0.32695431421444837	4.829172926518879
2008	07	24	0.8687200982400001	0.2934205383975818	4.243024877226675
2008	07	25	4.4215594356	0.268270206534932	2.975880233508092
2008	07	26	0.448333215096	0.2934205383975818	3.9575730839872754
2008	07	27	0.113266835844	0.3018039823517985	4.354045185426746
2008	07	28	0.365876615884	0.2934205383975818	3.3013884550227557
2008	07	29	0.000566289291952	0.2934205383975818	4.43322168472995
2008	07	30	0.026840844398400003	0.25988676258071536	4.530155612761932
2008	07	31	3.9229014413999996	0.25988676258071536	3.4890226278463308
2008	08	01	0.00164207305488	0.268270206534932	4.139693005227832
2008	08	02	0.00199245055636	0.27665365048914864	5.489452903797303
2008	08	03	0.00098630933744	0.27665365048914864	5.93697033565116
2008	08	04	0.00062722916356	0.25988676258071536	5.992093446326072
2008	08	05	0.00401803078792	0.2515033186264988	5.271772068428049
2008	08	06	0.486943539196	0.24311987467228213	4.068813842748632
2008	08	07	0.11072188653199999	0.23473643071806552	3.4142586818233887
2008	08	08	0.0015103000665199998	0.23473643071806552	4.484300184964819
2008	08	09	0.0	0.23473643071806552	5.3827038661433075
2008	08	10	0.16112459320400002	0.21796954280963224	4.769782314008075
2008	08	11	4.870220087200001	0.21796954280963224	2.576353599254446
2008	08	12	1.2154888383199998	0.2515033186264988	2.787644552408561
2008	08	13	0.013868520927999999	0.25988676258071536	3.515091751775619
2008	08	14	0.039205496376	0.25988676258071536	3.5332186189905963
2008	08	15	0.0032996430088000003	0.2515033186264988	3.837740530771176
2008	08	16	4.033755974039999	0.2515033186264988	3.061812201278096
2008	08	17	0.0847808830568	0.24311987467228213	3.0947474474956667
2008	08	18	0.36384330156	0.24311987467228213	3.2937344882596435
2008	08	19	0.00186262851452	0.22635298676384888	3.6809450074369074
2008	08	20	0.0012312921802	0.21796954280963224	4.457397472391525
2008	08	21	1.26493205468	0.21796954280963224	3.8566785980199767
2008	08	22	0.28372921683200003	0.20958609885541563	3.4759473972846373
2008	08	23	0.00163215554532	0.20120265490119899	4.3373596737477325
2008	08	24	0.0144637160232	0.20120265490119899	4.162895210743434
2008	08	25	0.01113617369	0.19281921094698237	4.395344077829871
2008	08	26	0.00204019459804	0.19281921094698237	4.654246234620318
2008	08	27	0.014401205677200001	0.18443576699276576	4.765297978518351
2008	08	28	1.1984450827600002	0.17605232303854912	4.741897462267457
2008	08	29	8.9691093792	0.17605232303854912	4.172160880346913
2008	08	30	7.6604470850399995	0.17605232303854912	2.676999735120555
2008	08	31	0.7539658593999999	0.18443576699276576	2.7332962188636785
2008	09	01	0.00543182408396	0.19281921094698237	3.5403795103817353
2008	09	02	0.0493156884084	0.19281921094698237	3.0146400783524974
2008	09	03	6.7143803576000005	0.18443576699276576	2.040590926282252
2008	09	04	2.5945140406	0.18443576699276576	2.7513551948773487
2008	09	05	25.9775256048	0.31857087026023173	1.6046708856179293
2008	09	06	0.8628251382400001	0.5533073009782973	2.2922896988557264
2008	09	07	0.00054652573496	0.4107887537566146	3.299989432518453
2008	09	08	0.0083272499708	0.335337758168665	3.329891434022419
2008	09	09	8.435150558	0.2934205383975818	2.807473136210154
2008	09	10	0.01880356751	0.27665365048914864	3.239609221966615
2008	09	11	0.93827625256	0.25988676258071536	2.269452773795516
2008	09	12	0.09906525443	0.24311987467228213	2.3714330944016417
2008	09	13	0.0012127824812	0.23473643071806552	3.1403154641411515
2008	09	14	0.0016096730236	0.23473643071806552	3.4254975715658573
2008	09	15	0.00041370620104	0.22635298676384888	3.4111959360359507
2008	09	16	0.006194032238399999	0.22635298676384888	3.1024515373985087
2008	09	17	0.0349031995876	0.21796954280963224	2.877948164270145
2008	09	18	4.209661295199999	0.20958609885541563	2.888019795718605
2008	09	19	0.00725451433956	0.20958609885541563	3.2847603280444893
2008	09	20	1.9161932587200001	0.20958609885541563	3.391845566937735
2008	09	21	6.909482616	0.20958609885541563	2.47123647727139
2008	09	22	11.947748046000001	0.268270206534932	1.1861942506248222
2008	09	23	0.63500356992	0.32695431421444837	2.3232207496097335
2008	09	24	0.071156217608	0.31857087026023173	2.1646532460805195
2008	09	25	0.0012127712617599998	0.2934205383975818	2.6244035185360817
2008	09	26	0.000810410919088	0.268270206534932	2.691001320223752
2008	09	27	0.00040585596838	0.2515033186264988	2.7947120188706895
2008	09	28	0.0	0.24311987467228213	2.6356332719586666
2008	09	29	0.0008189116796	0.24311987467228213	2.6011484790249466
2008	09	30	0.0	0.23473643071806552	2.664792715369037
2008	10	01	0.00092654133634	0.22635298676384888	2.525495961326095
2008	10	02	0.007473256433439999	0.20958609885541563	2.0744756223526295
2008	10	03	0.007457184680720001	0.20120265490119899	1.7827349892135593
2008	10	04	0.000737610739756	0.20958609885541563	2.1523793375177003
2008	10	05	0.0	0.20958609885541563	2.07944075164886
2008	10	06	1.16959201088	0.20958609885541563	2.0445869459777666
2008	10	07	31.1734260684	0.4443225295734811	1.6812512829588038
2008	10	08	0.346749400808	0.6874424042457632	1.6225499444528395
2008	10	09	0.00081607810544	0.49462319329878085	2.0615569393664415
2008	10	10	0.00163782326412	0.38563842189396474	2.688940710612948
2008	10	11	1.0355253126	0.3437212021228816	2.3562775547545485
2008	10	12	0.70736696124	0.31857087026023173	1.9715767344843182
2008	10	13	1.0381899296	0.31018742630601515	1.868690524784521
2008	10	14	0.051992063952	0.31018742630601515	2.1501519733358236
2008	10	15	0.0136927997768	0.3018039823517985	2.2677524586965845
2008	10	16	1.66642969848	0.3018039823517985	1.6152955713613182
2008	10	17	0.207598423132	0.2850370944433653	1.5588759597170343
2008	10	18	0.20889570415999997	0.2850370944433653	1.8517524192890813
2008	10	19	0.0024400237780000003	0.27665365048914864	1.9297134025363012
2008	10	20	0.083183504828	0.268270206534932	1.8694214495185955
2008	10	21	7.900012744800001	0.25988676258071536	1.5886525229997717
2008	10	22	0.1062571446128	0.25988676258071536	1.4219656872085882
2008	10	23	0.00164349003212	0.25988676258071536	1.7601083194406082
2008	10	24	0.0024407327895600004	0.268270206534932	1.7072013634195389
2008	10	25	0.00122487513592	0.268270206534932	1.7994522424507964
2008	10	26	0.0	0.25988676258071536	1.7702792641368612
2008	10	27	2.58073371588	0.25988676258071536	1.567432266492342
2008	10	28	0.18856988208	0.268270206534932	0.9757124915485765
2008	10	29	0.79610350888	0.268270206534932	0.9403809869022361
2008	10	30	6.742722184320001	0.2850370944433653	1.0055820998113902
2008	10	31	0.6185362558759999	0.31018742630601515	0.9362329976011105
2008	11	01	2.2091419648	0.31018742630601515	0.9533260077556617
2008	11	02	0.037306030922	0.3018039823517985	1.0969973412659153
2008	11	03	5.1939912572	0.3018039823517985	0.8511654067204674
2008	11	04	8.6071236556	0.31018742630601515	0.973066568823698
2008	11	05	0.20479266938	0.335337758168665	0.8940237740513984
2008	11	06	0.7343369737200001	0.335337758168665	0.9993266370557767
2008	11	07	2.94557488204	0.3437212021228816	0.9796014854212393
2008	11	08	0.50145914608	0.35210464607709824	1.0743380432602618
2008	11	09	0.3541273616	0.3437212021228816	0.835233113366023
2008	11	10	0.06620144668	0.32695431421444837	1.0468964531673925
2008	11	11	12.6416865736	0.5197735251614307	0.9924915157138827
2008	11	12	0.80134479388	0.7042092921541965	0.8634553678376596
2008	11	13	0.000432047009436	0.5952245207493804	1.0496013843330612
2008	11	14	0.00041370620104	0.5197735251614307	1.0969649259227316
2008	11	15	0.0010426297852799999	0.46108941748191445	1.1203715164516583
2008	11	16	0.0024504930368000003	0.4275556416650479	1.2267645853596867
2008	11	17	0.0	0.3940218658481814	1.1705951803269121
2008	11	18	0.12149930912	0.3772549779397481	0.9276746807203734
2008	11	19	0.00041370620104	0.3688715339855315	1.0809870322871047
2008	11	20	0.00252916527136	0.3604880900313149	0.9845036731079617
2008	11	21	0.00161454416216	0.35210464607709824	1.0348296225970355
2008	11	22	0.0079629585572	0.3437212021228816	0.9297485847508723
2008	11	23	0.0633943751192	0.335337758168665	0.9233501144354104
2008	11	24	4.837547746799999	0.335337758168665	0.692043681867001
2008	11	25	0.271069600072	0.3604880900313149	0.7389081980462687
2008	11	26	0.00169110438468	0.3604880900313149	0.7369812729878809
2008	11	27	0.0020490668931599995	0.3437212021228816	0.7196514903890272
2008	11	28	15.406442780400003	0.35210464607709824	0.5753642376433606
2008	11	29	5.7947009924	0.5281569691156474	0.3753809750222258
2008	11	30	2.20845472656	0.5616907449325139	0.38824142554332347
2008	12	01	1.0716656009199999	0.5197735251614307	0.5497954084601839
2008	12	02	0.5701088076799999	0.48623974934456426	0.6182444381861544
2008	12	03	14.173090691999999	0.8634947272843123	0.588791290066716
2008	12	04	2.9554034918	1.4168020282626097	0.7116959455445813
2008	12	05	0.81453495704	1.2323662612698438	0.5269342153746824
2008	12	06	13.2518871944	1.1066146019565946	0.5149752858698031
2008	12	07	16.4535901968	3.8060835552143475	0.5640598302148604
2008	12	08	0.12363651735999999	3.3701444695950826	0.6892913221558634
2008	12	09	1.06511915276	2.06232721273729	0.588563061573047
2008	12	10	0.21164120571599998	1.584470907346942	0.5608210754540073
2008	12	11	4.8814675757999995	1.3329675887204433	0.5223022242125344
2008	12	12	3.51093482404	1.408418584308393	0.6343355957449784
2008	12	13	26.0357877764	3.152174926785451	0.6479323696390584
2008	12	14	6.0481687743600006	3.4707457970456828	0.4705562496256854
2008	12	15	0.910872608724	2.213229203913189	0.6118429401273184
2008	12	16	0.0038024825263200004	2.03717688087464	0.7595945006974701
2008	12	17	0.5098755326	1.9617258852866901	0.704444399689544
2008	12	18	0.0008217452822840001	1.919808665515607	0.7322303974883382
2008	12	19	0.00122666596772	1.6515384589806752	0.8283876999110968
2008	12	20	0.00163782326412	1.4671026919879093	0.8905215209103368
2008	12	21	0.002445400552	1.3748848084915264	0.8851539584452813
2008	12	22	0.00041370620104	1.2910503689493602	0.8325905333878745
2008	12	23	0.0012241166827600001	1.2239828173156273	0.8500013995088199
2008	12	24	0.0	1.1317649338192446	0.7512705548677578
2008	12	25	0.00081041086204	1.0898477140481613	0.7655268452990039
2008	12	26	1.06506315064	1.0646973821855115	0.7256086493183479
2008	12	27	11.4711956764	1.0898477140481613	0.493306613256863
2008	12	28	0.235650094216	1.3581179205830933	0.5647522246016047
2008	12	29	1.8220615866399998	1.6263881271180252	0.7289235061924804
2008	12	30	0.347924846324	2.3725146390433047	0.679782435106035
2008	12	31	10.1605026636	2.489882854402338	0.3362746736709381
2009	01	01	0.300533960288	3.7557828914890483	0.7327239707684737
2009	01	02	13.494913576	3.1186411509685845	0.6038386441692543
2009	01	03	1.9316102905599999	2.892288164204736	0.6172531603123113
2009	01	04	0.0259605985124	2.439582190677038	0.6170567824468057
2009	01	05	0.220482419184	2.079094100645723	0.6262069627840612
2009	01	06	0.0197467924864	1.8695080017903074	0.6040701462371866
2009	01	07	0.048581487304	1.7269894545686246	0.5150816537630193
2009	01	08	0.00052113927988	1.5928543513011588	0.5410556593693642
2009	01	09	2.78330593448	1.5090199117589924	0.41278460813610723
2009	01	10	0.00071331164808	1.450335804079476	0.6468610031677721
2009	01	11	0.0	1.4168020282626097	0.7256964992367305
2009	01	12	3.89472144084	1.3497344766288766	0.7908761115129141
2009	01	13	11.213991916000001	1.676688790843325	0.6121039369641543
2009	01	14	0.04765498975199999	1.7772901182939245	0.6696594442816197
2009	01	15	10.3762306264	2.229996091821622	0.4528888241686927
2009	01	16	0.20653699755199997	2.3808980829975215	0.7202664670323929
2009	01	17	0.717656167044	1.9617258852866901	0.8541510260965522
2009	01	18	4.83837931648	2.0204099929662065	0.6596284061274836
2009	01	19	16.851386851599997	5.130667699980575	0.9325418509574326
2009	01	20	8.022538537600001	4.443225295734811	0.500987891478808
2009	01	21	2.85845735664	3.085107375151718	0.6956372337978394
2009	01	22	13.122631639200002	7.4109644555274965	0.9514724753658466
2009	01	23	18.1446973388	10.227801624144282	0.7087114322882101
2009	01	24	7.3287664	10.646973821855113	0.5968390911289663
2009	01	25	24.3837955956	10.395470503228616	0.6754714248173356
2009	01	26	3.8665535154400006	7.5199492269323125	0.6241466077118788
2009	01	27	3.6918797655200004	7.117543917129915	0.6698072007238258
2009	01	28	12.8669710272	7.8804373169636275	0.7183634091001279
2009	01	29	6.863409225	13.078172568577935	0.6287063084804416
2009	01	30	20.28607864	9.305622789180454	0.8574445373034346
2009	01	31	10.916590233199999	9.557126107806953	0.6546925783831666
2009	02	01	9.8461016276	8.383443954216625	0.5614703477931782
2009	02	02	0.12302068420000001	7.452881675298579	0.881310309413558
2009	02	03	9.4936058388	6.614537279876917	0.7862294829122364
2009	02	04	19.4633628096	13.4135103267466	0.4779960849899757
2009	02	05	7.8942518476	12.994338129035768	0.5774547609636389
2009	02	06	5.32184114968	8.02295586418531	0.5832442449137254
2009	02	07	0.451539502856	6.170214750303436	0.8039363945974924
2009	02	08	1.0502826794	5.709125332821522	1.0967495710840753
2009	02	09	15.826864672	13.245841447662267	0.7983205844745637
2009	02	10	0.82255885332	16.012377952553756	0.9272591530807569
2009	02	11	0.01308122525	8.090023415819044	1.0653134439553953
2009	02	12	0.00041370620104	6.639687611739567	1.3510836775701576
2009	02	13	0.0028619399468799997	5.834876992134771	1.399923046483669
2009	02	14	0.0012197352062	5.21450213952274	1.3723833956889813
2009	02	15	0.00122978440156	4.736645834132394	1.4137916909868082
2009	02	16	0.0	4.3090901924673455	1.4285574499553728
2009	02	17	0.0016381578506400002	3.9821358782528966	1.3791286736180457
2009	02	18	0.00041370620104	3.7557828914890483	1.5021358190486522
2009	02	19	0.0	3.6048809003131486	1.5617340067158898
2009	02	20	0.0	3.420445133320383	1.3894772627325467
2009	02	21	0.0008274125446999999	3.2276259223734005	1.5439646851425803
2009	02	22	0.0	3.068340487243285	1.6657962526404537
2009	02	23	0.00081041086204	2.9174384960673856	1.7351646258114841
2009	02	24	0.0012304570925600002	2.791686836754136	1.75168872252278
2009	02	25	0.0012241166827600001	2.6659351774408866	1.790643136234397
2009	02	26	0.0020345278300400002	2.5569504060360706	1.9052567680939896
2009	02	27	0.0012195759472	2.4479656346312546	1.8140766897948357
2009	02	28	4.9463268732	2.3305974192722214	1.5034894194139325
2009	03	01	3.52631620088	2.263529867638489	1.3198704658858047
2009	03	02	1.2568842933200002	2.2970636434553553	1.4268377442394038
2009	03	03	0.09106886003999999	2.3725146390433047	1.5835654043530416
2009	03	04	15.423733078400002	2.8671378323420855	0.9646091027954387
2009	03	05	9.1125946072	4.451608739689028	0.9731479254659614
2009	03	06	2.53229311812	3.4707457970456828	1.4260046574272032
2009	03	07	0.5705566344799999	3.0012729356095518	1.6735995681076583
2009	03	08	0.04305009040479999	2.590484181852937	2.0447919066675335
2009	03	09	0.00163527911348	2.3641311950890884	2.2357444345201998
2009	03	10	0.0	2.1880788720505393	2.2680795326807526
2009	03	11	0.0	2.0958609885541564	2.3821663832445426
2009	03	12	0.00081041086204	2.0204099929662065	2.437180831619178
2009	03	13	0.00122695054216	1.944958997378257	2.391927840373462
2009	03	14	0.00121869560148	1.8527411138818741	2.3552859877409644
2009	03	15	0.00081041086204	1.7605232303854912	2.6432610163501455
2009	03	16	0.00081041086204	1.676688790843325	2.7807015043010805
2009	03	17	0.00204947925512	1.6096212392095919	2.787111198410916
2009	03	18	0.00081041086204	1.5509371315300755	2.704913196150029
2009	03	19	0.0012227003710799998	1.4922530238505591	2.58605725059649
2009	03	20	0.00041370620104	1.4671026919879093	2.6366920207710285
2009	03	21	0.00081041086204	1.4419523601252595	2.771501234935674
2009	03	22	0.000810410919088	1.3832682524457431	2.763222858888606
2009	03	23	0.0024443722618	1.31620070081201	2.7791368189026886
2009	03	24	0.0016333801757200002	1.3078172568577935	2.8239609748184384
2009	03	25	0.0	1.2826669249951437	3.0028671123831545
2009	03	26	0.0	1.2659000370867104	2.8503966266747245
2009	03	27	0.068945864324	1.2323662612698438	2.999888916993783
2009	03	28	0.9608458960840002	1.207215929407194	1.7131081159551456
2009	03	29	0.0270972979776	1.1904490414987607	1.8784147534510631
2009	03	30	0.0	1.1652987096361107	2.4289035610484304
2009	03	31	0.026734456534	1.1485318217276776	2.408989349731566
2009	04	01	0.0	1.1317649338192446	2.5684962996932392
2009	04	02	0.00245195793436	1.114998045910811	2.8298578057147297
2009	04	03	0.178810737768	1.073080826139728	3.1059660991998217
2009	04	04	0.13850671559599997	1.0479304942770782	2.7044064932355023
2009	04	05	0.008895419526800001	1.0395470503228614	2.9866270146154243
2009	04	06	4.395258406	1.006013274505995	1.8203286057274706
2009	04	07	0.2145706015	1.073080826139728	2.007763287875623
2009	04	08	0.0007755272460799999	1.0563139382312947	2.7771165411201526
2009	04	09	10.9160283104	1.0646973821855115	2.119995356010408
2009	04	10	5.80961181832	1.4671026919879093	1.692709646853983
2009	04	11	1.7413844001199998	1.3748848084915264	1.8607087240432505
2009	04	12	0.212663610464	1.2491331491782771	2.1955639795083384
2009	04	13	3.3672057158400004	1.1988324854529773	2.030906739675671
2009	04	14	4.2370082048	1.2407497052240606	1.7942070349521837
2009	04	15	4.9896938120000005	1.4168020282626097	1.7665656060483719
2009	04	16	6.067321024	2.2048457599589724	1.591805261280768
2009	04	17	5.122237709	2.4060484148601713	1.9252841608219382
2009	04	18	7.28959600716	1.9701093292409069	2.2375842863655935
2009	04	19	0.00348510244376	1.6934556787517583	3.068803831952285
2009	04	20	0.00203733078844	1.4838695798963426	3.2304404632425574
2009	04	21	0.00162000755404	1.3497344766288766	3.580200253788626
2009	04	22	0.00041370620104	1.2575165931324936	4.0039918092779745
2009	04	23	0.0	1.1904490414987607	3.595223288980034
2009	04	24	0.289036668004	1.1317649338192446	2.8237701265290855
2009	04	25	3.1389162588399997	1.073080826139728	2.1750902295437333
2009	04	26	0.6409594761999999	1.0395470503228614	2.5525763365763314
2009	04	27	2.6486551597599997	1.0395470503228614	2.3084756644654294
2009	04	28	0.9446974518360001	1.1317649338192446	2.0833064436059527
2009	04	29	1.7848959556000001	1.1317649338192446	2.0982843073107755
2009	04	30	3.7194007666	1.1988324854529773	2.765226686047648
2009	05	01	0.0	1.1988324854529773	3.994363688407937
2009	05	02	0.00081607810544	0.9892463865975617	4.456941941464482
2009	05	03	0.0008119740723200001	0.8802616151927456	4.292709864384075
2009	05	04	0.0016253534270399999	0.8215775075132292	4.5170456617795525
2009	05	05	0.0	0.8131940635590126	4.80328848621514
2009	05	06	7.993859557200001e-05	0.7796602877421461	4.490419285867472
2009	05	07	0.0016373432052	0.7964271756505794	4.11903044378435
2009	05	08	0.036303376191600005	0.7880437316963628	3.81239932231787
2009	05	09	1.77958839984	0.7796602877421461	4.1508514216831385
2009	05	10	10.026669006399999	0.7628933998337128	3.4700692937634403
2009	05	11	12.1594731408	0.9473291668264785	2.268781959859118
2009	05	12	2.88376128228	1.2407497052240606	2.350062568705702
2009	05	13	1.4118805716799998	1.1652987096361107	3.0312514644208433
2009	05	14	0.87862581788	1.0982311580023778	2.422859026537365
2009	05	15	0.025568000832	0.9892463865975617	3.318377356052765
2009	05	16	6.277200616	0.9892463865975617	2.749575555037094
2009	05	17	3.8336778939999996	1.4335689161710428	2.520050815794445
2009	05	18	0.0038827644652800006	1.2323662612698438	3.4470533997372295
2009	05	19	0.00092536329514	1.0646973821855115	4.036744345438887
2009	05	20	0.000307910951264	0.9557126107806951	4.299968024635592
2009	05	21	0.13366094437999998	0.8551112833300958	4.793009951178463
2009	05	22	0.41308162052	0.8215775075132292	4.413774331332226
2009	05	23	14.6661128192	0.7964271756505794	3.2416273183571853
2009	05	24	6.8251960976	0.8970285031011789	3.374883538446275
2009	05	25	5.00608598432	1.0814642700939445	2.403410904008773
2009	05	26	0.011244127522	1.1820655975445442	3.6886120906039133
2009	05	27	0.00121844915412	0.9892463865975617	4.915289650430497
2009	05	28	0.0	0.8467278393758791	5.731432296814056
2009	05	29	0.00204034482444	0.7628933998337128	5.587100482643807
2009	05	30	0.00081607810544	0.7042092921541965	5.35387172324729
2009	05	31	0.0012241166827600001	0.6622920723831134	5.38980653758693
2009	06	01	0.00041370624858	0.6203748526120303	5.054407858242845
2009	06	02	0.0	0.5868410767951636	5.352483369807666
2009	06	03	1.27029152412	0.5616907449325139	4.058546363911158
2009	06	04	4.19997701688	0.5533073009782973	3.2862992443480428
2009	06	05	7.42151722524	0.5784576328409471	2.6203792116589253
2009	06	06	8.4192893124	0.737743067971063	2.5177120644748623
2009	06	07	7.048854207800001	0.8131940635590126	2.552588024712624
2009	06	08	21.238856304000002	1.6683053468891083	2.240173808372358
2009	06	09	9.9133231876	2.2467629797300557	2.586982558849161
2009	06	10	3.04828124884	2.4479656346312546	3.3052525712192957
2009	06	11	0.058940717626400005	1.9114252215613903	4.5496408565632125
2009	06	12	0.0031068635548000003	1.3832682524457431	5.67941713416691
2009	06	13	0.0027213879368800003	1.1317649338192446	5.043577464155279
2009	06	14	1.8881657664799998	1.0143967184602116	4.500929262994772
2009	06	15	0.595362302888	0.9221788349638289	4.2897074488701685
2009	06	16	0.49783308011999994	0.8467278393758791	5.015909664844181
2009	06	17	0.0075181771696	0.8131940635590126	4.933854366872324
2009	06	18	0.0076906903216	0.7628933998337128	5.698579855410641
2009	06	19	0.007757443137199999	0.7209761800626298	5.507670094384073
2009	06	20	0.00327001436936	0.6790589602915467	5.797596953820184
2009	06	21	0.000810410919088	0.6371417405204635	6.040622682017379
2009	06	22	0.0009879375824399998	0.603607964703597	6.097961326883849
2009	06	23	0.19552959546	0.5952245207493804	4.245293054828604
2009	06	24	0.67010567972	0.5952245207493804	3.7181861501271642
2009	06	25	2.7095790008800003	0.5952245207493804	2.932624456359565
2009	06	26	0.26128711362	0.6287582965662468	3.3812875974560432
2009	06	27	0.7718299652	0.6203748526120303	4.555584152506669
2009	06	28	9.822570278399999	0.6287582965662468	3.222088997999746
2009	06	29	3.6572151187999995	0.7125927361084131	3.8679056493041357
2009	06	30	0.86308613284	0.7209761800626298	4.408898863122205
2009	07	01	0.8584734597520001	0.6622920723831134	4.776953937092162
2009	07	02	0.09349623342400001	0.6203748526120303	4.294792175679665
2009	07	03	0.773371459208	0.5784576328409471	3.6430960002492747
2009	07	04	0.286586465912	0.5700741888867306	3.672908988354291
2009	07	05	0.89947172756	0.5281569691156474	3.7050995165332035
2009	07	06	0.09455857177199999	0.5113900812072141	3.6180277783437322
2009	07	07	0.0	0.49462319329878085	4.698201244999284
2009	07	08	0.0024595684228000004	0.47785630539034757	5.271660010320515
2009	07	09	0.00286136071952	0.4359390856192645	5.592865303579257
2009	07	10	0.00081698046218	0.40240530980239797	5.4797113680108716
2009	07	11	0.000312935976804	0.3940218658481814	4.99749642567616
2009	07	12	0.024198525560000003	0.3772549779397481	5.06419286761008
2009	07	13	0.099255799504	0.35210464607709824	3.9054480998510988
2009	07	14	0.28522155448	0.3437212021228816	3.2998473492226927
2009	07	15	0.00258977401736	0.3437212021228816	4.646986971499887
2009	07	16	1.33627057868	0.335337758168665	4.245716210322614
2009	07	17	0.0097029216064	0.31857087026023173	3.4044554198767205
2009	07	18	0.0	0.3018039823517985	5.325127028711753
2009	07	19	0.005121561214799999	0.2934205383975818	5.744209124220772
2009	07	20	0.04434074816	0.25988676258071536	5.038015451849404
2009	07	21	0.249574674312	0.24311987467228213	4.316400421637449
2009	07	22	52.1697903404	0.8970285031011789	2.7096773828094145
2009	07	23	3.55578310924	2.414431858814388	2.9660723862101555
2009	07	24	0.9530099824719999	1.2407497052240606	3.5709811304648564
2009	07	25	0.00081041086204	0.8383443954216625	5.025655324080943
2009	07	26	0.015548440006399999	0.6874424042457632	5.294917362948881
2009	07	27	0.0084088495284	0.603607964703597	4.121670052220333
2009	07	28	2.3023127584e-05	0.5449238570240806	4.9022298977009315
2009	07	29	0.0072782019052	0.48623974934456426	4.278544759827697
2009	07	30	0.0015967294028799998	0.46947286143613104	4.788011525796479
2009	07	31	0.384876689984	0.4359390856192645	4.25340124086195
2009	08	01	5.1707156732	0.45270597352769776	2.8421566697890417
2009	08	02	0.00140453992028	0.48623974934456426	3.802545636799505
2009	08	03	0.0389294468088	0.45270597352769776	4.622754909957742
2009	08	04	0.018896379852	0.4275556416650479	4.731081473582328
2009	08	05	0.8914087533999999	0.40240530980239797	4.470080580273388
2009	08	06	0.036272480896400006	0.38563842189396474	3.8506023868097916
2009	08	07	0.0338988001392	0.3688715339855315	4.3546410204869535
2009	08	08	0.327609910904	0.3604880900313149	4.275644814847635
2009	08	09	0.00096765083824	0.3437212021228816	4.256902318871145
2009	08	10	0.0	0.32695431421444837	4.890662465170069
2009	08	11	0.0	0.31018742630601515	5.26830629176851
2009	08	12	0.00081041086204	0.2934205383975818	5.284828433321709
2009	08	13	0.441755732824	0.2850370944433653	5.014706002502007
2009	08	14	0.008562776442	0.268270206534932	5.1026043862076955
2009	08	15	1.6610480754	0.2515033186264988	4.696816267149568
2009	08	16	0.07998491854800001	0.24311987467228213	4.372447118459013
2009	08	17	0.00358526561072	0.23473643071806552	4.884273789368646
2009	08	18	0.0020458620316000002	0.22635298676384888	5.111381301775628
2009	08	19	0.0	0.21796954280963224	4.564333352488712
2009	08	20	0.059487819356	0.21796954280963224	4.0909655193321175
2009	08	21	0.00147286973276	0.20958609885541563	4.680261772125643
2009	08	22	0.0	0.20120265490119899	5.268884044500876
2009	08	23	0.0008179730498399999	0.20120265490119899	4.449389093855816
2009	08	24	1.70326891988	0.19281921094698237	3.051456238742899
2009	08	25	0.31521957972	0.18443576699276576	3.5464247226636196
2009	08	26	0.011188753880799998	0.17605232303854912	4.148709427904529
2009	08	27	0.0059279565631999995	0.17605232303854912	4.536101266409912
2009	08	28	0.0087673610288	0.18443576699276576	4.499127186558
2009	08	29	0.00081041086204	0.17605232303854912	5.011173138820394
2009	08	30	0.00164349003212	0.1676688790843325	5.136027082403767
2009	08	31	5.025033146399999e-06	0.1676688790843325	4.392699606816851
2009	09	01	0.0355238257304	0.15928543513011587	3.274400100388591
2009	09	02	0.099890639156	0.15090199117589925	3.5036496197008087
2009	09	03	0.5592699158719999	0.14251854722168264	3.4611876467049316
2009	09	04	0.456184921496	0.14251854722168264	3.240900424882698
2009	09	05	0.0	0.14251854722168264	4.2265390220612105
2009	09	06	0.00041370624858	0.14251854722168264	4.097124585741951
2009	09	07	0.0	0.14251854722168264	4.6310218384249975
2009	09	08	0.004165576502400001	0.134135103267466	4.152046120930439
2009	09	09	0.101798942296	0.134135103267466	4.479607172040813
2009	09	10	0.0226935641404	0.1257516593132494	4.273250141293181
2009	09	11	0.00041370620104	0.1257516593132494	3.992305348017531
2009	09	12	0.23210183222000003	0.11736821535903276	3.7031300887434604
2009	09	13	0.614386365672	0.10898477140481612	3.5689839896720295
2009	09	14	0.0	0.10898477140481612	3.335347235190919
2009	09	15	0.0020461681892	0.10898477140481612	2.8972218719432505
2009	09	16	0.6202513944879999	0.10898477140481612	2.3737534235279734
2009	09	17	0.0276866751276	0.11736821535903276	2.616940676659407
2009	09	18	0.6907835830400001	0.1257516593132494	2.574119911390835
2009	09	19	3.01461256512	0.134135103267466	1.981428065819446
2009	09	20	0.043750335588799996	0.14251854722168264	2.681597055266837
2009	09	21	0.000455563098296	0.14251854722168264	3.2806950211489347
2009	09	22	0.001614429876	0.14251854722168264	3.2906806975593144
2009	09	23	0.0	0.134135103267466	3.4116181133941836
2009	09	24	0.0	0.134135103267466	3.161711293423597
2009	09	25	0.0020411432112000002	0.134135103267466	3.3439334507998777
2009	09	26	0.0	0.1257516593132494	3.3486572383261537
2009	09	27	0.0	0.11736821535903276	3.182866891533045
2009	09	28	0.0566391008536	0.11736821535903276	3.005152619776128
2009	09	29	0.00324704751012	0.11736821535903276	2.9907617323201268
2009	09	30	2.299569225	0.11736821535903276	1.8144729002647557
2009	10	01	0.0	0.11736821535903276	2.686415236579024
2009	10	02	0.00131002783312	0.11736821535903276	2.883823368968026
2009	10	03	1.14835617812	0.10898477140481612	2.7161166969217523
2009	10	04	11.601914512799999	0.11736821535903276	1.7751128132555236
2009	10	05	13.491094212399998	0.14251854722168264	1.8690613719642413
2009	10	06	14.3537208236	0.2515033186264988	1.5664518751085126
2009	10	07	30.493580298399998	0.6790589602915467	1.3311226968736116
2009	10	08	0.8893443764399999	0.8299609514674459	1.6436478619365573
2009	10	09	0.040914911171999996	0.5952245207493804	1.8075747648899598
2009	10	10	0.055996212679600005	0.4359390856192645	2.266696203146569
2009	10	11	0.00228434130728	0.35210464607709824	2.4214131852892313
2009	10	12	0.00163782326412	0.31018742630601515	2.344708844226457
2009	10	13	0.00204703560404	0.268270206534932	2.2841848339523136
2009	10	14	0.0008203324600399999	0.24311987467228213	2.2615904001985663
2009	10	15	0.0	0.22635298676384888	2.209435723090848
2009	10	16	0.000405205459544	0.21796954280963224	2.0776569720301046
2009	10	17	0.0	0.20120265490119899	2.184279001639207
2009	10	18	0.0	0.20120265490119899	2.0912684727298845
2009	10	19	2.04271050992	0.19281921094698237	1.7228922221328087
2009	10	20	18.145751776	0.268270206534932	1.1517973390409206
2009	10	21	28.239539655999998	0.46108941748191445	0.9711357978595414
2009	10	22	10.4682062644	1.6180046831638086	1.174628387681104
2009	10	23	2.18256491796	1.0479304942770782	1.403264532192341
2009	10	24	7.8637406756	0.8299609514674459	0.9261416339111647
2009	10	25	12.893397562399999	1.006013274505995	1.0494560362233853
2009	10	26	0.03705058424	1.0227801624144282	1.6363874358940786
2009	10	27	0.0007877420786	0.7880437316963628	1.7782961910189952
2009	10	28	0.00143329876788	0.67067551633733	1.7944059092574065
2009	10	29	0.063873717136	0.6119914086578137	1.5549893665839707
2009	10	30	0.25589089576	0.5533073009782973	1.6952030634962851
2009	10	31	0.624153829484	0.5281569691156474	1.5710814436332543
2009	11	01	13.0671087224	0.5281569691156474	1.4487716516831501
2009	11	02	0.207361607376	0.6203748526120303	0.8759272179295524
2009	11	03	1.2443483756399998	0.5952245207493804	1.2512157348792683
2009	11	04	4.1418236168	0.5784576328409471	0.9650064567976059
2009	11	05	6.0042630171999996	0.6119914086578137	0.6260011492502656
2009	11	06	2.60414535936	0.67067551633733	1.1894626270768756
2009	11	07	1.88905837752	0.67067551633733	0.8239135747732592
2009	11	08	1.1317403776400001	0.6539086284288967	0.7848438298684316
2009	11	09	0.597593935076	0.6371417405204635	0.8367196314085071
2009	11	10	0.60462665088	0.6203748526120303	0.883317464039621
2009	11	11	1.51683253792	0.6119914086578137	0.7862828018636381
2009	11	12	18.009787376	1.1317649338192446	0.648752022040016
2009	11	13	17.7041802892	1.3581179205830933	0.6420496132900676
2009	11	14	5.417116444	1.861124557836091	0.7841333692620838
2009	11	15	58.614390705999995	12.491331491782772	0.834193097444399
2009	11	16	31.231241364	20.1202654901199	0.7156075298817083
2009	11	17	2.23635823448	10.311636063686448	0.8568408284262122
2009	11	18	0.000405205459544	4.7785630539034765	1.2010655658327747
2009	11	19	0.8243814418400001	3.328227249824	1.0344328950232782
2009	11	20	2.41557243472	2.7581530609372695	0.7987967867127258
2009	11	21	12.210848667999999	2.791686836754136	0.6921081390508828
2009	11	22	2.4340431509200005	3.261159698190267	0.6872483653293167
2009	11	23	0.163375555156	2.774919948845703	0.7701124830376158
2009	11	24	0.00299592982052	2.305447087409572	1.0057075330533283
2009	11	25	12.166167723600001	2.7497696169830528	0.786234495112877
2009	11	26	0.6552145353600001	3.1270245949228013	0.9438486776056516
2009	11	27	4.1869676008	2.5821007378987204	0.5332632582406254
2009	11	28	22.116564504800003	2.9593557158384685	0.48243317851524925
2009	11	29	11.2133900596	9.305622789180454	0.6933866210308501
2009	11	30	0.781861627808	5.692358444913088	0.6217430926704484
2009	12	01	7.2141655252	4.367774300146862	0.8503924699874649
2009	12	02	9.522984608	5.130667699980575	0.6181241666565614
2009	12	03	1.16710262632	5.382171018607073	0.6542426350092966
2009	12	04	0.139197519336	3.9318352145275974	0.7663388074405649
2009	12	05	29.786443716	9.305622789180454	0.5276688197805847
2009	12	06	53.095435024800004	36.88715339855315	0.39705707574197274
2009	12	07	0.6246566220320001	22.80296755546922	0.6506894435438314
2009	12	08	0.24788700431199998	9.054119470553957	0.6410443408675809
2009	12	09	0.8205809991599999	6.9079578182744985	0.5588344908577203
2009	12	10	0.0043366159143999996	5.809726660272121	0.8850810089241798
2009	12	11	0.00587059575	5.021682928575759	0.9255915352386301
2009	12	12	0.00081041086204	4.485142515505894	0.8482276276439067
2009	12	13	0.00326955608376	4.007286210115547	0.6985165036368655
2009	12	14	0.00373535309884	3.6300312321757984	0.5396401052501506
2009	12	15	0.075557423268	3.3449941377324333	0.5675289962122207
2009	12	16	13.470943908	3.5126630168167665	0.6564106364402255
2009	12	17	4.484167714000001	11.233814898650277	0.7883187904363026
2009	12	18	0.00081041086204	6.715138607327517	0.6610035048763209
2009	12	19	0.0020787889011599997	4.552210067139628	0.5320346172934183
2009	12	20	1.93517807248	3.848000774985431	0.5378733560832765
2009	12	21	27.988941103200002	13.4135103267466	0.8016383900004239
2009	12	22	13.2816339232	31.60558370739668	0.6907599151815428
2009	12	23	25.4141747032	13.4135103267466	0.36876963948583236
2009	12	24	20.5703763972	27.66536504891486	0.6773721184063175
2009	12	25	0.013733015764400001	12.910503689493602	0.5410008568204457
2009	12	26	0.070589588348	8.282842626766026	0.6267123489557028
2009	12	27	10.729250305999999	7.125927361084131	0.5685146112412741
2009	12	28	39.935045216	37.13865671717964	0.8979827409548528
2009	12	29	32.0799843936	43.845411880552945	0.6536216096505122
2009	12	30	20.5630980232	30.18039823517985	0.39982322809848597
2009	12	31	14.4401105116	29.76122603746902	0.5296679444730322
2010	01	01	8.5699578344	19.198086655156068	0.5091188820482058
2010	01	02	2.68398308456	14.503358040794762	0.5867319083688174
2010	01	03	12.1299869312	35.79730568450499	0.5946842757937993
2010	01	04	7.639565805599999	18.611245578360908	0.4933939800715956
2010	01	05	0.05287742989599999	11.736821535903275	0.7043742567963476
2010	01	06	0.56432956004	9.054119470553957	0.5943726688861894
2010	01	07	0.13860392538799998	7.863670429055195	0.504606478507614
2010	01	08	0.092757941978	6.815739934778117	0.46419209641647496
2010	01	09	0.031982031076	6.094763754715486	0.4635084364757054
2010	01	10	6.2226979076	5.608524005370922	0.39014904749056706
2010	01	11	0.38801344573999996	5.273186247202257	0.7073733925479199
2010	01	12	34.133520332	19.44958997378257	0.5976089685605979
2010	01	13	33.59713602	23.808980829975216	0.704655768825288
2010	01	14	8.4516716588	31.018742630601512	0.6644158891314479
2010	01	15	4.837750267200001	12.407497052240604	0.6324307809559239
2010	01	16	22.904905112	22.63529867638489	0.6685315918182486
2010	01	17	10.4878478908	18.443576699276576	0.4284195480710696
2010	01	18	1.32641125808	12.910503689493602	0.6424287709151282
2010	01	19	4.3167304078	13.4135103267466	0.6960609049268672
2010	01	20	5.020556780000001	10.898477140481612	0.5988447316146828
2010	01	21	2.54667900736	8.802616151927456	0.6209399577493059
2010	01	22	2.81569950032	7.955888312551577	0.6450061627041548
2010	01	23	9.8635640204	7.6624677741539955	0.9305777076925842
2010	01	24	0.514567283724	9.305622789180454	0.9697892968938118
2010	01	25	0.0076135224428	6.991792257816665	0.81491145950199
2010	01	26	0.00594618463524	6.103147198669703	0.9464606015939232
2010	01	27	0.000804743770768	5.407321350469723	0.7543731322082453
2010	01	28	0.0019108010817600002	4.921081601125159	0.8764736192128542
2010	01	29	1.47526232588	4.686345170407093	0.7878980625279822
2010	01	30	1.40965531936	4.493525959460111	0.6630701856492979
2010	01	31	1.3033921999199998	4.2001054210625295	0.7565678575507861
2010	02	01	0.0063486161548	3.9486021024360305	0.9781198529767229
2010	02	02	0.0032643122316	3.638414676130015	1.0889239284136014
2010	02	03	0.054388897639999996	3.4958961289083326	1.1114664676849235
2010	02	04	16.406848868799997	3.906684882664947	0.8420028279808269
2010	02	05	8.125218282	7.27682935226003	0.7534465805132082
2010	02	06	0.8895841682	5.868410767951637	0.8068180908133801
2010	02	07	1.56174756928	4.543826623185411	1.0755746101632329
2010	02	08	1.12451439272	5.658824669096222	0.9839040807176084
2010	02	09	1.9661113996800001	4.703112058315527	0.921584062643924
2010	02	10	3.7416819088800004	4.208488865016745	0.5417343874576759
2010	02	11	0.0035525215799999997	4.007286210115547	0.8984075204071613
2010	02	12	0.00081041086204	3.6048809003131486	0.9745505653184962
2010	02	13	0.003976402482	3.35337758168665	0.9326804692691137
2010	02	14	0.0012229854209199998	3.152174926785451	0.9429619009433079
2010	02	15	0.968351901112	3.0348067114264183	0.8907757516012644
2010	02	16	1.3585099808399999	2.950972271884252	0.9051137941546685
2010	02	17	5.6096382312	2.900671608158952	0.7091904237649043
2010	02	18	0.38840189507999995	2.8671378323420855	1.0559637873548648
2010	02	19	1.26605789696	2.699468953257753	1.020865600669777
2010	02	20	2.3708557402399997	2.60725106976137	0.9943708678091837
2010	02	21	11.4876312052	4.040819985932413	1.1605637074554431
2010	02	22	25.1941833532	9.389457228722618	0.775571006816929
2010	02	23	24.6768815972	17.68906674339708	0.8226102614729071
2010	02	24	34.755429104	28.000702807083528	1.1067274835388554
2010	02	25	37.5399457872	57.76192884455256	1.1602394811917618
2010	02	26	2.4083203027999995	24.982662983565543	1.1048874725221527
2010	02	27	40.66753583119999	28.084537246625693	1.541800848954379
2010	02	28	15.888244516799999	25.48566962081854	0.9230446908484624
2010	03	01	7.0681254976	22.97063643455355	1.1930712047485856
2010	03	02	8.1780551888	16.180046831638087	1.9060994781824854
2010	03	03	2.2414244772	13.581179205830932	1.1921822225532546
2010	03	04	0.21168595036399998	10.227801624144282	1.7377359818386209
2010	03	05	4.3856581784	8.467278393758791	1.0571954504333987
2010	03	06	1.42768153656	7.779835989513028	1.2039160339003312
2010	03	07	7.9461950024000005	7.7714525455588115	0.8330487133230721
2010	03	08	0.98368265736	7.712768437879293	1.102057922441652
2010	03	09	0.0	6.3630339612504185	1.6028890270684752
2010	03	10	0.0	5.667208113050439	1.5798584131970974
2010	03	11	0.0016403387006	5.155818031843224	1.5404362333034922
2010	03	12	0.0	4.7450292780866095	1.4759691356878806
2010	03	13	0.049980713108	4.409691519917945	1.5770955494379604
2010	03	14	0.00246719070116	4.133037869428796	1.9166132045897863
2010	03	15	0.0012304725906	3.8563842189396467	2.1159915351714673
2010	03	16	0.000419373482472	3.6300312321757984	2.1845392343906185
2010	03	17	0.0	3.403678245411949	2.2117483235317406
2010	03	18	2.08807679096	3.35337758168665	1.8482887338509555
2010	03	19	18.4213192876	6.321116741479335	1.5924621266721217
2010	03	20	16.967363534	16.431550150264588	1.5572306005088228
2010	03	21	1.02607569172	11.485318217276776	2.097922566561688
2010	03	22	0.029851559253999998	7.436114787390145	2.208361927067191
2010	03	23	1.85649756596	5.843260436088988	2.0797742614030965
2010	03	24	6.135549481199999	5.642057781187789	1.6487729116978422
2010	03	25	22.8559931076	8.802616151927456	1.1868959990355779
2010	03	26	17.8281722156	12.826669249951436	1.4649096618669581
2010	03	27	0.42641706592	10.395470503228616	1.6673206984427413
2010	03	28	0.87818464668	7.6624677741539955	2.3142434274368044
2010	03	29	20.408296373600002	11.988324854529774	1.7635693165261055
2010	03	30	6.1822700817600005	15.257867996674257	1.3658607166174337
2010	03	31	8.2177558428	10.646973821855113	1.436826670822136
2010	04	01	0.821376761712	9.305622789180454	1.7117610857339276
2010	04	02	7.0004085707999995	8.199008187223859	1.669962326106562
2010	04	03	8.6263512086	9.389457228722618	1.586828469596172
2010	04	04	0.038972635948	7.746302213696161	2.075085868787562
2010	04	05	0.00041370620104	6.430101512884152	2.8437887453349564
2010	04	06	1.03181367464	5.742659108638388	2.5305679484567896
2010	04	07	0.0273493731228	5.172584919751658	2.6121605671324253
2010	04	08	0.00367426733648	4.728262390178177	3.2736836161309624
2010	04	09	0.0	4.300706748513129	3.4197601800938866
2010	04	10	0.0016334320894	3.956985546390247	3.176514030687154
2010	04	11	0.0	3.6970987838095315	3.1507288538097638
2010	04	12	1.98551551624	3.487512684954116	2.667165880363516
2010	04	13	0.0280729937248	3.3114603619155667	2.8409039552612385
2010	04	14	1.55521538312	3.1354080388770176	2.3804482688861173
2010	04	15	13.5583471488	4.2001054210625295	2.6793793298623
2010	04	16	5.1447212766	5.046833260438407	2.489445791513634
2010	04	17	6.6436936069999994	4.426458407826378	2.5324075172371088
2010	04	18	7.18827590676	4.107887537566147	2.582691120365828
2010	04	19	0.45074640254399995	3.8815345508022974	3.1206845710103033
2010	04	20	0.56177599648	3.3198438058697834	3.090074460473013
2010	04	21	11.0378723796	3.487512684954116	2.718328547526033
2010	04	22	8.0305452244	4.443225295734811	2.9296340349879557
2010	04	23	0.37645804056	3.7641663354432646	2.887375200627568
2010	04	24	0.0435471648416	3.1186411509685845	3.3054603962845492
2010	04	25	0.015032540680400002	2.791686836754136	3.8760000619611406
2010	04	26	0.00163485981068	2.5150331862649873	4.118343612997274
2010	04	27	0.00081041086204	2.322213975318005	4.126112258147588
2010	04	28	2.0412822181599997	2.213229203913189	3.8814135128747775
2010	04	29	2.77334411764	2.3976649709059545	3.315430634349217
2010	04	30	1.99462170816	2.2048457599589724	3.1813287862960284
2010	05	01	0.910188232392	2.129394764371023	2.9603208453056915
2010	05	02	0.014423855634799998	2.0204099929662065	2.994520181747238
2010	05	03	0.09427514779999999	1.894658333652957	2.4390086924476884
2010	05	04	0.0417804500836	1.8275907820192243	2.568589631219152
2010	05	05	0.0	1.768906674339708	3.3024552630497466
2010	05	06	0.192496058552	1.7269894545686246	3.43589932051372
2010	05	07	7.914724473200001	1.7186060106144079	2.468040620074792
2010	05	08	12.2928294964	1.8695080017903074	1.9614429243466882
2010	05	09	7.338944333680001	3.076723931197501	1.9864950586303856
2010	05	10	9.0198801976	2.68270206534932	1.7519592999112412
2010	05	11	7.3245524544	2.598867625807154	2.4890684299086363
2010	05	12	5.26104614196	3.0012729356095518	2.4421686704377925
2010	05	13	2.68955249064	2.5821007378987204	2.5093789805755473
2010	05	14	2.6713025502	2.1210113204168057	2.6799518130782847
2010	05	15	0.191443370824	1.9701093292409069	2.684068810607229
2010	05	16	0.00081607810544	1.8275907820192243	3.878416361503393
2010	05	17	0.00105942072312	1.7186060106144079	4.32935568601986
2010	05	18	0.00163015810468	1.6431550150264584	4.465487516998815
2010	05	19	0.0	1.5090199117589924	4.867671301375905
2010	05	20	0.00081607810544	1.4168020282626097	4.943324088851727
2010	05	21	0.000810410919088	1.3497344766288766	5.348728994622788
2010	05	22	0.018017601050399998	1.2826669249951437	5.036546258210895
2010	05	23	2.4842685904399997	1.2491331491782771	4.415010348266684
2010	05	24	9.7211056564	1.676688790843325	3.5048597782480284
2010	05	25	10.325491184399999	1.6096212392095919	2.638543287032946
2010	05	26	1.69940039992	1.9701093292409069	2.754154240210652
2010	05	27	0.76285469844	1.6263881271180252	3.167557976982619
2010	05	28	0.173575594936	1.4587192480336928	3.5752786389333058
2010	05	29	0.28026104072	1.3581179205830933	3.9160007224680142
2010	05	30	0.0129947671044	1.299433812903577	4.841087307964503
2010	05	31	0.104827145216	1.1820655975445442	5.423373857019491
2010	06	01	0.00081041086204	1.1233814898650278	4.6447921031948205
2010	06	02	0.028190635258	1.0814642700939445	5.138963292654914
2010	06	03	0.00081607810544	0.9892463865975617	4.698721320294912
2010	06	04	0.006080953974719999	0.9389457228722621	5.050413761931656
2010	06	05	0.11784127726400001	0.8802616151927456	4.310907579179887
2010	06	06	0.018556339543199997	0.8802616151927456	4.257032527584619
2010	06	07	0.15464947406	0.8467278393758791	3.57827266840518
2010	06	08	10.371999566400001	0.8802616151927456	1.5971522963685822
2010	06	09	30.871178158	2.2048457599589724	2.2797472861382824
2010	06	10	12.1575154436	2.5653338499902874	2.5958676994204484
2010	06	11	6.6656271368	2.0707106566915066	2.5526284866197892
2010	06	12	0.50732719844	1.7605232303854912	3.019375817589267
2010	06	13	0.0027873648996800003	1.4671026919879093	3.9866409463697776
2010	06	14	0.0008002182860400001	1.299433812903577	3.4220514673948346
2010	06	15	0.164885663256	1.1904490414987607	3.4188893241798506
2010	06	16	0.208813593072	1.1233814898650278	3.5807271674193712
2010	06	17	0.00204586222176	1.073080826139728	4.594780724764577
2010	06	18	0.54282389024	1.0143967184602116	4.694758939601225
2010	06	19	0.00686339296632	1.031163606368645	3.9773345562681293
2010	06	20	0.006742736066	0.9976298305517783	4.597410950430969
2010	06	21	0.0012156152947200001	0.9137953910096122	5.230746713748276
2010	06	22	0.00081041086204	0.8467278393758791	5.394264553288345
2010	06	23	0.0031909139895599996	0.8131940635590126	5.363551151378333
2010	06	24	0.8126103001399999	0.7796602877421461	5.476211807593814
2010	06	25	7.01745071	0.7461265119252796	4.384957459545773
2010	06	26	13.2885605012	0.8467278393758791	4.176159718623382
2010	06	27	3.5132623824399998	1.1233814898650278	4.703425087177171
2010	06	28	0.13057307876	1.1401483777734611	4.603985054179924
2010	06	29	0.019702655399600002	0.8970285031011789	5.235996823935238
2010	06	30	0.00124878918212	0.7880437316963628	5.526425912972853
2010	07	01	0.00165321053592	0.7209761800626298	5.095723797393032
2010	07	02	3.18157038288	0.6874424042457632	4.227487741027341
2010	07	03	0.546231405312	0.6874424042457632	5.0494059211728315
2010	07	04	0.0129520276936	0.6539086284288967	5.714417030672792
2010	07	05	0.000828361804404	0.6287582965662468	5.788043074091836
2010	07	06	0.00081041086204	0.5952245207493804	6.1427890425872285
2010	07	07	1.32453894272	0.5700741888867306	6.410023359620671
2010	07	08	9.493747508	0.536540413069864	4.720364332597182
2010	07	09	0.29777208595599997	0.5281569691156474	4.546180192441149
2010	07	10	0.0053415525648000005	0.5030066372529975	5.472503366056195
2010	07	11	0.0	0.46947286143613104	5.039156403323956
2010	07	12	0.0267745222952	0.4359390856192645	4.341338534711257
2010	07	13	0.44416063880400003	0.41917219771083125	3.867517575416513
2010	07	14	0.27777869208000006	0.40240530980239797	3.292197575308379
2010	07	15	0.0107979351472	0.38563842189396474	4.539976103690491
2010	07	16	0.713562345516	0.3940218658481814	3.96809052293344
2010	07	17	0.0	0.38563842189396474	5.90955620197542
2010	07	18	0.0016285868126	0.3604880900313149	6.012382937546971
2010	07	19	0.0021996178012	0.31857087026023173	5.4164288316266225
2010	07	20	1.6162321174000003	0.31018742630601515	4.682186079704072
2010	07	21	0.30340389304	0.31018742630601515	3.9285000582019056
2010	07	22	0.00256543173084	0.2934205383975818	4.333067302617762
2010	07	23	0.0005191062793199999	0.2934205383975818	5.375560131511211
2010	07	24	0.000419373510996	0.27665365048914864	5.539866614438559
2010	07	25	0.00121801596964	0.268270206534932	5.739753769198258
2010	07	26	0.00041370620104	0.25988676258071536	6.195936532196919
2010	07	27	0.00366349077912	0.2515033186264988	6.3429903871932245
2010	07	28	0.0	0.24311987467228213	6.362961931381231
2010	07	29	0.0021737804767599997	0.23473643071806552	5.800350591381901
2010	07	30	0.0008095984034400001	0.22635298676384888	5.8465570736699775
2010	07	31	0.094616171236	0.20958609885541563	5.463658792007499
2010	08	01	0.0241907118856	0.20120265490119899	4.749000027242617
2010	08	02	0.0017072479227999999	0.19281921094698237	4.770186336259624
2010	08	03	0.0016458827203199998	0.19281921094698237	5.42967432002243
2010	08	04	0.00081607810544	0.19281921094698237	5.233135994301248
2010	08	05	0.00041370620104	0.19281921094698237	5.11037774575304
2010	08	06	0.00246725440476	0.19281921094698237	5.61370467234451
2010	08	07	0.000419373482472	0.17605232303854912	5.668943778622138
2010	08	08	0.0008165601610399999	0.17605232303854912	5.9112144030164115
2010	08	09	0.41570723570400003	0.1676688790843325	5.050204895270762
2010	08	10	0.002041843	0.15928543513011587	4.982599466282862
2010	08	11	0.0019496565696400002	0.14251854722168264	4.963979593921422
2010	08	12	0.00174289303448	0.134135103267466	4.161983362149651
2010	08	13	5.87080834888e-05	0.134135103267466	4.405965083331032
2010	08	14	0.000405205459544	0.134135103267466	4.486815089884588
2010	08	15	0.00163807836376	0.134135103267466	4.753459560537155
2010	08	16	0.0	0.1257516593132494	4.966227925123767
2010	08	17	0.00163965897368	0.1257516593132494	4.5696748621141365
2010	08	18	0.50947505564	0.1257516593132494	3.5835945256137953
2010	08	19	0.0073287316958	0.1257516593132494	4.706684255689186
2010	08	20	0.0012276111579999998	0.11736821535903276	5.043753184587369
2010	08	21	0.075094550058	0.11736821535903276	5.07753863894443
2010	08	22	0.009765431952399999	0.11736821535903276	4.087809648909827
2010	08	23	2.9854501979999997	0.11736821535903276	2.8782814808809656
2010	08	24	0.188524899732	0.11736821535903276	3.8561963788838
2010	08	25	0.00027817146755999996	0.1257516593132494	4.778351361977341
2010	08	26	0.3238477094	0.1257516593132494	3.9040898234815673
2010	08	27	0.18586648194799998	0.1257516593132494	3.8131693649603524
2010	08	28	0.0	0.1257516593132494	4.932596698040331
2010	08	29	0.00081607810544	0.11736821535903276	5.02882346494331
2010	08	30	0.0008217452822840001	0.11736821535903276	5.113700166598735
2010	08	31	0.55485569376	0.10898477140481612	4.758957103202627
2010	09	01	4.32434051592	0.10060132745059949	3.674976222240985
2010	09	02	0.006993328914	0.10898477140481612	4.1352282627674075
2010	09	03	0.0019590026484	0.11736821535903276	4.4539692845826195
2010	09	04	0.0012664656	0.1257516593132494	4.475990342902099
2010	09	05	0.00581561070076	0.1257516593132494	4.028620105701831
2010	09	06	3.9886031476000006	0.1257516593132494	2.785029581621495
2010	09	07	5.8835019092	0.14251854722168264	2.2187734138182096
2010	09	08	1.32949974172	0.1676688790843325	2.468594893871943
2010	09	09	0.0124615052196	0.1676688790843325	3.312777071294417
2010	09	10	0.0020458620316000002	0.1676688790843325	3.8493588757936115
2010	09	11	0.038780720771200004	0.15928543513011587	3.683315630005632
2010	09	12	0.0012127824812	0.15090199117589925	4.119834208438526
2010	09	13	0.00041370620104	0.14251854722168264	4.335052684162131
2010	09	14	0.0	0.134135103267466	4.360959985459976
2010	09	15	0.098426026836	0.134135103267466	3.209594791702827
2010	09	16	1.9220294592799998	0.134135103267466	2.5850661151399326
2010	09	17	5.369391418319999	0.134135103267466	2.198748731586788
2010	09	18	0.02561795111	0.134135103267466	2.8757693068501604
2010	09	19	0.0	0.134135103267466	3.331630931217229
2010	09	20	0.23605834872	0.134135103267466	2.9295613272443393
2010	09	21	0.00446150577632	0.134135103267466	3.1347827402930553
2010	09	22	0.100232936664	0.134135103267466	2.6676171370826856
2010	09	23	5.6576175008	0.134135103267466	2.4431899232039735
2010	09	24	1.43711908228	0.134135103267466	2.316176181237921
2010	09	25	0.000895909621916	0.134135103267466	2.514378858075631
2010	09	26	0.0	0.1257516593132494	2.660497263352936
2010	09	27	0.000419373482472	0.1257516593132494	2.5482683932371635
2010	09	28	0.0012297843064799998	0.134135103267466	2.7822704435426266
2010	09	29	0.088890111348	0.14251854722168264	2.6853562961425284
2010	09	30	0.0436017921048	0.134135103267466	2.2440477882267245
2010	10	01	0.078848769596	0.134135103267466	2.409837400001904
2010	10	02	0.4865445645	0.134135103267466	2.160746160810638
2010	10	03	67.29003661600001	1.2407497052240606	1.5422810546236927
2010	10	04	0.8571056959200001	2.3473643071806545	1.593883672370297
2010	10	05	1.7487360808	0.8551112833300958	2.1353258446275514
2010	10	06	18.8360002488	0.9473291668264785	0.7950272509719306
2010	10	07	2.94456560784	0.8886450591469622	1.8358200121413468
2010	10	08	37.311483759999994	1.1066146019565946	1.3948311860671214
2010	10	09	10.381402978399999	3.621647788221582	1.6145120435892142
2010	10	10	1.26517213168	1.7521397864312747	1.6545994845038536
2010	10	11	0.21202260012	1.1401483777734611	2.087912281339264
2010	10	12	0.24097739809199997	0.8467278393758791	1.981014772936473
2010	10	13	0.0151597291964	0.7209761800626298	1.9446440575472035
2010	10	14	0.39515333572000005	0.6371417405204635	1.7471500275059608
2010	10	15	0.045946463954000004	0.5952245207493804	1.6481618048881292
2010	10	16	0.0012255651314800001	0.5449238570240806	1.6837219129140928
2010	10	17	0.00244343077964	0.5113900812072141	1.643354431074483
2010	10	18	0.00041370620104	0.49462319329878085	1.80159351531884
2010	10	19	0.00204175191336	0.45270597352769776	1.9137633743588702
2010	10	20	0.00081041086204	0.4275556416650479	1.760916522477914
2010	10	21	0.0	0.4275556416650479	1.8612674500603823
2010	10	22	0.0035861594578	0.41917219771083125	1.5034651100068261
2010	10	23	0.00115217021724	0.40240530980239797	1.621009389168764
2010	10	24	0.421936592064	0.40240530980239797	1.3713061460971785
2010	10	25	0.021867616540799998	0.40240530980239797	1.3825430359916475
2010	10	26	0.00040520547855999996	0.40240530980239797	1.795766591174196
2010	10	27	0.00121278238612	0.3940218658481814	1.6397399900130714
2010	10	28	7.52826953128e-05	0.3772549779397481	1.68792598114779
2010	10	29	26.288674904800004	0.7042092921541965	1.0676562075367906
2010	10	30	30.959671015599998	2.5821007378987204	0.896059188960943
2010	10	31	12.457987259600001	6.765439271052816	0.7682643025948873
2010	11	01	1.71130840928	4.267172972696262	1.1351466116685731
2010	11	02	0.0057770623212799995	2.3892815269517382	1.6167833825116003
2010	11	03	0.0116411207508	1.7353728985228414	1.6949158753030569
2010	11	04	0.00081041086204	1.4251854722168262	1.557297204621429
2010	11	05	0.00204019459804	1.2323662612698438	1.4756175124068305
2010	11	06	0.026069175118399998	1.114998045910811	1.4006027758268738
2010	11	07	0.6403885208	1.0479304942770782	0.971431436417285
2010	11	08	12.176443970000001	1.1904490414987607	0.9518569693502295
2010	11	09	14.249410457200002	3.571347124496282	0.5544941978265507
2010	11	10	0.494889251192	4.351007412238429	0.8381768638973635
2010	11	11	0.90965479556	2.456349078585471	0.9885833060960859
2010	11	12	1.5677019542800001	2.03717688087464	0.6875287924402016
2010	11	13	16.044944914000002	2.6659351774408866	0.6000211677686006
2010	11	14	11.834307147199999	9.389457228722618	0.9711575284766631
2010	11	15	0.6193224058400001	4.988149152758892	0.7824006744125432
2010	11	16	5.001188508600001	3.4707457970456828	0.8249460592408537
2010	11	17	5.5769135968	4.711495502269743	0.6448998611304596
2010	11	18	1.3221796276	3.6551815640384486	0.6684235663296889
2010	11	19	31.7047226496	3.8983014387107313	0.4655257187951204
2010	11	20	11.053553924000001	7.763069101604595	0.5623730536606614
2010	11	21	5.20888772604	6.203748526120302	0.6130892620170271
2010	11	22	0.139713851276	4.77017960994926	0.6293609829298802
2010	11	23	0.17107749154000002	3.6467981200842314	0.8257959270626098
2010	11	24	0.0012297843064799998	3.085107375151718	0.8254736678887735
2010	11	25	0.008141778365599999	2.7665365048914863	0.7963788695058213
2010	11	26	0.0020346473456	2.548566962081854	0.767347604703606
2010	11	27	0.0106437705336	2.3808980829975215	0.6865761612522052
2010	11	28	0.064745481886	2.2216126478674054	0.5535358668729354
2010	11	29	7.465707556839999	2.1545450962336727	0.5310269879198324
2010	11	30	3.92951159316	2.2970636434553553	0.4807471615648287
2010	12	01	1.26073493824	2.2886801995011385	0.4913814877789585
2010	12	02	3.80176980664	2.1964623160047556	0.45552466100526623
2010	12	03	0.0368453569124	2.1126278764625894	0.5666318721371445
2010	12	04	3.74275155888	2.01202654901199	0.5644252045619235
2010	12	05	34.7831572844	9.305622789180454	0.5875745080103213
2010	12	06	32.903888724	50.63600148346841	0.6289996946864148
2010	12	07	14.4744923904	31.102577070143678	0.49447631512576834
2010	12	08	8.745552529200001	23.138305313637886	0.6301854180166354
2010	12	09	0.52488814166	12.155993733614107	0.7416485050848178
2010	12	10	0.7405999884	8.165474411406993	0.9968476777883485
2010	12	11	0.0016201779373999998	6.648071055693784	0.989646462986725
2010	12	12	0.00081041086204	5.767809440501038	0.7646752734041242
2010	12	13	0.0128798866944	5.1390511439347915	0.8784202406420127
2010	12	14	0.009939908506399999	4.535443179231194	0.8264423509408573
2010	12	15	0.0046274820832399996	4.099504093611929	0.7002343193363192
2010	12	16	0.000419373510996	3.864767662893864	0.6144643930145401
2010	12	17	0.040835614452	3.621647788221582	0.603484544945691
2010	12	18	0.0080204192044	3.462362353091466	0.63708712199804
2010	12	19	0.72449372164	3.244392810281834	0.6590955172335642
2010	12	20	10.431260078000001	4.443225295734811	0.39540959158808614
2010	12	21	16.165521566800003	6.9079578182744985	0.5204981044661228
2010	12	22	11.20705583	7.251679020397381	0.6903089451668005
2010	12	23	3.4844281364000005	5.885177655860071	0.5032738409033384
2010	12	24	0.00259242693952	4.518676291322761	0.5427560701875612
2010	12	25	0.044004269548	3.9234517705733802	0.5936991656440741
2010	12	26	0.0008160780769160001	3.529429904725199	0.613657909888353
2010	12	27	1.6103918284	3.395294801457733	0.6671263259175293
2010	12	28	1.80162366524	4.686345170407093	0.5114685196598882
2010	12	29	2.37001162	4.577360399002277	0.6823602902424543
2010	12	30	4.278416115280001	5.331870354881773	0.525179853134139
2010	12	31	0.52417637278	4.879164381354076	0.6478615055255782
2011	01	01	0.04070189584160001	4.040819985932413	0.8176649193750656
2011	01	02	0.008455027032	3.5797305684504983	0.7770123347044924
2011	01	03	1.7548865207600002	3.3114603619155667	0.798674146694017
2011	01	04	20.2769832872	4.703112058315527	0.5261870553400385
2011	01	05	22.628229918400002	16.431550150264588	0.5326325818517265
2011	01	06	41.34089144039999	28.67137832342086	0.532870806498592
2011	01	07	18.3494112344	27.8330339279992	0.4579859881900998
2011	01	08	22.5249074332	25.988676258071536	0.5403597217259386
2011	01	09	1.6872122848800002	16.850722347975417	0.6769669051208281
2011	01	10	3.3316631004	11.14998045910811	0.7942112796656037
2011	01	11	1.42294474604	9.557126107806953	0.6073686108185876
2011	01	12	0.162681376076	7.981038644414227	0.7402639310908665
2011	01	13	0.0122460320712	6.933108150137149	0.861843508349943
2011	01	14	0.064902729944	6.178598194257653	0.8954450657788676
2011	01	15	0.020741920684	5.533073009782973	0.9203380118447346
2011	01	16	3.6122822124	5.113900812072141	0.6935187215668795
2011	01	17	16.996995216	8.182241299315425	0.6597486283675642
2011	01	18	11.2310720872	8.802616151927456	0.5863806619235478
2011	01	19	0.078736042748	6.505552508472101	0.8679228908302375
2011	01	20	0.0012269509224799998	5.39055446256129	0.9197552120970173
2011	01	21	0.0008193483345	4.703112058315527	0.8144533138184743
2011	01	22	0.0020430283623599998	4.2755564166504785	0.7560735699977731
2011	01	23	0.06739694456800001	3.956985546390247	0.7443298899674459
2011	01	24	0.0	3.6970987838095315	0.8122195748882471
2011	01	25	0.00122695063724	3.462362353091466	0.8479429923355656
2011	01	26	0.0381723694564	3.3030769179613504	0.8220844521642943
2011	01	27	4.57200680152	3.2024755905107507	0.5574955269285539
2011	01	28	3.2046736819199997	3.085107375151718	0.6739841444226202
2011	01	29	1.83085829316	2.967739159792685	0.69674952721641
2011	01	30	0.48589498744799997	2.791686836754136	0.8056603256213107
2011	01	31	0.007524187841960001	2.640784845578237	0.7822498103407958
2011	02	01	0.0	2.506649742310771	0.9272748941889596
2011	02	02	0.000814903258928	2.3892815269517382	1.109632695780857
2011	02	03	0.09610612237600001	2.3138305313637884	1.2690361725503143
2011	02	04	0.00332719110768	2.2048457599589724	1.5017378956072545
2011	02	05	0.00081607810544	2.1210113204168057	1.3330672500205267
2011	02	06	0.0	2.0707106566915066	1.2768124556583118
2011	02	07	0.0020458620316000002	1.9868762171493402	1.2661880928666793
2011	02	08	0.181070190364	1.9281921094698233	1.378406053019505
2011	02	09	3.07292265704	2.1042444325083727	1.0126970449413348
2011	02	10	0.010846200607599998	2.06232721273729	1.2132907800643031
2011	02	11	4.2817718688	1.9281921094698233	1.3345071892101918
2011	02	12	0.17094984664	1.9281921094698233	1.0766320253159412
2011	02	13	15.9223287952	2.3557477511348717	0.9896082220815688
2011	02	14	19.4146675876	3.0264232674722016	0.8078257156357695
2011	02	15	9.8089320032	5.792959772363687	0.7398676514641157
2011	02	16	29.1294085888	7.821753209284111	0.6568473299030079
2011	02	17	5.751915657960001	7.570249890657612	0.848176117744277
2011	02	18	10.2953346608	6.88280748641185	1.0129397427690745
2011	02	19	3.6099264152400004	15.593205754842925	1.1585311233436297
2011	02	20	6.908905100079999	8.467278393758791	1.1145502722689347
2011	02	21	1.48698882752	7.595400222520262	1.0944812817320289
2011	02	22	0.457778576392	6.572620060105834	1.2201873360065167
2011	02	23	0.008931789528400002	5.432471682332373	1.7884261294161314
2011	02	24	0.0	4.476759071551678	1.9217671441500868
2011	02	25	0.00311255190596	4.065970317795062	1.9739015431437918
2011	02	26	0.095930476338	3.722249115672182	1.7572154126294384
2011	02	27	0.00089034951466	3.4791292409999	1.3300347286122969
2011	02	28	0.37455986344	3.2527762542360503	1.1466071576964647
2011	03	01	0.0019664279209999995	3.1186411509685845	1.3137479331785438
2011	03	02	0.0080534224232	3.0012729356095518	1.4199482753597459
2011	03	03	0.00510453866208	2.858754388387869	1.375067830120688
2011	03	04	0.7159207763919999	2.7497696169830528	1.1566187499433678
2011	03	05	0.39774402802	2.6910855093035364	1.5736345230599649
2011	03	06	0.34059647926000003	2.5569504060360706	1.6800289531907837
2011	03	07	0.024461792572	2.414431858814388	1.8386904254264338
2011	03	08	0.196743044452	2.2886801995011385	1.7899534765879361
2011	03	09	0.0024976134487599997	2.213229203913189	1.9482777120481558
2011	03	10	0.025024342900000003	2.1377782083252392	2.1840914371434414
2011	03	11	0.2594806887	2.03717688087464	1.663026052838722
2011	03	12	6.6363187268	2.1796954280963226	1.2294355106622223
2011	03	13	6.657358599679999	2.414431858814388	1.2880672887888451
2011	03	14	12.327804674400001	2.590484181852937	1.1131797158651766
2011	03	15	6.89871927476	3.6970987838095315	1.3568559527670254
2011	03	16	0.7721546919240001	3.0012729356095518	1.6020281891969543
2011	03	17	0.08580546893999999	2.615634513715587	1.7266736706147978
2011	03	18	0.00041370620104	2.3138305313637884	2.4166409448133894
2011	03	19	0.00041370620104	2.1545450962336727	2.5801150157531922
2011	03	20	0.00081215833736	2.0539437687830735	2.546589682124572
2011	03	21	0.0	1.944958997378257	2.522611179434968
2011	03	22	0.48691945543200005	1.8527411138818741	2.2624492771893157
2011	03	23	1.08477618212	1.8024404501565743	1.6905115896362157
2011	03	24	8.4839237456	1.919808665515607	1.8942106794932057
2011	03	25	4.2795893074	2.2970636434553553	2.147026961710124
2011	03	26	12.199960106399999	2.7581530609372695	1.7366380593563022
2011	03	27	9.376846647999999	4.61927761877336	1.535780852923778
2011	03	28	9.5063845908	4.158188201291446	1.2197970091553634
2011	03	29	1.4078434748800002	3.8731511068480806	1.918656134971469
2011	03	30	0.76376984344	3.076723931197501	1.7721707608407942
2011	03	31	0.010629984884399998	2.7162358411661867	3.216959769937556
2011	04	01	0.00031617396423599996	2.4060484148601713	3.6060662542511266
2011	04	02	1.13718266176	2.238379535775839	2.079757086125373
2011	04	03	0.32335025084	2.171311984142106	2.175742289057249
2011	04	04	0.00369086098332	2.03717688087464	2.9442374493635115
2011	04	05	0.0016202973578799999	1.9533424413324736	3.633124262532953
2011	04	06	0.000405205459544	1.8778914457445242	4.075063256513953
2011	04	07	0.0435944329128	1.768906674339708	3.8624359463150295
2011	04	08	0.0	1.7102225666601916	3.7553650483195584
2011	04	09	0.0124132920532	1.6515384589806752	2.910265651291716
2011	04	10	0.0270779634596	1.5928543513011588	3.273491877800531
2011	04	11	0.000818037732764	1.5341702436216424	3.639974648038749
2011	04	12	0.0	1.4838695798963426	3.7149424309298684
2011	04	13	0.00041370620104	1.4587192480336928	3.8524306217989355
2011	04	14	0.010022612893600001	1.4168020282626097	3.798247962880921
2011	04	15	0.00161775586948	1.3581179205830933	3.738968395636744
2011	04	16	0.00123091623388	1.31620070081201	3.870035870331813
2011	04	17	0.38773979599200004	1.2659000370867104	3.4207005566365165
2011	04	18	6.0193067649600005	1.3078172568577935	3.2265104941916687
2011	04	19	16.7547399332	1.7102225666601916	2.14824213439818
2011	04	20	13.1942069124	2.6743186213951033	2.425459473715645
2011	04	21	14.2132467792	2.5569504060360706	2.425595747225676
2011	04	22	4.773192373399999	2.3808980829975215	2.1046526799442424
2011	04	23	2.4867029236800002	2.8252206125710027	2.8053410782941004
2011	04	24	0.69564492836	2.7833033927999193	3.334193019322161
2011	04	25	0.57919227548	2.146161652279456	3.54429310375139
2011	04	26	0.10609463767999999	1.8695080017903074	3.6895831943428217
2011	04	27	0.000819585739752	1.6934556787517583	3.8642833092431137
2011	04	28	0.0985729957952	1.5760874633927255	3.70403366617547
2011	04	29	3.23818481808	1.5090199117589924	3.4090875515934163
2011	04	30	14.9833443868	1.6683053468891083	2.66048339256208
2011	05	01	15.624890031200001	2.590484181852937	2.244461242244934
2011	05	02	2.19919298376	2.3305974192722214	3.4605902053973883
2011	05	03	0.090054508568	2.0958609885541564	2.9211738513279046
2011	05	04	0.24531010812	1.768906674339708	3.1152984522326883
2011	05	05	0.04785241386400001	1.6263881271180252	3.760582445014533
2011	05	06	2.6698125515199997	1.5760874633927255	2.9612625877303436
2011	05	07	5.57524750996	1.6096212392095919	2.020148240142403
2011	05	08	7.3661062176	2.5234166302192036	2.4835096541749957
2011	05	09	0.00515506702648	2.171311984142106	4.23240171958538
2011	05	10	0.102778133184	1.7772901182939245	4.77894633123897
2011	05	11	4.349470350079999	1.5928543513011588	4.254452956898868
2011	05	12	2.4461414153599996	1.4838695798963426	4.395056485251112
2011	05	13	0.3369718395	1.4168020282626097	4.4681861448508
2011	05	14	0.709613834752	1.3497344766288766	3.509963922175823
2011	05	15	0.00204625556772	1.2659000370867104	4.421277729591204
2011	05	16	0.0	1.1904490414987607	4.824921198420797
2011	05	17	0.799863979928	1.1485318217276776	3.1104303809832805
2011	05	18	7.0098129336	1.1317649338192446	3.7347598879269484
2011	05	19	5.38595425924	1.1820655975445442	3.7599881837777853
2011	05	20	5.66157530088	2.0204099929662065	3.9389298284446497
2011	05	21	0.64122845752	1.8695080017903074	4.176832347105032
2011	05	22	0.045185324783999996	1.4419523601252595	4.614952249293352
2011	05	23	0.54224946442	1.2491331491782771	4.844746703055786
2011	05	24	1.55389272524	1.1317649338192446	5.2976498231514
2011	05	25	2.92183464208	1.0563139382312947	4.609868067034419
2011	05	26	4.82181923288	1.0563139382312947	4.495127050969573
2011	05	27	1.1775869077600003	1.031163606368645	4.10081998822435
2011	05	28	0.7513178148440001	1.073080826139728	4.485808883040924
2011	05	29	12.651583450799999	1.031163606368645	3.7632246202458144
2011	05	30	7.4691634296	0.9976298305517783	3.578502828081465
2011	05	31	0.017669607299599998	0.9724794986891285	3.53337619187065
2011	06	01	0.0	0.9305622789180455	4.605253504958771
2011	06	02	0.0	0.8634947272843123	4.839471717492858
2011	06	03	0.00081607810544	0.8215775075132292	4.952502114355455
2011	06	04	1.15803408608	0.7964271756505794	4.498045672202641
2011	06	05	8.193802338400001	0.8131940635590126	3.9194831409809634
2011	06	06	5.0504708496	1.0898477140481613	3.321481448467366
2011	06	07	0.6168138626599999	0.9892463865975617	2.734480800522278
2011	06	08	0.00164500437128	0.9054119470553955	3.7428462494450896
2011	06	09	0.068423770536	0.8383443954216625	3.1222536936976653
2011	06	10	0.24826622138399998	0.8131940635590126	3.63346087285539
2011	06	11	0.00081607810544	0.8048106196047959	4.394581692489554
2011	06	12	0.003292720234	0.7628933998337128	4.12861397150787
2011	06	13	0.3053646328	0.7461265119252796	4.12171784975151
2011	06	14	0.0119529070868	0.7293596240168464	4.594258475195801
2011	06	15	0.021304337899999998	0.7042092921541965	4.632990961749138
2011	06	16	0.55939785552	0.6874424042457632	3.775712104383544
2011	06	17	0.69570924998	0.67067551633733	3.2944203376624475
2011	06	18	0.000355502475116	0.6539086284288967	4.0203756193699265
2011	06	19	0.00081607810544	0.6539086284288967	5.312501927631073
2011	06	20	0.0009226119746880001	0.6371417405204635	5.171652147844379
2011	06	21	0.006373394953599999	0.6119914086578137	5.266264799675634
2011	06	22	0.017383481153999996	0.5952245207493804	3.8361444275207854
2011	06	23	0.000810410919088	0.5616907449325139	4.99801821649555
2011	06	24	0.00121278238612	0.5449238570240806	6.130566614100367
2011	06	25	0.0	0.5197735251614307	6.535999833599483
2011	06	26	0.346398916912	0.5030066372529975	6.085394018136252
2011	06	27	0.832284557996	0.47785630539034757	5.0723321895321485
2011	06	28	0.09732121625199999	0.46108941748191445	4.319543422547246
2011	06	29	0.00010537037528799999	0.4443225295734811	5.44047686109642
2011	06	30	0.00244823431632	0.4443225295734811	5.864451566842333
2011	07	01	0.0012331275094399998	0.4443225295734811	6.253355527548969
2011	07	02	0.000824742498632	0.3940218658481814	5.219609420772018
2011	07	03	0.302471424464	0.3772549779397481	4.9600421743358325
2011	07	04	0.00153775270508	0.3772549779397481	5.083218621448351
2011	07	05	0.118412860192	0.38563842189396474	4.25948523309127
2011	07	06	0.046248427575199993	0.3772549779397481	3.832295490997345
2011	07	07	0.0067525977636	0.3604880900313149	3.2559270943406826
2011	07	08	2.8729708432399996	0.3604880900313149	3.312110910392734
2011	07	09	3.0132126072	0.3688715339855315	3.3522610030194624
2011	07	10	0.147077426464	0.38563842189396474	4.293725145030229
2011	07	11	0.07538630779199999	0.3940218658481814	4.660790234658626
2011	07	12	6.1960745568	0.3688715339855315	3.5503432357823432
2011	07	13	0.00414101695808	0.35210464607709824	4.337807725960699
2011	07	14	0.0109195415164	0.32695431421444837	4.575519902174044
2011	07	15	5.01267312672e-05	0.31018742630601515	5.4871002669398585
2011	07	16	0.5481137991520001	0.32695431421444837	4.257875838337212
2011	07	17	0.14134131662	0.3018039823517985	3.381189892996745
2011	07	18	0.5832819134880001	0.2850370944433653	3.479681952642533
2011	07	19	0.53066368118	0.2850370944433653	3.5773884124129762
2011	07	20	0.029866388881599995	0.268270206534932	5.112784452649702
2011	07	21	0.0248261667052	0.25988676258071536	3.951523237455794
2011	07	22	0.00163183436508	0.24311987467228213	4.82449857317012
2011	07	23	0.0016264889674800001	0.24311987467228213	5.183091961171435
2011	07	24	0.0012241166827600001	0.22635298676384888	5.14965992335348
2011	07	25	0.0012983878542799998	0.21796954280963224	4.913111226530411
2011	07	26	0.0040370422240800004	0.20958609885541563	4.887323088041249
2011	07	27	0.00081607810544	0.20120265490119899	5.478590400680352
2011	07	28	0.0	0.20958609885541563	5.881512506029438
2011	07	29	0.0	0.19281921094698237	5.6275051130360145
2011	07	30	0.0079302405784	0.18443576699276576	5.384606560247157
2011	07	31	0.00123545088432	0.18443576699276576	5.377453791614557
2011	08	01	4.4503683903599995	0.17605232303854912	4.729753062644531
2011	08	02	2.19356082488	0.1676688790843325	3.041426513887383
2011	08	03	0.0024138539588	0.1676688790843325	4.790345243007187
2011	08	04	0.10668738541600001	0.1676688790843325	4.406045850504342
2011	08	05	0.404037829604	0.1676688790843325	3.7527492677867733
2011	08	06	6.1412273735600005	0.15928543513011587	3.2714393951195904
2011	08	07	0.021319946232799997	0.1676688790843325	3.669559139768079
2011	08	08	0.00518901315364	0.15928543513011587	4.493935356933025
2011	08	09	0.0016502046768	0.15928543513011587	5.547996497131723
2011	08	10	0.00039103743661600003	0.14251854722168264	5.740232267876281
2011	08	11	0.00081607810544	0.14251854722168264	5.422426928752363
2011	08	12	0.00149769027168	0.134135103267466	5.559834932117343
2011	08	13	0.142694894516	0.1257516593132494	5.004641845906743
2011	08	14	0.102722273684	0.11736821535903276	4.163179665855377
2011	08	15	0.454437103888	0.11736821535903276	4.230895214309039
2011	08	16	0.000814459121232	0.11736821535903276	5.203902549517448
2011	08	17	0.03521081001	0.10898477140481612	4.271653234968839
2011	08	18	0.08965476372400001	0.10060132745059949	5.0278382981652925
2011	08	19	0.00081607810544	0.10060132745059949	5.487285373694597
2011	08	20	0.854716677808	0.09221788349638288	4.4854490981278365
2011	08	21	5.58848350168	0.09221788349638288	4.3432513397387895
2011	08	22	3.7543593056000004	0.11736821535903276	2.571770240025731
2011	08	23	1.1821978123599999	0.1257516593132494	2.7934146351423217
2011	08	24	0.00350020922956	0.134135103267466	3.887524173869544
2011	08	25	1.5841412862800002	0.14251854722168264	3.2112195208258623
2011	08	26	0.58714952068	0.134135103267466	2.9386014193066106
2011	08	27	0.00041370620104	0.134135103267466	4.303992046503005
2011	08	28	0.00366784230548	0.14251854722168264	3.726250488391481
2011	08	29	0.0026847020795199997	0.14251854722168264	4.17422757237203
2011	08	30	5.6428596586	0.134135103267466	3.427571903386499
2011	08	31	3.10341376716	0.1257516593132494	2.4273345423884765
2011	09	01	11.397778703599998	0.14251854722168264	2.256084950574301
2011	09	02	4.8624577559999995	0.15090199117589925	2.2738493921380107
2011	09	03	1.15399394672	0.1676688790843325	2.4307899834284545
2011	09	04	2.00604614064	0.15928543513011587	2.521332156525122
2011	09	05	0.0005752583880200001	0.15928543513011587	3.093153609734357
2011	09	06	0.00081041086204	0.15928543513011587	3.9483210758124905
2011	09	07	0.00081607810544	0.15090199117589925	4.107949449018878
2011	09	08	0.0194501248212	0.14251854722168264	4.258397690038883
2011	09	09	0.00041370624858	0.134135103267466	4.001349269486834
2011	09	10	0.87229710292	0.1257516593132494	2.815886532259519
2011	09	11	0.107024253856	0.1257516593132494	2.5075320753608725
2011	09	12	0.07085882163	0.11736821535903276	3.6879824680134603
2011	09	13	0.00580867176236	0.1257516593132494	3.865958678010034
2011	09	14	0.000810410919088	0.134135103267466	4.269373056096869
2011	09	15	1.30011602836	0.134135103267466	3.5737958329657857
2011	09	16	3.44138275816	0.134135103267466	2.9386382787772094
2011	09	17	0.0089128629036	0.1257516593132494	3.03700758883208
2011	09	18	0.013836652013600001	0.10898477140481612	2.282913372745412
2011	09	19	0.00081492316868	0.10060132745059949	3.6045670696887737
2011	09	20	0.0008217452822840001	0.10060132745059949	3.38204227571617
2011	09	21	0.00125095833724	0.10060132745059949	3.320927907368193
2011	09	22	0.0438319113764	0.10060132745059949	3.270739925138253
2011	09	23	0.066434925128	0.10060132745059949	2.6336339157457154
2011	09	24	0.042611258172799996	0.10060132745059949	2.6750572007068665
2011	09	25	0.218685207516	0.10060132745059949	3.0493070046899136
2011	09	26	0.0013275202712	0.10060132745059949	3.1800869072218014
2011	09	27	0.12223339327600001	0.10060132745059949	3.061914257517119
2011	09	28	3.9403514738	0.09221788349638288	1.7722520453155746
2011	09	29	0.0008285717790760001	0.10060132745059949	3.054203577776984
2011	09	30	0.000804743656672	0.10898477140481612	2.9462028383380914
