date,observed,split,p_0.01,p_0.05,p_0.1,p_0.25,p_0.4,p_0.5,p_0.6,p_0.75,p_0.9,p_0.95,p_0.99
1980-05-16,12.941783,Training,,,,,,,,,,,
1980-05-17,11.781242,Training,,,,,,,,,,,
1980-05-18,11.077885,Training,1.571396,3.552145,4.473230,6.240055,7.905303,8.626260,9.939830,11.538550,13.993065,15.867584,19.639141
1980-05-19,10.691038,Training,1.483905,3.398190,4.289869,6.023346,7.650589,8.361030,9.652114,11.247400,13.657162,15.399072,19.022367
1980-05-20,10.374527,Training,1.417371,3.290897,4.207447,5.976047,7.637540,8.361423,9.665668,11.358167,13.854878,15.479729,18.987640
1980-05-21,9.671169,Training,1.378519,3.187670,4.037310,5.713748,7.282637,7.981554,9.235891,10.800179,13.149012,14.719470,18.110788
1980-05-22,9.038147,Training,1.273797,2.947680,3.683977,5.206673,6.628893,7.302563,8.462644,9.872691,12.021919,13.547761,16.768747
1980-05-23,8.405125,Training,1.241672,2.917226,3.681822,5.252326,6.742047,7.411867,8.606447,10.106115,12.377758,13.874713,17.137432
1980-05-24,8.088614,Training,0.943066,2.376420,2.975659,4.312884,5.538914,6.179453,7.236077,8.588940,10.577345,11.944978,14.950972
1980-05-25,7.525928,Training,0.988096,2.452469,3.082124,4.460114,5.752990,6.391648,7.480193,8.863940,10.941365,12.356147,15.443561
1980-05-26,6.822570,Training,0.814789,2.080398,2.573420,3.774289,4.896578,5.506761,6.462132,7.731782,9.603499,10.963099,13.883617
1980-05-27,7.490760,Training,0.780041,2.027205,2.494295,3.733049,4.929630,5.506889,6.467918,7.802716,9.828310,11.507772,14.881633
1980-05-28,7.490760,Training,0.747421,1.954184,2.481901,3.686300,4.834615,5.531332,6.492099,7.886015,10.056577,11.757622,15.037264
1980-05-29,7.209417,Training,0.901932,2.224953,2.810054,4.117368,5.365944,6.073543,7.109507,8.507871,10.717150,12.447690,15.681091
1980-05-30,7.209417,Training,1.021510,2.474525,3.046234,4.485084,5.871598,6.533880,7.598695,9.002257,11.397599,13.721251,17.713560
1980-05-31,7.209417,Training,0.210584,1.044525,1.428156,2.329729,3.138211,3.799713,4.531271,5.906163,7.896616,9.303356,12.618584
1980-06-01,6.681899,Training,0.270429,1.096515,1.475652,2.347967,3.134358,3.779276,4.515989,5.837692,7.664298,8.955123,11.856479
1980-06-02,6.154380,Training,0.286602,1.213986,1.651015,2.645856,3.525074,4.187865,4.973619,6.360215,8.300809,9.642366,12.646831
1980-06-03,5.873037,Training,0.187705,1.073997,1.472288,2.441169,3.234513,3.883612,4.633627,6.000314,7.858311,9.047855,11.772119
1980-06-04,4.149811,Training,0.169082,1.048831,1.438821,2.405599,3.179729,3.820150,4.559434,5.918189,7.739650,8.863073,11.487519
1980-06-05,3.657460,Training,0.238880,1.158619,1.563710,2.548815,3.361141,3.997345,4.771553,6.121274,7.944510,9.101068,11.722680
1980-06-06,3.481621,Training,0.307341,1.248141,1.656797,2.640460,3.480617,4.100708,4.896930,6.220227,8.011866,9.169013,11.770747
1980-06-07,3.270614,Training,0.387648,1.338049,1.755349,2.730700,3.591357,4.202508,5.008622,6.304780,8.046272,9.173003,11.711920
1980-06-08,3.270614,Training,0.455123,1.428330,1.852317,2.835803,3.723409,4.328427,5.149915,6.426353,8.155026,9.281111,11.817622
1980-06-09,2.989270,Training,0.504843,1.540766,1.943282,2.970857,3.934035,4.497725,5.353372,6.620325,8.411370,9.679293,12.478253
1980-06-10,2.918935,Training,0.488865,1.492836,1.905686,2.909177,3.843175,4.433634,5.276921,6.552346,8.357367,9.593438,12.326469
1980-06-11,3.094774,Training,0.493613,1.428493,1.857459,2.902559,3.940932,4.516472,5.433309,6.834816,8.983047,10.827287,14.198111
1980-06-12,3.657460,Training,0.254526,1.245720,1.637711,2.772627,3.878727,4.566800,5.484656,7.160159,10.034850,12.492379,17.859646
1980-06-13,4.044307,Training,0.306975,1.362794,1.755183,2.963722,4.137747,4.880119,5.865789,7.658592,10.767392,13.505273,19.273996
1980-06-14,4.255314,Training,0.414343,1.605771,2.029372,3.370440,4.693425,5.470493,6.541724,8.412493,11.776196,14.831376,21.153160
1980-06-15,4.466322,Training,0.223028,1.222149,1.657728,2.794901,3.874331,4.657458,5.653140,7.448275,10.492799,12.903555,18.154484
1980-06-16,4.255314,Training,0.390451,1.489792,2.006480,3.212700,4.362250,5.157805,6.214655,7.970870,10.835272,13.103154,17.667105
1980-06-17,3.868468,Training,0.518404,1.724478,2.330453,3.644303,4.877416,5.681929,6.820705,8.610578,11.431948,13.629522,17.809101
1980-06-18,3.481621,Training,0.249035,1.141071,1.540817,2.498348,3.323404,4.014608,4.868834,6.334332,8.473288,10.014247,13.258640
1980-06-19,3.094774,Training,0.187227,1.045091,1.417440,2.346427,3.100559,3.768377,4.586027,5.998109,8.002504,9.379008,12.313260
1980-06-20,2.743095,Training,0.171943,1.006716,1.361904,2.265661,2.986574,3.634025,4.427803,5.797230,7.706279,8.982934,11.746998
1980-06-21,2.602424,Training,0.231032,1.073711,1.431145,2.330872,3.072273,3.705948,4.503703,5.845165,7.694718,8.940428,11.649611
1980-06-22,2.602424,Training,0.319697,1.238806,1.583512,2.536336,3.371373,3.969280,4.809305,6.134018,8.025308,9.389700,12.348266
1980-06-23,2.426584,Training,0.352268,1.237352,1.606794,2.529802,3.337766,3.962856,4.781535,6.090627,7.931358,9.200128,11.957642
1980-06-24,2.285913,Training,0.402770,1.314090,1.686162,2.628370,3.463798,4.086716,4.917946,6.206796,8.043865,9.317558,12.075463
1980-06-25,2.285913,Training,0.322272,1.233792,1.589763,2.534785,3.360501,3.961399,4.786529,6.086099,7.936790,9.215290,12.044907
1980-06-26,2.285913,Training,0.360567,1.254455,1.633548,2.564886,3.380653,4.003309,4.817622,6.107311,7.921206,9.140695,11.830228
1980-06-27,2.145241,Training,0.325142,1.190439,1.559887,2.469992,3.255603,3.870898,4.668220,5.946233,7.719041,8.880207,11.481941
1980-06-28,2.004570,Training,0.219455,1.043589,1.399071,2.286021,3.015785,3.627276,4.392854,5.671038,7.421379,8.505678,10.995974
1980-06-29,1.863898,Training,0.172519,0.959115,1.304579,2.173494,2.881437,3.484698,4.242898,5.530744,7.299013,8.369647,10.814288
1980-06-30,1.723227,Training,0.093234,0.807646,1.117992,1.902741,2.525718,3.100142,3.785269,5.008284,6.648895,7.603052,9.896706
1980-07-01,1.617723,Validation,0.033629,0.700107,0.987854,1.724401,2.296485,2.852419,3.494872,4.686460,6.271846,7.158178,9.371313
1980-07-02,1.477051,Validation,-0.003347,0.606817,0.872059,1.543542,2.067967,2.596094,3.192515,4.337527,5.839952,6.659324,8.787566
1980-07-03,1.477051,Validation,-0.210135,0.081787,0.191065,0.406157,0.592191,0.875827,1.123387,1.707766,2.419685,2.776643,4.411936
1980-07-04,1.266044,Validation,-0.230496,0.037536,0.133816,0.319313,0.484657,0.743689,0.959384,1.491307,2.131965,2.459577,4.051121
1980-07-05,1.055037,Validation,-0.221719,0.031792,0.122849,0.291442,0.453330,0.699712,0.903950,1.412262,2.024570,2.349271,3.934342
1980-07-06,1.055037,Validation,-0.200655,0.044843,0.135201,0.295214,0.460934,0.702620,0.906886,1.409257,2.015670,2.345304,3.937677
1980-07-07,0.949533,Validation,-0.199051,0.060549,0.134642,0.300694,0.476119,0.703716,0.909990,1.406660,2.021178,2.379185,4.055281
1980-07-08,0.879197,Validation,-0.100236,0.157473,0.252382,0.426624,0.640163,0.896912,1.135204,1.678754,2.380531,2.772894,4.531484
1980-07-09,0.949533,Validation,-0.090945,0.171656,0.275389,0.460795,0.680090,0.950891,1.201091,1.764018,2.490447,2.882605,4.630225
1980-07-10,1.055037,Validation,-0.105072,0.172868,0.286164,0.486770,0.709888,0.992418,1.259080,1.853214,2.618458,3.027017,4.797657
1980-07-11,0.949533,Validation,-0.161178,0.094854,0.197465,0.374066,0.565233,0.827018,1.058306,1.599800,2.274633,2.628271,4.290553
1980-07-12,0.879197,Validation,-0.201110,0.053936,0.151351,0.324422,0.499049,0.754065,0.972187,1.496440,2.142264,2.474938,4.091686
1980-07-13,0.879197,Validation,-0.234567,0.011350,0.097245,0.253898,0.407125,0.643493,0.838033,1.327058,1.921641,2.235583,3.816081
1980-07-14,0.773694,Validation,-0.238583,-0.005625,0.074692,0.217858,0.365509,0.590530,0.769071,1.232561,1.793371,2.096808,3.659808
1980-07-15,0.703358,Validation,-0.227118,0.015554,0.065864,0.212586,0.374486,0.566926,0.737010,1.182764,1.735726,2.117566,3.856310
1980-07-16,0.773694,Validation,-0.233516,-0.015699,0.058746,0.179555,0.325425,0.532132,0.690491,1.132590,1.684287,2.032894,3.717841
1980-07-17,0.773694,Validation,-0.232496,-0.020084,0.052301,0.169037,0.310700,0.513837,0.670795,1.104187,1.639610,1.977504,3.621196
1980-07-18,0.703358,Validation,-0.275159,-0.029646,0.063784,0.228677,0.385059,0.628745,0.814085,1.327742,1.988586,2.356602,4.101501
1980-07-19,0.703358,Validation,-0.286497,-0.040922,0.047388,0.210978,0.359012,0.597813,0.778872,1.281910,1.919928,2.267319,3.971112
1980-07-20,0.633022,Validation,-0.234356,0.011114,0.107060,0.273020,0.443036,0.690763,0.894171,1.422133,2.098152,2.470688,4.204514
1980-07-21,0.492350,Validation,-0.242594,0.003569,0.097030,0.263205,0.428561,0.675095,0.877172,1.400164,2.065496,2.422161,4.120999
1980-07-22,0.386847,Validation,-0.277991,-0.030137,0.057453,0.223425,0.373523,0.614379,0.804985,1.312003,1.949166,2.276171,3.929745
1980-07-23,0.281343,Validation,-0.280752,-0.031322,0.057346,0.224750,0.375870,0.617723,0.809851,1.320914,1.965783,2.296721,3.964219
1980-07-24,0.211007,Validation,-0.286645,-0.036362,0.052707,0.221111,0.371591,0.613401,0.805064,1.317730,1.966128,2.298770,3.977426
1980-07-25,0.211007,Validation,-0.216017,0.042662,0.138415,0.312772,0.497088,0.746670,0.973264,1.526250,2.245823,2.639697,4.419697
1980-07-26,0.211007,Validation,-0.195752,0.067250,0.177216,0.368982,0.569648,0.841325,1.083480,1.664653,2.414491,2.796699,4.546167
1980-07-27,0.211007,Validation,-0.233861,0.019043,0.119654,0.298759,0.477631,0.736850,0.957378,1.502702,2.202666,2.546243,4.222258
1980-07-28,0.281343,Validation,-0.252883,0.007165,0.075963,0.262126,0.447190,0.670255,0.876599,1.399734,2.095836,2.540097,4.436928
1980-07-29,0.386847,Validation,-0.215183,0.035202,0.130530,0.297009,0.495463,0.740895,0.951973,1.504197,2.269234,2.726165,4.736068
1980-07-30,0.562686,Validation,-0.206045,0.025408,0.126890,0.281304,0.469126,0.715722,0.923004,1.464778,2.196714,2.626454,4.521422
1980-07-31,0.703358,Validation,-0.238415,0.023040,0.145273,0.351499,0.562382,0.846899,1.089216,1.715030,2.579879,3.050481,5.033092
1980-08-01,0.703358,Validation,-0.255783,0.014308,0.135929,0.356448,0.564613,0.855297,1.106116,1.743358,2.618922,3.070320,4.992224
1980-08-02,0.597854,Validation,-0.283938,-0.014537,0.101623,0.318370,0.508694,0.790199,1.039562,1.685110,2.579430,3.060702,4.997299
1980-08-03,0.457183,Validation,-0.253148,-0.039823,0.040245,0.170671,0.328361,0.545568,0.720028,1.191567,1.811196,2.161363,3.879024
1980-08-04,0.351679,Validation,-0.268432,-0.057752,0.018396,0.144701,0.294005,0.506320,0.672777,1.130764,1.728554,2.062578,3.745622
1980-08-05,0.316511,Validation,-0.283876,-0.074817,-0.002774,0.119978,0.262022,0.468904,0.627900,1.072643,1.650628,1.970819,3.629309
1980-08-06,0.316511,Validation,-0.303862,-0.095154,-0.026140,0.094632,0.229398,0.430458,0.581527,1.015455,1.576212,1.888216,3.541506
1980-08-07,0.281343,Validation,-0.255382,-0.052061,0.023404,0.142651,0.296462,0.504463,0.671882,1.127040,1.723502,2.063206,3.754391
1980-08-08,0.281343,Validation,-0.247634,-0.048186,0.026760,0.143161,0.298589,0.505218,0.673134,1.126102,1.719075,2.056839,3.738485
1980-08-09,0.281343,Validation,-0.268785,-0.068780,0.003032,0.118837,0.266975,0.471114,0.633272,1.075827,1.655373,1.976009,3.624836
1980-08-10,0.211007,Validation,-0.290487,-0.088699,-0.018604,0.097922,0.240346,0.442344,0.599191,1.036179,1.610025,1.923593,3.570628
1980-08-11,0.175839,Validation,-0.293996,-0.091728,-0.020129,0.098218,0.242620,0.446209,0.604706,1.047135,1.632297,1.951816,3.616158
1980-08-12,0.140672,Validation,-0.294877,-0.090412,-0.015853,0.106924,0.255465,0.463177,0.627711,1.082804,1.690373,2.020221,3.708937
1980-08-13,0.070336,Test,-0.306127,-0.101066,-0.024714,0.102671,0.251987,0.462532,0.627856,1.090109,1.712895,2.046774,3.746727
1980-08-14,0.140672,Test,-0.278251,-0.051685,0.011267,0.171590,0.364864,0.570779,0.763190,1.280190,2.004393,2.461853,4.431581
1980-08-15,0.070336,Test,-0.242851,-0.040417,0.047571,0.188619,0.379024,0.601722,0.798317,1.343890,2.124243,2.619749,4.606206
1980-08-16,0.211007,Test,-0.229832,-0.084345,-0.048332,-0.000481,0.129166,0.265082,0.366039,0.682008,1.088595,1.404048,3.001169
1980-08-17,0.281343,Test,-0.288659,-0.131172,-0.088858,-0.028285,0.097864,0.242764,0.342634,0.674194,1.113414,1.429766,3.064422
1980-08-18,0.211007,Test,-0.278282,-0.125084,-0.088892,-0.033246,0.092843,0.231341,0.328754,0.649090,1.071459,1.384012,2.997036
1980-08-19,0.211007,Test,-0.232231,-0.094518,-0.059394,-0.013721,0.119603,0.254281,0.354188,0.672713,1.088355,1.410102,3.019186
1980-08-20,0.105504,Test,-0.298821,-0.149150,-0.121366,-0.070714,0.044896,0.172450,0.257338,0.551674,0.931602,1.220243,2.771293
1980-08-21,0.175839,Test,-0.342002,-0.164595,-0.149365,-0.085498,0.032561,0.146176,0.227870,0.509002,0.886515,1.193666,2.850875
1980-08-22,0.175839,Test,-0.346405,-0.170864,-0.156684,-0.096694,0.021912,0.130857,0.206075,0.483348,0.859350,1.183135,2.890741
1980-08-23,0.175839,Test,-0.357200,-0.170173,-0.164787,-0.099159,0.027153,0.129572,0.201442,0.476608,0.868150,1.234096,3.074350
1980-08-24,0.140672,Test,-0.319757,-0.173398,-0.147001,-0.104078,0.015866,0.129883,0.199440,0.484963,0.874454,1.229039,2.971408
1980-08-25,0.070336,Test,-0.279203,-0.131909,-0.114629,-0.070978,0.068628,0.178037,0.261464,0.561296,0.982053,1.371063,3.186364
1980-08-26,0.211007,Test,-0.287039,-0.134486,-0.120282,-0.068740,0.080681,0.191205,0.277141,0.594963,1.046433,1.468710,3.390306
1980-08-27,0.246175,Test,-0.291112,-0.158647,-0.132369,-0.093635,0.035682,0.153079,0.233587,0.531760,0.942804,1.308293,3.032679
1980-08-28,0.211007,Test,-0.299865,-0.168622,-0.143873,-0.105585,0.021480,0.136871,0.216933,0.509317,0.912802,1.268736,2.962417
1980-08-29,0.211007,Test,-0.322173,-0.187805,-0.161413,-0.120241,0.004897,0.121611,0.200105,0.494600,0.904063,1.260490,2.970895
1980-08-30,0.211007,Test,-0.308855,-0.178783,-0.154505,-0.114408,0.013191,0.130403,0.213633,0.510291,0.921399,1.273758,2.950249
1980-08-31,0.351679,Test,-0.318369,-0.187452,-0.161996,-0.117976,0.010433,0.131789,0.219198,0.524168,0.950097,1.304143,2.975228
1980-09-01,0.105504,Test,-0.329989,-0.199659,-0.177020,-0.130459,-0.001843,0.116432,0.204237,0.514398,0.951842,1.333889,3.032027
1980-09-02,0.070336,Test,-0.301175,-0.179230,-0.173931,-0.147217,-0.028043,0.064456,0.131439,0.376870,0.705990,1.016317,2.578403
1980-09-03,0.105504,Test,-0.290910,-0.174495,-0.174077,-0.151876,-0.032452,0.052541,0.115640,0.350330,0.663119,0.973275,2.521098
1980-09-04,0.175839,Test,-0.278947,-0.168139,-0.170306,-0.151639,-0.030512,0.050714,0.112964,0.343643,0.650845,0.964643,2.507121
1980-09-05,0.211007,Test,-0.253698,-0.151997,-0.155646,-0.141707,-0.015774,0.063623,0.128473,0.360769,0.670937,0.995629,2.543462
1980-09-06,0.211007,Test,-0.277843,-0.170944,-0.174130,-0.157062,-0.033771,0.046627,0.110529,0.341567,0.652967,0.971395,2.515424
1980-09-07,0.281343,Test,-0.289781,-0.182585,-0.187383,-0.170275,-0.047449,0.029162,0.090840,0.316987,0.622509,0.942605,2.488598
1980-09-08,0.281343,Test,-0.237086,-0.149054,-0.160337,-0.152908,-0.017055,0.049831,0.115514,0.344380,0.656359,1.023107,2.620983
1980-09-09,0.211007,Test,-0.231064,-0.146237,-0.158968,-0.153739,-0.017803,0.046637,0.110577,0.334481,0.638943,0.999893,2.581254
1980-09-10,0.211007,Test,-0.249165,-0.161569,-0.174287,-0.166674,-0.032285,0.030634,0.092964,0.316128,0.620100,0.983667,2.559576
1980-09-11,0.211007,Test,-0.245698,-0.153980,-0.168872,-0.164349,-0.039413,0.020520,0.075283,0.274893,0.539143,0.845153,2.336819
1980-09-12,0.211007,Test,-0.256091,-0.164011,-0.180078,-0.175011,-0.048213,0.008716,0.063776,0.263236,0.531017,0.849526,2.365742
1980-09-13,0.211007,Test,-0.231388,-0.148086,-0.166967,-0.166312,-0.035391,0.016012,0.070713,0.268535,0.531990,0.863105,2.386590
1980-09-14,0.211007,Test,-0.215283,-0.133392,-0.155336,-0.157856,-0.032002,0.014503,0.063271,0.244114,0.476553,0.773503,2.232407
1980-09-15,0.140672,Test,-0.226192,-0.141946,-0.163845,-0.165194,-0.040347,0.005484,0.053356,0.231959,0.461853,0.754178,2.209501
1980-09-16,0.070336,Test,-0.243217,-0.146161,-0.173210,-0.170055,-0.041192,0.001387,0.049960,0.228416,0.465438,0.763252,2.262666
1980-09-17,0.105504,Test,-0.215944,-0.136378,-0.159660,-0.163588,-0.036221,0.006558,0.054265,0.231995,0.460614,0.759922,2.226146
1980-09-18,0.000000,Test,-0.189366,-0.118936,-0.144355,-0.152776,-0.021734,0.018161,0.067255,0.244475,0.472059,0.779711,2.250192
1980-09-19,0.035168,Test,-0.123448,-0.056376,-0.099881,-0.112681,0.039046,0.068579,0.121424,0.303505,0.550812,0.898822,2.490630
1980-09-20,0.035168,Test,-0.056750,-0.004392,-0.068341,-0.072882,0.106091,0.137671,0.187927,0.382606,0.682240,1.109757,2.927996
1980-09-21,0.035168,Test,-0.107596,-0.026168,-0.080856,-0.081219,0.105349,0.136002,0.186420,0.398661,0.733607,1.201648,3.229007
1980-09-22,0.035168,Test,-0.125497,-0.054035,-0.078627,-0.090809,0.081414,0.121413,0.178950,0.391029,0.723103,1.175683,3.132455
1980-09-23,0.035168,Test,-0.164223,-0.100916,-0.109064,-0.122677,0.039230,0.086211,0.143643,0.365233,0.687048,1.120140,2.991796
1980-09-24,0.035168,Test,-0.206314,-0.135512,-0.139638,-0.147967,0.005843,0.058220,0.115608,0.342624,0.661731,1.079064,2.898342
1980-09-25,0.035168,Test,-0.210645,-0.139548,-0.149932,-0.155690,-0.009964,0.044106,0.103456,0.323563,0.625040,1.007267,2.707072
1980-09-26,0.035168,Test,-0.210682,-0.139961,-0.153202,-0.157992,-0.016094,0.040780,0.102220,0.320220,0.616725,0.980872,2.622207
1980-09-27,0.035168,Test,-0.176398,-0.114881,-0.133346,-0.142982,0.002254,0.056501,0.119757,0.333951,0.625192,0.988653,2.613082
1980-09-28,0.035168,Test,-0.185602,-0.123609,-0.143885,-0.152910,-0.011740,0.041219,0.102935,0.310903,0.590333,0.939915,2.520434
1980-09-29,0.035168,Test,-0.213320,-0.145487,-0.165271,-0.171004,-0.035534,0.018620,0.078256,0.281850,0.554266,0.887428,2.431173
1980-09-30,0.035168,Test,-0.215903,-0.148691,-0.168449,-0.174350,-0.039695,0.014901,0.074356,0.277311,0.548573,0.878628,2.411992
1980-10-01,0.105504,Training,-0.218533,-0.151646,-0.171462,-0.177457,-0.043375,0.011684,0.071098,0.273852,0.545000,0.872888,2.399516
1980-10-02,0.105504,Training,-0.212125,-0.148386,-0.169200,-0.176800,-0.041994,0.011803,0.071286,0.272758,0.541723,0.870553,2.391042
1980-10-03,0.105504,Training,-0.200401,-0.141475,-0.163842,-0.173870,-0.037303,0.014383,0.074290,0.274343,0.541106,0.874105,2.392044
1980-10-04,0.105504,Training,-0.203422,-0.139132,-0.168482,-0.177466,-0.036936,0.008741,0.068916,0.266024,0.533129,0.874749,2.417778
1980-10-05,0.105504,Training,-0.186198,-0.132960,-0.153278,-0.165523,-0.025586,0.030260,0.093181,0.301664,0.580827,0.922322,2.452181
1980-10-06,0.105504,Training,-0.202616,-0.146858,-0.163521,-0.173133,-0.032805,0.029136,0.095280,0.312883,0.608394,0.955376,2.495577
1980-10-07,0.140672,Training,-0.173039,-0.117949,-0.137283,-0.145504,0.014644,0.083295,0.161469,0.403486,0.758025,1.156500,2.831590
1980-10-08,0.211007,Training,-0.135593,-0.066821,-0.094791,-0.086284,0.097653,0.183709,0.275596,0.548977,0.996372,1.441995,3.274840
1980-10-09,0.246175,Training,-0.045196,-0.006797,-0.039646,-0.044141,0.126379,0.211527,0.297312,0.524225,0.919991,1.332267,3.015017
1980-10-10,0.246175,Training,-0.045899,-0.013428,-0.076871,-0.089110,0.093791,0.140085,0.199531,0.412215,0.741607,1.173538,3.017669
1980-10-11,0.281343,Training,-0.028980,0.005702,-0.029077,-0.043876,0.130046,0.194969,0.264625,0.476979,0.846962,1.287588,3.107589
1980-10-12,0.316511,Training,0.015898,0.036260,-0.003169,-0.008482,0.158428,0.236301,0.316664,0.522426,0.896987,1.335166,3.043544
1980-10-13,0.316511,Training,-0.044541,-0.012507,-0.048204,-0.067749,0.106146,0.162786,0.230293,0.448529,0.799611,1.220316,3.016198
1980-10-14,0.457183,Training,-0.021863,0.031222,-0.024519,-0.015098,0.172315,0.247546,0.330394,0.566272,0.984622,1.456386,3.327762
1980-10-15,1.266044,Training,-0.134745,-0.029256,-0.048944,-0.017894,0.249378,0.381949,0.502695,0.874187,1.756639,2.774607,6.611972
1980-10-16,0.984701,Training,-0.290117,-0.000786,-0.009086,0.150975,0.477411,0.738463,0.959305,1.641937,3.485908,4.980663,11.854673
1980-10-17,0.808861,Training,-0.136245,0.046706,0.078690,0.177588,0.442647,0.668788,0.883280,1.409686,2.686957,3.753634,7.810594
1980-10-18,0.808861,Training,-0.089013,0.017750,0.038758,0.099621,0.319901,0.492623,0.659613,1.064762,1.940894,2.744265,5.490939
1980-10-19,0.808861,Training,-0.082831,0.013859,0.023794,0.094716,0.306743,0.481318,0.658112,1.063832,1.895743,2.615983,5.015569
1980-10-20,0.808861,Training,-0.093460,-0.002598,0.006087,0.062140,0.279084,0.440657,0.614365,1.017605,1.805996,2.495218,4.749734
1980-10-21,0.808861,Training,-0.170351,-0.091617,-0.070675,-0.047778,0.165576,0.297792,0.442568,0.844115,1.541672,2.164465,4.386246
1980-10-22,0.808861,Training,-0.204371,-0.115364,-0.101906,-0.070338,0.143383,0.270758,0.414531,0.824398,1.508890,2.115460,4.313412
1980-10-23,0.808861,Training,-0.232344,-0.127549,-0.104609,-0.047736,0.173336,0.324272,0.481259,0.938912,1.683562,2.285859,4.487786
1980-10-24,0.808861,Training,-0.238757,-0.119333,-0.105751,-0.018720,0.229470,0.393968,0.562939,1.073645,1.918255,2.587769,4.998930
1980-10-25,0.808861,Training,-0.195313,-0.028698,0.039928,0.224231,0.518294,0.796282,1.077579,1.737874,2.905766,3.647683,6.012105
1980-10-26,0.808861,Training,-0.218592,0.019997,0.161572,0.488424,0.898998,1.243587,1.675907,2.628055,4.137108,4.959646,7.403185
1980-10-27,0.808861,Training,-0.181055,0.099092,0.280607,0.683944,1.168371,1.550892,2.054461,3.128273,4.766695,5.620355,8.082724
1980-10-28,0.808861,Training,-0.217712,0.033535,0.199672,0.560665,0.989033,1.343986,1.803349,2.807554,4.298047,5.071258,7.296294
1980-10-29,0.808861,Training,-0.204759,0.028261,0.173707,0.489429,0.882247,1.224464,1.634839,2.547525,3.886482,4.553669,6.674253
1980-10-30,0.808861,Training,-0.174427,0.095782,0.261425,0.649624,1.111937,1.481879,1.958085,2.968060,4.446580,5.146711,7.268484
1980-10-31,0.808861,Training,-0.231404,-0.009147,0.128958,0.444052,0.836875,1.164236,1.563932,2.472244,3.808002,4.477221,6.487096
1980-11-01,0.879197,Training,-0.101492,0.283086,0.545966,1.194577,1.930468,2.365796,3.048387,4.416870,6.438081,7.300504,9.341896
1980-11-02,0.949533,Training,-0.131858,0.155321,0.336322,0.849457,1.555550,1.963383,2.566259,3.826826,5.955746,7.384929,10.442778
1980-11-03,1.090205,Training,-0.309309,-0.019831,0.131182,0.571565,1.179437,1.617661,2.121381,3.353309,5.991488,7.919104,13.136244
1980-11-04,1.160540,Training,-0.110981,0.159685,0.280357,0.640750,1.021998,1.501368,1.914814,2.807066,4.524102,5.536159,8.689616
1980-11-05,1.160540,Training,-0.056634,0.164580,0.292861,0.634181,1.025339,1.515837,1.896677,2.699933,4.184669,4.989107,7.905131
1980-11-06,1.266044,Training,-0.042036,0.258348,0.336134,0.802140,1.318186,1.862097,2.328131,3.272242,5.217235,6.492497,10.346059
1980-11-07,1.758394,Training,-0.380589,-0.037538,0.034438,0.386897,0.877249,1.394055,1.846931,3.135812,6.644967,9.165491,18.184725
1980-11-08,2.145241,Training,-0.336375,0.121955,0.238512,0.652125,1.262256,1.793343,2.428995,3.984386,8.204357,11.046383,21.343594
1980-11-09,2.145241,Training,-0.154372,0.243206,0.380696,0.825930,1.343081,1.857722,2.525075,3.794058,6.816402,8.716189,14.050965
1980-11-10,1.863898,Training,-0.163764,0.299979,0.389566,0.970488,1.629018,2.173184,2.924806,4.409524,7.921031,10.394835,16.568518
1980-11-11,1.723227,Training,-0.348288,0.147368,0.319342,0.905943,1.731576,2.372552,3.222632,5.340332,11.098982,15.166325,27.472645
1980-11-12,2.321081,Training,-0.343808,0.148945,0.332168,0.874451,1.698471,2.336600,3.158777,5.366753,11.422004,15.499202,29.008255
1980-11-13,2.321081,Training,-0.102017,0.405672,0.639741,1.262137,1.968297,2.618314,3.618865,5.408533,9.740695,12.393446,19.110243
1980-11-14,1.723227,Training,-0.004353,0.424189,0.628512,1.214068,1.846572,2.466765,3.299134,4.726992,7.939975,9.809592,14.390336
1980-11-15,1.512219,Training,-0.024420,0.384192,0.574514,1.146983,1.754589,2.298761,3.090996,4.447724,7.201148,8.928867,12.371497
1980-11-16,1.371548,Training,0.041107,0.467479,0.640401,1.265721,1.897457,2.455822,3.262500,4.588914,7.080378,8.572745,11.429374
1980-11-17,1.195708,Training,0.042214,0.521109,0.711836,1.406218,2.200715,2.709401,3.576217,5.031592,7.707097,9.498550,12.685351
1980-11-18,0.984701,Training,0.024986,0.523419,0.804412,1.586589,2.537533,3.028129,3.960015,5.628445,8.581395,10.413024,13.812819
1980-11-19,0.984701,Training,0.367951,1.064775,1.481156,2.631342,3.801873,4.547723,5.673612,7.502481,10.460853,12.248604,14.909617
1980-11-20,0.984701,Training,2.020698,4.006064,5.203647,7.812722,10.266850,11.162452,12.815203,15.263838,19.244610,21.535553,25.951117
1980-11-21,0.984701,Training,1.171104,2.547048,3.526937,5.588028,7.736123,8.594858,10.075730,12.500138,16.571075,18.657804,22.656233
1980-11-22,0.984701,Training,1.098136,2.342308,3.216167,5.082606,6.956611,7.874430,9.230391,11.412506,14.865505,16.611084,19.665880
1980-11-23,0.984701,Training,1.386384,2.835507,3.874276,5.968342,8.007266,8.984965,10.352714,12.643966,16.087357,17.673136,20.789383
1980-11-24,0.984701,Training,1.717531,3.395231,4.525826,6.860850,8.876764,10.048291,11.431657,13.705723,16.925056,18.162405,21.043850
1980-11-25,0.984701,Training,1.289650,2.685256,3.491834,5.457429,7.458571,8.212870,9.583312,11.616538,14.916599,16.731554,20.260557
1980-11-26,0.984701,Training,0.989902,2.080582,2.768976,4.417161,5.890456,6.939034,8.072807,9.816590,12.667703,14.012812,16.960043
1980-11-27,1.090205,Training,0.854333,1.724521,2.319904,3.706559,4.999559,6.027892,7.030378,8.561150,11.099375,12.327349,15.556452
1980-11-28,1.160540,Training,1.009708,2.063740,2.782290,4.396352,5.894589,6.942218,8.030112,9.756917,12.509851,13.720361,16.612635
1980-11-29,1.160540,Training,0.738105,1.535284,2.050328,3.266367,4.435020,5.341862,6.275378,7.670538,9.944793,11.064590,13.933104
1980-11-30,1.160540,Training,0.556488,1.169913,1.545843,2.529423,3.433089,4.271661,5.088418,6.282678,8.218040,9.169786,12.511344
1980-12-01,1.125372,Training,0.476472,1.029613,1.360311,2.239975,3.042452,3.836131,4.580965,5.688749,7.464080,8.325630,11.687037
1980-12-02,1.019869,Training,0.476620,1.043071,1.391402,2.266361,3.101466,3.888736,4.626279,5.754327,7.555770,8.462581,11.548389
1980-12-03,0.984701,Training,0.498181,1.079780,1.435899,2.327986,3.181654,3.970379,4.720954,5.856726,7.675121,8.592845,11.674810
1980-12-04,0.984701,Training,0.518406,1.116370,1.483354,2.404568,3.282182,4.080194,4.848614,6.006796,7.856392,8.773910,11.853979
1980-12-05,0.984701,Training,0.520236,1.126158,1.494423,2.442055,3.344966,4.143732,4.934974,6.124672,8.024837,8.945903,12.003754
1980-12-06,0.984701,Training,0.377622,0.885598,1.185925,1.964985,2.741149,3.455940,4.144504,5.243170,6.975186,7.853141,10.575247
1980-12-07,0.984701,Training,0.447058,1.072285,1.407659,2.290682,3.164794,3.863077,4.638138,5.843512,7.683148,8.626480,10.911103
1980-12-08,0.984701,Training,0.443215,0.972682,1.295808,2.155264,2.971626,3.736589,4.483757,5.625648,7.440910,8.306047,11.495025
1980-12-09,0.914365,Training,0.310764,0.714013,0.945477,1.612291,2.214911,2.889735,3.505227,4.459236,5.963452,6.658872,9.910234
1980-12-10,0.808861,Training,0.340800,0.768677,1.022286,1.719514,2.356183,3.051095,3.683821,4.667769,6.210668,6.929785,10.209539
1980-12-11,0.808861,Training,0.363850,0.824031,1.115978,1.821023,2.528798,3.230099,3.858974,4.892248,6.505469,7.333400,10.154006
1980-12-12,0.808861,Training,0.391913,0.916922,1.234896,1.998427,2.788362,3.487232,4.158437,5.279227,6.981005,7.862350,10.289707
1980-12-13,0.808861,Training,0.377561,0.973955,1.290869,2.162002,3.021212,3.691064,4.468191,5.753239,7.602417,8.524861,10.620942
1980-12-14,0.808861,Training,0.275125,0.736335,0.954824,1.563074,2.168648,2.729094,3.320332,4.319524,5.761652,6.551242,8.548045
1980-12-15,0.808861,Training,0.337463,0.844315,1.043621,1.736919,2.428496,3.026748,3.652778,4.707503,6.353303,7.405411,9.917638
1980-12-16,0.808861,Training,0.289436,0.723550,0.991902,1.614574,2.273221,2.945065,3.510789,4.543456,6.195799,7.158171,9.875154
1980-12-17,0.914365,Training,0.290464,0.770140,1.011713,1.660455,2.306115,2.911670,3.531101,4.604354,6.205363,7.154101,9.392617
1980-12-18,0.984701,Training,0.347769,0.914782,1.206227,1.989527,2.789966,3.417827,4.137986,5.378334,7.159700,8.240816,10.580790
1980-12-19,0.984701,Training,0.401804,1.022228,1.382478,2.298541,3.390337,4.105588,5.069613,6.614116,9.369805,11.637636,15.928620
1980-12-20,1.090205,Training,-0.079140,0.553761,0.864734,1.784186,2.942882,3.877150,4.985291,7.316171,12.791325,16.298325,27.738213
1980-12-21,1.160540,Training,0.345520,1.197701,1.672626,2.957804,4.275419,5.318187,6.653684,8.963791,13.349043,16.495274,23.051228
1980-12-22,1.160540,Training,0.678134,1.578407,2.168225,3.557743,4.936605,6.004143,7.185501,9.143547,12.544525,14.983677,19.554724
1980-12-23,1.160540,Training,0.884538,1.847413,2.474918,3.889982,5.272910,6.348993,7.463657,9.229644,12.143282,14.202907,17.954208
1980-12-24,1.160540,Training,0.984908,1.990185,2.584104,3.985948,5.311509,6.312086,7.410942,9.046286,11.570875,13.274296,16.281803
1980-12-25,1.160540,Training,1.022359,1.981376,2.571554,3.913846,5.188803,6.197316,7.239710,8.760677,11.094552,12.622697,15.617332
1980-12-26,1.160540,Training,1.006678,1.921454,2.493334,3.789778,5.012637,6.015262,7.014736,8.469812,10.679164,12.078022,15.105413
1980-12-27,1.160540,Training,1.030996,1.976359,2.549146,3.866062,5.111091,6.095549,7.091585,8.530280,10.716002,12.068453,15.070191
1980-12-28,1.160540,Training,0.995266,1.862613,2.414584,3.687689,4.834718,5.838835,6.802799,8.182574,10.260384,11.447468,14.891150
1980-12-29,0.984701,Validation,0.976486,1.825745,2.353542,3.626008,4.724524,5.718694,6.682651,8.040994,10.058792,11.113780,14.889742
1980-12-30,0.808861,Validation,1.001627,1.878418,2.439842,3.736059,4.881124,5.875829,6.833753,8.214943,10.262566,11.307485,14.925728
1980-12-31,0.808861,Validation,1.049753,1.975603,2.592584,3.929073,5.164574,6.164137,7.116893,8.546287,10.664345,11.740148,14.997320
1981-01-01,0.914365,Test,1.080377,2.025755,2.665185,4.057586,5.330849,6.354538,7.321930,8.800588,10.969762,11.982418,15.326008
1981-01-02,0.984701,Test,1.064650,2.023405,2.698481,4.139123,5.510038,6.551833,7.515748,9.114744,11.412710,12.433348,15.471825
1981-01-03,0.984701,Test,0.776165,1.492051,1.939868,2.992399,3.952366,4.834880,5.640638,6.855535,8.641377,9.608109,12.847367
1981-01-04,0.984701,Test,0.809419,1.573079,2.058290,3.133616,4.173096,5.045399,5.853624,7.110484,8.957297,9.991812,12.818852
1981-01-05,0.984701,Test,0.801511,1.639205,2.125616,3.261051,4.355738,5.185182,6.044610,7.388597,9.305829,10.340026,12.653259
1981-01-06,0.914365,Test,0.785193,1.517772,1.993092,3.052658,4.088110,4.960419,5.761296,7.027930,8.890546,9.910196,12.756848
1981-01-07,0.808861,Test,0.664807,1.302788,1.700311,2.598458,3.474286,4.279816,4.983301,6.113806,7.759210,8.734384,11.474545
1981-01-08,0.808861,Test,0.611700,1.208311,1.583532,2.398391,3.207543,3.979884,4.624434,5.696695,7.239223,8.176630,10.759091
1981-01-09,0.914365,Test,0.585853,1.173241,1.537376,2.335896,3.132708,3.892697,4.526525,5.600945,7.128157,8.055354,10.535280
1981-01-10,0.984701,Test,0.584311,1.133666,1.478633,2.293033,3.038574,3.834146,4.476836,5.520450,7.025201,7.874764,10.986899
1981-01-11,0.984701,Test,0.576157,1.122760,1.448846,2.275934,3.000008,3.794731,4.448678,5.487628,6.977130,7.777212,11.174903
1981-01-12,0.984701,Test,0.575713,1.126983,1.478655,2.281137,3.037088,3.830227,4.458568,5.513030,7.022684,7.902657,10.891435
1981-01-13,0.914365,Test,0.578599,1.136285,1.492278,2.288756,3.058242,3.845592,4.467815,5.526979,7.040952,7.949143,10.814784
1981-01-14,0.808861,Test,0.571986,1.112782,1.446233,2.260614,2.986900,3.785757,4.425981,5.471150,6.958376,7.779662,11.049265
1981-01-15,0.808861,Test,0.562027,1.216226,1.538005,2.365036,3.164561,3.865417,4.536125,5.658699,7.203697,8.182515,10.356903
1981-01-16,0.808861,Test,0.537840,1.190236,1.511290,2.324575,3.114799,3.782334,4.462607,5.614108,7.141995,8.157563,10.205474
1981-01-17,0.808861,Test,0.568001,1.215052,1.544464,2.371243,3.152415,3.857836,4.531767,5.661832,7.184633,8.155102,10.253491
1981-01-18,0.914365,Test,0.587832,1.227226,1.572217,2.398606,3.193446,3.922517,4.582000,5.698587,7.224929,8.186801,10.367018
1981-01-19,0.984701,Test,0.614142,1.244076,1.608963,2.434477,3.248795,4.006019,4.650523,5.752413,7.284239,8.252733,10.551496
1981-01-20,0.844029,Test,0.601866,1.284201,1.626646,2.488197,3.298707,4.008154,4.701291,5.848810,7.382236,8.367209,10.421730
1981-01-21,0.738526,Test,0.569765,1.236906,1.582628,2.396831,3.238133,3.893389,4.573795,5.737986,7.274122,8.316343,10.402408
1981-01-22,0.808861,Test,0.626756,1.310099,1.666361,2.534954,3.356093,4.087176,4.771548,5.904562,7.437450,8.413329,10.528810
1981-01-23,0.914365,Test,0.639555,1.334774,1.695423,2.575604,3.405146,4.140727,4.829146,5.965760,7.504151,8.482505,10.595542
1981-01-24,0.984701,Test,0.651235,1.333560,1.705801,2.579055,3.419354,4.176549,4.850720,5.974808,7.523235,8.504326,10.694902
1981-01-25,0.984701,Test,0.672227,1.324335,1.720944,2.578280,3.433868,4.227688,4.871252,5.972414,7.524771,8.520139,10.937037
1981-01-26,0.984701,Test,0.678676,1.336948,1.739290,2.602474,3.467304,4.264631,4.910278,6.016587,7.578034,8.579600,11.002603
1981-01-27,0.914365,Test,0.673429,1.356926,1.752125,2.629962,3.498756,4.277630,4.942274,6.068131,7.638537,8.640344,10.924042
1981-01-28,0.808861,Test,0.668173,1.356714,1.747060,2.627141,3.492942,4.264918,4.934322,6.066609,7.637926,8.643590,10.895415
1981-01-29,0.808861,Test,0.654894,1.376641,1.748294,2.652036,3.510523,4.247164,4.950616,6.117675,7.690767,8.719108,10.824374
1981-01-30,0.808861,Test,0.657641,1.385811,1.759927,2.668532,3.533868,4.265374,4.973824,6.150338,7.727775,8.777365,10.880409
1981-01-31,0.808861,Test,0.683388,1.401378,1.793533,2.701578,3.579391,4.345219,5.035574,6.192112,7.782266,8.815568,11.031847
1981-02-01,0.808861,Test,0.702297,1.429016,1.832645,2.751310,3.645662,4.422361,5.113704,6.272245,7.876376,8.917684,11.166659
1981-02-02,0.808861,Test,0.752643,1.450373,1.896233,2.811446,3.740500,4.575507,5.237051,6.371821,7.999671,9.066309,11.666230
1981-02-03,0.808861,Test,0.741079,1.441431,1.881601,2.786234,3.706815,4.526847,5.185608,6.316745,7.930785,8.993735,11.511309
1981-02-04,0.808861,Test,0.693473,1.467620,1.850016,2.799304,3.719085,4.454397,5.179570,6.374080,8.017020,9.143965,11.380086
1981-02-05,0.808861,Test,0.675138,1.412369,1.806498,2.729176,3.621159,4.377432,5.080763,6.270967,7.897322,8.984160,11.194860
1981-02-06,0.808861,Test,0.674012,1.406727,1.798081,2.716737,3.602343,4.357118,5.057531,6.245288,7.863362,8.951827,11.161032
1981-02-07,0.808861,Test,0.678223,1.431939,1.826640,2.754032,3.661700,4.388640,5.106139,6.316504,7.939354,9.080637,11.251515
1981-02-08,0.808861,Test,0.677481,1.427896,1.819689,2.740066,3.642892,4.365421,5.079323,6.279928,7.887476,9.022036,11.179587
1981-02-09,0.808861,Test,0.677043,1.435658,1.815088,2.751361,3.656786,4.389470,5.103167,6.300296,7.925982,9.061340,11.295781
1981-02-10,0.808861,Test,0.723399,1.390556,1.819458,2.714506,3.626738,4.472105,5.107151,6.224710,7.857689,8.967955,11.884212
1981-02-11,0.808861,Test,0.709844,1.360804,1.795345,2.679526,3.575556,4.428034,5.056075,6.175615,7.791282,8.861219,11.724268
1981-02-12,0.808861,Test,0.695338,1.318763,1.720701,2.631568,3.462584,4.334841,4.990585,6.086066,7.665644,8.591997,12.118740
1981-02-13,0.808861,Test,0.701910,1.346198,1.778901,2.667825,3.554945,4.412443,5.043891,6.161589,7.772526,8.806923,11.828753
1981-02-14,0.808861,Test,0.681879,1.396322,1.816075,2.719012,3.634902,4.422890,5.086106,6.254762,7.880737,8.947541,11.283937
1981-02-15,0.808861,Test,0.684957,1.415745,1.827478,2.744706,3.657030,4.434242,5.116109,6.295752,7.926359,9.001447,11.282510
1981-02-16,0.808861,Test,0.689710,1.432515,1.839170,2.767185,3.676834,4.447643,5.141028,6.328662,7.961890,9.050110,11.309600
1981-02-17,0.738526,Test,0.683651,1.418810,1.822716,2.743998,3.647675,4.419673,5.106829,6.289486,7.917538,9.002914,11.273277
1981-02-18,0.668190,Test,0.693090,1.431655,1.829628,2.755545,3.691635,4.472936,5.147391,6.318964,7.989168,9.148515,11.666098
1981-02-19,0.668190,Test,0.689034,1.416444,1.825682,2.745510,3.685747,4.484881,5.149879,6.327980,8.021932,9.200338,11.794107
1981-02-20,0.668190,Test,0.687914,1.322483,1.746457,2.638422,3.516578,4.390103,5.021598,6.149408,7.796375,8.875771,12.128362
1981-02-21,0.668190,Test,0.699314,1.377980,1.818745,2.717813,3.651310,4.495308,5.129950,6.290658,7.965707,9.100565,11.943541
1981-02-22,0.668190,Test,0.708013,1.532547,1.930596,2.945207,3.964321,4.728144,5.463219,6.733363,8.558046,9.905463,12.538372
1981-02-23,0.668190,Test,0.665825,1.385710,1.820809,2.741387,3.694196,4.521459,5.185837,6.414514,8.196047,9.451186,12.149327
1981-02-24,0.668190,Test,0.664651,1.380690,1.803602,2.718131,3.652720,4.461594,5.130744,6.351115,8.085850,9.301449,11.860983
1981-02-25,0.738526,Test,0.720813,1.487760,1.944227,2.919781,3.925580,4.747212,5.449169,6.715145,8.508080,9.742105,12.347317
1981-02-26,0.808861,Test,0.694105,1.569736,2.076649,3.206955,4.478765,5.410973,6.325448,7.900937,10.598090,12.930563,17.048073
1981-02-27,1.688059,Test,0.152288,1.128232,1.660666,2.958344,4.673813,6.111969,7.315186,10.394611,16.360058,21.461674,34.551113
1981-02-28,2.602424,Test,0.480203,1.738841,2.319510,4.121340,6.090643,7.524146,9.167491,12.558961,18.701048,23.384352,33.886074
1981-03-01,2.145241,Test,1.091411,2.620693,3.558988,5.797641,7.972078,9.454331,10.991579,14.069383,18.899158,22.979099,29.835361
1981-03-02,1.617723,Test,1.973149,4.185277,5.645564,8.741682,11.393106,13.155317,14.786128,18.327724,23.228205,27.307928,33.347908
1981-03-03,1.371548,Test,1.760298,3.639370,4.891110,7.320260,9.677260,10.967917,12.400642,15.202387,19.119892,22.623110,27.180576
1981-03-04,1.371548,Test,1.687312,3.437011,4.552886,6.704221,8.969906,10.010144,11.360940,13.818041,17.342031,20.301701,24.465860
1981-03-05,1.371548,Test,1.867959,3.804868,4.912048,7.243219,9.568309,10.610310,11.954373,14.410489,17.900183,21.059427,25.754471
1981-03-06,1.617723,Test,1.478726,3.070182,4.085884,6.104700,8.232680,9.217142,10.474292,12.836245,16.298252,19.064747,23.444038
1981-03-07,1.863898,Test,1.105963,2.377461,3.255229,4.938338,6.855320,7.626825,8.806603,11.059604,14.233771,16.266678,19.946873
1981-03-08,1.863898,Test,1.392140,2.889513,3.866481,5.735258,7.898449,8.600331,9.767301,12.026022,15.164768,17.309374,21.502075
1981-03-09,1.863898,Test,1.124660,2.408119,3.309350,4.987529,6.821730,7.578828,8.677691,10.835958,13.768908,15.332172,18.565212
1981-03-10,1.617723,Test,1.035042,2.256410,3.127807,4.745497,6.459869,7.215047,8.281115,10.392602,13.162745,14.404625,17.094679
1981-03-11,1.371548,Test,1.049119,2.291807,3.225656,4.825179,6.779352,7.453231,8.531868,10.720779,13.645611,15.330779,18.768490
1981-03-12,4.114643,Test,1.402754,2.926747,3.902611,5.777449,7.947586,8.697856,9.792489,11.951417,15.056576,17.199429,21.542633
1981-03-13,4.114643,Test,1.576406,3.215425,4.126054,6.114808,7.906589,8.963362,10.049791,11.980923,14.694619,16.738737,20.280079
1981-03-14,3.129942,Test,1.574208,3.141116,4.064206,6.012506,7.672853,8.835290,9.880338,11.729544,14.329443,16.075352,19.330734
1981-03-15,2.602424,Test,1.680690,3.263161,4.225306,6.156168,7.829612,9.023224,10.043101,11.800495,14.332327,15.936152,19.177748
1981-03-16,2.145241,Test,1.657218,3.276640,4.205883,6.171392,7.841063,8.989480,10.060859,11.855556,14.344347,15.824005,18.741383
1981-03-17,1.723227,Test,1.364424,2.738326,3.467841,5.104562,6.518090,7.523533,8.523980,10.051571,12.216470,13.619423,16.248434
1981-03-18,1.617723,Test,1.146010,2.358807,2.982826,4.425054,5.693983,6.628067,7.535150,8.929911,10.901340,12.206429,14.782647
1981-03-19,1.617723,Test,1.021071,2.166166,2.742098,4.076372,5.306351,6.144493,7.024728,8.395005,10.283175,11.648919,14.164448
1981-03-20,1.512219,Test,1.017400,2.194315,2.768502,4.106514,5.437413,6.208394,7.096578,8.496987,10.474716,11.988948,14.807851
1981-03-21,1.371548,Test,0.995203,2.195613,2.793643,4.186076,5.601193,6.410820,7.304122,8.801386,11.003881,12.875739,16.266827
1981-03-22,1.758394,Test,0.873281,2.060848,2.736186,4.188075,5.815684,6.607654,7.523750,9.308385,12.033168,14.251188,18.838457
1981-03-23,2.145241,Test,0.810595,1.953660,2.713594,4.245378,5.991389,6.755326,7.751531,9.805941,12.837356,14.929507,19.417345
1981-03-24,2.145241,Test,0.603451,1.534143,2.113738,3.271723,4.543525,5.270177,6.101751,7.762228,10.077507,11.611493,15.161508
1981-03-25,2.145241,Test,0.732719,1.752008,2.331876,3.561908,4.977403,5.665237,6.493111,8.122844,10.421831,12.226477,16.135401
1981-03-26,2.145241,Test,0.865512,1.947479,2.549669,3.846753,5.197353,5.986089,6.841165,8.399656,10.621586,12.342622,15.679845
1981-03-27,2.145241,Test,0.804834,1.840649,2.335951,3.619071,4.894798,5.696320,6.539502,8.048991,10.212182,12.154530,15.568082
1981-03-28,2.285913,Test,0.773110,1.917688,2.563350,4.036325,5.568682,6.543297,7.506132,9.336826,12.327856,15.197319,20.356953
1981-03-29,4.536658,Test,1.096692,2.730914,3.530353,5.714359,7.565283,9.013749,10.271680,12.652546,16.796780,20.661198,28.037748
1981-03-30,6.189548,Test,1.335135,3.231961,4.163620,6.500398,8.633471,9.947408,11.242715,13.779320,17.842611,21.846846,29.200611
1981-03-31,6.330220,Test,1.536819,3.360145,4.413875,6.541386,8.508993,9.733937,10.958114,13.198835,16.542980,19.754988,24.880056
1981-04-01,5.802701,Validation,1.952854,4.232427,5.363921,7.956875,10.089375,11.509173,12.890473,15.246563,19.079542,22.921165,29.249462
1981-04-02,6.084045,Validation,1.789238,4.203772,5.326496,8.114928,10.606067,11.965057,13.455540,16.272398,20.679823,25.298969,33.221218
1981-04-03,5.521358,Validation,1.975765,4.473185,5.640408,8.410850,10.909331,12.191751,13.702127,16.433334,20.618961,25.055897,32.302994
1981-04-04,5.521358,Validation,2.106652,4.512753,5.892082,8.548297,11.029823,12.271044,13.744043,16.446245,20.408169,24.126625,30.237946
1981-04-05,5.240015,Validation,2.238422,4.621361,6.066305,8.559083,11.042832,12.072704,13.490860,16.026247,19.652328,22.604834,27.906637
1981-04-06,5.240015,Validation,2.325230,4.817317,6.196735,8.695742,11.245773,12.042130,13.432326,15.861747,19.266405,22.059864,27.558529
1981-04-07,6.330220,Validation,2.367585,4.809842,6.234828,8.677570,11.086905,11.949546,13.324681,15.686570,18.964132,21.210075,25.894747
1981-04-08,6.048877,Validation,2.435191,4.870799,6.365292,8.831540,11.227818,12.118187,13.482285,15.865614,19.047735,20.827436,25.056278
1981-04-09,5.521358,Validation,2.252972,4.610554,5.898636,8.227014,10.572132,11.375778,12.693645,14.844882,17.928638,20.391939,25.226460
1981-04-10,5.240015,Validation,1.413449,3.516236,4.771292,7.078082,9.694038,10.993217,12.372693,15.487040,19.813570,24.686304,33.508636
1981-04-11,5.521358,Validation,1.516128,3.781590,4.921094,7.658075,10.371526,11.566779,13.244518,16.257393,21.379745,25.777122,35.242805
1981-04-12,6.295052,Validation,1.971291,4.404682,5.718384,8.396276,11.103964,12.144897,13.626965,16.349031,20.613195,24.564274,32.127102
1981-04-13,6.611563,Validation,2.105102,4.746203,6.145240,9.114222,11.931228,13.152447,14.703096,17.615204,22.196655,26.665497,34.738430
1981-04-14,9.354658,Validation,2.365149,5.280089,6.725966,10.036507,12.823463,14.218112,15.842195,18.944340,23.637289,28.278316,36.316692
1981-04-15,11.429564,Validation,2.453480,5.184817,6.809874,9.881929,12.497655,13.930191,15.491873,18.477129,22.745955,26.507050,32.763966
1981-04-16,10.655870,Validation,2.249762,4.864888,6.227484,8.985238,11.615802,12.632515,14.105107,16.715471,20.590061,24.264887,30.801323
1981-04-17,10.269023,Validation,2.189060,4.621552,5.952466,8.422638,10.664959,11.749548,13.145779,15.453533,18.860970,21.938940,27.074324
1981-04-18,9.530498,Validation,2.134048,4.459237,5.717955,8.008441,10.188421,11.128887,12.503263,14.629485,17.772820,20.349331,24.975267
1981-04-19,8.475461,Validation,2.269236,4.661235,6.034883,8.432057,10.715964,11.658713,13.026202,15.273026,18.442213,20.736586,25.262508
1981-04-20,7.525928,Validation,2.277664,4.631327,5.787000,7.976607,9.868717,10.777375,12.090395,13.820974,16.396305,18.560490,22.331612
1981-04-21,6.611563,Validation,2.276610,4.578145,5.633733,7.806013,9.399658,10.418050,11.714739,13.248372,15.571444,17.475433,20.752424
1981-04-22,5.767534,Validation,2.003427,4.115925,5.087161,7.017576,8.634948,9.507987,10.740392,12.201140,14.472223,16.417631,19.753836
1981-04-23,5.240015,Validation,1.986238,4.165588,5.086766,7.122800,8.796154,9.651189,10.886061,12.408238,14.804304,17.092304,20.894062
1981-04-24,4.993840,Validation,1.822465,3.834228,4.842865,6.744419,8.406816,9.323545,10.520851,12.139153,14.659479,16.805677,20.495861
1981-04-25,4.747665,Validation,2.018595,4.197347,5.117840,7.249452,8.831490,9.830386,11.057364,12.604329,15.138189,17.418962,21.407867
1981-04-26,4.536658,Validation,2.019593,4.175267,5.214757,7.311996,8.956067,10.043862,11.229235,12.835454,15.551881,17.816435,22.149847
1981-04-27,4.290482,Validation,2.153989,4.359673,5.485038,7.606865,9.288884,10.405802,11.621933,13.224904,15.918869,18.029919,22.095881
1981-04-28,4.079475,Validation,1.931942,4.161640,5.195944,7.485704,9.279374,10.396997,11.696768,13.559482,16.758789,19.704374,24.761667
1981-04-29,3.692628,Validation,1.469317,3.404705,4.466813,6.425726,8.356047,9.364173,10.593140,12.614572,15.977973,18.934948,24.454384
1981-04-30,3.481621,Validation,1.533272,3.423279,4.508061,6.385039,8.331155,9.205532,10.445961,12.403909,15.476493,17.884167,22.564341
1981-05-01,3.129942,Validation,1.410363,3.189644,4.241444,6.063844,7.981143,8.782239,9.962991,11.937521,14.881232,16.933359,21.383932
1981-05-02,2.602424,Validation,1.573537,3.389843,4.397333,6.173060,8.015796,8.785691,9.936232,11.688825,14.319160,16.159969,20.021833
1981-05-03,2.285913,Validation,1.378629,2.990482,3.816820,5.331623,6.921748,7.619914,8.667592,10.139715,12.396013,13.997596,17.368782
1981-05-04,2.145241,Validation,1.585169,3.340435,4.218903,5.854837,7.438529,8.205873,9.315868,10.775159,13.007000,14.649311,17.826097
1981-05-05,2.145241,Validation,0.997335,2.349226,3.052398,4.383312,5.808800,6.447423,7.441728,8.947898,11.132353,12.444053,15.529872
1981-05-06,2.145241,Validation,0.824873,2.119030,2.778960,4.080043,5.425384,6.059826,7.044279,8.562448,10.742305,11.978247,14.958281
1981-05-07,2.285913,Validation,1.167205,2.561583,3.306170,4.730073,6.354219,6.977967,8.039907,9.608467,12.001398,14.021890,17.764908
1981-05-08,2.778263,Validation,1.177603,2.844984,3.619620,5.442144,7.194943,8.155108,9.316170,11.156217,14.456669,17.815863,23.658792
1981-05-09,4.431154,Validation,1.080300,2.867831,3.561921,5.718401,7.528017,8.843851,10.186413,12.523284,16.774868,21.132792,28.847929
1981-05-10,5.767534,Validation,1.198893,3.242099,3.998170,6.311061,8.318088,9.573825,11.017561,13.515127,17.861713,22.341921,30.400326
1981-05-11,7.666600,Validation,1.312367,3.518633,4.351425,6.891421,9.257828,10.593080,12.318766,15.180223,20.274990,25.705320,34.970711
1981-05-12,6.330220,Validation,1.302378,3.367790,4.382133,6.634492,8.881065,10.106937,11.753434,14.408540,18.967644,23.253292,30.792797
1981-05-13,5.521358,Validation,1.847643,4.210640,5.344161,7.660540,9.794787,10.934964,12.544507,14.819840,18.529409,22.248869,27.907925
1981-05-14,4.993840,Validation,1.859643,4.120075,5.253007,7.351172,9.378453,10.339627,11.804349,13.796227,16.963869,20.034777,24.974316
1981-05-15,4.536658,Validation,1.970408,4.394017,5.390188,7.620450,9.683684,10.486071,11.974121,13.849758,16.906876,20.170408,25.380823
1981-05-16,4.536658,Validation,1.894559,4.308868,5.315870,7.638310,9.739731,10.603732,12.133909,14.167289,17.486713,20.959572,26.474905
1981-05-17,4.747665,Validation,1.655954,3.848074,4.796213,6.826452,8.794091,9.607880,11.060385,12.969702,16.146328,19.242367,24.513725
1981-05-18,4.747665,Validation,1.457031,3.456403,4.418413,6.292803,8.179517,8.958831,10.364431,12.302752,15.351905,17.994902,22.899446
1981-05-19,3.200278,Validation,1.137071,2.994780,3.849962,5.653138,7.437740,8.144653,9.523417,11.471895,14.436928,16.932177,21.696712
1981-05-20,1.863898,Validation,1.533354,3.593935,4.490852,6.462927,8.443475,9.078069,10.463669,12.340633,15.353828,18.248558,23.624325
1981-05-21,2.461752,Validation,1.697708,3.924056,4.888452,6.958474,8.873504,9.685636,11.092782,12.937905,16.027349,19.024462,24.131388
1981-05-22,2.602424,Validation,1.549798,3.584627,4.594664,6.506527,8.369634,9.186818,10.571420,12.466236,15.489621,18.035101,22.682608
1981-05-23,2.285913,Validation,1.400900,3.318964,4.296984,6.110012,7.893593,8.663156,10.006630,11.867513,14.725148,16.958338,21.285206
1981-05-24,2.145241,Validation,1.502802,3.471600,4.453030,6.282197,8.063947,8.803957,10.142053,11.922893,14.660542,16.717449,20.810596
1981-05-25,2.004570,Validation,1.764810,3.947953,4.907852,7.006006,8.998779,9.686680,11.096448,12.879057,15.868266,18.680696,23.648966
1981-05-26,1.723227,Validation,1.643175,3.789397,4.816720,6.905585,8.807716,9.717528,11.120649,13.041740,16.234556,19.104660,23.972197
1981-05-27,1.617723,Validation,1.520057,3.472013,4.457630,6.347505,8.185611,9.030558,10.388378,12.232177,15.233376,17.722544,22.068645
1981-05-28,1.617723,Validation,0.971857,2.556141,3.370121,4.959858,6.514791,7.260709,8.487688,10.299001,13.033895,15.053521,19.043032
1981-05-29,1.617723,Validation,0.793311,2.291500,3.034013,4.564256,5.980783,6.715780,7.905297,9.662351,12.275426,14.095814,17.702971
1981-05-30,1.617723,Validation,0.620362,1.888840,2.437196,3.732354,4.969282,5.556065,6.578435,8.076285,10.294455,12.136847,15.792744
1981-05-31,1.617723,Validation,0.616710,1.967227,2.535857,3.876662,5.158917,5.805933,6.861073,8.444153,10.886236,12.858151,16.906612
1981-06-01,2.954103,Validation,0.741885,2.067534,2.681391,4.101390,5.515761,6.167408,7.315754,8.996906,11.701904,14.203930,18.741137
1981-06-02,4.536658,Validation,0.843528,2.417100,3.042293,4.629487,6.219876,6.952133,8.136863,9.935067,13.059659,15.993591,21.679306
1981-06-03,4.747665,Validation,0.850185,2.397334,2.972051,4.524449,6.044726,6.796261,7.972088,9.721658,12.761815,15.706692,21.147232
1981-06-04,4.747665,Validation,0.619327,1.899127,2.501155,3.806879,5.069129,5.873163,6.951202,8.660951,11.410328,13.682431,18.209055
1981-06-05,4.536658,Validation,0.520688,1.738426,2.311412,3.555327,4.699550,5.475497,6.521887,8.168597,10.680579,12.660431,16.556997
1981-06-06,4.290482,Validation,0.529879,1.769313,2.345651,3.601646,4.718761,5.475201,6.515184,8.118484,10.502062,12.334166,15.936814
1981-06-07,4.290482,Validation,0.602842,1.890694,2.482703,3.765957,4.901448,5.627419,6.690039,8.247373,10.538434,12.260978,15.633116
1981-06-08,3.903636,Validation,0.507179,1.702522,2.221457,3.423257,4.461720,5.152126,6.142959,7.626202,9.757088,11.303531,14.413543
1981-06-09,3.903636,Validation,0.469717,1.611658,2.108126,3.264836,4.253567,4.930619,5.880452,7.321194,9.360739,10.793262,13.731167
1981-06-10,4.079475,Validation,0.470997,1.601157,2.096987,3.246111,4.222909,4.895294,5.835533,7.261766,9.263580,10.634840,13.462667
1981-06-11,3.692628,Validation,0.350393,1.437726,1.911095,3.057070,3.978938,4.657671,5.561079,7.007657,9.025696,10.308704,13.029660
1981-06-12,3.481621,Validation,0.316042,1.397678,1.888610,3.072680,4.018970,4.708078,5.631904,7.154007,9.296585,10.614152,13.376282
1981-06-13,3.129942,Validation,0.068550,0.878266,1.217090,2.111586,2.764960,3.385497,4.093128,5.413878,7.158150,8.169950,10.585131
1981-06-14,2.743095,Validation,0.021502,0.781844,1.101529,1.948096,2.558075,3.162595,3.836229,5.128466,6.832859,7.805167,10.191295
1981-06-15,2.743095,Validation,-0.025925,0.680998,0.981417,1.776460,2.339988,2.924425,3.563464,4.823808,6.481281,7.403272,9.740862
1981-06-16,2.602424,Validation,-0.052451,0.623216,0.915050,1.681218,2.220032,2.791008,3.412080,4.653451,6.287645,7.181320,9.491541
1981-06-17,2.039737,Validation,-0.058831,0.597400,0.882644,1.626024,2.158310,2.721799,3.341053,4.577819,6.232564,7.169987,9.499170
1981-06-18,1.617723,Validation,-0.011284,0.660301,0.942375,1.677707,2.225896,2.785749,3.403125,4.597449,6.179050,7.075207,9.325108
1981-06-19,1.617723,Validation,0.029122,0.727658,1.028053,1.800361,2.392065,2.959852,3.615852,4.839750,6.476844,7.412271,9.672108
1981-06-20,1.617723,Validation,0.009399,0.663162,0.943328,1.655435,2.199623,2.742108,3.342371,4.497729,5.984639,6.784656,8.867605
1981-06-21,1.617723,Validation,-0.059921,0.507312,0.752136,1.370228,1.838089,2.340014,2.877618,3.962467,5.347698,6.064154,8.055167
1981-06-22,1.617723,Validation,-0.243623,0.010601,0.101275,0.273597,0.429384,0.673902,0.868960,1.369726,1.959981,2.270451,3.811227
1981-06-23,1.406716,Validation,-0.221318,0.018983,0.104783,0.259627,0.415661,0.648186,0.836797,1.315499,1.883680,2.198358,3.739827
1981-06-24,1.160540,Validation,-0.207027,0.025195,0.108752,0.254863,0.411418,0.638395,0.824092,1.292312,1.848322,2.162050,3.698790
1981-06-25,1.160540,Validation,-0.209770,0.018134,0.098371,0.239220,0.391292,0.613387,0.793537,1.250334,1.790367,2.095441,3.612535
1981-06-26,1.090205,Validation,-0.154689,0.089407,0.157313,0.308617,0.492465,0.707466,0.905637,1.380410,1.966170,2.329440,4.003670
1981-06-27,1.195708,Validation,-0.140890,0.096474,0.168332,0.312934,0.498943,0.716884,0.913714,1.389190,1.986170,2.353690,4.051468
1981-06-28,1.371548,Validation,-0.145000,0.070644,0.152104,0.281323,0.451723,0.672464,0.859066,1.321559,1.889891,2.231541,3.849853
1981-06-29,1.371548,Validation,-0.178512,0.040033,0.122947,0.255727,0.418526,0.639001,0.821379,1.283378,1.846741,2.182490,3.781870
1981-06-30,1.195708,Validation,-0.225923,0.000895,0.077267,0.214574,0.363783,0.579517,0.751541,1.201263,1.746695,2.067306,3.638630
1981-07-01,0.984701,Training,-0.233984,0.009366,0.073027,0.219941,0.374313,0.581493,0.755523,1.203546,1.756285,2.098869,3.733606
1981-07-02,1.090205,Training,-0.202200,0.044928,0.104266,0.255457,0.428600,0.631735,0.811943,1.278334,1.860307,2.255695,4.017612
1981-07-03,0.914365,Training,-0.162563,0.062750,0.149458,0.285930,0.460529,0.687657,0.876663,1.362849,1.975077,2.356965,4.090749
1981-07-04,0.668190,Training,-0.227095,0.016483,0.090140,0.237954,0.398752,0.615770,0.797661,1.270923,1.869898,2.246730,3.973602
1981-07-05,0.597854,Training,-0.232329,0.014950,0.111801,0.275255,0.442219,0.688008,0.884563,1.403438,2.062560,2.449661,4.194206
1981-07-06,0.527518,Training,-0.248449,0.002150,0.094144,0.260076,0.417494,0.661644,0.855333,1.367267,2.006751,2.370233,4.058894
1981-07-07,0.527518,Training,-0.271215,-0.015940,0.071554,0.239633,0.389231,0.629841,0.818071,1.323173,1.951820,2.303148,3.979720
1981-07-08,0.527518,Training,-0.253279,0.001307,0.091956,0.260388,0.415885,0.660425,0.856854,1.371214,2.010849,2.366606,4.040693
1981-07-09,0.527518,Training,-0.183770,0.082644,0.177138,0.357308,0.548028,0.801506,1.030750,1.581507,2.283911,2.684030,4.456038
1981-07-10,0.527518,Training,-0.193848,0.065704,0.165335,0.342782,0.523223,0.781205,1.007216,1.554849,2.239550,2.612426,4.305895
1981-07-11,0.527518,Training,-0.228042,0.035800,0.131950,0.313136,0.480917,0.738120,0.958124,1.497925,2.168915,2.518454,4.165651
1981-07-12,0.527518,Training,-0.258715,0.008735,0.103053,0.287175,0.445456,0.701391,0.913399,1.449050,2.112328,2.449998,4.089426
1981-07-13,0.527518,Training,-0.279352,-0.011157,0.081956,0.267599,0.418741,0.672070,0.877676,1.410659,2.065939,2.396734,4.038216
1981-07-14,0.316511,Training,-0.289659,-0.019811,0.072934,0.256511,0.402293,0.650756,0.855305,1.392369,2.055778,2.405385,4.082781
1981-07-15,0.105504,Training,-0.295435,-0.038116,0.047787,0.214581,0.352586,0.586793,0.773717,1.277199,1.892886,2.224411,3.877592
1981-07-16,0.105504,Training,-0.303258,-0.059535,0.020322,0.175126,0.305873,0.527952,0.697889,1.172363,1.745197,2.056605,3.676273
1981-07-17,0.105504,Training,-0.274366,-0.031582,0.050074,0.202660,0.345447,0.573172,0.752067,1.234797,1.832708,2.160379,3.800107
1981-07-18,0.105504,Training,-0.220489,0.018512,0.107414,0.260355,0.423708,0.658687,0.857922,1.361787,1.991482,2.340226,4.001112
1981-07-19,0.105504,Training,-0.232359,0.008886,0.095141,0.249777,0.406628,0.640042,0.839921,1.343728,1.971591,2.311955,3.942477
1981-07-20,0.000000,Training,-0.266579,-0.021124,0.063191,0.225085,0.371284,0.604771,0.798195,1.305387,1.938142,2.273628,3.894616
1981-07-21,0.000000,Training,-0.277767,-0.073251,-0.018021,0.086555,0.203988,0.384432,0.513951,0.892656,1.339975,1.609480,3.104633
1981-07-22,0.000000,Training,-0.249319,-0.053534,-0.000361,0.093504,0.216044,0.389793,0.520510,0.895241,1.342625,1.632068,3.153416
1981-07-23,0.000000,Training,-0.184524,-0.004692,0.054060,0.139093,0.280324,0.457138,0.597944,0.980928,1.444270,1.748230,3.300215
1981-07-24,0.000000,Training,-0.169580,0.007663,0.066562,0.150669,0.295385,0.473823,0.618244,1.002508,1.469656,1.770690,3.318297
1981-07-25,0.000000,Training,-0.205599,-0.024941,0.030669,0.116290,0.249855,0.425197,0.562155,0.935556,1.385080,1.670097,3.176457
1981-07-26,0.000000,Training,-0.255132,-0.066490,-0.015567,0.074452,0.194552,0.366746,0.491270,0.851669,1.282838,1.549069,3.026218
1981-07-27,0.000000,Training,-0.285826,-0.092042,-0.044232,0.047836,0.158979,0.325113,0.440927,0.792764,1.206585,1.465921,2.943738
1981-07-28,0.000000,Training,-0.301921,-0.113732,-0.070543,0.016099,0.120744,0.275329,0.377313,0.709983,1.094917,1.351350,2.825508
1981-07-29,0.000000,Training,-0.309104,-0.122805,-0.082501,0.000979,0.103405,0.251343,0.346786,0.670352,1.044466,1.305844,2.795042
1981-07-30,0.000000,Training,-0.319574,-0.105050,-0.081007,0.015983,0.129000,0.269782,0.368135,0.689139,1.090740,1.391727,3.005522
1981-07-31,0.000000,Training,-0.274475,-0.078861,-0.042754,0.040820,0.167253,0.316625,0.424864,0.767685,1.201668,1.523169,3.168961
1981-08-01,0.000000,Training,-0.232827,-0.056727,-0.009385,0.064163,0.196111,0.352960,0.469428,0.822189,1.261604,1.579182,3.185711
1981-08-02,0.000000,Training,-0.255155,-0.074072,-0.018936,0.063939,0.195381,0.363854,0.486600,0.856153,1.322746,1.635432,3.239355
1981-08-03,0.000000,Training,-0.285376,-0.084146,-0.040815,0.053653,0.185807,0.348532,0.471422,0.837386,1.313449,1.633453,3.290639
1981-08-04,0.000000,Training,-0.315091,-0.097027,-0.069934,0.035113,0.166575,0.315579,0.429197,0.781963,1.250695,1.604450,3.362738
1981-08-05,0.000000,Training,-0.313525,-0.101409,-0.062058,0.035431,0.168586,0.325693,0.439732,0.807733,1.305384,1.673414,3.496338
1981-08-06,0.000000,Training,-0.303698,-0.113450,-0.060326,0.024028,0.150319,0.314624,0.425572,0.793760,1.281617,1.634791,3.391145
1981-08-07,0.000000,Training,-0.313810,-0.115091,-0.048535,0.054380,0.190518,0.377010,0.506966,0.920387,1.485711,1.861687,3.691925
1981-08-08,0.000000,Training,-0.309067,-0.112675,-0.043826,0.060268,0.197001,0.387754,0.522965,0.942440,1.511797,1.878473,3.676105
1981-08-09,0.000000,Training,-0.305507,-0.108392,-0.041966,0.063373,0.199736,0.390518,0.530204,0.949025,1.509855,1.857514,3.601431
1981-08-10,0.000000,Training,-0.301699,-0.103544,-0.037128,0.070356,0.208687,0.401683,0.546905,0.970142,1.534508,1.873419,3.593371
1981-08-11,0.000000,Training,-0.309461,-0.114290,-0.052747,0.050278,0.183120,0.369332,0.508119,0.916957,1.456759,1.781071,3.467717
1981-08-12,0.000000,Training,-0.315994,-0.127094,-0.072084,0.022640,0.148876,0.324029,0.451895,0.839062,1.344346,1.657405,3.314386
1981-08-13,0.000000,Training,-0.317864,-0.133402,-0.081821,0.007829,0.131643,0.300725,0.422816,0.798791,1.287800,1.598029,3.245031
1981-08-14,0.000000,Training,-0.325133,-0.142601,-0.092753,-0.005053,0.116528,0.281446,0.399841,0.769212,1.247876,1.555840,3.200001
1981-08-15,0.000000,Training,-0.328867,-0.148111,-0.099165,-0.012871,0.108289,0.270942,0.387724,0.754305,1.230373,1.539633,3.187441
1981-08-16,0.000000,Training,-0.349201,-0.137877,-0.108944,-0.004964,0.128858,0.280103,0.400751,0.765738,1.277734,1.641880,3.470437
1981-08-17,0.000000,Training,-0.344000,-0.141178,-0.118380,-0.027173,0.107231,0.245452,0.354698,0.717665,1.232232,1.652200,3.587021
1981-08-18,0.000000,Training,-0.306359,-0.140208,-0.098439,-0.032904,0.093416,0.239620,0.341801,0.687885,1.155901,1.516568,3.269151
1981-08-19,0.000000,Training,-0.296000,-0.133999,-0.081336,-0.009764,0.127841,0.286875,0.402612,0.775140,1.288849,1.660261,3.432645
1981-08-20,0.000000,Training,-0.302187,-0.134534,-0.083327,-0.004938,0.139766,0.301045,0.423226,0.808320,1.352773,1.740645,3.567517
1981-08-21,0.000000,Training,-0.299412,-0.142558,-0.094197,-0.022313,0.115709,0.272671,0.390447,0.765617,1.284863,1.661438,3.414291
1981-08-22,0.000000,Training,-0.304680,-0.153329,-0.111310,-0.041641,0.093173,0.242867,0.355249,0.725773,1.238328,1.631263,3.372406
1981-08-23,0.000000,Training,-0.286475,-0.150900,-0.134569,-0.095339,0.022458,0.134056,0.211566,0.489268,0.853517,1.170996,2.749589
1981-08-24,0.000000,Training,-0.292300,-0.156672,-0.141485,-0.104257,0.010680,0.119586,0.192721,0.458185,0.802529,1.097881,2.635931
1981-08-25,0.000000,Training,-0.292311,-0.159077,-0.146398,-0.111373,0.003104,0.108160,0.178571,0.437956,0.773724,1.068521,2.601247
1981-08-26,0.000000,Training,-0.298132,-0.165646,-0.154681,-0.120588,-0.007126,0.094568,0.162254,0.416089,0.743828,1.036356,2.565007
1981-08-27,0.000000,Training,-0.302376,-0.170947,-0.161690,-0.128749,-0.015881,0.082245,0.147628,0.396083,0.716107,1.007589,2.534057
1981-08-28,0.000000,Training,-0.292529,-0.165649,-0.158202,-0.128503,-0.013666,0.082528,0.147660,0.394283,0.714256,1.010699,2.538689
1981-08-29,0.000000,Training,-0.283611,-0.153929,-0.152210,-0.122685,-0.001306,0.091313,0.159069,0.406574,0.736634,1.046993,2.612177
1981-08-30,0.000000,Training,-0.260406,-0.140570,-0.138879,-0.114660,0.010855,0.102243,0.171772,0.421088,0.752547,1.071710,2.637194
1981-08-31,0.000000,Training,-0.229916,-0.123487,-0.120115,-0.102379,0.027572,0.118869,0.190881,0.442577,0.775930,1.103445,2.668082
1981-09-01,0.000000,Training,-0.248407,-0.142034,-0.137049,-0.118113,0.008582,0.100703,0.171589,0.422077,0.755227,1.079183,2.629649
1981-09-02,0.000000,Training,-0.284360,-0.171111,-0.165509,-0.141268,-0.017844,0.075812,0.145518,0.397232,0.738025,1.062458,2.621176
1981-09-03,0.000000,Training,-0.303125,-0.189782,-0.189967,-0.164512,-0.040707,0.043905,0.109486,0.356518,0.694926,1.047833,2.643279
1981-09-04,0.000000,Training,-0.271343,-0.166560,-0.176171,-0.161217,-0.038594,0.030718,0.087757,0.306198,0.596660,0.925863,2.464748
1981-09-05,0.000000,Training,-0.254778,-0.150863,-0.162600,-0.152562,-0.034756,0.029267,0.080442,0.278708,0.532468,0.820087,2.286861
1981-09-06,0.000000,Training,-0.261227,-0.156539,-0.168859,-0.158607,-0.040875,0.021396,0.071836,0.267575,0.518578,0.804754,2.273235
1981-09-07,0.000000,Training,-0.241235,-0.143933,-0.159401,-0.153360,-0.032728,0.025393,0.075898,0.268953,0.516816,0.811437,2.282212
1981-09-08,0.000000,Training,-0.236690,-0.139537,-0.157197,-0.152045,-0.029148,0.026708,0.077328,0.269246,0.517213,0.813651,2.291471
1981-09-09,0.000000,Training,-0.233945,-0.140526,-0.158196,-0.154712,-0.032195,0.022263,0.072057,0.261294,0.504391,0.798907,2.265344
1981-09-10,0.000000,Training,-0.201476,-0.120010,-0.139759,-0.142355,-0.015554,0.035137,0.086061,0.274239,0.514426,0.818986,2.288024
1981-09-11,0.000000,Training,-0.186871,-0.102213,-0.130106,-0.132914,0.001818,0.046899,0.099661,0.288603,0.535379,0.854509,2.371340
1981-09-12,0.000000,Training,-0.133538,-0.071392,-0.097079,-0.110279,0.027966,0.073797,0.128024,0.315560,0.562347,0.888567,2.400382
1981-09-13,0.000000,Training,-0.169911,-0.100239,-0.124433,-0.133074,-0.001046,0.044985,0.097550,0.282044,0.520297,0.833178,2.310906
1981-09-14,0.000000,Training,-0.203776,-0.125791,-0.148501,-0.152601,-0.024591,0.022107,0.073120,0.255907,0.492647,0.796675,2.264065
1981-09-15,0.000000,Training,-0.230025,-0.144989,-0.166780,-0.167250,-0.042047,0.005642,0.055307,0.236433,0.472400,0.768811,2.233716
1981-09-16,0.000000,Training,-0.241823,-0.152082,-0.176119,-0.174877,-0.048749,-0.004498,0.044531,0.222286,0.456244,0.754182,2.234806
1981-09-17,0.000000,Training,-0.240867,-0.137811,-0.173340,-0.167220,-0.031429,0.006596,0.056768,0.238607,0.484920,0.804110,2.362095
1981-09-18,0.000000,Training,-0.173837,-0.096258,-0.129782,-0.136909,0.004534,0.042014,0.094547,0.280295,0.526842,0.860975,2.418603
1981-09-19,0.000000,Training,-0.167063,-0.100800,-0.128637,-0.139704,-0.002779,0.036734,0.088641,0.270419,0.507997,0.831530,2.342294
1981-09-20,0.000000,Training,-0.199561,-0.119910,-0.164876,-0.163006,-0.008947,0.016369,0.061012,0.247462,0.484167,0.852191,2.530100
1981-09-21,0.000000,Training,-0.122487,-0.064543,-0.093176,-0.110001,0.043725,0.080141,0.133589,0.325314,0.595198,0.972417,2.652226
1981-09-22,0.000000,Training,-0.073439,-0.027223,-0.063085,-0.081856,0.079166,0.117311,0.176549,0.365707,0.653747,1.040238,2.729627
1981-09-23,0.000000,Training,-0.100904,-0.053551,-0.081297,-0.100672,0.059227,0.098356,0.155629,0.353938,0.643492,1.032167,2.737662
1981-09-24,0.000000,Training,-0.115474,-0.051623,-0.093911,-0.106349,0.056771,0.091531,0.150781,0.350235,0.639417,1.025992,2.743989
1981-09-25,0.000000,Training,-0.328597,-0.035346,0.022548,0.051098,0.444324,0.459623,0.629381,0.947399,2.079461,3.548346,11.305651
1981-09-26,0.000000,Training,-0.372262,0.043123,0.025235,0.110314,0.638523,0.825402,1.064896,1.954391,4.699274,7.251613,21.631273
1981-09-27,0.000000,Training,-0.350721,0.044601,0.043081,0.116365,0.624977,0.770985,1.005337,1.902433,4.414508,6.836444,18.595322
1981-09-28,0.000000,Training,-0.248983,-0.091983,-0.048349,-0.061328,0.208125,0.288189,0.405453,0.801220,1.676082,2.677467,6.798048
1981-09-29,0.000000,Training,-0.294072,-0.162206,-0.120044,-0.138609,0.092428,0.148382,0.254625,0.603036,1.255569,2.094278,5.263361
1981-09-30,0.000000,Training,-0.303016,-0.188088,-0.142174,-0.147874,0.058750,0.136428,0.245363,0.604428,1.239783,1.998559,4.753549
1981-10-01,0.668190,Validation,-0.250824,-0.138667,-0.151883,-0.147661,0.097472,0.155368,0.263973,0.634048,1.319659,2.158149,5.337201
1981-10-02,0.668190,Validation,-0.246446,-0.088814,-0.084767,-0.060888,0.192757,0.275095,0.410153,0.819096,1.669253,2.573884,6.030417
1981-10-03,0.773694,Validation,-0.359899,-0.233467,-0.217311,-0.226371,0.038093,0.086720,0.209012,0.607283,1.390231,2.451756,6.539895
1981-10-04,0.738526,Validation,-0.464862,-0.216689,-0.171298,-0.139809,0.290871,0.410309,0.599579,1.352136,3.399663,5.682094,16.137604
1981-10-05,5.415855,Validation,-0.359308,0.335822,0.522575,0.668243,1.904747,1.967366,2.778234,4.613633,10.838844,17.066669,52.090801
1981-10-06,4.958672,Validation,-0.393028,0.383833,0.794080,1.547850,3.389482,4.040239,5.855015,10.864021,26.786041,39.607983,83.405922
1981-10-07,3.270614,Validation,-0.325983,0.264109,0.733015,1.306144,2.450472,3.083937,4.514777,7.564525,16.498301,22.849522,41.112186
1981-10-08,2.532088,Validation,-0.413866,-0.124593,0.119468,0.304799,0.798218,1.085830,1.592397,2.816241,5.990875,8.892898,16.085896
1981-10-09,2.250745,Validation,-0.340745,-0.130835,0.021085,0.111931,0.453236,0.653844,0.983443,1.763472,3.577447,5.236577,9.711497
1981-10-10,2.110073,Validation,-0.277614,-0.116334,-0.019614,0.037957,0.309201,0.470232,0.731915,1.334435,2.578001,3.721307,6.981309
1981-10-11,2.039737,Validation,-0.229974,-0.095295,-0.036695,0.010248,0.254942,0.397889,0.626951,1.143819,2.149931,3.070330,5.851915
1981-10-12,2.039737,Validation,-0.297927,-0.182350,-0.130223,-0.083770,0.126265,0.253723,0.447857,0.922382,1.748526,2.579652,4.943569
1981-10-13,2.004570,Validation,-0.268267,-0.163578,-0.117114,-0.066399,0.139716,0.275936,0.465867,0.937589,1.728327,2.508157,4.728251
1981-10-14,1.863898,Validation,-0.263665,-0.157057,-0.111093,-0.044092,0.171618,0.326962,0.522873,1.016078,1.836510,2.558058,4.720501
1981-10-15,1.652891,Validation,-0.168896,-0.087532,-0.075936,-0.044831,0.152280,0.283526,0.442678,0.833153,1.486463,2.051341,4.078885
1981-10-16,1.617723,Validation,-0.157053,-0.094823,-0.102259,-0.102639,0.060388,0.155579,0.271718,0.573916,1.025927,1.466446,3.255514
1981-10-17,1.512219,Validation,-0.190939,-0.114555,-0.113779,-0.142767,0.120944,0.187071,0.308502,0.670094,1.371910,2.314696,5.860032
1981-10-18,1.863898,Validation,-0.437335,-0.243453,-0.197993,-0.139724,0.152903,0.284644,0.441214,1.017378,2.364087,3.764011,9.349753
1981-10-19,2.039737,Validation,-0.289696,-0.164804,-0.091720,-0.054131,0.193743,0.351770,0.520104,1.044098,2.131535,3.235308,6.855329
1981-10-20,1.899066,Validation,-0.211434,-0.122898,-0.082172,-0.058369,0.155973,0.290756,0.423305,0.843304,1.617068,2.375470,5.049608
1981-10-21,1.688059,Validation,-0.104166,-0.012359,0.004859,0.056283,0.273596,0.435339,0.594045,1.009432,1.800016,2.482876,4.853450
1981-10-22,1.652891,Validation,-0.015665,0.064248,0.056315,0.135844,0.321153,0.506732,0.683505,1.058255,1.745646,2.277879,4.191884
1981-10-23,1.477051,Validation,0.000722,0.065793,0.047757,0.112903,0.285402,0.458676,0.621507,0.958067,1.562145,2.032084,3.804611
1981-10-24,1.371548,Validation,-0.038831,0.037007,0.030826,0.102924,0.283298,0.470146,0.637581,0.992723,1.620205,2.078496,3.834151
1981-10-25,1.336380,Validation,-0.025326,0.038800,0.031410,0.087222,0.260922,0.434225,0.581980,0.905162,1.466590,1.891427,3.581622
1981-10-26,1.336380,Validation,-0.034345,0.015884,0.004763,0.028133,0.204996,0.344849,0.465974,0.762603,1.269031,1.695350,3.417015
1981-10-27,1.441883,Validation,-0.028320,0.020856,0.012312,0.043953,0.218478,0.367446,0.493963,0.795143,1.309821,1.733277,3.418104
1981-10-28,1.441883,Validation,-0.032881,0.013841,0.006117,0.033222,0.208150,0.353047,0.474662,0.773837,1.278932,1.696477,3.374299
1981-10-29,1.477051,Validation,-0.033124,0.013176,0.007017,0.036150,0.210905,0.359093,0.481944,0.783926,1.291283,1.704910,3.366936
1981-10-30,1.477051,Validation,-0.026690,0.014417,0.003872,0.030483,0.202916,0.346093,0.464191,0.757269,1.249169,1.659613,3.300692
1981-10-31,1.477051,Validation,-0.079486,-0.033451,-0.030592,-0.018917,0.157307,0.291440,0.399806,0.712030,1.193773,1.578091,3.267333
1981-11-01,1.477051,Validation,-0.123291,-0.065065,-0.044567,-0.023055,0.153995,0.303643,0.422522,0.770665,1.281283,1.655186,3.344019
1981-11-02,1.371548,Validation,-0.123668,-0.051599,-0.021219,0.020028,0.211013,0.382848,0.520654,0.905588,1.484123,1.871148,3.597439
1981-11-03,1.441883,Validation,-0.118220,-0.048368,-0.022195,0.021508,0.214114,0.386737,0.524290,0.906744,1.492337,1.888242,3.610165
1981-11-04,1.477051,Validation,-0.124463,-0.013725,0.033906,0.136181,0.365138,0.591147,0.786544,1.271315,2.031378,2.479052,4.290308
1981-11-05,1.477051,Validation,-0.126272,-0.009953,0.041967,0.149699,0.382154,0.616533,0.815829,1.305926,2.070741,2.498042,4.289267
1981-11-06,1.477051,Validation,-0.079855,0.019818,0.068349,0.150128,0.366982,0.589128,0.766942,1.206300,1.882362,2.269517,3.969661
1981-11-07,1.477051,Validation,-0.068905,0.067952,0.137243,0.271137,0.523830,0.792797,1.020496,1.540097,2.343046,2.764392,4.512273
1981-11-08,1.477051,Validation,0.022816,0.296351,0.429483,0.759117,1.163560,1.568659,1.970379,2.735223,3.904165,4.477255,6.376375
1981-11-09,1.477051,Validation,0.077424,0.421350,0.585062,1.019757,1.510653,1.975705,2.459470,3.334017,4.658531,5.309795,7.285870
1981-11-10,1.477051,Validation,0.101055,0.458432,0.618035,1.086545,1.571414,2.064489,2.566301,3.440197,4.767879,5.428226,7.340600
1981-11-11,1.477051,Validation,0.093617,0.442510,0.599781,1.051021,1.531304,2.011332,2.502864,3.368464,4.684690,5.346328,7.274815
1981-11-12,1.477051,Validation,0.058412,0.379486,0.531530,0.928958,1.393372,1.832472,2.289078,3.134699,4.414439,5.041224,7.036355
1981-11-13,1.477051,Validation,0.077261,0.396666,0.540720,0.948554,1.392874,1.847139,2.305771,3.125788,4.378735,5.018764,6.923050
1981-11-14,1.512219,Validation,0.093135,0.428900,0.574666,1.015541,1.466367,1.943174,2.420015,3.257267,4.531116,5.167276,7.054661
1981-11-15,1.617723,Validation,0.075757,0.392241,0.532750,0.939100,1.375921,1.829947,2.284474,3.100300,4.343511,4.974741,6.865921
1981-11-16,1.617723,Validation,0.041086,0.327104,0.460963,0.812373,1.228734,1.644690,2.060806,2.846244,4.042258,4.643691,6.571374
1981-11-17,1.477051,Validation,-0.005996,0.227262,0.340534,0.611973,0.970681,1.334734,1.685148,2.392529,3.468680,4.001425,5.901651
1981-11-18,1.617723,Validation,-0.022136,0.140945,0.217810,0.400291,0.675243,0.981956,1.249869,1.814299,2.691715,3.161510,4.910571
1981-11-19,1.652891,Validation,-0.020919,0.120995,0.184021,0.346945,0.596133,0.887442,1.133038,1.654429,2.469028,2.913669,4.599452
1981-11-20,1.652891,Validation,-0.006160,0.171860,0.253700,0.463418,0.750383,1.078473,1.368194,1.959649,2.874857,3.356025,5.088759
1981-11-21,1.652891,Validation,0.016098,0.231230,0.332212,0.591506,0.921090,1.283689,1.618607,2.278769,3.291172,3.815160,5.597656
1981-11-22,1.652891,Validation,0.051283,0.308639,0.427952,0.750016,1.124391,1.527705,1.914418,2.642070,3.749440,4.320606,6.132589
1981-11-23,1.652891,Validation,0.041819,0.301636,0.429875,0.740667,1.133421,1.523085,1.906333,2.653517,3.778475,4.349130,6.242609
1981-11-24,1.652891,Validation,0.057988,0.342159,0.483849,0.824811,1.251393,1.654387,2.064358,2.855952,4.036781,4.627126,6.577277
1981-11-25,1.652891,Validation,0.122451,0.464369,0.632642,1.059313,1.554372,2.007574,2.484182,3.348668,4.639327,5.311229,7.289097
1981-11-26,1.652891,Validation,0.220980,0.645508,0.840972,1.403599,1.965980,2.502436,3.068857,4.003880,5.402400,6.151258,8.098146
1981-11-27,1.723227,Validation,0.228811,0.663379,0.867647,1.435515,2.022760,2.555983,3.130816,4.084476,5.506850,6.279968,8.263012
1981-11-28,1.863898,Validation,0.253421,0.712677,0.931361,1.531263,2.154758,2.700985,3.300159,4.285054,5.751276,6.553982,8.577416
1981-11-29,1.863898,Validation,0.272574,0.734049,0.945678,1.572305,2.168879,2.750472,3.353067,4.314186,5.766721,6.514914,8.501759
1981-11-30,1.863898,Validation,0.244335,0.675975,0.873045,1.459908,2.022853,2.585962,3.160540,4.091454,5.501627,6.219241,8.177047
1981-12-01,1.863898,Validation,0.302281,0.792802,1.019427,1.683285,2.314734,2.909721,3.539431,4.533688,6.028295,6.812489,8.817872
1981-12-02,1.863898,Validation,0.307953,0.802699,1.033161,1.703358,2.341468,2.939961,3.572917,4.572680,6.074991,6.862911,8.883410
1981-12-03,1.863898,Validation,0.314005,0.764037,1.009182,1.644648,2.281725,2.909970,3.499337,4.452427,5.942470,6.711132,8.923179
1981-12-04,1.863898,Validation,0.289971,0.713238,0.947179,1.547044,2.156078,2.767870,3.333408,4.260138,5.713211,6.461486,8.657708
1981-12-05,1.863898,Validation,0.282099,0.687870,0.922398,1.505859,2.107368,2.719650,3.271256,4.185294,5.626192,6.368505,8.615886
1981-12-06,1.863898,Validation,0.333370,0.817309,1.065047,1.727682,2.393368,3.013218,3.628169,4.607158,6.135675,6.944168,9.145741
1981-12-07,1.863898,Validation,0.332223,0.837226,1.084471,1.765011,2.426977,3.033594,3.672311,4.683689,6.214806,7.028160,9.104295
1981-12-08,2.039737,Validation,0.333726,0.878378,1.096084,1.799654,2.516815,3.074346,3.734248,4.785585,6.386122,7.399632,9.699458
1981-12-09,2.321081,Validation,0.317500,0.852900,1.094472,1.822689,2.648170,3.239258,3.942474,5.138081,7.176756,8.688196,11.872197
1981-12-10,2.637592,Validation,0.131671,0.681727,0.927671,1.640911,2.508517,3.115381,3.806893,5.206653,7.789279,9.660436,14.436346
1981-12-11,2.110073,Validation,0.064644,0.549367,0.778251,1.404645,2.216575,2.770305,3.423397,4.830494,7.367038,9.146907,13.900697
1981-12-12,2.356248,Validation,0.081443,0.616888,0.885996,1.620894,2.550927,3.113151,3.863025,5.412391,8.153348,10.095098,15.085273
1981-12-13,2.707927,Validation,-0.083835,0.419899,0.755406,1.508296,2.532918,3.273612,4.248459,6.248498,10.606110,13.663029,22.161530
1981-12-14,2.602424,Validation,0.435179,1.477171,2.080531,3.632473,5.337176,6.356333,7.849175,10.346364,15.224931,18.825140,26.737080
1981-12-15,2.285913,Validation,0.634162,1.728152,2.331108,3.989521,5.825665,6.813016,8.368064,10.820647,15.575308,19.638369,27.406813
1981-12-16,1.934234,Validation,0.484568,1.657857,2.266944,4.037622,5.996105,6.920018,8.470644,11.182107,16.300356,20.222898,29.071465
1981-12-17,2.285913,Validation,0.663834,1.983685,2.686528,4.862935,6.921279,8.424767,10.517212,13.841416,20.190002,25.553087,35.638184
1981-12-18,3.551957,Validation,1.967633,4.323856,5.732659,9.196736,12.183699,14.258804,16.596502,20.440413,27.514479,33.237400,45.606789
1981-12-19,3.129942,Validation,2.227460,4.071967,5.417040,8.107954,10.203392,12.157580,13.998969,16.628342,21.455334,25.049397,34.360249
1981-12-20,3.622292,Validation,2.723813,5.375046,7.077947,10.882741,13.963035,15.913830,18.381390,22.080053,28.643234,34.496735,44.800526
1981-12-21,6.295052,Validation,3.148128,7.007599,9.122423,14.737522,19.009163,21.642590,25.610453,31.550873,41.733517,50.133003,65.242195
1981-12-22,7.877607,Validation,3.316453,7.286176,9.479486,14.644215,19.048746,21.038908,24.488552,30.046547,38.957676,46.332783,60.139256
1981-12-23,7.877607,Validation,3.062006,6.585840,8.969788,13.966047,18.588224,20.624109,24.494673,30.221642,40.279716,48.375862,63.806973
1981-12-24,8.791972,Validation,6.805084,12.570904,16.158598,22.038258,25.660513,28.073446,30.935997,36.023117,43.460396,48.171329,58.356411
1981-12-25,7.525928,Validation,8.550880,13.797212,17.869341,22.721687,25.503790,28.185591,29.916191,33.371971,38.895515,42.179802,51.767712
1981-12-26,8.405125,Validation,9.841105,15.326735,19.827343,25.089561,28.995403,31.137091,34.040989,38.252052,46.374290,52.902790,67.939743
1981-12-27,18.427973,Validation,13.364246,23.567516,29.338638,37.756462,43.076488,46.044708,51.307224,58.038853,72.019615,80.576630,99.311028
1981-12-28,59.890913,Validation,13.393490,24.832979,32.254116,41.446529,48.694618,52.507019,59.609928,68.488495,84.933311,96.163170,120.631454
1981-12-29,218.744263,Validation,29.953594,48.780067,58.879723,68.797615,75.385368,79.150993,85.998322,94.094696,114.145630,124.767593,151.750854
1981-12-30,462.809404,Validation,30.511553,53.989471,66.766617,76.437485,85.045456,88.237152,98.164795,107.032372,130.071609,143.017349,175.398361
1981-12-31,210.761152,Validation,43.914082,73.436325,82.337227,91.447250,95.843590,96.421257,100.730843,107.186783,126.133476,135.249161,161.703659
1982-01-01,87.990055,Training,36.087444,57.806728,65.325188,72.247849,74.781418,75.147430,76.728424,81.194870,93.562576,99.785042,117.397415
1982-01-02,52.646328,Training,35.620380,53.935158,61.292999,66.201836,67.248413,67.572838,68.281380,70.999481,80.777657,85.153053,98.663345
1982-01-03,40.196896,Training,31.368048,49.749134,56.915428,63.592884,66.344154,66.772964,70.473511,74.722214,89.165245,97.147552,112.423431
1982-01-04,36.152589,Training,32.689457,54.560551,61.639343,68.194344,72.972328,72.454491,75.049004,80.003853,95.218819,102.804337,124.562431
1982-01-05,27.852967,Training,27.206671,43.392612,49.609753,54.952568,58.485428,58.333885,59.832932,63.209671,72.951012,77.477158,94.192978
1982-01-06,23.984500,Training,22.739664,35.538479,41.410477,46.172562,49.781742,49.814606,51.234894,54.091469,61.679722,64.365349,79.656677
1982-01-07,21.311740,Training,20.879328,31.956633,37.363171,41.910805,44.212307,45.236271,46.343967,48.405655,53.739887,55.752945,67.595375
1982-01-08,18.779652,Training,16.045773,25.054058,29.553701,34.299690,36.276535,38.011429,39.144417,41.083660,44.735661,46.000515,55.348633
1982-01-09,17.478440,Training,11.444163,18.896877,22.334463,27.132109,29.922297,31.106331,32.554623,34.771809,38.452641,40.150867,48.818413
1982-01-10,17.759783,Training,10.004339,16.844048,20.062134,25.167578,28.129694,29.276831,31.124149,33.814686,38.606953,41.302139,50.684814
1982-01-11,18.005959,Training,10.677126,18.038597,21.650276,27.584698,30.618261,32.157917,34.471592,37.949879,45.243660,49.397747,61.809429
1982-01-12,15.684878,Training,10.115589,16.735022,20.891310,26.244942,29.153267,31.578976,33.105919,36.788105,42.764557,46.031673,56.878700
1982-01-13,13.363797,Training,8.933482,14.905302,18.505638,23.190275,25.935347,27.992470,29.318317,32.417152,36.695374,38.905197,47.383602
1982-01-14,12.484600,Training,7.389196,12.509068,15.598687,19.824995,22.460325,24.304335,25.569126,28.408257,31.873173,33.394466,40.207222
1982-01-15,11.886746,Training,5.784297,10.180720,12.629643,16.822926,19.608246,21.079639,22.723219,25.672621,30.065226,32.630596,39.843208
1982-01-16,13.258294,Training,4.407967,8.540330,11.006996,15.763931,19.239269,21.266962,23.766829,28.052773,35.126637,40.425320,52.834042
1982-01-17,13.082454,Training,3.746613,7.045577,9.437614,13.541834,16.499821,18.818342,20.567385,24.548891,30.372505,34.202736,42.644268
1982-01-18,12.097753,Training,2.993247,5.762226,7.359796,10.638385,13.199011,14.799534,16.398722,19.363352,24.013544,27.790466,35.008347
1982-01-19,15.579374,Training,2.954985,5.904929,7.574498,11.009305,13.642635,15.228236,16.849787,20.019032,24.693516,28.450230,35.442085
1982-01-20,15.473871,Training,3.024846,5.761392,7.546864,10.715786,13.168277,14.852464,16.390804,19.345432,23.508766,26.607170,31.880543
1982-01-21,16.142061,Training,3.278320,6.151598,8.063483,11.227859,13.827902,15.292762,16.806589,19.783228,23.535656,26.332993,31.004330
1982-01-22,16.106893,Training,3.180095,5.820685,7.517758,10.433865,12.656976,14.185498,15.560678,18.054510,21.254751,23.251795,27.159151
1982-01-23,14.981520,Training,2.983174,5.401789,6.963973,9.655460,11.780059,13.256474,14.545831,16.797014,19.719227,21.349577,24.873350
1982-01-24,14.559506,Training,2.849738,5.212133,6.695723,9.325006,11.403844,12.820138,14.094161,16.292749,19.070881,20.452745,23.660122
1982-01-25,13.961651,Training,2.949399,5.371765,6.904593,9.571439,11.677250,13.091579,14.334586,16.535870,19.258968,20.426077,23.625357
1982-01-26,13.961651,Training,3.073315,5.631683,7.226169,9.992438,12.158112,13.542044,14.789974,17.079668,19.784685,20.819113,24.039734
1982-01-27,13.258294,Training,3.422520,6.179457,7.944772,10.866637,13.133174,14.587026,15.796120,18.152834,20.878794,21.688295,25.150913
1982-01-28,12.554936,Training,3.504803,5.941761,7.802979,10.535509,12.813979,14.440319,15.473291,17.639359,20.348583,21.063225,25.408924
1982-01-29,11.992250,Training,2.780792,4.876549,6.444101,8.928858,11.113312,12.614701,13.636369,15.774949,18.486170,19.276073,22.957405
1982-01-30,11.570235,Training,1.939611,3.621862,4.756375,6.804842,8.686539,9.906041,10.943923,12.852355,15.409271,16.383451,19.216816
1982-01-31,10.937213,Training,1.956813,3.723327,4.877160,7.025001,8.953138,10.158780,11.238960,13.268872,15.882382,16.820961,19.564730
1982-02-01,10.831709,Training,2.020179,3.811784,5.018637,7.223767,9.216186,10.473273,11.534798,13.623076,16.297552,17.190762,20.066343
1982-02-02,11.253724,Training,2.214958,4.155883,5.470101,7.858433,10.019130,11.358254,12.420482,14.656298,17.480610,18.343267,21.580198
1982-02-03,11.886746,Training,1.635783,3.201749,4.180776,6.242743,8.295621,9.476294,10.621271,12.755446,15.953283,17.848976,21.884100
1982-02-04,11.921914,Training,0.920134,2.079537,2.824025,4.410686,6.141600,7.118612,8.156251,10.206404,13.383245,15.814413,20.060839
1982-02-05,10.937213,Training,1.040435,2.196238,3.038141,4.730702,6.487661,7.578245,8.623926,10.818647,13.894534,15.991772,19.338409
1982-02-06,10.339359,Training,0.952190,2.000271,2.668040,4.075238,5.508939,6.439979,7.380577,9.149677,11.604763,13.327614,16.253008
1982-02-07,10.058016,Training,0.968238,1.990399,2.596597,3.903763,5.198496,6.102307,6.998098,8.558228,10.736077,12.225870,14.941677
1982-02-08,9.389826,Training,0.994906,2.022294,2.619379,3.913583,5.189064,6.084725,6.974052,8.477839,10.569492,11.941992,14.515809
1982-02-09,8.791972,Training,0.992078,2.014739,2.605789,3.893054,5.158036,6.051742,6.935000,8.420754,10.477363,11.789339,14.282235
1982-02-10,8.123782,Training,0.978864,2.007345,2.594660,3.879810,5.150765,6.015662,6.907639,8.406837,10.449654,11.777348,14.190639
1982-02-11,7.385256,Training,0.977011,2.006647,2.597896,3.877348,5.160477,6.009995,6.901916,8.402014,10.441132,11.780207,14.175409
1982-02-12,6.928074,Training,1.007378,2.066035,2.656071,3.965600,5.257817,6.124878,7.022108,8.507882,10.561762,11.886551,14.354779
1982-02-13,7.666600,Training,1.052541,2.185657,2.828801,4.245590,5.766517,6.665757,7.648183,9.310486,11.834965,13.853154,17.297235
1982-02-14,7.947943,Training,1.044925,2.253659,2.943427,4.495516,6.048434,7.106080,8.074256,9.848961,12.700914,14.910856,19.121378
1982-02-15,10.128352,Training,0.950961,2.194394,3.016954,4.693274,6.609310,8.042370,9.261168,11.651338,15.958757,20.026157,27.967758
1982-02-16,10.058016,Training,1.177817,2.797489,3.862288,6.180957,8.387955,10.039303,11.501922,14.444062,19.453434,23.416306,31.612772
1982-02-17,9.460162,Training,1.516071,3.059748,4.200419,6.290991,8.344945,9.880076,11.061986,13.490267,17.407156,20.562113,26.241306
1982-02-18,9.460162,Training,1.965829,3.989293,5.265718,7.839537,10.173026,11.604769,12.814835,15.438860,19.293514,22.209417,27.666395
1982-02-19,9.178819,Training,1.885396,3.723514,5.018669,7.404897,9.550275,11.023311,12.157006,14.697897,18.173832,20.503803,24.773512
1982-02-20,8.897476,Training,1.989039,3.911996,5.242982,7.700844,9.917809,11.299927,12.469612,15.094527,18.382690,20.515320,24.332048
1982-02-21,8.475461,Training,2.220964,4.448034,5.909418,8.657817,11.397932,12.639587,13.959444,16.924955,20.965551,24.144831,30.119354
1982-02-22,8.932644,Training,1.483988,3.050173,4.086767,6.176161,8.080776,9.408663,10.536732,12.848771,16.257366,18.748991,23.208893
1982-02-23,8.721636,Training,1.461981,2.838425,3.803137,5.630848,7.396485,8.679862,9.683570,11.673478,14.612366,16.671774,20.511419
1982-02-24,8.123782,Training,1.875447,3.546177,4.644878,6.737324,8.762698,10.057540,11.046188,13.057863,16.126183,18.351501,23.336840
1982-02-25,8.756804,Training,1.829446,3.834691,5.051590,7.557088,9.889625,11.266549,12.529618,15.115956,19.218782,22.463137,28.861351
1982-02-26,8.510629,Training,1.533592,3.322858,4.549607,6.965601,9.215174,10.626719,11.890180,14.667196,18.780245,22.122898,27.973980
1982-02-27,8.932644,Training,1.395405,2.935870,4.092364,6.140028,8.441199,9.471257,10.655865,13.215713,16.969940,19.799662,24.710138
1982-02-28,8.932644,Training,1.594559,3.245404,4.491616,6.626244,9.018109,9.975251,11.124666,13.693248,17.250994,19.629641,24.190132
1982-03-01,8.932644,Training,1.780860,3.545137,4.793026,6.952569,9.334272,10.237807,11.371743,13.807040,17.054287,18.996222,23.037729
1982-03-02,8.651300,Training,2.006482,3.896121,5.208049,7.462173,9.798500,10.801860,11.911846,14.285435,17.282150,18.889662,22.469074
1982-03-03,8.405125,Training,2.182822,4.180384,5.564702,7.950644,10.343110,11.432652,12.535718,14.955408,17.894835,19.291241,22.786360
1982-03-04,8.405125,Training,1.754982,3.473965,4.467876,6.563016,8.435637,9.587301,10.638527,12.598697,15.196317,16.503805,19.639990
1982-03-05,8.123782,Training,1.647395,3.207352,4.184970,6.143034,7.910542,9.103574,10.100307,11.971932,14.505760,15.705680,18.656521
1982-03-06,7.877607,Training,1.401560,2.821479,3.642568,5.350401,6.931027,7.952615,8.937641,10.608332,12.910938,14.195526,16.888344
1982-03-07,7.631432,Training,1.429483,2.870045,3.716923,5.456933,7.066205,8.105364,9.085949,10.772306,13.104941,14.338172,17.071712
1982-03-08,7.385256,Training,1.531036,2.974662,3.892333,5.672114,7.349922,8.475862,9.418283,11.107665,13.507998,14.670398,17.605312
1982-03-09,7.385256,Training,1.452123,2.903064,3.773029,5.522171,7.144559,8.198463,9.168646,10.843292,13.189778,14.364934,17.120775
1982-03-10,7.174249,Training,1.493034,3.017975,3.940050,5.779482,7.497068,8.529708,9.536322,11.337853,13.763349,14.979850,17.710941
1982-03-11,6.928074,Training,1.403185,2.854771,3.904310,5.761402,7.866297,8.687146,9.719066,11.875980,14.725638,15.920125,18.936747
1982-03-12,6.681899,Training,0.978175,2.076736,2.801743,4.194790,5.794426,6.547998,7.466624,9.199130,11.576499,12.862471,15.473515
1982-03-13,6.470891,Training,1.121158,2.336710,3.069400,4.637688,6.149058,7.118206,8.040207,9.744490,12.025893,13.212214,15.696094
1982-03-14,6.259884,Training,1.090231,2.293872,3.048415,4.700431,6.285453,7.317055,8.242986,10.108317,12.531615,13.681753,16.185307
1982-03-15,6.048877,Training,1.127254,2.365526,3.170146,4.856431,6.538106,7.528062,8.489170,10.415298,12.928730,14.192265,16.767708
1982-03-16,5.837869,Training,0.723449,1.554948,1.963563,2.940375,3.889692,4.609131,5.335882,6.516673,8.123465,9.294000,11.518034
1982-03-17,5.626862,Training,0.667082,1.464751,1.849014,2.766665,3.719311,4.386745,5.089820,6.264894,7.873146,9.094429,11.432938
1982-03-18,5.451023,Training,0.680174,1.471653,1.861301,2.806535,3.702934,4.429199,5.133420,6.296832,7.880508,9.019214,11.235262
1982-03-19,5.064176,Training,0.589644,1.329710,1.715223,2.554839,3.498523,4.113466,4.782595,5.980544,7.580636,8.671568,11.057966
1982-03-20,4.853169,Training,0.616961,1.379373,1.777202,2.639860,3.610826,4.229758,4.912884,6.115510,7.730635,8.836416,11.225080
1982-03-21,4.853169,Training,0.618695,1.385500,1.788131,2.657743,3.629732,4.251298,4.933254,6.139208,7.742568,8.807022,11.155588
1982-03-22,4.853169,Training,0.588488,1.339124,1.736458,2.605506,3.581458,4.196921,4.881109,6.112206,7.733508,8.754831,11.080929
1982-03-23,4.853169,Training,0.622162,1.385739,1.780012,2.647213,3.590016,4.227146,4.901008,6.072121,7.629637,8.681925,10.950630
1982-03-24,4.677329,Training,0.712521,1.539429,1.947562,2.907039,3.837451,4.549655,5.258969,6.409339,7.957950,9.063046,11.212609
1982-03-25,4.501490,Training,0.725696,1.561030,1.964084,2.948081,3.855875,4.598545,5.312977,6.454595,8.005528,9.076887,11.219751
1982-03-26,4.360818,Training,0.713617,1.544708,1.946823,2.919641,3.836823,4.564147,5.279871,6.430774,7.988808,9.093891,11.244928
1982-03-27,4.184979,Training,0.732511,1.589625,1.997193,2.986701,3.933961,4.652664,5.380840,6.540009,8.126015,9.280231,11.501887
1982-03-28,4.184979,Training,0.701687,1.537944,1.947504,2.893901,3.859068,4.540014,5.254683,6.422042,8.017063,9.191941,11.478148
1982-03-29,4.009139,Training,0.618828,1.391316,1.776786,2.640206,3.574137,4.204737,4.883468,6.043407,7.610794,8.720022,11.049122
1982-03-30,3.868468,Training,0.675485,1.491911,1.902428,2.813505,3.777649,4.431499,5.132020,6.297969,7.882799,9.021362,11.328898
1982-03-31,3.868468,Training,0.809030,1.714226,2.156074,3.203676,4.164714,4.940746,5.676152,6.818880,8.433897,9.535867,11.844582
1982-04-01,3.692628,Validation,0.828952,1.794805,2.214715,3.329253,4.356765,5.118412,5.875646,7.061516,8.783116,10.108041,12.720799
1982-04-02,3.551957,Validation,0.795021,1.736391,2.195295,3.280046,4.290266,5.066297,5.831615,7.064483,8.805215,10.115030,12.586249
1982-04-03,3.551957,Validation,0.723861,1.656312,2.126963,3.218083,4.375327,5.131519,5.919730,7.270609,9.354048,11.212035,14.442612
1982-04-04,6.189548,Validation,0.640413,1.743064,2.367871,3.732314,5.324538,6.282812,7.272668,9.187219,12.670167,15.911669,22.362423
1982-04-05,5.662030,Validation,0.735693,2.004005,2.606557,4.182238,5.824539,6.876753,7.918576,10.026189,13.596944,17.005754,23.629889
1982-04-06,5.064176,Validation,0.977534,2.309846,3.108445,4.707487,6.427912,7.434783,8.494239,10.513336,13.715988,16.627966,21.851961
1982-04-07,4.677329,Validation,0.912127,2.211095,3.034835,4.584995,6.337790,7.185714,8.270396,10.330297,13.434269,15.812646,20.573706
1982-04-08,4.360818,Validation,1.042909,2.446260,3.316376,4.904446,6.629990,7.435087,8.536347,10.526383,13.375932,15.341710,19.362812
1982-04-09,4.009139,Validation,1.151004,2.608702,3.458889,5.039026,6.708959,7.462292,8.555649,10.402568,12.969316,14.599719,18.124029
1982-04-10,3.868468,Validation,1.173400,2.657645,3.482858,5.057998,6.682341,7.408092,8.501173,10.267598,12.696579,14.116793,17.383724
1982-04-11,3.868468,Validation,1.141678,2.609501,3.453432,5.052787,6.791066,7.468232,8.560349,10.401035,12.869895,14.603943,18.242947
1982-04-12,3.692628,Validation,1.021011,2.458185,3.253213,4.875277,6.621221,7.282761,8.376385,10.284322,12.928545,14.800963,18.889290
1982-04-13,3.551957,Validation,1.242917,2.791754,3.636746,5.304336,7.042181,7.784420,8.902318,10.728020,13.356133,15.113074,18.933483
1982-04-14,3.411285,Validation,1.541459,3.242949,4.156832,5.918275,7.622686,8.496106,9.590996,11.267285,13.724885,15.692289,19.286810
1982-04-15,3.129942,Validation,1.649518,3.421853,4.321507,6.140094,7.721754,8.665096,9.776834,11.364848,13.657486,15.513701,18.758831
1982-04-16,2.989270,Validation,1.670036,3.459275,4.359140,6.159840,7.764474,8.666789,9.796348,11.358726,13.634744,15.399131,18.552940
1982-04-17,2.989270,Validation,1.724534,3.646834,4.500170,6.441994,8.117778,9.003807,10.161316,11.760063,14.140041,16.242300,19.894432
1982-04-18,2.989270,Validation,1.512144,3.329603,4.245291,6.132010,7.983282,8.823102,9.972509,11.790825,14.560777,16.796755,21.069025
1982-04-19,2.989270,Validation,1.444935,3.194683,4.153523,6.064698,8.030603,8.834541,10.020310,12.009391,14.953659,17.034504,21.262550
1982-04-20,2.989270,Validation,1.322208,2.976536,3.930195,5.703167,7.523288,8.303700,9.436382,11.345936,14.120390,15.880245,19.848330
1982-04-21,2.989270,Validation,1.390481,3.089987,4.132989,6.014418,7.941311,8.739050,9.916166,11.976076,14.874537,16.447161,20.191782
1982-04-22,2.989270,Validation,1.135867,2.633966,3.503177,5.134975,6.791479,7.525912,8.621948,10.440627,12.993752,14.316312,17.577118
1982-04-23,2.989270,Validation,0.786291,2.010364,2.680262,4.023273,5.363590,6.048549,7.010729,8.609354,10.816180,11.907508,14.733031
1982-04-24,2.989270,Validation,0.556137,1.523987,1.995106,3.010180,4.013222,4.640447,5.419869,6.712726,8.433260,9.414930,11.985987
1982-04-25,2.989270,Validation,0.665627,1.636485,2.096739,3.107087,4.141678,4.765460,5.535653,6.775229,8.461053,9.528590,12.118472
1982-04-26,2.743095,Validation,0.731253,1.725857,2.180292,3.216776,4.257029,4.904172,5.680583,6.882618,8.560897,9.711509,12.258779
1982-04-27,2.391416,Validation,0.619115,1.586787,2.039733,3.052605,4.056864,4.681466,5.457973,6.709494,8.394296,9.392781,11.954076
1982-04-28,2.250745,Validation,0.621219,1.612115,2.080001,3.117099,4.130946,4.761565,5.555037,6.816010,8.518764,9.503028,12.063499
1982-04-29,2.250745,Validation,0.622679,1.649808,2.141171,3.223755,4.261034,4.901848,5.740983,7.065540,8.839632,9.834796,12.387165
1982-04-30,2.250745,Validation,0.552863,1.486638,1.930303,2.909870,3.866281,4.480887,5.246631,6.494622,8.140697,9.078092,11.516098
1982-05-01,2.145241,Validation,0.566798,1.530947,1.995265,2.995119,3.983724,4.596824,5.368528,6.617447,8.291983,9.210385,11.634524
1982-05-02,2.039737,Validation,0.594089,1.618720,2.115260,3.173248,4.204293,4.827794,5.631112,6.910184,8.645509,9.559196,12.007815
1982-05-03,2.039737,Validation,0.619149,1.662352,2.172329,3.255206,4.313757,4.940824,5.762912,7.067760,8.836508,9.766008,12.227877
1982-05-04,2.039737,Validation,0.935946,2.099653,2.651848,3.835830,5.015742,5.697469,6.566388,7.812173,9.615152,10.837380,13.354376
1982-05-05,1.934234,Validation,1.060014,2.301683,2.860011,4.183665,5.323741,6.118739,7.065109,8.370648,10.199821,11.488853,13.823330
1982-05-06,1.863898,Validation,0.661868,1.541463,1.902380,2.857825,3.659875,4.348633,5.085738,6.194091,7.679242,8.787184,10.884841
1982-05-07,1.863898,Validation,0.488102,1.235759,1.549708,2.344260,3.080670,3.690877,4.340713,5.412930,6.842878,7.867494,10.020803
1982-05-08,1.863898,Validation,0.322229,0.944751,1.208277,1.860678,2.502803,3.044873,3.606151,4.618528,5.958093,6.825508,8.970240
1982-05-09,1.758394,Validation,0.265122,0.853064,1.110377,1.721857,2.332931,2.853334,3.389875,4.392158,5.696194,6.490451,8.613529
1982-05-10,1.652891,Validation,0.228083,0.801780,1.049713,1.640993,2.234245,2.737526,3.262017,4.254743,5.535106,6.293149,8.412908
1982-05-11,1.652891,Validation,0.352982,0.989829,1.228051,1.952690,2.631125,3.193981,3.769910,4.802780,6.252467,7.436225,9.770427
1982-05-12,1.652891,Validation,0.161036,0.783354,1.066018,1.802388,2.562279,3.169138,3.771920,5.098837,7.169314,8.843549,12.761599
1982-05-13,1.652891,Validation,-0.005195,0.625613,0.944349,1.656051,2.332354,3.001755,3.624141,5.054371,7.254298,8.754468,12.761332
1982-05-14,1.758394,Test,0.270814,1.213121,1.668555,2.732666,3.817325,4.509107,5.368993,6.976333,9.449843,11.423867,15.686654
1982-05-15,1.863898,Test,0.369051,1.366175,1.859650,2.954815,4.055829,4.757135,5.619059,7.176170,9.535403,11.323871,15.242930
1982-05-16,1.863898,Test,0.465626,1.476145,1.982689,3.068397,4.139563,4.833220,5.696609,7.199583,9.359296,10.933010,14.318036
1982-05-17,1.863898,Test,0.514837,1.561513,2.052976,3.143086,4.219753,4.878983,5.757780,7.211270,9.283473,10.785890,14.034169
1982-05-18,1.758394,Test,0.458068,1.498400,1.968018,3.050875,4.074767,4.722376,5.599649,7.035048,9.049260,10.444672,13.496942
1982-05-19,1.582555,Test,0.467694,1.490422,1.964725,3.032358,4.017521,4.674309,5.542200,6.963226,8.903028,10.190157,13.005161
1982-05-20,1.477051,Test,0.401519,1.405533,1.861467,2.919555,3.855278,4.507770,5.359057,6.767155,8.664765,9.867900,12.535096
1982-05-21,1.441883,Test,0.387005,1.400658,1.855329,2.922896,3.849562,4.499394,5.349329,6.751751,8.634463,9.798215,12.402635
1982-05-22,1.336380,Test,0.466634,1.553552,2.037281,3.157617,4.137259,4.788689,5.680990,7.092935,9.000598,10.187929,12.818394
1982-05-23,1.266044,Test,0.623758,1.768772,2.280204,3.424168,4.478347,5.117901,6.048360,7.438474,9.337255,10.570138,13.268250
1982-05-24,1.160540,Test,0.514351,1.624499,2.112620,3.244590,4.232893,4.878961,5.789705,7.184438,9.068898,10.226016,12.795348
1982-05-25,1.160540,Test,0.426278,1.456993,1.935819,3.094381,4.115306,4.701203,5.669347,7.141483,9.205938,10.753892,13.567203
1982-05-26,1.230876,Test,0.343505,1.349101,1.838033,3.039382,4.167303,4.817492,5.828207,7.510551,10.124061,12.365054,16.478643
1982-05-27,1.336380,Test,0.325058,1.444743,1.913759,3.209062,4.460157,5.179245,6.222734,8.065411,11.067162,13.684459,19.039978
1982-05-28,1.336380,Test,0.357362,1.504627,2.022116,3.319509,4.580869,5.333809,6.410707,8.248243,11.249804,13.741097,18.775494
1982-05-29,1.336380,Test,0.512846,1.689985,2.260078,3.744641,5.243226,6.074740,7.339824,9.473849,13.090616,16.596813,23.029816
1982-05-30,1.477051,Test,0.122265,1.135246,1.515842,2.811577,4.014326,4.876726,6.060396,8.269596,12.352530,15.782786,23.583796
1982-05-31,1.406716,Test,-0.030542,0.721910,1.043727,1.877271,2.605707,3.354922,4.185099,5.907228,8.838693,10.854287,16.012348
1982-06-01,1.336380,Test,-0.035377,0.792175,1.087626,2.013726,2.785515,3.471798,4.320444,5.982404,8.703094,10.807352,15.602489
1982-06-02,1.477051,Test,0.070429,0.978904,1.318837,2.377115,3.301506,4.003927,4.929964,6.670220,9.495155,11.845450,16.896185
1982-06-03,1.934234,Test,0.218076,1.252269,1.618621,2.770722,3.829373,4.538550,5.536950,7.318323,10.199726,12.637515,17.866661
1982-06-04,1.934234,Test,0.233218,1.208977,1.629642,2.694750,3.628290,4.396433,5.371585,7.086076,9.767977,11.796444,16.067921
1982-06-05,1.758394,Test,0.205242,1.153981,1.575667,2.610594,3.478540,4.227430,5.158556,6.781506,9.228274,11.029401,14.735647
1982-06-06,1.582555,Test,0.332519,1.376444,1.808771,2.898906,3.859945,4.566710,5.533600,7.089771,9.431289,11.236616,14.932748
1982-06-07,1.441883,Test,0.278010,1.246841,1.666393,2.696105,3.550614,4.249600,5.154478,6.643476,8.784607,10.328028,13.487633
1982-06-08,1.336380,Test,0.160515,1.063406,1.440264,2.423555,3.178997,3.856616,4.695122,6.131643,8.156643,9.517122,12.392449
1982-06-09,1.266044,Test,0.141404,1.022993,1.389815,2.353635,3.086924,3.750693,4.563379,5.970666,7.935572,9.230178,12.007663
1982-06-10,1.160540,Test,0.252912,1.171072,1.558348,2.535440,3.328244,3.980070,4.823019,6.202775,8.125180,9.433651,12.203360
1982-06-11,1.160540,Test,0.344303,1.278306,1.672661,2.647448,3.478937,4.115731,4.968986,6.311866,8.184989,9.471836,12.216153
1982-06-12,1.160540,Test,0.412924,1.389161,1.759033,2.766473,3.684686,4.273892,5.162890,6.484729,8.425671,9.845371,12.841095
1982-06-13,1.160540,Test,0.233709,1.115355,1.453588,2.385630,3.177770,3.763687,4.584233,5.897192,7.777088,9.072349,11.889274
1982-06-14,1.160540,Test,0.155830,0.947891,1.280316,2.127256,2.812088,3.412095,4.157496,5.437547,7.198013,8.326599,10.846763
1982-06-15,1.160540,Test,0.063106,0.789411,1.094046,1.881011,2.490980,3.075903,3.759600,5.001368,6.684071,7.709731,10.109050
1982-06-16,1.019869,Test,-0.019361,0.667581,0.955399,1.723611,2.294490,2.867713,3.527234,4.773631,6.489017,7.503426,9.912043
1982-06-17,1.019869,Test,0.035146,0.722043,0.981980,1.707778,2.304030,2.821965,3.477718,4.655334,6.293576,7.357901,9.880361
1982-06-18,1.019869,Test,0.094276,0.678903,0.927604,1.513824,2.036895,2.533514,3.092284,4.138927,5.531658,6.365938,8.588602
1982-06-19,1.019869,Test,-0.001012,0.531344,0.759316,1.296832,1.739014,2.214411,2.738250,3.753569,5.076200,5.825415,7.888318
1982-06-20,1.019869,Test,-0.003775,0.535983,0.765686,1.315317,1.774875,2.248157,2.784497,3.814402,5.181139,5.969114,8.094996
1982-06-21,0.984701,Test,-0.111616,0.374685,0.550613,1.020643,1.389722,1.803945,2.255747,3.165949,4.367610,5.040590,7.079335
1982-06-22,0.914365,Test,-0.159365,0.173572,0.271238,0.532695,0.778567,1.060549,1.341913,1.983572,2.806520,3.316813,5.267932
1982-06-23,0.914365,Test,-0.122079,0.189223,0.319118,0.560242,0.806340,1.120058,1.406055,2.067084,2.931154,3.421495,5.354220
1982-06-24,0.914365,Test,-0.141283,0.169287,0.299880,0.539531,0.773760,1.086357,1.374023,2.033365,2.886518,3.366071,5.249877
1982-06-25,0.914365,Test,-0.126775,0.244437,0.367435,0.684222,0.987194,1.313860,1.642384,2.386181,3.393839,4.019275,6.217133
1982-06-26,0.914365,Test,-0.089729,0.293449,0.428961,0.755008,1.076482,1.426707,1.776104,2.548426,3.625490,4.270373,6.522164
1982-06-27,0.914365,Test,-0.122502,0.227341,0.377707,0.674447,0.949719,1.305859,1.637458,2.390788,3.397168,3.962570,6.010909
1982-06-28,0.914365,Test,-0.189076,0.179793,0.337939,0.665798,0.930207,1.303607,1.640177,2.422714,3.460082,4.021276,6.031881
1982-06-29,0.844029,Test,-0.195443,0.186871,0.347265,0.691868,0.959586,1.341313,1.686552,2.481756,3.528371,4.079181,6.056693
1982-06-30,0.703358,Test,-0.213973,0.164582,0.316957,0.650749,0.897779,1.268584,1.604808,2.384102,3.397124,3.920611,5.842937
1982-07-01,0.703358,Training,-0.253958,0.083691,0.211794,0.489886,0.690612,1.016527,1.299892,1.990992,2.872174,3.322271,5.152568
1982-07-02,0.597854,Training,-0.209612,0.125260,0.258488,0.536494,0.759070,1.089931,1.386110,2.083037,2.975859,3.437111,5.265791
1982-07-03,0.527518,Training,-0.134215,0.209564,0.350510,0.638916,0.898429,1.238648,1.564369,2.288350,3.220879,3.712930,5.586042
1982-07-04,0.492350,Training,-0.251323,0.095488,0.207777,0.490639,0.697204,1.010003,1.296211,1.962813,2.824424,3.255012,5.060627
1982-07-05,0.562686,Training,-0.267014,0.056105,0.174327,0.431853,0.616966,0.923224,1.190423,1.847341,2.680864,3.099513,4.878899
1982-07-06,0.597854,Training,-0.276844,0.049568,0.176313,0.449865,0.640861,0.959418,1.229920,1.908937,2.764656,3.182667,4.979118
1982-07-07,0.422015,Training,-0.295312,0.017012,0.138467,0.393939,0.571890,0.874291,1.127205,1.778726,2.602960,3.014964,4.822169
1982-07-08,0.386847,Training,-0.289866,0.067838,0.167409,0.458730,0.666941,0.962569,1.240340,1.904887,2.816578,3.343027,5.381726
1982-07-09,0.351679,Training,-0.237128,0.085100,0.218643,0.480173,0.694294,1.014688,1.298405,1.999846,2.938520,3.458194,5.436162
1982-07-10,0.316511,Training,-0.255474,0.068656,0.201473,0.475618,0.680717,1.003834,1.290665,2.004432,2.948179,3.453114,5.353143
1982-07-11,0.281343,Training,-0.217072,0.082802,0.209915,0.446467,0.658863,0.963086,1.227826,1.872962,2.713543,3.156920,4.999231
1982-07-12,0.281343,Training,-0.167393,0.139892,0.272685,0.522243,0.757857,1.072513,1.360608,2.031270,2.900860,3.354279,5.195899
1982-07-13,0.281343,Training,-0.114791,0.236117,0.365184,0.658101,0.943010,1.267355,1.606623,2.344064,3.338244,3.889259,5.906863
1982-07-14,0.281343,Training,-0.142472,0.132454,0.234953,0.426632,0.639329,0.906129,1.158888,1.740880,2.498858,2.917831,4.734973
1982-07-15,0.281343,Training,-0.218527,0.012621,0.096350,0.241803,0.399172,0.628601,0.817068,1.299778,1.900896,2.235916,3.863616
1982-07-16,0.281343,Training,-0.245171,-0.017104,0.061770,0.201417,0.348175,0.569140,0.744197,1.208443,1.784294,2.107923,3.716960
1982-07-17,0.281343,Training,-0.257620,-0.028372,0.048758,0.188552,0.331217,0.550548,0.721416,1.181450,1.749665,2.066964,3.669076
1982-07-18,0.281343,Training,-0.270877,-0.034098,0.037033,0.180300,0.321527,0.536707,0.706104,1.161910,1.730249,2.049274,3.672585
1982-07-19,0.281343,Training,-0.274800,-0.016638,0.035326,0.195589,0.351205,0.550540,0.723658,1.182901,1.775357,2.166991,3.955732
1982-07-20,0.281343,Training,-0.238832,-0.002620,0.082608,0.226775,0.388537,0.615728,0.799003,1.293351,1.934062,2.321851,4.113417
1982-07-21,0.281343,Training,-0.218889,0.014268,0.105003,0.250837,0.417636,0.651185,0.845520,1.350739,2.000646,2.384425,4.142879
1982-07-22,0.281343,Training,-0.241323,0.005628,0.106406,0.271657,0.444908,0.694516,0.901942,1.445214,2.160124,2.570690,4.394162
1982-07-23,0.246175,Training,-0.225813,0.025689,0.129048,0.306605,0.489498,0.748613,0.968461,1.525099,2.250726,2.642894,4.419280
1982-07-24,0.246175,Training,-0.245810,0.008996,0.109499,0.291221,0.466621,0.725973,0.943663,1.497823,2.216070,2.589116,4.325824
1982-07-25,0.246175,Training,-0.274889,-0.020093,0.075360,0.257128,0.419903,0.674428,0.882718,1.427741,2.131196,2.488410,4.200942
1982-07-26,0.246175,Training,-0.288414,-0.043862,0.041822,0.206175,0.352483,0.586892,0.780628,1.309456,1.995086,2.381298,4.119431
1982-07-27,0.246175,Training,-0.263614,-0.036047,0.043969,0.183677,0.331938,0.553757,0.729785,1.202508,1.801277,2.129042,3.782670
1982-07-28,0.211007,Training,-0.232772,0.000494,0.081266,0.226577,0.392577,0.617431,0.809751,1.300045,1.931314,2.281905,3.987863
1982-07-29,0.175839,Training,-0.248991,-0.001433,0.057767,0.221578,0.398276,0.604512,0.793930,1.288056,1.937250,2.373531,4.266717
1982-07-30,0.175839,Training,-0.245974,0.015535,0.099518,0.269291,0.462224,0.697294,0.903989,1.449125,2.207413,2.677613,4.738261
1982-07-31,0.175839,Training,-0.240620,0.007967,0.106568,0.264265,0.447712,0.691616,0.901847,1.452839,2.214144,2.678149,4.680914
1982-08-01,0.140672,Training,-0.260736,0.017731,0.108667,0.326276,0.555365,0.808981,1.044823,1.677025,2.593888,3.214270,5.606273
1982-08-02,0.140672,Training,-0.262348,0.000741,0.116233,0.309400,0.519411,0.793899,1.022001,1.646748,2.571528,3.139947,5.465514
1982-08-03,0.140672,Training,-0.274759,-0.023519,0.092100,0.274901,0.463903,0.735721,0.957130,1.560623,2.425843,2.938480,5.064151
1982-08-04,0.140672,Training,-0.291222,-0.016806,0.114715,0.338331,0.546889,0.849774,1.101967,1.773851,2.749596,3.297267,5.494383
1982-08-05,0.140672,Training,-0.255507,0.026922,0.161793,0.398293,0.625040,0.933941,1.212575,1.911244,2.906820,3.452250,5.582939
1982-08-06,0.140672,Training,-0.258950,0.019492,0.149624,0.379184,0.596508,0.894574,1.178403,1.884017,2.892489,3.463269,5.571026
1982-08-07,0.140672,Training,-0.268769,-0.023132,0.078846,0.254902,0.436947,0.694648,0.917589,1.487586,2.266409,2.676147,4.540952
1982-08-08,0.140672,Training,-0.281377,-0.037567,0.060918,0.234363,0.410366,0.663979,0.881531,1.440902,2.202158,2.594029,4.425045
1982-08-09,0.140672,Training,-0.295601,-0.055604,0.038599,0.205981,0.374076,0.620665,0.829440,1.373529,2.111578,2.488874,4.297175
1982-08-10,0.140672,Training,-0.304878,-0.067592,0.024398,0.188131,0.352169,0.594192,0.797956,1.333626,2.059423,2.429946,4.230159
1982-08-11,0.140672,Training,-0.317057,-0.084504,0.004361,0.162145,0.320059,0.554764,0.750180,1.272414,1.978047,2.341260,4.133683
1982-08-12,0.140672,Training,-0.332835,-0.100955,-0.014526,0.142018,0.296179,0.524525,0.715204,1.229873,1.926981,2.290515,4.099926
1982-08-13,0.140672,Training,-0.309854,-0.079471,0.012279,0.171926,0.338587,0.576774,0.778070,1.312446,2.045715,2.426898,4.250357
1982-08-14,0.140672,Training,-0.307175,-0.075088,0.020087,0.186852,0.360168,0.604219,0.814120,1.363833,2.121648,2.509279,4.336582
1982-08-15,0.105504,Training,-0.300412,-0.064614,0.035632,0.214893,0.399848,0.652745,0.877674,1.454079,2.253816,2.657388,4.493948
1982-08-16,0.105504,Training,-0.298449,-0.074436,0.022142,0.193697,0.377273,0.619420,0.842347,1.424154,2.240292,2.693577,4.560990
1982-08-17,0.105504,Training,-0.287322,-0.105867,-0.043655,0.052626,0.195744,0.379878,0.527155,0.942819,1.499936,1.832918,3.504691
1982-08-18,0.105504,Training,-0.313153,-0.128618,-0.062666,0.041893,0.184263,0.374456,0.520274,0.943131,1.517776,1.846965,3.522845
1982-08-19,0.105504,Training,-0.317783,-0.138462,-0.076092,0.027439,0.168876,0.352982,0.496551,0.927627,1.520543,1.892148,3.613535
1982-08-20,0.105504,Training,-0.262462,-0.114681,-0.102707,-0.061622,0.059979,0.169761,0.250408,0.521290,0.871856,1.167212,2.717369
1982-08-21,0.105504,Training,-0.247139,-0.117773,-0.102701,-0.072016,0.044870,0.152029,0.225857,0.486263,0.813938,1.100373,2.595830
1982-08-22,0.105504,Training,-0.256671,-0.127486,-0.115084,-0.085080,0.029351,0.133052,0.203368,0.456050,0.774195,1.055224,2.537582
1982-08-23,0.000000,Training,-0.264261,-0.135153,-0.124257,-0.094951,0.018889,0.119706,0.187846,0.436345,0.751116,1.032518,2.519240
1982-08-24,0.000000,Training,-0.264341,-0.137616,-0.129580,-0.102367,0.010826,0.107617,0.172882,0.414696,0.720301,1.000816,2.481123
1982-08-25,0.000000,Training,-0.270354,-0.144217,-0.138893,-0.112729,-0.000974,0.091579,0.153389,0.387904,0.683182,0.960745,2.433918
1982-08-26,0.000000,Training,-0.228454,-0.116750,-0.113545,-0.095991,0.022900,0.111450,0.175791,0.410511,0.706264,0.999607,2.483332
1982-08-27,0.000000,Training,-0.185787,-0.086902,-0.086114,-0.076067,0.050219,0.135644,0.202521,0.437044,0.734528,1.040259,2.543232
1982-08-28,0.000000,Training,-0.168847,-0.058029,-0.082476,-0.062787,0.084544,0.155099,0.218754,0.458243,0.767662,1.123311,2.786913
1982-08-29,0.000000,Training,-0.238211,-0.126416,-0.126912,-0.110799,0.009609,0.092083,0.151094,0.379522,0.672923,0.980769,2.509310
1982-08-30,0.000000,Training,-0.244984,-0.134360,-0.135545,-0.119563,-0.000039,0.079813,0.138340,0.361713,0.649536,0.954782,2.471812
1982-08-31,0.000000,Training,-0.244491,-0.137178,-0.131641,-0.116567,0.009555,0.093012,0.154527,0.394364,0.707230,1.033890,2.614361
1982-09-01,0.000000,Training,-0.242143,-0.136438,-0.134886,-0.120584,0.003882,0.085615,0.147247,0.381051,0.685071,1.002228,2.549474
1982-09-02,0.000000,Training,-0.258767,-0.149586,-0.150490,-0.134514,-0.013737,0.066584,0.126195,0.353349,0.648947,0.954167,2.476138
1982-09-03,0.000000,Training,-0.254581,-0.148102,-0.151009,-0.136780,-0.015597,0.062327,0.121448,0.345118,0.636060,0.940840,2.455528
1982-09-04,0.000000,Training,-0.260779,-0.154048,-0.158703,-0.144682,-0.024614,0.050750,0.108029,0.326749,0.611001,0.911863,2.418330
1982-09-05,0.000000,Training,-0.255331,-0.151820,-0.158301,-0.146307,-0.025306,0.047386,0.104149,0.319729,0.600002,0.902270,2.405272
1982-09-06,0.000000,Training,-0.207948,-0.119594,-0.129063,-0.125380,0.003465,0.072009,0.131872,0.348305,0.630037,0.949709,2.470165
1982-09-07,0.000000,Training,-0.217533,-0.128427,-0.141626,-0.137910,-0.011177,0.052494,0.109747,0.317742,0.588577,0.904389,2.409968
1982-09-08,0.000000,Training,-0.233156,-0.140091,-0.151444,-0.145718,-0.021540,0.044257,0.100404,0.307834,0.577929,0.882389,2.371912
1982-09-09,0.000000,Training,-0.246089,-0.150479,-0.162213,-0.155316,-0.032546,0.031911,0.086337,0.290703,0.557155,0.857643,2.344728
1982-09-10,0.000000,Training,-0.263425,-0.149047,-0.171380,-0.156877,-0.025729,0.032467,0.088142,0.294728,0.575105,0.893964,2.464319
1982-09-11,0.000000,Training,-0.253767,-0.157676,-0.169643,-0.162956,-0.038841,0.023243,0.076322,0.280124,0.547246,0.853954,2.362366
1982-09-12,0.000000,Training,-0.258345,-0.162801,-0.174158,-0.167315,-0.042783,0.019288,0.073048,0.277178,0.546465,0.853849,2.365424
1982-09-13,0.000000,Training,-0.261194,-0.167039,-0.176767,-0.170206,-0.043365,0.019536,0.075015,0.284572,0.564781,0.882120,2.418910
1982-09-14,0.000000,Training,-0.274623,-0.178654,-0.185995,-0.177071,-0.049834,0.017637,0.075773,0.292258,0.585693,0.906615,2.454052
1982-09-15,0.000000,Training,-0.274101,-0.181088,-0.192161,-0.184034,-0.054819,0.005564,0.062436,0.274791,0.562692,0.898981,2.460227
1982-09-16,0.000000,Training,-0.232885,-0.134298,-0.166144,-0.162624,-0.028163,0.011568,0.061717,0.244884,0.490332,0.805750,2.347394
1982-09-17,0.000000,Training,-0.215584,-0.125893,-0.156595,-0.157583,-0.022265,0.016880,0.067211,0.250204,0.493245,0.812204,2.346715
1982-09-18,0.000000,Training,-0.236982,-0.153019,-0.158512,-0.156827,0.022556,0.047036,0.103598,0.303428,0.577454,1.062451,3.129717
1982-09-19,0.000000,Training,-0.420128,-0.198155,-0.144908,-0.144159,0.182888,0.229273,0.322539,0.681423,1.520850,2.635028,8.682119
1982-09-20,0.000000,Training,-0.435356,-0.159387,-0.142425,-0.137510,0.227328,0.272610,0.393877,0.885427,2.014569,3.345849,10.722308
1982-09-21,0.000000,Training,-0.329500,-0.110729,-0.081650,-0.097365,0.205172,0.234669,0.356072,0.753856,1.588967,2.645027,7.349817
1982-09-22,0.000000,Training,-0.279656,-0.114904,-0.095506,-0.116882,0.133878,0.156359,0.254026,0.568893,1.171315,1.994052,5.369814
1982-09-23,0.000000,Training,-0.191740,-0.070888,-0.054294,-0.083305,0.145079,0.178032,0.275724,0.569795,1.122803,1.857140,4.717592
1982-09-24,0.000000,Training,-0.277207,-0.091550,-0.093042,-0.116471,0.222960,0.250547,0.371344,0.787505,1.744934,3.052883,8.611577
1982-09-25,0.000000,Training,-0.302458,0.292678,0.343638,0.372271,1.251434,1.286289,1.705901,2.837054,6.326626,10.260513,33.780968
1982-09-26,0.000000,Training,-0.334770,0.213287,0.331631,0.439406,1.196896,1.373390,1.975581,3.417228,7.966677,12.034576,30.472713
1982-09-27,0.000000,Training,-0.332482,0.045453,0.122927,0.176363,0.680934,0.787216,1.129329,2.015435,4.497010,6.974121,16.503441
1982-09-28,0.000000,Training,-0.381199,-0.133549,-0.097281,-0.101590,0.273975,0.292688,0.484116,1.040177,2.341271,4.012170,10.137486
1982-09-29,0.000000,Training,-0.410784,-0.166420,-0.111749,-0.119652,0.315234,0.361391,0.579206,1.259850,3.003708,5.196616,14.211677
1982-09-30,0.000000,Training,-0.372263,-0.083646,0.039917,0.084042,0.498281,0.649136,0.986273,1.799308,4.059634,6.246242,14.498262
1982-10-01,0.281343,Training,-0.301448,-0.100058,-0.003231,-0.008247,0.315907,0.409873,0.650271,1.233495,2.609803,4.116014,9.217802
1982-10-02,0.527518,Training,-0.336627,-0.152389,-0.089600,-0.075963,0.221957,0.291854,0.494720,1.007228,2.140055,3.457640,7.685301
1982-10-03,0.422015,Training,-0.250632,-0.125764,-0.086493,-0.087042,0.157257,0.222983,0.395191,0.804918,1.619486,2.576250,5.618875
1982-10-04,0.422015,Training,-0.197727,-0.083547,-0.075935,-0.059954,0.181925,0.254608,0.429912,0.818240,1.608547,2.484638,5.243377
1982-10-05,0.422015,Training,-0.230873,-0.123917,-0.113923,-0.091831,0.132052,0.211926,0.375881,0.764580,1.490087,2.303234,4.836537
1982-10-06,0.386847,Training,-0.181797,-0.029438,-0.028455,0.088384,0.342803,0.513246,0.757886,1.251911,2.291534,3.186479,5.746426
1982-10-07,0.316511,Training,-0.182100,-0.060200,-0.056303,0.025174,0.253846,0.409151,0.611778,1.052910,1.921065,2.667471,5.004965
1982-10-08,0.316511,Training,-0.179909,-0.052051,-0.052270,0.036309,0.266332,0.429027,0.633359,1.074591,1.929400,2.620270,4.904281
1982-10-09,0.351679,Training,-0.223663,-0.102734,-0.122005,-0.055796,0.180059,0.302383,0.459273,0.883608,1.655983,2.362259,4.911211
1982-10-10,0.527518,Training,-0.223505,-0.116615,-0.087732,-0.031689,0.182049,0.337210,0.497075,0.930525,1.713485,2.387651,4.805245
1982-10-11,0.562686,Training,-0.207224,-0.074537,-0.026591,0.084783,0.327940,0.536886,0.755025,1.285898,2.224117,2.900203,5.242280
1982-10-12,0.562686,Training,-0.298940,-0.110297,-0.047787,0.173770,0.523017,0.755256,1.053474,1.818469,3.161221,4.179769,7.233825
1982-10-13,0.668190,Training,-0.537978,-0.348285,-0.255012,-0.143892,0.200578,0.456524,0.656303,1.430551,3.545663,5.744663,14.346331
1982-10-14,8.791972,Training,-0.457920,-0.119905,0.032961,0.360639,0.863049,1.318433,1.838661,3.101300,6.649672,9.064452,18.266573
1982-10-15,1.125372,Training,-0.301401,-0.044715,0.088441,0.324767,0.719608,1.078470,1.478513,2.397005,4.576069,6.163620,11.033078
1982-10-16,1.019869,Training,-0.308322,-0.088807,-0.042008,0.144746,0.501857,0.747184,1.019891,1.753182,3.379730,4.706552,8.919885
1982-10-17,0.879197,Training,-0.314913,-0.115185,-0.092499,0.028523,0.338660,0.545523,0.744824,1.386592,2.835075,4.069808,8.647838
1982-10-18,0.914365,Training,-0.198076,0.015460,0.084375,0.260387,0.564470,0.859090,1.148770,1.826446,3.299386,4.378749,7.925948
1982-10-19,1.055037,Training,-0.161605,0.011617,0.079498,0.234486,0.512105,0.787780,1.062830,1.684500,2.952997,3.874137,6.801625
1982-10-20,0.914365,Training,-0.235392,-0.087939,-0.016405,0.090083,0.352527,0.577631,0.805827,1.403546,2.532446,3.362814,6.228336
1982-10-21,0.879197,Training,-0.260426,-0.088908,-0.029729,0.102238,0.373974,0.594461,0.838739,1.476301,2.578935,3.343537,6.083084
1982-10-22,0.844029,Training,-0.147069,0.096849,0.171120,0.426817,0.795903,1.109601,1.486789,2.272772,3.686443,4.553549,7.303301
1982-10-23,0.703358,Training,-0.079654,0.183219,0.251237,0.579254,0.941630,1.318226,1.751103,2.548417,3.941973,4.738883,7.087063
1982-10-24,0.703358,Training,0.081082,0.523191,0.708678,1.324708,1.955632,2.490226,3.186869,4.347482,6.207496,7.281311,9.773755
1982-10-25,0.703358,Training,0.000626,0.361820,0.518733,0.995824,1.536070,1.988594,2.572213,3.614550,5.282717,6.191873,8.661813
1982-10-26,0.668190,Training,-0.028183,0.319749,0.476195,0.942775,1.478311,1.911013,2.481061,3.523356,5.167254,6.023077,8.464643
1982-10-27,0.562686,Training,-0.074261,0.192470,0.303825,0.649850,1.064888,1.444038,1.897829,2.762246,4.154936,4.905045,7.131837
1982-10-28,0.562686,Training,-0.111530,0.096463,0.188208,0.427951,0.762343,1.082414,1.428342,2.151605,3.290993,3.882216,5.995505
1982-10-29,0.562686,Training,-0.081014,0.175800,0.294067,0.614095,1.015830,1.377631,1.799033,2.632942,3.918525,4.556839,6.723435
1982-10-30,0.562686,Training,0.000418,0.344716,0.502792,0.967740,1.501235,1.925527,2.477283,3.470587,5.000383,5.767558,8.030993
1982-10-31,0.562686,Training,-0.002285,0.304085,0.437695,0.833023,1.297813,1.703423,2.188807,3.071794,4.443675,5.146227,7.293314
1982-11-01,0.562686,Training,-0.018091,0.305396,0.456629,0.878211,1.370577,1.787719,2.283066,3.213000,4.618047,5.281276,7.445727
1982-11-02,0.668190,Training,0.008799,0.373055,0.556655,1.050340,1.615540,2.059787,2.615690,3.644609,5.172878,5.872739,8.081814
1982-11-03,0.562686,Training,0.070950,0.526663,0.776044,1.454514,2.207777,2.697746,3.399136,4.645677,6.513648,7.337763,9.614641
1982-11-04,0.422015,Training,-0.016422,0.330703,0.499667,0.964205,1.501207,1.924015,2.455484,3.451916,4.933444,5.608999,7.804981
1982-11-05,0.527518,Training,-0.029128,0.278745,0.385491,0.758503,1.230946,1.601881,2.026483,2.889602,4.194688,4.869239,7.200375
1982-11-06,0.703358,Training,-0.271659,-0.006849,0.124518,0.416955,0.875338,1.353900,1.742157,2.731937,5.113374,6.908526,12.923304
1982-11-07,2.145241,Training,-0.450918,0.036727,0.152975,0.727420,1.371390,2.379873,3.027625,5.237048,11.837751,15.347235,33.355606
1982-11-08,3.833300,Training,-0.241485,0.492377,0.734977,1.695416,2.925408,3.982699,5.398674,8.667159,17.496395,22.609861,40.622669
1982-11-09,3.938803,Training,-0.019520,0.709465,1.136334,2.178573,3.434800,4.369248,5.890285,8.524796,14.731920,18.690191,27.830818
1982-11-10,3.305781,Training,0.083676,0.729243,1.139872,2.056867,3.146310,3.935791,5.164982,7.233133,11.682481,14.637272,20.210011
1982-11-11,2.813431,Training,0.158638,0.779882,1.167570,2.070445,3.133753,3.826994,4.956753,6.795385,10.402040,12.783486,16.947660
1982-11-12,2.532088,Training,0.044001,0.602833,0.852376,1.663183,2.706044,3.288241,4.330185,6.152609,10.010162,12.913432,18.741926
1982-11-13,8.264454,Training,-0.411238,0.134200,0.419096,1.206249,2.267660,3.311599,4.404903,7.534637,16.743219,22.738411,42.804852
1982-11-14,7.561096,Training,0.719606,2.280055,3.293699,6.037011,8.642792,10.525915,13.654005,18.390663,28.379936,34.602924,47.338562
1982-11-15,5.240015,Training,0.412232,1.464987,1.998993,3.639863,5.259230,6.298274,8.194199,11.028074,16.835585,20.793756,27.838943
1982-11-16,4.360818,Training,0.349042,1.094996,1.515585,2.672949,3.802060,4.704895,6.038771,8.015279,11.940596,14.384235,18.718357
1982-11-17,3.692628,Training,0.298328,0.948164,1.287615,2.230287,3.222180,3.919448,5.070449,6.768526,9.898915,12.002760,15.367383
1982-11-18,3.340949,Training,0.404716,1.078978,1.392875,2.408217,3.353584,4.107689,5.235545,6.815950,9.577263,11.277454,14.096249
1982-11-19,3.235446,Training,0.306421,0.873470,1.115396,1.963697,2.760940,3.424844,4.390684,5.787163,8.143123,9.547859,12.044014
1982-11-20,2.848599,Training,0.291815,0.829944,1.055024,1.864787,2.622724,3.263120,4.165882,5.490387,7.648480,8.895291,11.198204
1982-11-21,2.743095,Training,0.369095,0.944333,1.199296,2.081888,2.893407,3.592099,4.503010,5.818111,7.946620,9.081825,11.361242
1982-11-22,2.672759,Training,0.460299,1.129063,1.437229,2.442010,3.367904,4.076878,5.059453,6.460243,8.651986,9.850987,12.043853
1982-11-23,2.461752,Training,0.889216,1.945714,2.478365,4.007290,5.584751,6.313166,7.600405,9.373951,12.427990,14.528556,18.000134
1982-11-24,2.707927,Training,0.695400,1.541542,2.061876,3.345535,4.589180,5.510005,6.594839,8.186767,11.009885,12.652431,15.923078
1982-11-25,2.848599,Training,0.787887,1.690145,2.188981,3.646297,5.084826,6.074328,7.259577,8.989702,12.406679,14.882228,19.716299
1982-11-26,3.340949,Training,0.593912,1.361703,1.925391,3.196276,4.449941,5.537409,6.568857,8.256359,11.469420,13.543387,18.767691
1982-11-27,3.235446,Training,0.665848,1.494323,1.942953,3.212120,4.507342,5.481028,6.494885,8.072695,11.132935,13.443315,18.616056
1982-11-28,3.938803,Training,0.520613,1.339183,1.857281,3.106184,4.349517,5.267729,6.350349,8.112023,11.167188,13.122279,16.688295
1982-11-29,4.009139,Training,0.627436,1.363335,1.876321,3.032467,4.219904,5.183167,6.173987,7.717380,10.434509,12.122002,15.888741
1982-11-30,3.868468,Training,0.725733,1.503782,2.058837,3.316336,4.557821,5.561140,6.585726,8.168547,10.858377,12.386772,16.158978
1982-12-01,3.551957,Training,0.563868,1.274819,1.725689,2.814339,3.927112,4.780525,5.725399,7.219448,9.613464,10.924932,13.666883
1982-12-02,3.340949,Training,0.585242,1.343046,1.797583,2.930365,4.089643,4.932367,5.873350,7.384892,9.751047,10.985335,13.645585
1982-12-03,3.340949,Training,0.558581,1.265939,1.716797,2.804969,3.915141,4.765836,5.667427,7.146517,9.435452,10.583887,13.203967
1982-12-04,3.129942,Training,0.522850,1.194836,1.619367,2.646172,3.704492,4.530527,5.392382,6.812029,9.006082,10.111809,12.732574
1982-12-05,3.024438,Training,0.464120,1.176588,1.578383,2.627039,3.701054,4.411547,5.341981,6.862635,9.082729,10.285147,12.516242
1982-12-06,3.024438,Training,0.479509,1.236703,1.653296,2.757866,4.062658,4.666152,5.655384,7.298956,9.828247,11.421361,14.337371
1982-12-07,3.024438,Training,0.472929,1.263835,1.723170,2.913508,4.326072,4.968483,6.010384,7.788203,10.684265,12.656853,16.277845
1982-12-08,3.270614,Training,0.574859,1.487564,2.037512,3.484096,5.075395,5.891214,7.094852,9.123880,12.663732,15.373675,20.203720
1982-12-09,3.551957,Training,0.411748,1.365041,1.998340,3.604903,5.476072,6.315567,7.679020,10.136232,14.855093,18.455393,25.969437
1982-12-10,4.009139,Training,0.792666,2.032639,2.808732,4.798256,6.836447,7.832544,9.327314,11.917291,16.467953,20.068834,26.618536
1982-12-11,4.360818,Training,1.156265,2.560723,3.545458,5.804065,7.840363,9.069071,10.567784,13.246180,17.493109,20.394001,25.333780
1982-12-12,12.308761,Training,0.944677,2.216746,3.082337,5.159267,7.344644,8.385915,10.083778,12.758139,17.581392,21.734476,28.912502
1982-12-13,19.729185,Training,1.605668,3.566723,4.680406,7.642954,10.125730,11.738360,13.591865,16.765875,22.578426,27.113184,36.692837
1982-12-14,14.207827,Training,1.328429,2.735202,3.720029,5.811006,7.694626,9.149605,10.645205,13.053763,17.320724,20.494324,26.141068
1982-12-15,11.394396,Training,1.556969,3.213900,4.310846,6.672129,8.703180,9.966761,11.552694,14.090073,17.947594,20.699366,24.732512
1982-12-16,9.987680,Training,1.701822,3.399139,4.457524,6.696115,8.604723,9.751671,11.247970,13.479591,16.795214,19.056684,22.422472
1982-12-17,9.354658,Training,2.153565,4.198574,5.270228,7.907279,9.990361,11.135165,12.796631,15.091027,18.866583,21.764164,26.688446
1982-12-18,8.686468,Training,1.958151,3.683411,4.914757,7.244829,9.231620,10.714527,12.146396,14.354586,18.203875,20.891893,26.037943
1982-12-19,7.842439,Training,1.996608,3.769865,4.931372,7.219753,9.125627,10.448076,11.890375,13.956261,17.283094,19.368734,22.980978
1982-12-20,9.424994,Training,1.647527,3.623950,4.862772,7.761221,10.368487,11.803839,14.080624,17.349808,22.897636,28.139996,37.665340
1982-12-21,17.478440,Training,3.125457,5.881957,7.580511,11.369518,14.142605,16.322622,18.464216,21.787241,28.452312,33.554382,49.587173
1982-12-22,13.891316,Training,2.974525,5.244836,7.083723,10.150043,12.546701,14.616537,16.361597,19.152012,24.082754,27.589472,36.498734
1982-12-23,12.168089,Training,3.604598,6.292080,8.481254,11.648822,14.180804,16.037123,17.594240,20.236082,24.547293,27.275631,33.323338
1982-12-24,11.113053,Training,4.347278,7.674119,10.051170,13.558481,16.106173,17.829037,19.444748,22.156517,26.015310,27.985443,32.779362
1982-12-25,10.058016,Training,3.917625,7.023651,9.117455,12.450668,14.862858,16.463173,18.066515,20.662878,24.099262,25.637589,29.671190
1982-12-26,9.038147,Training,3.506021,6.248249,8.126312,11.213196,13.519877,15.093541,16.599566,19.017786,22.241076,23.510189,27.193481
1982-12-27,8.334789,Training,2.659828,4.732546,6.202069,8.756454,10.841445,12.288329,13.648261,15.768345,18.758467,19.977531,23.297716
1982-12-28,7.842439,Training,2.151715,3.831907,5.046732,7.275560,9.189116,10.555578,11.802112,13.769214,16.574389,17.728827,21.041433
1982-12-29,7.385256,Training,1.697934,3.047280,4.020107,5.949773,7.629234,8.902824,10.064088,11.886256,14.490791,15.558988,19.094244
1982-12-30,6.963242,Training,1.727632,3.086208,4.077992,6.073246,7.769379,9.084143,10.252350,12.143026,14.760568,15.668051,19.526024
1982-12-31,6.506059,Training,1.267694,2.348591,3.114671,4.817104,6.299031,7.486629,8.563988,10.359392,12.816123,13.690292,17.513880
1983-01-01,6.084045,Training,0.909394,1.738700,2.275875,3.556794,4.699444,5.683272,6.612707,8.050496,10.117701,11.049727,14.634320
1983-01-02,5.943373,Training,0.952549,1.831459,2.429256,3.750421,5.006920,6.001472,6.920546,8.427508,10.596665,11.613591,14.705912
1983-01-03,5.697198,Training,0.962577,1.880153,2.511084,3.883634,5.225301,6.226225,7.146683,8.743501,11.000569,12.024398,14.784481
1983-01-04,5.275183,Training,0.927306,1.842902,2.474824,3.885193,5.270914,6.286111,7.208525,8.901013,11.239825,12.241237,14.842166
1983-01-05,5.099344,Training,0.616458,1.307528,1.721500,2.735175,3.743587,4.563984,5.340034,6.694194,8.568225,9.538762,11.866798
1983-01-06,4.923504,Training,0.669827,1.416772,1.831084,2.916754,4.021882,4.848976,5.656140,7.049099,9.041224,10.138325,12.735392
1983-01-07,4.712497,Training,0.595134,1.401543,1.799191,2.990581,4.192387,4.953209,5.867215,7.506013,9.754666,11.102496,13.563981
1983-01-08,4.712497,Training,0.524444,1.127105,1.506510,2.400845,3.325854,4.143034,4.839984,6.136585,7.989539,9.068111,11.729303
1983-01-09,4.606993,Training,0.594802,1.170045,1.546328,2.370157,3.182174,3.987405,4.634065,5.739410,7.358935,8.382638,11.361666
1983-01-10,4.360818,Training,0.654522,1.275463,1.678804,2.563593,3.425947,4.252108,4.933937,6.070760,7.726570,8.743247,11.837121
1983-01-11,4.184979,Training,0.676371,1.306913,1.713941,2.610346,3.472877,4.305405,4.994763,6.123172,7.761103,8.744864,11.847827
1983-01-12,4.009139,Training,0.679691,1.332107,1.747798,2.632884,3.521773,4.332765,5.013578,6.153324,7.787649,8.804032,11.524185
1983-01-13,4.009139,Training,0.730696,1.429785,1.817539,2.757917,3.721987,4.527928,5.225273,6.379010,8.115271,9.351585,12.468747
1983-01-14,3.833300,Training,0.668353,1.300733,1.709357,2.614358,3.485630,4.346795,5.037453,6.192087,7.899170,8.966112,12.275836
1983-01-15,3.657460,Training,0.657864,1.337630,1.747558,2.641573,3.552716,4.352063,5.048361,6.242620,7.945704,9.056953,11.581254
1983-01-16,3.551957,Training,0.695747,1.398231,1.835983,2.772473,3.740578,4.558913,5.273808,6.514911,8.272664,9.403218,12.046810
1983-01-17,3.340949,Training,0.715550,1.425004,1.862799,2.804826,3.771041,4.593060,5.311408,6.542276,8.279112,9.386222,11.972230
1983-01-18,3.340949,Training,0.711040,1.473841,1.891631,2.870571,3.833877,4.615542,5.379573,6.645286,8.380726,9.466638,11.733024
1983-01-19,3.340949,Training,0.734703,1.480213,1.915634,2.884063,3.858514,4.667747,5.407962,6.648154,8.376875,9.459852,11.850430
1983-01-20,3.235446,Training,0.763959,1.474683,1.931000,2.890095,3.864213,4.719861,5.431598,6.639223,8.359268,9.437768,12.167371
1983-01-21,3.024438,Training,0.779711,1.468565,1.911394,2.904201,3.830887,4.727048,5.459443,6.642919,8.344261,9.316467,12.690107
1983-01-22,2.954103,Training,0.792092,1.499647,1.963384,2.958879,3.923634,4.818614,5.543674,6.745485,8.472812,9.487791,12.650452
1983-01-23,2.743095,Training,0.790719,1.560825,2.040369,3.048320,4.083703,4.932281,5.667818,6.928866,8.701532,9.784929,12.274169
1983-01-24,2.743095,Training,0.795668,1.638581,2.109156,3.198939,4.272106,5.087669,5.896847,7.251557,9.092933,10.182200,12.371573
1983-01-25,2.743095,Training,0.809938,1.684450,2.166294,3.301964,4.415617,5.219151,6.064862,7.481638,9.373311,10.508341,12.644085
1983-01-26,2.743095,Training,0.642877,1.373403,1.754647,2.677356,3.589162,4.309227,5.046329,6.300436,7.951935,9.057903,11.158738
1983-01-27,2.743095,Training,0.651145,1.386912,1.771421,2.704453,3.622123,4.349754,5.088437,6.345644,8.001359,9.104558,11.209059
1983-01-28,2.743095,Training,0.673646,1.421101,1.813678,2.772749,3.698723,4.454733,5.196229,6.453710,8.125226,9.196170,11.322892
1983-01-29,2.743095,Training,0.672370,1.430390,1.834164,2.809670,3.775231,4.520419,5.276711,6.578644,8.289188,9.403154,11.507816
1983-01-30,2.743095,Training,0.698248,1.453172,1.879358,2.888103,3.886510,4.695230,5.442307,6.753861,8.521758,9.572370,11.771933
1983-01-31,2.743095,Training,0.646028,1.384388,1.819722,2.873143,3.933708,4.762115,5.527415,6.967164,8.864744,9.905799,12.048825
1983-02-01,2.602424,Training,0.642176,1.354344,1.718063,2.610784,3.459282,4.189274,4.882633,6.044090,7.603028,8.636090,10.739001
1983-02-02,2.461752,Training,0.654253,1.372592,1.745004,2.646741,3.504349,4.242568,4.938167,6.103403,7.671720,8.708502,10.828931
1983-02-03,2.461752,Training,0.679385,1.359300,1.760939,2.638125,3.512419,4.300350,4.952490,6.079844,7.654644,8.683488,11.029431
1983-02-04,2.321081,Training,0.669647,1.395474,1.778121,2.689212,3.559619,4.310581,5.005567,6.171053,7.752785,8.790407,10.938208
1983-02-05,2.180409,Training,0.668858,1.409880,1.792239,2.710526,3.594320,4.325565,5.034653,6.218916,7.806171,8.885012,11.000031
1983-02-06,2.180409,Training,0.676548,1.410166,1.792511,2.710345,3.592000,4.344483,5.041073,6.207625,7.804635,8.868711,11.077521
1983-02-07,2.180409,Training,0.707051,1.345829,1.766836,2.641893,3.517549,4.364090,4.991530,6.087264,7.675910,8.724792,11.640736
1983-02-08,2.180409,Training,0.695045,1.315265,1.694881,2.606033,3.417231,4.278790,4.941515,6.014789,7.570168,8.471229,12.163439
1983-02-09,2.180409,Training,0.694264,1.325780,1.703498,2.627676,3.442263,4.298934,4.971288,6.054514,7.610027,8.479808,12.312921
1983-02-10,2.180409,Training,0.691298,1.327657,1.706217,2.634557,3.450096,4.302439,4.978439,6.071273,7.624798,8.477515,12.393795
1983-02-11,2.180409,Training,0.726407,1.387948,1.728785,2.701773,3.558859,4.392262,5.085737,6.178677,7.765832,8.726477,13.302351
1983-02-12,2.180409,Training,0.658245,1.314801,1.666413,2.595598,3.404589,4.217980,4.906582,6.018063,7.555258,8.340521,12.659850
1983-02-13,2.180409,Training,0.648862,1.300181,1.646253,2.563787,3.366109,4.168493,4.854216,5.960920,7.479211,8.253829,12.537331
1983-02-14,2.180409,Training,0.682394,1.334508,1.719161,2.658941,3.500201,4.353463,5.048724,6.198671,7.811083,8.703764,12.927793
1983-02-15,2.074905,Training,0.719208,1.393377,1.744022,2.723817,3.611340,4.459722,5.166822,6.308495,7.972306,9.020363,13.680099
1983-02-16,1.934234,Training,0.694458,1.352065,1.766974,2.707889,3.587557,4.483226,5.170830,6.345344,8.058665,9.108724,13.019833
1983-02-17,1.934234,Training,0.696540,1.365942,1.750333,2.706107,3.604798,4.483724,5.179514,6.346124,8.077519,9.195511,13.343381
1983-02-18,1.934234,Training,0.708865,1.496210,1.935403,2.915004,3.986483,4.814735,5.526668,6.833547,8.784212,10.242065,13.255364
1983-02-19,1.934234,Training,0.649197,1.443593,1.872152,2.857107,3.874848,4.649839,5.415754,6.805174,8.747323,10.199186,12.726802
1983-02-20,1.934234,Training,0.687250,1.522449,1.930003,2.969532,4.035833,4.818535,5.605923,7.006329,9.032104,10.629490,13.493929
1983-02-21,1.969402,Training,0.613997,1.492545,1.985942,3.121442,4.441250,5.319726,6.255533,7.978196,10.933928,13.639925,18.288425
1983-02-22,3.059606,Training,0.265204,1.262482,1.773266,3.121600,4.832636,6.205463,7.448729,10.400277,16.075474,20.970201,32.609844
1983-02-23,4.782833,Training,0.317012,1.539683,2.155816,3.919815,6.159538,7.726244,9.551804,13.572931,21.741602,27.809599,43.526134
1983-02-24,5.204847,Training,0.487808,1.923867,2.775835,4.965908,7.796358,9.581037,11.832863,16.764683,26.142380,33.698330,50.317703
1983-02-25,13.293462,Training,1.223590,3.707838,5.456232,9.366296,14.279241,17.176851,20.759279,28.963957,42.788879,54.139664,77.546036
1983-02-26,26.516587,Training,3.974823,8.464887,11.177696,16.722258,21.565355,24.084785,27.035383,33.263443,41.500702,48.629105,61.113968
1983-02-27,17.513608,Training,4.729157,9.011635,11.743535,16.537466,19.764067,22.136074,24.021624,28.419289,33.694027,37.826294,44.807091
1983-02-28,13.715476,Training,5.202017,9.568647,12.376039,16.849436,19.677237,21.922485,23.534029,27.191755,31.568338,34.789051,40.731853
1983-03-01,11.746075,Training,3.963041,7.370163,9.510614,13.027778,15.650825,17.329189,18.925272,21.853800,25.508469,28.433250,32.922302
1983-03-02,10.233855,Training,3.260077,6.088326,7.830477,10.740253,13.142694,14.500843,16.015764,18.447500,21.676069,24.177887,27.905407
1983-03-03,9.073315,Training,2.794776,5.246073,6.751106,9.316700,11.618844,12.780480,14.195123,16.409897,19.443678,21.593706,25.049614
1983-03-04,8.334789,Training,2.449930,4.694148,6.016853,8.390380,10.722608,11.656477,13.009692,15.152806,18.181246,20.131886,23.780846
1983-03-05,7.631432,Training,2.396397,4.532595,5.826113,8.185659,10.292005,11.418161,12.686086,14.768101,17.541376,19.274677,22.370108
1983-03-06,6.963242,Training,2.389289,4.519727,5.737994,8.017384,9.893243,11.028950,12.259043,14.116839,16.612154,18.097502,20.905540
1983-03-07,6.506059,Training,2.248131,4.277437,5.470361,7.657051,9.562550,10.630450,11.819606,13.677217,16.183010,17.602028,20.409676
1983-03-08,6.084045,Training,2.023657,3.885146,5.031062,7.052787,9.036608,9.958445,11.107417,12.963336,15.545222,16.876932,19.737627
1983-03-09,5.873037,Training,1.808120,3.530860,4.628769,6.521808,8.543384,9.314081,10.440996,12.321647,14.970583,16.081758,19.001932
1983-03-10,5.697198,Training,2.004531,3.856323,5.045603,7.076066,9.148642,10.047155,11.162562,13.064909,15.689593,16.805750,19.673258
1983-03-11,5.486191,Training,1.972263,3.805653,5.023638,7.067143,9.208965,10.087626,11.192729,13.163836,15.867157,16.880087,19.813034
1983-03-12,5.204847,Training,1.345399,2.709620,3.557280,5.123817,6.845753,7.569071,8.586725,10.237118,12.629456,13.698234,16.293242
1983-03-13,4.782833,Training,1.291064,2.638831,3.400486,4.920656,6.590511,7.297953,8.286511,9.829046,12.117284,13.375360,16.160194
1983-03-14,4.712497,Training,1.231985,2.536600,3.180112,4.695845,6.133782,6.978756,7.927884,9.356747,11.458098,12.884193,15.604622
1983-03-15,4.712497,Training,1.006715,2.090495,2.630778,3.924825,5.125148,5.965082,6.833023,8.163083,10.084394,11.412419,13.927948
1983-03-16,4.712497,Training,0.858278,1.808783,2.293669,3.406682,4.507098,5.267129,6.060266,7.334163,9.099547,10.424713,12.838062
1983-03-17,4.536658,Training,0.797565,1.710569,2.193403,3.238930,4.356187,5.057460,5.824473,7.108889,8.871728,10.174069,12.686392
1983-03-18,4.360818,Training,0.773238,1.672099,2.146783,3.163089,4.280097,4.948665,5.707552,6.986085,8.733207,9.958389,12.478319
1983-03-19,4.360818,Training,0.714712,1.582304,2.040926,3.012443,4.103943,4.730967,5.475146,6.756006,8.467579,9.558700,12.071298
1983-03-20,4.184979,Training,0.658560,1.499393,1.942480,2.882292,3.936224,4.541687,5.275314,6.553180,8.221127,9.219154,11.676944
1983-03-21,4.009139,Training,0.666315,1.515666,1.953756,2.895603,3.949977,4.551184,5.284928,6.545985,8.199509,9.191195,11.639758
1983-03-22,4.009139,Training,0.774151,1.675037,2.134187,3.129709,4.216646,4.864708,5.617075,6.836161,8.504111,9.607637,11.994380
1983-03-23,4.009139,Training,0.758606,1.643067,2.092108,3.076035,4.135808,4.798880,5.541128,6.746193,8.394243,9.507492,11.849906
1983-03-24,3.833300,Training,0.855722,1.838642,2.261412,3.400400,4.461306,5.219426,5.996568,7.194999,8.896146,10.207436,12.721988
1983-03-25,3.657460,Training,0.846184,1.757444,2.230212,3.315536,4.332723,5.173271,5.911026,7.086284,8.797462,9.972251,12.486526
1983-03-26,3.516789,Training,0.791408,1.701122,2.138211,3.210866,4.205024,4.978235,5.746822,6.956831,8.636638,9.856995,12.162618
1983-03-27,3.340949,Training,0.914264,1.927827,2.415606,3.607920,4.769400,5.591876,6.378923,7.627133,9.506518,10.912041,13.828921
1983-03-28,3.340949,Training,0.953919,2.059492,2.592115,3.868121,5.076861,5.907423,6.762032,8.104289,10.088818,11.570299,14.417693
1983-03-29,3.340949,Training,0.940728,2.005666,2.558765,3.808493,4.984906,5.835040,6.683408,8.033256,9.985243,11.385875,14.033816
1983-03-30,3.340949,Training,0.944718,2.028916,2.610068,3.870848,5.118360,5.923427,6.789689,8.198028,10.187907,11.642863,14.281607
1983-03-31,3.200278,Training,1.092722,2.352998,2.978312,4.409243,5.853936,6.650986,7.579598,9.067194,11.261798,13.019090,16.178148
1983-04-01,3.024438,Test,1.117989,2.406523,3.071694,4.604348,6.079006,7.019565,7.957135,9.526864,11.942754,13.703971,17.173162
1983-04-02,3.024438,Test,0.978033,2.067833,2.657532,3.938359,5.194291,6.115977,6.955876,8.342534,10.494218,12.102965,15.305421
1983-04-03,3.024438,Test,1.095008,2.287138,2.954606,4.321090,5.641185,6.558896,7.446976,8.872831,11.021319,12.536956,15.531428
1983-04-04,3.024438,Test,1.081465,2.326939,2.962844,4.352356,5.721031,6.545669,7.477379,8.935515,11.083796,12.709435,15.684232
1983-04-05,3.024438,Test,1.026050,2.212749,2.839971,4.177911,5.508407,6.327308,7.242119,8.698733,10.812817,12.389173,15.232851
1983-04-06,3.024438,Test,0.919098,2.023705,2.615222,3.857731,5.204448,5.941797,6.829743,8.290599,10.414557,12.022640,14.941209
1983-04-07,3.024438,Test,0.871165,1.962516,2.535619,3.797791,5.200930,5.938477,6.819787,8.341599,10.627938,12.572114,16.005970
1983-04-08,3.024438,Test,0.766778,1.868187,2.497783,3.814992,5.374829,6.083152,6.986151,8.721133,11.402457,13.551178,17.988712
1983-04-09,3.024438,Test,0.784757,1.880784,2.598504,3.932211,5.468952,6.215093,7.158264,8.959285,11.636617,13.383823,17.117359
1983-04-10,3.024438,Test,1.114707,2.492644,3.346041,4.936129,6.813974,7.566052,8.568227,10.424091,13.299977,15.615058,20.234100
1983-04-11,3.516789,Test,1.453077,3.087515,4.060843,5.968533,7.736710,8.801547,9.821999,11.735429,14.500101,16.573614,20.575714
1983-04-12,3.551957,Test,1.369673,2.873634,3.688736,5.338039,6.850235,7.809418,8.808959,10.390058,12.728746,14.556402,17.884354
1983-04-13,3.200278,Test,1.382809,2.921731,3.778766,5.400461,7.037395,7.880950,8.874870,10.473827,12.823736,14.623047,18.083029
1983-04-14,2.883767,Test,1.231082,2.655606,3.476001,5.048856,6.739707,7.493501,8.503412,10.211554,12.661926,14.225563,17.575981
1983-04-15,2.743095,Test,0.920808,2.201556,2.914482,4.297094,5.723496,6.409890,7.376203,8.980754,11.214795,12.399546,15.425560
1983-04-16,2.602424,Test,0.918232,2.243463,2.950173,4.346157,5.772891,6.435493,7.409940,8.971614,11.170178,12.272655,15.256969
1983-04-17,2.461752,Test,1.267674,2.731052,3.551800,5.080594,6.791895,7.509037,8.528646,10.149802,12.543799,14.457420,18.219822
1983-04-18,3.270614,Test,1.418273,3.197451,4.046443,6.031616,7.787660,8.828297,9.915906,11.765853,14.748054,17.537119,22.634100
1983-04-19,3.692628,Test,1.215472,2.876879,3.643926,5.668066,7.358803,8.754251,9.920483,11.990134,15.749269,19.471518,26.269135
1983-04-20,5.451023,Test,1.197814,3.141530,3.912408,6.219133,8.146952,9.518977,10.813407,13.247820,17.402407,21.531883,29.402473
1983-04-21,5.837869,Test,1.185028,3.346872,4.178491,6.835469,9.133432,11.126040,12.506791,15.917686,20.958246,26.471308,36.507305
1983-04-22,40.900254,Test,1.946180,5.373241,6.476575,10.640339,14.145226,16.908985,19.444511,24.817169,32.696655,40.811562,55.223408
1983-04-23,32.495128,Test,3.005156,7.259418,8.624363,13.379687,17.122213,19.527485,22.556147,27.529045,35.524479,43.295612,56.282383
1983-04-24,38.121990,Test,4.457203,10.255162,12.474526,19.055172,23.877447,27.041170,30.765579,37.653709,47.023365,56.544594,71.046303
1983-04-25,59.855745,Test,7.297294,15.995465,19.338467,28.277319,34.092793,37.445011,41.936378,49.885155,61.184853,71.063866,88.285477
1983-04-26,94.636786,Test,6.995893,15.218762,18.355360,26.664574,31.971949,34.857399,38.733727,45.933228,55.813484,64.733940,79.893463
1983-04-27,97.696393,Test,6.988254,14.935001,18.141548,25.817430,30.706789,33.091331,36.274532,42.706367,50.823933,58.211643,71.140198
1983-04-28,65.517775,Test,6.730997,14.015264,17.006392,23.839569,27.971552,29.958809,32.492008,37.743298,44.210899,50.368614,61.210190
1983-04-29,47.898663,Test,6.749384,14.273726,17.374519,24.752726,29.569565,31.534620,34.575581,40.351898,48.185364,55.861214,68.945190
1983-04-30,79.936609,Test,9.576099,20.259022,24.683905,34.184002,40.459843,43.367611,47.334919,55.516251,65.984436,75.796127,94.652657
1983-05-01,65.728782,Test,10.164687,20.905708,25.189489,34.303612,39.714821,42.151562,45.321117,52.378975,61.564140,68.809921,85.205353
1983-05-02,46.105101,Test,7.425521,15.445644,18.762314,26.044249,30.880827,32.624687,35.114487,40.592739,47.826782,54.234779,68.203156
1983-05-03,41.955290,Test,7.572970,15.636078,19.322033,26.554327,31.990112,33.493919,35.814224,41.334572,48.814644,54.534088,70.427231
1983-05-04,34.394194,Test,7.263945,14.409113,18.259621,24.554789,29.438688,31.450434,33.346607,38.405823,44.609146,48.784412,62.570175
1983-05-05,29.822369,Test,7.343114,14.463835,17.688753,23.760685,28.422867,29.330288,31.476587,35.478817,41.313602,45.974190,59.427319
1983-05-06,30.420223,Test,6.620563,12.877856,16.209917,21.716593,26.133259,27.721792,29.575071,33.675564,39.137859,42.912640,55.163410
1983-05-07,25.848398,Test,5.804151,11.288324,14.184322,19.023867,22.998743,24.469343,26.220188,29.719410,34.342781,37.468475,47.836208
1983-05-08,23.140470,Test,5.146659,9.910542,12.394273,16.611233,19.580555,21.159002,22.764866,25.638203,29.161810,31.818766,39.298210
1983-05-09,21.276572,Test,4.049300,8.137083,10.278535,14.080843,17.456032,18.546522,20.216261,23.181900,27.048433,29.485464,37.237423
1983-05-10,20.151200,Test,3.658745,7.315063,9.156270,12.572585,15.151877,16.431681,17.991732,20.473671,23.682297,25.966818,31.664743
1983-05-11,19.342338,Test,2.346187,5.144414,6.550940,9.551954,12.237824,13.426567,15.140532,18.055670,22.183424,26.821064,34.423088
1983-05-12,27.466120,Test,1.814091,4.991546,6.256718,10.350663,13.880653,16.004354,18.464783,23.036873,30.437893,38.000839,53.285336
1983-05-13,28.591493,Test,2.135202,5.391637,6.562041,10.172197,13.135404,14.673141,16.892988,20.411386,26.247747,32.133469,42.570988
1983-05-14,38.719845,Test,2.287256,5.480799,6.615100,10.137789,12.757799,14.294670,16.363943,19.524622,24.758530,30.273808,39.068432
1983-05-15,48.813028,Test,2.444999,6.047674,7.246763,11.315008,14.346046,16.220491,18.731928,22.590425,28.916782,35.809151,46.420105
1983-05-16,141.339741,Test,3.262909,7.951120,9.404598,14.502967,18.198025,20.462013,23.618666,28.497320,36.144733,44.318253,56.972168
1983-05-17,86.759179,Test,3.593541,8.615339,10.234677,15.210849,18.987558,20.773735,23.824251,28.326914,35.421627,42.716640,54.388351
1983-05-18,59.257891,Test,3.109880,7.186882,8.769937,12.641776,15.749694,17.145887,19.546373,22.946310,28.241243,33.893394,42.306419
1983-05-19,44.979729,Test,2.898391,6.318197,7.910290,11.078004,13.523691,14.847104,16.845867,19.476316,23.480999,27.635227,33.536221
1983-05-20,37.102122,Test,2.995086,6.383640,7.866089,10.917946,13.131126,14.320122,16.196552,18.438156,21.930777,25.472221,30.858212
1983-05-21,31.721435,Test,2.898164,6.160865,7.545033,10.484599,12.599218,13.705152,15.515395,17.590660,20.862684,24.141722,29.219954
1983-05-22,27.466120,Test,2.684129,5.606429,7.038009,9.698647,11.736170,12.863091,14.562541,16.570110,19.613335,22.468052,26.803579
1983-05-23,25.320879,Test,2.495359,5.263092,6.647076,9.138854,11.308323,12.245655,13.864818,15.839324,18.890823,21.518927,26.032610
1983-05-24,22.577784,Test,2.315902,4.914504,6.245481,8.647058,10.821745,11.703843,13.254578,15.264281,18.295317,20.649872,25.072702
1983-05-25,20.221536,Test,2.041117,4.450903,5.711246,8.007597,10.157517,10.963557,12.475643,14.542673,17.568098,19.591118,23.864321
1983-05-26,18.568645,Test,1.876288,4.174465,5.396474,7.638071,9.730530,10.522101,11.999783,14.090063,17.063202,18.850727,22.869844
1983-05-27,17.583944,Test,1.748854,3.974079,5.174050,7.395267,9.447718,10.240187,11.688909,13.816779,16.765167,18.363600,22.178690
1983-05-28,16.353068,Test,1.683844,3.881728,5.081341,7.321566,9.380754,10.179406,11.613858,13.796184,16.760807,18.230700,21.957483
1983-05-29,34.323859,Test,1.946507,4.345523,5.658978,8.095773,10.383325,11.183783,12.652732,14.938449,18.028784,19.470659,23.649164
1983-05-30,42.939991,Test,1.782653,3.993437,5.130744,7.323015,9.436088,10.166304,11.571299,13.585879,16.519541,18.067913,22.011038
1983-05-31,14.031987,Test,1.431660,3.229351,4.217994,6.219421,8.352116,8.947227,10.441312,12.493770,15.783583,18.510040,23.313478
1983-06-01,15.368367,Test,1.004469,2.788233,3.665836,5.791213,7.991387,8.775200,10.229256,12.613571,16.820944,20.468357,27.656898
1983-06-02,13.996819,Test,0.796935,2.270683,3.178472,5.030822,6.873131,7.803380,9.192123,11.578702,15.441397,18.335270,23.461248
1983-06-03,12.801111,Test,0.447555,1.623147,2.355013,3.881887,5.326960,6.170797,7.354477,9.493282,12.812853,15.138281,19.213348
1983-06-04,12.027418,Test,0.262295,1.269787,1.817720,3.035802,4.117750,4.862004,5.805217,7.542130,10.120725,11.846438,15.180615
1983-06-05,11.113053,Test,0.189583,1.124581,1.533606,2.578829,3.466077,4.113657,4.933113,6.383161,8.466861,9.857531,12.860803
1983-06-06,11.886746,Test,0.153835,1.002422,1.351933,2.323985,3.169074,3.740568,4.515943,5.881430,7.855875,9.372855,12.582132
1983-06-07,11.359228,Test,0.284495,1.194606,1.623253,2.622518,3.529237,4.201040,5.033905,6.518924,8.665507,10.205331,13.480247
1983-06-08,10.480031,Test,0.301799,1.203688,1.622600,2.597967,3.471320,4.136444,4.974572,6.423874,8.470904,9.917650,12.915169
1983-06-09,9.811841,Test,0.163280,0.990152,1.364939,2.260112,3.012808,3.654502,4.401702,5.753535,7.637315,8.901397,11.725426
1983-06-10,9.073315,Test,0.088406,0.887409,1.231040,2.103382,2.783127,3.411393,4.126455,5.448983,7.249667,8.380777,10.977459
1983-06-11,8.440293,Test,0.068290,0.844251,1.171847,2.018074,2.666337,3.279147,3.974248,5.267924,7.007735,8.074927,10.571922
1983-06-12,8.018278,Test,0.110109,0.883512,1.209655,2.038986,2.696132,3.294993,3.996082,5.262345,6.958427,8.015018,10.469627
1983-06-13,7.174249,Test,0.135594,0.901401,1.223485,2.037268,2.692499,3.279884,3.978099,5.218478,6.863771,7.878764,10.259968
1983-06-14,7.103913,Test,0.074012,0.810129,1.112639,1.903327,2.510924,3.089514,3.756026,4.971699,6.569983,7.500593,9.770303
1983-06-15,6.576395,Test,0.051886,0.777130,1.073926,1.857441,2.450544,3.025695,3.680657,4.889108,6.475557,7.378543,9.618638
1983-06-16,6.224716,Test,0.042948,0.770370,1.068883,1.860021,2.454474,3.031917,3.686848,4.902285,6.502555,7.406375,9.656100
1983-06-17,5.767534,Test,0.063488,0.802926,1.109949,1.915343,2.530563,3.110703,3.780876,5.005647,6.629995,7.556597,9.827059
1983-06-18,5.380687,Test,0.107893,0.860636,1.185869,2.013839,2.672770,3.255525,3.966795,5.226105,6.924917,7.928499,10.256681
1983-06-19,4.818001,Test,0.091277,0.729101,1.007428,1.679072,2.240891,2.764228,3.377552,4.498902,5.951880,6.791500,8.921953
1983-06-20,4.712497,Test,-0.107325,0.283210,0.445015,0.806058,1.109363,1.489098,1.861409,2.648835,3.641519,4.130508,5.920326
1983-06-21,4.712497,Test,-0.138052,0.233225,0.385306,0.723498,1.001255,1.366183,1.715707,2.470721,3.420613,3.878663,5.624633
1983-06-22,4.571825,Test,-0.147473,0.228957,0.377595,0.720980,1.000568,1.362907,1.713866,2.471079,3.434518,3.904380,5.679624
1983-06-23,4.360818,Test,-0.148773,0.237682,0.388680,0.745624,1.033172,1.399529,1.762703,2.542544,3.546685,4.048960,5.868083
1983-06-24,6.963242,Test,-0.133566,0.278330,0.421253,0.809743,1.133000,1.488600,1.883693,2.716559,3.833186,4.481433,6.522998
1983-06-25,5.486191,Test,-0.175182,0.073661,0.141807,0.310810,0.499665,0.712611,0.906574,1.404425,2.032657,2.494189,4.346762
1983-06-26,5.064176,Test,-0.194951,0.053788,0.147874,0.301664,0.485489,0.723944,0.917722,1.436930,2.127478,2.579763,4.525990
1983-06-27,4.571825,Test,-0.197621,0.044644,0.145355,0.299493,0.477641,0.722069,0.919764,1.443275,2.126607,2.565723,4.433824
1983-06-28,4.184979,Test,-0.221293,0.071321,0.201149,0.435432,0.648234,0.955402,1.207370,1.856843,2.729820,3.234216,5.223732
1983-06-29,3.833300,Test,-0.227773,0.068855,0.191661,0.428815,0.632014,0.935733,1.189502,1.828678,2.666412,3.127163,5.000647
1983-06-30,3.446453,Test,-0.240043,0.058362,0.175883,0.413310,0.606637,0.906756,1.157546,1.788540,2.602072,3.034836,4.844991
1983-07-01,3.340949,Training,-0.232721,0.066478,0.182990,0.420145,0.614443,0.913748,1.168343,1.799442,2.608267,3.034128,4.822031
1983-07-02,3.340949,Training,-0.253627,0.070071,0.168267,0.422538,0.621353,0.907789,1.167364,1.793933,2.620666,3.077923,4.955385
1983-07-03,3.340949,Training,-0.188347,0.090612,0.199644,0.428916,0.652574,0.920003,1.175702,1.837159,2.774032,3.517454,5.869356
1983-07-04,3.340949,Training,-0.297656,0.034152,0.160629,0.408767,0.630606,0.950099,1.210732,1.943600,3.099630,3.863797,6.756990
1983-07-05,3.235446,Training,-0.270258,0.055342,0.189685,0.435607,0.651075,0.977585,1.249393,1.978482,3.073249,3.782393,6.334005
1983-07-06,3.024438,Training,-0.259486,0.093793,0.249983,0.559799,0.811090,1.182180,1.502170,2.318786,3.543693,4.294180,6.846290
1983-07-07,2.918935,Training,-0.210460,0.157488,0.321956,0.654354,0.925618,1.309725,1.661790,2.503109,3.711486,4.414615,6.757323
1983-07-08,2.743095,Training,-0.162525,0.221367,0.386742,0.736493,1.032450,1.420497,1.799942,2.655830,3.861461,4.543447,6.799997
1983-07-09,2.743095,Training,-0.216259,0.153326,0.305689,0.640378,0.894598,1.266983,1.618637,2.430255,3.547447,4.140295,6.214878
1983-07-10,2.743095,Training,-0.207271,0.185077,0.331599,0.689441,0.963715,1.335360,1.709323,2.537955,3.692137,4.310888,6.433246
1983-07-11,2.637592,Training,-0.213285,0.171482,0.322077,0.676718,0.944272,1.318176,1.686805,2.515801,3.658599,4.259127,6.330872
1983-07-12,2.391416,Training,-0.230430,0.133583,0.281370,0.616551,0.861274,1.224389,1.574726,2.385508,3.494398,4.074593,6.084583
1983-07-13,2.180409,Training,-0.259572,0.101202,0.250528,0.598305,0.837387,1.200812,1.551420,2.385065,3.538370,4.154860,6.189507
1983-07-14,2.145241,Training,-0.283845,-0.010328,0.080042,0.270308,0.423831,0.679409,0.893432,1.448727,2.170860,2.559892,4.326121
1983-07-15,1.863898,Training,-0.262219,0.005627,0.098143,0.284404,0.445746,0.702400,0.921091,1.478950,2.205927,2.599256,4.360837
1983-07-16,1.688059,Training,-0.205303,0.062272,0.161314,0.351171,0.537380,0.801571,1.042869,1.624310,2.384897,2.797774,4.586166
1983-07-17,1.688059,Training,-0.218156,0.071089,0.158173,0.367801,0.564753,0.825105,1.076944,1.669573,2.461943,2.897530,4.753865
1983-07-18,1.688059,Training,-0.240933,0.053177,0.124572,0.349237,0.550862,0.796498,1.040825,1.643169,2.470460,3.005903,5.064328
1983-07-19,1.688059,Training,-0.247611,0.046653,0.146988,0.362912,0.567083,0.841139,1.091599,1.728740,2.645732,3.199600,5.376554
1983-07-20,1.652891,Training,-0.242208,0.032395,0.140246,0.338256,0.529439,0.802098,1.045539,1.675106,2.576896,3.132678,5.250905
1983-07-21,1.477051,Training,-0.256615,0.064809,0.184761,0.456045,0.694670,0.999304,1.299996,2.051261,3.190500,3.922169,6.364067
1983-07-22,1.477051,Training,-0.204014,0.050775,0.159131,0.333048,0.527899,0.789849,1.014923,1.588245,2.362744,2.816898,4.760253
1983-07-23,1.477051,Training,-0.224047,0.025439,0.127075,0.296729,0.476591,0.731421,0.947631,1.498617,2.226255,2.636006,4.464099
1983-07-24,1.266044,Training,-0.237097,0.022628,0.119915,0.298015,0.480748,0.734992,0.955572,1.509642,2.249084,2.658253,4.499961
1983-07-25,1.266044,Training,-0.221808,0.059023,0.137184,0.342095,0.554365,0.797081,1.030332,1.613571,2.404099,2.905918,4.961266
1983-07-26,1.406716,Training,-0.265161,-0.009393,0.069899,0.255404,0.453706,0.684841,0.891711,1.472658,2.333412,3.023026,5.541161
1983-07-27,1.477051,Training,-0.312198,-0.033338,0.077306,0.254264,0.446864,0.716528,0.924813,1.551295,2.545106,3.223262,6.005295
1983-07-28,1.477051,Training,-0.303243,-0.017636,0.114058,0.314812,0.512155,0.812826,1.053191,1.731300,2.776693,3.450264,6.043173
1983-07-29,1.266044,Training,-0.333203,-0.023495,0.120031,0.376039,0.584527,0.920527,1.191891,1.935748,3.085418,3.767673,6.334004
1983-07-30,1.266044,Training,-0.300547,0.018428,0.163951,0.436972,0.657932,1.000125,1.295780,2.055803,3.183270,3.815629,6.176238
1983-07-31,1.266044,Training,-0.245347,0.119972,0.261025,0.585738,0.869132,1.217686,1.575410,2.402318,3.634923,4.349330,6.834753
1983-08-01,1.266044,Training,-0.234751,0.106151,0.260963,0.564113,0.825509,1.182292,1.529498,2.340516,3.506841,4.136203,6.389146
1983-08-02,1.230876,Training,-0.228881,0.118815,0.274630,0.589301,0.856352,1.217220,1.577642,2.396870,3.562089,4.167443,6.343493
1983-08-03,1.055037,Training,-0.233511,0.121636,0.282254,0.610719,0.886703,1.254639,1.625619,2.462191,3.653504,4.263612,6.440461
1983-08-04,1.019869,Training,-0.247937,0.098071,0.252068,0.571144,0.833402,1.190532,1.553397,2.375055,3.542838,4.134043,6.261325
1983-08-05,0.879197,Training,-0.267451,0.070341,0.219254,0.536911,0.792901,1.138889,1.498804,2.324731,3.514350,4.137611,6.282393
1983-08-06,0.773694,Training,-0.293854,-0.020481,0.085924,0.287258,0.467779,0.739697,0.987311,1.597509,2.436269,2.856693,4.746307
1983-08-07,0.703358,Training,-0.329965,-0.070439,-0.003902,0.145311,0.313070,0.509621,0.670736,1.207618,2.050851,2.852802,5.792912
1983-08-08,7.912775,Training,-0.407093,-0.097638,0.014625,0.198663,0.412382,0.689561,0.924001,1.635291,2.980977,3.916863,7.846278
1983-08-09,3.165110,Training,-0.341377,-0.039096,0.088704,0.299032,0.527432,0.828481,1.094652,1.840096,3.125678,4.006980,7.257892
1983-08-10,2.391416,Training,-0.290009,-0.005084,0.142139,0.379047,0.629236,0.947327,1.239701,2.002590,3.235302,4.008176,6.762768
1983-08-11,2.039737,Training,-0.255788,0.043107,0.191066,0.453828,0.725095,1.049119,1.376672,2.169405,3.407893,4.146455,6.709134
1983-08-12,1.688059,Training,-0.334318,-0.034100,0.074649,0.351114,0.617061,0.891396,1.207066,2.003687,3.301675,4.238445,7.171865
1983-08-13,1.617723,Training,-0.381193,-0.106979,-0.023597,0.192702,0.413409,0.647701,0.887426,1.588569,2.799783,3.781039,7.003312
1983-08-14,1.477051,Training,-0.291334,-0.107715,-0.048164,0.021551,0.167072,0.327650,0.443122,0.846907,1.449920,1.958617,4.183097
1983-08-15,1.371548,Training,-0.292164,-0.109018,-0.033937,0.052515,0.208187,0.392978,0.530488,0.979245,1.657335,2.178074,4.396851
1983-08-16,1.230876,Training,-0.287659,-0.091212,-0.004306,0.106174,0.279739,0.488851,0.657112,1.163178,1.941332,2.492030,4.777126
1983-08-17,1.230876,Training,-0.302271,-0.108191,-0.030870,0.078152,0.236545,0.437385,0.602693,1.084273,1.794150,2.271782,4.327131
1983-08-18,1.160540,Training,-0.308929,-0.086148,-0.036284,0.091635,0.270440,0.450451,0.630226,1.129068,1.881658,2.434027,4.694325
1983-08-19,1.055037,Training,-0.293576,-0.076636,-0.023072,0.104765,0.293179,0.478488,0.656761,1.163490,1.933075,2.491689,4.792957
1983-08-20,1.055037,Training,-0.271628,-0.085249,-0.013729,0.086189,0.255229,0.447449,0.614788,1.094902,1.811965,2.316888,4.435833
1983-08-21,1.055037,Training,-0.307136,-0.119764,-0.046098,0.056772,0.219881,0.412137,0.576337,1.054148,1.772335,2.273701,4.378759
1983-08-22,1.055037,Training,-0.310929,-0.125795,-0.048817,0.055872,0.220054,0.415811,0.582716,1.065987,1.791387,2.290851,4.380928
1983-08-23,1.125372,Training,-0.294025,-0.113650,-0.042515,0.059704,0.224582,0.415695,0.586100,1.061567,1.760975,2.232463,4.224492
1983-08-24,0.879197,Training,-0.294542,-0.117022,-0.050712,0.052214,0.216939,0.404846,0.575260,1.045642,1.733716,2.191346,4.129937
1983-08-25,0.914365,Training,-0.303653,-0.136627,-0.092424,-0.011613,0.136518,0.292452,0.438431,0.855896,1.469742,1.940401,3.858125
1983-08-26,0.703358,Training,-0.289862,-0.126506,-0.073548,0.009046,0.161554,0.331961,0.475800,0.882961,1.457517,1.839127,3.620002
1983-08-27,0.703358,Training,-0.301691,-0.138686,-0.087311,-0.004744,0.145931,0.314278,0.455425,0.859019,1.431143,1.811230,3.585469
1983-08-28,0.703358,Training,-0.312029,-0.149597,-0.091274,-0.002594,0.150165,0.326893,0.471861,0.889253,1.482732,1.862502,3.628065
1983-08-29,0.703358,Training,-0.326270,-0.161328,-0.102245,-0.006685,0.149497,0.328704,0.477662,0.907539,1.528081,1.925369,3.719924
1983-08-30,0.703358,Training,-0.369165,-0.190247,-0.160070,-0.050608,0.113557,0.263869,0.401111,0.829596,1.470574,1.991502,4.029548
1983-08-31,0.703358,Training,-0.314754,-0.176064,-0.143243,-0.085835,0.054977,0.189041,0.291019,0.641948,1.146845,1.574676,3.395968
1983-09-01,0.703358,Training,-0.231045,-0.120349,-0.108042,-0.085534,0.049771,0.151772,0.232091,0.504254,0.874404,1.224003,2.870647
1983-09-02,0.703358,Training,-0.240090,-0.127918,-0.110064,-0.084495,0.057905,0.164631,0.248912,0.538938,0.942897,1.314292,3.034023
1983-09-03,0.703358,Training,-0.224860,-0.118633,-0.102027,-0.078145,0.065660,0.174061,0.262012,0.551972,0.956907,1.323171,3.014403
1983-09-04,0.703358,Training,-0.278723,-0.164801,-0.149178,-0.119674,0.013017,0.120551,0.203679,0.486288,0.878786,1.228035,2.864651
1983-09-05,0.633022,Training,-0.326659,-0.204577,-0.189326,-0.151909,-0.023291,0.084050,0.165726,0.452837,0.860191,1.228834,2.899633
1983-09-06,0.562686,Training,-0.313226,-0.195713,-0.191433,-0.164927,-0.042263,0.047028,0.114583,0.363183,0.704016,1.037676,2.639628
1983-09-07,0.562686,Training,-0.287043,-0.174069,-0.179377,-0.162138,-0.042062,0.032395,0.090046,0.307699,0.596780,0.898029,2.432503
1983-09-08,0.562686,Training,-0.275281,-0.168690,-0.177048,-0.163703,-0.043215,0.025794,0.080940,0.291444,0.568770,0.870964,2.391693
1983-09-09,0.562686,Training,-0.200771,-0.113598,-0.128216,-0.126173,0.007877,0.071572,0.132303,0.347314,0.633367,0.964782,2.521941
1983-09-10,0.492350,Training,-0.167913,-0.083429,-0.105542,-0.106008,0.037931,0.098705,0.162458,0.379524,0.677868,1.024794,2.631636
1983-09-11,0.422015,Training,-0.135498,-0.067719,-0.087085,-0.094574,0.049569,0.112227,0.176641,0.388976,0.685409,1.030324,2.611571
1983-09-12,0.422015,Training,-0.161544,-0.091350,-0.111177,-0.117646,0.020394,0.078618,0.139801,0.345174,0.622730,0.957051,2.500082
1983-09-13,0.422015,Training,-0.201756,-0.123688,-0.141090,-0.142890,-0.010855,0.047277,0.106002,0.309319,0.580053,0.903460,2.420519
1983-09-14,0.422015,Training,-0.213279,-0.133620,-0.150850,-0.151578,-0.020641,0.037185,0.094999,0.297423,0.566820,0.888482,2.400544
1983-09-15,0.351679,Training,-0.183902,-0.105019,-0.129424,-0.131924,0.011003,0.065699,0.127299,0.336929,0.624266,0.971023,2.556397
1983-09-16,0.316511,Training,-0.142467,-0.080939,-0.102649,-0.111405,0.038022,0.097414,0.162669,0.377017,0.683178,1.046825,2.655695
1983-09-17,0.316511,Training,-0.202779,-0.129724,-0.152426,-0.154194,-0.010120,0.042687,0.105564,0.319179,0.615009,0.988124,2.587100
1983-09-18,0.316511,Training,-0.169878,-0.103459,-0.128356,-0.137524,-0.003415,0.044473,0.099742,0.287626,0.534683,0.852831,2.347858
1983-09-19,0.316511,Training,-0.186852,-0.116285,-0.139022,-0.145735,-0.013783,0.037609,0.093110,0.283832,0.534715,0.847770,2.336644
1983-09-20,0.316511,Training,-0.185307,-0.116143,-0.139374,-0.146793,-0.014475,0.036080,0.091480,0.281495,0.531330,0.844746,2.333538
1983-09-21,0.246175,Training,-0.196506,-0.125171,-0.148567,-0.154886,-0.024566,0.025299,0.079189,0.266542,0.511972,0.818909,2.295342
1983-09-22,0.211007,Training,-0.212562,-0.137873,-0.162436,-0.167170,-0.039327,0.007312,0.058274,0.239212,0.475082,0.773616,2.236031
1983-09-23,0.211007,Training,-0.235328,-0.154661,-0.177858,-0.179697,-0.053672,-0.007095,0.042488,0.221672,0.455034,0.746054,2.209623
1983-09-24,0.211007,Training,-0.242914,-0.161607,-0.183610,-0.184951,-0.059226,-0.012991,0.036146,0.215152,0.447210,0.736945,2.204045
1983-09-25,0.211007,Training,-0.237826,-0.158725,-0.181577,-0.184116,-0.057440,-0.011928,0.037422,0.216672,0.449967,0.743645,2.215306
1983-09-26,0.175839,Training,-0.214188,-0.142616,-0.167264,-0.173647,-0.044088,0.001427,0.052607,0.234680,0.473283,0.777360,2.253247
1983-09-27,0.105504,Training,-0.213064,-0.142437,-0.166771,-0.173575,-0.043287,0.004668,0.057880,0.243083,0.488588,0.795714,2.275874
1983-09-28,0.105504,Training,-0.212054,-0.142578,-0.166491,-0.173973,-0.043028,0.006274,0.060630,0.247600,0.496687,0.805098,2.285602
1983-09-29,0.105504,Training,-0.195718,-0.115086,-0.161435,-0.162033,-0.012061,0.024160,0.075362,0.270198,0.525334,0.872228,2.486204
1983-09-30,0.105504,Training,-0.139071,-0.084845,-0.116401,-0.134217,0.011333,0.051313,0.106417,0.294564,0.548419,0.890617,2.452421
1983-10-01,0.140672,Training,-0.140003,-0.092357,-0.121894,-0.141060,0.000810,0.039583,0.094284,0.276423,0.519031,0.852199,2.372334
1983-10-02,0.140672,Training,-0.177825,-0.122796,-0.146977,-0.162541,-0.022243,0.017714,0.071144,0.259337,0.508469,0.842553,2.378268
1983-10-03,0.140672,Training,-0.190839,-0.132691,-0.158042,-0.171384,-0.034525,0.007960,0.062088,0.248751,0.496868,0.822709,2.333937
1983-10-04,0.246175,Training,-0.185124,-0.128439,-0.153056,-0.166936,-0.031609,0.014891,0.069666,0.258523,0.507842,0.825280,2.316675
1983-10-05,0.175839,Training,-0.175365,-0.109957,-0.149597,-0.161501,-0.017993,0.016842,0.070887,0.254649,0.500805,0.831339,2.369169
1983-10-06,0.140672,Training,-0.148077,-0.103021,-0.133748,-0.153729,-0.014954,0.023722,0.077271,0.258100,0.493789,0.815831,2.299312
1983-10-07,0.211007,Training,-0.088278,-0.059417,-0.095480,-0.123626,0.024049,0.059755,0.115960,0.295287,0.537174,0.874870,2.391375
1983-10-08,0.211007,Training,-0.082723,-0.056644,-0.093550,-0.122770,0.025227,0.060055,0.116267,0.294734,0.535977,0.873590,2.389164
1983-10-09,0.175839,Training,-0.091426,-0.064453,-0.101555,-0.129839,0.014963,0.050120,0.105863,0.282284,0.516844,0.846499,2.335581
1983-10-10,0.211007,Training,-0.077551,-0.054681,-0.093403,-0.123381,0.023033,0.058528,0.114875,0.291044,0.527651,0.859590,2.351688
1983-10-11,0.246175,Training,-0.048801,-0.032786,-0.074604,-0.107077,0.043989,0.080919,0.139005,0.315523,0.562726,0.903082,2.416950
1983-10-12,0.246175,Training,-0.080502,-0.058448,-0.096993,-0.126560,0.017683,0.056192,0.112920,0.290595,0.527416,0.854787,2.331149
1983-10-13,0.281343,Training,-0.037380,-0.015370,-0.085623,-0.105978,0.068305,0.098421,0.150152,0.343288,0.616406,1.011872,2.718886
1983-10-14,0.351679,Training,-0.012502,0.029001,-0.031336,-0.039773,0.139584,0.195857,0.266009,0.471635,0.832169,1.268185,3.047575
1983-10-15,0.527518,Training,-0.034435,0.007795,-0.049604,-0.063616,0.115549,0.165977,0.234277,0.445327,0.797252,1.227550,3.042764
1983-10-16,0.562686,Training,-0.098415,-0.066525,-0.112776,-0.124021,0.081619,0.131432,0.194638,0.449092,0.866529,1.421515,3.669839
1983-10-17,0.562686,Training,-0.123165,-0.063562,-0.069751,-0.070517,0.129379,0.217607,0.300864,0.588994,1.135128,1.753876,4.166540
1983-10-18,0.562686,Training,-0.043685,-0.007599,-0.026678,-0.037654,0.147895,0.230351,0.312971,0.565583,1.021905,1.535899,3.587519
1983-10-19,0.527518,Training,-0.101587,-0.063127,-0.072245,-0.091945,0.084180,0.156935,0.229665,0.489758,0.898583,1.373401,3.366127
1983-10-20,0.457183,Training,-0.101004,-0.067799,-0.084149,-0.104148,0.059477,0.129910,0.203866,0.451509,0.814291,1.234902,3.031682
1983-10-21,0.457183,Training,-0.102368,-0.070924,-0.089201,-0.108174,0.050175,0.123553,0.199004,0.443773,0.794100,1.191433,2.905861
1983-10-22,0.457183,Training,-0.088656,-0.059861,-0.081465,-0.099341,0.060432,0.137734,0.216668,0.461110,0.819090,1.212124,2.905538
1983-10-23,0.422015,Training,-0.058501,-0.033856,-0.065527,-0.081455,0.084787,0.162570,0.245509,0.484907,0.860265,1.267056,2.974467
1983-10-24,0.386847,Training,-0.063306,-0.006796,-0.045034,-0.038413,0.143133,0.240168,0.334886,0.609262,1.051834,1.472306,3.287585
1983-10-25,0.422015,Training,-0.085302,-0.042797,-0.053407,-0.054578,0.111830,0.223852,0.320642,0.603375,1.036479,1.426041,3.142509
1983-10-26,0.457183,Training,-0.059548,-0.014145,-0.024857,-0.014211,0.160948,0.288882,0.398271,0.691960,1.173226,1.578639,3.314828
1983-10-27,0.457183,Training,-0.094307,-0.033267,-0.067736,-0.046194,0.149400,0.259904,0.357263,0.677110,1.175753,1.639201,3.614041
1983-10-28,0.562686,Training,-0.138887,-0.057105,-0.062983,-0.035547,0.155220,0.286353,0.398515,0.746161,1.302703,1.771657,3.790462
1983-10-29,0.703358,Training,-0.125583,-0.054212,-0.036313,-0.000562,0.189945,0.350698,0.482198,0.856135,1.460147,1.917810,3.850286
1983-10-30,0.703358,Training,-0.086375,0.017835,0.039859,0.162734,0.368116,0.605996,0.803922,1.249785,2.021935,2.511893,4.407084
1983-10-31,0.703358,Training,-0.086151,0.172712,0.257422,0.613125,0.980746,1.378053,1.797437,2.596038,3.901587,4.573050,6.685040
1983-11-01,0.703358,Training,-0.087973,0.138820,0.216210,0.503222,0.837808,1.197125,1.563500,2.278519,3.445693,4.059972,6.075621
1983-11-02,0.703358,Training,-0.093708,0.089761,0.147800,0.361598,0.646433,0.957636,1.257198,1.866153,2.874836,3.429681,5.379438
1983-11-03,0.703358,Training,-0.099949,0.070015,0.099268,0.262782,0.547120,0.796296,1.039216,1.602955,2.534819,3.116905,5.287422
1983-11-04,0.773694,Training,-0.126376,0.025746,0.058750,0.197346,0.477570,0.714592,0.920682,1.483983,2.406016,3.013604,5.420325
1983-11-05,0.844029,Training,-0.140392,-0.005113,0.054265,0.162688,0.408167,0.649533,0.842585,1.371118,2.260895,2.830409,5.148361
1983-11-06,0.844029,Training,-0.137094,-0.047989,-0.007088,0.047520,0.256616,0.444373,0.590059,1.025074,1.733907,2.240086,4.367394
1983-11-07,0.844029,Training,-0.140080,-0.017392,-0.001930,0.090709,0.337272,0.528261,0.687753,1.172565,1.991791,2.598692,5.014951
1983-11-08,0.914365,Training,-0.349245,-0.186448,-0.113918,-0.067709,0.235123,0.476824,0.628526,1.237019,2.782041,4.180984,10.455713
1983-11-09,1.863898,Training,-0.532725,-0.155557,-0.019598,0.240372,0.806096,1.423650,1.819001,3.524447,9.037888,12.502701,33.524105
1983-11-10,2.461752,Training,-0.351045,0.238563,0.462746,1.188460,2.223734,3.053867,4.137420,6.892747,14.618340,19.277292,36.805485
1983-11-11,1.969402,Training,-0.377752,0.093140,0.307059,0.905597,1.765695,2.368037,3.208498,5.330214,10.821052,14.479813,26.261156
1983-11-12,1.547387,Training,-0.352472,0.009379,0.206825,0.602517,1.179153,1.642632,2.247714,3.708301,7.146695,9.396698,16.415630
1983-11-13,1.336380,Training,-0.227666,0.225369,0.479773,1.111124,1.929165,2.421232,3.251416,4.970295,8.541799,10.879231,16.809111
1983-11-14,1.336380,Training,-0.425145,-0.038141,0.227960,0.795088,1.628676,2.309394,3.155849,5.304876,11.288610,15.733803,28.186598
1983-11-15,1.652891,Training,-0.318303,0.367543,0.780075,1.962936,3.501799,4.644124,6.376771,10.377616,21.777241,29.252203,50.346371
1983-11-16,2.496920,Training,0.058421,1.124336,1.730286,3.561214,5.735602,6.895275,9.233126,13.556322,23.813856,30.859434,47.138908
1983-11-17,2.883767,Training,0.558277,1.807592,2.628451,4.725933,6.821924,8.022782,10.199156,13.583029,20.243792,24.901455,33.074829
1983-11-18,2.602424,Training,0.826506,2.160080,2.933401,5.029589,6.982581,8.048800,9.915442,12.687510,17.739418,21.375082,26.947525
1983-11-19,2.321081,Training,0.220720,1.231618,1.968102,3.918833,6.088275,7.283917,9.539727,13.272962,21.718115,28.372683,40.671604
1983-11-20,4.501490,Training,-0.236456,0.780826,1.659785,3.684150,6.348168,8.461148,11.554381,18.832514,41.570999,56.010254,96.623619
1983-11-21,10.515198,Training,2.939286,7.221737,10.065689,16.618181,23.180153,25.795031,31.334982,40.711399,58.165260,68.555603,96.155716
1983-11-22,7.139081,Training,1.852485,4.656895,6.587472,11.110910,15.620352,17.317812,21.050243,27.399616,39.121407,46.389629,63.220348
1983-11-23,5.099344,Training,0.784434,2.189064,3.287586,5.732341,8.298458,9.430338,11.756910,15.623209,23.140615,27.702492,36.331169
1983-11-24,4.536658,Training,0.948648,2.300755,3.287436,5.502076,7.842065,8.747556,10.728786,13.825373,19.641302,23.161219,29.133097
1983-11-25,4.149811,Training,1.553512,3.221355,4.531680,7.079052,9.671628,10.620933,12.621243,15.651876,21.029442,23.773008,28.684155
1983-11-26,3.833300,Training,0.859712,1.982304,2.771582,4.581130,6.502725,7.234568,8.888310,11.336593,15.658739,17.930779,21.684685
1983-11-27,,,1.056722,3.344350,5.070940,9.023861,13.560964,14.956548,18.467039,24.624245,36.284981,44.422447,60.837139
1983-11-28,,,0.612009,2.397939,3.717654,6.827924,10.551435,11.784913,14.938084,20.417315,31.308033,38.961563,54.277294
1984-01-06,8.791972,Training,,,,,,,,,,,
1984-01-07,8.510629,Training,,,,,,,,,,,
1984-01-08,10.233855,Training,1.176388,2.452522,3.194443,4.945259,6.686981,7.667759,8.923917,10.882367,14.129449,16.665718,21.203064
1984-01-09,11.077885,Training,1.051977,2.012221,2.694788,4.085013,5.397525,6.609094,7.581215,9.155099,11.945000,13.996997,19.654776
1984-01-10,9.882176,Training,0.980348,1.844144,2.458966,3.668186,4.865178,5.923435,6.790810,8.190624,10.477910,12.166097,16.520777
1984-01-11,9.319490,Training,1.150777,2.250226,2.969556,4.370168,5.783440,6.778167,7.727718,9.266172,11.612152,13.200244,16.432261
1984-01-12,9.073315,Training,1.143072,2.319257,2.980502,4.424511,5.794610,6.687608,7.706527,9.268458,11.490103,12.933645,15.602274
1984-01-13,8.791972,Training,1.181801,2.309588,2.981155,4.383333,5.726696,6.663556,7.631975,9.113066,11.256737,12.582334,15.288522
1984-01-14,8.510629,Training,1.183061,2.427823,3.068149,4.548261,6.017552,6.819782,7.866280,9.446332,11.688599,13.282841,16.102875
1984-01-15,8.264454,Training,1.177246,2.366548,3.027746,4.487842,5.842331,6.750545,7.760140,9.294950,11.468493,12.838937,15.432348
1984-01-16,8.018278,Training,1.217857,2.295854,2.987627,4.354034,5.684589,6.673155,7.581474,8.992924,11.090771,12.382681,15.314739
1984-01-17,7.631432,Training,1.260788,2.487700,3.169376,4.655798,6.061607,6.981855,7.972710,9.457456,11.630566,12.935490,15.655698
1984-01-18,7.279753,Training,1.310470,2.658153,3.339675,4.945046,6.464874,7.338264,8.398538,9.988682,12.305377,13.879206,16.842554
1984-01-19,12.941783,Training,1.230930,2.533301,3.261325,4.836329,6.382928,7.271598,8.325583,10.002180,12.436779,14.116760,17.115784
1984-01-20,12.625272,Training,1.358235,2.773537,3.654460,5.478517,7.339578,8.460740,9.795014,11.868807,15.303789,18.313734,23.491043
1984-01-21,12.941783,Training,1.269175,2.937178,3.922717,6.188843,8.355618,9.629247,11.053756,13.674036,18.086052,21.762903,29.023344
1984-01-22,13.961651,Training,1.302191,2.802567,3.779049,5.728670,7.826197,8.871676,10.141540,12.493942,16.200485,19.288658,24.560610
1984-01-23,14.313330,Training,1.742055,3.566366,4.726231,7.008392,9.354770,10.362651,11.636816,14.119096,17.781342,20.800879,26.224743
1984-01-24,13.961651,Training,2.078032,4.008721,5.285881,7.718624,9.752426,11.137714,12.338979,14.704689,18.021797,20.170290,24.362286
1984-01-25,13.293462,Training,2.507284,4.725082,6.099407,8.741069,10.923219,12.297785,13.526602,15.879932,19.106302,21.010132,25.163040
1984-01-26,13.785812,Training,2.351643,4.430992,5.798230,8.422760,10.783976,12.248694,13.661766,16.198072,20.239758,23.432516,29.639200
1984-01-27,13.293462,Training,1.684528,3.207945,4.286223,6.316144,8.198959,9.748786,10.843086,12.937235,16.555073,19.476509,26.187639
1984-01-28,12.625272,Training,1.643635,2.940276,3.913653,5.699001,7.317048,8.749333,9.808456,11.615332,14.474298,16.601732,22.180567
1984-01-29,13.293462,Training,2.216660,4.115079,5.342823,7.599052,9.729595,11.074685,12.168303,14.236193,17.416853,19.834808,24.860044
1984-01-30,13.961651,Training,2.380457,4.281391,5.540537,7.864254,9.990067,11.449902,12.579556,14.640359,18.033350,20.731291,27.221218
1984-01-31,13.961651,Training,1.888238,3.840571,5.116404,7.477188,9.688833,10.971226,12.260911,14.804247,18.380184,21.222290,25.590515
1984-02-01,13.609973,Training,2.257674,4.510714,5.835216,8.421804,10.808304,11.990982,13.349996,15.934672,19.497383,22.511827,27.364214
1984-02-02,13.293462,Training,2.241258,4.283992,5.649625,8.139525,10.278865,11.733786,12.941774,15.388223,18.785542,21.120794,25.538740
1984-02-03,12.941783,Training,2.153948,4.161334,5.481252,7.870262,10.039884,11.291460,12.541452,14.993402,18.124670,20.350271,23.987724
1984-02-04,12.625272,Training,2.386821,4.531865,5.924861,8.395125,10.582819,11.823452,13.055525,15.468129,18.422354,20.282637,23.725393
1984-02-05,11.992250,Training,2.598248,4.851699,6.274001,8.844941,10.963773,12.301826,13.512206,15.835290,18.657980,20.074553,23.376154
1984-02-06,11.359228,Training,2.404204,4.430874,5.745665,8.096313,10.107366,11.428678,12.553491,14.635221,17.316782,18.520481,21.672209
1984-02-07,10.761374,Training,2.355487,4.408442,5.704451,8.090979,10.114645,11.401427,12.555702,14.696685,17.379660,18.488445,21.454693
1984-02-08,10.480031,Training,1.521557,2.997717,3.958801,5.714201,7.626490,8.466177,9.545960,11.470166,14.080185,15.452041,18.180061
1984-02-09,10.163520,Training,1.571389,3.080819,4.050983,5.853020,7.718175,8.639171,9.707870,11.604906,14.132950,15.479177,18.111872
1984-02-10,9.600833,Training,1.743171,3.342899,4.357725,6.333590,8.139021,9.297759,10.329873,12.222593,14.727927,15.784501,18.491344
1984-02-11,9.073315,Training,1.393994,2.709067,3.563437,5.274681,6.926149,8.040427,8.986217,10.756202,13.175849,14.299829,16.964552
1984-02-12,8.791972,Training,1.414561,2.748202,3.631003,5.406286,7.114299,8.266255,9.215833,11.066936,13.559540,14.649240,17.312304
1984-02-13,8.510629,Training,1.351677,2.632085,3.503687,5.269930,6.988523,8.159753,9.092725,11.000200,13.536844,14.622025,17.304449
1984-02-14,8.018278,Training,1.002049,1.950920,2.564378,3.807520,5.087388,6.046605,6.848808,8.268424,10.294714,11.465673,14.078371
1984-02-15,7.772103,Training,0.969899,1.937582,2.548122,3.827853,5.133634,6.081873,6.906053,8.397905,10.480015,11.638117,14.109096
1984-02-16,7.525928,Training,0.948326,1.934426,2.571453,3.949118,5.344924,6.330914,7.181666,8.841173,11.080002,12.218849,14.631406
1984-02-17,7.279753,Training,0.868817,1.817386,2.426869,3.781356,5.153749,6.116149,6.969279,8.669526,10.924827,12.077972,14.435798
1984-02-18,7.279753,Training,0.957978,1.906340,2.436695,3.600903,4.794350,5.657217,6.439348,7.724236,9.642175,10.945436,13.732824
1984-02-19,7.279753,Training,0.977249,2.059375,2.628493,3.974149,5.335393,6.183384,7.086369,8.617599,10.835048,12.388950,15.213398
1984-02-20,7.033578,Training,0.728503,1.524007,1.959421,2.956642,3.985411,4.820316,5.522941,6.776469,8.670128,10.100525,13.071770
1984-02-21,6.787402,Training,0.724401,1.547421,1.985926,3.010490,4.054653,4.881948,5.615921,6.920135,8.876787,10.366510,13.318422
1984-02-22,6.787402,Training,0.789337,1.660802,2.138336,3.236180,4.402481,5.282619,6.034278,7.399534,9.560357,11.302103,14.826871
1984-02-23,7.033578,Training,0.755263,1.725531,2.220995,3.448877,4.730171,5.661373,6.521843,8.106419,10.762461,13.002217,17.236525
1984-02-24,7.033578,Training,0.777520,1.581235,2.155022,3.267298,4.451981,5.542336,6.296396,7.776803,10.260036,12.224566,16.960281
1984-02-25,6.576395,Training,0.851373,1.655536,2.194920,3.343022,4.484906,5.539799,6.337140,7.735141,9.978301,11.603381,16.563971
1984-02-26,6.365388,Training,1.003598,1.917916,2.568496,3.817601,5.103655,6.168637,6.993071,8.461633,10.716602,12.236300,16.503601
1984-02-27,6.119212,Training,1.027474,1.969140,2.631341,3.866882,5.180370,6.202728,7.011460,8.470629,10.643553,12.084009,15.647614
1984-02-28,5.697198,Training,1.068364,2.066726,2.702277,3.983224,5.356079,6.349638,7.173604,8.623585,10.830489,12.368987,16.123615
1984-02-29,5.486191,Training,1.088945,2.154104,2.803357,4.144636,5.621926,6.628973,7.474349,8.998331,11.422100,13.269906,17.249125
1984-03-01,5.486191,Training,1.006430,1.971421,2.656140,3.933068,5.297921,6.382038,7.200696,8.738497,11.128672,12.799301,16.675303
1984-03-02,5.486191,Training,1.001687,2.017752,2.695251,3.996797,5.389997,6.399173,7.249103,8.831314,11.180104,12.791768,15.964527
1984-03-03,5.275183,Training,1.029270,2.137599,2.827096,4.230410,5.673109,6.639750,7.551707,9.235912,11.615177,13.168512,16.079079
1984-03-04,5.099344,Training,1.062046,2.183054,2.872222,4.283525,5.719712,6.686241,7.600195,9.258764,11.584662,13.062780,15.874110
1984-03-05,4.888336,Training,1.100346,2.217721,2.919701,4.326258,5.767076,6.754215,7.646356,9.262350,11.552126,12.960181,15.791253
1984-03-06,4.536658,Training,1.097709,2.265174,2.959143,4.417824,5.865094,6.813831,7.747810,9.416515,11.703634,13.094691,15.719574
1984-03-07,4.325650,Training,1.105351,2.297014,3.014942,4.522712,6.033448,6.961577,7.918698,9.667626,12.008783,13.440352,15.999434
1984-03-08,4.149811,Training,1.108836,2.306071,3.040285,4.572912,6.118771,7.047664,8.006400,9.790209,12.163984,13.587011,16.146053
1984-03-09,3.973971,Training,1.032255,2.109931,2.781350,4.191364,5.605479,6.585595,7.457486,9.081575,11.335798,12.597705,15.236361
1984-03-10,3.973971,Training,1.056596,2.055874,2.756446,4.129098,5.542702,6.604387,7.408988,8.976617,11.219588,12.417455,15.546638
1984-03-11,3.833300,Training,1.043130,2.048387,2.777038,4.220262,5.701919,6.811566,7.615021,9.300584,11.647326,12.780025,15.928113
1984-03-12,3.657460,Training,0.986147,1.993184,2.655667,4.054355,5.541351,6.568467,7.379229,9.015985,11.369861,12.649883,15.851563
1984-03-13,3.657460,Training,0.756770,1.498559,1.929647,2.951879,3.986624,4.885974,5.569306,6.782217,8.645541,9.957131,13.841474
1984-03-14,3.657460,Training,0.733141,1.486282,1.914187,2.971324,4.005752,4.938114,5.650667,6.907535,8.870283,10.216304,14.615673
1984-03-15,3.657460,Training,0.744396,1.593866,2.092050,3.198203,4.431918,5.378925,6.103633,7.510477,9.850598,11.704500,15.819221
1984-03-16,3.833300,Training,0.769239,1.728575,2.304441,3.551517,4.956396,5.990088,6.791532,8.405186,11.223357,13.500820,18.485952
1984-03-17,4.149811,Training,0.701928,1.636431,2.246799,3.521512,4.904751,5.941182,6.810919,8.606829,11.478850,13.624364,17.666563
1984-03-18,3.973971,Training,0.756439,1.727447,2.380081,3.749198,5.195697,6.221868,7.133878,9.046214,11.857127,13.846745,17.371498
1984-03-19,3.973971,Training,0.845854,1.903421,2.480510,3.788872,5.165472,6.039235,6.961713,8.658058,11.149128,13.191050,16.625343
1984-03-20,3.973971,Training,0.859138,1.979127,2.591733,3.982568,5.494074,6.395487,7.363503,9.189140,12.011396,14.556054,18.780472
1984-03-21,4.536658,Training,0.806057,2.034990,2.712055,4.313056,6.012393,7.115023,8.220210,10.379965,14.117266,17.635380,23.920712
1984-03-22,5.662030,Training,0.871843,2.141966,2.857782,4.532201,6.194980,7.361284,8.483938,10.699578,14.320925,17.520210,23.268261
1984-03-23,5.275183,Training,1.274302,2.772250,3.663362,5.567208,7.495711,8.834834,9.938005,12.123982,15.968575,19.497225,26.242386
1984-03-24,7.772103,Training,1.222963,3.155769,4.179066,6.752753,9.250366,10.934977,12.532820,15.704081,21.237211,26.622528,36.854805
1984-03-25,10.480031,Training,1.567775,3.947526,5.064305,8.194133,11.037493,12.978660,14.775522,18.484331,24.630953,30.294586,41.637562
1984-03-26,10.163520,Training,1.815310,4.256701,5.495018,8.570008,11.305637,12.956161,14.666700,18.105455,23.245205,28.229733,36.846798
1984-03-27,9.706337,Training,1.857905,4.686736,6.122779,9.793356,13.199996,15.465136,17.607401,22.193829,28.828424,35.993065,48.269901
1984-03-28,23.140470,Training,2.697384,7.082355,9.299647,14.794172,20.189413,23.746586,26.988976,34.432018,44.419632,55.280041,75.326164
1984-03-29,26.797931,Training,5.122514,11.287343,14.082048,20.953993,26.240458,29.381802,32.965797,39.760918,49.579727,58.130997,74.343422
1984-03-30,26.797931,Training,5.029545,10.881397,14.036376,20.276960,26.027477,28.166063,31.103849,37.326370,46.006054,53.340599,69.085403
1984-03-31,38.790180,Training,11.085238,21.884529,27.370430,35.280659,41.558357,44.386086,47.617729,55.310421,64.966270,73.667191,89.874519
1984-04-01,61.156957,Test,14.304608,27.128939,32.914295,41.376186,48.048698,49.781662,52.675827,59.685951,70.225266,78.074326,96.327034
1984-04-02,47.195306,Test,10.721845,19.940590,24.649672,31.480728,36.996956,38.439384,40.407124,45.891216,53.512501,58.928715,73.869011
1984-04-03,45.014896,Test,10.441731,19.068254,23.521856,29.842413,35.218666,36.087502,37.891815,42.750786,49.679817,54.424324,69.075897
1984-04-04,42.166298,Test,9.940711,17.623386,21.584816,27.198292,31.177818,32.548908,33.990459,37.854069,42.971748,46.958672,57.727859
1984-04-05,35.027216,Test,9.278542,16.192457,19.823553,24.955620,28.158003,29.808769,31.119459,34.356628,38.328686,41.354424,50.067673
1984-04-06,28.978340,Test,8.874893,15.345888,18.775225,23.482025,26.624718,28.162460,29.385687,32.287350,35.840839,38.215443,46.459587
1984-04-07,24.582354,Test,7.744666,13.339661,16.646564,20.788620,24.561886,25.764336,26.992125,30.051250,33.688904,35.097641,43.681805
1984-04-08,20.924893,Test,6.660900,11.580741,14.641929,18.445324,22.116169,23.349159,24.552847,27.602377,30.949141,31.832993,39.478657
1984-04-09,18.849988,Test,3.935549,7.455301,9.766859,13.078545,16.748417,17.475325,19.226246,22.405603,26.409737,28.632284,35.630470
1984-04-10,17.267433,Test,3.983166,7.623021,9.989578,13.751072,17.774345,18.479630,20.111776,23.635771,28.415586,31.244633,40.369823
1984-04-11,15.755214,Test,4.123647,7.732435,10.103693,13.673972,17.328032,18.334719,19.765955,23.065443,27.316422,29.472828,37.199535
1984-04-12,14.313330,Test,2.524977,5.133111,6.905803,9.866626,13.101281,13.848977,15.299117,18.421921,22.572157,25.138004,31.874100
1984-04-13,13.293462,Test,2.141056,4.491492,6.017615,8.665589,11.571700,12.291360,13.690529,16.533922,20.422117,23.009800,29.069889
1984-04-14,13.293462,Test,2.074287,4.412604,5.923494,8.590596,11.495581,12.468183,14.015300,16.959240,21.332973,25.046484,32.164257
1984-04-15,12.625272,Test,1.534825,3.559469,4.846413,7.401443,9.974543,11.029375,12.466234,15.378991,19.904490,23.181944,30.006157
1984-04-16,11.675739,Test,1.775570,3.779613,4.979930,7.181942,9.341147,10.377165,11.667143,13.902319,17.262592,19.956169,24.724232
1984-04-17,10.480031,Test,1.717513,3.643502,4.685667,6.628156,8.452284,9.413377,10.609164,12.424390,15.168074,17.556902,21.560465
1984-04-18,9.600833,Test,1.563266,3.374461,4.365341,6.204210,8.039542,8.860454,10.073113,11.930468,14.655484,16.570438,20.326624
1984-04-19,9.073315,Test,1.101008,2.599020,3.384173,4.918017,6.414853,7.174124,8.290035,9.986539,12.372684,13.844466,17.069086
1984-04-20,8.510629,Test,0.852198,2.165188,2.795293,4.115895,5.343359,6.070447,7.069924,8.575711,10.634282,11.893067,14.815611
1984-04-21,8.264454,Test,0.813380,2.118360,2.736334,4.052730,5.251815,5.968498,6.961889,8.449022,10.471107,11.639345,14.447736
1984-04-22,8.018278,Test,0.758316,1.963223,2.491294,3.699633,4.844971,5.505461,6.438482,7.835474,9.715007,10.911064,13.767878
1984-04-23,7.525928,Test,0.747345,1.924196,2.456049,3.690177,4.900815,5.533235,6.449145,7.909157,9.820154,11.268679,14.429605
1984-04-24,7.279753,Test,0.709258,1.883103,2.455837,3.747793,5.042790,5.751160,6.715714,8.341311,10.661266,12.618335,16.513252
1984-04-25,7.772103,Test,0.477855,1.612611,2.158727,3.490052,4.808761,5.597003,6.577356,8.452320,11.242899,13.642069,18.736151
1984-04-26,8.018278,Test,0.433151,1.614572,2.161320,3.493971,4.808494,5.601586,6.632574,8.494643,11.373031,13.675462,18.788557
1984-04-27,7.525928,Test,0.460617,1.653826,2.254024,3.592469,4.888192,5.717751,6.791415,8.652204,11.535045,13.673785,18.240105
1984-04-28,7.279753,Test,0.563950,1.763092,2.340149,3.659258,5.011154,5.758070,6.762049,8.565397,11.179125,13.475211,18.173098
1984-04-29,7.033578,Test,0.625922,1.895602,2.469117,3.858782,5.271693,6.032080,7.064110,8.914610,11.672693,14.141392,19.281214
1984-04-30,6.576395,Test,0.724223,2.083487,2.698111,4.130195,5.550747,6.367517,7.492804,9.355651,12.231658,14.604419,19.515425
1984-05-01,6.752234,Test,1.232266,2.926412,3.572444,5.466111,6.972077,8.061494,9.352917,11.238720,14.395991,17.939325,22.963158
1984-05-02,8.897476,Test,1.091342,3.060877,3.686877,6.015811,7.911613,9.284398,10.878975,13.513414,18.212107,23.125067,31.458490
1984-05-03,8.018278,Test,0.941101,2.643622,3.287613,5.123138,6.837431,7.992854,9.423873,11.802252,15.825023,19.669191,26.618113
1984-05-04,7.279753,Test,1.272399,3.196886,3.849714,5.871672,7.605980,8.673910,10.045852,12.162109,15.648108,19.484730,25.567755
1984-05-05,7.525928,Test,1.191386,3.157657,3.880294,5.930071,7.906979,8.890733,10.316600,12.614277,16.473167,20.485504,27.816465
1984-05-06,7.525928,Test,1.354835,3.281966,4.144746,6.068260,7.888442,8.923318,10.362468,12.473006,15.938009,19.314308,24.915293
1984-05-07,7.033578,Test,1.539369,3.519800,4.427592,6.307439,8.088810,9.026012,10.402410,12.270810,15.287681,18.233362,23.056705
1984-05-08,6.576395,Test,1.428008,3.323461,4.234762,5.994580,7.740892,8.549732,9.881860,11.704372,14.517151,16.955444,21.514624
1984-05-09,6.119212,Test,1.530280,3.443082,4.340618,6.075696,7.760354,8.537668,9.846925,11.509327,14.094980,16.285677,20.363932
1984-05-10,5.697198,Test,1.552357,3.447987,4.317525,6.025032,7.649653,8.405293,9.680552,11.239911,13.674959,15.684726,19.474007
1984-05-11,5.275183,Test,1.540248,3.394566,4.242307,5.927346,7.511708,8.268174,9.522637,11.023041,13.388507,15.291240,18.874289
1984-05-12,4.888336,Test,1.575674,3.436808,4.282652,5.973481,7.537704,8.303463,9.545771,11.004519,13.320296,15.176312,18.608559
1984-05-13,4.712497,Test,1.581592,3.486115,4.261837,5.988814,7.560462,8.291372,9.531766,10.947783,13.258290,15.305725,18.896751
1984-05-14,4.712497,Test,1.638847,3.621035,4.408789,6.221578,7.792068,8.569010,9.825267,11.277910,13.657137,15.880195,19.569220
1984-05-15,4.712497,Test,1.646494,3.599591,4.437121,6.254601,7.749842,8.629107,9.887538,11.363590,13.760030,15.891754,19.378035
1984-05-16,4.712497,Test,1.615876,3.578679,4.406382,6.239658,7.794536,8.633956,9.899750,11.400476,13.862595,16.103062,19.793631
1984-05-17,5.099344,Test,1.502645,3.565718,4.394621,6.640943,8.419049,9.623149,11.039708,13.184450,16.799858,20.814375,27.151033
1984-05-18,5.486191,Test,1.491987,4.024173,4.892116,7.677199,9.898666,11.288139,13.081918,15.825352,20.868908,25.774582,34.885715
1984-05-19,5.697198,Test,1.771223,4.398200,5.368307,8.176122,10.434918,11.699868,13.438649,16.070444,20.588057,25.278322,32.961716
1984-05-20,5.697198,Test,1.550017,3.987307,4.913444,7.561154,9.828563,11.018210,12.691869,15.295534,19.839806,24.616495,32.621723
1984-05-21,5.486191,Test,1.484430,3.831064,4.637932,7.208069,9.273695,10.519949,12.162502,14.679535,19.140566,23.782734,31.456964
1984-05-22,5.486191,Test,1.610405,4.042370,5.034075,7.545702,9.704141,10.889849,12.621900,15.139001,19.419903,23.813894,30.704149
1984-05-23,5.486191,Test,1.681971,4.110345,4.996714,7.474185,9.564499,10.629299,12.261220,14.571977,18.565052,22.957830,29.695099
1984-05-24,5.697198,Test,1.362970,3.503479,4.441465,6.622302,8.780002,9.757526,11.327843,13.677909,17.739401,21.796329,28.748634
1984-05-25,5.697198,Test,1.478059,3.523771,4.544696,6.552220,8.575714,9.517447,11.030317,13.183800,16.749897,20.079670,25.577284
1984-05-26,5.486191,Test,1.704461,3.968511,4.919240,7.067550,9.126895,9.924367,11.409682,13.372139,16.658876,20.091719,25.668905
1984-05-27,5.275183,Test,1.745715,3.915245,4.980397,7.032798,8.940922,9.859286,11.319180,13.238900,16.353664,19.330769,23.994028
1984-05-28,4.888336,Test,1.829448,4.103878,5.099993,7.184763,9.120632,9.935373,11.414100,13.202883,16.196947,19.105488,23.764111
1984-05-29,4.712497,Test,1.403272,3.374857,4.315478,6.188675,8.095013,8.807425,10.221293,12.144892,15.208250,17.786058,22.583637
1984-05-30,4.536658,Test,1.277515,3.100028,4.040164,5.817962,7.586632,8.337969,9.712534,11.624029,14.531487,16.761305,20.875393
1984-05-31,4.149811,Test,1.351288,3.268197,4.170498,6.003868,7.857200,8.517357,9.900522,11.750714,14.643806,16.916924,21.274702
1984-06-01,3.973971,Test,1.646254,3.777998,4.690899,6.711879,8.710284,9.354866,10.751109,12.541909,15.548884,18.315386,23.226042
1984-06-02,4.536658,Test,1.605391,3.803866,4.705351,7.123662,9.128973,10.156316,11.773341,13.901044,17.882170,22.207235,28.755196
1984-06-03,6.189548,Test,1.419596,4.024735,4.808602,8.049866,10.523724,12.272456,14.331069,17.754936,23.884775,30.186611,41.425682
1984-06-04,8.299622,Test,1.487059,4.425532,5.422559,8.892284,12.173399,13.720172,16.280329,20.134140,27.558144,34.510250,48.616184
1984-06-05,8.791972,Test,1.692259,4.238235,5.405966,8.033079,10.439165,11.723383,13.693083,16.418707,21.247545,25.820488,33.251858
1984-06-06,8.264454,Test,1.737922,4.207161,5.341371,7.763282,10.066722,11.078597,12.811356,15.124673,19.174059,23.067886,29.532471
1984-06-07,7.772103,Test,1.595328,3.825567,4.921813,7.067678,9.200781,10.072546,11.661461,13.782003,17.361090,20.556152,26.163902
1984-06-08,7.279753,Test,1.328991,3.262254,4.278235,6.214677,8.151275,8.973471,10.490692,12.563236,15.860380,18.524761,23.258472
1984-06-09,6.822570,Test,1.103981,2.846323,3.725631,5.461298,7.118892,7.897918,9.290742,11.180645,14.069831,16.307692,20.349255
1984-06-10,6.119212,Test,0.896185,2.488394,3.312053,5.002452,6.552609,7.335037,8.669117,10.591112,13.452850,15.481769,19.117334
1984-06-11,5.486191,Test,0.766917,2.244081,2.946848,4.472703,5.813995,6.554826,7.765522,9.483881,12.003922,13.773040,17.093294
1984-06-12,4.888336,Test,0.698085,2.113799,2.787542,4.276419,5.571836,6.302890,7.471998,9.173091,11.649172,13.321216,16.509699
1984-06-13,4.712497,Test,0.619706,1.985303,2.642506,4.118712,5.377582,6.111029,7.251625,8.971385,11.464228,13.052686,16.112152
1984-06-14,4.360818,Test,0.488663,1.751104,2.353913,3.759296,4.926486,5.656052,6.731334,8.432096,10.881950,12.393442,15.364648
1984-06-15,3.833300,Test,0.443467,1.669513,2.265709,3.659414,4.809142,5.539527,6.597202,8.314691,10.791675,12.272312,15.201469
1984-06-16,3.657460,Test,0.439877,1.647159,2.242425,3.620349,4.770646,5.495839,6.546942,8.257079,10.734682,12.205245,15.119567
1984-06-17,4.079475,Test,0.419929,1.625257,2.207528,3.583146,4.745110,5.453482,6.507881,8.209915,10.716348,12.194379,15.161401
1984-06-18,3.340949,Test,0.266970,1.406467,1.921387,3.295122,4.487801,5.119650,6.215351,7.934780,10.709337,12.696184,16.345667
1984-06-19,10.480031,Test,0.166784,1.169475,1.702874,3.106095,4.356303,5.046125,6.225727,8.161323,11.640090,14.543889,19.380627
1984-06-20,14.278162,Test,0.008731,0.945064,1.421574,2.861896,4.117919,4.942675,6.178389,8.392563,12.690457,16.391294,23.217016
1984-06-21,6.822570,Test,0.013437,0.917775,1.387075,2.615302,3.690083,4.513248,5.608368,7.652764,11.286384,14.035044,19.499645
1984-06-22,5.134512,Test,0.043287,0.861256,1.286216,2.283551,3.142745,3.899288,4.787129,6.488152,9.237990,11.228989,15.299176
1984-06-23,4.009139,Test,-0.166390,0.360772,0.611797,1.185684,1.635449,2.184497,2.721200,3.916051,5.740706,6.905189,9.950469
1984-06-24,3.340949,Test,-0.149826,0.385546,0.626183,1.197987,1.625373,2.156719,2.695893,3.858886,5.562582,6.608436,9.336191
1984-06-25,2.883767,Test,-0.172583,0.309389,0.517112,1.012028,1.370850,1.846822,2.324058,3.368664,4.854453,5.721672,8.163770
1984-06-26,2.743095,Test,-0.245325,0.213777,0.355113,0.822756,1.135376,1.525505,1.953100,2.893141,4.317431,5.293924,8.004690
1984-06-27,2.743095,Test,-0.234159,0.237008,0.396792,0.860489,1.211691,1.628052,2.073899,3.092899,4.678916,5.743388,8.827417
1984-06-28,2.743095,Test,-0.228811,0.225740,0.390556,0.827481,1.156370,1.575636,2.011052,3.009017,4.546160,5.547208,8.457319
1984-06-29,2.918935,Test,-0.208658,0.255522,0.453392,0.922234,1.278971,1.738466,2.203341,3.256173,4.855677,5.863079,8.704067
1984-06-30,2.461752,Test,-0.208495,0.289102,0.476538,0.983230,1.365218,1.819887,2.310312,3.379353,5.017137,6.079803,8.998158
1984-07-01,2.321081,Training,-0.070600,0.487320,0.701293,1.272606,1.773387,2.257404,2.826094,3.981954,5.744726,6.929905,10.027615
1984-07-02,2.074905,Training,-0.104374,0.391236,0.614999,1.124889,1.538970,2.025739,2.546457,3.642624,5.241650,6.221516,8.867812
1984-07-03,1.969402,Training,-0.154814,0.322966,0.534971,1.028344,1.400570,1.874521,2.369090,3.424727,4.946908,5.839745,8.308114
1984-07-04,1.758394,Training,-0.192722,0.272892,0.475295,0.959073,1.304179,1.767522,2.238104,3.265667,4.733861,5.565957,7.938906
1984-07-05,1.547387,Training,-0.206587,0.242789,0.435018,0.902456,1.227039,1.673309,2.125688,3.123568,4.530864,5.309116,7.577602
1984-07-06,1.547387,Training,-0.230589,0.177624,0.353585,0.775859,1.062319,1.473292,1.889500,2.840679,4.183115,4.944037,7.149548
1984-07-07,1.441883,Training,-0.215336,0.186006,0.356985,0.766266,1.055079,1.456312,1.869018,2.798609,4.105406,4.839710,6.994705
1984-07-08,1.336380,Training,-0.183135,0.201930,0.365922,0.739744,1.025226,1.408659,1.802628,2.678658,3.879243,4.537093,6.588073
1984-07-09,1.336380,Training,-0.175307,0.154011,0.283422,0.552565,0.786243,1.108178,1.419492,2.119717,3.034454,3.507884,5.355922
1984-07-10,1.336380,Training,-0.229927,0.102892,0.200785,0.486962,0.712515,0.999451,1.290991,1.970331,2.898523,3.494707,5.567332
1984-07-11,1.336380,Training,-0.183578,0.178216,0.315554,0.619594,0.901043,1.243708,1.576864,2.365417,3.511843,4.197912,6.611291
1984-07-12,1.230876,Training,-0.180697,0.155688,0.306674,0.593703,0.851569,1.202370,1.528867,2.307060,3.399315,4.028938,6.227095
1984-07-13,1.160540,Training,-0.237891,0.114828,0.276674,0.605060,0.865307,1.238172,1.575479,2.399449,3.566514,4.219818,6.439404
1984-07-14,1.055037,Training,-0.269339,0.058503,0.201360,0.495563,0.713048,1.052292,1.359656,2.138098,3.241103,3.880069,6.028891
1984-07-15,0.738526,Training,-0.274171,0.012969,0.123282,0.335616,0.507755,0.788106,1.026068,1.643402,2.465998,2.922527,4.816396
1984-07-16,0.457183,Training,-0.275599,0.000306,0.101353,0.296353,0.459149,0.724553,0.946667,1.523745,2.278080,2.688898,4.504686
1984-07-17,0.457183,Training,-0.264180,0.012091,0.115217,0.316166,0.487216,0.758283,0.986699,1.569179,2.326920,2.723830,4.507999
1984-07-18,0.457183,Training,-0.274929,-0.005957,0.090202,0.277547,0.435835,0.692923,0.909441,1.469859,2.193832,2.580372,4.337735
1984-07-19,0.457183,Training,-0.261914,0.016576,0.120638,0.322778,0.494854,0.765904,0.999826,1.586978,2.349229,2.741816,4.507454
1984-07-20,0.457183,Training,-0.237463,0.019226,0.117495,0.299752,0.474269,0.732762,0.952346,1.506512,2.221401,2.594523,4.318973
1984-07-21,0.457183,Training,-0.254287,-0.002200,0.090618,0.266280,0.430330,0.681508,0.890344,1.425985,2.112986,2.465572,4.152276
1984-07-22,0.457183,Training,-0.273231,-0.021698,0.068268,0.242821,0.399130,0.646752,0.848612,1.375478,2.049017,2.388380,4.058834
1984-07-23,0.457183,Training,-0.279742,-0.022978,0.066469,0.246021,0.404952,0.653432,0.858086,1.390728,2.079996,2.427969,4.129438
1984-07-24,0.457183,Training,-0.236202,0.018673,0.119307,0.303367,0.483520,0.743692,0.967938,1.529877,2.260646,2.635480,4.366896
1984-07-25,0.457183,Training,-0.219213,0.041550,0.148314,0.344043,0.537401,0.807814,1.047669,1.633464,2.398359,2.783290,4.527977
1984-07-26,0.457183,Training,-0.248362,0.020934,0.128682,0.337776,0.526795,0.804297,1.046701,1.643639,2.428776,2.804547,4.535314
1984-07-27,0.457183,Training,-0.272746,0.002047,0.111302,0.333346,0.520034,0.802953,1.047376,1.661060,2.476407,2.861144,4.611479
1984-07-28,0.457183,Training,-0.301217,-0.039681,0.060388,0.267896,0.433212,0.695270,0.922880,1.528553,2.344304,2.780739,4.581613
1984-07-29,0.457183,Training,-0.298029,-0.098887,-0.050217,0.044010,0.157048,0.322399,0.440334,0.798520,1.227722,1.499721,3.027423
1984-07-30,0.457183,Training,-0.283331,-0.076745,-0.046461,0.047127,0.173661,0.323169,0.436746,0.779747,1.212398,1.521859,3.140450
1984-07-31,0.457183,Training,-0.225965,-0.049294,-0.003894,0.069417,0.203128,0.358986,0.477106,0.829278,1.268147,1.582895,3.186963
1984-08-01,0.457183,Training,-0.242040,-0.071025,-0.024414,0.046759,0.170878,0.327361,0.439952,0.782362,1.201481,1.493112,3.027046
1984-08-02,0.281343,Training,-0.275770,-0.096370,-0.047596,0.031549,0.152249,0.313246,0.425118,0.773755,1.207184,1.495074,3.043880
1984-08-03,0.140672,Training,-0.227956,-0.058065,-0.005128,0.068708,0.203032,0.366885,0.490557,0.851645,1.303944,1.610192,3.188954
1984-08-04,0.140672,Training,-0.204299,-0.038963,0.014083,0.085466,0.225323,0.390093,0.518476,0.883010,1.340178,1.648972,3.233211
1984-08-05,0.140672,Training,-0.224707,-0.057996,-0.008067,0.063702,0.196712,0.359374,0.483299,0.839146,1.283089,1.577415,3.125561
1984-08-06,0.140672,Training,-0.240359,-0.072341,-0.024750,0.047043,0.175561,0.336142,0.455951,0.805402,1.241286,1.528320,3.062318
1984-08-07,0.140672,Training,-0.255241,-0.085833,-0.040383,0.031337,0.155925,0.314251,0.429510,0.773016,1.201469,1.483080,3.010084
1984-08-08,0.140672,Training,-0.258161,-0.091035,-0.047570,0.021490,0.144726,0.299698,0.411352,0.748997,1.170130,1.451251,2.976709
1984-08-09,0.140672,Training,-0.230243,-0.071104,-0.026443,0.037439,0.167889,0.321944,0.437640,0.778801,1.205878,1.498996,3.043278
1984-08-10,0.140672,Training,-0.229003,-0.072002,-0.028776,0.033078,0.163260,0.315407,0.430076,0.767998,1.191753,1.484295,3.026096
1984-08-11,0.140672,Training,-0.245019,-0.086559,-0.045013,0.017321,0.143818,0.294750,0.405823,0.738361,1.157136,1.442588,2.972178
1984-08-12,0.140672,Training,-0.258629,-0.099763,-0.060650,0.000789,0.123719,0.271534,0.377725,0.703108,1.113588,1.394811,2.918420
1984-08-13,0.140672,Training,-0.264939,-0.107791,-0.071833,-0.013071,0.107813,0.250836,0.352009,0.669229,1.069891,1.350682,2.873605
1984-08-14,0.140672,Training,-0.257714,-0.105256,-0.069625,-0.014105,0.108540,0.249676,0.350348,0.666324,1.066408,1.352393,2.881143
1984-08-15,0.140672,Training,-0.257365,-0.106966,-0.071825,-0.017526,0.105976,0.246194,0.346696,0.662251,1.064021,1.352979,2.887105
1984-08-16,0.140672,Training,-0.250623,-0.103704,-0.068599,-0.015597,0.110801,0.250883,0.353272,0.671832,1.080942,1.378036,2.925576
1984-08-17,0.140672,Training,-0.261477,-0.117307,-0.091223,-0.042107,0.078378,0.207594,0.301083,0.606721,0.999136,1.305525,2.856766
1984-08-18,0.140672,Training,-0.270728,-0.128278,-0.108353,-0.067387,0.045372,0.162532,0.241408,0.512527,0.852826,1.125193,2.610876
1984-08-19,0.140672,Training,-0.271578,-0.131891,-0.115330,-0.077550,0.034826,0.146272,0.220442,0.483117,0.812958,1.086509,2.571718
1984-08-20,0.140672,Training,-0.249967,-0.119329,-0.103631,-0.071653,0.044694,0.153271,0.227986,0.489754,0.819051,1.102618,2.594866
1984-08-21,0.140672,Training,-0.213129,-0.075175,-0.073847,-0.038967,0.098168,0.197240,0.278908,0.550952,0.903621,1.230427,2.849461
1984-08-22,0.140672,Training,-0.200561,-0.049526,-0.031247,-0.000122,0.184966,0.270766,0.337883,0.641035,1.091846,1.709081,4.265448
1984-08-23,0.140672,Training,-0.322047,-0.122178,-0.085000,-0.046618,0.145086,0.252376,0.330096,0.682872,1.316618,1.974173,5.113585
1984-08-24,0.140672,Training,-0.285677,-0.118966,-0.081030,-0.056332,0.112892,0.214991,0.289619,0.613340,1.133070,1.711005,4.235918
1984-08-25,0.140672,Training,-0.295669,-0.158572,-0.124793,-0.098950,0.041056,0.142057,0.206511,0.497748,0.926220,1.384616,3.434840
1984-08-26,0.140672,Training,-0.280648,-0.149662,-0.126979,-0.099896,0.032794,0.131333,0.200339,0.479904,0.873753,1.279851,3.133420
1984-08-27,0.140672,Training,-0.264420,-0.139869,-0.123909,-0.098471,0.031909,0.128182,0.200970,0.473534,0.848295,1.226427,2.978161
1984-08-28,0.140672,Training,-0.254562,-0.135178,-0.125908,-0.102884,0.024967,0.117009,0.189845,0.451867,0.805200,1.161275,2.836294
1984-08-29,0.140672,Training,-0.253883,-0.137531,-0.133412,-0.112269,0.012829,0.100492,0.171070,0.422314,0.757127,1.097603,2.721297
1984-08-30,0.140672,Training,-0.267664,-0.149819,-0.149172,-0.127585,-0.006402,0.077942,0.144898,0.386197,0.705987,1.031903,2.620028
1984-08-31,0.140672,Training,-0.283347,-0.163007,-0.164525,-0.142054,-0.023882,0.057055,0.120456,0.353348,0.660580,0.975820,2.545653
1984-09-01,0.140672,Training,-0.289744,-0.169535,-0.172499,-0.150500,-0.033079,0.044486,0.105625,0.332925,0.631773,0.943205,2.507023
1984-09-02,0.211007,Training,-0.248879,-0.142385,-0.148537,-0.134466,-0.010469,0.063643,0.127207,0.355218,0.656105,0.982876,2.550433
1984-09-03,0.281343,Training,-0.237323,-0.136205,-0.144241,-0.133160,-0.007618,0.064058,0.127724,0.352663,0.649312,0.976346,2.534075
1984-09-04,0.281343,Training,-0.219842,-0.125576,-0.135835,-0.128663,-0.000546,0.068307,0.132433,0.354343,0.646937,0.975763,2.525978
1984-09-05,0.281343,Training,-0.196414,-0.109893,-0.122232,-0.119331,0.012987,0.079579,0.144798,0.365730,0.658759,0.994280,2.553314
1984-09-06,0.281343,Training,-0.174967,-0.094583,-0.108735,-0.108933,0.028094,0.094355,0.161581,0.383622,0.683586,1.027253,2.604987
1984-09-07,0.281343,Training,-0.195720,-0.112180,-0.124514,-0.121884,0.013521,0.082163,0.150108,0.374998,0.680331,1.023971,2.598447
1984-09-08,0.281343,Training,-0.235744,-0.144975,-0.156167,-0.147848,-0.015470,0.053870,0.121445,0.348739,0.660754,1.012602,2.593587
1984-09-09,0.281343,Training,-0.205415,-0.122061,-0.141898,-0.139968,-0.009056,0.046832,0.107290,0.313150,0.588080,0.930988,2.479508
1984-09-10,0.281343,Training,-0.196012,-0.115704,-0.130956,-0.132099,0.000184,0.063431,0.124482,0.332823,0.610609,0.934262,2.455216
1984-09-11,0.281343,Training,-0.176223,-0.102431,-0.123537,-0.129471,0.002410,0.055906,0.112012,0.305860,0.559866,0.876223,2.370894
1984-09-12,0.281343,Training,-0.186268,-0.110959,-0.132841,-0.138173,-0.009061,0.041591,0.094607,0.282544,0.525549,0.831674,2.302387
1984-09-13,0.281343,Training,-0.201728,-0.123037,-0.144908,-0.148438,-0.021225,0.028772,0.080412,0.265991,0.506006,0.807160,2.270849
1984-09-14,0.281343,Training,-0.189398,-0.115284,-0.138277,-0.144209,-0.014835,0.033186,0.085147,0.270231,0.509369,0.815347,2.285407
1984-09-15,0.281343,Training,-0.193607,-0.119291,-0.142795,-0.148587,-0.019656,0.027278,0.078541,0.261834,0.498597,0.802723,2.269326
1984-09-16,0.281343,Training,-0.173378,-0.105916,-0.131326,-0.140699,-0.008705,0.035434,0.087280,0.269298,0.504327,0.814557,2.287771
1984-09-17,0.281343,Training,-0.159036,-0.096543,-0.123582,-0.135513,-0.001389,0.040756,0.092879,0.273549,0.507219,0.821076,2.298524
1984-09-18,0.281343,Training,-0.123711,-0.070835,-0.101039,-0.118118,0.021716,0.062120,0.115903,0.296321,0.534630,0.858812,2.359128
1984-09-19,0.281343,Training,-0.129944,-0.076319,-0.106607,-0.123115,0.015568,0.056147,0.109928,0.289754,0.526631,0.847881,2.340498
1984-09-20,0.281343,Training,-0.157220,-0.097281,-0.125822,-0.138669,-0.004076,0.038067,0.091246,0.270972,0.505792,0.818822,2.293962
1984-09-21,0.281343,Training,-0.124849,-0.073527,-0.104086,-0.121546,0.018724,0.060557,0.115744,0.297502,0.539787,0.864314,2.366920
1984-09-22,0.281343,Training,-0.134103,-0.081019,-0.110647,-0.127009,0.011857,0.055358,0.110780,0.293925,0.537192,0.858881,2.355524
1984-09-23,0.281343,Training,-0.124084,-0.054431,-0.103500,-0.112174,0.043768,0.079892,0.135748,0.328326,0.593100,0.948210,2.574226
1984-09-24,0.281343,Training,-0.060008,-0.018651,-0.054589,-0.073838,0.082512,0.133342,0.195632,0.387305,0.679668,1.039457,2.645542
1984-09-25,0.281343,Training,-0.061608,-0.023572,-0.060818,-0.082490,0.071263,0.117826,0.178849,0.365091,0.642516,0.994645,2.577717
1984-09-26,0.281343,Training,-0.112956,-0.067998,-0.098967,-0.119093,0.026467,0.068149,0.125073,0.311924,0.565633,0.903887,2.449898
1984-09-27,0.281343,Training,-0.132853,-0.084318,-0.113208,-0.130899,0.010522,0.055238,0.112303,0.300007,0.550747,0.880086,2.397729
1984-09-28,0.281343,Training,-0.082352,-0.039530,-0.069680,-0.087343,0.132063,0.172347,0.237994,0.473979,0.869235,1.469373,3.864716
1984-09-29,0.281343,Training,-0.169990,-0.075777,-0.071692,-0.078376,0.123234,0.191660,0.257014,0.525056,1.024339,1.634250,4.301866
1984-09-30,0.281343,Training,-0.145938,-0.053490,-0.085191,-0.091762,0.112110,0.153267,0.216854,0.468847,0.890674,1.461553,3.859803
1984-10-01,0.422015,Training,-0.179124,-0.100611,-0.129899,-0.134073,0.085334,0.130452,0.187156,0.464226,0.941721,1.588490,4.317487
1984-10-02,0.422015,Training,-0.297378,-0.085702,-0.093031,-0.069550,0.275650,0.401821,0.509592,1.001541,2.290217,3.754687,10.590970
1984-10-03,0.597854,Training,-0.373549,0.015355,0.013494,0.131153,0.657494,0.936071,1.212546,2.275015,5.452353,8.230059,23.007681
1984-10-04,0.984701,Training,-0.310567,0.287528,0.341694,0.461761,1.369725,1.700694,2.178388,3.934760,9.204523,13.907325,40.561958
1984-10-05,1.406716,Training,-0.277478,0.379046,0.578410,0.960990,1.893234,2.424220,3.478956,5.789805,13.064889,18.003153,37.842663
1984-10-06,1.406716,Training,-0.175739,0.246620,0.413167,0.650649,1.181308,1.565110,2.175988,3.423821,6.910563,9.439225,17.356462
1984-10-07,1.406716,Training,-0.154948,0.142356,0.269644,0.397677,0.809086,1.072164,1.490028,2.322456,4.551065,6.361636,11.498412
1984-10-08,1.406716,Training,-0.208983,0.029421,0.146516,0.272501,0.643074,0.875237,1.251830,2.024838,3.869468,5.351140,9.458411
1984-10-09,1.406716,Training,-0.244114,-0.040451,0.078165,0.216458,0.544310,0.780993,1.138262,1.896851,3.461869,4.657918,7.970271
1984-10-10,1.406716,Training,-0.270702,-0.081983,0.032657,0.197723,0.504013,0.751947,1.102746,1.860926,3.268470,4.285723,7.085017
1984-10-11,1.406716,Training,-0.268922,-0.062862,0.059081,0.287936,0.623266,0.901056,1.300365,2.136141,3.595492,4.559697,7.125892
1984-10-12,1.406716,Training,-0.228824,-0.035558,0.066915,0.272893,0.585456,0.858615,1.220070,1.981665,3.252156,4.038521,6.394874
1984-10-13,1.406716,Training,-0.243893,-0.075462,0.012573,0.186721,0.465972,0.716486,1.027994,1.717262,2.828130,3.530545,5.710949
1984-10-14,1.406716,Training,-0.244328,-0.092602,-0.015483,0.138476,0.400122,0.635870,0.914614,1.554440,2.565292,3.217630,5.292835
1984-10-15,1.336380,Training,-0.248236,-0.080804,0.009623,0.197331,0.479544,0.734527,1.041230,1.736581,2.807791,3.464048,5.491427
1984-10-16,1.230876,Training,-0.202673,0.018810,0.141988,0.427249,0.794780,1.100641,1.509917,2.360389,3.663461,4.391841,6.462385
1984-10-17,1.230876,Training,-0.178661,0.067846,0.202247,0.524913,0.924881,1.253237,1.693060,2.585056,3.931813,4.627235,6.703153
1984-10-18,1.230876,Training,-0.185831,0.082529,0.252885,0.690575,1.344494,1.735731,2.327684,3.553591,5.842173,7.599593,11.584788
1984-10-19,1.230876,Training,-0.657321,-0.417522,-0.257537,0.002614,0.499405,0.964375,1.299358,2.704155,7.248302,11.384249,27.701241
1984-10-20,12.941783,Training,-0.350101,0.122925,0.454068,1.165437,2.062796,2.842202,3.949340,6.137331,12.208100,16.071100,27.595411
1984-10-21,6.541227,Training,-0.214124,0.155845,0.382075,0.861110,1.497347,2.017391,2.714026,4.089541,7.232460,9.389410,14.780834
1984-10-22,2.602424,Training,-0.235435,0.030510,0.200095,0.516180,0.978326,1.356500,1.823051,2.856693,4.902359,6.242071,9.948759
1984-10-23,1.934234,Training,-0.246746,-0.058034,0.058350,0.254349,0.573398,0.869927,1.182742,1.956280,3.275308,4.074629,6.712852
1984-10-24,1.828730,Training,-0.196843,-0.050971,0.035435,0.152589,0.400889,0.650315,0.885668,1.486903,2.438968,3.003698,5.229402
1984-10-25,1.828730,Training,-0.164374,-0.027787,-0.006680,0.099798,0.367856,0.570937,0.769702,1.323917,2.252882,2.913786,5.468915
1984-10-26,1.828730,Training,-0.173325,-0.010227,-0.003449,0.118413,0.410928,0.633252,0.839446,1.415070,2.630712,3.639300,7.189639
1984-10-27,1.828730,Training,-0.289294,-0.117611,-0.100977,-0.056791,0.196461,0.343932,0.478985,0.984834,2.028971,2.990228,7.133419
1984-10-28,2.004570,Training,-0.186441,-0.084231,-0.037312,-0.027438,0.195409,0.342971,0.480758,0.922030,1.769281,2.545091,5.580368
1984-10-29,2.039737,Training,-0.188666,-0.084503,-0.033757,-0.001369,0.228372,0.393948,0.549568,1.022281,1.916005,2.676733,5.524185
1984-10-30,2.039737,Training,-0.146440,-0.041274,-0.001598,0.051230,0.279906,0.460547,0.636559,1.114252,1.992039,2.676650,5.209739
1984-10-31,2.039737,Training,-0.143873,-0.028673,-0.014636,0.045153,0.271958,0.438535,0.615301,1.080238,1.894806,2.512116,4.893771
1984-11-01,2.039737,Training,-0.139158,-0.018221,-0.024948,0.059884,0.319058,0.496700,0.679554,1.195000,2.134204,2.887454,5.646806
1984-11-02,3.059606,Training,-0.211356,0.004937,0.021721,0.215893,0.553321,0.841830,1.129386,1.868323,3.567425,4.938582,9.404297
1984-11-03,3.938803,Training,-0.136777,0.107695,0.191884,0.463019,0.781280,1.182596,1.573353,2.397634,4.210524,5.371610,9.170244
1984-11-04,3.587125,Training,-0.302896,-0.003880,0.060224,0.396790,0.843850,1.311250,1.789922,2.959793,5.908347,8.168285,15.010399
1984-11-05,3.762964,Training,-0.192757,0.364963,0.573923,1.298066,2.086386,2.819908,3.861333,5.731452,10.487906,13.432475,21.941006
1984-11-06,4.818001,Training,-0.301576,0.157293,0.291750,0.859726,1.580710,2.246078,3.065901,4.955957,9.899043,13.409838,23.079458
1984-11-07,7.385256,Training,-0.367897,0.288474,0.463392,1.192620,2.193898,3.349548,4.398633,7.686620,17.512611,23.182446,46.903660
1984-11-08,17.021258,Training,0.312696,1.767586,2.321341,4.409436,6.929910,8.435939,11.594589,17.063349,30.143959,38.439445,58.365852
1984-11-09,23.316310,Training,0.126633,1.196827,1.643633,3.243999,5.178708,6.436876,8.712513,13.173335,23.901829,31.142790,47.071217
1984-11-10,24.828529,Training,0.542173,1.815097,2.624537,4.641202,6.725102,8.106836,10.803205,14.909644,23.547930,29.127645,38.528130
1984-11-11,17.443272,Training,0.812749,2.150449,3.110920,5.286962,7.500126,8.751522,11.030728,14.564872,21.203310,25.856697,32.361885
1984-11-12,15.825550,Training,1.391105,3.440437,4.793225,8.507236,11.739727,13.758752,17.047462,22.183451,31.743689,39.455673,51.896152
1984-11-13,21.346908,Training,3.022439,6.540880,8.825534,13.998505,17.855886,20.508486,24.103367,29.859463,39.448490,46.011208,58.492653
1984-11-14,18.638981,Training,1.677267,3.761492,4.956713,8.183113,10.799629,12.457108,14.919889,18.647198,25.321175,29.834497,37.390656
1984-11-15,20.291871,Training,-0.042591,1.115101,2.078033,4.532062,7.275671,9.895204,13.108823,20.218462,39.508064,52.733185,81.542648
1984-11-16,81.659836,Training,14.963645,28.262005,34.853035,44.258976,50.785362,54.148945,59.772610,67.617393,83.948807,93.078598,116.560867
1984-11-17,45.085232,Training,14.008754,24.785244,30.602516,37.800991,42.155441,44.757160,48.074406,53.549198,64.151512,69.958229,85.506142
1984-11-18,53.912372,Training,23.395874,38.799622,47.249203,54.613075,60.250801,62.517487,67.728310,73.337051,91.661354,100.673996,121.595268
1984-11-19,81.765339,Training,29.484959,50.604076,58.312038,64.534439,70.464668,70.944992,75.063019,80.311157,98.729561,106.775398,130.430496
1984-11-20,55.705934,Training,24.380672,39.722824,46.449902,51.595085,55.469860,56.164043,58.563675,62.041599,73.761749,78.893356,95.730011
1984-11-21,46.702955,Training,18.296766,29.886551,35.920822,41.231686,46.441917,46.399094,49.763947,53.412975,65.317230,70.243011,89.146378
1984-11-22,46.702955,Training,15.111578,25.380087,31.273937,37.120972,43.045658,43.367508,47.523594,52.081661,64.686974,69.357903,90.620995
1984-11-23,39.212195,Training,11.798373,20.132423,24.794483,30.234940,35.124763,35.910675,38.819920,42.775021,51.961342,55.955132,72.029388
1984-11-24,36.996618,Training,13.400005,21.664801,27.175320,32.524162,37.840244,38.595333,43.042587,46.744808,59.033928,64.737335,83.036018
1984-11-25,36.996618,Training,15.860341,26.856514,33.131752,39.896912,45.874855,47.653637,52.708450,57.614304,73.987999,81.519524,104.372887
1984-11-26,33.268822,Training,11.186296,19.813782,24.653639,30.867228,35.439785,37.405910,40.627853,45.571732,55.824776,61.474396,77.228622
1984-11-27,28.626661,Training,9.049842,15.158785,19.352484,24.717623,27.460705,30.017391,32.190063,35.867256,42.242420,45.038857,54.374855
1984-11-28,25.989069,Training,5.833605,10.189064,13.236304,17.608168,20.283516,22.302032,24.297789,27.449156,32.324680,34.642883,40.932259
1984-11-29,24.019667,Training,6.448774,11.336820,14.046121,18.675520,21.509531,22.732975,24.970104,27.953445,33.266392,36.248787,43.762947
1984-11-30,38.121990,Training,7.963415,14.800839,19.849909,27.196873,32.443787,36.076748,40.755768,46.707275,60.582920,69.871613,91.176430
1984-12-01,52.962839,Training,15.861381,27.045969,33.525166,41.415192,46.780430,50.343979,53.976639,60.166607,75.461739,83.417809,108.177376
1984-12-02,44.522546,Training,13.775781,23.635958,29.105473,36.250935,40.564747,43.062302,46.249855,51.583771,63.307472,69.584198,86.429749
1984-12-03,43.186166,Training,14.984006,26.344442,32.187706,38.679592,43.944725,45.335281,48.777393,53.886616,65.718307,72.667595,90.160072
1984-12-04,37.946151,Training,8.516411,14.858311,19.222805,24.730419,28.288576,30.549683,33.082115,37.499813,44.534416,48.732128,58.358166
1984-12-05,33.057815,Training,9.335143,16.218458,19.958763,25.483070,28.732018,30.083593,32.523647,36.138824,42.699158,46.642445,56.747715
1984-12-06,33.374326,Training,10.976817,18.693254,23.360420,29.322359,33.671257,35.054184,38.797707,43.010628,53.296314,59.698929,74.409431
1984-12-07,29.681697,Training,8.233090,14.481522,18.759357,24.456507,28.087133,30.492874,33.229469,37.974884,45.758869,50.484921,61.424911
1984-12-08,26.516587,Training,7.004704,12.083556,15.583160,20.481195,23.393057,25.515476,27.608564,31.235489,36.731544,39.660957,47.428448
1984-12-09,24.019667,Training,7.860991,13.145827,16.650343,21.257824,23.828878,25.854681,27.635328,30.571285,35.003593,36.924709,43.960606
1984-12-10,22.155769,Training,5.818245,9.866795,12.628307,16.641932,19.048609,21.013470,22.675041,25.225269,28.947428,30.280561,35.456970
1984-12-11,20.784222,Training,4.885896,8.421691,10.794522,14.459370,16.799913,18.610043,20.226954,22.617455,26.001104,27.025526,31.306208
1984-12-12,19.483010,Training,5.264115,9.230949,11.593428,15.751830,18.620178,19.836119,21.944658,24.735153,29.487747,32.123680,38.952515
1984-12-13,19.834689,Training,5.698179,10.516536,13.291008,18.408455,21.709866,23.317686,25.635324,29.443478,36.477867,40.672035,52.106133
1984-12-14,18.638981,Training,4.178185,7.166913,9.716075,13.530169,16.269209,18.539989,20.124352,23.282986,28.587336,31.592545,39.496494
1984-12-15,18.322470,Training,4.769116,8.632437,10.983854,15.224998,18.126343,19.624683,21.432522,24.557230,29.736876,32.734718,40.530586
1984-12-16,19.025827,Training,4.670780,8.430815,11.049812,15.149126,18.032125,19.829256,21.545235,24.903782,29.657234,32.358677,39.224152
1984-12-17,18.216966,Training,5.431582,9.513434,12.225879,16.320435,19.078302,20.914558,22.514839,25.459570,29.601753,31.533754,37.832359
1984-12-18,17.794951,Training,4.577966,8.264628,10.450281,14.355847,17.095110,18.568115,20.208376,23.010612,27.073788,29.125425,35.184853
1984-12-19,17.021258,Training,3.000441,5.190706,6.929812,9.763301,12.048217,13.754627,15.101072,17.453260,20.928688,22.578468,27.516548
1984-12-20,15.825550,Training,2.487303,4.655641,6.052436,8.745637,10.929221,12.276708,13.728813,16.029560,19.297327,20.754467,24.258207
1984-12-21,15.438703,Training,1.760427,3.456605,4.569759,6.733598,8.813804,9.769335,11.151368,13.332865,16.422817,18.007219,20.958090
1984-12-22,15.087024,Training,1.514187,3.007924,3.935248,5.895347,7.688721,8.660689,9.951487,11.932937,14.695039,16.099606,18.709850
1984-12-23,14.348498,Training,1.776735,3.415343,4.441611,6.586676,8.410042,9.537609,10.817717,12.790164,15.548850,16.617920,19.301025
1984-12-24,13.645140,Training,1.320979,2.622853,3.390224,5.148699,6.705028,7.692881,8.874802,10.620077,13.133746,14.256121,16.678734
1984-12-25,12.976951,Training,1.188698,2.231776,2.930482,4.395042,5.779305,6.797582,7.791819,9.256063,11.518751,12.594414,15.682929
1984-12-26,12.625272,Training,1.287501,2.504019,3.223817,4.828071,6.367553,7.332555,8.390955,9.936226,12.337680,13.510198,16.418810
1984-12-27,12.625272,Training,1.313610,2.532423,3.319016,4.953703,6.509570,7.530996,8.580327,10.183659,12.621881,13.706101,16.512047
1984-12-28,12.308761,Training,1.362687,2.744856,3.555572,5.367442,7.016369,7.990975,9.146564,10.935119,13.487957,14.572495,17.092142
1984-12-29,11.640571,Training,1.493557,2.907604,3.828908,5.717221,7.446780,8.519061,9.643538,11.481410,14.098922,15.064198,17.705608
1984-12-30,11.324060,Training,1.796717,3.250785,4.339591,6.358259,8.197455,9.456674,10.547293,12.410378,15.094370,15.933531,19.456232
1984-12-31,10.726206,Training,1.216577,2.354984,3.140214,4.757967,6.328733,7.380200,8.379225,10.081023,12.540059,13.509015,16.201170
1985-01-01,10.128352,Training,0.858174,1.692977,2.238912,3.414995,4.594166,5.494431,6.337971,7.701371,9.709316,10.722223,13.373246
1985-01-02,10.128352,Training,0.940014,1.822867,2.432395,3.740928,5.039291,6.013588,6.902016,8.391199,10.569551,11.555222,14.417776
1985-01-03,10.128352,Training,0.751746,1.439373,1.871141,2.851045,3.763666,4.617013,5.366739,6.497397,8.192919,9.128608,12.305928
1985-01-04,10.972381,Training,0.886281,1.676625,2.190117,3.314862,4.541618,5.503364,6.430130,7.806487,10.192645,12.097721,16.022512
1985-01-05,13.856148,Training,0.714430,1.816712,2.353141,3.862408,5.382988,6.459571,7.595819,9.569372,13.344101,16.338877,22.786543
1985-01-06,13.645140,Training,0.687733,1.420324,1.897472,3.043719,4.102533,5.254439,6.183910,7.722994,10.480296,12.455006,19.428955
1985-01-07,12.976951,Training,0.721139,1.450585,1.909810,3.054662,4.093378,5.114194,6.039181,7.506669,9.810684,11.255253,17.353670
1985-01-08,12.308761,Training,0.915456,1.774576,2.326576,3.609971,4.786872,5.834264,6.819452,8.351582,10.654388,12.020649,17.527988
1985-01-09,11.640571,Training,0.906744,1.746207,2.253262,3.491395,4.600670,5.578500,6.533173,7.997888,10.069045,11.167465,16.242418
1985-01-10,11.324060,Training,0.929394,1.771327,2.298066,3.544964,4.661184,5.659622,6.597941,8.057286,10.117793,11.197343,15.736035
1985-01-11,11.042717,Training,0.970187,1.839043,2.395921,3.664564,4.833756,5.847747,6.775245,8.242474,10.342299,11.479347,15.576944
1985-01-12,10.409695,Training,0.957161,1.814610,2.351634,3.616067,4.758762,5.762496,6.683348,8.136328,10.189944,11.249795,15.354303
1985-01-13,10.128352,Training,0.934217,1.769934,2.283591,3.538980,4.635151,5.624204,6.542496,7.987713,9.971969,10.908501,15.128360
1985-01-14,9.847009,Training,0.913262,1.737120,2.233214,3.463060,4.530611,5.495469,6.397043,7.812203,9.736387,10.618682,14.899961
1985-01-15,9.249155,Training,0.922275,1.755093,2.254119,3.495420,4.571113,5.533008,6.435126,7.855980,9.775771,10.630059,14.941267
1985-01-16,9.073315,Training,1.093188,1.901018,2.426434,3.760451,4.996171,6.068804,7.102205,8.561624,10.805202,12.298343,17.878391
1985-01-17,16.423404,Training,0.567909,1.639403,2.313016,3.834089,5.705554,7.100852,8.521840,11.233497,16.194340,21.007736,30.936300
1985-01-18,26.727595,Training,1.272862,3.154961,4.222045,7.120955,10.046497,12.282623,14.369761,18.557112,26.311878,32.551888,48.277153
1985-01-19,27.008938,Training,1.832672,3.720956,4.946772,7.928807,10.827703,13.115753,15.032527,18.998899,25.927677,32.354504,47.855766
1985-01-20,37.840647,Training,6.395045,12.944846,17.479416,25.714409,32.324799,36.892239,41.747604,50.941212,64.439140,75.513268,96.311111
1985-01-21,58.695205,Training,13.445521,24.914103,33.088512,42.193504,51.449284,56.125881,63.170506,73.418327,91.219879,104.764595,131.476898
1985-01-22,67.452009,Training,24.650253,43.084805,51.541580,61.347961,67.485527,70.511856,74.562622,82.727951,97.919266,107.436501,129.510727
1985-01-23,64.005556,Training,22.907635,38.159512,45.990452,54.856766,60.036427,63.175495,65.163338,72.309273,84.395317,92.642632,113.282990
1985-01-24,55.248752,Training,15.001979,23.336708,29.190653,36.509674,40.355995,44.852547,45.800087,51.575111,58.455322,64.853745,86.034401
1985-01-25,64.955089,Training,24.348616,40.307037,48.596012,56.181847,61.655579,64.193108,68.228577,75.101357,89.182091,99.316757,116.999245
1985-01-26,92.667385,Training,31.303652,51.339218,59.749359,67.709579,72.197479,74.340126,76.217110,82.369873,95.268776,102.973709,122.589394
1985-01-27,64.251731,Training,22.914700,35.270153,42.508141,49.242996,52.337673,55.925209,55.862488,60.253876,67.372154,72.225967,89.122978
1985-01-28,52.892503,Training,19.455891,31.891989,37.402767,44.038891,46.854904,48.697418,49.640095,53.321415,59.458397,63.562538,76.580757
1985-01-29,45.085232,Training,16.513798,26.731621,32.019398,37.753979,40.610298,42.684769,43.628437,46.827793,51.803951,55.030537,66.386406
1985-01-30,37.946151,Training,14.583474,23.246405,27.994797,33.477787,35.626080,38.410641,39.141815,41.717823,45.562168,47.408249,57.263996
1985-01-31,33.057815,Training,12.804493,20.200851,24.521452,29.434134,31.663673,34.378620,35.045315,37.220806,40.530682,41.776150,50.603172
1985-02-01,30.244384,Training,11.173933,17.757469,21.638409,26.153503,28.504225,30.983860,31.696089,33.734612,36.731041,37.481674,45.341396
1985-02-02,27.571624,Training,10.251296,16.414707,20.034124,24.285639,26.730957,28.971407,29.698761,31.731554,34.587349,34.983208,42.325706
1985-02-03,25.004368,Training,10.406964,16.299597,20.008654,23.955650,26.469727,28.596968,29.152424,31.026438,33.856712,33.997925,41.461006
1985-02-04,23.527317,Training,8.174500,13.816363,16.818987,21.114128,23.971502,25.647150,26.535421,28.925140,32.268612,33.167007,40.692413
1985-02-05,22.155769,Training,4.932801,8.813361,11.317239,14.920180,18.330336,19.631775,20.769196,23.756458,27.515106,29.352943,36.208595
1985-02-06,21.206236,Training,4.751360,8.596249,10.992036,14.733356,18.047068,19.424595,20.613964,23.693420,27.688534,29.956873,37.267002
1985-02-07,25.004368,Training,2.806371,6.001972,8.465958,12.146671,16.646568,18.686186,21.252836,26.156902,33.964691,41.043957,59.731632
1985-02-08,39.212195,Training,1.672030,4.606240,6.805849,11.450406,16.397821,20.329964,23.905088,31.702240,43.896091,54.677776,80.429497
1985-02-09,95.726991,Training,3.375349,7.711602,10.604714,16.839748,22.581333,26.393196,30.506100,38.484371,51.065781,60.819969,82.294777
1985-02-10,111.869051,Training,6.969713,14.055002,19.017843,26.802145,33.728695,38.213707,43.018021,52.352196,65.829025,76.424110,97.466522
1985-02-11,107.226890,Training,19.969488,36.107040,46.063782,54.530487,64.259583,68.036484,74.504990,84.152382,103.338486,115.279694,141.889282
1985-02-12,91.858523,Training,27.616943,48.943970,60.712044,68.479752,77.877953,81.756134,87.702919,97.673737,117.640228,130.109573,156.940002
1985-02-13,74.204243,Training,32.219181,55.566334,65.079956,73.477196,80.451523,81.900139,85.881424,93.722763,110.946587,120.834305,144.734756
1985-02-14,65.869454,Training,28.798323,50.673939,62.432430,68.821922,77.994759,80.711121,85.875519,95.131767,114.634529,125.996399,154.220459
1985-02-15,73.676725,Training,38.811565,66.127754,77.358055,84.841187,91.886902,93.782898,99.219322,107.333824,129.184677,140.473953,166.822525
1985-02-16,94.707122,Training,39.064392,65.643059,75.176811,82.835861,88.042847,89.168396,92.847618,99.834930,119.065849,128.958405,152.625504
1985-02-17,124.670163,Training,40.049370,66.148849,74.046417,81.723701,85.165649,85.660423,87.367302,93.492928,109.842232,118.126122,139.449814
1985-02-18,95.973166,Training,39.588875,60.878353,68.183197,74.048683,75.480179,76.140762,75.961113,79.911934,91.221657,96.498985,112.872986
1985-02-19,72.762360,Training,36.814819,53.517593,60.499107,64.930832,65.407028,66.421028,65.824394,68.050789,76.148918,79.805641,93.242378
1985-02-20,59.504066,Training,34.376514,47.209164,54.194012,57.386509,57.895512,59.408833,58.541618,59.611752,65.817139,68.907433,82.139145
1985-02-21,51.450620,Training,28.898041,40.973923,46.992081,50.661705,51.056644,52.473572,52.374512,53.257736,58.211246,60.166481,70.891083
1985-02-22,45.296240,Training,24.085411,35.216606,40.498505,44.548752,45.135933,46.670284,47.033436,47.967770,52.161621,53.410652,62.950226
1985-02-23,39.212195,Training,20.499571,29.822029,34.886181,38.809200,39.909218,41.893482,42.135399,43.002995,46.632084,47.456047,56.933228
1985-02-24,34.253523,Training,17.373304,25.868773,30.438911,34.427532,35.874229,37.842003,38.239456,39.277580,42.613483,43.071148,51.872513
1985-02-25,30.807070,Training,14.649632,22.812971,26.796082,30.922733,32.873177,34.433556,35.096817,36.571297,39.914967,40.485584,48.948071
1985-02-26,29.224515,Training,12.304832,20.032879,23.640482,28.099352,30.799047,31.988016,32.816311,34.854954,38.840870,40.373379,49.777325
1985-02-27,27.008938,Training,10.010439,17.093029,20.677343,25.489872,28.916174,30.115503,31.329596,34.206116,39.676521,42.821663,54.241730
1985-02-28,28.732164,Training,9.284829,17.115061,21.594952,27.017796,31.949827,33.899570,36.944321,41.577419,52.155315,59.098942,78.298141
1985-03-01,33.655669,Training,11.290994,19.625660,24.577099,30.651812,34.779007,37.462635,39.029877,43.773949,52.784111,57.668964,73.991417
1985-03-02,27.184777,Training,7.944955,13.752913,17.539669,22.697952,26.103910,28.523939,29.608122,33.395187,39.296417,42.903069,54.408653
1985-03-03,26.270412,Training,6.440310,12.092108,15.321716,20.421917,24.162029,26.007139,27.816269,31.910040,38.632320,43.398426,55.340988
1985-03-04,28.274982,Training,5.523453,9.825484,12.852029,17.398329,20.832441,23.277555,24.372450,28.137468,34.259670,38.724800,50.798862
1985-03-05,25.778062,Training,3.609249,6.350852,8.512472,11.814018,14.473953,16.684750,17.798979,20.718437,25.153975,28.410252,36.759102
1985-03-06,23.527317,Training,3.390160,6.143067,8.230433,11.365451,13.955379,15.873845,16.960546,19.756304,23.571474,26.126759,31.918760
1985-03-07,23.070134,Training,2.737489,5.195850,6.839126,9.671393,12.016492,13.609697,14.791502,17.379175,20.731932,22.854723,27.291903
1985-03-08,22.155769,Training,2.061469,3.968866,5.194553,7.445621,9.415496,10.755836,11.885850,14.012549,16.896250,18.733332,22.276733
1985-03-09,20.327039,Training,1.979942,3.894000,5.059854,7.305193,9.235342,10.477625,11.636389,13.781086,16.542162,18.250628,21.472977
1985-03-10,19.025827,Training,1.894829,3.752119,4.910208,7.074236,9.075062,10.187686,11.335942,13.489626,16.226805,17.957958,21.097433
1985-03-11,18.216966,Training,1.921564,3.792159,4.944066,7.116012,9.079435,10.196318,11.329616,13.434135,16.100502,17.684420,20.765270
1985-03-12,17.408104,Training,1.976409,3.879872,5.023487,7.227462,9.117880,10.283937,11.397913,13.429070,16.020910,17.384800,20.413368
1985-03-13,16.599243,Training,2.008185,3.910344,5.060199,7.258937,9.125276,10.318976,11.405347,13.369180,15.935592,17.140654,20.165577
1985-03-14,15.825550,Training,2.004404,3.923175,5.083685,7.292758,9.181453,10.349044,11.436704,13.419008,15.985706,17.144741,20.124304
1985-03-15,14.735345,Training,2.066324,4.019280,5.195325,7.432753,9.370799,10.560342,11.629372,13.572474,16.203518,17.313477,20.523951
1985-03-16,13.996819,Training,2.048668,3.921072,5.147842,7.376542,9.342324,10.616088,11.629149,13.619615,16.297087,17.294897,20.528011
1985-03-17,13.328630,Training,1.822988,3.494129,4.631169,6.716691,8.628866,9.896866,10.859529,12.807574,15.473461,16.492342,19.719402
1985-03-18,12.625272,Training,1.311051,2.714538,3.573707,5.396516,7.103057,8.148634,9.149978,11.071660,13.631535,14.866661,17.578653
1985-03-19,13.152790,Training,1.132034,2.450283,3.212407,4.868233,6.592313,7.535182,8.538041,10.388257,13.124001,15.087383,18.716646
1985-03-20,13.645140,Training,1.080964,2.437891,3.242133,5.060124,6.834796,7.931679,8.948732,11.009209,14.159804,16.413633,20.827990
1985-03-21,12.976951,Training,1.007417,2.329795,3.216507,5.106562,7.163172,8.209404,9.286123,11.692897,15.313305,18.244265,23.427191
1985-03-22,12.625272,Training,0.798291,1.928165,2.604320,4.081152,5.719108,6.625021,7.577341,9.536250,12.582094,15.299479,20.171610
1985-03-23,12.308761,Training,1.026693,2.266626,2.995408,4.546666,6.036243,7.070618,8.043692,9.844045,12.577769,14.824362,18.779139
1985-03-24,11.640571,Training,1.298277,2.786471,3.573947,5.326895,6.977208,8.002579,9.017195,10.803482,13.561915,15.883518,20.169971
1985-03-25,11.640571,Training,1.370655,2.988278,3.851372,5.724123,7.517172,8.538597,9.599713,11.519650,14.459137,17.097212,21.830030
1985-03-26,11.640571,Training,1.342256,3.035981,3.954798,5.992365,7.922344,9.135745,10.326669,12.487388,16.110188,19.554436,25.682638
1985-03-27,12.238425,Training,1.423563,3.128816,4.134770,6.227783,8.090714,9.402814,10.571368,12.812369,16.323116,19.329323,24.823889
1985-03-28,11.359228,Training,1.651001,3.387767,4.443654,6.470942,8.269537,9.512611,10.646904,12.655191,15.658299,18.096090,22.355759
1985-03-29,10.409695,Training,1.942148,3.906513,5.063184,7.244396,9.119362,10.330853,11.469104,13.462706,16.273106,18.380041,22.344627
1985-03-30,10.128352,Training,1.833441,3.856696,4.972410,7.159256,9.342226,10.339639,11.529137,13.669975,16.813953,19.700809,24.767321
1985-03-31,10.937213,Training,1.482275,3.258851,4.345187,6.412078,8.646687,9.568409,10.742624,13.052232,16.562336,19.382490,24.947712
1985-04-01,10.409695,Training,1.463665,3.117053,4.196908,6.109450,8.208257,9.065477,10.230727,12.428924,15.596009,17.766880,22.116327
1985-04-02,10.128352,Training,1.213831,2.743974,3.796313,5.636989,7.590298,8.424407,9.561426,11.846589,14.968291,16.748907,20.630259
1985-04-03,9.565666,Training,1.300913,2.904696,3.953276,5.798606,7.703385,8.504442,9.640255,11.815022,14.712018,16.126802,19.507286
1985-04-04,10.269023,Training,1.840472,3.882800,5.150837,7.234203,9.640817,10.680999,11.856737,14.297134,17.467638,20.577856,26.134865
1985-04-05,16.950922,Training,1.443884,3.604511,4.674567,7.442124,9.852379,11.558798,13.115845,16.137554,21.248964,26.375906,36.064903
1985-04-06,22.859127,Training,1.477672,3.808578,4.890441,7.952036,10.713634,12.377897,14.113409,17.588570,23.222656,28.603180,39.053154
1985-04-07,22.190937,Training,1.105108,3.151983,4.207479,6.968288,9.801014,11.525428,13.329518,17.088356,23.298065,29.443184,41.022278
1985-04-08,23.105302,Training,1.621110,4.424150,5.644324,9.426809,12.785083,15.141319,17.564802,22.339800,29.751726,37.216251,50.133331
1985-04-09,27.571624,Training,2.590029,6.217809,7.649817,12.034556,15.500265,17.646622,20.129431,24.670454,31.401104,37.836987,49.076916
1985-04-10,29.857537,Training,2.948179,6.416654,8.075394,11.933341,14.810822,16.642307,18.675777,22.247046,27.200172,31.938768,39.201889
1985-04-11,27.536456,Training,3.559904,7.187012,9.294099,13.035534,15.816521,17.525610,19.298494,22.542572,26.707930,30.535728,36.333057
1985-04-12,25.883565,Training,3.638472,7.174815,9.419596,12.875005,16.081383,17.328331,18.957436,22.130537,26.342783,29.542997,35.942051
1985-04-13,23.070134,Training,4.159972,7.924807,10.110882,13.622655,16.311119,17.716625,19.252014,21.946247,25.321575,27.963293,33.225094
1985-04-14,20.784222,Training,3.639838,6.979282,8.794829,11.952206,14.222341,15.570431,17.047009,19.337481,22.224092,24.383711,28.595936
1985-04-15,19.025827,Training,3.392396,6.535855,8.300040,11.248725,13.692204,14.818057,16.247261,18.522091,21.489769,23.393278,27.698473
1985-04-16,17.794951,Training,2.934388,5.783776,7.484831,10.257347,12.830141,13.765267,15.185488,17.636806,20.778616,22.205841,26.556883
1985-04-17,16.212396,Training,2.962548,5.851139,7.649970,10.494312,13.175817,14.128125,15.519974,18.140810,21.330399,22.419357,26.890100
1985-04-18,15.087024,Training,2.340811,4.872651,6.397744,8.956051,11.424360,12.270217,13.642928,16.116463,19.227995,20.233633,24.197926
1985-04-19,14.348498,Training,2.235872,4.730650,6.261559,8.807240,11.277115,12.149454,13.487931,16.019810,19.139690,19.978764,23.882580
1985-04-20,15.544206,Training,2.361310,4.852089,6.400346,8.992287,11.774224,12.385457,13.781855,16.379066,19.572817,21.017418,25.724195
1985-04-21,17.408104,Training,2.045948,4.617545,6.116642,8.938844,11.637446,13.117926,14.495457,17.653036,21.626600,26.151669,34.111633
1985-04-22,15.473871,Training,2.179076,5.224827,6.714499,10.588630,13.588940,15.457751,17.270191,21.012760,26.839224,31.863205,42.673019
1985-04-23,14.348498,Training,2.060696,4.516571,5.923086,8.815133,11.161714,12.687768,14.183656,16.997833,21.147278,24.776337,31.038527
1985-04-24,13.328630,Training,2.277829,5.086984,6.402256,9.621571,12.082436,13.530969,15.114708,17.979343,22.243484,26.293768,33.157669
1985-04-25,12.308761,Training,1.838531,4.252103,5.663314,8.561773,11.339400,12.571131,14.185493,17.280077,22.020597,25.999298,33.285942
1985-04-26,11.957082,Training,1.778314,3.909321,5.258077,7.791262,10.282117,11.421722,12.909968,15.659701,19.717052,22.834480,28.305401
1985-04-27,11.640571,Training,1.476817,3.278548,4.370253,6.444205,8.574538,9.514359,10.835362,13.165186,16.565475,19.119011,23.754177
1985-04-28,11.042717,Training,1.243512,2.815752,3.675056,5.334980,7.058555,7.849164,9.049827,10.940006,13.687368,15.695255,19.516827
1985-04-29,10.409695,Training,1.240086,2.801920,3.638243,5.257970,6.915696,7.677992,8.865675,10.671494,13.261027,15.036678,18.554289
1985-04-30,9.917344,Training,1.055908,2.527542,3.321115,4.875130,6.415591,7.167511,8.332373,10.136662,12.657121,14.201729,17.414228
1985-05-01,8.721636,Training,0.867055,2.290035,3.024114,4.550048,6.004799,6.742914,7.891094,9.691732,12.216331,13.652010,16.739815
1985-05-02,8.440293,Training,0.792136,2.186728,2.862685,4.370611,5.874041,6.516202,7.658771,9.446539,11.949577,13.624524,17.079351
1985-05-03,8.580965,Training,0.933782,2.363230,3.106789,4.622365,6.126655,6.838432,7.974462,9.763719,12.303885,13.866263,17.150610
1985-05-04,9.002979,Training,1.173202,2.668868,3.440479,4.979033,6.529425,7.259288,8.385866,10.072212,12.504607,14.113117,17.332838
1985-05-05,9.002979,Training,1.364390,3.003584,3.661057,5.356699,6.790502,7.620369,8.742457,10.263966,12.556804,14.650301,18.012516
1985-05-06,9.002979,Training,1.327768,2.947545,3.660423,5.353714,6.743574,7.694813,8.834322,10.403772,12.855724,14.879896,18.258493
1985-05-07,9.002979,Training,1.340479,2.933911,3.699789,5.354077,6.765901,7.704675,8.851785,10.442112,12.836839,14.829556,17.933504
1985-05-08,8.475461,Training,1.343853,2.968426,3.803475,5.440511,7.012692,7.854513,9.005229,10.647686,13.145363,15.141774,18.526930
1985-05-09,7.947943,Training,1.219715,2.773285,3.620102,5.248666,6.943600,7.698953,8.868017,10.678269,13.364000,15.164159,18.645975
1985-05-10,7.947943,Training,1.247641,2.734246,3.470302,4.954403,6.379635,7.168319,8.236056,9.714956,11.931769,13.620612,16.558805
1985-05-11,7.666600,Training,1.136339,2.524358,3.165665,4.552547,5.852080,6.607215,7.601161,8.953467,10.982651,12.516254,15.308390
1985-05-12,7.420424,Training,1.163098,2.601956,3.289941,4.744923,6.169497,6.922404,7.984423,9.473169,11.711437,13.390577,16.357121
1985-05-13,7.174249,Training,0.826503,1.961155,2.448066,3.568748,4.669537,5.321907,6.183404,7.426408,9.260233,10.701378,13.464640
1985-05-14,7.174249,Training,0.768310,1.843841,2.333591,3.407548,4.477782,5.127391,5.957447,7.195129,8.998315,10.336919,13.021130
1985-05-15,8.088614,Training,0.845084,1.984008,2.436869,3.681223,4.781943,5.513152,6.416162,7.695768,9.724310,11.636101,14.735627
1985-05-16,9.565666,Training,0.658215,1.753732,2.287904,3.461093,4.610468,5.405518,6.264912,7.713058,10.038849,12.026874,15.758854
1985-05-17,8.475461,Training,0.576671,1.581177,2.081246,3.136810,4.228764,4.917596,5.751809,7.169651,9.273438,10.864061,14.166711
1985-05-18,7.666600,Training,0.576020,1.667552,2.182621,3.343632,4.600411,5.186419,6.070024,7.554721,9.773732,11.566207,15.423073
1985-05-19,7.420424,Training,0.543898,1.617069,2.154191,3.288226,4.451200,5.107533,5.986337,7.468466,9.674238,11.247182,14.734989
1985-05-20,7.174249,Training,0.605665,1.689963,2.236202,3.364495,4.509190,5.170170,6.074982,7.543144,9.673847,11.183533,14.375427
1985-05-21,6.963242,Training,0.807591,2.038797,2.662701,3.895411,5.195354,5.833874,6.773655,8.207633,10.353200,11.811584,15.045560
1985-05-22,6.717067,Training,0.806855,2.059151,2.693638,3.956022,5.260240,5.890476,6.851484,8.305745,10.437802,11.769248,14.836618
1985-05-23,6.470891,Training,0.870068,2.196210,2.863937,4.218615,5.617451,6.250558,7.300473,8.865309,11.155397,12.569793,15.682620
1985-05-24,6.470891,Training,0.746070,1.907393,2.447577,3.594664,4.740888,5.355381,6.259058,7.589124,9.492885,10.725429,13.535408
1985-05-25,6.259884,Training,0.670503,1.806148,2.331604,3.459062,4.552396,5.166321,6.058286,7.385260,9.248189,10.409173,13.123776
1985-05-26,6.752234,Training,0.843892,2.012548,2.562600,3.786043,5.078933,5.648656,6.650150,8.046659,10.186247,12.029257,15.436436
1985-05-27,7.877607,Training,0.612457,1.830986,2.354630,3.672928,5.054755,5.728163,6.708498,8.339734,11.096238,13.564445,18.685934
1985-05-28,7.596264,Training,0.573041,1.738843,2.327270,3.586846,4.849640,5.635651,6.642504,8.347972,11.055574,13.223092,17.562454
1985-05-29,6.963242,Training,0.464513,1.644359,2.181248,3.445452,4.693110,5.386956,6.406259,8.072577,10.678524,12.816388,17.113958
1985-05-30,6.998410,Training,0.498706,1.624955,2.218977,3.564908,4.910471,5.677970,6.770203,8.722198,11.702164,14.691513,20.038557
1985-05-31,9.741505,Training,0.143983,1.253685,1.701345,3.201556,4.519569,5.547017,6.833466,9.387795,14.048309,18.143549,27.282825
1985-06-01,11.816410,Training,0.070809,1.191578,1.626620,3.203867,4.576258,5.662344,7.163307,9.915257,15.312354,19.734148,29.729994
1985-06-02,10.585534,Training,0.346871,1.728570,2.272327,4.115932,5.858198,6.928857,8.566077,11.340569,16.580507,21.134880,30.857712
1985-06-03,11.464731,Training,0.217128,1.389671,1.809713,3.193506,4.494836,5.371575,6.625116,8.865839,12.805121,16.004606,23.266659
1985-06-04,11.042717,Training,0.358991,1.536801,2.057731,3.368881,4.564043,5.467307,6.672881,8.693011,12.037039,14.611960,19.939566
1985-06-05,10.058016,Training,0.530847,1.903221,2.414173,3.868177,5.250239,6.018744,7.268527,9.176003,12.312282,15.109424,20.646706
1985-06-06,11.042717,Training,0.588080,1.937739,2.468944,3.859846,5.162912,5.940974,7.151717,8.937222,11.851169,14.291824,19.125898
1985-06-07,9.565666,Training,0.665826,1.972563,2.521598,3.848918,5.075097,5.850722,7.013309,8.669477,11.291527,13.409160,17.507374
1985-06-08,8.475461,Training,0.678564,1.956924,2.506749,3.792809,4.971235,5.723565,6.838401,8.412748,10.837365,12.765445,16.534651
1985-06-09,7.666600,Training,0.586478,1.789025,2.304374,3.526675,4.606572,5.333497,6.395253,7.912067,10.166670,11.878291,15.280534
1985-06-10,7.174249,Training,0.479251,1.610286,2.090012,3.261566,4.247948,4.957386,5.963026,7.436135,9.564040,11.095320,14.190517
1985-06-11,6.506059,Training,0.365245,1.429221,1.874122,3.002441,3.906352,4.602777,5.549936,6.993104,9.041577,10.438025,13.321893
1985-06-12,5.837869,Training,0.281396,1.293665,1.713820,2.809042,3.657851,4.343960,5.244029,6.670930,8.678661,9.988025,12.756135
1985-06-13,5.415855,Training,0.337878,1.360038,1.800240,2.905944,3.800492,4.475939,5.399801,6.829823,8.859578,10.197008,12.976999
1985-06-14,5.029008,Training,0.396046,1.374242,1.795775,2.829070,3.712792,4.358223,5.247527,6.612361,8.524173,9.811627,12.538442
1985-06-15,4.466322,Training,0.198655,1.040755,1.360751,2.262891,2.998996,3.586525,4.375170,5.657565,7.442487,8.595014,11.210701
1985-06-16,3.903636,Training,0.112654,0.864698,1.173390,2.001270,2.649512,3.236079,3.966706,5.229927,6.956206,7.999124,10.413498
1985-06-17,3.446453,Training,0.055807,0.753301,1.049898,1.837986,2.445729,3.018897,3.722727,4.983031,6.706450,7.725130,10.077453
1985-06-18,2.989270,Training,-0.007840,0.643316,0.916061,1.642388,2.186622,2.737926,3.382331,4.584677,6.212993,7.149214,9.419402
1985-06-19,2.707927,Training,0.093081,0.763632,1.050812,1.771325,2.362669,2.907734,3.568193,4.748228,6.331861,7.283238,9.565787
1985-06-20,2.426584,Training,0.055224,0.680106,0.946070,1.607057,2.141615,2.664014,3.272286,4.389882,5.856766,6.704788,8.850150
1985-06-21,2.180409,Training,0.003771,0.523020,0.735272,1.246377,1.673085,2.128324,2.628401,3.588436,4.817770,5.487149,7.458354
1985-06-22,1.934234,Training,-0.000078,0.457113,0.649194,1.087417,1.474813,1.899613,2.342430,3.217027,4.331331,4.911907,6.813729
1985-06-23,1.828730,Training,-0.015355,0.455433,0.655670,1.116437,1.506504,1.941121,2.406892,3.323520,4.494300,5.113481,7.023797
1985-06-24,1.723227,Training,-0.156294,0.152729,0.274703,0.515439,0.732027,1.037149,1.318711,1.943349,2.707717,3.087713,4.737776
1985-06-25,1.617723,Training,-0.218174,0.057928,0.159728,0.359244,0.534325,0.804618,1.032301,1.579948,2.236979,2.563405,4.135974
1985-06-26,1.617723,Training,-0.240621,0.019669,0.111261,0.289578,0.447102,0.697632,0.899649,1.409942,2.015157,2.325895,3.876961
1985-06-27,1.617723,Training,-0.237769,0.008782,0.093478,0.253568,0.404410,0.639851,0.827658,1.311143,1.884102,2.194610,3.742962
1985-06-28,1.617723,Training,-0.235403,0.000765,0.079835,0.226806,0.372182,0.596330,0.773631,1.236321,1.782697,2.089384,3.626323
1985-06-29,1.617723,Training,-0.244655,-0.014822,0.058798,0.197428,0.334898,0.550015,0.716385,1.160995,1.681267,1.977806,3.492911
1985-06-30,1.617723,Training,-0.254148,-0.026948,0.043603,0.178319,0.310488,0.520414,0.679742,1.114490,1.620248,1.911076,3.416780
1985-07-01,1.617723,Validation,-0.267697,-0.015149,0.040198,0.189897,0.329721,0.529615,0.693412,1.125075,1.650209,1.976393,3.580511
1985-07-02,1.617723,Validation,-0.179025,0.089759,0.183635,0.327285,0.513186,0.710032,0.857867,1.356068,2.100855,2.837141,5.414541
1985-07-03,1.617723,Validation,-0.396378,-0.051742,-0.002989,0.168420,0.379633,0.613653,0.760781,1.382438,2.536552,3.462006,7.791739
1985-07-04,1.617723,Validation,-0.340241,-0.054809,0.042981,0.172918,0.343212,0.581545,0.735574,1.308618,2.244672,2.966737,6.080164
1985-07-05,1.617723,Validation,-0.339445,-0.096055,-0.014640,0.104159,0.236891,0.442247,0.566465,1.039923,1.732573,2.280028,4.615307
1985-07-06,1.617723,Validation,-0.354288,-0.072484,0.038002,0.233212,0.382261,0.655663,0.844685,1.454566,2.354870,2.949797,5.323955
1985-07-07,1.617723,Validation,-0.348417,-0.049325,0.051601,0.265518,0.415278,0.684789,0.891466,1.504869,2.389430,2.954938,5.222806
1985-07-08,1.617723,Validation,-0.358522,-0.020746,0.047028,0.295825,0.456770,0.707714,0.924299,1.534244,2.466693,3.146502,5.672325
1985-07-09,1.617723,Validation,-0.319824,-0.017251,0.096848,0.310883,0.479343,0.764148,0.994543,1.656823,2.642732,3.283582,5.740916
1985-07-10,1.617723,Validation,-0.311127,-0.015331,0.096902,0.307398,0.467788,0.750103,0.979538,1.624501,2.548450,3.129863,5.375949
1985-07-11,1.266044,Validation,-0.309147,0.011702,0.144541,0.407242,0.595564,0.918924,1.191521,1.921973,2.976568,3.602276,5.902044
1985-07-12,0.914365,Validation,-0.305245,0.010760,0.136180,0.392926,0.573536,0.885910,1.154353,1.861393,2.855187,3.427384,5.589884
1985-07-13,0.844029,Validation,-0.295157,0.020818,0.143058,0.399743,0.582963,0.892162,1.164815,1.865200,2.838663,3.386106,5.477102
1985-07-14,0.773694,Validation,-0.242177,0.079104,0.210157,0.476649,0.689129,1.010209,1.312078,2.040279,3.048189,3.609127,5.674510
1985-07-15,0.703358,Validation,-0.237828,0.083791,0.213101,0.482266,0.695939,1.016579,1.321546,2.045008,3.033636,3.564645,5.554611
1985-07-16,0.597854,Validation,-0.252778,0.066249,0.191375,0.459089,0.664154,0.980634,1.278605,1.988048,2.947974,3.443763,5.365769
1985-07-17,0.492350,Validation,-0.274397,0.038944,0.159668,0.422019,0.615275,0.924418,1.209632,1.903653,2.837582,3.312403,5.207071
1985-07-18,0.386847,Validation,-0.261035,0.049419,0.171853,0.432767,0.634064,0.943240,1.232518,1.930294,2.873475,3.358338,5.258421
1985-07-19,0.351679,Validation,-0.263026,0.027102,0.140124,0.374954,0.562052,0.850615,1.118207,1.779258,2.671824,3.148194,5.020708
1985-07-20,0.351679,Validation,-0.270389,0.018133,0.132665,0.376332,0.564893,0.855095,1.127886,1.807739,2.736342,3.243260,5.136926
1985-07-21,0.351679,Validation,-0.275554,0.034586,0.161113,0.435276,0.637601,0.950668,1.239563,1.952631,2.910513,3.393844,5.252522
1985-07-22,0.281343,Validation,-0.303778,-0.053566,0.025791,0.193464,0.336875,0.565964,0.747602,1.240556,1.868042,2.195337,3.866694
1985-07-23,0.211007,Validation,-0.305955,-0.067004,0.016995,0.177859,0.317805,0.547066,0.721816,1.215134,1.837455,2.166680,3.834570
1985-07-24,0.175839,Validation,-0.316401,-0.064522,0.015756,0.188116,0.333280,0.562532,0.743517,1.246102,1.900932,2.254653,3.995352
1985-07-25,0.035168,Validation,-0.303577,-0.061927,0.026915,0.196247,0.344829,0.582279,0.766536,1.287722,1.967602,2.337171,4.076282
1985-07-26,0.035168,Validation,-0.255409,-0.022196,0.069682,0.235059,0.399455,0.637052,0.838941,1.391424,2.127878,2.567424,4.365214
1985-07-27,0.035168,Validation,-0.238782,-0.060950,-0.010974,0.067639,0.192426,0.355718,0.475348,0.828552,1.256098,1.544094,3.063099
1985-07-28,0.035168,Validation,-0.195211,-0.015228,0.010638,0.098440,0.248235,0.391784,0.511564,0.869700,1.313401,1.693648,3.422451
1985-07-29,0.035168,Validation,-0.194616,-0.005180,0.045905,0.128321,0.285118,0.451572,0.582310,0.970742,1.489722,1.876218,3.717162
1985-07-30,0.316511,Validation,-0.187746,-0.015203,0.044007,0.118310,0.265525,0.435883,0.566376,0.949150,1.445577,1.809870,3.547055
1985-07-31,0.211007,Validation,-0.229849,-0.022241,0.066679,0.193371,0.363415,0.583941,0.757401,1.242903,1.898332,2.300455,4.155867
1985-08-01,0.175839,Validation,-0.260711,-0.047631,0.036189,0.167069,0.324846,0.544313,0.715437,1.190666,1.824452,2.192825,3.964150
1985-08-02,0.035168,Validation,-0.278518,-0.064163,0.014439,0.144537,0.293410,0.508920,0.674714,1.137814,1.748408,2.093011,3.813164
1985-08-03,0.035168,Validation,-0.282682,-0.070045,0.005770,0.133028,0.278671,0.490585,0.653264,1.109116,1.706118,2.041614,3.741005
1985-08-04,0.035168,Validation,-0.287976,-0.077021,-0.003587,0.120957,0.263565,0.472038,0.631423,1.080568,1.666595,1.995446,3.681674
1985-08-05,0.035168,Validation,-0.229003,-0.025006,0.054665,0.176905,0.340511,0.554254,0.731521,1.201301,1.816317,2.170254,3.890870
1985-08-06,0.035168,Validation,-0.187846,0.014283,0.096030,0.219229,0.397561,0.616000,0.805118,1.287217,1.924085,2.287693,4.034499
1985-08-07,0.035168,Validation,-0.233475,-0.032257,0.044378,0.164242,0.324604,0.536226,0.712763,1.174283,1.777402,2.113232,3.789901
1985-08-08,0.035168,Validation,-0.273054,-0.069800,0.001954,0.120538,0.267608,0.473918,0.638442,1.083337,1.665826,1.983707,3.633446
1985-08-09,0.070336,Validation,-0.247358,-0.048963,0.024899,0.139864,0.295652,0.501365,0.672143,1.124400,1.716615,2.051353,3.725925
1985-08-10,0.070336,Validation,-0.230031,-0.033921,0.043482,0.160475,0.325477,0.535581,0.712169,1.174798,1.784181,2.127046,3.820143
1985-08-11,0.035168,Validation,-0.228942,-0.034577,0.041100,0.155781,0.320376,0.527908,0.705149,1.166055,1.774661,2.118709,3.811791
1985-08-12,0.070336,Validation,-0.258259,-0.058144,0.020887,0.144594,0.306856,0.521125,0.698639,1.167352,1.792820,2.129523,3.814627
1985-08-13,0.105504,Validation,-0.256939,-0.051425,0.033738,0.168536,0.340178,0.564108,0.753666,1.247183,1.912815,2.264833,3.982845
1985-08-14,0.105504,Validation,-0.255211,-0.037714,0.055469,0.212305,0.401481,0.640743,0.851095,1.387396,2.124022,2.506477,4.286859
1985-08-15,0.140672,Validation,-0.266507,-0.047736,0.048792,0.216084,0.407546,0.650099,0.872632,1.444455,2.238428,2.671959,4.499628
1985-08-16,0.105504,Validation,-0.246156,-0.095551,-0.058337,-0.004783,0.121696,0.264229,0.369692,0.688451,1.094942,1.382675,2.917599
1985-08-17,0.105504,Validation,-0.275495,-0.125842,-0.097811,-0.049070,0.066525,0.196037,0.284082,0.574470,0.941719,1.213256,2.713075
1985-08-18,0.070336,Validation,-0.280449,-0.134309,-0.111917,-0.067838,0.044543,0.164715,0.244368,0.519690,0.865562,1.136203,2.629055
1985-08-19,0.035168,Validation,-0.255587,-0.120015,-0.100971,-0.064762,0.051388,0.165402,0.243269,0.512755,0.851753,1.133729,2.631609
1985-08-20,0.035168,Validation,-0.267347,-0.131422,-0.115476,-0.080036,0.033031,0.142860,0.216002,0.476702,0.803998,1.080298,2.566449
1985-08-21,0.035168,Validation,-0.278384,-0.141699,-0.127897,-0.092806,0.018092,0.124336,0.193994,0.447847,0.766035,1.038073,2.518198
1985-08-22,0.035168,Validation,-0.263901,-0.133133,-0.120467,-0.089431,0.024716,0.128997,0.199272,0.452839,0.773111,1.053775,2.543109
1985-08-23,0.035168,Validation,-0.244337,-0.120202,-0.107324,-0.080068,0.038824,0.142824,0.216266,0.472983,0.799693,1.089885,2.591777
1985-08-24,0.035168,Validation,-0.180300,-0.065766,-0.057938,-0.037552,0.098868,0.200083,0.282089,0.546776,0.894719,1.213233,2.790858
1985-08-25,0.035168,Validation,-0.149946,-0.051751,-0.046260,-0.035080,0.100677,0.197078,0.274635,0.526750,0.858850,1.175543,2.727857
1985-08-26,0.035168,Validation,-0.165016,-0.067666,-0.065008,-0.054884,0.075953,0.167600,0.240914,0.483901,0.799199,1.108192,2.630152
1985-08-27,0.035168,Validation,-0.217175,-0.109681,-0.106745,-0.090827,0.030847,0.121440,0.189894,0.426932,0.730824,1.025267,2.511527
1985-08-28,0.000000,Validation,-0.253371,-0.137090,-0.134668,-0.114217,0.002015,0.092241,0.156420,0.388232,0.686172,0.969589,2.443846
1985-08-29,0.000000,Validation,-0.261206,-0.144549,-0.143973,-0.124049,-0.008846,0.077676,0.138590,0.364953,0.654877,0.937153,2.411186
1985-08-30,0.000000,Validation,-0.246914,-0.136752,-0.139117,-0.123440,-0.006136,0.075279,0.134584,0.356247,0.639211,0.927732,2.403218
1985-08-31,0.000000,Validation,-0.240085,-0.133620,-0.137726,-0.124400,-0.005735,0.072911,0.131727,0.350640,0.630436,0.921892,2.397904
1985-09-01,0.000000,Validation,-0.238090,-0.133846,-0.139914,-0.128187,-0.009122,0.066577,0.124323,0.339206,0.614155,0.905945,2.378582
1985-09-02,0.000000,Validation,-0.235741,-0.134015,-0.141936,-0.131997,-0.012533,0.059770,0.115936,0.326409,0.595330,0.887024,2.355422
1985-09-03,0.000000,Validation,-0.227894,-0.130147,-0.140380,-0.132972,-0.012231,0.056089,0.111091,0.317312,0.580281,0.874390,2.341376
1985-09-04,0.000000,Validation,-0.232885,-0.135357,-0.146849,-0.139765,-0.019659,0.046173,0.099473,0.301583,0.559107,0.850890,2.312381
1985-09-05,0.000000,Validation,-0.254510,-0.151609,-0.163099,-0.153400,-0.035595,0.028883,0.079999,0.278056,0.530862,0.815419,2.275051
1985-09-06,0.000000,Validation,-0.262181,-0.158166,-0.169966,-0.159896,-0.042175,0.020034,0.070007,0.265399,0.514785,0.798496,2.263490
1985-09-07,0.000000,Validation,-0.291442,-0.158017,-0.185068,-0.161731,-0.031115,0.021135,0.071738,0.267123,0.533859,0.848224,2.450575
1985-09-08,0.000000,Validation,-0.269723,-0.158338,-0.173854,-0.162586,-0.038460,0.018264,0.067452,0.263812,0.522594,0.827523,2.368330
1985-09-09,0.000000,Validation,-0.284485,-0.160794,-0.182032,-0.165231,-0.035207,0.017301,0.068260,0.265034,0.533409,0.850411,2.448085
1985-09-10,0.000000,Validation,-0.280318,-0.176086,-0.183969,-0.174739,-0.049954,0.008566,0.057814,0.260237,0.527763,0.842918,2.409078
1985-09-11,0.000000,Validation,-0.290285,-0.183721,-0.191521,-0.180483,-0.056094,0.003734,0.055340,0.258027,0.528063,0.838976,2.403302
1985-09-12,0.000000,Validation,-0.299977,-0.178848,-0.195745,-0.180013,-0.047983,0.006019,0.059090,0.261635,0.544327,0.869627,2.506311
1985-09-13,0.000000,Validation,-0.275891,-0.175561,-0.188340,-0.181451,-0.055782,-0.003133,0.046047,0.239797,0.495950,0.805675,2.354522
1985-09-14,0.000000,Validation,-0.252741,-0.161249,-0.178471,-0.176073,-0.049153,-0.001813,0.046855,0.233721,0.478489,0.787319,2.306848
1985-09-15,0.000000,Validation,-0.238775,-0.153366,-0.172588,-0.173294,-0.044462,-0.000187,0.048652,0.233617,0.475559,0.788277,2.303627
1985-09-16,0.000000,Validation,-0.203798,-0.129821,-0.152869,-0.159269,-0.026657,0.014694,0.065557,0.249334,0.488372,0.807826,2.313221
1985-09-17,0.000000,Validation,-0.207562,-0.133273,-0.157408,-0.163446,-0.031938,0.009639,0.060590,0.242512,0.479597,0.793449,2.284778
1985-09-18,0.000000,Validation,-0.226380,-0.147284,-0.170993,-0.174436,-0.045510,-0.002743,0.047433,0.227516,0.463228,0.768093,2.248933
1985-09-19,0.000000,Validation,-0.236846,-0.138104,-0.176848,-0.172208,-0.031745,0.002790,0.053843,0.237890,0.487379,0.817053,2.396436
1985-09-20,0.000000,Validation,-0.212305,-0.136064,-0.162722,-0.168457,-0.034321,0.005524,0.056536,0.238990,0.479903,0.800570,2.316749
1985-09-21,0.000000,Validation,-0.208438,-0.135918,-0.162227,-0.169145,-0.034727,0.004919,0.056770,0.238474,0.478815,0.799340,2.308028
1985-09-22,0.000000,Validation,-0.214717,-0.144197,-0.167985,-0.175566,-0.040550,-0.001619,0.049853,0.233284,0.475721,0.800407,2.319674
1985-09-23,0.000000,Validation,-0.223765,-0.149507,-0.175665,-0.181668,-0.045967,-0.007311,0.045188,0.228233,0.473583,0.798352,2.322124
1985-09-24,0.000000,Validation,-0.211034,-0.145204,-0.171457,-0.180825,-0.042273,-0.004797,0.049576,0.234156,0.481521,0.817584,2.342475
1985-09-25,0.000000,Validation,-0.209885,-0.147213,-0.177180,-0.187879,-0.043507,-0.014295,0.041942,0.223612,0.469358,0.827845,2.376092
1985-09-26,0.000000,Validation,-0.197728,-0.135472,-0.165834,-0.177580,-0.042253,-0.009677,0.041659,0.213057,0.438984,0.756841,2.235993
1985-09-27,0.000000,Validation,-0.194821,-0.134817,-0.167310,-0.180355,-0.042362,-0.014525,0.037042,0.205400,0.427588,0.752263,2.237205
1985-09-28,0.000000,Validation,-0.195074,-0.133459,-0.162808,-0.174830,-0.042217,-0.006233,0.043902,0.215834,0.439952,0.745473,2.204071
1985-09-29,0.000000,Validation,-0.196376,-0.135842,-0.165892,-0.178450,-0.045237,-0.010439,0.039939,0.210689,0.434038,0.741338,2.199797
1985-09-30,0.000000,Validation,-0.198332,-0.138953,-0.170982,-0.184156,-0.049374,-0.019810,0.030203,0.196033,0.413078,0.724581,2.184739
1985-10-01,,,0.003752,0.530608,0.574101,0.545687,1.134956,1.155299,1.462372,2.389793,4.665380,7.023694,16.756714
1985-10-02,,,-0.006166,0.517655,0.567812,0.538954,1.134685,1.153153,1.460827,2.399626,4.706800,7.100796,16.933046
1986-10-17,0.105504,Training,,,,,,,,,,,
1986-10-18,0.070336,Training,,,,,,,,,,,
1986-10-19,0.035168,Training,-0.052555,-0.023262,-0.050758,-0.067307,0.102493,0.177126,0.254950,0.493714,0.876140,1.296918,3.089506
1986-10-20,0.070336,Training,-0.063612,-0.033896,-0.064295,-0.082498,0.082027,0.153271,0.230006,0.464228,0.824478,1.225023,2.961928
1986-10-21,0.105504,Training,-0.098627,-0.069852,-0.096051,-0.115956,0.034737,0.103462,0.176037,0.403738,0.724591,1.096439,2.726104
1986-10-22,0.105504,Training,-0.064108,-0.033473,-0.064646,-0.080329,0.082163,0.160321,0.240760,0.477896,0.840674,1.225618,2.911751
1986-10-23,0.105504,Training,-0.088143,-0.041951,-0.094793,-0.099457,0.074596,0.142034,0.214833,0.464484,0.828350,1.242500,3.041523
1986-10-24,0.211007,Training,-0.178040,-0.068436,-0.070036,-0.055289,0.225168,0.371654,0.492457,0.902310,1.870128,2.959189,7.174885
1986-10-25,0.351679,Training,-0.344946,-0.160108,-0.099030,-0.065880,0.223111,0.393795,0.554295,1.099124,2.469327,3.744106,9.335458
1986-10-26,0.281343,Training,-0.124370,-0.009369,0.025655,0.052620,0.295170,0.460239,0.610919,1.037497,1.983126,2.874296,6.138240
1986-10-27,0.211007,Training,-0.134095,-0.049656,-0.027707,-0.012628,0.209314,0.343565,0.468899,0.848855,1.604967,2.325377,5.018539
1986-10-28,0.140672,Training,-0.110195,-0.044660,-0.040478,-0.027252,0.173191,0.297502,0.420582,0.772987,1.405406,1.984659,4.218732
1986-10-29,0.105504,Training,-0.101681,-0.036425,-0.035318,-0.010969,0.185917,0.322799,0.458178,0.817733,1.447258,1.981752,4.057170
1986-10-30,0.140672,Training,-0.111694,-0.031491,-0.025311,0.028326,0.232211,0.399945,0.562456,0.959537,1.659052,2.194270,4.211782
1986-10-31,0.211007,Training,-0.178989,-0.036908,0.005656,0.150460,0.405816,0.648464,0.898545,1.470570,2.449955,3.053594,5.188186
1986-11-01,0.140672,Training,-0.177627,-0.035383,0.015797,0.160772,0.416171,0.662070,0.912552,1.496731,2.454169,3.018725,5.096725
1986-11-02,0.105504,Training,-0.129169,-0.024255,0.003309,0.093868,0.312340,0.522696,0.717196,1.181425,1.946364,2.433136,4.358541
1986-11-03,0.070336,Training,-0.068824,0.014311,0.027836,0.099642,0.298224,0.498126,0.668464,1.061291,1.719280,2.163791,3.934042
1986-11-04,0.035168,Training,-0.061945,0.048515,0.071059,0.192395,0.402105,0.647314,0.860177,1.306685,2.052043,2.502263,4.237885
1986-11-05,0.035168,Training,-0.046298,0.063546,0.091564,0.211465,0.422168,0.670859,0.882853,1.329137,2.063382,2.500538,4.204533
1986-11-06,0.035168,Training,-0.049735,0.055305,0.085003,0.194267,0.406092,0.646066,0.849347,1.289501,2.010367,2.448894,4.162266
1986-11-07,0.035168,Training,-0.050070,0.039179,0.062675,0.150173,0.353181,0.571833,0.753523,1.164045,1.835723,2.266974,3.971610
1986-11-08,0.070336,Training,-0.050545,0.037229,0.061360,0.148602,0.352318,0.569715,0.749262,1.160668,1.831215,2.264236,3.967820
1986-11-09,0.211007,Training,-0.052813,0.084794,0.135787,0.291037,0.536435,0.813247,1.057778,1.576770,2.410605,2.885750,4.653354
1986-11-10,0.351679,Training,-0.055357,0.130774,0.205604,0.417890,0.724170,1.034663,1.337545,1.968371,2.969218,3.510508,5.436858
1986-11-11,0.457183,Training,-0.107473,0.082876,0.172165,0.373755,0.757134,1.121667,1.433146,2.205294,3.803769,5.051655,8.967496
1986-11-12,0.668190,Training,-0.225679,0.132611,0.267004,0.649972,1.148243,1.654469,2.124190,3.242403,5.825908,7.499146,13.381747
1986-11-13,0.808861,Training,-0.325620,0.065265,0.213374,0.673474,1.273480,1.996465,2.539361,4.148815,8.227149,10.964399,20.559191
1986-11-14,5.240015,Training,-0.352278,0.315256,0.537603,1.403689,2.425010,3.781100,4.899712,8.176203,18.102741,23.110155,45.847443
1986-11-15,5.240015,Training,0.288192,1.380338,2.008641,3.670699,5.529297,7.076641,9.580037,13.600500,23.078817,28.166937,41.114540
1986-11-16,2.567256,Training,0.335066,1.225882,1.753983,3.102510,4.498009,5.625802,7.326574,10.001909,15.722143,19.226458,26.037268
1986-11-17,2.074905,Training,0.297313,1.061989,1.536290,2.619282,3.836065,4.692971,6.089232,8.232149,12.613471,15.589192,20.316664
1986-11-18,1.652891,Training,0.319420,0.923490,1.221959,2.058546,2.915744,3.672087,4.733627,6.273787,9.291408,11.104244,14.455513
1986-11-19,2.321081,Training,0.258068,0.759933,0.975813,1.659705,2.346493,2.986241,3.879563,5.185781,7.598598,9.015167,11.768457
1986-11-20,2.848599,Training,0.262529,0.780823,0.994221,1.682930,2.426241,3.009141,3.884083,5.182213,7.442968,8.889710,11.582839
1986-11-21,2.567256,Training,0.295180,0.874076,1.105319,1.883307,2.742268,3.316651,4.224823,5.591914,7.903203,9.416831,12.320895
1986-11-22,2.321081,Training,0.209651,0.748024,0.969318,1.694871,2.543309,3.061872,3.896041,5.266581,7.550592,8.991039,12.154423
1986-11-23,2.321081,Training,0.295963,0.850217,1.092318,1.894087,2.690432,3.313243,4.167092,5.490042,7.617661,8.936704,11.539246
1986-11-24,2.074905,Training,0.261581,0.765193,1.007113,1.747757,2.491036,3.089622,3.875493,5.141412,7.099874,8.260288,10.667157
1986-11-25,2.074905,Training,0.284501,0.798682,1.040259,1.807387,2.546398,3.157142,3.939636,5.185424,7.067391,8.134865,10.413296
1986-11-26,1.863898,Training,0.272819,0.779789,1.028658,1.765979,2.527023,3.100951,3.861124,5.091006,6.932254,7.962070,10.214092
1986-11-27,1.652891,Training,0.370557,0.936778,1.205748,2.051626,2.837845,3.500913,4.301120,5.520494,7.364461,8.293580,10.447009
1986-11-28,1.441883,Training,0.431249,0.996632,1.307801,2.172276,3.014096,3.735415,4.513781,5.702572,7.574393,8.484376,10.834226
1986-11-29,1.863898,Training,0.525522,1.166321,1.536140,2.510608,3.463924,4.231293,5.070330,6.320848,8.321938,9.263511,11.626972
1986-11-30,3.129942,Training,0.369298,0.878131,1.174140,1.960036,2.746876,3.449751,4.158186,5.279619,7.050032,7.899489,10.291138
1986-12-01,3.762964,Training,0.323447,0.793448,1.075401,1.808953,2.558322,3.242193,3.913787,5.005044,6.731246,7.559732,9.990641
1986-12-02,3.129942,Training,0.266780,0.709455,0.958133,1.622249,2.301531,2.932992,3.559777,4.602533,6.218132,7.003055,9.243728
1986-12-03,2.567256,Training,0.355792,0.896274,1.167690,1.905480,2.617865,3.256906,3.929972,4.996022,6.597409,7.425524,9.538371
1986-12-04,1.863898,Training,0.365095,0.896140,1.173569,1.905113,2.621495,3.270673,3.933673,4.988221,6.590134,7.420012,9.599234
1986-12-05,1.652891,Training,0.364273,0.902216,1.172579,1.906863,2.616668,3.252857,3.924012,4.983531,6.579617,7.415779,9.551126
1986-12-06,1.266044,Training,0.358495,0.914349,1.185647,1.930343,2.658321,3.270783,3.960242,5.057380,6.662819,7.552409,9.639212
1986-12-07,1.441883,Training,0.370640,0.956136,1.224387,1.982631,2.773603,3.353639,4.062387,5.184512,6.855780,7.853220,10.123691
1986-12-08,1.090205,Training,0.382116,1.045597,1.432557,2.413421,3.557937,4.360066,5.390538,7.004964,10.096377,12.627143,17.771893
1986-12-09,1.090205,Training,0.395151,1.159041,1.671053,2.848523,4.085602,5.224977,6.274454,8.116778,11.985794,14.581782,21.546894
1986-12-10,0.949533,Training,0.454304,1.065279,1.499091,2.455427,3.478183,4.443183,5.307720,6.774298,9.558447,11.484978,16.257582
1986-12-11,0.808861,Training,0.502846,1.196759,1.568486,2.605146,3.720941,4.570494,5.434474,6.870430,9.481469,11.391138,15.677615
1986-12-12,0.949533,Training,0.371831,1.061426,1.383884,2.333425,3.325470,4.024246,4.914200,6.385292,8.825993,10.574782,13.845613
1986-12-13,2.074905,Training,-0.022386,0.628681,0.972621,1.920739,3.104703,4.039756,5.220330,7.434514,12.450599,16.356422,25.704359
1986-12-14,9.565666,Training,0.461485,1.617724,2.394684,4.326025,6.300412,7.810137,9.918830,13.264122,20.236135,24.764147,34.956356
1986-12-15,9.565666,Training,0.476566,1.510307,2.111978,3.688704,5.402736,6.397941,7.990123,10.620945,15.532835,19.343542,25.879971
1986-12-16,4.466322,Training,0.669017,1.657784,2.314891,3.878618,5.393204,6.442808,7.861826,10.150694,14.022002,16.730560,20.821230
1986-12-17,4.114643,Training,0.721689,1.591074,2.138273,3.462782,4.750278,5.740591,6.917067,8.743537,11.734167,13.698992,16.945391
1986-12-18,4.114643,Training,0.817883,1.726967,2.251740,3.597894,4.852682,5.806405,6.963560,8.681412,11.335098,13.031275,15.803497
1986-12-19,3.446453,Training,0.773603,1.670650,2.141887,3.439772,4.627504,5.488260,6.620634,8.278834,10.692974,12.224703,14.602497
1986-12-20,2.848599,Training,0.740008,1.608868,2.059215,3.302294,4.467208,5.271994,6.359447,7.969696,10.260528,11.718375,14.014857
1986-12-21,3.129942,Training,0.755028,1.678496,2.111330,3.396024,4.730585,5.427068,6.531744,8.199271,10.665310,12.447255,15.363020
1986-12-22,3.446453,Training,0.825422,1.636575,2.141227,3.362158,4.524714,5.472463,6.435584,7.913769,10.188659,11.574475,14.596990
1986-12-23,2.848599,Training,0.843427,1.590523,2.053337,3.256304,4.297297,5.271536,6.224632,7.583014,9.669966,10.800199,14.667093
1986-12-24,2.074905,Training,0.907445,1.716427,2.236737,3.488574,4.613285,5.578309,6.531786,7.919893,10.032516,11.158806,14.757609
1986-12-25,2.567256,Training,0.903985,1.723884,2.257100,3.504800,4.656750,5.606629,6.547182,7.938119,10.043844,11.127336,14.411340
1986-12-26,3.129942,Training,0.787494,1.608355,2.105697,3.301194,4.465191,5.325252,6.246790,7.688883,9.794737,10.886341,13.315155
1986-12-27,2.848599,Training,0.717993,1.565389,2.003482,3.146911,4.234200,4.976800,5.902865,7.322283,9.275761,10.400936,12.544443
1986-12-28,2.567256,Training,0.805689,1.598799,2.096079,3.240038,4.358090,5.233690,6.091554,7.439388,9.421114,10.469670,13.118072
1986-12-29,2.321081,Training,0.841246,1.656978,2.192623,3.419699,4.616461,5.540490,6.422289,7.855640,9.959233,10.975153,13.721092
1986-12-30,1.863898,Training,0.832239,1.662735,2.148249,3.272633,4.363703,5.192781,6.048868,7.325881,9.228099,10.261889,12.712567
1986-12-31,1.863898,Training,0.743077,1.584900,2.003091,3.096946,4.129525,4.852566,5.742142,7.046553,8.889551,9.981654,12.140870
1987-01-01,2.567256,Training,0.693205,1.506032,1.906564,2.896641,3.919700,4.575860,5.399292,6.652522,8.419340,9.566118,11.883204
1987-01-02,3.446453,Training,0.767015,1.627635,2.059530,3.136332,4.182281,4.894412,5.756268,7.041090,8.839589,9.977694,12.207577
1987-01-03,2.321081,Training,0.714652,1.428328,1.844458,2.781855,3.693146,4.479974,5.205935,6.337809,7.989392,8.992549,11.463683
1987-01-04,1.441883,Training,0.739839,1.434759,1.866396,2.807632,3.721656,4.544577,5.257827,6.373899,8.025967,9.020903,11.745174
1987-01-05,1.863898,Training,0.774368,1.508855,1.957001,2.927479,3.875733,4.698354,5.430412,6.562935,8.236816,9.240330,11.842313
1987-01-06,2.321081,Training,0.796755,1.607202,2.054558,3.080659,4.060577,4.851182,5.634958,6.815208,8.519369,9.525708,11.827808
1987-01-07,2.074905,Training,0.851624,1.655086,2.141201,3.184424,4.205374,5.044400,5.815636,6.994799,8.732368,9.759142,12.305213
1987-01-08,1.863898,Training,0.982500,1.804739,2.289337,3.446505,4.594366,5.504104,6.318302,7.543982,9.516617,10.872329,14.464775
1987-01-09,2.074905,Training,0.698835,1.581679,2.061794,3.271071,4.550915,5.546802,6.609890,8.291031,11.425752,14.115692,19.163839
1987-01-10,2.321081,Training,0.671924,1.578749,2.169116,3.440283,4.779625,6.025112,7.002487,8.885454,12.455525,15.230552,21.883934
1987-01-11,2.848599,Training,0.783221,1.556696,2.124400,3.316747,4.497040,5.676064,6.610710,8.226032,11.007287,13.102635,19.186609
1987-01-12,2.074905,Training,1.360538,2.656429,3.552449,5.388268,7.334926,8.688787,9.929842,12.059390,15.989214,19.517281,26.572006
1987-01-13,2.848599,Training,1.236122,2.708459,3.683839,5.955950,8.344870,10.309913,11.956187,15.106793,21.139597,26.945944,40.755840
1987-01-14,12.660440,Training,1.558615,3.072214,3.888649,6.092414,7.953351,9.653708,11.458347,14.121185,18.700886,22.285816,37.745132
1987-01-15,10.128352,Training,1.689812,3.232722,4.077120,6.269406,8.156131,9.742022,11.331263,13.777644,17.733994,21.112577,33.550022
1987-01-16,7.947943,Training,1.882475,3.458751,4.679801,6.906070,8.946713,10.709839,12.201327,14.698275,18.639528,21.816759,30.301638
1987-01-17,6.963242,Training,1.951830,3.512994,4.753196,6.870543,8.872648,10.533147,11.921568,14.215913,17.729431,20.457899,27.073666
1987-01-18,6.506059,Training,2.076397,3.704688,5.011612,7.146258,9.214766,10.826320,12.131702,14.374258,17.714987,20.218781,25.340818
1987-01-19,5.626862,Training,2.011262,3.602265,4.842731,6.911694,8.925351,10.441556,11.674721,13.820105,16.911879,19.053829,23.186039
1987-01-20,6.506059,Training,1.800719,3.181385,4.220882,6.142578,7.890105,9.335732,10.531330,12.497429,15.260302,16.948328,21.550455
1987-01-21,7.455592,Training,1.675311,2.974517,3.919921,5.781382,7.422022,8.806820,9.964556,11.879884,14.489199,15.904510,20.526842
1987-01-22,5.240015,Training,1.740492,3.134517,4.183129,6.099505,7.909854,9.286619,10.361720,12.366827,15.061556,16.498379,20.082748
1987-01-23,3.129942,Training,1.747491,3.228731,4.301454,6.291581,8.182673,9.519712,10.580091,12.686239,15.412628,16.740358,19.724709
1987-01-24,3.446453,Training,1.763878,3.384228,4.435833,6.568494,8.543983,9.819104,10.944077,13.183442,16.002882,17.307913,20.166595
1987-01-25,3.762964,Training,1.817031,3.608202,4.667426,7.000286,9.191373,10.383854,11.600782,14.082497,17.189116,18.940495,22.462528
1987-01-26,4.114643,Training,1.125931,2.740103,4.030662,6.476638,9.406358,11.043844,13.215127,17.228939,23.505852,29.882816,42.728397
1987-01-27,4.466322,Training,0.723715,2.517726,3.902113,7.326426,11.190606,13.676535,16.861441,23.235672,35.817623,45.134922,67.308853
1987-01-28,6.506059,Training,0.605896,2.191106,3.331771,6.086039,9.468744,11.773400,14.671482,20.951115,32.555801,41.725510,60.884960
1987-01-29,21.241404,Training,4.898696,10.315936,13.959937,21.322571,27.360418,31.516558,35.943741,44.763130,57.435570,67.127106,87.286568
1987-01-30,10.128352,Training,7.372917,14.089201,18.394138,25.376274,30.380835,33.656544,36.496037,43.483231,52.024376,58.523418,71.512642
1987-01-31,11.992250,Training,5.388365,10.073725,13.215405,18.422958,21.956503,24.467253,26.442276,31.341288,37.197571,41.565052,49.411015
1987-02-01,22.155769,Training,6.866852,12.686036,16.090158,21.416689,25.363575,27.107777,29.398335,34.041718,40.672268,45.939632,55.823795
1987-02-02,57.640168,Training,7.670748,14.431441,18.242456,24.471058,28.984001,31.126837,33.947952,39.617870,47.948101,54.476295,67.199936
1987-02-03,45.190736,Training,6.927060,12.343023,15.946681,21.414143,24.707710,27.341543,29.279108,34.065392,40.096249,44.141655,52.426472
1987-02-04,32.495128,Training,6.442126,11.147891,14.402256,19.077274,21.819731,24.248804,25.745552,29.464949,34.091877,36.975449,43.631710
1987-02-05,30.244384,Training,6.425104,10.980372,14.060390,18.346859,20.903221,23.072128,24.423912,27.560169,31.415157,33.648434,39.503761
1987-02-06,27.044106,Training,5.468201,9.504900,12.125084,15.973709,18.393904,20.315319,21.696869,24.478456,27.853832,29.632526,34.379871
1987-02-07,26.024237,Training,4.784560,8.411301,10.727059,14.259986,16.594910,18.354733,19.720835,22.304413,25.436831,26.917856,31.070414
1987-02-08,20.362207,Training,4.223919,7.553843,9.690559,12.935886,15.411080,16.883320,18.232721,20.815805,23.861994,25.374014,29.272167
1987-02-09,14.735345,Training,4.549469,8.196679,10.273647,13.846654,16.397316,17.852430,19.229773,21.858782,25.462801,27.387281,32.719490
1987-02-10,21.241404,Training,4.921232,8.183478,10.913979,14.684698,17.801456,19.993935,21.617512,24.865818,30.843716,35.455437,47.919327
1987-02-11,34.816209,Training,7.839677,14.360168,18.700882,24.836527,29.733299,32.946888,35.480618,41.018459,51.724884,58.615337,77.478615
1987-02-12,23.070134,Training,8.618168,15.177736,19.764105,25.604839,29.979706,33.046856,34.603252,39.870388,48.098194,53.351105,67.879326
1987-02-13,14.735345,Training,6.430289,11.843741,15.297421,20.393976,24.203501,26.266872,27.929090,32.392456,38.374783,42.818405,52.945213
1987-02-14,16.247564,Training,4.813312,8.868000,11.658557,15.909204,19.050476,21.060852,22.531866,26.351294,31.012583,34.421658,41.508064
1987-02-15,21.241404,Training,4.161861,7.675109,10.049495,13.802782,16.725477,18.507938,19.882120,23.253380,27.260729,30.141182,35.951057
1987-02-16,20.362207,Training,3.614211,6.807515,8.818350,12.426657,15.386380,17.143465,18.719725,21.963957,26.908176,30.847683,38.637745
1987-02-17,24.019667,Training,2.092191,4.775410,6.349042,9.970551,13.293161,15.109950,17.074575,21.157661,27.539347,33.449932,44.848415
1987-02-18,25.004368,Training,3.246186,6.040353,7.961957,11.599719,14.694162,17.035259,18.473793,22.029978,28.096956,33.422710,46.092751
1987-02-19,14.031987,Training,3.143434,5.490888,7.299982,10.508389,12.912954,15.239432,16.681900,19.770775,24.262007,27.685427,39.487240
1987-02-20,9.565666,Training,2.941499,5.127067,6.782928,9.628324,11.857086,13.923188,15.293181,17.986151,21.705301,24.479446,34.397659
1987-02-21,11.359228,Training,2.749783,4.815605,6.424876,9.054572,11.267088,13.192726,14.432596,16.900494,20.350163,22.890333,30.635195
1987-02-22,12.660440,Training,2.954147,5.222873,7.018775,9.684780,12.108574,13.964014,15.065773,17.521366,20.915831,23.319357,28.773548
1987-02-23,14.031987,Training,3.144305,5.631563,7.341409,10.174118,12.722548,14.423915,15.539427,17.947136,21.445518,24.031387,30.216263
1987-02-24,16.247564,Training,2.523834,5.338758,7.061535,10.435465,13.606112,15.217006,17.008808,20.566141,26.032015,31.065430,40.021660
1987-02-25,23.070134,Training,1.608985,4.283697,6.018210,10.103411,14.342761,16.827797,19.685020,25.337376,34.942410,43.710793,61.763172
1987-02-26,18.638981,Training,2.511878,5.465366,7.501493,11.726073,15.482924,17.718201,19.942558,24.910721,31.713671,37.512379,48.226406
1987-02-27,17.830119,Training,3.742983,7.582522,9.951818,14.476310,18.509241,20.195570,22.022024,26.461107,32.552364,37.697830,48.736111
1987-02-28,18.638981,Training,2.805602,5.736105,8.033571,12.011863,16.189335,17.537319,19.405663,24.044647,30.650309,35.113876,45.523766
1987-03-01,17.830119,Training,2.176528,4.283045,6.197817,9.180763,12.499328,13.672913,15.201197,19.010277,24.103228,27.311911,33.407825
1987-03-02,18.638981,Training,1.672536,3.392422,4.827733,7.146225,9.726709,10.664660,11.999406,14.997948,18.951687,21.261276,25.510420
1987-03-03,20.362207,Training,2.109909,4.080483,5.580304,8.015726,10.656514,11.589334,12.878489,15.656109,19.184286,21.069639,25.067331
1987-03-04,21.241404,Training,2.344033,4.452437,5.960812,8.466771,11.086587,12.080156,13.315341,15.951350,19.197470,20.800856,24.572153
1987-03-05,19.483010,Training,2.404594,4.525760,6.108373,8.669846,11.401562,12.383724,13.599260,16.345284,19.582092,20.869705,24.578808
1987-03-06,17.830119,Training,2.805499,5.110503,7.051307,9.817983,12.920515,13.951404,15.085608,18.254206,21.472481,22.276222,26.289106
1987-03-07,15.473871,Training,1.853385,3.575787,4.987381,7.279032,9.826494,10.737320,11.883698,14.636654,17.739651,18.656841,21.705334
1987-03-08,12.660440,Training,1.221226,2.510367,3.521014,5.385733,7.491565,8.334064,9.394159,11.829196,14.735818,15.824351,18.421947
1987-03-09,13.328630,Training,1.132426,2.376870,3.119471,4.647994,6.276926,7.022452,8.015430,9.742939,12.086991,13.206799,15.838015
1987-03-10,13.328630,Training,1.215762,2.495519,3.249223,4.814394,6.416303,7.255680,8.238341,9.903336,12.190597,13.415958,15.936256
1987-03-11,11.359228,Training,1.168865,2.429400,3.179546,4.743562,6.388993,7.191046,8.175477,9.887171,12.250273,13.442657,16.040894
1987-03-12,9.565666,Training,1.161859,2.444008,3.205790,4.825109,6.635390,7.413618,8.410309,10.245069,12.811172,14.393604,17.581625
1987-03-13,10.128352,Training,1.013419,2.214332,2.962542,4.598021,6.405377,7.206879,8.195005,10.172978,12.930022,14.589267,17.847698
1987-03-14,10.726206,Training,1.147420,2.400178,3.182143,4.886366,6.552665,7.538023,8.528780,10.423440,12.984082,14.543552,17.327192
1987-03-15,10.128352,Training,0.963472,2.051598,2.639560,4.056293,5.352311,6.258309,7.151513,8.688754,10.786442,12.199603,14.838024
1987-03-16,9.002979,Training,0.821384,1.777599,2.248466,3.434613,4.517429,5.337895,6.138137,7.450079,9.242063,10.513250,12.961748
1987-03-17,7.947943,Training,0.752717,1.654462,2.100507,3.254343,4.328907,5.130326,5.935683,7.285450,9.104239,10.372365,12.726298
1987-03-18,6.963242,Training,0.441457,1.067951,1.348171,2.137994,2.895824,3.550358,4.176117,5.302838,6.790977,7.854486,9.999674
1987-03-19,7.455592,Training,0.382215,0.941113,1.189616,1.917193,2.590418,3.248536,3.825297,4.885474,6.313005,7.236516,9.321349
1987-03-20,7.947943,Training,0.417765,0.957477,1.240371,1.961628,2.667924,3.378006,3.925834,4.956353,6.399062,7.319212,9.634999
1987-03-21,7.455592,Training,0.563540,1.300673,1.616255,2.530614,3.383450,4.100109,4.773931,5.914589,7.506584,8.631889,10.991893
1987-03-22,6.963242,Training,0.603738,1.376433,1.741197,2.690826,3.574609,4.306991,5.011545,6.202234,7.825327,8.978524,11.256721
1987-03-23,6.506059,Training,0.519982,1.243075,1.568682,2.451301,3.327779,3.996213,4.675321,5.873016,7.503406,8.744865,11.131776
1987-03-24,5.626862,Training,0.383396,1.036009,1.370527,2.227101,3.151990,3.864810,4.560363,5.889298,7.961146,9.763140,12.990909
1987-03-25,6.048877,Training,0.403413,1.289182,1.742855,2.877565,4.193238,5.017815,5.839585,7.627962,10.655885,13.292238,19.086590
1987-03-26,6.506059,Training,0.732117,1.748081,2.331173,3.610316,4.908272,5.848209,6.739740,8.432345,11.033160,13.340637,17.328127
1987-03-27,4.818001,Training,1.122199,2.535028,3.321524,4.979372,6.744087,7.636372,8.633473,10.495832,13.362762,16.027889,20.864435
1987-03-28,4.818001,Training,1.471009,3.246855,4.163956,6.219506,8.053020,9.189305,10.292500,12.297832,15.478230,18.486704,23.891405
1987-03-29,5.240015,Training,1.632863,3.330358,4.376708,6.372035,8.097674,9.430483,10.476295,12.400119,15.468422,17.953201,22.697683
1987-03-30,4.818001,Training,1.878918,3.776509,4.888555,7.006019,8.770567,9.987481,11.129643,13.041344,15.829599,17.987324,21.819731
1987-03-31,3.762964,Training,1.739094,3.549573,4.582595,6.513373,8.315929,9.318305,10.430741,12.259471,14.837197,16.949814,20.565489
1987-04-01,4.466322,Training,1.802203,3.674556,4.679844,6.634777,8.427533,9.392165,10.519361,12.284086,14.771341,16.733061,20.262106
1987-04-02,6.048877,Training,1.680670,3.702795,4.829210,7.067213,9.171738,10.631378,11.843565,14.260426,17.841475,21.589901,28.362682
1987-04-03,8.475461,Training,2.017835,4.355392,5.619841,8.395617,10.859175,12.748471,14.014951,16.700745,21.823496,26.492790,37.722866
1987-04-04,6.963242,Training,2.047359,4.512857,5.731159,8.539698,10.954350,12.641764,14.006367,16.736156,21.395514,25.843754,34.335560
1987-04-05,5.240015,Training,1.962000,4.763448,6.090685,9.519124,12.435702,14.200020,15.947861,19.524250,25.049742,30.504684,40.254803
1987-04-06,7.947943,Training,1.554339,4.480363,5.919109,9.769684,13.654821,16.259205,18.504337,23.965677,31.841400,40.317181,56.058884
1987-04-07,18.638981,Training,2.066767,5.533418,7.303978,11.865116,16.642408,18.810621,21.879791,27.660175,37.192554,45.403572,63.111198
1987-04-08,17.830119,Training,3.354049,7.323565,9.276635,13.649875,17.329063,19.039883,21.205353,25.382599,31.212343,36.825756,46.453846
1987-04-09,15.473871,Training,4.457184,8.926334,11.350913,15.952530,19.083429,20.989954,22.874512,26.741592,31.557766,35.825115,43.227303
1987-04-10,14.735345,Training,4.455430,8.604742,10.962131,15.005772,17.620195,19.407419,21.102571,24.272644,28.210466,31.526714,37.441814
1987-04-11,13.328630,Training,4.406452,8.417057,10.813678,14.552107,17.550562,18.941982,20.531782,23.570377,27.414909,30.572884,36.701893
1987-04-12,14.031987,Training,3.490380,6.728795,8.666925,11.770787,14.471965,15.658959,17.173605,19.766525,23.217415,25.762232,30.786339
1987-04-13,14.735345,Training,2.911593,5.690346,7.359164,10.125242,12.694108,13.737739,15.180530,17.617008,20.901724,23.019962,27.558210
1987-04-14,12.660440,Training,2.861549,5.599632,7.321043,10.135643,12.816080,13.821890,15.231289,17.816902,21.138981,22.776262,27.295755
1987-04-15,10.726206,Training,2.538677,5.047054,6.686358,9.387986,12.030250,13.019730,14.384154,17.019897,20.297663,21.645624,25.864815
1987-04-16,10.128352,Training,2.156424,4.424070,5.691437,8.058835,10.477730,11.204020,12.530969,14.761444,17.761709,19.456802,23.628754
1987-04-17,9.002979,Training,1.829927,3.888315,5.139649,7.408483,9.721911,10.525342,11.826750,14.183259,17.340910,18.792006,22.660408
1987-04-18,10.726206,Training,1.831484,3.858729,5.145569,7.426001,9.747460,10.595734,11.877826,14.279905,17.418037,18.727497,22.443064
1987-04-19,12.660440,Training,1.826747,3.817174,5.129909,7.403616,9.747248,10.611835,11.845931,14.280657,17.386889,18.651037,22.402660
1987-04-20,11.359228,Training,1.651153,3.576126,4.957012,7.315654,9.803385,10.719050,11.959723,14.706641,17.996126,19.115732,22.996489
1987-04-21,9.565666,Training,1.128010,2.670816,3.631797,5.504868,7.473580,8.204257,9.379436,11.597429,14.532619,15.764152,19.036413
1987-04-22,9.565666,Training,1.122728,2.641476,3.642870,5.508165,7.389565,8.196980,9.330354,11.554118,14.434148,15.439173,18.417427
1987-04-23,9.002979,Training,1.032223,2.453359,3.367993,5.100003,6.942539,7.611483,8.744316,10.847455,13.591125,15.074807,18.383680
1987-04-24,9.002979,Training,1.098831,2.644152,3.527546,5.214048,7.098751,8.097250,9.116519,11.232414,14.303368,17.510801,23.222731
1987-04-25,8.475461,Training,0.815032,2.292701,2.976407,4.704261,6.454138,7.461461,8.580199,10.653530,14.298997,17.577196,24.582178
1987-04-26,7.947943,Training,0.517551,1.584710,2.208395,3.481444,4.846840,5.694754,6.664798,8.551253,11.465211,13.679864,18.373045
1987-04-27,6.963242,Training,0.138546,0.977629,1.414696,2.493440,3.584539,4.317369,5.157362,6.974196,9.684529,11.899932,16.645983
1987-04-28,6.048877,Training,0.616615,1.799159,2.316964,3.660978,5.055832,5.811090,6.761920,8.561408,11.269995,13.648499,18.653238
1987-04-29,5.240015,Training,0.757444,1.989400,2.552828,3.903346,5.246578,6.064963,7.072619,8.821780,11.456175,13.673753,17.999933
1987-04-30,5.240015,Training,0.697464,1.880821,2.458364,3.725314,4.988929,5.779043,6.785764,8.497096,10.983701,12.919456,16.861229
1987-05-01,4.466322,Training,0.586617,1.741927,2.308504,3.535019,4.691839,5.469240,6.472238,8.147912,10.504807,12.195541,15.725231
1987-05-02,4.114643,Training,0.499344,1.626746,2.153111,3.353205,4.421436,5.174139,6.152363,7.760876,9.981726,11.478020,14.664711
1987-05-03,3.446453,Training,0.669492,1.849188,2.395933,3.612578,4.732183,5.458676,6.444887,7.985474,10.073786,11.514873,14.585596
1987-05-04,2.848599,Training,0.989434,2.314400,2.897582,4.212277,5.451182,6.173754,7.196126,8.638983,10.686336,12.254582,15.334501
1987-05-05,4.114643,Training,0.950981,2.200385,2.727550,3.991255,5.144804,5.878962,6.856970,8.223393,10.165525,11.719724,14.573743
1987-05-06,5.240015,Training,0.795239,1.968138,2.476238,3.669917,4.782358,5.473930,6.427900,7.834482,9.777083,11.146747,14.032618
1987-05-07,6.048877,Training,0.678384,1.801749,2.300347,3.456566,4.509937,5.193966,6.129737,7.547400,9.455908,10.707075,13.479832
1987-05-08,6.963242,Training,0.543441,1.618743,2.088942,3.209150,4.192578,4.864439,5.768916,7.176763,9.047964,10.201192,12.858135
1987-05-09,6.963242,Training,0.542951,1.620326,2.081956,3.194511,4.182503,4.834222,5.734057,7.119114,8.968536,10.119776,12.783350
1987-05-10,6.506059,Training,0.627923,1.747500,2.201751,3.366763,4.483857,5.071612,5.987803,7.398017,9.304635,10.737130,13.822449
1987-05-11,6.506059,Training,0.593348,1.716979,2.189431,3.358631,4.498888,5.121313,6.064263,7.533431,9.640841,11.182460,14.469250
1987-05-12,6.048877,Training,0.594338,1.652598,2.147668,3.253428,4.305513,4.979548,5.892914,7.355130,9.382565,10.778959,13.705988
1987-05-13,5.240015,Training,0.611303,1.631060,2.088825,3.104175,4.094463,4.725342,5.551035,6.853970,8.655582,9.949202,12.759182
1987-05-14,4.114643,Training,0.495227,1.393773,1.795297,2.704180,3.580264,4.181510,4.921417,6.130929,7.762458,8.867271,11.463888
1987-05-15,4.466322,Training,0.592415,1.550202,1.970475,2.937135,3.867698,4.486354,5.295664,6.546218,8.272719,9.498739,12.123442
1987-05-16,3.762964,Training,0.606068,1.580986,1.992787,2.955087,3.867405,4.471529,5.260777,6.469971,8.108479,9.245477,11.783482
1987-05-17,3.129942,Training,0.421259,1.217848,1.521395,2.324390,3.089577,3.642892,4.310009,5.414977,6.885699,7.897540,10.312148
1987-05-18,2.848599,Training,0.341575,1.056510,1.354019,2.083846,2.770437,3.324339,3.944263,5.025690,6.428504,7.318552,9.579887
1987-05-19,2.321081,Training,0.256282,0.923907,1.205818,1.889834,2.517584,3.055213,3.648451,4.716070,6.062545,6.867638,9.044462
1987-05-20,2.567256,Training,0.239417,0.918226,1.206815,1.900657,2.527015,3.065495,3.663612,4.738560,6.080304,6.871773,9.025249
1987-05-21,2.848599,Training,0.239479,0.955424,1.257801,1.988977,2.629664,3.179524,3.795697,4.887905,6.241565,7.028257,9.163671
1987-05-22,2.848599,Training,0.270785,1.046515,1.362185,2.146791,2.829452,3.385712,4.037771,5.154448,6.554506,7.388188,9.591054
1987-05-23,2.567256,Training,0.300438,1.108575,1.407036,2.219804,2.953068,3.480137,4.152904,5.282069,6.724974,7.682892,10.085662
1987-05-24,2.848599,Training,0.350936,1.121807,1.439946,2.216153,2.930068,3.488304,4.145842,5.262027,6.704316,7.626040,9.925102
1987-05-25,2.848599,Training,0.271786,1.005767,1.304421,2.048226,2.713196,3.258528,3.897967,5.004768,6.414128,7.280560,9.524346
1987-05-26,3.446453,Training,0.322913,1.101717,1.407048,2.187311,2.909741,3.448531,4.114335,5.232179,6.701273,7.661591,10.050426
1987-05-27,3.446453,Training,0.295451,1.074553,1.401153,2.189621,2.888748,3.449796,4.120087,5.257635,6.719914,7.627179,9.906758
1987-05-28,2.567256,Training,0.379227,1.217941,1.578959,2.424400,3.184342,3.764203,4.498074,5.686804,7.242908,8.252106,10.594868
1987-05-29,2.321081,Training,0.121046,0.753346,1.014573,1.653192,2.186997,2.703837,3.273267,4.320681,5.610903,6.338605,8.350733
1987-05-30,2.074905,Training,0.006968,0.563362,0.789772,1.354358,1.804563,2.290650,2.786726,3.757229,4.937222,5.546414,7.440887
1987-05-31,1.863898,Training,0.025049,0.594623,0.826615,1.403490,1.867749,2.357891,2.865566,3.847584,5.040978,5.667416,7.577636
1987-06-01,1.652891,Training,-0.012926,0.536971,0.758762,1.315627,1.752787,2.233510,2.721093,3.685991,4.853975,5.451836,7.327897
1987-06-02,1.652891,Training,-0.031229,0.515676,0.730209,1.281370,1.709477,2.183278,2.666901,3.624524,4.791886,5.388420,7.271846
1987-06-03,2.074905,Training,0.009280,0.560029,0.774473,1.320758,1.768992,2.235650,2.731946,3.687310,4.867498,5.499261,7.441742
1987-06-04,2.321081,Training,0.073333,0.637231,0.863313,1.418747,1.896367,2.370993,2.891698,3.868344,5.082435,5.756323,7.739178
1987-06-05,2.321081,Training,-0.042805,0.428907,0.620251,1.076212,1.450393,1.882862,2.318916,3.193424,4.265038,4.804109,6.626982
1987-06-06,2.321081,Training,-0.080948,0.360279,0.538495,0.957436,1.296527,1.709252,2.115674,2.949575,3.970643,4.471880,6.250268
1987-06-07,2.567256,Training,-0.027839,0.436433,0.591781,1.029644,1.421526,1.804490,2.225789,3.070259,4.139280,4.773320,6.811347
1987-06-08,2.567256,Training,0.110102,0.606485,0.799470,1.276806,1.735053,2.182188,2.649253,3.535925,4.741785,5.452849,7.531292
1987-06-09,2.074905,Training,0.161173,0.718359,0.892979,1.442074,1.959314,2.414699,2.924545,3.844820,5.153860,6.038677,8.293502
1987-06-10,2.321081,Training,0.130046,0.744566,0.948395,1.559248,2.147346,2.617905,3.171137,4.227363,5.765565,6.861553,9.610647
1987-06-11,2.321081,Training,-0.010250,0.512990,0.703745,1.215035,1.689938,2.138475,2.618233,3.613142,5.026404,5.951980,8.609888
1987-06-12,2.321081,Training,-0.018282,0.541460,0.751640,1.318469,1.833730,2.305884,2.822325,3.890709,5.410307,6.446706,9.258122
1987-06-13,2.321081,Training,0.010270,0.626553,0.862794,1.528137,2.135804,2.644227,3.221478,4.420724,6.184596,7.514397,10.802722
1987-06-14,2.567256,Training,0.130834,0.801245,1.080591,1.780516,2.451629,3.034242,3.654287,4.874902,6.766451,8.126423,11.436406
1987-06-15,2.321081,Training,0.213526,0.927994,1.214090,1.955181,2.661783,3.257609,3.916466,5.129378,7.006598,8.396091,11.538077
1987-06-16,2.074905,Training,0.208831,0.929847,1.253020,2.006945,2.714540,3.322784,3.995769,5.245155,7.088488,8.385757,11.414011
1987-06-17,1.652891,Training,0.112678,0.793900,1.099601,1.815470,2.432270,3.017695,3.667919,4.893047,6.586010,7.692640,10.353453
1987-06-18,1.441883,Training,0.068983,0.748067,1.044152,1.761864,2.344271,2.922785,3.561725,4.767985,6.394651,7.415813,9.889477
1987-06-19,1.652891,Training,0.137827,0.846368,1.145807,1.880858,2.500500,3.070072,3.730668,4.925855,6.527906,7.550162,10.008566
1987-06-20,1.441883,Training,0.062052,0.743618,1.027649,1.743850,2.306390,2.869369,3.499288,4.673114,6.218159,7.147096,9.444183
1987-06-21,1.652891,Training,0.053815,0.735510,1.017605,1.734751,2.289458,2.850839,3.478375,4.646067,6.174783,7.075440,9.317339
1987-06-22,1.652891,Training,-0.005723,0.657868,0.927628,1.633884,2.153725,2.710304,3.310150,4.466000,5.972386,6.817010,9.003008
1987-06-23,1.441883,Training,-0.043608,0.594806,0.853679,1.537364,2.028983,2.575038,3.150907,4.290134,5.770035,6.573891,8.726819
1987-06-24,1.441883,Training,-0.063416,0.562791,0.817858,1.492153,1.972246,2.512963,3.077709,4.211911,5.686977,6.478267,8.629615
1987-06-25,1.652891,Training,-0.071616,0.541007,0.795077,1.458131,1.930774,2.466352,3.031527,4.171576,5.663365,6.475866,8.639604
1987-06-26,1.266044,Training,-0.037706,0.612763,0.879970,1.584091,2.095661,2.647285,3.231128,4.386147,5.891487,6.698831,8.866020
1987-06-27,0.949533,Training,-0.069505,0.559496,0.822992,1.518272,2.012142,2.557892,3.135912,4.304440,5.824878,6.622976,8.778031
1987-06-28,1.090205,Training,-0.150044,0.391664,0.612485,1.195078,1.595689,2.084441,2.586609,3.644894,5.028308,5.735638,7.827929
1987-06-29,0.949533,Training,-0.250940,0.195491,0.344459,0.773325,1.056011,1.440711,1.825603,2.676142,3.827256,4.440311,6.522066
1987-06-30,0.668190,Training,-0.299370,0.131307,0.255426,0.660696,0.915154,1.265026,1.617074,2.418644,3.585122,4.298102,6.621742
1987-07-01,0.668190,Test,-0.313971,0.104373,0.245931,0.647452,0.914153,1.282595,1.637884,2.509996,3.817661,4.649887,7.254682
1987-07-02,0.668190,Test,-0.339377,-0.035924,0.065143,0.277184,0.444335,0.708248,0.911097,1.493888,2.292587,2.797915,4.916749
1987-07-03,0.668190,Test,-0.330278,-0.021954,0.103828,0.348619,0.530365,0.834390,1.065354,1.727354,2.644797,3.191768,5.367904
1987-07-04,0.668190,Test,-0.346322,-0.033041,0.058757,0.293640,0.462399,0.727555,0.934691,1.526492,2.368896,2.917410,5.118420
1987-07-05,0.808861,Test,-0.321018,-0.037171,0.067261,0.272298,0.435562,0.704954,0.905036,1.491803,2.304451,2.810562,4.904162
1987-07-06,0.808861,Test,-0.323440,-0.018156,0.067338,0.286996,0.454823,0.710492,0.917870,1.494655,2.301073,2.825643,4.942870
1987-07-07,0.668190,Test,-0.311820,-0.023252,0.087627,0.299620,0.468031,0.747945,0.962094,1.571617,2.412004,2.921993,5.001364
1987-07-08,0.562686,Test,-0.310453,-0.032512,0.074806,0.276998,0.433686,0.705835,0.912664,1.502567,2.287457,2.751081,4.699934
1987-07-09,0.562686,Test,-0.318285,-0.037609,0.072081,0.280336,0.436855,0.712342,0.922627,1.520322,2.313903,2.772997,4.718571
1987-07-10,0.562686,Test,-0.318909,-0.035180,0.070523,0.281161,0.435483,0.707013,0.920561,1.514618,2.295094,2.737294,4.643078
1987-07-11,0.562686,Test,-0.312546,-0.028140,0.078461,0.291223,0.446958,0.720770,0.939593,1.539252,2.320039,2.752623,4.625791
1987-07-12,0.457183,Test,-0.294555,0.013908,0.116542,0.349538,0.526303,0.807700,1.051227,1.673181,2.511860,2.976082,4.912356
1987-07-13,0.457183,Test,-0.302176,0.027367,0.118640,0.370803,0.557896,0.833082,1.086134,1.714654,2.582674,3.088225,5.117257
1987-07-14,3.446453,Test,-0.281347,0.035089,0.144517,0.388069,0.580617,0.872566,1.132650,1.784795,2.678360,3.175645,5.174710
1987-07-15,1.441883,Test,-0.240314,0.072809,0.196058,0.443225,0.654990,0.960513,1.240498,1.920887,2.847899,3.361598,5.349256
1987-07-16,0.668190,Test,-0.227502,0.111327,0.217549,0.497524,0.749922,1.042112,1.341181,2.061640,3.078650,3.734227,6.030084
1987-07-17,0.351679,Test,-0.268436,0.057780,0.156396,0.408925,0.635236,0.911455,1.183239,1.884831,2.918927,3.625602,6.104892
1987-07-18,0.281343,Test,-0.172403,0.138579,0.281161,0.532956,0.789180,1.115078,1.426034,2.200255,3.359010,4.098338,6.566883
1987-07-19,0.105504,Test,-0.199789,0.074808,0.198518,0.392440,0.602475,0.887680,1.141897,1.793093,2.719162,3.301707,5.503047
1987-07-20,0.035168,Test,-0.242054,0.038750,0.162062,0.366549,0.563840,0.853723,1.103314,1.740992,2.627326,3.146022,5.216811
1987-07-21,0.070336,Test,-0.260062,0.023041,0.139635,0.352920,0.541103,0.829495,1.075687,1.700298,2.544067,3.000450,4.921896
1987-07-22,0.035168,Test,-0.274779,-0.005891,0.096623,0.285270,0.450147,0.712978,0.938122,1.526042,2.313253,2.760150,4.640492
1987-07-23,0.035168,Test,-0.252102,0.023790,0.127490,0.325853,0.508728,0.778192,1.015555,1.605809,2.390035,2.810143,4.656415
1987-07-24,0.035168,Test,-0.245695,0.017353,0.113901,0.292638,0.465717,0.718482,0.946214,1.517576,2.276130,2.705753,4.545135
1987-07-25,0.000000,Test,-0.240510,0.021052,0.122243,0.305854,0.483948,0.745392,0.973659,1.539307,2.274571,2.658405,4.418382
1987-07-26,0.000000,Test,-0.245307,0.015852,0.117477,0.302527,0.479997,0.742578,0.970630,1.535964,2.269637,2.644179,4.386554
1987-07-27,0.000000,Test,-0.256088,0.006318,0.107141,0.293396,0.467906,0.730281,0.956930,1.520707,2.252581,2.619203,4.352323
1987-07-28,0.000000,Test,-0.287407,-0.025056,0.071236,0.255547,0.417166,0.672917,0.888531,1.439105,2.150255,2.499565,4.221576
1987-07-29,0.000000,Test,-0.317495,-0.021356,0.050211,0.258549,0.431367,0.668406,0.888337,1.433126,2.185347,2.609873,4.545763
1987-07-30,0.000000,Test,-0.285762,-0.028123,0.072328,0.247742,0.416235,0.669965,0.882488,1.446698,2.209369,2.633459,4.529308
1987-07-31,0.000000,Test,-0.285797,-0.042521,0.049736,0.207331,0.364121,0.600911,0.800957,1.340215,2.065225,2.488207,4.343311
1987-08-01,0.000000,Test,-0.303437,-0.041045,0.067567,0.259958,0.434321,0.700570,0.921309,1.505733,2.297770,2.708719,4.591190
1987-08-02,0.000000,Test,-0.307628,-0.038957,0.072705,0.281120,0.460428,0.735157,0.966229,1.570487,2.385522,2.789937,4.655834
1987-08-03,0.000000,Test,-0.328295,-0.068968,0.037729,0.235829,0.400057,0.658554,0.880611,1.480685,2.292726,2.731138,4.633260
1987-08-04,0.000000,Test,-0.338973,-0.114872,-0.035674,0.106664,0.238920,0.445826,0.609023,1.089724,1.714198,2.084653,3.862503
1987-08-05,0.000000,Test,-0.322349,-0.104701,-0.053304,0.059754,0.191530,0.368735,0.501999,0.897710,1.423697,1.753307,3.483177
1987-08-06,0.000000,Test,-0.256313,-0.062567,-0.005248,0.090440,0.236671,0.414541,0.554549,0.957250,1.488161,1.834822,3.555731
1987-08-07,0.000000,Test,-0.256702,-0.061294,-0.014444,0.080026,0.227038,0.395054,0.531665,0.921543,1.435514,1.779334,3.490951
1987-08-08,0.000000,Test,-0.271481,-0.076123,-0.029790,0.063625,0.207474,0.373975,0.506789,0.891336,1.403469,1.744944,3.457719
1987-08-09,0.000000,Test,-0.274632,-0.096279,-0.040776,0.042266,0.175183,0.345832,0.470777,0.847286,1.338085,1.658198,3.298845
1987-08-10,0.000000,Test,-0.292201,-0.112541,-0.058418,0.025090,0.153836,0.322453,0.443892,0.815313,1.301078,1.615846,3.255021
1987-08-11,0.000000,Test,-0.316891,-0.135744,-0.084361,-0.000236,0.121858,0.285658,0.399830,0.761454,1.231786,1.537289,3.172023
1987-08-12,0.000000,Test,-0.348428,-0.148092,-0.108748,-0.014708,0.106922,0.257659,0.368488,0.716786,1.180354,1.498898,3.209199
1987-08-13,0.000000,Test,-0.366833,-0.158337,-0.123440,-0.025786,0.096217,0.240405,0.345398,0.688824,1.157594,1.504569,3.313891
1987-08-14,0.000000,Test,-0.355698,-0.166844,-0.122110,-0.036161,0.084285,0.236125,0.337453,0.691492,1.171287,1.524751,3.327492
1987-08-15,0.000000,Test,-0.353354,-0.176583,-0.125996,-0.042379,0.077000,0.233189,0.335367,0.697421,1.183440,1.539097,3.308627
1987-08-16,0.000000,Test,-0.346599,-0.153238,-0.132038,-0.037049,0.104594,0.238536,0.340252,0.712087,1.246194,1.738567,3.809637
1987-08-17,0.000000,Test,-0.302664,-0.148080,-0.115787,-0.064336,0.056421,0.185008,0.264825,0.570214,0.981358,1.334931,3.079477
1987-08-18,0.000000,Test,-0.307329,-0.155183,-0.127392,-0.077148,0.039068,0.163529,0.242991,0.536310,0.922754,1.248353,2.900148
1987-08-19,0.000000,Test,-0.337182,-0.180295,-0.144442,-0.085798,0.032066,0.165478,0.247938,0.562031,0.985890,1.327852,3.051490
1987-08-20,0.000000,Test,-0.334241,-0.179059,-0.148088,-0.091067,0.025054,0.154107,0.236919,0.542720,0.949334,1.276115,2.948871
1987-08-21,0.000000,Test,-0.322805,-0.171405,-0.143204,-0.089139,0.028650,0.156563,0.241248,0.544840,0.949844,1.273621,2.923919
1987-08-22,0.000000,Test,-0.278382,-0.139651,-0.111501,-0.064297,0.063347,0.192172,0.285210,0.596116,1.013074,1.349760,2.994009
1987-08-23,0.000000,Test,-0.244218,-0.116483,-0.093631,-0.054560,0.077848,0.199998,0.294497,0.599435,1.006845,1.350749,2.989008
1987-08-24,0.000000,Test,-0.226264,-0.102381,-0.078266,-0.040425,0.097094,0.222561,0.321766,0.630399,1.046343,1.385592,3.015927
1987-08-25,0.000000,Test,-0.233839,-0.113823,-0.096021,-0.062639,0.069885,0.186583,0.278479,0.571708,0.964398,1.299930,2.904279
1987-08-26,0.000000,Test,-0.267516,-0.144153,-0.132333,-0.100093,0.021902,0.129725,0.209273,0.480033,0.839064,1.154649,2.708820
1987-08-27,0.000000,Test,-0.257789,-0.138702,-0.125057,-0.095224,0.029655,0.138142,0.218054,0.489885,0.850177,1.165239,2.716533
1987-08-28,0.000000,Test,-0.277122,-0.155105,-0.143046,-0.112065,0.009540,0.115909,0.192156,0.458572,0.812821,1.123554,2.670149
1987-08-29,0.000000,Test,-0.334474,-0.174494,-0.181910,-0.129557,0.001327,0.095200,0.168551,0.429898,0.801602,1.154347,2.883240
1987-08-30,0.000000,Test,-0.329672,-0.194840,-0.187994,-0.149499,0.007443,0.074998,0.137852,0.396515,0.766362,1.310305,3.527267
1987-08-31,0.000000,Test,-0.448582,-0.260951,-0.232427,-0.196586,0.025091,0.095575,0.166003,0.499058,1.144814,2.022120,6.043746
1987-09-01,0.000000,Test,-0.402475,-0.213388,-0.159246,-0.130390,0.068236,0.168236,0.251875,0.623850,1.319898,2.104057,5.567821
1987-09-02,0.000000,Test,-0.384564,-0.225005,-0.168637,-0.139751,0.037497,0.141080,0.222778,0.581007,1.211637,1.927004,4.792593
1987-09-03,0.000000,Test,-0.379454,-0.227700,-0.170998,-0.142093,0.034796,0.131309,0.218237,0.582469,1.213041,1.976610,4.706498
1987-09-04,0.000000,Test,-0.300282,-0.166711,-0.150450,-0.134378,0.015874,0.088964,0.159878,0.434920,0.852700,1.345868,3.424195
1987-09-05,0.000000,Test,-0.254057,-0.139487,-0.133159,-0.122157,0.023715,0.093393,0.168213,0.431989,0.813749,1.263792,3.166116
1987-09-06,0.000000,Test,-0.266223,-0.151958,-0.152591,-0.138763,-0.001716,0.066295,0.139515,0.389703,0.742673,1.150478,2.932956
1987-09-07,0.000000,Test,-0.290209,-0.171985,-0.175875,-0.158567,-0.028228,0.038494,0.108509,0.347425,0.680685,1.058863,2.779428
1987-09-08,0.000000,Test,-0.289133,-0.173756,-0.180340,-0.163918,-0.034609,0.029903,0.098729,0.331856,0.654826,1.023633,2.714671
1987-09-09,0.000000,Test,-0.268741,-0.161718,-0.171067,-0.158471,-0.026669,0.036170,0.105948,0.337818,0.658792,1.030639,2.705676
1987-09-10,0.000000,Test,-0.268578,-0.164000,-0.174651,-0.162670,-0.031266,0.031270,0.100577,0.329563,0.646607,1.012164,2.666607
1987-09-11,0.000000,Test,-0.284885,-0.177984,-0.189193,-0.175784,-0.047007,0.013976,0.080414,0.302724,0.609678,0.962205,2.596018
1987-09-12,0.000000,Test,-0.297455,-0.189766,-0.201446,-0.187602,-0.060006,-0.004277,0.058359,0.271781,0.562520,0.906164,2.529523
1987-09-13,0.000000,Test,-0.295784,-0.191120,-0.204140,-0.191863,-0.063298,-0.012149,0.047901,0.255612,0.536907,0.881009,2.500180
1987-09-14,0.000000,Test,-0.293290,-0.191892,-0.205815,-0.194674,-0.064510,-0.015145,0.044055,0.250735,0.532233,0.882877,2.505385
1987-09-15,0.000000,Test,-0.309669,-0.196343,-0.216412,-0.200062,-0.062352,-0.016784,0.044133,0.253894,0.553586,0.928403,2.624679
1987-09-16,0.000000,Test,-0.301530,-0.204878,-0.219754,-0.208392,-0.070786,-0.028228,0.030586,0.240387,0.529433,0.923484,2.587460
1987-09-17,0.000000,Test,-0.268773,-0.178032,-0.199276,-0.193097,-0.059105,-0.022593,0.031261,0.221798,0.479398,0.838562,2.438096
1987-09-18,0.000000,Test,-0.262845,-0.174287,-0.195840,-0.192490,-0.061282,-0.025004,0.025536,0.207233,0.449528,0.781444,2.337966
1987-09-19,0.000000,Test,-0.263497,-0.155273,-0.190430,-0.182491,-0.045223,-0.010709,0.038897,0.216932,0.463752,0.783887,2.370469
1987-09-20,0.000000,Test,-0.242598,-0.138479,-0.180981,-0.173642,-0.028710,0.000100,0.047077,0.229167,0.474659,0.817215,2.450089
1987-09-21,0.000000,Test,-0.189413,-0.113266,-0.142973,-0.151296,-0.009725,0.024739,0.075122,0.258517,0.502888,0.842315,2.416624
1987-09-22,0.000000,Test,-0.182030,-0.127805,-0.155398,-0.163146,0.013482,0.031621,0.082807,0.276850,0.534631,0.989884,2.906571
1987-09-23,0.000000,Test,-0.264845,-0.154300,-0.177883,-0.172202,0.015801,0.042822,0.089014,0.322530,0.681023,1.212479,3.592820
1987-09-24,0.000000,Test,-0.275423,-0.154988,-0.173711,-0.167336,0.019711,0.047892,0.100728,0.337153,0.705484,1.247105,3.616749
1987-09-25,0.000000,Test,-0.397745,-0.213574,-0.154392,-0.167987,0.146702,0.181076,0.275599,0.614697,1.374757,2.461759,7.720466
1987-09-26,0.000000,Test,-0.396682,0.045512,0.130611,0.117937,0.787221,0.836669,1.113925,1.925128,4.205602,6.779878,23.040550
1987-09-27,0.000000,Test,-0.421972,-0.020309,0.073852,0.053095,0.704050,0.723697,1.046058,2.046684,4.543660,7.405814,22.321047
1987-09-28,0.281343,Test,-0.344230,-0.062352,0.050149,0.008509,0.421354,0.469259,0.724074,1.364676,2.874003,4.602110,11.722758
1987-09-29,0.562686,Test,-0.284775,-0.096088,-0.027369,-0.074485,0.224557,0.257026,0.420678,0.842017,1.727970,2.860435,7.090748
1987-09-30,0.562686,Test,-0.260155,-0.095036,-0.056148,-0.094743,0.169850,0.195827,0.341415,0.706253,1.441585,2.395052,5.838373
1987-10-01,0.527518,Validation,-0.207922,-0.061267,-0.065762,-0.091753,0.148731,0.163640,0.298768,0.621062,1.230323,2.024684,4.929248
1987-10-02,0.527518,Validation,-0.175176,-0.033092,-0.071920,-0.082931,0.169462,0.181838,0.315493,0.645319,1.279957,2.086125,5.068165
1987-10-03,0.597854,Validation,-0.169626,-0.015511,-0.063907,-0.058249,0.214133,0.237652,0.381052,0.739416,1.504929,2.425969,5.785532
1987-10-04,0.984701,Validation,-0.205555,-0.053815,-0.069636,-0.075756,0.182063,0.213142,0.355493,0.717184,1.458731,2.359320,5.694118
1987-10-05,0.914365,Validation,-0.279218,-0.131578,-0.150890,-0.143982,0.146824,0.192052,0.334692,0.760915,1.703159,2.858332,7.099288
1987-10-06,0.914365,Validation,-0.384949,-0.170597,-0.155292,-0.098957,0.228473,0.315575,0.502099,1.065937,2.448503,3.963595,9.484183
1987-10-07,0.914365,Validation,-0.425002,-0.224467,-0.194601,-0.146820,0.190644,0.258697,0.450717,1.033421,2.415087,4.085435,9.601007
1987-10-08,0.914365,Validation,-0.349316,-0.194732,-0.123240,-0.098150,0.194800,0.289880,0.484282,1.014143,2.210784,3.610500,7.939076
1987-10-09,0.914365,Validation,-0.372030,-0.195759,-0.179834,-0.112623,0.211264,0.322452,0.511555,1.100084,2.505547,4.043810,9.042205
1987-10-10,0.914365,Validation,-0.287704,-0.026506,0.015567,0.238423,0.584678,0.832349,1.204264,1.970470,3.930904,5.598091,10.251736
1987-10-11,0.914365,Validation,-0.250579,-0.011164,0.006718,0.171772,0.502233,0.702850,1.013877,1.684040,3.346746,4.833628,9.100768
1987-10-12,0.914365,Validation,-0.229524,-0.072065,-0.019958,0.057335,0.330735,0.505131,0.733430,1.287737,2.551184,3.728798,7.295204
1987-10-13,0.914365,Validation,-0.204867,-0.054245,-0.028910,0.038719,0.304747,0.453694,0.666400,1.180667,2.289861,3.311778,6.527668
1987-10-14,0.914365,Validation,-0.520912,-0.281715,-0.193153,-0.116084,0.334508,0.528245,0.774417,1.650785,4.219459,7.191379,18.646780
1987-10-15,6.013709,Validation,-0.515388,0.074420,0.306637,0.723118,1.815603,2.313372,3.200661,5.669758,14.484597,21.220232,56.329735
1987-10-16,26.797931,Validation,-0.160349,0.905556,1.470260,2.918579,5.272110,6.445975,9.384294,15.132633,32.228249,43.165939,75.606758
1987-10-17,10.480031,Validation,-0.144077,0.579513,1.056308,1.972445,3.297868,4.161963,5.954007,9.089599,17.677120,23.238264,36.834476
1987-10-18,7.103913,Validation,-0.342686,-0.042884,0.151738,0.412528,0.895871,1.254264,1.777466,2.935461,5.825624,7.978281,13.807153
1987-10-19,6.048877,Validation,-0.635320,-0.290774,-0.055879,0.357082,1.186770,1.722508,2.419906,4.628170,11.865823,19.060205,40.140259
1987-10-20,6.084045,Validation,0.125517,1.596122,2.592336,5.760845,9.359406,11.883716,15.942168,24.530745,45.329330,59.421192,89.438972
1987-10-21,6.365388,Validation,0.747962,2.731139,3.886715,7.289312,10.887337,12.682619,16.731148,23.096100,36.341320,45.860733,63.503300
1987-10-22,6.084045,Validation,0.281813,1.471903,2.133643,4.108978,6.218355,7.272940,9.634924,13.330305,21.210356,27.052441,37.185677
1987-10-23,6.048877,Validation,0.373750,1.554578,2.217082,4.158188,6.202864,7.152274,9.273564,12.526951,19.186487,24.234938,32.273449
1987-10-24,6.048877,Validation,0.331897,1.345770,1.967183,3.617790,5.426208,6.256429,8.099736,10.926178,16.692802,20.808064,27.306719
1987-10-25,5.943373,Validation,0.170335,0.905605,1.438077,2.671205,4.086932,4.784944,6.262432,8.665087,13.468832,16.540796,21.572258
1987-10-26,6.541227,Validation,-0.174242,0.356724,0.792936,1.848959,3.177664,3.682444,4.979964,7.473086,12.664665,16.158682,22.922073
1987-10-27,10.866877,Validation,0.734837,2.156294,3.046441,5.538067,8.189783,9.012133,11.161365,14.625756,21.589622,26.395437,36.021351
1987-10-28,10.444863,Validation,0.851966,2.143634,2.948673,5.141737,7.006963,8.195200,10.012884,12.808867,17.782845,21.014988,26.013983
1987-10-29,8.580965,Validation,0.631336,1.653877,2.290925,3.997494,5.576765,6.542380,8.082052,10.423148,14.521253,17.187094,21.117619
1987-10-30,9.038147,Validation,-0.559012,-0.004006,0.496188,1.745913,3.416578,4.724344,6.579830,11.151498,25.917810,39.198559,69.459732
1987-10-31,31.475260,Validation,2.130553,5.893778,8.426912,14.791376,21.306433,24.024750,29.636700,39.212704,58.862961,70.258209,102.612076
1987-11-01,19.694017,Validation,1.869339,4.852583,6.998304,11.820971,16.666775,18.686287,22.679676,29.443102,42.333847,49.795387,68.730995
1987-11-02,14.348498,Validation,0.745167,2.125150,3.378420,5.961888,8.632945,9.919834,12.291220,16.369926,24.251335,28.668167,37.020863
1987-11-03,11.992250,Validation,0.607600,1.817755,2.744483,4.820577,7.143385,7.908999,9.807673,12.921578,18.899181,22.383959,28.847914
1987-11-04,10.198687,Validation,0.304684,1.118290,1.835494,3.310758,4.937283,5.660318,7.165289,9.748007,14.420232,16.897282,20.959558
1987-11-05,9.002979,Validation,0.262488,0.982415,1.582448,2.872626,4.315601,4.952670,6.289782,8.584495,12.531846,14.547606,17.732079
1987-11-06,7.983111,Validation,0.819621,1.925413,2.841784,4.679398,6.658201,7.432670,8.987229,11.543032,15.750806,17.562834,20.663212
1987-11-07,7.490760,Validation,0.458720,1.300128,1.847285,3.246330,4.763518,5.421490,6.708961,8.807030,12.272625,13.957408,16.810036
1987-11-08,7.385256,Validation,0.124931,0.670502,0.993905,1.905559,2.890051,3.455787,4.402519,6.072196,8.721860,10.024714,12.475435
1987-11-09,6.892906,Validation,0.032626,0.457743,0.660695,1.333255,2.039038,2.557396,3.308787,4.637545,6.740946,7.830565,10.102159
1987-11-10,6.154380,Validation,-0.055373,0.277672,0.428722,0.927745,1.481552,1.915315,2.513705,3.637637,5.412903,6.310550,8.560761
1987-11-11,5.978541,Validation,-0.035709,0.230958,0.317530,0.688560,1.079544,1.484835,1.953668,2.802881,4.167096,4.872814,6.898508
1987-11-12,5.662030,Validation,-0.078252,0.148381,0.210613,0.494450,0.846240,1.183407,1.567061,2.316494,3.544629,4.215054,6.325948
1987-11-13,6.611563,Validation,-0.144741,0.086705,0.167150,0.516242,0.992268,1.368182,1.831071,2.794858,4.645453,6.024624,9.399877
1987-11-14,8.405125,Validation,-0.150013,0.155515,0.270547,0.702035,1.142328,1.618149,2.119778,3.139524,5.184843,6.468323,10.084737
1987-11-15,7.420424,Validation,-0.096221,0.144572,0.226776,0.539693,0.908403,1.291283,1.692239,2.513442,4.037753,5.022621,7.784029
1987-11-16,6.963242,Validation,-0.181675,0.028296,0.132401,0.397773,0.767115,1.094764,1.446351,2.287219,3.768305,4.721521,7.575893
1987-11-17,6.506059,Validation,-0.096666,0.104178,0.174882,0.441100,0.770842,1.108095,1.464445,2.212289,3.517160,4.337799,6.673225
1987-11-18,6.084045,Validation,-0.078566,0.145796,0.222729,0.524984,0.870217,1.234674,1.614076,2.381210,3.646238,4.357177,6.518049
1987-11-19,6.048877,Validation,-0.078909,0.083024,0.133261,0.333398,0.604109,0.906242,1.189404,1.790600,2.782286,3.351077,5.308234
1987-11-20,5.978541,Validation,-0.053991,0.087005,0.133129,0.304740,0.553113,0.841080,1.095283,1.640323,2.526202,3.031072,4.861526
1987-11-21,5.662030,Validation,-0.049668,0.116263,0.163645,0.386043,0.647849,0.972544,1.266784,1.858461,2.816377,3.309447,5.122831
1987-11-22,5.626862,Validation,-0.029608,0.103663,0.145964,0.325944,0.559528,0.860812,1.113154,1.634777,2.477375,2.908832,4.629849
1987-11-23,5.556526,Validation,-0.017894,0.166059,0.214000,0.461324,0.750288,1.097809,1.402759,2.002316,2.988143,3.469634,5.351155
1987-11-24,5.275183,Validation,0.016897,0.221618,0.322623,0.639323,1.000497,1.442666,1.800048,2.489501,3.630766,4.162071,6.312802
1987-11-25,5.169680,Validation,0.151220,0.489421,0.665729,1.179395,1.704834,2.274522,2.787433,3.677160,5.102985,5.799237,8.091461
1987-11-26,4.853169,Validation,0.189276,0.541606,0.744491,1.296177,1.860181,2.465510,3.001650,3.919143,5.393320,6.115856,8.606856
1987-11-27,4.782833,Validation,0.289946,0.727324,0.982190,1.646630,2.318049,2.980112,3.594074,4.597963,6.201211,7.014082,9.565601
1987-11-28,4.501490,Validation,0.276153,0.695338,0.943905,1.591591,2.245491,2.903268,3.506196,4.495595,6.078195,6.867550,9.474513
1987-11-29,4.431154,Validation,0.383083,0.884681,1.189405,1.954257,2.715713,3.433748,4.110253,5.178083,6.887642,7.752147,10.490994
1987-11-30,4.431154,Validation,0.386423,0.892265,1.199064,1.974113,2.747197,3.465968,4.151965,5.231426,6.962752,7.832607,10.579518
1987-12-01,4.184979,Validation,0.362782,0.844595,1.139537,1.872646,2.617530,3.313082,3.977936,5.035150,6.730976,7.594752,10.256353
1987-12-02,4.079475,Validation,0.406268,0.866192,1.102247,1.856754,2.589762,3.310530,3.953022,4.947239,6.664892,7.681129,11.392130
1987-12-03,4.571825,Validation,-0.034413,0.520480,0.783434,1.564098,2.468364,3.319713,4.220621,5.913667,9.895336,12.768760,20.373634
1987-12-04,7.525928,Validation,0.011286,0.904788,1.190414,2.424839,3.831942,5.055336,6.548733,9.622314,16.940662,21.391298,35.120010
1987-12-05,7.596264,Validation,0.284623,1.356022,1.820733,3.491062,5.311638,6.637489,8.472727,11.966998,19.303175,24.224676,35.651234
1987-12-06,7.385256,Validation,0.772895,2.240314,3.247029,5.722311,8.189070,9.713433,12.123400,16.116255,23.513138,28.863400,37.714077
1987-12-07,6.998410,Validation,1.412750,3.283906,4.468780,7.326519,9.933032,11.353354,13.547849,17.099300,23.058817,27.683548,34.536797
1987-12-08,6.892906,Validation,3.530132,6.974027,9.038123,13.532760,16.801952,18.566488,20.960087,25.022360,31.549372,36.226147,45.262302
1987-12-09,6.541227,Validation,2.698878,5.305329,7.152328,10.796843,13.583387,15.443121,17.638931,21.275932,26.957310,30.817492,37.110947
1987-12-10,10.655870,Validation,1.170592,3.288101,5.336175,9.230564,13.492935,16.159214,20.614111,27.050123,40.821850,53.248425,74.310890
1987-12-11,24.301011,Validation,10.631078,20.375433,26.093748,34.017628,41.314247,43.712437,48.804901,55.906624,70.439217,79.324135,103.018723
1987-12-12,18.533477,Validation,7.385064,13.924059,17.996933,24.222658,29.235456,31.282797,34.447144,39.802971,48.989658,55.095360,69.787827
1987-12-13,22.401945,Validation,13.415832,23.324293,30.582127,37.648735,44.704094,47.074245,52.932858,59.204639,74.896255,84.376442,106.834297
1987-12-14,28.978340,Validation,22.990231,39.327423,46.725594,54.062710,60.124485,61.356979,65.998466,71.762886,88.289871,96.370476,118.666412
1987-12-15,27.501288,Validation,12.770985,22.570805,28.465130,35.254364,41.839165,42.852493,47.152897,52.960083,65.629013,71.634941,93.203773
1987-12-16,23.773492,Validation,7.805389,14.288339,18.851313,25.161386,30.980461,32.233700,36.164345,41.801399,52.609634,57.877144,75.954475
1987-12-17,21.839258,Validation,7.233268,13.004430,17.113792,22.766434,28.121317,29.044886,32.565956,37.564526,47.066601,51.489712,67.444298
1987-12-18,19.518178,Validation,8.581827,14.471392,18.639286,23.502747,27.902565,29.202930,31.503551,35.536839,42.470402,45.235081,56.971943
1987-12-19,17.126761,Validation,10.579462,17.085854,21.250334,25.735556,29.022398,30.457146,32.201786,35.084793,40.120262,42.308617,51.595707
1987-12-20,15.473871,Validation,11.384891,18.218689,22.151012,26.646629,29.072374,30.817463,32.305275,34.626152,38.571995,39.923233,48.031170
1987-12-21,14.102323,Validation,7.483114,12.485765,15.495370,19.739719,21.971956,23.897804,25.469213,27.814909,31.069052,31.867214,37.435722
1987-12-22,13.223126,Validation,4.669225,8.098519,10.262999,13.782939,15.946884,17.632107,19.220339,21.495600,24.568966,25.342318,29.133780
1987-12-23,12.062586,Validation,3.437985,6.095795,7.783329,10.806759,12.864502,14.389729,15.908618,18.041424,21.013327,21.838186,24.945358
1987-12-24,11.324060,Validation,2.334012,4.334932,5.520577,7.981198,9.790666,11.045598,12.482888,14.430553,17.193953,18.173676,20.600681
1987-12-25,10.726206,Validation,2.305374,4.361899,5.566394,8.033355,9.999618,11.122211,12.566827,14.637632,17.458088,18.533674,21.085772
1987-12-26,10.128352,Validation,2.273022,4.288503,5.517020,7.976171,9.940665,11.103218,12.502352,14.619196,17.415058,18.384708,20.957708
1987-12-27,9.530498,Validation,1.673181,3.146839,4.047478,5.985687,7.586132,8.687187,9.894537,11.592553,14.099392,15.072700,17.493488
1987-12-28,9.002979,Validation,1.877359,3.422731,4.451491,6.474967,8.188346,9.366673,10.550676,12.267136,14.842329,15.722294,18.463863
1987-12-29,8.510629,Validation,1.308128,2.505830,3.231888,4.831098,6.232988,7.231369,8.278214,9.753972,11.986511,12.960519,15.394394
1987-12-30,8.440293,Validation,1.160856,2.230757,2.889728,4.361538,5.705831,6.679877,7.667847,9.095673,11.282768,12.297492,14.920072
1987-12-31,9.389826,Validation,0.964893,1.983702,2.541831,4.034472,5.493761,6.433376,7.627516,9.315394,12.132532,14.213759,17.921173
1988-01-01,9.565666,Training,0.794784,1.848208,2.496606,4.031495,5.467827,6.540116,7.640931,9.492740,12.665236,14.822363,19.161282
1988-01-02,9.002979,Training,0.610044,1.512303,1.970096,3.253062,4.607458,5.419788,6.463593,8.248704,11.187848,13.724194,18.181942
1988-01-03,9.882176,Training,0.551877,1.511723,1.973252,3.379642,4.760230,5.640372,6.738097,8.670316,11.932346,14.670162,19.909693
1988-01-04,9.565666,Training,0.455409,1.336412,1.755630,3.010613,4.334307,5.164049,6.234728,8.172071,11.452209,14.283768,19.511223
1988-01-05,10.093184,Training,0.131091,0.906530,1.286533,2.349143,3.673408,4.723369,6.022515,8.606762,13.706664,17.996454,28.210535
1988-01-06,26.833098,Training,1.855073,4.264861,5.597585,9.118212,12.344059,14.637555,16.997232,21.383583,29.159416,35.372295,50.275330
1988-01-07,29.716865,Training,2.253789,4.391776,5.929228,8.820553,11.419180,13.378642,15.167439,18.460775,23.740513,28.020260,35.824364
1988-01-08,25.989069,Training,2.697153,5.236439,6.986117,10.237211,12.773815,14.544737,16.310274,19.570679,24.073914,27.450354,32.447773
1988-01-09,22.401945,Training,2.993584,5.642267,7.397416,10.564533,13.012258,14.629048,16.242582,19.195501,22.982571,25.670853,29.841925
1988-01-10,20.327039,Training,3.407347,6.146258,7.834002,10.945168,13.365109,14.965297,16.431623,18.923632,22.550289,25.026999,29.895889
1988-01-11,18.638981,Training,3.194842,6.032058,7.612496,10.811890,13.231943,14.683441,16.250931,18.908480,22.577862,25.112934,29.718660
1988-01-12,17.197097,Training,3.493798,6.425311,8.128824,11.490795,14.045953,15.593953,17.122076,19.866093,24.055393,27.068811,33.013805
1988-01-13,30.701566,Training,4.455869,8.093481,10.744302,15.291430,18.935463,21.314219,23.695229,28.178600,35.475342,41.541397,54.860203
1988-01-14,29.154179,Training,9.004516,15.402435,20.249882,27.003050,32.231503,36.018990,39.180531,45.518547,57.479904,65.812790,87.060379
1988-01-15,42.095962,Training,13.312646,22.885933,28.990602,36.595257,42.209038,45.674362,49.409756,56.347546,69.526817,77.478775,96.679405
1988-01-16,45.296240,Training,13.894488,23.516665,29.684521,36.387791,40.929638,43.930847,46.231026,52.284798,61.378391,67.020500,80.705803
1988-01-17,38.544005,Training,10.564431,18.097124,22.833361,28.556435,32.201981,34.454361,36.265011,40.904568,46.949036,51.134319,60.955681
1988-01-18,31.756603,Training,12.944121,21.115971,25.881416,31.192318,33.982082,36.236855,37.473267,40.901852,45.840572,48.701168,58.204601
1988-01-19,30.349887,Training,10.622693,18.050325,21.818535,27.422482,30.521444,32.068371,33.851368,37.408562,43.202759,47.078293,56.941517
1988-01-20,25.848398,Training,10.068589,16.214884,20.572376,25.571653,28.694561,31.327799,32.389790,35.806133,41.025070,44.550335,54.579140
1988-01-21,23.034967,Training,7.162334,12.295100,15.583941,20.218765,23.046249,25.367788,26.677567,29.980631,34.089153,36.490009,43.429653
1988-01-22,20.467711,Training,5.664192,9.923248,12.758837,16.804564,19.898466,21.691034,23.039724,26.329401,30.075468,32.416748,38.607738
1988-01-23,18.849988,Training,5.548759,9.836862,12.405080,16.465567,19.501947,21.149578,22.495064,25.585419,29.224018,31.351368,37.603031
1988-01-24,19.096163,Training,3.543572,6.607985,8.788678,12.211286,15.904074,17.024725,19.123398,22.672791,28.180399,32.643269,41.747868
1988-01-25,20.291871,Training,3.330955,6.795168,8.857033,13.189689,16.718225,18.474558,20.429901,24.653574,30.927889,36.009430,47.400375
1988-01-26,19.412674,Training,2.790065,5.997394,8.159263,12.521179,16.546576,18.943163,21.748045,26.991707,35.005833,42.270515,57.738243
1988-01-27,27.325449,Training,4.018926,8.684075,11.780333,17.986769,23.412100,26.959198,31.004416,38.280224,49.676830,59.010666,79.603867
1988-01-28,27.501288,Training,7.775805,14.936273,18.889654,25.784237,30.596849,33.404770,36.184593,42.530807,51.095024,57.244839,71.433304
1988-01-29,36.433932,Training,7.150737,14.363340,19.521427,26.045177,32.926960,36.962795,41.593376,50.157524,61.638649,72.936188,94.798294
1988-01-30,38.684677,Training,18.041414,32.228184,39.066391,47.874756,53.875118,56.954254,60.339783,67.909271,80.532387,88.425819,107.233978
1988-01-31,35.132720,Training,13.141483,23.498817,28.741936,35.779377,40.449535,42.580105,44.864429,50.668365,58.881527,65.042183,78.498444
1988-02-01,37.418633,Training,17.426758,30.130726,36.830250,43.914394,49.198730,51.303699,54.946682,61.237957,73.045486,81.210693,96.369850
1988-02-02,34.921713,Training,16.946489,28.598564,34.904179,42.013992,46.135296,48.767925,50.776554,56.624931,65.440514,71.136787,84.621948
1988-02-03,31.826939,Training,13.874929,23.952967,29.799702,36.418633,41.130280,43.576340,47.112984,53.341522,63.759857,70.964066,84.481194
1988-02-04,45.366575,Training,19.555893,34.335552,40.997467,49.132038,54.376949,56.617828,59.933189,66.931496,79.476814,87.011765,104.328560
1988-02-05,42.271801,Training,17.181097,29.965311,36.507977,43.365784,49.006062,50.769291,54.115860,60.408615,72.192863,79.812790,96.605003
1988-02-06,67.909191,Training,25.538874,41.851967,50.415989,57.574345,63.067722,65.861603,69.691032,76.574707,92.167534,100.948715,119.621979
1988-02-07,61.543804,Training,26.942556,41.867508,50.176750,56.158951,60.483917,63.082745,64.052498,69.506310,79.979759,86.315025,103.405800
1988-02-08,52.927671,Training,21.077589,33.965702,40.041988,45.792862,48.853580,50.387787,51.482269,55.564529,62.645847,67.106995,79.022285
1988-02-09,45.296240,Training,19.495041,31.211025,36.499638,41.669197,44.517288,45.594090,46.637810,49.732563,55.891205,59.773048,71.117424
1988-02-10,38.719845,Training,19.704842,29.533802,35.071484,39.581177,41.450134,43.614876,44.001945,46.041088,50.801609,53.168587,63.495266
1988-02-11,33.831508,Training,18.041586,28.119370,32.735882,38.081356,40.218975,41.937485,42.496239,44.538742,49.691883,52.668369,63.788963
1988-02-12,30.244384,Training,14.165090,21.785643,26.568914,31.189875,33.617313,36.039944,36.549984,38.811085,43.070900,45.290230,54.935913
1988-02-13,27.044106,Training,11.603656,18.284929,22.457464,26.911528,29.338146,31.712994,32.362591,34.590530,38.154907,39.593281,47.826256
1988-02-14,24.054835,Training,8.678333,14.486112,17.904753,22.210045,24.874054,26.809465,27.773394,30.444948,33.717857,35.001045,42.066849
1988-02-15,21.346908,Training,6.197311,10.672430,13.533515,17.278980,20.217983,21.800552,22.886854,25.698246,28.855036,30.171705,36.010654
1988-02-16,19.483010,Training,6.050771,10.426387,13.167192,16.959602,19.631756,21.409449,22.431541,25.118135,28.058489,28.890965,34.492588
1988-02-17,17.900455,Training,4.585959,8.082703,10.340496,13.704531,16.177982,17.795052,18.884752,21.429377,24.254847,24.960606,29.422125
1988-02-18,16.915754,Training,4.205930,7.435976,9.573884,12.781638,15.220547,16.818710,17.885191,20.338879,23.143215,23.743647,28.006540
1988-02-19,15.544206,Training,3.747381,6.673000,8.665483,11.733296,14.161634,15.775970,16.808929,19.237385,22.065683,22.650829,26.807909
1988-02-20,14.735345,Training,2.735503,5.106449,6.673084,9.354846,11.602870,12.975588,14.071897,16.434874,19.222425,20.054798,23.460438
1988-02-21,14.102323,Training,2.821952,5.275554,6.901446,9.681902,12.050960,13.462788,14.542743,16.998968,19.879038,20.719168,24.472527
1988-02-22,14.629841,Training,2.074463,4.039250,5.361606,7.705446,10.093615,11.146402,12.249801,14.613602,17.614393,18.947073,22.515863
1988-02-23,14.031987,Training,1.581682,3.194241,4.214650,6.253144,8.298668,9.314642,10.387478,12.528034,15.386831,16.915709,20.169680
1988-02-24,12.730775,Training,0.982464,2.069538,2.751461,4.264620,5.759591,6.725141,7.663169,9.477926,11.931756,13.343343,15.943962
1988-02-25,11.957082,Training,0.869981,1.716826,2.243159,3.320703,4.421606,5.309944,6.035991,7.301688,9.142686,10.379982,13.118975
1988-02-26,11.324060,Training,0.945528,1.807864,2.375866,3.488454,4.630352,5.559425,6.288805,7.544025,9.407675,10.619682,13.629930
1988-02-27,10.726206,Training,0.948898,1.783463,2.330398,3.479797,4.572017,5.542247,6.301315,7.545867,9.397068,10.454995,14.086736
1988-02-28,10.198687,Training,0.853771,1.691074,2.234677,3.328563,4.472072,5.374588,6.097752,7.404847,9.279196,10.427317,13.133512
1988-02-29,10.128352,Training,0.814012,1.694343,2.242617,3.430880,4.655597,5.549315,6.333550,7.805016,9.831957,10.971941,13.389610
1988-03-01,9.636001,Training,0.727163,1.467119,1.913555,2.848308,3.800111,4.617861,5.279193,6.444533,8.097745,9.208169,11.744176
1988-03-02,9.002979,Training,0.744121,1.457749,1.916418,2.842880,3.789314,4.638462,5.283222,6.425439,8.075656,9.184645,11.994015
1988-03-03,8.510629,Training,0.746633,1.496733,1.952880,2.893507,3.854656,4.677337,5.340373,6.500803,8.158184,9.272706,11.838808
1988-03-04,8.369957,Training,0.728555,1.492993,1.933755,2.879296,3.830243,4.629055,5.306992,6.479872,8.133451,9.240312,11.666981
1988-03-05,7.947943,Training,0.726160,1.424748,1.875138,2.788959,3.719227,4.566689,5.204055,6.339084,7.980751,9.076995,11.949561
1988-03-06,7.490760,Training,0.679988,1.441889,1.852979,2.793501,3.713558,4.482529,5.170245,6.363880,8.004383,9.096397,11.388550
1988-03-07,7.385256,Training,0.666140,1.434844,1.835825,2.780548,3.692214,4.443472,5.143106,6.349325,7.984998,9.088629,11.321437
1988-03-08,6.998410,Training,0.658203,1.429816,1.825306,2.769926,3.680600,4.416455,5.121639,6.340807,7.974748,9.113276,11.336143
1988-03-09,6.963242,Training,0.674364,1.459685,1.861371,2.819005,3.740810,4.479184,5.191143,6.412948,8.053821,9.203082,11.434552
1988-03-10,6.892906,Training,0.695001,1.499061,1.909340,2.887071,3.827487,4.569145,5.291734,6.521946,8.176757,9.337175,11.574381
1988-03-11,6.506059,Training,0.724520,1.557783,1.987932,2.990458,3.985580,4.714475,5.459203,6.718478,8.413457,9.627950,11.880452
1988-03-12,6.084045,Training,0.654075,1.434645,1.857157,2.790714,3.807842,4.479777,5.200138,6.478014,8.192369,9.398883,11.712608
1988-03-13,6.048877,Training,0.551254,1.235507,1.596947,2.409833,3.275720,3.924860,4.567325,5.736861,7.277208,8.378935,10.580500
1988-03-14,6.048877,Training,0.542975,1.220557,1.572577,2.383300,3.226909,3.881918,4.517900,5.672667,7.185714,8.264305,10.423005
1988-03-15,6.048877,Training,0.580803,1.287501,1.639069,2.501549,3.329883,4.027277,4.681245,5.827100,7.338392,8.395108,10.514789
1988-03-16,5.978541,Training,0.498564,1.169391,1.506368,2.279375,3.158421,3.750393,4.371743,5.547479,7.092551,8.141348,10.519354
1988-03-17,5.662030,Training,0.554182,1.256222,1.620716,2.437784,3.335447,3.966379,4.612092,5.787648,7.347180,8.438186,10.734711
1988-03-18,5.626862,Training,0.465628,1.120457,1.471961,2.226170,3.084426,3.665913,4.281011,5.471342,6.982728,7.901879,10.212528
1988-03-19,5.556526,Training,0.410958,1.044091,1.389172,2.119618,2.940784,3.507516,4.113584,5.306272,6.776158,7.610438,9.855783
1988-03-20,5.275183,Training,0.397541,1.032468,1.375515,2.104151,2.910413,3.474621,4.078715,5.262881,6.703648,7.493452,9.682517
1988-03-21,5.204847,Training,0.636806,1.426254,1.794997,2.695151,3.646530,4.287916,4.962410,6.117507,7.669094,8.833127,11.173505
1988-03-22,5.204847,Training,0.667664,1.475274,1.845144,2.801458,3.695469,4.415436,5.109994,6.254022,7.804519,8.910897,11.128362
1988-03-23,5.204847,Training,0.496673,1.182283,1.532202,2.321904,3.197217,3.798703,4.433282,5.617218,7.156839,8.131224,10.462158
1988-03-24,5.169680,Training,0.548282,1.289082,1.675808,2.522209,3.465142,4.068071,4.740638,5.964087,7.555830,8.545782,10.933825
1988-03-25,4.853169,Training,0.576409,1.343791,1.738394,2.603914,3.562886,4.166338,4.846281,6.061415,7.645249,8.629318,11.004450
1988-03-26,4.782833,Training,0.634493,1.436062,1.839762,2.737401,3.713833,4.341071,5.034667,6.223979,7.808241,8.842878,11.177712
1988-03-27,4.501490,Training,0.645210,1.453474,1.855537,2.758996,3.730877,4.366030,5.062173,6.238736,7.814626,8.852073,11.160482
1988-03-28,4.395986,Training,0.634861,1.438873,1.836241,2.731994,3.696348,4.326024,5.020436,6.193579,7.762628,8.777406,11.086559
1988-03-29,4.114643,Training,0.740224,1.637804,2.028141,3.040590,4.040272,4.725417,5.457160,6.613052,8.212831,9.460602,11.849459
1988-03-30,4.079475,Training,0.768500,1.680374,2.075215,3.132542,4.086297,4.846361,5.585799,6.730179,8.357081,9.543709,11.951764
1988-03-31,4.079475,Training,0.727443,1.604958,2.018425,3.026827,3.992893,4.718864,5.455190,6.638290,8.268171,9.499191,11.828681
1988-04-01,4.079475,Training,0.807722,1.755410,2.208167,3.299284,4.309036,5.070412,5.843701,7.051997,8.726451,9.965011,12.320719
1988-04-02,4.184979,Training,0.832709,1.814242,2.251152,3.417085,4.494940,5.308635,6.080878,7.313625,9.187315,10.688169,13.626564
1988-04-03,4.431154,Training,0.757899,1.778155,2.221150,3.446402,4.579349,5.436239,6.240469,7.623545,9.800450,11.674191,15.232181
1988-04-04,4.431154,Training,0.633996,1.626497,2.070871,3.307372,4.490293,5.387015,6.215159,7.791708,10.324064,12.689848,16.951511
1988-04-05,4.431154,Training,0.772845,1.928384,2.495476,3.940912,5.309901,6.305045,7.240913,9.009297,11.855479,14.437983,19.199896
1988-04-06,4.431154,Training,0.827355,2.011957,2.635422,4.082891,5.563687,6.496113,7.458454,9.275747,12.101196,14.780599,19.354319
1988-04-07,4.395986,Training,1.170347,2.613299,3.407625,5.090270,6.728642,7.736633,8.780584,10.637858,13.453170,16.007015,20.298691
1988-04-08,4.114643,Training,1.593194,3.396146,4.300009,6.273693,8.041395,9.091565,10.222378,12.086464,14.903464,17.422451,21.806553
1988-04-09,4.044307,Training,1.582609,3.340921,4.250901,6.161014,7.871439,8.928026,10.050288,11.867439,14.588330,16.904299,20.944448
1988-04-10,3.798132,Training,1.545858,3.241360,4.131735,5.950170,7.626979,8.627961,9.744505,11.496286,14.080629,16.244896,19.917448
1988-04-11,4.114643,Training,1.411718,3.148181,4.068319,6.063939,7.942788,9.171688,10.423120,12.595351,16.078857,19.729977,25.591709
1988-04-12,5.591694,Training,1.004585,2.857261,3.727094,6.058091,8.528600,9.877283,11.405749,14.304163,19.750710,24.873278,35.858059
1988-04-13,6.084045,Training,0.959961,2.685256,3.567304,5.745646,8.182382,9.285645,10.759153,13.648994,18.543940,23.008852,32.503845
1988-04-14,7.139081,Training,0.862561,2.377896,3.337965,5.305949,7.436618,8.443756,9.854537,12.572510,16.930414,20.309912,26.819815
1988-04-15,6.506059,Training,1.099302,2.766666,3.814986,5.794749,7.927647,8.867288,10.239653,12.775593,16.625259,19.543200,24.943832
1988-04-16,5.732366,Training,1.667247,3.655258,4.852971,6.961597,9.194912,10.074387,11.422852,13.747483,17.116852,19.658281,24.455858
1988-04-17,5.767534,Training,1.663102,3.643422,4.756664,6.850777,9.118819,9.915581,11.286424,13.530622,16.867744,19.921825,25.258352
1988-04-18,7.736935,Training,1.170752,3.016354,4.055287,6.279592,8.660268,9.825594,11.318820,14.276143,18.737394,23.311060,31.563179
1988-04-19,9.284322,Training,1.449475,3.673126,4.693645,7.307372,9.888665,11.005992,12.616052,15.492730,20.271492,24.764006,33.766979
1988-04-20,8.440293,Training,1.656172,3.780988,5.072596,7.613083,10.122575,11.286180,12.810777,15.665895,20.008379,23.488840,29.970499
1988-04-21,7.561096,Training,1.392871,3.324777,4.491933,6.727129,9.030318,10.006024,11.471372,14.072719,17.992140,20.946392,26.515234
1988-04-22,7.701767,Training,1.715706,3.863020,4.952667,7.192137,9.491569,10.292986,11.671967,13.921232,17.303967,20.375587,26.078613
1988-04-23,8.369957,Training,1.804529,3.923357,4.950527,7.038437,8.914771,9.883098,11.212196,13.108850,16.038855,18.768412,23.167521
1988-04-24,7.947943,Training,1.763929,3.887148,4.837444,6.875809,8.781775,9.621211,10.949258,12.770000,15.620560,18.265884,22.835804
1988-04-25,7.420424,Training,1.883217,4.097441,5.029266,7.168488,8.907683,9.856312,11.179836,12.914834,15.605499,18.310307,22.597651
1988-04-26,6.998410,Training,1.729062,3.772970,4.777687,6.753006,8.568549,9.475060,10.774820,12.589197,15.400064,17.859955,22.092583
1988-04-27,6.822570,Training,1.667980,3.649079,4.637582,6.524360,8.320083,9.157275,10.442347,12.210038,14.919576,17.096325,21.171814
1988-04-28,6.154380,Training,1.738236,3.739404,4.741321,6.644469,8.421788,9.260003,10.529424,12.250820,14.866679,16.933876,20.793619
1988-04-29,6.048877,Training,1.745604,3.776574,4.766666,6.713994,8.560357,9.349899,10.638535,12.382846,15.035872,17.027901,20.930233
1988-04-30,6.048877,Training,1.528439,3.407571,4.227412,6.062473,7.791193,8.547476,9.767035,11.410510,14.052614,16.551661,20.946358
1988-05-01,8.264454,Training,1.233307,3.045499,3.749789,5.664705,7.349871,8.307677,9.537567,11.421012,14.655925,18.042601,23.792191
1988-05-02,10.444863,Training,1.139323,3.054008,3.715377,5.922390,7.736530,9.023835,10.468763,12.859064,17.053864,21.576855,29.114895
1988-05-03,14.067155,Training,1.218494,3.318614,4.130241,6.342799,8.420973,9.567695,11.115385,13.577341,17.902987,22.094683,30.126295
1988-05-04,15.087024,Training,1.399054,3.583258,4.426650,6.791110,8.966196,10.206695,11.806665,14.375944,18.763645,23.555105,31.649679
1988-05-05,22.612952,Training,1.183337,3.499619,4.397858,6.949481,9.488066,10.622136,12.481798,15.457313,20.624315,25.449812,35.769165
1988-05-06,25.496719,Training,1.361405,3.630374,4.559639,7.089242,9.515029,10.728399,12.605213,15.537037,20.461342,25.432119,34.573387
1988-05-07,28.872836,Training,1.355075,3.720557,4.639098,7.139763,9.616632,10.689347,12.475116,15.294686,20.077652,24.735806,34.204807
1988-05-08,26.200076,Training,1.396155,3.601027,4.587608,6.752248,8.905405,9.928077,11.580473,14.028146,18.045475,21.661318,28.633692
1988-05-09,23.070134,Training,1.490764,3.630441,4.647358,6.642820,8.623161,9.543390,11.053425,13.174262,16.529312,19.517738,25.160791
1988-05-10,20.256703,Training,1.718478,3.918417,4.967945,6.914262,8.814953,9.649877,11.097423,12.956861,15.906551,18.529131,23.413769
1988-05-11,19.447842,Training,1.688202,3.826914,4.785240,6.653743,8.457724,9.216306,10.617730,12.315362,15.006544,17.371006,21.826984
1988-05-12,17.197097,Training,1.729529,3.904917,4.814062,6.703115,8.495717,9.196197,10.587103,12.198111,14.797658,17.103458,21.485907
1988-05-13,15.473871,Training,1.642802,3.742138,4.632365,6.481822,8.233850,8.931231,10.296062,11.907913,14.482372,16.666754,20.911457
1988-05-14,14.102323,Training,1.447408,3.442973,4.250392,6.082916,7.852197,8.473665,9.809326,11.482768,14.101190,16.485872,21.141821
1988-05-15,13.152790,Training,1.308448,3.210099,4.062298,5.825175,7.509334,8.238377,9.565274,11.312187,14.046518,16.292753,20.730564
1988-05-16,13.363797,Training,1.344847,3.292805,4.109694,5.912242,7.655671,8.308586,9.634628,11.349289,14.035249,16.383837,21.003044
1988-05-17,12.238425,Training,1.473653,3.505662,4.355321,6.214632,8.009374,8.682057,9.994004,11.691296,14.458054,16.959259,21.783247
1988-05-18,12.308761,Training,1.477881,3.534696,4.408568,6.348299,8.231928,8.912669,10.264001,12.064577,15.012605,17.683558,22.788502
1988-05-19,13.117622,Training,1.353073,3.226351,4.161182,5.970646,7.727634,8.537155,9.862568,11.710518,14.659902,17.048168,21.578173
1988-05-20,11.253724,Training,1.112420,2.789919,3.635639,5.283845,6.875192,7.653215,8.927752,10.716936,13.456708,15.540089,19.585939
1988-05-21,10.128352,Training,0.799646,2.245409,2.913612,4.312016,5.583200,6.317827,7.430470,9.009424,11.334291,13.062048,16.594265
1988-05-22,10.339359,Training,0.775010,2.157880,2.801010,4.261780,5.646571,6.281952,7.454681,9.108005,11.582414,13.729668,17.697525
1988-05-23,10.866877,Training,0.680032,1.984647,2.577076,3.859717,5.058733,5.788209,6.829720,8.395988,10.774444,12.645809,16.452337
1988-05-24,9.600833,Training,0.652757,1.915321,2.493898,3.747118,4.894690,5.619243,6.659539,8.196651,10.460131,12.179750,15.589115
1988-05-25,9.002979,Training,0.611995,1.791459,2.338477,3.490467,4.577559,5.264717,6.222541,7.672270,9.784196,11.389908,14.684736
1988-05-26,9.002979,Training,0.566302,1.638863,2.090852,3.131715,4.105308,4.738623,5.601294,6.916658,8.771631,10.149141,13.095289
1988-05-27,8.932644,Training,0.615232,1.736280,2.165430,3.240792,4.255099,4.853550,5.734009,7.022857,8.877653,10.307564,13.338701
1988-05-28,8.510629,Training,0.692790,1.876590,2.306561,3.438592,4.513033,5.108553,6.014574,7.303757,9.230410,10.814365,14.009575
1988-05-29,8.440293,Training,0.660750,1.787717,2.257413,3.345447,4.360916,5.011387,5.904212,7.215696,9.140313,10.606841,13.592764
1988-05-30,8.405125,Training,0.607633,1.717639,2.179611,3.250552,4.242794,4.880267,5.776100,7.094021,8.990480,10.403077,13.339807
1988-05-31,8.088614,Training,0.594035,1.684547,2.158254,3.211736,4.184409,4.823782,5.702184,7.007174,8.859091,10.203189,13.039040
1988-06-01,7.139081,Training,0.403540,1.412759,1.850681,2.864497,3.724059,4.363962,5.203280,6.520278,8.309554,9.498441,12.073034
1988-06-02,6.506059,Training,0.226853,1.106809,1.472417,2.381671,3.104156,3.719066,4.452308,5.703214,7.337809,8.331964,10.666367
1988-06-03,6.048877,Training,0.225089,1.106344,1.472453,2.383423,3.106277,3.717056,4.455643,5.712915,7.354198,8.358369,10.679765
1988-06-04,5.626862,Training,0.378660,1.314410,1.714401,2.654935,3.463996,4.069555,4.855652,6.110436,7.767933,8.839732,11.246913
1988-06-05,5.275183,Training,0.395504,1.305641,1.694878,2.609598,3.413090,4.006992,4.785228,6.017093,7.647137,8.697700,11.079210
1988-06-06,5.099344,Training,0.176066,0.888068,1.181168,1.912807,2.524554,3.069504,3.706336,4.818687,6.235298,7.053705,9.187275
1988-06-07,4.536658,Training,0.166268,0.861203,1.146416,1.860614,2.461825,2.998149,3.626970,4.726320,6.133203,6.942277,9.069203
1988-06-08,5.802701,Training,0.309558,1.023176,1.352905,2.151595,2.953606,3.490972,4.215186,5.500266,7.325255,8.855466,11.861331
1988-06-09,7.455592,Training,0.058806,0.877414,1.154401,2.153374,3.100233,3.839015,4.734004,6.533504,10.013945,12.846089,19.719212
1988-06-10,7.314921,Training,-0.164771,0.442237,0.611804,1.269613,1.863726,2.531684,3.140331,4.764870,7.996117,10.225345,17.455200
1988-06-11,8.756804,Training,-0.142910,0.558673,0.778739,1.544335,2.273846,2.943092,3.692871,5.390737,8.661245,10.929360,17.761200
1988-06-12,7.983111,Training,-0.000504,0.809984,1.090919,2.016913,2.893308,3.586420,4.451054,6.209078,9.321222,11.708042,17.608225
1988-06-13,8.440293,Training,0.124654,1.029227,1.360061,2.494008,3.576270,4.393013,5.453874,7.494889,11.337820,14.550957,21.630032
1988-06-14,12.168089,Training,0.227952,1.402160,1.811205,3.145305,4.391350,5.284889,6.553017,8.764687,12.791968,15.912670,23.191004
1988-06-15,11.781242,Training,0.296617,1.411761,1.804448,3.170418,4.435293,5.328113,6.616829,8.862747,12.997966,16.552380,23.909758
1988-06-16,12.168089,Training,0.197141,1.393096,1.790250,3.192005,4.488106,5.362556,6.655874,8.931563,13.043731,16.375856,24.114731
1988-06-17,11.253724,Training,0.182971,1.317638,1.713914,3.014743,4.158676,4.995759,6.209964,8.311785,11.947100,14.844606,21.178459
1988-06-18,10.585534,Training,0.256909,1.330329,1.808650,3.035674,4.085253,4.939909,6.067412,7.972199,11.078539,13.404977,18.216978
1988-06-19,9.073315,Training,0.255306,1.303988,1.770622,2.949355,3.919332,4.728008,5.784510,7.535026,10.274584,12.288808,16.322025
1988-06-20,8.053446,Training,0.181550,1.184454,1.606145,2.734218,3.620095,4.380023,5.367722,7.010851,9.548803,11.356401,15.030044
1988-06-21,8.194118,Validation,0.065731,0.988774,1.335136,2.471803,3.339108,4.010435,5.007346,6.627959,9.348167,11.571835,15.807885
1988-06-22,8.827140,Validation,-0.109512,0.796996,1.085389,2.220955,3.038755,3.750680,4.719268,6.466275,9.576271,12.019403,17.327303
1988-06-23,8.440293,Validation,-0.079550,0.776171,1.082430,2.220445,3.074999,3.838280,4.864572,6.753219,10.223810,13.057914,19.065813
1988-06-24,9.213987,Validation,-0.155516,0.669326,0.971074,2.109885,2.975823,3.807688,4.890607,6.975688,11.098164,14.347814,21.829504
1988-06-25,9.213987,Validation,0.094862,1.113907,1.564915,2.826205,3.863081,4.799463,5.999804,8.132564,11.896180,14.598669,20.665918
1988-06-26,8.440293,Validation,0.217963,1.276991,1.782495,3.059693,4.141455,5.041829,6.220158,8.218025,11.595236,14.086658,19.191687
1988-06-27,7.455592,Validation,0.215968,1.250057,1.723099,2.915319,3.941401,4.749826,5.840088,7.641553,10.626833,12.850817,17.365570
1988-06-28,7.244585,Validation,0.303575,1.295776,1.693926,2.915098,4.045910,4.762264,5.881092,7.670631,10.833041,13.625116,19.008287
1988-06-29,8.545797,Validation,-0.000143,0.921856,1.224235,2.331414,3.289322,4.021011,5.039257,6.955287,10.409509,13.145635,19.628086
1988-06-30,14.172659,Validation,-0.014167,0.865457,1.154059,2.217870,3.134270,3.869639,4.870945,6.789802,10.268989,13.021339,19.458143
1988-07-01,14.102323,Training,0.065584,0.981422,1.344772,2.421986,3.374056,4.133961,5.170450,7.043304,10.341203,12.823307,18.508484
1988-07-02,12.062586,Training,0.108074,1.043347,1.374193,2.435708,3.395857,4.093946,5.078808,6.843077,9.861597,12.266360,17.641260
1988-07-03,10.691038,Training,0.264965,1.257657,1.654711,2.757230,3.791681,4.523152,5.554045,7.275381,10.235278,12.537343,17.490072
1988-07-04,11.077885,Training,0.044688,0.846935,1.121884,2.099221,2.974528,3.730021,4.656454,6.564374,10.182923,13.130448,19.945721
1988-07-05,14.735345,Training,0.025610,1.078603,1.346953,2.570659,3.744620,4.611110,5.828026,8.185292,13.035895,16.688612,26.451241
1988-07-06,17.267433,Training,0.037215,1.045340,1.330340,2.500805,3.585885,4.418297,5.574055,7.813184,12.140466,15.445338,23.838135
1988-07-07,18.322470,Training,0.181121,1.147450,1.574661,2.691604,3.699429,4.558976,5.665349,7.624603,11.098657,13.608451,19.378145
1988-07-08,16.317900,Training,0.299812,1.320949,1.785959,2.937026,3.986812,4.803881,5.900260,7.717911,10.779445,13.063363,17.912346
1988-07-09,14.629841,Training,0.126504,0.981922,1.404116,2.410715,3.265395,4.012437,4.985929,6.683058,9.425900,11.359797,15.385647
1988-07-10,12.730775,Training,0.025853,0.797814,1.160216,2.069219,2.776959,3.464107,4.326385,5.872232,8.285914,9.876804,13.255837
1988-07-11,11.288892,Training,0.024760,0.799608,1.155060,2.074265,2.775651,3.449425,4.298099,5.806942,8.124558,9.610682,12.789391
1988-07-12,9.706337,Training,0.025911,0.790295,1.131475,2.027774,2.706992,3.361108,4.175765,5.629409,7.807459,9.168871,12.167556
1988-07-13,8.932644,Training,0.100857,0.912518,1.263456,2.177203,2.886590,3.539597,4.349172,5.755321,7.786840,9.052864,11.919485
1988-07-14,7.983111,Training,0.129698,0.935218,1.286628,2.188806,2.906738,3.545841,4.350680,5.730554,7.701722,8.925249,11.713647
1988-07-15,7.420424,Training,0.104260,0.883952,1.224616,2.103805,2.798375,3.425033,4.208397,5.563210,7.489892,8.648130,11.342772
1988-07-16,6.892906,Training,0.053806,0.781449,1.108700,1.951430,2.614952,3.223258,3.985529,5.334075,7.261784,8.389154,11.022596
1988-07-17,6.048877,Training,-0.057357,0.590970,0.865578,1.605543,2.160759,2.723284,3.393545,4.647812,6.433722,7.424833,9.940880
1988-07-18,5.310351,Training,-0.250273,0.272490,0.470074,1.117675,1.537156,2.008335,2.611887,3.799832,5.815516,7.264432,10.620042
1988-07-19,5.204847,Training,-0.364162,0.125064,0.289882,0.872724,1.288636,1.812612,2.367879,3.713679,6.345330,8.240099,13.885981
1988-07-20,5.169680,Training,-0.302036,0.236419,0.487226,1.114406,1.568142,2.193273,2.831815,4.308016,6.981753,8.659656,13.392495
1988-07-21,4.818001,Training,-0.234994,0.337175,0.621895,1.313773,1.837626,2.471266,3.143040,4.595862,7.064843,8.631960,12.611296
1988-07-22,4.431154,Training,-0.218272,0.365828,0.673889,1.406893,1.964998,2.601037,3.310050,4.796663,7.307500,8.904799,12.717008
1988-07-23,4.184979,Training,-0.103176,0.516628,0.818490,1.538258,2.140855,2.726195,3.431043,4.814002,6.994013,8.384546,11.695845
1988-07-24,4.360818,Training,-0.111503,0.390330,0.640314,1.188518,1.656964,2.155323,2.731662,3.910937,5.672180,6.735802,9.510575
1988-07-25,4.079475,Training,-0.261163,0.051364,0.182041,0.442568,0.658929,0.980106,1.277322,2.001157,3.037796,3.594393,5.716725
1988-07-26,3.762964,Training,-0.276841,0.022366,0.141977,0.381548,0.578677,0.880979,1.157337,1.838358,2.804173,3.315532,5.354583
1988-07-27,3.411285,Training,-0.272060,0.010508,0.120813,0.337603,0.525034,0.808813,1.067183,1.709439,2.609569,3.091248,5.064955
1988-07-28,3.129942,Training,-0.277063,-0.001122,0.104110,0.312089,0.492923,0.768311,1.018053,1.641536,2.509069,2.969156,4.898109
1988-07-29,2.848599,Training,-0.253025,0.024179,0.133015,0.345436,0.540159,0.819823,1.082969,1.720716,2.605950,3.072529,4.998431
1988-07-30,2.813431,Training,-0.259174,0.017354,0.125725,0.339258,0.532469,0.812201,1.074856,1.710870,2.591167,3.045291,4.943129
1988-07-31,2.637592,Training,-0.282116,-0.005645,0.099921,0.314300,0.499254,0.776845,1.032988,1.661151,2.531082,2.967363,4.840226
1988-08-01,2.321081,Training,-0.302583,-0.028357,0.075047,0.288375,0.466102,0.739582,0.987869,1.608723,2.469447,2.898252,4.769150
1988-08-02,2.074905,Training,-0.302612,-0.004381,0.091425,0.329729,0.531650,0.804630,1.074101,1.722332,2.660379,3.153558,5.176643
1988-08-03,2.039737,Training,-0.273315,-0.002519,0.108109,0.325981,0.526484,0.805150,1.067338,1.715804,2.631465,3.113185,5.055424
1988-08-04,2.039737,Training,-0.257498,0.009590,0.122698,0.344826,0.554854,0.835290,1.106102,1.767488,2.701641,3.197412,5.129359
1988-08-05,1.828730,Training,-0.287878,-0.041834,0.060058,0.260034,0.447676,0.703718,0.946870,1.580117,2.493967,3.039224,4.991893
1988-08-06,1.652891,Training,-0.300624,-0.074003,0.004073,0.160716,0.318566,0.541486,0.735668,1.264019,2.005221,2.438234,4.263970
1988-08-07,1.617723,Training,-0.261275,-0.096807,-0.057197,0.006706,0.126537,0.274103,0.378061,0.701904,1.104034,1.383055,2.900724
1988-08-08,1.617723,Training,-0.263776,-0.101216,-0.063490,-0.001685,0.116939,0.261614,0.362774,0.681579,1.077339,1.355418,2.870356
1988-08-09,1.582555,Training,-0.262134,-0.101932,-0.065030,-0.005184,0.114015,0.257201,0.357712,0.674221,1.068705,1.347478,2.862874
1988-08-10,1.441883,Training,-0.246835,-0.091312,-0.054786,0.001432,0.124049,0.265643,0.368434,0.685623,1.082143,1.367882,2.892776
1988-08-11,1.406716,Training,-0.242149,-0.090974,-0.055394,-0.002170,0.121257,0.261013,0.362065,0.675315,1.067801,1.352516,2.871216
1988-08-12,1.406716,Training,-0.247659,-0.099812,-0.068922,-0.019610,0.100175,0.233560,0.327929,0.628575,1.004077,1.283907,2.786023
1988-08-13,1.266044,Training,-0.266057,-0.116366,-0.088892,-0.039740,0.075219,0.204533,0.292660,0.583705,0.946879,1.219565,2.710792
1988-08-14,1.230876,Training,-0.272561,-0.123627,-0.098315,-0.050687,0.062720,0.188483,0.272949,0.558037,0.914002,1.186088,2.677842
1988-08-15,1.230876,Training,-0.262677,-0.118781,-0.094702,-0.050913,0.064668,0.187686,0.271516,0.554311,0.908862,1.187149,2.685758
1988-08-16,1.090205,Training,-0.258358,-0.117789,-0.095156,-0.053993,0.062475,0.183071,0.265967,0.545686,0.897527,1.178181,2.678067
1988-08-17,1.055037,Training,-0.270802,-0.129703,-0.109910,-0.069422,0.043930,0.160735,0.239032,0.510523,0.851833,1.127002,2.616974
1988-08-18,0.949533,Training,-0.274351,-0.134924,-0.117332,-0.078716,0.033862,0.147007,0.222333,0.488091,0.822609,1.098105,2.587508
1988-08-19,0.914365,Training,-0.252223,-0.120808,-0.104356,-0.070816,0.046998,0.157811,0.235159,0.501955,0.840656,1.129036,2.634045
1988-08-20,0.914365,Training,-0.213324,-0.095625,-0.084270,-0.059780,0.063481,0.166411,0.243669,0.505319,0.837007,1.142526,2.665107
1988-08-21,0.914365,Training,-0.211591,-0.096382,-0.085317,-0.063413,0.058914,0.160312,0.235141,0.489520,0.810713,1.104114,2.598333
1988-08-22,0.808861,Training,-0.212755,-0.099472,-0.090484,-0.070168,0.051687,0.150367,0.223445,0.473023,0.788989,1.081584,2.570555
1988-08-23,0.773694,Training,-0.234089,-0.117620,-0.111513,-0.090142,0.027278,0.122318,0.190287,0.431153,0.735739,1.020967,2.493433
1988-08-24,0.668190,Training,-0.243537,-0.126651,-0.123345,-0.102540,0.012876,0.103723,0.167795,0.401300,0.696164,0.978929,2.445275
1988-08-25,0.633022,Training,-0.241776,-0.127336,-0.125446,-0.106554,0.009507,0.097440,0.159835,0.390019,0.680728,0.965240,2.433006
1988-08-26,0.633022,Training,-0.258624,-0.140961,-0.140809,-0.120687,-0.007175,0.077912,0.136836,0.360890,0.643968,0.923098,2.386167
1988-08-27,0.633022,Training,-0.263662,-0.146193,-0.147554,-0.128067,-0.014873,0.067154,0.124107,0.343833,0.621613,0.900425,2.364660
1988-08-28,0.562686,Training,-0.207263,-0.106911,-0.111260,-0.101844,0.021532,0.098978,0.160100,0.382531,0.665123,0.967064,2.459261
1988-08-29,0.527518,Training,-0.174192,-0.084632,-0.091134,-0.087761,0.040599,0.115587,0.178001,0.398808,0.681491,0.991228,2.494120
1988-08-30,0.527518,Training,-0.175920,-0.088004,-0.096668,-0.094324,0.033111,0.105562,0.166738,0.382454,0.658537,0.964723,2.453325
1988-08-31,0.597854,Training,-0.168716,-0.084190,-0.094865,-0.094559,0.034153,0.103976,0.164560,0.377015,0.649971,0.958125,2.448041
1988-09-01,0.633022,Training,-0.171239,-0.079415,-0.113001,-0.101410,0.045749,0.099010,0.151063,0.365249,0.635350,0.999950,2.661948
1988-09-02,0.633022,Training,-0.146051,-0.061604,-0.073443,-0.075122,0.067025,0.134094,0.193706,0.414588,0.716546,1.072582,2.720833
1988-09-03,0.633022,Training,-0.171908,-0.088004,-0.098591,-0.098805,0.036003,0.100641,0.159454,0.373351,0.656629,0.996400,2.580256
1988-09-04,0.633022,Training,-0.237762,-0.140809,-0.142023,-0.134161,-0.002968,0.066844,0.123225,0.349934,0.649942,0.992194,2.607587
1988-09-05,0.633022,Training,-0.265330,-0.160808,-0.164614,-0.152162,-0.027668,0.043427,0.098841,0.318634,0.609021,0.928162,2.492698
1988-09-06,0.633022,Training,-0.291267,-0.180285,-0.184057,-0.167943,-0.047186,0.022872,0.076847,0.291470,0.573073,0.878304,2.429211
1988-09-07,0.633022,Training,-0.308695,-0.194398,-0.197041,-0.178690,-0.058737,0.008257,0.061563,0.272961,0.546623,0.847104,2.404756
1988-09-08,0.633022,Training,-0.303287,-0.190199,-0.195802,-0.179119,-0.057681,0.006280,0.058778,0.266879,0.538903,0.843224,2.408221
1988-09-09,0.633022,Training,-0.288975,-0.182255,-0.190144,-0.177087,-0.055151,0.007030,0.058675,0.263835,0.532140,0.837834,2.387435
1988-09-10,0.633022,Training,-0.246597,-0.153623,-0.166563,-0.161196,-0.034998,0.024162,0.077305,0.280991,0.548249,0.863821,2.393935
1988-09-11,0.633022,Training,-0.249348,-0.157048,-0.171108,-0.166126,-0.040740,0.017418,0.070194,0.270469,0.533193,0.842279,2.354574
1988-09-12,0.633022,Training,-0.250263,-0.158947,-0.173816,-0.169454,-0.044202,0.013064,0.065720,0.263808,0.523904,0.829703,2.332143
1988-09-13,0.633022,Training,-0.224890,-0.142459,-0.159408,-0.159633,-0.030683,0.023910,0.077782,0.275872,0.535491,0.850640,2.355625
1988-09-14,0.633022,Training,-0.157744,-0.093900,-0.114771,-0.124907,0.015345,0.067487,0.125891,0.327481,0.596977,0.934918,2.480049
1988-09-15,0.633022,Training,-0.137988,-0.078346,-0.100599,-0.112484,0.032295,0.087248,0.148995,0.354001,0.637292,0.981972,2.548676
1988-09-16,0.633022,Training,-0.144948,-0.084528,-0.105571,-0.116609,0.027754,0.085176,0.148361,0.355932,0.643617,0.986649,2.549643
1988-09-17,0.633022,Training,-0.171372,-0.107034,-0.126478,-0.134932,0.005364,0.062561,0.124578,0.331591,0.613558,0.951092,2.493152
1988-09-18,0.633022,Training,-0.181053,-0.116280,-0.133340,-0.140290,0.001456,0.061796,0.125651,0.339370,0.633038,0.978338,2.534296
1988-09-19,0.633022,Training,-0.184346,-0.120913,-0.140903,-0.147397,-0.004658,0.050566,0.113629,0.325677,0.616666,0.976761,2.546385
1988-09-20,0.633022,Training,-0.172969,-0.109147,-0.133553,-0.144180,-0.010463,0.038610,0.093907,0.281387,0.528076,0.839554,2.318194
1988-09-21,0.633022,Training,-0.159259,-0.100693,-0.128613,-0.142050,-0.007093,0.035784,0.089184,0.269939,0.506020,0.818965,2.292952
1988-09-22,0.633022,Training,-0.089771,-0.049259,-0.084299,-0.107057,0.038954,0.076726,0.131937,0.309464,0.552255,0.885589,2.404665
1988-09-23,0.633022,Training,-0.094105,-0.053966,-0.089464,-0.112322,0.031977,0.068814,0.123310,0.298840,0.535661,0.864347,2.367594
1988-09-24,0.633022,Training,-0.122819,-0.076987,-0.110136,-0.129721,0.009562,0.047273,0.100809,0.275925,0.505738,0.824519,2.299594
1988-09-25,0.633022,Validation,-0.156129,-0.102442,-0.132929,-0.148014,-0.013649,0.026324,0.078577,0.254175,0.481767,0.790943,2.245321
1988-09-26,0.633022,Validation,-0.172907,-0.115233,-0.144520,-0.157479,-0.025298,0.015930,0.067313,0.243240,0.470920,0.775514,2.224073
1988-09-27,0.633022,Validation,-0.173568,-0.116304,-0.145031,-0.158235,-0.025998,0.016010,0.067480,0.244812,0.474194,0.778884,2.229454
1988-09-28,0.633022,Validation,-0.185563,-0.125327,-0.153352,-0.165093,-0.034421,0.008864,0.059942,0.237551,0.467941,0.768568,2.215948
1988-09-29,0.633022,Validation,-0.124804,-0.082046,-0.113940,-0.134814,0.005094,0.044495,0.098567,0.277683,0.512080,0.833780,2.314398
1988-09-30,0.633022,Validation,-0.062515,-0.033663,-0.071342,-0.098519,0.052515,0.093285,0.151369,0.331948,0.588042,0.929984,2.465842
1988-10-01,0.914365,Validation,-0.063368,-0.033956,-0.071265,-0.097997,0.052711,0.097164,0.157023,0.340171,0.602136,0.942139,2.476165
1988-10-02,0.914365,Validation,-0.109273,-0.069678,-0.100094,-0.122047,0.020656,0.071380,0.131761,0.321811,0.580556,0.905998,2.405339
1988-10-03,0.914365,Validation,-0.155602,-0.105532,-0.131546,-0.147522,-0.012436,0.041872,0.100623,0.292440,0.547162,0.858234,2.323013
1988-10-04,0.914365,Validation,-0.163574,-0.112544,-0.138780,-0.154256,-0.020868,0.032096,0.089113,0.278820,0.528763,0.836422,2.291699
1988-10-05,0.914365,Validation,-0.077319,-0.047946,-0.081661,-0.108400,0.039360,0.087254,0.147419,0.335447,0.596604,0.931871,2.450865
1988-10-06,0.914365,Validation,-0.079045,-0.050306,-0.084825,-0.111885,0.034126,0.081482,0.141032,0.327268,0.583358,0.913891,2.418015
1988-10-07,0.914365,Validation,-0.058556,-0.034901,-0.072280,-0.101194,0.048047,0.095133,0.155848,0.340421,0.601562,0.937047,2.453166
1988-10-08,0.914365,Validation,-0.070021,-0.045317,-0.081681,-0.110165,0.035909,0.082843,0.142480,0.326758,0.580697,0.910142,2.406373
1988-10-09,0.914365,Validation,-0.122578,-0.084618,-0.116631,-0.138320,-0.000481,0.050126,0.108499,0.296513,0.545157,0.859830,2.320147
1988-10-10,0.914365,Validation,-0.067951,-0.020953,-0.075083,-0.090075,0.076078,0.125996,0.188870,0.396455,0.697718,1.067333,2.724211
1988-10-11,0.914365,Validation,-0.027521,0.011143,-0.038836,-0.055463,0.113662,0.173354,0.242671,0.447989,0.780595,1.163407,2.834756
1988-10-12,0.914365,Validation,0.015535,0.042659,-0.007169,-0.015361,0.151659,0.226581,0.304891,0.505644,0.863287,1.267683,2.908204
1988-10-13,0.949533,Validation,-0.241148,-0.020663,0.010302,0.018549,0.385489,0.479684,0.632797,1.003629,2.253333,3.764895,10.874391
1988-10-14,1.723227,Validation,-0.305528,0.152625,0.156525,0.224735,0.870346,1.172800,1.480921,2.682011,6.302337,9.435536,29.209181
1988-10-15,1.582555,Validation,-0.294195,0.143948,0.230080,0.311958,0.883171,1.135176,1.558204,2.729249,6.200175,8.947966,22.527187
1988-10-16,1.406716,Validation,-0.376497,-0.105801,-0.054052,-0.050304,0.341675,0.446512,0.638898,1.369497,3.078278,4.867777,12.442531
1988-10-17,1.406716,Validation,-0.276978,-0.070477,-0.002806,-0.012105,0.309902,0.425599,0.619708,1.187765,2.512024,3.834631,8.854914
1988-10-18,1.371548,Validation,-0.305285,-0.050260,-0.030863,0.044473,0.465238,0.677456,0.928570,1.748068,4.018960,6.213849,14.600937
1988-10-19,2.672759,Validation,-0.384374,0.067622,0.147108,0.429114,1.052180,1.410537,1.972438,3.450535,7.907575,11.450269,24.757519
1988-10-20,2.321081,Test,-0.205135,0.106995,0.219689,0.344927,0.765665,1.047141,1.472663,2.416262,5.000306,7.042309,13.951447
1988-10-21,2.074905,Test,-0.195443,-0.006137,0.072398,0.107718,0.428506,0.595634,0.855886,1.483477,2.985598,4.336446,8.817034
1988-10-22,1.863898,Test,-0.357649,-0.175260,-0.139241,-0.072375,0.257080,0.398998,0.610432,1.290362,2.818459,4.328664,9.423082
1988-10-23,1.828730,Test,-0.388675,-0.183873,-0.086107,0.031016,0.349207,0.548132,0.834775,1.606586,3.332197,4.850883,9.549275
1988-10-24,1.828730,Test,-0.254934,-0.099423,-0.018450,0.076820,0.363030,0.564967,0.831946,1.484485,2.847211,3.971735,7.386201
1988-10-25,1.793562,Test,-0.322617,-0.185939,-0.089801,0.011593,0.275079,0.472796,0.716650,1.373160,2.599915,3.660013,6.688709
1988-10-26,1.652891,Test,-0.366112,-0.219841,-0.152481,-0.035446,0.217602,0.390862,0.621071,1.258144,2.366693,3.343676,6.074245
1988-10-27,1.617723,Test,-0.481991,-0.293994,-0.190223,-0.094479,0.267448,0.516355,0.764644,1.596716,3.864869,6.266510,14.589293
1988-10-28,1.617723,Test,-0.532093,-0.182585,0.068476,0.580220,1.238558,1.748783,2.540438,4.422096,9.566566,13.305493,24.370188
1988-10-29,1.617723,Test,-0.399342,-0.118816,0.120678,0.509997,1.021943,1.457142,2.071452,3.500590,6.777461,9.215612,15.106174
1988-10-30,1.617723,Test,-0.453313,-0.214611,-0.036206,0.335297,0.907500,1.299030,1.823370,3.205327,6.551227,9.349456,16.326860
1988-10-31,1.617723,Test,-0.381211,-0.044824,0.168516,0.668837,1.319258,1.731960,2.417233,3.928194,7.497187,10.180711,16.694660
1988-11-01,1.617723,Test,-0.302611,-0.072875,0.064132,0.323256,0.715523,1.039757,1.459638,2.437604,4.525830,6.048329,10.127810
1988-11-02,1.617723,Test,-0.361638,-0.119922,-0.020428,0.264046,0.729835,1.067444,1.473066,2.538836,4.985982,6.916911,12.412762
1988-11-03,1.617723,Test,-0.456186,-0.195262,-0.078301,0.187235,0.606448,0.909708,1.295109,2.368575,4.901844,6.890077,13.033307
1988-11-04,1.617723,Test,-0.351867,-0.133443,-0.032019,0.159089,0.503102,0.772744,1.101070,1.970184,3.818172,5.217529,9.489693
1988-11-05,1.617723,Test,-0.298492,-0.030754,0.172820,0.553784,1.047654,1.434570,1.975221,3.208692,5.603447,7.224000,11.146241
1988-11-06,1.617723,Test,-0.302372,-0.025011,0.112252,0.485182,0.988325,1.314424,1.805924,2.966824,5.116513,6.573493,10.427035
1988-11-07,1.617723,Test,-0.326115,-0.139691,-0.066311,0.111490,0.459547,0.747386,1.036345,1.887102,3.693807,5.077938,9.720378
1988-11-08,1.758394,Test,-0.471328,-0.260538,-0.188649,-0.046962,0.289021,0.570387,0.807509,1.716789,4.038308,5.940923,13.728207
1988-11-09,1.828730,Test,-0.441587,-0.173406,-0.093598,0.084312,0.462115,0.727636,1.039555,2.012705,4.446812,6.420744,13.722037
1988-11-10,1.828730,Test,-0.286547,-0.103029,-0.014308,0.078821,0.371455,0.605257,0.857725,1.557074,3.129260,4.367027,8.768272
1988-11-11,1.828730,Test,-0.281064,-0.045226,0.008816,0.182156,0.536495,0.780248,1.077971,1.869328,3.589515,4.901025,9.283477
1988-11-12,1.828730,Test,-0.253374,-0.096148,-0.026453,0.064606,0.327704,0.537039,0.772550,1.402889,2.671516,3.657436,7.014504
1988-11-13,1.793562,Test,-0.200321,-0.074128,-0.025017,0.055444,0.299005,0.490611,0.717694,1.280822,2.360650,3.204102,5.977962
1988-11-14,1.652891,Test,-0.149018,-0.015993,0.026506,0.133352,0.385095,0.600135,0.846790,1.426788,2.520206,3.324095,5.953055
1988-11-15,1.617723,Test,-0.104054,0.054978,0.097152,0.258369,0.529128,0.792262,1.086833,1.704082,2.819933,3.524428,5.867598
1988-11-16,1.617723,Test,-0.052976,0.122928,0.167037,0.366268,0.647533,0.945793,1.273889,1.912491,3.022382,3.676940,5.808998
1988-11-17,1.617723,Test,-0.012553,0.244345,0.312952,0.651055,1.016521,1.400066,1.857255,2.664261,4.009993,4.756666,6.875333
1988-11-18,1.617723,Test,0.000652,0.264398,0.331064,0.686950,1.043122,1.445545,1.898643,2.688992,3.965258,4.627799,6.617647
1988-11-19,1.617723,Test,0.003278,0.253554,0.317630,0.658698,0.997229,1.395761,1.825262,2.582767,3.793580,4.399889,6.317548
1988-11-20,1.617723,Test,0.003099,0.274743,0.346362,0.748579,1.126536,1.569320,2.038065,2.850455,4.165674,4.766784,6.750676
1988-11-21,1.617723,Test,-0.010086,0.252635,0.313396,0.679538,1.033768,1.443787,1.875253,2.637051,3.862110,4.437622,6.385525
1988-11-22,1.617723,Test,-0.019484,0.123705,0.189119,0.459274,0.753836,1.164793,1.497264,2.099576,3.133727,3.586601,5.941101
1988-11-23,1.617723,Test,-0.016836,0.128148,0.202512,0.472680,0.774073,1.187172,1.518056,2.129259,3.167402,3.619024,5.952964
1988-11-24,1.617723,Test,0.060921,0.345644,0.484482,0.968950,1.448199,1.996796,2.496510,3.365665,4.788630,5.408661,7.956100
1988-11-25,1.617723,Test,0.055480,0.353228,0.449160,0.905159,1.398289,1.891690,2.355994,3.189420,4.605360,5.344566,7.898590
1988-11-26,1.617723,Test,0.005688,0.333151,0.417106,0.852641,1.310627,1.735954,2.209646,3.088048,4.535028,5.362545,7.666760
1988-11-27,1.617723,Test,0.007007,0.274516,0.387781,0.755811,1.146565,1.585375,2.003021,2.807218,4.113041,4.779231,6.892395
1988-11-28,1.617723,Test,0.008806,0.220897,0.332688,0.634203,0.987370,1.403330,1.757376,2.471895,3.635375,4.211078,6.289417
1988-11-29,1.617723,Test,0.013267,0.266126,0.377562,0.733110,1.118041,1.545220,1.951293,2.737525,3.984148,4.593932,6.627063
1988-11-30,1.863898,Test,-0.175748,0.077826,0.189047,0.455926,0.886981,1.319128,1.723132,2.628475,4.788203,6.420667,11.647636
1988-12-01,4.536658,Test,-0.140700,0.357273,0.551030,1.155200,1.831295,2.543699,3.330912,4.899173,8.699970,10.913305,18.372202
1988-12-02,3.481621,Test,0.085520,0.621098,0.831600,1.516838,2.278176,2.942066,3.737633,5.208240,8.173414,10.218184,14.948534
1988-12-03,3.059606,Test,0.216469,0.780927,1.077272,1.884896,2.742577,3.437637,4.308156,5.796529,8.452178,10.256692,13.783734
1988-12-04,2.813431,Test,0.309036,0.888003,1.197956,2.015160,2.893068,3.554801,4.407555,5.838109,8.155069,9.746869,12.652820
1988-12-05,2.602424,Test,0.389875,1.006035,1.324695,2.206397,3.107476,3.782182,4.659467,6.074086,8.240539,9.665110,12.248768
1988-12-06,2.532088,Test,0.458515,1.101600,1.420653,2.360299,3.245519,3.971061,4.847496,6.208740,8.242591,9.434072,11.798169
1988-12-07,2.321081,Test,0.502426,1.098185,1.442631,2.350102,3.239955,4.028039,4.831298,6.094893,8.037820,9.112555,11.712465
1988-12-08,2.285913,Test,0.511354,1.086649,1.435018,2.337777,3.214879,4.022953,4.805749,6.030913,7.922852,8.928603,11.709951
1988-12-09,2.250745,Test,0.509239,1.088989,1.440825,2.346274,3.229916,4.031554,4.811178,6.032658,7.909894,8.884805,11.610060
1988-12-10,2.074905,Test,0.471256,1.037413,1.379576,2.258363,3.128289,3.907014,4.665266,5.882967,7.731997,8.679824,11.300735
1988-12-11,2.039737,Test,0.468693,1.075551,1.422763,2.336901,3.243168,3.998035,4.785223,6.056082,7.947144,8.898396,11.240912
1988-12-12,2.039737,Test,0.472774,1.119817,1.477531,2.453491,3.405548,4.153878,4.985094,6.331017,8.298341,9.249558,11.451373
1988-12-13,2.039737,Test,0.509866,1.169406,1.574583,2.625656,3.673567,4.481328,5.330141,6.756212,8.869858,9.833381,12.186208
1988-12-14,2.039737,Test,0.570939,1.203160,1.601611,2.581576,3.553159,4.359718,5.162569,6.421117,8.362097,9.325591,12.041926
1988-12-15,2.039737,Test,0.490384,1.031195,1.367141,2.192704,3.000792,3.753644,4.459816,5.559423,7.263860,8.159688,10.980953
1988-12-16,1.863898,Test,0.510704,1.054829,1.386418,2.244180,3.038630,3.810329,4.539285,5.632058,7.333901,8.179699,11.362194
1988-12-17,1.793562,Test,0.531871,1.108030,1.467766,2.335583,3.191038,3.955806,4.685190,5.812618,7.564230,8.485200,11.321927
1988-12-18,1.652891,Test,0.563497,1.173213,1.550972,2.458896,3.369595,4.135903,4.896893,6.065750,7.883636,8.841266,11.544411
1988-12-19,1.617723,Test,0.502814,1.064541,1.409970,2.219003,3.033791,3.770701,4.449884,5.541419,7.199663,8.100940,10.698665
1988-12-20,1.617723,Test,0.478506,1.057518,1.387214,2.197409,3.011835,3.717324,4.409404,5.529076,7.190103,8.084643,10.401343
1988-12-21,1.617723,Test,0.429545,1.002119,1.283608,2.037375,2.757792,3.388927,4.067048,5.146457,6.682739,7.551146,9.588206
1988-12-22,1.617723,Test,0.449106,0.969101,1.272818,1.989277,2.710404,3.388057,4.013025,5.037885,6.553985,7.408365,9.712315
1988-12-23,1.617723,Test,0.446279,0.959224,1.261893,1.972878,2.688410,3.370363,3.985663,5.007428,6.511773,7.358551,9.682456
1988-12-24,1.617723,Test,0.448277,0.935337,1.243890,1.950890,2.657434,3.367730,3.968462,4.975627,6.469607,7.300566,9.860457
1988-12-25,1.617723,Test,0.413064,0.967338,1.235195,1.964952,2.658865,3.290302,3.938349,5.001549,6.489250,7.329636,9.358445
1988-12-26,1.617723,Test,0.408730,0.962973,1.233297,1.955165,2.650278,3.266885,3.915802,4.990390,6.464071,7.332212,9.320714
1988-12-27,1.617723,Test,0.451931,0.973825,1.274176,1.991377,2.701988,3.386890,3.998090,5.028559,6.507855,7.348788,9.609369
1988-12-28,1.617723,Test,0.485955,0.982526,1.299030,2.035028,2.744439,3.484313,4.091692,5.099659,6.584913,7.415688,10.176499
1988-12-29,1.617723,Test,0.513573,1.032676,1.363159,2.124728,2.858127,3.611323,4.232876,5.255744,6.762991,7.607918,10.384335
1988-12-30,1.617723,Test,0.523344,1.045662,1.376930,2.153943,2.884681,3.648491,4.279778,5.304664,6.813352,7.643327,10.567889
1988-12-31,1.617723,Test,0.522648,1.047104,1.380743,2.151623,2.886725,3.647487,4.272352,5.301385,6.807142,7.651725,10.500606
1989-01-01,1.617723,Test,0.527202,1.054953,1.390754,2.161660,2.899612,3.661358,4.284831,5.316296,6.819938,7.672192,10.497545
1989-01-02,1.617723,Test,0.537616,1.067105,1.402018,2.184814,2.918010,3.689222,4.320246,5.351114,6.853235,7.693939,10.643481
1989-01-03,1.617723,Test,0.549330,1.086205,1.425945,2.216361,2.956363,3.732756,4.366824,5.402703,6.909119,7.757964,10.721323
1989-01-04,1.617723,Test,0.559445,1.141222,1.496432,2.284621,3.072755,3.818225,4.452010,5.523026,7.049967,7.964895,10.391967
1989-01-05,1.617723,Test,0.558712,1.215023,1.540670,2.378201,3.171893,3.863975,4.558780,5.679074,7.225727,8.162275,10.269621
1989-01-06,1.617723,Test,0.673074,1.403515,1.793260,2.796350,3.836346,4.667814,5.560277,6.927108,9.198997,11.021820,14.389330
1989-01-07,1.793562,Test,0.533776,1.292128,1.745878,2.772847,3.814814,4.767712,5.590601,7.118718,9.753273,11.676615,15.903440
1989-01-08,1.828730,Test,0.607956,1.288099,1.724805,2.655311,3.625948,4.511320,5.263532,6.621742,8.758874,10.347862,13.596831
1989-01-09,1.828730,Test,0.848182,1.782935,2.323117,3.583961,4.886565,5.801546,6.703055,8.264623,10.639387,12.326056,15.723795
1989-01-10,1.828730,Test,0.965818,2.084278,2.738530,4.291586,5.919529,6.964985,8.195861,10.169332,13.573166,16.503763,21.667671
1989-01-11,1.899066,Test,0.788488,2.059096,2.742339,4.535612,6.302240,7.474829,8.822869,11.232403,15.474362,18.994127,25.858784
1989-01-12,2.039737,Test,0.888965,1.973506,2.672714,4.207357,5.718632,6.849854,8.014880,10.098964,13.402405,16.008095,20.287031
1989-01-13,2.039737,Test,1.230760,2.495491,3.356415,5.104605,6.780124,7.949430,9.077344,11.135196,14.162766,16.269979,19.902031
1989-01-14,2.039737,Test,1.358298,2.608541,3.467058,5.148618,6.780717,7.939964,8.987452,10.855759,13.544164,15.283798,18.599041
1989-01-15,1.863898,Test,1.372744,2.645866,3.472858,5.141104,6.733303,7.837089,8.883677,10.689162,13.201386,14.684772,17.566492
1989-01-16,1.828730,Test,1.389259,2.592339,3.414939,5.009739,6.553541,7.676019,8.661899,10.349436,12.734759,14.088516,17.144114
1989-01-17,1.828730,Test,1.395928,2.615659,3.440456,5.043425,6.590630,7.700660,8.680304,10.358908,12.716386,13.989610,16.915487
1989-01-18,1.828730,Test,1.404973,2.614788,3.446029,5.041829,6.582425,7.698419,8.662184,10.314563,12.646216,13.859486,16.841110
1989-01-19,1.828730,Test,1.422664,2.655308,3.502198,5.120760,6.683396,7.799315,8.761494,10.426552,12.770634,13.946909,16.871021
1989-01-20,1.828730,Test,1.443706,2.765877,3.631183,5.332882,6.948628,8.041099,9.041803,10.787378,13.188738,14.320116,16.946753
1989-01-21,1.828730,Test,1.478176,2.858079,3.742620,5.510266,7.169538,8.260363,9.286078,11.084232,13.537786,14.649814,17.243193
1989-01-22,1.828730,Test,1.509854,2.876349,3.794736,5.573922,7.259651,8.388942,9.390875,11.199231,13.678244,14.763541,17.450520
1989-01-23,1.828730,Test,1.524283,2.770962,3.688073,5.409775,7.035972,8.240836,9.197066,10.922608,13.352557,14.390772,17.793501
1989-01-24,1.828730,Test,1.373318,2.493028,3.313056,4.952643,6.465533,7.653965,8.610736,10.307364,12.678626,13.651545,17.329788
1989-01-25,1.828730,Test,1.121172,2.147970,2.843066,4.203748,5.580137,6.581685,7.442600,8.942486,11.093015,12.228210,14.931996
1989-01-26,1.828730,Test,1.102747,2.230338,2.919461,4.401797,5.837748,6.793486,7.743746,9.402776,11.664686,12.795758,15.112617
1989-01-27,1.828730,Test,1.097308,2.197722,2.896457,4.394934,5.860138,6.850140,7.791369,9.491899,11.810795,12.929798,15.294586
1989-01-28,1.828730,Test,1.089201,2.148668,2.847695,4.322083,5.796737,6.805567,7.724694,9.415241,11.757011,12.886599,15.364313
1989-01-29,1.828730,Test,0.766925,1.536702,1.986506,2.980577,3.975967,4.793571,5.524201,6.762295,8.490170,9.571819,11.908140
1989-01-30,1.828730,Test,0.663616,1.321806,1.723269,2.579723,3.447432,4.235206,4.877290,6.004308,7.580436,8.607889,10.997811
1989-01-31,1.828730,Test,0.660800,1.271348,1.677185,2.514808,3.362131,4.183945,4.800012,5.897188,7.457802,8.468869,11.209066
1989-02-01,1.828730,Test,0.668449,1.341741,1.724464,2.597886,3.503368,4.289546,4.926691,6.053999,7.683095,8.820096,11.509807
1989-02-02,1.828730,Test,0.622217,1.342917,1.707514,2.608011,3.489781,4.229351,4.924302,6.124784,7.785844,8.922445,11.215363
1989-02-03,1.828730,Test,0.616294,1.327210,1.691758,2.586703,3.463120,4.205123,4.898259,6.104593,7.771281,8.926280,11.236381
1989-02-04,1.828730,Test,0.629332,1.298941,1.694515,2.565580,3.449009,4.233459,4.889855,6.078665,7.741449,8.868644,11.317443
1989-02-05,1.828730,Test,0.654051,1.307014,1.718152,2.581525,3.473003,4.281454,4.919706,6.081745,7.723086,8.829852,11.395659
1989-02-06,1.758394,Test,0.671117,1.328016,1.746855,2.616420,3.515168,4.331417,4.969343,6.121991,7.752335,8.837788,11.422602
1989-02-07,1.617723,Test,0.677079,1.365865,1.777483,2.665899,3.578499,4.376992,5.033926,6.197962,7.838952,8.929140,11.399541
1989-02-08,1.617723,Test,0.650438,1.391001,1.770315,2.694048,3.595415,4.336990,5.047235,6.262417,7.912115,9.031454,11.248165
1989-02-09,1.688059,Test,0.710581,1.464290,1.865181,2.840674,3.862912,4.687199,5.395997,6.647617,8.569491,10.051966,13.059118
1989-02-10,2.004570,Test,0.618661,1.397184,1.810955,2.803468,3.798874,4.632030,5.372378,6.738315,8.796701,10.345238,13.339621
1989-02-11,2.039737,Test,0.631757,1.380450,1.798660,2.762703,3.724187,4.531492,5.267658,6.612644,8.523323,9.954334,12.555537
1989-02-12,1.828730,Test,0.815265,1.717553,2.260504,3.436128,4.636374,5.516561,6.346238,7.860568,9.989064,11.466553,14.219356
1989-02-13,1.652891,Test,0.840489,1.769809,2.309415,3.497876,4.701104,5.549928,6.399107,7.906431,9.973852,11.402393,13.959952
1989-02-14,1.617723,Test,0.843172,1.772593,2.307829,3.484791,4.686816,5.513429,6.362671,7.853803,9.874798,11.270612,13.724055
1989-02-15,1.617723,Test,0.867034,1.799857,2.332267,3.516866,4.698080,5.553408,6.390382,7.840406,9.825387,11.125328,13.566199
1989-02-16,1.617723,Test,0.851678,1.785156,2.318690,3.491150,4.692312,5.507020,6.350196,7.818850,9.797966,11.143619,13.521570
1989-02-17,1.617723,Test,0.828424,1.742068,2.281161,3.417683,4.650588,5.421829,6.256567,7.730481,9.723589,11.089009,13.482289
1989-02-18,1.617723,Test,0.750083,1.607904,2.132885,3.200150,4.446352,5.141544,5.951412,7.439204,9.450848,10.729770,13.188219
1989-02-19,1.617723,Test,0.716298,1.549607,2.064757,3.124605,4.369141,5.049234,5.854306,7.356420,9.369936,10.587148,12.988791
1989-02-20,1.617723,Test,0.834238,1.766479,2.298122,3.420629,4.707528,5.410784,6.237746,7.682013,9.670841,10.986246,13.500974
1989-02-21,1.617723,Test,0.861956,1.823186,2.360239,3.520643,4.823448,5.552401,6.388405,7.840768,9.850123,11.226213,13.783884
1989-02-22,1.652891,Test,0.977922,2.022468,2.571473,3.887012,5.223934,6.122794,6.983079,8.458524,10.659616,12.268471,15.359119
1989-02-23,1.828730,Test,0.948341,1.966938,2.582675,3.902138,5.236886,6.220983,7.057112,8.588568,10.887358,12.457257,15.600486
1989-02-24,2.074905,Test,0.965567,2.075749,2.860422,4.335716,6.086230,7.374815,8.393702,10.395527,13.883572,17.123095,23.413469
1989-02-25,2.496920,Test,0.463002,1.816629,2.533696,4.549320,6.798472,8.607497,10.258759,13.839202,20.632645,26.486380,40.141399
1989-02-26,2.602424,Test,1.285980,3.152480,4.220796,7.002457,9.857049,12.201177,13.935451,17.903418,25.074369,31.193213,45.761623
1989-02-27,3.305781,Test,1.894745,4.626652,6.258360,10.401525,14.255485,17.040152,19.421537,24.893837,33.409481,40.583866,55.523640
1989-02-28,3.903636,Test,2.239921,5.442654,7.359792,11.912388,16.303499,18.679459,21.303970,27.148052,35.429440,43.094517,56.511597
1989-03-01,3.833300,Test,2.804979,6.415502,8.653934,13.403971,18.129641,20.242105,22.714382,28.342066,36.448898,43.796734,57.600349
1989-03-02,3.762964,Test,3.913575,8.408774,11.121789,16.469307,21.493011,23.561045,26.037756,31.718172,39.758957,46.731724,61.108070
1989-03-03,3.762964,Test,4.696817,9.035786,11.929097,16.773668,20.725475,22.796114,24.644960,29.329473,35.216114,40.026073,49.091843
1989-03-04,3.692628,Test,5.332225,9.727441,12.723264,17.156843,20.730593,22.567532,24.035564,27.957390,32.700840,36.358910,44.035416
1989-03-05,3.411285,Test,5.308383,9.471202,12.423167,16.417145,20.155674,21.524193,22.906082,26.499119,30.930351,33.780369,41.226013
1989-03-06,3.165110,Test,5.155100,9.118317,11.835183,15.555221,19.141108,20.310728,21.639952,24.857170,28.757826,30.883793,37.471466
1989-03-07,3.129942,Test,5.482139,9.679190,12.255907,16.014040,19.250324,20.536844,21.753645,24.613987,27.978659,29.835997,35.906464
1989-03-08,3.129942,Test,5.559450,9.774840,12.290910,16.115341,18.821173,20.504578,21.619934,24.320484,27.189919,28.560450,33.856026
1989-03-09,3.129942,Test,5.330527,9.303400,11.838351,15.351375,18.468225,19.784090,20.888037,23.596502,26.636137,27.837698,33.358238
1989-03-10,3.094774,Test,5.009947,8.657533,11.233766,14.464881,17.914183,18.903427,20.013716,22.897924,26.043684,26.719940,32.360916
1989-03-11,2.848599,Test,5.262510,8.997784,11.654061,14.828107,18.351614,19.303255,20.336939,23.178972,26.157747,26.523502,32.275978
1989-03-12,2.813431,Test,5.794888,9.708486,12.567569,15.673386,19.363014,20.264141,21.163387,24.024473,26.813465,26.787184,32.872746
1989-03-13,2.813431,Test,4.935303,8.838305,11.116531,14.537503,17.458681,18.808109,19.820408,22.255894,24.960266,25.705040,31.101799
1989-03-14,2.813431,Test,5.018840,8.897430,11.280859,14.789874,17.500206,19.189732,20.096415,22.571627,25.162411,25.587936,30.923544
1989-03-15,2.778263,Test,3.327718,6.071478,8.013031,10.889541,13.830854,14.984540,16.037241,18.629353,21.598635,22.375887,26.903168
1989-03-16,2.602424,Test,2.278646,4.446871,5.821813,8.352106,10.797144,11.927197,13.013031,15.367143,18.247667,19.533892,23.409847
1989-03-17,2.567256,Test,1.907232,3.797229,4.877762,7.122772,9.057805,10.241225,11.294408,13.236285,15.873389,17.053894,20.421003
1989-03-18,2.567256,Test,1.563022,3.077447,3.965761,5.740024,7.304748,8.374979,9.346461,10.876695,13.152378,14.327539,17.148472
1989-03-19,2.567256,Test,1.426970,2.872753,3.700240,5.410013,6.928350,7.934485,8.914470,10.452825,12.693359,13.896197,16.596254
1989-03-20,2.567256,Test,1.159849,2.408704,3.098068,4.587604,5.982754,6.867249,7.804486,9.279244,11.381760,12.672302,15.226737
1989-03-21,2.567256,Test,0.611445,1.391998,1.789928,2.674941,3.660884,4.282375,4.981122,6.206670,7.852020,8.982141,11.423811
1989-03-22,2.567256,Test,0.627346,1.407709,1.804579,2.695453,3.661456,4.303350,5.001850,6.199842,7.813309,8.962592,11.308224
1989-03-23,2.567256,Test,0.573565,1.311360,1.681996,2.525054,3.442597,4.065671,4.735284,5.908765,7.470980,8.560218,10.857503
1989-03-24,2.567256,Test,0.600471,1.359227,1.737959,2.602092,3.533035,4.165514,4.846262,6.017226,7.585160,8.677904,10.959294
1989-03-25,2.567256,Test,0.588546,1.364843,1.760826,2.629144,3.595775,4.193994,4.886316,6.101289,7.696281,8.681420,11.045974
1989-03-26,2.567256,Test,0.477632,1.188731,1.559042,2.362964,3.250813,3.827863,4.487689,5.698395,7.228247,8.096982,10.367650
1989-03-27,2.567256,Test,0.472106,1.140024,1.505047,2.302560,3.233167,3.848258,4.499472,5.727716,7.413115,8.696296,11.305543
1989-03-28,3.551957,Test,0.435068,1.158999,1.484430,2.427221,3.341406,4.118397,4.799848,6.120674,8.219340,10.013401,13.429495
1989-03-29,3.868468,Test,0.203866,0.797362,1.148520,1.899836,2.762058,3.428187,4.044524,5.520541,7.703878,9.261670,13.108893
1989-03-30,3.446453,Test,0.523831,1.378645,1.837219,2.902323,4.141020,4.837623,5.604220,7.198447,9.518112,11.480680,15.494602
1989-03-31,3.165110,Test,1.067325,2.390213,3.193211,4.759628,6.474540,7.323361,8.298490,10.149343,12.925361,15.107374,19.340525
1989-04-01,3.129942,Training,1.255518,2.708806,3.491243,5.127620,6.808463,7.665431,8.667903,10.377013,12.893951,14.994893,18.797071
1989-04-02,3.129942,Training,1.432253,2.984768,3.769819,5.503566,7.003660,8.001751,9.016735,10.609931,12.911493,14.717010,18.045393
1989-04-03,3.270614,Training,1.476331,2.923968,3.878904,5.658869,7.372612,8.917592,9.815406,11.703771,14.622639,17.784613,25.279346
1989-04-04,4.009139,Training,1.465196,3.286649,4.251198,6.416598,8.388420,9.896744,11.007850,13.167956,17.156582,20.795475,28.490667
1989-04-05,4.079475,Training,1.581100,3.373754,4.306834,6.370131,8.258447,9.646684,10.712626,12.688151,16.182508,19.568604,26.008871
1989-04-06,4.079475,Training,1.250902,3.108518,3.977409,6.265592,8.305122,9.609982,10.910441,13.436227,17.450785,21.422119,28.137100
1989-04-07,4.079475,Training,1.470176,3.297768,4.330321,6.549822,8.487045,9.916703,11.227186,13.641766,17.436069,20.821348,26.381256
1989-04-08,4.079475,Training,1.233426,3.120408,4.007053,6.435545,8.600440,10.141330,11.698502,14.678040,19.382330,24.415281,32.179295
1989-04-09,4.395986,Training,1.335814,3.595034,4.627476,7.548513,10.326410,11.866250,13.786192,17.370203,23.140074,28.808216,38.968834
1989-04-10,4.782833,Training,1.751224,3.971151,5.116743,7.731404,10.048964,11.427240,13.050446,15.869637,20.079290,24.225998,30.404383
1989-04-11,4.818001,Training,1.808751,4.176858,5.368040,8.102265,10.728743,11.936266,13.512531,16.407587,20.859844,25.470829,33.049545
1989-04-12,5.451023,Training,1.908956,4.518292,5.669733,8.952230,11.529023,13.245378,15.124521,18.529266,23.799349,29.235119,37.892315
1989-04-13,12.132921,Training,2.003760,4.947029,6.210218,9.988463,13.044660,14.957385,17.110058,21.197084,27.396421,33.593662,44.211098
1989-04-14,12.765943,Training,2.699308,5.904402,7.621963,11.295641,14.328335,16.009327,17.975134,21.638775,26.809147,31.691263,39.558708
1989-04-15,10.304191,Training,2.676905,5.770669,7.284592,10.583895,13.379171,14.680333,16.367138,19.391546,23.720802,28.159594,35.327904
1989-04-16,9.002979,Training,2.888785,5.788220,7.396811,10.374884,12.569101,14.105935,15.632230,18.146788,21.767939,24.932135,30.199165
1989-04-17,7.983111,Training,3.189420,6.262288,7.897947,10.877572,12.983368,14.402522,15.926945,18.206032,21.400274,24.075861,28.625868
1989-04-18,7.420424,Training,2.944408,5.815055,7.361352,10.092151,12.215389,13.443543,14.902507,17.071209,19.988323,22.504410,26.632830
1989-04-19,6.998410,Training,2.844285,5.759175,7.201136,9.940490,12.320794,13.290760,14.739343,16.926188,20.005955,22.721828,27.536325
1989-04-20,6.892906,Training,2.537695,5.174190,6.610298,9.177587,11.578151,12.539748,13.945612,16.217007,19.453571,21.948139,26.686892
1989-04-21,6.506059,Training,2.436564,4.927896,6.403324,8.961381,11.428381,12.407010,13.777095,16.168562,19.443840,21.532598,26.077497
1989-04-22,6.048877,Training,2.057429,4.348907,5.562169,7.832098,10.131738,10.862438,12.189073,14.336613,17.367376,19.433626,23.992317
1989-04-23,5.662030,Training,2.305979,4.681164,6.009103,8.361160,10.564528,11.493733,12.775277,14.867862,17.756907,19.607254,23.652479
1989-04-24,5.626862,Training,2.224457,4.642671,5.879055,8.270116,10.624841,11.349971,12.650907,14.770434,17.741936,19.802578,24.512222
1989-04-25,5.556526,Training,2.187730,4.629243,5.810656,8.297508,10.390511,11.410296,12.738498,14.803576,17.959372,20.888395,26.036533
1989-04-26,5.275183,Training,2.305256,4.778052,6.166700,8.800467,10.777265,12.153165,13.467155,15.744768,19.073204,21.609833,26.524986
1989-04-27,5.169680,Training,2.154535,4.468904,5.648438,7.933275,9.751600,10.863276,12.138535,13.989026,16.783730,19.075027,23.262968
1989-04-28,4.853169,Training,1.663961,3.634096,4.756929,6.732275,8.746512,9.572116,10.769149,12.760542,15.693108,17.783953,22.254925
1989-04-29,4.782833,Training,1.901150,4.030310,5.246088,7.386557,9.520639,10.378963,11.640298,13.700114,16.668535,18.656521,22.959206
1989-04-30,4.501490,Training,1.623689,3.540660,4.673219,6.707116,8.795081,9.598944,10.824320,12.942100,15.905395,17.606094,21.685606
1989-05-01,4.184979,Training,1.218627,2.837554,3.768335,5.489400,7.246533,7.977972,9.124127,11.019319,13.669530,15.052961,18.494831
1989-05-02,4.044307,Training,0.890539,2.245238,2.931265,4.278946,5.614527,6.267175,7.241817,8.720342,10.816038,11.960168,14.898069
1989-05-03,3.798132,Training,0.839855,2.200896,2.901741,4.301246,5.646763,6.318042,7.318453,8.888138,11.068727,12.149277,14.961813
1989-05-04,3.692628,Training,0.633306,1.809945,2.374620,3.565523,4.686035,5.325629,6.199293,7.574450,9.469283,10.474487,13.115602
1989-05-05,3.411285,Training,0.585059,1.753406,2.308081,3.503169,4.596486,5.240960,6.109812,7.500989,9.393078,10.378881,12.970379
1989-05-06,3.129942,Training,0.591202,1.776687,2.337347,3.548657,4.646526,5.292838,6.172378,7.575469,9.478165,10.463384,13.042970
1989-05-07,2.848599,Training,0.581582,1.781885,2.353242,3.598844,4.708148,5.366397,6.276672,7.748181,9.718615,10.734678,13.280169
1989-05-08,2.778263,Training,0.560385,1.692774,2.230857,3.433401,4.579169,5.163830,6.064614,7.496951,9.443562,10.759166,13.643944
1989-05-09,2.602424,Training,0.688343,1.918435,2.475513,3.710268,4.964793,5.565678,6.493476,7.929307,10.028667,11.463418,14.803269
1989-05-10,2.532088,Training,0.799480,2.051328,2.656758,3.913925,5.179150,5.837409,6.801926,8.273026,10.409201,11.852461,15.020962
1989-05-11,2.321081,Training,0.735153,1.945798,2.547714,3.779262,5.035484,5.676712,6.609841,8.059161,10.176049,11.547767,14.724762
1989-05-12,2.250745,Training,0.840667,2.161144,2.790262,4.124758,5.514320,6.136478,7.161391,8.689795,10.968280,12.538761,15.964994
1989-05-13,2.074905,Training,0.865435,2.127705,2.803525,4.161305,5.578103,6.263970,7.297901,8.918010,11.300863,12.802372,15.976555
1989-05-14,2.039737,Training,0.260517,0.969610,1.285502,2.033505,2.729645,3.289717,3.915641,5.049948,6.511743,7.382565,9.696947
1989-05-15,1.828730,Training,0.168349,0.861154,1.164734,1.898193,2.535418,3.094358,3.715288,4.864923,6.315789,7.147157,9.363943
1989-05-16,1.652891,Training,0.106843,0.763907,1.043643,1.731160,2.306679,2.847664,3.428196,4.523260,5.884297,6.636877,8.742114
1989-05-17,1.582555,Training,0.079095,0.720466,0.990039,1.660888,2.211582,2.744277,3.312828,4.397933,5.734167,6.462444,8.521797
1989-05-18,1.441883,Training,0.037347,0.643458,0.893339,1.524883,2.035982,2.549799,3.091309,4.143755,5.436732,6.126781,8.141317
1989-05-19,1.406716,Training,-0.017891,0.591091,0.802172,1.433681,1.942450,2.411285,2.947236,3.971064,5.278764,6.064239,8.270886
1989-05-20,1.266044,Training,0.012487,0.613113,0.837001,1.453551,1.973229,2.455143,2.993078,4.039373,5.386991,6.189354,8.452106
1989-05-21,1.230876,Training,0.039164,0.621754,0.862930,1.464710,1.976401,2.476813,3.014937,4.070898,5.413407,6.187042,8.363312
1989-05-22,1.230876,Training,0.058685,0.683405,0.922145,1.586581,2.176443,2.652603,3.222641,4.328728,5.762402,6.745130,9.240019
1989-05-23,1.230876,Training,0.093898,0.696407,0.978956,1.681525,2.327012,2.842866,3.467621,4.706639,6.418005,7.741176,10.660556
1989-05-24,1.371548,Training,-0.046211,0.619369,0.878956,1.633139,2.301065,2.871935,3.507231,4.884784,6.989211,8.617024,12.626892
1989-05-25,1.406716,Training,-0.041119,0.664159,0.941917,1.739786,2.447294,3.044079,3.726655,5.162166,7.380663,9.132169,13.257238
1989-05-26,1.441883,Training,0.047433,0.781997,1.115490,2.029345,2.859380,3.526891,4.370344,6.055461,8.797372,11.129032,15.977616
1989-05-27,2.321081,Training,-0.008921,0.727022,1.026370,1.928999,2.731888,3.460605,4.293697,6.131977,9.240143,11.770090,17.665930
1989-05-28,2.250745,Training,-0.006117,0.831749,1.133770,2.175019,3.117355,3.965526,4.958687,7.138962,11.124895,14.231198,22.050581
1989-05-29,2.285913,Training,-0.052235,0.880267,1.185754,2.310241,3.317451,4.167629,5.240798,7.471365,11.556990,14.657549,22.720940
1989-05-30,2.110073,Training,0.143740,1.180674,1.560501,2.841044,4.014264,4.899095,6.114184,8.406308,12.499098,15.834527,23.389639
1989-05-31,2.039737,Training,0.244824,1.442486,1.854406,3.267663,4.595805,5.474218,6.741798,9.030331,13.023849,16.381834,23.922796
1989-06-01,2.039737,Training,0.559983,1.887737,2.453919,3.868722,5.202023,6.127447,7.410139,9.454432,12.864840,15.612014,21.200584
1989-06-02,2.039737,Training,0.808604,2.376883,2.923105,4.495888,6.014664,6.796949,8.090810,9.933125,13.060080,15.977348,21.620329
1989-06-03,1.828730,Training,0.820483,2.274082,2.901246,4.335615,5.699677,6.524202,7.760546,9.484602,12.307447,14.710981,19.268848
1989-06-04,1.652891,Training,0.850727,2.278598,2.871332,4.251231,5.548151,6.316164,7.514075,9.090368,11.631360,13.765421,17.798256
1989-06-05,1.688059,Training,0.783396,2.135257,2.710887,4.024668,5.237734,5.977288,7.113614,8.637559,10.991460,12.901725,16.605543
1989-06-06,1.969402,Training,0.695259,1.947672,2.479449,3.714176,4.829040,5.541125,6.619267,8.081306,10.274779,11.977177,15.335077
1989-06-07,1.828730,Training,0.727424,1.991000,2.517880,3.754605,4.863147,5.560289,6.620787,8.027706,10.134469,11.748814,14.975575
1989-06-08,1.652891,Training,0.702741,1.934362,2.444546,3.653406,4.730766,5.413053,6.443137,7.815472,9.854217,11.382556,14.484964
1989-06-09,1.617723,Training,0.638703,1.800695,2.288275,3.448300,4.479812,5.148985,6.145055,7.501404,9.497149,10.947664,13.929227
1989-06-10,1.617723,Training,0.485345,1.591834,2.021852,3.151158,4.138428,4.767195,5.736371,7.099246,9.105401,10.550653,13.581203
1989-06-11,1.617723,Training,0.284834,1.234141,1.636163,2.651017,3.463632,4.116441,4.973360,6.331086,8.228252,9.461555,12.101021
1989-06-12,1.617723,Training,0.182425,1.063190,1.433692,2.398045,3.140484,3.782588,4.586354,5.929817,7.787513,8.943530,11.480245
1989-06-13,1.582555,Training,0.155973,1.008799,1.374593,2.319120,3.056016,3.687847,4.480730,5.827244,7.703533,8.870181,11.420208
1989-06-14,1.441883,Training,-0.041889,0.738086,1.007978,1.901369,2.557184,3.107419,3.855489,5.134391,7.091101,8.463470,11.408336
1989-06-15,1.406716,Training,-0.067147,0.603402,0.910422,1.770769,2.446180,3.045025,3.827515,5.352644,7.956925,10.104371,14.379464
1989-06-16,1.406716,Training,-0.302261,0.375783,0.580728,1.381447,1.931473,2.552339,3.243079,4.755072,7.537871,9.580702,14.900506
1989-06-17,1.406716,Training,-0.312385,0.325188,0.520322,1.276502,1.770518,2.368893,3.020691,4.459613,7.104600,9.094687,14.078506
1989-06-18,1.406716,Training,-0.236464,0.388832,0.639355,1.344822,1.869521,2.485266,3.134700,4.562419,6.994480,8.668507,12.912850
1989-06-19,1.406716,Training,-0.228853,0.294513,0.534344,1.099367,1.511035,2.070987,2.598012,3.833928,5.781149,7.033782,10.372267
1989-06-20,1.406716,Training,-0.153489,0.450844,0.725599,1.393343,1.883152,2.487947,3.104331,4.438003,6.478533,7.796973,11.008926
1989-06-21,1.406716,Training,-0.217695,0.267155,0.479197,0.982683,1.329314,1.823255,2.297182,3.389105,4.995534,5.970968,8.665062
1989-06-22,1.406716,Training,-0.206638,0.273442,0.476853,0.972475,1.308542,1.784968,2.254084,3.312816,4.826547,5.718266,8.218488
1989-06-23,1.230876,Training,-0.217944,0.254408,0.440014,0.920421,1.240692,1.691360,2.145581,3.158518,4.599562,5.435573,7.850147
1989-06-24,0.175839,Training,-0.206432,0.249105,0.435774,0.898297,1.210358,1.655083,2.097886,3.090808,4.471129,5.252649,7.541939
1989-06-25,0.000000,Training,-0.178106,0.280779,0.468897,0.932938,1.259197,1.702695,2.155825,3.142817,4.504161,5.270548,7.500639
1989-06-26,0.000000,Training,-0.156285,0.299971,0.487662,0.946329,1.280220,1.718487,2.174203,3.147212,4.477135,5.217572,7.386149
1989-06-27,0.000000,Training,-0.107501,0.350339,0.540820,0.998325,1.354205,1.789965,2.258401,3.226081,4.535680,5.263082,7.395868
1989-06-28,0.000000,Training,-0.146261,0.283194,0.458181,0.880923,1.196715,1.610342,2.044075,2.960693,4.194378,4.856207,6.895698
1989-06-29,0.000000,Training,-0.199527,0.202627,0.362494,0.754170,1.029641,1.422096,1.814432,2.681197,3.840599,4.435104,6.388719
1989-06-30,0.000000,Training,-0.232331,0.150172,0.301431,0.670923,0.921234,1.297218,1.661571,2.498410,3.614112,4.181733,6.113085
1989-07-01,0.000000,Training,-0.241316,0.126126,0.272876,0.624756,0.864812,1.228637,1.577262,2.394830,3.488967,4.055504,5.986417
1989-07-02,0.000000,Training,-0.258945,0.069017,0.199353,0.501800,0.707695,1.034580,1.341105,2.100331,3.123329,3.694069,5.611681
1989-07-03,0.000000,Training,-0.274434,0.029928,0.135647,0.394389,0.573324,0.861880,1.127553,1.805668,2.725605,3.261386,5.156349
1989-07-04,0.000000,Training,-0.227215,0.076884,0.194859,0.448445,0.651718,0.950197,1.228057,1.906428,2.801503,3.293794,5.121795
1989-07-05,0.000000,Training,-0.249695,0.027099,0.131648,0.353157,0.527250,0.802228,1.042568,1.664900,2.473579,2.924381,4.670707
1989-07-06,0.000000,Training,-0.245926,-0.027644,0.004791,0.125341,0.255330,0.409922,0.539987,0.910900,1.363986,1.765202,3.451625
1989-07-07,0.000000,Training,-0.255016,-0.048854,0.016880,0.118165,0.251372,0.435460,0.561835,0.964153,1.474702,1.850077,3.609808
1989-07-08,0.000000,Training,-0.240552,-0.039509,0.025147,0.124188,0.256099,0.439824,0.571325,0.971038,1.467251,1.828568,3.515633
1989-07-09,0.000000,Training,-0.279971,-0.037412,0.054593,0.217530,0.372416,0.612781,0.789091,1.302488,1.982439,2.393668,4.232460
1989-07-10,0.000000,Training,-0.293346,-0.050630,0.034665,0.196950,0.339609,0.574447,0.745968,1.245604,1.888017,2.261447,4.009732
1989-07-11,0.000000,Training,-0.292098,-0.048466,0.034563,0.195221,0.335380,0.567369,0.740550,1.237960,1.872443,2.239256,3.968337
1989-07-12,0.000000,Training,-0.283321,-0.038941,0.045299,0.208627,0.353296,0.588931,0.767907,1.271475,1.915121,2.279372,3.998393
1989-07-13,0.000000,Training,-0.288685,-0.043074,0.039862,0.204323,0.346138,0.581013,0.760180,1.262336,1.899274,2.252380,3.949023
1989-07-14,0.000000,Training,-0.294280,-0.047769,0.034613,0.200161,0.339912,0.574097,0.753335,1.255007,1.888304,2.234308,3.919363
1989-07-15,0.000000,Training,-0.297993,-0.050784,0.031882,0.198305,0.337507,0.571678,0.751413,1.254473,1.889737,2.235119,3.923006
1989-07-16,0.000000,Training,-0.303895,-0.060075,0.020536,0.182846,0.318220,0.547289,0.721951,1.216341,1.837925,2.178387,3.859006
1989-07-17,0.000000,Training,-0.308955,-0.067280,0.012439,0.172670,0.305777,0.531718,0.703467,1.193241,1.807695,2.145510,3.824075
1989-07-18,0.000000,Training,-0.319547,-0.080275,-0.000549,0.158855,0.287967,0.509642,0.678087,1.163965,1.769847,2.105270,3.785740
1989-07-19,0.000000,Training,-0.329771,-0.077880,-0.001325,0.167925,0.300926,0.522380,0.696000,1.187654,1.819458,2.174351,3.921295
1989-07-20,0.000000,Training,-0.329616,-0.087052,-0.004552,0.159881,0.291416,0.515926,0.686529,1.183686,1.817258,2.173072,3.915635
1989-07-21,0.000000,Training,-0.353921,-0.081058,-0.029330,0.144875,0.269238,0.455757,0.598762,1.050328,1.753526,2.374340,4.758239
1989-07-22,0.000000,Training,-0.488280,-0.170202,-0.132709,0.020239,0.184279,0.383266,0.487377,1.002982,2.033155,2.928489,7.256043
1989-07-23,0.000000,Training,-0.403860,-0.099798,0.019081,0.198902,0.386780,0.682043,0.879954,1.591814,2.915772,3.846935,7.773689
1989-07-24,0.000000,Training,-0.375208,-0.084322,0.045507,0.253733,0.431323,0.730751,0.951580,1.683552,2.959748,3.903324,7.161515
1989-07-25,0.000000,Training,-0.366158,-0.119505,-0.023788,0.125635,0.269781,0.506791,0.661379,1.200119,2.045906,2.644929,5.100347
1989-07-26,0.000000,Training,-0.357511,-0.112326,-0.025580,0.127904,0.262275,0.491101,0.650442,1.173778,1.945698,2.468492,4.665554
1989-07-27,0.000000,Training,-0.346571,-0.102011,-0.019453,0.133981,0.267123,0.491625,0.658242,1.177496,1.924251,2.414552,4.504296
1989-07-28,0.000000,Training,-0.341288,-0.097710,-0.017773,0.136025,0.268935,0.491296,0.662724,1.179780,1.912666,2.382051,4.405876
1989-07-29,0.000000,Training,-0.348116,-0.105092,-0.028924,0.124850,0.253794,0.470242,0.641197,1.150054,1.860401,2.310476,4.286962
1989-07-30,0.000000,Training,-0.354147,-0.105879,-0.033489,0.124064,0.254337,0.467663,0.641656,1.149491,1.864042,2.315960,4.305644
1989-07-31,0.000000,Training,-0.355455,-0.111010,-0.038027,0.116624,0.246323,0.458367,0.630764,1.136522,1.846151,2.295744,4.275673
1989-08-01,0.000000,Training,-0.357143,-0.116312,-0.042996,0.109737,0.238787,0.449334,0.620724,1.123848,1.826245,2.270086,4.230510
1989-08-02,0.000000,Training,-0.369016,-0.108479,-0.043020,0.125797,0.263465,0.472823,0.653479,1.165188,1.910150,2.388196,4.455187
1989-08-03,0.000000,Training,-0.376183,-0.093979,-0.045084,0.148628,0.305785,0.511552,0.700562,1.235803,2.073815,2.690643,5.085902
1989-08-04,0.000000,Training,-0.416359,-0.152164,-0.114866,0.004985,0.164082,0.326754,0.437937,0.919154,1.776215,2.660630,6.276317
1989-08-05,0.000000,Training,-0.441041,-0.149672,-0.054700,0.091958,0.274407,0.513915,0.692969,1.326159,2.563260,3.512931,7.549532
1989-08-06,0.000000,Training,-0.397994,-0.104755,0.012095,0.203950,0.408338,0.686304,0.922420,1.646081,3.002363,4.021313,7.698232
1989-08-07,0.000000,Training,-0.377979,-0.104266,0.037206,0.258235,0.464752,0.767915,1.027650,1.780817,3.115274,4.069192,7.172428
1989-08-08,0.000000,Training,-0.378708,-0.108930,0.010296,0.224635,0.413536,0.680955,0.928395,1.644628,2.886415,3.846136,6.708425
1989-08-09,0.000000,Training,-0.358302,-0.115631,-0.015206,0.155318,0.316719,0.556896,0.764839,1.376295,2.354619,3.056576,5.460523
1989-08-10,0.000000,Training,-0.315284,-0.116290,-0.049023,0.057171,0.196609,0.387335,0.535009,0.980293,1.611492,2.031374,3.940259
1989-08-11,0.000000,Training,-0.314378,-0.119283,-0.056795,0.045287,0.181759,0.366915,0.512158,0.945161,1.551179,1.950537,3.801436
1989-08-12,0.000000,Training,-0.316372,-0.124033,-0.065707,0.033364,0.166903,0.347439,0.490124,0.912581,1.497741,1.879416,3.683435
1989-08-13,0.000000,Training,-0.298216,-0.111306,-0.053383,0.042569,0.181312,0.361122,0.508140,0.931995,1.516974,1.898133,3.683862
1989-08-14,0.000000,Training,-0.278220,-0.096741,-0.038785,0.054588,0.199314,0.378786,0.530644,0.957238,1.543825,1.925596,3.699686
1989-08-15,0.000000,Training,-0.285398,-0.104401,-0.049305,0.043442,0.186383,0.363475,0.513465,0.933622,1.511749,1.883221,3.634266
1989-08-16,0.000000,Training,-0.292798,-0.096753,-0.051386,0.052399,0.206660,0.379016,0.536222,0.965648,1.573237,1.971675,3.811621
1989-08-17,0.000000,Training,-0.279420,-0.105827,-0.051374,0.036357,0.182108,0.355641,0.503226,0.920344,1.496687,1.877422,3.638999
1989-08-18,0.000000,Training,-0.314335,-0.139500,-0.088440,-0.000344,0.135392,0.304872,0.442135,0.844557,1.403253,1.768179,3.502858
1989-08-19,0.000000,Training,-0.315640,-0.145059,-0.092560,-0.004989,0.134216,0.303276,0.439720,0.845328,1.415178,1.794711,3.552888
1989-08-20,0.000000,Training,-0.323964,-0.160411,-0.115791,-0.034751,0.098815,0.256803,0.381841,0.770703,1.317655,1.708030,3.459091
1989-08-21,0.000000,Training,-0.346415,-0.186828,-0.148757,-0.068389,0.058782,0.206802,0.318770,0.697933,1.233286,1.651978,3.410931
1989-08-22,0.000000,Training,-0.316313,-0.173841,-0.168964,-0.124538,-0.013901,0.083757,0.154889,0.423845,0.781482,1.126474,2.751808
1989-08-23,0.000000,Training,-0.297303,-0.162202,-0.154525,-0.121744,-0.012263,0.083053,0.146171,0.385811,0.687947,0.966425,2.468029
1989-08-24,0.000000,Training,-0.313689,-0.156243,-0.163108,-0.121672,-0.003193,0.080678,0.143156,0.376047,0.687456,0.991631,2.595961
1989-08-25,0.000000,Training,-0.290912,-0.159871,-0.156353,-0.128888,-0.016633,0.070625,0.128184,0.358715,0.652384,0.941538,2.464803
1989-08-26,0.000000,Training,-0.286589,-0.160635,-0.159141,-0.134500,-0.022458,0.060300,0.116122,0.339699,0.622707,0.910405,2.417052
1989-08-27,0.000000,Training,-0.283830,-0.161771,-0.159913,-0.137671,-0.023215,0.058396,0.114147,0.339050,0.627345,0.921592,2.441742
1989-08-28,0.000000,Training,-0.273835,-0.156081,-0.156927,-0.137274,-0.021863,0.057856,0.113920,0.335516,0.619673,0.913057,2.419123
1989-08-29,0.000000,Training,-0.270068,-0.153119,-0.157213,-0.138766,-0.021906,0.055183,0.111419,0.329737,0.611442,0.904977,2.408443
1989-08-30,0.000000,Training,-0.281599,-0.151728,-0.174019,-0.143511,-0.009011,0.051343,0.102758,0.315425,0.593302,0.949231,2.633692
1989-08-31,0.000000,Training,-0.259069,-0.146801,-0.148106,-0.133507,-0.008537,0.065292,0.118586,0.343236,0.641682,0.981862,2.614296
1989-09-01,0.000000,Training,-0.233838,-0.132849,-0.135882,-0.126436,0.002155,0.072562,0.130147,0.351975,0.646501,0.987847,2.590696
1989-09-02,0.000000,Training,-0.233926,-0.137101,-0.134701,-0.126436,0.009543,0.082944,0.142895,0.380944,0.703471,1.070363,2.747492
1989-09-03,0.000000,Training,-0.227991,-0.134527,-0.140902,-0.134389,-0.001489,0.064976,0.124034,0.348817,0.649011,1.001264,2.613932
1989-09-04,0.000000,Training,-0.208223,-0.120236,-0.128369,-0.125013,0.008020,0.074688,0.134751,0.356099,0.648774,0.986393,2.558032
1989-09-05,0.000000,Training,-0.191116,-0.109093,-0.120629,-0.120572,0.014004,0.077822,0.137969,0.354788,0.641321,0.977637,2.536731
1989-09-06,0.000000,Training,-0.200465,-0.117632,-0.130496,-0.129793,0.002504,0.065192,0.124450,0.337360,0.617785,0.947357,2.485652
1989-09-07,0.000000,Training,-0.267454,-0.149948,-0.181839,-0.160444,-0.019196,0.032109,0.085154,0.297698,0.582363,0.939875,2.614571
1989-09-08,0.000000,Training,-0.265038,-0.151656,-0.181162,-0.161472,-0.010743,0.036528,0.086341,0.306947,0.602823,1.006034,2.819785
1989-09-09,0.000000,Training,-0.246582,-0.131624,-0.158047,-0.141294,0.023716,0.070350,0.122367,0.362450,0.701812,1.164507,3.177942
1989-09-10,0.000000,Training,-0.223952,-0.128736,-0.128460,-0.125014,0.037364,0.098976,0.159414,0.410043,0.789149,1.266851,3.292645
1989-09-11,0.000000,Training,-0.221870,-0.137898,-0.134429,-0.136997,0.028001,0.082664,0.144188,0.391599,0.765354,1.265348,3.292408
1989-09-12,0.000000,Training,-0.237601,-0.149651,-0.142871,-0.141648,0.011949,0.076572,0.137900,0.387973,0.750942,1.200550,3.110743
1989-09-13,0.000000,Training,-0.221685,-0.139027,-0.141203,-0.140015,0.008709,0.072346,0.137171,0.379292,0.721067,1.133803,2.911795
1989-09-14,0.000000,Training,-0.228043,-0.145728,-0.151940,-0.149293,-0.005649,0.057991,0.123819,0.360189,0.688664,1.078233,2.778393
1989-09-15,0.000000,Training,-0.252305,-0.165657,-0.173085,-0.166944,-0.028586,0.036126,0.101500,0.334117,0.656542,1.030628,2.685293
1989-09-16,0.000000,Training,-0.253299,-0.166779,-0.176213,-0.168973,-0.027175,0.037724,0.105867,0.343159,0.676408,1.061844,2.729729
1989-09-17,0.000000,Training,-0.214836,-0.134521,-0.153897,-0.150288,0.003866,0.059174,0.131645,0.372325,0.715739,1.142549,2.881208
1989-09-18,0.000000,Training,-0.202415,-0.121918,-0.145010,-0.145839,-0.002035,0.052679,0.116838,0.332729,0.630825,0.989655,2.614706
1989-09-19,0.000000,Training,-0.182155,-0.115093,-0.133295,-0.139294,0.003680,0.061644,0.126951,0.343086,0.640211,0.998028,2.599276
1989-09-20,0.000000,Training,-0.202756,-0.132268,-0.148858,-0.152319,-0.012418,0.047052,0.112182,0.328793,0.625885,0.977990,2.564542
1989-09-21,0.000000,Training,-0.208279,-0.138118,-0.154766,-0.158141,-0.018520,0.040273,0.105270,0.321223,0.617773,0.969794,2.552754
1989-09-22,0.000000,Training,-0.166092,-0.106379,-0.125242,-0.133605,0.015104,0.075417,0.144911,0.366600,0.680005,1.049700,2.672786
1989-09-23,0.000000,Training,-0.166953,-0.108415,-0.126978,-0.134853,0.015773,0.078248,0.149852,0.375697,0.698577,1.074226,2.705457
1989-09-24,0.000000,Training,-0.215776,-0.150189,-0.164126,-0.166192,-0.020007,0.044498,0.116161,0.347455,0.673808,1.052057,2.665100
1989-09-25,0.000000,Training,-0.283662,-0.207279,-0.213415,-0.203873,-0.055320,0.013703,0.090064,0.342843,0.706864,1.132211,2.793191
1989-09-26,0.000000,Training,-0.270791,-0.195412,-0.206552,-0.201543,-0.059507,0.005343,0.074720,0.308791,0.640351,1.028978,2.640385
1989-09-27,0.000000,Training,-0.218938,-0.153809,-0.173186,-0.178176,-0.038549,0.017850,0.081174,0.292796,0.583912,0.939284,2.494415
1989-09-28,0.000000,Training,-0.155393,-0.102275,-0.129722,-0.145008,-0.007694,0.040421,0.097869,0.286463,0.537374,0.858680,2.350614
1989-09-29,0.000000,Training,-0.131671,-0.085334,-0.114847,-0.133949,0.006128,0.052363,0.109965,0.296641,0.545967,0.869264,2.364439
1989-09-30,0.000000,Training,-0.089987,-0.054537,-0.089375,-0.114084,0.032346,0.074831,0.133293,0.315854,0.567763,0.901368,2.419574
1989-10-01,,,-0.017521,0.511292,0.564694,0.556635,1.137359,1.191375,1.509174,2.477542,4.867069,7.237839,17.051542
1989-10-02,,,-0.027360,0.497748,0.557954,0.548875,1.136490,1.187662,1.505517,2.484875,4.906089,7.315875,17.231998
2003-09-18,0.000000,Training,,,,,,,,,,,
2003-09-19,0.000000,Training,,,,,,,,,,,
2003-09-20,0.000000,Training,-0.213097,-0.140989,-0.166725,-0.173350,-0.043275,0.000873,0.052717,0.232989,0.471577,0.777431,2.254604
2003-09-21,0.000000,Training,-0.180854,-0.115630,-0.147017,-0.158248,-0.021612,0.016729,0.069886,0.248929,0.486970,0.806038,2.303962
2003-09-22,0.000000,Training,-0.137909,-0.083018,-0.120633,-0.137990,0.006705,0.039264,0.093719,0.271127,0.509888,0.844832,2.373672
2003-09-23,0.000000,Training,-0.147681,-0.094755,-0.126062,-0.143205,-0.004273,0.034452,0.088271,0.267335,0.503777,0.823944,2.313409
2003-09-24,0.000000,Training,-0.173948,-0.116345,-0.144482,-0.158483,-0.024175,0.017719,0.070872,0.250158,0.486028,0.796421,2.264541
2003-09-25,0.000000,Training,-0.184788,-0.124914,-0.151478,-0.164223,-0.030953,0.013610,0.067347,0.249244,0.489701,0.798486,2.267577
2003-09-26,0.000000,Training,-0.186267,-0.127013,-0.155429,-0.168477,-0.035911,0.005498,0.057845,0.235024,0.468343,0.774909,2.235131
2003-09-27,0.000000,Training,-0.178680,-0.121839,-0.151232,-0.165676,-0.033097,0.006882,0.058211,0.233374,0.461943,0.764993,2.215867
2003-09-28,0.000000,Training,-0.136811,-0.093022,-0.126035,-0.147078,-0.009036,0.025767,0.077999,0.250730,0.475126,0.789814,2.251490
2003-09-29,0.000000,Training,-0.114868,-0.071678,-0.112404,-0.135300,0.009442,0.039317,0.092427,0.264330,0.491987,0.817441,2.313370
2003-09-30,0.000000,Training,-0.143927,-0.063457,-0.057988,-0.090585,0.159864,0.179601,0.249727,0.478564,0.902057,1.605595,4.585655
2003-10-01,0.351679,Training,-0.333583,-0.003640,0.030338,0.010708,0.516059,0.602411,0.758800,1.343547,3.033886,4.926529,16.734552
2003-10-02,2.848599,Training,-0.152057,0.555805,0.640356,0.632269,1.724039,1.785808,2.352408,3.717690,8.149721,12.465646,41.809441
2003-10-03,3.165110,Training,-0.236289,0.312534,0.400105,0.393915,1.336656,1.409363,1.914991,3.540507,8.149558,12.782245,37.546970
2003-10-04,2.250745,Training,-0.217257,0.140090,0.281095,0.244063,0.790034,0.903120,1.276535,2.206394,4.736844,7.163958,17.407391
2003-10-05,1.336380,Training,-0.117266,0.062503,0.107410,0.049334,0.377482,0.430700,0.607213,1.045726,2.098564,3.278702,7.743221
2003-10-06,0.984701,Training,-0.035991,0.092201,0.100999,0.056341,0.335154,0.388290,0.550664,0.902297,1.733294,2.659114,5.975163
2003-10-07,0.738526,Training,0.001879,0.089038,0.069069,0.024698,0.260761,0.299951,0.446892,0.742701,1.360116,2.070514,4.697704
2003-10-08,0.633022,Training,-0.014731,0.051203,0.023397,-0.016602,0.190182,0.230054,0.364771,0.637855,1.142133,1.737459,4.011278
2003-10-09,0.527518,Training,-0.030438,0.023605,-0.008244,-0.041109,0.148601,0.195579,0.321289,0.584220,1.036632,1.569179,3.643827
2003-10-10,0.492350,Training,-0.039681,0.006727,-0.027124,-0.055056,0.123513,0.177166,0.295189,0.552168,0.972384,1.460934,3.403498
2003-10-11,0.492350,Training,-0.091240,-0.039909,-0.099653,-0.116107,0.087055,0.122423,0.223334,0.502471,0.933220,1.500544,3.734534
2003-10-12,0.738526,Training,-0.187409,-0.098142,-0.135923,-0.143870,0.079677,0.122861,0.221505,0.548391,1.108434,1.824132,4.671746
2003-10-13,1.090205,Training,-0.129358,-0.050405,-0.049867,-0.066448,0.139257,0.211986,0.323463,0.647993,1.234931,1.910092,4.531546
2003-10-14,1.195708,Training,-0.133752,-0.063371,-0.061449,-0.076501,0.125726,0.201245,0.309148,0.635247,1.201062,1.842219,4.308984
2003-10-15,1.090205,Training,-0.192617,-0.089802,-0.104428,-0.090668,0.134049,0.217275,0.328242,0.708395,1.374476,2.097491,4.869455
2003-10-16,1.371548,Training,-0.217014,-0.106944,-0.116931,-0.083585,0.145350,0.253077,0.376780,0.803604,1.561450,2.334087,5.253730
2003-10-17,1.758394,Training,-0.196556,-0.077253,-0.047896,-0.000372,0.220489,0.375409,0.533918,0.999252,1.859312,2.622732,5.406927
2003-10-18,1.441883,Training,-0.298228,-0.170193,-0.129757,-0.032567,0.252053,0.447464,0.641846,1.270167,2.550632,3.731196,7.608812
2003-10-19,1.758394,Training,-0.492050,-0.275270,-0.205490,-0.062068,0.325908,0.608204,0.844610,1.770519,4.402824,6.795797,16.164572
2003-10-20,3.165110,Training,-0.464652,-0.132609,-0.047007,0.187025,0.654229,0.990843,1.374066,2.551088,5.876990,8.456274,18.771593
2003-10-21,2.743095,Training,-0.285963,-0.037829,0.079022,0.256246,0.620042,0.945316,1.299663,2.175272,4.302497,5.857211,11.055593
2003-10-22,2.356248,Training,-0.158609,0.132974,0.188477,0.484106,0.865637,1.215436,1.635040,2.467838,4.286525,5.545771,9.223075
2003-10-23,2.250745,Training,-0.095594,0.151800,0.224380,0.507408,0.842438,1.217874,1.628076,2.403002,3.961204,4.900107,7.753249
2003-10-24,1.969402,Training,-0.052650,0.240944,0.289478,0.634802,1.013631,1.405671,1.873326,2.687182,4.273542,5.204980,7.944705
2003-10-25,1.793562,Training,-0.162593,0.178392,0.224290,0.661852,1.158806,1.633765,2.211803,3.305282,5.893840,7.744652,12.689773
2003-10-26,2.356248,Training,-0.349783,0.131543,0.243060,0.765496,1.436414,1.991160,2.743321,4.418396,8.914758,12.078501,22.136595
2003-10-27,3.376117,Training,-0.389341,0.040879,0.164425,0.646960,1.333529,1.925313,2.647544,4.490304,9.600465,13.279044,24.818882
2003-10-28,4.360818,Training,-0.389967,0.182451,0.433720,1.193403,2.275573,3.006415,4.178044,6.926348,14.653887,19.887899,36.313316
2003-10-29,4.536658,Training,-0.081471,0.630704,1.035540,2.081458,3.339366,4.125520,5.707489,8.315365,14.641798,18.980005,28.266151
2003-10-30,3.903636,Training,-0.519629,-0.021400,0.237584,0.821111,1.846611,2.692069,3.632970,6.642072,16.460768,23.959820,49.118973
2003-10-31,21.874426,Training,0.281139,1.796869,2.595387,5.387110,8.530717,10.773608,14.536762,21.831766,39.509190,50.756466,75.759735
2003-11-01,17.056426,Training,1.064565,2.998123,4.339465,7.467619,10.773849,12.614264,16.324692,21.762840,32.679832,40.170345,52.909725
2003-11-02,10.585534,Training,1.888336,4.138203,5.723806,9.191861,12.028427,13.870899,16.529812,20.624069,27.501551,32.167774,39.195206
2003-11-03,8.721636,Training,1.157697,2.689740,3.836528,6.259418,8.683655,9.888186,11.993203,15.199699,21.032579,24.903658,30.449537
2003-11-04,7.772103,Training,0.769260,1.844162,2.522788,4.206351,5.831887,6.808891,8.462370,10.780825,14.894684,17.623390,21.132576
2003-11-05,7.174249,Training,0.965793,2.181615,2.996212,4.809295,6.742032,7.568916,9.225956,11.537939,15.663527,18.007862,21.653395
2003-11-06,6.717067,Training,0.492282,1.311983,1.888708,3.193809,4.625821,5.296845,6.636034,8.665381,12.070193,13.786869,16.759043
2003-11-07,6.365388,Training,0.450274,1.221013,1.714615,2.921618,4.236542,4.877253,6.083854,7.935515,10.955623,12.442126,15.238759
2003-11-08,5.978541,Training,0.386397,1.116468,1.495097,2.592587,3.829408,4.389406,5.494171,7.183141,9.944314,11.444538,14.427776
2003-11-09,6.259884,Training,0.580975,1.523988,2.165285,3.820264,5.638390,6.569016,8.225046,10.644763,15.337464,19.239130,25.828989
2003-11-10,7.103913,Training,0.282871,1.443384,2.167329,4.288760,6.601132,7.726380,9.712183,13.172043,20.885620,26.293894,39.208027
2003-11-11,7.209417,Training,0.638762,1.816446,2.565219,4.527020,6.548813,7.551660,9.250342,12.001130,17.310637,21.142708,27.902639
2003-11-12,7.068745,Training,0.669648,1.771490,2.579333,4.437499,6.484864,7.306228,8.865624,11.470385,16.347679,19.441471,25.051371
2003-11-13,6.857738,Training,0.570131,1.482552,2.112199,3.581623,5.181283,5.949728,7.272271,9.410878,13.199806,15.549694,19.564438
2003-11-14,6.998410,Training,0.415815,1.207934,1.716504,3.070528,4.686272,5.299359,6.615489,8.759722,12.761014,15.574385,20.886040
2003-11-15,14.559506,Training,-0.405087,0.120632,0.472253,1.361120,2.474815,3.531204,4.729042,7.509737,15.806326,21.685061,38.992889
2003-11-16,17.900455,Training,0.311422,1.471231,2.225025,4.215365,6.265148,7.722796,10.198570,13.909350,22.331705,27.857645,39.584171
2003-11-17,13.504469,Training,0.582161,1.619534,2.236276,3.889935,5.433348,6.590520,8.290033,10.775624,15.652871,18.934948,24.757137
2003-11-18,11.288892,Training,0.517615,1.384041,1.880613,3.225929,4.485320,5.441374,6.765791,8.699564,12.242045,14.576673,18.427595
2003-11-19,10.339359,Training,0.394600,1.096721,1.451946,2.464812,3.478900,4.206655,5.257008,6.847187,9.487781,11.261840,14.206082
2003-11-20,9.600833,Training,0.392106,1.057363,1.377425,2.334504,3.279808,3.974767,4.967953,6.456157,8.841392,10.373672,13.020163
2003-11-21,9.178819,Training,0.060227,0.631224,0.913823,1.778978,2.833643,3.554480,4.661312,6.533772,10.544971,13.788618,20.349020
2003-11-22,27.677128,Training,-0.321076,0.416176,0.791912,1.961068,3.367741,4.854655,6.471994,10.439740,22.135794,29.011402,52.763962
2003-11-23,42.517976,Training,0.663424,2.226621,3.182920,5.855703,8.472703,10.271947,13.463470,18.234280,28.283381,34.639675,47.707882
2003-11-24,29.822369,Training,0.395564,1.375896,1.959571,3.516752,5.072996,6.149681,8.013546,10.827061,16.532911,20.355320,27.098446
2003-11-25,23.210806,Training,0.884756,2.018862,2.789951,4.617617,6.300177,7.569443,9.259233,11.706759,16.344109,19.335709,24.094763
2003-11-26,20.643550,Training,1.908170,4.181495,5.797024,9.624053,12.796956,14.693559,17.709227,22.121092,30.144520,36.723423,47.476604
2003-11-27,21.487579,Training,3.504857,7.076300,9.717638,14.697565,18.340597,20.971909,24.124220,29.290979,37.947811,43.631035,54.415169
2003-11-28,18.638981,Training,1.653580,3.674813,4.848191,7.846696,10.321915,11.734726,13.968837,17.293289,23.060268,27.322498,33.944111
2003-11-29,17.759783,Training,0.632681,1.896420,2.648750,4.671889,6.917332,7.813864,9.711573,12.802195,18.782902,23.364510,31.780052
2003-11-30,42.271801,Training,0.782398,2.589314,4.204754,7.762059,11.487894,14.115138,17.805668,24.371677,38.100594,49.059418,68.806793
2003-12-01,59.257891,Training,7.058434,12.561354,17.221386,23.554996,28.298170,32.293785,35.605541,41.979561,53.054691,59.813583,76.919205
2003-12-02,38.473669,Training,4.038027,7.090438,9.754182,13.938758,17.018724,19.728527,21.982542,25.932718,32.765301,37.044403,46.730656
2003-12-03,30.596062,Training,3.716775,6.743543,8.899463,12.772830,15.650969,17.665514,19.727486,22.931664,28.755476,32.526340,39.983158
2003-12-04,25.953901,Training,1.759019,3.282169,4.473017,6.686381,8.697259,10.216013,11.876987,14.180130,18.373209,21.239786,25.884521
2003-12-05,21.804090,Training,2.481532,4.847173,6.204256,9.363047,11.835451,13.168194,15.170181,17.968046,22.843863,26.223215,31.721140
2003-12-06,20.713886,Training,4.978070,9.453450,12.248123,17.592327,21.229280,23.131693,26.077396,30.560425,38.717113,44.286728,56.116413
2003-12-07,20.854558,Training,7.369283,13.813308,17.647774,24.121592,28.291460,30.716606,33.963745,39.398869,49.369221,55.598995,70.557678
2003-12-08,20.291871,Training,6.772400,12.640792,16.161192,22.069933,25.765417,27.966509,30.731232,35.633488,43.613384,48.598782,60.445999
2003-12-09,24.406514,Training,13.907693,23.924646,30.925819,38.366070,43.871555,47.396492,52.224564,58.422482,73.405266,82.040466,102.202812
2003-12-10,47.054634,Training,18.296543,30.313208,38.175610,44.839684,49.636158,52.929028,56.467361,62.277115,75.185318,81.274696,98.302437
2003-12-11,32.846807,Training,7.418747,13.081215,17.110041,22.701567,26.048775,28.719454,31.132746,35.687302,42.440365,46.256859,55.484715
2003-12-12,27.255113,Training,5.921817,10.469693,13.832010,18.389286,21.771122,23.676098,25.741535,29.472958,34.845062,38.172180,45.559002
2003-12-13,23.878996,Training,5.008425,8.849796,11.543937,15.634284,18.296721,20.257504,22.120863,25.229113,29.442225,31.663404,36.942734
2003-12-14,21.593083,Training,3.750939,6.770058,8.877364,12.357785,14.961291,16.607191,18.391062,21.210018,25.029160,27.059357,31.235605
2003-12-15,19.694017,Training,2.553213,4.764774,6.210557,8.984603,11.175142,12.533422,14.163349,16.569277,19.885866,21.599062,24.633387
2003-12-16,18.146630,Training,2.529405,4.636784,6.012639,8.712558,10.756322,12.204325,13.710424,15.931696,19.047281,20.290188,23.209526
2003-12-17,16.986090,Training,2.011092,3.846228,4.971458,7.383351,9.353514,10.557002,12.018700,14.197383,17.192183,18.505476,21.130272
2003-12-18,16.986090,Training,2.024905,3.887738,5.101482,7.762770,10.195028,11.289704,13.151176,15.789281,19.978325,23.021614,28.450281
2003-12-19,16.739915,Training,1.612813,3.551471,4.766836,7.618175,10.117533,11.415068,13.141808,16.177313,21.211285,24.949379,32.383110
2003-12-20,15.403535,Training,1.728896,3.469542,4.664784,7.182479,9.311959,10.656192,12.171485,14.800146,18.764244,21.360865,25.837086
2003-12-21,14.524338,Training,2.096114,4.050493,5.418810,8.076247,10.300285,11.613213,13.029251,15.642702,19.185043,21.123085,25.091896
2003-12-22,13.715476,Training,2.345018,4.252608,5.642547,8.154361,10.255616,11.661792,12.935981,15.177316,18.345287,19.732241,23.468641
2003-12-23,12.695608,Training,2.713967,4.652745,6.164659,8.725564,10.812830,12.360117,13.589913,15.708174,18.652374,19.625761,24.144686
2003-12-24,12.062586,Training,2.018119,3.613122,4.790657,6.959124,8.859413,10.183823,11.353959,13.299474,16.084904,17.088026,20.516270
2003-12-25,11.710907,Training,1.445563,2.692212,3.568439,5.337157,6.974729,8.115418,9.196465,10.948024,13.505829,14.569572,17.533014
2003-12-26,11.148220,Training,1.036863,1.982438,2.608538,3.979517,5.296528,6.280041,7.237186,8.725068,10.947934,12.053341,14.951903
2003-12-27,11.077885,Training,0.949516,1.974141,2.539277,4.001784,5.483357,6.362682,7.570024,9.327717,12.162161,14.363176,18.028084
2003-12-28,13.926484,Training,1.026418,2.298810,2.985738,4.685563,6.320549,7.425891,8.577073,10.467316,13.898952,16.576502,22.173386
2003-12-29,12.379097,Training,1.053130,2.204565,2.896547,4.435889,5.952560,7.053420,8.141832,9.923510,12.955711,15.302394,19.767464
2003-12-30,11.992250,Training,1.049717,2.284127,3.052472,4.661362,6.390136,7.245234,8.406503,10.381189,13.407730,15.715736,19.669336
2003-12-31,11.851578,Training,1.196941,2.482814,3.308147,4.978709,6.690650,7.593277,8.762914,10.720770,13.573191,15.590434,18.924082
2004-01-01,11.851578,Validation,1.376456,2.787306,3.603223,5.386868,7.044343,7.991275,9.174542,11.042948,13.682281,15.416745,18.448061
2004-01-02,11.675739,Validation,1.508375,2.900088,3.752846,5.520137,7.105842,8.161918,9.273744,10.991563,13.458421,14.800555,17.629185
2004-01-03,11.077885,Validation,1.544572,3.017875,3.873264,5.714739,7.320582,8.341926,9.495232,11.263148,13.691070,14.905145,17.428474
2004-01-04,11.042717,Validation,1.652745,3.184131,4.094051,5.998210,7.656967,8.713669,9.863230,11.630614,14.071503,15.149276,17.657169
2004-01-05,10.550366,Validation,1.753410,3.293198,4.257083,6.184151,7.894125,9.002711,10.129660,11.880517,14.352536,15.364866,17.982172
2004-01-06,10.550366,Validation,1.330837,2.463425,3.198867,4.659762,6.053016,7.071993,8.020191,9.439834,11.570060,12.682952,15.576172
2004-01-07,10.233855,Validation,1.155501,2.239959,2.884928,4.251944,5.566444,6.499947,7.431901,8.835078,10.893453,12.020088,14.562505
2004-01-08,10.233855,Validation,1.106531,2.263576,2.899050,4.322741,5.903203,6.627418,7.666964,9.297670,11.682311,13.362751,16.387432
2004-01-09,11.113053,Validation,0.884612,1.954004,2.599542,3.990110,5.644664,6.312640,7.341151,9.158216,11.900019,13.729101,17.468601
2004-01-10,11.042717,Validation,1.005525,2.113876,2.822393,4.261439,5.840871,6.655320,7.679849,9.463182,12.069912,13.780862,16.870707
2004-01-11,11.042717,Validation,1.083652,2.287164,3.056140,4.601757,6.363616,7.072463,8.130940,10.020977,12.750416,14.344787,17.694988
2004-01-12,11.077885,Validation,1.259155,2.576491,3.413237,5.074264,6.896466,7.664542,8.741282,10.641699,13.339540,14.886971,18.058733
2004-01-13,10.937213,Validation,1.444261,2.908756,3.784040,5.595201,7.533221,8.320007,9.434473,11.364977,14.067466,15.633644,18.835325
2004-01-14,12.554936,Validation,1.603024,3.143569,4.192391,6.235923,8.466282,9.459749,10.823721,13.131303,16.591700,19.280064,24.060137
2004-01-15,13.645140,Validation,1.194554,2.338424,3.132386,4.718727,6.239966,7.483419,8.426440,10.189242,13.043526,15.161135,19.604197
2004-01-16,13.398965,Validation,1.152799,2.269344,2.917717,4.327432,5.644134,6.659936,7.596056,9.090689,11.364685,13.089349,16.277058
2004-01-17,13.363797,Validation,1.322074,2.677379,3.412551,5.034385,6.526431,7.465673,8.505789,10.145260,12.473894,14.243448,17.299345
2004-01-18,12.660440,Validation,1.378233,2.579111,3.338653,4.826630,6.224730,7.280409,8.205828,9.656301,11.825588,13.319674,16.494644
2004-01-19,12.203257,Validation,1.383692,2.505434,3.244527,4.681125,6.006687,7.088782,7.988980,9.357765,11.419492,12.773092,16.250723
2004-01-20,11.851578,Validation,1.366257,2.524915,3.265273,4.698556,6.046641,7.085321,7.985376,9.357821,11.393306,12.680923,15.676943
2004-01-21,11.324060,Validation,1.373283,2.543746,3.288500,4.722017,6.071965,7.098979,8.000588,9.364586,11.383803,12.627971,15.536264
2004-01-22,11.077885,Validation,1.378309,2.588669,3.335328,4.794612,6.159602,7.166100,8.084867,9.469936,11.499399,12.720197,15.447793
2004-01-23,10.866877,Validation,1.363822,2.714998,3.445190,5.010744,6.424045,7.327615,8.345919,9.853624,11.933354,13.214262,15.606138
2004-01-24,10.550366,Validation,1.334087,2.665759,3.443894,4.962177,6.512145,7.313004,8.324375,9.894470,12.095203,13.412559,15.955938
2004-01-25,10.550366,Validation,1.566722,3.109891,3.944586,5.692873,7.415178,8.270975,9.357291,11.030831,13.450511,15.189247,18.360214
2004-01-26,11.253724,Validation,1.323798,2.828283,3.879763,5.765058,8.013453,9.089471,10.475564,12.808325,16.894318,20.438570,27.168468
2004-01-27,14.559506,Validation,1.039671,2.546266,3.355236,5.345669,7.395934,8.577493,9.880842,12.365785,16.639011,20.411821,28.041325
2004-01-28,13.398965,Validation,1.367301,2.661659,3.605403,5.367627,7.074135,8.453916,9.497669,11.469587,14.751458,17.409111,22.600777
2004-01-29,12.660440,Validation,1.560878,2.931630,3.903030,5.699818,7.415370,8.720847,9.736293,11.568089,14.477635,16.709501,21.070789
2004-01-30,13.645140,Validation,1.798284,3.583195,4.551934,6.677715,8.544555,9.692441,10.868103,12.881599,15.822749,18.103434,21.974239
2004-01-31,15.087024,Validation,1.654667,3.539794,4.707622,7.094874,9.514791,10.793094,12.316455,15.034873,19.453293,23.593014,30.520811
2004-02-01,16.915754,Validation,1.367130,3.133125,4.354002,6.891921,9.517307,10.845455,12.397434,15.605344,20.782669,24.903082,32.686115
2004-02-02,16.986090,Validation,1.049644,2.328282,3.161201,4.823397,6.718839,7.654631,8.823379,11.078900,14.510002,17.270805,22.148909
2004-02-03,16.880586,Validation,1.481034,3.025116,4.067667,6.003402,8.043711,9.032764,10.209686,12.474204,15.697457,18.191496,22.344654
2004-02-04,16.423404,Validation,1.635409,3.225431,4.227477,6.127212,8.018567,8.990814,10.134470,12.170074,14.937501,16.966795,20.275429
2004-02-05,15.860717,Validation,1.552610,3.065275,4.003322,5.793317,7.635672,8.511718,9.628304,11.563607,14.187396,15.874707,18.933720
2004-02-06,15.016688,Validation,1.412185,2.824401,3.711426,5.402650,7.190066,7.980137,9.075020,10.977258,13.527054,14.890818,17.763802
2004-02-07,14.313330,Validation,1.731583,3.351713,4.286212,6.142227,7.850551,8.821432,9.922379,11.664270,13.976880,15.405646,17.989159
2004-02-08,13.609973,Validation,1.778490,3.438965,4.367123,6.268013,7.908189,8.933641,10.027819,11.722267,13.959977,15.257609,17.728230
2004-02-09,12.976951,Validation,1.825538,3.479411,4.408495,6.332797,7.914322,9.030241,10.103922,11.727263,13.958293,15.106037,17.610001
2004-02-10,12.484600,Validation,1.841858,3.532880,4.487968,6.440178,8.058656,9.156927,10.241114,11.897337,14.164256,15.292886,17.781425
2004-02-11,11.816410,Validation,1.864206,3.593240,4.590384,6.581009,8.267674,9.351729,10.443527,12.163761,14.491369,15.617164,18.129774
2004-02-12,11.077885,Validation,2.034223,3.887304,5.008100,7.161480,8.986725,10.142300,11.244043,13.111081,15.589055,16.606745,19.270504
2004-02-13,11.042717,Validation,1.625610,3.168323,4.074966,5.927471,7.561625,8.611493,9.660711,11.357478,13.701347,14.844957,17.336281
2004-02-14,10.585534,Validation,1.351211,2.692506,3.456045,5.077988,6.563605,7.522677,8.506975,10.072920,12.258679,13.475005,15.909941
2004-02-15,10.444863,Validation,1.155880,2.336121,3.002847,4.469017,5.828160,6.764558,7.686234,9.174214,11.266270,12.472713,14.911098
2004-02-16,10.058016,Validation,1.181951,2.395476,3.092387,4.613981,6.032017,6.977456,7.918606,9.473902,11.641154,12.852687,15.285646
2004-02-17,10.022848,Validation,1.191138,2.382516,3.102459,4.648266,6.116911,7.112183,8.041956,9.639367,11.897937,13.067137,15.576010
2004-02-18,9.565666,Validation,1.027498,2.060251,2.672221,4.010720,5.319798,6.238340,7.118213,8.565914,10.664905,11.874910,14.372267
2004-02-19,9.495330,Validation,0.753964,1.511540,1.943688,2.885073,3.819623,4.623939,5.300858,6.428693,8.049997,9.154983,11.595492
2004-02-20,9.143651,Validation,0.730869,1.390864,1.814919,2.719917,3.590899,4.451657,5.093605,6.165307,7.753339,8.784603,11.968338
2004-02-21,9.038147,Validation,0.714252,1.405229,1.832965,2.720710,3.634991,4.453535,5.085153,6.184582,7.795926,8.900168,11.647251
2004-02-22,8.932644,Validation,0.729607,1.399513,1.821199,2.754141,3.730761,4.616897,5.265557,6.389121,8.222159,9.639309,13.337039
2004-02-23,9.460162,Validation,0.574470,1.290355,1.690938,2.593100,3.515991,4.320880,4.990569,6.246603,8.130651,9.502012,12.272820
2004-02-24,9.284322,Validation,0.593999,1.254394,1.645873,2.544975,3.540673,4.416945,5.042648,6.282941,8.345946,10.045448,13.924006
2004-02-25,9.530498,Validation,0.894792,2.007935,2.682729,4.119176,5.741953,6.885098,7.792797,9.612568,12.989420,15.891502,21.992006
2004-02-26,9.108483,Validation,0.839434,1.848161,2.564619,3.908401,5.409008,6.630334,7.506842,9.350254,12.579400,15.221605,20.655426
2004-02-27,9.002979,Validation,0.988772,1.989018,2.653932,4.050278,5.500170,6.711767,7.608750,9.299482,12.175163,14.488388,20.877056
2004-02-28,8.580965,Validation,1.141681,2.283895,3.075922,4.586136,6.236990,7.455446,8.362002,10.160174,13.119997,15.438469,20.844803
2004-02-29,8.545797,Validation,1.085456,2.224393,3.023957,4.485561,6.101313,7.239993,8.149746,9.985452,12.785114,14.818459,18.618736
2004-03-01,8.123782,Validation,1.111637,2.128644,2.869761,4.275387,5.705305,6.885299,7.778738,9.445945,11.957735,13.604263,18.264067
2004-03-02,8.018278,Validation,1.124421,2.169078,2.927673,4.321552,5.798580,6.933184,7.795335,9.459586,11.913593,13.503186,17.385605
2004-03-03,7.701767,Validation,1.083209,2.217608,2.953783,4.395032,5.905226,6.940105,7.844888,9.588646,12.024542,13.531646,16.434010
2004-03-04,7.631432,Validation,0.978200,2.086867,2.805871,4.214036,5.763926,6.645393,7.597043,9.447685,11.918642,13.596463,16.274647
2004-03-05,7.631432,Validation,0.966102,2.090515,2.797248,4.207761,5.873827,6.667758,7.631952,9.502067,12.092061,13.968967,17.085627
2004-03-06,7.807271,Validation,0.889991,1.957245,2.664298,4.037900,5.695911,6.468383,7.411807,9.306290,11.963854,13.806164,17.011597
2004-03-07,7.631432,Validation,1.034457,2.196283,2.933185,4.445369,5.994967,6.963457,7.907966,9.760067,12.244765,13.871205,16.678623
2004-03-08,7.350089,Validation,1.009429,2.154527,2.921650,4.420331,6.065386,6.957061,7.894126,9.800058,12.349465,13.975539,16.817097
2004-03-09,7.209417,Validation,1.107351,2.372320,3.146771,4.789579,6.523123,7.454838,8.426174,10.374741,12.981169,14.673141,17.748135
2004-03-10,7.420424,Validation,1.124669,2.432745,3.238712,4.988983,6.821964,7.796187,8.781519,10.862924,13.629434,15.431617,18.775644
2004-03-11,7.912775,Validation,1.055358,2.539419,3.644006,5.790155,8.242429,9.767931,11.129167,14.322959,19.106775,23.687143,32.574986
2004-03-12,40.302400,Validation,0.502981,1.947833,2.745603,5.030090,7.424970,9.375265,11.116336,14.916028,22.034946,28.087751,42.055569
2004-03-13,34.886545,Validation,1.272024,3.017999,4.194496,6.903178,9.417043,11.355848,12.970550,16.558304,22.168648,26.520191,35.419594
2004-03-14,25.918733,Validation,1.814588,3.850186,5.274506,8.236462,10.730446,12.514801,13.912373,17.201851,21.716270,25.227499,31.481359
2004-03-15,21.487579,Validation,1.786590,3.736565,5.081728,7.610686,9.997083,11.330119,12.634582,15.407339,19.221148,22.353712,27.065840
2004-03-16,18.814820,Validation,1.254771,2.737428,3.775163,5.759794,8.000059,8.879663,10.119926,12.643641,16.264170,18.827381,23.112259
2004-03-17,17.302601,Validation,1.465537,3.120716,4.206215,6.318023,8.715128,9.495826,10.743779,13.263160,16.782463,19.347055,23.985144
2004-03-18,15.931053,Validation,1.554623,3.205832,4.297661,6.370916,8.478838,9.455647,10.629745,12.943112,16.127523,18.295202,22.050940
2004-03-19,14.629841,Validation,1.645486,3.319774,4.383488,6.433526,8.421372,9.427219,10.576583,12.724228,15.595791,17.494722,20.774469
2004-03-20,13.856148,Validation,1.532927,3.133975,4.139239,6.040333,7.973392,8.844777,9.950361,11.977509,14.729610,16.404591,19.720779
2004-03-21,12.906615,Validation,1.832778,3.643099,4.682323,6.765314,8.542286,9.609027,10.729484,12.621128,15.079724,16.579998,19.451347
2004-03-22,11.886746,Validation,1.911690,3.734173,4.756557,6.845625,8.505361,9.662121,10.750175,12.492072,14.853678,16.056944,18.861134
2004-03-23,11.675739,Validation,1.877337,3.674700,4.677312,6.727700,8.372805,9.503857,10.594498,12.297408,14.642529,15.796336,18.507160
2004-03-24,11.113053,Validation,1.773510,3.608034,4.536498,6.620416,8.368993,9.400820,10.507359,12.278843,14.758477,16.266870,19.473024
2004-03-25,11.007549,Validation,1.629150,3.263890,4.211558,6.139777,7.786467,8.907147,9.939541,11.663668,14.158751,15.527049,18.606157
2004-03-26,10.550366,Validation,1.617940,3.242205,4.166292,6.068646,7.726754,8.813933,9.845549,11.535049,14.017676,15.402520,18.522312
2004-03-27,10.058016,Validation,1.575318,3.165589,4.108050,5.978540,7.629988,8.702043,9.722485,11.442787,13.900200,15.194054,18.176188
2004-03-28,9.882176,Validation,1.531937,3.036617,3.949577,5.737999,7.393058,8.471109,9.449642,11.092786,13.543481,14.825745,17.970030
2004-03-29,9.530498,Validation,1.417990,3.016621,3.870511,5.793572,7.576176,8.556012,9.621930,11.492408,14.192898,15.952050,19.532246
2004-03-30,9.530498,Validation,1.220279,2.692060,3.520904,5.303313,7.040516,7.994343,9.030827,10.894660,13.678400,15.720893,19.554174
2004-03-31,9.811841,Validation,0.940748,2.170041,2.789503,4.198696,5.620891,6.503302,7.415890,8.992586,11.537471,13.902833,18.036308
2004-04-01,11.394396,Training,0.974417,2.481978,3.241321,5.114258,6.881479,8.215383,9.406829,11.607321,15.642537,19.483261,26.894655
2004-04-02,10.761374,Training,1.150068,2.947310,3.739334,5.937987,7.919607,9.350020,10.674538,13.195111,17.650873,21.643423,29.922548
2004-04-03,10.409695,Training,1.273918,2.956941,3.913504,5.882946,7.817596,9.020070,10.278152,12.554768,16.177923,19.617516,25.322271
2004-04-04,9.952512,Training,1.483399,3.254399,4.355397,6.345865,8.467856,9.486316,10.717800,12.943728,16.365477,19.339016,24.379860
2004-04-05,9.530498,Training,1.298741,2.880445,3.902183,5.722734,7.780211,8.629825,9.823790,12.044311,15.313331,17.762449,22.316839
2004-04-06,9.073315,Training,1.418501,3.049137,4.055284,5.855921,7.848291,8.642886,9.824489,11.895724,14.848925,16.870525,20.801004
2004-04-07,9.002979,Training,1.696864,3.492471,4.515913,6.391271,8.339557,9.182011,10.346385,12.226727,14.893958,16.767391,20.329128
2004-04-08,8.580965,Training,1.879757,3.804048,4.841643,6.814311,8.668900,9.608224,10.774752,12.554747,15.032432,16.779448,20.038898
2004-04-09,8.510629,Training,1.999117,4.005315,5.026384,7.100537,8.796338,9.872768,11.044319,12.741038,15.097227,16.602482,19.676825
2004-04-10,8.088614,Training,2.019805,4.034957,5.065758,7.150161,8.831794,9.928411,11.092152,12.766436,15.117439,16.521040,19.567461
2004-04-11,8.018278,Training,2.061537,4.134347,5.218014,7.369560,9.140590,10.220557,11.408666,13.175765,15.590983,17.030508,20.069853
2004-04-12,7.666600,Training,1.807285,3.692806,4.698790,6.613233,8.392879,9.302683,10.440041,12.122205,14.511739,16.031315,19.118792
2004-04-13,7.631432,Training,1.809570,3.701033,4.729347,6.649827,8.466918,9.354777,10.488608,12.192410,14.615005,16.098772,19.223146
2004-04-14,7.596264,Training,1.816988,3.719637,4.761541,6.694568,8.517288,9.406079,10.529573,12.232744,14.651274,16.076059,19.197784
2004-04-15,7.244585,Training,1.702923,3.536031,4.579692,6.475965,8.389016,9.193923,10.304940,12.081989,14.617292,15.920238,19.144558
2004-04-16,7.209417,Training,1.770649,3.662033,4.755243,6.759862,8.761700,9.613049,10.735153,12.596261,15.211825,16.498514,19.791990
2004-04-17,7.209417,Training,1.740237,3.608542,4.620158,6.590330,8.402192,9.329029,10.430755,12.145382,14.583081,15.896571,19.006464
2004-04-18,7.209417,Training,1.738577,3.681396,4.665690,6.794601,8.722759,9.673630,10.797117,12.647628,15.288157,16.899269,20.639381
2004-04-19,7.209417,Training,1.373583,2.996921,3.879721,5.777961,7.545979,8.527859,9.602694,11.453255,14.147900,15.848177,19.392212
2004-04-20,7.209417,Training,0.772499,1.857379,2.437397,3.676813,5.089598,5.745976,6.634330,8.183612,10.480124,12.085199,15.369413
2004-04-21,7.244585,Training,0.825996,1.926918,2.461672,3.672648,4.938910,5.670063,6.521303,7.901204,10.118580,12.177361,15.775102
2004-04-22,7.561096,Training,0.740983,1.832000,2.409395,3.619301,4.851946,5.678915,6.517870,8.014280,10.380034,12.421357,16.270668
2004-04-23,7.174249,Training,0.749654,1.791234,2.341845,3.464294,4.653463,5.406358,6.233898,7.639925,9.774048,11.554002,14.863646
2004-04-24,6.752234,Training,0.828323,2.031936,2.682425,3.920509,5.276809,5.954963,6.852270,8.349367,10.579555,12.156598,15.726377
2004-04-25,6.541227,Training,0.689551,1.853794,2.463533,3.665610,4.902205,5.562499,6.455922,7.926512,10.030894,11.328163,14.447925
2004-04-26,6.224716,Training,0.638224,1.790003,2.373102,3.559109,4.735710,5.382784,6.261174,7.691574,9.702147,10.849548,13.719945
2004-04-27,5.978541,Training,0.687988,1.859920,2.440360,3.626779,4.816170,5.444664,6.328308,7.724806,9.682874,10.792100,13.607272
2004-04-28,5.943373,Training,0.994892,2.292368,2.924383,4.175833,5.504137,6.124927,7.043110,8.371137,10.323935,11.577909,14.532389
2004-04-29,5.837869,Training,1.202691,2.648531,3.287896,4.661458,6.029843,6.706231,7.667261,8.927167,10.880553,12.388409,15.382689
2004-04-30,5.767534,Training,1.275207,2.780132,3.396770,4.875044,6.158862,6.936265,7.928142,9.181273,11.137124,12.670201,15.635815
2004-05-01,6.470891,Training,1.229992,2.761686,3.403594,5.011800,6.429305,7.284990,8.345548,9.787852,12.217437,14.547569,18.450232
2004-05-02,6.681899,Training,1.013640,2.473120,3.217102,4.750170,6.260278,7.179357,8.210714,9.893514,12.678967,15.177422,19.764072
2004-05-03,6.259884,Training,0.959529,2.338196,3.055788,4.457987,5.951060,6.720740,7.751438,9.383299,11.945407,13.997327,18.067451
2004-05-04,5.943373,Training,1.324891,2.991468,3.791479,5.410342,7.000751,7.805965,8.900693,10.448890,12.929246,15.134099,19.103619
2004-05-05,5.943373,Training,1.440644,3.249857,4.003331,5.821496,7.417459,8.267879,9.425157,11.031159,13.654301,16.225443,20.579958
2004-05-06,6.506059,Training,1.380794,3.243275,4.065942,5.968118,7.589693,8.585281,9.835320,11.654283,14.639912,17.461651,22.138458
2004-05-07,6.295052,Training,1.404417,3.170121,4.002826,5.757210,7.282773,8.246992,9.452588,11.110705,13.770814,16.212229,20.133492
2004-05-08,5.943373,Training,1.476594,3.272378,4.171309,5.901704,7.487936,8.383814,9.578259,11.209411,13.779371,16.040205,19.828533
2004-05-09,6.295052,Training,1.534725,3.475273,4.324125,6.339556,8.081355,9.006995,10.333552,12.141555,15.220718,18.338146,23.267986
2004-05-10,7.385256,Training,0.957762,2.515796,3.237571,4.871917,6.523258,7.408996,8.562148,10.412922,13.624409,16.666758,22.231777
2004-05-11,7.174249,Training,0.908394,2.325985,3.067769,4.528465,6.098071,6.911898,8.046720,9.860740,12.794636,15.277321,19.895765
2004-05-12,6.541227,Training,0.959522,2.403347,3.172015,4.628712,6.206075,6.948188,8.056973,9.795891,12.527058,14.706479,19.015110
2004-05-13,6.295052,Training,0.919183,2.326029,3.071856,4.484353,5.975929,6.681631,7.773242,9.459265,12.005425,13.876834,17.685650
2004-05-14,5.943373,Training,1.033514,2.506883,3.257909,4.687473,6.185554,6.858602,7.963937,9.573533,11.989962,13.698705,17.229177
2004-05-15,5.556526,Training,0.991307,2.461581,3.201559,4.627994,6.078407,6.737134,7.841444,9.440797,11.781345,13.319434,16.614222
2004-05-16,5.521358,Training,0.873288,2.317897,3.038064,4.471663,5.852930,6.521489,7.617954,9.242860,11.565368,12.971298,16.045687
2004-05-17,5.169680,Training,0.781884,2.200454,2.905740,4.357158,5.698887,6.382362,7.476990,9.145922,11.496770,12.845537,15.771487
2004-05-18,5.169680,Training,0.678760,2.039520,2.731718,4.193431,5.519999,6.215826,7.296049,9.035791,11.463541,12.775380,15.623000
2004-05-19,5.099344,Training,0.596598,1.902915,2.615674,4.122210,5.477384,6.204536,7.295336,9.187741,11.802206,13.141008,15.974893
2004-05-20,4.747665,Training,0.493253,1.654813,2.212826,3.448199,4.548323,5.196413,6.121802,7.637283,9.726082,10.866532,13.492258
2004-05-21,4.642161,Training,0.460969,1.604802,2.133972,3.388118,4.587259,5.150304,6.135079,7.674091,9.908335,11.451712,14.586332
2004-05-22,5.064176,Training,0.498370,1.623652,2.214166,3.534896,4.876761,5.468043,6.533096,8.261209,10.905618,13.006235,16.861441
2004-05-23,5.134512,Training,0.444497,1.573870,2.226579,3.591669,4.918432,5.689797,6.792863,8.734357,11.743412,13.878816,17.795830
2004-05-24,4.853169,Training,0.380106,1.408481,1.889451,3.044841,4.216875,4.828524,5.773412,7.370847,9.808160,11.812570,15.761003
2004-05-25,5.169680,Training,0.327045,1.333683,1.809488,2.968279,4.145033,4.779347,5.708529,7.344372,9.933608,12.119998,16.598948
2004-05-26,5.415855,Training,0.365408,1.404086,1.956419,3.153189,4.317173,5.065069,6.064708,7.809611,10.552715,12.628726,16.717443
2004-05-27,5.099344,Training,0.341284,1.396670,1.979153,3.238993,4.446834,5.206142,6.291725,8.155122,11.085271,13.273943,17.261202
2004-05-28,4.747665,Training,0.164751,0.975876,1.356119,2.224385,2.983889,3.634639,4.388427,5.774200,7.740829,9.118408,12.148453
2004-05-29,4.395986,Training,0.122643,0.874746,1.202707,1.994594,2.669882,3.266655,3.958807,5.227788,6.978050,8.152225,10.878513
2004-05-30,4.325650,Training,0.142024,0.881107,1.207584,1.981914,2.636567,3.226656,3.910836,5.154561,6.826459,7.914733,10.454664
2004-05-31,4.009139,Training,0.099570,0.810517,1.116311,1.863774,2.472097,3.045496,3.703650,4.910542,6.506576,7.499527,9.879333
2004-06-01,3.657460,Training,0.048893,0.738351,1.028060,1.757475,2.325967,2.889160,3.522951,4.707871,6.260306,7.186753,9.464317
2004-06-02,3.376117,Training,-0.010868,0.643385,0.913532,1.612425,2.132905,2.681897,3.279275,4.439622,5.943164,6.799948,8.995586
2004-06-03,3.059606,Training,-0.018140,0.623359,0.887625,1.571049,2.080625,2.621057,3.208935,4.354110,5.837288,6.678599,8.851675
2004-06-04,2.567256,Training,-0.027017,0.605594,0.865620,1.539618,2.039814,2.574851,3.154876,4.289902,5.758009,6.582904,8.733892
2004-06-05,2.285913,Training,-0.041034,0.582222,0.837772,1.503484,1.991657,2.521690,3.092165,4.217306,5.668115,6.467726,8.587990
2004-06-06,2.074905,Training,-0.070980,0.558596,0.799024,1.468285,1.953597,2.468660,3.039398,4.150207,5.621025,6.444191,8.638762
2004-06-07,2.145241,Training,-0.092996,0.483749,0.726420,1.387900,1.876596,2.346132,2.948950,4.067992,5.739495,6.909387,9.437417
2004-06-08,2.918935,Training,-0.183365,0.369083,0.611945,1.217213,1.663297,2.191660,2.738909,3.946112,5.763233,6.935317,9.907551
2004-06-09,2.496920,Training,-0.170888,0.365834,0.605591,1.187287,1.610465,2.131588,2.662983,3.829301,5.515868,6.580273,9.238199
2004-06-10,2.250745,Training,-0.198282,0.295664,0.519756,1.050283,1.436629,1.929869,2.388468,3.448937,4.935621,5.813539,8.301342
2004-06-11,1.969402,Training,-0.164462,0.345178,0.575152,1.118635,1.515669,2.008405,2.499193,3.582936,5.082002,5.969006,8.357760
2004-06-12,1.828730,Training,-0.189685,0.277783,0.483592,0.971605,1.317668,1.772066,2.218207,3.224050,4.582941,5.348193,7.552590
2004-06-13,1.547387,Training,-0.248723,0.078377,0.205264,0.483040,0.690558,1.014062,1.292243,1.983945,2.878336,3.351523,5.213521
2004-06-14,1.195708,Training,-0.217076,0.109039,0.236260,0.509214,0.726596,1.048635,1.337073,2.025764,2.917223,3.389977,5.231564
2004-06-15,0.914365,Training,-0.206602,0.112768,0.236396,0.501953,0.718347,1.034984,1.320145,1.993221,2.856203,3.303135,5.090206
2004-06-16,0.844029,Training,-0.224602,0.089383,0.206625,0.463708,0.665625,0.973800,1.247488,1.901230,2.731132,3.151600,4.889482
2004-06-17,0.738526,Training,-0.252749,0.048289,0.157190,0.399405,0.581694,0.875896,1.126367,1.750475,2.532447,2.923689,4.622283
2004-06-18,0.597854,Training,-0.252244,0.049632,0.154325,0.393372,0.576667,0.865469,1.114655,1.731006,2.514431,2.915840,4.641962
2004-06-19,0.527518,Training,-0.174690,0.126616,0.245085,0.487152,0.705484,1.007747,1.285969,1.934053,2.766025,3.203415,4.979558
2004-06-20,0.351679,Training,-0.144012,0.160540,0.281473,0.529373,0.761224,1.069464,1.359936,2.018545,2.865418,3.302512,5.075637
2004-06-21,0.597854,Training,-0.168574,0.161889,0.268772,0.541027,0.781582,1.083888,1.384389,2.052963,2.931479,3.396873,5.240620
2004-06-22,0.703358,Training,-0.201369,0.118801,0.229154,0.492006,0.712734,1.016080,1.302617,1.961351,2.827997,3.276297,5.083763
2004-06-23,0.738526,Training,-0.232152,0.088209,0.196184,0.461691,0.670654,0.972725,1.250940,1.908269,2.780124,3.233035,5.048440
2004-06-24,0.703358,Training,-0.232723,0.093831,0.206434,0.482894,0.702180,1.008610,1.296968,1.981539,2.910593,3.415946,5.316731
2004-06-25,0.633022,Training,-0.255880,0.042198,0.155065,0.407075,0.594694,0.889318,1.153320,1.830191,2.749127,3.286997,5.169221
2004-06-26,0.633022,Training,-0.268708,-0.048297,0.018062,0.142444,0.268376,0.466797,0.612185,1.028901,1.518745,1.821295,3.356860
2004-06-27,0.457183,Training,-0.270960,-0.051581,0.013850,0.136726,0.261737,0.458511,0.601777,1.015622,1.502796,1.805478,3.344828
2004-06-28,0.351679,Training,-0.284036,-0.066562,-0.005128,0.115603,0.233242,0.424284,0.559654,0.963054,1.429166,1.720288,3.239228
2004-06-29,0.211007,Training,-0.287710,-0.071370,-0.011582,0.107644,0.222918,0.411323,0.543903,0.943092,1.401900,1.689780,3.204343
2004-06-30,0.140672,Training,-0.272333,-0.055734,0.005499,0.124073,0.245439,0.437230,0.575960,0.981602,1.456205,1.754387,3.287743
2004-07-01,0.070336,Test,-0.253614,-0.038030,0.025686,0.143965,0.271793,0.467135,0.614121,1.027118,1.514554,1.817076,3.353725
2004-07-02,0.035168,Test,-0.235390,-0.020829,0.045438,0.163995,0.297900,0.496709,0.651998,1.072102,1.569720,1.872642,3.405478
2004-07-03,0.070336,Test,-0.249793,-0.034242,0.029294,0.148116,0.276207,0.472903,0.623333,1.036470,1.522087,1.812610,3.321861
2004-07-04,0.070336,Test,-0.256191,-0.041320,0.020692,0.138263,0.263669,0.458127,0.605227,1.013637,1.492512,1.778941,3.282347
2004-07-05,0.070336,Test,-0.246455,-0.031185,0.031719,0.149259,0.279696,0.475044,0.626443,1.039256,1.529096,1.824249,3.349073
2004-07-06,0.070336,Test,-0.233828,-0.019071,0.047030,0.164927,0.300143,0.498726,0.656415,1.077348,1.579261,1.880276,3.416106
2004-07-07,0.070336,Test,-0.125996,0.112680,0.175352,0.318494,0.512860,0.723531,0.924515,1.402907,2.019647,2.404602,4.175007
2004-07-08,0.070336,Test,-0.125084,0.095828,0.177783,0.310052,0.492358,0.717643,0.916563,1.396381,2.007536,2.364830,4.058012
2004-07-09,0.070336,Test,-0.150571,0.065206,0.142268,0.265322,0.430024,0.644615,0.835539,1.299680,1.879429,2.227139,3.879115
2004-07-10,0.070336,Test,-0.195565,0.015351,0.088243,0.205401,0.357254,0.561860,0.733275,1.171836,1.711886,2.037820,3.644344
2004-07-11,0.070336,Test,-0.214950,-0.005590,0.061830,0.175843,0.318932,0.517433,0.679124,1.102094,1.618184,1.930364,3.504255
2004-07-12,0.070336,Test,-0.227227,-0.021704,0.043412,0.153292,0.289257,0.483592,0.636866,1.048952,1.545783,1.847705,3.394793
2004-07-13,0.070336,Test,-0.244544,-0.041823,0.020640,0.128610,0.259038,0.450193,0.593406,0.992892,1.471872,1.759728,3.281652
2004-07-14,0.070336,Test,-0.267005,-0.062618,-0.003733,0.104066,0.226726,0.413582,0.548430,0.938453,1.402150,1.680507,3.190764
2004-07-15,0.070336,Test,-0.283356,-0.075707,-0.020522,0.087831,0.206192,0.388097,0.517563,0.900640,1.355520,1.632330,3.152045
2004-07-16,0.070336,Test,-0.286996,-0.078690,-0.024387,0.083166,0.201562,0.381614,0.509498,0.891393,1.347675,1.629755,3.167399
2004-07-17,0.035168,Test,-0.268745,-0.066084,-0.007321,0.096744,0.220697,0.404585,0.537458,0.927094,1.395951,1.686304,3.232220
2004-07-18,0.035168,Test,-0.257720,-0.056601,0.004040,0.107486,0.235496,0.421431,0.559379,0.953721,1.430567,1.722789,3.269365
2004-07-19,0.035168,Test,-0.243787,-0.044135,0.018803,0.122049,0.255351,0.443914,0.588247,0.988671,1.475306,1.769600,3.317970
2004-07-20,0.035168,Test,-0.249392,-0.046674,0.014576,0.119544,0.252797,0.440975,0.585966,0.985792,1.474383,1.766024,3.316134
2004-07-21,0.035168,Test,-0.270639,-0.063054,-0.005777,0.101196,0.229376,0.414252,0.554002,0.946736,1.428107,1.713204,3.263582
2004-07-22,0.035168,Test,-0.276965,-0.073644,-0.013399,0.091465,0.216354,0.402015,0.538317,0.930698,1.407136,1.688069,3.228382
2004-07-23,0.035168,Test,-0.292968,-0.086871,-0.026125,0.081362,0.203174,0.388046,0.522375,0.915067,1.390710,1.669606,3.218782
2004-07-24,0.035168,Test,-0.303561,-0.092744,-0.027320,0.087200,0.211013,0.401324,0.540331,0.945379,1.439547,1.721832,3.294366
2004-07-25,0.035168,Test,-0.309355,-0.085619,-0.011422,0.116860,0.246665,0.448721,0.604406,1.044816,1.590391,1.896011,3.530239
2004-07-26,0.000000,Test,-0.300948,-0.107737,-0.057194,0.033003,0.147148,0.312265,0.425450,0.780162,1.209087,1.483498,3.023196
2004-07-27,0.000000,Test,-0.293853,-0.107856,-0.062649,0.019561,0.132058,0.289542,0.396051,0.735848,1.146442,1.418781,2.942038
2004-07-28,0.000000,Test,-0.273379,-0.095366,-0.052215,0.022751,0.138784,0.293219,0.399851,0.734459,1.141682,1.417674,2.933023
2004-07-29,0.000000,Test,-0.269533,-0.095865,-0.054892,0.016247,0.131648,0.282721,0.386896,0.714687,1.112591,1.384858,2.885149
2004-07-30,0.000000,Test,-0.288914,-0.114868,-0.077735,-0.007169,0.101676,0.246800,0.342910,0.657929,1.035150,1.295429,2.774624
2004-07-31,0.000000,Test,-0.310699,-0.117497,-0.092501,-0.013668,0.098030,0.232868,0.326682,0.632288,1.012601,1.289702,2.841068
2004-08-01,0.000000,Test,-0.308533,-0.130472,-0.098870,-0.029681,0.077655,0.212648,0.299749,0.602848,0.971530,1.245275,2.776910
2004-08-02,0.000000,Test,-0.300174,-0.118692,-0.091011,-0.022011,0.091745,0.225077,0.315358,0.620254,1.003281,1.292627,2.864962
2004-08-03,0.000000,Test,-0.285253,-0.096490,-0.080312,-0.005148,0.126741,0.250107,0.344416,0.659109,1.066987,1.414794,3.127685
2004-08-04,0.000000,Test,-0.265920,-0.103753,-0.064351,-0.006174,0.116645,0.256673,0.351193,0.671783,1.081685,1.400411,3.023971
2004-08-05,0.000000,Test,-0.271737,-0.111650,-0.073564,-0.015792,0.104257,0.243422,0.338025,0.653389,1.055286,1.361880,2.948494
2004-08-06,0.000000,Test,-0.301381,-0.131908,-0.085450,-0.014990,0.107648,0.260001,0.361921,0.703472,1.151794,1.469618,3.118298
2004-08-07,0.000000,Test,-0.299586,-0.132231,-0.090390,-0.022365,0.097790,0.246252,0.346476,0.679167,1.110491,1.416255,3.027781
2004-08-08,0.000000,Test,-0.281175,-0.101847,-0.068605,-0.001704,0.152228,0.266656,0.347399,0.684453,1.158463,1.743091,4.109790
2004-08-09,0.000000,Test,-0.408485,-0.167778,-0.136692,-0.053554,0.143487,0.283427,0.371668,0.801514,1.593163,2.359499,6.064049
2004-08-10,0.000000,Test,-0.367235,-0.130415,-0.092578,-0.014751,0.181506,0.327591,0.426100,0.876227,1.659077,2.429717,5.847959
2004-08-11,0.000000,Test,-0.392980,-0.190523,-0.153353,-0.085835,0.106584,0.239656,0.324505,0.746776,1.510202,2.351888,5.968907
2004-08-12,0.035168,Test,-0.413731,-0.167261,-0.092629,0.003555,0.203573,0.387354,0.525913,1.060286,2.097236,2.988858,6.857456
2004-08-13,0.035168,Test,-0.374575,-0.152078,-0.054073,0.035209,0.213235,0.416503,0.568887,1.106908,2.085079,2.899957,6.154512
2004-08-14,0.035168,Test,-0.402244,-0.177066,-0.077166,0.030681,0.196384,0.407399,0.569919,1.112850,2.080278,2.847831,5.793703
2004-08-15,0.035168,Test,-0.373887,-0.152540,-0.059752,0.055663,0.217929,0.427395,0.607199,1.146924,2.063184,2.752533,5.367949
2004-08-16,0.035168,Test,-0.355788,-0.118253,-0.041363,0.093774,0.274698,0.477682,0.684898,1.243080,2.187497,2.879398,5.471683
2004-08-17,0.035168,Test,-0.385640,-0.175118,-0.123677,-0.015850,0.177695,0.336872,0.508977,1.039372,1.975682,2.927013,6.282422
2004-08-18,0.035168,Test,-0.506547,-0.195587,-0.144065,-0.066744,0.205711,0.351983,0.506560,1.131531,2.568371,4.064762,11.182583
2004-08-19,0.633022,Test,-0.499256,-0.140064,-0.046369,0.117782,0.430001,0.682085,0.964870,1.865691,4.074810,5.878860,13.689451
2004-08-20,0.914365,Test,-0.407181,-0.113148,0.032784,0.192962,0.469744,0.749840,1.054900,1.902814,3.787393,5.261724,10.564732
2004-08-21,0.527518,Test,-0.404284,-0.144523,0.006631,0.163508,0.414511,0.671268,0.958092,1.741069,3.377856,4.759207,9.018276
2004-08-22,0.246175,Test,-0.396695,-0.166854,-0.051761,0.070491,0.265989,0.479242,0.705899,1.330073,2.523096,3.508657,6.728226
2004-08-23,0.140672,Test,-0.376636,-0.162775,-0.065438,0.053210,0.236009,0.434193,0.651962,1.229969,2.273119,3.115139,5.879942
2004-08-24,0.070336,Test,-0.355886,-0.155682,-0.068996,0.047953,0.229706,0.420267,0.635215,1.192882,2.160413,2.933185,5.468419
2004-08-25,0.070336,Test,-0.359498,-0.168284,-0.087347,0.032794,0.212035,0.399596,0.610929,1.159451,2.087487,2.826138,5.212877
2004-08-26,0.070336,Test,-0.377178,-0.200319,-0.130032,-0.015643,0.156843,0.325999,0.516992,1.037926,1.907583,2.677464,4.967788
2004-08-27,0.070336,Test,-0.375756,-0.197053,-0.122840,-0.001248,0.171572,0.356829,0.554376,1.084361,1.937994,2.600042,4.761625
2004-08-28,0.070336,Test,-0.358296,-0.202705,-0.156165,-0.077168,0.073029,0.220626,0.367975,0.790129,1.445578,1.988872,3.978205
2004-08-29,0.070336,Test,-0.309013,-0.178545,-0.167265,-0.128655,0.006870,0.104041,0.206024,0.517687,0.977256,1.439673,3.270063
2004-08-30,0.035168,Test,-0.285397,-0.166165,-0.164801,-0.140060,-0.011505,0.074630,0.158235,0.423555,0.794998,1.170346,2.854634
2004-08-31,0.035168,Test,-0.279159,-0.165683,-0.167405,-0.146450,-0.019143,0.061766,0.137906,0.389416,0.737290,1.096571,2.740840
2004-09-01,0.035168,Test,-0.275904,-0.155155,-0.167450,-0.143904,-0.007070,0.065744,0.142143,0.393524,0.750713,1.133015,2.843461
2004-09-02,0.035168,Test,-0.266483,-0.152650,-0.164303,-0.143337,-0.003236,0.068957,0.144852,0.398259,0.759760,1.155529,2.878242
2004-09-03,0.035168,Test,-0.316471,-0.201594,-0.220573,-0.187070,-0.031178,0.022962,0.087228,0.338098,0.690432,1.198347,3.185077
2004-09-04,0.035168,Test,-0.455620,-0.303734,-0.269004,-0.229190,-0.018357,0.031466,0.107947,0.413658,0.966309,1.869942,5.349268
2004-09-05,0.035168,Test,-0.440761,-0.250834,-0.219125,-0.184804,0.032647,0.091885,0.172280,0.518693,1.183813,2.079216,5.765447
2004-09-06,0.070336,Test,-0.357925,-0.214645,-0.177779,-0.163847,0.023534,0.096067,0.170837,0.485016,1.031071,1.721952,4.511551
2004-09-07,0.070336,Test,-0.396431,-0.246956,-0.238306,-0.220521,-0.018550,0.026111,0.087258,0.361664,0.829116,1.499031,4.406560
2004-09-08,0.070336,Test,-0.394984,-0.223086,-0.221178,-0.197571,0.005988,0.048259,0.113100,0.407486,0.921272,1.620183,4.670535
2004-09-09,0.105504,Test,-0.316125,-0.182560,-0.157046,-0.153711,0.023302,0.077646,0.148506,0.425182,0.879329,1.488852,4.021096
2004-09-10,0.070336,Test,-0.307328,-0.184359,-0.160798,-0.161011,0.012639,0.065195,0.138013,0.410243,0.847880,1.432518,3.807339
2004-09-11,0.070336,Test,-0.287929,-0.173698,-0.156118,-0.157026,0.012935,0.066627,0.143668,0.416526,0.846681,1.411249,3.663140
2004-09-12,0.070336,Test,-0.245729,-0.145886,-0.144943,-0.146640,0.014542,0.064597,0.144352,0.400867,0.786024,1.284295,3.295133
2004-09-13,0.070336,Test,-0.198407,-0.112565,-0.123546,-0.129437,0.031715,0.078966,0.162233,0.409296,0.774958,1.244463,3.151472
2004-09-14,0.070336,Test,-0.179086,-0.099609,-0.118754,-0.125811,0.033943,0.079390,0.163330,0.402045,0.752728,1.200681,3.039884
2004-09-15,0.070336,Test,-0.162928,-0.091629,-0.114739,-0.123868,0.034211,0.079153,0.162731,0.394499,0.732670,1.165220,2.949751
2004-09-16,0.070336,Test,-0.171488,-0.101840,-0.126294,-0.134674,0.019456,0.063987,0.145567,0.371871,0.696446,1.113924,2.847974
2004-09-17,0.070336,Test,-0.203064,-0.129495,-0.152659,-0.157420,-0.009742,0.035044,0.113004,0.333976,0.644836,1.045677,2.728194
2004-09-18,0.070336,Test,-0.216493,-0.143049,-0.166061,-0.169661,-0.023378,0.021211,0.097264,0.315594,0.622272,1.020038,2.683299
2004-09-19,0.070336,Test,-0.229290,-0.156398,-0.181149,-0.184374,-0.037280,0.002129,0.075902,0.288216,0.586330,0.990520,2.644838
2004-09-20,0.070336,Test,-0.226391,-0.158371,-0.181829,-0.185478,-0.035621,0.004952,0.078000,0.294453,0.598616,1.014311,2.672110
2004-09-21,0.070336,Test,-0.242937,-0.174555,-0.196445,-0.197211,-0.044155,-0.004969,0.067641,0.289471,0.600966,1.043117,2.714871
2004-09-22,0.070336,Test,-0.214891,-0.153202,-0.181177,-0.188306,-0.038537,-0.005170,0.061305,0.263292,0.542440,0.948880,2.567120
2004-09-23,0.070336,Test,-0.222729,-0.159712,-0.185641,-0.193594,-0.049901,-0.010366,0.051679,0.248322,0.519077,0.888312,2.454972
2004-09-24,0.070336,Test,-0.218157,-0.155736,-0.180056,-0.188188,-0.048556,-0.004078,0.055428,0.252025,0.520277,0.870324,2.407246
2004-09-25,0.070336,Test,-0.193078,-0.140260,-0.165483,-0.176774,-0.028140,0.013293,0.076299,0.281511,0.563084,0.948695,2.531520
2004-09-26,0.070336,Test,-0.152483,-0.108787,-0.139338,-0.157693,-0.010344,0.027484,0.086808,0.278069,0.537265,0.897728,2.440089
2004-09-27,0.070336,Test,-0.134109,-0.090618,-0.123390,-0.143982,-0.006365,0.031817,0.085341,0.260770,0.490066,0.804839,2.266207
2004-09-28,0.070336,Test,-0.142833,-0.097697,-0.129680,-0.149244,-0.013123,0.026470,0.079853,0.255929,0.485621,0.797002,2.250723
2004-09-29,0.070336,Test,-0.153785,-0.106137,-0.136922,-0.155071,-0.020634,0.021280,0.074612,0.252412,0.484272,0.792282,2.240545
2004-09-30,0.070336,Test,-0.154504,-0.107127,-0.137277,-0.155487,-0.021080,0.022584,0.076510,0.256460,0.491501,0.799923,2.249492
2004-10-01,0.035168,Training,-0.150983,-0.104999,-0.134564,-0.153396,-0.018469,0.027082,0.081997,0.264476,0.503438,0.813384,2.266198
2004-10-02,0.070336,Training,-0.136463,-0.095098,-0.125775,-0.146937,-0.010175,0.034555,0.090078,0.272396,0.511527,0.825030,2.282457
2004-10-03,0.035168,Training,-0.148429,-0.104567,-0.134946,-0.154684,-0.020613,0.024621,0.079056,0.260045,0.496054,0.802493,2.244405
2004-10-04,0.070336,Training,-0.168308,-0.119731,-0.150237,-0.167462,-0.037188,0.007646,0.059869,0.237401,0.467720,0.764072,2.187465
2004-10-05,0.035168,Training,-0.111250,-0.075770,-0.113739,-0.138683,0.002207,0.039260,0.093495,0.269910,0.501373,0.820107,2.288110
2004-10-06,0.070336,Training,-0.121082,-0.071756,-0.121206,-0.140306,0.006607,0.038397,0.091506,0.271069,0.507463,0.837015,2.354246
2004-10-07,0.070336,Training,-0.113434,-0.075896,-0.115975,-0.140162,0.001307,0.038035,0.091838,0.269288,0.502171,0.823223,2.300755
2004-10-08,0.070336,Training,-0.102439,-0.080307,-0.136100,-0.155929,0.004799,0.030146,0.075437,0.262222,0.489941,0.863850,2.498348
2004-10-09,0.070336,Training,-0.051865,-0.021614,-0.071933,-0.085729,0.130348,0.176129,0.239173,0.475899,0.913532,1.512092,3.890876
2004-10-10,0.070336,Training,-0.281705,-0.031838,-0.027671,-0.038952,0.373272,0.487790,0.605862,1.112474,2.577413,4.245954,13.211438
2004-10-11,0.386847,Training,-0.336989,0.017753,0.016938,0.043349,0.510899,0.627502,0.840440,1.607818,3.738717,5.744153,16.762756
2004-10-12,1.547387,Training,-0.190110,0.023813,0.072310,0.062557,0.401131,0.524192,0.719033,1.265114,2.652286,4.003212,9.588760
2004-10-13,0.844029,Training,-0.138902,0.025437,0.027667,0.026939,0.314856,0.405314,0.558040,0.973575,1.955414,2.974776,6.800114
2004-10-14,0.597854,Training,-0.083165,0.035143,0.028230,0.033078,0.281188,0.378885,0.527299,0.897217,1.711210,2.537558,5.505438
2004-10-15,0.492350,Training,-0.043948,0.044173,0.025453,0.024536,0.249051,0.341681,0.485680,0.823348,1.511899,2.199758,4.713060
2004-10-16,0.492350,Training,-0.068575,0.034079,-0.004084,0.008002,0.236520,0.323691,0.465199,0.812934,1.490731,2.159515,4.685553
2004-10-17,0.633022,Training,-0.088256,-0.010789,-0.027680,-0.031851,0.175478,0.265518,0.395856,0.729427,1.334399,1.933254,4.260060
2004-10-18,0.808861,Training,-0.260557,-0.071333,-0.057165,-0.061250,0.288378,0.424360,0.588878,1.139479,2.573855,4.155753,10.933365
2004-10-19,1.969402,Training,-0.413242,0.150104,0.339886,0.506964,1.423844,1.767219,2.456927,4.253760,10.556794,15.562352,46.137394
2004-10-20,4.993840,Training,-0.477543,-0.000709,0.325150,0.720234,1.852804,2.419870,3.407846,6.850083,17.425150,26.464220,60.206776
2004-10-21,4.536658,Training,-0.340754,0.161809,0.519045,0.958747,1.864021,2.434145,3.539950,6.010216,13.296114,18.263746,34.469269
2004-10-22,2.778263,Training,-0.353852,-0.093473,0.041205,0.157753,0.557509,0.800214,1.154795,2.079679,4.434289,6.392706,12.746996
2004-10-23,2.250745,Training,-0.321885,-0.134630,-0.007246,0.069288,0.384569,0.592304,0.880539,1.612209,3.276308,4.718131,9.008718
2004-10-24,2.250745,Training,-0.374408,-0.186669,-0.125017,0.000914,0.375805,0.572148,0.855778,1.667960,3.623090,5.448767,10.822706
2004-10-25,3.094774,Training,-0.262930,0.049416,0.167814,0.476534,0.936614,1.285546,1.814609,2.882628,5.530330,7.468648,12.756302
2004-10-26,2.707927,Training,-0.191481,0.231987,0.364101,0.938041,1.661507,2.108259,2.908527,4.392916,7.872077,10.554980,16.392380
2004-10-27,10.128352,Training,-0.587309,-0.175469,0.030386,0.496520,1.368582,2.028573,2.771424,5.257236,13.672101,20.887299,46.448193
2004-10-28,9.671169,Training,-0.176670,0.832247,1.424601,3.323466,5.764555,7.499979,10.445105,17.262434,36.304382,48.529610,79.704536
2004-10-29,9.143651,Training,0.030828,1.182839,1.769089,3.679441,6.055020,7.368545,10.194553,15.713471,29.567835,38.817848,59.961704
2004-10-30,8.756804,Training,-0.015678,0.867251,1.362552,2.648035,4.250908,5.135267,7.149654,10.587507,19.118217,24.946350,37.336720
2004-10-31,7.912775,Training,-0.079669,0.608784,0.972235,1.900415,3.119293,3.745961,5.145148,7.588044,13.528275,17.777887,26.557976
2004-11-01,7.174249,Training,0.052527,0.625405,0.933992,1.742791,2.626376,3.274977,4.455126,6.292759,10.389004,13.101086,17.954632
2004-11-02,6.470891,Training,0.079225,0.588671,0.815497,1.518646,2.278705,2.846190,3.854304,5.387534,8.637232,10.787903,14.654336
2004-11-03,6.787402,Training,-0.186473,0.259405,0.496290,1.178914,2.120399,2.616502,3.624606,5.524827,10.155111,13.748484,21.346783
2004-11-04,8.123782,Training,-0.108161,0.452305,0.769424,1.615445,2.615223,3.225730,4.443229,6.509429,11.484260,14.929538,22.412979
2004-11-05,7.561096,Training,-0.026939,0.422637,0.710146,1.389245,2.207834,2.739465,3.698655,5.365072,8.885540,11.211617,15.877511
2004-11-06,6.857738,Training,-0.058330,0.332393,0.564624,1.154885,1.858266,2.338972,3.130924,4.567659,7.378403,9.236176,13.047667
2004-11-07,6.365388,Training,0.036356,0.453205,0.655419,1.292891,1.984865,2.494912,3.280310,4.627074,7.001387,8.471392,11.381342
2004-11-08,5.943373,Training,0.121848,0.593767,0.813195,1.545501,2.300596,2.856978,3.687436,5.066061,7.320368,8.625724,11.157666
2004-11-09,5.767534,Training,0.134182,0.606520,0.818739,1.558736,2.307975,2.864805,3.682307,5.031815,7.182972,8.385083,10.728424
2004-11-10,5.943373,Training,0.259683,0.823822,1.065716,1.975241,2.790296,3.461682,4.356100,5.763942,7.927418,9.029443,11.167696
2004-11-11,5.837869,Training,1.095743,2.293679,2.939389,4.662581,6.098619,7.078425,8.355456,10.060377,12.786199,13.942842,16.246418
2004-11-12,5.556526,Training,1.085060,2.252113,2.905709,4.585780,6.007697,6.992842,8.218124,9.874306,12.535007,13.598129,15.897900
2004-11-13,5.240015,Training,1.337952,2.699819,3.520865,5.428703,7.033246,8.099691,9.382736,11.159394,13.990434,14.942645,17.317091
2004-11-14,5.169680,Training,0.947001,2.018981,2.628613,4.184958,5.555047,6.479650,7.634719,9.246400,11.825803,12.848123,15.120661
2004-11-15,4.993840,Training,0.776688,1.700819,2.241696,3.634213,4.906620,5.800994,6.853439,8.393109,10.856164,11.859172,14.206303
2004-11-16,4.818001,Training,0.584630,1.371731,1.810421,3.006390,4.122641,4.933880,5.891076,7.335020,9.596659,10.574627,12.856138
2004-11-17,4.818001,Training,0.390171,1.007550,1.317454,2.225448,3.084722,3.785826,4.579695,5.804261,7.688601,8.578466,10.803809
2004-11-18,4.606993,Training,0.319037,0.866114,1.137480,1.935696,2.702116,3.362518,4.086614,5.232756,6.992834,7.840394,10.051270
2004-11-19,4.466322,Training,0.269702,0.747517,0.988446,1.666698,2.331062,2.951913,3.589774,4.625851,6.223332,7.012148,9.193170
2004-11-20,4.466322,Training,0.253979,0.733389,0.962493,1.638416,2.291692,2.891928,3.537911,4.583051,6.177774,6.969164,9.082995
2004-11-21,4.466322,Training,0.199815,0.595699,0.789787,1.353038,1.921564,2.479069,3.047622,3.987645,5.464237,6.198714,8.315118
2004-11-22,4.360818,Training,0.180812,0.543275,0.733624,1.241316,1.764888,2.310338,2.821737,3.703382,5.078377,5.751215,7.818535
2004-11-23,4.114643,Training,0.140854,0.425134,0.604394,1.024268,1.488020,2.012748,2.449592,3.246428,4.511653,5.121184,7.273303
2004-11-24,4.114643,Training,0.218743,0.567275,0.786908,1.300018,1.848088,2.434064,2.935987,3.811385,5.201582,5.897584,8.207015
2004-11-25,4.114643,Training,0.275383,0.695182,0.941463,1.530254,2.145276,2.753671,3.314505,4.260540,5.738305,6.492929,8.703135
2004-11-26,4.044307,Training,0.287431,0.715432,0.968943,1.570112,2.197867,2.814507,3.382653,4.340148,5.831878,6.596712,8.826313
2004-11-27,4.079475,Training,0.297511,0.739600,0.994824,1.611880,2.255068,2.875787,3.454247,4.425624,5.938554,6.720379,8.973860
2004-11-28,3.798132,Training,0.336467,0.882266,1.102479,1.832591,2.565781,3.162424,3.822978,4.900286,6.590543,7.630465,10.088231
2004-11-29,3.798132,Training,0.259241,0.753322,1.009368,1.668897,2.344935,2.946467,3.579270,4.680544,6.364536,7.351602,9.675138
2004-11-30,3.903636,Training,0.343926,0.906884,1.145144,1.931270,2.738121,3.385629,4.101542,5.309209,7.345812,8.779438,11.826157
2004-12-01,6.224716,Training,-0.113213,0.512125,0.821115,1.760750,2.835758,3.883770,4.986821,7.179890,12.522262,16.178181,26.866611
2004-12-02,10.093184,Training,0.277521,1.471787,1.976403,3.883755,5.895694,7.587619,9.681362,13.654484,22.519714,27.874308,43.184231
2004-12-03,10.655870,Training,0.632466,1.811844,2.580674,4.443266,6.389962,7.791728,9.763685,12.942542,19.126619,23.344725,31.519846
2004-12-04,9.002979,Training,1.008000,2.250943,3.204414,5.200893,7.161102,8.581913,10.277866,13.035332,18.021490,21.430513,26.850611
2004-12-05,8.194118,Training,1.583820,3.075358,4.266152,6.525893,8.616109,10.160799,11.710203,14.217965,18.476082,21.246277,25.760868
2004-12-06,7.631432,Training,1.442729,2.689037,3.656657,5.536697,7.313913,8.714582,10.105761,12.148859,15.632277,17.874123,21.997543
2004-12-07,7.209417,Training,1.318206,2.422465,3.250610,4.949140,6.525114,7.838359,9.146285,10.962077,14.019969,15.885548,19.974817
2004-12-08,6.787402,Training,1.257331,2.351587,3.153899,4.803171,6.370743,7.604762,8.852573,10.631704,13.540429,15.235916,18.631899
2004-12-09,6.681899,Training,1.188810,2.362112,3.132853,4.842849,6.432425,7.555196,8.827624,10.701846,13.565560,15.086858,17.632132
2004-12-10,6.330220,Training,1.138554,2.167099,2.900283,4.472414,5.962068,7.098860,8.247870,9.976319,12.658680,14.046158,17.064032
2004-12-11,5.943373,Training,1.114446,2.174830,2.902532,4.498466,6.007298,7.097116,8.235287,10.003293,12.663875,13.953113,16.637451
2004-12-12,5.943373,Training,1.100780,2.236260,2.958370,4.626036,6.156152,7.184677,8.360517,10.206494,12.864270,14.046372,16.366117
2004-12-13,5.591694,Training,1.107047,2.281851,3.013370,4.728941,6.282725,7.279738,8.468593,10.367696,13.029306,14.163013,16.409149
2004-12-14,5.556526,Training,1.136406,2.323252,3.077008,4.815444,6.392559,7.405602,8.572934,10.471676,13.139840,14.202586,16.504284
2004-12-15,5.240015,Training,1.210117,2.417313,3.222043,4.995566,6.624527,7.684983,8.819267,10.709717,13.402161,14.388706,16.825848
2004-12-16,5.169680,Training,1.311960,2.644485,3.519941,5.450341,7.191053,8.272631,9.455034,11.483262,14.268396,15.188985,17.598209
2004-12-17,4.958672,Training,0.987222,2.092934,2.784629,4.414322,5.940630,6.865590,7.979738,9.845398,12.435128,13.479006,15.687025
2004-12-18,4.818001,Training,1.099910,2.299461,3.165820,4.924485,6.819185,7.649171,8.824182,10.957186,13.884721,15.011507,17.430845
2004-12-19,4.818001,Training,0.667563,1.525424,2.060024,3.365680,4.720997,5.478943,6.487244,8.221446,10.646500,11.825644,13.989705
2004-12-20,4.782833,Training,0.576932,1.344023,1.798007,2.974393,4.130930,4.920429,5.831374,7.411198,9.581201,10.590831,12.695015
2004-12-21,4.466322,Training,0.494385,1.037388,1.358930,2.115109,2.864109,3.577964,4.207232,5.239757,6.761184,7.623586,10.006410
2004-12-22,4.466322,Training,0.509415,1.023393,1.348830,2.114976,2.843220,3.597836,4.224857,5.233774,6.745797,7.575847,10.402604
2004-12-23,4.149811,Training,0.515282,1.057476,1.393287,2.159775,2.917623,3.656308,4.283557,5.314597,6.837602,7.701913,10.225288
2004-12-24,4.114643,Training,0.523152,1.068230,1.408112,2.179482,2.941019,3.684660,4.313764,5.347603,6.871315,7.740847,10.302186
2004-12-25,4.114643,Training,0.559936,1.156274,1.488516,2.300359,3.113420,3.847120,4.499459,5.550589,7.128440,8.094085,10.738350
2004-12-26,4.114643,Training,0.577612,1.157974,1.510544,2.333542,3.137154,3.910174,4.567677,5.621836,7.211561,8.157287,11.056775
2004-12-27,4.114643,Training,0.590794,1.164900,1.530800,2.364619,3.158157,3.951853,4.616565,5.678437,7.262460,8.177022,11.172331
2004-12-28,4.044307,Training,0.608846,1.222204,1.588924,2.437344,3.281047,4.055861,4.726302,5.807391,7.431989,8.434913,11.326953
2004-12-29,4.395986,Training,0.617232,1.230393,1.619236,2.465141,3.306335,4.091197,4.760715,5.856665,7.469212,8.445109,11.163368
2004-12-30,4.220147,Training,0.636334,1.288846,1.680499,2.544442,3.407215,4.172864,4.861842,5.977939,7.596016,8.583655,11.037205
2004-12-31,4.114643,Training,0.645439,1.319417,1.708001,2.586023,3.452299,4.207044,4.910096,6.036685,7.652882,8.637599,10.989641
2005-01-01,4.114643,Validation,0.659721,1.312772,1.709905,2.577693,3.440908,4.218440,4.903328,6.010688,7.613224,8.597400,11.098861
2005-01-02,4.114643,Validation,0.655203,1.336817,1.721612,2.602854,3.465099,4.219847,4.922672,6.046681,7.646366,8.623680,10.933244
2005-01-03,3.868468,Validation,0.671282,1.361536,1.752767,2.641528,3.510616,4.269763,4.975380,6.099630,7.699461,8.681277,10.988053
2005-01-04,3.798132,Validation,0.696987,1.331974,1.737172,2.615634,3.463055,4.279785,4.958876,6.039327,7.624053,8.589777,11.468730
2005-01-05,3.657460,Validation,0.691613,1.334989,1.740879,2.608029,3.462920,4.265005,4.936278,6.020443,7.599700,8.581395,11.282376
2005-01-06,3.481621,Validation,0.686452,1.324935,1.731747,2.602183,3.457171,4.267535,4.936254,6.026712,7.608517,8.579392,11.330166
2005-01-07,3.481621,Validation,0.648864,1.249262,1.635896,2.487021,3.301308,4.116406,4.771758,5.849258,7.404639,8.330704,11.259557
2005-01-08,3.481621,Validation,0.621596,1.215672,1.596828,2.422165,3.236249,4.033560,4.670446,5.752963,7.297728,8.238989,10.947977
2005-01-09,3.481621,Validation,0.615195,1.186945,1.548796,2.389427,3.161211,3.977813,4.627547,5.692646,7.218070,8.087698,11.233682
2005-01-10,3.481621,Validation,0.623428,1.204561,1.576869,2.417487,3.208900,4.026371,4.671361,5.747649,7.287692,8.190551,11.226435
2005-01-11,3.481621,Validation,0.607722,1.260742,1.629095,2.475408,3.313174,4.063295,4.727732,5.862613,7.428824,8.393228,10.625546
2005-01-12,3.551957,Validation,0.657806,1.400142,1.738930,2.705698,3.657514,4.405841,5.166942,6.427095,8.280537,9.654870,12.297636
2005-01-13,4.290482,Validation,0.554523,1.316771,1.677159,2.639145,3.603711,4.362783,5.125475,6.491310,8.551388,10.157703,13.212671
2005-01-14,4.818001,Validation,0.542294,1.235668,1.611169,2.492825,3.413623,4.148396,4.878543,6.217412,8.128741,9.606041,12.283711
2005-01-15,4.536658,Validation,0.770852,1.637274,2.138421,3.286513,4.421142,5.269887,6.123088,7.614418,9.703144,11.154561,13.860159
2005-01-16,4.220147,Validation,0.839681,1.724020,2.240381,3.394176,4.537813,5.399076,6.239246,7.669849,9.674376,10.995338,13.606503
2005-01-17,4.114643,Validation,0.899918,1.753810,2.296202,3.418957,4.566610,5.469469,6.263878,7.612078,9.543373,10.784186,13.535851
2005-01-18,4.044307,Validation,0.913340,1.816747,2.349262,3.504824,4.666308,5.542099,6.367376,7.727032,9.656286,10.864948,13.414691
2005-01-19,3.798132,Validation,0.901865,1.830234,2.355191,3.532142,4.684266,5.538616,6.389655,7.775609,9.696636,10.879935,13.244411
2005-01-20,3.798132,Validation,0.895675,1.842301,2.363277,3.554818,4.711631,5.541131,6.411931,7.825066,9.745979,10.959356,13.245424
2005-01-21,3.798132,Validation,0.924704,1.831378,2.373935,3.533278,4.692035,5.575015,6.394635,7.744579,9.652250,10.823325,13.304700
2005-01-22,3.481621,Validation,0.942147,1.799845,2.359673,3.486865,4.637342,5.562986,6.338956,7.642463,9.527764,10.689329,13.466972
2005-01-23,3.481621,Validation,0.956482,1.853559,2.422751,3.578544,4.757623,5.671574,6.466626,7.794967,9.705064,10.860574,13.468731
2005-01-24,3.481621,Validation,0.959666,1.901951,2.470613,3.665509,4.863753,5.756641,6.585381,7.953581,9.891912,11.041596,13.475150
2005-01-25,3.481621,Validation,0.977118,1.809138,2.369630,3.535774,4.644227,5.626460,6.418999,7.698897,9.574467,10.621436,14.145759
2005-01-26,3.340949,Validation,0.978139,1.813726,2.362004,3.554531,4.643778,5.630487,6.441445,7.732862,9.599712,10.564328,14.397733
2005-01-27,3.200278,Validation,0.990977,1.844338,2.404197,3.627973,4.737885,5.732084,6.556068,7.879764,9.771118,10.696515,14.630688
2005-01-28,3.200278,Validation,1.030041,1.917097,2.525595,3.793874,4.986861,6.008955,6.837299,8.222765,10.212622,11.204003,14.943509
2005-01-29,3.200278,Validation,1.084879,2.049567,2.744780,4.076999,5.448511,6.483433,7.305064,8.813160,10.974218,12.099713,15.153954
2005-01-30,3.165110,Validation,1.163399,2.185145,2.945688,4.405681,5.900919,6.998606,7.854909,9.505656,11.830016,12.932916,16.035999
2005-01-31,2.918935,Validation,0.790321,1.499042,1.969339,2.926133,3.894761,4.768840,5.450375,6.623159,8.315310,9.396190,12.310713
2005-02-01,2.918935,Validation,0.693411,1.341845,1.766839,2.627697,3.512712,4.335956,4.965709,6.085990,7.679022,8.733728,11.416740
2005-02-02,2.883767,Validation,0.639865,1.312017,1.702794,2.559843,3.425422,4.193359,4.842058,5.991872,7.575452,8.610988,10.890516
2005-02-03,2.918935,Validation,0.639089,1.255505,1.656180,2.481016,3.332634,4.137002,4.745978,5.859244,7.425262,8.461068,11.056783
2005-02-04,2.918935,Validation,0.627135,1.236797,1.630847,2.447401,3.289994,4.089909,4.692934,5.803534,7.361266,8.391190,10.969277
2005-02-05,2.918935,Validation,0.635814,1.225848,1.620121,2.445855,3.273076,4.100470,4.704753,5.798376,7.354027,8.356974,11.273148
2005-02-06,2.918935,Validation,0.631949,1.218961,1.607053,2.434335,3.254624,4.083072,4.688282,5.776539,7.331275,8.327550,11.352905
2005-02-07,2.778263,Validation,0.633886,1.231841,1.591180,2.447362,3.270604,4.098895,4.719769,5.800607,7.380182,8.407716,11.870090
2005-02-08,2.637592,Validation,0.588009,1.182710,1.568690,2.366764,3.200170,3.998276,4.585749,5.703855,7.278853,8.329998,10.965881
2005-02-09,2.637592,Validation,0.572416,1.180237,1.553960,2.350904,3.179554,3.950996,4.548993,5.678698,7.248299,8.294661,10.721714
2005-02-10,2.637592,Validation,0.568149,1.198230,1.561609,2.376059,3.204761,3.956929,4.577331,5.729166,7.311985,8.364474,10.691739
2005-02-11,2.602424,Validation,0.561777,1.209230,1.557567,2.383555,3.198625,3.930156,4.570173,5.731657,7.301707,8.344954,10.551557
2005-02-12,2.532088,Validation,0.545756,1.188781,1.523871,2.341736,3.138011,3.854911,4.494414,5.651802,7.199838,8.234986,10.389809
2005-02-13,2.637592,Validation,0.551437,1.195352,1.532231,2.352235,3.149801,3.871095,4.508152,5.659904,7.204485,8.235333,10.403970
2005-02-14,2.637592,Validation,0.572208,1.189235,1.548970,2.352621,3.166023,3.924652,4.528831,5.649928,7.193196,8.216818,10.562110
2005-02-15,2.637592,Validation,0.585616,1.199624,1.570731,2.377271,3.202242,3.975879,4.573276,5.688596,7.235796,8.261045,10.682981
2005-02-16,2.602424,Validation,0.602887,1.192776,1.578674,2.385584,3.211389,4.020401,4.604847,5.699994,7.247546,8.265063,10.991248
2005-02-17,2.532088,Validation,0.601526,1.194054,1.581228,2.389133,3.217391,4.025095,4.609197,5.706047,7.253929,8.268269,10.987103
2005-02-18,2.391416,Validation,0.598064,1.205366,1.592795,2.403230,3.241530,4.036453,4.624690,5.732759,7.286415,8.308878,10.892927
2005-02-19,2.356248,Validation,0.596495,1.219867,1.605177,2.423037,3.267576,4.050574,4.648177,5.768968,7.330188,8.359229,10.834643
2005-02-20,2.356248,Validation,0.601157,1.226128,1.613821,2.434672,3.282553,4.068846,4.667187,5.788813,7.355091,8.391400,10.894101
2005-02-21,2.356248,Validation,0.603551,1.190114,1.558667,2.391087,3.203434,4.029912,4.629644,5.711155,7.275764,8.277563,11.506945
2005-02-22,2.602424,Validation,0.624643,1.277357,1.649647,2.513228,3.425445,4.228678,4.828058,5.963252,7.641744,8.879056,11.941305
2005-02-23,3.376117,Test,0.620847,1.268997,1.648957,2.541460,3.466773,4.323905,4.937056,6.097326,7.895878,9.236056,12.940742
2005-02-24,3.376117,Test,0.592652,1.220083,1.615077,2.494588,3.393074,4.274568,4.898819,6.083833,7.911734,9.197901,12.930278
2005-02-25,3.165110,Test,0.589189,1.204138,1.601935,2.515815,3.397611,4.298446,4.962999,6.191265,8.018635,9.167380,13.188871
2005-02-26,2.918935,Test,0.646779,1.305537,1.729368,2.670479,3.606873,4.505841,5.185002,6.424426,8.265833,9.458649,13.367629
2005-02-27,2.918935,Test,0.664179,1.332511,1.779684,2.701898,3.660036,4.543015,5.204370,6.445194,8.246213,9.435089,12.776738
2005-02-28,2.707927,Test,0.662272,1.315441,1.727188,2.669581,3.557306,4.444952,5.132821,6.340186,8.066492,9.083007,12.857885
2005-03-01,2.637592,Test,0.654615,1.305675,1.699193,2.643270,3.502449,4.377980,5.072017,6.264660,7.946883,8.879583,12.774935
2005-03-02,2.532088,Test,0.669992,1.332359,1.757673,2.682070,3.595274,4.470847,5.136814,6.336194,8.051373,9.112215,12.488360
2005-03-03,2.602424,Test,0.669836,1.352652,1.779578,2.693085,3.646688,4.497194,5.150537,6.356661,8.092559,9.239944,12.327304
2005-03-04,2.637592,Test,0.641398,1.282799,1.695367,2.599433,3.487913,4.357409,5.011117,6.200683,7.897910,8.939068,12.252302
2005-03-05,2.637592,Test,0.637708,1.304838,1.729467,2.616565,3.550069,4.385570,5.024986,6.237225,7.948941,9.066709,11.849669
2005-03-06,2.637592,Test,0.621070,1.340888,1.745888,2.662516,3.606065,4.390326,5.069938,6.326090,8.057531,9.186175,11.582470
2005-03-07,2.637592,Test,0.642632,1.298927,1.723612,2.617624,3.539320,4.391818,5.032072,6.233675,7.944371,9.040784,11.990137
2005-03-08,2.637592,Test,0.648164,1.311261,1.739206,2.641247,3.570471,4.424982,5.067122,6.274213,7.989078,9.079351,12.008736
2005-03-09,2.532088,Test,0.646149,1.342787,1.775425,2.692241,3.652977,4.483194,5.136767,6.375678,8.109374,9.210303,11.813497
2005-03-10,2.356248,Test,0.617785,1.359311,1.770392,2.730059,3.696832,4.482575,5.186105,6.494314,8.262877,9.365341,11.644464
2005-03-11,2.356248,Test,0.581341,1.314958,1.718706,2.696669,3.674356,4.454291,5.172034,6.538835,8.356225,9.468271,11.697400
2005-03-12,2.356248,Test,0.484329,1.173572,1.577879,2.557858,3.580654,4.319455,5.055414,6.566218,8.500089,9.706263,11.851446
2005-03-13,2.391416,Test,0.363330,0.946099,1.301291,2.104545,3.046663,3.661321,4.324747,5.735576,7.562533,8.731483,10.957650
2005-03-14,2.391416,Test,0.417261,1.009613,1.320329,2.021962,2.810941,3.400235,3.986225,5.135917,6.635540,7.652590,9.876993
2005-03-15,2.356248,Test,0.416637,1.010731,1.324772,2.015903,2.798751,3.378483,3.954959,5.089603,6.554502,7.514285,9.735086
2005-03-16,2.356248,Test,0.360293,0.929526,1.235534,1.892589,2.647439,3.196563,3.757070,4.896855,6.322633,7.163680,9.379223
2005-03-17,2.356248,Test,0.332470,0.896015,1.201625,1.849093,2.582866,3.124258,3.680771,4.816646,6.205907,6.980458,9.141249
2005-03-18,2.356248,Test,0.294416,0.851010,1.150875,1.787839,2.491764,3.027255,3.576657,4.705115,6.057859,6.772293,8.865923
2005-03-19,2.321081,Test,0.310459,0.877658,1.176569,1.822822,2.538879,3.074695,3.629206,4.751917,6.107360,6.832549,8.938125
2005-03-20,2.321081,Test,0.319178,0.880900,1.178784,1.838357,2.604604,3.130925,3.674145,4.821339,6.214907,7.087208,9.386670
2005-03-21,2.532088,Test,0.287686,0.830585,1.146488,1.817064,2.611235,3.179609,3.745296,4.953732,6.563718,7.688313,10.311815
2005-03-22,2.954103,Test,0.354600,0.999286,1.308696,2.083381,2.964647,3.576267,4.164890,5.450820,7.254052,8.633086,11.787397
2005-03-23,3.165110,Test,0.543871,1.377591,1.814288,2.855113,3.980272,4.744205,5.469790,6.912628,9.112895,11.107053,14.836568
2005-03-24,3.094774,Test,0.566381,1.480795,1.986523,3.129682,4.340510,5.151617,5.917419,7.522277,9.910515,11.883772,15.977807
2005-03-25,3.200278,Test,0.719039,1.774745,2.333122,3.633893,5.013025,5.889842,6.746845,8.404029,10.998239,13.479455,17.972118
2005-03-26,3.938803,Test,0.708337,2.029953,2.719893,4.415795,6.226073,7.435416,8.564435,10.890475,14.917238,18.968601,26.747469
2005-03-27,6.365388,Test,0.986638,2.657868,3.359221,5.471194,7.409033,8.693896,10.005723,12.521047,16.645338,20.727551,28.393169
2005-03-28,6.013709,Test,1.254155,3.041292,3.861816,5.961916,7.998742,9.120686,10.381954,12.713340,16.350533,20.117022,26.663998
2005-03-29,5.662030,Test,1.352575,3.209265,4.154929,6.300805,8.493979,9.507646,10.816860,13.204837,16.871838,20.336685,26.718828
2005-03-30,5.240015,Test,1.717381,3.707065,4.782673,6.925862,9.012726,10.031652,11.333037,13.502156,16.740330,19.680368,24.598013
2005-03-31,5.169680,Test,1.607153,3.476737,4.566405,6.545492,8.559805,9.442193,10.729144,12.877810,15.937528,18.230690,22.622311
2005-04-01,4.888336,Training,1.546218,3.415945,4.427297,6.384251,8.401619,9.130548,10.412246,12.493207,15.359990,17.528336,21.913116
2005-04-02,4.923504,Training,1.718395,3.697736,4.743465,6.774748,8.854344,9.671614,10.954761,12.960537,15.960267,18.603148,23.435715
2005-04-03,5.275183,Training,1.363074,3.286873,4.261776,6.468162,8.674892,9.873051,11.285110,13.831297,17.915260,22.132032,29.612335
2005-04-04,6.295052,Training,1.350640,3.405033,4.372171,6.781327,9.134557,10.251976,11.790030,14.497173,18.942747,22.864870,31.129690
2005-04-05,6.119212,Training,1.691279,3.786954,4.906096,7.140129,9.354782,10.349881,11.751419,14.074751,17.673723,20.751839,26.597599
2005-04-06,5.943373,Training,1.600571,3.592631,4.795825,6.915688,9.050110,9.994677,11.372514,13.694333,17.110622,19.632013,24.552002
2005-04-07,5.873037,Training,1.697048,3.765319,4.948805,7.114902,9.376000,10.180674,11.539480,13.814133,17.109831,19.849279,25.062492
2005-04-08,5.697198,Training,2.377165,4.834311,6.157040,8.599923,10.569913,11.689869,13.038507,15.075562,18.002287,20.493460,24.483797
2005-04-09,5.240015,Training,2.541325,5.028786,6.291915,8.741106,10.448590,11.655410,12.996926,14.784422,17.363817,19.349461,22.766069
2005-04-10,4.958672,Training,2.458803,4.907208,6.189209,8.587729,10.383107,11.522674,12.844788,14.686276,17.246469,19.198065,22.606316
2005-04-11,4.818001,Training,2.142739,4.348820,5.486319,7.586161,9.377267,10.326688,11.590092,13.273524,15.720129,17.582407,20.855721
2005-04-12,4.536658,Training,2.129799,4.341633,5.541585,7.681357,9.652862,10.533515,11.808818,13.652817,16.293152,17.959953,21.422756
2005-04-13,4.466322,Training,1.936460,3.973110,5.043291,7.027059,8.853007,9.702436,10.920115,12.621260,15.083674,16.666729,19.891182
2005-04-14,4.325650,Training,1.795972,3.734558,4.577813,6.461755,7.988411,8.862799,10.018368,11.446538,13.575568,15.265285,18.333336
2005-04-15,4.114643,Training,1.724193,3.583730,4.379252,6.223535,7.644818,8.577937,9.695073,11.061306,13.194479,14.813550,17.947962
2005-04-16,4.114643,Training,1.455838,3.099370,3.816617,5.467379,6.782907,7.673279,8.729192,10.072936,12.111556,13.746848,16.696051
2005-04-17,4.114643,Training,1.305800,2.897360,3.591982,5.162755,6.623295,7.376646,8.399806,9.795000,11.938888,13.764368,17.192739
2005-04-18,4.290482,Training,1.292779,2.908703,3.604276,5.258512,6.736342,7.548912,8.580075,10.047647,12.337845,14.441051,18.204945
2005-04-19,4.466322,Training,1.263674,2.896207,3.643257,5.344097,6.880852,7.753469,8.805649,10.385915,12.896379,15.171475,19.273746
2005-04-20,4.466322,Training,1.420699,3.189139,4.020453,5.860579,7.507129,8.411838,9.522408,11.177066,13.813128,16.230629,20.509682
2005-04-21,4.149811,Training,1.089740,2.546336,3.345260,4.894156,6.496053,7.302672,8.324659,10.015179,12.667541,14.715951,18.932325
2005-04-22,4.114643,Training,1.015455,2.357918,3.008963,4.346542,5.757991,6.462554,7.399540,8.823026,11.053945,12.872445,16.576143
2005-04-23,4.114643,Training,1.165420,2.617462,3.286727,4.727101,6.136967,6.881164,7.837457,9.200757,11.351113,13.217299,16.736599
2005-04-24,4.114643,Training,1.147820,2.617250,3.268911,4.766146,6.230372,6.973651,7.935507,9.353756,11.625064,13.737805,17.659521
2005-04-25,4.255314,Training,1.125280,2.588404,3.354272,4.860909,6.364468,7.198508,8.196899,9.757123,12.246774,14.318056,18.324450
2005-04-26,4.114643,Training,1.115446,2.501467,3.209744,4.586210,6.038460,6.776215,7.742934,9.186466,11.441039,13.236705,16.734856
2005-04-27,3.798132,Training,0.980933,2.331233,3.042809,4.383239,5.819403,6.486874,7.442919,8.944353,11.172379,12.688937,16.200275
2005-04-28,3.481621,Training,0.778712,2.055570,2.711211,4.001743,5.295368,5.961618,6.904776,8.400884,10.536937,11.819667,14.932605
2005-04-29,3.411285,Training,0.721065,1.989110,2.622231,3.900337,5.138222,5.796920,6.727487,8.196192,10.263290,11.433291,14.353539
2005-04-30,3.200278,Training,0.645154,1.883222,2.491196,3.754293,4.940006,5.595526,6.503970,7.966669,9.988745,11.081196,13.862492
2005-05-01,3.200278,Training,0.869562,2.217119,2.855837,4.159160,5.477463,6.085138,7.052855,8.472589,10.502429,11.709461,14.707701
2005-05-02,3.200278,Training,1.139690,2.634337,3.311862,4.715389,6.171284,6.766629,7.795419,9.214829,11.305662,12.708744,15.899652
2005-05-03,3.200278,Training,1.152718,2.645604,3.323595,4.731578,6.171572,6.791742,7.824588,9.243419,11.351005,12.760871,15.913736
2005-05-04,3.094774,Training,1.070072,2.516566,3.206956,4.587987,5.970728,6.613420,7.636712,9.075012,11.167579,12.466312,15.495548
2005-05-05,2.918935,Training,1.041965,2.499635,3.216656,4.630797,6.020144,6.684143,7.745839,9.261056,11.421358,12.714064,15.666584
2005-05-06,2.813431,Training,0.945605,2.352848,3.065204,4.482194,5.861481,6.533638,7.596453,9.174389,11.385836,12.613285,15.458381
2005-05-07,2.567256,Training,0.728557,1.955830,2.541919,3.780517,4.947685,5.594991,6.545198,7.984085,9.950708,11.047140,13.642920
2005-05-08,2.426584,Training,0.638840,1.808065,2.368291,3.576125,4.695765,5.343216,6.273237,7.721779,9.678904,10.738593,13.250700
2005-05-09,2.285913,Training,0.602147,1.699224,2.171139,3.260541,4.308907,4.894205,5.744099,7.023805,8.782286,9.864172,12.523627
2005-05-10,2.461752,Training,0.710935,1.824036,2.321748,3.480293,4.656054,5.216650,6.115303,7.487543,9.393165,10.825411,13.839906
2005-05-11,2.637592,Training,0.701717,1.910647,2.438421,3.684296,4.971206,5.585139,6.539721,8.043809,10.291457,12.006552,15.605251
2005-05-12,2.989270,Training,0.648290,1.832317,2.385817,3.681424,5.050169,5.677517,6.692546,8.362842,10.873934,12.919483,16.924749
2005-05-13,2.918935,Training,0.382896,1.259239,1.601444,2.541588,3.486297,4.087656,4.803216,6.137284,8.108301,9.780238,13.410426
2005-05-14,2.989270,Training,0.443417,1.398067,1.756222,2.777442,3.775434,4.437154,5.211277,6.612870,8.772881,10.707118,14.600869
2005-05-15,2.989270,Training,0.435929,1.413448,1.782427,2.823279,3.846760,4.521248,5.317175,6.769833,9.028109,11.039060,15.161077
2005-05-16,3.551957,Training,0.603210,1.720951,2.133090,3.400121,4.560198,5.363052,6.297243,7.888062,10.576197,13.290924,17.979713
2005-05-17,4.712497,Training,0.532337,1.699244,2.218714,3.468790,4.679409,5.554831,6.558575,8.338672,11.296367,13.817309,18.924417
2005-05-18,4.009139,Training,0.644679,1.868091,2.428522,3.665220,4.877297,5.690949,6.721647,8.407359,11.030499,13.227706,17.548674
2005-05-19,3.622292,Training,0.618945,1.914947,2.529660,3.830991,5.043076,5.832383,6.901041,8.587438,11.090664,13.085909,17.048470
2005-05-20,3.340949,Training,0.711048,2.066253,2.686331,4.001164,5.204272,5.947255,7.032617,8.626841,10.942540,12.757973,16.320248
2005-05-21,3.165110,Training,0.871853,2.289747,2.914705,4.240273,5.484187,6.178380,7.271149,8.764410,10.953595,12.690014,16.128521
2005-05-22,3.129942,Training,1.055882,2.528859,3.152066,4.499624,5.772185,6.454942,7.540611,8.920816,11.037240,12.774558,16.082710
2005-05-23,2.918935,Training,0.916797,2.308399,2.905080,4.196298,5.396837,6.061413,7.119750,8.509476,10.552521,12.103420,15.240011
2005-05-24,2.813431,Training,0.614230,1.876274,2.419023,3.654932,4.702711,5.382725,6.380035,7.806571,9.799830,11.158680,13.988509
2005-05-25,2.567256,Training,0.475809,1.672179,2.181290,3.389694,4.366100,5.047438,5.989041,7.421042,9.384664,10.652546,13.363746
2005-05-26,2.285913,Training,0.413099,1.569593,2.062398,3.248929,4.192424,4.867976,5.774553,7.206817,9.150125,10.373032,13.046524
2005-05-27,2.039737,Training,0.447724,1.613507,2.114153,3.296832,4.258070,4.926872,5.845526,7.259952,9.204611,10.454991,13.147622
2005-05-28,1.863898,Training,0.422924,1.559411,2.055174,3.222658,4.173827,4.839987,5.752981,7.167887,9.121840,10.357081,13.020401
2005-05-29,1.758394,Training,0.409356,1.580591,2.030873,3.203830,4.192291,4.796087,5.726495,7.091632,9.057027,10.403295,13.279538
2005-05-30,1.617723,Training,0.442409,1.557058,2.054926,3.192827,4.156780,4.809545,5.714632,7.116699,9.070160,10.320096,12.985572
2005-05-31,1.477051,Training,0.445533,1.569911,2.077729,3.237370,4.216980,4.873545,5.787524,7.205997,9.180508,10.400638,13.014662
2005-06-01,1.230876,Training,0.389626,1.453272,1.943656,3.062900,4.022089,4.668175,5.556286,6.976265,8.953296,10.150268,12.731267
2005-06-02,1.090205,Training,0.286807,1.264315,1.716474,2.786233,3.679423,4.320316,5.164060,6.583450,8.538652,9.665364,12.151578
2005-06-03,0.949533,Training,0.276578,1.214640,1.679003,2.752193,3.683323,4.321724,5.196857,6.685555,8.767972,9.967726,12.477665
2005-06-04,0.808861,Training,-0.152416,0.239380,0.399042,0.760209,1.046185,1.425705,1.776792,2.547327,3.489102,3.941993,5.679609
2005-06-05,0.773694,Training,-0.198385,0.150668,0.289060,0.593915,0.830552,1.173144,1.474120,2.169845,3.007437,3.399710,5.065138
2005-06-06,0.668190,Training,-0.227642,0.090516,0.214790,0.479642,0.684955,0.998664,1.262977,1.903554,2.664944,3.023134,4.649361
2005-06-07,0.492350,Training,-0.234057,0.077878,0.199399,0.455357,0.654900,0.962080,1.218632,1.847927,2.597601,2.955851,4.588160
2005-06-08,0.351679,Training,-0.244995,0.062453,0.182549,0.433342,0.626086,0.928406,1.178478,1.801486,2.540415,2.893333,4.524032
2005-06-09,0.281343,Training,-0.247280,0.056037,0.173983,0.417664,0.606713,0.903992,1.149797,1.764156,2.494752,2.848452,4.481144
2005-06-10,0.281343,Training,-0.248227,0.032372,0.137701,0.348070,0.521243,0.794132,1.015428,1.578084,2.246840,2.585370,4.188175
2005-06-11,0.422015,Training,-0.248543,0.017080,0.112606,0.301512,0.464376,0.719434,0.923939,1.449702,2.073306,2.399390,3.975549
2005-06-12,2.074905,Training,-0.206679,0.056072,0.156458,0.342870,0.520961,0.780381,0.999026,1.532837,2.175982,2.518253,4.112082
2005-06-13,2.496920,Training,-0.163494,0.118091,0.209829,0.410362,0.617475,0.873738,1.113079,1.664021,2.349918,2.737932,4.447457
2005-06-14,2.954103,Training,-0.158851,0.105272,0.210790,0.399890,0.596635,0.863544,1.098812,1.649460,2.323231,2.682632,4.314400
2005-06-15,2.954103,Training,-0.190345,0.071936,0.173128,0.360166,0.542055,0.804132,1.029394,1.566293,2.217770,2.559551,4.148137
2005-06-16,3.692628,Training,-0.244676,0.020152,0.114272,0.297441,0.455067,0.705001,0.912511,1.438656,2.068124,2.405656,3.985811
2005-06-17,3.938803,Training,-0.279414,-0.049186,0.026729,0.171133,0.300138,0.513390,0.670076,1.113904,1.619773,1.903254,3.398550
2005-06-18,3.235446,Training,-0.289375,-0.059680,0.010699,0.150543,0.275189,0.479370,0.627762,1.058631,1.552413,1.843080,3.362651
2005-06-19,2.707927,Training,-0.306112,-0.061123,-0.003517,0.142074,0.265314,0.457447,0.600733,1.015924,1.507258,1.821237,3.405757
2005-06-20,3.165110,Training,-0.300986,-0.061930,-0.002438,0.135963,0.260419,0.453476,0.593549,1.010116,1.506523,1.829046,3.435394
2005-06-21,2.215577,Training,-0.289064,-0.066540,0.000926,0.128610,0.250724,0.447768,0.585026,1.004408,1.492493,1.805188,3.371699
2005-06-22,1.090205,Training,-0.319888,-0.071614,-0.018152,0.126219,0.247400,0.432955,0.569476,0.976850,1.470684,1.805957,3.446575
2005-06-23,0.668190,Training,-0.312722,-0.072953,-0.012057,0.124801,0.249082,0.441546,0.578227,0.997051,1.509840,1.854190,3.526813
2005-06-24,0.281343,Training,-0.300117,-0.048974,0.005400,0.149245,0.283131,0.474251,0.619505,1.044439,1.578622,1.952782,3.687279
2005-06-25,0.246175,Training,-0.282283,-0.046066,0.016483,0.163340,0.310408,0.493415,0.641492,1.080803,1.677687,2.212342,4.220754
2005-06-26,0.175839,Training,-0.335712,-0.088808,-0.001780,0.136454,0.275635,0.495879,0.635963,1.121009,1.796847,2.292949,4.465292
2005-06-27,0.105504,Training,-0.313830,-0.056622,0.028931,0.177076,0.323786,0.550044,0.710136,1.209727,1.901209,2.399392,4.501604
2005-06-28,0.070336,Training,-0.244505,0.041781,0.169908,0.383433,0.589585,0.890479,1.130798,1.785071,2.731534,3.334738,5.633773
2005-06-29,0.070336,Training,-0.226531,0.068858,0.190934,0.415641,0.621352,0.921338,1.177822,1.831624,2.737688,3.279865,5.373206
2005-06-30,0.035168,Training,-0.199866,0.102256,0.226884,0.461751,0.676526,0.983272,1.258387,1.924902,2.828646,3.341914,5.334729
2005-07-01,0.035168,Validation,-0.248120,0.052304,0.165294,0.391070,0.573392,0.865522,1.122061,1.756643,2.599869,3.064863,4.948581
2005-07-02,0.035168,Validation,-0.291618,-0.007815,0.091603,0.302048,0.457896,0.729389,0.952200,1.539160,2.295816,2.700346,4.489092
2005-07-03,0.000000,Validation,-0.296488,-0.017396,0.078603,0.281710,0.432911,0.697106,0.912434,1.487424,2.226873,2.629093,4.417421
2005-07-04,0.000000,Validation,-0.256998,0.025695,0.127937,0.335243,0.506832,0.781041,1.016434,1.613086,2.394738,2.823796,4.643974
2005-07-05,0.035168,Validation,-0.242445,0.041765,0.145265,0.355982,0.533710,0.811038,1.055096,1.657083,2.440515,2.859234,4.644809
2005-07-06,0.000000,Validation,-0.259359,0.022439,0.120456,0.327386,0.494380,0.765409,1.000740,1.586008,2.338857,2.728238,4.458005
2005-07-07,0.000000,Validation,-0.269892,0.000246,0.089756,0.278206,0.431133,0.684566,0.902484,1.458068,2.169584,2.553119,4.269405
2005-07-08,0.000000,Validation,-0.269852,0.003345,0.096521,0.291705,0.450180,0.710035,0.932914,1.499061,2.227216,2.610165,4.333733
2005-07-09,0.000000,Validation,-0.279710,-0.006591,0.087342,0.287376,0.445536,0.707902,0.928677,1.497123,2.226781,2.599756,4.313007
2005-07-10,0.000000,Validation,-0.282741,-0.023075,0.061979,0.241228,0.387253,0.630343,0.834565,1.374477,2.069026,2.450585,4.165625
2005-07-11,0.000000,Validation,-0.293289,-0.028284,0.061165,0.253204,0.402924,0.655240,0.864425,1.418992,2.135171,2.510126,4.229506
2005-07-12,0.000000,Validation,-0.312072,-0.057523,0.025926,0.209054,0.345446,0.583030,0.776110,1.314034,2.006920,2.391369,4.115865
2005-07-13,0.000000,Validation,-0.323169,-0.071178,0.010609,0.199954,0.332427,0.566876,0.756724,1.312040,2.047569,2.499960,4.302179
2005-07-14,0.000000,Validation,-0.302454,-0.105427,-0.059970,0.034435,0.138332,0.298147,0.403505,0.749160,1.145668,1.415523,2.909737
2005-07-15,0.000000,Validation,-0.294846,-0.097523,-0.052280,0.040549,0.146936,0.307642,0.415574,0.763675,1.167845,1.443497,2.948689
2005-07-16,0.000000,Validation,-0.282582,-0.087503,-0.039414,0.052968,0.164786,0.330537,0.443219,0.796915,1.213405,1.488649,2.991450
2005-07-17,0.000000,Validation,-0.259337,-0.052540,-0.013610,0.083945,0.212724,0.373431,0.497877,0.858472,1.302739,1.610008,3.194792
2005-07-18,0.000000,Validation,-0.240700,-0.056345,-0.004451,0.080031,0.204665,0.372596,0.494374,0.855409,1.289048,1.579139,3.100483
2005-07-19,0.000000,Validation,-0.278209,-0.091704,-0.047346,0.037466,0.147894,0.307584,0.414844,0.754493,1.153480,1.419401,2.893007
2005-07-20,0.000000,Validation,-0.303710,-0.114931,-0.070466,0.016651,0.122153,0.277454,0.378830,0.714082,1.105324,1.370027,2.857671
2005-07-21,0.000000,Validation,-0.305776,-0.117074,-0.073786,0.012251,0.117538,0.271123,0.370409,0.703729,1.094677,1.364408,2.869620
2005-07-22,0.000000,Validation,-0.299559,-0.111667,-0.068479,0.015989,0.123650,0.278300,0.378925,0.714099,1.111833,1.386454,2.903922
2005-07-23,0.000000,Validation,-0.281815,-0.097406,-0.052925,0.028808,0.141887,0.299522,0.405389,0.745336,1.154050,1.432305,2.950084
2005-07-24,0.000000,Validation,-0.252529,-0.069404,-0.025400,0.054710,0.179507,0.337975,0.454190,0.802222,1.230016,1.522091,3.067746
2005-07-25,0.000000,Validation,-0.247293,-0.071364,-0.024402,0.052086,0.175021,0.335333,0.450866,0.797595,1.218699,1.501371,3.014236
2005-07-26,0.000000,Validation,-0.252161,-0.076936,-0.030993,0.044876,0.165975,0.325431,0.439464,0.782564,1.199017,1.475719,2.975840
2005-07-27,0.000000,Validation,-0.271475,-0.071330,-0.049459,0.042124,0.174141,0.314420,0.425101,0.761553,1.184576,1.513407,3.158048
2005-07-28,0.000000,Validation,-0.239037,-0.050589,-0.011600,0.068275,0.209461,0.361329,0.480023,0.838568,1.300724,1.645231,3.350884
2005-07-29,0.000000,Validation,-0.206955,-0.040687,0.011947,0.080416,0.220381,0.380917,0.502712,0.865295,1.325615,1.660923,3.313793
2005-07-30,0.000000,Validation,-0.237048,-0.053340,0.016714,0.111706,0.262389,0.450509,0.594617,1.011818,1.560106,1.914059,3.634932
2005-07-31,0.000000,Validation,-0.263760,-0.075534,-0.008597,0.089624,0.232238,0.420127,0.561425,0.972083,1.511136,1.846770,3.530152
2005-08-01,0.000000,Validation,-0.263071,-0.074406,-0.009940,0.088372,0.230377,0.417495,0.560190,0.968500,1.501442,1.827711,3.487665
2005-08-02,0.000000,Validation,-0.266402,-0.079309,-0.016638,0.080001,0.219380,0.404815,0.545667,0.949294,1.472890,1.790782,3.429566
2005-08-03,0.000000,Validation,-0.290153,-0.101755,-0.044077,0.051325,0.181848,0.361916,0.494232,0.884178,1.387537,1.690447,3.305725
2005-08-04,0.000000,Validation,-0.303339,-0.118270,-0.069532,0.016682,0.137006,0.301708,0.421506,0.788705,1.255643,1.556819,3.164623
2005-08-05,0.000000,Validation,-0.311627,-0.129269,-0.079525,0.006392,0.126397,0.290849,0.405622,0.766551,1.225711,1.517709,3.114180
2005-08-06,0.000000,Validation,-0.321695,-0.141970,-0.094937,-0.012232,0.104000,0.261422,0.369645,0.719740,1.161416,1.451931,3.047687
2005-08-07,0.000000,Validation,-0.329259,-0.151490,-0.105900,-0.025321,0.088888,0.241299,0.345443,0.688816,1.120366,1.412007,3.013855
2005-08-08,0.000000,Validation,-0.317029,-0.141650,-0.096268,-0.018588,0.100107,0.255281,0.361513,0.708438,1.154517,1.454594,3.071469
2005-08-09,0.000000,Validation,-0.305766,-0.125163,-0.083410,-0.003569,0.124372,0.280142,0.393858,0.747370,1.217556,1.532466,3.190664
2005-08-10,0.000000,Validation,-0.299039,-0.117856,-0.093086,-0.005272,0.137952,0.274718,0.384148,0.733810,1.204189,1.614303,3.466988
2005-08-11,0.000000,Validation,-0.319184,-0.144546,-0.092402,-0.017253,0.112566,0.271897,0.376635,0.743310,1.253643,1.632994,3.479148
2005-08-12,0.000000,Validation,-0.326642,-0.155517,-0.102431,-0.026455,0.101517,0.261120,0.368344,0.734452,1.241151,1.610069,3.403133
2005-08-13,0.000000,Validation,-0.363300,-0.184427,-0.118889,-0.023163,0.110170,0.286432,0.404380,0.814210,1.399692,1.804534,3.712308
2005-08-14,0.000000,Validation,-0.372676,-0.198419,-0.143952,-0.053276,0.071529,0.231188,0.340274,0.735339,1.289768,1.715297,3.606375
2005-08-15,0.000000,Validation,-0.338264,-0.181590,-0.153581,-0.098730,0.014142,0.134149,0.211854,0.507650,0.896780,1.223148,2.899073
2005-08-16,0.000000,Validation,-0.325163,-0.174044,-0.147909,-0.097171,0.017736,0.137927,0.215719,0.507556,0.894037,1.211717,2.852415
2005-08-17,0.000000,Validation,-0.309043,-0.165085,-0.143386,-0.098657,0.017390,0.133254,0.209552,0.492792,0.867300,1.180630,2.788239
2005-08-18,0.000000,Validation,-0.296621,-0.159396,-0.141425,-0.101904,0.014607,0.126035,0.200520,0.475253,0.836568,1.144930,2.721029
2005-08-19,0.000000,Validation,-0.284534,-0.153298,-0.137830,-0.102542,0.015404,0.123732,0.197704,0.467449,0.821855,1.129639,2.688663
2005-08-20,0.000000,Validation,-0.263708,-0.140880,-0.127386,-0.097437,0.023988,0.129126,0.203715,0.470581,0.820859,1.133364,2.684980
2005-08-21,0.000000,Validation,-0.246141,-0.130538,-0.119107,-0.093737,0.030524,0.132432,0.207125,0.470601,0.816000,1.131985,2.678665
2005-08-22,0.000000,Validation,-0.260655,-0.143357,-0.133950,-0.108137,0.013108,0.112816,0.184456,0.441479,0.779206,1.088289,2.619518
2005-08-23,0.000000,Validation,-0.274721,-0.155453,-0.147505,-0.121089,-0.002047,0.095461,0.164312,0.416236,0.748328,1.053388,2.579826
2005-08-24,0.000000,Validation,-0.278066,-0.159824,-0.152812,-0.127222,-0.007950,0.087503,0.155086,0.404801,0.735103,1.042479,2.573429
2005-08-25,0.000000,Validation,-0.281743,-0.164621,-0.158315,-0.133314,-0.013612,0.080177,0.146927,0.395385,0.725774,1.036551,2.573727
2005-08-26,0.000000,Validation,-0.279943,-0.165525,-0.160125,-0.136186,-0.014438,0.077927,0.145138,0.394545,0.729433,1.048983,2.598428
2005-08-27,0.000000,Validation,-0.284855,-0.172710,-0.169035,-0.145256,-0.022511,0.067200,0.133470,0.382620,0.720461,1.052212,2.614900
2005-08-28,0.000000,Validation,-0.299121,-0.186097,-0.188820,-0.163958,-0.042510,0.035848,0.095683,0.335043,0.658668,1.009248,2.592252
2005-08-29,0.000000,Validation,-0.277562,-0.166223,-0.175019,-0.160797,-0.046365,0.017193,0.065745,0.261382,0.506666,0.783188,2.242892
2005-08-30,0.000000,Validation,-0.281686,-0.170577,-0.179653,-0.165671,-0.050594,0.009882,0.057275,0.250140,0.491057,0.768924,2.236598
2005-08-31,0.000000,Validation,-0.252248,-0.150546,-0.163474,-0.155305,-0.036476,0.022329,0.070516,0.263783,0.509007,0.798888,2.269648
2005-09-01,0.000000,Validation,-0.241774,-0.144666,-0.159214,-0.153516,-0.033197,0.023797,0.072395,0.264001,0.507427,0.799306,2.264524
2005-09-02,0.000000,Validation,-0.258287,-0.157443,-0.171638,-0.164035,-0.045383,0.010679,0.058216,0.246265,0.484923,0.768391,2.226086
2005-09-03,0.000000,Validation,-0.261003,-0.160491,-0.175192,-0.167918,-0.048819,0.005086,0.052043,0.237769,0.473534,0.756825,2.217644
2005-09-04,0.000000,Validation,-0.244518,-0.149856,-0.166946,-0.163020,-0.041566,0.009980,0.057235,0.242110,0.478067,0.768369,2.232648
2005-09-05,0.000000,Validation,-0.181674,-0.106270,-0.128320,-0.134756,-0.004099,0.042011,0.092741,0.278802,0.516444,0.828664,2.312210
2005-09-06,0.000000,Validation,-0.187972,-0.102678,-0.107437,-0.109741,0.077389,0.105442,0.159044,0.371068,0.662103,1.183759,3.362187
2005-09-07,0.000000,Validation,-0.258642,-0.143509,-0.132178,-0.129664,0.037574,0.090925,0.140559,0.376217,0.748589,1.250835,3.533006
2005-09-08,0.000000,Validation,-0.226569,-0.132993,-0.127367,-0.132392,0.024207,0.071610,0.124323,0.340733,0.657148,1.106811,3.059455
2005-09-09,0.000000,Validation,-0.233422,-0.137027,-0.161387,-0.158080,0.023631,0.049804,0.093660,0.319344,0.639464,1.139498,3.306087
2005-09-10,0.000000,Validation,-0.159376,-0.074785,-0.091441,-0.099496,0.072880,0.111892,0.166463,0.389631,0.731686,1.202821,3.236437
2005-09-11,0.000000,Validation,-0.161933,-0.079334,-0.102261,-0.110244,0.055714,0.090109,0.147897,0.361790,0.676269,1.116839,3.023464
2005-09-12,0.000000,Validation,-0.201842,-0.124484,-0.130831,-0.139081,0.016286,0.058738,0.113706,0.332647,0.640711,1.067288,2.915870
2005-09-13,0.000000,Validation,-0.211717,-0.133740,-0.146842,-0.152050,-0.006307,0.036487,0.092501,0.301524,0.586524,0.972823,2.687208
2005-09-14,0.000000,Validation,-0.229429,-0.148098,-0.163892,-0.166188,-0.027179,0.016973,0.072182,0.274619,0.547365,0.907321,2.550308
2005-09-15,0.000000,Validation,-0.235754,-0.153690,-0.172092,-0.173442,-0.038106,0.006267,0.061000,0.258058,0.521372,0.863968,2.459448
2005-09-16,0.000000,Validation,-0.209476,-0.136405,-0.158366,-0.164039,-0.026668,0.015267,0.071171,0.265805,0.523785,0.867502,2.442354
2005-09-17,0.000000,Validation,-0.162949,-0.101592,-0.129880,-0.142183,0.002583,0.040498,0.099094,0.292949,0.552594,0.908042,2.498960
2005-09-18,0.000000,Validation,-0.120804,-0.072441,-0.104335,-0.122704,0.026633,0.063996,0.124387,0.315902,0.578729,0.939032,2.533511
2005-09-19,0.000000,Validation,-0.124925,-0.077020,-0.109707,-0.127955,0.019314,0.056551,0.116716,0.305756,0.563172,0.916362,2.487659
2005-09-20,0.000000,Validation,-0.155704,-0.101808,-0.132363,-0.146902,-0.005417,0.032783,0.091424,0.278648,0.528058,0.868750,2.404558
2005-09-21,0.000000,Validation,-0.166265,-0.110675,-0.140394,-0.153661,-0.013915,0.025603,0.083923,0.271468,0.520736,0.857999,2.383391
2005-09-22,0.000000,Validation,-0.178654,-0.120611,-0.149247,-0.160832,-0.022763,0.018824,0.077037,0.266147,0.517932,0.853149,2.373259
2005-09-23,0.000000,Validation,-0.184392,-0.125912,-0.153087,-0.163740,-0.025293,0.019577,0.079179,0.273223,0.534114,0.874048,2.402211
2005-09-24,0.000000,Validation,-0.167410,-0.113838,-0.145362,-0.157743,-0.016898,0.021667,0.081716,0.271972,0.527057,0.881231,2.422360
2005-09-25,0.000000,Validation,-0.166477,-0.114105,-0.139316,-0.153427,-0.013203,0.037184,0.097517,0.295062,0.561283,0.896633,2.414358
2005-09-26,0.000000,Validation,-0.165741,-0.115529,-0.138944,-0.153459,-0.010347,0.042974,0.105565,0.309657,0.587891,0.931993,2.465485
2005-09-27,0.000000,Validation,-0.184446,-0.131043,-0.153405,-0.164614,-0.021252,0.033582,0.098617,0.308516,0.597608,0.956658,2.508486
2005-09-28,0.000000,Validation,-0.160898,-0.110040,-0.136620,-0.152681,-0.016117,0.034932,0.093688,0.284048,0.538628,0.857024,2.336265
2005-09-29,0.000000,Validation,-0.161242,-0.111618,-0.141517,-0.158394,-0.023663,0.020990,0.076241,0.257613,0.497005,0.809580,2.268767
2005-09-30,0.000000,Validation,-0.155272,-0.107702,-0.138298,-0.156316,-0.022587,0.020326,0.073624,0.251965,0.484143,0.790326,2.234847
2005-10-01,0.000000,Test,-0.154108,-0.107938,-0.139444,-0.158076,-0.024701,0.016443,0.068795,0.244827,0.472756,0.777460,2.215139
2005-10-02,0.000000,Test,-0.088458,-0.060479,-0.096927,-0.125040,0.018428,0.055445,0.110386,0.286115,0.519285,0.844576,2.322759
2005-10-03,0.000000,Test,-0.060621,-0.039259,-0.078717,-0.109803,0.038049,0.075924,0.132649,0.308544,0.550504,0.883094,2.381560
2005-10-04,0.000000,Test,-0.058638,-0.037567,-0.077121,-0.108026,0.039872,0.080628,0.138800,0.316653,0.563854,0.896129,2.395742
2005-10-05,0.000000,Test,-0.071955,-0.047714,-0.084896,-0.113993,0.031435,0.076340,0.135511,0.317501,0.567686,0.896106,2.387265
2005-10-06,0.000000,Test,-0.086641,-0.059141,-0.093198,-0.120419,0.022173,0.071084,0.130593,0.316734,0.568526,0.891033,2.369763
2005-10-07,0.000000,Test,-0.107488,-0.076458,-0.109965,-0.134991,0.002736,0.050126,0.107263,0.290548,0.531658,0.845023,2.294966
2005-10-08,0.000000,Test,-0.127439,-0.092525,-0.125902,-0.148518,-0.014938,0.031076,0.085795,0.266008,0.498927,0.803948,2.230488
2005-10-09,0.000000,Test,-0.133161,-0.090787,-0.129330,-0.149582,-0.013045,0.030640,0.085431,0.267299,0.504798,0.814849,2.267315
2005-10-10,0.000000,Test,-0.088584,-0.083810,-0.128625,-0.153671,0.013584,0.042237,0.093413,0.285200,0.521405,0.922635,2.609933
2005-10-11,0.000000,Test,-0.208470,-0.152417,-0.156113,-0.181050,0.036195,0.073024,0.140265,0.390317,0.812033,1.452204,4.166698
2005-10-12,0.035168,Test,-0.311754,-0.114613,-0.096008,-0.121855,0.243340,0.338203,0.446392,0.936521,2.184482,3.609671,11.285666
2005-10-13,0.000000,Test,-0.259771,-0.046169,0.001338,0.003394,0.334406,0.464540,0.635192,1.171796,2.560806,3.887152,10.049736
2005-10-14,0.000000,Test,-0.238527,-0.046796,-0.070232,-0.050899,0.292190,0.407381,0.545516,1.084194,2.456508,3.914430,10.001493
2005-10-15,0.000000,Test,-0.205515,-0.031376,0.008057,-0.002108,0.293674,0.401885,0.560608,1.028983,2.161783,3.305728,7.949014
2005-10-16,0.000000,Test,-0.137341,-0.022508,0.003069,-0.041554,0.203714,0.273417,0.403979,0.775896,1.522994,2.371367,5.657458
2005-10-17,0.000000,Test,-0.216702,-0.079405,-0.099295,-0.111795,0.155898,0.214885,0.330044,0.740888,1.549638,2.478424,6.161706
2005-10-18,0.000000,Test,-0.142502,-0.023771,-0.019792,-0.032105,0.207020,0.289477,0.426491,0.810900,1.582794,2.387131,5.476132
2005-10-19,0.000000,Test,-0.111068,-0.016075,-0.024592,-0.040293,0.178620,0.255471,0.389271,0.742660,1.399598,2.086632,4.719021
2005-10-20,0.105504,Test,-0.210062,-0.106181,-0.119825,-0.113144,0.138284,0.231866,0.360829,0.795109,1.634636,2.530016,5.952853
2005-10-21,0.000000,Test,-0.282097,-0.099972,-0.098978,-0.042847,0.236463,0.371007,0.536324,1.079336,2.257597,3.350988,7.677924
2005-10-22,0.070336,Test,-0.312440,-0.150799,-0.143917,-0.106518,0.186936,0.330942,0.492764,1.074956,2.421201,3.749821,9.062656
2005-10-23,,,-0.294578,0.226727,0.440315,0.665513,1.384021,1.654182,2.203967,3.829826,8.220569,11.950012,24.756927
2005-10-24,0.000000,Test,-0.356866,-0.141606,-0.037683,0.023478,0.339942,0.555334,0.818953,1.574434,3.434823,5.005682,11.084497
2005-10-25,0.000000,Test,-0.306236,-0.153750,-0.063101,-0.041054,0.217931,0.381963,0.584647,1.176904,2.425110,3.591065,7.647619
2005-10-26,0.000000,Test,-0.275410,-0.144433,-0.063230,-0.032896,0.207213,0.371776,0.565724,1.118556,2.206308,3.206596,6.521954
2005-10-27,0.035168,Test,-0.424476,-0.059885,0.065569,0.147897,0.710710,0.927512,1.326749,2.311965,5.889118,9.330132,25.679232
2005-10-28,,,-0.315499,0.321628,0.780783,1.518144,2.800183,3.351097,4.614371,7.574999,15.450893,21.696430,37.336395
2005-10-29,,,-0.326487,0.274110,0.670458,1.269519,2.376543,2.879579,3.941978,6.565417,13.587467,19.113224,34.063023
2005-12-31,5.521358,Test,,,,,,,,,,,
2006-01-01,6.330220,Training,,,,,,,,,,,
2006-01-02,6.119212,Training,1.128916,2.313546,3.038534,4.637658,6.135882,7.176974,8.305480,10.184041,12.897957,14.832201,18.001379
2006-01-03,5.908205,Training,1.373366,2.664829,3.484821,5.167187,6.743186,7.817372,8.899379,10.681026,13.223172,14.798851,17.859829
2006-01-04,5.591694,Training,1.456417,2.716885,3.551171,5.181658,6.734452,7.829803,8.856762,10.509548,12.897295,14.280829,17.378056
2006-01-05,5.556526,Training,1.536257,2.925466,3.746349,5.459983,7.084455,8.125439,9.198353,10.847304,13.255627,14.626708,17.645622
2006-01-06,5.943373,Training,1.627977,3.167648,3.993070,5.858708,7.609226,8.622894,9.763509,11.515807,14.111106,15.758442,19.123619
2006-01-07,6.295052,Training,1.567340,3.059122,3.959279,5.805295,7.529738,8.636200,9.756094,11.571755,14.263056,15.872660,19.150078
2006-01-08,6.259884,Training,1.627691,3.117247,4.068133,5.926956,7.645078,8.776707,9.886211,11.711925,14.329201,15.790888,18.818218
2006-01-09,5.943373,Training,1.750350,3.329999,4.346661,6.292536,8.080336,9.208731,10.318972,12.189731,14.787918,16.081388,19.078135
2006-01-10,5.873037,Training,1.877994,3.347044,4.406924,6.303280,8.031878,9.273607,10.322381,12.058253,14.547174,15.668892,19.493477
2006-01-11,5.556526,Training,1.961604,3.515043,4.637917,6.600480,8.414768,9.663691,10.703258,12.498049,15.017600,16.044107,19.536575
2006-01-12,5.521358,Training,2.066861,3.697325,4.893903,6.943617,8.838949,10.122865,11.158422,13.026134,15.588039,16.497616,19.946070
2006-01-13,5.451023,Training,2.402668,4.298699,5.580506,7.882446,10.052417,11.328965,12.410894,14.389461,17.200510,18.327301,22.490149
2006-01-14,5.943373,Training,1.637583,3.221135,4.130907,6.085116,7.990948,9.049521,10.179760,12.079596,14.964596,16.685844,20.323818
2006-01-15,6.435723,Training,1.379034,2.533810,3.386151,5.036747,6.744796,8.116459,9.264653,11.060102,14.537012,17.561707,24.752295
2006-01-16,8.616133,Training,1.232871,2.623397,3.556399,5.393565,7.295281,8.707389,9.863710,12.053388,16.121271,19.364887,26.324701
2006-01-17,8.229286,Training,1.399898,2.731273,3.709490,5.473996,7.334302,8.682316,9.780975,11.811743,15.310711,18.060354,23.635736
2006-01-18,8.053446,Training,1.443346,2.943677,3.989439,6.025372,7.997922,9.265633,10.457938,12.845085,16.241722,18.552830,22.481125
2006-01-19,7.666600,Validation,1.053663,2.180308,2.903739,4.420253,5.950417,6.992755,8.036811,9.955980,12.661905,14.528697,17.532896
2006-01-20,7.596264,Validation,1.115470,2.179828,2.898264,4.335245,5.816322,6.884442,7.839842,9.587158,12.070993,13.680412,16.683500
2006-01-21,7.209417,Validation,1.128337,2.182925,2.887746,4.306111,5.758282,6.813563,7.744770,9.434019,11.799590,13.244747,16.084913
2006-01-22,7.139081,Validation,1.141004,2.192146,2.899054,4.317222,5.764197,6.821915,7.734521,9.396224,11.710764,13.052405,15.842465
2006-01-23,6.752234,Validation,1.186989,2.217269,2.945195,4.381964,5.826455,6.932495,7.827741,9.466201,11.763132,13.020406,16.145248
2006-01-24,6.541227,Validation,1.205256,2.265535,3.025719,4.525954,6.038085,7.169686,8.067599,9.790516,12.160522,13.375057,16.395744
2006-01-25,6.365388,Validation,0.996319,1.955823,2.582473,3.877531,5.207357,6.195274,7.052037,8.611065,10.778894,12.009662,14.605511
2006-01-26,6.365388,Validation,1.003461,1.914617,2.544434,3.810640,5.110607,6.130978,6.957540,8.463770,10.596685,11.803640,14.751977
2006-01-27,5.943373,Validation,0.995582,1.859506,2.445497,3.717908,4.911176,5.955678,6.803465,8.254539,10.306188,11.352210,15.074896
2006-01-28,5.943373,Validation,1.005653,1.897815,2.431614,3.747152,4.935294,5.948482,6.833865,8.279901,10.313902,11.299968,15.735640
2006-01-29,5.767534,Validation,0.982512,1.859376,2.431008,3.754225,4.939326,5.985100,6.858678,8.366001,10.426187,11.337606,15.585017
2006-01-30,5.556526,Validation,1.024186,1.947474,2.617721,3.990270,5.349726,6.447136,7.285947,8.907753,11.165192,12.286440,15.735273
2006-01-31,5.169680,Validation,1.002314,1.989667,2.702529,4.157724,5.668481,6.756353,7.599853,9.411645,11.846852,13.031700,15.772426
2006-02-01,5.169680,Validation,0.975604,1.970325,2.682894,4.173675,5.713046,6.805540,7.664639,9.550941,12.045120,13.210489,15.832541
2006-02-02,5.169680,Validation,0.662567,1.419010,1.930382,3.100290,4.337754,5.271173,6.056701,7.712076,9.946222,11.116932,13.544106
2006-02-03,5.169680,Validation,0.611983,1.309603,1.674110,2.562107,3.424588,4.163077,4.852584,6.059289,7.673168,8.731978,10.867150
2006-02-04,4.818001,Validation,0.632395,1.260662,1.654263,2.487930,3.346210,4.142196,4.761358,5.893140,7.475406,8.521944,11.019442
2006-02-05,4.818001,Validation,0.644580,1.247972,1.648476,2.474663,3.316956,4.137522,4.741724,5.844296,7.407425,8.438411,11.208276
2006-02-06,4.466322,Validation,0.633679,1.240578,1.638703,2.459652,3.303925,4.115291,4.716580,5.821620,7.381204,8.406468,11.074042
2006-02-07,4.466322,Validation,0.607159,1.223534,1.608270,2.420724,3.259892,4.043468,4.646573,5.762867,7.315683,8.335127,10.782453
2006-02-08,4.395986,Validation,0.592839,1.230939,1.600389,2.423232,3.255294,4.013364,4.635739,5.769668,7.324720,8.340374,10.620944
2006-02-09,4.149811,Validation,0.588914,1.221390,1.588617,2.406674,3.234032,3.992551,4.610695,5.740945,7.293048,8.311237,10.608929
2006-02-10,4.114643,Validation,0.568924,1.233198,1.576096,2.415105,3.228514,3.946734,4.599244,5.761513,7.313245,8.349984,10.481880
2006-02-11,4.114643,Validation,0.557880,1.223219,1.565950,2.396979,3.217384,3.912640,4.568856,5.745358,7.293112,8.371534,10.477070
2006-02-12,3.798132,Validation,0.575898,1.240392,1.587184,2.429870,3.243375,3.967860,4.617180,5.774912,7.322679,8.360266,10.514756
2006-02-13,3.798132,Validation,0.559071,1.225265,1.566847,2.397880,3.217635,3.911152,4.563515,5.735503,7.274177,8.353488,10.467321
2006-02-14,3.762964,Validation,0.579688,1.252240,1.597446,2.448520,3.265183,3.988152,4.641067,5.799738,7.344515,8.384139,10.524709
2006-02-15,3.657460,Validation,0.583698,1.273042,1.609699,2.479177,3.317203,4.037157,4.699749,5.870556,7.449920,8.530244,10.749317
2006-02-16,3.798132,Validation,0.582207,1.306780,1.650608,2.535309,3.472511,4.151392,4.826999,6.065686,7.780422,9.156651,11.732634
2006-02-17,4.114643,Validation,0.581099,1.383938,1.816694,2.872091,4.001608,4.886525,5.718460,7.221871,9.786062,12.005611,16.008242
2006-02-18,4.923504,Validation,0.417271,1.487564,1.998783,3.476299,5.095367,6.648218,7.767279,10.506606,15.484097,19.719957,29.719265
2006-02-19,11.640571,Validation,0.854144,2.367404,3.098819,5.268438,7.563501,9.454867,11.003611,14.533476,20.951368,26.062712,38.745754
2006-02-20,11.781242,Validation,1.543220,3.350395,4.532146,7.023184,9.537853,11.379475,12.876376,16.079321,21.367535,25.963825,34.844837
2006-02-21,10.409695,Validation,2.035706,3.963356,5.461634,8.083806,10.589829,12.490637,13.809483,16.788700,21.416586,25.257643,31.854208
2006-02-22,9.495330,Validation,2.344943,4.168131,5.569742,8.087434,10.201791,12.154191,13.445919,15.964718,19.633755,22.423939,30.712358
2006-02-23,8.791972,Validation,2.449198,4.336208,5.710174,8.161332,10.269701,12.072200,13.332552,15.624574,18.973419,21.459272,28.603245
2006-02-24,8.440293,Validation,2.581179,4.596794,5.919670,8.459311,10.662300,12.336862,13.584622,15.802317,19.152302,21.795143,29.296858
2006-02-25,10.796542,Validation,2.547906,4.833920,6.646002,9.667052,12.847829,15.113152,16.644207,20.273838,25.732473,31.756479,46.265617
2006-02-26,15.087024,Validation,3.116373,5.869903,7.732370,11.460973,14.523841,16.998119,18.804192,22.532530,28.849197,34.266777,50.418739
2006-02-27,13.363797,Validation,3.124200,5.748029,7.946740,11.289194,14.333165,16.725338,18.080273,21.611156,26.886652,31.260971,40.099155
2006-02-28,11.851578,Validation,3.383892,6.002838,8.255529,11.514673,14.374593,16.694637,17.891876,21.074688,25.599478,29.098612,37.189842
2006-03-01,10.972381,Validation,3.318157,5.863641,8.000977,11.066825,13.777066,15.911553,17.050652,19.946211,23.922659,26.802023,33.352463
2006-03-02,10.374527,Validation,3.218840,5.776597,7.768786,10.747483,13.389216,15.322420,16.443836,19.165028,22.813080,25.179277,30.693520
2006-03-03,10.058016,Validation,3.303673,6.577974,8.556994,12.192090,15.400260,16.930393,18.428062,21.878126,26.581833,30.322580,37.900383
2006-03-04,15.087024,Validation,2.441693,5.965336,8.276108,13.256777,17.842649,21.060965,23.822399,30.337650,39.213158,47.833130,67.961586
2006-03-05,24.547186,Validation,5.346251,9.771567,13.420235,18.967852,23.390976,27.180225,28.738710,34.443562,42.577526,48.355129,65.244362
2006-03-06,18.181798,Validation,4.611222,8.381523,11.376149,15.981722,19.474001,22.405132,23.648083,27.995424,33.787651,37.855839,48.344666
2006-03-07,15.192528,Validation,5.430726,10.036843,13.275034,17.979742,21.936094,23.982340,25.375582,29.567247,34.842869,38.919205,48.517719
2006-03-08,13.469301,Validation,3.115428,5.947309,8.089533,11.546085,14.829211,16.444366,17.806040,21.372242,25.746323,29.025204,35.337811
2006-03-09,12.414264,Validation,2.061867,4.215358,5.610404,8.402193,11.107232,12.369164,13.675531,16.715694,20.601460,23.701452,29.038836
2006-03-10,11.851578,Validation,1.332478,2.806706,3.724909,5.727142,7.556749,8.743876,9.893673,12.194371,15.308314,17.595879,21.186693
2006-03-11,11.007549,Validation,1.133057,2.406503,3.280644,5.004717,6.873006,7.807928,8.899398,11.099696,14.125479,16.303623,19.672028
2006-03-12,10.480031,Validation,1.208785,2.523670,3.421184,5.162694,7.031709,7.943844,9.005290,11.136174,14.000039,15.900923,19.081696
2006-03-13,10.022848,Validation,1.118832,2.358486,3.208352,4.879980,6.718841,7.564192,8.594037,10.690432,13.478836,15.128968,18.102129
2006-03-14,9.530498,Validation,0.955656,2.065909,2.867479,4.462461,6.277678,7.070371,8.073961,10.225640,13.020769,14.495172,17.255033
2006-03-15,9.038147,Validation,0.871178,1.911034,2.634016,4.104484,5.774043,6.511374,7.483818,9.467635,12.088726,13.407864,16.015387
2006-03-16,8.686468,Validation,0.983212,2.117439,2.833407,4.252196,5.839130,6.544278,7.489135,9.222416,11.582062,12.737852,15.384736
2006-03-17,8.827140,Validation,1.241672,2.666090,3.576655,5.279963,7.185544,8.250224,9.299360,11.383674,14.289757,16.810371,21.249809
2006-03-18,10.620702,Validation,0.722587,2.192005,3.108653,5.238068,7.584505,9.159356,10.556587,13.611513,19.187103,24.317486,35.633614
2006-03-19,15.825550,Validation,1.105002,3.020807,4.014489,6.838838,9.377238,11.244693,12.836173,16.355585,22.240273,27.405661,38.299931
2006-03-20,23.351478,Validation,1.448080,3.661607,4.860633,8.010885,10.809846,12.634709,14.290052,17.999311,23.715593,28.986868,39.106056
2006-03-21,26.586923,Validation,2.154572,5.057806,6.587218,10.460507,13.660583,15.612253,17.448776,21.569546,27.425514,32.837311,42.874077
2006-03-22,26.938602,Validation,2.547667,5.733071,7.323468,11.227030,14.353392,16.177197,18.014734,21.896856,27.317478,32.498344,41.426426
2006-03-23,29.154179,Validation,1.426450,4.147283,5.600608,9.112818,12.929418,15.367069,17.621056,23.044079,30.612070,39.229904,54.230186
2006-03-24,46.597451,Validation,2.505196,6.518254,8.615046,13.784192,19.182957,22.061739,25.859140,32.802853,44.114990,54.305241,74.140244
2006-03-25,38.825348,Validation,3.030634,6.765539,9.012172,13.506620,17.851950,19.815382,22.554199,27.607689,35.185047,40.851662,52.533382
2006-03-26,30.490559,Validation,3.626047,7.566744,10.231546,14.751444,18.877058,20.662836,22.781961,27.518126,34.092178,38.303055,47.881222
2006-03-27,25.707726,Validation,4.939314,9.637735,12.445997,16.920961,20.977417,22.172131,23.955978,27.825432,33.201782,37.230614,46.711731
2006-03-28,21.944762,Validation,4.729314,8.999253,11.407993,15.555329,18.398796,20.023369,21.650469,24.784985,28.735798,31.969221,38.116463
2006-03-29,19.060995,Validation,4.273343,8.280011,10.333294,14.335885,16.991724,18.487226,20.116150,23.047533,26.811323,29.960123,35.904205
2006-03-30,17.794951,Validation,3.243556,6.541319,8.550654,12.097679,15.534056,16.456720,18.145741,21.504770,26.229006,29.707096,37.518295
2006-03-31,16.177228,Validation,3.595159,6.894674,9.101837,12.603762,15.840940,17.022226,18.572718,21.845570,26.259642,28.920649,35.551266
2006-04-01,14.418834,Training,4.097908,7.663505,9.864284,13.369411,16.334589,17.582106,18.987089,21.885426,25.598623,27.936882,33.916500
2006-04-02,13.187958,Training,3.938761,7.373017,9.525703,12.846893,15.873100,16.972200,18.336508,21.183006,24.785864,26.744055,32.617825
2006-04-03,12.308761,Training,3.852119,7.185668,9.371878,12.577698,15.703324,16.739210,18.095304,20.996571,24.509186,25.893150,31.518826
2006-04-04,11.570235,Training,3.819100,7.166347,9.247266,12.438652,15.586626,16.541658,17.883976,20.652973,24.041254,25.340879,30.970385
2006-04-05,11.042717,Training,2.630367,5.237544,6.691799,9.400320,11.974961,12.920518,14.244556,16.636454,19.865328,22.037333,26.912033
2006-04-06,13.645140,Training,1.747418,3.834530,5.093085,7.569621,10.092693,11.216075,12.655591,15.315512,19.492043,23.320425,30.119799
2006-04-07,14.067155,Training,1.485170,3.420573,4.595808,7.056836,9.479447,10.629394,12.002511,14.750885,19.098530,22.578388,29.438469
2006-04-08,12.273593,Training,1.507510,3.271368,4.387890,6.473094,8.618718,9.622570,10.875170,13.192658,16.674633,19.377914,24.314844
2006-04-09,11.957082,Training,1.432804,3.215801,4.172950,6.160989,8.266847,9.106282,10.299178,12.421223,15.639237,18.575026,23.959248
2006-04-10,13.785812,Training,1.414984,3.078319,3.951492,5.743367,7.458313,8.390837,9.543553,11.384068,14.159359,16.611332,20.667295
2006-04-11,12.449432,Training,1.639635,3.417290,4.301817,6.160496,7.718717,8.717628,9.883304,11.530579,13.944263,16.044035,19.375534
2006-04-12,11.781242,Training,1.448211,3.078520,3.887623,5.492415,7.030720,7.849762,8.895610,10.398455,12.628278,14.491387,17.943579
2006-04-13,11.042717,Training,1.385040,2.986042,3.778819,5.332463,6.872894,7.618471,8.677499,10.182878,12.391384,14.005400,17.378593
2006-04-14,10.550366,Training,1.359479,2.989721,3.840631,5.490103,7.200566,7.932283,9.079223,10.779860,13.304190,15.446760,19.495451
2006-04-15,12.308761,Training,1.318531,3.074147,3.891592,5.707393,7.541351,8.351626,9.458298,11.295285,14.218075,16.961327,22.368410
2006-04-16,11.253724,Training,1.454151,3.301519,4.148957,6.039749,7.865446,8.738521,9.896333,11.746105,14.656523,17.470417,22.538137
2006-04-17,10.937213,Training,1.420686,3.176985,4.052304,5.822844,7.501990,8.420103,9.547253,11.297115,14.027572,16.568867,21.052147
2006-04-18,10.515198,Training,1.452790,3.192749,4.075031,5.774011,7.426542,8.287017,9.399065,11.060402,13.612742,15.861959,19.995745
2006-04-19,10.022848,Training,1.561475,3.405323,4.297414,6.027859,7.712091,8.503360,9.652205,11.270061,13.751760,15.849504,19.893656
2006-04-20,9.882176,Training,1.663647,3.638434,4.491490,6.350618,8.110055,8.853882,10.025914,11.642496,14.149900,16.545248,20.930021
2006-04-21,10.655870,Training,1.617294,3.652934,4.526555,6.539979,8.365415,9.242754,10.460431,12.266789,15.194931,18.189459,23.354467
2006-04-22,10.304191,Training,1.426201,3.344069,4.314085,6.242855,8.120738,9.037198,10.308398,12.333614,15.535485,18.246239,23.566641
2006-04-23,9.565666,Training,1.270944,3.064114,4.090072,5.947119,7.780546,8.671297,9.971841,12.082753,15.193185,17.429134,21.911123
2006-04-24,9.178819,Training,1.066838,2.728873,3.644899,5.351889,7.003446,7.843730,9.067930,11.036436,13.890236,15.860363,19.949266
2006-04-25,8.932644,Training,0.862283,2.338114,3.061954,4.500301,5.838332,6.587932,7.653983,9.282838,11.591209,13.150558,16.617268
2006-04-26,8.545797,Training,0.920051,2.421493,3.151527,4.596401,5.923609,6.653113,7.720762,9.303290,11.516201,12.942041,16.193356
2006-04-27,8.088614,Training,1.035606,2.619671,3.384168,4.886779,6.271137,6.985619,8.104546,9.690149,11.921901,13.324672,16.527418
2006-04-28,7.983111,Training,1.053353,2.555556,3.262211,4.659492,5.981480,6.659062,7.714906,9.176879,11.226152,12.570121,15.655622
2006-04-29,7.631432,Training,1.223597,2.797523,3.522653,4.956710,6.329685,6.995131,8.066552,9.471304,11.499768,12.879601,15.986851
2006-04-30,7.209417,Training,1.242346,2.826970,3.549166,4.989809,6.354946,7.020742,8.096369,9.479675,11.498232,12.855634,15.923073
2006-05-01,7.174249,Training,1.082332,2.601281,3.301391,4.713698,6.013979,6.688250,7.754293,9.169811,11.181622,12.423894,15.368815
2006-05-02,6.787402,Training,0.972978,2.465764,3.169550,4.603339,5.888488,6.585128,7.667071,9.148882,11.235418,12.423949,15.269766
2006-05-03,7.209417,Training,0.919796,2.324399,2.989680,4.398864,5.764742,6.360524,7.417866,8.940819,11.040446,12.562155,15.765225
2006-05-04,10.058016,Training,0.842210,2.212547,2.816442,4.173047,5.560525,6.163424,7.183617,8.722180,10.986105,12.722420,16.427219
2006-05-05,8.299622,Training,0.843581,2.103183,2.706483,3.961768,5.219710,5.904928,6.859564,8.320273,10.460697,12.005886,15.297167
2006-05-06,7.596264,Training,0.843777,2.096261,2.706085,3.944184,5.199021,5.874660,6.819543,8.252901,10.361063,11.888836,15.172104
2006-05-07,7.209417,Training,1.038829,2.395343,3.030063,4.340939,5.627591,6.338166,7.319599,8.681818,10.762497,12.418631,15.554552
2006-05-08,6.787402,Training,1.123471,2.556091,3.224921,4.605829,5.951564,6.665579,7.711411,9.122904,11.275274,12.922109,16.031898
2006-05-09,6.646731,Training,0.808427,2.051574,2.666386,3.937445,5.193645,5.866843,6.880060,8.396120,10.564706,11.960364,14.967725
2006-05-10,6.295052,Training,0.202948,0.910894,1.216377,1.953234,2.594309,3.158363,3.784523,4.925899,6.359363,7.200490,9.433156
2006-05-11,5.943373,Training,0.152858,0.828900,1.109045,1.808572,2.416444,2.953210,3.548821,4.646422,6.023376,6.816259,9.004381
2006-05-12,5.591694,Training,0.199521,0.879155,1.164132,1.861981,2.487896,3.022008,3.622253,4.716715,6.084321,6.887901,9.080498
2006-05-13,5.556526,Training,0.176257,0.844238,1.128585,1.818740,2.421133,2.958297,3.550936,4.642063,5.990158,6.758299,8.878166
2006-05-14,5.204847,Training,0.149764,0.823045,1.107305,1.806034,2.397524,2.937585,3.530928,4.623802,5.971498,6.721702,8.804551
2006-05-15,5.169680,Training,0.137461,0.825365,1.113092,1.828671,2.420557,2.965429,3.564916,4.666366,6.023165,6.770787,8.838568
2006-05-16,4.993840,Training,0.117776,0.817550,1.107771,1.840455,2.431194,2.981262,3.581565,4.692051,6.058656,6.800361,8.859838
2006-05-17,4.818001,Training,0.096444,0.805433,1.095271,1.841970,2.431129,2.983865,3.585440,4.707120,6.090315,6.835261,8.906316
2006-05-18,4.642161,Training,0.217935,0.958331,1.271891,2.034234,2.686873,3.241419,3.882370,5.007951,6.415495,7.228069,9.380911
2006-05-19,4.466322,Training,0.294464,1.047211,1.367659,2.135947,2.825031,3.376680,4.032990,5.149147,6.567098,7.414235,9.615537
2006-05-20,4.466322,Training,0.356190,1.154122,1.473699,2.280133,3.026015,3.568651,4.255862,5.369537,6.840621,7.762934,10.089206
2006-05-21,4.466322,Training,0.369976,1.203613,1.536310,2.383750,3.167844,3.717643,4.462557,5.642231,7.234234,8.278361,10.726995
2006-05-22,4.466322,Training,0.413866,1.206098,1.483233,2.287470,3.045150,3.579873,4.261671,5.350148,6.868465,7.996606,10.432225
2006-05-23,4.431154,Training,0.211201,0.794536,1.019704,1.609312,2.171820,2.670425,3.200761,4.160966,5.473187,6.299709,8.478598
2006-05-24,4.114643,Training,0.109619,0.643979,0.871425,1.408686,1.904069,2.385168,2.886300,3.847083,5.086602,5.789286,7.883141
2006-05-25,4.044307,Training,0.027377,0.601083,0.846555,1.442586,1.935629,2.438455,2.959852,3.981420,5.263268,5.965755,8.019006
2006-05-26,3.727796,Training,-0.077059,0.451068,0.668896,1.219165,1.636049,2.116055,2.581723,3.560519,4.757627,5.363155,7.291850
2006-05-27,3.411285,Training,-0.136064,0.331762,0.523143,1.000289,1.351787,1.793920,2.202068,3.110167,4.202791,4.731786,6.582289
2006-05-28,3.200278,Training,-0.166954,0.269923,0.449210,0.889955,1.208665,1.630252,2.009841,2.883993,3.928388,4.426360,6.251942
2006-05-29,3.340949,Training,-0.165975,0.270429,0.448180,0.884503,1.200863,1.620360,2.001487,2.873545,3.921023,4.427583,6.259771
2006-05-30,3.024438,Training,-0.099428,0.358417,0.546714,0.998465,1.354864,1.784904,2.200661,3.085223,4.172836,4.728705,6.600568
2006-05-31,2.778263,Training,-0.004507,0.459239,0.655100,1.106085,1.503239,1.934513,2.373175,3.257442,4.353410,4.931212,6.835033
2006-06-01,2.567256,Training,-0.014352,0.440099,0.630263,1.069868,1.451905,1.876772,2.307808,3.172715,4.238118,4.780931,6.623043
2006-06-02,2.461752,Training,-0.079172,0.360551,0.540662,0.966490,1.310717,1.726678,2.135722,2.978597,4.008386,4.507694,6.276277
2006-06-03,2.321081,Training,-0.101154,0.334020,0.511123,0.932480,1.265650,1.678288,2.078567,2.915974,3.937683,4.428541,6.186969
2006-06-04,2.250745,Training,-0.115203,0.321787,0.498670,0.923261,1.252623,1.666226,2.063647,2.905406,3.931466,4.422806,6.184906
2006-06-05,2.039737,Training,-0.135388,0.309415,0.488045,0.926310,1.253817,1.673890,2.070461,2.926804,3.967873,4.457158,6.224576
2006-06-06,1.793562,Training,-0.152400,0.295648,0.476126,0.923189,1.247973,1.671762,2.066710,2.935964,3.989837,4.478551,6.257719
2006-06-07,1.582555,Training,-0.154786,0.303046,0.488223,0.948318,1.279222,1.709260,2.114427,3.006078,4.093777,4.606915,6.420902
2006-06-08,1.371548,Training,-0.148623,0.316492,0.507333,0.980547,1.323949,1.760795,2.175956,3.086401,4.205849,4.741745,6.581190
2006-06-09,1.230876,Training,-0.067968,0.471227,0.690659,1.250062,1.684175,2.155039,2.655275,3.662532,4.944766,5.622569,7.601874
2006-06-10,1.230876,Training,-0.170870,0.147146,0.276901,0.535636,0.763735,1.079245,1.364463,2.011792,2.802643,3.200371,4.877670
2006-06-11,1.406716,Training,-0.231110,0.035318,0.134204,0.325592,0.494538,0.755718,0.968610,1.499071,2.125772,2.443943,3.992342
2006-06-12,1.371548,Training,-0.269330,0.008559,0.076231,0.262091,0.417657,0.641354,0.830503,1.304787,1.885154,2.228815,3.850137
2006-06-13,1.230876,Training,-0.269358,0.005601,0.067746,0.245885,0.405174,0.616069,0.795676,1.263588,1.850313,2.244032,3.982089
2006-06-14,1.723227,Training,-0.307655,-0.031759,0.021563,0.194806,0.339149,0.533088,0.687193,1.129040,1.703370,2.150300,4.023898
2006-06-15,2.321081,Training,-0.315960,-0.025506,0.051868,0.242431,0.414983,0.640927,0.819133,1.347186,2.084474,2.633491,4.848906
2006-06-16,2.391416,Training,-0.304838,0.009190,0.103752,0.334572,0.538581,0.800613,1.016495,1.638691,2.544333,3.216091,5.710719
2006-06-17,2.250745,Training,-0.313581,0.038049,0.151528,0.448407,0.686836,0.999075,1.263775,2.006488,3.147406,3.977368,6.832273
2006-06-18,2.707927,Training,-0.300367,0.051390,0.202438,0.501791,0.737159,1.098831,1.391829,2.194658,3.421290,4.210734,6.949763
2006-06-19,2.637592,Training,-0.277595,0.091499,0.254935,0.582704,0.831184,1.217416,1.540619,2.386670,3.649621,4.439822,7.056415
2006-06-20,2.145241,Training,-0.235831,0.161145,0.344822,0.718614,1.002378,1.423127,1.792713,2.706405,4.041830,4.856858,7.405789
2006-06-21,1.758394,Training,-0.234855,0.164244,0.339119,0.715150,0.985058,1.395703,1.764104,2.656381,3.911727,4.642423,6.969438
2006-06-22,1.512219,Training,-0.240536,0.156609,0.323782,0.697456,0.955090,1.355225,1.718724,2.591817,3.789843,4.459953,6.653845
2006-06-23,1.230876,Training,-0.242061,0.153336,0.315990,0.687685,0.939555,1.332906,1.694072,2.555929,3.722063,4.359535,6.482833
2006-06-24,0.914365,Training,-0.185208,0.240368,0.408124,0.808955,1.108150,1.511561,1.916540,2.810833,4.039578,4.732019,6.910834
2006-06-25,0.808861,Training,-0.147588,0.275120,0.453004,0.854810,1.165927,1.577176,1.992449,2.893785,4.104414,4.772637,6.863231
2006-06-26,0.703358,Training,-0.140625,0.284041,0.459885,0.864471,1.176782,1.586261,2.004409,2.896762,4.082874,4.718426,6.737420
2006-06-27,0.633022,Training,-0.172946,0.241837,0.410791,0.804849,1.095366,1.496925,1.897069,2.767521,3.919261,4.516119,6.479888
2006-06-28,0.422015,Training,-0.181311,0.227007,0.392927,0.780686,1.064894,1.461159,1.853169,2.712099,3.844989,4.423193,6.360536
2006-06-29,0.386847,Training,-0.199566,0.192334,0.350622,0.718704,0.985320,1.367954,1.739929,2.571856,3.665534,4.217190,6.124399
2006-06-30,0.351679,Training,-0.246759,0.098543,0.234069,0.541746,0.754470,1.093179,1.408210,2.161118,3.144592,3.650328,5.513148
2006-07-01,0.246175,Training,-0.252371,0.082660,0.214559,0.511565,0.719602,1.048880,1.354005,2.095160,3.070724,3.583550,5.454532
2006-07-02,0.140672,Training,-0.236792,0.096577,0.222861,0.514342,0.732944,1.053015,1.361232,2.096843,3.087756,3.632808,5.555919
2006-07-03,0.140672,Training,-0.220133,0.082524,0.202845,0.447843,0.649330,0.948717,1.225283,1.891576,2.757401,3.219141,5.016607
2006-07-04,0.140672,Training,-0.231554,0.089996,0.181608,0.440882,0.655818,0.926217,1.200717,1.854707,2.733445,3.268651,5.232612
2006-07-05,0.140672,Training,-0.219091,0.054671,0.166183,0.374367,0.565404,0.840014,1.084297,1.706623,2.530915,3.007703,4.860708
2006-07-06,0.175839,Training,-0.239701,-0.036894,0.022932,0.125720,0.253294,0.436877,0.575029,0.968174,1.438888,1.750046,3.305184
2006-07-07,0.175839,Training,-0.276130,-0.056523,0.014572,0.140493,0.271709,0.474988,0.622398,1.051751,1.578209,1.896956,3.500288
2006-07-08,0.175839,Training,-0.285641,-0.066023,0.001679,0.127858,0.253695,0.454322,0.597531,1.020053,1.531834,1.837987,3.418682
2006-07-09,0.175839,Training,-0.295692,-0.077291,-0.012546,0.111766,0.232149,0.427762,0.565562,0.980286,1.476526,1.775903,3.346691
2006-07-10,0.175839,Training,-0.308694,-0.092188,-0.029403,0.093187,0.207587,0.396972,0.529104,0.935719,1.415201,1.708701,3.273305
2006-07-11,0.140672,Training,-0.313065,-0.089617,-0.029946,0.095578,0.211883,0.399935,0.533387,0.940001,1.429269,1.732553,3.332854
2006-07-12,0.140672,Training,-0.315201,-0.090456,-0.030743,0.093862,0.209849,0.396930,0.530535,0.938555,1.431859,1.742010,3.361593
2006-07-13,0.140672,Training,-0.329563,-0.086136,-0.036226,0.101005,0.220915,0.402958,0.537952,0.941574,1.447696,1.777051,3.463962
2006-07-14,0.140672,Training,-0.348251,-0.091397,-0.048714,0.095485,0.216022,0.392069,0.521612,0.919678,1.438712,1.803843,3.599417
2006-07-15,0.140672,Training,-0.332103,-0.110063,-0.045671,0.074057,0.191366,0.379070,0.502424,0.914278,1.433358,1.783909,3.534051
2006-07-16,0.140672,Training,-0.338298,-0.119528,-0.050846,0.070658,0.186469,0.375851,0.501821,0.918345,1.438215,1.783675,3.514669
2006-07-17,0.105504,Training,-0.356061,-0.119511,-0.046355,0.096957,0.220176,0.420491,0.561453,1.007332,1.587061,1.959113,3.791607
2006-07-18,0.140672,Training,-0.324678,-0.074041,-0.001497,0.152295,0.295724,0.510753,0.673121,1.148869,1.792968,2.194131,4.087089
2006-07-19,0.140672,Training,-0.344298,-0.076593,-0.027247,0.142405,0.285895,0.480752,0.635475,1.092342,1.737523,2.229978,4.316701
2006-07-20,0.140672,Training,-0.338750,-0.094729,-0.002661,0.145657,0.289504,0.520537,0.680647,1.192523,1.913733,2.386086,4.500462
2006-07-21,0.105504,Training,-0.324669,-0.083841,0.010857,0.164088,0.310322,0.547141,0.717165,1.237232,1.956171,2.411228,4.418622
2006-07-22,0.105504,Training,-0.317732,-0.059529,0.053440,0.236202,0.402882,0.668069,0.874557,1.477884,2.347593,2.895213,5.067235
2006-07-23,0.105504,Training,-0.321916,-0.081331,0.009013,0.170540,0.317714,0.555538,0.732453,1.249750,1.948942,2.352458,4.232587
2006-07-24,0.105504,Training,-0.320375,-0.081151,0.005415,0.164507,0.309012,0.541903,0.719254,1.228619,1.906825,2.289430,4.115014
2006-07-25,0.105504,Training,-0.308054,-0.069121,0.017739,0.176411,0.325554,0.560201,0.743467,1.257238,1.942314,2.324185,4.137161
2006-07-26,0.105504,Training,-0.300425,-0.057924,0.027988,0.189798,0.344330,0.580335,0.771217,1.290111,1.984695,2.364299,4.169465
2006-07-27,0.105504,Training,-0.274719,-0.027640,0.060142,0.227951,0.397972,0.638791,0.845931,1.381983,2.105017,2.497179,4.317125
2006-07-28,0.070336,Training,-0.279303,-0.039563,0.050533,0.213554,0.376973,0.618430,0.820839,1.350718,2.054776,2.425710,4.188877
2006-07-29,0.070336,Training,-0.292610,-0.053541,0.034244,0.195207,0.352646,0.590321,0.788986,1.311374,2.003700,2.363479,4.109254
2006-07-30,0.070336,Training,-0.297188,-0.061555,0.025006,0.183236,0.339413,0.573993,0.768995,1.286594,1.974716,2.334625,4.082085
2006-07-31,0.035168,Training,-0.295398,-0.070810,0.008544,0.151226,0.300105,0.519910,0.704457,1.203824,1.868661,2.241982,3.991689
2006-08-01,0.035168,Training,-0.304748,-0.088916,-0.015454,0.119913,0.261518,0.471236,0.643427,1.128624,1.773893,2.152127,3.890101
2006-08-02,0.035168,Training,-0.308935,-0.100586,-0.030002,0.094447,0.232517,0.436194,0.592203,1.036947,1.620698,1.941944,3.611223
2006-08-03,0.035168,Training,-0.311406,-0.103355,-0.031517,0.094750,0.234948,0.440314,0.597868,1.048055,1.644318,1.972355,3.657817
2006-08-04,0.035168,Training,-0.302011,-0.095977,-0.022934,0.103467,0.248775,0.455832,0.618535,1.078478,1.694943,2.039914,3.747146
2006-08-05,0.000000,Training,-0.317171,-0.113020,-0.041358,0.087260,0.228979,0.433963,0.593075,1.055362,1.679114,2.033883,3.749151
2006-08-06,0.035168,Training,-0.330355,-0.133547,-0.069049,0.055686,0.189808,0.382821,0.531526,0.992039,1.618672,2.018973,3.765920
2006-08-07,0.035168,Training,-0.286940,-0.130695,-0.104514,-0.052223,0.056428,0.181852,0.262546,0.546130,0.892894,1.159734,2.645784
2006-08-08,0.000000,Training,-0.281447,-0.128678,-0.103798,-0.054474,0.055385,0.178814,0.258693,0.539558,0.884882,1.154513,2.642174
2006-08-09,0.000000,Training,-0.282257,-0.131533,-0.108343,-0.060978,0.048451,0.169233,0.247194,0.523452,0.863329,1.131858,2.615087
2006-08-10,0.000000,Training,-0.287723,-0.138100,-0.116851,-0.070872,0.037179,0.154414,0.229287,0.499462,0.830993,1.097345,2.576019
2006-08-11,0.000000,Training,-0.288142,-0.140542,-0.121045,-0.077173,0.030870,0.145037,0.217818,0.483531,0.810392,1.078084,2.558626
2006-08-12,0.000000,Training,-0.283412,-0.139092,-0.121248,-0.080234,0.028839,0.140549,0.212208,0.474670,0.799406,1.070219,2.553432
2006-08-13,0.000000,Training,-0.265294,-0.127982,-0.111594,-0.075491,0.037033,0.146754,0.219518,0.480873,0.806762,1.084818,2.570806
2006-08-14,0.000000,Training,-0.263050,-0.128681,-0.114838,-0.081244,0.031003,0.137209,0.207988,0.463600,0.782340,1.059592,2.538187
2006-08-15,0.000000,Training,-0.236064,-0.112109,-0.099171,-0.072019,0.045148,0.148589,0.220700,0.475298,0.793132,1.078315,2.558288
2006-08-16,0.035168,Training,-0.146933,-0.046704,-0.049667,-0.022111,0.136830,0.221112,0.295798,0.563467,0.918935,1.362440,3.219831
2006-08-17,0.070336,Training,-0.202946,-0.055647,-0.046563,-0.013594,0.148826,0.247172,0.319582,0.614376,1.057307,1.516405,3.629816
2006-08-18,0.105504,Training,-0.212199,-0.079926,-0.080674,-0.046754,0.128141,0.213792,0.279324,0.575193,1.022186,1.576148,3.921734
2006-08-19,0.070336,Training,-0.264790,-0.119939,-0.078573,-0.044291,0.118633,0.236033,0.311542,0.649487,1.185005,1.726971,4.139527
2006-08-20,0.035168,Training,-0.278915,-0.142768,-0.102249,-0.071421,0.073774,0.188871,0.264850,0.582474,1.056672,1.543982,3.668609
2006-08-21,0.035168,Training,-0.332397,-0.185565,-0.139380,-0.096013,0.042410,0.169438,0.249184,0.584466,1.088778,1.566824,3.668727
2006-08-22,0.035168,Training,-0.329922,-0.184933,-0.150630,-0.105626,0.023692,0.145321,0.226515,0.543131,0.997959,1.411592,3.305424
2006-08-23,0.000000,Training,-0.319279,-0.178982,-0.151775,-0.109241,0.017521,0.134154,0.216510,0.521600,0.949639,1.334520,3.128842
2006-08-24,0.000000,Training,-0.291388,-0.160678,-0.138126,-0.101140,0.028484,0.141318,0.226534,0.526401,0.941863,1.318993,3.060720
2006-08-25,0.000000,Training,-0.281315,-0.155757,-0.137491,-0.103876,0.025584,0.134629,0.219561,0.511336,0.912415,1.278258,2.976281
2006-08-26,0.000000,Training,-0.277991,-0.156016,-0.141188,-0.110206,0.018337,0.123876,0.207334,0.491035,0.879277,1.235544,2.899738
2006-08-27,0.000000,Training,-0.293968,-0.170291,-0.158275,-0.127250,-0.002584,0.099456,0.178724,0.452579,0.826843,1.170620,2.808957
2006-08-28,0.000000,Training,-0.300577,-0.177510,-0.167407,-0.137439,-0.014064,0.084575,0.161068,0.428357,0.793175,1.132055,2.759260
2006-08-29,0.000000,Training,-0.290838,-0.172740,-0.164262,-0.137371,-0.012120,0.083842,0.159892,0.424708,0.786403,1.128812,2.752125
2006-08-30,0.000000,Training,-0.297269,-0.179632,-0.172186,-0.145717,-0.021165,0.072807,0.147255,0.408281,0.765588,1.105250,2.722546
2006-08-31,0.000000,Training,-0.312556,-0.193120,-0.185649,-0.158018,-0.034900,0.057398,0.129986,0.387783,0.741370,1.077733,2.695289
2006-09-01,0.000000,Training,-0.319642,-0.200863,-0.192734,-0.164553,-0.040688,0.051228,0.123523,0.382620,0.740326,1.082395,2.711614
2006-09-02,0.000000,Training,-0.321616,-0.204765,-0.193769,-0.163567,-0.036127,0.060848,0.137049,0.408335,0.790534,1.150037,2.804855
2006-09-03,0.000000,Training,-0.337012,-0.219335,-0.209598,-0.176596,-0.048274,0.044975,0.120643,0.393959,0.782821,1.170329,2.861657
2006-09-04,0.000000,Training,-0.332828,-0.217387,-0.210263,-0.184559,-0.060531,0.025834,0.093099,0.340704,0.680602,1.014861,2.627690
2006-09-05,0.000000,Training,-0.323263,-0.213285,-0.215179,-0.194387,-0.070124,-0.003393,0.054104,0.278698,0.579364,0.921170,2.529509
2006-09-06,0.000000,Training,-0.287598,-0.182401,-0.193275,-0.182932,-0.062489,-0.008850,0.039478,0.228044,0.469187,0.755748,2.258310
2006-09-07,0.000000,Training,-0.271947,-0.172021,-0.186947,-0.180113,-0.058371,-0.009987,0.036334,0.218281,0.450939,0.738341,2.228899
2006-09-08,0.000000,Training,-0.265290,-0.164877,-0.184092,-0.178286,-0.053783,-0.008867,0.037648,0.216636,0.449192,0.740117,2.238197
2006-09-09,0.000000,Training,-0.270450,-0.158179,-0.185904,-0.176124,-0.044825,-0.004435,0.043419,0.222956,0.465646,0.770207,2.323225
2006-09-10,0.000000,Training,-0.234872,-0.148444,-0.169148,-0.170142,-0.043730,-0.000447,0.045823,0.224618,0.454837,0.754469,2.237516
2006-09-11,0.000000,Training,-0.180417,-0.111915,-0.136535,-0.146436,-0.012867,0.025874,0.075431,0.254592,0.485070,0.801792,2.292389
2006-09-12,0.000000,Training,-0.179765,-0.111306,-0.137734,-0.148054,-0.012778,0.024149,0.074272,0.253127,0.485303,0.804065,2.303490
2006-09-13,0.000000,Training,-0.153269,-0.078240,-0.129492,-0.133834,0.022554,0.045671,0.092280,0.277456,0.516487,0.879372,2.525796
2006-09-14,0.035168,Training,-0.101825,-0.051389,-0.084319,-0.104361,0.046260,0.080997,0.134190,0.316776,0.570000,0.925778,2.522671
2006-09-15,0.000000,Training,-0.080130,-0.035591,-0.072052,-0.093267,0.060934,0.095806,0.152109,0.332943,0.593585,0.953446,2.557147
2006-09-16,0.000000,Training,-0.103902,-0.057869,-0.087733,-0.108639,0.044344,0.079818,0.134672,0.322698,0.584278,0.945656,2.560559
2006-09-17,0.000000,Training,-0.148241,-0.088852,-0.120226,-0.134680,0.010539,0.046593,0.100940,0.287013,0.535466,0.877159,2.440561
2006-09-18,0.000000,Training,-0.160107,-0.103511,-0.130688,-0.144754,-0.005453,0.034241,0.087923,0.272444,0.513903,0.843296,2.359833
2006-09-19,0.000000,Training,-0.170611,-0.112255,-0.139019,-0.151727,-0.014819,0.026453,0.079902,0.264072,0.504075,0.827295,2.326774
2006-09-20,0.000000,Training,-0.192079,-0.128485,-0.154363,-0.164172,-0.030689,0.012285,0.064805,0.248199,0.487196,0.801876,2.286917
2006-09-21,0.070336,Training,-0.203537,-0.085439,-0.066726,-0.082337,0.173062,0.193879,0.268088,0.507649,0.969222,1.738767,5.060034
2006-09-22,0.035168,Training,-0.338341,-0.141135,-0.138497,-0.134411,0.146779,0.196630,0.279829,0.640157,1.429428,2.380026,7.021653
2006-09-23,0.140672,Training,-0.311150,-0.148142,-0.141194,-0.158693,0.157221,0.211645,0.302894,0.709468,1.609971,2.799106,8.217465
2006-09-24,0.105504,Training,-0.360140,-0.181917,-0.182149,-0.180888,0.133216,0.188660,0.276591,0.694666,1.674259,2.871459,8.653114
2006-09-25,0.070336,Training,-0.313345,-0.140938,-0.084942,-0.110352,0.166747,0.230472,0.357019,0.763712,1.621984,2.659490,7.094498
2006-09-26,0.070336,Training,-0.275645,-0.147559,-0.105629,-0.136709,0.098806,0.142663,0.247778,0.577900,1.192448,2.016539,5.221106
2006-09-27,0.070336,Training,-0.258679,-0.149115,-0.119176,-0.149962,0.069424,0.104259,0.204819,0.506884,1.037815,1.783049,4.532319
2006-09-28,0.070336,Training,-0.208810,-0.104715,-0.106402,-0.123604,0.073976,0.118623,0.218446,0.510377,0.996730,1.607928,3.981549
2006-09-29,0.070336,Training,-0.209161,-0.104343,-0.137267,-0.142147,0.076157,0.113478,0.212060,0.526431,1.046566,1.711759,4.307014
2006-09-30,0.070336,Training,-0.383507,-0.163936,-0.111092,-0.138389,0.234424,0.287133,0.446838,0.943869,2.169564,3.769926,11.128038
2006-10-01,0.070336,Test,-0.474491,-0.187004,-0.093473,-0.058377,0.339491,0.459596,0.727660,1.492746,3.530690,5.656034,14.523129
2006-10-02,0.105504,Test,-0.350021,0.113671,0.238817,0.201257,0.961644,0.979914,1.377944,2.331360,5.226990,8.629604,26.715164
2006-10-03,0.070336,Test,-0.471308,-0.014937,0.100010,0.235969,1.020391,1.196857,1.703082,3.333311,8.386750,13.320912,35.104206
2006-10-04,0.070336,Test,-0.417981,0.010754,0.134580,0.261377,0.914588,1.081576,1.562928,2.925210,6.892318,10.727825,24.994173
2006-10-05,0.633022,Test,-0.255177,-0.041401,0.044256,0.026010,0.377508,0.470689,0.710327,1.299530,2.775937,4.342075,9.871920
2006-10-06,0.879197,Test,-0.225141,-0.068735,-0.011967,-0.042547,0.244243,0.308165,0.497447,0.957770,1.967504,3.121119,7.024096
2006-10-07,0.773694,Test,-0.277765,-0.136265,-0.100253,-0.114163,0.129861,0.182098,0.346382,0.758706,1.555127,2.523425,5.681046
2006-10-08,0.738526,Test,-0.276076,-0.136477,-0.131747,-0.121939,0.122993,0.176140,0.335471,0.753024,1.531752,2.457890,5.473608
2006-10-09,0.633022,Test,-0.278953,-0.146902,-0.129578,-0.104856,0.132221,0.207283,0.377731,0.816029,1.634507,2.581606,5.453792
2006-10-10,0.562686,Test,-0.368261,-0.259014,-0.232838,-0.203198,0.061197,0.151963,0.314871,0.812875,1.790632,2.958357,6.581283
2006-10-11,0.597854,Test,-0.442478,-0.270226,-0.238970,-0.188904,0.124407,0.230947,0.400188,1.004763,2.440902,4.071090,9.914743
2006-10-12,0.668190,Test,-0.252020,-0.088028,-0.035941,-0.003859,0.278451,0.419848,0.623660,1.156772,2.442077,3.695434,8.128576
2006-10-13,0.703358,Test,-0.190727,-0.071306,-0.035446,-0.027966,0.222672,0.339406,0.505171,0.943929,1.893014,2.834869,6.195622
2006-10-14,0.597854,Test,-0.197183,-0.096481,-0.064880,-0.063342,0.168462,0.274201,0.425753,0.836452,1.650525,2.477500,5.386590
2006-10-15,0.562686,Test,-0.192667,-0.109401,-0.090947,-0.085652,0.119586,0.222906,0.369012,0.753188,1.435481,2.115258,4.514863
2006-10-16,0.527518,Test,-0.391210,-0.232304,-0.172433,-0.172465,0.172227,0.292043,0.471972,1.050122,2.509785,4.338764,11.098042
2006-10-17,0.914365,Test,-0.617558,-0.343507,-0.204296,0.032927,0.549722,0.820808,1.218366,2.560177,6.461963,10.327527,23.002619
2006-10-18,3.727796,Test,-0.550428,-0.306280,-0.183919,-0.076551,0.455511,0.674663,0.978415,2.180102,5.666539,9.632725,23.755060
2006-10-19,5.415855,Test,-0.568761,-0.242739,-0.107268,0.089543,0.764972,1.100256,1.521390,3.208526,8.489945,13.492883,34.430264
2006-10-20,9.882176,Test,-0.588070,-0.224764,0.056383,0.480453,1.406271,1.883180,2.694554,5.462866,13.852056,21.582748,45.157238
2006-10-21,9.213987,Test,-0.530153,-0.141054,0.088262,0.541933,1.337860,1.822468,2.576010,4.819313,11.237322,16.240986,32.110996
2006-10-22,9.213987,Test,-0.476455,0.004631,0.240023,0.418393,1.402116,1.754626,2.454069,4.658257,11.922444,18.900278,48.995266
2006-10-23,19.096163,Test,-0.393926,0.283188,0.748046,1.419983,3.152577,4.102088,5.610803,11.114778,28.369457,42.452930,91.174225
2006-10-24,14.137491,Test,-0.219018,0.802134,1.620050,3.197008,6.180719,7.901272,10.695668,20.078571,47.753620,68.556908,125.330559
2006-10-25,63.794549,Test,-0.169678,1.171642,2.223130,4.207438,8.041832,9.991857,13.653151,24.623240,59.472370,85.317657,156.233032
2006-10-26,47.265641,Test,5.573342,12.958465,17.585966,27.598227,37.539406,41.150406,49.742775,64.772232,90.252007,105.110390,146.294556
2006-10-27,29.365186,Test,2.753917,6.419016,9.317906,15.207130,20.643270,23.561146,28.708534,38.143188,54.301941,62.577747,82.822830
2006-10-28,22.050266,Test,0.293755,1.311975,2.425308,4.391773,6.466777,7.696843,10.050204,15.009577,25.502453,31.422379,41.396553
2006-10-29,17.900455,Test,-0.079788,0.454882,1.072806,1.956469,3.024748,3.697590,5.009646,7.772175,13.918231,18.047598,23.955585
2006-10-30,15.298031,Test,-0.149917,0.099052,0.299254,0.474393,0.845287,1.138198,1.620814,2.653859,4.909494,6.701493,10.760131
2006-10-31,13.645140,Test,-0.077240,0.108209,0.204009,0.298978,0.588017,0.804370,1.157664,1.883875,3.386266,4.601900,7.942829
2006-11-01,11.957082,Test,-0.021276,0.119319,0.164336,0.237207,0.488660,0.684477,0.982665,1.572299,2.751706,3.687337,6.537218
2006-11-02,10.937213,Test,-0.020166,0.101049,0.122959,0.200814,0.436516,0.630685,0.904523,1.443857,2.487191,3.295559,5.842289
2006-11-03,10.515198,Test,-0.102857,0.068976,0.067500,0.234824,0.550203,0.755247,1.072169,1.746979,3.079342,4.140989,7.143638
2006-11-04,10.761374,Test,-0.295464,-0.153945,-0.104523,0.042611,0.371305,0.567161,0.849300,1.602833,3.225335,4.740027,8.903043
2006-11-05,11.429564,Test,-0.487158,-0.298012,-0.188322,0.036070,0.463206,0.709032,1.046967,2.115784,4.890531,7.650887,15.152368
2006-11-06,12.941783,Test,-0.490564,-0.267067,-0.155393,0.089502,0.538327,0.797562,1.144523,2.280447,5.199359,7.954282,15.906750
2006-11-07,12.519768,Test,-0.322617,-0.130281,-0.024628,0.118931,0.445372,0.687839,0.978790,1.797854,3.719589,5.380753,10.485698
2006-11-08,11.535067,Test,-0.239965,-0.101560,-0.014677,0.058827,0.322260,0.519736,0.742957,1.385070,2.708140,3.898207,7.564063
2006-11-09,10.655870,Test,-0.154200,-0.042777,0.010857,0.058163,0.293300,0.466732,0.659864,1.197185,2.223438,3.125134,6.067662
2006-11-10,10.691038,Test,-0.043977,0.055250,0.073612,0.131127,0.356087,0.536582,0.735372,1.213622,2.102842,2.799277,5.222377
2006-11-11,10.550366,Test,0.000083,0.079039,0.077165,0.127487,0.334355,0.505928,0.690922,1.110395,1.866541,2.453209,4.567837
2006-11-12,10.198687,Test,0.006774,0.074197,0.064937,0.110484,0.306856,0.474012,0.648782,1.037387,1.719991,2.243526,4.198822
2006-11-13,10.022848,Test,-0.012334,0.071181,0.073715,0.148185,0.350940,0.550725,0.744643,1.161914,1.880205,2.377442,4.249400
2006-11-14,9.600833,Test,0.015425,0.091826,0.089064,0.170671,0.359558,0.566937,0.755364,1.144494,1.806018,2.257747,3.989863
2006-11-15,9.600833,Test,-0.057682,0.028528,0.026725,0.090124,0.353188,0.549888,0.735299,1.211829,2.189985,3.070649,6.096784
2006-11-16,15.790382,Test,-0.317623,-0.045665,-0.010072,0.208053,0.581218,0.929293,1.205533,2.102592,4.393179,6.116809,13.143980
2006-11-17,14.137491,Test,-0.292990,0.040944,0.090190,0.450066,0.898771,1.414057,1.886215,3.138088,6.389438,8.665960,16.702681
2006-11-18,17.091594,Test,-0.362940,0.077199,0.207663,0.657372,1.304920,1.835685,2.470581,4.125758,8.504408,11.453168,22.182072
2006-11-19,39.001188,Test,-0.284144,0.174938,0.349140,0.879275,1.636330,2.159059,2.893077,4.646632,8.867292,11.796482,20.607327
2006-11-20,48.180006,Test,-0.100801,0.419133,0.694303,1.393422,2.258939,2.860676,3.828328,5.603552,9.528669,12.219308,18.407276
2006-11-21,35.519567,Test,0.028282,0.674820,1.032220,2.027560,3.236756,3.804505,4.973176,7.062747,11.228668,14.116291,20.100992
2006-11-22,33.374326,Test,-0.008536,0.533112,0.843354,1.658318,2.645499,3.168707,4.173097,5.995885,9.529951,11.874404,16.830711
2006-11-23,32.213785,Test,-0.227094,0.164432,0.386265,0.918842,1.695833,2.276597,3.101489,4.852913,9.190436,12.454594,20.894131
2006-11-24,,,-0.014675,0.970806,1.604176,2.995696,4.950346,5.795923,7.784239,11.499823,19.922010,25.756075,39.608902
2006-11-25,,,-0.028871,0.927942,1.524013,2.824899,4.668810,5.497740,7.379662,10.946734,19.027697,24.550653,38.070217
2006-11-26,84.649106,Test,0.556843,1.933307,2.674660,4.845382,7.096952,8.428082,11.163037,15.178231,23.529694,29.245283,40.265419
2006-11-27,59.433731,Test,0.086135,1.104098,1.806254,3.571175,5.785219,7.271248,9.702656,14.403346,25.740438,33.791328,51.110458
2006-11-28,60.594271,Test,2.774010,6.541378,8.834365,14.622212,19.842253,22.586576,27.222191,34.456005,47.947498,57.986126,77.435890
2006-11-29,49.059204,Test,3.841615,7.522809,10.063914,14.941066,18.379311,20.839293,23.939129,28.784550,36.438766,41.374298,50.043457
2006-11-30,41.146429,Test,3.767686,7.044080,9.355574,13.496173,16.210798,18.274275,20.631830,24.225975,29.838589,33.132908,38.943642
2006-12-01,36.082253,Test,3.969243,7.326235,9.650970,13.438454,16.301985,17.859772,19.994156,23.114828,28.026579,30.958527,36.297523
2006-12-02,34.534866,Test,5.979352,10.562903,13.573864,18.415184,21.999256,23.193470,26.351860,29.951551,36.984001,41.898838,51.819378
2006-12-03,30.842238,Test,11.063351,19.631817,24.853291,32.599747,37.650188,40.368717,45.450970,51.364006,65.182068,73.250038,92.367706
2006-12-04,30.420223,Test,6.582692,12.980210,17.462227,24.833763,31.688101,34.034775,39.409576,46.606411,61.909580,70.333862,94.937294
2006-12-05,32.565464,Test,8.401191,15.893695,21.565065,29.338087,36.024284,39.422413,45.194088,52.918995,68.064575,78.252808,100.549240
2006-12-06,38.966020,Test,12.483658,22.146358,28.170656,35.675041,40.444172,43.585964,47.637665,54.194294,65.557243,71.461792,86.539482
2006-12-07,39.106691,Test,7.748000,14.667229,20.107561,27.203045,33.834949,36.744072,42.294453,49.606182,63.742344,73.876312,94.941811
2006-12-08,67.627848,Test,22.160496,38.416229,45.808064,55.098927,60.394238,62.824581,68.075157,75.083733,91.477875,99.396950,120.966125
2006-12-09,52.646328,Test,21.042606,32.605431,40.271198,46.519066,50.130661,53.224041,55.135868,59.735603,69.283020,74.419197,91.917458
2006-12-10,41.955290,Test,15.818884,23.569336,29.541410,35.133030,37.665749,41.304283,42.549923,45.690968,51.791195,55.410049,70.903511
2006-12-11,36.504268,Test,17.290827,25.229980,31.127619,35.949425,38.110596,41.250027,42.149910,44.157272,49.085743,51.785027,65.271393
2006-12-12,32.881975,Test,,,,,,,,,,,
2006-12-13,29.541026,Test,,,,,,,,,,,
2006-12-14,26.973770,Test,3.654726,6.097873,8.027085,11.035250,13.205114,15.103186,16.700243,18.800308,22.244980,23.849918,28.567089
2006-12-15,24.582354,Test,2.972096,5.002029,6.570877,9.230453,11.235132,12.959402,14.488493,16.424696,19.606752,21.002340,25.495310
2006-12-16,22.753623,Test,2.291318,3.966074,5.220308,7.500582,9.358176,10.835003,12.222571,14.054421,16.996090,18.254566,22.031651
2006-12-17,20.960061,Test,1.834445,3.352101,4.399748,6.449358,8.226478,9.478889,10.775260,12.598363,15.411984,16.615147,19.420366
2006-12-18,19.764353,Test,1.742345,3.289486,4.289103,6.353161,8.115638,9.281809,10.585435,12.473457,15.251989,16.317053,18.789896
2006-12-19,18.216966,Test,1.761848,3.155377,4.147892,6.099088,7.805611,9.033100,10.242901,11.988398,14.684008,15.704756,19.070421
2006-12-20,17.091594,Test,1.704207,3.039226,4.003597,5.937171,7.583224,8.828971,10.026033,11.783020,14.427147,15.301752,19.063997
2006-12-21,15.860717,Test,1.206995,2.231960,2.939533,4.516588,5.900849,6.992015,8.068930,9.667064,12.072714,12.978605,16.583471
2006-12-22,15.016688,Test,0.919326,1.762043,2.331225,3.636470,4.849972,5.821143,6.769002,8.225326,10.420982,11.395603,14.589632
2006-12-23,14.172659,Test,0.774084,1.514666,2.008731,3.187028,4.294540,5.217100,6.104946,7.505022,9.587217,10.532916,13.717479
2006-12-24,13.258294,Test,0.772396,1.517398,2.016225,3.188199,4.293206,5.219662,6.086131,7.480471,9.527180,10.461449,13.657264
2006-12-25,12.590104,Test,0.735668,1.450834,1.923464,3.080369,4.148971,5.071864,5.938272,7.332600,9.362663,10.253433,13.626373
2006-12-26,11.851578,Test,0.702692,1.408225,1.889532,3.040655,4.135887,5.065506,5.912175,7.347198,9.410313,10.313357,13.588774
2006-12-27,11.253724,Test,0.514047,1.037424,1.369123,2.134063,2.870010,3.625872,4.250281,5.288694,6.800714,7.655023,10.470544
2006-12-28,11.077885,Test,0.517191,1.074196,1.409478,2.169107,2.929285,3.654252,4.279288,5.339058,6.851237,7.740221,10.123056
2006-12-29,10.550366,Test,0.551001,1.180848,1.499207,2.316535,3.121050,3.821681,4.493875,5.586127,7.154608,8.118970,10.447523
2006-12-30,10.585534,Test,0.511014,1.179808,1.478919,2.294580,3.197748,3.786324,4.492786,5.704667,7.411360,8.641423,11.195328
2006-12-31,10.550366,Test,0.463642,1.103784,1.419291,2.197077,3.059856,3.669613,4.355477,5.572959,7.293715,8.482332,11.036906
2007-01-01,10.304191,Training,0.499216,1.151816,1.462330,2.277388,3.116782,3.757785,4.457116,5.656243,7.329144,8.529056,10.951372
2007-01-02,9.952512,Training,0.616242,1.315570,1.689494,2.606462,3.478167,4.227415,4.951657,6.158031,7.847090,8.948663,11.383482
2007-01-03,9.530498,Training,0.680119,1.368248,1.771738,2.687258,3.582651,4.375544,5.078965,6.240641,7.899995,8.969970,11.532288
2007-01-04,9.213987,Training,0.702088,1.479306,1.867658,2.852603,3.762586,4.507614,5.283381,6.495079,8.154345,9.211279,11.422120
2007-01-05,9.038147,Training,0.681673,1.459313,1.851744,2.800611,3.756747,4.439620,5.214648,6.447174,8.111275,9.236874,11.451624
2007-01-06,8.932644,Training,0.723494,1.506120,1.896240,2.883220,3.792904,4.548211,5.316640,6.504010,8.136959,9.172457,11.385983
2007-01-07,8.721636,Training,0.726193,1.534539,1.922186,2.919370,3.850375,4.577032,5.360223,6.569224,8.205853,9.296799,11.475506
2007-01-08,8.721636,Training,0.758536,1.606657,1.998092,3.027096,4.011801,4.727355,5.531217,6.757446,8.445540,9.629689,11.922710
2007-01-09,8.545797,Training,0.758504,1.605077,2.015231,3.035866,4.041787,4.753696,5.553863,6.798251,8.507596,9.712972,12.029866
2007-01-10,8.194118,Training,0.803883,1.656374,2.085622,3.142897,4.113037,4.892547,5.692132,6.914090,8.602288,9.706267,11.948879
2007-01-11,8.053446,Training,0.842770,1.704913,2.156964,3.227636,4.220256,5.023346,5.817223,7.027652,8.727002,9.806665,12.098341
2007-01-12,7.631432,Training,0.882335,1.758504,2.232551,3.317770,4.336820,5.158415,5.952291,7.154995,8.868281,9.942753,12.270532
2007-01-13,7.631432,Training,0.911965,1.811922,2.300208,3.406409,4.447085,5.274415,6.078402,7.285722,9.013175,10.087096,12.406729
2007-01-14,7.631432,Training,0.946060,1.877612,2.382133,3.518052,4.587342,5.419387,6.238603,7.458890,9.212581,10.297554,12.621480
2007-01-15,7.455592,Training,0.997538,2.006985,2.520346,3.726874,4.852767,5.670607,6.535793,7.794937,9.612861,10.759346,13.108550
2007-01-16,7.209417,Training,1.049535,2.118332,2.682410,3.954500,5.154567,5.966055,6.872607,8.213015,10.097302,11.289085,13.541892
2007-01-17,7.209417,Training,1.171206,2.363829,2.993461,4.367794,5.779631,6.537094,7.507395,8.933656,11.011347,12.378271,14.907245
2007-01-18,7.209417,Training,0.836596,1.745661,2.195993,3.248674,4.342281,5.042380,5.857094,7.121387,8.903067,10.219956,12.671226
2007-01-19,7.209417,Training,0.773553,1.617772,2.070266,3.061749,4.129449,4.818129,5.599395,6.875747,8.634099,9.861647,12.247567
2007-01-20,7.068745,Training,0.780845,1.615930,2.048520,3.067298,4.042186,4.793284,5.566563,6.796372,8.463203,9.624053,11.840567
2007-01-21,6.752234,Training,0.834736,1.682404,2.131027,3.171849,4.161128,4.958283,5.721547,6.915389,8.597806,9.703967,12.034588
2007-01-22,7.596264,Training,0.937980,1.818887,2.290090,3.383033,4.482697,5.324557,6.079553,7.267156,9.078840,10.412626,13.331196
2007-01-23,7.314921,Training,0.921127,1.706391,2.210481,3.278428,4.286038,5.228823,5.973695,7.132593,8.917997,10.079836,13.702350
2007-01-24,6.787402,Training,0.901348,1.671840,2.163427,3.227863,4.217825,5.153912,5.901607,7.061656,8.819462,9.919981,13.610646
2007-01-25,6.822570,Training,0.960046,1.791568,2.334111,3.450074,4.539370,5.480679,6.251207,7.476283,9.325174,10.488441,14.077238
2007-01-26,6.717067,Training,0.948185,1.758229,2.281856,3.403785,4.441540,5.391349,6.177433,7.396034,9.199571,10.243509,14.052231
2007-01-27,6.365388,Training,0.895933,1.669224,2.174532,3.243276,4.250906,5.183372,5.939632,7.138119,8.903486,9.957853,13.577087
2007-01-28,6.259884,Training,0.844420,1.626020,2.139250,3.149589,4.201631,5.081326,5.797525,7.022151,8.793336,9.952271,12.734300
2007-01-29,6.295052,Training,0.876907,1.736018,2.216471,3.289743,4.425511,5.272275,6.023433,7.282713,9.170651,10.551105,13.511590
2007-01-30,6.330220,Training,0.841078,1.758910,2.236415,3.362301,4.517764,5.361236,6.170514,7.524083,9.559846,11.066429,13.983615
2007-01-31,5.943373,Training,0.841095,1.655829,2.187701,3.241246,4.354397,5.277540,6.022640,7.344927,9.329358,10.751242,13.774910
2007-02-01,5.943373,Training,0.877369,1.722191,2.274765,3.367128,4.526515,5.442061,6.209157,7.569232,9.568144,10.959718,13.902532
2007-02-02,5.943373,Training,0.931655,1.775067,2.349274,3.461026,4.632504,5.575470,6.341939,7.679901,9.655504,10.979544,14.134006
2007-02-03,5.802701,Training,0.934481,1.854066,2.398930,3.540616,4.742572,5.620942,6.425519,7.779679,9.761157,11.103573,13.875565
2007-02-04,5.591694,Training,0.907156,1.873368,2.403632,3.590389,4.774384,5.601188,6.467405,7.896515,9.876086,11.211042,13.599820
2007-02-05,5.556526,Training,0.840804,1.748652,2.236012,3.362649,4.487965,5.299051,6.134751,7.526560,9.453482,10.776861,13.186717
2007-02-06,5.556526,Training,0.818853,1.668804,2.147701,3.223839,4.338977,5.181770,5.960121,7.297036,9.218927,10.530199,13.185534
2007-02-07,5.626862,Training,0.794878,1.729503,2.249337,3.461514,4.794422,5.668184,6.601454,8.215178,10.771313,12.918284,16.493549
2007-02-08,8.264454,Training,0.570669,1.629224,2.243798,3.739820,5.464234,6.697122,7.960006,10.373899,14.975887,19.120935,27.338140
2007-02-09,10.128352,Training,0.640947,1.945736,2.557991,4.455626,6.407943,7.866852,9.314972,12.375285,17.823730,22.299694,32.015446
2007-02-10,9.917344,Training,0.726861,2.002184,2.758439,4.548738,6.608065,7.779980,9.174723,12.021643,16.811571,21.014114,28.887606
2007-02-11,10.585534,Training,0.325867,1.443566,2.226981,3.838003,6.156933,7.595332,9.225939,13.056437,20.093180,26.447302,39.857304
2007-02-12,69.948929,Training,1.091323,3.274623,4.610503,7.915690,11.810641,14.274303,17.263632,23.299234,34.046505,43.305016,61.959530
2007-02-13,53.701365,Training,2.744669,6.300139,8.214302,12.959516,17.262566,19.760548,22.701181,28.550817,37.089523,44.745621,58.582897
2007-02-14,42.553144,Training,3.522005,7.748083,10.430991,15.825299,20.860502,23.537443,26.737305,33.240410,42.693615,51.075401,66.285118
2007-02-15,35.132720,Training,5.671814,11.168708,14.297902,20.165743,24.165731,26.677866,29.012892,34.563950,41.376808,46.816555,56.830090
2007-02-16,33.514997,Training,6.829669,13.108538,16.795774,22.374798,27.134657,28.941927,31.359869,36.590366,44.214310,50.377537,62.887669
2007-02-17,33.268822,Training,9.408164,16.989391,21.041512,27.304214,30.956758,33.109894,35.006813,39.979698,46.543213,51.236103,61.771683
2007-02-18,29.752033,Training,7.977269,14.058916,17.773975,23.067331,26.115034,28.327724,29.902027,34.044113,38.939705,42.496128,50.233807
2007-02-19,27.782631,Training,9.197583,16.115681,19.770185,25.344433,28.489244,30.263464,31.937187,35.817207,41.645702,45.726547,55.562958
2007-02-20,29.681697,Training,9.117405,16.312771,20.019306,25.819294,29.128851,30.878456,32.620529,36.900700,42.867496,47.170444,57.280853
2007-02-21,26.938602,Training,9.110173,15.065539,18.936026,23.848751,26.709484,29.042227,30.100945,33.385933,38.207569,41.380188,50.364040
2007-02-22,26.411084,Training,8.012940,14.521576,18.078089,23.075949,27.059299,28.204269,30.164980,34.177067,40.499348,45.421452,56.533978
2007-02-23,38.684677,Training,8.241328,15.657744,19.856747,25.636990,30.859880,32.660511,35.655571,40.929787,50.616322,57.732258,74.701599
2007-02-24,48.144839,Training,9.765670,17.949612,22.304863,28.303524,33.436516,34.933895,37.224689,42.384026,51.168503,57.178387,73.239662
2007-02-25,48.707525,Training,11.060426,19.588804,23.833136,29.593714,34.055027,35.260494,37.084339,41.509933,48.930309,54.190987,68.201088
2007-02-26,43.432342,Training,10.095872,17.232489,21.302031,26.744640,29.816319,31.879709,33.237240,37.151955,42.410851,45.942638,55.743511
2007-02-27,38.086823,Training,7.257151,12.772601,16.053459,20.546356,23.955208,25.398762,26.751764,30.268814,34.712357,37.999416,46.205059
2007-02-28,35.449231,Training,6.030272,10.741188,13.585386,17.579199,20.803486,22.080204,23.413164,26.607906,30.534958,33.286133,40.214149
2007-03-01,31.264252,Training,6.253327,11.028541,13.782572,17.861786,20.573086,22.169333,23.401432,26.323727,29.632679,31.622662,37.684578
2007-03-02,28.415653,Training,4.774256,8.591572,10.968814,14.392847,17.526180,18.585491,19.854488,22.702578,26.187387,28.053177,33.786350
2007-03-03,25.883565,Training,3.706846,6.820658,8.852126,11.881294,14.939137,15.805055,17.094465,19.869785,23.305452,24.844816,29.943977
2007-03-04,24.054835,Training,3.451394,6.568551,8.244247,11.362424,13.750901,15.007691,16.306145,18.771297,21.917294,23.983959,28.838898
2007-03-05,23.210806,Training,2.829202,5.394001,6.925618,9.696758,11.762838,13.189676,14.381673,16.652119,19.679712,21.502943,25.612158
2007-03-06,22.437112,Training,2.676989,5.333616,6.910043,9.830893,12.302257,13.706036,15.112212,17.771065,21.663286,24.844557,30.860758
2007-03-07,27.712296,Training,2.001274,4.492867,5.921386,8.946527,11.704838,13.228687,14.738956,17.835062,22.864004,27.484165,36.689121
2007-03-08,25.320879,Training,2.189364,4.526214,6.037340,8.905869,11.317846,12.869991,14.237047,17.157972,21.290022,24.827814,30.951311
2007-03-09,23.738324,Training,2.712266,5.282679,7.095783,10.082580,12.846465,14.202840,15.480869,18.465944,22.415342,25.443359,31.224432
2007-03-10,22.050266,Training,2.692320,5.214818,6.873583,9.594522,12.081219,13.279099,14.520510,17.103806,20.466015,22.991199,27.706688
2007-03-11,20.819390,Training,2.863689,5.467919,7.073807,9.781207,12.074553,13.274411,14.500733,16.876726,19.815075,21.795393,25.815180
2007-03-12,19.518178,Training,3.132686,5.873409,7.643590,10.433259,13.029442,14.112456,15.325449,17.823076,20.873913,22.520151,26.798075
2007-03-13,18.533477,Training,2.679766,5.097506,6.609925,9.112395,11.443471,12.477896,13.672325,15.892033,18.695339,20.164143,23.799685
2007-03-14,17.372937,Training,2.179377,4.238746,5.465827,7.642074,9.690443,10.662541,11.798773,13.728203,16.276918,17.681482,20.869930
2007-03-15,16.247564,Training,1.994416,3.918799,5.077611,7.155817,9.190716,10.112358,11.223107,13.124231,15.675418,17.005259,20.152327
2007-03-16,15.438703,Training,1.679801,3.402695,4.375991,6.228044,8.139724,8.948629,10.019193,11.755119,14.204886,15.626033,18.846504
2007-03-17,14.594673,Training,1.771252,3.537525,4.549858,6.455959,8.259598,9.195568,10.259222,11.953379,14.301537,15.655160,18.601851
2007-03-18,13.996819,Training,1.749679,3.500757,4.528561,6.419422,8.272123,9.166408,10.225790,11.940438,14.338820,15.636547,18.615021
2007-03-19,13.012119,Training,1.944980,3.827089,4.884280,6.935008,8.653889,9.752885,10.806427,12.440132,14.766750,15.856632,18.836329
2007-03-20,12.625272,Training,2.001904,3.754073,4.875596,6.834700,8.569077,9.761688,10.720024,12.255530,14.601624,15.625214,18.983826
2007-03-21,11.886746,Training,2.023099,3.779869,4.939145,6.940536,8.724009,9.952875,10.904193,12.497719,14.907155,15.865898,19.305101
2007-03-22,11.288892,Training,2.168735,4.193584,5.472986,7.785773,9.751863,11.014672,12.043261,13.966761,16.559433,17.349916,20.556105
2007-03-23,11.077885,Training,1.722386,3.492909,4.559283,6.579711,8.447865,9.455915,10.512339,12.362882,14.867839,16.007061,18.910673
2007-03-24,10.585534,Training,1.832467,3.679365,4.857918,7.047576,9.061951,10.162459,11.229817,13.297253,15.976411,17.090576,20.219057
2007-03-25,10.480031,Training,1.352977,2.800530,3.678996,5.423339,7.114846,8.050698,9.058731,10.808018,13.238459,14.516638,17.280148
2007-03-26,10.022848,Training,0.774918,1.712041,2.130693,3.192828,4.237755,4.941850,5.696496,6.918549,8.648429,10.082341,12.706693
2007-03-27,9.952512,Training,0.763625,1.671254,2.119995,3.172448,4.150047,4.926262,5.674847,6.901694,8.639538,9.943001,12.445338
2007-03-28,9.706337,Training,0.812159,1.761247,2.200754,3.300623,4.336485,5.123343,5.878374,7.097100,8.906399,10.320669,13.115641
2007-03-29,9.530498,Training,0.962849,2.067846,2.639863,3.883264,5.064813,5.887589,6.732795,8.074924,10.037838,11.508132,14.284349
2007-03-30,9.073315,Training,1.002694,2.136156,2.684238,3.950364,5.160331,5.985331,6.834061,8.135120,10.124776,11.646715,14.630485
2007-03-31,9.460162,Training,0.988602,2.143258,2.726963,4.003373,5.254957,6.051991,6.928766,8.307156,10.340487,11.918618,14.805651
2007-04-01,9.002979,Validation,1.047542,2.190343,2.790774,4.065918,5.294051,6.156385,7.012364,8.325645,10.334583,11.775129,14.671362
2007-04-02,8.545797,Validation,1.068482,2.304927,2.883353,4.252791,5.564405,6.388351,7.286226,8.669207,10.804006,12.501391,15.720254
2007-04-03,8.545797,Validation,1.022140,2.248776,2.858239,4.221522,5.539487,6.382167,7.296865,8.744324,10.956923,12.719669,15.924282
2007-04-04,8.369957,Validation,0.989759,2.161642,2.778596,4.084343,5.393148,6.211718,7.114173,8.563700,10.720256,12.435062,15.444225
2007-04-05,8.088614,Validation,1.150259,2.460102,3.129159,4.566326,5.948930,6.809103,7.750358,9.202613,11.413678,13.054727,16.199835
2007-04-06,7.701767,Validation,1.080586,2.332776,3.020144,4.377923,5.806291,6.588397,7.516188,9.002620,11.203945,12.842996,15.848136
2007-04-07,7.631432,Validation,1.083420,2.362007,3.031811,4.387960,5.888577,6.597856,7.536907,9.013862,11.240768,12.921939,16.106924
2007-04-08,7.631432,Validation,1.131688,2.456237,3.143303,4.545139,6.041226,6.784837,7.731548,9.204561,11.427031,13.111409,16.275042
2007-04-09,7.209417,Validation,1.181436,2.576263,3.278844,4.768447,6.349009,7.109426,8.072371,9.600540,11.955521,13.923277,17.530415
2007-04-10,7.209417,Validation,1.075867,2.418249,3.158983,4.609967,6.219336,6.973883,7.930457,9.547664,12.064606,13.969957,17.809044
2007-04-11,7.279753,Validation,1.012727,2.317055,3.052162,4.501873,6.199301,6.867311,7.832283,9.525532,12.106632,14.105371,18.257261
2007-04-12,7.455592,Validation,1.100424,2.540515,3.367754,4.991394,6.857730,7.579845,8.572208,10.415480,13.295500,15.636434,20.601353
2007-04-13,,,2.032098,5.096544,6.676334,10.099011,14.128906,15.228207,18.098721,21.979174,29.433302,35.792828,48.160522
2007-04-14,7.139081,Validation,0.975486,2.300704,3.089847,4.579443,6.213579,7.040749,8.014583,9.818048,12.603896,14.761063,19.274336
2007-04-15,6.752234,Validation,0.897082,2.169477,2.946410,4.398772,5.988422,6.769255,7.766717,9.594332,12.281454,14.164165,18.174055
2007-04-16,6.365388,Validation,0.840023,2.141502,2.876130,4.263902,5.703473,6.455056,7.427679,9.116043,11.543027,13.150856,16.813885
2007-04-17,6.119212,Validation,0.830572,2.127339,2.827579,4.213047,5.612780,6.333983,7.324969,8.984294,11.313364,12.732477,16.004633
2007-04-18,5.908205,Validation,0.896020,2.240188,2.941702,4.324963,5.692005,6.397588,7.387332,8.963019,11.150532,12.428398,15.512248
2007-04-19,5.556526,Validation,0.915950,2.306989,2.980517,4.406110,5.863904,6.501496,7.529682,9.111868,11.334937,12.729093,16.046434
2007-04-20,,,1.841105,4.694294,6.034574,9.018824,12.574433,13.615537,16.262955,19.741695,26.460320,32.419598,44.160244
2007-04-21,5.837869,Validation,0.891810,2.231635,2.878156,4.211872,5.499385,6.186950,7.177312,8.669484,10.743958,12.033277,15.078341
2007-04-22,5.486191,Validation,0.769790,2.068117,2.697273,4.001685,5.211710,5.913542,6.882489,8.374746,10.428533,11.644985,14.570078
2007-04-23,,,1.730974,4.456257,5.637533,8.339535,11.570042,12.572961,15.049956,18.284687,24.496126,30.105551,41.306210
2007-04-24,5.099344,Validation,0.757141,2.123051,2.734575,4.067444,5.293113,5.960334,6.963567,8.424982,10.487724,11.720344,14.732944
2007-04-25,6.365388,Validation,1.230238,2.743469,3.463721,4.956251,6.477258,7.147792,8.241630,9.764717,12.063610,14.098197,17.785204
2007-04-26,7.103913,Validation,1.099736,2.719014,3.404169,5.143764,6.767095,7.694924,8.838574,10.662266,13.801236,17.036604,22.504639
2007-04-27,7.350089,Validation,0.913423,2.567073,3.240456,5.069864,6.894296,7.848706,9.099106,11.333220,15.093651,18.640968,25.843460
2007-04-28,8.967811,Validation,0.927131,2.508696,3.159573,4.899029,6.622610,7.588561,8.809929,10.911520,14.495634,18.078707,24.793453
2007-04-29,8.123782,Validation,0.984180,2.681866,3.461296,5.254865,7.059077,8.039317,9.385254,11.597075,15.296165,18.527500,25.066885
2007-04-30,7.736935,Validation,1.329359,3.212420,3.898245,5.887543,7.590074,8.615548,9.943713,11.933759,15.272062,18.913477,24.586096
2007-05-01,7.701767,Validation,,,,,,,,,,,
2007-05-02,9.213987,Validation,1.006329,2.958783,3.530396,5.855134,7.902251,9.356762,11.089308,14.204256,19.524294,25.003071,34.406277
2007-05-03,10.339359,Validation,1.066565,3.090619,3.897396,6.090117,8.300868,9.533695,11.370616,14.330202,19.403055,23.851551,32.874893
2007-05-04,9.811841,Validation,1.311158,3.335235,4.275713,6.301251,8.359650,9.410036,11.002974,13.426764,17.382751,20.919655,27.531912
2007-05-05,8.967811,Validation,1.516763,3.595227,4.650679,6.625586,8.625210,9.554861,11.043447,13.185779,16.530569,19.491959,24.909225
2007-05-06,8.123782,Validation,1.611351,3.696014,4.731082,6.636004,8.530791,9.355223,10.795760,12.717853,15.656330,18.179585,22.817770
2007-05-07,7.631432,Validation,1.309968,3.213353,4.163139,5.953984,7.653115,8.453311,9.847001,11.729373,14.475776,16.582436,20.564077
2007-05-08,7.139081,Validation,,,,,,,,,,,
2007-05-09,6.681899,Validation,1.102594,2.881122,3.744826,5.475104,7.009872,7.787529,9.085625,10.890384,13.439899,15.154172,18.587288
2007-05-10,6.295052,Validation,1.126448,2.899311,3.756161,5.469934,6.991535,7.749620,9.027192,10.787036,13.269473,14.892435,18.239290
2007-05-11,,,,,,,,,,,,,
2007-05-12,5.767534,Validation,1.371183,3.231832,4.132611,5.862705,7.457253,8.171669,9.451317,11.108555,13.499784,15.038861,18.395506
2007-05-13,5.697198,Validation,1.686479,3.764148,4.663381,6.602514,8.473729,9.092559,10.424841,12.072647,14.693163,16.894859,21.187431
2007-05-14,6.224716,Validation,1.595521,3.608936,4.570560,6.469104,8.280467,9.062080,10.383251,12.117508,14.934445,17.167166,21.327953
2007-05-15,5.837869,Validation,1.435156,3.262960,4.156461,5.881334,7.555246,8.322274,9.592292,11.254330,13.896625,15.912635,19.725748
2007-05-16,5.451023,Validation,0.954684,2.526551,3.361230,4.991386,6.539855,7.296571,8.521832,10.375679,13.095382,14.878292,18.516062
2007-05-17,5.064176,Validation,0.726846,2.144102,2.884170,4.415384,5.812929,6.561570,7.711462,9.533960,12.156779,13.753000,16.992256
2007-05-18,4.818001,Validation,0.611770,1.975506,2.717593,4.302653,5.718284,6.483979,7.635118,9.600580,12.390038,13.938033,17.087294
2007-05-19,4.747665,Validation,0.339729,1.554234,2.145644,3.625595,4.974423,5.638751,6.777283,8.704569,11.624397,13.586443,17.318960
2007-05-20,,,1.271341,3.465036,4.437109,6.746425,9.644275,10.654459,12.951079,16.277182,22.553232,28.007101,39.091125
2007-05-21,5.240015,Validation,0.298793,1.087778,1.451454,2.365172,3.259471,3.846059,4.620926,6.037179,8.103026,9.869827,13.433736
2007-05-22,5.486191,Validation,0.019533,0.712420,1.028802,1.896582,2.692493,3.368319,4.118958,5.781660,8.470365,10.699017,15.851327
2007-05-23,10.339359,Validation,-0.094780,0.605524,0.884338,1.772382,2.555381,3.288455,4.102688,5.919982,9.179529,11.703759,18.141363
2007-05-24,7.736935,Validation,-0.073675,0.670072,0.965597,1.918436,2.768811,3.527783,4.412271,6.318453,9.753765,12.451937,19.109255
2007-05-25,7.596264,Validation,0.180613,1.171029,1.563434,2.689173,3.777523,4.591824,5.618539,7.544427,10.880702,13.465451,19.486721
2007-05-26,7.139081,Validation,0.328337,1.404250,1.866513,3.040321,4.162541,4.979060,6.041247,7.878031,10.897779,13.266879,18.272642
2007-05-27,6.681899,Validation,0.798804,2.217899,2.765391,4.181652,5.545221,6.355715,7.521043,9.164881,11.972669,14.529213,19.135998
2007-05-28,6.224716,Validation,0.894053,2.290113,2.866086,4.237247,5.506005,6.311843,7.453775,8.971174,11.468580,13.694947,17.494532
2007-05-29,5.591694,Validation,,,,,,,,,,,
2007-05-30,5.556526,Validation,0.752454,2.118782,2.637671,3.961012,5.203598,5.874076,6.996599,8.490941,10.830383,12.766374,16.564661
2007-05-31,5.345519,Validation,0.927480,2.417967,2.972374,4.388798,5.730645,6.394398,7.557329,9.015412,11.403163,13.465498,17.366875
2007-06-01,5.169680,Validation,0.554015,1.678850,2.147115,3.286239,4.308427,4.998697,5.981068,7.427832,9.559292,11.169336,14.415235
2007-06-02,4.818001,Validation,0.356979,1.357916,1.779228,2.827032,3.704660,4.382415,5.286887,6.708135,8.717588,10.129523,13.051007
2007-06-03,4.466322,Validation,0.286892,1.237252,1.635125,2.639780,3.459694,4.121089,4.977061,6.362169,8.290057,9.601471,12.377364
2007-06-04,4.220147,Validation,0.268908,1.194605,1.578645,2.557617,3.348095,3.994257,4.824118,6.173024,8.025636,9.252282,11.897228
2007-06-05,,,1.118980,3.174179,3.986339,6.057394,8.604145,9.604241,11.676254,14.766190,20.491602,25.449747,35.946758
2007-06-06,3.798132,Validation,0.212407,1.054205,1.408292,2.309438,3.034912,3.648210,4.426415,5.722073,7.477013,8.589192,11.047522
2007-06-07,3.516789,Validation,,,,,,,,,,,
2007-06-08,3.446453,Validation,0.076696,0.939239,1.241823,2.192835,2.934958,3.501389,4.297096,5.598149,7.512188,8.802953,11.609872
2007-06-09,3.481621,Validation,0.037466,0.745060,1.052024,1.915328,2.637278,3.176516,3.959082,5.325090,7.445013,9.116035,12.346183
2007-06-10,3.446453,Validation,0.039114,0.818205,1.134769,2.003571,2.763473,3.376756,4.152000,5.602771,7.898162,9.596503,13.389150
2007-06-11,3.692628,Validation,0.074757,0.788118,1.116534,1.893247,2.581477,3.198009,3.919921,5.286567,7.338259,8.783617,11.985323
2007-06-12,3.411285,Validation,-0.026770,0.548483,0.816669,1.420850,1.940882,2.487830,3.046362,4.205736,5.854486,6.911530,9.655416
2007-06-13,3.200278,Validation,0.027249,0.653332,0.892865,1.538336,2.116870,2.626188,3.214076,4.357468,5.993810,7.098230,9.922734
2007-06-14,5.767534,Validation,0.037279,0.656081,0.929723,1.621630,2.260642,2.832065,3.450438,4.830090,7.084653,8.975598,13.298820
2007-06-15,6.506059,Validation,-0.138998,0.527122,0.759066,1.453933,2.084829,2.714078,3.396717,4.889224,7.638448,9.504091,15.009808
2007-06-16,5.415855,Validation,-0.142387,0.421056,0.613111,1.225166,1.756929,2.332465,2.935086,4.341403,6.896312,8.813230,13.937707
2007-06-17,13.047286,Validation,-0.258359,0.302259,0.473395,1.066479,1.557893,2.111978,2.678959,4.082004,6.711829,8.573887,14.238243
2007-06-18,10.655870,Validation,-0.190444,0.425182,0.632208,1.253957,1.774452,2.355484,3.001279,4.444773,7.040469,8.798467,13.878533
2007-06-19,9.213987,Validation,-0.115905,0.506522,0.712639,1.418919,2.047955,2.653174,3.345596,4.867669,7.699102,9.824414,15.374909
2007-06-20,9.424994,Validation,0.051484,0.887721,1.186593,2.105963,2.951041,3.664950,4.560620,6.261811,9.321280,11.552179,17.055090
2007-06-21,8.440293,Validation,0.178330,1.037717,1.365818,2.285816,3.129345,3.844790,4.747740,6.356566,9.112377,11.111944,15.684116
2007-06-22,7.877607,Validation,0.238610,1.115228,1.497737,2.451592,3.312748,4.033783,4.941009,6.508890,9.021318,10.841701,14.834281
2007-06-23,7.139081,Validation,,,,,,,,,,,
2007-06-24,6.611563,Validation,0.098810,0.858801,1.183273,2.019921,2.686140,3.326371,4.116142,5.508603,7.547486,8.890292,11.896464
2007-06-25,5.943373,Validation,0.196843,0.984132,1.305262,2.154455,2.876378,3.494112,4.296739,5.646727,7.615739,8.941565,11.926793
2007-06-26,5.767534,Validation,0.182662,0.901146,1.199838,1.978546,2.649752,3.236707,3.990122,5.277562,7.139400,8.355093,11.152781
2007-06-27,5.451023,Validation,0.112137,0.802460,1.097202,1.866144,2.498372,3.077390,3.816716,5.105213,6.941517,8.092846,10.748900
2007-06-28,5.134512,Validation,0.044342,0.696953,0.963529,1.673276,2.223217,2.782959,3.449722,4.656470,6.314460,7.296464,9.735892
2007-06-29,4.818001,Validation,0.053568,0.716494,0.988944,1.713491,2.279086,2.840585,3.511704,4.721392,6.374392,7.348354,9.766964
2007-06-30,4.466322,Validation,0.002255,0.636485,0.896129,1.593207,2.121059,2.669505,3.308899,4.491558,6.100692,7.014496,9.351577
2007-07-01,4.255314,Training,0.053463,0.683678,0.946653,1.633192,2.187844,2.724804,3.372406,4.546412,6.144761,7.074811,9.440305
2007-07-02,4.360818,Training,0.037831,0.638877,0.896039,1.559483,2.100049,2.623948,3.260774,4.426372,6.017704,6.935204,9.273695
2007-07-03,4.079475,Training,0.030400,0.652678,0.901960,1.569037,2.110740,2.628650,3.255269,4.392391,5.947343,6.835376,9.157953
2007-07-04,4.079475,Training,-0.033574,0.527496,0.770845,1.390747,1.878888,2.384448,2.977386,4.105766,5.647557,6.503086,8.731853
2007-07-05,3.551957,Training,-0.091715,0.402050,0.614757,1.140063,1.546738,2.010794,2.523075,3.549664,4.928226,5.658530,7.739904
2007-07-06,3.305781,Training,-0.190863,0.229856,0.399678,0.816715,1.116623,1.526716,1.930204,2.809906,3.969516,4.521585,6.439412
2007-07-07,2.989270,Training,-0.180308,0.267367,0.455417,0.926950,1.267608,1.702019,2.152243,3.117099,4.420403,5.075841,7.102958
2007-07-08,2.848599,Training,-0.194081,0.093914,0.209868,0.422045,0.621362,0.907519,1.162791,1.760392,2.503716,2.879200,4.572401
2007-07-09,2.707927,Training,-0.155248,0.100080,0.204004,0.377450,0.571600,0.831664,1.064053,1.608193,2.282449,2.640009,4.312262
2007-07-10,2.637592,Training,-0.187556,0.041422,0.127737,0.269319,0.434290,0.664757,0.859991,1.339074,1.923202,2.240640,3.827793
2007-07-11,2.602424,Training,-0.214935,0.000946,0.074759,0.198675,0.344477,0.555208,0.725747,1.163519,1.691818,1.988947,3.529026
2007-07-12,2.567256,Training,-0.249117,-0.031895,0.036634,0.159055,0.292813,0.497258,0.654441,1.076810,1.582690,1.865659,3.384899
2007-07-13,2.461752,Training,-0.260727,-0.038915,0.031382,0.157617,0.290757,0.497420,0.655270,1.083172,1.596719,1.880938,3.413777
2007-07-14,2.356248,Training,-0.262542,-0.046719,0.020466,0.139695,0.270291,0.470262,0.620388,1.036095,1.535290,1.819499,3.352839
2007-07-15,2.391416,Training,-0.230040,-0.018399,0.019249,0.136838,0.283094,0.447107,0.585373,0.977272,1.461453,1.853807,3.591091
2007-07-16,2.989270,Training,-0.214698,0.014981,0.064433,0.183265,0.358016,0.536220,0.684309,1.125471,1.723109,2.184336,4.237810
2007-07-17,3.094774,Training,-0.204732,-0.002945,0.073387,0.172639,0.329049,0.525734,0.674235,1.112918,1.695204,2.113023,4.007504
2007-07-18,2.707927,Training,-0.215290,0.028246,0.139718,0.309953,0.506048,0.768210,0.980698,1.554717,2.351220,2.832223,4.867714
2007-07-19,2.567256,Training,-0.174151,0.104145,0.234193,0.453107,0.692323,0.994313,1.258950,1.916818,2.843513,3.368828,5.488048
2007-07-20,2.532088,Training,-0.167067,0.111268,0.235660,0.454247,0.688330,0.986205,1.255003,1.902882,2.791720,3.273848,5.272859
2007-07-21,2.461752,Training,-0.172651,0.101199,0.220010,0.430212,0.652815,0.942536,1.208201,1.840732,2.694737,3.149623,5.076519
2007-07-22,2.391416,Training,-0.176548,0.094176,0.207649,0.414541,0.633855,0.917644,1.178955,1.798795,2.629848,3.065029,4.950086
2007-07-23,2.426584,Training,-0.209706,0.077433,0.161989,0.392956,0.624720,0.883759,1.142022,1.774138,2.642426,3.188397,5.323224
2007-07-24,2.637592,Training,-0.233737,0.034219,0.151248,0.351213,0.555697,0.838859,1.080955,1.708191,2.585861,3.087149,5.171966
2007-07-25,2.391416,Training,-0.264943,0.002208,0.115581,0.314637,0.502390,0.782553,1.019094,1.632427,2.480831,2.948727,4.934553
2007-07-26,2.356248,Training,-0.272917,0.031752,0.171725,0.434079,0.661751,0.989507,1.275036,1.995305,3.016747,3.556485,5.694951
2007-07-27,2.321081,Training,-0.271081,0.042131,0.180679,0.453439,0.682974,1.013676,1.310539,2.038051,3.055948,3.568635,5.633351
2007-07-28,2.250745,Training,-0.290706,0.014533,0.144695,0.405190,0.617529,0.935110,1.218285,1.918779,2.888807,3.361915,5.359972
2007-07-29,2.145241,Training,-0.306705,-0.007563,0.118543,0.371748,0.573621,0.881791,1.156435,1.842335,2.786062,3.241571,5.216241
2007-07-30,2.004570,Training,-0.304901,-0.004923,0.122569,0.378616,0.584779,0.894729,1.174100,1.867761,2.826358,3.288813,5.271759
2007-07-31,1.934234,Training,-0.293042,0.013584,0.146352,0.415211,0.635412,0.954772,1.249922,1.968326,2.967058,3.446460,5.441388
2007-08-01,,,0.107166,1.000218,1.344335,2.107970,3.271952,3.967652,5.113946,7.547671,12.663237,16.055941,26.179880
2007-08-02,,,0.068400,0.926067,1.274383,2.014436,3.166206,3.843704,4.980953,7.428108,12.674206,16.169579,26.596937
