date,observed,split,p_0.01,p_0.05,p_0.1,p_0.25,p_0.4,p_0.5,p_0.6,p_0.75,p_0.9,p_0.95,p_0.99
1980-01-17,8.371098,Training,,,,,,,,,,,
1980-01-18,7.533989,Training,,,,,,,,,,,
1980-01-19,8.036254,Training,0.836282,3.124076,4.804725,9.299129,13.361190,16.779737,19.709249,25.868311,38.599331,49.694778,70.399460
1980-01-20,9.264016,Training,0.850881,3.157369,4.804304,9.294379,13.657037,17.157190,20.312485,26.753633,40.125542,50.853840,73.440971
1980-01-21,8.315291,Training,0.906018,3.122192,4.587156,9.109270,13.389963,16.617825,19.461126,25.650799,37.829140,48.159348,69.669708
1980-01-22,8.426906,Training,1.170486,3.760550,5.611754,10.920107,15.524915,19.281326,22.395227,29.095121,42.519295,55.118946,78.029076
1980-01-23,9.431438,Training,1.551341,4.745946,7.002660,13.366871,19.031757,23.495832,27.281511,35.187958,51.243034,65.896927,94.458214
1980-01-24,9.375630,Training,1.821513,5.522214,8.315597,15.695496,22.156416,27.346758,31.640942,40.297005,58.436764,77.318481,107.065025
1980-01-25,9.431438,Training,2.336871,6.185615,8.476355,15.884380,23.154961,28.195379,32.000172,40.639271,56.073963,70.860489,101.570671
1980-01-26,8.873364,Training,2.838934,6.626708,8.687242,15.949405,22.708298,26.887144,29.738708,37.309067,49.098866,61.004478,85.505714
1980-01-27,8.873364,Training,2.607352,5.739393,7.495400,13.858198,19.745354,23.237125,25.762047,32.275311,41.838196,51.254711,69.693268
1980-01-28,7.813025,Training,2.329861,5.118495,6.710682,12.433537,17.759085,20.858875,23.223166,29.075186,37.764080,45.790012,61.259464
1980-01-29,8.259484,Training,2.245309,4.848652,6.419975,11.914597,16.993715,19.937981,22.359604,27.968561,36.305603,44.027718,58.363026
1980-01-30,7.757218,Training,2.024518,4.633071,6.597952,12.120859,16.774179,19.896132,22.704473,28.551689,38.183296,47.779995,64.083771
1980-01-31,11.942767,Training,1.938121,4.847524,7.120750,13.172972,18.121025,21.997543,25.210701,31.914923,43.871674,56.466488,77.448677
1980-02-01,10.212740,Training,2.231138,5.414625,7.329742,13.434082,19.050716,22.956507,25.715145,32.345711,43.170399,53.595161,73.986984
1980-02-02,8.929172,Training,2.828141,6.251930,8.189579,14.724441,20.549486,24.293915,26.832674,33.203259,42.841282,52.412468,70.799118
1980-02-03,8.426906,Training,2.856955,6.017174,7.881661,14.295259,19.918180,23.423029,25.946009,32.147022,41.113358,50.162918,66.957588
1980-02-04,8.092062,Training,1.293151,3.179831,4.319170,8.320106,12.235078,14.703368,16.868109,21.476561,28.951954,35.351852,47.021664
1980-02-05,7.533989,Training,1.510847,3.472771,4.642691,8.939166,13.058171,15.610254,17.804979,22.500429,29.855989,36.223251,47.770691
1980-02-06,7.310759,Training,1.870091,4.054187,5.417247,10.235858,14.639403,17.329180,19.649765,24.589050,32.166973,38.964355,51.087322
1980-02-07,7.310759,Training,1.401240,3.206064,4.313514,8.401639,12.311791,14.735231,16.903645,21.384628,28.457613,34.561096,45.361729
1980-02-08,7.031723,Training,1.324008,3.070909,4.180532,8.153446,11.914855,14.251597,16.411102,20.798113,27.860441,33.945507,44.584110
1980-02-09,9.152401,Training,1.052126,3.759942,5.672826,10.864579,15.554484,19.780832,22.539787,29.255978,39.790920,52.775902,69.386574
1980-02-10,8.092062,Training,1.140503,3.780691,5.507598,10.779802,15.999705,20.184038,23.482740,30.423222,44.148457,55.684120,80.697716
1980-02-11,7.031723,Training,1.213944,3.521254,4.964797,9.488292,13.963622,17.053427,19.566637,25.102549,35.005035,43.981430,61.789566
1980-02-12,6.920108,Training,0.908637,2.597266,3.627454,7.088344,10.597672,12.958337,14.952664,19.348396,26.963163,33.422878,45.236996
1980-02-13,6.529457,Training,0.846876,2.348563,3.264351,6.450206,9.711469,11.837491,13.730306,17.723656,24.636896,30.269279,40.283451
1980-02-14,6.417842,Training,0.858627,2.292744,3.190353,6.265842,9.437469,11.458383,13.345139,17.121075,23.679125,28.899170,37.948765
1980-02-15,9.264016,Training,0.618943,2.531241,3.962822,7.902219,11.635103,14.986722,17.514372,23.126801,32.429756,43.475868,57.736698
1980-02-16,12.556648,Training,0.816907,2.924564,4.382654,9.101172,13.613262,17.350765,20.499987,27.003485,39.923634,51.759972,75.836845
1980-02-17,10.380162,Training,1.174769,3.365717,4.637613,9.374791,13.921298,17.085487,19.475836,25.167463,35.020313,44.724117,63.816879
1980-02-18,9.933703,Training,1.115347,3.699126,5.540605,10.592061,15.123004,19.096043,21.639364,27.868742,38.885666,52.276524,70.723846
1980-02-19,11.273079,Training,0.935445,4.178325,6.524754,13.034602,18.846270,24.479433,28.092934,36.741913,53.195477,70.221848,94.565704
1980-02-20,22.601966,Training,1.533114,4.971289,7.166015,13.438408,19.771254,24.647854,28.285290,36.013119,51.723827,65.484138,95.045700
1980-02-21,17.021233,Training,1.993257,5.661588,8.377038,14.606099,20.280790,24.695482,27.851789,34.631840,47.909126,63.379631,87.356232
1980-02-22,14.119253,Training,2.383778,6.184745,8.355270,15.144924,21.415648,25.772758,28.467468,35.707508,48.345627,61.017452,86.669075
1980-02-23,12.110189,Training,2.471174,5.831632,7.686890,14.107334,19.900255,23.559233,25.827065,32.240154,42.422424,53.116409,74.016998
1980-02-24,11.105657,Training,2.805653,6.116759,7.843742,14.227984,19.950027,23.393818,25.385195,31.354225,39.995438,49.176533,66.447220
1980-02-25,10.268547,Training,2.731390,5.745545,7.373065,13.317200,18.652702,21.833525,23.840874,29.210114,36.982964,44.885983,59.075974
1980-02-26,9.989511,Training,2.683929,5.509323,7.102455,12.733765,17.821421,20.861933,22.940857,27.899305,35.199200,42.369370,54.696697
1980-02-27,9.543052,Training,2.797784,5.596193,7.358946,12.939978,17.869343,20.873171,23.139456,27.940153,35.196754,42.333435,53.997715
1980-02-28,9.264016,Training,1.742444,3.770596,4.957103,9.259912,13.362102,15.848977,17.781878,21.954138,28.532337,34.345207,44.226540
1980-02-29,9.598859,Training,1.770000,3.975181,5.692572,10.220615,14.078501,16.832628,19.212868,23.629940,31.520329,39.030041,50.635910
1980-03-01,9.822089,Training,1.706300,3.890439,5.321025,10.091801,14.283434,17.208965,19.421293,24.289431,32.357822,40.157722,53.640919
1980-03-02,9.096594,Training,1.784051,4.269334,6.183203,11.375016,15.497825,18.822704,21.305500,26.444796,35.777973,45.811348,61.258228
1980-03-03,8.594328,Training,1.958720,4.540653,6.080301,11.370972,16.048409,19.471470,21.743635,27.050512,35.813961,44.723972,60.333965
1980-03-04,8.147869,Training,2.275692,5.241230,7.433278,13.345625,17.912498,21.604704,24.182228,29.770683,39.597557,50.604717,67.852470
1980-03-05,7.813025,Validation,1.828855,4.328341,5.720088,10.830537,15.375833,18.634617,20.717398,25.884117,34.268410,42.814667,58.041157
1980-03-06,7.701411,Validation,1.962316,4.455771,6.100670,11.399416,15.746528,18.831429,21.093132,26.192368,34.593487,43.605659,58.762806
1980-03-07,8.147869,Validation,2.286474,4.942048,6.540468,12.058228,16.713818,19.966772,22.121769,27.332071,35.366760,43.952320,58.402054
1980-03-08,7.422374,Validation,1.868974,4.141958,5.437806,10.191598,14.443013,17.283617,19.269775,23.816072,31.010437,38.116596,50.073200
1980-03-09,7.087530,Validation,0.995072,2.487180,3.307409,6.518559,9.647274,11.686623,13.307070,16.760046,22.632494,27.536079,35.946289
1980-03-10,6.975915,Validation,1.159749,2.729752,3.587872,7.009930,10.318152,12.413498,14.060083,17.581327,23.368475,28.310095,36.649647
1980-03-11,6.864301,Validation,0.771778,1.992578,2.668864,5.387408,8.114778,9.819606,11.259852,14.257032,19.319601,23.354916,30.163021
1980-03-12,6.641071,Validation,0.768966,1.971185,2.632668,5.289053,7.966180,9.620966,11.021502,13.921983,18.844147,22.682138,29.154198
1980-03-13,6.306227,Validation,0.763088,1.962444,2.624569,5.185734,7.793708,9.411348,10.793412,13.579929,18.456490,22.068336,28.192446
1980-03-14,6.194613,Validation,0.775728,1.978742,2.674600,5.258322,7.835839,9.423175,10.829087,13.619000,18.567947,22.208382,28.426092
1980-03-15,6.473649,Validation,0.791497,1.987562,2.678605,5.324996,7.926362,9.519413,10.902543,13.733848,18.625046,22.352537,28.671148
1980-03-16,6.194613,Validation,0.836455,2.067244,2.745998,5.369443,8.013826,9.654414,11.022162,13.772419,18.574066,22.138233,28.092625
1980-03-17,5.748154,Validation,0.908663,2.203851,3.048156,5.944840,8.587216,10.276790,11.820854,14.772730,20.139963,24.298504,31.320763
1980-03-18,5.803962,Validation,0.978913,2.443333,3.478847,6.722943,9.512142,11.531282,13.304161,16.568939,22.900698,28.320881,36.856449
1980-03-19,5.748154,Validation,0.721291,2.112020,3.123953,6.176758,8.790040,10.819275,12.633145,15.945419,22.859726,28.745403,38.433372
1980-03-20,5.859769,Validation,0.783872,2.343955,3.490879,6.876937,9.704258,12.003240,13.966518,17.651110,25.395483,32.486382,44.094048
1980-03-21,9.096594,Validation,0.593078,2.299263,3.582873,7.159641,10.202390,13.059955,15.199823,19.482935,28.623514,38.324768,51.950138
1980-03-22,7.924640,Validation,0.795993,2.789077,4.136311,8.278790,11.846812,14.884743,17.274466,22.187441,32.698193,42.733456,61.435413
1980-03-23,6.808493,Validation,0.827685,2.694308,3.911176,7.777707,10.988049,13.564641,15.595317,19.851665,28.701506,37.279217,52.620499
1980-03-24,6.362035,Validation,1.079900,3.158585,4.482556,8.688457,12.130149,14.883543,16.886114,21.334534,30.113171,38.992363,54.362755
1980-03-25,6.362035,Validation,1.037345,3.001262,4.223160,8.321355,11.761315,14.366945,16.329126,20.732668,29.090828,37.671509,52.615723
1980-03-26,5.971384,Validation,1.092553,2.999398,4.196432,8.244877,11.675409,14.171969,16.118015,20.367825,28.145954,36.332615,50.197876
1980-03-27,6.808493,Validation,1.170778,3.234903,4.746408,9.118944,12.650700,15.546352,17.787876,22.250605,30.891697,41.105152,55.806965
1980-03-28,7.422374,Validation,1.225970,3.472104,5.107359,9.835485,13.648596,16.834171,19.383863,24.281370,34.080048,45.476192,63.368530
1980-03-29,6.864301,Validation,1.277421,3.416384,4.702928,9.162106,13.087565,15.902855,18.020617,22.682539,30.930466,40.322983,56.140739
1980-03-30,6.752686,Validation,1.344554,3.302970,4.377006,8.509222,12.265055,14.776937,16.574341,20.687988,27.360050,34.743988,46.832973
1980-03-31,6.417842,Validation,1.359633,3.181949,4.170007,8.049345,11.616368,13.900586,15.561183,19.338448,25.236282,31.433115,41.352909
1980-04-01,5.859769,Training,1.320863,3.035058,3.956164,7.594626,10.972805,13.046153,14.591700,18.094164,23.539547,28.920366,37.485344
1980-04-02,5.748154,Training,1.254847,2.864058,3.726804,7.158699,10.361016,12.298752,13.763838,17.004000,22.090967,26.935085,34.529488
1980-04-03,5.357503,Training,1.269309,2.837962,3.882185,7.368180,10.343257,12.223485,13.888386,17.023336,22.419464,27.489622,35.175529
1980-04-04,5.134274,Training,1.313585,2.874272,3.744951,7.168220,10.293816,12.251099,13.709901,16.794071,21.634573,26.321459,33.111633
1980-04-05,4.855237,Training,1.290322,2.821330,3.647005,6.959435,10.038865,11.861812,13.235684,16.222080,20.878670,25.265345,31.650042
1980-04-06,4.743622,Training,1.175658,2.609788,3.355887,6.402868,9.291130,10.953479,12.195739,14.995155,19.360256,23.249786,28.968771
1980-04-07,4.576200,Training,1.073473,2.442674,3.136384,6.003140,8.749340,10.312035,11.474099,14.165364,18.414848,22.042398,27.442165
1980-04-08,4.352971,Training,1.037459,2.366457,3.039475,5.819494,8.505156,10.020965,11.154544,13.785305,17.937170,21.441923,26.578394
1980-04-09,4.408778,Training,0.769438,1.910839,2.483818,4.821462,7.110081,8.424846,9.427098,11.774388,15.628068,18.583218,23.069317
1980-04-10,4.241357,Training,0.758228,1.884352,2.449644,4.756838,7.014497,8.305590,9.291737,11.602999,15.394059,18.307770,22.650261
1980-04-11,4.241357,Training,0.713236,1.809675,2.372480,4.609202,6.781410,8.007972,8.981607,11.260679,15.053498,17.899204,22.192030
1980-04-12,4.408778,Training,0.659828,1.778274,2.511237,4.866841,6.962267,8.322430,9.558551,11.945056,16.624527,20.246923,25.412727
1980-04-13,12.500840,Training,0.471731,3.177403,4.683916,9.155739,12.173446,15.103997,17.528137,22.309816,28.995899,39.788933,47.817348
1980-04-14,32.647284,Training,0.786399,3.410311,5.456198,10.983032,15.566590,19.782375,23.197350,29.730732,45.682159,61.352676,83.748947
1980-04-15,21.318397,Training,0.927405,3.343048,4.721942,9.344542,13.384206,16.207830,18.534889,23.713629,34.742695,45.480671,65.677742
1980-04-16,13.058913,Training,1.398299,3.920205,5.038131,9.637238,13.943245,16.500925,18.068649,22.734770,31.037802,39.978508,56.005741
1980-04-17,10.380162,Training,1.562172,3.917339,5.100481,9.536923,13.506295,15.799074,17.316290,21.609470,28.886047,36.680519,49.684975
1980-04-18,9.096594,Training,1.566854,3.687950,4.798501,8.947904,12.769909,14.968780,16.470684,20.432241,26.889902,33.658531,44.372334
1980-04-19,7.924640,Training,1.562324,3.502524,4.547508,8.458490,12.166388,14.262417,15.749628,19.373306,25.218897,31.087008,40.080803
1980-04-20,6.864301,Training,1.606853,3.449536,4.475337,8.245792,11.881536,13.879523,15.351499,18.749025,24.155487,29.425797,37.221130
1980-04-21,6.585264,Training,1.657305,3.427057,4.459449,8.147787,11.729033,13.662808,15.144858,18.374186,23.487219,28.410215,35.374065
1980-04-22,5.692347,Training,1.633312,3.314835,4.317160,7.867445,11.356114,13.222224,14.682014,17.740141,22.610653,27.182562,33.493706
1980-04-23,5.357503,Training,1.636417,3.280232,4.265828,7.734773,11.191987,12.999348,14.418250,17.407848,22.138664,26.458549,32.447727
1980-04-24,5.190081,Training,1.612866,3.201705,4.170459,7.556045,10.948987,12.709793,14.116364,17.014357,21.606035,25.759129,31.397596
1980-04-25,4.911044,Training,1.569511,3.112503,4.052547,7.354434,10.676864,12.385897,13.767340,16.597069,21.077793,25.093206,30.476873
1980-04-26,4.687815,Training,1.474336,2.999888,4.084661,7.408402,10.497039,12.109553,13.662050,16.583857,21.553232,25.914591,31.890579
1980-04-27,4.632008,Training,1.411737,2.904089,3.765332,6.924276,10.107083,11.776196,13.076531,15.958018,20.439621,24.464409,29.872173
1980-04-28,4.520393,Training,1.280064,2.725870,3.624262,6.714815,9.667875,11.188127,12.575824,15.461884,20.205561,24.334663,30.046370
1980-04-29,4.576200,Training,1.195632,2.586960,3.409788,6.360531,9.212776,10.705309,12.023754,14.881153,19.464581,23.451824,28.855362
1980-04-30,4.464586,Training,1.095356,2.413931,3.160475,5.987881,8.782989,10.255853,11.542994,14.348778,18.790705,22.730444,27.877207
1980-05-01,4.073935,Training,1.013572,2.283168,3.010799,5.728343,8.446566,9.855432,11.147137,13.910722,18.330000,22.238874,27.296930
1980-05-02,4.576200,Training,0.424020,1.530911,2.259084,4.427355,6.582042,8.090540,9.500546,12.184193,17.153761,21.975336,27.441496
1980-05-03,6.696879,Training,0.177556,1.139708,1.834384,3.933072,5.723645,7.107733,8.506771,11.224454,17.232643,22.270586,29.909685
1980-05-04,4.576200,Training,0.163711,1.111585,1.733092,3.728220,5.511433,6.783668,8.041859,10.698288,16.225677,20.847153,28.248453
1980-05-05,5.915576,Training,0.236370,1.669219,2.654949,5.369318,7.860775,10.073687,12.006468,15.686927,22.243235,30.249876,39.348228
1980-05-06,14.007638,Training,0.276721,1.576569,2.351060,5.076241,7.621443,9.492089,11.180716,14.903541,22.484751,29.696890,41.937820
1980-05-07,8.929172,Training,0.360200,1.684246,2.579721,5.394145,7.770069,9.525044,11.246689,14.584908,21.883553,29.157480,40.235165
1980-05-08,7.366567,Training,0.459672,1.801324,2.557310,5.281778,7.787316,9.429022,10.901358,14.279504,20.684507,26.834270,37.014347
1980-05-09,6.138805,Training,0.445600,1.671181,2.288022,4.734262,7.118263,8.595850,9.847526,12.858210,18.304468,23.254961,31.399878
1980-05-10,5.580732,Training,0.528374,1.751564,2.504949,5.049675,7.345039,8.765136,10.194921,13.085826,18.656960,23.527071,31.428743
1980-05-11,5.636540,Training,0.413884,2.524672,3.872427,7.511589,10.807744,13.598402,16.080544,20.763561,27.546297,37.618870,47.876171
1980-05-12,7.757218,Training,0.602579,2.766542,4.389136,8.959948,13.100144,16.464640,19.551134,25.313761,38.587303,52.762218,73.631653
1980-05-13,7.031723,Training,0.727611,2.722044,3.784384,7.712116,11.619822,14.131884,16.274225,21.169214,30.677448,40.475861,58.978920
1980-05-14,6.250420,Training,0.892416,2.648492,3.515792,7.011146,10.484883,12.479088,14.093963,18.073898,24.978786,32.073227,44.666332
1980-05-15,5.692347,Training,0.931924,2.567429,3.373989,6.661060,9.925858,11.744480,13.222337,16.878311,22.979687,28.903843,39.266075
1980-05-16,5.469118,Training,0.945958,2.477384,3.261069,6.413479,9.553069,11.274203,12.746639,16.150291,21.846481,27.112785,36.198437
1980-05-17,5.078466,Training,0.879400,2.274838,3.010508,5.938469,8.892829,10.481141,11.925632,15.050159,20.371872,25.046135,33.027576
1980-05-18,5.190081,Training,0.851202,2.161379,2.875247,5.663754,8.501012,9.986780,11.410523,14.349503,19.402927,23.699736,30.940668
1980-05-19,4.966852,Training,0.894991,2.162751,2.877007,5.650759,8.486927,9.956431,11.412929,14.231510,19.087223,23.225796,29.920059
1980-05-20,4.632008,Training,1.067018,2.384336,3.156739,6.121925,9.144420,10.677061,12.236134,15.105480,19.944653,24.247383,30.773922
1980-05-21,4.576200,Training,0.708904,1.808361,2.416670,4.804622,7.336607,8.599806,9.904222,12.427857,16.807451,20.344700,26.030851
1980-05-22,4.352971,Training,0.591674,1.608701,2.158621,4.323432,6.670479,7.822897,9.026727,11.403354,15.560612,18.802053,24.046276
1980-05-23,4.129742,Training,0.604386,1.597435,2.151454,4.326658,6.703347,7.852414,9.125123,11.465223,15.610809,18.946188,24.045572
1980-05-24,3.906513,Training,0.265242,1.053876,1.478131,3.074875,4.873873,5.774633,6.756779,8.745260,12.369402,14.991049,19.239925
1980-05-25,3.962320,Training,0.324203,1.159542,1.599430,3.304389,5.216678,6.151439,7.162928,9.246250,12.954212,15.706820,20.166132
1980-05-26,3.794898,Training,0.210228,0.969471,1.375947,2.887686,4.593121,5.431613,6.362336,8.322131,11.866258,14.412941,18.592148
1980-05-27,3.850705,Training,0.220081,1.013275,1.483057,3.103463,4.819815,5.683196,6.712993,8.781741,12.701369,15.505294,20.323683
1980-05-28,3.794898,Training,0.258075,1.068208,1.480346,3.127965,4.997261,5.928010,6.917187,9.010919,12.702811,15.603292,20.135750
1980-05-29,3.515861,Training,0.242192,1.042312,1.465846,3.125993,5.028073,5.934696,6.998468,9.119814,12.913826,16.013733,20.713638
1980-05-30,3.683283,Training,0.023890,0.678808,1.045475,2.318508,3.730169,4.452802,5.295509,7.148248,10.537913,13.044834,17.163570
1980-05-31,4.185549,Training,-0.110066,0.438015,0.743369,1.719859,2.835907,3.449692,4.106524,5.715952,8.630415,10.738075,14.137298
1980-06-01,3.739091,Training,-0.124290,0.415046,0.704456,1.635084,2.725941,3.328415,3.949168,5.508024,8.300798,10.340405,13.582984
1980-06-02,3.404247,Training,-0.134898,0.385574,0.662460,1.545805,2.596912,3.163840,3.779603,5.248801,7.998614,9.951603,13.089870
1980-06-03,3.460054,Training,-0.146050,0.365874,0.635757,1.489970,2.514494,3.061329,3.655858,5.093453,7.776664,9.683053,12.755077
1980-06-04,2.790366,Training,-0.160673,0.345621,0.612008,1.448563,2.453927,2.992125,3.566511,4.999743,7.624329,9.519077,12.562468
1980-06-05,2.901981,Training,-0.183713,0.316832,0.579912,1.390635,2.366329,2.894936,3.445678,4.890853,7.451181,9.357680,12.420084
1980-06-06,2.622944,Training,-0.204049,0.288515,0.544439,1.319083,2.255253,2.766530,3.293039,4.718121,7.214838,9.107080,12.155900
1980-06-07,2.567137,Training,-0.227193,0.252129,0.499283,1.231786,2.126377,2.614195,3.121872,4.506764,6.933572,8.807943,11.833383
1980-06-08,2.567137,Training,-0.237480,0.235554,0.482365,1.203398,2.085016,2.561731,3.065732,4.447864,6.869561,8.743593,11.805713
1980-06-09,2.790366,Training,-0.261215,0.207943,0.482459,1.248515,2.117495,2.612709,3.168932,4.616363,7.298393,9.315406,12.848698
1980-06-10,2.846173,Training,-0.270830,0.192260,0.449681,1.177883,2.026737,2.510115,3.029059,4.437567,6.977483,8.970269,12.323137
1980-06-11,2.901981,Training,-0.287628,0.176448,0.451103,1.210407,2.066937,2.571954,3.133319,4.589525,7.315377,9.449345,13.158953
1980-06-12,3.404247,Training,-0.298326,0.173511,0.465325,1.262943,2.135309,2.682276,3.281224,4.806722,7.731864,10.066218,14.151919
1980-06-13,3.906513,Training,-0.327695,0.152334,0.468545,1.322220,2.217387,2.839025,3.503644,5.136105,8.422804,11.234506,16.012949
1980-06-14,4.241357,Training,-0.341829,0.140391,0.449787,1.301593,2.207511,2.821358,3.494192,5.144135,8.424235,11.290802,16.234938
1980-06-15,2.957788,Training,-0.337965,0.122319,0.377487,1.080974,1.916104,2.445150,2.982707,4.418611,7.081435,9.442080,13.302041
1980-06-16,2.734559,Training,-0.316721,0.152964,0.417444,1.166802,2.034567,2.560889,3.125094,4.594432,7.339791,9.622383,13.537435
1980-06-17,2.734559,Training,-0.295695,0.174373,0.414905,1.124034,1.992729,2.502759,3.012732,4.405951,6.899886,8.974023,12.391045
1980-06-18,2.678751,Training,-0.304689,0.150425,0.379791,1.031256,1.839803,2.308903,2.770702,4.079225,6.399680,8.320004,11.476521
1980-06-19,2.399715,Training,-0.308177,0.136022,0.357770,0.973491,1.750380,2.190628,2.625597,3.880297,6.089792,7.911297,10.903006
1980-06-20,2.288100,Training,-0.316340,0.118685,0.334466,0.916980,1.663411,2.079388,2.492964,3.706501,5.826871,7.595328,10.498126
1980-06-21,2.176486,Training,-0.312757,0.123055,0.340372,0.929690,1.683691,2.102660,2.515880,3.735664,5.860902,7.616789,10.498895
1980-06-22,2.343908,Training,-0.314261,0.120526,0.344345,0.950528,1.712989,2.134335,2.561357,3.801177,5.985968,7.762372,10.717403
1980-06-23,2.399715,Training,-0.304262,0.138005,0.362059,0.981264,1.764184,2.200858,2.625268,3.883000,6.068603,7.838249,10.761091
1980-06-24,2.120678,Training,-0.308561,0.130493,0.354243,0.968646,1.748263,2.180505,2.605537,3.857088,6.040031,7.804436,10.737811
1980-06-25,2.120678,Training,-0.321060,0.109042,0.331327,0.928821,1.684919,2.099775,2.522403,3.750158,5.917369,7.674055,10.631097
1980-06-26,2.064871,Training,-0.317027,0.116220,0.332868,0.922863,1.684344,2.102624,2.515181,3.733923,5.851618,7.592339,10.484008
1980-06-27,1.785834,Training,-0.315791,0.117723,0.333054,0.931063,1.706465,2.126227,2.552630,3.765459,5.898766,7.653142,10.559902
1980-06-28,1.618412,Training,-0.327241,0.096541,0.303972,0.863984,1.599835,1.993724,2.396972,3.556991,5.600787,7.296232,10.124748
1980-06-29,1.785834,Training,-0.316654,0.116171,0.326984,0.921160,1.695037,2.106191,2.535242,3.733809,5.837510,7.577013,10.480799
1980-06-30,1.674220,Training,-0.320204,0.110946,0.316864,0.902900,1.669644,2.069023,2.500633,3.678175,5.753850,7.486171,10.392908
1980-07-01,1.339376,Validation,-0.337298,0.081273,0.276938,0.806345,1.509234,1.872365,2.263396,3.370032,5.303959,6.954551,9.752625
1980-07-02,1.395183,Validation,-0.360450,0.034893,0.215741,0.649722,1.242097,1.550146,1.868462,2.844702,4.530789,6.008197,8.588333
1980-07-03,1.227761,Validation,-0.376322,0.000573,0.167582,0.519856,1.021045,1.277995,1.540533,2.389954,3.847431,5.184491,7.601658
1980-07-04,1.339376,Validation,-0.378068,-0.001134,0.165279,0.514531,1.013236,1.266581,1.529148,2.374039,3.818906,5.155139,7.586467
1980-07-05,1.506798,Validation,-0.382895,-0.011577,0.149811,0.472346,0.942282,1.174916,1.423802,2.221958,3.583786,4.876793,7.277750
1980-07-06,1.730027,Validation,-0.391614,-0.027451,0.132985,0.440904,0.891396,1.108230,1.355156,2.122562,3.455206,4.732797,7.156607
1980-07-07,1.730027,Validation,-0.395621,-0.035324,0.123032,0.417802,0.854174,1.060603,1.302189,2.044173,3.340107,4.599692,7.019863
1980-07-08,1.730027,Validation,-0.392413,-0.029914,0.125156,0.412163,0.846102,1.051845,1.285574,2.016491,3.273041,4.515038,6.893481
1980-07-09,1.562605,Validation,-0.393544,-0.031043,0.123962,0.407324,0.837176,1.037850,1.270977,1.995624,3.238911,4.476452,6.872992
1980-07-10,1.395183,Validation,-0.394033,-0.035149,0.114827,0.380272,0.795550,0.986219,1.209183,1.897694,3.083218,4.281799,6.620432
1980-07-11,1.227761,Validation,-0.395121,-0.041590,0.105002,0.354434,0.754139,0.933624,1.148573,1.801738,2.949408,4.110482,6.405093
1980-07-12,1.060339,Validation,-0.392999,-0.043423,0.099400,0.331287,0.714520,0.881157,1.085940,1.703901,2.802123,3.923312,6.173727
1980-07-13,1.171954,Validation,-0.393051,-0.046541,0.093898,0.312468,0.682480,0.838777,1.037663,1.628857,2.685573,3.780486,6.013413
1980-07-14,1.171954,Validation,-0.397488,-0.050672,0.090732,0.312622,0.683434,0.840741,1.042429,1.639905,2.686005,3.787910,6.049986
1980-07-15,1.004532,Validation,-0.403448,-0.061655,0.081037,0.296533,0.655770,0.802371,1.006087,1.586854,2.619030,3.714952,6.020018
1980-07-16,0.725495,Validation,-0.400260,-0.057877,0.080871,0.284761,0.636908,0.780470,0.975650,1.535754,2.525783,3.595829,5.855503
1980-07-17,0.781303,Validation,-0.396013,-0.056699,0.079410,0.268232,0.606846,0.740689,0.927837,1.456461,2.418456,3.453954,5.675505
1980-07-18,0.669688,Validation,-0.394044,-0.056743,0.077608,0.257933,0.588120,0.715741,0.897680,1.408803,2.342498,3.355348,5.557342
1980-07-19,1.004532,Validation,-0.397672,-0.061992,0.072291,0.252970,0.580854,0.707642,0.889392,1.398572,2.316145,3.324132,5.532864
1980-07-20,1.171954,Validation,-0.400249,-0.064506,0.070180,0.252070,0.579498,0.705822,0.888393,1.398278,2.305513,3.313325,5.539211
1980-07-21,1.227761,Validation,-0.398410,-0.065537,0.067435,0.238940,0.556120,0.675908,0.853301,1.340896,2.226125,3.209836,5.414752
1980-07-22,0.948724,Validation,-0.397222,-0.065770,0.066322,0.232418,0.543727,0.659930,0.833966,1.309427,2.178964,3.147532,5.342241
1980-07-23,0.781303,Validation,-0.399692,-0.069410,0.062693,0.229435,0.539065,0.654068,0.827614,1.301518,2.156034,3.118818,5.319422
1980-07-24,0.613881,Validation,-0.399284,-0.070799,0.060326,0.221535,0.524908,0.635562,0.806233,1.267066,2.100477,3.047682,5.241849
1980-07-25,0.837110,Validation,-0.416954,-0.094745,0.046287,0.225412,0.528735,0.638757,0.826697,1.307800,2.203553,3.189969,5.552075
1980-07-26,0.837110,Validation,-0.405716,-0.078842,0.055093,0.219375,0.519121,0.629034,0.802118,1.263545,2.098786,3.051037,5.299303
1980-07-27,0.948724,Validation,-0.402594,-0.076130,0.055431,0.212367,0.506853,0.613772,0.781962,1.227072,2.035258,2.965643,5.181096
1980-07-28,1.004532,Validation,-0.450053,-0.142960,0.013729,0.216730,0.504057,0.625580,0.835139,1.316498,2.310665,3.365547,6.102185
1980-07-29,1.171954,Validation,-0.416629,-0.096802,0.040794,0.196298,0.476581,0.581861,0.754924,1.190047,2.004349,2.955928,5.287054
1980-07-30,1.060339,Validation,-0.410456,-0.089647,0.044504,0.190630,0.467439,0.568937,0.736624,1.150869,1.932650,2.854866,5.126830
1980-07-31,1.116146,Validation,-0.399394,-0.079649,0.048776,0.189553,0.463301,0.558370,0.713528,1.118317,1.859914,2.731050,4.909165
1980-08-01,0.837110,Validation,-0.397733,-0.079661,0.047621,0.185169,0.454488,0.547226,0.698288,1.094380,1.821299,2.674748,4.830575
1980-08-02,0.502266,Validation,-0.396915,-0.080778,0.045825,0.179637,0.443794,0.533912,0.682046,1.068052,1.781146,2.619886,4.763515
1980-08-03,0.558073,Validation,-0.396387,-0.084665,0.042842,0.172620,0.429184,0.514685,0.661988,1.035914,1.746771,2.574319,4.724395
1980-08-04,0.725495,Validation,-0.393539,-0.081366,0.043701,0.168600,0.421341,0.506467,0.647742,1.012104,1.697997,2.507794,4.626094
1980-08-05,0.502266,Validation,-0.392477,-0.081418,0.043256,0.165513,0.414430,0.497928,0.636921,0.993694,1.670392,2.469560,4.581519
1980-08-06,0.390651,Validation,-0.393270,-0.083176,0.041312,0.162950,0.409194,0.491542,0.628884,0.981324,1.648885,2.438598,4.548575
1980-08-07,0.669688,Validation,-0.394562,-0.085938,0.038943,0.160271,0.403532,0.484375,0.620934,0.969059,1.630546,2.412952,4.528420
1980-08-08,0.613881,Validation,-0.394353,-0.085194,0.039060,0.159802,0.401426,0.481497,0.615646,0.960335,1.609509,2.382620,4.494778
1980-08-09,0.669688,Validation,-0.394176,-0.085709,0.038302,0.157879,0.396772,0.475647,0.607934,0.947558,1.588765,2.353050,4.463310
1980-08-10,0.669688,Validation,-0.392391,-0.086279,0.036927,0.152028,0.385281,0.462655,0.591914,0.920547,1.551698,2.303440,4.400058
1980-08-11,0.725495,Validation,-0.390987,-0.086069,0.036675,0.149447,0.379122,0.455341,0.582119,0.903935,1.527231,2.269638,4.359945
1980-08-12,0.781303,Validation,-0.390596,-0.086616,0.035768,0.147387,0.374215,0.449673,0.574270,0.890949,1.506706,2.240627,4.326169
1980-08-13,0.669688,Validation,-0.390276,-0.087394,0.034635,0.144407,0.367638,0.441452,0.564217,0.874207,1.479185,2.203170,4.286991
1980-08-14,0.781303,Validation,-0.452239,-0.172267,-0.022516,0.146768,0.372853,0.472821,0.640202,0.990317,1.797154,2.666507,5.367258
1980-08-15,1.004532,Validation,-0.417134,-0.116630,0.017543,0.141930,0.361214,0.445007,0.584160,0.906246,1.565540,2.348628,4.637826
1980-08-16,0.892917,Validation,-0.406866,-0.105205,0.024766,0.137403,0.350825,0.429004,0.561548,0.860290,1.478091,2.227715,4.451627
1980-08-17,0.613881,Validation,-0.388480,-0.088444,0.033458,0.136748,0.346340,0.417143,0.535300,0.820552,1.400705,2.100005,4.208739
1980-08-18,0.558073,Validation,-0.389177,-0.091245,0.029856,0.132983,0.339733,0.408122,0.523122,0.804087,1.369356,2.053069,4.143213
1980-08-19,0.613881,Validation,-0.400387,-0.109680,0.019640,0.133823,0.338215,0.405020,0.532508,0.818579,1.428307,2.131587,4.351115
1980-08-20,0.613881,Validation,-0.376049,-0.073630,0.047226,0.144363,0.347976,0.418216,0.530808,0.802050,1.375111,2.066283,4.189244
1980-08-21,0.558073,Validation,-0.374343,-0.072134,0.048622,0.144819,0.346857,0.415654,0.527686,0.793619,1.361851,2.048079,4.174774
1980-08-22,0.446459,Validation,-0.379647,-0.082450,0.041466,0.142715,0.342772,0.408264,0.524218,0.790886,1.368992,2.053551,4.221496
1980-08-23,0.446459,Validation,-0.385911,-0.092555,0.029412,0.128384,0.321704,0.385532,0.496004,0.753248,1.299246,1.958205,4.082045
1980-08-24,0.390651,Validation,-0.387568,-0.094836,0.025333,0.122258,0.312304,0.375013,0.481121,0.732201,1.255918,1.897515,3.988430
1980-08-25,0.613881,Validation,-0.408249,-0.126048,0.005992,0.121641,0.310199,0.372867,0.497251,0.758584,1.345367,2.013231,4.295151
1980-08-26,1.227761,Validation,-0.509436,-0.242825,-0.090457,0.091955,0.320223,0.467000,0.634492,0.943496,1.709433,2.672709,6.127424
1980-08-27,2.120678,Validation,-0.459879,-0.162959,-0.000030,0.132332,0.314364,0.412511,0.578238,0.858378,1.569760,2.448261,5.330658
1980-08-28,1.283568,Validation,-0.429933,-0.129187,0.015525,0.127567,0.309616,0.393752,0.534226,0.785779,1.401867,2.173387,4.725654
1980-08-29,1.227761,Validation,-0.404972,-0.102986,0.025513,0.128823,0.317297,0.393700,0.511642,0.762636,1.338036,2.029036,4.339827
1980-08-30,1.116146,Validation,-0.400238,-0.102421,0.022552,0.123194,0.309345,0.379891,0.490040,0.736044,1.284595,1.942078,4.166937
1980-08-31,0.725495,Validation,-0.399428,-0.104098,0.019805,0.119993,0.305134,0.372448,0.479578,0.723060,1.258876,1.901442,4.088590
1980-09-01,0.781303,Validation,-0.393508,-0.096151,0.026707,0.127378,0.314413,0.382723,0.488900,0.730316,1.272046,1.916304,4.104715
1980-09-02,0.558073,Validation,-0.392049,-0.099151,0.022627,0.118847,0.299341,0.362475,0.464235,0.696484,1.211893,1.833439,3.985015
1980-09-03,0.725495,Validation,-0.392558,-0.101875,0.019335,0.114860,0.293601,0.354079,0.453909,0.683677,1.187760,1.799275,3.932072
1980-09-04,0.669688,Validation,-0.392050,-0.102155,0.018672,0.113535,0.291135,0.350428,0.448944,0.676339,1.174972,1.781158,3.907222
1980-09-05,0.613881,Validation,-0.391954,-0.102810,0.017670,0.112045,0.288832,0.347016,0.444285,0.670178,1.163841,1.765297,3.884407
1980-09-06,0.781303,Validation,-0.389980,-0.100968,0.019185,0.112746,0.288414,0.346498,0.442531,0.664977,1.156461,1.755194,3.874546
1980-09-07,0.446459,Validation,-0.390808,-0.102919,0.017048,0.110236,0.285161,0.341814,0.436968,0.658655,1.144591,1.738842,3.851558
1980-09-08,0.502266,Validation,-0.393476,-0.106853,0.013984,0.108675,0.283985,0.339666,0.435834,0.659125,1.147481,1.742280,3.863245
1980-09-09,0.502266,Validation,-0.390891,-0.102083,0.018205,0.111878,0.287503,0.345492,0.440296,0.661049,1.151488,1.747956,3.871919
1980-09-10,0.446459,Validation,-0.387998,-0.093885,0.027116,0.123629,0.304908,0.367296,0.463942,0.689117,1.201375,1.813802,3.972758
1980-09-11,0.390651,Validation,-0.394835,-0.096404,0.025748,0.132767,0.326375,0.394982,0.497580,0.739520,1.286509,1.921681,4.109231
1980-09-12,0.390651,Validation,-0.407003,-0.106801,0.016185,0.141622,0.352937,0.424451,0.539940,0.805528,1.391974,2.054721,4.289849
1980-09-13,0.446459,Validation,-0.401613,-0.098742,0.022151,0.151683,0.372930,0.439933,0.563253,0.829585,1.419296,2.092160,4.376006
1980-09-14,0.446459,Validation,-0.380036,-0.094217,0.024414,0.111556,0.276591,0.327774,0.417698,0.618410,1.073494,1.646500,3.777341
1980-09-15,0.334844,Validation,-0.385740,-0.102901,0.022042,0.116830,0.283350,0.333513,0.432592,0.638031,1.122599,1.712266,3.942910
1980-09-16,0.502266,Validation,-0.378105,-0.090085,0.030418,0.118088,0.283763,0.336068,0.427880,0.628110,1.092133,1.675246,3.854946
1980-09-17,0.446459,Validation,-0.385068,-0.102029,0.018036,0.104743,0.267938,0.317261,0.408710,0.608143,1.057677,1.629478,3.776521
1980-09-18,0.446459,Validation,-0.387440,-0.105735,0.013174,0.099497,0.263848,0.310845,0.401591,0.604525,1.048005,1.614753,3.740673
1980-09-19,0.558073,Validation,-0.394294,-0.116616,0.006513,0.097833,0.262198,0.307349,0.404364,0.610161,1.069229,1.643076,3.822802
1980-09-20,0.669688,Validation,-0.436881,-0.175255,-0.033366,0.092464,0.256159,0.312537,0.437322,0.660991,1.221024,1.848408,4.393228
1980-09-21,0.725495,Validation,-0.423230,-0.151648,-0.014655,0.093237,0.255300,0.308571,0.425191,0.643840,1.163063,1.786633,4.205350
1980-09-22,0.502266,Validation,-0.404214,-0.122016,0.005544,0.097594,0.261590,0.314377,0.417777,0.625724,1.099714,1.707541,3.980031
1980-09-23,0.558073,Validation,-0.393423,-0.110198,0.012367,0.099319,0.265162,0.315063,0.411162,0.615024,1.072947,1.660839,3.862893
1980-09-24,0.502266,Validation,-0.387861,-0.104099,0.016785,0.101857,0.268688,0.317008,0.410063,0.612512,1.065161,1.645481,3.823820
1980-09-25,0.502266,Validation,-0.387335,-0.103991,0.016641,0.101102,0.268438,0.315696,0.408440,0.611063,1.061630,1.640444,3.812021
1980-09-26,0.446459,Validation,-0.389308,-0.107088,0.013503,0.097847,0.265803,0.311809,0.405235,0.609589,1.058813,1.637532,3.806026
1980-09-27,0.502266,Validation,-0.436785,-0.175108,-0.031226,0.092404,0.259578,0.315031,0.443208,0.666467,1.232546,1.872482,4.462955
1980-09-28,0.613881,Validation,-0.486934,-0.235120,-0.074227,0.091903,0.276306,0.373639,0.531202,0.780946,1.490078,2.322685,5.638698
1980-09-29,1.060339,Validation,-0.428817,-0.130996,0.020104,0.125565,0.292938,0.370351,0.504235,0.727023,1.302676,2.051080,4.805781
1980-09-30,0.725495,Validation,-0.407640,-0.110677,0.028593,0.124313,0.297519,0.361071,0.482595,0.695423,1.232065,1.918705,4.469912
1980-10-01,0.725495,Validation,-0.390154,-0.095987,0.032300,0.118591,0.294683,0.348821,0.454524,0.665084,1.161479,1.792920,4.157982
1980-10-02,0.669688,Validation,-0.386630,-0.091575,0.036447,0.122033,0.300186,0.352878,0.458214,0.669852,1.166526,1.796860,4.155623
1980-10-03,0.725495,Validation,-0.403480,-0.119840,0.014344,0.108556,0.285524,0.334100,0.449825,0.668720,1.185269,1.821898,4.245697
1980-10-04,0.781303,Validation,-0.453678,-0.188649,-0.030918,0.108926,0.289190,0.361269,0.513423,0.754431,1.416541,2.161754,5.162959
1980-10-05,0.837110,Validation,-0.422458,-0.133946,0.009679,0.108666,0.284564,0.346188,0.475333,0.704442,1.258916,1.961704,4.577960
1980-10-06,0.725495,Validation,-0.414958,-0.124292,0.012165,0.103632,0.283315,0.340577,0.463049,0.687940,1.215117,1.896710,4.391797
1980-10-07,0.725495,Validation,-0.409442,-0.122707,0.007963,0.097910,0.283006,0.333362,0.449991,0.680277,1.194974,1.848606,4.238263
1980-10-08,0.725495,Validation,-0.431688,-0.151543,-0.012230,0.098631,0.291506,0.344260,0.480044,0.732601,1.314316,2.005963,4.574453
1980-10-09,0.781303,Validation,-0.412366,-0.127514,0.001489,0.090788,0.276152,0.324636,0.441749,0.678005,1.187820,1.846365,4.240816
1980-10-10,0.725495,Validation,-0.411712,-0.129778,0.001360,0.090633,0.274975,0.319977,0.440190,0.672028,1.181437,1.838595,4.250827
1980-10-11,0.781303,Validation,-0.411339,-0.130392,-0.000440,0.088722,0.275371,0.319147,0.438724,0.674249,1.184117,1.840520,4.240273
1980-10-12,0.725495,Validation,-0.403622,-0.115507,0.006288,0.088838,0.281124,0.327602,0.438376,0.678316,1.171932,1.825956,4.134593
1980-10-13,0.502266,Validation,-0.413848,-0.133311,-0.003053,0.088844,0.281423,0.325144,0.447868,0.691259,1.214954,1.883142,4.286333
1980-10-14,0.558073,Validation,-0.418829,-0.136424,-0.006392,0.089429,0.288036,0.335204,0.460579,0.715903,1.257905,1.943947,4.362468
1980-10-15,0.725495,Validation,-0.587011,-0.307170,-0.140076,0.075724,0.355083,0.534633,0.772148,1.184445,2.123231,3.425189,8.147045
1980-10-16,1.730027,Validation,-0.600978,-0.287507,-0.061402,0.186359,0.442263,0.633326,0.951726,1.465829,2.904240,4.794849,10.841434
1980-10-17,1.283568,Validation,-0.582451,-0.263130,-0.042143,0.182647,0.424659,0.592381,0.891770,1.360499,2.660140,4.400985,9.982176
1980-10-18,1.060339,Validation,-0.503701,-0.142778,0.031597,0.193222,0.459313,0.602578,0.832876,1.265792,2.265288,3.604165,7.570891
1980-10-19,0.725495,Validation,-0.488218,-0.128829,0.027611,0.187910,0.471297,0.604577,0.819828,1.255563,2.224471,3.454772,7.038069
1980-10-20,0.558073,Validation,-0.479966,-0.127040,0.023646,0.186781,0.483114,0.610884,0.822889,1.264590,2.230222,3.398914,6.782438
1980-10-21,0.669688,Validation,-0.469589,-0.132664,0.015345,0.175028,0.470913,0.583583,0.789636,1.207146,2.131831,3.197557,6.314894
1980-10-22,0.725495,Validation,-0.469191,-0.139554,0.006524,0.174384,0.480825,0.591477,0.798807,1.228231,2.167077,3.216299,6.231017
1980-10-23,0.837110,Validation,-0.495747,-0.180346,-0.017127,0.180217,0.482326,0.604447,0.840395,1.290692,2.371064,3.488150,6.927542
1980-10-24,1.116146,Validation,-0.518425,-0.203433,-0.029775,0.184492,0.489286,0.631805,0.889366,1.373127,2.564966,3.825952,7.643283
1980-10-25,1.171954,Validation,-0.486295,-0.150480,0.002015,0.178071,0.494547,0.631301,0.851381,1.323089,2.341567,3.532892,6.735669
1980-10-26,0.725495,Validation,-0.469451,-0.135730,0.010928,0.182836,0.506472,0.629128,0.842267,1.297257,2.276589,3.381357,6.385846
1980-10-27,0.613881,Validation,-0.458459,-0.125156,0.015557,0.185042,0.516999,0.635194,0.839274,1.299863,2.257320,3.320828,6.179205
1980-10-28,0.669688,Validation,-0.452876,-0.118811,0.022010,0.198878,0.543713,0.662353,0.871030,1.341130,2.317425,3.383990,6.215277
1980-10-29,0.669688,Validation,-0.449896,-0.111601,0.030771,0.220320,0.583824,0.707171,0.927956,1.416991,2.440602,3.535961,6.411481
1980-10-30,0.725495,Validation,-0.453242,-0.112124,0.030984,0.244667,0.638078,0.771053,1.011631,1.545723,2.646561,3.807891,6.748752
1980-10-31,0.669688,Validation,-0.450916,-0.101694,0.041779,0.287523,0.724067,0.871405,1.142189,1.725960,2.926206,4.170969,7.221546
1980-11-01,0.725495,Validation,-0.452258,-0.097162,0.048612,0.327332,0.802954,0.964322,1.266771,1.908020,3.220873,4.559442,7.752678
1980-11-02,0.725495,Validation,-0.559540,-0.190096,-0.007737,0.426180,1.036339,1.387869,1.861837,2.870799,5.139799,7.711122,13.787407
1980-11-03,2.846173,Validation,-0.694784,-0.321793,-0.067560,0.376032,0.927786,1.460528,2.011296,3.407749,6.467113,11.128491,22.041428
1980-11-04,3.013595,Validation,-0.585013,-0.150734,0.122638,0.449485,0.910165,1.285784,1.748394,2.787091,5.057565,8.309182,15.858947
1980-11-05,1.060339,Validation,-0.536840,-0.140022,0.081236,0.315483,0.717458,0.961978,1.320893,2.089191,3.736399,5.949195,10.897456
1980-11-06,1.227761,Validation,-0.585583,-0.195252,0.037507,0.380049,0.808452,1.131172,1.545623,2.498437,4.707099,7.554273,14.543318
1980-11-07,1.395183,Validation,-0.574437,-0.179397,0.058350,0.372567,0.787010,1.075398,1.498562,2.390358,4.494986,7.211875,14.110956
1980-11-08,1.339376,Validation,-0.673390,-0.248766,0.044386,0.521476,1.117473,1.723545,2.332833,3.927186,7.412144,13.108152,26.170364
1980-11-09,1.004532,Validation,-0.653097,-0.090504,0.391007,1.149763,2.022482,3.147780,4.090840,7.077290,13.535698,23.913456,45.855354
1980-11-10,1.116146,Validation,-0.596925,0.008500,0.493068,1.241737,2.091163,3.086684,4.002540,6.699201,12.595768,21.069801,39.705120
1980-11-11,1.785834,Validation,-0.599631,0.005784,0.461974,1.319501,2.303107,3.424821,4.363359,7.332451,13.870101,23.498526,44.582218
1980-11-12,1.618412,Validation,-0.562311,0.149458,0.757818,1.852509,3.073621,4.673456,5.831553,9.940420,18.578760,30.934137,56.636314
1980-11-13,1.674220,Validation,-0.459748,0.268860,0.777378,1.622861,2.678006,3.828637,4.724524,7.626878,13.134176,20.472265,35.210491
1980-11-14,1.506798,Validation,-0.460587,0.158954,0.535682,1.317254,2.282727,3.169969,3.897742,6.150249,10.420050,15.519447,25.497766
1980-11-15,1.562605,Validation,-0.442739,0.146719,0.494288,1.341583,2.364536,3.231262,3.981188,6.158395,10.300050,14.849645,23.705536
1980-11-16,1.506798,Validation,-0.434951,0.114391,0.425684,1.327857,2.416409,3.235895,4.061193,6.089600,10.121440,14.291338,22.376995
1980-11-17,1.506798,Validation,-0.416198,0.181279,0.579958,1.805524,3.131638,4.201262,5.327300,7.765280,13.090811,18.521498,29.240932
1980-11-18,1.841642,Validation,-0.368609,0.239626,0.612823,1.941999,3.486235,4.623630,5.970328,8.417624,13.967073,19.424984,30.549999
1980-11-19,1.450990,Validation,-0.219253,0.475247,0.883319,2.538818,4.461714,5.779932,7.321241,9.898210,15.499655,20.906942,31.542894
1980-11-20,1.450990,Validation,0.122258,1.176982,1.990599,4.721252,7.447900,9.519238,11.701714,15.424455,23.534790,31.914900,47.420570
1980-11-21,1.450990,Validation,-0.192183,0.579103,1.047913,2.923272,5.038542,6.645991,8.319077,11.356874,17.801817,24.151514,36.990128
1980-11-22,1.562605,Validation,-0.383471,0.178989,0.503256,1.641619,3.008591,3.986264,5.072500,7.269218,11.872492,16.366110,25.070589
1980-11-23,1.450990,Validation,-0.260360,0.374204,0.731769,2.139445,3.823525,4.948322,6.259259,8.640729,13.621869,18.199371,27.244535
1980-11-24,1.283568,Validation,-0.186049,0.476402,0.856834,2.389694,4.205512,5.370953,6.780752,9.208082,14.204072,18.788029,27.480511
1980-11-25,1.450990,Validation,-0.250685,0.365040,0.757878,2.153792,3.759830,4.801321,6.136962,8.485358,13.477340,18.038971,26.764330
1980-11-26,1.450990,Validation,-0.270699,0.324539,0.684489,1.970483,3.510704,4.522634,5.722345,7.999282,12.556642,16.864056,24.595381
1980-11-27,1.395183,Validation,-0.307885,0.235384,0.573707,1.573252,2.875645,3.699622,4.680423,6.665841,10.529386,14.133554,20.195780
1980-11-28,1.395183,Validation,-0.331219,0.165859,0.464829,1.284364,2.409543,3.079310,3.887439,5.631808,8.933811,11.937228,16.917389
1980-11-29,1.395183,Validation,-0.356789,0.116146,0.387008,1.137124,2.171509,2.773431,3.501188,5.133600,8.200499,10.984472,15.657521
1980-11-30,1.283568,Validation,-0.342818,0.120337,0.401096,1.058854,2.034843,2.578341,3.246525,4.793591,7.645918,10.240906,14.429857
1980-12-01,1.227761,Validation,-0.324475,0.106428,0.381480,0.889905,1.758420,2.217286,2.757133,4.173774,6.641473,8.998584,12.787197
1980-12-02,1.227761,Validation,-0.297376,0.121128,0.408194,0.925298,1.839177,2.317596,2.897550,4.371987,6.922657,9.442114,13.520634
1980-12-03,1.339376,Validation,-0.351265,0.092579,0.367246,0.921020,1.793397,2.278241,2.845977,4.305937,6.907715,9.298055,13.170807
1980-12-04,1.283568,Validation,-0.349004,0.101246,0.375624,0.970091,1.867241,2.363859,2.966981,4.442708,7.113019,9.516368,13.421468
1980-12-05,1.227761,Validation,-0.297585,0.170779,0.474441,1.139704,2.161312,2.713933,3.401596,5.009727,7.885651,10.492973,14.618337
1980-12-06,1.227761,Validation,-0.343008,0.103999,0.379079,0.940289,1.809696,2.288224,2.863762,4.311821,6.898546,9.263264,13.067116
1980-12-07,1.227761,Validation,-0.344259,0.117823,0.386906,1.057351,1.989537,2.520666,3.149760,4.688716,7.483114,9.901579,13.934616
1980-12-08,1.171954,Validation,-0.279803,0.215851,0.528960,1.296134,2.394306,3.006172,3.754050,5.454520,8.548026,11.183586,15.424132
1980-12-09,1.116146,Validation,-0.336484,0.124777,0.395181,1.023878,1.921802,2.438412,3.024187,4.528397,7.221611,9.514012,13.318497
1980-12-10,1.060339,Validation,-0.325824,0.143080,0.421547,1.079168,2.010588,2.545043,3.162626,4.703934,7.485122,9.824857,13.705059
1980-12-11,1.116146,Validation,-0.330133,0.138830,0.398932,1.105876,2.057323,2.605848,3.232561,4.797018,7.620804,9.970377,14.013237
1980-12-12,1.060339,Validation,-0.290674,0.205878,0.489661,1.291603,2.355256,2.964845,3.681335,5.355148,8.411077,10.876260,15.089886
1980-12-13,1.060339,Validation,-0.242493,0.285321,0.597426,1.489442,2.674287,3.345356,4.149382,5.931326,9.204283,11.788688,16.147467
1980-12-14,1.004532,Validation,-0.276149,0.230537,0.516690,1.355620,2.447502,3.074320,3.796047,5.518797,8.654542,11.100949,15.389932
1980-12-15,1.060339,Validation,-0.324894,0.182098,0.511564,1.444151,2.514273,3.213900,4.039743,5.952525,9.739586,12.697944,18.405087
1980-12-16,1.116146,Validation,-0.315523,0.195812,0.499601,1.374366,2.476913,3.180576,3.951528,5.820990,9.328211,12.239819,17.368883
1980-12-17,1.004532,Validation,-0.313701,0.197587,0.498871,1.399516,2.516002,3.203232,4.003760,5.875622,9.440583,12.362299,17.668049
1980-12-18,0.948724,Validation,-0.271968,0.252133,0.547994,1.477660,2.656044,3.355162,4.175627,6.043642,9.549077,12.335223,17.395456
1980-12-19,0.948724,Validation,-0.288736,0.238643,0.576687,1.584035,2.766368,3.501256,4.429262,6.440018,10.424194,13.566554,19.611618
1980-12-20,1.562605,Validation,-0.319085,0.220446,0.600587,1.700222,2.926765,3.772383,4.850466,7.072261,11.762867,15.672840,23.235102
1980-12-21,2.511330,Validation,-0.312894,0.238830,0.588937,1.667083,2.954997,3.830344,4.852092,7.087822,11.547905,15.444415,22.617424
1980-12-22,1.897449,Validation,-0.262451,0.312639,0.661709,1.739473,3.065687,3.920390,4.926301,7.076811,11.310472,14.823968,21.227598
1980-12-23,1.618412,Validation,-0.217400,0.373219,0.730146,1.810412,3.177332,4.027038,5.040801,7.167502,11.300471,14.602908,20.535414
1980-12-24,1.674220,Validation,-0.205546,0.380466,0.737214,1.801310,3.161621,3.989942,4.994704,7.091737,11.145528,14.338612,20.007256
1980-12-25,1.618412,Validation,-0.183734,0.407863,0.781400,1.840002,3.214381,4.039871,5.064466,7.152603,11.191082,14.332184,19.772795
1980-12-26,1.506798,Validation,-0.184554,0.398590,0.758809,1.812466,3.173133,3.985293,4.987213,7.061035,11.039209,14.115965,19.482309
1980-12-27,1.506798,Validation,-0.172820,0.413631,0.784022,1.859668,3.235031,4.050784,5.078674,7.175938,11.210076,14.304668,19.711224
1980-12-28,1.506798,Validation,-0.119331,0.483659,0.908557,1.958528,3.397804,4.240872,5.336705,7.457223,11.523780,14.674499,19.808382
1980-12-29,1.450990,Validation,-0.066150,0.538127,0.996166,2.064534,3.592552,4.470375,5.620319,7.839135,11.979565,15.294728,20.646023
1980-12-30,1.450990,Validation,-0.100284,0.520267,0.959263,2.070240,3.557641,4.446334,5.594746,7.797294,12.025327,15.245763,20.509003
1980-12-31,1.450990,Validation,-0.068116,0.563264,1.019403,2.163106,3.698460,4.604929,5.797888,8.027398,12.295943,15.534645,20.773527
1981-01-01,1.283568,Training,-0.031133,0.621726,1.087063,2.305311,3.905786,4.850441,6.088789,8.361990,12.695188,15.931825,21.169109
1981-01-02,1.283568,Training,0.050035,0.743024,1.258130,2.597709,4.357275,5.386214,6.749569,9.155612,13.696005,17.113266,22.585440
1981-01-03,1.395183,Training,-0.048930,0.573491,1.035288,2.130553,3.633158,4.521870,5.677033,7.885051,12.017727,15.153332,20.091400
1981-01-04,1.395183,Training,-0.058366,0.585742,1.012422,2.218972,3.738006,4.659755,5.815221,8.053355,12.282850,15.366950,20.473186
1981-01-05,1.339376,Training,-0.024308,0.638107,1.067872,2.344818,3.923170,4.871033,6.061238,8.330458,12.608702,15.697742,20.845156
1981-01-06,1.283568,Training,0.043194,0.745531,1.207222,2.590227,4.288384,5.298348,6.569787,8.916527,13.319803,16.484299,21.655825
1981-01-07,1.283568,Training,0.003949,0.679297,1.144621,2.389495,3.974435,4.928205,6.136984,8.397259,12.655070,15.744226,20.609947
1981-01-08,1.283568,Training,-0.075403,0.555582,0.973455,2.061415,3.450686,4.308516,5.354792,7.474587,11.444297,14.322637,18.902281
1981-01-09,1.283568,Training,-0.064807,0.564778,1.005402,2.059872,3.447518,4.303910,5.365469,7.485532,11.457191,14.362572,18.849520
1981-01-10,1.339376,Training,-0.048797,0.581937,1.038152,2.090140,3.499091,4.368310,5.446393,7.598883,11.597504,14.555732,19.058475
1981-01-11,1.339376,Training,-0.005169,0.610334,1.094936,2.150022,3.628983,4.519561,5.638611,7.886496,11.933931,15.104122,19.923010
1981-01-12,1.283568,Training,-0.033618,0.602589,1.078318,2.145377,3.589402,4.492083,5.598567,7.829061,11.926239,15.014036,19.654705
1981-01-13,1.339376,Training,-0.053769,0.594372,1.052339,2.155976,3.571712,4.470095,5.569029,7.780107,11.913353,14.937729,19.577732
1981-01-14,1.339376,Training,-0.034339,0.610628,1.077213,2.156038,3.583579,4.479492,5.579111,7.773958,11.837624,14.845954,19.345613
1981-01-15,1.395183,Training,-0.098786,0.524222,0.916017,2.012366,3.343795,4.193535,5.172261,7.336068,11.293271,14.203737,18.937807
1981-01-16,1.506798,Training,-0.101497,0.515648,0.901563,1.997875,3.325541,4.167748,5.143779,7.289917,11.215577,14.130944,18.861729
1981-01-17,1.395183,Training,-0.075313,0.560495,0.957293,2.065312,3.427796,4.295519,5.288890,7.430797,11.363002,14.245459,18.824997
1981-01-18,1.339376,Training,-0.065372,0.579578,0.989521,2.103076,3.480906,4.363300,5.378265,7.529964,11.512373,14.412351,18.980530
1981-01-19,1.060339,Training,-0.057685,0.592626,1.005707,2.139878,3.537046,4.433926,5.461251,7.635212,11.662760,14.588498,19.210867
1981-01-20,1.227761,Training,-0.063612,0.575622,0.972342,2.120683,3.518402,4.410434,5.419143,7.602543,11.595653,14.532940,19.224766
1981-01-21,1.227761,Training,-0.057202,0.577802,0.972247,2.138825,3.553163,4.447991,5.465197,7.654893,11.633690,14.584322,19.275663
1981-01-22,1.171954,Training,-0.036492,0.604620,1.004426,2.214543,3.673496,4.589786,5.637187,7.854793,11.864932,14.847760,19.561712
1981-01-23,1.060339,Training,-0.029229,0.618378,1.021037,2.237604,3.704443,4.627625,5.674460,7.896195,11.920690,14.902706,19.611450
1981-01-24,1.116146,Training,-0.021424,0.640479,1.052724,2.263454,3.731117,4.664182,5.709600,7.931862,11.999282,14.971071,19.656061
1981-01-25,1.060339,Training,-0.023368,0.639724,1.053966,2.257397,3.720100,4.655272,5.695225,7.919010,11.999312,14.985230,19.674932
1981-01-26,1.004532,Training,-0.018606,0.648178,1.065672,2.275082,3.746550,4.688542,5.731789,7.963857,12.064815,15.067228,19.762560
1981-01-27,1.060339,Training,-0.037104,0.650614,1.136011,2.466071,3.932739,4.947854,6.119484,8.548609,13.257420,16.734415,22.579094
1981-01-28,1.060339,Training,-0.062826,0.590933,1.020839,2.288355,3.774500,4.788051,5.882938,8.271926,12.678100,16.157890,21.605932
1981-01-29,1.060339,Training,-0.055383,0.604351,1.047849,2.341863,3.837346,4.836634,5.960727,8.356843,12.830154,16.337343,21.897648
1981-01-30,1.060339,Training,0.007327,0.696677,1.137378,2.496871,4.100253,5.154633,6.300763,8.720725,13.147307,16.554853,21.913258
1981-01-31,1.060339,Training,0.039291,0.754541,1.222270,2.658130,4.320163,5.404809,6.609485,9.097392,13.698079,17.192049,22.766508
1981-02-01,1.116146,Training,0.064385,0.799287,1.268070,2.704327,4.401907,5.515428,6.713537,9.183406,13.757736,17.162281,22.534269
1981-02-02,0.948724,Training,0.119954,0.891220,1.416653,2.891234,4.664993,5.822887,7.117596,9.604245,14.309109,17.735945,22.969843
1981-02-03,1.060339,Training,0.129338,0.903382,1.433255,2.910898,4.694941,5.856461,7.151527,9.639753,14.334759,17.740973,22.916458
1981-02-04,0.837110,Training,0.105480,0.861313,1.367549,2.929372,4.699190,5.843415,7.116264,9.699722,14.481335,18.040174,23.782139
1981-02-05,0.948724,Training,0.117345,0.877543,1.363541,2.890022,4.675984,5.834133,7.067119,9.578864,14.199121,17.611372,22.970131
1981-02-06,0.948724,Training,0.133823,0.892605,1.373565,2.920329,4.726219,5.878168,7.106245,9.605083,14.154272,17.513823,22.782246
1981-02-07,0.948724,Training,0.152487,0.903740,1.384816,2.978204,4.828025,5.989474,7.244266,9.754369,14.248679,17.637100,22.899736
1981-02-08,0.948724,Training,0.190109,0.976849,1.482769,3.133753,5.021783,6.203908,7.485558,10.033869,14.657286,18.052399,23.435495
1981-02-09,0.837110,Training,0.219574,1.050156,1.623793,3.345212,5.255100,6.486930,7.861507,10.487872,15.436081,18.989262,24.750761
1981-02-10,0.837110,Training,0.218044,1.053408,1.620609,3.287137,5.228377,6.507000,7.871894,10.452836,15.326102,18.860857,24.313236
1981-02-11,0.892917,Training,0.249576,1.089685,1.690787,3.348457,5.325604,6.607495,8.024510,10.596941,15.473892,19.018282,24.347351
1981-02-12,0.892917,Training,0.351824,1.188597,1.839234,3.523273,5.640845,6.965273,8.444154,11.105711,15.928573,19.618141,25.094856
1981-02-13,0.892917,Training,0.323635,1.316259,2.166239,4.203884,6.353053,7.968284,9.781708,12.854747,19.204676,24.185602,31.741310
1981-02-14,0.892917,Training,0.295912,1.312038,2.000228,4.249160,6.607796,8.338393,10.004931,13.349716,19.727480,24.759998,33.284981
1981-02-15,0.837110,Training,0.223336,1.117128,1.689190,3.619498,5.711090,7.138234,8.567674,11.433509,16.828918,20.975996,27.797457
1981-02-16,0.781303,Training,0.323947,1.245244,1.819997,3.756299,5.897633,7.304841,8.714224,11.467497,16.531578,20.231441,26.244658
1981-02-17,0.725495,Training,0.319750,1.225038,1.802523,3.669115,5.762140,7.123804,8.518052,11.177176,16.109217,19.649153,25.287582
1981-02-18,0.725495,Training,0.325701,1.235617,1.829373,3.750663,5.833882,7.179556,8.587740,11.292497,16.323774,19.926336,25.828714
1981-02-19,0.781303,Training,0.315351,1.233852,1.880046,3.808245,5.853828,7.216139,8.690107,11.421845,16.676672,20.439684,26.640541
1981-02-20,0.781303,Training,0.324765,1.228063,1.861688,3.709079,5.801781,7.189606,8.648905,11.319374,16.371391,20.081837,25.794762
1981-02-21,0.725495,Training,0.351724,1.278670,1.884629,3.808810,5.945881,7.350049,8.776453,11.450606,16.452677,20.063137,25.781509
1981-02-22,0.669688,Training,0.428787,1.417414,2.090382,4.232160,6.446530,7.896123,9.417082,12.252687,17.587488,21.435625,27.893148
1981-02-23,0.613881,Training,0.397917,1.337097,1.971274,3.910208,6.088786,7.515400,8.973442,11.628325,16.583023,20.184633,25.752790
1981-02-24,0.558073,Training,0.421180,1.381982,1.994083,4.012716,6.226808,7.659865,9.086070,11.757718,16.692106,20.235220,25.878080
1981-02-25,0.669688,Training,0.477227,1.465613,2.066492,4.182166,6.468811,7.924928,9.336165,12.039638,16.919811,20.421434,26.112213
1981-02-26,0.781303,Training,0.355255,1.525752,2.392136,4.891490,7.357892,9.373503,11.218657,14.726829,21.496288,27.884674,36.629681
1981-02-27,2.288100,Training,0.251553,2.342763,3.870776,8.456632,12.304273,16.581409,19.437593,26.431393,38.223824,51.225655,68.671898
1981-02-28,3.013595,Training,0.683540,2.910531,4.418200,9.276474,13.941606,18.086174,21.337378,28.240013,42.902225,55.496449,83.052025
1981-03-01,1.562605,Training,1.018768,3.201240,4.445952,8.878854,13.042676,16.072577,18.286034,23.591860,33.474270,42.778130,61.534828
1981-03-02,1.116146,Training,1.407929,3.627949,4.804215,9.269245,13.481196,16.269051,18.101721,22.988449,31.067284,38.724171,53.120613
1981-03-03,1.060339,Training,1.580449,3.704874,4.891294,9.272586,13.394236,15.990199,17.825552,22.326845,29.578461,36.278999,48.201672
1981-03-04,1.004532,Training,1.181442,2.860694,3.785252,7.408403,10.972074,13.165800,14.845738,18.741224,25.111181,30.617371,40.309105
1981-03-05,0.948724,Training,1.079849,2.962574,4.389664,8.375099,11.982026,14.771986,16.946732,21.479513,29.606195,38.682903,50.765911
1981-03-06,1.004532,Training,1.017804,2.932343,4.259830,8.570683,12.418407,15.394086,17.798006,22.863335,32.408710,41.872166,59.046009
1981-03-07,1.339376,Training,1.174717,3.083782,4.286707,8.550449,12.436727,15.136392,17.235792,21.884361,30.021116,38.322285,53.100742
1981-03-08,1.171954,Training,1.484862,3.517972,4.802701,9.276992,13.237427,15.915179,17.938488,22.498095,29.956924,37.765377,51.017742
1981-03-09,1.060339,Training,1.427888,3.302376,4.389112,8.564948,12.447334,14.978544,16.828487,21.010792,27.600452,34.286224,45.446011
1981-03-10,1.060339,Training,1.267930,2.944859,3.919294,7.721676,11.304787,13.595332,15.360909,19.114212,25.160769,31.008095,40.601143
1981-03-11,1.116146,Training,1.265110,2.909597,3.860901,7.564550,11.058605,13.226703,14.918680,18.544689,24.319464,29.818100,38.794270
1981-03-12,1.060339,Training,1.323227,3.151313,4.481438,8.523407,11.898225,14.239336,16.224443,20.123091,27.050322,34.047485,44.911671
1981-03-13,1.060339,Training,1.126826,2.874920,3.807995,7.527602,10.999515,13.281847,14.853300,18.760403,25.152197,31.215483,41.801384
1981-03-14,1.004532,Training,1.206774,3.010065,3.979164,7.709208,11.132388,13.281349,14.838822,18.563993,24.835707,30.571220,40.566189
1981-03-15,0.892917,Training,1.280134,3.078234,4.014583,7.616380,11.042328,13.170091,14.675417,18.243889,24.081026,29.327993,38.071526
1981-03-16,0.837110,Training,1.361205,3.140384,4.062044,7.731007,11.226476,13.345621,14.840534,18.388853,24.038736,29.176336,37.500786
1981-03-17,0.837110,Training,1.148081,2.727384,3.535127,6.832744,10.023921,11.940793,13.343838,16.606789,21.883432,26.479475,33.956596
1981-03-18,0.837110,Training,0.674274,1.863865,2.460663,4.896966,7.321127,8.817650,9.970344,12.613948,17.205542,20.587675,26.425400
1981-03-19,0.837110,Training,0.684893,1.853714,2.503107,4.983109,7.361353,8.808921,10.024980,12.681715,17.362825,20.838551,26.838358
1981-03-20,0.948724,Training,0.693439,1.895267,2.654993,5.263466,7.617463,9.150003,10.512769,13.245334,18.399174,22.309870,29.033535
1981-03-21,1.004532,Training,0.694459,1.939652,2.747251,5.498953,7.922388,9.571823,11.007025,13.895572,19.401598,23.855652,31.368483
1981-03-22,0.948724,Training,0.701184,1.989864,2.887885,5.831816,8.328439,10.115504,11.706347,14.738642,20.683914,25.923893,34.373077
1981-03-23,1.004532,Training,0.821422,2.176063,2.988246,6.054611,8.851059,10.730444,12.234136,15.405591,20.972538,26.202038,34.426125
1981-03-24,0.948724,Training,0.597153,1.743092,2.355629,4.821374,7.188155,8.730358,9.937321,12.599185,17.294937,21.144623,27.440134
1981-03-25,0.781303,Training,0.664477,1.865914,2.607701,5.194245,7.509281,9.028741,10.363852,13.079466,18.189339,22.189230,28.970818
1981-03-26,0.892917,Training,0.652141,1.838357,2.442827,4.909389,7.295832,8.822555,9.957084,12.627128,17.246658,20.912048,26.949587
1981-03-27,1.004532,Training,0.578272,1.974779,2.953240,5.829157,8.475985,10.596531,12.328719,15.592907,21.954569,28.571825,36.840405
1981-03-28,2.846173,Training,0.502933,2.483303,3.946965,8.071419,11.642088,15.166268,17.639343,22.797733,32.923122,44.944546,60.337769
1981-03-29,4.520393,Training,0.736886,3.292148,5.192869,10.491277,15.025243,19.442183,22.517420,28.734753,42.464020,58.112003,79.654823
1981-03-30,5.134274,Training,1.156434,4.150184,6.359981,12.347912,17.435034,21.968634,25.331081,31.722139,46.649097,63.990162,89.226189
1981-03-31,6.082998,Training,1.342254,4.142752,5.531118,10.659064,15.494924,18.869211,21.017576,26.534931,37.085747,48.235023,69.862640
1981-04-01,4.241357,Validation,1.496961,5.537663,7.933012,14.377195,20.142994,24.924107,27.747995,34.239422,44.630817,61.299759,79.864700
1981-04-02,15.179592,Validation,2.273028,6.613033,9.699827,17.290586,24.037262,29.037983,33.207489,40.792915,57.959507,76.615211,108.580765
1981-04-03,8.315291,Validation,2.137949,5.671927,7.491535,13.709420,19.437126,23.018749,25.346264,31.326191,42.341476,54.956215,78.575073
1981-04-04,5.748154,Validation,2.677416,6.222466,7.884089,14.102551,19.729017,22.979233,24.650293,30.226347,38.901367,49.450108,68.134735
1981-04-05,4.241357,Validation,2.687319,5.800745,7.449292,13.245045,18.328804,21.252569,22.999220,28.058720,35.588989,44.693626,59.538143
1981-04-06,4.018127,Validation,2.632922,5.617197,7.811988,13.525579,18.035992,21.104454,23.348818,28.283852,36.486069,46.710804,60.892223
1981-04-07,3.850705,Validation,2.471710,5.205275,6.992115,12.452837,17.037725,20.036537,22.176691,27.049309,34.709591,43.992756,57.726673
1981-04-08,3.236825,Validation,2.273289,4.705019,6.225886,11.242863,15.599162,18.276424,20.231775,24.557528,31.235378,39.181553,50.584915
1981-04-09,3.571669,Validation,1.709594,5.162169,7.592697,13.196873,18.349731,22.789759,25.411669,31.509798,38.957752,54.123447,67.551842
1981-04-10,13.337950,Validation,1.647029,5.371930,8.402802,15.327779,21.738054,27.397800,31.548723,39.191803,54.715202,77.379440,101.548164
1981-04-11,8.761750,Validation,2.154881,5.798280,8.225061,14.924088,21.030939,25.470961,28.932623,35.912540,49.643715,66.480621,94.970001
1981-04-12,6.027191,Validation,2.383807,5.984569,8.680926,15.051152,20.453981,24.671844,27.407373,33.499485,44.505016,61.937374,82.138809
1981-04-13,8.650135,Validation,2.414592,6.349176,9.321362,16.067024,21.892527,26.659374,29.786871,36.535278,49.550900,69.197906,92.425621
1981-04-14,9.040786,Validation,2.750723,6.641370,9.005826,15.741040,21.755989,25.945614,28.682217,35.487007,47.073921,62.668026,87.286041
1981-04-15,6.920108,Validation,2.769915,6.180722,8.021433,14.085542,19.423656,22.770819,24.713348,30.378967,38.943893,50.265125,67.715340
1981-04-16,5.971384,Validation,2.558988,5.738623,7.995440,13.757055,18.358309,21.597212,23.801319,29.115921,37.872280,49.592625,65.212959
1981-04-17,5.636540,Validation,2.043391,4.635442,6.024963,10.999609,15.525726,18.383663,20.160219,25.029234,32.389446,41.243412,54.755039
1981-04-18,4.911044,Validation,1.707578,3.848694,5.090415,9.422124,13.310953,15.613605,17.335485,21.445047,27.939457,35.153648,46.004368
1981-04-19,4.576200,Validation,1.894470,4.053397,5.245425,9.607132,13.642086,15.989182,17.634405,21.710552,27.662006,34.356419,43.970570
1981-04-20,4.408778,Validation,1.189496,2.813830,3.630363,6.899045,10.030437,11.811719,13.144050,16.370455,21.565599,26.255016,33.700382
1981-04-21,4.241357,Validation,1.039367,2.510429,3.255495,6.171695,9.020247,10.619926,11.881922,14.800345,19.706724,23.725084,30.224257
1981-04-22,4.129742,Validation,1.069645,2.576274,3.541688,6.577723,9.295280,10.906608,12.419914,15.354579,20.846762,25.310320,32.413227
1981-04-23,4.129742,Validation,1.014034,2.435516,3.209407,6.121894,8.922483,10.546097,11.848702,14.800539,19.756788,23.984495,30.521469
1981-04-24,3.850705,Validation,1.153461,2.630493,3.451019,6.523937,9.456704,11.097929,12.465021,15.433126,20.344877,24.659477,31.060022
1981-04-25,3.627476,Validation,1.112255,2.543621,3.404535,6.369806,9.129639,10.665143,12.052503,14.934700,19.849152,23.949638,30.194197
1981-04-26,3.515861,Validation,1.193917,2.661138,3.497584,6.475314,9.364474,10.984889,12.360201,15.236286,20.013561,24.094357,29.871737
1981-04-27,3.794898,Validation,1.206244,2.927512,4.235781,7.567987,10.733970,12.899464,14.857459,18.357944,24.555906,31.602764,38.682060
1981-04-28,4.018127,Validation,0.819582,2.311446,3.367348,6.470775,9.279424,11.211850,13.074842,16.568941,23.508043,29.958908,39.471958
1981-04-29,3.627476,Validation,0.566979,1.765083,2.467966,5.048450,7.519559,9.073717,10.492484,13.503938,19.071352,24.032818,31.703197
1981-04-30,3.348439,Validation,0.821052,2.079079,2.840460,5.618209,8.247668,9.792214,11.245317,14.197742,19.271811,23.870266,30.583939
1981-05-01,3.069403,Validation,0.675172,1.788199,2.429971,4.843478,7.222978,8.594046,9.878174,12.553076,17.106014,20.932007,26.574841
1981-05-02,2.846173,Validation,0.445076,1.395685,1.901620,3.837661,5.847855,7.014492,8.070168,10.401184,14.454923,17.495962,22.174950
1981-05-03,2.622944,Validation,0.442342,1.377644,1.869511,3.751447,5.727345,6.849902,7.873405,10.141463,14.072586,16.961493,21.391891
1981-05-04,2.288100,Validation,0.470360,1.416493,1.910300,3.813526,5.817975,6.933985,7.957499,10.225841,14.115386,16.996500,21.343134
1981-05-05,2.288100,Validation,0.308996,1.124464,1.568714,3.189939,4.921647,5.901716,6.827836,8.887426,12.475055,15.042111,18.865913
1981-05-06,2.176486,Validation,0.296604,1.083619,1.535544,3.142044,4.835124,5.796771,6.755805,8.766817,12.348005,14.902774,18.645067
1981-05-07,2.176486,Validation,0.254775,1.175956,1.818032,3.672330,5.574563,6.898866,8.234155,10.732018,15.511548,19.838284,25.069849
1981-05-08,2.288100,Validation,0.133113,1.403952,2.307257,4.791436,7.159345,9.250076,11.079719,14.784475,21.899467,29.557028,39.069809
1981-05-09,3.683283,Validation,0.192366,1.700757,2.812311,5.962869,8.791005,11.402329,13.558213,18.084898,28.098631,38.422756,53.049885
1981-05-10,4.799430,Validation,0.389888,2.316027,3.659149,7.496711,11.018234,14.115254,16.561447,21.744665,32.226028,44.505238,60.848602
1981-05-11,4.520393,Validation,0.601402,2.559264,3.815398,7.770043,11.381487,13.996537,16.450821,21.559103,32.249691,43.222969,62.739670
1981-05-12,3.069403,Validation,0.743877,2.581148,3.432057,6.970006,10.468486,12.624880,14.234188,18.630203,26.372187,34.425594,48.989960
1981-05-13,2.678751,Validation,1.000259,2.869539,3.717867,7.350088,10.838097,12.823075,14.261902,18.399462,25.187429,32.098389,44.264736
1981-05-14,2.399715,Validation,1.018479,2.750775,3.543112,6.968949,10.293967,12.145305,13.529881,17.344082,23.502541,29.436132,39.691658
1981-05-15,2.288100,Validation,1.148617,2.922411,4.030411,7.688942,10.906938,12.781407,14.522106,18.317604,24.969940,31.572994,42.150078
1981-05-16,2.232293,Validation,0.738971,2.110656,2.814253,5.666770,8.477338,10.083123,11.494257,14.761438,20.393089,25.417881,33.909763
1981-05-17,2.120678,Validation,0.670704,1.949111,2.727870,5.475578,8.054489,9.503972,11.024525,14.062692,19.723951,24.616253,32.890953
1981-05-18,2.176486,Validation,0.663260,1.875167,2.573930,5.189374,7.763299,9.176356,10.620382,13.547956,18.789642,23.282803,30.751646
1981-05-19,2.009064,Validation,0.669331,1.921176,2.779881,5.535827,8.056974,9.531357,11.184995,14.140302,19.947790,25.066797,33.326180
1981-05-20,2.176486,Validation,0.622022,1.918400,2.843189,5.701438,8.278264,9.904678,11.677292,14.835816,21.231874,27.277412,36.643852
1981-05-21,2.064871,Validation,0.558742,1.816361,2.605067,5.374819,8.016335,9.583173,11.232887,14.460078,20.669140,26.439398,36.155586
1981-05-22,1.953256,Validation,0.627125,1.834880,2.497073,5.133280,7.845844,9.343104,10.840093,13.804587,19.126091,23.979067,31.970226
1981-05-23,1.841642,Validation,0.761789,1.987716,2.666225,5.370435,8.158856,9.614866,11.116922,13.984320,18.947660,23.450811,30.682564
1981-05-24,1.730027,Validation,0.889183,2.160039,2.862040,5.686800,8.594775,10.072521,11.590611,14.485649,19.309345,23.787254,30.692648
1981-05-25,1.897449,Validation,1.085185,2.525360,3.556810,6.813241,9.858706,11.497500,13.352652,16.621469,22.416687,28.068678,36.368114
1981-05-26,1.897449,Validation,0.835089,2.085836,2.867622,5.742398,8.660292,10.200011,11.874701,14.994731,20.383066,25.523108,33.321850
1981-05-27,1.785834,Validation,0.477695,1.484442,2.046250,4.287663,6.721786,7.982824,9.375870,11.982697,16.646952,20.762094,27.255539
1981-05-28,1.674220,Validation,0.334939,1.212213,1.697154,3.611341,5.765288,6.850199,8.113813,10.421350,14.620453,18.151869,23.741974
1981-05-29,1.618412,Validation,0.060724,0.743283,1.117223,2.486401,4.062861,4.882205,5.836617,7.727165,11.284153,13.975266,18.392862
1981-05-30,1.618412,Validation,-0.001761,0.642672,1.005220,2.262871,3.710664,4.461216,5.338237,7.183550,10.633157,13.193134,17.458181
1981-05-31,1.562605,Validation,-0.019131,0.605277,0.958951,2.180022,3.592423,4.319482,5.187638,6.975650,10.369416,12.881666,17.046955
1981-06-01,1.618412,Validation,-0.048352,0.608587,1.056419,2.416467,3.867771,4.744048,5.798346,7.788492,11.958787,15.361382,20.664730
1981-06-02,1.618412,Validation,-0.076014,0.591544,1.019114,2.417735,3.884946,4.761479,5.791494,7.884748,12.121737,15.586037,21.525942
1981-06-03,1.562605,Validation,-0.137896,0.487341,0.894534,2.167722,3.502836,4.313147,5.272304,7.261243,11.330844,14.636979,20.343145
1981-06-04,1.674220,Validation,-0.091016,0.545317,0.897310,2.143671,3.565735,4.371480,5.268004,7.180967,10.831178,13.840526,18.822556
1981-06-05,1.562605,Validation,-0.091710,0.525219,0.859586,2.050319,3.436357,4.189239,5.050378,6.857552,10.314028,13.078218,17.658802
1981-06-06,1.450990,Validation,-0.050063,0.585396,0.914439,2.145759,3.600140,4.365291,5.232893,7.036353,10.418936,13.113786,17.554588
1981-06-07,1.339376,Validation,-0.085391,0.518193,0.829582,1.965422,3.321376,4.027066,4.827263,6.546109,9.749066,12.265856,16.387186
1981-06-08,1.395183,Validation,-0.155121,0.388850,0.677689,1.646567,2.811890,3.421385,4.119097,5.699780,8.654365,10.913505,14.632315
1981-06-09,1.227761,Validation,-0.182388,0.340946,0.614827,1.503725,2.586584,3.161474,3.787394,5.313400,8.082314,10.209666,13.676230
1981-06-10,1.227761,Validation,-0.191220,0.324189,0.591523,1.455541,2.515164,3.075406,3.685073,5.182030,7.886870,9.973976,13.363213
1981-06-11,1.171954,Validation,-0.206272,0.295184,0.553020,1.381522,2.409045,2.943822,3.546861,4.988621,7.644121,9.695786,13.031366
1981-06-12,1.171954,Validation,-0.204142,0.295841,0.546642,1.368723,2.398667,2.920158,3.532544,4.939315,7.594183,9.642670,12.971507
1981-06-13,1.116146,Validation,-0.250420,0.211297,0.440264,1.124247,2.000608,2.449184,2.958672,4.227579,6.628573,8.460743,11.485371
1981-06-14,0.892917,Validation,-0.276657,0.169122,0.397667,1.043327,1.857837,2.272084,2.766703,3.997866,6.388794,8.195292,11.295204
1981-06-15,0.948724,Validation,-0.289019,0.151364,0.366503,0.969873,1.751828,2.158659,2.613377,3.801824,6.036767,7.798565,10.728535
1981-06-16,0.892917,Validation,-0.317261,0.116777,0.352614,0.981570,1.744639,2.149520,2.648863,3.887054,6.328286,8.230522,11.598920
1981-06-17,0.725495,Validation,-0.315498,0.117860,0.329416,0.908883,1.668334,2.064739,2.519799,3.696361,5.907830,7.733395,10.776639
1981-06-18,0.613881,Validation,-0.320780,0.111813,0.319090,0.890733,1.646974,2.029329,2.492634,3.645983,5.840521,7.681322,10.755562
1981-06-19,0.613881,Validation,-0.306817,0.134502,0.342475,0.947446,1.751517,2.146506,2.640670,3.829374,6.072218,7.947889,11.075542
1981-06-20,0.558073,Validation,-0.339839,0.075719,0.269293,0.772528,1.455384,1.795589,2.203795,3.278453,5.246655,6.941996,9.832391
1981-06-21,0.892917,Validation,-0.353966,0.050469,0.235071,0.687411,1.310972,1.618912,1.988339,2.992386,4.811279,6.420084,9.205048
1981-06-22,0.892917,Validation,-0.371010,0.015978,0.187640,0.558926,1.089964,1.350100,1.656476,2.543079,4.115790,5.577591,8.180509
1981-06-23,0.781303,Validation,-0.376759,0.004224,0.170086,0.512819,1.014698,1.252536,1.543828,2.380410,3.862109,5.280827,7.843585
1981-06-24,0.669688,Validation,-0.379635,-0.003707,0.156614,0.474852,0.955373,1.175438,1.454550,2.244789,3.659799,5.034541,7.552674
1981-06-25,0.558073,Validation,-0.382025,-0.007580,0.151520,0.461786,0.934611,1.148652,1.422868,2.203047,3.576771,4.939950,7.450058
1981-06-26,0.502266,Validation,-0.379829,-0.001337,0.158665,0.469857,0.944967,1.158322,1.431477,2.222340,3.583867,4.954473,7.491485
1981-06-27,0.502266,Validation,-0.385917,-0.012652,0.146968,0.451439,0.917059,1.123964,1.395940,2.170380,3.518315,4.876403,7.413828
1981-06-28,0.446459,Validation,-0.385136,-0.013914,0.140750,0.426332,0.877337,1.072675,1.332953,2.073656,3.354013,4.673988,7.160738
1981-06-29,0.558073,Validation,-0.385682,-0.020705,0.129441,0.397129,0.830832,1.012899,1.260714,1.965281,3.182197,4.456141,6.879752
1981-06-30,0.613881,Validation,-0.388831,-0.030354,0.118008,0.374109,0.793763,0.965835,1.207188,1.884763,3.074436,4.316782,6.708376
1981-07-01,0.558073,Validation,-0.433544,-0.086595,0.093605,0.409355,0.828253,1.034886,1.330328,2.088056,3.590460,5.059866,8.099146
1981-07-02,0.558073,Validation,-0.403706,-0.040335,0.116813,0.389863,0.817024,1.015015,1.266467,1.988161,3.250554,4.594094,7.143585
1981-07-03,0.558073,Validation,-0.403993,-0.041070,0.115911,0.386801,0.813870,1.006340,1.261021,1.969332,3.224816,4.550838,7.087694
1981-07-04,0.558073,Validation,-0.393145,-0.034647,0.114416,0.370805,0.785716,0.963222,1.198157,1.875509,3.056028,4.286141,6.670618
1981-07-05,0.558073,Validation,-0.391021,-0.032183,0.115745,0.371390,0.785216,0.963552,1.193444,1.869218,3.035864,4.250930,6.607780
1981-07-06,0.502266,Validation,-0.391648,-0.034506,0.112676,0.365197,0.774491,0.951033,1.177233,1.844908,2.999848,4.200313,6.539030
1981-07-07,0.502266,Validation,-0.391501,-0.033086,0.114563,0.368969,0.779088,0.957193,1.182634,1.854374,3.008970,4.208847,6.553535
1981-07-08,0.390651,Validation,-0.392884,-0.035922,0.111628,0.364425,0.770927,0.947605,1.170961,1.837743,2.986058,4.177129,6.517136
1981-07-09,0.279037,Validation,-0.398152,-0.043473,0.107064,0.363915,0.768228,0.943534,1.170955,1.842759,3.008883,4.209557,6.596869
1981-07-10,0.167422,Validation,-0.394695,-0.040211,0.105735,0.351228,0.748693,0.922588,1.138803,1.789401,2.912102,4.080176,6.395836
1981-07-11,0.223229,Validation,-0.395726,-0.045559,0.098140,0.332180,0.717789,0.884020,1.094017,1.718329,2.814696,3.953958,6.235901
1981-07-12,0.223229,Validation,-0.392776,-0.045042,0.096149,0.318415,0.693241,0.852057,1.053757,1.653754,2.725512,3.833441,6.076140
1981-07-13,0.279037,Validation,-0.389211,-0.041832,0.098245,0.312165,0.679945,0.834103,1.030265,1.613560,2.675581,3.763787,5.985554
1981-07-14,0.167422,Validation,-0.387004,-0.039328,0.100405,0.308533,0.671356,0.822553,1.015539,1.587448,2.644492,3.720109,5.934798
1981-07-15,0.055807,Validation,-0.387779,-0.043742,0.093531,0.287074,0.635094,0.774483,0.962330,1.505325,2.511991,3.561719,5.767507
1981-07-16,0.055807,Validation,-0.391162,-0.049676,0.086718,0.275360,0.616741,0.751664,0.938304,1.469893,2.449818,3.488813,5.699340
1981-07-17,0.055807,Validation,-0.399857,-0.060337,0.076679,0.269405,0.610818,0.745985,0.936278,1.473258,2.430546,3.476578,5.719941
1981-07-18,0.055807,Validation,-0.400848,-0.062707,0.073553,0.261143,0.597171,0.727941,0.916296,1.441825,2.379067,3.414433,5.660533
1981-07-19,0.055807,Validation,-0.394822,-0.058256,0.075766,0.250373,0.575452,0.698655,0.879865,1.378568,2.300198,3.307005,5.521315
1981-07-20,0.223229,Validation,-0.389185,-0.053997,0.078333,0.242127,0.557054,0.673506,0.848017,1.326086,2.221175,3.200142,5.387505
1981-07-21,0.111615,Validation,-0.391083,-0.058863,0.072467,0.232350,0.541124,0.653630,0.825822,1.293115,2.161910,3.125967,5.307776
1981-07-22,0.111615,Validation,-0.400006,-0.067849,0.064960,0.234494,0.548335,0.664344,0.841546,1.323389,2.184209,3.160765,5.380724
1981-07-23,0.055807,Validation,-0.400072,-0.066880,0.066099,0.236005,0.549548,0.664806,0.841670,1.322998,2.178250,3.151891,5.384240
1981-07-24,0.055807,Validation,-0.400083,-0.067974,0.064422,0.230902,0.540311,0.652789,0.827526,1.300079,2.141773,3.103875,5.333442
1981-07-25,0.055807,Validation,-0.398968,-0.072093,0.058278,0.214712,0.512779,0.619505,0.788068,1.237332,2.052981,2.985973,5.176923
1981-07-26,0.558073,Validation,-0.387901,-0.062994,0.064862,0.205785,0.491343,0.589581,0.748906,1.169627,1.961383,2.861674,5.009194
1981-07-27,0.055807,Validation,-0.382975,-0.059248,0.067545,0.201740,0.480858,0.574838,0.729474,1.136858,1.910844,2.793592,4.923848
1981-07-28,0.055807,Validation,-0.385705,-0.065201,0.060898,0.192118,0.465156,0.555617,0.708679,1.105626,1.855357,2.723199,4.852581
1981-07-29,0.055807,Validation,-0.390262,-0.072257,0.053837,0.185021,0.454564,0.543316,0.696287,1.088150,1.821625,2.680750,4.817456
1981-07-30,0.055807,Validation,-0.395976,-0.081079,0.047421,0.181591,0.448551,0.535186,0.691409,1.083003,1.820512,2.680914,4.852766
1981-07-31,0.055807,Validation,-0.421297,-0.113226,0.027279,0.186057,0.454453,0.545565,0.722060,1.139709,1.951902,2.859853,5.244696
1981-08-01,0.055807,Validation,-0.437029,-0.131218,0.016641,0.188287,0.455110,0.554783,0.741858,1.171381,2.032987,2.981617,5.523222
1981-08-02,0.055807,Validation,-0.407914,-0.092265,0.039789,0.175136,0.435765,0.529730,0.687124,1.074558,1.809944,2.686297,4.929920
1981-08-03,0.055807,Validation,-0.396917,-0.083006,0.045705,0.171583,0.426001,0.513205,0.663420,1.031160,1.745991,2.587931,4.772502
1981-08-04,0.055807,Validation,-0.392103,-0.081465,0.046852,0.171429,0.421739,0.503885,0.650346,1.013155,1.723431,2.545774,4.716132
1981-08-05,0.055807,Validation,-0.392006,-0.081155,0.043622,0.164006,0.410689,0.493545,0.632758,0.986125,1.660232,2.459821,4.582890
1981-08-06,0.055807,Validation,-0.394170,-0.084410,0.040466,0.161199,0.405836,0.487158,0.625788,0.975254,1.638917,2.429660,4.554608
1981-08-07,0.055807,Validation,-0.393923,-0.084778,0.039572,0.159556,0.401920,0.481989,0.618347,0.963679,1.617747,2.397512,4.515192
1981-08-08,0.055807,Validation,-0.393984,-0.085457,0.038667,0.158028,0.398038,0.477383,0.611899,0.953149,1.600415,2.371719,4.486005
1981-08-09,0.055807,Validation,-0.390561,-0.083375,0.039917,0.154777,0.389789,0.467912,0.599206,0.930369,1.570835,2.330954,4.432818
1981-08-10,0.055807,Validation,-0.387233,-0.080726,0.041888,0.153303,0.384333,0.460895,0.589343,0.912353,1.544267,2.294369,4.389433
1981-08-11,0.055807,Validation,-0.388128,-0.083794,0.038388,0.148348,0.375228,0.449416,0.575687,0.891508,1.507611,2.244665,4.334266
1981-08-12,0.055807,Validation,-0.389433,-0.087014,0.035145,0.144189,0.367354,0.439036,0.563998,0.873527,1.476333,2.202495,4.293736
1981-08-13,0.055807,Validation,-0.386467,-0.084654,0.037007,0.142872,0.362244,0.432847,0.555630,0.857395,1.454410,2.172877,4.262492
1981-08-14,0.055807,Validation,-0.382216,-0.079872,0.041131,0.143941,0.360603,0.430802,0.551076,0.846528,1.439299,2.152082,4.239659
1981-08-15,0.055807,Validation,-0.384223,-0.084058,0.038635,0.143044,0.357468,0.426204,0.547880,0.841396,1.438244,2.150245,4.261248
1981-08-16,0.055807,Validation,-0.386392,-0.087135,0.033896,0.136757,0.347761,0.416400,0.533712,0.821028,1.396448,2.092385,4.178033
1981-08-17,0.055807,Validation,-0.388662,-0.090255,0.030827,0.134291,0.343513,0.411427,0.527645,0.812081,1.380124,2.068416,4.152980
1981-08-18,0.055807,Validation,-0.388940,-0.090915,0.029845,0.133458,0.341009,0.408650,0.523306,0.804774,1.368279,2.049674,4.131176
1981-08-19,0.055807,Validation,-0.389292,-0.092664,0.028158,0.131951,0.336740,0.403000,0.516923,0.794013,1.352188,2.026357,4.111676
1981-08-20,0.055807,Validation,-0.405638,-0.118488,0.010697,0.126829,0.327035,0.389564,0.515439,0.796931,1.385565,2.068698,4.280109
1981-08-21,0.055807,Validation,-0.387159,-0.092491,0.027760,0.126792,0.322950,0.387916,0.497698,0.760715,1.299375,1.958892,4.048574
1981-08-22,0.055807,Validation,-0.380087,-0.083067,0.036886,0.133447,0.329452,0.394811,0.504375,0.762149,1.307299,1.970690,4.074924
1981-08-23,0.055807,Validation,-0.378610,-0.083229,0.035113,0.130245,0.323439,0.386928,0.492313,0.745183,1.276026,1.923889,4.003963
1981-08-24,0.055807,Validation,-0.381504,-0.088283,0.030116,0.125330,0.315335,0.377351,0.481362,0.729932,1.250559,1.888108,3.963099
1981-08-25,0.055807,Validation,-0.381995,-0.089544,0.028847,0.123675,0.311415,0.372648,0.475641,0.720418,1.235761,1.867271,3.944034
1981-08-26,0.055807,Validation,-0.381292,-0.089198,0.028928,0.122946,0.308586,0.369248,0.470873,0.711666,1.221889,1.847940,3.925637
1981-08-27,0.055807,Validation,-0.384296,-0.094437,0.023938,0.118478,0.301412,0.360092,0.460684,0.698529,1.199403,1.815885,3.889688
1981-08-28,0.055807,Validation,-0.385673,-0.096429,0.021841,0.116644,0.298280,0.355782,0.455186,0.691620,1.185897,1.796008,3.866407
1981-08-29,0.055807,Validation,-0.386275,-0.097993,0.020608,0.115378,0.295296,0.352110,0.451204,0.684846,1.177078,1.783768,3.859806
1981-08-30,0.055807,Validation,-0.392494,-0.107954,0.013858,0.113012,0.291607,0.346559,0.449751,0.684797,1.187049,1.796288,3.913246
1981-08-31,0.055807,Validation,-0.387357,-0.100248,0.018518,0.113050,0.290007,0.345956,0.443365,0.672914,1.158261,1.758397,3.839704
1981-09-01,0.055807,Validation,-0.386438,-0.099070,0.019015,0.112501,0.288488,0.343991,0.439815,0.666569,1.146121,1.741559,3.816227
1981-09-02,0.055807,Validation,-0.384926,-0.098227,0.019281,0.111546,0.285848,0.340839,0.434947,0.657806,1.132449,1.722276,3.790557
1981-09-03,0.055807,Validation,-0.379625,-0.091228,0.025920,0.116411,0.289619,0.345966,0.438912,0.656533,1.134102,1.725620,3.807926
1981-09-04,0.055807,Validation,-0.374117,-0.082441,0.034640,0.124522,0.299133,0.356931,0.449593,0.666213,1.150864,1.749489,3.854225
1981-09-05,0.055807,Validation,-0.379242,-0.091547,0.025642,0.115256,0.286122,0.341653,0.433019,0.646287,1.117718,1.703869,3.791305
1981-09-06,0.055807,Validation,-0.381583,-0.095133,0.022458,0.112173,0.281687,0.336276,0.427692,0.639529,1.107060,1.689355,3.777736
1981-09-07,0.167422,Validation,-0.382976,-0.097118,0.020630,0.110486,0.279223,0.333206,0.424498,0.635464,1.100408,1.679957,3.769790
1981-09-08,0.167422,Validation,-0.378365,-0.090643,0.027035,0.115707,0.283979,0.338231,0.429058,0.636589,1.103030,1.684322,3.792653
1981-09-09,0.223229,Validation,-0.378455,-0.091110,0.026681,0.115079,0.282554,0.336295,0.426720,0.632803,1.096838,1.676135,3.788240
1981-09-10,0.334844,Validation,-0.383558,-0.099653,0.018541,0.107284,0.273103,0.324569,0.415106,0.621216,1.077202,1.649529,3.749941
1981-09-11,0.334844,Validation,-0.393101,-0.114337,0.009572,0.105480,0.270915,0.320682,0.419505,0.629433,1.107440,1.689707,3.866817
1981-09-12,0.390651,Validation,-0.386878,-0.103541,0.015289,0.103935,0.268884,0.320062,0.410954,0.617240,1.070460,1.642703,3.753762
1981-09-13,0.223229,Validation,-0.385312,-0.101582,0.017518,0.105618,0.270294,0.321196,0.412328,0.615734,1.069459,1.641756,3.761713
1981-09-14,0.111615,Validation,-0.382796,-0.098576,0.019973,0.107027,0.271701,0.322095,0.411974,0.613814,1.065467,1.635191,3.753482
1981-09-15,0.167422,Validation,-0.381830,-0.097442,0.021132,0.107708,0.272248,0.322345,0.411873,0.612589,1.063307,1.632699,3.755007
1981-09-16,0.223229,Validation,-0.391231,-0.111294,0.015505,0.112585,0.278463,0.327977,0.429471,0.636215,1.125358,1.715285,3.965761
1981-09-17,0.279037,Validation,-0.385600,-0.102211,0.018256,0.105638,0.269107,0.319508,0.411081,0.611910,1.065376,1.639875,3.793439
1981-09-18,0.334844,Validation,-0.402578,-0.128157,0.001435,0.100963,0.264122,0.311965,0.417643,0.625308,1.114159,1.704341,3.983326
1981-09-19,0.390651,Validation,-0.390093,-0.108861,0.014569,0.103949,0.267005,0.315986,0.411743,0.613370,1.074244,1.654648,3.852665
1981-09-20,0.223229,Validation,-0.421020,-0.153360,-0.013588,0.101119,0.263404,0.316332,0.436470,0.649527,1.187197,1.804199,4.280558
1981-09-21,0.167422,Validation,-0.402835,-0.124948,0.002701,0.096357,0.258916,0.308732,0.410989,0.619051,1.092252,1.688166,3.951205
1981-09-22,0.446459,Validation,-0.407721,-0.130904,-0.001754,0.094706,0.259598,0.307320,0.413977,0.625774,1.108216,1.709790,3.999024
1981-09-23,0.334844,Validation,-0.393012,-0.110768,0.010266,0.096451,0.262446,0.309795,0.404274,0.610412,1.060953,1.641103,3.821562
1981-09-24,0.334844,Validation,-0.398510,-0.120834,0.003740,0.094467,0.261056,0.305466,0.405456,0.614266,1.077913,1.662349,3.882033
1981-09-25,0.334844,Validation,-0.497806,-0.247028,-0.094816,0.075720,0.280456,0.393504,0.543405,0.798451,1.469918,2.304879,5.692980
1981-09-26,0.446459,Validation,-0.481773,-0.204376,-0.035586,0.104349,0.268352,0.351056,0.516833,0.769767,1.449853,2.270604,5.415496
1981-09-27,0.558073,Validation,-0.485641,-0.208771,-0.038943,0.105757,0.273491,0.353808,0.526296,0.778660,1.477419,2.312433,5.521609
1981-09-28,0.446459,Validation,-0.447997,-0.158088,-0.010251,0.104632,0.280560,0.351140,0.491701,0.738081,1.342048,2.082874,4.828665
1981-09-29,0.502266,Validation,-0.419483,-0.124143,0.010818,0.108097,0.285407,0.350770,0.470214,0.698543,1.237583,1.917818,4.405916
1981-09-30,0.558073,Validation,-0.408898,-0.116189,0.013894,0.105833,0.285120,0.343894,0.455698,0.680260,1.197772,1.847321,4.228310
1981-10-01,0.558073,Training,-0.444413,-0.171337,-0.024518,0.097365,0.276560,0.337460,0.475648,0.718642,1.326809,2.013964,4.692244
1981-10-02,0.558073,Training,-0.428562,-0.145438,-0.006846,0.096454,0.276221,0.334636,0.459593,0.698356,1.254229,1.932101,4.437181
1981-10-03,0.669688,Training,-0.478525,-0.213309,-0.051096,0.100056,0.284501,0.367582,0.531499,0.791490,1.508276,2.315217,5.460346
1981-10-04,0.446459,Training,-0.524628,-0.261983,-0.085145,0.099709,0.300704,0.421444,0.616262,0.917049,1.783202,2.818088,6.727288
1981-10-05,0.558073,Training,-0.701715,-0.323885,-0.055417,0.303368,0.613554,0.943176,1.363154,2.129869,3.714095,6.789688,17.895309
1981-10-06,0.837110,Training,-0.583849,-0.157772,0.174503,0.471746,0.773410,1.070736,1.493322,2.234328,4.141301,6.993993,15.680049
1981-10-07,0.558073,Training,-0.512277,-0.131894,0.075048,0.256737,0.503615,0.659129,0.911212,1.328424,2.384925,3.888370,8.679368
1981-10-08,0.558073,Training,-0.493623,-0.121819,0.061012,0.243557,0.521124,0.655243,0.896954,1.328644,2.387401,3.711492,7.865767
1981-10-09,0.558073,Training,-0.470669,-0.121098,0.040465,0.190991,0.453743,0.565471,0.767417,1.149768,2.044014,3.113074,6.505305
1981-10-10,0.502266,Training,-0.462424,-0.126796,0.028365,0.171982,0.434799,0.534932,0.727635,1.091721,1.940547,2.923335,6.049440
1981-10-11,0.446459,Training,-0.460059,-0.129196,0.021526,0.169077,0.442581,0.540505,0.732520,1.102969,1.952463,2.914601,5.932426
1981-10-12,0.223229,Training,-0.457440,-0.127132,0.021797,0.181925,0.472911,0.571428,0.771556,1.155067,2.036399,3.007712,6.016126
1981-10-13,0.446459,Training,-0.458252,-0.126770,0.019343,0.189793,0.499625,0.598915,0.808963,1.211289,2.121005,3.123205,6.159561
1981-10-14,0.558073,Training,-0.439784,-0.126612,0.012539,0.137425,0.392492,0.468681,0.631826,0.958971,1.683200,2.517838,5.192839
1981-10-15,0.502266,Training,-0.438439,-0.125837,0.011459,0.136803,0.395896,0.470191,0.633253,0.963724,1.685009,2.519015,5.172628
1981-10-16,0.502266,Training,-0.433443,-0.122927,0.013482,0.133474,0.389706,0.459378,0.619015,0.941554,1.643458,2.460973,5.079826
1981-10-17,0.502266,Training,-0.548197,-0.264733,-0.094893,0.120531,0.419775,0.575396,0.818566,1.248527,2.338564,3.633986,8.036524
1981-10-18,0.613881,Training,-0.594349,-0.284389,-0.065627,0.197478,0.492850,0.694872,1.027029,1.571309,3.125897,5.053640,11.264753
1981-10-19,0.390651,Training,-0.528691,-0.167847,0.034754,0.235638,0.537817,0.706627,0.997542,1.495472,2.725788,4.339050,9.075481
1981-10-20,0.390651,Training,-0.494070,-0.139781,0.026928,0.218901,0.545133,0.682397,0.942124,1.409205,2.516160,3.841880,7.710702
1981-10-21,0.502266,Training,-0.484296,-0.131009,0.019194,0.225821,0.589571,0.724755,0.981396,1.493035,2.605160,3.894096,7.459219
1981-10-22,0.446459,Training,-0.475445,-0.125439,0.019580,0.226357,0.603315,0.727487,0.985962,1.500415,2.593866,3.849838,7.271467
1981-10-23,0.446459,Training,-0.466074,-0.122768,0.020083,0.202219,0.559694,0.661843,0.910274,1.382836,2.388256,3.574600,6.900669
1981-10-24,0.390651,Training,-0.427878,-0.119556,0.010198,0.111762,0.355268,0.421702,0.573485,0.891978,1.540841,2.367554,4.938850
1981-10-25,0.334844,Training,-0.423904,-0.117239,0.008971,0.108512,0.353833,0.418171,0.565617,0.886099,1.523794,2.341261,4.837449
1981-10-26,0.390651,Training,-0.420962,-0.116539,0.009514,0.109425,0.356197,0.418190,0.564881,0.884383,1.518085,2.330275,4.801524
1981-10-27,0.334844,Training,-0.420967,-0.114499,0.009223,0.110682,0.363397,0.427885,0.574222,0.904362,1.546461,2.370289,4.811085
1981-10-28,0.279037,Training,-0.419612,-0.113110,0.010457,0.113859,0.370500,0.435541,0.582235,0.916914,1.564655,2.393070,4.819862
1981-10-29,0.167422,Training,-0.420483,-0.112289,0.011107,0.117561,0.380236,0.447624,0.596570,0.941088,1.603164,2.446286,4.872882
1981-10-30,0.334844,Training,-0.423634,-0.112267,0.010726,0.124177,0.397792,0.470922,0.623945,0.988741,1.679771,2.551794,4.978845
1981-10-31,0.446459,Training,-0.421985,-0.108957,0.016646,0.134828,0.414671,0.489473,0.646941,1.015555,1.725667,2.606431,5.063978
1981-11-01,0.446459,Training,-0.424599,-0.106345,0.021269,0.152393,0.449373,0.532064,0.699588,1.092444,1.852865,2.772895,5.277996
1981-11-02,0.390651,Training,-0.427838,-0.102013,0.027807,0.182055,0.507415,0.602637,0.787107,1.219847,2.060833,3.043252,5.622867
1981-11-03,0.390651,Training,-0.430783,-0.097066,0.034324,0.213147,0.569206,0.675769,0.881593,1.356218,2.281209,3.334743,6.014632
1981-11-04,0.279037,Training,-0.432073,-0.090454,0.042703,0.245350,0.635772,0.751969,0.983389,1.500643,2.513939,3.647396,6.449765
1981-11-05,0.446459,Training,-0.418871,-0.091879,0.036843,0.180118,0.492811,0.579062,0.763065,1.175264,1.981054,2.951655,5.568636
1981-11-06,0.446459,Training,-0.407954,-0.091675,0.034155,0.145682,0.416519,0.488414,0.648275,1.006385,1.701498,2.583398,5.084987
1981-11-07,0.502266,Training,-0.412981,-0.095159,0.030728,0.147153,0.425665,0.502187,0.667093,1.042511,1.760802,2.670916,5.186653
1981-11-08,0.446459,Training,-0.420562,-0.100032,0.025438,0.149729,0.439245,0.523679,0.694795,1.097781,1.850520,2.802353,5.328039
1981-11-09,0.558073,Training,-0.478868,-0.174598,-0.015567,0.169595,0.465333,0.576148,0.809833,1.275065,2.296016,3.453325,6.772888
1981-11-10,0.502266,Training,-0.433783,-0.107005,0.031842,0.162562,0.454920,0.552169,0.746157,1.160197,1.988352,3.041434,5.876249
1981-11-11,0.502266,Training,-0.428895,-0.101544,0.036797,0.167072,0.464914,0.555717,0.754392,1.164063,1.991532,3.042248,5.856857
1981-11-12,0.558073,Training,-0.421816,-0.092548,0.039762,0.169425,0.477326,0.568275,0.760796,1.184061,2.007362,3.045206,5.769104
1981-11-13,0.502266,Training,-0.427157,-0.101215,0.035978,0.170684,0.480194,0.566760,0.770386,1.200723,2.050384,3.111309,5.922933
1981-11-14,0.502266,Training,-0.419452,-0.088453,0.045749,0.174378,0.487495,0.575016,0.775679,1.202219,2.037380,3.095901,5.871057
1981-11-15,0.502266,Training,-0.422525,-0.093290,0.039790,0.168920,0.485755,0.572915,0.775685,1.212673,2.046386,3.123086,5.873123
1981-11-16,0.613881,Training,-0.435806,-0.111758,0.028967,0.171661,0.493182,0.580261,0.799894,1.260171,2.152748,3.281075,6.170600
1981-11-17,0.502266,Training,-0.482114,-0.167168,0.000223,0.190140,0.516653,0.631819,0.904118,1.422270,2.551663,3.894542,7.506964
1981-11-18,0.558073,Training,-0.439970,-0.106859,0.038302,0.172661,0.494681,0.594831,0.823115,1.284192,2.189582,3.409355,6.470394
1981-11-19,0.502266,Training,-0.430121,-0.096553,0.046639,0.178340,0.505088,0.595218,0.825196,1.274357,2.167688,3.359097,6.365652
1981-11-20,0.446459,Training,-0.422985,-0.087086,0.050237,0.182892,0.520839,0.612893,0.836156,1.301890,2.195594,3.373936,6.279077
1981-11-21,0.446459,Training,-0.418938,-0.081904,0.055559,0.189490,0.532262,0.622859,0.848287,1.317388,2.219164,3.398713,6.294136
1981-11-22,0.613881,Training,-0.419837,-0.081663,0.056328,0.193717,0.543087,0.636131,0.865176,1.347230,2.266054,3.465616,6.360935
1981-11-23,0.390651,Training,-0.419115,-0.079328,0.060298,0.201970,0.558860,0.653337,0.888435,1.381053,2.324381,3.545034,6.468086
1981-11-24,0.502266,Training,-0.425293,-0.084648,0.058965,0.212102,0.580202,0.680618,0.927332,1.446929,2.443548,3.714042,6.706300
1981-11-25,0.502266,Training,-0.423244,-0.076688,0.066258,0.227236,0.611486,0.721880,0.973800,1.516874,2.547232,3.852239,6.837090
1981-11-26,0.502266,Training,-0.427421,-0.076110,0.069169,0.250229,0.658498,0.782980,1.049329,1.639180,2.742941,4.116992,7.140666
1981-11-27,0.558073,Training,-0.429828,-0.074232,0.072554,0.268597,0.698310,0.832967,1.111248,1.741438,2.899997,4.342006,7.403533
1981-11-28,0.502266,Training,-0.421001,-0.075850,0.064350,0.218432,0.595771,0.704935,0.947357,1.494904,2.487760,3.787210,6.657399
1981-11-29,0.446459,Training,-0.419187,-0.072148,0.068679,0.228392,0.614335,0.727320,0.972989,1.535004,2.550707,3.867935,6.737933
1981-11-30,0.446459,Training,-0.418550,-0.068551,0.073366,0.243685,0.642175,0.764379,1.013421,1.602137,2.655356,4.001037,6.855320
1981-12-01,0.446459,Training,-0.418940,-0.064384,0.080130,0.266004,0.682326,0.818513,1.074612,1.701510,2.813328,4.203435,7.059681
1981-12-02,0.390651,Training,-0.417267,-0.059599,0.087310,0.289651,0.725531,0.871730,1.139191,1.798584,2.972459,4.403612,7.306543
1981-12-03,0.446459,Training,-0.417978,-0.050480,0.104168,0.336226,0.805714,0.981398,1.265686,1.999790,3.291223,4.807601,7.729780
1981-12-04,0.558073,Training,-0.412896,-0.032809,0.134831,0.407117,0.926734,1.137146,1.454088,2.282139,3.736060,5.368699,8.357867
1981-12-05,0.502266,Training,-0.405905,-0.016864,0.161449,0.450143,0.998596,1.226778,1.563648,2.442615,3.987421,5.692821,8.713178
1981-12-06,0.558073,Training,-0.424792,-0.057210,0.110746,0.378361,0.860701,1.056272,1.361920,2.168677,3.614372,5.221301,8.352379
1981-12-07,0.558073,Training,-0.419864,-0.043761,0.127430,0.408172,0.912790,1.130358,1.442844,2.289343,3.789886,5.451131,8.565352
1981-12-08,0.390651,Training,-0.441160,-0.066259,0.126196,0.470248,1.006737,1.264169,1.631674,2.598988,4.400815,6.276362,9.920734
1981-12-09,0.558073,Training,-0.519166,-0.133959,0.117217,0.622784,1.262853,1.719198,2.267900,3.645976,6.583286,9.837122,16.040604
1981-12-10,0.502266,Training,-0.553607,-0.121302,0.196018,0.824009,1.557933,2.167156,2.907345,4.719468,8.764828,13.318792,22.460646
1981-12-11,0.558073,Training,-0.526614,-0.066084,0.254585,0.945974,1.761767,2.410941,3.194794,5.103187,9.235907,13.849569,22.992975
1981-12-12,0.558073,Training,-0.472203,0.004370,0.311237,1.054670,1.951844,2.626328,3.424938,5.327319,9.297498,13.421647,21.386633
1981-12-13,0.669688,Training,-0.452160,0.056048,0.403512,1.296324,2.311984,3.108554,4.064045,6.220757,10.933146,15.551507,24.793686
1981-12-14,1.004532,Training,-0.446638,0.115256,0.523415,1.609487,2.785248,3.796965,4.959368,7.547575,13.388253,19.137957,30.802364
1981-12-15,0.837110,Training,-0.423624,0.183385,0.614846,1.806398,3.129295,4.249954,5.527585,8.372240,14.662461,20.875849,33.593555
1981-12-16,1.227761,Training,-0.417069,0.287670,0.816038,2.322832,3.891771,5.410475,6.942915,10.474861,18.571012,27.008514,43.538673
1981-12-17,1.618412,Training,-0.337972,0.739397,1.599008,4.095229,6.717505,9.646485,11.961374,18.213139,31.288437,44.577930,69.388191
1981-12-18,3.850705,Training,-0.108810,1.318101,2.568244,5.779376,9.116843,12.681111,15.700288,22.912514,39.190556,53.553139,82.458191
1981-12-19,2.622944,Training,-0.005044,1.312666,2.237203,4.815921,7.892629,10.515424,12.908978,18.264074,29.284975,39.157959,60.888493
1981-12-20,2.064871,Training,0.159759,2.212972,3.664995,8.039034,12.632128,16.851377,19.881987,28.191662,42.657394,56.798286,82.118355
1981-12-21,5.524925,Training,0.991672,4.530433,7.786574,16.226263,24.541611,32.106384,38.046825,52.648510,80.756546,101.597984,141.501617
1981-12-22,10.212740,Training,1.406320,4.992310,8.263488,16.069635,24.323729,30.625925,37.118225,49.173313,77.010544,97.444397,144.231888
1981-12-23,4.241357,Training,1.766576,5.718652,8.960605,17.057503,25.723045,31.559107,37.149986,48.301891,72.787033,96.307892,138.873901
1981-12-24,3.181017,Training,2.561353,7.285298,11.033025,19.890129,28.981245,35.120945,40.728176,52.120708,75.979988,97.575783,144.236740
1981-12-25,2.567137,Training,2.684179,6.865989,9.242005,16.758410,24.735090,29.420988,32.766403,41.588806,56.943245,70.586945,104.726776
1981-12-26,4.576200,Training,3.508516,12.450789,17.860804,31.455690,44.283230,50.679916,56.004658,69.093735,89.821297,117.193565,153.830688
1981-12-27,17.356077,Training,6.631364,20.657328,32.119049,53.893040,73.316673,82.398666,92.593666,110.192474,145.609283,182.549911,237.775513
1981-12-28,25.782983,Training,7.525148,22.745729,35.504356,58.223705,79.223816,88.828056,99.539207,117.555801,155.795242,193.072739,249.789459
1981-12-29,26.731707,Training,10.807054,30.484997,46.345722,70.486702,94.794022,104.705338,115.166771,132.808487,173.469223,218.945663,284.347412
1981-12-30,72.605327,Training,14.731524,37.498585,54.503456,79.615173,104.920860,114.735756,124.672203,142.215820,188.584167,243.565796,323.960907
1981-12-31,43.418097,Training,15.173871,36.696434,50.769684,72.232162,92.951843,101.776871,110.565125,126.355942,167.208862,215.003113,298.279297
1982-01-01,27.178166,Validation,14.766855,32.503872,40.928749,58.282768,75.640182,83.546921,89.597069,103.619095,129.914963,160.937958,233.920013
1982-01-02,19.030297,Validation,12.488814,25.571699,30.725521,44.919708,57.915585,64.356422,67.825111,78.934013,97.044632,117.325081,170.199524
1982-01-03,16.518967,Validation,10.440755,23.785212,31.851606,47.144848,61.975803,69.894409,75.488518,88.868935,114.573853,151.150879,206.994843
1982-01-04,27.457203,Validation,12.650387,26.535755,33.244003,49.351357,64.089447,72.562668,78.393341,91.412773,115.300819,141.904602,204.896118
1982-01-05,19.420948,Validation,10.394635,20.556221,26.244268,39.785007,50.946930,57.220776,62.430054,73.207153,92.394928,113.969017,163.058426
1982-01-06,16.184124,Validation,9.604481,18.214815,22.124460,34.329842,44.590675,50.440887,53.968925,63.111160,77.001984,92.221649,129.372925
1982-01-07,14.063445,Validation,8.574813,15.919526,19.413671,30.300045,39.207909,44.468811,47.684326,55.286018,66.991356,78.787201,107.593422
1982-01-08,12.891491,Validation,7.366114,13.384607,16.464748,26.494587,34.737694,39.565483,42.821552,49.918728,60.528564,70.950859,95.211655
1982-01-09,12.110189,Validation,6.112831,10.834025,13.874760,23.067577,30.593685,34.944653,38.753284,45.702625,56.081692,66.464828,87.987061
1982-01-10,12.110189,Validation,3.938027,10.426244,14.776047,24.715252,34.006489,40.614647,44.798607,55.243282,70.476295,94.425659,122.588623
1982-01-11,20.537095,Validation,5.103817,14.537854,21.185429,34.676224,47.555527,55.770935,62.011097,74.778023,103.484535,137.003647,183.380341
1982-01-12,23.829727,Validation,6.205893,17.210199,24.497807,38.997635,52.904182,60.974144,67.070038,79.431702,108.087463,142.992386,191.055923
1982-01-13,17.132848,Validation,8.462058,20.126780,26.398998,40.825500,55.096371,63.109798,68.962875,81.964699,106.028038,133.634155,190.609451
1982-01-14,14.230867,Validation,6.926652,15.020244,18.848742,30.483301,41.035358,46.996090,50.258945,60.514889,76.403168,93.638802,133.337234
1982-01-15,12.835684,Validation,5.193284,12.913354,18.125813,28.937906,38.814960,45.309818,49.233967,59.309093,77.495705,101.748329,135.360886
1982-01-16,24.666837,Validation,5.338707,14.415218,20.859518,33.940098,45.722610,53.450275,58.917316,70.608910,96.806488,125.638039,168.048828
1982-01-17,25.280717,Validation,4.764239,11.846857,15.989759,26.363619,36.684834,42.903183,47.208923,57.220409,75.492462,93.300804,131.701569
1982-01-18,16.965426,Validation,3.946981,10.702687,15.421966,25.047155,34.196255,40.322197,44.472565,53.725040,71.395981,93.995880,124.334282
1982-01-19,19.979021,Validation,3.867100,10.212576,14.673753,24.799986,34.188934,40.559311,45.701958,56.285717,77.739105,97.584236,137.307388
1982-01-20,17.077041,Validation,3.956767,9.457592,12.426254,21.503340,30.115852,35.307499,38.562210,47.671192,62.710663,77.358101,109.885063
1982-01-21,14.454097,Validation,5.179479,10.996724,14.756379,24.611246,32.694904,37.649754,41.240440,50.251938,64.689873,80.508949,111.681114
1982-01-22,13.840216,Validation,3.470331,7.496766,9.725758,17.282946,24.101530,28.202959,30.861349,38.297092,49.263641,60.037640,82.300858
1982-01-23,12.891491,Validation,3.473798,7.256799,9.454325,16.468702,22.781471,26.497021,29.106594,35.623028,45.166779,54.368958,72.469139
1982-01-24,11.886960,Validation,3.339961,6.809394,8.847125,15.550418,21.571659,25.091402,27.687746,33.855370,42.777611,51.143108,67.286583
1982-01-25,11.328886,Validation,3.361328,6.668581,8.605577,15.287493,21.218718,24.697147,27.312492,33.305847,41.911320,49.880299,65.174072
1982-01-26,10.938235,Validation,3.396887,6.635042,8.572322,15.101497,20.848690,24.286263,26.926147,32.611843,40.870377,48.385632,62.434406
1982-01-27,10.435969,Validation,3.457766,6.618388,8.488320,15.082459,20.841263,24.334398,26.981071,32.635365,40.753059,48.158867,61.936443
1982-01-28,9.989511,Validation,3.356582,6.408107,8.423306,14.466928,19.921782,23.284634,26.065197,31.286739,39.021271,46.013271,58.130550
1982-01-29,9.375630,Validation,2.735926,5.273363,7.110785,12.273571,17.244566,20.281458,23.006773,27.969812,35.250576,41.853683,52.838829
1982-01-30,8.650135,Validation,2.224628,4.429953,6.066977,10.670806,15.247436,18.045868,20.694170,25.450996,32.627029,38.929436,49.347691
1982-01-31,8.817557,Validation,1.430519,3.165030,4.400321,8.151502,11.950272,14.318205,16.711779,20.921394,27.857409,33.384678,42.580086
1982-02-01,8.482713,Validation,1.436128,3.150616,4.294400,8.136724,11.927328,14.288290,16.589104,20.760960,27.591919,32.975563,42.026009
1982-02-02,8.426906,Validation,1.520879,3.399929,4.891931,9.071624,12.792377,15.329061,17.892199,22.460621,30.322037,36.923439,47.698078
1982-02-03,11.384694,Validation,0.817414,2.641761,4.125600,8.243361,11.776808,14.836211,17.487896,22.901169,33.211048,43.448528,58.868530
1982-02-04,10.324355,Validation,0.407742,1.904708,3.026633,6.588284,9.881662,12.663593,15.302986,20.647728,31.379452,41.137539,59.717121
1982-02-05,8.594328,Validation,0.865069,2.606396,3.690034,7.695344,11.593154,14.371226,16.781116,21.977533,31.054844,39.666763,55.638103
1982-02-06,7.645603,Validation,0.497347,1.710198,2.445010,5.182260,7.990469,9.919930,11.746397,15.522111,22.211597,27.882027,37.823727
1982-02-07,8.147869,Validation,0.437246,1.597458,2.380900,4.866991,7.375232,9.115240,10.894938,14.419618,20.987465,26.233194,35.307373
1982-02-08,12.500840,Validation,0.482477,1.659269,2.390311,4.908561,7.556842,9.362806,11.092971,14.602777,20.947260,25.984518,34.641914
1982-02-09,8.817557,Validation,0.353141,1.386997,2.022432,4.260833,6.656001,8.258734,9.844744,13.071784,18.929224,23.539051,31.379501
1982-02-10,7.310759,Validation,0.390726,1.429168,2.065640,4.294814,6.696929,8.277572,9.854823,13.011565,18.701443,23.101318,30.509232
1982-02-11,6.975915,Validation,0.415940,1.454692,2.101830,4.355231,6.763475,8.326609,9.911425,13.046242,18.681681,23.017012,30.300785
1982-02-12,6.473649,Validation,0.442416,1.501193,2.177820,4.479968,6.903789,8.476445,10.092262,13.242898,18.957691,23.327454,30.716249
1982-02-13,8.036254,Validation,0.382865,1.694257,2.699443,5.543899,8.238677,10.508245,12.567170,16.669012,24.659857,32.485340,43.713924
1982-02-14,8.426906,Validation,0.427399,2.654493,4.337496,9.070351,13.233899,17.595566,20.637318,27.710890,41.614952,55.026394,75.243210
1982-02-15,34.042467,Validation,1.106687,4.634191,7.429831,14.610836,20.983179,26.991934,31.327982,40.530682,60.544453,79.135582,107.085396
1982-02-16,37.390906,Validation,1.656585,5.296313,7.544954,14.131910,20.810419,25.800592,29.570482,37.475899,53.421345,67.607430,97.962166
1982-02-17,18.862875,Validation,2.052942,5.521859,7.653959,13.882634,19.486954,23.286884,26.050533,32.744892,44.805275,56.964275,80.739998
1982-02-18,14.007638,Validation,2.535283,6.164264,8.402725,15.066108,20.762674,24.666321,27.234667,34.023834,45.487309,57.246838,79.782516
1982-02-19,11.998574,Validation,2.587056,5.864425,7.665088,13.821586,19.422707,22.975489,25.163734,31.158026,40.434490,49.612122,67.264603
1982-02-20,10.324355,Validation,2.887991,6.113815,7.904565,14.185950,19.753407,23.139942,25.321684,31.041836,39.491386,48.034637,63.737152
1982-02-21,9.877896,Validation,2.701171,5.932854,8.426292,14.905638,20.061972,23.863867,26.632381,32.834034,42.933395,54.745785,72.398109
1982-02-22,11.998574,Validation,1.824381,4.422752,6.116558,11.413889,16.081081,19.409813,21.854414,27.585844,37.232677,46.796413,64.142570
1982-02-23,12.612455,Validation,1.803269,4.313509,6.029613,11.007160,15.444595,18.513584,20.942814,26.177319,35.121613,43.942699,59.423573
1982-02-24,13.337950,Validation,2.006814,4.561625,6.047369,11.127894,15.826574,18.920321,21.079357,26.188332,34.260864,42.052799,56.028961
1982-02-25,26.117827,Validation,2.013080,5.001880,7.273762,13.104308,17.907694,21.864756,24.476339,30.513727,40.903534,53.498047,70.968216
1982-02-26,22.825195,Validation,1.979143,4.964018,6.823347,12.896055,18.301472,22.324402,25.143274,31.728502,43.071735,54.989231,77.461624
1982-02-27,18.025765,Validation,2.254585,5.209299,7.036201,13.125532,18.374125,21.964268,24.518101,30.530256,40.238132,51.018333,70.551750
1982-02-28,17.746729,Validation,2.597838,5.557689,7.313207,13.435914,18.668808,22.158009,24.492350,30.194235,38.635380,48.124905,64.815910
1982-03-01,17.300270,Validation,2.618241,5.441381,7.111080,13.037315,18.077728,21.345469,23.571913,28.918938,36.722015,45.231075,59.930965
1982-03-02,15.849280,Validation,2.540558,5.254769,6.716948,12.348516,17.274544,20.403765,22.419178,27.392962,34.614285,42.039036,54.946877
1982-03-03,14.621518,Validation,2.492221,5.115727,6.565984,11.951076,16.710421,19.704416,21.722876,26.418177,33.398056,40.302059,51.972706
1982-03-04,13.784409,Validation,2.138828,4.452264,5.738878,10.609267,15.017887,17.754610,19.685062,24.081903,30.670424,37.005611,47.569206
1982-03-05,12.389226,Validation,1.593012,3.493778,4.573565,8.573655,12.356094,14.701224,16.531382,20.354563,26.469303,31.856098,40.795280
1982-03-06,12.110189,Validation,0.859893,2.183677,2.932956,5.738451,8.572660,10.348245,11.871199,14.937010,20.265553,24.334610,31.295959
1982-03-07,11.552116,Validation,0.946774,2.308826,3.065566,5.994341,8.915461,10.724697,12.236020,15.328902,20.589312,24.663267,31.608774
1982-03-08,11.273079,Validation,0.889195,2.188068,2.941466,5.675667,8.463735,10.187856,11.696462,14.605808,19.706947,23.538034,29.899813
1982-03-09,10.882428,Validation,0.785217,1.995530,2.681896,5.234732,7.860808,9.483858,10.884579,13.664803,18.550341,22.120356,28.094749
1982-03-10,10.380162,Validation,0.853631,2.094269,2.779514,5.441923,8.141349,9.791398,11.173838,13.990101,18.826611,22.421051,28.422277
1982-03-11,9.989511,Validation,0.969932,2.247281,2.953380,5.815568,8.672984,10.383203,11.785602,14.706718,19.467487,23.252846,29.350845
1982-03-12,9.543052,Validation,0.719721,1.838683,2.443202,4.865714,7.346695,8.845960,10.102692,12.739600,17.231377,20.517532,25.961922
1982-03-13,9.040786,Validation,0.710059,1.810845,2.403125,4.806127,7.265687,8.741860,9.967470,12.581949,16.971394,20.234434,25.550613
1982-03-14,8.705942,Validation,0.674503,1.753542,2.330058,4.676025,7.079398,8.516826,9.706394,12.267384,16.583803,19.789848,24.987944
1982-03-15,8.426906,Validation,0.806514,1.979634,2.599544,5.123435,7.696222,9.225811,10.472710,13.123904,17.595882,20.933962,26.302271
1982-03-16,8.092062,Validation,0.501885,1.493347,2.004676,4.026639,6.120500,7.412220,8.462112,10.809505,14.944384,17.751522,22.476753
1982-03-17,7.701411,Validation,0.495958,1.474924,1.990825,4.034324,6.114963,7.382307,8.431954,10.795844,14.920844,17.784414,22.580231
1982-03-18,7.310759,Validation,0.480603,1.460873,1.959003,3.945232,5.995567,7.261891,8.277189,10.594390,14.677127,17.445318,22.085011
1982-03-19,6.975915,Validation,0.456643,1.406659,1.890973,3.846378,5.862346,7.100913,8.093411,10.393502,14.382860,17.129852,21.688625
1982-03-20,6.641071,Validation,0.433005,1.363186,1.839593,3.751017,5.723048,6.933445,7.910550,10.177136,14.118422,16.815672,21.295376
1982-03-21,6.250420,Validation,0.418144,1.325136,1.797497,3.685913,5.631209,6.827207,7.799082,10.033656,13.892103,16.571653,20.936581
1982-03-22,6.082998,Validation,0.415402,1.316414,1.788061,3.670297,5.601470,6.789974,7.757676,9.966306,13.788444,16.449936,20.756052
1982-03-23,6.027191,Validation,0.400031,1.281072,1.749904,3.609517,5.501944,6.683164,7.649308,9.804000,13.568024,16.193674,20.372982
1982-03-24,5.524925,Validation,0.418801,1.323676,1.792504,3.666216,5.578609,6.754236,7.696994,9.874268,13.651012,16.261904,20.493515
1982-03-25,5.524925,Validation,0.450217,1.400085,1.868106,3.765762,5.705840,6.890287,7.805414,10.011580,13.862714,16.434132,20.754869
1982-03-26,4.911044,Validation,0.469517,1.449384,1.926279,3.859084,5.815164,7.014142,7.928567,10.148784,14.067884,16.651382,21.060692
1982-03-27,4.911044,Validation,0.477107,1.456508,1.930976,3.869960,5.825853,7.019490,7.916305,10.125134,13.981226,16.548307,20.887857
1982-03-28,4.799430,Validation,0.475810,1.496003,2.148573,4.297727,6.241300,7.583829,8.780644,11.153971,15.982362,19.336496,24.838604
1982-03-29,5.971384,Validation,0.354993,1.574911,2.438190,5.007764,7.319207,9.298244,10.948248,14.078469,20.722090,26.853952,35.077156
1982-03-30,6.696879,Validation,0.379062,1.802401,2.834639,6.051010,8.599873,10.877617,12.808196,16.637575,25.648413,33.580986,47.422276
1982-03-31,8.092062,Validation,0.493934,2.440386,3.790731,7.746967,11.103896,14.314854,16.560553,21.284073,30.932980,42.076859,56.960026
1982-04-01,6.027191,Training,0.777935,2.914145,4.172119,8.426807,12.127293,15.047992,17.267405,22.231293,32.856606,42.970676,62.261192
1982-04-02,4.576200,Training,0.893199,2.859124,3.799938,7.619170,11.047450,13.341544,14.901215,19.056942,26.878759,34.499401,48.721928
1982-04-03,5.245888,Training,1.055494,3.661759,5.342242,10.086524,14.287895,17.852470,20.076307,25.201738,34.331539,46.852852,61.957199
1982-04-04,17.802536,Training,1.194115,4.018650,6.027615,11.612044,16.251991,20.145866,23.215998,29.123898,42.749187,57.630013,80.859444
1982-04-05,11.161464,Training,1.275939,3.884181,5.338621,10.283910,14.649002,17.643015,19.865078,25.039274,35.267086,46.304039,66.426186
1982-04-06,8.315291,Training,1.463952,3.906259,4.993172,9.532305,13.708536,16.253881,17.737478,22.255718,29.788206,37.997730,52.621040
1982-04-07,6.808493,Training,1.545179,3.785980,4.824084,9.143324,13.089768,15.406024,16.816090,20.950796,27.425512,34.424603,46.220497
1982-04-08,5.915576,Training,1.497688,3.502538,4.495153,8.510154,12.191871,14.332026,15.764079,19.519091,25.317644,31.409321,41.123089
1982-04-09,5.692347,Training,1.483366,3.356777,4.310573,8.122265,11.660221,13.677158,15.091818,18.600122,23.994341,29.445292,37.886921
1982-04-10,5.134274,Training,1.543012,3.439981,4.808005,8.800694,12.110199,14.222230,16.065876,19.599871,25.831495,32.374977,41.441242
1982-04-11,5.524925,Training,1.114594,3.577072,5.402694,9.922710,14.025763,17.595390,20.099113,25.118332,32.774117,44.907337,57.002396
1982-04-12,5.692347,Training,1.143997,3.754447,5.835949,11.228375,15.757030,19.841740,23.021481,28.897484,42.068970,57.988899,79.467499
1982-04-13,6.138805,Training,1.308036,4.302780,6.605685,12.327198,17.424192,21.872162,25.098248,31.215590,43.372337,61.525845,81.993118
1982-04-14,5.636540,Training,1.675301,4.560122,6.188952,11.663103,16.802717,20.416599,22.886904,28.687321,39.078472,51.987038,73.593414
1982-04-15,4.799430,Training,2.085149,4.925612,6.359820,11.677769,16.528339,19.528938,21.309149,26.445436,34.362797,44.465973,60.489517
1982-04-16,4.576200,Training,2.190840,4.851968,6.183368,11.197426,15.712120,18.375816,19.909603,24.634176,31.373896,39.581337,52.002686
1982-04-17,4.464586,Training,1.715300,3.863473,4.987139,9.157172,12.910928,15.081896,16.550999,20.502716,26.567286,32.909214,42.543564
1982-04-18,4.297164,Training,1.631089,3.596600,4.755858,8.729925,12.250728,14.292375,15.862453,19.606550,25.514935,31.541557,40.374882
1982-04-19,4.408778,Training,1.111544,2.643028,3.524673,6.702142,9.615746,11.296714,12.691968,15.843739,21.118460,25.869331,33.229427
1982-04-20,4.129742,Training,1.092688,2.534203,3.353637,6.417099,9.309313,10.962047,12.324997,15.315733,20.209803,24.676939,31.220219
1982-04-21,4.018127,Training,1.207100,2.639811,3.470162,6.596640,9.599483,11.319779,12.740144,15.662485,20.342436,24.748028,30.662617
1982-04-22,3.850705,Training,0.840461,2.029116,2.679560,5.187073,7.667182,9.068429,10.247890,12.759086,16.955755,20.401741,25.401375
1982-04-23,3.627476,Training,0.668197,1.726854,2.303198,4.490448,6.687365,7.932407,8.999987,11.285097,15.218460,18.208805,22.647547
1982-04-24,3.404247,Training,0.615336,1.639815,2.192199,4.276136,6.376802,7.550077,8.564089,10.783759,14.616817,17.462915,21.719294
1982-04-25,3.236825,Training,0.611860,1.627167,2.165025,4.218245,6.294814,7.459287,8.442519,10.621059,14.354801,17.129173,21.206400
1982-04-26,3.125210,Training,0.669326,1.737078,2.368862,4.578537,6.683009,7.833493,8.933444,11.241498,15.340532,18.356596,23.004539
1982-04-27,2.957788,Training,0.685511,1.754881,2.338906,4.541747,6.706826,7.898715,8.934269,11.258798,15.170909,18.193983,22.591444
1982-04-28,2.790366,Training,0.751087,1.857345,2.428231,4.720411,7.006149,8.257010,9.301217,11.658643,15.517696,18.635202,22.938721
1982-04-29,2.622944,Training,0.747217,1.826823,2.393757,4.662530,6.948448,8.191668,9.266448,11.594122,15.402086,18.524090,22.631445
1982-04-30,2.399715,Training,0.522608,1.457949,1.941380,3.840435,5.761744,6.841302,7.780526,9.867150,13.403151,16.060760,19.683498
1982-05-01,2.288100,Training,0.415727,1.281512,1.730399,3.451926,5.210724,6.213037,7.094704,9.080169,12.495205,14.974049,18.377062
1982-05-02,2.064871,Training,0.246917,0.995521,1.389935,2.803391,4.246040,5.116262,5.861093,7.658792,10.787921,12.874431,15.838268
1982-05-03,2.399715,Training,0.245581,0.999691,1.391537,2.803359,4.254774,5.115928,5.854852,7.674093,10.806819,12.903759,15.920287
1982-05-04,2.511330,Training,0.263684,1.045551,1.437436,2.871436,4.354215,5.218296,5.951046,7.819155,11.014439,13.126918,16.259029
1982-05-05,2.288100,Training,0.278073,1.077186,1.467548,2.914465,4.413724,5.287242,6.017579,7.898175,11.120768,13.228208,16.390438
1982-05-06,2.176486,Training,0.282436,1.085119,1.474438,2.922458,4.422186,5.296845,6.023625,7.899758,11.112844,13.209452,16.359255
1982-05-07,2.120678,Training,0.238042,0.996922,1.377552,2.761276,4.189705,5.030826,5.738467,7.560970,10.664967,12.714424,15.727416
1982-05-08,2.064871,Training,0.206228,0.937551,1.311049,2.646413,4.021411,4.837783,5.532702,7.312971,10.352223,12.361370,15.279645
1982-05-09,1.953256,Training,0.197345,0.924535,1.294284,2.620116,3.988194,4.796413,5.489319,7.266558,10.296206,12.314089,15.229884
1982-05-10,1.953256,Training,0.189791,0.915566,1.282726,2.594794,3.962353,4.765319,5.454680,7.240585,10.286100,12.301962,15.254761
1982-05-11,2.064871,Training,0.130994,0.943669,1.476759,3.038668,4.609198,5.773005,6.858051,9.082070,13.336401,16.890860,21.244495
1982-05-12,2.678751,Training,0.043074,0.867748,1.482270,3.279036,4.816883,6.060190,7.325685,9.806491,15.391013,20.082619,26.792213
1982-05-13,2.511330,Training,0.023576,0.822058,1.304620,2.929987,4.488994,5.625585,6.684999,9.063034,13.809782,17.831709,23.973877
1982-05-14,2.232293,Training,0.132180,0.953033,1.411144,3.051384,4.668748,5.717115,6.724274,8.944257,13.197728,16.580065,21.859280
1982-05-15,2.064871,Training,0.169557,0.981295,1.399154,2.958566,4.556127,5.543344,6.446129,8.558875,12.402105,15.293636,19.831285
1982-05-16,1.841642,Training,0.176000,0.968023,1.372308,2.872345,4.435745,5.363533,6.223422,8.253413,11.905606,14.549014,18.702662
1982-05-17,2.064871,Training,0.169770,0.935171,1.352055,2.835139,4.355364,5.233147,6.114216,8.091825,11.713493,14.289476,18.346348
1982-05-18,2.176486,Training,0.151539,0.894522,1.310311,2.758960,4.246564,5.100036,5.981170,7.928005,11.512979,14.057880,18.055902
1982-05-19,2.064871,Training,0.140258,0.870741,1.256000,2.642319,4.132071,4.981953,5.812801,7.714733,11.126086,13.573378,17.335625
1982-05-20,1.953256,Training,0.128337,0.829225,1.208380,2.554068,4.017810,4.837274,5.679359,7.508088,10.859634,13.222270,16.845150
1982-05-21,1.897449,Training,0.123953,0.815305,1.191466,2.516669,3.985357,4.785486,5.620025,7.442584,10.760031,13.076836,16.682594
1982-05-22,1.674220,Training,0.115668,0.803467,1.174939,2.484364,3.955936,4.744759,5.567238,7.398008,10.695554,13.004933,16.630154
1982-05-23,1.674220,Training,0.098027,0.772860,1.134606,2.407588,3.845630,4.610142,5.413032,7.215192,10.451697,12.715788,16.277475
1982-05-24,1.618412,Training,0.075988,0.727250,1.079344,2.310177,3.703220,4.443558,5.238681,6.980012,10.157300,12.368981,15.830752
1982-05-25,1.730027,Training,0.049485,0.725662,1.187869,2.579147,4.001820,4.870249,5.889537,7.813517,11.840736,14.831260,19.394253
1982-05-26,1.730027,Training,0.019718,0.687683,1.059071,2.349702,3.765891,4.581037,5.420101,7.329634,10.865722,13.528962,17.760040
1982-05-27,1.618412,Training,0.027953,0.696637,1.056256,2.335187,3.766798,4.555417,5.392816,7.244349,10.674726,13.241227,17.336908
1982-05-28,1.618412,Training,0.082923,0.781347,1.176569,2.569808,4.077017,4.862651,5.780266,7.694936,11.277518,13.923515,18.301792
1982-05-29,1.450990,Training,0.126133,0.864336,1.278140,2.785394,4.415398,5.252278,6.233810,8.250244,11.983578,14.885994,19.576952
1982-05-30,1.618412,Training,-0.035362,0.591904,0.953979,2.165538,3.468012,4.187682,5.001386,6.816571,10.220779,12.740422,16.921389
1982-05-31,1.506798,Training,-0.110139,0.447798,0.746707,1.721464,2.835989,3.471509,4.114070,5.717862,8.602616,10.724763,14.094944
1982-06-01,1.395183,Training,-0.115949,0.433944,0.727523,1.682253,2.788515,3.402199,4.038540,5.610051,8.443284,10.515085,13.820644
1982-06-02,1.339376,Training,-0.118760,0.430243,0.730145,1.692353,2.800387,3.401820,4.042982,5.636859,8.502977,10.580994,13.968081
1982-06-03,1.339376,Training,-0.123690,0.422878,0.708168,1.636073,2.732883,3.330458,3.935757,5.499324,8.254505,10.276418,13.522333
1982-06-04,1.283568,Training,-0.133171,0.406779,0.687817,1.598565,2.679065,3.263350,3.859623,5.400609,8.116343,10.114782,13.325373
1982-06-05,1.227761,Training,-0.150873,0.373343,0.650574,1.535165,2.583836,3.147378,3.736043,5.239692,7.919964,9.890057,13.062171
1982-06-06,1.171954,Training,-0.162494,0.355350,0.625403,1.481276,2.504495,3.059858,3.620921,5.103786,7.714546,9.646923,12.743236
1982-06-07,1.227761,Training,-0.175280,0.334986,0.599189,1.431478,2.428727,2.970810,3.515574,4.971669,7.529268,9.442476,12.486575
1982-06-08,1.116146,Training,-0.184232,0.319235,0.580662,1.398724,2.387038,2.919619,3.461618,4.900293,7.441404,9.339418,12.378716
1982-06-09,1.060339,Training,-0.190093,0.311083,0.571222,1.382282,2.368272,2.898016,3.435684,4.876335,7.407793,9.305511,12.358585
1982-06-10,1.171954,Training,-0.200292,0.295710,0.559312,1.371782,2.347405,2.867989,3.414610,4.859735,7.423352,9.344323,12.475608
1982-06-11,1.116146,Training,-0.205392,0.290150,0.546206,1.346241,2.313744,2.830603,3.367729,4.796228,7.308611,9.232103,12.323694
1982-06-12,1.171954,Training,-0.204598,0.297853,0.566549,1.413566,2.420279,2.947361,3.533878,5.015560,7.677417,9.716648,13.071120
1982-06-13,1.450990,Training,-0.268635,0.189336,0.451036,1.184580,2.031356,2.508296,3.023865,4.411030,6.958803,8.862314,12.168036
1982-06-14,1.450990,Training,-0.271877,0.180697,0.414724,1.084848,1.908180,2.368714,2.826769,4.133035,6.438064,8.247321,11.202312
1982-06-15,1.227761,Training,-0.274139,0.175245,0.402181,1.055191,1.871109,2.318053,2.772846,4.037501,6.302684,8.078134,10.975821
1982-06-16,1.116146,Training,-0.288786,0.149925,0.383019,1.027548,1.809749,2.230473,2.695347,3.947230,6.280241,8.052027,11.097479
1982-06-17,1.060339,Training,-0.302859,0.134027,0.368160,1.006374,1.767835,2.195687,2.642878,3.920846,6.202024,7.992862,11.061425
1982-06-18,1.116146,Training,-0.316333,0.110527,0.321382,0.876927,1.574422,1.971022,2.352141,3.526608,5.550929,7.220927,9.999902
1982-06-19,1.116146,Training,-0.323431,0.099225,0.303882,0.832966,1.509000,1.885099,2.253983,3.393205,5.348665,6.984022,9.728384
1982-06-20,1.060339,Training,-0.332597,0.081176,0.285824,0.805552,1.466973,1.827319,2.197480,3.319563,5.272779,6.892039,9.661527
1982-06-21,1.004532,Training,-0.340791,0.063662,0.258176,0.738454,1.364914,1.702368,2.048502,3.103976,4.956830,6.510810,9.175818
1982-06-22,0.948724,Training,-0.382206,0.019446,0.256282,0.821847,1.456377,1.864188,2.290935,3.490778,5.810461,7.741575,11.252497
1982-06-23,1.004532,Training,-0.366820,0.039631,0.238389,0.710955,1.316362,1.672214,2.016701,3.094625,4.971348,6.659137,9.531736
1982-06-24,0.837110,Training,-0.370926,0.031507,0.225978,0.677889,1.270873,1.604922,1.947692,2.979155,4.798244,6.436762,9.263625
1982-06-25,1.060339,Training,-0.386946,0.004205,0.214573,0.692809,1.269245,1.600854,1.968015,3.034411,5.005741,6.675358,9.795719
1982-06-26,1.171954,Training,-0.382930,0.008382,0.204549,0.648003,1.213280,1.530374,1.865397,2.888883,4.702895,6.319879,9.214546
1982-06-27,1.004532,Training,-0.375452,0.018171,0.202677,0.618079,1.179193,1.488482,1.801758,2.774057,4.466279,6.014380,8.708838
1982-06-28,0.948724,Training,-0.373368,0.012392,0.188138,0.574309,1.112092,1.395216,1.688584,2.601185,4.195075,5.645643,8.196639
1982-06-29,0.781303,Training,-0.372918,0.008965,0.180277,0.549598,1.072478,1.342229,1.622520,2.504824,4.040451,5.442433,7.925897
1982-06-30,0.613881,Training,-0.375940,0.001621,0.168973,0.519901,1.025753,1.281082,1.551818,2.399811,3.884248,5.252901,7.699040
1982-07-01,0.446459,Training,-0.380563,-0.007698,0.154982,0.482954,0.966355,1.203400,1.464179,2.270273,3.688555,5.022220,7.442136
1982-07-02,0.446459,Training,-0.388257,-0.017294,0.149722,0.480920,0.958422,1.190135,1.457008,2.274906,3.697732,5.051961,7.560646
1982-07-03,0.334844,Training,-0.419292,-0.049943,0.144590,0.531005,1.014570,1.280447,1.595828,2.507328,4.203183,5.745255,8.822962
1982-07-04,0.558073,Training,-0.538765,-0.143881,0.088333,0.566227,1.162610,1.644372,2.096159,3.367216,5.701901,8.563671,13.590440
1982-07-05,0.837110,Training,-0.509348,-0.109619,0.139595,0.592693,1.132805,1.533631,1.975532,3.136635,5.539130,8.172342,13.006637
1982-07-06,0.613881,Training,-0.471347,-0.072426,0.139741,0.540906,1.068080,1.412570,1.787156,2.787145,4.769163,6.885917,10.751941
1982-07-07,0.446459,Training,-0.435134,-0.027002,0.167144,0.580578,1.137384,1.479172,1.829698,2.831778,4.730637,6.597587,10.040010
1982-07-08,0.502266,Training,-0.422044,-0.024837,0.158586,0.543776,1.079557,1.382698,1.706853,2.642908,4.376215,6.051602,9.156837
1982-07-09,0.502266,Training,-0.414074,-0.022142,0.157718,0.537398,1.073308,1.362231,1.681579,2.592077,4.274872,5.873567,8.833595
1982-07-10,0.446459,Training,-0.403007,-0.007778,0.173015,0.575435,1.139467,1.437584,1.768398,2.703105,4.417701,6.009002,8.922267
1982-07-11,0.390651,Training,-0.407940,-0.028990,0.140603,0.475929,0.968552,1.215256,1.498500,2.321354,3.810181,5.236323,7.939318
1982-07-12,0.558073,Training,-0.414042,-0.041536,0.130264,0.462095,0.942569,1.175193,1.460560,2.273571,3.756000,5.174277,7.927468
1982-07-13,0.334844,Training,-0.421667,-0.051841,0.125128,0.467826,0.947267,1.181812,1.476801,2.305202,3.836006,5.282887,8.155110
1982-07-14,0.446459,Training,-0.418338,-0.052514,0.115495,0.428295,0.887117,1.104429,1.378474,2.150951,3.564345,4.940684,7.655310
1982-07-15,0.334844,Training,-0.409137,-0.044858,0.112504,0.396258,0.838672,1.041280,1.292547,2.008216,3.300717,4.591615,7.124766
1982-07-16,0.334844,Training,-0.409500,-0.049930,0.106924,0.387260,0.823002,1.015598,1.264306,1.968359,3.244120,4.509562,7.027876
1982-07-17,0.279037,Training,-0.418126,-0.063175,0.098866,0.389453,0.822926,1.015086,1.272909,1.988695,3.314461,4.598678,7.220293
1982-07-18,0.223229,Training,-0.407419,-0.047248,0.106436,0.383449,0.819986,1.014267,1.256961,1.950247,3.205656,4.453118,6.925942
1982-07-19,0.502266,Training,-0.443400,-0.087823,0.094565,0.443482,0.901329,1.132008,1.437366,2.236935,3.818628,5.276613,8.378193
1982-07-20,0.446459,Training,-0.435048,-0.071075,0.107008,0.463218,0.944703,1.182755,1.491509,2.311016,3.889825,5.370402,8.389755
1982-07-21,0.390651,Training,-0.416123,-0.039496,0.127534,0.484853,1.000157,1.242033,1.553160,2.361145,3.876701,5.348006,8.179975
1982-07-22,0.279037,Training,-0.406029,-0.038379,0.113077,0.412705,0.883473,1.072333,1.347902,2.049309,3.349498,4.662677,7.274492
1982-07-23,0.223229,Training,-0.403082,-0.070438,0.064099,0.239661,0.557553,0.681957,0.857737,1.351766,2.236912,3.223973,5.443919
1982-07-24,0.279037,Training,-0.401301,-0.071569,0.061186,0.228177,0.536917,0.655077,0.825748,1.300504,2.158816,3.120325,5.315308
1982-07-25,0.223229,Training,-0.399586,-0.071819,0.059844,0.220418,0.522250,0.636158,0.802747,1.263137,2.104208,3.047137,5.225259
1982-07-26,0.279037,Training,-0.399212,-0.072778,0.058290,0.215544,0.512921,0.624390,0.788227,1.240078,2.067505,2.997511,5.167053
1982-07-27,0.167422,Training,-0.400733,-0.075141,0.055859,0.212482,0.507500,0.617422,0.780290,1.228265,2.043478,2.966073,5.139402
1982-07-28,0.279037,Training,-0.459103,-0.152166,0.009340,0.228925,0.526938,0.667580,0.882960,1.394066,2.468778,3.590679,6.434156
1982-07-29,0.446459,Training,-0.444455,-0.126704,0.026420,0.214156,0.505609,0.631221,0.829890,1.317482,2.280859,3.340009,5.935414
1982-07-30,0.334844,Training,-0.425197,-0.099020,0.043075,0.206268,0.496168,0.616512,0.796347,1.247536,2.112461,3.110898,5.496418
1982-07-31,0.334844,Training,-0.528514,-0.225594,-0.057252,0.193739,0.533251,0.747769,0.995769,1.575036,2.789845,4.288098,7.983486
1982-08-01,0.334844,Training,-0.505723,-0.184695,0.002310,0.221879,0.510477,0.673687,0.931669,1.467155,2.670673,4.061375,7.525136
1982-08-02,0.334844,Training,-0.475221,-0.144975,0.025743,0.210593,0.496482,0.637531,0.866015,1.346286,2.375556,3.611629,6.643497
1982-08-03,0.334844,Training,-0.438516,-0.102844,0.042600,0.209229,0.499724,0.631566,0.819922,1.274324,2.185544,3.235403,5.817490
1982-08-04,0.334844,Training,-0.423435,-0.093747,0.043750,0.199776,0.483475,0.601437,0.772239,1.202747,2.046601,3.003832,5.398382
1982-08-05,0.279037,Training,-0.417114,-0.090526,0.044133,0.196353,0.476820,0.587894,0.750886,1.170545,1.980752,2.896782,5.212966
1982-08-06,0.334844,Training,-0.413739,-0.089783,0.043301,0.193124,0.470317,0.578119,0.736892,1.146769,1.942542,2.835563,5.107507
1982-08-07,0.279037,Training,-0.406138,-0.086188,0.044340,0.182654,0.448372,0.547829,0.698964,1.084825,1.843251,2.699176,4.920513
1982-08-08,0.167422,Training,-0.396467,-0.077212,0.051569,0.181624,0.441112,0.535712,0.681090,1.051849,1.792777,2.628034,4.818743
1982-08-09,0.111615,Training,-0.388125,-0.068025,0.059863,0.184484,0.440774,0.532710,0.674256,1.036039,1.769110,2.594388,4.771439
1982-08-10,0.167422,Training,-0.382173,-0.061324,0.066024,0.186893,0.440779,0.530900,0.669798,1.024922,1.751853,2.570388,4.741845
1982-08-11,0.111615,Training,-0.384209,-0.065898,0.060829,0.180584,0.430324,0.518425,0.655073,1.003106,1.714625,2.519464,4.683916
1982-08-12,0.055807,Training,-0.392465,-0.078831,0.047494,0.168672,0.413869,0.500113,0.635157,0.977423,1.668995,2.456631,4.612707
1982-08-13,0.055807,Training,-0.402295,-0.092052,0.035051,0.161033,0.405212,0.490446,0.626084,0.969523,1.650534,2.429190,4.590464
1982-08-14,0.167422,Training,-0.404696,-0.092575,0.034437,0.164677,0.412558,0.500259,0.635772,0.984365,1.670196,2.450032,4.614494
1982-08-15,0.111615,Training,-0.408401,-0.092483,0.035352,0.178352,0.438632,0.534163,0.675614,1.041294,1.766909,2.569016,4.760170
1982-08-16,0.055807,Training,-0.410457,-0.091258,0.036790,0.191650,0.463535,0.563596,0.710968,1.091091,1.843425,2.659338,4.874567
1982-08-17,0.111615,Training,-0.408961,-0.086532,0.040277,0.206926,0.491477,0.593992,0.749528,1.138844,1.916472,2.748654,4.994222
1982-08-18,0.055807,Training,-0.405678,-0.083435,0.041227,0.208112,0.495225,0.590737,0.750443,1.131135,1.896213,2.725863,4.997172
1982-08-19,0.111615,Training,-0.387505,-0.090460,0.029668,0.132120,0.337028,0.403857,0.516380,0.792497,1.348963,2.022184,4.097207
1982-08-20,0.167422,Training,-0.386130,-0.090891,0.028699,0.128620,0.328741,0.392877,0.503183,0.771124,1.312851,1.973144,4.043700
1982-08-21,0.167422,Training,-0.384394,-0.090015,0.029035,0.126988,0.323818,0.386799,0.495185,0.756660,1.290076,1.942298,4.010839
1982-08-22,0.111615,Training,-0.383770,-0.090081,0.028698,0.125661,0.319946,0.382208,0.489025,0.745808,1.273191,1.918848,3.986971
1982-08-23,0.279037,Training,-0.384425,-0.091830,0.026805,0.123413,0.315177,0.376277,0.481548,0.734394,1.253981,1.891666,3.957582
1982-08-24,0.279037,Training,-0.380240,-0.086996,0.031142,0.125633,0.315418,0.376724,0.480668,0.728005,1.246989,1.883219,3.956749
1982-08-25,0.223229,Training,-0.377365,-0.083446,0.034374,0.127691,0.316054,0.377347,0.480047,0.723581,1.240982,1.875366,3.956150
1982-08-26,0.111615,Training,-0.384838,-0.094682,0.023449,0.118602,0.303642,0.361621,0.462628,0.704539,1.204192,1.821924,3.886246
1982-08-27,0.223229,Training,-0.385634,-0.095242,0.022899,0.118561,0.302971,0.360136,0.460413,0.701667,1.198158,1.811973,3.879395
1982-08-28,0.334844,Training,-0.467502,-0.210860,-0.066251,0.099460,0.298264,0.396731,0.539278,0.817297,1.513551,2.303457,5.155334
1982-08-29,0.334844,Training,-0.412096,-0.120897,0.011707,0.115817,0.291681,0.366123,0.483520,0.726209,1.276972,1.962407,4.274207
1982-08-30,0.279037,Training,-0.408842,-0.117268,0.013301,0.115816,0.293500,0.362219,0.479138,0.715182,1.254398,1.923583,4.199307
1982-08-31,0.334844,Training,-0.390439,-0.096340,0.025097,0.120935,0.301666,0.367523,0.470592,0.704046,1.223731,1.857684,4.024505
1982-09-01,0.279037,Training,-0.382668,-0.086024,0.034288,0.128680,0.310641,0.376297,0.477198,0.708860,1.230086,1.863246,4.027457
1982-09-02,0.223229,Training,-0.377818,-0.079885,0.039975,0.133397,0.315835,0.380841,0.480507,0.710126,1.230670,1.863058,4.028716
1982-09-03,0.167422,Training,-0.375740,-0.077580,0.042179,0.134865,0.316661,0.380816,0.479583,0.706663,1.224356,1.853982,4.021492
1982-09-04,0.167422,Training,-0.379711,-0.085894,0.033625,0.125376,0.302327,0.363469,0.460049,0.681332,1.182453,1.795155,3.940255
1982-09-05,0.055807,Training,-0.384346,-0.094652,0.024809,0.116079,0.289403,0.347655,0.442816,0.660571,1.147378,1.746114,3.869539
1982-09-06,0.055807,Training,-0.389369,-0.102497,0.016924,0.108787,0.281265,0.336540,0.431177,0.650509,1.126987,1.716856,3.821615
1982-09-07,0.111615,Training,-0.385748,-0.098029,0.021292,0.111793,0.282953,0.338855,0.432637,0.647010,1.124245,1.713580,3.828859
1982-09-08,0.167422,Training,-0.385147,-0.097688,0.021497,0.111455,0.281859,0.337182,0.430138,0.642785,1.117119,1.703889,3.819970
1982-09-09,0.167422,Training,-0.387270,-0.101724,0.017295,0.107237,0.276940,0.330513,0.422711,0.635391,1.103079,1.684622,3.789202
1982-09-10,0.167422,Training,-0.388135,-0.102950,0.016109,0.105895,0.275382,0.328302,0.420338,0.632638,1.098225,1.678287,3.783587
1982-09-11,0.111615,Training,-0.386669,-0.100740,0.018551,0.107954,0.277201,0.330676,0.422598,0.632662,1.100250,1.681469,3.798162
1982-09-12,0.055807,Training,-0.379758,-0.087987,0.031719,0.121517,0.294504,0.351212,0.443772,0.654288,1.137813,1.732813,3.888854
1982-09-13,0.055807,Training,-0.379925,-0.084178,0.036431,0.129428,0.308154,0.368273,0.463121,0.679928,1.181732,1.791393,3.975059
1982-09-14,0.055807,Training,-0.386754,-0.086260,0.035637,0.139506,0.330580,0.396637,0.498508,0.731457,1.268203,1.902337,4.124151
1982-09-15,0.167422,Training,-0.396915,-0.097857,0.025202,0.143300,0.346454,0.410746,0.525056,0.772340,1.334862,1.987263,4.267863
1982-09-16,0.223229,Training,-0.391065,-0.111885,0.014025,0.109001,0.272918,0.321510,0.421510,0.625668,1.104366,1.689251,3.922536
1982-09-17,0.390651,Training,-0.420915,-0.153868,-0.014266,0.102520,0.264020,0.318798,0.438449,0.652117,1.193654,1.809688,4.282861
1982-09-18,0.390651,Training,-0.503804,-0.252523,-0.094030,0.083410,0.280074,0.399828,0.557844,0.812223,1.519454,2.394794,5.906138
1982-09-19,0.279037,Training,-0.544439,-0.278859,-0.084369,0.122722,0.308930,0.450812,0.665362,0.963037,1.894152,3.062074,7.528090
1982-09-20,0.223229,Training,-0.539557,-0.253840,-0.046798,0.150623,0.323624,0.454557,0.683830,0.987920,1.938381,3.125937,7.586564
1982-09-21,0.334844,Training,-0.485562,-0.188989,-0.013179,0.131117,0.300825,0.396308,0.576006,0.842296,1.576194,2.488768,5.878965
1982-09-22,0.446459,Training,-0.456890,-0.166743,-0.010039,0.116013,0.286206,0.363524,0.515569,0.760545,1.404942,2.178654,5.123046
1982-09-23,0.613881,Training,-0.422089,-0.125708,0.009842,0.108639,0.281467,0.348614,0.467410,0.697528,1.236500,1.916826,4.429639
1982-09-24,0.669688,Training,-0.476477,-0.210649,-0.050618,0.100696,0.276997,0.361249,0.518361,0.770230,1.468436,2.249229,5.366998
1982-09-25,0.948724,Training,-0.630949,-0.319362,-0.116544,0.136164,0.385279,0.612693,0.889155,1.315680,2.315028,3.878335,10.412143
1982-09-26,1.060339,Training,-0.544364,-0.180661,0.065636,0.275209,0.495944,0.675888,0.957293,1.402723,2.587401,4.243462,9.762372
1982-09-27,0.613881,Training,-0.504701,-0.178789,0.010182,0.171037,0.368267,0.479259,0.689837,1.008027,1.870696,2.993337,6.963667
1982-09-28,0.613881,Training,-0.572033,-0.259534,-0.058806,0.183228,0.446893,0.639238,0.903274,1.343288,2.582983,4.199328,9.837910
1982-09-29,0.669688,Training,-0.545180,-0.203974,0.012972,0.227391,0.457344,0.621589,0.889211,1.327459,2.535273,4.024836,9.122898
1982-09-30,0.669688,Training,-0.490034,-0.139707,0.038548,0.194856,0.422128,0.550191,0.755078,1.117005,2.017294,3.171628,6.950848
1982-10-01,0.502266,Validation,-0.469162,-0.124180,0.035838,0.179042,0.413731,0.525711,0.709059,1.055299,1.887763,2.902534,6.222068
1982-10-02,0.502266,Validation,-0.461740,-0.133401,0.021460,0.157561,0.389318,0.486766,0.661288,0.990997,1.782392,2.703974,5.776202
1982-10-03,0.334844,Validation,-0.453997,-0.131024,0.016284,0.145991,0.381095,0.474756,0.637630,0.960526,1.715384,2.584993,5.444273
1982-10-04,0.279037,Validation,-0.455686,-0.137225,0.009374,0.146880,0.392559,0.485938,0.652269,0.983752,1.758417,2.625123,5.436321
1982-10-05,0.279037,Validation,-0.472400,-0.158449,-0.006144,0.161281,0.428607,0.527786,0.718309,1.087320,1.966828,2.892220,5.888534
1982-10-06,0.223229,Validation,-0.464852,-0.138138,0.004627,0.181265,0.480027,0.587495,0.780252,1.179346,2.072884,3.038623,5.950539
1982-10-07,0.279037,Validation,-0.457860,-0.144734,-0.004423,0.146812,0.413171,0.501607,0.670663,1.027686,1.821329,2.689219,5.418857
1982-10-08,0.279037,Validation,-0.488289,-0.194340,-0.039590,0.132333,0.381645,0.477000,0.663882,1.024522,1.902331,2.800800,5.879402
1982-10-09,0.279037,Validation,-0.522622,-0.237505,-0.067211,0.133561,0.385453,0.512232,0.726885,1.109466,2.127665,3.207228,6.900823
1982-10-10,0.334844,Validation,-0.487839,-0.170946,-0.013115,0.152746,0.420042,0.533322,0.732423,1.117202,2.015032,3.051871,6.213771
1982-10-11,0.279037,Validation,-0.472202,-0.147879,-0.003664,0.168668,0.464284,0.574839,0.770128,1.169689,2.061715,3.067685,6.024591
1982-10-12,0.279037,Validation,-0.466354,-0.140247,0.000989,0.198444,0.528619,0.637432,0.851218,1.284268,2.242130,3.263521,6.250100
1982-10-13,0.390651,Validation,-0.539750,-0.231944,-0.069139,0.202880,0.564499,0.737821,1.024006,1.543405,2.883587,4.325689,8.821197
1982-10-14,0.837110,Validation,-0.478816,-0.167445,-0.013320,0.127887,0.365972,0.472044,0.649751,0.998825,1.796471,2.771158,5.797307
1982-10-15,0.669688,Validation,-0.467908,-0.148861,-0.005298,0.142095,0.404869,0.505380,0.684927,1.048024,1.851288,2.813342,5.701455
1982-10-16,0.558073,Validation,-0.501853,-0.195652,-0.038038,0.161500,0.447081,0.560362,0.784723,1.205148,2.218004,3.293244,6.748171
1982-10-17,0.446459,Validation,-0.482594,-0.192577,-0.034986,0.111272,0.332579,0.420898,0.602854,0.933485,1.725950,2.638187,5.753508
1982-10-18,0.390651,Validation,-0.491376,-0.201274,-0.041171,0.106093,0.326489,0.416836,0.604521,0.942243,1.751960,2.703477,5.887781
1982-10-19,0.558073,Validation,-0.447571,-0.139980,-0.003147,0.105644,0.331712,0.414164,0.564205,0.877829,1.547793,2.405001,5.091543
1982-10-20,0.558073,Validation,-0.435278,-0.129648,0.001626,0.104735,0.334199,0.407679,0.550438,0.856653,1.498479,2.311840,4.867504
1982-10-21,0.390651,Validation,-0.432401,-0.130706,0.000976,0.106164,0.338943,0.408450,0.550849,0.860668,1.508060,2.309234,4.835513
1982-10-22,0.390651,Validation,-0.447131,-0.150422,-0.013588,0.106394,0.345957,0.418238,0.572649,0.905973,1.608325,2.444125,5.065001
1982-10-23,0.390651,Validation,-0.441080,-0.135499,-0.004905,0.110923,0.361013,0.439118,0.587976,0.933404,1.630668,2.482318,5.007191
1982-10-24,0.334844,Validation,-0.436506,-0.124378,0.002505,0.116826,0.376121,0.458585,0.605507,0.959329,1.659944,2.519897,4.989802
1982-10-25,0.334844,Validation,-0.436449,-0.122009,0.005576,0.131015,0.406216,0.492756,0.645937,1.018154,1.752237,2.631664,5.110842
1982-10-26,0.390651,Validation,-0.441826,-0.118667,0.009491,0.165595,0.479899,0.580093,0.753891,1.182706,2.013462,2.973487,5.525542
1982-10-27,0.390651,Validation,-0.431693,-0.113846,0.013139,0.152907,0.448604,0.536932,0.699276,1.093839,1.861452,2.770050,5.260967
1982-10-28,0.334844,Validation,-0.418671,-0.108248,0.017726,0.130534,0.392193,0.467833,0.610742,0.955750,1.635383,2.465743,4.865163
1982-10-29,0.446459,Validation,-0.423075,-0.108335,0.018852,0.143237,0.420680,0.503951,0.655448,1.025309,1.750298,2.618590,5.052794
1982-10-30,0.279037,Validation,-0.430367,-0.109258,0.019103,0.163436,0.466996,0.560107,0.728625,1.137787,1.932915,2.866117,5.377879
1982-10-31,0.334844,Validation,-0.433359,-0.105481,0.025039,0.185291,0.513353,0.612767,0.799770,1.238567,2.099038,3.093852,5.711521
1982-11-01,0.279037,Validation,-0.417802,-0.101745,0.026078,0.142733,0.413563,0.492934,0.646585,1.006880,1.719295,2.588388,5.061060
1982-11-02,0.167422,Validation,-0.421080,-0.100026,0.030045,0.157535,0.443885,0.529730,0.694241,1.076128,1.836302,2.745149,5.280344
1982-11-03,0.279037,Validation,-0.457019,-0.138398,0.008510,0.189845,0.511537,0.615337,0.832520,1.295095,2.268172,3.333128,6.309218
1982-11-04,0.223229,Validation,-0.439106,-0.114316,0.018523,0.166941,0.476067,0.576786,0.763764,1.197613,2.039431,3.054554,5.732465
1982-11-05,0.223229,Validation,-0.491521,-0.178327,-0.017052,0.192279,0.513870,0.639772,0.890807,1.396309,2.515165,3.744704,7.195473
1982-11-06,0.502266,Validation,-0.718119,-0.309497,-0.051668,0.364364,0.844319,1.323478,1.882440,3.191875,5.437509,9.599198,20.273916
1982-11-07,3.348439,Validation,-0.699804,-0.197845,0.259851,0.916320,1.660503,2.664778,3.559984,6.218123,11.866978,21.415831,42.570408
1982-11-08,2.901981,Validation,-0.645628,-0.113216,0.342980,0.989182,1.701670,2.559281,3.405223,5.730080,11.176283,19.613852,39.231079
1982-11-09,1.953256,Validation,-0.539090,0.034680,0.390520,0.882374,1.554813,2.160202,2.782430,4.493881,7.877345,12.934756,23.734272
1982-11-10,0.892917,Validation,-0.516914,0.005374,0.278680,0.731187,1.363810,1.831015,2.341490,3.742192,6.512367,10.233593,18.292042
1982-11-11,0.669688,Validation,-0.496419,0.003527,0.251544,0.699167,1.337341,1.767756,2.256685,3.568673,6.157567,9.362880,16.211958
1982-11-12,0.613881,Validation,-0.495914,-0.043408,0.177256,0.581705,1.187350,1.530164,2.003542,3.126132,5.424026,8.122135,13.877865
1982-11-13,0.613881,Validation,-0.503577,-0.082217,0.131292,0.536082,1.137623,1.451782,1.936004,3.014985,5.296113,7.834986,13.316259
1982-11-14,0.613881,Validation,-0.492341,-0.080835,0.116065,0.494687,1.089825,1.398787,1.843977,2.877087,4.944815,7.283989,11.991999
1982-11-15,0.558073,Validation,-0.510836,-0.110925,0.101094,0.522031,1.129120,1.455816,1.941579,3.048121,5.357685,7.856304,13.074059
1982-11-16,0.613881,Validation,-0.487226,-0.080769,0.116115,0.507829,1.124529,1.452330,1.903129,2.964631,5.060812,7.396308,11.913394
1982-11-17,0.558073,Validation,-0.478063,-0.073726,0.120351,0.539161,1.190285,1.518982,1.991344,3.062530,5.212885,7.530181,12.032639
1982-11-18,0.558073,Validation,-0.464851,-0.057257,0.141312,0.595227,1.290405,1.648578,2.140507,3.278961,5.510463,7.856158,12.221415
1982-11-19,0.558073,Validation,-0.452102,-0.040114,0.163544,0.667140,1.419046,1.807744,2.338703,3.544255,5.908604,8.323501,12.750510
1982-11-20,0.502266,Validation,-0.431849,-0.010322,0.208129,0.769665,1.587746,2.023553,2.598340,3.901542,6.409529,8.904372,13.275421
1982-11-21,0.502266,Validation,-0.404863,0.032982,0.268548,0.925221,1.845278,2.349734,3.001278,4.437526,7.186138,9.830236,14.367028
1982-11-22,0.558073,Validation,-0.376356,0.075787,0.317037,1.064126,2.081731,2.632118,3.355963,4.879428,7.821281,10.552530,15.312325
1982-11-23,0.558073,Validation,-0.326382,0.159321,0.436259,1.364596,2.566842,3.221179,4.123026,5.845461,9.288538,12.357982,17.842989
1982-11-24,0.613881,Validation,-0.308690,0.191637,0.472222,1.417384,2.675341,3.375231,4.274228,6.041629,9.446154,12.586872,17.795809
1982-11-25,0.613881,Validation,-0.427545,0.036495,0.339414,1.153666,2.111179,2.778524,3.535079,5.300213,8.866467,12.231669,18.273138
1982-11-26,0.669688,Validation,-0.495025,-0.064409,0.249981,0.927968,1.719611,2.351531,3.024796,4.736050,8.272988,11.777628,18.193779
1982-11-27,0.837110,Validation,-0.585987,-0.155927,0.165842,0.901010,1.669209,2.433139,3.145744,5.159827,9.625044,14.660798,24.388193
1982-11-28,6.250420,Validation,-0.529839,-0.056210,0.245909,0.957670,1.806720,2.543775,3.259106,5.191105,9.140374,13.545877,21.997196
1982-11-29,2.232293,Validation,-0.475863,0.004209,0.283436,0.993215,1.866391,2.540205,3.207806,4.958812,8.414001,11.967396,18.514132
1982-11-30,1.841642,Validation,-0.381495,0.133687,0.448950,1.216646,2.241387,2.957094,3.696192,5.537432,9.038239,12.370035,18.158667
1982-12-01,1.785834,Validation,-0.330097,0.196815,0.523740,1.361303,2.491980,3.229533,4.026201,5.912053,9.463631,12.657304,18.136810
1982-12-02,1.674220,Validation,-0.316939,0.224190,0.580674,1.532669,2.724103,3.500671,4.386545,6.388425,10.267487,13.564342,19.521826
1982-12-03,1.674220,Validation,-0.279160,0.271668,0.618980,1.587501,2.862017,3.664674,4.567597,6.552909,10.317959,13.554080,19.126884
1982-12-04,1.618412,Validation,-0.331984,0.178382,0.467699,1.365557,2.508022,3.223605,4.013882,5.841331,9.317110,12.240311,17.491383
1982-12-05,1.618412,Validation,-0.313012,0.195162,0.477380,1.390321,2.559263,3.259275,4.063939,5.863554,9.276175,12.109836,17.203987
1982-12-06,1.450990,Validation,-0.291110,0.222544,0.506849,1.451417,2.665249,3.374103,4.200440,6.014773,9.447851,12.251153,17.296722
1982-12-07,1.674220,Validation,-0.342395,0.216635,0.599862,1.754325,3.052024,3.994916,5.052634,7.324319,12.060237,16.361538,24.067633
1982-12-08,1.897449,Validation,-0.447832,0.188888,0.673160,2.177312,3.723933,5.142878,6.596833,9.844057,17.343071,24.991285,39.624496
1982-12-09,1.841642,Validation,-0.398897,0.350372,0.910549,2.715657,4.607253,6.275513,8.095559,11.913608,20.850605,29.449732,48.553535
1982-12-10,1.841642,Validation,-0.286954,0.499985,1.010532,2.838626,4.812088,6.335111,7.999798,11.409225,18.832268,26.072189,41.554462
1982-12-11,1.897449,Validation,-0.123441,0.739564,1.221771,3.180763,5.366077,6.913095,8.485074,11.735855,18.230886,24.335316,36.989998
1982-12-12,1.953256,Validation,-0.091616,0.862166,1.515087,3.736751,5.989044,7.692327,9.509344,13.088202,20.781248,28.283178,43.056305
1982-12-13,4.799430,Validation,-0.078173,1.222949,2.162635,5.157062,8.211970,10.967661,13.237282,18.510714,29.607677,41.573875,62.890373
1982-12-14,3.794898,Validation,-0.005428,1.295384,2.125630,4.960963,8.168406,10.781677,13.150310,18.228260,28.879042,38.608730,60.754055
1982-12-15,3.181017,Validation,0.029187,1.178867,1.816449,4.337745,7.147585,9.138133,11.001405,15.087979,23.204771,30.753798,47.399715
1982-12-16,3.125210,Validation,-0.068109,0.843497,1.344194,3.314005,5.545708,7.066556,8.588173,11.915478,18.384405,24.156776,36.220669
1982-12-17,3.236825,Validation,-0.069170,0.848071,1.446773,3.467644,5.605088,7.098416,8.736520,12.088523,18.930550,25.119303,37.607105
1982-12-18,3.348439,Validation,-0.066678,0.811708,1.363629,3.247712,5.389401,6.864664,8.454251,11.680919,18.104206,23.851686,35.117466
1982-12-19,3.181017,Validation,-0.044866,0.805836,1.326116,3.170022,5.315573,6.728881,8.303313,11.374791,17.451464,22.766455,33.081627
1982-12-20,3.236825,Validation,-0.032627,1.125172,1.954463,4.569380,7.307023,9.540013,11.694966,16.204340,25.316723,35.160290,51.850811
1982-12-21,5.636540,Validation,0.084351,1.804309,3.224067,7.172450,11.236315,15.013421,18.260206,25.429790,41.113564,55.687302,82.190178
1982-12-22,10.547584,Validation,0.510517,2.610240,4.133163,8.416038,13.248036,16.889555,20.460917,27.375280,42.169205,54.905071,84.224808
1982-12-23,8.315291,Validation,0.745180,2.751149,3.919356,8.065221,12.533282,15.457585,18.083904,23.759798,34.515617,44.260708,66.598457
1982-12-24,6.808493,Validation,1.164774,3.281243,4.444223,8.947217,13.577071,16.378750,18.768997,24.219471,33.592453,42.075401,60.983593
1982-12-25,6.194613,Validation,1.500394,3.686493,4.947253,9.672848,14.427256,17.177460,19.642643,24.905476,33.578831,41.489464,58.094952
1982-12-26,5.524925,Validation,1.143909,2.898372,4.017292,7.876540,11.942158,14.262292,16.660093,21.202700,28.870724,35.641479,48.834225
1982-12-27,5.301696,Validation,0.751054,2.083622,3.033862,5.956182,9.314972,11.215416,13.442189,17.348299,24.141504,29.976685,40.743160
1982-12-28,5.134274,Validation,0.622953,1.847259,2.703494,5.434885,8.551214,10.344527,12.495279,16.158806,22.743408,28.139284,37.948025
1982-12-29,5.245888,Validation,0.641823,1.814681,2.676197,5.284731,8.342957,10.069697,12.209616,15.748973,22.051682,27.217600,36.316582
1982-12-30,4.855237,Validation,0.797725,2.021614,2.947088,5.708045,8.933092,10.731030,12.950651,16.562317,22.812323,27.970125,36.816181
1982-12-31,4.743622,Validation,0.655562,1.767459,2.622377,5.119048,8.100630,9.773401,11.896162,15.311679,21.344631,26.220022,34.429966
1983-01-01,4.576200,Training,0.290537,1.092490,1.746507,3.452380,5.737185,7.017168,8.707772,11.586864,16.744356,20.970354,28.041468
1983-01-02,4.241357,Training,0.361798,1.169213,1.849516,3.616243,5.987009,7.309368,9.053552,12.001812,17.154093,21.452673,28.623693
1983-01-03,4.297164,Training,0.430051,1.280787,1.997096,3.878366,6.349148,7.729208,9.542206,12.569651,17.815296,22.122515,29.214630
1983-01-04,4.297164,Training,0.580107,1.507853,2.287903,4.383086,7.059347,8.543022,10.468904,13.630653,18.974213,23.360283,30.465302
1983-01-05,4.129742,Training,0.376054,1.240242,1.924822,3.777217,6.121886,7.455979,9.205424,12.100095,17.266060,21.233341,27.497574
1983-01-06,4.073935,Training,0.324653,1.221138,1.855262,3.852133,6.132306,7.455053,9.170402,12.078607,17.439835,21.391874,27.853252
1983-01-07,4.073935,Training,0.454226,1.418743,2.086636,4.288795,6.797590,8.237543,10.063368,13.088070,18.571346,22.675386,29.206957
1983-01-08,3.906513,Training,0.198944,1.006864,1.548102,3.241160,5.261581,6.451430,7.960613,10.577211,15.440736,19.005083,24.646187
1983-01-09,3.683283,Training,-0.050500,0.597384,1.032072,2.160301,3.594667,4.481422,5.576932,7.734169,11.778095,14.703869,19.321768
1983-01-10,3.794898,Training,-0.052760,0.583726,1.032289,2.095996,3.499118,4.368286,5.444910,7.584097,11.575713,14.501870,18.998003
1983-01-11,3.962320,Training,-0.045685,0.592604,1.051078,2.113823,3.526569,4.405867,5.491671,7.655341,11.680096,14.648030,19.168364
1983-01-12,3.460054,Training,-0.050478,0.589613,1.046519,2.109212,3.511091,4.390565,5.470343,7.635674,11.668483,14.634975,19.140858
1983-01-13,3.515861,Training,-0.070377,0.587137,1.099221,2.241876,3.632411,4.561507,5.743636,8.071901,12.596760,15.893070,21.292580
1983-01-14,3.739091,Training,-0.081461,0.567983,1.037535,2.127525,3.527427,4.464221,5.568223,7.845955,12.133697,15.390759,20.347704
1983-01-15,3.515861,Training,-0.081026,0.575048,1.028134,2.144069,3.541843,4.464498,5.559844,7.807041,12.063502,15.241385,20.160994
1983-01-16,3.292632,Training,-0.062475,0.594164,1.030818,2.159119,3.567970,4.481353,5.559509,7.771127,11.916292,14.948726,19.690147
1983-01-17,3.460054,Training,-0.062041,0.591942,1.018328,2.146554,3.547666,4.451364,5.508359,7.702256,11.795096,14.780517,19.464891
1983-01-18,3.515861,Training,-0.064521,0.585598,1.000695,2.131410,3.525578,4.422283,5.458361,7.644378,11.700128,14.659884,19.342239
1983-01-19,3.460054,Training,-0.064556,0.584347,1.007960,2.112829,3.492844,4.381036,5.415145,7.578511,11.611908,14.556552,19.129963
1983-01-20,3.460054,Training,-0.057548,0.595153,1.023866,2.138363,3.531997,4.430659,5.474152,7.649251,11.706228,14.666448,19.239096
1983-01-21,3.292632,Training,-0.041851,0.620092,1.063030,2.201915,3.628557,4.549256,5.625979,7.827994,11.952330,14.955461,19.552441
1983-01-22,3.292632,Training,-0.021151,0.652364,1.118180,2.295482,3.764881,4.712374,5.840243,8.089540,12.323897,15.401502,20.086189
1983-01-23,3.181017,Training,-0.009970,0.668979,1.100767,2.367440,3.892599,4.875100,5.987275,8.297670,12.550467,15.654569,20.582747
1983-01-24,3.181017,Training,0.023407,0.710511,1.144255,2.495183,4.097010,5.108954,6.268992,8.626288,12.919280,16.081745,21.111668
1983-01-25,3.181017,Training,0.013515,0.690812,1.114549,2.421909,3.983335,4.966413,6.083710,8.389395,12.571891,15.650604,20.511465
1983-01-26,3.236825,Training,0.010285,0.689155,1.112931,2.400171,3.943783,4.920650,6.019799,8.306514,12.469913,15.519967,20.322304
1983-01-27,3.236825,Training,0.017308,0.708887,1.149747,2.424207,3.966690,4.953338,6.065152,8.344544,12.557364,15.605464,20.350538
1983-01-28,3.125210,Training,0.018755,0.711593,1.152035,2.433649,3.981527,4.974764,6.083115,8.373782,12.601832,15.667422,20.443703
1983-01-29,3.125210,Training,0.030727,0.727612,1.166748,2.483100,4.060081,5.067729,6.185022,8.501857,12.753956,15.848607,20.692638
1983-01-30,3.013595,Training,0.065022,0.783725,1.245878,2.597046,4.222641,5.259730,6.420091,8.753439,13.067812,16.168501,20.951595
1983-01-31,3.181017,Training,0.107763,0.853450,1.334484,2.768865,4.479415,5.566631,6.778337,9.175770,13.597409,16.766628,21.657257
1983-02-01,3.069403,Training,0.044052,0.746509,1.212521,2.477621,4.037859,5.037984,6.158036,8.422486,12.635406,15.665031,20.189020
1983-02-02,3.181017,Training,0.053722,0.762276,1.215939,2.527626,4.116827,5.134009,6.244271,8.543018,12.772817,15.813364,20.451321
1983-02-03,3.236825,Training,0.060146,0.767565,1.208985,2.555374,4.166118,5.188883,6.290483,8.608001,12.823782,15.874780,20.591640
1983-02-04,3.069403,Training,0.076498,0.793402,1.246181,2.598230,4.223302,5.253006,6.369271,8.676548,12.897095,15.921871,20.551355
1983-02-05,3.013595,Training,0.078822,0.790963,1.230903,2.608809,4.247358,5.280258,6.380858,8.704887,12.895169,15.930451,20.623123
1983-02-06,2.901981,Training,0.089695,0.815667,1.282253,2.693410,4.342737,5.385701,6.529779,8.889362,13.217192,16.322115,21.179689
1983-02-07,2.846173,Training,0.114707,0.857386,1.382322,2.784608,4.461287,5.537188,6.767605,9.138670,13.603583,16.798475,21.595465
1983-02-08,2.678751,Training,0.170658,0.920916,1.537760,2.986588,4.772827,5.930431,7.305726,9.852083,14.657273,18.283491,23.754265
1983-02-09,2.846173,Training,0.219882,0.934734,1.523876,2.957191,4.860106,6.072222,7.419826,10.013144,14.614425,18.420670,24.024958
1983-02-10,2.846173,Training,0.241308,0.974384,1.574138,3.048723,4.987093,6.206537,7.576012,10.188946,14.824095,18.591509,24.139217
1983-02-11,2.957788,Training,0.276561,1.069612,1.823800,3.515261,5.560755,6.999358,8.702793,11.688631,17.444853,22.448959,30.136410
1983-02-12,3.515861,Training,0.245935,0.972535,1.625382,3.260188,5.334726,6.746801,8.346464,11.328767,16.686686,21.565281,29.293861
1983-02-13,3.181017,Training,0.260734,0.963747,1.589267,3.172862,5.202096,6.540421,8.117455,10.929334,15.992747,20.581833,27.829672
1983-02-14,2.901981,Training,0.303387,1.028251,1.638674,3.224501,5.275672,6.592299,8.090290,10.836702,15.631572,19.754578,26.178823
1983-02-15,3.069403,Training,0.279115,1.125332,1.915217,3.754708,5.887081,7.438568,9.239990,12.469136,18.673695,24.151005,32.733273
1983-02-16,3.348439,Training,0.204313,1.040308,1.723715,3.516163,5.667482,7.196168,8.836143,12.044668,17.926785,22.897125,30.839981
1983-02-17,3.181017,Training,0.187590,1.177635,2.054965,4.127864,6.287805,8.037807,9.929828,13.516007,20.787634,27.099880,37.127243
1983-02-18,3.069403,Training,0.106010,1.234242,2.095477,4.698225,7.020863,9.124465,11.163744,15.355917,24.289858,31.790907,45.747620
1983-02-19,3.236825,Training,0.157472,1.410690,2.359393,5.282888,7.799043,10.119774,12.264291,16.735088,26.305216,35.049332,50.801662
1983-02-20,3.348439,Training,0.270839,1.866107,3.066603,6.708972,9.764096,12.822677,15.302704,20.676067,32.487125,43.712250,62.854542
1983-02-21,3.292632,Training,0.572350,2.956213,4.756042,10.127824,14.771357,19.362825,22.770412,30.261539,46.688278,62.618710,87.126602
1983-02-22,3.236825,Training,1.153400,4.695377,7.398516,14.954999,21.657225,27.774370,32.134567,41.706715,62.016792,82.002518,110.023148
1983-02-23,3.460054,Training,1.726655,5.423552,7.893905,15.038445,22.052517,27.263824,31.579113,40.284946,57.990101,74.866905,107.833145
1983-02-24,3.181017,Training,2.059603,5.550878,7.706719,14.375541,20.273678,24.303198,27.332895,34.471321,47.492458,61.412251,87.611526
1983-02-25,5.524925,Training,2.242193,6.015641,8.724589,15.907157,21.951082,26.739443,29.945181,37.357910,51.423050,68.677605,93.976624
1983-02-26,4.911044,Training,2.432978,6.058049,8.010504,14.846818,21.103165,25.383379,27.913380,35.017670,46.801495,59.147507,83.504372
1983-02-27,3.906513,Training,2.369242,5.543776,7.221704,13.268338,18.713470,22.092621,24.162666,30.047012,39.236794,48.893105,67.052979
1983-02-28,3.515861,Training,2.599606,5.655767,7.232908,13.169355,18.483627,21.653307,23.550972,29.047022,36.975597,45.343102,60.430611
1983-03-01,3.515861,Training,2.651165,5.473750,7.001436,12.747724,17.862499,20.864439,22.816122,27.907946,35.076077,42.691223,55.730385
1983-03-02,3.292632,Training,2.027584,4.236570,5.509461,10.318803,14.778739,17.386841,19.333984,23.792835,30.214598,36.824787,47.589390
1983-03-03,3.181017,Training,2.015588,4.129916,5.372807,10.034820,14.354557,16.891672,18.818815,23.046196,29.169996,35.373844,45.279747
1983-03-04,3.013595,Training,2.073773,4.132045,5.384541,10.038320,14.304929,16.863503,18.828217,22.897747,28.798933,34.834446,44.181450
1983-03-05,2.790366,Training,2.303624,4.455714,5.755385,10.658118,15.051698,17.763290,19.767010,23.796904,29.615725,35.724251,44.940479
1983-03-06,2.678751,Training,1.864715,3.754530,4.867747,9.175838,13.170420,15.584138,17.406906,21.183922,26.764191,32.265713,40.749401
1983-03-07,2.622944,Training,2.032003,4.047007,5.326043,9.903737,13.919978,16.356386,18.248747,22.206652,28.122187,34.088928,43.174694
1983-03-08,2.622944,Training,1.668039,3.522324,4.576018,8.713509,12.526591,14.843855,16.531143,20.321814,26.030725,31.583380,40.316193
1983-03-09,2.511330,Training,1.500837,3.257073,4.227379,8.103868,11.733709,13.902790,15.503747,19.122644,24.711708,29.926287,38.233021
1983-03-10,2.511330,Training,1.373234,3.010067,3.903046,7.531023,11.005036,13.066379,14.601470,18.046824,23.364119,28.239458,35.899143
1983-03-11,2.399715,Training,1.220346,2.740258,3.569358,6.931073,10.191320,12.109659,13.582842,16.844091,21.984488,26.528782,33.683556
1983-03-12,2.176486,Training,1.006032,2.380705,3.107365,6.099953,9.054266,10.803656,12.156836,15.167937,20.049957,24.111866,30.637310
1983-03-13,2.064871,Training,0.658026,1.778658,2.425180,4.872993,7.239474,8.671086,9.913832,12.561399,17.201077,20.673323,26.565125
1983-03-14,1.730027,Training,0.644801,1.775190,2.353435,4.713464,7.084865,8.540589,9.668339,12.249599,16.708162,19.977060,25.497766
1983-03-15,1.785834,Training,0.617080,1.723011,2.305999,4.625144,6.938709,8.341382,9.475846,12.023340,16.488689,19.722458,25.209705
1983-03-16,1.785834,Training,0.471766,1.474548,1.981046,3.997195,6.051856,7.339509,8.336493,10.674644,14.827514,17.636938,22.494711
1983-03-17,1.450990,Training,0.455232,1.419329,1.921250,3.918561,5.945806,7.205014,8.197310,10.498114,14.508588,17.307549,22.004036
1983-03-18,1.506798,Training,0.439467,1.370830,1.871546,3.842785,5.823451,7.069360,8.069709,10.289407,14.189013,16.941133,21.419569
1983-03-19,1.674220,Training,0.457419,1.391936,1.919297,3.934200,5.907841,7.143868,8.182446,10.408379,14.376884,17.176311,21.731863
1983-03-20,1.339376,Training,0.479840,1.444329,1.952358,3.974396,5.997928,7.255950,8.242023,10.485007,14.378291,17.164127,21.677641
1983-03-21,1.395183,Training,0.524674,1.555127,2.182811,4.408432,6.462836,7.762263,8.924592,11.325969,15.836887,19.018417,24.517376
1983-03-22,1.339376,Training,0.512666,1.558804,2.090497,4.251041,6.374540,7.721677,8.726387,11.134244,15.341705,18.414391,23.545460
1983-03-23,1.339376,Training,0.536585,1.600343,2.176828,4.407018,6.534032,7.844148,8.921071,11.355294,15.751036,18.908628,24.307875
1983-03-24,1.227761,Training,0.544202,1.617446,2.181548,4.354668,6.445345,7.745880,8.785012,11.187449,15.548937,18.543171,23.781858
1983-03-25,1.227761,Training,0.532399,1.603096,2.132075,4.202281,6.277411,7.586534,8.571353,10.882881,15.069276,17.890837,22.695869
1983-03-26,1.060339,Training,0.521006,1.570032,2.078392,4.116709,6.158727,7.429194,8.375371,10.653153,14.724672,17.452595,22.116051
1983-03-27,1.060339,Training,0.535264,1.583393,2.144615,4.237992,6.254756,7.496295,8.523367,10.839120,15.102102,17.911705,22.847193
1983-03-28,1.004532,Training,0.530179,1.579755,2.143055,4.221759,6.232658,7.486948,8.511085,10.827582,15.098391,17.932251,22.836042
1983-03-29,1.171954,Training,0.516482,1.557424,2.067338,4.093662,6.121415,7.391491,8.335844,10.611231,14.669757,17.423819,22.040312
1983-03-30,1.116146,Training,0.525866,1.554354,2.055353,4.083824,6.115237,7.359668,8.293360,10.552629,14.513353,17.227644,21.747721
1983-03-31,1.004532,Training,0.544354,1.568989,2.084113,4.137506,6.173379,7.394793,8.347898,10.620349,14.573011,17.304476,21.823198
1983-04-01,1.060339,Validation,0.524467,1.537787,2.055114,4.071424,6.062244,7.260765,8.211810,10.467923,14.447467,17.135237,21.635977
1983-04-02,1.060339,Validation,0.532679,1.562515,2.092513,4.084743,6.076317,7.286531,8.257927,10.489309,14.504297,17.178282,21.597246
1983-04-03,0.948724,Validation,0.528227,1.557602,2.068469,4.021616,6.008826,7.225058,8.159716,10.356077,14.267632,16.885544,21.122822
1983-04-04,0.781303,Validation,0.556213,1.592122,2.128382,4.187331,6.199279,7.396038,8.365586,10.637109,14.644499,17.397625,21.916920
1983-04-05,0.892917,Validation,0.567795,1.597207,2.121222,4.199482,6.256107,7.467664,8.426245,10.718164,14.626914,17.451614,21.874294
1983-04-06,0.781303,Validation,0.552641,1.562715,2.103007,4.178546,6.213545,7.406423,8.407869,10.713468,14.701381,17.575911,22.099003
1983-04-07,0.725495,Validation,0.531149,1.526217,2.100001,4.178710,6.167105,7.359069,8.420158,10.750320,14.909196,17.866444,22.632404
1983-04-08,0.725495,Validation,0.477998,1.418931,1.922988,3.881333,5.845196,7.041184,8.024397,10.265746,14.108717,16.944378,21.239098
1983-04-09,0.725495,Validation,0.442895,1.372936,1.849291,3.709928,5.612447,6.754520,7.682297,9.868309,13.648321,16.311426,20.461685
1983-04-10,0.558073,Validation,0.461042,1.387394,1.887349,3.775756,5.678972,6.799671,7.767156,9.976382,13.799253,16.495302,20.709072
1983-04-11,0.613881,Validation,0.457153,1.396814,1.864037,3.698403,5.591671,6.720008,7.624228,9.795141,13.540167,16.111139,20.148968
1983-04-12,0.502266,Validation,0.408357,1.294900,1.753067,3.519538,5.340736,6.423473,7.314083,9.423402,13.033430,15.562943,19.407936
1983-04-13,0.502266,Validation,0.392999,1.246566,1.707636,3.449867,5.217289,6.289879,7.200879,9.230382,12.775421,15.260131,18.912451
1983-04-14,0.390651,Validation,0.407758,1.264710,1.729937,3.491200,5.266703,6.344521,7.266762,9.296140,12.841098,15.332479,18.960772
1983-04-15,0.390651,Validation,0.375611,1.205763,1.653549,3.343065,5.036222,6.095312,6.982891,8.938151,12.413552,14.786221,18.201307
1983-04-16,0.502266,Validation,0.350192,1.182541,1.636485,3.302048,4.967343,5.966822,6.833284,8.822982,12.323353,14.719152,18.288866
1983-04-17,3.962320,Validation,0.263174,1.441891,2.212362,4.373632,6.514865,8.301569,9.867122,12.832965,17.804087,23.010172,28.837040
1983-04-18,5.413310,Validation,0.212200,1.393468,2.229186,4.740543,6.803193,8.601496,10.204291,13.538936,21.265224,27.632303,38.228409
1983-04-19,2.120678,Validation,0.258592,1.704754,2.717613,5.601364,8.097068,10.426797,12.239508,16.080740,24.281982,32.780254,43.846603
1983-04-20,2.064871,Validation,0.408916,1.956982,2.937121,6.006993,8.596385,10.724490,12.508818,16.477257,25.145273,32.864437,46.343826
1983-04-21,1.618412,Validation,0.493437,2.109650,3.152220,6.378008,9.046062,11.234909,12.990954,16.838190,25.222151,33.740265,46.161217
1983-04-22,2.176486,Validation,0.609886,3.138408,4.707278,9.246413,13.160603,16.772718,19.270020,25.007523,35.124210,47.446854,62.290833
1983-04-23,3.348439,Validation,0.878263,3.562245,5.466717,10.736270,15.211145,18.931057,22.072523,28.360483,42.925850,57.671165,79.422920
1983-04-24,2.399715,Validation,1.000391,3.811465,5.642395,10.840067,15.431241,19.003958,21.800840,27.611261,39.984207,54.542988,73.535347
1983-04-25,2.901981,Validation,1.335411,4.449457,6.477879,12.100152,16.878878,20.373838,23.337996,29.305542,42.594887,57.068424,79.231140
1983-04-26,2.288100,Validation,1.416144,4.399804,6.205796,11.488608,15.932070,18.989988,21.476568,26.842892,38.275711,50.862782,70.625267
1983-04-27,2.343908,Validation,1.589691,4.493198,5.971420,11.045424,15.515097,18.232870,20.203636,25.448500,35.179859,45.575348,63.608662
1983-04-28,2.567137,Validation,1.732771,4.676525,6.507781,11.746955,16.058624,18.984756,21.127520,26.162872,35.933586,47.499325,63.992619
1983-04-29,2.846173,Validation,1.685944,5.661901,8.209685,14.629087,20.482868,24.970379,28.011810,34.667709,46.200420,63.130295,80.879112
1983-04-30,9.319823,Validation,2.100248,7.830334,11.517897,20.857435,28.858633,34.635975,39.112545,48.227554,64.014885,85.634445,107.117447
1983-05-01,11.886960,Validation,2.836929,7.881266,11.161593,19.344845,27.411081,32.233761,36.522709,44.783539,61.640415,80.671066,112.352516
1983-05-02,7.478181,Validation,3.321170,8.017146,11.140766,18.725084,25.357319,29.221558,32.597771,39.443413,52.562084,69.755974,96.504219
1983-05-03,5.245888,Validation,4.951433,10.709651,14.716787,23.404478,30.621248,35.163136,38.563534,46.320656,59.915363,78.940910,107.574661
1983-05-04,4.352971,Validation,5.956481,11.925430,15.054697,23.972784,31.377510,36.054905,38.402214,45.648682,56.309273,71.621223,96.545059
1983-05-05,4.129742,Validation,6.588891,12.713183,17.496937,26.668970,33.259373,38.288277,41.567600,48.881172,61.109600,79.851051,102.928352
1983-05-06,4.855237,Validation,5.627891,10.769936,14.142080,22.556963,29.031595,33.726833,36.832489,43.741367,54.488674,69.554031,91.937889
1983-05-07,4.352971,Validation,5.009664,9.372828,11.924719,19.565599,25.704514,29.872000,32.428581,38.332130,46.890564,58.739937,76.254257
1983-05-08,3.739091,Validation,4.250087,7.843884,9.954074,16.602848,22.091093,25.529026,27.729086,32.873795,39.959759,49.146542,62.318592
1983-05-09,3.515861,Validation,3.894737,6.989128,9.030109,15.188128,20.216564,23.319180,25.632517,30.363632,36.961250,45.213062,56.271667
1983-05-10,3.181017,Validation,3.407353,6.154223,7.893103,13.506766,18.291925,21.149553,23.272432,27.636494,33.781914,40.973248,50.546871
1983-05-11,3.515861,Validation,2.538062,4.777737,6.442163,11.282540,15.331431,17.693146,19.804417,23.870804,30.016567,36.814949,45.854366
1983-05-12,4.743622,Validation,1.850642,4.075512,5.888597,10.433751,14.444662,17.245577,19.521669,24.093214,31.229549,41.123287,50.944820
1983-05-13,6.752686,Validation,1.306867,3.277000,4.739445,8.999739,12.645573,15.170910,17.495045,22.024279,30.523930,39.786331,53.785919
1983-05-14,4.966852,Validation,1.114116,3.079587,4.575511,8.641369,12.161314,14.738021,16.973898,21.385569,29.775341,40.147263,53.369850
1983-05-15,4.911044,Validation,1.058061,3.066732,4.536828,8.691607,12.265216,14.873611,17.230356,21.860701,30.999588,41.540077,57.225342
1983-05-16,6.752686,Validation,1.083546,3.238786,4.835789,9.192213,13.042875,15.912081,18.341175,23.269104,32.749462,45.133045,61.348896
1983-05-17,7.980447,Validation,1.250160,3.495300,4.996862,9.524669,13.660683,16.414152,18.881468,24.068371,33.695080,45.080765,63.316544
1983-05-18,6.417842,Validation,1.096025,2.993325,4.031449,7.905187,11.715431,13.982021,15.872571,20.309988,27.843643,36.280479,50.148705
1983-05-19,5.803962,Validation,0.561047,1.848357,2.507410,5.119861,7.754531,9.278274,10.674006,13.841322,19.497374,24.552622,33.399509
1983-05-20,5.636540,Validation,0.657659,1.984547,2.743644,5.461505,8.084708,9.577195,11.073028,14.216913,19.962400,24.923037,33.612793
1983-05-21,5.748154,Validation,0.577581,1.867597,2.690233,5.349097,7.831777,9.344008,10.937978,14.013184,20.062517,25.287033,34.220573
1983-05-22,5.524925,Validation,0.400797,1.494970,2.067077,4.340325,6.724031,8.111054,9.449750,12.307060,17.564777,22.053011,29.811674
1983-05-23,4.911044,Validation,0.513851,1.640468,2.269294,4.687516,7.176530,8.514686,9.944175,12.783331,17.967308,22.398594,30.016712
1983-05-24,4.855237,Validation,0.380539,1.347952,1.864866,3.907916,6.130346,7.315521,8.569575,11.065386,15.577621,19.202295,25.436214
1983-05-25,4.408778,Validation,0.335605,1.231367,1.729664,3.672865,5.804954,6.924955,8.194322,10.521522,14.880727,18.337166,24.183807
1983-05-26,4.018127,Validation,0.344247,1.220032,1.714632,3.634049,5.762489,6.854812,8.131404,10.394225,14.667663,18.018120,23.658115
1983-05-27,3.906513,Validation,0.366596,1.258176,1.753960,3.692192,5.858363,6.945023,8.187493,10.483819,14.677322,17.991915,23.589808
1983-05-28,3.850705,Validation,0.379109,1.273455,1.758912,3.674220,5.824349,6.881243,8.077288,10.355813,14.442761,17.642403,23.034550
1983-05-29,3.460054,Validation,0.406130,1.302396,1.785104,3.724852,5.894930,6.953142,8.159081,10.432269,14.456852,17.654900,22.929506
1983-05-30,3.348439,Validation,0.453505,1.368959,1.881913,3.927154,6.170361,7.246082,8.528166,10.860111,14.989198,18.389704,23.845873
1983-05-31,3.683283,Validation,0.222372,1.099956,1.691869,3.591920,5.607499,6.769455,8.152086,10.575093,15.381516,19.878359,26.238598
1983-06-01,3.460054,Validation,0.090619,0.904697,1.423907,3.256166,5.131251,6.234186,7.536211,10.006212,14.967162,19.368795,26.738722
1983-06-02,3.069403,Validation,-0.004876,0.710102,1.104392,2.607938,4.292890,5.250488,6.321198,8.465207,12.602436,16.195904,22.082132
1983-06-03,2.622944,Validation,0.007905,0.698393,1.060545,2.462144,4.078127,4.943130,5.936986,7.903603,11.647961,14.734610,19.819155
1983-06-04,2.567137,Validation,-0.076051,0.529448,0.845359,1.996843,3.363511,4.084588,4.925186,6.652464,9.972754,12.547620,16.791958
1983-06-05,2.567137,Validation,-0.141455,0.469722,0.873082,2.103575,3.430543,4.260341,5.227233,7.151866,11.194634,14.593304,19.941910
1983-06-06,4.520393,Validation,-0.184390,0.399565,0.746049,1.889066,3.150182,3.906814,4.764296,6.644773,10.353698,13.442942,18.640245
1983-06-07,3.292632,Validation,-0.195765,0.384022,0.733643,1.867662,3.104245,3.836486,4.705555,6.555624,10.256294,13.332783,18.609428
1983-06-08,2.622944,Validation,-0.165861,0.411147,0.713384,1.767636,3.006062,3.702266,4.465777,6.200549,9.434840,12.097437,16.474829
1983-06-09,2.567137,Validation,-0.209421,0.316051,0.590814,1.478764,2.548438,3.144637,3.781726,5.340775,8.208074,10.480480,14.203967
1983-06-10,2.455522,Validation,-0.210676,0.301157,0.565962,1.414979,2.451857,3.015932,3.623625,5.114725,7.858790,9.994027,13.483397
1983-06-11,2.009064,Validation,-0.218518,0.283739,0.543012,1.357673,2.354200,2.897345,3.467660,4.926832,7.564697,9.609724,12.942892
1983-06-12,2.064871,Validation,-0.228853,0.263774,0.516386,1.298151,2.255665,2.776796,3.319651,4.741011,7.285994,9.271394,12.485570
1983-06-13,1.841642,Validation,-0.246773,0.232453,0.476541,1.216924,2.136979,2.632420,3.157696,4.535687,7.003107,8.954872,12.110854
1983-06-14,1.730027,Validation,-0.252750,0.215825,0.452592,1.164566,2.070537,2.542911,3.069031,4.386131,6.849829,8.755599,11.882937
1983-06-15,1.562605,Validation,-0.259492,0.201718,0.430778,1.112755,1.994600,2.444645,2.958344,4.229568,6.645389,8.510306,11.588904
1983-06-16,1.395183,Validation,-0.264786,0.193964,0.421022,1.097013,1.971096,2.417080,2.925668,4.193277,6.576420,8.439097,11.500065
1983-06-17,1.227761,Validation,-0.270983,0.190945,0.420557,1.112060,1.996082,2.453354,2.970036,4.276697,6.654955,8.571224,11.697503
1983-06-18,1.450990,Validation,-0.273350,0.187914,0.409933,1.092049,1.978133,2.418696,2.951290,4.220785,6.614459,8.554075,11.728287
1983-06-19,1.283568,Validation,-0.321463,0.103048,0.306361,0.852076,1.573770,1.945714,2.364812,3.496895,5.558900,7.270455,10.140938
1983-06-20,1.506798,Validation,-0.339513,0.071409,0.265845,0.752944,1.403918,1.744308,2.111900,3.179291,5.065721,6.679191,9.413690
1983-06-21,1.450990,Validation,-0.345632,0.064207,0.256251,0.732740,1.370986,1.701578,2.065197,3.120121,4.968576,6.587182,9.337391
1983-06-22,1.506798,Validation,-0.346309,0.065860,0.256582,0.737260,1.386097,1.716741,2.090088,3.148535,5.003983,6.647954,9.437309
1983-06-23,1.450990,Validation,-0.339718,0.080191,0.275335,0.789339,1.476265,1.824628,2.223324,3.325355,5.263699,6.967696,9.840590
1983-06-24,1.339376,Validation,-0.366870,0.025826,0.208426,0.623834,1.189497,1.475520,1.799384,2.765083,4.446064,5.964210,8.650105
1983-06-25,1.395183,Validation,-0.373123,0.015396,0.197196,0.602975,1.153849,1.430436,1.750685,2.700055,4.358418,5.866239,8.573187
1983-06-26,1.171954,Validation,-0.373546,0.008628,0.175922,0.530882,1.041996,1.293124,1.577723,2.438353,3.922692,5.327903,7.847198
1983-06-27,1.171954,Validation,-0.376369,-0.000258,0.161361,0.491382,0.978750,1.210126,1.481220,2.294156,3.699461,5.054998,7.515368
1983-06-28,0.948724,Validation,-0.377975,-0.008221,0.147467,0.452543,0.916740,1.129402,1.385930,2.150510,3.483314,4.785283,7.180762
1983-06-29,0.837110,Validation,-0.379838,-0.013498,0.140567,0.434067,0.886321,1.089379,1.340687,2.080560,3.395002,4.673663,7.055048
1983-06-30,0.725495,Validation,-0.382379,-0.016745,0.136282,0.424365,0.871358,1.072284,1.319806,2.053262,3.334986,4.605863,6.979862
1983-07-01,0.613881,Training,-0.385527,-0.021288,0.130585,0.409268,0.846899,1.040228,1.284545,2.003186,3.248555,4.509812,6.891340
1983-07-02,0.613881,Training,-0.392131,-0.031512,0.121508,0.393646,0.821130,1.005255,1.250666,1.957376,3.189822,4.451524,6.876367
1983-07-03,0.892917,Training,-0.401615,-0.045269,0.112183,0.388871,0.810663,0.993039,1.245031,1.955871,3.221005,4.500660,7.009778
1983-07-04,0.948724,Training,-0.399751,-0.042706,0.111818,0.381464,0.799928,0.982592,1.226971,1.926205,3.161388,4.424444,6.884567
1983-07-05,0.837110,Training,-0.395654,-0.038035,0.112044,0.371440,0.784921,0.965947,1.200251,1.879680,3.073068,4.303985,6.691716
1983-07-06,0.781303,Training,-0.393971,-0.036546,0.111681,0.366063,0.775782,0.954064,1.182943,1.853273,3.020363,4.231103,6.590539
1983-07-07,0.892917,Training,-0.402326,-0.047358,0.107594,0.376200,0.787952,0.967513,1.207602,1.901014,3.120413,4.361889,6.827301
1983-07-08,0.837110,Training,-0.412822,-0.061865,0.097967,0.372782,0.779309,0.960728,1.208060,1.907649,3.168198,4.432573,6.997695
1983-07-09,0.837110,Training,-0.418565,-0.069927,0.091161,0.363066,0.763258,0.944260,1.192352,1.883970,3.150759,4.423194,7.024212
1983-07-10,1.004532,Training,-0.427984,-0.082900,0.082573,0.357638,0.751147,0.933581,1.187764,1.879010,3.177697,4.473624,7.177241
1983-07-11,1.060339,Training,-0.406637,-0.054440,0.094090,0.333454,0.721592,0.895808,1.116803,1.755910,2.887599,4.087861,6.484638
1983-07-12,0.725495,Training,-0.403994,-0.053749,0.092330,0.324057,0.706438,0.871786,1.088451,1.708431,2.808479,3.974085,6.330813
1983-07-13,0.725495,Training,-0.399521,-0.052070,0.089745,0.309063,0.680250,0.834860,1.041325,1.636216,2.684515,3.802749,6.099923
1983-07-14,0.446459,Training,-0.399366,-0.054317,0.085612,0.294930,0.655811,0.801711,1.003453,1.577840,2.586969,3.681866,5.967177
1983-07-15,0.390651,Training,-0.399308,-0.056013,0.082595,0.285135,0.638979,0.779536,0.977468,1.537344,2.520910,3.598222,5.872395
1983-07-16,0.390651,Training,-0.404044,-0.066806,0.073094,0.270090,0.612849,0.744667,0.942943,1.486231,2.464427,3.530058,5.826874
1983-07-17,0.446459,Training,-0.415929,-0.083612,0.062850,0.269774,0.608929,0.740741,0.948985,1.502675,2.524356,3.615413,6.030790
1983-07-18,0.613881,Training,-0.438939,-0.111010,0.048542,0.280665,0.619754,0.766319,0.995928,1.581259,2.711340,3.882928,6.571022
1983-07-19,0.558073,Training,-0.426848,-0.093713,0.056630,0.265435,0.601529,0.741314,0.953422,1.511855,2.548132,3.678133,6.177663
1983-07-20,0.390651,Training,-0.412637,-0.076215,0.064652,0.252439,0.582593,0.716068,0.910497,1.432472,2.382786,3.447872,5.784472
1983-07-21,0.390651,Training,-0.414469,-0.084590,0.057562,0.246552,0.569989,0.693850,0.888648,1.404597,2.353220,3.394892,5.746716
1983-07-22,0.390651,Training,-0.407597,-0.077275,0.059998,0.237719,0.554680,0.675042,0.858395,1.355258,2.255228,3.260489,5.535432
1983-07-23,0.334844,Training,-0.403231,-0.072879,0.060975,0.228844,0.539525,0.656890,0.832651,1.310338,2.175245,3.153234,5.379307
1983-07-24,0.390651,Training,-0.408910,-0.083557,0.053677,0.224764,0.530893,0.643366,0.823533,1.300107,2.179445,3.157958,5.431545
1983-07-25,0.446459,Training,-0.414112,-0.090358,0.049204,0.224649,0.529370,0.642095,0.824918,1.305488,2.193010,3.177271,5.494694
1983-07-26,0.334844,Training,-0.418527,-0.097766,0.043425,0.217431,0.515891,0.626035,0.810402,1.282719,2.168578,3.151684,5.506596
1983-07-27,0.390651,Training,-0.406774,-0.083283,0.050460,0.206965,0.498475,0.605103,0.774485,1.219291,2.038081,2.977387,5.214539
1983-07-28,0.279037,Training,-0.401556,-0.080073,0.051071,0.198957,0.482886,0.584253,0.747312,1.173084,1.965689,2.875654,5.071158
1983-07-29,0.223229,Training,-0.398097,-0.079637,0.051114,0.193693,0.470210,0.565699,0.725407,1.138212,1.919003,2.808729,4.995047
1983-07-30,0.223229,Training,-0.400543,-0.083275,0.046959,0.189185,0.463149,0.558106,0.715892,1.124853,1.889241,2.769286,4.951279
1983-07-31,0.279037,Training,-0.417931,-0.107176,0.031926,0.189701,0.462010,0.557362,0.729818,1.152505,1.969329,2.878864,5.213583
1983-08-01,0.334844,Training,-0.401722,-0.084469,0.044801,0.182591,0.450292,0.545287,0.698298,1.095829,1.835080,2.700442,4.879555
1983-08-02,0.167422,Training,-0.400526,-0.084244,0.044266,0.178958,0.443374,0.535317,0.686453,1.074285,1.798941,2.650276,4.818837
1983-08-03,0.167422,Training,-0.395575,-0.081549,0.044553,0.172901,0.431022,0.518643,0.663415,1.037646,1.739600,2.565119,4.697100
1983-08-04,0.111615,Training,-0.395903,-0.082680,0.043150,0.170888,0.426662,0.513304,0.656160,1.026171,1.719240,2.535810,4.664075
1983-08-05,0.167422,Training,-0.393778,-0.081821,0.043217,0.167743,0.419009,0.504062,0.644100,1.005067,1.689541,2.494145,4.612094
1983-08-06,0.111615,Training,-0.471323,-0.185300,-0.030130,0.170183,0.450628,0.595507,0.792234,1.226916,2.221585,3.365584,6.481034
1983-08-07,0.167422,Training,-0.450642,-0.144281,0.011110,0.164752,0.407269,0.514962,0.701593,1.093693,1.942743,2.933884,5.615350
1983-08-08,1.618412,Training,-0.468129,-0.165553,-0.001798,0.168699,0.413019,0.522670,0.727400,1.127389,2.037547,3.068079,5.955253
1983-08-09,0.725495,Training,-0.431310,-0.131431,0.011604,0.155896,0.392370,0.481006,0.645885,1.010655,1.767933,2.628607,5.075851
1983-08-10,0.558073,Training,-0.427182,-0.126981,0.013681,0.152967,0.387139,0.472283,0.631974,0.987017,1.717888,2.557474,4.956079
1983-08-11,0.558073,Training,-0.418202,-0.118058,0.017948,0.149459,0.380155,0.460926,0.610808,0.953145,1.647471,2.452167,4.765035
1983-08-12,0.502266,Training,-0.418112,-0.120528,0.015427,0.146588,0.373710,0.452471,0.600625,0.936970,1.625638,2.416947,4.728771
1983-08-13,0.446459,Training,-0.412111,-0.114034,0.018743,0.143625,0.367231,0.443478,0.584287,0.910174,1.569518,2.338580,4.594529
1983-08-14,0.390651,Training,-0.413705,-0.118384,0.015242,0.140456,0.360266,0.434597,0.575378,0.895635,1.552095,2.312605,4.583305
1983-08-15,0.279037,Training,-0.420996,-0.129471,0.007445,0.138292,0.354828,0.429668,0.574120,0.894399,1.565489,2.328011,4.662447
1983-08-16,0.334844,Training,-0.403088,-0.105489,0.022639,0.135406,0.348342,0.421403,0.549140,0.849707,1.459189,2.188269,4.371259
1983-08-17,0.334844,Training,-0.395877,-0.097414,0.027362,0.134165,0.344372,0.415824,0.537266,0.826797,1.415337,2.124425,4.259326
1983-08-18,0.390651,Training,-0.417174,-0.129982,0.005580,0.132344,0.340117,0.411279,0.549061,0.850644,1.500496,2.229938,4.545138
1983-08-19,0.446459,Training,-0.413684,-0.124943,0.008320,0.128295,0.332089,0.402368,0.533889,0.827498,1.449749,2.167812,4.438513
1983-08-20,0.390651,Training,-0.400501,-0.105788,0.020959,0.127350,0.328584,0.398384,0.518244,0.795773,1.373019,2.069447,4.236584
1983-08-21,0.334844,Training,-0.398586,-0.106129,0.019709,0.125420,0.324628,0.390725,0.508359,0.780845,1.349188,2.030024,4.182220
1983-08-22,0.111615,Training,-0.390936,-0.096556,0.024815,0.124409,0.321137,0.386677,0.495433,0.759421,1.301293,1.960788,4.053379
1983-08-23,0.223229,Training,-0.386768,-0.091822,0.028624,0.126029,0.321116,0.386843,0.493657,0.751836,1.291925,1.947691,4.037647
1983-08-24,0.279037,Training,-0.386979,-0.091960,0.027851,0.127090,0.322498,0.388199,0.494126,0.751513,1.290436,1.942412,4.030757
1983-08-25,0.223229,Training,-0.388012,-0.095831,0.023810,0.120759,0.310766,0.373321,0.476383,0.727018,1.247708,1.882953,3.957028
1983-08-26,0.223229,Training,-0.391345,-0.101590,0.020389,0.120316,0.308837,0.370437,0.476735,0.726535,1.257109,1.895285,4.004887
1983-08-27,0.223229,Training,-0.384175,-0.091377,0.028435,0.124072,0.310947,0.374034,0.476373,0.719741,1.242414,1.876778,3.975682
1983-08-28,0.279037,Training,-0.380490,-0.086505,0.032337,0.126098,0.311636,0.374783,0.475042,0.713900,1.231263,1.861806,3.959139
1983-08-29,0.111615,Training,-0.380276,-0.087577,0.030804,0.123692,0.306609,0.368224,0.466754,0.701117,1.209431,1.830992,3.922680
1983-08-30,0.279037,Training,-0.385195,-0.096140,0.023302,0.117552,0.297310,0.356340,0.455263,0.686931,1.188271,1.800890,3.895758
1983-08-31,0.223229,Training,-0.392775,-0.108142,0.014670,0.113450,0.291192,0.348004,0.451259,0.683876,1.192751,1.805863,3.941097
1983-09-01,0.279037,Training,-0.411978,-0.135564,-0.003461,0.110136,0.285536,0.344271,0.460934,0.700320,1.252391,1.883409,4.172719
1983-09-02,0.334844,Training,-0.408593,-0.129458,0.001163,0.109723,0.283081,0.342431,0.455673,0.690424,1.228059,1.858620,4.124265
1983-09-03,0.390651,Training,-0.393244,-0.106199,0.015616,0.109917,0.282017,0.340976,0.440088,0.663101,1.150841,1.758291,3.894483
1983-09-04,0.334844,Training,-0.385485,-0.097505,0.022162,0.113714,0.285461,0.343095,0.438920,0.655818,1.138517,1.736895,3.856122
1983-09-05,0.111615,Training,-0.375420,-0.082329,0.035934,0.126504,0.301564,0.360801,0.454784,0.671611,1.163001,1.767614,3.900843
1983-09-06,0.223229,Training,-0.368507,-0.071271,0.046942,0.137114,0.315007,0.375428,0.469687,0.687189,1.186767,1.801418,3.960553
1983-09-07,0.167422,Training,-0.371622,-0.077883,0.040809,0.130543,0.304343,0.362343,0.455892,0.668623,1.157761,1.761631,3.916895
1983-09-08,0.223229,Training,-0.383616,-0.098778,0.019653,0.108700,0.275546,0.328607,0.419981,0.628320,1.089514,1.667266,3.770056
1983-09-09,0.279037,Training,-0.390628,-0.109891,0.012051,0.105342,0.271633,0.322151,0.418687,0.629369,1.100558,1.681685,3.824581
1983-09-10,0.279037,Training,-0.390925,-0.109386,0.011409,0.103397,0.269797,0.319927,0.414616,0.626051,1.089913,1.667776,3.795851
1983-09-11,0.279037,Training,-0.388144,-0.104416,0.014298,0.103697,0.270454,0.320863,0.412420,0.622589,1.077494,1.651215,3.757724
1983-09-12,0.111615,Training,-0.386906,-0.103786,0.014598,0.102980,0.268931,0.318561,0.409182,0.616648,1.067867,1.637803,3.739385
1983-09-13,0.167422,Training,-0.385402,-0.102692,0.015331,0.102887,0.268114,0.317290,0.406794,0.611868,1.059913,1.626922,3.724749
1983-09-14,0.223229,Training,-0.385036,-0.102754,0.015077,0.102262,0.267238,0.315787,0.404708,0.608899,1.054526,1.619916,3.715660
1983-09-15,0.279037,Training,-0.385749,-0.104461,0.015168,0.103636,0.268117,0.316281,0.407293,0.610125,1.062125,1.630979,3.753717
1983-09-16,0.279037,Training,-0.386464,-0.104683,0.013585,0.100621,0.265554,0.313457,0.402774,0.606885,1.051837,1.617973,3.723061
1983-09-17,0.279037,Training,-0.401085,-0.127044,0.001198,0.100994,0.265276,0.312777,0.416287,0.625390,1.112974,1.698391,3.948219
1983-09-18,0.334844,Training,-0.388986,-0.106915,0.014617,0.103350,0.267492,0.317499,0.410427,0.613326,1.070642,1.648259,3.810124
1983-09-19,0.223229,Training,-0.389086,-0.106496,0.013892,0.101652,0.266824,0.316251,0.408521,0.611405,1.063555,1.639257,3.785759
1983-09-20,0.279037,Training,-0.385455,-0.102732,0.016903,0.103090,0.268077,0.315955,0.406927,0.607531,1.055508,1.626109,3.767325
1983-09-21,0.334844,Training,-0.384149,-0.101393,0.017961,0.102803,0.267343,0.314422,0.404805,0.604032,1.048379,1.616939,3.757845
1983-09-22,0.390651,Training,-0.378653,-0.092035,0.028155,0.113062,0.279551,0.327845,0.419020,0.617139,1.070423,1.647134,3.821967
1983-09-23,0.334844,Training,-0.383711,-0.100322,0.022029,0.109074,0.275307,0.321971,0.416456,0.616519,1.074660,1.653929,3.851607
1983-09-24,0.390651,Training,-0.379938,-0.093380,0.027936,0.112761,0.279866,0.327882,0.420778,0.619534,1.075228,1.656488,3.853435
1983-09-25,0.279037,Training,-0.379788,-0.092331,0.029274,0.113805,0.281831,0.329938,0.423595,0.622762,1.080270,1.664325,3.871286
1983-09-26,0.167422,Training,-0.377090,-0.087149,0.034976,0.119438,0.289582,0.338129,0.432712,0.632844,1.096316,1.686367,3.913995
1983-09-27,0.223229,Training,-0.379012,-0.090255,0.032058,0.116201,0.286194,0.334053,0.429211,0.629740,1.091385,1.680769,3.908772
1983-09-28,0.334844,Training,-0.382611,-0.096658,0.025555,0.109003,0.277946,0.324314,0.419882,0.620580,1.076449,1.662148,3.879812
1983-09-29,0.223229,Training,-0.407550,-0.134592,-0.000480,0.099830,0.267959,0.312683,0.426769,0.638826,1.143307,1.750560,4.139386
1983-09-30,0.279037,Training,-0.391821,-0.108871,0.015522,0.099988,0.268184,0.314860,0.414549,0.619392,1.078527,1.673946,3.925145
1983-10-01,0.167422,Training,-0.391950,-0.108798,0.015064,0.098645,0.268394,0.313722,0.414249,0.619276,1.076581,1.672741,3.919549
1983-10-02,0.279037,Training,-0.383503,-0.096986,0.026289,0.108201,0.280255,0.324968,0.423850,0.627195,1.086220,1.681378,3.932950
1983-10-03,0.055807,Training,-0.380360,-0.091472,0.032322,0.114162,0.288413,0.333407,0.433090,0.637337,1.101787,1.702976,3.974777
1983-10-04,0.055807,Training,-0.390720,-0.108742,0.017986,0.103777,0.277364,0.319712,0.424898,0.633612,1.105333,1.710221,4.007711
1983-10-05,0.055807,Training,-0.389869,-0.106041,0.019784,0.104069,0.278947,0.322247,0.427030,0.636402,1.105952,1.714387,4.009117
1983-10-06,0.055807,Training,-0.389330,-0.105142,0.018475,0.099666,0.274750,0.317735,0.420662,0.629853,1.089575,1.695003,3.963969
1983-10-07,0.055807,Training,-0.391609,-0.108634,0.013535,0.094161,0.271069,0.312766,0.415815,0.628948,1.086169,1.691709,3.944577
1983-10-08,0.055807,Training,-0.391701,-0.108528,0.013240,0.093512,0.272149,0.313311,0.416957,0.632218,1.090401,1.698418,3.951632
1983-10-09,0.111615,Training,-0.390719,-0.107023,0.015120,0.095072,0.274932,0.315851,0.420418,0.636121,1.096378,1.707611,3.969307
1983-10-10,0.055807,Training,-0.392236,-0.109014,0.012646,0.093012,0.275016,0.315460,0.420976,0.640505,1.103049,1.718616,3.979254
1983-10-11,0.055807,Training,-0.391528,-0.107622,0.013639,0.093565,0.277275,0.317827,0.423703,0.644667,1.108244,1.727224,3.986826
1983-10-12,0.055807,Training,-0.390520,-0.105835,0.015926,0.095606,0.280648,0.321152,0.428238,0.649655,1.116142,1.739282,4.009560
1983-10-13,0.111615,Training,-0.452275,-0.190358,-0.041601,0.089666,0.277766,0.335856,0.486982,0.741237,1.368901,2.097541,4.932814
1983-10-14,0.167422,Training,-0.425739,-0.144416,-0.008826,0.088961,0.277556,0.329074,0.460821,0.710017,1.254630,1.961065,4.497697
1983-10-15,0.167422,Training,-0.425181,-0.142083,-0.005515,0.092158,0.284185,0.333748,0.470079,0.717853,1.268259,1.982825,4.533171
1983-10-16,0.167422,Training,-0.444421,-0.170678,-0.022090,0.097507,0.291286,0.347111,0.501657,0.761646,1.388927,2.134686,4.942171
1983-10-17,0.055807,Training,-0.413979,-0.123549,0.005916,0.095558,0.293771,0.348035,0.474504,0.726753,1.261050,1.973523,4.436820
1983-10-18,0.055807,Training,-0.407464,-0.116392,0.011417,0.098018,0.298262,0.348248,0.473941,0.721327,1.246902,1.948550,4.371800
1983-10-19,0.111615,Training,-0.397498,-0.105053,0.020318,0.103013,0.305300,0.351986,0.473238,0.718202,1.234051,1.919382,4.300009
1983-10-20,0.111615,Training,-0.394420,-0.100826,0.024650,0.107019,0.311675,0.357680,0.479381,0.725584,1.244128,1.932022,4.313634
1983-10-21,0.111615,Training,-0.397518,-0.104873,0.019606,0.102446,0.310004,0.356003,0.479167,0.731376,1.252626,1.947556,4.319266
1983-10-22,0.111615,Training,-0.402777,-0.110013,0.012874,0.097256,0.309765,0.356876,0.482535,0.745577,1.275401,1.984235,4.351522
1983-10-23,0.055807,Training,-0.405926,-0.112991,0.010858,0.097295,0.313191,0.360446,0.490231,0.759940,1.302106,2.023637,4.414800
1983-10-24,0.055807,Training,-0.407463,-0.113550,0.010114,0.097527,0.316954,0.365126,0.497126,0.773243,1.323956,2.056554,4.456266
1983-10-25,0.111615,Training,-0.427928,-0.143465,-0.003169,0.105725,0.324352,0.374159,0.530092,0.816625,1.446142,2.218593,4.888406
1983-10-26,0.167422,Training,-0.510191,-0.243038,-0.076330,0.105870,0.354878,0.467655,0.681459,1.039081,1.949913,3.068496,6.887871
1983-10-27,0.223229,Training,-0.600479,-0.311032,-0.100892,0.149220,0.443356,0.644256,0.968115,1.487329,2.897229,4.857306,11.032238
1983-10-28,0.613881,Training,-0.674086,-0.326446,-0.053940,0.289676,0.685556,1.055439,1.540456,2.443869,4.746674,8.545247,19.581758
1983-10-29,0.892917,Training,-0.588158,-0.179841,0.109831,0.388900,0.739010,1.020325,1.459998,2.254856,4.230361,7.161839,15.340380
1983-10-30,1.283568,Training,-0.553757,-0.168976,0.046346,0.284212,0.627198,0.833195,1.175954,1.826680,3.363371,5.481508,11.269186
1983-10-31,0.334844,Training,-0.513321,-0.106310,0.076238,0.307184,0.694317,0.908947,1.213772,1.894489,3.323049,5.230516,9.984285
1983-11-01,0.167422,Training,-0.487402,-0.113463,0.050505,0.231672,0.575882,0.730648,0.990760,1.539403,2.694654,4.168061,8.011705
1983-11-02,0.167422,Training,-0.503590,-0.156355,0.018493,0.216434,0.554962,0.695945,0.977522,1.526123,2.760046,4.214293,8.227389
1983-11-03,0.223229,Training,-0.632293,-0.273025,-0.045430,0.290200,0.749543,1.100690,1.555911,2.483719,4.668111,7.778382,16.251253
1983-11-04,0.334844,Training,-0.629811,-0.206617,0.116284,0.513514,0.972698,1.405814,1.974057,3.189577,6.279718,10.623454,21.949528
1983-11-05,0.279037,Training,-0.642518,-0.223866,0.080206,0.514312,1.020595,1.494436,2.064204,3.361347,6.633996,11.545565,23.869478
1983-11-06,0.279037,Training,-0.549501,-0.064451,0.215852,0.562178,1.066994,1.468669,1.952091,3.087338,5.533306,9.089945,17.297329
1983-11-07,0.223229,Training,-0.627022,-0.188483,0.097086,0.573521,1.168196,1.717146,2.285761,3.763483,7.220873,12.286114,24.101692
1983-11-08,0.279037,Training,-0.597385,-0.057203,0.351759,0.964696,1.666717,2.437035,3.190818,5.287635,10.181970,16.893154,32.686676
1983-11-09,1.395183,Training,-0.654650,-0.045733,0.434427,1.304882,2.320087,3.684173,4.649039,8.164538,15.096321,25.994829,49.851990
1983-11-10,1.227761,Training,-0.539516,0.230967,0.977948,2.201152,3.520999,5.412989,6.767387,11.549273,21.865402,35.845455,65.123985
1983-11-11,0.725495,Training,-0.531263,0.204653,0.840561,2.050319,3.366273,5.029838,6.315834,10.446419,19.724613,31.429981,57.630348
1983-11-12,0.558073,Training,-0.464280,0.256398,0.796966,1.975521,3.312287,4.723801,5.921042,9.374914,16.680990,24.996574,43.981922
1983-11-13,0.502266,Training,-0.456303,0.302716,0.870164,2.464684,4.203850,6.034570,7.477550,11.505203,20.705442,30.863853,53.678310
1983-11-14,0.837110,Training,-0.436501,0.457038,1.231308,3.259032,5.452925,8.153908,9.979737,15.740438,28.368908,42.005455,71.627365
1983-11-15,1.730027,Training,-0.448624,0.441915,1.262814,3.184201,5.208014,7.893195,9.721215,15.606634,28.603003,42.810944,73.319611
1983-11-16,2.064871,Training,-0.438451,0.332743,0.934948,2.193894,3.612619,5.207528,6.480260,10.320419,18.224144,27.129972,46.565392
1983-11-17,2.567137,Training,-0.439760,0.263444,0.754580,2.045235,3.456458,4.829131,6.002280,9.279797,16.216419,23.495785,39.901100
1983-11-18,1.395183,Training,-0.406409,0.337330,0.869861,2.376100,3.967271,5.517361,6.858886,10.378253,18.106411,25.893480,43.701672
1983-11-19,54.635369,Training,-0.148918,1.683246,3.378553,8.490005,12.711455,18.294546,21.919250,34.443378,55.771778,72.323578,109.455597
1983-11-20,132.151740,Training,1.412510,6.301206,12.140377,28.102942,37.452511,49.870541,62.728104,89.525795,145.414597,177.086868,244.640152
1983-11-21,101.122868,Training,6.310602,17.293848,28.786617,48.579086,68.367546,81.258904,90.601311,112.558464,163.357986,206.123306,292.690216
1983-11-22,63.229696,Training,3.837636,10.184156,15.631427,27.462914,41.101505,49.685585,57.530861,73.886574,107.589638,136.753952,212.425461
1983-11-23,27.233973,Training,1.933001,5.438821,7.730307,15.059887,23.112270,28.436134,32.373592,42.446045,61.638702,77.944107,124.549316
1983-11-24,20.146443,Training,1.307737,3.956274,5.829309,11.726693,17.728085,21.984728,25.328003,33.360107,49.480728,63.741348,100.503906
1983-11-25,19.644178,Training,2.052165,5.149328,7.079924,13.972913,20.809757,25.257284,28.585117,36.665379,51.733299,64.785645,100.747017
1983-11-26,13.951831,Training,1.185913,3.280453,4.523275,9.530089,14.690389,18.072027,20.814056,26.895433,38.045357,47.830894,72.983650
1983-11-27,11.607923,Training,1.118281,3.068372,4.443138,9.345016,14.200700,17.330482,20.457432,26.361683,37.888702,48.205006,72.805031
1983-11-28,10.547584,Training,0.328904,1.550770,2.319355,5.428716,8.825514,11.141216,13.483804,17.856533,26.405403,34.116173,51.502205
1983-11-29,8.817557,Training,0.027147,0.946634,1.531842,3.816741,6.409470,8.183558,10.133427,13.657685,20.668230,27.283226,40.830105
1983-11-30,7.533989,Training,-0.173739,0.547343,1.011914,2.711868,4.735555,6.097209,7.777732,10.716578,16.784321,22.580095,33.925724
1983-12-01,6.529457,Training,-0.123813,0.608866,1.082337,2.849414,4.962275,6.333058,8.080748,11.017587,17.052359,22.762438,33.681477
1983-12-02,5.915576,Training,-0.190450,0.474247,0.898228,2.429476,4.294428,5.505654,7.028117,9.707252,15.077945,20.271259,29.722889
1983-12-03,5.413310,Training,-0.286607,0.297780,0.663481,1.885005,3.420229,4.418977,5.668066,8.025990,12.703324,17.280779,25.386587
1983-12-04,4.743622,Training,-0.357235,0.165487,0.485847,1.440307,2.696904,3.499235,4.510456,6.562264,10.601453,14.593046,21.545364
1983-12-05,4.520393,Training,-0.333096,0.195748,0.525609,1.489119,2.771121,3.571862,4.594816,6.635390,10.613451,14.521585,21.083488
1983-12-06,4.352971,Training,-0.324593,0.197906,0.527831,1.453667,2.719491,3.482480,4.484765,6.464316,10.306478,14.086360,20.224190
1983-12-07,4.073935,Training,-0.310147,0.213403,0.552676,1.460678,2.740422,3.484385,4.496112,6.452530,10.253291,14.005963,19.892334
1983-12-08,3.850705,Training,-0.352349,0.138860,0.440796,1.209929,2.315535,2.946917,3.800487,5.562004,8.955350,12.324608,17.696821
1983-12-09,3.794898,Training,-0.447889,-0.042317,0.202900,0.736158,1.456608,1.874422,2.438204,3.799892,6.509675,9.144161,14.172643
1983-12-10,5.190081,Training,-0.447931,-0.048410,0.171777,0.604250,1.255397,1.619247,2.085083,3.286871,5.547237,7.938521,12.213563
1983-12-11,4.185549,Training,-0.452854,-0.042753,0.199926,0.684612,1.364938,1.766029,2.284966,3.589482,6.117808,8.694497,13.394624
1983-12-12,3.571669,Training,-0.415542,0.014047,0.248681,0.771840,1.532297,1.973897,2.511359,3.874279,6.416303,8.939177,13.353170
1983-12-13,3.181017,Training,-0.387913,0.054426,0.309593,0.794002,1.555186,1.986350,2.521097,3.850876,6.327349,8.751814,12.764013
1983-12-14,4.464586,Training,-0.550186,0.023311,0.427084,1.391411,2.507465,3.671099,4.684968,7.639483,12.942960,19.330843,30.129391
1983-12-15,14.733133,Training,-0.476207,0.460993,1.302548,3.507371,5.683247,8.575522,10.690515,17.350231,30.492962,44.043163,67.862267
1983-12-16,50.784663,Training,-0.195525,1.240638,2.555702,6.010564,9.366420,13.410155,16.324823,24.908499,42.323193,57.691254,85.045296
1983-12-17,49.389480,Training,0.179788,2.103515,3.853827,8.278159,12.687745,17.058838,20.791740,29.540035,49.550838,65.563576,97.056252
1983-12-18,38.116401,Training,0.689547,3.935392,6.724636,14.611406,21.659143,28.327255,33.706772,47.396259,72.649445,89.855072,123.503304
1983-12-19,92.137889,Training,1.968065,6.485056,10.622210,20.071253,29.612509,36.470551,42.652611,55.626858,84.777466,105.109825,150.413483
1983-12-20,68.308163,Training,2.191865,7.780231,12.063673,23.092167,34.406326,41.356186,47.207615,60.802883,87.702309,111.764572,152.219543
1983-12-21,72.158868,Training,3.934677,10.711991,16.229427,27.982502,40.362278,47.523048,54.374996,68.110748,97.194435,122.299217,177.489273
1983-12-22,46.208463,Training,3.664975,9.068529,12.511407,22.152365,32.334396,37.455963,42.362812,53.184631,73.789185,93.498871,139.978790
1983-12-23,30.638220,Training,3.876531,8.785298,11.287128,20.149208,29.182940,33.636219,36.846294,46.023670,60.778610,75.512695,111.667534
1983-12-24,25.001680,Training,3.916279,8.280406,10.516134,18.755367,26.760557,30.692814,33.554546,41.415802,53.398739,65.354340,93.680954
1983-12-25,21.374205,Training,3.927076,7.878642,10.057729,17.935831,25.383245,29.031578,32.041622,39.179775,49.909958,60.511684,84.513618
1983-12-26,18.528031,Training,3.749207,7.270176,9.322538,16.737278,23.680767,27.155077,30.293430,36.791691,46.594055,56.098450,76.713043
1983-12-27,16.686389,Training,3.743594,7.067729,9.058105,16.255959,22.904833,26.357943,29.574520,35.661495,44.887474,53.746136,72.309662
1983-12-28,15.681858,Training,3.000429,5.769937,7.482665,13.745928,19.683863,22.864403,25.898827,31.502199,40.071674,47.991440,63.944134
1983-12-29,14.677326,Training,2.778425,5.373455,6.985722,12.903091,18.528563,21.638733,24.580898,29.940765,38.189468,45.637981,60.364799
1983-12-30,13.561179,Training,2.403233,4.759441,6.279514,11.585666,16.734982,19.648205,22.473932,27.464922,35.296818,42.169235,55.183411
1983-12-31,12.668262,Training,2.283628,4.510227,5.947612,11.093360,16.107077,18.979319,21.785080,26.684166,34.403248,41.038376,53.497772
1984-01-01,11.998574,Validation,2.334352,4.543204,6.038740,11.094483,16.044142,18.908449,21.774105,26.554346,34.150356,40.588955,52.348785
1984-01-02,11.552116,Validation,1.854587,3.735191,5.088762,9.394662,13.825793,16.375786,19.108099,23.535400,30.680046,36.653038,46.980415
1984-01-03,11.273079,Validation,1.419063,3.071741,4.291117,8.319169,12.294763,14.623755,17.242693,21.720615,29.195051,35.413456,46.338005
1984-01-04,10.659199,Validation,1.001870,2.381950,3.358770,6.626109,10.128422,12.199058,14.567134,18.487473,25.265766,30.719028,39.992638
1984-01-05,9.654667,Validation,0.869486,2.139439,3.083412,6.018791,9.289845,11.204267,13.503301,17.193180,23.663584,28.849178,37.285397
1984-01-06,9.654667,Validation,0.389121,1.345995,2.017209,4.333743,6.870101,8.374275,10.280865,13.561934,19.558123,24.272699,32.350090
1984-01-07,9.989511,Validation,0.319648,1.235184,1.891491,4.108699,6.545699,8.009646,9.896371,13.134996,19.121367,23.943060,32.030807
1984-01-08,11.831152,Validation,-0.186699,0.801437,1.533848,3.612473,5.738754,7.816509,9.762270,14.173403,22.229982,30.412170,43.008484
1984-01-09,19.365141,Validation,-0.080229,0.988817,1.860083,4.078188,6.541682,8.822588,11.138021,15.915353,26.122601,34.495319,51.428249
1984-01-10,11.886960,Validation,0.047965,1.006171,1.768168,3.628457,5.900856,7.605142,9.437073,13.294012,20.740284,27.379560,39.696747
1984-01-11,10.156933,Validation,0.183771,1.181362,1.924973,3.859286,6.188127,7.809773,9.581549,13.139265,19.847921,25.364721,35.145287
1984-01-12,9.543052,Validation,0.099707,1.017164,1.607588,3.558670,5.729604,7.235907,8.862358,12.212211,18.589916,23.666067,32.954250
1984-01-13,8.761750,Validation,0.131572,1.023725,1.600538,3.470555,5.596881,7.007592,8.585968,11.702969,17.614681,22.210732,30.293011
1984-01-14,8.650135,Validation,0.144901,1.013084,1.598182,3.471648,5.563830,6.915475,8.501100,11.569426,17.365868,21.868982,29.694963
1984-01-15,8.817557,Validation,0.144899,1.002019,1.573814,3.428418,5.520389,6.871978,8.446942,11.474743,17.187616,21.601082,29.224148
1984-01-16,8.650135,Validation,0.189622,1.067699,1.703561,3.459676,5.558895,6.916493,8.544478,11.452553,17.051174,21.252476,28.082573
1984-01-17,8.147869,Validation,0.186307,1.061315,1.665658,3.455835,5.555466,6.911317,8.502283,11.417086,16.985708,21.103472,27.945271
1984-01-18,7.813025,Validation,0.187028,1.048450,1.623598,3.478230,5.598461,6.942955,8.519499,11.477037,17.036194,21.198746,28.270483
1984-01-19,9.933703,Validation,0.172802,1.064516,1.755156,3.787574,5.891256,7.331596,9.107467,12.316028,18.626537,23.663710,32.252281
1984-01-20,13.840216,Validation,0.035268,1.372865,2.401771,5.341125,8.132507,10.930230,13.316158,18.700699,28.901989,39.077190,54.414757
1984-01-21,17.802536,Validation,0.298333,2.078733,3.483575,7.562612,11.492563,15.142846,18.680450,25.659872,41.078461,53.816841,80.764328
1984-01-22,21.541626,Validation,0.488284,2.311220,3.657878,7.744211,11.529656,14.662830,17.743200,23.811378,36.455635,48.437763,71.503433
1984-01-23,25.113295,Validation,0.807262,2.821003,4.177309,8.517124,12.631008,15.753490,18.585178,24.654896,36.097851,47.136963,68.283432
1984-01-24,20.983553,Validation,1.153593,3.318043,4.582200,9.105078,13.537506,16.553238,18.982883,24.789009,34.684280,43.893181,61.972481
1984-01-25,17.132848,Validation,1.369311,3.543006,4.919427,9.218790,13.510159,16.219767,18.571939,23.784914,32.417004,40.114426,54.334545
1984-01-26,17.690921,Validation,1.523228,4.165532,6.151401,11.337479,15.835268,19.290022,22.108618,28.221804,39.339512,50.443951,68.656593
1984-01-27,19.476756,Validation,0.807752,2.984519,4.725475,8.911703,12.798941,16.187389,19.162739,25.128490,37.394825,48.451683,67.994293
1984-01-28,19.309334,Validation,1.051989,3.197029,4.735400,8.823048,13.299293,16.530865,19.296404,25.293600,35.955894,45.458652,64.514923
1984-01-29,16.407353,Validation,1.309851,3.859569,5.783996,10.547359,14.887741,18.232592,21.159479,27.117830,38.455643,48.971981,68.036949
1984-01-30,16.909619,Validation,1.574502,4.271483,5.998515,11.234967,16.144644,19.637154,22.422766,28.764853,39.929714,49.842449,69.717926
1984-01-31,19.588370,Validation,1.624237,4.303382,6.204818,11.761893,16.567738,20.080137,23.077398,29.515722,41.053070,52.443115,73.395569
1984-02-01,22.490351,Validation,1.911441,4.779984,6.653432,12.521653,17.712276,21.359133,24.268381,30.931206,42.195850,53.304302,74.495789
1984-02-02,20.425480,Validation,1.989619,4.780901,6.404829,12.006607,17.171963,20.581779,23.092005,29.204853,38.983028,48.173092,66.269707
1984-02-03,17.635114,Validation,2.173716,4.936729,6.628384,12.330128,17.404467,20.649496,23.178326,29.148172,38.425900,47.315994,64.216774
1984-02-04,16.742197,Validation,2.347202,5.123836,6.744399,12.452774,17.597708,20.821871,23.239279,28.963900,37.610138,45.616226,60.918083
1984-02-05,15.849280,Validation,2.482339,5.257078,6.869536,12.587292,17.723568,20.906414,23.301947,28.808617,37.047844,44.560452,58.705521
1984-02-06,14.956362,Validation,2.600517,5.376129,6.996670,12.750635,17.896084,21.063063,23.461369,28.855711,36.841171,44.097378,57.509674
1984-02-07,14.342482,Validation,2.480286,5.107285,6.670911,12.185538,17.162470,20.232224,22.627296,27.829823,35.574875,42.518478,55.088387
1984-02-08,14.007638,Validation,1.523531,3.392726,4.530622,8.801817,12.864305,15.359075,17.569792,22.131765,29.188660,35.340378,46.258457
1984-02-09,13.561179,Validation,1.366701,3.103990,4.156498,8.139337,11.979821,14.344883,16.478992,20.798370,27.595720,33.400402,43.616749
1984-02-10,12.947299,Validation,1.123489,2.692329,3.654279,7.143542,10.592186,12.756739,14.783959,18.716410,25.237526,30.452160,39.600727
1984-02-11,12.110189,Validation,0.965644,2.416459,3.326352,6.500190,9.701646,11.733462,13.701397,17.389040,23.718956,28.633707,37.142963
1984-02-12,11.719538,Validation,0.999906,2.451782,3.406565,6.528645,9.718250,11.738204,13.748631,17.350922,23.602880,28.449240,36.562138
1984-02-13,11.607923,Validation,1.157068,2.699201,3.724553,7.047000,10.412276,12.529962,14.600870,18.301573,24.609943,29.575974,37.759808
1984-02-14,11.328886,Validation,0.832578,2.108398,2.972643,5.719179,8.620442,10.458714,12.348411,15.637425,21.474051,25.877176,32.991524
1984-02-15,10.715006,Validation,0.484408,1.454571,2.143476,4.152162,6.463614,7.916938,9.503540,12.241894,17.282543,20.925257,26.469810
1984-02-16,10.212740,Validation,0.657248,1.746843,2.501798,4.821078,7.386472,8.993352,10.689986,13.607882,18.875546,22.705584,28.637894
1984-02-17,9.989511,Validation,0.461849,1.408947,2.059832,4.015501,6.256059,7.656092,9.155485,11.801368,16.657698,20.103416,25.336922
1984-02-18,9.710474,Validation,0.462479,1.498514,2.295279,4.496828,6.728145,8.261965,9.962864,12.875607,18.665028,22.885489,29.686699
1984-02-19,11.831152,Validation,0.265468,1.205420,1.878970,3.988338,6.073551,7.582539,9.116998,12.141067,18.025833,22.572201,30.260962
1984-02-20,9.654667,Validation,0.221679,1.116074,1.731508,3.604903,5.616876,7.030692,8.471735,11.249066,16.653755,20.756187,27.333527
1984-02-21,9.040786,Validation,0.310948,1.264809,1.925403,3.972326,6.065039,7.520962,9.022203,11.893650,17.452061,21.596039,28.548214
1984-02-22,8.371098,Validation,0.325808,1.289321,1.953458,3.995426,6.117507,7.596710,9.105968,11.977045,17.508848,21.640240,28.480644
1984-02-23,9.096594,Validation,0.327428,1.296360,1.945323,4.069432,6.218226,7.712083,9.200043,12.138390,17.728125,21.972626,29.162071
1984-02-24,9.654667,Validation,0.378721,1.348042,1.998317,4.012585,6.225072,7.725543,9.230488,12.004867,17.258406,21.189831,27.397596
1984-02-25,7.980447,Validation,0.482967,1.432643,2.130234,4.106620,6.430927,7.926572,9.472536,12.252159,17.295692,21.222658,27.249126
1984-02-26,7.533989,Validation,0.533865,1.512504,2.224007,4.263764,6.646137,8.166162,9.723619,12.520433,17.547880,21.420029,27.361300
1984-02-27,7.254952,Validation,0.503762,1.482104,2.175931,4.206981,6.525650,8.006414,9.543192,12.269446,17.263689,20.975290,26.660078
1984-02-28,7.199145,Validation,0.482847,1.436177,2.116323,4.096628,6.356719,7.789330,9.300367,11.968833,16.866306,20.467018,25.964148
1984-02-29,8.147869,Validation,0.505450,1.468207,2.230815,4.270525,6.529171,7.980001,9.597709,12.379345,17.595650,21.487644,27.646692
1984-03-01,8.036254,Validation,0.441321,1.398627,2.056494,4.053948,6.288458,7.765363,9.247409,11.937455,16.913544,20.581934,26.211351
1984-03-02,6.529457,Validation,0.441152,1.407355,2.028538,4.066601,6.287498,7.731151,9.169454,11.809896,16.705692,20.230341,25.806690
1984-03-03,6.194613,Validation,0.467825,1.434650,2.013392,4.102860,6.339746,7.767049,9.132705,11.771672,16.499447,19.887592,25.413303
1984-03-04,6.027191,Validation,0.485959,1.449661,2.013070,4.132854,6.389542,7.809408,9.149527,11.777261,16.400925,19.753389,25.222712
1984-03-05,5.357503,Validation,0.542749,1.542704,2.129144,4.298876,6.603516,8.050001,9.416829,12.030610,16.675404,19.984402,25.377832
1984-03-06,5.022659,Validation,0.618368,1.654997,2.247533,4.547423,6.950496,8.443570,9.808551,12.483415,17.108330,20.474939,25.965919
1984-03-07,4.799430,Validation,0.735399,1.842350,2.469230,4.962469,7.523370,9.095721,10.504817,13.266616,17.961863,21.463064,27.134104
1984-03-08,4.687815,Validation,0.564613,1.571101,2.131868,4.317226,6.607438,8.024589,9.301062,11.865422,16.328777,19.523724,24.736876
1984-03-09,4.632008,Validation,0.453001,1.378141,1.891475,3.898628,6.017360,7.330710,8.510230,10.962989,15.200903,18.249281,23.179779
1984-03-10,4.408778,Validation,0.504894,1.484274,2.041414,4.058045,6.208355,7.552454,8.787851,11.203503,15.568755,18.572649,23.404564
1984-03-11,4.352971,Validation,0.455673,1.405896,1.947824,3.863816,5.926511,7.226033,8.410444,10.765988,15.043795,17.958488,22.609838
1984-03-12,4.408778,Validation,0.434965,1.375219,1.957007,3.842315,5.853262,7.115067,8.343836,10.697734,15.098392,18.088530,22.869051
1984-03-13,5.301696,Validation,0.371799,1.290371,1.948378,3.792078,5.701735,6.990571,8.324499,10.730612,15.550454,18.857899,24.247026
1984-03-14,6.641071,Validation,0.288154,1.290338,2.091712,4.163697,6.190730,7.841507,9.457036,12.293038,18.506683,23.555908,30.937136
1984-03-15,15.514436,Validation,0.221442,1.676879,2.829276,5.933154,8.678683,11.490598,13.659535,18.167347,27.835766,37.309116,50.856976
1984-03-16,44.534243,Validation,0.455294,2.477715,4.071710,8.550386,12.253526,16.117632,19.014906,24.884022,38.921238,52.136906,73.764862
1984-03-17,30.191761,Validation,0.703739,2.743810,3.970887,8.170398,12.036680,15.194011,17.577969,22.841619,33.910778,43.961765,64.504623
1984-03-18,16.965426,Validation,1.011230,3.211123,4.632041,9.092048,12.683937,15.660994,17.791758,22.554768,32.380901,42.459648,59.817039
1984-03-19,21.150975,Validation,1.082067,3.671551,5.442393,10.544385,14.766455,18.641703,21.105694,26.751728,38.639240,51.976505,71.853004
1984-03-20,27.847854,Validation,1.251947,4.361073,6.580185,12.673642,17.856646,22.581192,25.742250,32.393795,47.199310,64.081459,88.787880
1984-03-21,86.724579,Validation,1.679898,5.320242,7.902483,14.603550,20.282368,25.149387,28.625206,35.432564,51.000809,68.778351,96.288605
1984-03-22,51.621773,Validation,1.966463,5.431722,7.199904,13.347205,19.072527,23.045170,25.455605,31.707151,43.236740,55.805187,80.136856
1984-03-23,25.448139,Validation,2.267960,5.818840,8.203785,14.492385,19.590424,23.564140,26.030796,31.857918,42.929569,56.938328,77.737289
1984-03-24,30.638220,Validation,2.473177,6.410515,9.224000,16.334053,22.107857,26.865990,29.994146,36.813065,50.360691,67.527588,93.142181
1984-03-25,37.056062,Validation,2.568175,6.441497,8.949122,15.818117,21.455130,25.719711,28.576450,35.070454,47.387257,62.072266,87.312561
1984-03-26,27.736239,Validation,2.841274,6.587239,8.761527,15.409819,20.912125,24.731232,27.055931,33.103722,43.241108,55.620129,76.954369
1984-03-27,22.490351,Validation,3.016578,6.806836,9.502999,16.339230,21.563969,25.643618,28.234543,34.229980,44.658092,58.599400,78.898949
1984-03-28,25.615561,Validation,2.996515,7.048757,10.114231,17.379814,23.016773,27.825615,30.887735,37.586262,49.887436,67.069801,90.524460
1984-03-29,26.787515,Validation,3.116358,7.054752,9.227650,16.284771,22.328243,26.693394,29.161789,35.679409,46.131756,59.535782,82.463051
1984-03-30,22.601966,Validation,3.543453,7.273938,9.419745,16.351210,21.978367,25.832037,28.132366,33.914307,42.438614,53.833248,72.038216
1984-03-31,27.903661,Validation,3.174572,8.751268,12.314655,20.169264,27.205400,33.294682,35.962082,43.751812,53.379456,74.344063,93.809265
1984-04-01,70.317226,Training,3.698936,8.871413,12.110911,20.765392,28.324783,34.114288,37.845757,46.265671,61.557068,80.949577,114.196121
1984-04-02,34.488925,Training,3.423803,7.567890,10.031655,17.418903,23.547098,27.811687,30.480165,37.030128,47.679195,62.058632,85.638428
1984-04-03,28.964000,Training,3.371169,7.008160,9.054145,15.698400,21.198399,24.822954,26.909912,32.579712,40.718296,51.787212,68.941818
1984-04-04,27.178166,Training,2.655758,5.507114,7.170481,12.719202,17.369011,20.321911,22.228003,27.009983,34.020924,42.603924,55.636398
1984-04-05,24.108763,Training,2.640782,5.337173,6.753425,12.028470,16.615046,19.461769,21.182793,25.551325,31.836369,39.100193,49.801208
1984-04-06,21.932278,Training,2.396600,4.753586,6.040359,10.862612,15.153989,17.721210,19.420856,23.391136,29.104229,35.496395,44.513054
1984-04-07,20.592902,Training,2.047240,4.017890,5.186220,9.475056,13.350682,15.677155,17.401512,20.905182,26.082167,31.741766,39.252014
1984-04-08,19.588370,Training,1.685339,3.395160,4.396007,8.151279,11.636773,13.680691,15.246321,18.422117,23.244299,28.112753,34.702038
1984-04-09,18.751260,Training,1.342200,2.839296,3.695610,6.933465,10.023265,11.759688,13.141342,16.067276,20.646275,24.812723,30.816156
1984-04-10,17.635114,Training,1.434671,2.978281,3.844652,7.180991,10.339085,12.098323,13.462583,16.410334,20.934624,25.156357,31.009907
1984-04-11,17.411885,Training,1.123369,2.693819,3.848066,7.150248,10.181868,12.238173,14.003212,17.239569,22.943226,29.327740,36.146946
1984-04-12,17.969958,Training,0.798910,2.237931,3.284712,6.501715,9.148236,11.090520,12.856677,16.144049,22.876961,29.198139,38.671528
1984-04-13,17.467692,Training,0.720724,2.219171,3.338246,6.625359,9.296404,11.385768,13.220546,16.641857,23.930071,31.432550,41.740189
1984-04-14,20.202251,Training,0.797150,2.481184,3.688220,7.248330,10.124150,12.420600,14.314575,18.095963,26.005478,34.475067,46.404598
1984-04-15,18.974490,Training,0.731808,2.257085,3.078697,6.233550,9.146551,11.104576,12.592835,16.159248,22.676163,29.163275,39.530624
1984-04-16,15.905087,Training,0.717077,2.082668,2.751604,5.502268,8.130039,9.763743,10.989183,13.992227,19.243151,23.988974,31.532379
1984-04-17,14.621518,Training,0.846531,2.228161,2.914260,5.742608,8.451230,10.088140,11.310311,14.276077,19.185654,23.694120,30.504803
1984-04-18,13.728601,Training,0.907950,2.248101,2.953164,5.782761,8.513993,10.141630,11.428912,14.308886,19.047743,23.394846,29.555037
1984-04-19,12.835684,Training,0.522381,1.540986,2.068361,4.129508,6.152042,7.390433,8.408604,10.675034,14.677076,17.688749,22.244968
1984-04-20,12.165996,Training,0.508469,1.485902,1.998719,3.974822,5.912240,7.102473,8.088576,10.237326,14.084050,16.874134,21.027508
1984-04-21,11.607923,Training,0.500763,1.466546,1.981617,3.925538,5.833997,6.962423,7.929003,10.063419,13.846558,16.574095,20.672144
1984-04-22,11.328886,Training,0.518569,1.523719,2.174407,4.275310,6.161601,7.338521,8.500984,10.745801,15.147203,18.310337,23.202320
1984-04-23,11.217272,Training,0.412545,1.440841,2.177040,4.371238,6.298571,7.713935,9.067570,11.551394,16.802086,21.234949,27.048029
1984-04-24,13.003106,Training,0.335924,1.493555,2.359202,4.862904,6.974746,8.713922,10.319516,13.295948,19.891769,26.237303,34.304596
1984-04-25,10.826621,Training,0.324964,1.486862,2.218635,4.696275,6.838597,8.413655,9.849086,12.907625,19.149921,24.799870,33.754944
1984-04-26,11.440501,Training,0.413021,1.630066,2.507615,5.127498,7.289137,8.994863,10.601814,13.560610,20.017439,26.450384,34.877544
1984-04-27,10.547584,Training,0.416086,1.889289,2.946774,5.977752,8.597033,10.849243,12.761141,16.479883,24.163740,33.076321,43.689777
1984-04-28,15.737665,Training,0.423272,1.819653,2.596866,5.464989,8.093946,10.011299,11.571380,15.249176,22.311794,29.353765,40.782936
1984-04-29,10.882428,Training,0.617181,2.038342,2.854377,5.781546,8.343949,10.034983,11.506818,14.841575,21.047314,27.165281,36.765732
1984-04-30,9.543052,Training,0.594353,1.896580,2.562859,5.162336,7.565209,9.085840,10.307297,13.367171,18.646084,23.492731,31.100443
1984-05-01,9.208208,Training,0.605319,1.958652,2.822356,5.547937,7.879992,9.512713,10.977303,14.026758,20.060808,25.689064,33.721878
1984-05-02,11.942767,Training,0.458919,1.817432,2.745528,5.530548,7.925987,9.785243,11.445627,14.784701,21.766171,28.824369,38.206738
1984-05-03,10.994043,Training,0.309429,1.485188,2.140239,4.515323,6.729834,8.270350,9.611693,12.744694,18.786175,24.288277,33.168343
1984-05-04,8.761750,Training,0.397614,1.545228,2.121778,4.375592,6.556468,7.937819,9.107965,11.904680,17.006920,21.440884,28.548517
1984-05-05,7.813025,Training,0.504725,1.691966,2.293990,4.624612,6.851115,8.191384,9.346156,12.116993,16.997892,21.137634,27.812586
1984-05-06,7.701411,Training,0.500991,1.633760,2.207497,4.443355,6.621711,7.910401,9.034226,11.671969,16.273115,20.088074,26.112278
1984-05-07,7.366567,Training,0.492476,1.579334,2.119068,4.257519,6.407742,7.662774,8.750734,11.269691,15.634338,19.154205,24.669935
1984-05-08,7.924640,Training,0.520800,1.678455,2.499858,4.939210,7.171073,8.658273,10.195697,12.944403,18.480593,23.578573,30.334436
1984-05-09,15.626050,Training,0.500544,1.629984,2.256501,4.647408,7.006279,8.473530,9.797328,12.622772,17.719946,22.240667,29.233374
1984-05-10,9.877896,Training,0.634067,1.807803,2.461734,4.979985,7.493468,8.947388,10.312456,13.122168,18.086985,22.438904,29.221252
1984-05-11,8.147869,Training,0.751084,1.946610,2.598199,5.147698,7.719549,9.141599,10.464695,13.221064,17.842964,21.848368,27.968479
1984-05-12,7.143337,Training,0.629875,1.706030,2.295793,4.588421,6.943997,8.232247,9.475759,12.005424,16.337786,19.912773,25.340620
1984-05-13,6.473649,Training,0.469507,1.428210,1.939874,3.898152,5.974388,7.096478,8.184461,10.487323,14.501410,17.550785,22.334986
1984-05-14,6.194613,Training,0.537192,1.543811,2.098958,4.175748,6.325695,7.448555,8.595747,10.991570,15.178281,18.371439,23.403959
1984-05-15,6.027191,Training,0.452798,1.402790,1.933336,3.871222,5.888321,6.948818,8.053779,10.371769,14.488511,17.550446,22.426662
1984-05-16,5.915576,Training,0.267179,1.124026,1.682943,3.422597,5.132280,6.156416,7.294763,9.499815,13.914145,17.059677,22.200754
1984-05-17,7.757218,Training,0.150668,1.249506,2.008233,4.144727,6.320282,7.990979,9.643188,12.721652,18.528917,24.694197,32.383442
1984-05-18,8.315291,Training,0.100200,1.280535,2.140937,4.709341,7.005910,8.877359,10.737089,14.402296,22.960413,30.910109,44.149982
1984-05-19,7.422374,Training,0.235328,1.577633,2.503898,5.400480,7.987388,9.943234,11.861257,15.692019,24.236517,32.940022,47.311863
1984-05-20,6.808493,Training,0.316373,1.828839,2.856557,5.977452,8.872619,11.088438,13.098518,17.186478,25.884706,35.813972,50.315563
1984-05-21,7.645603,Training,0.240064,1.960349,3.114094,6.534163,9.844178,12.569520,14.891024,19.730639,29.498247,41.016228,57.364620
1984-05-22,9.933703,Training,0.433922,2.210247,3.269450,6.828832,10.342484,12.707938,15.011369,19.882317,30.135336,40.317448,60.054398
1984-05-23,8.538520,Training,0.560605,2.220087,3.073232,6.376435,9.640526,11.559163,13.316978,17.461674,25.362728,33.352406,48.667675
1984-05-24,8.092062,Training,0.758392,2.493107,3.444489,6.930211,10.221931,12.107110,13.847565,17.920254,25.434837,33.085274,47.267624
1984-05-25,8.705942,Training,0.740618,2.327373,3.084458,6.311562,9.585156,11.401978,12.945736,16.768801,23.392883,29.946114,42.094669
1984-05-26,7.589796,Training,0.867147,2.451317,3.291963,6.607618,9.880812,11.610298,13.246437,16.924833,23.333317,29.597725,40.926144
1984-05-27,6.864301,Training,0.620043,1.916089,2.549840,5.268249,8.140804,9.653490,11.089107,14.257686,19.809912,24.766327,33.840023
1984-05-28,6.194613,Training,0.626584,1.864894,2.514451,5.171183,7.967392,9.391106,10.855304,13.871452,19.238419,23.918890,32.407593
1984-05-29,6.250420,Training,0.603390,1.955252,2.918373,5.827271,8.721657,10.456025,12.311317,15.668557,22.176037,29.159477,39.206791
1984-05-30,6.250420,Training,0.454332,1.660245,2.346308,5.080739,7.955152,9.619643,11.324256,14.631058,20.987396,27.105549,38.101063
1984-05-31,5.636540,Training,0.564082,1.797745,2.495436,5.278214,8.210275,9.775732,11.434952,14.607009,20.520010,26.160463,36.227886
1984-06-01,5.301696,Training,0.810959,2.150570,2.978966,6.021164,9.102775,10.684114,12.426560,15.681349,21.460951,27.039036,36.720844
1984-06-02,5.245888,Training,0.816456,2.326756,3.421715,6.721231,9.874312,11.794126,13.727136,17.359879,24.140377,31.774809,42.825485
1984-06-03,6.194613,Training,0.647906,2.312307,3.545655,7.168281,10.617028,13.061716,15.262288,19.658407,28.286255,39.158161,54.542801
1984-06-04,10.603391,Training,0.489329,2.153929,3.410710,7.143346,10.747359,13.383557,15.888921,20.639410,30.780632,43.575867,63.118855
1984-06-05,11.719538,Training,0.420154,1.849284,2.614105,5.764557,9.135781,11.197015,13.081846,17.165546,24.942589,33.557507,49.647324
1984-06-06,10.938235,Training,0.505714,1.917159,2.781604,5.861431,8.888630,10.655243,12.428504,16.116322,23.116409,30.701395,44.204563
1984-06-07,10.435969,Training,0.461291,1.732629,2.420822,5.211403,8.157030,9.818407,11.418440,14.877447,21.046093,27.553877,39.025795
1984-06-08,9.264016,Training,0.303304,1.373249,1.924879,4.284064,6.894547,8.342942,9.793933,12.760031,18.172998,23.536764,32.952484
1984-06-09,8.147869,Training,0.050171,0.848304,1.255518,2.921662,4.841603,5.884256,7.003351,9.280791,13.583344,17.292479,23.927065
1984-06-10,7.701411,Training,0.010494,0.748338,1.128059,2.646504,4.425482,5.372006,6.414459,8.513433,12.510633,15.831555,21.710777
1984-06-11,7.031723,Training,-0.018406,0.673906,1.033733,2.448310,4.126649,5.001144,6.003654,7.952774,11.754321,14.838897,20.222393
1984-06-12,6.306227,Training,-0.076948,0.553641,0.881895,2.119810,3.627280,4.395302,5.308815,7.073981,10.625734,13.404532,18.199511
1984-06-13,5.636540,Training,-0.082235,0.531474,0.850466,2.041672,3.506357,4.238536,5.124151,6.824467,10.259604,12.917102,17.457882
1984-06-14,5.078466,Training,-0.116240,0.466501,0.769360,1.870203,3.238025,3.917910,4.748335,6.376779,9.641294,12.168215,16.422531
1984-06-15,4.743622,Training,-0.136714,0.431775,0.727107,1.792198,3.117431,3.780581,4.589730,6.206443,9.383973,11.892251,16.061506
1984-06-16,4.520393,Training,-0.142265,0.427336,0.721351,1.795076,3.125182,3.796815,4.611690,6.261900,9.420130,11.996007,16.213280
1984-06-17,4.297164,Training,-0.275252,0.260242,0.600399,1.601410,2.771076,3.509752,4.351507,6.132113,9.838752,13.230351,18.468184
1984-06-18,4.241357,Training,-0.395341,0.162677,0.546733,1.629882,2.829198,3.765914,4.731793,6.899927,11.550494,16.624104,24.342127
1984-06-19,6.417842,Training,-0.487986,0.113167,0.539966,1.734473,3.010568,4.205989,5.265889,7.964289,13.763760,20.874336,32.120079
1984-06-20,5.915576,Training,-0.479489,0.135757,0.580253,1.845537,3.113057,4.322009,5.415535,8.177698,14.413577,21.643051,34.139072
1984-06-21,5.524925,Training,-0.438347,0.151154,0.531980,1.639447,2.806503,3.768811,4.706256,7.089159,12.047899,17.456247,27.370964
1984-06-22,4.632008,Training,-0.392943,0.149266,0.443854,1.342645,2.381049,3.128512,3.847289,5.726872,9.365566,13.134306,19.688923
1984-06-23,4.073935,Training,-0.381668,0.109709,0.358383,1.076969,1.959235,2.534261,3.110373,4.627296,7.565298,10.341588,15.157013
1984-06-24,3.571669,Training,-0.359740,0.113156,0.345563,1.018353,1.874025,2.382092,2.929705,4.307135,6.993324,9.389898,13.509957
1984-06-25,3.181017,Training,-0.379124,0.057980,0.284186,0.864369,1.600293,2.023969,2.500101,3.746264,6.174887,8.282573,12.001427
1984-06-26,3.125210,Training,-0.405908,0.021318,0.270770,0.874326,1.576566,2.019338,2.521914,3.816081,6.429932,8.673912,12.836336
1984-06-27,3.292632,Training,-0.400690,0.019085,0.234392,0.747548,1.412463,1.802345,2.229048,3.390539,5.584713,7.603102,11.123853
1984-06-28,3.460054,Training,-0.395666,0.017958,0.221722,0.695161,1.331522,1.686161,2.082150,3.165311,5.176567,7.041822,10.297721
1984-06-29,3.460054,Training,-0.388204,0.013496,0.201934,0.624707,1.219294,1.525885,1.880378,2.867449,4.667596,6.340527,9.280338
1984-06-30,3.236825,Training,-0.394982,0.002024,0.197709,0.632463,1.224082,1.526117,1.891260,2.900808,4.754756,6.451275,9.508142
1984-07-01,2.957788,Training,-0.390651,0.005857,0.197176,0.625127,1.216844,1.517907,1.872051,2.867530,4.674295,6.336860,9.292985
1984-07-02,2.567137,Training,-0.381747,0.018605,0.205450,0.633511,1.237299,1.544864,1.892547,2.881779,4.653219,6.288020,9.140965
1984-07-03,2.343908,Training,-0.372340,0.030963,0.220135,0.675850,1.311110,1.634300,1.997714,3.014655,4.844851,6.490951,9.330302
1984-07-04,1.897449,Training,-0.351822,0.066476,0.265074,0.792074,1.502929,1.869150,2.278537,3.382850,5.370847,7.104282,10.047538
1984-07-05,1.897449,Training,-0.325993,0.112051,0.318262,0.928035,1.733700,2.142230,2.616845,3.803095,5.962007,7.819927,10.925888
1984-07-06,1.953256,Training,-0.340122,0.087445,0.283140,0.840040,1.590921,1.960046,2.399040,3.522637,5.539421,7.317391,10.325280
1984-07-07,1.785834,Training,-0.362374,0.044240,0.224338,0.687004,1.333737,1.641194,2.010690,3.009030,4.775548,6.383386,9.180742
1984-07-08,1.841642,Training,-0.384522,-0.004838,0.157577,0.508570,1.027124,1.265777,1.553980,2.381787,3.833335,5.221411,7.763763
1984-07-09,1.730027,Training,-0.394881,-0.039458,0.108039,0.361877,0.770043,0.949884,1.171590,1.835416,2.994705,4.178148,6.498914
1984-07-10,1.506798,Training,-0.417488,-0.075730,0.082168,0.339486,0.722317,0.887848,1.124516,1.780278,2.986338,4.194824,6.742733
1984-07-11,1.674220,Training,-0.412954,-0.068366,0.084192,0.327234,0.706154,0.868966,1.093795,1.733039,2.873161,4.063767,6.525804
1984-07-12,1.339376,Training,-0.404143,-0.055025,0.090378,0.316883,0.692958,0.854823,1.066146,1.678316,2.751419,3.904679,6.252465
1984-07-13,1.227761,Training,-0.401208,-0.055583,0.086407,0.303025,0.669915,0.823750,1.026888,1.615872,2.655860,3.767356,6.055584
1984-07-14,1.060339,Training,-0.397167,-0.053897,0.085162,0.292398,0.650123,0.797916,0.992617,1.560415,2.576957,3.653991,5.893322
1984-07-15,0.948724,Training,-0.397943,-0.056262,0.081988,0.285422,0.637587,0.782453,0.974058,1.533310,2.527383,3.589462,5.820180
1984-07-16,1.060339,Training,-0.398949,-0.058321,0.079546,0.279827,0.627703,0.770227,0.960011,1.511472,2.493390,3.545962,5.775847
1984-07-17,1.227761,Training,-0.399592,-0.060336,0.076701,0.271247,0.613143,0.751464,0.938872,1.477692,2.442272,3.482507,5.710318
1984-07-18,1.116146,Training,-0.401883,-0.062228,0.075577,0.273048,0.616033,0.755186,0.943889,1.486699,2.449443,3.492310,5.737795
1984-07-19,1.227761,Training,-0.401542,-0.063436,0.072985,0.263584,0.599135,0.732496,0.917909,1.445548,2.380033,3.404825,5.643945
1984-07-20,1.395183,Training,-0.401367,-0.065499,0.069599,0.252781,0.580195,0.707474,0.889521,1.400397,2.308244,3.313903,5.544582
1984-07-21,1.171954,Training,-0.399881,-0.067805,0.065108,0.236961,0.552881,0.672134,0.848339,1.334668,2.208456,3.186124,5.391210
1984-07-22,1.171954,Training,-0.397133,-0.067532,0.063749,0.226764,0.533773,0.647463,0.818254,1.285655,2.137387,3.091931,5.273651
1984-07-23,1.227761,Training,-0.398637,-0.070184,0.060880,0.223032,0.527405,0.639483,0.808968,1.272241,2.109181,3.055596,5.238582
1984-07-24,1.116146,Training,-0.399426,-0.071942,0.059015,0.219564,0.520720,0.631004,0.799176,1.256864,2.083346,3.021244,5.206006
1984-07-25,1.171954,Training,-0.399201,-0.072982,0.057249,0.213607,0.509717,0.616758,0.782522,1.229854,2.039020,2.963707,5.144515
1984-07-26,1.227761,Training,-0.398062,-0.074282,0.054841,0.204641,0.493420,0.595512,0.757705,1.189880,1.976597,2.882945,5.052429
1984-07-27,1.339376,Training,-0.396106,-0.074518,0.053528,0.197032,0.478919,0.577002,0.735268,1.153216,1.922334,2.811149,4.966105
1984-07-28,1.116146,Training,-0.390418,-0.069662,0.057250,0.193230,0.468368,0.562783,0.716247,1.119405,1.877552,2.749636,4.886815
1984-07-29,1.116146,Training,-0.389969,-0.070764,0.055560,0.188684,0.459101,0.551240,0.702332,1.097087,1.840634,2.699649,4.830929
1984-07-30,1.339376,Training,-0.476424,-0.183954,-0.025200,0.193071,0.485625,0.633744,0.845844,1.329215,2.382866,3.566829,6.636066
1984-07-31,1.395183,Training,-0.429803,-0.109873,0.033530,0.183023,0.449774,0.561777,0.738988,1.156021,1.974809,2.958613,5.410414
1984-08-01,1.227761,Training,-0.423532,-0.103645,0.036892,0.179965,0.445287,0.548896,0.724031,1.121824,1.914948,2.862108,5.263931
1984-08-02,1.060339,Training,-0.399792,-0.084139,0.043462,0.173796,0.432598,0.522985,0.672513,1.049554,1.763634,2.605563,4.787051
1984-08-03,1.116146,Training,-0.399514,-0.084149,0.043119,0.174700,0.432863,0.521429,0.668631,1.044841,1.747660,2.577954,4.750464
1984-08-04,1.004532,Training,-0.398107,-0.083923,0.042509,0.171506,0.425998,0.512550,0.656548,1.025134,1.714732,2.530565,4.687073
1984-08-05,1.004532,Training,-0.395929,-0.084469,0.040929,0.164584,0.412662,0.496605,0.636895,0.992591,1.668552,2.467507,4.602731
1984-08-06,0.892917,Training,-0.388610,-0.078051,0.045982,0.162563,0.404648,0.485746,0.621229,0.963641,1.629300,2.413291,4.528193
1984-08-07,0.837110,Training,-0.390906,-0.082652,0.040974,0.157264,0.395925,0.475199,0.608503,0.945607,1.595099,2.365958,4.472697
1984-08-08,0.725495,Training,-0.389080,-0.081980,0.041117,0.154387,0.388844,0.466105,0.597002,0.925838,1.564609,2.324490,4.426140
1984-08-09,0.781303,Training,-0.384700,-0.077422,0.045173,0.154692,0.385646,0.461571,0.590076,0.911209,1.545070,2.297664,4.397713
1984-08-10,0.725495,Training,-0.384286,-0.078049,0.044205,0.152201,0.379944,0.454765,0.581208,0.896600,1.521371,2.264727,4.361367
1984-08-11,0.669688,Training,-0.382737,-0.077152,0.044766,0.150812,0.375420,0.449107,0.573564,0.882901,1.500070,2.235344,4.330441
1984-08-12,0.781303,Training,-0.385806,-0.082463,0.039287,0.145284,0.366405,0.438701,0.561587,0.865723,1.469934,2.193663,4.285182
1984-08-13,0.948724,Training,-0.389697,-0.088264,0.033609,0.140701,0.359288,0.430026,0.551744,0.852694,1.444358,2.157458,4.247788
1984-08-14,0.725495,Training,-0.390511,-0.089871,0.031967,0.138833,0.355202,0.424814,0.545158,0.842343,1.426691,2.132241,4.223475
1984-08-15,0.781303,Training,-0.391170,-0.090554,0.031173,0.138379,0.353570,0.422755,0.541678,0.836702,1.416241,2.116013,4.208066
1984-08-16,0.837110,Training,-0.392676,-0.092088,0.029819,0.139062,0.354430,0.424845,0.543585,0.838554,1.422236,2.121180,4.216835
1984-08-17,0.837110,Training,-0.394277,-0.091168,0.030268,0.147024,0.368877,0.442899,0.564487,0.866456,1.467615,2.176591,4.286552
1984-08-18,0.725495,Training,-0.386478,-0.090245,0.029441,0.130673,0.333674,0.398813,0.510559,0.783843,1.332036,1.999182,4.068653
1984-08-19,0.892917,Training,-0.386097,-0.090886,0.028528,0.128815,0.329046,0.393160,0.503167,0.771563,1.312589,1.972039,4.039385
1984-08-20,1.004532,Training,-0.386695,-0.093146,0.027133,0.127534,0.325152,0.388309,0.498657,0.763140,1.304972,1.961813,4.043636
1984-08-21,1.060339,Training,-0.393496,-0.103719,0.019675,0.124493,0.319700,0.381194,0.495138,0.759883,1.309630,1.966956,4.089860
1984-08-22,1.171954,Training,-0.456338,-0.190497,-0.043650,0.117794,0.316970,0.409448,0.558891,0.852288,1.570315,2.360201,5.094584
1984-08-23,1.395183,Training,-0.441717,-0.160832,-0.014084,0.118884,0.305097,0.383589,0.530052,0.810170,1.468193,2.220835,4.771011
1984-08-24,1.450990,Training,-0.428731,-0.141802,-0.000183,0.119581,0.305670,0.379226,0.518146,0.784234,1.401659,2.136124,4.577396
1984-08-25,1.562605,Training,-0.396678,-0.103365,0.021134,0.120595,0.306297,0.374239,0.485284,0.732633,1.270467,1.931164,4.110865
1984-08-26,1.116146,Training,-0.391008,-0.099121,0.021940,0.118693,0.303180,0.366699,0.471351,0.713592,1.231303,1.866878,3.988936
1984-08-27,1.004532,Training,-0.388653,-0.098028,0.021682,0.117188,0.300047,0.361043,0.462372,0.701102,1.207919,1.829967,3.927593
1984-08-28,1.060339,Training,-0.381673,-0.088527,0.030453,0.123707,0.306365,0.368569,0.468576,0.702883,1.213849,1.838632,3.946924
1984-08-29,0.837110,Training,-0.376410,-0.080803,0.037879,0.130155,0.313650,0.376504,0.475750,0.708508,1.223365,1.851941,3.973294
1984-08-30,0.892917,Training,-0.372567,-0.075132,0.043423,0.135094,0.319170,0.382389,0.481015,0.712447,1.229587,1.860821,3.993831
1984-08-31,0.892917,Training,-0.371494,-0.073657,0.044985,0.136245,0.319555,0.382562,0.480629,0.709835,1.225554,1.855470,3.996187
1984-09-01,1.060339,Training,-0.384975,-0.097014,0.023345,0.116531,0.291934,0.349528,0.447501,0.671049,1.166463,1.772145,3.893215
1984-09-02,1.004532,Training,-0.392241,-0.108459,0.015014,0.112118,0.285670,0.341363,0.443261,0.667589,1.169582,1.775629,3.932516
1984-09-03,1.060339,Training,-0.387484,-0.100742,0.018721,0.109907,0.281752,0.338013,0.432892,0.651794,1.129732,1.723060,3.825765
1984-09-04,1.060339,Training,-0.389644,-0.105038,0.016092,0.109019,0.280074,0.334532,0.431613,0.649465,1.131568,1.725144,3.849847
1984-09-05,1.171954,Training,-0.386404,-0.100626,0.018159,0.108077,0.278242,0.332561,0.425324,0.640186,1.109470,1.694303,3.790234
1984-09-06,1.227761,Training,-0.382367,-0.094813,0.023921,0.112936,0.282976,0.338239,0.430424,0.641817,1.114564,1.701902,3.813308
1984-09-07,1.004532,Training,-0.381085,-0.092461,0.026798,0.116518,0.287530,0.343317,0.435932,0.647427,1.125981,1.717182,3.845905
1984-09-08,1.116146,Training,-0.383300,-0.094189,0.024909,0.116015,0.288147,0.345213,0.437577,0.650611,1.130766,1.722462,3.847882
1984-09-09,1.004532,Training,-0.390282,-0.101000,0.018388,0.116384,0.294346,0.352119,0.448599,0.670134,1.160762,1.759722,3.895973
1984-09-10,1.004532,Training,-0.385427,-0.101286,0.017153,0.106306,0.272930,0.324584,0.415407,0.622465,1.079502,1.652968,3.757498
1984-09-11,1.171954,Training,-0.384225,-0.100707,0.017565,0.105447,0.270463,0.320799,0.410968,0.615108,1.066607,1.635891,3.741283
1984-09-12,1.116146,Training,-0.384351,-0.101587,0.016586,0.103848,0.268162,0.317315,0.407109,0.610222,1.057635,1.624095,3.728485
1984-09-13,1.116146,Training,-0.384846,-0.102556,0.015556,0.102540,0.266746,0.315113,0.404683,0.607646,1.052747,1.617805,3.721579
1984-09-14,1.283568,Training,-0.383564,-0.101034,0.017268,0.103660,0.267333,0.315680,0.405053,0.605799,1.050596,1.615586,3.727037
1984-09-15,1.116146,Training,-0.381832,-0.098605,0.019832,0.105790,0.269389,0.317836,0.407026,0.606123,1.051513,1.617416,3.738604
1984-09-16,0.948724,Training,-0.377768,-0.091901,0.026892,0.112565,0.277264,0.326634,0.415963,0.613792,1.064575,1.635764,3.779367
1984-09-17,0.725495,Training,-0.383277,-0.101098,0.017519,0.102889,0.266288,0.313596,0.402886,0.601756,1.043666,1.608498,3.732643
1984-09-18,1.116146,Training,-0.385963,-0.104624,0.013976,0.099565,0.263657,0.309958,0.399910,0.601016,1.041626,1.606331,3.728287
1984-09-19,1.227761,Training,-0.385800,-0.104041,0.014919,0.100288,0.264606,0.310989,0.401438,0.601948,1.043981,1.610014,3.740640
1984-09-20,1.060339,Training,-0.386773,-0.105308,0.013465,0.098722,0.263748,0.309431,0.400059,0.602016,1.043172,1.609372,3.739491
1984-09-21,0.781303,Training,-0.386758,-0.105602,0.013001,0.097790,0.263111,0.308066,0.398635,0.600803,1.040465,1.606354,3.735807
1984-09-22,0.837110,Training,-0.386541,-0.105339,0.013412,0.097848,0.263415,0.308150,0.398995,0.600733,1.040383,1.607167,3.741466
1984-09-23,0.669688,Training,-0.397984,-0.123242,0.002288,0.095350,0.260898,0.303665,0.404532,0.611664,1.077689,1.656993,3.880809
1984-09-24,0.558073,Training,-0.389501,-0.108261,0.010806,0.095671,0.262571,0.307603,0.399677,0.605167,1.047688,1.620927,3.770729
1984-09-25,0.892917,Training,-0.390034,-0.108623,0.010594,0.095478,0.263588,0.307955,0.401193,0.607243,1.051330,1.626713,3.781278
1984-09-26,1.004532,Training,-0.386578,-0.104866,0.014466,0.097958,0.265821,0.309894,0.402478,0.605211,1.047633,1.620920,3.775730
1984-09-27,1.004532,Training,-0.387098,-0.105638,0.013287,0.096555,0.265469,0.309059,0.401642,0.606124,1.048069,1.622265,3.772983
1984-09-28,1.171954,Training,-0.507628,-0.257959,-0.108430,0.063014,0.273096,0.386940,0.538387,0.803990,1.470230,2.311368,5.699111
1984-09-29,1.730027,Training,-0.452940,-0.165250,-0.011043,0.103757,0.271688,0.347081,0.490889,0.730641,1.324759,2.091191,4.902878
1984-09-30,1.116146,Training,-0.437427,-0.147462,-0.001520,0.104135,0.276012,0.341087,0.477617,0.704587,1.264988,1.990500,4.651187
1984-10-01,1.227761,Validation,-0.447268,-0.157526,-0.011026,0.107705,0.294237,0.361357,0.506744,0.761907,1.388064,2.123003,4.869832
1984-10-02,1.339376,Validation,-0.507597,-0.241292,-0.077865,0.097711,0.300126,0.408364,0.585539,0.881387,1.687660,2.614662,6.141196
1984-10-03,1.618412,Validation,-0.499517,-0.210620,-0.038225,0.115896,0.304744,0.400633,0.588042,0.888438,1.681565,2.611231,6.035924
1984-10-04,1.618412,Validation,-0.541438,-0.266119,-0.081481,0.117189,0.327450,0.459441,0.677569,1.010621,1.972595,3.145949,7.422284
1984-10-05,1.618412,Validation,-0.494995,-0.181622,-0.010005,0.135804,0.340549,0.447257,0.638841,0.965667,1.783325,2.806512,6.311298
1984-10-06,1.450990,Validation,-0.459155,-0.140978,0.006337,0.125477,0.335095,0.426562,0.583702,0.880708,1.575579,2.453333,5.399491
1984-10-07,1.227761,Validation,-0.444019,-0.128676,0.008896,0.119500,0.334856,0.416969,0.560963,0.854524,1.514861,2.326055,5.055005
1984-10-08,1.060339,Validation,-0.433303,-0.126003,0.008002,0.112504,0.327030,0.400608,0.536040,0.818404,1.444261,2.205348,4.770176
1984-10-09,1.450990,Validation,-0.426202,-0.122948,0.009810,0.111626,0.326811,0.395964,0.527149,0.802858,1.413036,2.151069,4.629413
1984-10-10,1.506798,Validation,-0.424068,-0.122471,0.008606,0.110318,0.328891,0.396362,0.525354,0.803742,1.410683,2.142612,4.570445
1984-10-11,1.283568,Validation,-0.427140,-0.125568,0.004058,0.108941,0.334208,0.402045,0.532288,0.822530,1.441092,2.182636,4.595992
1984-10-12,1.395183,Validation,-0.427834,-0.125204,0.005076,0.112375,0.343056,0.411974,0.545120,0.841337,1.472148,2.223332,4.644688
1984-10-13,1.450990,Validation,-0.427983,-0.121263,0.011151,0.125993,0.368220,0.441108,0.581527,0.888897,1.551564,2.325519,4.788648
1984-10-14,1.283568,Validation,-0.428798,-0.115814,0.017119,0.146521,0.409520,0.488553,0.640079,0.970651,1.682809,2.494907,5.009685
1984-10-15,1.171954,Validation,-0.431028,-0.114769,0.017416,0.158923,0.438814,0.521007,0.682622,1.033455,1.781356,2.626285,5.181023
1984-10-16,1.116146,Validation,-0.433935,-0.114617,0.018331,0.168535,0.464288,0.548708,0.723402,1.091044,1.875302,2.759007,5.389688
1984-10-17,1.339376,Validation,-0.419600,-0.119074,0.006993,0.107159,0.336866,0.399991,0.529703,0.822858,1.423530,2.168286,4.544765
1984-10-18,1.395183,Validation,-0.465727,-0.174656,-0.027605,0.119954,0.366134,0.444539,0.619694,0.965432,1.747954,2.607194,5.450679
1984-10-19,2.009064,Validation,-0.612273,-0.300076,-0.116602,0.151401,0.504396,0.744776,1.062176,1.639630,3.000809,4.784665,10.643706
1984-10-20,2.567137,Validation,-0.548468,-0.188057,0.013059,0.240794,0.568663,0.766175,1.071929,1.645838,2.995928,4.755654,9.553545
1984-10-21,1.562605,Validation,-0.500505,-0.161120,0.002830,0.174959,0.463331,0.593366,0.825977,1.256452,2.244507,3.497030,7.083357
1984-10-22,1.171954,Validation,-0.475431,-0.129928,0.017553,0.188474,0.502335,0.624325,0.844748,1.291463,2.261379,3.411993,6.698791
1984-10-23,1.506798,Validation,-0.443770,-0.120407,0.018412,0.140895,0.399501,0.487331,0.659922,1.011364,1.765449,2.681018,5.489248
1984-10-24,1.618412,Validation,-0.435039,-0.118431,0.015616,0.131022,0.387654,0.466480,0.630313,0.972868,1.687585,2.562156,5.224232
1984-10-25,1.562605,Validation,-0.475277,-0.177692,-0.022362,0.131262,0.386730,0.472786,0.674412,1.047402,1.908709,2.873932,6.007298
1984-10-26,1.897449,Validation,-0.533147,-0.245009,-0.066733,0.138319,0.410185,0.548804,0.799917,1.233768,2.350491,3.669230,7.878807
1984-10-27,3.515861,Validation,-0.566230,-0.256684,-0.043376,0.189827,0.468654,0.641661,0.958252,1.459627,2.856984,4.595064,10.067704
1984-10-28,1.953256,Validation,-0.507826,-0.165403,0.019898,0.181361,0.459406,0.598904,0.855721,1.303216,2.358725,3.775182,7.853459
1984-10-29,1.674220,Validation,-0.473137,-0.135668,0.020984,0.160764,0.444206,0.557275,0.776139,1.184109,2.100583,3.270916,6.644588
1984-10-30,1.730027,Validation,-0.455678,-0.125449,0.018896,0.148674,0.436438,0.534425,0.734107,1.136674,1.990071,3.051564,6.094612
1984-10-31,1.841642,Validation,-0.463698,-0.142469,0.008742,0.150533,0.442186,0.535058,0.748139,1.164095,2.064624,3.142246,6.277450
1984-11-01,1.841642,Validation,-0.503595,-0.191061,-0.021814,0.161293,0.462550,0.580488,0.832933,1.307116,2.403957,3.656557,7.345961
1984-11-02,1.730027,Validation,-0.602643,-0.288316,-0.085530,0.194557,0.569852,0.820582,1.180089,1.882251,3.603387,5.902040,12.074341
1984-11-03,2.399715,Validation,-0.701406,-0.320013,-0.029191,0.386225,0.898175,1.457857,2.028797,3.442008,6.611167,11.829368,24.164175
1984-11-04,2.511330,Validation,-0.676470,-0.219145,0.164603,0.703520,1.315700,2.057463,2.771422,4.706707,9.299192,16.530924,33.186447
1984-11-05,3.404247,Validation,-0.624004,-0.113920,0.264502,0.826136,1.477756,2.182122,2.876794,4.801993,9.113195,15.361771,29.563501
1984-11-06,3.571669,Validation,-0.630118,-0.094460,0.292630,0.990770,1.821829,2.739431,3.505675,5.943033,11.269178,19.461138,37.399147
1984-11-07,3.739091,Validation,-0.627235,0.021622,0.561166,1.452893,2.496457,3.932433,4.926832,8.621130,15.721676,27.196922,50.688210
1984-11-08,6.752686,Validation,-0.543607,0.220043,0.929706,2.023130,3.261213,4.977595,6.211673,10.611212,19.723772,33.043739,59.844391
1984-11-09,19.532563,Validation,-0.512510,0.221984,0.835062,1.829424,2.951098,4.307913,5.411703,8.940669,16.446617,26.376516,48.077393
1984-11-10,7.366567,Validation,-0.455937,0.227070,0.669044,1.490610,2.516035,3.533260,4.333775,6.942549,11.869690,18.152901,31.103134
1984-11-11,3.739091,Validation,-0.455298,0.156015,0.511483,1.368635,2.408205,3.297390,4.062428,6.339269,10.755410,15.761415,26.357065
1984-11-12,3.292632,Validation,-0.482319,0.208020,0.679432,2.031645,3.527675,5.055689,6.156658,9.576632,16.603701,24.880428,41.201607
1984-11-13,3.850705,Validation,-0.445866,0.252865,0.733334,2.066971,3.533034,4.995516,6.222494,9.518087,16.436861,23.712475,39.604229
1984-11-14,4.129742,Validation,-0.478443,0.153798,0.576064,1.806231,3.131173,4.356816,5.498295,8.312892,14.481619,21.180416,35.481251
1984-11-15,4.297164,Validation,-0.506862,0.232632,0.770238,2.342735,4.085447,5.995467,7.382328,11.512485,20.137293,30.771139,51.502270
1984-11-16,3.962320,Validation,-0.398334,0.703591,1.728774,4.527835,7.516192,11.284076,13.772488,21.642065,37.612701,54.601429,88.270172
1984-11-17,4.352971,Validation,-0.159531,1.106360,2.125303,5.074096,8.456981,11.770728,14.647937,21.055307,35.180302,48.529930,80.580856
1984-11-18,4.073935,Validation,0.410880,2.485447,4.142325,8.945094,14.277418,18.823460,22.065603,30.189291,46.750500,66.302368,102.924225
1984-11-19,19.811599,Validation,1.796148,5.214619,7.617447,14.905931,22.360271,27.768766,31.773403,41.238777,59.908573,78.079437,123.819977
1984-11-20,7.924640,Validation,1.740201,4.721979,6.524426,12.969459,19.299171,23.518356,26.550289,33.990662,47.829025,61.734417,96.172745
1984-11-21,5.413310,Validation,1.630817,4.205025,5.662876,11.527694,17.255947,20.887053,23.585489,29.969852,41.381104,52.444782,79.938118
1984-11-22,4.799430,Validation,0.972040,2.776027,3.861120,8.343482,12.801112,15.590066,18.171448,23.172716,32.673473,41.447803,61.990738
1984-11-23,4.352971,Validation,0.574346,1.945066,2.767022,6.255005,9.851265,12.118666,14.383441,18.503708,26.338366,33.594357,49.309940
1984-11-24,4.185549,Validation,0.246925,1.315015,1.999804,4.758659,7.685712,9.544416,11.666405,15.246370,22.457462,29.102724,42.779724
1984-11-25,3.739091,Validation,-0.039138,0.830263,1.410302,3.552264,5.838883,7.408178,9.196053,12.429669,19.090359,25.411209,38.008152
1984-11-26,3.627476,Validation,-0.255446,0.402439,0.789566,2.264919,4.004940,5.199757,6.584074,9.158671,14.522601,19.537666,29.409449
1984-11-27,3.515861,Validation,-0.352736,0.202262,0.523565,1.621373,2.975360,3.882634,4.954611,7.113327,11.533645,15.705089,23.612165
1984-11-28,3.348439,Validation,-0.385404,0.124484,0.415560,1.325891,2.488835,3.254410,4.146907,6.080050,9.927060,13.565699,20.243149
1984-11-29,3.404247,Validation,-0.482101,0.155749,0.586773,1.845725,3.285979,4.649923,5.825388,8.932700,14.939788,22.267708,34.641823
1984-11-30,9.319823,Validation,-0.460213,0.465187,1.238135,3.489427,5.924887,8.767446,10.870587,16.868080,29.330259,43.066460,68.424896
1984-12-01,14.788940,Validation,-0.411321,0.532076,1.339872,3.452277,5.666124,8.189965,10.344319,15.811359,28.219950,40.694191,66.717339
1984-12-02,9.487245,Validation,-0.320925,0.704008,1.493977,3.783581,6.203090,8.648312,10.748786,15.887647,27.363558,39.430649,64.127548
1984-12-03,11.886960,Validation,-0.227819,0.896249,1.758188,4.294395,7.021249,9.607037,12.009207,17.477043,29.940582,42.429688,69.742592
1984-12-04,13.393757,Validation,-0.235400,0.722667,1.312983,3.281531,5.541806,7.506293,9.199193,13.399075,21.904602,30.342014,48.769756
1984-12-05,9.543052,Validation,-0.381521,0.538998,1.175526,3.085815,5.191617,7.339805,8.916137,13.591331,22.704098,33.393394,52.574596
1984-12-06,25.169102,Validation,-0.091362,1.536708,2.935868,6.851460,10.895254,15.453380,18.446867,27.813948,45.444611,61.780281,92.053848
1984-12-07,21.206783,Validation,-0.192157,0.987357,1.910323,4.243347,6.955393,9.711602,12.032671,18.055391,30.202959,41.683300,66.346870
1984-12-08,14.509904,Validation,-0.185719,0.847114,1.507145,3.626800,6.007045,7.957325,9.739436,14.141584,23.087439,31.767860,50.885483
1984-12-09,11.217272,Validation,-0.089394,0.920005,1.494750,3.627551,6.071150,7.891361,9.522363,13.491558,21.156647,28.373287,44.106762
1984-12-10,9.710474,Validation,0.041839,1.065749,1.642190,3.934861,6.535058,8.257445,9.954871,13.646454,20.649391,27.160116,40.689659
1984-12-11,8.761750,Validation,0.253279,1.356741,1.995745,4.625115,7.589315,9.360840,11.299408,15.048098,22.006756,28.392565,41.223492
1984-12-12,13.170528,Validation,0.198062,2.428313,3.883678,8.634394,13.489004,17.441120,20.423536,28.581820,40.801563,55.213799,78.103462
1984-12-13,20.537095,Validation,0.871265,3.510970,5.342936,10.995434,17.454535,22.236923,26.513987,35.319435,53.495342,68.655128,106.438118
1984-12-14,14.007638,Validation,0.897569,3.192979,4.486023,9.237059,14.462444,17.876888,20.682102,27.104118,39.151012,50.483543,77.431000
1984-12-15,14.230867,Validation,1.547473,4.118916,5.706992,11.242705,16.683720,19.915874,22.813269,29.300621,40.670738,52.235645,77.385155
1984-12-16,17.077041,Validation,1.676113,4.081027,5.417347,10.763579,16.135473,19.309689,21.964577,27.850241,37.619091,47.165108,68.047897
1984-12-17,15.793472,Validation,1.807159,4.152219,5.575305,10.861304,16.012564,19.026602,21.731939,27.293007,36.433414,45.446220,63.906219
1984-12-18,14.230867,Validation,1.480954,3.472342,4.738595,9.424769,14.056739,16.747580,19.390644,24.505276,33.017059,41.171665,57.314953
1984-12-19,12.556648,Validation,0.983187,2.566741,3.561336,7.234682,11.135324,13.405072,15.739616,20.047596,27.458813,34.144249,46.989700
1984-12-20,11.049850,Validation,0.799869,2.198832,3.107059,6.365402,9.929537,11.979597,14.232161,18.214357,25.205011,31.345242,42.794018
1984-12-21,10.603391,Validation,0.599501,1.782605,2.534996,5.521149,8.852380,10.709399,12.969869,16.763968,23.624453,29.550476,40.700089
1984-12-22,10.268547,Validation,0.447510,1.514963,2.187653,4.812403,7.788414,9.465869,11.502745,14.972821,21.328787,26.701838,36.613449
1984-12-23,9.598859,Validation,0.610079,1.765044,2.521468,5.314061,8.463227,10.236951,12.351434,15.886557,22.232302,27.551310,37.021935
1984-12-24,8.984979,Validation,0.306609,1.259874,1.881686,4.126054,6.739430,8.228479,10.095366,13.261789,19.188276,24.038912,32.677986
1984-12-25,8.817557,Validation,-0.054254,0.624372,1.085386,2.416956,4.138609,5.143347,6.462210,8.839751,13.520433,17.141779,23.326607
1984-12-26,8.315291,Validation,-0.049258,0.650405,1.139273,2.605710,4.353283,5.402471,6.793495,9.338954,14.390146,18.301872,25.330324
1984-12-27,8.482713,Validation,-0.082255,0.609776,1.102811,2.550077,4.248026,5.312953,6.699124,9.281557,14.454818,18.553263,25.885170
1984-12-28,7.868832,Validation,-0.041948,0.661949,1.126618,2.662302,4.496779,5.627631,7.053470,9.690040,14.835318,18.999428,26.282797
1984-12-29,7.813025,Validation,0.047440,0.783836,1.262115,2.935031,4.934364,6.113553,7.648189,10.338195,15.500546,19.652769,26.794756
1984-12-30,7.254952,Validation,0.215379,1.053420,1.665594,3.464535,5.689136,6.985341,8.705297,11.503805,16.831949,21.043604,27.833324
1984-12-31,6.920108,Validation,-0.118039,0.487303,0.899332,1.948375,3.337500,4.178298,5.243172,7.342995,11.347301,14.366148,19.279030
1985-01-01,6.864301,Training,-0.110397,0.498168,0.920783,1.968158,3.362177,4.205837,5.284914,7.396366,11.436540,14.471608,19.368330
1985-01-02,6.808493,Training,-0.034940,0.590706,1.064276,2.170644,3.698177,4.600519,5.779676,8.017327,12.202464,15.427496,20.510689
1985-01-03,6.696879,Training,-0.090389,0.523618,0.968297,2.020828,3.430294,4.288777,5.386631,7.550679,11.642648,14.727677,19.606277
1985-01-04,17.188655,Training,-0.243628,1.053318,1.941790,4.699167,7.083224,9.849573,12.069092,18.248383,27.656189,36.467636,50.832726
1985-01-05,65.461989,Training,0.240215,2.326122,4.251667,9.288896,13.874890,18.843466,23.057814,32.916771,54.557598,70.306641,98.767136
1985-01-06,31.810174,Training,0.532192,2.823632,4.600767,9.343987,14.070553,18.035345,21.992678,29.749870,47.325710,60.380741,89.657188
1985-01-07,24.555222,Training,1.056022,3.155177,4.605855,8.619880,13.442753,16.500069,19.186197,25.581240,36.434444,46.719433,69.455986
1985-01-08,19.420948,Training,1.570263,3.503718,4.945257,8.973436,13.777349,16.599051,19.243807,25.048920,33.853233,43.273346,63.535107
1985-01-09,16.574775,Training,1.798242,3.615682,5.089082,9.095127,13.818930,16.521111,19.338877,24.773468,32.808083,41.614128,59.751369
1985-01-10,15.012170,Training,1.629095,3.365667,4.791760,8.619907,13.152726,15.719513,18.364485,23.670467,31.405979,39.449917,55.206776
1985-01-11,13.672794,Training,1.614007,3.198905,4.564272,8.200063,12.517797,14.940936,17.608891,22.554621,29.726261,37.182007,51.090469
1985-01-12,12.891491,Training,1.541671,3.065181,4.388069,7.892099,12.060124,14.380607,16.961493,21.700153,28.582783,35.339157,47.408958
1985-01-13,12.612455,Training,1.639172,3.295654,4.896157,8.650975,12.787341,15.210285,18.024982,23.072727,30.668873,38.137180,51.291973
1985-01-14,12.389226,Training,1.516685,3.009927,4.352223,7.871268,12.011045,14.407062,17.046696,21.830351,28.830917,35.648403,47.538898
1985-01-15,11.440501,Training,1.458307,2.713295,3.933280,7.086480,10.897228,13.102883,15.806903,20.041973,26.441076,33.014004,44.322563
1985-01-16,11.049850,Training,0.871436,2.532777,4.099516,7.527202,11.234957,13.955394,16.768751,22.253664,31.596865,41.087791,55.018734
1985-01-17,20.258058,Training,0.376459,2.887763,4.827785,10.783027,15.892249,21.053364,24.931339,35.030170,53.215450,68.118523,90.831192
1985-01-18,24.108763,Training,0.876854,3.665038,5.675917,11.355705,17.339180,22.105610,26.531612,35.279243,54.088379,67.644188,97.821968
1985-01-19,21.820663,Training,1.105033,4.451185,6.759092,13.383018,19.369949,24.234962,27.855469,36.409004,54.127171,70.456375,95.817268
1985-01-20,31.754366,Training,2.049250,7.956900,12.737553,25.255207,35.623028,43.877121,50.322323,65.676109,92.659851,113.620697,143.804291
1985-01-21,67.247824,Training,3.798663,11.748882,18.743500,34.073273,48.126343,57.871456,64.713799,81.160904,115.997940,144.249847,182.060257
1985-01-22,79.358013,Training,4.710011,14.208034,21.377544,37.079704,51.827579,60.530708,66.452232,81.275772,112.922768,141.498795,180.084259
1985-01-23,44.757473,Training,5.207431,14.390309,21.146023,34.723858,47.237377,54.615311,60.648525,73.211182,101.847038,126.741676,170.172928
1985-01-24,27.792047,Training,4.319390,10.837973,14.488495,24.059311,33.956226,39.383472,42.911411,52.702370,69.776390,85.341583,119.383751
1985-01-25,31.475330,Training,3.343503,10.113625,14.314585,24.751474,34.722134,41.316536,45.070580,55.924427,75.133156,97.402115,126.985313
1985-01-26,100.118337,Training,5.192626,12.968195,17.509174,29.167437,40.587570,47.568909,51.923653,63.493385,84.491547,103.681885,145.613632
1985-01-27,56.421203,Training,5.295615,11.873871,15.512929,25.000288,34.131897,39.203156,42.059708,50.986435,64.563652,79.203262,109.341362
1985-01-28,32.647284,Training,6.359149,12.935333,16.198271,26.447994,35.306469,40.283825,42.746262,51.480362,63.499622,76.598366,104.537788
1985-01-29,28.294313,Training,6.232098,11.926786,15.007821,24.549995,32.448151,36.955704,39.602997,47.102043,57.463051,68.470238,90.968460
1985-01-30,26.564286,Training,5.861055,10.914807,13.680680,22.483761,29.770447,34.085194,36.757294,43.267189,52.453907,61.826920,80.299805
1985-01-31,25.224910,Training,5.739341,10.429109,13.018854,21.572308,28.592480,32.863678,35.617817,41.725391,50.444702,59.129486,76.084511
1985-02-01,23.718112,Training,5.058594,9.159453,11.488886,19.414474,26.048639,30.108418,32.848461,38.678501,46.956398,55.042385,70.298767
1985-02-02,22.825195,Training,4.765122,8.562049,10.730273,18.330172,24.724037,28.708118,31.426636,37.020378,44.994141,52.636753,66.856468
1985-02-03,21.764856,Training,4.658091,8.351123,10.447256,17.847380,24.067122,28.037512,30.712154,36.079811,43.918056,51.155411,64.678642
1985-02-04,21.206783,Training,3.874116,7.312285,10.086497,17.321020,22.813749,26.842335,30.005552,36.195045,45.780949,55.645554,71.358292
1985-02-05,20.369673,Training,2.837417,5.790015,7.953560,14.464156,19.855341,23.730808,26.768883,33.159290,43.096363,53.300762,70.703957
1985-02-06,20.369673,Training,2.411917,5.989359,8.916613,16.038069,21.952490,27.046705,30.338224,38.162884,51.050312,68.472382,90.063881
1985-02-07,47.771068,Training,2.779335,10.910994,16.216282,29.763603,40.494278,47.504574,53.539696,65.928871,86.269363,116.076721,144.428604
1985-02-08,110.498499,Training,4.971408,16.290136,25.275274,43.510872,59.890114,69.953728,78.232468,94.024048,125.470490,161.809860,203.352219
1985-02-09,100.062529,Training,7.499091,20.539267,30.537195,48.742290,65.994522,75.465408,83.085564,97.462852,132.633682,174.024246,225.817688
1985-02-10,79.246398,Training,6.985973,19.087877,27.592762,43.746037,59.686687,68.227875,74.802025,87.873962,117.149055,157.250443,204.778580
1985-02-11,73.163400,Training,7.206122,18.496836,27.310846,43.090294,58.094872,67.170456,74.546738,88.012642,119.021317,159.759521,211.954468
1985-02-12,69.089465,Training,8.309848,19.895697,28.511921,43.773304,57.658432,66.173508,72.975121,85.676987,114.116196,151.789612,205.977295
1985-02-13,60.495138,Training,6.017315,14.627198,20.926994,33.455082,44.722260,52.169712,57.405262,68.771164,92.271324,122.056396,167.213074
1985-02-14,81.980957,Training,6.517041,14.959608,21.137081,33.533272,44.306919,51.491352,56.772476,68.000557,90.205147,117.575508,163.475540
1985-02-15,71.321758,Training,5.646306,17.567453,24.340084,39.280472,53.206665,61.381329,66.272476,78.560005,98.880409,132.577408,168.811279
1985-02-16,120.041551,Training,8.902589,24.800665,36.143581,55.823326,74.457130,85.134499,91.861244,106.960213,139.751160,184.436234,236.727859
1985-02-17,98.388310,Training,10.445042,26.731165,37.717007,56.110703,73.019913,82.396049,88.767418,101.892632,134.848465,177.298584,234.927017
1985-02-18,73.219207,Training,11.578877,27.661291,37.983135,54.747738,69.459496,78.026802,84.215309,96.455276,125.894516,163.054428,224.271164
1985-02-19,56.923469,Training,11.545547,25.347654,32.236443,46.890003,59.673031,67.066437,70.761665,82.114044,102.745262,128.010452,181.176376
1985-02-20,46.041041,Training,10.762617,22.101955,27.560532,40.651394,51.044209,57.422176,60.031845,69.922127,86.088577,105.173767,147.328842
1985-02-21,39.399970,Training,10.168591,20.135242,25.357819,37.578163,46.623165,52.610401,55.270721,64.169304,78.647552,95.217155,130.777618
1985-02-22,33.372779,Training,9.298676,17.648224,21.305126,32.650455,41.363152,47.037647,49.227055,56.647610,67.843307,80.363907,108.180580
1985-02-23,31.475330,Training,8.232437,14.907755,18.003016,28.455540,36.416370,41.503010,43.910118,50.449059,59.976028,70.725136,93.239288
1985-02-24,30.414991,Training,7.474231,13.301884,16.069361,25.656260,32.956169,37.739368,40.188026,45.904175,54.428543,63.698246,82.170212
1985-02-25,29.354652,Training,6.293117,11.571604,15.472486,24.711784,31.004436,36.054756,39.160236,45.706448,56.232601,68.733780,88.310860
1985-02-26,29.522074,Training,4.854408,9.991762,13.875691,23.009270,29.448410,35.072289,38.476978,46.160919,59.361416,75.498459,100.597740
1985-02-27,28.852386,Training,3.495862,10.510986,14.873919,25.118147,34.253716,41.611748,45.211422,54.889229,70.726181,97.849205,126.795097
1985-02-28,31.865981,Training,4.968868,16.108130,23.295542,38.670959,53.154812,62.465401,68.663498,81.699478,106.890312,146.637695,187.354431
1985-03-01,63.229696,Training,6.813960,17.333063,23.127649,36.488556,49.791157,57.977135,63.195045,74.551231,96.761856,123.887924,175.156204
1985-03-02,34.544733,Training,6.398354,14.324269,17.967049,29.005201,38.546906,44.457279,47.061417,55.907509,70.116310,88.148987,124.811302
1985-03-03,29.410459,Training,6.317657,13.193175,17.019930,27.090164,34.724709,39.944950,42.476635,50.261349,62.736240,78.115250,107.191338
1985-03-04,29.410459,Training,5.188877,10.876150,14.860659,23.756002,30.213228,35.324852,38.265163,45.292469,57.519257,72.460442,96.882339
1985-03-05,28.294313,Training,4.846773,9.927252,12.828329,21.195042,27.939880,32.793026,35.373486,42.022964,52.544094,64.716316,86.670479
1985-03-06,26.452671,Training,4.128229,8.259301,10.498995,17.884239,24.034418,28.132519,30.417973,36.127682,44.786823,54.500679,71.558495
1985-03-07,25.224910,Training,3.611110,7.104781,8.986334,15.667556,21.323221,24.943773,27.049934,32.324886,39.958897,48.300888,62.567608
1985-03-08,24.666837,Training,2.874773,5.677827,7.220966,12.942815,18.010662,21.149511,23.145550,27.864347,34.716969,41.820671,53.615955
1985-03-09,23.885534,Training,2.335223,4.677949,5.993738,10.953770,15.509382,18.278238,20.178427,24.429144,30.783285,36.950439,47.083199
1985-03-10,22.825195,Training,2.284789,4.485552,5.759136,10.592977,15.055072,17.737459,19.642044,23.730890,29.739994,35.693760,45.146122
1985-03-11,22.043892,Training,2.193861,4.295666,5.509866,10.159778,14.474913,17.051737,18.906225,22.806606,28.598898,34.231846,43.054848
1985-03-12,21.374205,Training,1.991932,3.967968,5.085764,9.394394,13.447842,15.869524,17.624151,21.286642,26.926659,32.065346,40.202213
1985-03-13,20.648709,Training,1.935579,3.872591,4.984880,9.106693,13.003599,15.367444,17.131262,20.606155,26.168707,31.042870,38.607418
1985-03-14,19.923214,Training,1.933845,3.841842,4.947032,8.992118,12.818604,15.160188,16.924540,20.306164,25.767996,30.520899,37.683399
1985-03-15,19.699985,Training,2.014393,3.938072,5.006227,9.177245,13.075952,15.451974,17.155550,20.587698,25.965078,30.732752,37.820244
1985-03-16,19.086104,Training,1.845877,3.641954,4.643710,8.577393,12.317779,14.562354,16.221088,19.546047,24.782513,29.342896,36.064350
1985-03-17,18.416416,Training,1.750078,3.470175,4.448267,8.198014,11.839150,14.014142,15.677590,18.908602,24.067087,28.496172,34.861469
1985-03-18,17.914151,Training,1.279664,2.732133,3.610893,6.892043,9.997989,11.827905,13.378337,16.499071,21.615095,25.879036,32.388142
1985-03-19,18.416416,Training,0.526816,1.614048,2.351642,4.714791,6.878312,8.434394,9.862980,12.534993,17.954231,22.065367,28.607010
1985-03-20,21.150975,Training,0.514399,1.664322,2.427866,4.986655,7.261849,8.936616,10.423956,13.370444,19.317240,23.959038,31.970278
1985-03-21,23.718112,Training,0.568079,1.813010,2.699530,5.570757,7.993880,9.847987,11.513407,14.699256,21.223553,26.946169,36.315575
1985-03-22,21.262590,Training,0.621667,1.915872,2.757569,5.678478,8.225338,10.099365,11.692082,14.975816,21.370287,26.958956,36.489555
1985-03-23,19.476756,Training,0.514948,1.682125,2.302034,4.745974,7.117687,8.769670,10.062575,12.921885,18.297831,22.537102,29.860510
1985-03-24,18.193187,Training,0.613353,1.845511,2.600690,5.222212,7.579381,9.208425,10.636747,13.539648,19.219812,23.617868,31.369074
1985-03-25,17.746729,Training,0.613284,1.806995,2.441213,4.957461,7.381238,8.985466,10.248616,13.099765,18.227510,22.267267,29.198370
1985-03-26,16.742197,Training,0.623590,1.794427,2.397375,4.836744,7.240051,8.775433,9.995068,12.699307,17.552803,21.253775,27.564478
1985-03-27,15.849280,Training,0.670222,1.843075,2.441589,4.852659,7.259514,8.761898,9.955562,12.591161,17.245651,20.716320,26.596195
1985-03-28,15.123784,Training,0.683797,1.843822,2.434636,4.806390,7.191712,8.655687,9.822655,12.390166,16.898573,20.211849,25.765013
1985-03-29,14.509904,Training,0.683830,1.823415,2.405378,4.734904,7.094999,8.526753,9.675645,12.192437,16.593403,19.795073,25.116341
1985-03-30,14.119253,Training,0.693815,1.822062,2.482828,4.890579,7.203220,8.593386,9.847201,12.429189,17.066521,20.451530,26.181513
1985-03-31,14.454097,Training,0.655751,1.727254,2.346421,4.688643,6.986102,8.377102,9.585575,12.114888,16.487967,19.856766,25.220026
1985-04-01,14.063445,Training,0.655120,1.724782,2.318213,4.626997,6.934857,8.317484,9.490674,11.976436,16.242016,19.520517,24.695280
1985-04-02,13.114721,Training,0.665088,1.719276,2.299233,4.576702,6.875162,8.251281,9.401546,11.820925,15.920008,19.086504,23.967831
1985-04-03,12.500840,Training,0.674075,1.723688,2.299181,4.560268,6.840057,8.194363,9.325499,11.698138,15.712193,18.798994,23.505840
1985-04-04,14.342482,Training,0.625321,1.904864,2.800448,5.419647,8.000709,9.900259,11.568617,14.595688,20.048880,25.675009,32.216797
1985-04-05,17.858343,Training,0.561625,2.079797,3.221299,6.555527,9.359407,11.810131,13.806573,17.684898,26.113605,34.748341,46.586071
1985-04-06,22.322929,Training,0.654074,2.432244,3.755177,7.665998,10.781578,13.569494,15.772226,20.166407,30.006496,40.403297,56.147388
1985-04-07,22.881002,Training,0.682304,2.765222,4.276852,8.491363,12.117785,15.482408,17.886028,22.769617,32.450371,45.048504,60.366116
1985-04-08,24.834259,Training,0.936531,3.378930,5.105200,10.047757,14.098954,17.640694,20.350973,25.793842,38.080090,51.967361,72.793526
1985-04-09,21.653241,Training,1.061365,3.685540,5.450809,10.370474,14.571437,18.072439,20.584152,25.822742,37.175594,50.976475,69.841385
1985-04-10,21.653241,Training,1.210457,3.780578,5.135689,9.775764,13.973862,16.861391,18.911415,24.014557,33.905178,44.349701,63.084461
1985-04-11,19.141912,Training,1.338405,3.666553,4.674260,8.973751,12.944831,15.363579,16.791477,21.232086,28.697996,36.532494,50.518200
1985-04-12,16.798004,Training,1.365949,3.494428,4.416296,8.445662,12.146495,14.280029,15.566890,19.606855,26.030531,32.502407,43.721416
1985-04-13,15.737665,Training,1.291233,3.191563,4.049341,7.730577,11.152769,13.098106,14.372598,18.033226,23.836668,29.326534,38.582409
1985-04-14,15.067977,Training,1.227953,2.960616,3.772745,7.179035,10.395206,12.207360,13.482215,16.824594,22.212130,27.000278,34.925991
1985-04-15,14.230867,Training,1.161226,2.716614,3.506514,6.699984,9.743663,11.450618,12.749911,15.828228,20.773186,25.169174,32.073948
1985-04-16,13.616987,Training,1.124956,2.565368,3.343614,6.389634,9.290915,10.940571,12.258462,15.108372,19.763546,23.857206,29.986183
1985-04-17,13.003106,Training,1.146980,2.550438,3.326965,6.324250,9.183778,10.805331,12.110657,14.864663,19.330980,23.256157,28.942934
1985-04-18,12.779877,Training,1.095238,2.449424,3.189672,6.052818,8.824615,10.359454,11.594437,14.253110,18.536547,22.247187,27.587875
1985-04-19,12.779877,Training,1.142227,2.526427,3.406937,6.394209,9.094758,10.580242,11.952428,14.683408,19.316929,23.297197,29.107676
1985-04-20,13.114721,Training,0.980584,2.750047,4.019541,7.407712,10.627444,12.999659,14.911624,18.579744,24.329954,32.022984,39.551605
1985-04-21,28.908193,Training,0.829589,2.707350,4.110926,8.077748,11.294803,14.020711,16.157936,20.503218,29.759546,40.051353,53.663815
1985-04-22,21.597434,Training,0.984016,2.921120,4.146806,8.042365,11.404757,13.822959,15.758976,20.018280,28.473356,37.144020,51.088047
1985-04-23,18.193187,Training,0.908982,3.831544,5.676611,10.309006,14.418073,18.058752,20.401894,25.738831,33.476128,46.127289,58.507366
1985-04-24,78.799939,Training,1.113517,4.212284,6.505329,12.422029,17.722181,22.177071,25.596146,32.437550,47.292122,65.251984,87.267990
1985-04-25,34.991191,Training,1.293572,4.290640,6.314264,11.975336,16.844088,20.430464,23.509542,29.584715,42.902287,58.180016,81.866013
1985-04-26,22.657773,Training,1.579501,4.493879,6.043385,11.322199,16.171204,19.142086,21.373116,26.987701,37.113518,49.243130,69.558800
1985-04-27,18.974490,Training,1.635128,4.353842,6.047170,11.087909,15.281920,18.030891,20.150995,25.117031,34.337860,45.478977,62.178493
1985-04-28,21.095168,Training,1.404920,3.921370,5.528745,10.280633,14.213567,16.944256,19.111742,23.954329,33.309788,44.173145,60.358555
1985-04-29,17.244463,Training,1.293903,3.504234,4.594362,8.830312,12.761530,15.185080,16.869123,21.366005,29.028404,37.448460,51.369026
1985-04-30,15.402821,Training,1.367692,3.363801,4.376426,8.363940,12.044488,14.230811,15.829732,19.766050,26.283680,33.210106,44.130821
1985-05-01,14.063445,Training,1.490498,3.504255,4.848170,8.957799,12.394201,14.523578,16.424538,20.301270,27.130632,34.425995,45.127186
1985-05-02,13.840216,Training,1.343444,3.352333,4.823584,8.926350,12.297509,14.633626,16.684763,20.696793,28.184126,36.698498,48.098274
1985-05-03,14.286675,Training,0.987059,3.107965,4.672177,8.787268,12.431839,15.341157,17.639549,22.159328,30.536711,41.932465,54.519073
1985-05-04,13.672794,Training,1.023113,2.989606,4.065832,8.044976,11.775704,14.263854,16.149994,20.581095,28.638777,37.340393,51.707241
1985-05-05,12.779877,Training,1.243986,3.233541,4.440890,8.394290,11.826175,13.929835,15.719485,19.713842,26.850533,34.514362,46.542320
1985-05-06,14.956362,Training,1.200881,3.575142,5.244116,9.375108,13.177394,16.116041,18.250723,22.832317,30.667820,41.654762,53.644630
1985-05-07,27.233973,Training,1.326774,3.637052,4.880778,9.338405,13.530942,16.325089,18.315374,23.294941,32.067200,41.756245,57.774906
1985-05-08,18.583838,Training,1.603421,3.847423,5.016117,9.478372,13.662458,16.174198,17.975220,22.538296,29.829823,38.168533,51.179184
1985-05-09,14.844748,Training,1.584781,3.604020,4.662592,8.780272,12.647388,14.887339,16.524626,20.672768,26.847622,33.685760,44.024612
1985-05-10,13.616987,Training,1.393588,3.180010,4.107923,7.795813,11.330053,13.326611,14.869694,18.601423,24.309458,30.060808,38.792240
1985-05-11,13.003106,Training,1.393800,3.089878,4.004355,7.580589,11.061658,12.977442,14.550666,18.119530,23.595219,28.992247,36.913708
1985-05-12,12.333418,Training,0.866342,2.162418,2.834091,5.552471,8.291411,9.773766,11.102382,14.000826,18.780302,22.863472,29.219025
1985-05-13,11.607923,Training,0.589841,1.661710,2.229895,4.440085,6.711124,7.927383,9.107751,11.615701,15.967323,19.323910,24.731049
1985-05-14,11.161464,Training,0.455707,1.416472,1.932634,3.884211,5.928597,7.023176,8.114149,10.432075,14.536242,17.548637,22.456808
1985-05-15,11.328886,Training,0.508309,1.565976,2.270005,4.499227,6.605418,7.848282,9.222703,11.736731,16.716064,20.618591,26.724066
1985-05-16,11.440501,Training,0.358266,1.301379,1.815084,3.759028,5.771703,6.929197,8.054794,10.473241,14.860911,18.303490,23.805613
1985-05-17,10.715006,Training,0.250923,1.089447,1.549520,3.259784,5.076630,6.095987,7.142199,9.316577,13.323796,16.365643,21.201828
1985-05-18,9.933703,Training,0.323266,1.179726,1.659062,3.450107,5.335118,6.353594,7.455759,9.611590,13.559107,16.579258,21.321810
1985-05-19,9.598859,Training,0.428235,1.354816,1.930149,3.955562,5.996393,7.071157,8.327671,10.659782,15.004766,18.353416,23.801146
1985-05-20,9.040786,Training,0.447224,1.383592,1.894738,3.904933,6.057998,7.189075,8.376327,10.736444,14.879464,18.199789,23.387218
1985-05-21,9.040786,Training,0.390644,1.287452,1.762528,3.644885,5.703531,6.756551,7.883224,10.142462,14.126773,17.250893,22.135580
1985-05-22,8.705942,Training,0.200732,0.962804,1.364718,2.867440,4.556472,5.430338,6.365514,8.370751,11.947618,14.546348,18.720230
1985-05-23,8.426906,Training,0.244071,1.030996,1.448496,3.043796,4.824401,5.723663,6.715194,8.779235,12.438079,15.174851,19.527615
1985-05-24,8.036254,Training,0.244526,1.039432,1.485363,3.128096,4.941326,5.834524,6.889526,9.019585,12.849186,15.783674,20.439825
1985-05-25,7.813025,Training,-0.013975,0.630366,1.064800,2.365526,3.700893,4.512853,5.455424,7.379970,11.261662,14.099038,18.721373
1985-05-26,12.891491,Training,-0.150486,0.654949,1.217910,2.800115,4.475737,5.804499,7.176660,9.885190,15.061178,20.555941,27.854574
1985-05-27,10.715006,Training,-0.176381,0.615388,1.171352,2.915123,4.607155,5.868730,7.251724,10.156846,16.665174,22.548273,33.306942
1985-05-28,8.594328,Training,-0.112113,0.642125,1.073567,2.611303,4.276374,5.352389,6.469820,8.925103,13.889157,18.440800,26.291395
1985-05-29,8.092062,Training,-0.012191,0.839507,1.421918,3.240593,5.032964,6.251208,7.597806,10.174574,15.788589,21.144075,29.609192
1985-05-30,9.877896,Training,-0.077886,0.820427,1.456998,3.433524,5.373773,6.819294,8.371240,11.313951,17.999048,24.946394,35.656189
1985-05-31,8.817557,Training,-0.092172,0.773823,1.287454,3.145845,5.101274,6.403878,7.777826,10.676457,16.759912,22.701099,33.422817
1985-06-01,7.813025,Training,-0.004648,0.971184,1.632156,3.736977,5.846395,7.315428,8.865036,11.837951,18.312790,25.377317,36.123329
1985-06-02,8.761750,Training,0.041962,1.134032,1.869060,4.277282,6.595255,8.237141,9.965315,13.329815,20.816294,28.630409,42.197243
1985-06-03,7.980447,Training,-0.075944,0.814888,1.326175,3.201115,5.171011,6.444272,7.757911,10.641921,16.554611,22.344025,32.944080
1985-06-04,7.254952,Training,-0.005735,0.882871,1.393763,3.259372,5.193759,6.359787,7.616751,10.284222,15.681583,20.708109,29.927752
1985-06-05,7.645603,Training,0.027768,0.908410,1.396393,3.235204,5.180136,6.313706,7.530567,10.113114,15.204970,19.859894,28.323751
1985-06-06,6.752686,Training,0.046695,0.910732,1.406314,3.239355,5.181955,6.294024,7.529238,10.048260,15.053720,19.504578,27.645054
1985-06-07,6.138805,Training,0.013798,0.809701,1.234805,2.880399,4.723854,5.751918,6.863841,9.187187,13.669149,17.543402,24.491474
1985-06-08,5.524925,Training,0.009618,0.762280,1.152242,2.684024,4.460077,5.420687,6.462575,8.604932,12.701285,16.122007,22.170393
1985-06-09,5.245888,Training,0.017117,0.743766,1.123500,2.604261,4.346020,5.257629,6.276175,8.307880,12.200462,15.375429,20.932304
1985-06-10,5.357503,Training,0.024977,0.734245,1.107367,2.561607,4.288109,5.170444,6.185428,8.132275,11.922579,14.972537,20.249123
1985-06-11,4.799430,Training,0.063524,0.786375,1.166410,2.669747,4.450405,5.343694,6.373456,8.326804,12.077250,15.121373,20.307827
1985-06-12,4.520393,Training,0.112574,0.861540,1.251790,2.835730,4.696633,5.616835,6.672975,8.678269,12.415588,15.533792,20.706301
1985-06-13,4.632008,Training,0.053985,0.762970,1.131100,2.598204,4.348680,5.215012,6.220649,8.177084,11.781878,14.809481,19.743876
1985-06-14,4.855237,Training,-0.138984,0.431919,0.753271,1.842402,3.120512,3.777826,4.570650,6.270649,9.486354,11.994744,16.274467
1985-06-15,4.632008,Training,-0.177244,0.367750,0.673410,1.684501,2.874818,3.500318,4.239627,5.882758,8.983139,11.418365,15.540756
1985-06-16,4.297164,Training,-0.146603,0.422561,0.730921,1.820056,3.103346,3.769562,4.562914,6.252312,9.436704,12.030026,16.305841
1985-06-17,4.408778,Training,-0.194279,0.333528,0.601732,1.529598,2.673392,3.271012,3.942503,5.478638,8.296938,10.595297,14.279017
1985-06-18,4.185549,Training,-0.246401,0.237378,0.482677,1.257155,2.226666,2.740172,3.295101,4.694469,7.209820,9.229758,12.494624
1985-06-19,4.129742,Training,-0.231464,0.265648,0.512013,1.322016,2.338917,2.864289,3.446774,4.886700,7.441935,9.526601,12.882292
1985-06-20,3.794898,Training,-0.286063,0.167372,0.390839,1.052215,1.897972,2.343349,2.820803,4.106509,6.369482,8.225378,11.253506
1985-06-21,3.683283,Training,-0.325753,0.096447,0.310068,0.871272,1.586473,1.972073,2.374292,3.557055,5.624560,7.324234,10.204518
1985-06-22,3.571669,Training,-0.321180,0.103488,0.309186,0.856705,1.567689,1.954065,2.338165,3.499459,5.490698,7.151875,9.926057
1985-06-23,3.236825,Training,-0.335223,0.077861,0.275334,0.778639,1.440997,1.798690,2.155595,3.252052,5.135229,6.728200,9.418129
1985-06-24,3.292632,Training,-0.341631,0.064514,0.256038,0.735033,1.372370,1.711813,2.055457,3.109427,4.927709,6.474568,9.109701
1985-06-25,3.181017,Training,-0.353438,0.039186,0.219639,0.642943,1.221014,1.525112,1.831847,2.796182,4.473290,5.921286,8.431579
1985-06-26,2.622944,Training,-0.359565,0.027035,0.202240,0.598795,1.146980,1.433009,1.722693,2.643704,4.241447,5.644551,8.104081
1985-06-27,2.455522,Training,-0.366624,0.013975,0.183161,0.550353,1.068107,1.332501,1.607148,2.478891,3.990820,5.354906,7.776350
1985-06-28,3.013595,Training,-0.373189,0.004318,0.170071,0.517939,1.016875,1.266403,1.533613,2.376584,3.826669,5.176203,7.600116
1985-06-29,2.846173,Training,-0.376611,-0.000675,0.163963,0.505051,0.997731,1.242954,1.507664,2.338147,3.774229,5.116513,7.542142
1985-06-30,2.622944,Training,-0.379327,-0.005107,0.158272,0.492467,0.979123,1.219991,1.482072,2.298324,3.723599,5.055558,7.477797
1985-07-01,2.288100,Validation,-0.381912,-0.007635,0.157349,0.494856,0.983745,1.225741,1.490640,2.315346,3.746810,5.088189,7.539013
1985-07-02,2.399715,Validation,-0.411456,-0.042457,0.145839,0.526640,1.014302,1.271510,1.580516,2.476302,4.121137,5.606517,8.537190
1985-07-03,2.511330,Validation,-0.398646,-0.029525,0.134417,0.448905,0.907996,1.134560,1.395391,2.185228,3.564233,4.924143,7.469527
1985-07-04,2.288100,Validation,-0.399222,-0.034690,0.122605,0.410000,0.847952,1.054965,1.304509,2.037004,3.329177,4.631698,7.102805
1985-07-05,2.064871,Validation,-0.391370,-0.032154,0.117384,0.382165,0.801245,0.991572,1.220710,1.907461,3.125617,4.345161,6.690304
1985-07-06,1.841642,Validation,-0.388736,-0.031534,0.115378,0.366952,0.774613,0.955431,1.176444,1.836018,3.026156,4.212602,6.521227
1985-07-07,1.730027,Validation,-0.389389,-0.033474,0.112637,0.358254,0.759950,0.936555,1.154453,1.802083,2.975109,4.147299,6.446633
1985-07-08,1.730027,Validation,-0.401415,-0.050081,0.100105,0.350577,0.747802,0.919665,1.146736,1.801937,2.974159,4.168808,6.554885
1985-07-09,1.450990,Validation,-0.399042,-0.046632,0.099511,0.338709,0.730217,0.899811,1.118481,1.754567,2.882882,4.053700,6.391724
1985-07-10,1.618412,Validation,-0.399055,-0.048998,0.094709,0.321227,0.701514,0.862021,1.075477,1.685435,2.777816,3.922493,6.241027
1985-07-11,1.450990,Validation,-0.398572,-0.051702,0.089267,0.303265,0.671272,0.821265,1.028235,1.613113,2.657032,3.771729,6.066579
1985-07-12,1.506798,Validation,-0.398624,-0.054531,0.084518,0.288384,0.646128,0.787890,0.989963,1.553908,2.561169,3.652889,5.933569
1985-07-13,1.562605,Validation,-0.403993,-0.063111,0.078265,0.282979,0.636215,0.773460,0.978933,1.540962,2.549859,3.645500,5.969767
1985-07-14,1.618412,Validation,-0.401910,-0.060587,0.078368,0.276785,0.625887,0.762152,0.961549,1.512282,2.493468,3.571282,5.864087
1985-07-15,1.506798,Validation,-0.401318,-0.059948,0.077980,0.273306,0.619783,0.754861,0.951332,1.495247,2.460093,3.526858,5.808388
1985-07-16,1.004532,Validation,-0.400793,-0.061292,0.075468,0.265953,0.606803,0.738244,0.930808,1.463241,2.410190,3.459079,5.723144
1985-07-17,1.171954,Validation,-0.400121,-0.062884,0.072437,0.256058,0.589722,0.716460,0.904542,1.421731,2.346862,3.376189,5.621615
1985-07-18,0.948724,Validation,-0.400611,-0.064176,0.070877,0.253019,0.584403,0.709664,0.895978,1.408784,2.323847,3.345921,5.589184
1985-07-19,1.060339,Validation,-0.404711,-0.070625,0.066603,0.251998,0.582291,0.706526,0.895984,1.410381,2.341324,3.368403,5.641544
1985-07-20,1.227761,Validation,-0.402449,-0.064989,0.070607,0.259287,0.595143,0.725446,0.913268,1.432044,2.366261,3.391979,5.643877
1985-07-21,1.562605,Validation,-0.394534,-0.065416,0.065094,0.222203,0.526243,0.634318,0.806285,1.263636,2.105232,3.057707,5.244232
1985-07-22,1.283568,Validation,-0.387613,-0.060129,0.068448,0.213654,0.507396,0.607656,0.772895,1.207610,2.021841,2.946866,5.107448
1985-07-23,0.837110,Validation,-0.386472,-0.060753,0.067087,0.207509,0.495486,0.592252,0.754378,1.178110,1.974169,2.884666,5.037110
1985-07-24,0.613881,Validation,-0.389057,-0.065039,0.062663,0.202529,0.487410,0.583347,0.744493,1.163831,1.948011,2.850707,5.004602
1985-07-25,0.725495,Validation,-0.397555,-0.074203,0.054983,0.203062,0.491203,0.590079,0.754776,1.184683,1.966653,2.876601,5.058182
1985-07-26,1.116146,Validation,-0.404741,-0.084853,0.048138,0.201788,0.487880,0.585031,0.755324,1.188857,1.989219,2.907863,5.145930
1985-07-27,1.060339,Validation,-0.398565,-0.076292,0.052506,0.197489,0.479727,0.577238,0.738415,1.158227,1.923264,2.818138,5.000692
1985-07-28,1.171954,Validation,-0.418045,-0.105152,0.034374,0.196223,0.474876,0.570549,0.749263,1.182518,2.013267,2.942062,5.298673
1985-07-29,1.283568,Validation,-0.404195,-0.086793,0.044472,0.188942,0.462836,0.557360,0.718693,1.129980,1.892354,2.781049,4.999110
1985-07-30,1.171954,Validation,-0.406045,-0.089494,0.042683,0.187784,0.460217,0.553234,0.715529,1.123341,1.883114,2.768371,4.999900
1985-07-31,0.837110,Validation,-0.397694,-0.080707,0.046528,0.182026,0.448762,0.539706,0.691049,1.082272,1.803879,2.654406,4.812222
1985-08-01,0.781303,Validation,-0.394802,-0.080140,0.045805,0.175376,0.435572,0.523184,0.670385,1.047748,1.753838,2.585462,4.721402
1985-08-02,0.948724,Validation,-0.391346,-0.078205,0.046551,0.171323,0.426148,0.511017,0.653949,1.020533,1.712464,2.527464,4.644845
1985-08-03,0.725495,Validation,-0.392179,-0.080472,0.044011,0.167618,0.419109,0.502334,0.643365,1.004259,1.683506,2.487846,4.601977
1985-08-04,0.781303,Validation,-0.390550,-0.080021,0.043938,0.164096,0.411037,0.492262,0.630777,0.982803,1.651527,2.444437,4.553013
1985-08-05,0.892917,Validation,-0.395861,-0.086765,0.038888,0.163218,0.409617,0.489647,0.630063,0.984313,1.651444,2.443009,4.576188
1985-08-06,0.613881,Validation,-0.393687,-0.083679,0.040593,0.162426,0.406399,0.485912,0.622433,0.970763,1.622659,2.402137,4.521673
1985-08-07,0.837110,Validation,-0.391370,-0.084145,0.039170,0.155220,0.392331,0.469582,0.602892,0.937490,1.577135,2.341849,4.445920
1985-08-08,0.837110,Validation,-0.390978,-0.084959,0.037866,0.152575,0.386544,0.462202,0.592985,0.922019,1.550082,2.303635,4.400779
1985-08-09,0.725495,Validation,-0.391928,-0.087671,0.035529,0.150122,0.381171,0.455368,0.585024,0.910009,1.532699,2.278846,4.378916
1985-08-10,0.725495,Validation,-0.391491,-0.086841,0.035698,0.149204,0.378170,0.452125,0.579217,0.900061,1.512887,2.250293,4.344782
1985-08-11,0.725495,Validation,-0.390867,-0.087938,0.034408,0.145573,0.370466,0.443369,0.568693,0.882077,1.488930,2.217749,4.308692
1985-08-12,0.725495,Validation,-0.389848,-0.088171,0.034058,0.143345,0.364763,0.436716,0.560304,0.867506,1.469557,2.190932,4.280981
1985-08-13,0.558073,Validation,-0.388458,-0.087239,0.034043,0.141148,0.359450,0.430754,0.551200,0.852076,1.442545,2.153398,4.232350
1985-08-14,0.669688,Validation,-0.388676,-0.089209,0.032802,0.139361,0.354464,0.424178,0.544624,0.840473,1.429589,2.135798,4.226797
1985-08-15,0.781303,Validation,-0.389124,-0.089662,0.031283,0.137012,0.349783,0.419002,0.536267,0.827715,1.402113,2.096552,4.174546
1985-08-16,0.892917,Validation,-0.389101,-0.090463,0.030255,0.135195,0.345161,0.412794,0.528515,0.815031,1.380157,2.065309,4.142378
1985-08-17,0.781303,Validation,-0.387221,-0.089765,0.030372,0.132803,0.338996,0.405748,0.519432,0.798510,1.356596,2.033289,4.105952
1985-08-18,0.837110,Validation,-0.386460,-0.090308,0.029592,0.130653,0.333578,0.398882,0.510907,0.784128,1.334256,2.002716,4.074759
1985-08-19,0.837110,Validation,-0.385327,-0.089992,0.029371,0.128943,0.328943,0.393351,0.503216,0.770863,1.312761,1.973132,4.040962
1985-08-20,0.948724,Validation,-0.385176,-0.090583,0.028577,0.127309,0.324754,0.388406,0.496775,0.759843,1.295404,1.948998,4.016645
1985-08-21,1.060339,Validation,-0.385444,-0.091627,0.027361,0.125545,0.320626,0.383473,0.490340,0.749415,1.278452,1.925009,3.991574
1985-08-22,0.948724,Validation,-0.384550,-0.091213,0.027533,0.124677,0.317431,0.379891,0.485373,0.739905,1.264621,1.905895,3.973613
1985-08-23,1.004532,Validation,-0.386393,-0.093912,0.024830,0.122447,0.313340,0.374491,0.478552,0.730949,1.247717,1.880855,3.945916
1985-08-24,1.116146,Validation,-0.388191,-0.097707,0.022016,0.120473,0.309042,0.368679,0.473297,0.722812,1.238656,1.868124,3.946463
1985-08-25,0.837110,Validation,-0.386910,-0.095485,0.023112,0.120385,0.307629,0.366635,0.468493,0.715258,1.221193,1.843160,3.912421
1985-08-26,0.948724,Validation,-0.385687,-0.095478,0.022704,0.118142,0.302363,0.361155,0.461393,0.701821,1.201931,1.817779,3.882561
1985-08-27,1.171954,Validation,-0.378348,-0.085801,0.031692,0.124578,0.308126,0.368688,0.467756,0.702908,1.208804,1.828980,3.909034
1985-08-28,0.613881,Validation,-0.376999,-0.084718,0.032434,0.124576,0.306470,0.366589,0.464019,0.695869,1.197152,1.812974,3.892873
1985-08-29,0.669688,Validation,-0.382715,-0.094354,0.023004,0.115539,0.293515,0.350777,0.446779,0.675113,1.160928,1.762310,3.826576
1985-08-30,1.060339,Validation,-0.384069,-0.096329,0.021236,0.113820,0.290391,0.346803,0.442481,0.668872,1.150765,1.748001,3.815060
1985-08-31,1.004532,Validation,-0.383169,-0.095415,0.022177,0.114082,0.289193,0.345570,0.440666,0.663830,1.144493,1.739540,3.813478
1985-09-01,0.725495,Validation,-0.382097,-0.094349,0.023130,0.114411,0.288280,0.344492,0.438679,0.659047,1.137488,1.730007,3.807962
1985-09-02,1.060339,Validation,-0.381536,-0.094061,0.023336,0.114008,0.286599,0.342387,0.435665,0.653453,1.128588,1.717983,3.797880
1985-09-03,0.892917,Validation,-0.384773,-0.099582,0.019386,0.111697,0.283000,0.337248,0.432203,0.649441,1.126171,1.714648,3.812052
1985-09-04,1.004532,Validation,-0.381790,-0.095108,0.022495,0.112450,0.282487,0.337367,0.429583,0.642954,1.112151,1.696323,3.784543
1985-09-05,1.116146,Validation,-0.377985,-0.089129,0.028545,0.117925,0.288297,0.344004,0.436089,0.647274,1.120717,1.708609,3.816021
1985-09-06,1.450990,Validation,-0.375049,-0.084665,0.032936,0.121834,0.292531,0.348530,0.440120,0.649992,1.125083,1.714760,3.834548
1985-09-07,1.116146,Validation,-0.377379,-0.089047,0.028693,0.117247,0.285813,0.340482,0.431405,0.638915,1.106904,1.690068,3.804373
1985-09-08,1.562605,Validation,-0.379232,-0.092280,0.025698,0.114037,0.281217,0.334833,0.425547,0.631457,1.094800,1.673745,3.786708
1985-09-09,1.395183,Validation,-0.377521,-0.089360,0.028810,0.116865,0.284253,0.338083,0.428806,0.633582,1.098703,1.679369,3.805330
1985-09-10,1.227761,Validation,-0.387666,-0.102568,0.026854,0.130405,0.302660,0.358202,0.466207,0.682983,1.211799,1.830535,4.153186
1985-09-11,1.395183,Validation,-0.376877,-0.085550,0.035762,0.125773,0.294193,0.350942,0.445165,0.651141,1.133249,1.732196,3.932678
1985-09-12,2.288100,Validation,-0.382954,-0.096550,0.024908,0.114141,0.278975,0.332370,0.426480,0.628485,1.096339,1.682338,3.859191
1985-09-13,2.901981,Validation,-0.395691,-0.116102,0.015647,0.120199,0.287311,0.340394,0.449841,0.661377,1.182203,1.791825,4.142657
1985-09-14,1.730027,Validation,-0.374465,-0.080802,0.040957,0.129412,0.297629,0.354391,0.448329,0.651182,1.131204,1.732800,3.961938
1985-09-15,1.730027,Validation,-0.378924,-0.089374,0.032472,0.120259,0.285935,0.339545,0.433557,0.632952,1.101934,1.692689,3.902057
1985-09-16,1.674220,Validation,-0.376085,-0.087058,0.033268,0.119287,0.285144,0.336643,0.428193,0.626495,1.087831,1.669852,3.856421
1985-09-17,1.227761,Validation,-0.381140,-0.096394,0.023690,0.108989,0.272494,0.321530,0.412494,0.609913,1.060113,1.632423,3.795125
1985-09-18,1.674220,Validation,-0.382151,-0.098197,0.022388,0.107836,0.271384,0.319452,0.411170,0.608623,1.058675,1.630950,3.799533
1985-09-19,2.009064,Validation,-0.419487,-0.152623,-0.012615,0.103223,0.265831,0.318574,0.438606,0.650923,1.191048,1.805310,4.296027
1985-09-20,2.288100,Validation,-0.436807,-0.172547,-0.025390,0.098784,0.258647,0.319126,0.449111,0.666921,1.237842,1.887409,4.524799
1985-09-21,1.785834,Validation,-0.414345,-0.135048,0.000867,0.099693,0.260533,0.316050,0.429691,0.639041,1.141060,1.773691,4.181116
1985-09-22,1.562605,Validation,-0.398295,-0.114958,0.011711,0.100144,0.263370,0.314777,0.416293,0.618368,1.084401,1.685504,3.957065
1985-09-23,1.339376,Validation,-0.390550,-0.108073,0.014204,0.098849,0.263802,0.310829,0.406266,0.607446,1.057943,1.639170,3.843770
1985-09-24,1.171954,Validation,-0.387967,-0.105652,0.016045,0.099777,0.265412,0.311142,0.405501,0.606079,1.054075,1.632031,3.827062
1985-09-25,1.730027,Validation,-0.388106,-0.106310,0.015147,0.098414,0.264691,0.309503,0.403832,0.605057,1.051391,1.628976,3.819298
1985-09-26,1.450990,Validation,-0.383410,-0.098860,0.023147,0.105771,0.273261,0.318727,0.413219,0.612524,1.063316,1.645275,3.854742
1985-09-27,1.674220,Validation,-0.378463,-0.089892,0.032973,0.115704,0.285966,0.332446,0.427988,0.627770,1.087790,1.678853,3.920088
1985-09-28,1.506798,Validation,-0.381486,-0.095262,0.027302,0.109714,0.279611,0.325097,0.420782,0.621268,1.076719,1.665364,3.895609
1985-09-29,1.171954,Validation,-0.375202,-0.083314,0.040712,0.123437,0.297159,0.343958,0.441825,0.643467,1.112534,1.714771,3.992462
1985-09-30,0.837110,Validation,-0.376731,-0.085472,0.038866,0.121436,0.295475,0.341957,0.440665,0.643185,1.112439,1.716019,3.999346
1985-10-01,0.279037,Training,-0.397725,-0.119206,0.011992,0.104509,0.276497,0.319622,0.429984,0.640362,1.130636,1.741636,4.099880
1985-10-02,0.279037,Training,-0.389879,-0.106373,0.017507,0.099352,0.270575,0.315237,0.415606,0.621413,1.078161,1.677330,3.935438
1985-10-03,0.613881,Training,-0.419324,-0.148428,-0.007426,0.099302,0.271727,0.318036,0.444941,0.665146,1.203526,1.843662,4.383756
1985-10-04,0.502266,Training,-0.404312,-0.124439,0.005530,0.094280,0.267605,0.313351,0.424524,0.641108,1.126271,1.752098,4.109906
1985-10-05,0.558073,Training,-0.405126,-0.123827,0.004429,0.091942,0.268470,0.313555,0.425220,0.644529,1.128172,1.758123,4.098990
1985-10-06,0.167422,Training,-0.397595,-0.113691,0.009671,0.092435,0.271819,0.316100,0.421680,0.641006,1.110724,1.729060,4.006192
1985-10-07,0.167422,Training,-0.403014,-0.121893,0.005832,0.095173,0.277600,0.320579,0.433658,0.658428,1.150347,1.780903,4.116308
1985-10-08,0.390651,Training,-0.396345,-0.111323,0.010743,0.094402,0.278785,0.322949,0.429358,0.654055,1.127734,1.752126,4.021791
1985-10-09,0.502266,Training,-0.393145,-0.108974,0.012830,0.093969,0.276857,0.318942,0.424696,0.645546,1.112170,1.731788,3.991474
1985-10-10,0.279037,Training,-0.384520,-0.096077,0.027651,0.107651,0.291726,0.333908,0.440372,0.656792,1.129748,1.752996,4.046941
1985-10-11,0.390651,Training,-0.380651,-0.089189,0.035374,0.115413,0.302138,0.344862,0.452496,0.670062,1.150484,1.781710,4.100363
1985-10-12,0.279037,Training,-0.376447,-0.080667,0.045476,0.126140,0.316613,0.360310,0.470577,0.690255,1.183175,1.827446,4.188193
1985-10-13,0.223229,Training,-0.380031,-0.085729,0.040710,0.121151,0.311794,0.355361,0.467448,0.688734,1.181926,1.829581,4.198224
1985-10-14,0.055807,Training,-0.381419,-0.086854,0.040169,0.120685,0.312930,0.356501,0.470873,0.694347,1.191584,1.845551,4.231342
1985-10-15,0.111615,Training,-0.387499,-0.096514,0.029450,0.109553,0.301982,0.344754,0.460141,0.687048,1.179751,1.833886,4.201822
1985-10-16,0.223229,Training,-0.388724,-0.097402,0.028745,0.108945,0.303477,0.346199,0.463594,0.693527,1.190400,1.850729,4.228673
1985-10-17,0.279037,Training,-0.389572,-0.097652,0.028572,0.108777,0.305545,0.348403,0.467553,0.700701,1.201837,1.868583,4.256468
1985-10-18,0.334844,Training,-0.392622,-0.101405,0.024282,0.104849,0.304001,0.347004,0.467896,0.705877,1.210034,1.883571,4.270638
1985-10-19,0.502266,Training,-0.395325,-0.104056,0.021163,0.102545,0.304890,0.348358,0.471387,0.714990,1.224642,1.907039,4.297126
1985-10-20,0.334844,Training,-0.397713,-0.106460,0.017943,0.099668,0.304893,0.348614,0.473364,0.722582,1.236286,1.926755,4.315935
1985-10-21,0.111615,Training,-0.394892,-0.100769,0.025181,0.107977,0.316473,0.360717,0.488309,0.738725,1.262784,1.961940,4.382557
1985-10-22,0.223229,Training,-0.391551,-0.096258,0.030002,0.111376,0.320279,0.363883,0.492035,0.741523,1.266162,1.967194,4.397983
1985-10-23,0.279037,Training,-0.394851,-0.101140,0.023674,0.105280,0.316665,0.360208,0.489476,0.744780,1.269889,1.977890,4.393620
1985-10-24,0.446459,Training,-0.398264,-0.104879,0.018966,0.101110,0.315845,0.359618,0.491259,0.753395,1.283078,2.002254,4.418627
1985-10-25,0.279037,Training,-0.401144,-0.106970,0.016088,0.099271,0.318372,0.362853,0.497241,0.767352,1.305067,2.037880,4.462109
1985-10-26,0.279037,Training,-0.403180,-0.108171,0.013776,0.097743,0.320934,0.366140,0.502581,0.780587,1.325507,2.070823,4.494685
1985-10-27,0.223229,Training,-0.397238,-0.101792,0.021828,0.104012,0.326593,0.369794,0.506703,0.778013,1.319527,2.060529,4.499010
1985-10-28,0.055807,Training,-0.396660,-0.100900,0.022071,0.104638,0.330446,0.373612,0.511439,0.787012,1.331787,2.080298,4.514403
1985-10-29,0.111615,Training,-0.395699,-0.099273,0.023091,0.106576,0.335756,0.379454,0.517984,0.797974,1.347596,2.103285,4.527738
1985-10-30,0.167422,Training,-0.399056,-0.101385,0.020545,0.105871,0.339700,0.385207,0.526964,0.816203,1.377548,2.150053,4.582927
1985-10-31,0.167422,Training,-0.402966,-0.103713,0.017468,0.105494,0.345262,0.393270,0.538477,0.839890,1.416017,2.208820,4.645710
1985-11-01,0.111615,Training,-0.423297,-0.130180,0.002094,0.108041,0.351530,0.400950,0.566466,0.888672,1.532968,2.373888,4.995648
1985-11-02,0.223229,Training,-0.518378,-0.243608,-0.074801,0.121975,0.406788,0.534325,0.779586,1.193205,2.208987,3.507274,7.652029
1985-11-03,1.730027,Training,-0.575298,-0.273030,-0.056959,0.182581,0.470802,0.646941,0.985271,1.509699,2.949742,4.855435,10.652632
1985-11-04,3.627476,Training,-0.697043,-0.287170,0.020141,0.449454,0.953231,1.445805,2.088785,3.383902,6.306710,11.492923,26.493912
1985-11-05,2.901981,Training,-0.633996,-0.132941,0.312119,0.833464,1.395443,2.016460,2.822920,4.524261,9.010439,16.005472,34.568745
1985-11-06,0.725495,Training,-0.545675,-0.059945,0.240810,0.548370,0.989833,1.314366,1.819122,2.769577,5.031741,8.474092,17.509010
1985-11-07,0.446459,Training,-0.508778,-0.072562,0.141864,0.386003,0.792549,1.016335,1.391837,2.120633,3.778281,6.065394,11.956936
1985-11-08,0.446459,Training,-0.482497,-0.082574,0.101873,0.299585,0.675449,0.845648,1.162466,1.774862,3.129752,4.884479,9.456866
1985-11-09,0.446459,Training,-0.480106,-0.097178,0.086033,0.279363,0.649578,0.802192,1.117415,1.709380,3.034962,4.692305,9.065079
1985-11-10,0.446459,Training,-0.514838,-0.149599,0.047922,0.274675,0.648910,0.820628,1.166161,1.823827,3.333960,5.169749,10.023486
1985-11-11,1.618412,Training,-0.703577,-0.197914,0.153791,0.733598,1.420523,2.235589,3.003782,5.253493,9.224115,16.173712,32.749779
1985-11-12,4.855237,Training,-0.577989,0.035370,0.569975,1.172632,1.919408,2.801250,3.716918,6.184463,11.632890,19.565477,37.324982
1985-11-13,1.116146,Training,-0.530175,0.027501,0.367218,0.782955,1.412850,1.959120,2.540852,4.085059,7.155641,11.818066,21.537806
1985-11-14,0.669688,Training,-0.510117,-0.005622,0.259455,0.645160,1.237339,1.666226,2.145069,3.440647,5.956275,9.453004,16.678288
1985-11-15,0.502266,Training,-0.503698,-0.026940,0.217156,0.608196,1.206828,1.616713,2.084062,3.329310,5.739249,8.866768,15.120882
1985-11-16,0.446459,Training,-0.502485,-0.056806,0.171262,0.554198,1.155103,1.532463,1.997580,3.165692,5.440063,8.265394,13.705457
1985-11-17,0.446459,Training,-0.496472,-0.069931,0.149092,0.551250,1.181078,1.552307,2.032662,3.190464,5.450938,8.122472,13.135838
1985-11-18,0.334844,Training,-0.484575,-0.063863,0.154088,0.611722,1.304696,1.704135,2.226552,3.447599,5.828302,8.503481,13.409607
1985-11-19,0.390651,Training,-0.461012,-0.031880,0.199954,0.752252,1.552808,2.020310,2.626849,3.987459,6.623312,9.459237,14.446070
1985-11-20,0.279037,Training,-0.434149,0.008899,0.260177,0.922318,1.844057,2.387434,3.098795,4.614369,7.559791,10.624632,15.877321
1985-11-21,0.279037,Training,-0.436472,-0.007093,0.230328,0.827948,1.684369,2.165560,2.806349,4.210796,6.912942,9.702002,14.485070
1985-11-22,0.334844,Training,-0.436107,-0.005211,0.238256,0.864284,1.740379,2.230529,2.898727,4.344061,7.152928,10.028040,15.002300
1985-11-23,0.446459,Training,-0.442150,-0.039434,0.167842,0.610687,1.296440,1.653993,2.123970,3.262213,5.387151,7.576717,11.396399
1985-11-24,0.390651,Training,-0.427363,-0.018630,0.198978,0.653096,1.360112,1.729963,2.209439,3.379760,5.551864,7.733848,11.452968
1985-11-25,0.669688,Training,-0.587518,-0.093757,0.237017,1.043019,2.013111,2.952999,3.769897,6.168274,10.419631,15.873569,24.994473
1985-11-26,10.547584,Training,-0.608321,0.090494,0.717427,2.367028,4.046213,6.313426,7.953720,13.375813,24.287550,37.176105,60.818916
1985-11-27,4.855237,Training,-0.421787,0.429239,1.090946,2.903630,4.946221,7.053136,8.931224,13.591414,23.631153,33.731026,55.511292
1985-11-28,1.785834,Training,-0.168289,0.846093,1.433783,3.597350,6.041605,7.957592,9.601891,13.434681,21.207491,28.731970,45.237720
1985-11-29,1.339376,Training,-0.003754,1.301541,2.182098,5.114831,8.074721,10.519083,12.440863,17.091316,26.832869,37.159573,56.940823
1985-11-30,2.120678,Training,-0.236963,0.915627,1.796748,4.621756,7.536048,10.329091,12.660424,18.280869,31.271095,43.976994,69.796494
1985-12-01,1.897449,Training,-0.198488,0.930262,1.734259,4.341741,7.200870,9.641469,12.067197,17.287363,29.341267,40.113422,66.006935
1985-12-02,1.450990,Training,-0.154519,0.847933,1.420299,3.673146,6.229169,8.092550,9.992841,13.937819,22.679726,30.525303,49.293789
1985-12-03,1.283568,Training,-0.065555,0.899877,1.415609,3.599118,6.076103,7.713510,9.397994,12.867112,20.116844,26.533684,41.049553
1985-12-04,1.339376,Training,-0.242346,1.089142,2.014256,5.056182,8.263406,11.392806,13.775225,20.364370,32.379192,44.666000,68.445801
1985-12-05,2.511330,Training,-0.228941,0.999899,2.132889,4.994048,7.952768,11.263370,14.133880,21.235130,37.479443,51.802570,83.102264
1985-12-06,2.399715,Training,-0.296792,0.656578,1.323780,3.179610,5.323173,7.361548,9.145738,13.664571,23.023163,32.315105,52.305244
1985-12-07,1.897449,Training,-0.280499,0.695499,1.393008,3.502785,5.726377,7.808963,9.584064,14.022242,23.665182,33.793163,53.859589
1985-12-08,3.962320,Training,-0.231589,0.885858,1.775308,4.196302,6.708015,9.318041,11.487481,16.854933,28.868769,40.438625,64.381775
1985-12-09,2.678751,Training,-0.201159,0.820456,1.508814,3.487696,5.794340,7.889790,9.693404,14.021027,22.902588,31.442474,49.472233
1985-12-10,2.790366,Training,-0.093806,1.145611,2.032700,4.677365,7.472025,9.979291,12.011290,16.945955,27.215412,38.239796,58.479385
1985-12-11,6.362035,Training,-0.004597,1.251255,2.078000,4.823725,7.878238,10.452479,12.763212,17.894114,28.594717,38.563423,60.935593
1985-12-12,3.962320,Training,0.174641,1.482039,2.297232,4.981098,8.071379,10.318933,12.311969,16.749189,25.237823,33.359898,50.405071
1985-12-13,2.901981,Training,0.676472,2.286246,3.263961,6.710364,10.514266,12.916531,15.060579,19.779339,27.884859,35.729538,51.555664
1985-12-14,2.399715,Training,0.466359,1.763429,2.584903,5.467155,8.702124,10.695215,12.751093,16.764458,23.881693,30.573421,43.244308
1985-12-15,2.288100,Training,-0.003537,0.838918,1.384461,3.183010,5.352257,6.725332,8.344047,11.357719,17.127728,22.366901,31.668514
1985-12-16,2.176486,Training,0.141306,1.049838,1.637422,3.685652,6.108149,7.570744,9.332831,12.439942,18.258896,23.478163,32.608662
1985-12-17,2.120678,Training,0.485635,1.590078,2.323961,4.936557,7.909495,9.635523,11.689015,15.114544,21.225616,26.711882,36.147903
1985-12-18,2.176486,Training,0.321508,1.283229,1.921801,4.197378,6.850652,8.390116,10.300773,13.442128,19.191151,24.237867,32.789074
1985-12-19,2.176486,Training,0.080476,0.852672,1.400909,3.068118,5.170662,6.387850,8.013734,10.694492,15.791214,20.179050,27.314980
1985-12-20,2.176486,Training,0.182082,1.017661,1.575196,3.498870,5.803087,7.129534,8.846116,11.660417,16.928101,21.374643,28.780531
1985-12-21,2.120678,Training,0.455339,1.462492,2.158308,4.657911,7.413063,8.950519,10.927552,14.153502,20.052723,25.010286,33.604614
1985-12-22,4.297164,Training,0.157454,2.050715,3.292719,7.276418,11.259032,14.610750,17.176081,23.955111,33.674973,45.856937,63.459961
1985-12-23,6.138805,Training,0.288148,2.160020,3.606385,8.036337,12.737895,16.550642,20.539965,28.088865,45.250313,59.218063,92.096077
1985-12-24,7.422374,Training,0.310042,2.138975,3.533998,7.943631,12.223522,15.592607,19.176502,25.841700,41.418709,56.545658,85.981834
1985-12-25,12.891491,Training,0.860408,3.274539,4.924581,10.182773,15.606113,19.390591,23.208473,30.677034,46.317303,61.251057,93.586159
1985-12-26,9.877896,Training,0.710030,3.297137,5.106510,10.486502,15.875803,20.077610,23.446228,31.057793,46.564995,62.971348,90.097397
1985-12-27,12.500840,Training,1.040662,4.714869,7.592477,15.677789,23.410852,29.826859,34.790157,46.648193,69.515999,88.808434,121.803993
1985-12-28,46.208463,Training,2.031757,6.424522,9.615911,17.637384,26.298943,31.929932,37.236008,47.511543,69.313484,86.467590,125.690994
1985-12-29,24.443607,Training,1.532877,4.600280,6.331126,11.968570,18.129023,21.749805,24.747356,31.866138,45.077435,56.131073,82.737167
1985-12-30,12.500840,Training,2.026490,4.885110,6.666653,11.880647,17.803926,20.860229,23.307362,29.827007,39.684994,49.306126,70.637993
1985-12-31,10.938235,Training,1.829802,4.530275,6.271422,11.809827,17.118959,20.163839,22.986927,29.294773,40.183426,49.880966,70.451889
1986-01-01,11.328886,Training,1.596259,4.502164,6.803068,12.946687,18.663103,22.744612,26.539513,33.923466,48.340023,63.922073,88.627602
1986-01-02,19.365141,Training,1.677057,5.387624,8.293509,15.689866,22.603724,27.940969,32.664982,41.870239,62.065720,81.447945,115.991180
1986-01-03,33.093742,Training,2.325110,7.113853,10.764921,19.465244,27.693989,33.584866,38.649517,48.459641,70.247040,92.408791,129.169861
1986-01-04,34.879577,Training,3.074247,8.026495,10.962537,19.320574,27.967470,33.359695,37.528790,46.740337,63.661583,79.947563,116.111282
1986-01-05,24.443607,Training,3.525052,8.305739,11.488638,19.941410,27.387423,32.019394,35.861320,44.417599,59.672531,75.415443,107.625778
1986-01-06,23.773919,Training,4.058115,8.835257,11.415597,19.723068,27.315086,31.846912,34.755951,42.653160,54.818005,66.807510,93.458351
1986-01-07,35.828301,Training,3.410882,9.322080,13.329597,22.741451,31.512516,37.640755,41.615326,51.194038,67.701050,90.131516,119.554451
1986-01-08,75.563115,Training,5.410458,13.620526,19.510626,32.183819,43.959400,51.428257,58.181461,70.867279,97.298462,124.635300,176.765259
1986-01-09,48.496563,Training,5.827117,13.302795,17.441021,28.847874,39.319405,45.448868,49.794342,60.579006,79.002068,99.203804,142.815247
1986-01-10,33.093742,Training,4.546270,9.839874,12.723736,21.255146,29.021353,33.548779,36.401253,44.210793,55.881535,68.229149,94.449837
1986-01-11,26.620093,Training,4.490235,9.157788,11.723739,20.131844,27.383438,31.627752,34.458473,41.900360,52.764214,63.566433,86.661469
1986-01-12,23.104232,Training,3.808733,7.637378,9.817183,17.204971,23.725601,27.488892,30.254787,36.825214,46.353302,55.386433,73.978912
1986-01-13,20.537095,Training,3.537584,6.969444,9.142335,15.741181,21.711134,25.189974,28.049164,33.938301,42.541801,50.603565,65.835022
1986-01-14,18.807068,Training,2.908065,5.785913,7.736495,13.472405,18.876785,22.029669,24.862932,30.323347,38.388077,45.729237,58.950706
1986-01-15,17.690921,Training,1.596826,3.540075,4.802527,9.211805,13.526875,16.070309,18.565899,23.454069,31.185736,37.657303,49.597347
1986-01-16,18.248994,Training,1.479205,3.276113,4.435738,8.611513,12.759306,15.205841,17.641712,22.290901,29.662897,35.808956,46.913445
1986-01-17,15.626050,Training,1.563962,3.378177,4.554134,8.714786,12.827234,15.277409,17.684185,22.180885,29.309433,35.134960,45.468422
1986-01-18,14.677326,Training,1.737271,3.646500,4.927582,9.179109,13.353514,15.869328,18.346857,22.779640,29.844376,35.533127,45.376171
1986-01-19,13.784409,Training,1.649789,3.484967,4.768746,8.823341,12.882953,15.337305,17.832310,22.162580,29.148041,34.751926,44.152203
1986-01-20,13.784409,Training,1.276600,2.909860,4.090298,7.923354,11.580463,13.845833,16.245047,20.646370,27.981609,33.974560,44.283169
1986-01-21,13.337950,Training,0.938654,2.347654,3.364704,6.560279,9.810008,11.870358,14.115706,18.069941,24.955496,30.400883,39.524624
1986-01-22,13.337950,Training,0.466825,1.525701,2.277394,4.623836,7.165780,8.806024,10.684062,13.988173,20.078991,24.687811,32.325420
1986-01-23,12.500840,Training,0.615164,1.754707,2.547328,5.264270,8.074239,9.840875,11.825836,15.425058,21.756159,26.801645,35.219784
1986-01-24,12.110189,Training,0.475896,1.507255,2.209302,4.583297,7.131309,8.739193,10.554854,13.834935,19.729065,24.285414,31.757084
1986-01-25,11.328886,Training,0.647166,1.787261,2.615036,5.115778,7.885300,9.630721,11.619495,14.953902,20.963985,25.559656,32.698078
1986-01-26,10.938235,Training,0.225334,1.049131,1.667933,3.289209,5.271435,6.543342,8.062267,10.717264,15.720222,19.396723,24.925791
1986-01-27,10.547584,Training,0.109189,0.862853,1.412806,2.830625,4.581573,5.719460,7.061821,9.545518,14.255783,17.683138,22.820944
1986-01-28,10.212740,Training,0.066930,0.837416,1.442224,2.931102,4.611070,5.782729,7.201672,9.826913,15.048043,18.850311,24.983585
1986-01-29,14.230867,Training,-0.040255,0.979256,1.795318,3.946242,6.064779,8.118596,10.014663,14.089810,22.354782,30.082920,41.649021
1986-01-30,38.730282,Training,0.122457,1.736238,3.149800,6.666900,9.944698,13.505062,16.443857,22.967564,37.155643,49.391777,69.763290
1986-01-31,50.952085,Training,0.472760,2.435084,4.011710,7.970901,11.936656,15.505657,18.803286,25.399870,39.600895,51.301586,75.336784
1986-02-01,23.104232,Training,0.653520,2.587108,3.994841,7.785158,11.459308,14.432961,17.116697,22.708982,33.913357,43.689293,62.740128
1986-02-02,15.179592,Training,1.017581,3.231455,4.933524,9.112081,13.122687,16.329260,19.052170,24.892464,36.017406,46.254967,65.180984
1986-02-03,12.110189,Training,1.115231,3.382101,4.976735,9.301490,13.575171,16.756342,19.458668,25.316513,36.165810,45.564373,63.934326
1986-02-04,14.230867,Training,1.298313,3.916238,5.870396,10.796039,15.144765,18.671415,21.588820,27.663694,39.557690,50.492439,70.082047
1986-02-05,27.345588,Training,1.600747,4.564290,6.700300,12.159291,17.121874,20.958546,24.116127,30.756298,43.426266,54.852760,76.773300
1986-02-06,34.879577,Training,1.904860,4.791602,6.774423,12.103078,17.332874,20.875210,23.705881,30.079763,40.768307,50.851311,70.386620
1986-02-07,37.725750,Training,2.085576,7.362763,10.773278,19.345737,26.912611,33.006321,36.713875,45.827759,61.805836,79.442451,102.597816
1986-02-08,52.179847,Training,3.452619,10.022429,14.799373,25.201136,34.967434,41.856491,47.595882,58.282200,81.943863,102.280991,141.479736
1986-02-09,45.036509,Training,3.806010,9.226492,12.481239,20.789400,29.255840,34.409355,37.676849,46.305408,60.316296,75.206123,106.466003
1986-02-10,33.986659,Training,4.523770,9.781161,13.172886,21.317017,28.692781,33.335300,36.181019,43.975098,55.530895,68.814415,94.651245
1986-02-11,31.363715,Training,4.192076,9.323330,12.850298,21.631540,28.347424,33.398125,36.660522,44.599270,58.330303,72.655243,99.469833
1986-02-12,28.908193,Training,3.887203,9.281386,13.270587,22.131437,28.949560,34.584679,38.229031,46.386173,61.937702,79.247818,107.698357
1986-02-13,36.777026,Training,4.000858,12.163305,17.393284,29.659847,40.544254,48.483513,53.022018,64.053329,85.415222,114.247864,148.197723
1986-02-14,53.463415,Training,6.510636,18.807957,27.609596,44.803623,60.908810,70.879883,77.718445,91.501648,122.608002,164.445404,210.724686
1986-02-15,60.160294,Training,8.715483,22.678600,32.205139,49.637001,65.416084,74.644341,81.526466,94.391060,126.527779,167.985352,223.996002
1986-02-16,64.513265,Training,9.215137,22.624197,31.592861,47.865131,62.402512,71.167236,77.629005,89.989258,118.924011,158.784271,215.158508
1986-02-17,73.888895,Training,7.654264,22.204607,30.498766,47.040417,62.461540,71.451439,76.530334,88.367889,113.450821,151.390045,196.427475
1986-02-18,102.127400,Training,9.169972,22.981312,32.353188,48.630432,62.806450,71.662308,78.202347,90.286438,119.439751,153.120361,209.955215
1986-02-19,82.539030,Training,7.499002,21.059151,28.897045,44.075207,58.400604,66.766273,71.556801,82.413109,105.607979,141.285065,183.868042
1986-02-20,110.889150,Training,9.615792,27.714777,39.330006,59.996300,78.992241,89.480293,95.970901,110.257729,140.927261,186.206696,238.403183
1986-02-21,132.877235,Training,12.241556,29.417582,40.549263,58.977375,75.318489,84.666420,91.780846,105.294434,136.635544,174.078583,240.277206
1986-02-22,93.867916,Training,12.029230,26.396620,35.410526,51.393509,64.779198,72.693947,78.584045,90.805443,116.340530,150.823563,210.589584
1986-02-23,73.888895,Training,11.573219,24.491732,32.314770,47.324154,59.237045,66.966217,71.904709,83.624817,106.047508,135.599594,190.313751
1986-02-24,67.526860,Training,8.339945,24.464352,32.349438,49.055954,64.519493,73.439140,77.836235,90.155495,111.320435,150.233444,193.669495
1986-02-25,63.006467,Training,13.461905,31.060301,40.767159,58.619659,74.491447,84.263420,90.125137,103.586914,131.273392,165.641418,231.925690
1986-02-26,56.086359,Training,9.917278,21.456417,28.076406,41.939144,52.977009,59.978241,64.088608,74.786629,95.033989,120.708450,170.354675
1986-02-27,52.179847,Training,9.705494,19.730541,24.397991,37.211998,47.324429,53.764515,56.285656,65.997459,80.933975,100.015182,140.286667
1986-02-28,50.952085,Training,8.231762,17.227980,23.043846,35.046970,43.900856,50.704330,53.738342,62.995426,79.338203,102.242500,137.641678
1986-03-01,49.724324,Training,8.508933,18.199604,24.145569,36.891666,46.241634,53.513744,57.384289,67.368439,86.228508,109.438553,151.976105
1986-03-02,46.208463,Training,7.713209,16.181376,21.131472,32.458405,40.812649,47.161995,50.452583,59.047096,74.392891,93.280869,128.787872
1986-03-03,45.036509,Training,6.054163,17.822294,23.740776,36.759853,48.677177,56.818588,60.360779,70.635414,87.730774,119.541054,154.732498
1986-03-04,45.036509,Training,8.937949,21.279724,28.343977,43.213795,56.954441,65.960022,71.615593,84.248001,108.830894,139.702133,197.110733
1986-03-05,40.739345,Training,7.845454,17.009237,20.998503,33.210255,43.599365,50.322369,53.076904,62.507149,77.653198,97.621681,138.728317
1986-03-06,37.725750,Training,7.690815,15.331752,18.619759,29.500181,37.923878,43.639885,45.686054,53.390816,64.679863,79.219040,108.810043
1986-03-07,35.828301,Training,6.502368,12.450468,15.838631,25.281849,31.981722,36.875599,39.364307,45.958591,56.172489,68.222313,90.565346
1986-03-08,33.986659,Training,5.099334,9.724164,12.069781,20.142080,26.521618,30.892113,33.069866,38.739098,47.104942,56.548077,73.497856
1986-03-09,31.363715,Training,4.674451,8.722203,10.918476,18.378675,24.306362,28.305893,30.578625,35.734222,43.470600,51.921272,66.382774
1986-03-10,30.526605,Training,3.961032,7.427440,9.303016,15.921999,21.425772,25.063528,27.215490,31.929789,38.943607,46.340214,58.461937
1986-03-11,28.908193,Training,3.052538,5.853537,7.431876,13.030391,17.909033,21.029285,23.071032,27.335653,33.811569,40.235806,50.468567
1986-03-12,28.126891,Training,2.574036,5.419434,7.683901,13.286583,17.775848,21.378523,23.864960,28.859612,37.165859,47.006100,59.152744
1986-03-13,29.689496,Training,2.320562,5.036608,6.761449,12.319112,17.103474,20.677641,23.084749,28.249865,36.928940,45.893871,60.769249
1986-03-14,28.126891,Training,2.523171,5.228475,6.799945,12.370975,17.203699,20.551281,22.742271,27.477440,35.134773,43.096138,56.119617
1986-03-15,26.620093,Training,1.870832,3.972591,5.120184,9.565643,13.622780,16.257845,18.044827,22.056187,28.382812,34.333355,44.259476
1986-03-16,25.169102,Training,1.937156,3.986244,5.116035,9.520254,13.513549,16.054441,17.826773,21.676352,27.679228,33.268021,42.260311
1986-03-17,24.443607,Training,1.763265,3.629687,4.669944,8.754403,12.511130,14.852654,16.556946,20.166439,25.844183,30.949684,39.066391
1986-03-18,23.104232,Training,1.772552,3.783855,5.254872,9.605357,13.186249,15.770749,17.840908,21.756115,28.675867,35.411434,44.953648
1986-03-19,23.104232,Training,1.380612,3.093757,4.100252,7.921289,11.428565,13.811933,15.566182,19.293028,25.557102,31.300106,40.413185
1986-03-20,21.150975,Training,1.289360,2.876158,3.781508,7.365597,10.745811,12.897341,14.559150,18.000607,23.753796,28.932659,37.069389
1986-03-21,19.979021,Training,1.400387,2.999647,3.891443,7.491987,10.944088,13.085533,14.698021,18.101290,23.474945,28.419619,35.919384
1986-03-22,18.807068,Training,0.689133,1.818991,2.406749,4.821272,7.249977,8.748703,9.955085,12.578595,17.107885,20.471102,26.104185
1986-03-23,17.690921,Training,0.657815,1.752107,2.321962,4.650264,7.005804,8.440219,9.601709,12.145286,16.528791,19.738773,25.088116
1986-03-24,17.188655,Training,0.693198,1.812360,2.452871,4.871288,7.207642,8.620877,9.865852,12.462026,17.082745,20.425909,26.133768
1986-03-25,17.690921,Training,0.724363,1.893823,2.606254,5.041965,7.383453,8.854875,10.199322,12.797092,17.678947,21.142061,26.988863
1986-03-26,17.188655,Training,0.623896,1.732013,2.310596,4.569026,6.856314,8.301817,9.445856,11.950336,16.443678,19.650564,24.980375
1986-03-27,16.128316,Training,0.654815,1.758711,2.334349,4.648642,6.964926,8.373274,9.517885,12.027587,16.428766,19.636593,24.954002
1986-03-28,15.179592,Training,0.702940,1.824626,2.410266,4.743427,7.082417,8.484178,9.630184,12.128892,16.472578,19.610243,24.767565
1986-03-29,14.677326,Training,0.750367,1.896709,2.508152,4.917420,7.296680,8.706235,9.876596,12.419220,16.813412,20.029627,25.259680
1986-03-30,14.230867,Training,0.821222,2.008914,2.614448,5.103437,7.612114,9.096075,10.263631,12.840052,17.185383,20.472721,25.617067
1986-03-31,14.230867,Training,0.548202,1.566079,2.079112,4.107785,6.194736,7.457126,8.472732,10.768150,14.817476,17.580988,22.112019
1986-04-01,13.337950,Training,0.545351,1.553582,2.061090,4.078688,6.150168,7.390365,8.386189,10.674814,14.670650,17.404915,21.879972
1986-04-02,13.337950,Training,0.562208,1.580027,2.129424,4.205029,6.270633,7.494116,8.550065,10.883519,15.039145,17.869202,22.584812
1986-04-03,12.500840,Training,0.574679,1.602729,2.135554,4.204805,6.298305,7.548407,8.575699,10.901840,14.981703,17.799538,22.378897
1986-04-04,11.328886,Training,0.589052,1.687087,2.401999,4.716982,6.831109,8.259307,9.575753,12.097717,17.114464,20.864141,26.630831
1986-04-05,12.110189,Training,0.447452,1.805510,2.776256,5.586110,8.169807,10.347733,12.147490,15.643774,22.443331,29.630972,38.369671
1986-04-06,12.110189,Training,0.337325,1.601030,2.398901,5.138379,7.603525,9.547301,11.185859,14.748180,22.326134,28.765900,40.385391
1986-04-07,10.547584,Training,0.499253,1.754964,2.542158,5.055290,7.446596,9.100971,10.621034,13.634758,19.842209,24.985580,33.590664
1986-04-08,10.212740,Training,0.733449,2.109819,2.966905,5.638323,8.191862,9.883498,11.388624,14.426666,20.331913,25.180788,33.148190
1986-04-09,10.547584,Training,0.699119,1.978195,2.689000,5.150058,7.662434,9.274733,10.614734,13.434776,18.654692,22.794949,29.358503
1986-04-10,9.877896,Training,0.714954,1.959290,2.611084,5.062582,7.525577,9.047947,10.302934,13.003191,17.899900,21.604357,27.603756
1986-04-11,8.873364,Training,0.788739,2.037099,2.763820,5.286764,7.728722,9.196458,10.541126,13.240199,18.184965,21.860432,27.827454
1986-04-12,8.594328,Training,0.740240,1.929881,2.573161,4.924242,7.331478,8.785742,10.021929,12.591469,17.174538,20.568953,25.847536
1986-04-13,7.701411,Training,0.664259,1.791090,2.394955,4.604174,6.893826,8.250154,9.425059,11.875546,16.295799,19.462013,24.434980
1986-04-14,7.701411,Training,0.676798,1.792707,2.384801,4.578645,6.857332,8.186996,9.333673,11.751895,16.051516,19.106155,23.899857
1986-04-15,7.701411,Training,0.674197,1.847775,2.640131,5.060597,7.308805,8.770002,10.210990,12.830434,18.076305,22.048010,28.034836
1986-04-16,7.701411,Training,0.593297,1.816289,2.687891,5.292756,7.587916,9.242696,10.837072,13.756436,19.867712,24.912769,32.533287
1986-04-17,8.594328,Training,0.548450,1.832837,2.791560,5.476035,7.850360,9.613132,11.365908,14.491439,21.272728,27.139778,36.131413
1986-04-18,8.873364,Training,0.621535,1.925030,2.774602,5.488766,8.007082,9.729308,11.342730,14.503997,20.783760,26.190151,34.817673
1986-04-19,7.422374,Training,0.745649,2.058562,2.835287,5.620824,8.222086,9.877329,11.354302,14.430472,20.070345,24.907444,32.662846
1986-04-20,6.641071,Training,0.879832,2.211095,2.974244,5.809581,8.496020,10.132429,11.564423,14.573443,19.788984,24.237621,31.179983
1986-04-21,7.980447,Training,0.861229,2.376513,3.468260,6.590261,9.408394,11.454577,13.270866,16.701313,23.131496,29.927790,38.038616
1986-04-22,13.784409,Training,0.883962,2.504579,3.630470,7.089082,10.093980,12.282061,14.256216,18.134274,25.738579,33.129402,44.469181
1986-04-23,10.938235,Training,0.851714,2.525109,3.753754,7.286254,10.248780,12.514894,14.516206,18.417849,26.257595,34.582855,46.246796
1986-04-24,10.212740,Training,0.598116,2.077273,3.132234,6.219589,8.835184,10.898618,12.777819,16.405270,24.047920,31.467758,42.777405
1986-04-25,9.543052,Training,0.634634,2.139989,3.145849,6.254628,8.992085,10.991982,12.839305,16.533545,24.014963,31.171776,42.763779
1986-04-26,9.543052,Training,0.757015,2.272204,3.218793,6.295951,9.084507,10.969422,12.685945,16.209084,22.940582,29.260948,39.451157
1986-04-27,8.594328,Training,0.779446,2.211288,3.021228,5.974052,8.754209,10.514476,12.045848,15.395716,21.370174,26.847544,35.716270
1986-04-28,7.980447,Training,0.820923,2.194280,2.917266,5.757573,8.546440,10.239338,11.665443,14.809729,20.178444,24.923862,32.537201
1986-04-29,7.422374,Training,0.868496,2.194028,2.908565,5.707924,8.474998,10.096350,11.507475,14.525637,19.542561,23.901344,30.766783
1986-04-30,6.864301,Training,0.791613,1.982918,2.668885,5.280719,7.877463,9.391427,10.803085,13.575649,18.246208,22.248358,28.292414
1986-05-01,6.362035,Training,0.807159,1.977946,2.657140,5.231693,7.806798,9.277926,10.666079,13.369199,17.897934,21.715744,27.444950
1986-05-02,6.362035,Training,0.894633,2.145988,2.836182,5.459622,8.093901,9.557193,10.896949,13.641992,18.241556,21.918716,27.642281
1986-05-03,6.138805,Training,1.024453,2.339490,3.061016,5.829420,8.568209,10.073147,11.421934,14.219885,18.795631,22.535568,28.162411
1986-05-04,6.641071,Training,0.820244,2.114594,3.016470,5.731258,8.242913,9.823682,11.406359,14.289926,19.702208,24.594667,30.992134
1986-05-05,8.259484,Training,0.587972,1.723197,2.442169,4.915335,7.232581,8.672439,10.090015,12.948026,18.220209,22.660358,29.572954
1986-05-06,7.701411,Training,0.490037,1.541010,2.165092,4.394129,6.578937,7.885494,9.178252,11.815624,16.686024,20.624306,26.823400
1986-05-07,6.362035,Training,0.589069,1.665241,2.285973,4.564138,6.823150,8.117096,9.376898,11.986489,16.565710,20.250914,26.034698
1986-05-08,5.915576,Training,0.617610,1.661914,2.262635,4.529358,6.810180,8.097868,9.355915,11.881693,16.211477,19.751116,25.058420
1986-05-09,5.692347,Training,0.766421,1.864582,2.494845,4.946814,7.414574,8.795083,10.135316,12.704735,17.013393,20.640446,25.822308
1986-05-10,5.245888,Training,0.511929,1.437178,1.960767,3.963734,6.037195,7.195042,8.361258,10.616035,14.546050,17.576792,22.034908
1986-05-11,5.078466,Training,0.502396,1.415757,1.925576,3.894476,5.946138,7.070531,8.210989,10.431989,14.287360,17.257298,21.572535
1986-05-12,5.078466,Training,0.390885,1.248175,1.738099,3.537957,5.400860,6.397603,7.458494,9.615728,13.404126,16.213125,20.464149
1986-05-13,5.078466,Training,0.280450,1.076882,1.494347,3.055200,4.737735,5.662178,6.562582,8.579979,12.074405,14.563551,18.353235
1986-05-14,4.855237,Training,0.221986,0.980881,1.375691,2.820090,4.387905,5.252359,6.092054,8.029169,11.404171,13.746769,17.335022
1986-05-15,5.078466,Training,0.163166,0.868984,1.248924,2.591079,4.051088,4.861940,5.664776,7.513134,10.751037,12.989116,16.366169
1986-05-16,5.078466,Training,0.130865,0.809694,1.184641,2.478793,3.881975,4.663900,5.457548,7.260381,10.460833,12.661287,15.974956
1986-05-17,4.855237,Training,0.118193,0.787876,1.152942,2.419018,3.805321,4.580887,5.357855,7.132746,10.279543,12.447737,15.698164
1986-05-18,5.078466,Training,0.110275,0.773930,1.134727,2.387866,3.761448,4.525868,5.299964,7.053227,10.177823,12.333656,15.564252
1986-05-19,5.078466,Training,0.109286,0.778115,1.136489,2.389849,3.779073,4.537732,5.306535,7.080876,10.206880,12.376993,15.668468
1986-05-20,5.078466,Training,0.114736,0.790906,1.152113,2.424595,3.839757,4.597523,5.381041,7.184267,10.356139,12.567180,15.968584
1986-05-21,5.078466,Training,0.118747,0.798344,1.153874,2.433480,3.862522,4.622395,5.407022,7.204907,10.357458,12.576133,15.979634
1986-05-22,4.855237,Training,0.135728,0.823186,1.182074,2.509666,3.990558,4.764734,5.591227,7.398741,10.596746,12.899920,16.388138
1986-05-23,4.855237,Training,0.025807,0.639930,0.966846,2.084154,3.338409,4.022795,4.724283,6.401619,9.353318,11.404460,14.563411
1986-05-24,5.078466,Training,-0.011425,0.576626,0.891548,1.941474,3.124677,3.777578,4.441632,6.064913,8.929699,10.911707,13.970244
1986-05-25,5.078466,Training,-0.034006,0.536322,0.841441,1.845004,2.978544,3.608543,4.246842,5.818844,8.611957,10.530657,13.502424
1986-05-26,4.855237,Training,-0.049782,0.515475,0.815937,1.793922,2.899542,3.516372,4.126112,5.691844,8.436292,10.327106,13.279023
1986-05-27,4.687815,Training,-0.065311,0.490117,0.783450,1.734863,2.812588,3.414685,4.009030,5.543304,8.236946,10.101425,13.010136
1986-05-28,4.464586,Training,-0.084512,0.462383,0.748766,1.671057,2.722999,3.308274,3.887087,5.405855,8.055952,9.915085,12.820442
1986-05-29,4.129742,Training,-0.098970,0.439651,0.721617,1.625860,2.666896,3.242633,3.816621,5.321149,7.953181,9.813032,12.729696
1986-05-30,3.962320,Training,-0.115866,0.407596,0.683688,1.560645,2.582650,3.142251,3.718871,5.184547,7.807344,9.649250,12.568591
1986-05-31,3.627476,Training,-0.131677,0.383711,0.654172,1.505979,2.503244,3.050478,3.608503,5.056186,7.633432,9.456178,12.354178
1986-06-01,3.627476,Training,-0.144982,0.359339,0.621939,1.442838,2.409055,2.937442,3.483739,4.886655,7.427687,9.213889,12.074735
1986-06-02,3.460054,Training,-0.168697,0.323879,0.581115,1.369584,2.297016,2.806100,3.335142,4.714848,7.205719,8.979671,11.840268
1986-06-03,3.069403,Training,-0.187912,0.295253,0.543594,1.296787,2.189703,2.682804,3.189273,4.536495,6.955614,8.706721,11.527753
1986-06-04,2.901981,Training,-0.212535,0.258633,0.498920,1.212083,2.065133,2.536460,3.023823,4.337545,6.692333,8.432659,11.247524
1986-06-05,2.790366,Training,-0.233018,0.229346,0.462964,1.143718,1.966371,2.420054,2.890148,4.180535,6.473035,8.209809,11.024588
1986-06-06,2.678751,Training,-0.247953,0.210056,0.440655,1.101948,1.910236,2.354898,2.815119,4.103161,6.360534,8.106910,10.954983
1986-06-07,2.511330,Training,-0.262444,0.188981,0.413706,1.047655,1.830412,2.259212,2.705413,3.967536,6.170189,7.904866,10.748322
1986-06-08,1.897449,Training,-0.271273,0.177247,0.397472,1.010597,1.772056,2.189369,2.619260,3.864492,6.014175,7.731616,10.560191
1986-06-09,2.009064,Training,-0.277780,0.166187,0.381233,0.974671,1.715112,2.120409,2.534082,3.752894,5.844288,7.530823,10.312143
1986-06-10,1.897449,Training,-0.282713,0.158672,0.370821,0.950432,1.678716,2.074726,2.478457,3.684395,5.740669,7.411098,10.179986
1986-06-11,1.785834,Training,-0.289270,0.145972,0.352923,0.912847,1.621270,2.006201,2.394816,3.569692,5.566291,7.203873,9.912828
1986-06-12,1.618412,Training,-0.304397,0.115918,0.313774,0.835528,1.506535,1.864668,2.237036,3.341261,5.255646,6.841605,9.472688
1986-06-13,1.395183,Training,-0.307625,0.106243,0.298416,0.797350,1.452520,1.794102,2.158782,3.214830,5.113532,6.658648,9.258405
1986-06-14,1.339376,Training,-0.313186,0.096873,0.286315,0.771121,1.410830,1.744022,2.097011,3.134386,4.988641,6.512909,9.079175
1986-06-15,1.283568,Training,-0.322970,0.084183,0.273537,0.749235,1.378012,1.706470,2.054597,3.090219,4.906491,6.432777,9.008157
1986-06-16,1.450990,Training,-0.331967,0.074348,0.262233,0.723024,1.334897,1.654357,1.993196,3.021543,4.785248,6.313683,8.907496
1986-06-17,1.395183,Training,-0.343075,0.057794,0.239132,0.665814,1.245345,1.540485,1.862844,2.844225,4.519031,6.021768,8.603076
1986-06-18,1.283568,Training,-0.345908,0.055177,0.234924,0.653191,1.226101,1.516910,1.833584,2.806310,4.458561,5.955357,8.540741
1986-06-19,1.339376,Training,-0.349567,0.048572,0.227874,0.640191,1.205254,1.490390,1.802506,2.767216,4.404171,5.890800,8.476222
1986-06-20,1.283568,Training,-0.356790,0.041409,0.232679,0.673719,1.246781,1.543123,1.873956,2.890544,4.641958,6.184995,8.951024
1986-06-21,1.283568,Training,-0.362312,0.034317,0.229234,0.679314,1.253956,1.560572,1.894952,2.927519,4.716637,6.284190,9.102257
1986-06-22,1.339376,Training,-0.406999,-0.015807,0.213969,0.739695,1.330415,1.719288,2.125272,3.281682,5.513558,7.496602,11.100010
1986-06-23,2.009064,Training,-0.391793,0.007653,0.214543,0.689668,1.282470,1.643014,2.005373,3.100445,5.058619,6.873562,9.990313
1986-06-24,1.395183,Training,-0.376099,0.029528,0.230437,0.703294,1.311522,1.671505,2.023842,3.100074,4.997784,6.720908,9.662796
1986-06-25,1.450990,Training,-0.360323,0.046068,0.239125,0.711395,1.331914,1.685077,2.025636,3.085219,4.935342,6.552189,9.319059
1986-06-26,1.283568,Training,-0.386776,0.015995,0.245767,0.793420,1.424310,1.817370,2.227827,3.406429,5.634842,7.466302,10.884003
1986-06-27,1.450990,Training,-0.369125,0.037431,0.233993,0.708491,1.327287,1.690520,2.031121,3.110156,4.984118,6.646846,9.494967
1986-06-28,1.395183,Training,-0.374107,0.026916,0.220191,0.673163,1.275114,1.614165,1.951848,2.985860,4.802406,6.418043,9.223947
1986-06-29,1.060339,Training,-0.368491,0.025413,0.208524,0.628514,1.202511,1.513300,1.820959,2.796462,4.481840,5.978087,8.594505
1986-06-30,1.171954,Training,-0.374699,0.010972,0.186206,0.570262,1.109079,1.391555,1.678831,2.591812,4.167797,5.603758,8.140326
1986-07-01,0.837110,Training,-0.377738,0.003046,0.175421,0.545412,1.070913,1.343025,1.622103,2.506495,4.048355,5.452606,7.947161
1986-07-02,0.892917,Training,-0.377180,0.004584,0.178025,0.552404,1.081207,1.356729,1.635412,2.528304,4.074056,5.477612,7.972697
1986-07-03,0.837110,Training,-0.378054,0.002788,0.175926,0.549261,1.076670,1.351746,1.628672,2.516866,4.061029,5.455610,7.940758
1986-07-04,0.892917,Training,-0.379696,-0.000980,0.170245,0.534380,1.053981,1.322598,1.595770,2.462325,3.997140,5.373190,7.841698
1986-07-05,0.837110,Training,-0.381577,-0.003648,0.166961,0.528091,1.045649,1.311702,1.583984,2.445165,3.970427,5.342196,7.813754
1986-07-06,0.837110,Training,-0.384297,-0.006083,0.164771,0.527099,1.046488,1.312221,1.587118,2.452645,3.971872,5.351368,7.847800
1986-07-07,1.004532,Training,-0.387442,-0.009800,0.159569,0.516719,1.033459,1.292996,1.570004,2.424990,3.929840,5.311112,7.828339
1986-07-08,0.892917,Training,-0.387741,-0.010141,0.157353,0.512324,1.032372,1.286659,1.570001,2.412007,3.923130,5.306384,7.839412
1986-07-09,0.781303,Training,-0.387935,-0.009326,0.156918,0.514927,1.037114,1.288950,1.576578,2.418393,3.915443,5.301573,7.850982
1986-07-10,0.725495,Training,-0.388676,-0.010505,0.151404,0.499247,1.011575,1.248928,1.534068,2.352449,3.797022,5.171834,7.721476
1986-07-11,0.837110,Training,-0.399321,-0.044055,0.104320,0.356069,0.758147,0.937545,1.157335,1.817144,2.969190,4.149086,6.497155
1986-07-12,0.725495,Training,-0.399417,-0.046314,0.099251,0.338453,0.729121,0.899041,1.112877,1.747957,2.855637,4.010540,6.339874
1986-07-13,0.781303,Training,-0.397970,-0.051002,0.089848,0.306494,0.676975,0.830323,1.034206,1.620848,2.676507,3.785477,6.063811
1986-07-14,0.669688,Training,-0.392472,-0.042714,0.098052,0.318856,0.695713,0.851474,1.056886,1.645639,2.729192,3.838830,6.111177
1986-07-15,0.390651,Training,-0.387576,-0.046497,0.088261,0.271301,0.608886,0.738854,0.922998,1.443278,2.407746,3.434202,5.632107
1986-07-16,0.390651,Training,-0.389891,-0.051649,0.082076,0.258578,0.588064,0.712255,0.894506,1.399979,2.334346,3.346246,5.545413
1986-07-17,0.446459,Training,-0.391766,-0.056042,0.076758,0.247335,0.569606,0.688633,0.868982,1.360894,2.267996,3.265904,5.466086
1986-07-18,0.502266,Training,-0.390905,-0.057082,0.074658,0.237678,0.552244,0.665590,0.842683,1.318719,2.201665,3.182494,5.376920
1986-07-19,0.502266,Training,-0.384414,-0.051395,0.078940,0.230080,0.535023,0.640733,0.811932,1.266133,2.125814,3.083256,5.259964
1986-07-20,0.279037,Training,-0.383903,-0.052303,0.077427,0.224633,0.524611,0.627594,0.796239,1.241214,2.085191,3.030341,5.201323
1986-07-21,0.502266,Training,-0.389220,-0.060561,0.068891,0.216768,0.513637,0.615692,0.784340,1.225867,2.052053,2.990059,5.166393
1986-07-22,0.390651,Training,-0.403172,-0.076790,0.056953,0.219352,0.521700,0.626868,0.805207,1.267119,2.106454,3.068322,5.317794
1986-07-23,0.279037,Training,-0.409706,-0.085716,0.051269,0.218440,0.518943,0.623669,0.806562,1.272149,2.127429,3.098617,5.404210
1986-07-24,0.279037,Training,-0.401219,-0.072910,0.058718,0.215783,0.514119,0.620106,0.791930,1.243279,2.055794,3.000350,5.231056
1986-07-25,0.781303,Training,-0.399944,-0.074093,0.056388,0.208936,0.501827,0.604015,0.772258,1.211333,2.005693,2.930940,5.140446
1986-07-26,0.725495,Training,-0.397678,-0.074124,0.054738,0.202400,0.489507,0.588157,0.751299,1.178679,1.952494,2.855936,5.038087
1986-07-27,0.725495,Training,-0.395092,-0.074543,0.052938,0.193577,0.472773,0.567876,0.725823,1.137398,1.895155,2.777407,4.932245
1986-07-28,0.613881,Training,-0.395145,-0.075802,0.051306,0.190208,0.466034,0.559665,0.715290,1.120965,1.867124,2.738559,4.886975
1986-07-29,0.446459,Training,-0.393869,-0.076602,0.050073,0.184728,0.454789,0.545196,0.698074,1.092995,1.826791,2.684310,4.825539
1986-07-30,0.390651,Training,-0.394945,-0.078202,0.048120,0.181943,0.449515,0.538599,0.689935,1.080348,1.799248,2.647514,4.789338
1986-07-31,0.390651,Training,-0.398781,-0.085283,0.043061,0.178076,0.441814,0.527300,0.680831,1.067698,1.786326,2.631847,4.803985
1986-08-01,0.390651,Training,-0.394462,-0.080470,0.045121,0.173300,0.432152,0.517142,0.663952,1.038362,1.732800,2.558834,4.694485
1986-08-02,0.446459,Training,-0.392561,-0.080663,0.044548,0.168459,0.421746,0.504231,0.648413,1.012069,1.698333,2.511886,4.639130
1986-08-03,0.446459,Training,-0.412403,-0.108047,0.026880,0.169463,0.422485,0.504829,0.664486,1.045660,1.785502,2.627691,4.908251
1986-08-04,0.613881,Training,-0.396361,-0.083087,0.042919,0.170067,0.421954,0.506251,0.648211,1.013582,1.689853,2.499215,4.648451
1986-08-05,0.502266,Training,-0.396664,-0.085963,0.039862,0.163712,0.410807,0.492636,0.633629,0.987880,1.654930,2.452301,4.593558
1986-08-06,0.446459,Training,-0.393061,-0.084252,0.039633,0.159346,0.401669,0.480916,0.616506,0.961245,1.611007,2.387587,4.497674
1986-08-07,0.279037,Training,-0.392274,-0.085315,0.038294,0.156109,0.394522,0.472590,0.605713,0.943865,1.587289,2.353938,4.455931
1986-08-08,0.279037,Training,-0.391720,-0.085156,0.037860,0.154201,0.389851,0.467632,0.598150,0.931138,1.566015,2.323498,4.417628
1986-08-09,0.223229,Training,-0.405646,-0.106660,0.024705,0.152911,0.385592,0.461825,0.605045,0.945345,1.627306,2.405381,4.625220
1986-08-10,0.502266,Training,-0.402407,-0.101375,0.026929,0.149056,0.378636,0.455012,0.591067,0.922750,1.573670,2.336323,4.508281
1986-08-11,0.446459,Training,-0.397468,-0.093766,0.031498,0.147911,0.375146,0.451077,0.580959,0.902733,1.526490,2.272331,4.404327
1986-08-12,0.167422,Training,-0.392676,-0.089634,0.033133,0.144565,0.367557,0.441079,0.565610,0.876545,1.479751,2.205323,4.304513
1986-08-13,0.111615,Training,-0.390048,-0.088654,0.032993,0.141175,0.359876,0.431242,0.552482,0.854676,1.445257,2.156874,4.241306
1986-08-14,0.279037,Training,-0.387490,-0.087323,0.033544,0.138820,0.353606,0.423571,0.542040,0.836378,1.417714,2.119113,4.195246
1986-08-15,0.446459,Training,-0.386907,-0.087657,0.032894,0.136822,0.348641,0.417659,0.534170,0.823107,1.396780,2.089975,4.163163
1986-08-16,0.446459,Training,-0.386936,-0.088618,0.031755,0.134751,0.343768,0.411820,0.526712,0.810742,1.377093,2.062474,4.134733
1986-08-17,0.446459,Training,-0.426192,-0.143556,-0.002710,0.136342,0.343232,0.419550,0.566268,0.872346,1.562483,2.312272,4.752514
1986-08-18,0.558073,Training,-0.439308,-0.158063,-0.011944,0.131839,0.333832,0.416875,0.569420,0.876692,1.586379,2.364447,4.912289
1986-08-19,0.613881,Training,-0.407884,-0.111000,0.019575,0.128133,0.327567,0.403762,0.529540,0.808662,1.400437,2.124578,4.363971
1986-08-20,0.613881,Training,-0.397394,-0.101218,0.023663,0.127148,0.325794,0.395393,0.512812,0.781837,1.344804,2.030672,4.184759
1986-08-21,0.502266,Training,-0.390450,-0.095272,0.025379,0.126093,0.323206,0.388571,0.497712,0.762198,1.301948,1.958388,4.049318
1986-08-22,0.613881,Training,-0.388516,-0.095089,0.025346,0.124355,0.318042,0.381865,0.489662,0.747562,1.281783,1.930522,4.020257
1986-08-23,0.669688,Training,-0.388935,-0.096918,0.023332,0.121829,0.312792,0.374593,0.480715,0.734288,1.258548,1.897878,3.983979
1986-08-24,0.669688,Training,-0.387362,-0.095530,0.023670,0.120482,0.309144,0.370093,0.473370,0.722072,1.235792,1.866097,3.940029
1986-08-25,0.334844,Training,-0.386037,-0.095102,0.024016,0.119632,0.305816,0.366207,0.468579,0.712045,1.222964,1.849023,3.926756
1986-08-26,0.279037,Training,-0.417347,-0.140705,-0.005251,0.117359,0.301115,0.364936,0.491618,0.748791,1.344721,2.008216,4.358587
1986-08-27,0.502266,Training,-0.392997,-0.102190,0.019030,0.116804,0.299457,0.361974,0.464268,0.707654,1.216735,1.845870,3.960017
1986-08-28,0.613881,Training,-0.393301,-0.102661,0.018848,0.116759,0.299248,0.359494,0.462941,0.702858,1.209904,1.835111,3.953274
1986-08-29,0.669688,Training,-0.386744,-0.097829,0.020711,0.114370,0.293608,0.351578,0.449344,0.681006,1.172174,1.778246,3.855626
1986-08-30,0.446459,Training,-0.382396,-0.093181,0.024663,0.116448,0.293855,0.352003,0.447829,0.674030,1.162972,1.766176,3.845045
1986-08-31,0.446459,Training,-0.382687,-0.094685,0.022866,0.114218,0.289886,0.346877,0.441125,0.664674,1.146603,1.743402,3.815003
1986-09-01,0.390651,Training,-0.380341,-0.091439,0.026132,0.116727,0.291592,0.348886,0.442643,0.663153,1.146026,1.743341,3.827017
1986-09-02,0.390651,Training,-0.379656,-0.090350,0.027336,0.117488,0.291532,0.348840,0.442136,0.660518,1.142638,1.739044,3.831087
1986-09-03,0.446459,Training,-0.380891,-0.092382,0.025461,0.115619,0.288437,0.345224,0.437973,0.654618,1.133352,1.726108,3.818767
1986-09-04,0.279037,Training,-0.384131,-0.096859,0.021224,0.112659,0.284917,0.341110,0.433949,0.650679,1.126649,1.715844,3.806473
1986-09-05,0.390651,Training,-0.384596,-0.098118,0.019953,0.111212,0.282161,0.337261,0.429813,0.644646,1.116088,1.701012,3.792239
1986-09-06,0.502266,Training,-0.384521,-0.099386,0.018504,0.108244,0.276880,0.330054,0.421572,0.633397,1.096058,1.673998,3.760151
1986-09-07,0.613881,Training,-0.385177,-0.100580,0.017300,0.106836,0.274901,0.327225,0.418350,0.629414,1.088902,1.664209,3.750119
1986-09-08,0.502266,Training,-0.419038,-0.150142,-0.015132,0.101473,0.267750,0.322588,0.438766,0.663333,1.202483,1.811694,4.169929
1986-09-09,0.781303,Training,-0.440596,-0.177271,-0.030955,0.103779,0.267725,0.337730,0.468830,0.697541,1.300008,1.965928,4.589561
1986-09-10,1.785834,Training,-0.416402,-0.135957,0.002190,0.110529,0.273625,0.337494,0.455676,0.674391,1.216133,1.868414,4.296698
1986-09-11,1.004532,Training,-0.448898,-0.183416,-0.030479,0.109110,0.273221,0.348576,0.490167,0.718879,1.353195,2.059392,4.840217
1986-09-12,1.004532,Training,-0.434833,-0.161443,-0.014790,0.107176,0.268833,0.336905,0.467395,0.692181,1.277572,1.951903,4.560050
1986-09-13,1.171954,Training,-0.457176,-0.189205,-0.031262,0.111839,0.275469,0.355449,0.504445,0.737025,1.394965,2.131728,5.031366
1986-09-14,1.171954,Training,-0.523714,-0.265134,-0.095436,0.095350,0.296412,0.435943,0.615088,0.889591,1.683044,2.682777,6.600655
1986-09-15,1.004532,Training,-0.580512,-0.298034,-0.088515,0.149063,0.369579,0.564182,0.817371,1.177631,2.276023,3.781825,9.434684
1986-09-16,2.901981,Training,-0.547573,-0.238118,-0.013633,0.193676,0.374958,0.524670,0.778942,1.123066,2.182478,3.542604,8.493057
1986-09-17,1.004532,Training,-0.546041,-0.259784,-0.059976,0.151983,0.346135,0.496008,0.724903,1.049189,2.060615,3.344809,8.094506
1986-09-18,0.892917,Training,-0.555053,-0.262307,-0.058032,0.164660,0.370197,0.539317,0.778064,1.133809,2.223540,3.624938,8.756692
1986-09-19,0.948724,Training,-0.482105,-0.154953,0.028773,0.174821,0.356210,0.474516,0.662920,0.958139,1.754453,2.794556,6.481878
1986-09-20,1.060339,Training,-0.448682,-0.138052,0.020476,0.141932,0.320084,0.407021,0.561610,0.813566,1.481516,2.309911,5.355290
1986-09-21,0.781303,Training,-0.455086,-0.162612,-0.000872,0.132273,0.310536,0.392505,0.551732,0.805376,1.506377,2.298209,5.391534
1986-09-22,0.558073,Training,-0.503323,-0.229114,-0.052381,0.125295,0.316824,0.434977,0.620479,0.904632,1.751936,2.729425,6.547186
1986-09-23,0.837110,Training,-0.460680,-0.155154,0.009323,0.130815,0.306768,0.397478,0.555711,0.817201,1.494419,2.347916,5.458637
1986-09-24,0.948724,Training,-0.446850,-0.149344,0.003178,0.114054,0.292013,0.365743,0.510020,0.755889,1.376057,2.145586,4.972336
1986-09-25,0.837110,Training,-0.421763,-0.126620,0.009950,0.103330,0.282631,0.346133,0.465364,0.698759,1.245449,1.927816,4.427818
1986-09-26,1.004532,Training,-0.417254,-0.123259,0.009620,0.101180,0.283670,0.344758,0.459187,0.692636,1.227936,1.895333,4.319514
1986-09-27,1.060339,Training,-0.411046,-0.118964,0.012581,0.102078,0.284986,0.343458,0.454903,0.682655,1.207678,1.861803,4.242019
1986-09-28,0.837110,Training,-0.405477,-0.113788,0.016738,0.103790,0.286698,0.343718,0.451900,0.675800,1.194013,1.839509,4.188089
1986-09-29,0.669688,Training,-0.408267,-0.114472,0.015970,0.108231,0.299681,0.359588,0.470321,0.704474,1.241660,1.901150,4.251264
1986-09-30,0.725495,Training,-0.412888,-0.115328,0.015692,0.116082,0.318901,0.383543,0.499651,0.748703,1.315848,1.996970,4.367553
1986-10-01,0.892917,Training,-0.422383,-0.118802,0.012275,0.132526,0.359413,0.431385,0.561630,0.841936,1.466944,2.193204,4.622901
1986-10-02,0.781303,Training,-0.423835,-0.112535,0.018389,0.158664,0.412648,0.488755,0.636998,0.944082,1.628604,2.403758,4.932608
1986-10-03,0.837110,Training,-0.441080,-0.148456,-0.004456,0.139886,0.369143,0.437571,0.596500,0.889258,1.595915,2.364235,5.111713
1986-10-04,0.781303,Training,-0.411561,-0.119945,0.009574,0.106443,0.299880,0.358482,0.473633,0.713999,1.247248,1.916022,4.284709
1986-10-05,0.558073,Training,-0.419196,-0.125510,0.006684,0.117215,0.325253,0.383877,0.513629,0.771356,1.347575,2.049050,4.501229
1986-10-06,0.613881,Training,-0.412687,-0.123112,0.010595,0.118498,0.320345,0.372366,0.501535,0.750290,1.316869,2.000531,4.478148
1986-10-07,0.613881,Training,-0.456854,-0.194970,-0.037929,0.103920,0.288935,0.360249,0.514937,0.761289,1.426462,2.185699,5.212883
1986-10-08,1.060339,Training,-0.426620,-0.140762,0.003029,0.103512,0.283652,0.343637,0.477157,0.712987,1.272396,1.988686,4.623662
1986-10-09,0.725495,Training,-0.415074,-0.121920,0.015184,0.110063,0.297956,0.355888,0.484483,0.717483,1.260510,1.964992,4.505165
1986-10-10,0.725495,Training,-0.406995,-0.116646,0.011814,0.104394,0.300078,0.350138,0.471565,0.711345,1.234200,1.906657,4.316227
1986-10-11,0.669688,Training,-0.460709,-0.197444,-0.041092,0.100177,0.290753,0.360275,0.521058,0.778449,1.453752,2.228742,5.276019
1986-10-12,0.613881,Training,-0.525112,-0.263872,-0.085832,0.101747,0.316267,0.436252,0.644289,0.957110,1.838280,2.929333,7.033742
1986-10-13,0.558073,Training,-0.495691,-0.196515,-0.013190,0.128729,0.323176,0.417863,0.623349,0.928724,1.721876,2.757405,6.420805
1986-10-14,0.613881,Training,-0.554049,-0.281515,-0.092581,0.113129,0.347962,0.490904,0.732602,1.092374,2.106322,3.445094,8.237206
1986-10-15,1.506798,Training,-0.497427,-0.184680,-0.001594,0.140714,0.348423,0.453705,0.666917,0.999353,1.839574,2.952028,6.782108
1986-10-16,0.669688,Training,-0.460874,-0.147736,0.012094,0.127234,0.335726,0.418598,0.598206,0.890559,1.593746,2.537298,5.765045
1986-10-17,0.725495,Training,-0.453681,-0.141398,0.010571,0.124869,0.345895,0.422696,0.597418,0.903077,1.614343,2.519908,5.606264
1986-10-18,0.558073,Training,-0.436458,-0.125821,0.013831,0.113625,0.336527,0.407267,0.562633,0.859216,1.506676,2.346344,5.137872
1986-10-19,0.558073,Training,-0.430392,-0.123948,0.013235,0.109509,0.333824,0.398723,0.550371,0.841652,1.471564,2.285905,4.981376
1986-10-20,0.502266,Training,-0.425257,-0.121441,0.013905,0.107772,0.333680,0.394868,0.543434,0.832189,1.451077,2.248845,4.880653
1986-10-21,0.558073,Training,-0.420703,-0.117455,0.015995,0.108725,0.337661,0.397432,0.543487,0.831932,1.444714,2.234929,4.817482
1986-10-22,0.502266,Training,-0.419958,-0.118372,0.012459,0.104059,0.335305,0.393584,0.537364,0.829596,1.436870,2.224105,4.757314
1986-10-23,0.502266,Training,-0.434262,-0.139467,-0.000307,0.104872,0.339282,0.396666,0.555575,0.861839,1.520059,2.338397,5.006786
1986-10-24,0.613881,Training,-0.480677,-0.195843,-0.035774,0.112753,0.353302,0.434954,0.633796,0.980194,1.812193,2.770416,6.001723
1986-10-25,1.060339,Training,-0.445593,-0.137367,0.004737,0.116964,0.366705,0.444553,0.615545,0.950541,1.664065,2.584372,5.396735
1986-10-26,0.558073,Training,-0.440134,-0.131356,0.004142,0.111748,0.366258,0.439460,0.605254,0.941610,1.636186,2.536906,5.223421
1986-10-27,0.446459,Training,-0.434311,-0.122626,0.008120,0.119027,0.387175,0.461376,0.624802,0.976918,1.682028,2.577755,5.190656
1986-10-28,0.502266,Training,-0.437494,-0.120370,0.011194,0.138289,0.428338,0.510174,0.685142,1.067549,1.828607,2.766910,5.414130
1986-10-29,0.502266,Training,-0.441365,-0.115291,0.016831,0.175792,0.506378,0.601755,0.799687,1.236735,2.099219,3.119370,5.845796
1986-10-30,0.390651,Training,-0.440254,-0.110042,0.020615,0.192109,0.541835,0.641092,0.848793,1.311761,2.212217,3.271143,6.013724
1986-10-31,0.390651,Training,-0.429766,-0.107599,0.019965,0.163544,0.476669,0.560631,0.744343,1.156627,1.952478,2.919651,5.527735
1986-11-01,0.669688,Training,-0.438296,-0.116851,0.016403,0.175816,0.501794,0.585565,0.789251,1.225174,2.085870,3.107412,5.869830
1986-11-02,0.502266,Training,-0.412035,-0.104897,0.017273,0.119271,0.378655,0.441931,0.593381,0.934154,1.576528,2.428401,4.867610
1986-11-03,0.446459,Training,-0.411319,-0.103457,0.019013,0.121087,0.382508,0.445339,0.599266,0.942279,1.589477,2.448410,4.894102
1986-11-04,0.502266,Training,-0.412895,-0.102670,0.018844,0.123989,0.392322,0.458354,0.614706,0.971519,1.634588,2.512371,4.954497
1986-11-05,0.502266,Training,-0.413484,-0.101611,0.019562,0.127370,0.400679,0.469378,0.627703,0.994904,1.670964,2.563876,5.001080
1986-11-06,0.502266,Training,-0.413930,-0.100564,0.020879,0.131032,0.409139,0.479793,0.640783,1.016455,1.705180,2.613086,5.057723
1986-11-07,0.502266,Training,-0.416358,-0.100333,0.021028,0.136490,0.422877,0.498893,0.663285,1.056924,1.769125,2.704010,5.145687
1986-11-08,0.502266,Training,-0.418730,-0.103828,0.021667,0.143754,0.433996,0.510107,0.681218,1.082055,1.821669,2.771960,5.273488
1986-11-09,0.446459,Training,-0.422513,-0.100614,0.023343,0.154365,0.460111,0.550170,0.724720,1.159804,1.938988,2.937977,5.410685
1986-11-10,0.446459,Training,-0.424108,-0.099835,0.027941,0.172832,0.492467,0.587326,0.772574,1.225866,2.055069,3.084282,5.634135
1986-11-11,1.674220,Training,-0.715488,-0.256948,0.011460,0.513649,1.078038,1.614346,2.243574,3.885884,6.424473,11.253524,22.204901
1986-11-12,3.460054,Training,-0.595739,-0.099711,0.267118,0.720089,1.306095,1.872321,2.523542,4.135934,7.660431,12.610117,23.485857
1986-11-13,3.739091,Training,-0.704248,-0.116139,0.329044,1.192737,2.059322,3.270180,4.198624,7.587988,13.332848,23.176764,44.068062
1986-11-14,4.911044,Training,-0.538175,0.478931,1.483377,3.410885,5.074821,8.039955,9.872304,18.028698,30.846910,48.409641,79.008392
1986-11-15,6.473649,Training,-0.430665,0.472921,1.261558,2.346001,3.687480,5.329350,6.628036,10.989533,19.240196,30.096849,50.911839
1986-11-16,2.120678,Training,-0.472846,0.215807,0.661063,1.530685,2.609204,3.643554,4.490042,7.261112,12.549500,19.095322,32.351292
1986-11-17,1.395183,Training,-0.451007,0.183310,0.547318,1.413214,2.488708,3.404591,4.168604,6.588687,11.200279,16.395088,27.115147
1986-11-18,1.283568,Training,-0.449722,0.119045,0.435472,1.257742,2.298101,3.090137,3.836391,5.923063,9.974860,14.299968,22.801544
1986-11-19,1.060339,Training,-0.434048,0.099939,0.403586,1.215893,2.277446,3.014866,3.793005,5.735398,9.535786,13.462509,20.674353
1986-11-20,1.116146,Training,-0.431512,0.076987,0.376375,1.234664,2.335057,3.037354,3.894767,5.811249,9.752500,13.636480,20.998716
1986-11-21,1.283568,Training,-0.404500,0.099566,0.389065,1.274468,2.452100,3.151710,4.077410,5.942854,9.884877,13.663496,20.773193
1986-11-22,1.339376,Training,-0.389051,0.129213,0.449634,1.441059,2.702115,3.470226,4.513263,6.499863,10.860899,14.949239,22.822090
1986-11-23,1.395183,Training,-0.356287,0.173884,0.492891,1.539078,2.892937,3.719069,4.781993,6.821324,11.110198,15.181127,22.603767
1986-11-24,1.283568,Training,-0.330020,0.205413,0.518469,1.575627,2.969097,3.798467,4.858578,6.861846,11.003373,14.878053,21.791262
1986-11-25,1.283568,Training,-0.301325,0.241783,0.562496,1.636245,3.057076,3.888836,4.947689,6.954436,11.000283,14.732040,21.230724
1986-11-26,1.171954,Training,-0.269631,0.277636,0.598189,1.721559,3.205797,4.043041,5.160939,7.169937,11.224977,14.927839,21.357731
1986-11-27,1.171954,Training,-0.210586,0.362788,0.702328,1.938817,3.552211,4.447236,5.653276,7.736698,11.903613,15.651395,22.074980
1986-11-28,1.171954,Training,-0.176395,0.411121,0.761681,2.053297,3.719383,4.645909,5.886869,8.008646,12.165990,15.938383,22.224382
1986-11-29,1.283568,Training,-0.055807,0.595039,0.994583,2.519847,4.457355,5.515398,6.935092,9.229522,13.676007,17.665340,24.182642
1986-11-30,1.116146,Training,-0.247859,0.286692,0.600136,1.672016,3.063906,3.823977,4.830400,6.752683,10.456206,13.689990,19.200979
1986-12-01,1.116146,Training,-0.198158,0.363866,0.692549,1.857670,3.391859,4.219664,5.317895,7.325290,11.173287,14.567743,20.156191
1986-12-02,1.060339,Training,-0.292394,0.209581,0.488293,1.405217,2.637809,3.304381,4.163356,5.929359,9.280653,12.207962,17.173124
1986-12-03,1.060339,Training,-0.376480,0.047552,0.266087,0.845692,1.658469,2.106985,2.609825,3.960894,6.377097,8.464840,12.179305
1986-12-04,1.060339,Training,-0.378933,0.042941,0.260524,0.820794,1.611500,2.050588,2.533438,3.866653,6.237930,8.295614,11.943283
1986-12-05,1.004532,Training,-0.378527,0.043544,0.261562,0.816762,1.602192,2.038768,2.518031,3.848772,6.213176,8.271641,11.909442
1986-12-06,0.892917,Training,-0.377931,0.046200,0.274032,0.857779,1.664396,2.113463,2.622935,4.006221,6.493550,8.626303,12.451300
1986-12-07,0.892917,Training,-0.383402,0.042601,0.285047,0.910264,1.739882,2.213407,2.770258,4.230567,6.925206,9.199963,13.413828
1986-12-08,3.069403,Training,-0.491620,0.007653,0.349472,1.268540,2.355402,3.276769,4.207770,6.579826,11.312645,16.390871,25.210531
1986-12-09,2.399715,Training,-0.473809,0.073781,0.466558,1.475057,2.636432,3.655263,4.678577,7.257188,12.653387,18.028496,28.383171
1986-12-10,1.283568,Training,-0.366142,0.214699,0.621075,1.611812,2.872487,3.799519,4.800352,7.146056,11.849654,16.367195,24.508678
1986-12-11,1.116146,Training,-0.313377,0.287728,0.710436,1.780727,3.072448,4.000031,5.026444,7.383901,12.105280,16.247953,24.009708
1986-12-12,1.339376,Training,-0.344428,0.206312,0.530144,1.531356,2.751489,3.598627,4.502958,6.656610,10.866620,14.551254,21.489050
1986-12-13,1.674220,Training,-0.458705,0.345553,0.905323,2.600674,4.402106,6.270693,7.813653,12.129602,19.958698,28.774027,44.248627
1986-12-14,8.092062,Training,-0.316348,0.606301,1.282211,3.350377,5.676813,7.804996,9.933602,14.715075,25.249166,34.702805,56.002918
1986-12-15,4.911044,Training,-0.261670,0.614589,1.172475,3.106966,5.244756,6.898949,8.672893,12.502565,20.785751,28.543509,45.726070
1986-12-16,4.297164,Training,-0.136853,0.757087,1.257106,3.169071,5.340360,6.880037,8.410453,11.837293,18.689463,24.872725,38.053070
1986-12-17,3.236825,Training,-0.099979,0.751311,1.247260,3.005934,5.054759,6.441508,7.880284,10.952151,17.045168,22.319084,32.884247
1986-12-18,3.069403,Training,-0.050252,0.782078,1.313348,2.987958,5.028602,6.330816,7.804959,10.743131,16.537832,21.433176,30.703312
1986-12-19,2.846173,Training,-0.092471,0.677163,1.141640,2.762794,4.702743,5.923014,7.336675,10.151776,15.729285,20.348080,29.259672
1986-12-20,2.734559,Training,-0.082782,0.661034,1.132113,2.783460,4.729457,5.907386,7.399875,10.209486,15.831628,20.521946,29.530775
1986-12-21,2.734559,Training,-0.067426,0.697471,1.224021,2.968949,4.939239,6.172627,7.772282,10.707525,16.706429,21.789515,31.555811
1986-12-22,2.846173,Training,-0.052779,0.713498,1.198644,2.909224,4.931922,6.213442,7.748789,10.633462,16.367449,21.217878,30.335855
1986-12-23,2.734559,Training,0.096177,0.917541,1.524820,3.225783,5.424047,6.732691,8.387777,11.303932,16.919983,21.694460,30.110519
1986-12-24,2.399715,Training,0.239406,1.112294,1.779269,3.636640,6.061676,7.460016,9.225541,12.321349,17.995811,22.869255,31.476391
1986-12-25,2.399715,Training,0.255087,1.165875,1.844334,3.808224,6.263345,7.693535,9.519965,12.625738,18.444447,23.225529,31.552324
1986-12-26,2.399715,Training,0.280416,1.221318,1.835018,4.053440,6.619135,8.115179,9.971674,13.174294,19.156376,24.004446,32.664158
1986-12-27,2.399715,Training,-0.056602,0.599618,1.017756,2.433195,4.177503,5.178578,6.508075,8.934603,13.625613,17.278563,23.739199
1986-12-28,2.399715,Training,-0.016820,0.666085,1.100712,2.524525,4.290697,5.309483,6.621784,9.024883,13.632568,17.151024,23.227694
1986-12-29,2.511330,Training,0.108398,0.863078,1.388953,2.958496,4.921150,6.049160,7.543874,10.066463,14.895922,18.546919,24.580935
1986-12-30,2.399715,Training,0.076658,0.813116,1.332970,2.834048,4.724672,5.819309,7.276704,9.775505,14.579165,18.208769,24.151440
1986-12-31,2.399715,Training,0.161683,0.959662,1.492860,3.248098,5.364567,6.587375,8.171680,10.891118,16.027441,19.960995,26.500786
1987-01-01,2.232293,Training,-0.152164,0.421210,0.789157,1.880465,3.217785,4.014654,5.040429,7.150993,11.131574,14.139495,19.383764
1987-01-02,2.232293,Training,-0.132244,0.458662,0.830216,1.940513,3.313727,4.141756,5.169928,7.299119,11.288806,14.310986,19.463448
1987-01-03,2.288100,Training,-0.131801,0.466968,0.846090,1.896885,3.231123,4.049088,5.042547,7.112871,11.012320,13.925220,18.763359
1987-01-04,2.120678,Training,-0.110073,0.498856,0.911970,1.939041,3.289316,4.117305,5.150109,7.225476,11.168777,14.098746,18.782770
1987-01-05,2.009064,Training,-0.076607,0.539759,0.985879,2.018526,3.421185,4.277096,5.360692,7.491320,11.515435,14.535241,19.232334
1987-01-06,2.120678,Training,-0.034952,0.600338,1.073220,2.171930,3.660720,4.569128,5.724308,7.944978,12.113507,15.242860,20.087942
1987-01-07,2.120678,Training,-0.021682,0.636776,1.112406,2.283880,3.812080,4.754823,5.946656,8.210468,12.491178,15.638410,20.543488
1987-01-08,2.120678,Training,-0.112148,0.586847,1.115570,2.558779,4.079514,5.221393,6.587336,9.287905,14.840948,19.232445,26.814899
1987-01-09,2.957788,Training,-0.207915,1.252799,2.315823,5.655066,8.335969,11.723144,14.276187,21.707027,33.531532,43.898624,60.932507
1987-01-10,15.123784,Training,0.181841,1.914854,3.278306,6.983438,10.914262,14.639277,18.172871,25.556561,41.407616,52.969608,78.655464
1987-01-11,7.254952,Training,0.408893,2.297151,3.719889,7.457273,11.037410,14.050965,16.977417,22.856493,35.646389,46.591152,68.165970
1987-01-12,9.208208,Training,0.949203,4.474914,6.981786,14.272239,20.865047,26.764915,30.904156,41.460426,60.654732,77.089020,103.380653
1987-01-13,15.123784,Training,1.953560,6.706291,10.681586,20.070658,28.637167,35.560806,41.112713,52.865753,79.756126,99.526978,134.380127
1987-01-14,11.384694,Training,2.749761,7.159339,10.307570,17.517939,25.776308,30.767336,34.691162,44.260361,60.795521,76.790085,111.961777
1987-01-15,8.538520,Training,3.107109,7.831074,11.383821,18.839922,26.481758,31.518068,35.219013,44.296909,60.126053,76.709351,108.751976
1987-01-16,7.868832,Training,3.306314,7.694658,10.514003,17.718752,25.340712,29.855289,32.870609,41.111187,53.987503,65.919823,92.188850
1987-01-17,6.641071,Training,3.257679,7.141324,9.664475,16.327093,23.089977,26.931149,29.716890,36.881134,47.467030,57.682217,78.446838
1987-01-18,5.915576,Training,3.716759,7.317938,9.848654,16.318092,22.922514,26.493006,29.204983,35.938553,44.668926,54.210564,72.301483
1987-01-19,5.748154,Training,3.380901,6.841306,9.125963,15.608028,21.707661,25.222597,28.063705,34.252659,43.312187,51.699978,67.287697
1987-01-20,5.413310,Training,3.212245,6.260829,8.453312,14.327442,20.046427,23.311478,26.188522,31.867125,40.002331,47.700546,61.116623
1987-01-21,5.245888,Training,3.084105,5.822526,7.912055,13.367785,18.827608,21.975632,24.837381,30.217623,37.766811,44.959702,57.043850
1987-01-22,4.911044,Training,2.882554,5.554712,7.484799,12.957595,18.220270,21.366776,24.215046,29.401493,37.158421,43.917439,55.351379
1987-01-23,4.911044,Training,2.741232,5.361593,7.385132,13.112785,18.073196,21.237413,24.170809,29.673695,38.208736,45.663994,58.502705
1987-01-24,4.911044,Training,2.661646,5.106639,6.820786,12.549652,17.704630,20.959558,23.806421,29.267933,37.421535,44.785004,57.418594
1987-01-25,4.743622,Training,2.359057,4.798718,6.887158,12.668091,17.392567,20.770170,23.950117,29.768045,39.203007,48.562038,63.023090
1987-01-26,5.915576,Training,1.531061,5.661374,8.418213,16.160511,22.913538,28.737833,32.396915,41.899254,56.078609,75.498940,96.907372
1987-01-27,11.384694,Training,2.832161,8.917336,13.842435,25.336279,35.982506,44.030682,50.492943,63.270351,91.483955,122.619156,162.564392
1987-01-28,16.072509,Training,2.617742,8.646845,12.937488,23.756966,33.710079,40.865791,45.952915,57.250561,80.578255,106.423515,139.600555
1987-01-29,16.742197,Training,3.970942,12.107956,18.027567,31.095221,43.295116,51.280380,56.984573,69.144554,95.937630,125.902382,164.272507
1987-01-30,15.458628,Training,4.942238,13.807808,20.256119,33.851181,46.278023,54.159046,60.105812,72.229141,100.186615,130.477783,174.089325
1987-01-31,15.123784,Training,4.137895,10.440168,14.201620,24.480801,34.657372,40.740086,45.155418,55.750221,74.726967,94.162773,133.959991
1987-02-01,11.161464,Training,2.956672,8.556572,12.354239,21.635508,30.536289,36.680607,40.671730,50.480618,67.897438,90.870491,119.759384
1987-02-02,20.537095,Training,4.391648,12.047861,17.801086,30.196865,41.292717,48.951504,54.327873,66.273262,92.184273,119.826515,160.805374
1987-02-03,18.081572,Training,3.999738,10.089610,13.709416,23.500530,32.950748,38.800434,42.726887,52.719097,70.791977,88.411957,125.460663
1987-02-04,12.500840,Training,4.359927,9.807474,12.581943,21.416014,29.627701,34.217514,36.637360,44.951000,57.398689,70.506844,98.218536
1987-02-05,10.380162,Training,4.581278,9.571856,12.197580,20.485357,27.949409,32.027367,34.211796,41.555347,51.781990,62.504936,84.228371
1987-02-06,9.431438,Training,4.417739,8.761256,11.268045,18.837364,25.580341,29.281963,31.652750,38.020653,46.893723,55.948311,73.020058
1987-02-07,8.984979,Training,4.096052,7.907036,10.218061,17.234510,23.472368,26.976475,29.481379,35.241913,43.441151,51.513309,66.000061
1987-02-08,8.315291,Training,3.877867,7.367362,9.473468,16.214067,22.160788,25.613127,28.114492,33.553017,41.396568,48.861816,62.118641
1987-02-09,8.538520,Training,3.412588,7.306509,10.602789,17.533947,23.234774,27.723242,30.861755,37.547039,48.107239,61.046890,77.546074
1987-02-10,11.663730,Training,3.103582,9.518670,13.974439,23.797003,32.646137,39.643562,43.879520,53.673870,72.051193,96.143097,125.032547
1987-02-11,41.129997,Training,4.769536,14.254430,20.947081,35.041630,48.081211,56.785419,62.745644,75.050003,102.992722,137.862564,180.158600
1987-02-12,34.712155,Training,6.633077,16.627718,22.299768,35.503571,48.272579,55.913609,61.261349,72.966064,95.589981,121.818329,172.180832
1987-02-13,21.318397,Training,6.893547,15.261892,20.354977,32.352390,42.183037,48.446281,52.612389,62.838493,80.841873,103.334038,145.320358
1987-02-14,19.476756,Training,6.321265,13.271811,16.539858,27.215712,36.082729,41.740181,44.213272,52.952435,65.903214,81.015503,112.684547
1987-02-15,18.416416,Training,5.619606,11.239036,14.271293,23.706453,31.155775,35.881718,38.391258,45.874199,56.833878,69.195160,93.691078
1987-02-16,15.123784,Training,4.874434,9.744903,12.987892,21.710846,28.267563,32.718296,35.605999,42.788181,53.784916,66.337326,88.749908
1987-02-17,18.081572,Training,3.908525,8.067313,10.926673,18.804049,24.896307,29.163616,32.081707,39.031143,49.901249,62.143078,83.573380
1987-02-18,20.537095,Training,3.122377,6.804616,9.466098,16.128601,21.534561,25.425591,28.268965,34.459091,44.711788,55.794392,74.602303
1987-02-19,18.081572,Training,3.466239,7.054853,9.463881,15.915290,21.849506,25.707487,28.327066,34.406387,43.169106,53.248684,70.565651
1987-02-20,15.737665,Training,2.940111,5.972471,8.104151,13.819138,19.200916,22.577368,25.110262,30.702097,38.776085,47.710632,62.890427
1987-02-21,16.072509,Training,2.256635,5.051891,7.417692,12.647770,17.325743,20.822472,23.633089,29.318605,38.683701,49.186504,65.543571
1987-02-22,16.072509,Training,2.048584,4.671842,6.450780,11.546422,16.503780,19.905943,22.466360,28.045368,36.920036,45.738388,61.597153
1987-02-23,20.927746,Training,2.050581,5.091825,7.544180,13.225286,17.891088,21.771212,24.690933,30.622141,41.439301,53.328743,71.393692
1987-02-24,45.817812,Training,2.090156,7.490370,11.033243,20.440382,28.510862,35.309864,39.254719,49.019230,66.146660,88.145912,114.004875
1987-02-25,107.429096,Training,3.890336,10.925130,16.340603,27.984850,38.625919,46.368855,52.968544,64.421135,90.545509,117.799927,163.928238
1987-02-26,36.274760,Training,4.454468,10.900908,14.329810,24.446365,33.627121,39.533554,43.070614,52.366539,68.689659,87.526077,125.578926
1987-02-27,28.294313,Training,5.127388,10.953111,13.783421,23.338175,31.337173,36.531384,38.974682,47.006340,58.847183,73.400536,102.490128
1987-02-28,24.499415,Training,4.564867,8.992458,11.441343,19.785254,26.632420,31.163792,33.783829,40.405964,49.873219,61.320992,82.494347
1987-03-01,22.155507,Training,3.457004,6.810582,8.752885,15.625324,21.455975,25.092484,27.474195,33.157825,41.128826,50.243858,66.196800
1987-03-02,20.313865,Training,2.061114,4.309104,5.644181,10.625887,15.178103,17.945665,20.029655,24.634470,31.410378,38.402008,50.089378
1987-03-03,19.253526,Training,2.043555,4.343638,5.634216,10.588655,15.108283,17.822266,19.756365,24.340303,31.052778,37.901001,49.560833
1987-03-04,17.858343,Training,1.681850,3.693094,4.812214,9.174323,13.245552,15.680865,17.472092,21.664417,27.975294,34.072987,44.454960
1987-03-05,17.188655,Training,1.647038,3.570433,4.669438,8.933880,12.904929,15.296537,17.095716,21.124706,27.157389,33.105145,42.892506
1987-03-06,16.574775,Training,1.625980,3.478379,4.548415,8.702647,12.574519,14.906315,16.680939,20.526321,26.290016,32.002712,41.088680
1987-03-07,15.626050,Training,1.481640,3.236844,4.206490,8.063407,11.729238,13.899842,15.526147,19.179005,24.727022,29.943708,38.373718
1987-03-08,15.291206,Training,1.328293,2.966652,3.899634,7.537928,10.986776,13.030757,14.628574,18.134216,23.584406,28.631432,36.761311
1987-03-09,14.677326,Training,1.142951,2.783316,3.998939,7.687148,10.810120,12.989607,14.907196,18.515615,25.126993,31.557144,41.255390
1987-03-10,14.398289,Training,1.078773,2.679725,3.609398,7.185735,10.496391,12.691741,14.331787,18.032530,24.150150,30.007383,39.676102
1987-03-11,13.784409,Training,1.200268,2.825919,3.800775,7.505762,10.878923,13.025630,14.717319,18.309530,24.210207,30.041821,39.265915
1987-03-12,14.398289,Training,1.036038,2.807341,4.125456,7.942258,11.220774,13.799545,15.766817,19.766253,27.095377,35.519917,46.304058
1987-03-13,14.956362,Training,1.050628,2.988741,4.338045,8.597713,12.146073,14.943668,17.099836,21.693417,30.488644,39.692577,55.227802
1987-03-14,14.956362,Training,1.023277,2.832741,3.821541,7.723791,11.329873,13.800629,15.497370,19.655367,26.805672,34.219131,47.038048
1987-03-15,13.226335,Training,0.737525,2.162850,2.877397,5.872769,8.684703,10.517015,11.830159,15.113815,20.757011,25.726042,34.498676
1987-03-16,12.110189,Training,0.646866,1.933734,2.569641,5.233871,7.783561,9.419567,10.619656,13.601878,18.730827,22.901951,30.258713
1987-03-17,11.328886,Training,0.665761,1.933609,2.547023,5.140080,7.653537,9.229046,10.382908,13.228026,18.119656,21.959911,28.694023
1987-03-18,10.826621,Training,0.696790,1.968705,2.581550,5.144010,7.651775,9.197258,10.341720,13.101286,17.894527,21.549644,27.923021
1987-03-19,10.547584,Training,0.673869,1.900774,2.499568,4.934384,7.347435,8.832747,9.955234,12.574593,17.209291,20.589884,26.474285
1987-03-20,10.101125,Training,0.667322,1.865413,2.482893,4.803031,7.154061,8.599631,9.752643,12.249990,16.792074,20.013580,25.466105
1987-03-21,9.598859,Training,0.678767,1.891692,2.627178,5.119860,7.408685,8.876842,10.184966,12.793897,17.877726,21.448738,27.817205
1987-03-22,9.375630,Training,0.649961,1.833177,2.449975,4.871249,7.220239,8.702578,9.840849,12.460089,17.136442,20.604816,26.554216
1987-03-23,8.929172,Training,0.671139,1.852088,2.458312,4.883626,7.259209,8.718594,9.852836,12.424747,16.987316,20.396786,26.144003
1987-03-24,10.101125,Training,0.583403,1.975832,2.960822,5.832816,8.540927,10.687701,12.470387,15.779890,22.031551,28.595242,36.713131
1987-03-25,21.039361,Training,0.519812,2.078932,3.266073,6.853323,9.729822,12.318331,14.497410,18.627022,28.116278,37.218460,52.098263
1987-03-26,16.853811,Training,0.639683,2.227324,3.088174,6.470312,9.579044,11.880568,13.526475,17.444040,25.081022,32.172142,45.385212
1987-03-27,12.110189,Training,0.936339,2.586655,3.402740,6.829414,10.000069,12.074818,13.501911,17.075338,23.320721,29.199717,39.451473
1987-03-28,11.049850,Training,0.948592,2.515189,3.304074,6.529450,9.493036,11.360004,12.693700,16.044487,21.752373,26.856670,35.629913
1987-03-29,10.547584,Training,0.979697,2.502051,3.249621,6.281713,9.196660,11.006097,12.309652,15.403605,20.728149,25.161510,32.543610
1987-03-30,9.598859,Training,1.013344,2.489481,3.234015,6.201184,9.095098,10.846075,12.162624,15.134309,20.244699,24.397278,31.147799
1987-03-31,9.152401,Training,0.812253,2.100113,2.733727,5.314255,7.869211,9.402202,10.576245,13.253048,17.925316,21.431828,27.304598
1987-04-01,8.929172,Validation,0.764398,1.984959,2.660619,5.194709,7.602566,9.024005,10.241346,12.877756,17.601395,21.086472,27.022282
1987-04-02,9.152401,Validation,0.657637,2.024682,2.976527,5.761997,8.372308,10.332982,12.033679,15.134716,21.344656,27.247547,34.838238
1987-04-03,13.226335,Validation,0.547718,2.202784,3.510375,6.909097,9.911821,12.607789,14.853898,19.011263,28.366375,37.909309,50.908237
1987-04-04,15.626050,Validation,0.641824,2.691485,4.243377,8.518373,12.093925,15.457717,18.047920,23.119219,34.987766,47.304893,65.813049
1987-04-05,17.523499,Validation,0.899961,3.050588,4.385314,8.775078,12.593406,15.561213,17.880808,22.925673,33.356022,43.972637,63.467754
1987-04-06,14.398289,Validation,1.072302,3.546907,5.272969,10.049869,14.218475,17.775042,20.180212,25.366421,35.220737,48.905300,65.571754
1987-04-07,26.564286,Validation,1.348664,4.164553,6.180031,11.733786,16.379766,20.212559,23.335707,29.263199,42.104881,57.066441,80.642273
1987-04-08,27.010744,Validation,1.553879,4.674854,6.861590,12.615625,17.612923,21.693855,24.455591,30.373260,42.131577,58.698792,79.529213
1987-04-09,21.764856,Validation,1.751595,4.860317,6.683096,12.323476,17.342640,20.864929,23.398407,29.313070,40.464359,53.595150,76.097847
1987-04-10,18.528031,Validation,1.881760,4.698961,6.136942,11.302983,15.934845,18.859179,20.692801,25.792433,34.259899,44.198807,60.986950
1987-04-11,16.853811,Validation,2.295547,5.132192,6.586715,11.904548,16.632332,19.489531,21.182152,26.184978,33.546986,42.509266,56.653076
1987-04-12,15.291206,Validation,1.707460,3.893519,4.999672,9.314166,13.241421,15.550858,17.080708,21.213306,27.468704,34.183178,44.836273
1987-04-13,14.398289,Validation,1.344935,3.102792,4.024116,7.666507,11.069288,13.068973,14.549127,18.069565,23.575171,29.011141,37.486034
1987-04-14,13.784409,Validation,1.280138,2.875043,3.762314,7.177623,10.371759,12.266724,13.766635,16.960865,22.089363,26.973791,34.264297
1987-04-15,13.505372,Validation,1.260611,2.769320,3.630516,6.903411,9.985657,11.804730,13.278520,16.290400,21.149673,25.653627,32.202641
1987-04-16,12.947299,Validation,1.306634,2.900553,4.071653,7.540491,10.498899,12.346281,14.097567,17.251720,22.913868,28.341768,35.832306
1987-04-17,12.947299,Validation,1.157140,2.639854,3.583892,6.835029,9.742587,11.520392,13.049091,16.171103,21.440317,26.401403,33.621071
1987-04-18,12.110189,Validation,1.136020,2.589932,3.406231,6.532803,9.461031,11.184916,12.564629,15.548929,20.413298,24.918598,31.434874
1987-04-19,11.607923,Validation,1.332574,2.844196,3.668586,6.906751,9.962905,11.704593,13.050843,16.018173,20.568426,24.865211,30.753122
1987-04-20,11.049850,Validation,1.442835,2.959967,3.804781,7.112448,10.245511,11.997570,13.368834,16.319996,20.742260,25.003368,30.470240
1987-04-21,11.049850,Validation,1.205092,2.576219,3.340730,6.314837,9.156770,10.715153,11.998274,14.769006,19.044863,22.921446,28.047462
1987-04-22,10.547584,Validation,0.974476,2.208298,2.860300,5.479041,8.055827,9.476195,10.627922,13.184546,17.207575,20.645424,25.306814
1987-04-23,10.324355,Validation,0.777537,1.907116,2.588506,4.994195,7.232968,8.478268,9.660763,12.098834,16.326290,19.634480,24.495951
1987-04-24,12.110189,Validation,0.730888,2.004598,2.882836,5.523367,7.998655,9.654842,11.164051,14.011207,19.266424,24.586269,30.419159
1987-04-25,11.049850,Validation,0.416633,1.464317,2.124338,4.401610,6.442760,7.815218,9.096567,11.750086,16.911932,21.285458,27.838392
1987-04-26,10.324355,Validation,0.419392,1.411113,1.959466,4.050156,6.076836,7.366515,8.498926,10.904420,15.324814,19.021288,24.328896
1987-04-27,9.822089,Validation,0.376280,1.311153,1.858504,3.766459,5.554244,6.663010,7.713044,9.962617,14.149087,17.263865,22.113981
1987-04-28,9.598859,Validation,0.351572,1.262772,1.814892,3.665799,5.382190,6.462766,7.495863,9.711793,13.893470,16.905378,21.634777
1987-04-29,8.929172,Validation,0.330798,1.229320,1.762241,3.575925,5.271265,6.335011,7.335471,9.531404,13.645151,16.617191,21.255081
1987-04-30,8.705942,Validation,0.311842,1.177174,1.632924,3.313074,4.995967,6.036029,6.918457,8.993207,12.668731,15.351811,19.317522
1987-05-01,8.482713,Validation,0.319030,1.158686,1.606622,3.244056,4.891676,5.889912,6.764192,8.740383,12.251103,14.762184,18.399195
1987-05-02,7.813025,Validation,0.339970,1.181138,1.624767,3.260761,4.924874,5.908093,6.770956,8.731549,12.160241,14.617807,18.128242
1987-05-03,7.589796,Validation,0.343299,1.178438,1.640457,3.296673,4.965050,5.926937,6.827075,8.812428,12.326721,14.828457,18.458330
1987-05-04,7.199145,Validation,0.342867,1.165021,1.608008,3.232457,4.903500,5.877888,6.761155,8.709119,12.142162,14.570000,18.046165
1987-05-05,6.417842,Validation,0.283541,1.073261,1.492405,3.002752,4.576248,5.485325,6.301857,8.202096,11.517307,13.801797,17.145475
1987-05-06,6.250420,Validation,0.254946,1.014354,1.422238,2.872052,4.383256,5.264609,6.063770,7.906189,11.146700,13.346773,16.537153
1987-05-07,5.859769,Validation,0.238564,0.975891,1.376652,2.789588,4.251720,5.120015,5.919143,7.713001,10.926989,13.071524,16.151003
1987-05-08,5.692347,Validation,0.236041,0.976840,1.375960,2.790315,4.265453,5.127238,5.919510,7.731316,10.930625,13.095933,16.218336
1987-05-09,5.357503,Validation,0.240818,0.990276,1.432582,2.917787,4.396617,5.247024,6.116619,7.997118,11.439063,13.733592,17.230875
1987-05-10,5.022659,Validation,0.211301,0.998446,1.546448,3.184272,4.724758,5.771200,6.863099,8.935350,13.185505,16.420774,20.795006
1987-05-11,5.022659,Validation,0.173415,0.961571,1.449601,3.078185,4.617212,5.611172,6.616871,8.754980,12.870267,15.974929,20.701067
1987-05-12,4.576200,Validation,0.191830,0.980234,1.407588,2.970915,4.559669,5.532956,6.454937,8.502786,12.242155,15.093298,19.281029
1987-05-13,4.576200,Validation,0.143482,0.874470,1.256046,2.615767,4.029024,4.886354,5.673839,7.558938,10.896996,13.255135,16.810959
1987-05-14,4.408778,Validation,0.134979,0.844415,1.213488,2.525422,3.900914,4.719689,5.478199,7.305238,10.513392,12.747729,16.088976
1987-05-15,4.241357,Validation,0.149035,0.865558,1.234133,2.556969,3.964105,4.783840,5.545754,7.386121,10.601956,12.824616,16.191597
1987-05-16,4.129742,Validation,0.145719,0.857168,1.222877,2.534785,3.936563,4.742591,5.500166,7.330729,10.524986,12.724985,16.070845
1987-05-17,4.129742,Validation,0.117987,0.807496,1.168293,2.430995,3.776304,4.546537,5.282492,7.079958,10.227089,12.365938,15.650828
1987-05-18,4.241357,Validation,0.078153,0.734186,1.076834,2.257087,3.528325,4.266773,4.958577,6.684697,9.691669,11.735488,14.830149
1987-05-19,4.129742,Validation,0.067496,0.715750,1.054413,2.219429,3.479079,4.204295,4.892743,6.599690,9.576852,11.615629,14.688230
1987-05-20,4.129742,Validation,0.044256,0.667061,1.000050,2.128386,3.355228,4.060576,4.752333,6.409834,9.348399,11.360276,14.372316
1987-05-21,3.683283,Validation,0.033272,0.635003,0.961745,2.054175,3.245905,3.933042,4.634172,6.232022,9.173302,11.135149,14.081924
1987-05-22,3.794898,Validation,-0.001415,0.610176,1.010946,2.211615,3.404976,4.132943,4.966056,6.706224,10.174632,12.514750,16.299768
1987-05-23,3.962320,Validation,-0.010922,0.601270,0.949044,2.082226,3.300063,4.009031,4.730069,6.474543,9.625210,11.854398,15.352651
1987-05-24,3.683283,Validation,-0.043551,0.553678,0.876057,1.933584,3.107241,3.788108,4.470680,6.152343,9.160093,11.333133,14.687279
1987-05-25,3.683283,Validation,-0.049243,0.531613,0.840873,1.855656,3.004827,3.649339,4.307802,5.935849,8.808071,10.874113,14.045105
1987-05-26,3.683283,Validation,-0.045915,0.540680,0.884614,1.979804,3.165140,3.820325,4.562768,6.255203,9.393970,11.598862,15.188130
1987-05-27,3.404247,Validation,-0.034800,0.562380,0.889391,1.989017,3.232670,3.910132,4.637802,6.340778,9.407087,11.643445,15.165532
1987-05-28,3.181017,Validation,-0.036401,0.562561,0.879976,1.977908,3.248778,3.928032,4.661342,6.357004,9.397642,11.660801,15.185863
1987-05-29,2.678751,Validation,-0.108197,0.428204,0.716956,1.638563,2.717316,3.309267,3.931416,5.465232,8.216395,10.194249,13.304039
1987-05-30,2.455522,Validation,-0.130189,0.392761,0.672377,1.546454,2.576557,3.143852,3.726445,5.226866,7.885022,9.800611,12.823332
1987-05-31,2.343908,Validation,-0.142259,0.373108,0.647867,1.502407,2.516220,3.071242,3.643941,5.123626,7.749775,9.649970,12.657630
1987-06-01,2.232293,Validation,-0.159314,0.344865,0.612056,1.434473,2.415435,2.950202,3.507212,4.950789,7.520323,9.389711,12.360175
1987-06-02,2.120678,Validation,-0.172674,0.323785,0.585005,1.383267,2.341079,2.861642,3.403847,4.823712,7.346999,9.195115,12.140110
1987-06-03,1.841642,Validation,-0.193615,0.295722,0.573059,1.390042,2.328224,2.839166,3.412247,4.866668,7.531114,9.451557,12.672170
1987-06-04,2.232293,Validation,-0.205276,0.277566,0.532307,1.292987,2.202694,2.703048,3.223726,4.622087,7.096534,8.953146,11.944045
1987-06-05,2.343908,Validation,-0.223517,0.248009,0.493420,1.214775,2.086078,2.565269,3.065228,4.413984,6.811327,8.626785,11.556822
1987-06-06,2.064871,Validation,-0.232059,0.233275,0.470636,1.162669,2.006405,2.469846,2.944195,4.260721,6.571787,8.335579,11.180545
1987-06-07,1.785834,Validation,-0.250983,0.208126,0.456212,1.157777,1.978414,2.431073,2.920576,4.262627,6.657785,8.476040,11.519847
1987-06-08,1.841642,Validation,-0.254795,0.209042,0.450249,1.136815,1.958071,2.411149,2.884265,4.233294,6.577108,8.416606,11.451281
1987-06-09,1.785834,Validation,-0.237476,0.245567,0.499374,1.251673,2.140191,2.628960,3.145844,4.571002,7.070444,9.006303,12.230455
1987-06-10,1.674220,Validation,-0.294482,0.172553,0.460669,1.236886,2.071020,2.610149,3.179343,4.669394,7.537841,9.798085,13.719591
1987-06-11,1.841642,Validation,-0.305648,0.144802,0.383217,1.042009,1.829589,2.304567,2.775216,4.116936,6.509204,8.510803,11.777927
1987-06-12,1.841642,Validation,-0.334086,0.116438,0.397617,1.136854,1.929697,2.444668,3.010559,4.451799,7.283801,9.579043,13.621240
1987-06-13,2.064871,Validation,-0.338503,0.135107,0.439799,1.262770,2.115699,2.720045,3.352553,4.936445,8.119088,10.829123,15.486277
1987-06-14,1.785834,Validation,-0.342990,0.133529,0.415217,1.184005,2.023182,2.589752,3.163532,4.724772,7.675223,10.251301,14.665472
1987-06-15,1.674220,Validation,-0.334185,0.132448,0.401047,1.133699,1.950947,2.476042,3.018567,4.495036,7.251291,9.583285,13.612947
1987-06-16,1.060339,Validation,-0.311256,0.154055,0.387965,1.053024,1.860571,2.351740,2.822495,4.180379,6.577818,8.623455,11.988720
1987-06-17,1.339376,Validation,-0.309666,0.146617,0.375645,1.028471,1.833304,2.306320,2.771294,4.085164,6.420687,8.372905,11.585301
1987-06-18,1.060339,Validation,-0.303705,0.149945,0.375179,1.015831,1.815877,2.275435,2.724697,4.018403,6.287900,8.165730,11.251984
1987-06-19,1.339376,Validation,-0.308942,0.136666,0.361388,0.990506,1.777674,2.222599,2.666951,3.938825,6.183908,8.030318,11.074826
1987-06-20,1.450990,Validation,-0.312700,0.127144,0.351595,0.970767,1.747640,2.180994,2.620849,3.876191,6.099886,7.921261,10.934640
1987-06-21,1.227761,Validation,-0.313854,0.120888,0.338104,0.935151,1.700395,2.123605,2.548002,3.758620,5.922067,7.688882,10.588338
1987-06-22,1.116146,Validation,-0.319451,0.106260,0.314945,0.872290,1.604505,1.997046,2.402722,3.543894,5.643284,7.341225,10.154036
1987-06-23,0.892917,Validation,-0.324489,0.096922,0.302536,0.843818,1.561754,1.942858,2.338670,3.460289,5.516099,7.191898,9.971952
1987-06-24,0.837110,Validation,-0.331296,0.087872,0.296407,0.840071,1.556530,1.933470,2.337900,3.466858,5.549439,7.249832,10.101594
1987-06-25,0.837110,Validation,-0.332236,0.091007,0.300133,0.856138,1.590335,1.982190,2.393817,3.547712,5.634753,7.365691,10.250089
1987-06-26,0.725495,Validation,-0.336027,0.087354,0.296417,0.854283,1.594121,1.985900,2.406156,3.567245,5.659956,7.408822,10.347709
1987-06-27,0.781303,Validation,-0.340995,0.078211,0.280610,0.817015,1.539195,1.911766,2.326733,3.446350,5.494903,7.218217,10.133403
1987-06-28,0.725495,Validation,-0.341276,0.079727,0.279092,0.817409,1.544011,1.911572,2.333993,3.447285,5.487146,7.232348,10.171576
1987-06-29,0.892917,Validation,-0.367338,0.028653,0.211895,0.644204,1.247885,1.554604,1.891298,2.867412,4.623175,6.170537,8.855002
1987-06-30,0.725495,Validation,-0.359394,0.045362,0.232291,0.702590,1.351805,1.676546,2.050183,3.068928,4.924789,6.541983,9.337737
1987-07-01,0.725495,Training,-0.375424,0.021920,0.212200,0.673359,1.296123,1.597622,1.980403,2.985705,4.871787,6.510931,9.477382
1987-07-02,0.613881,Training,-0.392779,-0.014326,0.161060,0.533119,1.060602,1.312099,1.627401,2.501478,4.126235,5.603407,8.350358
1987-07-03,0.502266,Training,-0.392614,-0.018618,0.143860,0.469332,0.957196,1.188037,1.466871,2.262975,3.703365,5.080756,7.636341
1987-07-04,0.558073,Training,-0.394879,-0.032061,0.121063,0.395855,0.828145,1.023455,1.268028,1.974081,3.244645,4.506536,6.931417
1987-07-05,0.669688,Training,-0.394665,-0.037770,0.109640,0.357423,0.762664,0.936116,1.166090,1.819972,2.998680,4.203447,6.573108
1987-07-06,0.781303,Training,-0.400783,-0.048852,0.100605,0.343553,0.738101,0.901296,1.133942,1.775046,2.950307,4.152964,6.573256
1987-07-07,0.613881,Training,-0.395798,-0.045454,0.096357,0.313595,0.690005,0.840956,1.057107,1.652083,2.731908,3.879935,6.211034
1987-07-08,0.558073,Training,-0.395756,-0.048676,0.090925,0.295489,0.659704,0.800163,1.011165,1.579971,2.616647,3.737435,6.051933
1987-07-09,0.446459,Training,-0.393005,-0.050254,0.087532,0.276299,0.624626,0.750539,0.954710,1.491354,2.490290,3.575809,5.874436
1987-07-10,0.502266,Training,-0.394205,-0.052164,0.083887,0.269390,0.614622,0.740860,0.941149,1.471869,2.442711,3.516521,5.795364
1987-07-11,0.613881,Training,-0.397755,-0.056244,0.080539,0.269865,0.616205,0.744479,0.946122,1.482415,2.448263,3.525326,5.815368
1987-07-12,0.669688,Training,-0.397959,-0.057408,0.078763,0.265438,0.608234,0.734726,0.933890,1.463618,2.417441,3.483339,5.765770
1987-07-13,0.781303,Training,-0.399232,-0.059406,0.076885,0.263414,0.604334,0.730169,0.928506,1.456270,2.402886,3.463873,5.749293
1987-07-14,0.558073,Training,-0.401163,-0.062755,0.074231,0.260966,0.599389,0.723511,0.921776,1.447719,2.388995,3.446386,5.742887
1987-07-15,0.725495,Training,-0.400346,-0.063925,0.071595,0.251484,0.582882,0.702975,0.896548,1.407647,2.326818,3.364739,5.641469
1987-07-16,0.669688,Training,-0.434517,-0.109151,0.046679,0.262899,0.591753,0.721360,0.949203,1.500884,2.578418,3.717099,6.379072
1987-07-17,0.781303,Training,-0.448975,-0.125233,0.037431,0.262129,0.587505,0.728448,0.965417,1.529064,2.657116,3.858942,6.679654
1987-07-18,0.725495,Training,-0.423873,-0.087530,0.059192,0.249458,0.577468,0.709798,0.918965,1.446455,2.420681,3.545580,6.033819
1987-07-19,0.669688,Training,-0.410470,-0.075029,0.063716,0.240738,0.563100,0.685330,0.879661,1.378979,2.287399,3.335593,5.682218
1987-07-20,0.669688,Training,-0.401111,-0.068850,0.064320,0.231577,0.545737,0.659318,0.840444,1.319737,2.179617,3.168560,5.416866
1987-07-21,0.446459,Training,-0.398619,-0.069437,0.061814,0.222042,0.528309,0.637353,0.812197,1.275287,2.112657,3.074654,5.285841
1987-07-22,0.334844,Training,-0.398632,-0.070208,0.060762,0.220045,0.523967,0.631745,0.804386,1.263691,2.089722,3.041931,5.246614
1987-07-23,0.334844,Training,-0.399698,-0.072645,0.058734,0.217500,0.518543,0.624417,0.796128,1.251698,2.071324,3.016325,5.225157
1987-07-24,0.334844,Training,-0.410235,-0.089767,0.047288,0.212206,0.507578,0.609984,0.789911,1.246968,2.097180,3.054214,5.349453
1987-07-25,0.223229,Training,-0.396892,-0.073544,0.055753,0.201524,0.488267,0.588945,0.751860,1.179684,1.968767,2.881330,5.058378
1987-07-26,0.223229,Training,-0.391388,-0.069032,0.059303,0.197484,0.477745,0.573800,0.732427,1.144658,1.921261,2.815550,4.973341
1987-07-27,0.334844,Training,-0.380891,-0.057952,0.068703,0.197453,0.471178,0.562341,0.714115,1.111146,1.873025,2.745775,4.874101
1987-07-28,0.223229,Training,-0.381994,-0.060477,0.065902,0.193369,0.463615,0.553715,0.703884,1.095373,1.846479,2.710126,4.836914
1987-07-29,0.223229,Training,-0.394210,-0.076088,0.050849,0.185521,0.455999,0.548106,0.700518,1.097037,1.834683,2.695483,4.836437
1987-07-30,0.334844,Training,-0.394926,-0.077777,0.049019,0.182183,0.449594,0.540406,0.691397,1.082319,1.810871,2.663090,4.804503
1987-07-31,0.334844,Training,-0.383943,-0.065755,0.059977,0.182884,0.443611,0.530382,0.676069,1.050763,1.774146,2.612496,4.738765
1987-08-01,0.111615,Training,-0.377852,-0.059158,0.066066,0.183702,0.440512,0.524930,0.667225,1.032974,1.748632,2.577877,4.697322
1987-08-02,0.223229,Training,-0.374360,-0.055875,0.068987,0.183150,0.436569,0.519185,0.659007,1.017489,1.724772,2.545943,4.661919
1987-08-03,0.223229,Training,-0.376668,-0.059650,0.064986,0.179502,0.430357,0.512684,0.651495,1.005881,1.705107,2.518762,4.636000
1987-08-04,0.167422,Training,-0.384124,-0.071067,0.053256,0.169876,0.416709,0.498028,0.636438,0.986112,1.667951,2.467919,4.585504
1987-08-05,0.111615,Training,-0.397007,-0.089689,0.037392,0.161002,0.404973,0.483869,0.626820,0.978373,1.654201,2.449598,4.604746
1987-08-06,0.111615,Training,-0.411152,-0.110464,0.024063,0.158848,0.399145,0.477483,0.631773,0.989275,1.704327,2.517969,4.800259
1987-08-07,0.111615,Training,-0.423668,-0.126714,0.013753,0.157249,0.393812,0.476126,0.638539,0.999457,1.746599,2.581377,4.982910
1987-08-08,0.167422,Training,-0.399663,-0.093049,0.034177,0.150974,0.383454,0.463545,0.601309,0.933363,1.580493,2.362611,4.537640
1987-08-09,0.279037,Training,-0.396326,-0.090954,0.034552,0.149037,0.379330,0.455468,0.590025,0.913640,1.544584,2.306235,4.452813
1987-08-10,0.279037,Training,-0.390635,-0.086885,0.035736,0.146146,0.372341,0.444913,0.572790,0.887453,1.496760,2.232802,4.336902
1987-08-11,0.279037,Training,-0.383187,-0.079636,0.041845,0.146404,0.367829,0.438784,0.563131,0.866725,1.470475,2.197335,4.292429
1987-08-12,0.334844,Training,-0.377337,-0.073289,0.047529,0.148431,0.366877,0.436468,0.558180,0.854686,1.452858,2.173216,4.266342
1987-08-13,0.279037,Training,-0.490123,-0.211791,-0.059883,0.127265,0.390689,0.541010,0.725282,1.102214,1.975576,3.055881,6.372381
1987-08-14,0.279037,Training,-0.565062,-0.278298,-0.084724,0.147717,0.414585,0.616886,0.881356,1.337163,2.543185,4.137167,8.870175
1987-08-15,0.167422,Training,-0.507256,-0.175595,0.025937,0.199571,0.430855,0.579432,0.824177,1.235731,2.266939,3.624855,7.439188
1987-08-16,0.279037,Training,-0.450599,-0.142515,0.012718,0.147021,0.361535,0.458802,0.634310,0.956912,1.709808,2.628871,5.373528
1987-08-17,0.223229,Training,-0.407191,-0.101444,0.028178,0.137949,0.348036,0.429467,0.561081,0.854214,1.477892,2.228970,4.517409
1987-08-18,0.111615,Training,-0.398919,-0.095860,0.030377,0.135881,0.342922,0.418744,0.542917,0.826512,1.425763,2.144992,4.361112
1987-08-19,0.279037,Training,-0.394081,-0.093317,0.030981,0.133672,0.337782,0.409819,0.528861,0.805100,1.386652,2.084696,4.257252
1987-08-20,0.223229,Training,-0.397813,-0.101704,0.026941,0.135254,0.338153,0.407406,0.532337,0.810279,1.413951,2.119082,4.351685
1987-08-21,0.167422,Training,-0.396037,-0.100153,0.024951,0.128317,0.327002,0.395171,0.511891,0.780859,1.350705,2.032139,4.199721
1987-08-22,0.167422,Training,-0.397223,-0.102743,0.022052,0.125378,0.322000,0.388307,0.503188,0.768269,1.327718,1.998566,4.154027
1987-08-23,0.167422,Training,-0.393192,-0.098208,0.024043,0.124155,0.318671,0.384111,0.493572,0.752683,1.295558,1.951298,4.071168
1987-08-24,0.223229,Training,-0.392418,-0.098319,0.023219,0.122771,0.315478,0.379505,0.486726,0.742211,1.277017,1.923627,4.032323
1987-08-25,0.279037,Training,-0.390634,-0.097381,0.023168,0.121330,0.311691,0.374593,0.479185,0.729832,1.255594,1.892971,3.989159
1987-08-26,0.390651,Training,-0.387082,-0.094381,0.025399,0.120964,0.308383,0.370644,0.473074,0.716966,1.236521,1.867707,3.960586
1987-08-27,0.334844,Training,-0.385796,-0.093541,0.025839,0.120349,0.305998,0.367707,0.468359,0.708483,1.223171,1.849489,3.940294
1987-08-28,0.334844,Training,-0.436574,-0.163285,-0.015928,0.140849,0.343188,0.440276,0.585431,0.864580,1.603565,2.406682,5.235928
1987-08-29,0.892917,Training,-0.496633,-0.231855,-0.066950,0.118117,0.323597,0.455769,0.631391,0.931484,1.784053,2.774913,6.247191
1987-08-30,0.781303,Training,-0.558520,-0.280981,-0.086956,0.137464,0.359368,0.536917,0.770881,1.138341,2.232080,3.616029,8.254786
1987-08-31,0.669688,Training,-0.534658,-0.230692,-0.033112,0.179787,0.392547,0.542378,0.784304,1.160657,2.241460,3.504312,7.641881
1987-09-01,0.837110,Training,-0.462828,-0.158359,-0.001049,0.146165,0.346601,0.445684,0.616077,0.909275,1.648471,2.533667,5.446295
1987-09-02,0.837110,Training,-0.410910,-0.117043,0.014038,0.115239,0.289030,0.359688,0.474796,0.705700,1.244266,1.910799,4.247618
1987-09-03,0.669688,Training,-0.398108,-0.107176,0.016876,0.112056,0.285623,0.348208,0.451622,0.676751,1.181689,1.803949,4.012994
1987-09-04,0.725495,Training,-0.393921,-0.104913,0.017266,0.110236,0.282676,0.341642,0.441049,0.662482,1.153578,1.760133,3.927631
1987-09-05,0.613881,Training,-0.392350,-0.104541,0.016800,0.108642,0.280330,0.337089,0.434388,0.653605,1.136334,1.734706,3.881169
1987-09-06,0.279037,Training,-0.385765,-0.096612,0.024104,0.113879,0.284497,0.341723,0.437136,0.650186,1.133016,1.730111,3.881204
1987-09-07,0.334844,Training,-0.378686,-0.085908,0.034411,0.123420,0.296009,0.354284,0.448866,0.660784,1.150002,1.753434,3.922629
1987-09-08,0.279037,Training,-0.380660,-0.091036,0.028896,0.116951,0.286793,0.342796,0.435615,0.644289,1.121733,1.714582,3.863989
1987-09-09,0.334844,Training,-0.385384,-0.099522,0.020377,0.108018,0.275474,0.328875,0.420983,0.628265,1.094083,1.676934,3.805769
1987-09-10,0.390651,Training,-0.381977,-0.094301,0.025662,0.112620,0.280370,0.334136,0.425970,0.631215,1.099809,1.684979,3.829041
1987-09-11,0.390651,Training,-0.378942,-0.089452,0.030585,0.117051,0.285556,0.339664,0.431184,0.635563,1.106921,1.695156,3.853934
1987-09-12,0.334844,Training,-0.377949,-0.088200,0.031962,0.118031,0.286563,0.340359,0.431503,0.634944,1.105703,1.694301,3.859818
1987-09-13,0.167422,Training,-0.374696,-0.081840,0.038852,0.125201,0.296208,0.351216,0.443069,0.647568,1.126570,1.723907,3.915365
1987-09-14,0.111615,Training,-0.377055,-0.084543,0.036602,0.123803,0.295305,0.350773,0.442962,0.648404,1.129228,1.727502,3.922848
1987-09-15,0.167422,Training,-0.380349,-0.085282,0.036694,0.128962,0.306114,0.364624,0.459887,0.672507,1.170439,1.781383,3.999603
1987-09-16,0.223229,Training,-0.383770,-0.085401,0.037070,0.136603,0.321958,0.383407,0.483540,0.706209,1.225151,1.851385,4.097757
1987-09-17,0.279037,Training,-0.380877,-0.079323,0.043037,0.145732,0.336473,0.397777,0.501509,0.727893,1.256749,1.892997,4.171409
1987-09-18,0.279037,Training,-0.372414,-0.076909,0.046335,0.137204,0.311867,0.365948,0.463172,0.669676,1.162071,1.771407,4.035952
1987-09-19,0.279037,Training,-0.391988,-0.110270,0.021829,0.122793,0.290896,0.341529,0.450247,0.658320,1.171089,1.781230,4.153556
1987-09-20,0.334844,Training,-0.438532,-0.176266,-0.025520,0.110541,0.275668,0.344468,0.479642,0.699009,1.307382,1.986738,4.770511
1987-09-21,0.446459,Training,-0.411531,-0.130215,0.005910,0.103932,0.264153,0.321885,0.434781,0.642572,1.145901,1.781291,4.201731
1987-09-22,0.892917,Training,-0.469970,-0.213354,-0.053201,0.101990,0.273132,0.357125,0.510312,0.743014,1.416294,2.188505,5.313359
1987-09-23,1.953256,Training,-0.502049,-0.243790,-0.069591,0.110648,0.294085,0.408700,0.586718,0.845175,1.631315,2.570477,6.318294
1987-09-24,0.948724,Training,-0.478493,-0.189403,-0.009980,0.132157,0.295458,0.386212,0.564748,0.815130,1.531491,2.417792,5.812993
1987-09-25,1.004532,Training,-0.516541,-0.252915,-0.072272,0.116175,0.307746,0.429689,0.624128,0.897970,1.737816,2.774113,6.832689
1987-09-26,1.227761,Training,-0.554326,-0.282354,-0.084526,0.130365,0.337306,0.495049,0.724065,1.047708,2.034675,3.321047,8.277209
1987-09-27,0.948724,Training,-0.495813,-0.181784,0.013591,0.165811,0.342297,0.454377,0.658601,0.949534,1.760033,2.829063,6.736753
1987-09-28,0.613881,Training,-0.439403,-0.135495,0.018102,0.126369,0.298548,0.375353,0.520673,0.753031,1.351592,2.134281,5.043556
1987-09-29,0.558073,Training,-0.420833,-0.125069,0.018061,0.117844,0.293639,0.355896,0.486803,0.714083,1.277308,1.981047,4.659722
1987-09-30,0.558073,Training,-0.413768,-0.122771,0.014946,0.107995,0.283246,0.339515,0.461391,0.684884,1.215889,1.885208,4.423950
1987-10-01,0.446459,Training,-0.426811,-0.145600,-0.001970,0.100401,0.275698,0.328997,0.460581,0.690174,1.247426,1.924624,4.543881
1987-10-02,0.446459,Training,-0.428700,-0.148711,-0.006358,0.094643,0.270581,0.323155,0.453529,0.685889,1.237799,1.915463,4.510703
1987-10-03,0.558073,Training,-0.467161,-0.200283,-0.040782,0.093695,0.270740,0.339484,0.497671,0.747035,1.409800,2.169792,5.195336
1987-10-04,0.892917,Training,-0.539781,-0.279604,-0.101585,0.089528,0.304160,0.436677,0.639857,0.952092,1.827321,2.939522,7.198113
1987-10-05,0.390651,Training,-0.531376,-0.236546,-0.034469,0.139472,0.328270,0.445780,0.674754,1.002320,1.934609,3.104397,7.406199
1987-10-06,0.334844,Training,-0.488905,-0.187936,-0.011327,0.124205,0.313563,0.404439,0.594494,0.883151,1.641896,2.619882,6.133939
1987-10-07,0.446459,Training,-0.473404,-0.168156,-0.005264,0.123446,0.324971,0.410894,0.587772,0.881412,1.622084,2.536202,5.796103
1987-10-08,0.558073,Training,-0.455291,-0.150339,0.001072,0.117110,0.323272,0.401798,0.561437,0.848205,1.532665,2.379557,5.341697
1987-10-09,0.613881,Training,-0.515691,-0.236787,-0.064325,0.109996,0.327346,0.438817,0.639262,0.970402,1.867628,2.902611,6.660635
1987-10-10,1.395183,Training,-0.515676,-0.210630,-0.036443,0.129207,0.356152,0.469047,0.679590,1.049669,1.979004,3.075620,6.785602
1987-10-11,1.283568,Training,-0.534055,-0.236655,-0.052216,0.135752,0.367073,0.490667,0.724009,1.103408,2.123620,3.323248,7.423870
1987-10-12,0.669688,Training,-0.473936,-0.152124,0.002771,0.133016,0.365882,0.470261,0.648789,0.987793,1.769286,2.762268,5.933733
1987-10-13,0.613881,Training,-0.471240,-0.150486,-0.002265,0.142695,0.401597,0.500411,0.687057,1.047071,1.863317,2.852761,5.925657
1987-10-14,0.613881,Training,-0.471796,-0.161903,-0.010895,0.137948,0.394087,0.483540,0.674247,1.031226,1.861732,2.817805,5.918983
1987-10-15,0.613881,Training,-0.601676,-0.289353,-0.090710,0.153737,0.462502,0.689293,0.991494,1.481338,2.702571,4.392294,10.680630
1987-10-16,1.283568,Training,-0.560926,-0.206253,0.025765,0.235197,0.501801,0.687554,0.993739,1.513560,2.846034,4.658200,10.212089
1987-10-17,1.283568,Training,-0.506464,-0.158213,0.020813,0.174606,0.431029,0.565042,0.792351,1.194450,2.161571,3.469536,7.415820
1987-10-18,0.725495,Training,-0.485256,-0.141507,0.018292,0.167115,0.442236,0.562048,0.771782,1.180566,2.117698,3.269050,6.725459
1987-10-19,0.558073,Training,-0.656442,-0.307368,-0.093153,0.205572,0.592816,0.923646,1.305906,2.083286,3.831677,6.403989,14.455056
1987-10-20,0.948724,Training,-0.625603,-0.219970,0.072119,0.421008,0.816726,1.182939,1.641358,2.634647,5.129335,8.500458,17.691744
1987-10-21,1.004532,Training,-0.607212,-0.208113,0.039677,0.380261,0.792094,1.107493,1.521051,2.430209,4.640807,7.555608,15.212979
1987-10-22,0.781303,Training,-0.542614,-0.111927,0.096072,0.408072,0.861462,1.151945,1.514741,2.373794,4.232578,6.626137,12.451256
1987-10-23,0.725495,Training,-0.600593,-0.230508,-0.011586,0.322050,0.729337,1.039048,1.411881,2.265351,4.359884,7.013600,13.961219
1987-10-24,1.506798,Training,-0.591371,-0.187181,0.060198,0.392621,0.802570,1.124638,1.535789,2.457178,4.683623,7.523105,14.985360
1987-10-25,1.171954,Training,-0.566686,-0.163234,0.061667,0.369209,0.782737,1.060092,1.445637,2.273227,4.226776,6.688382,13.030305
1987-10-26,1.060339,Training,-0.620508,-0.204032,0.052151,0.516998,1.070171,1.544896,2.061095,3.309875,6.430411,10.535981,20.893356
1987-10-27,2.176486,Training,-0.655028,-0.167483,0.191573,0.874608,1.628014,2.506376,3.220141,5.446524,10.625119,17.880785,34.862419
1987-10-28,2.064871,Training,-0.568028,-0.046407,0.268298,0.772228,1.413416,2.018738,2.578899,4.159679,7.450225,11.939039,21.880400
1987-10-29,1.674220,Training,-0.546144,-0.075253,0.170853,0.609605,1.189892,1.627792,2.091830,3.317286,5.910741,9.159570,16.433479
1987-10-30,3.850705,Training,-0.533684,0.720723,1.920388,5.200198,6.906357,10.770514,13.204873,24.167076,43.460541,66.902924,106.588173
1987-10-31,9.822089,Training,-0.312726,1.032552,2.828468,6.187692,9.351188,14.786171,17.846060,30.790894,55.021652,79.955589,128.304565
1987-11-01,9.766281,Training,-0.404278,0.569368,1.560790,3.505436,5.903304,8.708834,11.203572,17.454422,31.515213,45.399132,79.544579
1987-11-02,7.868832,Training,-0.425437,0.542281,1.383238,3.657629,6.408610,9.399583,11.603446,17.887552,32.257618,48.006012,84.760101
1987-11-03,6.696879,Training,-0.437734,0.366167,1.026320,2.632311,4.447183,6.356099,8.030862,12.306446,22.416601,32.211559,57.483822
1987-11-04,5.692347,Training,-0.451739,0.224112,0.676949,1.909790,3.368958,4.638160,5.877152,8.783221,15.540003,22.319483,38.790401
1987-11-05,4.855237,Training,-0.385626,0.293829,0.726536,2.133696,3.788463,5.075756,6.443673,9.224400,15.791733,21.948156,36.719109
1987-11-06,4.687815,Training,-0.382778,0.470100,1.112902,3.138190,5.480961,7.796987,9.655995,14.181967,24.736633,36.219131,61.546303
1987-11-07,7.143337,Training,-0.535700,0.423016,1.329479,3.678855,6.063542,9.640819,11.650653,19.857452,34.747856,50.421757,85.153198
1987-11-08,6.194613,Training,-0.440493,0.465183,1.339519,3.155327,5.187827,7.732372,9.819495,15.526439,28.337542,41.278671,72.262260
1987-11-09,5.915576,Training,-0.446866,0.277356,0.783384,2.079187,3.632015,5.131691,6.438138,9.827751,17.153072,24.965178,43.036823
1987-11-10,4.743622,Training,-0.378336,0.342282,0.810195,2.287966,4.009895,5.460495,6.828388,9.975672,16.863419,23.725208,39.762356
1987-11-11,4.297164,Training,-0.412204,0.199032,0.570416,1.714906,3.100872,4.182331,5.275515,7.749931,12.992382,18.288218,29.662384
1987-11-12,4.129742,Training,-0.425557,0.126713,0.456214,1.459328,2.707925,3.592378,4.616922,6.741612,11.292723,15.953792,25.444735
1987-11-13,4.464586,Training,-0.438776,0.120626,0.502928,1.628804,2.919498,3.903203,5.075063,7.403769,12.712278,18.202812,29.519421
1987-11-14,7.589796,Training,-0.464594,0.050267,0.371431,1.311883,2.465419,3.315740,4.321378,6.400066,10.886681,15.715638,25.180933
1987-11-15,4.576200,Training,-0.473394,0.005601,0.275674,1.038523,2.050163,2.713101,3.555699,5.283693,8.967237,12.968857,20.647022
1987-11-16,4.073935,Training,-0.453342,0.024790,0.293590,1.087232,2.143339,2.798859,3.694665,5.415926,9.116370,13.057828,20.576994
1987-11-17,3.850705,Training,-0.429417,0.049351,0.317637,1.141608,2.260645,2.933706,3.875827,5.605635,9.270459,13.188370,20.319124
1987-11-18,3.683283,Training,-0.468816,-0.045609,0.170296,0.711710,1.497743,1.931694,2.538120,3.830389,6.458200,9.272571,14.554784
1987-11-19,3.460054,Training,-0.469061,-0.078222,0.106890,0.485952,1.098966,1.394422,1.828071,2.822973,4.778741,6.906131,11.014918
1987-11-20,3.348439,Training,-0.458422,-0.057643,0.138497,0.585693,1.276855,1.623806,2.115652,3.236450,5.416046,7.729774,12.015581
1987-11-21,3.236825,Training,-0.450469,-0.072372,0.100731,0.438338,1.012097,1.265122,1.640753,2.547835,4.264110,6.111589,9.645645
1987-11-22,3.125210,Training,-0.440524,-0.054628,0.126779,0.503922,1.122026,1.408947,1.806208,2.800215,4.628305,6.557483,10.051538
1987-11-23,3.236825,Training,-0.456515,-0.063005,0.153531,0.640306,1.321815,1.683903,2.175267,3.380584,5.705563,7.989794,12.329576
1987-11-24,3.404247,Training,-0.442835,-0.027927,0.217520,0.775967,1.549253,1.994832,2.562681,3.941207,6.568314,9.182442,13.782582
1987-11-25,4.576200,Training,-0.453340,-0.044192,0.194728,0.704589,1.436065,1.853426,2.387741,3.697548,6.191313,8.764057,13.219884
1987-11-26,4.073935,Training,-0.438744,-0.052110,0.140443,0.480843,1.044139,1.342748,1.694989,2.675781,4.428465,6.285011,9.555296
1987-11-27,3.515861,Training,-0.433784,-0.047573,0.138402,0.479507,1.038813,1.330533,1.671481,2.641425,4.363116,6.149099,9.341720
1987-11-28,3.125210,Training,-0.400054,0.004500,0.221309,0.591992,1.228886,1.561834,1.953400,3.038028,4.950264,6.874173,10.090000
1987-11-29,2.846173,Training,-0.390005,0.023397,0.250802,0.664055,1.348632,1.716571,2.138952,3.307800,5.364922,7.366084,10.680833
1987-11-30,2.957788,Training,-0.400822,0.014418,0.232512,0.709369,1.423337,1.818847,2.268295,3.491131,5.664649,7.698778,11.172533
1987-12-01,3.013595,Training,-0.407789,0.013781,0.250779,0.849453,1.642033,2.099534,2.643824,4.051445,6.650696,8.952301,13.163544
1987-12-02,6.473649,Training,-0.589287,-0.050415,0.319699,1.249724,2.300009,3.409185,4.323174,7.150420,11.976893,18.033302,28.312372
1987-12-03,9.933703,Training,-0.545907,0.169246,0.821766,2.505085,4.182283,6.240996,7.998467,13.030995,24.601357,36.931232,61.114147
1987-12-04,14.119253,Training,-0.437897,0.396729,1.080023,2.928133,4.795268,6.769198,8.592690,13.177300,23.678532,34.026634,56.332848
1987-12-05,11.552116,Training,-0.340003,0.624786,1.357805,3.541143,5.736637,7.928627,9.804291,14.512715,25.112324,35.942074,57.565853
1987-12-06,10.659199,Training,-0.161319,1.014061,1.852777,4.434106,7.134759,9.536622,11.720753,16.776667,27.945826,38.285915,61.316723
1987-12-07,8.594328,Training,-0.021088,1.292709,2.175886,5.119751,8.084099,10.501930,12.706520,17.633125,28.576105,38.844334,61.423855
1987-12-08,8.371098,Training,0.176509,1.661026,2.582768,5.854768,9.227702,11.732751,13.991861,19.090700,29.751226,39.572544,61.959648
1987-12-09,11.886960,Training,0.298927,1.981010,3.123481,6.886018,10.581751,13.424838,15.920172,21.371050,33.037659,44.868958,68.634148
1987-12-10,19.365141,Training,0.584039,3.359626,5.458072,11.789514,18.364016,23.533953,27.757042,37.704613,57.228558,77.125259,111.920219
1987-12-11,25.280717,Training,1.515647,5.573414,9.157132,18.092733,27.409101,34.114681,39.950706,52.370167,79.885002,106.078842,151.457321
1987-12-12,19.420948,Training,1.897818,6.876785,10.900883,21.024193,31.733793,38.716896,44.603981,57.534470,84.023849,111.300354,155.044205
1987-12-13,37.111869,Training,2.720370,8.949832,14.351844,26.648714,39.422028,47.560696,54.316723,68.969612,99.361069,130.150528,178.556168
1987-12-14,61.555477,Training,3.833327,10.632392,16.554762,28.716518,41.362663,48.812546,56.399475,70.071907,101.387367,131.632523,190.099838
1987-12-15,51.789195,Training,4.288918,10.723477,15.543561,26.736509,38.320637,44.320118,51.033947,63.087711,89.063843,115.812454,174.387268
1987-12-16,44.701665,Training,4.738833,11.222891,15.984106,27.231834,38.118210,43.899315,49.972839,61.381905,85.646729,111.503410,167.175812
1987-12-17,39.344162,Training,5.254565,11.525232,14.873130,25.730516,36.367062,41.775677,45.981579,56.264126,74.299820,92.989166,139.627747
1987-12-18,36.609604,Training,5.372886,11.722600,16.334406,27.195803,36.776405,42.171093,47.034325,57.176228,77.088371,99.407761,144.576263
1987-12-19,34.879577,Training,6.124168,13.014952,17.178802,28.642944,38.956371,44.708763,49.278450,60.061577,79.340500,99.326073,147.095184
1987-12-20,32.256632,Training,5.013398,10.580145,13.381953,23.257574,32.510021,37.563656,40.918270,50.189137,64.856888,79.778229,117.514175
1987-12-21,30.024339,Training,4.152739,8.530096,10.802007,19.254269,27.108574,31.283781,34.281338,42.124969,53.958431,65.713333,94.437729
1987-12-22,28.796578,Training,3.370730,6.895151,8.844707,16.117414,22.889023,26.527866,29.396929,36.217136,46.487003,56.302814,79.125084
1987-12-23,27.736239,Training,2.797854,5.725986,7.438911,13.824233,19.845201,23.127146,25.985228,32.064999,41.349655,50.008007,68.964714
1987-12-24,26.229442,Training,2.089380,4.428227,5.898515,11.125413,16.247025,19.094337,21.824900,27.095093,35.385502,42.874168,58.044468
1987-12-25,25.392332,Training,1.835538,3.905468,5.208056,10.078374,14.902855,17.617985,20.328054,25.353479,33.340858,40.440414,54.452019
1987-12-26,24.555222,Training,1.524432,3.313220,4.456140,8.842356,13.288916,15.794487,18.447300,23.147934,30.775534,37.442238,50.219688
1987-12-27,23.829727,Training,1.396903,3.066714,4.161407,8.236197,12.428570,14.820151,17.399797,21.836946,29.129848,35.402271,46.959633
1987-12-28,22.490351,Training,1.237553,2.771431,3.796864,7.576038,11.539819,13.808492,16.332775,20.576664,27.655312,33.647232,44.416489
1987-12-29,21.653241,Training,0.896996,2.208350,3.103281,6.287445,9.739062,11.724851,14.057120,17.897818,24.561663,30.036766,39.633663
1987-12-30,20.927746,Training,0.713405,1.895198,2.719564,5.566953,8.716731,10.536941,12.753566,16.374016,22.793858,28.006075,36.931973
1987-12-31,25.336524,Training,0.299736,1.440841,2.360741,5.051937,7.725275,9.682740,11.924200,15.964414,23.981066,31.488708,43.772820
1988-01-01,25.615561,Training,-0.037800,0.811917,1.411371,3.397478,5.586184,7.248374,9.115935,12.678752,19.904465,26.182085,38.067467
1988-01-02,22.155507,Training,-0.119978,0.651596,1.237409,2.999636,4.845526,6.222944,7.920630,11.153358,17.869999,23.814547,34.868584
1988-01-03,23.494883,Training,-0.034998,0.745724,1.275597,3.021673,4.966882,6.344047,7.954993,11.063098,17.136740,22.357876,31.739542
1988-01-04,21.932278,Training,-0.058467,0.692500,1.210772,2.848487,4.655962,5.908427,7.417149,10.352025,16.129967,20.992031,29.674240
1988-01-05,22.936810,Training,-0.044270,1.140119,2.029873,4.661948,7.262414,9.730659,12.027127,16.973997,26.640739,36.554359,52.085888
1988-01-06,31.977596,Training,0.000851,1.342707,2.387087,5.347394,8.301167,11.124201,13.910385,19.654116,32.506435,43.021576,65.874931
1988-01-07,29.801110,Training,0.089913,1.322921,2.151701,4.657603,7.355877,9.533661,11.649555,16.181828,25.374859,33.227726,49.324471
1988-01-08,25.615561,Training,0.230058,1.407792,2.164893,4.521629,7.120507,8.978281,10.841889,14.753941,22.221764,28.388443,40.185242
1988-01-09,23.718112,Training,0.316954,1.469106,2.247077,4.551435,7.153671,8.910559,10.789051,14.501600,21.457308,27.046900,37.231579
1988-01-10,22.546158,Training,0.338547,1.455153,2.252377,4.512935,7.070559,8.747827,10.659780,14.261936,21.021921,26.398148,35.902664
1988-01-11,21.932278,Training,0.303828,1.370230,2.079097,4.327545,6.832833,8.478348,10.315077,13.817161,20.385071,25.483580,34.660702
1988-01-12,21.095168,Training,0.302458,1.725378,2.885608,5.725702,8.599695,11.057824,13.439184,18.146614,27.402100,36.147179,49.643997
1988-01-13,39.511584,Training,0.536799,3.251767,5.375199,11.341002,16.713669,22.057066,26.066856,35.715565,54.114323,68.917320,93.388206
1988-01-14,41.743877,Training,1.582487,5.889026,9.601007,18.298319,26.353477,33.186977,38.601215,50.099861,75.277351,94.455688,125.423569
1988-01-15,49.166251,Training,2.671157,8.234250,12.661503,22.077042,30.930593,37.249119,42.720238,53.066410,76.966988,96.519165,130.924759
1988-01-16,40.181272,Training,3.268893,8.823912,12.431708,21.164082,30.054522,35.530071,40.026535,49.543308,68.155998,84.454620,119.310875
1988-01-17,33.651815,Training,3.718848,8.797379,11.432785,20.019232,28.198956,33.002132,35.923763,44.636112,58.715828,71.592201,101.534874
1988-01-18,29.912725,Training,4.504358,9.995266,13.639951,22.657782,30.059259,34.761913,38.084915,46.482075,60.598351,74.845711,103.007790
1988-01-19,31.307908,Training,3.226608,8.292085,12.044462,20.658293,28.000856,33.477177,37.346149,46.128002,63.077518,81.221214,109.869576
1988-01-20,34.712155,Training,4.107074,10.087746,14.023707,23.722832,32.328239,38.176472,42.553722,52.329868,70.653862,88.382805,124.364204
1988-01-21,30.749835,Training,4.098789,9.258579,12.059020,20.844694,28.769798,33.644409,36.693066,45.115520,58.423626,71.866951,100.461128
1988-01-22,28.796578,Training,4.510217,9.293637,11.974695,20.561205,27.868963,32.255199,35.078903,42.779137,53.991585,65.647980,89.402618
1988-01-23,28.182698,Training,4.660125,9.182347,11.701544,20.065401,27.136353,31.385498,34.146839,41.299274,51.373741,61.675900,82.366821
1988-01-24,27.959469,Training,3.247504,6.717485,9.357089,16.479420,22.241737,26.053209,29.343477,36.179512,46.903412,58.200607,77.660957
1988-01-25,30.135954,Training,2.642687,6.244211,9.121323,16.333889,22.128710,26.663061,30.284868,37.867058,51.260082,66.154167,89.772964
1988-01-26,36.609604,Training,2.689044,9.183298,13.424563,24.303541,34.006390,41.151363,45.968933,57.224224,76.420433,102.127670,130.653717
1988-01-27,55.416671,Training,5.192592,14.871042,22.221704,37.230965,51.068966,59.925838,66.769073,80.237968,111.501534,146.778549,193.025467
1988-01-28,47.268802,Training,6.560740,16.791756,23.671169,37.421429,49.854462,57.377037,63.654362,75.378525,101.463524,130.993027,181.736679
1988-01-29,50.840471,Training,6.569337,17.563095,24.660688,39.140026,52.905159,61.000191,66.542816,78.455353,103.255081,139.986801,183.992340
1988-01-30,69.312695,Training,8.866481,20.791328,27.591068,42.449188,56.246807,64.367699,69.749275,82.354103,106.241028,134.098404,189.362350
1988-01-31,49.724324,Training,7.761964,16.723629,21.422052,33.775822,44.260960,50.297401,53.706493,64.018097,80.790108,100.387344,141.783157
1988-02-01,45.427161,Training,6.633321,14.102434,18.971350,30.135895,38.789570,44.406342,47.969376,57.288101,73.159256,91.958160,126.631218
1988-02-02,44.757473,Training,5.107988,10.779061,13.766512,22.963438,30.845911,35.663563,38.197681,46.064781,57.804649,70.225601,95.999695
1988-02-03,40.795153,Training,3.920069,8.658810,12.180996,20.276161,26.652441,31.227207,34.465645,41.829315,54.446186,68.646957,92.214668
1988-02-04,49.612710,Training,4.200468,9.176906,12.440043,21.187010,28.320278,33.242905,36.600658,44.819920,58.286476,72.827530,100.456284
1988-02-05,48.496563,Training,4.468884,9.281627,12.103337,20.804352,28.094633,32.757618,35.714439,43.431519,55.020927,68.033020,93.166458
1988-02-06,46.375885,Training,3.940726,9.595188,13.699310,22.566633,30.024143,35.882286,39.213654,47.576931,61.751053,81.781754,107.349777
1988-02-07,47.715261,Training,3.656001,8.915708,12.088026,20.712950,28.612282,34.178410,37.772030,46.462143,61.630421,77.379013,108.939972
1988-02-08,42.078721,Training,3.709078,8.335178,10.945102,19.136787,26.265539,30.848454,33.689011,41.381355,53.529766,66.690208,93.047798
1988-02-09,41.129997,Training,4.142465,8.518983,11.008292,19.059439,25.764303,29.987171,32.558094,39.621433,49.817795,61.062737,82.749947
1988-02-10,40.125465,Training,3.889773,7.866149,10.038671,17.325378,23.527281,27.414160,29.761883,35.869957,44.704487,53.679207,70.740250
1988-02-11,37.335099,Training,3.831127,7.621665,10.046973,17.135614,22.865753,26.559521,29.175306,35.117775,44.029194,53.028439,69.159996
1988-02-12,36.553796,Training,3.533126,7.022443,9.025291,15.742939,21.510557,25.177366,27.613270,33.264637,41.571033,49.642391,64.353287
1988-02-13,35.214420,Training,3.306457,6.432751,8.493174,14.467482,19.896837,23.281994,25.875444,31.061089,38.689114,46.241592,58.971149
1988-02-14,34.154081,Training,2.724097,5.433323,7.003820,12.820882,17.975185,21.190964,23.507309,28.751364,36.283443,43.448452,56.203323
1988-02-15,33.819237,Training,2.081326,4.700758,6.745288,12.226053,16.625053,19.970585,22.615330,28.085562,37.289738,46.975986,61.516891
1988-02-16,35.158613,Training,1.829406,4.493947,6.444080,11.892725,16.432919,19.993814,22.797331,28.687992,39.161072,49.309483,67.417549
1988-02-17,33.149550,Training,1.168568,3.155967,4.376117,8.614655,12.582500,15.405046,17.652971,22.573019,31.195049,38.977951,53.692516
1988-02-18,31.252101,Training,1.439683,3.498482,4.681294,9.032633,13.088389,15.778974,17.861629,22.527332,30.188177,37.064171,49.730488
1988-02-19,30.135954,Training,1.595186,3.655735,4.806407,9.266456,13.406075,16.068096,18.092554,22.696314,29.895668,36.432003,48.197033
1988-02-20,29.354652,Training,1.230146,2.915887,3.973722,7.820339,11.385237,13.658938,15.663677,19.838593,26.624323,32.696484,43.183636
1988-02-21,28.908193,Training,1.252310,3.416079,5.113800,9.774037,13.765763,17.073740,19.587234,24.911676,34.152325,45.112717,59.444008
1988-02-22,61.220633,Training,0.886162,3.116253,4.858875,9.836161,13.933971,17.788704,20.854557,27.005718,40.010738,53.323414,75.992538
1988-02-23,60.718367,Training,1.059479,3.415473,5.018019,9.985100,14.265170,17.791531,20.509232,26.484678,38.261810,50.095680,72.626106
1988-02-24,46.375885,Training,1.533191,4.043501,5.391033,10.403061,15.051468,18.332962,20.435528,25.970776,35.172241,44.495209,62.238274
1988-02-25,39.623199,Training,0.933037,2.611715,3.549515,6.996151,10.376889,12.672354,14.426176,18.524336,25.564362,31.742012,42.925381
1988-02-26,35.270228,Training,1.057437,2.706155,3.713602,7.037072,10.419594,12.604096,14.435423,18.309774,24.860832,30.511944,40.146233
1988-02-27,32.926320,Training,1.136816,2.659695,3.691813,6.816995,10.205596,12.293163,14.158834,17.887400,23.963652,29.373537,38.323391
1988-02-28,31.140486,Training,1.078087,2.522776,3.515366,6.507906,9.767908,11.781423,13.630855,17.184368,23.087887,28.152069,36.438095
1988-02-29,30.080147,Training,1.047719,2.514179,3.468325,6.519041,9.695936,11.690618,13.523170,16.943388,22.842897,27.591721,35.370094
1988-03-01,29.075615,Training,0.955593,2.343095,3.201044,6.138700,9.155738,11.050062,12.775107,16.020109,21.690084,26.066347,33.351109
1988-03-02,28.071083,Training,0.990674,2.369591,3.202441,6.168235,9.182902,11.062867,12.749291,15.932497,21.446161,25.655466,32.682537
1988-03-03,26.899129,Training,1.037776,2.652282,3.913533,7.331307,10.409986,12.715894,14.853927,18.556217,25.735355,32.163010,41.496738
1988-03-04,27.122359,Training,0.986378,2.864973,4.337273,8.466795,11.869969,14.784621,17.229948,21.917976,31.460869,40.346703,55.395569
1988-03-05,25.838790,Training,0.795401,2.356045,3.396066,6.747949,10.029886,12.447923,14.500515,18.542629,26.240273,33.016308,45.055927
1988-03-06,23.997149,Training,0.846873,2.316991,3.169823,6.341695,9.421309,11.533252,13.267781,16.836042,23.316841,28.672140,38.175385
1988-03-07,23.271653,Training,1.010476,2.522561,3.350374,6.633270,9.805130,11.889680,13.537934,17.046492,23.059084,28.004908,36.680901
1988-03-08,22.601966,Training,1.099182,2.592052,3.408877,6.732720,9.935134,11.972166,13.591152,17.009516,22.676897,27.385178,35.392601
1988-03-09,21.709048,Training,1.202170,2.707460,3.534054,6.930301,10.190759,12.221822,13.835438,17.197163,22.650068,27.240274,34.781986
1988-03-10,20.816131,Training,1.267982,2.776516,3.613769,7.041290,10.353253,12.383408,14.004705,17.333944,22.678377,27.214321,34.443199
1988-03-11,19.755792,Training,0.905760,2.163547,2.850477,5.657294,8.464587,10.177354,11.605883,14.536911,19.442589,23.286610,29.538919
1988-03-12,19.141912,Training,0.674213,1.771519,2.364016,4.763707,7.220413,8.722764,10.000342,12.666044,17.234194,20.632822,26.230097
1988-03-13,18.639646,Training,0.538500,1.548216,2.086878,4.237552,6.470343,7.843726,9.012786,11.511042,15.873550,18.990726,24.180931
1988-03-14,17.969958,Training,0.540972,1.558813,2.097746,4.221148,6.432678,7.796267,8.950707,11.412492,15.765442,18.805965,23.892788
1988-03-15,16.965426,Training,0.534937,1.540323,2.070481,4.188869,6.386107,7.730872,8.858438,11.311255,15.590302,18.618586,23.657553
1988-03-16,16.574775,Training,0.528735,1.519178,2.047315,4.157822,6.340803,7.666354,8.783698,11.215051,15.420108,18.441153,23.405426
1988-03-17,15.905087,Training,0.567502,1.586354,2.118451,4.266686,6.485631,7.829056,8.938560,11.373322,15.582917,18.573017,23.521675
1988-03-18,15.402821,Training,0.608622,1.638773,2.182448,4.395343,6.662421,8.025346,9.145341,11.590334,15.746407,18.777115,23.703627
1988-03-19,14.844748,Training,0.659344,1.719041,2.274963,4.560270,6.881106,8.266994,9.395892,11.853920,16.005928,19.069212,24.013308
1988-03-20,14.230867,Training,0.726829,1.827510,2.396169,4.774178,7.170415,8.589231,9.723745,12.216507,16.371969,19.488007,24.448050
1988-03-21,13.896023,Training,0.837388,2.042264,2.764044,5.420465,7.901483,9.381970,10.699384,13.391665,18.144918,21.746330,27.633724
1988-03-22,13.058913,Training,0.582508,1.635655,2.165362,4.351782,6.549790,7.905005,8.942681,11.375364,15.574303,18.596151,23.567131
1988-03-23,12.724070,Training,0.431700,1.378964,1.867402,3.807109,5.757105,6.964873,7.930703,10.191404,14.198698,16.953495,21.563049
1988-03-24,12.054382,Training,0.466827,1.436547,1.916253,3.861178,5.840226,7.059044,7.995491,10.242229,14.172511,16.841650,21.325706
1988-03-25,11.831152,Training,0.466739,1.422804,1.902821,3.839904,5.805878,7.005782,7.936095,10.156947,14.008944,16.649273,21.015371
1988-03-26,11.328886,Training,0.473760,1.432910,1.911275,3.842883,5.804008,6.993145,7.911992,10.114559,13.932054,16.536591,20.835697
1988-03-27,11.942767,Training,0.480335,1.444945,1.921142,3.846777,5.804131,6.985126,7.891915,10.086620,13.889117,16.462473,20.717421
1988-03-28,11.161464,Training,0.482918,1.452109,1.925450,3.840437,5.788736,6.961652,7.856342,10.039926,13.833424,16.375570,20.592716
1988-03-29,10.268547,Training,0.479608,1.440946,1.921686,3.835073,5.766189,6.920154,7.822524,10.003701,13.800367,16.349695,20.568291
1988-03-30,10.045318,Training,0.485669,1.464134,1.939591,3.834313,5.761427,6.921594,7.809506,9.976400,13.790117,16.288260,20.458410
1988-03-31,9.654667,Training,0.482219,1.450579,1.937499,3.845387,5.759110,6.899957,7.803175,9.987036,13.828930,16.364809,20.601971
1988-04-01,9.264016,Training,0.477716,1.449777,1.919081,3.787854,5.694520,6.844774,7.716580,9.867629,13.642716,16.116024,20.206362
1988-04-02,9.264016,Training,0.480199,1.491998,2.123910,4.152882,6.032327,7.285342,8.434744,10.702908,15.325562,18.347002,23.406252
1988-04-03,9.766281,Training,0.426062,1.484267,2.207486,4.373099,6.306475,7.758016,9.086528,11.561617,16.977827,20.928595,27.091593
1988-04-04,9.375630,Training,0.385790,1.443636,2.060005,4.274591,6.316795,7.732731,8.924393,11.576883,16.814650,20.823019,27.554537
1988-04-05,8.538520,Training,0.481237,1.592711,2.274891,4.580076,6.637315,8.034132,9.302935,11.887482,17.142866,21.039454,27.685883
1988-04-06,8.203676,Training,0.530490,1.630813,2.191678,4.413701,6.566133,7.956337,9.027966,11.567443,16.145699,19.600842,25.305717
1988-04-07,8.036254,Training,0.573445,1.680256,2.269885,4.506359,6.655447,7.984451,9.103713,11.590422,16.161175,19.473139,24.989882
1988-04-08,7.589796,Training,0.620291,1.732470,2.282661,4.483847,6.687602,8.034691,9.087831,11.527496,15.813443,18.915297,23.931799
1988-04-09,7.031723,Training,0.549510,1.596652,2.112227,4.160006,6.237918,7.487996,8.478625,10.796352,14.888517,17.739983,22.378695
1988-04-10,6.808493,Training,0.555319,1.586378,2.102692,4.135954,6.198255,7.412031,8.396541,10.692957,14.703272,17.498434,22.008276
1988-04-11,11.607923,Training,0.376514,1.908567,2.904483,5.646362,8.308469,10.563660,12.497342,16.197592,21.843405,28.631193,36.150803
1988-04-12,25.280717,Training,0.380275,1.726932,2.576583,5.593115,8.353186,10.473347,12.320992,16.205564,24.357296,31.670717,44.732834
1988-04-13,12.110189,Training,0.464810,1.740129,2.473070,5.248478,7.820460,9.583008,11.091671,14.373823,20.793764,26.683573,36.730835
1988-04-14,9.208208,Training,0.841559,2.296053,3.048769,6.089948,8.982235,10.782789,12.160957,15.376105,20.998093,26.122860,34.586605
1988-04-15,8.259484,Training,0.851396,2.215723,2.913382,5.736987,8.485335,10.117332,11.385137,14.351494,19.421251,23.736044,30.753946
1988-04-16,7.813025,Training,0.893634,2.245690,3.096851,5.975347,8.572441,10.119565,11.550021,14.449146,19.762505,24.144640,31.209988
1988-04-17,8.203676,Training,0.801883,2.200214,3.241865,6.260782,8.907149,10.796075,12.539490,15.655344,21.950867,28.152369,36.008533
1988-04-18,9.822089,Training,0.698901,2.212413,3.376076,6.711908,9.463585,11.655756,13.641675,17.237061,25.006268,33.025692,43.989697
1988-04-19,14.175060,Training,0.710166,2.184401,3.085735,6.264374,9.145774,11.103163,12.780979,16.372431,23.224279,29.943806,40.788357
1988-04-20,9.710474,Training,0.949023,2.458203,3.251552,6.385015,9.371925,11.196542,12.605050,15.881726,21.471930,26.839060,35.142178
1988-04-21,8.426906,Training,0.941732,2.337217,3.118371,6.050579,8.809772,10.428552,11.784073,14.785497,19.844677,24.441628,31.408955
1988-04-22,7.924640,Training,0.792444,2.079792,2.910961,5.623295,8.048015,9.530905,10.944963,13.739021,18.971910,23.307201,30.086607
1988-04-23,7.310759,Training,0.747543,1.995569,2.716462,5.318895,7.764282,9.221738,10.499352,13.299148,18.248230,22.376524,28.826672
1988-04-24,6.752686,Training,0.642019,1.781169,2.402716,4.741809,7.040281,8.373108,9.532153,12.091249,16.609869,20.203136,25.806355
1988-04-25,6.473649,Training,0.711167,1.912295,2.654883,5.116894,7.390467,8.728764,10.026096,12.627156,17.532310,21.267509,27.298563
1988-04-26,6.641071,Training,0.651475,1.781930,2.366715,4.634818,6.928657,8.260095,9.347483,11.865456,16.184647,19.577377,24.785805
1988-04-27,6.250420,Training,0.688210,1.817012,2.409020,4.705208,7.045354,8.346355,9.461274,11.942865,16.174170,19.544455,24.568981
1988-04-28,5.803962,Training,0.788239,1.950557,2.564184,4.952753,7.410495,8.734749,9.874870,12.406744,16.554953,19.963615,24.824762
1988-04-29,5.803962,Training,0.818871,1.979489,2.640881,5.105391,7.611156,8.931520,10.161909,12.766281,17.008675,20.652739,25.611765
1988-04-30,5.915576,Training,0.375298,1.260766,1.819579,3.627570,5.369000,6.394209,7.446650,9.605330,13.660774,16.481918,20.941517
1988-05-01,8.147869,Training,0.353694,1.249442,1.828983,3.676921,5.424004,6.501703,7.595348,9.824487,14.093879,17.176828,21.992373
1988-05-02,8.817557,Training,0.325703,1.243211,1.873830,3.808211,5.582524,6.748703,7.958597,10.293724,15.000645,18.617865,24.097258
1988-05-03,8.315291,Training,0.321146,1.266147,1.928344,3.955318,5.799084,7.037496,8.338151,10.805009,15.827630,19.875792,26.010206
1988-05-04,21.485819,Training,0.295261,2.250721,3.512669,6.911248,9.873112,12.516773,14.805262,19.388119,25.693300,35.203251,44.358376
1988-05-05,56.756047,Training,0.461098,2.716856,4.459886,9.214955,13.640106,17.620905,21.003405,27.588453,40.741554,56.511936,75.490616
1988-05-06,50.728856,Training,0.691261,2.888394,4.547239,9.234662,13.405996,16.652716,19.910732,25.651857,38.838966,53.098831,75.997078
1988-05-07,37.669943,Training,0.863165,2.889120,4.040798,8.056103,11.913370,14.333764,16.504274,21.258005,30.352510,40.354740,58.143162
1988-05-08,26.620093,Training,1.018872,2.946393,4.017631,7.809575,11.342350,13.421396,15.194866,19.407040,26.934954,34.948185,48.772549
1988-05-09,21.206783,Training,1.122328,3.021293,4.160399,7.943303,11.361965,13.403430,15.197890,19.249846,26.463428,33.964058,46.517639
1988-05-10,17.858343,Training,1.082434,2.805536,3.697862,7.188496,10.613518,12.597095,14.162006,17.945850,24.252398,30.507700,41.058754
1988-05-11,15.514436,Training,0.992697,2.536117,3.337347,6.496110,9.657791,11.396701,12.863193,16.233112,21.924753,27.081261,35.885891
1988-05-12,14.900555,Training,0.973477,2.638162,3.809311,7.142314,10.242041,12.224437,14.095309,17.654182,24.441259,31.438755,40.993748
1988-05-13,20.927746,Training,0.960953,2.633229,3.679196,7.174188,10.422717,12.419096,14.267276,18.120605,25.368900,32.255363,44.083515
1988-05-14,19.644178,Training,0.804006,2.261807,3.046671,6.086994,9.154606,10.906661,12.462269,15.839624,21.965641,27.554016,37.249897
1988-05-15,17.244463,Training,0.941467,2.572076,3.756599,7.144420,10.242793,12.204506,14.149187,17.723450,24.669317,31.979618,42.293545
1988-05-16,17.802536,Training,0.904233,2.482797,3.459535,6.844423,10.093546,12.016694,13.866275,17.620531,24.562180,31.349857,42.858067
1988-05-17,16.463160,Training,0.966970,2.532828,3.495588,6.869720,10.104597,11.914093,13.702239,17.275427,23.770748,30.080515,40.767868
1988-05-18,15.291206,Training,1.207952,2.878601,3.975264,7.582213,10.925220,12.779738,14.643270,18.294516,24.643578,30.971031,41.282207
1988-05-19,14.454097,Training,1.166003,2.722544,3.637651,7.059486,10.442091,12.280320,14.026088,17.510811,23.305630,29.048325,38.131298
1988-05-20,13.784409,Training,1.141616,2.598131,3.469340,6.761697,10.066381,11.805502,13.563697,16.843748,22.320784,27.662315,35.839603
1988-05-21,13.170528,Training,1.059299,2.418437,3.383332,6.559533,9.597983,11.195065,13.094858,16.239986,21.923571,27.297331,35.340733
1988-05-22,12.612455,Training,0.944352,2.239250,3.132745,6.169923,9.179790,10.761265,12.600403,15.773933,21.361431,26.807280,34.789646
1988-05-23,11.496308,Training,0.436970,1.405506,1.994244,4.173825,6.455217,7.647646,9.051574,11.587724,16.285280,20.325741,26.732866
1988-05-24,11.217272,Training,0.174631,0.938215,1.354505,2.920071,4.678877,5.600437,6.630663,8.682570,12.454739,15.363742,20.064323
1988-05-25,10.770813,Training,0.090996,0.787736,1.165463,2.530278,4.100283,4.916276,5.824444,7.728871,11.213891,13.794313,17.987278
1988-05-26,10.212740,Training,0.090169,0.780847,1.159983,2.520640,4.079658,4.872942,5.777390,7.670742,11.134106,13.685475,17.859411
1988-05-27,9.822089,Training,0.074160,0.754333,1.128340,2.466384,3.998529,4.774768,5.664097,7.539355,10.968929,13.502548,17.648943
1988-05-28,9.431438,Training,0.037517,0.697690,1.065786,2.351501,3.819144,4.564019,5.423343,7.275849,10.674124,13.172938,17.298279
1988-05-29,9.040786,Training,0.041786,0.700983,1.054470,2.339137,3.838651,4.595852,5.453990,7.281336,10.606533,13.116545,17.153706
1988-05-30,8.594328,Training,0.088594,0.783392,1.163347,2.570800,4.183181,4.971548,5.912388,7.831776,11.334800,14.047870,18.430460
1988-05-31,8.147869,Training,-0.033559,0.575084,0.896736,2.028175,3.372113,4.061572,4.818142,6.539536,9.628975,11.943253,15.653561
1988-06-01,7.701411,Training,-0.070807,0.508198,0.815094,1.873876,3.141168,3.788553,4.511226,6.151014,9.135312,11.364200,14.914476
1988-06-02,7.478181,Training,-0.058849,0.524575,0.828450,1.911719,3.216946,3.863883,4.622858,6.244611,9.277749,11.560093,15.170880
1988-06-03,7.087530,Training,-0.142746,0.384609,0.664688,1.568462,2.663481,3.238020,3.851807,5.372530,8.099819,10.121135,13.343257
1988-06-04,6.585264,Training,-0.148049,0.380444,0.657134,1.546533,2.623290,3.190861,3.780597,5.308047,7.987980,9.982636,13.179101
1988-06-05,6.473649,Training,-0.185025,0.316208,0.578709,1.400857,2.401350,2.932193,3.496610,4.944341,7.521077,9.457892,12.565159
1988-06-06,6.082998,Training,-0.219047,0.257242,0.505248,1.243576,2.148268,2.638418,3.140533,4.510164,6.926244,8.749370,11.684556
1988-06-07,5.915576,Training,-0.225059,0.253122,0.512673,1.275235,2.181335,2.675485,3.190803,4.608052,7.109222,8.985206,12.082326
1988-06-08,6.194613,Training,-0.251686,0.241283,0.551737,1.418317,2.347048,2.935637,3.555571,5.129648,8.171055,10.501771,14.476411
1988-06-09,6.529457,Training,-0.325858,0.170989,0.509528,1.432117,2.399816,3.116769,3.834702,5.604666,9.226427,12.490834,17.622845
1988-06-10,6.529457,Training,-0.371800,0.126175,0.471605,1.385447,2.303054,2.995646,3.724160,5.536234,9.312355,12.691622,18.599712
1988-06-11,6.138805,Training,-0.393601,0.148324,0.529868,1.575488,2.636374,3.526770,4.377136,6.488896,10.954939,15.653744,22.945511
1988-06-12,6.696879,Training,-0.437418,0.202728,0.649472,1.928492,3.230159,4.465363,5.521375,8.279510,13.988623,20.742628,31.192205
1988-06-13,10.268547,Training,-0.438954,0.269449,0.772674,2.271655,3.756519,5.200349,6.404933,9.633324,16.606621,24.807461,38.331604
1988-06-14,6.975915,Training,-0.406955,0.380596,0.921350,2.582042,4.258769,5.862029,7.155569,10.636782,17.919809,26.802387,41.310074
1988-06-15,6.417842,Training,-0.348914,0.470224,1.029339,2.750567,4.422100,5.915461,7.248394,10.614689,17.906374,26.039810,40.767731
1988-06-16,6.417842,Training,-0.326871,0.541150,1.101310,2.905385,4.752063,6.372845,7.685770,11.148153,18.251846,26.977285,41.128239
1988-06-17,8.259484,Training,-0.258717,0.621356,1.135945,2.892787,4.731355,6.151849,7.406835,10.736655,17.312311,24.434931,37.928490
1988-06-18,6.250420,Training,-0.223614,0.593745,1.001748,2.587701,4.316437,5.528987,6.560580,9.359648,14.671166,20.191380,30.475756
1988-06-19,5.469118,Training,-0.186879,0.606193,0.980834,2.509683,4.193795,5.307429,6.269650,8.831882,13.658555,18.402361,27.142000
1988-06-20,5.190081,Training,-0.169127,0.635380,1.119196,2.785269,4.470420,5.636529,6.807455,9.371471,14.884982,20.249163,29.823679
1988-06-21,5.245888,Training,-0.198531,0.525957,0.895711,2.343119,3.947334,4.999104,6.006048,8.350391,13.022680,17.415754,25.373949
1988-06-22,5.190081,Training,-0.187579,0.515187,0.927156,2.389385,3.943144,4.933236,6.011277,8.249243,13.007140,17.277239,25.184650
1988-06-23,8.259484,Training,-0.226979,0.483229,0.951633,2.444504,4.031518,5.180104,6.347514,8.752214,13.987405,19.413273,27.997986
1988-06-24,6.306227,Training,-0.311635,0.365363,0.819328,2.270742,3.725431,4.859576,6.015852,8.491602,14.040348,19.553453,29.630875
1988-06-25,5.859769,Training,-0.270907,0.392695,0.794811,2.197774,3.694099,4.738689,5.828039,8.145936,13.072138,17.871069,26.643314
1988-06-26,5.413310,Training,-0.128587,0.597104,1.029352,2.624161,4.324230,5.412351,6.600051,8.922875,13.711178,18.268692,26.383303
1988-06-27,5.022659,Training,-0.138800,0.532993,0.911555,2.341582,3.933582,4.899767,5.968827,8.086438,12.290128,16.163897,22.889351
1988-06-28,4.966852,Training,-0.206027,0.459032,0.888289,2.291188,3.778887,4.801486,5.880105,8.074441,12.670952,17.231749,24.613312
1988-06-29,4.966852,Training,-0.377795,0.304448,0.749887,2.124585,3.644901,4.914912,6.035665,8.711665,14.033044,20.683435,30.635569
1988-06-30,18.639646,Training,-0.454518,0.115902,0.497695,1.613563,2.788350,3.771697,4.733792,7.077331,12.130346,17.519306,27.521860
1988-07-01,12.165996,Training,-0.413292,0.127247,0.440373,1.411180,2.509374,3.303798,4.107747,6.061157,10.016840,14.160427,21.511166
1988-07-02,7.980447,Training,-0.393211,0.146575,0.466650,1.435167,2.482536,3.241672,4.014076,5.900129,9.744179,13.518879,20.386423
1988-07-03,7.031723,Training,-0.437398,0.064158,0.382735,1.263950,2.197980,2.941984,3.663432,5.486067,9.315297,13.233083,20.033489
1988-07-04,14.230867,Training,-0.627111,0.015945,0.434592,1.530174,2.664986,4.019479,4.911737,8.162882,13.103344,20.700270,32.837276
1988-07-05,25.057488,Training,-0.548840,0.033887,0.487973,1.470374,2.472826,3.549577,4.472401,7.250264,13.149704,19.954327,33.140961
1988-07-06,15.402821,Training,-0.520674,0.010166,0.354280,1.153675,2.014851,2.781541,3.467735,5.526171,9.694342,14.538645,23.772717
1988-07-07,11.161464,Training,-0.453023,0.076535,0.359831,1.096773,1.965361,2.639044,3.211938,4.983020,8.298427,11.948348,18.541506
1988-07-08,9.152401,Training,-0.430558,0.065915,0.322698,1.016340,1.856599,2.447102,2.991625,4.554172,7.540393,10.543114,15.923695
1988-07-09,8.203676,Training,-0.410149,0.057656,0.294104,0.931712,1.740528,2.256652,2.769508,4.153629,6.831511,9.338954,13.793557
1988-07-10,7.366567,Training,-0.387006,0.070211,0.300757,0.941888,1.768786,2.261720,2.779264,4.094186,6.684024,8.973537,13.015269
1988-07-11,6.752686,Training,-0.363610,0.094350,0.324761,0.992549,1.858352,2.349987,2.884076,4.189178,6.758349,8.961383,12.819231
1988-07-12,6.250420,Training,-0.378296,0.049872,0.261567,0.820125,1.569762,1.978404,2.424634,3.577894,5.808169,7.712183,11.084140
1988-07-13,5.748154,Training,-0.379093,0.041911,0.247476,0.780041,1.504313,1.887285,2.312200,3.423655,5.543000,7.362331,10.596618
1988-07-14,5.469118,Training,-0.369937,0.055009,0.261544,0.815804,1.565365,1.956089,2.394775,3.522429,5.663770,7.489472,10.723216
1988-07-15,5.190081,Training,-0.359570,0.068875,0.274339,0.849961,1.628014,2.023085,2.484112,3.609824,5.789283,7.629289,10.869863
1988-07-16,4.966852,Training,-0.343331,0.095297,0.302121,0.919627,1.751896,2.163085,2.663721,3.815671,6.076205,7.985228,11.310399
1988-07-17,4.632008,Training,-0.368032,0.051068,0.249339,0.795031,1.539440,1.897074,2.342288,3.423471,5.498403,7.293014,10.486792
1988-07-18,4.464586,Training,-0.395196,-0.008913,0.165424,0.559514,1.132786,1.404556,1.723049,2.603500,4.239946,5.705019,8.440549
1988-07-19,4.129742,Training,-0.408156,-0.024435,0.159491,0.580211,1.159062,1.430845,1.780950,2.697251,4.452376,5.995663,9.000706
1988-07-20,4.073935,Training,-0.386293,0.011448,0.187087,0.633115,1.266382,1.558321,1.927087,2.855649,4.609176,6.185154,9.090276
1988-07-21,4.073935,Training,-0.378343,0.023037,0.194474,0.649087,1.304422,1.586577,1.980916,2.894767,4.663649,6.260104,9.210830
1988-07-22,3.906513,Training,-0.383241,0.008073,0.168761,0.565929,1.172941,1.404915,1.770232,2.597085,4.194540,5.692496,8.535216
1988-07-23,3.906513,Training,-0.407460,-0.062250,0.078839,0.306692,0.679759,0.836413,1.040540,1.619208,2.673335,3.757106,6.078471
1988-07-24,3.794898,Training,-0.404698,-0.070029,0.064731,0.248384,0.571660,0.699862,0.876496,1.376824,2.275088,3.258552,5.489592
1988-07-25,3.627476,Training,-0.400223,-0.073745,0.056858,0.215539,0.512066,0.622566,0.787208,1.236799,2.056775,2.980192,5.157621
1988-07-26,3.125210,Training,-0.397929,-0.074822,0.054046,0.202745,0.488757,0.591035,0.751050,1.178701,1.962536,2.860234,5.022329
1988-07-27,2.957788,Training,-0.396733,-0.076040,0.051728,0.194963,0.474289,0.571420,0.727922,1.142186,1.899580,2.778587,4.930446
1988-07-28,3.181017,Training,-0.396659,-0.077263,0.050090,0.190405,0.465413,0.559748,0.714255,1.120144,1.862638,2.730040,4.880796
1988-07-29,3.125210,Training,-0.397067,-0.078995,0.048308,0.186862,0.458218,0.550694,0.703628,1.103214,1.836755,2.694785,4.845896
1988-07-30,2.678751,Training,-0.396053,-0.079215,0.047260,0.182309,0.449169,0.539911,0.689663,1.080312,1.800561,2.645331,4.784928
1988-07-31,2.678751,Training,-0.394063,-0.079118,0.046505,0.176697,0.437712,0.525957,0.672230,1.051343,1.759027,2.588969,4.715010
1988-08-01,2.734559,Training,-0.390798,-0.077403,0.047481,0.172474,0.427624,0.512827,0.655724,1.023188,1.719017,2.534999,4.651284
1988-08-02,2.455522,Training,-0.393466,-0.081396,0.043337,0.168678,0.421469,0.505286,0.646885,1.010800,1.691306,2.497742,4.615124
1988-08-03,2.511330,Training,-0.395821,-0.086098,0.039866,0.165502,0.414885,0.496653,0.638933,0.998772,1.678606,2.480601,4.614465
1988-08-04,2.399715,Training,-0.387099,-0.076277,0.047368,0.164124,0.407736,0.488466,0.624462,0.969811,1.636762,2.423593,4.529843
1988-08-05,2.288100,Training,-0.382791,-0.072026,0.051129,0.164045,0.404034,0.482998,0.616369,0.953683,1.613606,2.391832,4.493989
1988-08-06,2.232293,Training,-0.390810,-0.083421,0.039763,0.156097,0.393616,0.471582,0.604287,0.939919,1.581899,2.347335,4.447401
1988-08-07,2.232293,Training,-0.391507,-0.085190,0.037788,0.153221,0.387493,0.463459,0.594745,0.924739,1.553883,2.308562,4.409432
1988-08-08,2.232293,Training,-0.391236,-0.085906,0.036792,0.150573,0.381524,0.456216,0.585728,0.909600,1.530433,2.276000,4.375269
1988-08-09,2.176486,Training,-0.389698,-0.085773,0.036548,0.147675,0.374559,0.447981,0.575284,0.891559,1.505370,2.241619,4.336341
1988-08-10,2.399715,Training,-0.389855,-0.086743,0.035162,0.145464,0.369702,0.442187,0.567190,0.878846,1.482322,2.208834,4.297828
1988-08-11,2.288100,Training,-0.389298,-0.087294,0.034266,0.143041,0.363990,0.435290,0.558237,0.863925,1.458778,2.175952,4.260895
1988-08-12,2.064871,Training,-0.388844,-0.087959,0.033254,0.140487,0.358082,0.427797,0.548826,0.848328,1.433227,2.140767,4.223492
1988-08-13,2.064871,Training,-0.386525,-0.086609,0.034055,0.138525,0.352383,0.421227,0.539987,0.832042,1.410423,2.109791,4.188249
1988-08-14,1.953256,Training,-0.387946,-0.089009,0.031576,0.136215,0.347773,0.415439,0.532556,0.821234,1.390177,2.080569,4.157014
1988-08-15,1.953256,Training,-0.386404,-0.088519,0.031678,0.134252,0.342387,0.409204,0.524408,0.806494,1.369135,2.051878,4.125813
1988-08-16,1.953256,Training,-0.386789,-0.089782,0.030201,0.132123,0.337554,0.403265,0.516794,0.794339,1.348471,2.022778,4.095144
1988-08-17,1.897449,Training,-0.385115,-0.089001,0.030514,0.130542,0.332782,0.397624,0.509188,0.780483,1.327819,1.994626,4.064556
1988-08-18,1.953256,Training,-0.384638,-0.089395,0.029908,0.128914,0.328382,0.392309,0.502342,0.768643,1.309499,1.969307,4.039477
1988-08-19,1.953256,Training,-0.384979,-0.091032,0.028651,0.127502,0.324477,0.387424,0.496878,0.759251,1.297197,1.952200,4.029485
1988-08-20,1.953256,Training,-0.386432,-0.092795,0.026323,0.125106,0.320064,0.381964,0.488921,0.748511,1.274366,1.918931,3.986759
1988-08-21,1.785834,Training,-0.386358,-0.093480,0.025462,0.123605,0.316204,0.377221,0.482855,0.738205,1.258224,1.896199,3.963821
1988-08-22,1.841642,Training,-0.383833,-0.091520,0.026895,0.122899,0.312633,0.373616,0.477681,0.726655,1.243082,1.876424,3.944602
1988-08-23,1.897449,Training,-0.383939,-0.092525,0.025642,0.121152,0.308709,0.368866,0.471226,0.716622,1.226426,1.852880,3.917684
1988-08-24,1.730027,Training,-0.385166,-0.094524,0.023555,0.119284,0.305232,0.364300,0.465249,0.708623,1.211688,1.831310,3.892626
1988-08-25,1.841642,Training,-0.381506,-0.090271,0.027499,0.121235,0.305215,0.365123,0.465143,0.702873,1.207133,1.826571,3.897758
1988-08-26,2.009064,Training,-0.374579,-0.079860,0.037596,0.129939,0.314925,0.376405,0.475988,0.711779,1.223886,1.850803,3.944158
1988-08-27,1.897449,Training,-0.382332,-0.093212,0.024438,0.117373,0.296973,0.354966,0.452479,0.683466,1.175459,1.782722,3.852853
1988-08-28,1.730027,Training,-0.385858,-0.098557,0.020058,0.114261,0.292345,0.348703,0.446827,0.676954,1.165879,1.768845,3.846054
1988-08-29,1.618412,Training,-0.387577,-0.099672,0.018926,0.114133,0.292595,0.347899,0.445536,0.677584,1.163617,1.763751,3.843289
1988-08-30,1.730027,Training,-0.386443,-0.098142,0.019666,0.113649,0.290934,0.346060,0.441842,0.671115,1.151237,1.746503,3.819455
1988-08-31,1.785834,Training,-0.385598,-0.098619,0.018991,0.111642,0.286433,0.341125,0.435735,0.659795,1.134764,1.724760,3.794587
1988-09-01,1.897449,Training,-0.429539,-0.163047,-0.023173,0.108167,0.280060,0.345489,0.472094,0.711022,1.303550,1.952400,4.423194
1988-09-02,2.176486,Training,-0.397945,-0.113254,0.010493,0.107875,0.278135,0.337755,0.438302,0.663472,1.156031,1.767681,3.931607
1988-09-03,1.785834,Training,-0.394580,-0.108318,0.014276,0.108939,0.278940,0.337431,0.437278,0.655181,1.140711,1.747022,3.898082
1988-09-04,1.785834,Training,-0.382484,-0.094698,0.023626,0.113901,0.284056,0.340369,0.433216,0.645904,1.120117,1.709216,3.817627
1988-09-05,1.674220,Training,-0.374473,-0.082165,0.035692,0.125228,0.297890,0.355796,0.447834,0.660039,1.142760,1.739782,3.870287
1988-09-06,1.674220,Training,-0.366364,-0.067597,0.050767,0.140707,0.318858,0.379322,0.473065,0.688747,1.188577,1.804373,3.977851
1988-09-07,1.562605,Training,-0.365025,-0.065094,0.053767,0.143546,0.322114,0.382728,0.476875,0.691936,1.193792,1.812532,4.002258
1988-09-08,1.506798,Training,-0.371348,-0.077271,0.041555,0.130200,0.302232,0.359656,0.451681,0.659923,1.142842,1.741754,3.906076
1988-09-09,1.562605,Training,-0.375483,-0.085074,0.033804,0.121772,0.290354,0.345468,0.436639,0.641365,1.112779,1.700376,3.849782
1988-09-10,1.618412,Training,-0.382277,-0.097093,0.021713,0.109111,0.274324,0.326303,0.416732,0.619770,1.076504,1.650713,3.772062
1988-09-11,1.395183,Training,-0.381003,-0.095069,0.023933,0.110943,0.276226,0.328048,0.418535,0.620355,1.077896,1.652804,3.784049
1988-09-12,1.450990,Training,-0.378447,-0.090807,0.028371,0.115162,0.281185,0.333341,0.423880,0.624951,1.085490,1.663433,3.810710
1988-09-13,1.506798,Training,-0.382582,-0.098197,0.020903,0.107331,0.271721,0.321941,0.412092,0.612784,1.064595,1.635503,3.766579
1988-09-14,1.506798,Training,-0.381598,-0.096466,0.022938,0.109095,0.273806,0.324029,0.414454,0.614333,1.067592,1.640068,3.781522
1988-09-15,1.562605,Training,-0.385286,-0.102350,0.016966,0.102902,0.267175,0.315808,0.406312,0.607428,1.055155,1.623751,3.753834
1988-09-16,1.506798,Training,-0.385744,-0.103148,0.016248,0.101814,0.266144,0.314128,0.404728,0.605715,1.052152,1.620238,3.751702
1988-09-17,1.506798,Training,-0.384215,-0.100961,0.018768,0.103838,0.268194,0.316100,0.406845,0.606278,1.053681,1.623091,3.766383
1988-09-18,1.395183,Training,-0.382740,-0.098568,0.021342,0.106389,0.271408,0.319519,0.410354,0.609234,1.058482,1.630175,3.784113
1988-09-19,1.395183,Training,-0.382968,-0.097684,0.022479,0.109335,0.276757,0.325384,0.417605,0.618589,1.073424,1.650407,3.818995
1988-09-20,1.395183,Training,-0.379223,-0.094068,0.026076,0.110044,0.274972,0.322014,0.413139,0.609542,1.057306,1.630083,3.802977
1988-09-21,1.395183,Training,-0.384683,-0.103365,0.016308,0.099836,0.263790,0.308578,0.399850,0.597929,1.036964,1.604233,3.757302
1988-09-22,1.450990,Training,-0.389492,-0.109135,0.010253,0.095264,0.261618,0.304738,0.397620,0.602497,1.044039,1.614113,3.769191
1988-09-23,1.395183,Training,-0.388242,-0.107561,0.011889,0.095659,0.261749,0.305041,0.397795,0.600479,1.040068,1.609962,3.766485
1988-09-24,1.450990,Training,-0.386534,-0.105515,0.014281,0.097218,0.263279,0.306564,0.399389,0.600100,1.039524,1.610098,3.772573
1988-09-25,1.339376,Training,-0.382058,-0.099095,0.021001,0.103529,0.270562,0.314494,0.406865,0.605733,1.048449,1.621971,3.795192
1988-09-26,1.227761,Training,-0.380354,-0.095828,0.024629,0.107222,0.275602,0.320066,0.412963,0.612247,1.058979,1.637101,3.823910
1988-09-27,1.283568,Training,-0.376413,-0.087935,0.033659,0.116671,0.287778,0.333484,0.428037,0.628170,1.085203,1.673579,3.896027
1988-09-28,1.339376,Training,-0.375556,-0.085330,0.037140,0.120248,0.292951,0.339168,0.435311,0.636574,1.099295,1.694291,3.940411
1988-09-29,1.283568,Training,-0.388812,-0.107338,0.012979,0.095375,0.265679,0.308667,0.404583,0.610447,1.055829,1.639172,3.829347
1988-09-30,1.283568,Training,-0.389548,-0.107696,0.012934,0.095291,0.266922,0.309569,0.406933,0.614145,1.062129,1.648697,3.847358
1988-10-01,1.562605,Training,-0.385447,-0.100843,0.021123,0.102960,0.275657,0.318978,0.417423,0.622692,1.076773,1.668268,3.894114
1988-10-02,1.395183,Training,-0.380378,-0.092221,0.030608,0.112448,0.287679,0.331780,0.431044,0.636562,1.098572,1.697801,3.951242
1988-10-03,1.283568,Training,-0.376453,-0.084768,0.039098,0.121207,0.299393,0.344349,0.445191,0.652137,1.123441,1.732685,4.017646
1988-10-04,1.339376,Training,-0.384152,-0.097981,0.024946,0.106197,0.282329,0.325708,0.426783,0.634856,1.095753,1.699067,3.956958
1988-10-05,1.450990,Training,-0.391932,-0.109000,0.012154,0.093631,0.271425,0.313536,0.415777,0.630857,1.088364,1.693079,3.929241
1988-10-06,1.339376,Training,-0.393449,-0.109874,0.010849,0.092478,0.272678,0.314599,0.418152,0.637235,1.098397,1.707918,3.948713
1988-10-07,1.506798,Training,-0.392672,-0.108535,0.012747,0.094029,0.275376,0.317222,0.421938,0.641316,1.104899,1.717708,3.968379
1988-10-08,1.395183,Training,-0.392718,-0.108417,0.012200,0.093425,0.276878,0.318535,0.423533,0.645880,1.110960,1.727078,3.973043
1988-10-09,1.395183,Training,-0.390284,-0.105449,0.016907,0.098452,0.282649,0.324012,0.430696,0.651537,1.121796,1.741820,4.006554
1988-10-10,1.283568,Training,-0.432610,-0.164331,-0.022851,0.091396,0.276226,0.324062,0.462008,0.705775,1.279306,1.956085,4.566861
1988-10-11,1.953256,Training,-0.470184,-0.207837,-0.052420,0.089224,0.277024,0.346942,0.509447,0.775454,1.450893,2.239331,5.259397
1988-10-12,1.730027,Training,-0.437157,-0.148728,-0.009293,0.092282,0.283876,0.344564,0.484831,0.744588,1.319372,2.076121,4.720149
1988-10-13,1.730027,Training,-0.627529,-0.325113,-0.136423,0.104273,0.388954,0.603643,0.894057,1.352938,2.353029,3.942764,10.046717
1988-10-14,3.906513,Training,-0.620712,-0.279370,-0.011393,0.273719,0.550750,0.798408,1.180861,1.805585,3.574722,6.089333,14.099012
1988-10-15,2.009064,Training,-0.548946,-0.185194,0.037744,0.241942,0.502654,0.669053,0.963733,1.448483,2.667032,4.423458,9.843406
1988-10-16,1.562605,Training,-0.594960,-0.259170,-0.044414,0.231360,0.546738,0.771429,1.103228,1.690831,3.275919,5.445858,12.141870
1988-10-17,1.450990,Training,-0.622114,-0.240062,0.025902,0.370864,0.747984,1.085827,1.512408,2.370254,4.631564,7.936311,17.509163
1988-10-18,5.803962,Training,-0.628648,-0.222342,0.069094,0.443417,0.845197,1.225916,1.692950,2.680691,5.239980,9.059242,19.758347
1988-10-19,4.855237,Training,-0.575997,-0.131050,0.142352,0.471903,0.875435,1.199803,1.622355,2.551461,4.725439,7.802398,16.029413
1988-10-20,2.176486,Training,-0.521330,-0.074921,0.139117,0.412699,0.814235,1.077559,1.413073,2.180544,3.852007,6.113178,11.901755
1988-10-21,2.009064,Training,-0.505850,-0.075701,0.121868,0.394508,0.806338,1.043339,1.367856,2.098916,3.699526,5.697367,10.800470
1988-10-22,1.953256,Training,-0.576665,-0.188749,0.040081,0.402243,0.843928,1.154532,1.564619,2.448708,4.695557,7.362942,14.592855
1988-10-23,1.785834,Training,-0.567038,-0.154909,0.091302,0.437584,0.867035,1.174668,1.603849,2.503826,4.740765,7.404493,14.596352
1988-10-24,1.618412,Training,-0.528009,-0.108887,0.100082,0.388925,0.811845,1.073583,1.438346,2.202367,3.976095,6.157545,11.696855
1988-10-25,1.674220,Training,-0.505399,-0.093684,0.099503,0.381253,0.812941,1.045031,1.399406,2.112617,3.798222,5.726356,10.695541
1988-10-26,1.618412,Training,-0.552016,-0.163711,0.057147,0.416923,0.876524,1.159384,1.590785,2.445102,4.643637,6.978951,13.327237
1988-10-27,1.953256,Training,-0.675000,-0.228737,0.075254,0.635069,1.307875,2.018822,2.681965,4.499701,8.662004,14.673377,29.986296
1988-10-28,1.841642,Training,-0.605919,-0.060648,0.362380,1.030326,1.765151,2.573366,3.385709,5.538689,10.610744,17.201035,33.438686
1988-10-29,1.730027,Training,-0.574501,-0.074814,0.234129,0.815273,1.512858,2.092113,2.757721,4.354082,8.065331,12.710207,23.822109
1988-10-30,2.120678,Training,-0.604766,-0.120870,0.191359,0.871928,1.643403,2.374503,3.069671,4.963670,9.460939,15.204161,28.627998
1988-10-31,2.176486,Training,-0.586998,-0.060921,0.301406,1.040545,1.879839,2.699757,3.509348,5.651880,10.602110,16.670900,31.041943
1988-11-01,1.785834,Training,-0.545956,-0.079140,0.168099,0.597855,1.191718,1.618690,2.127181,3.342122,5.962630,9.293739,16.898905
1988-11-02,2.455522,Training,-0.601155,-0.173085,0.086805,0.581334,1.191530,1.686564,2.246956,3.613761,6.923296,11.150062,21.320417
1988-11-03,2.455522,Training,-0.626283,-0.130940,0.225266,0.863870,1.593237,2.367411,3.103121,5.165538,10.065834,16.683332,32.394287
1988-11-04,2.176486,Training,-0.623973,-0.122105,0.244750,0.836232,1.516323,2.231444,2.952253,4.900108,9.503719,15.937080,31.292297
1988-11-05,2.120678,Training,-0.675450,-0.079512,0.390772,1.232336,2.208116,3.526900,4.497538,7.983022,14.815601,25.894272,51.217022
1988-11-06,3.460054,Training,-0.584030,0.145260,0.856728,1.883013,3.039798,4.671452,5.968543,10.321686,19.847324,34.351257,66.014282
1988-11-07,8.259484,Training,-0.569254,0.146302,0.787656,1.736805,2.850217,4.279275,5.462456,9.263412,17.752243,30.617002,59.306847
1988-11-08,26.062020,Training,-0.536009,0.306596,1.102234,2.426764,3.922467,6.061008,7.530423,13.065404,24.270128,40.545979,75.068695
1988-11-09,22.936810,Training,-0.431206,0.403594,1.121967,2.176735,3.428629,4.925469,6.189233,10.025596,17.971621,28.083849,50.593590
1988-11-10,8.426906,Training,-0.476363,0.164823,0.589657,1.313135,2.233265,3.056686,3.866401,6.140314,10.919278,16.896051,30.398279
1988-11-11,5.692347,Training,-0.526865,0.072450,0.502548,1.387773,2.400723,3.403073,4.317010,6.946674,12.932663,20.083042,36.516277
1988-11-12,5.245888,Training,-0.480511,0.119368,0.518345,1.314735,2.286513,3.180288,4.037234,6.355849,11.215737,16.905052,29.384418
1988-11-13,4.018127,Training,-0.476566,0.080139,0.424882,1.233724,2.230772,3.046675,3.899092,5.991793,10.400424,15.346573,25.958755
1988-11-14,3.683283,Training,-0.439329,0.122870,0.469573,1.434244,2.605392,3.513874,4.510208,6.731309,11.442332,16.360140,26.816305
1988-11-15,3.460054,Training,-0.485728,-0.011711,0.255182,0.834726,1.625782,2.153685,2.815834,4.333867,7.503210,11.059578,18.300533
1988-11-16,3.348439,Training,-0.481212,-0.019061,0.239426,0.838196,1.654691,2.181055,2.867614,4.375166,7.535691,10.995479,17.940716
1988-11-17,3.125210,Training,-0.466338,-0.000176,0.264358,0.952351,1.864799,2.458549,3.229213,4.859215,8.261476,11.874808,18.976095
1988-11-18,3.069403,Training,-0.477132,-0.036400,0.203008,0.778725,1.580710,2.072747,2.728897,4.159331,7.084734,10.258909,16.410170
1988-11-19,2.901981,Training,-0.474018,-0.038476,0.196417,0.768040,1.566149,2.057284,2.692293,4.120867,6.949292,10.041226,15.826759
1988-11-20,2.846173,Training,-0.515692,-0.045225,0.267515,1.053718,1.968944,2.718130,3.531635,5.494716,9.637525,14.315720,23.171635
1988-11-21,2.901981,Training,-0.545944,-0.081008,0.225734,0.938953,1.800255,2.517885,3.321000,5.263394,9.413572,14.228894,23.837378
1988-11-22,3.069403,Training,-0.514814,-0.046670,0.234031,0.860448,1.692151,2.339835,3.030007,4.751235,8.147780,12.222141,19.589304
1988-11-23,2.734559,Training,-0.481359,0.012509,0.356738,1.045810,1.947732,2.651304,3.421581,5.345773,9.179299,13.565340,21.397379
1988-11-24,2.790366,Training,-0.538387,-0.078719,0.218952,0.862701,1.641102,2.291889,2.985838,4.783946,8.468861,12.720179,20.837278
1988-11-25,4.464586,Training,-0.665626,-0.021943,0.450869,1.604034,2.787297,4.459530,5.528201,9.787276,16.528572,26.523464,44.062149
1988-11-26,7.422374,Training,-0.516716,0.212403,0.800856,1.840402,3.143482,4.628682,5.933624,9.776414,17.391811,27.098866,45.493797
1988-11-27,4.018127,Training,-0.528295,0.048211,0.398270,1.084460,1.970928,2.767846,3.541849,5.709685,9.988557,15.555578,26.382931
1988-11-28,3.404247,Training,-0.485897,0.065532,0.374832,1.072110,1.971311,2.716560,3.420068,5.409043,9.203120,13.678938,22.116236
1988-11-29,3.181017,Training,-0.449609,0.080302,0.385491,1.100963,2.046692,2.762247,3.488928,5.380894,9.019682,12.970374,20.054750
1988-11-30,3.404247,Training,-0.518938,-0.011168,0.325716,1.156275,2.099565,2.920733,3.771651,5.943085,10.663640,15.875094,25.971504
1988-12-01,6.306227,Training,-0.529186,0.019251,0.403932,1.332602,2.369055,3.343456,4.337319,6.889751,12.452278,18.584269,31.037701
1988-12-02,5.022659,Training,-0.487790,0.081768,0.447894,1.417571,2.547086,3.524111,4.505404,7.007432,12.180332,17.928505,29.162924
1988-12-03,4.520393,Training,-0.411593,0.173613,0.513767,1.565056,2.824867,3.798731,4.800833,7.172896,11.957664,16.852806,26.260857
1988-12-04,3.794898,Training,-0.335743,0.282074,0.633875,1.838422,3.286321,4.324981,5.436482,7.866546,12.741755,17.420910,26.370178
1988-12-05,3.627476,Training,-0.244653,0.416547,0.795742,2.175594,3.833846,4.942857,6.176884,8.683832,13.671018,18.230223,26.869942
1988-12-06,3.627476,Training,-0.136165,0.572945,0.983015,2.563509,4.462046,5.641610,7.025413,9.622434,14.753106,19.273123,27.851578
1988-12-07,3.515861,Training,0.005819,0.794604,1.274899,3.047072,5.172108,6.443026,7.932866,10.619386,15.793653,20.220619,28.356781
1988-12-08,3.236825,Training,0.172794,1.050750,1.624826,3.608855,6.000822,7.384522,9.036228,11.872486,17.181131,21.750174,29.796209
1988-12-09,3.125210,Training,0.023759,0.775258,1.271987,2.889689,4.926479,6.096527,7.547655,10.086165,14.938842,18.979740,26.011608
1988-12-10,3.125210,Training,0.000334,0.718033,1.199974,2.711630,4.658544,5.758650,7.147688,9.591799,14.261935,18.108202,24.697464
1988-12-11,3.125210,Training,0.080468,0.844090,1.349402,3.030855,5.125746,6.303992,7.792692,10.331153,15.115488,19.055805,25.741789
1988-12-12,2.957788,Training,0.048157,0.787085,1.265839,2.893972,4.920996,6.052697,7.497531,9.978272,14.671431,18.522390,25.014029
1988-12-13,3.125210,Training,0.054741,0.795070,1.285456,2.904709,4.946572,6.076313,7.546256,10.041187,14.764404,18.690540,25.151760
1988-12-14,3.013595,Training,-0.200935,0.344490,0.703316,1.626088,2.917502,3.639523,4.546803,6.443244,9.975851,12.797321,17.439123
1988-12-15,2.901981,Training,-0.159946,0.391415,0.775446,1.717248,3.082401,3.830295,4.781457,6.754694,10.367239,13.318149,18.139578
1988-12-16,2.957788,Training,-0.140858,0.428527,0.824418,1.825335,3.247738,4.032439,5.034765,7.067297,10.808150,13.823723,18.768394
1988-12-17,3.013595,Training,-0.074778,0.514442,0.940981,2.026653,3.583017,4.422504,5.516324,7.661269,11.546986,14.742889,19.998964
1988-12-18,2.790366,Training,-0.052835,0.589609,1.023251,2.271738,3.925110,4.842091,6.033378,8.252284,12.386126,15.627641,20.953201
1988-12-19,2.678751,Training,-0.120164,0.461032,0.862995,1.884849,3.315222,4.103550,5.124780,7.172446,10.928870,13.915636,18.786013
1988-12-20,2.846173,Training,-0.211572,0.336064,0.669857,1.587836,2.801998,3.501957,4.353162,6.226707,9.682903,12.339156,16.819359
1988-12-21,2.901981,Training,-0.232923,0.297915,0.601049,1.506007,2.672014,3.342268,4.143119,5.975181,9.337835,11.921604,16.437628
1988-12-22,2.846173,Training,-0.209900,0.335672,0.662806,1.561768,2.744841,3.424203,4.250711,6.085490,9.476220,12.055276,16.414875
1988-12-23,2.790366,Training,-0.198240,0.354471,0.691450,1.596917,2.794787,3.486454,4.327800,6.182423,9.613534,12.208207,16.562847
1988-12-24,2.790366,Training,-0.212741,0.330286,0.649457,1.600914,2.795626,3.488441,4.332321,6.233141,9.751222,12.403428,17.113764
1988-12-25,2.455522,Training,-0.222708,0.318697,0.653658,1.634656,2.822827,3.529882,4.411258,6.375305,10.080606,12.870113,17.966797
1988-12-26,2.622944,Training,-0.211687,0.339004,0.663686,1.605585,2.800594,3.521954,4.364414,6.284608,9.841638,12.571976,17.291990
1988-12-27,2.622944,Training,-0.193457,0.371480,0.717447,1.659174,2.873632,3.603353,4.479871,6.406060,10.017926,12.753573,17.388308
1988-12-28,2.567137,Training,-0.164234,0.412711,0.783517,1.727679,2.978590,3.724737,4.642632,6.589413,10.249235,12.992068,17.513409
1988-12-29,2.567137,Training,-0.157467,0.423515,0.797544,1.754120,3.014472,3.770259,4.697215,6.663169,10.357686,13.110281,17.642719
1988-12-30,2.511330,Training,-0.149708,0.435160,0.813924,1.780063,3.049569,3.812781,4.751149,6.731620,10.454177,13.217511,17.746502
1988-12-31,2.399715,Training,-0.145535,0.440738,0.820398,1.786981,3.054890,3.819538,4.756333,6.740745,10.461031,13.217312,17.712420
1989-01-01,2.288100,Validation,-0.119838,0.469356,0.880525,1.824645,3.119171,3.893853,4.865347,6.874843,10.628091,13.453131,17.879351
1989-01-02,2.288100,Validation,-0.097176,0.489607,0.919423,1.857499,3.185554,3.975737,4.966752,7.026768,10.815239,13.737870,18.246832
1989-01-03,2.288100,Validation,-0.090991,0.501517,0.940181,1.895062,3.241213,4.049660,5.061634,7.159096,11.017372,13.994498,18.571854
1989-01-04,2.288100,Validation,-0.099701,0.501871,0.936558,1.909831,3.245508,4.060826,5.076869,7.172962,11.067673,14.016393,18.550734
1989-01-05,2.288100,Validation,-0.124576,0.481951,0.880452,1.928046,3.243985,4.062089,5.056017,7.170680,11.125883,14.031883,18.805004
1989-01-06,2.343908,Validation,-0.181363,0.472859,0.965442,2.287209,3.685692,4.769772,6.037717,8.656789,14.058966,18.448984,25.943695
1989-01-07,3.906513,Validation,-0.171521,0.509887,0.993018,2.332011,3.864109,5.017010,6.311509,9.052064,14.521388,19.030390,26.780523
1989-01-08,2.678751,Validation,-0.127484,0.566048,1.028083,2.377059,3.935030,5.030288,6.289419,8.891661,14.005615,18.110107,25.174700
1989-01-09,2.399715,Validation,-0.019482,0.724516,1.235337,2.688852,4.363117,5.491973,6.842373,9.475024,14.602033,18.457632,25.099072
1989-01-10,2.622944,Validation,-0.056130,0.814404,1.501646,3.313993,5.125868,6.679310,8.359128,11.685877,18.713017,24.664904,34.652386
1989-01-11,5.357503,Validation,-0.054650,0.994494,1.828824,4.134339,6.323099,8.365248,10.458548,14.765488,24.202053,32.040684,47.448524
1989-01-12,4.743622,Validation,0.023309,1.061023,1.758525,4.027761,6.397628,8.313478,10.223104,14.310811,22.490400,29.532619,43.245705
1989-01-13,2.957788,Validation,0.121114,1.115883,1.759945,3.795908,6.015413,7.629049,9.321093,12.758640,19.413191,24.797712,34.545200
1989-01-14,2.622944,Validation,0.214143,1.231569,1.887301,3.966506,6.261114,7.851980,9.553379,12.914582,19.265896,24.254026,33.057121
1989-01-15,2.455522,Validation,0.223161,1.213302,1.858710,3.889911,6.151076,7.678727,9.360680,12.609265,18.745798,23.466858,31.684374
1989-01-16,2.399715,Validation,0.246137,1.223963,1.887685,3.876026,6.125504,7.619120,9.321356,12.484383,18.470833,23.014164,30.709156
1989-01-17,2.343908,Validation,0.254280,1.218319,1.877252,3.847489,6.085129,7.559222,9.255003,12.369602,18.251471,22.672594,30.096172
1989-01-18,2.343908,Validation,0.272612,1.227933,1.907036,3.843247,6.078943,7.538994,9.258275,12.325038,18.124155,22.464573,29.581268
1989-01-19,2.288100,Validation,0.275379,1.212014,1.895801,3.786707,6.001755,7.441694,9.158200,12.176510,17.877666,22.136976,28.996098
1989-01-20,2.288100,Validation,0.293944,1.223707,1.920803,3.801790,6.029410,7.468577,9.201942,12.205173,17.858463,22.083061,28.795752
1989-01-21,2.288100,Validation,0.310803,1.251904,1.933437,3.885851,6.139266,7.594867,9.324380,12.333385,17.986958,22.148554,28.845076
1989-01-22,2.232293,Validation,0.396014,1.369236,2.090687,4.133258,6.493680,7.994845,9.796095,12.831747,18.480051,22.627176,29.195883
1989-01-23,2.120678,Validation,0.516904,1.543144,2.321122,4.505112,7.021284,8.599639,10.488153,13.600937,19.282488,23.469727,30.000841
1989-01-24,2.232293,Validation,0.643452,1.761986,2.582227,5.031279,7.750928,9.450587,11.426373,14.699910,20.586390,24.923882,31.766663
1989-01-25,2.176486,Validation,0.126495,1.212942,2.063775,4.372239,6.689565,8.688846,10.679393,14.606300,22.282991,29.367792,39.702492
1989-01-26,12.835684,Validation,0.144236,1.658967,2.914133,6.399348,9.443315,12.598679,15.437521,21.285501,34.524529,45.696312,66.261330
1989-01-27,5.803962,Validation,0.416389,2.056110,3.185012,6.672753,10.223918,13.135474,15.758163,21.229233,32.206730,41.390549,60.280201
1989-01-28,3.794898,Validation,0.777312,2.497159,3.607862,7.174418,10.749328,13.247526,15.537652,20.361372,29.086096,36.643574,50.741806
1989-01-29,3.236825,Validation,0.624719,2.042821,2.921388,5.875626,8.931436,11.018496,12.973309,17.075167,24.405138,30.341572,41.034744
1989-01-30,2.901981,Validation,0.416106,1.575985,2.304263,4.730450,7.322130,9.075238,10.828034,14.381746,20.882149,25.965975,34.791145
1989-01-31,2.846173,Validation,0.421317,1.537646,2.256792,4.597912,7.126287,8.797080,10.538726,13.929570,20.144897,24.928814,33.025772
1989-02-01,2.790366,Validation,0.441221,1.659231,2.561229,5.149740,7.662250,9.480016,11.421413,15.103077,22.257305,27.981478,37.828152
1989-02-02,2.957788,Validation,0.411456,1.583974,2.351064,4.889654,7.532494,9.412010,11.254219,14.974207,21.866110,27.405018,37.109234
1989-02-03,2.790366,Validation,0.450048,1.619446,2.366289,4.898364,7.560303,9.372947,11.187718,14.759371,21.336128,26.562853,35.638924
1989-02-04,2.622944,Validation,0.576257,1.803841,2.589012,5.208552,7.979631,9.808661,11.659728,15.195576,21.573471,26.543375,35.008793
1989-02-05,2.399715,Validation,0.589805,1.802037,2.568063,5.188389,7.955095,9.756010,11.579024,15.060135,21.299757,26.114361,34.321484
1989-02-06,2.288100,Validation,0.612939,1.819590,2.602179,5.195401,7.951471,9.729178,11.570572,14.968081,21.103849,25.771135,33.620667
1989-02-07,2.455522,Validation,0.641313,1.844572,2.643224,5.231579,7.987753,9.754937,11.610916,14.960031,21.014170,25.584116,33.181023
1989-02-08,2.288100,Validation,0.702771,1.926416,2.789035,5.413484,8.206382,9.985649,11.914651,15.266627,21.347715,25.950562,33.456078
1989-02-09,2.957788,Validation,0.637761,2.131403,3.348213,6.492673,9.414231,11.808146,14.096114,18.305447,26.580971,34.106167,45.203056
1989-02-10,4.297164,Validation,0.614655,3.220218,5.180793,10.507590,15.119604,19.839031,23.048956,30.595160,44.714447,58.340649,78.097992
1989-02-11,4.018127,Validation,1.228780,4.246671,6.213040,12.360152,18.475351,23.433596,27.325991,35.458111,51.998791,66.034508,96.909592
1989-02-12,3.013595,Validation,1.824325,4.904367,6.574220,12.596474,18.290403,22.112667,24.747871,31.469997,42.933784,54.205917,77.311127
1989-02-13,2.734559,Validation,1.540965,3.872164,5.129167,9.931044,14.495635,17.473349,19.547722,24.941196,33.545155,41.666794,57.118629
1989-02-14,2.567137,Validation,0.890665,2.409206,3.287012,6.666536,10.070312,12.263377,14.107840,18.274988,25.182949,31.197506,41.833122
1989-02-15,2.455522,Validation,0.943377,2.433946,3.310469,6.596762,9.935319,12.028492,13.858247,17.777407,24.329588,29.779894,39.250336
1989-02-16,2.455522,Validation,0.972396,2.440242,3.327941,6.520204,9.795668,11.831088,13.669224,17.397097,23.721199,28.800070,37.465134
1989-02-17,2.455522,Validation,1.013485,2.485848,3.369224,6.594745,9.888556,11.920123,13.741214,17.422892,23.634823,28.595778,37.073421
1989-02-18,2.343908,Validation,1.070948,2.538015,3.409318,6.717733,10.067995,12.104410,13.905594,17.583834,23.631290,28.570681,36.933033
1989-02-19,2.288100,Validation,1.165637,2.637678,3.539169,6.977371,10.433390,12.505869,14.358910,18.039984,23.919870,28.949564,37.151867
1989-02-20,2.176486,Validation,0.902400,2.190869,2.987608,5.955661,8.992374,10.811298,12.516277,15.873909,21.483852,26.010324,33.464851
1989-02-21,2.901981,Validation,0.858823,2.306259,3.407722,6.661318,9.628596,11.769680,13.785714,17.536943,24.634190,30.990602,40.670990
1989-02-22,2.622944,Validation,0.671525,2.355279,3.678020,7.418602,10.595277,13.440985,15.752924,20.443979,30.159004,39.610374,54.680737
1989-02-23,3.460054,Validation,0.787870,2.694118,4.112667,8.097517,11.629139,14.612436,17.091484,22.116425,32.471848,42.016281,59.741039
1989-02-24,17.914151,Validation,0.961073,3.973028,6.027440,11.815133,16.855591,21.737856,24.593544,31.627468,44.017239,59.633312,79.901985
1989-02-25,18.025765,Validation,1.782632,6.195778,9.709477,18.408794,26.307276,33.214878,38.155827,47.942112,69.110931,94.225128,126.198654
1989-02-26,12.835684,Validation,2.627568,7.642490,11.192696,19.904360,27.695839,33.600048,38.229431,47.162514,66.597031,87.959564,125.566711
1989-02-27,10.715006,Validation,3.200299,8.057105,10.959453,19.197098,26.456663,31.390837,34.584751,42.676495,57.068821,74.336555,106.408173
1989-02-28,10.770813,Validation,3.000243,7.049368,9.639279,17.028620,23.201689,27.458199,30.227919,37.312286,49.229504,63.679901,89.111893
1989-03-01,7.924640,Validation,1.962656,4.846343,6.649381,12.379996,17.283117,20.644506,22.987392,28.857063,38.786880,49.717587,69.285202
1989-03-02,6.417842,Validation,2.000647,4.685874,6.215823,11.670248,16.542408,19.660862,21.729008,27.231632,35.811810,45.131115,61.893707
1989-03-03,5.971384,Validation,2.054329,4.596508,6.028713,11.284371,16.008129,18.903816,20.857649,25.972685,33.644402,41.864437,56.298771
1989-03-04,5.524925,Validation,2.029539,4.423347,5.706325,10.704610,15.304447,18.065125,19.889950,24.651785,31.582415,38.785793,51.263668
1989-03-05,5.134274,Validation,1.947787,4.181233,5.390998,10.116722,14.492195,17.085566,18.873337,23.297014,29.781605,36.305225,47.381851
1989-03-06,4.799430,Validation,1.888722,4.007098,5.165487,9.689636,13.899474,16.387140,18.143970,22.319555,28.478554,34.549831,44.668251
1989-03-07,4.687815,Validation,1.905623,3.989665,5.301119,9.830578,13.833666,16.241760,18.126814,22.249260,28.567610,34.834728,45.011707
1989-03-08,4.352971,Validation,1.839507,3.873559,4.985272,9.326068,13.345522,15.795714,17.497780,21.417244,27.334972,33.019615,42.317738
1989-03-09,4.185549,Validation,1.903273,3.933078,5.038902,9.397757,13.408203,15.838807,17.535772,21.346972,27.106577,32.632053,41.495701
1989-03-10,4.129742,Validation,1.992599,3.986045,5.097295,9.506134,13.545048,15.990649,17.707178,21.468534,26.960768,32.445671,40.837894
1989-03-11,4.129742,Validation,2.040929,3.956316,5.085721,9.502879,13.519709,15.989202,17.799004,21.404739,26.703112,32.129990,39.912430
1989-03-12,3.739091,Validation,1.836423,3.610441,4.646157,8.748590,12.553054,14.853199,16.568108,20.009048,25.117205,30.155802,37.398232
1989-03-13,3.627476,Validation,1.580205,3.246387,4.159004,7.876513,11.413128,13.498127,15.034456,18.329962,23.354385,27.919092,34.826469
1989-03-14,3.739091,Validation,1.475460,3.109476,3.992884,7.598579,11.066148,13.104421,14.606248,17.876171,22.946476,27.507599,34.441452
1989-03-15,3.627476,Validation,1.071103,2.483478,3.214401,6.238596,9.193982,10.946232,12.274004,15.210695,20.043945,23.955711,30.309904
1989-03-16,3.683283,Validation,0.789966,2.061546,2.896322,5.663582,8.128767,9.764684,11.236603,14.041726,19.472462,23.644897,30.573723
1989-03-17,4.241357,Validation,0.631648,1.845327,2.621184,5.174597,7.497811,9.103050,10.517905,13.289056,18.812208,22.893749,29.993076
1989-03-18,3.683283,Validation,0.572067,1.747147,2.378599,4.779560,7.132097,8.703758,9.930803,12.613873,17.656450,21.437279,27.865248
1989-03-19,3.292632,Validation,0.595607,1.753857,2.338381,4.683412,6.997969,8.484015,9.625210,12.206996,16.912136,20.326302,26.242014
1989-03-20,3.069403,Validation,0.582529,1.690147,2.240781,4.498144,6.737678,8.141647,9.212820,11.709745,16.126884,19.280548,24.728838
1989-03-21,3.125210,Validation,0.569398,1.630080,2.182807,4.406948,6.600008,7.945188,9.017033,11.463975,15.733592,18.825994,24.038492
1989-03-22,3.069403,Validation,0.549450,1.577332,2.106889,4.263467,6.417805,7.742299,8.778618,11.145821,15.234874,18.204773,23.098921
1989-03-23,3.013595,Validation,0.556947,1.581021,2.107185,4.247106,6.393723,7.699490,8.724489,11.065536,15.098454,18.006607,22.786726
1989-03-24,2.901981,Validation,0.578901,1.623398,2.145590,4.284407,6.439205,7.738232,8.740366,11.078567,15.108071,17.954626,22.697536
1989-03-25,2.790366,Validation,0.569769,1.586014,2.111272,4.242969,6.371689,7.661531,8.674377,10.964917,14.892871,17.744640,22.333494
1989-03-26,3.627476,Validation,0.556268,1.576282,2.096532,4.184817,6.271713,7.517034,8.497815,10.781881,14.730639,17.504042,22.090143
1989-03-27,5.413310,Validation,0.459410,1.676987,2.496904,4.944755,7.324237,9.188988,10.759834,13.688893,19.257265,24.534897,31.199738
1989-03-28,11.496308,Validation,0.400603,1.965834,3.164686,6.434600,9.261135,11.931301,14.056063,18.104809,27.337786,36.365227,48.891502
1989-03-29,30.805642,Validation,0.532730,2.175316,3.095483,6.488310,9.602946,12.053826,13.824542,17.996960,26.668873,34.297020,49.001423
1989-03-30,12.165996,Validation,0.706216,2.239930,2.985286,6.137398,9.060939,11.006555,12.384684,15.853260,22.260054,28.051102,38.498901
1989-03-31,7.366567,Validation,0.850227,2.390701,3.095428,6.192931,9.089130,10.912239,12.139191,15.451370,21.133896,26.061558,34.811600
1989-04-01,6.082998,Training,0.861771,2.306399,2.990396,5.913907,8.683334,10.375929,11.586364,14.661717,19.922859,24.249872,31.728485
1989-04-02,5.357503,Training,0.890336,2.481998,3.550703,6.743116,9.533663,11.577031,13.269613,16.557722,23.205259,29.403521,38.039684
1989-04-03,8.817557,Training,0.862640,2.637844,3.980463,7.479485,10.499882,12.958392,15.037417,18.893061,27.287651,35.624771,47.586578
1989-04-04,13.505372,Training,0.743921,2.514091,3.648039,7.227970,10.253879,12.594653,14.498180,18.512056,27.066715,34.946358,48.774975
1989-04-05,10.045318,Training,0.829687,2.562523,3.630003,7.080122,9.982864,12.087458,13.808916,17.466784,25.004103,31.943123,43.813942
1989-04-06,8.426906,Training,0.908207,2.756324,3.964312,7.698959,10.730731,13.073715,14.916670,18.803852,26.835419,34.945030,47.602299
1989-04-07,7.533989,Training,0.938461,2.972838,4.348739,8.348093,11.604803,14.237602,16.303085,20.517691,29.545527,39.036053,53.433376
1989-04-08,9.598859,Training,0.975348,4.110949,6.155822,11.682662,16.481720,20.772549,23.685041,29.801714,40.718727,55.763599,72.776527
1989-04-09,27.736239,Training,1.532394,4.951416,7.474083,13.978678,19.696312,24.081663,28.142532,35.029644,51.126453,68.728210,97.245766
1989-04-10,25.113295,Training,1.706881,4.808301,6.406704,11.982133,17.177345,20.442059,22.798542,28.447563,38.964302,51.173248,73.111244
1989-04-11,15.849280,Training,2.293936,5.505850,7.483183,13.266304,18.114834,21.217052,23.457882,28.799726,38.019878,49.726475,68.289406
1989-04-12,13.672794,Training,2.437860,5.532376,7.426948,13.078529,17.804613,20.869917,22.965935,28.213312,36.683422,47.324108,63.750404
1989-04-13,12.277611,Training,2.475927,5.337954,6.962932,12.388623,17.092133,20.021997,21.924170,26.838488,34.271149,43.395550,57.238132
1989-04-14,11.440501,Training,2.819603,5.738309,7.899492,13.585957,18.093922,21.128584,23.474527,28.425943,36.171268,46.046230,59.441177
1989-04-15,11.552116,Training,2.238046,4.701162,6.283128,11.213660,15.443326,18.123856,20.114328,24.644493,31.600670,39.745239,51.469410
1989-04-16,10.994043,Training,1.557562,3.502402,4.588834,8.455163,12.046689,14.192957,15.821183,19.464325,25.466833,31.314976,40.341747
1989-04-17,10.268547,Training,1.579649,3.455052,4.478267,8.177939,11.706005,13.763829,15.319110,18.741585,24.264053,29.457859,37.305077
1989-04-18,9.766281,Training,1.646297,3.446079,4.453439,8.186406,11.730858,13.743996,15.275312,18.660175,23.828272,28.859304,36.207561
1989-04-19,8.705942,Training,1.789228,3.617900,4.801350,8.699678,12.185004,14.154638,15.837521,19.278704,24.630621,29.878551,37.324081
1989-04-20,8.426906,Training,1.991011,3.871503,5.013315,9.078998,12.781015,14.922415,16.581705,20.075550,25.193838,30.435068,37.388378
1989-04-21,7.924640,Training,1.639939,3.305659,4.261527,7.849268,11.255625,13.176131,14.694197,17.887819,22.724390,27.303715,33.583626
1989-04-22,7.366567,Training,1.406591,2.927985,3.896895,7.205834,10.251986,11.930902,13.454659,16.522621,21.430300,25.801327,32.028042
1989-04-23,7.143337,Training,1.345520,2.812572,3.708642,6.922973,9.939071,11.613379,13.071404,16.105223,20.850616,25.147173,31.054878
1989-04-24,7.087530,Training,1.122188,2.697491,3.838410,7.104372,10.111450,12.117987,13.893923,17.273016,23.160999,29.630613,36.555122
1989-04-25,8.371098,Training,0.851847,2.359112,3.480109,6.786790,9.600924,11.643641,13.549788,17.164293,24.324148,31.451506,41.426273
1989-04-26,6.641071,Training,0.806868,2.206821,3.040135,6.017591,8.951198,10.843640,12.480373,15.847601,21.997557,27.881342,36.429283
1989-04-27,5.915576,Training,0.538071,1.640894,2.253788,4.517998,6.751181,8.101985,9.336186,11.983373,16.786066,20.664942,26.740993
1989-04-28,6.473649,Training,0.478271,1.487145,2.070966,4.164597,6.230135,7.455005,8.619583,11.114946,15.569435,19.033304,24.483570
1989-04-29,6.920108,Training,0.495465,1.493008,2.043984,4.115428,6.212142,7.439232,8.565286,11.009715,15.257637,18.579920,23.654202
1989-04-30,6.138805,Training,0.437082,1.370605,1.880081,3.805694,5.799954,6.958546,8.025961,10.324476,14.322743,17.368687,21.965551
1989-05-01,5.803962,Training,0.388316,1.259783,1.746778,3.548917,5.428550,6.518242,7.552207,9.709867,13.516115,16.342234,20.520731
1989-05-02,5.636540,Training,0.403621,1.267196,1.753949,3.556181,5.431548,6.514780,7.558033,9.679918,13.440293,16.219658,20.254534
1989-05-03,5.357503,Training,0.329060,1.139270,1.596369,3.253294,4.997838,6.003871,6.978558,9.007052,12.621273,15.217808,19.000528
1989-05-04,5.245888,Training,0.299249,1.086358,1.526001,3.111212,4.788117,5.751075,6.681565,8.653171,12.163445,14.647799,18.257025
1989-05-05,4.911044,Training,0.282361,1.043304,1.470186,2.995367,4.590908,5.528939,6.440448,8.332603,11.780062,14.140531,17.522676
1989-05-06,4.576200,Training,0.278131,1.028879,1.448795,2.945522,4.501635,5.425109,6.322901,8.177782,11.587647,13.879106,17.150637
1989-05-07,4.408778,Training,0.268466,1.023741,1.444809,2.950065,4.519504,5.425531,6.317806,8.206173,11.601758,13.944662,17.330605
1989-05-08,4.408778,Training,0.207199,0.936553,1.339920,2.762620,4.263443,5.125842,5.977336,7.862513,11.198537,13.526296,16.923223
1989-05-09,4.352971,Training,0.176159,0.890095,1.283328,2.667298,4.134971,4.984225,5.829595,7.712485,11.039338,13.382611,16.800241
1989-05-10,4.241357,Training,0.190401,0.912566,1.301598,2.705520,4.199438,5.062208,5.917140,7.807609,11.128813,13.489892,16.915956
1989-05-11,4.129742,Training,0.193319,0.918269,1.336764,2.789063,4.267801,5.115801,6.022683,7.949844,11.431641,13.884323,17.551828
1989-05-12,4.241357,Training,0.195080,1.039631,1.607204,3.338078,5.051445,6.236522,7.466827,9.784292,14.315850,18.420916,23.362633
1989-05-13,3.962320,Training,0.015995,0.716698,1.117223,2.486391,3.867564,4.811653,5.705078,7.773428,11.656071,14.738651,19.281181
1989-05-14,3.460054,Training,-0.024504,0.607999,0.969799,2.146227,3.358033,4.159944,4.942193,6.757872,10.150343,12.684261,16.428308
1989-05-15,3.460054,Training,0.029706,0.680467,1.029637,2.223670,3.480028,4.270668,5.031499,6.821739,10.058963,12.385629,15.878730
1989-05-16,3.348439,Training,0.028468,0.665650,1.005586,2.165536,3.397714,4.156414,4.888984,6.630095,9.757336,11.964339,15.267494
1989-05-17,3.404247,Training,0.015782,0.633094,0.963099,2.072814,3.259587,3.982022,4.683441,6.363634,9.378742,11.468600,14.598575
1989-05-18,3.236825,Training,0.013317,0.627344,0.952507,2.044031,3.219672,3.922354,4.601868,6.266158,9.216159,11.252716,14.322067
1989-05-19,3.125210,Training,0.007509,0.614353,0.934155,2.006571,3.164892,3.850088,4.516376,6.152205,9.045864,11.043479,14.047223
1989-05-20,2.957788,Training,-0.011058,0.580838,0.892490,1.927732,3.053684,3.714755,4.364895,5.967243,8.799072,10.763829,13.710871
1989-05-21,2.846173,Training,-0.018621,0.569075,0.878099,1.900847,3.022707,3.673321,4.314621,5.912855,8.724293,10.679808,13.632997
1989-05-22,3.404247,Training,-0.052991,0.563473,0.970111,2.163675,3.355533,4.169075,5.019432,6.869104,10.582992,13.391279,17.520916
1989-05-23,5.245888,Training,-0.200330,0.578451,1.112898,2.596860,4.079726,5.395323,6.663491,9.334515,14.390396,19.690973,26.614204
1989-05-24,7.422374,Training,-0.211756,0.582704,1.176752,2.911840,4.414413,5.747437,7.107261,10.027797,16.835197,23.071419,33.708817
1989-05-25,7.589796,Training,-0.147840,0.771530,1.415239,3.383411,5.205062,6.752488,8.229941,11.361416,18.274954,25.806505,36.761219
1989-05-26,12.556648,Training,-0.085844,1.042279,1.820611,4.225476,6.517171,8.472921,10.290001,14.077227,22.226364,31.598482,45.212395
1989-05-27,10.101125,Training,-0.049644,1.346153,2.273684,5.190228,8.058112,10.535274,12.707946,17.422386,26.758638,38.080551,54.457432
1989-05-28,19.532563,Training,0.064886,1.538854,2.564942,5.783116,8.926942,11.443581,13.811017,18.694193,29.467432,41.867954,60.896278
1989-05-29,21.206783,Training,0.189359,1.682228,2.626445,5.770115,8.758249,10.824298,12.973271,17.345104,26.977167,37.143322,55.870773
1989-05-30,23.160039,Training,0.294396,1.868708,2.848656,6.111381,9.289338,11.420349,13.452362,17.713762,26.776134,37.572502,54.574993
1989-05-31,10.547584,Training,0.249847,1.749012,2.665043,5.778199,8.734550,10.702139,12.675505,16.868073,25.924696,35.550301,52.816116
1989-06-01,6.306227,Training,0.268829,1.655513,2.297988,5.057655,7.929845,9.621966,11.100539,14.895206,22.007654,29.342752,43.446129
1989-06-02,5.134274,Training,0.358323,1.722232,2.369332,5.122612,7.876884,9.376957,10.764573,14.248468,20.696081,27.055937,39.279663
1989-06-03,4.632008,Training,0.392296,1.708774,2.269533,4.919968,7.692118,9.187658,10.451733,13.777742,19.631437,25.226526,36.001980
1989-06-04,4.241357,Training,0.362254,1.555235,2.088538,4.559575,7.169137,8.552954,9.821455,12.830805,18.235586,23.205450,32.633244
1989-06-05,3.962320,Training,0.400756,1.540802,2.079960,4.497417,7.092871,8.431416,9.733339,12.583728,17.719213,22.291822,30.885859
1989-06-06,3.906513,Training,0.407983,1.492883,2.028939,4.369589,6.910714,8.204052,9.512146,12.209292,17.091505,21.381529,29.267950
1989-06-07,3.739091,Training,0.463166,1.537063,2.087248,4.440748,7.009337,8.291196,9.616343,12.241662,16.938517,21.082542,28.482174
1989-06-08,3.627476,Training,0.612130,1.742491,2.342383,4.872991,7.619106,8.963898,10.355261,13.029588,17.678509,21.900629,29.151596
1989-06-09,3.404247,Training,0.774769,1.953097,2.604169,5.328878,8.269239,9.697812,11.202515,13.914590,18.559317,22.947472,30.033300
1989-06-10,3.292632,Training,0.655545,1.729312,2.338278,4.846419,7.604669,8.924660,10.410185,12.952773,17.454723,21.643538,28.230515
1989-06-11,3.181017,Training,0.368654,1.261868,1.738142,3.749614,6.040184,7.140633,8.396535,10.600364,14.661406,18.194267,23.906122
1989-06-12,3.125210,Training,0.296719,1.139434,1.582013,3.459064,5.627800,6.662085,7.860586,9.979712,13.893160,17.285370,22.674389
1989-06-13,3.125210,Training,0.155074,0.907023,1.293265,2.907722,4.814445,5.726093,6.797112,8.766044,12.412888,15.497157,20.399549
1989-06-14,3.069403,Training,0.023522,0.690962,1.028917,2.395127,4.045869,4.842717,5.797156,7.618608,11.018088,13.842557,18.328117
1989-06-15,2.957788,Training,-0.132062,0.450960,0.796807,1.945473,3.239578,3.920282,4.797581,6.501619,10.001391,12.748149,17.438374
1989-06-16,2.790366,Training,-0.230845,0.271929,0.538473,1.410621,2.465019,3.020639,3.680805,5.161986,8.033843,10.322490,14.112201
1989-06-17,2.511330,Training,-0.271686,0.209796,0.471540,1.280452,2.248931,2.763577,3.391254,4.828296,7.628502,9.884278,13.687297
1989-06-18,2.455522,Training,-0.305517,0.139180,0.366638,1.017639,1.831161,2.267737,2.749411,4.030128,6.348036,8.248897,11.409373
1989-06-19,2.622944,Training,-0.339225,0.074977,0.277441,0.792520,1.465370,1.833451,2.209478,3.322566,5.294006,6.951318,9.747344
1989-06-20,2.511330,Training,-0.344059,0.065305,0.261185,0.752176,1.404763,1.752446,2.117536,3.190995,5.095128,6.709447,9.458620
1989-06-21,2.288100,Training,-0.361190,0.034149,0.227578,0.681866,1.281081,1.593420,1.941411,2.958070,4.809433,6.373590,9.146806
1989-06-22,2.288100,Training,-0.369257,0.020510,0.208095,0.633474,1.203997,1.497470,1.830646,2.800209,4.583174,6.116402,8.862570
1989-06-23,2.064871,Training,-0.370082,0.017721,0.192992,0.580111,1.126641,1.404240,1.711087,2.618453,4.260909,5.730071,8.329922
1989-06-24,1.841642,Training,-0.374605,0.009184,0.180389,0.548789,1.076854,1.339152,1.636560,2.512976,4.086626,5.522636,8.089430
1989-06-25,1.897449,Training,-0.378127,0.002070,0.169024,0.518727,1.029300,1.276879,1.564508,2.410464,3.917555,5.320311,7.856476
1989-06-26,1.897449,Training,-0.382158,-0.003828,0.160975,0.498321,0.996455,1.234671,1.516709,2.345320,3.800803,5.189344,7.723258
1989-06-27,1.785834,Training,-0.385688,-0.012020,0.148219,0.462798,0.937241,1.158268,1.428093,2.214992,3.595959,4.945027,7.442502
1989-06-28,1.674220,Training,-0.388713,-0.020621,0.133879,0.420670,0.867494,1.066799,1.322546,2.057642,3.345667,4.647659,7.102466
1989-06-29,1.450990,Training,-0.389945,-0.028626,0.120062,0.379807,0.801672,0.980435,1.222751,1.903563,3.116527,4.363982,6.763325
1989-06-30,1.506798,Training,-0.390244,-0.031375,0.115472,0.366026,0.778922,0.951076,1.187505,1.850123,3.033776,4.258688,6.634889
1989-07-01,1.506798,Training,-0.391631,-0.033711,0.112932,0.361591,0.771558,0.942281,1.176398,1.836568,3.001138,4.219458,6.591441
1989-07-02,1.450990,Training,-0.392988,-0.037916,0.106780,0.344008,0.742991,0.905380,1.134160,1.771462,2.904022,4.100319,6.457415
1989-07-03,1.506798,Training,-0.400676,-0.048163,0.100779,0.344008,0.741665,0.901851,1.138006,1.784883,2.936246,4.154075,6.586249
1989-07-04,1.506798,Training,-0.421486,-0.075265,0.086447,0.350821,0.743692,0.909738,1.166922,1.842580,3.095506,4.379141,7.065106
1989-07-05,1.506798,Training,-0.410701,-0.060755,0.091039,0.332265,0.720690,0.882224,1.119694,1.762629,2.919461,4.155954,6.658177
1989-07-06,1.562605,Training,-0.414067,-0.066915,0.086046,0.326008,0.709677,0.867173,1.106589,1.740811,2.899782,4.130886,6.654082
1989-07-07,1.506798,Training,-0.399923,-0.050604,0.092012,0.311112,0.686853,0.838998,1.055655,1.655747,2.717285,3.873126,6.223116
1989-07-08,1.450990,Training,-0.399290,-0.051656,0.089784,0.303867,0.674451,0.821659,1.034813,1.622974,2.662947,3.798964,6.129697
1989-07-09,1.506798,Training,-0.397558,-0.052372,0.086700,0.292163,0.654221,0.795308,1.001610,1.571588,2.581925,3.688536,5.983727
1989-07-10,1.450990,Training,-0.391534,-0.049339,0.086503,0.273982,0.620292,0.749662,0.945522,1.478952,2.457860,3.521760,5.769351
1989-07-11,1.339376,Training,-0.386258,-0.044956,0.089165,0.265846,0.602755,0.725404,0.914152,1.426835,2.383710,3.420904,5.640203
1989-07-12,1.283568,Training,-0.385945,-0.045938,0.087611,0.260484,0.592415,0.712582,0.898362,1.402469,2.344638,3.369422,5.579307
1989-07-13,1.227761,Training,-0.386713,-0.047798,0.085490,0.255443,0.583241,0.701542,0.885604,1.382745,2.313142,3.329268,5.537889
1989-07-14,1.060339,Training,-0.389665,-0.052178,0.081121,0.250691,0.575952,0.693806,0.877513,1.371836,2.291839,3.303530,5.517001
1989-07-15,1.004532,Training,-0.396030,-0.060322,0.073449,0.246606,0.571847,0.691178,0.876733,1.374836,2.283845,3.297750,5.527062
1989-07-16,3.627476,Training,-0.399285,-0.064536,0.069642,0.243851,0.567905,0.686751,0.872925,1.370904,2.269656,3.282074,5.524679
1989-07-17,1.227761,Training,-0.397841,-0.064951,0.067813,0.234489,0.551169,0.665229,0.847008,1.328954,2.206068,3.199059,5.426171
1989-07-18,1.171954,Training,-0.393422,-0.062002,0.069285,0.226811,0.535187,0.643755,0.819789,1.283381,2.142346,3.112685,5.316768
1989-07-19,1.116146,Training,-0.390533,-0.060337,0.069975,0.221705,0.524175,0.629139,0.800836,1.252338,2.095365,3.048790,5.236562
1989-07-20,1.171954,Training,-0.392999,-0.064626,0.065438,0.216598,0.516173,0.620142,0.790640,1.238058,2.067415,3.012897,5.199962
1989-07-21,1.004532,Training,-0.461923,-0.153516,0.010958,0.239766,0.553012,0.703099,0.934875,1.469409,2.621186,3.862502,6.879632
1989-07-22,1.004532,Training,-0.426517,-0.097936,0.046756,0.215692,0.515086,0.638330,0.832167,1.308879,2.222188,3.287922,5.750618
1989-07-23,1.060339,Training,-0.422697,-0.094929,0.047817,0.210340,0.506956,0.621396,0.814661,1.271177,2.155201,3.188168,5.618048
1989-07-24,1.116146,Training,-0.399124,-0.075246,0.054668,0.199995,0.486276,0.585684,0.752371,1.177893,1.966334,2.884572,5.092884
1989-07-25,1.060339,Training,-0.392359,-0.070248,0.057771,0.194045,0.472197,0.565906,0.726157,1.133484,1.901528,2.793588,4.968912
1989-07-26,0.781303,Training,-0.382467,-0.060239,0.066457,0.193056,0.464145,0.552522,0.706669,1.097497,1.850998,2.722856,4.873597
1989-07-27,0.725495,Training,-0.376195,-0.054211,0.071744,0.191843,0.457576,0.542167,0.692292,1.071387,1.811456,2.669143,4.807097
1989-07-28,0.781303,Training,-0.379413,-0.060233,0.065271,0.184794,0.446532,0.529576,0.678258,1.051285,1.775093,2.620996,4.756237
1989-07-29,0.725495,Training,-0.380277,-0.062600,0.062602,0.180771,0.439134,0.520993,0.667974,1.035304,1.748132,2.584323,4.716778
1989-07-30,0.837110,Training,-0.380238,-0.063569,0.061322,0.177941,0.433188,0.514036,0.659165,1.021004,1.724763,2.552017,4.681684
1989-07-31,0.948724,Training,-0.376989,-0.060330,0.064226,0.177875,0.430002,0.509513,0.652220,1.007669,1.705105,2.524269,4.649815
1989-08-01,0.948724,Training,-0.374119,-0.057518,0.066714,0.177801,0.427022,0.505432,0.645871,0.995476,1.686553,2.498149,4.620230
1989-08-02,0.837110,Training,-0.385931,-0.074312,0.049783,0.165518,0.411725,0.490350,0.630787,0.978845,1.650876,2.449601,4.571239
1989-08-03,0.948724,Training,-0.427024,-0.129503,0.015394,0.170169,0.415951,0.502752,0.677427,1.057940,1.864362,2.742337,5.236577
1989-08-04,0.948724,Training,-0.421481,-0.120495,0.019640,0.160189,0.401473,0.485856,0.650072,1.018806,1.771551,2.630241,5.022472
1989-08-05,0.948724,Training,-0.404734,-0.096433,0.034297,0.155136,0.393711,0.476432,0.623786,0.967472,1.645874,2.464144,4.694442
1989-08-06,1.060339,Training,-0.459525,-0.172891,-0.017156,0.162190,0.404018,0.510683,0.699817,1.086488,1.966169,2.927905,5.747813
1989-08-07,1.004532,Training,-0.428393,-0.127816,0.014817,0.151504,0.383613,0.471605,0.634311,0.989870,1.731420,2.596338,5.038891
1989-08-08,1.116146,Training,-0.420521,-0.116769,0.023273,0.152913,0.384881,0.469924,0.629562,0.971194,1.693864,2.544914,4.938200
1989-08-09,1.227761,Training,-0.394328,-0.089516,0.035992,0.145928,0.370805,0.447143,0.579495,0.894037,1.521162,2.279241,4.439016
1989-08-10,0.892917,Training,-0.391474,-0.088480,0.035123,0.143026,0.364986,0.437739,0.565611,0.872911,1.481136,2.217244,4.343714
1989-08-11,1.004532,Training,-0.389143,-0.087514,0.034817,0.140618,0.359289,0.429661,0.553856,0.854550,1.448693,2.168767,4.275108
1989-08-12,1.004532,Training,-0.387597,-0.087356,0.034963,0.139100,0.354444,0.423132,0.545847,0.840444,1.429539,2.141791,4.248221
1989-08-13,1.227761,Training,-0.386821,-0.087555,0.034194,0.136774,0.349060,0.416660,0.536852,0.825785,1.404687,2.106845,4.205212
1989-08-14,1.060339,Training,-0.388915,-0.092130,0.031370,0.135527,0.345284,0.411280,0.532976,0.819553,1.402919,2.103777,4.225851
1989-08-15,1.004532,Training,-0.387766,-0.091305,0.032067,0.135163,0.342388,0.408246,0.528306,0.810480,1.390079,2.085973,4.210542
1989-08-16,1.060339,Training,-0.388786,-0.093241,0.029474,0.131594,0.335894,0.401160,0.518658,0.795699,1.362851,2.048308,4.162265
1989-08-17,1.227761,Training,-0.386892,-0.090900,0.029770,0.129171,0.330817,0.395765,0.508526,0.779207,1.328653,1.999848,4.086738
1989-08-18,1.060339,Training,-0.384636,-0.088961,0.031113,0.128885,0.328238,0.392529,0.503343,0.768819,1.313534,1.978093,4.061630
1989-08-19,1.004532,Training,-0.384694,-0.089928,0.029748,0.127002,0.324070,0.387521,0.496335,0.757945,1.295389,1.951796,4.030124
1989-08-20,1.004532,Training,-0.383930,-0.089466,0.029908,0.126568,0.321738,0.385055,0.492274,0.750141,1.283866,1.935331,4.013209
1989-08-21,0.948724,Training,-0.382060,-0.087059,0.032066,0.128224,0.322254,0.385979,0.492109,0.746781,1.280572,1.930474,4.014140
1989-08-22,0.892917,Training,-0.380355,-0.085501,0.033257,0.128261,0.320124,0.383328,0.487931,0.738207,1.266985,1.911653,3.996901
1989-08-23,1.004532,Training,-0.376480,-0.079847,0.039129,0.133870,0.325923,0.389798,0.494459,0.743099,1.277927,1.926815,4.031173
1989-08-24,1.283568,Training,-0.379615,-0.083881,0.034631,0.131368,0.322277,0.386409,0.490058,0.736910,1.266521,1.908814,4.008473
1989-08-25,1.060339,Training,-0.380732,-0.089067,0.028992,0.122573,0.306298,0.366479,0.467035,0.704170,1.210522,1.832472,3.914742
1989-08-26,1.060339,Training,-0.381997,-0.091840,0.026080,0.119286,0.300320,0.359019,0.458252,0.691531,1.189086,1.802178,3.879985
1989-08-27,1.004532,Training,-0.382085,-0.092635,0.025148,0.117794,0.296869,0.354734,0.452824,0.682798,1.174825,1.782220,3.859536
1989-08-28,0.948724,Training,-0.381825,-0.092864,0.024902,0.117146,0.294629,0.351958,0.449139,0.676192,1.164858,1.768361,3.848335
1989-08-29,1.116146,Training,-0.384049,-0.096957,0.021861,0.115213,0.291087,0.347113,0.444972,0.670489,1.158707,1.759643,3.851715
1989-08-30,1.171954,Training,-0.401985,-0.123869,0.004183,0.111320,0.285396,0.340574,0.451659,0.684221,1.211708,1.828010,4.054978
1989-08-31,1.227761,Training,-0.385177,-0.097721,0.021768,0.114264,0.286573,0.344391,0.441029,0.661699,1.146388,1.747232,3.860695
1989-09-01,1.060339,Training,-0.384368,-0.096839,0.022321,0.114020,0.285648,0.342465,0.438517,0.655745,1.136047,1.732777,3.843482
1989-09-02,0.948724,Training,-0.385426,-0.099360,0.025167,0.124658,0.299296,0.355697,0.460140,0.683154,1.200200,1.816202,4.029593
1989-09-03,0.892917,Training,-0.404418,-0.126111,0.008279,0.122881,0.294989,0.355756,0.473507,0.702265,1.265135,1.902758,4.289334
1989-09-04,0.725495,Training,-0.389668,-0.103284,0.020948,0.116035,0.284032,0.343021,0.443645,0.658643,1.154599,1.765845,3.970180
1989-09-05,0.837110,Training,-0.387211,-0.100268,0.022839,0.116242,0.284338,0.341398,0.440789,0.652071,1.141011,1.745367,3.934571
1989-09-06,0.837110,Training,-0.379613,-0.091158,0.027827,0.116750,0.284561,0.340067,0.432680,0.640076,1.111492,1.699359,3.836481
1989-09-07,0.892917,Training,-0.441626,-0.181639,-0.035433,0.109220,0.280974,0.358316,0.490383,0.722133,1.349968,2.042222,4.773124
1989-09-08,1.004532,Training,-0.402850,-0.117185,0.010589,0.105584,0.267624,0.330493,0.432665,0.645249,1.133923,1.752830,4.012609
1989-09-09,1.004532,Training,-0.408243,-0.125749,0.004494,0.103536,0.268393,0.324987,0.434003,0.648101,1.146484,1.766621,4.051658
1989-09-10,0.948724,Training,-0.399151,-0.119638,0.005214,0.101034,0.266888,0.316945,0.417486,0.631177,1.109460,1.697490,3.896443
1989-09-11,0.781303,Training,-0.390449,-0.106787,0.013373,0.102413,0.267705,0.319008,0.411810,0.619763,1.076703,1.654251,3.792933
1989-09-12,0.892917,Training,-0.388857,-0.105803,0.013734,0.101865,0.267159,0.317039,0.408750,0.614887,1.067571,1.640849,3.767707
1989-09-13,0.948724,Training,-0.386224,-0.103503,0.015342,0.102155,0.266914,0.316027,0.406034,0.609476,1.057909,1.626835,3.743558
1989-09-14,0.948724,Training,-0.384992,-0.102220,0.016611,0.102804,0.267286,0.316087,0.405623,0.607363,1.054617,1.622812,3.741454
1989-09-15,0.892917,Training,-0.384874,-0.102315,0.016540,0.102398,0.266889,0.315204,0.404583,0.605790,1.051903,1.619644,3.739451
1989-09-16,0.837110,Training,-0.385771,-0.103575,0.015335,0.101051,0.265759,0.313520,0.403074,0.604655,1.049744,1.617322,3.738069
1989-09-17,0.725495,Training,-0.453539,-0.200675,-0.054102,0.091490,0.262968,0.336713,0.467455,0.696509,1.308016,1.994095,4.765038
1989-09-18,0.669688,Training,-0.436448,-0.165130,-0.018825,0.097988,0.257460,0.320267,0.448436,0.669253,1.230832,1.895032,4.486480
1989-09-19,0.837110,Training,-0.413897,-0.128562,0.004950,0.100711,0.263661,0.323831,0.434746,0.644544,1.141984,1.782458,4.156231
1989-09-20,0.837110,Training,-0.398241,-0.113722,0.011020,0.099792,0.266208,0.318759,0.418077,0.624198,1.093553,1.693032,3.932187
1989-09-21,0.781303,Training,-0.394929,-0.111880,0.010699,0.098465,0.266607,0.315749,0.412198,0.620034,1.082533,1.670429,3.872183
1989-09-22,0.837110,Training,-0.393284,-0.110350,0.010630,0.096487,0.265088,0.312714,0.407140,0.615416,1.070435,1.653349,3.830963
1989-09-23,0.781303,Training,-0.391970,-0.109015,0.012043,0.097102,0.265992,0.313177,0.407561,0.614362,1.068383,1.650870,3.826715
1989-09-24,0.725495,Training,-0.391862,-0.108766,0.012112,0.097295,0.267529,0.314470,0.409031,0.616995,1.072097,1.655741,3.829602
1989-09-25,0.669688,Training,-0.393100,-0.109151,0.011457,0.099031,0.273327,0.320512,0.416800,0.629463,1.091048,1.680877,3.860234
1989-09-26,0.669688,Training,-0.387694,-0.104061,0.016848,0.100320,0.270515,0.316337,0.410740,0.615626,1.068320,1.651065,3.829253
1989-09-27,0.613881,Training,-0.381803,-0.093681,0.028422,0.111951,0.284533,0.331805,0.427223,0.631294,1.094363,1.686278,3.900702
1989-09-28,0.613881,Training,-0.378234,-0.087207,0.035634,0.119248,0.294131,0.342017,0.438523,0.643415,1.113464,1.713277,3.954503
1989-09-29,0.558073,Training,-0.376426,-0.083760,0.039933,0.123204,0.299397,0.347282,0.445259,0.650445,1.124606,1.730556,3.996714
1989-09-30,0.446459,Training,-0.384340,-0.096981,0.028640,0.113609,0.288369,0.334144,0.435670,0.642590,1.117868,1.723887,4.004313
1989-10-01,0.390651,Training,-0.476213,-0.222977,-0.067074,0.095625,0.296939,0.392072,0.546222,0.799558,1.496038,2.322643,5.621219
1989-10-02,0.613881,Training,-0.456726,-0.175262,-0.012991,0.110203,0.281127,0.354437,0.511293,0.753996,1.394499,2.176991,5.167165
1989-10-03,0.669688,Training,-0.428370,-0.132528,0.014872,0.116095,0.292958,0.360614,0.497717,0.725108,1.294433,2.034500,4.743246
1989-10-04,0.669688,Training,-0.404601,-0.111070,0.020713,0.111392,0.295649,0.351422,0.468517,0.693140,1.213535,1.877158,4.310910
1989-10-05,0.669688,Training,-0.410492,-0.118807,0.016548,0.120729,0.316780,0.370510,0.499095,0.741310,1.304187,1.987934,4.501360
1989-10-06,0.613881,Training,-0.387575,-0.091524,0.038008,0.123255,0.307712,0.358391,0.470565,0.689330,1.194771,1.843229,4.253971
1989-10-07,0.613881,Training,-0.387291,-0.093568,0.035403,0.118380,0.301725,0.349605,0.461552,0.678103,1.174644,1.817553,4.211701
1989-10-08,0.446459,Training,-0.390401,-0.100942,0.025896,0.107068,0.290071,0.335368,0.445924,0.663697,1.148287,1.782784,4.134557
1989-10-09,0.279037,Training,-0.390849,-0.101724,0.024886,0.105524,0.289910,0.334306,0.445727,0.665142,1.149815,1.786373,4.137082
1989-10-10,0.390651,Training,-0.391290,-0.102567,0.023664,0.103609,0.289241,0.332831,0.444869,0.665996,1.150145,1.788673,4.137577
1989-10-11,0.390651,Training,-0.391602,-0.103314,0.022610,0.102006,0.289032,0.331799,0.444620,0.667408,1.151236,1.792557,4.142226
1989-10-12,0.334844,Training,-0.400916,-0.117449,0.014201,0.100774,0.289384,0.330218,0.452770,0.682541,1.191997,1.849881,4.283979
1989-10-13,1.618412,Training,-0.521879,-0.264349,-0.100217,0.080698,0.317360,0.438359,0.633271,0.947920,1.752609,2.788613,6.725345
1989-10-14,1.953256,Training,-0.546795,-0.261913,-0.053900,0.144496,0.353477,0.485110,0.742867,1.098261,2.147639,3.469899,8.308092
1989-10-15,0.613881,Training,-0.473873,-0.150092,0.030203,0.155539,0.360317,0.461121,0.662050,0.962462,1.725793,2.792783,6.440163
1989-10-16,0.502266,Training,-0.518522,-0.221613,-0.034443,0.145440,0.372036,0.486105,0.724850,1.076070,2.060590,3.248377,7.504471
1989-10-17,0.558073,Training,-0.537789,-0.236635,-0.039433,0.156992,0.391991,0.529574,0.787803,1.182557,2.283177,3.636853,8.369364
1989-10-18,0.558073,Training,-0.501985,-0.172941,0.010570,0.163864,0.402936,0.518864,0.751257,1.134595,2.071019,3.304616,7.304826
1989-10-19,0.502266,Training,-0.466061,-0.137961,0.016428,0.144707,0.393751,0.488495,0.684469,1.036040,1.829771,2.870185,6.158443
1989-10-20,0.446459,Training,-0.437965,-0.122997,0.018850,0.121121,0.353667,0.426453,0.592439,0.901162,1.576711,2.456911,5.337024
1989-10-21,0.446459,Training,-0.429377,-0.119731,0.017670,0.114103,0.346712,0.412484,0.570736,0.873149,1.520067,2.361060,5.103590
1989-10-22,0.390651,Training,-0.485169,-0.198346,-0.028635,0.126723,0.363307,0.451503,0.664328,1.004809,1.880158,2.886112,6.439724
1989-10-23,2.734559,Training,-0.711493,-0.281300,0.018809,0.442105,0.873940,1.286189,1.859795,3.025240,5.255350,9.587759,23.440058
1989-10-24,6.696879,Training,-0.546954,-0.032308,0.352143,0.664819,1.072658,1.464063,1.998709,2.993688,5.368512,9.061209,19.259361
1989-10-25,1.450990,Training,-0.509041,-0.088189,0.142382,0.345354,0.666522,0.849128,1.186591,1.730651,3.097105,5.076892,10.978111
1989-10-26,0.948724,Training,-0.497911,-0.101830,0.095071,0.296759,0.641671,0.797087,1.110180,1.665556,2.991726,4.693132,9.593955
1989-10-27,1.841642,Training,-0.630341,-0.245335,0.003516,0.349839,0.810255,1.176236,1.648420,2.609707,4.927197,8.356713,18.164608
1989-10-28,1.227761,Training,-0.542508,-0.081792,0.191404,0.470801,0.890154,1.207475,1.633983,2.534453,4.536334,7.426348,14.801803
1989-10-29,0.334844,Training,-0.522445,-0.094421,0.122531,0.375452,0.784467,1.017582,1.384858,2.123802,3.773288,6.031776,11.825697
1989-10-30,0.279037,Training,-0.503204,-0.073876,0.128064,0.409308,0.864855,1.098650,1.473253,2.257993,3.971653,6.130735,11.517132
1989-10-31,0.279037,Training,-0.496665,-0.082190,0.109498,0.398916,0.873758,1.095111,1.479634,2.253292,3.959745,6.002336,11.046574
1989-11-01,0.613881,Training,-0.483069,-0.106468,0.063924,0.271740,0.659333,0.815289,1.118024,1.712698,3.002322,4.567567,8.607996
1989-11-02,0.613881,Training,-0.500114,-0.144202,0.032490,0.244485,0.613990,0.759114,1.067414,1.657328,2.975349,4.527397,8.681021
1989-11-03,0.669688,Training,-0.512768,-0.150610,0.027767,0.265158,0.662099,0.835944,1.161173,1.829344,3.267836,4.987579,9.300261
1989-11-04,0.613881,Training,-0.492555,-0.124722,0.040316,0.256299,0.655712,0.823334,1.125146,1.757611,3.067667,4.677193,8.578613
1989-11-05,0.558073,Training,-0.489897,-0.137859,0.026797,0.231846,0.612588,0.754795,1.048445,1.639199,2.891134,4.387657,8.162036
1989-11-06,0.502266,Training,-0.486136,-0.135297,0.027439,0.240637,0.635554,0.780771,1.078445,1.682466,2.956723,4.458665,8.185873
1989-11-07,0.558073,Training,-0.483724,-0.130803,0.031156,0.259724,0.678058,0.830520,1.140555,1.770470,3.091335,4.641090,8.371508
1989-11-08,0.558073,Training,-0.483520,-0.127740,0.035072,0.285413,0.731490,0.893828,1.223414,1.892773,3.289762,4.912221,8.714328
1989-11-09,0.558073,Training,-0.475427,-0.109160,0.048539,0.317619,0.805597,0.990962,1.330440,2.058746,3.496589,5.203115,8.872464
1989-11-10,0.558073,Training,-0.473949,-0.101426,0.058777,0.342108,0.856564,1.044654,1.410714,2.166539,3.678779,5.475089,9.301454
1989-11-11,0.558073,Training,-0.552583,-0.234890,-0.053384,0.229738,0.651370,0.879489,1.224742,1.946076,3.558185,5.575620,10.504703
1989-11-12,1.674220,Training,-0.730010,-0.283949,0.040627,0.598043,1.237201,2.009049,2.736769,4.862859,8.656322,15.330351,29.934141
1989-11-13,4.911044,Training,-0.595032,-0.041110,0.398938,0.944679,1.639129,2.357495,3.179268,5.220240,9.757884,16.333166,30.960962
1989-11-14,1.897449,Training,-0.654589,-0.159843,0.193381,0.875465,1.681305,2.559832,3.340558,5.683715,10.825413,18.647284,35.156963
1989-11-15,1.730027,Training,-0.554597,0.023106,0.428111,1.018463,1.763390,2.510904,3.250512,5.384566,9.745657,15.946910,28.807499
1989-11-16,1.450990,Training,-0.580912,-0.076989,0.258880,0.833563,1.506293,2.137652,2.797599,4.609535,8.613450,13.920271,25.573832
1989-11-17,2.567137,Training,-0.612800,-0.006136,0.448464,1.313394,2.323541,3.601736,4.516283,7.781816,14.180026,23.703217,42.393559
1989-11-18,6.027191,Training,-0.507408,0.554457,1.528979,3.532988,5.343255,8.473271,10.234961,18.411449,31.060608,47.418983,76.364845
1989-11-19,24.052956,Training,-0.325126,0.890235,2.192173,4.519180,6.872202,10.473469,12.736929,21.601885,38.727486,58.933949,95.297974
1989-11-20,10.938235,Training,-0.284454,1.058858,2.364086,5.217828,8.093545,12.225136,14.672974,24.288012,41.783829,60.317192,95.005386
1989-11-21,8.984979,Training,-0.133738,1.296392,2.788324,5.932543,9.096069,13.211190,16.118740,25.241827,44.751080,62.963516,101.133904
1989-11-22,15.681858,Training,0.053337,2.217044,4.375813,9.912407,14.298285,20.593119,24.729578,39.051357,62.343723,79.627968,113.585442
1989-11-23,65.852641,Training,0.420360,2.750775,5.446333,11.354152,16.951626,24.000130,28.331583,42.117355,70.204086,91.390724,133.728333
1989-11-24,52.961149,Training,0.417120,2.568082,4.598377,9.460095,14.874220,19.926046,24.145668,33.837521,55.811558,73.469986,114.868698
1989-11-25,49.724324,Training,0.819720,3.967615,6.732047,13.702065,21.420544,28.056011,32.307533,45.010544,68.212234,90.291878,130.372833
1989-11-26,58.876725,Training,1.872130,6.942423,12.009624,23.763029,35.262703,44.871571,51.543892,69.267021,103.361420,130.317322,183.739273
1989-11-27,61.946128,Training,4.752324,12.632296,20.015179,34.042027,48.594322,58.144791,66.230804,83.221375,120.688225,153.902283,227.289719
1989-11-28,48.384949,Training,5.314140,12.526304,16.968672,28.751385,41.393360,48.364269,53.240948,66.777100,90.206894,114.265778,176.272385
1989-11-29,42.022914,Training,6.493948,14.242658,19.098734,30.884869,42.178841,48.366184,52.710640,65.176483,86.941833,110.969131,169.036545
1989-11-30,36.665411,Training,5.883983,12.490638,15.965229,26.745831,36.816925,42.608353,45.956390,56.693844,73.911346,92.167068,139.449997
1989-12-01,31.363715,Training,3.193032,6.964733,8.916789,16.526272,23.891167,28.239040,31.026222,38.822079,51.008762,62.940052,93.444397
1989-12-02,27.903661,Training,4.881543,9.537663,11.862000,20.612831,28.501064,33.046059,36.050510,43.250427,54.415844,66.208084,94.992981
1989-12-03,27.457203,Training,2.632803,8.004572,11.643887,20.310543,29.917027,36.332218,39.894253,51.250298,66.841232,92.940681,127.751717
1989-12-04,62.001935,Training,4.218359,10.922453,16.063955,27.567215,39.626545,47.343838,54.335499,68.547928,97.724648,128.530884,194.834732
1989-12-05,68.084933,Training,3.362572,12.394266,18.379402,32.864197,48.239750,55.424007,62.553181,78.175888,106.413116,147.295883,204.577072
1989-12-06,74.949234,Training,6.811454,19.142025,29.388489,47.634026,67.862869,78.175346,86.744247,105.440781,147.144669,199.543457,275.815948
1989-12-07,61.555477,Training,7.153967,18.014954,26.451456,41.850304,58.592453,67.129265,76.028496,92.290565,128.489410,169.090820,249.144745
1989-12-08,57.928001,Training,5.946791,14.249443,20.337866,33.052326,46.102444,53.091763,59.832500,73.385345,101.439964,134.291901,201.382675
1989-12-09,80.250930,Training,4.825794,13.117766,19.220116,32.085461,46.322372,54.271500,60.144455,74.491371,103.214912,142.424103,201.441345
1989-12-10,82.148379,Training,6.348287,14.973989,20.132904,33.225258,46.951611,54.696327,60.337620,73.884094,98.889946,125.830513,190.227386
1989-12-11,61.611284,Training,4.329028,10.205452,14.415023,24.446981,33.943474,39.417648,44.078648,54.425579,74.650703,97.509590,144.420639
1989-12-12,67.359438,Training,4.048755,10.743073,15.950790,27.589195,39.773594,46.964520,52.905975,65.856461,92.962868,127.222229,181.420395
1989-12-13,84.436479,Training,4.946659,12.816980,19.323633,32.781425,46.180428,54.293659,62.191395,76.545486,110.369347,146.480377,214.189240
1989-12-14,73.330822,Training,4.588560,11.210060,16.065435,27.532818,39.098747,45.520111,52.157108,64.487320,90.532814,117.857224,177.659500
1989-12-15,62.280972,Training,3.048172,7.364242,10.179741,18.676306,27.107635,31.741098,36.214081,45.523590,63.243362,81.072243,122.461708
1989-12-16,69.033658,Training,2.513983,8.387646,12.395700,22.886709,33.879799,40.556553,45.800259,58.119831,80.521690,108.349457,150.304382
1989-12-17,81.701920,Training,4.661740,13.390680,20.853716,36.187733,51.763786,61.040890,68.478104,84.553909,120.324959,158.449371,216.985641
1989-12-18,99.671878,Training,4.547515,13.165824,20.104164,34.491028,49.430222,58.058006,64.745743,79.659912,111.932381,147.088165,200.222427
1989-12-19,124.171293,Training,5.957361,14.528194,20.744080,34.209839,48.517799,56.200634,63.388649,77.614365,105.854004,134.138229,197.762207
1989-12-20,138.569582,Training,5.942348,13.622017,19.186392,31.550465,43.526592,49.621098,55.919109,68.222923,93.490143,121.035194,178.812088
1989-12-21,112.228526,Training,7.060589,23.395313,35.471775,62.242783,83.329666,89.380508,106.187538,123.408470,169.417007,220.557816,290.631714
1989-12-22,91.691431,Training,14.343684,35.202518,50.051239,72.390053,94.514404,105.144287,113.912796,132.774368,174.074860,217.199921,304.458313
1989-12-23,77.739600,Training,11.607337,26.276556,33.533325,50.076988,67.799797,75.581558,81.701180,96.685867,123.173759,153.773575,226.946838
1989-12-24,72.047253,Training,7.447746,18.339083,25.592485,39.704533,54.547329,61.895538,67.364578,81.115112,108.334747,145.146774,203.043808
1989-12-25,77.237334,Training,6.576115,21.202881,31.250134,51.689240,70.175018,77.969879,86.708122,102.677071,134.120819,172.437759,226.897217
1989-12-26,85.943277,Training,11.544077,29.472267,42.868290,63.949360,83.728752,93.788422,101.781448,118.211189,159.290558,202.188965,276.735657
1989-12-27,76.623454,Training,11.061293,25.466738,33.788715,49.733166,66.235321,73.600258,80.192535,94.358894,122.161011,152.849747,221.687012
1989-12-28,74.000510,Training,8.487089,20.056486,27.729656,42.158180,56.274300,63.621380,69.197418,82.492683,110.070740,144.028107,203.396805
1989-12-29,78.799939,Training,10.051944,21.817171,27.435854,42.133808,56.148823,63.665298,67.968300,80.776131,102.906448,126.624321,185.720230
1989-12-30,68.140741,Training,8.702400,17.765987,22.112772,34.609432,45.684193,51.511517,55.034847,65.530495,82.446938,100.352203,145.269073
1989-12-31,63.899384,Training,7.906878,15.439991,19.479387,30.908474,40.459305,45.640190,49.103928,58.543537,73.213356,88.390839,125.082970
1990-01-01,65.182953,Training,6.275533,13.292058,18.388161,29.442062,38.420498,44.327122,48.594013,58.381195,76.143204,96.834641,133.333115
1990-01-02,63.731962,Training,6.030510,15.130880,21.557394,33.561565,44.884319,52.074654,57.245071,68.296982,91.175621,120.151176,163.091354
1990-01-03,76.511839,Training,8.329284,20.160034,27.868250,41.868767,55.006420,62.691479,69.482109,81.697578,108.666283,138.645096,195.901764
1990-01-04,68.252355,Training,8.067061,18.017414,23.897814,36.973972,48.398849,55.124306,60.433819,71.811272,93.723747,117.918068,169.190475
1990-01-05,65.517797,Training,7.738679,16.172661,20.579363,32.589958,42.687271,48.807598,52.696476,62.829018,79.834946,98.140480,139.857285
1990-01-06,61.443862,Training,5.944919,13.919002,19.388292,31.029608,41.040691,47.744350,52.172935,62.594566,82.584251,108.365608,147.354111
1990-01-07,62.727430,Training,7.200450,16.243296,20.831902,33.027153,44.279018,51.346470,55.528042,66.206161,84.974129,104.790558,149.455719
1990-01-08,57.593157,Training,6.934287,14.505685,18.301409,28.925182,38.219963,43.863403,47.121815,55.744308,69.518387,84.378822,117.778442
1990-01-09,55.081827,Training,4.955352,9.982919,12.729587,21.232277,28.607567,32.967094,35.802052,42.970631,53.486031,63.958775,86.427467
1990-01-10,54.021488,Training,4.272358,8.312093,10.883836,18.067501,24.596344,28.362427,31.281086,37.553406,46.470726,55.342957,72.688148
1990-01-11,52.737920,Training,4.290527,7.988807,10.551782,17.347700,23.682600,27.351528,30.361025,36.373180,44.584183,52.945637,68.649605
1990-01-12,51.398544,Training,3.684439,6.902461,9.222116,15.433607,21.324265,24.782131,27.789110,33.525818,41.504215,49.257065,63.397644
1990-01-13,50.170783,Training,2.213885,4.523246,6.144648,11.038955,15.778436,18.612299,21.366535,26.372601,34.078117,40.563187,52.160812
1990-01-14,48.775600,Training,1.539877,3.344876,4.591412,8.626179,12.670398,15.102201,17.611423,22.064194,29.271118,34.992805,45.093098
1990-01-15,47.436224,Training,1.678426,3.509703,4.758410,8.920681,13.042668,15.517889,18.020344,22.423075,29.455900,35.019371,44.702774
1990-01-16,46.654922,Training,1.014033,2.376189,3.386371,6.426571,9.708562,11.692242,13.967836,17.674610,24.057613,28.879171,36.842106
1990-01-17,45.594582,Training,1.179120,2.603450,3.695130,6.864759,10.286618,12.351961,14.695274,18.454330,24.794302,29.622375,37.436981
1990-01-18,44.534243,Training,1.224381,2.685345,3.769060,7.054881,10.523122,12.627097,14.957473,18.739229,25.114388,29.928047,37.685825
1990-01-19,43.139060,Training,1.295938,2.735969,3.879549,7.095454,10.607509,12.709370,15.082892,18.861107,25.084167,29.946592,37.472446
1990-01-20,41.576455,Training,1.105958,2.353399,3.407575,6.214619,9.482851,11.419071,13.659229,17.295313,23.163403,27.936880,35.226582
1990-01-21,40.013850,Training,0.544134,1.548416,2.330072,4.476148,6.991881,8.543875,10.418984,13.493266,19.011801,23.071581,29.229408
1990-01-22,38.730282,Training,0.388396,1.306350,1.996648,3.905829,6.164455,7.566452,9.275067,12.134025,17.382679,21.184582,26.910944
1990-01-23,38.283823,Training,0.245969,1.085989,1.631590,3.425092,5.472447,6.743616,8.207831,10.944221,15.892745,19.486595,25.180874
1990-01-24,37.725750,Training,0.257571,1.094297,1.679995,3.590329,5.685854,6.961884,8.537076,11.396635,16.567230,20.555223,26.794954
1990-01-25,38.116401,Training,-0.035950,0.615971,1.049158,2.351132,3.837404,4.803384,5.929050,8.275249,12.554296,15.832908,21.048738
1990-01-26,40.460309,Training,-0.041700,0.651927,1.142876,2.552740,4.062531,5.122547,6.351348,8.872137,13.708380,17.425819,23.642841
1990-01-27,57.146698,Training,-0.096633,1.486432,2.562894,5.886680,8.564013,11.873712,14.185695,20.803703,30.819954,40.175514,54.336239
1990-01-28,70.205612,Training,0.385323,2.400575,4.038194,8.152735,12.310350,16.246269,19.899498,27.237505,43.201035,55.209518,80.383110
1990-01-29,52.012425,Training,0.552810,2.837788,4.522946,9.195401,13.436202,17.349632,20.433697,27.288305,41.874699,55.549019,78.076378
1990-01-30,55.137635,Training,1.126080,3.839103,5.533760,10.906258,16.340242,20.494192,23.780973,31.204367,45.631401,58.635273,85.693146
1990-01-31,53.575030,Training,1.246174,4.288668,6.406847,12.174596,17.495943,21.875629,24.984205,32.242481,46.468571,62.026684,85.590538
1990-02-01,59.713835,Training,1.787501,5.166258,7.213001,13.481732,19.678669,24.143663,27.354111,35.127026,49.461842,62.631313,89.971886
1990-02-02,52.849534,Training,1.926905,5.104820,7.329501,13.609920,19.220440,23.179020,26.426834,33.593670,46.648926,60.289822,85.006454
1990-02-03,51.677581,Training,2.348190,5.739244,7.931826,14.479774,20.351908,24.301567,27.209593,34.470074,46.566013,59.058258,82.495216
1990-02-04,48.663985,Training,2.383548,5.518239,7.272132,13.405153,19.190681,22.832815,25.217710,31.756657,41.773567,51.668968,70.940155
1990-02-05,45.985234,Training,2.561455,5.528311,7.239872,13.302929,18.963947,22.332733,24.700226,30.826677,39.748032,48.711933,65.434738
1990-02-06,46.766536,Training,2.607970,5.617225,7.853208,14.069318,19.309536,22.749949,25.582890,31.824621,41.599747,51.987202,69.500824
1990-02-07,44.366821,Training,2.493102,5.292666,7.047418,13.011513,18.501886,21.996250,24.591551,30.662701,39.609074,48.810402,65.294128
1990-02-08,42.022914,Training,2.590754,5.410257,7.392282,13.481338,18.760031,22.145578,24.927187,30.903093,39.986263,49.597214,66.195702
1990-02-09,40.683538,Training,2.700221,5.551710,7.281354,13.341853,18.811930,22.265499,24.746508,30.582613,38.933624,47.591751,63.052429
1990-02-10,39.009318,Training,2.697772,5.537935,7.406957,13.480293,18.713270,22.023218,24.585529,30.354126,38.834553,47.672024,63.109653
1990-02-11,37.893172,Training,2.669254,5.532745,7.160313,13.062324,18.307724,21.601078,23.846088,29.361048,37.334442,45.185722,59.401188
1990-02-12,35.995723,Training,2.544997,5.264960,6.960701,12.727461,17.718801,20.842468,23.179466,28.629217,36.619602,44.671959,58.716152
1990-02-13,34.600540,Training,2.432068,5.027697,6.517097,12.044238,17.023249,20.122194,22.308748,27.541527,35.043091,42.495209,55.482811
1990-02-14,33.316972,Training,2.324109,4.803682,6.234774,11.493707,16.281254,19.251884,21.397285,26.356651,33.582077,40.562786,52.489567
1990-02-15,32.312440,Training,1.373132,3.162575,4.190962,8.087581,11.833825,14.164265,16.071791,20.218523,26.741753,32.397182,42.212543
1990-02-16,31.140486,Training,1.466508,3.289042,4.343344,8.337267,12.171009,14.537569,16.465481,20.619654,27.097246,32.761528,42.432251
1990-02-17,29.856918,Training,0.939519,2.368054,3.232718,6.307273,9.402492,11.349949,13.127018,16.644863,22.637241,27.400396,35.493916
1990-02-18,29.243037,Training,1.094021,2.752615,3.963934,7.615530,10.835732,13.099123,15.185600,19.226292,26.502514,32.939472,43.521225
1990-02-19,36.609604,Training,0.480679,1.587655,2.307641,4.890839,7.476030,9.271729,10.945077,14.315801,20.346682,25.455158,34.042503
1990-02-20,33.316972,Training,0.587213,1.766428,2.484272,5.172923,7.883944,9.675505,11.308030,14.637753,20.501451,25.376385,33.663006
1990-02-21,28.517542,Training,0.520180,1.579072,2.222152,4.652794,7.165414,8.800035,10.316314,13.356715,18.612135,22.885900,29.926432
1990-02-22,26.173634,Training,0.427357,1.397272,1.992435,4.216791,6.537920,8.042327,9.474651,12.285609,17.240507,21.151949,27.520821
1990-02-23,24.499415,Training,0.498210,1.510308,2.119454,4.427909,6.831507,8.353462,9.779841,12.616606,17.538080,21.408428,27.722406
1990-02-24,23.885534,Training,0.570966,1.656883,2.290461,4.729980,7.245569,8.820243,10.248567,13.187260,18.236767,22.208904,28.814724
1990-02-25,23.271653,Training,0.470949,1.509139,2.097886,4.346284,6.679737,8.159457,9.477057,12.285609,17.242172,20.954285,27.295383
1990-02-26,22.546158,Training,0.482211,1.530242,2.124854,4.396189,6.735312,8.212500,9.523080,12.336338,17.295259,21.007938,27.372709
1990-02-27,21.764856,Training,0.443804,1.447238,2.013000,4.185227,6.441861,7.866251,9.121847,11.825603,16.580492,20.116009,26.108259
1990-02-28,21.095168,Training,0.461158,1.478975,2.039550,4.187059,6.427190,7.838821,9.064919,11.716263,16.429951,19.812925,25.617699
1990-03-01,20.537095,Training,0.436242,1.422022,1.962767,4.038961,6.212357,7.580100,8.759562,11.335291,15.898668,19.141565,24.685860
1990-03-02,19.867407,Training,0.455445,1.452355,1.995732,4.097905,6.289844,7.661891,8.837400,11.405551,15.945569,19.177446,24.701427
1990-03-03,20.704517,Training,0.348191,1.700706,2.742004,5.237963,7.933550,10.260718,12.304193,16.075264,22.923704,29.879234,38.933380
1990-03-04,31.531137,Training,0.387780,2.046466,3.343167,6.964340,10.035645,12.993535,15.514771,20.398207,31.955267,41.613869,60.090050
1990-03-05,24.778451,Training,0.558992,2.431576,3.793608,7.862611,11.180041,14.247164,16.611509,21.533361,32.761639,43.393169,62.300041
1990-03-06,21.876470,Training,0.801850,3.013463,4.564255,9.268727,13.065219,16.511738,19.084158,24.488361,36.496067,48.569958,69.859398
1990-03-07,21.095168,Training,1.055606,3.890162,5.880517,11.565303,16.417242,20.819277,23.724489,30.067268,43.477619,59.351616,81.875137
1990-03-08,20.313865,Training,1.647673,5.279673,7.871717,14.780649,20.621059,25.544027,29.255650,36.449368,52.901722,70.717209,100.618980
1990-03-09,20.425480,Training,1.500085,4.409734,5.841649,11.341009,16.531294,20.093012,22.281477,28.193981,38.882317,50.131046,72.631790
1990-03-10,18.583838,Training,1.741908,4.446640,5.985677,11.335015,15.916606,18.897507,20.948364,26.176788,35.127239,45.114090,63.090691
1990-03-11,18.248994,Training,1.978364,4.821780,6.661414,12.282910,16.848106,20.039782,22.263437,27.604973,36.858742,47.470871,65.231361
1990-03-12,19.197719,Training,1.848269,4.388990,5.756948,10.877540,15.407762,18.320160,20.162575,25.176254,33.074425,41.652557,56.795616
1990-03-13,17.411885,Training,1.773294,4.069439,5.285839,10.019913,14.268269,16.862347,18.584005,23.073456,30.004335,37.271801,49.811920
1990-03-14,16.295738,Training,1.759827,3.948130,5.048498,9.528531,13.634487,16.110706,17.713247,21.908512,28.251638,34.588032,45.430122
1990-03-15,15.514436,Training,1.702934,3.698502,4.761864,9.023786,12.959591,15.311090,16.949797,20.864840,26.706211,32.592632,42.181850
1990-03-16,14.844748,Training,1.664890,3.527733,4.568926,8.669021,12.456078,14.734608,16.406321,20.054377,25.543495,31.080252,39.702618
1990-03-17,14.063445,Training,1.681874,3.496976,4.516661,8.531128,12.253201,14.479257,16.116201,19.621944,24.880564,30.121237,38.117470
1990-03-18,13.337950,Training,1.689827,3.462872,4.465313,8.417360,12.080371,14.272876,15.886797,19.270746,24.361435,29.397331,36.928513
1990-03-19,12.779877,Training,1.710048,3.469631,4.470310,8.433048,12.066552,14.265222,15.877646,19.184418,24.183800,29.189440,36.454853
1990-03-20,12.221804,Training,1.754924,3.512794,4.508652,8.487492,12.126680,14.323327,15.919621,19.183317,24.091440,29.034733,36.002785
1990-03-21,12.221804,Training,1.809525,3.575058,4.578990,8.591067,12.283048,14.487267,16.088488,19.353685,24.223534,29.189260,35.956516
1990-03-22,11.942767,Training,1.327301,2.854848,3.667920,7.043552,10.222569,12.077378,13.433635,16.421234,21.041109,25.296267,31.593752
1990-03-23,11.384694,Training,1.208192,2.688735,3.458176,6.652229,9.681064,11.413309,12.687567,15.613506,20.230114,24.275579,30.469055
1990-03-24,11.273079,Training,1.039366,2.417873,3.108223,6.035702,8.857529,10.481545,11.656799,14.426119,18.867172,22.592508,28.395914
1990-03-25,10.826621,Training,0.940020,2.226636,2.886260,5.650795,8.329718,9.879863,11.038140,13.674097,17.954710,21.520607,26.940351
1990-03-26,10.324355,Training,0.713400,1.852362,2.414486,4.764471,7.071705,8.423528,9.427113,11.818265,15.819849,18.822351,23.627853
1990-03-27,9.989511,Training,0.584142,1.640107,2.148695,4.241137,6.315084,7.553437,8.457174,10.697349,14.535069,17.193167,21.603472
1990-03-28,9.710474,Training,0.617563,1.702563,2.215027,4.354083,6.466123,7.717519,8.620509,10.879566,14.738278,17.430979,21.875513
1990-03-29,9.264016,Training,0.599667,1.663003,2.168785,4.272194,6.347327,7.574021,8.461765,10.689240,14.472153,17.126001,21.441450
1990-03-30,9.208208,Training,0.534955,1.542773,2.040398,4.034391,5.985919,7.146421,8.017385,10.173679,13.887657,16.424412,20.568617
1990-03-31,9.487245,Training,0.435591,1.566149,2.334825,4.642008,6.837614,8.536302,9.979798,12.647251,17.841463,22.570864,28.375263
1990-04-01,12.389226,Training,0.368365,1.709833,2.719229,5.716364,8.190012,10.400103,12.251561,15.757298,23.834856,31.520056,42.188847
1990-04-02,12.277611,Training,0.458277,1.916215,2.787762,5.861200,8.471833,10.477763,12.080254,15.699293,23.403339,30.136045,42.454887
1990-04-03,10.547584,Training,0.595319,2.004848,2.693406,5.485928,8.023837,9.724759,10.956350,14.045349,19.923611,24.976950,33.827297
1990-04-04,9.822089,Training,0.722750,2.343443,3.388721,6.577187,9.260408,11.355852,12.976122,16.330065,23.438738,30.376534,40.139664
1990-04-05,23.773919,Training,0.632447,2.726678,4.184049,8.292173,11.838942,15.081211,17.409954,22.217821,31.735859,43.189827,57.271225
1990-04-06,53.016956,Training,0.823917,3.153048,4.765724,9.439202,13.219234,16.462341,19.086397,24.199005,36.327763,48.543022,68.643188
1990-04-07,44.366821,Training,0.982258,3.244791,4.491937,8.809359,12.544622,15.149270,17.128078,21.785629,31.176535,40.920956,58.401123
1990-04-08,30.973064,Training,1.140752,3.622442,5.236774,9.827523,13.773073,16.873379,18.995586,23.687948,33.069447,45.054516,60.396011
1990-04-09,29.131422,Training,1.268199,3.914626,5.497825,10.392431,14.566951,17.595720,19.925400,25.085648,35.722889,47.035896,66.603699
1990-04-10,21.206783,Training,1.250406,3.561006,4.606493,8.868956,12.849057,15.350492,16.918175,21.381403,29.229641,37.449825,52.204281
1990-04-11,18.137380,Training,1.407062,3.568755,4.545969,8.650580,12.438314,14.653291,16.036812,20.097025,26.597441,33.398617,44.978622
1990-04-12,16.686389,Training,1.433218,3.435571,4.387554,8.303314,11.931304,14.013173,15.401394,19.194576,25.091961,31.112139,40.918518
1990-04-13,15.737665,Training,1.443236,3.356737,4.402210,8.211421,11.617866,13.562512,15.065019,18.675016,24.571213,30.238436,39.382053
1990-04-14,15.067977,Training,1.357865,3.106952,3.998883,7.536547,10.877344,12.790803,14.183719,17.558296,22.894646,27.893883,35.781319
1990-04-15,14.007638,Training,1.345361,2.994146,3.874592,7.289582,10.532675,12.354346,13.760193,16.943850,21.988348,26.669144,33.805191
1990-04-16,13.337950,Training,1.414602,3.053712,3.929766,7.315751,10.552766,12.351360,13.727407,16.830498,21.666716,26.094940,32.680134
1990-04-17,12.779877,Training,1.520080,3.156238,4.059823,7.516324,10.805695,12.624754,14.024867,17.109991,21.785692,26.214584,32.423729
1990-04-18,12.221804,Training,1.767324,3.504249,4.466131,8.163183,11.653003,13.582506,15.039283,18.213493,22.906483,27.472103,33.508430
1990-04-19,11.607923,Training,1.449238,2.982975,3.821257,7.085980,10.243379,11.967537,13.316433,16.266247,20.736084,24.808743,30.367315
1990-04-20,11.384694,Training,1.108039,2.450421,3.166360,5.940427,8.691602,10.184504,11.409535,14.089661,18.404701,21.911894,27.041527
1990-04-21,11.384694,Training,1.167265,2.550894,3.345021,6.211670,8.962094,10.447037,11.759671,14.502057,19.028017,22.697140,27.992279
1990-04-22,10.882428,Training,1.317070,2.787085,3.681610,6.820220,9.720327,11.317631,12.735130,15.687835,20.477066,24.617025,30.302061
1990-04-23,10.324355,Training,1.125082,2.454797,3.174520,6.024636,8.858949,10.424107,11.706432,14.511934,18.904465,22.745407,27.848928
1990-04-24,9.822089,Training,0.715899,1.802683,2.413913,4.704523,6.960852,8.192085,9.343234,11.814210,15.978540,19.215734,23.950247
1990-04-25,9.375630,Training,0.561717,1.532062,2.071494,4.099645,6.145908,7.282005,8.332351,10.633817,14.502435,17.448343,21.703812
1990-04-26,8.984979,Training,0.592521,1.627640,2.297176,4.512392,6.593012,7.807833,9.052843,11.504180,15.980248,19.488777,24.563244
1990-04-27,8.929172,Training,0.287995,1.089778,1.536617,3.167472,4.840782,5.871108,6.788381,8.850114,12.460679,15.136996,18.913063
1990-04-28,9.375630,Training,0.210428,1.007084,1.572406,3.252230,4.814063,5.892598,7.001896,9.151571,13.535851,16.833946,21.453842
1990-04-29,10.380162,Training,0.171631,1.019680,1.658077,3.506784,5.172648,6.456141,7.749941,10.163592,15.331993,19.742979,25.536917
1990-04-30,9.264016,Training,0.139632,1.110217,1.861709,4.007371,5.880019,7.448885,8.984238,11.844088,18.226799,24.379292,32.325577
1990-05-01,8.817557,Training,0.164850,1.155348,1.833718,4.010491,5.953913,7.413373,8.877775,11.805204,17.962439,23.533751,32.363346
1990-05-02,8.371098,Training,0.224900,1.176397,1.783035,3.810700,5.680081,6.969956,8.257010,10.866827,16.081425,20.611769,27.635910
1990-05-03,7.924640,Training,0.286159,1.220402,1.727959,3.623480,5.513807,6.751413,7.850817,10.268229,14.700020,18.374193,23.957584
1990-05-04,7.310759,Training,0.299948,1.184946,1.667458,3.456711,5.274307,6.407635,7.455291,9.686411,13.767612,16.926468,21.686993
1990-05-05,6.808493,Training,0.306589,1.162749,1.628553,3.340433,5.108097,6.165893,7.157969,9.285277,13.122048,15.971325,20.260912
1990-05-06,5.859769,Training,0.310526,1.151580,1.650473,3.374020,5.086105,6.092985,7.128155,9.237686,13.160496,15.981309,20.320320
1990-05-07,5.859769,Training,0.295479,1.124013,1.644694,3.366148,5.023540,6.026155,7.094691,9.193863,13.222959,16.080801,20.517597
1990-05-08,6.417842,Training,0.281148,1.097878,1.593383,3.281211,4.937079,5.932889,6.964739,9.053629,12.975661,15.809015,20.133408
1990-05-09,6.306227,Training,0.287585,1.100302,1.596034,3.282906,4.933333,5.915926,6.952864,9.018667,12.917295,15.710649,19.984241
1990-05-10,6.696879,Training,0.267545,1.050498,1.483170,3.047329,4.662312,5.618184,6.547072,8.498246,12.044025,14.570743,18.291145
1990-05-11,6.194613,Training,0.228600,0.978250,1.396849,2.873847,4.406684,5.295283,6.183539,8.067068,11.504878,13.893072,17.439013
1990-05-12,6.138805,Training,0.247347,1.026277,1.503820,3.081872,4.634780,5.526608,6.496935,8.484005,12.219110,14.779526,18.847845
1990-05-13,5.915576,Training,0.209721,0.963288,1.401049,2.905849,4.423179,5.304174,6.213542,8.168930,11.748473,14.263163,18.138021
1990-05-14,5.580732,Training,0.224667,0.987928,1.395906,2.897496,4.466103,5.368869,6.254325,8.183647,11.629134,14.118205,17.821470
1990-05-15,5.413310,Training,0.196402,0.932901,1.321184,2.741065,4.242585,5.096071,5.934137,7.795026,11.092461,13.440179,16.922472
1990-05-16,5.078466,Training,0.246842,1.011517,1.406206,2.906908,4.505473,5.383459,6.256377,8.167846,11.510224,13.932633,17.514229
1990-05-17,4.911044,Training,0.193040,0.921196,1.295591,2.698436,4.201693,5.029073,5.854209,7.697218,10.928848,13.242196,16.664675
1990-05-18,5.078466,Training,0.125846,0.804724,1.158673,2.438486,3.812806,4.579381,5.349311,7.102350,10.201253,12.376000,15.602180
1990-05-19,4.743622,Training,0.041536,0.659954,0.987091,2.098784,3.295347,3.988479,4.660502,6.303820,9.189562,11.152792,14.106926
1990-05-20,4.297164,Training,0.016487,0.619823,0.942866,2.018303,3.170722,3.837367,4.489803,6.114261,8.967852,10.902925,13.847861
1990-05-21,4.352971,Training,-0.007662,0.582225,0.893320,1.920212,3.030331,3.675282,4.295389,5.889454,8.663783,10.557341,13.436746
1990-05-22,4.576200,Training,-0.024715,0.560542,0.889692,1.939602,3.041018,3.677216,4.332624,5.964592,8.881885,10.851003,13.983879
1990-05-23,4.408778,Training,-0.034946,0.547065,0.875217,1.921625,3.025989,3.665906,4.321606,5.957634,8.886267,10.883789,14.068709
1990-05-24,4.073935,Training,-0.050690,0.518975,0.822852,1.815145,2.906741,3.541331,4.161521,5.734691,8.510776,10.459919,13.444653
1990-05-25,4.018127,Training,-0.060633,0.501972,0.799463,1.771458,2.855404,3.475956,4.088561,5.638566,8.373894,10.300363,13.253917
1990-05-26,3.794898,Training,-0.080068,0.478291,0.813240,1.839802,2.914766,3.535314,4.221870,5.835063,8.862967,10.923239,14.343553
1990-05-27,3.571669,Training,-0.095237,0.450414,0.738984,1.670038,2.719914,3.324996,3.918815,5.447807,8.151679,10.093820,13.089541
1990-05-28,3.515861,Training,-0.116123,0.410967,0.690389,1.578632,2.592461,3.165354,3.757916,5.223421,7.892149,9.792698,12.750671
1990-05-29,3.292632,Training,-0.108968,0.421495,0.699696,1.595113,2.630885,3.200526,3.794096,5.260760,7.919397,9.802906,12.753977
1990-05-30,3.013595,Training,-0.104037,0.431435,0.712183,1.629052,2.698195,3.275319,3.888698,5.370015,8.078883,9.989944,13.029839
1990-05-31,2.901981,Training,-0.150945,0.356402,0.622092,1.451950,2.425535,2.961513,3.519709,4.940584,7.510008,9.346113,12.280069
1990-06-01,2.846173,Training,-0.183564,0.306035,0.567979,1.357151,2.276141,2.782515,3.325096,4.721608,7.260780,9.092531,12.070902
1990-06-02,3.013595,Training,-0.220517,0.259716,0.546276,1.357513,2.243693,2.756062,3.349528,4.790908,7.583089,9.565747,13.030000
1990-06-03,2.957788,Training,-0.240551,0.230761,0.490303,1.236006,2.094974,2.587861,3.119864,4.517939,7.074480,9.021034,12.238573
1990-06-04,2.846173,Validation,-0.253467,0.211566,0.456230,1.155994,1.989935,2.464030,2.965583,4.310279,6.730064,8.626580,11.709414
1990-06-05,2.678751,Validation,-0.254205,0.207958,0.441564,1.107610,1.919330,2.371906,2.839634,4.149888,6.441784,8.251981,11.192123
1990-06-06,2.567137,Validation,-0.265415,0.186951,0.412946,1.048471,1.835319,2.267248,2.719307,3.988737,6.209589,7.976896,10.860454
1990-06-07,2.455522,Validation,-0.274847,0.170484,0.390606,1.002751,1.770442,2.186434,2.626930,3.864998,6.031306,7.772132,10.621833
1990-06-08,2.176486,Validation,-0.280441,0.159493,0.374884,0.970859,1.725454,2.130343,2.560740,3.773380,5.896711,7.611692,10.422043
1990-06-09,2.120678,Validation,-0.283072,0.155615,0.368818,0.959777,1.711358,2.111470,2.539131,3.743533,5.845321,7.553370,10.353420
1990-06-10,2.064871,Validation,-0.299096,0.132092,0.351842,0.940604,1.665436,2.052445,2.482702,3.694643,5.831121,7.555865,10.477546
1990-06-11,2.232293,Validation,-0.307450,0.114981,0.315771,0.841956,1.518233,1.881291,2.260783,3.381356,5.318824,6.938385,9.625178
1990-06-12,2.064871,Validation,-0.316355,0.100128,0.296405,0.801316,1.458431,1.805043,2.176464,3.262210,5.152118,6.749945,9.414895
1990-06-13,1.897449,Validation,-0.319048,0.096359,0.296185,0.809749,1.469603,1.814321,2.192572,3.294011,5.211359,6.824172,9.542568
1990-06-14,1.618412,Validation,-0.330463,0.074693,0.259295,0.710687,1.313585,1.625236,1.959230,2.970345,4.702225,6.217852,8.782683
1990-06-15,1.785834,Validation,-0.339587,0.060206,0.240132,0.665584,1.244503,1.537455,1.859520,2.833326,4.498621,5.990555,8.540836
1990-06-16,1.506798,Validation,-0.343487,0.054109,0.235225,0.660313,1.234863,1.524982,1.846156,2.820651,4.489138,5.979243,8.546534
1990-06-17,1.730027,Validation,-0.343272,0.055385,0.234790,0.655719,1.228660,1.520432,1.834602,2.805298,4.453394,5.932582,8.475405
1990-06-18,1.730027,Validation,-0.346931,0.048024,0.225103,0.637396,1.202020,1.489731,1.797764,2.749711,4.375013,5.833822,8.344692
1990-06-19,1.562605,Validation,-0.360341,0.029365,0.217945,0.651145,1.214669,1.504372,1.832939,2.818568,4.548888,6.060151,8.753328
1990-06-20,1.506798,Validation,-0.356463,0.036509,0.221845,0.652467,1.221062,1.518133,1.836741,2.823303,4.522542,6.026225,8.652328
1990-06-21,1.450990,Validation,-0.370580,0.019741,0.216650,0.668296,1.236292,1.541813,1.883047,2.903029,4.713983,6.281236,9.122077
1990-06-22,1.730027,Validation,-0.360249,0.032297,0.212714,0.627491,1.187030,1.484028,1.790584,2.752074,4.401399,5.883939,8.458644
1990-06-23,1.506798,Validation,-0.360952,0.029480,0.207582,0.614196,1.169576,1.461769,1.764120,2.706176,4.333256,5.787841,8.322029
1990-06-24,1.283568,Validation,-0.363431,0.019003,0.188110,0.559230,1.081873,1.347148,1.627533,2.504184,4.031496,5.410980,7.846970
1990-06-25,1.227761,Validation,-0.390076,-0.017739,0.168754,0.560269,1.065949,1.327635,1.639954,2.543384,4.229290,5.694563,8.489858
1990-06-26,1.227761,Validation,-0.378546,-0.001953,0.164244,0.509137,1.002985,1.254234,1.524548,2.363734,3.831645,5.211629,7.684082
1990-06-27,1.171954,Validation,-0.383354,-0.006152,0.163400,0.513405,1.010717,1.261283,1.540506,2.389184,3.871643,5.272653,7.802619
1990-06-28,1.116146,Validation,-0.379435,-0.003596,0.160308,0.495827,0.983311,1.224187,1.489792,2.312243,3.734588,5.081754,7.530344
1990-06-29,1.171954,Validation,-0.386940,-0.017168,0.145079,0.463739,0.930814,1.154289,1.415867,2.206439,3.587770,4.916096,7.381894
1990-06-30,1.116146,Validation,-0.386161,-0.016265,0.143262,0.453281,0.914619,1.134612,1.388670,2.166296,3.509492,4.819676,7.255807
1990-07-01,1.283568,Training,-0.385818,-0.015467,0.142692,0.448378,0.906998,1.125564,1.375701,2.146094,3.469838,4.768940,7.191146
1990-07-02,1.116146,Training,-0.390979,-0.026510,0.130190,0.423954,0.868128,1.074947,1.321480,2.065219,3.363245,4.639987,7.055930
1990-07-03,0.948724,Training,-0.399183,-0.039403,0.121043,0.417053,0.854279,1.056150,1.308234,2.052585,3.373207,4.661369,7.151154
1990-07-04,0.892917,Training,-0.392448,-0.031257,0.120834,0.395834,0.823795,1.021285,1.255089,1.963980,3.200142,4.439264,6.806626
1990-07-05,0.837110,Training,-0.394989,-0.036820,0.114025,0.379161,0.797013,0.985130,1.216424,1.904156,3.113064,4.334217,6.697958
1990-07-06,1.004532,Training,-0.394418,-0.039457,0.107183,0.354947,0.757429,0.932725,1.154287,1.809056,2.957923,4.141553,6.465457
1990-07-07,0.948724,Training,-0.391639,-0.040005,0.103009,0.331112,0.716798,0.878246,1.090178,1.704519,2.817004,3.961010,6.245543
1990-07-08,0.837110,Training,-0.389618,-0.039667,0.101285,0.317521,0.692516,0.845481,1.051333,1.642228,2.725172,3.843737,6.108090
1990-07-09,0.948724,Training,-0.393509,-0.045315,0.095379,0.311453,0.683828,0.835703,1.041926,1.630528,2.695919,3.811287,6.082935
1990-07-10,0.725495,Training,-0.392294,-0.048036,0.089486,0.287133,0.641215,0.779166,0.977369,1.529790,2.537948,3.615445,5.864488
1990-07-11,0.837110,Training,-0.392925,-0.050861,0.085401,0.274612,0.620089,0.751590,0.946356,1.481667,2.461251,3.521966,5.766808
1990-07-12,0.725495,Training,-0.397788,-0.056890,0.079850,0.271579,0.616827,0.749139,0.945240,1.483892,2.450407,3.513916,5.774957
1990-07-13,0.781303,Training,-0.399697,-0.058560,0.078618,0.272292,0.617904,0.751132,0.947641,1.488872,2.450609,3.515041,5.787780
1990-07-14,0.837110,Training,-0.415879,-0.081114,0.065574,0.275205,0.618818,0.751071,0.964157,1.524517,2.552610,3.657278,6.094020
1990-07-15,0.948724,Training,-0.402419,-0.063524,0.073212,0.260511,0.596776,0.727544,0.919804,1.446311,2.388807,3.438916,5.715845
1990-07-16,1.116146,Training,-0.396555,-0.060780,0.073586,0.245459,0.568546,0.688353,0.873353,1.367073,2.281496,3.295679,5.534558
1990-07-17,0.948724,Training,-0.384527,-0.049428,0.081756,0.238193,0.549703,0.659779,0.833535,1.299973,2.182029,3.155153,5.338543
1990-07-18,0.837110,Training,-0.381641,-0.047662,0.082683,0.232906,0.538142,0.644202,0.814036,1.267899,2.132354,3.089070,5.259198
1990-07-19,0.669688,Training,-0.384227,-0.052685,0.077177,0.225284,0.525917,0.629527,0.798337,1.244747,2.090728,3.037239,5.208338
1990-07-20,0.669688,Training,-0.385007,-0.055798,0.073332,0.216656,0.511268,0.610779,0.777564,1.212383,2.036169,2.969054,5.138801
1990-07-21,0.669688,Training,-0.386646,-0.059352,0.069625,0.210916,0.501502,0.598785,0.764527,1.192578,2.003137,2.927000,5.099647
1990-07-22,0.837110,Training,-0.409498,-0.091413,0.054560,0.220942,0.508886,0.607249,0.800083,1.251667,2.179888,3.170248,5.633554
1990-07-23,0.892917,Training,-0.392119,-0.067474,0.063640,0.201052,0.482210,0.578701,0.744100,1.161667,1.962614,2.888020,5.105972
1990-07-24,0.669688,Training,-0.394732,-0.071736,0.058755,0.195302,0.474539,0.569155,0.734777,1.144585,1.928652,2.842806,5.055086
1990-07-25,0.669688,Training,-0.400586,-0.082391,0.048871,0.191291,0.469380,0.560432,0.727257,1.140914,1.915934,2.817878,5.039756
1990-07-26,0.669688,Training,-0.403259,-0.087358,0.045330,0.188155,0.462463,0.552123,0.719527,1.129737,1.907025,2.806169,5.050567
1990-07-27,0.892917,Training,-0.452218,-0.148412,0.008631,0.202942,0.479957,0.594979,0.803497,1.263718,2.230806,3.274005,6.037630
1990-07-28,2.009064,Training,-0.411452,-0.091107,0.043243,0.184950,0.456123,0.557055,0.723089,1.132834,1.903364,2.827177,5.121996
1990-07-29,1.506798,Training,-0.408254,-0.090093,0.043041,0.180283,0.448164,0.542708,0.707690,1.101898,1.858036,2.757616,5.024257
1990-07-30,1.283568,Training,-0.395604,-0.080127,0.046516,0.175273,0.436989,0.524324,0.674749,1.053959,1.765615,2.608761,4.767363
1990-07-31,1.395183,Training,-0.393498,-0.079542,0.046275,0.171584,0.428799,0.513845,0.660701,1.030990,1.730151,2.558486,4.701070
1990-08-01,1.395183,Training,-0.392436,-0.079865,0.045375,0.168104,0.421242,0.504195,0.648422,1.010874,1.697806,2.513428,4.646922
1990-08-02,1.450990,Training,-0.392682,-0.082017,0.043021,0.163977,0.413001,0.493307,0.635807,0.991136,1.664617,2.468052,4.599118
1990-08-03,1.227761,Training,-0.384049,-0.073182,0.050567,0.163575,0.406728,0.484196,0.621936,0.963651,1.628270,2.418265,4.533712
1990-08-04,0.948724,Training,-0.374111,-0.061106,0.062128,0.168943,0.409109,0.484750,0.619056,0.952474,1.615434,2.400178,4.511086
1990-08-05,0.892917,Training,-0.375789,-0.064800,0.058009,0.164276,0.400893,0.475582,0.607826,0.935806,1.586743,2.360383,4.465957
1990-08-06,0.781303,Training,-0.382582,-0.074964,0.047728,0.155976,0.389155,0.463309,0.594600,0.918785,1.555416,2.316823,4.419545
1990-08-07,1.004532,Training,-0.383344,-0.076758,0.045713,0.153190,0.383538,0.457000,0.586682,0.906054,1.534572,2.287565,4.388781
1990-08-08,1.171954,Training,-0.376631,-0.068357,0.053752,0.157542,0.385868,0.458720,0.586144,0.899849,1.528723,2.278941,4.382045
1990-08-09,0.892917,Training,-0.381501,-0.076128,0.045750,0.150542,0.375349,0.447384,0.573251,0.882412,1.497815,2.235766,4.333917
1990-08-10,1.171954,Training,-0.382826,-0.079039,0.042606,0.147019,0.368646,0.439689,0.563940,0.868104,1.473657,2.201660,4.296842
1990-08-11,1.116146,Training,-0.384036,-0.081403,0.040016,0.143995,0.362941,0.433320,0.555900,0.855603,1.452688,2.172112,4.264808
1990-08-12,1.004532,Training,-0.385578,-0.084186,0.037154,0.141103,0.357601,0.427299,0.548413,0.844201,1.433671,2.145029,4.236057
1990-08-13,1.116146,Training,-0.388378,-0.088170,0.033189,0.138301,0.352967,0.422064,0.541956,0.835360,1.416800,2.119872,4.208939
1990-08-14,1.116146,Training,-0.388152,-0.088044,0.032996,0.138835,0.352253,0.421689,0.540632,0.831190,1.411641,2.110502,4.200652
1990-08-15,1.395183,Training,-0.385736,-0.087994,0.032209,0.133790,0.340781,0.406690,0.522335,0.802057,1.362148,2.043536,4.123259
1990-08-16,1.227761,Training,-0.384034,-0.087143,0.032598,0.132433,0.336335,0.401251,0.514875,0.788578,1.341567,2.015233,4.092573
1990-08-17,1.339376,Training,-0.381865,-0.085294,0.034018,0.132156,0.333407,0.397740,0.509510,0.777764,1.325640,1.993354,4.070765
1990-08-18,1.227761,Training,-0.376418,-0.078371,0.040479,0.136357,0.336253,0.400767,0.510955,0.774674,1.323317,1.990568,4.075619
1990-08-19,1.116146,Training,-0.379881,-0.084616,0.035286,0.132477,0.329407,0.392258,0.502758,0.763229,1.308012,1.969145,4.065458
1990-08-20,0.948724,Training,-0.385502,-0.093765,0.028123,0.128051,0.321976,0.383178,0.495420,0.753890,1.298783,1.955929,4.075558
1990-08-21,1.730027,Training,-0.431086,-0.156442,-0.012109,0.130911,0.324097,0.402848,0.548759,0.828836,1.513588,2.256821,4.835234
1990-08-22,2.120678,Training,-0.467608,-0.199476,-0.042085,0.128215,0.327980,0.437482,0.603993,0.902446,1.696242,2.590675,5.646556
1990-08-23,1.785834,Training,-0.480032,-0.200455,-0.029548,0.132787,0.317653,0.421882,0.607275,0.904385,1.713122,2.635177,5.781935
1990-08-24,1.395183,Training,-0.429002,-0.134492,0.009628,0.124161,0.306793,0.388048,0.528210,0.788035,1.405093,2.169261,4.678215
1990-08-25,1.450990,Training,-0.400014,-0.107347,0.019294,0.119016,0.301318,0.368281,0.482191,0.724030,1.260470,1.922365,4.140946
1990-08-26,1.283568,Training,-0.387836,-0.096449,0.024040,0.118508,0.299719,0.361187,0.464502,0.699905,1.209180,1.835684,3.962567
1990-08-27,1.116146,Training,-0.384090,-0.092821,0.026544,0.119577,0.299539,0.359980,0.460556,0.692122,1.195502,1.814403,3.928175
1990-08-28,1.395183,Training,-0.384819,-0.095281,0.023765,0.116372,0.294219,0.352853,0.451631,0.680036,1.174180,1.783805,3.885137
1990-08-29,1.171954,Training,-0.390865,-0.105656,0.017234,0.114737,0.291317,0.347728,0.451608,0.681167,1.188682,1.802497,3.952872
1990-08-30,1.227761,Training,-0.386530,-0.098889,0.020325,0.112537,0.287123,0.344055,0.440982,0.665024,1.149287,1.749669,3.848763
1990-08-31,1.171954,Training,-0.385960,-0.098758,0.020268,0.111795,0.285211,0.341228,0.437311,0.658266,1.138345,1.734486,3.831510
1990-09-01,1.283568,Training,-0.384627,-0.097952,0.020405,0.110999,0.283219,0.338181,0.432478,0.650816,1.125198,1.715193,3.804308
1990-09-02,1.227761,Training,-0.383922,-0.097740,0.020457,0.110454,0.281448,0.335768,0.429045,0.644824,1.115676,1.702171,3.791043
1990-09-03,0.781303,Validation,-0.384405,-0.098986,0.019119,0.108808,0.278794,0.332176,0.424628,0.638887,1.105300,1.687974,3.774445
1990-09-04,1.004532,Validation,-0.382072,-0.096042,0.021946,0.110708,0.279746,0.333410,0.425020,0.635963,1.102019,1.684099,3.778507
1990-09-05,0.948724,Validation,-0.382314,-0.096763,0.021273,0.109662,0.277867,0.330968,0.421983,0.631381,1.094600,1.674325,3.770221
1990-09-06,1.116146,Validation,-0.383370,-0.098548,0.019561,0.107803,0.275421,0.327883,0.418424,0.627008,1.087229,1.664533,3.759166
1990-09-07,1.116146,Validation,-0.384660,-0.100113,0.018243,0.106828,0.274367,0.326688,0.417267,0.625738,1.085673,1.662442,3.760199
1990-09-08,1.116146,Validation,-0.385921,-0.100909,0.017895,0.108450,0.277253,0.330273,0.421919,0.631654,1.096884,1.676886,3.787019
1990-09-09,0.892917,Validation,-0.387243,-0.102861,0.017690,0.111183,0.280629,0.333219,0.427963,0.638474,1.113011,1.698132,3.842003
1990-09-10,0.502266,Validation,-0.385491,-0.101483,0.019275,0.111231,0.278304,0.330191,0.424213,0.631122,1.101071,1.682994,3.833552
1990-09-11,0.892917,Validation,-0.385373,-0.102542,0.019022,0.110062,0.274978,0.325609,0.419980,0.623994,1.090796,1.670469,3.833107
1990-09-12,1.116146,Validation,-0.401411,-0.126480,0.003593,0.106555,0.270437,0.320937,0.427606,0.637870,1.139815,1.734317,4.025067
1990-09-13,1.227761,Validation,-0.389247,-0.106918,0.015333,0.105238,0.268056,0.319535,0.413912,0.616737,1.078067,1.658939,3.832929
1990-09-14,1.060339,Validation,-0.386092,-0.101931,0.019019,0.106729,0.270114,0.321230,0.414096,0.614156,1.069995,1.647947,3.810182
1990-09-15,1.227761,Validation,-0.383341,-0.099398,0.020153,0.106330,0.270159,0.319545,0.410225,0.609561,1.059391,1.630338,3.773874
1990-09-16,0.669688,Validation,-0.391730,-0.112916,0.011333,0.103518,0.267510,0.314535,0.412167,0.615765,1.082453,1.660685,3.862007
1990-09-17,0.446459,Validation,-0.385926,-0.103176,0.019488,0.108098,0.272200,0.320825,0.415509,0.615939,1.076669,1.655766,3.849385
1990-09-18,0.837110,Validation,-0.411036,-0.137338,0.003068,0.118371,0.284915,0.340369,0.460995,0.674496,1.227723,1.856641,4.375216
1990-09-19,1.116146,Validation,-0.412830,-0.138176,0.000472,0.108550,0.271185,0.326054,0.443179,0.654800,1.185174,1.811953,4.279492
1990-09-20,1.785834,Validation,-0.396914,-0.112659,0.014862,0.104535,0.266826,0.320714,0.422012,0.623290,1.094686,1.699732,3.982192
1990-09-21,1.227761,Validation,-0.391274,-0.108163,0.015531,0.101851,0.266012,0.314819,0.411860,0.611933,1.068665,1.655149,3.875331
1990-09-22,0.948724,Validation,-0.389117,-0.107317,0.014148,0.098755,0.264026,0.309975,0.404245,0.605604,1.053632,1.630027,3.814940
1990-09-23,0.669688,Validation,-0.416738,-0.148181,-0.012244,0.094090,0.258895,0.305524,0.421444,0.635287,1.148716,1.753880,4.164542
1990-09-24,0.669688,Validation,-0.393782,-0.111523,0.011768,0.096920,0.262194,0.310581,0.407233,0.611550,1.065429,1.654234,3.876329
1990-09-25,0.781303,Validation,-0.400836,-0.122686,0.004774,0.095104,0.262000,0.307038,0.411411,0.618951,1.089464,1.687115,3.960855
1990-09-26,0.781303,Validation,-0.385323,-0.100337,0.022298,0.105309,0.273487,0.319975,0.415709,0.616779,1.071430,1.658848,3.882553
1990-09-27,0.725495,Validation,-0.380658,-0.092153,0.031352,0.114643,0.285672,0.332633,0.429588,0.631022,1.094357,1.689996,3.942075
1990-09-28,0.892917,Validation,-0.408311,-0.132680,0.008166,0.117018,0.289729,0.339407,0.462095,0.678436,1.224891,1.861344,4.401896
1990-09-29,1.339376,Validation,-0.463444,-0.204795,-0.044553,0.110065,0.291708,0.376438,0.530402,0.770690,1.456688,2.244287,5.428901
1990-09-30,0.948724,Validation,-0.464665,-0.189530,-0.024154,0.107560,0.274542,0.348314,0.509652,0.750345,1.405083,2.189812,5.254528
1990-10-01,,,,,,,,,,,,,
1990-10-02,,,,,,,,,,,,,
1990-10-03,,,,,,,,,,,,,
1990-10-04,,,,,,,,,,,,,
1990-10-05,,,,,,,,,,,,,
1990-10-06,,,,,,,,,,,,,
1990-10-07,,,,,,,,,,,,,
1990-10-08,,,,,,,,,,,,,
1990-10-09,,,,,,,,,,,,,
1990-10-10,,,,,,,,,,,,,
1990-10-11,,,,,,,,,,,,,
1990-10-12,,,,,,,,,,,,,
1990-10-13,,,,,,,,,,,,,
1990-10-14,,,,,,,,,,,,,
1990-10-15,,,,,,,,,,,,,
1990-10-16,,,,,,,,,,,,,
1990-10-17,,,,,,,,,,,,,
1990-10-18,,,,,,,,,,,,,
1990-10-19,,,,,,,,,,,,,
1990-10-20,,,,,,,,,,,,,
1990-10-21,,,,,,,,,,,,,
1990-10-22,,,,,,,,,,,,,
1990-10-23,,,,,,,,,,,,,
1990-10-24,,,,,,,,,,,,,
1990-10-25,,,,,,,,,,,,,
1990-10-26,,,,,,,,,,,,,
1990-10-27,,,,,,,,,,,,,
1990-10-28,,,,,,,,,,,,,
1990-10-29,,,,,,,,,,,,,
1990-10-30,,,,,,,,,,,,,
1990-10-31,,,,,,,,,,,,,
1990-11-01,,,,,,,,,,,,,
1990-11-02,,,,,,,,,,,,,
1990-11-03,,,,,,,,,,,,,
1990-11-04,,,,,,,,,,,,,
1990-11-05,,,,,,,,,,,,,
1990-11-06,,,,,,,,,,,,,
1990-11-07,,,,,,,,,,,,,
1990-11-08,,,,,,,,,,,,,
1990-11-09,,,,,,,,,,,,,
1990-11-10,,,,,,,,,,,,,
1990-11-11,,,,,,,,,,,,,
1990-11-12,,,,,,,,,,,,,
1990-11-13,,,,,,,,,,,,,
1990-11-14,,,,,,,,,,,,,
1990-11-15,,,,,,,,,,,,,
1990-11-16,,,,,,,,,,,,,
1990-11-17,,,,,,,,,,,,,
1990-11-18,,,,,,,,,,,,,
1990-11-19,,,,,,,,,,,,,
1990-11-20,,,,,,,,,,,,,
1990-11-21,,,,,,,,,,,,,
1990-11-22,,,,,,,,,,,,,
1990-11-23,,,,,,,,,,,,,
1990-11-24,,,,,,,,,,,,,
1990-11-25,,,,,,,,,,,,,
1990-11-26,,,,,,,,,,,,,
1990-11-27,,,,,,,,,,,,,
1990-11-28,,,,,,,,,,,,,
1990-11-29,,,,,,,,,,,,,
1990-11-30,,,,,,,,,,,,,
1990-12-01,,,,,,,,,,,,,
1990-12-02,,,,,,,,,,,,,
1990-12-03,,,,,,,,,,,,,
1990-12-04,,,,,,,,,,,,,
1990-12-05,,,,,,,,,,,,,
1990-12-06,,,,,,,,,,,,,
1990-12-07,,,,,,,,,,,,,
1990-12-08,,,,,,,,,,,,,
1990-12-09,,,,,,,,,,,,,
1990-12-10,,,,,,,,,,,,,
1990-12-11,,,,,,,,,,,,,
1990-12-12,,,,,,,,,,,,,
1990-12-13,,,,,,,,,,,,,
1990-12-14,,,,,,,,,,,,,
1990-12-15,,,,,,,,,,,,,
1990-12-16,,,,,,,,,,,,,
1990-12-17,,,,,,,,,,,,,
1990-12-18,,,,,,,,,,,,,
1990-12-19,,,,,,,,,,,,,
1990-12-20,,,,,,,,,,,,,
1990-12-21,,,,,,,,,,,,,
1990-12-22,,,,,,,,,,,,,
1990-12-23,,,,,,,,,,,,,
1990-12-24,,,,,,,,,,,,,
1990-12-25,,,,,,,,,,,,,
1990-12-26,,,,,,,,,,,,,
1990-12-27,,,,,,,,,,,,,
1990-12-28,,,,,,,,,,,,,
1990-12-29,,,,,,,,,,,,,
1990-12-30,,,,,,,,,,,,,
1990-12-31,,,,,,,,,,,,,
1991-01-01,,,,,,,,,,,,,
1991-01-02,,,,,,,,,,,,,
1991-01-03,,,,,,,,,,,,,
1991-01-04,,,,,,,,,,,,,
1991-01-05,,,,,,,,,,,,,
1991-01-06,,,,,,,,,,,,,
1991-01-07,,,,,,,,,,,,,
1991-01-08,,,,,,,,,,,,,
1991-01-09,,,,,,,,,,,,,
1991-01-10,,,,,,,,,,,,,
1991-01-11,,,,,,,,,,,,,
1991-01-12,,,,,,,,,,,,,
1991-01-13,,,,,,,,,,,,,
1991-01-14,,,,,,,,,,,,,
1991-01-15,,,,,,,,,,,,,
1991-01-16,,,,,,,,,,,,,
1991-01-17,,,,,,,,,,,,,
1991-01-18,,,,,,,,,,,,,
1991-01-19,,,,,,,,,,,,,
1991-01-20,,,,,,,,,,,,,
1991-01-21,,,,,,,,,,,,,
1991-01-22,,,,,,,,,,,,,
1991-01-23,,,,,,,,,,,,,
1991-01-24,,,,,,,,,,,,,
1991-01-25,,,,,,,,,,,,,
1991-01-26,,,,,,,,,,,,,
1991-01-27,,,,,,,,,,,,,
1991-01-28,,,,,,,,,,,,,
1991-01-29,,,,,,,,,,,,,
1991-01-30,,,,,,,,,,,,,
1991-01-31,,,,,,,,,,,,,
1991-02-01,,,,,,,,,,,,,
1991-02-02,,,,,,,,,,,,,
1991-02-03,,,,,,,,,,,,,
1991-02-04,,,,,,,,,,,,,
1991-02-05,,,,,,,,,,,,,
1991-02-06,,,,,,,,,,,,,
1991-02-07,,,,,,,,,,,,,
1991-02-08,,,,,,,,,,,,,
1991-02-09,,,,,,,,,,,,,
1991-02-10,,,,,,,,,,,,,
1991-02-11,,,,,,,,,,,,,
1991-02-12,,,,,,,,,,,,,
1991-02-13,,,,,,,,,,,,,
1991-02-14,,,,,,,,,,,,,
1991-02-15,,,,,,,,,,,,,
1991-02-16,,,,,,,,,,,,,
1991-02-17,,,,,,,,,,,,,
1991-02-18,,,,,,,,,,,,,
1991-02-19,,,,,,,,,,,,,
1991-02-20,,,,,,,,,,,,,
1991-02-21,,,,,,,,,,,,,
1991-02-22,,,,,,,,,,,,,
1991-02-23,,,,,,,,,,,,,
1991-02-24,,,,,,,,,,,,,
1991-02-25,,,,,,,,,,,,,
1991-02-26,,,,,,,,,,,,,
1991-02-27,,,,,,,,,,,,,
1991-02-28,,,,,,,,,,,,,
1991-03-01,,,,,,,,,,,,,
1991-03-02,,,,,,,,,,,,,
1991-03-03,,,,,,,,,,,,,
1991-03-04,,,,,,,,,,,,,
1991-03-05,,,,,,,,,,,,,
1991-03-06,,,,,,,,,,,,,
1991-03-07,,,,,,,,,,,,,
1991-03-08,,,,,,,,,,,,,
1991-03-09,,,,,,,,,,,,,
1991-03-10,,,,,,,,,,,,,
1991-03-11,,,,,,,,,,,,,
1991-03-12,,,,,,,,,,,,,
1991-03-13,,,,,,,,,,,,,
1991-03-14,,,,,,,,,,,,,
1991-03-15,,,,,,,,,,,,,
1991-03-16,,,,,,,,,,,,,
1991-03-17,,,,,,,,,,,,,
1991-03-18,,,,,,,,,,,,,
1991-03-19,,,,,,,,,,,,,
1991-03-20,,,,,,,,,,,,,
1991-03-21,,,,,,,,,,,,,
1991-03-22,,,,,,,,,,,,,
1991-03-23,,,,,,,,,,,,,
1991-03-24,,,,,,,,,,,,,
1991-03-25,,,,,,,,,,,,,
1991-03-26,,,,,,,,,,,,,
1991-03-27,,,,,,,,,,,,,
1991-03-28,,,,,,,,,,,,,
1991-03-29,,,,,,,,,,,,,
1991-03-30,,,,,,,,,,,,,
1991-03-31,,,,,,,,,,,,,
1991-04-01,,,,,,,,,,,,,
1991-04-02,,,,,,,,,,,,,
1991-04-03,,,,,,,,,,,,,
1991-04-04,,,,,,,,,,,,,
1991-04-05,,,,,,,,,,,,,
1991-04-06,,,,,,,,,,,,,
1991-04-07,,,,,,,,,,,,,
1991-04-08,,,,,,,,,,,,,
1991-04-09,,,,,,,,,,,,,
1991-04-10,,,,,,,,,,,,,
1991-04-11,,,,,,,,,,,,,
1991-04-12,,,,,,,,,,,,,
1991-04-13,,,,,,,,,,,,,
1991-04-14,,,,,,,,,,,,,
1991-04-15,,,,,,,,,,,,,
1991-04-16,,,,,,,,,,,,,
1991-04-17,,,,,,,,,,,,,
1991-04-18,,,,,,,,,,,,,
1991-04-19,,,,,,,,,,,,,
1991-04-20,,,,,,,,,,,,,
1991-04-21,,,,,,,,,,,,,
1991-04-22,,,,,,,,,,,,,
1991-04-23,,,,,,,,,,,,,
1991-04-24,,,,,,,,,,,,,
1991-04-25,,,,,,,,,,,,,
1991-04-26,,,,,,,,,,,,,
1991-04-27,,,,,,,,,,,,,
1991-04-28,,,,,,,,,,,,,
1991-04-29,,,,,,,,,,,,,
1991-04-30,,,,,,,,,,,,,
1991-05-01,,,,,,,,,,,,,
1991-05-02,,,,,,,,,,,,,
1991-05-03,,,,,,,,,,,,,
1991-05-04,,,,,,,,,,,,,
1991-05-05,,,,,,,,,,,,,
1991-05-06,,,,,,,,,,,,,
1991-05-07,,,,,,,,,,,,,
1991-05-08,,,,,,,,,,,,,
1991-05-09,,,,,,,,,,,,,
1991-05-10,,,,,,,,,,,,,
1991-05-11,,,,,,,,,,,,,
1991-05-12,,,,,,,,,,,,,
1991-05-13,,,,,,,,,,,,,
1991-05-14,,,,,,,,,,,,,
1991-05-15,,,,,,,,,,,,,
1991-05-16,,,,,,,,,,,,,
1991-05-17,,,,,,,,,,,,,
1991-05-18,,,,,,,,,,,,,
1991-05-19,,,,,,,,,,,,,
1991-05-20,,,,,,,,,,,,,
1991-05-21,,,,,,,,,,,,,
1991-05-22,,,,,,,,,,,,,
1991-05-23,,,,,,,,,,,,,
1991-05-24,,,,,,,,,,,,,
1991-05-25,,,,,,,,,,,,,
1991-05-26,,,,,,,,,,,,,
1991-05-27,,,,,,,,,,,,,
1991-05-28,,,,,,,,,,,,,
1991-05-29,,,,,,,,,,,,,
1991-05-30,,,,,,,,,,,,,
1991-05-31,,,,,,,,,,,,,
1991-06-01,,,,,,,,,,,,,
1991-06-02,,,,,,,,,,,,,
1991-06-03,,,,,,,,,,,,,
1991-06-04,,,,,,,,,,,,,
1991-06-05,,,,,,,,,,,,,
1991-06-06,,,,,,,,,,,,,
1991-06-07,,,,,,,,,,,,,
1991-06-08,,,,,,,,,,,,,
1991-06-09,,,,,,,,,,,,,
1991-06-10,,,,,,,,,,,,,
1991-06-11,,,,,,,,,,,,,
1991-06-12,,,,,,,,,,,,,
1991-06-13,,,,,,,,,,,,,
1991-06-14,,,,,,,,,,,,,
1991-06-15,,,,,,,,,,,,,
1991-06-16,,,,,,,,,,,,,
1991-06-17,,,,,,,,,,,,,
1991-06-18,,,,,,,,,,,,,
1991-06-19,,,,,,,,,,,,,
1991-06-20,,,,,,,,,,,,,
1991-06-21,,,,,,,,,,,,,
1991-06-22,,,,,,,,,,,,,
1991-06-23,,,,,,,,,,,,,
1991-06-24,,,,,,,,,,,,,
1991-06-25,,,,,,,,,,,,,
1991-06-26,,,,,,,,,,,,,
1991-06-27,,,,,,,,,,,,,
1991-06-28,,,,,,,,,,,,,
1991-06-29,,,,,,,,,,,,,
1991-06-30,,,,,,,,,,,,,
1991-07-01,,,,,,,,,,,,,
1991-07-02,,,,,,,,,,,,,
1991-07-03,,,,,,,,,,,,,
1991-07-04,,,,,,,,,,,,,
1991-07-05,,,,,,,,,,,,,
1991-07-06,,,,,,,,,,,,,
1991-07-07,,,,,,,,,,,,,
1991-07-08,,,,,,,,,,,,,
1991-07-09,,,,,,,,,,,,,
1991-07-10,,,,,,,,,,,,,
1991-07-11,,,,,,,,,,,,,
1991-07-12,,,,,,,,,,,,,
1991-07-13,,,,,,,,,,,,,
1991-07-14,,,,,,,,,,,,,
1991-07-15,,,,,,,,,,,,,
1991-07-16,,,,,,,,,,,,,
1991-07-17,,,,,,,,,,,,,
1991-07-18,,,,,,,,,,,,,
1991-07-19,,,,,,,,,,,,,
1991-07-20,,,,,,,,,,,,,
1991-07-21,,,,,,,,,,,,,
1991-07-22,,,,,,,,,,,,,
1991-07-23,,,,,,,,,,,,,
1991-07-24,,,,,,,,,,,,,
1991-07-25,,,,,,,,,,,,,
1991-07-26,,,,,,,,,,,,,
1991-07-27,,,,,,,,,,,,,
1991-07-28,,,,,,,,,,,,,
1991-07-29,,,,,,,,,,,,,
1991-07-30,,,,,,,,,,,,,
1991-07-31,,,,,,,,,,,,,
1991-08-01,,,,,,,,,,,,,
1991-08-02,,,,,,,,,,,,,
1991-08-03,,,,,,,,,,,,,
1991-08-04,,,,,,,,,,,,,
1991-08-05,,,,,,,,,,,,,
1991-08-06,,,,,,,,,,,,,
1991-08-07,,,,,,,,,,,,,
1991-08-08,,,,,,,,,,,,,
1991-08-09,,,,,,,,,,,,,
1991-08-10,,,,,,,,,,,,,
1991-08-11,,,,,,,,,,,,,
1991-08-12,,,,,,,,,,,,,
1991-08-13,,,,,,,,,,,,,
1991-08-14,,,,,,,,,,,,,
1991-08-15,,,,,,,,,,,,,
1991-08-16,,,,,,,,,,,,,
1991-08-17,,,,,,,,,,,,,
1991-08-18,,,,,,,,,,,,,
1991-08-19,,,,,,,,,,,,,
1991-08-20,,,,,,,,,,,,,
1991-08-21,,,,,,,,,,,,,
1991-08-22,,,,,,,,,,,,,
1991-08-23,,,,,,,,,,,,,
1991-08-24,,,,,,,,,,,,,
1991-08-25,,,,,,,,,,,,,
1991-08-26,,,,,,,,,,,,,
1991-08-27,,,,,,,,,,,,,
1991-08-28,,,,,,,,,,,,,
1991-08-29,,,,,,,,,,,,,
1991-08-30,,,,,,,,,,,,,
1991-08-31,,,,,,,,,,,,,
1991-09-01,,,,,,,,,,,,,
1991-09-02,,,,,,,,,,,,,
1991-09-03,,,,,,,,,,,,,
1991-09-04,,,,,,,,,,,,,
1991-09-05,,,,,,,,,,,,,
1991-09-06,,,,,,,,,,,,,
1991-09-07,,,,,,,,,,,,,
1991-09-08,,,,,,,,,,,,,
1991-09-09,,,,,,,,,,,,,
1991-09-10,,,,,,,,,,,,,
1991-09-11,,,,,,,,,,,,,
1991-09-12,,,,,,,,,,,,,
1991-09-13,,,,,,,,,,,,,
1991-09-14,,,,,,,,,,,,,
1991-09-15,,,,,,,,,,,,,
1991-09-16,,,,,,,,,,,,,
1991-09-17,,,,,,,,,,,,,
1991-09-18,,,,,,,,,,,,,
1991-09-19,,,,,,,,,,,,,
1991-09-20,,,,,,,,,,,,,
1991-09-21,,,,,,,,,,,,,
1991-09-22,,,,,,,,,,,,,
1991-09-23,,,,,,,,,,,,,
1991-09-24,,,,,,,,,,,,,
1991-09-25,,,,,,,,,,,,,
1991-09-26,,,,,,,,,,,,,
1991-09-27,,,,,,,,,,,,,
1991-09-28,,,,,,,,,,,,,
1991-09-29,,,,,,,,,,,,,
1991-09-30,,,,,,,,,,,,,
1991-10-01,,,,,,,,,,,,,
1991-10-02,,,,,,,,,,,,,
1991-10-03,,,,,,,,,,,,,
1991-10-04,,,,,,,,,,,,,
1991-10-05,,,,,,,,,,,,,
1991-10-06,,,,,,,,,,,,,
1991-10-07,,,,,,,,,,,,,
1991-10-08,,,,,,,,,,,,,
1991-10-09,,,,,,,,,,,,,
1991-10-10,,,,,,,,,,,,,
1991-10-11,,,,,,,,,,,,,
1991-10-12,,,,,,,,,,,,,
1991-10-13,,,,,,,,,,,,,
1991-10-14,,,,,,,,,,,,,
1991-10-15,,,,,,,,,,,,,
1991-10-16,,,,,,,,,,,,,
1991-10-17,,,,,,,,,,,,,
1991-10-18,,,,,,,,,,,,,
1991-10-19,,,,,,,,,,,,,
1991-10-20,,,,,,,,,,,,,
1991-10-21,,,,,,,,,,,,,
1991-10-22,,,,,,,,,,,,,
1991-10-23,,,,,,,,,,,,,
1991-10-24,,,,,,,,,,,,,
1991-10-25,,,,,,,,,,,,,
1991-10-26,,,,,,,,,,,,,
1991-10-27,,,,,,,,,,,,,
1991-10-28,,,,,,,,,,,,,
1991-10-29,,,,,,,,,,,,,
1991-10-30,,,,,,,,,,,,,
1991-10-31,,,,,,,,,,,,,
1991-11-01,,,,,,,,,,,,,
1991-11-02,,,,,,,,,,,,,
1991-11-03,,,,,,,,,,,,,
1991-11-04,,,,,,,,,,,,,
1991-11-05,,,,,,,,,,,,,
1991-11-06,,,,,,,,,,,,,
1991-11-07,,,,,,,,,,,,,
1991-11-08,,,,,,,,,,,,,
1991-11-09,,,,,,,,,,,,,
1991-11-10,,,,,,,,,,,,,
1991-11-11,,,,,,,,,,,,,
1991-11-12,,,,,,,,,,,,,
1991-11-13,,,,,,,,,,,,,
1991-11-14,,,,,,,,,,,,,
1991-11-15,,,,,,,,,,,,,
1991-11-16,,,,,,,,,,,,,
1991-11-17,,,,,,,,,,,,,
1991-11-18,,,,,,,,,,,,,
1991-11-19,,,,,,,,,,,,,
1991-11-20,,,,,,,,,,,,,
1991-11-21,,,,,,,,,,,,,
1991-11-22,,,,,,,,,,,,,
1991-11-23,,,,,,,,,,,,,
1991-11-24,,,,,,,,,,,,,
1991-11-25,,,,,,,,,,,,,
1991-11-26,,,,,,,,,,,,,
1991-11-27,,,,,,,,,,,,,
1991-11-28,,,,,,,,,,,,,
1991-11-29,,,,,,,,,,,,,
1991-11-30,,,,,,,,,,,,,
1991-12-01,,,,,,,,,,,,,
1991-12-02,,,,,,,,,,,,,
1991-12-03,,,,,,,,,,,,,
1991-12-04,,,,,,,,,,,,,
1991-12-05,,,,,,,,,,,,,
1991-12-06,,,,,,,,,,,,,
1991-12-07,,,,,,,,,,,,,
1991-12-08,,,,,,,,,,,,,
1991-12-09,,,,,,,,,,,,,
1991-12-10,,,,,,,,,,,,,
1991-12-11,,,,,,,,,,,,,
1991-12-12,,,,,,,,,,,,,
1991-12-13,,,,,,,,,,,,,
1991-12-14,,,,,,,,,,,,,
1991-12-15,,,,,,,,,,,,,
1991-12-16,,,,,,,,,,,,,
1991-12-17,,,,,,,,,,,,,
1991-12-18,,,,,,,,,,,,,
1991-12-19,,,,,,,,,,,,,
1991-12-20,,,,,,,,,,,,,
1991-12-21,,,,,,,,,,,,,
1991-12-22,,,,,,,,,,,,,
1991-12-23,,,,,,,,,,,,,
1991-12-24,,,,,,,,,,,,,
1991-12-25,,,,,,,,,,,,,
1991-12-26,,,,,,,,,,,,,
1991-12-27,,,,,,,,,,,,,
1991-12-28,,,,,,,,,,,,,
1991-12-29,,,,,,,,,,,,,
1991-12-30,,,,,,,,,,,,,
1991-12-31,,,,,,,,,,,,,
1992-01-01,,,,,,,,,,,,,
1992-01-02,,,,,,,,,,,,,
1992-01-03,,,,,,,,,,,,,
1992-01-04,,,,,,,,,,,,,
1992-01-05,,,,,,,,,,,,,
1992-01-06,,,,,,,,,,,,,
1992-01-07,,,,,,,,,,,,,
1992-01-08,,,,,,,,,,,,,
1992-01-09,,,,,,,,,,,,,
1992-01-10,,,,,,,,,,,,,
1992-01-11,,,,,,,,,,,,,
1992-01-12,,,,,,,,,,,,,
1992-01-13,,,,,,,,,,,,,
1992-01-14,,,,,,,,,,,,,
1992-01-15,,,,,,,,,,,,,
1992-01-16,,,,,,,,,,,,,
1992-01-17,,,,,,,,,,,,,
1992-01-18,,,,,,,,,,,,,
1992-01-19,,,,,,,,,,,,,
1992-01-20,,,,,,,,,,,,,
1992-01-21,,,,,,,,,,,,,
1992-01-22,,,,,,,,,,,,,
1992-01-23,,,,,,,,,,,,,
1992-01-24,,,,,,,,,,,,,
1992-01-25,,,,,,,,,,,,,
1992-01-26,,,,,,,,,,,,,
1992-01-27,,,,,,,,,,,,,
1992-01-28,,,,,,,,,,,,,
1992-01-29,,,,,,,,,,,,,
1992-01-30,,,,,,,,,,,,,
1992-01-31,,,,,,,,,,,,,
1992-02-01,,,,,,,,,,,,,
1992-02-02,,,,,,,,,,,,,
1992-02-03,,,,,,,,,,,,,
1992-02-04,,,,,,,,,,,,,
1992-02-05,,,,,,,,,,,,,
1992-02-06,,,,,,,,,,,,,
1992-02-07,,,,,,,,,,,,,
1992-02-08,,,,,,,,,,,,,
1992-02-09,,,,,,,,,,,,,
1992-02-10,,,,,,,,,,,,,
1992-02-11,,,,,,,,,,,,,
1992-02-12,,,,,,,,,,,,,
1992-02-13,,,,,,,,,,,,,
1992-02-14,,,,,,,,,,,,,
1992-02-15,,,,,,,,,,,,,
1992-02-16,,,,,,,,,,,,,
1992-02-17,,,,,,,,,,,,,
1992-02-18,,,,,,,,,,,,,
1992-02-19,,,,,,,,,,,,,
1992-02-20,,,,,,,,,,,,,
1992-02-21,,,,,,,,,,,,,
1992-02-22,,,,,,,,,,,,,
1992-02-23,,,,,,,,,,,,,
1992-02-24,,,,,,,,,,,,,
1992-02-25,,,,,,,,,,,,,
1992-02-26,,,,,,,,,,,,,
1992-02-27,,,,,,,,,,,,,
1992-02-28,,,,,,,,,,,,,
1992-02-29,,,,,,,,,,,,,
1992-03-01,,,,,,,,,,,,,
1992-03-02,,,,,,,,,,,,,
1992-03-03,,,,,,,,,,,,,
1992-03-04,,,,,,,,,,,,,
1992-03-05,,,,,,,,,,,,,
1992-03-06,,,,,,,,,,,,,
1992-03-07,,,,,,,,,,,,,
1992-03-08,,,,,,,,,,,,,
1992-03-09,,,,,,,,,,,,,
1992-03-10,,,,,,,,,,,,,
1992-03-11,,,,,,,,,,,,,
1992-03-12,,,,,,,,,,,,,
1992-03-13,,,,,,,,,,,,,
1992-03-14,,,,,,,,,,,,,
1992-03-15,,,,,,,,,,,,,
1992-03-16,,,,,,,,,,,,,
1992-03-17,,,,,,,,,,,,,
1992-03-18,,,,,,,,,,,,,
1992-03-19,,,,,,,,,,,,,
1992-03-20,,,,,,,,,,,,,
1992-03-21,,,,,,,,,,,,,
1992-03-22,,,,,,,,,,,,,
1992-03-23,,,,,,,,,,,,,
1992-03-24,,,,,,,,,,,,,
1992-03-25,,,,,,,,,,,,,
1992-03-26,,,,,,,,,,,,,
1992-03-27,,,,,,,,,,,,,
1992-03-28,,,,,,,,,,,,,
1992-03-29,,,,,,,,,,,,,
1992-03-30,,,,,,,,,,,,,
1992-03-31,,,,,,,,,,,,,
1992-04-01,,,,,,,,,,,,,
1992-04-02,,,,,,,,,,,,,
1992-04-03,,,,,,,,,,,,,
1992-04-04,,,,,,,,,,,,,
1992-04-05,,,,,,,,,,,,,
1992-04-06,,,,,,,,,,,,,
1992-04-07,,,,,,,,,,,,,
1992-04-08,,,,,,,,,,,,,
1992-04-09,,,,,,,,,,,,,
1992-04-10,,,,,,,,,,,,,
1992-04-11,,,,,,,,,,,,,
1992-04-12,,,,,,,,,,,,,
1992-04-13,,,,,,,,,,,,,
1992-04-14,,,,,,,,,,,,,
1992-04-15,,,,,,,,,,,,,
1992-04-16,,,,,,,,,,,,,
1992-04-17,,,,,,,,,,,,,
1992-04-18,,,,,,,,,,,,,
1992-04-19,,,,,,,,,,,,,
1992-04-20,,,,,,,,,,,,,
1992-04-21,,,,,,,,,,,,,
1992-04-22,,,,,,,,,,,,,
1992-04-23,,,,,,,,,,,,,
1992-04-24,,,,,,,,,,,,,
1992-04-25,,,,,,,,,,,,,
1992-04-26,,,,,,,,,,,,,
1992-04-27,,,,,,,,,,,,,
1992-04-28,,,,,,,,,,,,,
1992-04-29,,,,,,,,,,,,,
1992-04-30,,,,,,,,,,,,,
1992-05-01,,,,,,,,,,,,,
1992-05-02,,,,,,,,,,,,,
1992-05-03,,,,,,,,,,,,,
1992-05-04,,,,,,,,,,,,,
1992-05-05,,,,,,,,,,,,,
1992-05-06,,,,,,,,,,,,,
1992-05-07,,,,,,,,,,,,,
1992-05-08,,,,,,,,,,,,,
1992-05-09,,,,,,,,,,,,,
1992-05-10,,,,,,,,,,,,,
1992-05-11,,,,,,,,,,,,,
1992-05-12,,,,,,,,,,,,,
1992-05-13,,,,,,,,,,,,,
1992-05-14,,,,,,,,,,,,,
1992-05-15,,,,,,,,,,,,,
1992-05-16,,,,,,,,,,,,,
1992-05-17,,,,,,,,,,,,,
1992-05-18,,,,,,,,,,,,,
1992-05-19,,,,,,,,,,,,,
1992-05-20,,,,,,,,,,,,,
1992-05-21,,,,,,,,,,,,,
1992-05-22,,,,,,,,,,,,,
1992-05-23,,,,,,,,,,,,,
1992-05-24,,,,,,,,,,,,,
1992-05-25,,,,,,,,,,,,,
1992-05-26,,,,,,,,,,,,,
1992-05-27,,,,,,,,,,,,,
1992-05-28,,,,,,,,,,,,,
1992-05-29,,,,,,,,,,,,,
1992-05-30,,,,,,,,,,,,,
1992-05-31,,,,,,,,,,,,,
1992-06-01,,,,,,,,,,,,,
1992-06-02,,,,,,,,,,,,,
1992-06-03,,,,,,,,,,,,,
1992-06-04,,,,,,,,,,,,,
1992-06-05,,,,,,,,,,,,,
1992-06-06,,,,,,,,,,,,,
1992-06-07,,,,,,,,,,,,,
1992-06-08,,,,,,,,,,,,,
1992-06-09,,,,,,,,,,,,,
1992-06-10,,,,,,,,,,,,,
1992-06-11,,,,,,,,,,,,,
1992-06-12,,,,,,,,,,,,,
1992-06-13,,,,,,,,,,,,,
1992-06-14,,,,,,,,,,,,,
1992-06-15,,,,,,,,,,,,,
1992-06-16,,,,,,,,,,,,,
1992-06-17,,,,,,,,,,,,,
1992-06-18,,,,,,,,,,,,,
1992-06-19,,,,,,,,,,,,,
1992-06-20,,,,,,,,,,,,,
1992-06-21,,,,,,,,,,,,,
1992-06-22,,,,,,,,,,,,,
1992-06-23,,,,,,,,,,,,,
1992-06-24,,,,,,,,,,,,,
1992-06-25,,,,,,,,,,,,,
1992-06-26,,,,,,,,,,,,,
1992-06-27,,,,,,,,,,,,,
1992-06-28,,,,,,,,,,,,,
1992-06-29,,,,,,,,,,,,,
1992-06-30,,,,,,,,,,,,,
1992-07-01,,,,,,,,,,,,,
1992-07-02,,,,,,,,,,,,,
1992-07-03,,,,,,,,,,,,,
1992-07-04,,,,,,,,,,,,,
1992-07-05,,,,,,,,,,,,,
1992-07-06,,,,,,,,,,,,,
1992-07-07,,,,,,,,,,,,,
1992-07-08,,,,,,,,,,,,,
1992-07-09,,,,,,,,,,,,,
1992-07-10,,,,,,,,,,,,,
1992-07-11,,,,,,,,,,,,,
1992-07-12,,,,,,,,,,,,,
1992-07-13,,,,,,,,,,,,,
1992-07-14,,,,,,,,,,,,,
1992-07-15,,,,,,,,,,,,,
1992-07-16,,,,,,,,,,,,,
1992-07-17,,,,,,,,,,,,,
1992-07-18,,,,,,,,,,,,,
1992-07-19,,,,,,,,,,,,,
1992-07-20,,,,,,,,,,,,,
1992-07-21,,,,,,,,,,,,,
1992-07-22,,,,,,,,,,,,,
1992-07-23,,,,,,,,,,,,,
1992-07-24,,,,,,,,,,,,,
1992-07-25,,,,,,,,,,,,,
1992-07-26,,,,,,,,,,,,,
1992-07-27,,,,,,,,,,,,,
1992-07-28,,,,,,,,,,,,,
1992-07-29,,,,,,,,,,,,,
1992-07-30,,,,,,,,,,,,,
1992-07-31,,,,,,,,,,,,,
1992-08-01,,,,,,,,,,,,,
1992-08-02,,,,,,,,,,,,,
1992-08-03,,,,,,,,,,,,,
1992-08-04,,,,,,,,,,,,,
1992-08-05,,,,,,,,,,,,,
1992-08-06,,,,,,,,,,,,,
1992-08-07,,,,,,,,,,,,,
1992-08-08,,,,,,,,,,,,,
1992-08-09,,,,,,,,,,,,,
1992-08-10,,,,,,,,,,,,,
1992-08-11,,,,,,,,,,,,,
1992-08-12,,,,,,,,,,,,,
1992-08-13,,,,,,,,,,,,,
1992-08-14,,,,,,,,,,,,,
1992-08-15,,,,,,,,,,,,,
1992-08-16,,,,,,,,,,,,,
1992-08-17,,,,,,,,,,,,,
1992-08-18,,,,,,,,,,,,,
1992-08-19,,,,,,,,,,,,,
1992-08-20,,,,,,,,,,,,,
1992-08-21,,,,,,,,,,,,,
1992-08-22,,,,,,,,,,,,,
1992-08-23,,,,,,,,,,,,,
1992-08-24,,,,,,,,,,,,,
1992-08-25,,,,,,,,,,,,,
1992-08-26,,,,,,,,,,,,,
1992-08-27,,,,,,,,,,,,,
1992-08-28,,,,,,,,,,,,,
1992-08-29,,,,,,,,,,,,,
1992-08-30,,,,,,,,,,,,,
1992-08-31,,,,,,,,,,,,,
1992-09-01,,,,,,,,,,,,,
1992-09-02,,,,,,,,,,,,,
1992-09-03,,,,,,,,,,,,,
1992-09-04,,,,,,,,,,,,,
1992-09-05,,,,,,,,,,,,,
1992-09-06,,,,,,,,,,,,,
1992-09-07,,,,,,,,,,,,,
1992-09-08,,,,,,,,,,,,,
1992-09-09,,,,,,,,,,,,,
1992-09-10,,,,,,,,,,,,,
1992-09-11,,,,,,,,,,,,,
1992-09-12,,,,,,,,,,,,,
1992-09-13,,,,,,,,,,,,,
1992-09-14,,,,,,,,,,,,,
1992-09-15,,,,,,,,,,,,,
1992-09-16,,,,,,,,,,,,,
1992-09-17,,,,,,,,,,,,,
1992-09-18,,,,,,,,,,,,,
1992-09-19,,,,,,,,,,,,,
1992-09-20,,,,,,,,,,,,,
1992-09-21,,,,,,,,,,,,,
1992-09-22,,,,,,,,,,,,,
1992-09-23,,,,,,,,,,,,,
1992-09-24,,,,,,,,,,,,,
1992-09-25,,,,,,,,,,,,,
1992-09-26,,,,,,,,,,,,,
1992-09-27,,,,,,,,,,,,,
1992-09-28,,,,,,,,,,,,,
1992-09-29,,,,,,,,,,,,,
1992-09-30,,,,,,,,,,,,,
1992-10-01,,,,,,,,,,,,,
1992-10-02,,,,,,,,,,,,,
1992-10-03,,,,,,,,,,,,,
1992-10-04,,,,,,,,,,,,,
1992-10-05,,,,,,,,,,,,,
1992-10-06,,,,,,,,,,,,,
1992-10-07,,,,,,,,,,,,,
1992-10-08,,,,,,,,,,,,,
1992-10-09,,,,,,,,,,,,,
1992-10-10,,,,,,,,,,,,,
1992-10-11,,,,,,,,,,,,,
1992-10-12,,,,,,,,,,,,,
1992-10-13,,,,,,,,,,,,,
1992-10-14,,,,,,,,,,,,,
1992-10-15,,,,,,,,,,,,,
1992-10-16,,,,,,,,,,,,,
1992-10-17,,,,,,,,,,,,,
1992-10-18,,,,,,,,,,,,,
1992-10-19,,,,,,,,,,,,,
1992-10-20,,,,,,,,,,,,,
1992-10-21,,,,,,,,,,,,,
1992-10-22,,,,,,,,,,,,,
1992-10-23,,,,,,,,,,,,,
1992-10-24,,,,,,,,,,,,,
1992-10-25,,,,,,,,,,,,,
1992-10-26,,,,,,,,,,,,,
1992-10-27,,,,,,,,,,,,,
1992-10-28,,,,,,,,,,,,,
1992-10-29,,,,,,,,,,,,,
1992-10-30,,,,,,,,,,,,,
1992-10-31,,,,,,,,,,,,,
1992-11-01,,,,,,,,,,,,,
1992-11-02,,,,,,,,,,,,,
1992-11-03,,,,,,,,,,,,,
1992-11-04,,,,,,,,,,,,,
1992-11-05,,,,,,,,,,,,,
1992-11-06,,,,,,,,,,,,,
1992-11-07,,,,,,,,,,,,,
1992-11-08,,,,,,,,,,,,,
1992-11-09,,,,,,,,,,,,,
1992-11-10,,,,,,,,,,,,,
1992-11-11,,,,,,,,,,,,,
1992-11-12,,,,,,,,,,,,,
1992-11-13,,,,,,,,,,,,,
1992-11-14,,,,,,,,,,,,,
1992-11-15,,,,,,,,,,,,,
1992-11-16,,,,,,,,,,,,,
1992-11-17,,,,,,,,,,,,,
1992-11-18,,,,,,,,,,,,,
1992-11-19,,,,,,,,,,,,,
1992-11-20,,,,,,,,,,,,,
1992-11-21,,,,,,,,,,,,,
1992-11-22,,,,,,,,,,,,,
1992-11-23,,,,,,,,,,,,,
1992-11-24,,,,,,,,,,,,,
1992-11-25,,,,,,,,,,,,,
1992-11-26,,,,,,,,,,,,,
1992-11-27,,,,,,,,,,,,,
1992-11-28,,,,,,,,,,,,,
1992-11-29,,,,,,,,,,,,,
1992-11-30,,,,,,,,,,,,,
1992-12-01,,,,,,,,,,,,,
1992-12-02,,,,,,,,,,,,,
1992-12-03,,,,,,,,,,,,,
1992-12-04,,,,,,,,,,,,,
1992-12-05,,,,,,,,,,,,,
1992-12-06,,,,,,,,,,,,,
1992-12-07,,,,,,,,,,,,,
1992-12-08,,,,,,,,,,,,,
1992-12-09,,,,,,,,,,,,,
1992-12-10,,,,,,,,,,,,,
1992-12-11,,,,,,,,,,,,,
1992-12-12,,,,,,,,,,,,,
1992-12-13,,,,,,,,,,,,,
1992-12-14,,,,,,,,,,,,,
1992-12-15,,,,,,,,,,,,,
1992-12-16,,,,,,,,,,,,,
1992-12-17,,,,,,,,,,,,,
1992-12-18,,,,,,,,,,,,,
1992-12-19,,,,,,,,,,,,,
1992-12-20,,,,,,,,,,,,,
1992-12-21,,,,,,,,,,,,,
1992-12-22,,,,,,,,,,,,,
1992-12-23,,,,,,,,,,,,,
1992-12-24,,,,,,,,,,,,,
1992-12-25,,,,,,,,,,,,,
1992-12-26,,,,,,,,,,,,,
1992-12-27,,,,,,,,,,,,,
1992-12-28,,,,,,,,,,,,,
1992-12-29,,,,,,,,,,,,,
1992-12-30,,,,,,,,,,,,,
1992-12-31,,,,,,,,,,,,,
1993-01-01,,,,,,,,,,,,,
1993-01-02,,,,,,,,,,,,,
1993-01-03,,,,,,,,,,,,,
1993-01-04,,,,,,,,,,,,,
1993-01-05,,,,,,,,,,,,,
1993-01-06,,,,,,,,,,,,,
1993-01-07,,,,,,,,,,,,,
1993-01-08,,,,,,,,,,,,,
1993-01-09,,,,,,,,,,,,,
1993-01-10,,,,,,,,,,,,,
1993-01-11,,,,,,,,,,,,,
1993-01-12,,,,,,,,,,,,,
1993-01-13,,,,,,,,,,,,,
1993-01-14,,,,,,,,,,,,,
1993-01-15,,,,,,,,,,,,,
1993-01-16,,,,,,,,,,,,,
1993-01-17,,,,,,,,,,,,,
1993-01-18,,,,,,,,,,,,,
1993-01-19,,,,,,,,,,,,,
1993-01-20,,,,,,,,,,,,,
1993-01-21,,,,,,,,,,,,,
1993-01-22,,,,,,,,,,,,,
1993-01-23,,,,,,,,,,,,,
1993-01-24,,,,,,,,,,,,,
1993-01-25,,,,,,,,,,,,,
1993-01-26,,,,,,,,,,,,,
1993-01-27,,,,,,,,,,,,,
1993-01-28,,,,,,,,,,,,,
1993-01-29,,,,,,,,,,,,,
1993-01-30,,,,,,,,,,,,,
1993-01-31,,,,,,,,,,,,,
1993-02-01,,,,,,,,,,,,,
1993-02-02,,,,,,,,,,,,,
1993-02-03,,,,,,,,,,,,,
1993-02-04,,,,,,,,,,,,,
1993-02-05,,,,,,,,,,,,,
1993-02-06,,,,,,,,,,,,,
1993-02-07,,,,,,,,,,,,,
1993-02-08,,,,,,,,,,,,,
1993-02-09,,,,,,,,,,,,,
1993-02-10,,,,,,,,,,,,,
1993-02-11,,,,,,,,,,,,,
1993-02-12,,,,,,,,,,,,,
1993-02-13,,,,,,,,,,,,,
1993-02-14,,,,,,,,,,,,,
1993-02-15,,,,,,,,,,,,,
1993-02-16,,,,,,,,,,,,,
1993-02-17,,,,,,,,,,,,,
1993-02-18,,,,,,,,,,,,,
1993-02-19,,,,,,,,,,,,,
1993-02-20,,,,,,,,,,,,,
1993-02-21,,,,,,,,,,,,,
1993-02-22,,,,,,,,,,,,,
1993-02-23,,,,,,,,,,,,,
1993-02-24,,,,,,,,,,,,,
1993-02-25,,,,,,,,,,,,,
1993-02-26,,,,,,,,,,,,,
1993-02-27,,,,,,,,,,,,,
1993-02-28,,,,,,,,,,,,,
1993-03-01,,,,,,,,,,,,,
1993-03-02,,,,,,,,,,,,,
1993-03-03,,,,,,,,,,,,,
1993-03-04,,,,,,,,,,,,,
1993-03-05,,,,,,,,,,,,,
1993-03-06,,,,,,,,,,,,,
1993-03-07,,,,,,,,,,,,,
1993-03-08,,,,,,,,,,,,,
1993-03-09,,,,,,,,,,,,,
1993-03-10,,,,,,,,,,,,,
1993-03-11,,,,,,,,,,,,,
1993-03-12,,,,,,,,,,,,,
1993-03-13,,,,,,,,,,,,,
1993-03-14,,,,,,,,,,,,,
1993-03-15,,,,,,,,,,,,,
1993-03-16,,,,,,,,,,,,,
1993-03-17,,,,,,,,,,,,,
1993-03-18,,,,,,,,,,,,,
1993-03-19,,,,,,,,,,,,,
1993-03-20,,,,,,,,,,,,,
1993-03-21,,,,,,,,,,,,,
1993-03-22,,,,,,,,,,,,,
1993-03-23,,,,,,,,,,,,,
1993-03-24,,,,,,,,,,,,,
1993-03-25,,,,,,,,,,,,,
1993-03-26,,,,,,,,,,,,,
1993-03-27,,,,,,,,,,,,,
1993-03-28,,,,,,,,,,,,,
1993-03-29,,,,,,,,,,,,,
1993-03-30,,,,,,,,,,,,,
1993-03-31,,,,,,,,,,,,,
1993-04-01,,,,,,,,,,,,,
1993-04-02,,,,,,,,,,,,,
1993-04-03,,,,,,,,,,,,,
1993-04-04,,,,,,,,,,,,,
1993-04-05,,,,,,,,,,,,,
1993-04-06,,,,,,,,,,,,,
1993-04-07,,,,,,,,,,,,,
1993-04-08,,,,,,,,,,,,,
1993-04-09,,,,,,,,,,,,,
1993-04-10,,,,,,,,,,,,,
1993-04-11,,,,,,,,,,,,,
1993-04-12,,,,,,,,,,,,,
1993-04-13,,,,,,,,,,,,,
1993-04-14,,,,,,,,,,,,,
1993-04-15,,,,,,,,,,,,,
1993-04-16,,,,,,,,,,,,,
1993-04-17,,,,,,,,,,,,,
1993-04-18,,,,,,,,,,,,,
1993-04-19,,,,,,,,,,,,,
1993-04-20,,,,,,,,,,,,,
1993-04-21,,,,,,,,,,,,,
1993-04-22,,,,,,,,,,,,,
1993-04-23,,,,,,,,,,,,,
1993-04-24,,,,,,,,,,,,,
1993-04-25,,,,,,,,,,,,,
1993-04-26,,,,,,,,,,,,,
1993-04-27,,,,,,,,,,,,,
1993-04-28,,,,,,,,,,,,,
1993-04-29,,,,,,,,,,,,,
1993-04-30,,,,,,,,,,,,,
1993-05-01,,,,,,,,,,,,,
1993-05-02,,,,,,,,,,,,,
1993-05-03,,,,,,,,,,,,,
1993-05-04,,,,,,,,,,,,,
1993-05-05,,,,,,,,,,,,,
1993-05-06,,,,,,,,,,,,,
1993-05-07,,,,,,,,,,,,,
1993-05-08,,,,,,,,,,,,,
1993-05-09,,,,,,,,,,,,,
1993-05-10,,,,,,,,,,,,,
1993-05-11,,,,,,,,,,,,,
1993-05-12,,,,,,,,,,,,,
1993-05-13,,,,,,,,,,,,,
1993-05-14,,,,,,,,,,,,,
1993-05-15,,,,,,,,,,,,,
1993-05-16,,,,,,,,,,,,,
1993-05-17,,,,,,,,,,,,,
1993-05-18,,,,,,,,,,,,,
1993-05-19,,,,,,,,,,,,,
1993-05-20,,,,,,,,,,,,,
1993-05-21,,,,,,,,,,,,,
1993-05-22,,,,,,,,,,,,,
1993-05-23,,,,,,,,,,,,,
1993-05-24,,,,,,,,,,,,,
1993-05-25,,,,,,,,,,,,,
1993-05-26,,,,,,,,,,,,,
1993-05-27,,,,,,,,,,,,,
1993-05-28,,,,,,,,,,,,,
1993-05-29,,,,,,,,,,,,,
1993-05-30,,,,,,,,,,,,,
1993-05-31,,,,,,,,,,,,,
1993-06-01,,,,,,,,,,,,,
1993-06-02,,,,,,,,,,,,,
1993-06-03,,,,,,,,,,,,,
1993-06-04,,,,,,,,,,,,,
1993-06-05,,,,,,,,,,,,,
1993-06-06,,,,,,,,,,,,,
1993-06-07,,,,,,,,,,,,,
1993-06-08,,,,,,,,,,,,,
1993-06-09,,,,,,,,,,,,,
1993-06-10,,,,,,,,,,,,,
1993-06-11,,,,,,,,,,,,,
1993-06-12,,,,,,,,,,,,,
1993-06-13,,,,,,,,,,,,,
1993-06-14,,,,,,,,,,,,,
1993-06-15,,,,,,,,,,,,,
1993-06-16,,,,,,,,,,,,,
1993-06-17,,,,,,,,,,,,,
1993-06-18,,,,,,,,,,,,,
1993-06-19,,,,,,,,,,,,,
1993-06-20,,,,,,,,,,,,,
1993-06-21,,,,,,,,,,,,,
1993-06-22,,,,,,,,,,,,,
1993-06-23,,,,,,,,,,,,,
1993-06-24,,,,,,,,,,,,,
1993-06-25,,,,,,,,,,,,,
1993-06-26,,,,,,,,,,,,,
1993-06-27,,,,,,,,,,,,,
1993-06-28,,,,,,,,,,,,,
1993-06-29,,,,,,,,,,,,,
1993-06-30,,,,,,,,,,,,,
1993-07-01,,,,,,,,,,,,,
1993-07-02,,,,,,,,,,,,,
1993-07-03,,,,,,,,,,,,,
1993-07-04,,,,,,,,,,,,,
1993-07-05,,,,,,,,,,,,,
1993-07-06,,,,,,,,,,,,,
1993-07-07,,,,,,,,,,,,,
1993-07-08,,,,,,,,,,,,,
1993-07-09,,,,,,,,,,,,,
1993-07-10,,,,,,,,,,,,,
1993-07-11,,,,,,,,,,,,,
1993-07-12,,,,,,,,,,,,,
1993-07-13,,,,,,,,,,,,,
1993-07-14,,,,,,,,,,,,,
1993-07-15,,,,,,,,,,,,,
1993-07-16,,,,,,,,,,,,,
1993-07-17,,,,,,,,,,,,,
1993-07-18,,,,,,,,,,,,,
1993-07-19,,,,,,,,,,,,,
1993-07-20,,,,,,,,,,,,,
1993-07-21,,,,,,,,,,,,,
1993-07-22,,,,,,,,,,,,,
1993-07-23,,,,,,,,,,,,,
1993-07-24,,,,,,,,,,,,,
1993-07-25,,,,,,,,,,,,,
1993-07-26,,,,,,,,,,,,,
1993-07-27,,,,,,,,,,,,,
1993-07-28,,,,,,,,,,,,,
1993-07-29,,,,,,,,,,,,,
1993-07-30,,,,,,,,,,,,,
1993-07-31,,,,,,,,,,,,,
1993-08-01,,,,,,,,,,,,,
1993-08-02,,,,,,,,,,,,,
1993-08-03,,,,,,,,,,,,,
1993-08-04,,,,,,,,,,,,,
1993-08-05,,,,,,,,,,,,,
1993-08-06,,,,,,,,,,,,,
1993-08-07,,,,,,,,,,,,,
1993-08-08,,,,,,,,,,,,,
1993-08-09,,,,,,,,,,,,,
1993-08-10,,,,,,,,,,,,,
1993-08-11,,,,,,,,,,,,,
1993-08-12,,,,,,,,,,,,,
1993-08-13,,,,,,,,,,,,,
1993-08-14,,,,,,,,,,,,,
1993-08-15,,,,,,,,,,,,,
1993-08-16,,,,,,,,,,,,,
1993-08-17,,,,,,,,,,,,,
1993-08-18,,,,,,,,,,,,,
1993-08-19,,,,,,,,,,,,,
1993-08-20,,,,,,,,,,,,,
1993-08-21,,,,,,,,,,,,,
1993-08-22,,,,,,,,,,,,,
1993-08-23,,,,,,,,,,,,,
1993-08-24,,,,,,,,,,,,,
1993-08-25,,,,,,,,,,,,,
1993-08-26,,,,,,,,,,,,,
1993-08-27,,,,,,,,,,,,,
1993-08-28,,,,,,,,,,,,,
1993-08-29,,,,,,,,,,,,,
1993-08-30,,,,,,,,,,,,,
1993-08-31,,,,,,,,,,,,,
1993-09-01,,,,,,,,,,,,,
1993-09-02,,,,,,,,,,,,,
1993-09-03,,,,,,,,,,,,,
1993-09-04,,,,,,,,,,,,,
1993-09-05,,,,,,,,,,,,,
1993-09-06,,,,,,,,,,,,,
1993-09-07,,,,,,,,,,,,,
1993-09-08,,,,,,,,,,,,,
1993-09-09,,,,,,,,,,,,,
1993-09-10,,,,,,,,,,,,,
1993-09-11,,,,,,,,,,,,,
1993-09-12,,,,,,,,,,,,,
1993-09-13,,,,,,,,,,,,,
1993-09-14,,,,,,,,,,,,,
1993-09-15,,,,,,,,,,,,,
1993-09-16,,,,,,,,,,,,,
1993-09-17,,,,,,,,,,,,,
1993-09-18,,,,,,,,,,,,,
1993-09-19,,,,,,,,,,,,,
1993-09-20,,,,,,,,,,,,,
1993-09-21,,,,,,,,,,,,,
1993-09-22,,,,,,,,,,,,,
1993-09-23,,,,,,,,,,,,,
1993-09-24,,,,,,,,,,,,,
1993-09-25,,,,,,,,,,,,,
1993-09-26,,,,,,,,,,,,,
1993-09-27,,,,,,,,,,,,,
1993-09-28,,,,,,,,,,,,,
1993-09-29,,,,,,,,,,,,,
1993-09-30,,,,,,,,,,,,,
1993-10-01,,,,,,,,,,,,,
1993-10-02,,,,,,,,,,,,,
1993-10-03,,,,,,,,,,,,,
1993-10-04,,,,,,,,,,,,,
1993-10-05,,,,,,,,,,,,,
1993-10-06,,,,,,,,,,,,,
1993-10-07,,,,,,,,,,,,,
1993-10-08,,,,,,,,,,,,,
1993-10-09,,,,,,,,,,,,,
1993-10-10,,,,,,,,,,,,,
1993-10-11,,,,,,,,,,,,,
1993-10-12,,,,,,,,,,,,,
1993-10-13,,,,,,,,,,,,,
1993-10-14,,,,,,,,,,,,,
1993-10-15,,,,,,,,,,,,,
1993-10-16,,,,,,,,,,,,,
1993-10-17,,,,,,,,,,,,,
1993-10-18,,,,,,,,,,,,,
1993-10-19,,,,,,,,,,,,,
1993-10-20,,,,,,,,,,,,,
1993-10-21,,,,,,,,,,,,,
1993-10-22,,,,,,,,,,,,,
1993-10-23,,,,,,,,,,,,,
1993-10-24,,,,,,,,,,,,,
1993-10-25,,,,,,,,,,,,,
1993-10-26,,,,,,,,,,,,,
1993-10-27,,,,,,,,,,,,,
1993-10-28,,,,,,,,,,,,,
1993-10-29,,,,,,,,,,,,,
1993-10-30,,,,,,,,,,,,,
1993-10-31,,,,,,,,,,,,,
1993-11-01,,,,,,,,,,,,,
1993-11-02,,,,,,,,,,,,,
1993-11-03,,,,,,,,,,,,,
1993-11-04,,,,,,,,,,,,,
1993-11-05,,,,,,,,,,,,,
1993-11-06,,,,,,,,,,,,,
1993-11-07,,,,,,,,,,,,,
1993-11-08,,,,,,,,,,,,,
1993-11-09,,,,,,,,,,,,,
1993-11-10,,,,,,,,,,,,,
1993-11-11,,,,,,,,,,,,,
1993-11-12,,,,,,,,,,,,,
1993-11-13,,,,,,,,,,,,,
1993-11-14,,,,,,,,,,,,,
1993-11-15,,,,,,,,,,,,,
1993-11-16,,,,,,,,,,,,,
1993-11-17,,,,,,,,,,,,,
1993-11-18,,,,,,,,,,,,,
1993-11-19,,,,,,,,,,,,,
1993-11-20,,,,,,,,,,,,,
1993-11-21,,,,,,,,,,,,,
1993-11-22,,,,,,,,,,,,,
1993-11-23,,,,,,,,,,,,,
1993-11-24,,,,,,,,,,,,,
1993-11-25,,,,,,,,,,,,,
1993-11-26,,,,,,,,,,,,,
1993-11-27,,,,,,,,,,,,,
1993-11-28,,,,,,,,,,,,,
1993-11-29,,,,,,,,,,,,,
1993-11-30,,,,,,,,,,,,,
1993-12-01,,,,,,,,,,,,,
1993-12-02,,,,,,,,,,,,,
1993-12-03,,,,,,,,,,,,,
1993-12-04,,,,,,,,,,,,,
1993-12-05,,,,,,,,,,,,,
1993-12-06,,,,,,,,,,,,,
1993-12-07,,,,,,,,,,,,,
1993-12-08,,,,,,,,,,,,,
1993-12-09,,,,,,,,,,,,,
1993-12-10,,,,,,,,,,,,,
1993-12-11,,,,,,,,,,,,,
1993-12-12,,,,,,,,,,,,,
1993-12-13,,,,,,,,,,,,,
1993-12-14,,,,,,,,,,,,,
1993-12-15,,,,,,,,,,,,,
1993-12-16,,,,,,,,,,,,,
1993-12-17,,,,,,,,,,,,,
1993-12-18,,,,,,,,,,,,,
1993-12-19,,,,,,,,,,,,,
1993-12-20,,,,,,,,,,,,,
1993-12-21,,,,,,,,,,,,,
1993-12-22,,,,,,,,,,,,,
1993-12-23,,,,,,,,,,,,,
1993-12-24,,,,,,,,,,,,,
1993-12-25,,,,,,,,,,,,,
1993-12-26,,,,,,,,,,,,,
1993-12-27,,,,,,,,,,,,,
1993-12-28,,,,,,,,,,,,,
1993-12-29,,,,,,,,,,,,,
1993-12-30,,,,,,,,,,,,,
1993-12-31,,,,,,,,,,,,,
1994-01-01,,,,,,,,,,,,,
1994-01-02,,,,,,,,,,,,,
1994-01-03,,,,,,,,,,,,,
1994-01-04,,,,,,,,,,,,,
1994-01-05,,,,,,,,,,,,,
1994-01-06,,,,,,,,,,,,,
1994-01-07,,,,,,,,,,,,,
1994-01-08,,,,,,,,,,,,,
1994-01-09,,,,,,,,,,,,,
1994-01-10,,,,,,,,,,,,,
1994-01-11,,,,,,,,,,,,,
1994-01-12,,,,,,,,,,,,,
1994-01-13,,,,,,,,,,,,,
1994-01-14,,,,,,,,,,,,,
1994-01-15,,,,,,,,,,,,,
1994-01-16,,,,,,,,,,,,,
1994-01-17,,,,,,,,,,,,,
1994-01-18,,,,,,,,,,,,,
1994-01-19,,,,,,,,,,,,,
1994-01-20,,,,,,,,,,,,,
1994-01-21,,,,,,,,,,,,,
1994-01-22,,,,,,,,,,,,,
1994-01-23,,,,,,,,,,,,,
1994-01-24,,,,,,,,,,,,,
1994-01-25,,,,,,,,,,,,,
1994-01-26,,,,,,,,,,,,,
1994-01-27,,,,,,,,,,,,,
1994-01-28,,,,,,,,,,,,,
1994-01-29,,,,,,,,,,,,,
1994-01-30,,,,,,,,,,,,,
1994-01-31,,,,,,,,,,,,,
1994-02-01,,,,,,,,,,,,,
1994-02-02,,,,,,,,,,,,,
1994-02-03,,,,,,,,,,,,,
1994-02-04,,,,,,,,,,,,,
1994-02-05,,,,,,,,,,,,,
1994-02-06,,,,,,,,,,,,,
1994-02-07,,,,,,,,,,,,,
1994-02-08,,,,,,,,,,,,,
1994-02-09,,,,,,,,,,,,,
1994-02-10,,,,,,,,,,,,,
1994-02-11,,,,,,,,,,,,,
1994-02-12,,,,,,,,,,,,,
1994-02-13,,,,,,,,,,,,,
1994-02-14,,,,,,,,,,,,,
1994-02-15,,,,,,,,,,,,,
1994-02-16,,,,,,,,,,,,,
1994-02-17,,,,,,,,,,,,,
1994-02-18,,,,,,,,,,,,,
1994-02-19,,,,,,,,,,,,,
1994-02-20,,,,,,,,,,,,,
1994-02-21,,,,,,,,,,,,,
1994-02-22,,,,,,,,,,,,,
1994-02-23,,,,,,,,,,,,,
1994-02-24,,,,,,,,,,,,,
1994-02-25,,,,,,,,,,,,,
1994-02-26,,,,,,,,,,,,,
1994-02-27,,,,,,,,,,,,,
1994-02-28,,,,,,,,,,,,,
1994-03-01,,,,,,,,,,,,,
1994-03-02,,,,,,,,,,,,,
1994-03-03,,,,,,,,,,,,,
1994-03-04,,,,,,,,,,,,,
1994-03-05,,,,,,,,,,,,,
1994-03-06,,,,,,,,,,,,,
1994-03-07,,,,,,,,,,,,,
1994-03-08,,,,,,,,,,,,,
1994-03-09,,,,,,,,,,,,,
1994-03-10,,,,,,,,,,,,,
1994-03-11,,,,,,,,,,,,,
1994-03-12,,,,,,,,,,,,,
1994-03-13,,,,,,,,,,,,,
1994-03-14,,,,,,,,,,,,,
1994-03-15,,,,,,,,,,,,,
1994-03-16,,,,,,,,,,,,,
1994-03-17,,,,,,,,,,,,,
1994-03-18,,,,,,,,,,,,,
1994-03-19,,,,,,,,,,,,,
1994-03-20,,,,,,,,,,,,,
1994-03-21,,,,,,,,,,,,,
1994-03-22,,,,,,,,,,,,,
1994-03-23,,,,,,,,,,,,,
1994-03-24,,,,,,,,,,,,,
1994-03-25,,,,,,,,,,,,,
1994-03-26,,,,,,,,,,,,,
1994-03-27,,,,,,,,,,,,,
1994-03-28,,,,,,,,,,,,,
1994-03-29,,,,,,,,,,,,,
1994-03-30,,,,,,,,,,,,,
1994-03-31,,,,,,,,,,,,,
1994-04-01,,,,,,,,,,,,,
1994-04-02,,,,,,,,,,,,,
1994-04-03,,,,,,,,,,,,,
1994-04-04,,,,,,,,,,,,,
1994-04-05,,,,,,,,,,,,,
1994-04-06,,,,,,,,,,,,,
1994-04-07,,,,,,,,,,,,,
1994-04-08,,,,,,,,,,,,,
1994-04-09,,,,,,,,,,,,,
1994-04-10,,,,,,,,,,,,,
1994-04-11,,,,,,,,,,,,,
1994-04-12,,,,,,,,,,,,,
1994-04-13,,,,,,,,,,,,,
1994-04-14,,,,,,,,,,,,,
1994-04-15,,,,,,,,,,,,,
1994-04-16,,,,,,,,,,,,,
1994-04-17,,,,,,,,,,,,,
1994-04-18,,,,,,,,,,,,,
1994-04-19,,,,,,,,,,,,,
1994-04-20,,,,,,,,,,,,,
1994-04-21,,,,,,,,,,,,,
1994-04-22,,,,,,,,,,,,,
1994-04-23,,,,,,,,,,,,,
1994-04-24,,,,,,,,,,,,,
1994-04-25,,,,,,,,,,,,,
1994-04-26,,,,,,,,,,,,,
1994-04-27,,,,,,,,,,,,,
1994-04-28,,,,,,,,,,,,,
1994-04-29,,,,,,,,,,,,,
1994-04-30,,,,,,,,,,,,,
1994-05-01,,,,,,,,,,,,,
1994-05-02,,,,,,,,,,,,,
1994-05-03,,,,,,,,,,,,,
1994-05-04,,,,,,,,,,,,,
1994-05-05,,,,,,,,,,,,,
1994-05-06,,,,,,,,,,,,,
1994-05-07,,,,,,,,,,,,,
1994-05-08,,,,,,,,,,,,,
1994-05-09,,,,,,,,,,,,,
1994-05-10,,,,,,,,,,,,,
1994-05-11,,,,,,,,,,,,,
1994-05-12,,,,,,,,,,,,,
1994-05-13,,,,,,,,,,,,,
1994-05-14,,,,,,,,,,,,,
1994-05-15,,,,,,,,,,,,,
1994-05-16,,,,,,,,,,,,,
1994-05-17,,,,,,,,,,,,,
1994-05-18,,,,,,,,,,,,,
1994-05-19,,,,,,,,,,,,,
1994-05-20,,,,,,,,,,,,,
1994-05-21,,,,,,,,,,,,,
1994-05-22,,,,,,,,,,,,,
1994-05-23,,,,,,,,,,,,,
1994-05-24,,,,,,,,,,,,,
1994-05-25,,,,,,,,,,,,,
1994-05-26,,,,,,,,,,,,,
1994-05-27,,,,,,,,,,,,,
1994-05-28,,,,,,,,,,,,,
1994-05-29,,,,,,,,,,,,,
1994-05-30,,,,,,,,,,,,,
1994-05-31,,,,,,,,,,,,,
1994-06-01,,,,,,,,,,,,,
1994-06-02,,,,,,,,,,,,,
1994-06-03,,,,,,,,,,,,,
1994-06-04,,,,,,,,,,,,,
1994-06-05,,,,,,,,,,,,,
1994-06-06,,,,,,,,,,,,,
1994-06-07,,,,,,,,,,,,,
1994-06-08,,,,,,,,,,,,,
1994-06-09,,,,,,,,,,,,,
1994-06-10,,,,,,,,,,,,,
1994-06-11,,,,,,,,,,,,,
1994-06-12,,,,,,,,,,,,,
1994-06-13,,,,,,,,,,,,,
1994-06-14,,,,,,,,,,,,,
1994-06-15,,,,,,,,,,,,,
1994-06-16,,,,,,,,,,,,,
1994-06-17,,,,,,,,,,,,,
1994-06-18,,,,,,,,,,,,,
1994-06-19,,,,,,,,,,,,,
1994-06-20,,,,,,,,,,,,,
1994-06-21,,,,,,,,,,,,,
1994-06-22,,,,,,,,,,,,,
1994-06-23,,,,,,,,,,,,,
1994-06-24,,,,,,,,,,,,,
1994-06-25,,,,,,,,,,,,,
1994-06-26,,,,,,,,,,,,,
1994-06-27,,,,,,,,,,,,,
1994-06-28,,,,,,,,,,,,,
1994-06-29,,,,,,,,,,,,,
1994-06-30,,,,,,,,,,,,,
1994-07-01,,,,,,,,,,,,,
1994-07-02,,,,,,,,,,,,,
1994-07-03,,,,,,,,,,,,,
1994-07-04,,,,,,,,,,,,,
1994-07-05,,,,,,,,,,,,,
1994-07-06,,,,,,,,,,,,,
1994-07-07,,,,,,,,,,,,,
1994-07-08,,,,,,,,,,,,,
1994-07-09,,,,,,,,,,,,,
1994-07-10,,,,,,,,,,,,,
1994-07-11,,,,,,,,,,,,,
1994-07-12,,,,,,,,,,,,,
1994-07-13,,,,,,,,,,,,,
1994-07-14,,,,,,,,,,,,,
1994-07-15,,,,,,,,,,,,,
1994-07-16,,,,,,,,,,,,,
1994-07-17,,,,,,,,,,,,,
1994-07-18,,,,,,,,,,,,,
1994-07-19,,,,,,,,,,,,,
1994-07-20,,,,,,,,,,,,,
1994-07-21,,,,,,,,,,,,,
1994-07-22,,,,,,,,,,,,,
1994-07-23,,,,,,,,,,,,,
1994-07-24,,,,,,,,,,,,,
1994-07-25,,,,,,,,,,,,,
1994-07-26,,,,,,,,,,,,,
1994-07-27,,,,,,,,,,,,,
1994-07-28,,,,,,,,,,,,,
1994-07-29,,,,,,,,,,,,,
1994-07-30,,,,,,,,,,,,,
1994-07-31,,,,,,,,,,,,,
1994-08-01,,,,,,,,,,,,,
1994-08-02,,,,,,,,,,,,,
1994-08-03,,,,,,,,,,,,,
1994-08-04,,,,,,,,,,,,,
1994-08-05,,,,,,,,,,,,,
1994-08-06,,,,,,,,,,,,,
1994-08-07,,,,,,,,,,,,,
1994-08-08,,,,,,,,,,,,,
1994-08-09,,,,,,,,,,,,,
1994-08-10,,,,,,,,,,,,,
1994-08-11,,,,,,,,,,,,,
1994-08-12,,,,,,,,,,,,,
1994-08-13,,,,,,,,,,,,,
1994-08-14,,,,,,,,,,,,,
1994-08-15,,,,,,,,,,,,,
1994-08-16,,,,,,,,,,,,,
1994-08-17,,,,,,,,,,,,,
1994-08-18,,,,,,,,,,,,,
1994-08-19,,,,,,,,,,,,,
1994-08-20,,,,,,,,,,,,,
1994-08-21,,,,,,,,,,,,,
1994-08-22,,,,,,,,,,,,,
1994-08-23,,,,,,,,,,,,,
1994-08-24,,,,,,,,,,,,,
1994-08-25,,,,,,,,,,,,,
1994-08-26,,,,,,,,,,,,,
1994-08-27,,,,,,,,,,,,,
1994-08-28,,,,,,,,,,,,,
1994-08-29,,,,,,,,,,,,,
1994-08-30,,,,,,,,,,,,,
1994-08-31,,,,,,,,,,,,,
1994-09-01,,,,,,,,,,,,,
1994-09-02,,,,,,,,,,,,,
1994-09-03,,,,,,,,,,,,,
1994-09-04,,,,,,,,,,,,,
1994-09-05,,,,,,,,,,,,,
1994-09-06,,,,,,,,,,,,,
1994-09-07,,,,,,,,,,,,,
1994-09-08,,,,,,,,,,,,,
1994-09-09,,,,,,,,,,,,,
1994-09-10,,,,,,,,,,,,,
1994-09-11,,,,,,,,,,,,,
1994-09-12,,,,,,,,,,,,,
1994-09-13,,,,,,,,,,,,,
1994-09-14,,,,,,,,,,,,,
1994-09-15,,,,,,,,,,,,,
1994-09-16,,,,,,,,,,,,,
1994-09-17,,,,,,,,,,,,,
1994-09-18,,,,,,,,,,,,,
1994-09-19,,,,,,,,,,,,,
1994-09-20,,,,,,,,,,,,,
1994-09-21,,,,,,,,,,,,,
1994-09-22,,,,,,,,,,,,,
1994-09-23,,,,,,,,,,,,,
1994-09-24,,,,,,,,,,,,,
1994-09-25,,,,,,,,,,,,,
1994-09-26,,,,,,,,,,,,,
1994-09-27,,,,,,,,,,,,,
1994-09-28,,,,,,,,,,,,,
1994-09-29,,,,,,,,,,,,,
1994-09-30,,,,,,,,,,,,,
1994-10-01,,,,,,,,,,,,,
1994-10-02,,,,,,,,,,,,,
1994-10-03,,,,,,,,,,,,,
1994-10-04,,,,,,,,,,,,,
1994-10-05,,,,,,,,,,,,,
1994-10-06,,,,,,,,,,,,,
1994-10-07,,,,,,,,,,,,,
1994-10-08,,,,,,,,,,,,,
1994-10-09,,,,,,,,,,,,,
1994-10-10,,,,,,,,,,,,,
1994-10-11,,,,,,,,,,,,,
1994-10-12,,,,,,,,,,,,,
1994-10-13,,,,,,,,,,,,,
1994-10-14,,,,,,,,,,,,,
1994-10-15,,,,,,,,,,,,,
1994-10-16,,,,,,,,,,,,,
1994-10-17,,,,,,,,,,,,,
1994-10-18,,,,,,,,,,,,,
1994-10-19,,,,,,,,,,,,,
1994-10-20,,,,,,,,,,,,,
1994-10-21,,,,,,,,,,,,,
1994-10-22,,,,,,,,,,,,,
1994-10-23,,,,,,,,,,,,,
1994-10-24,,,,,,,,,,,,,
1994-10-25,,,,,,,,,,,,,
1994-10-26,,,,,,,,,,,,,
1994-10-27,,,,,,,,,,,,,
1994-10-28,,,,,,,,,,,,,
1994-10-29,,,,,,,,,,,,,
1994-10-30,,,,,,,,,,,,,
1994-10-31,,,,,,,,,,,,,
1994-11-01,,,,,,,,,,,,,
1994-11-02,,,,,,,,,,,,,
1994-11-03,,,,,,,,,,,,,
1994-11-04,,,,,,,,,,,,,
1994-11-05,,,,,,,,,,,,,
1994-11-06,,,,,,,,,,,,,
1994-11-07,,,,,,,,,,,,,
1994-11-08,,,,,,,,,,,,,
1994-11-09,,,,,,,,,,,,,
1994-11-10,,,,,,,,,,,,,
1994-11-11,,,,,,,,,,,,,
1994-11-12,,,,,,,,,,,,,
1994-11-13,,,,,,,,,,,,,
1994-11-14,,,,,,,,,,,,,
1994-11-15,,,,,,,,,,,,,
1994-11-16,,,,,,,,,,,,,
1994-11-17,,,,,,,,,,,,,
1994-11-18,,,,,,,,,,,,,
1994-11-19,,,,,,,,,,,,,
1994-11-20,,,,,,,,,,,,,
1994-11-21,,,,,,,,,,,,,
1994-11-22,,,,,,,,,,,,,
1994-11-23,,,,,,,,,,,,,
1994-11-24,,,,,,,,,,,,,
1994-11-25,,,,,,,,,,,,,
1994-11-26,,,,,,,,,,,,,
1994-11-27,,,,,,,,,,,,,
1994-11-28,,,,,,,,,,,,,
1994-11-29,,,,,,,,,,,,,
1994-11-30,,,,,,,,,,,,,
1994-12-01,,,,,,,,,,,,,
1994-12-02,,,,,,,,,,,,,
1994-12-03,,,,,,,,,,,,,
1994-12-04,,,,,,,,,,,,,
1994-12-05,,,,,,,,,,,,,
1994-12-06,,,,,,,,,,,,,
1994-12-07,,,,,,,,,,,,,
1994-12-08,,,,,,,,,,,,,
1994-12-09,,,,,,,,,,,,,
1994-12-10,,,,,,,,,,,,,
1994-12-11,,,,,,,,,,,,,
1994-12-12,,,,,,,,,,,,,
1994-12-13,,,,,,,,,,,,,
1994-12-14,,,,,,,,,,,,,
1994-12-15,,,,,,,,,,,,,
1994-12-16,,,,,,,,,,,,,
1994-12-17,,,,,,,,,,,,,
1994-12-18,,,,,,,,,,,,,
1994-12-19,,,,,,,,,,,,,
1994-12-20,,,,,,,,,,,,,
1994-12-21,,,,,,,,,,,,,
1994-12-22,,,,,,,,,,,,,
1994-12-23,,,,,,,,,,,,,
1994-12-24,,,,,,,,,,,,,
1994-12-25,,,,,,,,,,,,,
1994-12-26,,,,,,,,,,,,,
1994-12-27,,,,,,,,,,,,,
1994-12-28,,,,,,,,,,,,,
1994-12-29,,,,,,,,,,,,,
1994-12-30,,,,,,,,,,,,,
1994-12-31,,,,,,,,,,,,,
1995-01-01,,,,,,,,,,,,,
1995-01-02,,,,,,,,,,,,,
1995-01-03,,,,,,,,,,,,,
1995-01-04,,,,,,,,,,,,,
1995-01-05,,,,,,,,,,,,,
1995-01-06,,,,,,,,,,,,,
1995-01-07,,,,,,,,,,,,,
1995-01-08,,,,,,,,,,,,,
1995-01-09,,,,,,,,,,,,,
1995-01-10,,,,,,,,,,,,,
1995-01-11,,,,,,,,,,,,,
1995-01-12,,,,,,,,,,,,,
1995-01-13,,,,,,,,,,,,,
1995-01-14,,,,,,,,,,,,,
1995-01-15,,,,,,,,,,,,,
1995-01-16,,,,,,,,,,,,,
1995-01-17,,,,,,,,,,,,,
1995-01-18,,,,,,,,,,,,,
1995-01-19,,,,,,,,,,,,,
1995-01-20,,,,,,,,,,,,,
1995-01-21,,,,,,,,,,,,,
1995-01-22,,,,,,,,,,,,,
1995-01-23,,,,,,,,,,,,,
1995-01-24,,,,,,,,,,,,,
1995-01-25,,,,,,,,,,,,,
1995-01-26,,,,,,,,,,,,,
1995-01-27,,,,,,,,,,,,,
1995-01-28,,,,,,,,,,,,,
1995-01-29,,,,,,,,,,,,,
1995-01-30,,,,,,,,,,,,,
1995-01-31,,,,,,,,,,,,,
1995-02-01,,,,,,,,,,,,,
1995-02-02,,,,,,,,,,,,,
1995-02-03,,,,,,,,,,,,,
1995-02-04,,,,,,,,,,,,,
1995-02-05,,,,,,,,,,,,,
1995-02-06,,,,,,,,,,,,,
1995-02-07,,,,,,,,,,,,,
1995-02-08,,,,,,,,,,,,,
1995-02-09,,,,,,,,,,,,,
1995-02-10,,,,,,,,,,,,,
1995-02-11,,,,,,,,,,,,,
1995-02-12,,,,,,,,,,,,,
1995-02-13,,,,,,,,,,,,,
1995-02-14,,,,,,,,,,,,,
1995-02-15,,,,,,,,,,,,,
1995-02-16,,,,,,,,,,,,,
1995-02-17,,,,,,,,,,,,,
1995-02-18,,,,,,,,,,,,,
1995-02-19,,,,,,,,,,,,,
1995-02-20,,,,,,,,,,,,,
1995-02-21,,,,,,,,,,,,,
1995-02-22,,,,,,,,,,,,,
1995-02-23,,,,,,,,,,,,,
1995-02-24,,,,,,,,,,,,,
1995-02-25,,,,,,,,,,,,,
1995-02-26,,,,,,,,,,,,,
1995-02-27,,,,,,,,,,,,,
1995-02-28,,,,,,,,,,,,,
1995-03-01,,,,,,,,,,,,,
1995-03-02,,,,,,,,,,,,,
1995-03-03,,,,,,,,,,,,,
1995-03-04,,,,,,,,,,,,,
1995-03-05,,,,,,,,,,,,,
1995-03-06,,,,,,,,,,,,,
1995-03-07,,,,,,,,,,,,,
1995-03-08,,,,,,,,,,,,,
1995-03-09,,,,,,,,,,,,,
1995-03-10,,,,,,,,,,,,,
1995-03-11,,,,,,,,,,,,,
1995-03-12,,,,,,,,,,,,,
1995-03-13,,,,,,,,,,,,,
1995-03-14,,,,,,,,,,,,,
1995-03-15,,,,,,,,,,,,,
1995-03-16,,,,,,,,,,,,,
1995-03-17,,,,,,,,,,,,,
1995-03-18,,,,,,,,,,,,,
1995-03-19,,,,,,,,,,,,,
1995-03-20,,,,,,,,,,,,,
1995-03-21,,,,,,,,,,,,,
1995-03-22,,,,,,,,,,,,,
1995-03-23,,,,,,,,,,,,,
1995-03-24,,,,,,,,,,,,,
1995-03-25,,,,,,,,,,,,,
1995-03-26,,,,,,,,,,,,,
1995-03-27,,,,,,,,,,,,,
1995-03-28,,,,,,,,,,,,,
1995-03-29,,,,,,,,,,,,,
1995-03-30,,,,,,,,,,,,,
1995-03-31,,,,,,,,,,,,,
1995-04-01,,,,,,,,,,,,,
1995-04-02,,,,,,,,,,,,,
1995-04-03,,,,,,,,,,,,,
1995-04-04,,,,,,,,,,,,,
1995-04-05,,,,,,,,,,,,,
1995-04-06,,,,,,,,,,,,,
1995-04-07,,,,,,,,,,,,,
1995-04-08,,,,,,,,,,,,,
1995-04-09,,,,,,,,,,,,,
1995-04-10,,,,,,,,,,,,,
1995-04-11,,,,,,,,,,,,,
1995-04-12,,,,,,,,,,,,,
1995-04-13,,,,,,,,,,,,,
1995-04-14,,,,,,,,,,,,,
1995-04-15,,,,,,,,,,,,,
1995-04-16,,,,,,,,,,,,,
1995-04-17,,,,,,,,,,,,,
1995-04-18,,,,,,,,,,,,,
1995-04-19,,,,,,,,,,,,,
1995-04-20,,,,,,,,,,,,,
1995-04-21,,,,,,,,,,,,,
1995-04-22,,,,,,,,,,,,,
1995-04-23,,,,,,,,,,,,,
1995-04-24,,,,,,,,,,,,,
1995-04-25,,,,,,,,,,,,,
1995-04-26,,,,,,,,,,,,,
1995-04-27,,,,,,,,,,,,,
1995-04-28,,,,,,,,,,,,,
1995-04-29,,,,,,,,,,,,,
1995-04-30,,,,,,,,,,,,,
1995-05-01,,,,,,,,,,,,,
1995-05-02,,,,,,,,,,,,,
1995-05-03,,,,,,,,,,,,,
1995-05-04,,,,,,,,,,,,,
1995-05-05,,,,,,,,,,,,,
1995-05-06,,,,,,,,,,,,,
1995-05-07,,,,,,,,,,,,,
1995-05-08,,,,,,,,,,,,,
1995-05-09,,,,,,,,,,,,,
1995-05-10,,,,,,,,,,,,,
1995-05-11,,,,,,,,,,,,,
1995-05-12,,,,,,,,,,,,,
1995-05-13,,,,,,,,,,,,,
1995-05-14,,,,,,,,,,,,,
1995-05-15,,,,,,,,,,,,,
1995-05-16,,,,,,,,,,,,,
1995-05-17,,,,,,,,,,,,,
1995-05-18,,,,,,,,,,,,,
1995-05-19,,,,,,,,,,,,,
1995-05-20,,,,,,,,,,,,,
1995-05-21,,,,,,,,,,,,,
1995-05-22,,,,,,,,,,,,,
1995-05-23,,,,,,,,,,,,,
1995-05-24,,,,,,,,,,,,,
1995-05-25,,,,,,,,,,,,,
1995-05-26,,,,,,,,,,,,,
1995-05-27,,,,,,,,,,,,,
1995-05-28,,,,,,,,,,,,,
1995-05-29,,,,,,,,,,,,,
1995-05-30,,,,,,,,,,,,,
1995-05-31,,,,,,,,,,,,,
1995-06-01,,,,,,,,,,,,,
1995-06-02,,,,,,,,,,,,,
1995-06-03,,,,,,,,,,,,,
1995-06-04,,,,,,,,,,,,,
1995-06-05,,,,,,,,,,,,,
1995-06-06,,,,,,,,,,,,,
1995-06-07,,,,,,,,,,,,,
1995-06-08,,,,,,,,,,,,,
1995-06-09,,,,,,,,,,,,,
1995-06-10,,,,,,,,,,,,,
1995-06-11,,,,,,,,,,,,,
1995-06-12,,,,,,,,,,,,,
1995-06-13,,,,,,,,,,,,,
1995-06-14,,,,,,,,,,,,,
1995-06-15,,,,,,,,,,,,,
1995-06-16,,,,,,,,,,,,,
1995-06-17,,,,,,,,,,,,,
1995-06-18,,,,,,,,,,,,,
1995-06-19,,,,,,,,,,,,,
1995-06-20,,,,,,,,,,,,,
1995-06-21,,,,,,,,,,,,,
1995-06-22,,,,,,,,,,,,,
1995-06-23,,,,,,,,,,,,,
1995-06-24,,,,,,,,,,,,,
1995-06-25,,,,,,,,,,,,,
1995-06-26,,,,,,,,,,,,,
1995-06-27,,,,,,,,,,,,,
1995-06-28,,,,,,,,,,,,,
1995-06-29,,,,,,,,,,,,,
1995-06-30,,,,,,,,,,,,,
1995-07-01,,,,,,,,,,,,,
1995-07-02,,,,,,,,,,,,,
1995-07-03,,,,,,,,,,,,,
1995-07-04,,,,,,,,,,,,,
1995-07-05,,,,,,,,,,,,,
1995-07-06,,,,,,,,,,,,,
1995-07-07,,,,,,,,,,,,,
1995-07-08,,,,,,,,,,,,,
1995-07-09,,,,,,,,,,,,,
1995-07-10,,,,,,,,,,,,,
1995-07-11,,,,,,,,,,,,,
1995-07-12,,,,,,,,,,,,,
1995-07-13,,,,,,,,,,,,,
1995-07-14,,,,,,,,,,,,,
1995-07-15,,,,,,,,,,,,,
1995-07-16,,,,,,,,,,,,,
1995-07-17,,,,,,,,,,,,,
1995-07-18,,,,,,,,,,,,,
1995-07-19,,,,,,,,,,,,,
1995-07-20,,,,,,,,,,,,,
1995-07-21,,,,,,,,,,,,,
1995-07-22,,,,,,,,,,,,,
1995-07-23,,,,,,,,,,,,,
1995-07-24,,,,,,,,,,,,,
1995-07-25,,,,,,,,,,,,,
1995-07-26,,,,,,,,,,,,,
1995-07-27,,,,,,,,,,,,,
1995-07-28,,,,,,,,,,,,,
1995-07-29,,,,,,,,,,,,,
1995-07-30,,,,,,,,,,,,,
1995-07-31,,,,,,,,,,,,,
1995-08-01,,,,,,,,,,,,,
1995-08-02,,,,,,,,,,,,,
1995-08-03,,,,,,,,,,,,,
1995-08-04,,,,,,,,,,,,,
1995-08-05,,,,,,,,,,,,,
1995-08-06,,,,,,,,,,,,,
1995-08-07,,,,,,,,,,,,,
1995-08-08,,,,,,,,,,,,,
1995-08-09,,,,,,,,,,,,,
1995-08-10,,,,,,,,,,,,,
1995-08-11,,,,,,,,,,,,,
1995-08-12,,,,,,,,,,,,,
1995-08-13,,,,,,,,,,,,,
1995-08-14,,,,,,,,,,,,,
1995-08-15,,,,,,,,,,,,,
1995-08-16,,,,,,,,,,,,,
1995-08-17,,,,,,,,,,,,,
1995-08-18,,,,,,,,,,,,,
1995-08-19,,,,,,,,,,,,,
1995-08-20,,,,,,,,,,,,,
1995-08-21,,,,,,,,,,,,,
1995-08-22,,,,,,,,,,,,,
1995-08-23,,,,,,,,,,,,,
1995-08-24,,,,,,,,,,,,,
1995-08-25,,,,,,,,,,,,,
1995-08-26,,,,,,,,,,,,,
1995-08-27,,,,,,,,,,,,,
1995-08-28,,,,,,,,,,,,,
1995-08-29,,,,,,,,,,,,,
1995-08-30,,,,,,,,,,,,,
1995-08-31,,,,,,,,,,,,,
1995-09-01,,,,,,,,,,,,,
1995-09-02,,,,,,,,,,,,,
1995-09-03,,,,,,,,,,,,,
1995-09-04,,,,,,,,,,,,,
1995-09-05,,,,,,,,,,,,,
1995-09-06,,,,,,,,,,,,,
1995-09-07,,,,,,,,,,,,,
1995-09-08,,,,,,,,,,,,,
1995-09-09,,,,,,,,,,,,,
1995-09-10,,,,,,,,,,,,,
1995-09-11,,,,,,,,,,,,,
1995-09-12,,,,,,,,,,,,,
1995-09-13,,,,,,,,,,,,,
1995-09-14,,,,,,,,,,,,,
1995-09-15,,,,,,,,,,,,,
1995-09-16,,,,,,,,,,,,,
1995-09-17,,,,,,,,,,,,,
1995-09-18,,,,,,,,,,,,,
1995-09-19,,,,,,,,,,,,,
1995-09-20,,,,,,,,,,,,,
1995-09-21,,,,,,,,,,,,,
1995-09-22,,,,,,,,,,,,,
1995-09-23,,,,,,,,,,,,,
1995-09-24,,,,,,,,,,,,,
1995-09-25,,,,,,,,,,,,,
1995-09-26,,,,,,,,,,,,,
1995-09-27,,,,,,,,,,,,,
1995-09-28,,,,,,,,,,,,,
1995-09-29,,,,,,,,,,,,,
1995-09-30,,,,,,,,,,,,,
1995-10-01,,,,,,,,,,,,,
1995-10-02,,,,,,,,,,,,,
1995-10-03,,,,,,,,,,,,,
1995-10-04,,,,,,,,,,,,,
1995-10-05,,,,,,,,,,,,,
1995-10-06,,,,,,,,,,,,,
1995-10-07,,,,,,,,,,,,,
1995-10-08,,,,,,,,,,,,,
1995-10-09,,,,,,,,,,,,,
1995-10-10,,,,,,,,,,,,,
1995-10-11,,,,,,,,,,,,,
1995-10-12,,,,,,,,,,,,,
1995-10-13,,,,,,,,,,,,,
1995-10-14,,,,,,,,,,,,,
1995-10-15,,,,,,,,,,,,,
1995-10-16,,,,,,,,,,,,,
1995-10-17,,,,,,,,,,,,,
1995-10-18,,,,,,,,,,,,,
1995-10-19,,,,,,,,,,,,,
1995-10-20,,,,,,,,,,,,,
1995-10-21,,,,,,,,,,,,,
1995-10-22,,,,,,,,,,,,,
1995-10-23,,,,,,,,,,,,,
1995-10-24,,,,,,,,,,,,,
1995-10-25,,,,,,,,,,,,,
1995-10-26,,,,,,,,,,,,,
1995-10-27,,,,,,,,,,,,,
1995-10-28,,,,,,,,,,,,,
1995-10-29,,,,,,,,,,,,,
1995-10-30,,,,,,,,,,,,,
1995-10-31,,,,,,,,,,,,,
1995-11-01,,,,,,,,,,,,,
1995-11-02,,,,,,,,,,,,,
1995-11-03,,,,,,,,,,,,,
1995-11-04,,,,,,,,,,,,,
1995-11-05,,,,,,,,,,,,,
1995-11-06,,,,,,,,,,,,,
1995-11-07,,,,,,,,,,,,,
1995-11-08,,,,,,,,,,,,,
1995-11-09,,,,,,,,,,,,,
1995-11-10,,,,,,,,,,,,,
1995-11-11,,,,,,,,,,,,,
1995-11-12,,,,,,,,,,,,,
1995-11-13,,,,,,,,,,,,,
1995-11-14,,,,,,,,,,,,,
1995-11-15,,,,,,,,,,,,,
1995-11-16,,,,,,,,,,,,,
1995-11-17,,,,,,,,,,,,,
1995-11-18,,,,,,,,,,,,,
1995-11-19,,,,,,,,,,,,,
1995-11-20,,,,,,,,,,,,,
1995-11-21,,,,,,,,,,,,,
1995-11-22,,,,,,,,,,,,,
1995-11-23,,,,,,,,,,,,,
1995-11-24,,,,,,,,,,,,,
1995-11-25,,,,,,,,,,,,,
1995-11-26,,,,,,,,,,,,,
1995-11-27,,,,,,,,,,,,,
1995-11-28,,,,,,,,,,,,,
1995-11-29,,,,,,,,,,,,,
1995-11-30,,,,,,,,,,,,,
1995-12-01,,,,,,,,,,,,,
1995-12-02,,,,,,,,,,,,,
1995-12-03,,,,,,,,,,,,,
1995-12-04,,,,,,,,,,,,,
1995-12-05,,,,,,,,,,,,,
1995-12-06,,,,,,,,,,,,,
1995-12-07,,,,,,,,,,,,,
1995-12-08,,,,,,,,,,,,,
1995-12-09,,,,,,,,,,,,,
1995-12-10,,,,,,,,,,,,,
1995-12-11,,,,,,,,,,,,,
1995-12-12,,,,,,,,,,,,,
1995-12-13,,,,,,,,,,,,,
1995-12-14,,,,,,,,,,,,,
1995-12-15,,,,,,,,,,,,,
1995-12-16,,,,,,,,,,,,,
1995-12-17,,,,,,,,,,,,,
1995-12-18,,,,,,,,,,,,,
1995-12-19,,,,,,,,,,,,,
1995-12-20,,,,,,,,,,,,,
1995-12-21,,,,,,,,,,,,,
1995-12-22,,,,,,,,,,,,,
1995-12-23,,,,,,,,,,,,,
1995-12-24,,,,,,,,,,,,,
1995-12-25,,,,,,,,,,,,,
1995-12-26,,,,,,,,,,,,,
1995-12-27,,,,,,,,,,,,,
1995-12-28,,,,,,,,,,,,,
1995-12-29,,,,,,,,,,,,,
1995-12-30,,,,,,,,,,,,,
1995-12-31,,,,,,,,,,,,,
1996-01-01,,,,,,,,,,,,,
1996-01-02,,,,,,,,,,,,,
1996-01-03,,,,,,,,,,,,,
1996-01-04,,,,,,,,,,,,,
1996-01-05,,,,,,,,,,,,,
1996-01-06,,,,,,,,,,,,,
1996-01-07,,,,,,,,,,,,,
1996-01-08,,,,,,,,,,,,,
1996-01-09,,,,,,,,,,,,,
1996-01-10,,,,,,,,,,,,,
1996-01-11,,,,,,,,,,,,,
1996-01-12,,,,,,,,,,,,,
1996-01-13,,,,,,,,,,,,,
1996-01-14,,,,,,,,,,,,,
1996-01-15,,,,,,,,,,,,,
1996-01-16,,,,,,,,,,,,,
1996-01-17,,,,,,,,,,,,,
1996-01-18,,,,,,,,,,,,,
1996-01-19,,,,,,,,,,,,,
1996-01-20,,,,,,,,,,,,,
1996-01-21,,,,,,,,,,,,,
1996-01-22,,,,,,,,,,,,,
1996-01-23,,,,,,,,,,,,,
1996-01-24,,,,,,,,,,,,,
1996-01-25,,,,,,,,,,,,,
1996-01-26,,,,,,,,,,,,,
1996-01-27,,,,,,,,,,,,,
1996-01-28,,,,,,,,,,,,,
1996-01-29,,,,,,,,,,,,,
1996-01-30,,,,,,,,,,,,,
1996-01-31,,,,,,,,,,,,,
1996-02-01,,,,,,,,,,,,,
1996-02-02,,,,,,,,,,,,,
1996-02-03,,,,,,,,,,,,,
1996-02-04,,,,,,,,,,,,,
1996-02-05,,,,,,,,,,,,,
1996-02-06,,,,,,,,,,,,,
1996-02-07,,,,,,,,,,,,,
1996-02-08,,,,,,,,,,,,,
1996-02-09,,,,,,,,,,,,,
1996-02-10,,,,,,,,,,,,,
1996-02-11,,,,,,,,,,,,,
1996-02-12,,,,,,,,,,,,,
1996-02-13,,,,,,,,,,,,,
1996-02-14,,,,,,,,,,,,,
1996-02-15,,,,,,,,,,,,,
1996-02-16,,,,,,,,,,,,,
1996-02-17,,,,,,,,,,,,,
1996-02-18,,,,,,,,,,,,,
1996-02-19,,,,,,,,,,,,,
1996-02-20,,,,,,,,,,,,,
1996-02-21,,,,,,,,,,,,,
1996-02-22,,,,,,,,,,,,,
1996-02-23,,,,,,,,,,,,,
1996-02-24,,,,,,,,,,,,,
1996-02-25,,,,,,,,,,,,,
1996-02-26,,,,,,,,,,,,,
1996-02-27,,,,,,,,,,,,,
1996-02-28,,,,,,,,,,,,,
1996-02-29,,,,,,,,,,,,,
1996-03-01,,,,,,,,,,,,,
1996-03-02,,,,,,,,,,,,,
1996-03-03,,,,,,,,,,,,,
1996-03-04,,,,,,,,,,,,,
1996-03-05,,,,,,,,,,,,,
1996-03-06,,,,,,,,,,,,,
1996-03-07,,,,,,,,,,,,,
1996-03-08,,,,,,,,,,,,,
1996-03-09,,,,,,,,,,,,,
1996-03-10,,,,,,,,,,,,,
1996-03-11,,,,,,,,,,,,,
1996-03-12,,,,,,,,,,,,,
1996-03-13,,,,,,,,,,,,,
1996-03-14,,,,,,,,,,,,,
1996-03-15,,,,,,,,,,,,,
1996-03-16,,,,,,,,,,,,,
1996-03-17,,,,,,,,,,,,,
1996-03-18,,,,,,,,,,,,,
1996-03-19,,,,,,,,,,,,,
1996-03-20,,,,,,,,,,,,,
1996-03-21,,,,,,,,,,,,,
1996-03-22,,,,,,,,,,,,,
1996-03-23,,,,,,,,,,,,,
1996-03-24,,,,,,,,,,,,,
1996-03-25,,,,,,,,,,,,,
1996-03-26,,,,,,,,,,,,,
1996-03-27,,,,,,,,,,,,,
1996-03-28,,,,,,,,,,,,,
1996-03-29,,,,,,,,,,,,,
1996-03-30,,,,,,,,,,,,,
1996-03-31,,,,,,,,,,,,,
1996-04-01,,,,,,,,,,,,,
1996-04-02,,,,,,,,,,,,,
1996-04-03,,,,,,,,,,,,,
1996-04-04,,,,,,,,,,,,,
1996-04-05,,,,,,,,,,,,,
1996-04-06,,,,,,,,,,,,,
1996-04-07,,,,,,,,,,,,,
1996-04-08,,,,,,,,,,,,,
1996-04-09,,,,,,,,,,,,,
1996-04-10,,,,,,,,,,,,,
1996-04-11,,,,,,,,,,,,,
1996-04-12,,,,,,,,,,,,,
1996-04-13,,,,,,,,,,,,,
1996-04-14,,,,,,,,,,,,,
1996-04-15,,,,,,,,,,,,,
1996-04-16,,,,,,,,,,,,,
1996-04-17,,,,,,,,,,,,,
1996-04-18,,,,,,,,,,,,,
1996-04-19,,,,,,,,,,,,,
1996-04-20,,,,,,,,,,,,,
1996-04-21,,,,,,,,,,,,,
1996-04-22,,,,,,,,,,,,,
1996-04-23,,,,,,,,,,,,,
1996-04-24,,,,,,,,,,,,,
1996-04-25,,,,,,,,,,,,,
1996-04-26,,,,,,,,,,,,,
1996-04-27,,,,,,,,,,,,,
1996-04-28,,,,,,,,,,,,,
1996-04-29,,,,,,,,,,,,,
1996-04-30,,,,,,,,,,,,,
1996-05-01,,,,,,,,,,,,,
1996-05-02,,,,,,,,,,,,,
1996-05-03,,,,,,,,,,,,,
1996-05-04,,,,,,,,,,,,,
1996-05-05,,,,,,,,,,,,,
1996-05-06,,,,,,,,,,,,,
1996-05-07,,,,,,,,,,,,,
1996-05-08,,,,,,,,,,,,,
1996-05-09,,,,,,,,,,,,,
1996-05-10,,,,,,,,,,,,,
1996-05-11,,,,,,,,,,,,,
1996-05-12,,,,,,,,,,,,,
1996-05-13,,,,,,,,,,,,,
1996-05-14,,,,,,,,,,,,,
1996-05-15,,,,,,,,,,,,,
1996-05-16,,,,,,,,,,,,,
1996-05-17,,,,,,,,,,,,,
1996-05-18,,,,,,,,,,,,,
1996-05-19,,,,,,,,,,,,,
1996-05-20,,,,,,,,,,,,,
1996-05-21,,,,,,,,,,,,,
1996-05-22,,,,,,,,,,,,,
1996-05-23,,,,,,,,,,,,,
1996-05-24,,,,,,,,,,,,,
1996-05-25,,,,,,,,,,,,,
1996-05-26,,,,,,,,,,,,,
1996-05-27,,,,,,,,,,,,,
1996-05-28,,,,,,,,,,,,,
1996-05-29,,,,,,,,,,,,,
1996-05-30,,,,,,,,,,,,,
1996-05-31,,,,,,,,,,,,,
1996-06-01,,,,,,,,,,,,,
1996-06-02,,,,,,,,,,,,,
1996-06-03,,,,,,,,,,,,,
1996-06-04,,,,,,,,,,,,,
1996-06-05,,,,,,,,,,,,,
1996-06-06,,,,,,,,,,,,,
1996-06-07,,,,,,,,,,,,,
1996-06-08,,,,,,,,,,,,,
1996-06-09,,,,,,,,,,,,,
1996-06-10,,,,,,,,,,,,,
1996-06-11,,,,,,,,,,,,,
1996-06-12,,,,,,,,,,,,,
1996-06-13,,,,,,,,,,,,,
1996-06-14,,,,,,,,,,,,,
1996-06-15,,,,,,,,,,,,,
1996-06-16,,,,,,,,,,,,,
1996-06-17,,,,,,,,,,,,,
1996-06-18,,,,,,,,,,,,,
1996-06-19,,,,,,,,,,,,,
1996-06-20,,,,,,,,,,,,,
1996-06-21,,,,,,,,,,,,,
1996-06-22,,,,,,,,,,,,,
1996-06-23,,,,,,,,,,,,,
1996-06-24,,,,,,,,,,,,,
1996-06-25,,,,,,,,,,,,,
1996-06-26,,,,,,,,,,,,,
1996-06-27,,,,,,,,,,,,,
1996-06-28,,,,,,,,,,,,,
1996-06-29,,,,,,,,,,,,,
1996-06-30,,,,,,,,,,,,,
1996-07-01,,,,,,,,,,,,,
1996-07-02,,,,,,,,,,,,,
1996-07-03,,,,,,,,,,,,,
1996-07-04,,,,,,,,,,,,,
1996-07-05,,,,,,,,,,,,,
1996-07-06,,,,,,,,,,,,,
1996-07-07,,,,,,,,,,,,,
1996-07-08,,,,,,,,,,,,,
1996-07-09,,,,,,,,,,,,,
1996-07-10,,,,,,,,,,,,,
1996-07-11,,,,,,,,,,,,,
1996-07-12,,,,,,,,,,,,,
1996-07-13,,,,,,,,,,,,,
1996-07-14,,,,,,,,,,,,,
1996-07-15,,,,,,,,,,,,,
1996-07-16,,,,,,,,,,,,,
1996-07-17,,,,,,,,,,,,,
1996-07-18,,,,,,,,,,,,,
1996-07-19,,,,,,,,,,,,,
1996-07-20,,,,,,,,,,,,,
1996-07-21,,,,,,,,,,,,,
1996-07-22,,,,,,,,,,,,,
1996-07-23,,,,,,,,,,,,,
1996-07-24,,,,,,,,,,,,,
1996-07-25,,,,,,,,,,,,,
1996-07-26,,,,,,,,,,,,,
1996-07-27,,,,,,,,,,,,,
1996-07-28,,,,,,,,,,,,,
1996-07-29,,,,,,,,,,,,,
1996-07-30,,,,,,,,,,,,,
1996-07-31,,,,,,,,,,,,,
1996-08-01,,,,,,,,,,,,,
1996-08-02,,,,,,,,,,,,,
1996-08-03,,,,,,,,,,,,,
1996-08-04,,,,,,,,,,,,,
1996-08-05,,,,,,,,,,,,,
1996-08-06,,,,,,,,,,,,,
1996-08-07,,,,,,,,,,,,,
1996-08-08,,,,,,,,,,,,,
1996-08-09,,,,,,,,,,,,,
1996-08-10,,,,,,,,,,,,,
1996-08-11,,,,,,,,,,,,,
1996-08-12,,,,,,,,,,,,,
1996-08-13,,,,,,,,,,,,,
1996-08-14,,,,,,,,,,,,,
1996-08-15,,,,,,,,,,,,,
1996-08-16,,,,,,,,,,,,,
1996-08-17,,,,,,,,,,,,,
1996-08-18,,,,,,,,,,,,,
1996-08-19,,,,,,,,,,,,,
1996-08-20,,,,,,,,,,,,,
1996-08-21,,,,,,,,,,,,,
1996-08-22,,,,,,,,,,,,,
1996-08-23,,,,,,,,,,,,,
1996-08-24,,,,,,,,,,,,,
1996-08-25,,,,,,,,,,,,,
1996-08-26,,,,,,,,,,,,,
1996-08-27,,,,,,,,,,,,,
1996-08-28,,,,,,,,,,,,,
1996-08-29,,,,,,,,,,,,,
1996-08-30,,,,,,,,,,,,,
1996-08-31,,,,,,,,,,,,,
1996-09-01,,,,,,,,,,,,,
1996-09-02,,,,,,,,,,,,,
1996-09-03,,,,,,,,,,,,,
1996-09-04,,,,,,,,,,,,,
1996-09-05,,,,,,,,,,,,,
1996-09-06,,,,,,,,,,,,,
1996-09-07,,,,,,,,,,,,,
1996-09-08,,,,,,,,,,,,,
1996-09-09,,,,,,,,,,,,,
1996-09-10,,,,,,,,,,,,,
1996-09-11,,,,,,,,,,,,,
1996-09-12,,,,,,,,,,,,,
1996-09-13,,,,,,,,,,,,,
1996-09-14,,,,,,,,,,,,,
1996-09-15,,,,,,,,,,,,,
1996-09-16,,,,,,,,,,,,,
1996-09-17,,,,,,,,,,,,,
1996-09-18,,,,,,,,,,,,,
1996-09-19,,,,,,,,,,,,,
1996-09-20,,,,,,,,,,,,,
1996-09-21,,,,,,,,,,,,,
1996-09-22,,,,,,,,,,,,,
1996-09-23,,,,,,,,,,,,,
1996-09-24,,,,,,,,,,,,,
1996-09-25,,,,,,,,,,,,,
1996-09-26,,,,,,,,,,,,,
1996-09-27,,,,,,,,,,,,,
1996-09-28,,,,,,,,,,,,,
1996-09-29,,,,,,,,,,,,,
1996-09-30,,,,,,,,,,,,,
1996-10-01,,,,,,,,,,,,,
1996-10-02,,,,,,,,,,,,,
1996-10-03,,,,,,,,,,,,,
1996-10-04,,,,,,,,,,,,,
1996-10-05,,,,,,,,,,,,,
1996-10-06,,,,,,,,,,,,,
1996-10-07,,,,,,,,,,,,,
1996-10-08,,,,,,,,,,,,,
1996-10-09,,,,,,,,,,,,,
1996-10-10,,,,,,,,,,,,,
1996-10-11,,,,,,,,,,,,,
1996-10-12,,,,,,,,,,,,,
1996-10-13,,,,,,,,,,,,,
1996-10-14,,,,,,,,,,,,,
1996-10-15,,,,,,,,,,,,,
1996-10-16,,,,,,,,,,,,,
1996-10-17,,,,,,,,,,,,,
1996-10-18,,,,,,,,,,,,,
1996-10-19,,,,,,,,,,,,,
1996-10-20,,,,,,,,,,,,,
1996-10-21,,,,,,,,,,,,,
1996-10-22,,,,,,,,,,,,,
1996-10-23,,,,,,,,,,,,,
1996-10-24,,,,,,,,,,,,,
1996-10-25,,,,,,,,,,,,,
1996-10-26,,,,,,,,,,,,,
1996-10-27,,,,,,,,,,,,,
1996-10-28,,,,,,,,,,,,,
1996-10-29,,,,,,,,,,,,,
1996-10-30,,,,,,,,,,,,,
1996-10-31,,,,,,,,,,,,,
1996-11-01,,,,,,,,,,,,,
1996-11-02,,,,,,,,,,,,,
1996-11-03,,,,,,,,,,,,,
1996-11-04,,,,,,,,,,,,,
1996-11-05,,,,,,,,,,,,,
1996-11-06,,,,,,,,,,,,,
1996-11-07,,,,,,,,,,,,,
1996-11-08,,,,,,,,,,,,,
1996-11-09,,,,,,,,,,,,,
1996-11-10,,,,,,,,,,,,,
1996-11-11,,,,,,,,,,,,,
1996-11-12,,,,,,,,,,,,,
1996-11-13,,,,,,,,,,,,,
1996-11-14,,,,,,,,,,,,,
1996-11-15,,,,,,,,,,,,,
1996-11-16,,,,,,,,,,,,,
1996-11-17,,,,,,,,,,,,,
1996-11-18,,,,,,,,,,,,,
1996-11-19,,,,,,,,,,,,,
1996-11-20,,,,,,,,,,,,,
1996-11-21,,,,,,,,,,,,,
1996-11-22,,,,,,,,,,,,,
1996-11-23,,,,,,,,,,,,,
1996-11-24,,,,,,,,,,,,,
1996-11-25,,,,,,,,,,,,,
1996-11-26,,,,,,,,,,,,,
1996-11-27,,,,,,,,,,,,,
1996-11-28,,,,,,,,,,,,,
1996-11-29,,,,,,,,,,,,,
1996-11-30,,,,,,,,,,,,,
1996-12-01,,,,,,,,,,,,,
1996-12-02,,,,,,,,,,,,,
1996-12-03,,,,,,,,,,,,,
1996-12-04,,,,,,,,,,,,,
1996-12-05,,,,,,,,,,,,,
1996-12-06,,,,,,,,,,,,,
1996-12-07,,,,,,,,,,,,,
1996-12-08,,,,,,,,,,,,,
1996-12-09,,,,,,,,,,,,,
1996-12-10,,,,,,,,,,,,,
1996-12-11,,,,,,,,,,,,,
1996-12-12,,,,,,,,,,,,,
1996-12-13,,,,,,,,,,,,,
1996-12-14,,,,,,,,,,,,,
1996-12-15,,,,,,,,,,,,,
1996-12-16,,,,,,,,,,,,,
1996-12-17,,,,,,,,,,,,,
1996-12-18,,,,,,,,,,,,,
1996-12-19,,,,,,,,,,,,,
1996-12-20,,,,,,,,,,,,,
1996-12-21,,,,,,,,,,,,,
1996-12-22,,,,,,,,,,,,,
1996-12-23,,,,,,,,,,,,,
1996-12-24,,,,,,,,,,,,,
1996-12-25,,,,,,,,,,,,,
1996-12-26,,,,,,,,,,,,,
1996-12-27,,,,,,,,,,,,,
1996-12-28,,,,,,,,,,,,,
1996-12-29,,,,,,,,,,,,,
1996-12-30,,,,,,,,,,,,,
1996-12-31,,,,,,,,,,,,,
1997-01-01,,,,,,,,,,,,,
1997-01-02,,,,,,,,,,,,,
1997-01-03,,,,,,,,,,,,,
1997-01-04,,,,,,,,,,,,,
1997-01-05,,,,,,,,,,,,,
1997-01-06,,,,,,,,,,,,,
1997-01-07,,,,,,,,,,,,,
1997-01-08,,,,,,,,,,,,,
1997-01-09,,,,,,,,,,,,,
1997-01-10,,,,,,,,,,,,,
1997-01-11,,,,,,,,,,,,,
1997-01-12,,,,,,,,,,,,,
1997-01-13,,,,,,,,,,,,,
1997-01-14,,,,,,,,,,,,,
1997-01-15,,,,,,,,,,,,,
1997-01-16,,,,,,,,,,,,,
1997-01-17,,,,,,,,,,,,,
1997-01-18,,,,,,,,,,,,,
1997-01-19,,,,,,,,,,,,,
1997-01-20,,,,,,,,,,,,,
1997-01-21,,,,,,,,,,,,,
1997-01-22,,,,,,,,,,,,,
1997-01-23,,,,,,,,,,,,,
1997-01-24,,,,,,,,,,,,,
1997-01-25,,,,,,,,,,,,,
1997-01-26,,,,,,,,,,,,,
1997-01-27,,,,,,,,,,,,,
1997-01-28,,,,,,,,,,,,,
1997-01-29,,,,,,,,,,,,,
1997-01-30,,,,,,,,,,,,,
1997-01-31,,,,,,,,,,,,,
1997-02-01,,,,,,,,,,,,,
1997-02-02,,,,,,,,,,,,,
1997-02-03,,,,,,,,,,,,,
1997-02-04,,,,,,,,,,,,,
1997-02-05,,,,,,,,,,,,,
1997-02-06,,,,,,,,,,,,,
1997-02-07,,,,,,,,,,,,,
1997-02-08,,,,,,,,,,,,,
1997-02-09,,,,,,,,,,,,,
1997-02-10,,,,,,,,,,,,,
1997-02-11,,,,,,,,,,,,,
1997-02-12,,,,,,,,,,,,,
1997-02-13,,,,,,,,,,,,,
1997-02-14,,,,,,,,,,,,,
1997-02-15,,,,,,,,,,,,,
1997-02-16,,,,,,,,,,,,,
1997-02-17,,,,,,,,,,,,,
1997-02-18,,,,,,,,,,,,,
1997-02-19,,,,,,,,,,,,,
1997-02-20,,,,,,,,,,,,,
1997-02-21,,,,,,,,,,,,,
1997-02-22,,,,,,,,,,,,,
1997-02-23,,,,,,,,,,,,,
1997-02-24,,,,,,,,,,,,,
1997-02-25,,,,,,,,,,,,,
1997-02-26,,,,,,,,,,,,,
1997-02-27,,,,,,,,,,,,,
1997-02-28,,,,,,,,,,,,,
1997-03-01,,,,,,,,,,,,,
1997-03-02,,,,,,,,,,,,,
1997-03-03,,,,,,,,,,,,,
1997-03-04,,,,,,,,,,,,,
1997-03-05,,,,,,,,,,,,,
1997-03-06,,,,,,,,,,,,,
1997-03-07,,,,,,,,,,,,,
1997-03-08,,,,,,,,,,,,,
1997-03-09,,,,,,,,,,,,,
1997-03-10,,,,,,,,,,,,,
1997-03-11,,,,,,,,,,,,,
1997-03-12,,,,,,,,,,,,,
1997-03-13,,,,,,,,,,,,,
1997-03-14,,,,,,,,,,,,,
1997-03-15,,,,,,,,,,,,,
1997-03-16,,,,,,,,,,,,,
1997-03-17,,,,,,,,,,,,,
1997-03-18,,,,,,,,,,,,,
1997-03-19,,,,,,,,,,,,,
1997-03-20,,,,,,,,,,,,,
1997-03-21,,,,,,,,,,,,,
1997-03-22,,,,,,,,,,,,,
1997-03-23,,,,,,,,,,,,,
1997-03-24,,,,,,,,,,,,,
1997-03-25,,,,,,,,,,,,,
1997-03-26,,,,,,,,,,,,,
1997-03-27,,,,,,,,,,,,,
1997-03-28,,,,,,,,,,,,,
1997-03-29,,,,,,,,,,,,,
1997-03-30,,,,,,,,,,,,,
1997-03-31,,,,,,,,,,,,,
1997-04-01,,,,,,,,,,,,,
1997-04-02,,,,,,,,,,,,,
1997-04-03,,,,,,,,,,,,,
1997-04-04,,,,,,,,,,,,,
1997-04-05,,,,,,,,,,,,,
1997-04-06,,,,,,,,,,,,,
1997-04-07,,,,,,,,,,,,,
1997-04-08,,,,,,,,,,,,,
1997-04-09,,,,,,,,,,,,,
1997-04-10,,,,,,,,,,,,,
1997-04-11,,,,,,,,,,,,,
1997-04-12,,,,,,,,,,,,,
1997-04-13,,,,,,,,,,,,,
1997-04-14,,,,,,,,,,,,,
1997-04-15,,,,,,,,,,,,,
1997-04-16,,,,,,,,,,,,,
1997-04-17,,,,,,,,,,,,,
1997-04-18,,,,,,,,,,,,,
1997-04-19,,,,,,,,,,,,,
1997-04-20,,,,,,,,,,,,,
1997-04-21,,,,,,,,,,,,,
1997-04-22,,,,,,,,,,,,,
1997-04-23,,,,,,,,,,,,,
1997-04-24,,,,,,,,,,,,,
1997-04-25,,,,,,,,,,,,,
1997-04-26,,,,,,,,,,,,,
1997-04-27,,,,,,,,,,,,,
1997-04-28,,,,,,,,,,,,,
1997-04-29,,,,,,,,,,,,,
1997-04-30,,,,,,,,,,,,,
1997-05-01,,,,,,,,,,,,,
1997-05-02,,,,,,,,,,,,,
1997-05-03,,,,,,,,,,,,,
1997-05-04,,,,,,,,,,,,,
1997-05-05,,,,,,,,,,,,,
1997-05-06,,,,,,,,,,,,,
1997-05-07,,,,,,,,,,,,,
1997-05-08,,,,,,,,,,,,,
1997-05-09,,,,,,,,,,,,,
1997-05-10,,,,,,,,,,,,,
1997-05-11,,,,,,,,,,,,,
1997-05-12,,,,,,,,,,,,,
1997-05-13,,,,,,,,,,,,,
1997-05-14,,,,,,,,,,,,,
1997-05-15,,,,,,,,,,,,,
1997-05-16,,,,,,,,,,,,,
1997-05-17,,,,,,,,,,,,,
1997-05-18,,,,,,,,,,,,,
1997-05-19,,,,,,,,,,,,,
1997-05-20,,,,,,,,,,,,,
1997-05-21,,,,,,,,,,,,,
1997-05-22,,,,,,,,,,,,,
1997-05-23,,,,,,,,,,,,,
1997-05-24,,,,,,,,,,,,,
1997-05-25,,,,,,,,,,,,,
1997-05-26,,,,,,,,,,,,,
1997-05-27,,,,,,,,,,,,,
1997-05-28,,,,,,,,,,,,,
1997-05-29,,,,,,,,,,,,,
1997-05-30,,,,,,,,,,,,,
1997-05-31,,,,,,,,,,,,,
1997-06-01,,,,,,,,,,,,,
1997-06-02,,,,,,,,,,,,,
1997-06-03,,,,,,,,,,,,,
1997-06-04,,,,,,,,,,,,,
1997-06-05,,,,,,,,,,,,,
1997-06-06,,,,,,,,,,,,,
1997-06-07,,,,,,,,,,,,,
1997-06-08,,,,,,,,,,,,,
1997-06-09,,,,,,,,,,,,,
1997-06-10,,,,,,,,,,,,,
1997-06-11,,,,,,,,,,,,,
1997-06-12,,,,,,,,,,,,,
1997-06-13,,,,,,,,,,,,,
1997-06-14,,,,,,,,,,,,,
1997-06-15,,,,,,,,,,,,,
1997-06-16,,,,,,,,,,,,,
1997-06-17,,,,,,,,,,,,,
1997-06-18,,,,,,,,,,,,,
1997-06-19,,,,,,,,,,,,,
1997-06-20,,,,,,,,,,,,,
1997-06-21,,,,,,,,,,,,,
1997-06-22,,,,,,,,,,,,,
1997-06-23,,,,,,,,,,,,,
1997-06-24,,,,,,,,,,,,,
1997-06-25,,,,,,,,,,,,,
1997-06-26,,,,,,,,,,,,,
1997-06-27,,,,,,,,,,,,,
1997-06-28,,,,,,,,,,,,,
1997-06-29,,,,,,,,,,,,,
1997-06-30,,,,,,,,,,,,,
1997-07-01,,,,,,,,,,,,,
1997-07-02,,,,,,,,,,,,,
1997-07-03,,,,,,,,,,,,,
1997-07-04,,,,,,,,,,,,,
1997-07-05,,,,,,,,,,,,,
1997-07-06,,,,,,,,,,,,,
1997-07-07,,,,,,,,,,,,,
1997-07-08,,,,,,,,,,,,,
1997-07-09,,,,,,,,,,,,,
1997-07-10,,,,,,,,,,,,,
1997-07-11,,,,,,,,,,,,,
1997-07-12,,,,,,,,,,,,,
1997-07-13,,,,,,,,,,,,,
1997-07-14,,,,,,,,,,,,,
1997-07-15,,,,,,,,,,,,,
1997-07-16,,,,,,,,,,,,,
1997-07-17,,,,,,,,,,,,,
1997-07-18,,,,,,,,,,,,,
1997-07-19,,,,,,,,,,,,,
1997-07-20,,,,,,,,,,,,,
1997-07-21,,,,,,,,,,,,,
1997-07-22,,,,,,,,,,,,,
1997-07-23,,,,,,,,,,,,,
1997-07-24,,,,,,,,,,,,,
1997-07-25,,,,,,,,,,,,,
1997-07-26,,,,,,,,,,,,,
1997-07-27,,,,,,,,,,,,,
1997-07-28,,,,,,,,,,,,,
1997-07-29,,,,,,,,,,,,,
1997-07-30,,,,,,,,,,,,,
1997-07-31,,,,,,,,,,,,,
1997-08-01,,,,,,,,,,,,,
1997-08-02,,,,,,,,,,,,,
1997-08-03,,,,,,,,,,,,,
1997-08-04,,,,,,,,,,,,,
1997-08-05,,,,,,,,,,,,,
1997-08-06,,,,,,,,,,,,,
1997-08-07,,,,,,,,,,,,,
1997-08-08,,,,,,,,,,,,,
1997-08-09,,,,,,,,,,,,,
1997-08-10,,,,,,,,,,,,,
1997-08-11,,,,,,,,,,,,,
1997-08-12,,,,,,,,,,,,,
1997-08-13,,,,,,,,,,,,,
1997-08-14,,,,,,,,,,,,,
1997-08-15,,,,,,,,,,,,,
1997-08-16,,,,,,,,,,,,,
1997-08-17,,,,,,,,,,,,,
1997-08-18,,,,,,,,,,,,,
1997-08-19,,,,,,,,,,,,,
1997-08-20,,,,,,,,,,,,,
1997-08-21,,,,,,,,,,,,,
1997-08-22,,,,,,,,,,,,,
1997-08-23,,,,,,,,,,,,,
1997-08-24,,,,,,,,,,,,,
1997-08-25,,,,,,,,,,,,,
1997-08-26,,,,,,,,,,,,,
1997-08-27,,,,,,,,,,,,,
1997-08-28,,,,,,,,,,,,,
1997-08-29,,,,,,,,,,,,,
1997-08-30,,,,,,,,,,,,,
1997-08-31,,,,,,,,,,,,,
1997-09-01,,,,,,,,,,,,,
1997-09-02,,,,,,,,,,,,,
1997-09-03,,,,,,,,,,,,,
1997-09-04,,,,,,,,,,,,,
1997-09-05,,,,,,,,,,,,,
1997-09-06,,,,,,,,,,,,,
1997-09-07,,,,,,,,,,,,,
1997-09-08,,,,,,,,,,,,,
1997-09-09,,,,,,,,,,,,,
1997-09-10,,,,,,,,,,,,,
1997-09-11,,,,,,,,,,,,,
1997-09-12,,,,,,,,,,,,,
1997-09-13,,,,,,,,,,,,,
1997-09-14,,,,,,,,,,,,,
1997-09-15,,,,,,,,,,,,,
1997-09-16,,,,,,,,,,,,,
1997-09-17,,,,,,,,,,,,,
1997-09-18,,,,,,,,,,,,,
1997-09-19,,,,,,,,,,,,,
1997-09-20,,,,,,,,,,,,,
1997-09-21,,,,,,,,,,,,,
1997-09-22,,,,,,,,,,,,,
1997-09-23,,,,,,,,,,,,,
1997-09-24,,,,,,,,,,,,,
1997-09-25,,,,,,,,,,,,,
1997-09-26,,,,,,,,,,,,,
1997-09-27,,,,,,,,,,,,,
1997-09-28,,,,,,,,,,,,,
1997-09-29,,,,,,,,,,,,,
1997-09-30,,,,,,,,,,,,,
1997-10-01,,,,,,,,,,,,,
1997-10-02,,,,,,,,,,,,,
1997-10-03,,,,,,,,,,,,,
1997-10-04,,,,,,,,,,,,,
1997-10-05,,,,,,,,,,,,,
1997-10-06,,,,,,,,,,,,,
1997-10-07,,,,,,,,,,,,,
1997-10-08,,,,,,,,,,,,,
1997-10-09,,,,,,,,,,,,,
1997-10-10,,,,,,,,,,,,,
1997-10-11,,,,,,,,,,,,,
1997-10-12,,,,,,,,,,,,,
1997-10-13,,,,,,,,,,,,,
1997-10-14,,,,,,,,,,,,,
1997-10-15,,,,,,,,,,,,,
1997-10-16,,,,,,,,,,,,,
1997-10-17,,,,,,,,,,,,,
1997-10-18,,,,,,,,,,,,,
1997-10-19,,,,,,,,,,,,,
1997-10-20,,,,,,,,,,,,,
1997-10-21,,,,,,,,,,,,,
1997-10-22,,,,,,,,,,,,,
1997-10-23,,,,,,,,,,,,,
1997-10-24,,,,,,,,,,,,,
1997-10-25,,,,,,,,,,,,,
1997-10-26,,,,,,,,,,,,,
1997-10-27,,,,,,,,,,,,,
1997-10-28,,,,,,,,,,,,,
1997-10-29,,,,,,,,,,,,,
1997-10-30,,,,,,,,,,,,,
1997-10-31,,,,,,,,,,,,,
1997-11-01,,,,,,,,,,,,,
1997-11-02,,,,,,,,,,,,,
1997-11-03,,,,,,,,,,,,,
1997-11-04,,,,,,,,,,,,,
1997-11-05,,,,,,,,,,,,,
1997-11-06,,,,,,,,,,,,,
1997-11-07,,,,,,,,,,,,,
1997-11-08,,,,,,,,,,,,,
1997-11-09,,,,,,,,,,,,,
1997-11-10,,,,,,,,,,,,,
1997-11-11,,,,,,,,,,,,,
1997-11-12,,,,,,,,,,,,,
1997-11-13,,,,,,,,,,,,,
1997-11-14,,,,,,,,,,,,,
1997-11-15,,,,,,,,,,,,,
1997-11-16,,,,,,,,,,,,,
1997-11-17,,,,,,,,,,,,,
1997-11-18,,,,,,,,,,,,,
1997-11-19,,,,,,,,,,,,,
1997-11-20,,,,,,,,,,,,,
1997-11-21,,,,,,,,,,,,,
1997-11-22,,,,,,,,,,,,,
1997-11-23,,,,,,,,,,,,,
1997-11-24,,,,,,,,,,,,,
1997-11-25,,,,,,,,,,,,,
1997-11-26,,,,,,,,,,,,,
1997-11-27,,,,,,,,,,,,,
1997-11-28,,,,,,,,,,,,,
1997-11-29,,,,,,,,,,,,,
1997-11-30,,,,,,,,,,,,,
1997-12-01,,,,,,,,,,,,,
1997-12-02,,,,,,,,,,,,,
1997-12-03,,,,,,,,,,,,,
1997-12-04,,,,,,,,,,,,,
1997-12-05,,,,,,,,,,,,,
1997-12-06,,,,,,,,,,,,,
1997-12-07,,,,,,,,,,,,,
1997-12-08,,,,,,,,,,,,,
1997-12-09,,,,,,,,,,,,,
1997-12-10,,,,,,,,,,,,,
1997-12-11,,,,,,,,,,,,,
1997-12-12,,,,,,,,,,,,,
1997-12-13,,,,,,,,,,,,,
1997-12-14,,,,,,,,,,,,,
1997-12-15,,,,,,,,,,,,,
1997-12-16,,,,,,,,,,,,,
1997-12-17,,,,,,,,,,,,,
1997-12-18,,,,,,,,,,,,,
1997-12-19,,,,,,,,,,,,,
1997-12-20,,,,,,,,,,,,,
1997-12-21,,,,,,,,,,,,,
1997-12-22,,,,,,,,,,,,,
1997-12-23,,,,,,,,,,,,,
1997-12-24,,,,,,,,,,,,,
1997-12-25,,,,,,,,,,,,,
1997-12-26,,,,,,,,,,,,,
1997-12-27,,,,,,,,,,,,,
1997-12-28,,,,,,,,,,,,,
1997-12-29,,,,,,,,,,,,,
1997-12-30,,,,,,,,,,,,,
1997-12-31,,,,,,,,,,,,,
1998-01-01,,,,,,,,,,,,,
1998-01-02,,,,,,,,,,,,,
1998-01-03,,,,,,,,,,,,,
1998-01-04,,,,,,,,,,,,,
1998-01-05,,,,,,,,,,,,,
1998-01-06,,,,,,,,,,,,,
1998-01-07,,,,,,,,,,,,,
1998-01-08,,,,,,,,,,,,,
1998-01-09,,,,,,,,,,,,,
1998-01-10,,,,,,,,,,,,,
1998-01-11,,,,,,,,,,,,,
1998-01-12,,,,,,,,,,,,,
1998-01-13,,,,,,,,,,,,,
1998-01-14,,,,,,,,,,,,,
1998-01-15,,,,,,,,,,,,,
1998-01-16,,,,,,,,,,,,,
1998-01-17,,,,,,,,,,,,,
1998-01-18,,,,,,,,,,,,,
1998-01-19,,,,,,,,,,,,,
1998-01-20,,,,,,,,,,,,,
1998-01-21,,,,,,,,,,,,,
1998-01-22,,,,,,,,,,,,,
1998-01-23,,,,,,,,,,,,,
1998-01-24,,,,,,,,,,,,,
1998-01-25,,,,,,,,,,,,,
1998-01-26,,,,,,,,,,,,,
1998-01-27,,,,,,,,,,,,,
1998-01-28,,,,,,,,,,,,,
1998-01-29,,,,,,,,,,,,,
1998-01-30,,,,,,,,,,,,,
1998-01-31,,,,,,,,,,,,,
1998-02-01,,,,,,,,,,,,,
1998-02-02,,,,,,,,,,,,,
1998-02-03,,,,,,,,,,,,,
1998-02-04,,,,,,,,,,,,,
1998-02-05,,,,,,,,,,,,,
1998-02-06,,,,,,,,,,,,,
1998-02-07,,,,,,,,,,,,,
1998-02-08,,,,,,,,,,,,,
1998-02-09,,,,,,,,,,,,,
1998-02-10,,,,,,,,,,,,,
1998-02-11,,,,,,,,,,,,,
1998-02-12,,,,,,,,,,,,,
1998-02-13,,,,,,,,,,,,,
1998-02-14,,,,,,,,,,,,,
1998-02-15,,,,,,,,,,,,,
1998-02-16,,,,,,,,,,,,,
1998-02-17,,,,,,,,,,,,,
1998-02-18,,,,,,,,,,,,,
1998-02-19,,,,,,,,,,,,,
1998-02-20,,,,,,,,,,,,,
1998-02-21,,,,,,,,,,,,,
1998-02-22,,,,,,,,,,,,,
1998-02-23,,,,,,,,,,,,,
1998-02-24,,,,,,,,,,,,,
1998-02-25,,,,,,,,,,,,,
1998-02-26,,,,,,,,,,,,,
1998-02-27,,,,,,,,,,,,,
1998-02-28,,,,,,,,,,,,,
1998-03-01,,,,,,,,,,,,,
1998-03-02,,,,,,,,,,,,,
1998-03-03,,,,,,,,,,,,,
1998-03-04,,,,,,,,,,,,,
1998-03-05,,,,,,,,,,,,,
1998-03-06,,,,,,,,,,,,,
1998-03-07,,,,,,,,,,,,,
1998-03-08,,,,,,,,,,,,,
1998-03-09,,,,,,,,,,,,,
1998-03-10,,,,,,,,,,,,,
1998-03-11,,,,,,,,,,,,,
1998-03-12,,,,,,,,,,,,,
1998-03-13,,,,,,,,,,,,,
1998-03-14,,,,,,,,,,,,,
1998-03-15,,,,,,,,,,,,,
1998-03-16,,,,,,,,,,,,,
1998-03-17,,,,,,,,,,,,,
1998-03-18,,,,,,,,,,,,,
1998-03-19,,,,,,,,,,,,,
1998-03-20,,,,,,,,,,,,,
1998-03-21,,,,,,,,,,,,,
1998-03-22,,,,,,,,,,,,,
1998-03-23,,,,,,,,,,,,,
1998-03-24,,,,,,,,,,,,,
1998-03-25,,,,,,,,,,,,,
1998-03-26,,,,,,,,,,,,,
1998-03-27,,,,,,,,,,,,,
1998-03-28,,,,,,,,,,,,,
1998-03-29,,,,,,,,,,,,,
1998-03-30,,,,,,,,,,,,,
1998-03-31,,,,,,,,,,,,,
1998-04-01,,,,,,,,,,,,,
1998-04-02,,,,,,,,,,,,,
1998-04-03,,,,,,,,,,,,,
1998-04-04,,,,,,,,,,,,,
1998-04-05,,,,,,,,,,,,,
1998-04-06,,,,,,,,,,,,,
1998-04-07,,,,,,,,,,,,,
1998-04-08,,,,,,,,,,,,,
1998-04-09,,,,,,,,,,,,,
1998-04-10,,,,,,,,,,,,,
1998-04-11,,,,,,,,,,,,,
1998-04-12,,,,,,,,,,,,,
1998-04-13,,,,,,,,,,,,,
1998-04-14,,,,,,,,,,,,,
1998-04-15,,,,,,,,,,,,,
1998-04-16,,,,,,,,,,,,,
1998-04-17,,,,,,,,,,,,,
1998-04-18,,,,,,,,,,,,,
1998-04-19,,,,,,,,,,,,,
1998-04-20,,,,,,,,,,,,,
1998-04-21,,,,,,,,,,,,,
1998-04-22,,,,,,,,,,,,,
1998-04-23,,,,,,,,,,,,,
1998-04-24,,,,,,,,,,,,,
1998-04-25,,,,,,,,,,,,,
1998-04-26,,,,,,,,,,,,,
1998-04-27,,,,,,,,,,,,,
1998-04-28,,,,,,,,,,,,,
1998-04-29,,,,,,,,,,,,,
1998-04-30,,,,,,,,,,,,,
1998-05-01,,,,,,,,,,,,,
1998-05-02,,,,,,,,,,,,,
1998-05-03,,,,,,,,,,,,,
1998-05-04,,,,,,,,,,,,,
1998-05-05,,,,,,,,,,,,,
1998-05-06,,,,,,,,,,,,,
1998-05-07,,,,,,,,,,,,,
1998-05-08,,,,,,,,,,,,,
1998-05-09,,,,,,,,,,,,,
1998-05-10,,,,,,,,,,,,,
1998-05-11,,,,,,,,,,,,,
1998-05-12,,,,,,,,,,,,,
1998-05-13,,,,,,,,,,,,,
1998-05-14,,,,,,,,,,,,,
1998-05-15,,,,,,,,,,,,,
1998-05-16,,,,,,,,,,,,,
1998-05-17,,,,,,,,,,,,,
1998-05-18,,,,,,,,,,,,,
1998-05-19,,,,,,,,,,,,,
1998-05-20,,,,,,,,,,,,,
1998-05-21,,,,,,,,,,,,,
1998-05-22,,,,,,,,,,,,,
1998-05-23,,,,,,,,,,,,,
1998-05-24,,,,,,,,,,,,,
1998-05-25,,,,,,,,,,,,,
1998-05-26,,,,,,,,,,,,,
1998-05-27,,,,,,,,,,,,,
1998-05-28,,,,,,,,,,,,,
1998-05-29,,,,,,,,,,,,,
1998-05-30,,,,,,,,,,,,,
1998-05-31,,,,,,,,,,,,,
1998-06-01,,,,,,,,,,,,,
1998-06-02,,,,,,,,,,,,,
1998-06-03,,,,,,,,,,,,,
1998-06-04,,,,,,,,,,,,,
1998-06-05,,,,,,,,,,,,,
1998-06-06,,,,,,,,,,,,,
1998-06-07,,,,,,,,,,,,,
1998-06-08,,,,,,,,,,,,,
1998-06-09,,,,,,,,,,,,,
1998-06-10,,,,,,,,,,,,,
1998-06-11,,,,,,,,,,,,,
1998-06-12,,,,,,,,,,,,,
1998-06-13,,,,,,,,,,,,,
1998-06-14,,,,,,,,,,,,,
1998-06-15,,,,,,,,,,,,,
1998-06-16,,,,,,,,,,,,,
1998-06-17,,,,,,,,,,,,,
1998-06-18,,,,,,,,,,,,,
1998-06-19,,,,,,,,,,,,,
1998-06-20,,,,,,,,,,,,,
1998-06-21,,,,,,,,,,,,,
1998-06-22,,,,,,,,,,,,,
1998-06-23,,,,,,,,,,,,,
1998-06-24,,,,,,,,,,,,,
1998-06-25,,,,,,,,,,,,,
1998-06-26,,,,,,,,,,,,,
1998-06-27,,,,,,,,,,,,,
1998-06-28,,,,,,,,,,,,,
1998-06-29,,,,,,,,,,,,,
1998-06-30,,,,,,,,,,,,,
1998-07-01,,,,,,,,,,,,,
1998-07-02,,,,,,,,,,,,,
1998-07-03,,,,,,,,,,,,,
1998-07-04,,,,,,,,,,,,,
1998-07-05,,,,,,,,,,,,,
1998-07-06,,,,,,,,,,,,,
1998-07-07,,,,,,,,,,,,,
1998-07-08,,,,,,,,,,,,,
1998-07-09,,,,,,,,,,,,,
1998-07-10,,,,,,,,,,,,,
1998-07-11,,,,,,,,,,,,,
1998-07-12,,,,,,,,,,,,,
1998-07-13,,,,,,,,,,,,,
1998-07-14,,,,,,,,,,,,,
1998-07-15,,,,,,,,,,,,,
1998-07-16,,,,,,,,,,,,,
1998-07-17,,,,,,,,,,,,,
1998-07-18,,,,,,,,,,,,,
1998-07-19,,,,,,,,,,,,,
1998-07-20,,,,,,,,,,,,,
1998-07-21,,,,,,,,,,,,,
1998-07-22,,,,,,,,,,,,,
1998-07-23,,,,,,,,,,,,,
1998-07-24,,,,,,,,,,,,,
1998-07-25,,,,,,,,,,,,,
1998-07-26,,,,,,,,,,,,,
1998-07-27,,,,,,,,,,,,,
1998-07-28,,,,,,,,,,,,,
1998-07-29,,,,,,,,,,,,,
1998-07-30,,,,,,,,,,,,,
1998-07-31,,,,,,,,,,,,,
1998-08-01,,,,,,,,,,,,,
1998-08-02,,,,,,,,,,,,,
1998-08-03,,,,,,,,,,,,,
1998-08-04,,,,,,,,,,,,,
1998-08-05,,,,,,,,,,,,,
1998-08-06,,,,,,,,,,,,,
1998-08-07,,,,,,,,,,,,,
1998-08-08,,,,,,,,,,,,,
1998-08-09,,,,,,,,,,,,,
1998-08-10,,,,,,,,,,,,,
1998-08-11,,,,,,,,,,,,,
1998-08-12,,,,,,,,,,,,,
1998-08-13,,,,,,,,,,,,,
1998-08-14,,,,,,,,,,,,,
1998-08-15,,,,,,,,,,,,,
1998-08-16,,,,,,,,,,,,,
1998-08-17,,,,,,,,,,,,,
1998-08-18,,,,,,,,,,,,,
1998-08-19,,,,,,,,,,,,,
1998-08-20,,,,,,,,,,,,,
1998-08-21,,,,,,,,,,,,,
1998-08-22,,,,,,,,,,,,,
1998-08-23,,,,,,,,,,,,,
1998-08-24,,,,,,,,,,,,,
1998-08-25,,,,,,,,,,,,,
1998-08-26,,,,,,,,,,,,,
1998-08-27,,,,,,,,,,,,,
1998-08-28,,,,,,,,,,,,,
1998-08-29,,,,,,,,,,,,,
1998-08-30,,,,,,,,,,,,,
1998-08-31,,,,,,,,,,,,,
1998-09-01,,,,,,,,,,,,,
1998-09-02,,,,,,,,,,,,,
1998-09-03,,,,,,,,,,,,,
1998-09-04,,,,,,,,,,,,,
1998-09-05,,,,,,,,,,,,,
1998-09-06,,,,,,,,,,,,,
1998-09-07,,,,,,,,,,,,,
1998-09-08,,,,,,,,,,,,,
1998-09-09,,,,,,,,,,,,,
1998-09-10,,,,,,,,,,,,,
1998-09-11,,,,,,,,,,,,,
1998-09-12,,,,,,,,,,,,,
1998-09-13,,,,,,,,,,,,,
1998-09-14,,,,,,,,,,,,,
1998-09-15,,,,,,,,,,,,,
1998-09-16,,,,,,,,,,,,,
1998-09-17,,,,,,,,,,,,,
1998-09-18,,,,,,,,,,,,,
1998-09-19,,,,,,,,,,,,,
1998-09-20,,,,,,,,,,,,,
1998-09-21,,,,,,,,,,,,,
1998-09-22,,,,,,,,,,,,,
1998-09-23,,,,,,,,,,,,,
1998-09-24,,,,,,,,,,,,,
1998-09-25,,,,,,,,,,,,,
1998-09-26,,,,,,,,,,,,,
1998-09-27,,,,,,,,,,,,,
1998-09-28,,,,,,,,,,,,,
1998-09-29,,,,,,,,,,,,,
1998-09-30,,,,,,,,,,,,,
1998-10-01,,,,,,,,,,,,,
1998-10-02,,,,,,,,,,,,,
1998-10-03,,,,,,,,,,,,,
1998-10-04,,,,,,,,,,,,,
1998-10-05,,,,,,,,,,,,,
1998-10-06,,,,,,,,,,,,,
1998-10-07,,,,,,,,,,,,,
1998-10-08,,,,,,,,,,,,,
1998-10-09,,,,,,,,,,,,,
1998-10-10,,,,,,,,,,,,,
1998-10-11,,,,,,,,,,,,,
1998-10-12,,,,,,,,,,,,,
1998-10-13,,,,,,,,,,,,,
1998-10-14,,,,,,,,,,,,,
1998-10-15,,,,,,,,,,,,,
1998-10-16,,,,,,,,,,,,,
1998-10-17,,,,,,,,,,,,,
1998-10-18,,,,,,,,,,,,,
1998-10-19,,,,,,,,,,,,,
1998-10-20,,,,,,,,,,,,,
1998-10-21,,,,,,,,,,,,,
1998-10-22,,,,,,,,,,,,,
1998-10-23,,,,,,,,,,,,,
1998-10-24,,,,,,,,,,,,,
1998-10-25,,,,,,,,,,,,,
1998-10-26,,,,,,,,,,,,,
1998-10-27,,,,,,,,,,,,,
1998-10-28,,,,,,,,,,,,,
1998-10-29,,,,,,,,,,,,,
1998-10-30,,,,,,,,,,,,,
1998-10-31,,,,,,,,,,,,,
1998-11-01,,,,,,,,,,,,,
1998-11-02,,,,,,,,,,,,,
1998-11-03,,,,,,,,,,,,,
1998-11-04,,,,,,,,,,,,,
1998-11-05,,,,,,,,,,,,,
1998-11-06,,,,,,,,,,,,,
1998-11-07,,,,,,,,,,,,,
1998-11-08,,,,,,,,,,,,,
1998-11-09,,,,,,,,,,,,,
1998-11-10,,,,,,,,,,,,,
1998-11-11,,,,,,,,,,,,,
1998-11-12,,,,,,,,,,,,,
1998-11-13,,,,,,,,,,,,,
1998-11-14,,,,,,,,,,,,,
1998-11-15,,,,,,,,,,,,,
1998-11-16,,,,,,,,,,,,,
1998-11-17,,,,,,,,,,,,,
1998-11-18,,,,,,,,,,,,,
1998-11-19,,,,,,,,,,,,,
1998-11-20,,,,,,,,,,,,,
1998-11-21,,,,,,,,,,,,,
1998-11-22,,,,,,,,,,,,,
1998-11-23,,,,,,,,,,,,,
1998-11-24,,,,,,,,,,,,,
1998-11-25,,,,,,,,,,,,,
1998-11-26,,,,,,,,,,,,,
1998-11-27,,,,,,,,,,,,,
1998-11-28,,,,,,,,,,,,,
1998-11-29,,,,,,,,,,,,,
1998-11-30,,,,,,,,,,,,,
1998-12-01,,,,,,,,,,,,,
1998-12-02,,,,,,,,,,,,,
1998-12-03,,,,,,,,,,,,,
1998-12-04,,,,,,,,,,,,,
1998-12-05,,,,,,,,,,,,,
1998-12-06,,,,,,,,,,,,,
1998-12-07,,,,,,,,,,,,,
1998-12-08,,,,,,,,,,,,,
1998-12-09,,,,,,,,,,,,,
1998-12-10,,,,,,,,,,,,,
1998-12-11,,,,,,,,,,,,,
1998-12-12,,,,,,,,,,,,,
1998-12-13,,,,,,,,,,,,,
1998-12-14,,,,,,,,,,,,,
1998-12-15,,,,,,,,,,,,,
1998-12-16,,,,,,,,,,,,,
1998-12-17,,,,,,,,,,,,,
1998-12-18,,,,,,,,,,,,,
1998-12-19,,,,,,,,,,,,,
1998-12-20,,,,,,,,,,,,,
1998-12-21,,,,,,,,,,,,,
1998-12-22,,,,,,,,,,,,,
1998-12-23,,,,,,,,,,,,,
1998-12-24,,,,,,,,,,,,,
1998-12-25,,,,,,,,,,,,,
1998-12-26,,,,,,,,,,,,,
1998-12-27,,,,,,,,,,,,,
1998-12-28,,,,,,,,,,,,,
1998-12-29,,,,,,,,,,,,,
1998-12-30,,,,,,,,,,,,,
1998-12-31,,,,,,,,,,,,,
1999-01-01,,,,,,,,,,,,,
1999-01-02,,,,,,,,,,,,,
1999-01-03,,,,,,,,,,,,,
1999-01-04,,,,,,,,,,,,,
1999-01-05,,,,,,,,,,,,,
1999-01-06,,,,,,,,,,,,,
1999-01-07,,,,,,,,,,,,,
1999-01-08,,,,,,,,,,,,,
1999-01-09,,,,,,,,,,,,,
1999-01-10,,,,,,,,,,,,,
1999-01-11,,,,,,,,,,,,,
1999-01-12,,,,,,,,,,,,,
1999-01-13,,,,,,,,,,,,,
1999-01-14,,,,,,,,,,,,,
1999-01-15,,,,,,,,,,,,,
1999-01-16,,,,,,,,,,,,,
1999-01-17,,,,,,,,,,,,,
1999-01-18,,,,,,,,,,,,,
1999-01-19,,,,,,,,,,,,,
1999-01-20,,,,,,,,,,,,,
1999-01-21,,,,,,,,,,,,,
1999-01-22,,,,,,,,,,,,,
1999-01-23,,,,,,,,,,,,,
1999-01-24,,,,,,,,,,,,,
1999-01-25,,,,,,,,,,,,,
1999-01-26,,,,,,,,,,,,,
1999-01-27,,,,,,,,,,,,,
1999-01-28,,,,,,,,,,,,,
1999-01-29,,,,,,,,,,,,,
1999-01-30,,,,,,,,,,,,,
1999-01-31,,,,,,,,,,,,,
1999-02-01,,,,,,,,,,,,,
1999-02-02,,,,,,,,,,,,,
1999-02-03,,,,,,,,,,,,,
1999-02-04,,,,,,,,,,,,,
1999-02-05,,,,,,,,,,,,,
1999-02-06,,,,,,,,,,,,,
1999-02-07,,,,,,,,,,,,,
1999-02-08,,,,,,,,,,,,,
1999-02-09,,,,,,,,,,,,,
1999-02-10,,,,,,,,,,,,,
1999-02-11,,,,,,,,,,,,,
1999-02-12,,,,,,,,,,,,,
1999-02-13,,,,,,,,,,,,,
1999-02-14,,,,,,,,,,,,,
1999-02-15,,,,,,,,,,,,,
1999-02-16,,,,,,,,,,,,,
1999-02-17,,,,,,,,,,,,,
1999-02-18,,,,,,,,,,,,,
1999-02-19,,,,,,,,,,,,,
1999-02-20,,,,,,,,,,,,,
1999-02-21,,,,,,,,,,,,,
1999-02-22,,,,,,,,,,,,,
1999-02-23,,,,,,,,,,,,,
1999-02-24,,,,,,,,,,,,,
1999-02-25,,,,,,,,,,,,,
1999-02-26,,,,,,,,,,,,,
1999-02-27,,,,,,,,,,,,,
1999-02-28,,,,,,,,,,,,,
1999-03-01,,,,,,,,,,,,,
1999-03-02,,,,,,,,,,,,,
1999-03-03,,,,,,,,,,,,,
1999-03-04,,,,,,,,,,,,,
1999-03-05,,,,,,,,,,,,,
1999-03-06,,,,,,,,,,,,,
1999-03-07,,,,,,,,,,,,,
1999-03-08,,,,,,,,,,,,,
1999-03-09,,,,,,,,,,,,,
1999-03-10,,,,,,,,,,,,,
1999-03-11,,,,,,,,,,,,,
1999-03-12,,,,,,,,,,,,,
1999-03-13,,,,,,,,,,,,,
1999-03-14,,,,,,,,,,,,,
1999-03-15,,,,,,,,,,,,,
1999-03-16,,,,,,,,,,,,,
1999-03-17,,,,,,,,,,,,,
1999-03-18,,,,,,,,,,,,,
1999-03-19,,,,,,,,,,,,,
1999-03-20,,,,,,,,,,,,,
1999-03-21,,,,,,,,,,,,,
1999-03-22,,,,,,,,,,,,,
1999-03-23,,,,,,,,,,,,,
1999-03-24,,,,,,,,,,,,,
1999-03-25,,,,,,,,,,,,,
1999-03-26,,,,,,,,,,,,,
1999-03-27,,,,,,,,,,,,,
1999-03-28,,,,,,,,,,,,,
1999-03-29,,,,,,,,,,,,,
1999-03-30,,,,,,,,,,,,,
1999-03-31,,,,,,,,,,,,,
1999-04-01,,,,,,,,,,,,,
1999-04-02,,,,,,,,,,,,,
1999-04-03,,,,,,,,,,,,,
1999-04-04,,,,,,,,,,,,,
1999-04-05,,,,,,,,,,,,,
1999-04-06,,,,,,,,,,,,,
1999-04-07,,,,,,,,,,,,,
1999-04-08,,,,,,,,,,,,,
1999-04-09,,,,,,,,,,,,,
1999-04-10,,,,,,,,,,,,,
1999-04-11,,,,,,,,,,,,,
1999-04-12,,,,,,,,,,,,,
1999-04-13,,,,,,,,,,,,,
1999-04-14,,,,,,,,,,,,,
1999-04-15,,,,,,,,,,,,,
1999-04-16,,,,,,,,,,,,,
1999-04-17,,,,,,,,,,,,,
1999-04-18,,,,,,,,,,,,,
1999-04-19,,,,,,,,,,,,,
1999-04-20,,,,,,,,,,,,,
1999-04-21,,,,,,,,,,,,,
1999-04-22,,,,,,,,,,,,,
1999-04-23,,,,,,,,,,,,,
1999-04-24,,,,,,,,,,,,,
1999-04-25,,,,,,,,,,,,,
1999-04-26,,,,,,,,,,,,,
1999-04-27,,,,,,,,,,,,,
1999-04-28,,,,,,,,,,,,,
1999-04-29,,,,,,,,,,,,,
1999-04-30,,,,,,,,,,,,,
1999-05-01,,,,,,,,,,,,,
1999-05-02,,,,,,,,,,,,,
1999-05-03,,,,,,,,,,,,,
1999-05-04,,,,,,,,,,,,,
1999-05-05,,,,,,,,,,,,,
1999-05-06,,,,,,,,,,,,,
1999-05-07,,,,,,,,,,,,,
1999-05-08,,,,,,,,,,,,,
1999-05-09,,,,,,,,,,,,,
1999-05-10,,,,,,,,,,,,,
1999-05-11,,,,,,,,,,,,,
1999-05-12,,,,,,,,,,,,,
1999-05-13,,,,,,,,,,,,,
1999-05-14,,,,,,,,,,,,,
1999-05-15,,,,,,,,,,,,,
1999-05-16,,,,,,,,,,,,,
1999-05-17,,,,,,,,,,,,,
1999-05-18,,,,,,,,,,,,,
1999-05-19,,,,,,,,,,,,,
1999-05-20,,,,,,,,,,,,,
1999-05-21,,,,,,,,,,,,,
1999-05-22,,,,,,,,,,,,,
1999-05-23,,,,,,,,,,,,,
1999-05-24,,,,,,,,,,,,,
1999-05-25,,,,,,,,,,,,,
1999-05-26,,,,,,,,,,,,,
1999-05-27,,,,,,,,,,,,,
1999-05-28,,,,,,,,,,,,,
1999-05-29,,,,,,,,,,,,,
1999-05-30,,,,,,,,,,,,,
1999-05-31,,,,,,,,,,,,,
1999-06-01,,,,,,,,,,,,,
1999-06-02,,,,,,,,,,,,,
1999-06-03,,,,,,,,,,,,,
1999-06-04,,,,,,,,,,,,,
1999-06-05,,,,,,,,,,,,,
1999-06-06,,,,,,,,,,,,,
1999-06-07,,,,,,,,,,,,,
1999-06-08,,,,,,,,,,,,,
1999-06-09,,,,,,,,,,,,,
1999-06-10,,,,,,,,,,,,,
1999-06-11,,,,,,,,,,,,,
1999-06-12,,,,,,,,,,,,,
1999-06-13,,,,,,,,,,,,,
1999-06-14,,,,,,,,,,,,,
1999-06-15,,,,,,,,,,,,,
1999-06-16,,,,,,,,,,,,,
1999-06-17,,,,,,,,,,,,,
1999-06-18,,,,,,,,,,,,,
1999-06-19,,,,,,,,,,,,,
1999-06-20,,,,,,,,,,,,,
1999-06-21,,,,,,,,,,,,,
1999-06-22,,,,,,,,,,,,,
1999-06-23,,,,,,,,,,,,,
1999-06-24,,,,,,,,,,,,,
1999-06-25,,,,,,,,,,,,,
1999-06-26,,,,,,,,,,,,,
1999-06-27,,,,,,,,,,,,,
1999-06-28,,,,,,,,,,,,,
1999-06-29,,,,,,,,,,,,,
1999-06-30,,,,,,,,,,,,,
1999-07-01,,,,,,,,,,,,,
1999-07-02,,,,,,,,,,,,,
1999-07-03,,,,,,,,,,,,,
1999-07-04,,,,,,,,,,,,,
1999-07-05,,,,,,,,,,,,,
1999-07-06,,,,,,,,,,,,,
1999-07-07,,,,,,,,,,,,,
1999-07-08,,,,,,,,,,,,,
1999-07-09,,,,,,,,,,,,,
1999-07-10,,,,,,,,,,,,,
1999-07-11,,,,,,,,,,,,,
1999-07-12,,,,,,,,,,,,,
1999-07-13,,,,,,,,,,,,,
1999-07-14,,,,,,,,,,,,,
1999-07-15,,,,,,,,,,,,,
1999-07-16,,,,,,,,,,,,,
1999-07-17,,,,,,,,,,,,,
1999-07-18,,,,,,,,,,,,,
1999-07-19,,,,,,,,,,,,,
1999-07-20,,,,,,,,,,,,,
1999-07-21,,,,,,,,,,,,,
1999-07-22,,,,,,,,,,,,,
1999-07-23,,,,,,,,,,,,,
1999-07-24,,,,,,,,,,,,,
1999-07-25,,,,,,,,,,,,,
1999-07-26,,,,,,,,,,,,,
1999-07-27,,,,,,,,,,,,,
1999-07-28,,,,,,,,,,,,,
1999-07-29,,,,,,,,,,,,,
1999-07-30,,,,,,,,,,,,,
1999-07-31,,,,,,,,,,,,,
1999-08-01,,,,,,,,,,,,,
1999-08-02,,,,,,,,,,,,,
1999-08-03,,,,,,,,,,,,,
1999-08-04,,,,,,,,,,,,,
1999-08-05,,,,,,,,,,,,,
1999-08-06,,,,,,,,,,,,,
1999-08-07,,,,,,,,,,,,,
1999-08-08,,,,,,,,,,,,,
1999-08-09,,,,,,,,,,,,,
1999-08-10,,,,,,,,,,,,,
1999-08-11,,,,,,,,,,,,,
1999-08-12,,,,,,,,,,,,,
1999-08-13,,,,,,,,,,,,,
1999-08-14,,,,,,,,,,,,,
1999-08-15,,,,,,,,,,,,,
1999-08-16,,,,,,,,,,,,,
1999-08-17,,,,,,,,,,,,,
1999-08-18,,,,,,,,,,,,,
1999-08-19,,,,,,,,,,,,,
1999-08-20,,,,,,,,,,,,,
1999-08-21,,,,,,,,,,,,,
1999-08-22,,,,,,,,,,,,,
1999-08-23,,,,,,,,,,,,,
1999-08-24,,,,,,,,,,,,,
1999-08-25,,,,,,,,,,,,,
1999-08-26,,,,,,,,,,,,,
1999-08-27,,,,,,,,,,,,,
1999-08-28,,,,,,,,,,,,,
1999-08-29,,,,,,,,,,,,,
1999-08-30,,,,,,,,,,,,,
1999-08-31,,,,,,,,,,,,,
1999-09-01,,,,,,,,,,,,,
1999-09-02,,,,,,,,,,,,,
1999-09-03,,,,,,,,,,,,,
1999-09-04,,,,,,,,,,,,,
1999-09-05,,,,,,,,,,,,,
1999-09-06,,,,,,,,,,,,,
1999-09-07,,,,,,,,,,,,,
1999-09-08,,,,,,,,,,,,,
1999-09-09,,,,,,,,,,,,,
1999-09-10,,,,,,,,,,,,,
1999-09-11,,,,,,,,,,,,,
1999-09-12,,,,,,,,,,,,,
1999-09-13,,,,,,,,,,,,,
1999-09-14,,,,,,,,,,,,,
1999-09-15,,,,,,,,,,,,,
1999-09-16,,,,,,,,,,,,,
1999-09-17,,,,,,,,,,,,,
1999-09-18,,,,,,,,,,,,,
1999-09-19,,,,,,,,,,,,,
1999-09-20,,,,,,,,,,,,,
1999-09-21,,,,,,,,,,,,,
1999-09-22,,,,,,,,,,,,,
1999-09-23,,,,,,,,,,,,,
1999-09-24,,,,,,,,,,,,,
1999-09-25,,,,,,,,,,,,,
1999-09-26,,,,,,,,,,,,,
1999-09-27,,,,,,,,,,,,,
1999-09-28,,,,,,,,,,,,,
1999-09-29,,,,,,,,,,,,,
1999-09-30,,,,,,,,,,,,,
1999-10-01,,,,,,,,,,,,,
1999-10-02,,,,,,,,,,,,,
1999-10-03,,,,,,,,,,,,,
1999-10-04,,,,,,,,,,,,,
1999-10-05,,,,,,,,,,,,,
1999-10-06,,,,,,,,,,,,,
1999-10-07,,,,,,,,,,,,,
1999-10-08,,,,,,,,,,,,,
1999-10-09,,,,,,,,,,,,,
1999-10-10,,,,,,,,,,,,,
1999-10-11,,,,,,,,,,,,,
1999-10-12,,,,,,,,,,,,,
1999-10-13,,,,,,,,,,,,,
1999-10-14,,,,,,,,,,,,,
1999-10-15,,,,,,,,,,,,,
1999-10-16,,,,,,,,,,,,,
1999-10-17,,,,,,,,,,,,,
1999-10-18,,,,,,,,,,,,,
1999-10-19,,,,,,,,,,,,,
1999-10-20,,,,,,,,,,,,,
1999-10-21,,,,,,,,,,,,,
1999-10-22,,,,,,,,,,,,,
1999-10-23,,,,,,,,,,,,,
1999-10-24,,,,,,,,,,,,,
1999-10-25,,,,,,,,,,,,,
1999-10-26,,,,,,,,,,,,,
1999-10-27,,,,,,,,,,,,,
1999-10-28,,,,,,,,,,,,,
1999-10-29,,,,,,,,,,,,,
1999-10-30,,,,,,,,,,,,,
1999-10-31,,,,,,,,,,,,,
1999-11-01,,,,,,,,,,,,,
1999-11-02,,,,,,,,,,,,,
1999-11-03,,,,,,,,,,,,,
1999-11-04,,,,,,,,,,,,,
1999-11-05,,,,,,,,,,,,,
1999-11-06,,,,,,,,,,,,,
1999-11-07,,,,,,,,,,,,,
1999-11-08,,,,,,,,,,,,,
1999-11-09,,,,,,,,,,,,,
1999-11-10,,,,,,,,,,,,,
1999-11-11,,,,,,,,,,,,,
1999-11-12,,,,,,,,,,,,,
1999-11-13,,,,,,,,,,,,,
1999-11-14,,,,,,,,,,,,,
1999-11-15,,,,,,,,,,,,,
1999-11-16,,,,,,,,,,,,,
1999-11-17,,,,,,,,,,,,,
1999-11-18,,,,,,,,,,,,,
1999-11-19,,,,,,,,,,,,,
1999-11-20,,,,,,,,,,,,,
1999-11-21,,,,,,,,,,,,,
1999-11-22,,,,,,,,,,,,,
1999-11-23,,,,,,,,,,,,,
1999-11-24,,,,,,,,,,,,,
1999-11-25,,,,,,,,,,,,,
1999-11-26,,,,,,,,,,,,,
1999-11-27,,,,,,,,,,,,,
1999-11-28,,,,,,,,,,,,,
1999-11-29,,,,,,,,,,,,,
1999-11-30,,,,,,,,,,,,,
1999-12-01,,,,,,,,,,,,,
1999-12-02,,,,,,,,,,,,,
1999-12-03,,,,,,,,,,,,,
1999-12-04,,,,,,,,,,,,,
1999-12-05,,,,,,,,,,,,,
1999-12-06,,,,,,,,,,,,,
1999-12-07,,,,,,,,,,,,,
1999-12-08,,,,,,,,,,,,,
1999-12-09,,,,,,,,,,,,,
1999-12-10,,,,,,,,,,,,,
1999-12-11,,,,,,,,,,,,,
1999-12-12,,,,,,,,,,,,,
1999-12-13,,,,,,,,,,,,,
1999-12-14,,,,,,,,,,,,,
1999-12-15,,,,,,,,,,,,,
1999-12-16,,,,,,,,,,,,,
1999-12-17,,,,,,,,,,,,,
1999-12-18,,,,,,,,,,,,,
1999-12-19,,,,,,,,,,,,,
1999-12-20,,,,,,,,,,,,,
1999-12-21,,,,,,,,,,,,,
1999-12-22,,,,,,,,,,,,,
1999-12-23,,,,,,,,,,,,,
1999-12-24,,,,,,,,,,,,,
1999-12-25,,,,,,,,,,,,,
1999-12-26,,,,,,,,,,,,,
1999-12-27,,,,,,,,,,,,,
1999-12-28,,,,,,,,,,,,,
1999-12-29,,,,,,,,,,,,,
1999-12-30,,,,,,,,,,,,,
1999-12-31,,,,,,,,,,,,,
2000-01-01,,,,,,,,,,,,,
2000-01-02,,,,,,,,,,,,,
2000-01-03,,,,,,,,,,,,,
2000-01-04,,,,,,,,,,,,,
2000-01-05,,,,,,,,,,,,,
2000-01-06,,,,,,,,,,,,,
2000-01-07,,,,,,,,,,,,,
2000-01-08,,,,,,,,,,,,,
2000-01-09,,,,,,,,,,,,,
2000-01-10,,,,,,,,,,,,,
2000-01-11,,,,,,,,,,,,,
2000-01-12,,,,,,,,,,,,,
2000-01-13,,,,,,,,,,,,,
2000-01-14,,,,,,,,,,,,,
2000-01-15,,,,,,,,,,,,,
2000-01-16,,,,,,,,,,,,,
2000-01-17,,,,,,,,,,,,,
2000-01-18,,,,,,,,,,,,,
2000-01-19,,,,,,,,,,,,,
2000-01-20,,,,,,,,,,,,,
2000-01-21,,,,,,,,,,,,,
2000-01-22,,,,,,,,,,,,,
2000-01-23,,,,,,,,,,,,,
2000-01-24,,,,,,,,,,,,,
2000-01-25,,,,,,,,,,,,,
2000-01-26,,,,,,,,,,,,,
2000-01-27,,,,,,,,,,,,,
2000-01-28,,,,,,,,,,,,,
2000-01-29,,,,,,,,,,,,,
2000-01-30,,,,,,,,,,,,,
2000-01-31,,,,,,,,,,,,,
2000-02-01,,,,,,,,,,,,,
2000-02-02,,,,,,,,,,,,,
2000-02-03,,,,,,,,,,,,,
2000-02-04,,,,,,,,,,,,,
2000-02-05,,,,,,,,,,,,,
2000-02-06,,,,,,,,,,,,,
2000-02-07,,,,,,,,,,,,,
2000-02-08,,,,,,,,,,,,,
2000-02-09,,,,,,,,,,,,,
2000-02-10,,,,,,,,,,,,,
2000-02-11,,,,,,,,,,,,,
2000-02-12,,,,,,,,,,,,,
2000-02-13,,,,,,,,,,,,,
2000-02-14,,,,,,,,,,,,,
2000-02-15,,,,,,,,,,,,,
2000-02-16,,,,,,,,,,,,,
2000-02-17,,,,,,,,,,,,,
2000-02-18,,,,,,,,,,,,,
2000-02-19,,,,,,,,,,,,,
2000-02-20,,,,,,,,,,,,,
2000-02-21,,,,,,,,,,,,,
2000-02-22,,,,,,,,,,,,,
2000-02-23,,,,,,,,,,,,,
2000-02-24,,,,,,,,,,,,,
2000-02-25,,,,,,,,,,,,,
2000-02-26,,,,,,,,,,,,,
2000-02-27,,,,,,,,,,,,,
2000-02-28,,,,,,,,,,,,,
2000-02-29,,,,,,,,,,,,,
2000-03-01,,,,,,,,,,,,,
2000-03-02,,,,,,,,,,,,,
2000-03-03,,,,,,,,,,,,,
2000-03-04,,,,,,,,,,,,,
2000-03-05,,,,,,,,,,,,,
2000-03-06,,,,,,,,,,,,,
2000-03-07,,,,,,,,,,,,,
2000-03-08,,,,,,,,,,,,,
2000-03-09,,,,,,,,,,,,,
2000-03-10,,,,,,,,,,,,,
2000-03-11,,,,,,,,,,,,,
2000-03-12,,,,,,,,,,,,,
2000-03-13,,,,,,,,,,,,,
2000-03-14,,,,,,,,,,,,,
2000-03-15,,,,,,,,,,,,,
2000-03-16,,,,,,,,,,,,,
2000-03-17,,,,,,,,,,,,,
2000-03-18,,,,,,,,,,,,,
2000-03-19,,,,,,,,,,,,,
2000-03-20,,,,,,,,,,,,,
2000-03-21,,,,,,,,,,,,,
2000-03-22,,,,,,,,,,,,,
2000-03-23,,,,,,,,,,,,,
2000-03-24,,,,,,,,,,,,,
2000-03-25,,,,,,,,,,,,,
2000-03-26,,,,,,,,,,,,,
2000-03-27,,,,,,,,,,,,,
2000-03-28,,,,,,,,,,,,,
2000-03-29,,,,,,,,,,,,,
2000-03-30,,,,,,,,,,,,,
2000-03-31,,,,,,,,,,,,,
2000-04-01,,,,,,,,,,,,,
2000-04-02,,,,,,,,,,,,,
2000-04-03,,,,,,,,,,,,,
2000-04-04,,,,,,,,,,,,,
2000-04-05,,,,,,,,,,,,,
2000-04-06,,,,,,,,,,,,,
2000-04-07,,,,,,,,,,,,,
2000-04-08,,,,,,,,,,,,,
2000-04-09,,,,,,,,,,,,,
2000-04-10,,,,,,,,,,,,,
2000-04-11,,,,,,,,,,,,,
2000-04-12,,,,,,,,,,,,,
2000-04-13,,,,,,,,,,,,,
2000-04-14,,,,,,,,,,,,,
2000-04-15,,,,,,,,,,,,,
2000-04-16,,,,,,,,,,,,,
2000-04-17,,,,,,,,,,,,,
2000-04-18,,,,,,,,,,,,,
2000-04-19,,,,,,,,,,,,,
2000-04-20,,,,,,,,,,,,,
2000-04-21,,,,,,,,,,,,,
2000-04-22,,,,,,,,,,,,,
2000-04-23,,,,,,,,,,,,,
2000-04-24,,,,,,,,,,,,,
2000-04-25,,,,,,,,,,,,,
2000-04-26,,,,,,,,,,,,,
2000-04-27,,,,,,,,,,,,,
2000-04-28,,,,,,,,,,,,,
2000-04-29,,,,,,,,,,,,,
2000-04-30,,,,,,,,,,,,,
2000-05-01,,,,,,,,,,,,,
2000-05-02,,,,,,,,,,,,,
2000-05-03,,,,,,,,,,,,,
2000-05-04,,,,,,,,,,,,,
2000-05-05,,,,,,,,,,,,,
2000-05-06,,,,,,,,,,,,,
2000-05-07,,,,,,,,,,,,,
2000-05-08,,,,,,,,,,,,,
2000-05-09,,,,,,,,,,,,,
2000-05-10,,,,,,,,,,,,,
2000-05-11,,,,,,,,,,,,,
2000-05-12,,,,,,,,,,,,,
2000-05-13,,,,,,,,,,,,,
2000-05-14,,,,,,,,,,,,,
2000-05-15,,,,,,,,,,,,,
2000-05-16,,,,,,,,,,,,,
2000-05-17,,,,,,,,,,,,,
2000-05-18,,,,,,,,,,,,,
2000-05-19,,,,,,,,,,,,,
2000-05-20,,,,,,,,,,,,,
2000-05-21,,,,,,,,,,,,,
2000-05-22,,,,,,,,,,,,,
2000-05-23,,,,,,,,,,,,,
2000-05-24,,,,,,,,,,,,,
2000-05-25,,,,,,,,,,,,,
2000-05-26,,,,,,,,,,,,,
2000-05-27,,,,,,,,,,,,,
2000-05-28,,,,,,,,,,,,,
2000-05-29,,,,,,,,,,,,,
2000-05-30,,,,,,,,,,,,,
2000-05-31,,,,,,,,,,,,,
2000-06-01,,,,,,,,,,,,,
2000-06-02,,,,,,,,,,,,,
2000-06-03,,,,,,,,,,,,,
2000-06-04,,,,,,,,,,,,,
2000-06-05,,,,,,,,,,,,,
2000-06-06,,,,,,,,,,,,,
2000-06-07,,,,,,,,,,,,,
2000-06-08,,,,,,,,,,,,,
2000-06-09,,,,,,,,,,,,,
2000-06-10,,,,,,,,,,,,,
2000-06-11,,,,,,,,,,,,,
2000-06-12,,,,,,,,,,,,,
2000-06-13,,,,,,,,,,,,,
2000-06-14,,,,,,,,,,,,,
2000-06-15,,,,,,,,,,,,,
2000-06-16,,,,,,,,,,,,,
2000-06-17,,,,,,,,,,,,,
2000-06-18,,,,,,,,,,,,,
2000-06-19,,,,,,,,,,,,,
2000-06-20,,,,,,,,,,,,,
2000-06-21,,,,,,,,,,,,,
2000-06-22,,,,,,,,,,,,,
2000-06-23,,,,,,,,,,,,,
2000-06-24,,,,,,,,,,,,,
2000-06-25,,,,,,,,,,,,,
2000-06-26,,,,,,,,,,,,,
2000-06-27,,,,,,,,,,,,,
2000-06-28,,,,,,,,,,,,,
2000-06-29,,,,,,,,,,,,,
2000-06-30,,,,,,,,,,,,,
2000-07-01,,,,,,,,,,,,,
2000-07-02,,,,,,,,,,,,,
2000-07-03,,,,,,,,,,,,,
2000-07-04,,,,,,,,,,,,,
2000-07-05,,,,,,,,,,,,,
2000-07-06,,,,,,,,,,,,,
2000-07-07,,,,,,,,,,,,,
2000-07-08,,,,,,,,,,,,,
2000-07-09,,,,,,,,,,,,,
2000-07-10,,,,,,,,,,,,,
2000-07-11,,,,,,,,,,,,,
2000-07-12,,,,,,,,,,,,,
2000-07-13,,,,,,,,,,,,,
2000-07-14,,,,,,,,,,,,,
2000-07-15,,,,,,,,,,,,,
2000-07-16,,,,,,,,,,,,,
2000-07-17,,,,,,,,,,,,,
2000-07-18,,,,,,,,,,,,,
2000-07-19,,,,,,,,,,,,,
2000-07-20,,,,,,,,,,,,,
2000-07-21,,,,,,,,,,,,,
2000-07-22,,,,,,,,,,,,,
2000-07-23,,,,,,,,,,,,,
2000-07-24,,,,,,,,,,,,,
2000-07-25,,,,,,,,,,,,,
2000-07-26,,,,,,,,,,,,,
2000-07-27,,,,,,,,,,,,,
2000-07-28,,,,,,,,,,,,,
2000-07-29,,,,,,,,,,,,,
2000-07-30,,,,,,,,,,,,,
2000-07-31,,,,,,,,,,,,,
2000-08-01,,,,,,,,,,,,,
2000-08-02,,,,,,,,,,,,,
2000-08-03,,,,,,,,,,,,,
2000-08-04,,,,,,,,,,,,,
2000-08-05,,,,,,,,,,,,,
2000-08-06,,,,,,,,,,,,,
2000-08-07,,,,,,,,,,,,,
2000-08-08,,,,,,,,,,,,,
2000-08-09,,,,,,,,,,,,,
2000-08-10,,,,,,,,,,,,,
2000-08-11,,,,,,,,,,,,,
2000-08-12,,,,,,,,,,,,,
2000-08-13,,,,,,,,,,,,,
2000-08-14,,,,,,,,,,,,,
2000-08-15,,,,,,,,,,,,,
2000-08-16,,,,,,,,,,,,,
2000-08-17,,,,,,,,,,,,,
2000-08-18,,,,,,,,,,,,,
2000-08-19,,,,,,,,,,,,,
2000-08-20,,,,,,,,,,,,,
2000-08-21,,,,,,,,,,,,,
2000-08-22,,,,,,,,,,,,,
2000-08-23,,,,,,,,,,,,,
2000-08-24,,,,,,,,,,,,,
2000-08-25,,,,,,,,,,,,,
2000-08-26,,,,,,,,,,,,,
2000-08-27,,,,,,,,,,,,,
2000-08-28,,,,,,,,,,,,,
2000-08-29,,,,,,,,,,,,,
2000-08-30,,,,,,,,,,,,,
2000-08-31,,,,,,,,,,,,,
2000-09-01,,,,,,,,,,,,,
2000-09-02,,,,,,,,,,,,,
2000-09-03,,,,,,,,,,,,,
2000-09-04,,,,,,,,,,,,,
2000-09-05,,,,,,,,,,,,,
2000-09-06,,,,,,,,,,,,,
2000-09-07,,,,,,,,,,,,,
2000-09-08,,,,,,,,,,,,,
2000-09-09,,,,,,,,,,,,,
2000-09-10,,,,,,,,,,,,,
2000-09-11,,,,,,,,,,,,,
2000-09-12,,,,,,,,,,,,,
2000-09-13,,,,,,,,,,,,,
2000-09-14,,,,,,,,,,,,,
2000-09-15,,,,,,,,,,,,,
2000-09-16,,,,,,,,,,,,,
2000-09-17,,,,,,,,,,,,,
2000-09-18,,,,,,,,,,,,,
2000-09-19,,,,,,,,,,,,,
2000-09-20,,,,,,,,,,,,,
2000-09-21,,,,,,,,,,,,,
2000-09-22,,,,,,,,,,,,,
2000-09-23,,,,,,,,,,,,,
2000-09-24,,,,,,,,,,,,,
2000-09-25,,,,,,,,,,,,,
2000-09-26,,,,,,,,,,,,,
2000-09-27,,,,,,,,,,,,,
2000-09-28,,,,,,,,,,,,,
2000-09-29,,,,,,,,,,,,,
2000-09-30,,,,,,,,,,,,,
2000-10-01,,,,,,,,,,,,,
2000-10-02,,,,,,,,,,,,,
2000-10-03,,,,,,,,,,,,,
2000-10-04,,,,,,,,,,,,,
2000-10-05,,,,,,,,,,,,,
2000-10-06,,,,,,,,,,,,,
2000-10-07,,,,,,,,,,,,,
2000-10-08,,,,,,,,,,,,,
2000-10-09,,,,,,,,,,,,,
2000-10-10,,,,,,,,,,,,,
2000-10-11,,,,,,,,,,,,,
2000-10-12,,,,,,,,,,,,,
2000-10-13,,,,,,,,,,,,,
2000-10-14,,,,,,,,,,,,,
2000-10-15,,,,,,,,,,,,,
2000-10-16,,,,,,,,,,,,,
2000-10-17,,,,,,,,,,,,,
2000-10-18,,,,,,,,,,,,,
2000-10-19,,,,,,,,,,,,,
2000-10-20,,,,,,,,,,,,,
2000-10-21,,,,,,,,,,,,,
2000-10-22,,,,,,,,,,,,,
2000-10-23,,,,,,,,,,,,,
2000-10-24,,,,,,,,,,,,,
2000-10-25,,,,,,,,,,,,,
2000-10-26,,,,,,,,,,,,,
2000-10-27,,,,,,,,,,,,,
2000-10-28,,,,,,,,,,,,,
2000-10-29,,,,,,,,,,,,,
2000-10-30,,,,,,,,,,,,,
2000-10-31,,,,,,,,,,,,,
2000-11-01,,,,,,,,,,,,,
2000-11-02,,,,,,,,,,,,,
2000-11-03,,,,,,,,,,,,,
2000-11-04,,,,,,,,,,,,,
2000-11-05,,,,,,,,,,,,,
2000-11-06,,,,,,,,,,,,,
2000-11-07,,,,,,,,,,,,,
2000-11-08,,,,,,,,,,,,,
2000-11-09,,,,,,,,,,,,,
2000-11-10,,,,,,,,,,,,,
2000-11-11,,,,,,,,,,,,,
2000-11-12,,,,,,,,,,,,,
2000-11-13,,,,,,,,,,,,,
2000-11-14,,,,,,,,,,,,,
2000-11-15,,,,,,,,,,,,,
2000-11-16,,,,,,,,,,,,,
2000-11-17,,,,,,,,,,,,,
2000-11-18,,,,,,,,,,,,,
2000-11-19,,,,,,,,,,,,,
2000-11-20,,,,,,,,,,,,,
2000-11-21,,,,,,,,,,,,,
2000-11-22,,,,,,,,,,,,,
2000-11-23,,,,,,,,,,,,,
2000-11-24,,,,,,,,,,,,,
2000-11-25,,,,,,,,,,,,,
2000-11-26,,,,,,,,,,,,,
2000-11-27,,,,,,,,,,,,,
2000-11-28,,,,,,,,,,,,,
2000-11-29,,,,,,,,,,,,,
2000-11-30,,,,,,,,,,,,,
2000-12-01,,,,,,,,,,,,,
2000-12-02,,,,,,,,,,,,,
2000-12-03,,,,,,,,,,,,,
2000-12-04,,,,,,,,,,,,,
2000-12-05,,,,,,,,,,,,,
2000-12-06,,,,,,,,,,,,,
2000-12-07,,,,,,,,,,,,,
2000-12-08,,,,,,,,,,,,,
2000-12-09,,,,,,,,,,,,,
2000-12-10,,,,,,,,,,,,,
2000-12-11,,,,,,,,,,,,,
2000-12-12,,,,,,,,,,,,,
2000-12-13,,,,,,,,,,,,,
2000-12-14,,,,,,,,,,,,,
2000-12-15,,,,,,,,,,,,,
2000-12-16,,,,,,,,,,,,,
2000-12-17,,,,,,,,,,,,,
2000-12-18,,,,,,,,,,,,,
2000-12-19,,,,,,,,,,,,,
2000-12-20,,,,,,,,,,,,,
2000-12-21,,,,,,,,,,,,,
2000-12-22,,,,,,,,,,,,,
2000-12-23,,,,,,,,,,,,,
2000-12-24,,,,,,,,,,,,,
2000-12-25,,,,,,,,,,,,,
2000-12-26,,,,,,,,,,,,,
2000-12-27,,,,,,,,,,,,,
2000-12-28,,,,,,,,,,,,,
2000-12-29,,,,,,,,,,,,,
2000-12-30,,,,,,,,,,,,,
2000-12-31,,,,,,,,,,,,,
2001-01-01,,,,,,,,,,,,,
2001-01-02,,,,,,,,,,,,,
2001-01-03,,,,,,,,,,,,,
2001-01-04,,,,,,,,,,,,,
2001-01-05,,,,,,,,,,,,,
2001-01-06,,,,,,,,,,,,,
2001-01-07,,,,,,,,,,,,,
2001-01-08,,,,,,,,,,,,,
2001-01-09,,,,,,,,,,,,,
2001-01-10,,,,,,,,,,,,,
2001-01-11,,,,,,,,,,,,,
2001-01-12,,,,,,,,,,,,,
2001-01-13,,,,,,,,,,,,,
2001-01-14,,,,,,,,,,,,,
2001-01-15,,,,,,,,,,,,,
2001-01-16,,,,,,,,,,,,,
2001-01-17,,,,,,,,,,,,,
2001-01-18,,,,,,,,,,,,,
2001-01-19,,,,,,,,,,,,,
2001-01-20,,,,,,,,,,,,,
2001-01-21,,,,,,,,,,,,,
2001-01-22,,,,,,,,,,,,,
2001-01-23,,,,,,,,,,,,,
2001-01-24,,,,,,,,,,,,,
2001-01-25,,,,,,,,,,,,,
2001-01-26,,,,,,,,,,,,,
2001-01-27,,,,,,,,,,,,,
2001-01-28,,,,,,,,,,,,,
2001-01-29,,,,,,,,,,,,,
2001-01-30,,,,,,,,,,,,,
2001-01-31,,,,,,,,,,,,,
2001-02-01,,,,,,,,,,,,,
2001-02-02,,,,,,,,,,,,,
2001-02-03,,,,,,,,,,,,,
2001-02-04,,,,,,,,,,,,,
2001-02-05,,,,,,,,,,,,,
2001-02-06,,,,,,,,,,,,,
2001-02-07,,,,,,,,,,,,,
2001-02-08,,,,,,,,,,,,,
2001-02-09,,,,,,,,,,,,,
2001-02-10,,,,,,,,,,,,,
2001-02-11,,,,,,,,,,,,,
2001-02-12,,,,,,,,,,,,,
2001-02-13,,,,,,,,,,,,,
2001-02-14,,,,,,,,,,,,,
2001-02-15,,,,,,,,,,,,,
2001-02-16,,,,,,,,,,,,,
2001-02-17,,,,,,,,,,,,,
2001-02-18,,,,,,,,,,,,,
2001-02-19,,,,,,,,,,,,,
2001-02-20,,,,,,,,,,,,,
2001-02-21,,,,,,,,,,,,,
2001-02-22,,,,,,,,,,,,,
2001-02-23,,,,,,,,,,,,,
2001-02-24,,,,,,,,,,,,,
2001-02-25,,,,,,,,,,,,,
2001-02-26,,,,,,,,,,,,,
2001-02-27,,,,,,,,,,,,,
2001-02-28,,,,,,,,,,,,,
2001-03-01,,,,,,,,,,,,,
2001-03-02,,,,,,,,,,,,,
2001-03-03,,,,,,,,,,,,,
2001-03-04,,,,,,,,,,,,,
2001-03-05,,,,,,,,,,,,,
2001-03-06,,,,,,,,,,,,,
2001-03-07,,,,,,,,,,,,,
2001-03-08,,,,,,,,,,,,,
2001-03-09,,,,,,,,,,,,,
2001-03-10,,,,,,,,,,,,,
2001-03-11,,,,,,,,,,,,,
2001-03-12,,,,,,,,,,,,,
2001-03-13,,,,,,,,,,,,,
2001-03-14,,,,,,,,,,,,,
2001-03-15,,,,,,,,,,,,,
2001-03-16,,,,,,,,,,,,,
2001-03-17,,,,,,,,,,,,,
2001-03-18,,,,,,,,,,,,,
2001-03-19,,,,,,,,,,,,,
2001-03-20,,,,,,,,,,,,,
2001-03-21,,,,,,,,,,,,,
2001-03-22,,,,,,,,,,,,,
2001-03-23,,,,,,,,,,,,,
2001-03-24,,,,,,,,,,,,,
2001-03-25,,,,,,,,,,,,,
2001-03-26,,,,,,,,,,,,,
2001-03-27,,,,,,,,,,,,,
2001-03-28,,,,,,,,,,,,,
2001-03-29,,,,,,,,,,,,,
2001-03-30,,,,,,,,,,,,,
2001-03-31,,,,,,,,,,,,,
2001-04-01,,,,,,,,,,,,,
2001-04-02,,,,,,,,,,,,,
2001-04-03,,,,,,,,,,,,,
2001-04-04,,,,,,,,,,,,,
2001-04-05,,,,,,,,,,,,,
2001-04-06,,,,,,,,,,,,,
2001-04-07,,,,,,,,,,,,,
2001-04-08,,,,,,,,,,,,,
2001-04-09,,,,,,,,,,,,,
2001-04-10,,,,,,,,,,,,,
2001-04-11,,,,,,,,,,,,,
2001-04-12,,,,,,,,,,,,,
2001-04-13,,,,,,,,,,,,,
2001-04-14,,,,,,,,,,,,,
2001-04-15,,,,,,,,,,,,,
2001-04-16,,,,,,,,,,,,,
2001-04-17,,,,,,,,,,,,,
2001-04-18,,,,,,,,,,,,,
2001-04-19,,,,,,,,,,,,,
2001-04-20,,,,,,,,,,,,,
2001-04-21,,,,,,,,,,,,,
2001-04-22,,,,,,,,,,,,,
2001-04-23,,,,,,,,,,,,,
2001-04-24,,,,,,,,,,,,,
2001-04-25,,,,,,,,,,,,,
2001-04-26,,,,,,,,,,,,,
2001-04-27,,,,,,,,,,,,,
2001-04-28,,,,,,,,,,,,,
2001-04-29,,,,,,,,,,,,,
2001-04-30,,,,,,,,,,,,,
2001-05-01,,,,,,,,,,,,,
2001-05-02,,,,,,,,,,,,,
2001-05-03,,,,,,,,,,,,,
2001-05-04,,,,,,,,,,,,,
2001-05-05,,,,,,,,,,,,,
2001-05-06,,,,,,,,,,,,,
2001-05-07,,,,,,,,,,,,,
2001-05-08,,,,,,,,,,,,,
2001-05-09,,,,,,,,,,,,,
2001-05-10,,,,,,,,,,,,,
2001-05-11,,,,,,,,,,,,,
2001-05-12,,,,,,,,,,,,,
2001-05-13,,,,,,,,,,,,,
2001-05-14,,,,,,,,,,,,,
2001-05-15,,,,,,,,,,,,,
2001-05-16,,,,,,,,,,,,,
2001-05-17,,,,,,,,,,,,,
2001-05-18,,,,,,,,,,,,,
2001-05-19,,,,,,,,,,,,,
2001-05-20,,,,,,,,,,,,,
2001-05-21,,,,,,,,,,,,,
2001-05-22,,,,,,,,,,,,,
2001-05-23,,,,,,,,,,,,,
2001-05-24,,,,,,,,,,,,,
2001-05-25,,,,,,,,,,,,,
2001-05-26,,,,,,,,,,,,,
2001-05-27,,,,,,,,,,,,,
2001-05-28,,,,,,,,,,,,,
2001-05-29,,,,,,,,,,,,,
2001-05-30,,,,,,,,,,,,,
2001-05-31,,,,,,,,,,,,,
2001-06-01,,,,,,,,,,,,,
2001-06-02,,,,,,,,,,,,,
2001-06-03,,,,,,,,,,,,,
2001-06-04,,,,,,,,,,,,,
2001-06-05,,,,,,,,,,,,,
2001-06-06,,,,,,,,,,,,,
2001-06-07,,,,,,,,,,,,,
2001-06-08,,,,,,,,,,,,,
2001-06-09,,,,,,,,,,,,,
2001-06-10,,,,,,,,,,,,,
2001-06-11,,,,,,,,,,,,,
2001-06-12,,,,,,,,,,,,,
2001-06-13,,,,,,,,,,,,,
2001-06-14,,,,,,,,,,,,,
2001-06-15,,,,,,,,,,,,,
2001-06-16,,,,,,,,,,,,,
2001-06-17,,,,,,,,,,,,,
2001-06-18,,,,,,,,,,,,,
2001-06-19,,,,,,,,,,,,,
2001-06-20,,,,,,,,,,,,,
2001-06-21,,,,,,,,,,,,,
2001-06-22,,,,,,,,,,,,,
2001-06-23,,,,,,,,,,,,,
2001-06-24,,,,,,,,,,,,,
2001-06-25,,,,,,,,,,,,,
2001-06-26,,,,,,,,,,,,,
2001-06-27,,,,,,,,,,,,,
2001-06-28,,,,,,,,,,,,,
2001-06-29,,,,,,,,,,,,,
2001-06-30,,,,,,,,,,,,,
2001-07-01,,,,,,,,,,,,,
2001-07-02,,,,,,,,,,,,,
2001-07-03,,,,,,,,,,,,,
2001-07-04,,,,,,,,,,,,,
2001-07-05,,,,,,,,,,,,,
2001-07-06,,,,,,,,,,,,,
2001-07-07,,,,,,,,,,,,,
2001-07-08,,,,,,,,,,,,,
2001-07-09,,,,,,,,,,,,,
2001-07-10,,,,,,,,,,,,,
2001-07-11,,,,,,,,,,,,,
2001-07-12,,,,,,,,,,,,,
2001-07-13,,,,,,,,,,,,,
2001-07-14,,,,,,,,,,,,,
2001-07-15,,,,,,,,,,,,,
2001-07-16,,,,,,,,,,,,,
2001-07-17,,,,,,,,,,,,,
2001-07-18,,,,,,,,,,,,,
2001-07-19,,,,,,,,,,,,,
2001-07-20,,,,,,,,,,,,,
2001-07-21,,,,,,,,,,,,,
2001-07-22,,,,,,,,,,,,,
2001-07-23,,,,,,,,,,,,,
2001-07-24,,,,,,,,,,,,,
2001-07-25,,,,,,,,,,,,,
2001-07-26,,,,,,,,,,,,,
2001-07-27,,,,,,,,,,,,,
2001-07-28,,,,,,,,,,,,,
2001-07-29,,,,,,,,,,,,,
2001-07-30,,,,,,,,,,,,,
2001-07-31,,,,,,,,,,,,,
2001-08-01,,,,,,,,,,,,,
2001-08-02,,,,,,,,,,,,,
2001-08-03,,,,,,,,,,,,,
2001-08-04,,,,,,,,,,,,,
2001-08-05,,,,,,,,,,,,,
2001-08-06,,,,,,,,,,,,,
2001-08-07,,,,,,,,,,,,,
2001-08-08,,,,,,,,,,,,,
2001-08-09,,,,,,,,,,,,,
2001-08-10,,,,,,,,,,,,,
2001-08-11,,,,,,,,,,,,,
2001-08-12,,,,,,,,,,,,,
2001-08-13,,,,,,,,,,,,,
2001-08-14,,,,,,,,,,,,,
2001-08-15,,,,,,,,,,,,,
2001-08-16,,,,,,,,,,,,,
2001-08-17,,,,,,,,,,,,,
2001-08-18,,,,,,,,,,,,,
2001-08-19,,,,,,,,,,,,,
2001-08-20,,,,,,,,,,,,,
2001-08-21,,,,,,,,,,,,,
2001-08-22,,,,,,,,,,,,,
2001-08-23,,,,,,,,,,,,,
2001-08-24,,,,,,,,,,,,,
2001-08-25,,,,,,,,,,,,,
2001-08-26,,,,,,,,,,,,,
2001-08-27,,,,,,,,,,,,,
2001-08-28,,,,,,,,,,,,,
2001-08-29,,,,,,,,,,,,,
2001-08-30,,,,,,,,,,,,,
2001-08-31,,,,,,,,,,,,,
2001-09-01,,,,,,,,,,,,,
2001-09-02,,,,,,,,,,,,,
2001-09-03,,,,,,,,,,,,,
2001-09-04,,,,,,,,,,,,,
2001-09-05,,,,,,,,,,,,,
2001-09-06,,,,,,,,,,,,,
2001-09-07,,,,,,,,,,,,,
2001-09-08,,,,,,,,,,,,,
2001-09-09,,,,,,,,,,,,,
2001-09-10,,,,,,,,,,,,,
2001-09-11,,,,,,,,,,,,,
2001-09-12,,,,,,,,,,,,,
2001-09-13,,,,,,,,,,,,,
2001-09-14,,,,,,,,,,,,,
2001-09-15,,,,,,,,,,,,,
2001-09-16,,,,,,,,,,,,,
2001-09-17,,,,,,,,,,,,,
2001-09-18,,,,,,,,,,,,,
2001-09-19,,,,,,,,,,,,,
2001-09-20,,,,,,,,,,,,,
2001-09-21,,,,,,,,,,,,,
2001-09-22,,,,,,,,,,,,,
2001-09-23,,,,,,,,,,,,,
2001-09-24,,,,,,,,,,,,,
2001-09-25,,,,,,,,,,,,,
2001-09-26,,,,,,,,,,,,,
2001-09-27,,,,,,,,,,,,,
2001-09-28,,,,,,,,,,,,,
2001-09-29,,,,,,,,,,,,,
2001-09-30,,,,,,,,,,,,,
2001-10-01,,,,,,,,,,,,,
2001-10-02,,,,,,,,,,,,,
2001-10-03,,,,,,,,,,,,,
2001-10-04,,,,,,,,,,,,,
2001-10-05,,,,,,,,,,,,,
2001-10-06,,,,,,,,,,,,,
2001-10-07,,,,,,,,,,,,,
2001-10-08,,,,,,,,,,,,,
2001-10-09,,,,,,,,,,,,,
2001-10-10,,,,,,,,,,,,,
2001-10-11,,,,,,,,,,,,,
2001-10-12,,,,,,,,,,,,,
2001-10-13,,,,,,,,,,,,,
2001-10-14,,,,,,,,,,,,,
2001-10-15,,,,,,,,,,,,,
2001-10-16,,,,,,,,,,,,,
2001-10-17,,,,,,,,,,,,,
2001-10-18,,,,,,,,,,,,,
2001-10-19,,,,,,,,,,,,,
2001-10-20,,,,,,,,,,,,,
2001-10-21,,,,,,,,,,,,,
2001-10-22,,,,,,,,,,,,,
2001-10-23,,,,,,,,,,,,,
2001-10-24,,,,,,,,,,,,,
2001-10-25,,,,,,,,,,,,,
2001-10-26,,,,,,,,,,,,,
2001-10-27,,,,,,,,,,,,,
2001-10-28,,,,,,,,,,,,,
2001-10-29,,,,,,,,,,,,,
2001-10-30,,,,,,,,,,,,,
2001-10-31,,,,,,,,,,,,,
2001-11-01,,,,,,,,,,,,,
2001-11-02,,,,,,,,,,,,,
2001-11-03,,,,,,,,,,,,,
2001-11-04,,,,,,,,,,,,,
2001-11-05,,,,,,,,,,,,,
2001-11-06,,,,,,,,,,,,,
2001-11-07,,,,,,,,,,,,,
2001-11-08,,,,,,,,,,,,,
2001-11-09,,,,,,,,,,,,,
2001-11-10,,,,,,,,,,,,,
2001-11-11,,,,,,,,,,,,,
2001-11-12,,,,,,,,,,,,,
2001-11-13,,,,,,,,,,,,,
2001-11-14,,,,,,,,,,,,,
2001-11-15,,,,,,,,,,,,,
2001-11-16,,,,,,,,,,,,,
2001-11-17,,,,,,,,,,,,,
2001-11-18,,,,,,,,,,,,,
2001-11-19,,,,,,,,,,,,,
2001-11-20,,,,,,,,,,,,,
2001-11-21,,,,,,,,,,,,,
2001-11-22,,,,,,,,,,,,,
2001-11-23,,,,,,,,,,,,,
2001-11-24,,,,,,,,,,,,,
2001-11-25,,,,,,,,,,,,,
2001-11-26,,,,,,,,,,,,,
2001-11-27,,,,,,,,,,,,,
2001-11-28,,,,,,,,,,,,,
2001-11-29,,,,,,,,,,,,,
2001-11-30,,,,,,,,,,,,,
2001-12-01,,,,,,,,,,,,,
2001-12-02,,,,,,,,,,,,,
2001-12-03,,,,,,,,,,,,,
2001-12-04,,,,,,,,,,,,,
2001-12-05,,,,,,,,,,,,,
2001-12-06,,,,,,,,,,,,,
2001-12-07,,,,,,,,,,,,,
2001-12-08,,,,,,,,,,,,,
2001-12-09,,,,,,,,,,,,,
2001-12-10,,,,,,,,,,,,,
2001-12-11,,,,,,,,,,,,,
2001-12-12,,,,,,,,,,,,,
2001-12-13,,,,,,,,,,,,,
2001-12-14,,,,,,,,,,,,,
2001-12-15,,,,,,,,,,,,,
2001-12-16,,,,,,,,,,,,,
2001-12-17,,,,,,,,,,,,,
2001-12-18,,,,,,,,,,,,,
2001-12-19,,,,,,,,,,,,,
2001-12-20,,,,,,,,,,,,,
2001-12-21,,,,,,,,,,,,,
2001-12-22,,,,,,,,,,,,,
2001-12-23,,,,,,,,,,,,,
2001-12-24,,,,,,,,,,,,,
2001-12-25,,,,,,,,,,,,,
2001-12-26,,,,,,,,,,,,,
2001-12-27,,,,,,,,,,,,,
2001-12-28,,,,,,,,,,,,,
2001-12-29,,,,,,,,,,,,,
2001-12-30,,,,,,,,,,,,,
2001-12-31,,,,,,,,,,,,,
2002-01-01,,,,,,,,,,,,,
2002-01-02,,,,,,,,,,,,,
2002-01-03,,,,,,,,,,,,,
2002-01-04,,,,,,,,,,,,,
2002-01-05,,,,,,,,,,,,,
2002-01-06,,,,,,,,,,,,,
2002-01-07,,,,,,,,,,,,,
2002-01-08,,,,,,,,,,,,,
2002-01-09,,,,,,,,,,,,,
2002-01-10,,,,,,,,,,,,,
2002-01-11,,,,,,,,,,,,,
2002-01-12,,,,,,,,,,,,,
2002-01-13,,,,,,,,,,,,,
2002-01-14,,,,,,,,,,,,,
2002-01-15,,,,,,,,,,,,,
2002-01-16,,,,,,,,,,,,,
2002-01-17,,,,,,,,,,,,,
2002-01-18,,,,,,,,,,,,,
2002-01-19,,,,,,,,,,,,,
2002-01-20,,,,,,,,,,,,,
2002-01-21,,,,,,,,,,,,,
2002-01-22,,,,,,,,,,,,,
2002-01-23,,,,,,,,,,,,,
2002-01-24,,,,,,,,,,,,,
2002-01-25,,,,,,,,,,,,,
2002-01-26,,,,,,,,,,,,,
2002-01-27,,,,,,,,,,,,,
2002-01-28,,,,,,,,,,,,,
2002-01-29,,,,,,,,,,,,,
2002-01-30,,,,,,,,,,,,,
2002-01-31,,,,,,,,,,,,,
2002-02-01,,,,,,,,,,,,,
2002-02-02,,,,,,,,,,,,,
2002-02-03,,,,,,,,,,,,,
2002-02-04,,,,,,,,,,,,,
2002-02-05,,,,,,,,,,,,,
2002-02-06,,,,,,,,,,,,,
2002-02-07,,,,,,,,,,,,,
2002-02-08,,,,,,,,,,,,,
2002-02-09,,,,,,,,,,,,,
2002-02-10,,,,,,,,,,,,,
2002-02-11,,,,,,,,,,,,,
2002-02-12,,,,,,,,,,,,,
2002-02-13,,,,,,,,,,,,,
2002-02-14,,,,,,,,,,,,,
2002-02-15,,,,,,,,,,,,,
2002-02-16,,,,,,,,,,,,,
2002-02-17,,,,,,,,,,,,,
2002-02-18,,,,,,,,,,,,,
2002-02-19,,,,,,,,,,,,,
2002-02-20,,,,,,,,,,,,,
2002-02-21,,,,,,,,,,,,,
2002-02-22,,,,,,,,,,,,,
2002-02-23,,,,,,,,,,,,,
2002-02-24,,,,,,,,,,,,,
2002-02-25,,,,,,,,,,,,,
2002-02-26,,,,,,,,,,,,,
2002-02-27,,,,,,,,,,,,,
2002-02-28,,,,,,,,,,,,,
2002-03-01,,,,,,,,,,,,,
2002-03-02,,,,,,,,,,,,,
2002-03-03,,,,,,,,,,,,,
2002-03-04,,,,,,,,,,,,,
2002-03-05,,,,,,,,,,,,,
2002-03-06,,,,,,,,,,,,,
2002-03-07,,,,,,,,,,,,,
2002-03-08,,,,,,,,,,,,,
2002-03-09,,,,,,,,,,,,,
2002-03-10,,,,,,,,,,,,,
2002-03-11,,,,,,,,,,,,,
2002-03-12,,,,,,,,,,,,,
2002-03-13,,,,,,,,,,,,,
2002-03-14,,,,,,,,,,,,,
2002-03-15,,,,,,,,,,,,,
2002-03-16,,,,,,,,,,,,,
2002-03-17,,,,,,,,,,,,,
2002-03-18,,,,,,,,,,,,,
2002-03-19,,,,,,,,,,,,,
2002-03-20,,,,,,,,,,,,,
2002-03-21,,,,,,,,,,,,,
2002-03-22,,,,,,,,,,,,,
2002-03-23,,,,,,,,,,,,,
2002-03-24,,,,,,,,,,,,,
2002-03-25,,,,,,,,,,,,,
2002-03-26,,,,,,,,,,,,,
2002-03-27,,,,,,,,,,,,,
2002-03-28,,,,,,,,,,,,,
2002-03-29,,,,,,,,,,,,,
2002-03-30,,,,,,,,,,,,,
2002-03-31,,,,,,,,,,,,,
2002-04-01,,,,,,,,,,,,,
2002-04-02,,,,,,,,,,,,,
2002-04-03,,,,,,,,,,,,,
2002-04-04,,,,,,,,,,,,,
2002-04-05,,,,,,,,,,,,,
2002-04-06,,,,,,,,,,,,,
2002-04-07,,,,,,,,,,,,,
2002-04-08,,,,,,,,,,,,,
2002-04-09,,,,,,,,,,,,,
2002-04-10,,,,,,,,,,,,,
2002-04-11,,,,,,,,,,,,,
2002-04-12,,,,,,,,,,,,,
2002-04-13,,,,,,,,,,,,,
2002-04-14,,,,,,,,,,,,,
2002-04-15,,,,,,,,,,,,,
2002-04-16,,,,,,,,,,,,,
2002-04-17,,,,,,,,,,,,,
2002-04-18,,,,,,,,,,,,,
2002-04-19,,,,,,,,,,,,,
2002-04-20,,,,,,,,,,,,,
2002-04-21,,,,,,,,,,,,,
2002-04-22,,,,,,,,,,,,,
2002-04-23,,,,,,,,,,,,,
2002-04-24,,,,,,,,,,,,,
2002-04-25,,,,,,,,,,,,,
2002-04-26,,,,,,,,,,,,,
2002-04-27,,,,,,,,,,,,,
2002-04-28,,,,,,,,,,,,,
2002-04-29,,,,,,,,,,,,,
2002-04-30,,,,,,,,,,,,,
2002-05-01,,,,,,,,,,,,,
2002-05-02,,,,,,,,,,,,,
2002-05-03,,,,,,,,,,,,,
2002-05-04,,,,,,,,,,,,,
2002-05-05,,,,,,,,,,,,,
2002-05-06,,,,,,,,,,,,,
2002-05-07,,,,,,,,,,,,,
2002-05-08,,,,,,,,,,,,,
2002-05-09,,,,,,,,,,,,,
2002-05-10,,,,,,,,,,,,,
2002-05-11,,,,,,,,,,,,,
2002-05-12,,,,,,,,,,,,,
2002-05-13,,,,,,,,,,,,,
2002-05-14,,,,,,,,,,,,,
2002-05-15,,,,,,,,,,,,,
2002-05-16,,,,,,,,,,,,,
2002-05-17,,,,,,,,,,,,,
2002-05-18,,,,,,,,,,,,,
2002-05-19,,,,,,,,,,,,,
2002-05-20,,,,,,,,,,,,,
2002-05-21,,,,,,,,,,,,,
2002-05-22,,,,,,,,,,,,,
2002-05-23,,,,,,,,,,,,,
2002-05-24,,,,,,,,,,,,,
2002-05-25,,,,,,,,,,,,,
2002-05-26,,,,,,,,,,,,,
2002-05-27,,,,,,,,,,,,,
2002-05-28,,,,,,,,,,,,,
2002-05-29,,,,,,,,,,,,,
2002-05-30,,,,,,,,,,,,,
2002-05-31,,,,,,,,,,,,,
2002-06-01,,,,,,,,,,,,,
2002-06-02,,,,,,,,,,,,,
2002-06-03,,,,,,,,,,,,,
2002-06-04,,,,,,,,,,,,,
2002-06-05,,,,,,,,,,,,,
2002-06-06,,,,,,,,,,,,,
2002-06-07,,,,,,,,,,,,,
2002-06-08,,,,,,,,,,,,,
2002-06-09,,,,,,,,,,,,,
2002-06-10,,,,,,,,,,,,,
2002-06-11,,,,,,,,,,,,,
2002-06-12,,,,,,,,,,,,,
2002-06-13,,,,,,,,,,,,,
2002-06-14,,,,,,,,,,,,,
2002-06-15,,,,,,,,,,,,,
2002-06-16,,,,,,,,,,,,,
2002-06-17,,,,,,,,,,,,,
2002-06-18,,,,,,,,,,,,,
2002-06-19,,,,,,,,,,,,,
2002-06-20,,,,,,,,,,,,,
2002-06-21,,,,,,,,,,,,,
2002-06-22,,,,,,,,,,,,,
2002-06-23,,,,,,,,,,,,,
2002-06-24,,,,,,,,,,,,,
2002-06-25,,,,,,,,,,,,,
2002-06-26,,,,,,,,,,,,,
2002-06-27,,,,,,,,,,,,,
2002-06-28,,,,,,,,,,,,,
2002-06-29,,,,,,,,,,,,,
2002-06-30,,,,,,,,,,,,,
2002-07-01,,,,,,,,,,,,,
2002-07-02,,,,,,,,,,,,,
2002-07-03,,,,,,,,,,,,,
2002-07-04,,,,,,,,,,,,,
2002-07-05,,,,,,,,,,,,,
2002-07-06,,,,,,,,,,,,,
2002-07-07,,,,,,,,,,,,,
2002-07-08,,,,,,,,,,,,,
2002-07-09,,,,,,,,,,,,,
2002-07-10,,,,,,,,,,,,,
2002-07-11,,,,,,,,,,,,,
2002-07-12,,,,,,,,,,,,,
2002-07-13,,,,,,,,,,,,,
2002-07-14,,,,,,,,,,,,,
2002-07-15,,,,,,,,,,,,,
2002-07-16,,,,,,,,,,,,,
2002-07-17,,,,,,,,,,,,,
2002-07-18,,,,,,,,,,,,,
2002-07-19,,,,,,,,,,,,,
2002-07-20,,,,,,,,,,,,,
2002-07-21,,,,,,,,,,,,,
2002-07-22,,,,,,,,,,,,,
2002-07-23,,,,,,,,,,,,,
2002-07-24,,,,,,,,,,,,,
2002-07-25,,,,,,,,,,,,,
2002-07-26,,,,,,,,,,,,,
2002-07-27,,,,,,,,,,,,,
2002-07-28,,,,,,,,,,,,,
2002-07-29,,,,,,,,,,,,,
2002-07-30,,,,,,,,,,,,,
2002-07-31,,,,,,,,,,,,,
2002-08-01,,,,,,,,,,,,,
2002-08-02,,,,,,,,,,,,,
2002-08-03,,,,,,,,,,,,,
2002-08-04,,,,,,,,,,,,,
2002-08-05,,,,,,,,,,,,,
2002-08-06,,,,,,,,,,,,,
2002-08-07,,,,,,,,,,,,,
2002-08-08,,,,,,,,,,,,,
2002-08-09,,,,,,,,,,,,,
2002-08-10,,,,,,,,,,,,,
2002-08-11,,,,,,,,,,,,,
2002-08-12,,,,,,,,,,,,,
2002-08-13,,,,,,,,,,,,,
2002-08-14,,,,,,,,,,,,,
2002-08-15,,,,,,,,,,,,,
2002-08-16,,,,,,,,,,,,,
2002-08-17,,,,,,,,,,,,,
2002-08-18,,,,,,,,,,,,,
2002-08-19,,,,,,,,,,,,,
2002-08-20,,,,,,,,,,,,,
2002-08-21,,,,,,,,,,,,,
2002-08-22,,,,,,,,,,,,,
2002-08-23,,,,,,,,,,,,,
2002-08-24,,,,,,,,,,,,,
2002-08-25,,,,,,,,,,,,,
2002-08-26,,,,,,,,,,,,,
2002-08-27,,,,,,,,,,,,,
2002-08-28,,,,,,,,,,,,,
2002-08-29,,,,,,,,,,,,,
2002-08-30,,,,,,,,,,,,,
2002-08-31,,,,,,,,,,,,,
2002-09-01,,,,,,,,,,,,,
2002-09-02,,,,,,,,,,,,,
2002-09-03,,,,,,,,,,,,,
2002-09-04,,,,,,,,,,,,,
2002-09-05,,,,,,,,,,,,,
2002-09-06,,,,,,,,,,,,,
2002-09-07,,,,,,,,,,,,,
2002-09-08,,,,,,,,,,,,,
2002-09-09,,,,,,,,,,,,,
2002-09-10,,,,,,,,,,,,,
2002-09-11,,,,,,,,,,,,,
2002-09-12,,,,,,,,,,,,,
2002-09-13,,,,,,,,,,,,,
2002-09-14,,,,,,,,,,,,,
2002-09-15,,,,,,,,,,,,,
2002-09-16,,,,,,,,,,,,,
2002-09-17,,,,,,,,,,,,,
2002-09-18,,,,,,,,,,,,,
2002-09-19,,,,,,,,,,,,,
2002-09-20,,,,,,,,,,,,,
2002-09-21,,,,,,,,,,,,,
2002-09-22,,,,,,,,,,,,,
2002-09-23,,,,,,,,,,,,,
2002-09-24,,,,,,,,,,,,,
2002-09-25,,,,,,,,,,,,,
2002-09-26,,,,,,,,,,,,,
2002-09-27,,,,,,,,,,,,,
2002-09-28,,,,,,,,,,,,,
2002-09-29,,,,,,,,,,,,,
2002-09-30,,,,,,,,,,,,,
2002-10-01,,,,,,,,,,,,,
2002-10-02,,,,,,,,,,,,,
2002-10-03,,,,,,,,,,,,,
2002-10-04,,,,,,,,,,,,,
2002-10-05,,,,,,,,,,,,,
2002-10-06,,,,,,,,,,,,,
2002-10-07,,,,,,,,,,,,,
2002-10-08,,,,,,,,,,,,,
2002-10-09,,,,,,,,,,,,,
2002-10-10,,,,,,,,,,,,,
2002-10-11,,,,,,,,,,,,,
2002-10-12,,,,,,,,,,,,,
2002-10-13,,,,,,,,,,,,,
2002-10-14,,,,,,,,,,,,,
2002-10-15,,,,,,,,,,,,,
2002-10-16,,,,,,,,,,,,,
2002-10-17,,,,,,,,,,,,,
2002-10-18,,,,,,,,,,,,,
2002-10-19,,,,,,,,,,,,,
2002-10-20,,,,,,,,,,,,,
2002-10-21,,,,,,,,,,,,,
2002-10-22,,,,,,,,,,,,,
2002-10-23,,,,,,,,,,,,,
2002-10-24,,,,,,,,,,,,,
2002-10-25,,,,,,,,,,,,,
2002-10-26,,,,,,,,,,,,,
2002-10-27,,,,,,,,,,,,,
2002-10-28,,,,,,,,,,,,,
2002-10-29,,,,,,,,,,,,,
2002-10-30,,,,,,,,,,,,,
2002-10-31,,,,,,,,,,,,,
2002-11-01,,,,,,,,,,,,,
2002-11-02,,,,,,,,,,,,,
2002-11-03,,,,,,,,,,,,,
2002-11-04,,,,,,,,,,,,,
2002-11-05,,,,,,,,,,,,,
2002-11-06,,,,,,,,,,,,,
2002-11-07,,,,,,,,,,,,,
2002-11-08,,,,,,,,,,,,,
2002-11-09,,,,,,,,,,,,,
2002-11-10,,,,,,,,,,,,,
2002-11-11,,,,,,,,,,,,,
2002-11-12,,,,,,,,,,,,,
2002-11-13,,,,,,,,,,,,,
2002-11-14,,,,,,,,,,,,,
2002-11-15,,,,,,,,,,,,,
2002-11-16,,,,,,,,,,,,,
2002-11-17,,,,,,,,,,,,,
2002-11-18,,,,,,,,,,,,,
2002-11-19,,,,,,,,,,,,,
2002-11-20,,,,,,,,,,,,,
2002-11-21,,,,,,,,,,,,,
2002-11-22,,,,,,,,,,,,,
2002-11-23,,,,,,,,,,,,,
2002-11-24,,,,,,,,,,,,,
2002-11-25,,,,,,,,,,,,,
2002-11-26,,,,,,,,,,,,,
2002-11-27,,,,,,,,,,,,,
2002-11-28,,,,,,,,,,,,,
2002-11-29,,,,,,,,,,,,,
2002-11-30,,,,,,,,,,,,,
2002-12-01,,,,,,,,,,,,,
2002-12-02,,,,,,,,,,,,,
2002-12-03,,,,,,,,,,,,,
2002-12-04,,,,,,,,,,,,,
2002-12-05,,,,,,,,,,,,,
2002-12-06,,,,,,,,,,,,,
2002-12-07,,,,,,,,,,,,,
2002-12-08,,,,,,,,,,,,,
2002-12-09,,,,,,,,,,,,,
2002-12-10,,,,,,,,,,,,,
2002-12-11,,,,,,,,,,,,,
2002-12-12,,,,,,,,,,,,,
2002-12-13,,,,,,,,,,,,,
2002-12-14,,,,,,,,,,,,,
2002-12-15,,,,,,,,,,,,,
2002-12-16,,,,,,,,,,,,,
2002-12-17,,,,,,,,,,,,,
2002-12-18,,,,,,,,,,,,,
2002-12-19,,,,,,,,,,,,,
2002-12-20,,,,,,,,,,,,,
2002-12-21,,,,,,,,,,,,,
2002-12-22,,,,,,,,,,,,,
2002-12-23,,,,,,,,,,,,,
2002-12-24,,,,,,,,,,,,,
2002-12-25,,,,,,,,,,,,,
2002-12-26,,,,,,,,,,,,,
2002-12-27,,,,,,,,,,,,,
2002-12-28,,,,,,,,,,,,,
2002-12-29,,,,,,,,,,,,,
2002-12-30,,,,,,,,,,,,,
2002-12-31,,,,,,,,,,,,,
2003-01-01,,,,,,,,,,,,,
2003-01-02,,,,,,,,,,,,,
2003-01-03,,,,,,,,,,,,,
2003-01-04,,,,,,,,,,,,,
2003-01-05,,,,,,,,,,,,,
2003-01-06,,,,,,,,,,,,,
2003-01-07,,,,,,,,,,,,,
2003-01-08,,,,,,,,,,,,,
2003-01-09,,,,,,,,,,,,,
2003-01-10,,,,,,,,,,,,,
2003-01-11,,,,,,,,,,,,,
2003-01-12,,,,,,,,,,,,,
2003-01-13,,,,,,,,,,,,,
2003-01-14,,,,,,,,,,,,,
2003-01-15,,,,,,,,,,,,,
2003-01-16,,,,,,,,,,,,,
2003-01-17,,,,,,,,,,,,,
2003-01-18,,,,,,,,,,,,,
2003-01-19,,,,,,,,,,,,,
2003-01-20,,,,,,,,,,,,,
2003-01-21,,,,,,,,,,,,,
2003-01-22,,,,,,,,,,,,,
2003-01-23,,,,,,,,,,,,,
2003-01-24,,,,,,,,,,,,,
2003-01-25,,,,,,,,,,,,,
2003-01-26,,,,,,,,,,,,,
2003-01-27,,,,,,,,,,,,,
2003-01-28,,,,,,,,,,,,,
2003-01-29,,,,,,,,,,,,,
2003-01-30,,,,,,,,,,,,,
2003-01-31,,,,,,,,,,,,,
2003-02-01,,,,,,,,,,,,,
2003-02-02,,,,,,,,,,,,,
2003-02-03,,,,,,,,,,,,,
2003-02-04,,,,,,,,,,,,,
2003-02-05,,,,,,,,,,,,,
2003-02-06,,,,,,,,,,,,,
2003-02-07,,,,,,,,,,,,,
2003-02-08,,,,,,,,,,,,,
2003-02-09,,,,,,,,,,,,,
2003-02-10,,,,,,,,,,,,,
2003-02-11,,,,,,,,,,,,,
2003-02-12,,,,,,,,,,,,,
2003-02-13,,,,,,,,,,,,,
2003-02-14,,,,,,,,,,,,,
2003-02-15,,,,,,,,,,,,,
2003-02-16,,,,,,,,,,,,,
2003-02-17,,,,,,,,,,,,,
2003-02-18,,,,,,,,,,,,,
2003-02-19,,,,,,,,,,,,,
2003-02-20,,,,,,,,,,,,,
2003-02-21,,,,,,,,,,,,,
2003-02-22,,,,,,,,,,,,,
2003-02-23,,,,,,,,,,,,,
2003-02-24,,,,,,,,,,,,,
2003-02-25,,,,,,,,,,,,,
2003-02-26,,,,,,,,,,,,,
2003-02-27,,,,,,,,,,,,,
2003-02-28,,,,,,,,,,,,,
2003-03-01,,,,,,,,,,,,,
2003-03-02,,,,,,,,,,,,,
2003-03-03,,,,,,,,,,,,,
2003-03-04,,,,,,,,,,,,,
2003-03-05,,,,,,,,,,,,,
2003-03-06,,,,,,,,,,,,,
2003-03-07,,,,,,,,,,,,,
2003-03-08,,,,,,,,,,,,,
2003-03-09,,,,,,,,,,,,,
2003-03-10,,,,,,,,,,,,,
2003-03-11,,,,,,,,,,,,,
2003-03-12,,,,,,,,,,,,,
2003-03-13,,,,,,,,,,,,,
2003-03-14,,,,,,,,,,,,,
2003-03-15,,,,,,,,,,,,,
2003-03-16,,,,,,,,,,,,,
2003-03-17,,,,,,,,,,,,,
2003-03-18,,,,,,,,,,,,,
2003-03-19,,,,,,,,,,,,,
2003-03-20,,,,,,,,,,,,,
2003-03-21,,,,,,,,,,,,,
2003-03-22,,,,,,,,,,,,,
2003-03-23,,,,,,,,,,,,,
2003-03-24,,,,,,,,,,,,,
2003-03-25,,,,,,,,,,,,,
2003-03-26,,,,,,,,,,,,,
2003-03-27,,,,,,,,,,,,,
2003-03-28,,,,,,,,,,,,,
2003-03-29,,,,,,,,,,,,,
2003-03-30,,,,,,,,,,,,,
2003-03-31,,,,,,,,,,,,,
2003-04-01,,,,,,,,,,,,,
2003-04-02,,,,,,,,,,,,,
2003-04-03,,,,,,,,,,,,,
2003-04-04,,,,,,,,,,,,,
2003-04-05,,,,,,,,,,,,,
2003-04-06,,,,,,,,,,,,,
2003-04-07,,,,,,,,,,,,,
2003-04-08,,,,,,,,,,,,,
2003-04-09,,,,,,,,,,,,,
2003-04-10,,,,,,,,,,,,,
2003-04-11,,,,,,,,,,,,,
2003-04-12,,,,,,,,,,,,,
2003-04-13,,,,,,,,,,,,,
2003-04-14,,,,,,,,,,,,,
2003-04-15,,,,,,,,,,,,,
2003-04-16,,,,,,,,,,,,,
2003-04-17,,,,,,,,,,,,,
2003-04-18,,,,,,,,,,,,,
2003-04-19,,,,,,,,,,,,,
2003-04-20,,,,,,,,,,,,,
2003-04-21,,,,,,,,,,,,,
2003-04-22,,,,,,,,,,,,,
2003-04-23,,,,,,,,,,,,,
2003-04-24,,,,,,,,,,,,,
2003-04-25,,,,,,,,,,,,,
2003-04-26,,,,,,,,,,,,,
2003-04-27,,,,,,,,,,,,,
2003-04-28,,,,,,,,,,,,,
2003-04-29,,,,,,,,,,,,,
2003-04-30,,,,,,,,,,,,,
2003-05-01,,,,,,,,,,,,,
2003-05-02,,,,,,,,,,,,,
2003-05-03,,,,,,,,,,,,,
2003-05-04,,,,,,,,,,,,,
2003-05-05,,,,,,,,,,,,,
2003-05-06,,,,,,,,,,,,,
2003-05-07,,,,,,,,,,,,,
2003-05-08,,,,,,,,,,,,,
2003-05-09,,,,,,,,,,,,,
2003-05-10,,,,,,,,,,,,,
2003-05-11,,,,,,,,,,,,,
2003-05-12,,,,,,,,,,,,,
2003-05-13,,,,,,,,,,,,,
2003-05-14,,,,,,,,,,,,,
2003-05-15,,,,,,,,,,,,,
2003-05-16,,,,,,,,,,,,,
2003-05-17,,,,,,,,,,,,,
2003-05-18,,,,,,,,,,,,,
2003-05-19,,,,,,,,,,,,,
2003-05-20,,,,,,,,,,,,,
2003-05-21,,,,,,,,,,,,,
2003-05-22,,,,,,,,,,,,,
2003-05-23,,,,,,,,,,,,,
2003-05-24,,,,,,,,,,,,,
2003-05-25,,,,,,,,,,,,,
2003-05-26,,,,,,,,,,,,,
2003-05-27,,,,,,,,,,,,,
2003-05-28,,,,,,,,,,,,,
2003-05-29,,,,,,,,,,,,,
2003-05-30,,,,,,,,,,,,,
2003-05-31,,,,,,,,,,,,,
2003-06-01,,,,,,,,,,,,,
2003-06-02,,,,,,,,,,,,,
2003-06-03,,,,,,,,,,,,,
2003-06-04,,,,,,,,,,,,,
2003-06-05,,,,,,,,,,,,,
2003-06-06,,,,,,,,,,,,,
2003-06-07,,,,,,,,,,,,,
2003-06-08,,,,,,,,,,,,,
2003-06-09,,,,,,,,,,,,,
2003-06-10,,,,,,,,,,,,,
2003-06-11,,,,,,,,,,,,,
2003-06-12,,,,,,,,,,,,,
2003-06-13,,,,,,,,,,,,,
2003-06-14,,,,,,,,,,,,,
2003-06-15,,,,,,,,,,,,,
2003-06-16,,,,,,,,,,,,,
2003-06-17,,,,,,,,,,,,,
2003-06-18,,,,,,,,,,,,,
2003-06-19,,,,,,,,,,,,,
2003-06-20,,,,,,,,,,,,,
2003-06-21,,,,,,,,,,,,,
2003-06-22,,,,,,,,,,,,,
2003-06-23,,,,,,,,,,,,,
2003-06-24,,,,,,,,,,,,,
2003-06-25,,,,,,,,,,,,,
2003-06-26,,,,,,,,,,,,,
2003-06-27,,,,,,,,,,,,,
2003-06-28,,,,,,,,,,,,,
2003-06-29,,,,,,,,,,,,,
2003-06-30,,,,,,,,,,,,,
2003-07-01,,,,,,,,,,,,,
2003-07-02,,,,,,,,,,,,,
2003-07-03,,,,,,,,,,,,,
2003-07-04,,,,,,,,,,,,,
2003-07-05,,,,,,,,,,,,,
2003-07-06,,,,,,,,,,,,,
2003-07-07,,,,,,,,,,,,,
2003-07-08,,,,,,,,,,,,,
2003-07-09,,,,,,,,,,,,,
2003-07-10,,,,,,,,,,,,,
2003-07-11,,,,,,,,,,,,,
2003-07-12,,,,,,,,,,,,,
2003-07-13,,,,,,,,,,,,,
2003-07-14,,,,,,,,,,,,,
2003-07-15,,,,,,,,,,,,,
2003-07-16,,,,,,,,,,,,,
2003-07-17,,,,,,,,,,,,,
2003-07-18,,,,,,,,,,,,,
2003-07-19,,,,,,,,,,,,,
2003-07-20,,,,,,,,,,,,,
2003-07-21,,,,,,,,,,,,,
2003-07-22,,,,,,,,,,,,,
2003-07-23,,,,,,,,,,,,,
2003-07-24,,,,,,,,,,,,,
2003-07-25,,,,,,,,,,,,,
2003-07-26,,,,,,,,,,,,,
2003-07-27,,,,,,,,,,,,,
2003-07-28,,,,,,,,,,,,,
2003-07-29,,,,,,,,,,,,,
2003-07-30,,,,,,,,,,,,,
2003-07-31,,,,,,,,,,,,,
2003-08-01,,,,,,,,,,,,,
2003-08-02,,,,,,,,,,,,,
2003-08-03,,,,,,,,,,,,,
2003-08-04,,,,,,,,,,,,,
2003-08-05,,,,,,,,,,,,,
2003-08-06,,,,,,,,,,,,,
2003-08-07,,,,,,,,,,,,,
2003-08-08,,,,,,,,,,,,,
2003-08-09,,,,,,,,,,,,,
2003-08-10,,,,,,,,,,,,,
2003-08-11,,,,,,,,,,,,,
2003-08-12,,,,,,,,,,,,,
2003-08-13,,,,,,,,,,,,,
2003-08-14,,,,,,,,,,,,,
2003-08-15,,,,,,,,,,,,,
2003-08-16,,,,,,,,,,,,,
2003-08-17,,,,,,,,,,,,,
2003-08-18,,,,,,,,,,,,,
2003-08-19,,,,,,,,,,,,,
2003-08-20,,,,,,,,,,,,,
2003-08-21,,,,,,,,,,,,,
2003-08-22,,,,,,,,,,,,,
2003-08-23,,,,,,,,,,,,,
2003-08-24,,,,,,,,,,,,,
2003-08-25,,,,,,,,,,,,,
2003-08-26,,,,,,,,,,,,,
2003-08-27,,,,,,,,,,,,,
2003-08-28,,,,,,,,,,,,,
2003-08-29,,,,,,,,,,,,,
2003-08-30,,,,,,,,,,,,,
2003-08-31,,,,,,,,,,,,,
2003-09-01,,,,,,,,,,,,,
2003-09-02,,,,,,,,,,,,,
2003-09-03,,,,,,,,,,,,,
2003-09-04,,,,,,,,,,,,,
2003-09-05,,,,,,,,,,,,,
2003-09-06,,,,,,,,,,,,,
2003-09-07,,,,,,,,,,,,,
2003-09-08,,,,,,,,,,,,,
2003-09-09,,,,,,,,,,,,,
2003-09-10,,,,,,,,,,,,,
2003-09-11,,,,,,,,,,,,,
2003-09-12,,,,,,,,,,,,,
2003-09-13,,,,,,,,,,,,,
2003-09-14,,,,,,,,,,,,,
2003-09-15,,,,,,,,,,,,,
2003-09-16,,,,,,,,,,,,,
2003-09-17,,,,,,,,,,,,,
2003-09-18,,,,,,,,,,,,,
2003-09-19,,,,,,,,,,,,,
2003-09-20,,,,,,,,,,,,,
2003-09-21,,,,,,,,,,,,,
2003-09-22,,,,,,,,,,,,,
2003-09-23,,,,,,,,,,,,,
2003-09-24,,,,,,,,,,,,,
2003-09-25,,,,,,,,,,,,,
2003-09-26,,,,,,,,,,,,,
2003-09-27,,,,,,,,,,,,,
2003-09-28,,,,,,,,,,,,,
2003-09-29,,,,,,,,,,,,,
2003-09-30,,,,,,,,,,,,,
2003-10-01,,,,,,,,,,,,,
2003-10-02,,,,,,,,,,,,,
2003-10-03,,,,,,,,,,,,,
2003-10-04,,,,,,,,,,,,,
2003-10-05,,,,,,,,,,,,,
2003-10-06,,,,,,,,,,,,,
2003-10-07,,,,,,,,,,,,,
2003-10-08,,,,,,,,,,,,,
2003-10-09,,,,,,,,,,,,,
2003-10-10,,,,,,,,,,,,,
2003-10-11,,,,,,,,,,,,,
2003-10-12,,,,,,,,,,,,,
2003-10-13,,,,,,,,,,,,,
2003-10-14,,,,,,,,,,,,,
2003-10-15,,,,,,,,,,,,,
2003-10-16,,,,,,,,,,,,,
2003-10-17,,,,,,,,,,,,,
2003-10-18,,,,,,,,,,,,,
2003-10-19,,,,,,,,,,,,,
2003-10-20,,,,,,,,,,,,,
2003-10-21,,,,,,,,,,,,,
2003-10-22,,,,,,,,,,,,,
2003-10-23,,,,,,,,,,,,,
2003-10-24,,,,,,,,,,,,,
2003-10-25,,,,,,,,,,,,,
2003-10-26,,,,,,,,,,,,,
2003-10-27,,,,,,,,,,,,,
2003-10-28,,,,,,,,,,,,,
2003-10-29,,,,,,,,,,,,,
2003-10-30,,,,,,,,,,,,,
2003-10-31,,,,,,,,,,,,,
2003-11-01,,,,,,,,,,,,,
2003-11-02,,,,,,,,,,,,,
2003-11-03,,,,,,,,,,,,,
2003-11-04,,,,,,,,,,,,,
2003-11-05,,,,,,,,,,,,,
2003-11-06,,,,,,,,,,,,,
2003-11-07,,,,,,,,,,,,,
2003-11-08,,,,,,,,,,,,,
2003-11-09,,,,,,,,,,,,,
2003-11-10,,,,,,,,,,,,,
2003-11-11,,,,,,,,,,,,,
2003-11-12,,,,,,,,,,,,,
2003-11-13,,,,,,,,,,,,,
2003-11-14,,,,,,,,,,,,,
2003-11-15,,,,,,,,,,,,,
2003-11-16,,,,,,,,,,,,,
2003-11-17,,,,,,,,,,,,,
2003-11-18,,,,,,,,,,,,,
2003-11-19,,,,,,,,,,,,,
2003-11-20,,,,,,,,,,,,,
2003-11-21,,,,,,,,,,,,,
2003-11-22,,,,,,,,,,,,,
2003-11-23,,,,,,,,,,,,,
2003-11-24,,,,,,,,,,,,,
2003-11-25,,,,,,,,,,,,,
2003-11-26,,,,,,,,,,,,,
2003-11-27,,,,,,,,,,,,,
2003-11-28,,,,,,,,,,,,,
2003-11-29,,,,,,,,,,,,,
2003-11-30,,,,,,,,,,,,,
2003-12-01,,,,,,,,,,,,,
2003-12-02,,,,,,,,,,,,,
2003-12-03,,,,,,,,,,,,,
2003-12-04,,,,,,,,,,,,,
2003-12-05,,,,,,,,,,,,,
2003-12-06,,,,,,,,,,,,,
2003-12-07,,,,,,,,,,,,,
2003-12-08,,,,,,,,,,,,,
2003-12-09,,,,,,,,,,,,,
2003-12-10,,,,,,,,,,,,,
2003-12-11,,,,,,,,,,,,,
2003-12-12,,,,,,,,,,,,,
2003-12-13,,,,,,,,,,,,,
2003-12-14,,,,,,,,,,,,,
2003-12-15,,,,,,,,,,,,,
2003-12-16,,,,,,,,,,,,,
2003-12-17,,,,,,,,,,,,,
2003-12-18,,,,,,,,,,,,,
2003-12-19,,,,,,,,,,,,,
2003-12-20,,,,,,,,,,,,,
2003-12-21,,,,,,,,,,,,,
2003-12-22,,,,,,,,,,,,,
2003-12-23,,,,,,,,,,,,,
2003-12-24,,,,,,,,,,,,,
2003-12-25,,,,,,,,,,,,,
2003-12-26,,,,,,,,,,,,,
2003-12-27,,,,,,,,,,,,,
2003-12-28,,,,,,,,,,,,,
2003-12-29,,,,,,,,,,,,,
2003-12-30,,,,,,,,,,,,,
2003-12-31,,,,,,,,,,,,,
2004-01-01,,,,,,,,,,,,,
2004-01-02,,,,,,,,,,,,,
2004-01-03,,,,,,,,,,,,,
2004-01-04,,,,,,,,,,,,,
2004-01-05,,,,,,,,,,,,,
2004-01-06,,,,,,,,,,,,,
2004-01-07,,,,,,,,,,,,,
2004-01-08,,,,,,,,,,,,,
2004-01-09,,,,,,,,,,,,,
2004-01-10,,,,,,,,,,,,,
2004-01-11,,,,,,,,,,,,,
2004-01-12,,,,,,,,,,,,,
2004-01-13,,,,,,,,,,,,,
2004-01-14,,,,,,,,,,,,,
2004-01-15,,,,,,,,,,,,,
2004-01-16,,,,,,,,,,,,,
2004-01-17,,,,,,,,,,,,,
2004-01-18,,,,,,,,,,,,,
2004-01-19,,,,,,,,,,,,,
2004-01-20,,,,,,,,,,,,,
2004-01-21,,,,,,,,,,,,,
2004-01-22,,,,,,,,,,,,,
2004-01-23,,,,,,,,,,,,,
2004-01-24,,,,,,,,,,,,,
2004-01-25,,,,,,,,,,,,,
2004-01-26,,,,,,,,,,,,,
2004-01-27,,,,,,,,,,,,,
2004-01-28,,,,,,,,,,,,,
2004-01-29,,,,,,,,,,,,,
2004-01-30,,,,,,,,,,,,,
2004-01-31,,,,,,,,,,,,,
2004-02-01,,,,,,,,,,,,,
2004-02-02,,,,,,,,,,,,,
2004-02-03,,,,,,,,,,,,,
2004-02-04,,,,,,,,,,,,,
2004-02-05,,,,,,,,,,,,,
2004-02-06,,,,,,,,,,,,,
2004-02-07,,,,,,,,,,,,,
2004-02-08,,,,,,,,,,,,,
2004-02-09,,,,,,,,,,,,,
2004-02-10,,,,,,,,,,,,,
2004-02-11,,,,,,,,,,,,,
2004-02-12,,,,,,,,,,,,,
2004-02-13,,,,,,,,,,,,,
2004-02-14,,,,,,,,,,,,,
2004-02-15,,,,,,,,,,,,,
2004-02-16,,,,,,,,,,,,,
2004-02-17,,,,,,,,,,,,,
2004-02-18,,,,,,,,,,,,,
2004-02-19,,,,,,,,,,,,,
2004-02-20,,,,,,,,,,,,,
2004-02-21,,,,,,,,,,,,,
2004-02-22,,,,,,,,,,,,,
2004-02-23,,,,,,,,,,,,,
2004-02-24,,,,,,,,,,,,,
2004-02-25,,,,,,,,,,,,,
2004-02-26,,,,,,,,,,,,,
2004-02-27,,,,,,,,,,,,,
2004-02-28,,,,,,,,,,,,,
2004-02-29,,,,,,,,,,,,,
2004-03-01,,,,,,,,,,,,,
2004-03-02,,,,,,,,,,,,,
2004-03-03,,,,,,,,,,,,,
2004-03-04,,,,,,,,,,,,,
2004-03-05,,,,,,,,,,,,,
2004-03-06,,,,,,,,,,,,,
2004-03-07,,,,,,,,,,,,,
2004-03-08,,,,,,,,,,,,,
2004-03-09,,,,,,,,,,,,,
2004-03-10,,,,,,,,,,,,,
2004-03-11,,,,,,,,,,,,,
2004-03-12,,,,,,,,,,,,,
2004-03-13,,,,,,,,,,,,,
2004-03-14,,,,,,,,,,,,,
2004-03-15,,,,,,,,,,,,,
2004-03-16,,,,,,,,,,,,,
2004-03-17,,,,,,,,,,,,,
2004-03-18,,,,,,,,,,,,,
2004-03-19,,,,,,,,,,,,,
2004-03-20,,,,,,,,,,,,,
2004-03-21,,,,,,,,,,,,,
2004-03-22,,,,,,,,,,,,,
2004-03-23,,,,,,,,,,,,,
2004-03-24,,,,,,,,,,,,,
2004-03-25,,,,,,,,,,,,,
2004-03-26,,,,,,,,,,,,,
2004-03-27,,,,,,,,,,,,,
2004-03-28,,,,,,,,,,,,,
2004-03-29,,,,,,,,,,,,,
2004-03-30,,,,,,,,,,,,,
2004-03-31,,,,,,,,,,,,,
2004-04-01,,,,,,,,,,,,,
2004-04-02,,,,,,,,,,,,,
2004-04-03,,,,,,,,,,,,,
2004-04-04,,,,,,,,,,,,,
2004-04-05,,,,,,,,,,,,,
2004-04-06,,,,,,,,,,,,,
2004-04-07,,,,,,,,,,,,,
2004-04-08,,,,,,,,,,,,,
2004-04-09,,,,,,,,,,,,,
2004-04-10,,,,,,,,,,,,,
2004-04-11,,,,,,,,,,,,,
2004-04-12,,,,,,,,,,,,,
2004-04-13,,,,,,,,,,,,,
2004-04-14,,,,,,,,,,,,,
2004-04-15,,,,,,,,,,,,,
2004-04-16,,,,,,,,,,,,,
2004-04-17,,,,,,,,,,,,,
2004-04-18,,,,,,,,,,,,,
2004-04-19,,,,,,,,,,,,,
2004-04-20,,,,,,,,,,,,,
2004-04-21,,,,,,,,,,,,,
2004-04-22,,,,,,,,,,,,,
2004-04-23,,,,,,,,,,,,,
2004-04-24,,,,,,,,,,,,,
2004-04-25,,,,,,,,,,,,,
2004-04-26,,,,,,,,,,,,,
2004-04-27,,,,,,,,,,,,,
2004-04-28,,,,,,,,,,,,,
2004-04-29,,,,,,,,,,,,,
2004-04-30,,,,,,,,,,,,,
2004-05-01,,,,,,,,,,,,,
2004-05-02,,,,,,,,,,,,,
2004-05-03,,,,,,,,,,,,,
2004-05-04,,,,,,,,,,,,,
2004-05-05,,,,,,,,,,,,,
2004-05-06,,,,,,,,,,,,,
2004-05-07,,,,,,,,,,,,,
2004-05-08,,,,,,,,,,,,,
2004-05-09,,,,,,,,,,,,,
2004-05-10,,,,,,,,,,,,,
2004-05-11,,,,,,,,,,,,,
2004-05-12,,,,,,,,,,,,,
2004-05-13,,,,,,,,,,,,,
2004-05-14,,,,,,,,,,,,,
2004-05-15,,,,,,,,,,,,,
2004-05-16,,,,,,,,,,,,,
2004-05-17,,,,,,,,,,,,,
2004-05-18,,,,,,,,,,,,,
2004-05-19,,,,,,,,,,,,,
2004-05-20,,,,,,,,,,,,,
2004-05-21,,,,,,,,,,,,,
2004-05-22,,,,,,,,,,,,,
2004-05-23,,,,,,,,,,,,,
2004-05-24,,,,,,,,,,,,,
2004-05-25,,,,,,,,,,,,,
2004-05-26,,,,,,,,,,,,,
2004-05-27,,,,,,,,,,,,,
2004-05-28,,,,,,,,,,,,,
2004-05-29,,,,,,,,,,,,,
2004-05-30,,,,,,,,,,,,,
2004-05-31,,,,,,,,,,,,,
2004-06-01,,,,,,,,,,,,,
2004-06-02,,,,,,,,,,,,,
2004-06-03,,,,,,,,,,,,,
2004-06-04,,,,,,,,,,,,,
2004-06-05,,,,,,,,,,,,,
2004-06-06,,,,,,,,,,,,,
2004-06-07,,,,,,,,,,,,,
2004-06-08,,,,,,,,,,,,,
2004-06-09,,,,,,,,,,,,,
2004-06-10,,,,,,,,,,,,,
2004-06-11,,,,,,,,,,,,,
2004-06-12,,,,,,,,,,,,,
2004-06-13,,,,,,,,,,,,,
2004-06-14,,,,,,,,,,,,,
2004-06-15,,,,,,,,,,,,,
2004-06-16,,,,,,,,,,,,,
2004-06-17,,,,,,,,,,,,,
2004-06-18,,,,,,,,,,,,,
2004-06-19,,,,,,,,,,,,,
2004-06-20,,,,,,,,,,,,,
2004-06-21,,,,,,,,,,,,,
2004-06-22,,,,,,,,,,,,,
2004-06-23,,,,,,,,,,,,,
2004-06-24,,,,,,,,,,,,,
2004-06-25,,,,,,,,,,,,,
2004-06-26,,,,,,,,,,,,,
2004-06-27,,,,,,,,,,,,,
2004-06-28,,,,,,,,,,,,,
2004-06-29,,,,,,,,,,,,,
2004-06-30,,,,,,,,,,,,,
2004-07-01,,,,,,,,,,,,,
2004-07-02,,,,,,,,,,,,,
2004-07-03,,,,,,,,,,,,,
2004-07-04,,,,,,,,,,,,,
2004-07-05,,,,,,,,,,,,,
2004-07-06,,,,,,,,,,,,,
2004-07-07,,,,,,,,,,,,,
2004-07-08,,,,,,,,,,,,,
2004-07-09,,,,,,,,,,,,,
2004-07-10,,,,,,,,,,,,,
2004-07-11,,,,,,,,,,,,,
2004-07-12,,,,,,,,,,,,,
2004-07-13,,,,,,,,,,,,,
2004-07-14,,,,,,,,,,,,,
2004-07-15,,,,,,,,,,,,,
2004-07-16,,,,,,,,,,,,,
2004-07-17,,,,,,,,,,,,,
2004-07-18,,,,,,,,,,,,,
2004-07-19,,,,,,,,,,,,,
2004-07-20,,,,,,,,,,,,,
2004-07-21,,,,,,,,,,,,,
2004-07-22,,,,,,,,,,,,,
2004-07-23,,,,,,,,,,,,,
2004-07-24,,,,,,,,,,,,,
2004-07-25,,,,,,,,,,,,,
2004-07-26,,,,,,,,,,,,,
2004-07-27,,,,,,,,,,,,,
2004-07-28,,,,,,,,,,,,,
2004-07-29,,,,,,,,,,,,,
2004-07-30,,,,,,,,,,,,,
2004-07-31,,,,,,,,,,,,,
2004-08-01,,,,,,,,,,,,,
2004-08-02,,,,,,,,,,,,,
2004-08-03,,,,,,,,,,,,,
2004-08-04,,,,,,,,,,,,,
2004-08-05,,,,,,,,,,,,,
2004-08-06,,,,,,,,,,,,,
2004-08-07,,,,,,,,,,,,,
2004-08-08,,,,,,,,,,,,,
2004-08-09,,,,,,,,,,,,,
2004-08-10,,,,,,,,,,,,,
2004-08-11,,,,,,,,,,,,,
2004-08-12,,,,,,,,,,,,,
2004-08-13,,,,,,,,,,,,,
2004-08-14,,,,,,,,,,,,,
2004-08-15,,,,,,,,,,,,,
2004-08-16,,,,,,,,,,,,,
2004-08-17,,,,,,,,,,,,,
2004-08-18,,,,,,,,,,,,,
2004-08-19,,,,,,,,,,,,,
2004-08-20,,,,,,,,,,,,,
2004-08-21,,,,,,,,,,,,,
2004-08-22,,,,,,,,,,,,,
2004-08-23,,,,,,,,,,,,,
2004-08-24,,,,,,,,,,,,,
2004-08-25,,,,,,,,,,,,,
2004-08-26,,,,,,,,,,,,,
2004-08-27,,,,,,,,,,,,,
2004-08-28,,,,,,,,,,,,,
2004-08-29,,,,,,,,,,,,,
2004-08-30,,,,,,,,,,,,,
2004-08-31,,,,,,,,,,,,,
2004-09-01,,,,,,,,,,,,,
2004-09-02,,,,,,,,,,,,,
2004-09-03,,,,,,,,,,,,,
2004-09-04,,,,,,,,,,,,,
2004-09-05,,,,,,,,,,,,,
2004-09-06,,,,,,,,,,,,,
2004-09-07,,,,,,,,,,,,,
2004-09-08,,,,,,,,,,,,,
2004-09-09,,,,,,,,,,,,,
2004-09-10,,,,,,,,,,,,,
2004-09-11,,,,,,,,,,,,,
2004-09-12,,,,,,,,,,,,,
2004-09-13,,,,,,,,,,,,,
2004-09-14,,,,,,,,,,,,,
2004-09-15,,,,,,,,,,,,,
2004-09-16,,,,,,,,,,,,,
2004-09-17,,,,,,,,,,,,,
2004-09-18,,,,,,,,,,,,,
2004-09-19,,,,,,,,,,,,,
2004-09-20,,,,,,,,,,,,,
2004-09-21,,,,,,,,,,,,,
2004-09-22,,,,,,,,,,,,,
2004-09-23,,,,,,,,,,,,,
2004-09-24,,,,,,,,,,,,,
2004-09-25,,,,,,,,,,,,,
2004-09-26,,,,,,,,,,,,,
2004-09-27,,,,,,,,,,,,,
2004-09-28,,,,,,,,,,,,,
2004-09-29,,,,,,,,,,,,,
2004-09-30,,,,,,,,,,,,,
2004-10-01,,,,,,,,,,,,,
2004-10-02,,,,,,,,,,,,,
2004-10-03,,,,,,,,,,,,,
2004-10-04,,,,,,,,,,,,,
2004-10-05,,,,,,,,,,,,,
2004-10-06,,,,,,,,,,,,,
2004-10-07,,,,,,,,,,,,,
2004-10-08,,,,,,,,,,,,,
2004-10-09,,,,,,,,,,,,,
2004-10-10,,,,,,,,,,,,,
2004-10-11,,,,,,,,,,,,,
2004-10-12,,,,,,,,,,,,,
2004-10-13,,,,,,,,,,,,,
2004-10-14,,,,,,,,,,,,,
2004-10-15,,,,,,,,,,,,,
2004-10-16,,,,,,,,,,,,,
2004-10-17,,,,,,,,,,,,,
2004-10-18,,,,,,,,,,,,,
2004-10-19,,,,,,,,,,,,,
2004-10-20,,,,,,,,,,,,,
2004-10-21,,,,,,,,,,,,,
2004-10-22,,,,,,,,,,,,,
2004-10-23,,,,,,,,,,,,,
2004-10-24,,,,,,,,,,,,,
2004-10-25,,,,,,,,,,,,,
2004-10-26,,,,,,,,,,,,,
2004-10-27,,,,,,,,,,,,,
2004-10-28,,,,,,,,,,,,,
2004-10-29,,,,,,,,,,,,,
2004-10-30,,,,,,,,,,,,,
2004-10-31,,,,,,,,,,,,,
2004-11-01,,,,,,,,,,,,,
2004-11-02,,,,,,,,,,,,,
2004-11-03,,,,,,,,,,,,,
2004-11-04,,,,,,,,,,,,,
2004-11-05,,,,,,,,,,,,,
2004-11-06,,,,,,,,,,,,,
2004-11-07,,,,,,,,,,,,,
2004-11-08,,,,,,,,,,,,,
2004-11-09,,,,,,,,,,,,,
2004-11-10,,,,,,,,,,,,,
2004-11-11,,,,,,,,,,,,,
2004-11-12,,,,,,,,,,,,,
2004-11-13,,,,,,,,,,,,,
2004-11-14,,,,,,,,,,,,,
2004-11-15,,,,,,,,,,,,,
2004-11-16,,,,,,,,,,,,,
2004-11-17,,,,,,,,,,,,,
2004-11-18,,,,,,,,,,,,,
2004-11-19,,,,,,,,,,,,,
2004-11-20,,,,,,,,,,,,,
2004-11-21,,,,,,,,,,,,,
2004-11-22,,,,,,,,,,,,,
2004-11-23,,,,,,,,,,,,,
2004-11-24,,,,,,,,,,,,,
2004-11-25,,,,,,,,,,,,,
2004-11-26,,,,,,,,,,,,,
2004-11-27,,,,,,,,,,,,,
2004-11-28,,,,,,,,,,,,,
2004-11-29,,,,,,,,,,,,,
2004-11-30,,,,,,,,,,,,,
2004-12-01,,,,,,,,,,,,,
2004-12-02,,,,,,,,,,,,,
2004-12-03,,,,,,,,,,,,,
2004-12-04,,,,,,,,,,,,,
2004-12-05,,,,,,,,,,,,,
2004-12-06,,,,,,,,,,,,,
2004-12-07,,,,,,,,,,,,,
2004-12-08,,,,,,,,,,,,,
2004-12-09,,,,,,,,,,,,,
2004-12-10,,,,,,,,,,,,,
2004-12-11,,,,,,,,,,,,,
2004-12-12,,,,,,,,,,,,,
2004-12-13,,,,,,,,,,,,,
2004-12-14,,,,,,,,,,,,,
2004-12-15,,,,,,,,,,,,,
2004-12-16,,,,,,,,,,,,,
2004-12-17,,,,,,,,,,,,,
2004-12-18,,,,,,,,,,,,,
2004-12-19,,,,,,,,,,,,,
2004-12-20,,,,,,,,,,,,,
2004-12-21,,,,,,,,,,,,,
2004-12-22,,,,,,,,,,,,,
2004-12-23,,,,,,,,,,,,,
2004-12-24,,,,,,,,,,,,,
2004-12-25,,,,,,,,,,,,,
2004-12-26,,,,,,,,,,,,,
2004-12-27,,,,,,,,,,,,,
2004-12-28,,,,,,,,,,,,,
2004-12-29,,,,,,,,,,,,,
2004-12-30,,,,,,,,,,,,,
2004-12-31,,,,,,,,,,,,,
2005-01-01,,,,,,,,,,,,,
2005-01-02,,,,,,,,,,,,,
2005-01-03,,,,,,,,,,,,,
2005-01-04,,,,,,,,,,,,,
2005-01-05,,,,,,,,,,,,,
2005-01-06,,,,,,,,,,,,,
2005-01-07,,,,,,,,,,,,,
2005-01-08,,,,,,,,,,,,,
2005-01-09,,,,,,,,,,,,,
2005-01-10,,,,,,,,,,,,,
2005-01-11,,,,,,,,,,,,,
2005-01-12,,,,,,,,,,,,,
2005-01-13,,,,,,,,,,,,,
2005-01-14,,,,,,,,,,,,,
2005-01-15,,,,,,,,,,,,,
2005-01-16,,,,,,,,,,,,,
2005-01-17,,,,,,,,,,,,,
2005-01-18,,,,,,,,,,,,,
2005-01-19,,,,,,,,,,,,,
2005-01-20,,,,,,,,,,,,,
2005-01-21,,,,,,,,,,,,,
2005-01-22,,,,,,,,,,,,,
2005-01-23,,,,,,,,,,,,,
2005-01-24,,,,,,,,,,,,,
2005-01-25,,,,,,,,,,,,,
2005-01-26,,,,,,,,,,,,,
2005-01-27,,,,,,,,,,,,,
2005-01-28,,,,,,,,,,,,,
2005-01-29,,,,,,,,,,,,,
2005-01-30,,,,,,,,,,,,,
2005-01-31,,,,,,,,,,,,,
2005-02-01,,,,,,,,,,,,,
2005-02-02,,,,,,,,,,,,,
2005-02-03,,,,,,,,,,,,,
2005-02-04,,,,,,,,,,,,,
2005-02-05,,,,,,,,,,,,,
2005-02-06,,,,,,,,,,,,,
2005-02-07,,,,,,,,,,,,,
2005-02-08,,,,,,,,,,,,,
2005-02-09,,,,,,,,,,,,,
2005-02-10,,,,,,,,,,,,,
2005-02-11,,,,,,,,,,,,,
2005-02-12,,,,,,,,,,,,,
2005-02-13,,,,,,,,,,,,,
2005-02-14,,,,,,,,,,,,,
2005-02-15,,,,,,,,,,,,,
2005-02-16,,,,,,,,,,,,,
2005-02-17,,,,,,,,,,,,,
2005-02-18,,,,,,,,,,,,,
2005-02-19,,,,,,,,,,,,,
2005-02-20,,,,,,,,,,,,,
2005-02-21,,,,,,,,,,,,,
2005-02-22,,,,,,,,,,,,,
2005-02-23,,,,,,,,,,,,,
2005-02-24,,,,,,,,,,,,,
2005-02-25,,,,,,,,,,,,,
2005-02-26,,,,,,,,,,,,,
2005-02-27,,,,,,,,,,,,,
2005-02-28,,,,,,,,,,,,,
2005-03-01,,,,,,,,,,,,,
2005-03-02,,,,,,,,,,,,,
2005-03-03,,,,,,,,,,,,,
2005-03-04,,,,,,,,,,,,,
2005-03-05,,,,,,,,,,,,,
2005-03-06,,,,,,,,,,,,,
2005-03-07,,,,,,,,,,,,,
2005-03-08,,,,,,,,,,,,,
2005-03-09,,,,,,,,,,,,,
2005-03-10,,,,,,,,,,,,,
2005-03-11,,,,,,,,,,,,,
2005-03-12,,,,,,,,,,,,,
2005-03-13,,,,,,,,,,,,,
2005-03-14,,,,,,,,,,,,,
2005-03-15,,,,,,,,,,,,,
2005-03-16,,,,,,,,,,,,,
2005-03-17,,,,,,,,,,,,,
2005-03-18,,,,,,,,,,,,,
2005-03-19,,,,,,,,,,,,,
2005-03-20,,,,,,,,,,,,,
2005-03-21,,,,,,,,,,,,,
2005-03-22,,,,,,,,,,,,,
2005-03-23,,,,,,,,,,,,,
2005-03-24,,,,,,,,,,,,,
2005-03-25,,,,,,,,,,,,,
2005-03-26,,,,,,,,,,,,,
2005-03-27,,,,,,,,,,,,,
2005-03-28,,,,,,,,,,,,,
2005-03-29,,,,,,,,,,,,,
2005-03-30,,,,,,,,,,,,,
2005-03-31,,,,,,,,,,,,,
2005-04-01,,,,,,,,,,,,,
2005-04-02,,,,,,,,,,,,,
2005-04-03,,,,,,,,,,,,,
2005-04-04,,,,,,,,,,,,,
2005-04-05,,,,,,,,,,,,,
2005-04-06,,,,,,,,,,,,,
2005-04-07,,,,,,,,,,,,,
2005-04-08,,,,,,,,,,,,,
2005-04-09,,,,,,,,,,,,,
2005-04-10,,,,,,,,,,,,,
2005-04-11,,,,,,,,,,,,,
2005-04-12,,,,,,,,,,,,,
2005-04-13,,,,,,,,,,,,,
2005-04-14,,,,,,,,,,,,,
2005-04-15,,,,,,,,,,,,,
2005-04-16,,,,,,,,,,,,,
2005-04-17,,,,,,,,,,,,,
2005-04-18,,,,,,,,,,,,,
2005-04-19,,,,,,,,,,,,,
2005-04-20,,,,,,,,,,,,,
2005-04-21,,,,,,,,,,,,,
2005-04-22,,,,,,,,,,,,,
2005-04-23,,,,,,,,,,,,,
2005-04-24,,,,,,,,,,,,,
2005-04-25,,,,,,,,,,,,,
2005-04-26,,,,,,,,,,,,,
2005-04-27,,,,,,,,,,,,,
2005-04-28,,,,,,,,,,,,,
2005-04-29,,,,,,,,,,,,,
2005-04-30,,,,,,,,,,,,,
2005-05-01,,,,,,,,,,,,,
2005-05-02,,,,,,,,,,,,,
2005-05-03,,,,,,,,,,,,,
2005-05-04,,,,,,,,,,,,,
2005-05-05,,,,,,,,,,,,,
2005-05-06,,,,,,,,,,,,,
2005-05-07,,,,,,,,,,,,,
2005-05-08,,,,,,,,,,,,,
2005-05-09,,,,,,,,,,,,,
2005-05-10,,,,,,,,,,,,,
2005-05-11,,,,,,,,,,,,,
2005-05-12,,,,,,,,,,,,,
2005-05-13,,,,,,,,,,,,,
2005-05-14,,,,,,,,,,,,,
2005-05-15,,,,,,,,,,,,,
2005-05-16,,,,,,,,,,,,,
2005-05-17,,,,,,,,,,,,,
2005-05-18,,,,,,,,,,,,,
2005-05-19,,,,,,,,,,,,,
2005-05-20,,,,,,,,,,,,,
2005-05-21,,,,,,,,,,,,,
2005-05-22,,,,,,,,,,,,,
2005-05-23,,,,,,,,,,,,,
2005-05-24,,,,,,,,,,,,,
2005-05-25,,,,,,,,,,,,,
2005-05-26,,,,,,,,,,,,,
2005-05-27,,,,,,,,,,,,,
2005-05-28,,,,,,,,,,,,,
2005-05-29,,,,,,,,,,,,,
2005-05-30,,,,,,,,,,,,,
2005-05-31,,,,,,,,,,,,,
2005-06-01,,,,,,,,,,,,,
2005-06-02,,,,,,,,,,,,,
2005-06-03,,,,,,,,,,,,,
2005-06-04,,,,,,,,,,,,,
2005-06-05,,,,,,,,,,,,,
2005-06-06,,,,,,,,,,,,,
2005-06-07,,,,,,,,,,,,,
2005-06-08,,,,,,,,,,,,,
2005-06-09,,,,,,,,,,,,,
2005-06-10,,,,,,,,,,,,,
2005-06-11,,,,,,,,,,,,,
2005-06-12,,,,,,,,,,,,,
2005-06-13,,,,,,,,,,,,,
2005-06-14,,,,,,,,,,,,,
2005-06-15,,,,,,,,,,,,,
2005-06-16,,,,,,,,,,,,,
2005-06-17,,,,,,,,,,,,,
2005-06-18,,,,,,,,,,,,,
2005-06-19,,,,,,,,,,,,,
2005-06-20,,,,,,,,,,,,,
2005-06-21,,,,,,,,,,,,,
2005-06-22,,,,,,,,,,,,,
2005-06-23,,,,,,,,,,,,,
2005-06-24,,,,,,,,,,,,,
2005-06-25,,,,,,,,,,,,,
2005-06-26,,,,,,,,,,,,,
2005-06-27,,,,,,,,,,,,,
2005-06-28,,,,,,,,,,,,,
2005-06-29,,,,,,,,,,,,,
2005-06-30,,,,,,,,,,,,,
2005-07-01,,,,,,,,,,,,,
2005-07-02,,,,,,,,,,,,,
2005-07-03,,,,,,,,,,,,,
2005-07-04,,,,,,,,,,,,,
2005-07-05,,,,,,,,,,,,,
2005-07-06,,,,,,,,,,,,,
2005-07-07,,,,,,,,,,,,,
2005-07-08,,,,,,,,,,,,,
2005-07-09,,,,,,,,,,,,,
2005-07-10,,,,,,,,,,,,,
2005-07-11,,,,,,,,,,,,,
2005-07-12,,,,,,,,,,,,,
2005-07-13,,,,,,,,,,,,,
2005-07-14,,,,,,,,,,,,,
2005-07-15,,,,,,,,,,,,,
2005-07-16,,,,,,,,,,,,,
2005-07-17,,,,,,,,,,,,,
2005-07-18,,,,,,,,,,,,,
2005-07-19,,,,,,,,,,,,,
2005-07-20,,,,,,,,,,,,,
2005-07-21,,,,,,,,,,,,,
2005-07-22,,,,,,,,,,,,,
2005-07-23,,,,,,,,,,,,,
2005-07-24,,,,,,,,,,,,,
2005-07-25,,,,,,,,,,,,,
2005-07-26,,,,,,,,,,,,,
2005-07-27,,,,,,,,,,,,,
2005-07-28,,,,,,,,,,,,,
2005-07-29,,,,,,,,,,,,,
2005-07-30,,,,,,,,,,,,,
2005-07-31,,,,,,,,,,,,,
2005-08-01,,,,,,,,,,,,,
2005-08-02,,,,,,,,,,,,,
2005-08-03,,,,,,,,,,,,,
2005-08-04,,,,,,,,,,,,,
2005-08-05,,,,,,,,,,,,,
2005-08-06,,,,,,,,,,,,,
2005-08-07,,,,,,,,,,,,,
2005-08-08,,,,,,,,,,,,,
2005-08-09,,,,,,,,,,,,,
2005-08-10,,,,,,,,,,,,,
2005-08-11,,,,,,,,,,,,,
2005-08-12,,,,,,,,,,,,,
2005-08-13,,,,,,,,,,,,,
2005-08-14,,,,,,,,,,,,,
2005-08-15,,,,,,,,,,,,,
2005-08-16,,,,,,,,,,,,,
2005-08-17,,,,,,,,,,,,,
2005-08-18,,,,,,,,,,,,,
2005-08-19,,,,,,,,,,,,,
2005-08-20,,,,,,,,,,,,,
2005-08-21,,,,,,,,,,,,,
2005-08-22,,,,,,,,,,,,,
2005-08-23,,,,,,,,,,,,,
2005-08-24,,,,,,,,,,,,,
2005-08-25,,,,,,,,,,,,,
2005-08-26,,,,,,,,,,,,,
2005-08-27,,,,,,,,,,,,,
2005-08-28,,,,,,,,,,,,,
2005-08-29,,,,,,,,,,,,,
2005-08-30,,,,,,,,,,,,,
2005-08-31,,,,,,,,,,,,,
2005-09-01,,,,,,,,,,,,,
2005-09-02,,,,,,,,,,,,,
2005-09-03,,,,,,,,,,,,,
2005-09-04,,,,,,,,,,,,,
2005-09-05,,,,,,,,,,,,,
2005-09-06,,,,,,,,,,,,,
2005-09-07,,,,,,,,,,,,,
2005-09-08,,,,,,,,,,,,,
2005-09-09,,,,,,,,,,,,,
2005-09-10,,,,,,,,,,,,,
2005-09-11,,,,,,,,,,,,,
2005-09-12,,,,,,,,,,,,,
2005-09-13,,,,,,,,,,,,,
2005-09-14,,,,,,,,,,,,,
2005-09-15,,,,,,,,,,,,,
2005-09-16,,,,,,,,,,,,,
2005-09-17,,,,,,,,,,,,,
2005-09-18,,,,,,,,,,,,,
2005-09-19,,,,,,,,,,,,,
2005-09-20,,,,,,,,,,,,,
2005-09-21,,,,,,,,,,,,,
2005-09-22,,,,,,,,,,,,,
2005-09-23,,,,,,,,,,,,,
2005-09-24,,,,,,,,,,,,,
2005-09-25,,,,,,,,,,,,,
2005-09-26,,,,,,,,,,,,,
2005-09-27,,,,,,,,,,,,,
2005-09-28,,,,,,,,,,,,,
2005-09-29,,,,,,,,,,,,,
2005-09-30,,,,,,,,,,,,,
2005-10-01,,,,,,,,,,,,,
2005-10-02,,,,,,,,,,,,,
2005-10-03,,,,,,,,,,,,,
2005-10-04,,,,,,,,,,,,,
2005-10-05,,,,,,,,,,,,,
2005-10-06,,,,,,,,,,,,,
2005-10-07,,,,,,,,,,,,,
2005-10-08,,,,,,,,,,,,,
2005-10-09,,,,,,,,,,,,,
2005-10-10,,,,,,,,,,,,,
2005-10-11,,,,,,,,,,,,,
2005-10-12,,,,,,,,,,,,,
2005-10-13,,,,,,,,,,,,,
2005-10-14,,,,,,,,,,,,,
2005-10-15,,,,,,,,,,,,,
2005-10-16,,,,,,,,,,,,,
2005-10-17,,,,,,,,,,,,,
2005-10-18,,,,,,,,,,,,,
2005-10-19,,,,,,,,,,,,,
2005-10-20,,,,,,,,,,,,,
2005-10-21,,,,,,,,,,,,,
2005-10-22,,,,,,,,,,,,,
2005-10-23,,,,,,,,,,,,,
2005-10-24,,,,,,,,,,,,,
2005-10-25,,,,,,,,,,,,,
2005-10-26,,,,,,,,,,,,,
2005-10-27,,,,,,,,,,,,,
2005-10-28,,,,,,,,,,,,,
2005-10-29,,,,,,,,,,,,,
2005-10-30,,,,,,,,,,,,,
2005-10-31,,,,,,,,,,,,,
2005-11-01,,,,,,,,,,,,,
2005-11-02,,,,,,,,,,,,,
2005-11-03,,,,,,,,,,,,,
2005-11-04,,,,,,,,,,,,,
2005-11-05,,,,,,,,,,,,,
2005-11-06,,,,,,,,,,,,,
2005-11-07,,,,,,,,,,,,,
2005-11-08,,,,,,,,,,,,,
2005-11-09,,,,,,,,,,,,,
2005-11-10,,,,,,,,,,,,,
2005-11-11,,,,,,,,,,,,,
2005-11-12,,,,,,,,,,,,,
2005-11-13,,,,,,,,,,,,,
2005-11-14,,,,,,,,,,,,,
2005-11-15,,,,,,,,,,,,,
2005-11-16,,,,,,,,,,,,,
2005-11-17,,,,,,,,,,,,,
2005-11-18,,,,,,,,,,,,,
2005-11-19,,,,,,,,,,,,,
2005-11-20,,,,,,,,,,,,,
2005-11-21,,,,,,,,,,,,,
2005-11-22,,,,,,,,,,,,,
2005-11-23,,,,,,,,,,,,,
2005-11-24,,,,,,,,,,,,,
2005-11-25,,,,,,,,,,,,,
2005-11-26,,,,,,,,,,,,,
2005-11-27,,,,,,,,,,,,,
2005-11-28,,,,,,,,,,,,,
2005-11-29,,,,,,,,,,,,,
2005-11-30,,,,,,,,,,,,,
2005-12-01,,,,,,,,,,,,,
2005-12-02,,,,,,,,,,,,,
2005-12-03,,,,,,,,,,,,,
2005-12-04,,,,,,,,,,,,,
2005-12-05,,,,,,,,,,,,,
2005-12-06,,,,,,,,,,,,,
2005-12-07,,,,,,,,,,,,,
2005-12-08,,,,,,,,,,,,,
2005-12-09,,,,,,,,,,,,,
2005-12-10,,,,,,,,,,,,,
2005-12-11,,,,,,,,,,,,,
2005-12-12,,,,,,,,,,,,,
2005-12-13,,,,,,,,,,,,,
2005-12-14,,,,,,,,,,,,,
2005-12-15,,,,,,,,,,,,,
2005-12-16,,,,,,,,,,,,,
2005-12-17,,,,,,,,,,,,,
2005-12-18,,,,,,,,,,,,,
2005-12-19,,,,,,,,,,,,,
2005-12-20,,,,,,,,,,,,,
2005-12-21,,,,,,,,,,,,,
2005-12-22,,,,,,,,,,,,,
2005-12-23,,,,,,,,,,,,,
2005-12-24,,,,,,,,,,,,,
2005-12-25,,,,,,,,,,,,,
2005-12-26,,,,,,,,,,,,,
2005-12-27,,,,,,,,,,,,,
2005-12-28,,,,,,,,,,,,,
2005-12-29,,,,,,,,,,,,,
2005-12-30,,,,,,,,,,,,,
2005-12-31,,,,,,,,,,,,,
2006-01-01,,,,,,,,,,,,,
2006-01-02,,,,,,,,,,,,,
2006-01-03,,,,,,,,,,,,,
2006-01-04,,,,,,,,,,,,,
2006-01-05,,,,,,,,,,,,,
2006-01-06,,,,,,,,,,,,,
2006-01-07,,,,,,,,,,,,,
2006-01-08,,,,,,,,,,,,,
2006-01-09,,,,,,,,,,,,,
2006-01-10,,,,,,,,,,,,,
2006-01-11,,,,,,,,,,,,,
2006-01-12,,,,,,,,,,,,,
2006-01-13,,,,,,,,,,,,,
2006-01-14,,,,,,,,,,,,,
2006-01-15,,,,,,,,,,,,,
2006-01-16,,,,,,,,,,,,,
2006-01-17,,,,,,,,,,,,,
2006-01-18,,,,,,,,,,,,,
2006-01-19,,,,,,,,,,,,,
2006-01-20,,,,,,,,,,,,,
2006-01-21,,,,,,,,,,,,,
2006-01-22,,,,,,,,,,,,,
2006-01-23,,,,,,,,,,,,,
2006-01-24,,,,,,,,,,,,,
2006-01-25,,,,,,,,,,,,,
2006-01-26,,,,,,,,,,,,,
2006-01-27,,,,,,,,,,,,,
2006-01-28,,,,,,,,,,,,,
2006-01-29,,,,,,,,,,,,,
2006-01-30,,,,,,,,,,,,,
2006-01-31,,,,,,,,,,,,,
2006-02-01,,,,,,,,,,,,,
2006-02-02,,,,,,,,,,,,,
2006-02-03,,,,,,,,,,,,,
2006-02-04,,,,,,,,,,,,,
2006-02-05,,,,,,,,,,,,,
2006-02-06,,,,,,,,,,,,,
2006-02-07,,,,,,,,,,,,,
2006-02-08,,,,,,,,,,,,,
2006-02-09,,,,,,,,,,,,,
2006-02-10,,,,,,,,,,,,,
2006-02-11,,,,,,,,,,,,,
2006-02-12,,,,,,,,,,,,,
2006-02-13,,,,,,,,,,,,,
2006-02-14,,,,,,,,,,,,,
2006-02-15,,,,,,,,,,,,,
2006-02-16,,,,,,,,,,,,,
2006-02-17,,,,,,,,,,,,,
2006-02-18,,,,,,,,,,,,,
2006-02-19,,,,,,,,,,,,,
2006-02-20,,,,,,,,,,,,,
2006-02-21,,,,,,,,,,,,,
2006-02-22,,,,,,,,,,,,,
2006-02-23,,,,,,,,,,,,,
2006-02-24,,,,,,,,,,,,,
2006-02-25,,,,,,,,,,,,,
2006-02-26,,,,,,,,,,,,,
2006-02-27,,,,,,,,,,,,,
2006-02-28,,,,,,,,,,,,,
2006-03-01,,,,,,,,,,,,,
2006-03-02,,,,,,,,,,,,,
2006-03-03,,,,,,,,,,,,,
2006-03-04,,,,,,,,,,,,,
2006-03-05,,,,,,,,,,,,,
2006-03-06,,,,,,,,,,,,,
2006-03-07,,,,,,,,,,,,,
2006-03-08,,,,,,,,,,,,,
2006-03-09,,,,,,,,,,,,,
2006-03-10,,,,,,,,,,,,,
2006-03-11,,,,,,,,,,,,,
2006-03-12,,,,,,,,,,,,,
2006-03-13,,,,,,,,,,,,,
2006-03-14,,,,,,,,,,,,,
2006-03-15,,,,,,,,,,,,,
2006-03-16,,,,,,,,,,,,,
2006-03-17,,,,,,,,,,,,,
2006-03-18,,,,,,,,,,,,,
2006-03-19,,,,,,,,,,,,,
2006-03-20,,,,,,,,,,,,,
2006-03-21,,,,,,,,,,,,,
2006-03-22,,,,,,,,,,,,,
2006-03-23,,,,,,,,,,,,,
2006-03-24,,,,,,,,,,,,,
2006-03-25,,,,,,,,,,,,,
2006-03-26,,,,,,,,,,,,,
2006-03-27,,,,,,,,,,,,,
2006-03-28,,,,,,,,,,,,,
2006-03-29,,,,,,,,,,,,,
2006-03-30,,,,,,,,,,,,,
2006-03-31,,,,,,,,,,,,,
2006-04-01,,,,,,,,,,,,,
2006-04-02,,,,,,,,,,,,,
2006-04-03,,,,,,,,,,,,,
2006-04-04,,,,,,,,,,,,,
2006-04-05,,,,,,,,,,,,,
2006-04-06,,,,,,,,,,,,,
2006-04-07,,,,,,,,,,,,,
2006-04-08,,,,,,,,,,,,,
2006-04-09,,,,,,,,,,,,,
2006-04-10,,,,,,,,,,,,,
2006-04-11,,,,,,,,,,,,,
2006-04-12,,,,,,,,,,,,,
2006-04-13,,,,,,,,,,,,,
2006-04-14,,,,,,,,,,,,,
2006-04-15,,,,,,,,,,,,,
2006-04-16,,,,,,,,,,,,,
2006-04-17,,,,,,,,,,,,,
2006-04-18,,,,,,,,,,,,,
2006-04-19,,,,,,,,,,,,,
2006-04-20,,,,,,,,,,,,,
2006-04-21,,,,,,,,,,,,,
2006-04-22,,,,,,,,,,,,,
2006-04-23,,,,,,,,,,,,,
2006-04-24,,,,,,,,,,,,,
2006-04-25,,,,,,,,,,,,,
2006-04-26,,,,,,,,,,,,,
2006-04-27,,,,,,,,,,,,,
2006-04-28,,,,,,,,,,,,,
2006-04-29,,,,,,,,,,,,,
2006-04-30,,,,,,,,,,,,,
2006-05-01,,,,,,,,,,,,,
2006-05-02,,,,,,,,,,,,,
2006-05-03,,,,,,,,,,,,,
2006-05-04,,,,,,,,,,,,,
2006-05-05,,,,,,,,,,,,,
2006-05-06,,,,,,,,,,,,,
2006-05-07,,,,,,,,,,,,,
2006-05-08,,,,,,,,,,,,,
2006-05-09,,,,,,,,,,,,,
2006-05-10,,,,,,,,,,,,,
2006-05-11,,,,,,,,,,,,,
2006-05-12,,,,,,,,,,,,,
2006-05-13,,,,,,,,,,,,,
2006-05-14,,,,,,,,,,,,,
2006-05-15,,,,,,,,,,,,,
2006-05-16,,,,,,,,,,,,,
2006-05-17,,,,,,,,,,,,,
2006-05-18,,,,,,,,,,,,,
2006-05-19,,,,,,,,,,,,,
2006-05-20,,,,,,,,,,,,,
2006-05-21,,,,,,,,,,,,,
2006-05-22,,,,,,,,,,,,,
2006-05-23,,,,,,,,,,,,,
2006-05-24,,,,,,,,,,,,,
2006-05-25,,,,,,,,,,,,,
2006-05-26,,,,,,,,,,,,,
2006-05-27,,,,,,,,,,,,,
2006-05-28,,,,,,,,,,,,,
2006-05-29,,,,,,,,,,,,,
2006-05-30,,,,,,,,,,,,,
2006-05-31,,,,,,,,,,,,,
2006-06-01,,,,,,,,,,,,,
2006-06-02,,,,,,,,,,,,,
2006-06-03,,,,,,,,,,,,,
2006-06-04,,,,,,,,,,,,,
2006-06-05,,,,,,,,,,,,,
2006-06-06,,,,,,,,,,,,,
2006-06-07,,,,,,,,,,,,,
2006-06-08,,,,,,,,,,,,,
2006-06-09,,,,,,,,,,,,,
2006-06-10,,,,,,,,,,,,,
2006-06-11,,,,,,,,,,,,,
2006-06-12,,,,,,,,,,,,,
2006-06-13,,,,,,,,,,,,,
2006-06-14,,,,,,,,,,,,,
2006-06-15,,,,,,,,,,,,,
2006-06-16,,,,,,,,,,,,,
2006-06-17,,,,,,,,,,,,,
2006-06-18,,,,,,,,,,,,,
2006-06-19,,,,,,,,,,,,,
2006-06-20,,,,,,,,,,,,,
2006-06-21,,,,,,,,,,,,,
2006-06-22,,,,,,,,,,,,,
2006-06-23,,,,,,,,,,,,,
2006-06-24,,,,,,,,,,,,,
2006-06-25,,,,,,,,,,,,,
2006-06-26,,,,,,,,,,,,,
2006-06-27,,,,,,,,,,,,,
2006-06-28,,,,,,,,,,,,,
2006-06-29,,,,,,,,,,,,,
2006-06-30,,,,,,,,,,,,,
2006-07-01,,,,,,,,,,,,,
2006-07-02,,,,,,,,,,,,,
2006-07-03,,,,,,,,,,,,,
2006-07-04,,,,,,,,,,,,,
2006-07-05,,,,,,,,,,,,,
2006-07-06,,,,,,,,,,,,,
2006-07-07,,,,,,,,,,,,,
2006-07-08,,,,,,,,,,,,,
2006-07-09,,,,,,,,,,,,,
2006-07-10,,,,,,,,,,,,,
2006-07-11,,,,,,,,,,,,,
2006-07-12,,,,,,,,,,,,,
2006-07-13,,,,,,,,,,,,,
2006-07-14,,,,,,,,,,,,,
2006-07-15,,,,,,,,,,,,,
2006-07-16,,,,,,,,,,,,,
2006-07-17,,,,,,,,,,,,,
2006-07-18,,,,,,,,,,,,,
2006-07-19,,,,,,,,,,,,,
2006-07-20,,,,,,,,,,,,,
2006-07-21,,,,,,,,,,,,,
2006-07-22,,,,,,,,,,,,,
2006-07-23,,,,,,,,,,,,,
2006-07-24,,,,,,,,,,,,,
2006-07-25,,,,,,,,,,,,,
2006-07-26,,,,,,,,,,,,,
2006-07-27,,,,,,,,,,,,,
2006-07-28,,,,,,,,,,,,,
2006-07-29,,,,,,,,,,,,,
2006-07-30,,,,,,,,,,,,,
2006-07-31,,,,,,,,,,,,,
2006-08-01,,,,,,,,,,,,,
2006-08-02,,,,,,,,,,,,,
2006-08-03,,,,,,,,,,,,,
2006-08-04,,,,,,,,,,,,,
2006-08-05,,,,,,,,,,,,,
2006-08-06,,,,,,,,,,,,,
2006-08-07,,,,,,,,,,,,,
2006-08-08,,,,,,,,,,,,,
2006-08-09,,,,,,,,,,,,,
2006-08-10,,,,,,,,,,,,,
2006-08-11,,,,,,,,,,,,,
2006-08-12,,,,,,,,,,,,,
2006-08-13,,,,,,,,,,,,,
2006-08-14,,,,,,,,,,,,,
2006-08-15,,,,,,,,,,,,,
2006-08-16,,,,,,,,,,,,,
2006-08-17,,,,,,,,,,,,,
2006-08-18,,,,,,,,,,,,,
2006-08-19,,,,,,,,,,,,,
2006-08-20,,,,,,,,,,,,,
2006-08-21,,,,,,,,,,,,,
2006-08-22,,,,,,,,,,,,,
2006-08-23,,,,,,,,,,,,,
2006-08-24,,,,,,,,,,,,,
2006-08-25,,,,,,,,,,,,,
2006-08-26,,,,,,,,,,,,,
2006-08-27,,,,,,,,,,,,,
2006-08-28,,,,,,,,,,,,,
2006-08-29,,,,,,,,,,,,,
2006-08-30,,,,,,,,,,,,,
2006-08-31,,,,,,,,,,,,,
2006-09-01,,,,,,,,,,,,,
2006-09-02,,,,,,,,,,,,,
2006-09-03,,,,,,,,,,,,,
2006-09-04,,,,,,,,,,,,,
2006-09-05,,,,,,,,,,,,,
2006-09-06,,,,,,,,,,,,,
2006-09-07,,,,,,,,,,,,,
2006-09-08,,,,,,,,,,,,,
2006-09-09,,,,,,,,,,,,,
2006-09-10,,,,,,,,,,,,,
2006-09-11,,,,,,,,,,,,,
2006-09-12,,,,,,,,,,,,,
2006-09-13,,,,,,,,,,,,,
2006-09-14,,,,,,,,,,,,,
2006-09-15,,,,,,,,,,,,,
2006-09-16,,,,,,,,,,,,,
2006-09-17,,,,,,,,,,,,,
2006-09-18,,,,,,,,,,,,,
2006-09-19,,,,,,,,,,,,,
2006-09-20,,,,,,,,,,,,,
2006-09-21,,,,,,,,,,,,,
2006-09-22,,,,,,,,,,,,,
2006-09-23,,,,,,,,,,,,,
2006-09-24,,,,,,,,,,,,,
2006-09-25,,,,,,,,,,,,,
2006-09-26,,,,,,,,,,,,,
2006-09-27,,,,,,,,,,,,,
2006-09-28,,,,,,,,,,,,,
2006-09-29,,,,,,,,,,,,,
2006-09-30,,,,,,,,,,,,,
2006-10-01,,,,,,,,,,,,,
2006-10-02,,,,,,,,,,,,,
2006-10-03,,,,,,,,,,,,,
2006-10-04,,,,,,,,,,,,,
2006-10-05,,,,,,,,,,,,,
2006-10-06,,,,,,,,,,,,,
2006-10-07,,,,,,,,,,,,,
2006-10-08,,,,,,,,,,,,,
2006-10-09,,,,,,,,,,,,,
2006-10-10,,,,,,,,,,,,,
2006-10-11,,,,,,,,,,,,,
2006-10-12,,,,,,,,,,,,,
2006-10-13,,,,,,,,,,,,,
2006-10-14,,,,,,,,,,,,,
2006-10-15,,,,,,,,,,,,,
2006-10-16,,,,,,,,,,,,,
2006-10-17,,,,,,,,,,,,,
2006-10-18,,,,,,,,,,,,,
2006-10-19,,,,,,,,,,,,,
2006-10-20,,,,,,,,,,,,,
2006-10-21,,,,,,,,,,,,,
2006-10-22,,,,,,,,,,,,,
2006-10-23,,,,,,,,,,,,,
2006-10-24,,,,,,,,,,,,,
2006-10-25,,,,,,,,,,,,,
2006-10-26,,,,,,,,,,,,,
2006-10-27,,,,,,,,,,,,,
2006-10-28,,,,,,,,,,,,,
2006-10-29,,,,,,,,,,,,,
2006-10-30,,,,,,,,,,,,,
2006-10-31,,,,,,,,,,,,,
2006-11-01,,,,,,,,,,,,,
2006-11-02,,,,,,,,,,,,,
2006-11-03,,,,,,,,,,,,,
2006-11-04,,,,,,,,,,,,,
2006-11-05,,,,,,,,,,,,,
2006-11-06,,,,,,,,,,,,,
2006-11-07,,,,,,,,,,,,,
2006-11-08,,,,,,,,,,,,,
2006-11-09,,,,,,,,,,,,,
2006-11-10,,,,,,,,,,,,,
2006-11-11,,,,,,,,,,,,,
2006-11-12,,,,,,,,,,,,,
2006-11-13,,,,,,,,,,,,,
2006-11-14,,,,,,,,,,,,,
2006-11-15,,,,,,,,,,,,,
2006-11-16,,,,,,,,,,,,,
2006-11-17,,,,,,,,,,,,,
2006-11-18,,,,,,,,,,,,,
2006-11-19,,,,,,,,,,,,,
2006-11-20,,,,,,,,,,,,,
2006-11-21,,,,,,,,,,,,,
2006-11-22,,,,,,,,,,,,,
2006-11-23,,,,,,,,,,,,,
2006-11-24,,,,,,,,,,,,,
2006-11-25,,,,,,,,,,,,,
2006-11-26,,,,,,,,,,,,,
2006-11-27,,,,,,,,,,,,,
2006-11-28,,,,,,,,,,,,,
2006-11-29,,,,,,,,,,,,,
2006-11-30,,,,,,,,,,,,,
2006-12-01,,,,,,,,,,,,,
2006-12-02,,,,,,,,,,,,,
2006-12-03,,,,,,,,,,,,,
2006-12-04,,,,,,,,,,,,,
2006-12-05,,,,,,,,,,,,,
2006-12-06,,,,,,,,,,,,,
2006-12-07,,,,,,,,,,,,,
2006-12-08,,,,,,,,,,,,,
2006-12-09,,,,,,,,,,,,,
2006-12-10,,,,,,,,,,,,,
2006-12-11,,,,,,,,,,,,,
2006-12-12,,,,,,,,,,,,,
2006-12-13,,,,,,,,,,,,,
2006-12-14,,,,,,,,,,,,,
2006-12-15,,,,,,,,,,,,,
2006-12-16,,,,,,,,,,,,,
2006-12-17,,,,,,,,,,,,,
2006-12-18,,,,,,,,,,,,,
2006-12-19,,,,,,,,,,,,,
2006-12-20,,,,,,,,,,,,,
2006-12-21,,,,,,,,,,,,,
2006-12-22,,,,,,,,,,,,,
2006-12-23,,,,,,,,,,,,,
2006-12-24,,,,,,,,,,,,,
2006-12-25,,,,,,,,,,,,,
2006-12-26,,,,,,,,,,,,,
2006-12-27,,,,,,,,,,,,,
2006-12-28,,,,,,,,,,,,,
2006-12-29,,,,,,,,,,,,,
2006-12-30,,,,,,,,,,,,,
2006-12-31,,,,,,,,,,,,,
2007-01-01,,,,,,,,,,,,,
2007-01-02,,,,,,,,,,,,,
2007-01-03,,,,,,,,,,,,,
2007-01-04,,,,,,,,,,,,,
2007-01-05,,,,,,,,,,,,,
2007-01-06,,,,,,,,,,,,,
2007-01-07,,,,,,,,,,,,,
2007-01-08,,,,,,,,,,,,,
2007-01-09,,,,,,,,,,,,,
2007-01-10,,,,,,,,,,,,,
2007-01-11,,,,,,,,,,,,,
2007-01-12,,,,,,,,,,,,,
2007-01-13,,,,,,,,,,,,,
2007-01-14,,,,,,,,,,,,,
2007-01-15,,,,,,,,,,,,,
2007-01-16,,,,,,,,,,,,,
2007-01-17,,,,,,,,,,,,,
2007-01-18,,,,,,,,,,,,,
2007-01-19,,,,,,,,,,,,,
2007-01-20,,,,,,,,,,,,,
2007-01-21,,,,,,,,,,,,,
2007-01-22,,,,,,,,,,,,,
2007-01-23,,,,,,,,,,,,,
2007-01-24,,,,,,,,,,,,,
2007-01-25,,,,,,,,,,,,,
2007-01-26,,,,,,,,,,,,,
2007-01-27,,,,,,,,,,,,,
2007-01-28,,,,,,,,,,,,,
2007-01-29,,,,,,,,,,,,,
2007-01-30,,,,,,,,,,,,,
2007-01-31,,,,,,,,,,,,,
2007-02-01,,,,,,,,,,,,,
2007-02-02,,,,,,,,,,,,,
2007-02-03,,,,,,,,,,,,,
2007-02-04,,,,,,,,,,,,,
2007-02-05,,,,,,,,,,,,,
2007-02-06,,,,,,,,,,,,,
2007-02-07,,,,,,,,,,,,,
2007-02-08,,,,,,,,,,,,,
2007-02-09,,,,,,,,,,,,,
2007-02-10,,,,,,,,,,,,,
2007-02-11,,,,,,,,,,,,,
2007-02-12,,,,,,,,,,,,,
2007-02-13,,,,,,,,,,,,,
2007-02-14,,,,,,,,,,,,,
2007-02-15,,,,,,,,,,,,,
2007-02-16,,,,,,,,,,,,,
2007-02-17,,,,,,,,,,,,,
2007-02-18,,,,,,,,,,,,,
2007-02-19,,,,,,,,,,,,,
2007-02-20,,,,,,,,,,,,,
2007-02-21,,,,,,,,,,,,,
2007-02-22,,,,,,,,,,,,,
2007-02-23,,,,,,,,,,,,,
2007-02-24,,,,,,,,,,,,,
2007-02-25,,,,,,,,,,,,,
2007-02-26,,,,,,,,,,,,,
2007-02-27,,,,,,,,,,,,,
2007-02-28,,,,,,,,,,,,,
2007-03-01,,,,,,,,,,,,,
2007-03-02,,,,,,,,,,,,,
2007-03-03,,,,,,,,,,,,,
2007-03-04,,,,,,,,,,,,,
2007-03-05,,,,,,,,,,,,,
2007-03-06,,,,,,,,,,,,,
2007-03-07,,,,,,,,,,,,,
2007-03-08,,,,,,,,,,,,,
2007-03-09,,,,,,,,,,,,,
2007-03-10,,,,,,,,,,,,,
2007-03-11,,,,,,,,,,,,,
2007-03-12,,,,,,,,,,,,,
2007-03-13,,,,,,,,,,,,,
2007-03-14,,,,,,,,,,,,,
2007-03-15,,,,,,,,,,,,,
2007-03-16,,,,,,,,,,,,,
2007-03-17,,,,,,,,,,,,,
2007-03-18,,,,,,,,,,,,,
2007-03-19,,,,,,,,,,,,,
2007-03-20,,,,,,,,,,,,,
2007-03-21,,,,,,,,,,,,,
2007-03-22,,,,,,,,,,,,,
2007-03-23,,,,,,,,,,,,,
2007-03-24,,,,,,,,,,,,,
2007-03-25,,,,,,,,,,,,,
2007-03-26,,,,,,,,,,,,,
2007-03-27,,,,,,,,,,,,,
2007-03-28,,,,,,,,,,,,,
2007-03-29,,,,,,,,,,,,,
2007-03-30,,,,,,,,,,,,,
2007-03-31,,,,,,,,,,,,,
2007-04-01,,,,,,,,,,,,,
2007-04-02,,,,,,,,,,,,,
2007-04-03,,,,,,,,,,,,,
2007-04-04,,,,,,,,,,,,,
2007-04-05,,,,,,,,,,,,,
2007-04-06,,,,,,,,,,,,,
2007-04-07,,,,,,,,,,,,,
2007-04-08,,,,,,,,,,,,,
2007-04-09,,,,,,,,,,,,,
2007-04-10,,,,,,,,,,,,,
2007-04-11,,,,,,,,,,,,,
2007-04-12,,,,,,,,,,,,,
2007-04-13,,,,,,,,,,,,,
2007-04-14,,,,,,,,,,,,,
2007-04-15,,,,,,,,,,,,,
2007-04-16,,,,,,,,,,,,,
2007-04-17,,,,,,,,,,,,,
2007-04-18,,,,,,,,,,,,,
2007-04-19,,,,,,,,,,,,,
2007-04-20,,,,,,,,,,,,,
2007-04-21,,,,,,,,,,,,,
2007-04-22,,,,,,,,,,,,,
2007-04-23,,,,,,,,,,,,,
2007-04-24,,,,,,,,,,,,,
2007-04-25,,,,,,,,,,,,,
2007-04-26,,,,,,,,,,,,,
2007-04-27,,,,,,,,,,,,,
2007-04-28,,,,,,,,,,,,,
2007-04-29,,,,,,,,,,,,,
2007-04-30,,,,,,,,,,,,,
2007-05-01,,,,,,,,,,,,,
2007-05-02,,,,,,,,,,,,,
2007-05-03,,,,,,,,,,,,,
2007-05-04,,,,,,,,,,,,,
2007-05-05,,,,,,,,,,,,,
2007-05-06,,,,,,,,,,,,,
2007-05-07,,,,,,,,,,,,,
2007-05-08,,,,,,,,,,,,,
2007-05-09,,,,,,,,,,,,,
2007-05-10,,,,,,,,,,,,,
2007-05-11,,,,,,,,,,,,,
2007-05-12,,,,,,,,,,,,,
2007-05-13,,,,,,,,,,,,,
2007-05-14,,,,,,,,,,,,,
2007-05-15,,,,,,,,,,,,,
2007-05-16,,,,,,,,,,,,,
2007-05-17,,,,,,,,,,,,,
2007-05-18,,,,,,,,,,,,,
2007-05-19,,,,,,,,,,,,,
2007-05-20,,,,,,,,,,,,,
2007-05-21,,,,,,,,,,,,,
2007-05-22,,,,,,,,,,,,,
2007-05-23,,,,,,,,,,,,,
2007-05-24,,,,,,,,,,,,,
2007-05-25,,,,,,,,,,,,,
2007-05-26,,,,,,,,,,,,,
2007-05-27,,,,,,,,,,,,,
2007-05-28,,,,,,,,,,,,,
2007-05-29,,,,,,,,,,,,,
2007-05-30,,,,,,,,,,,,,
2007-05-31,,,,,,,,,,,,,
2007-06-01,,,,,,,,,,,,,
2007-06-02,,,,,,,,,,,,,
2007-06-03,,,,,,,,,,,,,
2007-06-04,,,,,,,,,,,,,
2007-06-05,,,,,,,,,,,,,
2007-06-06,,,,,,,,,,,,,
2007-06-07,,,,,,,,,,,,,
2007-06-08,,,,,,,,,,,,,
2007-06-09,,,,,,,,,,,,,
2007-06-10,,,,,,,,,,,,,
2007-06-11,,,,,,,,,,,,,
2007-06-12,,,,,,,,,,,,,
2007-06-13,,,,,,,,,,,,,
2007-06-14,,,,,,,,,,,,,
2007-06-15,,,,,,,,,,,,,
2007-06-16,,,,,,,,,,,,,
2007-06-17,,,,,,,,,,,,,
2007-06-18,,,,,,,,,,,,,
2007-06-19,,,,,,,,,,,,,
2007-06-20,,,,,,,,,,,,,
2007-06-21,,,,,,,,,,,,,
2007-06-22,,,,,,,,,,,,,
2007-06-23,,,,,,,,,,,,,
2007-06-24,,,,,,,,,,,,,
2007-06-25,,,,,,,,,,,,,
2007-06-26,,,,,,,,,,,,,
2007-06-27,,,,,,,,,,,,,
2007-06-28,,,,,,,,,,,,,
2007-06-29,,,,,,,,,,,,,
2007-06-30,,,,,,,,,,,,,
2007-07-01,,,,,,,,,,,,,
2007-07-02,,,,,,,,,,,,,
2007-07-03,,,,,,,,,,,,,
2007-07-04,,,,,,,,,,,,,
2007-07-05,,,,,,,,,,,,,
2007-07-06,,,,,,,,,,,,,
2007-07-07,,,,,,,,,,,,,
2007-07-08,,,,,,,,,,,,,
2007-07-09,,,,,,,,,,,,,
2007-07-10,,,,,,,,,,,,,
2007-07-11,,,,,,,,,,,,,
2007-07-12,,,,,,,,,,,,,
2007-07-13,,,,,,,,,,,,,
2007-07-14,,,,,,,,,,,,,
2007-07-15,,,,,,,,,,,,,
2007-07-16,,,,,,,,,,,,,
2007-07-17,,,,,,,,,,,,,
2007-07-18,,,,,,,,,,,,,
2007-07-19,,,,,,,,,,,,,
2007-07-20,,,,,,,,,,,,,
2007-07-21,,,,,,,,,,,,,
2007-07-22,,,,,,,,,,,,,
2007-07-23,,,,,,,,,,,,,
2007-07-24,,,,,,,,,,,,,
2007-07-25,,,,,,,,,,,,,
2007-07-26,,,,,,,,,,,,,
2007-07-27,,,,,,,,,,,,,
2007-07-28,,,,,,,,,,,,,
2007-07-29,,,,,,,,,,,,,
2007-07-30,,,,,,,,,,,,,
2007-07-31,,,,,,,,,,,,,
2007-08-01,,,,,,,,,,,,,
2007-08-02,,,,,,,,,,,,,
2007-08-03,,,,,,,,,,,,,
2007-08-04,,,,,,,,,,,,,
2007-08-05,,,,,,,,,,,,,
2007-08-06,,,,,,,,,,,,,
2007-08-07,,,,,,,,,,,,,
2007-08-08,,,,,,,,,,,,,
2007-08-09,,,,,,,,,,,,,
2007-08-10,,,,,,,,,,,,,
2007-08-11,,,,,,,,,,,,,
2007-08-12,,,,,,,,,,,,,
2007-08-13,,,,,,,,,,,,,
2007-08-14,,,,,,,,,,,,,
2007-08-15,,,,,,,,,,,,,
2007-08-16,,,,,,,,,,,,,
2007-08-17,,,,,,,,,,,,,
2007-08-18,,,,,,,,,,,,,
2007-08-19,,,,,,,,,,,,,
2007-08-20,,,,,,,,,,,,,
2007-08-21,,,,,,,,,,,,,
2007-08-22,,,,,,,,,,,,,
2007-08-23,,,,,,,,,,,,,
2007-08-24,,,,,,,,,,,,,
2007-08-25,,,,,,,,,,,,,
2007-08-26,,,,,,,,,,,,,
2007-08-27,,,,,,,,,,,,,
2007-08-28,,,,,,,,,,,,,
2007-08-29,,,,,,,,,,,,,
2007-08-30,,,,,,,,,,,,,
2007-08-31,,,,,,,,,,,,,
2007-09-01,,,,,,,,,,,,,
2007-09-02,,,,,,,,,,,,,
2007-09-03,,,,,,,,,,,,,
2007-09-04,,,,,,,,,,,,,
2007-09-05,,,,,,,,,,,,,
2007-09-06,,,,,,,,,,,,,
2007-09-07,,,,,,,,,,,,,
2007-09-08,,,,,,,,,,,,,
2007-09-09,,,,,,,,,,,,,
2007-09-10,,,,,,,,,,,,,
2007-09-11,,,,,,,,,,,,,
2007-09-12,,,,,,,,,,,,,
2007-09-13,,,,,,,,,,,,,
2007-09-14,,,,,,,,,,,,,
2007-09-15,,,,,,,,,,,,,
2007-09-16,,,,,,,,,,,,,
2007-09-17,,,,,,,,,,,,,
2007-09-18,,,,,,,,,,,,,
2007-09-19,,,,,,,,,,,,,
2007-09-20,,,,,,,,,,,,,
2007-09-21,,,,,,,,,,,,,
2007-09-22,,,,,,,,,,,,,
2007-09-23,,,,,,,,,,,,,
2007-09-24,,,,,,,,,,,,,
2007-09-25,,,,,,,,,,,,,
2007-09-26,,,,,,,,,,,,,
2007-09-27,,,,,,,,,,,,,
2007-09-28,,,,,,,,,,,,,
2007-09-29,,,,,,,,,,,,,
2007-09-30,,,,,,,,,,,,,
2007-10-01,,,,,,,,,,,,,
2007-10-02,,,,,,,,,,,,,
2007-10-03,,,,,,,,,,,,,
2007-10-04,,,,,,,,,,,,,
2007-10-05,,,,,,,,,,,,,
2007-10-06,,,,,,,,,,,,,
2007-10-07,,,,,,,,,,,,,
2007-10-08,,,,,,,,,,,,,
2007-10-09,,,,,,,,,,,,,
2007-10-10,,,,,,,,,,,,,
2007-10-11,,,,,,,,,,,,,
2007-10-12,,,,,,,,,,,,,
2007-10-13,,,,,,,,,,,,,
2007-10-14,,,,,,,,,,,,,
2007-10-15,,,,,,,,,,,,,
2007-10-16,,,,,,,,,,,,,
2007-10-17,,,,,,,,,,,,,
2007-10-18,,,,,,,,,,,,,
2007-10-19,,,,,,,,,,,,,
2007-10-20,,,,,,,,,,,,,
2007-10-21,,,,,,,,,,,,,
2007-10-22,,,,,,,,,,,,,
2007-10-23,,,,,,,,,,,,,
2007-10-24,,,,,,,,,,,,,
2007-10-25,,,,,,,,,,,,,
2007-10-26,,,,,,,,,,,,,
2007-10-27,,,,,,,,,,,,,
2007-10-28,,,,,,,,,,,,,
2007-10-29,,,,,,,,,,,,,
2007-10-30,,,,,,,,,,,,,
2007-10-31,,,,,,,,,,,,,
2007-11-01,,,,,,,,,,,,,
2007-11-02,,,,,,,,,,,,,
2007-11-03,,,,,,,,,,,,,
2007-11-04,,,,,,,,,,,,,
2007-11-05,,,,,,,,,,,,,
2007-11-06,,,,,,,,,,,,,
2007-11-07,,,,,,,,,,,,,
2007-11-08,,,,,,,,,,,,,
2007-11-09,,,,,,,,,,,,,
2007-11-10,,,,,,,,,,,,,
2007-11-11,,,,,,,,,,,,,
2007-11-12,,,,,,,,,,,,,
2007-11-13,,,,,,,,,,,,,
2007-11-14,,,,,,,,,,,,,
2007-11-15,,,,,,,,,,,,,
2007-11-16,,,,,,,,,,,,,
2007-11-17,,,,,,,,,,,,,
2007-11-18,,,,,,,,,,,,,
2007-11-19,,,,,,,,,,,,,
2007-11-20,,,,,,,,,,,,,
2007-11-21,,,,,,,,,,,,,
2007-11-22,,,,,,,,,,,,,
2007-11-23,,,,,,,,,,,,,
2007-11-24,,,,,,,,,,,,,
2007-11-25,,,,,,,,,,,,,
2007-11-26,,,,,,,,,,,,,
2007-11-27,,,,,,,,,,,,,
2007-11-28,,,,,,,,,,,,,
2007-11-29,,,,,,,,,,,,,
2007-11-30,,,,,,,,,,,,,
2007-12-01,,,,,,,,,,,,,
2007-12-02,,,,,,,,,,,,,
2007-12-03,,,,,,,,,,,,,
2007-12-04,,,,,,,,,,,,,
2007-12-05,,,,,,,,,,,,,
2007-12-06,,,,,,,,,,,,,
2007-12-07,,,,,,,,,,,,,
2007-12-08,,,,,,,,,,,,,
2007-12-09,,,,,,,,,,,,,
2007-12-10,,,,,,,,,,,,,
2007-12-11,,,,,,,,,,,,,
2007-12-12,,,,,,,,,,,,,
2007-12-13,,,,,,,,,,,,,
2007-12-14,,,,,,,,,,,,,
2007-12-15,,,,,,,,,,,,,
2007-12-16,,,,,,,,,,,,,
2007-12-17,,,,,,,,,,,,,
2007-12-18,,,,,,,,,,,,,
2007-12-19,,,,,,,,,,,,,
2007-12-20,,,,,,,,,,,,,
2007-12-21,,,,,,,,,,,,,
2007-12-22,,,,,,,,,,,,,
2007-12-23,,,,,,,,,,,,,
2007-12-24,,,,,,,,,,,,,
2007-12-25,,,,,,,,,,,,,
2007-12-26,,,,,,,,,,,,,
2007-12-27,,,,,,,,,,,,,
2007-12-28,,,,,,,,,,,,,
2007-12-29,,,,,,,,,,,,,
2007-12-30,,,,,,,,,,,,,
2007-12-31,,,,,,,,,,,,,
2008-01-01,,,,,,,,,,,,,
2008-01-02,,,,,,,,,,,,,
2008-01-03,,,,,,,,,,,,,
2008-01-04,,,,,,,,,,,,,
2008-01-05,,,,,,,,,,,,,
2008-01-06,,,,,,,,,,,,,
2008-01-07,,,,,,,,,,,,,
2008-01-08,,,,,,,,,,,,,
2008-01-09,,,,,,,,,,,,,
2008-01-10,,,,,,,,,,,,,
2008-01-11,,,,,,,,,,,,,
2008-01-12,,,,,,,,,,,,,
2008-01-13,,,,,,,,,,,,,
2008-01-14,,,,,,,,,,,,,
2008-01-15,,,,,,,,,,,,,
2008-01-16,,,,,,,,,,,,,
2008-01-17,,,,,,,,,,,,,
2008-01-18,,,,,,,,,,,,,
2008-01-19,,,,,,,,,,,,,
2008-01-20,,,,,,,,,,,,,
2008-01-21,,,,,,,,,,,,,
2008-01-22,,,,,,,,,,,,,
2008-01-23,,,,,,,,,,,,,
2008-01-24,,,,,,,,,,,,,
2008-01-25,,,,,,,,,,,,,
2008-01-26,,,,,,,,,,,,,
2008-01-27,,,,,,,,,,,,,
2008-01-28,,,,,,,,,,,,,
2008-01-29,,,,,,,,,,,,,
2008-01-30,,,,,,,,,,,,,
2008-01-31,,,,,,,,,,,,,
2008-02-01,,,,,,,,,,,,,
2008-02-02,,,,,,,,,,,,,
2008-02-03,,,,,,,,,,,,,
2008-02-04,,,,,,,,,,,,,
2008-02-05,,,,,,,,,,,,,
2008-02-06,,,,,,,,,,,,,
2008-02-07,,,,,,,,,,,,,
2008-02-08,,,,,,,,,,,,,
2008-02-09,,,,,,,,,,,,,
2008-02-10,,,,,,,,,,,,,
2008-02-11,,,,,,,,,,,,,
2008-02-12,,,,,,,,,,,,,
2008-02-13,,,,,,,,,,,,,
2008-02-14,,,,,,,,,,,,,
2008-02-15,,,,,,,,,,,,,
2008-02-16,,,,,,,,,,,,,
2008-02-17,,,,,,,,,,,,,
2008-02-18,,,,,,,,,,,,,
2008-02-19,,,,,,,,,,,,,
2008-02-20,,,,,,,,,,,,,
2008-02-21,,,,,,,,,,,,,
2008-02-22,,,,,,,,,,,,,
2008-02-23,,,,,,,,,,,,,
2008-02-24,,,,,,,,,,,,,
2008-02-25,,,,,,,,,,,,,
2008-02-26,,,,,,,,,,,,,
2008-02-27,,,,,,,,,,,,,
2008-02-28,,,,,,,,,,,,,
2008-02-29,,,,,,,,,,,,,
2008-03-01,,,,,,,,,,,,,
2008-03-02,,,,,,,,,,,,,
2008-03-03,,,,,,,,,,,,,
2008-03-04,,,,,,,,,,,,,
2008-03-05,,,,,,,,,,,,,
2008-03-06,,,,,,,,,,,,,
2008-03-07,,,,,,,,,,,,,
2008-03-08,,,,,,,,,,,,,
2008-03-09,,,,,,,,,,,,,
2008-03-10,,,,,,,,,,,,,
2008-03-11,,,,,,,,,,,,,
2008-03-12,,,,,,,,,,,,,
2008-03-13,,,,,,,,,,,,,
2008-03-14,,,,,,,,,,,,,
2008-03-15,,,,,,,,,,,,,
2008-03-16,,,,,,,,,,,,,
2008-03-17,,,,,,,,,,,,,
2008-03-18,,,,,,,,,,,,,
2008-03-19,,,,,,,,,,,,,
2008-03-20,,,,,,,,,,,,,
2008-03-21,,,,,,,,,,,,,
2008-03-22,,,,,,,,,,,,,
2008-03-23,,,,,,,,,,,,,
2008-03-24,,,,,,,,,,,,,
2008-03-25,,,,,,,,,,,,,
2008-03-26,,,,,,,,,,,,,
2008-03-27,,,,,,,,,,,,,
2008-03-28,,,,,,,,,,,,,
2008-03-29,,,,,,,,,,,,,
2008-03-30,,,,,,,,,,,,,
2008-03-31,,,,,,,,,,,,,
2008-04-01,,,,,,,,,,,,,
2008-04-02,,,,,,,,,,,,,
2008-04-03,,,,,,,,,,,,,
2008-04-04,,,,,,,,,,,,,
2008-04-05,,,,,,,,,,,,,
2008-04-06,,,,,,,,,,,,,
2008-04-07,,,,,,,,,,,,,
2008-04-08,,,,,,,,,,,,,
2008-04-09,,,,,,,,,,,,,
2008-04-10,,,,,,,,,,,,,
2008-04-11,,,,,,,,,,,,,
2008-04-12,,,,,,,,,,,,,
2008-04-13,,,,,,,,,,,,,
2008-04-14,,,,,,,,,,,,,
2008-04-15,,,,,,,,,,,,,
2008-04-16,,,,,,,,,,,,,
2008-04-17,,,,,,,,,,,,,
2008-04-18,,,,,,,,,,,,,
2008-04-19,,,,,,,,,,,,,
2008-04-20,,,,,,,,,,,,,
2008-04-21,,,,,,,,,,,,,
2008-04-22,,,,,,,,,,,,,
2008-04-23,,,,,,,,,,,,,
2008-04-24,,,,,,,,,,,,,
2008-04-25,,,,,,,,,,,,,
2008-04-26,,,,,,,,,,,,,
2008-04-27,,,,,,,,,,,,,
2008-04-28,,,,,,,,,,,,,
2008-04-29,,,,,,,,,,,,,
2008-04-30,,,,,,,,,,,,,
2008-05-01,,,,,,,,,,,,,
2008-05-02,,,,,,,,,,,,,
2008-05-03,,,,,,,,,,,,,
2008-05-04,,,,,,,,,,,,,
2008-05-05,,,,,,,,,,,,,
2008-05-06,,,,,,,,,,,,,
2008-05-07,,,,,,,,,,,,,
2008-05-08,,,,,,,,,,,,,
2008-05-09,,,,,,,,,,,,,
2008-05-10,,,,,,,,,,,,,
2008-05-11,,,,,,,,,,,,,
2008-05-12,,,,,,,,,,,,,
2008-05-13,,,,,,,,,,,,,
2008-05-14,,,,,,,,,,,,,
2008-05-15,,,,,,,,,,,,,
2008-05-16,,,,,,,,,,,,,
2008-05-17,,,,,,,,,,,,,
2008-05-18,,,,,,,,,,,,,
2008-05-19,,,,,,,,,,,,,
2008-05-20,,,,,,,,,,,,,
2008-05-21,,,,,,,,,,,,,
2008-05-22,,,,,,,,,,,,,
2008-05-23,,,,,,,,,,,,,
2008-05-24,,,,,,,,,,,,,
2008-05-25,,,,,,,,,,,,,
2008-05-26,,,,,,,,,,,,,
2008-05-27,,,,,,,,,,,,,
2008-05-28,,,,,,,,,,,,,
2008-05-29,,,,,,,,,,,,,
2008-05-30,,,,,,,,,,,,,
2008-05-31,,,,,,,,,,,,,
2008-06-01,,,,,,,,,,,,,
2008-06-02,,,,,,,,,,,,,
2008-06-03,,,,,,,,,,,,,
2008-06-04,,,,,,,,,,,,,
2008-06-05,,,,,,,,,,,,,
2008-06-06,,,,,,,,,,,,,
2008-06-07,,,,,,,,,,,,,
2008-06-08,,,,,,,,,,,,,
2008-06-09,,,,,,,,,,,,,
2008-06-10,,,,,,,,,,,,,
2008-06-11,,,,,,,,,,,,,
2008-06-12,,,,,,,,,,,,,
2008-06-13,,,,,,,,,,,,,
2008-06-14,,,,,,,,,,,,,
2008-06-15,,,,,,,,,,,,,
2008-06-16,,,,,,,,,,,,,
2008-06-17,,,,,,,,,,,,,
2008-06-18,,,,,,,,,,,,,
2008-06-19,,,,,,,,,,,,,
2008-06-20,,,,,,,,,,,,,
2008-06-21,,,,,,,,,,,,,
2008-06-22,,,,,,,,,,,,,
2008-06-23,,,,,,,,,,,,,
2008-06-24,,,,,,,,,,,,,
2008-06-25,,,,,,,,,,,,,
2008-06-26,,,,,,,,,,,,,
2008-06-27,,,,,,,,,,,,,
2008-06-28,,,,,,,,,,,,,
2008-06-29,,,,,,,,,,,,,
2008-06-30,,,,,,,,,,,,,
2008-07-01,,,,,,,,,,,,,
2008-07-02,,,,,,,,,,,,,
2008-07-03,,,,,,,,,,,,,
2008-07-04,,,,,,,,,,,,,
2008-07-05,,,,,,,,,,,,,
2008-07-06,,,,,,,,,,,,,
2008-07-07,,,,,,,,,,,,,
2008-07-08,,,,,,,,,,,,,
2008-07-09,,,,,,,,,,,,,
2008-07-10,,,,,,,,,,,,,
2008-07-11,,,,,,,,,,,,,
2008-07-12,,,,,,,,,,,,,
2008-07-13,,,,,,,,,,,,,
2008-07-14,,,,,,,,,,,,,
2008-07-15,,,,,,,,,,,,,
2008-07-16,,,,,,,,,,,,,
2008-07-17,,,,,,,,,,,,,
2008-07-18,,,,,,,,,,,,,
2008-07-19,,,,,,,,,,,,,
2008-07-20,,,,,,,,,,,,,
2008-07-21,,,,,,,,,,,,,
2008-07-22,,,,,,,,,,,,,
2008-07-23,,,,,,,,,,,,,
2008-07-24,,,,,,,,,,,,,
2008-07-25,,,,,,,,,,,,,
2008-07-26,,,,,,,,,,,,,
2008-07-27,,,,,,,,,,,,,
2008-07-28,,,,,,,,,,,,,
2008-07-29,,,,,,,,,,,,,
2008-07-30,,,,,,,,,,,,,
2008-07-31,,,,,,,,,,,,,
2008-08-01,,,,,,,,,,,,,
2008-08-02,,,,,,,,,,,,,
2008-08-03,,,,,,,,,,,,,
2008-08-04,,,,,,,,,,,,,
2008-08-05,,,,,,,,,,,,,
2008-08-06,,,,,,,,,,,,,
2008-08-07,,,,,,,,,,,,,
2008-08-08,,,,,,,,,,,,,
2008-08-09,,,,,,,,,,,,,
2008-08-10,,,,,,,,,,,,,
2008-08-11,,,,,,,,,,,,,
2008-08-12,,,,,,,,,,,,,
2008-08-13,,,,,,,,,,,,,
2008-08-14,,,,,,,,,,,,,
2008-08-15,,,,,,,,,,,,,
2008-08-16,,,,,,,,,,,,,
2008-08-17,,,,,,,,,,,,,
2008-08-18,,,,,,,,,,,,,
2008-08-19,,,,,,,,,,,,,
2008-08-20,,,,,,,,,,,,,
2008-08-21,,,,,,,,,,,,,
2008-08-22,,,,,,,,,,,,,
2008-08-23,,,,,,,,,,,,,
2008-08-24,,,,,,,,,,,,,
2008-08-25,,,,,,,,,,,,,
2008-08-26,,,,,,,,,,,,,
2008-08-27,,,,,,,,,,,,,
2008-08-28,,,,,,,,,,,,,
2008-08-29,,,,,,,,,,,,,
2008-08-30,,,,,,,,,,,,,
2008-08-31,,,,,,,,,,,,,
2008-09-01,,,,,,,,,,,,,
2008-09-02,,,,,,,,,,,,,
2008-09-03,,,,,,,,,,,,,
2008-09-04,,,,,,,,,,,,,
2008-09-05,,,,,,,,,,,,,
2008-09-06,,,,,,,,,,,,,
2008-09-07,,,,,,,,,,,,,
2008-09-08,,,,,,,,,,,,,
2008-09-09,,,,,,,,,,,,,
2008-09-10,,,,,,,,,,,,,
2008-09-11,,,,,,,,,,,,,
2008-09-12,,,,,,,,,,,,,
2008-09-13,,,,,,,,,,,,,
2008-09-14,,,,,,,,,,,,,
2008-09-15,,,,,,,,,,,,,
2008-09-16,,,,,,,,,,,,,
2008-09-17,,,,,,,,,,,,,
2008-09-18,,,,,,,,,,,,,
2008-09-19,,,,,,,,,,,,,
2008-09-20,,,,,,,,,,,,,
2008-09-21,,,,,,,,,,,,,
2008-09-22,,,,,,,,,,,,,
2008-09-23,,,,,,,,,,,,,
2008-09-24,,,,,,,,,,,,,
2008-09-25,,,,,,,,,,,,,
2008-09-26,,,,,,,,,,,,,
2008-09-27,,,,,,,,,,,,,
2008-09-28,,,,,,,,,,,,,
2008-09-29,,,,,,,,,,,,,
2008-09-30,,,,,,,,,,,,,
2008-10-01,,,,,,,,,,,,,
2008-10-02,,,,,,,,,,,,,
2008-10-03,,,,,,,,,,,,,
2008-10-04,,,,,,,,,,,,,
2008-10-05,,,,,,,,,,,,,
2008-10-06,,,,,,,,,,,,,
2008-10-07,,,,,,,,,,,,,
2008-10-08,,,,,,,,,,,,,
2008-10-09,,,,,,,,,,,,,
2008-10-10,,,,,,,,,,,,,
2008-10-11,,,,,,,,,,,,,
2008-10-12,,,,,,,,,,,,,
2008-10-13,,,,,,,,,,,,,
2008-10-14,,,,,,,,,,,,,
2008-10-15,,,,,,,,,,,,,
2008-10-16,,,,,,,,,,,,,
2008-10-17,,,,,,,,,,,,,
2008-10-18,,,,,,,,,,,,,
2008-10-19,,,,,,,,,,,,,
2008-10-20,,,,,,,,,,,,,
2008-10-21,,,,,,,,,,,,,
2008-10-22,,,,,,,,,,,,,
2008-10-23,,,,,,,,,,,,,
2008-10-24,,,,,,,,,,,,,
2008-10-25,,,,,,,,,,,,,
2008-10-26,,,,,,,,,,,,,
2008-10-27,,,,,,,,,,,,,
2008-10-28,,,,,,,,,,,,,
2008-10-29,,,,,,,,,,,,,
2008-10-30,,,,,,,,,,,,,
2008-10-31,,,,,,,,,,,,,
2008-11-01,,,,,,,,,,,,,
2008-11-02,,,,,,,,,,,,,
2008-11-03,,,,,,,,,,,,,
2008-11-04,,,,,,,,,,,,,
2008-11-05,,,,,,,,,,,,,
2008-11-06,,,,,,,,,,,,,
2008-11-07,,,,,,,,,,,,,
2008-11-08,,,,,,,,,,,,,
2008-11-09,,,,,,,,,,,,,
2008-11-10,,,,,,,,,,,,,
2008-11-11,,,,,,,,,,,,,
2008-11-12,,,,,,,,,,,,,
2008-11-13,,,,,,,,,,,,,
2008-11-14,,,,,,,,,,,,,
2008-11-15,,,,,,,,,,,,,
2008-11-16,,,,,,,,,,,,,
2008-11-17,,,,,,,,,,,,,
2008-11-18,,,,,,,,,,,,,
2008-11-19,,,,,,,,,,,,,
2008-11-20,,,,,,,,,,,,,
2008-11-21,,,,,,,,,,,,,
2008-11-22,,,,,,,,,,,,,
2008-11-23,,,,,,,,,,,,,
2008-11-24,,,,,,,,,,,,,
2008-11-25,,,,,,,,,,,,,
2008-11-26,,,,,,,,,,,,,
2008-11-27,,,,,,,,,,,,,
2008-11-28,,,,,,,,,,,,,
2008-11-29,,,,,,,,,,,,,
2008-11-30,,,,,,,,,,,,,
2008-12-01,,,,,,,,,,,,,
2008-12-02,,,,,,,,,,,,,
2008-12-03,,,,,,,,,,,,,
2008-12-04,,,,,,,,,,,,,
2008-12-05,,,,,,,,,,,,,
2008-12-06,,,,,,,,,,,,,
2008-12-07,,,,,,,,,,,,,
2008-12-08,,,,,,,,,,,,,
2008-12-09,,,,,,,,,,,,,
2008-12-10,,,,,,,,,,,,,
2008-12-11,,,,,,,,,,,,,
2008-12-12,,,,,,,,,,,,,
2008-12-13,,,,,,,,,,,,,
2008-12-14,,,,,,,,,,,,,
2008-12-15,,,,,,,,,,,,,
2008-12-16,,,,,,,,,,,,,
2008-12-17,,,,,,,,,,,,,
2008-12-18,,,,,,,,,,,,,
2008-12-19,,,,,,,,,,,,,
2008-12-20,,,,,,,,,,,,,
2008-12-21,,,,,,,,,,,,,
2008-12-22,,,,,,,,,,,,,
2008-12-23,,,,,,,,,,,,,
2008-12-24,,,,,,,,,,,,,
2008-12-25,,,,,,,,,,,,,
2008-12-26,,,,,,,,,,,,,
2008-12-27,,,,,,,,,,,,,
2008-12-28,,,,,,,,,,,,,
2008-12-29,,,,,,,,,,,,,
2008-12-30,,,,,,,,,,,,,
2008-12-31,,,,,,,,,,,,,
2009-01-01,,,,,,,,,,,,,
2009-01-02,,,,,,,,,,,,,
2009-01-03,,,,,,,,,,,,,
2009-01-04,,,,,,,,,,,,,
2009-01-05,,,,,,,,,,,,,
2009-01-06,,,,,,,,,,,,,
2009-01-07,,,,,,,,,,,,,
2009-01-08,,,,,,,,,,,,,
2009-01-09,,,,,,,,,,,,,
2009-01-10,,,,,,,,,,,,,
2009-01-11,,,,,,,,,,,,,
2009-01-12,,,,,,,,,,,,,
2009-01-13,,,,,,,,,,,,,
2009-01-14,,,,,,,,,,,,,
2009-01-15,,,,,,,,,,,,,
2009-01-16,,,,,,,,,,,,,
2009-01-17,,,,,,,,,,,,,
2009-01-18,,,,,,,,,,,,,
2009-01-19,,,,,,,,,,,,,
2009-01-20,,,,,,,,,,,,,
2009-01-21,,,,,,,,,,,,,
2009-01-22,,,,,,,,,,,,,
2009-01-23,,,,,,,,,,,,,
2009-01-24,,,,,,,,,,,,,
2009-01-25,,,,,,,,,,,,,
2009-01-26,,,,,,,,,,,,,
2009-01-27,,,,,,,,,,,,,
2009-01-28,,,,,,,,,,,,,
2009-01-29,,,,,,,,,,,,,
2009-01-30,,,,,,,,,,,,,
2009-01-31,,,,,,,,,,,,,
2009-02-01,,,,,,,,,,,,,
2009-02-02,,,,,,,,,,,,,
2009-02-03,,,,,,,,,,,,,
2009-02-04,,,,,,,,,,,,,
2009-02-05,,,,,,,,,,,,,
2009-02-06,,,,,,,,,,,,,
2009-02-07,,,,,,,,,,,,,
2009-02-08,,,,,,,,,,,,,
2009-02-09,,,,,,,,,,,,,
2009-02-10,,,,,,,,,,,,,
2009-02-11,,,,,,,,,,,,,
2009-02-12,,,,,,,,,,,,,
2009-02-13,,,,,,,,,,,,,
2009-02-14,,,,,,,,,,,,,
2009-02-15,,,,,,,,,,,,,
2009-02-16,,,,,,,,,,,,,
2009-02-17,,,,,,,,,,,,,
2009-02-18,,,,,,,,,,,,,
2009-02-19,,,,,,,,,,,,,
2009-02-20,,,,,,,,,,,,,
2009-02-21,,,,,,,,,,,,,
2009-02-22,,,,,,,,,,,,,
2009-02-23,,,,,,,,,,,,,
2009-02-24,,,,,,,,,,,,,
2009-02-25,,,,,,,,,,,,,
2009-02-26,,,,,,,,,,,,,
2009-02-27,,,,,,,,,,,,,
2009-02-28,,,,,,,,,,,,,
2009-03-01,,,,,,,,,,,,,
2009-03-02,,,,,,,,,,,,,
2009-03-03,,,,,,,,,,,,,
2009-03-04,,,,,,,,,,,,,
2009-03-05,,,,,,,,,,,,,
2009-03-06,,,,,,,,,,,,,
2009-03-07,,,,,,,,,,,,,
2009-03-08,,,,,,,,,,,,,
2009-03-09,,,,,,,,,,,,,
2009-03-10,,,,,,,,,,,,,
2009-03-11,,,,,,,,,,,,,
2009-03-12,,,,,,,,,,,,,
2009-03-13,,,,,,,,,,,,,
2009-03-14,,,,,,,,,,,,,
2009-03-15,,,,,,,,,,,,,
2009-03-16,,,,,,,,,,,,,
2009-03-17,,,,,,,,,,,,,
2009-03-18,,,,,,,,,,,,,
2009-03-19,,,,,,,,,,,,,
2009-03-20,,,,,,,,,,,,,
2009-03-21,,,,,,,,,,,,,
2009-03-22,,,,,,,,,,,,,
2009-03-23,,,,,,,,,,,,,
2009-03-24,,,,,,,,,,,,,
2009-03-25,,,,,,,,,,,,,
2009-03-26,,,,,,,,,,,,,
2009-03-27,,,,,,,,,,,,,
2009-03-28,,,,,,,,,,,,,
2009-03-29,,,,,,,,,,,,,
2009-03-30,,,,,,,,,,,,,
2009-03-31,,,,,,,,,,,,,
2009-04-01,,,,,,,,,,,,,
2009-04-02,,,,,,,,,,,,,
2009-04-03,,,,,,,,,,,,,
2009-04-04,,,,,,,,,,,,,
2009-04-05,,,,,,,,,,,,,
2009-04-06,,,,,,,,,,,,,
2009-04-07,,,,,,,,,,,,,
2009-04-08,,,,,,,,,,,,,
2009-04-09,,,,,,,,,,,,,
2009-04-10,,,,,,,,,,,,,
2009-04-11,,,,,,,,,,,,,
2009-04-12,,,,,,,,,,,,,
2009-04-13,,,,,,,,,,,,,
2009-04-14,,,,,,,,,,,,,
2009-04-15,,,,,,,,,,,,,
2009-04-16,,,,,,,,,,,,,
2009-04-17,,,,,,,,,,,,,
2009-04-18,,,,,,,,,,,,,
2009-04-19,,,,,,,,,,,,,
2009-04-20,,,,,,,,,,,,,
2009-04-21,,,,,,,,,,,,,
2009-04-22,,,,,,,,,,,,,
2009-04-23,,,,,,,,,,,,,
2009-04-24,,,,,,,,,,,,,
2009-04-25,,,,,,,,,,,,,
2009-04-26,,,,,,,,,,,,,
2009-04-27,,,,,,,,,,,,,
2009-04-28,,,,,,,,,,,,,
2009-04-29,,,,,,,,,,,,,
2009-04-30,,,,,,,,,,,,,
2009-05-01,,,,,,,,,,,,,
2009-05-02,,,,,,,,,,,,,
2009-05-03,,,,,,,,,,,,,
2009-05-04,,,,,,,,,,,,,
2009-05-05,,,,,,,,,,,,,
2009-05-06,,,,,,,,,,,,,
2009-05-07,,,,,,,,,,,,,
2009-05-08,,,,,,,,,,,,,
2009-05-09,,,,,,,,,,,,,
2009-05-10,,,,,,,,,,,,,
2009-05-11,,,,,,,,,,,,,
2009-05-12,,,,,,,,,,,,,
2009-05-13,,,,,,,,,,,,,
2009-05-14,,,,,,,,,,,,,
2009-05-15,,,,,,,,,,,,,
2009-05-16,,,,,,,,,,,,,
2009-05-17,,,,,,,,,,,,,
2009-05-18,,,,,,,,,,,,,
2009-05-19,,,,,,,,,,,,,
2009-05-20,,,,,,,,,,,,,
2009-05-21,,,,,,,,,,,,,
2009-05-22,,,,,,,,,,,,,
2009-05-23,,,,,,,,,,,,,
2009-05-24,,,,,,,,,,,,,
2009-05-25,,,,,,,,,,,,,
2009-05-26,,,,,,,,,,,,,
2009-05-27,,,,,,,,,,,,,
2009-05-28,,,,,,,,,,,,,
2009-05-29,,,,,,,,,,,,,
2009-05-30,,,,,,,,,,,,,
2009-05-31,,,,,,,,,,,,,
2009-06-01,,,,,,,,,,,,,
2009-06-02,,,,,,,,,,,,,
2009-06-03,,,,,,,,,,,,,
2009-06-04,,,,,,,,,,,,,
2009-06-05,,,,,,,,,,,,,
2009-06-06,,,,,,,,,,,,,
2009-06-07,,,,,,,,,,,,,
2009-06-08,,,,,,,,,,,,,
2009-06-09,,,,,,,,,,,,,
2009-06-10,,,,,,,,,,,,,
2009-06-11,,,,,,,,,,,,,
2009-06-12,,,,,,,,,,,,,
2009-06-13,,,,,,,,,,,,,
2009-06-14,,,,,,,,,,,,,
2009-06-15,,,,,,,,,,,,,
2009-06-16,,,,,,,,,,,,,
2009-06-17,,,,,,,,,,,,,
2009-06-18,,,,,,,,,,,,,
2009-06-19,,,,,,,,,,,,,
2009-06-20,,,,,,,,,,,,,
2009-06-21,,,,,,,,,,,,,
2009-06-22,,,,,,,,,,,,,
2009-06-23,,,,,,,,,,,,,
2009-06-24,,,,,,,,,,,,,
2009-06-25,,,,,,,,,,,,,
2009-06-26,,,,,,,,,,,,,
2009-06-27,,,,,,,,,,,,,
2009-06-28,,,,,,,,,,,,,
2009-06-29,,,,,,,,,,,,,
2009-06-30,,,,,,,,,,,,,
2009-07-01,,,,,,,,,,,,,
2009-07-02,,,,,,,,,,,,,
2009-07-03,,,,,,,,,,,,,
2009-07-04,,,,,,,,,,,,,
2009-07-05,,,,,,,,,,,,,
2009-07-06,,,,,,,,,,,,,
2009-07-07,,,,,,,,,,,,,
2009-07-08,,,,,,,,,,,,,
2009-07-09,,,,,,,,,,,,,
2009-07-10,,,,,,,,,,,,,
2009-07-11,,,,,,,,,,,,,
2009-07-12,,,,,,,,,,,,,
2009-07-13,,,,,,,,,,,,,
2009-07-14,,,,,,,,,,,,,
2009-07-15,,,,,,,,,,,,,
2009-07-16,,,,,,,,,,,,,
2009-07-17,,,,,,,,,,,,,
2009-07-18,,,,,,,,,,,,,
2009-07-19,,,,,,,,,,,,,
2009-07-20,,,,,,,,,,,,,
2009-07-21,,,,,,,,,,,,,
2009-07-22,,,,,,,,,,,,,
2009-07-23,,,,,,,,,,,,,
2009-07-24,,,,,,,,,,,,,
2009-07-25,,,,,,,,,,,,,
2009-07-26,,,,,,,,,,,,,
2009-07-27,,,,,,,,,,,,,
2009-07-28,,,,,,,,,,,,,
2009-07-29,,,,,,,,,,,,,
2009-07-30,,,,,,,,,,,,,
2009-07-31,,,,,,,,,,,,,
2009-08-01,,,,,,,,,,,,,
2009-08-02,,,,,,,,,,,,,
2009-08-03,,,,,,,,,,,,,
2009-08-04,,,,,,,,,,,,,
2009-08-05,,,,,,,,,,,,,
2009-08-06,,,,,,,,,,,,,
2009-08-07,,,,,,,,,,,,,
2009-08-08,,,,,,,,,,,,,
2009-08-09,,,,,,,,,,,,,
2009-08-10,,,,,,,,,,,,,
2009-08-11,,,,,,,,,,,,,
2009-08-12,,,,,,,,,,,,,
2009-08-13,,,,,,,,,,,,,
2009-08-14,,,,,,,,,,,,,
2009-08-15,,,,,,,,,,,,,
2009-08-16,,,,,,,,,,,,,
2009-08-17,,,,,,,,,,,,,
2009-08-18,,,,,,,,,,,,,
2009-08-19,,,,,,,,,,,,,
2009-08-20,,,,,,,,,,,,,
2009-08-21,,,,,,,,,,,,,
2009-08-22,,,,,,,,,,,,,
2009-08-23,,,,,,,,,,,,,
2009-08-24,,,,,,,,,,,,,
2009-08-25,,,,,,,,,,,,,
2009-08-26,,,,,,,,,,,,,
2009-08-27,,,,,,,,,,,,,
2009-08-28,,,,,,,,,,,,,
2009-08-29,,,,,,,,,,,,,
2009-08-30,,,,,,,,,,,,,
2009-08-31,,,,,,,,,,,,,
2009-09-01,,,,,,,,,,,,,
2009-09-02,,,,,,,,,,,,,
2009-09-03,,,,,,,,,,,,,
2009-09-04,,,,,,,,,,,,,
2009-09-05,,,,,,,,,,,,,
2009-09-06,,,,,,,,,,,,,
2009-09-07,,,,,,,,,,,,,
2009-09-08,,,,,,,,,,,,,
2009-09-09,,,,,,,,,,,,,
2009-09-10,,,,,,,,,,,,,
2009-09-11,,,,,,,,,,,,,
2009-09-12,,,,,,,,,,,,,
2009-09-13,,,,,,,,,,,,,
2009-09-14,,,,,,,,,,,,,
2009-09-15,,,,,,,,,,,,,
2009-09-16,,,,,,,,,,,,,
2009-09-17,,,,,,,,,,,,,
2009-09-18,,,,,,,,,,,,,
2009-09-19,,,,,,,,,,,,,
2009-09-20,,,,,,,,,,,,,
2009-09-21,,,,,,,,,,,,,
2009-09-22,,,,,,,,,,,,,
2009-09-23,,,,,,,,,,,,,
2009-09-24,,,,,,,,,,,,,
2009-09-25,,,,,,,,,,,,,
2009-09-26,,,,,,,,,,,,,
2009-09-27,,,,,,,,,,,,,
2009-09-28,,,,,,,,,,,,,
2009-09-29,,,,,,,,,,,,,
2009-09-30,,,,,,,,,,,,,
2009-10-01,,,,,,,,,,,,,
2009-10-02,,,,,,,,,,,,,
2009-10-03,,,,,,,,,,,,,
2009-10-04,,,,,,,,,,,,,
2009-10-05,,,,,,,,,,,,,
2009-10-06,,,,,,,,,,,,,
2009-10-07,,,,,,,,,,,,,
2009-10-08,,,,,,,,,,,,,
2009-10-09,,,,,,,,,,,,,
2009-10-10,,,,,,,,,,,,,
2009-10-11,,,,,,,,,,,,,
2009-10-12,,,,,,,,,,,,,
2009-10-13,,,,,,,,,,,,,
2009-10-14,,,,,,,,,,,,,
2009-10-15,,,,,,,,,,,,,
2009-10-16,,,,,,,,,,,,,
2009-10-17,,,,,,,,,,,,,
2009-10-18,,,,,,,,,,,,,
2009-10-19,,,,,,,,,,,,,
2009-10-20,,,,,,,,,,,,,
2009-10-21,,,,,,,,,,,,,
2009-10-22,,,,,,,,,,,,,
2009-10-23,,,,,,,,,,,,,
2009-10-24,,,,,,,,,,,,,
2009-10-25,,,,,,,,,,,,,
2009-10-26,,,,,,,,,,,,,
2009-10-27,,,,,,,,,,,,,
2009-10-28,,,,,,,,,,,,,
2009-10-29,,,,,,,,,,,,,
2009-10-30,,,,,,,,,,,,,
2009-10-31,,,,,,,,,,,,,
2009-11-01,,,,,,,,,,,,,
2009-11-02,,,,,,,,,,,,,
2009-11-03,,,,,,,,,,,,,
2009-11-04,,,,,,,,,,,,,
2009-11-05,,,,,,,,,,,,,
2009-11-06,,,,,,,,,,,,,
2009-11-07,,,,,,,,,,,,,
2009-11-08,,,,,,,,,,,,,
2009-11-09,,,,,,,,,,,,,
2009-11-10,,,,,,,,,,,,,
2009-11-11,,,,,,,,,,,,,
2009-11-12,,,,,,,,,,,,,
2009-11-13,,,,,,,,,,,,,
2009-11-14,,,,,,,,,,,,,
2009-11-15,,,,,,,,,,,,,
2009-11-16,,,,,,,,,,,,,
2009-11-17,,,,,,,,,,,,,
2009-11-18,,,,,,,,,,,,,
2009-11-19,,,,,,,,,,,,,
2009-11-20,,,,,,,,,,,,,
2009-11-21,,,,,,,,,,,,,
2009-11-22,,,,,,,,,,,,,
2009-11-23,,,,,,,,,,,,,
2009-11-24,,,,,,,,,,,,,
2009-11-25,,,,,,,,,,,,,
2009-11-26,,,,,,,,,,,,,
2009-11-27,,,,,,,,,,,,,
2009-11-28,,,,,,,,,,,,,
2009-11-29,,,,,,,,,,,,,
2009-11-30,,,,,,,,,,,,,
2009-12-01,,,,,,,,,,,,,
2009-12-02,,,,,,,,,,,,,
2009-12-03,,,,,,,,,,,,,
2009-12-04,,,,,,,,,,,,,
2009-12-05,,,,,,,,,,,,,
2009-12-06,,,,,,,,,,,,,
2009-12-07,,,,,,,,,,,,,
2009-12-08,,,,,,,,,,,,,
2009-12-09,,,,,,,,,,,,,
2009-12-10,,,,,,,,,,,,,
2009-12-11,,,,,,,,,,,,,
2009-12-12,,,,,,,,,,,,,
2009-12-13,,,,,,,,,,,,,
2009-12-14,,,,,,,,,,,,,
2009-12-15,,,,,,,,,,,,,
2009-12-16,,,,,,,,,,,,,
2009-12-17,,,,,,,,,,,,,
2009-12-18,,,,,,,,,,,,,
2009-12-19,,,,,,,,,,,,,
2009-12-20,,,,,,,,,,,,,
2009-12-21,,,,,,,,,,,,,
2009-12-22,,,,,,,,,,,,,
2009-12-23,,,,,,,,,,,,,
2009-12-24,,,,,,,,,,,,,
2009-12-25,,,,,,,,,,,,,
2009-12-26,,,,,,,,,,,,,
2009-12-27,,,,,,,,,,,,,
2009-12-28,,,,,,,,,,,,,
2009-12-29,,,,,,,,,,,,,
2009-12-30,,,,,,,,,,,,,
2009-12-31,,,,,,,,,,,,,
2010-01-01,,,,,,,,,,,,,
2010-01-02,,,,,,,,,,,,,
2010-01-03,,,,,,,,,,,,,
2010-01-04,,,,,,,,,,,,,
2010-01-05,,,,,,,,,,,,,
2010-01-06,,,,,,,,,,,,,
2010-01-07,,,,,,,,,,,,,
2010-01-08,,,,,,,,,,,,,
2010-01-09,,,,,,,,,,,,,
2010-01-10,,,,,,,,,,,,,
2010-01-11,,,,,,,,,,,,,
2010-01-12,,,,,,,,,,,,,
2010-01-13,,,,,,,,,,,,,
2010-01-14,,,,,,,,,,,,,
2010-01-15,,,,,,,,,,,,,
2010-01-16,,,,,,,,,,,,,
2010-01-17,,,,,,,,,,,,,
2010-01-18,,,,,,,,,,,,,
2010-01-19,,,,,,,,,,,,,
2010-01-20,,,,,,,,,,,,,
2010-01-21,,,,,,,,,,,,,
2010-01-22,,,,,,,,,,,,,
2010-01-23,,,,,,,,,,,,,
2010-01-24,,,,,,,,,,,,,
2010-01-25,,,,,,,,,,,,,
2010-01-26,,,,,,,,,,,,,
2010-01-27,,,,,,,,,,,,,
2010-01-28,,,,,,,,,,,,,
2010-01-29,,,,,,,,,,,,,
2010-01-30,,,,,,,,,,,,,
2010-01-31,,,,,,,,,,,,,
2010-02-01,,,,,,,,,,,,,
2010-02-02,,,,,,,,,,,,,
2010-02-03,,,,,,,,,,,,,
2010-02-04,,,,,,,,,,,,,
2010-02-05,,,,,,,,,,,,,
2010-02-06,,,,,,,,,,,,,
2010-02-07,,,,,,,,,,,,,
2010-02-08,,,,,,,,,,,,,
2010-02-09,,,,,,,,,,,,,
2010-02-10,,,,,,,,,,,,,
2010-02-11,,,,,,,,,,,,,
2010-02-12,,,,,,,,,,,,,
2010-02-13,,,,,,,,,,,,,
2010-02-14,,,,,,,,,,,,,
2010-02-15,,,,,,,,,,,,,
2010-02-16,,,,,,,,,,,,,
2010-02-17,,,,,,,,,,,,,
2010-02-18,,,,,,,,,,,,,
2010-02-19,,,,,,,,,,,,,
2010-02-20,,,,,,,,,,,,,
2010-02-21,,,,,,,,,,,,,
2010-02-22,,,,,,,,,,,,,
2010-02-23,,,,,,,,,,,,,
2010-02-24,,,,,,,,,,,,,
2010-02-25,,,,,,,,,,,,,
2010-02-26,,,,,,,,,,,,,
2010-02-27,,,,,,,,,,,,,
2010-02-28,,,,,,,,,,,,,
2010-03-01,,,,,,,,,,,,,
2010-03-02,,,,,,,,,,,,,
2010-03-03,,,,,,,,,,,,,
2010-03-04,,,,,,,,,,,,,
2010-03-05,,,,,,,,,,,,,
2010-03-06,,,,,,,,,,,,,
2010-03-07,,,,,,,,,,,,,
2010-03-08,,,,,,,,,,,,,
2010-03-09,,,,,,,,,,,,,
2010-03-10,,,,,,,,,,,,,
2010-03-11,,,,,,,,,,,,,
2010-03-12,,,,,,,,,,,,,
2010-03-13,,,,,,,,,,,,,
2010-03-14,,,,,,,,,,,,,
2010-03-15,,,,,,,,,,,,,
2010-03-16,,,,,,,,,,,,,
2010-03-17,,,,,,,,,,,,,
2010-03-18,,,,,,,,,,,,,
2010-03-19,,,,,,,,,,,,,
2010-03-20,,,,,,,,,,,,,
2010-03-21,,,,,,,,,,,,,
2010-03-22,,,,,,,,,,,,,
2010-03-23,,,,,,,,,,,,,
2010-03-24,,,,,,,,,,,,,
2010-03-25,,,,,,,,,,,,,
2010-03-26,,,,,,,,,,,,,
2010-03-27,,,,,,,,,,,,,
2010-03-28,,,,,,,,,,,,,
2010-03-29,,,,,,,,,,,,,
2010-03-30,,,,,,,,,,,,,
2010-03-31,,,,,,,,,,,,,
2010-04-01,,,,,,,,,,,,,
2010-04-02,,,,,,,,,,,,,
2010-04-03,,,,,,,,,,,,,
2010-04-04,,,,,,,,,,,,,
2010-04-05,,,,,,,,,,,,,
2010-04-06,,,,,,,,,,,,,
2010-04-07,,,,,,,,,,,,,
2010-04-08,,,,,,,,,,,,,
2010-04-09,,,,,,,,,,,,,
2010-04-10,,,,,,,,,,,,,
2010-04-11,,,,,,,,,,,,,
2010-04-12,,,,,,,,,,,,,
2010-04-13,,,,,,,,,,,,,
2010-04-14,,,,,,,,,,,,,
2010-04-15,,,,,,,,,,,,,
2010-04-16,,,,,,,,,,,,,
2010-04-17,,,,,,,,,,,,,
2010-04-18,,,,,,,,,,,,,
2010-04-19,,,,,,,,,,,,,
2010-04-20,,,,,,,,,,,,,
2010-04-21,,,,,,,,,,,,,
2010-04-22,,,,,,,,,,,,,
2010-04-23,,,,,,,,,,,,,
2010-04-24,,,,,,,,,,,,,
2010-04-25,,,,,,,,,,,,,
2010-04-26,,,,,,,,,,,,,
2010-04-27,,,,,,,,,,,,,
2010-04-28,,,,,,,,,,,,,
2010-04-29,,,,,,,,,,,,,
2010-04-30,,,,,,,,,,,,,
2010-05-01,,,,,,,,,,,,,
2010-05-02,,,,,,,,,,,,,
2010-05-03,,,,,,,,,,,,,
2010-05-04,,,,,,,,,,,,,
2010-05-05,,,,,,,,,,,,,
2010-05-06,,,,,,,,,,,,,
2010-05-07,,,,,,,,,,,,,
2010-05-08,,,,,,,,,,,,,
2010-05-09,,,,,,,,,,,,,
2010-05-10,,,,,,,,,,,,,
2010-05-11,,,,,,,,,,,,,
2010-05-12,,,,,,,,,,,,,
2010-05-13,,,,,,,,,,,,,
2010-05-14,,,,,,,,,,,,,
2010-05-15,,,,,,,,,,,,,
2010-05-16,,,,,,,,,,,,,
2010-05-17,,,,,,,,,,,,,
2010-05-18,,,,,,,,,,,,,
2010-05-19,,,,,,,,,,,,,
2010-05-20,,,,,,,,,,,,,
2010-05-21,,,,,,,,,,,,,
2010-05-22,,,,,,,,,,,,,
2010-05-23,,,,,,,,,,,,,
2010-05-24,,,,,,,,,,,,,
2010-05-25,,,,,,,,,,,,,
2010-05-26,,,,,,,,,,,,,
2010-05-27,,,,,,,,,,,,,
2010-05-28,,,,,,,,,,,,,
2010-05-29,,,,,,,,,,,,,
2010-05-30,,,,,,,,,,,,,
2010-05-31,,,,,,,,,,,,,
2010-06-01,,,,,,,,,,,,,
2010-06-02,,,,,,,,,,,,,
2010-06-03,,,,,,,,,,,,,
2010-06-04,,,,,,,,,,,,,
2010-06-05,,,,,,,,,,,,,
2010-06-06,,,,,,,,,,,,,
2010-06-07,,,,,,,,,,,,,
2010-06-08,,,,,,,,,,,,,
2010-06-09,,,,,,,,,,,,,
2010-06-10,,,,,,,,,,,,,
2010-06-11,,,,,,,,,,,,,
2010-06-12,,,,,,,,,,,,,
2010-06-13,,,,,,,,,,,,,
2010-06-14,,,,,,,,,,,,,
2010-06-15,,,,,,,,,,,,,
2010-06-16,,,,,,,,,,,,,
2010-06-17,,,,,,,,,,,,,
2010-06-18,,,,,,,,,,,,,
2010-06-19,,,,,,,,,,,,,
2010-06-20,,,,,,,,,,,,,
2010-06-21,,,,,,,,,,,,,
2010-06-22,,,,,,,,,,,,,
2010-06-23,,,,,,,,,,,,,
2010-06-24,,,,,,,,,,,,,
2010-06-25,,,,,,,,,,,,,
2010-06-26,,,,,,,,,,,,,
2010-06-27,,,,,,,,,,,,,
2010-06-28,,,,,,,,,,,,,
2010-06-29,,,,,,,,,,,,,
2010-06-30,,,,,,,,,,,,,
2010-07-01,,,,,,,,,,,,,
2010-07-02,,,,,,,,,,,,,
2010-07-03,,,,,,,,,,,,,
2010-07-04,,,,,,,,,,,,,
2010-07-05,,,,,,,,,,,,,
2010-07-06,,,,,,,,,,,,,
2010-07-07,,,,,,,,,,,,,
2010-07-08,,,,,,,,,,,,,
2010-07-09,,,,,,,,,,,,,
2010-07-10,,,,,,,,,,,,,
2010-07-11,,,,,,,,,,,,,
2010-07-12,,,,,,,,,,,,,
2010-07-13,,,,,,,,,,,,,
2010-07-14,,,,,,,,,,,,,
2010-07-15,,,,,,,,,,,,,
2010-07-16,,,,,,,,,,,,,
2010-07-17,,,,,,,,,,,,,
2010-07-18,,,,,,,,,,,,,
2010-07-19,,,,,,,,,,,,,
2010-07-20,,,,,,,,,,,,,
2010-07-21,,,,,,,,,,,,,
2010-07-22,,,,,,,,,,,,,
2010-07-23,,,,,,,,,,,,,
2010-07-24,,,,,,,,,,,,,
2010-07-25,,,,,,,,,,,,,
2010-07-26,,,,,,,,,,,,,
2010-07-27,,,,,,,,,,,,,
2010-07-28,,,,,,,,,,,,,
2010-07-29,,,,,,,,,,,,,
2010-07-30,,,,,,,,,,,,,
2010-07-31,,,,,,,,,,,,,
2010-08-01,,,,,,,,,,,,,
2010-08-02,,,,,,,,,,,,,
2010-08-03,,,,,,,,,,,,,
2010-08-04,,,,,,,,,,,,,
2010-08-05,,,,,,,,,,,,,
2010-08-06,,,,,,,,,,,,,
2010-08-07,,,,,,,,,,,,,
2010-08-08,,,,,,,,,,,,,
2010-08-09,,,,,,,,,,,,,
2010-08-10,,,,,,,,,,,,,
2010-08-11,,,,,,,,,,,,,
2010-08-12,,,,,,,,,,,,,
2010-08-13,,,,,,,,,,,,,
2010-08-14,,,,,,,,,,,,,
2010-08-15,,,,,,,,,,,,,
2010-08-16,,,,,,,,,,,,,
2010-08-17,,,,,,,,,,,,,
2010-08-18,,,,,,,,,,,,,
2010-08-19,,,,,,,,,,,,,
2010-08-20,,,,,,,,,,,,,
2010-08-21,,,,,,,,,,,,,
2010-08-22,,,,,,,,,,,,,
2010-08-23,,,,,,,,,,,,,
2010-08-24,,,,,,,,,,,,,
2010-08-25,,,,,,,,,,,,,
2010-08-26,,,,,,,,,,,,,
2010-08-27,,,,,,,,,,,,,
2010-08-28,,,,,,,,,,,,,
2010-08-29,,,,,,,,,,,,,
2010-08-30,,,,,,,,,,,,,
2010-08-31,,,,,,,,,,,,,
2010-09-01,,,,,,,,,,,,,
2010-09-02,,,,,,,,,,,,,
2010-09-03,,,,,,,,,,,,,
2010-09-04,,,,,,,,,,,,,
2010-09-05,,,,,,,,,,,,,
2010-09-06,,,,,,,,,,,,,
2010-09-07,,,,,,,,,,,,,
2010-09-08,,,,,,,,,,,,,
2010-09-09,,,,,,,,,,,,,
2010-09-10,,,,,,,,,,,,,
2010-09-11,,,,,,,,,,,,,
2010-09-12,,,,,,,,,,,,,
2010-09-13,,,,,,,,,,,,,
2010-09-14,,,,,,,,,,,,,
2010-09-15,,,,,,,,,,,,,
2010-09-16,,,,,,,,,,,,,
2010-09-17,,,,,,,,,,,,,
2010-09-18,,,,,,,,,,,,,
2010-09-19,,,,,,,,,,,,,
2010-09-20,,,,,,,,,,,,,
2010-09-21,,,,,,,,,,,,,
2010-09-22,,,,,,,,,,,,,
2010-09-23,,,,,,,,,,,,,
2010-09-24,,,,,,,,,,,,,
2010-09-25,,,,,,,,,,,,,
2010-09-26,,,,,,,,,,,,,
2010-09-27,,,,,,,,,,,,,
2010-09-28,,,,,,,,,,,,,
2010-09-29,,,,,,,,,,,,,
2010-09-30,,,,,,,,,,,,,
2010-10-01,,,,,,,,,,,,,
2010-10-02,,,,,,,,,,,,,
2010-10-03,,,,,,,,,,,,,
2010-10-04,,,,,,,,,,,,,
2010-10-05,,,,,,,,,,,,,
2010-10-06,,,,,,,,,,,,,
2010-10-07,,,,,,,,,,,,,
2010-10-08,,,,,,,,,,,,,
2010-10-09,,,,,,,,,,,,,
2010-10-10,,,,,,,,,,,,,
2010-10-11,,,,,,,,,,,,,
2010-10-12,,,,,,,,,,,,,
2010-10-13,,,,,,,,,,,,,
2010-10-14,,,,,,,,,,,,,
2010-10-15,,,,,,,,,,,,,
2010-10-16,,,,,,,,,,,,,
2010-10-17,,,,,,,,,,,,,
2010-10-18,,,,,,,,,,,,,
2010-10-19,,,,,,,,,,,,,
2010-10-20,,,,,,,,,,,,,
2010-10-21,,,,,,,,,,,,,
2010-10-22,,,,,,,,,,,,,
2010-10-23,,,,,,,,,,,,,
2010-10-24,,,,,,,,,,,,,
2010-10-25,,,,,,,,,,,,,
2010-10-26,,,,,,,,,,,,,
2010-10-27,,,,,,,,,,,,,
2010-10-28,,,,,,,,,,,,,
2010-10-29,,,,,,,,,,,,,
2010-10-30,,,,,,,,,,,,,
2010-10-31,,,,,,,,,,,,,
2010-11-01,,,,,,,,,,,,,
2010-11-02,,,,,,,,,,,,,
2010-11-03,,,,,,,,,,,,,
2010-11-04,,,,,,,,,,,,,
2010-11-05,,,,,,,,,,,,,
2010-11-06,,,,,,,,,,,,,
2010-11-07,,,,,,,,,,,,,
2010-11-08,,,,,,,,,,,,,
2010-11-09,,,,,,,,,,,,,
2010-11-10,,,,,,,,,,,,,
2010-11-11,,,,,,,,,,,,,
2010-11-12,,,,,,,,,,,,,
2010-11-13,,,,,,,,,,,,,
2010-11-14,,,,,,,,,,,,,
2010-11-15,,,,,,,,,,,,,
2010-11-16,,,,,,,,,,,,,
2010-11-17,,,,,,,,,,,,,
2010-11-18,,,,,,,,,,,,,
2010-11-19,,,,,,,,,,,,,
2010-11-20,,,,,,,,,,,,,
2010-11-21,,,,,,,,,,,,,
2010-11-22,,,,,,,,,,,,,
2010-11-23,,,,,,,,,,,,,
2010-11-24,,,,,,,,,,,,,
2010-11-25,,,,,,,,,,,,,
2010-11-26,,,,,,,,,,,,,
2010-11-27,,,,,,,,,,,,,
2010-11-28,,,,,,,,,,,,,
2010-11-29,,,,,,,,,,,,,
2010-11-30,,,,,,,,,,,,,
2010-12-01,,,,,,,,,,,,,
2010-12-02,,,,,,,,,,,,,
2010-12-03,,,,,,,,,,,,,
2010-12-04,,,,,,,,,,,,,
2010-12-05,,,,,,,,,,,,,
2010-12-06,,,,,,,,,,,,,
2010-12-07,,,,,,,,,,,,,
2010-12-08,,,,,,,,,,,,,
2010-12-09,,,,,,,,,,,,,
2010-12-10,,,,,,,,,,,,,
2010-12-11,,,,,,,,,,,,,
2010-12-12,,,,,,,,,,,,,
2010-12-13,,,,,,,,,,,,,
2010-12-14,,,,,,,,,,,,,
2010-12-15,,,,,,,,,,,,,
2010-12-16,,,,,,,,,,,,,
2010-12-17,,,,,,,,,,,,,
2010-12-18,,,,,,,,,,,,,
2010-12-19,,,,,,,,,,,,,
2010-12-20,,,,,,,,,,,,,
2010-12-21,,,,,,,,,,,,,
2010-12-22,,,,,,,,,,,,,
2010-12-23,,,,,,,,,,,,,
2010-12-24,,,,,,,,,,,,,
2010-12-25,,,,,,,,,,,,,
2010-12-26,,,,,,,,,,,,,
2010-12-27,,,,,,,,,,,,,
2010-12-28,,,,,,,,,,,,,
2010-12-29,,,,,,,,,,,,,
2010-12-30,,,,,,,,,,,,,
2010-12-31,,,,,,,,,,,,,
2011-01-01,,,,,,,,,,,,,
2011-01-02,,,,,,,,,,,,,
2011-01-03,,,,,,,,,,,,,
2011-01-04,,,,,,,,,,,,,
2011-01-05,,,,,,,,,,,,,
2011-01-06,,,,,,,,,,,,,
2011-01-07,,,,,,,,,,,,,
2011-01-08,,,,,,,,,,,,,
2011-01-09,,,,,,,,,,,,,
2011-01-10,,,,,,,,,,,,,
2011-01-11,,,,,,,,,,,,,
2011-01-12,,,,,,,,,,,,,
2011-01-13,,,,,,,,,,,,,
2011-01-14,,,,,,,,,,,,,
2011-01-15,,,,,,,,,,,,,
2011-01-16,,,,,,,,,,,,,
2011-01-17,,,,,,,,,,,,,
2011-01-18,,,,,,,,,,,,,
2011-01-19,,,,,,,,,,,,,
2011-01-20,,,,,,,,,,,,,
2011-01-21,,,,,,,,,,,,,
2011-01-22,,,,,,,,,,,,,
2011-01-23,,,,,,,,,,,,,
2011-01-24,,,,,,,,,,,,,
2011-01-25,,,,,,,,,,,,,
2011-01-26,,,,,,,,,,,,,
2011-01-27,,,,,,,,,,,,,
2011-01-28,,,,,,,,,,,,,
2011-01-29,,,,,,,,,,,,,
2011-01-30,,,,,,,,,,,,,
2011-01-31,,,,,,,,,,,,,
2011-02-01,,,,,,,,,,,,,
2011-02-02,,,,,,,,,,,,,
2011-02-03,,,,,,,,,,,,,
2011-02-04,,,,,,,,,,,,,
2011-02-05,,,,,,,,,,,,,
2011-02-06,,,,,,,,,,,,,
2011-02-07,,,,,,,,,,,,,
2011-02-08,,,,,,,,,,,,,
2011-02-09,,,,,,,,,,,,,
2011-02-10,,,,,,,,,,,,,
2011-02-11,,,,,,,,,,,,,
2011-02-12,,,,,,,,,,,,,
2011-02-13,,,,,,,,,,,,,
2011-02-14,,,,,,,,,,,,,
2011-02-15,,,,,,,,,,,,,
2011-02-16,,,,,,,,,,,,,
2011-02-17,,,,,,,,,,,,,
2011-02-18,,,,,,,,,,,,,
2011-02-19,,,,,,,,,,,,,
2011-02-20,,,,,,,,,,,,,
2011-02-21,,,,,,,,,,,,,
2011-02-22,,,,,,,,,,,,,
2011-02-23,,,,,,,,,,,,,
2011-02-24,,,,,,,,,,,,,
2011-02-25,,,,,,,,,,,,,
2011-02-26,,,,,,,,,,,,,
2011-02-27,,,,,,,,,,,,,
2011-02-28,,,,,,,,,,,,,
2011-03-01,,,,,,,,,,,,,
2011-03-02,,,,,,,,,,,,,
2011-03-03,,,,,,,,,,,,,
2011-03-04,,,,,,,,,,,,,
2011-03-05,,,,,,,,,,,,,
2011-03-06,,,,,,,,,,,,,
2011-03-07,,,,,,,,,,,,,
2011-03-08,,,,,,,,,,,,,
2011-03-09,,,,,,,,,,,,,
2011-03-10,,,,,,,,,,,,,
2011-03-11,,,,,,,,,,,,,
2011-03-12,,,,,,,,,,,,,
2011-03-13,,,,,,,,,,,,,
2011-03-14,,,,,,,,,,,,,
2011-03-15,,,,,,,,,,,,,
2011-03-16,,,,,,,,,,,,,
2011-03-17,,,,,,,,,,,,,
2011-03-18,,,,,,,,,,,,,
2011-03-19,,,,,,,,,,,,,
2011-03-20,,,,,,,,,,,,,
2011-03-21,,,,,,,,,,,,,
2011-03-22,,,,,,,,,,,,,
2011-03-23,,,,,,,,,,,,,
2011-03-24,,,,,,,,,,,,,
2011-03-25,,,,,,,,,,,,,
2011-03-26,,,,,,,,,,,,,
2011-03-27,,,,,,,,,,,,,
2011-03-28,,,,,,,,,,,,,
2011-03-29,,,,,,,,,,,,,
2011-03-30,,,,,,,,,,,,,
2011-03-31,,,,,,,,,,,,,
2011-04-01,,,,,,,,,,,,,
2011-04-02,,,,,,,,,,,,,
2011-04-03,,,,,,,,,,,,,
2011-04-04,,,,,,,,,,,,,
2011-04-05,,,,,,,,,,,,,
2011-04-06,,,,,,,,,,,,,
2011-04-07,,,,,,,,,,,,,
2011-04-08,,,,,,,,,,,,,
2011-04-09,,,,,,,,,,,,,
2011-04-10,,,,,,,,,,,,,
2011-04-11,,,,,,,,,,,,,
2011-04-12,,,,,,,,,,,,,
2011-04-13,,,,,,,,,,,,,
2011-04-14,,,,,,,,,,,,,
2011-04-15,,,,,,,,,,,,,
2011-04-16,,,,,,,,,,,,,
2011-04-17,,,,,,,,,,,,,
2011-04-18,,,,,,,,,,,,,
2011-04-19,,,,,,,,,,,,,
2011-04-20,,,,,,,,,,,,,
2011-04-21,,,,,,,,,,,,,
2011-04-22,,,,,,,,,,,,,
2011-04-23,,,,,,,,,,,,,
2011-04-24,,,,,,,,,,,,,
2011-04-25,,,,,,,,,,,,,
2011-04-26,,,,,,,,,,,,,
2011-04-27,,,,,,,,,,,,,
2011-04-28,,,,,,,,,,,,,
2011-04-29,,,,,,,,,,,,,
2011-04-30,,,,,,,,,,,,,
2011-05-01,,,,,,,,,,,,,
2011-05-02,,,,,,,,,,,,,
2011-05-03,,,,,,,,,,,,,
2011-05-04,,,,,,,,,,,,,
2011-05-05,,,,,,,,,,,,,
2011-05-06,,,,,,,,,,,,,
2011-05-07,,,,,,,,,,,,,
2011-05-08,,,,,,,,,,,,,
2011-05-09,,,,,,,,,,,,,
2011-05-10,,,,,,,,,,,,,
2011-05-11,,,,,,,,,,,,,
2011-05-12,,,,,,,,,,,,,
2011-05-13,,,,,,,,,,,,,
2011-05-14,,,,,,,,,,,,,
2011-05-15,,,,,,,,,,,,,
2011-05-16,,,,,,,,,,,,,
2011-05-17,,,,,,,,,,,,,
2011-05-18,,,,,,,,,,,,,
2011-05-19,,,,,,,,,,,,,
2011-05-20,,,,,,,,,,,,,
2011-05-21,,,,,,,,,,,,,
2011-05-22,,,,,,,,,,,,,
2011-05-23,,,,,,,,,,,,,
2011-05-24,,,,,,,,,,,,,
2011-05-25,,,,,,,,,,,,,
2011-05-26,,,,,,,,,,,,,
2011-05-27,,,,,,,,,,,,,
2011-05-28,,,,,,,,,,,,,
2011-05-29,,,,,,,,,,,,,
2011-05-30,,,,,,,,,,,,,
2011-05-31,,,,,,,,,,,,,
2011-06-01,,,,,,,,,,,,,
2011-06-02,,,,,,,,,,,,,
2011-06-03,,,,,,,,,,,,,
2011-06-04,,,,,,,,,,,,,
2011-06-05,,,,,,,,,,,,,
2011-06-06,,,,,,,,,,,,,
2011-06-07,,,,,,,,,,,,,
2011-06-08,,,,,,,,,,,,,
2011-06-09,,,,,,,,,,,,,
2011-06-10,,,,,,,,,,,,,
2011-06-11,,,,,,,,,,,,,
2011-06-12,,,,,,,,,,,,,
2011-06-13,,,,,,,,,,,,,
2011-06-14,,,,,,,,,,,,,
2011-06-15,,,,,,,,,,,,,
2011-06-16,,,,,,,,,,,,,
2011-06-17,,,,,,,,,,,,,
2011-06-18,,,,,,,,,,,,,
2011-06-19,,,,,,,,,,,,,
2011-06-20,,,,,,,,,,,,,
2011-06-21,,,,,,,,,,,,,
2011-06-22,,,,,,,,,,,,,
2011-06-23,,,,,,,,,,,,,
2011-06-24,,,,,,,,,,,,,
2011-06-25,,,,,,,,,,,,,
2011-06-26,,,,,,,,,,,,,
2011-06-27,,,,,,,,,,,,,
2011-06-28,,,,,,,,,,,,,
2011-06-29,,,,,,,,,,,,,
2011-06-30,,,,,,,,,,,,,
2011-07-01,,,,,,,,,,,,,
2011-07-02,,,,,,,,,,,,,
2011-07-03,,,,,,,,,,,,,
2011-07-04,,,,,,,,,,,,,
2011-07-05,,,,,,,,,,,,,
2011-07-06,,,,,,,,,,,,,
2011-07-07,,,,,,,,,,,,,
2011-07-08,,,,,,,,,,,,,
2011-07-09,,,,,,,,,,,,,
2011-07-10,,,,,,,,,,,,,
2011-07-11,,,,,,,,,,,,,
2011-07-12,,,,,,,,,,,,,
2011-07-13,,,,,,,,,,,,,
2011-07-14,,,,,,,,,,,,,
2011-07-15,,,,,,,,,,,,,
2011-07-16,,,,,,,,,,,,,
2011-07-17,,,,,,,,,,,,,
2011-07-18,,,,,,,,,,,,,
2011-07-19,,,,,,,,,,,,,
2011-07-20,,,,,,,,,,,,,
2011-07-21,,,,,,,,,,,,,
2011-07-22,,,,,,,,,,,,,
2011-07-23,,,,,,,,,,,,,
2011-07-24,,,,,,,,,,,,,
2011-07-25,,,,,,,,,,,,,
2011-07-26,,,,,,,,,,,,,
2011-07-27,,,,,,,,,,,,,
2011-07-28,,,,,,,,,,,,,
2011-07-29,,,,,,,,,,,,,
2011-07-30,,,,,,,,,,,,,
2011-07-31,,,,,,,,,,,,,
2011-08-01,,,,,,,,,,,,,
2011-08-02,,,,,,,,,,,,,
2011-08-03,,,,,,,,,,,,,
2011-08-04,,,,,,,,,,,,,
2011-08-05,,,,,,,,,,,,,
2011-08-06,,,,,,,,,,,,,
2011-08-07,,,,,,,,,,,,,
2011-08-08,,,,,,,,,,,,,
2011-08-09,,,,,,,,,,,,,
2011-08-10,,,,,,,,,,,,,
2011-08-11,,,,,,,,,,,,,
2011-08-12,,,,,,,,,,,,,
2011-08-13,,,,,,,,,,,,,
2011-08-14,,,,,,,,,,,,,
2011-08-15,,,,,,,,,,,,,
2011-08-16,,,,,,,,,,,,,
2011-08-17,,,,,,,,,,,,,
2011-08-18,,,,,,,,,,,,,
2011-08-19,,,,,,,,,,,,,
2011-08-20,,,,,,,,,,,,,
2011-08-21,,,,,,,,,,,,,
2011-08-22,,,,,,,,,,,,,
2011-08-23,,,,,,,,,,,,,
2011-08-24,,,,,,,,,,,,,
2011-08-25,,,,,,,,,,,,,
2011-08-26,,,,,,,,,,,,,
2011-08-27,,,,,,,,,,,,,
2011-08-28,,,,,,,,,,,,,
2011-08-29,,,,,,,,,,,,,
2011-08-30,,,,,,,,,,,,,
2011-08-31,,,,,,,,,,,,,
2011-09-01,,,,,,,,,,,,,
2011-09-02,,,,,,,,,,,,,
2011-09-03,,,,,,,,,,,,,
2011-09-04,,,,,,,,,,,,,
2011-09-05,,,,,,,,,,,,,
2011-09-06,,,,,,,,,,,,,
2011-09-07,,,,,,,,,,,,,
2011-09-08,,,,,,,,,,,,,
2011-09-09,,,,,,,,,,,,,
2011-09-10,,,,,,,,,,,,,
2011-09-11,,,,,,,,,,,,,
2011-09-12,,,,,,,,,,,,,
2011-09-13,,,,,,,,,,,,,
2011-09-14,,,,,,,,,,,,,
2011-09-15,,,,,,,,,,,,,
2011-09-16,,,,,,,,,,,,,
2011-09-17,,,,,,,,,,,,,
2011-09-18,,,,,,,,,,,,,
2011-09-19,,,,,,,,,,,,,
2011-09-20,,,,,,,,,,,,,
2011-09-21,,,,,,,,,,,,,
2011-09-22,,,,,,,,,,,,,
2011-09-23,,,,,,,,,,,,,
2011-09-24,,,,,,,,,,,,,
2011-09-25,,,,,,,,,,,,,
2011-09-26,,,,,,,,,,,,,
2011-09-27,,,,,,,,,,,,,
2011-09-28,,,,,,,,,,,,,
2011-09-29,,,,,,,,,,,,,
2011-09-30,,,,,,,,,,,,,
2011-10-01,,,,,,,,,,,,,
2011-10-02,,,,,,,,,,,,,
2011-10-03,,,,,,,,,,,,,
2011-10-04,,,,,,,,,,,,,
2011-10-05,,,,,,,,,,,,,
2011-10-06,,,,,,,,,,,,,
2011-10-07,,,,,,,,,,,,,
2011-10-08,,,,,,,,,,,,,
2011-10-09,,,,,,,,,,,,,
2011-10-10,,,,,,,,,,,,,
2011-10-11,,,,,,,,,,,,,
2011-10-12,,,,,,,,,,,,,
2011-10-13,,,,,,,,,,,,,
2011-10-14,,,,,,,,,,,,,
2011-10-15,,,,,,,,,,,,,
2011-10-16,,,,,,,,,,,,,
2011-10-17,,,,,,,,,,,,,
2011-10-18,,,,,,,,,,,,,
2011-10-19,,,,,,,,,,,,,
2011-10-20,,,,,,,,,,,,,
2011-10-21,,,,,,,,,,,,,
2011-10-22,,,,,,,,,,,,,
2011-10-23,,,,,,,,,,,,,
2011-10-24,,,,,,,,,,,,,
2011-10-25,,,,,,,,,,,,,
2011-10-26,,,,,,,,,,,,,
2011-10-27,,,,,,,,,,,,,
2011-10-28,,,,,,,,,,,,,
2011-10-29,,,,,,,,,,,,,
2011-10-30,,,,,,,,,,,,,
2011-10-31,,,,,,,,,,,,,
2011-11-01,,,,,,,,,,,,,
2011-11-02,,,,,,,,,,,,,
2011-11-03,,,,,,,,,,,,,
2011-11-04,,,,,,,,,,,,,
2011-11-05,,,,,,,,,,,,,
2011-11-06,,,,,,,,,,,,,
2011-11-07,,,,,,,,,,,,,
2011-11-08,,,,,,,,,,,,,
2011-11-09,,,,,,,,,,,,,
2011-11-10,,,,,,,,,,,,,
2011-11-11,,,,,,,,,,,,,
2011-11-12,,,,,,,,,,,,,
2011-11-13,,,,,,,,,,,,,
2011-11-14,,,,,,,,,,,,,
2011-11-15,,,,,,,,,,,,,
2011-11-16,,,,,,,,,,,,,
2011-11-17,,,,,,,,,,,,,
2011-11-18,,,,,,,,,,,,,
2011-11-19,,,,,,,,,,,,,
2011-11-20,,,,,,,,,,,,,
2011-11-21,,,,,,,,,,,,,
2011-11-22,,,,,,,,,,,,,
2011-11-23,,,,,,,,,,,,,
2011-11-24,,,,,,,,,,,,,
2011-11-25,,,,,,,,,,,,,
2011-11-26,,,,,,,,,,,,,
2011-11-27,,,,,,,,,,,,,
2011-11-28,,,,,,,,,,,,,
2011-11-29,,,,,,,,,,,,,
2011-11-30,,,,,,,,,,,,,
2011-12-01,,,,,,,,,,,,,
2011-12-02,,,,,,,,,,,,,
2011-12-03,,,,,,,,,,,,,
2011-12-04,,,,,,,,,,,,,
2011-12-05,,,,,,,,,,,,,
2011-12-06,,,,,,,,,,,,,
2011-12-07,,,,,,,,,,,,,
2011-12-08,,,,,,,,,,,,,
2011-12-09,,,,,,,,,,,,,
2011-12-10,,,,,,,,,,,,,
2011-12-11,,,,,,,,,,,,,
2011-12-12,,,,,,,,,,,,,
2011-12-13,,,,,,,,,,,,,
2011-12-14,,,,,,,,,,,,,
2011-12-15,,,,,,,,,,,,,
2011-12-16,,,,,,,,,,,,,
2011-12-17,,,,,,,,,,,,,
2011-12-18,,,,,,,,,,,,,
2011-12-19,,,,,,,,,,,,,
2011-12-20,,,,,,,,,,,,,
2011-12-21,,,,,,,,,,,,,
2011-12-22,,,,,,,,,,,,,
2011-12-23,,,,,,,,,,,,,
2011-12-24,,,,,,,,,,,,,
2011-12-25,,,,,,,,,,,,,
2011-12-26,,,,,,,,,,,,,
2011-12-27,,,,,,,,,,,,,
2011-12-28,,,,,,,,,,,,,
2011-12-29,,,,,,,,,,,,,
2011-12-30,,,,,,,,,,,,,
2011-12-31,,,,,,,,,,,,,
2012-01-01,,,,,,,,,,,,,
2012-01-02,,,,,,,,,,,,,
2012-01-03,,,,,,,,,,,,,
2012-01-04,,,,,,,,,,,,,
2012-01-05,,,,,,,,,,,,,
2012-01-06,,,,,,,,,,,,,
2012-01-07,,,,,,,,,,,,,
2012-01-08,,,,,,,,,,,,,
2012-01-09,,,,,,,,,,,,,
2012-01-10,,,,,,,,,,,,,
2012-01-11,,,,,,,,,,,,,
2012-01-12,,,,,,,,,,,,,
2012-01-13,,,,,,,,,,,,,
2012-01-14,,,,,,,,,,,,,
2012-01-15,,,,,,,,,,,,,
2012-01-16,,,,,,,,,,,,,
2012-01-17,,,,,,,,,,,,,
2012-01-18,,,,,,,,,,,,,
2012-01-19,,,,,,,,,,,,,
2012-01-20,,,,,,,,,,,,,
2012-01-21,,,,,,,,,,,,,
2012-01-22,,,,,,,,,,,,,
2012-01-23,,,,,,,,,,,,,
2012-01-24,,,,,,,,,,,,,
2012-01-25,,,,,,,,,,,,,
2012-01-26,,,,,,,,,,,,,
2012-01-27,,,,,,,,,,,,,
2012-01-28,,,,,,,,,,,,,
2012-01-29,,,,,,,,,,,,,
2012-01-30,,,,,,,,,,,,,
2012-01-31,,,,,,,,,,,,,
2012-02-01,,,,,,,,,,,,,
2012-02-02,,,,,,,,,,,,,
2012-02-03,,,,,,,,,,,,,
2012-02-04,,,,,,,,,,,,,
2012-02-05,,,,,,,,,,,,,
2012-02-06,,,,,,,,,,,,,
2012-02-07,,,,,,,,,,,,,
2012-02-08,,,,,,,,,,,,,
2012-02-09,,,,,,,,,,,,,
2012-02-10,,,,,,,,,,,,,
2012-02-11,,,,,,,,,,,,,
2012-02-12,,,,,,,,,,,,,
2012-02-13,,,,,,,,,,,,,
2012-02-14,,,,,,,,,,,,,
2012-02-15,,,,,,,,,,,,,
2012-02-16,,,,,,,,,,,,,
2012-02-17,,,,,,,,,,,,,
2012-02-18,,,,,,,,,,,,,
2012-02-19,,,,,,,,,,,,,
2012-02-20,,,,,,,,,,,,,
2012-02-21,,,,,,,,,,,,,
2012-02-22,,,,,,,,,,,,,
2012-02-23,,,,,,,,,,,,,
2012-02-24,,,,,,,,,,,,,
2012-02-25,,,,,,,,,,,,,
2012-02-26,,,,,,,,,,,,,
2012-02-27,,,,,,,,,,,,,
2012-02-28,,,,,,,,,,,,,
2012-02-29,,,,,,,,,,,,,
2012-03-01,,,,,,,,,,,,,
2012-03-02,,,,,,,,,,,,,
2012-03-03,,,,,,,,,,,,,
2012-03-04,,,,,,,,,,,,,
2012-03-05,,,,,,,,,,,,,
2012-03-06,,,,,,,,,,,,,
2012-03-07,,,,,,,,,,,,,
2012-03-08,,,,,,,,,,,,,
2012-03-09,,,,,,,,,,,,,
2012-03-10,,,,,,,,,,,,,
2012-03-11,,,,,,,,,,,,,
2012-03-12,,,,,,,,,,,,,
2012-03-13,,,,,,,,,,,,,
2012-03-14,,,,,,,,,,,,,
2012-03-15,,,,,,,,,,,,,
2012-03-16,,,,,,,,,,,,,
2012-03-17,,,,,,,,,,,,,
2012-03-18,,,,,,,,,,,,,
2012-03-19,,,,,,,,,,,,,
2012-03-20,,,,,,,,,,,,,
2012-03-21,,,,,,,,,,,,,
2012-03-22,,,,,,,,,,,,,
2012-03-23,,,,,,,,,,,,,
2012-03-24,,,,,,,,,,,,,
2012-03-25,,,,,,,,,,,,,
2012-03-26,,,,,,,,,,,,,
2012-03-27,,,,,,,,,,,,,
2012-03-28,,,,,,,,,,,,,
2012-03-29,,,,,,,,,,,,,
2012-03-30,,,,,,,,,,,,,
2012-03-31,,,,,,,,,,,,,
2012-04-01,,,,,,,,,,,,,
2012-04-02,,,,,,,,,,,,,
2012-04-03,,,,,,,,,,,,,
2012-04-04,,,,,,,,,,,,,
2012-04-05,,,,,,,,,,,,,
2012-04-06,,,,,,,,,,,,,
2012-04-07,,,,,,,,,,,,,
2012-04-08,,,,,,,,,,,,,
2012-04-09,,,,,,,,,,,,,
2012-04-10,,,,,,,,,,,,,
2012-04-11,,,,,,,,,,,,,
2012-04-12,,,,,,,,,,,,,
2012-04-13,,,,,,,,,,,,,
2012-04-14,,,,,,,,,,,,,
2012-04-15,,,,,,,,,,,,,
2012-04-16,,,,,,,,,,,,,
2012-04-17,,,,,,,,,,,,,
2012-04-18,,,,,,,,,,,,,
2012-04-19,,,,,,,,,,,,,
2012-04-20,,,,,,,,,,,,,
2012-04-21,,,,,,,,,,,,,
2012-04-22,,,,,,,,,,,,,
2012-04-23,,,,,,,,,,,,,
2012-04-24,,,,,,,,,,,,,
2012-04-25,,,,,,,,,,,,,
2012-04-26,,,,,,,,,,,,,
2012-04-27,,,,,,,,,,,,,
2012-04-28,,,,,,,,,,,,,
2012-04-29,,,,,,,,,,,,,
2012-04-30,,,,,,,,,,,,,
2012-05-01,,,,,,,,,,,,,
2012-05-02,,,,,,,,,,,,,
2012-05-03,,,,,,,,,,,,,
2012-05-04,,,,,,,,,,,,,
2012-05-05,,,,,,,,,,,,,
2012-05-06,,,,,,,,,,,,,
2012-05-07,,,,,,,,,,,,,
2012-05-08,,,,,,,,,,,,,
2012-05-09,,,,,,,,,,,,,
2012-05-10,,,,,,,,,,,,,
2012-05-11,,,,,,,,,,,,,
2012-05-12,,,,,,,,,,,,,
2012-05-13,,,,,,,,,,,,,
2012-05-14,,,,,,,,,,,,,
2012-05-15,,,,,,,,,,,,,
2012-05-16,,,,,,,,,,,,,
2012-05-17,,,,,,,,,,,,,
2012-05-18,,,,,,,,,,,,,
2012-05-19,,,,,,,,,,,,,
2012-05-20,,,,,,,,,,,,,
2012-05-21,,,,,,,,,,,,,
2012-05-22,,,,,,,,,,,,,
2012-05-23,,,,,,,,,,,,,
2012-05-24,,,,,,,,,,,,,
2012-05-25,,,,,,,,,,,,,
2012-05-26,,,,,,,,,,,,,
2012-05-27,,,,,,,,,,,,,
2012-05-28,,,,,,,,,,,,,
2012-05-29,,,,,,,,,,,,,
2012-05-30,,,,,,,,,,,,,
2012-05-31,,,,,,,,,,,,,
2012-06-01,,,,,,,,,,,,,
2012-06-02,,,,,,,,,,,,,
2012-06-03,,,,,,,,,,,,,
2012-06-04,,,,,,,,,,,,,
2012-06-05,,,,,,,,,,,,,
2012-06-06,,,,,,,,,,,,,
2012-06-07,,,,,,,,,,,,,
2012-06-08,,,,,,,,,,,,,
2012-06-09,,,,,,,,,,,,,
2012-06-10,,,,,,,,,,,,,
2012-06-11,,,,,,,,,,,,,
2012-06-12,,,,,,,,,,,,,
2012-06-13,,,,,,,,,,,,,
2012-06-14,,,,,,,,,,,,,
2012-06-15,,,,,,,,,,,,,
2012-06-16,,,,,,,,,,,,,
2012-06-17,,,,,,,,,,,,,
2012-06-18,,,,,,,,,,,,,
2012-06-19,,,,,,,,,,,,,
2012-06-20,,,,,,,,,,,,,
2012-06-21,,,,,,,,,,,,,
2012-06-22,,,,,,,,,,,,,
2012-06-23,,,,,,,,,,,,,
2012-06-24,,,,,,,,,,,,,
2012-06-25,,,,,,,,,,,,,
2012-06-26,,,,,,,,,,,,,
2012-06-27,,,,,,,,,,,,,
2012-06-28,,,,,,,,,,,,,
2012-06-29,,,,,,,,,,,,,
2012-06-30,,,,,,,,,,,,,
2012-07-01,,,,,,,,,,,,,
2012-07-02,,,,,,,,,,,,,
2012-07-03,,,,,,,,,,,,,
2012-07-04,,,,,,,,,,,,,
2012-07-05,,,,,,,,,,,,,
2012-07-06,,,,,,,,,,,,,
2012-07-07,,,,,,,,,,,,,
2012-07-08,,,,,,,,,,,,,
2012-07-09,,,,,,,,,,,,,
2012-07-10,,,,,,,,,,,,,
2012-07-11,,,,,,,,,,,,,
2012-07-12,,,,,,,,,,,,,
2012-07-13,,,,,,,,,,,,,
2012-07-14,,,,,,,,,,,,,
2012-07-15,,,,,,,,,,,,,
2012-07-16,,,,,,,,,,,,,
2012-07-17,,,,,,,,,,,,,
2012-07-18,,,,,,,,,,,,,
2012-07-19,,,,,,,,,,,,,
2012-07-20,,,,,,,,,,,,,
2012-07-21,,,,,,,,,,,,,
2012-07-22,,,,,,,,,,,,,
2012-07-23,,,,,,,,,,,,,
2012-07-24,,,,,,,,,,,,,
2012-07-25,,,,,,,,,,,,,
2012-07-26,,,,,,,,,,,,,
2012-07-27,,,,,,,,,,,,,
2012-07-28,,,,,,,,,,,,,
2012-07-29,,,,,,,,,,,,,
2012-07-30,,,,,,,,,,,,,
2012-07-31,,,,,,,,,,,,,
2012-08-01,,,,,,,,,,,,,
2012-08-02,,,,,,,,,,,,,
2012-08-03,,,,,,,,,,,,,
2012-08-04,,,,,,,,,,,,,
2012-08-05,,,,,,,,,,,,,
2012-08-06,,,,,,,,,,,,,
2012-08-07,,,,,,,,,,,,,
2012-08-08,,,,,,,,,,,,,
2012-08-09,,,,,,,,,,,,,
2012-08-10,,,,,,,,,,,,,
2012-08-11,,,,,,,,,,,,,
2012-08-12,,,,,,,,,,,,,
2012-08-13,,,,,,,,,,,,,
2012-08-14,,,,,,,,,,,,,
2012-08-15,,,,,,,,,,,,,
2012-08-16,,,,,,,,,,,,,
2012-08-17,,,,,,,,,,,,,
2012-08-18,,,,,,,,,,,,,
2012-08-19,,,,,,,,,,,,,
2012-08-20,,,,,,,,,,,,,
2012-08-21,,,,,,,,,,,,,
2012-08-22,,,,,,,,,,,,,
2012-08-23,,,,,,,,,,,,,
2012-08-24,,,,,,,,,,,,,
2012-08-25,,,,,,,,,,,,,
2012-08-26,,,,,,,,,,,,,
2012-08-27,,,,,,,,,,,,,
2012-08-28,,,,,,,,,,,,,
2012-08-29,,,,,,,,,,,,,
2012-08-30,,,,,,,,,,,,,
2012-08-31,,,,,,,,,,,,,
2012-09-01,,,,,,,,,,,,,
2012-09-02,,,,,,,,,,,,,
2012-09-03,,,,,,,,,,,,,
2012-09-04,,,,,,,,,,,,,
2012-09-05,,,,,,,,,,,,,
2012-09-06,,,,,,,,,,,,,
2012-09-07,,,,,,,,,,,,,
2012-09-08,,,,,,,,,,,,,
2012-09-09,,,,,,,,,,,,,
2012-09-10,,,,,,,,,,,,,
2012-09-11,,,,,,,,,,,,,
2012-09-12,,,,,,,,,,,,,
2012-09-13,,,,,,,,,,,,,
2012-09-14,,,,,,,,,,,,,
2012-09-15,,,,,,,,,,,,,
2012-09-16,,,,,,,,,,,,,
2012-09-17,,,,,,,,,,,,,
2012-09-18,,,,,,,,,,,,,
2012-09-19,,,,,,,,,,,,,
2012-09-20,,,,,,,,,,,,,
2012-09-21,,,,,,,,,,,,,
2012-09-22,,,,,,,,,,,,,
2012-09-23,,,,,,,,,,,,,
2012-09-24,,,,,,,,,,,,,
2012-09-25,,,,,,,,,,,,,
2012-09-26,,,,,,,,,,,,,
2012-09-27,,,,,,,,,,,,,
2012-09-28,,,,,,,,,,,,,
2012-09-29,,,,,,,,,,,,,
2012-09-30,,,,,,,,,,,,,
2012-10-01,,,,,,,,,,,,,
2012-10-02,,,,,,,,,,,,,
2012-10-03,,,,,,,,,,,,,
2012-10-04,,,,,,,,,,,,,
2012-10-05,,,,,,,,,,,,,
2012-10-06,,,,,,,,,,,,,
2012-10-07,,,,,,,,,,,,,
2012-10-08,,,,,,,,,,,,,
2012-10-09,,,,,,,,,,,,,
2012-10-10,,,,,,,,,,,,,
2012-10-11,,,,,,,,,,,,,
2012-10-12,,,,,,,,,,,,,
2012-10-13,,,,,,,,,,,,,
2012-10-14,,,,,,,,,,,,,
2012-10-15,,,,,,,,,,,,,
2012-10-16,,,,,,,,,,,,,
2012-10-17,,,,,,,,,,,,,
2012-10-18,,,,,,,,,,,,,
2012-10-19,,,,,,,,,,,,,
2012-10-20,,,,,,,,,,,,,
2012-10-21,,,,,,,,,,,,,
2012-10-22,,,,,,,,,,,,,
2012-10-23,,,,,,,,,,,,,
2012-10-24,,,,,,,,,,,,,
2012-10-25,,,,,,,,,,,,,
2012-10-26,,,,,,,,,,,,,
2012-10-27,,,,,,,,,,,,,
2012-10-28,,,,,,,,,,,,,
2012-10-29,,,,,,,,,,,,,
2012-10-30,,,,,,,,,,,,,
2012-10-31,,,,,,,,,,,,,
2012-11-01,,,,,,,,,,,,,
2012-11-02,,,,,,,,,,,,,
2012-11-03,,,,,,,,,,,,,
2012-11-04,,,,,,,,,,,,,
2012-11-05,,,,,,,,,,,,,
2012-11-06,,,,,,,,,,,,,
2012-11-07,,,,,,,,,,,,,
2012-11-08,,,,,,,,,,,,,
2012-11-09,,,,,,,,,,,,,
2012-11-10,,,,,,,,,,,,,
2012-11-11,,,,,,,,,,,,,
2012-11-12,,,,,,,,,,,,,
2012-11-13,,,,,,,,,,,,,
2012-11-14,,,,,,,,,,,,,
2012-11-15,,,,,,,,,,,,,
2012-11-16,,,,,,,,,,,,,
2012-11-17,,,,,,,,,,,,,
2012-11-18,,,,,,,,,,,,,
2012-11-19,,,,,,,,,,,,,
2012-11-20,,,,,,,,,,,,,
2012-11-21,,,,,,,,,,,,,
2012-11-22,,,,,,,,,,,,,
2012-11-23,,,,,,,,,,,,,
2012-11-24,,,,,,,,,,,,,
2012-11-25,,,,,,,,,,,,,
2012-11-26,,,,,,,,,,,,,
2012-11-27,,,,,,,,,,,,,
2012-11-28,,,,,,,,,,,,,
2012-11-29,,,,,,,,,,,,,
2012-11-30,,,,,,,,,,,,,
2012-12-01,,,,,,,,,,,,,
2012-12-02,,,,,,,,,,,,,
2012-12-03,,,,,,,,,,,,,
2012-12-04,,,,,,,,,,,,,
2012-12-05,,,,,,,,,,,,,
2012-12-06,,,,,,,,,,,,,
2012-12-07,,,,,,,,,,,,,
2012-12-08,,,,,,,,,,,,,
2012-12-09,,,,,,,,,,,,,
2012-12-10,,,,,,,,,,,,,
2012-12-11,,,,,,,,,,,,,
2012-12-12,,,,,,,,,,,,,
2012-12-13,,,,,,,,,,,,,
2012-12-14,,,,,,,,,,,,,
2012-12-15,,,,,,,,,,,,,
2012-12-16,,,,,,,,,,,,,
2012-12-17,,,,,,,,,,,,,
2012-12-18,,,,,,,,,,,,,
2012-12-19,,,,,,,,,,,,,
2012-12-20,,,,,,,,,,,,,
2012-12-21,,,,,,,,,,,,,
2012-12-22,,,,,,,,,,,,,
2012-12-23,,,,,,,,,,,,,
2012-12-24,,,,,,,,,,,,,
2012-12-25,,,,,,,,,,,,,
2012-12-26,,,,,,,,,,,,,
2012-12-27,,,,,,,,,,,,,
2012-12-28,,,,,,,,,,,,,
2012-12-29,,,,,,,,,,,,,
2012-12-30,,,,,,,,,,,,,
2012-12-31,,,,,,,,,,,,,
2013-01-01,,,,,,,,,,,,,
2013-01-02,,,,,,,,,,,,,
2013-01-03,,,,,,,,,,,,,
2013-01-04,,,,,,,,,,,,,
2013-01-05,,,,,,,,,,,,,
2013-01-06,,,,,,,,,,,,,
2013-01-07,,,,,,,,,,,,,
2013-01-08,,,,,,,,,,,,,
2013-01-09,,,,,,,,,,,,,
2013-01-10,,,,,,,,,,,,,
2013-01-11,,,,,,,,,,,,,
2013-01-12,,,,,,,,,,,,,
2013-01-13,,,,,,,,,,,,,
2013-01-14,,,,,,,,,,,,,
2013-01-15,,,,,,,,,,,,,
2013-01-16,,,,,,,,,,,,,
2013-01-17,,,,,,,,,,,,,
2013-01-18,,,,,,,,,,,,,
2013-01-19,,,,,,,,,,,,,
2013-01-20,,,,,,,,,,,,,
2013-01-21,,,,,,,,,,,,,
2013-01-22,,,,,,,,,,,,,
2013-01-23,,,,,,,,,,,,,
2013-01-24,,,,,,,,,,,,,
2013-01-25,,,,,,,,,,,,,
2013-01-26,,,,,,,,,,,,,
2013-01-27,,,,,,,,,,,,,
2013-01-28,,,,,,,,,,,,,
2013-01-29,,,,,,,,,,,,,
2013-01-30,,,,,,,,,,,,,
2013-01-31,,,,,,,,,,,,,
2013-02-01,,,,,,,,,,,,,
2013-02-02,,,,,,,,,,,,,
2013-02-03,,,,,,,,,,,,,
2013-02-04,,,,,,,,,,,,,
2013-02-05,,,,,,,,,,,,,
2013-02-06,,,,,,,,,,,,,
2013-02-07,,,,,,,,,,,,,
2013-02-08,,,,,,,,,,,,,
2013-02-09,,,,,,,,,,,,,
2013-02-10,,,,,,,,,,,,,
2013-02-11,,,,,,,,,,,,,
2013-02-12,,,,,,,,,,,,,
2013-02-13,,,,,,,,,,,,,
2013-02-14,,,,,,,,,,,,,
2013-02-15,,,,,,,,,,,,,
2013-02-16,,,,,,,,,,,,,
2013-02-17,,,,,,,,,,,,,
2013-02-18,,,,,,,,,,,,,
2013-02-19,,,,,,,,,,,,,
2013-02-20,,,,,,,,,,,,,
2013-02-21,,,,,,,,,,,,,
2013-02-22,,,,,,,,,,,,,
2013-02-23,,,,,,,,,,,,,
2013-02-24,,,,,,,,,,,,,
2013-02-25,,,,,,,,,,,,,
2013-02-26,,,,,,,,,,,,,
2013-02-27,,,,,,,,,,,,,
2013-02-28,,,,,,,,,,,,,
2013-03-01,,,,,,,,,,,,,
2013-03-02,,,,,,,,,,,,,
2013-03-03,,,,,,,,,,,,,
2013-03-04,,,,,,,,,,,,,
2013-03-05,,,,,,,,,,,,,
2013-03-06,,,,,,,,,,,,,
2013-03-07,,,,,,,,,,,,,
2013-03-08,,,,,,,,,,,,,
2013-03-09,,,,,,,,,,,,,
2013-03-10,,,,,,,,,,,,,
2013-03-11,,,,,,,,,,,,,
2013-03-12,,,,,,,,,,,,,
2013-03-13,,,,,,,,,,,,,
2013-03-14,,,,,,,,,,,,,
2013-03-15,,,,,,,,,,,,,
2013-03-16,,,,,,,,,,,,,
2013-03-17,,,,,,,,,,,,,
2013-03-18,,,,,,,,,,,,,
2013-03-19,,,,,,,,,,,,,
2013-03-20,,,,,,,,,,,,,
2013-03-21,,,,,,,,,,,,,
2013-03-22,,,,,,,,,,,,,
2013-03-23,,,,,,,,,,,,,
2013-03-24,,,,,,,,,,,,,
2013-03-25,,,,,,,,,,,,,
2013-03-26,,,,,,,,,,,,,
2013-03-27,,,,,,,,,,,,,
2013-03-28,,,,,,,,,,,,,
2013-03-29,,,,,,,,,,,,,
2013-03-30,,,,,,,,,,,,,
2013-03-31,,,,,,,,,,,,,
2013-04-01,,,,,,,,,,,,,
2013-04-02,,,,,,,,,,,,,
2013-04-03,,,,,,,,,,,,,
2013-04-04,,,,,,,,,,,,,
2013-04-05,,,,,,,,,,,,,
2013-04-06,,,,,,,,,,,,,
2013-04-07,,,,,,,,,,,,,
2013-04-08,,,,,,,,,,,,,
2013-04-09,,,,,,,,,,,,,
2013-04-10,,,,,,,,,,,,,
2013-04-11,,,,,,,,,,,,,
2013-04-12,,,,,,,,,,,,,
2013-04-13,,,,,,,,,,,,,
2013-04-14,,,,,,,,,,,,,
2013-04-15,,,,,,,,,,,,,
2013-04-16,,,,,,,,,,,,,
2013-04-17,,,,,,,,,,,,,
2013-04-18,,,,,,,,,,,,,
2013-04-19,,,,,,,,,,,,,
2013-04-20,,,,,,,,,,,,,
2013-04-21,,,,,,,,,,,,,
2013-04-22,,,,,,,,,,,,,
2013-04-23,,,,,,,,,,,,,
2013-04-24,,,,,,,,,,,,,
2013-04-25,,,,,,,,,,,,,
2013-04-26,,,,,,,,,,,,,
2013-04-27,,,,,,,,,,,,,
2013-04-28,,,,,,,,,,,,,
2013-04-29,,,,,,,,,,,,,
2013-04-30,,,,,,,,,,,,,
2013-05-01,,,,,,,,,,,,,
2013-05-02,,,,,,,,,,,,,
2013-05-03,,,,,,,,,,,,,
2013-05-04,,,,,,,,,,,,,
2013-05-05,,,,,,,,,,,,,
2013-05-06,,,,,,,,,,,,,
2013-05-07,,,,,,,,,,,,,
2013-05-08,,,,,,,,,,,,,
2013-05-09,,,,,,,,,,,,,
2013-05-10,,,,,,,,,,,,,
2013-05-11,,,,,,,,,,,,,
2013-05-12,,,,,,,,,,,,,
2013-05-13,,,,,,,,,,,,,
2013-05-14,,,,,,,,,,,,,
2013-05-15,,,,,,,,,,,,,
2013-05-16,,,,,,,,,,,,,
2013-05-17,,,,,,,,,,,,,
2013-05-18,,,,,,,,,,,,,
2013-05-19,,,,,,,,,,,,,
2013-05-20,,,,,,,,,,,,,
2013-05-21,,,,,,,,,,,,,
2013-05-22,,,,,,,,,,,,,
2013-05-23,,,,,,,,,,,,,
2013-05-24,,,,,,,,,,,,,
2013-05-25,,,,,,,,,,,,,
2013-05-26,,,,,,,,,,,,,
2013-05-27,,,,,,,,,,,,,
2013-05-28,,,,,,,,,,,,,
2013-05-29,,,,,,,,,,,,,
2013-05-30,,,,,,,,,,,,,
2013-05-31,,,,,,,,,,,,,
2013-06-01,,,,,,,,,,,,,
2013-06-02,,,,,,,,,,,,,
2013-06-03,,,,,,,,,,,,,
2013-06-04,,,,,,,,,,,,,
2013-06-05,,,,,,,,,,,,,
2013-06-06,,,,,,,,,,,,,
2013-06-07,,,,,,,,,,,,,
2013-06-08,,,,,,,,,,,,,
2013-06-09,,,,,,,,,,,,,
2013-06-10,,,,,,,,,,,,,
2013-06-11,,,,,,,,,,,,,
2013-06-12,,,,,,,,,,,,,
2013-06-13,,,,,,,,,,,,,
2013-06-14,,,,,,,,,,,,,
2013-06-15,,,,,,,,,,,,,
2013-06-16,,,,,,,,,,,,,
2013-06-17,,,,,,,,,,,,,
2013-06-18,,,,,,,,,,,,,
2013-06-19,,,,,,,,,,,,,
2013-06-20,,,,,,,,,,,,,
2013-06-21,,,,,,,,,,,,,
2013-06-22,,,,,,,,,,,,,
2013-06-23,,,,,,,,,,,,,
2013-06-24,,,,,,,,,,,,,
2013-06-25,,,,,,,,,,,,,
2013-06-26,,,,,,,,,,,,,
2013-06-27,,,,,,,,,,,,,
2013-06-28,,,,,,,,,,,,,
2013-06-29,,,,,,,,,,,,,
2013-06-30,,,,,,,,,,,,,
2013-07-01,,,,,,,,,,,,,
2013-07-02,,,,,,,,,,,,,
2013-07-03,,,,,,,,,,,,,
2013-07-04,,,,,,,,,,,,,
2013-07-05,,,,,,,,,,,,,
2013-07-06,,,,,,,,,,,,,
2013-07-07,,,,,,,,,,,,,
2013-07-08,,,,,,,,,,,,,
2013-07-09,,,,,,,,,,,,,
2013-07-10,,,,,,,,,,,,,
2013-07-11,,,,,,,,,,,,,
2013-07-12,,,,,,,,,,,,,
2013-07-13,,,,,,,,,,,,,
2013-07-14,,,,,,,,,,,,,
2013-07-15,,,,,,,,,,,,,
2013-07-16,,,,,,,,,,,,,
2013-07-17,,,,,,,,,,,,,
2013-07-18,,,,,,,,,,,,,
2013-07-19,,,,,,,,,,,,,
2013-07-20,,,,,,,,,,,,,
2013-07-21,,,,,,,,,,,,,
2013-07-22,,,,,,,,,,,,,
2013-07-23,,,,,,,,,,,,,
2013-07-24,,,,,,,,,,,,,
2013-07-25,,,,,,,,,,,,,
2013-07-26,,,,,,,,,,,,,
2013-07-27,,,,,,,,,,,,,
2013-07-28,,,,,,,,,,,,,
2013-07-29,,,,,,,,,,,,,
2013-07-30,,,,,,,,,,,,,
2013-07-31,,,,,,,,,,,,,
2013-08-01,,,,,,,,,,,,,
2013-08-02,,,,,,,,,,,,,
2013-08-03,,,,,,,,,,,,,
2013-08-04,,,,,,,,,,,,,
2013-08-05,,,,,,,,,,,,,
2013-08-06,,,,,,,,,,,,,
2013-08-07,,,,,,,,,,,,,
2013-08-08,,,,,,,,,,,,,
2013-08-09,,,,,,,,,,,,,
2013-08-10,,,,,,,,,,,,,
2013-08-11,,,,,,,,,,,,,
2013-08-12,,,,,,,,,,,,,
2013-08-13,,,,,,,,,,,,,
2013-08-14,,,,,,,,,,,,,
2013-08-15,,,,,,,,,,,,,
2013-08-16,,,,,,,,,,,,,
2013-08-17,,,,,,,,,,,,,
2013-08-18,,,,,,,,,,,,,
2013-08-19,,,,,,,,,,,,,
2013-08-20,,,,,,,,,,,,,
2013-08-21,,,,,,,,,,,,,
2013-08-22,,,,,,,,,,,,,
2013-08-23,,,,,,,,,,,,,
2013-08-24,,,,,,,,,,,,,
2013-08-25,,,,,,,,,,,,,
2013-08-26,,,,,,,,,,,,,
2013-08-27,,,,,,,,,,,,,
2013-08-28,,,,,,,,,,,,,
2013-08-29,,,,,,,,,,,,,
2013-08-30,,,,,,,,,,,,,
2013-08-31,,,,,,,,,,,,,
2013-09-01,,,,,,,,,,,,,
2013-09-02,,,,,,,,,,,,,
2013-09-03,,,,,,,,,,,,,
2013-09-04,,,,,,,,,,,,,
2013-09-05,,,,,,,,,,,,,
2013-09-06,,,,,,,,,,,,,
2013-09-07,,,,,,,,,,,,,
2013-09-08,,,,,,,,,,,,,
2013-09-09,,,,,,,,,,,,,
2013-09-10,,,,,,,,,,,,,
2013-09-11,,,,,,,,,,,,,
2013-09-12,,,,,,,,,,,,,
2013-09-13,,,,,,,,,,,,,
2013-09-14,,,,,,,,,,,,,
2013-09-15,,,,,,,,,,,,,
2013-09-16,,,,,,,,,,,,,
2013-09-17,,,,,,,,,,,,,
2013-09-18,,,,,,,,,,,,,
2013-09-19,,,,,,,,,,,,,
2013-09-20,,,,,,,,,,,,,
2013-09-21,,,,,,,,,,,,,
2013-09-22,,,,,,,,,,,,,
2013-09-23,,,,,,,,,,,,,
2013-09-24,,,,,,,,,,,,,
2013-09-25,,,,,,,,,,,,,
2013-09-26,,,,,,,,,,,,,
2013-09-27,,,,,,,,,,,,,
2013-09-28,,,,,,,,,,,,,
2013-09-29,,,,,,,,,,,,,
2013-09-30,,,,,,,,,,,,,
2013-10-01,,,,,,,,,,,,,
2013-10-02,,,,,,,,,,,,,
2013-10-03,,,,,,,,,,,,,
2013-10-04,,,,,,,,,,,,,
2013-10-05,,,,,,,,,,,,,
2013-10-06,,,,,,,,,,,,,
2013-10-07,,,,,,,,,,,,,
2013-10-08,,,,,,,,,,,,,
2013-10-09,,,,,,,,,,,,,
2013-10-10,,,,,,,,,,,,,
2013-10-11,,,,,,,,,,,,,
2013-10-12,,,,,,,,,,,,,
2013-10-13,,,,,,,,,,,,,
2013-10-14,,,,,,,,,,,,,
2013-10-15,,,,,,,,,,,,,
2013-10-16,,,,,,,,,,,,,
2013-10-17,,,,,,,,,,,,,
2013-10-18,,,,,,,,,,,,,
2013-10-19,,,,,,,,,,,,,
2013-10-20,,,,,,,,,,,,,
2013-10-21,,,,,,,,,,,,,
2013-10-22,,,,,,,,,,,,,
2013-10-23,,,,,,,,,,,,,
2013-10-24,,,,,,,,,,,,,
2013-10-25,,,,,,,,,,,,,
2013-10-26,,,,,,,,,,,,,
2013-10-27,,,,,,,,,,,,,
2013-10-28,,,,,,,,,,,,,
2013-10-29,,,,,,,,,,,,,
2013-10-30,,,,,,,,,,,,,
2013-10-31,,,,,,,,,,,,,
2013-11-01,,,,,,,,,,,,,
2013-11-02,,,,,,,,,,,,,
2013-11-03,,,,,,,,,,,,,
2013-11-04,,,,,,,,,,,,,
2013-11-05,,,,,,,,,,,,,
2013-11-06,,,,,,,,,,,,,
2013-11-07,,,,,,,,,,,,,
2013-11-08,,,,,,,,,,,,,
2013-11-09,,,,,,,,,,,,,
2013-11-10,,,,,,,,,,,,,
2013-11-11,,,,,,,,,,,,,
2013-11-12,,,,,,,,,,,,,
2013-11-13,,,,,,,,,,,,,
2013-11-14,,,,,,,,,,,,,
2013-11-15,,,,,,,,,,,,,
2013-11-16,,,,,,,,,,,,,
2013-11-17,,,,,,,,,,,,,
2013-11-18,,,,,,,,,,,,,
2013-11-19,,,,,,,,,,,,,
2013-11-20,,,,,,,,,,,,,
2013-11-21,,,,,,,,,,,,,
2013-11-22,,,,,,,,,,,,,
2013-11-23,,,,,,,,,,,,,
2013-11-24,,,,,,,,,,,,,
2013-11-25,,,,,,,,,,,,,
2013-11-26,,,,,,,,,,,,,
2013-11-27,,,,,,,,,,,,,
2013-11-28,,,,,,,,,,,,,
2013-11-29,,,,,,,,,,,,,
2013-11-30,,,,,,,,,,,,,
2013-12-01,,,,,,,,,,,,,
2013-12-02,,,,,,,,,,,,,
2013-12-03,,,,,,,,,,,,,
2013-12-04,,,,,,,,,,,,,
2013-12-05,,,,,,,,,,,,,
2013-12-06,,,,,,,,,,,,,
2013-12-07,,,,,,,,,,,,,
2013-12-08,,,,,,,,,,,,,
2013-12-09,,,,,,,,,,,,,
2013-12-10,,,,,,,,,,,,,
2013-12-11,,,,,,,,,,,,,
2013-12-12,,,,,,,,,,,,,
2013-12-13,,,,,,,,,,,,,
2013-12-14,,,,,,,,,,,,,
2013-12-15,,,,,,,,,,,,,
2013-12-16,,,,,,,,,,,,,
2013-12-17,,,,,,,,,,,,,
2013-12-18,,,,,,,,,,,,,
2013-12-19,,,,,,,,,,,,,
2013-12-20,,,,,,,,,,,,,
2013-12-21,,,,,,,,,,,,,
2013-12-22,,,,,,,,,,,,,
2013-12-23,,,,,,,,,,,,,
2013-12-24,,,,,,,,,,,,,
2013-12-25,,,,,,,,,,,,,
2013-12-26,,,,,,,,,,,,,
2013-12-27,,,,,,,,,,,,,
2013-12-28,,,,,,,,,,,,,
2013-12-29,,,,,,,,,,,,,
2013-12-30,,,,,,,,,,,,,
2013-12-31,,,,,,,,,,,,,
2014-01-01,,,,,,,,,,,,,
2014-01-02,,,,,,,,,,,,,
2014-01-03,,,,,,,,,,,,,
2014-01-04,,,,,,,,,,,,,
2014-01-05,,,,,,,,,,,,,
2014-01-06,,,,,,,,,,,,,
2014-01-07,,,,,,,,,,,,,
2014-01-08,,,,,,,,,,,,,
2014-01-09,,,,,,,,,,,,,
2014-01-10,,,,,,,,,,,,,
2014-01-11,,,,,,,,,,,,,
2014-01-12,,,,,,,,,,,,,
2014-01-13,,,,,,,,,,,,,
2014-01-14,,,,,,,,,,,,,
2014-01-15,,,,,,,,,,,,,
2014-01-16,,,,,,,,,,,,,
2014-01-17,,,,,,,,,,,,,
2014-01-18,,,,,,,,,,,,,
2014-01-19,,,,,,,,,,,,,
2014-01-20,,,,,,,,,,,,,
2014-01-21,,,,,,,,,,,,,
2014-01-22,,,,,,,,,,,,,
2014-01-23,,,,,,,,,,,,,
2014-01-24,,,,,,,,,,,,,
2014-01-25,,,,,,,,,,,,,
2014-01-26,,,,,,,,,,,,,
2014-01-27,,,,,,,,,,,,,
2014-01-28,,,,,,,,,,,,,
2014-01-29,,,,,,,,,,,,,
2014-01-30,,,,,,,,,,,,,
2014-01-31,,,,,,,,,,,,,
2014-02-01,,,,,,,,,,,,,
2014-02-02,,,,,,,,,,,,,
2014-02-03,,,,,,,,,,,,,
2014-02-04,,,,,,,,,,,,,
2014-02-05,,,,,,,,,,,,,
2014-02-06,,,,,,,,,,,,,
2014-02-07,,,,,,,,,,,,,
2014-02-08,,,,,,,,,,,,,
2014-02-09,,,,,,,,,,,,,
2014-02-10,,,,,,,,,,,,,
2014-02-11,,,,,,,,,,,,,
2014-02-12,,,,,,,,,,,,,
2014-02-13,,,,,,,,,,,,,
2014-02-14,,,,,,,,,,,,,
2014-02-15,,,,,,,,,,,,,
2014-02-16,,,,,,,,,,,,,
2014-02-17,,,,,,,,,,,,,
2014-02-18,,,,,,,,,,,,,
2014-02-19,,,,,,,,,,,,,
2014-02-20,,,,,,,,,,,,,
2014-02-21,,,,,,,,,,,,,
2014-02-22,,,,,,,,,,,,,
2014-02-23,,,,,,,,,,,,,
2014-02-24,,,,,,,,,,,,,
2014-02-25,,,,,,,,,,,,,
2014-02-26,,,,,,,,,,,,,
2014-02-27,,,,,,,,,,,,,
2014-02-28,,,,,,,,,,,,,
2014-03-01,,,,,,,,,,,,,
2014-03-02,,,,,,,,,,,,,
2014-03-03,,,,,,,,,,,,,
2014-03-04,,,,,,,,,,,,,
2014-03-05,,,,,,,,,,,,,
2014-03-06,,,,,,,,,,,,,
2014-03-07,,,,,,,,,,,,,
2014-03-08,,,,,,,,,,,,,
2014-03-09,,,,,,,,,,,,,
2014-03-10,,,,,,,,,,,,,
2014-03-11,,,,,,,,,,,,,
2014-03-12,,,,,,,,,,,,,
2014-03-13,,,,,,,,,,,,,
2014-03-14,,,,,,,,,,,,,
2014-03-15,,,,,,,,,,,,,
2014-03-28,,,,,,,,,,,,,
2014-03-29,,,,,,,,,,,,,
2014-03-30,,,,,,,,,,,,,
2014-03-31,,,,,,,,,,,,,
2014-04-15,,,,,,,,,,,,,
2014-04-16,,,,,,,,,,,,,
2014-04-17,,,,,,,,,,,,,
2014-04-18,,,,,,,,,,,,,
2014-04-19,,,,,,,,,,,,,
2014-04-20,,,,,,,,,,,,,
2014-04-21,,,,,,,,,,,,,
2014-04-22,,,,,,,,,,,,,
2014-04-23,,,,,,,,,,,,,
2014-04-24,,,,,,,,,,,,,
2014-04-25,,,,,,,,,,,,,
2014-04-26,,,,,,,,,,,,,
2014-04-27,,,,,,,,,,,,,
2014-04-28,,,,,,,,,,,,,
2014-04-29,,,,,,,,,,,,,
2014-04-30,,,,,,,,,,,,,
2014-05-01,,,,,,,,,,,,,
2014-05-02,,,,,,,,,,,,,
2014-05-03,,,,,,,,,,,,,
2014-05-04,,,,,,,,,,,,,
2014-05-05,,,,,,,,,,,,,
2014-05-06,,,,,,,,,,,,,
2014-05-07,,,,,,,,,,,,,
2014-05-08,,,,,,,,,,,,,
2014-05-09,,,,,,,,,,,,,
2014-05-10,,,,,,,,,,,,,
2014-05-11,,,,,,,,,,,,,
2014-05-12,,,,,,,,,,,,,
2014-05-13,,,,,,,,,,,,,
2014-05-14,,,,,,,,,,,,,
2014-05-15,,,,,,,,,,,,,
2014-05-16,,,,,,,,,,,,,
2014-05-17,,,,,,,,,,,,,
2014-05-19,,,,,,,,,,,,,
2014-05-20,,,,,,,,,,,,,
2014-05-21,,,,,,,,,,,,,
2014-05-22,,,,,,,,,,,,,
2014-05-23,,,,,,,,,,,,,
2014-05-24,,,,,,,,,,,,,
2014-05-25,,,,,,,,,,,,,
2014-05-26,,,,,,,,,,,,,
2014-05-27,,,,,,,,,,,,,
2014-05-28,,,,,,,,,,,,,
2014-05-29,,,,,,,,,,,,,
2014-05-30,,,,,,,,,,,,,
2014-05-31,,,,,,,,,,,,,
2014-06-01,,,,,,,,,,,,,
2014-06-02,,,,,,,,,,,,,
2014-06-06,,,,,,,,,,,,,
2014-06-07,,,,,,,,,,,,,
2014-06-08,,,,,,,,,,,,,
2014-06-09,,,,,,,,,,,,,
2014-06-10,,,,,,,,,,,,,
2014-06-11,,,,,,,,,,,,,
2014-06-12,,,,,,,,,,,,,
2014-06-13,,,,,,,,,,,,,
2014-06-14,,,,,,,,,,,,,
2014-06-15,,,,,,,,,,,,,
2014-06-16,,,,,,,,,,,,,
2014-06-17,,,,,,,,,,,,,
2014-06-18,,,,,,,,,,,,,
2014-06-19,,,,,,,,,,,,,
2014-06-20,,,,,,,,,,,,,
2014-06-21,,,,,,,,,,,,,
2014-06-22,,,,,,,,,,,,,
2014-06-23,,,,,,,,,,,,,
2014-06-24,,,,,,,,,,,,,
2014-06-25,,,,,,,,,,,,,
2014-06-26,,,,,,,,,,,,,
2014-06-27,,,,,,,,,,,,,
2014-06-28,,,,,,,,,,,,,
2014-06-29,,,,,,,,,,,,,
2014-06-30,,,,,,,,,,,,,
2014-07-01,,,,,,,,,,,,,
2014-07-02,,,,,,,,,,,,,
2014-07-03,,,,,,,,,,,,,
2014-07-04,,,,,,,,,,,,,
2014-07-05,,,,,,,,,,,,,
2014-07-06,,,,,,,,,,,,,
2014-07-07,,,,,,,,,,,,,
2014-07-08,,,,,,,,,,,,,
2014-07-09,,,,,,,,,,,,,
2014-07-10,,,,,,,,,,,,,
2014-07-11,,,,,,,,,,,,,
2014-07-12,,,,,,,,,,,,,
2014-07-13,,,,,,,,,,,,,
2014-07-14,,,,,,,,,,,,,
2014-07-15,,,,,,,,,,,,,
2014-07-16,,,,,,,,,,,,,
2014-07-17,,,,,,,,,,,,,
2014-07-18,,,,,,,,,,,,,
2014-07-19,,,,,,,,,,,,,
2014-07-20,,,,,,,,,,,,,
2014-07-21,,,,,,,,,,,,,
2014-07-22,,,,,,,,,,,,,
2014-07-23,,,,,,,,,,,,,
2014-07-24,,,,,,,,,,,,,
2014-07-25,,,,,,,,,,,,,
2014-07-26,,,,,,,,,,,,,
2014-07-27,,,,,,,,,,,,,
2014-07-28,,,,,,,,,,,,,
2014-07-29,,,,,,,,,,,,,
2014-07-30,,,,,,,,,,,,,
2014-07-31,,,,,,,,,,,,,
2014-08-01,,,,,,,,,,,,,
2014-08-02,,,,,,,,,,,,,
2014-08-03,,,,,,,,,,,,,
2014-08-04,,,,,,,,,,,,,
2014-08-05,,,,,,,,,,,,,
2014-08-06,,,,,,,,,,,,,
2014-08-07,,,,,,,,,,,,,
2014-08-08,,,,,,,,,,,,,
2014-08-09,,,,,,,,,,,,,
2014-08-10,,,,,,,,,,,,,
2014-08-11,,,,,,,,,,,,,
2014-08-12,,,,,,,,,,,,,
2014-08-13,,,,,,,,,,,,,
2014-08-14,,,,,,,,,,,,,
2014-08-15,,,,,,,,,,,,,
2014-08-16,,,,,,,,,,,,,
2014-08-17,,,,,,,,,,,,,
2014-08-18,,,,,,,,,,,,,
2014-08-19,,,,,,,,,,,,,
2014-08-20,,,,,,,,,,,,,
2014-08-21,,,,,,,,,,,,,
2014-08-22,,,,,,,,,,,,,
2014-08-23,,,,,,,,,,,,,
2014-08-24,,,,,,,,,,,,,
2014-08-25,,,,,,,,,,,,,
2014-08-26,,,,,,,,,,,,,
2014-08-27,,,,,,,,,,,,,
2014-08-28,,,,,,,,,,,,,
2014-08-29,,,,,,,,,,,,,
2014-08-30,,,,,,,,,,,,,
2014-08-31,,,,,,,,,,,,,
2014-09-01,,,,,,,,,,,,,
2014-09-02,,,,,,,,,,,,,
2014-09-03,,,,,,,,,,,,,
2014-09-04,,,,,,,,,,,,,
2014-09-05,,,,,,,,,,,,,
2014-09-06,,,,,,,,,,,,,
2014-09-07,,,,,,,,,,,,,
2014-09-08,,,,,,,,,,,,,
2014-09-09,,,,,,,,,,,,,
2014-09-10,,,,,,,,,,,,,
2014-09-11,,,,,,,,,,,,,
2014-09-12,,,,,,,,,,,,,
2014-09-13,,,,,,,,,,,,,
2014-09-14,,,,,,,,,,,,,
2014-09-15,,,,,,,,,,,,,
2014-09-16,,,,,,,,,,,,,
2014-09-17,,,,,,,,,,,,,
2014-09-18,,,,,,,,,,,,,
2014-09-19,,,,,,,,,,,,,
2014-09-20,,,,,,,,,,,,,
2014-09-21,,,,,,,,,,,,,
2014-09-22,,,,,,,,,,,,,
2014-09-23,,,,,,,,,,,,,
2014-09-24,,,,,,,,,,,,,
2014-09-25,,,,,,,,,,,,,
2014-09-26,,,,,,,,,,,,,
2014-09-27,,,,,,,,,,,,,
2014-09-28,,,,,,,,,,,,,
2014-09-29,,,,,,,,,,,,,
2014-09-30,,,,,,,,,,,,,
2014-10-17,,,,,,,,,,,,,
2014-10-18,,,,,,,,,,,,,
2014-10-19,,,,,,,,,,,,,
2014-10-20,,,,,,,,,,,,,
2014-10-21,,,,,,,,,,,,,
2014-10-22,,,,,,,,,,,,,
2014-10-23,,,,,,,,,,,,,
2014-10-24,,,,,,,,,,,,,
2014-10-25,,,,,,,,,,,,,
2014-10-26,,,,,,,,,,,,,
2014-10-27,,,,,,,,,,,,,
2014-10-28,,,,,,,,,,,,,
2014-10-29,,,,,,,,,,,,,
2014-10-30,,,,,,,,,,,,,
2014-10-31,,,,,,,,,,,,,
2014-11-01,,,,,,,,,,,,,
2014-11-02,,,,,,,,,,,,,
2014-11-03,,,,,,,,,,,,,
2014-11-04,,,,,,,,,,,,,
2014-11-05,,,,,,,,,,,,,
2014-11-06,,,,,,,,,,,,,
2014-11-07,,,,,,,,,,,,,
2014-11-08,,,,,,,,,,,,,
2014-11-09,,,,,,,,,,,,,
2014-11-10,,,,,,,,,,,,,
2014-11-11,,,,,,,,,,,,,
2014-11-12,,,,,,,,,,,,,
2014-11-13,,,,,,,,,,,,,
2014-11-14,,,,,,,,,,,,,
2014-11-15,,,,,,,,,,,,,
2014-11-16,,,,,,,,,,,,,
2014-11-17,,,,,,,,,,,,,
2014-11-18,,,,,,,,,,,,,
2014-11-19,,,,,,,,,,,,,
2014-11-20,,,,,,,,,,,,,
2014-11-21,,,,,,,,,,,,,
2014-11-22,,,,,,,,,,,,,
2014-11-23,,,,,,,,,,,,,
2014-11-24,,,,,,,,,,,,,
2014-11-25,,,,,,,,,,,,,
2014-11-26,,,,,,,,,,,,,
2014-11-27,,,,,,,,,,,,,
2014-11-28,,,,,,,,,,,,,
2014-11-29,,,,,,,,,,,,,
2014-11-30,,,,,,,,,,,,,
2014-12-01,,,,,,,,,,,,,
2014-12-02,,,,,,,,,,,,,
2014-12-03,,,,,,,,,,,,,
2014-12-04,,,,,,,,,,,,,
2014-12-05,,,,,,,,,,,,,
2014-12-06,,,,,,,,,,,,,
2014-12-07,,,,,,,,,,,,,
2014-12-08,,,,,,,,,,,,,
2014-12-09,,,,,,,,,,,,,
2014-12-10,,,,,,,,,,,,,
2014-12-11,,,,,,,,,,,,,
2014-12-12,,,,,,,,,,,,,
2014-12-13,,,,,,,,,,,,,
2014-12-14,,,,,,,,,,,,,
2014-12-15,,,,,,,,,,,,,
2014-12-16,,,,,,,,,,,,,
2014-12-17,,,,,,,,,,,,,
2014-12-18,,,,,,,,,,,,,
2014-12-19,,,,,,,,,,,,,
2014-12-20,,,,,,,,,,,,,
2014-12-21,,,,,,,,,,,,,
2014-12-22,,,,,,,,,,,,,
2014-12-23,,,,,,,,,,,,,
2014-12-24,,,,,,,,,,,,,
2014-12-25,,,,,,,,,,,,,
2014-12-26,,,,,,,,,,,,,
2014-12-27,,,,,,,,,,,,,
2014-12-28,,,,,,,,,,,,,
2014-12-29,,,,,,,,,,,,,
2014-12-30,,,,,,,,,,,,,
2014-12-31,,,,,,,,,,,,,
2015-01-01,,,,,,,,,,,,,
2015-01-02,,,,,,,,,,,,,
2015-01-03,,,,,,,,,,,,,
2015-01-04,,,,,,,,,,,,,
2015-01-05,,,,,,,,,,,,,
2015-01-06,,,,,,,,,,,,,
2015-01-07,,,,,,,,,,,,,
2015-01-08,,,,,,,,,,,,,
2015-01-09,,,,,,,,,,,,,
2015-01-10,,,,,,,,,,,,,
2015-01-11,,,,,,,,,,,,,
2015-01-12,,,,,,,,,,,,,
2015-01-13,,,,,,,,,,,,,
2015-01-14,,,,,,,,,,,,,
2015-01-15,,,,,,,,,,,,,
2015-01-16,,,,,,,,,,,,,
2015-01-17,,,,,,,,,,,,,
2015-01-18,,,,,,,,,,,,,
2015-01-19,,,,,,,,,,,,,
2015-01-20,,,,,,,,,,,,,
2015-01-21,,,,,,,,,,,,,
2015-01-22,,,,,,,,,,,,,
2015-01-23,,,,,,,,,,,,,
2015-01-24,,,,,,,,,,,,,
2015-01-25,,,,,,,,,,,,,
2015-01-26,,,,,,,,,,,,,
2015-01-27,,,,,,,,,,,,,
2015-01-28,,,,,,,,,,,,,
2015-01-29,,,,,,,,,,,,,
2015-01-30,,,,,,,,,,,,,
2015-01-31,,,,,,,,,,,,,
2015-02-01,,,,,,,,,,,,,
2015-02-02,,,,,,,,,,,,,
2015-02-03,,,,,,,,,,,,,
2015-02-04,,,,,,,,,,,,,
2015-02-05,,,,,,,,,,,,,
2015-02-06,,,,,,,,,,,,,
2015-02-07,,,,,,,,,,,,,
2015-02-08,,,,,,,,,,,,,
2015-02-09,,,,,,,,,,,,,
2015-02-10,,,,,,,,,,,,,
2015-02-11,,,,,,,,,,,,,
2015-02-12,,,,,,,,,,,,,
2015-02-13,,,,,,,,,,,,,
2015-02-14,,,,,,,,,,,,,
2015-02-15,,,,,,,,,,,,,
2015-02-16,,,,,,,,,,,,,
2015-02-17,,,,,,,,,,,,,
2015-02-18,,,,,,,,,,,,,
2015-02-19,,,,,,,,,,,,,
2015-02-20,,,,,,,,,,,,,
2015-02-21,,,,,,,,,,,,,
2015-02-22,,,,,,,,,,,,,
2015-02-23,,,,,,,,,,,,,
2015-02-24,,,,,,,,,,,,,
2015-02-25,,,,,,,,,,,,,
2015-02-26,,,,,,,,,,,,,
2015-02-27,,,,,,,,,,,,,
2015-02-28,,,,,,,,,,,,,
2015-03-01,,,,,,,,,,,,,
2015-03-02,,,,,,,,,,,,,
2015-03-03,,,,,,,,,,,,,
2015-03-04,,,,,,,,,,,,,
2015-03-05,,,,,,,,,,,,,
2015-03-06,,,,,,,,,,,,,
2015-03-07,,,,,,,,,,,,,
2015-03-08,,,,,,,,,,,,,
2015-03-09,,,,,,,,,,,,,
2015-03-10,,,,,,,,,,,,,
2015-03-11,,,,,,,,,,,,,
2015-03-12,,,,,,,,,,,,,
2015-03-13,,,,,,,,,,,,,
2015-03-14,,,,,,,,,,,,,
2015-03-15,,,,,,,,,,,,,
2015-03-16,,,,,,,,,,,,,
2015-03-17,,,,,,,,,,,,,
2015-03-18,,,,,,,,,,,,,
2015-03-19,,,,,,,,,,,,,
2015-03-20,,,,,,,,,,,,,
2015-03-21,,,,,,,,,,,,,
2015-03-22,,,,,,,,,,,,,
2015-03-23,,,,,,,,,,,,,
2015-03-24,,,,,,,,,,,,,
2015-03-25,,,,,,,,,,,,,
2015-03-26,,,,,,,,,,,,,
2015-03-27,,,,,,,,,,,,,
2015-03-28,,,,,,,,,,,,,
2015-03-29,,,,,,,,,,,,,
2015-03-30,,,,,,,,,,,,,
2015-03-31,,,,,,,,,,,,,
2015-04-01,,,,,,,,,,,,,
2015-04-02,,,,,,,,,,,,,
2015-04-03,,,,,,,,,,,,,
2015-04-04,,,,,,,,,,,,,
2015-04-05,,,,,,,,,,,,,
2015-04-06,,,,,,,,,,,,,
2015-04-07,,,,,,,,,,,,,
2015-04-08,,,,,,,,,,,,,
2015-04-09,,,,,,,,,,,,,
2015-04-10,,,,,,,,,,,,,
2015-04-11,,,,,,,,,,,,,
2015-04-12,,,,,,,,,,,,,
2015-04-13,,,,,,,,,,,,,
2015-04-14,,,,,,,,,,,,,
2015-04-15,,,,,,,,,,,,,
2015-04-16,,,,,,,,,,,,,
2015-04-17,,,,,,,,,,,,,
2015-04-18,,,,,,,,,,,,,
2015-04-19,,,,,,,,,,,,,
2015-04-20,,,,,,,,,,,,,
2015-04-21,,,,,,,,,,,,,
2015-04-22,,,,,,,,,,,,,
2015-04-23,,,,,,,,,,,,,
2015-04-24,,,,,,,,,,,,,
2015-04-25,,,,,,,,,,,,,
2015-04-26,,,,,,,,,,,,,
2015-04-27,,,,,,,,,,,,,
2015-04-28,,,,,,,,,,,,,
2015-04-29,,,,,,,,,,,,,
2015-04-30,,,,,,,,,,,,,
2015-05-01,,,,,,,,,,,,,
2015-05-02,,,,,,,,,,,,,
2015-05-03,,,,,,,,,,,,,
2015-05-04,,,,,,,,,,,,,
2015-05-05,,,,,,,,,,,,,
2015-05-06,,,,,,,,,,,,,
2015-05-07,,,,,,,,,,,,,
2015-05-08,,,,,,,,,,,,,
2015-05-09,,,,,,,,,,,,,
2015-05-10,,,,,,,,,,,,,
2015-05-11,,,,,,,,,,,,,
2015-05-12,,,,,,,,,,,,,
2015-05-13,,,,,,,,,,,,,
2015-05-14,,,,,,,,,,,,,
2015-05-15,,,,,,,,,,,,,
2015-05-16,,,,,,,,,,,,,
2015-05-17,,,,,,,,,,,,,
2015-05-18,,,,,,,,,,,,,
2015-05-19,,,,,,,,,,,,,
2015-05-20,,,,,,,,,,,,,
2015-05-21,,,,,,,,,,,,,
2015-05-22,,,,,,,,,,,,,
2015-05-23,,,,,,,,,,,,,
2015-05-24,,,,,,,,,,,,,
2015-05-25,,,,,,,,,,,,,
2015-05-26,,,,,,,,,,,,,
2015-05-27,,,,,,,,,,,,,
2015-05-28,,,,,,,,,,,,,
2015-05-29,,,,,,,,,,,,,
2015-05-30,,,,,,,,,,,,,
2015-05-31,,,,,,,,,,,,,
2015-06-01,,,,,,,,,,,,,
2015-06-02,,,,,,,,,,,,,
2015-06-03,,,,,,,,,,,,,
2015-06-04,,,,,,,,,,,,,
2015-06-05,,,,,,,,,,,,,
2015-06-06,,,,,,,,,,,,,
2015-06-07,,,,,,,,,,,,,
2015-06-08,,,,,,,,,,,,,
2015-06-09,,,,,,,,,,,,,
2015-06-10,,,,,,,,,,,,,
2015-06-11,,,,,,,,,,,,,
2015-06-12,,,,,,,,,,,,,
2015-06-13,,,,,,,,,,,,,
2015-06-14,,,,,,,,,,,,,
2015-06-15,,,,,,,,,,,,,
2015-06-16,,,,,,,,,,,,,
2015-06-17,,,,,,,,,,,,,
2015-06-18,,,,,,,,,,,,,
2015-06-19,,,,,,,,,,,,,
2015-06-20,,,,,,,,,,,,,
2015-06-21,,,,,,,,,,,,,
2015-06-22,,,,,,,,,,,,,
2015-06-23,,,,,,,,,,,,,
2015-06-24,,,,,,,,,,,,,
2015-06-25,,,,,,,,,,,,,
2015-06-26,,,,,,,,,,,,,
2015-06-27,,,,,,,,,,,,,
2015-06-28,,,,,,,,,,,,,
2015-06-29,,,,,,,,,,,,,
2015-06-30,,,,,,,,,,,,,
2015-07-01,,,,,,,,,,,,,
2015-07-02,,,,,,,,,,,,,
2015-07-03,,,,,,,,,,,,,
2015-07-04,,,,,,,,,,,,,
2015-07-05,,,,,,,,,,,,,
2015-07-06,,,,,,,,,,,,,
2015-07-07,,,,,,,,,,,,,
2015-07-08,,,,,,,,,,,,,
2015-07-09,,,,,,,,,,,,,
2015-07-10,,,,,,,,,,,,,
2015-07-11,,,,,,,,,,,,,
2015-07-12,,,,,,,,,,,,,
2015-07-13,,,,,,,,,,,,,
2015-07-14,,,,,,,,,,,,,
2015-07-15,,,,,,,,,,,,,
2015-07-16,,,,,,,,,,,,,
2015-07-17,,,,,,,,,,,,,
2015-07-18,,,,,,,,,,,,,
2015-07-19,,,,,,,,,,,,,
2015-07-20,,,,,,,,,,,,,
2015-07-21,,,,,,,,,,,,,
2015-07-22,,,,,,,,,,,,,
2015-07-23,,,,,,,,,,,,,
2015-07-24,,,,,,,,,,,,,
2015-07-25,,,,,,,,,,,,,
2015-07-26,,,,,,,,,,,,,
2015-07-27,,,,,,,,,,,,,
2015-07-28,,,,,,,,,,,,,
2015-07-29,,,,,,,,,,,,,
2015-07-30,,,,,,,,,,,,,
2015-07-31,,,,,,,,,,,,,
2015-08-01,,,,,,,,,,,,,
2015-08-02,,,,,,,,,,,,,
2015-08-03,,,,,,,,,,,,,
2015-08-04,,,,,,,,,,,,,
2015-08-05,,,,,,,,,,,,,
2015-08-06,,,,,,,,,,,,,
2015-08-07,,,,,,,,,,,,,
2015-08-08,,,,,,,,,,,,,
2015-08-09,,,,,,,,,,,,,
2015-08-10,,,,,,,,,,,,,
2015-08-11,,,,,,,,,,,,,
2015-08-12,,,,,,,,,,,,,
2015-08-13,,,,,,,,,,,,,
2015-08-14,,,,,,,,,,,,,
2015-08-15,,,,,,,,,,,,,
2015-08-16,,,,,,,,,,,,,
2015-08-17,,,,,,,,,,,,,
2015-08-18,,,,,,,,,,,,,
2015-08-19,,,,,,,,,,,,,
2015-08-20,,,,,,,,,,,,,
2015-08-21,,,,,,,,,,,,,
2015-08-22,,,,,,,,,,,,,
2015-08-23,,,,,,,,,,,,,
2015-08-24,,,,,,,,,,,,,
2015-08-25,,,,,,,,,,,,,
2015-08-26,,,,,,,,,,,,,
2015-08-27,,,,,,,,,,,,,
2015-08-28,,,,,,,,,,,,,
2015-08-29,,,,,,,,,,,,,
2015-08-30,,,,,,,,,,,,,
2015-08-31,,,,,,,,,,,,,
2015-09-01,,,,,,,,,,,,,
2015-09-02,,,,,,,,,,,,,
2015-09-03,,,,,,,,,,,,,
2015-09-04,,,,,,,,,,,,,
2015-09-05,,,,,,,,,,,,,
2015-09-06,,,,,,,,,,,,,
2015-09-07,,,,,,,,,,,,,
2015-09-08,,,,,,,,,,,,,
2015-09-09,,,,,,,,,,,,,
2015-09-10,,,,,,,,,,,,,
2015-09-11,,,,,,,,,,,,,
2015-09-12,,,,,,,,,,,,,
2015-09-13,,,,,,,,,,,,,
2015-09-14,,,,,,,,,,,,,
2015-09-15,,,,,,,,,,,,,
2015-09-16,,,,,,,,,,,,,
2015-09-17,,,,,,,,,,,,,
2015-09-18,,,,,,,,,,,,,
2015-09-19,,,,,,,,,,,,,
2015-09-20,,,,,,,,,,,,,
2015-09-21,,,,,,,,,,,,,
2015-09-22,,,,,,,,,,,,,
2015-09-23,,,,,,,,,,,,,
2015-09-24,,,,,,,,,,,,,
2015-09-25,,,,,,,,,,,,,
2015-09-26,,,,,,,,,,,,,
2015-09-27,,,,,,,,,,,,,
2015-09-28,,,,,,,,,,,,,
2015-09-29,,,,,,,,,,,,,
2015-09-30,,,,,,,,,,,,,
2015-10-01,,,,,,,,,,,,,
2015-10-02,,,,,,,,,,,,,
2015-10-03,,,,,,,,,,,,,
2015-10-04,,,,,,,,,,,,,
2015-10-05,,,,,,,,,,,,,
2015-10-06,,,,,,,,,,,,,
2015-10-07,,,,,,,,,,,,,
2015-10-08,,,,,,,,,,,,,
2015-10-09,,,,,,,,,,,,,
2015-10-10,,,,,,,,,,,,,
2015-10-11,,,,,,,,,,,,,
2015-10-12,,,,,,,,,,,,,
2015-10-13,,,,,,,,,,,,,
2015-10-14,,,,,,,,,,,,,
2015-10-15,,,,,,,,,,,,,
2015-10-16,,,,,,,,,,,,,
2015-10-17,,,,,,,,,,,,,
2015-10-18,,,,,,,,,,,,,
2015-10-19,,,,,,,,,,,,,
2015-10-20,,,,,,,,,,,,,
2015-10-21,,,,,,,,,,,,,
2015-10-22,,,,,,,,,,,,,
2015-10-23,,,,,,,,,,,,,
2015-10-24,,,,,,,,,,,,,
2015-10-25,,,,,,,,,,,,,
2015-10-26,,,,,,,,,,,,,
2015-10-27,,,,,,,,,,,,,
2015-10-28,,,,,,,,,,,,,
2015-10-29,,,,,,,,,,,,,
2015-10-30,,,,,,,,,,,,,
2015-10-31,,,,,,,,,,,,,
2015-11-01,,,,,,,,,,,,,
2015-11-02,,,,,,,,,,,,,
2015-11-03,,,,,,,,,,,,,
2015-11-04,,,,,,,,,,,,,
2015-11-05,,,,,,,,,,,,,
2015-11-06,,,,,,,,,,,,,
2015-11-07,,,,,,,,,,,,,
2015-11-08,,,,,,,,,,,,,
2015-11-09,,,,,,,,,,,,,
2015-11-10,,,,,,,,,,,,,
2015-11-11,,,,,,,,,,,,,
2015-11-12,,,,,,,,,,,,,
2015-11-13,,,,,,,,,,,,,
2015-11-14,,,,,,,,,,,,,
2015-11-15,,,,,,,,,,,,,
2015-11-16,,,,,,,,,,,,,
2015-11-17,,,,,,,,,,,,,
2015-11-18,,,,,,,,,,,,,
2015-11-19,,,,,,,,,,,,,
2015-11-20,,,,,,,,,,,,,
2015-11-21,,,,,,,,,,,,,
2015-11-22,,,,,,,,,,,,,
2015-11-23,,,,,,,,,,,,,
2015-11-24,,,,,,,,,,,,,
2015-11-25,,,,,,,,,,,,,
2015-11-26,,,,,,,,,,,,,
2015-11-27,,,,,,,,,,,,,
2015-11-28,,,,,,,,,,,,,
2015-11-29,,,,,,,,,,,,,
2015-11-30,,,,,,,,,,,,,
2015-12-01,,,,,,,,,,,,,
2015-12-02,,,,,,,,,,,,,
2015-12-03,,,,,,,,,,,,,
2015-12-04,,,,,,,,,,,,,
2015-12-05,,,,,,,,,,,,,
2015-12-06,,,,,,,,,,,,,
2015-12-07,,,,,,,,,,,,,
2015-12-08,,,,,,,,,,,,,
2015-12-09,,,,,,,,,,,,,
2015-12-10,,,,,,,,,,,,,
2015-12-11,,,,,,,,,,,,,
2015-12-12,,,,,,,,,,,,,
2015-12-13,,,,,,,,,,,,,
2015-12-14,,,,,,,,,,,,,
2015-12-15,,,,,,,,,,,,,
2015-12-16,,,,,,,,,,,,,
2015-12-17,,,,,,,,,,,,,
2015-12-18,,,,,,,,,,,,,
2015-12-19,,,,,,,,,,,,,
2015-12-20,,,,,,,,,,,,,
2015-12-21,,,,,,,,,,,,,
2015-12-22,,,,,,,,,,,,,
2015-12-23,,,,,,,,,,,,,
2015-12-24,,,,,,,,,,,,,
2015-12-25,,,,,,,,,,,,,
2015-12-26,,,,,,,,,,,,,
2015-12-27,,,,,,,,,,,,,
2015-12-28,,,,,,,,,,,,,
2015-12-29,,,,,,,,,,,,,
2015-12-30,,,,,,,,,,,,,
2015-12-31,,,,,,,,,,,,,
2016-01-01,,,,,,,,,,,,,
2016-01-02,,,,,,,,,,,,,
2016-01-03,,,,,,,,,,,,,
2016-01-04,,,,,,,,,,,,,
2016-01-05,,,,,,,,,,,,,
2016-01-06,,,,,,,,,,,,,
2016-01-07,,,,,,,,,,,,,
2016-01-08,,,,,,,,,,,,,
2016-01-09,,,,,,,,,,,,,
2016-01-10,,,,,,,,,,,,,
2016-01-11,,,,,,,,,,,,,
2016-01-12,,,,,,,,,,,,,
2016-01-13,,,,,,,,,,,,,
2016-01-14,,,,,,,,,,,,,
2016-01-15,,,,,,,,,,,,,
2016-01-16,,,,,,,,,,,,,
2016-01-17,,,,,,,,,,,,,
2016-01-18,,,,,,,,,,,,,
2016-01-19,,,,,,,,,,,,,
2016-01-20,,,,,,,,,,,,,
2016-01-21,,,,,,,,,,,,,
2016-01-22,,,,,,,,,,,,,
2016-01-23,,,,,,,,,,,,,
2016-01-24,,,,,,,,,,,,,
2016-01-25,,,,,,,,,,,,,
2016-01-26,,,,,,,,,,,,,
2016-01-27,,,,,,,,,,,,,
2016-01-28,,,,,,,,,,,,,
2016-01-29,,,,,,,,,,,,,
2016-01-30,,,,,,,,,,,,,
2016-01-31,,,,,,,,,,,,,
2016-02-01,,,,,,,,,,,,,
2016-02-02,,,,,,,,,,,,,
2016-02-03,,,,,,,,,,,,,
2016-02-04,,,,,,,,,,,,,
2016-02-05,,,,,,,,,,,,,
2016-02-06,,,,,,,,,,,,,
2016-02-07,,,,,,,,,,,,,
2016-02-08,,,,,,,,,,,,,
2016-02-09,,,,,,,,,,,,,
2016-02-10,,,,,,,,,,,,,
2016-02-11,,,,,,,,,,,,,
2016-02-12,,,,,,,,,,,,,
2016-02-13,,,,,,,,,,,,,
2016-02-14,,,,,,,,,,,,,
2016-02-15,,,,,,,,,,,,,
2016-02-16,,,,,,,,,,,,,
2016-02-17,,,,,,,,,,,,,
2016-02-18,,,,,,,,,,,,,
2016-02-19,,,,,,,,,,,,,
2016-02-20,,,,,,,,,,,,,
2016-02-21,,,,,,,,,,,,,
2016-02-22,,,,,,,,,,,,,
2016-02-23,,,,,,,,,,,,,
2016-02-24,,,,,,,,,,,,,
2016-02-25,,,,,,,,,,,,,
2016-02-26,,,,,,,,,,,,,
2016-02-27,,,,,,,,,,,,,
2016-02-28,,,,,,,,,,,,,
2016-02-29,,,,,,,,,,,,,
2016-03-01,,,,,,,,,,,,,
2016-03-02,,,,,,,,,,,,,
2016-03-03,,,,,,,,,,,,,
2016-03-04,,,,,,,,,,,,,
2016-03-05,,,,,,,,,,,,,
2016-03-06,,,,,,,,,,,,,
2016-03-07,,,,,,,,,,,,,
2016-03-08,,,,,,,,,,,,,
2016-03-09,,,,,,,,,,,,,
2016-03-10,,,,,,,,,,,,,
2016-03-11,,,,,,,,,,,,,
2016-03-12,,,,,,,,,,,,,
2016-03-13,,,,,,,,,,,,,
2016-03-14,,,,,,,,,,,,,
2016-03-15,,,,,,,,,,,,,
2016-03-16,,,,,,,,,,,,,
2016-03-17,,,,,,,,,,,,,
2016-03-18,,,,,,,,,,,,,
2016-03-19,,,,,,,,,,,,,
2016-03-20,,,,,,,,,,,,,
2016-03-21,,,,,,,,,,,,,
2016-03-22,,,,,,,,,,,,,
2016-03-23,,,,,,,,,,,,,
2016-03-24,,,,,,,,,,,,,
2016-03-25,,,,,,,,,,,,,
2016-03-26,,,,,,,,,,,,,
2016-03-27,,,,,,,,,,,,,
2016-03-28,,,,,,,,,,,,,
2016-03-29,,,,,,,,,,,,,
2016-03-30,,,,,,,,,,,,,
2016-03-31,,,,,,,,,,,,,
2016-04-01,,,,,,,,,,,,,
2016-04-02,,,,,,,,,,,,,
2016-04-03,,,,,,,,,,,,,
2016-04-04,,,,,,,,,,,,,
2016-04-05,,,,,,,,,,,,,
2016-04-06,,,,,,,,,,,,,
2016-04-07,,,,,,,,,,,,,
2016-04-08,,,,,,,,,,,,,
2016-04-09,,,,,,,,,,,,,
2016-04-10,,,,,,,,,,,,,
2016-04-11,,,,,,,,,,,,,
2016-04-12,,,,,,,,,,,,,
2016-04-13,,,,,,,,,,,,,
2016-04-14,,,,,,,,,,,,,
2016-04-15,,,,,,,,,,,,,
2016-04-16,,,,,,,,,,,,,
2016-04-17,,,,,,,,,,,,,
2016-04-18,,,,,,,,,,,,,
2016-04-19,,,,,,,,,,,,,
2016-04-20,,,,,,,,,,,,,
2016-04-21,,,,,,,,,,,,,
2016-04-22,,,,,,,,,,,,,
2016-04-23,,,,,,,,,,,,,
2016-04-24,,,,,,,,,,,,,
2016-04-25,,,,,,,,,,,,,
2016-04-26,,,,,,,,,,,,,
2016-04-27,,,,,,,,,,,,,
2016-04-28,,,,,,,,,,,,,
2016-04-29,,,,,,,,,,,,,
2016-04-30,,,,,,,,,,,,,
2016-05-01,,,,,,,,,,,,,
2016-05-02,,,,,,,,,,,,,
2016-05-03,,,,,,,,,,,,,
2016-05-04,,,,,,,,,,,,,
2016-05-05,,,,,,,,,,,,,
2016-05-06,,,,,,,,,,,,,
2016-05-07,,,,,,,,,,,,,
2016-05-08,,,,,,,,,,,,,
2016-05-09,,,,,,,,,,,,,
2016-05-10,,,,,,,,,,,,,
2016-05-11,,,,,,,,,,,,,
2016-05-12,,,,,,,,,,,,,
2016-05-13,,,,,,,,,,,,,
2016-05-14,,,,,,,,,,,,,
2016-05-15,,,,,,,,,,,,,
2016-05-16,,,,,,,,,,,,,
2016-05-17,,,,,,,,,,,,,
2016-05-18,,,,,,,,,,,,,
2016-05-19,,,,,,,,,,,,,
2016-05-20,,,,,,,,,,,,,
2016-05-21,,,,,,,,,,,,,
2016-05-22,,,,,,,,,,,,,
2016-05-23,,,,,,,,,,,,,
2016-05-24,,,,,,,,,,,,,
2016-05-25,,,,,,,,,,,,,
2016-05-26,,,,,,,,,,,,,
2016-05-27,,,,,,,,,,,,,
2016-05-28,,,,,,,,,,,,,
2016-05-29,,,,,,,,,,,,,
2016-05-30,,,,,,,,,,,,,
2016-05-31,,,,,,,,,,,,,
2016-06-01,,,,,,,,,,,,,
2016-06-02,,,,,,,,,,,,,
2016-06-03,,,,,,,,,,,,,
2016-06-04,,,,,,,,,,,,,
2016-06-05,,,,,,,,,,,,,
2016-06-06,,,,,,,,,,,,,
2016-06-07,,,,,,,,,,,,,
2016-06-08,,,,,,,,,,,,,
2016-06-09,,,,,,,,,,,,,
2016-06-10,,,,,,,,,,,,,
2016-06-11,,,,,,,,,,,,,
2016-06-12,,,,,,,,,,,,,
2016-06-13,,,,,,,,,,,,,
2016-06-14,,,,,,,,,,,,,
2016-06-15,,,,,,,,,,,,,
2016-06-16,,,,,,,,,,,,,
2016-06-17,,,,,,,,,,,,,
2016-06-18,,,,,,,,,,,,,
2016-06-19,,,,,,,,,,,,,
2016-06-20,,,,,,,,,,,,,
2016-06-21,,,,,,,,,,,,,
2016-06-22,,,,,,,,,,,,,
2016-06-23,,,,,,,,,,,,,
2016-06-24,,,,,,,,,,,,,
2016-06-25,,,,,,,,,,,,,
2016-06-26,,,,,,,,,,,,,
2016-06-27,,,,,,,,,,,,,
2016-06-28,,,,,,,,,,,,,
2016-06-29,,,,,,,,,,,,,
2016-06-30,,,,,,,,,,,,,
2016-07-01,,,,,,,,,,,,,
2016-07-02,,,,,,,,,,,,,
2016-07-03,,,,,,,,,,,,,
2016-07-04,,,,,,,,,,,,,
2016-07-05,,,,,,,,,,,,,
2016-07-06,,,,,,,,,,,,,
2016-07-07,,,,,,,,,,,,,
2016-07-08,,,,,,,,,,,,,
2016-07-09,,,,,,,,,,,,,
2016-07-10,,,,,,,,,,,,,
2016-07-11,,,,,,,,,,,,,
2016-07-12,,,,,,,,,,,,,
2016-07-13,,,,,,,,,,,,,
2016-07-14,,,,,,,,,,,,,
2016-07-15,,,,,,,,,,,,,
2016-07-16,,,,,,,,,,,,,
2016-07-17,,,,,,,,,,,,,
2016-07-18,,,,,,,,,,,,,
2016-07-19,,,,,,,,,,,,,
2016-07-20,,,,,,,,,,,,,
2016-07-21,,,,,,,,,,,,,
2016-07-22,,,,,,,,,,,,,
2016-07-23,,,,,,,,,,,,,
2016-07-24,,,,,,,,,,,,,
2016-07-25,,,,,,,,,,,,,
2016-07-26,,,,,,,,,,,,,
2016-07-27,,,,,,,,,,,,,
2016-07-28,,,,,,,,,,,,,
2016-07-29,,,,,,,,,,,,,
2016-07-30,,,,,,,,,,,,,
2016-07-31,,,,,,,,,,,,,
2016-08-01,,,,,,,,,,,,,
2016-08-02,,,,,,,,,,,,,
2016-08-03,,,,,,,,,,,,,
2016-08-04,,,,,,,,,,,,,
2016-08-05,,,,,,,,,,,,,
2016-08-06,,,,,,,,,,,,,
2016-08-07,,,,,,,,,,,,,
2016-08-08,,,,,,,,,,,,,
2016-08-09,,,,,,,,,,,,,
2016-08-10,,,,,,,,,,,,,
2016-08-11,,,,,,,,,,,,,
2016-08-12,,,,,,,,,,,,,
2016-08-13,,,,,,,,,,,,,
2016-08-14,,,,,,,,,,,,,
2016-08-15,,,,,,,,,,,,,
2016-08-16,,,,,,,,,,,,,
2016-08-17,,,,,,,,,,,,,
2016-08-18,,,,,,,,,,,,,
2016-08-19,,,,,,,,,,,,,
2016-08-20,,,,,,,,,,,,,
2016-08-21,,,,,,,,,,,,,
2016-08-22,,,,,,,,,,,,,
2016-08-23,,,,,,,,,,,,,
2016-08-24,,,,,,,,,,,,,
2016-08-25,,,,,,,,,,,,,
2016-08-26,,,,,,,,,,,,,
2016-08-27,,,,,,,,,,,,,
2016-08-28,,,,,,,,,,,,,
2016-08-29,,,,,,,,,,,,,
2016-08-30,,,,,,,,,,,,,
2016-08-31,,,,,,,,,,,,,
2016-09-01,,,,,,,,,,,,,
2016-09-02,,,,,,,,,,,,,
2016-09-03,,,,,,,,,,,,,
2016-09-04,,,,,,,,,,,,,
2016-09-05,,,,,,,,,,,,,
2016-09-06,,,,,,,,,,,,,
2016-09-07,,,,,,,,,,,,,
2016-09-08,,,,,,,,,,,,,
2016-09-09,,,,,,,,,,,,,
2016-09-10,,,,,,,,,,,,,
2016-09-11,,,,,,,,,,,,,
2016-09-12,,,,,,,,,,,,,
2016-09-13,,,,,,,,,,,,,
2016-09-14,,,,,,,,,,,,,
2016-09-15,,,,,,,,,,,,,
2016-09-16,,,,,,,,,,,,,
2016-09-17,,,,,,,,,,,,,
2016-09-18,,,,,,,,,,,,,
2016-09-19,,,,,,,,,,,,,
2016-09-20,,,,,,,,,,,,,
2016-09-21,,,,,,,,,,,,,
2016-09-22,,,,,,,,,,,,,
2016-09-23,,,,,,,,,,,,,
2016-09-24,,,,,,,,,,,,,
2016-09-25,,,,,,,,,,,,,
2016-09-26,,,,,,,,,,,,,
2016-09-27,,,,,,,,,,,,,
2016-09-28,,,,,,,,,,,,,
2016-09-29,,,,,,,,,,,,,
2016-09-30,,,,,,,,,,,,,
2016-10-01,,,,,,,,,,,,,
2016-10-02,,,,,,,,,,,,,
2016-10-03,,,,,,,,,,,,,
2016-10-04,,,,,,,,,,,,,
2016-10-05,,,,,,,,,,,,,
2016-10-06,,,,,,,,,,,,,
2016-10-07,,,,,,,,,,,,,
2016-10-08,,,,,,,,,,,,,
2016-10-09,,,,,,,,,,,,,
2016-10-10,,,,,,,,,,,,,
2016-10-11,,,,,,,,,,,,,
2016-10-12,,,,,,,,,,,,,
2016-10-13,,,,,,,,,,,,,
2016-10-14,,,,,,,,,,,,,
2016-10-15,,,,,,,,,,,,,
2016-10-16,,,,,,,,,,,,,
2016-10-17,,,,,,,,,,,,,
2016-10-18,,,,,,,,,,,,,
2016-10-19,,,,,,,,,,,,,
2016-10-20,,,,,,,,,,,,,
2016-10-21,,,,,,,,,,,,,
2016-10-22,,,,,,,,,,,,,
2016-10-23,,,,,,,,,,,,,
2016-10-24,,,,,,,,,,,,,
2016-10-25,,,,,,,,,,,,,
2016-10-26,,,,,,,,,,,,,
2016-10-27,,,,,,,,,,,,,
2016-10-28,,,,,,,,,,,,,
2016-10-29,,,,,,,,,,,,,
2016-10-30,,,,,,,,,,,,,
2016-10-31,,,,,,,,,,,,,
2016-11-01,,,,,,,,,,,,,
2016-11-02,,,,,,,,,,,,,
2016-11-03,,,,,,,,,,,,,
2016-11-04,,,,,,,,,,,,,
2016-11-05,,,,,,,,,,,,,
2016-11-06,,,,,,,,,,,,,
2016-11-07,,,,,,,,,,,,,
2016-11-08,,,,,,,,,,,,,
2016-11-09,,,,,,,,,,,,,
2016-11-10,,,,,,,,,,,,,
2016-11-11,,,,,,,,,,,,,
2016-11-12,,,,,,,,,,,,,
2016-11-13,,,,,,,,,,,,,
2016-11-14,,,,,,,,,,,,,
2016-11-15,,,,,,,,,,,,,
2016-11-16,,,,,,,,,,,,,
2016-11-17,,,,,,,,,,,,,
2016-11-18,,,,,,,,,,,,,
2016-11-19,,,,,,,,,,,,,
2016-11-20,,,,,,,,,,,,,
2016-11-21,,,,,,,,,,,,,
2016-11-22,,,,,,,,,,,,,
2016-11-23,,,,,,,,,,,,,
2016-11-24,,,,,,,,,,,,,
2016-11-25,,,,,,,,,,,,,
2016-11-26,,,,,,,,,,,,,
2016-11-27,,,,,,,,,,,,,
2016-11-28,,,,,,,,,,,,,
2016-11-29,,,,,,,,,,,,,
2016-11-30,,,,,,,,,,,,,
2016-12-01,,,,,,,,,,,,,
2016-12-02,,,,,,,,,,,,,
2016-12-03,,,,,,,,,,,,,
2016-12-04,,,,,,,,,,,,,
2016-12-05,,,,,,,,,,,,,
2016-12-06,,,,,,,,,,,,,
2016-12-07,,,,,,,,,,,,,
2016-12-08,,,,,,,,,,,,,
2016-12-09,,,,,,,,,,,,,
2016-12-10,,,,,,,,,,,,,
2016-12-11,,,,,,,,,,,,,
2016-12-12,,,,,,,,,,,,,
2016-12-13,,,,,,,,,,,,,
2016-12-14,,,,,,,,,,,,,
2016-12-15,,,,,,,,,,,,,
2016-12-16,,,,,,,,,,,,,
2016-12-17,,,,,,,,,,,,,
2016-12-18,,,,,,,,,,,,,
2016-12-19,,,,,,,,,,,,,
2016-12-20,,,,,,,,,,,,,
2016-12-21,,,,,,,,,,,,,
2016-12-22,,,,,,,,,,,,,
2016-12-23,,,,,,,,,,,,,
2016-12-24,,,,,,,,,,,,,
2016-12-25,,,,,,,,,,,,,
2016-12-26,,,,,,,,,,,,,
2016-12-27,,,,,,,,,,,,,
2016-12-28,,,,,,,,,,,,,
2016-12-29,,,,,,,,,,,,,
2016-12-30,,,,,,,,,,,,,
2016-12-31,,,,,,,,,,,,,
2017-01-01,,,,,,,,,,,,,
2017-01-02,,,,,,,,,,,,,
2017-01-03,,,,,,,,,,,,,
2017-01-04,,,,,,,,,,,,,
2017-01-05,,,,,,,,,,,,,
2017-01-06,,,,,,,,,,,,,
2017-01-07,,,,,,,,,,,,,
2017-01-08,,,,,,,,,,,,,
2017-01-09,,,,,,,,,,,,,
2017-01-10,,,,,,,,,,,,,
2017-01-11,,,,,,,,,,,,,
2017-01-12,,,,,,,,,,,,,
2017-01-13,,,,,,,,,,,,,
2017-01-14,,,,,,,,,,,,,
2017-01-15,,,,,,,,,,,,,
2017-01-16,,,,,,,,,,,,,
2017-01-17,,,,,,,,,,,,,
2017-01-18,,,,,,,,,,,,,
2017-01-19,,,,,,,,,,,,,
2017-01-20,,,,,,,,,,,,,
2017-01-21,,,,,,,,,,,,,
2017-01-22,,,,,,,,,,,,,
2017-01-23,,,,,,,,,,,,,
2017-01-24,,,,,,,,,,,,,
2017-01-25,,,,,,,,,,,,,
2017-01-26,,,,,,,,,,,,,
2017-01-27,,,,,,,,,,,,,
2017-01-28,,,,,,,,,,,,,
2017-01-29,,,,,,,,,,,,,
2017-01-30,,,,,,,,,,,,,
2017-01-31,,,,,,,,,,,,,
2017-02-01,,,,,,,,,,,,,
2017-02-02,,,,,,,,,,,,,
2017-02-03,,,,,,,,,,,,,
2017-02-04,,,,,,,,,,,,,
2017-02-05,,,,,,,,,,,,,
2017-02-06,,,,,,,,,,,,,
2017-02-07,,,,,,,,,,,,,
2017-02-08,,,,,,,,,,,,,
2017-02-09,,,,,,,,,,,,,
2017-02-10,,,,,,,,,,,,,
2017-02-11,,,,,,,,,,,,,
2017-02-12,,,,,,,,,,,,,
2017-02-13,,,,,,,,,,,,,
2017-02-14,,,,,,,,,,,,,
2017-02-15,,,,,,,,,,,,,
2017-02-16,,,,,,,,,,,,,
2017-02-17,,,,,,,,,,,,,
2017-02-18,,,,,,,,,,,,,
2017-02-19,,,,,,,,,,,,,
2017-02-20,,,,,,,,,,,,,
2017-02-21,,,,,,,,,,,,,
2017-02-22,,,,,,,,,,,,,
2017-02-23,,,,,,,,,,,,,
2017-02-24,,,,,,,,,,,,,
2017-02-25,,,,,,,,,,,,,
2017-02-26,,,,,,,,,,,,,
2017-02-27,,,,,,,,,,,,,
2017-02-28,,,,,,,,,,,,,
2017-03-01,,,,,,,,,,,,,
2017-03-02,,,,,,,,,,,,,
2017-03-03,,,,,,,,,,,,,
2017-03-04,,,,,,,,,,,,,
2017-03-05,,,,,,,,,,,,,
2017-03-06,,,,,,,,,,,,,
2017-03-07,,,,,,,,,,,,,
2017-03-08,,,,,,,,,,,,,
2017-03-09,,,,,,,,,,,,,
2017-03-10,,,,,,,,,,,,,
2017-03-11,,,,,,,,,,,,,
2017-03-12,,,,,,,,,,,,,
2017-03-13,,,,,,,,,,,,,
2017-03-14,,,,,,,,,,,,,
2017-03-15,,,,,,,,,,,,,
2017-03-16,,,,,,,,,,,,,
2017-03-17,,,,,,,,,,,,,
2017-03-18,,,,,,,,,,,,,
2017-03-19,,,,,,,,,,,,,
2017-03-20,,,,,,,,,,,,,
2017-03-21,,,,,,,,,,,,,
2017-03-22,,,,,,,,,,,,,
2017-03-23,,,,,,,,,,,,,
2017-03-24,,,,,,,,,,,,,
2017-03-25,,,,,,,,,,,,,
2017-03-26,,,,,,,,,,,,,
2017-03-27,,,,,,,,,,,,,
2017-03-28,,,,,,,,,,,,,
2017-03-29,,,,,,,,,,,,,
2017-03-30,,,,,,,,,,,,,
2017-03-31,,,,,,,,,,,,,
2017-04-01,,,,,,,,,,,,,
2017-04-02,,,,,,,,,,,,,
2017-04-03,,,,,,,,,,,,,
2017-04-04,,,,,,,,,,,,,
2017-04-05,,,,,,,,,,,,,
2017-04-06,,,,,,,,,,,,,
2017-04-07,,,,,,,,,,,,,
2017-04-08,,,,,,,,,,,,,
2017-04-09,,,,,,,,,,,,,
2017-04-10,,,,,,,,,,,,,
2017-04-11,,,,,,,,,,,,,
2017-04-12,,,,,,,,,,,,,
2017-04-13,,,,,,,,,,,,,
2017-04-14,,,,,,,,,,,,,
2017-04-15,,,,,,,,,,,,,
2017-04-16,,,,,,,,,,,,,
2017-04-17,,,,,,,,,,,,,
2017-04-18,,,,,,,,,,,,,
2017-04-19,,,,,,,,,,,,,
2017-04-20,,,,,,,,,,,,,
2017-04-21,,,,,,,,,,,,,
2017-04-22,,,,,,,,,,,,,
2017-04-23,,,,,,,,,,,,,
2017-04-24,,,,,,,,,,,,,
2017-04-25,,,,,,,,,,,,,
2017-04-26,,,,,,,,,,,,,
2017-04-27,,,,,,,,,,,,,
2017-04-28,,,,,,,,,,,,,
2017-04-29,,,,,,,,,,,,,
2017-04-30,,,,,,,,,,,,,
2017-05-01,,,,,,,,,,,,,
2017-05-02,,,,,,,,,,,,,
2017-05-03,,,,,,,,,,,,,
2017-05-04,,,,,,,,,,,,,
2017-05-05,,,,,,,,,,,,,
2017-05-06,,,,,,,,,,,,,
2017-05-07,,,,,,,,,,,,,
2017-05-08,,,,,,,,,,,,,
2017-05-09,,,,,,,,,,,,,
2017-05-10,,,,,,,,,,,,,
2017-05-11,,,,,,,,,,,,,
2017-05-12,,,,,,,,,,,,,
2017-05-13,,,,,,,,,,,,,
2017-05-14,,,,,,,,,,,,,
2017-05-15,,,,,,,,,,,,,
2017-05-16,,,,,,,,,,,,,
2017-05-17,,,,,,,,,,,,,
2017-05-18,,,,,,,,,,,,,
2017-05-19,,,,,,,,,,,,,
2017-05-20,,,,,,,,,,,,,
2017-05-21,,,,,,,,,,,,,
2017-05-22,,,,,,,,,,,,,
2017-05-23,,,,,,,,,,,,,
2017-05-24,,,,,,,,,,,,,
2017-05-25,,,,,,,,,,,,,
2017-05-26,,,,,,,,,,,,,
2017-05-27,,,,,,,,,,,,,
2017-05-28,,,,,,,,,,,,,
2017-05-29,,,,,,,,,,,,,
2017-05-30,,,,,,,,,,,,,
2017-05-31,,,,,,,,,,,,,
2017-06-01,,,,,,,,,,,,,
2017-06-02,,,,,,,,,,,,,
2017-06-03,,,,,,,,,,,,,
2017-06-04,,,,,,,,,,,,,
2017-06-05,,,,,,,,,,,,,
2017-06-06,,,,,,,,,,,,,
2017-06-07,,,,,,,,,,,,,
2017-06-08,,,,,,,,,,,,,
2017-06-09,,,,,,,,,,,,,
2017-06-10,,,,,,,,,,,,,
2017-06-11,,,,,,,,,,,,,
2017-06-12,,,,,,,,,,,,,
2017-06-13,,,,,,,,,,,,,
2017-06-14,,,,,,,,,,,,,
2017-06-15,,,,,,,,,,,,,
2017-06-16,,,,,,,,,,,,,
2017-06-17,,,,,,,,,,,,,
2017-06-18,,,,,,,,,,,,,
2017-06-19,,,,,,,,,,,,,
2017-06-20,,,,,,,,,,,,,
2017-06-21,,,,,,,,,,,,,
2017-06-22,,,,,,,,,,,,,
2017-06-23,,,,,,,,,,,,,
2017-06-24,,,,,,,,,,,,,
2017-06-25,,,,,,,,,,,,,
2017-06-26,,,,,,,,,,,,,
2017-06-27,,,,,,,,,,,,,
2017-06-28,,,,,,,,,,,,,
2017-06-29,,,,,,,,,,,,,
2017-06-30,,,,,,,,,,,,,
2017-07-01,,,,,,,,,,,,,
2017-07-02,,,,,,,,,,,,,
2017-07-03,,,,,,,,,,,,,
2017-07-04,,,,,,,,,,,,,
2017-07-07,,,,,,,,,,,,,
2017-07-08,,,,,,,,,,,,,
2017-07-09,,,,,,,,,,,,,
2017-07-10,,,,,,,,,,,,,
2017-07-11,,,,,,,,,,,,,
2017-07-12,,,,,,,,,,,,,
2017-07-13,,,,,,,,,,,,,
2017-07-14,,,,,,,,,,,,,
2017-07-15,,,,,,,,,,,,,
2017-07-16,,,,,,,,,,,,,
2017-07-17,,,,,,,,,,,,,
2017-07-18,,,,,,,,,,,,,
2017-07-19,,,,,,,,,,,,,
2017-07-20,,,,,,,,,,,,,
2017-07-21,,,,,,,,,,,,,
2017-07-22,,,,,,,,,,,,,
2017-07-23,,,,,,,,,,,,,
2017-07-24,,,,,,,,,,,,,
2017-07-25,,,,,,,,,,,,,
2017-07-26,,,,,,,,,,,,,
2017-07-27,,,,,,,,,,,,,
2017-07-28,,,,,,,,,,,,,
2017-07-29,,,,,,,,,,,,,
2017-07-30,,,,,,,,,,,,,
2017-07-31,,,,,,,,,,,,,
2017-08-01,,,,,,,,,,,,,
2017-08-02,,,,,,,,,,,,,
2017-08-03,,,,,,,,,,,,,
2017-08-07,,,,,,,,,,,,,
2017-08-08,,,,,,,,,,,,,
2017-08-09,,,,,,,,,,,,,
2017-08-10,,,,,,,,,,,,,
2017-08-11,,,,,,,,,,,,,
2017-08-12,,,,,,,,,,,,,
2017-08-13,,,,,,,,,,,,,
2017-08-14,,,,,,,,,,,,,
2017-08-15,,,,,,,,,,,,,
2017-08-16,,,,,,,,,,,,,
2017-08-17,,,,,,,,,,,,,
2017-08-18,,,,,,,,,,,,,
2017-08-19,,,,,,,,,,,,,
2017-08-20,,,,,,,,,,,,,
2017-08-21,,,,,,,,,,,,,
2017-08-22,,,,,,,,,,,,,
2017-08-23,,,,,,,,,,,,,
2017-08-24,,,,,,,,,,,,,
2017-08-25,,,,,,,,,,,,,
2017-08-26,,,,,,,,,,,,,
2017-08-27,,,,,,,,,,,,,
2017-08-28,,,,,,,,,,,,,
2017-08-29,,,,,,,,,,,,,
2017-08-30,,,,,,,,,,,,,
2017-08-31,,,,,,,,,,,,,
2017-09-01,,,,,,,,,,,,,
2017-09-02,,,,,,,,,,,,,
2017-09-03,,,,,,,,,,,,,
2017-09-04,,,,,,,,,,,,,
2017-09-05,,,,,,,,,,,,,
2017-09-06,,,,,,,,,,,,,
2017-09-07,,,,,,,,,,,,,
2017-09-08,,,,,,,,,,,,,
2017-09-09,,,,,,,,,,,,,
2017-09-10,,,,,,,,,,,,,
2017-09-11,,,,,,,,,,,,,
2017-09-12,,,,,,,,,,,,,
2017-09-13,,,,,,,,,,,,,
2017-09-14,,,,,,,,,,,,,
2017-09-15,,,,,,,,,,,,,
2017-09-16,,,,,,,,,,,,,
2017-09-17,,,,,,,,,,,,,
2017-09-18,,,,,,,,,,,,,
2017-09-19,,,,,,,,,,,,,
2017-09-20,,,,,,,,,,,,,
2017-09-21,,,,,,,,,,,,,
2017-09-22,,,,,,,,,,,,,
2017-09-23,,,,,,,,,,,,,
2017-09-24,,,,,,,,,,,,,
2017-09-25,,,,,,,,,,,,,
2017-09-26,,,,,,,,,,,,,
2017-09-27,,,,,,,,,,,,,
2017-09-28,,,,,,,,,,,,,
2017-09-29,,,,,,,,,,,,,
2017-09-30,,,,,,,,,,,,,
2017-10-01,,,,,,,,,,,,,
2017-10-02,,,,,,,,,,,,,
2017-10-03,,,,,,,,,,,,,
2017-10-04,,,,,,,,,,,,,
2017-10-05,,,,,,,,,,,,,
2017-10-06,,,,,,,,,,,,,
2017-10-07,,,,,,,,,,,,,
2017-10-08,,,,,,,,,,,,,
2017-10-09,,,,,,,,,,,,,
2017-10-10,,,,,,,,,,,,,
2017-10-11,,,,,,,,,,,,,
2017-10-12,,,,,,,,,,,,,
2017-10-13,,,,,,,,,,,,,
2017-10-14,,,,,,,,,,,,,
2017-10-15,,,,,,,,,,,,,
2017-10-16,,,,,,,,,,,,,
2017-10-17,,,,,,,,,,,,,
2017-10-18,,,,,,,,,,,,,
2017-10-19,,,,,,,,,,,,,
2017-10-20,,,,,,,,,,,,,
2017-10-21,,,,,,,,,,,,,
2017-10-22,,,,,,,,,,,,,
2017-10-23,,,,,,,,,,,,,
2017-10-24,,,,,,,,,,,,,
2017-10-25,,,,,,,,,,,,,
2017-10-26,,,,,,,,,,,,,
2017-10-27,,,,,,,,,,,,,
2017-10-28,,,,,,,,,,,,,
2017-10-29,,,,,,,,,,,,,
2017-10-30,,,,,,,,,,,,,
2017-10-31,,,,,,,,,,,,,
2017-11-01,,,,,,,,,,,,,
2017-11-02,,,,,,,,,,,,,
2017-11-03,,,,,,,,,,,,,
2017-11-04,,,,,,,,,,,,,
2017-11-05,,,,,,,,,,,,,
2017-11-06,,,,,,,,,,,,,
2017-11-07,,,,,,,,,,,,,
2017-11-08,,,,,,,,,,,,,
2017-11-09,,,,,,,,,,,,,
2017-11-10,,,,,,,,,,,,,
2017-11-11,,,,,,,,,,,,,
2017-11-12,,,,,,,,,,,,,
2017-11-13,,,,,,,,,,,,,
2017-11-14,,,,,,,,,,,,,
2017-11-15,,,,,,,,,,,,,
2017-11-16,,,,,,,,,,,,,
2017-11-17,,,,,,,,,,,,,
2017-11-18,,,,,,,,,,,,,
2017-11-19,,,,,,,,,,,,,
2017-11-20,,,,,,,,,,,,,
2017-11-21,,,,,,,,,,,,,
2017-11-22,,,,,,,,,,,,,
2017-11-23,,,,,,,,,,,,,
2017-11-24,,,,,,,,,,,,,
2017-11-25,,,,,,,,,,,,,
2017-11-26,,,,,,,,,,,,,
2017-11-27,,,,,,,,,,,,,
2017-11-28,,,,,,,,,,,,,
2017-11-29,,,,,,,,,,,,,
2017-11-30,,,,,,,,,,,,,
2017-12-01,,,,,,,,,,,,,
2017-12-02,,,,,,,,,,,,,
2017-12-03,,,,,,,,,,,,,
2017-12-04,,,,,,,,,,,,,
2017-12-05,,,,,,,,,,,,,
2017-12-06,,,,,,,,,,,,,
2017-12-07,,,,,,,,,,,,,
2017-12-08,,,,,,,,,,,,,
2017-12-09,,,,,,,,,,,,,
2017-12-10,,,,,,,,,,,,,
2017-12-11,,,,,,,,,,,,,
2017-12-12,,,,,,,,,,,,,
2017-12-13,,,,,,,,,,,,,
2017-12-14,,,,,,,,,,,,,
2017-12-15,,,,,,,,,,,,,
2017-12-16,,,,,,,,,,,,,
2017-12-17,,,,,,,,,,,,,
2017-12-18,,,,,,,,,,,,,
2017-12-19,,,,,,,,,,,,,
2017-12-20,,,,,,,,,,,,,
2017-12-21,,,,,,,,,,,,,
2017-12-22,,,,,,,,,,,,,
2017-12-23,,,,,,,,,,,,,
2017-12-24,,,,,,,,,,,,,
2017-12-25,,,,,,,,,,,,,
2017-12-26,,,,,,,,,,,,,
2017-12-27,,,,,,,,,,,,,
2017-12-28,,,,,,,,,,,,,
2017-12-29,,,,,,,,,,,,,
2017-12-30,,,,,,,,,,,,,
2017-12-31,,,,,,,,,,,,,
2018-01-01,,,,,,,,,,,,,
2018-01-02,,,,,,,,,,,,,
2018-01-03,,,,,,,,,,,,,
2018-01-04,,,,,,,,,,,,,
2018-01-05,,,,,,,,,,,,,
2018-01-06,,,,,,,,,,,,,
2018-01-07,,,,,,,,,,,,,
2018-01-08,,,,,,,,,,,,,
2018-01-09,,,,,,,,,,,,,
2018-01-10,,,,,,,,,,,,,
2018-01-11,,,,,,,,,,,,,
2018-01-12,,,,,,,,,,,,,
2018-01-13,,,,,,,,,,,,,
2018-01-14,,,,,,,,,,,,,
2018-01-15,,,,,,,,,,,,,
2018-01-16,,,,,,,,,,,,,
2018-01-17,,,,,,,,,,,,,
2018-01-18,,,,,,,,,,,,,
2018-01-19,,,,,,,,,,,,,
2018-01-20,,,,,,,,,,,,,
2018-01-21,,,,,,,,,,,,,
2018-01-22,,,,,,,,,,,,,
2018-01-23,,,,,,,,,,,,,
2018-01-24,,,,,,,,,,,,,
2018-01-25,,,,,,,,,,,,,
2018-01-26,,,,,,,,,,,,,
2018-01-27,,,,,,,,,,,,,
2018-01-28,,,,,,,,,,,,,
2018-01-29,,,,,,,,,,,,,
2018-01-30,,,,,,,,,,,,,
2018-01-31,,,,,,,,,,,,,
2018-02-01,,,,,,,,,,,,,
2018-02-02,,,,,,,,,,,,,
2018-02-03,,,,,,,,,,,,,
2018-02-04,,,,,,,,,,,,,
2018-02-05,,,,,,,,,,,,,
2018-02-06,,,,,,,,,,,,,
2018-02-07,,,,,,,,,,,,,
2018-02-08,,,,,,,,,,,,,
2018-02-09,,,,,,,,,,,,,
2018-02-10,,,,,,,,,,,,,
2018-02-11,,,,,,,,,,,,,
2018-02-12,,,,,,,,,,,,,
2018-02-13,,,,,,,,,,,,,
2018-02-14,,,,,,,,,,,,,
2018-02-15,,,,,,,,,,,,,
2018-02-16,,,,,,,,,,,,,
2018-02-17,,,,,,,,,,,,,
2018-02-18,,,,,,,,,,,,,
2018-02-19,,,,,,,,,,,,,
2018-02-20,,,,,,,,,,,,,
2018-02-21,,,,,,,,,,,,,
2018-02-22,,,,,,,,,,,,,
2018-02-23,,,,,,,,,,,,,
2018-02-24,,,,,,,,,,,,,
2018-02-25,,,,,,,,,,,,,
2018-02-26,,,,,,,,,,,,,
2018-02-27,,,,,,,,,,,,,
2018-02-28,,,,,,,,,,,,,
2018-03-01,,,,,,,,,,,,,
2018-03-02,,,,,,,,,,,,,
2018-03-03,,,,,,,,,,,,,
2018-03-04,,,,,,,,,,,,,
2018-03-05,,,,,,,,,,,,,
2018-03-06,,,,,,,,,,,,,
2018-03-07,,,,,,,,,,,,,
2018-03-08,,,,,,,,,,,,,
2018-03-09,,,,,,,,,,,,,
2018-03-10,,,,,,,,,,,,,
2018-03-11,,,,,,,,,,,,,
2018-03-12,,,,,,,,,,,,,
2018-03-13,,,,,,,,,,,,,
2018-03-14,,,,,,,,,,,,,
2018-03-15,,,,,,,,,,,,,
2018-03-16,,,,,,,,,,,,,
2018-03-17,,,,,,,,,,,,,
2018-03-18,,,,,,,,,,,,,
2018-03-19,,,,,,,,,,,,,
2018-03-20,,,,,,,,,,,,,
2018-03-21,,,,,,,,,,,,,
2018-03-22,,,,,,,,,,,,,
2018-03-23,,,,,,,,,,,,,
2018-03-24,,,,,,,,,,,,,
2018-03-25,,,,,,,,,,,,,
2018-03-26,,,,,,,,,,,,,
2018-03-27,,,,,,,,,,,,,
2018-03-28,,,,,,,,,,,,,
2018-03-29,,,,,,,,,,,,,
2018-03-30,,,,,,,,,,,,,
2018-03-31,,,,,,,,,,,,,
2018-04-01,,,,,,,,,,,,,
2018-04-02,,,,,,,,,,,,,
2018-04-03,,,,,,,,,,,,,
2018-04-04,,,,,,,,,,,,,
2018-04-05,,,,,,,,,,,,,
2018-04-06,,,,,,,,,,,,,
2018-04-07,,,,,,,,,,,,,
2018-04-08,,,,,,,,,,,,,
2018-04-09,,,,,,,,,,,,,
2018-04-10,,,,,,,,,,,,,
2018-04-11,,,,,,,,,,,,,
2018-04-12,,,,,,,,,,,,,
2018-04-13,,,,,,,,,,,,,
2018-04-14,,,,,,,,,,,,,
2018-04-15,,,,,,,,,,,,,
2018-04-16,,,,,,,,,,,,,
2018-04-17,,,,,,,,,,,,,
2018-04-18,,,,,,,,,,,,,
2018-04-19,,,,,,,,,,,,,
2018-04-20,,,,,,,,,,,,,
2018-04-21,,,,,,,,,,,,,
2018-04-22,,,,,,,,,,,,,
2018-04-23,,,,,,,,,,,,,
2018-04-24,,,,,,,,,,,,,
2018-04-25,,,,,,,,,,,,,
2018-04-26,,,,,,,,,,,,,
2018-04-27,,,,,,,,,,,,,
2018-04-28,,,,,,,,,,,,,
2018-04-29,,,,,,,,,,,,,
2018-04-30,,,,,,,,,,,,,
2018-05-01,,,,,,,,,,,,,
2018-05-02,,,,,,,,,,,,,
2018-05-03,,,,,,,,,,,,,
2018-05-04,,,,,,,,,,,,,
2018-05-05,,,,,,,,,,,,,
2018-05-06,,,,,,,,,,,,,
2018-05-07,,,,,,,,,,,,,
2018-05-08,,,,,,,,,,,,,
2018-05-09,,,,,,,,,,,,,
2018-05-10,,,,,,,,,,,,,
2018-05-11,,,,,,,,,,,,,
2018-05-12,,,,,,,,,,,,,
2018-05-13,,,,,,,,,,,,,
2018-05-14,,,,,,,,,,,,,
2018-05-15,,,,,,,,,,,,,
2018-05-16,,,,,,,,,,,,,
2018-05-17,,,,,,,,,,,,,
2018-05-18,,,,,,,,,,,,,
2018-05-19,,,,,,,,,,,,,
2018-05-20,,,,,,,,,,,,,
2018-05-21,,,,,,,,,,,,,
2018-05-22,,,,,,,,,,,,,
2018-05-23,,,,,,,,,,,,,
2018-05-24,,,,,,,,,,,,,
2018-05-25,,,,,,,,,,,,,
2018-05-26,,,,,,,,,,,,,
2018-05-27,,,,,,,,,,,,,
2018-05-28,,,,,,,,,,,,,
2018-05-29,,,,,,,,,,,,,
2018-05-30,,,,,,,,,,,,,
2018-05-31,,,,,,,,,,,,,
2018-06-01,,,,,,,,,,,,,
2018-06-02,,,,,,,,,,,,,
2018-06-03,,,,,,,,,,,,,
2018-06-04,,,,,,,,,,,,,
2018-06-05,,,,,,,,,,,,,
2018-06-06,,,,,,,,,,,,,
2018-06-07,,,,,,,,,,,,,
2018-06-08,,,,,,,,,,,,,
2018-06-09,,,,,,,,,,,,,
2018-06-10,,,,,,,,,,,,,
2018-06-11,,,,,,,,,,,,,
2018-06-12,,,,,,,,,,,,,
2018-06-13,,,,,,,,,,,,,
2018-06-14,,,,,,,,,,,,,
2018-06-15,,,,,,,,,,,,,
2018-06-16,,,,,,,,,,,,,
2018-06-17,,,,,,,,,,,,,
2018-06-18,,,,,,,,,,,,,
2018-06-19,,,,,,,,,,,,,
2018-06-20,,,,,,,,,,,,,
2018-06-21,,,,,,,,,,,,,
2018-06-22,,,,,,,,,,,,,
2018-06-23,,,,,,,,,,,,,
2018-06-24,,,,,,,,,,,,,
2018-06-25,,,,,,,,,,,,,
2018-06-26,,,,,,,,,,,,,
2018-06-27,,,,,,,,,,,,,
2018-06-28,,,,,,,,,,,,,
2018-06-29,,,,,,,,,,,,,
2018-06-30,,,,,,,,,,,,,
2018-07-01,,,,,,,,,,,,,
2018-07-02,,,,,,,,,,,,,
2018-07-03,,,,,,,,,,,,,
2018-07-04,,,,,,,,,,,,,
2018-07-05,,,,,,,,,,,,,
2018-07-06,,,,,,,,,,,,,
2018-07-07,,,,,,,,,,,,,
2018-07-08,,,,,,,,,,,,,
2018-07-09,,,,,,,,,,,,,
2018-07-10,,,,,,,,,,,,,
2018-07-11,,,,,,,,,,,,,
2018-07-12,,,,,,,,,,,,,
2018-07-13,,,,,,,,,,,,,
2018-07-14,,,,,,,,,,,,,
2018-07-15,,,,,,,,,,,,,
2018-07-16,,,,,,,,,,,,,
2018-07-17,,,,,,,,,,,,,
2018-07-18,,,,,,,,,,,,,
2018-07-19,,,,,,,,,,,,,
2018-07-20,,,,,,,,,,,,,
2018-07-21,,,,,,,,,,,,,
2018-10-18,,,,,,,,,,,,,
2018-10-19,,,,,,,,,,,,,
2018-10-20,,,,,,,,,,,,,
2018-10-21,,,,,,,,,,,,,
2018-10-22,,,,,,,,,,,,,
2018-10-23,,,,,,,,,,,,,
2018-10-24,,,,,,,,,,,,,
2018-10-25,,,,,,,,,,,,,
2018-10-26,,,,,,,,,,,,,
2018-10-27,,,,,,,,,,,,,
2018-10-28,,,,,,,,,,,,,
2018-10-29,,,,,,,,,,,,,
2018-10-30,,,,,,,,,,,,,
2018-10-31,,,,,,,,,,,,,
2018-11-01,,,,,,,,,,,,,
2018-11-02,,,,,,,,,,,,,
2018-11-03,,,,,,,,,,,,,
2018-11-04,,,,,,,,,,,,,
2018-11-05,,,,,,,,,,,,,
2018-11-06,,,,,,,,,,,,,
2018-11-07,,,,,,,,,,,,,
2018-11-08,,,,,,,,,,,,,
2018-11-09,,,,,,,,,,,,,
2018-11-10,,,,,,,,,,,,,
2018-11-11,,,,,,,,,,,,,
2018-11-12,,,,,,,,,,,,,
2018-11-13,,,,,,,,,,,,,
2018-11-14,,,,,,,,,,,,,
2018-11-15,,,,,,,,,,,,,
2018-11-16,,,,,,,,,,,,,
2018-11-17,,,,,,,,,,,,,
2018-11-18,,,,,,,,,,,,,
2018-11-19,,,,,,,,,,,,,
2018-11-20,,,,,,,,,,,,,
2018-11-21,,,,,,,,,,,,,
2018-11-22,,,,,,,,,,,,,
2018-11-23,,,,,,,,,,,,,
2018-11-24,,,,,,,,,,,,,
2018-11-25,,,,,,,,,,,,,
2018-11-26,,,,,,,,,,,,,
2018-11-27,,,,,,,,,,,,,
2018-11-28,,,,,,,,,,,,,
2018-11-29,,,,,,,,,,,,,
2018-11-30,,,,,,,,,,,,,
2018-12-01,,,,,,,,,,,,,
2018-12-02,,,,,,,,,,,,,
2018-12-03,,,,,,,,,,,,,
2018-12-04,,,,,,,,,,,,,
2018-12-05,,,,,,,,,,,,,
2018-12-06,,,,,,,,,,,,,
2018-12-07,,,,,,,,,,,,,
2018-12-08,,,,,,,,,,,,,
2018-12-09,,,,,,,,,,,,,
2018-12-10,,,,,,,,,,,,,
2018-12-11,,,,,,,,,,,,,
2018-12-12,,,,,,,,,,,,,
2018-12-13,,,,,,,,,,,,,
2018-12-14,,,,,,,,,,,,,
2018-12-15,,,,,,,,,,,,,
2018-12-16,,,,,,,,,,,,,
2018-12-17,,,,,,,,,,,,,
2018-12-18,,,,,,,,,,,,,
2018-12-19,,,,,,,,,,,,,
2018-12-20,,,,,,,,,,,,,
2018-12-21,,,,,,,,,,,,,
2018-12-22,,,,,,,,,,,,,
2018-12-23,,,,,,,,,,,,,
2018-12-24,,,,,,,,,,,,,
2018-12-25,,,,,,,,,,,,,
2018-12-26,,,,,,,,,,,,,
2018-12-27,,,,,,,,,,,,,
2018-12-28,,,,,,,,,,,,,
2018-12-29,,,,,,,,,,,,,
2018-12-30,,,,,,,,,,,,,
2018-12-31,,,,,,,,,,,,,
2019-01-01,,,,,,,,,,,,,
2019-01-02,,,,,,,,,,,,,
2019-01-03,,,,,,,,,,,,,
2019-01-04,,,,,,,,,,,,,
2019-01-05,,,,,,,,,,,,,
2019-01-06,,,,,,,,,,,,,
2019-01-07,,,,,,,,,,,,,
2019-01-08,,,,,,,,,,,,,
2019-01-09,,,,,,,,,,,,,
2019-01-10,,,,,,,,,,,,,
2019-01-11,,,,,,,,,,,,,
2019-01-12,,,,,,,,,,,,,
2019-01-13,,,,,,,,,,,,,
2019-01-14,,,,,,,,,,,,,
2019-01-15,,,,,,,,,,,,,
2019-01-16,,,,,,,,,,,,,
2019-01-17,,,,,,,,,,,,,
2019-01-18,,,,,,,,,,,,,
2019-01-19,,,,,,,,,,,,,
2019-01-20,,,,,,,,,,,,,
2019-01-21,,,,,,,,,,,,,
2019-01-22,,,,,,,,,,,,,
2019-01-23,,,,,,,,,,,,,
2019-01-24,,,,,,,,,,,,,
2019-01-25,,,,,,,,,,,,,
2019-01-26,,,,,,,,,,,,,
2019-01-27,,,,,,,,,,,,,
2019-01-28,,,,,,,,,,,,,
2019-01-29,,,,,,,,,,,,,
2019-01-30,,,,,,,,,,,,,
2019-01-31,,,,,,,,,,,,,
2019-02-01,,,,,,,,,,,,,
2019-02-02,,,,,,,,,,,,,
2019-02-03,,,,,,,,,,,,,
2019-02-04,,,,,,,,,,,,,
2019-02-05,,,,,,,,,,,,,
2019-02-06,,,,,,,,,,,,,
2019-02-07,,,,,,,,,,,,,
2019-02-08,,,,,,,,,,,,,
2019-02-09,,,,,,,,,,,,,
2019-02-10,,,,,,,,,,,,,
2019-02-11,,,,,,,,,,,,,
2019-02-12,,,,,,,,,,,,,
2019-02-13,,,,,,,,,,,,,
2019-02-14,,,,,,,,,,,,,
2019-02-15,,,,,,,,,,,,,
2019-02-16,,,,,,,,,,,,,
2019-02-17,,,,,,,,,,,,,
2019-02-18,,,,,,,,,,,,,
2019-02-19,,,,,,,,,,,,,
2019-02-20,,,,,,,,,,,,,
2019-02-21,,,,,,,,,,,,,
2019-02-22,,,,,,,,,,,,,
2019-02-23,,,,,,,,,,,,,
2019-02-24,,,,,,,,,,,,,
2019-02-25,,,,,,,,,,,,,
2019-02-26,,,,,,,,,,,,,
2019-02-27,,,,,,,,,,,,,
2019-02-28,,,,,,,,,,,,,
2019-03-01,,,,,,,,,,,,,
2019-03-02,,,,,,,,,,,,,
2019-03-03,,,,,,,,,,,,,
2019-03-04,,,,,,,,,,,,,
2019-03-05,,,,,,,,,,,,,
2019-03-06,,,,,,,,,,,,,
2019-03-07,,,,,,,,,,,,,
2019-03-08,,,,,,,,,,,,,
2019-03-09,,,,,,,,,,,,,
2019-03-10,,,,,,,,,,,,,
2019-03-11,,,,,,,,,,,,,
2019-03-12,,,,,,,,,,,,,
2019-03-13,,,,,,,,,,,,,
2019-03-14,,,,,,,,,,,,,
2019-03-15,,,,,,,,,,,,,
2019-03-16,,,,,,,,,,,,,
2019-03-17,,,,,,,,,,,,,
2019-03-18,,,,,,,,,,,,,
2019-03-19,,,,,,,,,,,,,
2019-03-20,,,,,,,,,,,,,
2019-03-21,,,,,,,,,,,,,
2019-03-22,,,,,,,,,,,,,
2019-03-23,,,,,,,,,,,,,
2019-03-24,,,,,,,,,,,,,
2019-03-25,,,,,,,,,,,,,
2019-03-26,,,,,,,,,,,,,
2019-03-27,,,,,,,,,,,,,
2019-03-28,,,,,,,,,,,,,
2019-03-29,,,,,,,,,,,,,
2019-03-30,,,,,,,,,,,,,
2019-03-31,,,,,,,,,,,,,
2019-04-01,,,,,,,,,,,,,
2019-04-02,,,,,,,,,,,,,
2019-04-03,,,,,,,,,,,,,
2019-04-04,,,,,,,,,,,,,
2019-04-05,,,,,,,,,,,,,
2019-04-06,,,,,,,,,,,,,
2019-04-07,,,,,,,,,,,,,
2019-04-08,,,,,,,,,,,,,
2019-04-09,,,,,,,,,,,,,
2019-04-10,,,,,,,,,,,,,
2019-04-11,,,,,,,,,,,,,
2019-04-12,,,,,,,,,,,,,
2019-04-13,,,,,,,,,,,,,
2019-04-14,,,,,,,,,,,,,
2019-04-15,,,,,,,,,,,,,
2019-04-16,,,,,,,,,,,,,
2019-04-17,,,,,,,,,,,,,
2019-04-18,,,,,,,,,,,,,
2019-04-19,,,,,,,,,,,,,
2019-04-20,,,,,,,,,,,,,
2019-04-21,,,,,,,,,,,,,
2019-04-22,,,,,,,,,,,,,
2019-04-23,,,,,,,,,,,,,
2019-04-24,,,,,,,,,,,,,
2019-04-25,,,,,,,,,,,,,
2019-04-26,,,,,,,,,,,,,
2019-04-27,,,,,,,,,,,,,
2019-04-28,,,,,,,,,,,,,
2019-04-29,,,,,,,,,,,,,
2019-04-30,,,,,,,,,,,,,
2019-05-01,,,,,,,,,,,,,
2019-05-02,,,,,,,,,,,,,
2019-05-03,,,,,,,,,,,,,
2019-05-04,,,,,,,,,,,,,
2019-05-05,,,,,,,,,,,,,
2019-05-06,,,,,,,,,,,,,
2019-05-07,,,,,,,,,,,,,
2019-05-08,,,,,,,,,,,,,
2019-05-09,,,,,,,,,,,,,
2019-05-10,,,,,,,,,,,,,
2019-05-11,,,,,,,,,,,,,
2019-05-12,,,,,,,,,,,,,
2019-05-13,,,,,,,,,,,,,
2019-05-14,,,,,,,,,,,,,
2019-05-15,,,,,,,,,,,,,
2019-05-16,,,,,,,,,,,,,
2019-05-17,,,,,,,,,,,,,
2019-05-18,,,,,,,,,,,,,
2019-05-19,,,,,,,,,,,,,
2019-05-20,,,,,,,,,,,,,
2019-05-21,,,,,,,,,,,,,
2019-05-22,,,,,,,,,,,,,
2019-05-23,,,,,,,,,,,,,
2019-05-24,,,,,,,,,,,,,
2019-05-25,,,,,,,,,,,,,
2019-05-26,,,,,,,,,,,,,
2019-05-27,,,,,,,,,,,,,
2019-05-28,,,,,,,,,,,,,
2019-05-29,,,,,,,,,,,,,
2019-05-30,,,,,,,,,,,,,
2019-11-20,,,,,,,,,,,,,
2019-11-21,,,,,,,,,,,,,
2019-11-22,,,,,,,,,,,,,
2019-11-23,,,,,,,,,,,,,
2019-11-24,,,,,,,,,,,,,
2019-11-25,,,,,,,,,,,,,
2019-11-26,,,,,,,,,,,,,
2019-11-27,,,,,,,,,,,,,
2019-11-28,,,,,,,,,,,,,
2019-11-29,,,,,,,,,,,,,
2019-11-30,,,,,,,,,,,,,
2019-12-01,,,,,,,,,,,,,
2019-12-02,,,,,,,,,,,,,
2019-12-03,,,,,,,,,,,,,
2019-12-04,,,,,,,,,,,,,
2019-12-05,,,,,,,,,,,,,
2019-12-06,,,,,,,,,,,,,
2019-12-07,,,,,,,,,,,,,
2019-12-08,,,,,,,,,,,,,
2019-12-09,,,,,,,,,,,,,
2019-12-10,,,,,,,,,,,,,
2019-12-11,,,,,,,,,,,,,
2019-12-12,,,,,,,,,,,,,
2019-12-13,,,,,,,,,,,,,
2019-12-16,,,,,,,,,,,,,
2019-12-17,,,,,,,,,,,,,
2019-12-18,,,,,,,,,,,,,
2019-12-19,,,,,,,,,,,,,
2019-12-20,,,,,,,,,,,,,
2019-12-21,,,,,,,,,,,,,
2019-12-22,,,,,,,,,,,,,
2019-12-23,,,,,,,,,,,,,
2019-12-24,,,,,,,,,,,,,
2019-12-25,,,,,,,,,,,,,
2019-12-26,,,,,,,,,,,,,
2019-12-27,,,,,,,,,,,,,
2019-12-28,,,,,,,,,,,,,
2019-12-29,,,,,,,,,,,,,
2020-05-16,,,,,,,,,,,,,
2020-05-17,,,,,,,,,,,,,
2020-05-18,,,,,,,,,,,,,
2020-05-19,,,,,,,,,,,,,
2020-05-20,,,,,,,,,,,,,
2020-05-21,,,,,,,,,,,,,
2020-05-22,,,,,,,,,,,,,
2020-05-23,,,,,,,,,,,,,
2020-05-24,,,,,,,,,,,,,
2020-05-25,,,,,,,,,,,,,
2020-05-26,,,,,,,,,,,,,
2020-05-27,,,,,,,,,,,,,
2020-05-28,,,,,,,,,,,,,
2020-05-29,,,,,,,,,,,,,
2020-05-30,,,,,,,,,,,,,
2020-05-31,,,,,,,,,,,,,
2020-06-01,,,,,,,,,,,,,
2020-06-02,,,,,,,,,,,,,
2020-06-03,,,,,,,,,,,,,
2020-06-04,,,,,,,,,,,,,
2020-06-05,,,,,,,,,,,,,
2020-06-06,,,,,,,,,,,,,
2020-06-07,,,,,,,,,,,,,
2020-06-08,,,,,,,,,,,,,
2020-06-09,,,,,,,,,,,,,
2020-06-10,,,,,,,,,,,,,
2020-06-11,,,,,,,,,,,,,
2020-06-12,,,,,,,,,,,,,
2020-06-13,,,,,,,,,,,,,
2020-06-14,,,,,,,,,,,,,
2020-06-15,,,,,,,,,,,,,
2020-06-16,,,,,,,,,,,,,
2020-06-17,,,,,,,,,,,,,
2020-06-18,,,,,,,,,,,,,
2020-06-19,,,,,,,,,,,,,
2020-06-20,,,,,,,,,,,,,
2020-06-21,,,,,,,,,,,,,
2020-06-22,,,,,,,,,,,,,
2020-06-23,,,,,,,,,,,,,
2020-06-24,,,,,,,,,,,,,
2020-06-25,,,,,,,,,,,,,
2020-06-26,,,,,,,,,,,,,
2020-06-27,,,,,,,,,,,,,
2020-06-28,,,,,,,,,,,,,
2020-06-29,,,,,,,,,,,,,
2020-06-30,,,,,,,,,,,,,
2020-07-01,,,,,,,,,,,,,
2020-07-02,,,,,,,,,,,,,
2020-11-03,,,,,,,,,,,,,
2020-11-04,,,,,,,,,,,,,
2020-11-05,,,,,,,,,,,,,
2020-11-06,,,,,,,,,,,,,
2020-11-07,,,,,,,,,,,,,
2020-11-08,,,,,,,,,,,,,
2020-11-09,,,,,,,,,,,,,
2020-11-10,,,,,,,,,,,,,
2020-11-11,,,,,,,,,,,,,
2020-11-12,,,,,,,,,,,,,
2020-11-13,,,,,,,,,,,,,
2020-11-14,,,,,,,,,,,,,
2020-11-15,,,,,,,,,,,,,
2020-11-16,,,,,,,,,,,,,
2020-11-17,,,,,,,,,,,,,
2020-11-18,,,,,,,,,,,,,
2020-11-19,,,,,,,,,,,,,
2020-11-20,,,,,,,,,,,,,
2020-11-21,,,,,,,,,,,,,
2020-11-22,,,,,,,,,,,,,
2020-11-23,,,,,,,,,,,,,
2020-11-24,,,,,,,,,,,,,
2020-11-25,,,,,,,,,,,,,
2020-11-26,,,,,,,,,,,,,
2020-11-27,,,,,,,,,,,,,
2020-11-28,,,,,,,,,,,,,
2020-11-29,,,,,,,,,,,,,
2020-11-30,,,,,,,,,,,,,
2020-12-01,,,,,,,,,,,,,
2020-12-02,,,,,,,,,,,,,
2020-12-03,,,,,,,,,,,,,
2020-12-04,,,,,,,,,,,,,
2020-12-05,,,,,,,,,,,,,
2020-12-06,,,,,,,,,,,,,
2020-12-07,,,,,,,,,,,,,
2020-12-08,,,,,,,,,,,,,
2020-12-09,,,,,,,,,,,,,
2020-12-10,,,,,,,,,,,,,
2020-12-11,,,,,,,,,,,,,
2020-12-12,,,,,,,,,,,,,
2020-12-13,,,,,,,,,,,,,
2020-12-14,,,,,,,,,,,,,
2020-12-15,,,,,,,,,,,,,
2020-12-16,,,,,,,,,,,,,
2020-12-17,,,,,,,,,,,,,
2020-12-18,,,,,,,,,,,,,
2020-12-19,,,,,,,,,,,,,
2020-12-20,,,,,,,,,,,,,
2020-12-21,,,,,,,,,,,,,
2020-12-22,,,,,,,,,,,,,
2020-12-23,,,,,,,,,,,,,
2020-12-24,,,,,,,,,,,,,
2020-12-25,,,,,,,,,,,,,
2020-12-26,,,,,,,,,,,,,
2020-12-27,,,,,,,,,,,,,
2020-12-28,,,,,,,,,,,,,
2020-12-29,,,,,,,,,,,,,
2020-12-30,,,,,,,,,,,,,
2020-12-31,,,,,,,,,,,,,
2021-01-01,,,,,,,,,,,,,
2021-01-02,,,,,,,,,,,,,
2021-01-03,,,,,,,,,,,,,
2021-01-04,,,,,,,,,,,,,
2021-01-05,,,,,,,,,,,,,
2021-01-06,,,,,,,,,,,,,
2021-01-07,,,,,,,,,,,,,
2021-01-08,,,,,,,,,,,,,
2021-01-09,,,,,,,,,,,,,
2021-01-10,,,,,,,,,,,,,
2021-01-11,,,,,,,,,,,,,
2021-01-12,,,,,,,,,,,,,
2021-01-13,,,,,,,,,,,,,
2021-01-14,,,,,,,,,,,,,
2021-01-15,,,,,,,,,,,,,
2021-01-16,,,,,,,,,,,,,
2021-01-17,,,,,,,,,,,,,
2021-01-18,,,,,,,,,,,,,
2021-01-19,,,,,,,,,,,,,
2021-01-20,,,,,,,,,,,,,
2021-01-21,,,,,,,,,,,,,
2021-01-22,,,,,,,,,,,,,
2021-01-23,,,,,,,,,,,,,
2021-01-24,,,,,,,,,,,,,
2021-01-25,,,,,,,,,,,,,
2021-01-26,,,,,,,,,,,,,
2021-01-27,,,,,,,,,,,,,
2021-01-28,,,,,,,,,,,,,
2021-01-29,,,,,,,,,,,,,
2021-01-30,,,,,,,,,,,,,
2021-01-31,,,,,,,,,,,,,
2021-02-01,,,,,,,,,,,,,
2021-02-02,,,,,,,,,,,,,
2021-02-03,,,,,,,,,,,,,
2021-02-04,,,,,,,,,,,,,
2021-02-05,,,,,,,,,,,,,
2021-02-06,,,,,,,,,,,,,
2021-02-07,,,,,,,,,,,,,
2021-02-08,,,,,,,,,,,,,
2021-02-09,,,,,,,,,,,,,
2021-02-10,,,,,,,,,,,,,
2021-02-11,,,,,,,,,,,,,
2021-02-12,,,,,,,,,,,,,
2021-02-13,,,,,,,,,,,,,
2021-02-14,,,,,,,,,,,,,
2021-02-15,,,,,,,,,,,,,
2021-02-16,,,,,,,,,,,,,
2021-02-17,,,,,,,,,,,,,
2021-02-18,,,,,,,,,,,,,
2021-02-19,,,,,,,,,,,,,
2021-02-20,,,,,,,,,,,,,
2021-02-21,,,,,,,,,,,,,
2021-02-22,,,,,,,,,,,,,
2021-02-23,,,,,,,,,,,,,
2021-02-24,,,,,,,,,,,,,
2021-02-25,,,,,,,,,,,,,
2021-02-26,,,,,,,,,,,,,
2021-02-27,,,,,,,,,,,,,
2021-02-28,,,,,,,,,,,,,
2021-03-01,,,,,,,,,,,,,
2021-03-02,,,,,,,,,,,,,
2021-03-03,,,,,,,,,,,,,
2021-03-04,,,,,,,,,,,,,
2021-03-05,,,,,,,,,,,,,
2021-03-06,,,,,,,,,,,,,
2021-03-07,,,,,,,,,,,,,
2021-03-08,,,,,,,,,,,,,
2021-03-09,,,,,,,,,,,,,
2021-03-10,,,,,,,,,,,,,
2021-03-11,,,,,,,,,,,,,
2021-03-12,,,,,,,,,,,,,
2021-03-13,,,,,,,,,,,,,
2021-03-14,,,,,,,,,,,,,
2021-03-15,,,,,,,,,,,,,
2021-03-16,,,,,,,,,,,,,
2021-03-17,,,,,,,,,,,,,
2021-03-18,,,,,,,,,,,,,
2021-03-19,,,,,,,,,,,,,
2021-03-20,,,,,,,,,,,,,
2021-03-21,,,,,,,,,,,,,
2021-03-22,,,,,,,,,,,,,
2021-03-23,,,,,,,,,,,,,
2021-03-24,,,,,,,,,,,,,
2021-03-25,,,,,,,,,,,,,
2021-03-26,,,,,,,,,,,,,
2021-03-27,,,,,,,,,,,,,
2021-03-28,,,,,,,,,,,,,
2021-03-29,,,,,,,,,,,,,
2021-03-30,,,,,,,,,,,,,
2021-03-31,,,,,,,,,,,,,
2021-04-01,,,,,,,,,,,,,
2021-04-02,,,,,,,,,,,,,
2021-04-03,,,,,,,,,,,,,
2021-04-04,,,,,,,,,,,,,
2021-04-05,,,,,,,,,,,,,
2021-04-06,,,,,,,,,,,,,
2021-04-07,,,,,,,,,,,,,
2021-04-08,,,,,,,,,,,,,
2021-04-09,,,,,,,,,,,,,
2021-04-10,,,,,,,,,,,,,
2021-04-11,,,,,,,,,,,,,
2021-04-12,,,,,,,,,,,,,
2021-04-13,,,,,,,,,,,,,
2021-04-14,,,,,,,,,,,,,
2021-04-15,,,,,,,,,,,,,
2021-04-16,,,,,,,,,,,,,
2021-04-17,,,,,,,,,,,,,
2021-04-18,,,,,,,,,,,,,
2021-04-19,,,,,,,,,,,,,
2021-04-20,,,,,,,,,,,,,
2021-04-21,,,,,,,,,,,,,
2021-04-22,,,,,,,,,,,,,
2021-04-23,,,,,,,,,,,,,
2021-04-24,,,,,,,,,,,,,
2021-04-25,,,,,,,,,,,,,
2021-04-26,,,,,,,,,,,,,
2021-04-27,,,,,,,,,,,,,
2021-04-28,,,,,,,,,,,,,
2021-04-29,,,,,,,,,,,,,
2021-04-30,,,,,,,,,,,,,
2021-05-01,,,,,,,,,,,,,
2021-05-02,,,,,,,,,,,,,
2021-11-17,,,,,,,,,,,,,
2021-11-18,,,,,,,,,,,,,
2021-11-19,,,,,,,,,,,,,
2021-11-20,,,,,,,,,,,,,
2021-11-21,,,,,,,,,,,,,
2021-11-22,,,,,,,,,,,,,
2021-11-23,,,,,,,,,,,,,
2021-11-24,,,,,,,,,,,,,
2021-11-25,,,,,,,,,,,,,
2021-11-26,,,,,,,,,,,,,
2021-11-27,,,,,,,,,,,,,
2021-11-28,,,,,,,,,,,,,
2021-11-29,,,,,,,,,,,,,
2021-11-30,,,,,,,,,,,,,
2021-12-01,,,,,,,,,,,,,
2021-12-02,,,,,,,,,,,,,
2021-12-03,,,,,,,,,,,,,
2021-12-04,,,,,,,,,,,,,
2021-12-05,,,,,,,,,,,,,
2021-12-06,,,,,,,,,,,,,
2021-12-07,,,,,,,,,,,,,
2021-12-08,,,,,,,,,,,,,
2021-12-09,,,,,,,,,,,,,
2021-12-10,,,,,,,,,,,,,
2021-12-11,,,,,,,,,,,,,
2021-12-12,,,,,,,,,,,,,
2021-12-13,,,,,,,,,,,,,
2021-12-14,,,,,,,,,,,,,
2021-12-15,,,,,,,,,,,,,
2021-12-16,,,,,,,,,,,,,
2021-12-17,,,,,,,,,,,,,
2021-12-18,,,,,,,,,,,,,
2021-12-19,,,,,,,,,,,,,
2021-12-20,,,,,,,,,,,,,
2021-12-21,,,,,,,,,,,,,
2021-12-22,,,,,,,,,,,,,
2021-12-23,,,,,,,,,,,,,
2021-12-24,,,,,,,,,,,,,
2021-12-25,,,,,,,,,,,,,
2021-12-26,,,,,,,,,,,,,
2021-12-27,,,,,,,,,,,,,
2021-12-28,,,,,,,,,,,,,
2021-12-29,,,,,,,,,,,,,
2021-12-30,,,,,,,,,,,,,
2021-12-31,,,,,,,,,,,,,
2022-01-01,,,,,,,,,,,,,
2022-01-02,,,,,,,,,,,,,
2022-01-03,,,,,,,,,,,,,
2022-01-04,,,,,,,,,,,,,
2022-01-05,,,,,,,,,,,,,
2022-01-06,,,,,,,,,,,,,
2022-01-07,,,,,,,,,,,,,
2022-01-08,,,,,,,,,,,,,
2022-01-09,,,,,,,,,,,,,
2022-01-10,,,,,,,,,,,,,
2022-01-11,,,,,,,,,,,,,
2022-01-12,,,,,,,,,,,,,
2022-01-13,,,,,,,,,,,,,
2022-01-14,,,,,,,,,,,,,
2022-01-15,,,,,,,,,,,,,
2022-01-16,,,,,,,,,,,,,
2022-01-17,,,,,,,,,,,,,
2022-01-18,,,,,,,,,,,,,
2022-01-19,,,,,,,,,,,,,
2022-01-20,,,,,,,,,,,,,
2022-01-21,,,,,,,,,,,,,
2022-01-22,,,,,,,,,,,,,
2022-01-23,,,,,,,,,,,,,
2022-01-24,,,,,,,,,,,,,
2022-01-25,,,,,,,,,,,,,
2022-01-26,,,,,,,,,,,,,
2022-01-27,,,,,,,,,,,,,
2022-01-28,,,,,,,,,,,,,
2022-01-29,,,,,,,,,,,,,
2022-01-30,,,,,,,,,,,,,
2022-01-31,,,,,,,,,,,,,
2022-02-01,,,,,,,,,,,,,
2022-02-02,,,,,,,,,,,,,
2022-02-03,,,,,,,,,,,,,
2022-02-04,,,,,,,,,,,,,
2022-02-05,,,,,,,,,,,,,
2022-02-06,,,,,,,,,,,,,
2022-02-07,,,,,,,,,,,,,
2022-02-08,,,,,,,,,,,,,
2022-02-09,,,,,,,,,,,,,
2022-02-10,,,,,,,,,,,,,
2022-02-11,,,,,,,,,,,,,
2022-02-12,,,,,,,,,,,,,
2022-02-13,,,,,,,,,,,,,
2022-02-14,,,,,,,,,,,,,
2022-02-15,,,,,,,,,,,,,
2022-02-16,,,,,,,,,,,,,
2022-02-17,,,,,,,,,,,,,
2022-02-18,,,,,,,,,,,,,
2022-02-19,,,,,,,,,,,,,
2022-02-20,,,,,,,,,,,,,
2022-02-21,,,,,,,,,,,,,
2022-02-22,,,,,,,,,,,,,
2022-02-23,,,,,,,,,,,,,
2022-02-24,,,,,,,,,,,,,
2022-02-25,,,,,,,,,,,,,
2022-02-26,,,,,,,,,,,,,
2022-02-27,,,,,,,,,,,,,
2022-02-28,,,,,,,,,,,,,
2022-03-01,,,,,,,,,,,,,
2022-03-02,,,,,,,,,,,,,
2022-03-03,,,,,,,,,,,,,
2022-03-04,,,,,,,,,,,,,
2022-03-05,,,,,,,,,,,,,
2022-03-06,,,,,,,,,,,,,
2022-03-07,,,,,,,,,,,,,
2022-03-08,,,,,,,,,,,,,
2022-03-09,,,,,,,,,,,,,
2022-03-10,,,,,,,,,,,,,
2022-03-11,,,,,,,,,,,,,
2022-03-12,,,,,,,,,,,,,
2022-03-13,,,,,,,,,,,,,
2022-03-14,,,,,,,,,,,,,
2022-03-15,,,,,,,,,,,,,
2022-03-16,,,,,,,,,,,,,
2022-03-17,,,,,,,,,,,,,
2022-03-18,,,,,,,,,,,,,
2022-03-19,,,,,,,,,,,,,
2022-03-20,,,,,,,,,,,,,
2022-03-21,,,,,,,,,,,,,
2022-03-22,,,,,,,,,,,,,
2022-03-23,,,,,,,,,,,,,
2022-03-24,,,,,,,,,,,,,
2022-03-25,,,,,,,,,,,,,
2022-03-26,,,,,,,,,,,,,
2022-03-27,,,,,,,,,,,,,
2022-03-28,,,,,,,,,,,,,
2022-03-29,,,,,,,,,,,,,
2022-03-30,,,,,,,,,,,,,
2022-03-31,,,,,,,,,,,,,
2022-04-01,,,,,,,,,,,,,
2022-04-02,,,,,,,,,,,,,
2022-04-03,,,,,,,,,,,,,
2022-04-04,,,,,,,,,,,,,
2022-04-05,,,,,,,,,,,,,
2022-04-06,,,,,,,,,,,,,
2022-04-07,,,,,,,,,,,,,
2022-04-08,,,,,,,,,,,,,
2022-04-09,,,,,,,,,,,,,
2022-04-10,,,,,,,,,,,,,
2022-04-11,,,,,,,,,,,,,
2022-04-12,,,,,,,,,,,,,
2022-04-13,,,,,,,,,,,,,
2022-04-14,,,,,,,,,,,,,
2022-04-15,,,,,,,,,,,,,
2022-04-16,,,,,,,,,,,,,
2022-04-17,,,,,,,,,,,,,
2022-04-18,,,,,,,,,,,,,
2022-04-19,,,,,,,,,,,,,
2022-04-20,,,,,,,,,,,,,
2022-04-21,,,,,,,,,,,,,
2022-04-22,,,,,,,,,,,,,
2022-04-23,,,,,,,,,,,,,
2022-04-24,,,,,,,,,,,,,
2022-04-25,,,,,,,,,,,,,
2022-04-26,,,,,,,,,,,,,
2022-04-27,,,,,,,,,,,,,
2022-04-28,,,,,,,,,,,,,
2022-04-29,,,,,,,,,,,,,
2022-04-30,,,,,,,,,,,,,
2022-05-01,,,,,,,,,,,,,
2022-05-02,,,,,,,,,,,,,
2022-05-03,,,,,,,,,,,,,
2022-05-04,,,,,,,,,,,,,
2022-05-05,,,,,,,,,,,,,
2022-05-06,,,,,,,,,,,,,
2022-05-07,,,,,,,,,,,,,
2022-05-08,,,,,,,,,,,,,
2022-05-09,,,,,,,,,,,,,
2022-05-10,,,,,,,,,,,,,
2022-05-11,,,,,,,,,,,,,
2022-05-12,,,,,,,,,,,,,
2022-05-13,,,,,,,,,,,,,
2022-05-14,,,,,,,,,,,,,
2022-05-15,,,,,,,,,,,,,
2022-05-16,,,,,,,,,,,,,
2022-05-17,,,,,,,,,,,,,
2022-05-18,,,,,,,,,,,,,
2022-05-19,,,,,,,,,,,,,
2022-05-20,,,,,,,,,,,,,
2022-05-21,,,,,,,,,,,,,
2022-05-22,,,,,,,,,,,,,
2022-05-23,,,,,,,,,,,,,
2022-05-24,,,,,,,,,,,,,
2022-05-25,,,,,,,,,,,,,
2022-05-26,,,,,,,,,,,,,
2022-05-27,,,,,,,,,,,,,
2022-05-28,,,,,,,,,,,,,
2022-05-29,,,,,,,,,,,,,
2022-05-30,,,,,,,,,,,,,
2022-05-31,,,,,,,,,,,,,
