1981	10	01	3.9211102912	0.0	1.672466322622955
1981	10	02	0.6791907803999999	0.0	1.8111044206938893
1981	10	03	2.0628083193999998	0.0	1.9670954699312018
1981	10	04	6.418972473999999	0.0	1.7790509972992703
1981	10	05	22.101858850000003	0.0	1.759999576073743
1981	10	06	1.6505340532	0.0	1.8077441498992495
1981	10	07	0.02201931033	0.0	2.3398402075826463
1981	10	08	2.4140714641999996	0.0	2.7014848488189247
1981	10	09	0.05874618811	0.0	2.2347198626604468
1981	10	10	0.01055406653	0.0	2.331502846059417
1981	10	11	0.03920324514	0.0	2.435563672228856
1981	10	12	0.013997934752000002	0.0	2.4270420367852985
1981	10	13	0.0013426992170999998	0.0	2.4821750102165847
1981	10	14	0.022055722566	0.0	2.6477722953833
1981	10	15	0.018555653185	0.0	2.4403587665082402
1981	10	16	0.6280898272200001	0.0	2.74176982811074
1981	10	17	3.023921929	0.0	1.521223965405284
1981	10	18	3.7996109807	0.0	1.7081711595391968
1981	10	19	0.0019988027736	0.0	2.2809535137912103
1981	10	20	0.0009457599599	0.0	2.3222889941518763
1981	10	21	0.017860746639999998	0.0	1.639623897547738
1981	10	22	0.0009467124004	0.0	1.6521219766008983
1981	10	23	0.0023745117074000003	0.0	1.7397477254385758
1981	10	24	0.0	0.0	1.8153838398410964
1981	10	25	0.0015289480468999998	0.0	1.7810748645204175
1981	10	26	0.17433822769	0.0	1.3203296373178397
1981	10	27	0.0009499996712999999	0.0	1.6184504553632533
1981	10	28	0.0030680853872	0.0	1.8891158549699039
1981	10	29	0.0004799305214	0.0	1.7297439703096296
1981	10	30	0.0075171917411	0.0	1.7332209955634104
1981	10	31	0.0004799305214	0.0	2.0887168903129476
1981	11	01	0.0009544901276900001	0.0	2.056450170346811
1981	11	02	0.00047993057655	0.0	2.138248251812666
1981	11	03	0.0009401379689	0.0	2.0748849324079948
1981	11	04	0.0014134932867000002	0.0	1.938002967478627
1981	11	05	0.001898767071	0.0	1.9380165613448712
1981	11	06	0.0037896782450999996	0.0	1.9094074010782367
1981	11	07	0.0014236746385000003	0.0	1.79305369722494
1981	11	08	0.0018916436764000002	0.0	1.5347141493384364
1981	11	09	0.0009467126210000001	0.0	1.5198469269123438
1981	11	10	0.0009598612082499999	0.0	1.7152300652266188
1981	11	11	0.0004799305214	0.0	1.7512250261995759
1981	11	12	0.00047993057655	0.0	1.6702431694349442
1981	11	13	0.0039127992965	0.0	1.4688778114543626
1981	11	14	0.08483930761	0.0	1.3421438410545499
1981	11	15	0.039621584361999994	0.0	1.4916433159352225
1981	11	16	0.0016171349926000001	0.0	1.6224202840792066
1981	11	17	0.8692469455999999	0.0	1.162922184133752
1981	11	18	0.0014151927891	0.0	1.424809493499125
1981	11	19	0.0009497095823	0.0	1.4770443612265092
1981	11	20	0.0027205072550999998	0.0	1.4745405176504014
1981	11	21	0.00047993063170000003	0.0	1.410234013656653
1981	11	22	0.0004949130557199999	0.0	1.394547450819845
1981	11	23	0.032540918879	0.0	1.3488761949159194
1981	11	24	0.41325435891	0.0	1.2887725755989285
1981	11	25	0.0054863839886000005	0.0	1.0891734100865542
1981	11	26	0.0039101573909	0.0	1.1961351994081302
1981	11	27	0.0023219819942	0.0	1.3346434257236441
1981	11	28	0.00095324764231	0.0	1.2964087122356638
1981	11	29	0.0017488073824	0.0	1.087511013661541
1981	11	30	0.0037898550559999997	0.0	1.0514505284853655
1981	12	01	0.0018790106865	0.0	1.1941619292375247
1981	12	02	0.0046870058059	0.0	0.9617980332215494
1981	12	03	0.0019070974785	0.0	0.8256992925836457
1981	12	04	0.0	0.0	0.9054942992757913
1981	12	05	0.0	0.0	1.0147343599348362
1981	12	06	0.032058235048999996	0.0	0.7817021468243449
1981	12	07	0.025992094627	0.0	0.8452307498208449
1981	12	08	0.5577963652	0.0	0.7709247403072809
1981	12	09	1.5371840376	0.0	0.5226487983963393
1981	12	10	1.524007379	0.0	0.6054296741642848
1981	12	11	1.5415750806000001	0.0	0.5912714565294551
1981	12	12	1.5988108535999999	0.0	0.5886643882565271
1981	12	13	8.4522906545	0.0	0.5245508996632824
1981	12	14	2.58934765	0.0	0.9988072617131434
1981	12	15	0.6241458521800001	0.0	1.0510113387059663
1981	12	16	7.821740298999999	0.0	0.6621570287207359
1981	12	17	17.503514721	0.0	0.8049638827691388
1981	12	18	2.9068361627	0.0	0.48278086493564615
1981	12	19	0.0014958199933999999	0.0	0.7040218108008672
1981	12	20	7.5858965081	0.0	0.5512502237715623
1981	12	21	8.663608358	0.0	0.7890866082560124
1981	12	22	2.8683927522	0.0	0.5249098273804429
1981	12	23	10.945992210999998	0.0	0.5885211218916789
1981	12	24	3.6566749755	0.0	0.7259606985035776
1981	12	25	0.020095095946	0.0	0.6966882963293277
1981	12	26	22.754749918999998	0.0	0.5237468895340158
1981	12	27	11.552428229	0.0	0.5800197968898331
1981	12	28	26.519133396	0.16055865098855854	0.7491822664527505
1981	12	29	13.575868493	1.6537541051821534	0.5576039615243658
1981	12	30	23.920297740000002	5.5232175940064145	0.8044233257772607
1981	12	31	4.43708222	4.206636655900234	0.5167276404058087
1982	01	01	0.19402180315999998	2.6973853366077836	0.7170664146839868
1982	01	02	0.00365323527	1.7693563338939153	0.8651613484624576
1982	01	03	5.818815835	1.3358479762248072	0.6848572106652646
1982	01	04	0.7070792530000001	1.3775932254818324	0.6600821165580898
1982	01	05	0.20768989238	1.0950099997419693	0.6078310099862023
1982	01	06	0.0723113564	0.9633519059313513	1.0172824340097446
1982	01	07	0.00019706680010999998	0.8734390613777586	1.2378866247334204
1982	01	08	0.0028818031365	0.7835262168241657	1.064957550356041
1982	01	09	0.39090882530000004	0.6968245452903441	0.846601179758905
1982	01	10	6.2147505900999995	0.6454457769740053	0.5912074012817261
1982	01	11	7.562785680000001	0.9890412900895207	0.5563031255126293
1982	01	12	5.4135024915	1.0179418472674613	0.8055046969744742
1982	01	13	3.4697803391999997	0.8862837534568431	0.9931487472311231
1982	01	14	0.5287830532	0.751414486626454	0.9156728630414371
1982	01	15	5.39508184	0.619756392815836	0.7722506660176163
1982	01	16	10.352421585	0.6743463341519459	0.6593704279595061
1982	01	17	0.005393613746999999	0.9440848678127243	0.8711186674670542
1982	01	18	6.7231517475	0.7963709089032505	0.8914911180540747
1982	01	19	2.5799192059999996	0.825271466081191	0.7989587600227541
1982	01	20	1.1842290011	0.8670167153382163	0.8767366216637386
1982	01	21	0.39433697136	0.8188491200416484	0.9786012314957733
1982	01	22	0.0028494105634	0.770681524745081	1.2153092892771784
1982	01	23	0.00094013803508	0.7225139294485134	1.1690849014074627
1982	01	24	0.0018945908924000003	0.6743463341519459	1.1964933927970969
1982	01	25	0.00056271328551	0.6261787388553783	1.2331778496287031
1982	01	26	0.0045669178942	0.5780111435588108	1.309517161290881
1982	01	27	0.075789561012	0.5298435482622432	0.9217856047271087
1982	01	28	0.0009682043554	0.48167595296567567	0.8655587259883094
1982	01	29	0.0023614986237000006	0.43350835766910817	1.067410540143418
1982	01	30	0.00094439383925	0.3853407623725405	1.3407521829831661
1982	01	31	0.0014498075763	0.33717316707597295	1.3355752986703975
1982	02	01	0.003178092651	0.3307508210364306	1.2837484011507325
1982	02	02	0.5230166795	0.32753964801665947	0.737677116501114
1982	02	03	5.9822470140999995	0.32753964801665947	0.712467192501891
1982	02	04	0.14265006348	0.5041541641040739	0.9552097352175883
1982	02	05	0.0018999990117	0.5491105863808703	1.4154736277321798
1982	02	06	0.0014332166915	0.5234212022227008	1.6763459020566185
1982	02	07	0.12349810091999999	0.4302971846493369	1.0481273928838488
1982	02	08	0.0014378411293	0.4656200878668198	1.4960531325887365
1982	02	09	0.0011088273696	0.4399307037086505	1.5878052934625664
1982	02	10	0.0011696237369	0.4110301465307099	1.6395361409187528
1982	02	11	0.04772397528999999	0.38212958935276936	1.5333455371279994
1982	02	12	0.009168623526000001	0.35322903217482887	1.5754600976044038
1982	02	13	5.268985776999999	0.32753964801665947	1.2714141847840594
1982	02	14	4.1698522332	0.2986390908387189	1.4004905872129512
1982	02	15	16.163916809	0.6647128150926324	0.7020112859853773
1982	02	16	0.27749146052	0.879861407417301	1.358786444595314
1982	02	17	0.001419611738	0.600489354697209	1.5493088487089237
1982	02	18	2.9673397938000003	0.47525360692613333	1.3711028911987517
1982	02	19	0.0004799305214	0.4495642227679639	1.4472872151637508
1982	02	20	0.001372588642	0.4270860116295657	1.42691807556259
1982	02	21	3.6456595351	0.4078189735109387	1.4106275142245424
1982	02	22	0.94783643461	0.5041541641040739	1.1736707630144814
1982	02	23	1.0417126874	0.5041541641040739	1.1654676630125658
1982	02	24	0.29707478431999995	0.4784647799459045	1.3832385996682328
1982	02	25	5.1061925730999995	0.47204243390636214	1.2425119163101832
1982	02	26	0.030012832952000003	0.4656200878668198	1.5910707948520857
1982	02	27	0.79171291729	0.45598656880750627	1.2952151615872947
1982	02	28	0.19128953980000002	0.4495642227679639	1.6723017108366143
1982	03	01	0.5903272986200001	0.4495642227679639	1.8293897833025794
1982	03	02	0.0028532849611999996	0.4399307037086505	1.9170820048069972
1982	03	03	0.0018140299784	0.4270860116295657	2.331120097006663
1982	03	04	0.13043065446000002	0.41745249257025224	1.3757173960981515
1982	03	05	0.001407520652	0.40460780049116757	1.9238083844498912
1982	03	06	0.0	0.39497428143185404	2.039285001641296
1982	03	07	0.00057249091725	0.38212958935276936	1.8293273831404753
1982	03	08	0.0	0.3724960702934558	1.929937356520196
1982	03	09	0.00046678182385000004	0.3628625512341423	2.006159756680467
1982	03	10	0.00236460037	0.3500178591550576	2.1911502104484963
1982	03	11	0.01248808879	0.34038434009574414	2.053229286220491
1982	03	12	0.0	0.32753964801665947	2.6728364640570934
1982	03	13	0.0029253779235999997	0.31790612895734593	2.234047584663657
1982	03	14	0.00048340372501	0.30506143687826126	2.5883238055286917
1982	03	15	0.0005967962391999999	0.2954279178189477	2.427173490873633
1982	03	16	0.011401745193	0.28258322573986305	2.4972802097863185
1982	03	17	0.37617837060000003	0.2729497066805495	1.899383041151855
1982	03	18	0.0010209115413	0.26010501460146485	2.289994785860148
1982	03	19	0.0030084205876000003	0.2504714955421513	2.490917569815959
1982	03	20	0.09050537449000001	0.23762680346306667	2.383855692456609
1982	03	21	0.0082395076155	0.22799328440375313	2.8847200370880763
1982	03	22	0.002374132496	0.21514859232466846	3.086714447207573
1982	03	23	0.0004799305214	0.20551507326535495	2.6889167331184582
1982	03	24	0.0	0.19267038118627025	2.3395548396935713
1982	03	25	0.0	0.18303686212695672	2.6057202582138084
1982	03	26	0.10943913056	0.17340334306764324	2.5844194199116486
1982	03	27	0.0059861100510000004	0.16376982400832973	2.6454710657543634
1982	03	28	0.08713097762	0.1541363049490162	2.815704123213383
1982	03	29	1.9478961249	0.14771395890947386	2.246165145971551
1982	03	30	0.7488814088	0.14771395890947386	2.226407652435957
1982	03	31	7.535860347	0.15734747796878737	1.5464758356030288
1982	04	01	3.6760477365999997	0.16055865098855854	1.9849159327234125
1982	04	02	0.08655081064999999	0.1669809970281009	2.216360401805891
1982	04	03	2.9840563102999997	0.17340334306764324	2.588897590781795
1982	04	04	10.54396305	0.18303686212695672	2.132373404360791
1982	04	05	2.020068393	0.18945920816649908	2.0461913805086236
1982	04	06	0.0014859499082	0.19588155420604142	2.868092019328487
1982	04	07	0.0009401379689	0.20230390024558378	3.8266372203030548
1982	04	08	0.0030901226654	0.20872624628512612	3.783620674807544
1982	04	09	0.0116767655585	0.18945920816649908	3.6092838365150612
1982	04	10	0.08773917182	0.1862480351467279	3.843756366825171
1982	04	11	2.9771765684000004	0.1862480351467279	2.954848811107075
1982	04	12	9.941417313	0.1862480351467279	3.3790403572357413
1982	04	13	0.5562303258	0.18945920816649908	2.8253153612983577
1982	04	14	0.0014134932867000002	0.18945920816649908	3.051163745329156
1982	04	15	0.00047006901754	0.18945920816649908	3.0751563810217886
1982	04	16	0.29139453286	0.19267038118627025	3.2649777559971143
1982	04	17	14.735493204	0.19267038118627025	2.578670826940574
1982	04	18	7.2489176545000005	0.19267038118627025	2.749070439882981
1982	04	19	0.03064094292	0.18945920816649908	3.2404429008779205
1982	04	20	0.23400197944	0.18303686212695672	3.769018157156374
1982	04	21	0.0	0.1798256891071856	4.115279276366433
1982	04	22	0.19485939929999999	0.17661451608741444	4.138697103805548
1982	04	23	0.27585273342	0.17019217004787207	3.9483991664202143
1982	04	24	0.0014547768119	0.1669809970281009	3.945110228296639
1982	04	25	0.00047199669755000005	0.16376982400832973	3.5656982155893013
1982	04	26	2.2286805478	0.15734747796878737	3.0878358256240372
1982	04	27	0.0009541928361000001	0.1541363049490162	3.9114100545774115
1982	04	28	0.0014200682697	0.1348692668303892	3.974844985747685
1982	04	29	0.00048157525985	0.1348692668303892	4.149106358615814
1982	04	30	0.0014200680491000001	0.13165809381061802	4.115884868906081
1982	05	01	0.0014148316669	0.12844692079084685	4.455477237109211
1982	05	02	0.0014133839794	0.09312401757336396	4.466235358476487
1982	05	03	0.0070534813862	0.0899128445535928	4.2377679625991
1982	05	04	0.00048650499702	0.0899128445535928	3.261452690767198
1982	05	05	0.0009401379689	0.08670167153382162	3.389045631328238
1982	05	06	0.00047993057655	0.057801114355881075	3.4327845792683314
1982	05	07	0.0	0.0674346334151946	3.623203340866614
1982	05	08	0.0020899690326	0.07385697945473693	3.886241824326675
1982	05	09	0.015224341700999998	0.08027932549427927	4.2188766510470055
1982	05	10	0.3932758853600001	0.06422346039542343	3.918791960209379
1982	05	11	5.29100276	0.06101228737565225	3.028948820889599
1982	05	12	6.962910306	0.07064580643496576	3.5065139004813894
1982	05	13	0.08621626523499999	0.06422346039542343	4.921818105252487
1982	05	14	1.5077114364	0.07385697945473693	4.3818170805751215
1982	05	15	1.1480618517	0.05137876831633874	4.113084804090114
1982	05	16	0.26187004654	0.04816759529656756	4.045842861055421
1982	05	17	0.22638972421	0.0449564222767964	4.316639306489721
1982	05	18	0.18694576035000002	0.041745249257025226	4.023498824732491
1982	05	19	0.010916842126999999	0.03853407623725405	4.863546446971313
1982	05	20	0.0054595179970000005	0.03853407623725405	5.171418101961717
1982	05	21	0.0009467124004	0.03532290321748288	5.177770598187669
1982	05	22	0.00885195002	0.041745249257025226	5.114940871189703
1982	05	23	0.0030295851722	0.041745249257025226	4.641882269028209
1982	05	24	0.0004799305214	0.03853407623725405	5.898021725758151
1982	05	25	9.547518365	0.03853407623725405	5.5811347380607605
1982	05	26	1.1981893412	0.04816759529656756	3.7635733971379706
1982	05	27	0.5119192420800001	0.0449564222767964	4.084653790898051
1982	05	28	14.252768563	0.041745249257025226	3.616933615709892
1982	05	29	31.765271631	0.05137876831633874	2.171006354019523
1982	05	30	7.764230982	0.054589941336109914	2.893088047545339
1982	05	31	0.018498492416	0.0674346334151946	4.515175866398225
1982	06	01	0.32830925154	0.07385697945473693	4.865363750154756
1982	06	02	20.160604219000003	0.08670167153382162	3.779388044845254
1982	06	03	1.4953446004	0.10596870965244864	3.1823568795226778
1982	06	04	0.00048667820111	0.08349049851405045	4.810516520852276
1982	06	05	0.0058776250375	0.0674346334151946	5.047435997872518
1982	06	06	0.55374299462	0.06101228737565225	3.803413800721435
1982	06	07	0.0014192114593	0.054589941336109914	5.847144724305051
1982	06	08	0.9060537247	0.04816759529656756	5.365679531014833
1982	06	09	0.036498497218000005	0.0449564222767964	5.311349203949219
1982	06	10	0.04990553280999999	0.041745249257025226	4.173451946631886
1982	06	11	0.22832313982	0.03853407623725405	3.6509126220972195
1982	06	12	0.12234921611999999	0.03853407623725405	3.996303462981068
1982	06	13	1.7451518198	0.03853407623725405	3.383200543428882
1982	06	14	0.0040601046156	0.03532290321748288	4.856474741544806
1982	06	15	0.0	0.03211173019771171	6.093025814970088
1982	06	16	0.6218743781	0.028900557177940538	6.053903835598953
1982	06	17	0.41582220909	0.02568938415816937	4.370932182882918
1982	06	18	0.0078796216579	0.02568938415816937	4.049845820215968
1982	06	19	0.0	0.0224782111383982	5.8346199034438175
1982	06	20	0.037895158835	0.019267038118627025	4.871049895838276
1982	06	21	0.0651099797	0.019267038118627025	4.693732036678846
1982	06	22	7.3780622992	0.016055865098855857	3.508490511056219
1982	06	23	0.0022955505846000003	0.012844692079084685	4.632636891073632
1982	06	24	0.00084228471725	0.009633519059313513	4.853337355103676
1982	06	25	1.7172530893000002	0.009633519059313513	3.301530444267659
1982	06	26	0.20860169836	0.009633519059313513	3.458228226682283
1982	06	27	0.0018802757172000002	0.006422346039542342	5.134289272110124
1982	06	28	0.00047526689401	0.0	5.947134875384851
1982	06	29	0.0017957306569	0.0	6.173054302147178
1982	06	30	0.0026832653425000004	0.0	6.840137852563774
1982	07	01	0.047829286421	0.0	7.125844554902032
1982	07	02	0.006806041646	0.0	5.5218811844826625
1982	07	03	0.07591189033000001	0.0	4.441496659537559
1982	07	04	6.436888833899999	0.0	6.533189231157982
1982	07	05	0.38351547145000003	0.0	5.612217055798353
1982	07	06	0.001133306028	0.0	6.575824460408432
1982	07	07	0.6189077493	0.0	6.6059240456492105
1982	07	08	0.975701667	0.0	5.353541372454001
1982	07	09	0.00066713580662	0.0	5.769787605222697
1982	07	10	0.0018964838609999998	0.0	6.238242498368662
1982	07	11	0.014509554684000002	0.0	5.174101270139374
1982	07	12	0.0018832431181	0.0	4.783759130025437
1982	07	13	0.19790428595	0.0	3.8109145318083746
1982	07	14	0.006606869627	0.0	4.621066781694007
1982	07	15	0.0018975098716	0.0	6.0134995065701755
1982	07	16	0.0007644160608	0.0	5.391669368003409
1982	07	17	0.0029225293158	0.0	5.811630452664807
1982	07	18	0.16749549143999998	0.0	5.938835291617332
1982	07	19	0.41871947022	0.0	4.660015453855535
1982	07	20	0.0033853152464	0.0	4.726717024302727
1982	07	21	0.0017487839988	0.0	5.135422571052102
1982	07	22	0.0004940725476600001	0.0	5.415063743467527
1982	07	23	0.0025922029861	0.0	5.49672433150278
1982	07	24	0.0	0.0	6.023485497365005
1982	07	25	0.0019354794333	0.0	6.042467747832261
1982	07	26	0.0	0.0	6.075792464975064
1982	07	27	0.0014134932867000002	0.0	5.446817850752851
1982	07	28	2.5886257365	0.0	4.40211097848115
1982	07	29	3.9976473509	0.0	3.6753725544706093
1982	07	30	0.6637457361200001	0.0	4.070852052226769
1982	07	31	2.0591180123000004	0.0	4.654648328435311
1982	08	01	4.5194757685	0.0	3.3637569108275476
1982	08	02	0.019856884345	0.0	3.9363557436157524
1982	08	03	0.0004602074475	0.0	5.393604916242703
1982	08	04	0.0009467126210000001	0.0	5.030428824126644
1982	08	05	0.0018263479515	0.0	5.358585184202692
1982	08	06	0.0014202306313	0.0	5.354923224690859
1982	08	07	0.0	0.0	5.230164131915041
1982	08	08	0.00047993057655	0.0	5.344983077753975
1982	08	09	0.0	0.0	5.724889695223508
1982	08	10	0.00047006901754	0.0	6.078299778829738
1982	08	11	0.0009694927697	0.0	6.603407460980606
1982	08	12	0.05992383363500001	0.0	6.04555303029787
1982	08	13	0.006683582174	0.0	5.413363190878653
1982	08	14	0.0009401379689	0.0	5.692587699287081
1982	08	15	0.0023189780840000003	0.0	5.1341957374766745
1982	08	16	0.002354911618	0.0	4.835830568936901
1982	08	17	0.00048650499702	0.0	5.759223892583212
1982	08	18	0.00047006901754	0.0	5.5438429711718005
1982	08	19	0.0004733562002	0.0	5.60511666741062
1982	08	20	0.30410310032000004	0.0	4.982945544902484
1982	08	21	0.0009401379689	0.0	5.313520015641436
1982	08	22	0.0	0.0	5.607556293723119
1982	08	23	0.7791584830500001	0.0	4.3864608047962745
1982	08	24	0.0036740667486	0.0	4.918445230150311
1982	08	25	0.0010007288473	0.0	5.541724411295188
1982	08	26	0.0009396996367	0.0	4.378278930586329
1982	08	27	0.00095002585652	0.0	4.243406305008641
1982	08	28	6.126164909900001	0.0	2.9487918988198856
1982	08	29	0.00100097805912	0.0	4.6319116625220556
1982	08	30	0.015546053710999999	0.0	4.581178948337653
1982	08	31	0.0009401379689	0.0	4.245657334753253
1982	09	01	0.0	0.0	4.372733631744431
1982	09	02	0.00047006901754	0.0	4.8493440747757335
1982	09	03	0.00047006901754	0.0	4.863920082137245
1982	09	04	0.0	0.0	5.059492857084536
1982	09	05	0.0009467126210000001	0.0	4.511769228205448
1982	09	06	0.00042482607529999996	0.0	4.227054846638809
1982	10	01	0.0	0.0	2.9167474273125173
1982	10	02	1.2689015682	0.0	2.583796640997839
1982	10	03	0.27357610833	0.0	2.169532790189996
1982	10	04	0.023005519175	0.0	2.515881172105564
1982	10	05	0.59704775629	0.0	1.8454448800763532
1982	10	06	0.37446430859999996	0.0	1.5763155110300313
1982	10	07	0.34997303188000006	0.0	1.6666212819943653
1982	10	08	0.24073321342	0.0	1.670786828531417
1982	10	09	1.1287188715999998	0.0	1.4516902991830745
1982	10	10	0.025532590342	0.0	1.7940001740577047
1982	10	11	0.006747592573	0.0	2.343136427076436
1982	10	12	0.1515876063	0.0	2.0631564080486586
1982	10	13	10.506057352	0.0	2.011459108952653
1982	10	14	0.8801324526	0.0	1.6603605292876211
1982	10	15	0.010193835554	0.0	1.8148647429107698
1982	10	16	2.3594392124	0.0	1.5844945263966854
1982	10	17	1.0446098272000002	0.003211173019771171	1.3069393984321174
1982	10	18	2.525133196	0.003211173019771171	1.309178390909255
1982	10	19	0.00096052851222	0.003211173019771171	1.7889157384658438
1982	10	20	0.0015399048077	0.003211173019771171	2.084044062259507
1982	10	21	0.04043384018	0.003211173019771171	2.141009238886445
1982	10	22	0.6983466365500001	0.003211173019771171	1.3801521351497636
1982	10	23	0.29498538245	0.003211173019771171	1.2599630295084718
1982	10	24	0.00047993057655	0.003211173019771171	1.6074462108857204
1982	10	25	0.0023795097313000003	0.003211173019771171	1.8240568572384512
1982	10	26	0.021420113301	0.006422346039542342	1.855081829351668
1982	10	27	0.0027522357118999995	0.006422346039542342	1.968874044814187
1982	10	28	0.0004799305214	0.006422346039542342	2.0243404315820763
1982	10	29	0.0014200682697	0.006422346039542342	1.984587971070468
1982	10	30	0.0014266429218	0.009633519059313513	1.8761589246515473
1982	10	31	0.00048749806101	0.006422346039542342	2.0019605762677197
1982	11	01	0.0009583156295	0.006422346039542342	1.9185536470870668
1982	11	02	0.0012744504303	0.006422346039542342	1.8679831237848428
1982	11	03	0.6953541424	0.006422346039542342	1.6653807019166782
1982	11	04	0.6075894251	0.006422346039542342	1.5577801120722325
1982	11	05	2.4629003918000003	0.006422346039542342	1.3372003874249783
1982	11	06	31.074635901999997	0.009633519059313513	1.1104662831080296
1982	11	07	20.865046199000002	0.019267038118627025	0.7424260623127371
1982	11	08	8.0814676798	0.08349049851405045	1.0930251211544115
1982	11	09	0.0336865024	0.04816759529656756	0.9609294866024956
1982	11	10	0.007076133586900001	0.09633519059313513	1.2989148335336904
1982	11	11	0.00100036314765	0.244049149502609	1.3790606492774315
1982	11	12	2.0917502673	0.14771395890947386	1.2377190927084412
1982	11	13	7.945035845	0.1669809970281009	1.134344732374956
1982	11	14	0.07166879272	0.22157093836421077	0.9701776114062484
1982	11	15	0.73706897369	0.2344156304432955	0.9130052893694034
1982	11	16	0.0028434237	0.21835976534443965	1.097238837203787
1982	11	17	0.0036734593265000002	0.20230390024558378	1.2087068604902467
1982	11	18	0.00048371429671999997	0.18303686212695672	1.2766473034761614
1982	11	19	0.017376729283	0.1669809970281009	1.0117699267779592
1982	11	20	0.0038132180299	0.15092513192924503	1.1748992382387855
1982	11	21	0.016035625775999998	0.14129161286993153	1.2176509590047027
1982	11	22	0.00886682949	0.12844692079084685	1.1808096452731278
1982	11	23	0.7540628616	0.11881340173153333	0.8401321777016177
1982	11	24	0.006623620336500001	0.11239105569199097	1.0432354972163451
1982	11	25	6.234767062	0.10596870965244864	0.7440426660846445
1982	11	26	0.10743685466	0.10917988267221983	0.6410708707507855
1982	11	27	2.764743401	0.11239105569199097	0.9479615493995859
1982	11	28	0.10967090395	0.10596870965244864	0.7916244080151809
1982	11	29	0.40625643056	0.10275753663267748	0.8632445747301991
1982	11	30	0.0010218586874	0.09954636361290631	0.7566520985858847
1982	12	01	0.008147279719	0.10275753663267748	0.8335042650165398
1982	12	02	0.28697145874	0.09954636361290631	0.6554851995050874
1982	12	03	0.014229688288	0.09633519059313513	0.7280726858248948
1982	12	04	0.00039413360021999997	0.09633519059313513	0.9965014769366098
1982	12	05	0.054903177277999995	0.09954636361290631	0.891201169998787
1982	12	06	0.9454212286	0.09954636361290631	0.6494155117423968
1982	12	07	1.8838075232	0.09954636361290631	0.7081655318360294
1982	12	08	3.7413404833999997	0.10917988267221983	0.55662874692545
1982	12	09	1.2110306878000001	0.11239105569199097	0.7590476670089037
1982	12	10	0.47043542311000003	0.11560222871176215	0.7375611929109859
1982	12	11	0.20923692709	0.11881340173153333	0.6008396811356362
1982	12	12	6.773192099999999	0.13165809381061802	0.7205182469207293
1982	12	13	3.8035574044000002	0.17340334306764324	0.6065413605213941
1982	12	14	0.0024805940560000002	0.2536826685619225	0.7133119272778244
1982	12	15	0.017455772469	0.2344156304432955	0.9334047434926834
1982	12	16	0.21153203846	0.20872624628512612	0.8397116118440127
1982	12	17	2.618794441	0.19588155420604142	0.8219675526090523
1982	12	18	0.029596084256	0.18945920816649908	0.6370429764774996
1982	12	19	0.048316170474999996	0.17661451608741444	0.8132317885318827
1982	12	20	12.280229542999999	0.17340334306764324	0.7166543561744572
1982	12	21	2.7589751522	0.2697385336607784	0.5588114790830635
1982	12	22	0.040746526341	0.3596513782143712	0.6118450288956792
1982	12	23	4.247005208099999e-05	0.32753964801665947	0.7299060249214231
1982	12	24	0.005097446114	0.2890055717794054	0.7909634630521386
1982	12	25	0.010397941292	0.2665273606410072	0.8202880347766505
1982	12	26	0.008285949982	0.24083797648283783	0.8174423150827435
1982	12	27	0.0019125154145	0.2504714955421513	0.8663287124797733
1982	12	28	0.0075839670302	0.22478211138398194	0.7861275237360289
1982	12	29	0.0022490870405	0.22157093836421077	0.6867793208101675
1982	12	30	0.0035693856511999997	0.21835976534443965	0.8071430084267458
1982	12	31	0.0015403463385999998	0.2119374193048973	0.712063760064044
1983	01	01	0.0015084556305	0.21835976534443965	0.6726682254931332
1983	01	02	0.0021897471847	0.21835976534443965	0.8210740264101969
1983	01	03	0.0014159501089000001	0.21514859232466846	0.921360584195737
1983	01	04	0.0020927034799	0.20872624628512612	0.9893470305972526
1983	01	05	0.0021037106478000002	0.20230390024558378	1.084449785911635
1983	01	06	0.25809676075	0.20872624628512612	0.9467847976712559
1983	01	07	0.6679463572	0.2119374193048973	0.6159261270373309
1983	01	08	0.003979610764	0.21514859232466846	0.8170185260899434
1983	01	09	0.0023536316967999998	0.20230390024558378	0.9278996556433979
1983	01	10	0.0025487448964000006	0.19267038118627025	0.9699076044413248
1983	01	11	1.2166716504e-05	0.18303686212695672	0.9173411939035689
1983	01	12	0.001413093008	0.1798256891071856	0.950992722790179
1983	01	13	2.5754338565	0.17661451608741444	0.9162859781248205
1983	01	14	0.027376598978	0.1798256891071856	0.731758328316718
1983	01	15	0.0009517192924200001	0.17340334306764324	0.9236419931410167
1983	01	16	0.010302976301	0.1669809970281009	1.0051755872508825
1983	01	17	0.0009480468097999999	0.17019217004787207	1.1235270550727432
1983	01	18	0.0018960685815	0.17019217004787207	1.1394327163005635
1983	01	19	0.024591027627999997	0.16055865098855854	0.9045702716474769
1983	01	20	0.0	0.15092513192924503	0.9400431979032269
1983	01	21	0.00047993057655	0.14771395890947386	1.0105918031367476
1983	01	22	0.0023704550939999997	0.1445027858897027	1.0687818431308247
1983	01	23	0.0018869265866	0.14129161286993153	1.1141277778603984
1983	01	24	0.0049805077085	0.14129161286993153	1.1857416990264582
1983	01	25	0.0019090186839000002	0.13808043985016036	1.3602108952982748
1983	01	26	0.0020384461378	0.14129161286993153	1.4576534997569368
1983	01	27	0.00047993057655	0.13808043985016036	1.3835626019142402
1983	01	28	0.0028643377932999997	0.13808043985016036	1.4981552898695938
1983	01	29	0.00047993063170000003	0.13808043985016036	1.6543161825566095
1983	01	30	0.007065900725000001	0.1348692668303892	1.2812224181675067
1983	01	31	0.011352576762	0.13165809381061802	1.4484993515640125
1983	02	01	0.0067748502399	0.13808043985016036	1.1994022213449138
1983	02	02	0.0048702672705	0.14129161286993153	1.2511311671311842
1983	02	03	0.0004718873351	0.13808043985016036	1.3837886648468214
1983	02	04	0.0	0.13808043985016036	1.3559639264834225
1983	02	05	0.007297745810000001	0.13808043985016036	1.2610532946763997
1983	02	06	0.18803982605	0.13808043985016036	0.8715347523623654
1983	02	07	0.29691020569000004	0.13808043985016036	0.8846655835092111
1983	02	08	0.062014439981	0.13808043985016036	0.8685687623020619
1983	02	09	0.04204638206	0.13808043985016036	0.8477623866100009
1983	02	10	0.26662193599	0.1348692668303892	0.8211086274480056
1983	02	11	5.5912243592	0.13165809381061802	0.614453841571082
1983	02	12	0.50556022648	0.1348692668303892	0.7410102933197407
1983	02	13	0.060278669837999996	0.1348692668303892	0.8135375459330643
1983	02	14	0.023414522604999998	0.13808043985016036	0.9216954713416159
1983	02	15	5.218366239199999	0.1348692668303892	0.6732904080081946
1983	02	16	0.010904050636	0.13808043985016036	0.8666222922188852
1983	02	17	2.3279186711	0.14129161286993153	0.985613942252224
1983	02	18	0.48526405584	0.14129161286993153	0.8689364004780269
1983	02	19	0.20784816185000002	0.14129161286993153	1.2274866273991702
1983	02	20	5.837958400000001	0.14771395890947386	1.2233838196269755
1983	02	21	12.465307428	0.1541363049490162	1.0406562224266709
1983	02	22	18.110688646	0.1669809970281009	0.7715098868677782
1983	02	23	3.8770886788000003	0.19588155420604142	1.0671800571538614
1983	02	24	3.284560829	0.22799328440375313	1.0722951625642305
1983	02	25	10.583519938999999	0.26010501460146485	1.0389987424602545
1983	02	26	0.7080678719000001	0.2986390908387189	1.4152963577611986
1983	02	27	0.003211637087	0.3596513782143712	1.4358713345561493
1983	02	28	0.0007105823479099999	0.35322903217482887	1.888637482025467
1983	03	01	0.0018955218244	0.3339619940562018	2.302770339336264
1983	03	02	0.0014289370515	0.3211173019771171	2.519477003361186
1983	03	03	0.0012055877136999999	0.3114837829178036	2.5018421950608176
1983	03	04	0.9236684141000001	0.3211173019771171	2.0553347005110227
1983	03	05	0.0023667802289	0.32432847499688827	2.204353626647046
1983	03	06	0.0023708199664	0.31790612895734593	2.1465914930182746
1983	03	07	0.0016524695975999998	0.32753964801665947	2.3403923191218383
1983	03	08	0.0075216749949	0.3114837829178036	2.1082279755886897
1983	03	09	0.030591958690000004	0.3082726098980324	2.2814675649269733
1983	03	10	0.0026508222520000005	0.30506143687826126	2.551743523818896
1983	03	11	0.0	0.3114837829178036	2.607013283387175
1983	03	12	0.0006018510676	0.3114837829178036	2.598641760546256
1983	03	13	0.7551917821	0.30185026385849006	1.935004048632783
1983	03	14	0.8448977794000001	0.31469495593757474	1.8740689987301333
1983	03	15	0.8133013958199999	0.30506143687826126	1.715606412317477
1983	03	16	0.0009918183721	0.3114837829178036	2.422939323021043
1983	03	17	0.0019060069423999999	0.31469495593757474	2.773134206811813
1983	03	18	0.0	0.31790612895734593	2.9932461457428916
1983	03	19	0.0023711792135	0.3211173019771171	3.224004515982759
1983	03	20	2.3638825376000003	0.30506143687826126	2.4847502202723253
1983	03	21	0.709508059	0.3339619940562018	3.0251493368236013
1983	03	22	0.07085829729	0.31790612895734593	2.8646487672598697
1983	03	23	0.0028331428575999996	0.3339619940562018	2.745590067708664
1983	03	24	2.1808272237	0.3628625512341423	1.940686028366881
1983	03	25	0.0018802757172000002	0.3628625512341423	1.9760100933749745
1983	03	26	0.0009401380791999999	0.3500178591550576	2.523586674626725
1983	03	27	1.8874586738	0.32432847499688827	2.0314954973531374
1983	03	28	1.125179124	0.3468066861352865	2.0490543628428086
1983	03	29	0.001667209869	0.3500178591550576	2.497523987493365
1983	03	30	0.00093519744439	0.32753964801665947	2.824031321140634
1983	03	31	0.9296712709999999	0.30185026385849006	2.365056887312727
1983	04	01	1.3332762881	0.30506143687826126	1.9549425558090705
1983	04	02	1.3451615543	0.31790612895734593	2.0145394010936903
1983	04	03	0.0015556992162	0.2922167447991766	2.4762304790372283
1983	04	04	0.26828657256	0.28258322573986305	2.420495515665832
1983	04	05	0.18046521621	0.24726032252238017	2.1052520732397633
1983	04	06	0.43102636920000004	0.2344156304432955	2.1268223953833005
1983	04	07	2.246657683	0.21835976534443965	2.107403879375306
1983	04	08	0.718589058	0.21835976534443965	2.4820286180847786
1983	04	09	0.0013504926842	0.19909272722581262	3.3475975398247866
1983	04	10	2.2143413271999997	0.1220245747513045	3.663718057368747
1983	04	11	0.015331253285	0.08027932549427927	2.559666547213638
1983	04	12	0.00047993057655	0.11560222871176215	3.175982745135488
1983	04	13	0.0019255351161999998	0.13165809381061802	3.53836861666827
1983	04	14	0.00047006901754	0.1348692668303892	4.219296382576456
1983	04	15	0.0020570529756999997	0.13165809381061802	4.339003543708878
1983	04	16	0.23525828541000002	0.12523574777107566	3.01278417172695
1983	04	17	8.1296442932	0.1220245747513045	2.0910535561168277
1983	04	18	3.2696090022	0.1348692668303892	2.060386818747913
1983	04	19	12.936946919	0.1348692668303892	2.087249344606585
1983	04	20	5.187397969999999	0.1669809970281009	2.2579703556804365
1983	04	21	15.144024550000001	0.20872624628512612	2.360682366248908
1983	04	22	22.804247044	0.36607372425391344	1.9067724398992494
1983	04	23	5.347747698	0.7321474485078269	2.118269658280754
1983	04	24	16.458042789	1.12391055691991	2.061074929043174
1983	04	25	4.816176702	1.072531788603571	2.091012767810582
1983	04	26	6.282492769000001	1.146388768058308	2.2713751451918887
1983	04	27	3.239595931	1.1945563633548757	2.452207043610001
1983	04	28	3.9142930894	1.1174882108803674	2.5843823287480827
1983	04	29	14.279856037	1.0853764806826558	2.550932505857318
1983	04	30	11.308322196	1.6987105274589496	2.0066541589040257
1983	05	01	1.2535222186000001	2.2767216710177602	2.3410283867366024
1983	05	02	2.6781882335000002	1.5349407034506197	2.813895970262443
1983	05	03	1.0338646218	1.3936490905806882	2.6578205882951957
1983	05	04	0.017671427719999997	1.239512785631672	3.961233423918795
1983	05	05	3.3964332658	1.1046435188012829	2.7057425724700366
1983	05	06	2.259482264	1.0372088853860881	2.9079756460863084
1983	05	07	0.10207201708	1.033997712366317	3.55729859591273
1983	05	08	0.026751684401	0.9280290027138685	3.0123239064603418
1983	05	09	0.4381583672	0.8477496772195892	2.807544652132421
1983	05	10	0.139123591588	0.7642591787055387	2.4179076274765716
1983	05	11	4.4404412962	0.7546256596462252	2.200485098239257
1983	05	12	9.713791202999998	0.9087619645952414	1.9694336991781314
1983	05	13	2.1550350026	1.9812937531988126	2.8000638350054405
1983	05	14	7.9482514209	1.4899842811738233	2.139950292880786
1983	05	15	5.665841868	2.1065295009698883	2.930065546312767
1983	05	16	11.157483637	2.273510497997989	2.490820774584818
1983	05	17	3.1864067340999997	2.552882550718081	2.5428766547769093
1983	05	18	0.25286918049	1.9202814658231604	2.8938351189089464
1983	05	19	0.051459323395	1.6409094131030684	3.364875915884474
1983	05	20	2.6332864271	1.4546613779563404	2.9323369485136066
1983	05	21	4.428326606000001	1.3808043985016036	2.6258376145760156
1983	05	22	0.0036003071532	1.4032826096400017	3.4584342012941014
1983	05	23	0.22322056255000003	1.200978709394418	3.638958436555365
1983	05	24	0.0	1.0950099997419693	4.118320688273252
1983	05	25	0.0	1.0211530202872323	4.3742951972545665
1983	05	26	0.0009401379689	0.9505072138522667	4.526383470321521
1983	05	27	0.0	0.8670167153382163	4.77675376207999
1983	05	28	0.09854346492999999	0.7899485628637081	4.040404156231153
1983	05	29	0.0168019377835	0.7771038707846234	4.34194395545288
1983	05	30	0.07181693665	0.7578368326659963	3.987990775450304
1983	05	31	10.726904424	0.7353586215275981	2.8581462089896443
1983	06	01	1.6431775947	0.7385697945473693	3.115619811715932
1983	06	02	0.0023799289815999995	0.7385697945473693	4.923782441166856
1983	06	03	0.00142006838	0.6711351611321748	5.754618671414132
1983	06	04	0.002539129163	0.5908558356378955	5.995288026126688
1983	06	05	1.8778487863	0.545899413361099	4.6480322313302915
1983	06	06	3.1259968579999997	0.5362658943017855	4.061628689855506
1983	06	07	0.05362163907999999	0.5169988561831586	4.372297597809713
1983	06	08	0.0033717181242	0.49452064504476034	4.859438562285419
1983	06	09	0.023241135417	0.4624089148470486	6.203071663350972
1983	06	10	0.05059445558	0.41745249257025224	6.309012580327241
1983	06	11	0.023766636603999997	0.32432847499688827	5.743816310598712
1983	06	12	0.045534860014	0.2761608797003207	5.996196290137432
1983	06	13	0.001663731007	0.22478211138398194	5.6295359236142115
1983	06	14	0.0014200682697	0.20230390024558378	6.1921588190461785
1983	06	15	0.00048650499702	0.17661451608741444	6.4006117175665915
1983	06	16	0.0009442916463	0.1541363049490162	7.051366184086492
1983	06	17	0.0014332166915	0.1445027858897027	5.84663403607566
1983	06	18	0.0014167807782	0.12844692079084685	6.131917400390768
1983	06	19	0.0009434251625900001	0.1220245747513045	5.523799787401361
1983	06	20	0.36172869558	0.11560222871176215	5.771203694732946
1983	06	21	0.7295968877000001	0.10917988267221983	4.853204671944816
1983	06	22	0.8836473827	0.10596870965244864	4.638930089409069
1983	06	23	4.229461221	0.09633519059313513	5.036361419705056
1983	06	24	0.59224852608	0.10275753663267748	4.333817948372601
1983	06	25	1.04839382312	0.10275753663267748	4.0858177088865375
1983	06	26	0.17278886565	0.1220245747513045	4.440843323760864
1983	06	27	0.0013921999820000002	0.11560222871176215	4.776899251902129
1983	06	28	0.0	0.10275753663267748	5.869149558596142
1983	06	29	0.00095011046765	0.09633519059313513	6.075718170436806
1983	06	30	0.037076795706000004	0.0899128445535928	5.3257739881041966
1983	07	01	0.0018901367578	0.09312401757336396	5.79392033991472
1983	07	02	0.40649538448	0.08027932549427927	5.864126063626361
1983	07	03	1.2491515811	0.07064580643496576	4.714794904031993
1983	07	04	6.0678023120999995	0.0674346334151946	4.08858330561623
1983	07	05	2.640535674	0.0674346334151946	5.183702552495338
1983	07	06	0.29110216064999994	0.08670167153382162	5.002148758087862
1983	07	07	0.010811631369	0.0770681524745081	4.746400991099187
1983	07	08	0.033494784454999996	0.05137876831633874	4.8990489832336435
1983	07	09	0.0006071507178800001	0.06422346039542343	5.752158462926301
1983	07	10	0.11881070939499999	0.06101228737565225	4.93784244485011
1983	07	11	0.021585661468000002	0.057801114355881075	5.308273555506543
1983	07	12	0.001420886806	0.054589941336109914	6.327653929696739
1983	07	13	0.0013766130478	0.0449564222767964	6.5808563045971304
1983	07	14	0.010962361834	0.041745249257025226	6.124427001820959
1983	07	15	0.007568454658799999	0.041745249257025226	5.6093624141059175
1983	07	16	0.04593371805	0.03853407623725405	4.80069036552377
1983	07	17	0.93470343275	0.03532290321748288	4.513578400692598
1983	07	18	1.6395777336	0.03853407623725405	4.275942294401354
1983	07	19	0.08819078414	0.03853407623725405	4.7193467392116855
1983	07	20	0.0047522794708	0.03853407623725405	5.218323693366535
1983	07	21	0.17122032244	0.03532290321748288	4.702406202618672
1983	07	22	0.0048806221242	0.03211173019771171	4.589066272385993
1983	07	23	0.0017487177084999999	0.02568938415816937	5.42631033440556
1983	07	24	0.14124295535	0.0224782111383982	5.120886789684878
1983	07	25	2.6555384593999998	0.019267038118627025	3.2119740252027027
1983	07	26	4.1250991112	0.028900557177940538	4.202848381871516
1983	07	27	0.18949414258	0.028900557177940538	4.627016781970293
1983	07	28	0.3406640869	0.057801114355881075	5.1102178532205444
1983	07	29	0.18636637651	0.07064580643496576	5.91705116176093
1983	07	30	0.0023771918870999996	0.05137876831633874	5.101718830914609
1983	07	31	0.13705360693	0.0449564222767964	3.954752121433138
1983	08	01	0.008079837887	0.041745249257025226	4.897383879961575
1983	08	02	0.002368967147	0.03853407623725405	5.402352179521167
1983	08	03	0.0014266430321	0.03211173019771171	5.761464612144796
1983	08	04	0.0009434251625900001	0.03211173019771171	5.987409644109222
1983	08	05	0.012958412402	0.028900557177940538	5.3725554486646
1983	08	06	2.5074179130000003	0.028900557177940538	6.293512295057434
1983	08	07	14.483598888	0.028900557177940538	4.056560518671696
1983	08	08	0.42184065138000004	0.028900557177940538	4.379130710754515
1983	08	09	0.47327155598	0.028900557177940538	3.9605873934318145
1983	08	10	0.12329662032199999	0.0224782111383982	3.5685630145936806
1983	08	11	0.08323383596	0.019267038118627025	3.716127408926754
1983	08	12	0.20137349670000002	0.019267038118627025	3.9603518164154847
1983	08	13	0.6075177301	0.019267038118627025	4.243710331111177
1983	08	14	0.0060160649941	0.02568938415816937	4.2330628002006785
1983	08	15	0.037808562305	0.02568938415816937	4.342833579626744
1983	08	16	0.070717252268	0.028900557177940538	3.730816230249693
1983	08	17	0.0	0.028900557177940538	5.117022092852252
1983	08	18	0.80312302212	0.028900557177940538	3.3171946794974745
1983	08	19	0.45709621540000006	0.02568938415816937	3.537275561605674
1983	08	20	0.001429488	0.02568938415816937	4.392085871707838
1983	08	21	0.061652493839999996	0.02568938415816937	3.997120274347077
1983	08	22	0.0021768356872999997	0.02568938415816937	4.319318089382553
1983	08	23	0.0009326399955	0.016055865098855857	4.2081582854937745
1983	08	24	0.00048650499702	0.012844692079084685	4.5374695156484
1983	08	25	0.093755512895	0.009633519059313513	3.982420556298865
1983	08	26	0.16427140038	0.009633519059313513	4.012714666496174
1983	08	27	0.096832960105	0.009633519059313513	4.212577916816254
1983	08	28	0.0055499841819	0.012844692079084685	4.284483783539746
1983	08	29	0.16959400408999997	0.012844692079084685	4.246106266993948
1983	08	30	9.330237292	0.016055865098855857	3.9590929375289794
1983	08	31	0.9194064221	0.05137876831633874	4.049753320244589
1983	09	01	0.21465044006	0.03853407623725405	3.34670898341043
1983	09	02	0.047955057099000005	0.02568938415816937	3.6830272564254245
1983	09	03	0.0035560154160999996	0.02568938415816937	4.445804167638763
1983	09	04	0.0004799305214	0.0224782111383982	5.123019519641364
1983	09	05	0.0018870743886	0.0224782111383982	5.302234961741964
1983	09	06	0.0014313538348000002	0.019267038118627025	5.208913685656703
1983	09	07	1.3021185235	0.019267038118627025	4.870034124723162
1983	09	08	0.0076252058838999996	0.019267038118627025	4.836509842744229
1983	09	09	0.003369919793	0.016055865098855857	3.938035018239144
1983	09	10	0.4177107326	0.016055865098855857	3.0113196508612963
1983	09	11	0.0014322006078999999	0.016055865098855857	3.829730597022287
1983	09	12	0.0014190097206000002	0.016055865098855857	4.279954092129174
1983	09	13	0.0004799305214	0.016055865098855857	4.4188288261877
1983	09	14	0.0028740813644000003	0.016055865098855857	4.430866014038038
1983	09	15	0.089226331278	0.016055865098855857	3.5857561824203104
1983	09	16	0.016463487197000002	0.016055865098855857	2.8417807976774485
1983	09	17	0.2873226429099999	0.016055865098855857	3.0160155614474458
1983	09	18	0.02616274086	0.009633519059313513	4.121009850678234
1983	09	19	0.0080974102212	0.006422346039542342	3.9544291294140654
1983	09	20	0.0029668851372	0.006422346039542342	4.169914607514886
1983	09	21	0.0014519846777	0.006422346039542342	4.235462027910508
1983	09	22	0.0031622108849	0.006422346039542342	4.692701080119389
1983	09	23	0.014575327677	0.006422346039542342	3.7121260976182127
1983	09	24	0.0014332166915	0.006422346039542342	3.936791544047699
1983	09	25	0.00047993057655	0.006422346039542342	4.258297400294723
1983	09	26	0.0	0.006422346039542342	3.96128033956989
1983	09	27	0.0028335625491000003	0.006422346039542342	3.753710811594062
1983	09	28	0.08634290618000001	0.006422346039542342	3.8268356764357576
1983	09	29	8.850380451000001	0.006422346039542342	2.8268643500263284
1983	09	30	0.4107081165	0.006422346039542342	2.7268241512475924
1983	10	01	0.0018880113871	0.006422346039542342	3.42259750818196
1983	10	02	0.0018868503693000001	0.006422346039542342	3.5818543750946006
1983	10	03	0.00094013803508	0.003211173019771171	3.550431580063166
1983	10	04	0.0015588943866000002	0.003211173019771171	2.9887998388946793
1983	10	05	0.49084786098000005	0.003211173019771171	2.8992588122090557
1983	10	06	0.14354678042000002	0.0	2.934208938285946
1983	10	07	0.0031056125355999995	0.0	2.6667911804745907
1983	10	08	0.0	0.0	2.9781040311910143
1983	10	09	0.003309598929	0.0	3.0438217621410417
1983	10	10	0.045103247289999995	0.0	2.2950317619277887
1983	10	11	0.0011447712718	0.0	2.738183489640702
1983	10	12	0.0	0.0	3.0832678034136443
1983	10	13	0.87901889689	0.0	1.7739595726022046
1983	10	14	0.15381857822	0.0	1.7262035478305244
1983	10	15	0.2330148165	0.0	1.909595303340112
1983	10	16	1.9063873671	0.0	1.3039064199522334
1983	10	17	0.10015358021	0.0	1.6863345238898841
1983	10	18	0.0023620063346	0.0	2.4218881017724443
1983	10	19	0.0009457474408500001	0.0	2.7976098281737896
1983	10	20	0.0009532867546900001	0.0	2.670199030297197
1983	10	21	0.0014200682697	0.0	2.5493443025038856
1983	10	22	0.0012838242758	0.0	2.352460509072108
1983	10	23	0.024964972202999997	0.0	1.784251461464377
1983	10	24	10.711201012999998	0.0	1.5905457310974456
1983	10	25	0.0014167807782	0.0	2.1319561264734137
1983	10	26	0.14728040233	0.0	2.0460722314804243
1983	10	27	4.4098177145	0.0	1.2940742713463302
1983	10	28	6.646115139100001	0.0	1.140258537631234
1983	10	29	1.6320055283000001	0.003211173019771171	1.5945887320156595
1983	10	30	0.0006378817759	0.003211173019771171	1.4271210515512314
1983	10	31	0.0	0.006422346039542342	1.6270504660180023
1983	11	01	0.0009532868318999999	0.006422346039542342	1.7178785809584742
1983	11	02	3.3188470325	0.006422346039542342	1.8695017754877796
1983	11	03	0.8276536649099999	0.006422346039542342	0.8831502837054571
1983	11	04	3.580258584	0.006422346039542342	0.77880049219695
1983	11	05	3.9944132445999996	0.006422346039542342	0.9320051771405179
1983	11	06	1.6701238847	0.009633519059313513	1.459357662830298
1983	11	07	2.888765824	0.012844692079084685	1.3596517964880215
1983	11	08	10.764747251000001	0.012844692079084685	1.041229967207974
1983	11	09	19.978245229000002	0.019267038118627025	0.720921330005513
1983	11	10	2.1734053573	0.0224782111383982	0.7473284409498367
1983	11	11	8.8191399614	0.0224782111383982	0.7789506154635365
1983	11	12	0.7229786009200001	0.019267038118627025	1.0049768356419744
1983	11	13	1.3141464076	0.016055865098855857	1.0716032964037863
1983	11	14	8.847432132	0.016055865098855857	0.7840394908471852
1983	11	15	13.626050581000001	0.016055865098855857	0.45347709500353817
1983	11	16	6.491287359999999	0.019267038118627025	0.8278427929390364
1983	11	17	0.90812156292	0.03211173019771171	1.0590173173691544
1983	11	18	1.3425095011000001	0.4110301465307099	1.0192551173160616
1983	11	19	10.730473732	0.4527753957877351	0.7124948725880622
1983	11	20	23.17395279	0.6743463341519459	0.6008776039900966
1983	11	21	5.653836816	1.6954993544391783	0.7828598865111439
1983	11	22	5.870403145	2.196442345523481	0.8372403825369321
1983	11	23	0.8875504585	2.8772110257149697	0.8902941213389812
1983	11	24	0.43205675871000004	1.5285183574110774	0.8659056307408179
1983	11	25	0.24679487125	1.1913451903351044	1.102372149221835
1983	11	26	0.11188572795	0.9922524631092918	1.1168532785765486
1983	11	27	2.053247736	0.8927060994963855	1.0117357827742328
1983	11	28	0.030226461992	0.8156379470218774	0.9312921717740084
1983	11	29	0.0018972079805	0.7546256596462252	1.316952107808859
1983	11	30	0.004640746758	0.65829046905309	1.269118958072674
1983	12	01	0.039757880969	0.6069117007367513	1.0561445897281339
1983	12	02	0.0022454165874	0.5651664514797261	1.1420004841734461
1983	12	03	0.0016937449606	0.5426882403413279	1.1404184623421811
1983	12	04	0.0009907391969	0.5105765101436162	1.1295014390062448
1983	12	05	0.0	0.468831260886591	1.104145308498954
1983	12	06	0.00096192721549	0.4367195306888793	0.8951751732070117
1983	12	07	0.0009513949663	0.41424131955048105	0.9890506381277404
1983	12	08	0.0039001446878	0.39176310841208284	0.9045800362268029
1983	12	09	1.2558812047	0.38212958935276936	0.8371352526477825
1983	12	10	0.20294111339	0.375707243313227	0.7603148276202939
1983	12	11	0.5734606197000001	0.36928489727368463	0.7678634348165295
1983	12	12	0.021851130405	0.3628625512341423	0.7415232755628887
1983	12	13	0.0032903040397	0.3564402051946	0.8357187062027146
1983	12	14	9.679462533999999	0.3468066861352865	0.6457237105200635
1983	12	15	19.407250807000004	0.34038434009574414	0.488547860786456
1983	12	16	0.86749596619	0.9023396185556991	0.5144496058869532
1983	12	17	4.1945485135	1.1206993839001387	0.436179690232204
1983	12	18	30.52252484	1.0468424044454017	0.7556535057455761
1983	12	19	4.6825038011	2.7327082398252664	0.5102557220358251
1983	12	20	24.80351396	10.789541346431134	0.8131140512074825
1983	12	21	3.332618539	12.652021697898414	0.634112783404569
1983	12	22	2.8047884778000003	5.009429910843027	0.6580428047584583
1983	12	23	0.46758831539	3.596513782143711	0.8542528261299731
1983	12	24	0.00047006901754	2.5849942809157933	1.038300268017952
1983	12	25	0.0009434251625900001	2.1322188851280575	1.0962256965527213
1983	12	26	0.0009401379689	1.785412198992771	1.1941098807805508
1983	12	27	0.0009401379689	1.5509965685494755	0.9676395055815644
1983	12	28	0.0014200682697	1.406493782659773	1.1589359820305858
1983	12	29	0.0026210934239	1.2652021697898415	1.0749822232195414
1983	12	30	0.001540393547	1.1335440759792235	0.9640787832493732
1983	12	31	0.0071052003944	1.0468424044454017	0.8918488723043094
1984	01	01	0.010347014679	0.9826189440499783	0.9263616598003493
1984	01	02	0.07593863808	0.9151843106347838	0.7928153544234144
1984	01	03	1.6159371346	0.8573831962789027	0.7472425560513047
1984	01	04	0.012532390785	0.8124267740021062	0.694997018960106
1984	01	05	0.013388221721000002	0.7546256596462252	0.699254496230763
1984	01	06	0.07692481934999999	0.7160915834089712	0.9624944029704737
1984	01	07	1.06888018405	0.6871910262310306	0.5573937744357323
1984	01	08	12.478147451	0.7771038707846234	0.7967983287667725
1984	01	09	0.0009401379689	1.1528111140978503	0.7491856398012481
1984	01	10	0.0023918336606	0.8894949264766143	0.7346773385615706
1984	01	11	0.021898778902	0.7193027564287424	0.8543570115192409
1984	01	12	0.27798944295999994	0.65829046905309	0.8031654982098662
1984	01	13	0.019820050763	0.6101228737565225	0.8681163563796994
1984	01	14	0.19103854112	0.5844334895983532	0.7661263148811814
1984	01	15	0.25057385955	0.5747999705390396	0.7835048494023774
1984	01	16	0.0014226205014000002	0.5169988561831586	1.145234344406135
1984	01	17	0.6895734627900001	0.4848871259854468	1.0958637105117053
1984	01	18	0.31104260275999995	0.5009429910843026	0.7157093168697515
1984	01	19	1.4798516418	0.5202100292029297	0.8913893114862167
1984	01	20	8.235584796	0.5940670086576666	0.7386291157191774
1984	01	21	0.8508562957	0.7096692373694288	0.7171173080757784
1984	01	22	1.0070048731799999	0.6422346039542342	1.004015600519858
1984	01	23	2.370498111	0.5715887975192684	0.8891663672919923
1984	01	24	0.9331619351	0.6133340467762937	0.8696403336445854
1984	01	25	0.031527360046	0.5266323752424721	1.028630344520231
1984	01	26	7.0999355548	0.5266323752424721	0.8266422271076957
1984	01	27	0.9856349540999999	0.6101228737565225	0.8258031609703133
1984	01	28	0.0022194048693	0.5651664514797261	0.9511194072664929
1984	01	29	2.4612806363	0.5105765101436162	0.8585505297413297
1984	01	30	3.0550477066000004	0.5555329324204126	0.9978057032215716
1984	01	31	1.0075225552	0.5330547212820144	0.8740071505276881
1984	02	01	0.9385401631	0.5330547212820144	0.9771369456430354
1984	02	02	0.6005440456900001	0.488098299005218	0.9225806892898171
1984	02	03	0.3864080338	0.45919774182727746	1.052943216698719
1984	02	04	0.0081808407	0.4495642227679639	1.157417854363755
1984	02	05	0.06745078836	0.4367195306888793	1.1657433891509037
1984	02	06	0.0014323766467	0.4206636655900234	1.2537796695972705
1984	02	07	0.0004799305214	0.40139662747139637	1.452574751123925
1984	02	08	0.016916752914	0.39176310841208284	1.2472808520150787
1984	02	09	0.0	0.3724960702934558	1.2478374865135677
1984	02	10	0.0009532867546900001	0.3564402051946	1.2753694107681872
1984	02	11	0.0	0.3435955131155153	1.4051076817052537
1984	02	12	0.0018802757172000002	0.33717316707597295	1.5098416263179788
1984	02	13	0.0009454257508999999	0.3082726098980324	1.3619003148020525
1984	02	14	0.0	0.30185026385849006	1.3527181658568277
1984	02	15	0.0009462534421	0.2922167447991766	1.4617177268572303
1984	02	16	0.0014229474306	0.2890055717794054	1.5944186300031273
1984	02	17	0.0023667802289	0.2986390908387189	1.6034478823599687
1984	02	18	0.71677388399	0.30506143687826126	1.4889102826065612
1984	02	19	1.0096662357	0.30506143687826126	1.3653191692963282
1984	02	20	0.034428034961000005	0.30185026385849006	1.4577530857754268
1984	02	21	1.9503328725	0.2986390908387189	1.173024230727739
1984	02	22	1.4393454007	0.2954279178189477	1.279979193527202
1984	02	23	3.7463290215	0.30185026385849006	1.3313938596203332
1984	02	24	0.28028835968	0.2986390908387189	1.2450582465184332
1984	02	25	0.21808322975	0.2954279178189477	1.1358164793956538
1984	02	26	0.003318459328	0.28258322573986305	1.298253463076971
1984	02	27	0.005513498817	0.2729497066805495	1.4469885850126756
1984	02	28	0.43760471635000003	0.2568938415816937	1.2859166647833886
1984	02	29	2.8186796598000003	0.2504714955421513	1.3631041255696659
1984	03	01	0.006553869374000001	0.2536826685619225	1.4818518271207037
1984	03	02	0.0018868504796000002	0.2536826685619225	1.8688789962962418
1984	03	03	0.0014167808885	0.2665273606410072	2.0729928736733942
1984	03	04	0.00094342529495	0.24726032252238017	1.8039293861288603
1984	03	05	0.0	0.2312044574235243	1.9899528338816228
1984	03	06	0.0014233559817999999	0.21514859232466846	2.291223949209166
1984	03	07	0.0014134932867000002	0.2119374193048973	2.443285898581778
1984	03	08	0.00048650499702	0.2119374193048973	2.4785747983653765
1984	03	09	0.0009532868318999999	0.20872624628512612	1.8163654341571225
1984	03	10	0.0033136649179	0.20551507326535495	1.6838388672639744
1984	03	11	0.00049059815281	0.19588155420604142	1.766972752734579
1984	03	12	0.09148816955	0.1862480351467279	2.0161833482719858
1984	03	13	4.643094603800001	0.18303686212695672	1.381959593697796
1984	03	14	5.161404672	0.19267038118627025	1.5875400188037117
1984	03	15	5.5531224375	0.2312044574235243	1.224473158114338
1984	03	16	10.703182202999999	0.2665273606410072	1.1196392780853217
1984	03	17	0.7442156526200001	0.31469495593757474	1.7449479877045586
1984	03	18	0.8562782025	0.3339619940562018	1.9021048862559677
1984	03	19	4.0592828806000005	0.3211173019771171	1.7901671344858783
1984	03	20	5.1675819132	0.31469495593757474	1.5867408091858213
1984	03	21	4.4200912771	0.3435955131155153	1.9940989958324657
1984	03	22	1.6768602366000003	0.3564402051946	1.9105317054061948
1984	03	23	2.1780917837	0.3853407623725405	2.07288416760966
1984	03	24	11.026497975000002	0.4527753957877351	1.7188772430599235
1984	03	25	7.100440067	0.6261787388553783	1.270565833287247
1984	03	26	1.1656271267	0.7610480056857676	1.720023858758075
1984	03	27	8.1434000268	0.7289362754880558	1.8095567333515616
1984	03	28	17.474083372000003	1.1303329029594522	1.5376725364788786
1984	03	29	1.7770817947000002	1.724399911617119	1.729134978218054
1984	03	30	1.3209701171000001	1.355115014343434	1.779368943874628
1984	03	31	18.797649179	1.4899842811738233	1.4773170975393708
1984	04	01	1.6431723003	2.54967137769831	1.8714721168142172
1984	04	02	0.64023165122	1.987716099238355	1.753261276835188
1984	04	03	1.8246803258000002	1.8367909673091098	1.2856604891566055
1984	04	04	0.3606529838	1.7500892957752883	2.2382929450292215
1984	04	05	0.07891846979	1.5895306447867297	2.4524363381807643
1984	04	06	0.0012434999194	1.4931954541935948	3.4648304499408704
1984	04	07	0.001413493397	1.4386055128574848	3.784600627029505
1984	04	08	0.0014245508617	1.3711708794422899	4.031761287895226
1984	04	09	4.3300408129	1.31658093810618	3.6795478325485926
1984	04	10	1.6640170149	1.2908915539480106	2.7471430060368784
1984	04	11	2.9607040355	1.2876803809282396	3.519877045535447
1984	04	12	4.2370011084	1.3101585920666379	3.221084653116178
1984	04	13	5.7012804859	1.274835688849155	3.255569357579334
1984	04	14	5.003833401	1.313369765086409	2.0414542176003354
1984	04	15	0.6865103987000001	1.3390591492445783	2.5772146242035094
1984	04	16	0.040223748461000006	1.31658093810618	2.929200476204694
1984	04	17	0.0018954034725	1.2684133428096125	3.355259608319424
1984	04	18	0.0028351015650000004	1.220245747513045	4.193407769928475
1984	04	19	0.0018868504796000002	1.165655806176935	3.987493309635164
1984	04	20	0.0014200682697	1.1174882108803674	4.557187065548611
1984	04	21	0.00047006901754	1.0757429616233423	4.091890692445034
1984	04	22	1.5013512075	1.0468424044454017	3.4443096305457463
1984	04	23	7.482007144100001	1.0050971551883765	3.119478378548556
1984	04	24	7.5626397531	1.0693206155838	3.3964225041977376
1984	04	25	1.2740197088	1.2876803809282396	3.8004508898173066
1984	04	26	1.3079812994	1.1977675363746467	3.8429817861572086
1984	04	27	5.4100610212	1.1206993839001387	3.7244538109748566
1984	04	28	6.771728970499999	1.1528111140978503	2.8966054696784265
1984	04	29	7.137804192000001	1.544574222509933	3.2193494794051767
1984	04	30	0.7753218630000001	1.9234926388429314	3.2102273824453103
1984	05	01	8.574531181000001	1.7404557767159747	2.0968226313604
1984	05	02	8.5079813451	1.8913809086452198	2.2842832376242197
1984	05	03	0.33390063429000005	2.7262858937857244	3.053230008351465
1984	05	04	0.38708709575	2.180386480424625	2.7485178865785906
1984	05	05	1.7511504853	1.8367909673091098	1.8794525780544966
1984	05	06	0.11587676799999999	1.8078904101311692	2.928089716617413
1984	05	07	0.018927528532	2.0069831373569818	3.6151014173801514
1984	05	08	1.1355114765	1.666598797261238	3.4020964966108136
1984	05	09	0.025689981824	1.4899842811738233	3.456203834040232
1984	05	10	0.0014233555406	1.3775932254818324	3.7066896452577915
1984	05	11	0.0014392778971	1.258779823750299	3.7538177374717745
1984	05	12	0.0014233555406	1.1913451903351044	3.7399616879577224
1984	05	13	16.452098722	1.1367552489989945	2.9848635625240054
1984	05	14	9.77220498	1.181711671275791	2.9240487590404163
1984	05	15	0.34319050840000004	1.351903841323663	3.173747821404752
1984	05	16	1.6199403628	1.3069474190468666	2.5861066924192997
1984	05	17	17.462052951	1.2716245158293837	2.137336056605496
1984	05	18	2.3816134831999998	1.4032826096400017	2.5126160331475402
1984	05	19	2.5636695894000003	1.573474779687874	2.9060720543857306
1984	05	20	7.838664730999999	1.4578725509761117	2.4038836587036796
1984	05	21	6.3484295575	1.7533004687950593	2.3859170414215947
1984	05	22	3.7319670791	2.6042613190344195	2.9469366818767293
1984	05	23	2.1722731278	2.5336155125994537	2.6068353299362337
1984	05	24	2.3139663829	2.0808401168117188	2.6974634235889767
1984	05	25	0.011828813557	1.8335797942893386	3.8328381866233068
1984	05	26	1.3948625137	1.637698240083297	2.7143682847153774
1984	05	27	0.00202337629	1.5317295304308483	4.084618896354304
1984	05	28	1.4068000620999999	1.4129161286993155	3.647256448753683
1984	05	29	3.120925264	1.3262144571654937	3.0161036309254707
1984	05	30	0.00047993057655	1.2330904395921296	4.557099469096571
1984	05	31	0.46788338994999995	1.1560222871176216	3.925961385120188
1984	06	01	0.8480574332000002	1.1174882108803674	2.742912420279296
1984	06	02	10.700143438	1.12391055691991	2.425692367963511
1984	06	03	8.750899777999999	1.2106122284537315	2.6799330038505063
1984	06	04	5.716814586399999	1.428971993798171	2.5080015128239688
1984	06	05	0.0029072335736	1.7757786799334576	3.4804010457515417
1984	06	06	0.7924525229099999	1.560630087608789	3.3401102574558084
1984	06	07	0.28926332729	1.313369765086409	3.422477033960852
1984	06	08	0.053335131521	1.1592334601373928	4.529432350193824
1984	06	09	0.0042425603387	1.0596870965244864	4.88522381895541
1984	06	10	0.0084511735361	0.976196598010436	5.427535263944861
1984	06	11	0.0006045421670000001	0.8734390613777586	5.836371669415704
1984	06	12	0.0004799305214	0.7417809675671405	5.974086277400245
1984	06	13	0.0004799305214	0.6550792960333189	5.992343381942835
1984	06	14	0.0023818892332	0.5715887975192684	6.216101420398531
1984	06	15	0.0014147652663	0.488098299005218	6.326249904033775
1984	06	16	1.1713010689999999	0.43350835766910817	5.1625456977557755
1984	06	17	3.3736838907999998	0.36928489727368463	4.639683884050584
1984	06	18	6.039333109999999	0.3596513782143712	4.36987064565553
1984	06	19	4.707236149500001	0.3500178591550576	4.297981024789039
1984	06	20	6.4785981171	0.6839798532112594	4.311996130277173
1984	06	21	0.3813044528	1.560630087608789	4.192288513898318
1984	06	22	0.29404967446	0.9697742519708936	5.094825501453768
1984	06	23	0.0019075986817000002	0.6647128150926324	5.371129941244211
1984	06	24	0.17060417561	0.4848871259854468	5.83258523638796
1984	06	25	1.853738199	0.2922167447991766	5.887774027096201
1984	06	26	12.76271373	0.35322903217482887	4.0413516719177744
1984	06	27	0.11191797967	0.36928489727368463	5.128519537758163
1984	06	28	0.9271555485999999	0.3307508210364306	4.571830669342204
1984	06	29	1.9982121171000002	0.2986390908387189	4.577509580307592
1984	06	30	0.21883389846	0.26331618762123604	4.822205213255096
1984	07	01	0.43076448391000005	0.24726032252238017	3.87602952616386
1984	07	02	0.0016448929803000003	0.22478211138398194	5.359840865821941
1984	07	03	0.0019445666091	0.19909272722581262	6.090036358927781
1984	07	04	0.0047481003141	0.17661451608741444	6.080512204908593
1984	07	05	0.00048650506319999995	0.1445027858897027	6.46428901591977
1984	07	06	0.09195155088	0.1348692668303892	5.867573502297901
1984	07	07	0.017793389739000003	0.12523574777107566	5.6363442965827275
1984	07	08	0.0028451671018	0.11239105569199097	5.631649846465703
1984	07	09	0.0007184796404	0.10596870965244864	5.602874244455139
1984	07	10	0.876723962	0.09954636361290631	4.266709473081293
1984	07	11	0.92840541305	0.09312401757336396	3.9823542749318888
1984	07	12	0.0016580074297	0.08670167153382162	5.379543008124805
1984	07	13	0.0018154268176	0.08027932549427927	6.482023490316794
1984	07	14	0.0009532868870499999	0.08027932549427927	6.335319007920212
1984	07	15	0.0	0.07385697945473693	6.4792983991397595
1984	07	16	0.0028401372011999998	0.0674346334151946	6.45889713110866
1984	07	17	0.0	0.06101228737565225	6.592314831787271
1984	07	18	0.00048650499702	0.05137876831633874	5.774654205353189
1984	07	19	0.0025277005387999998	0.0449564222767964	6.175718067978282
1984	07	20	0.0029183008550000005	0.0449564222767964	5.658210095903562
1984	07	21	0.0018868504796000002	0.041745249257025226	6.1697582229593095
1984	07	22	0.0014360407024	0.041745249257025226	6.308082045317004
1984	07	23	0.0014218046123	0.03853407623725405	6.285457678611149
1984	07	24	0.0009557460807	0.03532290321748288	5.5085298981308295
1984	07	25	0.0011103220449000001	0.019267038118627025	5.3143951411146215
1984	07	26	0.0	0.009633519059313513	6.1308519131333075
1984	07	27	0.0009490804310999999	0.016055865098855857	6.39135354446625
1984	07	28	0.00048650499702	0.0224782111383982	7.159724983031861
1984	07	29	0.25162583477	0.0224782111383982	6.622713269180362
1984	07	30	5.85421662	0.0224782111383982	5.348969296941863
1984	07	31	0.15071277288	0.0224782111383982	4.360355418680402
1984	08	01	0.0023741266501	0.0224782111383982	5.801904724203849
1984	08	02	0.001893424139	0.019267038118627025	5.773212719842763
1984	08	03	0.0031802834296	0.016055865098855857	4.603855851929448
1984	08	04	0.0028412049052000004	0.012844692079084685	4.576114754797983
1984	08	05	0.00094371549425	0.016055865098855857	5.294144486753929
1984	08	06	0.00047993057655	0.012844692079084685	5.675940446087645
1984	08	07	0.0	0.009633519059313513	6.020102702912776
1984	08	08	0.0	0.009633519059313513	5.155005785117389
1984	08	09	0.0009467126210000001	0.006422346039542342	4.83605494524978
1984	08	10	0.0	0.003211173019771171	4.89343576328726
1984	08	11	0.0005021484379099999	0.003211173019771171	5.343240028816055
1984	08	12	0.0006322527257	0.003211173019771171	5.465167893189541
1984	08	13	0.33525451164	0.0	5.331047748791896
1984	08	14	0.0009401379689	0.0	5.498642002865556
1984	08	15	0.004744749731	0.0	5.350621680902678
1984	08	16	0.010626611943	0.0	4.824605956230837
1984	08	17	0.0009401379689	0.0	5.440887337762686
1984	08	18	0.0009532867546900001	0.0	5.330899330746272
1984	08	19	0.014545895225000001	0.0	5.317445917917635
1984	08	20	0.077080128368	0.0	5.069566328536546
1984	08	21	1.5412468278	0.0	3.4128705693957744
1984	08	22	9.473791639	0.0	2.379118136030474
1984	08	23	0.37205612870000004	0.0	3.039235682551553
1984	08	24	0.20187638749	0.0	3.543048770077116
1984	08	25	0.014781234614000001	0.0	4.481123562766009
1984	08	26	0.0002623337698	0.0	4.860368228696596
1984	08	27	0.0016072558628	0.0	4.49988366999364
1984	08	28	0.0009467125106999999	0.0	4.506412168770715
1984	08	29	0.0	0.0	4.961483663623878
1984	08	30	0.00047006901754	0.0	5.271095919861866
1984	08	31	0.0009401380791999999	0.0	5.659505739121997
1984	09	01	0.00048650499702	0.0	4.9515302118384446
1984	09	02	0.001496078316	0.0	4.309185281281251
1984	09	03	0.0033022547137999997	0.0	4.568448870624039
1984	09	04	0.0026573987792	0.0	4.195181084351659
1984	09	05	0.0025420116329	0.0	3.599353500410196
1984	09	06	0.00047993057655	0.0	3.9462849094889454
1984	09	07	0.007133215712000001	0.0	4.316205762711505
1984	09	08	0.006402513508	0.0	4.396699426971351
1984	09	09	0.00047006901754	0.0	4.292260018397119
1984	09	10	0.0014205716788999998	0.0	3.9090888153185555
1984	09	11	0.00048650499702	0.0	4.238318627276732
1984	09	12	0.0018910145252000001	0.0	4.487829295741437
1984	09	13	0.0014332169120999999	0.0	4.286030200438801
1984	09	14	0.0023667802289	0.0	4.255577631965615
1984	09	15	0.0013941894631	0.0	4.034808567494888
1984	09	16	0.001893424139	0.0	3.7776485230279913
1984	09	17	0.00047993057655	0.0	4.2732785549238566
1984	09	18	0.00047993057655	0.0	3.2581934812357716
1984	09	19	0.00048650506319999995	0.0	3.5394315683180837
1984	09	20	0.0004716950822	0.0	3.8532205745088177
1984	09	21	0.0011466281722999998	0.0	3.5032066118693055
1984	09	22	0.00047993057655	0.0	3.8094553306570704
1984	09	23	0.9949342368	0.0	2.4834001910649333
1984	09	24	0.05977721074199999	0.0	2.5111459794645916
1984	09	25	0.0009467124004	0.0	3.2828408954444686
1984	09	26	0.0009480279484999999	0.0	3.5296934989035873
1984	09	27	0.0009462767154	0.0	3.1332094131252406
1984	09	28	9.822432291000002	0.0	1.9572176916852655
1984	09	29	0.22604305131	0.0	1.9556383252204534
1984	09	30	0.008314198473800001	0.0	2.738000761509544
1984	10	01	1.4317446277	0.0	1.9179220493526512
1984	10	02	6.7525708532	0.0	1.665735320252476
1984	10	03	1.9055344172	0.0	1.6866533616747699
1984	10	04	15.248336363	0.0	1.6437055441173485
1984	10	05	0.27165757219	0.0	1.627037693071406
1984	10	06	0.0006224095537	0.0	2.034010946722646
1984	10	07	0.001412650705	0.0	2.2385937738537747
1984	10	08	0.00047993063170000003	0.0	2.631778385769304
1984	10	09	0.00047006901754	0.0	2.924413726001558
1984	10	10	0.0019065728917000001	0.0	2.7294321890212436
1984	10	11	0.0	0.0	2.849971704652706
1984	10	12	0.0076175631969	0.0	2.8357635261143175
1984	10	13	0.0028391510088999995	0.0	2.830639354015495
1984	10	14	0.0014312395639999999	0.0	2.9125984156189504
1984	10	15	0.0014278216978999999	0.0	2.76005469822159
1984	10	16	0.0028368489376	0.0	2.3669262709332184
1984	10	17	0.0004799305214	0.0	2.371601347820266
1984	10	18	9.740380121	0.0	1.8125824927605476
1984	10	19	25.755897104000002	0.0	1.304510901885899
1984	10	20	0.2521492193	0.0	1.6663960726133877
1984	10	21	0.0018967116305	0.0	2.0253044198330024
1984	10	22	0.00047006901754	0.0	2.1686540307368714
1984	10	23	0.00047993057655	0.0	2.3025202643578657
1984	10	24	0.0011942927731	0.0	2.14977320864861
1984	10	25	1.0300909279000001	0.0	1.2207609668560506
1984	10	26	6.06844128	0.0	0.9894849093925474
1984	10	27	0.20387136153000002	0.0	1.6083055459829687
1984	10	28	0.0066072085789	0.0	2.1040518437987137
1984	10	29	9.2139286995e-05	0.0	2.134858624015806
1984	10	30	0.0036652010552000003	0.0	1.9858799808975875
1984	10	31	0.08378640587	0.0	1.5234387608540365
1984	11	01	2.8217161085000004	0.0	0.886210492681524
1984	11	02	8.013021897200002	0.0	1.2764896420979517
1984	11	03	0.38269542404	0.0	1.3205156093118728
1984	11	04	14.098633136999998	0.0	0.887415389464038
1984	11	05	0.7496585826	0.0	1.2067197385304766
1984	11	06	11.003764042	0.0	0.9236701541443831
1984	11	07	27.937852807	0.0	0.5328285936224504
1984	11	08	5.937828432	0.0	0.8599948267138161
1984	11	09	4.745859349	0.0	0.8687700664352834
1984	11	10	0.007379347294200001	0.07064580643496576	1.1936727400233904
1984	11	11	0.00047006901754	0.09312401757336396	1.402076128550305
1984	11	12	25.933048831	0.0899128445535928	1.135625895758033
1984	11	13	2.3063956114999997	0.4527753957877351	0.8444194805210593
1984	11	14	3.4800963673	0.7449921405869117	0.9347371061571214
1984	11	15	13.352431576999999	0.6550792960333189	0.9022096035100385
1984	11	16	9.675998010999999	0.8156379470218774	1.2113622716719104
1984	11	17	0.25679294857	1.0628982695442577	1.1275990979046484
1984	11	18	11.629591903	0.9023396185556991	0.6426941649227896
1984	11	19	6.750736123	1.6601764512216954	0.735498219105892
1984	11	20	0.49155864521000003	1.4899842811738233	0.9274549744416831
1984	11	21	0.23397448164999998	1.1303329029594522	0.7995942269296542
1984	11	22	0.7098170092999999	0.9858301170697495	0.784156562215708
1984	11	23	0.43584173630000006	0.8188491200416484	0.6803472516161123
1984	11	24	0.36595122224	0.6647128150926324	0.7005998273982178
1984	11	25	0.8165850157899999	0.5876446626181243	0.8665070651840538
1984	11	26	0.063208787132	0.5266323752424721	1.0750667929654445
1984	11	27	0.0023700676100999996	0.4656200878668198	1.248508326393378
1984	11	28	0.0018970226765	0.41424131955048105	1.2910778172666946
1984	11	29	6.7675910660000005	0.3885519353923117	0.9314941902892582
1984	11	30	33.788422909000005	0.4367195306888793	0.7668207186754865
1984	12	01	4.3052079812	1.31658093810618	0.5754223811427929
1984	12	02	4.9191111989000005	1.1495999410780793	0.5905941543114257
1984	12	03	0.68598642958	1.088587653702427	0.8747320269313336
1984	12	04	0.09865369875	1.3262144571654937	0.8012386848470768
1984	12	05	1.6993721357	1.0950099997419693	0.8734407782414081
1984	12	06	15.411502050000001	1.2106122284537315	0.4355383355420009
1984	12	07	0.026041321517	1.595952990826272	0.9284668582397564
1984	12	08	0.026597982454000003	1.2266680935525873	0.9306820133153494
1984	12	09	0.0020407148985	1.0115195012279188	0.9653390470541467
1984	12	10	0.006402671237	0.8573831962789027	0.9970383221828744
1984	12	11	0.0	0.7417809675671405	1.0885796145723974
1984	12	12	7.9698197035	0.6904021992508018	0.8295590082140459
1984	12	13	2.7060053419999996	0.8092156009823351	0.7734483790673506
1984	12	14	0.010515264093	0.8734390613777586	0.7403668443494615
1984	12	15	1.0048817526	0.7803150438043945	0.8784629099206689
1984	12	16	0.45400918312000005	0.7385697945473693	0.9532744253321209
1984	12	17	0.14771459828	0.6871910262310306	0.8833197811844649
1984	12	18	0.45832306024	0.5972781816774378	0.8213924439896169
1984	12	19	0.0004799305214	0.5362658943017855	0.8655795060671422
1984	12	20	0.09568324695199999	0.48167595296567567	0.9121352395691096
1984	12	21	0.22725977061000002	0.44635304974819273	0.9003403022625209
1984	12	22	0.009367745910000001	0.4206636655900234	0.874140046080966
1984	12	23	0.018547818576	0.4078189735109387	0.8605465240266419
1984	12	24	0.044422931229	0.39497428143185404	0.746831317051028
1984	12	25	0.0027252586482	0.3628625512341423	0.7567626476962833
1984	12	26	0.8696452389	0.3307508210364306	0.6587270084287765
1984	12	27	0.40806080619999996	0.32753964801665947	0.6468937575972072
1984	12	28	2.3795482260000003	0.3339619940562018	0.6705903954952869
1984	12	29	0.0006699509494	0.34038434009574414	0.7420586913958439
1984	12	30	0.0009532868318999999	0.32753964801665947	0.7594357401411052
1984	12	31	0.0009494239052999999	0.3082726098980324	0.8354706880305621
1985	01	01	0.0010293556681	0.30185026385849006	0.8845513480898048
1985	01	02	0.008616794832	0.28258322573986305	0.8946968492213684
1985	01	03	0.022853894177	0.2761608797003207	0.8783462129492023
1985	01	04	13.836971756	0.2697385336607784	0.6620769397700305
1985	01	05	5.759198685	0.2697385336607784	0.6397308112714615
1985	01	06	0.3368730759	0.3114837829178036	0.6350729562798343
1985	01	07	0.0009434251625900001	0.2954279178189477	0.6139281700778703
1985	01	08	0.00047993057655	0.2568938415816937	0.6354460750945325
1985	01	09	0.0023733551016	0.22478211138398194	0.6337085539899598
1985	01	10	0.001413493397	0.19909272722581262	0.7182489964574857
1985	01	11	0.00021773513398000002	0.1862480351467279	0.7329991529887768
1985	01	12	0.007498030756	0.17661451608741444	0.636997584637349
1985	01	13	0.0009532805448	0.1669809970281009	0.6822666757556628
1985	01	14	0.010596668802	0.1541363049490162	0.6786441311551688
1985	01	15	0.0015912905995999998	0.14129161286993153	0.5596287912791138
1985	01	16	7.0169402095	0.14129161286993153	0.5884950508420569
1985	01	17	22.573873360999997	0.17661451608741444	0.8150480213561653
1985	01	18	2.6634294317	0.5523217594006414	0.8016041231414905
1985	01	19	6.027224376	0.5780111435588108	0.8155767467770533
1985	01	20	17.947836211000002	0.8670167153382163	0.746578281671655
1985	01	21	19.736446672	2.2606658059189044	0.5822246986875904
1985	01	22	12.590288358	3.121260175217578	0.8012902159239919
1985	01	23	2.6134144482	2.19323117250371	0.8481693622738254
1985	01	24	0.0585878304	1.689077008399636	0.9857952189621974
1985	01	25	15.489895569	1.7115552195380341	0.8492676217750436
1985	01	26	1.7255552600000001	4.142413195504811	0.8085629582029447
1985	01	27	0.026405014810000002	2.173964134385083	1.0731816795128437
1985	01	28	0.38741357272000004	1.7083440465182629	0.8526723253551498
1985	01	29	0.20126577772	1.5156736653319927	0.8936461502374947
1985	01	30	0.00039864597322	1.2941027269677818	1.3995959500708963
1985	01	31	0.009945548048	1.1174882108803674	1.2765074137251111
1985	02	01	0.004959016305	0.9890412900895207	1.3405217581024564
1985	02	02	0.0035346778810999998	0.9055507915754702	1.4196338014220442
1985	02	03	0.0038976135234	0.8284826391009621	1.4859799450870492
1985	02	04	3.3606474235	0.7674703517253099	1.5724487149390867
1985	02	05	0.47209615505999997	0.7546256596462252	1.0114575677175972
1985	02	06	4.2371421820999995	0.7385697945473693	1.0267194421744734
1985	02	07	34.004675986	0.8959172725161567	0.8196220800876641
1985	02	08	22.790483809999998	2.5785719348762504	0.8358756471470544
1985	02	09	10.066659654	4.431418767284216	1.1001485700222342
1985	02	10	9.282188406	5.202100292029297	1.0353507082401916
1985	02	11	9.792302743	8.349049851405045	1.0184903394901945
1985	02	12	14.828060273	5.619552784599549	1.1519332972202496
1985	02	13	6.5389421441	4.399307037086504	1.1116959278197318
1985	02	14	4.1481078015	2.992813254426731	1.0083468223322194
1985	02	15	20.491626652	3.3717316707597296	0.7959074531784083
1985	02	16	6.950336106	8.798614074173008	0.9171502698048277
1985	02	17	6.772525888	9.729854249906648	0.9961454439612034
1985	02	18	0.94119217218	4.816759529656757	1.3553897019466932
1985	02	19	0.09184846449999999	3.1726389435339173	1.4890155811931658
1985	02	20	0.16359114719	2.4437026680458613	1.3885467666048859
1985	02	21	0.72216615318	2.0551507326535496	1.1843234089977683
1985	02	22	0.0009640143893	1.7436669497357458	1.559961182623053
1985	02	23	0.0014192326368999998	1.5285183574110774	1.8028220692047598
1985	02	24	0.006447404505	1.3743820524620611	1.668883500189674
1985	02	25	0.25023618713	1.239512785631672	1.5654243525775098
1985	02	26	1.3215466552000001	1.165655806176935	1.4225768418799143
1985	02	27	7.2969266119	1.3037362460270951	1.0401213262493834
1985	02	28	14.078538683	1.3358479762248072	1.0974483829810442
1985	03	01	0.25491782651	2.0390948675546934	1.2410700127659842
1985	03	02	0.3029263758	1.4386055128574848	1.3794489488314858
1985	03	03	3.6392995268	1.239512785631672	1.3266479663999156
1985	03	04	2.0882795675000003	1.297313899987553	1.2404374702831584
1985	03	05	0.37504268871	1.146388768058308	1.5091712338782204
1985	03	06	0.001986552635	1.0404200584058594	1.8710783808076414
1985	03	07	0.07929407438	0.9890412900895207	1.694551228860678
1985	03	08	0.0024583007714999994	1.0083083282081478	1.779988779887065
1985	03	09	0.0028401375321	0.9280290027138685	2.1305848029267582
1985	03	10	0.00093356371388	0.8766502343975296	2.122323706482625
1985	03	11	0.0004799305214	0.8027932549427927	2.1750699426780433
1985	03	12	0.0004717125096	0.7321474485078269	1.9915682604989888
1985	03	13	0.00047006901754	0.677557507171717	1.7426894728160358
1985	03	14	0.0014253178879	0.6615016420728612	2.0966735670417362
1985	03	15	0.6061987627	0.6550792960333189	1.9758194598905081
1985	03	16	0.0031412562012	0.6454457769740053	2.0191383887934333
1985	03	17	0.0023602063489	0.6293899118751495	1.9492982156150107
1985	03	18	0.19308769452	0.6133340467762937	2.18952776353879
1985	03	19	6.122607404	0.6358122579146919	1.5114554433434668
1985	03	20	0.39065114244	0.7000357183101152	1.5492252952765864
1985	03	21	0.7542894178	0.693613372270573	1.5113764100714453
1985	03	22	1.4807932729000002	0.7128804103892	1.756500058969794
1985	03	23	0.010046175841	0.6904021992508018	1.9165314996111966
1985	03	24	0.5990840376800001	0.677557507171717	2.220003595354737
1985	03	25	1.6443514073	0.7064580643496577	1.8601641636747002
1985	03	26	0.7039351515000001	0.7610480056857676	1.8922733457670398
1985	03	27	0.94852600815	0.7064580643496577	1.8294111080978284
1985	03	28	0.0016230179534	0.6839798532112594	2.267225523362125
1985	03	29	0.0009467126210000001	0.6454457769740053	2.4262433990669856
1985	03	30	0.51843208206	0.6293899118751495	2.7468530343067274
1985	03	31	0.38336614731	0.6261787388553783	2.257612926705321
1985	04	01	0.00020667645598	0.6968245452903441	3.0094584556153
1985	04	02	0.0018861331987	0.6711351611321748	3.675804390970412
1985	04	03	0.0	0.6550792960333189	3.516056964926374
1985	04	04	10.564386198	0.7032468913298865	1.9913684844314883
1985	04	05	9.151630708	0.995463636129063	1.5223050310872797
1985	04	06	0.9900135332000001	1.2106122284537315	2.0018470460712234
1985	04	07	16.238324086	1.220245747513045	1.8707612537423783
1985	04	08	11.793987435	1.9010144277045333	2.1371021565052843
1985	04	09	2.9832988802	2.723074720765953	2.055015189117608
1985	04	10	1.5323868699999998	2.173964134385083	2.239472442474079
1985	04	11	0.005078157953	1.8143127561707117	3.0567141531206676
1985	04	12	0.0038698256444	1.592741817806501	3.2833439273523917
1985	04	13	0.019994750521	1.4642948970156537	3.05136771103095
1985	04	14	0.0009478166137	1.3679597064225189	3.1953934060169744
1985	04	15	0.0	1.239512785631672	3.7305718034977966
1985	04	16	0.0	1.1528111140978503	4.0815396477207875
1985	04	17	0.0018981271104000002	1.088587653702427	4.454832672735301
1985	04	18	1.3154231301000001	1.033997712366317	3.7557226534121226
1985	04	19	0.9786602439	1.0018859821686052	4.276490688416559
1985	04	20	13.762600877999999	0.9858301170697495	2.1200466682939436
1985	04	21	16.099191666	1.1335440759792235	1.5511697248047096
1985	04	22	2.7213716762	1.9106479467638469	2.2189238662679416
1985	04	23	3.4369997306999998	1.724399911617119	2.9855022649501395
1985	04	24	7.8148756682	1.4899842811738233	2.4117168744926794
1985	04	25	3.7468780948999996	1.6087976829053567	3.083159551492475
1985	04	26	0.9878219825	1.3583261873632055	3.4661827198109583
1985	04	27	0.56208143196	1.165655806176935	3.6114025988914324
1985	04	28	0.021677656079999996	1.0596870965244864	3.762200321859971
1985	04	29	0.0033029310734	0.9665630789511224	4.207564855219446
1985	04	30	0.004814849792999999	0.8670167153382163	4.488387037318666
1985	05	01	2.3024226055	0.8156379470218774	4.679670997979809
1985	05	02	16.344260618	0.8124267740021062	3.898215685439245
1985	05	03	1.586678736	2.954279178189477	3.1950830895492346
1985	05	04	0.06345176259	1.6762323163205513	2.855345480298415
1985	05	05	3.5551373178000003	1.2074010554339603	2.406845998101076
1985	05	06	1.4375555626	1.0468424044454017	2.3797041304534137
1985	05	07	0.10516053840999999	0.995463636129063	3.0317395303465062
1985	05	08	0.0014196052303	0.879861407417301	3.70868229839307
1985	05	09	0.012252701971999999	0.7738926977648523	3.7827932558491337
1985	05	10	0.0033207042639	0.6807686801914883	3.176430211953066
1985	05	11	0.0015266661604999999	0.619756392815836	3.312902502128138
1985	05	12	0.08934319854	0.5812223165785819	3.6542015225122135
1985	05	13	1.2045593867999997	0.5266323752424721	3.0499346273171426
1985	05	14	0.42092998149	0.48167595296567567	2.925766297901816
1985	05	15	5.7835567855	0.4848871259854468	2.198904942626185
1985	05	16	0.06158114077	0.5009429910843026	3.173293278970154
1985	05	17	0.0005692237761000001	0.5105765101436162	4.320078298127903
1985	05	18	0.10489906122999999	0.4399307037086505	4.151991579819111
1985	05	19	0.45046751630000004	0.3885519353923117	3.9567243471013414
1985	05	20	0.041504632580000006	0.3564402051946	3.817525416210925
1985	05	21	0.0019048386448000001	0.31790612895734593	4.273629444675323
1985	05	22	0.015243141233	0.27937205272009186	4.36812331523139
1985	05	23	0.102512923682	0.23762680346306667	3.661333954509551
1985	05	24	0.12250445234	0.21514859232466846	4.365589554282336
1985	05	25	0.017588920011	0.19909272722581262	4.3425569370640416
1985	05	26	8.4454021989	0.14129161286993153	2.8952152298479286
1985	05	27	3.1042647799	0.48167595296567567	2.7794262143302255
1985	05	28	0.005633663607799999	0.5298435482622432	4.623648841410979
1985	05	29	4.1642459048000005	0.36928489727368463	4.354102681823132
1985	05	30	17.725453763	0.4527753957877351	3.3864493309933086
1985	05	31	17.20606099	3.095570791059409	2.6053154859853476
1985	06	01	2.5762205161000002	3.5001785915505765	3.880906187211438
1985	06	02	4.696801218	2.0037719643372105	3.450740932631389
1985	06	03	2.1837519385	1.5253071843913062	3.2814070409149343
1985	06	04	0.0078374609168	1.1752893252362486	3.937535695845755
1985	06	05	3.8546709758999995	1.0018859821686052	3.2461054617782
1985	06	06	1.3605927449	1.01473067424769	3.334492063639969
1985	06	07	0.094329558215	0.9697742519708936	3.731136948553049
1985	06	08	0.001232743684	0.8188491200416484	4.101074529668061
1985	06	09	0.00048650499702	0.693613372270573	5.141097662206919
1985	06	10	0.00047006901754	0.6069117007367513	5.427568926712621
1985	06	11	2.1668661115e-05	0.5266323752424721	5.631227881922891
1985	06	12	0.0028480935813999997	0.4527753957877351	5.561088962688345
1985	06	13	0.0018982017835	0.39176310841208284	4.813060512489271
1985	06	14	0.055558567745	0.35322903217482887	4.4926130697589395
1985	06	15	1.1747797104000002	0.32753964801665947	4.155660288953788
1985	06	16	0.21443263064999998	0.31469495593757474	4.849753806088301
1985	06	17	0.04090581388	0.3082726098980324	5.570397768289764
1985	06	18	1.4490977958	0.24726032252238017	5.732269314640646
1985	06	19	0.032440380429	0.2119374193048973	4.297232583722544
1985	06	20	0.0	0.19588155420604142	5.728516907732358
1985	06	21	0.01408787999	0.17661451608741444	4.291189031831626
1985	06	22	0.0	0.1669809970281009	4.613718987023094
1985	06	23	0.0018879770838	0.15734747796878737	5.292229814754409
1985	06	24	0.0009882265629	0.1445027858897027	5.996876247870782
1985	06	25	0.000933563758	0.12523574777107566	6.794651974030648
1985	06	26	0.0068401724368	0.10917988267221983	5.86735346727634
1985	06	27	0.0014563828902000003	0.10917988267221983	6.133868214323235
1985	06	28	0.20090522908	0.09954636361290631	6.383177823229133
1985	06	29	0.0007801670111000001	0.09312401757336396	6.452555699628811
1985	06	30	0.00058265459899	0.08670167153382162	6.18095793430327
1985	07	01	3.407620333	0.08349049851405045	5.719280439910682
1985	07	02	30.866106031	0.08027932549427927	3.311576604245653
1985	07	03	3.0075576004	0.07385697945473693	3.6142128129530042
1985	07	04	0.0015860670122	0.0770681524745081	5.262677250126794
1985	07	05	0.0009401379689	0.07385697945473693	6.373053901918345
1985	07	06	0.06619549715	0.0674346334151946	6.9351081617170465
1985	07	07	0.018407031655999998	0.06101228737565225	6.652528722288579
1985	07	08	2.0559011128	0.054589941336109914	5.731429951742086
1985	07	09	0.012379234822999999	0.04816759529656756	5.653449763335395
1985	07	10	0.02289802631	0.0449564222767964	5.902588578760707
1985	07	11	0.0013920185384999999	0.03853407623725405	6.204057997808815
1985	07	12	0.0049837811919	0.03532290321748288	6.236463461499716
1985	07	13	0.036378054029999995	0.03211173019771171	5.415201091330199
1985	07	14	0.00048650499702	0.03211173019771171	5.490891751451648
1985	07	15	0.0012693723286000002	0.03211173019771171	5.747536840343225
1985	07	16	0.0023538896884999997	0.028900557177940538	6.166045903241784
1985	07	17	0.070242860792	0.028900557177940538	6.488758453686715
1985	07	18	0.011444351877	0.02568938415816937	5.535609442023837
1985	07	19	0.0007479072722899999	0.02568938415816937	5.889977255633171
1985	07	20	0.001406919517	0.019267038118627025	6.520793479083895
1985	07	21	0.0014249456254000002	0.016055865098855857	7.073688068191122
1985	07	22	0.016090150375	0.012844692079084685	6.94512401800916
1985	07	23	0.0009379124457999999	0.006422346039542342	6.412956227538908
1985	07	24	1.0203300397	0.006422346039542342	6.5203036488277775
1985	07	25	0.00046795453345	0.0	5.974645485473182
1985	07	26	0.0028537031084999998	0.0	4.875737420950585
1985	07	27	0.0	0.0	5.6050318249931745
1985	07	28	0.39011832726	0.0	3.889209051557658
1985	07	29	0.136322677508	0.0	3.7591701321081152
1985	07	30	0.027744625958	0.0	4.392175118182788
1985	07	31	0.0037955961710000002	0.0	5.282385263955503
1985	08	01	0.0009532867546900001	0.0	5.815918493754046
1985	08	02	0.0018827614380000001	0.0	6.194557531492065
1985	08	03	0.0019004952514	0.0	5.823875863826395
1985	08	04	0.0009598612634000001	0.0	6.731018295098956
1985	08	05	0.0014269238559	0.0	4.752328620791967
1985	08	06	0.004266041113	0.0	4.60303381465456
1985	08	07	0.0	0.0	5.6255937073970586
1985	08	08	0.0014078515519999999	0.0	6.128227522689263
1985	08	09	0.0030086378786	0.0	5.207832747273047
1985	08	10	0.0042595747755000005	0.0	4.380848189361822
1985	08	11	0.0009467126210000001	0.0	5.0055494965788725
1985	08	12	0.028855205774000005	0.0	4.616294866027324
1985	08	13	0.0023579194989999997	0.0	5.1506889432623835
1985	08	14	0.036203750249	0.0	4.822701420046627
1985	08	15	0.0010309784017	0.0	4.805142835233285
1985	08	16	0.0	0.0	5.625290403157687
1985	08	17	0.0009467126210000001	0.0	6.096868254163785
1985	08	18	0.00094962889785	0.0	5.559815180180947
1985	08	19	0.004718420018	0.0	5.197555601644607
1985	08	20	0.00051551865095	0.0	6.031795761617148
1985	08	21	0.0014326229466	0.0	5.429546457370613
1985	08	22	0.0009428757252000001	0.0	5.286920336180167
1985	08	23	0.004295900426	0.0	4.791197842056635
1985	08	24	0.31492131329	0.0	4.2415967070308165
1985	08	25	0.0019885727795000002	0.0	3.7928536859129536
1985	08	26	0.0	0.0	4.484644187929847
1985	08	27	0.0	0.0	5.5296004149561915
1985	08	28	0.0004799305214	0.0	5.48513658794746
1985	08	29	0.0018804865005	0.0	5.275190539943556
1985	08	30	0.0009405956036	0.0	5.026456960244898
1985	08	31	0.0036384724974	0.0	4.731298980197962
1985	09	01	0.0033094917174000004	0.0	4.744477620733287
1985	09	02	0.002835012222	0.0	4.787627024342843
1985	09	03	0.0055239464330000005	0.0	4.372118382984487
1985	09	04	0.00047993057655	0.0	4.974235280591621
1985	09	05	0.00047993057655	0.0	5.280324701829599
1985	09	06	0.08275068335500001	0.0	5.330526377546025
1985	09	07	1.2131792215000001	0.0	5.0362214490240165
1985	09	08	2.2628922988	0.0	4.968930931243365
1985	09	09	1.1983828073999998	0.0	5.044069876461392
1985	09	10	0.0016662473912	0.0	5.117197415878539
1985	09	11	3.102445602	0.0	5.168422873742554
1985	09	12	1.2856028632999998	0.0	4.39039506430336
1985	09	13	0.30383099022	0.0	4.451634790940443
1985	09	14	0.0014204151632	0.0	4.603999052164485
1985	09	15	0.0	0.0	4.403494922141798
1985	09	16	0.0	0.0	4.089131995154837
1985	09	17	0.0033266419335000004	0.0	4.3557133945441855
1985	09	18	0.23398919566999998	0.0	3.840424456205746
1985	09	19	0.28815717270999996	0.0	3.2482076913754163
1985	09	20	0.27426841731	0.0	3.1890678672081068
1985	09	21	0.21742240039	0.0	3.3171782099880223
1985	09	22	0.026480284633000003	0.0	3.5434646160457195
1985	09	23	2.2546517857999997	0.0	3.6064926454174167
1985	09	24	0.022825011019	0.0	3.404484632892568
1985	09	25	0.0030255160949	0.0	3.6269840094837313
1985	09	26	0.0017106825183	0.0	3.6369719286318203
1985	09	27	0.025048983300999996	0.0	3.568426643865859
1985	09	28	0.00048542768589	0.0	3.5419877237444304
1985	09	29	0.0	0.0	3.9226689980187874
1985	09	30	0.019367612295999998	0.0	3.5230166889050114
1985	10	01	0.15780853733	0.0	2.7980355275054323
1985	10	02	0.17687006492000001	0.0	2.6391382984328273
1985	10	03	0.7890612721999999	0.0	2.1256692559395627
1985	10	04	0.99143192502	0.0	2.1385133520383928
1985	10	05	0.001523968774	0.0	2.485081019715216
1985	10	06	0.00039413360021999997	0.0	2.7261672072543983
1985	10	07	0.058757400105	0.0	2.7789193330455326
1985	10	08	0.03818090753	0.0	2.268072614812211
1985	10	09	0.00095107848251	0.0	2.7423492525351634
1985	10	10	0.0009467125106999999	0.0	3.113842206717421
1985	10	11	0.0	0.0	3.1313276442370843
1985	10	12	0.00046272228750000004	0.0	3.0644301753523733
1985	10	13	0.0018774768547000001	0.0	3.0533804490096403
1985	10	14	0.0	0.0	3.3542976345490056
1985	10	15	0.0018919165586	0.0	3.0319719113425614
1985	10	16	0.0014292401559000002	0.0	2.9360192845622444
1985	10	17	0.0009401379689	0.0	3.0108744921234982
1985	10	18	0.0019107128919000002	0.0	2.8183014183170645
1985	10	19	0.00094013803508	0.0	2.2967117434752202
1985	10	20	0.0011266417019999999	0.0	2.492019135748007
1985	10	21	0.0	0.0	2.673779107284698
1985	10	22	0.0014167807782	0.0	2.4976614673496513
1985	10	23	0.006101716584	0.0	2.369891709887881
1985	10	24	0.0014148746839	0.0	2.243056939572203
1985	10	25	0.0012919311051999998	0.0	2.2670515125828725
1985	10	26	0.0023700666173999997	0.0	2.0990345686445453
1985	10	27	0.04213750089	0.0	1.6976884279462539
1985	10	28	0.0033232200966	0.0	1.685981408769182
1985	10	29	0.045416040442	0.0	1.8793491627426213
1985	10	30	0.0009401379689	0.0	1.9608158968299263
1985	10	31	0.031391483682	0.0	1.4502574273311961
1985	11	01	0.00047117157633999997	0.0	1.6524247458526462
1985	11	02	9.420946909	0.0	1.0666682761046495
1985	11	03	2.3181566799000004	0.0	1.1396169937189435
1985	11	04	14.496162058000001	0.0	1.097917057052325
1985	11	05	10.409877958000001	0.0	1.280007434832272
1985	11	06	2.0650704621	0.0	1.2559786908560826
1985	11	07	0.11709210854999999	0.003211173019771171	1.3822369502947092
1985	11	08	0.021704103813999998	0.003211173019771171	1.6079948651446747
1985	11	09	0.805095142	0.003211173019771171	1.0918045271527579
1985	11	10	3.6175472637999997	0.003211173019771171	1.0880112443476686
1985	11	11	38.05787891	0.009633519059313513	0.9823293306388542
1985	11	12	2.600701932	0.03853407623725405	0.701701034557107
1985	11	13	0.0009317823027	0.03211173019771171	1.1046636908076701
1985	11	14	0.0009401379689	0.03211173019771171	1.0767837110171667
1985	11	15	0.0023741135243999997	0.028900557177940538	1.080157984272285
1985	11	16	0.0	0.028900557177940538	0.9981036805162922
1985	11	17	0.0037921331922000003	0.028900557177940538	1.101766199645291
1985	11	18	0.0004799305214	0.028900557177940538	1.0922733470673698
1985	11	19	0.00047006901754	0.028900557177940538	0.9465019112434664
1985	11	20	0.0019234750431	0.028900557177940538	0.8850360548960007
1985	11	21	0.0005966682912	0.028900557177940538	0.830856315091948
1985	11	22	0.0011290485583	0.028900557177940538	0.8774846451184907
1985	11	23	0.00047006903959999997	0.028900557177940538	0.9663837572351769
1985	11	24	0.7838237870000001	0.03211173019771171	0.921930273478515
1985	11	25	14.348045702999999	0.03853407623725405	0.8351077328325979
1985	11	26	2.4667326550000004	0.054589941336109914	0.6283933598651643
1985	11	27	1.2980736018999999	0.07385697945473693	0.6948500522829063
1985	11	28	0.00094753639655	0.0770681524745081	0.9858577889881665
1985	11	29	0.022283554937000002	0.08027932549427927	0.7794404757980958
1985	11	30	4.018414524600001	0.08027932549427927	0.7917470875505532
1985	12	01	0.009465016170999999	0.08027932549427927	0.9127039767438951
1985	12	02	0.0008238372077	0.0770681524745081	1.075185073526181
1985	12	03	0.0014279492047	0.0770681524745081	1.0727946446288095
1985	12	04	5.772601238	0.07385697945473693	1.0024596371953935
1985	12	05	13.588659984	0.08349049851405045	0.7146639070626888
1985	12	06	0.054028465187999995	0.11239105569199097	0.8046729188649719
1985	12	07	4.6608923912	0.11881340173153333	0.33957782133825093
1985	12	08	2.2002377074	0.1445027858897027	0.7293842290396502
1985	12	09	0.00071386783195	0.1541363049490162	0.7257316777256386
1985	12	10	8.3516746636	0.1541363049490162	0.6137065360288393
1985	12	11	1.0244184195	0.17019217004787207	0.8332355086237465
1985	12	12	0.0313221116	0.18303686212695672	0.8642179927646624
1985	12	13	0.006206959329	0.17661451608741444	0.8684339393887687
1985	12	14	0.0040656339546	0.17019217004787207	0.9765237473410479
1985	12	15	0.0	0.16376982400832973	1.0140774447598355
1985	12	16	0.00095273253028	0.16055865098855854	1.0813028586538176
1985	12	17	0.0020602901704	0.1541363049490162	0.9632218645733077
1985	12	18	0.011481441355	0.15092513192924503	0.7679765353072157
1985	12	19	0.0018842453038999999	0.15092513192924503	0.8309326250239039
1985	12	20	0.007510240966	0.15092513192924503	0.855620813008582
1985	12	21	0.18649927698000002	0.14771395890947386	0.8238525736594429
1985	12	22	18.364719473	0.1541363049490162	0.6056571717463995
1985	12	23	2.7788783460000004	0.26010501460146485	0.7459934346198722
1985	12	24	11.829834935000001	0.41745249257025224	0.695642782993852
1985	12	25	5.093148274500001	1.9363373309220162	0.7433192306408466
1985	12	26	6.450803399500001	1.2619909967700702	0.5279169519980698
1985	12	27	15.414982015	1.5542077415692468	0.5600839565581054
1985	12	28	7.9887882151	6.486569499937765	0.7102334452436694
1985	12	29	0.012420138475	2.626739530172818	0.7514745370702597
1985	12	30	0.09644606631	1.7019217004787206	0.5319488668950683
1985	12	31	1.636196818	1.4000714366202305	0.8548255524514737
1986	01	01	5.494934885800001	1.3775932254818324	0.8177784107669402
1986	01	02	5.0924809595	2.6010501460146487	0.6080764205621272
1986	01	03	2.6147492988	4.0139662747139635	0.7330325046132592
1986	01	04	0.0021007402688	2.1482747502269133	0.6893351994728126
1986	01	05	1.1249757308000001	1.7500892957752883	0.7144498044108538
1986	01	06	0.023328380511	1.538151876470391	0.8253346586993767
1986	01	07	15.507431063	4.752536069261333	0.5238974797932219
1986	01	08	2.4796514322000003	5.491105863808703	0.5379139526826204
1986	01	09	0.02392786432	3.140527213336205	0.7321482637487965
1986	01	10	0.010229869461000001	2.24782111383982	0.956303151712463
1986	01	11	0.1767249763	1.8432133133486521	0.9307273580700755
1986	01	12	0.048466744314000006	1.595952990826272	0.8293274664471122
1986	01	13	0.0009413993597	1.3968602636004592	1.0147552773443376
1986	01	14	0.00047993057655	1.2427239586514431	1.0521885226869112
1986	01	15	0.26239657462	1.12391055691991	1.0481129738811052
1986	01	16	0.07038068726	1.0307865393465458	0.9545166031786209
1986	01	17	0.0023798792363	0.956929559891809	0.9985534394633452
1986	01	18	0.0046378293230000004	0.8702278883579874	1.1635539985374084
1986	01	19	0.0011596018789000002	0.7931597358834793	1.105047733441929
1986	01	20	1.4344723467000002	0.751414486626454	0.8438537221937891
1986	01	21	0.21301559552000002	0.7225139294485134	0.773000066707008
1986	01	22	0.03995653899	0.6679239881124036	0.793669009483722
1986	01	23	0.56304127359	0.6358122579146919	0.9244950580312982
1986	01	24	0.37865531152000004	0.6101228737565225	0.9702936600201354
1986	01	25	0.0028382656308	0.5651664514797261	1.007053892098701
1986	01	26	0.0009436298463	0.5298435482622432	1.0358233201989122
1986	01	27	0.15330054324	0.5234212022227008	1.036849164630937
1986	01	28	5.815983331	0.5202100292029297	0.7854446978725942
1986	01	29	11.114458916	0.7193027564287424	0.7351999067070459
1986	01	30	4.3385982178	0.9922524631092918	0.7655469740967616
1986	01	31	0.1653542596	0.8284826391009621	0.9303435648868199
1986	02	01	0.30840681881000004	0.7000357183101152	0.8432760537360304
1986	02	02	0.5578112115799999	0.6165452197960648	0.9515973733444085
1986	02	03	0.9480291066500001	0.5876446626181243	0.7852268937382862
1986	02	04	4.7369584699	0.6101228737565225	0.8287334858956288
1986	02	05	0.17431306825999998	0.619756392815836	0.8969187923639013
1986	02	06	0.15929015310999997	0.5587441054401837	0.8690386907036475
1986	02	07	3.4916475348000002	0.5105765101436162	0.9516483416621931
1986	02	08	0.31579849609999994	0.5555329324204126	0.9344522060104155
1986	02	09	0.0	0.561955278459955	1.1037694876113138
1986	02	10	0.0033008955972	0.48167595296567567	1.1800668459557806
1986	02	11	1.7545611819	0.47525360692613333	1.292160621035917
1986	02	12	2.3424744106	0.5041541641040739	1.4508544192556296
1986	02	13	14.225165988	0.5908558356378955	0.7485473473089298
1986	02	14	16.08861169	1.615220028944899	1.1763448021502456
1986	02	15	10.774426076	1.7211887385973477	0.9011357748962192
1986	02	16	13.291837168999999	2.768031143042749	1.2907305471797221
1986	02	17	10.563900877999998	3.789184163329982	0.978295512642654
1986	02	18	2.4167783364999997	2.9863909083871896	1.151536728278662
1986	02	19	4.362128296200001	2.1161630200292016	1.2083696389604737
1986	02	20	23.380829264	2.1707529613653116	1.0804301701988253
1986	02	21	7.013446457000001	4.206636655900234	1.0376203542909312
1986	02	22	1.3573806985999999	2.9029004098731384	1.5851315600759641
1986	02	23	18.903241575000003	2.6716959524496144	0.9464765287414522
1986	02	24	12.432617816999999	7.000357183101153	1.4403718663518645
1986	02	25	2.7914264049	4.656200878668198	1.0989653013265088
1986	02	26	3.613573596	3.275396480166594	1.0462994994854755
1986	02	27	0.70500300992	2.5271931665599117	1.4352553422583092
1986	02	28	3.9794603148	2.129007712108286	1.7266542887728338
1986	03	01	8.841458284000002	1.9459708499813295	1.0647043343643194
1986	03	02	0.8445552979000001	1.7500892957752883	1.374487101588078
1986	03	03	1.03956477138	1.5285183574110774	1.8155151269506833
1986	03	04	0.07394357580000001	1.3743820524620611	1.975808743212051
1986	03	05	0.00048650506319999995	1.2652021697898415	2.177001911804701
1986	03	06	0.057194553890000006	1.1560222871176216	1.6450524629910919
1986	03	07	3.3640827169999996	1.0693206155838	1.4986032938714309
1986	03	08	0.0011677067229	1.01473067424769	1.7667165241880831
1986	03	09	0.027587858774000003	0.9697742519708936	1.9808156274563153
1986	03	10	0.0032150656522	0.9248178296940972	1.740291598601367
1986	03	11	0.00047993063170000003	0.863805542318445	2.1594241079916063
1986	03	12	6.570937196	0.8124267740021062	1.9652713451904953
1986	03	13	0.45126009901	0.9087619645952414	1.560910935586505
1986	03	14	0.0021136203307	0.8959172725161567	2.2057914175122435
1986	03	15	0.00048650499702	0.8060044279625638	2.478006650363921
1986	03	16	0.62120490122	0.7546256596462252	2.226781571895775
1986	03	17	2.9194398128	0.7289362754880558	2.286655361966004
1986	03	18	6.063620728800001	0.7225139294485134	1.3684322115472187
1986	03	19	0.15688260192	0.7385697945473693	2.155388629908342
1986	03	20	0.013072850858	0.7321474485078269	2.5786873607069043
1986	03	21	0.013285962590999999	0.6807686801914883	2.0462243205278443
1986	03	22	0.0	0.6422346039542342	2.632322061705882
1986	03	23	0.024761470909	0.6165452197960648	2.627548154696245
1986	03	24	0.89416750992	0.6133340467762937	1.994730827591357
1986	03	25	2.921164243	0.6133340467762937	1.5153349466303752
1986	03	26	0.01157760641	0.619756392815836	2.124398260605531
1986	03	27	0.22365223263	0.6229675658356072	1.9423501363258562
1986	03	28	0.99298208122	0.6293899118751495	1.912253584164396
1986	03	29	0.5750718821	0.6326010848949207	2.178320936814993
1986	03	30	0.0016165649622	0.6358122579146919	2.3401113842643775
1986	03	31	0.0078443103262	0.6422346039542342	2.9043247983455953
1986	04	01	0.1388523683	0.639023430934463	3.4060882404186157
1986	04	02	8.306999634	0.6229675658356072	2.2763907423552845
1986	04	03	0.07590474289	0.6165452197960648	2.2915028302389726
1986	04	04	0.0013038115182	0.6165452197960648	2.652397475196287
1986	04	05	8.9893622012	0.6486569499937765	1.7155703745002726
1986	04	06	0.9818384281	0.786737389843937	1.5803606057452186
1986	04	07	1.10444330859	0.8670167153382163	1.9040239953267546
1986	04	08	2.1530810381000003	0.8284826391009621	2.0278081343891707
1986	04	09	0.014130981921	0.7931597358834793	2.35894120121198
1986	04	10	0.16197243954	0.7642591787055387	2.8394242493726463
1986	04	11	12.277113568000003	0.7578368326659963	1.7907765550415773
1986	04	12	0.2887122354	0.7578368326659963	2.0811064951373908
1986	04	13	0.0	0.7385697945473693	2.804789548617725
1986	04	14	0.028366362792	0.7225139294485134	2.809303585075117
1986	04	15	5.980193559	0.7289362754880558	1.7996314698476956
1986	04	16	4.6673121821	0.7931597358834793	1.7522199059717594
1986	04	17	3.9443552441	0.8381161581602756	2.0417217252688094
1986	04	18	0.11690670528	0.9248178296940972	2.3493938041454814
1986	04	19	1.389500941	0.844538504199818	2.370493291002981
1986	04	20	0.012808573161	0.7738926977648523	2.4128855269364657
1986	04	21	5.6291389915	0.8220602930614198	2.0681922068728547
1986	04	22	3.3119998291	0.9794077710302072	2.085097267383861
1986	04	23	4.873030837000001	1.1688669791967063	1.9665918836296552
1986	04	24	4.731196067	1.2459351316712144	2.4266314051701436
1986	04	25	1.3999781173999999	1.2812580348886973	2.7867100077365987
1986	04	26	1.9805649995	1.2170345744932738	2.5051361685321236
1986	04	27	1.5786405132	1.146388768058308	2.3808521944744223
1986	04	28	0.008452919916	1.1592334601373928	2.9101078124289774
1986	04	29	3.783770908e-06	1.0693206155838	3.9126914084894855
1986	04	30	0.0014136107561999998	1.0050971551883765	3.8555065441454257
1986	05	01	0.00047006901754	0.9826189440499783	4.520508406237258
1986	05	02	0.040177300028000004	0.9248178296940972	3.221510173703703
1986	05	03	0.06112367152	0.8734390613777586	3.0421583927266784
1986	05	04	4.2280812577	0.863805542318445	2.396236798192452
1986	05	05	1.3944763534000002	0.8509608502393603	2.4250472314480396
1986	05	06	0.8147909532	0.9023396185556991	2.4947286493975556
1986	05	07	0.030184388056999998	0.9087619645952414	2.9551988605124917
1986	05	08	0.0026490775266	0.8862837534568431	3.9689577075856666
1986	05	09	0.005988274137	0.8027932549427927	5.13094572677341
1986	05	10	0.008511635363500001	0.7128804103892	5.224963019617205
1986	05	11	0.011902917509	0.639023430934463	5.146280550856964
1986	05	12	2.127580009	0.5651664514797261	4.581255631992828
1986	05	13	0.020165301896000003	0.4848871259854468	3.8490404573544317
1986	05	14	0.0013453586604000002	0.4238748386097946	3.8823826442361007
1986	05	15	0.21202467135	0.3853407623725405	3.8395454148470542
1986	05	16	0.10131847505500001	0.3564402051946	4.102112610010627
1986	05	17	0.0066270201134	0.31790612895734593	4.704996112381038
1986	05	18	0.0014812773796	0.28258322573986305	4.799250385577689
1986	05	19	0.30637194926	0.2536826685619225	4.906975133837943
1986	05	20	0.037354755015	0.22157093836421077	3.844786271066043
1986	05	21	0.0016848420961000001	0.18945920816649908	4.888980046190154
1986	05	22	0.00047006901754	0.10275753663267748	5.800576186178143
1986	05	23	0.048355688758999996	0.14771395890947386	4.8176362155430255
1986	05	24	0.27071542268000004	0.14129161286993153	5.483014528177742
1986	05	25	2.1777165431000003	0.13808043985016036	5.909058547665551
1986	05	26	0.17581674404	0.10596870965244864	5.075124207451332
1986	05	27	0.09185882167	0.10275753663267748	5.48450697578274
1986	05	28	0.0031000815421	0.10596870965244864	4.981551059826378
1986	05	29	0.0	0.10275753663267748	4.393836172313636
1986	05	30	0.00094013803508	0.09312401757336396	4.7035854980916225
1986	05	31	0.00048650506319999995	0.0899128445535928	5.020291924540342
1986	06	01	0.0009346954911499999	0.0770681524745081	5.135513109669986
1986	06	02	0.00029039300886	0.08670167153382162	5.16056630708677
1986	06	03	0.0011970084694	0.0770681524745081	5.446328933907464
1986	06	04	0.002363494061	0.07064580643496576	5.83608728209393
1986	06	05	0.0037943420600000002	0.06101228737565225	5.463361396464254
1986	06	06	0.00094013803508	0.06101228737565225	4.444415479317892
1986	06	07	0.0	0.054589941336109914	5.282130038534547
1986	06	08	0.0014115634779	0.04816759529656756	5.472991415594638
1986	06	09	0.0022485446954	0.0449564222767964	5.508831291477116
1986	06	10	0.0	0.041745249257025226	5.1244125492103425
1986	06	11	0.00048650499702	0.03853407623725405	5.853889299423674
1986	06	12	0.00047993057655	0.03853407623725405	6.183350397397008
1986	06	13	0.0019065728917000001	0.03532290321748288	6.142573277546316
1986	06	14	0.0014266429218	0.03532290321748288	6.379007232450347
1986	06	15	0.0009471882346	0.03211173019771171	6.335768974915633
1986	06	16	0.0014134932867000002	0.03211173019771171	6.0453479552346865
1986	06	17	0.0037285930021	0.03211173019771171	6.08779951003665
1986	06	18	0.0	0.028900557177940538	6.388261475412387
1986	06	19	0.0041856210521	0.028900557177940538	5.3212144318595405
1986	06	20	0.17893610525	0.028900557177940538	3.385381693642146
1986	06	21	0.45417552655	0.02568938415816937	3.7862305004317136
1986	06	22	8.434842849	0.02568938415816937	3.6815717041379337
1986	06	23	0.3018077132	0.0224782111383982	3.952573242342431
1986	06	24	0.0009598612634000001	0.0224782111383982	5.580295400599062
1986	06	25	0.0018962329285	0.0224782111383982	5.81451959255982
1986	06	26	0.0012090163892000002	0.019267038118627025	5.68936110271719
1986	06	27	0.0035339866310000003	0.019267038118627025	5.460438605954421
1986	06	28	0.0	0.016055865098855857	5.957404529603626
1986	06	29	0.026652700078	0.012844692079084685	4.733446793035983
1986	06	30	0.0	0.009633519059313513	6.02436078227882
1986	07	01	0.0018967116305	0.006422346039542342	6.750240666362284
1986	07	02	0.25260473623999996	0.003211173019771171	6.269614973555438
1986	07	03	0.00094342529495	0.003211173019771171	7.095730695138658
1986	07	04	0.00048650499702	0.0	6.9885469479088025
1986	07	05	0.0014167808885	0.0	6.5479206557604055
1986	07	06	0.0	0.0	6.056291374694966
1986	07	07	0.0023536316967999998	0.0	7.666498195691361
1986	07	08	0.0009618067348	0.0	7.638815396729346
1986	07	09	0.0009467125106999999	0.0	6.882922529030801
1986	07	10	0.0006270556102999999	0.0	6.577348844829356
1986	07	11	0.0019066141439	0.0	6.612929208764154
1986	07	12	0.015010987308	0.0	5.6153537646184475
1986	07	13	0.00047006901754	0.0	5.581797142385489
1986	07	14	0.0	0.0	6.0703539810013964
1986	07	15	0.0009467126210000001	0.0	6.37050765555596
1986	07	16	0.0019022722947	0.0	7.144052216722855
1986	07	17	0.0009401379689	0.0	6.75222544852264
1986	07	18	0.000922614277	0.0	5.897091443448328
1986	07	19	0.0009434252398000001	0.0	6.454673333540939
1986	07	20	0.0	0.0	6.787139946636043
1986	07	21	0.00047006901754	0.0	7.36793646855562
1986	07	22	0.0	0.0	5.932904771662614
1986	07	23	0.0842436104	0.0	4.427547984911279
1986	07	24	0.10274606038	0.0	5.273551855149964
1986	07	25	0.11833504616	0.0	5.582035735230077
1986	07	26	0.009911276735	0.0	5.544305650070299
1986	07	27	0.0018930500014	0.0	6.053956863016645
1986	07	28	0.0014200682697	0.0	6.226193032229301
1986	07	29	0.00047993063170000003	0.0	6.987113330445117
1986	07	30	0.025924516023	0.0	6.324075715669078
1986	07	31	0.0079517328198	0.0	5.256336555982991
1986	08	01	0.00047993057655	0.0	5.656518460695191
1986	08	02	0.0014175164792	0.0	6.151243729415971
1986	08	03	0.49979572788000004	0.0	4.038896077171128
1986	08	04	0.0009401379689	0.0	4.422361329289051
1986	08	05	0.001899999122	0.0	5.9510641021336115
1986	08	06	0.0009467125106999999	0.0	5.8048872292742955
1986	08	07	0.020691918215999996	0.0	5.214725525018567
1986	08	08	0.0033772138217	0.0	5.092922810475401
1986	08	09	0.10222858131200001	0.0	4.845586058834304
1986	08	10	0.054050825204	0.0	4.383837717602874
1986	08	11	0.018618494404	0.0	4.609756530874824
1986	08	12	0.0	0.0	5.556058545864524
1986	08	13	0.0009387714622	0.0	5.5026080498393535
1986	08	14	0.00106989339985	0.0	5.959157740497906
1986	08	15	0.00047993057655	0.0	5.758481165872172
1986	08	16	0.0	0.0	5.7990048365039435
1986	08	17	0.605213894	0.0	4.212182929187976
1986	08	18	1.2977095016	0.0	3.330879903593534
1986	08	19	0.0021930773622999998	0.0	4.8766125938442775
1986	08	20	0.0014200682697	0.0	5.247703041812705
1986	08	21	0.0056316613319	0.0	5.547959273051868
1986	08	22	0.0028438390898000003	0.0	4.898558408121638
1986	08	23	0.02604163146	0.0	3.985169499934185
1986	08	24	0.0014056394855	0.0	4.945263270530204
1986	08	25	0.0021817465742	0.0	4.783007760857342
1986	08	26	0.8264112788	0.0	3.2660775651720964
1986	08	27	0.40123142728	0.0	4.057101576076475
1986	08	28	0.00094770548645	0.0	3.9633916836917327
1986	08	29	0.0	0.0	4.239293366960015
1986	08	30	0.0009403201844999999	0.0	4.892330654445334
1986	08	31	2.1674535693	0.0	4.200028797109518
1986	09	01	0.7837042217999999	0.0	4.427285879630877
1986	09	02	0.001406919517	0.0	4.723075954152822
1986	09	03	0.0009401379689	0.0	4.67645004476147
1986	09	04	0.12502206087	0.0	5.264459609158536
1986	09	05	0.025749957449	0.0	4.787470973293826
1986	09	06	0.009639832847	0.0	4.643498269999015
1986	09	07	0.023793781434000003	0.0	4.4372069427423115
1986	09	08	0.128665254428	0.0	4.201492004866805
1986	09	09	1.4433454302	0.0	2.7487473190652465
1986	09	10	2.4086932362000004	0.0	2.918465528828038
1986	09	11	20.223262339999998	0.0	3.1710825127536424
1986	09	12	2.4691058698	0.0	2.384957766147761
1986	09	13	0.40672791894	0.0	2.7278890011123043
1986	09	14	2.1158037192	0.0	3.149449197228879
1986	09	15	18.293306841	0.0	2.2089375522392087
1986	09	16	13.201782734	0.02568938415816937	2.6292432584388217
1986	09	17	6.553173381	0.057801114355881075	2.8708122075486213
1986	09	18	4.0938956824	0.06101228737565225	2.995405373417717
1986	09	19	0.21394288762	0.07064580643496576	3.359267903871834
1986	09	20	0.40856684054	0.07064580643496576	2.685378952805293
1986	09	21	2.3192187586	0.07064580643496576	3.137592839134259
1986	09	22	10.588281590000001	0.0674346334151946	2.9020573171937114
1986	09	23	5.513524186000001	0.0674346334151946	2.640903271628115
1986	09	24	0.2859085197	0.06422346039542343	2.277906236024738
1986	09	25	0.030030900092	0.06101228737565225	2.40081800251615
1986	09	26	0.0021237234798	0.05137876831633874	2.6242917522265476
1986	09	27	0.0	0.0449564222767964	2.808136560680151
1986	09	28	0.0	0.041745249257025226	3.024279196584997
1986	09	29	0.0009467126210000001	0.03853407623725405	2.925220046161408
1986	09	30	0.0	0.03532290321748288	2.860556343245929
1986	10	01	0.024068601605	0.03853407623725405	3.1260390627916403
1986	10	02	0.0144602654745	0.03532290321748288	2.883631697551112
1986	10	03	1.8852130760999999	0.03532290321748288	2.771335783758975
1986	10	04	0.70780352692	0.03532290321748288	2.8447186968089966
1986	10	05	0.47262974234	0.03532290321748288	2.5191120745242883
1986	10	06	0.6269292065	0.03532290321748288	2.702728683624827
1986	10	07	2.4456232204	0.08349049851405045	2.1681450806534746
1986	10	08	0.73678367171	0.03532290321748288	2.5326967265094606
1986	10	09	0.00047006901754	0.03532290321748288	2.748060752252484
1986	10	10	0.08830878308	0.03211173019771171	2.5593010421420077
1986	10	11	1.9424250242999999	0.03211173019771171	2.4214940350424516
1986	10	12	6.0040189105	0.03211173019771171	2.036394175312399
1986	10	13	7.3606491278999995	0.028900557177940538	1.7591157829319068
1986	10	14	5.769847047000001	0.028900557177940538	1.4890371050728746
1986	10	15	6.085479321000001	0.028900557177940538	1.7850983976922001
1986	10	16	0.10515153793	0.028900557177940538	2.0079554469684227
1986	10	17	0.18798635261000002	0.028900557177940538	1.8193268426519662
1986	10	18	0.019698656789	0.028900557177940538	1.9735059786810534
1986	10	19	0.0037809227414	0.028900557177940538	1.7627727436085439
1986	10	20	0.0030981434608	0.02568938415816937	2.0024191781265697
1986	10	21	0.0018935948833999998	0.02568938415816937	2.3965296700287797
1986	10	22	0.043910952822	0.02568938415816937	2.1158551301911284
1986	10	23	2.4535043759999997	0.02568938415816937	1.5468660015172202
1986	10	24	3.7536519488	0.02568938415816937	1.4022619453600405
1986	10	25	0.11954439080200001	0.028900557177940538	1.4925018115285003
1986	10	26	0.026272542304	0.02568938415816937	1.6935666338530662
1986	10	27	0.0009454477006000001	0.02568938415816937	2.0378261118822487
1986	10	28	0.0	0.02568938415816937	2.1497039915646696
1986	10	29	0.0019138871052999998	0.02568938415816937	1.9839744282418015
1986	10	30	0.0024990919174999997	0.02568938415816937	1.7327972871875248
1986	10	31	0.0016499715232000001	0.02568938415816937	1.7983479716801258
1986	11	01	0.7995880174200001	0.02568938415816937	1.6979936766560466
1986	11	02	0.080702368235	0.0224782111383982	1.62634744092778
1986	11	03	0.0019007636113	0.0224782111383982	1.5778347428547876
1986	11	04	0.00094172647641	0.019267038118627025	1.6363592523747361
1986	11	05	0.0009516013376	0.019267038118627025	1.6028025337353227
1986	11	06	0.0023608082559999997	0.019267038118627025	1.7902978331211372
1986	11	07	0.0009806461954	0.019267038118627025	1.7718073003591286
1986	11	08	0.02702763625	0.019267038118627025	1.3024538971564794
1986	11	09	0.013762798315000001	0.016055865098855857	1.518143842714543
1986	11	10	0.067058658624	0.016055865098855857	1.2702582472195136
1986	11	11	19.626441173	0.019267038118627025	0.8434058530025678
1986	11	12	0.7559671911	0.0224782111383982	1.165402605354369
1986	11	13	13.241145495000001	0.028900557177940538	0.8101767677211971
1986	11	14	26.575882745999998	0.03532290321748288	1.0059983138857065
1986	11	15	0.07976411783	0.05137876831633874	0.8521811368784507
1986	11	16	0.0	0.07064580643496576	1.175386532308366
1986	11	17	0.008199004904	0.1445027858897027	1.1144871584433445
1986	11	18	0.0014200682697	0.12523574777107566	1.1347022575890857
1986	11	19	0.0014134943897	0.11239105569199097	1.2417165499359342
1986	11	20	0.5347651516399999	0.10596870965244864	1.1656586529468216
1986	11	21	2.6781564671000004	0.09954636361290631	0.8931375884411282
1986	11	22	1.4894171887	0.09633519059313513	0.926590415985096
1986	11	23	0.9154234229200001	0.09312401757336396	0.7457464089501452
1986	11	24	0.0024050873085999995	0.0899128445535928	1.0527537704362864
1986	11	25	0.0	0.0899128445535928	1.3031991624372259
1986	11	26	0.011056785252	0.0899128445535928	0.9863368609809561
1986	11	27	0.0023730642405000004	0.0899128445535928	1.034676977168249
1986	11	28	0.0023653747863	0.08670167153382162	1.1499542953127986
1986	11	29	0.00046678182385000004	0.08670167153382162	1.1406223957354078
1986	11	30	0.0032077275035	0.08670167153382162	1.011714002539459
1986	12	01	0.08535171729	0.08670167153382162	1.0447538898087796
1986	12	02	0.0019064207880000001	0.08349049851405045	1.0570904304730775
1986	12	03	0.0	0.08349049851405045	1.0749370220154848
1986	12	04	0.0004799305214	0.08349049851405045	1.025127479344198
1986	12	05	0.0009467126210000001	0.08349049851405045	0.955930090497205
1986	12	06	0.34151721328	0.08349049851405045	0.8558357990276172
1986	12	07	0.059022032967999995	0.08349049851405045	0.9988343665609509
1986	12	08	16.080194697	0.09312401757336396	0.8139591083936422
1986	12	09	0.007286312773799999	0.1445027858897027	0.700955526430652
1986	12	10	0.0028532856230000002	0.19588155420604142	0.9229798525432823
1986	12	11	4.897809732	0.15734747796878737	0.8308122221807673
1986	12	12	0.8464248829	0.13808043985016036	0.9328868758113427
1986	12	13	20.456830311	0.1798256891071856	0.4959452458272665
1986	12	14	0.0064676351795	0.3339619940562018	0.6752182544769552
1986	12	15	1.2762544971	0.4238748386097946	0.7894483350556823
1986	12	16	0.58173946195	0.31790612895734593	0.9044747981289853
1986	12	17	0.0022085666810000002	0.27937205272009186	0.8837970884232453
1986	12	18	0.00050018151316	0.2504714955421513	1.055408805764135
1986	12	19	0.028920834274	0.22478211138398194	0.8928657226853205
1986	12	20	0.08630249226	0.2119374193048973	0.7627737380816998
1986	12	21	1.4205336254	0.20872624628512612	0.49532410858863635
1986	12	22	0.58995393312	0.21835976534443965	0.8282171286844362
1986	12	23	0.0009455677069999999	0.2119374193048973	0.6135787568088538
1986	12	24	0.00047993063170000003	0.20872624628512612	0.7341866414387953
1986	12	25	0.00100618247638	0.19909272722581262	0.807093967611054
1986	12	26	0.009897898448	0.18945920816649908	0.9340544377011331
1986	12	27	0.11709915672	0.18945920816649908	0.8997336561356262
1986	12	28	0.0030877201108	0.1862480351467279	0.9127414287526457
1986	12	29	0.0023438687128999997	0.1862480351467279	0.9643956622775854
1986	12	30	0.026821181122	0.18303686212695672	0.904720777045554
1986	12	31	0.008251997435999999	0.1798256891071856	0.9658752938153188
1987	01	01	0.082189169218	0.17340334306764324	0.7376198396555399
1987	01	02	0.15097206612	0.17019217004787207	0.9478355454693023
1987	01	03	0.0025269670438	0.1669809970281009	0.8668202849351442
1987	01	04	0.0033238039145	0.15734747796878737	0.8337624177587319
1987	01	05	0.0023536316967999998	0.15092513192924503	0.9944284622487559
1987	01	06	0.0	0.14771395890947386	0.9925477742913839
1987	01	07	0.0009592324431	0.1445027858897027	0.9202436440217042
1987	01	08	4.522238232	0.1445027858897027	0.9640830654327865
1987	01	09	33.91429396	0.1798256891071856	0.7926916471765817
1987	01	10	5.4509559595	0.879861407417301	0.6064542136369285
1987	01	11	0.0016887296196000001	0.9119731376150125	0.8585941384999535
1987	01	12	8.1249102172	0.9472960408324955	0.642229655881639
1987	01	13	8.5751748918	1.3326368032050362	0.9732462275901103
1987	01	14	0.7406583232	1.4996178002331368	0.5373067565617184
1987	01	15	1.8887240354	1.1592334601373928	0.5818983082895178
1987	01	16	0.0005017256028599999	0.956929559891809	0.8054363293216054
1987	01	17	0.0018971851484	0.8060044279625638	0.8986834050328306
1987	01	18	0.0	0.7321474485078269	0.9836471784990626
1987	01	19	0.0009446785787	0.6839798532112594	1.0042253925192308
1987	01	20	0.00095743019625	0.6293899118751495	0.8402937856797696
1987	01	21	0.0	0.5780111435588108	0.9212981749761782
1987	01	22	0.0028467113018	0.5394770673215568	1.00136763395687
1987	01	23	0.026185354565999998	0.5137876831633874	1.116172809479234
1987	01	24	0.8604528369	0.4848871259854468	1.15267307434811
1987	01	25	2.2609531145000004	0.47525360692613333	1.270999487998711
1987	01	26	15.725840504999999	0.6358122579146919	0.7897283795754994
1987	01	27	8.1407761001	1.9074367737440758	0.7287286149901401
1987	01	28	14.337227479	6.968245452903441	0.8910894198449661
1987	01	29	12.789524351	6.326010848949207	0.5999538110777201
1987	01	30	1.7269091925	4.110301465307099	0.9506225863288844
1987	01	31	1.0078443003	2.6652736064100724	1.048494435799772
1987	02	01	7.411210317	2.215709383642108	0.8391476588816911
1987	02	02	7.026144413600001	4.816759529656757	0.8464991331400747
1987	02	03	0.0039750148939	3.9497428143185402	1.0843254121739734
1987	02	04	0.00078325081159	2.3698456885911243	1.2962240964957303
1987	02	05	0.0009401379689	1.9395485039417872	1.4773436181459982
1987	02	06	0.0012573596658999998	1.6473317591426107	1.4905318694433793
1987	02	07	0.004621421095	1.5156736653319927	1.5533910456986526
1987	02	08	0.0025819711169	1.4642948970156537	1.7647109489866761
1987	02	09	5.180087286000001	1.4514502049365692	1.1029425043966057
1987	02	10	15.267060891	1.4771395890947385	0.8512573248351135
1987	02	11	8.479390813	4.816759529656757	1.0184045483340411
1987	02	12	0.7773239182999999	2.9960244274465024	1.050958351158001
1987	02	13	1.281804021	2.0198278294360668	1.3073148265188455
1987	02	14	0.037934327468000004	1.6954993544391783	1.1963663677588516
1987	02	15	0.44053623665999997	1.4899842811738233	1.2865475829138968
1987	02	16	4.9369601655	1.4514502049365692	1.2188709660244352
1987	02	17	2.737649309	1.6473317591426107	1.185210948790405
1987	02	18	4.6790655295	1.759722814834602	0.9854283667426852
1987	02	19	0.048089308744	1.5317295304308483	1.0591434691152781
1987	02	20	0.0014215739750000002	1.428971993798171	1.028678395307474
1987	02	21	0.029131447712000002	1.3936490905806882	1.2163650339248415
1987	02	22	0.0009467126210000001	1.3326368032050362	1.4137304751755702
1987	02	23	0.8482972254000001	1.3262144571654937	1.1969386189681244
1987	02	24	6.718051475499999	1.406493782659773	1.4321640179109747
1987	02	25	11.982926923	5.45899413361099	1.5329094874294154
1987	02	26	0.4769475682	2.729497066805495	1.9536740050993362
1987	02	27	0.4552205639	2.0583619056733204	1.4823913769375536
1987	02	28	0.025048977786	1.7918345450323134	2.0711068825201413
1987	03	01	0.0060578296479	1.573474779687874	2.7651636678258535
1987	03	02	0.00048650499702	1.4867731081540523	2.553301979297861
1987	03	03	0.0009401379689	1.483561935134281	2.585613486048489
1987	03	04	0.0036824691820000004	1.4675060700354252	2.5504057174991805
1987	03	05	0.0023422990336000003	1.428971993798171	2.7257152855022757
1987	03	06	0.0019010904301999998	1.3422703222643495	2.758770695376186
1987	03	07	0.0004799305214	1.2330904395921296	2.0797465061965017
1987	03	08	0.030028594822	1.12391055691991	2.265783603698158
1987	03	09	0.5770321888500001	1.0628982695442577	1.9764319076522723
1987	03	10	0.047081219688	1.0083083282081478	2.1978053040156826
1987	03	11	1.1663242227000001	0.9440848678127243	2.54620453781322
1987	03	12	3.458104643	0.8894949264766143	1.897353405169171
1987	03	13	0.8406442805000001	0.8766502343975296	1.76841508086849
1987	03	14	0.0014266430321	0.8670167153382163	2.43652194074786
1987	03	15	0.0018923027189	0.7899485628637081	2.3417629852074695
1987	03	16	0.0014134932867000002	0.7128804103892	2.2783686431890913
1987	03	17	0.0004799305214	0.6486569499937765	2.4209579733621593
1987	03	18	0.0019040027914	0.5812223165785819	2.526464539865215
1987	03	19	0.0007332595094999999	0.5587441054401837	2.0496291692569146
1987	03	20	0.0014175742764000001	0.5105765101436162	1.8130009320291078
1987	03	21	1.5606894087999998	0.48167595296567567	1.9739711201669234
1987	03	22	0.06095096378	0.47525360692613333	2.017091531438522
1987	03	23	0.15397763082	0.45919774182727746	2.215351893830238
1987	03	24	5.8644770569	0.4656200878668198	1.4284368397464247
1987	03	25	11.836045928	0.5394770673215568	1.9395690156468457
1987	03	26	0.0012334376916	0.6904021992508018	2.931773662714103
1987	03	27	0.08013375960199999	0.600489354697209	2.6127148972067813
1987	03	28	4.4641565683	0.5972781816774378	2.1045745238748577
1987	03	29	0.0023780707574999997	0.6229675658356072	1.9572990787546931
1987	03	30	0.0	0.5715887975192684	2.2877165885719863
1987	03	31	0.0004799305214	0.49452064504476034	2.7028532383195665
1987	04	01	0.7600400185999999	0.43350835766910817	2.321314741120503
1987	04	02	21.136334564	0.44314187672842154	1.6975744756356863
1987	04	03	1.95731762	0.770681524745081	1.5224920117781644
1987	04	04	4.92407878	1.088587653702427	1.8724926686818424
1987	04	05	6.315081676099999	1.107854691821054	2.0405672124114154
1987	04	06	20.536013578	1.1335440759792235	2.2750621842655434
1987	04	07	8.750681714899999	3.3717316707597296	2.2257062552269438
1987	04	08	6.578641651	2.6941741635880123	1.910533548584329
1987	04	09	1.9164026071	2.8836333717545117	2.074678565592111
1987	04	10	0.23563698943	1.9748714071592701	2.3504780661825393
1987	04	11	0.22768756916	1.6762323163205513	2.8091757932004064
1987	04	12	0.05862275138	1.5220960113715352	2.810414361297965
1987	04	13	0.0	1.4161273017190865	3.6863666243479747
1987	04	14	0.0009401379689	1.3101585920666379	3.7163550708035955
1987	04	15	0.0	1.2074010554339603	3.8533506119714227
1987	04	16	1.8434346348	1.1206993839001387	3.0019070638112684
1987	04	17	0.48199524916	1.0853764806826558	2.7969806683093
1987	04	18	0.17552457037	1.0661094425640287	3.156721366536692
1987	04	19	0.008271109889099999	1.0275753663267748	3.563319057673207
1987	04	20	0.006804113601999999	0.9826189440499783	3.889366506014117
1987	04	21	0.9466009974	0.9537183868720379	3.603641015251772
1987	04	22	0.114975732815	0.9151843106347838	4.000542766116788
1987	04	23	21.295046337	0.8573831962789027	3.9564435505113287
1987	04	24	28.35175466	1.1335440759792235	2.186054211693393
1987	04	25	0.60011675452	1.6441205861228396	2.564746658684908
1987	04	26	0.00048650506319999995	1.3486926683038918	4.514420414341593
1987	04	27	0.4855377322	1.1367552489989945	3.790414527635255
1987	04	28	0.9058544126	1.01473067424769	2.375316252117714
1987	04	29	0.04285919379	1.127121729939681	3.379282215010992
1987	04	30	0.0012676492219999998	1.1720781522164774	4.199923396492135
1987	05	01	0.063455967226	1.0179418472674613	4.870579387099104
1987	05	02	0.6682814486	0.9312401757336396	4.183691253633324
1987	05	03	0.0031071603755	0.8509608502393603	3.920660525599291
1987	05	04	0.0	0.7610480056857676	3.6597282439755103
1987	05	05	0.002362539966	0.7000357183101152	3.5627621927065336
1987	05	06	0.0009467124004	0.6358122579146919	4.107763387782216
1987	05	07	0.00047006901754	0.5940670086576666	4.599560702335588
1987	05	08	0.22652434536	0.5651664514797261	5.237250709794063
1987	05	09	0.027054743577999998	0.5330547212820144	4.031553334287059
1987	05	10	5.6300367232	0.5234212022227008	3.3054255334722256
1987	05	11	0.26325206142	0.5330547212820144	3.627575025892043
1987	05	12	0.13257643066	0.5972781816774378	3.981301864215016
1987	05	13	0.013351626387000002	0.5780111435588108	3.945747469405019
1987	05	14	0.0033409643885000005	0.5041541641040739	4.030824486894758
1987	05	15	0.013156151623999999	0.4624089148470486	3.8711506036640366
1987	05	16	6.660025403	0.44314187672842154	3.199788483464184
1987	05	17	0.70796732242	0.4270860116295657	3.237656249466437
1987	05	18	0.02099638813	0.3853407623725405	4.0942150430623325
1987	05	19	0.0014166913249	0.39497428143185404	4.43288867318055
1987	05	20	0.0009405255631	0.3500178591550576	4.805602258826514
1987	05	21	0.0018967116305	0.22478211138398194	4.87932739971145
1987	05	22	7.904721195	0.1798256891071856	3.7242358261954815
1987	05	23	3.558976199	0.2890055717794054	3.2252978687924876
1987	05	24	0.0020084595386	0.32753964801665947	3.9530871133773835
1987	05	25	0.12338781195000001	0.36607372425391344	4.505795441644343
1987	05	26	0.20746901663	0.2761608797003207	3.8089346150295627
1987	05	27	1.0030631262	0.22157093836421077	3.699001299999192
1987	05	28	0.00103185665442	0.1862480351467279	4.739638326635886
1987	05	29	0.0018868504796000002	0.15734747796878737	5.584044670965017
1987	05	30	0.0009532868318999999	0.13808043985016036	5.299458800239616
1987	05	31	0.0013940198216999997	0.12844692079084685	5.630495331642405
1987	06	01	0.0023643541803999996	0.1220245747513045	5.551429060836041
1987	06	02	0.0009467126210000001	0.10596870965244864	5.650416359001487
1987	06	03	0.46547165839	0.09954636361290631	4.228859522412345
1987	06	04	0.20621148633	0.09633519059313513	4.110027225921013
1987	06	05	0.017683725066999997	0.09312401757336396	5.215669940028356
1987	06	06	0.0011201515397	0.0899128445535928	5.550640824348889
1987	06	07	1.3297730498	0.0899128445535928	4.080921116706394
1987	06	08	0.098118032315	0.0899128445535928	3.4410239262329894
1987	06	09	0.12266926260000001	0.08670167153382162	3.703034693022388
1987	06	10	1.08143319542	0.08027932549427927	4.041327873934333
1987	06	11	3.393108162	0.06101228737565225	3.9015111212467564
1987	06	12	0.15464416268999998	0.03532290321748288	4.695840166613196
1987	06	13	8.704664224	0.05137876831633874	3.365922429169515
1987	06	14	0.49742031811	0.0770681524745081	3.3099691789150434
1987	06	15	0.7261933606	0.07385697945473693	3.5246508039899225
1987	06	16	0.001893424139	0.07064580643496576	4.849152410042436
1987	06	17	0.0018933108609	0.0674346334151946	5.798214687562008
1987	06	18	0.0023536319174	0.06422346039542343	5.588251776457916
1987	06	19	0.6039911082	0.054589941336109914	4.437211715210185
1987	06	20	0.05222768974	0.054589941336109914	4.669060911401049
1987	06	21	0.0009532867546900001	0.05137876831633874	5.804630961393447
1987	06	22	0.00047006901754	0.04816759529656756	6.074599271958052
1987	06	23	0.0	0.041745249257025226	6.465024550563327
1987	06	24	0.0008287808537	0.03532290321748288	6.438916964405467
1987	06	25	0.11703707988	0.03532290321748288	6.59102398226651
1987	06	26	0.0009434252398000001	0.03532290321748288	6.52934963904525
1987	06	27	0.08289136549000001	0.028900557177940538	7.197962218626918
1987	06	28	1.9487509499	0.02568938415816937	6.257213040894789
1987	06	29	1.7428290121	0.02568938415816937	6.139886896971497
1987	06	30	3.4365803701	0.028900557177940538	5.481163852541428
1987	07	01	3.2459924486	0.0224782111383982	5.957291059814204
1987	07	02	0.9990331612800001	0.0224782111383982	5.992442793602145
1987	07	03	1.2344998806	0.019267038118627025	6.758335731675657
1987	07	04	2.4123880656	0.016055865098855857	6.2132059750107675
1987	07	05	5.400553823	0.009633519059313513	5.329451315805996
1987	07	06	1.3430225064	0.009633519059313513	4.975339254321012
1987	07	07	0.0077844938641	0.009633519059313513	5.4581910110080365
1987	07	08	0.0008058483807	0.009633519059313513	6.229541025401967
1987	07	09	0.46465921065	0.006422346039542342	6.333154318409732
1987	07	10	0.8441128846	0.006422346039542342	6.366229586729414
1987	07	11	0.10987232278	0.003211173019771171	6.2925998718208485
1987	07	12	1.08096012975	0.003211173019771171	4.806140416540203
1987	07	13	5.273287477	0.03211173019771171	5.245096039439687
1987	07	14	0.43820620431	0.019267038118627025	5.113205593032836
1987	07	15	0.004852543714999999	0.016055865098855857	4.678714761229695
1987	07	16	0.41393428120000003	0.012844692079084685	3.5592233631175323
1987	07	17	1.01596519295	0.009633519059313513	3.3390240184175455
1987	07	18	0.0019831624542	0.009633519059313513	4.101224053608875
1987	07	19	0.0009467125106999999	0.006422346039542342	5.229728381754339
1987	07	20	0.0	0.006422346039542342	5.822465423766559
1987	07	21	0.0	0.003211173019771171	5.98554859914081
1987	07	22	0.00047993063170000003	0.0	5.955871757155587
1987	07	23	0.0041788373815	0.0	5.0625210852168365
1987	07	24	1.00935823398	0.003211173019771171	4.331790878484538
1987	07	25	0.24751458978000002	0.003211173019771171	4.6908594257918494
1987	07	26	0.0014296163892	0.003211173019771171	5.537695624818254
1987	07	27	0.0	0.003211173019771171	6.061084492512589
1987	07	28	0.4113487389	0.003211173019771171	6.642083609374701
1987	07	29	2.4245490818000004	0.0	5.215877492140373
1987	07	30	0.00048788772885	0.0	5.2977536695458145
1987	07	31	0.0019065728917000001	0.003211173019771171	5.7460401307946745
1987	08	01	0.00094098192935	0.0	6.257706798480262
1987	08	02	0.0009467126210000001	0.0	6.622038137257268
1987	08	03	0.013277090059	0.0	7.2064010755224945
1987	08	04	0.010831314403999998	0.0	6.530385894872509
1987	08	05	0.005588971592	0.0	5.740665572709633
1987	08	06	0.09785645035	0.0	4.1281731271270665
1987	08	07	1.1378372623000002	0.0	4.216384796869276
1987	08	08	0.5596447726	0.0	4.448833194511029
1987	08	09	0.08454287636000002	0.0	5.281542731946363
1987	08	10	0.00041335292299	0.0	5.731543549938298
1987	08	11	0.0	0.0	6.34545612881844
1987	08	12	1.2159353979	0.0	6.978878525486411
1987	08	13	1.02072309375	0.0	6.280360150289183
1987	08	14	0.7927751835	0.0	4.823709880054344
1987	08	15	0.0016626580086	0.0	5.372489597761534
1987	08	16	0.7378544972	0.0	3.4588788718596732
1987	08	17	0.0022984719903999997	0.0	4.9986184097711055
1987	08	18	0.0	0.0	5.949236496102635
1987	08	19	0.0018781258599000002	0.0	5.7839530977413744
1987	08	20	0.09309743552000001	0.0	6.080197073504214
1987	08	21	0.3177653657	0.0	5.413774029312918
1987	08	22	0.0018428369191	0.0	4.915240893103436
1987	08	23	0.00048650499702	0.0	4.3903655775213934
1987	08	24	0.0042216758058	0.0	4.062212833778837
1987	08	25	0.0019085722998	0.0	4.851383613961345
1987	08	26	0.0	0.0	5.196294189245804
1987	08	27	0.3646862136	0.0	4.80590418190987
1987	08	28	0.09977003402	0.0	5.210470858106184
1987	08	29	11.444281284999999	0.0	4.614792947062943
1987	08	30	11.710400991999999	0.0	2.853809573416307
1987	08	31	6.760037722000001	0.0	2.6373960926826223
1987	09	01	0.26679884616	0.0	3.414834558305753
1987	09	02	0.6493995225	0.0	3.9198924779781357
1987	09	03	0.128109142785	0.0	3.843331366166335
1987	09	04	0.22029934425999997	0.0	4.177649997455506
1987	09	05	0.0039150364011	0.0	4.115939072850242
1987	09	06	0.00092260163662	0.0	5.027143884174149
1987	09	07	0.0	0.0	5.169725070440933
1987	09	08	0.0023645686036000003	0.0	4.876825801192729
1987	09	09	0.0	0.0	4.546093537994999
1987	09	10	0.0	0.0	4.546599524348325
1987	09	11	0.0	0.0	4.992218662592276
1987	09	12	0.0014352612123	0.0	5.323096152380932
1987	09	13	0.00048650506319999995	0.0	5.211845055080699
1987	09	14	0.07333808395	0.0	4.5545696846400885
1987	09	15	0.45159228951999997	0.0	4.482471850778017
1987	09	16	0.001880289615	0.0	4.791692830289618
1987	09	17	0.0	0.0	4.63149782730672
1987	09	18	0.00094013803508	0.0	4.7239191151047555
1987	09	19	1.314584078	0.0	3.212237972710462
1987	09	20	4.537357053	0.0	3.5248049321415595
1987	09	21	0.76257787821	0.0	2.7039268846963482
1987	09	22	1.3330904326	0.0	2.681456552251723
1987	09	23	20.156572754	0.0	1.9946063692476603
1987	09	24	0.8136213761200001	0.0	2.351743148005592
1987	09	25	8.842586211799999	0.0	2.1094080834878737
1987	09	26	9.035698459099999	0.0	1.7444212267189456
1987	09	27	0.9892213585999999	0.0	2.200479468279896
1987	09	28	0.060721954508	0.0	3.035077732643397
1987	09	29	0.03572502949800001	0.003211173019771171	2.9674188601951013
1987	09	30	0.24303886947	0.003211173019771171	2.638931800766455
1987	10	01	0.3922768762	0.006422346039542342	2.280897546712865
1987	10	02	3.2263972124	0.006422346039542342	1.7349375721716225
1987	10	03	3.309745628	0.006422346039542342	1.824764852056312
1987	10	04	4.4868480358000005	0.009633519059313513	1.7925025437664652
1987	10	05	15.00141768	0.006422346039542342	1.3557624260616687
1987	10	06	1.02894563888	0.028900557177940538	1.620381252745146
1987	10	07	0.6347219015000001	0.09633519059313513	1.6309236172409367
1987	10	08	0.28093394558	0.09312401757336396	1.7835547426270086
1987	10	09	5.232559863799999	0.09312401757336396	2.054986207761155
1987	10	10	1.136254347	0.09633519059313513	1.4391866465430356
1987	10	11	0.45985867889999993	0.09954636361290631	1.8792233719085518
1987	10	12	0.015217772232999999	0.10275753663267748	1.8147132111966355
1987	10	13	0.18461898185	0.10275753663267748	1.7892114384818005
1987	10	14	2.7014207224999995	0.10596870965244864	1.7385426404077946
1987	10	15	27.446244604	0.1862480351467279	1.460755428203928
1987	10	16	1.8113612699	1.5188848383517641	1.4391469032910413
1987	10	17	0.013854783	1.0982211727617406	1.9647018916952312
1987	10	18	0.077441325572	0.5426882403413279	1.7816051934867072
1987	10	19	12.561079815	0.3853407623725405	1.2211767251798744
1987	10	20	9.136838375	0.4302971846493369	1.236970142918189
1987	10	21	0.6626083887	0.5651664514797261	1.3243631576709674
1987	10	22	0.5934719626499999	0.5940670086576666	1.447987949853091
1987	10	23	0.5224449946	0.5298435482622432	1.5951562418906706
1987	10	24	0.7874019190000001	0.5009429910843026	1.725479705732348
1987	10	25	1.2032047925000002	0.6293899118751495	1.7782530247103054
1987	10	26	2.6218737963999996	0.5908558356378955	2.0855852697817308
1987	10	27	4.187252168500001	0.8927060994963855	1.4056255767692367
1987	10	28	0.08216616505000002	1.200978709394418	1.3684863317553286
1987	10	29	0.014410001213	0.7963709089032505	1.2552849125598462
1987	10	30	15.115936655	0.6037005277169801	0.877877653075406
1987	10	31	6.6793157700000005	3.2432847499688826	1.224719633392862
1987	11	01	0.39026522480000003	1.5638412606285603	1.5979084498815739
1987	11	02	0.6968823488999999	1.165655806176935	1.940574124129268
1987	11	03	5.982802154000001	1.0018859821686052	1.534096108437114
1987	11	04	3.1302153918	0.8381161581602756	1.3244249478959391
1987	11	05	0.22425595968	0.6871910262310306	1.2915383661842694
1987	11	06	0.12235091474	0.5908558356378955	1.2672252884958377
1987	11	07	10.080275085999999	0.5812223165785819	0.9175348058259898
1987	11	08	0.27186498031	0.6968245452903441	1.2298247566022396
1987	11	09	0.0025943924411	0.5812223165785819	1.3321136699565692
1987	11	10	0.10808731582	0.5105765101436162	1.2236503902841722
1987	11	11	0.074781122305	0.47525360692613333	1.2979294322784012
1987	11	12	0.07341539983800001	0.4238748386097946	1.1998606081853525
1987	11	13	4.1123429162	0.5137876831633874	1.106971487244189
1987	11	14	0.6355947054000001	0.4977318180645315	0.9826795871983223
1987	11	15	0.08192847958	0.5105765101436162	1.3931449671260372
1987	11	16	0.14216504129	0.4302971846493369	1.1948830021382257
1987	11	17	0.0011119705887000003	0.40460780049116757	1.4153824958212757
1987	11	18	0.002556754	0.38212958935276936	1.30153301943843
1987	11	19	0.0031992928625	0.3724960702934558	1.4111683705248041
1987	11	20	0.0009401379689	0.36607372425391344	1.3529694740749212
1987	11	21	0.002932454551	0.3596513782143712	0.980528420174426
1987	11	22	0.0080631272164	0.33717316707597295	1.080637818141947
1987	11	23	1.3733070259	0.31469495593757474	0.8104030784843534
1987	11	24	0.26843661365	0.2954279178189477	0.764347359880073
1987	11	25	0.0080405559759	0.28258322573986305	0.8248140909194358
1987	11	26	0.0034872817505000003	0.2504714955421513	0.8391038089689623
1987	11	27	0.009293636443	0.2312044574235243	0.8402624593503197
1987	11	28	0.0009401379689	0.21835976534443965	0.9233309066133613
1987	11	29	0.0009467126210000001	0.20872624628512612	0.9789763369910284
1987	11	30	0.0	0.19909272722581262	0.9526329737264027
1987	12	01	0.0009413993597	0.18945920816649908	0.993812427870399
1987	12	02	8.5910149645	0.19267038118627025	0.6529642510050506
1987	12	03	15.688192909	0.26331618762123604	0.658805231201551
1987	12	04	3.1054779696	0.7899485628637081	0.7092321625384252
1987	12	05	2.3389572745	0.7642591787055387	0.5651134556773469
1987	12	06	0.8360449911	0.6133340467762937	0.6746065106248084
1987	12	07	4.4111412042	0.5426882403413279	0.8685762611920498
1987	12	08	1.2744102811000002	0.4977318180645315	0.8474733228671101
1987	12	09	0.63990008942	0.4527753957877351	0.8813871667760017
1987	12	10	20.45972348	0.48167595296567567	0.7689845316654927
1987	12	11	10.746171627999999	0.7995820819230217	0.4036393678581228
1987	12	12	2.9190315925	0.9151843106347838	0.616549224585973
1987	12	13	14.602854145	3.564402051946	0.5956294029618641
1987	12	14	2.5788775328	6.743463341519459	0.6076342613589325
1987	12	15	0.84517678325	3.3075082103643068	0.8357322561258724
1987	12	16	1.0213124818	2.2799328440375315	0.7137433957684304
1987	12	17	2.366692761	1.8400021403288813	0.7147799299896078
1987	12	18	0.08777753416	1.650542932162382	0.8869851471263155
1987	12	19	0.0029015917286	1.4000714366202305	1.1049000368146542
1987	12	20	0.007396161426200001	1.3230032841457224	0.9551145167442097
1987	12	21	0.0018064561186	1.2652021697898415	0.8942638898803806
1987	12	22	0.012997552356999998	1.181711671275791	0.8287429963936165
1987	12	23	0.054988317848000005	1.0596870965244864	0.8403990675683278
1987	12	24	0.008440847581	0.995463636129063	0.8635371589203389
1987	12	25	0.18878896159	0.9344513487534107	0.865819213257345
1987	12	26	0.110622555805	0.8734390613777586	0.9804665912066438
1987	12	27	0.0045215661741	0.8124267740021062	0.8854633083655408
1987	12	28	0.0033308432605000005	0.7482033136066828	0.9608023153842176
1987	12	29	4.9688102832e-05	0.7096692373694288	1.0050678393619388
1987	12	30	0.042462742500000004	0.6871910262310306	1.0096285520400605
1987	12	31	8.7006401491	0.8124267740021062	0.6437890528340788
1988	01	01	0.045611575870000004	0.9023396185556991	0.8890820607188125
1988	01	02	1.9037881476	0.7899485628637081	0.7073057831732774
1988	01	03	1.0814249229200001	0.8156379470218774	0.7130941797592228
1988	01	04	0.46962995736	0.7803150438043945	0.7712728330572212
1988	01	05	17.612611347999998	0.7225139294485134	0.46969253153103785
1988	01	06	1.3013970512	2.44049149502609	0.5980542743288165
1988	01	07	0.0031115574850000003	2.218920556661879	0.7012397037513867
1988	01	08	0.0152484235	1.560630087608789	1.013375700227487
1988	01	09	0.00102436553065	1.3358479762248072	1.0672333001914707
1988	01	10	0.52230772625	1.223456920532816	1.0021317112288044
1988	01	11	2.5481235764999997	1.146388768058308	0.6467654051334994
1988	01	12	3.0828302912	1.0789541346431135	0.7628870804644775
1988	01	13	12.501797977	1.4578725509761117	0.8196862458370037
1988	01	14	15.186872790999999	1.666598797261238	0.7703421163334184
1988	01	15	11.010573964	3.8534076237254054	0.557023338864071
1988	01	16	1.03660288548	5.844334895983531	0.666471782760079
1988	01	17	0.027849685605	3.2432847499688826	0.9626972517902784
1988	01	18	0.006978681661800001	2.3602121695318106	1.0007395787621687
1988	01	19	6.1708195340000005	2.0744177707721763	0.7491087164273059
1988	01	20	0.48071226162	1.7789898529532286	0.8077406331958283
1988	01	21	0.05791362165	1.6312758940437548	0.7435790912224047
1988	01	22	0.31837010751	1.502828973252908	1.0047158472384665
1988	01	23	0.17192802929999998	1.4225496477586288	0.7791731358278863
1988	01	24	2.7806161225	1.387226744541146	0.7620153098477052
1988	01	25	1.6426421985	1.3840155715213744	0.6888808690305497
1988	01	26	16.416671465	1.4161273017190865	0.894090182921985
1988	01	27	22.282461864	4.110301465307099	0.8076203143805567
1988	01	28	0.9347385633	4.720424339063621	0.8354786908788024
1988	01	29	17.428301151	4.88098299005218	0.8585449587555813
1988	01	30	1.2620277825000001	7.3856979454736935	0.8694733213656087
1988	01	31	0.32786463224	4.238748386097946	0.9786025279238932
1988	02	01	5.1451206418	3.660737242539135	0.9203308992767844
1988	02	02	0.15633321967999997	3.403843400957441	0.9906329787641196
1988	02	03	5.7833654150000005	2.774453489082292	1.1538712797994328
1988	02	04	2.1090050478	3.3717316707597296	0.8518457333172619
1988	02	05	0.43887417008	2.9992356004662737	0.8933669436667658
1988	02	06	13.543247268	4.6883126088659095	1.0494118334723856
1988	02	07	0.015545878333999999	4.913094720249892	1.083744322080662
1988	02	08	0.26469877828	3.3717316707597296	1.206556981952869
1988	02	09	0.6118617852999999	2.9221674479917654	1.0451411247765319
1988	02	10	0.006057286641000001	2.581783107896021	1.1059797894978798
1988	02	11	0.613989362	2.3730568616108956	1.2753516318101965
1988	02	12	0.0039068439789	2.2702993249782177	1.2808296257998255
1988	02	13	0.0014297408076	2.0744177707721763	1.607474612952021
1988	02	14	0.00047993057655	1.9234926388429314	1.576241138890256
1988	02	15	0.026663980459	1.8335797942893386	1.5812195884907045
1988	02	16	0.64916289591	1.6794434893403227	1.2439946866530427
1988	02	17	1.0204622894	1.615220028944899	1.4252045209099578
1988	02	18	0.000990214941	1.5670524336483314	1.6788646074050642
1988	02	19	0.0	1.5220960113715352	1.7959080969140413
1988	02	20	0.05353628894	1.4931954541935948	1.9501784561846436
1988	02	21	1.4777204252	1.4353943398377134	1.6401108672833156
1988	02	22	2.9254209406	1.428971993798171	1.4446382928211725
1988	02	23	0.26796764010999996	1.560630087608789	1.712282306505565
1988	02	24	0.0766956711	1.4964066272133656	1.4504999676723007
1988	02	25	0.0009401379689	1.409704955679544	1.2589920515337194
1988	02	26	0.0009401379689	1.3037362460270951	1.3524469427035675
1988	02	27	0.32405889619000006	1.2266680935525873	1.1451620168846253
1988	02	28	0.005821444284000001	1.2074010554339603	1.2070526723291295
1988	02	29	0.0013162554539	1.1785004982560197	1.5862285368717295
1988	03	01	0.0	1.0950099997419693	1.6097274370020456
1988	03	02	0.0023733551016	1.0789541346431135	1.5855130099103045
1988	03	03	0.5578977308999999	1.0468424044454017	1.7787858234140357
1988	03	04	0.22242370020000002	1.0018859821686052	1.6650317450488257
1988	03	05	0.0026357322193	0.9826189440499783	1.4687963306959104
1988	03	06	0.0015819424540000002	0.9601407329115802	1.8415884391422153
1988	03	07	0.0	0.9312401757336396	2.214395971242266
1988	03	08	0.000949999561	0.9183954836545549	2.3451980448682916
1988	03	09	0.0018999990117	0.9119731376150125	2.350222685717903
1988	03	10	0.0009676347110500001	0.9055507915754702	2.3453821754042745
1988	03	11	0.0023823835978	0.8959172725161567	2.470018983847606
1988	03	12	0.0009401379689	0.863805542318445	2.7987340840647397
1988	03	13	0.0023633436118	0.8477496772195892	2.6761403564602793
1988	03	14	0.0028448560558	0.8734390613777586	2.384646583639374
1988	03	15	0.010360531944	0.8734390613777586	2.3939549549688564
1988	03	16	0.10224069887000001	0.8573831962789027	2.1572404772215754
1988	03	17	0.058585573662	0.8220602930614198	2.382577837421755
1988	03	18	0.029429788254999995	0.8220602930614198	2.78276341476575
1988	03	19	0.0034885161178000003	0.8060044279625638	3.1337395725063724
1988	03	20	0.00094213093548	0.7899485628637081	3.1447522908654335
1988	03	21	1.7498233557000002	0.7835262168241657	2.041880027688657
1988	03	22	0.020341475262	0.7835262168241657	2.353055950560964
1988	03	23	0.06842774855	0.7803150438043945	2.6244842956830032
1988	03	24	0.0012692558517999998	0.770681524745081	3.427058481587585
1988	03	25	0.064661413866	0.7610480056857676	3.223952192212339
1988	03	26	0.031873614909	0.7385697945473693	2.8508366904176587
1988	03	27	0.0023574156486	0.7096692373694288	3.178051852241115
1988	03	28	0.0009401379689	0.677557507171717	3.2420390261020198
1988	03	29	0.31874468630999997	0.6486569499937765	2.8293013375378435
1988	03	30	0.37818883076000004	0.619756392815836	1.8858622142225019
1988	03	31	0.10827658510500002	0.600489354697209	1.991937803086411
1988	04	01	0.00047993057655	0.5876446626181243	2.8378978416198724
1988	04	02	8.4579289699	0.5715887975192684	1.7957576764208858
1988	04	03	10.930618596999999	0.5972781816774378	1.686614747414839
1988	04	04	4.6711538208	0.8734390613777586	2.0702997475635385
1988	04	05	3.5137557359	1.1014323457815116	2.1027457843066095
1988	04	06	0.8169770992000001	1.033997712366317	2.765653440924035
1988	04	07	0.07165429929999999	0.9440848678127243	2.28650315667975
1988	04	08	0.03893757655999999	0.844538504199818	2.5865627508579965
1988	04	09	0.0014676304018	0.770681524745081	2.730942734174338
1988	04	10	0.46393721994000003	0.6711351611321748	2.995615129968792
1988	04	11	24.729606341999997	0.7064580643496577	2.2045921276551086
1988	04	12	1.7830692096	1.4771395890947385	2.3005676189126034
1988	04	13	1.0149369212	1.5509965685494755	1.9443683656250357
1988	04	14	0.20461548945000002	1.2363016126119009	3.6178807236635024
1988	04	15	0.9113370947000001	1.0693206155838	3.6075562691609413
1988	04	16	0.11395855173	0.9665630789511224	3.0189032132331737
1988	04	17	4.705700222	0.8959172725161567	2.2888846828155875
1988	04	18	6.7703169099	0.8991284455359277	2.5528998514201513
1988	04	19	4.622542845999999	1.5285183574110774	2.5573048067720747
1988	04	20	0.00183688105	1.8400021403288813	3.749534711388313
1988	04	21	0.75642049101	1.3358479762248072	3.8090598726735987
1988	04	22	4.814205641	1.1303329029594522	2.5944458897698133
1988	04	23	0.33940452707999996	1.0853764806826558	2.610100377092597
1988	04	24	1.6563865711999999	1.0532647504849442	2.8170792939686122
1988	04	25	5.7190157332	1.0115195012279188	2.264796482768757
1988	04	26	0.5838869478000001	1.0275753663267748	3.022478005164123
1988	04	27	0.24370922874999998	1.0532647504849442	3.5390218910054414
1988	04	28	0.038303647164000004	0.9601407329115802	3.61161805613571
1988	04	29	0.26541413996	0.9055507915754702	2.7555539358067995
1988	04	30	0.77544400922	0.8284826391009621	3.593492285078241
1988	05	01	7.658447767	0.863805542318445	2.2376908474409123
1988	05	02	8.6983587039	1.0275753663267748	2.1809400228328686
1988	05	03	1.9776052092999998	1.2491463046909854	2.8768089222465183
1988	05	04	12.510327476	1.3583261873632055	1.8235451814725179
1988	05	05	13.782969979	2.24782111383982	2.417070800661516
1988	05	06	16.938018753999998	2.4180132838876918	2.5905430943195067
1988	05	07	5.3395185459	3.3075082103643068	2.7407372878607554
1988	05	08	5.0891132799	2.6588512603705294	2.87475862090335
1988	05	09	0.9953544798	2.437280322006319	3.046437141965382
1988	05	10	0.019970258406000002	2.215709383642108	3.4109161314717755
1988	05	11	0.02000969948	1.9684490611197278	3.519884057005694
1988	05	12	4.319153872	1.8400021403288813	2.5396034211317633
1988	05	13	0.57089533951	1.971660234139499	3.197199915434901
1988	05	14	1.1284163187	1.8432133133486521	3.211356504466455
1988	05	15	2.1369884887	1.6441205861228396	3.913331869123999
1988	05	16	1.4868105791000001	1.5220960113715352	2.961220504048502
1988	05	17	1.0799950598999999	1.428971993798171	3.0185240919024756
1988	05	18	1.7506855708	1.3679597064225189	3.0804964664195014
1988	05	19	0.001638159055	1.3358479762248072	3.6958137283602017
1988	05	20	0.007124435832	1.2684133428096125	4.90253700472785
1988	05	21	0.16893844707	1.1560222871176216	4.640222821343155
1988	05	22	4.9146971032	1.0853764806826558	3.7468925269520774
1988	05	23	0.037623878191	1.0596870965244864	4.205266100795983
1988	05	24	0.51801023971	1.0179418472674613	4.514117944727669
1988	05	25	0.038548411688	0.937662521773182	4.003797406234302
1988	05	26	0.30650288638999995	0.8381161581602756	3.6274843477960417
1988	05	27	0.7306665770999999	0.751414486626454	4.133152539123984
1988	05	28	0.46046345380000003	0.6518681230135476	3.902004788035767
1988	05	29	0.26987319394	0.6486569499937765	3.559597618815204
1988	05	30	0.080418842085	0.6165452197960648	3.777012611611587
1988	05	31	0.0014215298550000002	0.5844334895983532	4.982408111851765
1988	06	01	2.8661999882e-05	0.5169988561831586	5.660619762092727
1988	06	02	0.0009518973828000001	0.468831260886591	6.188328441146311
1988	06	03	0.25223255095	0.41745249257025224	5.215785793847602
1988	06	04	0.009329821461	0.35322903217482887	4.520701987640999
1988	06	05	0.0014326229466	0.31469495593757474	4.889231604539915
1988	06	06	0.0009467126210000001	0.28258322573986305	5.135852667797232
1988	06	07	0.8744470391	0.26010501460146485	4.925580485365465
1988	06	08	13.980950758	0.26010501460146485	3.0195103328323
1988	06	09	6.564521706799999	0.39818545445162523	3.003756193725388
1988	06	10	7.5454668152	0.6326010848949207	2.749255647078782
1988	06	11	4.1420269625	0.6743463341519459	2.8075552996347057
1988	06	12	5.0712988372	0.677557507171717	3.4888750963514297
1988	06	13	11.197814831999999	0.6165452197960648	2.532339692008695
1988	06	14	9.720354053000001	0.5908558356378955	3.5383074388967906
1988	06	15	4.8220208372	0.6518681230135476	3.381487454771318
1988	06	16	5.123029096	0.6711351611321748	3.128698769628695
1988	06	17	1.9675499304000001	0.8124267740021062	4.420070750850801
1988	06	18	0.08264581563000001	1.387226744541146	4.6685180483498625
1988	06	19	0.051055380529	1.0179418472674613	5.409433955360688
1988	06	20	10.205960833	0.7160915834089712	4.923363630202468
1988	06	21	4.602555383	0.6711351611321748	4.9467495565091255
1988	06	22	14.562496478	0.7963709089032505	5.121707627251066
1988	06	23	9.744814180999999	1.0853764806826558	3.7151085290745227
1988	06	24	5.357527999	1.2266680935525873	4.095325819903826
1988	06	25	0.0029367957384	1.0307865393465458	4.70590406977332
1988	06	26	0.012099241582	0.8862837534568431	4.47157450487578
1988	06	27	0.27602763613000003	0.65829046905309	4.2333609776215075
1988	06	28	7.3935737882	0.5780111435588108	2.4070229542299066
1988	06	29	2.4937296829999998	0.6486569499937765	3.431185026879577
1988	06	30	2.5429339614999997	0.7160915834089712	3.43518895876112
1988	07	01	0.8235347651	0.6647128150926324	3.5418307023648667
1988	07	02	1.2831319227	0.6037005277169801	3.7254310607502137
1988	07	03	1.2172094732	0.5491105863808703	3.0656800939171096
1988	07	04	41.49281945	1.897803254684762	2.6116937435600436
1988	07	05	5.602176708	5.07365337123845	3.5671162459998453
1988	07	06	2.0217999927	2.8450992955172576	3.5447373731238954
1988	07	07	0.0028491073487	2.234976421760735	3.991256267281389
1988	07	08	0.0014397224061	1.7115552195380341	4.332701641053739
1988	07	09	0.0022128153267000003	1.3711708794422899	5.907374061935782
1988	07	10	0.0	1.1367552489989945	6.261904587574392
1988	07	11	0.0026084992596	0.976196598010436	5.6911892170224725
1988	07	12	0.0019238005384	0.8156379470218774	5.6201415408394615
1988	07	13	0.0048148382115	0.6968245452903441	5.232933236377885
1988	07	14	0.0027845180953000002	0.6133340467762937	5.388689717647426
1988	07	15	0.0033226035195999997	0.5555329324204126	5.404644159924987
1988	07	16	0.021236008262	0.488098299005218	6.012465692507001
1988	07	17	0.7656006828	0.4399307037086505	6.244774221877035
1988	07	18	8.5722925322	0.39176310841208284	5.418491557164308
1988	07	19	3.9544036844	0.3628625512341423	2.917312383895683
1988	07	20	0.0083900516735	0.33717316707597295	4.962295402578359
1988	07	21	0.010751396538999999	0.3082726098980324	5.550624712061579
1988	07	22	0.046819451316	0.21835976534443965	5.478561822399379
1988	07	23	0.029920057416	0.24083797648283783	4.398119897270337
1988	07	24	0.0049079800538	0.22157093836421077	5.09243556990591
1988	07	25	0.0014266429218	0.20551507326535495	6.175000928890399
1988	07	26	0.0009964006753	0.18303686212695672	5.893932980457461
1988	07	27	0.0014606747735	0.17019217004787207	5.7775718012422885
1988	07	28	0.0014134932867000002	0.15734747796878737	5.63460599792146
1988	07	29	2.1060279405000003e-05	0.1445027858897027	5.463158921406256
1988	07	30	0.0014177517491	0.13808043985016036	5.805585539102739
1988	07	31	0.00094013803508	0.13165809381061802	6.258796175709631
1988	08	01	0.004439679785	0.1348692668303892	6.811009601665981
1988	08	02	1.3300336887000002	0.12844692079084685	6.603920371268946
1988	08	03	0.0021509314014	0.11560222871176215	5.246224380773902
1988	08	04	0.00094342529495	0.10596870965244864	5.272282622568473
1988	08	05	0.0009631486446	0.09954636361290631	6.124462545162537
1988	08	06	0.0217332914	0.09633519059313513	5.191267458377405
1988	08	07	0.0014097565433	0.0899128445535928	5.379864560531349
1988	08	08	0.00094013803508	0.08670167153382162	5.596169653144303
1988	08	09	0.002379929864	0.08349049851405045	5.555781845455742
1988	08	10	0.0077015492568	0.07385697945473693	4.756817749318807
1988	08	11	0.0014595834653000001	0.07385697945473693	5.175855135736701
1988	08	12	0.00105300404325	0.07064580643496576	5.470698237906775
1988	08	13	0.002370067941	0.0674346334151946	5.745870107750528
1988	08	14	0.00093553037391	0.06422346039542343	5.389428000781219
1988	08	15	0.00047006901754	0.06101228737565225	5.243576163177059
1988	08	16	0.0021280348862	0.06101228737565225	5.164843599276756
1988	08	17	0.0014192155404	0.057801114355881075	5.586256662604381
1988	08	18	0.001903057741	0.05137876831633874	5.286722742877718
1988	08	19	0.012722643946	0.05137876831633874	4.770827818006773
1988	08	20	0.0018802758275	0.04816759529656756	4.65370787583295
1988	08	21	0.0028332072728	0.0449564222767964	4.577031317798877
1988	08	22	0.0018934243596	0.041745249257025226	4.781955385875872
1988	08	23	0.0023665777181	0.03853407623725405	4.965867154551819
1988	08	24	0.0	0.03532290321748288	5.071906482239519
1988	08	25	0.0018798973881999999	0.03211173019771171	5.469473004374204
1988	08	26	0.0014142115602999998	0.03853407623725405	5.99550127112735
1988	08	27	0.00108522310342	0.03211173019771171	5.031275706629707
1988	08	28	0.002682096714	0.03211173019771171	4.113403700339823
1988	08	29	0.0009047002334	0.03211173019771171	3.9918358032410626
1988	08	30	0.00047006901754	0.03211173019771171	4.55087093294242
1988	08	31	0.00047993057655	0.028900557177940538	4.513599251158434
1988	09	01	2.6741556655000003	0.0224782111383982	3.05574742148278
1988	09	02	0.008022459606399999	0.028900557177940538	3.127522164412733
1988	09	03	0.0	0.02568938415816937	4.547011754843385
1988	09	04	0.0023553281108	0.028900557177940538	5.201253586173951
1988	09	05	0.0	0.02568938415816937	5.75397808096728
1988	09	06	0.0009401379689	0.0224782111383982	6.066185690581454
1988	09	07	0.10204678044000001	0.0224782111383982	5.931630993913555
1988	09	08	0.17355040993999998	0.019267038118627025	5.337143331075756
1988	09	09	0.54977618748	0.019267038118627025	4.953733885879547
1988	09	10	0.0	0.019267038118627025	4.448517423439536
1988	09	11	0.00048650499702	0.019267038118627025	4.9035666118698655
1988	09	12	0.00047973469478	0.019267038118627025	4.562300274112925
1988	09	13	0.00047993057655	0.019267038118627025	3.9625321047047066
1988	09	14	0.0	0.019267038118627025	3.0416626303817424
1988	09	15	0.00047006901754	0.019267038118627025	3.016983294665362
1988	09	16	0.0	0.019267038118627025	3.1097216706121347
1988	09	17	0.0037986669230000002	0.016055865098855857	3.35243949335621
1988	09	18	0.00047006901754	0.016055865098855857	3.329947976147914
1988	09	19	0.0014196036861000001	0.016055865098855857	3.8277530273225597
1988	09	20	0.0	0.016055865098855857	3.946668648378021
1988	09	21	0.002378799289	0.012844692079084685	3.453970929105664
1988	09	22	0.0018237800572	0.012844692079084685	2.9599277165398328
1988	09	23	0.0011844158492999998	0.016055865098855857	3.1669150920261653
1988	09	24	0.0042470558358	0.012844692079084685	3.7981669016994406
1988	09	25	0.0028508711560000003	0.009633519059313513	3.9240451272295696
1988	09	26	0.0	0.012844692079084685	4.03266097981055
1988	09	27	0.0	0.012844692079084685	3.735870824589893
1988	09	28	0.00047993057655	0.012844692079084685	4.110871252079873
1988	09	29	0.000972613267	0.012844692079084685	2.9526894546197338
1988	09	30	0.0	0.012844692079084685	2.3206977408905813
1988	10	01	0.00048650506319999995	0.006422346039542342	2.9627705779457827
1988	10	02	0.0009401379689	0.006422346039542342	3.306638388590212
1988	10	03	0.019187297165000002	0.006422346039542342	3.4691841936496988
1988	10	04	0.010352435924	0.006422346039542342	3.273442780399068
1988	10	05	0.00048650499702	0.006422346039542342	2.814632540721752
1988	10	06	0.00047993057655	0.006422346039542342	3.140520181289849
1988	10	07	0.0031975067745999997	0.006422346039542342	2.7759039530866825
1988	10	08	0.0034577795889	0.006422346039542342	3.2594600733073644
1988	10	09	0.40422937025	0.006422346039542342	2.8572429761318845
1988	10	10	2.4325693257	0.006422346039542342	1.9481660737430058
1988	10	11	2.1738441307	0.009633519059313513	1.692743176498995
1988	10	12	0.50403697245	0.009633519059313513	1.508562020994226
1988	10	13	19.359498628	0.009633519059313513	1.6461732810463845
1988	10	14	19.619530878	0.009633519059313513	1.8349413029820727
1988	10	15	0.5859518740999999	0.012844692079084685	2.049736714980612
1988	10	16	4.92619654	0.009633519059313513	2.497305050227462
1988	10	17	1.04863429918	0.012844692079084685	1.6207992090892636
1988	10	18	14.955147933000001	0.009633519059313513	1.2222264424053277
1988	10	19	1.7430550168	0.028900557177940538	1.5137899209690557
1988	10	20	0.00048650506319999995	0.0224782111383982	1.8862435922247975
1988	10	21	0.0018868504796000002	0.0224782111383982	1.902957913737609
1988	10	22	4.449521854	0.0224782111383982	1.84096625063526
1988	10	23	0.4442157123	0.0224782111383982	1.8120201846387556
1988	10	24	0.0009401379689	0.0224782111383982	2.106441415986655
1988	10	25	0.0019307119364000002	0.019267038118627025	2.102589785289856
1988	10	26	0.48369309705999997	0.019267038118627025	1.7807751894309793
1988	10	27	4.8264150789	0.019267038118627025	1.2113605569578134
1988	10	28	0.053322036705	0.019267038118627025	1.68850797468628
1988	10	29	0.59525693652	0.019267038118627025	1.9171895606089975
1988	10	30	4.791374644	0.0224782111383982	0.9314198338157517
1988	10	31	0.7976694151	0.0224782111383982	1.3134972869189678
1988	11	01	0.19659583014	0.019267038118627025	1.626922567835491
1988	11	02	6.799376217000001	0.0224782111383982	1.1354916039642138
1988	11	03	3.2016141259999995	0.028900557177940538	1.3732672558160073
1988	11	04	1.0758145796	0.041745249257025226	1.618232010655734
1988	11	05	2.4780225218000003	0.03211173019771171	1.5287815313313493
1988	11	06	5.311294651	0.03532290321748288	1.2877756603135448
1988	11	07	13.922040631000002	0.03853407623725405	0.8272958068804489
1988	11	08	8.084740722000001	0.10275753663267748	0.8281635232463038
1988	11	09	1.11873202282	0.2729497066805495	1.0930062713855417
1988	11	10	0.25614896202	0.2536826685619225	1.5938726792992821
1988	11	11	6.7030505652	0.1669809970281009	1.1641890215793862
1988	11	12	0.59632916282	0.12523574777107566	1.2379296419801031
1988	11	13	0.0004665407632	0.11881340173153333	1.527464480946634
1988	11	14	0.021801106046	0.10596870965244864	1.3739900614524203
1988	11	15	0.0014312441966	0.09312401757336396	1.4023241231724244
1988	11	16	0.0005383460632	0.08670167153382162	1.4426904988883207
1988	11	17	0.009039579144	0.08027932549427927	1.3219264255323038
1988	11	18	0.010034264544	0.0770681524745081	1.0945587383671003
1988	11	19	0.021891697642	0.07064580643496576	1.1814659642966905
1988	11	20	3.5138443068	0.0674346334151946	1.2563228590023778
1988	11	21	2.1755277499	0.0674346334151946	1.0923822251513595
1988	11	22	0.0009598612082499999	0.0674346334151946	0.7359337623427514
1988	11	23	5.8733402134e-05	0.07064580643496576	0.9168590753850536
1988	11	24	9.737024243500001e-05	0.06422346039542343	1.0541571560007337
1988	11	25	3.789741447	0.06101228737565225	0.7171628043865653
1988	11	26	4.697647219	0.06101228737565225	0.7318387876101266
1988	11	27	0.000481973498	0.07064580643496576	1.028739239460683
1988	11	28	0.0009497960575	0.07385697945473693	1.0672424916745993
1988	11	29	0.0015831468197	0.07064580643496576	1.1338112450337299
1988	11	30	13.593406193000002	0.07385697945473693	0.9836032106768937
1988	12	01	1.3078282030000001	0.0770681524745081	0.6970919559130554
1988	12	02	0.6435909039000001	0.10917988267221983	0.7640011362930502
1988	12	03	0.16251129916	0.10275753663267748	0.7831685672711164
1988	12	04	0.0012870722799	0.08670167153382162	0.9699718398521486
1988	12	05	0.008806681797000001	0.0770681524745081	0.9521951576345364
1988	12	06	0.013865273632999999	0.07385697945473693	0.8045882137661192
1988	12	07	0.0	0.07385697945473693	0.8009175607250549
1988	12	08	0.0018987109282999999	0.07385697945473693	0.7935303357787041
1988	12	09	0.0009401379689	0.07064580643496576	0.8243446446929256
1988	12	10	0.0009490987409	0.0674346334151946	0.8484395905298209
1988	12	11	0.0009482089507999999	0.06422346039542343	0.8384434763774853
1988	12	12	0.00047993063170000003	0.06422346039542343	0.9002702685643311
1988	12	13	0.0009422139252	0.0674346334151946	0.7716778767204291
1988	12	14	0.00047335617813999996	0.0674346334151946	0.7765593579472165
1988	12	15	0.002370067941	0.07064580643496576	0.7987654949372208
1988	12	16	0.0009532868870499999	0.07064580643496576	0.7982247478380369
1988	12	17	0.0018864231774	0.0674346334151946	0.7274469027123799
1988	12	18	0.00047993057655	0.06422346039542343	0.7814832144503168
1988	12	19	0.0014148404909	0.06101228737565225	0.9052848209105212
1988	12	20	0.00016936921269000002	0.057801114355881075	0.8518913373792243
1988	12	21	0.005553481464	0.057801114355881075	0.9300114614448537
1988	12	22	0.004497374406	0.057801114355881075	1.002994999411635
1988	12	23	0.0028148824719999997	0.057801114355881075	0.8656894526536931
1988	12	24	0.03539463908399999	0.054589941336109914	0.8874728774549835
1988	12	25	0.09849034445	0.054589941336109914	0.5909214264615651
1988	12	26	0.01474513563	0.054589941336109914	0.9375294863606891
1988	12	27	0.005173662862499999	0.054589941336109914	0.8583361296981737
1988	12	28	0.007453494925000001	0.054589941336109914	0.8326238095285513
1988	12	29	0.0006318304642100001	0.054589941336109914	0.871962935103739
1988	12	30	0.00011569384648	0.054589941336109914	0.8781151641998647
1988	12	31	0.0010525439268	0.05137876831633874	0.8921306194744735
1989	01	01	0.0010359203932	0.054589941336109914	0.949110489678622
1989	01	02	1.2612570061e-06	0.054589941336109914	0.8819627019992207
1989	01	03	0.0	0.057801114355881075	0.880503710065202
1989	01	04	0.0009337951674000001	0.057801114355881075	0.8980392794269908
1989	01	05	0.07700736787	0.054589941336109914	0.7660451266264029
1989	01	06	10.47347032	0.05137876831633874	0.9060675752461448
1989	01	07	0.018455522845000003	0.054589941336109914	0.8420055787871005
1989	01	08	0.0014468940018	0.06101228737565225	0.992294106707452
1989	01	09	0.797007946	0.06101228737565225	1.0962810290580736
1989	01	10	13.048065345	0.057801114355881075	0.7418480137539122
1989	01	11	0.5740332973	0.06422346039542343	0.7194010042569429
1989	01	12	0.038352475871	0.0770681524745081	1.010391937273078
1989	01	13	0.001996268962	0.07385697945473693	1.1601485362868251
1989	01	14	0.020614255986	0.07064580643496576	0.916015321475994
1989	01	15	0.0021913122314000002	0.06422346039542343	0.9879104894667031
1989	01	16	0.0026913087494000003	0.057801114355881075	0.9983154443932564
1989	01	17	0.0052646834152	0.06101228737565225	0.9365054551658427
1989	01	18	9.321063641e-05	0.06101228737565225	0.9285179027427658
1989	01	19	0.0018868495972	0.06101228737565225	1.0471055022490419
1989	01	20	0.0018828357802	0.06101228737565225	1.0870698561181615
1989	01	21	0.025602218319999998	0.0674346334151946	1.0601515901405192
1989	01	22	0.015887877823000003	0.06422346039542343	0.9309170706485547
1989	01	23	0.004976323477999999	0.057801114355881075	0.9687963481949683
1989	01	24	0.0018856683945	0.05137876831633874	1.0920233734528422
1989	01	25	0.020841587595	0.05137876831633874	0.9632272597887559
1989	01	26	0.45883534859	0.05137876831633874	1.1022574123692856
1989	01	27	0.0009598612634000001	0.054589941336109914	1.2691145826525427
1989	01	28	0.07464813911	0.054589941336109914	1.2759397583131569
1989	01	29	0.00047993057655	0.05137876831633874	1.2190525398037948
1989	01	30	0.0	0.05137876831633874	1.290589704601597
1989	01	31	0.002363992617	0.04816759529656756	1.1774589366119297
1989	02	01	2.107326723	0.05137876831633874	1.0984462525424767
1989	02	02	0.30698175384	0.05137876831633874	1.2038876079393734
1989	02	03	0.018261076078	0.05137876831633874	1.2850428069385453
1989	02	04	0.033378362805	0.05137876831633874	1.0926904784601592
1989	02	05	2.4844051416e-05	0.04816759529656756	1.3136935110121417
1989	02	06	0.00048650499702	0.04816759529656756	1.342742300701568
1989	02	07	1.5887811643	0.04816759529656756	1.305766406587683
1989	02	08	3.9650795111000003	0.04816759529656756	1.0432567153517718
1989	02	09	4.8217758609	0.04816759529656756	0.6420163612526467
1989	02	10	2.334145437	0.05137876831633874	0.8546376068027693
1989	02	11	0.14957668288	0.054589941336109914	1.444258789332549
1989	02	12	0.0014186867622	0.054589941336109914	1.622720140837494
1989	02	13	0.0	0.05137876831633874	1.6193499210636102
1989	02	14	0.0009461312297	0.05137876831633874	1.6046689074451361
1989	02	15	0.0009401379689	0.05137876831633874	1.8208722349099997
1989	02	16	0.0014199134085	0.05137876831633874	1.9671391753944272
1989	02	17	0.0	0.05137876831633874	2.0188970773693193
1989	02	18	0.0018894788183	0.05137876831633874	2.1496874354979534
1989	02	19	0.0009401379689	0.04816759529656756	2.0881590680682582
1989	02	20	0.022158194574999998	0.05137876831633874	1.7934541657241925
1989	02	21	1.3687941013999998	0.04816759529656756	1.5521609438543313
1989	02	22	6.542730177	0.04816759529656756	1.4611258369312228
1989	02	23	2.3710600895	0.05137876831633874	1.1668331414062099
1989	02	24	15.975629194	0.06101228737565225	1.4210687887523556
1989	02	25	13.212774129	0.11560222871176215	1.4076972334905167
1989	02	26	10.158624485	0.5780111435588108	1.1037882157295422
1989	02	27	1.9544147446000002	1.1752893252362486	1.4703929385918768
1989	02	28	2.2485081861	0.6229675658356072	1.4099314647158967
1989	03	01	1.0125337047999998	0.488098299005218	1.407894774658155
1989	03	02	0.57450000969	0.44314187672842154	1.4884814849334254
1989	03	03	0.7387970107000001	0.36928489727368463	1.6551429138579086
1989	03	04	0.0024504808323999997	0.32432847499688827	2.4076238384327078
1989	03	05	0.0019345652669000002	0.2922167447991766	2.2312442419084264
1989	03	06	0.028768747118999998	0.28258322573986305	1.8548747739326088
1989	03	07	0.07614171141	0.2729497066805495	1.6553798861461875
1989	03	08	0.0018794518864999998	0.26331618762123604	2.351360149901862
1989	03	09	0.0009401379689	0.244049149502609	2.6930225951374998
1989	03	10	0.0	0.2312044574235243	2.999289136857773
1989	03	11	0.0018844817871	0.22478211138398194	3.1064797506793385
1989	03	12	0.002098028433	0.21514859232466846	3.07038105546748
1989	03	13	0.024002475651999998	0.20872624628512612	1.7945239712631942
1989	03	14	0.00047006903959999997	0.20551507326535495	2.394701672349286
1989	03	15	0.00047993057655	0.20230390024558378	2.6365614754151614
1989	03	16	0.97360787519	0.20230390024558378	1.7712202714885865
1989	03	17	1.8377345514	0.20551507326535495	1.6725793260427462
1989	03	18	0.0024033928800000002	0.20872624628512612	2.024766783820074
1989	03	19	0.0	0.2119374193048973	2.2591113482780787
1989	03	20	0.0049052693209999994	0.20551507326535495	2.183730632742552
1989	03	21	0.04697877746	0.20230390024558378	2.4256041496499394
1989	03	22	0.002373354881	0.19909272722581262	3.235202682776991
1989	03	23	0.0014097123129999999	0.19588155420604142	2.8680869449927355
1989	03	24	0.018632875317999998	0.19267038118627025	2.8977296601157296
1989	03	25	0.00048371432981	0.19267038118627025	3.7402624498942245
1989	03	26	0.0021446114320000003	0.19267038118627025	3.006734457633811
1989	03	27	12.921836922	0.19588155420604142	2.6624734546293367
1989	03	28	8.764435793999999	0.5137876831633874	1.5603284180706707
1989	03	29	0.019471873371	0.677557507171717	2.9908489330205086
1989	03	30	1.3044990181000002	0.4656200878668198	3.13226757288558
1989	03	31	0.23410573865	0.37891841633299816	2.488164627986708
1989	04	01	0.14995885032	0.3435955131155153	2.4927570127611536
1989	04	02	0.7062297223999999	0.32432847499688827	1.6470011895316974
1989	04	03	15.841599252	0.41424131955048105	1.232272466510509
1989	04	04	3.5524896766	1.5670524336483314	2.17279594598317
1989	04	05	1.7194257787	1.5349407034506197	1.995976177030274
1989	04	06	2.9605578880000003	1.220245747513045	2.009367600052143
1989	04	07	5.152425149000001	1.200978709394418	1.7998591408669509
1989	04	08	14.707210078	1.0821653076628845	2.2078047594630195
1989	04	09	1.1311208747	1.9074367737440758	2.154796216986744
1989	04	10	0.5226158493	1.689077008399636	2.290537499097326
1989	04	11	0.9178540598999999	1.2266680935525873	2.7454386258336427
1989	04	12	5.242540690199999	1.1881340173153332	1.822265997813593
1989	04	13	1.6261123096000003	1.8078904101311692	2.0584735159805994
1989	04	14	1.6294337735	1.409704955679544	2.6401104410605396
1989	04	15	0.8275125581199999	1.2074010554339603	2.4637501499706955
1989	04	16	0.24829159812999999	1.0628982695442577	2.1370860524260595
1989	04	17	0.015633880085999998	0.9151843106347838	2.6194081856772273
1989	04	18	0.0023617163559	0.825271466081191	3.574095734501515
1989	04	19	3.602360498	0.7321474485078269	3.1456082397715766
1989	04	20	0.19957079762	0.7000357183101152	2.965450325980183
1989	04	21	0.03583087779	0.6679239881124036	3.526402036462337
1989	04	22	1.0920316577	0.6229675658356072	3.3294921180835537
1989	04	23	0.023507330128000003	0.6486569499937765	3.034705544678453
1989	04	24	2.263705651	0.6839798532112594	3.0460504831366104
1989	04	25	9.234239893	1.5638412606285603	2.711090530517916
1989	04	26	0.06795470714599999	2.177175307404854	2.557980912143524
1989	04	27	0.21864101685	1.390437917560917	2.783933266307059
1989	04	28	0.6791222289500001	1.0436312314256306	2.870663920621163
1989	04	29	0.47515524834999995	0.9055507915754702	3.7741293476731403
1989	04	30	0.0023688929151	0.7803150438043945	3.84795335466795
1989	05	01	0.0009401379689	0.6871910262310306	4.56681603421777
1989	05	02	0.0009401379689	0.6165452197960648	4.889696474978094
1989	05	03	0.001413493397	0.6743463341519459	4.722172095756801
1989	05	04	0.0	0.5202100292029297	5.191476217071348
1989	05	05	0.0	0.4527753957877351	5.099471308836094
1989	05	06	0.0	0.40460780049116757	5.669390114488698
1989	05	07	0.0012410285376	0.36607372425391344	5.468497779918867
1989	05	08	4.301396233799999	0.3307508210364306	4.267353258671543
1989	05	09	0.31871092348	0.3082726098980324	3.344439276197768
1989	05	10	0.31796893538	0.30185026385849006	3.9673801109961926
1989	05	11	0.010261128481	0.2922167447991766	3.9673807746186407
1989	05	12	3.0406535565999997	0.28258322573986305	3.460480529303463
1989	05	13	0.030462860260999997	0.30185026385849006	3.589004290765718
1989	05	14	0.0	0.28258322573986305	5.145004201111998
1989	05	15	0.0014305011055	0.2344156304432955	4.702035430719959
1989	05	16	0.0006358304495900001	0.21835976534443965	5.648216078018677
1989	05	17	0.0	0.1862480351467279	5.757275037602667
1989	05	18	1.9876682091999998	0.14771395890947386	5.260980913743188
1989	05	19	2.5334682361	0.14771395890947386	4.7265138083711875
1989	05	20	1.5751352895	0.14771395890947386	4.839712071874687
1989	05	21	1.411664623	0.12523574777107566	4.5934529874822925
1989	05	22	10.810759999	0.1220245747513045	4.479104281349339
1989	05	23	10.87805072	0.1220245747513045	4.085570793619129
1989	05	24	3.2267650629	0.13808043985016036	3.525831297746577
1989	05	25	0.7561034116	0.18945920816649908	4.2968990993809815
1989	05	26	3.032851817	0.1862480351467279	4.387654856594293
1989	05	27	9.427442476000001	0.1541363049490162	3.999913087254746
1989	05	28	19.05351981	0.18945920816649908	3.6198683740347217
1989	05	29	5.653663645000001	0.39176310841208284	4.0582681476688265
1989	05	30	5.787512143500001	0.9472960408324955	3.6912749253272774
1989	05	31	8.9192193428	0.4527753957877351	3.422205934126095
1989	06	01	0.7558658253999999	0.35322903217482887	3.3671052988156167
1989	06	02	1.3378731509000001	0.2729497066805495	3.3673730490576896
1989	06	03	0.016093943591999997	0.2119374193048973	3.973588107270885
1989	06	04	0.0014612591429000001	0.17661451608741444	4.112554410228376
1989	06	05	0.0015965236728	0.14129161286993153	4.405845221023699
1989	06	06	0.0012663645579000001	0.11560222871176215	4.756106011541669
1989	06	07	0.20308606965000003	0.10275753663267748	4.695352425107727
1989	06	08	0.06804438987	0.0899128445535928	4.427010396441813
1989	06	09	0.001209657894	0.08027932549427927	4.5503933201886895
1989	06	10	0.056474354452000004	0.07385697945473693	4.823081491949179
1989	06	11	0.00074799287612	0.07385697945473693	6.096228130789668
1989	06	12	0.0035860198839	0.0674346334151946	5.987152925718098
1989	06	13	0.019438330038	0.06101228737565225	5.903850016589488
1989	06	14	1.8649633197	0.054589941336109914	5.840116442384577
1989	06	15	9.651375741999999	0.054589941336109914	4.568735687707632
1989	06	16	13.714200135	0.09633519059313513	5.146894622176082
1989	06	17	2.2960547659000006	0.07385697945473693	5.633090120381761
1989	06	18	6.0287712232	0.07385697945473693	5.104876342187486
1989	06	19	0.9394059077999999	0.0674346334151946	4.876587563464211
1989	06	20	2.7086072087	0.057801114355881075	5.25396612073779
1989	06	21	0.21882712604000001	0.054589941336109914	5.597587217013915
1989	06	22	0.33251895030999995	0.05137876831633874	5.112851290120933
1989	06	23	2.6411017336	0.05137876831633874	5.2894235302368156
1989	06	24	0.00047056722058	0.04816759529656756	5.6734386188735915
1989	06	25	0.0023615045799	0.0449564222767964	6.031039672108984
1989	06	26	0.0	0.0449564222767964	5.7477354766619895
1989	06	27	0.0014271215134999998	0.041745249257025226	5.23821471906259
1989	06	28	0.0009532868318999999	0.03853407623725405	5.946845024338759
1989	06	29	0.00047993063170000003	0.03211173019771171	6.608912375258945
1989	06	30	0.002520323013	0.028900557177940538	6.184272284851711
1989	07	01	0.0009598611531	0.028900557177940538	6.44752510367042
1989	07	02	0.0014075485578999999	0.02568938415816937	6.478531808130505
1989	07	03	0.04495510336	0.0224782111383982	6.461849816302587
1989	07	04	0.062672611111	0.0224782111383982	4.930335602049563
1989	07	05	0.25256212735	0.019267038118627025	5.604861819126449
1989	07	06	6.0914424699	0.016055865098855857	4.4716845626162165
1989	07	07	0.0009532868318999999	0.016055865098855857	5.274661629550796
1989	07	08	0.0009434251625900001	0.016055865098855857	5.755542197999355
1989	07	09	0.0020073066830000002	0.012844692079084685	6.237157309399427
1989	07	10	0.0033145337509999998	0.012844692079084685	6.247836958717949
1989	07	11	0.0004801461579	0.009633519059313513	6.4844974801906
1989	07	12	0.0018802758275	0.006422346039542342	6.2651784061357185
1989	07	13	0.0018889550035999997	0.006422346039542342	6.81753232832277
1989	07	14	0.003306917536	0.003211173019771171	7.246727699463467
1989	07	15	0.0009429232645	0.003211173019771171	7.336541873600596
1989	07	16	0.00096306596372	0.003211173019771171	7.270030642292499
1989	07	17	0.0019061177939000001	0.003211173019771171	6.983542290368698
1989	07	18	0.00087406414368	0.003211173019771171	7.8217288156575195
1989	07	19	0.013861148412999999	0.003211173019771171	7.133937332606537
1989	07	20	0.37681984231	0.003211173019771171	6.854153604567569
1989	07	21	25.430635640000002	0.003211173019771171	5.676919378767837
1989	07	22	5.8576586418000005	0.003211173019771171	4.140344095634945
1989	07	23	0.014897620968	0.003211173019771171	4.661311704803088
1989	07	24	0.0009523378107	0.003211173019771171	5.383677880318263
1989	07	25	0.0014201915851	0.0	5.875416739451647
1989	07	26	0.0009598612082499999	0.0	6.282021701161406
1989	07	27	0.0009267387249	0.0	6.492627264330152
1989	07	28	0.007982603473500001	0.0	6.768223019205934
1989	07	29	2.4163622849	0.0	6.186385721609213
1989	07	30	1.2625886579999999	0.0	6.886088374689816
1989	07	31	0.5301502216999999	0.0	6.752785038797506
1989	08	01	2.9051252994	0.0	6.9783413065278
1989	08	02	0.7844946757200001	0.0	6.453299074161196
1989	08	03	0.2253079349	0.0	4.646029305358416
1989	08	04	1.3199709094	0.0	4.547419375895365
1989	08	05	0.31021935665	0.0	4.043916422779782
1989	08	06	2.1329248161	0.0	3.8126418652846663
1989	08	07	0.38177580882	0.0	4.5289477509952505
1989	08	08	0.1936596662	0.0	4.698528220440447
1989	08	09	0.46987780146	0.0	5.552777248267832
1989	08	10	0.028881239883	0.0	5.051064846569571
1989	08	11	0.0009644612146	0.0	5.474935000916043
1989	08	12	0.0	0.0	5.7761131958781124
1989	08	13	0.0009598612634000001	0.0	5.111362339106991
1989	08	14	0.0032360665516	0.0	5.005365403703121
1989	08	15	0.0028905073507	0.0	4.792599252784873
1989	08	16	0.33855812899999993	0.0	3.920267054919592
1989	08	17	0.0	0.0	5.215639503770198
1989	08	18	0.0014172141469	0.0	6.086165133818263
1989	08	19	0.0024348464692	0.0	5.265429408325616
1989	08	20	0.0009467126210000001	0.0	5.306762737635342
1989	08	21	0.0018821416623	0.0	5.966124963748952
1989	08	22	0.00047993057655	0.0	6.114633379044924
1989	08	23	0.56472195881	0.0	5.075124198027961
1989	08	24	0.17718472876000002	0.0	5.318960021239933
1989	08	25	0.23248446101	0.0	4.8991123808474875
1989	08	26	0.0019070213714999999	0.0	5.419920712956491
1989	08	27	0.008654650453800001	0.0	5.224450565383577
1989	08	28	0.00071350327942	0.0	5.267359759673658
1989	08	29	0.010045016588000001	0.0	4.456433505185153
1989	08	30	2.1760925962	0.0	2.628954338159672
1989	08	31	0.0027737920821	0.0	4.277551935929902
1989	09	01	0.0009499996712999999	0.0	4.106812087789611
1989	09	02	0.10706094123	0.0	3.9858107620630534
1989	09	03	0.00063271780565	0.0	4.468169745922943
1989	09	04	0.0026559309067999996	0.0	4.249958384202089
1989	09	05	0.008381472429200001	0.0	3.966549132729158
1989	09	06	2.9706801189999998e-05	0.0	3.9203123927357346
1989	09	07	8.717366371999999	0.0	3.4557946321792383
1989	09	08	0.09384266644	0.0	3.828410137237069
1989	09	09	0.9787405423000001	0.0	2.956160436267195
1989	09	10	0.041387000938999996	0.0	2.9446893194549992
1989	09	11	0.0009401379689	0.0	3.652978113007678
1989	09	12	0.00047993057655	0.0	3.748501932450376
1989	09	13	0.0	0.0	3.6132285278233995
1989	09	14	0.00047006901754	0.0	4.382145359018673
1989	09	15	0.0023815459796	0.0	4.411257140869823
1989	09	16	0.14338110982	0.0	3.6823048002865466
1989	09	17	1.9611369781	0.0	2.7165794682188267
1989	09	18	0.5567884437999999	0.0	2.647126462733324
1989	09	19	0.017273981524	0.0	3.189430705201645
1989	09	20	0.0009401379689	0.0	4.08984464849951
1989	09	21	0.0018983127453	0.0	3.6637137751593594
1989	09	22	0.017373752286	0.0	2.70275260937086
1989	09	23	0.0014220654718	0.0	3.6282718031891443
1989	09	24	0.005881418806	0.0	3.9828009118997225
1989	09	25	0.03977480871	0.0	3.512880936419482
1989	09	26	0.0018861451111	0.0	3.740364043794845
1989	09	27	0.00094342529495	0.0	3.704094653008616
1989	09	28	0.0009407771574	0.0	3.6751747698928594
1989	09	29	0.0	0.0	2.9806411344593524
1989	09	30	0.0014330512415	0.0	3.2869599163784873
1989	10	01	0.68579792688	0.0	3.051507733149758
1989	10	02	0.008455907943	0.0	3.239391230859116
1989	10	03	0.0	0.0	3.153020870506363
1989	10	04	0.0023671344021999998	0.0	3.4478861377103365
1989	10	05	0.062031371030999996	0.0	3.2798030901145947
1989	10	06	0.0008254948291899999	0.0	3.2189559186954737
1989	10	07	0.0023700676100999996	0.0	3.3283785369750376
1989	10	08	0.0	0.0	3.1181734087443833
1989	10	09	0.0014332166915	0.0	2.4938931354909584
1989	10	10	0.0014200682697	0.0	2.5786182472082144
1989	10	11	0.0014070048892000002	0.0	2.2811231357766033
1989	10	12	0.03092722657	0.0	2.546626697284851
1989	10	13	8.632200433	0.0	2.216306036285823
1989	10	14	3.0789234652	0.0	2.4029807669396615
1989	10	15	0.0028360272026	0.0	2.371156276118209
1989	10	16	0.18286599498	0.0	2.2466181473866027
1989	10	17	5.1672921551	0.0	1.165586156771531
1989	10	18	2.0184391517	0.0	1.5159631518895709
1989	10	19	0.05108612886	0.0	1.7636733462988432
1989	10	20	0.00039864597322	0.0	2.0805906233944986
1989	10	21	0.0014328324063000001	0.0	2.2240658342985586
1989	10	22	3.5821804512	0.0	1.7229066875463581
1989	10	23	4.0300238202	0.0	1.6655723436683312
1989	10	24	0.049311001470999996	0.0	2.3600492967919178
1989	10	25	0.0	0.0	2.446036410102519
1989	10	26	0.0028565763131999998	0.0	1.8659934214977398
1989	10	27	8.596317637	0.0	1.2657618535843995
1989	10	28	0.008241998741	0.0	1.3500362141630242
1989	10	29	0.00072414183575	0.0	1.9834165102910235
1989	10	30	0.0014304266529999998	0.0	2.185788085986704
1989	10	31	0.0	0.0	2.2188825854304115
1989	11	01	0.0011964650212999998	0.0	1.8438923871789779
1989	11	02	1.230364513	0.0	1.2663261859108488
1989	11	03	1.6083985708	0.0	1.1568431711699647
1989	11	04	0.093596168	0.0	1.4713744141831284
1989	11	05	1.2219262321	0.0	0.9318881970525915
1989	11	06	0.075991930628	0.0	1.3046282777224891
1989	11	07	0.135390817885	0.0	1.3488773627079684
1989	11	08	0.39425925398	0.0	1.2288673265918333
1989	11	09	0.004325442075000001	0.0	1.5718468697182204
1989	11	10	0.0029543063046	0.0	1.6338059398726819
1989	11	11	9.648937009	0.0	1.0295469190471525
1989	11	12	22.487445589999997	0.0	1.0173487837619577
1989	11	13	0.0014233555406	0.0	1.5171319933596363
1989	11	14	12.198545775	0.0	0.7726760477728677
1989	11	15	6.0965681109	0.0	0.8073968980519676
1989	11	16	4.3751866028999995	0.0	0.802577194102931
1989	11	17	18.807890534000002	0.0	0.6198796361231087
1989	11	18	37.617711318000005	0.006422346039542342	0.6444407108262779
1989	11	19	20.379314779999998	0.028900557177940538	0.625417239048242
1989	11	20	7.1795202035	0.32753964801665947	0.7098324629413453
1989	11	21	7.301738670000001	1.2876803809282396	0.6554923129270709
1989	11	22	13.401040787000001	2.5239819935401404	0.615090198592474
1989	11	23	7.1618793730000005	8.124267740021063	0.7109785869742755
1989	11	24	2.6790434997	3.4680668613528653	0.6741129694286553
1989	11	25	8.2948847232	2.1065295009698883	0.6200759073791541
1989	11	26	9.977987278	1.689077008399636	0.558361315827623
1989	11	27	2.3278906549	1.5991641638460434	0.8332164834144895
1989	11	28	0.6084288411900001	1.6409094131030684	0.8149757686984024
1989	11	29	1.2890561357	1.278046861868926	0.9331323809627248
1989	11	30	2.8773766872	1.2298792665723586	0.9076355139179797
1989	12	01	0.06325082908	1.1720781522164774	0.9022142774781319
1989	12	02	0.26014020061000004	0.9023396185556991	1.0546911357403075
1989	12	03	7.3030244371	0.7096692373694288	0.7622606565442489
1989	12	04	3.5480335565999996	0.7128804103892	0.5706138515910109
1989	12	05	12.041358348	0.9440848678127243	0.5551335908776623
1989	12	06	9.479037507000001	1.3005250730073243	0.6875316333379929
1989	12	07	6.6068461331	1.0436312314256306	0.725539505187793
1989	12	08	3.6478203121	1.0982211727617406	0.5546534791926382
1989	12	09	5.406692017999999	2.800142873240461	0.5914308012555971
1989	12	10	0.626970569	3.403843400957441	0.9030323526119115
1989	12	11	0.40450186639999997	1.7147663925578054	0.743071742903146
1989	12	12	14.280396507	1.5542077415692468	0.8316503855975487
1989	12	13	6.7412553968	4.945206450447603	0.8092338511707478
1989	12	14	5.2708314269	3.275396480166594	0.5367375169432834
1989	12	15	4.3666361468999995	2.466180879184259	0.6822633338859891
1989	12	16	23.598648601	4.8488712598544685	0.7715381960708545
1989	12	17	15.674430778000001	6.679239881124036	0.7087682042034292
1989	12	18	17.109724970000002	15.285183574110775	0.689374643178489
1989	12	19	0.7111070781000001	6.486569499937765	0.7837611719796118
1989	12	20	3.2876506628999995	4.367195306888792	0.6211196490498474
1989	12	21	47.291836435	24.693920522040308	0.7484783288951283
1989	12	22	3.7782355025	16.890770083996358	0.6777071102126131
1989	12	23	0.037904525511	8.09215600982335	0.8147758060605973
1989	12	24	5.9564962658	5.780111435588108	0.7004024424911963
1989	12	25	31.906508575	5.137876831633873	0.38401408944825666
1989	12	26	17.058489517	6.518681230135477	0.5542655149812934
1989	12	27	0.015832498399	5.137876831633873	0.8251897634116093
1989	12	28	0.40421284731	3.9176310841208286	0.7621018795602569
1989	12	29	2.0179301172	3.2432847499688826	0.7692878489263593
1989	12	30	1.7384401750999998	3.3075082103643068	0.7567221773553165
1989	12	31	0.16894676369000003	3.0506143687826124	0.8958146561482485
1990	01	01	4.0457834842	2.6171060111135045	0.7249195829081131
1990	01	02	6.2268045050000005	2.238187594780506	0.7546038435251261
1990	01	03	1.6021740109	2.8836333717545117	0.6124144257373246
1990	01	04	0.0016077960018999998	2.3248892663143277	0.8456791186929236
1990	01	05	0.11685971748	1.9620267150801856	0.7983235776622069
1990	01	06	2.3303508964	1.782201025973	0.673620806468689
1990	01	07	0.07578582846	1.782201025973	0.6575480281969849
1990	01	08	0.0009434252398000001	1.6023753368658142	0.849218017715286
1990	01	09	0.0023609818682	1.3615373603829766	0.8969344274778607
1990	01	10	0.0009725578964	1.2491463046909854	0.8770262050679215
1990	01	11	0.000943291115	1.1624446331571638	0.8458900117445992
1990	01	12	0.00049151320161	1.0372088853860881	0.9186523600660995
1990	01	13	0.00049147448631	0.937662521773182	0.8918591353463895
1990	01	14	0.0011430985723	0.8413273311800468	0.8279574771427691
1990	01	15	0.0014266431424	0.7899485628637081	1.0008313662120536
1990	01	16	0.0019304415911	0.7096692373694288	0.9448486663853508
1990	01	17	0.06484888857	0.6743463341519459	0.8424975775315297
1990	01	18	0.10095053080000001	0.6615016420728612	0.9075093336112343
1990	01	19	0.0023438195191000004	0.6133340467762937	0.9100154972026667
1990	01	20	0.0	0.5683776244994972	1.002842437728512
1990	01	21	0.0009401379689	0.5426882403413279	1.1018073446097587
1990	01	22	0.0009401379689	0.6454457769740053	1.0322799918847718
1990	01	23	0.09553600306999999	0.7353586215275981	1.2926969752750441
1990	01	24	0.46461512374	0.6807686801914883	0.8032096752979044
1990	01	25	0.9269743256999999	0.6711351611321748	0.84857846569474
1990	01	26	3.4311391608	0.7385697945473693	0.6683359304007246
1990	01	27	34.79952867	1.9973496182976684	0.8112379228676178
1990	01	28	0.09354483438	5.298435482622432	0.9053333551846537
1990	01	29	11.874506986500002	2.768031143042749	0.9652826935449359
1990	01	30	0.73814619658	4.110301465307099	0.8753729291877678
1990	01	31	14.4669253885	3.7249607029345584	0.7730885685495587
1990	02	01	0.87766364079	4.656200878668198	0.9842731751621837
1990	02	02	1.6829565176	4.206636655900234	0.9570805587312502
1990	02	03	1.5330664283	3.6928489727368468	1.0253327817114948
1990	02	04	0.035784377516	2.9607015242290196	1.2408993425857673
1990	02	05	0.021799677661	2.456547360124946	1.2920050863419934
1990	02	06	1.1815925002	2.764819970022978	0.8734070827291972
1990	02	07	0.129459887615	2.482236744283115	1.0444137795759272
1990	02	08	0.07976931295999999	1.9620267150801856	1.2178982559550173
1990	02	09	0.029647671565999997	1.766145160874144	1.5547242895654667
1990	02	10	0.6772466326	1.5766859527076449	1.210442569063627
1990	02	11	0.34145874325000003	1.4418166858772559	0.9784525732003603
1990	02	12	0.9756857838	1.297313899987553	0.9271532525419165
1990	02	13	0.05982220873	1.223456920532816	1.439051845199123
1990	02	14	0.002872971967	1.1174882108803674	1.4483465158031412
1990	02	15	0.019324070268000003	1.0115195012279188	1.592561989778002
1990	02	16	0.05378946053	0.9408736947929531	1.542562904728183
1990	02	17	0.0028994632694999997	0.8316938121207333	1.9314108906164278
1990	02	18	3.0755789486	0.7321474485078269	1.338117466718821
1990	02	19	0.26118328565000004	0.6839798532112594	1.2795476995793518
1990	02	20	1.3095183299000002	0.6679239881124036	1.859409948635174
1990	02	21	0.07518291763	0.6550792960333189	1.8740728126672197
1990	02	22	0.0014192747715	0.6101228737565225	2.1888321058856777
1990	02	23	0.0014226532605000001	0.5555329324204126	2.1821402499347404
1990	02	24	0.0036894416862	0.5105765101436162	2.185766260685956
1990	02	25	0.08118793641000001	0.4656200878668198	1.5344387661268322
1990	02	26	0.023410834173	0.4206636655900234	1.8763331854520862
1990	02	27	0.029093246410000002	0.3853407623725405	1.8204200848557879
1990	02	28	0.035568286580000004	0.3724960702934558	2.1343577782721734
1990	03	01	0.0022110730279	0.41424131955048105	1.9204252626150269
1990	03	02	0.0014175240898999999	0.3628625512341423	1.50993973551766
1990	03	03	0.008101422494	0.31790612895734593	1.547880880119994
1990	03	04	0.1458291742	0.30185026385849006	1.5890464481351465
1990	03	05	0.3635806767	0.2922167447991766	1.886818919148242
1990	03	06	0.03986974392	0.2890055717794054	2.244891409331528
1990	03	07	4.5603002251	0.28258322573986305	1.8900737361035629
1990	03	08	1.2322696146	0.2986390908387189	1.8802167832065106
1990	03	09	0.05710115185	0.30506143687826126	2.2760043054842316
1990	03	10	0.069244293935	0.2761608797003207	2.6993802847636896
1990	03	11	4.3466068802	0.2729497066805495	2.3836850246245596
1990	03	12	0.1944089341	0.26010501460146485	2.657495239143952
1990	03	13	0.16780837945	0.2504714955421513	1.9735963084607497
1990	03	14	0.0028516560507999998	0.23762680346306667	2.4838368971712024
1990	03	15	0.0033158989341	0.22799328440375313	2.9008540622467
1990	03	16	0.0	0.22157093836421077	2.959592848182196
1990	03	17	0.0023565328074	0.21514859232466846	2.4740622576443676
1990	03	18	0.0	0.20230390024558378	2.681647626211177
1990	03	19	0.00047993057655	0.1862480351467279	3.1183875011460906
1990	03	20	0.0	0.17019217004787207	3.413252345908253
1990	03	21	0.0019065728917000001	0.15734747796878737	3.4524009153387647
1990	03	22	0.138363688562	0.15092513192924503	3.0641033721211066
1990	03	23	6.181882624000001	0.1798256891071856	2.304840252387806
1990	03	24	0.15456962194999999	0.18303686212695672	2.1542393200628474
1990	03	25	0.0009401379689	0.13808043985016036	2.3330164622777496
1990	03	26	0.001899999122	0.12844692079084685	2.542349072270967
1990	03	27	0.0009467126210000001	0.12523574777107566	2.553717239530664
1990	03	28	0.0019002006401	0.1220245747513045	2.6773938949312406
1990	03	29	0.0009401379689	0.11560222871176215	2.567621133771081
1990	03	30	0.07923831773000001	0.11239105569199097	2.6478721482981595
1990	03	31	5.2843620382	0.11239105569199097	2.477078876477819
1990	04	01	9.402789323	0.12523574777107566	2.009578322766994
1990	04	02	1.5974154483000003	0.20551507326535495	1.5559414017946505
1990	04	03	0.1593549323	0.23762680346306667	2.2398211140192283
1990	04	04	3.2599824594	0.20872624628512612	1.8151832504101963
1990	04	05	8.577462955	0.19267038118627025	1.1463382568046945
1990	04	06	12.015564693000002	0.27937205272009186	1.6773309157889795
1990	04	07	0.025849730417000002	0.39818545445162523	2.2655722582790463
1990	04	08	8.4117014678	0.3564402051946	1.8809944717481848
1990	04	09	2.4275987664999996	0.32753964801665947	2.417958234746487
1990	04	10	0.039559971884999996	0.3082726098980324	2.6186086980988725
1990	04	11	0.0034823406414	0.2729497066805495	3.213027181375676
1990	04	12	0.0	0.23762680346306667	3.5853303314956597
1990	04	13	0.6521485294	0.21514859232466846	2.1432560928659656
1990	04	14	2.451817889e-05	0.19909272722581262	3.095360852455166
1990	04	15	0.064255249558	0.18303686212695672	2.6822656072507116
1990	04	16	0.002843100521	0.17340334306764324	3.317307821198643
1990	04	17	0.17445481479	0.15734747796878737	2.9839011705630147
1990	04	18	0.0	0.14771395890947386	3.1366766239223236
1990	04	19	0.00092111832222	0.12844692079084685	3.333921319375273
1990	04	20	1.4226017504000001	0.1220245747513045	2.29202207678919
1990	04	21	0.51121687374	0.11881340173153333	2.6948461382303157
1990	04	22	0.34389519304	0.1220245747513045	2.87483617261532
1990	04	23	0.32435487521	0.11881340173153333	3.098618929662286
1990	04	24	1.1850220581	0.1220245747513045	3.2265573726629384
1990	04	25	0.3013140104	0.11881340173153333	3.3523355942618593
1990	04	26	0.50282686012	0.11881340173153333	3.274413543377697
1990	04	27	0.0020860501838999997	0.11560222871176215	4.399543832160938
1990	04	28	0.52192456611	0.11239105569199097	3.3433759024168084
1990	04	29	3.8362210949000004	0.11239105569199097	3.7125112664191926
1990	04	30	0.5812087535	0.11560222871176215	3.565032117805183
1990	05	01	1.1241035887	0.11881340173153333	3.320388938847633
1990	05	02	0.3910172502	0.11239105569199097	3.659971015796313
1990	05	03	0.0023739744361000003	0.10596870965244864	4.472510742656936
1990	05	04	0.00017835947890999999	0.10275753663267748	4.803551930732282
1990	05	05	0.26349816278	0.10596870965244864	4.491529434452205
1990	05	06	3.0066799432999995	0.10275753663267748	3.9953427936527848
1990	05	07	0.5436110131	0.09954636361290631	4.320316264599324
1990	05	08	2.61203636	0.09312401757336396	4.130922803063317
1990	05	09	3.4512967064000004	0.0899128445535928	4.61346460978669
1990	05	10	0.040943345661	0.08349049851405045	4.515036084439803
1990	05	11	0.07585219597	0.0770681524745081	4.603150536577587
1990	05	12	12.794574988	0.08027932549427927	2.6150173590923154
1990	05	13	1.1643886783	0.0770681524745081	3.126380214662222
1990	05	14	0.0019897056707999998	0.0770681524745081	4.166829159822529
1990	05	15	0.0015017412283	0.07385697945473693	4.28426086146529
1990	05	16	8.5566189022	0.07385697945473693	4.942485612386029
1990	05	17	0.32747722555	0.07385697945473693	3.7333944638339047
1990	05	18	0.8054680663000001	0.07385697945473693	4.018802684810974
1990	05	19	0.017191827878	0.07064580643496576	4.248802802159755
1990	05	20	0.0027003230168999998	0.07064580643496576	3.9715855257025816
1990	05	21	0.0028073376211	0.0674346334151946	4.195504743461166
1990	05	22	0.08401349702500001	0.06422346039542343	3.8490426709481116
1990	05	23	1.7763077093	0.06422346039542343	3.7255165525035867
1990	05	24	0.0016388848290000001	0.06101228737565225	4.592640040365516
1990	05	25	0.134099215915	0.057801114355881075	4.402178142583751
1990	05	26	0.5857993292	0.057801114355881075	4.1737869360144835
1990	05	27	0.015818236609	0.054589941336109914	4.883230286551246
1990	05	28	0.00047006901754	0.054589941336109914	4.864270353764491
1990	05	29	0.0	0.05137876831633874	5.767294918529367
1990	05	30	0.0009467126210000001	0.041745249257025226	5.464030520493339
1990	05	31	0.130863344815	0.05137876831633874	6.095096360986131
1990	06	01	0.2840076095	0.05137876831633874	5.91720474291437
1990	06	02	0.0730353656	0.04816759529656756	6.108074159863358
1990	06	03	1.07140838138	0.04816759529656756	5.150491349920737
1990	06	04	0.6863673396	0.041745249257025226	4.940602746167011
1990	06	05	0.010799088053	0.03853407623725405	4.187406207289925
1990	06	06	0.00094013803508	0.03211173019771171	5.321523729721038
1990	06	07	0.0	0.028900557177940538	5.476006702938818
1990	06	08	0.0043634523374	0.0224782111383982	5.963305475246726
1990	06	09	0.0	0.0224782111383982	6.33112294580413
1990	06	10	0.44061339151	0.0224782111383982	5.31810189854926
1990	06	11	0.87333161932	0.0224782111383982	4.522196163218843
1990	06	12	0.05330265148	0.019267038118627025	5.40116109665722
1990	06	13	4.7847693285	0.012844692079084685	4.604228105458802
1990	06	14	4.4721846434999994	0.019267038118627025	4.251178847756185
1990	06	15	0.008255797932800001	0.019267038118627025	5.1066106417674835
1990	06	16	0.015795220308	0.012844692079084685	4.126834382270553
1990	06	17	0.025411461088	0.012844692079084685	4.184213812438562
1990	06	18	0.00047006901754	0.009633519059313513	5.294786003371119
1990	06	19	2.5330833994	0.006422346039542342	4.045810299518061
1990	06	20	0.048189062961	0.0	4.5767613105757805
1990	06	21	0.49784946232	0.003211173019771171	4.550767973054237
1990	06	22	0.135849060338	0.009633519059313513	4.640186430823539
1990	06	23	0.0014805134417999997	0.009633519059313513	6.238682447540393
1990	06	24	0.00048650499702	0.009633519059313513	7.31165229469786
1990	06	25	4.2350213337	0.006422346039542342	5.2563505331610765
1990	06	26	0.25989947086	0.009633519059313513	5.733743193758218
1990	06	27	0.013000539281	0.006422346039542342	4.926729033565804
1990	06	28	0.004521051845199999	0.006422346039542342	5.5328151984910345
1990	06	29	0.0	0.003211173019771171	5.567786048369412
1990	06	30	0.00024239852281999997	0.003211173019771171	5.2403216363874705
1990	07	01	0.0014053916414	0.006422346039542342	5.785515440692926
1990	07	02	7.567541816e-06	0.003211173019771171	5.418912534682626
1990	07	03	0.0014543112356	0.003211173019771171	5.448910638934501
1990	07	04	0.00093356371388	0.003211173019771171	6.293215606326537
1990	07	05	0.007332192058799999	0.003211173019771171	5.763311593257752
1990	07	06	0.0014118541183999998	0.003211173019771171	5.595765369251134
1990	07	07	0.00094013803508	0.003211173019771171	6.597839071455445
1990	07	08	0.0014098098181999999	0.006422346039542342	7.077921681820811
1990	07	09	0.0058807639549	0.006422346039542342	7.392950249619027
1990	07	10	0.00047993057655	0.006422346039542342	7.193665067632474
1990	07	11	0.0023658171996	0.006422346039542342	7.4269175946690975
1990	07	12	0.18723876127	0.006422346039542342	6.283153208158347
1990	07	13	0.023668765208	0.006422346039542342	5.383843459066846
1990	07	14	0.003499513469	0.006422346039542342	4.789111426923617
1990	07	15	0.0009401379689	0.0	6.389225131097361
1990	07	16	0.003327069346	0.003211173019771171	6.9919019402990115
1990	07	17	0.00048650499702	0.0	7.080676937224029
1990	07	18	0.00048650499702	0.0	7.194870220605756
1990	07	19	0.0034928308332	0.0	6.466592912860679
1990	07	20	0.35973613710999996	0.0	7.112899995902213
1990	07	21	2.4492012421	0.0	7.107380232131958
1990	07	22	1.5053956879000001	0.0	5.290460721916994
1990	07	23	1.7279332177000002	0.0	6.326084531179271
1990	07	24	0.23409942949	0.0	6.73793656978076
1990	07	25	0.0052488585639	0.0	5.333822216008936
1990	07	26	0.012538967974	0.0	5.005117727071741
1990	07	27	6.611737166	0.0	3.712882551881679
1990	07	28	2.6000880022	0.0	4.397592577599543
1990	07	29	0.0	0.0	5.7128234491986145
1990	07	30	0.0	0.0	5.96382092097959
1990	07	31	0.0014017703821	0.0	6.251353065247285
1990	08	01	0.0009467126210000001	0.0	6.7635316414964555
1990	08	02	0.0	0.0	6.367669531606297
1990	08	03	0.0009428324214199999	0.0	6.998870407581703
1990	08	04	0.0026013438780000003	0.0	7.066136831090259
1990	08	05	0.0014172280447000002	0.0	6.279967951118856
1990	08	06	0.0009565767169100001	0.0	6.342520659438841
1990	08	07	0.0009401379689	0.0	5.185085836251828
1990	08	08	0.00047993063170000003	0.0	5.848081449539031
1990	08	09	0.0023741124214	0.0	5.979497740083245
1990	08	10	0.020764905932	0.0	6.133703352759317
1990	08	11	0.020403981169	0.0	6.494813556340452
1990	08	12	0.078321003368	0.0	6.063190144455077
1990	08	13	0.021127023038	0.0	5.441251657582772
1990	08	14	0.0014200680491000001	0.0	5.300406546017891
1990	08	15	0.00047993063170000003	0.0	5.492524328834038
1990	08	16	0.0009501953435	0.0	5.472081277589751
1990	08	17	0.0018913958323000001	0.0	5.755641435821184
1990	08	18	0.3038421967	0.0	6.229134547630304
1990	08	19	0.9499613972000001	0.0	5.453132910083685
1990	08	20	10.262959461	0.0	4.305230080205677
1990	08	21	6.998650263500001	0.0	4.56703160497735
1990	08	22	13.002288639	0.0	4.237347693749101
1990	08	23	0.8424474648999999	0.0	3.6608569778327715
1990	08	24	0.037907104325	0.0	4.231681971093419
1990	08	25	0.0026541592682	0.0	4.385834309528533
1990	08	26	0.010848628195000001	0.0	4.711049039306185
1990	08	27	0.0	0.0	4.703201598372259
1990	08	28	0.0028172320826000004	0.0	4.903549421922127
1990	08	29	0.013804123313	0.0	4.030721848816634
1990	08	30	0.29960579430000006	0.0	2.4345477880434347
1990	08	31	0.0009434253501	0.0	3.9602159376561694
1990	09	01	0.0	0.0	4.187055943907524
1990	09	02	0.0006925968629999999	0.0	4.79551081888571
1990	09	03	0.0032158825340000002	0.0	4.83435041908579
1990	09	04	0.0009467126210000001	0.0	4.861832693966318
1990	09	05	0.0023700676100999996	0.0	5.032559796842312
1990	09	06	0.00010470273826	0.0	4.847052143591428
1990	09	07	0.00047993057655	0.0	4.465892425032375
1990	09	08	0.1283482787	0.0	4.476819532300237
1990	09	09	7.5934893395000005	0.0	3.211069288498932
1990	09	10	0.15058119600999997	0.0	4.005516738710756
1990	09	11	0.07598323236999999	0.0	3.440814932874376
1990	09	12	0.024494477626000002	0.0	3.661408726623749
1990	09	13	0.013984055703	0.0	3.322011818592799
1990	09	14	0.00047993063170000003	0.0	4.035211941731839
1990	09	15	0.062215328268	0.0	3.886094884536628
1990	09	16	0.15303302162	0.0	3.571503470187568
1990	09	17	2.192123157	0.0	3.779063663108124
1990	09	18	0.58113302152	0.0	3.824639853186545
1990	09	19	1.5512524717	0.0	3.767181638357366
1990	09	20	0.0170982829995	0.0	3.6321720523714833
1990	09	21	0.026036055795	0.0	3.359873466831419
1990	09	22	0.023419485002	0.0	2.991140380788131
1990	09	23	0.04636922105500001	0.0	2.8162779687189428
1990	09	24	0.009150302696000001	0.0	2.7357920085133722
1990	09	25	0.054354652069	0.0	2.837650453094883
1990	09	26	0.0009598612634000001	0.0	3.4202401059162666
1990	09	27	0.00047993057655	0.0	3.847558712162707
1990	09	28	12.022476091000001	0.0	2.8067544696926428
1990	09	29	15.437903458	0.0	2.289303405136438
1990	09	30	1.9657193916	0.0	1.9718422548446235
1990	10	01	0.010733391167000002	0.0	2.660178741702902
1990	10	02	0.000948020779	0.0	2.9034099899535097
1990	10	03	12.711253265	0.0	1.8512132387654712
1990	10	04	0.27378659382	0.0	2.091887671610456
1990	10	05	0.001891717798	0.0	2.576359688588064
1990	10	06	0.0009401379689	0.0	2.9484751460681706
1990	10	07	0.009181765771	0.0	2.178079371354986
1990	10	08	0.0018887865755	0.0	2.3029764226616023
1990	10	09	0.0019225273454999998	0.0	2.4022964308472528
1990	10	10	0.0019069139392999999	0.0	2.8378112441318293
1990	10	11	0.025600359765	0.0	2.612851889701718
1990	10	12	0.031954597169	0.0	2.3696837391781402
1990	10	13	16.425382959	0.0	1.4380457274697258
1990	10	14	25.087486825	0.0	1.4203757403202115
1990	10	15	6.5560580568999995	0.0	1.3541949964497997
1990	10	16	17.657986561999998	0.006422346039542342	1.1315488637823248
1990	10	17	1.5772540421999999	0.012844692079084685	1.3112924433640811
1990	10	18	37.325687656	0.016055865098855857	0.7001370777851947
1990	10	19	0.123709496385	0.016055865098855857	1.389332497340481
1990	10	20	5.7966528148	0.09633519059313513	1.2030015742521787
1990	10	21	10.371481425	0.13808043985016036	1.1821807008574208
1990	10	22	12.881777065	0.22478211138398194	0.9181958984238713
1990	10	23	5.964992013	2.446913841065632	1.2719719586883715
1990	10	24	2.3674398229	4.0139662747139635	1.0455135550658836
1990	10	25	0.5504906777899999	1.7211887385973477	1.3322347675422042
1990	10	26	2.6860039812000003	1.4321831668179423	1.3362927425446935
1990	10	27	0.22113888168	1.165655806176935	1.195906102859085
1990	10	28	1.1342456737	0.8413273311800468	1.229924579468897
1990	10	29	0.6305104268999999	0.7032468913298865	1.1033450071959015
1990	10	30	0.41625788306	0.6454457769740053	1.005709639978055
1990	10	31	7.080066553999999	0.6293899118751495	1.4767989679581284
1990	11	01	0.0017822599385	0.5876446626181243	1.3410963445956348
1990	11	02	0.0035715733414	0.5266323752424721	1.1819218116367014
1990	11	03	0.0023833092354	0.44635304974819273	1.23984225621162
1990	11	04	0.00094013803508	0.4078189735109387	1.319405587264173
1990	11	05	0.0004799305214	0.3564402051946	1.3384758869597362
1990	11	06	0.015311115814	0.3114837829178036	1.4729070052135846
1990	11	07	21.586991686	0.375707243313227	0.894029118639984
1990	11	08	9.588610629999998	7.706815247450811	0.8547658764849991
1990	11	09	0.40949288625	4.110301465307099	1.0836533421533572
1990	11	10	0.7861768169	2.684540644528699	1.2671622429147353
1990	11	11	0.0033003449796	2.0037719643372105	1.5405262268867703
1990	11	12	0.001893424139	1.5895306447867297	1.5420826728709818
1990	11	13	0.00010163707109	1.274835688849155	1.684700246472038
1990	11	14	0.0009480208893	1.1174882108803674	1.4726636910035555
1990	11	15	0.012450315452000002	0.9505072138522667	1.395907888828045
1990	11	16	0.007389149213999999	0.8284826391009621	1.5080980644816522
1990	11	17	0.0025976162894999996	0.7385697945473693	1.548420678327809
1990	11	18	0.062233627038	0.6679239881124036	1.2020532579540262
1990	11	19	0.030930191434000002	0.6326010848949207	1.3384186215020213
1990	11	20	0.9937013033999998	0.6293899118751495	0.9395373591803917
1990	11	21	12.193673824000001	0.6904021992508018	0.9112010939205641
1990	11	22	0.069138329828	0.7417809675671405	0.7208177233784708
1990	11	23	5.418948553999999	0.5940670086576666	0.9729266858819589
1990	11	24	2.8138572335	0.6358122579146919	0.9341454725857022
1990	11	25	1.6882939346	1.1913451903351044	0.7267837937180387
1990	11	26	0.44817100412	1.4225496477586288	0.7506072988815831
1990	11	27	0.10166218640000001	0.937662521773182	0.8439474519038345
1990	11	28	0.055963655525	0.693613372270573	0.6950427779683341
1990	11	29	0.0	0.6293899118751495	0.8410537018996848
1990	11	30	0.0009382461033	0.5683776244994972	0.9410145412622529
1990	12	01	0.0023700676100999996	0.545899413361099	0.9215402585317335
1990	12	02	0.03450565638	0.5041541641040739	0.9261233425311098
1990	12	03	0.0056231245531	0.47525360692613333	0.9274717433488437
1990	12	04	6.892135208000001	0.47525360692613333	0.7674162559952021
1990	12	05	3.8227498250000003	0.468831260886591	0.5809688634978367
1990	12	06	0.0036118125462	0.4367195306888793	0.9019260847468678
1990	12	07	0.29792872692	0.4110301465307099	1.0157435299689155
1990	12	08	3.9911088772000003	0.4624089148470486	0.7998769258702093
1990	12	09	0.41685805845	0.5137876831633874	0.5304574825559619
1990	12	10	2.1864206470000003	0.45919774182727746	0.6256277705963486
1990	12	11	0.0062148640888	0.40139662747139637	0.646834145147969
1990	12	12	0.00039864597322	0.36607372425391344	0.8435697682979211
1990	12	13	0.0018612310986	0.33717316707597295	0.9140285065481221
1990	12	14	2.743213944e-06	0.3211173019771171	0.8076923881434861
1990	12	15	0.0014069197376000001	0.3211173019771171	0.7596773200952077
1990	12	16	0.0028362383168	0.30185026385849006	0.7655420528443434
1990	12	17	0.007614520792	0.2890055717794054	0.7871643839635217
1990	12	18	0.22242475908	0.28258322573986305	0.659477451383209
1990	12	19	0.00033024671516	0.28258322573986305	0.6797259980591136
1990	12	20	0.00048650503011	0.26331618762123604	0.6183032651181556
1990	12	21	0.0014200682697	0.26331618762123604	0.7072462348803076
1990	12	22	0.0	0.244049149502609	0.7834797237957192
1990	12	23	0.0	0.244049149502609	0.785119659963333
1990	12	24	0.31696246994	0.244049149502609	0.8103481289583946
1990	12	25	1.4872180273	0.244049149502609	0.8559314245676547
1990	12	26	0.18782725589000002	0.24726032252238017	0.6765319073355699
1990	12	27	0.49589207852	0.26331618762123604	0.6308537307009974
1990	12	28	0.19756923867	0.26331618762123604	0.7988948961902922
1990	12	29	1.6336997363	0.26331618762123604	0.5132697191823822
1990	12	30	2.1224222707	0.26331618762123604	0.5946224046500272
1990	12	31	18.107485534000002	0.2729497066805495	0.6433023322473272
1991	01	01	0.0058268450132	0.30185026385849006	0.6447831967460539
1991	01	02	0.00047993057655	0.31469495593757474	0.9885420472350874
1991	01	03	0.60073612211	0.2857943987596342	1.0166142582965683
1991	01	04	1.05285955025	0.28258322573986305	0.7476388337855606
1991	01	05	0.10073844596	0.2697385336607784	0.7879003488837371
1991	01	06	0.79623788655	0.26331618762123604	0.4375495704758502
1991	01	07	13.109336995	0.35322903217482887	0.7320687962622925
1991	01	08	0.3028155243	0.5330547212820144	0.606508505971335
1991	01	09	4.2657439648	0.5587441054401837	0.7489178890255052
1991	01	10	1.4059552744000001	0.7289362754880558	0.4653769708149833
1991	01	11	23.857002084999998	1.6248535480042123	0.8100234352113621
1991	01	12	1.9515022731	3.1822724625932306	0.7926874025347997
1991	01	13	0.0019159325084999999	1.8496356593881944	0.8636562585322046
1991	01	14	0.001406919517	1.5092513192924504	0.7873295371254077
1991	01	15	0.0	1.2908915539480106	0.7783700695480228
1991	01	16	1.7119571451	1.165655806176935	0.7000259449891004
1991	01	17	6.437584496	1.3197921111259512	0.6275779502324511
1991	01	18	0.24219367366000003	1.3808043985016036	0.8403496074718051
1991	01	19	6.573088046e-05	1.2427239586514431	1.112069415191824
1991	01	20	0.0014256528690000001	1.1110658648408251	1.0469676231494442
1991	01	21	0.00047993057655	1.0372088853860881	1.0014952003799764
1991	01	22	0.54921119779	0.976196598010436	0.9077419624033908
1991	01	23	2.0438142182	0.9119731376150125	0.9695232040850735
1991	01	24	0.0014197651653000002	0.8316938121207333	0.8683972581352539
1991	01	25	0.0014695669389000001	0.7674703517253099	0.9800196647739325
1991	01	26	0.0009401379689	0.7064580643496577	1.0241687508947197
1991	01	27	0.0018934232566	0.6807686801914883	1.052416324454137
1991	01	28	0.0014139545613	0.6679239881124036	1.0550077477847994
1991	01	29	3.9936175404	0.6679239881124036	0.8504432223116598
1991	01	30	0.14481311266000002	0.6679239881124036	0.7463696814716354
1991	01	31	0.2417160526	0.6647128150926324	1.013725908024136
1991	02	01	7.9892610712	0.6679239881124036	0.9877716830265252
1991	02	02	4.8957828592	0.9248178296940972	0.7809480754279844
1991	02	03	0.0023611595615	0.883072580437072	1.1267366710689708
1991	02	04	0.0018999990117	0.8220602930614198	1.1300456130158267
1991	02	05	1.4016810391	0.7321474485078269	1.0816956928642125
1991	02	06	4.4885841578	0.7385697945473693	0.8323811160554653
1991	02	07	4.310951964	0.8991284455359277	0.8630784384666838
1991	02	08	1.6645527420000001	1.1624446331571638	1.0015411349333445
1991	02	09	6.956344146999999	1.4321831668179423	0.916006300634266
1991	02	10	0.038996799938999994	1.666598797261238	1.0246695602238876
1991	02	11	0.0	1.4867731081540523	1.0602144618798561
1991	02	12	6.5157791441	1.220245747513045	0.7221617051826086
1991	02	13	0.0023602063489	1.1785004982560197	1.1499240588053887
1991	02	14	0.00047993057655	1.1367552489989945	1.1160658787533178
1991	02	15	0.34120746882	1.0436312314256306	1.2986584361483462
1991	02	16	8.9801116711	1.0404200584058594	0.8695861929142192
1991	02	17	1.9564907008999999	1.3615373603829766	0.8115329110723132
1991	02	18	7.8718589645	1.3808043985016036	1.213607737549735
1991	02	19	3.05891681	1.9106479467638469	1.3797594461647988
1991	02	20	0.0023093199954	1.72761108463689	1.6758268579351112
1991	02	21	1.2116917157	1.5285183574110774	1.1860134815697152
1991	02	22	0.0090762599605	1.4193384747388575	1.4103679449038988
1991	02	23	0.00047993057655	1.3262144571654937	1.8949019453339404
1991	02	24	0.0	1.220245747513045	1.9102223003711398
1991	02	25	0.13635614694	1.1785004982560197	1.8466295763011267
1991	02	26	0.30214925715	1.1110658648408251	1.6391339712795892
1991	02	27	1.1788048883000002	1.0436312314256306	1.2457266222783714
1991	02	28	23.297671888000004	2.771242316062521	1.4227193204043138
1991	03	01	2.5764566684	4.752536069261333	1.4814030272443248
1991	03	02	0.036846479379	3.1630054244746035	1.6891698708525715
1991	03	03	0.93692201798	2.5271931665599117	1.7564717014007794
1991	03	04	7.7192194271	2.2253429027014215	1.1552501731815041
1991	03	05	27.28412787	3.789184163329982	1.1056186451200811
1991	03	06	12.600581554	9.633519059313514	1.2124071712383193
1991	03	07	13.673706799000001	9.922524631092918	0.9609279530095179
1991	03	08	9.08374547	9.890412900895207	1.3037422713549331
1991	03	09	4.768303965099999	7.674703517253098	1.5160807537754217
1991	03	10	0.084438583298	6.904021992508017	1.8888670958109814
1991	03	11	1.4069657327	5.137876831633873	2.3805852421953064
1991	03	12	13.674411616	6.839798532112594	1.8537745321032002
1991	03	13	0.67382265588	6.261787388553784	1.9467908774086682
1991	03	14	0.0013721773333	4.6883126088659095	2.4420640655730175
1991	03	15	0.09998862656000002	3.981854544516252	1.9891539798892264
1991	03	16	3.8859748880000002	4.142413195504811	1.536630535407179
1991	03	17	3.2963066760000004	4.238748386097946	1.492258443532314
1991	03	18	0.11678344503	3.5001785915505765	1.9703733339282006
1991	03	19	0.03087677535	2.9607015242290196	2.9001839175318977
1991	03	20	0.005856881467999999	2.6106836650739624	3.209141309519438
1991	03	21	1.1859453794	2.392323899729522	1.7586386316703617
1991	03	22	1.4448146262000001	2.4244356299272343	1.6154982875015278
1991	03	23	0.125095491992	2.2028646915630232	1.801595000978613
1991	03	24	0.009200030348	1.9267038118627027	2.070334442768401
1991	03	25	0.06468829177	1.8143127561707117	2.352740640710741
1991	03	26	0.997738504	1.7565116418148305	2.233303100564348
1991	03	27	0.21591134554	1.72761108463689	1.793394742997779
1991	03	28	0.36726293190000003	1.72761108463689	2.69213760609908
1991	03	29	0.0009401379689	1.6954993544391783	2.9522057638130796
1991	03	30	0.6964146768999999	1.5766859527076449	2.882239039009115
1991	03	31	0.16493652041	1.4482390319167981	2.4226547891705486
1991	04	01	0.00044705855141000003	1.3775932254818324	2.960272641575753
1991	04	02	0.0030927425109999996	1.2812580348886973	3.073867731437981
1991	04	03	0.97099134962	1.2106122284537315	2.0789282083306753
1991	04	04	3.9106820879999997	1.1785004982560197	1.88524295722062
1991	04	05	0.9565153128999999	1.127121729939681	1.9921538450640597
1991	04	06	0.005388140660999999	1.091798826722198	2.994199219212064
1991	04	07	0.0	1.01473067424769	3.2152786735145575
1991	04	08	0.0	0.9537183868720379	3.4539025944854522
1991	04	09	0.011006703537	0.8509608502393603	3.9402423327823324
1991	04	10	0.43637037111000004	0.7738926977648523	3.5267138299896774
1991	04	11	0.36130038965000005	0.7385697945473693	3.453998220374578
1991	04	12	0.97496084808	0.6807686801914883	3.312389615178522
1991	04	13	1.8323405505	0.6358122579146919	2.4507757826886296
1991	04	14	7.255543927	0.619756392815836	2.7953824687056703
1991	04	15	1.0811154873	0.6101228737565225	2.578004657085773
1991	04	16	0.06443774531999999	0.6615016420728612	2.677271929955832
1991	04	17	1.2234125246	0.6422346039542342	3.3541910234840406
1991	04	18	0.0042879525388999995	0.5972781816774378	3.0840016768660985
1991	04	19	0.0012716415305	0.5844334895983532	3.6732872133123395
1991	04	20	0.0018792484932999998	0.5298435482622432	2.9561345966375785
1991	04	21	0.00047993063170000003	0.48167595296567567	2.9821571203803434
1991	04	22	0.020988544697	0.47525360692613333	3.515252921417337
1991	04	23	0.135370940722	0.4527753957877351	3.4281330330040585
1991	04	24	0.35376519	0.4367195306888793	2.4585181189489287
1991	04	25	1.4237835046	0.4367195306888793	2.3519733744276023
1991	04	26	0.03534222673	0.4367195306888793	2.357305271541401
1991	04	27	0.45872104469999997	0.4367195306888793	2.7655838842521936
1991	04	28	0.31523445499	0.4302971846493369	2.9336372014397925
1991	04	29	0.0013302841799999999	0.39818545445162523	4.28335620726107
1991	04	30	0.0044618507468	0.39176310841208284	4.037925938341694
1991	05	01	0.03151021722	0.31469495593757474	3.2413573734672263
1991	05	02	0.72507783052	0.30185026385849006	3.0531980939388608
1991	05	03	0.013599955807	0.2986390908387189	3.0428773488944696
1991	05	04	0.0018712731415	0.2761608797003207	3.731012704080535
1991	05	05	0.0007807284822200001	0.26331618762123604	3.2260498609085193
1991	05	06	0.0009401379689	0.26010501460146485	3.488825177355739
1991	05	07	0.0033266419335000004	0.244049149502609	3.8671281904125445
1991	05	08	0.49311559589	0.244049149502609	3.1788074910039614
1991	05	09	0.014364017143	0.22478211138398194	3.3111884291446665
1991	05	10	0.0016575248672	0.21835976534443965	3.8956954876837675
1991	05	11	0.0019043408609	0.19588155420604142	4.078704573223701
1991	05	12	0.0	0.1862480351467279	4.597559205095929
1991	05	13	0.0028368500405999996	0.16376982400832973	4.41221655482025
1991	05	14	0.001893424139	0.12844692079084685	5.159889484024638
1991	05	15	0.0024115812210999997	0.12844692079084685	5.135161296035885
1991	05	16	0.0018725122517	0.12523574777107566	4.82831534060933
1991	05	17	0.0014185064216999997	0.11239105569199097	4.9185704759598305
1991	05	18	0.0018868503693000001	0.10596870965244864	4.64478417010107
1991	05	19	0.0009401379689	0.09633519059313513	4.805867775863623
1991	05	20	0.0014273661589	0.08670167153382162	5.066531904302307
1991	05	21	0.00047006901754	0.08027932549427927	5.702938849667889
1991	05	22	0.00047993057655	0.0770681524745081	5.234829742576633
1991	05	23	0.0	0.07385697945473693	5.977106165285431
1991	05	24	0.0018860248841	0.07064580643496576	5.650008022293683
1991	05	25	0.0023733551016	0.06422346039542343	6.185226452942343
1991	05	26	0.007347843849400001	0.06101228737565225	5.760904064119379
1991	05	27	0.18558729452000003	0.057801114355881075	5.847800982466167
1991	05	28	1.4438438759	0.05137876831633874	5.833135367823528
1991	05	29	0.051546765926	0.05137876831633874	4.882770040148715
1991	05	30	6.378847540000001	0.05137876831633874	3.5557368252342236
1991	05	31	7.0795702039999995	0.054589941336109914	3.7327110712312406
1991	06	01	4.5522975189	0.06101228737565225	4.277846537298949
1991	06	02	0.7377852288	0.054589941336109914	4.594326970830856
1991	06	03	0.5330239779	0.0674346334151946	4.248329873897574
1991	06	04	0.018254556244999998	0.0770681524745081	4.518620760244614
1991	06	05	0.017392363205	0.07064580643496576	4.749509560084089
1991	06	06	0.44296325579999996	0.06422346039542343	4.0353614588826385
1991	06	07	1.6314970453	0.06101228737565225	3.2752680923135506
1991	06	08	0.0032820400328000005	0.057801114355881075	5.136440035198888
1991	06	09	0.0009476420088	0.054589941336109914	5.34414086048812
1991	06	10	4.2120558810000006e-05	0.054589941336109914	4.298627212164707
1991	06	11	0.0	0.05137876831633874	5.932156128384739
1991	06	12	0.0018898338739999998	0.019267038118627025	5.80415769403392
1991	06	13	0.0020763340775	0.03211173019771171	6.343420520897156
1991	06	14	0.0	0.03853407623725405	6.887916484527986
1991	06	15	0.0018981608621999998	0.03853407623725405	6.537775736140967
1991	06	16	0.00093356371388	0.03532290321748288	5.262804194141768
1991	06	17	0.0014134932867000002	0.028900557177940538	4.787534473962897
1991	06	18	0.00047993057655	0.028900557177940538	4.822275946446711
1991	06	19	0.0009467126210000001	0.0224782111383982	5.728412459678454
1991	06	20	0.00039864597322	0.019267038118627025	5.425106252301155
1991	06	21	0.0035072129605	0.016055865098855857	5.859255455911003
1991	06	22	0.004994657543999999	0.012844692079084685	5.640017202693811
1991	06	23	0.00094013803508	0.012844692079084685	6.440073451548131
1991	06	24	0.0	0.012844692079084685	6.597433671720704
1991	06	25	0.0	0.012844692079084685	6.717194733735637
1991	06	26	0.0	0.012844692079084685	6.438046616776418
1991	06	27	0.00047254227443999997	0.012844692079084685	6.0909768822621
1991	06	28	0.0009546603426500001	0.009633519059313513	5.841491144581369
1991	06	29	0.0009401379689	0.009633519059313513	6.376548726056215
1991	06	30	0.00047993057655	0.009633519059313513	7.177934401622076
1991	07	01	3.3109119402	0.006422346039542342	5.717202107517135
1991	07	02	0.001893424139	0.006422346039542342	5.110773482453486
1991	07	03	0.29301708998	0.006422346039542342	4.5580192970548055
1991	07	04	0.6513702526	0.006422346039542342	4.542140257658917
1991	07	05	0.32222649332	0.003211173019771171	3.950278038119664
1991	07	06	0.027446371448999998	0.003211173019771171	4.694380569434089
1991	07	07	0.47136489915	0.003211173019771171	4.18276536077382
1991	07	08	0.00285713399	0.003211173019771171	6.134780450441699
1991	07	09	0.10059115133999999	0.003211173019771171	6.649136643751242
1991	07	10	0.0009467126210000001	0.0	7.050647554757102
1991	07	11	0.0	0.0	6.073196274972077
1991	07	12	6.915798969999999e-06	0.0	7.277002276431404
1991	07	13	0.00094013803508	0.0	6.669365063915758
1991	07	14	0.00048650499702	0.0	7.06179533294451
1991	07	15	0.0	0.0	7.071200160732761
1991	07	16	1.1338935961000003	0.0	6.995604577506184
1991	07	17	0.002359611501	0.0	6.850516281147787
1991	07	18	0.010241499493	0.0	7.401321230950456
1991	07	19	0.6204183078000001	0.0	6.168525123064943
1991	07	20	1.1560139301999999	0.0	6.329592497567186
1991	07	21	1.3674162338	0.0	5.23791171888299
1991	07	22	0.3820346388	0.0	5.45372402143492
1991	07	23	0.0017953651227000003	0.0	6.042638699477402
1991	07	24	0.002444914212	0.0	5.625376838956258
1991	07	25	0.0028309643223	0.0	5.74295251217838
1991	07	26	0.0	0.0	6.175236865183264
1991	07	27	0.0	0.0	7.129069333357628
1991	07	28	0.068058555699	0.0	6.143436733115458
1991	07	29	0.12770113757	0.0	3.1598820839697344
1991	07	30	0.15592730465	0.0	3.31515221432602
1991	07	31	0.0060946731569	0.0	4.68353031801865
1991	08	01	0.004868606704	0.0	5.717679842416323
1991	08	02	0.0009472027942000001	0.0	6.713035198942528
1991	08	03	0.00095185873368	0.0	6.435687810807765
1991	08	04	0.00015899861918	0.0	6.494950167021182
1991	08	05	0.001889457751	0.0	7.018312274946817
1991	08	06	0.0018890656345	0.0	6.565614579532855
1991	08	07	0.001893424139	0.0	5.309359331160012
1991	08	08	0.0015208239004	0.0	4.934472671458597
1991	08	09	0.00046465865915	0.0	5.07384870929413
1991	08	10	0.0028491085620000003	0.0	5.7802349401343145
1991	08	11	0.0009477746555800001	0.0	5.993598742100291
1991	08	12	0.0	0.0	6.265453878308167
1991	08	13	0.0	0.0	6.715817201719419
1991	08	14	0.004210494033000001	0.0	6.191503206565226
1991	08	15	0.0016549878568999999	0.0	6.744472307674789
1991	08	16	1.5765711749e-05	0.0	6.707905356677395
1991	08	17	0.16265978502	0.0	6.601732321179053
1991	08	18	2.713989959	0.0	6.076093084687705
1991	08	19	0.18363886708	0.0	5.0935399701171225
1991	08	20	0.03831680374799999	0.0	6.332475799744951
1991	08	21	0.0008340629773100001	0.0	4.434247809150957
1991	08	22	0.10873287966	0.0	3.3185417518922757
1991	08	23	0.0025364674034	0.0	5.140189243253205
1991	08	24	0.00047993063170000003	0.0	5.449050293819495
1991	08	25	0.00047006901754	0.0	5.815133418102916
1991	08	26	0.044309657541000004	0.0	4.093599582097268
1991	08	27	0.19226015774	0.0	4.222910383551256
1991	08	28	0.00030480529218	0.0	4.5637192792685175
1991	08	29	0.68760706748	0.0	3.8173143240343825
1991	08	30	1.06666071642	0.0	3.2656362123081486
1991	08	31	0.13398805006	0.0	3.7858175343104694
1991	09	01	0.0024595645889	0.0	4.564974376041794
1991	09	02	0.014794070225	0.0	4.386195820591151
1991	09	03	0.03156684524	0.0	4.406308561094156
1991	09	04	0.15015452251999997	0.0	4.570201007596263
1991	09	05	0.6014309348999999	0.0	4.292956723135885
1991	09	06	1.197281131	0.0	4.188886076772725
1991	09	07	0.0022860573945	0.0	4.398348888910146
1991	09	08	0.0010498956238	0.0	4.351026415041157
1991	09	09	0.00029502224471	0.0	4.007423531972006
1991	09	10	2.196671929	0.0	4.015602663333886
1991	09	11	4.945410358799999	0.0	2.6305640424217103
1991	09	12	0.22657570104	0.0	3.0313934219178504
1991	09	13	0.0014864539792	0.0	3.8323699053661837
1991	09	14	0.0	0.0	4.3970070986215095
1991	09	15	0.0	0.0	4.191688448708808
1991	09	16	0.0023614465621000003	0.0	4.249366270665485
1991	09	17	0.00047993057655	0.0	4.751573085223122
1991	09	18	0.0	0.0	4.518831414079069
1991	09	19	0.00048371429671999997	0.0	4.530701210733927
1991	09	20	0.81202558881	0.0	4.154750648148855
1991	09	21	2.1259972040000004	0.0	3.479389259500365
1991	09	22	0.0023864574180000003	0.0	3.6323554190917147
1991	09	23	0.0018999990117	0.0	4.035503444948881
1991	09	24	7.610264314999999	0.0	3.7307867547942615
1991	09	25	1.0236345174	0.0	2.4471335875110234
1991	09	26	0.08611815228200001	0.0	2.275888870382029
1991	09	27	0.00047006901754	0.0	2.597611426593853
1991	09	28	13.223293439999999	0.0	1.7252242919980318
1991	09	29	3.5036016281999998	0.0	1.9927541050519142
1991	09	30	0.006979264487	0.0	2.3497686320381215
1991	10	01	0.0068222469219999995	0.0	2.6955935983260395
1991	10	02	0.0	0.0	3.1500808116266037
1991	10	03	0.0019074175691000002	0.0	3.235526871936085
1991	10	04	0.0	0.0	3.1106987346348745
1991	10	05	0.0	0.0	2.753135739794684
1991	10	06	0.0009532868318999999	0.0	2.5463407156960582
1991	10	07	0.0014293554194	0.0	2.9050222000266617
1991	10	08	1.8774788401	0.0	1.56519507062647
1991	10	09	20.178379063999998	0.0	1.3154948478914417
1991	10	10	14.40323872	0.0	1.5149572832949538
1991	10	11	4.6061528175	0.0	1.1397487985997798
1991	10	12	1.6579350729	0.0	1.2699784235679974
1991	10	13	5.4991944512	0.0	1.2751246416114426
1991	10	14	0.6692386320000001	0.0	1.4945729334698283
1991	10	15	0.02035404505	0.0	1.4628926743107813
1991	10	16	0.0	0.0	2.091117343141699
1991	10	17	0.011029066862000001	0.0	1.9562110679256821
1991	10	18	0.005040751252200001	0.0	2.0803850944084306
1991	10	19	0.11824398248000001	0.0	1.521428341561594
1991	10	20	0.00048650499702	0.0	1.6316880708806953
1991	10	21	0.00048004088758000005	0.0	1.6376015546518141
1991	10	22	0.0009467125106999999	0.0	1.46656990273268
1991	10	23	0.24935227602	0.0	1.589284054915613
1991	10	24	0.34513434736000004	0.0	1.7015025872130904
1991	10	25	17.2299856115	0.0	1.1086828449844028
1991	10	26	0.8511852433899999	0.0	1.1668620188883225
1991	10	27	0.91270496912	0.0	1.1729492094324871
1991	10	28	1.6671284676000002	0.0	1.3934663597381876
1991	10	29	0.06244850688	0.0	1.685224169238556
1991	10	30	0.2968891053	0.0	1.3436323788036033
1991	10	31	0.013505677985	0.0	1.465884455917651
1991	11	01	0.0026066868100000002	0.0	1.6835486160075905
1991	11	02	0.0916695579	0.0	1.5509438920709655
1991	11	03	4.4846892442	0.0	1.0334755245827418
1991	11	04	2.0932464868	0.0	1.4219074947715775
1991	11	05	0.0014203510789	0.0	1.1922108283270358
1991	11	06	0.0014179223832	0.0	1.3771570952510805
1991	11	07	0.0018901369784	0.0	1.4926895220158114
1991	11	08	0.00047993057655	0.0	1.4772802832994827
1991	11	09	0.00094342529495	0.0	1.4478394704420465
1991	11	10	0.0018860257665	0.0	1.3535497553280018
1991	11	11	0.0018958689385	0.0	1.4749599904335144
1991	11	12	0.006438293725	0.0	1.4975818660041151
1991	11	13	7.1046550712	0.0	0.9565670283251764
1991	11	14	1.4202011812000002	0.0	0.9150900493542977
1991	11	15	3.067212473	0.0	1.1094216532197656
1991	11	16	0.16805979727	0.0	1.0267298731109518
1991	11	17	0.0019199467666999998	0.0	1.2481001548226682
1991	11	18	1.9528656914	0.0	0.9421913256149713
1991	11	19	0.9239878428999999	0.0	0.7849409246301153
1991	11	20	0.037055152640000005	0.003211173019771171	0.8321295579513489
1991	11	21	0.0014920282103000001	0.003211173019771171	0.8355548600048647
1991	11	22	0.0011734052620999999	0.003211173019771171	0.9217360194421779
1991	11	23	0.00047993063170000003	0.003211173019771171	0.9470637985482396
1991	11	24	0.97351787039	0.003211173019771171	1.0400721615306623
1991	11	25	3.746183977	0.003211173019771171	0.5214916632799583
1991	11	26	6.349213239	0.003211173019771171	0.782632253812014
1991	11	27	0.0028404544239999997	0.003211173019771171	1.161944135860695
1991	11	28	0.0	0.003211173019771171	1.121048388543534
1991	11	29	0.15887983711	0.003211173019771171	1.0475809394378939
1991	11	30	6.064376725	0.006422346039542342	0.6312870632368892
1991	12	01	4.065507992	0.006422346039542342	0.5675059623241909
1991	12	02	0.028554664746000002	0.006422346039542342	0.8585949761874564
1991	12	03	0.3277067047	0.006422346039542342	0.8721599346621872
1991	12	04	0.0	0.006422346039542342	0.9963102229880736
1991	12	05	2.4854569624	0.006422346039542342	0.8455920391443263
1991	12	06	1.5044794257999998	0.006422346039542342	1.0407788005584104
1991	12	07	6.6935863840000005	0.006422346039542342	0.6628501830937251
1991	12	08	0.031032019291	0.006422346039542342	0.7808296375411904
1991	12	09	0.011056396996	0.006422346039542342	0.9145865481114632
1991	12	10	0.018264674063999998	0.006422346039542342	0.8936700530723765
1991	12	11	0.027339455453	0.006422346039542342	0.7230633046780333
1991	12	12	0.0023637898856000003	0.006422346039542342	0.8944416635580867
1991	12	13	0.0039335809195	0.006422346039542342	0.881441465398428
1991	12	14	21.503465908000003	0.006422346039542342	0.5226020477982156
1991	12	15	0.26409550346	0.006422346039542342	0.6489037538588108
1991	12	16	0.3084182128	0.006422346039542342	0.7779397657939614
1991	12	17	0.041758217795	0.006422346039542342	0.9060535212800208
1991	12	18	0.0	0.006422346039542342	0.9802639421118441
1991	12	19	0.043789872099999995	0.006422346039542342	0.9520760289524025
1991	12	20	0.020468067675	0.006422346039542342	0.83314574499137
1991	12	21	0.0018916548167	0.006422346039542342	1.028907669054585
1991	12	22	0.0009467125106999999	0.006422346039542342	1.019225053351905
1991	12	23	0.0018868504796000002	0.006422346039542342	0.9412226316572154
1991	12	24	0.0011910399158000001	0.006422346039542342	1.014893612169033
1991	12	25	0.00046678182385000004	0.006422346039542342	0.8372744729182257
1991	12	26	0.0009401379689	0.006422346039542342	0.9242445097220542
1991	12	27	0.0009434251625900001	0.006422346039542342	0.922430479207193
1991	12	28	0.0009401379689	0.006422346039542342	0.8229352674791551
1991	12	29	0.0014160634973	0.006422346039542342	0.924525614965152
1991	12	30	0.00094578879232	0.006422346039542342	0.912117792664038
1991	12	31	0.0015488056868	0.006422346039542342	0.8246147932763827
1992	01	01	0.0019868170241	0.006422346039542342	0.7278799997028542
1992	01	02	0.0015423539089	0.006422346039542342	0.7963341321483177
1992	01	03	0.0019428447158	0.006422346039542342	0.884620520380686
1992	01	04	0.00021372581721999998	0.006422346039542342	0.869896687770331
1992	01	05	0.0022202684079999997	0.006422346039542342	0.8675887044719239
1992	01	06	0.0024181777126	0.006422346039542342	0.90267607355087
1992	01	07	4.248675481	0.006422346039542342	0.7415234056499211
1992	01	08	34.119026202	0.468831260886591	0.9796572321817161
1992	01	09	1.9657689162999998	0.16055865098855854	0.6670688574276641
1992	01	10	0.0050609787279999995	0.09312401757336396	0.6147532640322625
1992	01	11	0.9713807748	0.07385697945473693	0.6560201415534717
1992	01	12	0.8822739271	0.07064580643496576	0.6493755670924073
1992	01	13	0.05829852453	0.0674346334151946	0.809203749490699
1992	01	14	1.4080713799	0.06422346039542343	0.9597022445199263
1992	01	15	0.0009557486176	0.06101228737565225	0.9744809792510842
1992	01	16	0.00095345762042	0.06101228737565225	0.9890719504478303
1992	01	17	0.0	0.054589941336109914	0.9550968633119572
1992	01	18	0.0014134932867000002	0.054589941336109914	1.0110674442736653
1992	01	19	0.0023587681472000003	0.054589941336109914	0.8693917963456351
1992	01	20	0.0020510644578	0.05137876831633874	0.8340802750764741
1992	01	21	0.0016212058347000002	0.054589941336109914	0.8573560430885339
1992	01	22	0.00097453505699	0.054589941336109914	0.8079427012155639
1992	01	23	0.0014735553869	0.054589941336109914	0.6799414586400271
1992	01	24	0.00094013803508	0.054589941336109914	0.87211248163816
1992	01	25	0.0028483113136	0.054589941336109914	1.0862091473241746
1992	01	26	0.0	0.054589941336109914	1.0217887412129083
1992	01	27	0.0	0.054589941336109914	0.8704081847929537
1992	01	28	0.0005784148544999999	0.054589941336109914	1.0547860211824935
1992	01	29	0.34204616796000004	0.054589941336109914	1.0763446510830412
1992	01	30	0.0018999990117	0.054589941336109914	1.1671767769214603
1992	01	31	0.0014134932867000002	0.05137876831633874	1.2357354172586628
1992	02	01	0.0018901367578	0.05137876831633874	1.2182834567306144
1992	02	02	0.0	0.05137876831633874	1.3245123127124176
1992	02	03	0.0009401379689	0.05137876831633874	1.324139147522413
1992	02	04	5.8359216002000005e-06	0.05137876831633874	1.461840453985974
1992	02	05	0.0	0.05137876831633874	1.5314715181450615
1992	02	06	0.0009483559807	0.05137876831633874	1.5736084720077272
1992	02	07	0.000951134548	0.05137876831633874	1.5868016476423492
1992	02	08	0.0009551936983000001	0.05137876831633874	1.6301389363835774
1992	02	09	0.4676694631	0.05137876831633874	1.273634189464611
1992	02	10	0.04338546487100001	0.05137876831633874	1.4044568187711068
1992	02	11	0.00047993057655	0.05137876831633874	1.4838249630958147
1992	02	12	14.092718851	0.05137876831633874	1.0432354691546135
1992	02	13	0.16152384944	0.05137876831633874	1.151561512580712
1992	02	14	0.0005125809759	0.05137876831633874	1.5588439785015324
1992	02	15	0.0014293907154	0.05137876831633874	1.7383877330576476
1992	02	16	2.7049784489999995	0.05137876831633874	1.5150449299867301
1992	02	17	0.19084461166	0.05137876831633874	1.4843488500318056
1992	02	18	0.800010312	0.05137876831633874	1.2031852594410568
1992	02	19	8.837386008	0.05137876831633874	1.0835867045031882
1992	02	20	5.0003449429	0.05137876831633874	1.0754935729749389
1992	02	21	0.0014281819377	0.05137876831633874	1.2914518985618255
1992	02	22	0.0014200682697	0.05137876831633874	1.5641797037510772
1992	02	23	0.0009401379689	0.05137876831633874	1.6924920920727449
1992	02	24	1.2668639963000001	0.05137876831633874	1.4750163583059954
1992	02	25	0.3469312226	0.05137876831633874	1.468875790845151
1992	02	26	0.017926402715	0.05137876831633874	1.647300115536014
1992	02	27	0.00094013803508	0.05137876831633874	1.8159956125397438
1992	02	28	0.0037907530083	0.05137876831633874	1.9040295970560273
1992	02	29	0.003804794088	0.05137876831633874	2.055919307550176
1992	03	01	0.12458097668500001	0.04816759529656756	1.7819155046282773
1992	03	02	0.0034684492388	0.04816759529656756	2.048564205358791
1992	03	03	0.0	0.04816759529656756	2.1991986021890026
1992	03	04	0.006729779343600001	0.04816759529656756	1.93472980274657
1992	03	05	0.0018869910018	0.04816759529656756	2.2879829721381895
1992	03	06	0.00025467604891	0.04816759529656756	2.5334139633050956
1992	03	07	0.010974821321999999	0.04816759529656756	2.349039563725266
1992	03	08	0.05829669355	0.04816759529656756	2.220840346048216
1992	03	09	0.0013914786200000002	0.04816759529656756	2.4724939965951847
1992	03	10	0.0018812036711	0.04816759529656756	2.7247431840573957
1992	03	11	0.0009401379689	0.04816759529656756	2.565880043613538
1992	03	12	0.00094013803508	0.04816759529656756	2.332081157076734
1992	03	13	0.0009598612082499999	0.04816759529656756	2.3788387699587528
1992	03	14	0.0	0.04816759529656756	2.728536422729359
1992	03	15	0.0009401379689	0.0449564222767964	2.8884766151579075
1992	03	16	0.0014134932867000002	0.041745249257025226	3.105601088634866
1992	03	17	0.00047006901754	0.041745249257025226	2.7506377209250368
1992	03	18	0.021432903689	0.041745249257025226	2.7543311386296767
1992	03	19	0.0013932072416	0.041745249257025226	3.2022384651198696
1992	03	20	0.0037999971409999997	0.041745249257025226	3.1911669515826615
1992	03	21	0.0018982014526	0.041745249257025226	3.6775984358775524
1992	03	22	0.0	0.041745249257025226	3.466818862465024
1992	03	23	0.21269193120000002	0.041745249257025226	2.8326443792135185
1992	03	24	1.1487829931000002	0.041745249257025226	1.9196115556853135
1992	03	25	0.034940804219000005	0.03853407623725405	2.077663934858223
1992	03	26	0.76306925368	0.03853407623725405	2.135716663190416
1992	03	27	0.42726566864	0.03853407623725405	1.8233503626095362
1992	03	28	0.0009467126210000001	0.03853407623725405	2.435873147998472
1992	03	29	1.5916438904999999	0.03853407623725405	2.260313261953515
1992	03	30	26.158334375	0.49452064504476034	1.4427414294393763
1992	03	31	5.6645276435	0.12523574777107566	1.6926976828630929
1992	04	01	9.897236648	0.09312401757336396	1.7309697511490927
1992	04	02	14.938181587	0.20551507326535495	1.675469671072424
1992	04	03	6.600897985	0.3082726098980324	1.643042377964549
1992	04	04	5.049903946200001	0.2665273606410072	1.9817444282882848
1992	04	05	0.0057273876134999995	0.20230390024558378	2.557741780124322
1992	04	06	7.173156444999999	0.23762680346306667	1.9034362652802719
1992	04	07	0.42087211811	0.1669809970281009	1.9513597278377468
1992	04	08	0.4163978317	0.13808043985016036	2.020342231623181
1992	04	09	0.0019187722923	0.10275753663267748	3.08737592446999
1992	04	10	0.00047993057655	0.08670167153382162	3.424256432097732
1992	04	11	0.004945240496799999	0.07064580643496576	3.455245989221335
1992	04	12	0.0018869055192999998	0.07064580643496576	3.814141796648869
1992	04	13	0.015130272346	0.06422346039542343	3.3977015282536502
1992	04	14	0.0030973834938	0.06101228737565225	3.6807193812961376
1992	04	15	0.26315549377	0.054589941336109914	2.732473967772997
1992	04	16	0.0	0.054589941336109914	3.0172413793552892
1992	04	17	0.0	0.054589941336109914	3.5907215159974144
1992	04	18	3.0166570195e-05	0.054589941336109914	4.053384697105275
1992	04	19	0.0014423115883	0.054589941336109914	4.135068931854688
1992	04	20	0.0	0.054589941336109914	4.546699142470082
1992	04	21	0.04882770327	0.054589941336109914	4.154666677302896
1992	04	22	0.0018983377834	0.054589941336109914	4.457242484138991
1992	04	23	0.0005676554203999999	0.054589941336109914	4.352330221901411
1992	04	24	0.009922248275999999	0.054589941336109914	3.9464143283769455
1992	04	25	0.0009544924109	0.054589941336109914	4.095448760859681
1992	04	26	0.008998206717000001	0.054589941336109914	4.372254894296074
1992	04	27	0.004423045442	0.054589941336109914	4.554372154453836
1992	04	28	0.020378889022	0.054589941336109914	3.766094350538161
1992	04	29	0.00047993057655	0.05137876831633874	3.7744076075125563
1992	04	30	0.0	0.05137876831633874	4.6185927341066515
1992	05	01	0.030606032970000002	0.05137876831633874	4.813960766371899
1992	05	02	0.007455617097	0.05137876831633874	3.4125250722770626
1992	05	03	0.0004799305214	0.05137876831633874	3.3631629008967647
1992	05	04	0.00094013803508	0.05137876831633874	4.087377175925171
1992	05	05	0.0	0.05137876831633874	4.057826131674602
1992	05	06	0.013245488006	0.05137876831633874	4.312574513930395
1992	05	07	0.0016809136512999999	0.05137876831633874	4.660520193252338
1992	05	08	0.0019047852596000001	0.05137876831633874	4.981382014950767
1992	05	09	0.0	0.05137876831633874	4.944960423413271
1992	05	10	0.0028447109010000006	0.05137876831633874	4.670948305528094
1992	05	11	0.001895223132	0.05137876831633874	5.10279623706601
1992	05	12	0.0009467126210000001	0.05137876831633874	6.095038408227031
1992	05	13	1.6836380613	0.05137876831633874	5.0706740233765295
1992	05	14	1.7617411603999997	0.05137876831633874	3.43189683173654
1992	05	15	0.09547202907	0.04816759529656756	5.634960174115617
1992	05	16	0.48595618834	0.04816759529656756	5.648401111355471
1992	05	17	0.36495559929000004	0.04816759529656756	6.01529154329068
1992	05	18	0.27924866085000005	0.04816759529656756	5.303397411302615
1992	05	19	0.00051382258991	0.04816759529656756	5.837916559004382
1992	05	20	0.0610920816	0.03853407623725405	5.417876077764856
1992	05	21	1.6425547306	0.03853407623725405	5.581772333100971
1992	05	22	0.58261976625	0.03853407623725405	3.597398264159898
1992	05	23	5.503443869	0.03532290321748288	3.0268721067485416
1992	05	24	0.18134517858000002	0.028900557177940538	3.540349501265938
1992	05	25	0.0037815450540000005	0.02568938415816937	4.968119528182981
1992	05	26	0.5203699207	0.019267038118627025	4.933033532980013
1992	05	27	7.6825446771	0.019267038118627025	3.3047682177029167
1992	05	28	18.744808861	0.016055865098855857	1.7402426838307907
1992	05	29	2.299714189	0.016055865098855857	3.5012096862053794
1992	05	30	0.6874644937000001	0.016055865098855857	3.8297378396851744
1992	05	31	4.949751105	0.028900557177940538	3.338693861677167
1992	06	01	1.1426657551000001	0.05137876831633874	3.6150803095313817
1992	06	02	1.0214895133	0.05137876831633874	3.2066235395619196
1992	06	03	0.7122716255	0.04816759529656756	3.687760658704757
1992	06	04	1.3209778381	0.041745249257025226	3.3079671195905984
1992	06	05	3.0925545598	0.041745249257025226	3.4101529537027853
1992	06	06	0.9546370142	0.03853407623725405	4.029297775180722
1992	06	07	0.043442334448	0.03532290321748288	3.5716616928842635
1992	06	08	0.8486893419000001	0.03211173019771171	3.9441393471067108
1992	06	09	0.9831412475799999	0.03211173019771171	3.2256296267592925
1992	06	10	0.12855708763	0.03211173019771171	3.9883935636340215
1992	06	11	1.4726400071999999	0.03211173019771171	3.8584624592811236
1992	06	12	8.189406598	0.028900557177940538	3.7210358425812653
1992	06	13	0.032738973559000004	0.028900557177940538	4.7431100941904765
1992	06	14	11.479465882000001	0.028900557177940538	4.138308390580765
1992	06	15	1.3937248795	0.028900557177940538	4.150484599814015
1992	06	16	3.1088615324	0.028900557177940538	4.660823152463116
1992	06	17	0.21170406234	0.028900557177940538	4.92680860020464
1992	06	18	0.009536544618	0.028900557177940538	5.481630756431028
1992	06	19	0.0009401379689	0.028900557177940538	5.607379707899349
1992	06	20	0.00094879953009	0.0224782111383982	4.423749863952221
1992	06	21	0.0	0.0224782111383982	4.78632859771002
1992	06	22	1.3955254167000002	0.0224782111383982	3.856902676332572
1992	06	23	0.18067811727000002	0.0224782111383982	4.1375101419633245
1992	06	24	0.0014254494757999997	0.0224782111383982	5.038222940493684
1992	06	25	0.00094013803508	0.0224782111383982	5.5435456207714084
1992	06	26	0.0009138405296799999	0.019267038118627025	5.8892898128083715
1992	06	27	0.0	0.019267038118627025	6.173162088257573
1992	06	28	0.015606782685	0.019267038118627025	5.803432395404461
1992	06	29	0.041960948092	0.016055865098855857	4.839426327204828
1992	06	30	0.59578837295	0.016055865098855857	3.6471037902260033
1992	07	01	0.023735710689999998	0.016055865098855857	5.073358954568569
1992	07	02	0.0	0.016055865098855857	6.13045987305317
1992	07	03	0.0	0.012844692079084685	5.756255042766436
1992	07	04	0.0	0.009633519059313513	5.39771240690735
1992	07	05	0.0009467126210000001	0.009633519059313513	5.295339791703447
1992	07	06	0.00047993057655	0.006422346039542342	5.227232280656906
1992	07	07	0.0	0.003211173019771171	5.3914942619960184
1992	07	08	0.0	0.003211173019771171	5.739414494850016
1992	07	09	0.0	0.0	5.571165082174292
1992	07	10	0.0030517529353	0.0	5.172492843046157
1992	07	11	0.0	0.0	6.247903318564152
1992	07	12	0.0014336718996	0.0	6.607882724852783
1992	07	13	0.0009598612634000001	0.0	7.3947719991423675
1992	07	14	0.019316835690999998	0.0	7.265679476722946
1992	07	15	3.9922780572	0.0	5.930370979331295
1992	07	16	0.013569650881999998	0.0	6.0643233640795104
1992	07	17	0.0009467126210000001	0.0	6.155307395504163
1992	07	18	3.430346545e-05	0.0	6.9762375053498165
1992	07	19	0.38887279759999993	0.0	7.0036541450053145
1992	07	20	0.020690176579	0.0	5.712722790207926
1992	07	21	0.0030948956773	0.0	4.947719832932642
1992	07	22	0.0009401379689	0.0	6.3173667104217
1992	07	23	0.0014196346804000001	0.0	6.030577891206554
1992	07	24	0.0004892285025600001	0.0	6.476221958777877
1992	07	25	0.00047993057655	0.0	7.049477121344952
1992	07	26	3.783770908e-06	0.0	6.716022245005897
1992	07	27	0.037166316289	0.0	6.718593661090096
1992	07	28	0.3786966299	0.0	6.612206897071866
1992	07	29	0.27353698492	0.0	6.472618018384252
1992	07	30	2.3866396336	0.0	5.7885890908419855
1992	07	31	0.004565582492100001	0.0	5.803959541191185
1992	08	01	0.27954559948	0.0	6.020976362712182
1992	08	02	2.6911681168999997	0.0	6.303235556550882
1992	08	03	0.19216728513999998	0.0	6.1336084642978115
1992	08	04	0.0033026446243	0.0	6.329848059617349
1992	08	05	0.061949049729000005	0.0	6.691759287227342
1992	08	06	1.4595284256	0.0	6.981363692684488
1992	08	07	2.4106231552999997	0.0	5.739378802541397
1992	08	08	0.7584605226	0.0	3.326302731593098
1992	08	09	0.037159777705	0.0	4.045530216417894
1992	08	10	0.0030953559592	0.0	4.598509013840074
1992	08	11	0.0	0.0	5.107174643662912
1992	08	12	0.0	0.0	5.45680942118062
1992	08	13	0.00094013803508	0.0	5.589651105773951
1992	08	14	0.001893424139	0.0	5.505135635662662
1992	08	15	0.001409668193	0.0	5.972588237480546
1992	08	16	0.0009401379689	0.0	5.868759213597135
1992	08	17	0.028117763137000002	0.0	6.344009105549941
1992	08	18	0.52659774548	0.0	5.978394525107571
1992	08	19	1.8496775044999998	0.0	4.26411784177085
1992	08	20	0.0027674062636	0.0	4.090323675229574
1992	08	21	0.0014167808885	0.0	4.494462427717099
1992	08	22	0.0009523613487199999	0.0	4.571591807748774
1992	08	23	0.00094770548645	0.0	5.124590947997999
1992	08	24	0.0	0.0	6.454724924437145
1992	08	25	0.0018862144898	0.0	5.258962577210706
1992	08	26	0.005116503417099999	0.0	4.822261826232242
1992	08	27	0.00021359237628	0.0	4.705734953495193
1992	08	28	11.952636888499999	0.0	2.887200832946313
1992	08	29	0.084066461982	0.0	2.9093185068951137
1992	08	30	0.27242093643	0.0	2.728128687975261
1992	08	31	3.139273669	0.0	2.651943031824254
1992	09	01	0.0	0.0	4.196528158538026
1992	09	02	0.0009467126210000001	0.0	4.14710211528972
1992	09	03	0.0025609934907999997	0.0	4.510889357780305
1992	09	04	0.0006445651838	0.0	4.274148228118739
1992	09	05	0.0009467126210000001	0.0	4.821171179769554
1992	09	06	0.0004799305214	0.0	4.474410523537584
1992	09	07	0.006595911322000001	0.0	3.9677149301837566
1992	09	08	0.031037186846	0.0	2.873182437032343
1992	09	09	0.00094013803508	0.0	3.758162707109999
1992	09	10	0.0014266429218	0.0	4.110087202051274
1992	09	11	0.001554642101	0.0	3.7187341617117182
1992	09	12	0.00094013803508	0.0	4.166806219442029
1992	09	13	0.00048650506319999995	0.0	4.324247335778645
1992	09	14	2.1094459168999997e-05	0.0	4.745465503069889
1992	09	15	0.0009401379689	0.0	5.021775504225753
1992	09	16	0.09871919489	0.0	4.61735202418633
1992	09	17	0.027793899174	0.0	3.283152938022874
1992	09	18	0.00098141227302	0.0	4.228489537134626
1992	09	19	0.00094108850121	0.0	4.354601969037199
1992	09	20	0.0009930305691	0.0	3.8038880123156806
1992	09	21	0.23967984842	0.0	2.7285481978632324
1992	09	22	0.573676918	0.0	2.1744350510025012
1992	09	23	0.00050018151316	0.0	3.0280446824610228
1992	09	24	0.0	0.0	3.4903354656138235
1992	09	25	0.0073431643719	0.0	2.982104930739886
1992	09	26	24.689256396	0.0	1.717168437989289
1992	09	27	3.0577904264	0.0	1.954270648095184
1992	09	28	0.0009458261399	0.0	2.818712479028212
1992	09	29	1.2466669632999998	0.0	2.344972127679265
1992	09	30	0.0040029234411	0.0	2.8821506040010614
1992	10	01	0.0	0.0	3.2057236460639906
1992	10	02	0.21917532107999999	0.0	3.1384286752755446
1992	10	03	0.036618082272	0.0	2.417493069391251
1992	10	04	0.0038219022798000003	0.0	2.0615188545615717
1992	10	05	0.005246695250000001	0.0	2.170533692858149
1992	10	06	2.1060279405000003e-05	0.0	2.235634596899521
1992	10	07	0.3530666601	0.0	2.3144153658354814
1992	10	08	3.1118368749000003	0.0	2.244260716777815
1992	10	09	1.9319016322	0.0	1.8746406564934646
1992	10	10	1.43115353	0.0	1.6745993303350528
1992	10	11	4.879610562900001	0.0	1.2162825035536757
1992	10	12	0.8721386807	0.0	1.5479691683498051
1992	10	13	0.0	0.0	2.070945743459208
1992	10	14	0.0	0.0	2.2587680046760443
1992	10	15	12.983611540000002	0.0	1.683231887840955
1992	10	16	14.123456152	0.0	1.42537017926356
1992	10	17	1.08507718755	0.0	1.3744575357940065
1992	10	18	6.3129725195	0.0	1.7131451638382589
1992	10	19	5.524562348199999	0.0	1.4884998968247694
1992	10	20	1.1979721604999998	0.0	1.4521668588885448
1992	10	21	0.009747651097	0.0	1.268566633402428
1992	10	22	0.7736068083	0.0	1.6887482682901358
1992	10	23	0.38563650736	0.003211173019771171	1.3845078252997982
1992	10	24	0.090054902672	0.003211173019771171	1.5086424207111504
1992	10	25	0.015607890097000001	0.003211173019771171	1.469841967255719
1992	10	26	0.051376993269000006	0.003211173019771171	1.6344648212878323
1992	10	27	5.4716130538000005	0.003211173019771171	1.104546015747692
1992	10	28	3.4991592957	0.003211173019771171	1.201923107319211
1992	10	29	14.599420506000001	0.009633519059313513	0.8706843195861972
1992	10	30	4.6136421875	0.012844692079084685	1.2728567177882826
1992	10	31	0.005751135755	0.012844692079084685	1.2251656063021283
1992	11	01	0.00039864597322	0.012844692079084685	1.3857617167245273
1992	11	02	0.0009401379689	0.012844692079084685	1.571412167249033
1992	11	03	0.05086638699399999	0.009633519059313513	1.4568737612114988
1992	11	04	0.002990296974	0.009633519059313513	1.576519478718073
1992	11	05	0.0	0.009633519059313513	1.7888930274059895
1992	11	06	5.7594582208999996e-05	0.009633519059313513	1.8420835474725692
1992	11	07	0.0009557900242200001	0.009633519059313513	1.6681883954738526
1992	11	08	0.013588140471	0.009633519059313513	1.49623136379536
1992	11	09	0.004575304665	0.009633519059313513	1.615785139430004
1992	11	10	0.030817092020000002	0.006422346039542342	1.3135515784450966
1992	11	11	0.2368807212	0.006422346039542342	1.1709927041203616
1992	11	12	0.0077784017745	0.006422346039542342	1.1407191544962163
1992	11	13	0.5174352789000001	0.006422346039542342	1.2287785021367033
1992	11	14	1.1484910289999999	0.006422346039542342	1.0135549106541402
1992	11	15	14.856698013499999	0.006422346039542342	0.9795763550150945
1992	11	16	0.03985976177	0.006422346039542342	0.9367480855605982
1992	11	17	0.06193290953	0.006422346039542342	0.8964029559113712
1992	11	18	0.08430774323200001	0.006422346039542342	1.056985061343666
1992	11	19	0.011431390524	0.006422346039542342	1.0724214037121356
1992	11	20	0.012958069369	0.006422346039542342	1.240970842851532
1992	11	21	0.0014015918064	0.006422346039542342	1.422576748621071
1992	11	22	0.006195418088499999	0.006422346039542342	1.4643466566982786
1992	11	23	0.0014200682697	0.006422346039542342	1.2906053513722966
1992	11	24	0.08858641921	0.006422346039542342	1.1670489771296906
1992	11	25	1.1444215105	0.006422346039542342	0.9161882187217159
1992	11	26	0.3580794642	0.006422346039542342	0.9196528691971622
1992	11	27	0.024132340666	0.006422346039542342	1.0910917049040096
1992	11	28	0.003192024644	0.006422346039542342	1.1339253571563772
1992	11	29	0.0	0.006422346039542342	1.2036579870220763
1992	11	30	0.6901028697	0.006422346039542342	0.8358907602186862
1992	12	01	3.222187282	0.006422346039542342	0.5557557051196914
1992	12	02	2.3218925409	0.006422346039542342	0.845333919311113
1992	12	03	1.06669370715	0.006422346039542342	0.549139101823194
1992	12	04	25.334345945999996	0.0224782111383982	0.8624304731375156
1992	12	05	2.9905720622000005	0.009633519059313513	0.6859112719798449
1992	12	06	3.7045658016	0.012844692079084685	0.8015082061763764
1992	12	07	4.2541196683999996	0.012844692079084685	0.840950752861907
1992	12	08	0.005327469043000001	0.03532290321748288	0.6526090161377782
1992	12	09	0.017794961513999997	0.041745249257025226	0.9811081340362643
1992	12	10	0.11713168419	0.041745249257025226	0.6599241400569905
1992	12	11	0.0004799305214	0.03853407623725405	0.6892289589768994
1992	12	12	0.0	0.03532290321748288	0.8740804562096867
1992	12	13	0.0014329786641	0.03211173019771171	0.9518956276891237
1992	12	14	0.0005506446235	0.03853407623725405	0.894810651704126
1992	12	15	5.248582483000001	0.041745249257025226	0.8730556838131862
1992	12	16	2.7121542361	0.04816759529656756	0.6247374513255071
1992	12	17	0.048015154054	0.04816759529656756	0.7570178923940636
1992	12	18	0.135288615008	0.05137876831633874	0.5829544024132617
1992	12	19	4.1482139101	0.04816759529656756	0.49121230847166236
1992	12	20	0.43812002692	0.04816759529656756	1.010038550730291
1992	12	21	6.283907918	0.04816759529656756	0.7882080419006928
1992	12	22	4.216293607	0.05137876831633874	0.8655698025138576
1992	12	23	0.7481053710900001	0.05137876831633874	0.8684593200144314
1992	12	24	0.09233381758999999	0.05137876831633874	0.8754979570358058
1992	12	25	0.0030514035048999997	0.05137876831633874	0.8295615672759096
1992	12	26	0.34465559021000003	0.05137876831633874	0.7402787836294601
1992	12	27	0.0017590998063	0.05137876831633874	0.8854489973969057
1992	12	28	0.0009401379689	0.05137876831633874	0.8816291933835801
1992	12	29	0.0011648478571999999	0.05137876831633874	0.8224212669160558
1992	12	30	0.0006167385895	0.05137876831633874	0.749111138785463
1992	12	31	0.0005965935629500001	0.054589941336109914	0.684360761181724
1993	01	01	0.0009401379689	0.054589941336109914	0.7037413494604763
1993	01	02	0.0009401379689	0.054589941336109914	0.6945553644875732
1993	01	03	0.0	0.054589941336109914	0.7301382396843942
1993	01	04	0.0012411049755	0.054589941336109914	0.9133835878944873
1993	01	05	0.11892972861	0.054589941336109914	1.050561467436989
1993	01	06	0.0052343565405	0.054589941336109914	0.9581407282341007
1993	01	07	0.004807985824	0.054589941336109914	0.9901531990280588
1993	01	08	0.0073648519991	0.054589941336109914	0.8607699458940724
1993	01	09	0.005258774864799999	0.054589941336109914	0.9728742413764077
1993	01	10	0.013981001496	0.05137876831633874	0.9529091472929909
1993	01	11	0.23595559098000002	0.05137876831633874	0.771135589363741
1993	01	12	2.0082932062000003	0.054589941336109914	0.5503933271499613
1993	01	13	0.39638506588	0.054589941336109914	0.7602573146794054
1993	01	14	0.006571509653	0.054589941336109914	0.9529369587123995
1993	01	15	0.00047993057655	0.054589941336109914	1.0857552009943447
1993	01	16	0.0	0.054589941336109914	1.1204736661108015
1993	01	17	0.0028401375321	0.054589941336109914	1.056245224821764
1993	01	18	0.0018999990117	0.054589941336109914	1.0633889481666998
1993	01	19	0.0010055917536999999	0.054589941336109914	1.053457342458533
1993	01	20	0.0014045753111	0.054589941336109914	1.1009344203010316
1993	01	21	3.1446791411000004e-05	0.054589941336109914	1.0982472062206676
1993	01	22	0.0039784274656	0.054589941336109914	1.0359996088681946
1993	01	23	0.0022608648745	0.054589941336109914	1.1447333469491616
1993	01	24	0.0024468484328	0.05137876831633874	1.1317416951043933
1993	01	25	0.0018868505899	0.054589941336109914	1.0916740877652058
1993	01	26	0.0028284264296	0.054589941336109914	1.1046497223952165
1993	01	27	0.00045085058819999997	0.05137876831633874	1.245719184964189
1993	01	28	0.02395944321	0.054589941336109914	1.2456585663271658
1993	01	29	4.549586014000001	0.05137876831633874	0.7278921531063304
1993	01	30	2.3544897205	0.05137876831633874	0.8509255969283549
1993	01	31	2.6297864977999996	0.054589941336109914	1.1206973961571243
1993	02	01	0.024551928484000004	0.054589941336109914	1.300467866282841
1993	02	02	0.015926890933	0.05137876831633874	1.3720973601921194
1993	02	03	0.0018967387643	0.05137876831633874	1.268815661063026
1993	02	04	0.00047993057655	0.05137876831633874	1.1851552252853637
1993	02	05	0.012873640234	0.05137876831633874	1.293808247483161
1993	02	06	0.102818421592	0.05137876831633874	1.2423382252221347
1993	02	07	0.010148036788	0.05137876831633874	1.3979702971144052
1993	02	08	0.15276095564	0.05137876831633874	1.3696390066094486
1993	02	09	0.98811982559	0.05137876831633874	1.4016792761550054
1993	02	10	9.0117739479	0.05137876831633874	0.8406821085145626
1993	02	11	4.2813077360000005	0.05137876831633874	1.1198026088492308
1993	02	12	0.22930001176999998	0.05137876831633874	1.3233021089097647
1993	02	13	0.0	0.054589941336109914	1.4375998847687712
1993	02	14	0.00094342529495	0.054589941336109914	1.433185757051124
1993	02	15	0.0	0.057801114355881075	1.5789300864896167
1993	02	16	0.0009401379689	0.057801114355881075	1.3741200619020808
1993	02	17	0.0009598612634000001	0.054589941336109914	1.581769832083988
1993	02	18	0.00091747755085	0.054589941336109914	1.637371350852092
1993	02	19	0.0	0.054589941336109914	1.8641429917003771
1993	02	20	0.0028269876764	0.054589941336109914	1.6322382726018836
1993	02	21	0.0018653824597	0.054589941336109914	2.009184680642942
1993	02	22	0.00047993063170000003	0.054589941336109914	1.3800044487983403
1993	02	23	0.001406919517	0.054589941336109914	1.290952637691605
1993	02	24	0.0009259926557000001	0.054589941336109914	1.3698719657492513
1993	02	25	0.0009401379689	0.054589941336109914	1.6117457206902142
1993	02	26	0.14821611032	0.05137876831633874	1.5933171554219796
1993	02	27	1.1886051536	0.05137876831633874	1.2270539970356322
1993	02	28	2.2313511314	0.05137876831633874	1.0915667489471859
1993	03	01	0.9517114721500001	0.05137876831633874	1.023293856708159
1993	03	02	0.11625978475	0.05137876831633874	1.3595126452228008
1993	03	03	0.006260464756	0.05137876831633874	1.5531117964323375
1993	03	04	0.6905731889000001	0.05137876831633874	1.4919295268776536
1993	03	05	0.0022356202929000005	0.05137876831633874	1.8997426953985392
1993	03	06	0.05127896635	0.05137876831633874	2.082985428859363
1993	03	07	0.14883408813000001	0.05137876831633874	2.15829997231436
1993	03	08	0.05454171756	0.05137876831633874	1.8477173048076314
1993	03	09	0.0064451681725	0.03211173019771171	2.047958092061992
1993	03	10	0.19226578304	0.0449564222767964	2.0609025395117673
1993	03	11	3.5301875681	0.03211173019771171	1.4517388804333782
1993	03	12	1.0694606929500001	0.02568938415816937	1.688704619875935
1993	03	13	8.248162305000001	0.04816759529656756	1.5132362532778036
1993	03	14	1.078693189	0.05137876831633874	1.7558474652172684
1993	03	15	0.28186411651	0.054589941336109914	2.3528266233939257
1993	03	16	0.00047993057655	0.054589941336109914	2.8670754968814895
1993	03	17	0.0	0.054589941336109914	3.0766823611721046
1993	03	18	0.0	0.054589941336109914	2.8831480329896504
1993	03	19	2.0005521316	0.054589941336109914	2.6455019403409645
1993	03	20	0.29960524279999995	0.054589941336109914	2.811394662868856
1993	03	21	0.51028547848	0.054589941336109914	2.325723745131271
1993	03	22	0.35750311361	0.054589941336109914	2.1878868221193297
1993	03	23	1.2467898375	0.054589941336109914	2.087846792447674
1993	03	24	0.03612317279	0.054589941336109914	1.9931539926046895
1993	03	25	0.0014266433629999999	0.041745249257025226	2.323503244546097
1993	03	26	0.00047006901754	0.054589941336109914	2.8422763513038176
1993	03	27	0.0014117319060000001	0.054589941336109914	2.922682437751804
1993	03	28	0.00047006901754	0.054589941336109914	2.615253517256835
1993	03	29	0.0014098928741000001	0.054589941336109914	3.300794487027403
1993	03	30	0.00050396526642	0.054589941336109914	3.236639915214431
1993	03	31	0.21147423022999998	0.054589941336109914	3.0838339691896826
1993	04	01	0.24635715673	0.054589941336109914	1.8587215260509318
1993	04	02	0.0014134941691	0.054589941336109914	2.636136706380418
1993	04	03	3.8796711327	0.06101228737565225	2.2897850403762594
1993	04	04	0.50842103346	0.057801114355881075	2.602810332559168
1993	04	05	0.002096167672	0.054589941336109914	3.0335000014005025
1993	04	06	0.004578824338000001	0.06101228737565225	3.548786478034928
1993	04	07	0.0	0.06101228737565225	4.032253973806429
1993	04	08	0.018279209398	0.057801114355881075	3.4447990751691955
1993	04	09	0.1523846341	0.06422346039542343	2.866696739246002
1993	04	10	1.6337809171	0.06422346039542343	2.1860918109243803
1993	04	11	3.3369003850000003	0.06101228737565225	2.049120968609572
1993	04	12	6.83258865	0.08349049851405045	1.7935341986068358
1993	04	13	2.3868430268	0.06422346039542343	2.154518189159107
1993	04	14	0.9147541887	0.0674346334151946	2.35021983698013
1993	04	15	0.047013557255999996	0.06101228737565225	3.0535522823485004
1993	04	16	0.0009401379689	0.06422346039542343	3.2289584271879317
1993	04	17	0.0	0.06101228737565225	3.802475194763222
1993	04	18	0.0018934244698999999	0.054589941336109914	3.753341992048857
1993	04	19	0.00047993057655	0.054589941336109914	4.277624624987441
1993	04	20	1.7394004469	0.054589941336109914	3.2137570625470806
1993	04	21	7.456104623000001	0.057801114355881075	1.933515707165807
1993	04	22	0.10009222032000001	0.06101228737565225	3.35114885309005
1993	04	23	10.28353372	0.06422346039542343	2.221902646016717
1993	04	24	16.602668149	0.0674346334151946	1.6897042628310555
1993	04	25	7.0850715268	0.06422346039542343	1.9268246563278029
1993	04	26	0.49044076574	0.07064580643496576	3.0386415096647807
1993	04	27	10.357481045999998	0.07064580643496576	1.8247196946617137
1993	04	28	8.4724424645	0.08027932549427927	2.6103448376662044
1993	04	29	6.5260050571	0.09633519059313513	3.0340688263347024
1993	04	30	7.079529393	0.10596870965244864	2.898544265869262
1993	05	01	0.6815930702799999	0.10596870965244864	3.5480114461099928
1993	05	02	0.9404822152	0.10596870965244864	3.5171289221840367
1993	05	03	3.2327074754	0.10917988267221983	3.7682741907826474
1993	05	04	3.3120895029999997	0.09633519059313513	3.6142623604820647
1993	05	05	0.020473775700000002	0.09312401757336396	4.1341064458628445
1993	05	06	8.831306272	0.0899128445535928	3.6328312833132332
1993	05	07	0.7826077846500001	0.0770681524745081	3.4737516895606886
1993	05	08	2.5302108564999997	0.08027932549427927	4.025008526514432
1993	05	09	1.1719419119999999	0.0770681524745081	4.050859825507784
1993	05	10	7.070055725999999	0.08027932549427927	2.87771842992218
1993	05	11	6.322541596	0.0770681524745081	3.5143471948562195
1993	05	12	11.792747663000002	0.0770681524745081	2.7638779357704846
1993	05	13	3.0136160485	0.0899128445535928	2.683223903912419
1993	05	14	2.0769076375	0.09633519059313513	3.218131493652595
1993	05	15	0.4373644278	0.10275753663267748	2.9107703877643503
1993	05	16	0.0017658148703000001	0.10917988267221983	4.120042761027083
1993	05	17	17.902094801	0.10596870965244864	2.6444175088154545
1993	05	18	1.4708225941	0.11560222871176215	2.288355740557382
1993	05	19	2.6730201270000005	0.14129161286993153	2.8665324998677812
1993	05	20	0.00090537534661	0.17661451608741444	3.368479807471038
1993	05	21	0.0	0.17340334306764324	4.277310324446905
1993	05	22	0.5816928602	0.16055865098855854	2.6169189351478774
1993	05	23	7.672403364199999	0.1541363049490162	3.1881353033001765
1993	05	24	26.68330171	0.21514859232466846	2.081702300616911
1993	05	25	8.8481076092	0.31790612895734593	3.1945642778087215
1993	05	26	13.461578942	0.8927060994963855	2.920615354921374
1993	05	27	5.8655967122	0.8959172725161567	2.8544319306661916
1993	05	28	0.03470749435	1.0532647504849442	4.346043620790127
1993	05	29	4.416257580000001	0.7160915834089712	3.2981998376110417
1993	05	30	0.26115130968	0.5747999705390396	3.1254585704379436
1993	05	31	0.0014929537376	0.5009429910843026	5.136450972573178
1993	06	01	1.10778577361	0.38212958935276936	3.6516906138244893
1993	06	02	0.0006705675263999999	0.33717316707597295	4.52650515854656
1993	06	03	0.0016387511454	0.3082726098980324	5.432393349391288
1993	06	04	0.2371444485	0.27937205272009186	3.7446997477360386
1993	06	05	7.5781251009999995	0.2986390908387189	3.8407838808005375
1993	06	06	3.1993023483000003	0.32753964801665947	4.8281778741640435
1993	06	07	0.59569054788	0.4302971846493369	5.140882690510348
1993	06	08	9.763669966	0.4367195306888793	4.43334309114223
1993	06	09	11.496959462	0.6743463341519459	3.2841513804281717
1993	06	10	1.6207941951000002	0.6871910262310306	2.7080484625798915
1993	06	11	0.08919345525999998	0.8027932549427927	3.603170404674529
1993	06	12	0.0022858767230999996	0.6679239881124036	4.995426215516129
1993	06	13	0.0009467126210000001	0.5587441054401837	5.3887108728793045
1993	06	14	0.0018868503693000001	0.45919774182727746	5.7317168643181375
1993	06	15	0.0	0.3853407623725405	6.0976690736291665
1993	06	16	0.0009467126210000001	0.31469495593757474	6.034361674545977
1993	06	17	0.0	0.2890055717794054	6.202189797342023
1993	06	18	0.46611332864	0.26331618762123604	6.007025521283443
1993	06	19	1.4834198468000002	0.26331618762123604	6.002003109392172
1993	06	20	0.36176565710999997	0.24726032252238017	4.66288661244251
1993	06	21	6.454833209999999	0.20872624628512612	3.2942450417292237
1993	06	22	7.599021436	0.22157093836421077	3.5337562808124567
1993	06	23	0.15697971004	0.22478211138398194	4.039632457820466
1993	06	24	0.10112302897	0.22478211138398194	5.018327681256868
1993	06	25	1.152872145	0.20551507326535495	5.522266342978677
1993	06	26	0.0011612321129	0.19267038118627025	5.974369131378781
1993	06	27	5.682239066	0.17019217004787207	5.440162252081654
1993	06	28	1.8698340574	0.1669809970281009	3.5147217482966417
1993	06	29	1.9549781570000002	0.1541363049490162	3.5807206673501804
1993	06	30	0.3535968722	0.1669809970281009	4.039482687909946
1993	07	01	0.01381664126	0.15092513192924503	4.447858483753624
1993	07	02	0.0	0.1348692668303892	4.615301725012322
1993	07	03	0.003278680736	0.12523574777107566	4.942309434608041
1993	07	04	0.5780509748	0.11881340173153333	5.208661844895193
1993	07	05	0.010051696356	0.11560222871176215	5.592468185120511
1993	07	06	0.000949999561	0.11881340173153333	5.6321962112398305
1993	07	07	0.0	0.09954636361290631	6.45655928541784
1993	07	08	0.002358761088	0.08349049851405045	6.540269915248401
1993	07	09	0.022347400989000003	0.07064580643496576	5.403425721965635
1993	07	10	0.004960826327999999	0.06101228737565225	4.009961646388446
1993	07	11	0.0	0.0674346334151946	4.750165969979755
1993	07	12	0.0	0.06101228737565225	5.853399120449919
1993	07	13	0.0014167806679000001	0.057801114355881075	6.452506342699537
1993	07	14	0.055820487227999996	0.054589941336109914	6.294775822715917
1993	07	15	0.0	0.05137876831633874	6.226655762622733
1993	07	16	0.00047006901754	0.05137876831633874	5.957999741027672
1993	07	17	0.0019159907469	0.04816759529656756	6.058889823511938
1993	07	18	0.00047352692253999995	0.0449564222767964	5.742960409242023
1993	07	19	0.0004799305214	0.041745249257025226	5.73532889712271
1993	07	20	0.0018671270748	0.03532290321748288	5.086909947210502
1993	07	21	0.0	0.028900557177940538	5.560074683221931
1993	07	22	0.0014266429218	0.02568938415816937	6.311062552356335
1993	07	23	0.0036331215135000003	0.0224782111383982	7.1032994302689945
1993	07	24	0.0014155167402000002	0.019267038118627025	5.59409023203629
1993	07	25	0.0009446121781	0.019267038118627025	5.933909825579599
1993	07	26	0.0014134932867000002	0.019267038118627025	5.839962775917634
1993	07	27	0.0009499996712999999	0.019267038118627025	7.032754616444581
1993	07	28	0.0020501056199	0.019267038118627025	7.570909203120941
1993	07	29	7.2487894859	0.019267038118627025	5.252901789654936
1993	07	30	0.028258738670000002	0.019267038118627025	4.771904445858349
1993	07	31	0.0009401379689	0.019267038118627025	5.570138563950828
1993	08	01	0.00047006901754	0.019267038118627025	5.835042008354996
1993	08	02	0.0	0.019267038118627025	5.776350506819229
1993	08	03	0.0	0.016055865098855857	5.477331045385946
1993	08	04	0.0004799305214	0.016055865098855857	6.238472185071567
1993	08	05	0.2356652152	0.012844692079084685	6.213375893693206
1993	08	06	0.07671749946999999	0.009633519059313513	6.137744762402723
1993	08	07	0.011111320881	0.009633519059313513	5.276288297192666
1993	08	08	0.00047006901754	0.006422346039542342	5.637028970180938
1993	08	09	0.0	0.003211173019771171	5.574269373544714
1993	08	10	0.0	0.0	6.195947778771454
1993	08	11	0.0009266199318000001	0.0	6.477686667567121
1993	08	12	0.0	0.0	5.802493269246785
1993	08	13	0.0009494949385000001	0.0	5.356630045908589
1993	08	14	0.026210125740000003	0.0	4.478844921280495
1993	08	15	0.00047993057655	0.0	5.492532286875093
1993	08	16	0.0	0.0	5.6913283262339185
1993	08	17	0.0019042745705999998	0.0	5.492588387687122
1993	08	18	4.370624264	0.0	5.549175389338968
1993	08	19	0.16116285959999999	0.0	6.641286234078988
1993	08	20	1.2927610024	0.0	5.210706942209735
1993	08	21	0.28556807875	0.0	3.884238155927052
1993	08	22	0.03275789773	0.0	4.1798132390906675
1993	08	23	0.5148812603399999	0.0	4.228462035296163
1993	08	24	4.1005006669999995	0.0	3.644786852870066
1993	08	25	0.047634135939999996	0.0	3.1779686294720078
1993	08	26	1.099802403	0.0	2.9645907836342182
1993	08	27	0.11202253304	0.0	3.4767921279548903
1993	08	28	0.0009499996712999999	0.0	3.8099634211873488
1993	08	29	0.00094342529495	0.0	3.994765746385962
1993	08	30	0.0	0.0	4.899256916168181
1993	08	31	0.0018868503693000001	0.0	5.056775584235955
1993	09	01	0.00047006901754	0.0	5.252304198640902
1993	09	02	1.4975669248	0.0	5.10176386462564
1993	09	03	1.8365095596000003	0.0	4.7045780910500286
1993	09	04	0.0009838711468	0.0	4.193482349623243
1993	09	05	0.0028395497434	0.0	4.138850896318797
1993	09	06	1.6138827971	0.0	3.0906533486197807
1993	09	07	13.45680957	0.0	1.945454144161192
1993	09	08	0.64428219812	0.0	2.4492114831245853
1993	09	09	0.34252798042000004	0.0	2.587346864199002
1993	09	10	0.06521392642	0.0	2.759576998352358
1993	09	11	0.7132596929	0.0	2.8890438706902852
1993	09	12	1.3948753085	0.0	2.710605040746457
1993	09	13	0.8749435766099999	0.0	2.254036761114349
1993	09	14	0.38012049259999997	0.0	2.040849567067584
1993	09	15	0.15135115618999997	0.0	2.4134522891625156
1993	09	16	14.836748604	0.0	1.9788616711993225
1993	09	17	44.374362829999995	0.0	1.5919603263108932
1993	09	18	0.4113722328	0.003211173019771171	2.5501410715864536
1993	09	19	0.032757494032	0.016055865098855857	3.172615493126318
1993	09	20	6.7121325569	0.016055865098855857	2.636987421181485
1993	09	21	0.007948523531	0.016055865098855857	2.523742845031798
1993	09	22	2.7661902061000005	0.012844692079084685	2.0703239531045226
1993	09	23	0.068820204774	0.012844692079084685	2.229007624915619
1993	09	24	0.013302526342	0.012844692079084685	2.434574164378296
1993	09	25	0.0019049357088	0.012844692079084685	2.6712710734722505
1993	09	26	0.0014073258621999998	0.009633519059313513	2.4565343512802498
1993	09	27	0.00048650506319999995	0.009633519059313513	2.2814241288801433
1993	09	28	0.00047993057655	0.012844692079084685	2.5344257943218036
1993	09	29	5.80826564	0.009633519059313513	1.8736014114107131
1993	09	30	0.20452929	0.009633519059313513	2.1376419881627333
1993	10	01	2.470566683	0.006422346039542342	1.8451741492971745
1993	10	02	3.3286595411	0.016055865098855857	1.5592859630433675
1993	10	03	0.23912656155999998	0.019267038118627025	1.7805914796084314
1993	10	04	0.57108195608	0.016055865098855857	1.7525443260464093
1993	10	05	13.850266215	0.019267038118627025	1.5348651253262946
1993	10	06	1.7117186765	0.016055865098855857	1.4227710895088646
1993	10	07	3.7967174808000004	0.019267038118627025	1.4505787822882623
1993	10	08	4.222908518600001	0.0224782111383982	1.7024575990112683
1993	10	09	21.222499821	0.04816759529656756	1.983202447754566
1993	10	10	6.647350168200001	0.054589941336109914	1.4541967291484923
1993	10	11	18.047402918	0.15092513192924503	1.401319999590216
1993	10	12	16.5809164375	0.6518681230135476	1.2889635884191533
1993	10	13	17.458869693	2.6427953952716736	1.3773134599978551
1993	10	14	1.664874818	2.30241105517593	1.336731540122017
1993	10	15	10.737434765	1.538151876470391	1.5531140060216337
1993	10	16	27.08529006	3.660737242539135	0.9687069893742839
1993	10	17	4.1889939158	4.720424339063621	1.238486364465782
1993	10	18	0.092446870678	2.9446456591301637	1.6018703052041563
1993	10	19	0.00047993057655	2.02946134849538	2.0222082537903563
1993	10	20	0.0014266430321	1.5766859527076449	1.9774658741316813
1993	10	21	0.0	1.3069474190468666	1.6007013689840532
1993	10	22	0.00047993057655	1.0757429616233423	1.3960003062714077
1993	10	23	0.0009431829107	0.8991284455359277	1.4217334400832522
1993	10	24	0.0	0.7738926977648523	1.396163088711785
1993	10	25	0.00094534968802	0.7032468913298865	1.4951080849481495
1993	10	26	0.7345800872799999	0.619756392815836	1.1706316126087004
1993	10	27	3.6294454350999996	0.5812223165785819	0.9505931937017
1993	10	28	0.4361673419	0.5523217594006414	1.2601291539760637
1993	10	29	0.04637705787	0.5202100292029297	1.6092291092708424
1993	10	30	1.0636406583	0.5137876831633874	1.3810149318102751
1993	10	31	13.432678136	0.48167595296567567	0.8551854298793512
1993	11	01	20.121505075	0.5266323752424721	0.8223154020773485
1993	11	02	7.6829857668	2.0615730786930917	1.0611610885749279
1993	11	03	20.922151817999996	3.564402051946	1.0852499936187259
1993	11	04	0.0032804955019	3.564402051946	1.571457541731493
1993	11	05	7.0062522498	2.231765248740964	0.9597625299314373
1993	11	06	11.351715319000002	2.530404339579683	0.6380252255329825
1993	11	07	0.5818220215	2.629950703192589	1.250127703993754
1993	11	08	2.8695893969	1.875325043546364	0.8570016001295858
1993	11	09	0.0023667802289	1.5477853955297045	1.2630940984999837
1993	11	10	0.943125665	1.3294256301852647	1.484561613007355
1993	11	11	0.0023312310904	1.1945563633548757	1.2812920202843745
1993	11	12	0.0010956620719	1.1046435188012829	1.2774416565827247
1993	11	13	0.0009401379689	0.9890412900895207	1.4892169029651814
1993	11	14	0.0067738698935	0.879861407417301	1.39871984912741
1993	11	15	0.0	0.7738926977648523	1.231386507017079
1993	11	16	0.0	0.7289362754880558	1.1587996479497535
1993	11	17	0.0014228085629	0.6679239881124036	1.3052021658050026
1993	11	18	0.0014220465002	0.6550792960333189	1.2524685409664271
1993	11	19	2.1221792798	0.5908558356378955	1.1483612703891282
1993	11	20	0.06400758635	0.6358122579146919	0.9188161472207605
1993	11	21	0.039369199210999996	0.65829046905309	1.097521286704233
1993	11	22	0.036883076919	0.6037005277169801	0.801784074299557
1993	11	23	0.0004799305214	0.5683776244994972	1.0421316792293653
1993	11	24	0.00047993057655	0.5234212022227008	0.9904792334330299
1993	11	25	0.0009434251625900001	0.5009429910843026	0.9816040145985306
1993	11	26	0.0032189415942000003	0.47525360692613333	0.9937547307254683
1993	11	27	0.8344961585	0.4495642227679639	1.0219516539351037
1993	11	28	4.744222496999999	0.49130947202498915	0.6606065505646898
1993	11	29	0.5909519937000001	0.5747999705390396	0.8106775248459752
1993	11	30	10.205292414999999	0.8894949264766143	0.777918954937504
1993	12	01	0.3450202751	1.0179418472674613	0.5631684299579587
1993	12	02	0.005000503444	0.7803150438043945	1.0399699926283377
1993	12	03	0.0068404059419	0.6679239881124036	1.1749025176094874
1993	12	04	0.0017540936201999998	0.6550792960333189	1.070289838181439
1993	12	05	0.43777190909	0.6326010848949207	0.8994589087111814
1993	12	06	0.40755546675	0.5844334895983532	0.7933616292515597
1993	12	07	0.027830439358	0.5523217594006414	0.7606953185042314
1993	12	08	0.08659401516	0.545899413361099	0.9547452971990512
1993	12	09	0.02913544719	0.5137876831633874	0.7493929682083499
1993	12	10	0.033272919314	0.507365337123845	0.9480131361572985
1993	12	11	0.072960531462	0.468831260886591	0.891199913415431
1993	12	12	0.0029934736140000005	0.45598656880750627	1.099905868179343
1993	12	13	3.1754658565000002	0.47204243390636214	0.9212239915492552
1993	12	14	0.22879543339	0.4624089148470486	0.6997745478759316
1993	12	15	0.068285475889	0.47525360692613333	0.8203662107528255
1993	12	16	0.7642144324000001	0.45598656880750627	0.6118258294150403
1993	12	17	0.0026867553447999996	0.4367195306888793	0.7251642186606213
1993	12	18	0.7338522617	0.4367195306888793	0.6439484360743698
1993	12	19	0.5322681581800001	0.39818545445162523	0.738909516424181
1993	12	20	0.25141849283	0.3724960702934558	0.6319516614149496
1993	12	21	0.46341833565	0.3885519353923117	0.8741387578646405
1993	12	22	0.0014200680491000001	0.375707243313227	0.7395456236499285
1993	12	23	0.0	0.39818545445162523	0.7984561525186425
1993	12	24	0.05070489897	0.3885519353923117	0.6776372326243001
1993	12	25	0.30357295440000004	0.3468066861352865	0.680256935395047
1993	12	26	0.18948737016	0.3211173019771171	0.5943674055900078
1993	12	27	0.35912744656	0.3211173019771171	0.6757026273579493
1993	12	28	1.00658639498	0.34038434009574414	0.8524061278923296
1993	12	29	2.0242818529999997	0.32753964801665947	0.6111195312543597
1993	12	30	0.30132069458000005	0.3211173019771171	0.6747743101113499
1993	12	31	0.9922269233000001	0.3114837829178036	0.5660340655362249
1994	01	01	0.10145617357499999	0.3211173019771171	0.8444458684964963
1994	01	02	0.6129155915	0.3082726098980324	0.5329165556208523
1994	01	03	9.091476397000001	0.31469495593757474	0.7305474886517656
1994	01	04	2.2172295327	0.37891841633299816	0.5644683779209596
1994	01	05	27.351991048000002	0.4784647799459045	0.5814956278751549
1994	01	06	22.348219415	1.6633876242414667	0.7350997827453485
1994	01	07	0.05108960882500001	2.4083797648283785	0.7813267378105321
1994	01	08	1.2986487061	1.5188848383517641	0.85122031835657
1994	01	09	19.828240538000003	1.4675060700354252	0.730014110681543
1994	01	10	5.679053602	4.591977418272775	0.5334521335013189
1994	01	11	1.6196981440000002	4.752536069261333	0.8914044490704511
1994	01	12	0.2915480484	3.564402051946	0.7698363143467719
1994	01	13	0.020920869029000002	2.9285897940313075	0.793101752099443
1994	01	14	0.49087906484999994	2.4437026680458613	0.6926625953609468
1994	01	15	3.5937595246	2.382690380670209	0.6350505634181501
1994	01	16	0.18406162491999997	2.234976421760735	0.6837072395465775
1994	01	17	0.0048716226369000006	1.955604369040643	0.6647661874533715
1994	01	18	0.0009401379689	1.637698240083297	0.6610586796917295
1994	01	19	0.0	1.4514502049365692	0.7509560065163646
1994	01	20	0.001181372562	1.3808043985016036	0.8372155822604613
1994	01	21	0.0030401168367999998	1.3422703222643495	0.859206552978425
1994	01	22	0.006034174379	1.2812580348886973	0.9077103190226642
1994	01	23	0.0014153764386	1.2041898824141892	1.061059221870855
1994	01	24	9.45942727e-07	1.1785004982560197	1.1472809124594487
1994	01	25	0.0076434795055	1.127121729939681	1.1019054317511334
1994	01	26	0.0016559347824000002	1.1110658648408251	1.1810277478638491
1994	01	27	0.0014134932867000002	1.0179418472674613	1.3148637996068333
1994	01	28	3.783770908e-06	0.956929559891809	1.338864621228863
1994	01	29	0.001893424139	0.976196598010436	1.3308289865169105
1994	01	30	0.0009510146519	0.976196598010436	1.4023008690572467
1994	01	31	0.003524974018	0.8605943692986738	1.2935886924359161
1994	02	01	0.0023602065695000002	0.8027932549427927	1.4539835010769675
1994	02	02	1.4360055166999999	0.7610480056857676	1.1328477622718125
1994	02	03	17.671722221	1.0982211727617406	1.0256003433079524
1994	02	04	0.80277725368	2.08405128983149	0.6667450187656677
1994	02	05	0.007887640137	1.6569652782019242	0.940660135522062
1994	02	06	0.140909293438	1.3230032841457224	1.1614291296926627
1994	02	07	5.426540503000001	1.2908915539480106	0.9427491758486045
1994	02	08	0.0021653362505000004	1.5220960113715352	1.0977249028997582
1994	02	09	0.0014120448271000001	1.4353943398377134	1.4461445614370212
1994	02	10	0.0009467125106999999	1.220245747513045	1.4158734019363577
1994	02	11	0.0014468940018	1.1399664220187657	1.6128439744080119
1994	02	12	0.002395900201	1.1110658648408251	1.6115790585860752
1994	02	13	0.0026707256664000004	1.0661094425640287	1.6824589061522988
1994	02	14	6.105359792999999	1.091798826722198	0.7501613466033747
1994	02	15	7.3223312387999995	1.445027858897027	0.7822083878985179
1994	02	16	0.7093855157	1.5317295304308483	1.0846327014498534
1994	02	17	1.199641551	1.4964066272133656	1.528592029102495
1994	02	18	0.07936899014	1.3711708794422899	1.335370785611492
1994	02	19	2.0026788259	1.2812580348886973	1.4152594328781496
1994	02	20	0.3918387646	1.351903841323663	1.3709909852631788
1994	02	21	2.4994865709	1.4610837239958827	1.4285599383919936
1994	02	22	17.057707490000002	1.5188848383517641	1.5136384922271242
1994	02	23	0.9914585735	1.9652378880999566	1.0975262100398413
1994	02	24	0.86443316682	2.257454632899133	1.2113502701144747
1994	02	25	0.004464560928100001	2.02946134849538	1.6181054265562478
1994	02	26	7.9708278455	2.0005607913174397	1.1841645385059654
1994	02	27	3.7376210570999997	3.339619940562018	1.091003052325969
1994	02	28	12.193132251	3.6928489727368468	1.2245432706077448
1994	03	01	0.0015236650078	3.789184163329982	1.780857265010282
1994	03	02	0.0009520238969	3.101993137098951	2.1122462909512807
1994	03	03	0.011770516698000002	2.7359194128450377	2.1295434727939715
1994	03	04	0.0017248991955999997	2.6427953952716736	2.592589023063663
1994	03	05	0.9068564881	2.38590155368998	1.566542702571499
1994	03	06	0.0022530547521	2.3377339583934127	2.102579438316017
1994	03	07	0.0009425835405000001	2.3602121695318106	2.3463404402664656
1994	03	08	0.0004799305214	2.292777536116616	2.646092877634431
1994	03	09	0.0	2.2060758645827945	2.69090340491023
1994	03	10	0.05529453712	2.1611194423059983	2.6338551801466212
1994	03	11	5.247243441	2.1257965390885154	2.196160793095119
1994	03	12	0.14949049445999998	2.591416626955335	2.032578717795909
1994	03	13	0.0	2.2638769789386757	2.3668679309657907
1994	03	14	0.0	2.173964134385083	2.431493530305413
1994	03	15	0.0023771971815	2.0776289437919475	2.8040018221129643
1994	03	16	0.00047993057655	3.002446773486045	2.8793773188968323
1994	03	17	0.0018868503693000001	1.9170702928033891	2.979719614036414
1994	03	18	0.0	1.8496356593881944	3.033444424747575
1994	03	19	0.029285728734000004	1.8143127561707117	2.8622171996840753
1994	03	20	0.021866622040000002	1.7886233720125422	2.436654435231618
1994	03	21	0.0066582308219999995	1.7211887385973477	2.468363002438742
1994	03	22	0.0009401379689	1.6087976829053567	2.735248605163857
1994	03	23	0.00047993057655	1.5542077415692468	3.145338839232499
1994	03	24	0.0038009168224	1.4931954541935948	3.409181866638938
1994	03	25	0.00047993057655	1.4675060700354252	3.315743077116594
1994	03	26	0.025757989494999998	1.387226744541146	2.532735811303804
1994	03	27	0.003952618148	1.3615373603829766	2.875124165173966
1994	03	28	0.010823039698000001	1.3326368032050362	3.0001286848978044
1994	03	29	0.8053651564000001	1.313369765086409	3.4623256052217437
1994	03	30	0.65443196	1.3743820524620611	2.254777608586731
1994	03	31	0.24215660182999998	1.856058005427737	2.6653667219989416
1994	04	01	0.9093709971999999	1.4418166858772559	2.227889843189097
1994	04	02	0.8945101678999999	1.2491463046909854	2.0280251237092526
1994	04	03	0.0018868505899	1.0950099997419693	2.671898156347367
1994	04	04	0.24157995343	1.0243641933070036	2.4139990107959806
1994	04	05	0.0065449601121	0.9601407329115802	2.315086430142472
1994	04	06	0.001891906411	0.8959172725161567	3.1132118869219845
1994	04	07	0.11546578468500002	0.8381161581602756	2.7988333244064023
1994	04	08	0.0019010925258999998	0.7738926977648523	3.373168710578295
1994	04	09	0.004203482262	0.7160915834089712	2.924730068891766
1994	04	10	0.49917418737999997	0.677557507171717	2.413147968324107
1994	04	11	0.001894399191	0.6454457769740053	2.7941326255720518
1994	04	12	0.0018909173509	0.619756392815836	3.356909440104514
1994	04	13	0.0	0.5780111435588108	3.256154010453614
1994	04	14	0.00494942572	0.5041541641040739	3.0481196896126463
1994	04	15	0.00047993057655	0.49452064504476034	2.4249175603055355
1994	04	16	0.0035700648786	0.468831260886591	2.675039341621463
1994	04	17	0.8307284208	0.4367195306888793	2.8058063644124656
1994	04	18	0.3028667035	0.4367195306888793	2.9814349510566442
1994	04	19	0.40907781632	0.41745249257025224	2.8655037091262106
1994	04	20	0.6156137501000001	0.39818545445162523	2.7160857404388983
1994	04	21	0.13332249986	0.39818545445162523	3.1784545532188
1994	04	22	17.254998894	0.39818545445162523	1.9901015690501833
1994	04	23	13.731012061000001	0.39176310841208284	2.143811261605942
1994	04	24	2.1468046372	0.5780111435588108	2.1772366919408666
1994	04	25	0.11344054984	0.693613372270573	2.688252567108482
1994	04	26	0.002818629363	0.6550792960333189	4.109221049531747
1994	04	27	0.0	0.5587441054401837	4.826210246756485
1994	04	28	0.00047993057655	0.48167595296567567	5.045871991791016
1994	04	29	0.00094685134531	0.3885519353923117	5.113219926864801
1994	04	30	0.0018772973966	0.31790612895734593	5.050668471588677
1994	05	01	1.2370169266	0.2922167447991766	4.688048138028412
1994	05	02	0.0453695887	0.2729497066805495	4.362102604659742
1994	05	03	0.9117667132	0.2665273606410072	5.084654924859278
1994	05	04	0.00094013803508	0.2697385336607784	4.148633524279427
1994	05	05	0.0009401379689	0.23762680346306667	4.56869913613591
1994	05	06	0.022777815854999998	0.21514859232466846	5.252164550227753
1994	05	07	0.16571790767	0.18945920816649908	3.166530525934542
1994	05	08	0.27110410885	0.1669809970281009	3.305843830245702
1994	05	09	0.33250249355	0.15734747796878737	3.2692216240352634
1994	05	10	0.19419641909000002	0.14771395890947386	4.220319357315925
1994	05	11	1.8039512056	0.13165809381061802	2.3331016596684497
1994	05	12	23.753044335	0.1348692668303892	2.257595806396094
1994	05	13	8.3814573181	0.19588155420604142	2.653537206469135
1994	05	14	7.8081256391	0.23762680346306667	2.6780659358701966
1994	05	15	18.008588348	0.8670167153382163	2.7054875948581554
1994	05	16	8.292922045000001	1.9299149848824737	2.466873606905171
1994	05	17	5.8223966142	2.0230390024558376	2.4147468861970856
1994	05	18	0.8838186013899999	1.5477853955297045	2.8216971054732394
1994	05	19	10.465844178	1.3679597064225189	2.6304037138479637
1994	05	20	10.547379041000001	2.103318327950117	1.8675907792189612
1994	05	21	9.022255095099998	3.3075082103643068	2.751992697252601
1994	05	22	27.441814956	3.8534076237254054	2.476302449081721
1994	05	23	7.994620107000001	6.807686801914882	2.4924582536154807
1994	05	24	0.031534553812	6.518681230135477	3.8870168834054666
1994	05	25	0.039314412098000004	3.789184163329982	4.229741669815189
1994	05	26	0.004520885954	2.8739998526951975	3.689058793006542
1994	05	27	0.0	2.3409451314131835	4.56778491786201
1994	05	28	0.52928384829	1.8817473895859063	4.072037982168532
1994	05	29	0.11499746742999999	1.634487067063526	4.940903466176279
1994	05	30	0.0013599784842	1.3808043985016036	4.84317381428975
1994	05	31	0.0040727434514	1.1720781522164774	4.997828883040097
1994	06	01	0.8014004559900001	0.9633519059313513	4.089516480541766
1994	06	02	0.6413845399099999	0.8509608502393603	3.2676391916120826
1994	06	03	0.19659256526	0.7899485628637081	4.243762368070711
1994	06	04	0.0023522083856	0.7289362754880558	5.343957589652882
1994	06	05	0.0009467126210000001	0.6165452197960648	5.866768294621658
1994	06	06	0.0009467126210000001	0.49130947202498915	6.2130378686708765
1994	06	07	5.5234109265	0.48167595296567567	5.417378751065163
1994	06	08	0.042863796609	0.43350835766910817	5.2959567129428615
1994	06	09	0.0	0.375707243313227	5.000854882001241
1994	06	10	0.0018978702217	0.3082726098980324	5.380014857260074
1994	06	11	0.0	0.2857943987596342	5.164292993058336
1994	06	12	0.0	0.27937205272009186	4.600934145692655
1994	06	13	0.0	0.244049149502609	5.486778777169212
1994	06	14	0.0018832229331999998	0.2344156304432955	5.950393851863563
1994	06	15	0.0028442262427999998	0.21514859232466846	6.347278175401018
1994	06	16	0.20154805748	0.20551507326535495	5.40953033654822
1994	06	17	2.54868004	0.19588155420604142	4.464317889394941
1994	06	18	2.1689782462	0.19267038118627025	3.9734060835730003
1994	06	19	0.0012173919094000001	0.22478211138398194	4.81928412928884
1994	06	20	0.030554773251	0.20872624628512612	4.993586201333145
1994	06	21	0.0018969414957	0.18945920816649908	6.218500243028213
1994	06	22	0.00048650499702	0.16376982400832973	6.420390455883379
1994	06	23	0.00022016168986	0.14771395890947386	6.465334593056345
1994	06	24	0.010534347095999999	0.12523574777107566	5.245267644687125
1994	06	25	0.014549495417000001	0.11560222871176215	4.131455051250319
1994	06	26	0.0014167807782	0.09954636361290631	5.878397200332212
1994	06	27	0.0023739089179	0.06422346039542343	6.699542968795074
1994	06	28	0.0023693965449	0.08670167153382162	6.441582945325735
1994	06	29	0.00048389792416	0.08027932549427927	7.16309879910117
1994	06	30	0.02087826786	0.07385697945473693	6.39576013397897
1994	07	01	0.000940220363	0.0674346334151946	6.418085432935449
1994	07	02	0.0	0.06422346039542343	6.563536342802157
1994	07	03	0.00094013803508	0.057801114355881075	6.274498492777269
1994	07	04	0.0009598612082499999	0.057801114355881075	5.964478922255391
1994	07	05	0.0026263153568000003	0.05137876831633874	5.8614516886769055
1994	07	06	0.007056404998	0.05137876831633874	5.546495077889487
1994	07	07	0.0	0.05137876831633874	6.193297876646937
1994	07	08	0.0	0.05137876831633874	6.341405191346565
1994	07	09	0.0	0.05137876831633874	6.639884026136029
1994	07	10	3.444761652e-05	0.05137876831633874	6.341956762071781
1994	07	11	0.0009467126210000001	0.05137876831633874	6.43242104827851
1994	07	12	0.0009467126210000001	0.05137876831633874	6.135749065721125
1994	07	13	0.17904937232	0.03853407623725405	5.799815594948715
1994	07	14	0.0012447726711	0.04816759529656756	6.689733299632244
1994	07	15	1.02003317828	0.0449564222767964	5.84335795683177
1994	07	16	3.013233859	0.041745249257025226	4.42519323919466
1994	07	17	0.0013821432692	0.041745249257025226	5.134436164245276
1994	07	18	0.001413493397	0.03853407623725405	6.305387652174972
1994	07	19	0.0023832766969000005	0.03532290321748288	6.030196747664943
1994	07	20	0.004739285910200001	0.02568938415816937	6.5280983285297705
1994	07	21	0.005211075298899999	0.0224782111383982	6.330188418130546
1994	07	22	0.46115417446	0.019267038118627025	5.809312842537111
1994	07	23	0.011216893423000002	0.019267038118627025	5.6877022628006655
1994	07	24	0.01460887101	0.016055865098855857	4.858639500069014
1994	07	25	0.0012884897452	0.012844692079084685	5.843118987825576
1994	07	26	0.0009401379689	0.012844692079084685	6.710517521207485
1994	07	27	0.00021288934614	0.009633519059313513	6.387616542088924
1994	07	28	0.12159989307	0.006422346039542342	6.715022413018414
1994	07	29	0.06530221054	0.009633519059313513	6.01842846579288
1994	07	30	0.33158422399000004	0.006422346039542342	5.146430027223196
1994	07	31	0.7698840730000001	0.006422346039542342	4.18491048906373
1994	08	01	0.0018868503693000001	0.006422346039542342	5.288652707070639
1994	08	02	0.0009429687742800001	0.006422346039542342	5.776100963213054
1994	08	03	0.27898091863	0.006422346039542342	6.090790064593388
1994	08	04	0.019833345221999997	0.006422346039542342	5.216702744827262
1994	08	05	0.00094013803508	0.006422346039542342	5.897988978202699
1994	08	06	0.00094013803508	0.006422346039542342	5.828891296679354
1994	08	07	0.0023733551016	0.003211173019771171	5.87969443910708
1994	08	08	0.028899362172999998	0.003211173019771171	5.644560041487135
1994	08	09	1.7915710232999997	0.006422346039542342	2.9723041070271146
1994	08	10	1.8264711565999998	0.006422346039542342	3.113666453874737
1994	08	11	1.4015407375	0.003211173019771171	3.9748521194237942
1994	08	12	0.0005784030524	0.003211173019771171	4.764878767721691
1994	08	13	0.0025678046261	0.003211173019771171	5.230527540914258
1994	08	14	0.001413493397	0.003211173019771171	5.4433565915666575
1994	08	15	0.0	0.003211173019771171	5.739091737143092
1994	08	16	0.0064487509371	0.003211173019771171	5.832892659216157
1994	08	17	0.0014260731120000001	0.003211173019771171	5.632390084837278
1994	08	18	0.00048650506319999995	0.0	6.381290266654149
1994	08	19	0.0026139233724	0.0	6.265775874832365
1994	08	20	0.12224113314999999	0.0	5.868381946298843
1994	08	21	0.0002522177156	0.0	5.0281981861479625
1994	08	22	0.00047993057655	0.0	5.446154579679386
1994	08	23	0.007462652031	0.0	4.494894001045715
1994	08	24	0.0	0.0	4.265768127399343
1994	08	25	0.0009401381895	0.0	5.072931034581661
1994	08	26	0.00047993063170000003	0.0	5.9608543068213695
1994	08	27	0.0047395226140000005	0.0	5.559816207160474
1994	08	28	0.00047006901754	0.0	5.19045519918573
1994	08	29	0.0028586149881000005	0.0	4.983681925421002
1994	08	30	0.0019404223072	0.0	4.426655421783263
1994	08	31	0.3092967523	0.0	3.304524418996425
1994	09	01	0.0034502445547000002	0.0	4.1813530175620235
1994	09	02	0.0004799305214	0.0	4.74560695629873
1994	09	03	0.0036727824154	0.0	4.390082995022148
1994	09	04	0.0059306710649999995	0.0	4.153597822285628
1994	09	05	0.00048650499702	0.0	4.902307308090215
1994	09	06	0.0023667802289	0.0	4.879036788026457
1994	09	07	0.28699135686	0.0	3.7430269096676136
1994	09	08	0.14550031475	0.0	2.848095782860255
1994	09	09	0.029965097318	0.0	3.573183562195968
1994	09	10	0.18109103635	0.0	3.2231663116481197
1994	09	11	0.11511532298000002	0.0	3.9394720859941
1994	09	12	0.24711795098	0.0	3.198958933171409
1994	09	13	1.6935149851	0.0	2.642049895666116
1994	09	14	1.1840156809	0.0	2.1682281877169336
1994	09	15	0.0004833885367	0.0	2.872880366680238
1994	09	16	0.42887701928	0.0	3.117705548222305
1994	09	17	0.0004799305214	0.0	3.084311155478978
1994	09	18	0.0	0.0	3.206592740496837
1994	09	19	0.0028555484274999997	0.0	3.9150519696636183
1994	09	20	0.0011450571694	0.0	3.1329887004296073
1994	09	21	0.27835910238000006	0.0	2.3107440799063106
1994	09	22	0.25366768631	0.0	2.4846880400114197
1994	09	23	0.07324119643	0.0	2.7268656410409964
1994	09	24	3.7979071766	0.0	2.2534111494611437
1994	09	25	1.1772175610000002	0.0	1.7671188214185412
1994	09	26	0.7859187149	0.0	2.109883842674009
1994	09	27	0.0033101910194	0.0	2.747245408086082
1994	09	28	0.12920247499	0.0	2.704548501165734
1994	09	29	0.30167871734999996	0.0	2.7114513762700843
1994	09	30	0.19703732795	0.0	2.863873043476429
1994	10	01	0.034655462531	0.0	2.5110874084187866
1994	10	02	0.039084288796	0.0	2.901406393873956
1994	10	03	0.024787318611	0.0	2.8733009836388583
1994	10	04	22.017993348	0.0	1.4498973778193331
1994	10	05	9.603304796	0.0	1.6202256110782958
1994	10	06	0.0013976194622000002	0.0	2.787742030527072
1994	10	07	0.0009547284529	0.0	2.698748277969767
1994	10	08	0.00047193410230000004	0.0	2.7161259904810717
1994	10	09	0.2799064349	0.0	2.531731887746775
1994	10	10	1.3639536962	0.0	2.3601923754956746
1994	10	11	0.05657250601	0.0	2.4033258763265275
1994	10	12	0.068694317178	0.0	2.5124560391021213
1994	10	13	0.28764572264	0.0	2.4843817515456883
1994	10	14	8.964226926899999	0.0	1.4349743709471214
1994	10	15	1.4479212257	0.0	1.9492956187161405
1994	10	16	0.03249639849	0.0	1.888464956069155
1994	10	17	0.2125267018	0.0	2.1338415672711
1994	10	18	0.9567840036999999	0.0	1.7260028708897446
1994	10	19	2.3557524349	0.0	1.4609488069493655
1994	10	20	1.3502216771000002	0.0	1.3441442276541753
1994	10	21	0.34551720969	0.0	1.6509061540425691
1994	10	22	12.595434956	0.003211173019771171	1.3729900955875336
1994	10	23	1.5231581793	0.006422346039542342	1.3777926556187177
1994	10	24	0.48023653772	0.006422346039542342	1.3865544023299365
1994	10	25	3.5532042	0.006422346039542342	1.1182495367754015
1994	10	26	0.9263857648999999	0.006422346039542342	1.3838821930786704
1994	10	27	14.689808047000001	0.006422346039542342	0.7163514208433992
1994	10	28	0.0021568827481999995	0.012844692079084685	1.5482525922734462
1994	10	29	0.0014233556509	0.009633519059313513	1.6682025638783566
1994	10	30	0.0009467126210000001	0.009633519059313513	1.9419564508007767
1994	10	31	0.0009931976736	0.009633519059313513	1.785164343086657
1994	11	01	0.0007195302920200001	0.009633519059313513	1.6428589380296414
1994	11	02	1.8310135312000002	0.009633519059313513	1.2428343958023205
1994	11	03	6.5619823802	0.009633519059313513	1.0951075366546734
1994	11	04	12.195289719	0.009633519059313513	0.8593037959275406
1994	11	05	0.2174599796	0.009633519059313513	1.0622431840733109
1994	11	06	10.212890982	0.009633519059313513	0.9954956703435122
1994	11	07	1.4477241196000001	0.009633519059313513	0.9306743868236638
1994	11	08	11.327903755	0.009633519059313513	0.9414605780746365
1994	11	09	7.684560189	0.012844692079084685	0.8712566856137672
1994	11	10	2.7397343099	0.012844692079084685	1.1336268784690058
1994	11	11	1.2318904032	0.012844692079084685	1.12328676110879
1994	11	12	7.299823862	0.009633519059313513	1.232902243837334
1994	11	13	0.0018802757172000002	0.009633519059313513	1.3937698969929675
1994	11	14	0.0009598611531	0.009633519059313513	1.6038254904668428
1994	11	15	0.0009610345245	0.009633519059313513	1.6604305394885188
1994	11	16	0.0	0.009633519059313513	1.4820064558953792
1994	11	17	0.010481414126	0.009633519059313513	1.25836824864998
1994	11	18	0.0008121022804	0.009633519059313513	1.5034464144290571
1994	11	19	0.007560821237	0.009633519059313513	1.4441197973200108
1994	11	20	0.0085390326702	0.009633519059313513	1.4087790847787427
1994	11	21	0.0036351027221	0.009633519059313513	1.4093163924342549
1994	11	22	0.004647164012	0.009633519059313513	1.3476769951866125
1994	11	23	0.0062966983059999995	0.009633519059313513	1.3583310719239945
1994	11	24	0.004934066445	0.012844692079084685	1.2349722419173437
1994	11	25	0.005309376534	0.012844692079084685	1.1979100871301085
1994	11	26	0.00047993057655	0.012844692079084685	1.219537421106682
1994	11	27	0.00047993057655	0.012844692079084685	1.1895260406355703
1994	11	28	0.006531390234	0.012844692079084685	1.0392189253641622
1994	11	29	1.6941455702000001	0.012844692079084685	0.8984236382966535
1994	11	30	0.8450374853799999	0.012844692079084685	0.8536393076828666
1994	12	01	0.0009424112519	0.012844692079084685	1.227683366458839
1994	12	02	0.59946258728	0.012844692079084685	0.6731751764990468
1994	12	03	0.15448983093	0.016055865098855857	0.7182642955798033
1994	12	04	0.123023067498	0.0224782111383982	0.7494682065611379
1994	12	05	1.4614714703999998	0.02568938415816937	0.8052288586724666
1994	12	06	0.05592037932	0.028900557177940538	0.8174202376387731
1994	12	07	2.607947539	0.03532290321748288	0.9819266434668334
1994	12	08	0.05442607683399999	0.03853407623725405	1.0028414842404065
1994	12	09	0.06736724714	0.03853407623725405	0.6550077876161396
1994	12	10	0.2337669522	0.0449564222767964	0.9560912765430418
1994	12	11	0.0018791696288	0.05137876831633874	1.1189737599505003
1994	12	12	0.007253615883	0.04816759529656756	1.0697007701504018
1994	12	13	0.00104769167538	0.04816759529656756	1.0489231814977937
1994	12	14	0.018175240618	0.04816759529656756	0.9787272980198238
1994	12	15	0.023007243163999998	0.05137876831633874	0.993278361496769
1994	12	16	0.038001026981	0.05137876831633874	0.7680056351735093
1994	12	17	0.013493412625000001	0.05137876831633874	0.8140652730940757
1994	12	18	1.5019425257999999	0.05137876831633874	0.8228864739649666
1994	12	19	0.059342152246	0.05137876831633874	0.6643913255192444
1994	12	20	0.0014529385521	0.04816759529656756	0.8214396674492725
1994	12	21	0.004388557941	0.04816759529656756	0.7877078018657699
1994	12	22	0.23268178771	0.04816759529656756	0.8910489663007912
1994	12	23	0.0009542746786999999	0.04816759529656756	0.6268381358318112
1994	12	24	0.0009519817623	0.05137876831633874	0.641820838365953
1994	12	25	0.00047993057655	0.05137876831633874	0.7206517193462024
1994	12	26	0.00094013803508	0.05137876831633874	0.7242473747878008
1994	12	27	0.0018776927118	0.04816759529656756	0.8225076087471379
1994	12	28	0.018840384914	0.05137876831633874	0.834471413140623
1994	12	29	3.828558223	0.05137876831633874	0.7620239700505782
1994	12	30	7.5875240949	0.05137876831633874	0.6904457253077246
1994	12	31	6.4077432722	0.057801114355881075	0.5572860407265927
1995	01	01	9.407509611500002	0.09954636361290631	1.0475339698136215
1995	01	02	0.0023602065695000002	0.09633519059313513	0.7779195178664113
1995	01	03	0.061556532840000004	0.09312401757336396	0.6990260481780106
1995	01	04	0.24742468425	0.09954636361290631	0.8885086515087145
1995	01	05	0.0069181726259999994	0.09312401757336396	0.6514741749756323
1995	01	06	0.08211830588	0.08670167153382162	0.692967890278764
1995	01	07	0.00021288934614	0.08027932549427927	0.8038527873235096
1995	01	08	0.0	0.0770681524745081	0.899935588958296
1995	01	09	0.0011391939523	0.07385697945473693	0.9695594901360148
1995	01	10	0.0018868503693000001	0.07385697945473693	0.874457902267701
1995	01	11	0.0016364312055	0.07064580643496576	1.0110276728809613
1995	01	12	0.0013875580065	0.07064580643496576	0.9852893461164606
1995	01	13	0.00047993057655	0.07064580643496576	0.8019748550163268
1995	01	14	0.0004799305214	0.0674346334151946	0.9980740199459516
1995	01	15	0.00047006901754	0.06422346039542343	1.1028524480169652
1995	01	16	0.022244345493	0.0674346334151946	1.1090655951396113
1995	01	17	3.7453538592	0.0674346334151946	0.698989522110233
1995	01	18	12.75512509	0.09954636361290631	0.8578691943965663
1995	01	19	1.4994241562000001	0.10275753663267748	0.755557449115442
1995	01	20	8.6415235405	0.16055865098855854	0.7541595223660897
1995	01	21	0.07299024187	0.22478211138398194	0.8877932650329683
1995	01	22	0.18332683941	0.2761608797003207	0.7826047483166941
1995	01	23	5.180509735	0.20872624628512612	0.8391181285211946
1995	01	24	2.0135912461	0.19909272722581262	0.6872450178930979
1995	01	25	0.3623710166	0.2119374193048973	0.8217715315846023
1995	01	26	4.6358578208	0.2504714955421513	0.9110701878030163
1995	01	27	0.038087505490000007	0.2761608797003207	1.018851892040494
1995	01	28	1.1453698699	0.28258322573986305	1.2127857425788426
1995	01	29	0.6466987167	0.28258322573986305	1.334074397322067
1995	01	30	5.34321878	0.3468066861352865	0.953733866152114
1995	01	31	0.014010891693	0.41424131955048105	1.4958794813455127
1995	02	01	0.07368734889999999	0.4270860116295657	1.1546118002412469
1995	02	02	0.33784595499	0.36928489727368463	1.290891084499137
1995	02	03	0.0037224591088000003	0.3339619940562018	1.529146321851451
1995	02	04	0.0004902887613099999	0.30185026385849006	1.6131643695256563
1995	02	05	0.010128637224	0.2761608797003207	1.7002108889299168
1995	02	06	0.0018046912083	0.26331618762123604	1.6348678544723345
1995	02	07	0.6870958711	0.26010501460146485	1.3254057212152628
1995	02	08	6.005672307499999	0.2504714955421513	0.8817403938933931
1995	02	09	11.769397153	0.30506143687826126	1.0595881537753489
1995	02	10	0.39846982412	0.3435955131155153	1.0853932955822618
1995	02	11	4.764273933999999	0.3564402051946	1.51494872311111
1995	02	12	23.102326176	0.39176310841208284	0.8933505241507067
1995	02	13	14.008001833	1.4771395890947385	0.9959667216139334
1995	02	14	3.3539696409	1.897803254684762	1.2338909216430123
1995	02	15	1.20909757	1.4000714366202305	1.2110498477633354
1995	02	16	0.045690865025	1.091798826722198	1.619920345938333
1995	02	17	4.092369351	1.01473067424769	1.6179605676828257
1995	02	18	0.016247315742	1.01473067424769	1.4376627078074276
1995	02	19	0.0023707179389	0.8509608502393603	1.838344921241805
1995	02	20	0.016193692294	0.7449921405869117	1.9714318059362501
1995	02	21	2.0711477715	0.6647128150926324	1.169879063569581
1995	02	22	0.0	0.6069117007367513	1.3238782963901023
1995	02	23	0.28552559119	0.5780111435588108	1.7044059910457694
1995	02	24	0.14199597345000003	0.5491105863808703	1.603261770952875
1995	02	25	1.0396412534000001	0.5169988561831586	1.5480284449336867
1995	02	26	0.40516998659	0.5137876831633874	1.178126166380259
1995	02	27	0.0009491317206000001	0.49130947202498915	1.4431658466046422
1995	02	28	0.002363494061	0.4527753957877351	1.4956909069511057
1995	03	01	0.0014167807782	0.39818545445162523	1.8596062059710465
1995	03	02	0.035548245070000005	0.3885519353923117	1.4758384010773664
1995	03	03	2.8229917280000003	0.36607372425391344	1.2340009740159594
1995	03	04	0.134736618658	0.3885519353923117	1.2625839263045577
1995	03	05	3.0010047877	0.39818545445162523	1.2997713081443751
1995	03	06	0.38796264612000003	0.39818545445162523	1.5406264732549968
1995	03	07	0.0104209234	0.39818545445162523	1.9421209275610831
1995	03	08	1.1868894370999998	0.38212958935276936	1.0943160334357283
1995	03	09	0.0	0.3596513782143712	2.281745990104683
1995	03	10	6.073271317	0.36607372425391344	1.4716244590875034
1995	03	11	8.7176283345	0.4238748386097946	1.9037170938926264
1995	03	12	0.0009499996712999999	0.5234212022227008	2.3357600194634034
1995	03	13	0.017195638743	0.49452064504476034	2.2529279204858788
1995	03	14	0.0	0.41745249257025224	2.2814441166325072
1995	03	15	0.0043052476892	0.39497428143185404	2.4115068466027143
1995	03	16	6.967363117e-05	0.36607372425391344	2.1102892129798296
1995	03	17	0.127788775332	0.3339619940562018	2.107104002828045
1995	03	18	0.0064582065148999996	0.3500178591550576	2.296566443615882
1995	03	19	0.006489569989	0.3307508210364306	2.740062399722264
1995	03	20	0.002850991383	0.3211173019771171	3.0817677918901643
1995	03	21	0.00047993063170000003	0.3211173019771171	3.1379511031205425
1995	03	22	0.0009401379689	0.3211173019771171	3.00782987661168
1995	03	23	0.0014200680491000001	0.3211173019771171	2.9961190312644868
1995	03	24	0.0	0.3211173019771171	2.97887085602855
1995	03	25	0.0013004763771	0.3211173019771171	3.017825662951159
1995	03	26	0.0	0.3211173019771171	3.1341518363749445
1995	03	27	0.0018802757172000002	0.3211173019771171	3.030372467699559
1995	03	28	0.0009401379689	0.3211173019771171	3.079161070182838
1995	03	29	0.0	0.3114837829178036	3.199192773918243
1995	03	30	0.00047993057655	0.30185026385849006	2.6025759156886004
1995	03	31	0.0013991958698	0.2890055717794054	3.222620755535548
1995	04	01	0.0018999990117	0.27937205272009186	3.6201233100244825
1995	04	02	0.00047993063170000003	0.2697385336607784	3.8483295719909605
1995	04	03	0.0	0.2568938415816937	3.7780349651208742
1995	04	04	0.33519673650000004	0.24726032252238017	3.6924824836569488
1995	04	05	0.31108777061000004	0.244049149502609	3.7152095096455247
1995	04	06	0.0021587655692	0.21835976534443965	4.189064619077968
1995	04	07	0.0009467126210000001	0.19267038118627025	4.189130650307675
1995	04	08	0.0018968631827	0.17661451608741444	4.323432293576985
1995	04	09	0.0	0.15734747796878737	4.569953055210251
1995	04	10	0.0019079634438	0.1445027858897027	4.752267201129698
1995	04	11	0.5334580084	0.13808043985016036	4.728411695398735
1995	04	12	0.005476603467	0.11239105569199097	4.654834185291059
1995	04	13	0.00094013803508	0.11881340173153333	4.234469031365987
1995	04	14	0.0028335625491000003	0.11881340173153333	3.7505827343616622
1995	04	15	0.0019032842972000002	0.0770681524745081	3.747423157879039
1995	04	16	0.0009401379689	0.06422346039542343	3.8761700657364195
1995	04	17	0.001417450961	0.09954636361290631	4.008137676661111
1995	04	18	0.038094208420999996	0.09954636361290631	4.190807981580876
1995	04	19	0.41002241449000004	0.09954636361290631	2.878467917555941
1995	04	20	0.4693016825	0.09312401757336396	2.455656939744019
1995	04	21	1.6734461207	0.0770681524745081	2.2822385504867375
1995	04	22	2.5719277504	0.08349049851405045	2.37618115370399
1995	04	23	1.7749373421	0.09312401757336396	2.6295383525982374
1995	04	24	0.30881525971	0.09954636361290631	2.9719111041350295
1995	04	25	1.03391694812	0.09954636361290631	2.8987067906000474
1995	04	26	4.2630406221	0.09954636361290631	3.218749691644529
1995	04	27	11.630370621	0.11239105569199097	2.182004641397732
1995	04	28	1.0200834089	0.10917988267221983	3.027965848257328
1995	04	29	0.009629889302	0.10917988267221983	4.021070357322671
1995	04	30	0.42209145152	0.10917988267221983	4.517507117934279
1995	05	01	1.795152354	0.10917988267221983	4.460616944479115
1995	05	02	0.8150250098	0.10917988267221983	4.306602512763096
1995	05	03	0.4101354389	0.10596870965244864	5.105186249690733
1995	05	04	0.7870891081999999	0.09633519059313513	5.101878767582251
1995	05	05	0.14365166469	0.09954636361290631	4.329399331033892
1995	05	06	2.941003904	0.0899128445535928	3.3275927474077753
1995	05	07	2.9775503751	0.0899128445535928	4.471211431570177
1995	05	08	7.674139045	0.09312401757336396	4.347499514943637
1995	05	09	10.030374263	0.10596870965244864	3.726858831417972
1995	05	10	0.73893507321	0.10917988267221983	3.926561855006894
1995	05	11	4.4525354706	0.09954636361290631	2.556404015938797
1995	05	12	1.135446951	0.11239105569199097	2.925717718886608
1995	05	13	0.0009467126210000001	0.10917988267221983	4.223952534754455
1995	05	14	1.6001527634	0.11239105569199097	4.1194815954637045
1995	05	15	0.17720748365	0.1220245747513045	3.4075727188616205
1995	05	16	5.141324557	0.10917988267221983	2.7394500781060542
1995	05	17	0.0047747560739000005	0.10917988267221983	4.492081948844287
1995	05	18	3.4402325134000002	0.10917988267221983	3.3927713488398723
1995	05	19	0.0068095704739	0.10596870965244864	4.243683116536282
1995	05	20	0.0	0.09633519059313513	5.023143200492953
1995	05	21	0.0018868505899	0.08027932549427927	5.14578053866595
1995	05	22	0.007003028622	0.0770681524745081	5.025277082608584
1995	05	23	0.1009603475	0.07064580643496576	4.99484017044813
1995	05	24	0.123081393035	0.06422346039542343	3.854339027275077
1995	05	25	0.08852797124000002	0.06101228737565225	3.7797067215975373
1995	05	26	0.0006115954659500001	0.054589941336109914	4.808852015300601
1995	05	27	0.008492110609	0.054589941336109914	5.220834393575746
1995	05	28	0.0014658170697999999	0.05137876831633874	5.2998436240799265
1995	05	29	0.00047006901754	0.05137876831633874	4.883794030744315
1995	05	30	0.0	0.05137876831633874	4.6228290252578015
1995	05	31	0.0009401379689	0.0449564222767964	4.785035237514371
1995	06	01	0.0009467126210000001	0.0449564222767964	5.346383312483875
1995	06	02	0.07170016645199999	0.03532290321748288	5.302092399457259
1995	06	03	0.0018868504796000002	0.03211173019771171	5.495970066459589
1995	06	04	0.0011846199043000002	0.028900557177940538	6.0008967947159695
1995	06	05	0.10614799915999999	0.02568938415816937	6.161374416737584
1995	06	06	0.37961110513999996	0.019267038118627025	5.941000264670218
1995	06	07	3.4098226931	0.016055865098855857	5.423275555538619
1995	06	08	2.8499405549000003	0.012844692079084685	4.986523497120261
1995	06	09	0.4798859602	0.012844692079084685	4.940123382793949
1995	06	10	0.18489392665999999	0.009633519059313513	4.8576929282356165
1995	06	11	0.0009401379689	0.009633519059313513	5.18906661324771
1995	06	12	0.0018934243596	0.006422346039542342	5.3436997832680175
1995	06	13	0.011744643627	0.006422346039542342	5.101879257101994
1995	06	14	0.0009618578037000001	0.006422346039542342	5.569049658104233
1995	06	15	0.000943110223	0.006422346039542342	5.819311387526329
1995	06	16	0.0034845801726	0.003211173019771171	5.168262747754751
1995	06	17	0.0009598611531	0.006422346039542342	5.838155986646096
1995	06	18	0.009019356741999999	0.003211173019771171	6.075931047507704
1995	06	19	0.004335817775400001	0.0	6.1797731619384155
1995	06	20	0.77296313059	0.0	5.873881418120792
1995	06	21	0.0028450608829	0.0	6.59125766956794
1995	06	22	5.062953649500001	0.0	6.448586042023155
1995	06	23	8.292862483	0.003211173019771171	4.5491058760039405
1995	06	24	0.47542834012	0.003211173019771171	5.328000256151527
1995	06	25	2.562530411	0.0	4.885928046208054
1995	06	26	7.105292164	0.003211173019771171	4.249277828925856
1995	06	27	8.409912843	0.006422346039542342	4.315996385358163
1995	06	28	1.2730829309	0.006422346039542342	4.661526075478669
1995	06	29	0.53965493815	0.006422346039542342	4.836164473272259
1995	06	30	0.6415087708	0.006422346039542342	4.7906794072136005
1995	07	01	0.8203315428	0.003211173019771171	4.11068316264803
1995	07	02	0.41432736834	0.003211173019771171	3.736633017987911
1995	07	03	3.335058375	0.003211173019771171	3.881358104369026
1995	07	04	0.004950234219	0.0	4.486438633534595
1995	07	05	0.0019041279819000001	0.0	5.8505938343251795
1995	07	06	0.0004733562002	0.0	6.6091812012406805
1995	07	07	0.9169060314	0.0	6.747580819125108
1995	07	08	9.673586853	0.0	4.656271332274298
1995	07	09	7.526913914	0.0	4.380041182256267
1995	07	10	5.9999058235	0.003211173019771171	3.929132773060288
1995	07	11	0.140094649625	0.0	4.565346833086308
1995	07	12	0.22719011615999998	0.0	4.832333455445042
1995	07	13	0.048159962512	0.003211173019771171	4.129519128997255
1995	07	14	0.16313374411999998	0.003211173019771171	4.378053919114394
1995	07	15	0.002091556029	0.003211173019771171	5.442100838684654
1995	07	16	0.0015191837394	0.0	6.1113926253302235
1995	07	17	7.245373164e-05	0.0	6.3304038827512485
1995	07	18	0.00047993057655	0.0	7.47192922747433
1995	07	19	0.6439372459	0.0	7.422123290371846
1995	07	20	0.001455963309	0.0	6.781952761649942
1995	07	21	0.0014538399237000001	0.0	6.265258029118614
1995	07	22	0.0010130383273	0.0	6.957415357188822
1995	07	23	0.0019096375771999999	0.0	7.142770137395994
1995	07	24	0.7212123228999999	0.0	8.11532247804351
1995	07	25	0.3560908655	0.0	4.7379525097197055
1995	07	26	0.0042919734151000005	0.0	4.547671950414456
1995	07	27	0.0014332166915	0.0	6.41802260602072
1995	07	28	0.0014200682697	0.0	7.097517566986022
1995	07	29	0.00047106855614	0.0	6.015885473088221
1995	07	30	1.0556527323e-05	0.0	6.479683006005409
1995	07	31	0.009641983697000001	0.0	6.26781138319661
1995	08	01	4.2120558810000006e-05	0.0	5.53327190780181
1995	08	02	0.0022939514552	0.0	5.1086473604324825
1995	08	03	0.00047993057655	0.0	5.027608694746718
1995	08	04	0.8286998383499999	0.0	4.260684883528925
1995	08	05	0.22445405848	0.0	4.272398784867361
1995	08	06	0.053531508538	0.0	4.677236118529837
1995	08	07	0.00047993057655	0.0	5.2346789977939965
1995	08	08	0.0023602065695000002	0.0	5.364723262106803
1995	08	09	2.468241559	0.0	5.752848037615612
1995	08	10	0.32283393748	0.0	5.510752472277232
1995	08	11	0.0014437739457	0.0	5.783215147697724
1995	08	12	0.001413493397	0.0	6.491687355971121
1995	08	13	0.0042733531206	0.0	6.031936324593207
1995	08	14	0.0	0.0	5.713782001606281
1995	08	15	0.00048689325301999993	0.0	6.06490181412509
1995	08	16	0.0013803072154	0.0	5.90371355467895
1995	08	17	0.0030056456602	0.0	5.045658450438185
1995	08	18	0.019375944358	0.0	4.8360993899921745
1995	08	19	0.0041727124225	0.0	5.274048746778765
1995	08	20	0.0016251382503	0.0	5.00725262696316
1995	08	21	0.23135280507	0.0	4.576488485002299
1995	08	22	0.006930488723999999	0.0	4.613812507463055
1995	08	23	0.0026385021832	0.0	4.770200689252205
1995	08	24	0.0014134932867000002	0.0	5.030752035816252
1995	08	25	0.0	0.0	5.049056184359108
1995	08	26	0.0009467126210000001	0.0	5.472356380507365
1995	08	27	0.00047993057655	0.0	5.4448397825216
1995	08	28	0.0	0.0	5.191455454310428
1995	08	29	0.00048650506319999995	0.0	5.579541791455349
1995	08	30	0.0	0.0	5.072631992062439
1995	08	31	0.0031692920346	0.0	4.802431454269887
1995	09	01	0.0014301049079	0.0	5.00153800643828
1995	09	02	1.4321388399	0.0	4.608566707816446
1995	09	03	0.012863493737	0.0	3.824354929629352
1995	09	04	0.005088683882	0.0	3.3521468411278743
1995	09	05	6.803429742	0.0	2.5248189809788184
1995	09	06	3.3132838314	0.0	2.403299533730402
1995	09	07	0.9480775834999999	0.0	2.5200677049334232
1995	09	08	0.067987589782	0.0	3.0645583622963923
1995	09	09	0.010524133316	0.0	3.725419225093424
1995	09	10	8.135607773	0.0	2.403042873641281
1995	09	11	0.36224919024999996	0.0	2.8004619829971897
1995	09	12	0.005930509475500001	0.0	2.7552433631984186
1995	09	13	0.010486786839000001	0.0	3.1174882959543577
1995	09	14	0.065010713009	0.0	3.2662898887108422
1995	09	15	0.136519551978	0.0	2.8262731334290536
1995	09	16	0.66985108378	0.0	2.826283559371315
1995	09	17	5.101286760000001	0.0	2.149581353067162
1995	09	18	0.45836297781	0.0	2.656992745020056
1995	09	19	0.9365575206	0.0	2.2533523052253326
1995	09	20	0.017396239147	0.0	2.7687842095074475
1995	09	21	1.2118313555	0.0	2.904136121057856
1995	09	22	0.0020979405239	0.0	3.127133271990202
1995	09	23	0.0009401381895	0.0	2.896914917195476
1995	09	24	0.0	0.0	3.1625581122528645
1995	09	25	0.0009532867546900001	0.0	2.8010192754667185
1995	09	26	0.00047993057655	0.0	2.9073461378915533
1995	09	27	0.00093480942002	0.0	3.508297539163051
1995	09	28	0.00048650499702	0.0	3.493412784129231
1995	09	29	0.005963409208	0.0	3.306416343447495
1995	09	30	0.00047993057655	0.0	3.424822473674489
1995	10	01	0.10583974374999999	0.0	3.645557941178503
1995	10	02	0.09141977252	0.0	3.1369173059330073
1995	10	03	0.062031800098	0.0	2.896448024118376
1995	10	04	2.7011619586999998	0.0	2.480815102276064
1995	10	05	0.00424507198	0.0	2.3247546612219327
1995	10	06	0.00047993057655	0.0	2.871043292933648
1995	10	07	0.0009532867546900001	0.0	3.3093337419424596
1995	10	08	0.0004903452018199999	0.0	2.86878426640619
1995	10	09	0.011741667733	0.0	2.6723692673995076
1995	10	10	0.12577501279	0.0	2.687429920751266
1995	10	11	0.0005392117748100001	0.0	3.030900181103338
1995	10	12	0.11132625326000001	0.0	2.539568663712644
1995	10	13	0.023653180921	0.0	2.610997317999333
1995	10	14	6.458647384000001	0.0	1.74869093596706
1995	10	15	0.011791794670999998	0.0	2.271264172242667
1995	10	16	0.0	0.0	2.7289863440775317
1995	10	17	0.0	0.0	2.798846101059695
1995	10	18	0.0	0.0	2.7899834580848997
1995	10	19	0.00047993057655	0.0	2.431652973446798
1995	10	20	0.0028391361184000002	0.0	2.517982759165059
1995	10	21	0.0	0.0	2.135492583091275
1995	10	22	0.0	0.0	2.294853719359737
1995	10	23	0.11124150977	0.0	1.9888486662810456
1995	10	24	22.842089871000002	0.0	0.8840049776361393
1995	10	25	5.073313577	0.0	1.0232335910461656
1995	10	26	2.1001297583	0.0	1.573254543686625
1995	10	27	1.9318464821999999	0.0	1.4450111791315166
1995	10	28	1.1498447408999999	0.0	1.3257766965070006
1995	10	29	0.28858136445	0.0	1.4296762102758767
1995	10	30	0.01570020127	0.0	1.9533564923917632
1995	10	31	3.296158874	0.0	1.7844363141315425
1995	11	01	1.05512169295	0.0	1.1817001825455349
1995	11	02	1.6438004588000001	0.0	1.5893590112329854
1995	11	03	0.08436091886199999	0.0	1.679109945504091
1995	11	04	0.04728243336	0.0	1.6376352552281803
1995	11	05	0.0018984159861000001	0.0	1.754818190200783
1995	11	06	0.0023757344932	0.0	1.7684269281391367
1995	11	07	0.0	0.0	1.4399039076755904
1995	11	08	0.070246378259	0.0	1.4697662639578633
1995	11	09	4.7839602779999995	0.003211173019771171	1.6425276462580762
1995	11	10	34.55233534	0.003211173019771171	0.8807403369443249
1995	11	11	6.411710983799999	0.006422346039542342	0.8219435018944585
1995	11	12	3.4036169945	0.009633519059313513	0.8183934072972948
1995	11	13	0.21011221274	0.009633519059313513	1.0720146859800903
1995	11	14	11.111893337999998	0.006422346039542342	0.7734682919104962
1995	11	15	14.640593290000002	0.006422346039542342	0.7305443408864375
1995	11	16	3.8910047886	0.006422346039542342	0.9362294724519366
1995	11	17	6.212571062099999	0.006422346039542342	1.1789556788044557
1995	11	18	5.906681366499999	0.006422346039542342	0.921289810788648
1995	11	19	0.027958385152	0.006422346039542342	1.3835697788662291
1995	11	20	0.04394672973	0.006422346039542342	1.2235582848276372
1995	11	21	2.6873450086000004	0.006422346039542342	0.9570256605076621
1995	11	22	0.011882880411	0.006422346039542342	1.0149076866436717
1995	11	23	0.0	0.006422346039542342	1.1509944767696274
1995	11	24	3.8334916111	0.006422346039542342	1.0553405649658336
1995	11	25	7.077439869800001	0.006422346039542342	0.7979045898092844
1995	11	26	0.34355211592	0.006422346039542342	0.7904927832818933
1995	11	27	0.8334161339899999	0.006422346039542342	0.7240343274884317
1995	11	28	1.7929689655000003	0.006422346039542342	0.7968319059390481
1995	11	29	5.946084387	0.006422346039542342	0.7046337689355084
1995	11	30	3.652254703	0.006422346039542342	0.895016769569886
1995	12	01	0.0013587465435	0.006422346039542342	0.9655915001172152
1995	12	02	0.0008611263287	0.006422346039542342	1.0507623655744875
1995	12	03	0.007860796426	0.006422346039542342	1.0341618237420778
1995	12	04	0.29338621996	0.006422346039542342	0.705690243801067
1995	12	05	0.4314071248	0.006422346039542342	0.800909637794981
1995	12	06	1.1425670366	0.006422346039542342	0.7618931075994608
1995	12	07	0.47972795545	0.006422346039542342	0.7057360433019619
1995	12	08	2.1462609685	0.009633519059313513	0.841968990210388
1995	12	09	3.3608060349	0.009633519059313513	0.7134495861480445
1995	12	10	0.20402820812999997	0.009633519059313513	0.9341799407781183
1995	12	11	0.031299083166	0.009633519059313513	0.8875541615648689
1995	12	12	0.08228709797	0.009633519059313513	0.976364945005139
1995	12	13	0.29923146919	0.009633519059313513	0.7419223702266885
1995	12	14	0.00047993057655	0.006422346039542342	0.5935455303941791
1995	12	15	0.013152785268	0.006422346039542342	0.6179191645279888
1995	12	16	0.5119079583899999	0.006422346039542342	0.7352810328554259
1995	12	17	0.40643321940000005	0.006422346039542342	0.680236544716031
1995	12	18	0.63035575321	0.006422346039542342	0.5771809797780418
1995	12	19	2.2584742323	0.006422346039542342	0.524686278735908
1995	12	20	0.43969495649999996	0.006422346039542342	0.7639642758986808
1995	12	21	7.710473519500001	0.006422346039542342	0.6218134015589531
1995	12	22	15.231837688999999	0.009633519059313513	0.5817959979392835
1995	12	23	3.7525815976000003	0.016055865098855857	0.5395581890421396
1995	12	24	13.927482833	0.4848871259854468	0.4737379612504844
1995	12	25	28.338616827000003	4.624089148470486	0.365163861392699
1995	12	26	3.4246267179	6.871910262310305	0.7615172762551604
1995	12	27	7.2242821495000005	4.110301465307099	0.7792658750713028
1995	12	28	1.7183910544	3.9176310841208286	0.6930900351151066
1995	12	29	21.073902558	3.660737242539135	0.756078336802862
1995	12	30	16.667506901	6.743463341519459	0.686916458341145
1995	12	31	24.786472609999997	6.550792960333188	0.6663934244232824
1996	01	01	6.0433300511	7.995820819230216	0.8168165636699559
1996	01	02	0.08049187723000001	4.913094720249892	0.7145929013666019
1996	01	03	0.61696430742	3.7249607029345584	0.6639365458951451
1996	01	04	10.580835237	8.06004427962564	0.61568990043688
1996	01	05	9.642969779000001	8.894949264766144	0.6221855893216823
1996	01	06	16.059816772	7.2251392944851345	0.7984587442249206
1996	01	07	3.0753958506	7.738926977648523	0.7752875285150548
1996	01	08	33.042631665	9.440848678127242	0.7899577736945118
1996	01	09	1.9250199048999999	14.482390319167981	0.7236926539097824
1996	01	10	1.218635211	6.293899118751496	0.6282461203377698
1996	01	11	6.4258448258	5.619552784599549	0.8820399862404817
1996	01	12	3.1317809899999998	6.647128150926324	0.558122759895749
1996	01	13	4.050825959	4.591977418272775	0.7759985627688589
1996	01	14	32.693308256	6.518681230135477	0.46613130150876625
1996	01	15	5.8933095872	7.642591787055387	0.5219276724908262
1996	01	16	0.41095710772	5.105765101436162	1.108347152026444
1996	01	17	0.00094342529495	4.046078004911675	1.0700077422668506
1996	01	18	0.0062706348572	3.403843400957441	1.0541376322231524
1996	01	19	6.171369931000001	3.211173019771171	0.7964023159975273
1996	01	20	25.662969354	5.105765101436162	0.6071281436625878
1996	01	21	23.527887842	15.188848383517637	0.49628410026233327
1996	01	22	17.291175088	10.275753663267746	0.5918271005802206
1996	01	23	16.025763853	10.243641933070036	0.5806204959516875
1996	01	24	0.51415654522	8.509608502393602	0.7536862945214116
1996	01	25	0.11600599548	5.394770673215567	1.0099043900355502
1996	01	26	2.0944940901	4.6883126088659095	0.7412773807951741
1996	01	27	17.260713537	4.431418767284216	0.6033126741650144
1996	01	28	9.095239832999999	7.2251392944851345	0.6388049974609136
1996	01	29	1.2676412804000001	5.426882403413278	0.9969892850546462
1996	01	30	0.013633190299999999	4.110301465307099	1.037468377309136
1996	01	31	7.5404808139999995	3.6928489727368468	0.7357901813620279
1996	02	01	4.34707742	3.981854544516252	0.5832389998641595
1996	02	02	1.2356455667000001	3.5001785915505765	0.6514051453185477
1996	02	03	0.019088431965999998	3.564402051946	0.9924747923259566
1996	02	04	0.06794563607399999	2.829043430418402	1.015483286225751
1996	02	05	5.9623752558000005	2.5432490316587675	1.2562922919731208
1996	02	06	7.593697255	5.169988561831587	1.064895383024364
1996	02	07	0.48332757389	3.9497428143185402	1.2202131010078858
1996	02	08	0.0009598612082499999	2.9157451019522234	1.2360540281054098
1996	02	09	0.09553432651	2.530404339579683	1.2314957706326266
1996	02	10	0.36898982179	2.199653518543252	1.0466965080832602
1996	02	11	0.0005780753511	1.9042256007243044	1.137769197319932
1996	02	12	2.8358972691999997	1.7372446036962035	1.233605977382413
1996	02	13	6.133912051	1.7918345450323134	0.7954645719930965
1996	02	14	4.50872207	2.0583619056733204	1.113828174675487
1996	02	15	0.0	1.6216423749844413	1.1499170246564823
1996	02	16	0.0009532868870499999	1.3647485334027476	1.3154048853422777
1996	02	17	0.0009467126210000001	1.255568650730528	1.6449736117585128
1996	02	18	6.915798969999999e-06	1.1431775950385368	1.8733460346016468
1996	02	19	1.75029555	1.1110658648408251	1.1424055847464885
1996	02	20	0.45436184531	1.0404200584058594	0.9545009098140071
1996	02	21	0.134609464818	0.9087619645952414	1.0510812757606791
1996	02	22	0.001413493397	0.7385697945473693	1.1280875876246435
1996	02	23	0.0019082861816	0.6711351611321748	1.387247479498198
1996	02	24	0.0014258906758000001	0.65829046905309	1.4332796806680836
1996	02	25	10.674818558	0.6486569499937765	1.4427732293459383
1996	02	26	0.6065133383	0.7642591787055387	1.1493761588658429
1996	02	27	1.6223606757	0.6904021992508018	1.3960804892920753
1996	02	28	5.5165742016	0.6486569499937765	1.453264775996618
1996	02	29	4.106923436	0.5972781816774378	1.4628760402030232
1996	03	01	0.028843775385	0.5715887975192684	1.8657727829863322
1996	03	02	0.0	0.5234212022227008	1.7238328016457338
1996	03	03	0.00047993057655	0.48167595296567567	1.551042096636632
1996	03	04	0.0009401379689	0.4238748386097946	1.7463589955086922
1996	03	05	0.0028419241715	0.4206636655900234	2.0305623152927055
1996	03	06	0.00094013803508	0.39818545445162523	1.9826553489475194
1996	03	07	0.026135429477	0.39818545445162523	1.9516689805437664
1996	03	08	3.9536192307999998	0.39818545445162523	1.7477258516218648
1996	03	09	7.1156732691	0.3885519353923117	1.234431912712931
1996	03	10	3.051521195	0.36607372425391344	1.8997468539529225
1996	03	11	0.0	0.3339619940562018	2.14391407874646
1996	03	12	0.047736534048	0.3211173019771171	2.247757662265445
1996	03	13	9.754397045	0.33717316707597295	1.2379291521299245
1996	03	14	0.8130861564	0.5234212022227008	1.5187884871387174
1996	03	15	3.060611018	0.545899413361099	1.6377510489098444
1996	03	16	0.0033275891899000004	0.4206636655900234	1.8207372479230068
1996	03	17	0.0014332166915	0.3596513782143712	2.111894811323957
1996	03	18	0.6384124292	0.32432847499688827	2.2992062724889895
1996	03	19	7.722369595099999	0.3307508210364306	1.6393732034779984
1996	03	20	0.139588945082	0.39497428143185404	1.640370846231195
1996	03	21	0.00096742867065	0.3885519353923117	2.5121270792770196
1996	03	22	0.001893424139	0.32753964801665947	3.0752895611642215
1996	03	23	0.27770618153	0.3114837829178036	2.7002726400314545
1996	03	24	11.880135044	0.30506143687826126	1.9159277208896304
1996	03	25	9.490921229	0.39176310841208284	1.993921717431289
1996	03	26	0.7231801852	0.5780111435588108	1.9262470620842471
1996	03	27	2.2847393095	0.5876446626181243	2.0357331768680065
1996	03	28	0.8510359302799999	0.5169988561831586	2.5141243402284936
1996	03	29	5.763413248000001	0.45598656880750627	3.4434173064423086
1996	03	30	1.3181561435	0.44635304974819273	1.9343272830233496
1996	03	31	6.7423670002	0.49130947202498915	2.0143843948526547
1996	04	01	12.193596614	0.6679239881124036	1.6175481757586876
1996	04	02	0.26795883817	1.0564759235047152	2.266234019050188
1996	04	03	0.0004799305214	0.7353586215275981	2.804850296744504
1996	04	04	0.0009401379689	0.6037005277169801	3.202641520736701
1996	04	05	3.4982967497	0.5426882403413279	2.619137529992119
1996	04	06	2.348627827	0.6133340467762937	1.9766679504751943
1996	04	07	0.64343542502	0.5651664514797261	2.689832114797311
1996	04	08	0.0021182939623	0.5137876831633874	3.2552455969494924
1996	04	09	0.0018962721953000002	0.5009429910843026	3.5016436509447044
1996	04	10	0.034927966401999994	0.4399307037086505	3.3697564600894734
1996	04	11	0.024696428101999998	0.4206636655900234	3.6502920299547257
1996	04	12	0.07792343143000001	0.39818545445162523	3.220640694713567
1996	04	13	0.24403138196000002	0.4367195306888793	3.354321169358198
1996	04	14	0.015295992581	0.5683776244994972	3.7074439848306557
1996	04	15	0.0	0.4367195306888793	3.889957447345672
1996	04	16	0.381574026	0.3468066861352865	3.6182846323398095
1996	04	17	0.0005062971849	0.31790612895734593	2.897732996134945
1996	04	18	0.0004799305214	0.2954279178189477	3.9358008462253737
1996	04	19	0.5756265808000001	0.28258322573986305	3.62182041054685
1996	04	20	0.6431083414000001	0.2697385336607784	3.2344050068137884
1996	04	21	5.0426009832	0.2729497066805495	2.078555736604543
1996	04	22	7.328967328	0.31469495593757474	2.2220915669547057
1996	04	23	0.24763605214	0.3500178591550576	2.681424439609852
1996	04	24	0.0	0.30506143687826126	3.772790916028613
1996	04	25	0.0	0.2857943987596342	3.865887276314004
1996	04	26	0.0004819736083	0.28258322573986305	3.9606579103478468
1996	04	27	0.9999236573	0.2568938415816937	3.8467087630745076
1996	04	28	0.7265360627	0.2312044574235243	3.617699158203019
1996	04	29	2.0141245466	0.22478211138398194	3.5451335692847836
1996	04	30	0.019185837895999997	0.22478211138398194	2.677028300879691
1996	05	01	2.1058184808	0.22478211138398194	2.6437391999156716
1996	05	02	4.627476013500001	0.23762680346306667	2.3288524336969134
1996	05	03	0.0015531005482	0.26331618762123604	3.482833929021411
1996	05	04	0.14681085523	0.27937205272009186	3.9697535148077456
1996	05	05	7.452614731	0.2536826685619225	3.2709787854008034
1996	05	06	10.226803121000001	0.36607372425391344	2.540919356966771
1996	05	07	4.470468927000001	1.1303329029594522	2.4333098148516767
1996	05	08	1.1991941741999999	1.0693206155838	3.7366766047170255
1996	05	09	7.996175888500001	0.7257251024682846	3.4205822549788993
1996	05	10	10.289817510999999	0.8349049851405045	2.623351314489039
1996	05	11	4.7932861429999996	3.021713811604672	2.444095654865696
1996	05	12	0.0025854562659999997	1.987716099238355	3.531543909701585
1996	05	13	0.00048650499702	1.3326368032050362	4.06250085378718
1996	05	14	0.18303377230999998	1.033997712366317	4.325407547439464
1996	05	15	4.1390896735	0.879861407417301	3.2171529379709587
1996	05	16	4.5088970058	1.3583261873632055	2.9926090050453853
1996	05	17	15.872622230000001	3.3075082103643068	2.593967312370683
1996	05	18	4.9194709975	6.229675658356071	2.71421471069455
1996	05	19	8.443640377	4.399307037086504	2.7219427920255415
1996	05	20	0.6935956736200001	5.009429910843027	2.926571723553425
1996	05	21	0.00025388455817	3.3075082103643068	4.0388822719449635
1996	05	22	0.0009712124900899999	2.5978389729948774	4.764371279807496
1996	05	23	0.0009596858864	2.0390948675546934	5.126018016730808
1996	05	24	0.0014591433683	1.6987105274589496	4.697627745264514
1996	05	25	0.0009401379689	1.3936490905806882	4.795648610329133
1996	05	26	0.0021022554599	1.1849228442955622	5.538987752583292
1996	05	27	0.02315280828	1.0372088853860881	5.4252072019671544
1996	05	28	0.0037994183968999996	0.8927060994963855	5.581291182682463
1996	05	29	0.0014069197376000001	0.7899485628637081	6.315258537773261
1996	05	30	0.00015473159750000002	0.6904021992508018	5.68994271270074
1996	05	31	0.015554358197999999	0.6133340467762937	4.598961668126976
1996	06	01	9.879712184e-06	0.5780111435588108	4.208002310163952
1996	06	02	0.30815113237999997	0.5555329324204126	3.609215889023248
1996	06	03	0.0018228460368	0.5298435482622432	5.17312944333994
1996	06	04	0.0023562421668999996	0.5009429910843026	5.881163696687543
1996	06	05	0.0009598900517000001	0.45919774182727746	6.197227137096673
1996	06	06	0.00048650506319999995	0.40139662747139637	6.036561279779498
1996	06	07	0.17292401624	0.3435955131155153	4.515458577502056
1996	06	08	0.00094688310068	0.3211173019771171	5.342417873207485
1996	06	09	4.127429309e-05	0.30185026385849006	5.711104040009451
1996	06	10	0.0009434252398000001	0.2761608797003207	5.752857743534593
1996	06	11	0.0023733551016	0.2697385336607784	6.515086319081427
1996	06	12	1.5502615365	0.24726032252238017	6.614788932820559
1996	06	13	0.0009542800834000001	0.21514859232466846	6.541402281138151
1996	06	14	0.0035156378951	0.19909272722581262	6.608157305419814
1996	06	15	0.10711521986000001	0.1862480351467279	6.669234499037462
1996	06	16	3.2377309785999997	0.17019217004787207	5.971860549470372
1996	06	17	3.3475812855	0.15734747796878737	4.96997326966976
1996	06	18	4.887466239199999	0.13165809381061802	5.20043331225304
1996	06	19	0.0032289604741	0.2890055717794054	5.08598753834453
1996	06	20	0.020675500061	0.2119374193048973	4.700074903297566
1996	06	21	0.20895445982	0.16376982400832973	3.907577316144563
1996	06	22	0.0009401379689	0.13165809381061802	5.305363210317207
1996	06	23	0.0028564659029	0.11560222871176215	5.557377636080996
1996	06	24	0.0014157074489	0.10275753663267748	5.227315678377562
1996	06	25	0.0	0.057801114355881075	5.442040390998369
1996	06	26	0.00094013803508	0.054589941336109914	5.724994133750319
1996	06	27	0.0014200682697	0.057801114355881075	6.274792061141599
1996	06	28	0.0023449863828	0.0674346334151946	5.844948226059558
1996	06	29	0.00094013803508	0.06101228737565225	6.526291526105486
1996	06	30	0.0	0.057801114355881075	6.840931520077663
1996	07	01	0.002811026384	0.054589941336109914	5.9884186814526155
1996	07	02	0.0009548105161	0.05137876831633874	4.900604071630592
1996	07	03	0.058827110807999995	0.05137876831633874	4.82346481688918
1996	07	04	0.08652346286799999	0.04816759529656756	5.141501297474746
1996	07	05	0.44007141040000003	0.04816759529656756	3.628581575535667
1996	07	06	0.004538623848500001	0.04816759529656756	4.124366868401624
1996	07	07	1.69805747	0.04816759529656756	4.037686764422376
1996	07	08	0.0009467126210000001	0.04816759529656756	5.446947309943845
1996	07	09	0.0009573866167199999	0.04816759529656756	5.936009486287967
1996	07	10	0.0014134932867000002	0.041745249257025226	6.568836921010407
1996	07	11	0.0023727040006999997	0.03532290321748288	6.443420772677472
1996	07	12	0.00048650506319999995	0.03532290321748288	6.672143339666672
1996	07	13	0.0009386124096	0.028900557177940538	7.100317804958726
1996	07	14	0.010156886156999998	0.028900557177940538	6.165879498884508
1996	07	15	0.0029928466687999997	0.028900557177940538	6.418210879252505
1996	07	16	0.043950755679999995	0.02568938415816937	6.127224093003911
1996	07	17	0.014755263376	0.019267038118627025	6.149942653962613
1996	07	18	0.0012073177692	0.019267038118627025	6.486167597179078
1996	07	19	0.0019065726711	0.016055865098855857	6.185036338327184
1996	07	20	0.0009448010117	0.016055865098855857	6.719997119928451
1996	07	21	0.001885000528	0.016055865098855857	6.767286069212
1996	07	22	0.0	0.02568938415816937	6.355805367649862
1996	07	23	0.054630100949999996	0.016055865098855857	6.536703420723625
1996	07	24	0.001413493397	0.012844692079084685	4.90390043242818
1996	07	25	0.50390495438	0.012844692079084685	4.9406377270134065
1996	07	26	2.0634031673	0.009633519059313513	4.487147825203774
1996	07	27	0.0014151777883	0.009633519059313513	5.296461624091175
1996	07	28	0.0	0.009633519059313513	5.863957412784745
1996	07	29	0.00094683622318	0.009633519059313513	5.94093027349344
1996	07	30	0.0009412837653	0.006422346039542342	6.497861689773376
1996	07	31	0.0	0.006422346039542342	6.750563942537796
1996	08	01	0.28982739046	0.006422346039542342	5.862058972264689
1996	08	02	0.0018999990117	0.006422346039542342	5.985707294394159
1996	08	03	3.444761652e-05	0.006422346039542342	6.0364099973864205
1996	08	04	0.018027709956	0.003211173019771171	4.775547307816077
1996	08	05	0.3776261684	0.003211173019771171	4.880222033493743
1996	08	06	1.1632531398	0.003211173019771171	3.343099288850611
1996	08	07	1.1998536578999999	0.003211173019771171	4.361082591615207
1996	08	08	0.004467672491100001	0.003211173019771171	4.817933615372687
1996	08	09	0.0006746710172999999	0.003211173019771171	5.1462781101872475
1996	08	10	0.012325723881	0.003211173019771171	4.49301980373958
1996	08	11	0.0012618554939	0.003211173019771171	5.057246457856463
1996	08	12	0.0004902887613099999	0.0	5.2145814798399535
1996	08	13	0.0009545752020799999	0.0	5.700873128830077
1996	08	14	0.0009320901499999999	0.0	5.258431496426117
1996	08	15	0.008168263852800001	0.003211173019771171	5.00796971923658
1996	08	16	0.5560867152	0.0	4.597778386948353
1996	08	17	2.7409000706	0.0	4.820670133727352
1996	08	18	4.9847344045	0.0	3.928615576323618
1996	08	19	0.08962248916999999	0.0	3.945468546961532
1996	08	20	0.3784732724	0.0	3.4491309767540983
1996	08	21	0.012993668694	0.0	3.857834403892274
1996	08	22	0.03600424733	0.0	4.476110196596415
1996	08	23	0.29667538802	0.0	3.1517824198523647
1996	08	24	0.0014723699927999998	0.0	3.714776093040876
1996	08	25	0.00047006901754	0.0	4.595902002588661
1996	08	26	0.7533003577	0.0	3.7641888946155504
1996	08	27	0.014260831493	0.0	4.126444714830522
1996	08	28	0.00426093312	0.0	4.355139831914797
1996	08	29	0.0018926026246	0.0	4.012430182315239
1996	08	30	0.0018967116305	0.0	4.1011018014013345
1996	08	31	0.0	0.0	4.452050478652811
1996	09	01	0.0004799305214	0.0	4.548626625043775
1996	09	02	0.0023758017762	0.0	4.554286893756601
1996	09	03	0.001893424139	0.0	4.381286266987846
1996	09	04	1.5352717665	0.0	3.301030953993809
1996	09	05	0.16722103195000002	0.0	3.743880497881948
1996	09	06	0.0004799305214	0.0	3.7747699953729787
1996	09	07	0.0014695797337	0.0	4.161191635122164
1996	09	08	4.555201387	0.0	3.4420821774198704
1996	09	09	0.00048650499702	0.0	3.5659936045106333
1996	09	10	3.7291947988999996	0.0	3.1916668073355545
1996	09	11	3.727902855	0.0	2.4591922345216397
1996	09	12	0.16844449057999997	0.0	3.191823462627601
1996	09	13	0.13895468258	0.0	3.339628583459558
1996	09	14	0.27529021445	0.0	3.3834530265784037
1996	09	15	0.0026993979307999997	0.0	3.5260661167999765
1996	09	16	5.030483535500001	0.0	3.0613227485209227
1996	09	17	3.9964165132000002	0.0	2.3631248672100416
1996	09	18	0.7116458936	0.0	2.179463065713011
1996	09	19	2.1381893248	0.0	2.160722590981922
1996	09	20	20.458737398	0.0	2.1417797779171845
1996	09	21	1.1948329121999999	0.0	1.9285697139673386
1996	09	22	0.0026497475990999997	0.0	2.309277850246851
1996	09	23	0.10315167759999999	0.0	2.5192504934583604
1996	09	24	0.025970218828	0.003211173019771171	2.74732197866407
1996	09	25	0.07666595628	0.003211173019771171	2.5147664072717317
1996	09	26	0.007464078540900001	0.003211173019771171	2.9888465615992343
1996	09	27	0.004496271406	0.003211173019771171	3.3624927952983326
1996	09	28	0.0014640260184	0.003211173019771171	3.5712831803471934
1996	09	29	0.0009401379689	0.003211173019771171	3.802043712475944
1996	09	30	0.13410591664	0.0	3.337139477324319
1996	10	01	0.023208486617	0.0	1.9881204376700237
1996	10	02	0.0	0.0	2.597300915834814
1996	10	03	0.0009467126210000001	0.0	2.927313614815326
1996	10	04	0.0018999990117	0.0	3.1650343300958923
1996	10	05	2.9639139861e-06	0.0	2.0222988409866254
1996	10	06	0.00047993063170000003	0.0	2.143056292830016
1996	10	07	0.00048650499702	0.0	2.320113003824013
1996	10	08	0.0018967116305	0.0	2.5021243893164162
1996	10	09	0.0014148957512	0.0	2.591134607481935
1996	10	10	0.0014332166915	0.0	2.479882975145593
1996	10	11	0.00047993057655	0.0	2.5372166946099357
1996	10	12	3.783770908e-06	0.0	2.5192765889593125
1996	10	13	18.556070119	0.0	1.1376303890650161
1996	10	14	0.6355447725900001	0.0	1.4163438252829832
1996	10	15	0.56258783029	0.003211173019771171	1.5934154839900547
1996	10	16	0.9844966580999999	0.003211173019771171	1.679131420074088
1996	10	17	5.218634488799999	0.006422346039542342	1.379708065780091
1996	10	18	4.314715179399999	0.006422346039542342	1.3843654506356986
1996	10	19	0.17296218004	0.006422346039542342	1.7738859119915722
1996	10	20	0.06539416765	0.006422346039542342	2.1235466549022517
1996	10	21	0.0032580473562	0.006422346039542342	2.4347320993175425
1996	10	22	0.0009401379689	0.006422346039542342	2.454200345557228
1996	10	23	0.00048650499702	0.006422346039542342	2.338291771641054
1996	10	24	0.00637118169	0.006422346039542342	1.9682090675581296
1996	10	25	0.009237430872000001	0.003211173019771171	1.6088680089388578
1996	10	26	0.0	0.003211173019771171	2.1011347479480706
1996	10	27	0.0015373093383999998	0.003211173019771171	2.192369581296877
1996	10	28	0.0084880170451	0.003211173019771171	1.8918561388115318
1996	10	29	0.12651604128	0.003211173019771171	1.5274162558776672
1996	10	30	0.0009401379689	0.003211173019771171	1.6783599513184082
1996	10	31	0.0	0.003211173019771171	1.8091982336625065
1996	11	01	0.0009401379689	0.003211173019771171	1.981280662719976
1996	11	02	0.0009467126210000001	0.003211173019771171	2.0611555368980183
1996	11	03	0.0	0.003211173019771171	1.9215980553500724
1996	11	04	0.99124079718	0.003211173019771171	1.5574800189196856
1996	11	05	0.10631255573000001	0.003211173019771171	1.179718793426007
1996	11	06	0.0014173706625999999	0.003211173019771171	1.7206344664082738
1996	11	07	0.0009550918914000001	0.003211173019771171	1.6725976885549145
1996	11	08	0.006596558010899999	0.003211173019771171	1.58721026066959
1996	11	09	0.00101678539478	0.003211173019771171	1.5690053821141166
1996	11	10	7.831712521999999	0.003211173019771171	1.0868695271655202
1996	11	11	11.671751872000002	0.006422346039542342	0.6117105297324805
1996	11	12	0.5909169734499999	0.006422346039542342	0.9005922511960788
1996	11	13	5.8036665712	0.012844692079084685	0.8547958087702879
1996	11	14	0.3701267611	0.009633519059313513	0.8758573489790162
1996	11	15	0.00017607524312	0.006422346039542342	0.946614479018193
1996	11	16	0.25757636535	0.006422346039542342	0.9281495803200119
1996	11	17	0.38835789513999996	0.006422346039542342	1.1024419371474357
1996	11	18	0.09563381711	0.006422346039542342	0.8121799467299347
1996	11	19	6.5772601435	0.006422346039542342	1.072028817232378
1996	11	20	1.578743754	0.003211173019771171	0.6811480639547033
1996	11	21	4.2191726576	0.003211173019771171	0.6615428691784636
1996	11	22	0.54102853714	0.003211173019771171	0.7467627102455743
1996	11	23	3.0673049044000003	0.003211173019771171	0.7947379825345662
1996	11	24	0.6479057957800001	0.012844692079084685	0.9982926047514997
1996	11	25	0.09514600433	0.012844692079084685	0.6455083694790213
1996	11	26	0.18179136414000002	0.012844692079084685	1.0380946559881399
1996	11	27	0.31634695182000006	0.012844692079084685	0.9049338421060652
1996	11	28	0.0074707208069	0.012844692079084685	0.8458658471361764
1996	11	29	0.0	0.009633519059313513	0.9651269218624187
1996	11	30	0.009987779712	0.009633519059313513	1.053832562471102
1996	12	01	0.018357750718999997	0.028900557177940538	0.9244514422654184
1996	12	02	0.0014172771282	0.03532290321748288	1.1141140428563074
1996	12	03	0.03258789234	0.03211173019771171	1.2106032648546752
1996	12	04	8.990855222	0.03853407623725405	0.7085623919350319
1996	12	05	20.856130649999997	0.07064580643496576	0.3076704764108717
1996	12	06	3.9262493888	0.14129161286993153	0.4566081143567991
1996	12	07	0.0498308928	0.2729497066805495	0.6653781724413138
1996	12	08	0.03147040995	0.3082726098980324	0.8789538098469125
1996	12	09	0.005143669534999999	0.30506143687826126	0.877464992448471
1996	12	10	2.6394944419999997	0.2986390908387189	0.7954865236225022
1996	12	11	16.367318833	0.5683776244994972	0.5352825133033413
1996	12	12	13.376763757	9.76196598010436	0.7124938851510504
1996	12	13	16.001920302	8.188491200416486	0.5416614542142478
1996	12	14	3.2578612801	5.972781816774379	0.8000483919326306
1996	12	15	0.09582918046999998	3.789184163329982	0.749809300538753
1996	12	16	3.472075241	2.8065652192800035	0.7234656336801439
1996	12	17	19.11778059	4.367195306888792	0.6942065063418725
1996	12	18	20.492906131999998	11.7850049825602	0.7277884570801547
1996	12	19	11.562803047000001	6.679239881124036	0.5749680127691522
1996	12	20	20.283396797	10.564759235047152	0.5552633718653066
1996	12	21	6.997814741	9.890412900895207	0.5621125504243458
1996	12	22	9.350743165	9.826189440499784	0.45231149493017847
1996	12	23	10.601483397	8.381161581602756	0.4918006102803953
1996	12	24	9.087005937999999	10.339977123663173	0.4478955412580274
1996	12	25	0.77060814838	6.00489354697209	0.7903591622768139
1996	12	26	0.0	4.527753957877351	0.9086374603260959
1996	12	27	0.00069716354772	3.7570724331322696	0.9581636371358669
1996	12	28	0.04546150169	3.211173019771171	0.8705631099498333
1996	12	29	2.8226459375	2.6941741635880123	0.3884335104466339
1996	12	30	2.650666729	2.3570009965120393	0.6397241824599312
1996	12	31	1.1065743818	2.857943987596342	0.6344601309310262
1997	01	01	3.1393248482000002	2.716652374726411	0.5399330264395052
1997	01	02	13.5126925135	3.6928489727368468	0.3901454843152807
1997	01	03	1.8162689581	4.945206450447603	0.49015379685883087
1997	01	04	0.020793281709999997	4.367195306888792	0.6877201376164619
1997	01	05	0.038735264299999995	3.9497428143185402	0.5318026914048138
1997	01	06	0.0	3.7249607029345584	0.6491433244782631
1997	01	07	17.017090618	4.335083576691081	0.4816525002111988
1997	01	08	21.185275776999998	7.867373898439369	0.7855919789556346
1997	01	09	4.697001964	8.349049851405045	0.7104745850613123
1997	01	10	0.5120196591999999	4.656200878668198	1.04652888265323
1997	01	11	0.042840195718000004	3.8212958935276937	1.0532236194298132
1997	01	12	0.010355643448000001	3.2432847499688826	1.1278755063277666
1997	01	13	0.0077017112875	2.8097763922997747	1.0704662278830865
1997	01	14	0.013046052370000002	2.575360761856479	0.9849663737947898
1997	01	15	0.020205333075	2.30241105517593	1.0030418350488255
1997	01	16	11.612290245000002	2.6813294715089278	0.6473489001972164
1997	01	17	0.5416913519000001	6.00489354697209	0.7540693793217433
1997	01	18	9.587709479	4.656200878668198	0.571495974173126
1997	01	19	5.13120012	4.367195306888792	0.5451167282226246
1997	01	20	2.9813266059	5.972781816774379	0.5768274290122719
1997	01	21	0.16271486884	4.270860116295657	0.8888183100906917
1997	01	22	0.06686735981900001	3.403843400957441	1.0436715510913495
1997	01	23	0.0028421647358	2.9157451019522234	0.9667285341724215
1997	01	24	0.0008441572252	2.6010501460146487	1.1230238467836562
1997	01	25	0.11394963949	2.2510322868595907	1.170774121291249
1997	01	26	0.0010004710762	2.0230390024558376	1.192915826971797
1997	01	27	0.00025554401064	1.8528468324079654	1.1584150261765769
1997	01	28	0.011600395492999998	1.669809970281009	1.0262112064565392
1997	01	29	7.4688858561	1.5188848383517641	1.1081148603797448
1997	01	30	4.2661355298000005	1.6023753368658142	0.958678599638181
1997	01	31	1.1711324203	1.8046792371113982	0.9632104973156572
1997	02	01	0.44961206259	1.5317295304308483	1.1475177934162641
1997	02	02	1.1859859698	1.3294256301852647	1.3267830769986673
1997	02	03	0.025084119366	1.3037362460270951	1.164423016402301
1997	02	04	0.0018933919314	1.1945563633548757	1.3897471359798863
1997	02	05	0.017159449313	1.0532647504849442	1.39509724611389
1997	02	06	0.00047993057655	1.0243641933070036	1.6223287130114146
1997	02	07	0.0008440326523799999	0.9248178296940972	1.427291512495726
1997	02	08	0.003338844974	0.8220602930614198	1.590592419345453
1997	02	09	0.0	0.7738926977648523	1.5474211528269644
1997	02	10	0.0014038890245	0.7289362754880558	1.6134531848909817
1997	02	11	0.013453065988000001	0.6871910262310306	1.6269047428912116
1997	02	12	0.17867659141	0.65829046905309	1.30377297677115
1997	02	13	0.057814704609999996	0.619756392815836	1.0094088905641962
1997	02	14	0.7790580549	0.6037005277169801	1.162349316217407
1997	02	15	0.006281738317	0.5780111435588108	1.5188037999880641
1997	02	16	0.8389590067999999	0.545899413361099	1.5337453652735513
1997	02	17	0.0019480750315000002	0.5105765101436162	1.2776329572194454
1997	02	18	0.004901439705	0.488098299005218	1.5289685243126054
1997	02	19	0.007869418577000001	0.4977318180645315	1.9929518865756333
1997	02	20	0.0034228997508	0.488098299005218	2.180281665456764
1997	02	21	0.0033134263390000003	0.44635304974819273	2.146198900938612
1997	02	22	0.3253729773	0.4078189735109387	1.885990620851431
1997	02	23	0.19709807016	0.3885519353923117	1.5404195543896466
1997	02	24	0.31376361552000004	0.375707243313227	1.4742209646599125
1997	02	25	0.56956674292	0.3628625512341423	1.373146213902853
1997	02	26	0.035280736686	0.35322903217482887	1.6899715876538435
1997	02	27	0.0004799305214	0.34038434009574414	2.435997744771612
1997	02	28	0.00047993057655	0.32753964801665947	2.3461127595235496
1997	03	01	0.00047993057655	0.31790612895734593	2.1994784472058346
1997	03	02	0.005705751717	0.3082726098980324	2.5943816812936134
1997	03	03	0.0	0.2954279178189477	2.5848757820486896
1997	03	04	0.0	0.2729497066805495	2.6084963047417657
1997	03	05	0.0014321990637	0.26331618762123604	2.438070631772098
1997	03	06	0.00047993057655	0.26331618762123604	2.783961200661444
1997	03	07	0.0009401379689	0.26331618762123604	2.622151106413515
1997	03	08	0.00047006901754	0.26331618762123604	2.7667873940139707
1997	03	09	0.0	0.2568938415816937	2.298686853660658
1997	03	10	0.0009435606882	0.244049149502609	2.393315011699227
1997	03	11	0.0009434252398000001	0.2312044574235243	2.792712156318174
1997	03	12	0.00047993057655	0.20230390024558378	3.0540132840932013
1997	03	13	0.0	0.19588155420604142	2.8586873849075363
1997	03	14	0.0037189709816000003	0.18945920816649908	2.8809417127249253
1997	03	15	0.0037835619997999997	0.1862480351467279	2.7062449671363544
1997	03	16	0.0009401379689	0.1798256891071856	3.1918783980232988
1997	03	17	0.0033228687911	0.17340334306764324	3.3356313670652207
1997	03	18	0.0023733740732000005	0.1669809970281009	2.9271066370688397
1997	03	19	0.0009401379689	0.16055865098855854	3.1866499910048303
1997	03	20	0.0	0.15734747796878737	3.5237424686128342
1997	03	21	0.8888319239	0.15092513192924503	3.4535994152958684
1997	03	22	0.046307789470000006	0.12523574777107566	3.4208465226897697
1997	03	23	0.0009401380791999999	0.11881340173153333	3.36894951050144
1997	03	24	0.0023733553222	0.11239105569199097	3.0813397210929385
1997	03	25	0.0018802754966	0.10917988267221983	2.4902253426508016
1997	03	26	0.0009532868870499999	0.10917988267221983	3.227494915365838
1997	03	27	0.0014282690747000001	0.09954636361290631	3.5859033232279947
1997	03	28	0.001406919517	0.08670167153382162	3.705525633446058
1997	03	29	0.0	0.09633519059313513	3.263927463746315
1997	03	30	0.0033069188596000004	0.09312401757336396	3.6636172126151054
1997	03	31	0.0	0.0899128445535928	3.6799655366770505
1997	04	01	0.0011445827690999997	0.08670167153382162	3.3605805150556067
1997	04	02	0.045383940936000004	0.08670167153382162	3.47589756393007
1997	04	03	0.07661706029000001	0.08027932549427927	3.9618726902306904
1997	04	04	0.0	0.08027932549427927	3.7486129368732826
1997	04	05	0.0	0.08027932549427927	4.10219827619459
1997	04	06	0.07108155552	0.0770681524745081	3.3092052848310187
1997	04	07	2.7712637855000004	0.0770681524745081	3.7807883113670786
1997	04	08	1.6444564128999999	0.09954636361290631	2.785937202159133
1997	04	09	0.6328795606000001	0.12844692079084685	3.059216799091213
1997	04	10	0.06300080104	0.1798256891071856	3.2844975441599082
1997	04	11	0.0012266865595	0.1541363049490162	3.7345100878496535
1997	04	12	0.00094449357251	0.11881340173153333	4.104039472030989
1997	04	13	0.0	0.10596870965244864	4.363301902241118
1997	04	14	0.0032943444390000002	0.09312401757336396	4.114841006390496
1997	04	15	0.0	0.0899128445535928	4.804531076655388
1997	04	16	8.7636247581	0.08027932549427927	4.326775165534671
1997	04	17	1.0421565346000001	0.0770681524745081	2.5282155222810565
1997	04	18	4.791412146000001	0.06101228737565225	2.967826290305326
1997	04	19	15.499337249	0.054589941336109914	2.2028565832569496
1997	04	20	3.2186087087999997	0.08670167153382162	2.714852159196556
1997	04	21	1.386621008	0.16055865098855854	3.014251451953569
1997	04	22	0.0018602698341000001	0.21835976534443965	3.650658717272476
1997	04	23	0.0021403226371	0.20230390024558378	3.861589395848786
1997	04	24	0.06781741453	0.1669809970281009	3.590540419499721
1997	04	25	1.1814742585999998	0.17340334306764324	3.176557261061405
1997	04	26	0.7848179209	0.1348692668303892	3.0054791994056815
1997	04	27	0.0073649167452	0.11560222871176215	4.043257077748961
1997	04	28	0.010808166846000002	0.10917988267221983	4.4824266646534365
1997	04	29	0.0004799305214	0.10275753663267748	5.212966130092145
1997	04	30	0.0009401379689	0.09954636361290631	4.908717165431362
1997	05	01	0.0078903521934	0.09312401757336396	5.442127054486711
1997	05	02	0.16049148556000004	0.07385697945473693	3.375496111256678
1997	05	03	0.08547910827500001	0.07385697945473693	4.159200691328517
1997	05	04	0.96590377315	0.07385697945473693	3.878574361157205
1997	05	05	6.1226775548	0.0770681524745081	3.0170933192837452
1997	05	06	2.1037784823	0.0770681524745081	2.5553289347255204
1997	05	07	2.5007218206000004	0.07064580643496576	2.7350103064249054
1997	05	08	0.004463550028599999	0.0770681524745081	3.325670736749573
1997	05	09	0.03096150781	0.08027932549427927	3.0804254126629687
1997	05	10	0.063289934842	0.06422346039542343	3.377461337353873
1997	05	11	1.5336106485	0.0449564222767964	3.1047210300559973
1997	05	12	0.0032386705139999996	0.06422346039542343	4.166297487279838
1997	05	13	0.24587097639000002	0.057801114355881075	4.081744447172342
1997	05	14	0.18250728835000002	0.05137876831633874	4.171116644563906
1997	05	15	0.9732065707	0.05137876831633874	3.9437028380782944
1997	05	16	8.510019358200001	0.05137876831633874	2.8631553335772626
1997	05	17	0.42219549751	0.057801114355881075	3.315821313472125
1997	05	18	25.214785158	0.0674346334151946	2.4733737252473245
1997	05	19	4.9786468372	0.07385697945473693	2.8274765969745417
1997	05	20	1.0606482193	0.09633519059313513	3.056646177336693
1997	05	21	0.08084734104	0.12523574777107566	3.664595871007278
1997	05	22	0.04221076215	0.1220245747513045	4.918740422853618
1997	05	23	5.816585569	0.10275753663267748	3.454631359458935
1997	05	24	5.776044252499999	0.08670167153382162	3.1496350060903695
1997	05	25	11.379627837	0.09312401757336396	3.719740488773647
1997	05	26	6.6998885951	0.09954636361290631	3.759342690580204
1997	05	27	2.0348048039	0.10917988267221983	3.797526060689292
1997	05	28	0.4248746073	0.10596870965244864	4.3428586545262
1997	05	29	7.099760619	0.09312401757336396	4.9881278693949325
1997	05	30	17.659243982	0.1541363049490162	4.091325776117721
1997	05	31	7.176180871	0.3468066861352865	3.261210004417884
1997	06	01	5.881368288600001	0.5105765101436162	3.4294177260590164
1997	06	02	2.4395122694999998	0.3596513782143712	2.960270188699945
1997	06	03	1.4791747307	0.27937205272009186	3.8209111894891103
1997	06	04	4.3320874294	0.2665273606410072	3.230673950097736
1997	06	05	3.2745514349000002	0.244049149502609	3.6501053359859563
1997	06	06	12.915142815	0.24083797648283783	3.4654072640814944
1997	06	07	1.2036638611000001	0.825271466081191	3.3038573653864627
1997	06	08	0.006118317837	1.1399664220187657	4.559567017076436
1997	06	09	0.0013940451907	0.6550792960333189	5.6041326952490955
1997	06	10	4.3233379922	0.49452064504476034	2.7089520576890678
1997	06	11	0.9868284001	0.41424131955048105	3.6173216039172496
1997	06	12	0.14161290155	0.3114837829178036	4.516050422721605
1997	06	13	0.10745181134	0.2857943987596342	3.86541740283768
1997	06	14	0.0608284646	0.24726032252238017	4.414400230329697
1997	06	15	0.010169691987	0.20551507326535495	4.598659920307363
1997	06	16	0.031740993498	0.17019217004787207	4.464437790267181
1997	06	17	6.427115923	0.13808043985016036	3.118184409170995
1997	06	18	0.033229669581	0.1220245747513045	4.703591476890252
1997	06	19	0.0506714891	0.10917988267221983	4.1073508871816795
1997	06	20	0.00248910701	0.09954636361290631	4.961645357469526
1997	06	21	0.6612318447000001	0.09312401757336396	3.3803026614972693
1997	06	22	0.0015552207347999999	0.08349049851405045	3.82587184124364
1997	06	23	0.001899999122	0.08027932549427927	5.426495543274114
1997	06	24	0.0037628155625	0.07385697945473693	5.888246411193669
1997	06	25	0.007060150786	0.07385697945473693	5.389038959486915
1997	06	26	0.010453362629999999	0.07385697945473693	4.022315789826545
1997	06	27	0.0007353732656099999	0.0674346334151946	4.013267702358285
1997	06	28	2.1214077312999997	0.057801114355881075	3.4186922382505065
1997	06	29	0.5690957178	0.057801114355881075	3.492101098657515
1997	06	30	0.861031581	0.06101228737565225	4.143062330469447
1997	07	01	7.565174336799999	0.06101228737565225	3.9033786854948347
1997	07	02	1.6782282875	0.06101228737565225	3.5299085497617297
1997	07	03	0.00028699293415	0.06422346039542343	4.212993498571583
1997	07	04	0.021561963513	0.06101228737565225	3.988320087724568
1997	07	05	0.0004799305214	0.054589941336109914	5.430983950256921
1997	07	06	0.0018802757172000002	0.05137876831633874	5.785548576720158
1997	07	07	0.0009401379689	0.05137876831633874	6.313342470326147
1997	07	08	3.1171755052	0.04816759529656756	5.635349112731967
1997	07	09	0.10991404927000001	0.0449564222767964	5.109298875844631
1997	07	10	0.02145833556	0.0449564222767964	4.7019882913805
1997	07	11	0.00023845029019999999	0.041745249257025226	5.73140686878529
1997	07	12	0.0023655542444	0.0449564222767964	5.70028831464181
1997	07	13	2.0395056796	0.03853407623725405	5.539120385872928
1997	07	14	0.16541451649	0.041745249257025226	6.047782184805408
1997	07	15	14.760846761999998	0.0449564222767964	3.1339445322025514
1997	07	16	4.134854263799999	0.05137876831633874	4.080456613186034
1997	07	17	0.00047006901754	0.05137876831633874	5.03056965093932
1997	07	18	0.0004799305214	0.05137876831633874	5.575676902320267
1997	07	19	0.00047993057655	0.05137876831633874	5.76561816084079
1997	07	20	0.00048650499702	0.05137876831633874	6.0430857810826755
1997	07	21	0.14569282134000003	0.04816759529656756	6.100501053984051
1997	07	22	0.44690376742	0.0449564222767964	5.00674936231801
1997	07	23	13.349689519	0.0449564222767964	4.393332828904338
1997	07	24	0.010702335099	0.041745249257025226	5.104323909178994
1997	07	25	0.0047234268659	0.03532290321748288	6.091104198584063
1997	07	26	0.23957541638000002	0.03853407623725405	6.651109590216295
1997	07	27	2.1016884076	0.03853407623725405	6.438249995148942
1997	07	28	1.6443136846999997	0.03211173019771171	6.327260354696553
1997	07	29	0.07647611894999999	0.028900557177940538	6.2814584674480605
1997	07	30	0.89240623952	0.0224782111383982	6.104616456932624
1997	07	31	0.006122838372199999	0.019267038118627025	6.225325115423011
1997	08	01	0.121161577415	0.019267038118627025	6.45593569480233
1997	08	02	1.5893916748	0.016055865098855857	6.182330013234544
1997	08	03	1.4369234333	0.016055865098855857	5.576402009192722
1997	08	04	0.9582502216000001	0.019267038118627025	4.961046483790763
1997	08	05	0.005236652435000001	0.019267038118627025	4.0108904452329135
1997	08	06	1.4262414298	0.016055865098855857	3.3853759694806222
1997	08	07	1.6868805504	0.016055865098855857	3.6181647924621014
1997	08	08	0.28760651099	0.016055865098855857	5.523120434265735
1997	08	09	0.31196430265	0.016055865098855857	5.155596525704579
1997	08	10	3.5633965818	0.016055865098855857	3.739439599498196
1997	08	11	6.915798969999999e-06	0.016055865098855857	5.126340316237291
1997	08	12	0.0028497997018	0.012844692079084685	5.2920055610729655
1997	08	13	0.0033062174618999998	0.012844692079084685	5.88569195821549
1997	08	14	0.0005128716164000001	0.009633519059313513	5.77897570937916
1997	08	15	0.9326997339800001	0.009633519059313513	5.427988952491563
1997	08	16	0.0060315371060000005	0.009633519059313513	5.296221253611748
1997	08	17	0.0019444452791	0.009633519059313513	5.35668366882759
1997	08	18	0.0009401379689	0.009633519059313513	5.388353730620638
1997	08	19	0.083231184348	0.009633519059313513	5.584496974388393
1997	08	20	0.8345263807	0.009633519059313513	5.461815062537171
1997	08	21	3.4870698642	0.006422346039542342	5.550683076545274
1997	08	22	0.04220820319000001	0.006422346039542342	5.832479353874276
1997	08	23	1.9935799583	0.006422346039542342	5.063450910334067
1997	08	24	14.678162573	0.006422346039542342	3.8769613501023157
1997	08	25	0.131847318982	0.006422346039542342	3.5269239500932694
1997	08	26	0.035248961462	0.006422346039542342	3.744262557598501
1997	08	27	13.848849962999997	0.009633519059313513	2.520456362404312
1997	08	28	0.23982805853000003	0.012844692079084685	3.057015017385117
1997	08	29	0.017014704829000003	0.012844692079084685	4.11260205721937
1997	08	30	0.0023666820619	0.009633519059313513	4.689404186621868
1997	08	31	0.0028819145395	0.009633519059313513	4.228975737896009
1997	09	01	0.4551223969	0.009633519059313513	3.194334775082932
1997	09	02	0.0028379324145000003	0.009633519059313513	4.234176334365351
1997	09	03	0.0009434251625900001	0.009633519059313513	4.811171502820049
1997	09	04	0.0	0.006422346039542342	4.613472435047848
1997	09	05	0.0014512220635000002	0.006422346039542342	4.877326306771064
1997	09	06	0.051130275332	0.006422346039542342	4.91505401246458
1997	09	07	0.00048650499702	0.006422346039542342	4.8396456275464566
1997	09	08	0.0014332166915	0.006422346039542342	5.0387906569394625
1997	09	09	0.30284859224	0.006422346039542342	4.257831600771854
1997	09	10	0.0	0.003211173019771171	4.377934480060602
1997	09	11	0.00047006901754	0.003211173019771171	4.361650578286783
1997	09	12	0.0013016736836000001	0.003211173019771171	3.579010618143201
1997	09	13	3.979552305	0.003211173019771171	2.7642173920155306
1997	09	14	0.8844727576	0.003211173019771171	2.9363895883021227
1997	09	15	0.22538879583000002	0.0	3.250542424361717
1997	09	16	0.26425756725	0.0	3.7177735988803526
1997	09	17	0.09579110491	0.0	3.7586167587579635
1997	09	18	0.28779453940000005	0.0	3.710016233880728
1997	09	19	3.747586993	0.0	3.130693237917112
1997	09	20	0.006151293125	0.0	3.1655065190136686
1997	09	21	0.00094408984142	0.0	3.596002598667614
1997	09	22	0.0009512352188099999	0.0	3.9007533224875024
1997	09	23	0.0033972262125000004	0.0	3.5649115646350493
1997	09	24	3.7910567745	0.0	2.548221369565189
1997	09	25	1.3821377542	0.0	2.9613369932474702
1997	09	26	11.242050647000001	0.0	2.324723598256421
1997	09	27	2.8643001810000004	0.0	2.41398760401953
1997	09	28	2.8331298422	0.0	2.5510891544427374
1997	09	29	0.42158044265000005	0.0	3.2937131114958196
1997	09	30	2.4630008751	0.0	3.3588934631987164
1997	10	01	0.9908931757	0.0	2.8853395687581274
1997	10	02	0.0026696608302	0.0	2.9957130191214594
1997	10	03	0.0032498302268	0.0	3.2155236706328347
1997	10	04	1.1743625558	0.0	3.233405769264841
1997	10	05	2.0510992023	0.0	2.4873517379894485
1997	10	06	1.3805015639999998	0.0	2.1089104957446096
1997	10	07	0.26182110643	0.003211173019771171	1.8736979638444242
1997	10	08	0.004650091925500001	0.003211173019771171	2.564113892278883
1997	10	09	0.014941787294000001	0.003211173019771171	2.6729595779252038
1997	10	10	0.29462998482	0.006422346039542342	2.386615466123063
1997	10	11	0.09813188048	0.006422346039542342	2.2554557507740634
1997	10	12	0.062846032492	0.006422346039542342	2.259987979093796
1997	10	13	0.0	0.006422346039542342	1.962732795946535
1997	10	14	0.00047993057655	0.006422346039542342	2.1593075155417556
1997	10	15	0.0009401379689	0.003211173019771171	2.4541178590522508
1997	10	16	0.0018999990117	0.003211173019771171	2.694500847969005
1997	10	17	0.0014796106363	0.0	2.3784623691392173
1997	10	18	6.377347790900001	0.0	1.7277466466982847
1997	10	19	42.987110906000005	0.003211173019771171	1.084796074844663
1997	10	20	14.454143273	0.003211173019771171	1.0864388443221296
1997	10	21	0.38453741198	0.003211173019771171	1.6616483084621034
1997	10	22	2.953230659	0.003211173019771171	1.5396616200205469
1997	10	23	0.9895021824	0.006422346039542342	1.4754760080091514
1997	10	24	0.006896733173800001	0.006422346039542342	1.8972820054607762
1997	10	25	0.1081937112	0.006422346039542342	1.586230720382409
1997	10	26	3.952632487	0.006422346039542342	1.3089065862916134
1997	10	27	11.3658408885	0.019267038118627025	1.1840556480189606
1997	10	28	0.17187290135999997	0.012844692079084685	1.3896566696419328
1997	10	29	0.0019141588845000002	0.009633519059313513	1.5906033877411792
1997	10	30	0.0009598612082499999	0.006422346039542342	1.8135356037510058
1997	10	31	0.0014069197376000001	0.006422346039542342	1.6172466322673007
1997	11	01	0.0028711628264	0.009633519059313513	1.7563499540028158
1997	11	02	14.260575596999999	0.009633519059313513	0.7515582782436536
1997	11	03	10.036195896999999	0.006422346039542342	1.0865144998637952
1997	11	04	1.5883870623999998	0.012844692079084685	0.9538815397328871
1997	11	05	36.48650099	0.019267038118627025	1.1741925980148467
1997	11	06	27.149129494000004	1.7083440465182629	1.1557982243561962
1997	11	07	6.6348256031999995	1.5220960113715352	1.0948188656294011
1997	11	08	15.896861758000002	2.0198278294360668	0.9689485316432703
1997	11	09	1.9970494448	1.8721138705265927	0.8927979477143203
1997	11	10	9.215521982999999	1.801468064091627	0.7827427947679478
1997	11	11	13.119468050000002	6.0370052771698015	0.7935478213638923
1997	11	12	2.69808139	4.463530497481928	0.9661682459038764
1997	11	13	14.224955314999999	6.261787388553784	1.1589560882803738
1997	11	14	0.043878247769	6.647128150926324	1.0818447695477613
1997	11	15	0.00110069685879	3.660737242539135	1.4094843790167484
1997	11	16	0.01423792108	2.729497066805495	1.19228584999971
1997	11	17	4.625377225099999	2.1514859232466845	0.7877683082612812
1997	11	18	14.889587819	6.0370052771698015	0.9631261050714962
1997	11	19	4.0419265138	4.335083576691081	0.8075185134782649
1997	11	20	1.4733363310999998	3.660737242539135	0.839174794527834
1997	11	21	5.695900051900001	2.9157451019522234	0.7411057205533076
1997	11	22	0.0022867998238	2.347367477452726	0.8443266242435866
1997	11	23	0.6192319210000001	1.9299149848824737	0.997544632287078
1997	11	24	13.688844371	2.4854479173028863	0.7238695624710629
1997	11	25	23.57028275	7.32147448507827	0.6868857636274472
1997	11	26	0.866961309	5.780111435588108	0.8885197582807783
1997	11	27	0.77406350545	3.6286255123414235	0.9292267883023665
1997	11	28	5.0828442691	3.3075082103643068	0.874271937567609
1997	11	29	0.6061123978	2.822621084378859	0.7297785515941322
1997	11	30	0.37818159508	2.292777536116616	0.8447638928100568
1997	12	01	0.016563999175	1.971660234139499	0.8869588020441802
1997	12	02	0.08921114738	1.7500892957752883	0.7491083652241286
1997	12	03	1.5862230867	1.6441205861228396	0.7278813844902311
1997	12	04	2.3790848557	1.4964066272133656	0.7580007382657996
1997	12	05	0.0037897665954	1.2684133428096125	0.7055389561966323
1997	12	06	0.0	1.072531788603571	0.9092010600218546
1997	12	07	0.20290211131	1.0436312314256306	0.9404799231270241
1997	12	08	0.19260970947000003	1.0436312314256306	0.8455104416978487
1997	12	09	0.033039110888999995	0.995463636129063	0.8393725279349803
1997	12	10	0.040871295495	0.9119731376150125	0.951304159200015
1997	12	11	0.20015398681000002	0.8092156009823351	0.6305687612129003
1997	12	12	11.970965991	1.1528111140978503	0.9233991191809078
1997	12	13	0.0	1.3711708794422899	0.8566869267629215
1997	12	14	0.0005939668236	1.0661094425640287	0.990129681656205
1997	12	15	0.03678272267	0.9440848678127243	0.8441065303608579
1997	12	16	12.291043355000001	1.31658093810618	0.6584785093612758
1997	12	17	30.007838568	4.463530497481928	0.8479722504021597
1997	12	18	6.644859152999999	8.188491200416486	0.4775474572816971
1997	12	19	4.6047702070000005	7.610480056857675	0.5302769301527717
1997	12	20	1.3531949239	7.417809675671406	0.629643391033814
1997	12	21	9.901036482999999	5.491105863808703	0.7350131165567798
1997	12	22	13.980769866	10.757429616233424	0.6823758872358648
1997	12	23	0.0073914661758	7.064580643496576	0.886014351633335
1997	12	24	0.028791239494999996	4.977318180645315	0.9252615533239043
1997	12	25	0.5404946741100001	4.206636655900234	0.7398305033496543
1997	12	26	1.9627740507000002	4.367195306888792	0.5869739148031262
1997	12	27	0.12096179654	3.596513782143711	0.6266034479153272
1997	12	28	4.0646568068999995	3.275396480166594	0.5682205251659951
1997	12	29	0.9246840565	3.596513782143711	0.5732259651039199
1997	12	30	1.3356243545000002	4.591977418272775	0.49795339925968857
1997	12	31	4.7275291435	4.559865688075063	0.6823736593231011
1998	01	01	0.11129772968	3.564402051946	0.7524148370735667
1998	01	02	0.8611507601499999	3.0313473306639853	0.9356506010073649
1998	01	03	0.6212077249	2.7937205272009185	0.8306219373226561
1998	01	04	1.2104532673000001	2.6973853366077836	0.7808572142848526
1998	01	05	0.11487232104999999	2.4308579759667763	0.6884245336602632
1998	01	06	0.39467448936	2.183597653444396	0.7082446130543961
1998	01	07	0.18632373453	2.064784251712863	0.43160067146010106
1998	01	08	0.002592805555	1.8913809086452198	0.9227457623203423
1998	01	09	0.0	1.615220028944899	0.9877836726346493
1998	01	10	0.07276098993800001	1.5060401462726793	0.9524214258047699
1998	01	11	5.837199536	1.4386055128574848	0.5355350874810647
1998	01	12	15.323875318000002	1.8143127561707117	0.5283460126675674
1998	01	13	7.2107397361	4.752536069261333	0.6299866966178413
1998	01	14	0.7560210175000001	3.660737242539135	0.6868913733862909
1998	01	15	0.056146273719999994	2.646006568291445	0.8766301835963282
1998	01	16	0.16261622755	2.2060758645827945	1.0962893013494017
1998	01	17	0.0009401379689	2.0005607913174397	1.1078326522621738
1998	01	18	0.079121130598	1.8335797942893386	0.9419959754088828
1998	01	19	0.09602484164	1.7468781227555172	0.8856263096041836
1998	01	20	0.027027560143	1.4899842811738233	1.050659814913496
1998	01	21	0.0007972919685	1.390437917560917	1.0200271359801452
1998	01	22	0.0030816304478000003	1.2459351316712144	1.2048484525165695
1998	01	23	0.6900236743000001	1.1785004982560197	0.8006638799326752
1998	01	24	0.26847546131	1.1752893252362486	0.7925381566546711
1998	01	25	0.0061698466879999995	1.1014323457815116	0.9117130021392615
1998	01	26	5.236055712	0.9794077710302072	0.720789467902783
1998	01	27	7.5132649508	0.9633519059313513	0.7275519758103011
1998	01	28	3.0461089946	0.8894949264766143	0.762724171252038
1998	01	29	0.03937888686	0.8284826391009621	0.9104124225776842
1998	01	30	0.7639717062199999	0.770681524745081	1.1844013627772745
1998	01	31	4.062742771	0.7321474485078269	0.8665740612493499
1998	02	01	2.8538067905	0.6839798532112594	0.8948204862601211
1998	02	02	8.421039906999999	0.8702278883579874	0.8691535150960539
1998	02	03	3.4133880303	2.1354300581478287	0.736120945442255
1998	02	04	0.04863564891	2.5079261284412846	1.0868270056622686
1998	02	05	0.41659412158000003	1.4931954541935948	1.1912532227769865
1998	02	06	0.0009138406841	1.2041898824141892	1.3655240871652048
1998	02	07	0.0	1.0436312314256306	1.5302149398631795
1998	02	08	0.80188820259	0.9729854249906648	1.5958103159918338
1998	02	09	0.0014706115902000001	0.9119731376150125	1.3237634376415528
1998	02	10	0.04635889146	0.8156379470218774	1.4842934340993286
1998	02	11	0.00142006838	0.7289362754880558	1.6828489396418305
1998	02	12	0.0035931786848	0.677557507171717	1.6959767607759246
1998	02	13	0.004720991111	0.6743463341519459	1.741753289141285
1998	02	14	0.0	0.6968245452903441	1.9731308487625414
1998	02	15	0.0014284877996000001	0.6647128150926324	2.135898009722717
1998	02	16	0.46346876481	0.6293899118751495	1.6659986905741189
1998	02	17	0.008969454816	0.5940670086576666	2.0262189976229945
1998	02	18	0.06111732926999999	0.5747999705390396	1.9596826031366639
1998	02	19	0.0	0.5587441054401837	1.8072238893058865
1998	02	20	0.037036671874999996	0.5330547212820144	1.569586822355551
1998	02	21	11.058702266000001	0.6165452197960648	1.367202750162581
1998	02	22	0.0037648880995000003	0.8894949264766143	1.3531840340036967
1998	02	23	0.0018923851129999999	0.6615016420728612	1.67275903519284
1998	02	24	0.0	0.5908558356378955	1.5769930673714363
1998	02	25	0.00047993057655	0.5330547212820144	1.8359466971789173
1998	02	26	0.0009467126210000001	0.5137876831633874	2.0881332386058684
1998	02	27	0.0009467126210000001	0.5137876831633874	2.1078781495934784
1998	02	28	0.0014167816606	0.468831260886591	1.9837013932733314
1998	03	01	0.0009467126210000001	0.45919774182727746	1.9154155112501594
1998	03	02	0.0025323489117	0.4238748386097946	2.2937620748963714
1998	03	03	0.0018976966094999999	0.3885519353923117	2.3201746071885507
1998	03	04	0.0025188700310999996	0.3564402051946	2.043097429016539
1998	03	05	0.0025476600959	0.32432847499688827	2.5740741507814544
1998	03	06	0.0020903793486000003	0.3211173019771171	2.7443414538887927
1998	03	07	0.0018802757172000002	0.31790612895734593	2.4835762495226845
1998	03	08	0.0007628918912799999	0.30506143687826126	2.2728547887814687
1998	03	09	0.0008426050835999999	0.2890055717794054	1.91660225579533
1998	03	10	0.0	0.28258322573986305	2.5683162370786015
1998	03	11	0.17541089519	0.28258322573986305	1.771799183558757
1998	03	12	0.18744637896	0.2761608797003207	1.628140607025117
1998	03	13	2.8863283043e-05	0.2697385336607784	1.9112717744478955
1998	03	14	0.0023692592214	0.2665273606410072	2.243784503175326
1998	03	15	0.0	0.24083797648283783	2.3290696061428076
1998	03	16	0.0014167807782	0.2344156304432955	2.967970568294412
1998	03	17	0.0	0.22799328440375313	3.0650392341644004
1998	03	18	0.00047993057655	0.22478211138398194	3.1296874574988616
1998	03	19	0.019355928217	0.22478211138398194	3.304719358812674
1998	03	20	0.00033777193265999996	0.22478211138398194	3.3428086865562228
1998	03	21	0.019848509266	0.21835976534443965	3.179001197921394
1998	03	22	0.324812543	0.20872624628512612	3.0338915755075075
1998	03	23	0.19738147498	0.20551507326535495	2.7608067089289245
1998	03	24	0.0019148911662	0.2119374193048973	2.8725775401032854
1998	03	25	0.0009477398449	0.20551507326535495	3.33882459833618
1998	03	26	0.0028583059275	0.20551507326535495	3.365367821957039
1998	03	27	0.62982296009	0.20551507326535495	3.510857234280787
1998	03	28	14.905803021999999	0.20551507326535495	1.2815921420125451
1998	03	29	11.497365366	0.20872624628512612	2.481913821388235
1998	03	30	0.023240005945	0.2857943987596342	2.7703474596974975
1998	03	31	8.8511727359	0.2954279178189477	1.8172765164960085
1998	04	01	0.6634240572	0.2729497066805495	2.081327440551446
1998	04	02	6.6497322070000005	0.2922167447991766	1.8829840737636976
1998	04	03	8.3191464215	0.2890055717794054	2.442077589930272
1998	04	04	3.8200676599	0.3114837829178036	1.930169301493166
1998	04	05	10.836187458000001	0.45598656880750627	2.245895625018479
1998	04	06	2.2391254063	0.677557507171717	2.252271963198891
1998	04	07	1.398865411	0.6133340467762937	2.080089530930316
1998	04	08	0.5569685857600001	0.7289362754880558	2.3689649563399153
1998	04	09	6.184988672	0.5908558356378955	1.7911309458493498
1998	04	10	1.2775105935000002	0.5908558356378955	1.8728663506831238
1998	04	11	2.2062350492999996	0.6326010848949207	2.002922743690493
1998	04	12	0.47361886862	0.5683776244994972	2.396833921740827
1998	04	13	0.6834756045	0.5362658943017855	2.510858041279547
1998	04	14	13.044298600000001	0.49452064504476034	1.7052153501210359
1998	04	15	2.0575170078	0.7771038707846234	2.3328046774788747
1998	04	16	4.0883839914	0.9408736947929531	2.07662330920762
1998	04	17	2.7296557577000002	0.7160915834089712	2.1122942699178244
1998	04	18	0.13695534065999998	0.6261787388553783	2.70198277253934
1998	04	19	5.08532635	0.5491105863808703	2.6700885827984
1998	04	20	1.1817276177	0.5137876831633874	2.804569423974169
1998	04	21	0.0066710117242	0.488098299005218	3.5240871383340417
1998	04	22	7.218129063999999	0.4656200878668198	2.4715214150268263
1998	04	23	0.005177393760000001	0.45598656880750627	3.477202480289791
1998	04	24	0.005589718323	0.4270860116295657	4.357943354957526
1998	04	25	0.13003580252000002	0.40139662747139637	4.430836188277649
1998	04	26	2.1142631591	0.3468066861352865	2.6144430378183556
1998	04	27	2.10861613	0.3339619940562018	2.5492134776032023
1998	04	28	0.98712461075	0.4270860116295657	2.9608643835097137
1998	04	29	4.1341430494	0.35322903217482887	2.425218666470957
1998	04	30	4.3251069836000005	0.3628625512341423	2.260430716161975
1998	05	01	1.4247195104	0.3596513782143712	3.0124188561811365
1998	05	02	0.7149990797800001	0.3596513782143712	3.1479997944646536
1998	05	03	1.0232476953	0.3468066861352865	3.0261434747409974
1998	05	04	0.11638711507	0.32432847499688827	3.2668333623233163
1998	05	05	0.00047993057655	0.3114837829178036	3.802527600625345
1998	05	06	0.001893424139	0.2890055717794054	4.40324761662005
1998	05	07	0.0031017136512	0.2761608797003207	4.807651575757098
1998	05	08	0.12704213919000001	0.2761608797003207	4.161529835294549
1998	05	09	0.059141187852	0.26331618762123604	4.229230412734444
1998	05	10	18.425201375	0.26010501460146485	3.3242652527275425
1998	05	11	8.636804355	0.2697385336607784	2.932934912890296
1998	05	12	8.570820689	0.34038434009574414	2.928423210252358
1998	05	13	5.354578135800001	0.7803150438043945	2.898737992897675
1998	05	14	3.9014391685999996	1.4514502049365692	4.056024138527462
1998	05	15	1.8747259727	0.9055507915754702	4.521971904959237
1998	05	16	0.041202417197999996	0.6422346039542342	4.844088370251451
1998	05	17	0.0	0.7835262168241657	5.103270572732085
1998	05	18	0.0014863232736999998	0.5651664514797261	5.407747102137037
1998	05	19	6.466649318099999	0.4495642227679639	4.534662388748191
1998	05	20	1.5981040512	0.4527753957877351	4.009201549294064
1998	05	21	0.27818975878999996	0.488098299005218	4.448971619831424
1998	05	22	6.37859385	0.5683776244994972	3.4148995557840305
1998	05	23	9.894746074	0.4656200878668198	3.733915102659334
1998	05	24	0.6685919431	0.5587441054401837	3.982969259493528
1998	05	25	0.009677396615	0.7546256596462252	4.424728933067142
1998	05	26	1.00912187211	0.5266323752424721	3.904376540509537
1998	05	27	3.0216305568	0.43350835766910817	3.1415924297761846
1998	05	28	3.4047482313	0.3724960702934558	3.1519963872007457
1998	05	29	13.568417728000002	0.41424131955048105	3.0413099644213863
1998	05	30	1.4515384038999999	0.45598656880750627	3.155822638476113
1998	05	31	15.611021513999999	0.5715887975192684	2.784533560376968
1998	06	01	22.267323189	1.4899842811738233	3.215827917295373
1998	06	02	0.33052494691	3.275396480166594	3.585514304805275
1998	06	03	0.0015605186643999997	1.8078904101311692	5.068476639759996
1998	06	04	5.7219154099	1.2619909967700702	4.962299174370517
1998	06	05	0.15349520068000003	0.9729854249906648	4.322982492755939
1998	06	06	1.5596716707	0.7738926977648523	3.8644494552984403
1998	06	07	0.03790254342	0.6615016420728612	4.2238744789993055
1998	06	08	0.0020572457801000003	0.5908558356378955	5.432968762053955
1998	06	09	0.000399637857	0.47525360692613333	5.584815865733473
1998	06	10	0.014261828605	0.4110301465307099	3.848787878821896
1998	06	11	0.0009401379689	0.35322903217482887	3.8023027733721486
1998	06	12	0.00047993057655	0.30506143687826126	4.76354568739112
1998	06	13	0.0009467126210000001	0.28258322573986305	4.833212402688061
1998	06	14	0.0036082345244999995	0.2697385336607784	3.92633377795783
1998	06	15	0.0	0.244049149502609	4.484587604438458
1998	06	16	0.0009467126210000001	0.20551507326535495	5.439259385816788
1998	06	17	0.0023733551016	0.17340334306764324	5.919440950207986
1998	06	18	0.0009401379689	0.17019217004787207	6.766927835680883
1998	06	19	0.0019026205117999998	0.14771395890947386	6.717764217182224
1998	06	20	0.0037841279491	0.11881340173153333	5.738419004759765
1998	06	21	0.024574598443	0.10275753663267748	5.538992864385168
1998	06	22	0.00047828694110000003	0.09312401757336396	6.187602772637109
1998	06	23	0.0038023505018000003	0.08349049851405045	6.412622500526983
1998	06	24	0.0061886101519	0.08349049851405045	5.202843382532804
1998	06	25	0.0028986095475	0.07385697945473693	4.694927723328074
1998	06	26	0.0023404831646999997	0.07385697945473693	5.957704201098019
1998	06	27	0.0009467126210000001	0.0674346334151946	5.782815615655017
1998	06	28	0.0	0.06101228737565225	6.767862130028926
1998	06	29	0.26532351748	0.05137876831633874	6.664101195865679
1998	06	30	20.082490862	0.06101228737565225	5.456547898468162
1998	07	01	4.272327771800001	0.08670167153382162	3.748261758780166
1998	07	02	0.6157335359000001	0.06101228737565225	3.6058294947982468
1998	07	03	0.29783252326	0.06422346039542343	3.8901834768750523
1998	07	04	0.0018886512374000001	0.07064580643496576	6.028995408301484
1998	07	05	0.001413493397	0.05137876831633874	6.642414406441093
1998	07	06	0.0010758305731	0.04816759529656756	4.581598499394648
1998	07	07	0.033321830745999995	0.05137876831633874	4.783754364116772
1998	07	08	0.0009335635815199999	0.05137876831633874	5.6334919277596915
1998	07	09	0.0009425714847099999	0.05137876831633874	6.407180986601622
1998	07	10	0.0	0.04816759529656756	6.429673990393853
1998	07	11	0.0	0.041745249257025226	6.409466487531124
1998	07	12	0.0014071582062000002	0.03853407623725405	7.124058728804783
1998	07	13	0.0030535459721	0.028900557177940538	5.4245132142602825
1998	07	14	0.00097557584779	0.02568938415816937	5.59619201697764
1998	07	15	0.00048650499702	0.0224782111383982	6.2266312092091045
1998	07	16	0.0009598611531	0.019267038118627025	6.49787956405858
1998	07	17	0.0009434252398000001	0.019267038118627025	7.335239282024943
1998	07	18	0.21181226664000002	0.016055865098855857	7.1065624050462315
1998	07	19	0.0014200459891	0.016055865098855857	6.740952307891426
1998	07	20	0.16922321961	0.012844692079084685	4.742952508083225
1998	07	21	0.0064449309172	0.012844692079084685	4.539683695087314
1998	07	22	0.0	0.012844692079084685	5.883914602752869
1998	07	23	0.009153098801	0.012844692079084685	5.84818305568134
1998	07	24	0.0	0.009633519059313513	6.392172727639664
1998	07	25	0.0004799305214	0.009633519059313513	6.2642147561920405
1998	07	26	0.0028269878970000003	0.006422346039542342	6.129391317388229
1998	07	27	0.002837892155	0.006422346039542342	5.930909575069827
1998	07	28	0.0009532868318999999	0.006422346039542342	6.428439830760041
1998	07	29	0.0	0.006422346039542342	6.973991878042212
1998	07	30	0.24264460212	0.006422346039542342	6.099676235648697
1998	07	31	0.0014332166915	0.003211173019771171	5.10159131954014
1998	08	01	0.0014134932867000002	0.006422346039542342	4.547219649510684
1998	08	02	0.000946719239	0.003211173019771171	4.527940757654705
1998	08	03	0.0014073678865	0.003211173019771171	5.320408948648555
1998	08	04	0.0018868504796000002	0.003211173019771171	6.178601450466931
1998	08	05	0.0018952149698000002	0.003211173019771171	6.119518965605645
1998	08	06	0.00047993057655	0.003211173019771171	6.867488460979823
1998	08	07	0.0014271837227	0.003211173019771171	6.63721413547685
1998	08	08	0.0	0.0	6.149186057927267
1998	08	09	0.0013922919722000001	0.0	6.497035376262311
1998	08	10	0.0	0.0	6.5007538762448265
1998	08	11	1.3445914136	0.0	6.348475845256984
1998	08	12	2.315573123	0.0	5.2142939135636865
1998	08	13	3.0699958935	0.0	5.325048437601784
1998	08	14	2.030252392	0.0	5.219853103629906
1998	08	15	1.3007643704	0.0	4.989351325495972
1998	08	16	0.07770536833000001	0.0	4.981199457759265
1998	08	17	3.3660385566	0.0	4.57066394094567
1998	08	18	0.0079113217676	0.0	4.713014988187677
1998	08	19	0.0048614212105	0.0	5.067533980624083
1998	08	20	0.0019016252749	0.0	5.650186264377427
1998	08	21	0.0	0.0	5.630889818550795
1998	08	22	0.0014309988894	0.0	5.889541646648597
1998	08	23	0.0015059857928999998	0.0	5.7927671380527945
1998	08	24	0.0	0.0	5.71496237518368
1998	08	25	0.0022339482552	0.0	6.009556079710741
1998	08	26	1.3203536504000002	0.0	4.658973327150938
1998	08	27	4.504330696099999	0.0	4.348712328359585
1998	08	28	0.0042253290521	0.0	4.498965803203836
1998	08	29	0.0014134932867000002	0.0	5.0365473164818235
1998	08	30	0.0006589346266	0.0	4.840564595243496
1998	08	31	0.19441620287000003	0.0	5.260208528328778
1998	09	01	0.21895169886	0.0	4.518063164206224
1998	09	02	0.024308692718000003	0.0	4.081096299963604
1998	09	03	0.04356888605	0.0	3.957352030575309
1998	09	04	0.09452518078000001	0.0	3.102350697525534
1998	09	05	0.004593618877	0.0	4.223921782678966
1998	09	06	0.47652121458	0.0	4.499654296706243
1998	09	07	0.47470816936	0.0	2.9375807710065707
1998	09	08	0.0009439631729000001	0.0	4.559297272618141
1998	09	09	0.001874859546	0.0	4.582146207164615
1998	09	10	0.0006746710172999999	0.0	3.2215689480175933
1998	09	11	0.58011054052	0.0	3.0015733988651077
1998	09	12	0.17425259077	0.0	3.2182110191666053
1998	09	13	0.40531425898999995	0.0	3.0896077628577925
1998	09	14	0.16046746222	0.0	3.11517402009734
1998	09	15	0.0	0.0	4.126844004214429
1998	09	16	0.0	0.0	4.555754522338382
1998	09	17	0.00047993057655	0.0	4.590048098976502
1998	09	18	0.0027179857971	0.0	4.456961537724219
1998	09	19	3.2200962146000003	0.0	3.1899265723061734
1998	09	20	0.06527526425	0.0	3.714970005402221
1998	09	21	3.91463524	0.0	3.0260740698518425
1998	09	22	17.298500111	0.0	2.1707420733426104
1998	09	23	0.38922611056	0.0	2.459945366917764
1998	09	24	9.046906373	0.0	2.4707372525921745
1998	09	25	22.610077129999997	0.0	1.7387255268210153
1998	09	26	7.1040265818	0.003211173019771171	1.8162163466793395
1998	09	27	3.0129336224000003	0.003211173019771171	2.066796787143248
1998	09	28	21.63429715	0.03211173019771171	2.361304554591091
1998	09	29	1.9577377527000002	0.03211173019771171	2.543459537326533
1998	09	30	2.772001141	0.04816759529656756	1.727449172155529
1998	10	01	0.30127044189999996	0.041745249257025226	1.928776826552807
1998	10	02	0.10711180056	0.0674346334151946	1.9187623478549085
1998	10	03	5.7098755031	0.07385697945473693	2.379191970594817
1998	10	04	7.9352383371999995	0.08670167153382162	1.9764147356783606
1998	10	05	2.3280559946	0.08349049851405045	1.545651575660084
1998	10	06	0.29829562884	0.0770681524745081	1.7127516126498694
1998	10	07	0.0015663473576	0.0770681524745081	1.8824361359896837
1998	10	08	0.003080349203	0.07385697945473693	1.9124161061197857
1998	10	09	3.5779084219e-05	0.07385697945473693	2.0200237665561187
1998	10	10	0.11550030307000002	0.0674346334151946	2.065902904142604
1998	10	11	0.016711195628	0.06422346039542343	2.2153675487919178
1998	10	12	0.001899999122	0.057801114355881075	2.4427682461299844
1998	10	13	0.0	0.054589941336109914	2.64000399951565
1998	10	14	0.0019025099912	0.05137876831633874	2.7112392524993356
1998	10	15	0.0018934244698999999	0.04816759529656756	2.5295056410640275
1998	10	16	0.014324459151000002	0.04816759529656756	2.5652407685038483
1998	10	17	1.1800409101	0.041745249257025226	1.7581162793616465
1998	10	18	0.4687515061	0.041745249257025226	1.5760528509124887
1998	10	19	0.0024782453277999994	0.041745249257025226	1.5951881493106916
1998	10	20	0.0009401379689	0.03853407623725405	2.0903724452106194
1998	10	21	0.0009401379689	0.03853407623725405	2.203512889569005
1998	10	22	0.0	0.03853407623725405	2.332493776596282
1998	10	23	0.12155487964	0.03853407623725405	2.2392961807181813
1998	10	24	0.17147755306999998	0.03853407623725405	1.681174227690605
1998	10	25	0.698987645	0.03853407623725405	1.4389187752305976
1998	10	26	0.029508417816	0.041745249257025226	1.626833729308924
1998	10	27	0.0018901368681	0.03853407623725405	2.055231794925498
1998	10	28	0.0	0.03853407623725405	2.271523878099901
1998	10	29	0.0	0.03853407623725405	1.9562306521811292
1998	10	30	0.0	0.03532290321748288	2.1096152516044167
1998	10	31	0.010721353025	0.03532290321748288	2.04174100186041
1998	11	01	0.22594287685000003	0.03532290321748288	1.5292379221877284
1998	11	02	2.0667151454	0.03532290321748288	1.1159262622048491
1998	11	03	22.551246418999998	0.03853407623725405	1.0785116454386894
1998	11	04	3.0999790734	0.0449564222767964	1.2272656936740665
1998	11	05	0.0	0.0449564222767964	1.3632602893639982
1998	11	06	0.0021363293359000003	0.041745249257025226	1.5036110181309388
1998	11	07	0.5132017443	0.041745249257025226	1.5031282130131265
1998	11	08	0.002386844571	0.0449564222767964	1.526138488519371
1998	11	09	1.3478634631	0.041745249257025226	1.5056138849908394
1998	11	10	1.1130827877200002	0.03853407623725405	1.3052505654813074
1998	11	11	0.7115027242	0.03853407623725405	1.2332359880251214
1998	11	12	0.08993692138	0.03853407623725405	1.4062249271809701
1998	11	13	3.8105311219	0.041745249257025226	1.303897692726875
1998	11	14	0.05800649645599999	0.041745249257025226	1.0201673351840754
1998	11	15	0.022141282276	0.041745249257025226	1.1693063466038838
1998	11	16	0.00047993057655	0.041745249257025226	1.389859836864577
1998	11	17	0.0014145198488	0.03853407623725405	1.3184095830181812
1998	11	18	0.010943578847	0.03853407623725405	1.0616180249355183
1998	11	19	0.0009335636477000001	0.03853407623725405	1.162039829916696
1998	11	20	0.0009401379689	0.03532290321748288	1.2181218941154002
1998	11	21	0.00048650499702	0.03532290321748288	1.1077397456897333
1998	11	22	0.0052094191444	0.03532290321748288	1.186760861280997
1998	11	23	0.14226795119000002	0.03532290321748288	0.9112464604967067
1998	11	24	0.0	0.03532290321748288	1.0610875470144405
1998	11	25	0.22530267359	0.03532290321748288	1.2293062090127154
1998	11	26	0.00021634722907999999	0.03532290321748288	1.0150614767372064
1998	11	27	0.0014266431424	0.03532290321748288	1.1128818974308716
1998	11	28	0.12908385837	0.03532290321748288	1.0732289620056368
1998	11	29	0.009561826481	0.03532290321748288	0.7453826319617249
1998	11	30	0.02123355519	0.03532290321748288	0.7845540789940731
1998	12	01	0.38289560751	0.041745249257025226	0.7224090419417301
1998	12	02	0.00048650506319999995	0.041745249257025226	0.7696328134365292
1998	12	03	0.0	0.0449564222767964	0.7720112006671659
1998	12	04	0.0	0.0449564222767964	0.7485871621569993
1998	12	05	0.0028401372011999998	0.041745249257025226	0.8495463887157674
1998	12	06	0.0009434252398000001	0.0449564222767964	0.8485349053170297
1998	12	07	0.0014237798647000002	0.0449564222767964	0.8583171499766119
1998	12	08	0.0023516478410000002	0.0449564222767964	0.9135185220326627
1998	12	09	0.0032729599161999997	0.041745249257025226	1.0823364507994662
1998	12	10	0.44985091724	0.041745249257025226	0.9599233155115932
1998	12	11	0.5174068215000001	0.041745249257025226	0.8579192232396643
1998	12	12	0.010949643141	0.041745249257025226	1.0228876877851392
1998	12	13	0.04461236817	0.041745249257025226	1.0618644425867125
1998	12	14	0.0039892323433	0.0449564222767964	1.1299010057295846
1998	12	15	0.0007157906367000001	0.0449564222767964	0.9785332632662738
1998	12	16	0.007061541669	0.0449564222767964	1.0074421478392546
1998	12	17	0.00052797096945	0.0449564222767964	1.0976374416793202
1998	12	18	0.0004799305214	0.04816759529656756	0.9572307384265384
1998	12	19	0.015111557745	0.04816759529656756	0.85219800470868
1998	12	20	0.2887648485	0.04816759529656756	0.7597713558504988
1998	12	21	0.0004799305214	0.04816759529656756	0.7913793161232865
1998	12	22	0.0023669721508999997	0.04816759529656756	0.8329804912190029
1998	12	23	0.0009578598699	0.04816759529656756	0.7469914795606329
1998	12	24	0.0035556730449	0.04816759529656756	0.7933806574348162
1998	12	25	0.00055672637799	0.04816759529656756	0.8894035194583854
1998	12	26	0.0004799305214	0.0449564222767964	0.9846499618149573
1998	12	27	0.042426482478	0.0449564222767964	0.8751449385753559
1998	12	28	4.1173564924	0.0449564222767964	0.6559074567027964
1998	12	29	12.405914187	0.04816759529656756	0.5770186719826974
1998	12	30	4.416976956600001	0.05137876831633874	0.7174802296694853
1998	12	31	19.503590136000003	0.06101228737565225	0.4614301435814259
1999	01	01	0.036619672798	0.14129161286993153	0.7104332904154845
1999	01	02	0.32142079594	0.16055865098855854	0.6798374972299508
1999	01	03	0.021393251941999997	0.12844692079084685	0.7567567400061093
1999	01	04	0.0058135815485	0.11239105569199097	0.9764191170446206
1999	01	05	0.00047993057655	0.10596870965244864	1.077191495197238
1999	01	06	0.0	0.0899128445535928	1.0909952200093076
1999	01	07	0.00047993057655	0.08027932549427927	1.1418078318969604
1999	01	08	0.6287972473000001	0.07385697945473693	0.8208525061833201
1999	01	09	15.137189259	0.08349049851405045	0.9048147512869903
1999	01	10	0.0074986021100000005	0.11239105569199097	0.7082449380572862
1999	01	11	0.0009401379689	0.13165809381061802	0.6970849316377725
1999	01	12	0.0	0.1348692668303892	0.6876613243635245
1999	01	13	0.0009401379689	0.11239105569199097	0.8265468013957293
1999	01	14	0.0029193715371	0.10275753663267748	0.9270094982697868
1999	01	15	0.00020704444987	0.09954636361290631	1.0689082024176866
1999	01	16	9.8572126385	0.10275753663267748	0.8166252707887481
1999	01	17	3.0365040706000004	0.1348692668303892	0.8022673146617181
1999	01	18	0.0067975271478	0.23762680346306667	0.9032108667110536
1999	01	19	0.29078493785	0.26331618762123604	0.9693122824046759
1999	01	20	7.258058767	0.21514859232466846	0.6123254838041797
1999	01	21	23.156347807	0.2504714955421513	0.5177530335177708
1999	01	22	1.2750997664000001	0.65829046905309	0.7659820028584879
1999	01	23	0.0	0.65829046905309	1.0955021187773368
1999	01	24	0.0018833862874999998	0.48167595296567567	1.1891131569603868
1999	01	25	0.0035369155372	0.38212958935276936	1.2729755565791754
1999	01	26	0.46184674816000004	0.3211173019771171	1.177945604812292
1999	01	27	0.21255908587999997	0.30185026385849006	0.923902882693562
1999	01	28	0.0033509275669	0.2954279178189477	1.2852347566874354
1999	01	29	0.0023771390534	0.2761608797003207	1.4133397274064523
1999	01	30	0.003319447616	0.26331618762123604	1.2558369535745513
1999	01	31	0.0019016913446	0.244049149502609	1.0297356167721015
1999	02	01	0.0018802754966	0.23762680346306667	0.9494606903126008
1999	02	02	0.0014735176643	0.22157093836421077	1.152706369086148
1999	02	03	0.000949999561	0.20872624628512612	1.1652534914005848
1999	02	04	0.0019058826343	0.20551507326535495	1.5236241962364023
1999	02	05	0.0014265989121	0.20551507326535495	1.5468730623177693
1999	02	06	0.0009401379689	0.20551507326535495	1.5484494953066403
1999	02	07	0.004186170677	0.20551507326535495	1.3135803124105827
1999	02	08	0.002067826087	0.20230390024558378	1.190433792972753
1999	02	09	5.631696297	0.19267038118627025	1.0705774968204096
1999	02	10	0.00036696712936	0.22478211138398194	1.050413263581307
1999	02	11	0.0014256406257	0.22478211138398194	1.158354971471842
1999	02	12	0.03687822041	0.2119374193048973	1.0978178816034911
1999	02	13	0.00047006901754	0.20230390024558378	1.083464813224821
1999	02	14	0.0	0.18303686212695672	1.0144550704913478
1999	02	15	0.0	0.1669809970281009	1.3484476240053254
1999	02	16	0.0009401379689	0.1669809970281009	1.557763206479322
1999	02	17	0.0018919765617999998	0.1541363049490162	1.6621138857980937
1999	02	18	0.0023782265011	0.14771395890947386	1.6879393585257256
1999	02	19	0.0018921702485999998	0.1445027858897027	1.8983698713365382
1999	02	20	0.0016797074105000002	0.13165809381061802	1.8267338159127948
1999	02	21	0.12441209083999999	0.12844692079084685	1.825702598740762
1999	02	22	0.17656241616	0.12523574777107566	1.5682755892888633
1999	02	23	0.0021633104807	0.11881340173153333	1.8268045479684512
1999	02	24	1.8992691566	0.12523574777107566	1.429902592465894
1999	02	25	1.3627560588	0.12844692079084685	1.4214119599361106
1999	02	26	0.008684053235099999	0.13165809381061802	1.873926268238104
1999	02	27	9.569880586999998	0.1445027858897027	1.1647649725880644
1999	02	28	0.0027941169527999996	0.1541363049490162	1.6407365584661457
1999	03	01	0.001413493397	0.16055865098855854	2.099216057818457
1999	03	02	0.00047006901754	0.15092513192924503	1.948551314624483
1999	03	03	3.471370424	0.1348692668303892	1.302119101119374
1999	03	04	3.9559593556	0.14129161286993153	1.0714693750205624
1999	03	05	0.9896701693	0.14771395890947386	1.3141831898500118
1999	03	06	0.7580706782800001	0.14771395890947386	1.396061501645872
1999	03	07	0.12042727170999999	0.14771395890947386	1.5682060282867418
1999	03	08	0.5460881305	0.14771395890947386	1.5293170941662386
1999	03	09	4.510862551800001	0.14771395890947386	1.3967778359278857
1999	03	10	10.791522576	0.14771395890947386	1.539741075568874
1999	03	11	4.9566492669999995	0.2761608797003207	1.6732525679066135
1999	03	12	1.9197908025	0.4977318180645315	1.578163581186782
1999	03	13	3.6774270381000003	0.3435955131155153	1.7355182162261482
1999	03	14	0.07972724454	0.3307508210364306	2.134756359863808
1999	03	15	0.23933410204000002	0.28258322573986305	2.0153713438446923
1999	03	16	0.006151707853000001	0.26010501460146485	2.6595110644771425
1999	03	17	0.0009401379689	0.2504714955421513	2.6651068329738914
1999	03	18	0.0009499996271800001	0.22799328440375313	2.8502937801264117
1999	03	19	0.00047993057655	0.21835976534443965	2.932810165748174
1999	03	20	0.0023476699818	0.19588155420604142	2.660409890477142
1999	03	21	0.0014362974807999999	0.19267038118627025	2.8682010367622657
1999	03	22	0.0028467110812	0.1862480351467279	2.8954302585947516
1999	03	23	0.0004799305214	0.1798256891071856	3.1554463540979585
1999	03	24	1.8854341173	0.1669809970281009	1.9244384932520389
1999	03	25	6.431819115	0.18303686212695672	1.944609844381037
1999	03	26	3.4481599949999997	0.18945920816649908	1.8425166136136903
1999	03	27	4.610372344	0.20551507326535495	1.5623226338671004
1999	03	28	0.0026245323573	0.21835976534443965	2.3921601705862257
1999	03	29	0.011391758631	0.2312044574235243	2.69107259364694
1999	03	30	0.046386131148	0.2119374193048973	2.982729375804805
1999	03	31	0.4842621127	0.19909272722581262	2.8554640990263476
1999	04	01	8.5320917118	0.20551507326535495	1.9951653898309085
1999	04	02	0.007169004753	0.19267038118627025	2.740074770954258
1999	04	03	0.0023732756856	0.1862480351467279	3.7764540059167095
1999	04	04	0.07515172920199999	0.1798256891071856	3.7880811403989454
1999	04	05	0.046256086345	0.1669809970281009	4.009001526605324
1999	04	06	0.24634832169999998	0.1669809970281009	3.6536801881702967
1999	04	07	0.0009401379689	0.15734747796878737	3.760039987569935
1999	04	08	0.0009401379689	0.14771395890947386	3.7318416052803958
1999	04	09	0.0009467126210000001	0.14771395890947386	3.6607734599105446
1999	04	10	0.0014308673015000003	0.13165809381061802	4.129818469349361
1999	04	11	0.0009532867546900001	0.12844692079084685	3.4842562302025457
1999	04	12	0.0060335365140999995	0.12523574777107566	3.5826002703505346
1999	04	13	0.0024501122098000002	0.11560222871176215	3.3018740084933573
1999	04	14	1.9472336631	0.11881340173153333	3.1544965199702855
1999	04	15	0.6031566886999999	0.11560222871176215	2.373821682442706
1999	04	16	9.4238715135	0.11560222871176215	2.0569515892025194
1999	04	17	0.6171222129	0.11239105569199097	2.489864961980447
1999	04	18	0.0	0.1220245747513045	3.4499319097015304
1999	04	19	0.5989605457999999	0.12844692079084685	3.801409968015596
1999	04	20	4.778252253000001	0.12844692079084685	2.6953309895773048
1999	04	21	2.0463030274	0.1445027858897027	2.4159563091472065
1999	04	22	0.60070104671	0.1798256891071856	2.5858438470010694
1999	04	23	0.23296086877	0.17661451608741444	2.924194323502406
1999	04	24	0.0	0.15092513192924503	4.048207217934698
1999	04	25	3.0770424089999997	0.12523574777107566	2.8960754291613937
1999	04	26	3.5094616466000006	0.1220245747513045	2.1974669659636126
1999	04	27	7.6809555849999995	0.11881340173153333	2.803409503462555
1999	04	28	4.3460790947	0.1220245747513045	3.080137828594841
1999	04	29	6.2327083125	0.1445027858897027	2.606376589751241
1999	04	30	2.6543608966	0.18945920816649908	2.5645292474731876
1999	05	01	8.358113757	0.3114837829178036	3.2210004001134
1999	05	02	3.6217980052	0.3339619940562018	3.667726045589599
1999	05	03	1.9431412022	0.2665273606410072	3.384136183883666
1999	05	04	2.3233817012	0.20872624628512612	3.2052925709103284
1999	05	05	2.9920180951999997	0.1669809970281009	3.004759840302067
1999	05	06	11.253664134000001	0.15734747796878737	2.802669812660717
1999	05	07	2.9980571305000003	0.1541363049490162	2.905316907875209
1999	05	08	0.0095433815635	0.15092513192924503	3.986742215122727
1999	05	09	0.025600930016	0.1348692668303892	4.205426595381582
1999	05	10	0.33253669758	0.1220245747513045	3.5117604541140355
1999	05	11	0.009998154530000001	0.11239105569199097	4.721964298074143
1999	05	12	0.0014293194616000003	0.10917988267221983	5.076047332479511
1999	05	13	0.0030827202118000004	0.09954636361290631	4.56512482360756
1999	05	14	6.747816482	0.09312401757336396	3.569433730570324
1999	05	15	1.5837443147999999	0.10596870965244864	3.263938236079735
1999	05	16	10.523983308000002	0.10917988267221983	2.677348256629319
1999	05	17	17.671447574	0.13165809381061802	2.4448441350067247
1999	05	18	5.9164494242	0.15734747796878737	2.60427481676929
1999	05	19	0.50647375314	0.1862480351467279	2.789302807886421
1999	05	20	0.0039030213118000003	0.18303686212695672	4.124797307232347
1999	05	21	0.0019235907477999999	0.1445027858897027	4.803660109843675
1999	05	22	0.00047993057655	0.11881340173153333	5.23146042828378
1999	05	23	0.0	0.10596870965244864	5.606335870645735
1999	05	24	0.29499376525	0.08670167153382162	5.676683102567765
1999	05	25	0.017149496944	0.0770681524745081	6.049276106351552
1999	05	26	0.0026800125955	0.07064580643496576	5.021440654115489
1999	05	27	1.03112491319	0.0674346334151946	3.659828180706726
1999	05	28	0.00057548568358	0.06422346039542343	5.267935689082912
1999	05	29	3.088605158	0.06422346039542343	3.874602165728536
1999	05	30	0.29281492110999996	0.06101228737565225	4.256731276186122
1999	05	31	1.4478957463999997	0.06101228737565225	5.663979001875073
1999	06	01	8.540402155	0.07064580643496576	3.618553479233161
1999	06	02	0.5163670234	0.06422346039542343	3.655158346369375
1999	06	03	0.41898334091000006	0.08670167153382162	4.03680910741308
1999	06	04	0.0009467126210000001	0.10275753663267748	5.210658660323853
1999	06	05	0.2400204107	0.0770681524745081	3.7672016502310943
1999	06	06	0.013742280309	0.07064580643496576	4.130004401387106
1999	06	07	0.009536658226999999	0.06101228737565225	4.063674782724645
1999	06	08	0.00048650506319999995	0.05137876831633874	5.47769581031372
1999	06	09	0.005242712317	0.04816759529656756	5.491944389795779
1999	06	10	0.012470160628	0.04816759529656756	5.861477676221742
1999	06	11	0.49069984941000006	0.0449564222767964	6.000016610972661
1999	06	12	0.35868548548999996	0.012844692079084685	5.743130861798593
1999	06	13	1.1937679657	0.03211173019771171	5.615586111337573
1999	06	14	0.0068553097882	0.03532290321748288	5.968901494432747
1999	06	15	0.0011470531582	0.03211173019771171	6.286106473315938
1999	06	16	0.00015930636721	0.016055865098855857	5.740912109023043
1999	06	17	0.001406919517	0.009633519059313513	6.113299404336457
1999	06	18	0.002832297739	0.006422346039542342	5.760236931617593
1999	06	19	0.0018802757172000002	0.016055865098855857	6.352790121638818
1999	06	20	0.001893424139	0.012844692079084685	6.659106051738518
1999	06	21	0.0009401379689	0.012844692079084685	7.066357942327557
1999	06	22	0.02809222979	0.009633519059313513	7.306856648336692
1999	06	23	0.0007590649666000001	0.006422346039542342	6.413139958095427
1999	06	24	0.0017111403736000002	0.019267038118627025	5.991114675842239
1999	06	25	0.0018071062268	0.009633519059313513	4.89873686627818
1999	06	26	0.0088110579495	0.006422346039542342	4.77440585331274
1999	06	27	0.20604979755999997	0.006422346039542342	4.1881293848285
1999	06	28	0.05209795488	0.003211173019771171	6.394418420373431
1999	06	29	0.003262311113	0.003211173019771171	5.998298044733315
1999	06	30	0.0009467126210000001	0.0	7.488312054391497
1999	07	01	0.0834412882	0.0	7.848168660721091
1999	07	02	0.0035101051368	0.0	6.435819871522895
1999	07	03	0.0043731353538	0.0	6.058167510317152
1999	07	04	6.012822946199999	0.0	3.0400981089498957
1999	07	05	0.54247299285	0.0	4.645969278886592
1999	07	06	0.0018999990117	0.0	5.941727742008703
1999	07	07	0.0	0.0	6.784574247708779
1999	07	08	0.000949999561	0.0	7.42543190800826
1999	07	09	0.001893424139	0.0	7.742596835101031
1999	07	10	0.006518044485499999	0.0	7.138169764789305
1999	07	11	0.93243146232	0.0	5.882958340084546
1999	07	12	0.9557933221899999	0.0	5.048658449369137
1999	07	13	0.025275348682	0.0	5.510184856811692
1999	07	14	0.0009598611531	0.0	6.706348143074427
1999	07	15	0.00047993057655	0.0	7.069081017042474
1999	07	16	0.0	0.0	6.957873703599898
1999	07	17	0.0014315164170000002	0.0	6.390324725886208
1999	07	18	0.0052735120478	0.0	5.49426333640383
1999	07	19	0.00048650506319999995	0.0	6.0691250869118205
1999	07	20	0.0009519095158	0.0	6.502978427642476
1999	07	21	0.0009467126210000001	0.0	7.231838581029754
1999	07	22	0.0030854530046	0.0	7.1029380043608965
1999	07	23	0.0009401379689	0.0	7.012898039837365
1999	07	24	0.0	0.0	6.0549651044209565
1999	07	25	0.0014879355287999998	0.0	5.728319169115957
1999	07	26	0.25467545329	0.0	5.311814684330693
1999	07	27	6.015375949999999	0.0	4.456312949537908
1999	07	28	0.00093563437578	0.0	5.7584722589411665
1999	07	29	0.07340888551999998	0.0	5.556991341708796
1999	07	30	0.038536071324	0.0	5.582352017648081
1999	07	31	0.027601564651999998	0.0	5.583417818494248
1999	08	01	0.001416518926	0.0	5.874986851000791
1999	08	02	0.0009472891591	0.0	5.493917284344303
1999	08	03	6.2743454595	0.0	4.834766065831846
1999	08	04	2.3182132637999997	0.0	4.006110781342966
1999	08	05	0.8491616464999999	0.0	4.953501586240198
1999	08	06	3.7455688339	0.0	3.4740396213263285
1999	08	07	12.175071728999999	0.0	3.2514915939316986
1999	08	08	2.9395661435	0.0	2.91393929138628
1999	08	09	1.4308343218000001	0.0	3.217583026695737
1999	08	10	0.0054390178596000005	0.0	4.488733000919764
1999	08	11	0.0009387341808000001	0.0	5.208644198631828
1999	08	12	4.1665880149999996e-05	0.0	5.086707458196437
1999	08	13	0.0018802757172000002	0.0	5.455213938763037
1999	08	14	0.0033003449796	0.0	5.718976389239718
1999	08	15	0.0	0.0	6.002271190016312
1999	08	16	0.0028024168072000003	0.0	4.2734856214530375
1999	08	17	0.022009145081999998	0.0	4.514708648987927
1999	08	18	0.00047006901754	0.0	4.787439999527219
1999	08	19	0.0014200682697	0.0	5.136046963450267
1999	08	20	0.0014200500702	0.0	5.201643465954549
1999	08	21	0.0	0.0	5.425334611184788
1999	08	22	0.0022251699194	0.0	5.38334643295327
1999	08	23	0.00047006901754	0.0	5.735058253654439
1999	08	24	2.1094459168999997e-05	0.0	5.899746868234275
1999	08	25	0.0009467126210000001	0.0	4.599186166227294
1999	08	26	0.008001768098500001	0.0	4.353252933017022
1999	08	27	0.0033733850881	0.0	4.768179134100541
1999	08	28	0.00047006901754	0.0	4.9095930484101755
1999	08	29	0.0013110160936000003	0.0	5.1430834865102275
1999	08	30	0.52952368461	0.0	4.806515766894317
1999	08	31	1.7760477322000001	0.0	4.786610375541427
1999	09	01	8.067212949	0.0	4.174265874307799
1999	09	02	0.29886391649999994	0.0	4.007813984517829
1999	09	03	0.029401301074	0.0	4.135043123214993
1999	09	04	0.1690701563	0.0	4.66491381582841
1999	09	05	0.7148779042	0.0	3.4971071105846527
1999	09	06	1.9485760141000001	0.0	3.480520008454679
1999	09	07	0.013227921628	0.0	4.006869359919557
1999	09	08	0.00048650506319999995	0.0	4.216651299758692
1999	09	09	0.0	0.0	4.762649454142232
1999	09	10	0.001427126477	0.0	4.791364865721701
1999	09	11	0.0004799305214	0.0	4.529752261571129
1999	09	12	0.00348836986	0.0	3.9349572758622537
1999	09	13	0.00080437847878	0.0	2.999120406362235
1999	09	14	0.013614087443	0.0	3.2105903008287417
1999	09	15	0.0	0.0	3.8490594468579338
1999	09	16	0.7413963405	0.0	3.649936372719285
1999	09	17	0.67469037495	0.0	2.44449660361291
1999	09	18	23.487096696	0.0	2.0898600532116958
1999	09	19	5.5705442122	0.0	1.8160969542284586
1999	09	20	3.4567096789000002	0.0	2.189621546056649
1999	09	21	3.4735304289	0.0	2.40133634190019
1999	09	22	7.872030701600001	0.0	2.178203679386432
1999	09	23	1.6232095444999999	0.0	2.2803117272710614
1999	09	24	14.214152533	0.0	2.332171293359808
1999	09	25	4.9036794568	0.0	1.8782811466824563
1999	09	26	0.10794516118	0.0	1.9659962135349596
1999	09	27	0.11943179215	0.0	2.225460049444907
1999	09	28	0.08736790202	0.0	2.7866590279040504
1999	09	29	0.02053479366	0.0	2.8846087350990492
1999	09	30	1.7235404099	0.0	2.2951080145096046
1999	10	01	0.002281152905	0.0	2.9470768900872946
1999	10	02	0.009587360930999999	0.0	2.504966487440563
1999	10	03	0.18919838415999998	0.0	1.8850423570669441
1999	10	04	0.00047993057655	0.0	2.435654980998655
1999	10	05	0.27034641403	0.0	2.1965406928100486
1999	10	06	1.0921889455	0.0	2.427758673974754
1999	10	07	0.27560712841	0.0	2.7042900147643527
1999	10	08	0.014241302878	0.0	2.4065502601908446
1999	10	09	0.0	0.0	2.6296498731354214
1999	10	10	0.0	0.0	2.7944305946797887
1999	10	11	1.5023817404000002	0.0	2.435254097654994
1999	10	12	27.171720037000004	0.0	1.033748171046864
1999	10	13	1.6199166482999998	0.0	1.660583008115604
1999	10	14	0.0544204758	0.0	2.0488309499074684
1999	10	15	0.0080016113622	0.0	2.282479878996701
1999	10	16	4.4929356031	0.0	1.600836084592908
1999	10	17	14.897842670999998	0.0	1.6383104562621729
1999	10	18	2.361818604	0.0	1.5006821789986424
1999	10	19	19.593185723	0.0	1.0435546978079435
1999	10	20	16.952483496000003	0.003211173019771171	1.034714844094438
1999	10	21	13.512185685	0.006422346039542342	1.4492954897410306
1999	10	22	15.624015957000001	0.006422346039542342	1.004890734578318
1999	10	23	23.591314754	0.009633519059313513	1.1251741520435024
1999	10	24	4.309802638	0.009633519059313513	1.1688414553074187
1999	10	25	1.6908296213	0.009633519059313513	1.135433011755463
1999	10	26	5.294700015999999	0.009633519059313513	1.3835245899446995
1999	10	27	1.8807240867000001	0.009633519059313513	1.4958170555760022
1999	10	28	8.857777720499998	0.009633519059313513	1.6808959662780534
1999	10	29	8.184450819	0.009633519059313513	1.4277407860114368
1999	10	30	1.12678458462	0.0449564222767964	0.9514243251371789
1999	10	31	3.3585216115999996	0.24726032252238017	0.9704208931582475
1999	11	01	0.13686338355	0.20872624628512612	1.478321507110278
1999	11	02	3.1112657415	0.17340334306764324	1.192843818613336
1999	11	03	0.0028463888949	0.20551507326535495	1.4422950751371124
1999	11	04	0.00047993057655	0.1862480351467279	1.7273446264418
1999	11	05	0.052172155896	0.16055865098855854	1.6159594023420518
1999	11	06	0.02276532438	0.13808043985016036	1.521441947101699
1999	11	07	0.019150194450999997	0.1348692668303892	1.324981383942467
1999	11	08	0.0009401379689	0.1348692668303892	1.4876593195425327
1999	11	09	0.0019061584946	0.11881340173153333	1.2171793548477265
1999	11	10	0.001406919517	0.11239105569199097	1.1899260308731374
1999	11	11	0.0029606663129	0.11239105569199097	0.9426910185345972
1999	11	12	0.21299683349	0.09633519059313513	0.9925361404850994
1999	11	13	0.14605817906	0.09633519059313513	1.001559090609487
1999	11	14	0.33893568590000006	0.09312401757336396	0.9031111942476776
1999	11	15	0.39684675962000004	0.12844692079084685	1.140819551631837
1999	11	16	0.0072763217998	0.10596870965244864	0.9747348382728473
1999	11	17	0.0009772909797	0.0899128445535928	1.0525191421879223
1999	11	18	0.0010402561759	0.0899128445535928	1.1137535330920472
1999	11	19	0.9880177649999999	0.08349049851405045	1.0884206792989364
1999	11	20	0.0048858285048	0.08349049851405045	0.8280347600282648
1999	11	21	0.28468077039999995	0.08349049851405045	0.8157993319707714
1999	11	22	0.0014185633365	0.08349049851405045	0.8796807715915358
1999	11	23	0.00048650499702	0.08349049851405045	1.0362111114480588
1999	11	24	0.0009401379689	0.08349049851405045	1.0062138649003884
1999	11	25	0.0004799305214	0.0770681524745081	1.03522923219437
1999	11	26	0.00025215772343	0.0674346334151946	1.0970444367632848
1999	11	27	0.0020126007520999997	0.0674346334151946	1.0699712858292127
1999	11	28	0.029454200953999997	0.07064580643496576	1.021183855550801
1999	11	29	1.1357229216	0.08027932549427927	0.6383953338870575
1999	11	30	0.27625819622000003	0.08349049851405045	1.07136882810855
1999	12	01	0.0004799305214	0.0770681524745081	1.10214534051668
1999	12	02	0.0014200682697	0.0770681524745081	1.116572565895155
1999	12	03	0.13000428981	0.07064580643496576	1.1950235120032195
1999	12	04	0.9674044598	0.0674346334151946	0.973187821396432
1999	12	05	0.07728724309	0.0674346334151946	0.8259709941976475
1999	12	06	0.0036401650509	0.0674346334151946	0.9295624268271793
1999	12	07	0.0014246635883	0.0674346334151946	0.983485134332124
1999	12	08	0.042815539256	0.0674346334151946	0.9223273841246241
1999	12	09	7.290426632899999	0.0674346334151946	0.6629270584922314
1999	12	10	0.6000557145	0.06101228737565225	0.754841287987576
1999	12	11	0.23477732226	0.0674346334151946	0.5774855946965842
1999	12	12	2.8267565979	0.0674346334151946	1.0616638374081675
1999	12	13	4.493480816	0.0674346334151946	1.014718436097688
1999	12	14	8.722681729	0.0770681524745081	0.4635225574234265
1999	12	15	0.3084256029	0.0899128445535928	0.8013988609558037
1999	12	16	0.0004799305214	0.13165809381061802	0.6654669317889563
1999	12	17	0.009409149221	0.1348692668303892	0.7001118779637588
1999	12	18	0.0011473123632	0.10596870965244864	0.7548998180403059
1999	12	19	0.7272418172499999	0.09954636361290631	0.8881077341036995
1999	12	20	0.4091431801	0.09633519059313513	0.742719082468259
1999	12	21	0.0072088569151	0.09633519059313513	1.029176262671642
1999	12	22	0.03338230603	0.09633519059313513	0.8955338469096185
1999	12	23	0.14869448142000002	0.09633519059313513	0.5683548934923076
1999	12	24	0.5608384722900001	0.09633519059313513	0.686792990910994
1999	12	25	0.823489873	0.09633519059313513	0.5782004093042821
1999	12	26	2.1088137876	0.0899128445535928	0.5974307618831945
1999	12	27	3.6161965300000003	0.10275753663267748	0.7435720070914772
1999	12	28	3.7683483208	0.11239105569199097	0.7162653771370054
1999	12	29	11.227560536	0.17340334306764324	0.8245007855984137
1999	12	30	0.00047993057655	0.4270860116295657	0.7567350577627491
1999	12	31	0.0004799305214	0.3339619940562018	0.8423383622775544
2000	01	01	2.743213944e-06	0.28258322573986305	0.9190287819596689
2000	01	02	0.0021211170908	0.23762680346306667	0.7995987792032421
2000	01	03	0.00053636483254	0.22157093836421077	0.8883533887473578
2000	01	04	0.0019272374864	0.20230390024558378	0.8624309169525666
2000	01	05	0.032351048459	0.1862480351467279	0.8288289356426459
2000	01	06	0.12635432493499998	0.1862480351467279	0.8000119635678179
2000	01	07	0.0015326205957	0.17340334306764324	0.8580356751556498
2000	01	08	0.019251432202999998	0.16376982400832973	0.9008265199997131
2000	01	09	0.5984377238000002	0.15734747796878737	0.7774658866733334
2000	01	10	0.00025171291661999997	0.12844692079084685	0.6926872074620696
2000	01	11	0.019378353310000002	0.1445027858897027	0.737671313689084
2000	01	12	0.00047993057655	0.1541363049490162	0.889736830308909
2000	01	13	3.6938061469	0.16055865098855854	0.6839747904234258
2000	01	14	10.168626489	0.17019217004787207	0.4567814297776527
2000	01	15	1.0015858783	0.21835976534443965	0.6973170393109798
2000	01	16	0.0009401379689	0.23762680346306667	0.9053728030881104
2000	01	17	0.0009401379689	0.2312044574235243	0.959983676422165
2000	01	18	0.00094013803508	0.2119374193048973	0.8926893846893387
2000	01	19	0.0009401379689	0.2119374193048973	0.959201167218885
2000	01	20	0.0	0.2119374193048973	0.9100315354777223
2000	01	21	0.0018868493766	0.19909272722581262	0.9334540755957298
2000	01	22	0.0019065718990000002	0.1862480351467279	1.0225613857416795
2000	01	23	0.0018919564872	0.1862480351467279	0.8746856743081777
2000	01	24	0.0014267554278	0.1862480351467279	0.865666513444546
2000	01	25	0.0014200687109	0.1862480351467279	0.854868472671602
2000	01	26	0.18369264936000002	0.1862480351467279	0.8539167681286574
2000	01	27	0.7642153148	0.1862480351467279	0.9378414769027109
2000	01	28	0.0014236608509999998	0.1798256891071856	1.1669644187459047
2000	01	29	0.0036569107968999997	0.17340334306764324	1.0094309640753703
2000	01	30	0.0014299204863	0.16376982400832973	1.451161304445051
2000	01	31	0.00099935555715	0.16055865098855854	1.4793131754252797
2000	02	01	6.4716004645	0.1862480351467279	0.8308122731622523
2000	02	02	0.15228369857	0.2922167447991766	1.0629957312682692
2000	02	03	0.004817726417	0.33717316707597295	1.382695070505834
2000	02	04	0.0004799305214	0.2761608797003207	1.6179791491328963
2000	02	05	0.005216280025	0.244049149502609	1.4604921625112675
2000	02	06	0.016206889689	0.22478211138398194	1.4636555313650008
2000	02	07	0.12264847105000001	0.21835976534443965	1.3195886031807715
2000	02	08	0.07636113120000002	0.2344156304432955	1.1545888846704844
2000	02	09	0.36071193915	0.2119374193048973	1.3795649182613572
2000	02	10	1.2600579347999998	0.2312044574235243	1.3776258698997048
2000	02	11	0.06751846843999999	0.2344156304432955	1.2553527216343692
2000	02	12	0.035779919189999995	0.2119374193048973	1.461888190560388
2000	02	13	0.0009434251625900001	0.19588155420604142	1.692267549231177
2000	02	14	0.00022517117393	0.2119374193048973	1.7032576209629062
2000	02	15	0.0077216169079000006	0.2119374193048973	1.7626521877659171
2000	02	16	0.067522674179	0.19909272722581262	1.1723705852874031
2000	02	17	0.07325486259999998	0.1862480351467279	1.3863101841306422
2000	02	18	0.007294236725800001	0.1862480351467279	1.7532854067077597
2000	02	19	0.003957986449	0.15734747796878737	1.912518385487224
2000	02	20	0.0	0.15092513192924503	2.0469790049483993
2000	02	21	0.00047006901754	0.1445027858897027	1.9861433002646578
2000	02	22	0.14593147745	0.13808043985016036	1.564052336643682
2000	02	23	0.029643547449	0.13165809381061802	1.7586529476434012
2000	02	24	0.0	0.12844692079084685	2.2265365027512924
2000	02	25	0.0014167807782	0.12523574777107566	2.236631958573254
2000	02	26	0.00047006901754	0.11881340173153333	2.229781927352689
2000	02	27	0.0015351744819000002	0.11560222871176215	2.261103924669924
2000	02	28	0.025638471724000002	0.11239105569199097	1.682578550999373
2000	02	29	0.08111231473	0.11239105569199097	1.7620633725795734
2000	03	01	0.007686513602000001	0.1220245747513045	1.7584166356705173
2000	03	02	0.0004799305214	0.13165809381061802	2.303988123152558
2000	03	03	0.0014134932867000002	0.11560222871176215	2.425646980161867
2000	03	04	0.001893424139	0.11239105569199097	2.2730388280951908
2000	03	05	0.00047993063170000003	0.11239105569199097	2.5981666593049857
2000	03	06	0.0012100480251	0.11239105569199097	2.6915689999147454
2000	03	07	0.32039372646000003	0.11560222871176215	2.6138842857289895
2000	03	08	0.0004799305214	0.12523574777107566	2.8716823836462613
2000	03	09	0.0	0.11239105569199097	3.0716088635436467
2000	03	10	0.0014134932867000002	0.10275753663267748	3.0897380552416083
2000	03	11	0.0028375752631	0.10596870965244864	3.184333416759648
2000	03	12	0.090009956525	0.09633519059313513	2.1631396361882764
2000	03	13	0.1607418445	0.09633519059313513	2.7416576798495607
2000	03	14	0.0004799305214	0.09633519059313513	2.8577137476489876
2000	03	15	0.0018868504796000002	0.08670167153382162	2.8771440153183043
2000	03	16	0.0	0.057801114355881075	2.8218678550794403
2000	03	17	0.0014244199356000002	0.08027932549427927	2.948457069027295
2000	03	18	0.0	0.0770681524745081	2.8379637718536346
2000	03	19	0.0	0.07385697945473693	2.574668739011532
2000	03	20	3.4042522122	0.0770681524745081	2.7092555236936438
2000	03	21	3.9306487043000002	0.07385697945473693	2.14968180506917
2000	03	22	5.113691098	0.0899128445535928	1.7973499090460945
2000	03	23	2.8099169865999998	0.10917988267221983	1.710322946513896
2000	03	24	0.6737120691	0.14129161286993153	2.305245331541341
2000	03	25	0.8953978181799999	0.12844692079084685	1.8412843707726478
2000	03	26	0.00047993057655	0.12523574777107566	2.5502469569562805
2000	03	27	0.08610979815999999	0.10596870965244864	2.436690054789555
2000	03	28	0.31831331404	0.09633519059313513	1.956875090396424
2000	03	29	0.0041689623328	0.10596870965244864	2.4478176345550215
2000	03	30	6.189411260800001	0.09633519059313513	2.3212846191161236
2000	03	31	0.6939890696000001	0.10275753663267748	2.3866688584017015
2000	04	01	4.366033578	0.0770681524745081	2.8161159310618156
2000	04	02	23.068383557000004	0.13808043985016036	1.9084922339370316
2000	04	03	11.795502957	0.36607372425391344	1.4284457030468145
2000	04	04	2.9871348936000004	0.47525360692613333	1.9628894069957297
2000	04	05	0.22498165647	0.3564402051946	2.1823036739908592
2000	04	06	0.00047993063170000003	0.31469495593757474	3.0327237847177755
2000	04	07	1.6026241452	0.2729497066805495	3.534159694097217
2000	04	08	7.047437608	0.2536826685619225	2.2354463045372586
2000	04	09	1.9798599619	0.21835976534443965	2.4314375075406542
2000	04	10	4.0316718125	0.27937205272009186	2.0936613377496758
2000	04	11	0.127179126275	0.2729497066805495	2.2989719085455453
2000	04	12	5.4748552120000005	0.24083797648283783	1.7688406786850832
2000	04	13	7.8901608229	0.23762680346306667	2.0955351509773283
2000	04	14	7.741936484199999	0.26010501460146485	2.0212547745720775
2000	04	15	10.613688092	0.5362658943017855	2.128459358496702
2000	04	16	3.5328314591000005	0.49452064504476034	1.9294098265179986
2000	04	17	3.163674235	0.5651664514797261	2.1665104058172906
2000	04	18	17.250496448	0.7803150438043945	2.208898899761696
2000	04	19	1.8189417477	2.3762680346306664	2.524298503436607
2000	04	20	2.445036645	1.5574189145890178	2.1318869537206404
2000	04	21	0.9675853517999999	1.3743820524620611	2.5380086000675997
2000	04	22	11.400433726000001	1.297313899987553	2.2731721336984063
2000	04	23	0.5708092282999999	1.4032826096400017	2.3869884412027584
2000	04	24	0.6797825399	1.1560222871176216	2.7821188840622617
2000	04	25	8.8785273565	1.0853764806826558	2.2454603267666347
2000	04	26	2.532764853	1.6216423749844413	2.4759970307163464
2000	04	27	3.3562289158	1.5188848383517641	2.4556693029318
2000	04	28	3.457493581	1.223456920532816	2.724412233215796
2000	04	29	8.6585516545	1.0307865393465458	1.9900551988037882
2000	04	30	2.6811850845	1.0821653076628845	2.585375185707599
2000	05	01	6.836420472	1.0243641933070036	2.403009258394979
2000	05	02	0.15478128765	1.351903841323663	3.3862090949581125
2000	05	03	2.2736815139	0.9794077710302072	3.96699267025169
2000	05	04	7.3711767113999995	1.7565116418148305	3.1696164855956077
2000	05	05	5.2846480461	5.651664514797262	2.76584130909831
2000	05	06	3.4342063832000003	6.486569499937765	2.9251800802168857
2000	05	07	7.771787635	4.913094720249892	2.7734167324888315
2000	05	08	5.731453823	3.1822724625932306	3.026785126418727
2000	05	09	5.306505425000001	3.040980849723299	3.1566826534681294
2000	05	10	10.321293822	3.0441920227430703	3.153862444723719
2000	05	11	4.441228176399999	4.463530497481928	3.1251941404215073
2000	05	12	0.29743458292	2.4533361871051746	4.034327682394319
2000	05	13	0.0009483928209000002	1.7340334306764327	4.927294499952394
2000	05	14	0.13204374784	1.4257608207784	5.2199491461881875
2000	05	15	0.48161929161	1.1785004982560197	5.265762522674247
2000	05	16	7.987980047	1.0018859821686052	4.481683407294467
2000	05	17	0.3704174016	0.9344513487534107	4.059222207582868
2000	05	18	0.0057063095041	0.844538504199818	4.984844079101172
2000	05	19	0.005800281795100001	0.7353586215275981	4.985262386016344
2000	05	20	2.671321507	0.6679239881124036	4.722889720296515
2000	05	21	0.79197311499	0.6101228737565225	3.753217938435104
2000	05	22	4.535551442	0.6293899118751495	3.630057758648586
2000	05	23	0.65338572038	0.6871910262310306	4.530648757683588
2000	05	24	0.12998884339800001	0.5876446626181243	4.200464994967427
2000	05	25	0.45606054252	0.5234212022227008	3.21297146312648
2000	05	26	1.3441871641	0.5137876831633874	2.867310200369802
2000	05	27	0.018843519640000004	0.49452064504476034	4.214840082462736
2000	05	28	0.38795618253999997	0.4495642227679639	3.6281975582799504
2000	05	29	0.17876338647999998	0.4078189735109387	3.9314702526067227
2000	05	30	0.021090958246999997	0.3596513782143712	5.520660728917679
2000	05	31	7.567541816e-06	0.34038434009574414	6.164361989774985
2000	06	01	2.5850908421	0.34038434009574414	5.686867791372691
2000	06	02	0.22963040439	0.41745249257025224	5.181762339783854
2000	06	03	0.017751000346	0.3885519353923117	5.631421420989811
2000	06	04	0.99478825475	0.3114837829178036	4.522988831616994
2000	06	05	0.026324670084	0.2665273606410072	4.152967422396798
2000	06	06	0.0018868503693000001	0.23762680346306667	4.9428243209245
2000	06	07	0.0	0.22157093836421077	5.833540561203093
2000	06	08	0.09334150735999999	0.2119374193048973	5.844672863780843
2000	06	09	2.6144689162	0.2119374193048973	2.776300904780009
2000	06	10	0.0	0.19588155420604142	3.9233692049056312
2000	06	11	0.025733259132	0.19588155420604142	4.4820548377800575
2000	06	12	0.0018982354249999999	0.19588155420604142	5.960949795529081
2000	06	13	0.0018934243596	0.1862480351467279	6.280911235898786
2000	06	14	0.0	0.1669809970281009	6.586407387234217
2000	06	15	0.00048650499702	0.1348692668303892	6.540925749082515
2000	06	16	0.0009467126210000001	0.11881340173153333	6.940987762425133
2000	06	17	0.0	0.11239105569199097	6.900379063305515
2000	06	18	0.0009426032842	0.09312401757336396	5.540366636463841
2000	06	19	0.011554998218999999	0.0899128445535928	5.527792588908967
2000	06	20	0.019468782765	0.08349049851405045	4.411047682757204
2000	06	21	0.2896928024	0.08349049851405045	4.71865641246401
2000	06	22	0.0028157264875999996	0.04816759529656756	6.0672765315662796
2000	06	23	0.0	0.03853407623725405	6.726607064881138
2000	06	24	0.0018967115202	0.05137876831633874	6.62907090217362
2000	06	25	0.0014160996757	0.041745249257025226	7.099927591813477
2000	06	26	0.30804829969	0.0449564222767964	5.337233484759
2000	06	27	0.16446723803000002	0.04816759529656756	4.73468109662473
2000	06	28	0.03615844673	0.0449564222767964	5.466675668657061
2000	06	29	0.0016088243288	0.0449564222767964	5.855685928690947
2000	06	30	0.007321622451	0.0449564222767964	6.052491627887809
2000	07	01	0.007879215423	0.0449564222767964	4.931433554330046
2000	07	02	0.1171085984	0.041745249257025226	4.3155156216104595
2000	07	03	1.2845166288999998	0.03853407623725405	3.471594960696444
2000	07	04	0.006689406014	0.03853407623725405	4.786943754903213
2000	07	05	0.0014207926098	0.03532290321748288	5.733569353483111
2000	07	06	5.5560674475e-05	0.03532290321748288	5.510107588389509
2000	07	07	0.0014332166915	0.03853407623725405	5.346134024892195
2000	07	08	0.00047993057655	0.03532290321748288	5.567829809230658
2000	07	09	0.0	0.028900557177940538	6.164576999856157
2000	07	10	3.7737151879	0.03211173019771171	3.7035174133174733
2000	07	11	0.00047993057655	0.028900557177940538	4.795662668913925
2000	07	12	0.003310710753	0.02568938415816937	5.782406909221751
2000	07	13	0.0009467126210000001	0.0224782111383982	6.711936306176044
2000	07	14	0.0033069188596000004	0.0224782111383982	6.507094339840686
2000	07	15	0.00094013803508	0.016055865098855857	6.242387091014077
2000	07	16	0.0014200682697	0.019267038118627025	6.587427768184539
2000	07	17	0.22924992454	0.016055865098855857	5.81731056911284
2000	07	18	0.0009532868318999999	0.016055865098855857	5.695385431881768
2000	07	19	0.0013667501321000001	0.012844692079084685	6.214767020986507
2000	07	20	0.0018649349725999998	0.009633519059313513	6.642844913747126
2000	07	21	0.039216046558000005	0.009633519059313513	6.882585113293385
2000	07	22	0.0054073367215	0.006422346039542342	4.811863107966383
2000	07	23	1.8729993365	0.006422346039542342	4.035025650710105
2000	07	24	3.7793037579999997	0.006422346039542342	3.0918065923636466
2000	07	25	1.6332200416	0.006422346039542342	3.5370874671940538
2000	07	26	0.014745275711	0.009633519059313513	4.611833756537773
2000	07	27	0.0011347802978	0.009633519059313513	5.194970179991946
2000	07	28	0.0	0.012844692079084685	5.527640771096603
2000	07	29	0.0	0.009633519059313513	6.505842237593967
2000	07	30	0.0009427700577999999	0.006422346039542342	6.907847985684497
2000	07	31	0.0014377009380000002	0.006422346039542342	6.5573811193996425
2000	08	01	0.21595407576	0.003211173019771171	6.56263488739585
2000	08	02	0.0014233555406	0.0	5.94170362126457
2000	08	03	0.0	0.0	4.6095240285052475
2000	08	04	0.0	0.0	4.784086797329437
2000	08	05	0.0009532868318999999	0.0	4.937314598152009
2000	08	06	0.0009532868318999999	0.0	5.279268884311476
2000	08	07	0.001427459583	0.0	5.995499513587413
2000	08	08	0.0018868504796000002	0.0	6.305143432905199
2000	08	09	0.0037999969203999996	0.0	6.109319292395761
2000	08	10	0.0018902712135	0.0	5.67217751100808
2000	08	11	0.07762393383999999	0.0	4.298624223958566
2000	08	12	0.0079784110808	0.0	5.141887084070297
2000	08	13	0.0019586938331	0.0	5.429088573823768
2000	08	14	0.0028244736084999996	0.0	5.686409177483854
2000	08	15	0.02029269619	0.0	6.641562834990949
2000	08	16	0.00047993057655	0.0	5.723606561101519
2000	08	17	0.0019065730020000002	0.0	5.60933861059047
2000	08	18	0.00049074363851	0.0	5.12024093184993
2000	08	19	0.001413493397	0.0	5.294523914401206
2000	08	20	0.06201835894	0.0	3.684249004383858
2000	08	21	0.0016968063371000002	0.0	3.996011197232732
2000	08	22	2.7678185650000002	0.0	3.9723763130117384
2000	08	23	5.9344738781	0.0	3.4040813737878612
2000	08	24	0.00021288934614	0.0	4.397704009416677
2000	08	25	0.10042750584799999	0.0	4.08194823552289
2000	08	26	0.088281234552	0.0	3.9346519114050875
2000	08	27	0.0004799305214	0.0	4.760311820649763
2000	08	28	0.0014028878313999999	0.0	5.157269013856183
2000	08	29	0.0	0.0	4.828955845153353
2000	08	30	0.011770788036	0.0	4.2851164343558485
2000	08	31	0.0023536316967999998	0.0	4.895071163158198
2000	09	01	0.0009401379689	0.0	4.662600469784784
2000	09	02	0.0	0.0	4.8051657973917
2000	09	03	0.00047993057655	0.0	4.600914396289971
2000	09	04	0.00094013803508	0.0	4.107655539191167
2000	09	05	0.00047993057655	0.0	4.62518818778064
2000	09	06	0.0009434251625900001	0.0	4.653385490501815
2000	09	07	0.0	0.0	5.353655324006026
2000	09	08	0.0	0.0	5.464615737269682
2000	09	09	0.00047649184169	0.0	5.3016440535467195
2000	09	10	0.0009336183565000001	0.0	4.949420630595539
2000	09	11	4.4734255185	0.0	3.9797202908048535
2000	09	12	0.0014293285062	0.0	4.216516452412523
2000	09	13	0.00049345663246	0.0	4.406355592165249
2000	09	14	0.0014167015828	0.0	4.5851937393647955
2000	09	15	0.00047198255708999997	0.0	4.553729414691364
2000	09	16	0.0	0.0	3.7428093497903347
2000	09	17	0.5201133629	0.0	3.232144999625742
2000	09	18	0.010076627465	0.0	3.159732094382415
2000	09	19	8.0785281848	0.0	2.228435102643205
2000	09	20	0.12748387966000002	0.0	2.3276874268942147
2000	09	21	0.0	0.0	3.426087798953561
2000	09	22	0.0018868504796000002	0.0	3.7577235288549176
2000	09	23	0.024936290894	0.0	3.591514362696438
2000	09	24	0.009184229873	0.0	2.75562566910511
2000	09	25	0.0014015637902	0.0	3.7565229933468856
2000	09	26	0.18672396911000003	0.0	3.323955531557269
2000	09	27	0.0028681128108	0.0	3.002487346911248
2000	09	28	9.542056309000001	0.0	1.66861309505485
2000	09	29	3.7462104489999994	0.0	1.6707408877383805
2000	09	30	0.0053957863261	0.0	2.031388690635542
2000	10	01	0.08163274321999998	0.003211173019771171	2.0299981732708265
2000	10	02	0.13172064605	0.003211173019771171	2.692890496559231
2000	10	03	0.00095269217151	0.003211173019771171	3.167720646645211
2000	10	04	0.0	0.003211173019771171	3.093053020291618
2000	10	05	0.00047006901754	0.003211173019771171	3.127075868443639
2000	10	06	0.0004799305214	0.003211173019771171	2.607890789202649
2000	10	07	0.0009532868318999999	0.003211173019771171	2.7931129551427687
2000	10	08	0.0014332166915	0.003211173019771171	3.134461414590393
2000	10	09	0.0059228405371	0.003211173019771171	2.529729906261887
2000	10	10	0.3224537775	0.003211173019771171	1.7326788479820916
2000	10	11	10.459464426	0.003211173019771171	1.570899290873499
2000	10	12	1.0841502373799998	0.003211173019771171	1.530949075685221
2000	10	13	0.013312924323	0.003211173019771171	1.7008269217023877
2000	10	14	1.5429628752	0.003211173019771171	1.8490433292942619
2000	10	15	2.2894913644000003	0.003211173019771171	1.9334641830584718
2000	10	16	0.006588024872	0.003211173019771171	1.8304453317614209
2000	10	17	0.0	0.003211173019771171	2.317989938867139
2000	10	18	0.30162832128000006	0.003211173019771171	2.4003703557927416
2000	10	19	2.791033406	0.003211173019771171	1.8871346282120922
2000	10	20	24.395408372	0.009633519059313513	1.5429950181965484
2000	10	21	0.06745598349	0.2665273606410072	1.282742531910946
2000	10	22	0.0012435376419999999	0.3339619940562018	2.095863311579334
2000	10	23	0.010452971065	0.31790612895734593	2.1406381289552905
2000	10	24	0.049571026000000004	0.2986390908387189	1.828159712696125
2000	10	25	0.136133899058	0.2954279178189477	1.9856152585238056
2000	10	26	0.06421051629	0.31469495593757474	1.5056693094417497
2000	10	27	0.0018096646352999998	0.3114837829178036	2.064939998243011
2000	10	28	0.07676148710999998	0.2922167447991766	1.5628267895135963
2000	10	29	0.064666943205	0.2890055717794054	1.3605232193375247
2000	10	30	9.041534763	0.2986390908387189	1.5162006691576344
2000	10	31	0.09439164056999999	0.31469495593757474	1.1690126958059746
2000	11	01	0.43603126479000004	0.30185026385849006	1.0794409345568257
2000	11	02	19.329835649	0.3628625512341423	1.208968360330143
2000	11	03	1.3744827136	0.3885519353923117	1.0701999358909444
2000	11	04	1.6272043899000002	0.41424131955048105	1.1512583027688061
2000	11	05	17.477620693000002	0.40139662747139637	1.189044641096029
2000	11	06	6.5250630951	0.39818545445162523	1.1408439207251964
2000	11	07	2.0292444705999997	0.40460780049116757	0.8876794260208174
2000	11	08	0.6102765537	0.4270860116295657	0.9338187562396285
2000	11	09	0.13164799695499999	0.41745249257025224	1.1198350848493832
2000	11	10	0.00095928457088	0.03853407623725405	1.1769458185004311
2000	11	11	0.0006061438333	0.39818545445162523	1.3982353554775795
2000	11	12	9.663175636	0.39818545445162523	1.027288074574944
2000	11	13	0.757972776	0.40460780049116757	0.931482254326933
2000	11	14	1.3087570393	0.4206636655900234	0.9260723467312391
2000	11	15	0.001413493397	0.40139662747139637	1.0588856478262045
2000	11	16	4.116182018	0.39818545445162523	1.1090303089540827
2000	11	17	0.012985331117	0.39818545445162523	0.9066899871501287
2000	11	18	0.00048289446991000006	0.40460780049116757	0.9637085293686983
2000	11	19	1.1985890684	0.4110301465307099	1.1154261383788169
2000	11	20	0.85515682652	0.41745249257025224	0.7550739717932226
2000	11	21	2.5048766010000003	0.4238748386097946	0.7697879447960599
2000	11	22	27.704579337	0.4110301465307099	0.6669639010992698
2000	11	23	8.761288935	0.4495642227679639	0.9615733911213961
2000	11	24	8.5538231281	0.45598656880750627	1.0877638077817957
2000	11	25	1.4957657258000001	0.7289362754880558	0.8055413271584226
2000	11	26	1.6674903619	0.8284826391009621	0.84258119276699
2000	11	27	0.18414007027999998	0.844538504199818	0.7049548132205665
2000	11	28	13.490704760000002	0.7803150438043945	1.0650982217823324
2000	11	29	5.270882606100001	1.9042256007243044	0.8398798050113483
2000	11	30	14.112185698	1.8303686212695676	0.8205420390647926
2000	12	01	18.302695577	4.6883126088659095	0.7156490219597713
2000	12	02	5.335565393899999	3.6928489727368468	0.7591809773452772
2000	12	03	1.9205229739	2.768031143042749	0.7788856121613438
2000	12	04	2.3677933344	2.3794792076504376	0.5096782784339643
2000	12	05	25.67072565	4.8488712598544685	0.6494298312759663
2000	12	06	25.474501950000004	8.99128445535928	0.6838152049618981
2000	12	07	33.63824615	27.680311430427494	0.9406163129832954
2000	12	08	3.2894187719	7.546256596462252	0.6564760765281068
2000	12	09	0.6669029192	4.8488712598544685	0.7105011688825725
2000	12	10	0.91499592218	4.046078004911675	0.47224810594119865
2000	12	11	0.0007620181388000001	3.4359551311551524	0.8937290736588372
2000	12	12	0.27098009856	2.703807682647326	0.8229717931891466
2000	12	13	2.7908573672	2.4886590903226575	0.36351651447746364
2000	12	14	5.451415910500001	2.572149588836708	0.6747605482110858
2000	12	15	0.015625011966	2.475814398243573	0.6441691203147601
2000	12	16	0.0019264682542	2.0936848088908033	0.7651708083019194
2000	12	17	0.5435334391100001	1.8881697356254485	0.7971934852221618
2000	12	18	0.44862440330000003	1.7468781227555172	0.5809309560804619
2000	12	19	0.09117704634	1.6569652782019242	0.8015983147450996
2000	12	20	6.473424275	1.5702636066681026	0.460568346111303
2000	12	21	21.272207619000003	1.9973496182976684	0.3671142435827432
2000	12	22	23.111947644999997	2.8643663336358847	0.42256486919359487
2000	12	23	4.4717342885999996	3.0313473306639853	0.4905820705651949
2000	12	24	2.5517750579999996	6.4544577697400545	0.45376352135571957
2000	12	25	6.268725123	4.206636655900234	0.6053215431777917
2000	12	26	5.5564157749	4.977318180645315	0.6355986948361144
2000	12	27	3.3214812171000005	4.335083576691081	0.586837686867154
2000	12	28	15.7769209865	5.908558356378954	0.8434242361400734
2000	12	29	1.7255665106	6.807686801914882	0.6219207577402849
2000	12	30	8.340320161000001	6.904021992508017	0.8149281877296853
2000	12	31	2.8749509696	4.238748386097946	0.8668180685838467
2001	01	01	24.681089784	7.064580643496576	0.6518232530538486
2001	01	02	4.0767518637	6.390234309344629	0.5089675328588327
2001	01	03	12.404178065	5.491105863808703	0.6468638243973777
2001	01	04	0.89228910092	7.2251392944851345	0.7300908658976492
2001	01	05	41.112342909	12.234569205328162	0.9268193280518828
2001	01	06	2.0375177427	11.399664220187658	0.7147335902313763
2001	01	07	0.04654250235500001	5.330547212820145	0.6674895820171015
2001	01	08	1.8676641255	4.1745249257025225	0.767348784247517
2001	01	09	4.6674861252	4.046078004911675	0.8739490639717674
2001	01	10	12.305074617999999	5.747999705390395	0.690032928021695
2001	01	11	5.470308646	6.711351611321747	0.6393104906885804
2001	01	12	1.3576500512	4.624089148470486	0.772166385082682
2001	01	13	0.00065325167279	3.596513782143711	0.8798209401204082
2001	01	14	0.016457999772	3.166216597494375	0.8995657576646139
2001	01	15	1.2115069632	2.8161987383393168	0.7002149237255628
2001	01	16	5.922350033	2.8707886796754267	0.6740968247006183
2001	01	17	1.2370797975999999	2.9607015242290196	0.7124762334239626
2001	01	18	6.2154615839	2.9221674479917654	0.5983146739793915
2001	01	19	0.5733881967200001	3.339619940562018	0.862212411834234
2001	01	20	0.014900125880999999	2.668484779429843	0.8511172935283389
2001	01	21	0.005241921466	2.6652736064100724	1.0486191315514657
2001	01	22	2.5545646553	2.6781182984891565	0.9312449843909918
2001	01	23	1.9126918945	2.832254603438173	0.8318312955885576
2001	01	24	21.679092186000002	4.367195306888792	0.9937204517698962
2001	01	25	5.8372353834999995	6.550792960333188	0.6270991146996451
2001	01	26	25.079525371000003	10.243641933070036	0.9648769059398097
2001	01	27	5.4846185268	10.564759235047152	0.7640597297123414
2001	01	28	5.253868058999999	6.839798532112594	0.7796253804902522
2001	01	29	0.0009401379689	4.945206450447603	0.869104228876924
2001	01	30	0.0010816868082100001	4.206636655900234	1.2425129112191724
2001	01	31	0.051462562906	3.8212958935276937	1.2341136227032128
2001	02	01	0.014132609949	3.532290321748288	1.2150895245762325
2001	02	02	8.333176029999999e-05	3.169427770514145	1.4204861110250666
2001	02	03	0.06207269272	2.825832257398631	1.280553269266199
2001	02	04	3.0292322121999997	2.54967137769831	0.7712393816536142
2001	02	05	1.1381189685	2.3602121695318106	1.1952452417543415
2001	02	06	36.23289923000001	6.679239881124036	0.6784108352742063
2001	02	07	19.380001191999998	12.555686507305278	0.8397097744731842
2001	02	08	4.6449872415	12.074010554339603	0.915232141522589
2001	02	09	1.9821698645	6.743463341519459	0.9761132760718902
2001	02	10	0.07943407816999999	5.394770673215567	1.372384152556502
2001	02	11	0.0011473123632	4.624089148470486	1.8756322159281853
2001	02	12	0.00048650499702	4.0139662747139635	1.936150739960799
2001	02	13	0.006205119525	3.6928489727368468	1.5145838825925095
2001	02	14	0.5887858119999999	3.3717316707597296	1.2519681738364639
2001	02	15	0.0019234390853	2.9703350432883333	1.3469091992769042
2001	02	16	0.0037884873360000005	2.5400378586389962	1.6555738739485288
2001	02	17	0.0018868493766	2.2799328440375315	1.6979910472184472
2001	02	18	0.0009421824897	1.987716099238355	1.4755581178813968
2001	02	19	0.016986576123	1.820735102210254	1.5953293005711748
2001	02	20	0.0	1.6762323163205513	1.6946101559022513
2001	02	21	0.0009378877386	1.544574222509933	1.8704507146574618
2001	02	22	0.00047993057655	1.428971993798171	2.098438404873486
2001	02	23	8.1600969099	1.3615373603829766	1.7808122424448676
2001	02	24	0.23243930419	1.2941027269677818	1.4433128250723157
2001	02	25	0.0009532868318999999	1.2908915539480106	1.4947134239573554
2001	02	26	1.4037275453	1.1913451903351044	1.5310735442170849
2001	02	27	1.5672818192000002	1.0532647504849442	1.0053049231909057
2001	02	28	1.1741591626	0.9922524631092918	1.1422721482618168
2001	03	01	15.464847542	1.0628982695442577	1.4597210127392222
2001	03	02	29.710425647999998	1.7533004687950593	1.198358561079557
2001	03	03	6.3305887531	2.636373049232132	1.1790391797171973
2001	03	04	32.346661828	6.069117007367512	1.3148249347270071
2001	03	05	7.614687345	5.202100292029297	1.791350836202247
2001	03	06	15.882633058000001	6.582904690530901	1.3844668028303113
2001	03	07	7.727833415900001	4.816759529656757	1.5666935176856904
2001	03	08	7.910570404	4.656200878668198	1.3815796186383367
2001	03	09	1.7196484744	4.335083576691081	1.3667061336545363
2001	03	10	1.6102384850999998	6.069117007367512	1.2127599442129975
2001	03	11	2.2468526934	4.49564222767964	1.8690220940406181
2001	03	12	2.6557981056	3.4680668613528653	1.838321386001737
2001	03	13	0.0075138403859	2.8996892368533675	1.9356766272292196
2001	03	14	0.0	2.5625160697773945	2.4152368668370223
2001	03	15	0.0018003166000000001	2.2221317296816503	2.7388907315298097
2001	03	16	5.405921462199999	2.0423060405744646	1.6694305667074247
2001	03	17	1.3995295273	2.199653518543252	1.7585903353093206
2001	03	18	0.4317271051	1.9812937531988126	2.00292047456159
2001	03	19	0.6974909843	1.689077008399636	2.1009786151022283
2001	03	20	3.5038297286	1.5863194717669586	1.7155047831586852
2001	03	21	1.5535314903000002	1.637698240083297	1.7791893112999073
2001	03	22	0.73441750508	1.6473317591426107	2.107849252447311
2001	03	23	0.22670854635999999	1.4386055128574848	2.5801913637018
2001	03	24	6.581724536	1.573474779687874	1.784534883132392
2001	03	25	7.326659852000001	1.859269178447508	1.3163949630550096
2001	03	26	6.972657516999999	1.7757786799334576	1.7031725015938786
2001	03	27	3.6034993455	1.7404557767159747	2.0689926834841508
2001	03	28	0.6685690668800001	1.5766859527076449	2.0564922302702744
2001	03	29	0.8523563757	1.406493782659773	2.0093193479680678
2001	03	30	0.17616986949	1.313369765086409	2.4482345455416756
2001	03	31	0.013030639048	1.2330904395921296	3.1755976564576405
2001	04	01	0.43809292620999996	1.1174882108803674	3.2912374749118993
2001	04	02	2.3368969808	0.9858301170697495	2.445697521096486
2001	04	03	0.22491022618999998	0.9440848678127243	2.579648265520539
2001	04	04	1.4174461078	0.9665630789511224	2.1256646023087935
2001	04	05	0.23144851238000003	0.976196598010436	2.6329336179643916
2001	04	06	0.5446339904499999	0.9087619645952414	2.4976637981460037
2001	04	07	0.62038593475	0.8702278883579874	2.0143945769413145
2001	04	08	0.010672059955	0.8541720232591314	2.818479408037046
2001	04	09	0.0	0.751414486626454	3.5895204504013254
2001	04	10	0.00094013803508	0.6518681230135476	3.736644889847185
2001	04	11	0.0009401379689	0.6454457769740053	3.47612666671934
2001	04	12	0.00047006901754	0.6133340467762937	3.3278394835253637
2001	04	13	0.0019025842231	0.5876446626181243	3.1903643686389818
2001	04	14	0.0009623969501	0.5651664514797261	3.304283335435785
2001	04	15	0.0004807144235	0.5234212022227008	4.139343998181482
2001	04	16	0.0009598612082499999	0.5041541641040739	3.778375318065007
2001	04	17	3.4342153175	0.48167595296567567	2.7156746807061047
2001	04	18	0.0	0.5009429910843026	3.260802054779912
2001	04	19	0.029404961931	0.5137876831633874	3.2719711234793922
2001	04	20	0.0	0.45919774182727746	2.93585564254525
2001	04	21	0.0	0.4527753957877351	3.205241962493237
2001	04	22	0.07172686567	0.44314187672842154	3.0067521262957357
2001	04	23	0.37377656604000004	0.4527753957877351	2.848632687784672
2001	04	24	6.0803090085000004	0.4656200878668198	2.4790250253849613
2001	04	25	0.07156089726	0.5234212022227008	2.5787672546842075
2001	04	26	0.00047993057655	0.5298435482622432	3.6658103436519647
2001	04	27	0.15884518085000002	0.4784647799459045	3.466961551731335
2001	04	28	0.001631327073	0.44314187672842154	4.410096481362182
2001	04	29	0.27701169964	0.4270860116295657	2.945927919446084
2001	04	30	1.3026178516	0.40460780049116757	2.475003289374986
2001	05	01	0.22383727191	0.3885519353923117	3.1304247569505645
2001	05	02	8.519041457	0.39818545445162523	1.5355233069452445
2001	05	03	1.0455121142900001	0.41424131955048105	3.2032717162815514
2001	05	04	0.22027687615000002	0.41424131955048105	3.2193549822453806
2001	05	05	0.001413493397	0.37891841633299816	3.734269829821455
2001	05	06	0.0	0.3435955131155153	3.4002571827008787
2001	05	07	11.316024445	0.32432847499688827	3.392850862749865
2001	05	08	12.697020153	0.35322903217482887	3.031560642092873
2001	05	09	1.5356519705999998	0.45598656880750627	2.912074372970543
2001	05	10	0.13708691753	0.4784647799459045	3.7359281746688335
2001	05	11	0.015060495463	0.4110301465307099	4.178070262627954
2001	05	12	4.5839284705	0.3628625512341423	3.697623860871264
2001	05	13	0.06679540561399999	0.3724960702934558	3.001722730762815
2001	05	14	9.0260810712	0.4206636655900234	2.196532409998486
2001	05	15	0.7496553839	0.48167595296567567	2.6795131053107384
2001	05	16	2.9562799025000004	0.5426882403413279	3.189678528818794
2001	05	17	4.448091263	0.4656200878668198	3.604253496328446
2001	05	18	0.29506129091	0.4399307037086505	4.50546595449618
2001	05	19	0.016834298149	0.39176310841208284	4.429122767528003
2001	05	20	0.0009401379689	0.36607372425391344	4.750328124192003
2001	05	21	0.8420243541	0.32753964801665947	4.2557679369777786
2001	05	22	0.26020257526	0.3114837829178036	4.164551647059686
2001	05	23	0.0028491683445999996	0.2761608797003207	4.998417124179109
2001	05	24	0.0024529536481000002	0.2536826685619225	5.1865050548818505
2001	05	25	0.0	0.22157093836421077	5.326988118656845
2001	05	26	0.0009434251625900001	0.19267038118627025	6.119937378865682
2001	05	27	0.0	0.18303686212695672	6.237637978498303
2001	05	28	0.0028401375321	0.15734747796878737	6.591793011675288
2001	05	29	0.0014332169120999999	0.13165809381061802	5.955058310073783
2001	05	30	0.45812456436	0.11881340173153333	5.538893608650915
2001	05	31	0.0062480780659999995	0.09633519059313513	6.763463385476358
2001	06	01	0.15085537975000002	0.08027932549427927	6.446606675044018
2001	06	02	0.0	0.08027932549427927	6.343254655179285
2001	06	03	0.0009401379689	0.057801114355881075	6.098972579057267
2001	06	04	0.0019523619513	0.054589941336109914	5.586493964637159
2001	06	05	0.0006138261179999999	0.03211173019771171	5.258939966538423
2001	06	06	0.0	0.03853407623725405	5.733967327282466
2001	06	07	0.00047758933771999997	0.0449564222767964	5.931626982404801
2001	06	08	0.0015902563165	0.03853407623725405	5.346009572796376
2001	06	09	5.191255161	0.03853407623725405	3.4858443080705075
2001	06	10	0.4147625239	0.03532290321748288	4.076138269983347
2001	06	11	0.001404094734	0.041745249257025226	5.22789019126569
2001	06	12	0.045269826762	0.04816759529656756	4.514124989353622
2001	06	13	0.00047993057655	0.04816759529656756	5.605915675710394
2001	06	14	0.00047993063170000003	0.03532290321748288	5.704754889559048
2001	06	15	0.0047818453858	0.0224782111383982	4.160382115424114
2001	06	16	0.0043065126096	0.03532290321748288	4.28448661943432
2001	06	17	0.0004975578953	0.03853407623725405	5.184675603471742
2001	06	18	0.00048650499702	0.03853407623725405	6.080631329460296
2001	06	19	0.0014134932867000002	0.03211173019771171	7.240156989836263
2001	06	20	0.0014200682697	0.02568938415816937	6.9411357960202285
2001	06	21	0.0	0.028900557177940538	7.040161697490494
2001	06	22	0.0	0.02568938415816937	6.567535219513603
2001	06	23	0.0009401379689	0.02568938415816937	6.919284624609163
2001	06	24	0.001413493397	0.0224782111383982	7.609641338102027
2001	06	25	0.0014134932867000002	0.0224782111383982	6.659148449768488
2001	06	26	0.0017923033050000002	0.019267038118627025	5.145742429988941
2001	06	27	0.007899037436000001	0.019267038118627025	4.723843604828582
2001	06	28	0.0	0.019267038118627025	6.27914993337901
2001	06	29	0.0014127943156	0.019267038118627025	6.332873691867095
2001	06	30	0.0	0.019267038118627025	7.246589943000303
2001	07	01	0.12161270993	0.019267038118627025	7.344265253235308
2001	07	02	2.7053266661	0.019267038118627025	6.750196302334444
2001	07	03	0.007594349900099999	0.019267038118627025	5.739882716741552
2001	07	04	0.0856658186	0.019267038118627025	4.064204142273266
2001	07	05	8.217357720999999	0.019267038118627025	3.6170221526590427
2001	07	06	0.7366426311	0.019267038118627025	4.060669675218177
2001	07	07	0.0006494724308000001	0.019267038118627025	5.024606726161545
2001	07	08	1.2911015389	0.019267038118627025	4.878716031641675
2001	07	09	1.6712212594	0.019267038118627025	4.817910261422335
2001	07	10	0.0076190006265	0.019267038118627025	5.884810560798197
2001	07	11	0.0	0.019267038118627025	6.491308145755881
2001	07	12	0.0014242853696	0.019267038118627025	6.2883774053658605
2001	07	13	0.005476172194000001	0.019267038118627025	5.39399844668233
2001	07	14	4.820724371	0.019267038118627025	3.2779962755585474
2001	07	15	0.018654822812	0.019267038118627025	4.6122616121476625
2001	07	16	0.00104008858608	0.019267038118627025	4.708117059292938
2001	07	17	0.022144804155000003	0.019267038118627025	4.776638592886908
2001	07	18	0.0063865083162	0.019267038118627025	3.735996405363675
2001	07	19	0.050970243267999996	0.019267038118627025	4.499170082503734
2001	07	20	0.00048650506319999995	0.019267038118627025	6.069794528919803
2001	07	21	0.0023569340787999997	0.019267038118627025	6.641083591075424
2001	07	22	0.0014300367425	0.019267038118627025	6.474003829652872
2001	07	23	0.0009532867546900001	0.016055865098855857	6.556174265066782
2001	07	24	0.09340687114	0.019267038118627025	5.378288590329437
2001	07	25	0.02611532289	0.016055865098855857	5.242580736881682
2001	07	26	0.006503785452999999	0.016055865098855857	5.589950792226149
2001	07	27	0.030117087408999998	0.016055865098855857	5.3028323937510695
2001	07	28	1.0334986464	0.016055865098855857	5.581634650628263
2001	07	29	0.053030786246	0.016055865098855857	5.86804321942454
2001	07	30	11.004478785999998	0.016055865098855857	5.66078506593618
2001	07	31	2.5333303611	0.016055865098855857	5.91083038293264
2001	08	01	0.7486412857	0.016055865098855857	4.646180683281248
2001	08	02	0.5185944216	0.016055865098855857	3.554755781883056
2001	08	03	0.010359846981	0.016055865098855857	4.80486069400093
2001	08	04	0.0	0.016055865098855857	5.183703483904494
2001	08	05	0.0014134932867000002	0.016055865098855857	5.792751128515699
2001	08	06	0.0014266430321	0.016055865098855857	6.32790408777594
2001	08	07	0.0014157323767	0.012844692079084685	5.13577654535813
2001	08	08	0.00047006901754	0.012844692079084685	4.8189109749502475
2001	08	09	0.0	0.009633519059313513	5.194111261035041
2001	08	10	0.00047006901754	0.009633519059313513	5.752082794315116
2001	08	11	0.0	0.009633519059313513	6.138231726590708
2001	08	12	0.4338185034	0.006422346039542342	5.7819586210084895
2001	08	13	0.23625487900000003	0.006422346039542342	5.672070645756249
2001	08	14	0.0	0.006422346039542342	5.106830816545547
2001	08	15	0.46566072362	0.003211173019771171	4.839946615858779
2001	08	16	0.10940505889	0.003211173019771171	3.7912428743065902
2001	08	17	0.0005509143511199999	0.003211173019771171	4.759355162732637
2001	08	18	1.05109322811	0.003211173019771171	3.8628865255938756
2001	08	19	0.0010006676308000001	0.003211173019771171	4.9234366924787425
2001	08	20	0.009886986468999999	0.003211173019771171	5.27037194003941
2001	08	21	0.0	0.003211173019771171	5.499940339297069
2001	08	22	0.0005878128557	0.003211173019771171	5.7727236856327435
2001	08	23	0.0015219780796	0.003211173019771171	6.080457621693124
2001	08	24	0.00047006901754	0.003211173019771171	5.888746425025774
2001	08	25	3.2295589619	0.003211173019771171	4.558229834899323
2001	08	26	4.6770992114	0.003211173019771171	4.005091839039249
2001	08	27	3.0363874835	0.003211173019771171	3.9251495145456405
2001	08	28	1.2963808277999997	0.003211173019771171	3.843211797570664
2001	08	29	0.030885260728999997	0.003211173019771171	4.014249411382346
2001	08	30	0.01791458407	0.003211173019771171	3.992805041128153
2001	08	31	0.00048650499702	0.003211173019771171	4.437858481303392
2001	09	01	0.0	0.003211173019771171	4.449032443303771
2001	09	02	0.0	0.003211173019771171	4.946771134269163
2001	09	03	0.96497770538	0.003211173019771171	4.526152393217588
2001	09	04	0.0019994207845	0.003211173019771171	4.9959666737663575
2001	09	05	2.5044369452	0.003211173019771171	4.419292107707233
2001	09	06	0.39517637642000003	0.003211173019771171	3.934203350730776
2001	09	07	0.00048650499702	0.003211173019771171	4.203227203728503
2001	09	08	0.0009532868870499999	0.003211173019771171	4.471880478977892
2001	09	09	0.0014266429218	0.003211173019771171	4.836790908997878
2001	09	10	0.0018902332702999999	0.003211173019771171	4.71018167714195
2001	09	11	0.0	0.003211173019771171	4.702068804272448
2001	09	12	0.003120370455	0.003211173019771171	4.289656420846653
2001	09	13	7.567541816e-06	0.003211173019771171	4.073166623082229
2001	09	14	0.0014134932867000002	0.003211173019771171	3.7769485216272787
2001	09	15	0.00047006901754	0.003211173019771171	4.189381799526679
2001	09	16	0.0	0.003211173019771171	4.369665452779699
2001	09	17	0.00094013803508	0.003211173019771171	3.9859898144473456
2001	09	18	0.0009401379689	0.003211173019771171	3.4761241113800336
2001	09	19	0.0	0.003211173019771171	3.7645402051428865
2001	09	20	0.0	0.003211173019771171	3.279179856942454
2001	09	21	22.599197138	0.003211173019771171	1.8506436871039558
2001	09	22	5.2449168831	0.003211173019771171	2.211906844769131
2001	09	23	4.7006930432	0.003211173019771171	1.9858561105788648
2001	09	24	0.074022776715	0.003211173019771171	2.2215858993704165
2001	09	25	0.0068519426601	0.003211173019771171	2.6748257759679936
2001	09	26	0.0009722794992000001	0.003211173019771171	2.9373513446843007
2001	09	27	0.0012814358396	0.003211173019771171	3.185386240305341
2001	09	28	6.936990467799999	0.003211173019771171	1.9981179702995375
2001	09	29	2.3270940683	0.003211173019771171	1.7038532868114271
2001	09	30	0.106515607	0.003211173019771171	2.041236432201079
2001	10	01	0.018084544237000004	0.003211173019771171	2.612101576027512
2001	10	02	1.3182556341	0.003211173019771171	2.2086362530550527
2001	10	03	0.8096462303	0.003211173019771171	2.125397497176318
2001	10	04	0.0019399091915999998	0.003211173019771171	2.9142481333910375
2001	10	05	6.671584843000001	0.003211173019771171	1.4217921249035261
2001	10	06	2.0557013595	0.003211173019771171	1.992832338692776
2001	10	07	2.8570551255	0.003211173019771171	1.912725433936331
2001	10	08	3.0055102118000003	0.003211173019771171	1.7856901313123212
2001	10	09	0.56200290939	0.003211173019771171	1.790128177252889
2001	10	10	0.01504296769	0.003211173019771171	2.40367294400059
2001	10	11	1.4381083862	0.003211173019771171	2.975533567856819
2001	10	12	14.540103372	0.003211173019771171	1.7385766458344087
2001	10	13	0.87426181231	0.006422346039542342	1.6510521264003362
2001	10	14	0.7617765818	0.003211173019771171	1.892545768680746
2001	10	15	0.9948540487	0.003211173019771171	1.641795007688213
2001	10	16	0.27296492499999997	0.003211173019771171	2.1780779654770117
2001	10	17	19.235641655	0.016055865098855857	1.1381388087872957
2001	10	18	3.860943406	0.0224782111383982	1.4448670198983922
2001	10	19	20.569810601000004	0.0224782111383982	1.4125239967478804
2001	10	20	11.328836893	0.0224782111383982	1.0790875058763927
2001	10	21	1.07013229862	0.019267038118627025	1.4267869520518164
2001	10	22	15.076540804	0.0224782111383982	1.0099798612913442
2001	10	23	0.016493944336	0.0224782111383982	1.4435984960488786
2001	10	24	0.019602039503999996	0.019267038118627025	1.871859421667737
2001	10	25	0.0009434251625900001	0.016055865098855857	2.0413921253199705
2001	10	26	0.0031783271488	0.012844692079084685	1.8735784223486611
2001	10	27	1.2846053101000001	0.054589941336109914	1.7130353935441838
2001	10	28	0.05293091842000001	0.07064580643496576	1.560564591634183
2001	10	29	0.00061996703741	0.06101228737565225	1.9407853788262348
2001	10	30	0.00047006901754	0.06101228737565225	2.1103914944685127
2001	10	31	0.0014200682697	0.05137876831633874	2.087280629488141
2001	11	01	0.0	0.057801114355881075	1.617131495609944
2001	11	02	0.0018802754966	0.05137876831633874	1.5775473431495222
2001	11	03	0.00047993057655	0.0449564222767964	1.6497758100298023
2001	11	04	0.002805440792	0.0449564222767964	1.5832729188344092
2001	11	05	0.0	0.041745249257025226	1.3942502279822375
2001	11	06	1.5314808657999999	0.03853407623725405	1.0925142752731978
2001	11	07	0.0014087995805	0.03853407623725405	1.5366169275635009
2001	11	08	0.0	0.03853407623725405	1.5032378318226887
2001	11	09	0.24988234473	0.03532290321748288	0.9530184543108045
2001	11	10	0.017145045236000002	0.03853407623725405	0.8262569090199641
2001	11	11	0.00142006838	0.03532290321748288	1.0470034357503752
2001	11	12	0.0014055886372000002	0.03532290321748288	1.1364861315021357
2001	11	13	0.033963049869	0.03853407623725405	1.1789050740652045
2001	11	14	0.0023579985840999997	0.03532290321748288	0.9242646044308991
2001	11	15	0.0007468257918200001	0.03532290321748288	0.8094767294115036
2001	11	16	2.2475175818	0.03853407623725405	0.8962756438760981
2001	11	17	6.181615698	0.041745249257025226	0.6320733335548472
2001	11	18	0.22840705606	0.03853407623725405	0.8507175782350436
2001	11	19	0.0009467126210000001	0.03532290321748288	1.0323615574057396
2001	11	20	0.00048650499702	0.03532290321748288	1.1156808479730822
2001	11	21	0.0023602065695000002	0.0449564222767964	0.9874962759886059
2001	11	22	0.0004799305214	0.04816759529656756	1.131294357541183
2001	11	23	0.0	0.0449564222767964	1.14000834676799
2001	11	24	0.00094342529495	0.04816759529656756	1.0412979066137564
2001	11	25	0.0014233555406	0.05137876831633874	1.1425072558335168
2001	11	26	1.9918363359	0.054589941336109914	1.0474419268392472
2001	11	27	1.4486432495000001	0.04816759529656756	0.8630738023004457
2001	11	28	0.00024139141763999998	0.0449564222767964	1.0045737038297053
2001	11	29	0.0009401379689	0.04816759529656756	1.203352051072787
2001	11	30	0.010007670110999999	0.0449564222767964	1.0157259217803585
2001	12	01	0.017748341012999998	0.057801114355881075	0.9449548938865356
2001	12	02	0.059308469935	0.054589941336109914	0.9716123713341088
2001	12	03	0.007221299086	0.05137876831633874	1.0894513981685632
2001	12	04	0.0031153447458000002	0.04816759529656756	1.0872620008739367
2001	12	05	0.0040100274229	0.04816759529656756	1.062317679796478
2001	12	06	0.007754082279	0.04816759529656756	1.0024072017685406
2001	12	07	0.006304999484	0.04816759529656756	0.9208772216093396
2001	12	08	0.024583611055999998	0.04816759529656756	0.9614936934477171
2001	12	09	0.0006059082325	0.04816759529656756	0.9947913006674045
2001	12	10	0.0015023800859	0.04816759529656756	0.8446098441680154
2001	12	11	0.0012175473221	0.04816759529656756	0.9140461699079732
2001	12	12	0.00047993057655	0.05137876831633874	0.9047303759887886
2001	12	13	0.0009453171053999999	0.057801114355881075	0.8809250169895084
2001	12	14	0.00095317735915	0.06101228737565225	0.8097011454447932
2001	12	15	0.0	0.06101228737565225	0.5481354794364816
2001	12	16	0.0009401379689	0.054589941336109914	0.6855444683283671
2001	12	17	0.003290014061	0.054589941336109914	0.748946133470469
2001	12	18	0.00047006901754	0.04816759529656756	0.751753792883976
2001	12	19	0.0059572904258	0.0449564222767964	0.7011615716033645
2001	12	20	0.066330005794	0.0449564222767964	0.7466432408655787
2001	12	21	0.0	0.0449564222767964	0.6974368538821798
2001	12	22	0.95124224492	0.0449564222767964	0.6421600087326604
2001	12	23	4.9007819861	0.0449564222767964	0.7003618754392987
2001	12	24	0.0	0.0449564222767964	0.6004177034460231
2001	12	25	0.0018944093386000001	0.054589941336109914	0.7252401063161117
2001	12	26	0.0019419232695999998	0.06101228737565225	0.7947163536777196
2001	12	27	0.017345399671	0.057801114355881075	0.610655181696027
2001	12	28	0.0019781820783	0.054589941336109914	0.834392693097114
2001	12	29	0.10204879893	0.06101228737565225	0.8642577678791417
2001	12	30	2.892925237	0.06101228737565225	0.7856741203371126
2001	12	31	0.7564108177	0.06101228737565225	0.9659473443600018
2002	01	01	14.087309739	0.0674346334151946	0.8573590207357572
2002	01	02	11.216324275	0.0770681524745081	0.5557823012137508
2002	01	03	7.9530199105	0.11239105569199097	0.8651745172833505
2002	01	04	0.0073577316929000006	0.2536826685619225	0.8888787078960018
2002	01	05	0.0051038795821000005	0.23762680346306667	0.9395650507773519
2002	01	06	0.00064193083375	0.18303686212695672	0.8361298119887307
2002	01	07	0.0031876417631999995	0.17019217004787207	0.829871025837411
2002	01	08	0.00047006903959999997	0.1669809970281009	0.8479022866200079
2002	01	09	0.001894423457	0.15092513192924503	0.8910683160015006
2002	01	10	0.0009401379689	0.14129161286993153	0.9260154293648336
2002	01	11	0.0014233555406	0.12844692079084685	1.0086667035626904
2002	01	12	3.377887865	0.12844692079084685	0.9706116584879062
2002	01	13	0.22088761828	0.1348692668303892	0.6826633089353391
2002	01	14	0.04844914264	0.14771395890947386	0.7625850022839559
2002	01	15	0.11422251066	0.14771395890947386	0.9153930541001842
2002	01	16	0.002362762772	0.14771395890947386	1.0445504557915066
2002	01	17	0.8976569166	0.12844692079084685	1.0695887480644926
2002	01	18	0.013133261065	0.12844692079084685	0.8072463268898287
2002	01	19	1.0618961535	0.12844692079084685	0.7796341034119422
2002	01	20	0.0018561494673	0.12844692079084685	1.047831366559943
2002	01	21	9.659857812	0.12844692079084685	0.8143631543902694
2002	01	22	4.684117821000001	0.1541363049490162	0.8399734466926488
2002	01	23	23.824311371	0.44314187672842154	0.8452810552480023
2002	01	24	0.37750318390000004	1.0050971551883765	0.7919102964521265
2002	01	25	0.071533074085	0.7193027564287424	1.0572860832655873
2002	01	26	0.7087738360200001	0.5940670086576666	0.9417312730240899
2002	01	27	0.21358341992	0.5234212022227008	1.162148862490591
2002	01	28	0.006797278311000001	0.44635304974819273	1.4593359664076218
2002	01	29	0.0014266429218	0.4238748386097946	1.3203137906303946
2002	01	30	2.5752742524000003	0.4078189735109387	1.0814248245030997
2002	01	31	0.056574798043999994	0.4078189735109387	0.9980407686438808
2002	02	01	0.0014200682697	0.38212958935276936	1.3697800042150776
2002	02	02	0.0	0.3596513782143712	1.3018273279952477
2002	02	03	9.905048094	0.3500178591550576	0.8800034763286263
2002	02	04	0.09430849643000001	0.4238748386097946	0.9560508834781336
2002	02	05	5.4853226820000005	0.41424131955048105	1.0870055428349819
2002	02	06	0.50541770785	0.6261787388553783	0.8931522094988075
2002	02	07	0.46634360195	0.6037005277169801	1.2825409453386651
2002	02	08	0.06622417515000001	0.5137876831633874	1.5412720318150572
2002	02	09	0.0027782132370000002	0.4784647799459045	1.5254303440569095
2002	02	10	0.0007627166245799999	0.44635304974819273	1.7253499691289178
2002	02	11	0.052260173089999994	0.4270860116295657	1.3461850424635249
2002	02	12	0.0055811420567999995	0.41424131955048105	1.867845822842744
2002	02	13	0.010410942353	0.39818545445162523	1.8780455375662741
2002	02	14	0.00104642985441	0.3885519353923117	1.2554854566884706
2002	02	15	0.00047993057655	0.3724960702934558	1.3691109500002803
2002	02	16	0.0033069186390000003	0.3724960702934558	1.3408755431077186
2002	02	17	0.0	0.3564402051946	1.5419138281021456
2002	02	18	0.0014191884066	0.3082726098980324	1.4498824101864596
2002	02	19	0.0009597069095800001	0.2922167447991766	1.322979877538221
2002	02	20	0.0037169497341	0.2890055717794054	1.5929105343175924
2002	02	21	0.019829511193999998	0.2890055717794054	1.5418330672391096
2002	02	22	0.0018893633342	0.2890055717794054	1.9486204993808804
2002	02	23	0.0018939549026	0.2890055717794054	2.030292332721064
2002	02	24	0.004137999358	0.2697385336607784	1.9688568023333706
2002	02	25	0.045464201834	0.26331618762123604	1.8226213251346877
2002	02	26	0.066280941045	0.26331618762123604	1.6068407274448249
2002	02	27	2.4381267912	0.26331618762123604	1.0600265255037358
2002	02	28	4.0314464696000005	0.2761608797003207	1.1187434585296194
2002	03	01	5.21029625	0.31790612895734593	1.3549367122131186
2002	03	02	0.021606920690000003	0.31790612895734593	1.4552960431159196
2002	03	03	6.7538380899	0.30506143687826126	1.1650972391398837
2002	03	04	6.094668414	0.28258322573986305	0.9779653906596246
2002	03	05	0.1635950849	0.2890055717794054	1.4555670182388916
2002	03	06	0.0014345649987	0.2857943987596342	1.9949350010471263
2002	03	07	0.011534565144	0.26331618762123604	2.1678515693323517
2002	03	08	0.0009467126210000001	0.24083797648283783	2.233535574555432
2002	03	09	0.0038080484895	0.2344156304432955	2.2998979891342572
2002	03	10	0.029060879977999998	0.2344156304432955	2.2213479056565744
2002	03	11	8.1105302959	0.2344156304432955	1.2564507938121676
2002	03	12	18.888429388	0.26010501460146485	1.5923561821905068
2002	03	13	31.411080683	0.5491105863808703	1.5332507948755913
2002	03	14	6.1027724859	2.0005607913174397	1.201027998237268
2002	03	15	10.966675667	1.9845049262185837	1.3353555117126061
2002	03	16	6.779865249999999	2.3409451314131835	1.470674785189792
2002	03	17	4.5813035511	1.7404557767159747	1.4008618712196597
2002	03	18	0.6580401487499998	1.6248535480042123	1.8062468251505852
2002	03	19	0.21836373367999998	1.3390591492445783	2.1867043371131816
2002	03	20	0.0138202591	1.181711671275791	3.216465219848033
2002	03	21	0.00047993057655	1.0275753663267748	3.342802984457942
2002	03	22	0.0009401379689	0.9826189440499783	3.6855966048432527
2002	03	23	0.0014134932867000002	0.863805542318445	3.593524268442445
2002	03	24	0.0009467125106999999	0.7899485628637081	3.671809423130328
2002	03	25	0.0004706021195	0.6807686801914883	3.426542680787016
2002	03	26	0.0	0.619756392815836	3.2116374613956076
2002	03	27	0.00047006901754	0.5908558356378955	3.151343605822155
2002	03	28	0.0009401379689	0.5555329324204126	2.88075896158961
2002	03	29	0.079409382	0.5234212022227008	2.486058668819148
2002	03	30	0.012959509886999999	0.5234212022227008	2.836067030637183
2002	03	31	0.0004799305214	0.49452064504476034	3.1539828545286923
2002	04	01	0.55956696698	0.4527753957877351	2.9630654090680975
2002	04	02	2.8454666766	0.43350835766910817	2.583726472068388
2002	04	03	1.8999692307	0.41424131955048105	1.8310169331711792
2002	04	04	0.0021694359912	0.39818545445162523	2.4594502176868804
2002	04	05	4.6454546929000005	0.4110301465307099	2.2869354364424077
2002	04	06	5.545577366	0.4399307037086505	1.542240051202957
2002	04	07	9.696549107000001	0.5394770673215568	1.590313599390501
2002	04	08	4.701215423999999	0.6871910262310306	1.5706062342249607
2002	04	09	1.3396947554	0.770681524745081	2.836276166122175
2002	04	10	6.9461198885	0.6711351611321748	2.756757620214596
2002	04	11	3.1983289507999997	0.6165452197960648	2.1458496070908066
2002	04	12	8.5419966518	0.7289362754880558	2.8137554819618766
2002	04	13	0.26898880854	0.8092156009823351	2.534339301961414
2002	04	14	0.00284047869	0.6711351611321748	2.931568027566581
2002	04	15	0.18516891558999998	0.5747999705390396	2.515560051800585
2002	04	16	0.015181098586	0.5234212022227008	3.328573584431227
2002	04	17	0.028468315288	0.488098299005218	3.002849166498627
2002	04	18	0.9710142479	0.48167595296567567	3.050604389160504
2002	04	19	0.0056792824745	0.4399307037086505	3.8229527966983534
2002	04	20	0.0018936140756	0.4270860116295657	3.9590407107728325
2002	04	21	0.00048650499702	0.4078189735109387	4.43815480269151
2002	04	22	0.0018868504796000002	0.3853407623725405	4.816324787951078
2002	04	23	0.0004799305214	0.3724960702934558	4.82153873074345
2002	04	24	0.0018967116305	0.3724960702934558	4.976610425587833
2002	04	25	0.0	0.35322903217482887	4.716351268899368
2002	04	26	0.0016941853885	0.33717316707597295	4.694209197926128
2002	04	27	0.0023682749042	0.31790612895734593	4.676195902821655
2002	04	28	0.008433200481999999	0.3339619940562018	3.543967091101797
2002	04	29	0.0016400061388	0.31469495593757474	4.374241670236297
2002	04	30	0.0067020662479999995	0.3082726098980324	4.4760420490291315
2002	05	01	0.012817465547000001	0.2986390908387189	2.567352186541139
2002	05	02	3.1144621252	0.27937205272009186	2.659272808242204
2002	05	03	0.04225172757	0.30185026385849006	3.473890346231559
2002	05	04	0.23089524758	0.2986390908387189	3.8029053580993923
2002	05	05	3.1538822422	0.30506143687826126	3.17425161342578
2002	05	06	0.62611030621	0.2890055717794054	3.3296058582775734
2002	05	07	6.570006264	0.30506143687826126	3.002264429881511
2002	05	08	11.775855218	0.3339619940562018	1.8913074752030836
2002	05	09	0.8080254821	0.39176310841208284	2.8691723032023684
2002	05	10	0.09728322125000001	0.4238748386097946	3.143104242028298
2002	05	11	0.03043814534	0.39497428143185404	3.128844232384716
2002	05	12	0.00207988298	0.3564402051946	4.241788645540771
2002	05	13	1.2299206658000001	0.3435955131155153	2.763282619531225
2002	05	14	0.2819337489	0.3211173019771171	3.9313975845863456
2002	05	15	0.0009467126210000001	0.2890055717794054	5.4789327333016935
2002	05	16	0.009313141895	0.2729497066805495	4.853044401961053
2002	05	17	5.6762817629999995	0.2344156304432955	2.7783020693883484
2002	05	18	0.00048197774455	0.2344156304432955	3.904845425874383
2002	05	19	0.0	0.2344156304432955	5.302579883457645
2002	05	20	0.32256352600000004	0.21514859232466846	4.7249181891396015
2002	05	21	1.1026817844999999	0.20230390024558378	4.2532160366660055
2002	05	22	2.547838451	0.19909272722581262	2.7533123882922883
2002	05	23	0.26933640795999997	0.18945920816649908	3.2885031180984323
2002	05	24	0.08561490412	0.20551507326535495	4.162200581898596
2002	05	25	0.013481526697	0.22157093836421077	3.646565573898191
2002	05	26	0.3122031573	0.1798256891071856	3.2517196537085673
2002	05	27	0.0009401379689	0.16055865098855854	3.638723083225068
2002	05	28	0.0023041590584	0.1541363049490162	4.758634838605193
2002	05	29	0.022561902502	0.14771395890947386	5.159910678459082
2002	05	30	0.0	0.1445027858897027	6.135880718350421
2002	05	31	0.8909376170800001	0.14129161286993153	5.698289726679964
2002	06	01	0.043912674605	0.12844692079084685	5.781588453037297
2002	06	02	0.33102522359000003	0.12844692079084685	5.326985230939188
2002	06	03	0.010892762534	0.11560222871176215	5.015191144435708
2002	06	04	6.376091804800001	0.06422346039542343	3.0189739018543804
2002	06	05	1.0800649901	0.11881340173153333	3.1169165895054594
2002	06	06	1.4758700324	0.12844692079084685	2.689898462503684
2002	06	07	1.7989819699999998	0.12844692079084685	3.1864501481740763
2002	06	08	0.20603581151999997	0.12844692079084685	3.112741048829366
2002	06	09	0.0048654598450000005	0.12844692079084685	4.481920914295768
2002	06	10	0.0005769670567	0.12844692079084685	5.185424151625325
2002	06	11	0.0009467126210000001	0.12844692079084685	6.781935368109041
2002	06	12	2.9330229269000005	0.12844692079084685	6.505375378349763
2002	06	13	1.2946773546	0.09954636361290631	6.292682415327566
2002	06	14	0.2340408271	0.02568938415816937	6.273484263517328
2002	06	15	0.0037776694429	0.009633519059313513	6.288704404151042
2002	06	16	0.0009401379689	0.08670167153382162	7.206809225781264
2002	06	17	0.00094013803508	0.0770681524745081	6.548759184641559
2002	06	18	0.0018999990117	0.012844692079084685	5.769591180379807
2002	06	19	1.916739353	0.041745249257025226	5.330909697836882
2002	06	20	0.00047795188279	0.019267038118627025	6.346823850385255
2002	06	21	0.0	0.009633519059313513	6.573361224367002
2002	06	22	0.0019018156526999998	0.009633519059313513	6.689273514385888
2002	06	23	0.0044884638205	0.0	5.781529712874619
2002	06	24	0.38007269961	0.0	5.634189934272008
2002	06	25	2.9994633452	0.0	6.5852671703717505
2002	06	26	4.209547659	0.0	5.348322608017181
2002	06	27	0.082755227715	0.0	4.84683830342378
2002	06	28	0.0027582975793	0.0	5.880542473998627
2002	06	29	0.018384563546	0.0	5.741865149002351
2002	06	30	0.008409137434	0.0	4.854817469050038
2002	07	01	0.00094113116525	0.0	5.412868579369988
2002	07	02	0.006714044827999999	0.0	5.185708010460931
2002	07	03	0.0004799305214	0.0	5.548674317446747
2002	07	04	0.0014134932867000002	0.0	6.185567934261359
2002	07	05	0.00047993057655	0.0	6.122722219046569
2002	07	06	0.0009467126210000001	0.0	6.034425728326249
2002	07	07	0.031387891211	0.0	6.720401846076149
2002	07	08	0.1902822802	0.0	5.266605599593873
2002	07	09	0.61185497979	0.0	4.155594174617789
2002	07	10	0.52604570501	0.0	4.216361069032344
2002	07	11	0.00048650499702	0.0	5.623807876180716
2002	07	12	0.001677468872	0.0	5.48475147227612
2002	07	13	0.00032892687639	0.0	5.677480410071007
2002	07	14	0.0018885269293	0.0	5.250366686483792
2002	07	15	0.0	0.0	5.776379069142853
2002	07	16	0.00096988525019	0.0	6.077012405246565
2002	07	17	0.00047006901754	0.0	6.568032040779557
2002	07	18	0.00048650499702	0.0	7.23781546155996
2002	07	19	0.001417516038	0.0	6.796586762382107
2002	07	20	0.0009730100161000001	0.0	5.780794004747283
2002	07	21	0.27403459234	0.0	6.002770650058016
2002	07	22	0.6900763535800001	0.0	4.223871020306331
2002	07	23	0.043442827489	0.0	5.2016906463427315
2002	07	24	0.0014155428812999999	0.0	6.347211363761153
2002	07	25	0.00094013803508	0.0	6.390463219104504
2002	07	26	0.0007310556052000001	0.0	6.926890233260345
2002	07	27	0.052608561155	0.0	6.431451950008028
2002	07	28	0.0009532868318999999	0.0	6.735724397010709
2002	07	29	0.0028532859539	0.0	6.212703512808957
2002	07	30	0.0	0.0	5.679870829137919
2002	07	31	0.0	0.0	4.71650818243389
2002	08	01	0.0018981832531	0.0	4.988912538842945
2002	08	02	0.0	0.0	5.503222873842083
2002	08	03	5.6533187369000004e-05	0.0	5.4599892351476
2002	08	04	0.0	0.0	5.602783139849958
2002	08	05	0.35526001972	0.0	4.858471365160818
2002	08	06	0.0014268987075	0.0	5.456593418721371
2002	08	07	0.0009434252398000001	0.0	5.641254802836216
2002	08	08	0.0033135579269000003	0.0	4.967849814462389
2002	08	09	0.009590142697	0.0	4.621067839205392
2002	08	10	3.4491588718	0.0	2.9690186584799747
2002	08	11	0.0019065726711	0.0	5.34674711568663
2002	08	12	0.0	0.0	6.071237523489141
2002	08	13	0.0021114866875	0.0	6.365453124244846
2002	08	14	1.4485991294999998	0.0	6.100766967991187
2002	08	15	3.783770908e-06	0.0	5.384090407638259
2002	08	16	0.00207853732	0.0	5.514498040197423
2002	08	17	0.0	0.0	5.562869981499089
2002	08	18	0.000953628431	0.0	5.0874795696407435
2002	08	19	0.0043288665591000005	0.0	4.8808160746904905
2002	08	20	0.0004715579793	0.0	5.022006231771306
2002	08	21	0.002955394745	0.0	4.92714321801218
2002	08	22	0.0028659454158	0.0	4.700642241009234
2002	08	23	0.19741367155	0.0	4.375359740845881
2002	08	24	14.43856781	0.0	3.5554266461354476
2002	08	25	12.098059166	0.0	2.982952893809229
2002	08	26	1.3502548774	0.0	3.648030909763378
2002	08	27	0.24479712868	0.0	3.90677871386407
2002	08	28	0.006842812687900001	0.0	4.214329774490738
2002	08	29	0.0029282250975000003	0.0	4.134639401183009
2002	08	30	0.0014706490922000003	0.0	4.493250529342358
2002	08	31	0.00048210357479	0.0	4.70059466265082
2002	09	01	0.08473936478	0.003211173019771171	4.596202297081365
2002	09	02	0.33406954770999997	0.003211173019771171	3.972501587442842
2002	09	03	0.10637885706	0.003211173019771171	3.9615261481675406
2002	09	04	0.046515517459999996	0.003211173019771171	3.463046941805452
2002	09	05	0.000479949493	0.003211173019771171	3.5376488582102925
2002	09	06	0.00046020262739	0.003211173019771171	4.0838728729808045
2002	09	07	3.0344098045	0.003211173019771171	3.1279427202533303
2002	09	08	19.151612909	0.003211173019771171	1.8612145278302004
2002	09	09	0.026342184621000003	0.003211173019771171	2.894125536096195
2002	09	10	0.00047993057655	0.003211173019771171	3.923960868151231
2002	09	11	0.00048650506319999995	0.003211173019771171	3.9753947277409902
2002	09	12	0.0012221348094	0.003211173019771171	3.8328851168788343
2002	09	13	0.23158745729	0.003211173019771171	3.490729738855949
2002	09	14	5.288208860999999	0.003211173019771171	3.261219192192208
2002	09	15	9.585223317	0.003211173019771171	2.5952027268946964
2002	09	16	10.321797893000001	0.003211173019771171	1.6952841835684147
2002	09	17	14.591067487	0.003211173019771171	1.7722131958233933
2002	09	18	7.207587693	0.003211173019771171	1.9745910137183533
2002	09	19	2.5545571549	0.009633519059313513	2.4300143207424214
2002	09	20	3.3247246989	0.012844692079084685	2.2007881262270956
2002	09	21	6.172285421000001	0.012844692079084685	1.8276327630064935
2002	09	22	4.04443628	0.016055865098855857	1.9278375107507537
2002	09	23	1.510350033	0.012844692079084685	2.2855268064340355
2002	09	24	0.0019023113409000001	0.012844692079084685	2.5209386922581065
2002	09	25	0.03488224264	0.016055865098855857	2.4214373572032346
2002	09	26	0.00096506892348	0.016055865098855857	3.0058500072618886
2002	09	27	0.0	0.016055865098855857	3.227086669280511
2002	09	28	0.29563446486	0.016055865098855857	3.1296958087430773
2002	09	29	1.8632666851000002	0.012844692079084685	2.832882471620559
2002	09	30	19.639812841999998	0.016055865098855857	2.22654791737089
2002	10	01	13.418882915000001	0.019267038118627025	1.7199532311281813
2002	10	02	0.22727904002	0.016055865098855857	2.514051908850239
2002	10	03	0.079072322848	0.019267038118627025	2.6822913858345436
2002	10	04	0.01020948933	0.016055865098855857	2.760571796776231
2002	10	05	0.0066329396938	0.016055865098855857	2.715180724996749
2002	10	06	0.008235173376999999	0.016055865098855857	2.4218188793965716
2002	10	07	0.5661101174000001	0.016055865098855857	2.21732877266736
2002	10	08	10.273586865999999	0.016055865098855857	1.7465678791637316
2002	10	09	2.1650199101	0.016055865098855857	1.631935181263514
2002	10	10	0.005602745855999999	0.016055865098855857	1.7116912723372875
2002	10	11	0.020266175658	0.016055865098855857	2.1354881401187407
2002	10	12	0.5393866334	0.02568938415816937	2.0856456583677487
2002	10	13	0.27888315974	0.03853407623725405	2.063793788809411
2002	10	14	0.54035669984	0.03853407623725405	1.6199184717429902
2002	10	15	18.703140830000002	0.03853407623725405	0.9221163202868955
2002	10	16	8.062035467000001	0.0449564222767964	1.4312253670883726
2002	10	17	0.45756064457999995	0.0449564222767964	1.436659103893491
2002	10	18	0.00047993057655	0.0449564222767964	1.9535855502070434
2002	10	19	0.00047993063170000003	0.057801114355881075	2.307479926627998
2002	10	20	9.056980072	0.07385697945473693	1.217256474836916
2002	10	21	11.744824519	0.08349049851405045	1.0162015017928507
2002	10	22	4.813819591	0.2312044574235243	1.0702673492268013
2002	10	23	0.96805450182	0.244049149502609	1.442022181111613
2002	10	24	1.9226609188	0.22478211138398194	1.5713681142517781
2002	10	25	0.70785947108	0.21514859232466846	1.5913182236312495
2002	10	26	0.10476066782000001	0.20551507326535495	1.777713109202232
2002	10	27	0.046804375512	0.19588155420604142	1.865158361559041
2002	10	28	0.00050018151316	0.1862480351467279	2.1865167281956563
2002	10	29	6.860643454999999	0.17340334306764324	1.8160213542811454
2002	10	30	3.4235450058	0.18303686212695672	1.2404909225851202
2002	10	31	0.13891816225	0.20551507326535495	1.313434536832355
2002	11	01	0.34132726565000004	0.20551507326535495	1.5095223183961326
2002	11	02	2.2677860892	0.20230390024558378	1.3969260265402867
2002	11	03	0.56247654862	0.19588155420604142	1.793097650052656
2002	11	04	0.0011135476581000002	0.19267038118627025	1.5083910412220642
2002	11	05	0.0014959011742000001	0.18945920816649908	1.453749250195394
2002	11	06	0.009698568699999998	0.18945920816649908	1.6190867588323106
2002	11	07	0.0014188663305999998	0.18303686212695672	1.3353282993689743
2002	11	08	0.0009499996712999999	0.17019217004787207	1.5035978962165137
2002	11	09	0.0024895903446	0.17019217004787207	1.4424374688493358
2002	11	10	0.031858756396	0.17019217004787207	1.365552023057496
2002	11	11	0.59772293568	0.17019217004787207	1.1819885486105062
2002	11	12	3.4830529587999997	0.17340334306764324	1.1155774272782808
2002	11	13	15.857651211	0.20551507326535495	0.8790212304932068
2002	11	14	6.5234226032	0.41745249257025224	0.4478854676970484
2002	11	15	0.23163991597	0.5651664514797261	0.8028090348289972
2002	11	16	4.3316560461	0.5009429910843026	0.8099200846252235
2002	11	17	0.6169932722	0.4656200878668198	0.8889510070510359
2002	11	18	4.4060201958	0.4302971846493369	0.8372513434293376
2002	11	19	22.404211004	0.545899413361099	0.9588873090419753
2002	11	20	3.6453511363000004	0.8060044279625638	0.9026511959707801
2002	11	21	8.7182261605	0.9665630789511224	0.6718656082603606
2002	11	22	11.862774926999998	2.1354300581478287	0.5894878439961679
2002	11	23	3.5103739379000003	3.8212958935276937	0.7844407465863249
2002	11	24	17.746525475000002	3.3075082103643068	0.4285298477204075
2002	11	25	0.11293955621	3.596513782143711	0.8789068527614275
2002	11	26	0.38057609778	2.2959887091363873	0.8990073082225335
2002	11	27	1.2925584916	1.875325043546364	1.0101326200191147
2002	11	28	1.7999946343000002	1.9941384452778972	0.7790110255843996
2002	11	29	1.6104180535	1.9202814658231604	0.8296056291727097
2002	11	30	0.1959363685	1.72761108463689	0.7448814546080874
2002	12	01	1.5581270295	1.5702636066681026	0.8178446845785865
2002	12	02	0.046071368038	1.4032826096400017	0.7274498832452428
2002	12	03	0.0013762426603999998	1.2491463046909854	0.8036564554646198
2002	12	04	0.040026936862000005	1.1046435188012829	0.9005468224223777
2002	12	05	0.0028401375321	1.050053577465173	0.8439389389239533
2002	12	06	0.0	0.9729854249906648	0.8297374765141754
2002	12	07	0.0014200682697	0.9312401757336396	0.8897245172931598
2002	12	08	0.0010238411093	0.8959172725161567	0.8456074011858158
2002	12	09	8.7949121252	0.8413273311800468	0.5470923581638704
2002	12	10	13.15551409	1.3711708794422899	0.5480784931990497
2002	12	11	0.39643444719	1.7500892957752883	0.5997055194484159
2002	12	12	0.13642146659999999	1.4129161286993155	0.7020150820992505
2002	12	13	12.921114457000002	1.2330904395921296	0.8796063412713632
2002	12	14	2.6430772066	1.8271574482497965	0.6969260737175941
2002	12	15	0.006543752658	1.6569652782019242	0.7388460510569299
2002	12	16	0.48385494025	1.3326368032050362	0.9768139818045362
2002	12	17	36.38804721	2.437280322006319	0.7085195996692154
2002	12	18	5.0544872421	5.26632375242472	0.5559288528311533
2002	12	19	3.3241708826	3.143738386355976	0.8017690529882993
2002	12	20	0.07882778113	3.092359618039638	0.765812391841636
2002	12	21	0.029051626910999998	2.2863551900770736	0.7960575969304965
2002	12	22	0.0028849653272	1.9491820230011008	0.9223781929724769
2002	12	23	2.9206053528999996	1.8464244863684234	0.7262376995920308
2002	12	24	4.377703318	2.5271931665599117	0.6193221480070623
2002	12	25	0.78478651849	2.6813294715089278	0.7894224264562252
2002	12	26	21.601206047	2.2253429027014215	0.5004583417564825
2002	12	27	12.091023129	10.693206155837998	0.7328682721776932
2002	12	28	0.060762170990999995	6.101228737565225	0.737769661043909
2002	12	29	0.07394788852999999	3.6928489727368468	0.8752666385543109
2002	12	30	4.5601203258	3.3717316707597296	0.5598836113310254
2002	12	31	2.1204984181	3.2015395007118577	0.6828081821138762
2003	01	01	4.4537830739	2.719863547746182	0.7388788107316671
2003	01	02	36.053369435	5.426882403413278	0.42187578956013294
2003	01	03	1.9291850535	10.275753663267746	0.6076320779470774
2003	01	04	3.1873118559	5.137876831633873	0.7113945286712675
2003	01	05	8.9363632718	5.394770673215567	0.7189980285938865
2003	01	06	0.07403953128500002	5.715887975192684	0.6567108219664293
2003	01	07	14.586013541	4.656200878668198	0.8634493722898688
2003	01	08	2.3026034975	5.330547212820145	0.5341440465113291
2003	01	09	5.446148534	4.88098299005218	0.7994061949641494
2003	01	10	0.001019437823	3.7249607029345584	0.6695105574916761
2003	01	11	0.0015222168791	2.9960244274465024	0.6335641786180725
2003	01	12	0.0039779704927	2.6652736064100724	0.5513895140205568
2003	01	13	0.0	2.3056222281957006	0.6673681549749862
2003	01	14	0.0009401379689	2.064784251712863	0.8255541774803649
2003	01	15	0.0009467126210000001	1.9267038118627027	0.874519149119658
2003	01	16	0.00047993057655	1.7533004687950593	0.9271371445780582
2003	01	17	0.0014600768372	1.5317295304308483	0.9258661640452345
2003	01	18	20.314556547000002	1.4546613779563404	0.9015554922108541
2003	01	19	4.63880989	2.3056222281957006	0.723267431650785
2003	01	20	13.718382710999999	2.867577506655656	0.6511532574604301
2003	01	21	4.5466214809	5.619552784599549	0.7058088458719832
2003	01	22	1.2740225766000002	3.8212958935276937	0.8912555476091607
2003	01	23	0.0013474069314	2.9574903512092487	1.0084132396430983
2003	01	24	0.0009497709642500001	2.3762680346306664	1.0992680336633702
2003	01	25	0.00048650499702	2.103318327950117	1.180047220252015
2003	01	26	0.0009401379689	1.9588155420604143	1.3021736827689205
2003	01	27	0.0016846549169999999	1.859269178447508	1.417981761467242
2003	01	28	0.0072685897698	1.7372446036962035	1.2819068738061874
2003	01	29	0.00094013803508	1.6120088559251275	0.9028980143301033
2003	01	30	0.11572714605	1.4996178002331368	0.9219916908954365
2003	01	31	0.10373869420000001	1.3743820524620611	0.7192417727021164
2003	02	01	0.0009470828981	1.2941027269677818	0.9528490276737502
2003	02	02	0.01725652324	1.2170345744932738	1.1209960778707135
2003	02	03	0.08768388946	1.1335440759792235	1.0922794431263485
2003	02	04	0.9239216629	1.0564759235047152	0.799236489115051
2003	02	05	0.001280945887	1.0179418472674613	1.1167664363990197
2003	02	06	0.0481067935	0.976196598010436	1.3441518714892444
2003	02	07	2.8113859619999997	0.937662521773182	0.9595271744188827
2003	02	08	0.00024621389909	0.9344513487534107	1.3526218922179007
2003	02	09	0.0012691990473000002	0.9216066566743261	1.3893390642420336
2003	02	10	0.024373994729999997	0.8894949264766143	1.20971698681545
2003	02	11	0.6660835005	0.8541720232591314	1.2343251712782695
2003	02	12	0.42286844884	0.8124267740021062	1.1891775574855015
2003	02	13	0.0014204523342999998	0.770681524745081	1.3802349130212943
2003	02	14	0.17829960806999998	0.7289362754880558	1.2192758469167577
2003	02	15	0.0014170396523	0.6871910262310306	1.184094380145053
2003	02	16	0.005201894699	0.6326010848949207	1.2689116025297555
2003	02	17	0.003360619297	0.6069117007367513	1.3945067315111561
2003	02	18	14.554661869	0.6261787388553783	0.5253190551619049
2003	02	19	7.7577027662	1.127121729939681	0.7844997689933733
2003	02	20	2.1039488958	1.127121729939681	0.9833554463214729
2003	02	21	1.592022771	0.9858301170697495	1.2278026805032083
2003	02	22	8.061049385	0.9922524631092918	1.2250147313616788
2003	02	23	0.6584641419499999	1.220245747513045	1.3758691172784079
2003	02	24	8.9055751225	1.2941027269677818	0.7689652995558491
2003	02	25	6.7267994788	2.3730568616108956	1.0673430206081327
2003	02	26	6.101837914	2.010194310376753	0.9406966506648271
2003	02	27	3.0887506437	2.122585366068744	1.1936883673530636
2003	02	28	0.060932133363999996	1.7565116418148305	1.2688310264784073
2003	03	01	3.7587983262	1.6826546623600935	1.192754630669835
2003	03	02	0.40858250314	1.6087976829053567	1.6725756707472927
2003	03	03	0.10714032413999999	1.4482390319167981	1.7407151701566843
2003	03	04	0.009398214079	1.3326368032050362	2.515873197522523
2003	03	05	0.26395454006	1.2170345744932738	2.0664250223331564
2003	03	06	0.0051861788241	1.12391055691991	2.022788796759902
2003	03	07	0.0072002434778	1.01473067424769	1.6763436466272195
2003	03	08	0.0015450748996	0.9922524631092918	2.3494911347782454
2003	03	09	0.00048650499702	0.937662521773182	2.616975097358764
2003	03	10	0.0	0.8702278883579874	2.649269784749267
2003	03	11	0.0	0.8092156009823351	2.6176817952948457
2003	03	12	0.0020804624962	0.7289362754880558	2.7822330924551886
2003	03	13	1.2697113908000002	0.7128804103892	2.8752120406597292
2003	03	14	0.26856212401999996	0.7353586215275981	2.468935512230845
2003	03	15	0.0051760175469	0.7000357183101152	2.456877934934258
2003	03	16	0.0042760307634	0.6871910262310306	2.5005963841678724
2003	03	17	0.39454155580000005	0.6711351611321748	1.8313277815629085
2003	03	18	0.15781103010999997	0.6486569499937765	2.126745805013394
2003	03	19	1.0244369499000001	0.6422346039542342	2.0269824799669807
2003	03	20	0.0	0.6133340467762937	2.770766633870607
2003	03	21	0.0018982153503999998	0.5940670086576666	2.7517443928485603
2003	03	22	2.6190106290000004	0.5651664514797261	2.2961832104617916
2003	03	23	6.974711302999999	0.5844334895983532	2.3294173186651634
2003	03	24	1.8471478843	0.5266323752424721	2.3644870744969806
2003	03	25	7.1070944659999995	0.49130947202498915	1.1826424328538878
2003	03	26	13.294054199	0.5715887975192684	1.958295592364567
2003	03	27	9.829930485	0.693613372270573	1.8909124949664957
2003	03	28	0.9323238757	1.127121729939681	1.9931220644370347
2003	03	29	15.234950354999999	0.9922524631092918	2.2779725411460787
2003	03	30	8.9111089838	2.5432490316587675	1.6926975942584677
2003	03	31	0.24466770266	2.0134054833965243	2.4270533028985017
2003	04	01	0.0033134935117	1.4642948970156537	3.333853894326787
2003	04	02	0.00047006901754	1.2106122284537315	2.7354472571858253
2003	04	03	0.00047023762212	1.0532647504849442	2.5754098818434
2003	04	04	0.0023584537921999995	0.9216066566743261	2.598374600779166
2003	04	05	0.0014233555406	0.8702278883579874	3.0990798737295444
2003	04	06	0.0018934244698999999	0.8156379470218774	3.574708760308644
2003	04	07	0.0018999990117	0.7482033136066828	3.459494095697647
2003	04	08	0.06885203514800001	0.6968245452903441	3.894099043116134
2003	04	09	0.018896036778999998	0.677557507171717	2.7336637955665557
2003	04	10	8.950231732	0.6358122579146919	2.855921050459508
2003	04	11	1.6943433381	0.7096692373694288	1.9416911849805762
2003	04	12	7.748052178	0.8060044279625638	2.2542879662171993
2003	04	13	16.178652889	0.9183954836545549	1.9684067175516282
2003	04	14	4.3736050112	1.4899842811738233	1.9820949162821255
2003	04	15	0.42433272546	1.3775932254818324	2.754165604857601
2003	04	16	0.07838229046	1.0436312314256306	3.488604259474954
2003	04	17	0.7495655996999999	0.9119731376150125	3.265790923689727
2003	04	18	25.914301140000003	1.8785362165661348	2.4201657554264346
2003	04	19	4.814249761	4.624089148470486	1.8795313739411545
2003	04	20	3.6595086928	2.832254603438173	2.0630853597087313
2003	04	21	0.016526925139	2.3248892663143277	3.346539968697579
2003	04	22	4.1669891760999995	1.9652378880999566	2.8101501201147125
2003	04	23	1.6719721818	1.7404557767159747	2.6822823549199315
2003	04	24	1.3925106970999999	1.5220960113715352	2.9628933207970145
2003	04	25	7.616837092	1.4675060700354252	2.6945290922033394
2003	04	26	0.44229205823999995	1.7083440465182629	3.1098813934172846
2003	04	27	0.14428699269	1.5188848383517641	3.9976242776865787
2003	04	28	3.730519171	1.3390591492445783	2.989625145102847
2003	04	29	3.0626895112	1.297313899987553	2.5958485712242827
2003	04	30	2.1966475527	1.220245747513045	2.742040533470376
2003	05	01	0.001835813346	1.1688669791967063	3.470259867473027
2003	05	02	0.056998701901	1.0596870965244864	2.883539236512485
2003	05	03	0.0	0.9055507915754702	4.809431722834795
2003	05	04	0.116000387828	0.825271466081191	3.5899117455630702
2003	05	05	0.84685410432	0.8092156009823351	2.9066574457870424
2003	05	06	0.050785663939	0.7738926977648523	3.1993217998191925
2003	05	07	0.3114404328	0.6968245452903441	3.469663960324514
2003	05	08	0.0011192351673	0.6807686801914883	3.81648124574471
2003	05	09	0.19808960097999997	0.6486569499937765	4.281508946231303
2003	05	10	0.007327856607	0.5972781816774378	4.447621109296338
2003	05	11	0.04950508535099999	0.5394770673215568	4.436002073480539
2003	05	12	0.0009401379689	0.5041541641040739	4.771851471436033
2003	05	13	0.0023607200159999997	0.4784647799459045	4.7471118426726004
2003	05	14	0.0	0.4624089148470486	4.871408419689315
2003	05	15	0.0028871062502	0.4399307037086505	5.057944570043848
2003	05	16	0.015498806705999998	0.41424131955048105	4.104788782009973
2003	05	17	0.004024362783	0.3885519353923117	4.6567372075750955
2003	05	18	0.0019260129358	0.3628625512341423	4.669758855952772
2003	05	19	0.034519121804	0.3307508210364306	3.9486461589654733
2003	05	20	0.0009467126210000001	0.3307508210364306	5.116218321391818
2003	05	21	0.0033123066837	0.30506143687826126	5.721778082604306
2003	05	22	0.0009467126210000001	0.2890055717794054	6.185929792597499
2003	05	23	0.0009499996712999999	0.2890055717794054	5.656357830693877
2003	05	24	0.6222474127	0.2761608797003207	3.4817118703191037
2003	05	25	0.0037893734862	0.2568938415816937	4.227401687061314
2003	05	26	0.0	0.24083797648283783	4.554123076984505
2003	05	27	0.0018802757172000002	0.2344156304432955	5.472590408188033
2003	05	28	0.0028335625491000003	0.19909272722581262	5.973816011082788
2003	05	29	0.0019644935174	0.12844692079084685	6.301444578540202
2003	05	30	2.3459270212	0.1348692668303892	5.056221510814362
2003	05	31	1.6441959946000002	0.11239105569199097	5.075494533907913
2003	06	01	0.11117064201999999	0.17019217004787207	4.397191126210554
2003	06	02	0.20578670999999998	0.17019217004787207	4.135826405998359
2003	06	03	1.9787961184	0.1798256891071856	4.216602981273649
2003	06	04	4.6140886819	0.17340334306764324	3.5535424114721437
2003	06	05	0.0023541587102000002	0.16055865098855854	5.143551790451849
2003	06	06	0.0	0.1445027858897027	6.145484869704712
2003	06	07	0.30350871568	0.12523574777107566	5.803550926923984
2003	06	08	0.0032447784868000003	0.10917988267221983	5.900093604168066
2003	06	09	0.0009401379689	0.09954636361290631	6.0336565412432845
2003	06	10	0.00047993057655	0.09312401757336396	5.656258761209813
2003	06	11	6.915798969999999e-06	0.0770681524745081	6.694986907183853
2003	06	12	0.34094676374	0.07064580643496576	6.970982629286195
2003	06	13	0.7169365434	0.0674346334151946	7.090854991468114
2003	06	14	0.029508984758	0.041745249257025226	5.951892877316905
2003	06	15	0.044166805805	0.0449564222767964	6.004597830931677
2003	06	16	0.13199041779	0.0449564222767964	4.706026603426529
2003	06	17	0.22946114904	0.08027932549427927	5.589410973089113
2003	06	18	0.00047006901754	0.07385697945473693	6.39983595343333
2003	06	19	0.0	0.009633519059313513	7.1515047564610486
2003	06	20	0.00094385493551	0.0	7.3539114940080506
2003	06	21	0.46939904431	0.0	6.960941213870477
2003	06	22	0.13234258363	0.0	5.606434671174082
2003	06	23	0.11455504309999999	0.003211173019771171	6.09896298067809
2003	06	24	0.06273371400200001	0.0	4.654316329999255
2003	06	25	0.011894907523	0.0	5.89884985793868
2003	06	26	0.002391770569	0.0	5.7991962026158435
2003	06	27	0.0028442596637	0.0	6.37353655348201
2003	06	28	0.0	0.0	5.846873165718474
2003	06	29	7.554939268899999	0.0	4.163050100010063
2003	06	30	1.202713406	0.0	3.4804021751673293
2003	07	01	0.3455338319	0.0	3.4176119177170476
2003	07	02	0.93645951905	0.0	3.5797650984821927
2003	07	03	0.0017613791558	0.0	4.749333681548007
2003	07	04	0.001893424139	0.0	5.743011157202092
2003	07	05	0.00833695932	0.0	5.684470174262106
2003	07	06	0.027309081039	0.0	6.04211186694914
2003	07	07	0.0023299746631	0.0	6.638528415146888
2003	07	08	0.0023273496334	0.0	6.843879575345091
2003	07	09	0.0	0.0	6.947216289147372
2003	07	10	0.0	0.0	7.2359346293275415
2003	07	11	0.0018868505899	0.0	7.294757322415381
2003	07	12	0.021152105258	0.0	6.451482534018778
2003	07	13	0.028157478857999997	0.0	5.542379232840542
2003	07	14	0.041767025250000006	0.0	5.20727327361817
2003	07	15	5.668387040500001	0.0	3.5189054451965873
2003	07	16	0.0019563365015	0.0	4.194516637019116
2003	07	17	0.0004865203949	0.0	5.734121232619294
2003	07	18	0.0009434252398000001	0.0	5.467131649306967
2003	07	19	0.0050572534558	0.0	5.412321413872658
2003	07	20	0.0027873469594	0.0	5.139525068530636
2003	07	21	0.001437000533	0.0	5.626831825330376
2003	07	22	0.00047993057655	0.0	5.897225667032637
2003	07	23	0.0035142228564	0.0	5.154769175599287
2003	07	24	0.00048650499702	0.0	5.7581686586864205
2003	07	25	0.0069064691342	0.0	5.286349359954191
2003	07	26	0.009758560869999999	0.0	5.132254062504511
2003	07	27	0.23817665795999998	0.0	4.743420994709923
2003	07	28	0.0014283093342000001	0.0	6.3295309980830705
2003	07	29	0.00047208738620999996	0.0	6.6607822541703605
2003	07	30	0.0	0.0	6.691911325164644
2003	07	31	0.0009401379689	0.0	7.375449975613808
2003	08	01	0.005164765843899999	0.0	7.6181696412535285
2003	08	02	1.3456001071	0.0	6.727393546931054
2003	08	03	0.024799108578000002	0.0	6.871400438527057
2003	08	04	0.0019086272292	0.0	6.894591783784935
2003	08	05	1.5793469847000001	0.0	6.707023883708252
2003	08	06	0.0006747776774	0.0	6.92500160438459
2003	08	07	0.19559526575000002	0.0	6.78984035796027
2003	08	08	0.009748276497999999	0.0	7.005426350638013
2003	08	09	0.0013817063709	0.0	6.30356008943617
2003	08	10	0.013908180332999998	0.0	6.40385905198222
2003	08	11	0.020196653568	0.0	6.423259127929663
2003	08	12	0.025136626577999997	0.0	6.731182250105409
2003	08	13	0.016796664892	0.0	6.230931440285321
2003	08	14	0.0	0.0	5.726141159405832
2003	08	15	0.0007136863774199999	0.0	4.559630233434418
2003	08	16	0.047084161389	0.0	4.133117948047111
2003	08	17	0.26190716249	0.0	4.583709766795516
2003	08	18	0.0013472340913000002	0.0	5.298633574073211
2003	08	19	0.000948020779	0.0	5.398716157397126
2003	08	20	0.0018950865806	0.0	5.484576105363236
2003	08	21	0.0014666549086	0.0	5.637324734783255
2003	08	22	0.23667800082999998	0.0	5.23957414621783
2003	08	23	2.3541496656	0.0	4.803607547441322
2003	08	24	0.027562753391000002	0.0	4.6441583597390155
2003	08	25	0.0094110166	0.0	4.082557279960628
2003	08	26	0.0	0.0	4.490153903330736
2003	08	27	2.479647682	0.0	3.0070590253753844
2003	08	28	7.68237294	0.0	3.061892956259609
2003	08	29	0.9103818967	0.0	3.1449443739631517
2003	08	30	0.77842070841	0.0	3.3215074744412387
2003	08	31	3.0553460681000004	0.0	3.484963574814545
2003	09	01	1.0824656696	0.003211173019771171	3.170714577728164
2003	09	02	1.5384728931	0.003211173019771171	3.1130881468925464
2003	09	03	0.22033628372999997	0.003211173019771171	3.5734477871439774
2003	09	04	0.053626533090999996	0.006422346039542342	3.8895523320791305
2003	09	05	0.06276733675099999	0.012844692079084685	3.7832969478336427
2003	09	06	0.0009628316424000001	0.019267038118627025	4.255512901249669
2003	09	07	0.086007433142	0.0224782111383982	3.2198793422946053
2003	09	08	0.34514528912	0.0224782111383982	3.2054612509240816
2003	09	09	0.009815416108	0.0224782111383982	3.591517144266265
2003	09	10	0.0	0.0224782111383982	4.438540607320029
2003	09	11	0.0028495711602	0.0224782111383982	4.75268389696323
2003	09	12	0.00047993057655	0.0224782111383982	4.555728045598169
2003	09	13	0.001422372547	0.0224782111383982	4.921494996052514
2003	09	14	0.0009532868318999999	0.0224782111383982	4.985509024314915
2003	09	15	0.00048650499702	0.019267038118627025	4.227542477074705
2003	09	16	0.0	0.019267038118627025	4.246122635775535
2003	09	17	0.00094013803508	0.019267038118627025	4.287975506189099
2003	09	18	0.0019026454396	0.016055865098855857	4.41839101996234
2003	09	19	0.0	0.012844692079084685	3.884334818474417
2003	09	20	0.0029814469432	0.012844692079084685	3.4773041264222866
2003	09	21	0.17553840199	0.012844692079084685	3.0989850110570005
2003	09	22	0.37459600679999994	0.009633519059313513	2.8789616344967763
2003	09	23	0.0024336094547	0.009633519059313513	3.456323716228942
2003	09	24	0.0028510759831	0.009633519059313513	3.836446447105926
2003	09	25	0.0009445083858	0.009633519059313513	3.7327214909909396
2003	09	26	0.7472041428799999	0.009633519059313513	3.5228411149626733
2003	09	27	0.01592263225	0.006422346039542342	3.195666766421514
2003	09	28	0.07379395385	0.006422346039542342	2.597693535563741
2003	09	29	1.4392802134	0.006422346039542342	2.4379895164528187
2003	09	30	39.332340259999995	0.009633519059313513	1.639941462631465
2006	10	01	0.088393940195	0.019267038118627025	2.3111665284386076
2006	10	02	11.345988543	0.019267038118627025	2.5932102620723128
2006	10	03	1.488541517	0.019267038118627025	1.7598124310496002
2006	10	04	1.469621758	0.019267038118627025	1.838321322373645
2006	10	05	0.002537709602	0.019267038118627025	2.3582556869539046
2006	10	06	0.08949207045	0.019267038118627025	2.8551326462387654
2006	10	07	0.27346865407	0.019267038118627025	2.1537958057765576
2006	10	08	0.15571684121999999	0.019267038118627025	2.674654015234391
2006	10	09	0.24330523294	0.019267038118627025	2.685535089358682
2006	10	10	3.0457529462	0.019267038118627025	1.9738150951628033
2006	10	11	2.900274526	0.019267038118627025	1.9024815338809347
2006	10	12	0.0	0.019267038118627025	2.3544061860759573
2006	10	13	0.00047993057655	0.019267038118627025	2.6343671098120556
2006	10	14	0.0009489111206	0.019267038118627025	2.6210658167846983
2006	10	15	0.47047520832000006	0.019267038118627025	2.089774501383745
2006	10	16	20.079543645999998	0.019267038118627025	1.534831965026582
2006	10	17	4.4883302471999995	0.019267038118627025	1.6152656603834556
2006	10	18	13.7394505625	0.019267038118627025	1.1495521512354339
2006	10	19	7.684228847799999	0.019267038118627025	0.9320575216197469
2006	10	20	10.827320440999998	0.019267038118627025	1.3142417902568442
2006	10	21	0.5954673448	0.019267038118627025	1.330648407253176
2006	10	22	27.387873844	0.0224782111383982	1.1624489869838397
2006	10	23	21.22280094	0.49130947202498915	1.554269867691032
2006	10	24	14.266374068000001	0.956929559891809	1.7571519959697712
2006	10	25	45.24490558	9.280290027138685	1.2862908404938018
2006	10	26	4.6458241979	5.298435482622432	1.1302397588289357
2006	10	27	0.02440988635	2.9863909083871896	1.9967581962882301
2006	10	28	0.00047993057655	2.100107154930346	2.431596885551198
2006	10	29	0.0019089489743	1.6409094131030684	2.4569876472128933
2006	10	30	0.13092368443	1.3775932254818324	2.1032732019889084
2006	10	31	0.36186427634	1.1720781522164774	1.5406042990227509
2006	11	01	0.07725033670999999	1.0115195012279188	1.6152589520323077
2006	11	02	1.5909778991	0.9087619645952414	1.5153723918945137
2006	11	03	9.631241580000001	1.1688669791967063	1.1036251043543168
2006	11	04	7.6159293230000005	2.5336155125994537	0.8248974628257857
2006	11	05	5.605236430000001	3.3075082103643068	0.7660438377750032
2006	11	06	3.2808301521	9.440848678127242	1.0811917485630824
2006	11	07	4.968452139100001	4.527753957877351	1.249772666422326
2006	11	08	0.28367579401000004	3.211173019771171	1.4095279077000833
2006	11	09	0.07568017208999998	2.552882550718081	1.5433221487696853
2006	11	10	0.0029520054465999998	2.145063577207142	1.5808370033987802
2006	11	11	0.0005029484769	1.801468064091627	1.5085998033951502
2006	11	12	0.0031335344291	1.5991641638460434	1.514310830256142
2006	11	13	0.006187609399999999	1.4386055128574848	1.5078804587077816
2006	11	14	0.005273391159	1.3101585920666379	1.4522754447190733
2006	11	15	11.19518528	1.2041898824141892	0.8934441443947747
2006	11	16	5.7905103181	4.1745249257025225	1.2294554316306732
2006	11	17	4.39749555	2.6138948380937332	0.9890463236237681
2006	11	18	1.6799706965999999	2.784087008141605	0.858184532257508
2006	11	19	0.885115586	2.2413987678002774	0.8332489954989115
2006	11	20	0.19646675708	1.9973496182976684	0.871096992702748
2006	11	21	0.6004695601000001	1.7629339878543728	0.9463829740590178
2006	11	22	0.39832625764	1.6216423749844413	0.7132354537093187
2006	11	23	6.927176084099999	1.5670524336483314	0.5093806790929242
2006	11	24	76.66553714000001	17.051328734984917	0.9262560863593858
2006	11	25	4.1338991761	31.437383863559763	0.8140580794751328
2006	11	26	0.31564192524999996	6.743463341519459	0.8672216078291181
2006	11	27	3.9174429265	4.49564222767964	0.6313862991725322
2006	11	28	5.810790407	5.3626589430178555	0.921609563070596
2006	11	29	3.783770908e-06	3.885519353923117	1.0964154084710294
2006	11	30	0.0	3.1244713482373494	1.141334373845165
2006	12	01	0.07238897009800001	2.713441201706639	1.0335176706446354
2006	12	02	12.545201027000001	2.9510680051697062	0.8206370524816243
2006	12	03	5.0568850538	2.723074720765953	0.9212414518478979
2006	12	04	1.8236433955	2.4308579759667763	0.7425633186124441
2006	12	05	16.629756726	2.8418881224974863	0.9015282132418072
2006	12	06	0.42671642979	4.656200878668198	0.6880333462639415
2006	12	07	4.839573538	3.057036714822155	0.9111933891322995
2006	12	08	7.453299693999999	8.798614074173008	0.9393107522624822
2006	12	09	0.126845125742	4.270860116295657	0.6151409266107832
2006	12	10	0.0009559649159	3.211173019771171	0.7802732454062288
2006	12	11	0.0	2.7359194128450377	0.8329648961712083
2006	12	12	0.002828285025	2.459758533144717	0.8617031451787103
2006	12	13	0.0086487304322	2.212498210622337	0.8143042075069944
2006	12	14	0.0015051936183000001	2.0519395596337784	0.9231668508487954
2006	12	15	0.005815514556	1.9010144277045333	0.8820689671436979
2006	12	16	0.0025235495086	1.7629339878543728	0.8720757045395078
2006	12	17	0.005314530853	1.666598797261238	0.8920412243193907
2006	12	18	0.106255315545	1.5766859527076449	0.7424582976137757
2006	12	19	0.04075200053	1.4867731081540523	0.7274569454854303
2006	12	20	0.015290661781999998	1.3647485334027476	0.6303621132096947
2006	12	21	0.0009401379689	1.2908915539480106	0.68828650769374
2006	12	22	0.007775231201	1.2138234014735025	0.709907232865218
2006	12	23	0.021831583039	1.1913451903351044	0.6642587637653766
2006	12	24	0.0019002518193	1.1303329029594522	0.7853571301132115
2006	12	25	0.0	1.0628982695442577	0.8411279729012656
2006	12	26	0.0023593419278	1.0404200584058594	0.830974671000595
2006	12	27	0.0028449212431	0.995463636129063	0.9226481071196854
2006	12	28	0.0018120440268999999	0.9408736947929531	0.861847668415904
2006	12	29	0.09307684251000001	0.9344513487534107	0.8373203761300803
2006	12	30	0.43141266186000005	0.9344513487534107	0.6683946649054647
2006	12	31	0.23226553756999999	0.883072580437072	0.5248901813005064
2007	01	01	0.06621036559	0.8734390613777586	0.9100264873093526
2007	01	02	0.010957809753000002	0.8573831962789027	0.9520246475815634
2007	01	03	0.0015312047849	0.8092156009823351	1.0961824777520444
2007	01	04	0.0016745969909	0.8092156009823351	1.0436762990779047
2007	01	05	0.027183357789999998	0.751414486626454	0.9328184006990582
2007	01	06	0.030667087329	0.7482033136066828	0.9158308592241566
2007	01	07	0.32434553279999995	0.7000357183101152	1.0490569728799435
2007	01	08	0.06436959095	0.6871910262310306	0.7865939688476369
2007	01	09	0.05774944561499999	0.6871910262310306	0.7779506096869032
2007	01	10	0.0049643431332	0.65829046905309	0.7992189356131048
2007	01	11	0.0	0.6293899118751495	1.0873469593460228
2007	01	12	0.0025173963128	0.6037005277169801	1.0861087024999152
2007	01	13	0.004889442374	0.6037005277169801	1.1858532067144139
2007	01	14	0.019661924682999998	0.6037005277169801	0.9625652217665325
2007	01	15	2.525087973	0.6037005277169801	0.8581638235602891
2007	01	16	0.02157033418	0.6037005277169801	1.040147962702752
2007	01	17	0.07568676803	0.5683776244994972	0.8367890262783869
2007	01	18	0.07306616136	0.5651664514797261	1.0368898558683746
2007	01	19	0.005107705889100001	0.561955278459955	1.2465423062705825
2007	01	20	0.022330936508	0.5523217594006414	1.1047984758221865
2007	01	21	0.10236922043	0.5266323752424721	0.8554437259548355
2007	01	22	3.4011236630000004	0.5234212022227008	0.7708769584868472
2007	01	23	0.034193489732	0.5234212022227008	0.8088414193949521
2007	01	24	0.01616295389	0.5234212022227008	0.7650918869637046
2007	01	25	1.021893101	0.5202100292029297	0.7080636586003174
2007	01	26	0.0016343360570000001	0.48167595296567567	0.6359275615154905
2007	01	27	0.001893424139	0.4527753957877351	0.780776724608615
2007	01	28	0.020315212832	0.4527753957877351	1.028996681520087
2007	01	29	5.4747631115	0.4495642227679639	0.7757109471975787
2007	01	30	1.137480883	0.4270860116295657	0.8342750801171922
2007	01	31	0.046685283498999995	0.4527753957877351	1.058201529063978
2007	02	01	0.00047993057655	0.4527753957877351	1.119494978908908
2007	02	02	0.0	0.4527753957877351	1.2316142627719266
2007	02	03	1.7976055362999999	0.4495642227679639	0.9049573157843581
2007	02	04	0.6387027388	0.4367195306888793	1.0794254632045406
2007	02	05	0.48552883099	0.4270860116295657	0.9960305941501997
2007	02	06	0.10467835093	0.4270860116295657	1.1694598020439948
2007	02	07	3.0047513478	0.4302971846493369	0.9320253505455633
2007	02	08	18.23957199	0.4784647799459045	0.7561342294386486
2007	02	09	1.2160781261	0.9216066566743261	1.1288314480683366
2007	02	10	0.22657106844	0.8381161581602756	1.232227247239971
2007	02	11	7.2409225589999995	0.7353586215275981	0.8438739334476311
2007	02	12	9.306142257000001	1.544574222509933	1.4008775809042031
2007	02	13	0.8096154014500001	1.7886233720125422	1.5181166497593592
2007	02	14	6.386523978800001	1.8175239291904828	1.5441822488151706
2007	02	15	1.2110987429000002	1.9010144277045333	1.4403640059225626
2007	02	16	8.3763813121	1.5285183574110774	1.4730743669065527
2007	02	17	0.14774894569999997	1.785412198992771	1.03827760767798
2007	02	18	0.0023478962071	1.5509965685494755	1.1966460794808698
2007	02	19	3.8833495274	1.3647485334027476	1.3761168701075925
2007	02	20	2.9114107449000004	1.4257608207784	1.3132618925662822
2007	02	21	0.6728084915	1.4257608207784	1.5494794855462672
2007	02	22	2.3490531437999995	1.3005250730073243	1.1941282430953621
2007	02	23	2.6322012957	1.2652021697898415	1.18290292360401
2007	02	24	0.14758488548	1.2652021697898415	1.310513753739788
2007	02	25	1.262629469	1.2652021697898415	1.594039577702404
2007	02	26	0.0002942471997	1.2266680935525873	1.6834568787868545
2007	02	27	0.0013760050742000001	1.1431775950385368	2.325973466223413
2007	02	28	0.6199798653	1.0757429616233423	1.6269821498076495
2007	03	01	0.06980525216	1.0628982695442577	1.7006027203364138
2007	03	02	0.09345942357499999	1.0018859821686052	1.741468026976843
2007	03	03	0.19260314661999997	0.9472960408324955	1.8134629481808318
2007	03	04	4.7264810728999995	0.9344513487534107	1.6674090111945652
2007	03	05	0.006202478943000001	0.9344513487534107	1.684829070891266
2007	03	06	2.0896012924000003	0.9344513487534107	1.536522325684974
2007	03	07	1.6386571698	0.9344513487534107	1.5083092115524352
2007	03	08	0.0009401379689	0.956929559891809	1.9877195588272147
2007	03	09	0.0004799305214	0.8605943692986738	2.3222888466122873
2007	03	10	0.0	0.8027932549427927	2.326365187642
2007	03	11	0.00094013803508	0.7482033136066828	2.5009617535926347
2007	03	12	0.0	0.7032468913298865	2.3380903312699393
2007	03	13	0.0023700565801000003	0.6871910262310306	2.4701289820965466
2007	03	14	0.0018868503693000001	0.6679239881124036	2.5590465093465875
2007	03	15	0.008332471212999999	0.6454457769740053	2.627047474402224
2007	03	16	0.37986882109000003	0.6165452197960648	2.6140753065839104
2007	03	17	0.0	0.6037005277169801	2.352269147999901
2007	03	18	0.0009401379689	0.6037005277169801	2.706988601341667
2007	03	19	0.19649040539999998	0.5651664514797261	1.5749754493078214
2007	03	20	0.0033276989384	0.545899413361099	1.7449528985842937
2007	03	21	0.39758963012	0.5234212022227008	1.739364649740954
2007	03	22	0.025023359507999998	0.5234212022227008	2.1835198337878987
2007	03	23	0.036375588825	0.4848871259854468	2.1763014488339776
2007	03	24	0.0	0.48167595296567567	2.7518434165633754
2007	03	25	0.8473713672	0.48167595296567567	2.4891259295213075
2007	03	26	4.963864651800001	0.468831260886591	1.9568877190793375
2007	03	27	0.19640937902000002	0.45598656880750627	2.0380329220562268
2007	03	28	3.2505757445	0.45598656880750627	2.0103816998993893
2007	03	29	0.0	0.4527753957877351	2.5256192943507174
2007	03	30	0.59117938818	0.4527753957877351	2.1304512390465917
2007	03	31	2.711071421	0.4527753957877351	2.103453727328698
2007	04	01	0.59096463408	0.4527753957877351	2.342465021315935
2007	04	02	1.0143002696	0.4527753957877351	2.222515119815259
2007	04	03	3.4128602448	0.44314187672842154	2.061150675389714
2007	04	04	0.23468872929999998	0.4495642227679639	2.567639617344754
2007	04	05	0.7600193925000001	0.4270860116295657	2.2086634247288184
2007	04	06	0.21118983271	0.4270860116295657	2.7527517228949905
2007	04	07	2.2409763506	0.4078189735109387	2.5296868354351
2007	04	08	3.4201896798	0.39818545445162523	2.7373079751531986
2007	04	09	6.216061285	0.41424131955048105	2.714961923923779
2007	04	10	0.6452193731000001	0.44635304974819273	3.0791406759849087
2007	04	11	8.219454524	0.45598656880750627	2.8225866646958977
2007	04	12	0.77977252315	0.5555329324204126	3.123316844887819
2007	04	13	2.0314717585	0.5137876831633874	2.8901731294114463
2007	04	14	0.021522822455	0.4624089148470486	3.530251987124712
2007	04	15	0.10669515334	0.4238748386097946	3.7804752033460134
2007	04	16	0.065552738239	0.3885519353923117	3.988034317410676
2007	04	17	0.27071595212	0.3435955131155153	4.1037090184499885
2007	04	18	0.16117866559	0.3339619940562018	3.9303252853331627
2007	04	19	1.6265462298	0.3435955131155153	3.936391378832474
2007	04	20	4.543099712199999	0.3435955131155153	3.3144460351627814
2007	04	21	0.25734375368	0.3500178591550576	4.1403882189219505
2007	04	22	0.01334465653	0.3724960702934558	4.181185104539113
2007	04	23	0.0042316928106	0.36928489727368463	4.605789494003668
2007	04	24	0.9550061883000001	0.31469495593757474	3.9694712867882234
2007	04	25	10.414120096	0.31469495593757474	2.51575307628842
2007	04	26	3.945791681	0.3724960702934558	2.1304283571122813
2007	04	27	3.6973359675000004	0.3724960702934558	2.7803995741624177
2007	04	28	5.491580000999999	0.3885519353923117	2.7413499654614695
2007	04	29	0.13948079151999998	0.39818545445162523	3.3703206104145975
2007	04	30	2.906168958	0.39176310841208284	2.4445094069107762
2007	05	01	10.204225814	0.3628625512341423	2.515428181653458
2007	05	02	10.114860754	0.41424131955048105	2.4820198219663707
2007	05	03	0.45759826790999997	0.6101228737565225	3.4362512059602532
2007	05	04	0.5823078930000001	0.6133340467762937	3.332106367142728
2007	05	05	0.0017413787877	0.5491105863808703	3.8912026947733547
2007	05	06	0.0009401379689	0.47204243390636214	4.192666765555817
2007	05	07	0.00047993063170000003	0.4367195306888793	4.460818914995212
2007	05	08	0.0	0.39176310841208284	4.6935077697941505
2007	05	09	0.0009467126210000001	0.3596513782143712	5.069501876491214
2007	05	10	0.003793424364	0.3211173019771171	4.394873468666405
2007	05	11	0.0037135733408	0.30185026385849006	4.311141867108697
2007	05	12	0.0037984576839000003	0.27937205272009186	4.473668024618299
2007	05	13	1.0421260918000002	0.26331618762123604	2.918970825900082
2007	05	14	1.4560208856	0.2504714955421513	3.134051823236627
2007	05	15	0.0018967119614	0.2312044574235243	4.2765222749444405
2007	05	16	0.0018660677536000002	0.2344156304432955	5.145753524120635
2007	05	17	0.0009467126210000001	0.2344156304432955	5.55410248004312
2007	05	18	0.1416424068	0.22478211138398194	5.793004387359027
2007	05	19	1.9841876927	0.20872624628512612	4.973630027197518
2007	05	20	11.695330702999998	0.20551507326535495	3.269497203049742
2007	05	21	5.010163518	0.26331618762123604	2.983950584556716
2007	05	22	19.944204443	0.244049149502609	2.9496096156791367
2007	05	23	4.4806167476	0.2344156304432955	3.6850254575843295
2007	05	24	8.017830536	0.24726032252238017	3.5059073683172928
2007	05	25	2.3193084324999997	0.2761608797003207	3.5392320622533813
2007	05	26	3.0046267087999996	0.3500178591550576	3.8498905286071383
2007	05	27	1.1593586674	0.3628625512341423	2.663586248355453
2007	05	28	0.0045160531595	0.3211173019771171	3.3707404699649586
2007	05	29	0.08397617701999999	0.27937205272009186	4.23492240925315
2007	05	30	0.8993446169	0.2536826685619225	3.225382243949928
2007	05	31	1.4590742102	0.22478211138398194	3.119485961991858
2007	06	01	0.00209586545	0.20872624628512612	4.645600194332825
2007	06	02	0.0009531426698	0.19267038118627025	5.115834780076985
2007	06	03	0.0	0.12844692079084685	4.763361513419624
2007	06	04	0.0	0.1348692668303892	5.453485399865642
2007	06	05	0.0009409751458999999	0.1669809970281009	5.3083078432679605
2007	06	06	0.0009467126210000001	0.1220245747513045	5.911493375457022
2007	06	07	0.11761228335000001	0.09954636361290631	5.809407988631644
2007	06	08	1.1926539357	0.0899128445535928	4.442187941171157
2007	06	09	2.055567345	0.08349049851405045	4.220930811040352
2007	06	10	1.5757423807	0.08349049851405045	4.0898004537877455
2007	06	11	0.0060580653589999995	0.08349049851405045	4.795211323810027
2007	06	12	0.0030750157568	0.08349049851405045	5.048011819954874
2007	06	13	0.42608744404	0.0770681524745081	3.7293341584220214
2007	06	14	15.049530540000001	0.10275753663267748	3.0390541439853
2007	06	15	0.30116179639999996	0.08349049851405045	3.9689981187871393
2007	06	16	11.357409005	0.14129161286993153	3.360472418365438
2007	06	17	14.838314863999999	0.2890055717794054	3.1340990161313225
2007	06	18	0.47382093822	0.31469495593757474	3.7730032313646875
2007	06	19	6.132795815	0.31469495593757474	2.6822273239821253
2007	06	20	0.32030923666	0.30185026385849006	3.5128030777690715
2007	06	21	0.47626229636	0.2729497066805495	3.706706468682844
2007	06	22	0.0028401375321	0.24083797648283783	4.832484893278011
2007	06	23	0.0009467126210000001	0.20230390024558378	5.897239247809427
2007	06	24	0.013016880226	0.17019217004787207	4.82980673012547
2007	06	25	0.037605191165	0.14771395890947386	3.4961318394142675
2007	06	26	0.00047006901754	0.12844692079084685	5.040428604308117
2007	06	27	0.0	0.09954636361290631	5.557203592333999
2007	06	28	0.003433849673	0.08349049851405045	5.673289113423687
2007	06	29	0.0035065081435	0.05137876831633874	5.758604830894548
2007	06	30	0.0009392756434999999	0.02568938415816937	5.900591816179837
2007	07	01	0.066511779091	0.04816759529656756	3.9874222868750846
2007	07	02	0.0	0.04816759529656756	4.870778123074496
2007	07	03	0.12010206760200001	0.04816759529656756	4.7086146123295505
2007	07	04	0.0024215687758000004	0.03532290321748288	5.110821011773656
2007	07	05	0.0018868503693000001	0.03853407623725405	6.014237526656498
2007	07	06	0.0	0.03853407623725405	7.058272268869772
2007	07	07	0.0046818651641	0.03532290321748288	6.017972577078107
2007	07	08	0.005036991787	0.028900557177940538	5.602150048916741
2007	07	09	0.0	0.028900557177940538	4.987832976898646
2007	07	10	0.0	0.028900557177940538	5.5046874151181235
2007	07	11	0.0	0.02568938415816937	5.928987159552412
2007	07	12	0.0028383418481000003	0.02568938415816937	6.541088263302254
2007	07	13	0.0009467126210000001	0.02568938415816937	6.656740340070378
2007	07	14	0.00047006901754	0.02568938415816937	6.415163840394858
2007	07	15	0.8914023551	0.02568938415816937	5.155927375086431
2007	07	16	2.9197198644999998	0.0224782111383982	2.693934895882872
2007	07	17	0.02241886105	0.0224782111383982	4.670528031027756
2007	07	18	0.0030348775867999997	0.08027932549427927	5.156462065607106
2007	07	19	0.0043352308691	0.3724960702934558	4.429189252890488
2007	07	20	0.0019623647274	0.5105765101436162	4.920803156475
2007	07	21	9.166586285e-05	0.6518681230135476	4.886422847626449
2007	07	22	0.0039169930128	0.6968245452903441	5.118529463862084
2007	07	23	2.1076981031	0.8734390613777586	3.580227413723052
2007	07	24	0.001890752673	1.0982211727617406	5.829778291918586
2007	07	25	0.0	1.1014323457815116	6.1019552165599995
2007	07	26	0.0	0.9665630789511224	6.03465904815538
2007	07	27	0.0009467126210000001	0.8381161581602756	6.343969197886856
2007	07	28	0.0	0.677557507171717	6.964785275429481
2007	07	29	0.0	0.5330547212820144	7.019530288469008
2007	07	30	0.00047006901754	0.4078189735109387	7.081957577199512
2007	07	31	0.0014134932867000002	0.27937205272009186	6.637581778931265
2007	08	01	0.0016755443576000001	0.14129161286993153	5.2502411295989475
2007	08	02	0.0	0.057801114355881075	6.009991161467005
2007	08	03	0.0009401379689	0.03853407623725405	6.675319942050921
2007	08	04	0.0020604184493	0.03532290321748288	7.346984413608334
2007	08	05	3.0787401466	0.028900557177940538	5.834210912180371
2007	08	06	0.12817529520999998	0.02568938415816937	4.717101893820364
2007	08	07	0.00054074600369	0.02568938415816937	4.88103508619027
2007	08	08	0.0	0.02568938415816937	5.299569952753862
2007	08	09	0.0	0.0224782111383982	5.952368191717093
2007	08	10	0.0014354447515	0.0224782111383982	5.981108069708169
2007	08	11	0.059454432131	0.0224782111383982	5.434008711778721
2007	08	12	0.069114228175	0.0224782111383982	4.874997864925053
2007	08	13	0.00777624927	0.0224782111383982	5.003306117794905
2007	08	14	0.0045045700471	0.0224782111383982	5.3819016891714915
2007	08	15	2.8503375246	0.0224782111383982	3.12603311333977
2007	08	16	0.0029551780055000003	0.02568938415816937	4.552718719060606
2007	08	17	0.0	0.02568938415816937	5.2555004327978
2007	08	18	0.0009467126210000001	0.02568938415816937	5.0937664481005855
2007	08	19	3.2788434285e-05	0.0224782111383982	4.70564136602841
2007	08	20	0.0	0.0224782111383982	4.698925486896567
2007	08	21	0.0018861271322	0.019267038118627025	4.373017978796294
2007	08	22	0.0	0.0224782111383982	4.267387648440971
2007	08	23	0.0012344091036999999	0.0224782111383982	4.510522811733808
2007	08	24	0.03617592927999999	0.0224782111383982	4.5708952210527976
2007	08	25	13.499383164000001	0.0224782111383982	4.44054096931018
2007	08	26	12.407270877	0.0899128445535928	3.5109008316648547
2007	08	27	0.6023888904	0.5844334895983532	5.003499906790763
2007	08	28	0.0009401379689	1.0115195012279188	4.295023287384594
2007	08	29	0.0919299762	0.8862837534568431	3.636662110727655
2007	08	30	0.0009467537629	0.7353586215275981	3.7316381323419474
2007	08	31	0.0004799305214	0.6326010848949207	4.302541543264689
2007	09	01	0.0	0.5812223165785819	4.821499737732055
2007	09	02	0.0009532868318999999	0.4656200878668198	4.7598455605568075
2007	09	03	0.0	0.3724960702934558	4.923488313960341
2007	09	04	0.0	0.33717316707597295	4.531958367460906
2007	09	05	0.00047993057655	0.3114837829178036	4.893089350319428
2007	09	06	0.0	0.2697385336607784	5.061679655577847
2007	09	07	0.0	0.24083797648283783	4.829311878247382
2007	09	08	0.049941377000999994	0.20872624628512612	4.620850471909444
2007	09	09	1.5013656568	0.18303686212695672	4.107153596333769
2007	09	10	0.1535302099	0.15092513192924503	4.035300698413589
2007	09	11	0.0048836200782	0.1220245747513045	4.277688665325313
2007	09	12	1.9003828557	0.09633519059313513	4.152962213134099
2007	09	13	3.1423055954	0.07385697945473693	3.331997501842856
2007	09	14	0.5940376031100001	0.06101228737565225	3.9244574833363495
2007	09	15	0.6066089684	0.057801114355881075	3.551124581038355
2007	09	16	9.580124148	0.04816759529656756	3.3989039866170345
2007	09	17	3.36872745	0.028900557177940538	2.4790665564746095
2007	09	18	0.55197290022	0.019267038118627025	3.079329335900185
2007	09	19	0.010469315319	0.019267038118627025	3.4603009937120954
2007	09	20	0.043872244139999995	0.019267038118627025	3.704692552874325
2007	09	21	4.3533169807	0.019267038118627025	3.1182902433200486
2007	09	22	0.015995932115	0.019267038118627025	3.2288906018686396
2007	09	23	0.05995588130000001	0.019267038118627025	3.740405925599367
2007	09	24	0.0023583063211	0.019267038118627025	3.461825772385729
2007	09	25	0.00048650506319999995	0.019267038118627025	3.168472498089746
2007	09	26	0.00047993057655	0.019267038118627025	2.9165809748583653
2007	09	27	0.0023602065695000002	0.019267038118627025	2.8792919144084044
2007	09	28	0.0009401379689	0.019267038118627025	3.3949317028890666
2007	09	29	0.16163850629	0.019267038118627025	2.4442619880541367
2007	09	30	29.006933351	0.019267038118627025	1.5406000347640847
2007	10	01	14.333192705	0.019267038118627025	1.7894975923944652
2007	10	02	18.16229581	0.019267038118627025	1.4863897316928376
2007	10	03	9.133823876	0.019267038118627025	1.936349304382983
2007	10	04	0.42006773329999997	0.019267038118627025	2.00984555238099
2007	10	05	0.28406986282	0.019267038118627025	2.521330981359342
2007	10	06	0.021007276946	0.019267038118627025	2.5301280540300715
2007	10	07	0.00047993057655	0.019267038118627025	2.3731616550370895
2007	10	08	0.00053928425294	0.019267038118627025	2.6656370670335297
2007	10	09	0.0	0.019267038118627025	2.369508552951359
2007	10	10	0.0009401379689	0.019267038118627025	2.6072250244923225
2007	10	11	0.0	0.019267038118627025	1.9587207821966879
2007	10	12	0.00047006901754	0.019267038118627025	2.5062359897791064
2007	10	13	0.0028443506612	0.019267038118627025	2.5788410188658197
2007	10	14	0.0018967918186	0.019267038118627025	2.5355725819643244
2007	10	15	0.23949082731	0.019267038118627025	2.3127245712123305
2007	10	16	0.22592579138000002	0.019267038118627025	2.3126872909129226
2007	10	17	0.0018868503693000001	0.019267038118627025	2.1763814736595855
2007	10	18	0.0009401379689	0.019267038118627025	2.427176753066279
2007	10	19	0.0	0.019267038118627025	2.384477364834405
2007	10	20	0.0	0.019267038118627025	2.2812553724552496
2007	10	21	0.0	0.019267038118627025	2.473592140322125
2007	10	22	0.002838836323	0.019267038118627025	2.1697047827880156
2007	10	23	0.6917439130999999	0.019267038118627025	2.1087811611089293
2007	10	24	4.457155717	0.019267038118627025	1.410677446645023
2007	10	25	0.00047993057655	0.019267038118627025	1.6453584865985176
2007	10	26	0.0018967116305	0.019267038118627025	1.7492255503491816
2007	10	27	0.0018940322229	0.019267038118627025	1.6497301562362665
2007	10	28	0.0	0.019267038118627025	1.794527673438469
2007	10	29	0.0	0.019267038118627025	1.8080529478619072
2007	10	30	0.00094013803508	0.019267038118627025	1.3942495938564636
2007	10	31	0.0	0.016055865098855857	1.3717634133139143
2007	11	01	0.0019080404332000001	0.016055865098855857	1.6383646639248062
2007	11	02	0.0009401379689	0.016055865098855857	1.7836334474376023
2007	11	03	0.0009401379689	0.016055865098855857	1.858808612536197
2007	11	04	0.003787285066	0.016055865098855857	1.8546404759126152
2007	11	05	0.00048728958298000007	0.016055865098855857	1.852724339022061
2007	11	06	0.0009467126210000001	0.016055865098855857	1.7436523536669246
2007	11	07	0.0	0.016055865098855857	1.646857274957933
2007	11	08	0.0009467125106999999	0.016055865098855857	1.8658709011999308
2007	11	09	0.005931523022199999	0.016055865098855857	1.1311118841596866
2007	11	10	0.0004799305214	0.016055865098855857	1.4862544219778704
2007	11	11	0.0009425391999	0.016055865098855857	1.5858396948536253
2007	11	12	0.0004799305214	0.016055865098855857	1.5276292579499064
2007	11	13	0.0	0.016055865098855857	1.3897333540534529
2007	11	14	0.00047993057655	0.016055865098855857	1.4438343147334298
2007	11	15	0.0	0.016055865098855857	1.261704626989718
2007	11	16	0.0028417947896	0.016055865098855857	1.12269041392398
2007	11	17	0.0023664480053	0.016055865098855857	1.2084493506232636
2007	11	18	0.0	0.016055865098855857	1.2724659381418502
2007	11	19	15.787784985000002	0.016055865098855857	0.9960726145258136
2007	11	20	20.127619004	0.019267038118627025	0.8740552907183787
2007	11	21	2.0290318122	0.0224782111383982	0.7947486754630042
2007	11	22	2.6526767258999997	0.0224782111383982	0.9764434460707624
2007	11	23	0.011829607716999998	0.0224782111383982	0.8662878028552659
2007	11	24	0.0014099934676999998	0.019267038118627025	0.8815693576513551
2007	11	25	0.0006829582975	0.019267038118627025	0.8889362752698284
2007	11	26	0.0009598612082499999	0.019267038118627025	0.909916867351921
2007	11	27	0.0	0.019267038118627025	0.85202302617371
2007	11	28	0.00094013803508	0.019267038118627025	0.8939210310073966
2007	11	29	0.0	0.019267038118627025	0.996237187822377
2007	11	30	0.00052167924788	0.019267038118627025	1.0704868143370319
2007	12	01	1.0492911798	0.019267038118627025	0.9543415322676629
2007	12	02	0.028190474	0.0224782111383982	0.8702444365822207
2007	12	03	0.06203099270199999	0.0224782111383982	1.118907290181289
2007	12	04	0.038292939240000004	0.0224782111383982	1.098534067799749
2007	12	05	0.05123719574	0.0224782111383982	1.1377651422621473
2007	12	06	0.015001167299	0.0224782111383982	0.8901713141327208
2007	12	07	0.033053896604	0.0224782111383982	1.0217381332615907
2007	12	08	0.0496994152	0.0224782111383982	0.8898034564554526
2007	12	09	0.8234150895999999	0.0224782111383982	0.8225581125022344
2007	12	10	0.0019847398545	0.0224782111383982	0.8124536498190751
2007	12	11	0.0014023871797	0.0224782111383982	0.9653450802880623
2007	12	12	0.00047006901754	0.0224782111383982	0.9035950600836903
2007	12	13	0.00047993057655	0.0224782111383982	0.8959906515875269
2007	12	14	0.0009401379689	0.0224782111383982	0.8733856088329544
2007	12	15	0.00047993057655	0.0224782111383982	0.7978025149767675
2007	12	16	0.0009401379689	0.0224782111383982	0.7410495829016096
2007	12	17	5.520607652e-06	0.0224782111383982	0.7248545169233104
2007	12	18	7.6677699921	0.0224782111383982	0.7659712676468853
2007	12	19	0.7119624546	0.0224782111383982	0.6446597266301826
2007	12	20	1.5031219637	0.0224782111383982	0.5859392360815845
2007	12	21	0.0009598612082499999	0.0224782111383982	0.936320072261025
2007	12	22	0.0037837206112	0.0224782111383982	0.9177076267935523
2007	12	23	0.008925381141999998	0.0224782111383982	0.8205342032452054
2007	12	24	0.0	0.0224782111383982	0.9029902463040137
2007	12	25	7.665357731100001	0.0224782111383982	0.8741148479235972
2007	12	26	0.9820513732800001	0.0224782111383982	0.7407484477811949
2007	12	27	0.0	0.02568938415816937	0.9186692014468909
2007	12	28	0.0009401379689	0.02568938415816937	0.9024778881405888
2007	12	29	0.0011391422216	0.02568938415816937	0.8816345377681207
2007	12	30	0.010676999189000001	0.02568938415816937	0.8906474321697742
2007	12	31	0.0012207538534	0.02568938415816937	0.8554464860739222
2008	01	01	2.6045355187999997	0.02568938415816937	0.7566301556678194
2008	01	02	6.105228866899999	0.02568938415816937	0.4842088557165942
2008	01	03	17.762120791999997	0.03853407623725405	0.5749921466022706
2008	01	04	0.005250214923	0.04816759529656756	0.6755240171603586
2008	01	05	0.15534010054	0.1541363049490162	0.8693669446014942
2008	01	06	0.136061738592	0.18303686212695672	0.7651573764831072
2008	01	07	0.049677745662	0.1445027858897027	0.9002371126171775
2008	01	08	2.7498290762	0.11239105569199097	0.7735027991681531
2008	01	09	5.131473664	0.10275753663267748	0.5628748707085065
2008	01	10	0.83681393652	0.09633519059313513	0.7095085324020639
2008	01	11	8.175598692500001	0.08670167153382162	0.9120057337502534
2008	01	12	0.016045220773	0.08670167153382162	0.8523878009099993
2008	01	13	6.747705079	0.0899128445535928	0.5548778921298898
2008	01	14	0.6719411474500001	0.10275753663267748	0.6871431513471081
2008	01	15	1.9589983713999999	0.10596870965244864	0.7655484642708454
2008	01	16	0.39288926180000006	0.12844692079084685	0.75270197466275
2008	01	17	0.22646173908	0.12844692079084685	0.9125370152512918
2008	01	18	0.14397946526000002	0.12844692079084685	1.1178686562415479
2008	01	19	0.0024535708868999996	0.11239105569199097	1.291773105129793
2008	01	20	0.00049538099244	0.10917988267221983	1.3874646604670426
2008	01	21	0.0019134572662	0.10917988267221983	1.3423649487281075
2008	01	22	0.013469330826000001	0.10917988267221983	1.344962681707151
2008	01	23	0.017510001464	0.09954636361290631	1.3128282048821727
2008	01	24	0.00104508716148	0.09633519059313513	1.2703005992754302
2008	01	25	0.0023697746533000003	0.09633519059313513	1.0290414905588565
2008	01	26	0.00094784138708	0.09633519059313513	1.1874499135799472
2008	01	27	0.0034985255119	0.08670167153382162	1.2566193686140272
2008	01	28	0.0038223009039999997	0.08349049851405045	1.3008044670547807
2008	01	29	0.0033196838786	0.08349049851405045	1.3304972983919356
2008	01	30	0.0	0.08349049851405045	1.14056122516754
2008	01	31	0.00047993057655	0.08349049851405045	1.2591014972421033
2008	02	01	0.41363133122	0.08349049851405045	1.150168419231469
2008	02	02	2.170547374	0.08349049851405045	0.8930269017993759
2008	02	03	11.407152099000001	0.08349049851405045	0.7841976542874256
2008	02	04	1.4914675554	0.08349049851405045	0.8723033967049945
2008	02	05	0.18403867149	0.10596870965244864	1.058420635924237
2008	02	06	0.00102161684362	0.12844692079084685	1.593641275353646
2008	02	07	0.0010769536477	0.14129161286993153	1.6760454794350352
2008	02	08	0.0019083895327	0.12844692079084685	1.6245765595262804
2008	02	09	0.0	0.11239105569199097	1.7251080859497565
2008	02	10	0.0009532868870499999	0.10917988267221983	1.669361514471394
2008	02	11	0.00047993057655	0.10917988267221983	1.646065662223172
2008	02	12	0.0042602056915	0.10917988267221983	1.5371101106135523
2008	02	13	0.001413493397	0.10275753663267748	1.5050150608117092
2008	02	14	0.0005050946501800001	0.09954636361290631	1.5723680695606579
2008	02	15	0.17110578692	0.09633519059313513	1.5491685972035378
2008	02	16	0.00048684637552000006	0.09633519059313513	1.7595683446195156
2008	02	17	2.1575303194999997	0.09633519059313513	1.2371923072203808
2008	02	18	6.203555471	0.11239105569199097	1.0323332557045695
2008	02	19	3.9775340355999997	0.16055865098855854	1.1688943958457139
2008	02	20	0.18997126729	0.3564402051946	1.354500174911253
2008	02	21	0.11021810224999999	0.35322903217482887	1.956492192738068
2008	02	22	0.05178672137	0.30506143687826126	1.9598706755316182
2008	02	23	4.5000447690000005	0.28258322573986305	1.90003028287527
2008	02	24	4.3344210465	0.26331618762123604	1.476758858960667
2008	02	25	0.38233454450000004	0.26331618762123604	1.8011851683107905
2008	02	26	0.0028569902691	0.26331618762123604	2.119266143449024
2008	02	27	7.0407727305	0.2568938415816937	1.6679732978824993
2008	02	28	0.08421957602999999	0.24726032252238017	1.761047782542719
2008	02	29	0.026938475245	0.24726032252238017	2.0713603935887237
2008	03	01	0.0019450594294999999	0.2344156304432955	2.1374809924740026
2008	03	02	0.00096742867065	0.2119374193048973	2.551077634349348
2008	03	03	0.054361447651999996	0.20872624628512612	1.9226478534309523
2008	03	04	0.0	0.18945920816649908	1.5146898118357501
2008	03	05	0.0009467124004	0.18945920816649908	1.7007472318172867
2008	03	06	0.0019147869326999998	0.1862480351467279	1.828024767415439
2008	03	07	0.0023667802289	0.17019217004787207	2.2558870922280376
2008	03	08	0.0011480593148000002	0.17019217004787207	2.1114753906298764
2008	03	09	0.26963024716	0.17019217004787207	1.6422899440033418
2008	03	10	6.294605915	0.16376982400832973	1.5580253446262051
2008	03	11	0.18737512516000002	0.15092513192924503	2.078556877930376
2008	03	12	0.039173495024	0.15092513192924503	1.996383016530718
2008	03	13	0.0	0.15734747796878737	2.831505525329662
2008	03	14	0.00027550587301	0.15734747796878737	2.7314005262334415
2008	03	15	0.46358350989999997	0.15092513192924503	1.9136134102272286
2008	03	16	0.01415212974	0.14771395890947386	2.1007624078687255
2008	03	17	2.355742177	0.14771395890947386	2.190342312933279
2008	03	18	1.5868649224000002	0.1445027858897027	1.7427241955519668
2008	03	19	0.42002484865999995	0.12844692079084685	2.2499226676066257
2008	03	20	0.0014229005531	0.12844692079084685	2.169926255142671
2008	03	21	0.0018901367578	0.1348692668303892	2.6560063949639643
2008	03	22	5.936053705	0.13165809381061802	1.9489033461124403
2008	03	23	0.0030542107502	0.12844692079084685	1.8728448247081202
2008	03	24	0.21743581287000002	0.12844692079084685	2.1885906136521203
2008	03	25	0.12920209996999998	0.12844692079084685	2.177899419420763
2008	03	26	0.726122548	0.12523574777107566	1.9141107850717896
2008	03	27	1.4959906275000001	0.08027932549427927	2.230322257401433
2008	03	28	0.052532264439	0.06101228737565225	2.3756369247732385
2008	03	29	0.0053367419639999995	0.08349049851405045	3.3024182559538233
2008	03	30	3.55931482	0.08349049851405045	1.8690074093612172
2008	03	31	0.029080674416000003	0.08349049851405045	2.539193212214445
2008	04	01	0.0009401379689	0.08670167153382162	3.394579819204922
2008	04	02	0.00047993057655	0.08349049851405045	3.618070646336275
2008	04	03	0.0	0.08349049851405045	3.9185532234374847
2008	04	04	0.0009325880441999999	0.08349049851405045	3.9736263182561524
2008	04	05	0.0009598612082499999	0.07385697945473693	4.220547162175478
2008	04	06	0.51727330335	0.07385697945473693	3.82013630168964
2008	04	07	11.336272216000001	0.0770681524745081	2.118653011034077
2008	04	08	15.784913876000001	0.10917988267221983	2.0022677178132837
2008	04	09	13.39761156	0.10917988267221983	1.8818755028602574
2008	04	10	9.040208956999999	0.40139662747139637	2.3285065277817307
2008	04	11	3.8724859701	0.8220602930614198	2.339555480942505
2008	04	12	2.0798163588	0.7160915834089712	2.6029312584441953
2008	04	13	2.3328438969999996	0.5555329324204126	2.423801121364905
2008	04	14	0.0009467126210000001	0.468831260886591	3.263773975613794
2008	04	15	0.0016914893255999999	0.43350835766910817	3.4812028540312885
2008	04	16	4.908849217799999	0.38212958935276936	3.5130569867717254
2008	04	17	22.611993041	0.36928489727368463	2.004698856432858
2008	04	18	14.075354322	0.5715887975192684	1.7627682501106536
2008	04	19	24.323571085	1.7051328734984916	1.8706540671582974
2008	04	20	1.6191337389	1.9202814658231604	1.9404134024708177
2008	04	21	1.2837615151	1.913859119783618	2.3639246008090287
2008	04	22	0.024861801995	1.502828973252908	2.8312965529670584
2008	04	23	0.9559803579	1.3005250730073243	3.298881890638131
2008	04	24	0.024986471879	1.12391055691991	4.406054009103507
2008	04	25	0.0009401379689	0.9665630789511224	4.8377501497657525
2008	04	26	0.0014145788593000002	0.8541720232591314	4.919807175667521
2008	04	27	0.0018879158673000003	0.7385697945473693	4.286006053153671
2008	04	28	0.22284100922000002	0.6743463341519459	2.8137990574667002
2008	04	29	1.5830988391999998	0.6293899118751495	2.885153428112227
2008	04	30	0.6912439893800001	0.6037005277169801	2.938332734123239
2008	05	01	0.0042849912045	0.5908558356378955	3.8266845514344228
2008	05	02	0.0	0.545899413361099	4.768019823894431
2008	05	03	0.008103659378	0.48167595296567567	4.7930695603633575
2008	05	04	0.074325573378	0.4495642227679639	4.222401977133006
2008	05	05	0.015535282915999999	0.4238748386097946	4.7782333154770695
2008	05	06	0.358262121	0.39818545445162523	4.146761070703027
2008	05	07	1.9202841743999999	0.3853407623725405	3.85731156945924
2008	05	08	9.67844998	0.3724960702934558	3.5030562008919794
2008	05	09	0.9080942747	0.44635304974819273	2.9866648337344532
2008	05	10	4.582552478	0.4302971846493369	2.8492656223126898
2008	05	11	0.28526414710000003	0.37891841633299816	3.7682586114974437
2008	05	12	2.6894190898	0.36607372425391344	3.507591381391643
2008	05	13	3.6189437721	0.3596513782143712	2.8103052290262713
2008	05	14	3.7050278483	0.43350835766910817	3.2470307222878816
2008	05	15	6.402692524900001	0.4527753957877351	3.004092330380927
2008	05	16	0.15367182407	0.677557507171717	3.2090211896984875
2008	05	17	0.023349661793	0.8060044279625638	3.5112836574539736
2008	05	18	3.7942149944	0.5972781816774378	2.8374729753625503
2008	05	19	1.4878976959	0.488098299005218	3.511007738486005
2008	05	20	0.023320036316000003	0.4270860116295657	3.876582764510106
2008	05	21	0.6071324522000001	0.39497428143185404	3.284052214327917
2008	05	22	12.261053888000001	0.3724960702934558	2.978720391192444
2008	05	23	3.9609305766	0.35322903217482887	3.0035240458981147
2008	05	24	2.1697405295000003	0.3468066861352865	2.7113901047082396
2008	05	25	5.215434024000001	0.3596513782143712	3.4035513366661183
2008	05	26	3.3159214353	0.3885519353923117	3.091038105252072
2008	05	27	3.1897515816000004	0.44635304974819273	3.190203701890341
2008	05	28	2.2898328532	0.4527753957877351	3.3266254350624545
2008	05	29	2.7788345568999997	0.4302971846493369	2.8905519400763415
2008	05	30	4.996035191	0.39818545445162523	3.234507376813046
2008	05	31	1.8605784535	0.39818545445162523	3.4910729167656958
2008	06	01	1.9417695114	0.4206636655900234	3.4989556571492497
2008	06	02	0.0022893264659	0.4302971846493369	3.8266079521032803
2008	06	03	0.00075657928992	0.4078189735109387	4.6568183366248865
2008	06	04	0.015800470588	0.38212958935276936	4.3322163371464955
2008	06	05	0.031303783049	0.33717316707597295	3.999972361896918
2008	06	06	0.0018999990117	0.30185026385849006	5.053412030802181
2008	06	07	0.00047006901754	0.2665273606410072	5.075146246183721
2008	06	08	0.09424531659	0.22478211138398194	3.855719287145674
2008	06	09	0.030833435170999998	0.20872624628512612	4.302251553063477
2008	06	10	0.048390624078	0.17661451608741444	4.429174036907398
2008	06	11	0.00910883872	0.15734747796878737	4.924953856311857
2008	06	12	0.0024887608885999996	0.16376982400832973	5.262742900151485
2008	06	13	0.10253303799	0.1541363049490162	5.606973046241462
2008	06	14	0.0	0.13808043985016036	5.4256783471760945
2008	06	15	0.3239740424	0.1220245747513045	4.468144673585135
2008	06	16	7.2513697338	0.10917988267221983	3.3654776640311748
2008	06	17	0.0014684579827	0.10917988267221983	4.809601581955341
2008	06	18	0.0013342716352999998	0.10596870965244864	5.768487678569881
2008	06	19	0.0021589547337000003	0.09954636361290631	6.300096872734226
2008	06	20	0.00023252888985	0.09312401757336396	6.290440544278056
2008	06	21	0.15608658888000002	0.08349049851405045	6.0728120643562935
2008	06	22	0.096068007545	0.06422346039542343	6.1669126670548975
2008	06	23	4.0037435216	0.041745249257025226	5.345870651374112
2008	06	24	0.02650322593	0.03211173019771171	5.5877561870437304
2008	06	25	0.001893424139	0.0224782111383982	6.81676086028558
2008	06	26	0.00047993057655	0.03853407623725405	6.5376432167735885
2008	06	27	0.0009518251363	0.041745249257025226	6.506592166731687
2008	06	28	0.0009401379689	0.03211173019771171	6.761886986946388
2008	06	29	0.0009467126210000001	0.028900557177940538	7.031810786139333
2008	06	30	0.0009467126210000001	0.02568938415816937	6.561862209130566
2008	07	01	0.0	0.0224782111383982	6.095842875131115
2008	07	02	0.110430154	0.0224782111383982	4.0964744521676035
2008	07	03	0.0	0.0224782111383982	4.9345796575464895
2008	07	04	0.0071145169942000005	0.019267038118627025	5.884661352174577
2008	07	05	0.020870331774999997	0.019267038118627025	4.761740791765804
2008	07	06	0.0	0.019267038118627025	4.421263473953014
2008	07	07	0.00047993063170000003	0.06101228737565225	4.795255054969874
2008	07	08	0.0009410381271999999	0.5908558356378955	6.206406335235573
2008	07	09	0.00048650506319999995	1.4578725509761117	6.249474420062645
2008	07	10	0.0006829582975	1.6441205861228396	5.747504649246316
2008	07	11	5.2363972008	1.239512785631672	3.8553814649730778
2008	07	12	0.0019401691687	1.5349407034506197	4.780917008530416
2008	07	13	0.0009338926726000001	1.7115552195380341	5.539523022914932
2008	07	14	0.0009434251625900001	1.4578725509761117	6.356809885894039
2008	07	15	0.0018922597019	1.0404200584058594	6.222399732261676
2008	07	16	0.0039780020385000005	0.7353586215275981	6.421119829726405
2008	07	17	0.0014266429218	0.6422346039542342	6.522581769632226
2008	07	18	0.0037962682289	0.545899413361099	7.116223420669538
2008	07	19	0.03568809885199999	0.47525360692613333	7.017103537454749
2008	07	20	1.2873127339000001	0.39176310841208284	5.182890900143933
2008	07	21	0.00048650499702	0.3724960702934558	6.205153417528284
2008	07	22	0.0011432506759999999	0.36607372425391344	6.887376984620375
2008	07	23	0.0014233556509	0.3082726098980324	6.233869102687557
2008	07	24	0.0008012774384	0.24083797648283783	5.374584829577099
2008	07	25	0.8173177055999999	0.21514859232466846	4.2938767657768535
2008	07	26	0.05846715117	0.26331618762123604	4.8965368925996975
2008	07	27	0.0014916776768999999	0.2665273606410072	5.627154249184095
2008	07	28	0.05555103204899999	0.2568938415816937	4.059567003826533
2008	07	29	0.00047006901754	0.22157093836421077	5.527336337652387
2008	07	30	0.001415056348	0.16376982400832973	5.6079453990438335
2008	07	31	0.022394685496	0.10275753663267748	4.9102242216746355
2008	08	01	0.0036721788538000002	0.08027932549427927	5.01073725530276
2008	08	02	0.00046925080110999995	0.10917988267221983	6.511411111194536
2008	08	03	0.00047358829346	0.19909272722581262	7.011630477679952
2008	08	04	0.0	0.2344156304432955	6.900631179842147
2008	08	05	0.0028403039747999996	0.2119374193048973	5.965061942651518
2008	08	06	0.0009467126210000001	0.1220245747513045	5.741320196309368
2008	08	07	0.011587728641	0.0770681524745081	4.931672853984343
2008	08	08	0.0	0.05137876831633874	5.665888708676168
2008	08	09	0.0	0.03853407623725405	6.117584801265373
2008	08	10	0.0	0.028900557177940538	5.635253105799436
2008	08	11	0.141092787415	0.028900557177940538	4.2984860755445515
2008	08	12	0.49735177769	0.0224782111383982	3.6801559072867676
2008	08	13	0.0009525748454	0.0224782111383982	4.69862205842163
2008	08	14	0.0	0.0224782111383982	4.2511380593868076
2008	08	15	0.0018802754966	0.02568938415816937	4.913983393059304
2008	08	16	0.98426498398	0.041745249257025226	3.7279045311386034
2008	08	17	0.002352718854	0.0449564222767964	4.428330171185532
2008	08	18	0.001699647996	0.041745249257025226	4.927461334332421
2008	08	19	0.0007270324568200001	0.03211173019771171	4.634264560661667
2008	08	20	0.00093356371388	0.0224782111383982	5.454277012612783
2008	08	21	0.0030532923924	0.019267038118627025	4.986522797406226
2008	08	22	0.010470874960999998	0.019267038118627025	4.406152829546485
2008	08	23	0.001893424139	0.019267038118627025	4.8407043659345925
2008	08	24	0.0009598613737000001	0.019267038118627025	4.985456786895702
2008	08	25	0.0037914460232	0.019267038118627025	5.314453708384913
2008	08	26	0.0023667802289	0.019267038118627025	5.625518215888891
2008	08	27	0.027265344883	0.019267038118627025	5.351002321026349
2008	08	28	2.6765298730000002	0.012844692079084685	5.243145396070942
2008	08	29	0.025405383558	0.012844692079084685	4.821092701907258
2008	08	30	0.09241687900500001	0.012844692079084685	3.3182729479612836
2008	08	31	0.08200131067000001	0.012844692079084685	3.8760499093963623
2008	09	01	0.002723093018	0.012844692079084685	4.4800730358903635
2008	09	02	0.0015969456806000002	0.012844692079084685	4.019849503190854
2008	09	03	0.3358216963	0.012844692079084685	3.569526685989072
2008	09	04	1.6778102504999999	0.012844692079084685	3.1240966114597666
2008	09	05	6.182868706000001	0.016055865098855857	2.390481749568233
2008	09	06	0.4968738147	0.019267038118627025	2.8295705797121524
2008	09	07	0.0004818572418	0.12844692079084685	3.8952784441009185
2008	09	08	0.0014247790724	0.2922167447991766	4.105219695382806
2008	09	09	0.27740507356	0.375707243313227	4.038124112620646
2008	09	10	0.0019410039190999998	0.3885519353923117	4.230717602555239
2008	09	11	0.13019072438499998	0.38212958935276936	2.7320514351843634
2008	09	12	0.0	0.3596513782143712	3.054376151836325
2008	09	13	0.001406919517	0.34038434009574414	3.614081504522034
2008	09	14	0.0018673428216	0.32753964801665947	4.064645546245744
2008	09	15	0.00047993057655	0.3082726098980324	4.167088131747468
2008	09	16	0.0048962870405	0.3082726098980324	4.07356813777843
2008	09	17	0.0016921953559	0.3082726098980324	3.700904908393834
2008	09	18	0.027009873538000002	0.30506143687826126	3.3795173819016413
2008	09	19	0.0	0.2761608797003207	3.8917898759593648
2008	09	20	0.36102932740000004	0.244049149502609	4.142058636237232
2008	09	21	13.144912053999999	0.19588155420604142	2.8146752153073473
2008	09	22	10.587056157	0.2312044574235243	2.094023398541789
2008	09	23	0.129224639775	0.2312044574235243	2.9547388955981555
2008	09	24	0.0	0.21835976534443965	2.7950672314166187
2008	09	25	0.0014069065016	0.1445027858897027	2.869233119604941
2008	09	26	0.0009401380791999999	0.11239105569199097	2.898821137225973
2008	09	27	0.008886208097	0.10917988267221983	3.075708139263621
2008	09	28	0.013027798823000002	0.10917988267221983	2.99539138437394
2008	09	29	0.013649750742	0.10917988267221983	2.8625570017821964
2008	09	30	0.0	0.09954636361290631	3.1425009257151904
2008	10	01	0.0009467126210000001	0.07385697945473693	2.89988173475885
2008	10	02	0.009488589487000001	0.07064580643496576	2.6965669633366356
2008	10	03	0.0019061554062	0.054589941336109914	2.245969395701067
2008	10	04	0.0	0.0449564222767964	2.5529784667257927
2008	10	05	0.0	0.0449564222767964	2.882263990726259
2008	10	06	0.0021261838316	0.0449564222767964	3.0151184606630745
2008	10	07	4.9348785839	0.05137876831633874	2.0649108722596097
2008	10	08	0.21004170898	0.11881340173153333	2.1082108734131073
2008	10	09	0.0009467126210000001	0.13165809381061802	2.168663110652214
2008	10	10	0.001899999122	0.13165809381061802	3.1039582249881903
2008	10	11	8.650617885800001	0.13165809381061802	2.6361924705710282
2008	10	12	1.4594188977	0.13165809381061802	2.0590220333049025
2008	10	13	0.9532382999	0.13165809381061802	2.098835760730851
2008	10	14	0.00057754840388	0.1348692668303892	2.4660988499140646
2008	10	15	0.00096583128399	0.14129161286993153	2.4409146785852776
2008	10	16	0.16131941942	0.15092513192924503	2.1107924950957266
2008	10	17	0.07071221597	0.1541363049490162	1.928474529770007
2008	10	18	8.697273021	0.1541363049490162	1.9662275469736021
2008	10	19	0.15527993188999997	0.1541363049490162	2.2788185182620393
2008	10	20	0.49029480575	0.1541363049490162	2.119026274725954
2008	10	21	7.6184706349999995	0.15734747796878737	2.129118854619538
2008	10	22	7.6793908692	0.15734747796878737	1.462995278696672
2008	10	23	0.0019065730020000002	0.15734747796878737	1.742101555628099
2008	10	24	0.0028314348621	0.15734747796878737	1.9920385390908106
2008	10	25	0.0014209480225000001	0.15734747796878737	2.1294467908085393
2008	10	26	0.0	0.15734747796878737	2.195256510046376
2008	10	27	3.7353300158	0.15734747796878737	2.141752671697876
2008	10	28	3.8134280411	0.15734747796878737	1.1925645710073765
2008	10	29	0.14455127149	0.15734747796878737	1.2457426637662936
2008	10	30	4.781024092	0.15734747796878737	1.4602825157500512
2008	10	31	11.549074006000001	0.16055865098855854	0.921249789453069
2008	11	01	0.18999744147999997	0.1669809970281009	1.1955198350471252
2008	11	02	0.0017411875275000002	0.17019217004787207	1.3603190905368594
2008	11	03	3.1901479997999997	0.17019217004787207	1.1170724772229268
2008	11	04	10.080998654	0.17019217004787207	0.9370561814099171
2008	11	05	0.5514434160999999	0.17340334306764324	1.1542300876976181
2008	11	06	0.06341362636499999	0.17340334306764324	1.2879803249846855
2008	11	07	2.1915408833	0.17340334306764324	1.0535476237249082
2008	11	08	0.0037817048787000002	0.17661451608741444	1.1698155903557752
2008	11	09	0.0016739113661	0.17340334306764324	1.4562830155286648
2008	11	10	0.0	0.17661451608741444	1.491720753770493
2008	11	11	8.139253188	0.17340334306764324	1.1934316500845263
2008	11	12	0.0009662807234000001	0.17019217004787207	1.1455834353019472
2008	11	13	0.00133164087	0.17340334306764324	1.1034637970716428
2008	11	14	0.00047993057655	0.17661451608741444	1.2198982268818765
2008	11	15	0.0009479104128199999	0.17340334306764324	1.1826559489171478
2008	11	16	0.0028427578189	0.17661451608741444	1.2624101162996286
2008	11	17	0.0	0.17661451608741444	1.1803474514767498
2008	11	18	0.0009923624820000001	0.17340334306764324	1.028706342010701
2008	11	19	0.00047993057655	0.17661451608741444	0.9889499108816062
2008	11	20	0.0028335625491000003	0.17661451608741444	1.0293380788095374
2008	11	21	0.0018729934906	0.17661451608741444	1.1862566245759307
2008	11	22	0.0034371469812	0.1798256891071856	1.1836970988722326
2008	11	23	0.0019080755086	0.17661451608741444	1.0610465168496825
2008	11	24	2.59615316	0.17340334306764324	0.8198300115940966
2008	11	25	0.12161416589000001	0.17019217004787207	0.7802292855962343
2008	11	26	0.0014391850245000003	0.17019217004787207	0.7393661329304524
2008	11	27	0.0023770730940000004	0.17019217004787207	0.7844346325170384
2008	11	28	11.810944957	0.17019217004787207	0.7985807993762094
2008	11	29	2.3194423367	0.17019217004787207	0.45414483158860824
2008	11	30	1.0533415061	0.1669809970281009	0.5724173347624733
2008	12	01	0.7169009165	0.1669809970281009	0.5852899481725365
2008	12	02	0.0077030624625	0.1669809970281009	0.7243397159844567
2008	12	03	6.368010013500001	0.1669809970281009	0.738130287119034
2008	12	04	1.2909477807	0.16376982400832973	0.8836269124309923
2008	12	05	1.402456779	0.16376982400832973	0.7421229963045054
2008	12	06	2.3640796437	0.16376982400832973	0.6801745266243466
2008	12	07	14.907620766	0.16376982400832973	0.7980482461232649
2008	12	08	0.29950937004000006	0.17661451608741444	0.7389917848202
2008	12	09	1.1372973437999998	0.1798256891071856	0.6943107793807863
2008	12	10	0.010685306985	0.1798256891071856	0.674096663886382
2008	12	11	1.01643705635	0.1798256891071856	0.7610790807706801
2008	12	12	2.9866336904	0.17661451608741444	0.6643618290670634
2008	12	13	15.059769689	0.17661451608741444	0.7807834257985399
2008	12	14	1.5833199907	0.17661451608741444	0.55035509420556
2008	12	15	1.4117113901999998	0.17661451608741444	0.6925023578479211
2008	12	16	0.007876285855	0.17340334306764324	0.7682621950732671
2008	12	17	0.0041303882168	0.17340334306764324	0.7765443097894689
2008	12	18	0.0019655732441	0.17340334306764324	0.8484895846264973
2008	12	19	0.0014171959474000002	0.17340334306764324	0.8668521991341427
2008	12	20	0.0019106986632	0.17019217004787207	0.8869612094168173
2008	12	21	0.0045269830071	0.17019217004787207	0.9602832784078954
2008	12	22	0.00048766616924	0.17019217004787207	1.0476085128536756
2008	12	23	0.0014220020493	0.17019217004787207	0.9441112249003308
2008	12	24	0.0	0.1669809970281009	0.8830128850003758
2008	12	25	0.0009603232659800001	0.1669809970281009	0.8090440871440843
2008	12	26	0.0041110195368	0.1669809970281009	0.7375002043563833
2008	12	27	9.913751866999998	0.1669809970281009	0.63481616119713
2008	12	28	0.49843744956	0.16376982400832973	0.4807166016374985
2008	12	29	0.9192574068	0.16376982400832973	0.6053735043502916
2008	12	30	0.8428254960900001	0.16376982400832973	0.7198650172785617
2008	12	31	4.94374527	0.16376982400832973	0.4505757223650471
2009	01	01	0.5674414384	0.16055865098855854	0.6612215940268377
2009	01	02	6.366676486499999	0.16055865098855854	0.6498028407903698
2009	01	03	2.9027373044	0.16055865098855854	0.5695790673887059
2009	01	04	0.0083195842022	0.16055865098855854	0.7715057381077426
2009	01	05	0.27175840845	0.15734747796878737	0.7370640037063381
2009	01	06	0.03969501548399999	0.15734747796878737	0.7353118971789676
2009	01	07	0.032663752268	0.15734747796878737	0.6246694456786978
2009	01	08	0.0004799305214	0.15734747796878737	0.554798230971002
2009	01	09	0.22591481653	0.1541363049490162	0.582897758350059
2009	01	10	0.09134322432	0.1541363049490162	0.6306612081116525
2009	01	11	0.0	0.1541363049490162	0.7822572454673223
2009	01	12	0.009069918262	0.1541363049490162	0.9190543578862034
2009	01	13	4.1965703125	0.15092513192924503	0.7371804122096965
2009	01	14	0.016336230778	0.14771395890947386	0.8355511350584827
2009	01	15	12.888950977	0.14771395890947386	0.5053444988125328
2009	01	16	0.8408230768	0.14771395890947386	0.718454306559751
2009	01	17	0.002895866938	0.14771395890947386	1.065840615209182
2009	01	18	0.45309841396	0.14771395890947386	0.9224959493282658
2009	01	19	6.246243777	0.14771395890947386	1.048598499091316
2009	01	20	2.6948963671999997	0.14771395890947386	0.599065157031224
2009	01	21	0.32273007900000006	0.1445027858897027	0.7898286873936289
2009	01	22	3.261716596	0.16376982400832973	1.054423984953216
2009	01	23	3.1538316145	0.2344156304432955	0.62691346280931
2009	01	24	1.1059132436	0.27937205272009186	0.8098309793372789
2009	01	25	10.267632872000002	0.3500178591550576	0.7153332993170151
2009	01	26	1.2646338406	0.561955278459955	0.8653002971508161
2009	01	27	1.1300434643000001	0.6679239881124036	0.8458905326838085
2009	01	28	5.8486758098	0.600489354697209	0.9525529380286357
2009	01	29	1.7144714336	0.7642591787055387	0.7747598756860286
2009	01	30	13.726419169	1.1624446331571638	0.8407027785213212
2009	01	31	6.903171826	1.6826546623600935	0.7593036180485363
2009	02	01	25.701022853999998	2.180386480424625	0.652520209216057
2009	02	02	1.5444781766	2.44049149502609	0.8543653026841399
2009	02	03	6.1580964289999995	1.669809970281009	0.9165476581057109
2009	02	04	11.681897266	1.724399911617119	0.5470598986183649
2009	02	05	3.537068413	2.289566363096845	0.765977262550911
2009	02	06	2.700455046	2.0615730786930917	0.7459066105387819
2009	02	07	0.052663466289	1.67302114330078	0.969743136066336
2009	02	08	0.12869298826	1.4225496477586288	1.2054247826850744
2009	02	09	7.2115313592	1.2908915539480106	1.0398568683720513
2009	02	10	0.21777813995000003	1.3294256301852647	1.167053943389374
2009	02	11	0.001406919517	1.3101585920666379	1.295543462837315
2009	02	12	0.00047993057655	1.1849228442955622	1.5457622243126636
2009	02	13	0.0033200670608	1.0982211727617406	1.5882586438807027
2009	02	14	0.0014149852045	1.033997712366317	1.6144988633188155
2009	02	15	0.0014266430321	0.9729854249906648	1.7454826155738998
2009	02	16	0.0	0.9023396185556991	1.5565751174794495
2009	02	17	0.0019003872677	0.8670167153382163	1.6234145553510135
2009	02	18	0.00047993057655	0.7963709089032505	1.694183869121072
2009	02	19	0.0	0.751414486626454	1.8667617650168113
2009	02	20	0.018882994906999996	0.7482033136066828	1.8308093190803194
2009	02	21	0.0009598612634000001	0.7064580643496577	1.6633241215414787
2009	02	22	0.0	0.677557507171717	1.6903427571596528
2009	02	23	0.0009401379689	0.6454457769740053	1.9054423465536474
2009	02	24	0.0014274236252	0.6454457769740053	2.0694723369120753
2009	02	25	0.0014200682697	0.6454457769740053	2.2359143506636423
2009	02	26	0.0023602065695000002	0.6069117007367513	2.164377868562081
2009	02	27	0.0032075160584	0.6037005277169801	2.1990593060903225
2009	02	28	1.9526510476	0.6037005277169801	1.6862830870954115
2009	03	01	5.0851612309	0.5940670086576666	1.4676680023202673
2009	03	02	3.6104162585	0.5651664514797261	1.618757934038627
2009	03	03	0.0019349146973000001	0.5651664514797261	1.734895491989868
2009	03	04	4.3644034543000005	0.5651664514797261	1.1465749964136291
2009	03	05	3.0379201019999997	0.5715887975192684	1.0515972567737237
2009	03	06	0.7119609876099999	0.6454457769740053	1.7143385566039557
2009	03	07	0.09364677364000001	0.6229675658356072	1.9116022903236194
2009	03	08	0.0013629081625	0.6037005277169801	2.5414261155843167
2009	03	09	0.0018970476043	0.5715887975192684	2.4828845025286825
2009	03	10	0.0	0.5555329324204126	2.653326834129214
2009	03	11	0.0	0.5234212022227008	2.718559916650016
2009	03	12	0.0009401379689	0.5202100292029297	3.0385769392340434
2009	03	13	0.0014233555406	0.4848871259854468	3.079625000913619
2009	03	14	0.0014137792946	0.48167595296567567	2.5497964932949575
2009	03	15	0.0009401379689	0.47525360692613333	3.0457924242411827
2009	03	16	0.0009401379689	0.4527753957877351	3.3089110441946783
2009	03	17	0.0023775513548	0.4527753957877351	2.891152182345776
2009	03	18	0.0009401379689	0.4527753957877351	3.1678507648921634
2009	03	19	0.0014184250202999998	0.43350835766910817	3.16693161537231
2009	03	20	0.0004799305214	0.4270860116295657	3.1250285702787663
2009	03	21	0.0009401379689	0.4270860116295657	3.264452689776914
2009	03	22	0.015345291165999999	0.4078189735109387	2.984714722539632
2009	03	23	0.0028356571461	0.39818545445162523	3.085165973769552
2009	03	24	0.0018948446927000001	0.39818545445162523	3.2266332473724137
2009	03	25	0.0	0.39176310841208284	3.2148050735868194
2009	03	26	0.0	0.3724960702934558	3.44913061877468
2009	03	27	0.0017579968062999998	0.3724960702934558	3.4935969915000866
2009	03	28	0.065329890325	0.3724960702934558	2.0323137700437237
2009	03	29	0.03384777203	0.3564402051946	2.4193240829542204
2009	03	30	0.0	0.3435955131155153	2.551445740826651
2009	03	31	0.0023463387711	0.32753964801665947	2.5315814384272386
2009	04	01	0.0	0.31790612895734593	2.8869706919055513
2009	04	02	0.002844457211	0.31790612895734593	3.242117047426763
2009	04	03	0.0014134932867000002	0.31790612895734593	3.558761132462104
2009	04	04	0.002534092865	0.31469495593757474	3.5372745245309423
2009	04	05	0.024882839514000003	0.2986390908387189	3.4744851447693232
2009	04	06	1.608046052	0.2890055717794054	2.69462809241759
2009	04	07	0.055647958174000006	0.2890055717794054	2.576471684381165
2009	04	08	0.00047993057655	0.2890055717794054	3.192174189599262
2009	04	09	1.1128800122000002	0.2890055717794054	3.0276279370460917
2009	04	10	2.8396266225	0.2890055717794054	2.1735008038910424
2009	04	11	0.19237568596	0.2890055717794054	2.3851507016010953
2009	04	12	0.0074162127529	0.2890055717794054	2.71585768693983
2009	04	13	0.940170728	0.2890055717794054	3.073894636548381
2009	04	14	5.2510487910000005	0.2890055717794054	2.189884611555528
2009	04	15	3.4491443122	0.2890055717794054	1.8570693557470306
2009	04	16	2.3885842226	0.2890055717794054	1.933589215583081
2009	04	17	1.7629607475	0.2890055717794054	2.4356880296001138
2009	04	18	2.95287439	0.3082726098980324	2.6499201367714478
2009	04	19	0.0079061443959	0.3211173019771171	3.179025948652431
2009	04	20	0.012972267185	0.3339619940562018	3.4136263908321953
2009	04	21	0.0018872146902	0.31790612895734593	4.073167966520803
2009	04	22	0.0004799305214	0.31790612895734593	4.42887989441632
2009	04	23	0.0	0.2986390908387189	4.677478112381474
2009	04	24	0.0018879309784	0.2890055717794054	3.7667588167669104
2009	04	25	0.9564922602	0.2697385336607784	2.561345625323332
2009	04	26	0.39444071954000004	0.26331618762123604	3.0104368155780836
2009	04	27	0.8908007789000001	0.26331618762123604	2.906946321774549
2009	04	28	0.18122435596	0.26331618762123604	2.610900527635489
2009	04	29	0.10290666821000001	0.26331618762123604	2.9815744195943976
2009	04	30	1.006532723	0.26331618762123604	2.9448296905425746
2009	05	01	1.3831596836999998e-05	0.26331618762123604	3.608784077498354
2009	05	02	0.0009467126210000001	0.244049149502609	4.582051108567326
2009	05	03	0.0009419514112000001	0.2344156304432955	5.081280879702609
2009	05	04	0.0018855333873	0.2344156304432955	5.02987593220445
2009	05	05	0.0	0.2344156304432955	5.087788639443034
2009	05	06	0.0	0.2344156304432955	5.695365292286411
2009	05	07	0.0018994425482	0.21835976534443965	5.348691819971506
2009	05	08	0.0	0.20872624628512612	4.670751186673441
2009	05	09	6.6858107855	0.20872624628512612	4.587268445807851
2009	05	10	3.0930579689999997	0.20551507326535495	3.508934107596745
2009	05	11	9.374169782	0.18945920816649908	2.7289159154086278
2009	05	12	1.6498549361000001	0.1862480351467279	2.58298832035944
2009	05	13	0.16912580265000002	0.22478211138398194	3.5244366720218587
2009	05	14	0.07298796969	0.26331618762123604	3.143244733051774
2009	05	15	0.0009467126210000001	0.26331618762123604	3.8748874391289685
2009	05	16	0.049509912079	0.23762680346306667	4.309502221176255
2009	05	17	0.16642022086	0.2344156304432955	3.245788723798563
2009	05	18	0.007842807599	0.20872624628512612	4.18819775103944
2009	05	19	0.00047993057655	0.16376982400832973	5.034341845404368
2009	05	20	0.035697233898	0.1220245747513045	5.622801939072186
2009	05	21	0.0018868505899	0.09312401757336396	5.273473063820192
2009	05	22	0.0037248445669	0.08670167153382162	5.454752931089382
2009	05	23	0.63453764535	0.08670167153382162	3.806696695053609
2009	05	24	5.6161506150000005	0.10275753663267748	3.5691477396749383
2009	05	25	1.2503070839000001	0.12844692079084685	3.5791432562862058
2009	05	26	0.00049977806885	0.10917988267221983	4.626384307886314
2009	05	27	0.0014134932867000002	0.0899128445535928	5.224151994830171
2009	05	28	0.0	0.08670167153382162	6.103806014714932
2009	05	29	0.0023669548337999996	0.08670167153382162	6.696044594798771
2009	05	30	0.0009467126210000001	0.0899128445535928	5.916149070053621
2009	05	31	0.0014200680491000001	0.08027932549427927	6.092454496069602
2009	06	01	0.00047993057655	0.04816759529656756	6.042439358979193
2009	06	02	0.0	0.054589941336109914	6.588011739098563
2009	06	03	0.21754344361	0.06101228737565225	5.379634529039824
2009	06	04	0.23460471379	0.0674346334151946	4.244877306682829
2009	06	05	4.6124401381	0.07385697945473693	3.715630867344111
2009	06	06	2.5370341248000003	0.08027932549427927	2.941368472693846
2009	06	07	1.3112172808	0.08670167153382162	3.29141009087439
2009	06	08	2.646110236	0.09312401757336396	3.04421356041553
2009	06	09	0.031288391787	0.10596870965244864	3.7544823426267038
2009	06	10	0.09862034403000002	0.09954636361290631	4.993932642787064
2009	06	11	0.0023378543847999995	0.07064580643496576	6.210855264791131
2009	06	12	0.0028462410929	0.057801114355881075	6.95630935513122
2009	06	13	0.6151462987	0.03211173019771171	7.157971959524084
2009	06	14	1.3889775675	0.003211173019771171	4.570744893573117
2009	06	15	0.24918220445	0.0	5.951179938339419
2009	06	16	0.5653827992	0.0	4.478514063079968
2009	06	17	0.00919821481	0.0	6.2062783394473655
2009	06	18	1.9976062392	0.0	7.176236027921146
2009	06	19	0.0017766333148999999	0.0	6.449290421453369
2009	06	20	0.0037934642925999996	0.0	6.446140861601213
2009	06	21	0.00094013803508	0.0	6.72249113706511
2009	06	22	0.0	0.0	6.9864477696551335
2009	06	23	0.00047993057655	0.0	5.847596328584787
2009	06	24	0.061283211646	0.0	5.2430239044691485
2009	06	25	0.5661103710900001	0.0	4.143180009341569
2009	06	26	0.001200004438	0.0	4.693105274223796
2009	06	27	0.0010328270297	0.0	5.685232082174306
2009	06	28	5.664736662	0.0	3.235017806574971
2009	06	29	1.4279121439	0.0	4.654756681345722
2009	06	30	0.02698789516	0.0	5.537431453555324
2009	07	01	0.00025999624808	0.0	5.662480290694714
2009	07	02	0.0019995090245	0.0	5.552524709371353
2009	07	03	0.0	0.0	5.41389841929159
2009	07	04	0.0045796575442	0.0	5.164968931659316
2009	07	05	0.15954727344	0.0	4.864250672747653
2009	07	06	0.0039541692969	0.0	4.994150278643399
2009	07	07	0.0018698007468	0.0	5.864854050767338
2009	07	08	0.0028532859539	0.0	6.141508776686836
2009	07	09	0.0033193951132	0.0	6.307509652115839
2009	07	10	0.0009477593680000001	0.0	6.016496836449502
2009	07	11	0.0	0.0	6.293803404464548
2009	07	12	0.00142006838	0.0	6.387594354803831
2009	07	13	0.0048528104204	0.0	5.30932018173904
2009	07	14	0.0	0.0	4.799554351557827
2009	07	15	0.0009467126210000001	0.0	6.029553334888406
2009	07	16	0.083513682502	0.0	5.75441023015033
2009	07	17	0.0009401379689	0.0	4.535837101356896
2009	07	18	0.0	0.0	5.998737499450464
2009	07	19	0.0	0.0	6.950516940174172
2009	07	20	0.04871377439999999	0.0	6.275056064995365
2009	07	21	0.0010214555409	0.0	6.377860225970783
2009	07	22	3.6030719330000003	0.0	4.057787827824475
2009	07	23	1.3202953016999999	0.0	3.9433410331379926
2009	07	24	0.00048650499702	0.0	4.732816893211228
2009	07	25	0.0009401379689	0.0	6.540014959972765
2009	07	26	0.0009545954311	0.0	6.798653162228859
2009	07	27	0.00048650499702	0.0	5.665496783972894
2009	07	28	0.0	0.0	6.404162902683212
2009	07	29	0.0	0.0	5.759250422786491
2009	07	30	0.0017076062512999999	0.0	6.196698840395446
2009	07	31	0.00048117165009	0.0	5.815925468879396
2009	08	01	2.1912895096	0.0	3.5610019282620597
2009	08	02	0.00045076863530000004	0.0	4.937209587473324
2009	08	03	0.001893424139	0.0	5.679243985624023
2009	08	04	0.0009401379689	0.0	5.759664356196533
2009	08	05	0.01092476277	0.0	5.832285168317494
2009	08	06	0.018951078684999997	0.0	4.774306088215908
2009	08	07	0.00012266364833	0.0	5.263996734206056
2009	08	08	0.53238580416	0.0	4.969178303179227
2009	08	09	0.043417745269	0.0	5.026802144920733
2009	08	10	0.00017835947890999999	0.0	5.491838330474916
2009	08	11	0.0	0.0	6.047069204865437
2009	08	12	0.0010712565424	0.0	6.246364643482295
2009	08	13	0.41631440078000004	0.0	6.030656551696515
2009	08	14	0.08086047777000001	0.0	5.799103893682587
2009	08	15	0.049742975979	0.0	5.560862032327706
2009	08	16	0.00047993057655	0.0	5.6941397668319285
2009	08	17	0.0014126678014999999	0.0	5.791887310029937
2009	08	18	0.0038521136703999997	0.0	5.7875633548024155
2009	08	19	0.0	0.0	5.869846305747796
2009	08	20	0.00046275632608	0.0	5.565531983099105
2009	08	21	0.0014088185521	0.0	5.416554710647051
2009	08	22	0.0	0.0	6.281493037518153
2009	08	23	0.0009489107897	0.0	5.595193391478145
2009	08	24	0.0045343400171	0.0	4.344705026850379
2009	08	25	0.003499556486	0.0	4.146195512588106
2009	08	26	0.0023708643069999995	0.0	4.993487247489109
2009	08	27	0.0006812454488	0.0	5.423822630985306
2009	08	28	0.0014212821212	0.0	5.837815890150839
2009	08	29	0.0009401379689	0.0	5.640790044651563
2009	08	30	0.0019065730020000002	0.0	5.761815936266027
2009	08	31	0.005709980619	0.0	5.357949463064385
2009	09	01	0.0041375979763	0.0	4.096980100122241
2009	09	02	0.0009467126210000001	0.0	4.1538632466421745
2009	09	03	0.015460407967	0.0	4.263865426323376
2009	09	04	7.654938021e-05	0.0	4.105578344991633
2009	09	05	0.0	0.0	4.547082693757423
2009	09	06	0.00047993063170000003	0.0	4.846511718782925
2009	09	07	0.0	0.0	5.32293428898934
2009	09	08	0.07144179532	0.0	4.812486911520753
2009	09	09	0.14989264826	0.0	4.664672765113809
2009	09	10	0.012660021121	0.0	4.498637516955422
2009	09	11	0.000481973498	0.0	4.344050173246437
2009	09	12	0.29824524380000006	0.0	4.213459577151454
2009	09	13	0.24321022052	0.0	3.721035796877271
2009	09	14	0.0	0.0	3.587787050306696
2009	09	15	0.0023737103778999997	0.0	3.141461917784663
2009	09	16	0.6488061526200001	0.003211173019771171	2.84545876261179
2009	09	17	0.26450108759	0.006422346039542342	2.7443086469486366
2009	09	18	1.2165644387999999	0.012844692079084685	2.8382953688175308
2009	09	19	0.6235357167	0.012844692079084685	2.4530762890301414
2009	09	20	0.0021146835124	0.012844692079084685	3.319000201201203
2009	09	21	0.00046678179075999995	0.016055865098855857	3.6648097581393224
2009	09	22	0.0018728609100000001	0.016055865098855857	3.5633651619460482
2009	09	23	0.0	0.016055865098855857	3.978024845465101
2009	09	24	0.0	0.016055865098855857	3.8695958788859497
2009	09	25	0.0023678810229	0.016055865098855857	3.8781265754749366
2009	09	26	0.0	0.016055865098855857	3.707448406048502
2009	09	27	0.00019815400515000003	0.016055865098855857	3.6341575794328933
2009	09	28	0.0510103307	0.016055865098855857	3.4112323054889
2009	09	29	0.9864844847	0.016055865098855857	3.197161051848165
2009	09	30	1.1482333681999999	0.012844692079084685	2.104869191698033
2009	10	01	0.005805601895	0.012844692079084685	3.088791673837088
2009	10	02	0.0	0.012844692079084685	3.2061506782570817
2009	10	03	0.0010224629659500001	0.012844692079084685	3.293765520119354
2009	10	04	0.013123794016000001	0.012844692079084685	3.0090336757420073
2009	10	05	5.510593515	0.016055865098855857	2.5926419649777332
2009	10	06	9.0273041879	0.016055865098855857	1.9972460996381056
2009	10	07	14.820704366	0.016055865098855857	1.649943612933594
2009	10	08	0.9731260517	0.016055865098855857	2.02702902559871
2009	10	09	0.030017706006	0.016055865098855857	2.0863086045062835
2009	10	10	0.005923901402499999	0.016055865098855857	2.7507866819803763
2009	10	11	0.0	0.016055865098855857	2.9093214035574735
2009	10	12	0.0018999990117	0.016055865098855857	2.784144186037864
2009	10	13	0.0023747163138999995	0.016055865098855857	2.490497106022247
2009	10	14	0.00095164796141	0.016055865098855857	2.7400877551868557
2009	10	15	0.0	0.016055865098855857	2.5771507191138663
2009	10	16	0.00047006901754	0.016055865098855857	2.2225224563820754
2009	10	17	0.0	0.016055865098855857	2.4988356428492984
2009	10	18	0.0	0.016055865098855857	2.49010129192771
2009	10	19	0.007973594721	0.016055865098855857	2.471999655340973
2009	10	20	19.855077630999997	0.016055865098855857	1.383667658897325
2009	10	21	18.372223182000003	0.016055865098855857	1.0992030325671045
2009	10	22	3.4443189078	0.016055865098855857	1.4900375067124192
2009	10	23	0.06848310370800001	0.016055865098855857	2.1580057731023095
2009	10	24	0.14070744884999997	0.016055865098855857	1.5642241774595589
2009	10	25	0.0751006228	0.016055865098855857	1.8556911715541227
2009	10	26	0.016307549469	0.016055865098855857	2.16847340058433
2009	10	27	0.0009138406841	0.016055865098855857	2.198490584540387
2009	10	28	0.0009401379689	0.016055865098855857	2.237831996086538
2009	10	29	0.060902456046	0.016055865098855857	1.882129363420524
2009	10	30	0.0028356723675	0.016055865098855857	2.0693551518646873
2009	10	31	0.0028936102	0.016055865098855857	1.9787182562100634
2009	11	01	1.5354985433000001	0.016055865098855857	1.7325072558326469
2009	11	02	0.04224505442	0.016055865098855857	1.1541751215370368
2009	11	03	0.07083184183499999	0.016055865098855857	1.4461962562787742
2009	11	04	1.1676373442	0.016055865098855857	0.9984204071665567
2009	11	05	0.8217012482	0.016055865098855857	0.8651555188187223
2009	11	06	1.2971047267	0.016055865098855857	1.3253466710586188
2009	11	07	0.23093495558	0.016055865098855857	1.1185850985966888
2009	11	08	0.5943142685999999	0.016055865098855857	0.9154777234840961
2009	11	09	0.003844491058	0.016055865098855857	1.1790665777404026
2009	11	10	0.12869412435	0.016055865098855857	1.1379553312046338
2009	11	11	0.14646857226999999	0.016055865098855857	1.237664449638581
2009	11	12	0.09843008756	0.016055865098855857	1.287801474242112
2009	11	13	0.050274649553999996	0.016055865098855857	1.0320338764814685
2009	11	14	7.550813718	0.016055865098855857	1.007800575952508
2009	11	15	12.688210492	0.016055865098855857	0.8509268291292232
2009	11	16	9.917677444000002	0.016055865098855857	0.9211061947966073
2009	11	17	9.845319541	0.019267038118627025	1.0063432166843667
2009	11	18	0.0013631576610999999	0.019267038118627025	1.362793084916102
2009	11	19	0.16106318148999998	0.019267038118627025	1.2975047851099295
2009	11	20	0.351733464	0.019267038118627025	1.009873441612514
2009	11	21	3.6173518122000003	0.019267038118627025	0.8483636728370236
2009	11	22	0.15264880260000002	0.019267038118627025	0.8665612693669827
2009	11	23	0.0020778204803	0.019267038118627025	1.065930019404047
2009	11	24	0.00039595303181	0.019267038118627025	1.2965163944625904
2009	11	25	1.5998928966	0.019267038118627025	0.8942991079510159
2009	11	26	1.9746018506	0.019267038118627025	0.8711906331106637
2009	11	27	0.8984071772	0.019267038118627025	0.8359473769148743
2009	11	28	1.2445060759999997	0.019267038118627025	0.7191733671020046
2009	11	29	16.227928311	0.019267038118627025	0.7561447475068618
2009	11	30	0.051745066575	0.019267038118627025	0.7157651839040597
2009	12	01	1.1437688654	0.019267038118627025	0.9075456938639086
2009	12	02	5.2523062110000005	0.019267038118627025	0.743422072822998
2009	12	03	1.6753855255999999	0.019267038118627025	0.7661490983029792
2009	12	04	0.0072308648535	0.019267038118627025	0.8161742582288158
2009	12	05	0.23021338401	0.019267038118627025	0.7657511213103743
2009	12	06	14.410917805999999	0.019267038118627025	0.5445292125308581
2009	12	07	4.7542590249000005	0.019267038118627025	0.9522983435423658
2009	12	08	0.037814486518000005	0.06101228737565225	0.8480868044460415
2009	12	09	0.0028804485422	0.11560222871176215	1.0610743951857295
2009	12	10	0.0023700676100999996	0.14771395890947386	1.0398957902111823
2009	12	11	0.0032415551899	0.14771395890947386	1.0648734678314518
2009	12	12	0.005459123453900001	0.1348692668303892	0.8761950965857027
2009	12	13	0.0037929328672000003	0.12844692079084685	0.6267135490016447
2009	12	14	0.0012101422213	0.12844692079084685	0.5632210759199081
2009	12	15	0.15911386062	0.11560222871176215	0.6543748946928073
2009	12	16	5.555216924200001	0.10917988267221983	0.7255607155298938
2009	12	17	0.17256079834	0.10917988267221983	0.8695391373036387
2009	12	18	0.7476222681200001	0.10917988267221983	0.6752476784024386
2009	12	19	0.0017904164029	0.10917988267221983	0.5343075737336201
2009	12	20	7.5017938611	0.10917988267221983	0.638069837058664
2009	12	21	10.613741036	0.12523574777107566	0.9052423645200248
2009	12	22	11.019027356	0.16376982400832973	0.7883692864576104
2009	12	23	41.805639074	0.619756392815836	0.8299022553611213
2009	12	24	6.8978856985	1.8111015831509405	0.9697974972540193
2009	12	25	10.098014634999998	1.7693563338939153	0.7152525129882944
2009	12	26	3.5941680758	1.8367909673091098	0.7433481096286818
2009	12	27	4.3117342116	1.4546613779563404	0.7606687850827802
2009	12	28	12.682031486000001	1.8849585626056773	1.0487378178404747
2009	12	29	22.759142065	2.2638769789386757	0.7017438950913155
2009	12	30	14.321139121	3.211173019771171	0.5731974104087213
2009	12	31	10.495774082999999	6.0370052771698015	0.6805627199744173
2010	01	01	3.1232754260999998	4.8488712598544685	0.6437753573792547
2010	01	02	0.21303649737	3.2432847499688826	0.6991290590917384
2010	01	03	9.945150968	2.9318009670510796	0.4850560408138888
2010	01	04	14.861644416999999	3.339619940562018	0.3851129616544584
2010	01	05	0.48321871882000006	3.4680668613528653	0.7413767536507464
2010	01	06	0.1765374663	2.4886590903226575	0.682331853063693
2010	01	07	1.0821596974	2.157908269286227	0.5552454468069532
2010	01	08	0.063378530008	1.7886233720125422	0.525193325097847
2010	01	09	0.00033773403357999996	1.5798971257274161	0.6148758231003659
2010	01	10	3.0977564181	1.4964066272133656	0.4082353113364859
2010	01	11	0.1771720222	1.428971993798171	0.8076402044956292
2010	01	12	21.154184413	1.8881697356254485	0.8307302106964615
2010	01	13	14.515849505	2.9992356004662737	0.8299302407357035
2010	01	14	1.0692437218200002	3.211173019771171	0.7380287807630873
2010	01	15	1.1717890362	2.5336155125994537	0.8892061049201851
2010	01	16	12.431343852	2.308833401215472	0.8132336003495723
2010	01	17	5.6813671445	2.9992356004662737	0.7839999724919818
2010	01	18	0.21491716751999998	2.5464602046785387	0.6627449331210318
2010	01	19	0.8254107475	2.2221317296816503	0.9346794504824841
2010	01	20	0.66020103605	2.0358836945349226	0.7905782416034921
2010	01	21	0.003764010663	1.8400021403288813	1.0987580448815046
2010	01	22	1.3295785909000002	1.6987105274589496	0.9855642743177997
2010	01	23	2.0440827987	1.5895306447867297	1.0836693235199668
2010	01	24	0.5929048552000001	1.5702636066681026	0.917759130618714
2010	01	25	0.0009401379689	1.4482390319167981	0.7965970397018782
2010	01	26	1.1474846518000001	1.3486926683038918	0.9417213167714727
2010	01	27	0.0042123782879	1.255568650730528	0.6925336461512129
2010	01	28	0.001429797943	1.165655806176935	1.0072357937037446
2010	01	29	0.29692895669	1.1303329029594522	0.9741841757689021
2010	01	30	0.05128515418	1.0853764806826558	0.9552255253723957
2010	01	31	0.25220342072	1.0564759235047152	0.8127542646940773
2010	02	01	0.0043889533665	1.0693206155838	1.0680943931768572
2010	02	02	0.003786849381	0.937662521773182	1.2319769910781413
2010	02	03	2.4467248968	0.879861407417301	1.3480257705307324
2010	02	04	5.9955950789	0.8734390613777586	0.8881446588297776
2010	02	05	2.008245336	0.9986748091488342	0.8979707842396631
2010	02	06	0.037461182382000004	1.0693206155838	0.97990982565066
2010	02	07	0.38185400048999996	1.0179418472674613	1.3037820191398022
2010	02	08	2.5188025275	0.995463636129063	1.1077877424057065
2010	02	09	1.2099690503	0.995463636129063	1.1223125074683218
2010	02	10	9.335412568	0.9986748091488342	0.6257195329778646
2010	02	11	0.014717476802	1.2941027269677818	1.0745748617463597
2010	02	12	0.0009401379689	1.258779823750299	0.884400926176603
2010	02	13	0.0014167808885	1.0853764806826558	0.9446859479465055
2010	02	14	0.020390543320000003	1.0050971551883765	0.9928151727651263
2010	02	15	10.041210135	0.9794077710302072	0.6629054417157001
2010	02	16	10.254879986000002	1.0115195012279188	0.940769097061368
2010	02	17	6.573358281	1.3390591492445783	1.1904136596886803
2010	02	18	0.015670218421	1.4321831668179423	1.2658965867946674
2010	02	19	0.27892150002	1.2491463046909854	1.242840185179957
2010	02	20	2.457793943	1.1206993839001387	1.2671712090013707
2010	02	21	8.259849693	1.355115014343434	1.3116616032289679
2010	02	22	15.788539437	2.257454632899133	1.0414005887958933
2010	02	23	14.030403763	3.981854544516252	1.0124303261567433
2010	02	24	2.8136980706000005	4.078189735109387	1.4416068365328765
2010	02	25	12.696121208	6.550792960333188	1.3264301306338495
2010	02	26	1.0330994707	5.234212022227009	1.2930235181020675
2010	02	27	31.455507317000002	10.91798826722198	1.8143807119768027
2010	02	28	16.545008824	9.505072138522666	1.1896666253458223
2010	03	01	2.1347223752	6.00489354697209	1.340720052587379
2010	03	02	9.439862256000001	4.270860116295657	1.963394469705987
2010	03	03	2.0068403346	4.945206450447603	1.236954620524676
2010	03	04	0.12512976882000001	3.5001785915505765	2.03053581428861
2010	03	05	20.274672066999997	3.660737242539135	0.8871246614569669
2010	03	06	6.792480261	6.101228737565225	0.8791653120980808
2010	03	07	3.996339965	4.078189735109387	1.2483029855851222
2010	03	08	1.8311442367	5.394770673215567	1.2564410630025091
2010	03	09	0.0	3.532290321748288	1.5993327857676378
2010	03	10	0.0	2.8065652192800035	1.769052971667851
2010	03	11	0.0019029172188	2.475814398243573	1.8019200580006984
2010	03	12	4.0649303509000006e-05	2.2253429027014215	1.5807202900952904
2010	03	13	0.0009411259259999999	2.0005607913174397	1.8603993796204836
2010	03	14	0.005288055544	1.8175239291904828	1.7781446638448273
2010	03	15	0.0014274413835	1.669809970281009	2.4096247565455795
2010	03	16	0.00048650499702	1.5574189145890178	2.6173079195512248
2010	03	17	0.0	1.4386055128574848	2.671921561255756
2010	03	18	0.19692076291000002	1.345481495284121	1.96431244180167
2010	03	19	11.434528559	1.2652021697898415	2.034132307410056
2010	03	20	17.117064331999998	1.4161273017190865	1.3394831349745229
2010	03	21	3.8649720032	1.6569652782019242	2.170160319919867
2010	03	22	0.029731598836	1.4610837239958827	2.554548987133022
2010	03	23	0.48928548354	1.3230032841457224	2.274648088081522
2010	03	24	6.225958504	1.2459351316712144	1.498007786026958
2010	03	25	15.140738713	1.3743820524620611	1.7208310358948584
2010	03	26	2.8077072363999998	1.6569652782019242	1.7865549893270336
2010	03	27	0.045947685339	1.4675060700354252	1.9864156852723105
2010	03	28	0.08612876976	1.31658093810618	2.9033086629571256
2010	03	29	8.954266506	1.2298792665723586	2.1817827282754263
2010	03	30	1.4986055096	1.2074010554339603	1.6376283077761955
2010	03	31	2.684903849	1.181711671275791	1.7030811313279541
2010	04	01	0.17419242212000002	1.1367552489989945	1.9518476644474119
2010	04	02	0.20038917950000001	1.0436312314256306	2.3214282547938794
2010	04	03	4.0027341663	0.9665630789511224	2.0117413560522053
2010	04	04	0.0018816033982999999	0.9729854249906648	2.3910149314783546
2010	04	05	0.00047993057655	0.9408736947929531	3.3115529336396303
2010	04	06	0.4888263267	0.8477496772195892	3.3385807603576185
2010	04	07	0.008645285873499999	0.7995820819230217	2.8139640813977236
2010	04	08	0.0042624286777	0.751414486626454	3.287522855018485
2010	04	09	0.0	0.7000357183101152	3.4611288175900956
2010	04	10	0.0018949049164999998	0.6904021992508018	3.7035412544391475
2010	04	11	0.0	0.65829046905309	3.7489013463045096
2010	04	12	1.3766938977	0.6454457769740053	2.9148152990318024
2010	04	13	4.8780557741	0.6229675658356072	2.834158607518953
2010	04	14	16.04182243	0.639023430934463	2.2285108799448494
2010	04	15	10.734270258	1.1752893252362486	2.5739501197080417
2010	04	16	6.490179948	1.689077008399636	2.502833938816187
2010	04	17	9.0226552635	2.0808401168117188	2.243083068139472
2010	04	18	2.7037516923999996	1.7565116418148305	2.281328552841392
2010	04	19	0.13173620938	1.5574189145890178	2.844872022486013
2010	04	20	0.2040085637	1.3422703222643495	3.622864996012745
2010	04	21	12.956323320000001	1.2363016126119009	3.196380138255794
2010	04	22	4.817776052	2.0615730786930917	3.0972821254120655
2010	04	23	0.061771593574	1.8335797942893386	3.4203251869429776
2010	04	24	0.02604382643	1.4803507621145098	3.6771275225484295
2010	04	25	0.016782276257	1.3197921111259512	4.308716272609205
2010	04	26	0.0018965614019	1.2074010554339603	4.505710823433455
2010	04	27	0.0009401379689	1.1142770378605964	4.738031675459693
2010	04	28	0.0043710994364	1.0307865393465458	4.899576783949108
2010	04	29	0.96361106632	0.9472960408324955	3.691022471027675
2010	04	30	0.15550274892	0.9023396185556991	3.56732114589133
2010	05	01	0.09865439364	0.8766502343975296	3.410622573127855
2010	05	02	0.00825884486	0.8284826391009621	3.4444659940740503
2010	05	03	0.04083486892	0.7803150438043945	2.9344637716017865
2010	05	04	0.00033367341629	0.7353586215275981	3.212410377845112
2010	05	05	0.0	0.6679239881124036	3.4734380392498556
2010	05	06	0.0038424940765	0.6454457769740053	3.8728144444496215
2010	05	07	2.8633578881	0.6229675658356072	2.8694014749700236
2010	05	08	19.18457827	0.6615016420728612	2.4625904076103127
2010	05	09	4.0830911356	0.8060044279625638	2.9620188966238508
2010	05	10	0.24361600318999999	0.9890412900895207	3.095126026327775
2010	05	11	6.8110088962	0.8284826391009621	2.8046525796862056
2010	05	12	3.6938737608	0.770681524745081	2.3799087225654603
2010	05	13	3.6541202069	0.7546256596462252	2.5049538719331967
2010	05	14	1.6133545704	0.6904021992508018	2.8018597594005668
2010	05	15	0.044721068819999994	0.65829046905309	3.1124285465320005
2010	05	16	0.0009467126210000001	0.6229675658356072	4.277830472587906
2010	05	17	0.00094013803508	0.5683776244994972	4.966837738234102
2010	05	18	0.0018911068463000002	0.5202100292029297	5.281048449304953
2010	05	19	0.0	0.48167595296567567	5.261739990105355
2010	05	20	0.0009467126210000001	0.45598656880750627	4.9586658857639305
2010	05	21	0.00094013803508	0.43350835766910817	5.845352777200274
2010	05	22	0.0037968864604	0.4110301465307099	5.7721602420941025
2010	05	23	0.0076272975028	0.38212958935276936	5.373602672430209
2010	05	24	2.009904248	0.3724960702934558	3.507992701526869
2010	05	25	2.7060733971	0.3500178591550576	2.921794879172676
2010	05	26	0.08440471458	0.3435955131155153	3.754050085237981
2010	05	27	0.7351618536000001	0.32753964801665947	3.594158189088511
2010	05	28	0.030548194959	0.3339619940562018	4.048607612611524
2010	05	29	0.0017408600468	0.31469495593757474	4.708985777836667
2010	05	30	0.0	0.2954279178189477	5.595312113709374
2010	05	31	0.0	0.2729497066805495	6.241443446497332
2010	06	01	0.0009401379689	0.244049149502609	5.424949049974669
2010	06	02	0.016054289639	0.22478211138398194	5.627013498984269
2010	06	03	0.0009467126210000001	0.20230390024558378	5.494275538193604
2010	06	04	0.0042565560851	0.17340334306764324	5.959335409390468
2010	06	05	0.0033690712551	0.14771395890947386	5.277987171313025
2010	06	06	0.0041076653138	0.13808043985016036	5.049447063187703
2010	06	07	1.5765711749e-05	0.11239105569199097	5.069989222480467
2010	06	08	1.9660534903	0.10917988267221983	2.731808144355419
2010	06	09	22.026164372	0.1220245747513045	2.773586263697952
2010	06	10	1.5519657817999999	0.0770681524745081	2.8414222340784225
2010	06	11	5.844672361	0.1220245747513045	3.5272555342252456
2010	06	12	0.30185842914000005	0.14771395890947386	3.2518970182084166
2010	06	13	0.08668779222	0.14771395890947386	4.244759049360362
2010	06	14	0.060717138809999995	0.14129161286993153	4.944626001412771
2010	06	15	0.00029855085200999995	0.12523574777107566	4.05023121035142
2010	06	16	0.21135398116999998	0.10275753663267748	4.193496535413766
2010	06	17	0.0026269259775999997	0.09633519059313513	5.036851373136354
2010	06	18	2.2494457360999998	0.08349049851405045	4.8428078924602636
2010	06	19	0.0015093643922	0.07064580643496576	4.830710762058733
2010	06	20	0.0009401379689	0.06101228737565225	4.95113258817817
2010	06	21	0.0014102060158	0.04816759529656756	5.481456576875383
2010	06	22	0.0009401379689	0.04816759529656756	6.585641809331836
2010	06	23	0.0023667793465	0.0449564222767964	6.8858990572947185
2010	06	24	1.1346345914999998	0.0449564222767964	6.468978986031853
2010	06	25	3.4408397148999996	0.02568938415816937	5.397176641658881
2010	06	26	1.9228560395	0.0	5.122370217385968
2010	06	27	0.8692947055000001	0.0	5.411008934690947
2010	06	28	0.012341123967	0.0	5.843791806339577
2010	06	29	0.0	0.0	6.197414788272856
2010	06	30	0.052446535970000006	0.0	6.1730896389900645
2010	07	01	0.0019203570827	0.0	5.995555798151822
2010	07	02	0.016405897361	0.0	5.484862463152238
2010	07	03	0.12423057013000001	0.0	6.145130417208174
2010	07	04	0.0009532868318999999	0.0	6.66932703477312
2010	07	05	0.0009609626089	0.0	6.8596062929537815
2010	07	06	0.0009401379689	0.0	7.224035321060706
2010	07	07	1.4577627432	0.0	7.36465836868804
2010	07	08	1.8396320423	0.0	5.6421901263040946
2010	07	09	0.013175701196	0.0	6.019644638729963
2010	07	10	0.0037888168020999997	0.0	6.563925067708117
2010	07	11	0.0	0.0	6.509437726230383
2010	07	12	0.0005060544807799999	0.0	5.764432892968991
2010	07	13	0.0049947619981	0.0	5.361368535673136
2010	07	14	0.006331344969900001	0.0	4.689377118356677
2010	07	15	0.0004799305214	0.0	5.87303444814142
2010	07	16	0.0032984267523	0.0	5.681593698351591
2010	07	17	0.0	0.0	6.693816005248427
2010	07	18	0.0018892841388000001	0.0	7.002865468797169
2010	07	19	0.0009332358361	0.0	6.402112397071752
2010	07	20	0.0023681892011	0.0	5.5228435497399335
2010	07	21	0.10915353076999999	0.0	4.814462453764624
2010	07	22	0.0023806450492	0.0	5.551846882645877
2010	07	23	0.00048373083069000005	0.0	6.10752480464768
2010	07	24	0.00048650506319999995	0.0	6.288875788600067
2010	07	25	0.0014129907599	0.0	6.4427568047238974
2010	07	26	0.00047993057655	0.0	6.369916298988009
2010	07	27	0.004249927055100001	0.0	7.025896082987037
2010	07	28	0.0	0.0	7.385420188604003
2010	07	29	0.0014484329074	0.0	6.540036710413233
2010	07	30	0.0009391954554	0.0	6.464776267630224
2010	07	31	0.0009467126210000001	0.0	6.662713142531992
2010	08	01	0.0	0.0	6.043518383174657
2010	08	02	0.00048650506319999995	0.0	5.765773788052405
2010	08	03	0.0019093487015	0.0	5.85680411172139
2010	08	04	0.0009467126210000001	0.0	5.941810394901606
2010	08	05	0.00047993057655	0.0	5.503494668273782
2010	08	06	0.0028622019441	0.0	6.137662906943038
2010	08	07	0.00048650499702	0.0	7.02535983196791
2010	08	08	0.27213463072	0.0	6.218947876914208
2010	08	09	1.1507969608	0.0	5.615762114615503
2010	08	10	0.0023686925	0.0	5.780514573123873
2010	08	11	0.00047993063170000003	0.0	5.511931968515952
2010	08	12	0.0009467126210000001	0.0	5.323105168409473
2010	08	13	0.0	0.0	4.740275087491647
2010	08	14	0.00047006901754	0.0	4.960058334144753
2010	08	15	0.0019002949466	0.0	5.550124449001282
2010	08	16	0.039255867064	0.0	5.26889211342668
2010	08	17	0.0033052415275000003	0.0	5.0357368052666684
2010	08	18	0.11103392517	0.0	4.912763748922069
2010	08	19	0.027424933541	0.0	5.3969387639069515
2010	08	20	0.0014241220152999999	0.0	5.555729441339488
2010	08	21	0.0018825197707000002	0.0	6.091916758875385
2010	08	22	0.001879735909	0.0	5.106362377854283
2010	08	23	0.036934178909	0.0	4.575190577429557
2010	08	24	0.018826529028	0.0	4.686883792384159
2010	08	25	0.0	0.0	5.945383621023179
2010	08	26	0.0034438399852000003	0.0	5.1097320685175776
2010	08	27	0.022670170776	0.0	4.4198686612314315
2010	08	28	0.0	0.0	5.568533234104579
2010	08	29	0.0009467126210000001	0.0	5.438970815183958
2010	08	30	0.0009532868318999999	0.0	5.94522368717358
2010	08	31	1.7993065829000001	0.0	5.314768859884157
2010	09	01	7.7992780349	0.003211173019771171	3.2771183770592867
2010	09	02	0.0	0.003211173019771171	4.532868883505142
2010	09	03	0.0	0.012844692079084685	4.928479648565105
2010	09	04	0.001406919517	0.0224782111383982	4.774831410614433
2010	09	05	0.001406919517	0.02568938415816937	4.796600505488268
2010	09	06	0.038238357285	0.028900557177940538	4.00464519585255
2010	09	07	0.8799944673000001	0.03211173019771171	2.7202214491944705
2010	09	08	0.027379478911	0.041745249257025226	3.012071632885003
2010	09	09	0.0025110520774	0.041745249257025226	4.025926325229358
2010	09	10	0.0023733551016	0.0449564222767964	4.768604454509613
2010	09	11	0.0	0.0449564222767964	4.720512767223509
2010	09	12	0.0014069197376000001	0.03853407623725405	4.877743347546583
2010	09	13	0.00047993057655	0.028900557177940538	4.704996947009519
2010	09	14	0.0	0.02568938415816937	4.916091260292852
2010	09	15	0.020827655602	0.0224782111383982	3.9847543375967325
2010	09	16	7.547085247100001	0.0224782111383982	2.699523603103194
2010	09	17	1.7061743367	0.0224782111383982	2.804420023170627
2010	09	18	0.005884810530999999	0.0224782111383982	3.209311900072429
2010	09	19	0.0	0.0224782111383982	3.746277187223938
2010	09	20	2.51576652	0.02568938415816937	3.0691580498135456
2010	09	21	0.53645223426	0.02568938415816937	3.040601329663707
2010	09	22	0.0	0.02568938415816937	3.5586942939448103
2010	09	23	0.11010090850000001	0.03532290321748288	2.6067418048365743
2010	09	24	0.10843422034999999	0.0449564222767964	2.5816970959831553
2010	09	25	0.0009547676094	0.04816759529656756	2.9582359063359878
2010	09	26	0.0	0.04816759529656756	2.858146731299014
2010	09	27	0.00048650499702	0.05137876831633874	3.151781761187396
2010	09	28	0.0014342106047999998	0.0449564222767964	3.386814226794432
2010	09	29	0.0004799305214	0.0224782111383982	3.286926262358643
2010	09	30	0.006510133218	0.019267038118627025	2.8614898638784156
