date,observed,split,p_0.01,p_0.05,p_0.1,p_0.25,p_0.4,p_0.5,p_0.6,p_0.75,p_0.9,p_0.95,p_0.99
1980-01-17,0.000000,Training,,,,,,,,,,,
1980-01-18,0.000000,Training,,,,,,,,,,,
1980-01-19,0.000000,Training,-0.635673,-0.317063,-0.113703,0.460880,1.132779,1.690398,2.236042,4.060946,9.107780,13.538809,31.743008
1980-01-20,0.000000,Training,-0.615477,-0.340690,-0.139605,0.308667,0.781852,1.203330,1.592690,2.912298,6.387710,9.393865,21.713310
1980-01-21,0.000000,Training,-0.574778,-0.328820,-0.147145,0.217187,0.599882,0.940981,1.257110,2.286279,4.808270,6.964537,15.943172
1980-01-22,0.000000,Training,-0.568159,-0.319860,-0.113249,0.327905,0.718661,1.097192,1.470899,2.634956,5.290665,7.541881,16.689346
1980-01-23,0.000000,Training,-0.554351,-0.324209,-0.131188,0.277937,0.614577,0.943194,1.277882,2.309448,4.563634,6.529739,14.298295
1980-01-24,0.000000,Training,-0.554786,-0.355885,-0.159684,0.193619,0.499081,0.783679,1.064562,1.968623,4.018215,5.941396,13.270425
1980-01-25,0.000000,Training,-0.544621,-0.349623,-0.170108,0.164777,0.440642,0.709166,0.964374,1.796694,3.603486,5.233872,11.673699
1980-01-26,0.000000,Training,-0.539091,-0.348964,-0.181928,0.133342,0.385956,0.638528,0.868602,1.638405,3.272271,4.715439,10.609687
1980-01-27,0.000000,Training,-0.530074,-0.337987,-0.186321,0.119284,0.352822,0.594821,0.811150,1.535785,3.003662,4.255811,9.580714
1980-01-28,0.000000,Training,-0.524691,-0.328080,-0.190627,0.111168,0.330763,0.565755,0.772670,1.467512,2.820979,3.930954,8.878543
1980-01-29,0.000000,Training,-0.522290,-0.323537,-0.194624,0.101291,0.309866,0.540740,0.736458,1.407470,2.685090,3.695940,8.399890
1980-01-30,0.000000,Training,-0.524801,-0.323937,-0.195395,0.104564,0.312545,0.549079,0.741343,1.416562,2.695563,3.679212,8.369063
1980-01-31,0.000000,Training,-0.570744,-0.387290,-0.267274,0.034435,0.281766,0.521876,0.759764,1.500825,3.204503,4.888603,11.962016
1980-02-01,0.000000,Training,-0.609132,-0.402701,-0.256783,0.071480,0.329670,0.634115,0.843846,1.644774,3.566116,5.158355,12.879567
1980-02-02,0.000000,Training,-0.568076,-0.370366,-0.235506,0.049751,0.277452,0.540362,0.723612,1.420900,2.957126,4.200837,10.144582
1980-02-03,0.000000,Training,-0.554968,-0.364177,-0.227781,0.055759,0.260109,0.494381,0.668392,1.336724,2.743999,3.958973,9.397265
1980-02-04,0.000000,Training,-0.479151,-0.294689,-0.205163,-0.021936,0.120962,0.283490,0.397621,0.856902,1.695077,2.341853,5.913634
1980-02-05,0.000000,Training,-0.477971,-0.293282,-0.205100,-0.020054,0.120759,0.282862,0.397968,0.857551,1.684673,2.314207,5.806835
1980-02-06,0.000000,Training,-0.491045,-0.302635,-0.211713,-0.006359,0.141380,0.315229,0.440974,0.932277,1.821147,2.486562,6.115024
1980-02-07,0.000000,Training,-0.444890,-0.260793,-0.189634,-0.039464,0.081864,0.222561,0.320405,0.712470,1.368632,1.826622,4.761235
1980-02-08,0.000000,Training,-0.436694,-0.253314,-0.185188,-0.044988,0.073246,0.209530,0.303158,0.678618,1.295666,1.715451,4.526137
1980-02-09,0.000000,Training,-0.428840,-0.249756,-0.177771,-0.046933,0.069849,0.197236,0.286745,0.650021,1.251302,1.695329,4.495475
1980-02-10,0.000000,Training,-0.430731,-0.248221,-0.180986,-0.048347,0.067894,0.199659,0.289989,0.652707,1.240130,1.638619,4.360499
1980-02-11,0.000000,Training,-0.428688,-0.245907,-0.179483,-0.048098,0.066482,0.196408,0.285241,0.644453,1.225333,1.622658,4.326235
1980-02-12,0.000000,Training,-0.429845,-0.246955,-0.179885,-0.046632,0.068338,0.197702,0.286784,0.648084,1.234457,1.642097,4.366110
1980-02-13,0.000000,Training,-0.447342,-0.263592,-0.201432,-0.047047,0.083903,0.215661,0.317286,0.705277,1.357798,1.865927,4.916241
1980-02-14,0.000000,Training,-0.457868,-0.272128,-0.196027,-0.048197,0.079886,0.225097,0.316002,0.705690,1.387515,1.876012,4.982924
1980-02-15,0.000000,Training,-0.453442,-0.272810,-0.191240,-0.043167,0.084201,0.225609,0.316751,0.710404,1.404687,1.934448,5.075835
1980-02-16,0.000000,Training,-0.472516,-0.304532,-0.209503,-0.075964,0.054641,0.190038,0.264027,0.654423,1.429833,2.076648,5.733182
1980-02-17,0.000000,Training,-0.469396,-0.298027,-0.202225,-0.053422,0.080088,0.225501,0.313603,0.722140,1.495228,2.123503,5.584466
1980-02-18,0.000000,Training,-0.493557,-0.310929,-0.227358,-0.032613,0.118743,0.276360,0.393723,0.858460,1.724181,2.450333,6.221345
1980-02-19,0.000000,Training,-0.567164,-0.365631,-0.265233,-0.003326,0.259518,0.487481,0.665240,1.349949,3.070709,4.645330,12.186903
1980-02-20,0.000000,Training,-0.718543,-0.455497,-0.323515,0.081319,0.575115,1.057884,1.319003,2.842680,7.293781,10.403287,28.633356
1980-02-21,0.000000,Training,-0.668915,-0.403998,-0.275625,0.114718,0.597669,1.035030,1.298615,2.634653,6.322068,9.211391,23.350504
1980-02-22,0.000000,Training,-0.431678,0.478574,1.117697,4.530488,10.724337,14.319358,19.487810,40.711857,91.654793,120.500534,268.326630
1980-02-23,15.139235,Training,0.229899,1.787667,2.986603,9.542251,21.819054,26.819777,36.250999,70.156845,128.816254,171.731735,352.511841
1980-02-24,4.348504,Training,-0.248284,0.591378,1.469514,4.495090,9.282180,12.136889,15.640933,28.922224,56.118797,79.475761,173.037125
1980-02-25,2.254780,Training,-0.498235,-0.092041,0.391511,1.458080,2.711860,3.830046,4.813985,8.475191,16.940268,24.435678,52.686642
1980-02-26,0.966334,Training,-0.516438,-0.198927,0.134087,0.822210,1.524091,2.184840,2.793389,4.711442,8.892883,12.515739,26.653410
1980-02-27,0.483167,Training,-0.507103,-0.203838,0.062285,0.691939,1.297002,1.832873,2.389648,3.961586,7.145899,9.932634,21.152994
1980-02-28,0.483167,Training,-0.541495,-0.070840,0.265361,1.594310,3.097796,4.532991,6.295285,10.992478,23.359346,33.619877,77.709183
1980-02-29,0.966334,Training,1.002838,3.676759,5.229929,17.114893,34.103703,43.946110,58.762585,103.232460,173.048309,210.040100,424.846008
1980-03-01,0.966334,Training,1.409734,3.853746,5.629619,15.230808,27.275393,34.711098,42.886845,68.693451,107.291298,137.950424,277.718384
1980-03-02,0.483167,Training,0.974332,2.825626,4.214549,11.384798,19.354031,25.243303,30.919870,48.949226,77.828865,100.738419,204.038284
1980-03-03,0.483167,Training,0.546912,2.102347,3.266637,8.867668,14.974856,19.817924,24.162500,38.526398,63.428585,82.575172,174.735779
1980-03-04,1.771613,Training,0.227684,1.207262,2.298820,5.453602,8.672965,11.924824,14.350157,21.884518,35.958508,47.153728,100.726845
1980-03-05,2.254780,Training,-0.033126,0.628825,1.380961,3.189806,4.975191,6.730046,8.233116,12.051544,19.746998,25.915388,55.697174
1980-03-06,0.966334,Training,-0.087859,0.456341,1.116053,2.581649,4.076799,5.363113,6.683549,9.612792,15.528044,20.779058,44.500389
1980-03-07,0.483167,Training,-0.194432,0.260370,0.801894,1.987287,3.174750,4.174592,5.232286,7.614208,12.268074,16.400444,34.670410
1980-03-08,0.483167,Training,-0.304008,0.088244,0.507543,1.455694,2.332416,3.145929,3.916502,5.858856,9.439756,12.298389,25.741177
1980-03-09,0.483167,Training,-0.421083,-0.118925,0.223934,0.952996,1.617964,2.225652,2.824560,4.436341,7.435614,10.069366,20.938107
1980-03-10,0.322111,Training,-0.487301,-0.247873,0.064428,0.644658,1.200906,1.685839,2.158796,3.528498,6.308333,8.938149,19.030266
1980-03-11,0.161056,Training,-0.527966,-0.317921,-0.047710,0.437050,0.882311,1.283794,1.656240,2.821173,5.249232,7.563299,16.388191
1980-03-12,0.161056,Training,-0.557363,-0.372328,-0.145298,0.241659,0.576760,0.898933,1.165579,2.110985,4.126072,6.045931,13.513481
1980-03-13,0.161056,Training,-0.546958,-0.340708,-0.171013,0.194418,0.460444,0.750453,0.991881,1.817185,3.379453,4.716400,10.417139
1980-03-14,0.161056,Training,-0.541020,-0.333404,-0.191380,0.132632,0.361102,0.622625,0.824698,1.543528,2.876337,3.925518,8.871763
1980-03-15,0.161056,Training,-0.543692,-0.341322,-0.202270,0.113785,0.331484,0.577210,0.771972,1.467984,2.792853,3.921285,8.946258
1980-03-16,0.161056,Training,-0.546761,-0.343586,-0.205154,0.104873,0.312514,0.560887,0.741165,1.422746,2.729955,3.803274,8.723041
1980-03-17,0.161056,Training,-0.584752,-0.374869,-0.252914,0.088915,0.330903,0.598891,0.820627,1.572393,3.291114,4.947445,11.941597
1980-03-18,0.322111,Training,-0.739278,-0.488516,-0.321471,0.154209,0.687099,1.230798,1.548598,3.247115,8.278276,12.935350,35.257172
1980-03-19,0.483167,Training,-0.684233,-0.422986,-0.274989,0.140838,0.539909,0.975266,1.185027,2.461399,5.872654,8.658894,22.286236
1980-03-20,0.966334,Training,-0.680665,-0.397986,-0.259052,0.219170,0.711404,1.204774,1.488302,3.004884,7.116797,10.619339,26.324783
1980-03-21,58.946382,Training,-0.657102,-0.135907,0.181329,1.619463,3.790422,5.519431,6.782754,14.077193,33.668118,48.034199,113.128380
1980-03-22,63.455941,Training,-0.531034,0.175446,0.552608,2.566949,5.930080,8.175675,10.221090,20.848995,46.081066,62.620838,141.503494
1980-03-23,8.052784,Training,-0.599771,-0.137084,0.187549,1.269556,2.626291,3.812172,4.654584,8.837322,19.227125,27.225431,62.323112
1980-03-24,4.831671,Training,-0.593105,-0.274485,-0.013109,0.585027,1.167178,1.748260,2.170805,4.002026,8.405687,12.305554,27.637403
1980-03-25,2.576891,Training,-0.576762,-0.317411,-0.058442,0.442731,0.897963,1.342756,1.726262,3.126387,6.378478,9.701441,21.612463
1980-03-26,1.288446,Training,-0.557597,-0.322250,-0.080468,0.373898,0.764711,1.151580,1.495370,2.692201,5.382237,8.145222,18.067211
1980-03-27,1.127390,Training,-0.564757,-0.349795,-0.136981,0.262551,0.601672,0.925242,1.220235,2.249856,4.593214,7.065257,16.125404
1980-03-28,0.644223,Training,-0.584155,-0.393431,-0.198271,0.141505,0.424100,0.695863,0.916263,1.805350,3.881187,6.162874,14.836244
1980-03-29,0.483167,Training,-0.573711,-0.393042,-0.205048,0.094953,0.325434,0.579609,0.743264,1.512402,3.292794,5.186800,12.600222
1980-03-30,0.483167,Training,-0.567532,-0.390948,-0.212442,0.067875,0.273095,0.512703,0.653477,1.358174,2.957894,4.631807,11.307769
1980-03-31,0.322111,Training,-0.568352,-0.391266,-0.216900,0.045571,0.225566,0.456355,0.570204,1.214886,2.659448,4.143926,10.142220
1980-04-01,0.161056,Training,-0.552270,-0.356112,-0.214589,0.005374,0.133699,0.333972,0.410088,0.917201,2.058751,3.129719,7.866074
1980-04-02,0.161056,Training,-0.536868,-0.316829,-0.209479,-0.019313,0.072750,0.246988,0.300445,0.707615,1.631159,2.412161,6.293038
1980-04-03,0.000000,Training,-0.499819,-0.280497,-0.193633,-0.038019,0.038487,0.183929,0.228149,0.576001,1.328973,1.969986,5.363863
1980-04-04,0.000000,Training,-0.458989,-0.264474,-0.182814,-0.040455,0.045460,0.175188,0.222697,0.572667,1.279531,1.946554,5.390346
1980-04-05,0.000000,Training,-0.421077,-0.225661,-0.161800,-0.042827,0.033815,0.146524,0.187295,0.494905,1.098945,1.650376,4.739332
1980-04-06,0.000000,Training,-0.380211,-0.185185,-0.135734,-0.035091,0.038338,0.137497,0.179383,0.453213,0.969444,1.431135,4.187958
1980-04-07,0.000000,Training,-0.376102,-0.178537,-0.132266,-0.042189,0.024284,0.116269,0.150459,0.405176,0.890481,1.324829,4.001462
1980-04-08,0.000000,Training,-0.348927,-0.151538,-0.111552,-0.041962,0.020189,0.098740,0.131847,0.355615,0.770209,1.141211,3.571636
1980-04-09,0.000000,Training,-0.329944,-0.128462,-0.092231,-0.047140,0.006537,0.068841,0.096732,0.286215,0.629839,0.942540,3.159069
1980-04-10,0.000000,Training,-0.297434,-0.102695,-0.065087,-0.033083,0.025281,0.078964,0.115179,0.288417,0.577665,0.851884,2.835916
1980-04-11,0.000000,Training,-0.280993,-0.094118,-0.060162,-0.018488,0.050380,0.094592,0.141962,0.311224,0.555772,0.851743,2.759725
1980-04-12,0.000000,Training,-0.331620,-0.132750,-0.085094,-0.021136,0.069823,0.127387,0.166222,0.355424,0.678655,1.091039,3.548788
1980-04-13,0.000000,Training,-0.400641,-0.172352,-0.122893,-0.023297,0.088871,0.180812,0.197158,0.449386,0.950871,1.535597,5.123208
1980-04-14,234.980248,Training,-0.415086,-0.122471,-0.071706,0.151846,0.304315,0.469170,0.469255,0.885102,1.733432,2.567003,7.293924
1980-04-15,60.073772,Training,-0.412436,-0.135929,-0.066850,0.098057,0.250111,0.403457,0.456291,0.880524,1.729724,2.391196,6.827193
1980-04-16,9.502286,Training,-0.341876,-0.107010,-0.039657,0.058038,0.167357,0.267832,0.319737,0.608958,1.128481,1.635743,4.655771
1980-04-17,3.543225,Training,-0.319561,-0.094853,-0.036774,0.023590,0.110334,0.182823,0.222091,0.449724,0.880282,1.326760,4.111988
1980-04-18,1.127390,Training,-0.301543,-0.079433,-0.039192,0.021946,0.101687,0.158770,0.203217,0.415477,0.798159,1.219696,3.832939
1980-04-19,0.644223,Training,-0.310268,-0.087701,-0.041186,0.010881,0.076325,0.134613,0.171235,0.373350,0.744596,1.126635,3.666569
1980-04-20,0.483167,Training,-0.325412,-0.094268,-0.049674,-0.004314,0.044162,0.098352,0.131072,0.311633,0.642054,0.977922,3.326352
1980-04-21,0.483167,Training,-0.320447,-0.096208,-0.056414,-0.010460,0.037463,0.090202,0.122201,0.303804,0.627634,0.955628,3.249733
1980-04-22,0.322111,Training,-0.301317,-0.088817,-0.054294,-0.006663,0.046587,0.099281,0.135364,0.323156,0.646127,0.968156,3.198384
1980-04-23,0.000000,Training,-0.314810,-0.091901,-0.058869,-0.018257,0.022317,0.070097,0.100413,0.269297,0.560514,0.848214,2.957293
1980-04-24,0.000000,Training,-0.306348,-0.091672,-0.059941,-0.016897,0.027318,0.077952,0.109477,0.285403,0.585795,0.874763,2.981053
1980-04-25,0.000000,Training,-0.297223,-0.098187,-0.074487,-0.001981,0.055146,0.107472,0.145335,0.333156,0.634104,1.005426,3.210311
1980-04-26,0.000000,Training,-0.359248,-0.138316,-0.105883,-0.014693,0.054203,0.121009,0.139942,0.343986,0.721996,1.188034,3.952044
1980-04-27,0.000000,Training,-0.358053,-0.136273,-0.081871,-0.011330,0.047491,0.121724,0.135339,0.333335,0.716637,1.130767,3.802013
1980-04-28,0.000000,Training,-0.357068,-0.144378,-0.106325,-0.008875,0.057561,0.133952,0.160681,0.379115,0.776953,1.227324,3.829188
1980-04-29,0.000000,Training,-0.385706,-0.170205,-0.136867,-0.005099,0.065408,0.156944,0.180252,0.426081,0.889813,1.433767,4.339822
1980-04-30,0.000000,Training,-0.393925,-0.170884,-0.118698,-0.003386,0.061844,0.159250,0.173072,0.416057,0.900126,1.411291,4.380018
1980-05-01,0.000000,Training,-0.364103,-0.147417,-0.096524,-0.004027,0.052173,0.137710,0.154117,0.371502,0.794542,1.232643,3.871515
1980-05-02,0.000000,Training,-0.360612,-0.100090,-0.018845,0.215523,0.254231,0.383199,0.365556,0.599516,1.083389,1.730520,4.775571
1980-05-03,0.000000,Training,-0.475861,-0.115233,-0.085453,0.173451,0.347985,0.539455,0.513611,1.016525,2.166812,3.188921,10.009498
1980-05-04,0.000000,Training,-0.449640,-0.102743,-0.076507,0.140297,0.275973,0.432181,0.404448,0.838471,1.757151,2.661135,8.303013
1980-05-05,0.000000,Training,-0.395888,0.014772,0.084206,0.434764,0.587877,0.796711,0.729624,1.333541,2.617174,3.892828,10.914212
1980-05-06,0.000000,Training,-0.459741,-0.076005,-0.012254,0.248697,0.381528,0.538645,0.516556,0.999784,2.019099,3.084114,9.369573
1980-05-07,0.000000,Training,-0.411956,-0.088171,-0.041665,0.146009,0.230091,0.353481,0.340409,0.691948,1.447263,2.247478,6.824095
1980-05-08,0.000000,Training,-0.400036,-0.109483,-0.059237,0.090224,0.141524,0.241183,0.234717,0.504738,1.079389,1.716410,5.351461
1980-05-09,0.000000,Training,-0.364372,-0.095344,-0.044751,0.066260,0.098442,0.181180,0.186003,0.404131,0.858258,1.343763,4.289676
1980-05-10,0.000000,Training,-0.362898,-0.098612,-0.058714,0.047515,0.069273,0.144536,0.152906,0.352276,0.760825,1.200210,3.892011
1980-05-11,0.000000,Training,-0.341440,-0.082437,-0.067413,0.070209,0.074608,0.137651,0.138049,0.306558,0.620647,1.109023,3.753732
1980-05-12,0.000000,Training,-0.393731,-0.127343,-0.103706,0.041745,0.098233,0.181937,0.194695,0.432919,0.928470,1.506873,4.725241
1980-05-13,0.000000,Training,-0.359709,-0.109523,-0.065783,0.053942,0.097768,0.186792,0.203917,0.430825,0.902132,1.399931,4.287402
1980-05-14,0.000000,Training,-0.340957,-0.095824,-0.063625,0.023493,0.051958,0.117375,0.130666,0.306834,0.665884,1.054420,3.516747
1980-05-15,0.000000,Training,-0.356574,-0.092722,-0.067097,0.010345,0.018962,0.070687,0.080196,0.218024,0.495803,0.819522,2.985300
1980-05-16,0.000000,Training,-0.363990,-0.092565,-0.073879,0.009963,0.010757,0.062450,0.069452,0.200253,0.472034,0.789732,2.895062
1980-05-17,0.000000,Training,-0.353418,-0.084473,-0.071396,0.003165,0.003359,0.048940,0.057592,0.179735,0.430113,0.721501,2.718667
1980-05-18,0.000000,Training,-0.333460,-0.070242,-0.059823,-0.006220,-0.003559,0.030549,0.044946,0.152156,0.361034,0.606150,2.421238
1980-05-19,0.000000,Training,-0.327070,-0.064244,-0.057230,-0.008859,-0.007959,0.022385,0.037066,0.136638,0.330332,0.559808,2.302354
1980-05-20,0.000000,Training,-0.339116,-0.064742,-0.063857,-0.006118,-0.014094,0.017672,0.028021,0.119370,0.306977,0.534664,2.239210
1980-05-21,0.000000,Training,-0.340689,-0.059076,-0.054566,-0.011280,-0.021700,-0.000759,0.012344,0.081931,0.216390,0.395308,1.874603
1980-05-22,0.000000,Training,-0.305964,-0.048312,-0.039672,-0.017486,-0.015386,-0.000400,0.017639,0.092403,0.227451,0.403968,1.895733
1980-05-23,0.000000,Training,-0.296739,-0.041296,-0.032457,-0.018801,-0.016350,-0.007161,0.012142,0.077496,0.194836,0.360339,1.790678
1980-05-24,0.000000,Training,-0.292038,-0.039846,-0.021513,-0.020550,-0.011970,-0.009384,0.014755,0.073675,0.169190,0.316024,1.653251
1980-05-25,0.000000,Training,-0.279108,-0.036769,-0.018095,-0.019686,-0.005788,-0.002047,0.022740,0.087503,0.194823,0.347907,1.725323
1980-05-26,0.000000,Training,-0.272223,-0.033809,-0.011998,-0.019255,-0.000315,-0.000364,0.027599,0.089662,0.190190,0.339244,1.689405
1980-05-27,0.000000,Training,-0.272621,-0.054575,-0.031222,0.006288,0.036762,0.048047,0.088636,0.157535,0.260701,0.492870,1.908207
1980-05-28,0.000000,Training,-0.335206,-0.082691,-0.043586,-0.019076,0.019433,0.039414,0.059652,0.138831,0.299644,0.523327,2.261495
1980-05-29,0.000000,Training,-0.308706,-0.061413,-0.030610,-0.008196,0.017970,0.036586,0.054876,0.127436,0.278419,0.500468,2.167519
1980-05-30,0.000000,Training,-0.328470,-0.079517,-0.048622,-0.021843,0.000921,0.021344,0.035746,0.115814,0.272680,0.489903,2.173596
1980-05-31,0.000000,Training,-0.355830,-0.081369,-0.054750,-0.031523,-0.019343,-0.012077,0.008630,0.064836,0.165415,0.332090,1.743346
1980-06-01,0.000000,Training,-0.359609,-0.076558,-0.050543,-0.029021,-0.025307,-0.020415,-0.001190,0.045161,0.125460,0.271951,1.578072
1980-06-02,0.000000,Training,-0.359129,-0.071063,-0.047252,-0.027246,-0.027967,-0.026544,-0.007348,0.031128,0.095113,0.229689,1.466109
1980-06-03,0.000000,Training,-0.340611,-0.062405,-0.039031,-0.028056,-0.025491,-0.026343,-0.004668,0.036908,0.105378,0.240281,1.491076
1980-06-04,0.000000,Training,-0.353421,-0.065135,-0.043899,-0.026073,-0.030385,-0.030497,-0.011925,0.023423,0.080817,0.208284,1.408812
1980-06-05,0.000000,Training,-0.372133,-0.070108,-0.050506,-0.019771,-0.033155,-0.031471,-0.018171,0.009338,0.050631,0.173339,1.322680
1980-06-06,0.000000,Training,-0.341551,-0.060093,-0.039609,-0.027657,-0.029688,-0.031143,-0.011537,0.025160,0.087385,0.216853,1.437813
1980-06-07,0.000000,Training,-0.312043,-0.048773,-0.026780,-0.026773,-0.020541,-0.024005,-0.000833,0.043554,0.117612,0.254846,1.529934
1980-06-08,0.000000,Training,-0.305762,-0.045411,-0.023832,-0.026343,-0.020286,-0.023841,-0.000446,0.044498,0.118659,0.253355,1.518800
1980-06-09,0.000000,Training,-0.300406,-0.042765,-0.021403,-0.025842,-0.019175,-0.023284,0.000399,0.045311,0.120068,0.254844,1.521126
1980-06-10,0.000000,Training,-0.305628,-0.044789,-0.024233,-0.026738,-0.022471,-0.026104,-0.003603,0.039247,0.111590,0.244200,1.496795
1980-06-11,0.000000,Training,-0.316090,-0.049201,-0.038965,-0.030227,-0.024194,-0.030930,-0.006793,0.033510,0.103606,0.249074,1.523031
1980-06-12,0.000000,Training,-0.293395,-0.040767,-0.023884,-0.025315,-0.013320,-0.016895,0.006375,0.055893,0.144834,0.294521,1.631781
1980-06-13,0.000000,Training,-0.288448,-0.039531,-0.027257,-0.023056,-0.007332,-0.009386,0.014591,0.068372,0.169350,0.331721,1.717559
1980-06-14,0.000000,Training,-0.298081,-0.042091,-0.031627,-0.023024,-0.014983,-0.014407,0.005072,0.056112,0.158607,0.322188,1.723276
1980-06-15,0.000000,Training,-0.308396,-0.051214,-0.025513,-0.030029,-0.019084,-0.023125,0.000876,0.046240,0.124980,0.262996,1.542380
1980-06-16,0.000000,Training,-0.320453,-0.055419,-0.030404,-0.031691,-0.025199,-0.029753,-0.007074,0.032672,0.101917,0.234089,1.474726
1980-06-17,0.000000,Training,-0.327439,-0.055660,-0.031492,-0.031252,-0.028631,-0.034416,-0.012429,0.021139,0.079498,0.204716,1.401611
1980-06-18,0.000000,Training,-0.340405,-0.058694,-0.036045,-0.029855,-0.032817,-0.037762,-0.018049,0.009913,0.058633,0.177699,1.335865
1980-06-19,0.000000,Training,-0.342984,-0.060510,-0.037514,-0.030495,-0.033637,-0.038000,-0.018491,0.010335,0.059503,0.177923,1.335353
1980-06-20,0.000000,Training,-0.351164,-0.063434,-0.040961,-0.029557,-0.035550,-0.038958,-0.021196,0.005542,0.050582,0.167167,1.309779
1980-06-21,0.000000,Training,-0.340552,-0.059520,-0.036461,-0.030852,-0.033430,-0.038084,-0.018140,0.011349,0.061571,0.180440,1.343850
1980-06-22,0.000000,Training,-0.322209,-0.052654,-0.028547,-0.030948,-0.027811,-0.033974,-0.011009,0.023806,0.082444,0.206442,1.406921
1980-06-23,0.000000,Training,-0.307945,-0.046786,-0.021948,-0.029707,-0.022549,-0.029596,-0.004738,0.033926,0.098159,0.225479,1.449760
1980-06-24,0.000000,Training,-0.313898,-0.048702,-0.024068,-0.030206,-0.025392,-0.032342,-0.008072,0.028075,0.088083,0.211899,1.415416
1980-06-25,0.000000,Training,-0.322107,-0.051688,-0.027447,-0.030768,-0.028703,-0.035299,-0.012030,0.021219,0.076935,0.197523,1.380747
1980-06-26,0.000000,Training,-0.325634,-0.053134,-0.029119,-0.031115,-0.030136,-0.036443,-0.013711,0.018571,0.073079,0.192628,1.370082
1980-06-27,0.000000,Training,-0.311828,-0.047534,-0.023098,-0.030320,-0.025264,-0.032821,-0.008260,0.027352,0.087438,0.211421,1.417211
1980-06-28,0.000000,Training,-0.316432,-0.049082,-0.025267,-0.030483,-0.027265,-0.034242,-0.010479,0.023735,0.082289,0.204912,1.402897
1980-06-29,0.000000,Training,-0.340785,-0.054896,-0.035684,-0.027715,-0.036154,-0.040869,-0.023148,-0.000130,0.043815,0.159292,1.302600
1980-06-30,0.000000,Training,-0.331009,-0.055134,-0.032320,-0.031908,-0.033202,-0.039082,-0.017889,0.011852,0.065664,0.185073,1.362103
1980-07-01,0.000000,Validation,-0.329248,-0.053777,-0.032878,-0.031433,-0.033805,-0.039180,-0.019061,0.010556,0.067036,0.189206,1.380160
1980-07-02,0.000000,Validation,-0.355677,-0.064013,-0.040820,-0.029492,-0.037855,-0.041972,-0.024977,-0.003550,0.035950,0.148113,1.272233
1980-07-03,0.000000,Validation,-0.352392,-0.064239,-0.039333,-0.031439,-0.036325,-0.041008,-0.021883,0.002186,0.046362,0.159994,1.301053
1980-07-04,0.000000,Validation,-0.348931,-0.063449,-0.038168,-0.032229,-0.035328,-0.040280,-0.020174,0.005472,0.053146,0.168684,1.325134
1980-07-05,0.000000,Validation,-0.319438,-0.051827,-0.025160,-0.032186,-0.026508,-0.034493,-0.009348,0.023810,0.083578,0.206971,1.417293
1980-07-06,0.000000,Validation,-0.326857,-0.054961,-0.028332,-0.032667,-0.029224,-0.036091,-0.011851,0.020071,0.077632,0.197982,1.393306
1980-07-07,0.000000,Validation,-0.333172,-0.057435,-0.030971,-0.032908,-0.031313,-0.037383,-0.013900,0.016625,0.071997,0.189870,1.372758
1980-07-08,0.000000,Validation,-0.327533,-0.055390,-0.028511,-0.033065,-0.029433,-0.036200,-0.011509,0.020672,0.078731,0.198378,1.394115
1980-07-09,0.000000,Validation,-0.313542,-0.049576,-0.022063,-0.032094,-0.024194,-0.032555,-0.005764,0.029547,0.092373,0.216190,1.437264
1980-07-10,0.000000,Validation,-0.328158,-0.055514,-0.028238,-0.033234,-0.029507,-0.036568,-0.011549,0.020061,0.077270,0.195983,1.388701
1980-07-11,0.000000,Validation,-0.343936,-0.061749,-0.034999,-0.033250,-0.033924,-0.039218,-0.016784,0.010971,0.062389,0.176777,1.343859
1980-07-12,0.000000,Validation,-0.342859,-0.061659,-0.034762,-0.033717,-0.033556,-0.038959,-0.016062,0.012463,0.065640,0.180977,1.356716
1980-07-13,0.000000,Validation,-0.346494,-0.063477,-0.036457,-0.033849,-0.034162,-0.038979,-0.016561,0.011754,0.064884,0.180078,1.356606
1980-07-14,0.000000,Validation,-0.350631,-0.065275,-0.038135,-0.033734,-0.034827,-0.039032,-0.017185,0.010546,0.062865,0.177373,1.351222
1980-07-15,0.000000,Validation,-0.353345,-0.066409,-0.039104,-0.033645,-0.035148,-0.039115,-0.017565,0.009548,0.061199,0.175368,1.348294
1980-07-16,0.000000,Validation,-0.339731,-0.061391,-0.033418,-0.034633,-0.031706,-0.037238,-0.012761,0.018206,0.076760,0.194947,1.397010
1980-07-17,0.000000,Validation,-0.342177,-0.062738,-0.034509,-0.034741,-0.032091,-0.036875,-0.012604,0.018756,0.077954,0.195644,1.398255
1980-07-18,0.000000,Validation,-0.356537,-0.068207,-0.040074,-0.033653,-0.035056,-0.038033,-0.016426,0.011320,0.064409,0.178026,1.356184
1980-07-19,0.000000,Validation,-0.362819,-0.070991,-0.042661,-0.033191,-0.035700,-0.037863,-0.017161,0.009586,0.061340,0.174594,1.351144
1980-07-20,0.000000,Validation,-0.369031,-0.074151,-0.045397,-0.032777,-0.035960,-0.037086,-0.017177,0.009271,0.060807,0.174563,1.354635
1980-07-21,0.000000,Validation,-0.368049,-0.074180,-0.045029,-0.033596,-0.035572,-0.036901,-0.016262,0.010899,0.064460,0.179067,1.368011
1980-07-22,0.000000,Validation,-0.353879,-0.068832,-0.039177,-0.035730,-0.033115,-0.036382,-0.012414,0.018396,0.079011,0.196586,1.410477
1980-07-23,0.000000,Validation,-0.357336,-0.069891,-0.039863,-0.035186,-0.033737,-0.036688,-0.013328,0.016023,0.073955,0.189326,1.391711
1980-07-24,0.000000,Validation,-0.363055,-0.072194,-0.041901,-0.034441,-0.034405,-0.036349,-0.013933,0.014453,0.070671,0.184566,1.380604
1980-07-25,0.000000,Validation,-0.333344,-0.060511,-0.029491,-0.035847,-0.027134,-0.032858,-0.004559,0.031284,0.100020,0.222364,1.471683
1980-07-26,0.000000,Validation,-0.324749,-0.056873,-0.025240,-0.035074,-0.023968,-0.030600,-0.000880,0.036860,0.108075,0.232479,1.493833
1980-07-27,0.000000,Validation,-0.326795,-0.057467,-0.025632,-0.035162,-0.024901,-0.031168,-0.001511,0.035499,0.105601,0.227814,1.480724
1980-07-28,0.000000,Validation,-0.312172,-0.050455,-0.027219,-0.036105,-0.016299,-0.027198,0.007721,0.049594,0.130031,0.269554,1.592073
1980-07-29,0.000000,Validation,-0.319789,-0.055271,-0.022897,-0.034459,-0.019759,-0.026121,0.005228,0.046718,0.124727,0.254040,1.549453
1980-07-30,0.000000,Validation,-0.329567,-0.060170,-0.026855,-0.035555,-0.022851,-0.027957,0.003008,0.042652,0.118629,0.244638,1.526259
1980-07-31,0.000000,Validation,-0.338926,-0.064811,-0.031328,-0.037278,-0.026623,-0.030726,-0.000900,0.037164,0.111472,0.234114,1.502627
1980-08-01,0.000000,Validation,-0.338806,-0.064564,-0.031063,-0.037248,-0.026349,-0.030381,-0.000169,0.038181,0.112859,0.235212,1.505932
1980-08-02,0.000000,Validation,-0.338455,-0.064368,-0.030591,-0.037277,-0.025937,-0.029995,0.000693,0.039403,0.114616,0.236894,1.510430
1980-08-03,0.000000,Validation,-0.342598,-0.066064,-0.031937,-0.037490,-0.026794,-0.030375,0.000073,0.037912,0.112174,0.232990,1.502332
1980-08-04,0.000000,Validation,-0.361270,-0.074100,-0.039374,-0.037164,-0.030123,-0.031227,-0.003462,0.030733,0.100234,0.216894,1.468013
1980-08-05,0.000000,Validation,-0.369397,-0.078014,-0.042484,-0.036741,-0.030501,-0.030494,-0.003488,0.029752,0.098373,0.214840,1.467775
1980-08-06,0.000000,Validation,-0.369099,-0.078453,-0.042494,-0.037530,-0.029971,-0.030004,-0.002195,0.031954,0.103194,0.221234,1.487101
1980-08-07,0.000000,Validation,-0.360082,-0.074956,-0.038860,-0.038723,-0.028298,-0.029407,0.000569,0.037328,0.113410,0.233931,1.517535
1980-08-08,0.000000,Validation,-0.342509,-0.067399,-0.031020,-0.038616,-0.024002,-0.027350,0.005875,0.046497,0.127728,0.252374,1.557558
1980-08-09,0.000000,Validation,-0.333767,-0.063380,-0.026579,-0.037889,-0.021147,-0.025627,0.009235,0.051434,0.134441,0.260752,1.574318
1980-08-10,0.000000,Validation,-0.345464,-0.068692,-0.031281,-0.038905,-0.024139,-0.026927,0.006862,0.047086,0.128377,0.250962,1.552463
1980-08-11,0.000000,Validation,-0.358879,-0.074802,-0.036479,-0.039249,-0.026300,-0.027429,0.005021,0.042769,0.121733,0.241532,1.534425
1980-08-12,0.000000,Validation,-0.362838,-0.076685,-0.037687,-0.039495,-0.026415,-0.027465,0.005089,0.041784,0.120221,0.239924,1.535163
1980-08-13,0.000000,Validation,-0.357699,-0.074685,-0.035628,-0.040093,-0.025134,-0.026884,0.007094,0.045230,0.126934,0.249056,1.559424
1980-08-14,0.000000,Validation,-0.332748,-0.063389,-0.024983,-0.038614,-0.018397,-0.023278,0.014461,0.057636,0.146046,0.276144,1.620921
1980-08-15,0.000000,Validation,-0.320830,-0.055606,-0.019430,-0.036096,-0.015712,-0.022422,0.015606,0.057171,0.145107,0.278750,1.633767
1980-08-16,0.000000,Validation,-0.345647,-0.069758,-0.029344,-0.040248,-0.021070,-0.024333,0.013073,0.053747,0.141084,0.266830,1.601417
1980-08-17,0.000000,Validation,-0.364918,-0.078933,-0.037127,-0.040819,-0.023782,-0.024517,0.011132,0.048669,0.133975,0.256785,1.586376
1980-08-18,0.000000,Validation,-0.358925,-0.076599,-0.035191,-0.041673,-0.022655,-0.024089,0.013051,0.052643,0.142204,0.268095,1.616654
1980-08-19,0.000000,Validation,-0.336693,-0.065862,-0.029709,-0.042025,-0.015796,-0.022083,0.020399,0.065207,0.163007,0.302368,1.702733
1980-08-20,0.000000,Validation,-0.359499,-0.077173,-0.046019,-0.048429,-0.022001,-0.027762,0.015509,0.057550,0.156107,0.298752,1.711468
1980-08-21,0.000000,Validation,-0.370879,-0.083872,-0.040239,-0.043177,-0.021077,-0.020379,0.017934,0.058630,0.155779,0.288076,1.682946
1980-08-22,0.000000,Validation,-0.384793,-0.091722,-0.045695,-0.043139,-0.021281,-0.019068,0.019064,0.057615,0.154263,0.286844,1.690164
1980-08-23,0.000000,Validation,-0.387661,-0.094257,-0.047946,-0.044576,-0.021746,-0.019121,0.019455,0.058577,0.159063,0.294408,1.718141
1980-08-24,0.000000,Validation,-0.359164,-0.080155,-0.037267,-0.045140,-0.018610,-0.019074,0.023017,0.068319,0.176598,0.317707,1.764892
1980-08-25,0.000000,Validation,-0.337674,-0.068561,-0.031305,-0.044145,-0.011961,-0.017063,0.029472,0.078815,0.191598,0.343195,1.823706
1980-08-26,0.000000,Validation,-0.375186,-0.107096,-0.081598,-0.073356,-0.034443,-0.038207,0.016840,0.057750,0.168138,0.362056,1.944772
1980-08-27,0.000000,Validation,-0.383767,-0.100142,-0.051525,-0.048989,-0.010816,-0.004714,0.040207,0.092977,0.233644,0.410911,2.071069
1980-08-28,0.000000,Validation,-0.395999,-0.107522,-0.054903,-0.049509,-0.013353,-0.004602,0.040955,0.090828,0.227864,0.398064,2.026093
1980-08-29,0.000000,Validation,-0.405935,-0.112737,-0.060520,-0.051998,-0.018783,-0.010543,0.032522,0.079053,0.209458,0.370023,1.960213
1980-08-30,0.000000,Validation,-0.408993,-0.110780,-0.059690,-0.048721,-0.016767,-0.009715,0.034709,0.078743,0.203887,0.360535,1.936999
1980-08-31,0.000000,Validation,-0.392589,-0.101029,-0.054493,-0.050328,-0.018086,-0.012693,0.033217,0.080781,0.210857,0.367327,1.943894
1980-09-01,0.000000,Validation,-0.358744,-0.083473,-0.041495,-0.049205,-0.014687,-0.013301,0.035338,0.088891,0.222384,0.383803,1.963315
1980-09-02,0.000000,Validation,-0.361831,-0.084030,-0.042848,-0.049996,-0.016666,-0.014741,0.033750,0.086099,0.218202,0.374703,1.936749
1980-09-03,0.000000,Validation,-0.359018,-0.082689,-0.042765,-0.050458,-0.016821,-0.014552,0.034423,0.088224,0.223199,0.380438,1.949278
1980-09-04,0.000000,Validation,-0.359213,-0.083322,-0.044079,-0.051489,-0.017370,-0.014628,0.034688,0.089473,0.227537,0.386188,1.966561
1980-09-05,0.000000,Validation,-0.364907,-0.086457,-0.047425,-0.052941,-0.018844,-0.015198,0.034076,0.088251,0.228496,0.387189,1.976219
1980-09-06,0.000000,Validation,-0.361654,-0.084325,-0.047737,-0.053339,-0.019722,-0.016319,0.032663,0.086241,0.228702,0.390998,1.994550
1980-09-07,0.000000,Validation,-0.350721,-0.078684,-0.045809,-0.052828,-0.018672,-0.016067,0.033058,0.088402,0.235886,0.406502,2.039352
1980-09-08,0.000000,Validation,-0.356075,-0.084759,-0.046374,-0.055664,-0.018020,-0.015390,0.036013,0.093824,0.241226,0.405460,2.024595
1980-09-09,0.000000,Validation,-0.353037,-0.084282,-0.046330,-0.056339,-0.017674,-0.014853,0.037137,0.096897,0.247892,0.414858,2.048410
1980-09-10,0.000000,Validation,-0.363342,-0.089917,-0.052450,-0.059031,-0.020135,-0.016160,0.036126,0.095282,0.249714,0.416594,2.062812
1980-09-11,0.000000,Validation,-0.359328,-0.088958,-0.051731,-0.059522,-0.020083,-0.015973,0.036516,0.097325,0.254877,0.424643,2.083969
1980-09-12,0.000000,Validation,-0.368731,-0.093780,-0.058052,-0.061444,-0.023017,-0.017153,0.034428,0.094067,0.256959,0.429607,2.112615
1980-09-13,0.000000,Validation,-0.389277,-0.104036,-0.069350,-0.061977,-0.024070,-0.014922,0.036089,0.093684,0.267914,0.450140,2.198802
1980-09-14,0.000000,Validation,-0.382977,-0.102029,-0.059979,-0.062693,-0.020645,-0.015886,0.038243,0.094187,0.253235,0.419229,2.099372
1980-09-15,0.000000,Validation,-0.374401,-0.098762,-0.058395,-0.063575,-0.020874,-0.016146,0.038497,0.098085,0.261621,0.430925,2.123207
1980-09-16,0.000000,Validation,-0.364408,-0.094691,-0.055634,-0.063591,-0.020075,-0.015796,0.039553,0.102379,0.268617,0.441084,2.140726
1980-09-17,0.000000,Validation,-0.370185,-0.098118,-0.058694,-0.064903,-0.020993,-0.015716,0.040021,0.103006,0.271833,0.443341,2.150327
1980-09-18,0.000000,Test,-0.355795,-0.091824,-0.053836,-0.064072,-0.018918,-0.015060,0.041651,0.107975,0.278205,0.454240,2.168295
1980-09-19,0.000000,Test,-0.334943,-0.082365,-0.046136,-0.061142,-0.012760,-0.011079,0.046693,0.117385,0.290023,0.474201,2.209258
1980-09-20,0.000000,Test,-0.317813,-0.075084,-0.039995,-0.057117,-0.004801,-0.003440,0.055053,0.131117,0.310609,0.503148,2.273226
1980-09-21,0.000000,Test,-0.326947,-0.079419,-0.048176,-0.061077,-0.007930,-0.006923,0.053370,0.129562,0.312597,0.508132,2.299335
1980-09-22,0.000000,Test,-0.330587,-0.082914,-0.047397,-0.061567,-0.010274,-0.006860,0.052316,0.129105,0.312915,0.504068,2.285375
1980-09-23,0.000000,Test,-0.349854,-0.093127,-0.056493,-0.066657,-0.017929,-0.012383,0.046991,0.121333,0.305294,0.489263,2.256140
1980-09-24,0.000000,Test,-0.353128,-0.095728,-0.059215,-0.068587,-0.019854,-0.013614,0.045811,0.120801,0.306831,0.490435,2.262087
1980-09-25,0.000000,Test,-0.355031,-0.096817,-0.060734,-0.069604,-0.021179,-0.014469,0.045018,0.120228,0.307017,0.489340,2.260157
1980-09-26,0.000000,Test,-0.353029,-0.096415,-0.060578,-0.069733,-0.020811,-0.013841,0.046064,0.122877,0.311500,0.494844,2.271714
1980-09-27,0.000000,Test,-0.349424,-0.095257,-0.059692,-0.069555,-0.019968,-0.012976,0.047386,0.125898,0.316183,0.501156,2.284543
1980-09-28,0.000000,Test,-0.347189,-0.114404,-0.100566,-0.097774,-0.032480,-0.031096,0.039873,0.119889,0.321089,0.577252,2.595005
1980-09-29,0.000000,Test,-0.378743,-0.119086,-0.076851,-0.073615,-0.013556,0.000899,0.062900,0.151016,0.384293,0.614274,2.669183
1980-09-30,0.000000,Test,-0.377324,-0.119758,-0.074776,-0.072933,-0.011942,0.003633,0.069330,0.159054,0.394278,0.623038,2.663494
1980-10-01,,,-0.334871,0.140592,0.221261,0.438832,0.728191,0.868892,1.040976,1.647290,3.332770,4.826739,14.694583
1980-10-02,,,-0.344679,0.127480,0.210331,0.431789,0.723697,0.867633,1.037734,1.656122,3.386973,4.923215,15.009990
1981-10-17,0.000000,Training,,,,,,,,,,,
1981-10-18,0.000000,Training,,,,,,,,,,,
1981-10-19,0.000000,Training,-0.442130,-0.192255,-0.138276,-0.095468,-0.008852,0.046042,0.121858,0.274926,0.719972,1.129282,4.370492
1981-10-20,0.000000,Training,-0.429422,-0.179215,-0.141924,-0.102612,-0.018605,0.030926,0.113088,0.265981,0.684467,1.078560,4.077267
1981-10-21,0.000000,Training,-0.403069,-0.170461,-0.123691,-0.098913,-0.023253,0.025861,0.098257,0.247644,0.632719,0.980802,3.685989
1981-10-22,0.000000,Training,-0.353517,-0.134759,-0.099095,-0.078821,-0.000921,0.039981,0.115093,0.267851,0.620749,0.933215,3.406830
1981-10-23,0.000000,Training,-0.355117,-0.132312,-0.105921,-0.082930,-0.008782,0.029137,0.106046,0.256599,0.605777,0.911805,3.357643
1981-10-24,0.000000,Training,-0.345288,-0.117149,-0.088471,-0.079608,-0.012178,0.018089,0.092782,0.227735,0.525876,0.784615,2.993037
1981-10-25,0.000000,Training,-0.336295,-0.115145,-0.087206,-0.077778,-0.011669,0.022313,0.094337,0.232780,0.539147,0.804033,3.027395
1981-10-26,0.000000,Training,-0.309965,-0.097779,-0.068204,-0.061386,0.009753,0.040620,0.115300,0.252994,0.540874,0.794764,2.922709
1981-10-27,0.000000,Training,-0.308109,-0.095249,-0.067926,-0.063114,0.005096,0.035008,0.107716,0.242296,0.524595,0.771364,2.877034
1981-10-28,0.000000,Training,-0.304671,-0.092787,-0.063495,-0.061593,0.006719,0.035596,0.108861,0.242547,0.517093,0.753945,2.820282
1981-10-29,0.000000,Training,-0.311386,-0.098883,-0.069051,-0.067622,-0.000438,0.029476,0.101336,0.235946,0.513269,0.748720,2.827164
1981-10-30,0.000000,Training,-0.314583,-0.103498,-0.073155,-0.069978,-0.002208,0.029898,0.101482,0.239492,0.522660,0.760570,2.855076
1981-10-31,0.000000,Training,-0.322877,-0.110168,-0.079055,-0.076635,-0.011165,0.022103,0.092495,0.230779,0.514683,0.749116,2.842301
1981-11-01,0.000000,Training,-0.324803,-0.113387,-0.081995,-0.078449,-0.012856,0.022086,0.092464,0.233287,0.520814,0.755616,2.852848
1981-11-02,0.000000,Training,-0.330000,-0.118114,-0.086222,-0.082490,-0.018368,0.017859,0.087645,0.229344,0.517835,0.750644,2.841759
1981-11-03,0.000000,Training,-0.331952,-0.121233,-0.089508,-0.084063,-0.019951,0.018096,0.087898,0.232387,0.525581,0.759799,2.857362
1981-11-04,0.000000,Training,-0.337921,-0.128209,-0.097438,-0.088185,-0.024493,0.016961,0.086109,0.235159,0.539756,0.780605,2.908562
1981-11-05,0.000000,Training,-0.336739,-0.128370,-0.097932,-0.087336,-0.023169,0.019076,0.089082,0.239904,0.548324,0.790830,2.930313
1981-11-06,0.000000,Training,-0.322257,-0.114872,-0.081018,-0.078951,-0.014266,0.022860,0.091414,0.235300,0.519706,0.744762,2.789299
1981-11-07,0.000000,Training,-0.324463,-0.118303,-0.087167,-0.081067,-0.016715,0.023283,0.090986,0.238317,0.534164,0.768715,2.852237
1981-11-08,0.000000,Training,-0.327024,-0.119787,-0.083516,-0.081716,-0.017843,0.020648,0.089148,0.235197,0.519908,0.740787,2.771265
1981-11-09,0.000000,Training,-0.330950,-0.128222,-0.094487,-0.079367,-0.007354,0.037901,0.110265,0.272520,0.588164,0.830986,2.961871
1981-11-10,0.000000,Training,-0.338085,-0.131858,-0.112965,-0.091378,-0.017191,0.022636,0.096521,0.255818,0.572047,0.837908,3.050852
1981-11-11,0.000000,Training,-0.328703,-0.122794,-0.086519,-0.077686,-0.007835,0.034727,0.103366,0.258175,0.566428,0.811854,2.960162
1981-11-12,0.000000,Training,-0.342463,-0.135413,-0.094473,-0.086323,-0.019021,0.026049,0.095312,0.252486,0.564203,0.805394,2.949215
1981-11-13,0.000000,Training,-0.372341,-0.162211,-0.117048,-0.099582,-0.032914,0.021584,0.090510,0.260278,0.601695,0.856264,3.086556
1981-11-14,0.000000,Training,-0.349230,-0.146203,-0.104676,-0.089109,-0.018331,0.033073,0.103906,0.274593,0.610162,0.862109,3.071357
1981-11-15,0.000000,Training,-0.333107,-0.133217,-0.094701,-0.078023,-0.004984,0.045216,0.117472,0.287850,0.617612,0.866527,3.040580
1981-11-16,0.000000,Training,-0.323511,-0.122289,-0.086580,-0.073401,-0.002129,0.044066,0.116314,0.279650,0.595128,0.836435,2.963899
1981-11-17,0.000000,Training,-0.324590,-0.120670,-0.085056,-0.076884,-0.009642,0.034003,0.104757,0.261882,0.566143,0.798499,2.891602
1981-11-18,0.000000,Training,-0.312888,-0.112937,-0.076767,-0.068089,0.001960,0.045495,0.116908,0.274033,0.576579,0.811806,2.893791
1981-11-19,0.000000,Training,-0.313086,-0.114233,-0.078024,-0.067072,0.003803,0.048998,0.120539,0.280311,0.586603,0.824846,2.914153
1981-11-20,0.000000,Training,-0.313622,-0.113357,-0.077516,-0.069930,-0.001638,0.041969,0.111991,0.268426,0.569405,0.801264,2.878325
1981-11-21,0.000000,Training,-0.316580,-0.117172,-0.080676,-0.071363,-0.002421,0.043042,0.113110,0.272638,0.579559,0.814174,2.908690
1981-11-22,0.000000,Training,-0.318953,-0.121036,-0.084039,-0.071293,-0.000718,0.047430,0.117877,0.282201,0.597617,0.837706,2.955230
1981-11-23,0.000000,Training,-0.322126,-0.124787,-0.087555,-0.072610,-0.001689,0.048583,0.119056,0.286925,0.608550,0.850824,2.983959
1981-11-24,0.000000,Training,-0.329779,-0.130715,-0.092803,-0.079835,-0.011761,0.038665,0.107662,0.274916,0.596511,0.835254,2.972759
1981-11-25,0.000000,Training,-0.337994,-0.138327,-0.098533,-0.085397,-0.019040,0.033300,0.101579,0.270571,0.595732,0.835222,2.981136
1981-11-26,0.000000,Training,-0.337061,-0.140476,-0.101340,-0.082674,-0.012491,0.043233,0.112339,0.288640,0.628378,0.876607,3.064883
1981-11-27,0.000000,Training,-0.354024,-0.160318,-0.121233,-0.083638,-0.007357,0.061747,0.134658,0.334500,0.720190,0.995802,3.301249
1981-11-28,0.000000,Training,-0.362934,-0.168441,-0.132690,-0.084337,-0.007920,0.067853,0.141678,0.351008,0.763241,1.061237,3.444610
1981-11-29,0.000000,Training,-0.314294,-0.122400,-0.082522,-0.061200,0.012590,0.067432,0.140624,0.315578,0.635877,0.880372,2.960771
1981-11-30,0.000000,Training,-0.310015,-0.118557,-0.078798,-0.057886,0.015584,0.069373,0.142494,0.315586,0.629807,0.874770,2.938101
1981-12-01,0.000000,Training,-0.315844,-0.125143,-0.084701,-0.056635,0.018399,0.076610,0.151694,0.333496,0.657065,0.909237,2.992002
1981-12-02,0.000000,Training,-0.329001,-0.138264,-0.097824,-0.055951,0.021630,0.087781,0.167029,0.365968,0.709230,0.971440,3.094617
1981-12-03,0.161056,Training,-0.346728,-0.155729,-0.114644,-0.058899,0.022001,0.097668,0.180422,0.399230,0.772531,1.046842,3.247459
1981-12-04,0.161056,Training,-0.349175,-0.156751,-0.119397,-0.054922,0.025219,0.105377,0.190526,0.418481,0.795819,1.058955,3.255979
1981-12-05,0.161056,Training,-0.346102,-0.154493,-0.117830,-0.055007,0.025247,0.105744,0.190266,0.416611,0.791481,1.048326,3.240278
1981-12-06,0.161056,Training,-0.365732,-0.172301,-0.134089,-0.058996,0.026364,0.113413,0.201832,0.446671,0.858926,1.142349,3.451503
1981-12-07,0.161056,Training,-0.369612,-0.177505,-0.136619,-0.060116,0.026064,0.116288,0.204525,0.454688,0.877911,1.164384,3.501734
1981-12-08,0.161056,Training,-0.368601,-0.176081,-0.135030,-0.060847,0.026381,0.112525,0.200241,0.446375,0.871039,1.173907,3.536250
1981-12-09,0.161056,Training,-0.400694,-0.218902,-0.182635,-0.097601,0.012327,0.102359,0.196001,0.461574,0.993109,1.455874,4.466365
1981-12-10,0.161056,Training,-0.686403,-0.496711,-0.401549,-0.248494,0.027043,0.265198,0.436522,1.190726,3.858273,6.094831,21.455433
1981-12-11,0.161056,Training,-0.649005,-0.407060,-0.259497,-0.014556,0.303493,0.620740,0.860764,1.782034,4.834455,6.899878,21.724951
1981-12-12,0.161056,Training,-0.569877,-0.350659,-0.234365,-0.044672,0.166452,0.390842,0.547442,1.164560,2.951169,4.305702,12.488518
1981-12-13,0.161056,Training,-0.527635,-0.321245,-0.210057,-0.048596,0.127235,0.319009,0.460024,0.969366,2.362510,3.450132,9.770626
1981-12-14,0.161056,Training,-0.477342,-0.282855,-0.196599,-0.066434,0.072218,0.222523,0.347125,0.752941,1.739159,2.489041,7.076142
1981-12-15,0.161056,Training,-0.474083,-0.281144,-0.202490,-0.053309,0.092482,0.244090,0.387043,0.808334,1.763527,2.480389,6.789684
1981-12-16,0.161056,Training,-0.457155,-0.267761,-0.189627,-0.043788,0.094842,0.245046,0.384965,0.792532,1.662261,2.295382,6.196915
1981-12-17,0.161056,Training,-0.511497,-0.328131,-0.269880,-0.070518,0.111268,0.281452,0.475697,0.997045,2.117016,3.083637,8.099235
1981-12-18,0.161056,Training,-0.526261,-0.313295,-0.236838,-0.003951,0.191760,0.401881,0.598298,1.161299,2.370903,3.241093,8.387444
1981-12-19,0.161056,Training,-0.491926,-0.291640,-0.210178,-0.005055,0.178970,0.380313,0.562784,1.077224,2.123514,2.864388,7.302000
1981-12-20,0.161056,Training,-0.613569,-0.394537,-0.320794,-0.010475,0.290120,0.575472,0.890528,1.740569,3.848698,5.544714,14.071752
1981-12-21,0.161056,Training,-0.793801,-0.551829,-0.342723,0.268067,1.431844,2.243935,3.499548,7.695608,20.884769,31.948412,84.649384
1981-12-22,0.161056,Training,-0.730644,-0.485031,-0.211086,0.348857,1.168710,1.776670,2.607315,5.214718,13.276983,20.093285,54.190533
1981-12-23,0.161056,Training,-0.676110,-0.452765,-0.239508,0.177788,0.637827,1.046374,1.514131,2.889956,6.948901,10.481909,26.499832
1981-12-24,0.161056,Training,-0.599541,-0.376822,-0.200291,0.174684,0.509425,0.839007,1.204162,2.189925,4.660074,6.771682,15.820634
1981-12-25,0.161056,Training,-0.538176,-0.311906,-0.188345,0.144075,0.413822,0.689309,0.989012,1.769777,3.408807,4.637913,10.669993
1981-12-26,0.161056,Training,-0.750024,-0.447969,-0.227684,0.609201,1.903835,3.027266,4.992054,10.005659,25.753710,37.263897,94.137367
1981-12-27,0.161056,Training,-0.453636,0.337604,0.912229,3.912571,9.067239,12.208001,18.170765,35.002274,75.570030,102.541901,243.155411
1981-12-28,106.296754,Training,0.291988,1.804942,3.221422,10.522169,24.100080,29.537788,45.998707,86.213142,158.790787,211.266327,449.632385
1981-12-29,11.434954,Training,0.949387,3.268112,4.782937,15.389421,31.612677,39.239746,56.297462,100.168907,178.190536,229.508942,476.081207
1981-12-30,16.266624,Training,4.747771,10.663960,15.755088,46.297707,85.618095,105.087875,150.765640,244.218063,384.606995,499.537384,1009.991028
1981-12-31,10.307564,Training,4.334718,9.483687,11.922923,32.279907,52.679474,65.454353,82.219208,123.278862,189.172089,239.002060,492.822083
1982-01-01,5.475893,Training,0.509161,1.945436,3.171018,7.981000,12.678637,17.418821,21.168247,32.533665,54.966034,68.451759,149.305222
1982-01-02,2.254780,Training,-0.185609,0.464528,1.128961,2.889502,4.733214,6.441142,8.043593,12.281073,21.637493,28.525354,60.535423
1982-01-03,1.449501,Training,-0.330847,0.171352,0.732399,2.172411,3.880379,5.042067,6.893395,10.522924,19.793242,28.277496,64.019608
1982-01-04,1.127390,Training,-0.340429,0.237307,0.985785,3.271362,6.426088,8.501339,12.385942,20.782423,41.409859,59.436726,142.967407
1982-01-05,1.127390,Training,-0.287945,0.304778,1.010806,3.019858,5.171081,7.181926,9.378064,14.804773,27.628908,37.570988,84.638512
1982-01-06,1.288446,Training,-0.309379,0.172381,0.701856,2.066525,3.394973,4.616178,5.946781,9.023673,15.885701,21.337713,45.569454
1982-01-07,1.127390,Training,-0.283951,0.141229,0.626536,1.768804,2.889187,3.832736,4.893517,7.212001,12.234007,16.364374,34.572372
1982-01-08,0.644223,Training,-0.419737,-0.107019,0.210570,0.953148,1.636577,2.211666,2.872010,4.426938,7.533806,10.062094,20.579002
1982-01-09,0.483167,Training,-0.477216,-0.211789,0.039446,0.625460,1.142451,1.585904,2.091680,3.340582,5.814515,7.807524,16.058975
1982-01-10,2.576891,Training,-0.578464,-0.333648,-0.115952,0.487223,1.058297,1.520104,2.205698,3.746375,7.220462,10.643217,23.740612
1982-01-11,12.079177,Training,-0.683428,-0.317635,-0.057868,1.041185,2.389227,3.676131,5.323588,9.880570,22.217817,31.162483,77.492676
1982-01-12,531.966937,Training,2.978126,8.571328,11.642192,39.920715,73.026321,93.065109,132.887009,216.844025,332.969971,387.988617,781.609314
1982-01-13,626.184514,Training,9.368363,16.428564,19.735834,47.431400,72.190865,88.632217,108.015938,145.538788,205.766281,253.316757,457.393250
1982-01-14,33.660639,Training,3.221868,6.336429,8.643319,19.126398,27.663517,36.773174,42.332241,58.917027,86.221169,103.673119,214.581955
1982-01-15,13.850789,Training,1.042486,2.839049,4.120144,10.228746,15.688006,20.700668,25.448101,37.230968,60.113403,76.664619,163.996811
1982-01-16,17.555070,Training,1.130962,3.194365,4.466763,12.596750,20.823217,27.208555,35.373459,54.345234,89.478874,113.784134,236.032379
1982-01-17,13.528678,Training,0.759417,2.266690,3.610313,8.473243,13.198710,18.115257,21.685396,31.812227,51.650589,64.422775,139.417648
1982-01-18,8.697007,Training,0.001652,0.869280,1.597711,4.042212,6.502441,8.710143,11.024601,16.286251,28.096523,36.895931,80.919266
1982-01-19,16.749792,Training,0.036831,1.126647,1.964749,6.221382,11.087102,14.898415,20.512285,33.891510,60.970284,80.217674,174.246704
1982-01-20,12.884455,Training,0.280281,1.456211,2.544242,6.458283,10.336226,14.365412,17.704309,26.852751,45.036964,56.907753,123.649956
1982-01-21,8.697007,Training,0.098033,0.888502,1.764331,4.104883,6.355497,8.581240,10.658656,15.463659,25.672056,33.304455,71.713554
1982-01-22,6.442228,Training,-0.140119,0.408823,1.007421,2.465471,3.859996,5.115887,6.408913,9.305170,15.276843,19.920862,42.080555
1982-01-23,5.153782,Training,-0.324756,0.071549,0.479627,1.445636,2.344271,3.148814,3.977608,6.002217,9.868466,12.844953,26.418125
1982-01-24,4.187448,Training,-0.354236,0.005587,0.368008,1.219586,1.992078,2.686697,3.392545,5.156982,8.410956,10.858756,22.135555
1982-01-25,3.543225,Training,-0.394895,-0.074313,0.260753,1.023079,1.706311,2.312379,2.940142,4.542766,7.505328,9.817667,19.956268
1982-01-26,3.060058,Training,-0.427976,-0.130835,0.175296,0.868632,1.475001,2.021191,2.576656,4.049160,6.755030,8.844489,18.068659
1982-01-27,2.737947,Training,-0.453688,-0.170703,0.110006,0.750523,1.295925,1.800135,2.296242,3.665427,6.162892,8.032306,16.558649
1982-01-28,2.576891,Training,-0.460313,-0.183264,0.089367,0.695871,1.227743,1.719894,2.177745,3.480819,5.850813,7.559512,15.792550
1982-01-29,2.415835,Training,-0.498460,-0.245929,-0.005133,0.523642,0.975570,1.407358,1.796956,2.963032,5.114620,6.684679,14.120408
1982-01-30,2.254780,Training,-0.529508,-0.295446,-0.082007,0.393326,0.767770,1.145135,1.483033,2.542943,4.535090,6.027373,12.822754
1982-01-31,2.093724,Training,-0.541814,-0.335779,-0.189221,0.137398,0.388561,0.658569,0.880115,1.630833,3.030226,4.057503,9.079842
1982-02-01,2.093724,Training,-0.526581,-0.333039,-0.216256,0.037858,0.241319,0.463946,0.632465,1.234720,2.339235,3.141289,7.365659
1982-02-02,2.093724,Training,-0.538390,-0.340859,-0.216198,0.059904,0.277801,0.514471,0.695225,1.338977,2.546511,3.434997,7.967728
1982-02-03,1.932668,Training,-0.526546,-0.332564,-0.222638,0.031840,0.209917,0.410811,0.568075,1.148597,2.261144,3.139023,7.437596
1982-02-04,1.771613,Training,-0.482182,-0.298641,-0.207445,-0.024244,0.114464,0.274656,0.384617,0.837966,1.668937,2.306075,5.794790
1982-02-05,1.771613,Training,-0.505199,-0.321113,-0.217440,-0.006068,0.145806,0.323461,0.445613,0.950404,1.914909,2.681607,6.563866
1982-02-06,1.771613,Training,-0.471801,-0.291500,-0.203280,-0.032683,0.099004,0.250174,0.352043,0.780969,1.563336,2.164278,5.510464
1982-02-07,1.610557,Training,-0.464676,-0.291425,-0.219367,-0.044939,0.120137,0.267673,0.390339,0.830225,1.675317,2.412129,6.315536
1982-02-08,1.610557,Training,-0.527124,-0.337143,-0.229446,-0.045717,0.124599,0.307511,0.401679,0.890717,1.978391,2.856564,7.842880
1982-02-09,1.610557,Training,-0.481518,-0.299751,-0.195690,-0.033831,0.121601,0.286782,0.381022,0.832541,1.746515,2.491563,6.552073
1982-02-10,1.610557,Training,-0.476351,-0.296823,-0.203566,-0.039512,0.101523,0.256444,0.353185,0.786973,1.610394,2.265935,5.913188
1982-02-11,1.610557,Training,-0.453837,-0.273977,-0.191850,-0.040184,0.090875,0.232859,0.328174,0.733160,1.456007,2.018108,5.271821
1982-02-12,1.610557,Training,-0.450721,-0.267389,-0.194284,-0.038911,0.092598,0.230576,0.330650,0.733136,1.432908,1.974259,5.150146
1982-02-13,1.449501,Training,-0.453692,-0.268719,-0.196361,-0.038729,0.092924,0.232841,0.332504,0.736634,1.440274,1.981481,5.177443
1982-02-14,1.449501,Training,-0.554666,-0.357742,-0.265077,-0.002057,0.246406,0.472341,0.666594,1.333996,2.890711,4.269320,10.820568
1982-02-15,5.475893,Training,-0.744518,-0.430793,-0.264005,0.383973,1.421398,2.386320,3.035426,6.447797,17.373840,24.210606,66.203735
1982-02-16,3.704281,Training,-0.680304,-0.384324,-0.150431,0.429826,1.142334,1.869201,2.322313,4.586738,10.909440,15.352486,37.777168
1982-02-17,2.899002,Training,-0.629240,-0.379902,-0.191519,0.225955,0.631879,1.041219,1.344711,2.595328,5.693407,8.286119,19.445839
1982-02-18,2.576891,Training,-0.644019,-0.363804,-0.178712,0.367973,0.928763,1.442740,1.938787,3.605224,7.810178,11.580081,26.925388
1982-02-19,2.415835,Training,-0.617195,-0.373802,-0.169750,0.269355,0.670130,1.080846,1.420053,2.674323,5.672780,8.338947,19.077642
1982-02-20,2.254780,Training,-0.566357,-0.341038,-0.162527,0.204035,0.522823,0.849576,1.132513,2.107122,4.241022,6.076424,13.645249
1982-02-21,2.093724,Training,-0.567647,-0.349687,-0.162845,0.226205,0.556770,0.874903,1.182876,2.182361,4.305421,6.280700,13.982646
1982-02-22,2.093724,Training,-0.542966,-0.332246,-0.170486,0.171889,0.448521,0.729842,0.988807,1.837186,3.526280,4.985534,11.092228
1982-02-23,1.932668,Training,-0.534039,-0.321532,-0.180361,0.138112,0.410720,0.683012,0.922957,1.695676,3.174685,4.355208,9.818210
1982-02-24,1.771613,Training,-0.531458,-0.324967,-0.181319,0.124242,0.388717,0.658946,0.882687,1.624623,3.019072,4.118104,9.292169
1982-02-25,1.610557,Training,-0.559756,-0.343158,-0.201546,0.165036,0.454426,0.732932,1.012628,1.871512,3.587032,5.115194,11.592337
1982-02-26,1.610557,Training,-0.557313,-0.357797,-0.216429,0.082670,0.309464,0.558234,0.754847,1.473996,2.949147,4.247052,9.944994
1982-02-27,1.610557,Training,-0.548735,-0.370485,-0.218973,0.037623,0.246857,0.471470,0.633368,1.285873,2.689344,4.008929,9.622552
1982-02-28,1.610557,Training,-0.554215,-0.381275,-0.225703,0.029036,0.235188,0.457258,0.611959,1.257742,2.655049,3.969856,9.597769
1982-03-01,1.449501,Training,-0.541931,-0.370091,-0.223902,0.016245,0.208672,0.417329,0.560679,1.164384,2.438205,3.605582,8.749470
1982-03-02,1.288446,Training,-0.532411,-0.357589,-0.219055,0.019842,0.205089,0.409440,0.551704,1.137957,2.333011,3.402359,8.176105
1982-03-03,1.288446,Training,-0.523397,-0.348933,-0.218183,0.007893,0.181090,0.375289,0.505646,1.058368,2.170804,3.150684,7.640071
1982-03-04,1.288446,Training,-0.520557,-0.334769,-0.214617,0.029786,0.200878,0.400301,0.541892,1.105546,2.184403,3.093434,7.341500
1982-03-05,1.288446,Training,-0.490457,-0.301520,-0.209694,-0.003756,0.136639,0.308065,0.422391,0.898656,1.761777,2.436348,6.008250
1982-03-06,1.127390,Training,-0.439218,-0.259806,-0.183201,-0.042810,0.072109,0.204561,0.285274,0.655548,1.298133,1.810693,4.784687
1982-03-07,1.127390,Training,-0.449266,-0.267440,-0.190188,-0.038139,0.079035,0.217444,0.302351,0.687337,1.358969,1.891555,4.936539
1982-03-08,0.966334,Training,-0.461223,-0.276687,-0.197438,-0.031454,0.089197,0.235267,0.325098,0.729328,1.443585,2.008322,5.173005
1982-03-09,0.644223,Training,-0.411526,-0.228544,-0.166923,-0.049010,0.053601,0.169254,0.241299,0.566028,1.093149,1.494452,4.096991
1982-03-10,0.322111,Training,-0.411732,-0.231565,-0.164993,-0.051237,0.051697,0.166970,0.235957,0.558744,1.094053,1.515582,4.165030
1982-03-11,0.161056,Training,-0.414168,-0.242317,-0.166665,-0.075403,0.025513,0.133847,0.186106,0.491720,1.050985,1.504758,4.363958
1982-03-12,0.161056,Training,-0.410422,-0.238860,-0.162820,-0.090747,0.000489,0.099222,0.141826,0.424603,0.946212,1.361629,4.137789
1982-03-13,0.161056,Training,-0.410626,-0.238999,-0.164075,-0.090187,0.000459,0.099483,0.142224,0.425754,0.949415,1.366619,4.137492
1982-03-14,0.161056,Training,-0.401997,-0.229682,-0.158860,-0.073131,0.024203,0.127603,0.181355,0.473943,0.991261,1.405947,4.076749
1982-03-15,0.161056,Training,-0.406732,-0.230010,-0.162973,-0.061500,0.037255,0.146561,0.207618,0.513139,1.044635,1.477597,4.155454
1982-03-16,0.161056,Training,-0.358375,-0.184000,-0.123058,-0.062138,0.026236,0.110904,0.163733,0.412909,0.817131,1.146968,3.438395
1982-03-17,0.161056,Training,-0.355374,-0.181019,-0.119843,-0.073805,0.010064,0.087258,0.132149,0.366447,0.761095,1.077541,3.394359
1982-03-18,0.161056,Training,-0.353040,-0.178724,-0.117995,-0.062684,0.024399,0.105348,0.156477,0.397325,0.789071,1.112201,3.375405
1982-03-19,0.000000,Training,-0.353668,-0.178586,-0.118666,-0.072469,0.010614,0.086942,0.131199,0.363050,0.752508,1.068530,3.367440
1982-03-20,0.000000,Training,-0.352019,-0.176252,-0.116476,-0.075421,0.005107,0.078579,0.120710,0.346628,0.728400,1.036100,3.322793
1982-03-21,0.000000,Training,-0.358081,-0.176690,-0.117368,-0.086568,-0.015236,0.053183,0.090768,0.302307,0.663765,0.950200,3.177498
1982-03-22,0.000000,Training,-0.374116,-0.177626,-0.121049,-0.093471,-0.033081,0.035094,0.070084,0.266221,0.611847,0.866433,2.971509
1982-03-23,0.000000,Training,-0.356082,-0.166196,-0.110066,-0.088279,-0.025469,0.037466,0.073871,0.267023,0.595612,0.849183,2.925992
1982-03-24,0.000000,Training,-0.326622,-0.148184,-0.094435,-0.067400,0.006529,0.068460,0.110676,0.311895,0.637954,0.906569,2.987583
1982-03-25,0.000000,Training,-0.319918,-0.136068,-0.091323,-0.039679,0.036390,0.104057,0.159263,0.372836,0.680804,0.950831,2.908072
1982-03-26,0.000000,Training,-0.315788,-0.129305,-0.084486,-0.034811,0.037553,0.105460,0.159249,0.368793,0.669372,0.929562,2.857888
1982-03-27,0.000000,Training,-0.316042,-0.128934,-0.083905,-0.033694,0.038656,0.106495,0.160055,0.369045,0.671797,0.936700,2.879203
1982-03-28,0.000000,Training,-0.333050,-0.153257,-0.102650,-0.023446,0.071188,0.143743,0.203484,0.431436,0.781739,1.169399,3.459113
1982-03-29,0.000000,Training,-0.418168,-0.091786,0.061098,0.459669,0.715416,0.989921,0.948833,1.556578,3.035578,4.404896,11.868711
1982-03-30,49.444096,Training,0.820952,2.976095,5.231722,13.937270,21.987900,28.225319,27.781660,42.709938,77.534203,98.835434,180.121445
1982-03-31,52.020987,Training,-0.136080,0.988247,1.479149,4.431453,9.314435,11.518629,13.248122,27.815485,65.494682,96.650436,213.195312
1982-04-01,14.817123,Training,-0.378620,0.205550,0.469572,1.496425,2.684569,3.493887,3.980343,7.481032,16.236374,23.653650,54.372089
1982-04-02,6.442228,Training,-0.345599,0.020795,0.166705,0.534943,0.894224,1.228601,1.392009,2.429152,4.695993,6.517923,15.011404
1982-04-03,4.187448,Training,-0.403779,-0.129154,-0.000426,0.248775,0.489821,0.717759,0.877511,1.549524,3.017472,4.339749,10.156390
1982-04-04,3.382169,Training,-0.423659,-0.156573,-0.076326,0.198713,0.445578,0.635843,0.822739,1.492771,2.947189,4.412918,10.488132
1982-04-05,2.737947,Training,-0.498703,-0.230673,-0.124402,0.170057,0.429119,0.641172,0.814916,1.563851,3.345132,5.094844,12.752873
1982-04-06,2.415835,Training,-0.468426,-0.229371,-0.117402,0.132623,0.327083,0.529026,0.671003,1.287006,2.664374,3.956959,9.788713
1982-04-07,2.254780,Training,-0.501306,-0.291007,-0.166099,0.060874,0.225760,0.411359,0.521422,1.081514,2.386100,3.694343,9.623690
1982-04-08,2.093724,Training,-0.493946,-0.288610,-0.173061,0.051887,0.204860,0.383381,0.494164,1.023628,2.217436,3.409443,8.769102
1982-04-09,1.932668,Training,-0.500400,-0.297446,-0.183722,0.052261,0.204686,0.387717,0.506635,1.042456,2.215008,3.373759,8.494526
1982-04-10,1.771613,Training,-0.552477,-0.355874,-0.217945,0.026129,0.166270,0.357134,0.450108,0.990239,2.216608,3.534974,9.034247
1982-04-11,1.771613,Training,-0.546121,-0.301825,-0.173931,0.218071,0.378449,0.638935,0.766240,1.463892,3.359166,5.611849,13.848751
1982-04-12,1.771613,Training,-0.766191,-0.457607,-0.209918,0.589926,1.672360,2.535922,3.098970,6.955802,17.543104,28.380524,75.682899
1982-04-13,1.610557,Training,-0.685686,-0.396641,-0.241402,0.212959,0.671325,1.087579,1.266260,2.791584,6.875815,10.922812,29.429630
1982-04-14,1.610557,Training,-0.670556,-0.412555,-0.245451,0.153205,0.527265,0.875708,1.033237,2.285162,5.567050,9.151384,24.357859
1982-04-15,1.610557,Training,-0.656820,-0.408020,-0.242475,0.148928,0.471937,0.797549,0.962358,2.053498,4.916147,8.129816,21.192804
1982-04-16,1.610557,Training,-0.601039,-0.357454,-0.203644,0.147384,0.388648,0.668593,0.811800,1.665054,3.821016,6.119144,15.421874
1982-04-17,1.610557,Training,-0.551907,-0.306680,-0.190597,0.131102,0.322695,0.556844,0.698401,1.397626,3.022286,4.636360,11.350648
1982-04-18,1.610557,Training,-0.512386,-0.262089,-0.197282,0.086985,0.257803,0.450796,0.558340,1.154165,2.483420,3.829953,9.645105
1982-04-19,1.771613,Training,-0.514829,-0.275446,-0.181352,0.058745,0.197966,0.390446,0.451097,0.988218,2.209790,3.395829,8.996881
1982-04-20,1.610557,Training,-0.468266,-0.245711,-0.153792,0.030209,0.130482,0.289297,0.321400,0.746623,1.699946,2.652782,7.347994
1982-04-21,1.610557,Training,-0.466713,-0.250611,-0.162849,0.010929,0.093335,0.238493,0.263224,0.650043,1.499017,2.369706,6.677588
1982-04-22,1.449501,Training,-0.461210,-0.242921,-0.167743,0.026162,0.120399,0.264962,0.316418,0.719344,1.593219,2.480060,6.699469
1982-04-23,1.288446,Training,-0.434895,-0.215858,-0.167708,0.008726,0.094118,0.214219,0.257179,0.610157,1.343783,2.128259,5.970739
1982-04-24,1.288446,Training,-0.425179,-0.195938,-0.144558,-0.011102,0.046132,0.148157,0.157547,0.437430,1.021780,1.654981,5.139071
1982-04-25,1.288446,Training,-0.409560,-0.176937,-0.121282,-0.011186,0.030010,0.125308,0.131562,0.372435,0.871399,1.398827,4.428461
1982-04-26,1.127390,Training,-0.395342,-0.182232,-0.129042,-0.005600,0.057454,0.162592,0.188804,0.467896,1.025419,1.567662,4.594147
1982-04-27,0.966334,Training,-0.376956,-0.162124,-0.119643,-0.007310,0.049552,0.143899,0.172834,0.430002,0.925309,1.395749,4.138890
1982-04-28,0.966334,Training,-0.349030,-0.131299,-0.098248,-0.009714,0.036206,0.113486,0.137300,0.355410,0.769207,1.165415,3.643481
1982-04-29,0.483167,Training,-0.415192,-0.178385,-0.136755,-0.015779,0.015500,0.108517,0.116537,0.350142,0.832210,1.314132,4.062948
1982-04-30,0.161056,Training,-0.388528,-0.141575,-0.111197,-0.016730,0.003594,0.076741,0.083011,0.268180,0.639926,1.012152,3.348636
1982-05-01,0.161056,Training,-0.359560,-0.115861,-0.091158,-0.024128,-0.004889,0.051738,0.061290,0.217672,0.515695,0.812196,2.873006
1982-05-02,0.161056,Training,-0.330413,-0.100303,-0.077481,-0.024634,0.000408,0.050810,0.064168,0.217448,0.497724,0.774388,2.769896
1982-05-03,0.161056,Training,-0.321847,-0.086279,-0.065924,-0.026315,-0.006517,0.033660,0.048441,0.178803,0.412660,0.650356,2.475902
1982-05-04,0.161056,Training,-0.303234,-0.074302,-0.051359,-0.028307,-0.004895,0.026137,0.045619,0.163647,0.364880,0.572927,2.275857
1982-05-05,0.000000,Training,-0.282489,-0.069936,-0.044499,-0.017154,0.017096,0.055412,0.082583,0.215843,0.434446,0.655588,2.366594
1982-05-06,0.000000,Training,-0.279024,-0.063509,-0.040694,-0.016115,0.015312,0.050459,0.076791,0.202945,0.411956,0.627142,2.316579
1982-05-07,0.000000,Training,-0.283643,-0.058765,-0.030850,-0.028167,-0.000465,0.017411,0.044146,0.142476,0.297658,0.469905,1.998973
1982-05-08,0.000000,Training,-0.284400,-0.058137,-0.033420,-0.028065,0.004215,0.016391,0.046129,0.140500,0.286563,0.467056,1.995538
1982-05-09,0.000000,Training,-0.285919,-0.059072,-0.030027,-0.028596,0.001768,0.015600,0.042340,0.135505,0.282089,0.457513,1.977756
1982-05-10,0.000000,Training,-0.285066,-0.067599,-0.048955,-0.021323,0.013716,0.028881,0.055799,0.151991,0.301208,0.536072,2.179716
1982-05-11,0.000000,Training,-0.304990,-0.076441,-0.045065,-0.020431,0.017187,0.045823,0.066641,0.175083,0.369107,0.602550,2.361082
1982-05-12,0.000000,Training,-0.287435,-0.061983,-0.025516,-0.020930,0.017121,0.031664,0.060325,0.150470,0.300797,0.497596,2.074821
1982-05-13,0.000000,Training,-0.293739,-0.064697,-0.029400,-0.029446,0.004224,0.013742,0.040861,0.126416,0.263332,0.440641,1.953734
1982-05-14,0.000000,Training,-0.320585,-0.075277,-0.044222,-0.036651,-0.014631,-0.002706,0.020445,0.100867,0.231192,0.396270,1.864280
1982-05-15,0.000000,Training,-0.314508,-0.069732,-0.039818,-0.035123,-0.013762,-0.004038,0.020207,0.098157,0.222208,0.382635,1.823739
1982-05-16,0.000000,Training,-0.306810,-0.062272,-0.035874,-0.032980,-0.009938,-0.005116,0.021907,0.096051,0.210831,0.370582,1.789818
1982-05-17,0.000000,Training,-0.298408,-0.055030,-0.025000,-0.029943,-0.008760,-0.006045,0.021298,0.089743,0.192878,0.341438,1.708111
1982-05-18,0.000000,Training,-0.314172,-0.060184,-0.031712,-0.032261,-0.017442,-0.014155,0.011300,0.073607,0.167754,0.307272,1.624557
1982-05-19,0.000000,Training,-0.331648,-0.066159,-0.039525,-0.034062,-0.025769,-0.021681,0.000924,0.056612,0.141982,0.273082,1.539699
1982-05-20,0.000000,Training,-0.348527,-0.071151,-0.046589,-0.033071,-0.031637,-0.026821,-0.007774,0.040943,0.116019,0.241057,1.461705
1982-05-21,0.000000,Training,-0.342115,-0.068525,-0.043995,-0.033424,-0.030584,-0.026271,-0.006492,0.043501,0.121059,0.247471,1.479038
1982-05-22,0.000000,Training,-0.357711,-0.073502,-0.050505,-0.030475,-0.033828,-0.028137,-0.012083,0.032630,0.101727,0.225695,1.426757
1982-05-23,0.000000,Training,-0.346326,-0.071560,-0.048880,-0.033126,-0.032099,-0.024717,-0.006961,0.046282,0.131921,0.262899,1.521072
1982-05-24,0.000000,Training,-0.345780,-0.069496,-0.046544,-0.032011,-0.031484,-0.025763,-0.007512,0.042280,0.121724,0.250362,1.488544
1982-05-25,0.000000,Training,-0.315872,-0.055649,-0.033547,-0.030687,-0.019690,-0.019771,0.005040,0.059074,0.143802,0.283039,1.569489
1982-05-26,0.000000,Training,-0.318579,-0.054595,-0.032584,-0.028446,-0.023129,-0.021037,0.000246,0.050898,0.133482,0.269210,1.539728
1982-05-27,0.000000,Training,-0.312412,-0.053716,-0.029904,-0.028094,-0.019895,-0.017293,0.005033,0.059050,0.147489,0.285931,1.575323
1982-05-28,0.000000,Training,-0.299190,-0.043466,-0.030382,-0.020508,-0.015992,-0.009975,0.008189,0.065164,0.171424,0.330205,1.707152
1982-05-29,0.000000,Training,-0.295990,-0.047418,-0.019709,-0.028145,-0.011351,-0.013770,0.013827,0.068040,0.155269,0.293411,1.586722
1982-05-30,0.000000,Training,-0.288458,-0.041696,-0.016876,-0.025256,-0.004542,-0.010114,0.020242,0.073356,0.159941,0.303673,1.609043
1982-05-31,0.000000,Training,-0.304746,-0.047207,-0.018682,-0.027654,-0.015194,-0.020536,0.006779,0.051088,0.121995,0.251794,1.487152
1982-06-01,0.000000,Training,-0.318627,-0.051864,-0.023821,-0.028909,-0.020895,-0.026471,-0.000381,0.037508,0.098648,0.221950,1.414915
1982-06-02,0.000000,Training,-0.315659,-0.050430,-0.023975,-0.029505,-0.020327,-0.027164,-0.000630,0.037464,0.099489,0.225253,1.427538
1982-06-03,0.000000,Training,-0.305067,-0.045023,-0.017982,-0.027363,-0.017402,-0.024803,0.001731,0.040511,0.103705,0.230784,1.443460
1982-06-04,0.000000,Training,-0.301561,-0.044133,-0.016203,-0.027132,-0.015714,-0.023229,0.003962,0.044189,0.109162,0.236837,1.455891
1982-06-05,0.000000,Training,-0.306479,-0.045811,-0.018427,-0.027698,-0.018263,-0.025468,0.001049,0.039538,0.101941,0.227346,1.433816
1982-06-06,0.000000,Training,-0.322648,-0.052203,-0.026212,-0.029285,-0.024864,-0.030834,-0.006547,0.027723,0.083886,0.204322,1.379389
1982-06-07,0.000000,Training,-0.335270,-0.057216,-0.032020,-0.029684,-0.029331,-0.034185,-0.012151,0.018797,0.069673,0.186667,1.337690
1982-06-08,0.000000,Training,-0.342733,-0.060022,-0.035393,-0.029507,-0.031620,-0.036074,-0.015577,0.013011,0.059877,0.175343,1.312244
1982-06-09,0.000000,Training,-0.348590,-0.062419,-0.038119,-0.029169,-0.033030,-0.036937,-0.017694,0.009515,0.053898,0.168849,1.298424
1982-06-10,0.000000,Training,-0.341190,-0.059712,-0.035005,-0.030180,-0.031570,-0.036460,-0.015759,0.013178,0.061145,0.177983,1.323027
1982-06-11,0.000000,Training,-0.323744,-0.052779,-0.027646,-0.030409,-0.026230,-0.033043,-0.009255,0.024074,0.079475,0.201550,1.381764
1982-06-12,0.000000,Training,-0.313964,-0.047504,-0.022075,-0.028778,-0.023728,-0.031659,-0.007323,0.025955,0.081427,0.204199,1.388852
1982-06-13,0.000000,Training,-0.325478,-0.053106,-0.027408,-0.030173,-0.027765,-0.034439,-0.011324,0.020288,0.072766,0.191865,1.355829
1982-06-14,0.000000,Training,-0.346931,-0.061094,-0.036738,-0.029217,-0.033807,-0.038571,-0.019423,0.006091,0.048381,0.162165,1.284268
1982-06-15,0.000000,Training,-0.363398,-0.066655,-0.043356,-0.025561,-0.036271,-0.039391,-0.024305,-0.004107,0.028016,0.140072,1.234907
1982-06-16,0.000000,Training,-0.340675,-0.059116,-0.034957,-0.030655,-0.032669,-0.038552,-0.018337,0.008412,0.055749,0.173897,1.324510
1982-06-17,0.000000,Training,-0.321630,-0.050572,-0.026892,-0.029956,-0.027427,-0.035469,-0.012849,0.016936,0.070753,0.194558,1.379499
1982-06-18,0.000000,Training,-0.318609,-0.049964,-0.023988,-0.029971,-0.026130,-0.034167,-0.010394,0.020835,0.074782,0.195980,1.373662
1982-06-19,0.000000,Training,-0.329635,-0.054241,-0.028935,-0.030267,-0.030045,-0.036831,-0.014719,0.013784,0.063585,0.181192,1.337377
1982-06-20,0.000000,Training,-0.317855,-0.049231,-0.023680,-0.029799,-0.026466,-0.034605,-0.010843,0.019850,0.073607,0.194423,1.371898
1982-06-21,0.000000,Training,-0.333844,-0.055877,-0.030930,-0.030508,-0.031726,-0.038353,-0.016989,0.010037,0.057861,0.174247,1.322937
1982-06-22,0.000000,Training,-0.321278,-0.050911,-0.025457,-0.030397,-0.027836,-0.035750,-0.012363,0.017678,0.070753,0.190846,1.365219
1982-06-23,0.000000,Training,-0.314956,-0.048406,-0.022653,-0.029966,-0.025624,-0.033980,-0.009832,0.021855,0.077650,0.199669,1.387772
1982-06-24,0.000000,Training,-0.314150,-0.048167,-0.022424,-0.029890,-0.025386,-0.033463,-0.009227,0.023078,0.079934,0.202164,1.393960
1982-06-25,0.000000,Training,-0.308218,-0.045674,-0.020676,-0.029635,-0.022533,-0.031331,-0.005793,0.028559,0.089169,0.214663,1.425429
1982-06-26,0.000000,Training,-0.306459,-0.045297,-0.019224,-0.029337,-0.022115,-0.030527,-0.005104,0.030004,0.091431,0.216537,1.429247
1982-06-27,0.000000,Training,-0.324465,-0.052819,-0.027332,-0.030961,-0.028948,-0.035775,-0.012483,0.018438,0.073198,0.192686,1.371637
1982-06-28,0.000000,Training,-0.353008,-0.063680,-0.039537,-0.029566,-0.036355,-0.040246,-0.022243,0.001207,0.043008,0.155503,1.282287
1982-06-29,0.000000,Training,-0.360221,-0.066436,-0.042626,-0.028763,-0.037474,-0.040868,-0.024310,-0.002925,0.035403,0.147564,1.267581
1982-06-30,0.000000,Training,-0.364317,-0.068755,-0.044729,-0.028888,-0.037780,-0.040725,-0.024717,-0.003560,0.034818,0.148057,1.273233
1982-07-01,0.000000,Training,-0.360742,-0.067948,-0.043658,-0.030234,-0.037225,-0.040416,-0.023334,-0.000434,0.041993,0.156800,1.296967
1982-07-02,0.000000,Training,-0.343564,-0.061835,-0.036688,-0.032648,-0.033771,-0.038862,-0.017901,0.010163,0.062217,0.180942,1.355842
1982-07-03,0.000000,Training,-0.298927,-0.043338,-0.016329,-0.029283,-0.017406,-0.026424,0.000690,0.039609,0.108822,0.239773,1.493268
1982-07-04,0.000000,Training,-0.304797,-0.057975,-0.031326,-0.002031,0.018125,0.012275,0.049413,0.077707,0.148931,0.367613,1.804258
1982-07-05,0.000000,Training,-0.389820,-0.104130,-0.064095,-0.034620,-0.006946,0.002745,0.026171,0.073303,0.189157,0.385483,2.008807
1982-07-06,0.000000,Training,-0.383200,-0.098874,-0.054291,-0.030546,-0.013295,-0.002031,0.021080,0.064456,0.159962,0.336982,1.810920
1982-07-07,0.000000,Training,-0.384027,-0.097326,-0.061808,-0.036934,-0.027233,-0.020131,-0.000041,0.039791,0.123652,0.283646,1.669580
1982-07-08,0.000000,Training,-0.359177,-0.077914,-0.046813,-0.033166,-0.025441,-0.024372,-0.001428,0.037608,0.113500,0.259812,1.587341
1982-07-09,0.000000,Training,-0.355738,-0.071459,-0.043751,-0.031457,-0.027533,-0.028415,-0.004925,0.031682,0.100098,0.236538,1.518429
1982-07-10,0.000000,Training,-0.376587,-0.076315,-0.051288,-0.027766,-0.033657,-0.032817,-0.014177,0.014189,0.065852,0.190333,1.399651
1982-07-11,0.000000,Training,-0.355502,-0.067223,-0.042552,-0.030961,-0.031180,-0.033764,-0.010573,0.022162,0.082485,0.209319,1.447789
1982-07-12,0.000000,Training,-0.325434,-0.054285,-0.029086,-0.030349,-0.022803,-0.029046,-0.001318,0.037734,0.107406,0.240951,1.523126
1982-07-13,0.000000,Training,-0.311937,-0.047027,-0.022435,-0.028913,-0.019661,-0.027348,0.001566,0.041823,0.112456,0.245333,1.527833
1982-07-14,0.000000,Training,-0.316510,-0.048931,-0.024481,-0.030090,-0.022776,-0.029943,-0.001549,0.037203,0.105379,0.234236,1.498609
1982-07-15,0.000000,Training,-0.323322,-0.052103,-0.027853,-0.031466,-0.026271,-0.032537,-0.005100,0.032042,0.098290,0.223847,1.473856
1982-07-16,0.000000,Training,-0.318094,-0.050471,-0.026023,-0.031974,-0.025116,-0.031701,-0.003689,0.034995,0.103817,0.230520,1.490240
1982-07-17,0.000000,Training,-0.316604,-0.050194,-0.025478,-0.032566,-0.025152,-0.031911,-0.003764,0.035126,0.104421,0.230894,1.491279
1982-07-18,0.000000,Training,-0.318034,-0.051099,-0.026189,-0.033346,-0.026110,-0.032776,-0.004722,0.033706,0.102639,0.228160,1.484944
1982-07-19,0.000000,Training,-0.307059,-0.046546,-0.021333,-0.032521,-0.022105,-0.029811,-0.000575,0.040058,0.112816,0.241438,1.516733
1982-07-20,0.000000,Training,-0.310086,-0.047977,-0.022965,-0.033439,-0.024094,-0.031521,-0.002829,0.036690,0.108565,0.236062,1.505908
1982-07-21,0.000000,Training,-0.323974,-0.053975,-0.030534,-0.035537,-0.031159,-0.036654,-0.010728,0.024996,0.094283,0.218606,1.470883
1982-07-22,0.000000,Training,-0.331570,-0.051945,-0.037706,-0.032397,-0.037500,-0.040327,-0.019892,0.008888,0.079217,0.208739,1.477500
1982-07-23,0.000000,Training,-0.338654,-0.060842,-0.031612,-0.035251,-0.030728,-0.036431,-0.009961,0.021721,0.081877,0.198214,1.406863
1982-07-24,0.000000,Training,-0.346485,-0.065387,-0.035082,-0.036053,-0.031929,-0.036266,-0.010445,0.021588,0.082213,0.197516,1.405373
1982-07-25,0.000000,Training,-0.360073,-0.070865,-0.040570,-0.035060,-0.034169,-0.036674,-0.013268,0.015824,0.072234,0.185260,1.380112
1982-07-26,0.000000,Training,-0.365777,-0.074105,-0.042809,-0.035237,-0.034381,-0.036179,-0.013124,0.015855,0.072194,0.185228,1.382432
1982-07-27,0.000000,Training,-0.354986,-0.070334,-0.038672,-0.037033,-0.032261,-0.035369,-0.009603,0.022817,0.086002,0.202525,1.426077
1982-07-28,0.000000,Training,-0.323938,-0.057571,-0.024954,-0.035938,-0.022649,-0.029354,0.001744,0.041732,0.115680,0.241435,1.515639
1982-07-29,0.000000,Training,-0.344807,-0.071583,-0.054648,-0.049613,-0.032245,-0.042898,-0.007235,0.028936,0.099439,0.244629,1.549190
1982-07-30,0.000000,Training,-0.327390,-0.060109,-0.025851,-0.035740,-0.018127,-0.024193,0.007638,0.050019,0.130625,0.265418,1.587971
1982-07-31,0.000000,Training,-0.324023,-0.059384,-0.023774,-0.035020,-0.016403,-0.022769,0.010629,0.053320,0.134505,0.269469,1.591772
1982-08-01,0.000000,Training,-0.333725,-0.063539,-0.034324,-0.039915,-0.021022,-0.029073,0.005360,0.046995,0.128774,0.265955,1.591046
1982-08-02,0.000000,Training,-0.323177,-0.058778,-0.023892,-0.035704,-0.017680,-0.023876,0.009588,0.053368,0.135910,0.268951,1.589555
1982-08-03,0.000000,Training,-0.342688,-0.067018,-0.031949,-0.037488,-0.024672,-0.028499,0.003052,0.042454,0.119086,0.243792,1.529084
1982-08-04,0.000000,Training,-0.362246,-0.075289,-0.040014,-0.037710,-0.029420,-0.030737,-0.002206,0.032901,0.103955,0.222852,1.482643
1982-08-05,0.000000,Training,-0.359564,-0.073892,-0.038735,-0.037858,-0.028726,-0.030390,-0.001003,0.034873,0.107483,0.226980,1.494753
1982-08-06,0.000000,Training,-0.356597,-0.072585,-0.037250,-0.038006,-0.027814,-0.029881,0.000391,0.037011,0.111235,0.231731,1.507960
1982-08-07,0.000000,Training,-0.360743,-0.074287,-0.038531,-0.037652,-0.028079,-0.029336,0.000565,0.036573,0.110375,0.229899,1.505040
1982-08-08,0.000000,Training,-0.355246,-0.072077,-0.036252,-0.037965,-0.026678,-0.028278,0.002983,0.040936,0.118348,0.239682,1.528869
1982-08-09,0.000000,Training,-0.359570,-0.074220,-0.037824,-0.037965,-0.026898,-0.027674,0.003384,0.041063,0.118838,0.239765,1.531075
1982-08-10,0.000000,Training,-0.360592,-0.074860,-0.038032,-0.038138,-0.026608,-0.027102,0.004340,0.042279,0.121180,0.242321,1.538689
1982-08-11,0.000000,Training,-0.349127,-0.070191,-0.033344,-0.038592,-0.023961,-0.025759,0.008040,0.049099,0.132983,0.257734,1.574771
1982-08-12,0.000000,Training,-0.338686,-0.065796,-0.028770,-0.038170,-0.020662,-0.023662,0.012213,0.055994,0.143659,0.271935,1.606579
1982-08-13,0.000000,Training,-0.342790,-0.067730,-0.030075,-0.038587,-0.021421,-0.023717,0.012138,0.055362,0.142955,0.269747,1.601381
1982-08-14,0.000000,Training,-0.335289,-0.064259,-0.026469,-0.037979,-0.018810,-0.022181,0.015225,0.059798,0.149529,0.278883,1.622651
1982-08-15,0.000000,Training,-0.328505,-0.060650,-0.023368,-0.036976,-0.016522,-0.020830,0.017495,0.062610,0.154071,0.286332,1.642091
1982-08-16,0.000000,Training,-0.344883,-0.063750,-0.030738,-0.035340,-0.022613,-0.024472,0.009603,0.045896,0.132339,0.262439,1.607676
1982-08-17,0.000000,Training,-0.355970,-0.074655,-0.033705,-0.041099,-0.022782,-0.024739,0.012133,0.051463,0.138297,0.262465,1.596190
1982-08-18,0.000000,Training,-0.375460,-0.083966,-0.041021,-0.040443,-0.024029,-0.023795,0.011359,0.046914,0.130432,0.253175,1.585896
1982-08-19,0.000000,Training,-0.392618,-0.091604,-0.047190,-0.037529,-0.022798,-0.021038,0.012934,0.043762,0.123445,0.248863,1.595533
1982-08-20,0.000000,Training,-0.382633,-0.088659,-0.047082,-0.044006,-0.023472,-0.023426,0.014204,0.050895,0.143563,0.274409,1.659011
1982-08-21,0.000000,Training,-0.349830,-0.074334,-0.032240,-0.042671,-0.017630,-0.019994,0.020838,0.065109,0.166451,0.304575,1.720301
1982-08-22,0.000000,Training,-0.339611,-0.069160,-0.027431,-0.041674,-0.015389,-0.018709,0.023515,0.069599,0.171993,0.310387,1.725197
1982-08-23,0.000000,Training,-0.349213,-0.072791,-0.036462,-0.045531,-0.017614,-0.022115,0.022241,0.067162,0.171793,0.313688,1.743666
1982-08-24,0.000000,Training,-0.335673,-0.067495,-0.026000,-0.041889,-0.013166,-0.016842,0.027077,0.074942,0.181782,0.324280,1.762853
1982-08-25,0.000000,Training,-0.348206,-0.074014,-0.031437,-0.043939,-0.016449,-0.018316,0.025195,0.071296,0.178409,0.317780,1.752586
1982-08-26,0.000000,Training,-0.391850,-0.106109,-0.081720,-0.070722,-0.037364,-0.041411,0.009345,0.047953,0.156267,0.324347,1.833332
1982-08-27,0.000000,Training,-0.352922,-0.080775,-0.036368,-0.045406,-0.008965,-0.008922,0.036739,0.089637,0.218312,0.384618,1.962693
1982-08-28,0.000000,Training,-0.336631,-0.073643,-0.028903,-0.042580,-0.002358,-0.004002,0.044752,0.100789,0.232668,0.404283,1.996076
1982-08-29,0.000000,Training,-0.354206,-0.083364,-0.040451,-0.049462,-0.012193,-0.012748,0.034974,0.088637,0.219826,0.385417,1.959752
1982-08-30,0.000000,Training,-0.362061,-0.085275,-0.041159,-0.049024,-0.015563,-0.014237,0.032491,0.083436,0.210460,0.365992,1.907343
1982-08-31,0.000000,Training,-0.356878,-0.081822,-0.039187,-0.048818,-0.015410,-0.014842,0.032827,0.084404,0.211519,0.365985,1.903807
1982-09-01,0.000000,Training,-0.365110,-0.085608,-0.043016,-0.050202,-0.017717,-0.016102,0.031291,0.081317,0.208542,0.360234,1.895686
1982-09-02,0.000000,Training,-0.351859,-0.079072,-0.038380,-0.049523,-0.015600,-0.015395,0.033382,0.086148,0.216114,0.371742,1.920143
1982-09-03,0.000000,Training,-0.355227,-0.081095,-0.040822,-0.050644,-0.016644,-0.015403,0.033540,0.086911,0.219826,0.375778,1.933726
1982-09-04,0.000000,Training,-0.353179,-0.080568,-0.040996,-0.051309,-0.016577,-0.015168,0.034364,0.089015,0.224792,0.382453,1.951347
1982-09-05,0.000000,Training,-0.356799,-0.082989,-0.043677,-0.052744,-0.017684,-0.015394,0.034354,0.089539,0.228378,0.386745,1.966743
1982-09-06,0.000000,Training,-0.373883,-0.091863,-0.051170,-0.054709,-0.019953,-0.015596,0.033725,0.086440,0.227062,0.383602,1.973844
1982-09-07,0.000000,Training,-0.366915,-0.088684,-0.049856,-0.055533,-0.020187,-0.016493,0.033376,0.087567,0.231096,0.390943,1.993973
1982-09-08,0.000000,Training,-0.353986,-0.083764,-0.045402,-0.055728,-0.017994,-0.015916,0.035572,0.093348,0.239484,0.403424,2.017565
1982-09-09,0.000000,Training,-0.346925,-0.080569,-0.045752,-0.056463,-0.016269,-0.015472,0.037675,0.097997,0.248965,0.420076,2.061763
1982-09-10,0.000000,Training,-0.347118,-0.080134,-0.050305,-0.058124,-0.016962,-0.016689,0.037053,0.097629,0.253752,0.433206,2.110187
1982-09-11,0.000000,Training,-0.352102,-0.085614,-0.048206,-0.058273,-0.017385,-0.014336,0.038700,0.100935,0.258566,0.431585,2.097109
1982-09-12,0.000000,Training,-0.362584,-0.092026,-0.055408,-0.060889,-0.020539,-0.014851,0.037871,0.101033,0.266401,0.441893,2.133277
1982-09-13,0.000000,Training,-0.366014,-0.092515,-0.062738,-0.061469,-0.024123,-0.015910,0.034363,0.097110,0.274917,0.464779,2.219714
1982-09-14,0.000000,Training,-0.353902,-0.088445,-0.049712,-0.061667,-0.018690,-0.016739,0.038271,0.099965,0.258842,0.430010,2.100075
1982-09-15,0.000000,Training,-0.395989,-0.144211,-0.105644,-0.086310,-0.019466,-0.017435,0.062038,0.111699,0.283823,0.572653,2.688407
1982-09-16,0.000000,Training,-0.525400,-0.228750,-0.186164,-0.103166,0.006894,0.053399,0.146739,0.250553,0.641043,1.128752,5.077188
1982-09-17,0.000000,Training,-0.537864,-0.192786,-0.155369,-0.046732,0.090080,0.153352,0.258858,0.436959,1.006250,1.595245,6.503604
1982-09-18,0.000000,Training,-0.498780,-0.099666,-0.010455,0.175345,0.444637,0.534108,0.750455,1.104545,2.132862,3.214070,12.603457
1982-09-19,0.000000,Training,-0.449261,0.088080,0.191570,0.542282,1.049251,1.212983,1.582475,2.500781,4.973999,7.241638,26.993904
1982-09-20,0.000000,Training,-0.463950,0.045891,0.136727,0.432320,0.761942,0.925399,1.165622,1.824228,3.771079,5.431551,18.030197
1982-09-21,0.000000,Training,-0.440129,-0.077243,0.023728,0.156430,0.313637,0.425221,0.557856,0.885721,1.886260,2.730700,8.999371
1982-09-22,0.000000,Training,-0.423112,-0.107405,-0.037109,0.035190,0.147199,0.216416,0.329629,0.537572,1.190136,1.783936,6.041900
1982-09-23,0.000000,Training,-0.385122,-0.094765,-0.043615,0.004218,0.094549,0.142818,0.250917,0.418868,0.911956,1.366113,4.716108
1982-09-24,0.000000,Training,-0.362710,-0.085779,-0.052342,-0.012572,0.068432,0.105057,0.211171,0.363326,0.780634,1.166215,4.105633
1982-09-25,0.000000,Training,-0.459471,-0.199567,-0.189108,-0.096761,0.024837,0.070589,0.198481,0.410856,1.077304,1.880221,7.111732
1982-09-26,0.000000,Training,-0.478130,-0.184230,-0.122810,-0.001140,0.137671,0.223083,0.345333,0.627271,1.510449,2.301728,8.066406
1982-09-27,0.000000,Training,-0.419566,-0.140926,-0.087344,-0.012550,0.091367,0.156005,0.263402,0.474071,1.093224,1.674466,5.825867
1982-09-28,0.000000,Training,-0.415248,-0.152921,-0.106153,-0.047280,0.041375,0.095016,0.190909,0.371566,0.883484,1.367682,4.861845
1982-09-29,0.000000,Training,-0.406768,-0.144942,-0.122287,-0.065789,0.015403,0.055833,0.152418,0.317292,0.763053,1.184793,4.274720
1982-09-30,0.000000,Training,-0.389522,-0.136823,-0.107208,-0.064215,0.008832,0.048881,0.139606,0.296475,0.698784,1.066020,3.863845
1982-10-01,,,-0.546868,-0.141511,0.008076,0.333298,0.753129,0.973771,1.236757,2.236047,5.364356,8.372035,25.374058
1982-10-02,,,-0.560517,-0.161535,-0.002353,0.335157,0.777244,1.001106,1.276595,2.331110,5.645733,8.908885,26.872284
1983-10-17,0.161056,Training,,,,,,,,,,,
1983-10-18,0.161056,Training,,,,,,,,,,,
1983-10-19,0.161056,Training,-0.319395,-0.089903,-0.056019,-0.069838,-0.013475,0.001666,0.067898,0.170681,0.391543,0.589138,2.452854
1983-10-20,0.161056,Training,-0.322380,-0.091902,-0.057753,-0.071037,-0.015293,0.000880,0.067181,0.170560,0.392244,0.588498,2.449126
1983-10-21,0.161056,Training,-0.322799,-0.092276,-0.058172,-0.071731,-0.016480,-0.000045,0.066190,0.169539,0.390591,0.585638,2.439340
1983-10-22,0.161056,Training,-0.331278,-0.096179,-0.061992,-0.074120,-0.021038,-0.003061,0.062808,0.164980,0.386101,0.576346,2.415809
1983-10-23,0.161056,Training,-0.304427,-0.084305,-0.052041,-0.066041,-0.004933,0.010913,0.078465,0.187821,0.416709,0.623103,2.520448
1983-10-24,0.161056,Training,-0.306473,-0.093432,-0.079599,-0.075760,-0.001862,0.012747,0.086974,0.204801,0.453474,0.708227,2.769960
1983-10-25,0.161056,Training,-0.371308,-0.167522,-0.140665,-0.108723,0.001533,0.036722,0.130096,0.281834,0.702465,1.211899,4.746011
1983-10-26,0.161056,Training,-0.441960,-0.189920,-0.122955,-0.069142,0.051242,0.120614,0.212591,0.409645,0.993222,1.502906,5.632192
1983-10-27,0.161056,Training,-0.492306,-0.254541,-0.229891,-0.156111,0.006537,0.101367,0.220026,0.539785,1.476707,2.417169,9.312739
1983-10-28,0.161056,Training,-0.454636,0.117871,0.285577,1.036834,2.131571,2.653617,4.029492,6.628540,16.143997,24.365942,81.112488
1983-10-29,355.772014,Training,-0.468446,0.039165,0.612305,1.834699,5.116956,6.073620,8.934238,20.597925,57.240013,94.127426,269.967499
1983-10-30,49.444096,Training,-0.485945,0.073644,0.590834,1.870552,4.588814,5.660457,8.211411,17.622730,45.807266,73.885559,211.290207
1983-10-31,9.180174,Training,-0.424511,0.004924,0.259175,0.727680,1.316038,1.789618,2.284073,4.009481,9.359807,13.185829,37.406158
1983-11-01,3.865337,Training,-0.424060,-0.101966,0.043502,0.252150,0.505498,0.755977,0.989560,1.684775,3.821744,5.420424,15.411140
1983-11-02,1.932668,Training,-0.583806,-0.341407,-0.248077,-0.068906,0.209146,0.397738,0.685782,1.424231,3.833203,6.171854,19.212669
1983-11-03,13.045511,Training,-0.683450,-0.440059,-0.319682,-0.058482,0.381077,0.620740,1.067698,2.331881,6.699975,10.964383,35.359680
1983-11-04,14.495012,Training,-0.713116,-0.433889,-0.162467,0.391325,1.774616,2.269393,3.786676,8.841510,26.896549,45.417168,136.233749
1983-11-05,45.095593,Training,-0.592176,-0.169208,0.403288,1.823014,5.766932,6.907931,11.266202,26.862808,74.292030,123.687080,317.808716
1983-11-06,47.994595,Training,-0.565795,-0.054541,0.419085,1.796504,4.593090,5.684379,8.683380,18.280811,47.732342,75.454033,208.804306
1983-11-07,11.434954,Training,-0.622789,-0.234278,0.110302,0.995428,2.664695,3.386781,5.147377,10.603642,28.277496,45.665958,127.779625
1983-11-08,5.314838,Training,-0.199783,0.905969,2.088630,7.262047,17.062778,21.696276,35.459000,70.158707,136.757477,236.928329,407.432098
1983-11-09,85.359514,Training,7.349751,15.626553,22.288408,58.556923,89.939812,114.181763,159.897766,236.314377,377.492401,526.411377,1064.283569
1983-11-10,184.891930,Training,11.955400,20.804020,25.802259,55.345940,82.417923,98.283981,120.412399,160.438568,246.602875,308.757599,656.009033
1983-11-11,35.915418,Training,6.067948,11.043900,15.395442,35.216370,57.423622,69.096161,89.698845,131.539810,214.710052,281.308075,642.379944
1983-11-12,109.356812,Training,1.665741,4.019008,6.448734,16.138502,28.832037,35.366287,46.902493,76.940605,137.812149,188.451462,468.679474
1983-11-13,44.773481,Training,5.716739,13.286160,18.886761,52.833595,82.932610,104.551361,151.899979,228.718430,375.903961,520.471375,1109.441650
1983-11-14,75.857229,Training,17.820574,27.459295,34.474182,75.368866,111.854080,131.427887,173.387466,227.942017,357.439148,446.623871,886.611511
1983-11-15,306.811085,Training,17.319561,26.555389,33.239094,71.999298,105.762100,124.620949,163.843719,213.395020,335.409332,418.228302,827.037476
1983-11-16,143.178506,Training,8.283670,14.733523,18.604967,40.953537,60.857212,74.238724,91.073570,123.990509,195.126678,244.126175,538.580811
1983-11-17,193.105770,Training,2.795957,5.409019,7.824884,16.602894,24.192089,31.963076,37.646458,52.621735,84.223480,101.909370,241.014572
1983-11-18,38.492309,Training,0.459661,1.739567,2.876858,7.128568,11.440048,14.919766,19.422846,28.528545,51.552906,67.954575,165.159500
1983-11-19,22.386741,Training,1.810757,3.727626,6.598671,16.817909,31.089684,38.087963,56.311436,91.533012,158.378860,217.649994,513.239807
1983-11-20,16.427680,Training,12.708011,23.462101,31.213657,73.667877,106.932144,130.733368,178.168442,240.096848,398.873718,506.590759,1077.448364
1983-11-21,679.171835,Training,15.859234,23.848452,29.777824,58.498920,86.661781,101.409233,130.322372,167.775925,268.530212,323.232391,674.028137
1983-11-22,138.668947,Training,9.302425,14.472862,18.970095,34.154140,47.998619,57.953312,68.958710,86.926933,136.659698,159.966415,347.685364
1983-11-23,56.047379,Training,5.208185,7.785917,10.657709,18.195000,24.869970,30.934862,35.750393,43.943256,68.019737,80.414223,177.819611
1983-11-24,41.391312,Training,2.820830,4.569056,6.350801,10.866646,15.183183,18.474045,22.149109,26.691412,42.621593,51.440868,117.174652
1983-11-25,34.143806,Training,1.353747,2.433257,3.672745,6.444555,9.247967,11.337703,13.646806,16.810246,26.869148,32.567200,73.330109
1983-11-26,30.439525,Training,0.664975,1.454095,2.362975,4.395465,6.478306,7.946681,9.685958,12.220032,19.689167,24.106033,53.198616
1983-11-27,27.862634,Training,0.120746,0.690812,1.352067,2.856336,4.411471,5.508352,6.806250,9.004622,14.860550,18.704561,40.690018
1983-11-28,25.607854,Training,-0.429717,-0.130235,0.207054,0.965258,1.699634,2.259521,2.928678,4.381721,7.907420,10.525968,22.407776
1983-11-29,24.802576,Training,-0.494040,-0.235312,0.035543,0.649498,1.210096,1.653586,2.186453,3.394634,6.271773,8.431162,18.034695
1983-11-30,23.997297,Training,-0.537152,-0.307518,-0.062620,0.466730,0.929775,1.316690,1.751732,2.830052,5.429973,7.393146,16.113976
1983-12-01,23.353075,Training,-0.553616,-0.336446,-0.120935,0.353226,0.747751,1.088097,1.469652,2.437646,4.729091,6.469678,14.231310
1983-12-02,22.547796,Training,-0.548275,-0.342733,-0.209014,0.116937,0.364929,0.605607,0.872996,1.545605,3.001840,4.103779,9.482308
1983-12-03,21.903574,Training,-0.531264,-0.325352,-0.222262,0.058931,0.258928,0.469857,0.696016,1.277387,2.443521,3.315412,7.831601
1983-12-04,21.259351,Training,-0.520723,-0.321289,-0.231056,0.007817,0.177861,0.365884,0.554773,1.062681,2.085941,2.845445,6.979115
1983-12-05,20.615128,Training,-0.501496,-0.302680,-0.228223,-0.020008,0.126806,0.295779,0.460792,0.913471,1.791681,2.430156,6.138514
1983-12-06,19.970905,Training,-0.511868,-0.311198,-0.234944,-0.013819,0.135144,0.311029,0.479183,0.950676,1.863242,2.525755,6.320595
1983-12-07,18.682460,Training,-0.492710,-0.291592,-0.230172,-0.035669,0.094873,0.254766,0.403380,0.827214,1.620922,2.168354,5.606473
1983-12-08,18.038237,Training,-0.483032,-0.284224,-0.229582,-0.053500,0.068826,0.221073,0.356762,0.753164,1.487069,1.972157,5.233392
1983-12-09,18.038237,Training,-0.454819,-0.255367,-0.215388,-0.067169,0.049611,0.182750,0.304185,0.656144,1.290650,1.711430,4.731105
1983-12-10,17.555070,Training,-0.437640,-0.237804,-0.199574,-0.069253,0.039033,0.158125,0.266664,0.590316,1.180926,1.595938,4.531714
1983-12-11,16.910847,Training,-0.439806,-0.249249,-0.194770,-0.074460,0.039946,0.170622,0.275705,0.606106,1.211090,1.606307,4.551416
1983-12-12,16.427680,Training,-0.458258,-0.264262,-0.208461,-0.067023,0.047053,0.184537,0.296836,0.655824,1.328870,1.779849,4.917904
1983-12-13,15.783457,Training,-0.437283,-0.256560,-0.196961,-0.085171,0.037897,0.170884,0.275805,0.604327,1.206632,1.607435,4.567313
1983-12-14,15.783457,Training,-0.592966,-0.385282,-0.335469,-0.106134,0.131842,0.375810,0.599203,1.253704,3.070955,4.441829,12.560841
1983-12-15,16.427680,Training,-0.736808,-0.355481,-0.115569,0.949361,3.462284,5.002218,7.818597,17.653357,49.179585,66.268707,167.688385
1983-12-16,22.708852,Training,-0.654340,-0.175432,0.161610,1.458794,3.710511,5.283868,7.403601,14.565368,35.803501,49.172302,120.224609
1983-12-17,57.657936,Training,-0.648362,-0.194523,0.111494,1.331822,3.273425,4.695353,6.486373,12.644145,29.902359,42.290668,98.912254
1983-12-18,47.028261,Training,-0.674518,-0.306455,0.062850,1.033601,2.674753,3.614265,5.189807,10.196796,24.564186,38.033020,91.747696
1983-12-19,50.410430,Training,-0.619713,-0.221703,0.165608,1.241596,2.682634,3.687701,5.172692,9.297210,20.550741,30.596672,70.406555
1983-12-20,71.508725,Training,-0.316510,0.467536,1.531740,5.260771,14.015931,16.965931,28.535336,58.238380,120.719658,176.905594,403.757050
1983-12-21,110.001035,Training,0.647146,2.641834,3.964386,11.422073,20.004070,26.362112,34.534313,55.332695,96.414581,121.369904,268.464569
1983-12-22,157.029296,Training,-0.115120,0.675120,1.594353,4.259659,7.241162,10.020309,12.884625,20.385651,37.308704,49.445610,110.436012
1983-12-23,56.530546,Training,-0.325278,0.193471,0.749586,2.145591,3.562270,4.889407,6.281339,9.631368,17.305069,23.124750,49.415733
1983-12-24,41.230256,Training,-0.368709,0.027411,0.468441,1.489399,2.501885,3.357305,4.371444,6.614688,11.614056,15.745286,32.886311
1983-12-25,35.110140,Training,-0.395520,-0.048180,0.315727,1.169686,1.973724,2.655252,3.453959,5.255535,9.038008,12.075130,24.786127
1983-12-26,31.405859,Training,-0.421812,-0.105226,0.214853,0.975744,1.663004,2.254722,2.930451,4.506733,7.716711,10.233444,20.925131
1983-12-27,27.862634,Training,-0.450212,-0.165530,0.132138,0.813316,1.428546,1.952195,2.540167,3.960156,6.904385,9.214410,18.994072
1983-12-28,25.607854,Training,-0.474740,-0.202573,0.055713,0.676491,1.198487,1.667373,2.179283,3.468634,6.010602,7.953331,16.403299
1983-12-29,23.997297,Training,-0.498745,-0.239761,-0.014643,0.545536,0.990773,1.409760,1.853521,3.021108,5.261288,6.924355,14.418281
1983-12-30,22.547796,Training,-0.514457,-0.260710,-0.054073,0.479850,0.895208,1.284850,1.702502,2.812261,4.938093,6.521463,13.785688
1983-12-31,21.903574,Training,-0.526279,-0.285745,-0.078959,0.425568,0.814328,1.190041,1.574410,2.641188,4.715864,6.290183,13.375950
1984-01-01,21.259351,Validation,-0.525711,-0.277672,-0.076529,0.432776,0.821616,1.205046,1.582751,2.649978,4.676007,6.119303,13.102435
1984-01-02,20.615128,Validation,-0.540874,-0.311706,-0.136566,0.289823,0.630978,0.970758,1.280806,2.199032,3.926798,5.142780,11.264118
1984-01-03,20.615128,Validation,-0.551545,-0.337563,-0.196216,0.155481,0.425625,0.709928,0.959751,1.730114,3.173055,4.182449,9.409394
1984-01-04,20.615128,Validation,-0.552260,-0.341915,-0.211584,0.116632,0.358535,0.622428,0.851660,1.570822,2.925686,3.868796,8.805936
1984-01-05,,,-0.700333,-0.367653,0.001669,0.723570,1.898765,2.511755,3.354619,6.733158,16.055687,26.120905,69.368797
1984-01-06,,,-0.697675,-0.371111,-0.032078,0.602218,1.613050,2.141239,2.837113,5.721815,13.901784,22.564711,60.788639
1984-02-17,0.966334,Validation,,,,,,,,,,,
1984-02-18,0.644223,Validation,,,,,,,,,,,
1984-02-19,0.644223,Validation,-0.425342,-0.245496,-0.182678,-0.053788,0.069239,0.184859,0.268118,0.615563,1.208982,1.700791,4.627750
1984-02-20,0.644223,Validation,-0.436891,-0.253034,-0.179752,-0.058748,0.062457,0.193746,0.268721,0.615353,1.224791,1.661307,4.576022
1984-02-21,0.644223,Validation,-0.431926,-0.247508,-0.177541,-0.051312,0.069714,0.196650,0.275716,0.626894,1.238273,1.688853,4.599482
1984-02-22,0.483167,Validation,-0.441694,-0.260376,-0.186620,-0.060215,0.063995,0.198954,0.278832,0.637327,1.264291,1.712100,4.644793
1984-02-23,0.161056,Validation,-0.438249,-0.251037,-0.186649,-0.048592,0.074379,0.203010,0.289290,0.653993,1.282811,1.747839,4.697584
1984-02-24,0.161056,Validation,-0.439806,-0.264654,-0.188708,-0.072864,0.057647,0.196189,0.274021,0.623713,1.234142,1.676152,4.577052
1984-02-25,0.161056,Validation,-0.436648,-0.267184,-0.190676,-0.081729,0.052894,0.192527,0.268738,0.610539,1.204147,1.644641,4.531644
1984-02-26,0.161056,Validation,-0.445083,-0.270587,-0.198275,-0.079312,0.058580,0.198952,0.280301,0.631654,1.247803,1.709398,4.670404
1984-02-27,0.161056,Validation,-0.563362,-0.350285,-0.238408,0.031851,0.383067,0.659879,0.891576,1.584465,3.590740,5.426862,13.998189
1984-02-28,0.000000,Validation,-0.689878,-0.413419,-0.239491,0.170195,0.749052,1.305774,1.566616,3.062517,7.787273,11.206070,30.589622
1984-02-29,0.000000,Validation,-0.651255,-0.359802,-0.205648,0.218284,0.851208,1.381306,1.647637,3.156377,7.673903,11.631846,29.500040
1984-03-01,0.000000,Validation,-0.629083,-0.369759,-0.124845,0.307581,0.867712,1.395601,1.697037,3.127412,6.994924,10.586487,25.257841
1984-03-02,0.000000,Validation,-0.599078,-0.337471,-0.121433,0.297884,0.715588,1.131068,1.421490,2.631789,5.668033,8.391497,19.164968
1984-03-03,0.161056,Validation,-0.579080,-0.319422,-0.050962,0.480609,0.950553,1.419534,1.819752,3.270522,6.707065,10.194036,22.650919
1984-03-04,0.161056,Validation,-0.568083,-0.319498,-0.099967,0.369796,0.756859,1.144519,1.490183,2.684847,5.398825,7.973485,17.703831
1984-03-05,0.161056,Validation,-0.564896,-0.331802,-0.127249,0.305569,0.648232,0.995604,1.303043,2.375337,4.769592,7.072868,15.738708
1984-03-06,0.161056,Validation,-0.556376,-0.335377,-0.149637,0.240450,0.533995,0.848585,1.110999,2.052769,4.077464,5.941084,13.235436
1984-03-07,0.161056,Validation,-0.553745,-0.340861,-0.162445,0.210784,0.484002,0.781244,1.024759,1.909505,3.777087,5.496530,12.278967
1984-03-08,0.161056,Validation,-0.551121,-0.343992,-0.167871,0.194827,0.458027,0.745425,0.978233,1.828237,3.599796,5.237091,11.708544
1984-03-09,0.161056,Validation,-0.537154,-0.344974,-0.195121,0.097400,0.304042,0.535598,0.704745,1.385311,2.815396,4.158326,9.625055
1984-03-10,0.161056,Validation,-0.531020,-0.327170,-0.201528,0.086534,0.279222,0.509355,0.673887,1.318541,2.599414,3.648198,8.487540
1984-03-11,0.161056,Validation,-0.523122,-0.320999,-0.205574,0.062492,0.240284,0.456994,0.605217,1.201841,2.371040,3.306849,7.791641
1984-03-12,0.161056,Validation,-0.519421,-0.319675,-0.208354,0.044098,0.219022,0.431105,0.570316,1.137936,2.241247,3.105577,7.382367
1984-03-13,0.161056,Validation,-0.536803,-0.354076,-0.258927,-0.028552,0.187528,0.407132,0.559306,1.093155,2.226568,3.242808,8.139668
1984-03-14,0.161056,Validation,-0.564121,-0.364402,-0.248636,-0.009310,0.211096,0.447508,0.581413,1.144561,2.436800,3.564259,9.083862
1984-03-15,0.161056,Validation,-0.556953,-0.349975,-0.236763,0.012206,0.217145,0.444842,0.576998,1.153137,2.463960,3.586205,8.944013
1984-03-16,0.161056,Validation,-0.601005,-0.371046,-0.250084,0.086875,0.357310,0.641246,0.838364,1.600187,3.480075,5.176202,12.791899
1984-03-17,0.161056,Validation,-0.556621,-0.342360,-0.231665,0.017514,0.199606,0.421277,0.531300,1.108138,2.433623,3.559068,9.057355
1984-03-18,0.161056,Validation,-0.537602,-0.327373,-0.210878,0.043044,0.213921,0.426713,0.539428,1.120854,2.415785,3.567388,8.822098
1984-03-19,14.011845,Validation,-0.556837,0.052707,0.368914,1.865408,3.405112,4.974087,5.752116,9.888946,23.545588,35.310734,86.426857
1984-03-20,26.896300,Validation,-0.112962,1.243100,1.898354,6.751552,15.424539,19.464308,25.287146,49.240429,94.770958,121.325104,257.293640
1984-03-21,25.768910,Validation,0.671817,2.857093,3.904554,12.191076,25.602728,31.341766,39.212914,70.034966,118.169579,150.566605,283.501404
1984-03-22,21.903574,Validation,-0.206798,0.668065,1.451064,4.221232,7.943657,10.717059,12.727511,23.260593,44.670574,61.250755,130.242355
1984-03-23,19.326683,Validation,-0.472630,-0.022645,0.425735,1.474491,2.606174,3.708667,4.430054,7.784129,15.611229,22.324411,48.743935
1984-03-24,19.165627,Validation,-0.425122,0.191968,0.792968,2.759581,5.323690,7.248593,9.354266,16.913740,34.272598,51.532887,113.290932
1984-03-25,19.326683,Validation,-0.487442,0.017659,0.539557,1.998897,3.786697,5.205018,6.518307,11.794259,24.024076,35.602299,79.912071
1984-03-26,19.326683,Validation,-0.530302,-0.171699,0.173901,0.981785,1.764242,2.506922,3.137603,5.519222,11.185031,16.611704,36.798321
1984-03-27,18.682460,Validation,-0.533108,-0.226670,0.057417,0.701394,1.252428,1.806436,2.288573,3.972035,7.730852,11.284457,24.867857
1984-03-28,18.038237,Validation,-0.559443,-0.286480,-0.025637,0.561314,1.085555,1.544783,2.027941,3.566431,7.137571,11.044141,24.928429
1984-03-29,17.232959,Validation,-0.557348,-0.310956,-0.053884,0.467928,0.897009,1.327880,1.710130,3.030369,6.028678,9.180851,20.516064
1984-03-30,16.427680,Validation,-0.565785,-0.352653,-0.102886,0.347039,0.720911,1.094396,1.399092,2.540733,5.194759,8.089334,18.521067
1984-03-31,15.783457,Validation,-0.581147,-0.318066,-0.108834,0.465322,0.893905,1.329149,1.757048,3.132774,6.225969,9.470638,21.699245
1984-04-01,15.783457,Validation,-0.600406,-0.372383,-0.187287,0.243956,0.545134,0.884652,1.144059,2.164931,4.540311,7.052697,16.661890
1984-04-02,14.817123,Validation,-0.580030,-0.385240,-0.205123,0.123400,0.351361,0.624615,0.788771,1.578841,3.445057,5.479477,13.299923
1984-04-03,13.689733,Validation,-0.589569,-0.407118,-0.226072,0.082150,0.291988,0.544272,0.673880,1.412480,3.151158,5.116853,12.727536
1984-04-04,13.689733,Validation,-0.549301,-0.361667,-0.218741,0.044890,0.212283,0.426552,0.542144,1.146367,2.502890,3.887851,9.647801
1984-04-05,12.884455,Validation,-0.517797,-0.323313,-0.208524,0.033114,0.176947,0.368196,0.477591,1.011054,2.129945,3.199166,7.904517
1984-04-06,11.918121,Validation,-0.515983,-0.328282,-0.212764,0.001337,0.127918,0.303587,0.381267,0.865493,1.912997,2.934794,7.548170
1984-04-07,11.112842,Validation,-0.463185,-0.270938,-0.187063,-0.039750,0.047093,0.178619,0.218016,0.576273,1.318093,2.018351,5.641574
1984-04-08,9.824397,Validation,-0.420228,-0.227896,-0.163078,-0.039951,0.040804,0.154338,0.193784,0.507595,1.126169,1.683681,4.813108
1984-04-09,8.858063,Validation,-0.374185,-0.181925,-0.131297,-0.042103,0.030388,0.123171,0.161072,0.422939,0.896332,1.308339,3.888028
1984-04-10,7.408562,Validation,-0.365861,-0.171970,-0.125251,-0.039103,0.031262,0.120609,0.159137,0.412200,0.862946,1.257111,3.753947
1984-04-11,6.120116,Validation,-0.374223,-0.178748,-0.139222,-0.035675,0.039505,0.129113,0.170907,0.433960,0.908338,1.358871,4.020468
1984-04-12,4.831671,Validation,-0.362923,-0.172315,-0.127739,-0.032879,0.043050,0.123319,0.145299,0.375745,0.804296,1.295498,4.107123
1984-04-13,4.831671,Validation,-0.424949,-0.216405,-0.160859,-0.042260,0.053924,0.159916,0.176724,0.454384,1.022858,1.625401,5.118229
1984-04-14,16.910847,Validation,-0.436131,-0.225062,-0.172408,-0.026457,0.078352,0.203505,0.211503,0.529167,1.180990,1.912390,5.792551
1984-04-15,17.555070,Validation,-0.476599,-0.258596,-0.187205,-0.042340,0.060744,0.195718,0.197114,0.535917,1.292029,2.047863,6.411901
1984-04-16,15.783457,Validation,-0.412785,-0.203454,-0.130165,-0.031924,0.050095,0.159727,0.166269,0.442401,1.021975,1.592435,5.055190
1984-04-17,14.333956,Validation,-0.398791,-0.189647,-0.125853,-0.039557,0.023176,0.117741,0.124387,0.368438,0.861662,1.352157,4.383793
1984-04-18,13.206566,Validation,-0.393914,-0.180685,-0.123887,-0.030808,0.025117,0.118144,0.128880,0.375694,0.870550,1.359940,4.310591
1984-04-19,12.884455,Validation,-0.353097,-0.133547,-0.089972,-0.034185,0.011007,0.075200,0.094820,0.285552,0.638139,0.979309,3.331817
1984-04-20,12.401288,Validation,-0.321099,-0.105304,-0.066952,-0.030266,0.015202,0.065138,0.092936,0.264146,0.557555,0.841170,2.942751
1984-04-21,11.112842,Validation,-0.297287,-0.086123,-0.053158,-0.022607,0.023995,0.067313,0.099301,0.262614,0.531905,0.798442,2.797882
1984-04-22,9.824397,Validation,-0.291011,-0.093842,-0.066326,-0.006950,0.048839,0.094498,0.127301,0.301745,0.576726,0.926794,3.085909
1984-04-23,9.180174,Validation,-0.345081,-0.127205,-0.089499,-0.013994,0.057733,0.119677,0.147153,0.344675,0.695453,1.109729,3.667775
1984-04-24,8.374896,Validation,-0.351697,-0.130946,-0.094872,-0.010709,0.057207,0.123772,0.136967,0.335785,0.688031,1.156281,3.941530
1984-04-25,7.408562,Validation,-0.380216,-0.150172,-0.094996,-0.020379,0.046083,0.117328,0.129219,0.328301,0.714910,1.149706,4.003277
1984-04-26,6.120116,Validation,-0.361131,-0.135989,-0.078753,-0.014361,0.039661,0.110868,0.124149,0.315821,0.684410,1.081888,3.706363
1984-04-27,4.670615,Validation,-0.347361,-0.135534,-0.101261,-0.008375,0.051683,0.121584,0.133711,0.337787,0.701547,1.173644,3.864811
1984-04-28,3.865337,Validation,-0.386837,-0.152541,-0.114167,-0.013417,0.050868,0.128032,0.136021,0.354229,0.776355,1.272133,4.274085
1984-04-29,7.891729,Validation,-0.391098,-0.132398,-0.084396,0.091726,0.136688,0.255977,0.235376,0.488144,1.004565,1.657493,5.122948
1984-04-30,10.951787,Validation,-0.461584,-0.170701,-0.125432,0.036803,0.132196,0.252843,0.243100,0.566472,1.276317,2.006560,6.597107
1984-05-01,9.502286,Validation,-0.395953,-0.129415,-0.096077,0.043029,0.134438,0.237963,0.252571,0.542739,1.119129,1.759602,5.333622
1984-05-02,8.858063,Validation,-0.380388,-0.126718,-0.079602,0.044307,0.125848,0.222823,0.247247,0.518621,1.055796,1.621844,4.840852
1984-05-03,7.247506,Validation,-0.340160,-0.102328,-0.048163,0.030622,0.091300,0.167666,0.193493,0.407795,0.815784,1.236951,3.889854
1984-05-04,5.475893,Validation,-0.318343,-0.087640,-0.041577,0.027226,0.081862,0.148149,0.181500,0.379424,0.737078,1.105902,3.482914
1984-05-05,3.543225,Validation,-0.307887,-0.074635,-0.037751,0.019208,0.062778,0.116167,0.147105,0.321240,0.631967,0.957089,3.173638
1984-05-06,2.093724,Validation,-0.303582,-0.070760,-0.042859,0.015636,0.058171,0.106548,0.140882,0.309258,0.604750,0.919355,3.056588
1984-05-07,1.127390,Validation,-0.317659,-0.079050,-0.061861,0.005545,0.043274,0.085603,0.113902,0.273023,0.552994,0.882313,3.048442
1984-05-08,0.644223,Validation,-0.341620,-0.113423,-0.089229,0.035885,0.086063,0.158501,0.184839,0.383106,0.742036,1.229339,3.743831
1984-05-09,0.322111,Validation,-0.475552,-0.157145,-0.112959,0.154475,0.234175,0.421442,0.362590,0.742626,1.600158,2.500369,7.571043
1984-05-10,0.322111,Validation,-0.486252,-0.185068,-0.096015,0.116113,0.201148,0.358549,0.327165,0.707973,1.552436,2.397014,7.506045
1984-05-11,10.951787,Validation,-0.421427,-0.156339,-0.088003,0.047753,0.092749,0.200927,0.181006,0.432406,0.972310,1.557838,5.026450
1984-05-12,8.535951,Validation,-0.400265,-0.138986,-0.084533,0.033886,0.059161,0.149392,0.136042,0.342915,0.784649,1.283836,4.223975
1984-05-13,5.153782,Validation,-0.349948,-0.098886,-0.062346,0.015141,0.041197,0.101862,0.110989,0.277833,0.608206,0.965772,3.333393
1984-05-14,1.771613,Validation,-0.321545,-0.085342,-0.060649,0.020771,0.060663,0.120547,0.153175,0.333664,0.663037,1.002191,3.188607
1984-05-15,0.966334,Validation,-0.326250,-0.088144,-0.071454,0.020967,0.054659,0.118953,0.151167,0.336940,0.681552,1.023808,3.214816
1984-05-16,0.322111,Validation,-0.310622,-0.073076,-0.062658,0.013664,0.046381,0.096130,0.132980,0.293281,0.574375,0.872106,2.854777
1984-05-17,0.000000,Validation,-0.334027,-0.096194,-0.075482,0.066336,0.100513,0.170225,0.201345,0.364502,0.672962,1.125146,3.387642
1984-05-18,0.000000,Validation,-0.429366,-0.097869,-0.084337,0.156630,0.247010,0.409475,0.392012,0.721140,1.390379,2.049957,6.045509
1984-05-19,0.000000,Validation,-0.449045,-0.100545,-0.084164,0.138414,0.250622,0.396262,0.399979,0.765324,1.506948,2.205056,6.442003
1984-05-20,0.000000,Validation,-0.394263,-0.019238,-0.004296,0.283175,0.396264,0.578688,0.552985,0.950533,1.757078,2.587020,6.882448
1984-05-21,0.000000,Validation,-0.448817,-0.074365,-0.045934,0.212260,0.347008,0.509812,0.520989,0.959317,1.897425,2.727449,7.483864
1984-05-22,0.000000,Validation,-0.399439,-0.071948,-0.035027,0.161711,0.250514,0.372264,0.392870,0.717175,1.410653,2.093127,5.758289
1984-05-23,0.000000,Validation,-0.367344,-0.086150,-0.031779,0.116933,0.173860,0.279702,0.298591,0.566100,1.137711,1.697766,4.792538
1984-05-24,0.000000,Validation,-0.376824,-0.095696,-0.069605,0.092393,0.138457,0.227802,0.246861,0.486101,1.024491,1.623063,4.729004
1984-05-25,0.000000,Validation,-0.383031,-0.113785,-0.073974,0.083643,0.113966,0.210353,0.213210,0.456573,1.012139,1.599376,4.753627
1984-05-26,0.000000,Validation,-0.396481,-0.131325,-0.093531,0.076620,0.103378,0.204951,0.209365,0.461908,1.048310,1.660449,4.875351
1984-05-27,0.000000,Validation,-0.376664,-0.115448,-0.089090,0.054271,0.072224,0.156259,0.158344,0.372400,0.856115,1.363239,4.222733
1984-05-28,0.000000,Validation,-0.359832,-0.105241,-0.084936,0.035049,0.053158,0.127232,0.134767,0.327053,0.744722,1.165275,3.711705
1984-05-29,0.000000,Validation,-0.342150,-0.060153,-0.025536,0.209204,0.198825,0.316437,0.299949,0.473491,0.917829,1.558527,4.550704
1984-05-30,0.000000,Validation,-0.484166,-0.164964,-0.096922,0.108921,0.157226,0.277894,0.234771,0.494751,1.081268,1.776834,6.014215
1984-05-31,0.000000,Validation,-0.433802,-0.153889,-0.087823,0.077139,0.099572,0.210865,0.171196,0.401909,0.923137,1.545319,5.016878
1984-06-01,0.000000,Validation,-0.493599,-0.202665,-0.139764,0.099007,0.149932,0.296692,0.278054,0.608069,1.437487,2.363705,6.753224
1984-06-02,0.000000,Validation,-0.418588,-0.144571,-0.114684,0.060763,0.095971,0.193889,0.202566,0.436466,0.992844,1.597702,4.739278
1984-06-03,0.000000,Validation,-0.384728,-0.120325,-0.094222,0.049263,0.074191,0.157989,0.168462,0.373256,0.845079,1.335377,4.095204
1984-06-04,0.000000,Validation,-0.398365,-0.119891,-0.100919,0.045292,0.046426,0.120789,0.110202,0.286830,0.705302,1.203642,3.972831
1984-06-05,0.000000,Validation,-0.369069,-0.106542,-0.086254,0.027569,0.034403,0.100995,0.095581,0.257959,0.632245,1.043135,3.551805
1984-06-06,0.000000,Validation,-0.345961,-0.087307,-0.078898,0.011930,0.024352,0.073817,0.080951,0.216253,0.518241,0.858576,3.058989
1984-06-07,0.000000,Validation,-0.336496,-0.073845,-0.070307,0.002825,0.009434,0.045868,0.052671,0.163820,0.409556,0.703331,2.721260
1984-06-08,0.000000,Validation,-0.337536,-0.068271,-0.056041,-0.008274,-0.011190,0.013903,0.021742,0.104674,0.277233,0.501513,2.219921
1984-06-09,0.000000,Validation,-0.341055,-0.069637,-0.056153,-0.016364,-0.020894,-0.001376,0.008108,0.079268,0.224263,0.423748,2.019185
1984-06-10,0.000000,Validation,-0.350082,-0.071211,-0.058203,-0.022366,-0.030903,-0.016441,-0.006235,0.052490,0.169317,0.342581,1.802696
1984-06-11,0.000000,Validation,-0.348732,-0.064162,-0.056464,-0.019468,-0.033653,-0.021201,-0.012173,0.038735,0.143490,0.308522,1.714139
1984-06-12,0.000000,Validation,-0.342685,-0.062233,-0.051183,-0.025990,-0.036315,-0.029721,-0.017011,0.029221,0.117964,0.266125,1.596319
1984-06-13,0.000000,Validation,-0.341483,-0.060356,-0.050013,-0.026372,-0.037741,-0.032425,-0.019878,0.023043,0.106095,0.249608,1.552712
1984-06-14,0.000000,Validation,-0.333858,-0.056956,-0.046863,-0.027376,-0.037100,-0.032996,-0.019701,0.023165,0.106640,0.249763,1.552408
1984-06-15,0.000000,Validation,-0.329314,-0.054994,-0.045923,-0.027592,-0.036955,-0.032652,-0.019762,0.023479,0.109682,0.254374,1.564839
1984-06-16,0.000000,Validation,-0.321825,-0.048090,-0.042125,-0.024353,-0.034917,-0.031492,-0.018668,0.022046,0.107315,0.254781,1.571101
1984-06-17,0.000000,Validation,-0.303093,-0.046202,-0.030042,-0.028955,-0.025565,-0.026372,-0.007448,0.039922,0.125913,0.267528,1.573188
1984-06-18,0.000000,Validation,-0.310097,-0.050889,-0.039440,-0.031930,-0.024365,-0.026254,-0.004775,0.045035,0.135292,0.285595,1.619208
1984-06-19,0.000000,Validation,-0.317539,-0.053071,-0.041625,-0.029262,-0.028338,-0.024605,-0.008167,0.042337,0.139550,0.291121,1.644503
1984-06-20,0.000000,Validation,-0.315289,-0.052763,-0.037195,-0.028949,-0.027896,-0.024490,-0.007517,0.041747,0.135091,0.281511,1.615196
1984-06-21,0.000000,Validation,-0.322261,-0.056552,-0.035860,-0.032527,-0.030428,-0.031150,-0.011535,0.031729,0.109078,0.242829,1.506173
1984-06-22,0.000000,Validation,-0.327042,-0.054731,-0.033844,-0.031435,-0.032648,-0.036612,-0.016958,0.017041,0.078053,0.203109,1.405784
1984-06-23,0.000000,Validation,-0.331716,-0.058337,-0.036841,-0.032569,-0.033609,-0.036097,-0.016536,0.019784,0.084076,0.209226,1.418075
1984-06-24,0.000000,Validation,-0.335706,-0.057392,-0.039227,-0.030512,-0.035695,-0.037151,-0.019713,0.013515,0.076154,0.201890,1.408731
1984-06-25,0.000000,Validation,-0.319968,-0.050163,-0.029205,-0.030640,-0.030394,-0.036283,-0.015088,0.017641,0.077661,0.202987,1.408649
1984-06-26,0.000000,Validation,-0.309246,-0.046338,-0.020524,-0.030107,-0.023447,-0.032521,-0.007050,0.027165,0.085765,0.209915,1.413715
1984-06-27,0.000000,Validation,-0.306400,-0.045028,-0.019079,-0.029596,-0.022278,-0.031291,-0.005436,0.029617,0.089632,0.214221,1.423590
1984-06-28,0.000000,Validation,-0.316632,-0.049385,-0.024069,-0.030783,-0.026185,-0.034165,-0.009274,0.023888,0.081125,0.202888,1.396924
1984-06-29,0.000000,Validation,-0.309928,-0.046860,-0.020943,-0.030285,-0.023660,-0.032005,-0.006262,0.028838,0.089124,0.212799,1.421027
1984-06-30,0.000000,Validation,-0.293714,-0.039974,-0.013660,-0.027997,-0.016362,-0.025801,0.001765,0.040835,0.108230,0.237089,1.477957
1984-07-01,0.000000,Training,-0.305157,-0.044963,-0.018774,-0.029913,-0.021627,-0.030263,-0.003690,0.032993,0.095794,0.220741,1.439981
1984-07-02,0.000000,Training,-0.330001,-0.055284,-0.029822,-0.032034,-0.030801,-0.037236,-0.013682,0.017089,0.070733,0.188040,1.361788
1984-07-03,0.000000,Training,-0.338116,-0.058698,-0.033537,-0.032502,-0.033316,-0.039051,-0.016748,0.012155,0.062903,0.178262,1.339972
1984-07-04,0.000000,Training,-0.341908,-0.060371,-0.035326,-0.032789,-0.034311,-0.039820,-0.018087,0.010040,0.059688,0.174662,1.333655
1984-07-05,0.000000,Training,-0.340419,-0.059440,-0.034539,-0.032779,-0.034081,-0.040038,-0.018136,0.009567,0.059320,0.174897,1.337332
1984-07-06,0.000000,Training,-0.344711,-0.058964,-0.036225,-0.031010,-0.035964,-0.041609,-0.021767,0.001739,0.047060,0.161549,1.313086
1984-07-07,0.000000,Training,-0.347644,-0.062458,-0.037143,-0.032652,-0.035425,-0.040771,-0.019899,0.005739,0.053098,0.167240,1.322441
1984-07-08,0.000000,Training,-0.341566,-0.061148,-0.034609,-0.033807,-0.033486,-0.039440,-0.016735,0.011790,0.063901,0.180175,1.353408
1984-07-09,0.000000,Training,-0.339421,-0.060455,-0.033583,-0.033894,-0.032773,-0.038740,-0.015508,0.013939,0.067700,0.184513,1.364128
1984-07-10,0.000000,Training,-0.335008,-0.058851,-0.031629,-0.034034,-0.031392,-0.037675,-0.013432,0.017547,0.073859,0.191812,1.381553
1984-07-11,0.000000,Training,-0.318071,-0.051979,-0.023947,-0.033120,-0.025429,-0.033460,-0.006507,0.028651,0.091344,0.214311,1.435352
1984-07-12,0.000000,Training,-0.328014,-0.056242,-0.028222,-0.033959,-0.028860,-0.035718,-0.009867,0.023369,0.083216,0.202796,1.407197
1984-07-13,0.000000,Training,-0.346766,-0.063663,-0.036124,-0.033999,-0.034067,-0.038810,-0.016006,0.012654,0.065521,0.179647,1.352450
1984-07-14,0.000000,Training,-0.349348,-0.064818,-0.037213,-0.034188,-0.034555,-0.039204,-0.016624,0.011432,0.063830,0.177753,1.350706
1984-07-15,0.000000,Training,-0.358174,-0.068592,-0.040908,-0.033578,-0.035909,-0.039421,-0.018423,0.007920,0.057697,0.170569,1.336496
1984-07-16,0.000000,Training,-0.353869,-0.067260,-0.039300,-0.034472,-0.034879,-0.038817,-0.016571,0.011436,0.064897,0.179512,1.360536
1984-07-17,0.000000,Training,-0.327745,-0.056967,-0.027770,-0.034753,-0.027379,-0.034583,-0.007427,0.026859,0.090461,0.212503,1.439806
1984-07-18,0.000000,Training,-0.325733,-0.055848,-0.026474,-0.034439,-0.026843,-0.034222,-0.006744,0.027629,0.091296,0.212870,1.439201
1984-07-19,0.000000,Training,-0.342906,-0.062840,-0.033750,-0.034781,-0.031893,-0.036738,-0.011887,0.018978,0.077707,0.193679,1.393342
1984-07-20,0.000000,Training,-0.342352,-0.063064,-0.033760,-0.035106,-0.031454,-0.036037,-0.010727,0.021269,0.082331,0.199251,1.408761
1984-07-21,0.000000,Training,-0.356766,-0.069161,-0.039797,-0.034546,-0.034200,-0.036858,-0.014015,0.015208,0.072013,0.186113,1.379873
1984-07-22,0.000000,Training,-0.367278,-0.073679,-0.043895,-0.033383,-0.035191,-0.036442,-0.015323,0.011962,0.065517,0.178553,1.365008
1984-07-23,0.000000,Training,-0.376135,-0.077822,-0.047324,-0.032220,-0.035323,-0.035434,-0.015550,0.010385,0.061827,0.175151,1.361719
1984-07-24,0.000000,Training,-0.364376,-0.073853,-0.043240,-0.035479,-0.033972,-0.035563,-0.012587,0.017191,0.077325,0.193971,1.410168
1984-07-25,0.000000,Training,-0.351858,-0.068982,-0.037777,-0.036593,-0.031423,-0.034577,-0.008858,0.024075,0.089515,0.208611,1.443651
1984-07-26,0.000000,Training,-0.348383,-0.067189,-0.035614,-0.036470,-0.030799,-0.034312,-0.007871,0.025522,0.091087,0.209035,1.441077
1984-07-27,0.000000,Training,-0.350426,-0.068011,-0.036088,-0.036440,-0.031063,-0.034238,-0.007846,0.025210,0.090363,0.207200,1.436288
1984-07-28,0.000000,Training,-0.367027,-0.074948,-0.042362,-0.034918,-0.033201,-0.034254,-0.010606,0.018825,0.078146,0.191833,1.402585
1984-07-29,0.000000,Training,-0.369430,-0.076275,-0.043263,-0.035123,-0.033063,-0.033980,-0.010200,0.018973,0.078892,0.193244,1.410416
1984-07-30,0.000000,Training,-0.347679,-0.067918,-0.034814,-0.037400,-0.028898,-0.032448,-0.004118,0.031024,0.101879,0.222606,1.482153
1984-07-31,0.000000,Training,-0.338713,-0.064314,-0.030801,-0.037184,-0.026127,-0.030510,-0.000356,0.037388,0.111856,0.234885,1.508676
1984-08-01,0.000000,Training,-0.360135,-0.073175,-0.039038,-0.036685,-0.030803,-0.032109,-0.005421,0.027679,0.095237,0.211383,1.452784
1984-08-02,0.000000,Training,-0.360697,-0.073757,-0.039225,-0.037104,-0.030470,-0.031713,-0.004465,0.029114,0.098252,0.215103,1.464417
1984-08-03,0.000000,Training,-0.348942,-0.069200,-0.034337,-0.038027,-0.027752,-0.030686,-0.000791,0.035764,0.110102,0.230673,1.502876
1984-08-04,0.000000,Training,-0.330626,-0.061132,-0.025805,-0.036947,-0.022151,-0.027632,0.005365,0.045342,0.124060,0.249582,1.545407
1984-08-05,0.000000,Training,-0.349023,-0.069179,-0.033359,-0.037943,-0.027063,-0.029857,0.000754,0.037251,0.112049,0.231712,1.504634
1984-08-06,0.000000,Training,-0.347726,-0.068948,-0.032817,-0.038178,-0.026286,-0.028981,0.002422,0.040044,0.117245,0.238038,1.521127
1984-08-07,0.000000,Training,-0.351505,-0.070886,-0.034254,-0.038520,-0.026632,-0.028875,0.002491,0.039754,0.117280,0.237870,1.523677
1984-08-08,0.000000,Training,-0.356836,-0.073565,-0.036338,-0.038740,-0.027090,-0.028473,0.002648,0.039529,0.117399,0.237613,1.525867
1984-08-09,0.000000,Training,-0.342484,-0.067630,-0.030297,-0.038837,-0.023339,-0.026543,0.007427,0.047961,0.131279,0.256220,1.569522
1984-08-10,0.000000,Training,-0.335836,-0.064882,-0.027077,-0.038424,-0.020789,-0.024796,0.010667,0.052935,0.138744,0.266094,1.592171
1984-08-11,0.000000,Training,-0.335787,-0.064812,-0.026549,-0.038490,-0.020373,-0.024416,0.011632,0.053882,0.140032,0.267089,1.594289
1984-08-12,0.000000,Training,-0.344379,-0.068767,-0.029899,-0.039369,-0.022325,-0.025307,0.010217,0.050890,0.136074,0.260855,1.582463
1984-08-13,0.000000,Training,-0.336564,-0.065432,-0.026398,-0.039000,-0.019639,-0.023699,0.013494,0.056034,0.144109,0.272043,1.609672
1984-08-14,0.000000,Training,-0.336890,-0.065852,-0.026437,-0.039297,-0.019179,-0.023136,0.014633,0.057628,0.147171,0.275920,1.620790
1984-08-15,0.000000,Training,-0.340057,-0.067609,-0.027739,-0.039898,-0.019529,-0.022893,0.015168,0.058268,0.149066,0.277766,1.627266
1984-08-16,0.000000,Training,-0.325651,-0.061043,-0.021242,-0.038305,-0.014307,-0.019562,0.020737,0.066807,0.161313,0.295400,1.668079
1984-08-17,0.000000,Training,-0.333561,-0.064805,-0.024355,-0.039628,-0.016526,-0.020974,0.019180,0.063706,0.157458,0.289345,1.656821
1984-08-18,0.000000,Training,-0.344890,-0.070248,-0.029146,-0.041161,-0.019332,-0.022281,0.017239,0.059918,0.153257,0.282583,1.645963
1984-08-19,0.000000,Training,-0.351050,-0.073578,-0.031950,-0.042144,-0.020258,-0.022256,0.017274,0.059748,0.154556,0.283725,1.653435
1984-08-20,0.000000,Training,-0.339092,-0.068276,-0.026915,-0.041522,-0.016755,-0.020410,0.021198,0.066296,0.164621,0.298529,1.688581
1984-08-21,0.000000,Training,-0.327482,-0.062657,-0.022523,-0.040446,-0.012186,-0.017823,0.025984,0.073413,0.175200,0.315051,1.729014
1984-08-22,0.000000,Training,-0.317796,-0.057555,-0.019921,-0.039433,-0.007323,-0.014810,0.031047,0.080665,0.186857,0.333772,1.777510
1984-08-23,0.000000,Training,-0.324510,-0.062027,-0.020763,-0.040121,-0.009814,-0.014909,0.030005,0.079487,0.186193,0.329710,1.768058
1984-08-24,0.000000,Training,-0.334777,-0.067500,-0.025446,-0.042396,-0.013061,-0.016900,0.028043,0.076125,0.183283,0.324540,1.760610
1984-08-25,0.000000,Training,-0.359962,-0.080122,-0.036503,-0.046012,-0.019308,-0.019985,0.023172,0.067268,0.173363,0.308683,1.735098
1984-08-26,0.000000,Training,-0.369319,-0.084989,-0.040448,-0.046945,-0.020170,-0.019893,0.023217,0.066033,0.172723,0.307804,1.742217
1984-08-27,0.000000,Training,-0.350563,-0.076203,-0.033510,-0.046782,-0.017220,-0.019308,0.026117,0.072784,0.184020,0.325019,1.780783
1984-08-28,0.000000,Training,-0.340471,-0.071696,-0.029507,-0.046018,-0.014238,-0.017514,0.029419,0.078318,0.192507,0.337905,1.810732
1984-08-29,0.000000,Training,-0.351306,-0.077223,-0.034450,-0.048003,-0.017035,-0.018634,0.027977,0.075563,0.190839,0.333695,1.806193
1984-08-30,0.000000,Training,-0.351790,-0.077930,-0.035318,-0.048803,-0.017009,-0.018340,0.028920,0.077270,0.195350,0.339867,1.825129
1984-08-31,0.000000,Training,-0.340639,-0.072965,-0.031227,-0.048113,-0.014098,-0.016847,0.031869,0.082636,0.203775,0.353293,1.857357
1984-09-01,0.000000,Training,-0.338215,-0.071681,-0.033488,-0.049467,-0.012640,-0.016772,0.033971,0.086273,0.211871,0.367860,1.900405
1984-09-02,0.000000,Training,-0.342381,-0.075006,-0.033518,-0.049854,-0.014069,-0.016054,0.033729,0.086238,0.213444,0.367037,1.899486
1984-09-03,0.000000,Training,-0.353096,-0.080827,-0.038742,-0.052255,-0.016948,-0.017593,0.032121,0.083211,0.211965,0.363721,1.899826
1984-09-04,0.000000,Training,-0.352080,-0.081137,-0.039618,-0.053262,-0.017037,-0.017502,0.032766,0.085216,0.217628,0.372149,1.925039
1984-09-05,0.000000,Training,-0.346594,-0.079020,-0.038501,-0.053360,-0.015696,-0.016516,0.034703,0.089326,0.225301,0.383652,1.954463
1984-09-06,0.000000,Training,-0.339318,-0.076152,-0.036309,-0.052983,-0.013660,-0.014940,0.037164,0.094164,0.233481,0.395797,1.983821
1984-09-07,0.000000,Training,-0.345910,-0.079824,-0.052873,-0.060990,-0.015668,-0.021147,0.035637,0.093481,0.238922,0.419093,2.072351
1984-09-08,0.000000,Training,-0.348311,-0.082241,-0.042483,-0.055918,-0.014693,-0.014427,0.038184,0.096630,0.244583,0.414395,2.051282
1984-09-09,0.000000,Training,-0.356019,-0.086749,-0.046619,-0.057908,-0.017174,-0.015952,0.037038,0.094002,0.243753,0.412549,2.053568
1984-09-10,0.000000,Training,-0.361374,-0.091696,-0.050378,-0.060655,-0.018683,-0.016545,0.036842,0.095536,0.249797,0.419401,2.076236
1984-09-11,0.000000,Training,-0.357058,-0.089306,-0.049445,-0.060337,-0.018074,-0.015885,0.038194,0.098616,0.254942,0.425616,2.089329
1984-09-12,0.000000,Training,-0.351902,-0.087198,-0.048472,-0.060205,-0.017130,-0.014860,0.039958,0.102859,0.262301,0.435297,2.110609
1984-09-13,0.000000,Training,-0.359608,-0.091397,-0.052621,-0.062133,-0.019427,-0.015863,0.039098,0.101751,0.263423,0.434339,2.112973
1984-09-14,0.000000,Training,-0.357009,-0.090604,-0.052417,-0.062673,-0.019388,-0.016065,0.039452,0.103091,0.266233,0.438257,2.122774
1984-09-15,0.000000,Training,-0.357552,-0.091468,-0.053601,-0.063606,-0.019965,-0.016352,0.039491,0.103866,0.269026,0.441622,2.133243
1984-09-16,0.000000,Training,-0.362372,-0.094559,-0.056725,-0.065020,-0.021124,-0.016391,0.039702,0.104784,0.273321,0.445986,2.148619
1984-09-17,0.000000,Training,-0.345631,-0.087379,-0.050944,-0.063319,-0.017277,-0.014078,0.043006,0.112172,0.283159,0.462568,2.181926
1984-09-18,0.000000,Training,-0.352321,-0.091190,-0.054735,-0.065236,-0.019594,-0.015345,0.041901,0.110803,0.284028,0.462109,2.185596
1984-09-19,0.000000,Training,-0.359376,-0.094709,-0.058971,-0.066931,-0.022004,-0.016553,0.040461,0.108470,0.284567,0.462479,2.195822
1984-09-20,0.000000,Training,-0.353944,-0.093343,-0.056921,-0.066777,-0.020204,-0.015162,0.042893,0.113686,0.291394,0.470591,2.209288
1984-09-21,0.000000,Training,-0.351984,-0.093246,-0.057213,-0.067139,-0.019828,-0.014413,0.044093,0.116812,0.297588,0.478953,2.229792
1984-09-22,0.000000,Training,-0.346142,-0.091231,-0.055791,-0.066804,-0.018324,-0.013087,0.045983,0.120987,0.304401,0.489094,2.252776
1984-09-23,0.000000,Training,-0.341110,-0.089541,-0.054885,-0.066566,-0.016995,-0.011774,0.047745,0.124894,0.311313,0.499302,2.277031
1984-09-24,0.000000,Training,-0.338277,-0.089027,-0.055677,-0.066860,-0.016537,-0.010655,0.049064,0.128523,0.319840,0.512009,2.310167
1984-09-25,0.000000,Training,-0.331878,-0.085599,-0.057839,-0.066581,-0.017271,-0.010188,0.047610,0.128185,0.328737,0.533781,2.381646
1984-09-26,0.000000,Training,-0.323075,-0.081958,-0.048041,-0.063115,-0.009060,-0.005119,0.056093,0.138377,0.329980,0.524522,2.330945
1984-09-27,0.000000,Training,-0.331041,-0.085935,-0.054375,-0.066276,-0.011999,-0.007764,0.054645,0.137261,0.331849,0.527638,2.347530
1984-09-28,0.000000,Training,-0.317740,-0.081179,-0.047546,-0.062082,-0.005453,-0.000263,0.061787,0.148782,0.348020,0.548335,2.387604
1984-09-29,0.000000,Training,-0.321474,-0.083667,-0.049737,-0.063960,-0.008266,-0.002342,0.059831,0.147065,0.346704,0.544811,2.379690
1984-09-30,0.000000,Training,-0.326841,-0.087044,-0.052980,-0.066213,-0.011333,-0.004517,0.057918,0.145313,0.346216,0.542873,2.377301
1984-10-01,0.000000,Validation,-0.325139,-0.086585,-0.055314,-0.067021,-0.010072,-0.003547,0.060147,0.149871,0.354828,0.555974,2.412424
1984-10-02,0.000000,Validation,-0.332765,-0.096001,-0.080984,-0.080348,-0.015173,-0.012149,0.056468,0.149051,0.363519,0.597186,2.572469
1984-10-03,0.000000,Validation,-0.318337,-0.088034,-0.054578,-0.059993,0.006743,0.017976,0.082292,0.184665,0.417288,0.648350,2.651890
1984-10-04,0.000000,Validation,-0.349595,-0.109374,-0.092671,-0.085074,-0.015033,-0.008017,0.062890,0.162093,0.399803,0.656801,2.769240
1984-10-05,0.000000,Validation,-0.332522,-0.105575,-0.066105,-0.062043,0.012931,0.031498,0.097977,0.213245,0.481328,0.746150,2.929492
1984-10-06,0.000000,Validation,-0.321641,-0.099341,-0.061794,-0.057565,0.016761,0.036676,0.106060,0.224887,0.490931,0.750635,2.886754
1984-10-07,0.000000,Validation,-0.333028,-0.106971,-0.070012,-0.068182,0.002244,0.022158,0.089534,0.207538,0.473499,0.723761,2.865689
1984-10-08,0.000000,Validation,-0.334448,-0.106376,-0.071218,-0.071698,-0.005168,0.014512,0.082433,0.198935,0.457576,0.695803,2.784286
1984-10-09,0.000000,Validation,-0.332051,-0.106558,-0.072451,-0.072738,-0.006417,0.014487,0.082318,0.201629,0.461819,0.698312,2.777366
1984-10-10,0.000000,Validation,-0.334398,-0.107856,-0.074511,-0.075649,-0.011955,0.009429,0.076923,0.195671,0.451779,0.681059,2.727466
1984-10-11,0.000000,Validation,-0.344328,-0.112479,-0.079094,-0.080145,-0.020662,0.001695,0.068880,0.185034,0.435727,0.655071,2.658025
1984-10-12,0.000000,Validation,-0.347195,-0.114678,-0.081364,-0.082170,-0.023929,-0.000590,0.066580,0.182976,0.432860,0.648545,2.634363
1984-10-13,0.000000,Validation,-0.346780,-0.115351,-0.082313,-0.083108,-0.025177,-0.001104,0.066035,0.183636,0.434014,0.648413,2.626746
1984-10-14,0.000000,Validation,-0.342430,-0.114070,-0.081656,-0.082477,-0.023739,0.000966,0.068240,0.188224,0.441442,0.657925,2.643617
1984-10-15,0.000000,Validation,-0.340461,-0.113541,-0.081884,-0.082335,-0.023519,0.001924,0.069165,0.190510,0.446184,0.664206,2.655846
1984-10-16,0.000000,Validation,-0.342753,-0.115739,-0.083123,-0.083121,-0.024301,0.002151,0.069816,0.192734,0.449870,0.666218,2.653144
1984-10-17,0.000000,Validation,-0.335196,-0.113169,-0.080960,-0.080727,-0.019364,0.007841,0.075972,0.202714,0.465364,0.686690,2.696608
1984-10-18,0.000000,Validation,-0.325231,-0.110640,-0.079747,-0.074669,-0.007952,0.022380,0.091741,0.227160,0.504461,0.737816,2.798129
1984-10-19,0.000000,Validation,-0.359369,-0.172023,-0.149506,-0.109704,-0.006863,0.034781,0.125426,0.290161,0.705337,1.194083,4.430573
1984-10-20,0.000000,Validation,-0.472766,-0.240145,-0.183319,-0.102654,0.010895,0.097838,0.172973,0.396047,1.049257,1.636388,5.959976
1984-10-21,0.000000,Validation,-0.404917,-0.184939,-0.125862,-0.074664,0.032943,0.106294,0.190502,0.398051,0.925426,1.395119,4.775217
1984-10-22,0.000000,Validation,-0.424403,-0.202036,-0.149818,-0.099270,-0.008069,0.064165,0.140195,0.341083,0.862984,1.322822,4.649845
1984-10-23,0.000000,Validation,-0.379384,-0.158395,-0.111447,-0.085486,-0.003909,0.048139,0.127742,0.302095,0.700518,1.033945,3.685367
1984-10-24,0.000000,Validation,-0.357357,-0.141036,-0.100590,-0.078273,0.001363,0.048616,0.129498,0.300766,0.672626,0.978967,3.473639
1984-10-25,0.000000,Validation,-0.339242,-0.119756,-0.088357,-0.073787,0.000819,0.037480,0.118358,0.272598,0.600416,0.877228,3.200876
1984-10-26,0.000000,Validation,-0.324424,-0.108780,-0.076065,-0.067713,0.003731,0.038329,0.117216,0.265476,0.573096,0.832027,3.054500
1984-10-27,0.000000,Validation,-0.347697,-0.119671,-0.100911,-0.086812,-0.018759,0.010902,0.090853,0.231608,0.530040,0.791274,3.012433
1984-10-28,0.000000,Validation,-0.334137,-0.114192,-0.080511,-0.075974,-0.009750,0.023974,0.099428,0.240540,0.534420,0.782224,2.946563
1984-10-29,0.000000,Validation,-0.326819,-0.110903,-0.077782,-0.074647,-0.008524,0.024956,0.100199,0.241194,0.530634,0.772754,2.906494
1984-10-30,0.000000,Validation,-0.324435,-0.112911,-0.079898,-0.074127,-0.005360,0.029791,0.104598,0.250177,0.546969,0.793546,2.946982
1984-10-31,0.000000,Validation,-0.323560,-0.112075,-0.081413,-0.074530,-0.006420,0.028939,0.103970,0.250075,0.545334,0.787810,2.921395
1984-11-01,0.000000,Validation,-0.334128,-0.120410,-0.104643,-0.085473,-0.011803,0.021446,0.100041,0.250569,0.557383,0.825237,3.055172
1984-11-02,0.000000,Validation,-0.348550,-0.147287,-0.134756,-0.096476,-0.006024,0.037326,0.123199,0.293565,0.655329,1.012907,3.581637
1984-11-03,0.161056,Validation,-0.362770,-0.151026,-0.110605,-0.053714,0.041918,0.106311,0.196305,0.397321,0.805611,1.178302,3.828957
1984-11-04,0.161056,Validation,-0.637392,-0.353558,-0.309548,-0.068142,0.273660,0.561349,0.882823,1.791139,5.002956,7.777365,27.008896
1984-11-05,0.161056,Validation,-0.686306,-0.304429,-0.172605,0.378751,1.215688,1.814264,2.618217,5.232818,14.194995,20.461552,60.861107
1984-11-06,0.161056,Validation,-0.687034,-0.389159,-0.198523,0.249600,1.251251,1.750399,2.592365,5.904724,17.190372,27.897408,82.229820
1984-11-07,0.161056,Validation,-0.587366,-0.055305,0.281096,1.517300,4.301327,5.901490,8.778668,20.101179,59.646431,89.628479,221.211334
1984-11-08,30.600581,Validation,-0.440883,0.209166,0.707999,2.596723,6.764427,8.845394,12.932247,28.857876,79.135223,120.237114,288.380310
1984-11-09,28.667912,Validation,-0.476844,0.154415,0.498707,2.041389,4.864151,6.444300,9.166380,19.481237,52.206642,78.957451,195.013077
1984-11-10,23.997297,Validation,-0.446035,0.051323,0.349318,1.209708,2.270842,3.048710,4.054826,7.301917,16.726292,23.686110,58.213993
1984-11-11,16.588736,Validation,-0.477842,-0.142171,0.055524,0.466296,0.932468,1.314838,1.767336,3.048454,6.717666,9.710275,24.026892
1984-11-12,13.206566,Validation,-0.664265,-0.328336,-0.141240,0.492930,1.626165,2.304353,3.569843,7.505071,20.889109,32.366905,82.853188
1984-11-13,13.689733,Validation,-0.575913,-0.135313,0.178577,1.156018,2.416089,3.363074,4.788166,8.747416,20.570845,28.847889,70.174606
1984-11-14,14.333956,Validation,-0.583340,-0.258358,-0.063723,0.455587,1.029922,1.464391,2.097004,3.730615,8.465739,12.447467,30.468725
1984-11-15,13.206566,Validation,-0.580227,-0.298241,-0.116908,0.306665,0.754460,1.090862,1.586858,2.783365,6.243474,9.380219,23.001987
1984-11-16,13.367622,Validation,-0.749768,-0.519427,-0.164081,0.617270,2.488354,3.168686,5.595041,12.252004,32.100208,54.489609,141.190445
1984-11-17,34.304861,Validation,-0.327666,0.482289,1.405127,4.538439,9.373530,12.236459,17.199949,31.351221,63.747414,90.898933,232.497437
1984-11-18,31.405859,Validation,-0.316227,0.364955,1.126476,3.492832,6.373735,8.622006,11.653117,19.089508,37.557144,51.956306,130.040344
1984-11-19,23.030963,Validation,0.136695,0.958671,1.936766,4.529214,7.164606,9.671810,12.176361,17.341675,30.154730,39.398643,91.328476
1984-11-20,18.682460,Validation,-0.177951,0.360434,0.952385,2.447806,3.950807,5.157347,6.657368,9.458043,16.184204,21.609842,46.731918
1984-11-21,17.071903,Validation,-0.362018,0.025411,0.442331,1.457089,2.458932,3.228845,4.240496,6.239313,10.874123,14.712880,31.083862
1984-11-22,15.139235,Validation,-0.405541,-0.060240,0.276094,1.121694,1.896966,2.519755,3.318728,4.966530,8.468715,11.287369,23.329449
1984-11-23,12.884455,Validation,-0.494260,-0.210412,0.015281,0.620009,1.123735,1.562161,2.112983,3.336211,5.787513,7.689447,16.038582
1984-11-24,11.918121,Validation,-0.519790,-0.258684,-0.068344,0.450902,0.864725,1.239934,1.700569,2.759876,4.865491,6.470038,13.723025
1984-11-25,10.951787,Validation,-0.545415,-0.314759,-0.138441,0.301267,0.649899,0.971046,1.356865,2.278295,4.215449,5.754504,12.516119
1984-11-26,10.468620,Validation,-0.559621,-0.354275,-0.212195,0.121521,0.383309,0.634799,0.919644,1.642175,3.236449,4.503533,10.420620
1984-11-27,9.824397,Validation,-0.554714,-0.361510,-0.235231,0.038156,0.248579,0.467225,0.690237,1.301918,2.661151,3.716585,8.969678
1984-11-28,9.019119,Validation,-0.533684,-0.339957,-0.237265,0.002466,0.181792,0.376829,0.572672,1.112181,2.228147,3.075705,7.546793
1984-11-29,9.019119,Validation,-0.660230,-0.479971,-0.383907,-0.092694,0.173855,0.442676,0.764676,1.589361,3.736677,5.784307,15.160602
1984-11-30,10.790731,Validation,-0.812463,-0.576777,-0.326954,0.451079,2.189651,3.272626,5.430540,12.385222,32.928471,50.242596,132.251480
1984-12-01,18.360348,Validation,-0.746507,-0.438368,-0.183859,0.634744,1.788132,2.747495,4.056468,7.963037,19.417892,27.636143,69.277367
1984-12-02,16.588736,Validation,-0.703872,-0.434101,-0.217129,0.384996,1.033997,1.623185,2.351773,4.368250,9.968369,14.583138,34.877811
1984-12-03,14.978179,Validation,-0.659432,-0.438150,-0.241834,0.157849,0.556669,0.920461,1.350740,2.491029,5.721728,8.627005,20.933764
1984-12-04,13.045511,Validation,-0.620034,-0.402607,-0.237670,0.127659,0.465194,0.762140,1.138273,2.073910,4.549278,6.758096,16.122986
1984-12-05,11.918121,Validation,-0.616009,-0.401095,-0.265401,0.078104,0.381255,0.646917,0.990637,1.849653,4.020187,5.951222,14.334332
1984-12-06,11.918121,Validation,-0.739070,-0.370799,0.005435,1.341072,4.565302,6.272342,11.601027,24.856987,62.252605,94.639381,218.384109
1984-12-07,10.790731,Validation,0.254410,1.880511,3.047852,10.834208,24.384256,30.731855,47.537975,89.007843,169.010788,220.581299,470.387604
1984-12-08,15.944513,Validation,2.368419,5.685407,8.158038,24.406744,46.523266,56.754524,82.243538,134.693268,219.976547,283.118866,570.421143
1984-12-09,28.023690,Validation,0.399529,1.804941,3.304203,8.778287,15.464927,20.981192,26.915489,44.282215,78.672646,101.908325,227.345566
1984-12-10,22.064629,Validation,-0.396976,0.115314,0.741032,2.299966,4.139338,5.735403,7.540220,12.268708,23.905682,32.974937,72.246941
1984-12-11,18.682460,Validation,-0.484335,-0.127353,0.290355,1.179438,2.160776,2.960040,3.955811,6.267383,12.014680,16.923923,35.909111
1984-12-12,50.249375,Validation,-0.547479,-0.018094,0.622955,2.887563,7.246210,9.634267,16.518406,31.688162,70.416626,102.779671,242.294266
1984-12-13,52.020987,Validation,0.173077,1.460602,2.606769,7.511946,13.078408,18.070221,23.910387,38.407928,68.716713,87.522552,195.707581
1984-12-14,33.499583,Validation,-0.375014,0.181526,0.755779,2.433312,4.237763,5.912599,7.811647,12.392933,23.219027,31.183035,67.938797
1984-12-15,74.890895,Validation,-0.446010,0.008883,0.473036,1.725013,3.114060,4.168900,5.649035,8.833298,16.846481,23.848246,52.867619
1984-12-16,48.638818,Validation,-0.447550,-0.086945,0.307055,1.240185,2.197991,2.940631,3.935868,6.045898,11.072967,15.454651,32.714703
1984-12-17,30.278469,Validation,-0.418166,-0.066252,0.277010,1.126058,1.916726,2.580464,3.398232,5.175985,8.941688,11.979955,24.638447
1984-12-18,23.836242,Validation,-0.471694,-0.153551,0.110498,0.825382,1.458106,1.981765,2.657285,4.146797,7.211731,9.674941,20.187819
1984-12-19,20.293017,Validation,-0.508064,-0.235753,-0.034569,0.505888,0.959312,1.369601,1.848298,2.989469,5.226648,6.882107,14.483423
1984-12-20,18.199293,Validation,-0.520013,-0.266882,-0.090561,0.384314,0.765832,1.122675,1.533252,2.534846,4.481368,5.909026,12.570642
1984-12-21,17.071903,Validation,-0.533157,-0.303340,-0.130611,0.294933,0.634528,0.952062,1.318079,2.229671,4.068201,5.498037,11.854127
1984-12-22,15.622402,Validation,-0.538129,-0.316069,-0.150821,0.251473,0.564982,0.865451,1.200820,2.063986,3.798834,5.137026,11.172190
1984-12-23,14.333956,Validation,-0.539329,-0.312693,-0.166889,0.223147,0.511109,0.802261,1.112176,1.939113,3.524827,4.662615,10.250225
1984-12-24,13.206566,Validation,-0.541373,-0.321400,-0.191061,0.161766,0.418433,0.685877,0.960457,1.712999,3.148375,4.155779,9.325438
1984-12-25,13.045511,Validation,-0.530496,-0.322863,-0.216967,0.067749,0.276265,0.504222,0.721897,1.347492,2.521255,3.322107,7.771776
1984-12-26,11.918121,Validation,-0.515752,-0.317351,-0.226344,0.009800,0.191480,0.392898,0.573520,1.111874,2.107612,2.775186,6.745802
1984-12-27,11.918121,Validation,-0.498541,-0.305203,-0.227722,-0.028946,0.124797,0.301784,0.451989,0.922304,1.775179,2.331074,5.882751
1984-12-28,11.918121,Test,-0.500048,-0.304787,-0.227167,-0.024028,0.119388,0.292188,0.438489,0.910168,1.772559,2.343218,5.896219
1984-12-29,10.951787,Test,-0.501092,-0.308031,-0.227463,-0.026284,0.113320,0.283152,0.424410,0.892665,1.761401,2.355412,5.929383
1984-12-30,10.790731,Test,-0.508710,-0.316554,-0.233673,-0.030461,0.124313,0.304594,0.451341,0.930409,1.823797,2.415741,6.079332
1984-12-31,9.824397,Test,-0.475856,-0.294586,-0.222633,-0.071049,0.065518,0.222598,0.336183,0.735028,1.455735,1.924484,5.126916
1985-01-01,9.824397,Training,-0.482652,-0.293925,-0.223819,-0.056986,0.074219,0.232152,0.350448,0.766658,1.524065,2.010338,5.268631
1985-01-02,9.824397,Training,-0.493980,-0.311146,-0.233133,-0.062977,0.085394,0.255728,0.378065,0.810080,1.607854,2.142754,5.585796
1985-01-03,9.824397,Training,-0.470562,-0.278343,-0.227070,-0.067689,0.062893,0.203547,0.320909,0.710434,1.423210,1.909871,5.158861
1985-01-04,12.079177,Training,-0.771386,-0.533433,-0.376104,0.079582,0.772854,1.365199,2.079460,4.545422,13.508066,20.432005,59.207035
1985-01-05,65.549665,Training,-0.348084,0.601766,1.257439,5.029108,13.343195,16.895323,25.905863,55.461224,127.669571,162.371719,357.811066
1985-01-06,44.129258,Training,-0.402253,0.416118,1.023720,3.783868,8.245957,11.119711,14.942449,28.225765,61.328144,81.927521,186.015457
1985-01-07,28.990024,Training,-0.551828,-0.173366,0.181489,1.004971,2.061397,3.012451,3.783126,6.746093,14.587028,20.520565,46.172005
1985-01-08,23.030963,Training,-0.508989,-0.266582,-0.037900,0.348620,0.871042,1.352450,1.716350,2.906688,5.789182,8.363724,19.963264
1985-01-09,19.487738,Training,-0.486046,-0.248464,-0.045684,0.361485,0.840818,1.286372,1.671140,2.746167,5.059634,7.106606,16.998020
1985-01-10,17.877181,Training,-0.502572,-0.267905,-0.069758,0.302063,0.742181,1.133828,1.485718,2.483371,4.583413,6.388293,14.312853
1985-01-11,17.071903,Training,-0.492957,-0.274715,-0.102393,0.247609,0.635507,1.000780,1.319464,2.203182,3.967272,5.461412,12.771894
1985-01-12,17.071903,Training,-0.497561,-0.286612,-0.128272,0.207180,0.562306,0.904194,1.201688,2.025604,3.635890,4.978019,11.852210
1985-01-13,24.641520,Training,-0.552128,-0.262844,-0.112952,0.559317,1.507627,2.323804,3.517370,5.727276,12.492752,19.566313,54.972706
1985-01-14,43.968203,Training,-0.547222,-0.144205,0.196651,1.170139,2.618607,3.871488,5.032050,8.446089,18.654654,27.928684,75.922821
1985-01-15,32.533249,Training,-0.497598,-0.210121,0.023048,0.599741,1.284371,1.915288,2.507251,4.131902,8.201085,12.009721,33.154716
1985-01-16,26.735244,Training,-0.243213,0.224942,0.778505,1.881270,3.362046,4.618880,5.811873,8.619791,15.561938,22.391125,56.495472
1985-01-17,190.367823,Training,1.420740,3.816736,5.329480,14.734591,27.113266,33.168316,44.738728,69.167831,109.271675,143.197205,285.853455
1985-01-18,73.924561,Training,2.223660,4.989531,7.201497,16.907475,27.448795,35.440853,42.467445,62.135494,93.971581,118.963310,242.723007
1985-01-19,47.994595,Training,2.312696,4.959373,6.662945,16.418409,26.795980,33.183037,41.268753,60.007668,91.040192,117.278488,231.770370
1985-01-20,285.551734,Training,5.878809,11.072295,15.706820,41.271118,73.504799,87.851952,114.090904,174.628525,253.682007,330.055695,599.728699
1985-01-21,613.139003,Training,13.729523,25.667046,36.209736,94.455429,148.887222,186.418823,223.652267,321.536682,447.567261,579.763855,993.250488
1985-01-22,201.319610,Training,14.149715,22.901234,29.179499,69.666069,108.058746,128.097061,154.823486,212.117050,289.495514,374.654816,655.104187
1985-01-23,73.119282,Training,8.033163,14.201404,17.194498,40.247044,59.461636,72.193581,83.080215,114.405556,159.185333,200.934830,390.009583
1985-01-24,25.929966,Training,2.194768,4.292730,6.297882,12.945694,19.417538,25.908812,28.908432,41.136787,63.381599,78.818077,178.532455
1985-01-25,16.588736,Training,1.139547,2.720688,3.942429,8.517035,12.809080,16.533644,19.893305,27.989254,45.493568,57.899509,129.966461
1985-01-26,45.739815,Training,1.552986,3.492792,4.793205,11.147752,16.863214,21.361195,26.474615,37.285561,59.121517,75.329605,162.023483
1985-01-27,22.547796,Training,0.497607,1.540896,2.648114,5.529124,8.683304,11.662391,13.950488,19.905746,33.413933,43.319630,99.242668
1985-01-28,14.495012,Training,0.286547,1.109232,1.967369,4.076931,6.169809,8.172981,9.948442,13.882900,22.683365,28.712538,64.598663
1985-01-29,10.307564,Training,0.190104,0.902085,1.613976,3.384012,5.045775,6.540319,8.032659,11.060146,17.548517,21.948490,48.580666
1985-01-30,8.052784,Training,0.038503,0.633723,1.238974,2.705061,4.092701,5.275355,6.518978,9.060946,14.337651,18.087477,39.340118
1985-01-31,6.764339,Training,-0.020461,0.507912,1.097754,2.426582,3.770275,4.812017,5.972160,8.305997,13.305184,17.154293,37.427029
1985-02-01,6.442228,Training,-0.449149,-0.181390,0.129610,0.763346,1.361924,1.872532,2.412652,3.857311,6.716702,9.186158,18.944044
1985-02-02,5.959060,Training,-0.462860,-0.191141,0.082455,0.691309,1.217346,1.700680,2.184092,3.528795,6.025895,8.011646,16.514606
1985-02-03,5.636949,Training,-0.477376,-0.218127,0.049814,0.632210,1.130665,1.588992,2.041020,3.327266,5.714551,7.627841,15.786536
1985-02-04,4.992726,Training,-0.497366,-0.258711,0.006770,0.549108,1.023293,1.448698,1.869439,3.088600,5.436838,7.419331,15.525021
1985-02-05,4.992726,Training,-0.532675,-0.315289,-0.089823,0.373050,0.762617,1.121236,1.470174,2.526264,4.598872,6.385489,13.646428
1985-02-06,4.509559,Training,-0.546547,-0.334550,-0.104232,0.359798,0.755535,1.116014,1.461970,2.531126,4.723819,6.696045,14.570293
1985-02-07,4.670615,Training,-0.629299,-0.425377,-0.242976,0.201163,0.589417,0.957699,1.358563,2.518003,5.326199,8.243623,19.537296
1985-02-08,4.992726,Training,-0.738995,-0.501082,-0.300260,0.255393,0.864789,1.446689,1.995065,3.946064,9.535418,14.817672,38.686539
1985-02-09,197.937440,Training,-0.608829,-0.086690,0.596084,2.835400,7.580940,10.084972,14.531195,32.489697,77.129646,111.019127,264.384888
1985-02-10,57.496881,Training,-0.546499,0.014788,0.689216,2.836068,7.184637,9.286994,12.931538,26.871294,58.787788,86.808960,206.624222
1985-02-11,26.091021,Training,-0.693468,-0.401111,0.044206,0.976076,2.872777,3.810629,5.282795,11.599966,27.274199,43.793713,109.691208
1985-02-12,17.394014,Training,-0.667169,-0.375328,0.021935,0.843116,2.066436,2.896891,3.897861,7.665048,17.559032,27.442213,66.417458
1985-02-13,12.079177,Training,-0.649574,-0.375511,-0.079362,0.572061,1.370698,1.982946,2.715169,5.071928,11.170535,17.365681,40.305084
1985-02-14,8.858063,Training,-0.604349,-0.361281,-0.108341,0.404728,0.923205,1.380019,1.858445,3.370311,6.933485,10.389170,23.212048
1985-02-15,7.569617,Training,-0.557858,-0.325812,-0.109485,0.344698,0.755594,1.137740,1.529852,2.714663,5.196394,7.475535,16.203173
1985-02-16,6.764339,Training,-0.613507,-0.365697,-0.150999,0.410666,0.972234,1.445610,2.046069,3.707378,7.491883,11.381253,25.683146
1985-02-17,12.401288,Training,-0.677551,-0.312495,-0.012761,1.072676,2.465202,3.736349,5.198192,10.033300,22.419638,32.516140,78.467781
1985-02-18,11.434954,Training,-0.601895,-0.105393,0.243206,1.733024,3.667907,5.432666,7.204806,13.448449,28.681946,39.485065,93.326775
1985-02-19,8.858063,Training,-0.510281,0.069368,0.497494,2.289906,4.488053,6.476484,8.456872,15.131667,30.445835,41.762997,95.855927
1985-02-20,154.935572,Training,3.040631,8.190635,11.973010,36.454620,65.395081,86.376755,105.378738,170.198425,246.539993,297.648163,540.412903
1985-02-21,134.803611,Training,7.447619,13.582983,16.895267,41.184296,65.429520,80.685799,95.924019,132.943222,181.756882,226.527557,400.849396
1985-02-22,38.009142,Training,3.367648,6.313012,8.829428,18.852652,27.525957,36.418587,41.278614,57.201385,80.702202,98.621643,195.513046
1985-02-23,19.165627,Training,1.700829,3.345146,5.051453,10.088580,14.411521,19.060192,21.973452,29.658859,43.540913,53.816971,112.886520
1985-02-24,12.562344,Training,0.774462,1.785048,2.903005,5.624048,8.185489,10.505916,12.605894,16.625259,25.102114,31.484800,66.818687
1985-02-25,9.824397,Training,0.115012,0.827623,1.565295,3.521304,5.487478,6.979810,8.903902,12.346415,19.677938,26.355547,56.521492
1985-02-26,43.807147,Training,-0.244327,0.396507,1.025202,3.118361,5.334011,7.203657,9.676734,15.086860,26.849150,37.923500,83.738731
1985-02-27,46.061927,Training,-0.132094,0.659661,1.449770,4.157835,7.000635,9.596219,12.241369,19.106499,33.303192,45.559994,101.863800
1985-02-28,19.165627,Training,-0.208252,0.450275,1.188776,3.402020,5.818147,7.898615,10.223577,15.845080,27.985580,39.490604,88.714302
1985-03-01,12.079177,Training,-0.226804,0.355952,0.990595,2.743748,4.458820,6.047990,7.646675,11.564450,19.753672,27.112471,59.571339
1985-03-02,8.535951,Training,-0.312131,0.134360,0.631493,1.832269,2.972191,4.049720,5.078996,7.698835,12.943437,17.388817,37.364796
1985-03-03,6.764339,Training,-0.352382,0.030138,0.453240,1.425000,2.329426,3.161195,3.970828,6.059823,10.030800,13.375105,28.324902
1985-03-04,5.798005,Training,-0.425494,-0.108106,0.226460,0.971973,1.646778,2.278335,2.876383,4.516596,7.518604,9.967831,20.842857
1985-03-05,4.831671,Training,-0.452527,-0.161221,0.135659,0.784783,1.366924,1.918791,2.422356,3.855194,6.441175,8.480521,17.736320
1985-03-06,4.348504,Training,-0.465641,-0.184887,0.100287,0.722623,1.264124,1.785662,2.257902,3.629841,6.107428,8.056072,16.894188
1985-03-07,3.704281,Training,-0.510751,-0.263492,-0.017372,0.511519,0.945259,1.378667,1.769557,2.966308,5.173367,6.993462,14.772044
1985-03-08,3.382169,Training,-0.541077,-0.322914,-0.105002,0.340793,0.693114,1.053831,1.372221,2.404318,4.382399,6.129353,13.161311
1985-03-09,3.221114,Training,-0.555757,-0.350433,-0.161373,0.226145,0.518614,0.828169,1.091129,1.986243,3.740070,5.311141,11.672668
1985-03-10,3.060058,Training,-0.564078,-0.379175,-0.196821,0.132815,0.386153,0.657328,0.865898,1.647712,3.272101,4.794611,10.878248
1985-03-11,3.060058,Training,-0.530504,-0.344001,-0.215975,0.038354,0.217993,0.426815,0.575544,1.167710,2.314942,3.317825,7.839816
1985-03-12,2.737947,Training,-0.494704,-0.309209,-0.211582,-0.011173,0.130224,0.299765,0.410722,0.886108,1.762001,2.492939,6.188075
1985-03-13,2.415835,Training,-0.492560,-0.299297,-0.213182,-0.012045,0.124987,0.296476,0.407211,0.873396,1.705081,2.333733,5.815182
1985-03-14,2.254780,Training,-0.494528,-0.300969,-0.213834,-0.009762,0.125922,0.297777,0.407560,0.876051,1.716648,2.359616,5.861507
1985-03-15,2.254780,Training,-0.511380,-0.317618,-0.218239,0.007927,0.154166,0.339314,0.458460,0.966978,1.907617,2.659869,6.464157
1985-03-16,2.254780,Training,-0.497811,-0.305505,-0.214306,-0.007253,0.126631,0.297736,0.403374,0.872608,1.740016,2.434019,6.036330
1985-03-17,2.093724,Training,-0.464077,-0.271668,-0.200434,-0.033034,0.079711,0.226291,0.310185,0.705241,1.408329,1.938548,5.040124
1985-03-18,1.932668,Training,-0.445546,-0.256518,-0.188068,-0.037803,0.067478,0.201176,0.275999,0.642792,1.289917,1.796071,4.754780
1985-03-19,1.932668,Training,-0.406055,-0.221826,-0.163616,-0.048099,0.050111,0.157694,0.220693,0.531713,1.062426,1.501639,4.177133
1985-03-20,1.932668,Training,-0.396863,-0.210071,-0.154891,-0.048605,0.045464,0.149802,0.209336,0.505696,0.997560,1.384007,3.922135
1985-03-21,2.093724,Training,-0.399668,-0.222646,-0.156971,-0.065661,0.035405,0.132430,0.177772,0.464457,0.993610,1.471962,4.359367
1985-03-22,2.254780,Training,-0.409512,-0.231208,-0.157951,-0.061901,0.038413,0.144080,0.189416,0.484735,1.038992,1.524474,4.447333
1985-03-23,2.254780,Training,-0.407870,-0.223125,-0.159194,-0.047715,0.047597,0.158857,0.215343,0.521997,1.055559,1.486342,4.184694
1985-03-24,2.254780,Training,-0.407413,-0.221009,-0.160232,-0.047168,0.045910,0.156752,0.214908,0.522807,1.049631,1.469928,4.121381
1985-03-25,2.254780,Training,-0.400453,-0.218106,-0.156255,-0.052889,0.043318,0.146455,0.201514,0.499239,1.024319,1.476597,4.206556
1985-03-26,2.254780,Training,-0.400786,-0.213311,-0.155111,-0.045462,0.045226,0.153555,0.211659,0.513528,1.023040,1.430840,4.019150
1985-03-27,2.093724,Training,-0.395914,-0.210936,-0.151037,-0.047152,0.042338,0.147440,0.201931,0.496715,1.001953,1.420443,4.019350
1985-03-28,1.932668,Training,-0.393649,-0.205218,-0.150340,-0.044251,0.042113,0.147301,0.203814,0.497425,0.985976,1.373575,3.876924
1985-03-29,1.771613,Training,-0.393428,-0.203551,-0.150612,-0.043090,0.041301,0.146998,0.202901,0.496383,0.984134,1.365591,3.854102
1985-03-30,1.771613,Training,-0.389814,-0.201111,-0.146848,-0.042646,0.040948,0.144329,0.197781,0.486689,0.971500,1.362013,3.856193
1985-03-31,1.610557,Training,-0.388240,-0.200258,-0.144795,-0.042899,0.040040,0.142010,0.192630,0.477837,0.964133,1.363806,3.880559
1985-04-01,1.610557,Training,-0.384912,-0.201192,-0.140690,-0.058163,0.022359,0.116701,0.153387,0.419555,0.905024,1.317351,3.938393
1985-04-02,1.449501,Training,-0.383082,-0.199094,-0.139025,-0.062713,0.015046,0.105711,0.138333,0.396003,0.871796,1.275504,3.889455
1985-04-03,1.288446,Training,-0.388916,-0.196300,-0.137973,-0.078250,-0.014583,0.066299,0.088626,0.319254,0.754603,1.122739,3.645560
1985-04-04,1.288446,Training,-0.374782,-0.190517,-0.139639,-0.057895,0.022468,0.107378,0.144565,0.398368,0.855007,1.268060,3.852217
1985-04-05,1.288446,Training,-0.380708,-0.190570,-0.140951,-0.048649,0.032826,0.123481,0.164639,0.425911,0.889202,1.307055,3.878200
1985-04-06,1.288446,Training,-0.383145,-0.192582,-0.144377,-0.056803,0.021886,0.107333,0.135257,0.385650,0.860340,1.321947,4.124732
1985-04-07,1.127390,Training,-0.393092,-0.203580,-0.152464,-0.056799,0.028140,0.116863,0.143218,0.400130,0.896444,1.403816,4.378709
1985-04-08,1.127390,Training,-0.427591,-0.234930,-0.179780,-0.054219,0.043830,0.151151,0.174647,0.467716,1.066070,1.713915,5.240508
1985-04-09,1.127390,Training,-0.427640,-0.222539,-0.163820,-0.031141,0.069034,0.186755,0.228047,0.536799,1.124152,1.660375,4.837578
1985-04-10,0.966334,Training,-0.422813,-0.219930,-0.170247,-0.025161,0.081200,0.198001,0.243965,0.565997,1.166890,1.759328,5.007634
1985-04-11,1.127390,Training,-0.429552,-0.232752,-0.158428,-0.039986,0.050348,0.170757,0.190701,0.493725,1.111576,1.705748,5.117253
1985-04-12,1.127390,Training,-0.419258,-0.214170,-0.144200,-0.053699,0.010039,0.110891,0.115822,0.369528,0.897907,1.425620,4.603765
1985-04-13,0.966334,Training,-0.405527,-0.198242,-0.134437,-0.053894,0.003834,0.095199,0.104803,0.341617,0.817565,1.276732,4.149339
1985-04-14,0.805278,Training,-0.376320,-0.173645,-0.119348,-0.046237,0.014206,0.097031,0.115737,0.349623,0.794342,1.207541,3.874358
1985-04-15,0.644223,Training,-0.351483,-0.142867,-0.098170,-0.041925,0.010234,0.078141,0.100858,0.306242,0.679520,1.023480,3.398688
1985-04-16,0.483167,Training,-0.348638,-0.123692,-0.085796,-0.041537,-0.001814,0.054800,0.079157,0.252511,0.564843,0.851484,2.975243
1985-04-17,0.161056,Training,-0.325078,-0.108204,-0.072864,-0.037001,0.005344,0.056310,0.084079,0.253594,0.545655,0.818044,2.871622
1985-04-18,0.161056,Training,-0.317496,-0.097033,-0.065901,-0.035550,0.003848,0.048323,0.077607,0.234577,0.499626,0.752971,2.711012
1985-04-19,0.000000,Training,-0.311520,-0.086850,-0.059516,-0.033393,0.003878,0.041664,0.072680,0.217139,0.457160,0.697619,2.579919
1985-04-20,0.000000,Training,-0.335957,-0.073374,0.019847,0.226447,0.285699,0.377035,0.388466,0.596468,0.975070,1.526515,4.008207
1985-04-21,0.000000,Training,-0.424296,-0.141762,-0.092032,0.058287,0.193032,0.313565,0.347762,0.671507,1.363301,2.008698,6.262783
1985-04-22,0.000000,Training,-0.363570,-0.115965,-0.077265,0.043661,0.146604,0.241916,0.282925,0.558986,1.044415,1.580041,4.617152
1985-04-23,0.000000,Training,-0.353287,-0.011294,0.017816,0.320704,0.494918,0.707837,0.721071,1.222418,2.256381,3.210779,7.766586
1985-04-24,0.000000,Training,-0.295141,0.305879,0.313261,0.983549,1.485306,1.949621,1.985542,3.359401,6.516924,8.797589,20.547503
1985-04-25,0.483167,Training,-0.183244,0.566507,0.599484,1.513520,2.226125,2.805366,2.856137,4.775165,9.123528,12.495641,27.505207
1985-04-26,0.322111,Training,-0.186619,0.509777,0.538942,1.295927,1.919608,2.381218,2.456326,4.320166,8.430837,11.950061,28.455610
1985-04-27,0.966334,Training,-0.284005,0.196134,0.268764,0.663519,0.971534,1.222215,1.275180,2.198387,4.243397,6.107799,15.346359
1985-04-28,0.966334,Training,-0.282784,0.070599,0.141770,0.356606,0.522255,0.676057,0.734560,1.230797,2.276926,3.267354,8.269159
1985-04-29,0.805278,Training,-0.333633,-0.046168,0.030246,0.181566,0.277425,0.400859,0.429901,0.784868,1.583579,2.366080,6.549728
1985-04-30,0.805278,Training,-0.366346,-0.081121,-0.021243,0.126125,0.170458,0.275433,0.290232,0.564762,1.182567,1.853763,5.405881
1985-05-01,0.644223,Training,-0.379369,-0.112057,-0.062668,0.090212,0.132677,0.235974,0.253758,0.529292,1.142967,1.809192,5.287986
1985-05-02,0.483167,Training,-0.345529,-0.097382,-0.085368,0.076188,0.127346,0.209241,0.236791,0.495725,1.036156,1.704167,5.081486
1985-05-03,0.483167,Training,-0.386094,-0.127320,-0.090808,0.062924,0.117958,0.210509,0.225451,0.494819,1.087981,1.741999,5.303871
1985-05-04,0.644223,Training,-0.377455,-0.125229,-0.085137,0.053965,0.090427,0.183074,0.190564,0.436397,0.970534,1.564423,4.816137
1985-05-05,0.322111,Training,-0.374443,-0.139502,-0.102064,0.044263,0.095650,0.196878,0.228938,0.498622,1.050235,1.603909,4.597231
1985-05-06,0.161056,Training,-0.372216,-0.131010,-0.123705,0.039649,0.095386,0.187112,0.241642,0.505354,1.007061,1.511537,4.261472
1985-05-07,0.000000,Training,-0.401175,-0.159491,-0.126519,0.038507,0.089190,0.201079,0.239290,0.525110,1.107713,1.657183,4.634699
1985-05-08,0.000000,Training,-0.443255,-0.206431,-0.151293,0.041196,0.094710,0.225820,0.252705,0.575098,1.295178,2.028793,5.571798
1985-05-09,0.000000,Training,-0.426620,-0.180450,-0.136507,0.018313,0.042998,0.145199,0.141210,0.387820,0.926242,1.517588,4.586456
1985-05-10,0.000000,Training,-0.426969,-0.176778,-0.136542,0.016735,0.036280,0.134911,0.129122,0.363455,0.879565,1.448484,4.408642
1985-05-11,0.000000,Training,-0.414059,-0.172523,-0.136725,0.009071,0.034881,0.131335,0.130794,0.367813,0.885115,1.422056,4.309741
1985-05-12,0.000000,Training,-0.361121,-0.122773,-0.106633,-0.004443,0.018743,0.087189,0.094327,0.277734,0.655804,1.037430,3.402812
1985-05-13,0.000000,Training,-0.324588,-0.095805,-0.079073,-0.008241,0.017436,0.074602,0.090667,0.250664,0.556243,0.853397,2.887674
1985-05-14,0.000000,Training,-0.301836,-0.075225,-0.061412,-0.009185,0.018868,0.061596,0.086250,0.223326,0.464477,0.713988,2.518254
1985-05-15,0.000000,Training,-0.294000,-0.068867,-0.051951,-0.014319,0.015665,0.049185,0.076788,0.199027,0.403014,0.624601,2.298759
1985-05-16,0.000000,Training,-0.289438,-0.066673,-0.041196,-0.020130,0.009616,0.037220,0.062277,0.172974,0.356415,0.556478,2.164056
1985-05-17,0.000000,Training,-0.295499,-0.064584,-0.038803,-0.027537,-0.002523,0.015018,0.036531,0.130730,0.289133,0.471413,2.029034
1985-05-18,0.000000,Training,-0.312719,-0.067816,-0.043383,-0.031166,-0.015352,-0.001633,0.016866,0.096780,0.232861,0.403338,1.890869
1985-05-19,0.000000,Training,-0.306305,-0.067366,-0.050690,-0.028612,-0.007413,0.008480,0.026896,0.116356,0.273635,0.468524,2.052803
1985-05-20,0.000000,Training,-0.318198,-0.074135,-0.060454,-0.023220,-0.013051,0.015882,0.022604,0.122701,0.315135,0.532542,2.232358
1985-05-21,0.000000,Training,-0.295955,-0.063613,-0.040398,-0.029284,-0.007810,0.008791,0.027667,0.116820,0.270884,0.448796,1.982541
1985-05-22,0.000000,Training,-0.292891,-0.059955,-0.039181,-0.028526,-0.004551,0.008120,0.030138,0.115579,0.261693,0.438812,1.947809
1985-05-23,0.000000,Training,-0.300209,-0.066205,-0.050773,-0.027544,-0.001614,0.015800,0.038247,0.131333,0.293966,0.489162,2.063675
1985-05-24,0.000000,Training,-0.297402,-0.063901,-0.045482,-0.022448,-0.001582,0.022680,0.039328,0.136100,0.313850,0.511361,2.126827
1985-05-25,0.000000,Training,-0.292026,-0.062101,-0.035121,-0.028053,-0.001578,0.013161,0.036849,0.123809,0.270956,0.443521,1.938316
1985-05-26,0.000000,Training,-0.306601,-0.076419,-0.056889,-0.020509,0.003837,0.013763,0.036456,0.105438,0.225665,0.456674,2.024995
1985-05-27,0.000000,Training,-0.344788,-0.095696,-0.059123,-0.029851,0.005598,0.026518,0.043078,0.127277,0.295458,0.521066,2.284809
1985-05-28,0.000000,Training,-0.336508,-0.089316,-0.051908,-0.028841,-0.002297,0.017868,0.034578,0.114775,0.266962,0.475033,2.132992
1985-05-29,0.000000,Training,-0.329805,-0.086372,-0.054864,-0.033086,-0.010836,0.008040,0.022218,0.105436,0.257962,0.456161,2.072396
1985-05-30,0.000000,Training,-0.343951,-0.092399,-0.080418,-0.032499,-0.019214,-0.005833,0.007946,0.075266,0.193532,0.423515,2.023212
1985-05-31,0.000000,Training,-0.350037,-0.095103,-0.065067,-0.031738,-0.011604,0.010943,0.022444,0.107771,0.270993,0.483854,2.187039
1985-06-01,0.000000,Training,-0.337159,-0.083285,-0.066099,-0.027078,-0.003414,0.013460,0.031469,0.114851,0.271440,0.497694,2.191355
1985-06-02,0.000000,Training,-0.332469,-0.079125,-0.057262,-0.029734,-0.009496,0.004754,0.021902,0.101171,0.247389,0.449307,2.060719
1985-06-03,0.000000,Training,-0.315942,-0.067278,-0.040677,-0.026100,-0.006237,0.004930,0.026009,0.102235,0.235854,0.416884,1.942842
1985-06-04,0.000000,Training,-0.306195,-0.058433,-0.033162,-0.024642,-0.005955,0.000637,0.023618,0.093711,0.214307,0.385475,1.852824
1985-06-05,0.000000,Training,-0.312141,-0.055414,-0.035853,-0.026141,-0.011965,-0.009851,0.014247,0.075563,0.179953,0.342583,1.750752
1985-06-06,0.000000,Training,-0.309290,-0.050818,-0.038322,-0.025145,-0.011806,-0.011683,0.012547,0.071728,0.174836,0.342969,1.759645
1985-06-07,0.000000,Training,-0.310371,-0.053763,-0.033113,-0.026782,-0.015243,-0.012898,0.009612,0.069312,0.170269,0.326197,1.709274
1985-06-08,0.000000,Training,-0.317371,-0.056708,-0.036476,-0.028272,-0.021275,-0.017926,0.003067,0.060283,0.157143,0.307628,1.661346
1985-06-09,0.000000,Training,-0.335361,-0.061543,-0.044559,-0.028853,-0.030855,-0.026725,-0.009360,0.039214,0.124422,0.266627,1.563109
1985-06-10,0.000000,Training,-0.339421,-0.060267,-0.046633,-0.026972,-0.033873,-0.029152,-0.013940,0.030706,0.111969,0.252063,1.530567
1985-06-11,0.000000,Training,-0.347092,-0.064674,-0.047436,-0.029509,-0.035924,-0.033217,-0.017160,0.023858,0.093950,0.224156,1.450868
1985-06-12,0.000000,Training,-0.336569,-0.059545,-0.043473,-0.029379,-0.034165,-0.032176,-0.015364,0.026980,0.101552,0.235116,1.481808
1985-06-13,0.000000,Training,-0.315183,-0.043374,-0.036219,-0.021881,-0.030394,-0.028421,-0.014168,0.026362,0.108095,0.254621,1.552911
1985-06-14,0.000000,Training,-0.308262,-0.048171,-0.026414,-0.029929,-0.023447,-0.027905,-0.004501,0.039787,0.112325,0.244737,1.493659
1985-06-15,0.000000,Training,-0.337676,-0.060114,-0.049966,-0.035696,-0.032012,-0.040300,-0.015822,0.018507,0.075040,0.214438,1.431407
1985-06-16,0.000000,Training,-0.344479,-0.061144,-0.048298,-0.033082,-0.030973,-0.036548,-0.014762,0.019423,0.080221,0.218150,1.449850
1985-06-17,0.000000,Training,-0.345931,-0.055803,-0.041413,-0.022561,-0.033522,-0.034701,-0.020681,0.004112,0.055484,0.186211,1.382461
1985-06-18,0.000000,Training,-0.384636,-0.090300,-0.080416,-0.037228,-0.043362,-0.045177,-0.026605,-0.006848,0.030178,0.185832,1.380015
1985-06-19,0.000000,Training,-0.363523,-0.077008,-0.058332,-0.033285,-0.028938,-0.027208,-0.010809,0.024675,0.103681,0.265346,1.630570
1985-06-20,0.000000,Training,-0.349963,-0.072596,-0.044208,-0.031310,-0.024961,-0.024388,-0.004450,0.032671,0.105051,0.254220,1.562940
1985-06-21,0.000000,Training,-0.347206,-0.068805,-0.041936,-0.033186,-0.030929,-0.033476,-0.013598,0.020454,0.082491,0.215537,1.442615
1985-06-22,0.000000,Training,-0.322463,-0.055108,-0.029493,-0.030193,-0.023721,-0.029294,-0.005884,0.031746,0.098077,0.232879,1.479959
1985-06-23,0.000000,Training,-0.324761,-0.052265,-0.029060,-0.028470,-0.026228,-0.032466,-0.009636,0.023487,0.082152,0.210692,1.424102
1985-06-24,0.000000,Training,-0.326516,-0.050397,-0.029425,-0.027255,-0.028654,-0.035006,-0.013354,0.016285,0.070302,0.195274,1.388797
1985-06-25,0.000000,Training,-0.328558,-0.052451,-0.030271,-0.028819,-0.028245,-0.035038,-0.011886,0.019218,0.073670,0.197082,1.386541
1985-06-26,0.000000,Training,-0.344101,-0.058414,-0.036258,-0.027888,-0.032967,-0.037423,-0.017627,0.009455,0.056720,0.174397,1.330414
1985-06-27,0.000000,Training,-0.361879,-0.064927,-0.043635,-0.024773,-0.035891,-0.037759,-0.022023,0.000668,0.039320,0.153966,1.282186
1985-06-28,0.000000,Training,-0.343208,-0.058728,-0.036701,-0.028738,-0.032799,-0.036933,-0.016873,0.011461,0.062248,0.181914,1.355191
1985-06-29,0.000000,Training,-0.343738,-0.058996,-0.036830,-0.028646,-0.032935,-0.036808,-0.016922,0.011396,0.061994,0.181221,1.352708
1985-06-30,0.000000,Training,-0.329237,-0.052737,-0.030226,-0.029010,-0.029446,-0.035147,-0.012605,0.018643,0.073870,0.195164,1.384248
1985-07-01,0.000000,Test,-0.332229,-0.053560,-0.031060,-0.028719,-0.030612,-0.035971,-0.014116,0.015727,0.068806,0.188237,1.366932
1985-07-02,0.000000,Test,-0.308154,-0.042308,-0.022372,-0.027491,-0.021672,-0.030530,-0.004543,0.030128,0.092734,0.222153,1.453800
1985-07-03,0.000000,Test,-0.302594,-0.036116,-0.017843,-0.023398,-0.022685,-0.031130,-0.008018,0.021894,0.080261,0.208021,1.430619
1985-07-04,0.000000,Test,-0.329357,-0.050118,-0.029386,-0.027289,-0.031009,-0.036806,-0.015712,0.010744,0.062147,0.181245,1.359170
1985-07-05,0.000000,Test,-0.354006,-0.061834,-0.040065,-0.026916,-0.035852,-0.038372,-0.021174,0.001965,0.046433,0.160514,1.304238
1985-07-06,0.000000,Test,-0.339345,-0.049001,-0.033781,-0.022124,-0.034419,-0.039067,-0.022719,-0.005405,0.038141,0.156616,1.317312
1985-07-07,0.000000,Test,-0.350016,-0.062770,-0.038798,-0.031842,-0.035630,-0.040485,-0.020348,0.004272,0.052125,0.167799,1.329765
1985-07-08,0.000000,Test,-0.347660,-0.063408,-0.037421,-0.033056,-0.034726,-0.039486,-0.018221,0.009020,0.059935,0.175645,1.344663
1985-07-09,0.000000,Test,-0.341959,-0.061397,-0.034951,-0.033519,-0.033191,-0.038499,-0.015883,0.013215,0.067370,0.184583,1.366575
1985-07-10,0.000000,Test,-0.348662,-0.063830,-0.037464,-0.033053,-0.034770,-0.039336,-0.017948,0.009221,0.060183,0.175178,1.343966
1985-07-11,0.000000,Test,-0.337985,-0.059838,-0.032946,-0.033698,-0.031993,-0.037695,-0.014038,0.016177,0.072555,0.190511,1.382117
1985-07-12,0.000000,Test,-0.333357,-0.058165,-0.030883,-0.033745,-0.030446,-0.036538,-0.011909,0.019801,0.078681,0.198061,1.400712
1985-07-13,0.000000,Test,-0.334743,-0.058562,-0.031303,-0.033686,-0.030927,-0.036717,-0.012255,0.019077,0.077546,0.196030,1.395980
1985-07-14,0.000000,Test,-0.339894,-0.061198,-0.033664,-0.034095,-0.032099,-0.036966,-0.013004,0.018223,0.076577,0.193956,1.390920
1985-07-15,0.000000,Test,-0.345564,-0.063728,-0.036118,-0.034220,-0.033292,-0.037369,-0.014119,0.016354,0.073683,0.189920,1.382248
1985-07-16,0.000000,Test,-0.343425,-0.062950,-0.034991,-0.034552,-0.032611,-0.037199,-0.013225,0.017647,0.075919,0.192712,1.390520
1985-07-17,0.000000,Test,-0.349105,-0.065386,-0.037256,-0.034479,-0.033673,-0.037525,-0.014345,0.015507,0.072308,0.187859,1.379951
1985-07-18,0.000000,Test,-0.347271,-0.064678,-0.036244,-0.034726,-0.033081,-0.037286,-0.013464,0.016771,0.074569,0.190564,1.387782
1985-07-19,0.000000,Test,-0.342989,-0.063215,-0.034309,-0.035091,-0.031759,-0.036467,-0.011503,0.020121,0.080441,0.197816,1.406065
1985-07-20,0.000000,Test,-0.354150,-0.066886,-0.038452,-0.033982,-0.034257,-0.037840,-0.015165,0.012480,0.067057,0.181163,1.369073
1985-07-21,0.000000,Test,-0.351557,-0.066911,-0.037513,-0.035036,-0.033250,-0.036926,-0.013034,0.016819,0.075191,0.190637,1.392111
1985-07-22,0.000000,Test,-0.359348,-0.070551,-0.040867,-0.034574,-0.034188,-0.036426,-0.013757,0.015395,0.072946,0.187723,1.387526
1985-07-23,0.000000,Test,-0.365502,-0.073392,-0.043309,-0.034038,-0.034628,-0.035817,-0.013971,0.014589,0.071243,0.185541,1.384134
1985-07-24,0.000000,Test,-0.362047,-0.072368,-0.041917,-0.035065,-0.033864,-0.035595,-0.012535,0.017245,0.076882,0.192502,1.403401
1985-07-25,0.000000,Test,-0.350946,-0.068126,-0.037224,-0.036213,-0.031539,-0.034689,-0.009104,0.023583,0.088510,0.206852,1.438191
1985-07-26,0.000000,Test,-0.331009,-0.059921,-0.028174,-0.035840,-0.025767,-0.031387,-0.002164,0.035138,0.106453,0.229727,1.489707
1985-07-27,0.000000,Test,-0.328403,-0.058721,-0.026532,-0.035582,-0.024839,-0.030625,-0.000776,0.037104,0.109026,0.232012,1.492982
1985-07-28,0.000000,Test,-0.318291,-0.054379,-0.021813,-0.034545,-0.020886,-0.027626,0.003868,0.044262,0.119736,0.245697,1.524199
1985-07-29,0.000000,Test,-0.337338,-0.062102,-0.037436,-0.039949,-0.025957,-0.034238,-0.001159,0.036105,0.110092,0.240382,1.524568
1985-07-30,0.000000,Test,-0.322610,-0.056712,-0.023371,-0.035143,-0.020392,-0.026710,0.005200,0.046049,0.123519,0.251463,1.544231
1985-07-31,0.000000,Test,-0.330541,-0.060755,-0.026703,-0.036132,-0.022827,-0.028117,0.003486,0.043046,0.119277,0.244646,1.527856
1985-08-01,0.000000,Test,-0.336830,-0.064021,-0.029675,-0.037301,-0.025193,-0.029623,0.001373,0.040134,0.116128,0.239596,1.517109
1985-08-02,0.000000,Test,-0.360020,-0.073637,-0.039100,-0.037190,-0.030221,-0.031532,-0.003996,0.029985,0.099426,0.216564,1.466043
1985-08-03,0.000000,Test,-0.369740,-0.077871,-0.042664,-0.036390,-0.030914,-0.031090,-0.004695,0.027475,0.094378,0.210476,1.456319
1985-08-04,0.000000,Test,-0.386809,-0.085808,-0.048645,-0.033408,-0.030483,-0.028575,-0.004334,0.024792,0.086365,0.202499,1.445286
1985-08-05,0.000000,Test,-0.358057,-0.074110,-0.038527,-0.038823,-0.027938,-0.029578,0.000391,0.037155,0.114159,0.236957,1.528816
1985-08-06,0.000000,Test,-0.337476,-0.065265,-0.029178,-0.037925,-0.022103,-0.026354,0.007187,0.048348,0.130819,0.259004,1.576172
1985-08-07,0.000000,Test,-0.346715,-0.068779,-0.032374,-0.038351,-0.025309,-0.027951,0.004352,0.043426,0.122538,0.244620,1.537148
1985-08-08,0.000000,Test,-0.346842,-0.068894,-0.032109,-0.038531,-0.024960,-0.027589,0.005288,0.044523,0.124451,0.246524,1.542451
1985-08-09,0.000000,Test,-0.341757,-0.066969,-0.029832,-0.038610,-0.023162,-0.026457,0.007779,0.048577,0.131139,0.255393,1.564438
1985-08-10,0.000000,Test,-0.336648,-0.064912,-0.027390,-0.038414,-0.021136,-0.025054,0.010480,0.052723,0.137570,0.263878,1.584588
1985-08-11,0.000000,Test,-0.332440,-0.063112,-0.025142,-0.038100,-0.019300,-0.023766,0.012884,0.056129,0.142580,0.270372,1.599741
1985-08-12,0.000000,Test,-0.338425,-0.065894,-0.027377,-0.038891,-0.020661,-0.024458,0.012082,0.054223,0.140145,0.266290,1.592060
1985-08-13,0.000000,Test,-0.345767,-0.069257,-0.030146,-0.039653,-0.022196,-0.025207,0.010956,0.051550,0.136586,0.260971,1.582931
1985-08-14,0.000000,Test,-0.351380,-0.071974,-0.032365,-0.040171,-0.022948,-0.025252,0.010761,0.050551,0.135885,0.259805,1.584379
1985-08-15,0.000000,Test,-0.358308,-0.075101,-0.035084,-0.040416,-0.023786,-0.025259,0.010305,0.048631,0.133745,0.257302,1.584567
1985-08-16,0.000000,Test,-0.341265,-0.065669,-0.028209,-0.038915,-0.020682,-0.024419,0.012814,0.052098,0.140572,0.270268,1.622386
1985-08-17,0.000000,Test,-0.342903,-0.069180,-0.028280,-0.040866,-0.019278,-0.022970,0.016158,0.058422,0.149980,0.279413,1.637648
1985-08-18,0.000000,Test,-0.349866,-0.072565,-0.031177,-0.041593,-0.020497,-0.022979,0.015895,0.057429,0.149737,0.278046,1.637938
1985-08-19,0.000000,Test,-0.355450,-0.075467,-0.033591,-0.042237,-0.021074,-0.022705,0.016200,0.057341,0.150970,0.279360,1.646142
1985-08-20,0.000000,Test,-0.360150,-0.078152,-0.035764,-0.042881,-0.021293,-0.022111,0.017006,0.058263,0.153938,0.283161,1.660576
1985-08-21,0.000000,Test,-0.361209,-0.079055,-0.036357,-0.043485,-0.020958,-0.021604,0.018199,0.059929,0.157784,0.288386,1.677097
1985-08-22,0.000000,Test,-0.376511,-0.086857,-0.041985,-0.043521,-0.021475,-0.020486,0.018724,0.057927,0.154434,0.284201,1.677059
1985-08-23,0.000000,Test,-0.361924,-0.080037,-0.036759,-0.044673,-0.020082,-0.020886,0.020512,0.062835,0.164535,0.298053,1.708867
1985-08-24,0.000000,Test,-0.329186,-0.064614,-0.022979,-0.041482,-0.011124,-0.016176,0.028979,0.077324,0.184909,0.329332,1.776532
1985-08-25,0.000000,Test,-0.320633,-0.060592,-0.019402,-0.040284,-0.007969,-0.013480,0.032700,0.083242,0.193927,0.341251,1.802091
1985-08-26,0.000000,Test,-0.330235,-0.065531,-0.023783,-0.042460,-0.011246,-0.015487,0.030787,0.080090,0.191182,0.335994,1.793248
1985-08-27,0.000000,Test,-0.342475,-0.071819,-0.029445,-0.045004,-0.014895,-0.017641,0.028333,0.075867,0.187460,0.329552,1.784978
1985-08-28,0.000000,Test,-0.342759,-0.072351,-0.030099,-0.045870,-0.015012,-0.017786,0.028729,0.076601,0.190036,0.333432,1.798690
1985-08-29,0.000000,Test,-0.349857,-0.076248,-0.033697,-0.047527,-0.016711,-0.018515,0.027966,0.075204,0.190340,0.333406,1.805840
1985-08-30,0.000000,Test,-0.352993,-0.078285,-0.035711,-0.048596,-0.017224,-0.018392,0.028448,0.076044,0.193924,0.338262,1.823442
1985-08-31,0.000000,Test,-0.357943,-0.081265,-0.038479,-0.049859,-0.017999,-0.018357,0.028760,0.076438,0.196995,0.342226,1.839818
1985-09-01,0.000000,Test,-0.367307,-0.086464,-0.042861,-0.051265,-0.019047,-0.018209,0.029003,0.075887,0.198664,0.344081,1.853955
1985-09-02,0.000000,Test,-0.371019,-0.088942,-0.045077,-0.052337,-0.019276,-0.017928,0.029809,0.076964,0.202591,0.349639,1.874825
1985-09-03,0.000000,Test,-0.374124,-0.091094,-0.046899,-0.053338,-0.019404,-0.017790,0.030510,0.077680,0.205653,0.354260,1.893401
1985-09-04,0.000000,Test,-0.371889,-0.090585,-0.047058,-0.054282,-0.019389,-0.017761,0.031253,0.079830,0.211381,0.362483,1.916809
1985-09-05,0.000000,Test,-0.358405,-0.084594,-0.042946,-0.054328,-0.017884,-0.017357,0.032936,0.085146,0.220928,0.376980,1.947825
1985-09-06,0.000000,Test,-0.354674,-0.083433,-0.042323,-0.054773,-0.017239,-0.016815,0.034280,0.088198,0.226985,0.385473,1.968585
1985-09-07,0.000000,Test,-0.345106,-0.078558,-0.043597,-0.056021,-0.014229,-0.016774,0.037448,0.094575,0.238851,0.408261,2.030768
1985-09-08,0.000000,Test,-0.346070,-0.080714,-0.041090,-0.055348,-0.014614,-0.014701,0.038207,0.096409,0.242701,0.409372,2.031000
1985-09-09,0.000000,Test,-0.352914,-0.084784,-0.045871,-0.057724,-0.016330,-0.015731,0.038099,0.096480,0.246275,0.413745,2.048544
1985-09-10,0.000000,Test,-0.355141,-0.087039,-0.047503,-0.059219,-0.017517,-0.016363,0.037554,0.096426,0.248585,0.416522,2.059949
1985-09-11,0.000000,Test,-0.351460,-0.085748,-0.046043,-0.059281,-0.017185,-0.016312,0.037923,0.097461,0.250250,0.418790,2.065207
1985-09-12,0.000000,Test,-0.376199,-0.097941,-0.070834,-0.070555,-0.024726,-0.026319,0.032155,0.089174,0.248028,0.428587,2.130334
1985-09-13,0.000000,Test,-0.382269,-0.101349,-0.067038,-0.067109,-0.021655,-0.019065,0.037549,0.096251,0.262460,0.441175,2.166848
1985-09-14,0.000000,Test,-0.381294,-0.103434,-0.061508,-0.064457,-0.019799,-0.013960,0.041261,0.101680,0.270180,0.445762,2.172010
1985-09-15,0.000000,Test,-0.387576,-0.108762,-0.065951,-0.066646,-0.021062,-0.014134,0.041494,0.102782,0.276690,0.454841,2.205873
1985-09-16,0.000000,Test,-0.367201,-0.099072,-0.059642,-0.065767,-0.019902,-0.014347,0.042023,0.108346,0.284539,0.467543,2.221805
1985-09-17,0.000000,Test,-0.352154,-0.090700,-0.059343,-0.065922,-0.016002,-0.014080,0.045417,0.115900,0.295586,0.489975,2.277155
1985-09-18,0.000000,Test,-0.349087,-0.090551,-0.053885,-0.063706,-0.015762,-0.010958,0.046829,0.119034,0.299208,0.487662,2.257571
1985-09-19,0.000000,Test,-0.364914,-0.102286,-0.084227,-0.080186,-0.025432,-0.025390,0.038763,0.110632,0.296957,0.512296,2.376134
1985-09-20,0.000000,Test,-0.352728,-0.096243,-0.059745,-0.065610,-0.012761,-0.005615,0.053157,0.131886,0.329546,0.536276,2.407240
1985-09-21,0.000000,Test,-0.356446,-0.098070,-0.066760,-0.068883,-0.013684,-0.007994,0.054281,0.133750,0.335077,0.546923,2.439264
1985-09-22,0.000000,Test,-0.362971,-0.105473,-0.066920,-0.070374,-0.017606,-0.007677,0.051949,0.133061,0.338222,0.544733,2.431891
1985-09-23,0.000000,Test,-0.368134,-0.105630,-0.070771,-0.071988,-0.020622,-0.010933,0.050056,0.129696,0.333083,0.533317,2.398939
1985-09-24,0.000000,Test,-0.358170,-0.101556,-0.066534,-0.070796,-0.019906,-0.009903,0.050532,0.132712,0.336081,0.536049,2.393697
1985-09-25,0.000000,Test,-0.359594,-0.100889,-0.068350,-0.071425,-0.022628,-0.012187,0.047739,0.128417,0.331381,0.529209,2.378360
1985-09-26,0.000000,Test,-0.362136,-0.102678,-0.068762,-0.072022,-0.022792,-0.011809,0.048972,0.130733,0.333370,0.525787,2.361148
1985-09-27,0.000000,Test,-0.358038,-0.100943,-0.068143,-0.071882,-0.022596,-0.011402,0.049527,0.132901,0.337031,0.530752,2.369762
1985-09-28,0.000000,Test,-0.354686,-0.100021,-0.067648,-0.071852,-0.022085,-0.010539,0.050715,0.136102,0.342255,0.537224,2.381554
1985-09-29,0.000000,Test,-0.367118,-0.106301,-0.074548,-0.074362,-0.025745,-0.011455,0.049501,0.134740,0.346840,0.540095,2.397389
1985-09-30,0.000000,Test,-0.355849,-0.100757,-0.075220,-0.073857,-0.026652,-0.011803,0.047205,0.134299,0.354894,0.564903,2.472937
1985-10-01,0.000000,Validation,-0.346285,-0.096689,-0.066235,-0.071773,-0.021556,-0.009899,0.051326,0.138810,0.348637,0.548009,2.407577
1985-10-02,0.000000,Validation,-0.338495,-0.094324,-0.061545,-0.070201,-0.016942,-0.006194,0.056672,0.147505,0.356632,0.554467,2.408412
1985-10-03,0.000000,Validation,-0.331943,-0.091980,-0.059693,-0.069128,-0.014438,-0.003373,0.059790,0.153357,0.366074,0.567341,2.436326
1985-10-04,0.000000,Validation,-0.337709,-0.094966,-0.063167,-0.071233,-0.017760,-0.005836,0.057539,0.150492,0.364353,0.564247,2.431743
1985-10-05,0.000000,Validation,-0.329771,-0.091518,-0.062133,-0.070485,-0.016325,-0.004330,0.058476,0.152958,0.371326,0.578511,2.471181
1985-10-06,0.000000,Validation,-0.329592,-0.092998,-0.062500,-0.070711,-0.015317,-0.002183,0.061289,0.158960,0.381039,0.588186,2.487535
1985-10-07,0.000000,Validation,-0.340789,-0.099164,-0.075477,-0.075908,-0.024956,-0.007514,0.053066,0.150822,0.388495,0.610871,2.575171
1985-10-08,0.000000,Validation,-0.331931,-0.092340,-0.059494,-0.070884,-0.016954,-0.005844,0.058428,0.151202,0.362490,0.558883,2.408307
1985-10-09,0.000000,Validation,-0.326771,-0.090001,-0.058980,-0.070557,-0.016512,-0.005190,0.058495,0.152221,0.366099,0.566957,2.430861
1985-10-10,0.000000,Validation,-0.331500,-0.092460,-0.058568,-0.070809,-0.016841,-0.005177,0.059505,0.153264,0.364053,0.557513,2.397362
1985-10-11,0.000000,Validation,-0.334325,-0.094037,-0.060378,-0.071801,-0.018516,-0.005845,0.058800,0.152801,0.365203,0.558147,2.399292
1985-10-12,0.000000,Validation,-0.331959,-0.093365,-0.059053,-0.071451,-0.017533,-0.004865,0.060169,0.155296,0.367531,0.559935,2.397854
1985-10-13,0.000000,Validation,-0.327794,-0.091880,-0.057692,-0.070725,-0.015898,-0.003057,0.062255,0.159197,0.373066,0.567456,2.412725
1985-10-14,0.000000,Validation,-0.329138,-0.092869,-0.058508,-0.071243,-0.016727,-0.003083,0.062371,0.159975,0.375064,0.568714,2.413667
1985-10-15,0.000000,Validation,-0.332157,-0.094454,-0.060028,-0.072225,-0.018374,-0.003911,0.061647,0.159269,0.375177,0.567226,2.408679
1985-10-16,0.000000,Validation,-0.329402,-0.093543,-0.059106,-0.071923,-0.017608,-0.003007,0.062740,0.161464,0.378153,0.571214,2.415218
1985-10-17,0.000000,Validation,-0.322698,-0.091009,-0.056649,-0.070507,-0.014671,-0.000104,0.065962,0.167077,0.385776,0.581990,2.437048
1985-10-18,0.000000,Validation,-0.317287,-0.088556,-0.054540,-0.069243,-0.012386,0.001968,0.068286,0.170665,0.390593,0.588812,2.450108
1985-10-19,0.000000,Validation,-0.313043,-0.086824,-0.053038,-0.068103,-0.010268,0.004226,0.070859,0.174727,0.396602,0.596744,2.465894
1985-10-20,0.000000,Validation,-0.316355,-0.088554,-0.054704,-0.069476,-0.012820,0.002315,0.068953,0.172468,0.393946,0.592065,2.453446
1985-10-21,0.000000,Validation,-0.312044,-0.086959,-0.053148,-0.068343,-0.010573,0.004728,0.071643,0.176785,0.400157,0.600289,2.469321
1985-10-22,0.000000,Validation,-0.311602,-0.086915,-0.053282,-0.068467,-0.010776,0.004982,0.071940,0.177748,0.401684,0.601481,2.470175
1985-10-23,0.000000,Validation,-0.308060,-0.085708,-0.052035,-0.067373,-0.008765,0.007345,0.074528,0.181932,0.407886,0.609459,2.485356
1985-10-24,0.000000,Validation,-0.309886,-0.086659,-0.052892,-0.068226,-0.010549,0.006130,0.073199,0.180539,0.405963,0.605749,2.474952
1985-10-25,0.000000,Validation,-0.309420,-0.086521,-0.052667,-0.068149,-0.010637,0.006517,0.073585,0.181382,0.407025,0.606272,2.474292
1985-10-26,0.000000,Validation,-0.303133,-0.084077,-0.050461,-0.066007,-0.006567,0.010882,0.078287,0.188488,0.417294,0.619780,2.501743
1985-10-27,0.000000,Validation,-0.299023,-0.082515,-0.049179,-0.064286,-0.003601,0.014390,0.082026,0.194215,0.425827,0.630525,2.522455
1985-10-28,0.000000,Validation,-0.298163,-0.082356,-0.049146,-0.063874,-0.002980,0.015702,0.083465,0.196817,0.430020,0.635049,2.531193
1985-10-29,0.000000,Validation,-0.296901,-0.082405,-0.049218,-0.063350,-0.001805,0.017703,0.085658,0.200694,0.436316,0.642468,2.545498
1985-10-30,0.000000,Validation,-0.295954,-0.082197,-0.052648,-0.062714,0.002025,0.021703,0.091249,0.209465,0.451766,0.665573,2.601321
1985-10-31,0.000000,Validation,-0.297855,-0.084244,-0.060893,-0.062773,0.007001,0.027134,0.099262,0.222465,0.475081,0.705537,2.700693
1985-11-01,0.000000,Validation,-0.294331,-0.084844,-0.051497,-0.057719,0.010327,0.035085,0.104597,0.230626,0.486366,0.711446,2.694624
1985-11-02,0.000000,Validation,-0.312019,-0.125742,-0.108332,-0.102945,-0.020039,0.003905,0.085456,0.216146,0.509174,0.849333,3.302909
1985-11-03,0.000000,Validation,-0.391394,-0.163062,-0.125024,-0.085779,0.013209,0.061235,0.138627,0.304430,0.732046,1.129283,4.183555
1985-11-04,0.000000,Validation,-0.506024,-0.254096,-0.203927,-0.113657,0.085078,0.200327,0.361706,0.731087,1.961797,3.179506,12.395681
1985-11-05,0.000000,Validation,-0.591397,-0.266403,-0.223974,-0.064075,0.145939,0.309429,0.486230,0.969868,2.520263,3.750256,13.792821
1985-11-06,0.000000,Validation,-0.494904,-0.204936,-0.115115,0.004566,0.164129,0.322652,0.464608,0.871697,2.078406,2.984051,9.840477
1985-11-07,0.000000,Validation,-0.459087,-0.217392,-0.144461,-0.065766,0.060920,0.180068,0.293522,0.598043,1.462311,2.148151,6.981919
1985-11-08,0.000000,Validation,-0.410330,-0.180981,-0.124343,-0.070971,0.028582,0.118096,0.221135,0.462420,1.081448,1.575648,5.158920
1985-11-09,0.000000,Validation,-0.374980,-0.150084,-0.107575,-0.066042,0.020589,0.093420,0.194019,0.407935,0.912873,1.309391,4.332914
1985-11-10,0.000000,Validation,-0.362826,-0.140437,-0.103685,-0.069134,0.008409,0.074485,0.172075,0.370871,0.815964,1.159228,3.891876
1985-11-11,0.000000,Validation,-0.386709,-0.175083,-0.171656,-0.119456,-0.033978,0.025458,0.126857,0.332460,0.799381,1.216958,4.228434
1985-11-12,0.000000,Validation,-0.355886,-0.143031,-0.108981,-0.045006,0.049228,0.124970,0.230724,0.458085,0.930979,1.325643,4.129054
1985-11-13,0.000000,Validation,-0.337945,-0.128304,-0.102566,-0.026433,0.060888,0.138612,0.250977,0.485665,0.913212,1.260023,3.797926
1985-11-14,0.000000,Validation,-0.401411,-0.191961,-0.183952,-0.065274,0.047683,0.137758,0.267587,0.552981,1.114274,1.626910,4.848462
1985-11-15,0.000000,Validation,-0.438330,-0.221012,-0.172291,-0.059724,0.057893,0.170059,0.284765,0.585633,1.280885,1.871659,5.687694
1985-11-16,0.000000,Validation,-0.407845,-0.196530,-0.153054,-0.039319,0.071110,0.181738,0.305408,0.608486,1.235650,1.747540,5.064419
1985-11-17,0.000000,Validation,-0.427056,-0.219227,-0.173489,-0.052419,0.057988,0.173288,0.295986,0.612320,1.277188,1.819221,5.246203
1985-11-18,0.000000,Validation,-0.428923,-0.221492,-0.179622,-0.047842,0.061443,0.181597,0.310612,0.641055,1.306230,1.829221,5.143285
1985-11-19,0.000000,Validation,-0.412574,-0.204847,-0.169837,-0.043372,0.059453,0.174704,0.300672,0.619462,1.222419,1.671556,4.711623
1985-11-20,0.000000,Validation,-0.433065,-0.223995,-0.189809,-0.044814,0.062060,0.187961,0.320091,0.663295,1.318936,1.798192,4.979703
1985-11-21,0.000000,Validation,-0.415574,-0.211131,-0.179088,-0.054769,0.045998,0.164295,0.284137,0.599157,1.184357,1.593523,4.527073
1985-11-22,0.000000,Validation,-0.410289,-0.205155,-0.174678,-0.053516,0.042967,0.156321,0.271772,0.578064,1.152229,1.561341,4.462806
1985-11-23,0.000000,Validation,-0.401065,-0.199961,-0.168006,-0.060563,0.033361,0.142738,0.248305,0.539359,1.075633,1.449099,4.214042
1985-11-24,0.000000,Validation,-0.374729,-0.175315,-0.142475,-0.055317,0.034216,0.126650,0.225152,0.487673,0.953740,1.284825,3.828259
1985-11-25,0.000000,Validation,-0.545150,-0.345916,-0.308365,-0.157748,0.017159,0.181740,0.324212,0.792062,2.095338,3.276444,10.247476
1985-11-26,0.000000,Validation,-0.732344,-0.490109,-0.378407,-0.097237,0.289935,0.619749,0.929530,2.055341,5.911125,8.951391,28.397728
1985-11-27,0.000000,Validation,-0.624147,-0.388953,-0.272847,-0.012271,0.245794,0.517469,0.738579,1.538471,3.827571,5.591656,15.390615
1985-11-28,0.000000,Validation,-0.566155,-0.343020,-0.232632,0.025761,0.265827,0.519828,0.752956,1.447276,3.172906,4.447906,11.301731
1985-11-29,0.000000,Validation,-0.600560,-0.377717,-0.235231,0.124728,0.404376,0.701315,1.028710,1.902655,3.934688,5.577579,13.012491
1985-11-30,0.000000,Validation,-0.571059,-0.369775,-0.236405,0.045028,0.275711,0.513752,0.768669,1.460356,3.091283,4.441803,10.675934
1985-12-01,0.000000,Validation,-0.571101,-0.380952,-0.242541,0.017929,0.232702,0.458859,0.683446,1.330520,2.893290,4.153998,10.204675
1985-12-02,0.000000,Validation,-0.570813,-0.382714,-0.241794,0.025349,0.241209,0.469067,0.693804,1.344778,2.898607,4.138383,10.093596
1985-12-03,0.000000,Validation,-0.531249,-0.343897,-0.236086,-0.022551,0.149446,0.339637,0.519609,1.047468,2.217991,3.108850,7.851079
1985-12-04,0.000000,Validation,-0.519559,-0.331764,-0.232514,-0.026738,0.136478,0.318506,0.489808,0.992048,2.065190,2.866110,7.263903
1985-12-05,0.000000,Validation,-0.620524,-0.455200,-0.362940,-0.133116,0.084406,0.299931,0.537956,1.202488,2.901888,4.509874,12.145523
1985-12-06,0.000000,Validation,-0.636728,-0.432459,-0.308332,0.001075,0.239352,0.527873,0.780448,1.560066,3.545822,5.102448,13.281765
1985-12-07,0.000000,Validation,-0.807473,-0.616733,-0.473175,-0.075267,0.560530,1.120264,1.839977,4.187553,11.695632,17.905769,47.105358
1985-12-08,0.000000,Validation,-0.678787,-0.204947,0.141931,1.792538,5.137573,7.191279,11.055808,23.574751,57.107147,78.325127,186.990601
1985-12-09,0.000000,Validation,-0.618283,-0.217092,0.164151,1.260773,2.821704,4.230730,5.757787,10.267858,22.710693,31.249216,72.361015
1985-12-10,0.000000,Validation,-0.606340,-0.308379,-0.052029,0.533610,1.227022,1.856505,2.510445,4.324307,9.126102,12.923321,29.516003
1985-12-11,0.000000,Validation,-0.668380,-0.384975,-0.178738,0.407795,1.059975,1.572820,2.314451,4.170084,9.205482,13.851260,32.215347
1985-12-12,0.000000,Validation,-0.604605,-0.336664,-0.130774,0.371393,0.843962,1.287262,1.813236,3.163271,6.514629,9.220542,20.706215
1985-12-13,0.000000,Validation,-0.565854,-0.312628,-0.130575,0.314656,0.709879,1.087013,1.529993,2.634732,5.171263,7.156417,15.862432
1985-12-14,0.000000,Validation,-0.561214,-0.320229,-0.158966,0.252420,0.595803,0.933188,1.319203,2.304211,4.436715,6.071902,13.520627
1985-12-15,0.000000,Validation,-0.542429,-0.316787,-0.185009,0.158324,0.427630,0.704192,1.014961,1.817151,3.489739,4.748629,10.728759
1985-12-16,0.000000,Validation,-0.535541,-0.314199,-0.193662,0.130887,0.380155,0.641962,0.927121,1.673043,3.182080,4.279112,9.742463
1985-12-17,0.000000,Validation,-0.533210,-0.316327,-0.202590,0.107743,0.340442,0.589124,0.853892,1.558315,2.956833,3.959420,9.090206
1985-12-18,0.000000,Validation,-0.531145,-0.318534,-0.210243,0.085804,0.302786,0.538840,0.784522,1.451916,2.763528,3.699526,8.580823
1985-12-19,0.000000,Validation,-0.530125,-0.322550,-0.217290,0.064666,0.266363,0.489243,0.716593,1.350547,2.598983,3.505146,8.219288
1985-12-20,0.000000,Validation,-0.535589,-0.327285,-0.223587,0.060967,0.263675,0.488680,0.712454,1.348003,2.589324,3.467172,8.161880
1985-12-21,0.000000,Validation,-0.567973,-0.356652,-0.251892,0.070042,0.301154,0.536856,0.795063,1.502713,2.962783,4.116748,9.745484
1985-12-22,0.000000,Validation,-0.744658,-0.535517,-0.389380,0.030776,0.503587,0.966758,1.516464,3.068828,7.848145,12.191975,32.299198
1985-12-23,0.000000,Validation,-0.759663,-0.473722,-0.238955,0.520390,1.454265,2.332697,3.328153,6.400535,15.542927,22.437519,58.078953
1985-12-24,0.000000,Validation,-0.731472,-0.510020,-0.277673,0.229952,0.807881,1.300458,1.862054,3.664007,9.004120,14.111394,35.801537
1985-12-25,0.000000,Validation,-0.689276,-0.462650,-0.235200,0.275291,0.787721,1.230312,1.755005,3.269988,7.546009,11.729600,28.334425
1985-12-26,0.000000,Validation,-0.629106,-0.394086,-0.208352,0.259216,0.648010,1.027402,1.455247,2.647730,5.582093,8.172772,18.739445
1985-12-27,0.000000,Validation,-0.712624,-0.304879,0.103681,1.615738,4.867243,6.674844,11.700287,24.703465,60.577045,88.236031,213.241730
1985-12-28,11.434954,Validation,0.660006,2.864197,4.078023,14.255890,30.294630,38.055805,57.120808,102.408485,184.285919,226.194412,476.257538
1985-12-29,6.603283,Validation,1.345206,4.013640,5.331442,15.461684,27.321079,35.033009,45.602196,71.300072,120.182549,150.150589,318.584961
1985-12-30,2.576891,Validation,-0.244129,0.409675,1.114942,3.013075,5.566106,7.953054,9.733903,15.505448,29.097559,39.808037,90.731277
1985-12-31,1.449501,Validation,-0.452562,-0.000154,0.447448,1.553244,2.784573,3.880776,5.019054,8.087249,15.336703,21.035484,44.931454
1986-01-01,1.449501,Training,-0.463958,-0.111327,0.306117,1.197528,2.166031,2.925053,3.893144,6.130702,11.501387,16.359228,34.681644
1986-01-02,1.127390,Training,-0.500756,-0.159729,0.140300,0.956700,1.755910,2.368582,3.250466,5.209081,9.590516,13.583752,29.057657
1986-01-03,1.127390,Training,-0.479041,-0.151634,0.137856,0.881795,1.560658,2.172220,2.852041,4.539851,7.998515,10.702306,22.383463
1986-01-04,0.644223,Training,-0.466210,-0.162511,0.110046,0.771876,1.393860,1.956449,2.532801,4.000680,6.866192,9.049727,18.877712
1986-01-05,0.322111,Training,-0.471572,-0.151230,0.111595,0.840069,1.468282,2.015378,2.656265,4.208051,7.233251,9.599097,20.196627
1986-01-06,0.322111,Training,-0.466166,-0.172455,0.091296,0.729845,1.313732,1.838602,2.369888,3.747155,6.347043,8.281425,17.326637
1986-01-07,1.127390,Training,-0.598427,-0.288142,-0.078394,0.681503,1.395724,2.070504,2.977883,5.059728,10.093174,14.490985,33.455868
1986-01-08,3.221114,Training,-0.601995,-0.198278,0.158808,1.352813,2.587584,3.765039,5.146811,8.725034,17.832581,25.525013,60.738892
1986-01-09,3.221114,Training,-0.576418,-0.256333,0.064633,0.896331,1.680051,2.432570,3.275561,5.528328,10.977837,15.845040,35.363194
1986-01-10,2.576891,Training,-0.543671,-0.256447,0.021139,0.692103,1.286218,1.865960,2.464658,4.093045,7.604956,10.480819,22.764297
1986-01-11,2.093724,Training,-0.524940,-0.256050,-0.013518,0.562992,1.066269,1.546692,2.037339,3.380442,6.084361,8.207043,17.527225
1986-01-12,1.449501,Training,-0.521070,-0.264854,-0.039355,0.495716,0.935561,1.361847,1.802563,3.021418,5.406940,7.268972,15.336424
1986-01-13,1.127390,Training,-0.529265,-0.287809,-0.090145,0.380039,0.755873,1.129664,1.503362,2.569617,4.618799,6.166219,13.102859
1986-01-14,1.127390,Training,-0.532717,-0.297676,-0.110830,0.330935,0.684018,1.038174,1.379996,2.379160,4.278182,5.676387,12.156034
1986-01-15,0.644223,Training,-0.541749,-0.323314,-0.167248,0.202868,0.490605,0.791704,1.066441,1.913613,3.514640,4.681201,10.283422
1986-01-16,0.322111,Training,-0.538721,-0.334510,-0.204210,0.107510,0.327989,0.573203,0.791346,1.503242,2.854791,3.878705,8.765891
1986-01-17,0.322111,Training,-0.505851,-0.311309,-0.216449,0.013531,0.173978,0.363428,0.516658,1.054677,2.031764,2.734510,6.576200
1986-01-18,0.322111,Training,-0.507966,-0.313302,-0.220445,0.006393,0.171064,0.363328,0.515538,1.048749,2.008327,2.674234,6.462269
1986-01-19,0.161056,Training,-0.509275,-0.314321,-0.220714,0.008657,0.171376,0.362930,0.514034,1.047958,2.009357,2.682425,6.465715
1986-01-20,0.161056,Training,-0.519731,-0.324936,-0.223200,0.017081,0.196868,0.402396,0.561616,1.123012,2.144397,2.859143,6.820258
1986-01-21,0.000000,Training,-0.510707,-0.317909,-0.244364,-0.020344,0.143071,0.317556,0.469647,0.980650,1.931361,2.669894,6.662290
1986-01-22,0.322111,Training,-0.521440,-0.328432,-0.233633,-0.022745,0.142755,0.336547,0.470635,0.980238,1.971218,2.689570,6.780093
1986-01-23,0.161056,Training,-0.519124,-0.326933,-0.228423,-0.006821,0.155417,0.348464,0.487099,1.014629,2.035801,2.791354,6.891250
1986-01-24,0.000000,Training,-0.515830,-0.326362,-0.226895,-0.006828,0.150059,0.335280,0.470182,0.992163,1.988831,2.743674,6.755676
1986-01-25,0.000000,Training,-0.524756,-0.330932,-0.227897,0.011123,0.182560,0.383792,0.533480,1.091574,2.147976,2.915739,7.024930
1986-01-26,0.000000,Training,-0.478594,-0.296110,-0.215590,-0.049218,0.094307,0.257660,0.367167,0.797176,1.562173,2.091395,5.374404
1986-01-27,0.000000,Training,-0.451648,-0.273342,-0.200154,-0.062367,0.068077,0.214574,0.309800,0.691758,1.348418,1.792455,4.750130
1986-01-28,0.000000,Training,-0.441398,-0.269039,-0.195273,-0.072785,0.057278,0.200063,0.288198,0.650243,1.265395,1.684859,4.547287
1986-01-29,0.000000,Training,-0.455704,-0.267183,-0.209336,-0.051304,0.080358,0.218222,0.323752,0.717310,1.400985,1.895850,5.014831
1986-01-30,0.000000,Training,-0.486076,-0.295389,-0.226513,-0.061451,0.095626,0.251971,0.363306,0.782524,1.580018,2.175117,5.791957
1986-01-31,0.000000,Training,-0.487994,-0.321248,-0.226028,-0.089591,0.085760,0.264830,0.362250,0.770672,1.570565,2.202201,6.055682
1986-02-01,0.000000,Training,-0.501822,-0.318578,-0.228613,-0.063376,0.112423,0.288341,0.401539,0.850700,1.739182,2.423124,6.348343
1986-02-02,0.000000,Training,-0.504029,-0.333879,-0.231923,-0.068804,0.116910,0.310066,0.423794,0.883850,1.777582,2.488523,6.550637
1986-02-03,0.000000,Training,-0.499938,-0.318671,-0.226679,-0.055595,0.123594,0.304907,0.423807,0.885747,1.772477,2.459791,6.328556
1986-02-04,0.000000,Training,-0.501367,-0.312796,-0.222091,-0.039601,0.132139,0.311847,0.434104,0.909401,1.822107,2.511038,6.364192
1986-02-05,0.000000,Training,-0.495995,-0.312963,-0.218387,-0.044082,0.128446,0.309832,0.427064,0.894727,1.786097,2.464499,6.266140
1986-02-06,0.000000,Training,-0.496549,-0.322026,-0.221806,-0.051567,0.129851,0.319992,0.435898,0.903738,1.792637,2.491722,6.399311
1986-02-07,0.000000,Training,-0.535775,-0.340522,-0.253726,-0.029389,0.182217,0.383807,0.543941,1.092769,2.233345,3.175367,7.957417
1986-02-08,0.000000,Training,-0.720041,-0.384702,-0.196592,0.539910,1.554332,2.468069,3.323600,6.680381,17.607071,25.732689,69.046646
1986-02-09,0.000000,Training,-0.678067,-0.299190,-0.027301,0.796261,2.187513,3.361875,4.184572,8.090513,20.335165,29.068480,76.246239
1986-02-10,0.000000,Training,-0.618521,-0.343008,-0.089767,0.387325,1.039114,1.640271,1.995903,3.712204,8.446233,12.586633,30.478041
1986-02-11,0.000000,Training,-0.627866,-0.310853,-0.111745,0.459451,1.081142,1.608190,2.083567,3.885473,8.635148,12.851708,29.904627
1986-02-12,0.000000,Training,-0.610660,-0.317530,-0.087429,0.457057,0.996597,1.495363,1.933500,3.537728,7.610891,11.289356,25.847363
1986-02-13,0.000000,Training,-0.626008,-0.176341,0.239147,1.601467,3.805008,5.287015,7.323993,14.842487,34.944790,52.750916,124.045494
1986-02-14,23.836242,Training,1.004558,3.226810,6.058509,18.091888,41.606960,49.791386,69.213737,135.084595,230.245483,311.409271,615.423218
1986-02-15,11.434954,Training,0.393495,1.848838,3.297976,8.999538,17.292383,22.320145,27.955130,49.550568,88.877075,119.417976,251.813263
1986-02-16,6.603283,Training,-0.240791,0.480923,1.324557,3.830871,7.647228,9.860827,12.780980,23.153578,45.792809,67.437988,151.875732
1986-02-17,5.798005,Training,-0.221959,0.642090,1.251206,4.017865,7.563556,10.285981,13.109633,23.382639,46.607346,63.349274,140.374313
1986-02-18,14.011845,Training,-0.407955,0.158010,0.702267,2.274468,4.153756,5.728219,7.201252,12.650844,25.489574,35.784286,78.587334
1986-02-19,10.629675,Training,0.092024,1.397160,2.392385,7.644600,14.524462,19.290274,26.289455,47.201237,90.549904,119.658348,254.703384
1986-02-20,24.963632,Training,1.500448,4.056725,5.929638,16.946732,32.306225,39.792259,51.305660,86.557526,139.237061,181.925751,367.324829
1986-02-21,40.908145,Training,1.305601,3.326491,5.404202,14.209107,26.870131,33.308456,42.628635,70.998329,115.091240,155.978317,323.290710
1986-02-22,17.877181,Training,0.324459,1.391468,2.759682,6.688769,11.350366,15.438783,18.649900,30.124540,51.861275,69.339256,152.750381
1986-02-23,10.629675,Training,-0.175557,0.429173,1.154095,2.895043,4.703641,6.466219,7.969028,12.408060,21.800468,29.537212,63.813694
1986-02-24,8.052784,Training,-0.250831,0.210893,0.796352,2.044097,3.353465,4.498272,5.662936,8.554448,14.636456,20.198318,43.223190
1986-02-25,5.798005,Training,-0.316680,0.071959,0.512033,1.474452,2.404452,3.237283,4.076182,6.180560,10.200127,13.654572,28.356655
1986-02-26,5.153782,Training,-0.416929,-0.108824,0.218819,0.927503,1.580145,2.174812,2.772910,4.360136,7.300518,9.810262,20.128681
1986-02-27,3.865337,Training,-0.500802,-0.237960,-0.002677,0.557828,1.045651,1.479971,1.952462,3.229328,5.622940,7.754327,16.329449
1986-02-28,3.221114,Training,-0.561174,-0.324048,-0.104561,0.415418,0.881378,1.281893,1.743755,3.013231,5.644856,8.279902,18.276819
1986-03-01,3.221114,Training,-0.639449,-0.360031,-0.139714,0.524456,1.177740,1.791193,2.474452,4.473197,9.361863,14.076608,33.232300
1986-03-02,2.576891,Training,-0.679650,-0.303495,-0.004300,1.102267,2.482293,3.765913,5.026494,9.645274,21.278526,30.625975,75.329132
1986-03-03,46.545094,Training,0.757543,3.138710,4.994991,16.306391,32.575241,42.789066,55.999496,98.708191,161.232239,196.810959,381.222473
1986-03-04,130.132996,Training,4.092927,8.611135,11.841085,32.142803,57.184406,71.159218,87.721214,133.390091,187.357025,234.565262,411.101685
1986-03-05,27.057356,Training,1.360227,3.451933,5.460107,13.600450,23.822996,30.891609,37.167782,58.514664,90.387367,118.495193,238.706177
1986-03-06,14.978179,Training,0.051539,0.876883,1.931687,4.669297,7.740191,10.724003,12.915444,20.352140,34.693287,46.828079,101.158607
1986-03-07,12.240232,Training,-0.056920,0.949795,1.760878,5.356944,9.498418,13.269410,17.211891,28.704569,53.187622,71.738052,153.662018
1986-03-08,9.663341,Training,-0.207612,0.560325,1.338247,3.845199,6.673410,9.368125,11.623800,19.167410,34.583935,46.423119,100.706604
1986-03-09,7.408562,Training,-0.396963,0.051224,0.561687,1.737981,2.971527,4.170106,5.233130,8.464079,15.464410,21.530296,46.198872
1986-03-10,5.798005,Training,-0.469959,-0.130418,0.239895,1.024000,1.797947,2.532990,3.214632,5.244999,9.442151,13.161077,27.939840
1986-03-11,5.153782,Training,-0.504986,-0.232312,0.026343,0.573556,1.072251,1.543878,2.004247,3.347164,5.991050,8.298851,17.489813
1986-03-12,4.509559,Training,-0.520738,-0.278764,-0.085219,0.340479,0.703122,1.059507,1.398064,2.412525,4.350254,5.969805,12.787810
1986-03-13,3.865337,Training,-0.527360,-0.293039,-0.113011,0.296934,0.630505,0.963575,1.279460,2.232041,4.026750,5.520250,11.915734
1986-03-14,3.221114,Training,-0.533024,-0.308501,-0.137645,0.246047,0.546230,0.858285,1.139839,2.023207,3.675724,5.030198,10.965548
1986-03-15,2.576891,Training,-0.540523,-0.330087,-0.160391,0.201048,0.474994,0.763254,1.020271,1.855163,3.446571,4.832021,10.639717
1986-03-16,2.576891,Training,-0.545390,-0.339709,-0.175431,0.172143,0.428070,0.704445,0.940859,1.737465,3.263348,4.592756,10.220614
1986-03-17,2.093724,Training,-0.552691,-0.352379,-0.187898,0.152534,0.401035,0.669714,0.893760,1.671656,3.203099,4.586831,10.324566
1986-03-18,2.093724,Training,-0.558800,-0.356921,-0.209073,0.121151,0.354965,0.607759,0.818774,1.557720,3.036963,4.391541,10.094740
1986-03-19,1.449501,Training,-0.558595,-0.370002,-0.219615,0.070540,0.277219,0.512169,0.679281,1.344059,2.749448,4.082889,9.652988
1986-03-20,1.449501,Training,-0.540137,-0.357807,-0.223103,0.023462,0.196113,0.401171,0.530825,1.101182,2.306263,3.433721,8.343176
1986-03-21,1.127390,Training,-0.528824,-0.354668,-0.228890,-0.023706,0.122801,0.300773,0.392902,0.885428,1.952931,2.952858,7.552174
1986-03-22,1.127390,Training,-0.485870,-0.311686,-0.210457,-0.057803,0.057250,0.200204,0.260886,0.656501,1.480754,2.220732,6.032686
1986-03-23,0.644223,Training,-0.439008,-0.262980,-0.183274,-0.071760,0.024563,0.140795,0.186396,0.511632,1.151856,1.700457,4.876044
1986-03-24,0.644223,Training,-0.411603,-0.231991,-0.164306,-0.053229,0.041927,0.153092,0.210041,0.521944,1.082768,1.551567,4.334285
1986-03-25,0.644223,Training,-0.418956,-0.227484,-0.172398,-0.039370,0.052658,0.172571,0.239454,0.566849,1.129740,1.557807,4.248223
1986-03-26,0.322111,Training,-0.374884,-0.186118,-0.139393,-0.049676,0.030144,0.129705,0.184164,0.453036,0.879707,1.187289,3.448156
1986-03-27,0.322111,Training,-0.365871,-0.181549,-0.128922,-0.046455,0.034061,0.125640,0.176668,0.437990,0.860819,1.205974,3.512096
1986-03-28,0.322111,Training,-0.368704,-0.182992,-0.131823,-0.045939,0.036188,0.127257,0.178947,0.441617,0.869795,1.225443,3.567296
1986-03-29,0.161056,Training,-0.371876,-0.183574,-0.133261,-0.044456,0.035187,0.128877,0.179488,0.444057,0.872912,1.218771,3.546267
1986-03-30,0.161056,Training,-0.368151,-0.183535,-0.128367,-0.048727,0.031823,0.121785,0.167224,0.423595,0.856087,1.223321,3.611168
1986-03-31,0.161056,Training,-0.368843,-0.185733,-0.128095,-0.064504,0.012147,0.095160,0.128205,0.369158,0.805008,1.176516,3.667515
1986-04-01,0.000000,Test,-0.362795,-0.180277,-0.123213,-0.060080,0.017371,0.099467,0.136050,0.374656,0.796635,1.157179,3.572948
1986-04-02,0.000000,Test,-0.374373,-0.188133,-0.148439,-0.041112,0.047687,0.138706,0.196092,0.467592,0.904232,1.306641,3.765032
1986-04-03,0.000000,Test,-0.395222,-0.198429,-0.143331,-0.041905,0.043626,0.145939,0.189772,0.462778,0.939562,1.346951,3.961373
1986-04-04,0.000000,Test,-0.391879,-0.196446,-0.148796,-0.034831,0.058383,0.157854,0.209962,0.492905,0.984030,1.436603,4.128722
1986-04-05,1.127390,Test,-0.410082,0.000892,0.311485,1.200282,1.500579,2.064908,1.965229,2.735619,5.205010,7.855839,18.605108
1986-04-06,15.944513,Test,-0.365708,0.652984,1.118350,3.958197,8.839499,11.276731,13.320491,26.643486,59.109848,82.274094,177.613052
1986-04-07,8.052784,Test,-0.548076,-0.101763,0.126946,0.885247,1.707408,2.449108,2.730601,5.227303,11.821006,16.339916,38.869961
1986-04-08,5.153782,Test,-0.567909,-0.216010,-0.040082,0.470686,1.016551,1.515525,1.770404,3.277308,7.180354,10.486454,24.447296
1986-04-09,3.865337,Test,-0.531747,-0.273791,-0.127439,0.165910,0.419220,0.698095,0.859019,1.609769,3.373709,4.833880,11.306875
1986-04-10,2.576891,Test,-0.499243,-0.253688,-0.130641,0.151334,0.345994,0.572879,0.730804,1.385258,2.823733,4.073872,9.490748
1986-04-11,2.093724,Test,-0.534729,-0.279309,-0.158877,0.192524,0.424542,0.682104,0.891339,1.658357,3.344926,4.814995,11.121547
1986-04-12,1.449501,Test,-0.524209,-0.283096,-0.163732,0.151097,0.338704,0.581130,0.746191,1.428901,2.897596,4.138256,9.654202
1986-04-13,1.127390,Test,-0.509779,-0.277371,-0.173812,0.110169,0.270959,0.490757,0.633694,1.237457,2.499716,3.534472,8.363081
1986-04-14,1.127390,Test,-0.551968,-0.292025,-0.210616,0.160915,0.387221,0.656325,0.862070,1.594234,3.396449,5.051115,12.074594
1986-04-15,1.127390,Test,-0.604519,-0.340434,-0.208759,0.169218,0.391599,0.697956,0.842429,1.671854,3.728449,5.586431,13.939109
1986-04-16,0.644223,Test,-0.596604,-0.316041,-0.210004,0.196129,0.447411,0.751751,0.920169,1.788628,3.967942,6.104035,14.923984
1986-04-17,0.644223,Test,-0.605541,-0.341077,-0.218560,0.159925,0.384803,0.684613,0.833248,1.632108,3.616137,5.409151,13.423286
1986-04-18,0.644223,Test,-0.559756,-0.315325,-0.195772,0.116225,0.289847,0.543871,0.661745,1.314560,2.857769,4.212041,10.307088
1986-04-19,0.322111,Test,-0.558308,-0.312279,-0.189237,0.160291,0.333815,0.583800,0.722020,1.409978,2.991198,4.518146,10.806019
1986-04-20,0.322111,Test,-0.560072,-0.324201,-0.178546,0.175993,0.349788,0.613466,0.743558,1.454592,3.090221,4.742826,11.225390
1986-04-21,0.322111,Test,-0.538457,-0.299404,-0.196592,0.119565,0.264267,0.473884,0.586454,1.169453,2.519202,3.888426,9.480471
1986-04-22,0.322111,Test,-0.553263,-0.312348,-0.201383,0.125189,0.270707,0.493929,0.598130,1.197397,2.617122,4.081920,10.031823
1986-04-23,0.322111,Test,-0.540312,-0.297952,-0.204522,0.102045,0.234129,0.439331,0.536817,1.082135,2.361754,3.618842,8.970828
1986-04-24,0.161056,Test,-0.545892,-0.272362,-0.196438,0.152527,0.312818,0.569673,0.663889,1.220591,2.733483,4.300715,10.882879
1986-04-25,0.000000,Test,-0.652108,-0.327547,-0.247018,0.167242,0.457640,0.850884,0.886636,1.804672,4.346771,6.559555,17.981091
1986-04-26,0.000000,Test,-0.609020,-0.310430,-0.196735,0.178895,0.394606,0.717819,0.772598,1.561333,3.593395,5.421775,14.046760
1986-04-27,0.000000,Test,-0.515441,-0.274505,-0.173498,0.076330,0.189183,0.389013,0.423787,0.905236,2.025758,3.084545,8.031533
1986-04-28,0.000000,Test,-0.483377,-0.255791,-0.162699,0.062995,0.155634,0.327969,0.362167,0.786848,1.748182,2.704355,7.053229
1986-04-29,0.000000,Test,-0.469036,-0.242786,-0.154247,0.054135,0.129251,0.282744,0.297662,0.686489,1.571616,2.498905,6.749249
1986-04-30,0.000000,Test,-0.442763,-0.200620,-0.134670,0.022737,0.056130,0.167479,0.158992,0.431260,1.025033,1.665688,4.937064
1986-05-01,0.000000,Test,-0.434894,-0.194704,-0.133746,0.019250,0.052438,0.160104,0.155150,0.423864,1.002603,1.613850,4.778910
1986-05-02,0.000000,Test,-0.430337,-0.200475,-0.140163,0.026942,0.074265,0.190932,0.197478,0.502699,1.161089,1.828462,5.198909
1986-05-03,0.000000,Test,-0.366741,-0.147732,-0.113339,0.007815,0.055880,0.149717,0.182214,0.434772,0.902556,1.303131,3.753947
1986-05-04,0.000000,Test,-0.361213,-0.136169,-0.113502,0.013092,0.059116,0.146509,0.181645,0.422200,0.873821,1.285931,3.734325
1986-05-05,0.000000,Test,-0.334320,-0.118565,-0.099379,0.007267,0.047879,0.114708,0.134223,0.316783,0.661855,1.082522,3.466421
1986-05-06,0.000000,Test,-0.377845,-0.149816,-0.102684,-0.010007,0.035816,0.114882,0.115746,0.308118,0.705641,1.122433,3.766084
1986-05-07,0.000000,Test,-0.361298,-0.138197,-0.093484,-0.008008,0.032621,0.107746,0.111603,0.298187,0.677419,1.070346,3.559610
1986-05-08,0.000000,Test,-0.367380,-0.131560,-0.096480,-0.020352,0.002146,0.062834,0.059954,0.217545,0.532488,0.867271,3.121912
1986-05-09,0.000000,Test,-0.392905,-0.120637,-0.098080,-0.006945,-0.008108,0.048352,0.043007,0.169190,0.438622,0.737502,2.755587
1986-05-10,0.000000,Test,-0.390218,-0.108757,-0.092340,-0.007293,-0.014557,0.034044,0.030731,0.139107,0.370217,0.628794,2.467541
1986-05-11,0.000000,Test,-0.384497,-0.099165,-0.087706,-0.005230,-0.016605,0.028039,0.025293,0.125115,0.338260,0.580137,2.335172
1986-05-12,0.000000,Test,-0.380694,-0.093851,-0.086072,-0.000886,-0.015140,0.029670,0.025961,0.123756,0.337306,0.583061,2.338177
1986-05-13,0.000000,Test,-0.344259,-0.077775,-0.065392,-0.019256,-0.021059,0.008551,0.015117,0.103919,0.276952,0.476763,2.082976
1986-05-14,0.000000,Test,-0.292019,-0.061387,-0.037431,-0.027657,-0.006204,0.011546,0.031944,0.125653,0.282725,0.460505,2.007312
1986-05-15,0.000000,Test,-0.307552,-0.063980,-0.038220,-0.031778,-0.016115,-0.003360,0.018263,0.098315,0.227713,0.384523,1.821760
1986-05-16,0.000000,Test,-0.323724,-0.066346,-0.042031,-0.032127,-0.023011,-0.012058,0.008718,0.077390,0.189381,0.334332,1.695785
1986-05-17,0.000000,Test,-0.331011,-0.066141,-0.042552,-0.032324,-0.026723,-0.018444,0.001641,0.061403,0.158785,0.295499,1.599302
1986-05-18,0.000000,Test,-0.339089,-0.065271,-0.045089,-0.031832,-0.028216,-0.024147,-0.003495,0.046611,0.128737,0.261628,1.519502
1986-05-19,0.000000,Test,-0.328897,-0.062719,-0.039226,-0.031302,-0.026408,-0.020738,-0.000740,0.053591,0.142183,0.276345,1.555226
1986-05-20,0.000000,Test,-0.299504,-0.053843,-0.028894,-0.028546,-0.014204,-0.007792,0.015081,0.082447,0.191682,0.341106,1.712036
1986-05-21,0.000000,Test,-0.313168,-0.059053,-0.036809,-0.028691,-0.019684,-0.010047,0.010085,0.076328,0.188177,0.337680,1.708923
1986-05-22,0.000000,Test,-0.332437,-0.060903,-0.045164,-0.024398,-0.026460,-0.014744,0.000548,0.056707,0.160081,0.307360,1.641772
1986-05-23,0.000000,Test,-0.333594,-0.056203,-0.045011,-0.019955,-0.027186,-0.015902,-0.002858,0.046871,0.145051,0.294169,1.617901
1986-05-24,0.000000,Test,-0.353851,-0.069462,-0.044267,-0.030526,-0.032623,-0.030941,-0.012415,0.024696,0.084106,0.202573,1.367208
1986-05-25,0.000000,Test,-0.357652,-0.069635,-0.044103,-0.029377,-0.032527,-0.032280,-0.013853,0.019299,0.071561,0.188342,1.334017
1986-05-26,0.000000,Test,-0.347909,-0.064564,-0.037700,-0.030428,-0.030131,-0.033017,-0.011822,0.019993,0.070855,0.187183,1.332310
1986-05-27,0.000000,Test,-0.353988,-0.066433,-0.039848,-0.029104,-0.030960,-0.033311,-0.013332,0.016242,0.063088,0.178210,1.310623
1986-05-28,0.000000,Test,-0.355483,-0.066759,-0.040463,-0.028645,-0.031318,-0.033518,-0.014004,0.014926,0.060801,0.175799,1.305372
1986-05-29,0.000000,Test,-0.325552,-0.055636,-0.027618,-0.030381,-0.023652,-0.028354,-0.003617,0.033690,0.094464,0.217036,1.408023
1986-05-30,0.000000,Test,-0.303364,-0.009355,0.053990,0.136121,0.145153,0.145450,0.174267,0.203256,0.316549,0.591176,2.267110
1986-05-31,0.000000,Test,-0.436881,-0.133583,-0.078011,-0.020538,0.027320,0.054024,0.082884,0.146964,0.317061,0.565289,2.545832
1986-06-01,0.000000,Test,-0.400685,-0.111633,-0.053607,-0.015567,0.016025,0.041336,0.065680,0.127381,0.260078,0.483163,2.184311
1986-06-02,0.000000,Test,-0.357785,-0.087324,-0.053489,-0.032152,-0.005846,-0.000361,0.026065,0.079000,0.185583,0.377695,1.879676
1986-06-03,0.000000,Test,-0.345557,-0.072149,-0.045531,-0.029498,-0.010351,-0.010556,0.016881,0.064446,0.155031,0.325288,1.731309
1986-06-04,0.000000,Test,-0.340148,-0.064837,-0.039422,-0.027134,-0.013285,-0.014799,0.012592,0.057153,0.139289,0.295894,1.647387
1986-06-05,0.000000,Test,-0.371718,-0.073189,-0.053732,-0.027213,-0.027798,-0.028857,-0.006839,0.023669,0.081490,0.219388,1.452564
1986-06-06,0.000000,Test,-0.355877,-0.066884,-0.044857,-0.028608,-0.027357,-0.029687,-0.006590,0.026740,0.087356,0.221504,1.455996
1986-06-07,0.000000,Test,-0.308958,-0.046239,-0.023700,-0.025483,-0.012581,-0.019338,0.009274,0.052608,0.128625,0.273634,1.584181
1986-06-08,0.000000,Test,-0.314241,-0.047214,-0.024691,-0.026367,-0.018808,-0.024881,0.001803,0.041370,0.109425,0.244960,1.508891
1986-06-09,0.000000,Test,-0.327597,-0.051399,-0.030677,-0.027504,-0.026024,-0.031123,-0.006592,0.027662,0.087029,0.214176,1.430439
1986-06-10,0.000000,Test,-0.328314,-0.051177,-0.031279,-0.028318,-0.028431,-0.033873,-0.010127,0.022351,0.078776,0.202902,1.403246
1986-06-11,0.000000,Test,-0.333479,-0.053059,-0.033852,-0.028963,-0.031479,-0.036581,-0.014264,0.016005,0.068763,0.189891,1.371954
1986-06-12,0.000000,Test,-0.359156,-0.062154,-0.044167,-0.025521,-0.037215,-0.039919,-0.023285,-0.001180,0.036031,0.150741,1.275129
1986-06-13,0.000000,Test,-0.360126,-0.062947,-0.045075,-0.026432,-0.038064,-0.040921,-0.024630,-0.003154,0.034093,0.149273,1.276383
1986-06-14,0.000000,Test,-0.333227,-0.053867,-0.034757,-0.031009,-0.033219,-0.038978,-0.017496,0.011389,0.063903,0.186046,1.372950
1986-06-15,0.000000,Test,-0.314278,-0.046006,-0.026238,-0.030481,-0.028100,-0.035570,-0.011899,0.020681,0.078827,0.204421,1.416079
1986-06-16,0.000000,Test,-0.311988,-0.044256,-0.025645,-0.030649,-0.028998,-0.036905,-0.013439,0.017940,0.075126,0.199513,1.403273
1986-06-17,0.000000,Test,-0.323527,-0.044418,-0.029749,-0.028067,-0.034378,-0.042344,-0.021454,0.001153,0.047607,0.167546,1.336941
1986-06-18,0.000000,Test,-0.319796,-0.048739,-0.024971,-0.028778,-0.027280,-0.034736,-0.011582,0.018933,0.071052,0.191154,1.362702
1986-06-19,0.000000,Test,-0.318855,-0.049087,-0.024802,-0.029302,-0.026905,-0.034305,-0.010858,0.020727,0.074544,0.195282,1.372568
1986-06-20,0.000000,Test,-0.288241,-0.033851,-0.010753,-0.024376,-0.015666,-0.025881,-0.000069,0.035069,0.097501,0.227034,1.454856
1986-06-21,0.000000,Test,-0.279338,-0.030407,-0.006607,-0.022629,-0.010422,-0.020858,0.006091,0.043828,0.111626,0.243881,1.490203
1986-06-22,0.000000,Test,-0.285537,-0.034050,-0.009272,-0.024373,-0.013102,-0.023018,0.003969,0.041524,0.108101,0.238255,1.476876
1986-06-23,0.000000,Test,-0.309647,-0.043985,-0.025944,-0.029737,-0.021639,-0.032365,-0.005354,0.027838,0.088197,0.219746,1.443799
1986-06-24,0.000000,Test,-0.313339,-0.048068,-0.022664,-0.029990,-0.024121,-0.032060,-0.007395,0.026521,0.085919,0.210600,1.416748
1986-06-25,0.000000,Test,-0.318507,-0.050382,-0.024971,-0.030814,-0.026640,-0.034728,-0.010653,0.021075,0.076944,0.199436,1.390359
1986-06-26,0.000000,Test,-0.313035,-0.048952,-0.022878,-0.031163,-0.024868,-0.033370,-0.008446,0.025527,0.084748,0.208932,1.413050
1986-06-27,0.000000,Test,-0.327799,-0.054844,-0.029533,-0.032021,-0.030278,-0.037073,-0.014145,0.016706,0.070740,0.190126,1.367531
1986-06-28,0.000000,Test,-0.330532,-0.055887,-0.030736,-0.032142,-0.031220,-0.037674,-0.015046,0.015334,0.068535,0.187020,1.360602
1986-06-29,0.000000,Test,-0.315110,-0.049809,-0.023994,-0.031508,-0.025809,-0.033697,-0.008729,0.025836,0.085458,0.208752,1.414069
1986-06-30,0.000000,Test,-0.327000,-0.054954,-0.029371,-0.032436,-0.029975,-0.036422,-0.012918,0.019621,0.075853,0.195643,1.381697
1986-07-01,0.000000,Training,-0.342025,-0.060737,-0.035742,-0.032400,-0.034316,-0.039238,-0.018098,0.010667,0.060735,0.176173,1.334524
1986-07-02,0.000000,Training,-0.352014,-0.064378,-0.039692,-0.031655,-0.036503,-0.040694,-0.021448,0.004251,0.049070,0.162187,1.302672
1986-07-03,0.000000,Training,-0.350746,-0.064153,-0.039254,-0.032319,-0.036203,-0.040813,-0.021037,0.005029,0.051163,0.165257,1.313275
1986-07-04,0.000000,Training,-0.356984,-0.066664,-0.041839,-0.031625,-0.037157,-0.040921,-0.022387,0.002338,0.046268,0.159677,1.301721
1986-07-05,0.000000,Training,-0.367402,-0.070949,-0.046029,-0.029845,-0.038161,-0.040299,-0.023863,-0.000923,0.039072,0.151479,1.282926
1986-07-06,0.000000,Training,-0.375619,-0.074474,-0.049243,-0.028239,-0.038381,-0.039420,-0.024503,-0.003110,0.033879,0.146549,1.274596
1986-07-07,0.000000,Training,-0.359410,-0.069227,-0.043520,-0.033168,-0.036591,-0.039903,-0.020594,0.005748,0.054615,0.171234,1.338404
1986-07-08,0.000000,Training,-0.349834,-0.065297,-0.039027,-0.033959,-0.034919,-0.039634,-0.018421,0.009558,0.061452,0.178988,1.355513
1986-07-09,0.000000,Training,-0.349536,-0.064360,-0.038365,-0.033395,-0.035482,-0.040122,-0.019219,0.007970,0.058326,0.173680,1.339889
1986-07-10,0.000000,Training,-0.346733,-0.062733,-0.036668,-0.033191,-0.034659,-0.039685,-0.018058,0.009118,0.060240,0.175665,1.345659
1986-07-11,0.000000,Training,-0.346353,-0.060851,-0.036212,-0.031910,-0.034942,-0.040106,-0.019131,0.005702,0.055133,0.170468,1.339551
1986-07-12,0.000000,Training,-0.337553,-0.059926,-0.032458,-0.034067,-0.031686,-0.037671,-0.013601,0.016682,0.073550,0.191639,1.385629
1986-07-13,0.000000,Training,-0.332907,-0.058187,-0.030312,-0.034019,-0.030155,-0.036490,-0.011487,0.020217,0.079415,0.198701,1.402563
1986-07-14,0.000000,Training,-0.341696,-0.061646,-0.033951,-0.033999,-0.032644,-0.037781,-0.014204,0.015496,0.071702,0.188071,1.377132
1986-07-15,0.000000,Training,-0.354945,-0.067083,-0.039616,-0.033198,-0.035217,-0.038410,-0.017206,0.010021,0.062297,0.176067,1.350025
1986-07-16,0.000000,Training,-0.360082,-0.069450,-0.041836,-0.032993,-0.035765,-0.038318,-0.017791,0.008736,0.060235,0.173916,1.348092
1986-07-17,0.000000,Training,-0.363149,-0.070957,-0.043057,-0.032927,-0.035891,-0.038163,-0.017935,0.008077,0.059301,0.173281,1.350029
1986-07-18,0.000000,Training,-0.374299,-0.075731,-0.047371,-0.030800,-0.036411,-0.036869,-0.018756,0.005389,0.052894,0.166263,1.336001
1986-07-19,0.000000,Training,-0.359243,-0.070548,-0.042044,-0.034532,-0.034558,-0.036817,-0.014930,0.014090,0.072184,0.189429,1.394802
1986-07-20,0.000000,Training,-0.365964,-0.073459,-0.044464,-0.033604,-0.035184,-0.036336,-0.015603,0.012253,0.067992,0.183874,1.381195
1986-07-21,0.000000,Training,-0.365357,-0.073021,-0.043814,-0.033609,-0.035081,-0.036241,-0.015206,0.012816,0.068687,0.183701,1.379937
1986-07-22,0.000000,Training,-0.342402,-0.064369,-0.034445,-0.035857,-0.030215,-0.034305,-0.008334,0.025834,0.092575,0.213667,1.452601
1986-07-23,0.000000,Training,-0.323409,-0.056476,-0.025766,-0.034738,-0.023894,-0.030039,-0.001000,0.037709,0.110519,0.236643,1.504201
1986-07-24,0.000000,Training,-0.327085,-0.057895,-0.026887,-0.035053,-0.025375,-0.030900,-0.002043,0.035919,0.107272,0.230531,1.486444
1986-07-25,0.000000,Training,-0.320552,-0.054982,-0.023579,-0.034437,-0.022835,-0.029212,0.000871,0.040046,0.113153,0.237929,1.503626
1986-07-26,0.000000,Training,-0.325983,-0.057429,-0.025733,-0.035138,-0.024591,-0.030449,-0.000677,0.037437,0.109274,0.232104,1.490502
1986-07-27,0.000000,Training,-0.348953,-0.067261,-0.035531,-0.036109,-0.030877,-0.033803,-0.007333,0.026143,0.091866,0.208260,1.436400
1986-07-28,0.000000,Training,-0.360398,-0.072225,-0.040077,-0.035696,-0.032605,-0.034190,-0.009376,0.021835,0.084366,0.198847,1.417647
1986-07-29,0.000000,Training,-0.367625,-0.075708,-0.042917,-0.035381,-0.033034,-0.033803,-0.009787,0.020389,0.081739,0.196190,1.415955
1986-07-30,0.000000,Training,-0.367570,-0.076153,-0.042863,-0.036014,-0.032571,-0.033436,-0.008799,0.021901,0.085103,0.200712,1.430408
1986-07-31,0.000000,Training,-0.345673,-0.067362,-0.033849,-0.037616,-0.028110,-0.031788,-0.002708,0.033416,0.105812,0.227113,1.492848
1986-08-01,0.000000,Training,-0.343518,-0.066567,-0.032533,-0.037522,-0.027275,-0.030898,-0.001171,0.035880,0.109523,0.230800,1.499414
1986-08-02,0.000000,Training,-0.355457,-0.071574,-0.037120,-0.037385,-0.029699,-0.031500,-0.003429,0.031389,0.102004,0.219514,1.472607
1986-08-03,0.000000,Training,-0.337789,-0.064353,-0.029597,-0.037557,-0.024992,-0.029137,0.002449,0.041594,0.118786,0.241767,1.525334
1986-08-04,0.000000,Training,-0.317710,-0.055626,-0.020451,-0.035410,-0.017401,-0.023857,0.010613,0.054255,0.137371,0.267213,1.584095
1986-08-05,0.000000,Training,-0.330103,-0.061313,-0.025514,-0.037030,-0.021587,-0.026428,0.007195,0.048735,0.129487,0.254799,1.554462
1986-08-06,0.000000,Training,-0.349538,-0.069856,-0.033439,-0.038302,-0.026615,-0.029058,0.002316,0.039849,0.116241,0.235814,1.513001
1986-08-07,0.000000,Training,-0.347761,-0.069421,-0.032631,-0.038780,-0.025875,-0.028681,0.003609,0.041984,0.120140,0.240833,1.526990
1986-08-08,0.000000,Training,-0.339129,-0.065949,-0.028727,-0.038678,-0.023051,-0.027122,0.007054,0.047563,0.128871,0.252802,1.555960
1986-08-09,0.000000,Training,-0.334559,-0.063855,-0.026206,-0.038359,-0.021164,-0.026050,0.009312,0.050508,0.132911,0.258239,1.568747
1986-08-10,0.000000,Training,-0.327201,-0.060428,-0.022496,-0.037535,-0.018261,-0.024202,0.012577,0.055029,0.139294,0.267061,1.589441
1986-08-11,0.000000,Training,-0.317725,-0.056176,-0.018071,-0.036151,-0.014196,-0.021007,0.017184,0.061940,0.149629,0.281126,1.622583
1986-08-12,0.000000,Training,-0.335287,-0.064473,-0.025564,-0.038653,-0.019858,-0.024473,0.012422,0.054160,0.139478,0.265756,1.590190
1986-08-13,0.000000,Training,-0.342785,-0.068163,-0.028828,-0.039605,-0.021496,-0.024973,0.011571,0.052490,0.138237,0.263344,1.588461
1986-08-14,0.000000,Training,-0.354107,-0.073737,-0.033715,-0.040580,-0.023547,-0.025370,0.010271,0.049942,0.135657,0.259121,1.583886
1986-08-15,0.000000,Training,-0.349760,-0.072182,-0.031991,-0.040944,-0.022131,-0.024467,0.012482,0.053762,0.142519,0.268498,1.608285
1986-08-16,0.000000,Training,-0.341930,-0.068924,-0.028544,-0.040711,-0.019531,-0.022892,0.015782,0.059108,0.150977,0.280296,1.636553
1986-08-17,0.000000,Training,-0.331186,-0.064030,-0.023568,-0.039626,-0.015657,-0.020418,0.020144,0.065709,0.160433,0.293638,1.666769
1986-08-18,0.000000,Training,-0.327366,-0.062183,-0.021557,-0.039242,-0.013881,-0.019267,0.022338,0.068485,0.164462,0.299259,1.680611
1986-08-19,0.000000,Training,-0.338658,-0.067768,-0.026359,-0.041073,-0.017062,-0.020899,0.020222,0.064751,0.160545,0.292494,1.668821
1986-08-20,0.000000,Training,-0.351800,-0.074274,-0.032035,-0.042763,-0.019891,-0.021965,0.018421,0.061146,0.156937,0.286411,1.660897
1986-08-21,0.000000,Training,-0.359748,-0.078241,-0.035158,-0.043671,-0.020961,-0.022378,0.017846,0.059021,0.154541,0.283190,1.659948
1986-08-22,0.000000,Training,-0.365662,-0.081370,-0.037512,-0.044322,-0.021309,-0.022285,0.018056,0.058179,0.154229,0.283309,1.667645
1986-08-23,0.000000,Training,-0.344405,-0.071621,-0.029390,-0.043613,-0.016850,-0.020178,0.023060,0.068133,0.170748,0.307318,1.722204
1986-08-24,0.000000,Training,-0.334411,-0.067284,-0.025308,-0.042610,-0.013317,-0.017540,0.027272,0.075082,0.181570,0.322808,1.758067
1986-08-25,0.000000,Training,-0.349798,-0.074854,-0.031937,-0.045048,-0.017429,-0.019531,0.024511,0.069922,0.176105,0.313024,1.740533
1986-08-26,0.000000,Training,-0.339512,-0.070159,-0.027830,-0.044402,-0.014485,-0.018035,0.027698,0.075166,0.184258,0.325573,1.770849
1986-08-27,0.000000,Training,-0.328730,-0.065265,-0.023494,-0.043237,-0.010782,-0.015627,0.031477,0.081229,0.193466,0.339744,1.805343
1986-08-28,0.000000,Training,-0.328777,-0.065621,-0.023883,-0.043782,-0.010599,-0.015309,0.032365,0.082544,0.196802,0.344378,1.819543
1986-08-29,0.000000,Training,-0.333225,-0.068164,-0.026296,-0.045156,-0.011958,-0.016043,0.031922,0.081781,0.197740,0.345358,1.826987
1986-08-30,0.000000,Training,-0.343027,-0.073266,-0.032113,-0.047687,-0.014567,-0.017423,0.030834,0.080271,0.199199,0.346927,1.839583
1986-08-31,0.000000,Training,-0.364762,-0.092099,-0.068873,-0.068556,-0.027619,-0.034743,0.020728,0.068187,0.191432,0.369683,1.952641
1986-09-01,0.000000,Training,-0.357170,-0.083775,-0.042385,-0.051349,-0.011469,-0.011936,0.037959,0.092243,0.230140,0.399694,2.014105
1986-09-02,0.000000,Training,-0.365908,-0.090183,-0.044237,-0.052435,-0.013571,-0.011643,0.038526,0.091565,0.229827,0.394775,1.997830
1986-09-03,0.000000,Training,-0.375969,-0.097450,-0.050875,-0.056576,-0.018087,-0.014857,0.034265,0.087018,0.228317,0.391956,2.003167
1986-09-04,0.000000,Training,-0.374238,-0.094737,-0.050102,-0.056104,-0.018484,-0.015700,0.034154,0.086458,0.226628,0.387349,1.989153
1986-09-05,0.000000,Training,-0.370722,-0.092145,-0.049074,-0.055977,-0.018558,-0.016127,0.034425,0.087367,0.228252,0.388367,1.989916
1986-09-06,0.000000,Validation,-0.370082,-0.091767,-0.049647,-0.056423,-0.018856,-0.016089,0.034979,0.088872,0.232034,0.392456,2.000808
1986-09-07,0.000000,Validation,-0.358173,-0.086310,-0.046044,-0.056105,-0.017425,-0.015547,0.036572,0.093673,0.239956,0.404148,2.024081
1986-09-08,0.000000,Validation,-0.344960,-0.080504,-0.041695,-0.055098,-0.014455,-0.013712,0.039535,0.100043,0.249466,0.418690,2.054559
1986-09-09,0.000000,Validation,-0.352291,-0.083910,-0.049402,-0.058719,-0.016477,-0.016278,0.038776,0.099377,0.252847,0.425678,2.083143
1986-09-10,0.000000,Validation,-0.371602,-0.093669,-0.063629,-0.064996,-0.021589,-0.021272,0.035231,0.093691,0.251066,0.427500,2.111732
1986-09-11,0.000000,Validation,-0.366171,-0.092310,-0.061135,-0.064341,-0.019236,-0.018571,0.038155,0.099500,0.261824,0.444147,2.157364
1986-09-12,0.000000,Validation,-0.358228,-0.090689,-0.061283,-0.064884,-0.016104,-0.015952,0.042112,0.108058,0.278144,0.472668,2.236278
1986-09-13,0.000000,Validation,-0.352577,-0.090627,-0.054466,-0.062150,-0.013585,-0.010457,0.046053,0.115206,0.290839,0.485037,2.260412
1986-09-14,0.000000,Validation,-0.343329,-0.087450,-0.051108,-0.060885,-0.011040,-0.007538,0.049379,0.121710,0.301668,0.499081,2.289592
1986-09-15,0.000000,Validation,-0.404152,-0.149789,-0.123919,-0.103195,-0.040607,-0.033707,0.038962,0.097615,0.287201,0.571156,2.682792
1986-09-16,0.000000,Validation,-0.484590,-0.199924,-0.175169,-0.119448,-0.039892,-0.013657,0.056376,0.138906,0.433511,0.808769,3.664238
1986-09-17,0.000000,Validation,-0.447883,-0.167526,-0.113950,-0.070726,0.013407,0.048922,0.117413,0.229203,0.578594,0.960680,3.919039
1986-09-18,0.000000,Validation,-0.418557,-0.152945,-0.101928,-0.071199,-0.001800,0.030618,0.090905,0.195686,0.513978,0.861054,3.507802
1986-09-19,0.000000,Validation,-0.399331,-0.136081,-0.083729,-0.070422,-0.004665,0.018158,0.083245,0.178677,0.445687,0.724844,3.017998
1986-09-20,0.000000,Validation,-0.400372,-0.128409,-0.099373,-0.080259,-0.017288,-0.003799,0.065108,0.155134,0.400906,0.664991,2.843366
1986-09-21,0.000000,Validation,-0.404889,-0.126454,-0.096731,-0.077998,-0.019467,-0.005222,0.062726,0.150094,0.389861,0.634565,2.742110
1986-09-22,0.000000,Validation,-0.395233,-0.121013,-0.083429,-0.071715,-0.017039,-0.000193,0.065575,0.153307,0.386588,0.613396,2.648517
1986-09-23,0.000000,Validation,-0.385371,-0.118087,-0.083464,-0.073832,-0.018744,-0.002922,0.063132,0.153858,0.387785,0.616704,2.646124
1986-09-24,0.000000,Validation,-0.354539,-0.105142,-0.071134,-0.069014,-0.011778,0.003468,0.068242,0.166728,0.402523,0.636291,2.666268
1986-09-25,0.000000,Validation,-0.347363,-0.100556,-0.069539,-0.068315,-0.011962,0.002922,0.068079,0.167553,0.401421,0.630031,2.634881
1986-09-26,0.000000,Validation,-0.345997,-0.100062,-0.071096,-0.069384,-0.013897,0.001579,0.066776,0.166999,0.401868,0.628424,2.625539
1986-09-27,0.000000,Validation,-0.355035,-0.104154,-0.077359,-0.072948,-0.020852,-0.003923,0.060641,0.158743,0.393771,0.616830,2.601276
1986-09-28,0.000000,Validation,-0.357823,-0.105831,-0.081382,-0.075070,-0.024724,-0.006615,0.056893,0.154537,0.392425,0.617230,2.608116
1986-09-29,0.000000,Validation,-0.359399,-0.106784,-0.082332,-0.077036,-0.026710,-0.009532,0.054205,0.150484,0.383914,0.602635,2.567881
1986-09-30,0.000000,Validation,-0.355962,-0.105950,-0.080807,-0.077296,-0.027246,-0.010128,0.052756,0.149106,0.381067,0.598312,2.552981
1986-10-01,0.000000,Training,-0.364740,-0.110839,-0.082683,-0.079168,-0.029406,-0.011706,0.051666,0.146922,0.375615,0.582224,2.504845
1986-10-02,0.000000,Training,-0.358306,-0.110940,-0.084840,-0.080617,-0.028780,-0.010038,0.053298,0.154289,0.392507,0.609772,2.573176
1986-10-03,0.000000,Training,-0.368600,-0.121576,-0.099987,-0.085709,-0.035255,-0.009227,0.051993,0.161299,0.429732,0.672129,2.750321
1986-10-04,0.000000,Training,-0.364776,-0.114509,-0.091544,-0.082451,-0.033493,-0.010947,0.049506,0.150837,0.401887,0.629278,2.635316
1986-10-05,0.000000,Training,-0.343436,-0.098816,-0.069938,-0.075205,-0.023588,-0.010078,0.052421,0.145314,0.363683,0.567453,2.450440
1986-10-06,0.000000,Training,-0.363194,-0.140268,-0.121418,-0.111019,-0.040690,-0.032278,0.049777,0.134181,0.359213,0.667442,2.926774
1986-10-07,0.000000,Training,-0.504521,-0.088850,-0.009519,0.246310,0.584643,0.718354,1.054271,1.498270,3.238837,5.002670,20.504581
1986-10-08,0.000000,Training,-0.522126,-0.023892,0.044742,0.402782,0.873163,1.133043,1.490761,2.544320,5.950700,8.668694,31.332254
1986-10-09,0.000000,Training,-0.447176,-0.045096,0.084362,0.299312,0.562118,0.749202,0.957962,1.543088,3.311880,4.621858,15.145783
1986-10-10,0.000000,Training,-0.461755,-0.166308,-0.091589,-0.012596,0.110516,0.200597,0.312855,0.557548,1.322461,1.976148,6.783663
1986-10-11,0.000000,Training,-0.534960,-0.109627,-0.004024,0.282730,0.825423,0.983395,1.478275,2.509309,6.092700,9.763008,36.959644
1986-10-12,0.000000,Training,-0.624043,-0.178882,-0.018025,0.459573,1.263109,1.626754,2.307537,4.471433,11.805291,18.503910,62.431763
1986-10-13,0.000000,Training,-0.614159,-0.234724,-0.052782,0.362576,1.204516,1.538988,2.223015,4.686656,12.936563,21.210928,71.068375
1986-10-14,0.000000,Training,-0.655701,-0.308378,-0.052541,0.451411,1.609310,1.976184,2.984117,6.624581,18.756783,31.659372,103.145195
1986-10-15,0.000000,Training,-0.678160,-0.301184,-0.045547,0.539471,1.719590,2.129929,3.231259,6.876792,18.868092,31.418909,98.222534
1986-10-16,0.000000,Training,-0.582563,-0.235295,-0.019917,0.363638,0.848777,1.172758,1.636113,2.988415,7.387769,10.978288,32.608452
1986-10-17,0.000000,Training,-0.530385,-0.236515,-0.101454,0.111663,0.338956,0.545244,0.778696,1.400817,3.418539,5.091753,15.164033
1986-10-18,0.000000,Training,-0.500205,-0.234601,-0.147353,0.012218,0.171971,0.320905,0.506404,0.924132,2.242578,3.366996,10.049052
1986-10-19,0.000000,Training,-0.450022,-0.200130,-0.142706,-0.016012,0.109272,0.228549,0.389053,0.716086,1.666808,2.452061,7.364356
1986-10-20,0.000000,Training,-0.448147,-0.204723,-0.158200,-0.043829,0.060852,0.169628,0.315999,0.605478,1.411269,2.066762,6.292031
1986-10-21,0.000000,Training,-0.454579,-0.216500,-0.174256,-0.062696,0.032305,0.137670,0.274954,0.550918,1.292507,1.889346,5.785967
1986-10-22,0.000000,Training,-0.456788,-0.225887,-0.186549,-0.075868,0.015752,0.118897,0.249104,0.521421,1.226033,1.788036,5.489445
1986-10-23,0.000000,Training,-0.455201,-0.231234,-0.197652,-0.083646,0.010163,0.111147,0.237311,0.512852,1.201975,1.749323,5.369733
1986-10-24,0.000000,Training,-0.501113,-0.276468,-0.248572,-0.111556,-0.015920,0.086854,0.213719,0.504273,1.255603,1.897085,5.818950
1986-10-25,0.000000,Training,-0.469103,-0.249719,-0.212456,-0.101577,-0.015334,0.084369,0.191071,0.458690,1.126670,1.676712,5.210515
1986-10-26,0.000000,Training,-0.435522,-0.220484,-0.189060,-0.103602,-0.022073,0.065338,0.160549,0.400787,0.960583,1.403211,4.503839
1986-10-27,0.000000,Training,-0.423157,-0.207759,-0.176359,-0.107134,-0.031007,0.047178,0.134474,0.353129,0.852885,1.244862,4.124993
1986-10-28,0.000000,Training,-0.426985,-0.213325,-0.181952,-0.109612,-0.034584,0.046417,0.131793,0.353696,0.859853,1.254734,4.123916
1986-10-29,0.000000,Training,-0.449392,-0.239347,-0.203814,-0.112222,-0.032360,0.060857,0.149142,0.395739,0.966367,1.414643,4.476842
1986-10-30,0.000000,Training,-0.414430,-0.203074,-0.171521,-0.107187,-0.033228,0.045035,0.125141,0.340416,0.813991,1.177135,3.886561
1986-10-31,0.000000,Training,-0.396474,-0.186957,-0.157148,-0.102596,-0.029394,0.042271,0.120002,0.323313,0.762387,1.096508,3.679134
1986-11-01,0.000000,Training,-0.374480,-0.164014,-0.137393,-0.098023,-0.028036,0.032154,0.106391,0.288691,0.677029,0.976118,3.391613
1986-11-02,0.000000,Training,-0.355390,-0.145783,-0.118156,-0.091238,-0.023890,0.029154,0.099825,0.268129,0.621214,0.896042,3.184692
1986-11-03,0.000000,Training,-0.318394,-0.110043,-0.077820,-0.074835,-0.008724,0.026452,0.096416,0.238222,0.521374,0.750569,2.798763
1986-11-04,0.000000,Training,-0.310968,-0.106225,-0.073477,-0.068163,0.001048,0.037298,0.108632,0.253236,0.538431,0.772016,2.819261
1986-11-05,0.000000,Training,-0.309992,-0.107923,-0.074783,-0.063546,0.007826,0.047939,0.121530,0.272306,0.564036,0.806260,2.859636
1986-11-06,0.000000,Training,-0.310009,-0.107886,-0.073875,-0.063822,0.007676,0.047599,0.120899,0.271982,0.563579,0.802743,2.856803
1986-11-07,0.000000,Training,-0.309679,-0.106750,-0.072873,-0.065943,0.004547,0.042771,0.114556,0.262692,0.552167,0.788721,2.849388
1986-11-08,0.000000,Training,-0.310687,-0.111250,-0.075725,-0.059759,0.014031,0.057729,0.133435,0.291143,0.588780,0.839020,2.907682
1986-11-09,0.000000,Training,-0.322709,-0.120377,-0.090218,-0.064002,0.013661,0.059926,0.138801,0.305169,0.620691,0.888414,3.037177
1986-11-10,0.000000,Training,-0.351630,-0.152243,-0.133148,-0.081977,0.008959,0.063513,0.151431,0.339955,0.709867,1.057185,3.519823
1986-11-11,0.000000,Training,-0.648836,-0.346812,-0.263743,0.071205,0.518788,0.908988,1.442116,2.643223,7.393552,11.652836,40.039585
1986-11-12,0.000000,Training,-0.627400,-0.241357,-0.033622,0.540786,1.382744,2.046550,2.869316,5.407836,14.230911,19.758503,57.594704
1986-11-13,0.000000,Training,-0.699528,-0.420736,-0.215361,0.229240,1.244462,1.737863,2.582869,5.935124,17.163918,27.905796,81.536346
1986-11-14,0.000000,Training,-0.608419,-0.142041,0.300489,1.525324,4.734718,6.239464,9.586555,22.439529,66.712753,104.389198,252.046753
1986-11-15,0.000000,Training,-0.469036,0.118718,0.513715,1.804658,3.724482,5.113229,7.092998,13.275652,31.721054,43.012337,103.957573
1986-11-16,0.000000,Training,-0.513697,-0.146299,0.062333,0.580364,1.180612,1.688576,2.269346,4.043162,8.992735,12.561437,30.607670
1986-11-17,0.000000,Training,-0.474355,-0.180143,-0.026502,0.289984,0.630516,0.934431,1.280677,2.204262,4.616621,6.529127,15.784157
1986-11-18,0.000000,Training,-0.487090,-0.243578,-0.115399,0.133700,0.388998,0.619179,0.910762,1.580372,3.293915,4.701989,11.489641
1986-11-19,0.000000,Training,-0.490393,-0.260692,-0.151090,0.101567,0.330818,0.547432,0.828680,1.450737,2.914552,4.094820,9.859146
1986-11-20,0.000000,Training,-0.501534,-0.280797,-0.179296,0.079895,0.295672,0.508167,0.778645,1.382367,2.726288,3.789085,9.059919
1986-11-21,0.000000,Training,-0.515146,-0.298238,-0.198102,0.076306,0.291059,0.506880,0.775933,1.390349,2.695121,3.707710,8.769883
1986-11-22,0.000000,Training,-0.554485,-0.353984,-0.229164,0.046196,0.269727,0.487126,0.742159,1.365253,2.839131,3.986841,9.699281
1986-11-23,0.000000,Training,-0.540517,-0.331901,-0.217009,0.080657,0.305621,0.532351,0.800417,1.450635,2.802172,3.842682,8.972886
1986-11-24,0.000000,Training,-0.541186,-0.332347,-0.223136,0.071682,0.285582,0.507653,0.761284,1.397558,2.679075,3.644911,8.540809
1986-11-25,0.000000,Training,-0.544731,-0.345868,-0.229118,0.046583,0.253562,0.467679,0.699721,1.303723,2.585013,3.572287,8.517435
1986-11-26,0.000000,Training,-0.548456,-0.349701,-0.230614,0.051606,0.259699,0.477628,0.708625,1.322810,2.606469,3.591202,8.500827
1986-11-27,0.000000,Training,-0.553814,-0.356007,-0.235544,0.048797,0.254112,0.473566,0.698463,1.314606,2.604404,3.596990,8.512444
1986-11-28,0.000000,Training,-0.554590,-0.354576,-0.237053,0.051138,0.252093,0.473209,0.694939,1.313842,2.584172,3.552354,8.378690
1986-11-29,0.000000,Training,-0.540714,-0.347102,-0.243631,0.000258,0.170906,0.365658,0.551319,1.087973,2.193778,3.028641,7.403578
1986-11-30,0.000000,Training,-0.498042,-0.305496,-0.230552,-0.042684,0.091091,0.251994,0.396936,0.834525,1.664204,2.240896,5.785875
1986-12-01,0.000000,Training,-0.508769,-0.316067,-0.236748,-0.040164,0.096797,0.263295,0.410257,0.861573,1.736581,2.354977,6.033508
1986-12-02,0.000000,Training,-0.480502,-0.292590,-0.221007,-0.063078,0.058707,0.203167,0.327353,0.717574,1.470448,2.000972,5.344861
1986-12-03,0.000000,Training,-0.443804,-0.260626,-0.195088,-0.081985,0.024802,0.147110,0.244992,0.572299,1.189436,1.614474,4.561988
1986-12-04,0.000000,Training,-0.442636,-0.258146,-0.194915,-0.077344,0.029300,0.152458,0.253341,0.584633,1.193964,1.608127,4.508304
1986-12-05,0.000000,Training,-0.441793,-0.256399,-0.194676,-0.075311,0.030951,0.154367,0.256125,0.588633,1.193183,1.600445,4.476599
1986-12-06,0.000000,Training,-0.441346,-0.254109,-0.195460,-0.073046,0.034013,0.157185,0.261082,0.595248,1.197883,1.602154,4.472636
1986-12-07,0.000000,Training,-0.441384,-0.257442,-0.193217,-0.077800,0.029218,0.151964,0.251209,0.580404,1.191216,1.609755,4.521308
1986-12-08,0.000000,Training,-0.521359,-0.358447,-0.294041,-0.147847,0.006481,0.160458,0.290513,0.717803,1.736690,2.652128,7.765066
1986-12-09,0.000000,Training,-0.584154,-0.383221,-0.287376,-0.076289,0.104647,0.326827,0.473985,1.020804,2.381941,3.323019,9.463638
1986-12-10,0.000000,Training,-0.523525,-0.329265,-0.239331,-0.055272,0.111341,0.306575,0.452092,0.938425,2.031372,2.797148,7.547881
1986-12-11,0.000000,Training,-0.516830,-0.321685,-0.236799,-0.043059,0.116423,0.302451,0.456336,0.944067,1.961410,2.672200,6.994656
1986-12-12,0.000000,Training,-0.487678,-0.292822,-0.220100,-0.042140,0.101776,0.269153,0.415271,0.864454,1.732648,2.313644,6.038798
1986-12-13,0.000000,Training,-0.570139,-0.369810,-0.306936,-0.063488,0.147734,0.357637,0.576751,1.195856,2.601388,3.732576,9.680682
1986-12-14,0.000000,Training,-0.673116,-0.464685,-0.351063,-0.078843,0.177418,0.447708,0.670951,1.452546,3.682431,5.539966,15.347211
1986-12-15,0.000000,Training,-0.607768,-0.407015,-0.285437,-0.046462,0.172116,0.408725,0.602809,1.271228,3.045189,4.527062,11.956112
1986-12-16,0.000000,Training,-0.571893,-0.374659,-0.251233,0.000789,0.202840,0.433383,0.636653,1.284926,2.822616,4.056573,10.160497
1986-12-17,0.000000,Training,-0.547620,-0.340730,-0.233221,0.038196,0.248110,0.483738,0.710698,1.369523,2.763975,3.772715,9.114296
1986-12-18,0.000000,Training,-0.534324,-0.326022,-0.223255,0.050355,0.254882,0.483352,0.710725,1.356216,2.655327,3.584230,8.529237
1986-12-19,0.000000,Training,-0.523146,-0.319291,-0.219899,0.036644,0.251611,0.478969,0.698572,1.311558,2.501345,3.332104,7.952724
1986-12-20,0.000000,Training,-0.523630,-0.315625,-0.221275,0.042935,0.236885,0.452880,0.667986,1.275313,2.445285,3.262051,7.752905
1986-12-21,0.000000,Training,-0.535718,-0.329826,-0.236911,0.032398,0.230880,0.438355,0.657807,1.268888,2.484727,3.414808,8.185616
1986-12-22,0.000000,Training,-0.534483,-0.336625,-0.230366,0.024202,0.209516,0.419632,0.617307,1.210917,2.407007,3.313597,7.974403
1986-12-23,0.000000,Training,-0.530103,-0.338967,-0.234463,0.005266,0.219410,0.444466,0.638747,1.219887,2.339505,3.143244,7.670349
1986-12-24,0.000000,Training,-0.531964,-0.347067,-0.234449,0.013843,0.248967,0.492302,0.691398,1.289546,2.433644,3.291289,8.148764
1986-12-25,0.000000,Training,-0.537571,-0.345674,-0.235238,0.014510,0.239184,0.473698,0.670361,1.269053,2.417942,3.254097,7.884325
1986-12-26,0.000000,Training,-0.545610,-0.346092,-0.233517,0.032849,0.253565,0.488883,0.693697,1.317381,2.529610,3.393294,8.075926
1986-12-27,0.000000,Training,-0.521996,-0.323218,-0.233928,-0.006064,0.150114,0.338810,0.499423,1.026032,2.040011,2.751004,6.771317
1986-12-28,0.000000,Training,-0.518261,-0.320695,-0.232612,-0.009614,0.143634,0.329327,0.485462,1.002828,1.993723,2.682187,6.629336
1986-12-29,0.000000,Training,-0.517316,-0.321129,-0.235443,-0.019280,0.137977,0.325206,0.478324,0.986924,1.953217,2.603971,6.485641
1986-12-30,0.000000,Training,-0.520757,-0.330814,-0.240088,-0.029850,0.142219,0.337440,0.489567,0.998812,1.968858,2.636435,6.590273
1986-12-31,0.000000,Training,-0.537223,-0.340695,-0.241419,0.000836,0.185968,0.397711,0.568055,1.132361,2.225261,2.984489,7.252621
1987-01-01,0.000000,Training,-0.503740,-0.311868,-0.233923,-0.042579,0.104778,0.279657,0.413405,0.876001,1.746921,2.328262,5.941849
1987-01-02,0.000000,Training,-0.472302,-0.280926,-0.212603,-0.046930,0.073175,0.220203,0.333075,0.740888,1.495563,2.009315,5.270483
1987-01-03,0.000000,Training,-0.450124,-0.264312,-0.200337,-0.062188,0.054944,0.193359,0.295453,0.665732,1.328584,1.750341,4.739357
1987-01-04,0.000000,Training,-0.450546,-0.264778,-0.200843,-0.061722,0.054669,0.193378,0.294170,0.665507,1.330364,1.753571,4.747056
1987-01-05,0.000000,Training,-0.451299,-0.265127,-0.201020,-0.059814,0.056557,0.195913,0.297157,0.671096,1.338701,1.764251,4.759322
1987-01-06,0.000000,Training,-0.453324,-0.272031,-0.205205,-0.069071,0.054320,0.197493,0.297664,0.669735,1.335244,1.764299,4.778813
1987-01-07,0.000000,Training,-0.460145,-0.273711,-0.208495,-0.060301,0.061139,0.205799,0.309717,0.695209,1.386946,1.832582,4.900298
1987-01-08,0.000000,Training,-0.486383,-0.293203,-0.231965,-0.046603,0.086955,0.235299,0.357927,0.788328,1.603656,2.214593,5.790401
1987-01-09,0.000000,Training,-0.712022,-0.478438,-0.357975,0.006403,0.453448,0.871654,1.256172,2.728790,7.758746,11.725564,33.857773
1987-01-10,0.000000,Training,-0.723019,-0.405335,-0.182656,0.485055,1.384769,2.217447,2.953304,5.968226,15.472651,21.016083,55.887978
1987-01-11,0.000000,Training,-0.684777,-0.393937,-0.230896,0.270761,0.922939,1.497766,1.938149,3.795130,9.318501,13.544318,33.964539
1987-01-12,0.000000,Training,1.299749,4.495343,7.336782,24.119583,53.429062,61.430004,96.739449,173.990921,308.668823,386.300537,700.206299
1987-01-13,1.610557,Training,2.471082,6.406980,8.259890,25.104956,48.125244,57.585228,76.570381,125.969398,206.431793,263.668915,524.276978
1987-01-14,8.213840,Training,0.505465,1.764643,2.925791,6.923772,11.938282,16.786879,19.719456,30.093864,52.618580,70.224899,172.095154
1987-01-15,3.221114,Training,-0.224386,0.465070,0.971820,2.911917,5.947043,8.521722,10.457646,17.685242,36.412498,54.260975,133.463104
1987-01-16,1.610557,Training,-0.297288,0.210443,0.746991,1.992670,3.747446,5.229734,6.410945,10.152575,19.191168,27.979670,67.040833
1987-01-17,0.805278,Training,-0.411542,-0.043136,0.370023,1.135041,2.214130,3.099560,3.845070,6.136272,11.499884,16.633533,37.256599
1987-01-18,0.483167,Training,-0.317009,0.111314,0.604169,1.575370,2.756070,3.780443,4.701131,7.163806,12.536099,17.155550,37.217892
1987-01-19,0.483167,Training,-0.371305,0.003760,0.407142,1.235418,2.146664,2.947478,3.718743,5.725941,9.886868,13.276408,28.096230
1987-01-20,0.322111,Training,-0.403096,-0.070283,0.281315,0.998160,1.769084,2.447443,3.097083,4.803400,8.223039,10.985054,23.161196
1987-01-21,0.161056,Training,-0.431094,-0.118804,0.200148,0.868574,1.546467,2.151361,2.741747,4.306013,7.388501,9.812747,20.575502
1987-01-22,0.161056,Training,-0.461282,-0.160760,0.126740,0.769899,1.375248,1.917335,2.475398,3.951252,6.854559,9.111451,19.135460
1987-01-23,0.161056,Training,-0.489443,-0.216833,0.062465,0.669998,1.204147,1.690476,2.202564,3.608360,6.417852,8.744291,18.292732
1987-01-24,0.161056,Training,-0.507479,-0.253448,0.005139,0.561528,1.035585,1.476647,1.927483,3.215055,5.777870,7.891961,16.598427
1987-01-25,0.161056,Training,-0.524902,-0.284260,-0.040399,0.484685,0.925246,1.330639,1.747234,2.958025,5.408338,7.497711,15.957067
1987-01-26,0.161056,Training,-0.474581,0.253373,1.088756,4.876674,10.339727,14.168671,22.612667,43.696548,104.190582,152.861908,379.118835
1987-01-27,0.161056,Training,1.719912,4.550732,7.713774,23.985268,51.690666,62.872425,90.262001,164.131302,266.289185,344.698730,674.367615
1987-01-28,13.045511,Training,7.014441,14.397169,19.993607,57.265842,101.087891,123.011604,158.047302,243.896957,346.187836,436.572388,757.063538
1987-01-29,56.369491,Training,6.538096,13.052763,16.374346,45.855968,77.105721,92.847046,114.967293,173.771393,251.977646,321.169434,599.661133
1987-01-30,34.949084,Training,2.020975,4.981437,6.955971,18.134745,29.375063,37.942669,44.764858,69.628815,110.412735,139.869095,295.118347
1987-01-31,10.468620,Training,-0.158490,0.529704,1.358300,3.455719,5.950764,8.042445,9.810283,16.436361,31.394318,43.673424,93.978714
1987-02-01,6.281172,Training,-0.418643,0.020428,0.440411,1.465610,2.611502,3.491046,4.489605,7.453583,14.517970,20.902397,44.812656
1987-02-02,13.045511,Training,-0.392576,0.155524,0.740318,2.548449,4.933126,6.582687,9.195931,16.054171,33.162350,48.482788,108.169060
1987-02-03,17.394014,Training,-0.503876,0.074270,0.485977,2.164186,4.376047,6.019536,8.031013,14.780405,31.824476,44.230972,101.487556
1987-02-04,1.610557,Training,-0.496018,-0.093917,0.318491,1.334063,2.456618,3.446400,4.446043,7.679724,15.301340,21.431068,46.395302
1987-02-05,8.213840,Training,-0.491572,-0.167432,0.154426,0.869265,1.585266,2.229218,2.875736,4.783330,8.898303,12.317279,26.143785
1987-02-06,5.314838,Training,-0.456707,-0.144238,0.158882,0.848950,1.496581,2.081534,2.675480,4.308311,7.500135,10.111411,20.995752
1987-02-07,3.221114,Training,-0.455691,-0.165269,0.113968,0.746590,1.318599,1.830829,2.364725,3.797868,6.478042,8.679626,17.747856
1987-02-08,2.576891,Training,-0.468033,-0.197769,0.064633,0.649303,1.167628,1.631325,2.115106,3.420682,5.830407,7.820198,15.964965
1987-02-09,2.093724,Training,-0.522562,-0.248772,-0.051287,0.517207,1.028436,1.468386,1.971963,3.267565,5.753472,7.869416,17.034695
1987-02-10,3.221114,Training,-0.625601,-0.237642,0.026647,1.073245,2.383866,3.627107,5.081103,9.057588,20.201302,29.014294,71.522537
1987-02-11,44.934537,Training,-0.501743,0.107262,0.644788,2.743088,5.465333,7.831491,10.358701,18.593340,37.601345,51.231850,120.391670
1987-02-12,17.394014,Training,-0.505837,-0.079318,0.376824,1.564653,2.844160,4.111311,5.249180,8.836246,17.188751,24.030783,53.617073
1987-02-13,9.341230,Training,-0.449690,-0.058262,0.445019,1.567752,2.800977,3.840512,4.986743,8.006459,15.023554,22.034599,48.769222
1987-02-14,6.281172,Training,-0.490431,-0.183124,0.172494,0.936691,1.664371,2.326695,3.017326,4.936058,8.992710,12.783298,27.131624
1987-02-15,3.865337,Training,-0.508546,-0.238468,0.046940,0.656017,1.201991,1.713837,2.231448,3.713641,6.694005,9.333525,19.609289
1987-02-16,3.221114,Training,-0.532274,-0.302158,-0.068827,0.408794,0.820928,1.210696,1.601016,2.763846,5.079413,7.173688,15.202776
1987-02-17,2.093724,Training,-0.552376,-0.350740,-0.166777,0.204291,0.519487,0.813861,1.104832,2.015604,3.878329,5.618161,12.437402
1987-02-18,2.093724,Training,-0.545051,-0.329971,-0.183607,0.165254,0.442484,0.725365,0.979108,1.795204,3.344501,4.585903,10.265182
1987-02-19,1.610557,Training,-0.529533,-0.335630,-0.171048,0.139327,0.451763,0.758373,0.982247,1.744891,3.164254,4.348788,10.024796
1987-02-20,1.127390,Training,-0.536158,-0.340790,-0.191573,0.112007,0.423987,0.715888,0.940019,1.669135,3.048120,4.232829,9.987398
1987-02-21,19.004571,Training,-0.652760,-0.342345,-0.155968,0.494543,1.297778,2.041917,2.848243,4.955711,11.875586,18.100494,46.414322
1987-02-22,19.004571,Training,-0.693435,-0.389475,-0.124812,0.513561,1.446407,2.363566,2.951176,5.498097,13.289567,19.280212,50.146290
1987-02-23,19.004571,Training,-0.186084,1.068603,1.798539,6.460757,14.494188,19.143501,25.517948,49.363201,99.724236,127.476112,273.847961
1987-02-24,28.345801,Training,1.997442,4.939426,7.881115,22.377968,48.467133,56.850845,74.554321,131.746887,203.268082,274.218170,512.050537
1987-02-25,90.996464,Training,1.161036,3.346037,5.265649,14.202191,28.173552,34.043842,42.616192,73.205391,120.163086,166.004333,337.078796
1987-02-26,26.413133,Training,-0.043662,0.817340,1.763729,4.554616,7.842238,10.707163,12.785666,21.521673,39.050266,52.941532,113.221703
1987-02-27,11.596010,Training,-0.272284,0.233215,0.993787,2.481511,4.331152,5.868555,7.261418,11.750920,21.965410,31.897730,70.273041
1987-02-28,7.086450,Training,-0.403265,-0.079013,0.528228,1.457258,2.646697,3.631322,4.436758,7.264780,13.883251,20.613041,47.408978
1987-03-01,5.314838,Training,-0.517030,-0.295636,0.089290,0.644379,1.272055,1.806859,2.255794,3.858181,7.625265,11.399622,25.241922
1987-03-02,3.865337,Training,-0.541107,-0.349876,-0.055832,0.364191,0.789815,1.178597,1.492911,2.634267,5.255786,7.762696,17.094755
1987-03-03,2.576891,Training,-0.544256,-0.364829,-0.137762,0.184683,0.474605,0.771400,0.990205,1.825503,3.699312,5.411387,12.146869
1987-03-04,2.093724,Training,-0.527210,-0.352871,-0.175769,0.086690,0.311924,0.547077,0.725786,1.394750,2.837418,4.125002,9.629988
1987-03-05,1.610557,Training,-0.513801,-0.339848,-0.190992,0.034191,0.218833,0.421754,0.566853,1.136293,2.333036,3.379617,8.152029
1987-03-06,1.127390,Training,-0.483828,-0.306661,-0.189495,0.013248,0.179237,0.357344,0.489327,0.992698,2.010948,2.890068,7.163956
1987-03-07,1.127390,Training,-0.460583,-0.276189,-0.180812,0.013159,0.164516,0.330878,0.457544,0.919962,1.797509,2.553005,6.317039
1987-03-08,0.805278,Training,-0.450860,-0.267955,-0.180044,-0.006290,0.130718,0.283942,0.391950,0.815301,1.620777,2.312838,5.894347
1987-03-09,0.483167,Training,-0.443756,-0.260324,-0.178554,-0.014389,0.114123,0.259659,0.358736,0.759407,1.510900,2.158951,5.571912
1987-03-10,0.483167,Training,-0.452416,-0.273436,-0.188416,-0.034077,0.087432,0.228044,0.311222,0.698229,1.457427,2.122196,5.629845
1987-03-11,0.483167,Training,-0.447244,-0.269657,-0.188382,-0.047338,0.065577,0.197471,0.269622,0.632935,1.352667,1.983247,5.384624
1987-03-12,0.483167,Training,-0.397794,-0.226124,-0.169912,-0.055667,0.057636,0.160558,0.230864,0.542854,1.101644,1.649246,4.693073
1987-03-13,0.483167,Training,-0.452080,-0.264502,-0.198714,-0.062890,0.065765,0.186139,0.249169,0.592132,1.295140,1.986431,5.778700
1987-03-14,0.805278,Training,-0.420134,-0.237492,-0.158752,-0.054807,0.060194,0.178405,0.231920,0.544763,1.170385,1.752536,5.131930
1987-03-15,0.483167,Training,-0.402516,-0.219566,-0.163208,-0.041218,0.085829,0.191642,0.260490,0.582317,1.154954,1.743230,4.946026
1987-03-16,0.483167,Training,-0.402825,-0.211678,-0.140352,-0.034880,0.079775,0.190075,0.251728,0.556864,1.100072,1.593747,4.622705
1987-03-17,0.322111,Training,-0.365383,-0.178196,-0.109986,-0.023188,0.083572,0.182651,0.248405,0.530278,1.007651,1.450378,4.150038
1987-03-18,0.322111,Training,-0.346768,-0.160683,-0.101522,-0.025986,0.070260,0.156073,0.219276,0.478091,0.898024,1.291972,3.763328
1987-03-19,0.161056,Training,-0.338196,-0.150284,-0.099520,-0.023366,0.065834,0.149521,0.215267,0.470955,0.866189,1.221143,3.538371
1987-03-20,0.161056,Training,-0.339415,-0.149289,-0.104155,-0.024512,0.059929,0.145696,0.212082,0.469589,0.857978,1.185938,3.429084
1987-03-21,0.161056,Training,-0.352229,-0.158676,-0.122335,-0.027688,0.061979,0.150372,0.221373,0.491431,0.899938,1.246509,3.569847
1987-03-22,0.161056,Training,-0.365398,-0.175319,-0.124768,-0.032744,0.056473,0.152067,0.215905,0.493583,0.935014,1.311623,3.741578
1987-03-23,0.161056,Training,-0.375172,-0.187958,-0.133873,-0.035870,0.055457,0.155946,0.220346,0.509282,0.979066,1.377985,3.886624
1987-03-24,0.161056,Training,-0.432680,-0.245703,-0.189869,-0.040067,0.077784,0.199772,0.280892,0.644127,1.278149,1.863655,5.039948
1987-03-25,0.161056,Training,-0.553171,-0.360930,-0.271132,-0.083652,0.070814,0.244416,0.288628,0.772645,1.935655,3.155468,9.339911
1987-03-26,0.161056,Training,-0.567075,-0.371410,-0.256254,-0.063470,0.095720,0.297260,0.346662,0.871946,2.149888,3.346787,9.633357
1987-03-27,0.161056,Training,-0.523727,-0.337580,-0.226846,-0.050059,0.091065,0.268807,0.327287,0.797552,1.869231,2.895550,8.002012
1987-03-28,0.161056,Training,-0.511030,-0.321936,-0.222848,-0.031498,0.110603,0.281877,0.364256,0.834792,1.829799,2.776288,7.340442
1987-03-29,0.161056,Training,-0.477939,-0.277943,-0.202051,-0.011037,0.112755,0.277036,0.371832,0.815110,1.639141,2.304112,5.915366
1987-03-30,0.161056,Training,-0.491859,-0.290295,-0.206139,0.007999,0.138642,0.313838,0.422745,0.903942,1.803105,2.542824,6.335018
1987-03-31,0.161056,Training,-0.458639,-0.268139,-0.187905,-0.021123,0.091927,0.237401,0.317366,0.721024,1.484666,2.155026,5.621832
1987-04-01,0.161056,Training,-0.423793,-0.233161,-0.168775,-0.031120,0.068263,0.191776,0.259914,0.608035,1.232957,1.768037,4.777114
1987-04-02,0.161056,Training,-0.450113,-0.251016,-0.191066,-0.017595,0.090721,0.226391,0.308449,0.696693,1.403843,2.017166,5.303097
1987-04-03,0.161056,Training,-0.495533,-0.263950,-0.183613,0.076504,0.257639,0.464292,0.565648,1.032153,2.185460,3.272117,8.328856
1987-04-04,0.161056,Training,-0.675265,-0.232936,-0.096496,0.701750,1.713457,2.696111,2.977328,6.104451,15.295190,21.156025,55.080120
1987-04-05,0.161056,Training,-0.692958,-0.338809,-0.139010,0.500338,1.342874,1.988765,2.298567,4.957357,12.059079,18.520910,47.540520
1987-04-06,0.161056,Training,-0.699850,-0.412718,-0.165299,0.391659,1.122698,1.645496,1.963373,4.281112,10.287623,16.965736,43.304920
1987-04-07,3.221114,Training,-0.702863,-0.324452,0.082726,1.193757,2.765377,3.882186,4.624630,10.090790,24.072094,40.122818,95.093475
1987-04-08,14.333956,Training,-0.214726,0.971359,2.133249,7.324200,16.448481,20.637247,25.988050,52.819939,100.663544,147.654221,289.595642
1987-04-09,10.468620,Training,-0.484040,0.090589,0.652577,2.353867,4.623766,6.288551,7.684049,14.572331,29.896442,44.157948,97.696953
1987-04-10,5.314838,Training,-0.562206,-0.210418,0.135699,0.919782,1.645157,2.408715,2.909471,5.269641,10.902505,16.359669,36.847675
1987-04-11,2.576891,Training,-0.565399,-0.285703,0.018591,0.602496,1.112757,1.634324,2.026400,3.596406,7.356773,11.459111,26.050039
1987-04-12,1.610557,Training,-0.555991,-0.328439,-0.111769,0.276361,0.571359,0.888074,1.116693,2.071906,4.351567,6.812655,15.853848
1987-04-13,0.805278,Training,-0.543987,-0.334135,-0.169439,0.096343,0.251934,0.470472,0.561607,1.172600,2.612424,4.196485,10.497764
1987-04-14,0.483167,Training,-0.534031,-0.325884,-0.181590,0.062531,0.191518,0.390455,0.466430,1.007575,2.253509,3.590962,9.101573
1987-04-15,0.322111,Training,-0.508915,-0.305766,-0.186089,0.051595,0.184542,0.371039,0.463432,0.989584,2.149853,3.309536,8.351998
1987-04-16,0.322111,Training,-0.463152,-0.253560,-0.175957,0.024606,0.130589,0.277816,0.353684,0.777771,1.667614,2.542758,6.678472
1987-04-17,0.322111,Training,-0.435124,-0.223948,-0.157745,-0.002526,0.074025,0.198707,0.240848,0.584767,1.298279,1.987861,5.570762
1987-04-18,0.322111,Training,-0.428973,-0.212544,-0.153169,-0.017539,0.042474,0.154325,0.183044,0.483758,1.102813,1.707794,4.970896
1987-04-19,0.161056,Training,-0.434243,-0.210329,-0.154613,-0.024108,0.025636,0.132189,0.153007,0.429943,1.004052,1.568791,4.645197
1987-04-20,0.161056,Training,-0.433431,-0.199686,-0.151254,-0.024906,0.014718,0.115402,0.130886,0.383635,0.912877,1.429470,4.300799
1987-04-21,0.161056,Training,-0.415565,-0.185019,-0.143771,-0.028181,0.009632,0.102011,0.116936,0.354890,0.843116,1.318841,4.043409
1987-04-22,0.161056,Training,-0.369179,-0.140261,-0.110792,-0.035741,-0.003978,0.065078,0.081209,0.270974,0.636987,0.981606,3.265696
1987-04-23,0.161056,Training,-0.322097,-0.109787,-0.091050,-0.023959,0.005108,0.050638,0.065615,0.220354,0.482785,0.826077,2.974610
1987-04-24,0.161056,Training,-0.344599,-0.132239,-0.097935,-0.007429,0.047630,0.109692,0.120883,0.290468,0.612908,1.053901,3.599345
1987-04-25,0.161056,Training,-0.382759,-0.157159,-0.100020,-0.028101,0.034551,0.108819,0.115043,0.300132,0.685361,1.107246,3.926608
1987-04-26,0.161056,Training,-0.354686,-0.123842,-0.073164,-0.035622,0.006869,0.054286,0.070134,0.204588,0.464327,0.761753,2.908092
1987-04-27,0.161056,Training,-0.320464,-0.101366,-0.058268,-0.034960,0.016053,0.047605,0.073240,0.201362,0.420028,0.676464,2.597434
1987-04-28,0.161056,Training,-0.293391,-0.079802,-0.038906,-0.024061,0.024913,0.054131,0.084509,0.212156,0.418838,0.650048,2.442483
1987-04-29,0.161056,Training,-0.287062,-0.067472,-0.031250,-0.022956,0.019167,0.041253,0.073116,0.189416,0.372528,0.581299,2.282491
1987-04-30,0.000000,Training,-0.308987,-0.069978,-0.035528,-0.031353,-0.001372,0.014274,0.045323,0.140988,0.289342,0.465980,2.016781
1987-05-01,0.000000,Training,-0.293702,-0.058795,-0.024270,-0.027967,0.002769,0.012907,0.046052,0.135301,0.268051,0.436381,1.931423
1987-05-02,0.000000,Training,-0.286239,-0.055245,-0.022167,-0.027014,0.003693,0.013712,0.046265,0.137105,0.270736,0.438225,1.929441
1987-05-03,0.000000,Training,-0.317664,-0.067428,-0.038367,-0.033597,-0.013805,-0.000672,0.027281,0.110557,0.238181,0.392980,1.827719
1987-05-04,0.000000,Training,-0.315831,-0.063054,-0.037464,-0.031643,-0.015621,-0.003119,0.023527,0.102550,0.226069,0.379855,1.799641
1987-05-05,0.000000,Training,-0.286940,-0.051146,-0.019777,-0.028074,-0.002807,0.003406,0.035331,0.115664,0.231255,0.383378,1.789316
1987-05-06,0.000000,Training,-0.289701,-0.049778,-0.018665,-0.027914,-0.005083,-0.000817,0.030805,0.104971,0.211005,0.356862,1.725033
1987-05-07,0.000000,Training,-0.294453,-0.050960,-0.020524,-0.028419,-0.007651,-0.003333,0.027604,0.098944,0.201825,0.344585,1.695704
1987-05-08,0.000000,Training,-0.280506,-0.045470,-0.014829,-0.025239,-0.000878,0.003204,0.035139,0.110285,0.218532,0.366674,1.743369
1987-05-09,0.000000,Training,-0.267787,-0.040105,-0.010225,-0.020907,0.006877,0.011648,0.044201,0.123413,0.238882,0.393545,1.796690
1987-05-10,0.000000,Training,-0.277284,-0.043670,-0.020193,-0.022586,0.004264,0.008482,0.040536,0.119070,0.236164,0.398771,1.823688
1987-05-11,0.000000,Training,-0.291429,-0.045980,-0.026861,-0.022599,-0.009774,-0.000543,0.022611,0.094346,0.212691,0.374039,1.792698
1987-05-12,0.000000,Training,-0.306397,-0.054805,-0.038186,-0.025462,-0.016599,-0.002792,0.016502,0.089290,0.216887,0.383580,1.828920
1987-05-13,0.000000,Training,-0.284003,-0.049587,-0.016206,-0.028874,-0.002975,-0.001173,0.029495,0.099321,0.202980,0.348209,1.698652
1987-05-14,0.000000,Training,-0.268384,-0.040120,-0.006613,-0.022404,0.006870,0.007089,0.039729,0.109301,0.212522,0.360366,1.710556
1987-05-15,0.000000,Training,-0.266791,-0.038227,-0.007323,-0.020949,0.006826,0.008095,0.039912,0.109741,0.215965,0.366110,1.726758
1987-05-16,0.000000,Training,-0.274839,-0.050797,-0.028176,-0.020867,0.014392,0.012766,0.048882,0.118414,0.218549,0.410257,1.833006
1987-05-17,0.000000,Training,-0.287020,-0.052629,-0.016812,-0.018826,0.019655,0.025308,0.057295,0.133329,0.257975,0.437866,1.915327
1987-05-18,0.000000,Training,-0.283856,-0.049793,-0.013740,-0.018389,0.018052,0.021065,0.054534,0.125998,0.242409,0.416222,1.863667
1987-05-19,0.000000,Training,-0.310851,-0.062178,-0.028194,-0.031333,-0.007387,-0.006667,0.021118,0.083479,0.181804,0.335366,1.707758
1987-05-20,0.000000,Training,-0.320295,-0.063739,-0.032442,-0.032569,-0.014590,-0.013645,0.012686,0.070178,0.160741,0.305921,1.633853
1987-05-21,0.000000,Training,-0.316591,-0.060731,-0.030810,-0.032153,-0.015449,-0.014985,0.011056,0.068314,0.157218,0.299558,1.615677
1987-05-22,0.000000,Training,-0.295185,-0.050516,-0.030100,-0.027391,-0.000551,-0.004877,0.026284,0.089526,0.186443,0.351843,1.740546
1987-05-23,0.000000,Training,-0.293986,-0.049173,-0.022177,-0.025752,-0.001624,-0.002375,0.026139,0.090594,0.191669,0.347252,1.728704
1987-05-24,0.000000,Training,-0.280549,-0.043565,-0.014440,-0.020854,0.005226,0.006242,0.035890,0.103576,0.210525,0.366932,1.754222
1987-05-25,0.000000,Training,-0.289759,-0.047771,-0.019356,-0.025359,-0.003571,-0.003340,0.024558,0.088852,0.189798,0.339819,1.701324
1987-05-26,0.000000,Training,-0.297875,-0.049756,-0.024484,-0.027301,-0.008753,-0.009336,0.018160,0.078947,0.174619,0.322068,1.664103
1987-05-27,0.000000,Training,-0.305514,-0.053200,-0.027561,-0.029122,-0.014974,-0.014177,0.010791,0.069338,0.161586,0.304315,1.625024
1987-05-28,0.000000,Training,-0.317657,-0.054976,-0.031955,-0.029411,-0.022354,-0.022084,0.000340,0.050446,0.130635,0.266018,1.536642
1987-05-29,0.000000,Training,-0.337297,-0.063221,-0.039931,-0.031339,-0.029319,-0.028307,-0.008067,0.036276,0.106619,0.233338,1.451695
1987-05-30,0.000000,Training,-0.359412,-0.070213,-0.048766,-0.027714,-0.034326,-0.031646,-0.016369,0.020146,0.076652,0.198286,1.366414
1987-05-31,0.000000,Training,-0.352926,-0.068269,-0.047174,-0.029535,-0.034107,-0.031732,-0.015554,0.023409,0.085907,0.210282,1.400389
1987-06-01,0.000000,Validation,-0.359252,-0.070261,-0.050509,-0.027349,-0.035161,-0.031331,-0.017442,0.020197,0.081250,0.206915,1.394894
1987-06-02,0.000000,Validation,-0.355115,-0.067605,-0.049643,-0.026305,-0.034676,-0.029943,-0.016481,0.022236,0.088211,0.217067,1.422686
1987-06-03,0.000000,Validation,-0.338167,-0.055315,-0.046368,-0.019918,-0.031919,-0.024220,-0.013669,0.027634,0.110591,0.255907,1.540644
1987-06-04,0.000000,Validation,-0.332734,-0.060820,-0.037108,-0.032256,-0.030124,-0.031010,-0.010668,0.030838,0.098900,0.225050,1.437741
1987-06-05,0.000000,Validation,-0.340582,-0.061664,-0.038104,-0.030803,-0.032215,-0.034094,-0.014689,0.020569,0.078042,0.198611,1.370125
1987-06-06,0.000000,Validation,-0.346207,-0.062229,-0.037883,-0.029507,-0.032662,-0.035925,-0.016682,0.013256,0.061249,0.177553,1.316765
1987-06-07,0.000000,Validation,-0.337190,-0.058992,-0.034405,-0.030422,-0.030685,-0.034689,-0.013845,0.018642,0.072006,0.191129,1.352917
1987-06-08,0.000000,Validation,-0.295094,-0.042230,-0.015972,-0.026982,-0.014929,-0.021544,0.004443,0.048062,0.120263,0.253041,1.503516
1987-06-09,0.000000,Validation,-0.277396,-0.031136,-0.009306,-0.021590,-0.009321,-0.016192,0.008746,0.052468,0.130450,0.269491,1.548322
1987-06-10,0.000000,Validation,-0.284889,-0.036801,-0.010388,-0.024775,-0.010867,-0.018642,0.008355,0.051728,0.125430,0.258646,1.512766
1987-06-11,0.000000,Validation,-0.308050,-0.046319,-0.026775,-0.029992,-0.018755,-0.028109,-0.000726,0.038066,0.104978,0.240625,1.480972
1987-06-12,0.000000,Validation,-0.299824,-0.042962,-0.016398,-0.027421,-0.016700,-0.024902,0.001078,0.039792,0.105953,0.236132,1.467573
1987-06-13,0.000000,Validation,-0.322002,-0.054542,-0.041298,-0.034455,-0.023387,-0.035662,-0.007662,0.024573,0.080778,0.227281,1.466136
1987-06-14,0.000000,Validation,-0.291424,-0.040949,-0.013572,-0.024782,-0.006623,-0.014599,0.012081,0.055820,0.134909,0.278552,1.580562
1987-06-15,0.000000,Validation,-0.292851,-0.041648,-0.014135,-0.024844,-0.008598,-0.016292,0.010815,0.053668,0.129914,0.270694,1.558615
1987-06-16,0.000000,Validation,-0.313939,-0.051065,-0.024489,-0.029905,-0.021598,-0.028357,-0.003887,0.033815,0.099301,0.229937,1.461734
1987-06-17,0.000000,Validation,-0.329791,-0.056662,-0.031891,-0.030904,-0.028447,-0.033651,-0.011335,0.022205,0.080308,0.204279,1.397982
1987-06-18,0.000000,Validation,-0.337072,-0.058822,-0.035477,-0.031215,-0.031494,-0.036464,-0.015352,0.015814,0.069467,0.190517,1.365240
1987-06-19,0.000000,Validation,-0.322951,-0.053328,-0.028921,-0.030973,-0.027460,-0.033559,-0.010542,0.024386,0.083222,0.207394,1.406687
1987-06-20,0.000000,Validation,-0.334250,-0.057430,-0.033772,-0.031185,-0.031414,-0.036614,-0.015262,0.016497,0.069887,0.190056,1.363531
1987-06-21,0.000000,Validation,-0.339034,-0.058984,-0.035443,-0.030935,-0.033103,-0.037900,-0.017460,0.012551,0.062857,0.180816,1.340717
1987-06-22,0.000000,Validation,-0.339458,-0.059112,-0.035593,-0.031059,-0.033425,-0.038296,-0.017920,0.011819,0.061765,0.179467,1.338582
1987-06-23,0.000000,Validation,-0.329478,-0.055571,-0.031436,-0.031542,-0.030591,-0.036332,-0.014130,0.018700,0.073779,0.194428,1.375633
1987-06-24,0.000000,Validation,-0.333393,-0.057160,-0.033031,-0.031643,-0.031911,-0.037148,-0.015522,0.016499,0.070091,0.189221,1.361942
1987-06-25,0.000000,Validation,-0.358095,-0.066206,-0.051588,-0.034988,-0.037768,-0.044305,-0.023144,0.003071,0.049614,0.172443,1.329145
1987-06-26,0.000000,Validation,-0.349226,-0.063401,-0.039855,-0.031482,-0.035065,-0.039095,-0.020064,0.008115,0.056515,0.174833,1.334359
1987-06-27,0.000000,Validation,-0.363186,-0.068709,-0.045619,-0.028878,-0.037430,-0.039629,-0.023785,0.000343,0.041439,0.157424,1.292748
1987-06-28,0.000000,Validation,-0.354870,-0.065580,-0.043424,-0.031671,-0.036516,-0.040630,-0.022030,0.003852,0.051199,0.170077,1.327697
1987-06-29,0.000000,Validation,-0.344636,-0.059398,-0.037520,-0.029849,-0.034745,-0.039577,-0.020611,0.004671,0.052567,0.171996,1.337716
1987-06-30,0.000000,Validation,-0.377509,-0.073512,-0.061895,-0.033878,-0.041552,-0.046382,-0.028377,-0.008403,0.032124,0.155754,1.300011
1987-07-01,0.000000,Validation,-0.362843,-0.063371,-0.047954,-0.026738,-0.037417,-0.040391,-0.025403,-0.006816,0.036701,0.160092,1.328922
1987-07-02,0.000000,Validation,-0.377965,-0.075787,-0.055200,-0.031298,-0.038208,-0.040505,-0.024159,-0.002363,0.041453,0.163225,1.324298
1987-07-03,0.000000,Validation,-0.371281,-0.074178,-0.049089,-0.030274,-0.037534,-0.038992,-0.023185,-0.000261,0.044695,0.164324,1.325762
1987-07-04,0.000000,Validation,-0.375812,-0.076626,-0.063108,-0.038215,-0.039842,-0.045397,-0.024225,-0.001112,0.049047,0.181057,1.378949
1987-07-05,0.000000,Validation,-0.339692,-0.061638,-0.037584,-0.033332,-0.027854,-0.033261,-0.009625,0.023661,0.089081,0.222698,1.477796
1987-07-06,0.000000,Validation,-0.347139,-0.064060,-0.038565,-0.031666,-0.031335,-0.034646,-0.013205,0.017273,0.075853,0.201193,1.414936
1987-07-07,0.000000,Validation,-0.366593,-0.071058,-0.046723,-0.029345,-0.036364,-0.037307,-0.020290,0.004555,0.052552,0.171262,1.339215
1987-07-08,0.000000,Validation,-0.367504,-0.070849,-0.046995,-0.028487,-0.036354,-0.036783,-0.020108,0.004693,0.052473,0.170817,1.340875
1987-07-09,0.000000,Validation,-0.413357,-0.102319,-0.087581,-0.024470,-0.038011,-0.032035,-0.012646,-0.004060,0.026972,0.186913,1.397870
1987-07-10,0.000000,Validation,-0.416626,-0.106271,-0.081271,-0.037041,-0.030695,-0.021788,-0.004456,0.027142,0.109890,0.274339,1.700940
1987-07-11,0.000000,Validation,-0.411147,-0.102995,-0.070964,-0.029254,-0.031002,-0.018653,-0.004727,0.025004,0.093686,0.244419,1.582535
1987-07-12,0.000000,Validation,-0.381794,-0.083161,-0.061928,-0.035192,-0.035900,-0.034763,-0.015762,0.012775,0.077552,0.216185,1.487290
1987-07-13,0.000000,Validation,-0.371830,-0.074838,-0.052215,-0.029192,-0.034159,-0.032125,-0.014931,0.011993,0.073097,0.206402,1.461787
1987-07-14,0.000000,Validation,-0.367778,-0.073157,-0.049889,-0.031058,-0.033115,-0.032809,-0.012604,0.017503,0.079735,0.209133,1.452829
1987-07-15,0.000000,Validation,-0.342552,-0.062374,-0.037106,-0.030840,-0.027915,-0.030001,-0.006191,0.029611,0.099597,0.231311,1.501420
1987-07-16,0.000000,Validation,-0.333033,-0.056472,-0.032018,-0.029510,-0.025953,-0.029320,-0.004258,0.032107,0.101792,0.232099,1.498394
1987-07-17,0.000000,Validation,-0.332867,-0.055093,-0.031876,-0.029235,-0.026834,-0.030279,-0.005194,0.030311,0.098622,0.226307,1.481435
1987-07-18,0.000000,Validation,-0.320681,-0.046139,-0.026152,-0.025923,-0.024884,-0.029548,-0.004795,0.028717,0.096546,0.226134,1.490479
1987-07-19,0.000000,Validation,-0.327485,-0.052534,-0.028430,-0.029647,-0.026310,-0.030815,-0.004747,0.030657,0.097987,0.222967,1.471996
1987-07-20,0.000000,Validation,-0.332517,-0.054328,-0.030454,-0.029879,-0.028230,-0.032123,-0.006870,0.026860,0.092157,0.214735,1.453189
1987-07-21,0.000000,Validation,-0.333643,-0.055595,-0.030840,-0.030681,-0.028367,-0.032093,-0.006533,0.027784,0.093812,0.215645,1.453720
1987-07-22,0.000000,Validation,-0.311533,-0.042635,-0.021039,-0.027037,-0.022848,-0.029478,-0.002765,0.031213,0.099533,0.227551,1.493432
1987-07-23,0.000000,Validation,-0.310875,-0.046414,-0.019816,-0.030114,-0.020759,-0.028010,0.001213,0.039349,0.110405,0.237158,1.504654
1987-07-24,0.000000,Validation,-0.307983,-0.045719,-0.018540,-0.029936,-0.019072,-0.026101,0.003801,0.043776,0.117769,0.245671,1.523203
1987-07-25,0.000000,Validation,-0.326605,-0.053307,-0.027923,-0.032219,-0.025313,-0.030831,-0.002260,0.033904,0.103991,0.227884,1.484646
1987-07-26,0.000000,Validation,-0.342390,-0.059084,-0.033230,-0.031150,-0.030102,-0.032844,-0.008052,0.023137,0.087151,0.205146,1.433477
1987-07-27,0.000000,Validation,-0.340620,-0.050482,-0.031448,-0.024478,-0.030704,-0.034157,-0.012393,0.009004,0.065121,0.184156,1.404979
1987-07-28,0.000000,Validation,-0.338800,-0.060887,-0.031691,-0.034718,-0.028757,-0.032912,-0.005415,0.028577,0.096695,0.217457,1.467395
1987-07-29,0.000000,Validation,-0.340922,-0.063812,-0.032257,-0.036212,-0.028202,-0.031994,-0.003445,0.032700,0.103023,0.223322,1.476668
1987-07-30,0.000000,Validation,-0.343398,-0.063670,-0.032769,-0.035570,-0.029103,-0.032759,-0.004880,0.028978,0.097119,0.216134,1.463473
1987-07-31,0.000000,Validation,-0.352449,-0.069358,-0.036208,-0.036983,-0.030138,-0.032769,-0.004998,0.029147,0.097018,0.213854,1.455485
1987-08-01,0.000000,Validation,-0.355523,-0.070799,-0.037168,-0.037106,-0.030334,-0.032721,-0.005008,0.028538,0.096161,0.212718,1.455539
1987-08-02,0.000000,Validation,-0.359037,-0.073031,-0.038238,-0.037634,-0.030329,-0.032477,-0.004553,0.028939,0.096685,0.212849,1.456909
1987-08-03,0.000000,Validation,-0.352316,-0.070425,-0.035275,-0.038185,-0.028642,-0.031662,-0.002053,0.033250,0.104413,0.222652,1.481227
1987-08-04,0.000000,Validation,-0.340626,-0.065466,-0.030272,-0.038144,-0.025242,-0.029870,0.002238,0.040304,0.115844,0.237904,1.517231
1987-08-05,0.000000,Validation,-0.332624,-0.062121,-0.026070,-0.037464,-0.022448,-0.027890,0.005649,0.045530,0.123395,0.247311,1.537508
1987-08-06,0.000000,Validation,-0.324884,-0.058735,-0.022417,-0.036635,-0.019342,-0.025563,0.009423,0.051243,0.131966,0.258502,1.563173
1987-08-07,0.000000,Validation,-0.327703,-0.059407,-0.027380,-0.038631,-0.018669,-0.026443,0.010777,0.053023,0.136659,0.268437,1.594366
1987-08-08,0.000000,Validation,-0.331325,-0.062132,-0.024855,-0.037595,-0.019903,-0.025125,0.010252,0.052194,0.134787,0.261562,1.574787
1987-08-09,0.000000,Validation,-0.337595,-0.065173,-0.027166,-0.038374,-0.021512,-0.026083,0.009129,0.049638,0.131209,0.256017,1.563390
1987-08-10,0.000000,Validation,-0.348550,-0.070377,-0.031896,-0.039575,-0.024410,-0.027589,0.006496,0.045052,0.125464,0.247643,1.547848
1987-08-11,0.000000,Validation,-0.349882,-0.070907,-0.032302,-0.039663,-0.024248,-0.027191,0.007181,0.045680,0.126988,0.249526,1.555625
1987-08-12,0.000000,Validation,-0.336962,-0.064807,-0.027454,-0.039050,-0.020203,-0.025021,0.011929,0.053379,0.139574,0.267964,1.601672
1987-08-13,0.000000,Validation,-0.331441,-0.063164,-0.024302,-0.038464,-0.017674,-0.022459,0.015527,0.059475,0.148850,0.279192,1.626040
1987-08-14,0.000000,Validation,-0.326420,-0.060428,-0.023711,-0.038582,-0.014765,-0.021041,0.019145,0.064652,0.157397,0.292548,1.660738
1987-08-15,0.000000,Validation,-0.323699,-0.059742,-0.020382,-0.037584,-0.013709,-0.019328,0.020679,0.066786,0.160079,0.294419,1.663532
1987-08-16,0.000000,Validation,-0.336658,-0.066075,-0.025941,-0.039607,-0.017606,-0.021529,0.017875,0.061969,0.154373,0.285110,1.645164
1987-08-17,0.000000,Validation,-0.358375,-0.076449,-0.035105,-0.041582,-0.022452,-0.023547,0.013809,0.054210,0.144320,0.270086,1.617840
1987-08-18,0.000000,Validation,-0.377110,-0.085569,-0.042051,-0.041094,-0.023436,-0.022533,0.013461,0.050513,0.137496,0.261809,1.609278
1987-08-19,0.000000,Validation,-0.373690,-0.084461,-0.041375,-0.042503,-0.023049,-0.022515,0.014732,0.053443,0.144873,0.271945,1.638756
1987-08-20,0.000000,Validation,-0.378298,-0.087251,-0.043089,-0.042780,-0.022534,-0.021470,0.016215,0.054673,0.147415,0.275860,1.654279
1987-08-21,0.000000,Validation,-0.374957,-0.085793,-0.041765,-0.043515,-0.022028,-0.021358,0.017429,0.056820,0.152030,0.281562,1.668977
1987-08-22,0.000000,Validation,-0.351183,-0.074608,-0.032525,-0.043656,-0.018472,-0.020663,0.021278,0.065440,0.166787,0.302178,1.712220
1987-08-23,0.000000,Validation,-0.338101,-0.068487,-0.026719,-0.042486,-0.014757,-0.018583,0.025260,0.071836,0.175711,0.314848,1.738025
1987-08-24,0.000000,Validation,-0.327717,-0.063332,-0.022200,-0.041187,-0.011497,-0.016456,0.028679,0.076948,0.183090,0.325508,1.761523
1987-08-25,0.000000,Validation,-0.332372,-0.064913,-0.024606,-0.042020,-0.013527,-0.017936,0.026854,0.073132,0.179514,0.321732,1.760871
1987-08-26,0.000000,Validation,-0.340118,-0.070258,-0.028065,-0.044218,-0.014702,-0.017950,0.027550,0.074790,0.183873,0.324901,1.769441
1987-08-27,0.000000,Validation,-0.335488,-0.068468,-0.026653,-0.044203,-0.013110,-0.016775,0.029702,0.078528,0.190684,0.334959,1.796073
1987-08-28,0.000000,Validation,-0.383953,-0.120094,-0.066245,-0.037693,0.017519,0.018408,0.091569,0.128930,0.253618,0.523296,2.442085
1987-08-29,0.000000,Validation,-0.496882,-0.189063,-0.146859,-0.082815,-0.000915,0.028760,0.095179,0.172277,0.436857,0.775873,3.519773
1987-08-30,0.000000,Validation,-0.474477,-0.163752,-0.109630,-0.053562,0.030553,0.065219,0.133760,0.230233,0.515300,0.868856,3.639921
1987-08-31,0.000000,Validation,-0.422690,-0.141032,-0.078683,-0.057388,0.005953,0.026704,0.083806,0.161684,0.383791,0.651427,2.836169
1987-09-01,0.000000,Validation,-0.413391,-0.129405,-0.072331,-0.055406,0.000336,0.017436,0.074818,0.147035,0.352604,0.597553,2.643866
1987-09-02,0.000000,Validation,-0.400406,-0.117605,-0.060481,-0.051369,-0.003269,0.011749,0.067689,0.136226,0.323900,0.539739,2.440879
1987-09-03,0.000000,Validation,-0.388268,-0.104965,-0.055703,-0.050775,-0.007401,0.002928,0.059202,0.124225,0.297178,0.493675,2.293190
1987-09-04,0.000000,Validation,-0.372320,-0.094217,-0.050825,-0.050734,-0.009069,-0.002031,0.054729,0.120401,0.287764,0.477049,2.232502
1987-09-05,0.000000,Validation,-0.375127,-0.093651,-0.053102,-0.052351,-0.013151,-0.006449,0.049835,0.113169,0.275901,0.455612,2.173888
1987-09-06,0.000000,Validation,-0.392197,-0.101452,-0.060078,-0.053893,-0.015974,-0.008305,0.047265,0.105673,0.264533,0.436900,2.139640
1987-09-07,0.000000,Validation,-0.387763,-0.099792,-0.060495,-0.056043,-0.018196,-0.010953,0.044398,0.103746,0.264143,0.436318,2.138429
1987-09-08,0.000000,Validation,-0.388949,-0.101296,-0.062590,-0.057866,-0.019633,-0.012255,0.043014,0.102365,0.264352,0.436881,2.144721
1987-09-09,0.000000,Validation,-0.387043,-0.101158,-0.063457,-0.059661,-0.021130,-0.013806,0.041388,0.101234,0.264776,0.437512,2.147201
1987-09-10,0.000000,Validation,-0.373534,-0.095749,-0.060779,-0.061327,-0.022263,-0.015669,0.039662,0.103035,0.270054,0.446294,2.161177
1987-09-11,0.000000,Validation,-0.373614,-0.096904,-0.062613,-0.062951,-0.023532,-0.016395,0.038840,0.103030,0.272934,0.450321,2.173013
1987-09-12,0.000000,Validation,-0.382614,-0.102309,-0.067777,-0.064753,-0.025081,-0.016405,0.038580,0.102271,0.276107,0.453875,2.191819
1987-09-13,0.000000,Validation,-0.385475,-0.105039,-0.071269,-0.066492,-0.026459,-0.016701,0.038044,0.102873,0.282153,0.463272,2.223459
1987-09-14,0.000000,Validation,-0.378323,-0.103528,-0.072626,-0.068552,-0.028423,-0.017791,0.036414,0.105396,0.292985,0.481501,2.269218
1987-09-15,0.000000,Validation,-0.382934,-0.106560,-0.082252,-0.069697,-0.031421,-0.017080,0.035414,0.107152,0.315418,0.525519,2.406911
1987-09-16,0.000000,Validation,-0.373728,-0.101933,-0.075844,-0.068167,-0.028750,-0.015481,0.036504,0.109005,0.311590,0.516411,2.365234
1987-09-17,0.000000,Validation,-0.370786,-0.098405,-0.069275,-0.067223,-0.027021,-0.017427,0.035446,0.101793,0.290065,0.482299,2.276044
1987-09-18,0.000000,Validation,-0.363815,-0.095363,-0.060459,-0.066517,-0.023212,-0.017695,0.037937,0.102548,0.277544,0.456476,2.191751
1987-09-19,0.000000,Validation,-0.365602,-0.096430,-0.061878,-0.067353,-0.022601,-0.017554,0.039367,0.104560,0.281034,0.460206,2.202922
1987-09-20,0.000000,Validation,-0.349369,-0.090476,-0.054029,-0.065174,-0.017495,-0.013936,0.044527,0.114826,0.291604,0.473651,2.218407
1987-09-21,0.000000,Validation,-0.346534,-0.090080,-0.053217,-0.064988,-0.016707,-0.012610,0.046139,0.118368,0.297706,0.481133,2.234416
1987-09-22,0.000000,Validation,-0.343243,-0.089271,-0.052789,-0.064991,-0.015840,-0.011608,0.047648,0.121684,0.303654,0.489231,2.253356
1987-09-23,0.000000,Validation,-0.344135,-0.090437,-0.054149,-0.065701,-0.016252,-0.011262,0.048379,0.123855,0.308639,0.494767,2.267277
1987-09-24,0.000000,Validation,-0.344744,-0.090643,-0.059584,-0.067996,-0.015798,-0.012046,0.049741,0.127311,0.317238,0.510750,2.317135
1987-09-25,0.000000,Validation,-0.435181,-0.131115,-0.062696,0.037099,0.161611,0.180117,0.312600,0.404272,0.791334,1.383963,5.757170
1987-09-26,0.000000,Validation,-0.500511,-0.173329,-0.093754,-0.003690,0.149216,0.215859,0.337129,0.526312,1.196474,1.770914,6.996594
1987-09-27,0.000000,Validation,-0.455576,-0.154789,-0.077807,-0.017989,0.104731,0.162454,0.261624,0.438880,0.980118,1.493191,5.600904
1987-09-28,0.000000,Validation,-0.405473,-0.148956,-0.091442,-0.076945,-0.001304,0.027200,0.098345,0.207068,0.515824,0.818883,3.300335
1987-09-29,0.000000,Validation,-0.397515,-0.132217,-0.092869,-0.079889,-0.015023,0.003990,0.074995,0.172036,0.438438,0.694534,2.902736
1987-09-30,0.000000,Validation,-0.377593,-0.118771,-0.079084,-0.074872,-0.015900,0.001217,0.069780,0.165464,0.411325,0.642196,2.711467
1987-10-01,0.000000,Validation,-0.362160,-0.108923,-0.073540,-0.073499,-0.016320,-0.001847,0.066597,0.162364,0.397801,0.619329,2.627215
1987-10-02,0.000000,Validation,-0.343204,-0.099648,-0.068145,-0.071482,-0.012731,-0.000067,0.067948,0.166823,0.400869,0.623984,2.624990
1987-10-03,0.161056,Validation,-0.331115,-0.093554,-0.064483,-0.069071,-0.009187,0.003061,0.070932,0.172076,0.406256,0.629376,2.625661
1987-10-04,0.161056,Validation,-0.416447,-0.149209,-0.119856,-0.032339,0.112238,0.148159,0.265348,0.433887,1.017892,1.760048,7.083683
1987-10-05,0.161056,Validation,-0.524067,-0.199591,-0.137382,-0.011344,0.175641,0.278053,0.414908,0.715622,1.748514,2.585712,9.943322
1987-10-06,0.161056,Validation,-0.462949,-0.172129,-0.110086,-0.029175,0.108320,0.188188,0.292958,0.537269,1.269321,1.925909,6.990901
1987-10-07,0.161056,Validation,-0.430930,-0.166195,-0.109439,-0.055511,0.052561,0.114393,0.207619,0.400660,0.968539,1.491225,5.382130
1987-10-08,0.161056,Validation,-0.409207,-0.148492,-0.116818,-0.075264,0.011449,0.051783,0.141357,0.296616,0.729237,1.139166,4.237739
1987-10-09,0.161056,Validation,-0.481389,-0.240613,-0.224609,-0.143779,0.001678,0.064585,0.182864,0.436788,1.229264,2.111499,8.198575
1987-10-10,0.161056,Validation,-0.498171,-0.214058,-0.154974,-0.023983,0.141263,0.253969,0.384033,0.719431,1.763823,2.643669,9.167130
1987-10-11,0.161056,Validation,-0.423230,-0.162026,-0.109786,-0.024281,0.103914,0.188312,0.301277,0.561096,1.305722,1.969825,6.618873
1987-10-12,0.161056,Validation,-0.406706,-0.163967,-0.115250,-0.051203,0.056154,0.124999,0.225521,0.443023,1.044956,1.586984,5.419250
1987-10-13,0.161056,Validation,-0.375950,-0.138976,-0.104129,-0.051648,0.041160,0.095982,0.197145,0.391361,0.900631,1.354238,4.624907
1987-10-14,0.161056,Validation,-0.357956,-0.128808,-0.096525,-0.055804,0.030957,0.080579,0.177119,0.360109,0.796375,1.176037,4.043401
1987-10-15,0.161056,Validation,-0.396477,-0.153596,-0.140780,-0.094364,-0.014900,0.027065,0.122123,0.292048,0.708808,1.085971,3.943730
1987-10-16,0.161056,Validation,-0.439945,-0.218274,-0.216128,-0.156395,-0.062045,-0.010956,0.086850,0.277485,0.785983,1.327467,4.994140
1987-10-17,0.161056,Validation,-0.431251,-0.198880,-0.149374,-0.077415,0.028627,0.103689,0.199224,0.425809,1.029775,1.567651,5.390274
1987-10-18,0.161056,Validation,-0.423556,-0.192290,-0.155689,-0.087717,0.013439,0.082981,0.181951,0.401971,0.970924,1.475472,5.047163
1987-10-19,0.161056,Validation,-0.679894,-0.406724,-0.309013,-0.086474,0.339157,0.539347,0.922174,1.928252,5.527166,9.270013,34.408375
1987-10-20,0.161056,Validation,-0.671950,-0.352912,-0.184516,0.198230,0.745208,1.147040,1.688729,3.176731,8.538985,12.508551,39.476044
1987-10-21,0.161056,Validation,-0.590382,-0.317002,-0.205137,0.042702,0.315970,0.569153,0.828288,1.588529,3.934426,5.760421,16.884651
1987-10-22,0.161056,Validation,-0.796417,-0.562229,-0.393791,0.048521,1.054899,1.550575,2.637351,6.221097,18.411369,30.831884,83.498894
1987-10-23,0.161056,Validation,-0.702323,-0.392499,-0.181624,0.334690,1.057217,1.604135,2.417406,4.624764,12.014125,17.660126,48.506325
1987-10-24,0.161056,Validation,-0.769542,-0.542922,-0.380926,-0.042929,0.619433,0.968153,1.625121,3.685853,10.646338,17.847599,52.516739
1987-10-25,0.161056,Validation,-0.748728,-0.483211,-0.129426,0.587011,2.537711,3.162564,5.284139,12.619419,35.479694,61.280125,169.105194
1987-10-26,10.468620,Validation,-0.690913,-0.350704,0.155898,1.336811,4.638020,5.570818,9.278103,22.025993,57.299675,97.750656,251.679520
1987-10-27,14.172901,Validation,-0.539284,-0.014932,0.753627,3.076909,9.286758,10.988420,18.131691,41.528568,96.933006,159.648117,375.273895
1987-10-28,12.079177,Validation,-0.585566,-0.121623,0.319593,1.580369,3.370801,4.573757,6.652354,12.280181,28.222744,40.492352,96.304276
1987-10-29,9.019119,Validation,-0.602615,-0.288584,-0.046281,0.507276,1.129342,1.626557,2.335783,4.103750,9.116184,13.228044,31.740038
1987-10-30,8.535951,Validation,-0.710632,-0.471256,-0.265680,0.172840,0.739250,1.079131,1.732628,3.302285,8.223616,13.018717,35.146862
1987-10-31,28.184745,Validation,-0.791517,-0.599793,-0.308109,0.283250,1.593202,2.069014,3.719863,8.252818,21.860510,38.008102,103.741173
1987-11-01,28.184745,Validation,-0.683632,-0.365443,0.013586,0.955121,2.198300,3.039011,4.494911,8.429278,19.780317,29.342600,76.993744
1987-11-02,38.009142,Validation,-0.665248,-0.294092,0.354594,2.164884,6.855647,8.151820,14.465750,32.662704,71.735359,122.237541,291.866302
1987-11-03,595.100766,Validation,1.853381,5.412062,8.809950,27.746916,54.600361,68.210709,105.547531,191.123718,318.593414,461.623901,986.478027
1987-11-04,91.640686,Validation,3.356128,7.277539,11.044770,28.788719,54.439949,65.090012,91.712273,152.268295,257.186951,353.655579,790.046204
1987-11-05,99.049248,Validation,2.030819,5.042886,7.774957,18.740871,32.068897,40.323544,51.463936,80.838440,137.919250,180.178238,438.905518
1987-11-06,120.469654,Validation,1.100884,2.830979,5.302460,14.593448,29.887451,35.956200,53.412884,95.937759,170.291275,246.196396,575.156250
1987-11-07,306.811085,Validation,4.136807,9.540759,14.478966,41.539173,72.366188,90.330544,132.946350,219.007202,360.474762,502.578583,1094.885620
1987-11-08,85.842682,Validation,7.078345,13.679592,17.549925,40.657532,63.126133,77.571884,97.436867,137.442902,218.879532,275.666962,616.878967
1987-11-09,38.009142,Validation,3.230786,6.239559,8.948058,19.231005,28.182693,37.357986,44.101948,62.157619,97.359573,118.022263,273.791687
1987-11-10,16.749792,Validation,0.044284,0.893704,1.871983,4.595334,7.484457,10.209442,12.783180,19.346632,35.258667,46.369801,109.380524
1987-11-11,9.824397,Validation,-0.165207,0.410101,1.061348,2.646080,4.340176,5.685291,7.297271,10.503361,18.658865,25.143431,55.772778
1987-11-12,6.603283,Validation,-0.410245,-0.042327,0.307151,1.169845,2.022068,2.651256,3.550426,5.322320,9.316885,12.729671,26.479322
1987-11-13,4.992726,Validation,-0.483733,-0.180408,0.056664,0.687151,1.260758,1.698238,2.339376,3.615464,6.378675,8.697989,18.227760
1987-11-14,3.704281,Validation,-0.519952,-0.261638,-0.058734,0.447392,0.895777,1.255623,1.755553,2.786013,5.123019,7.026045,15.107067
1987-11-15,2.737947,Validation,-0.531959,-0.285707,-0.137312,0.289176,0.626861,0.927419,1.327725,2.192600,3.965674,5.351812,11.696220
1987-11-16,2.254780,Validation,-0.547994,-0.318401,-0.160170,0.246844,0.575944,0.863569,1.236598,2.067189,3.888986,5.339290,11.888905
1987-11-17,2.093724,Validation,-0.561145,-0.343987,-0.182741,0.206075,0.519586,0.797317,1.139155,1.940143,3.778389,5.231982,11.877744
1987-11-18,2.093724,Validation,-0.561876,-0.352752,-0.211691,0.130566,0.395916,0.643749,0.937125,1.647372,3.245193,4.504502,10.439605
1987-11-19,1.771613,Validation,-0.562290,-0.360351,-0.233044,0.071781,0.300840,0.527050,0.779108,1.420016,2.850685,3.972289,9.420982
1987-11-20,1.610557,Validation,-0.573860,-0.372338,-0.224777,0.112279,0.367977,0.616548,0.883656,1.587381,3.185022,4.429277,10.312819
1987-11-21,1.449501,Validation,-0.568748,-0.369545,-0.236853,0.073241,0.301331,0.533972,0.776398,1.428191,2.859068,3.975363,9.343747
1987-11-22,1.288446,Validation,-0.543756,-0.341834,-0.244778,0.016900,0.196211,0.396558,0.598984,1.153580,2.258846,3.086386,7.464369
1987-11-23,1.288446,Validation,-0.530561,-0.324903,-0.251308,-0.013378,0.144609,0.327514,0.508758,1.012621,1.979304,2.662480,6.658229
1987-11-24,1.127390,Validation,-0.520069,-0.319998,-0.246105,-0.032267,0.126713,0.308628,0.475948,0.952421,1.853101,2.459147,6.261223
1987-11-25,0.966334,Validation,-0.512129,-0.313694,-0.246434,-0.049844,0.096698,0.267305,0.421165,0.868454,1.716610,2.283293,5.936782
1987-11-26,0.966334,Validation,-0.489378,-0.295565,-0.234047,-0.068756,0.062756,0.218730,0.350046,0.752519,1.503913,1.996737,5.360602
1987-11-27,0.966334,Validation,-0.443657,-0.257249,-0.201847,-0.084310,0.031457,0.161173,0.268854,0.601038,1.198754,1.581269,4.480595
1987-11-28,0.805278,Validation,-0.446324,-0.260384,-0.203732,-0.085325,0.032147,0.163444,0.271547,0.607162,1.215782,1.607050,4.543963
1987-11-29,0.805278,Validation,-0.450158,-0.260499,-0.204366,-0.079164,0.035180,0.166769,0.276432,0.620365,1.247433,1.647781,4.620728
1987-11-30,0.805278,Validation,-0.527717,-0.336178,-0.289468,-0.107704,0.067200,0.240904,0.405532,0.863367,1.889712,2.674600,7.439827
1987-12-01,0.644223,Validation,-0.803258,-0.585770,-0.479106,-0.143662,0.361343,0.826473,1.234530,2.910505,8.501251,12.612150,37.588642
1987-12-02,9.502286,Validation,-0.503777,0.164271,0.968276,3.662632,11.586812,14.162779,25.666084,53.420826,119.571953,182.663345,331.426941
1987-12-03,306.488974,Validation,1.223299,3.918630,6.916800,21.527895,49.684181,60.383587,97.820465,182.536316,320.818298,469.238007,896.970276
1987-12-04,141.406894,Validation,5.228227,11.054670,14.278561,38.502571,66.027748,79.040771,102.905533,154.488113,239.393723,312.812561,632.874695
1987-12-05,31.889026,Validation,0.626467,2.560352,3.870866,11.095514,19.603361,25.306274,32.593933,53.124519,94.463295,124.662560,278.549255
1987-12-06,45.095593,Validation,-0.273293,0.569234,1.285924,4.125900,7.957011,10.443757,14.112655,24.452335,49.323540,69.529930,157.233124
1987-12-07,302.945749,Validation,1.039199,3.400497,5.248509,16.798784,34.399063,42.015102,64.773811,114.159172,203.589340,267.646667,581.135986
1987-12-08,731.031767,Validation,9.765202,21.429626,28.266094,80.886765,126.065483,155.271164,222.987808,308.915771,478.222198,622.011353,1261.422852
1987-12-09,136.575223,Validation,11.346908,18.684473,23.222963,47.955643,65.797279,82.186546,94.101227,121.518349,172.951080,208.991211,414.815399
1987-12-10,47.672484,Validation,5.938616,10.393064,13.809733,29.036127,42.458649,52.968056,63.679256,84.939980,131.587494,162.925415,363.788422
1987-12-11,111.289480,Validation,10.637214,22.914089,30.573294,84.503502,128.606430,160.137955,222.671326,300.324188,473.128540,622.872498,1290.118042
1987-12-12,252.857430,Validation,20.015640,34.206123,43.206825,100.135094,141.008087,171.996490,219.870163,280.330139,437.179504,549.477844,1082.864868
1987-12-13,274.761003,Validation,21.552126,33.643723,40.804287,89.433350,125.217270,149.200241,187.720154,235.084610,355.492065,442.302185,827.098450
1987-12-14,107.907311,Validation,13.760453,21.808725,26.240885,53.540100,74.031372,89.226227,104.610161,132.409180,196.301544,242.678802,490.569489
1987-12-15,353.839346,Validation,10.131279,14.874749,19.953482,41.060463,60.210091,73.023949,91.417694,120.383049,188.238205,233.040497,492.015717
1987-12-16,76.179340,Validation,7.026055,10.885968,14.338176,26.289160,36.380081,44.652077,52.251572,65.558899,102.998260,121.648911,273.084320
1987-12-17,38.653365,Validation,4.557720,6.789841,9.158639,15.423036,20.826567,25.674843,29.633627,35.640785,55.013088,64.493332,143.811356
1987-12-18,20.937239,Validation,3.411361,5.073524,6.832080,10.978122,14.829240,17.726421,20.757368,24.169823,36.893742,43.564430,95.051056
1987-12-19,14.172901,Validation,1.514418,2.716466,3.830957,6.883853,9.940718,11.750479,14.639819,17.688185,28.229046,34.902718,79.296768
1987-12-20,10.307564,Validation,0.785736,1.732377,2.571748,4.915893,7.123369,8.603706,10.609838,13.272559,20.611406,25.491949,55.294750
1987-12-21,7.569617,Validation,-0.064314,0.547317,1.064004,2.714106,4.303116,5.361328,7.115017,9.764332,16.187918,21.578810,47.342659
1987-12-22,6.120116,Validation,-0.061735,0.509539,1.114623,2.708587,4.282293,5.505445,6.983012,9.679283,16.123537,21.327736,46.725697
1987-12-23,4.992726,Validation,-0.162224,0.337421,0.811016,2.095357,3.254204,4.215982,5.316777,7.498507,12.035694,15.337170,32.336575
1987-12-24,3.865337,Validation,-0.240051,0.200263,0.613115,1.705372,2.678708,3.483512,4.392127,6.300025,10.072323,12.767783,26.701431
1987-12-25,3.221114,Validation,-0.361069,-0.001556,0.320028,1.160714,1.888713,2.506875,3.194447,4.749760,7.699095,9.782674,20.147772
1987-12-26,3.060058,Validation,-0.426120,-0.112270,0.173250,0.902402,1.514068,2.043809,2.634500,4.040512,6.724298,8.689802,17.845327
1987-12-27,2.737947,Validation,-0.503724,-0.243778,-0.031196,0.513249,0.947646,1.342022,1.778822,2.883252,4.990954,6.564467,13.688766
1987-12-28,2.415835,Validation,-0.510987,-0.258732,-0.044868,0.488994,0.911017,1.298838,1.716870,2.807751,4.903545,6.482929,13.571240
1987-12-29,2.254780,Validation,-0.527976,-0.285132,-0.096818,0.388839,0.755448,1.108497,1.477314,2.474712,4.359482,5.736606,12.158196
1987-12-30,2.093724,Validation,-0.541517,-0.315997,-0.175883,0.204476,0.484789,0.772172,1.054721,1.853945,3.340101,4.377690,9.673914
1987-12-31,2.737947,Validation,-0.573373,-0.364034,-0.265585,0.071623,0.317572,0.567645,0.841640,1.581594,3.072817,4.304447,10.203020
1988-01-01,2.576891,Training,-0.573239,-0.366625,-0.255747,0.036171,0.247885,0.499496,0.708780,1.368923,2.747106,3.784837,9.235597
1988-01-02,1.771613,Training,-0.544495,-0.345408,-0.246102,0.008802,0.189289,0.403478,0.585928,1.167288,2.351748,3.256512,7.989686
1988-01-03,1.610557,Training,-0.530718,-0.343644,-0.243128,-0.022801,0.137204,0.326834,0.477803,0.998527,2.072968,2.933854,7.365010
1988-01-04,1.610557,Training,-0.504029,-0.310726,-0.230372,-0.026364,0.126189,0.306366,0.452127,0.938627,1.840066,2.453608,6.182267
1988-01-05,1.610557,Training,-0.529693,-0.337817,-0.252451,-0.020275,0.148719,0.330992,0.495943,1.029299,2.080960,2.922285,7.278407
1988-01-06,1.610557,Training,-0.585012,-0.386258,-0.286192,0.009087,0.227313,0.457213,0.677619,1.357852,2.831649,4.103559,10.110044
1988-01-07,1.449501,Training,-0.558554,-0.362623,-0.258016,-0.014662,0.175416,0.402755,0.569881,1.156631,2.396728,3.310187,8.325079
1988-01-08,1.288446,Training,-0.551488,-0.358278,-0.249231,-0.003556,0.194478,0.422589,0.597511,1.195094,2.424636,3.330278,8.203665
1988-01-09,1.127390,Training,-0.509229,-0.317501,-0.231578,-0.028077,0.127491,0.311939,0.452698,0.950244,1.895166,2.552118,6.449988
1988-01-10,0.966334,Training,-0.499034,-0.306762,-0.224672,-0.024629,0.125180,0.303429,0.442015,0.929936,1.826654,2.436185,6.116384
1988-01-11,1.127390,Training,-0.493326,-0.300639,-0.220841,-0.022731,0.122592,0.296419,0.432505,0.912957,1.781976,2.369761,5.939346
1988-01-12,1.288446,Training,-0.500041,-0.310683,-0.233564,-0.039636,0.126524,0.305258,0.446327,0.923972,1.791430,2.398073,6.071421
1988-01-13,17.877181,Training,-0.736599,-0.421638,-0.228919,0.558810,1.567681,2.534285,3.915202,7.827952,21.861216,32.384342,90.616173
1988-01-14,13.850789,Training,0.176192,1.929942,2.933923,10.811371,25.656599,32.847904,49.971851,96.765694,188.537094,224.762100,491.084656
1988-01-15,28.184745,Training,1.942989,5.171138,6.775023,20.744467,40.344215,49.291779,65.850548,108.515411,178.449203,222.401367,439.971588
1988-01-16,42.196590,Training,1.053120,3.403242,4.668092,13.970777,26.777805,34.439163,43.926720,73.727837,130.577118,169.473160,358.904785
1988-01-17,20.131961,Training,0.598455,2.478922,3.680341,10.481872,18.486488,24.054518,29.889669,49.236900,86.262703,112.344727,242.526398
1988-01-18,12.884455,Training,-0.013926,0.850501,1.769004,4.432448,7.309409,9.989214,12.255063,19.409565,34.464890,45.570236,96.863159
1988-01-19,11.596010,Training,-0.233567,0.502031,1.078122,3.282084,5.741679,7.787750,10.265196,16.766747,31.882814,43.553829,94.939629
1988-01-20,9.180174,Training,-0.177580,0.504061,1.197022,3.105200,5.131672,7.000074,8.769236,13.467090,23.959919,31.885950,68.865547
1988-01-21,7.086450,Training,-0.280217,0.218710,0.746411,2.014291,3.298975,4.482523,5.658173,8.626602,15.011201,20.005938,42.211769
1988-01-22,6.120116,Training,-0.237631,0.237321,0.734897,1.929888,3.067041,4.096959,5.143682,7.636120,12.634623,16.457079,34.492916
1988-01-23,5.314838,Training,-0.265018,0.165591,0.601197,1.645719,2.616593,3.487925,4.368831,6.474679,10.510386,13.507071,27.999767
1988-01-24,4.831671,Training,-0.348357,0.019921,0.395146,1.286043,2.108168,2.815894,3.584679,5.434958,9.003215,11.841309,24.439814
1988-01-25,4.348504,Training,-0.439588,-0.149678,0.190510,0.911324,1.623904,2.186634,2.835856,4.451591,7.858366,10.879541,22.887777
1988-01-26,4.509559,Training,-0.533713,-0.261485,0.024109,0.730844,1.426855,1.953140,2.700840,4.448582,8.425406,12.495107,27.711662
1988-01-27,122.402323,Training,-0.074876,1.309773,2.595761,10.021265,21.832481,28.490019,44.550507,87.444107,178.605896,227.425827,517.191589
1988-01-28,48.316706,Training,2.185137,5.257582,7.462278,19.709520,33.064323,43.157604,53.189121,80.884239,124.823341,154.962463,312.212952
1988-01-29,19.487738,Training,0.666827,2.085389,3.570020,8.768479,14.271788,19.417257,23.563150,36.075554,59.339275,76.851517,165.233673
1988-01-30,12.240232,Training,-0.000442,0.730048,1.649565,3.900277,6.246580,8.554441,10.509663,15.793377,27.240519,36.472775,78.897499
1988-01-31,8.535951,Training,-0.248897,0.239433,0.779760,2.016001,3.249776,4.396431,5.489189,8.185027,13.870555,18.362665,38.757320
1988-02-01,6.764339,Training,-0.373072,0.003710,0.391121,1.293250,2.149848,2.906801,3.713048,5.710569,9.700893,13.001893,27.020201
1988-02-02,4.992726,Training,-0.478788,-0.204120,0.049384,0.608879,1.127365,1.606603,2.076325,3.373683,5.831111,7.778645,16.126577
1988-02-03,3.865337,Training,-0.512868,-0.271273,-0.075031,0.371949,0.756169,1.126927,1.484396,2.519032,4.450110,5.951363,12.557158
1988-02-04,3.543225,Training,-0.535605,-0.321490,-0.166543,0.198035,0.490057,0.768577,1.055667,1.900860,3.513572,4.883295,10.690156
1988-02-05,3.221114,Training,-0.532513,-0.333230,-0.197086,0.105401,0.342951,0.580572,0.806947,1.519243,2.883206,4.036555,9.151110
1988-02-06,3.060058,Training,-0.539751,-0.329264,-0.204649,0.116268,0.361683,0.608092,0.843052,1.574449,2.955058,4.063454,9.264997
1988-02-07,2.737947,Training,-0.520677,-0.324354,-0.213427,0.035157,0.241604,0.459314,0.634373,1.228539,2.316527,3.138541,7.433236
1988-02-08,2.254780,Training,-0.517594,-0.319717,-0.211097,0.042272,0.232035,0.441087,0.612829,1.201828,2.270527,3.077813,7.248147
1988-02-09,2.093724,Training,-0.519149,-0.326395,-0.212030,0.040332,0.225823,0.429198,0.597172,1.182384,2.254931,3.107726,7.299658
1988-02-10,2.093724,Training,-0.513779,-0.318555,-0.213473,0.028749,0.205453,0.404239,0.561817,1.120759,2.123979,2.875356,6.824835
1988-02-11,1.771613,Training,-0.511442,-0.318803,-0.217045,0.009959,0.188094,0.385553,0.533564,1.067590,2.022179,2.719217,6.532641
1988-02-12,1.610557,Training,-0.510407,-0.316225,-0.216948,0.012466,0.179747,0.372095,0.516053,1.046271,1.996934,2.694108,6.468878
1988-02-13,1.610557,Training,-0.518097,-0.324977,-0.220744,0.011445,0.188648,0.389342,0.534622,1.075274,2.060290,2.780406,6.659536
1988-02-14,1.610557,Training,-0.496159,-0.310925,-0.213068,-0.009446,0.138066,0.308079,0.429899,0.912463,1.802411,2.509489,6.158457
1988-02-15,30.439525,Training,-0.589192,-0.320080,-0.186261,0.272151,0.732789,1.114585,1.504722,2.640816,6.237897,9.458514,24.539043
1988-02-16,115.637984,Training,-0.730216,-0.366965,-0.144274,0.670104,1.958594,3.059319,3.907522,8.000036,20.767391,28.512121,76.814484
1988-02-17,24.480465,Training,-0.671444,-0.262776,-0.033093,0.867503,2.289096,3.424330,4.205679,8.571132,21.005108,29.742495,72.001930
1988-02-18,13.045511,Training,-0.633807,-0.305492,-0.024873,0.643867,1.430148,2.147702,2.660140,5.131544,11.584638,16.757660,38.253632
1988-02-19,8.052784,Training,-0.606786,-0.331803,-0.057461,0.485167,1.037896,1.565973,1.999866,3.714503,7.958372,11.883881,26.374781
1988-02-20,6.120116,Training,-0.588294,-0.321113,-0.066447,0.485692,1.011030,1.479015,1.955852,3.505043,7.132672,10.672843,23.547260
1988-02-21,4.992726,Training,-0.585143,-0.349623,-0.118388,0.351858,0.792180,1.173988,1.577817,2.859217,5.831445,8.841001,19.660427
1988-02-22,3.865337,Training,-0.582885,-0.345179,-0.145884,0.314431,0.722187,1.082035,1.470439,2.673837,5.369717,8.013153,17.869904
1988-02-23,3.221114,Training,-0.601798,-0.374006,-0.172046,0.279976,0.682831,1.041255,1.416842,2.620859,5.409410,8.238488,18.769495
1988-02-24,3.060058,Training,-0.580860,-0.365266,-0.157128,0.266859,0.618938,0.972120,1.297359,2.389312,4.805304,7.135270,15.937527
1988-02-25,2.737947,Training,-0.563200,-0.347751,-0.165146,0.231903,0.541143,0.864989,1.155341,2.125132,4.122830,5.897554,13.090453
1988-02-26,2.254780,Training,-0.547641,-0.332036,-0.165849,0.198037,0.503508,0.816903,1.079275,1.949952,3.631386,4.989413,11.113435
1988-02-27,1.771613,Training,-0.524316,-0.328249,-0.166265,0.141882,0.448241,0.750723,0.971581,1.724362,3.118806,4.278938,9.825158
1988-02-28,1.610557,Training,-0.520792,-0.328127,-0.171447,0.123516,0.414809,0.707552,0.914582,1.629081,2.936875,4.014530,9.310555
1988-02-29,1.610557,Training,-0.533657,-0.333230,-0.185641,0.108832,0.370628,0.640732,0.841016,1.544630,2.848840,3.883023,8.824053
1988-03-01,1.449501,Training,-0.538855,-0.332686,-0.196327,0.108138,0.328899,0.577578,0.771732,1.468870,2.775560,3.807213,8.635342
1988-03-02,1.288446,Training,-0.592155,-0.390833,-0.260817,0.059384,0.404741,0.729465,1.016469,1.822489,3.878977,5.872031,14.375681
1988-03-03,1.610557,Training,-0.705367,-0.418880,-0.239680,0.294912,0.868720,1.458270,1.846757,3.566744,8.538461,12.615256,32.970428
1988-03-04,1.449501,Training,-0.662374,-0.369135,-0.167425,0.380123,0.928268,1.475407,1.850833,3.534966,8.033257,12.023575,29.054909
1988-03-05,1.127390,Training,-0.619226,-0.383833,-0.171543,0.233164,0.643429,1.073266,1.350296,2.491700,5.318310,7.883349,18.590263
1988-03-06,0.966334,Training,-0.587047,-0.357793,-0.174971,0.198736,0.511514,0.855806,1.104552,2.063180,4.254756,6.190515,14.226037
1988-03-07,0.966334,Training,-0.549444,-0.338641,-0.197490,0.101685,0.320640,0.569140,0.752312,1.473549,3.000404,4.355712,10.128026
1988-03-08,0.805278,Training,-0.534086,-0.337491,-0.198676,0.069550,0.268347,0.488341,0.648983,1.300241,2.669976,3.953545,9.295965
1988-03-09,0.644223,Training,-0.533650,-0.343380,-0.201934,0.061121,0.256114,0.472213,0.626823,1.265190,2.613443,3.895900,9.202642
1988-03-10,0.644223,Training,-0.539716,-0.338924,-0.217858,0.066060,0.265737,0.479405,0.649859,1.298959,2.647888,3.918518,9.296400
1988-03-11,0.644223,Training,-0.539768,-0.349934,-0.214801,0.046183,0.229953,0.444314,0.584159,1.198633,2.509336,3.759792,9.051886
1988-03-12,0.644223,Training,-0.517726,-0.332099,-0.209749,0.021949,0.185560,0.377878,0.498083,1.045691,2.188665,3.258331,7.967376
1988-03-13,0.644223,Training,-0.499884,-0.311580,-0.207160,0.007087,0.152405,0.327625,0.435792,0.932122,1.920079,2.800291,6.946778
1988-03-14,0.483167,Training,-0.495241,-0.309986,-0.204872,0.001104,0.143233,0.314277,0.416983,0.899507,1.859899,2.722348,6.786803
1988-03-15,0.483167,Training,-0.492955,-0.302622,-0.203973,0.008749,0.148094,0.320741,0.428331,0.912381,1.845443,2.651314,6.545653
1988-03-16,0.483167,Training,-0.487959,-0.305888,-0.202420,-0.010497,0.124139,0.287892,0.379550,0.835815,1.744592,2.560139,6.478307
1988-03-17,0.322111,Training,-0.482097,-0.304126,-0.202060,-0.027961,0.099348,0.254219,0.332850,0.762186,1.627314,2.401902,6.231732
1988-03-18,0.322111,Training,-0.478270,-0.304008,-0.204155,-0.054392,0.059472,0.201503,0.259473,0.653263,1.460232,2.179035,5.912168
1988-03-19,0.322111,Training,-0.475398,-0.301422,-0.203598,-0.065198,0.040800,0.176574,0.226658,0.601587,1.368083,2.047359,5.648200
1988-03-20,0.322111,Training,-0.489644,-0.315546,-0.210329,-0.053470,0.058228,0.204380,0.257912,0.659396,1.496705,2.256862,6.069255
1988-03-21,0.322111,Training,-0.440447,-0.266766,-0.195493,-0.042047,0.075252,0.202011,0.271845,0.631691,1.320671,2.004578,5.443899
1988-03-22,0.161056,Training,-0.454389,-0.266807,-0.187950,-0.053526,0.057289,0.190310,0.237873,0.577978,1.258171,1.873072,5.367374
1988-03-23,0.161056,Training,-0.394055,-0.216413,-0.140192,-0.065050,0.032163,0.133386,0.169607,0.441045,0.963513,1.433774,4.383401
1988-03-24,0.161056,Training,-0.406392,-0.226978,-0.154488,-0.087981,-0.003291,0.090138,0.118825,0.378120,0.880595,1.319982,4.228410
1988-03-25,0.161056,Training,-0.398907,-0.210650,-0.144379,-0.091187,-0.018319,0.066273,0.097604,0.333773,0.780616,1.155144,3.769854
1988-03-26,0.161056,Training,-0.378128,-0.193294,-0.132531,-0.083091,-0.008678,0.070347,0.106162,0.339892,0.761693,1.112276,3.602112
1988-03-27,0.161056,Training,-0.365151,-0.179291,-0.123954,-0.077519,-0.005844,0.068857,0.105928,0.332415,0.731116,1.060652,3.445285
1988-03-28,0.161056,Training,-0.358420,-0.173443,-0.122312,-0.064915,0.009349,0.088258,0.128281,0.363249,0.777295,1.125122,3.538732
1988-03-29,0.161056,Training,-0.320609,-0.135920,-0.087624,-0.056193,0.013862,0.074519,0.116284,0.315921,0.642532,0.921733,3.037843
1988-03-30,0.000000,Training,-0.312981,-0.125853,-0.082430,-0.032618,0.037927,0.104813,0.157809,0.367627,0.674555,0.945430,2.909720
1988-03-31,0.000000,Training,-0.310065,-0.122519,-0.078710,-0.034118,0.035539,0.099489,0.149899,0.352830,0.655190,0.927718,2.897166
1988-04-01,0.000000,Validation,-0.307731,-0.120180,-0.075193,-0.035460,0.034163,0.095406,0.143818,0.340752,0.640625,0.915351,2.897207
1988-04-02,0.000000,Validation,-0.317234,-0.129147,-0.098202,-0.025561,0.052263,0.118000,0.176363,0.393426,0.699983,1.013130,3.069896
1988-04-03,0.000000,Validation,-0.362964,-0.160205,-0.123155,-0.035605,0.058027,0.141525,0.197438,0.434403,0.817850,1.175587,3.573294
1988-04-04,0.000000,Validation,-0.358538,-0.157840,-0.099974,-0.024431,0.065982,0.148525,0.194666,0.430205,0.828373,1.226797,3.729385
1988-04-05,0.000000,Validation,-0.344312,-0.146044,-0.095899,-0.023109,0.058905,0.135161,0.184880,0.412381,0.780596,1.137535,3.446004
1988-04-06,0.000000,Validation,-0.337546,-0.141591,-0.093057,-0.024474,0.051874,0.126083,0.172481,0.395548,0.759620,1.113399,3.393601
1988-04-07,0.000000,Validation,-0.337688,-0.139809,-0.096969,-0.023018,0.049877,0.126356,0.175345,0.405181,0.775526,1.117547,3.356806
1988-04-08,0.000000,Validation,-0.353881,-0.158525,-0.109923,-0.033193,0.039933,0.121739,0.161995,0.400914,0.827684,1.224341,3.703671
1988-04-09,0.000000,Validation,-0.324985,-0.131102,-0.085847,-0.028725,0.039584,0.107827,0.150557,0.361829,0.709437,1.033332,3.198902
1988-04-10,0.000000,Validation,-0.314855,-0.120900,-0.077302,-0.031559,0.033103,0.093681,0.132243,0.327588,0.653273,0.963375,3.085429
1988-04-11,0.000000,Validation,-0.302588,-0.107719,-0.072112,-0.024762,0.041201,0.093217,0.134896,0.320578,0.621096,0.935161,3.015601
1988-04-12,0.000000,Validation,-0.320967,-0.112168,-0.071669,-0.046369,0.003524,0.048002,0.071974,0.228884,0.508882,0.788315,2.877432
1988-04-13,0.000000,Validation,-0.326721,-0.116865,-0.075027,-0.048801,-0.002378,0.044297,0.066767,0.223825,0.507013,0.781901,2.844762
1988-04-14,0.000000,Validation,-0.364290,-0.129152,-0.092587,-0.056395,-0.023937,0.025842,0.042551,0.187262,0.466170,0.717217,2.681620
1988-04-15,0.000000,Validation,-0.350443,-0.123040,-0.087248,-0.053142,-0.019125,0.029931,0.047767,0.198103,0.476421,0.729098,2.685820
1988-04-16,0.000000,Validation,-0.316431,-0.109600,-0.075041,-0.043845,-0.000070,0.047445,0.068880,0.231799,0.515787,0.782678,2.785443
1988-04-17,0.000000,Validation,-0.314875,-0.109642,-0.083492,-0.039488,0.005408,0.049992,0.070857,0.235432,0.516511,0.816086,2.906168
1988-04-18,0.000000,Validation,-0.314543,-0.118232,-0.084482,-0.016868,0.036870,0.090372,0.107894,0.279246,0.578772,0.957314,3.262402
1988-04-19,0.000000,Validation,-0.399544,-0.172636,-0.129527,-0.030281,0.027183,0.101050,0.088842,0.275560,0.641844,1.144184,4.274328
1988-04-20,0.000000,Validation,-0.419285,-0.188993,-0.121433,-0.029152,0.025638,0.116994,0.106486,0.314857,0.764823,1.271340,4.470368
1988-04-21,0.000000,Validation,-0.372734,-0.153109,-0.109626,-0.037301,0.017032,0.081584,0.085209,0.263252,0.609177,1.033412,3.707243
1988-04-22,0.000000,Validation,-0.344616,-0.127658,-0.084467,-0.038756,0.014424,0.063477,0.080104,0.237105,0.523788,0.845554,3.093543
1988-04-23,0.000000,Validation,-0.310772,-0.101617,-0.056409,-0.020976,0.033623,0.081662,0.108327,0.267008,0.540644,0.830080,2.899126
1988-04-24,0.000000,Validation,-0.301360,-0.086812,-0.049672,-0.022199,0.028435,0.064518,0.095128,0.239799,0.479006,0.739302,2.680487
1988-04-25,0.000000,Validation,-0.280788,-0.073030,-0.035335,-0.006334,0.045503,0.085166,0.126149,0.276900,0.503035,0.748590,2.539622
1988-04-26,0.000000,Validation,-0.273812,-0.064689,-0.029778,-0.006196,0.042688,0.077713,0.119403,0.262484,0.473112,0.704765,2.435663
1988-04-27,0.000000,Validation,-0.278965,-0.062513,-0.030011,-0.016017,0.027599,0.054703,0.090490,0.219154,0.419066,0.637183,2.372366
1988-04-28,0.000000,Validation,-0.278202,-0.061494,-0.028684,-0.016611,0.025373,0.051631,0.086597,0.211864,0.407264,0.621621,2.336100
1988-04-29,0.000000,Validation,-0.279728,-0.058720,-0.029857,-0.017938,0.018691,0.042947,0.074727,0.193609,0.383563,0.596463,2.305693
1988-04-30,0.000000,Validation,-0.261431,-0.047879,-0.014214,-0.012797,0.028169,0.045643,0.083031,0.192834,0.354907,0.550574,2.130266
1988-05-01,0.000000,Validation,-0.266943,-0.048671,-0.020866,-0.015902,0.024452,0.038717,0.075328,0.181850,0.340736,0.538600,2.128452
1988-05-02,0.000000,Validation,-0.270057,-0.052703,-0.027044,-0.013705,0.029526,0.046216,0.084229,0.195303,0.359708,0.571872,2.185666
1988-05-03,0.161056,Validation,-0.275120,-0.058792,-0.029939,-0.011490,0.031919,0.055422,0.093338,0.212172,0.387318,0.603146,2.224041
1988-05-04,1.771613,Validation,-0.337190,-0.063272,0.018195,0.205715,0.232659,0.308095,0.305762,0.452025,0.747409,1.213823,3.568120
1988-05-05,108.229422,Validation,-0.241461,0.304381,0.476754,1.179152,1.387463,1.781973,1.755197,2.443690,4.100123,5.323317,13.772449
1988-05-06,25.607854,Validation,-0.103843,0.653249,0.881204,1.941042,2.541768,3.115674,3.083763,4.643754,7.982720,10.510121,24.991980
1988-05-07,7.408562,Validation,-0.303720,0.272745,0.372438,0.910551,1.287187,1.598470,1.581395,2.705659,5.258272,7.495275,20.094296
1988-05-08,4.026392,Validation,-0.327181,0.075174,0.164437,0.417076,0.551921,0.730109,0.714579,1.213415,2.339430,3.340310,9.191993
1988-05-09,2.737947,Validation,-0.347446,-0.007250,0.076895,0.239805,0.309068,0.437724,0.437354,0.754711,1.489136,2.192406,6.257311
1988-05-10,2.093724,Validation,-0.364668,-0.041006,-0.014573,0.159046,0.194178,0.278528,0.283915,0.518072,1.019119,1.679626,5.156760
1988-05-11,1.449501,Validation,-0.400496,-0.088269,-0.073428,0.136030,0.201542,0.303326,0.302766,0.618469,1.318638,2.130891,6.464776
1988-05-12,1.127390,Validation,-0.382318,-0.087832,-0.054641,0.125383,0.209950,0.313188,0.354663,0.670860,1.344269,2.000075,5.670503
1988-05-13,0.966334,Validation,-0.349229,-0.075437,-0.060430,0.085690,0.152795,0.228816,0.274021,0.517999,0.998971,1.537183,4.501363
1988-05-14,0.805278,Validation,-0.353859,-0.098777,-0.060584,0.058087,0.108455,0.189621,0.221341,0.450810,0.911638,1.371435,4.155724
1988-05-15,0.644223,Validation,-0.345115,-0.091515,-0.063157,0.045492,0.086728,0.159208,0.189244,0.394803,0.815254,1.243879,3.878849
1988-05-16,0.644223,Validation,-0.360787,-0.102917,-0.078505,0.027263,0.051805,0.119005,0.134934,0.322315,0.712778,1.124150,3.706006
1988-05-17,0.483167,Validation,-0.354617,-0.105083,-0.082545,0.019915,0.047676,0.116854,0.137476,0.327581,0.720493,1.115089,3.607348
1988-05-18,0.322111,Validation,-0.363592,-0.114051,-0.094061,0.009661,0.033054,0.102695,0.120040,0.307658,0.696550,1.084328,3.538182
1988-05-19,0.322111,Validation,-0.359130,-0.104974,-0.090718,0.002096,0.017119,0.077878,0.092419,0.257847,0.598436,0.947556,3.227665
1988-05-20,0.322111,Validation,-0.375198,-0.103813,-0.094223,-0.000576,-0.000926,0.054327,0.062920,0.202384,0.495564,0.816568,2.918946
1988-05-21,0.322111,Validation,-0.375963,-0.098725,-0.093244,-0.005004,-0.010932,0.038726,0.045605,0.168273,0.429088,0.720668,2.686069
1988-05-22,0.322111,Validation,-0.358606,-0.094253,-0.090649,-0.013357,-0.012955,0.033446,0.041555,0.166546,0.427927,0.713441,2.677424
1988-05-23,0.322111,Validation,-0.334201,-0.070951,-0.068307,-0.016075,-0.018373,0.012877,0.022483,0.119653,0.315695,0.543375,2.265778
1988-05-24,0.161056,Validation,-0.325314,-0.058649,-0.055486,-0.017365,-0.021317,-0.001302,0.010968,0.087670,0.237113,0.428724,1.978173
1988-05-25,0.161056,Validation,-0.319648,-0.056930,-0.052846,-0.022917,-0.018183,-0.008203,0.010170,0.079150,0.201752,0.382335,1.851362
1988-05-26,0.161056,Validation,-0.306369,-0.053460,-0.035898,-0.024815,-0.015324,-0.006393,0.012861,0.082025,0.200077,0.361659,1.786055
1988-05-27,0.161056,Validation,-0.294091,-0.047487,-0.029392,-0.022350,-0.008773,-0.002075,0.019717,0.088528,0.205985,0.367894,1.790300
1988-05-28,0.161056,Validation,-0.284228,-0.039274,-0.026137,-0.016669,-0.008181,0.000030,0.017345,0.083750,0.205960,0.374002,1.814102
1988-05-29,0.161056,Validation,-0.311600,-0.052174,-0.048813,-0.017913,-0.018034,-0.002500,0.008615,0.078127,0.216712,0.403424,1.911455
1988-05-30,0.161056,Validation,-0.314902,-0.058153,-0.042028,-0.027499,-0.022682,-0.011735,0.004258,0.069021,0.186727,0.345108,1.751081
1988-05-31,0.000000,Validation,-0.323851,-0.058005,-0.044719,-0.025780,-0.026976,-0.016567,-0.002553,0.054582,0.162092,0.316386,1.684186
1988-06-01,0.000000,Validation,-0.345618,-0.068869,-0.046253,-0.033459,-0.034249,-0.031137,-0.013598,0.030320,0.103109,0.229446,1.446823
1988-06-02,0.000000,Validation,-0.356361,-0.069918,-0.048579,-0.030236,-0.036206,-0.034004,-0.018621,0.017659,0.076858,0.198726,1.372518
1988-06-03,0.000000,Validation,-0.360797,-0.070095,-0.048093,-0.029360,-0.036136,-0.036245,-0.020694,0.010424,0.059461,0.178171,1.322003
1988-06-04,0.000000,Validation,-0.337441,-0.062643,-0.038604,-0.032904,-0.031132,-0.032926,-0.012576,0.026497,0.090491,0.215290,1.415994
1988-06-05,0.000000,Validation,-0.315057,-0.052567,-0.026700,-0.030991,-0.023042,-0.027715,-0.003713,0.038662,0.106803,0.235616,1.462124
1988-06-06,0.000000,Validation,-0.310909,-0.048663,-0.022348,-0.029456,-0.021678,-0.028157,-0.003137,0.036235,0.098922,0.224580,1.430534
1988-06-07,0.000000,Validation,-0.330329,-0.055298,-0.029907,-0.029941,-0.028408,-0.033945,-0.011274,0.021195,0.073278,0.191384,1.348855
1988-06-08,0.000000,Validation,-0.278399,-0.033219,-0.009357,-0.022427,-0.002777,-0.011962,0.018107,0.064484,0.142679,0.282861,1.561088
1988-06-09,0.000000,Validation,-0.277343,-0.032577,-0.013803,-0.020774,0.002237,-0.007418,0.024176,0.071746,0.153822,0.305209,1.605646
1988-06-10,0.000000,Validation,-0.291446,-0.043050,-0.029440,-0.025013,-0.000303,-0.009883,0.022077,0.068524,0.150168,0.318447,1.655882
1988-06-11,0.000000,Validation,-0.314261,-0.056491,-0.041690,-0.028092,-0.001106,-0.007856,0.021457,0.069067,0.159684,0.343051,1.761754
1988-06-12,0.000000,Validation,-0.339338,-0.075659,-0.059604,-0.031594,-0.003382,-0.004743,0.020955,0.068872,0.169110,0.379056,1.908497
1988-06-13,0.000000,Validation,-0.379427,-0.116108,-0.091630,-0.037156,-0.003783,0.011211,0.032699,0.089668,0.212983,0.478147,2.226846
1988-06-14,0.000000,Validation,-0.420131,-0.140040,-0.112439,-0.032402,0.012824,0.048375,0.064752,0.146461,0.330317,0.653322,2.786736
1988-06-15,0.000000,Validation,-0.384341,-0.111554,-0.055789,-0.005499,0.034834,0.070216,0.088091,0.177789,0.375467,0.654425,2.710453
1988-06-16,0.000000,Test,-0.390417,-0.114816,-0.092548,-0.023012,0.005477,0.035522,0.051834,0.126698,0.277899,0.573582,2.486105
1988-06-17,0.000000,Test,-0.404152,-0.115987,-0.090507,-0.018457,0.006999,0.036827,0.050842,0.130917,0.295677,0.581427,2.540405
1988-06-18,0.000000,Test,-0.381261,-0.093474,-0.050002,0.000855,0.013363,0.042689,0.058981,0.133583,0.282763,0.521613,2.304428
1988-06-19,0.000000,Test,-0.381575,-0.087623,-0.051939,-0.002889,-0.002866,0.021383,0.037027,0.099402,0.219863,0.426404,2.019825
1988-06-20,0.000000,Test,-0.345703,-0.066905,-0.037368,-0.004709,0.001076,0.017284,0.038694,0.105681,0.229380,0.429483,2.007143
1988-06-21,0.000000,Test,-0.335422,-0.055465,-0.032085,-0.005310,-0.002287,0.008088,0.032746,0.094728,0.205396,0.388416,1.883848
1988-06-22,0.000000,Test,-0.306411,0.076390,0.155464,0.360153,0.302877,0.355795,0.360727,0.400910,0.607263,1.035813,3.540650
1988-06-23,0.000000,Test,-0.442966,-0.063033,-0.000409,0.131941,0.188076,0.254669,0.294830,0.424213,0.746745,1.129695,4.111507
1988-06-24,0.000000,Test,-0.391942,-0.065396,-0.009835,0.067044,0.094966,0.144130,0.167237,0.269834,0.493621,0.812122,3.092939
1988-06-25,0.000000,Test,-0.379402,-0.082620,-0.045714,0.007587,0.021246,0.051754,0.072633,0.149112,0.322196,0.584083,2.457123
1988-06-26,0.000000,Test,-0.372852,-0.075381,-0.060584,-0.007492,0.000848,0.017791,0.042520,0.106943,0.248829,0.490277,2.208749
1988-06-27,0.000000,Test,-0.368724,-0.072793,-0.066097,-0.011590,-0.005064,0.008927,0.033222,0.095626,0.234564,0.476519,2.187770
1988-06-28,0.000000,Test,-0.354829,-0.064481,-0.054950,-0.007780,-0.000534,0.013263,0.036505,0.100121,0.245705,0.482700,2.206182
1988-06-29,0.000000,Test,-0.345835,-0.062574,-0.055472,-0.013149,-0.001793,0.008346,0.033553,0.095040,0.234403,0.467294,2.159896
1988-06-30,0.000000,Test,-0.337747,-0.059653,-0.040105,-0.011677,-0.008150,0.003473,0.024294,0.080891,0.207343,0.410913,2.006153
1988-07-01,0.000000,Training,-0.333206,-0.053328,-0.039321,-0.012359,-0.015256,-0.005833,0.013811,0.063457,0.177359,0.366737,1.886064
1988-07-02,0.000000,Training,-0.329631,-0.051553,-0.038277,-0.018202,-0.020585,-0.015248,0.006135,0.052631,0.154156,0.326635,1.773151
1988-07-03,0.000000,Training,-0.317067,-0.048409,-0.029896,-0.026206,-0.020061,-0.022874,0.004476,0.050151,0.135195,0.283872,1.632543
1988-07-04,0.000000,Training,-0.326561,-0.057305,-0.063922,-0.032627,-0.028988,-0.032022,-0.004041,0.029755,0.107835,0.303969,1.736247
1988-07-05,0.000000,Training,-0.335692,-0.059331,-0.048696,-0.027720,-0.009689,-0.011977,0.014837,0.059894,0.162256,0.352580,1.880455
1988-07-06,0.000000,Training,-0.331142,-0.062763,-0.035042,-0.028014,-0.011923,-0.011920,0.015881,0.063128,0.156907,0.323052,1.761532
1988-07-07,0.000000,Training,-0.331688,-0.062960,-0.036922,-0.033117,-0.022071,-0.024540,0.001920,0.044779,0.127664,0.278776,1.639545
1988-07-08,0.000000,Training,-0.332452,-0.060028,-0.036855,-0.033488,-0.026573,-0.030342,-0.004189,0.034922,0.110410,0.252475,1.568158
1988-07-09,0.000000,Training,-0.350764,-0.064063,-0.044245,-0.033230,-0.035459,-0.037906,-0.015222,0.016358,0.079190,0.208119,1.454175
1988-07-10,0.000000,Training,-0.362031,-0.062420,-0.046670,-0.027354,-0.037856,-0.039961,-0.019698,0.003658,0.054031,0.177820,1.388416
1988-07-11,0.000000,Training,-0.378121,-0.074638,-0.051707,-0.026550,-0.036245,-0.035301,-0.018545,0.007753,0.053024,0.171036,1.342399
1988-07-12,0.000000,Training,-0.389841,-0.079974,-0.056194,-0.023719,-0.036062,-0.033247,-0.018726,0.005744,0.046891,0.165465,1.334032
1988-07-13,0.000000,Training,-0.376858,-0.075012,-0.052283,-0.028609,-0.036140,-0.035037,-0.017356,0.009993,0.061784,0.183793,1.387819
1988-07-14,0.000000,Training,-0.363532,-0.066678,-0.046383,-0.028193,-0.035551,-0.036197,-0.017374,0.009046,0.062911,0.185836,1.398459
1988-07-15,0.000000,Training,-0.354013,-0.061320,-0.041763,-0.028483,-0.035396,-0.037473,-0.017784,0.008698,0.062779,0.183658,1.389329
1988-07-16,0.000000,Training,-0.347322,-0.060785,-0.038821,-0.031496,-0.034553,-0.037733,-0.016007,0.013595,0.071305,0.191520,1.402484
1988-07-17,0.000000,Training,-0.346559,-0.059969,-0.038713,-0.031179,-0.035204,-0.038133,-0.017193,0.011577,0.069511,0.189735,1.401167
1988-07-18,0.000000,Training,-0.336233,-0.059990,-0.032543,-0.034579,-0.030019,-0.035018,-0.008920,0.026458,0.090319,0.210896,1.436761
1988-07-19,0.000000,Training,-0.319909,-0.053293,-0.025223,-0.033460,-0.024212,-0.030752,-0.002138,0.037325,0.107348,0.232888,1.488163
1988-07-20,0.000000,Training,-0.340319,-0.061676,-0.034053,-0.034395,-0.030913,-0.034681,-0.009130,0.025878,0.090190,0.209121,1.431813
1988-07-21,0.000000,Training,-0.366725,-0.071432,-0.044961,-0.030784,-0.035562,-0.035413,-0.015702,0.012461,0.067049,0.181533,1.371135
1988-07-22,0.000000,Training,-0.367419,-0.065447,-0.046440,-0.023794,-0.036723,-0.035133,-0.020156,0.000356,0.052445,0.172808,1.377974
1988-07-23,0.000000,Training,-0.364612,-0.070659,-0.044469,-0.032971,-0.036287,-0.037641,-0.017583,0.007804,0.064309,0.182035,1.393702
1988-07-24,0.000000,Training,-0.348824,-0.067512,-0.036217,-0.036858,-0.031074,-0.035298,-0.009055,0.023453,0.088118,0.207334,1.440520
1988-07-25,0.000000,Training,-0.362230,-0.072624,-0.041065,-0.035368,-0.033406,-0.035458,-0.011745,0.017687,0.076988,0.191721,1.401639
1988-07-26,0.000000,Training,-0.372557,-0.076923,-0.044791,-0.033564,-0.033957,-0.034355,-0.012374,0.015169,0.071213,0.184663,1.387438
1988-07-27,0.000000,Training,-0.382339,-0.081846,-0.048803,-0.032149,-0.033653,-0.032425,-0.011666,0.015111,0.070375,0.185125,1.395141
1988-07-28,0.000000,Training,-0.382090,-0.082706,-0.049285,-0.033557,-0.033314,-0.031895,-0.010294,0.017946,0.077475,0.194379,1.422556
1988-07-29,0.000000,Training,-0.362925,-0.075319,-0.042165,-0.037344,-0.031310,-0.032229,-0.006395,0.027202,0.097430,0.218174,1.479082
1988-07-30,0.000000,Training,-0.355097,-0.071827,-0.038271,-0.037572,-0.029880,-0.031705,-0.004266,0.030966,0.103002,0.223580,1.486964
1988-07-31,0.000000,Training,-0.358534,-0.072808,-0.038817,-0.037095,-0.030521,-0.031903,-0.004885,0.029109,0.098698,0.216364,1.466996
1988-08-01,0.000000,Training,-0.369850,-0.077701,-0.042766,-0.035965,-0.031385,-0.031412,-0.005890,0.025685,0.091580,0.207366,1.448526
1988-08-02,0.000000,Training,-0.369515,-0.078011,-0.042653,-0.036680,-0.030919,-0.031064,-0.004779,0.027447,0.095544,0.212533,1.464608
1988-08-03,0.000000,Training,-0.351179,-0.070644,-0.035317,-0.038383,-0.027527,-0.030084,-0.000002,0.036798,0.112891,0.234765,1.517485
1988-08-04,0.000000,Training,-0.360076,-0.074463,-0.038366,-0.038051,-0.028854,-0.030117,-0.001154,0.033805,0.107291,0.226318,1.497175
1988-08-05,0.000000,Training,-0.328669,-0.060612,-0.024581,-0.036980,-0.020582,-0.026015,0.008105,0.049424,0.131275,0.258523,1.569257
1988-08-06,0.000000,Training,-0.315196,-0.054210,-0.018971,-0.035283,-0.014738,-0.022072,0.014222,0.058288,0.144406,0.277363,1.614258
1988-08-07,0.000000,Training,-0.340066,-0.066015,-0.029093,-0.038017,-0.023171,-0.026495,0.007015,0.047209,0.129188,0.253333,1.558552
1988-08-08,0.000000,Training,-0.361357,-0.075771,-0.037836,-0.038476,-0.027011,-0.027429,0.003591,0.040166,0.118570,0.238399,1.528963
1988-08-09,0.000000,Training,-0.357501,-0.074492,-0.036466,-0.039436,-0.026218,-0.027361,0.004966,0.042873,0.124135,0.245845,1.549741
1988-08-10,0.000000,Training,-0.349897,-0.071494,-0.033177,-0.039770,-0.024102,-0.026317,0.007798,0.047686,0.132251,0.256921,1.577268
1988-08-11,0.000000,Training,-0.338663,-0.066446,-0.027923,-0.039131,-0.020722,-0.024457,0.011739,0.053844,0.141250,0.269121,1.604381
1988-08-12,0.000000,Training,-0.340039,-0.067297,-0.028336,-0.039413,-0.020600,-0.023878,0.012742,0.055272,0.144014,0.271918,1.611509
1988-08-13,0.000000,Training,-0.344884,-0.069703,-0.030247,-0.040045,-0.021378,-0.023909,0.012768,0.054890,0.144198,0.271313,1.612290
1988-08-14,0.000000,Training,-0.347641,-0.071203,-0.031251,-0.040551,-0.021522,-0.023707,0.013316,0.055343,0.145562,0.272729,1.618348
1988-08-15,0.000000,Training,-0.358550,-0.076394,-0.035458,-0.041210,-0.023074,-0.023987,0.012355,0.052488,0.141677,0.266997,1.610043
1988-08-16,0.000000,Training,-0.359607,-0.077069,-0.035698,-0.041653,-0.022728,-0.023723,0.013269,0.053329,0.143594,0.269693,1.620182
1988-08-17,0.000000,Training,-0.360099,-0.077625,-0.035864,-0.042130,-0.022254,-0.023243,0.014452,0.054845,0.146887,0.274242,1.634700
1988-08-18,0.000000,Training,-0.366807,-0.081112,-0.038422,-0.042479,-0.022500,-0.022628,0.015062,0.054686,0.147271,0.274615,1.640796
1988-08-19,0.000000,Training,-0.368548,-0.082328,-0.039161,-0.042988,-0.022139,-0.022003,0.016326,0.056280,0.150862,0.279396,1.656387
1988-08-20,0.000000,Training,-0.350591,-0.074197,-0.032179,-0.043136,-0.018861,-0.020936,0.020181,0.064142,0.164215,0.298147,1.698237
1988-08-21,0.000000,Training,-0.345742,-0.072026,-0.029893,-0.043011,-0.017308,-0.020083,0.022215,0.067037,0.168636,0.304261,1.712338
1988-08-22,0.000000,Training,-0.353654,-0.075957,-0.033161,-0.044094,-0.018820,-0.020414,0.021716,0.065495,0.167580,0.301445,1.709176
1988-08-23,0.000000,Training,-0.360880,-0.079531,-0.035951,-0.044952,-0.019734,-0.020792,0.021336,0.063461,0.165389,0.298473,1.708846
1988-08-24,0.000000,Training,-0.356685,-0.077653,-0.034613,-0.045287,-0.018968,-0.020624,0.022406,0.065268,0.169704,0.305480,1.730094
1988-08-25,0.000000,Training,-0.376988,-0.088381,-0.042697,-0.045879,-0.019919,-0.018940,0.023365,0.063865,0.168770,0.303754,1.739511
1988-08-26,0.000000,Training,-0.359685,-0.080368,-0.037204,-0.046854,-0.018468,-0.019014,0.025330,0.070425,0.182254,0.322550,1.781799
1988-08-27,0.000000,Training,-0.356127,-0.079184,-0.036127,-0.047280,-0.017484,-0.018419,0.026973,0.073261,0.187762,0.330630,1.803142
1988-08-28,0.000000,Training,-0.350736,-0.076712,-0.034104,-0.047367,-0.016457,-0.017975,0.028431,0.075873,0.192180,0.336619,1.816357
1988-08-29,0.000000,Training,-0.326744,-0.065345,-0.024331,-0.044300,-0.009155,-0.013508,0.035151,0.087197,0.207954,0.361447,1.871408
1988-08-30,0.000000,Training,-0.329231,-0.067049,-0.026086,-0.045371,-0.009885,-0.013623,0.035458,0.087943,0.211123,0.365378,1.884464
1988-08-31,0.000000,Training,-0.325075,-0.065526,-0.025151,-0.045239,-0.008223,-0.011994,0.037859,0.092101,0.218971,0.376555,1.913620
1988-09-01,0.000000,Training,-0.327965,-0.067502,-0.027458,-0.046705,-0.009302,-0.012599,0.037725,0.092409,0.221722,0.380213,1.927270
1988-09-02,0.000000,Training,-0.334061,-0.071247,-0.030998,-0.048703,-0.011434,-0.013698,0.036852,0.091624,0.223324,0.381664,1.936338
1988-09-03,0.000000,Training,-0.344965,-0.077251,-0.036522,-0.051504,-0.014953,-0.015762,0.034697,0.088453,0.221834,0.378128,1.935395
1988-09-04,0.000000,Training,-0.369007,-0.089703,-0.047056,-0.054988,-0.019415,-0.017386,0.032267,0.082650,0.217439,0.369403,1.931442
1988-09-05,0.000000,Training,-0.371948,-0.091891,-0.049239,-0.056261,-0.019893,-0.017466,0.032658,0.083581,0.221346,0.375035,1.952713
1988-09-06,0.000000,Training,-0.371265,-0.092314,-0.050093,-0.057388,-0.020071,-0.017603,0.033165,0.085309,0.226313,0.382373,1.975215
1988-09-07,0.000000,Training,-0.379112,-0.096933,-0.053607,-0.058477,-0.020254,-0.017130,0.034172,0.085539,0.228535,0.385281,1.992381
1988-09-08,0.000000,Training,-0.395099,-0.106156,-0.059331,-0.058377,-0.018203,-0.014203,0.038321,0.087485,0.231948,0.391194,2.027854
1988-09-09,0.000000,Training,-0.380595,-0.099331,-0.056700,-0.060708,-0.020589,-0.016739,0.035777,0.089717,0.241043,0.403403,2.050187
1988-09-10,0.000000,Training,-0.368019,-0.094039,-0.053237,-0.061095,-0.019995,-0.016866,0.036514,0.094160,0.249222,0.415712,2.072973
1988-09-11,0.000000,Training,-0.369085,-0.094914,-0.054276,-0.061977,-0.020575,-0.017043,0.036758,0.094924,0.251399,0.416855,2.074678
1988-09-12,0.000000,Training,-0.365286,-0.093806,-0.053902,-0.062567,-0.020398,-0.016825,0.037644,0.097853,0.257338,0.424828,2.092919
1988-09-13,0.000000,Training,-0.363462,-0.093572,-0.054029,-0.063289,-0.020405,-0.016965,0.038120,0.099401,0.260893,0.429778,2.106041
1988-09-14,0.000000,Training,-0.349532,-0.087624,-0.049276,-0.062182,-0.017529,-0.015458,0.040690,0.105377,0.269081,0.443322,2.132835
1988-09-15,0.000000,Training,-0.345739,-0.086533,-0.048612,-0.062338,-0.016655,-0.014732,0.042044,0.108423,0.274467,0.450872,2.150571
1988-09-16,0.000000,Training,-0.340666,-0.084661,-0.047292,-0.062183,-0.015439,-0.013973,0.043348,0.111149,0.278936,0.457655,2.166485
1988-09-17,0.000000,Training,-0.342953,-0.086392,-0.049239,-0.063207,-0.016272,-0.014139,0.043571,0.112194,0.282524,0.461621,2.178599
1988-09-18,0.000000,Training,-0.342442,-0.086803,-0.049923,-0.063724,-0.016315,-0.013843,0.044212,0.113990,0.286640,0.466945,2.192892
1988-09-19,0.000000,Training,-0.339982,-0.086204,-0.049842,-0.063779,-0.015644,-0.012935,0.045478,0.116880,0.292091,0.474388,2.211505
1988-09-20,0.000000,Training,-0.338336,-0.086095,-0.050031,-0.063890,-0.015041,-0.011887,0.046906,0.120067,0.298098,0.482099,2.230475
1988-09-21,0.000000,Training,-0.343001,-0.089070,-0.052942,-0.065256,-0.016517,-0.012221,0.046915,0.120943,0.301859,0.485473,2.241231
1988-09-22,0.000000,Training,-0.335099,-0.086279,-0.050784,-0.064243,-0.013690,-0.009293,0.050314,0.127825,0.312739,0.500748,2.275584
1988-09-23,0.000000,Training,-0.331621,-0.085309,-0.050224,-0.064080,-0.012526,-0.007934,0.052069,0.131569,0.319139,0.509058,2.294528
1988-09-24,0.000000,Training,-0.341208,-0.090491,-0.055011,-0.066676,-0.016279,-0.010461,0.049917,0.128764,0.317549,0.504587,2.287703
1988-09-25,0.000000,Training,-0.348306,-0.094532,-0.058754,-0.068658,-0.018800,-0.011750,0.048868,0.127745,0.318669,0.503735,2.288635
1988-09-26,0.000000,Training,-0.356025,-0.098756,-0.062741,-0.070696,-0.021371,-0.012960,0.047681,0.126434,0.319595,0.502169,2.288722
1988-09-27,0.000000,Training,-0.357895,-0.099996,-0.064050,-0.071600,-0.022209,-0.013372,0.047508,0.126619,0.321103,0.503159,2.292380
1988-09-28,0.000000,Training,-0.359385,-0.101030,-0.065145,-0.072333,-0.022837,-0.013581,0.047559,0.127113,0.323074,0.504845,2.297503
1988-09-29,0.000000,Training,-0.355573,-0.099783,-0.064112,-0.072193,-0.022111,-0.012908,0.048697,0.129879,0.327307,0.510937,2.309433
1988-09-30,0.000000,Training,-0.333131,-0.089917,-0.055194,-0.068257,-0.014824,-0.007724,0.054697,0.140636,0.339301,0.531983,2.349692
1988-10-01,0.000000,Training,-0.358069,-0.119357,-0.107092,-0.103507,-0.040237,-0.037958,0.034792,0.116005,0.319857,0.565755,2.558999
1988-10-02,0.000000,Training,-0.370398,-0.115066,-0.074465,-0.074307,-0.014079,0.000103,0.064124,0.155440,0.390240,0.616267,2.649549
1988-10-03,0.000000,Training,-0.367496,-0.114603,-0.071975,-0.073675,-0.012793,0.001768,0.068906,0.161130,0.395849,0.619697,2.632676
1988-10-04,0.000000,Training,-0.358507,-0.113230,-0.071736,-0.076232,-0.015291,-0.001587,0.063804,0.159608,0.393201,0.615857,2.615478
1988-10-05,0.000000,Training,-0.365468,-0.111896,-0.073719,-0.076670,-0.020937,-0.006258,0.059028,0.151458,0.377484,0.582469,2.512486
1988-10-06,0.000000,Training,-0.350116,-0.103272,-0.066956,-0.073762,-0.018092,-0.005129,0.060609,0.154795,0.375795,0.579655,2.484936
1988-10-07,0.000000,Training,-0.338761,-0.097304,-0.062330,-0.071692,-0.015705,-0.003628,0.062180,0.158000,0.376544,0.579936,2.472019
1988-10-08,0.000000,Training,-0.338129,-0.096735,-0.062337,-0.071733,-0.016564,-0.003933,0.061901,0.157990,0.376089,0.576922,2.458554
1988-10-09,0.000000,Training,-0.347043,-0.099809,-0.071656,-0.076052,-0.020190,-0.008278,0.059405,0.155036,0.376301,0.579857,2.478484
1988-10-10,0.000000,Training,-0.327710,-0.092315,-0.058941,-0.069810,-0.012713,0.000075,0.066010,0.165575,0.386656,0.591966,2.487781
1988-10-11,0.000000,Training,-0.325497,-0.124729,-0.107197,-0.098875,-0.016021,-0.002941,0.078896,0.187287,0.454090,0.795047,3.222719
1988-10-12,0.000000,Training,-0.363394,-0.137996,-0.085381,-0.052478,0.043526,0.084011,0.159129,0.307730,0.673507,1.041575,3.758472
1988-10-13,0.000000,Training,-0.394098,-0.168535,-0.148219,-0.094175,0.017107,0.062298,0.149615,0.318288,0.755907,1.246522,4.527653
1988-10-14,0.000000,Training,-0.562142,-0.291373,-0.258050,-0.129961,0.097222,0.222451,0.366699,0.802974,2.251456,3.579887,14.352579
1988-10-15,0.000000,Training,-0.543837,-0.206749,-0.144523,0.069342,0.338135,0.533607,0.737136,1.342785,3.253052,4.683897,15.615952
1988-10-16,0.000000,Training,-0.468512,-0.181450,-0.112570,0.018876,0.194701,0.326755,0.461311,0.860694,2.031945,2.982679,9.715727
1988-10-17,0.000000,Training,-0.465041,-0.192456,-0.154504,-0.037805,0.115336,0.218421,0.346439,0.677772,1.626850,2.472538,7.984165
1988-10-18,0.000000,Training,-0.616167,-0.373903,-0.329793,-0.184593,0.057189,0.208092,0.392349,0.991817,2.968204,4.910374,17.302017
1988-10-19,0.000000,Training,-0.601158,-0.303186,-0.206673,0.028482,0.305641,0.522468,0.767096,1.491575,3.905746,5.860150,18.842102
1988-10-20,0.000000,Training,-0.472861,-0.203646,-0.125349,0.027285,0.204449,0.360273,0.523229,0.978404,2.301340,3.367956,10.222531
1988-10-21,0.000000,Training,-0.454241,-0.208674,-0.137941,-0.019684,0.123168,0.248541,0.386720,0.745972,1.746328,2.580172,7.911013
1988-10-22,0.000000,Training,-0.436692,-0.204794,-0.150529,-0.050316,0.066526,0.171071,0.298551,0.602728,1.391710,2.042615,6.294595
1988-10-23,0.000000,Training,-0.436849,-0.212691,-0.160998,-0.065466,0.041498,0.143215,0.266829,0.557861,1.275800,1.851558,5.689937
1988-10-24,0.000000,Training,-0.446564,-0.225239,-0.172968,-0.081428,0.015526,0.116246,0.234313,0.513183,1.179345,1.702072,5.249926
1988-10-25,0.000000,Training,-0.447612,-0.231394,-0.180569,-0.088709,0.006026,0.106513,0.221726,0.498590,1.136393,1.626290,5.004039
1988-10-26,0.000000,Training,-0.447512,-0.235221,-0.185863,-0.093315,0.000226,0.100503,0.212776,0.488735,1.104640,1.568216,4.816010
1988-10-27,0.000000,Training,-0.443508,-0.234110,-0.187851,-0.094550,-0.001074,0.098052,0.207333,0.481995,1.081543,1.527690,4.688700
1988-10-28,0.000000,Training,-0.452088,-0.242097,-0.196222,-0.100776,-0.008702,0.090606,0.197547,0.471586,1.065369,1.504155,4.620020
1988-10-29,0.000000,Training,-0.490770,-0.280197,-0.236583,-0.115716,-0.016804,0.090736,0.203820,0.503071,1.173165,1.692204,5.106664
1988-10-30,0.000000,Training,-0.612801,-0.434029,-0.365386,-0.230739,-0.060761,0.081593,0.243920,0.694703,2.094187,3.633781,12.745512
1988-10-31,0.000000,Training,-0.681943,-0.455179,-0.356545,-0.136403,0.097691,0.321555,0.518593,1.155731,3.293108,5.090083,17.081831
1988-11-01,0.000000,Training,-0.621917,-0.392874,-0.341496,-0.180080,0.001200,0.164015,0.308651,0.795378,2.270878,3.602379,11.929113
1988-11-02,0.000000,Training,-0.750497,-0.569606,-0.449583,-0.267440,0.114898,0.340735,0.669794,1.778841,5.574486,9.432214,32.545757
1988-11-03,0.000000,Training,-0.750383,-0.512876,-0.306411,0.089682,1.035963,1.478208,2.396183,5.735068,17.356640,28.469841,91.040337
1988-11-04,0.000000,Training,-0.696870,-0.356110,0.064239,1.008832,3.759913,4.595738,7.567818,18.411943,53.408470,90.174324,232.752441
1988-11-05,0.000000,Training,-0.532648,-0.028406,0.786537,2.771293,8.677696,10.195844,16.719366,40.119335,102.887627,175.471741,401.489105
1988-11-06,0.000000,Training,-0.414852,0.265798,0.974565,3.368102,7.723606,10.255499,15.563492,31.216990,72.641113,122.780518,234.560745
1988-11-07,29.312135,Training,0.119581,1.456676,3.255409,9.692319,22.041113,28.801291,43.547237,86.091614,172.606018,294.966736,515.786682
1988-11-08,206.312336,Training,1.842739,4.802093,8.570532,23.916302,47.924191,60.591759,89.351685,161.573318,286.096649,455.080017,875.216614
1988-11-09,33.177472,Training,1.554871,4.431896,7.149994,18.910316,36.296555,44.038597,58.779949,103.905006,184.050003,265.846924,614.566650
1988-11-10,13.850789,Training,-0.228342,0.484029,1.656890,5.071396,12.571699,15.018356,22.885574,49.472378,109.084877,178.479340,427.067352
1988-11-11,214.365120,Training,-0.086712,0.956002,2.438179,7.792081,19.590908,23.767946,37.856579,81.309052,178.317642,288.314758,625.580994
1988-11-12,36.076474,Training,0.325248,1.949468,3.456103,9.767535,19.049591,23.872368,32.249840,59.141602,117.507004,165.298477,412.230347
1988-11-13,13.689733,Training,-0.343207,0.277106,1.020462,3.055919,5.648985,7.550440,9.999823,17.656200,37.423573,51.742168,128.154724
1988-11-14,6.925395,Training,-0.501538,-0.098106,0.349612,1.425722,2.658652,3.564597,4.818302,8.015953,17.187178,24.612402,59.106873
1988-11-15,4.026392,Training,-0.464596,-0.118416,0.279356,1.161642,2.088238,2.786693,3.728570,5.788646,11.487107,16.198986,36.372082
1988-11-16,2.576891,Training,-0.431455,-0.101190,0.259283,1.080352,1.905668,2.516619,3.345810,5.020876,9.341719,12.825830,27.690353
1988-11-17,1.610557,Training,-0.443675,-0.139518,0.186418,0.927863,1.649072,2.193173,2.898064,4.341355,7.982385,10.788362,23.125639
1988-11-18,0.966334,Training,-0.507019,-0.246560,-0.016559,0.539040,1.036932,1.427471,1.950580,3.029660,5.623198,7.608012,16.366251
1988-11-19,0.644223,Training,-0.500123,-0.234986,-0.022962,0.525854,0.993987,1.371253,1.872252,2.914845,5.188855,6.958657,14.700998
1988-11-20,0.483167,Training,-0.611039,-0.382395,-0.231334,0.259641,0.694240,1.018345,1.563809,2.644748,5.243925,7.727609,17.981228
1988-11-21,0.805278,Training,-0.725829,-0.491454,-0.309733,0.277421,0.881657,1.340602,2.093884,3.748000,8.559377,13.293967,34.096855
1988-11-22,0.805278,Training,-0.648771,-0.407902,-0.214697,0.323533,0.783509,1.218236,1.783804,3.094307,6.459925,9.475907,22.223078
1988-11-23,0.644223,Training,-0.648670,-0.061545,0.397408,2.957203,8.377661,11.530889,20.652689,43.706615,93.996788,134.035248,305.418823
1988-11-24,130.777218,Training,4.179567,10.212992,13.542513,43.419426,75.097061,95.374268,141.388763,225.306046,353.663116,431.151367,888.186768
1988-11-25,936.538824,Training,14.998787,28.825094,37.031113,92.845680,132.452271,162.199829,219.980560,289.296814,454.271088,569.851562,1127.754150
1988-11-26,231.437023,Training,13.188024,22.586626,26.608950,58.016197,82.180252,99.069519,117.208900,152.300552,218.808090,270.554749,528.894165
1988-11-27,63.939108,Training,2.143841,4.832971,6.909966,16.392023,24.511730,32.886890,38.940781,56.859932,88.508057,108.707436,237.592850
1988-11-28,19.165627,Training,-0.232982,0.431332,1.131059,3.070060,5.210387,7.078680,9.036716,14.132721,26.034649,35.294205,75.675926
1988-11-29,11.434954,Training,-0.387577,0.052260,0.488475,1.555467,2.662431,3.563403,4.676951,7.170420,12.890189,17.579561,36.462902
1988-11-30,7.730673,Training,-0.479543,-0.134045,0.150575,0.899211,1.623983,2.186224,2.977090,4.670954,8.422725,11.560737,24.117981
1988-12-01,5.959060,Training,-0.524237,-0.244857,0.009826,0.611275,1.194607,1.638575,2.276746,3.625549,6.836583,9.611938,20.421566
1988-12-02,4.831671,Training,-0.519398,-0.237577,-0.012122,0.586320,1.112587,1.548813,2.137739,3.414769,6.185280,8.468047,17.786093
1988-12-03,3.543225,Training,-0.520986,-0.250035,-0.030821,0.545128,1.027292,1.453215,1.987615,3.199328,5.740164,7.756001,16.268255
1988-12-04,2.737947,Training,-0.516570,-0.247572,-0.027494,0.550696,1.025962,1.449864,1.967341,3.162834,5.609558,7.510395,15.739628
1988-12-05,2.254780,Training,-0.517428,-0.251110,-0.036863,0.530779,0.986967,1.400180,1.890604,3.052718,5.376674,7.134353,14.999965
1988-12-06,1.771613,Training,-0.519195,-0.259206,-0.040276,0.519440,0.968576,1.374893,1.847305,2.992133,5.281972,7.017827,14.762507
1988-12-07,1.610557,Training,-0.516835,-0.252272,-0.037160,0.525082,0.968711,1.378304,1.835844,2.977622,5.192430,6.784227,14.320664
1988-12-08,1.610557,Training,-0.511179,-0.244662,-0.026460,0.531914,0.991518,1.410186,1.854972,2.989146,5.161749,6.668776,14.196051
1988-12-09,1.288446,Training,-0.540732,-0.295086,-0.108561,0.371074,0.752661,1.116114,1.492561,2.488253,4.417987,5.766912,12.494487
1988-12-10,1.127390,Training,-0.558261,-0.329944,-0.171922,0.234280,0.549541,0.863342,1.178882,2.038943,3.727442,4.914767,10.908529
1988-12-11,1.127390,Training,-0.565338,-0.338640,-0.179178,0.227431,0.536260,0.850314,1.160186,2.023971,3.739757,4.952229,11.020958
1988-12-12,1.127390,Training,-0.571046,-0.358047,-0.227808,0.111085,0.346197,0.607994,0.857834,1.586613,3.055119,4.104015,9.425324
1988-12-13,0.966334,Training,-0.561833,-0.357538,-0.248697,0.035438,0.229147,0.455315,0.660886,1.285017,2.538871,3.418694,8.139561
1988-12-14,0.644223,Training,-0.515860,-0.324000,-0.243838,-0.048392,0.104925,0.285056,0.429588,0.899881,1.806226,2.408419,6.183992
1988-12-15,0.644223,Training,-0.469463,-0.287534,-0.218986,-0.080326,0.051307,0.200590,0.314078,0.692420,1.395398,1.847777,5.042082
1988-12-16,0.644223,Training,-0.471527,-0.306081,-0.229972,-0.097850,0.050035,0.213809,0.326584,0.702890,1.403529,1.886790,5.319258
1988-12-17,0.644223,Training,-0.476626,-0.306359,-0.229756,-0.094773,0.053353,0.216002,0.329080,0.712076,1.434861,1.932252,5.362739
1988-12-18,0.644223,Training,-0.487235,-0.295058,-0.225987,-0.063211,0.067227,0.222591,0.343969,0.754845,1.542866,2.055848,5.465142
1988-12-19,0.483167,Training,-0.473563,-0.286153,-0.218266,-0.071853,0.057694,0.206607,0.321324,0.709782,1.447491,1.926749,5.204421
1988-12-20,0.483167,Training,-0.463709,-0.273916,-0.208939,-0.064915,0.055082,0.196734,0.306427,0.686374,1.402736,1.863777,5.058236
1988-12-21,0.483167,Training,-0.447423,-0.258952,-0.194053,-0.061018,0.050393,0.180646,0.282478,0.642998,1.316106,1.762874,4.824875
1988-12-22,0.483167,Training,-0.445546,-0.258154,-0.195227,-0.063788,0.049033,0.180858,0.283380,0.642238,1.304760,1.726865,4.744960
1988-12-23,0.483167,Training,-0.448696,-0.257774,-0.199619,-0.061113,0.053020,0.182382,0.287592,0.649668,1.321953,1.764882,4.841926
1988-12-24,0.483167,Training,-0.450391,-0.260212,-0.198323,-0.059401,0.054578,0.184909,0.287944,0.652053,1.335866,1.797825,4.925097
1988-12-25,0.483167,Training,-0.447967,-0.260348,-0.194916,-0.058834,0.052983,0.184077,0.283630,0.646336,1.327075,1.784443,4.888966
1988-12-26,0.322111,Training,-0.449785,-0.262681,-0.197334,-0.058533,0.053008,0.186539,0.286541,0.653336,1.336954,1.786849,4.884576
1988-12-27,0.161056,Training,-0.450306,-0.263319,-0.199451,-0.059546,0.052252,0.187325,0.288313,0.656506,1.334038,1.770484,4.831289
1988-12-28,0.161056,Training,-0.448467,-0.261601,-0.198786,-0.059371,0.051322,0.185872,0.286338,0.653006,1.319896,1.746721,4.760682
1988-12-29,0.161056,Training,-0.446614,-0.260116,-0.197096,-0.058273,0.050712,0.183821,0.282955,0.647860,1.306666,1.732438,4.712648
1988-12-30,0.161056,Training,-0.445555,-0.259435,-0.196637,-0.058532,0.049868,0.182581,0.280942,0.644381,1.295321,1.714894,4.663405
1988-12-31,0.161056,Training,-0.444672,-0.258679,-0.196618,-0.059206,0.048915,0.181832,0.279282,0.641321,1.285241,1.696038,4.618456
1989-01-01,0.161056,Validation,-0.444770,-0.260697,-0.198830,-0.065222,0.046544,0.181994,0.278891,0.638095,1.273901,1.670851,4.573403
1989-01-02,0.161056,Validation,-0.445448,-0.265097,-0.201227,-0.072658,0.044413,0.182500,0.278304,0.634548,1.264310,1.660618,4.563660
1989-01-03,0.161056,Validation,-0.445476,-0.267506,-0.202010,-0.076503,0.043920,0.183662,0.278544,0.633142,1.258715,1.656962,4.563488
1989-01-04,0.161056,Validation,-0.448185,-0.272003,-0.204716,-0.079754,0.043673,0.185343,0.280249,0.636729,1.266149,1.671231,4.598160
1989-01-05,0.161056,Validation,-0.449887,-0.268507,-0.203597,-0.072119,0.046766,0.186137,0.283087,0.645379,1.283936,1.688534,4.602768
1989-01-06,0.161056,Validation,-0.472460,-0.283453,-0.231230,-0.063481,0.070159,0.210489,0.330314,0.733972,1.483154,2.037945,5.468031
1989-01-07,0.161056,Validation,-0.520410,-0.335895,-0.259347,-0.094914,0.092612,0.271433,0.398581,0.834103,1.764993,2.481308,6.842463
1989-01-08,0.161056,Validation,-0.514636,-0.318689,-0.224632,-0.041128,0.110745,0.287542,0.401131,0.873249,1.887858,2.649963,7.056853
1989-01-09,0.161056,Validation,-0.564906,-0.360100,-0.281404,-0.037947,0.169170,0.372017,0.545653,1.148164,2.512440,3.622258,9.344936
1989-01-10,8.858063,Validation,-0.617125,-0.010526,0.475570,2.750175,7.627698,9.994727,16.100508,34.694889,85.320305,115.126053,280.919128
1989-01-11,43.001869,Validation,1.356867,4.471037,6.243513,21.337065,46.769711,55.952099,83.198311,152.714371,261.507629,313.566223,617.998291
1989-01-12,105.813587,Validation,2.059791,5.397418,7.262058,21.762012,42.479362,50.801777,67.500374,113.828201,185.866135,239.742844,477.633881
1989-01-13,20.293017,Validation,-0.078512,0.870107,1.778919,4.976165,8.898017,12.202822,15.115798,25.953648,49.020874,64.476562,138.432495
1989-01-14,10.146508,Validation,-0.456157,-0.028733,0.407571,1.393477,2.515427,3.525120,4.428233,7.509254,14.879267,20.680933,44.157349
1989-01-15,5.959060,Validation,-0.465733,-0.124991,0.212309,0.924699,1.671114,2.344475,3.013677,4.906853,9.057946,12.387457,25.932964
1989-01-16,4.348504,Validation,-0.477664,-0.183373,0.079388,0.661111,1.213270,1.713578,2.246561,3.684549,6.604244,8.924805,18.417906
1989-01-17,3.060058,Validation,-0.483938,-0.210007,0.017545,0.544480,1.018963,1.462854,1.922399,3.166612,5.568072,7.409149,15.300558
1989-01-18,2.737947,Validation,-0.492477,-0.231552,-0.023083,0.471097,0.903489,1.316067,1.728605,2.864585,4.998359,6.590715,13.693897
1989-01-19,2.737947,Validation,-0.503715,-0.251678,-0.052716,0.427065,0.827490,1.215203,1.602955,2.686600,4.706580,6.206516,12.961024
1989-01-20,2.415835,Validation,-0.513905,-0.269250,-0.079088,0.380390,0.760704,1.128622,1.490539,2.522604,4.436920,5.846583,12.351748
1989-01-21,2.093724,Validation,-0.520352,-0.286460,-0.099982,0.327957,0.693927,1.047122,1.375760,2.347476,4.140471,5.456017,11.669691
1989-01-22,1.771613,Validation,-0.530894,-0.301431,-0.120124,0.301511,0.637650,0.973552,1.286984,2.236285,3.999252,5.295434,11.360706
1989-01-23,1.610557,Validation,-0.535933,-0.311258,-0.132318,0.274818,0.601624,0.929413,1.225556,2.144920,3.853626,5.104120,11.032476
1989-01-24,1.610557,Validation,-0.540367,-0.316107,-0.128847,0.293657,0.619551,0.953645,1.252546,2.201423,3.991435,5.327757,11.488575
1989-01-25,1.610557,Validation,-0.547380,-0.336892,-0.175317,0.188451,0.454746,0.739838,0.987373,1.806572,3.373713,4.575806,10.070526
1989-01-26,65.871776,Validation,-0.662369,-0.354444,-0.186673,0.496491,1.259484,1.971568,2.923792,5.253314,13.181831,19.777786,52.325218
1989-01-27,21.259351,Validation,-0.684472,-0.317744,0.032146,1.082089,2.518002,3.935289,5.204792,9.725348,22.823692,31.296957,79.096443
1989-01-28,9.824397,Validation,-0.647029,-0.382281,-0.152661,0.346877,0.876867,1.421585,1.816546,3.431302,7.756347,11.204818,26.444975
1989-01-29,6.442228,Validation,-0.599539,-0.360174,-0.151635,0.264588,0.666705,1.064132,1.400159,2.560326,5.342268,7.668867,17.310249
1989-01-30,4.831671,Validation,-0.582965,-0.355985,-0.225256,0.116449,0.417739,0.690995,0.961746,1.827841,3.797807,5.491712,12.760326
1989-01-31,4.187448,Validation,-0.654754,-0.385014,-0.264128,0.163957,0.694673,1.140383,1.549595,3.027264,7.309292,10.778461,26.629629
1989-02-01,3.060058,Validation,-0.681022,-0.394900,-0.175956,0.364336,0.986658,1.583838,2.038165,4.037750,9.685223,13.936330,34.194038
1989-02-02,2.737947,Validation,-0.605026,-0.358889,-0.161010,0.241131,0.627612,1.017354,1.322153,2.534798,5.538508,7.998825,18.529497
1989-02-03,2.415835,Validation,-0.573421,-0.350684,-0.174509,0.185466,0.491739,0.804528,1.080435,2.035622,4.169446,5.969286,13.529784
1989-02-04,1.771613,Validation,-0.538585,-0.326602,-0.183338,0.126061,0.380760,0.642242,0.877546,1.655207,3.236674,4.500794,10.208172
1989-02-05,1.610557,Validation,-0.522257,-0.315805,-0.185027,0.105570,0.333570,0.571489,0.787773,1.497269,2.876143,3.968626,9.009934
1989-02-06,1.610557,Validation,-0.513676,-0.310621,-0.191173,0.078982,0.295463,0.523096,0.722091,1.376611,2.605680,3.537100,8.121576
1989-02-07,1.610557,Validation,-0.533630,-0.333576,-0.227340,0.044356,0.299847,0.533354,0.748713,1.407970,2.685860,3.738363,8.818267
1989-02-08,1.610557,Validation,-0.547744,-0.343168,-0.224378,0.047977,0.299374,0.540934,0.744666,1.412414,2.771720,3.880323,9.237081
1989-02-09,1.932668,Validation,-0.627759,-0.387706,-0.259139,0.137978,0.596603,0.997621,1.387387,2.557747,5.740361,8.555862,20.972593
1989-02-10,5.475893,Validation,-0.488912,0.282108,0.756062,3.521586,8.430909,11.608241,16.100254,32.681797,72.738983,94.033920,225.072388
1989-02-11,18.199293,Validation,-0.393500,0.299543,1.067204,3.606602,7.543814,10.296120,13.412184,25.251547,50.962177,70.797417,155.798279
1989-02-12,9.180174,Validation,-0.538822,-0.152621,0.329845,1.428677,2.705834,3.886265,4.918983,8.785254,18.085686,26.487982,58.399841
1989-02-13,5.475893,Validation,-0.529049,-0.211701,0.170173,0.936531,1.721143,2.453803,3.150338,5.380245,10.588616,15.495305,33.342747
1989-02-14,3.865337,Validation,-0.554703,-0.337967,-0.119310,0.266603,0.627272,0.960535,1.282972,2.337827,4.711330,6.988800,15.404226
1989-02-15,3.060058,Validation,-0.532439,-0.321203,-0.135425,0.218679,0.528169,0.822683,1.110637,2.020247,3.913146,5.630656,12.338584
1989-02-16,2.737947,Validation,-0.525988,-0.316870,-0.150591,0.191061,0.472099,0.750478,1.016428,1.856409,3.518510,4.961358,10.893107
1989-02-17,2.415835,Validation,-0.527481,-0.318254,-0.155953,0.191065,0.465724,0.745342,1.005685,1.833814,3.432280,4.783567,10.489528
1989-02-18,2.093724,Validation,-0.519461,-0.327801,-0.180754,0.107846,0.338448,0.573375,0.782850,1.480691,2.846419,4.035701,9.141915
1989-02-19,1.771613,Validation,-0.489047,-0.311983,-0.195668,0.009727,0.181312,0.360104,0.499185,1.023669,2.032881,2.893618,7.044333
1989-02-20,1.610557,Validation,-0.486585,-0.300272,-0.198535,0.017780,0.182564,0.360939,0.503883,1.024540,1.966411,2.732094,6.583670
1989-02-21,1.610557,Validation,-0.527772,-0.341356,-0.242102,0.014522,0.220889,0.418016,0.598322,1.207524,2.415245,3.536361,8.608991
1989-02-22,1.610557,Validation,-0.547037,-0.353196,-0.232650,0.021122,0.215504,0.437029,0.586823,1.194152,2.460516,3.540729,8.785451
1989-02-23,1.610557,Validation,-0.563377,-0.360452,-0.258457,0.023829,0.264093,0.501100,0.691263,1.374289,2.842378,4.124238,10.129794
1989-02-24,1.932668,Validation,-0.724728,-0.442026,-0.262836,0.333624,1.078156,1.792122,2.352032,4.758831,12.135390,18.140488,47.723995
1989-02-25,2.093724,Validation,-0.742864,-0.462651,-0.145838,0.606967,1.843008,2.714675,3.627259,7.658525,18.919447,29.562420,77.004517
1989-02-26,1.771613,Validation,-0.673781,-0.439064,-0.196313,0.266917,0.785911,1.266607,1.629451,3.271072,7.690803,11.994743,29.321629
1989-02-27,1.288446,Validation,-0.613222,-0.381605,-0.168618,0.257877,0.649725,1.038149,1.362439,2.573793,5.475366,8.239939,18.903311
1989-02-28,1.127390,Validation,-0.586166,-0.395883,-0.226330,0.067455,0.336743,0.593085,0.803909,1.613833,3.522403,5.431099,13.142982
1989-03-01,0.966334,Validation,-0.527263,-0.340172,-0.212667,0.023871,0.228066,0.433717,0.597159,1.218282,2.519527,3.721195,9.055097
1989-03-02,0.644223,Validation,-0.507168,-0.317393,-0.202233,0.032938,0.219935,0.419990,0.580491,1.170092,2.310620,3.308584,7.921392
1989-03-03,0.644223,Validation,-0.500816,-0.317884,-0.202522,0.017331,0.195993,0.386564,0.535986,1.093045,2.167402,3.114254,7.548800
1989-03-04,0.644223,Validation,-0.495529,-0.316078,-0.203024,0.005806,0.176864,0.360172,0.500526,1.031421,2.046313,2.932769,7.180061
1989-03-05,0.644223,Validation,-0.492112,-0.305652,-0.202651,0.016665,0.183096,0.366935,0.512103,1.042361,2.001019,2.811515,6.784163
1989-03-06,0.483167,Validation,-0.490473,-0.304183,-0.203839,0.010779,0.171684,0.351583,0.490569,1.005754,1.928317,2.703548,6.557303
1989-03-07,0.322111,Validation,-0.489001,-0.312532,-0.206444,-0.016628,0.137345,0.306906,0.426089,0.906696,1.810672,2.586262,6.479475
1989-03-08,0.161056,Validation,-0.487881,-0.316046,-0.210252,-0.038787,0.105105,0.265049,0.367215,0.818309,1.687057,2.425930,6.268332
1989-03-09,0.161056,Validation,-0.484617,-0.309809,-0.208450,-0.031668,0.111605,0.272303,0.378247,0.828200,1.671931,2.388819,6.090031
1989-03-10,0.161056,Validation,-0.488653,-0.316042,-0.213131,-0.043448,0.094553,0.252031,0.347462,0.785967,1.627315,2.340424,6.069288
1989-03-11,0.161056,Validation,-0.496313,-0.324646,-0.217063,-0.042436,0.096344,0.257243,0.350820,0.796648,1.670444,2.417018,6.250410
1989-03-12,0.161056,Validation,-0.460483,-0.287262,-0.199448,-0.061414,0.057034,0.193436,0.269117,0.646137,1.354159,1.940332,5.242215
1989-03-13,0.161056,Validation,-0.474265,-0.299979,-0.207111,-0.052962,0.070163,0.215582,0.295465,0.694106,1.458730,2.104346,5.569016
1989-03-14,0.161056,Validation,-0.445160,-0.268837,-0.190108,-0.059815,0.051268,0.179902,0.251544,0.604595,1.254883,1.794190,4.880654
1989-03-15,0.161056,Validation,-0.408042,-0.231635,-0.164644,-0.069375,0.027905,0.135578,0.193050,0.492009,1.020103,1.449829,4.159261
1989-03-16,0.161056,Validation,-0.380965,-0.201758,-0.144481,-0.057046,0.037105,0.133289,0.194625,0.472030,0.920075,1.290576,3.710882
1989-03-17,0.161056,Validation,-0.411526,-0.232232,-0.179955,-0.047496,0.070483,0.189147,0.268490,0.591279,1.133497,1.606608,4.434689
1989-03-18,0.161056,Validation,-0.463703,-0.267802,-0.190817,-0.049550,0.074209,0.217108,0.278369,0.637380,1.329081,1.897419,5.386715
1989-03-19,0.161056,Validation,-0.420856,-0.234988,-0.159982,-0.044108,0.068739,0.192287,0.253162,0.579696,1.167590,1.671381,4.672823
1989-03-20,0.161056,Validation,-0.417643,-0.233455,-0.163907,-0.049623,0.056555,0.173241,0.234451,0.555279,1.118240,1.598541,4.483338
1989-03-21,0.161056,Validation,-0.397475,-0.219775,-0.149448,-0.065657,0.032738,0.134142,0.182971,0.470272,0.994510,1.449139,4.279557
1989-03-22,0.161056,Validation,-0.390953,-0.210779,-0.142521,-0.084815,-0.001811,0.085127,0.122426,0.376800,0.848502,1.245910,3.948902
1989-03-23,0.000000,Validation,-0.394627,-0.205088,-0.139479,-0.091890,-0.021036,0.060846,0.095948,0.328382,0.760786,1.110851,3.613385
1989-03-24,0.000000,Validation,-0.368973,-0.189234,-0.128271,-0.078943,-0.000286,0.078485,0.118150,0.357073,0.779709,1.127519,3.590211
1989-03-25,0.000000,Validation,-0.348772,-0.169421,-0.114207,-0.059621,0.021317,0.099383,0.146904,0.383959,0.779171,1.111443,3.414019
1989-03-26,0.000000,Validation,-0.335869,-0.153998,-0.103273,-0.047789,0.030663,0.106062,0.156598,0.386771,0.755938,1.074093,3.271689
1989-03-27,0.000000,Validation,-0.375219,-0.191141,-0.121019,0.000092,0.105426,0.200299,0.261276,0.528976,1.013186,1.547776,4.339540
1989-03-28,0.000000,Validation,-0.519656,-0.275501,-0.229177,-0.025004,0.197047,0.421027,0.473303,0.995526,2.254114,3.233074,9.327351
1989-03-29,0.000000,Validation,-0.490509,-0.246884,-0.163791,0.017433,0.190389,0.387661,0.441781,0.939896,2.018088,2.814131,7.836000
1989-03-30,0.000000,Validation,-0.443206,-0.232748,-0.145370,-0.018247,0.114119,0.252347,0.292820,0.675679,1.489024,2.251052,6.432163
1989-03-31,0.000000,Validation,-0.430654,-0.229379,-0.146660,-0.015997,0.103985,0.236709,0.287549,0.656598,1.426749,2.150983,5.989882
1989-04-01,0.000000,Test,-0.405706,-0.208580,-0.134600,-0.014339,0.092770,0.212563,0.265911,0.608794,1.300240,1.943010,5.441342
1989-04-02,0.000000,Test,-0.391090,-0.186111,-0.133097,0.007321,0.110472,0.227662,0.303931,0.651740,1.276117,1.823677,4.874784
1989-04-03,0.000000,Test,-0.420916,-0.227332,-0.186313,-0.029414,0.112923,0.253350,0.348230,0.720349,1.432640,2.069840,5.486607
1989-04-04,0.000000,Test,-0.460145,-0.229608,-0.171777,0.011255,0.147219,0.297827,0.377164,0.793481,1.650963,2.371740,6.360983
1989-04-05,0.000000,Test,-0.414139,-0.196489,-0.142233,0.005908,0.116101,0.242844,0.309456,0.663733,1.336517,1.917501,5.202940
1989-04-06,0.000000,Test,-0.420965,-0.208897,-0.151256,0.003318,0.110011,0.230667,0.290944,0.646952,1.334863,1.989625,5.426805
1989-04-07,0.000000,Test,-0.483712,-0.200390,-0.122871,0.196819,0.383988,0.609811,0.657220,1.216817,2.622518,4.076999,10.325947
1989-04-08,0.000000,Test,0.740063,3.705638,5.635964,17.736353,30.537983,39.798203,42.519035,69.236908,127.006584,164.096390,278.599854
1989-04-09,8.858063,Test,0.764801,3.495478,4.673768,15.146733,32.858334,38.374916,47.029060,88.226593,156.795288,212.307129,363.780273
1989-04-10,6.925395,Test,-0.249410,0.649831,1.276809,3.740744,7.441213,9.154819,10.715072,20.662134,42.741589,65.309143,140.250885
1989-04-11,2.576891,Test,-0.432350,0.051325,0.588647,1.792643,3.227349,4.299675,4.982316,9.095605,18.838663,29.461435,65.655067
1989-04-12,1.288446,Test,-0.508855,-0.157708,0.255151,1.046238,1.834267,2.567447,3.097080,5.339179,10.857195,16.911144,37.568890
1989-04-13,0.966334,Test,-0.516953,-0.209319,0.110614,0.763462,1.328980,1.881705,2.346115,3.980464,7.837005,11.954863,26.290461
1989-04-14,0.644223,Test,-0.524632,-0.251289,0.029421,0.594507,1.049441,1.514600,1.901304,3.245092,6.346183,9.627926,21.238550
1989-04-15,0.483167,Test,-0.538361,-0.308758,-0.105330,0.292287,0.567696,0.881473,1.108501,2.010602,4.104670,6.305177,14.367495
1989-04-16,0.161056,Test,-0.508777,-0.275908,-0.158478,0.155358,0.329202,0.565061,0.729679,1.383382,2.735542,3.928117,9.109187
1989-04-17,0.161056,Test,-0.498748,-0.270283,-0.174432,0.106724,0.251663,0.461762,0.600544,1.173216,2.316139,3.277593,7.764638
1989-04-18,0.161056,Test,-0.492338,-0.280279,-0.179367,0.062839,0.188242,0.370762,0.472410,0.972998,2.020653,3.009472,7.401256
1989-04-19,0.161056,Test,-0.493971,-0.279826,-0.188633,0.052442,0.171424,0.344819,0.440617,0.921674,1.928661,2.890925,7.193276
1989-04-20,0.161056,Test,-0.501068,-0.290078,-0.192341,0.041223,0.151135,0.325468,0.400654,0.867878,1.871303,2.846592,7.188661
1989-04-21,0.161056,Test,-0.499432,-0.290185,-0.192850,0.026917,0.124079,0.289067,0.340882,0.776345,1.733495,2.692566,6.982452
1989-04-22,0.161056,Test,-0.473847,-0.262461,-0.185915,-0.007811,0.064912,0.201026,0.230979,0.586224,1.351331,2.100507,5.762081
1989-04-23,0.161056,Test,-0.445055,-0.233344,-0.172993,-0.002056,0.072602,0.202644,0.250939,0.590215,1.274190,1.890720,5.068033
1989-04-24,0.161056,Test,-0.435050,-0.190705,-0.131342,0.130772,0.207114,0.358137,0.412642,0.725322,1.480234,2.333339,6.006431
1989-04-25,1.127390,Test,-0.604267,-0.178716,-0.034000,0.614115,1.113828,1.748395,1.715608,3.142208,7.051286,10.291203,27.077698
1989-04-26,1.288446,Test,-0.564331,-0.250906,-0.135743,0.209284,0.435285,0.739731,0.756522,1.546287,3.466350,4.952173,13.292454
1989-04-27,0.966334,Test,-0.470941,-0.205171,-0.114445,0.107225,0.234684,0.419388,0.438017,0.914013,1.979852,2.903262,7.694730
1989-04-28,0.644223,Test,-0.416057,-0.179599,-0.105268,0.032873,0.116290,0.238092,0.248182,0.562032,1.255038,1.918044,5.538290
1989-04-29,0.644223,Test,-0.377449,-0.140097,-0.083138,0.010630,0.061343,0.143857,0.152546,0.381957,0.858067,1.320808,4.200254
1989-04-30,0.483167,Test,-0.371530,-0.127620,-0.079802,0.004423,0.039880,0.110364,0.121750,0.320248,0.721848,1.116916,3.689138
1989-05-01,0.322111,Test,-0.365247,-0.118333,-0.079382,-0.003764,0.022943,0.084191,0.097709,0.274376,0.621973,0.964920,3.299993
1989-05-02,0.161056,Test,-0.342231,-0.101335,-0.069817,-0.011607,0.014163,0.064016,0.082651,0.241596,0.537660,0.829711,2.952660
1989-05-03,0.161056,Test,-0.328517,-0.088682,-0.062300,-0.015887,0.007076,0.048459,0.069621,0.212162,0.468027,0.724397,2.685484
1989-05-04,0.161056,Test,-0.322247,-0.082588,-0.059458,-0.018449,0.002093,0.039394,0.060982,0.194039,0.429588,0.667869,2.544131
1989-05-05,0.161056,Test,-0.326432,-0.078309,-0.058460,-0.021461,-0.007482,0.024733,0.045565,0.162084,0.367357,0.581848,2.332456
1989-05-06,0.161056,Test,-0.324758,-0.074028,-0.056032,-0.024054,-0.012808,0.015235,0.035840,0.141663,0.326033,0.524620,2.188463
1989-05-07,0.161056,Test,-0.291115,-0.062521,-0.045303,-0.021180,0.002049,0.028800,0.053166,0.168815,0.364704,0.573436,2.285679
1989-05-08,0.000000,Test,-0.287585,-0.059582,-0.040968,-0.022712,0.000067,0.024107,0.048449,0.157478,0.340021,0.536659,2.190821
1989-05-09,0.000000,Test,-0.292665,-0.058817,-0.040956,-0.024619,-0.006142,0.015153,0.038030,0.137491,0.305930,0.493772,2.098310
1989-05-10,0.000000,Test,-0.301781,-0.061875,-0.045001,-0.027337,-0.013248,0.007299,0.027441,0.119991,0.280814,0.464640,2.037619
1989-05-11,0.000000,Test,-0.315109,-0.069800,-0.054942,-0.029542,-0.019465,0.004867,0.020756,0.113721,0.283214,0.473083,2.068595
1989-05-12,0.000000,Test,-0.304253,-0.065903,-0.054947,-0.026898,-0.012052,0.013185,0.029584,0.127822,0.311682,0.517242,2.175413
1989-05-13,0.000000,Test,-0.302968,-0.057281,-0.043386,-0.028570,-0.014128,-0.002112,0.019032,0.096323,0.231684,0.407392,1.903888
1989-05-14,0.000000,Test,-0.310030,-0.062368,-0.032147,-0.034686,-0.016702,-0.010756,0.014882,0.082444,0.187423,0.329264,1.674390
1989-05-15,0.000000,Test,-0.331451,-0.068625,-0.039758,-0.036632,-0.025681,-0.020721,0.002901,0.060071,0.149443,0.280050,1.552839
1989-05-16,0.000000,Test,-0.348775,-0.072360,-0.044802,-0.035801,-0.031387,-0.028069,-0.006917,0.039817,0.112132,0.233687,1.437187
1989-05-17,0.000000,Test,-0.332205,-0.063968,-0.034337,-0.035207,-0.026239,-0.027017,-0.002314,0.043921,0.113245,0.234769,1.437076
1989-05-18,0.000000,Test,-0.323231,-0.059387,-0.029071,-0.033785,-0.022794,-0.025015,0.001122,0.047842,0.117187,0.240168,1.449761
1989-05-19,0.000000,Test,-0.297821,-0.048656,-0.016792,-0.029507,-0.011774,-0.015563,0.013800,0.066724,0.144563,0.275672,1.532231
1989-05-20,0.000000,Test,-0.311209,-0.053387,-0.022739,-0.031146,-0.017998,-0.021098,0.006470,0.055023,0.127014,0.252766,1.477965
1989-05-21,0.000000,Test,-0.304213,-0.050066,-0.019258,-0.029678,-0.014984,-0.018657,0.009772,0.059349,0.133305,0.261225,1.498109
1989-05-22,0.000000,Test,-0.289959,-0.045401,-0.024963,-0.027141,-0.002188,-0.011290,0.022151,0.075392,0.154296,0.310579,1.624806
1989-05-23,0.000000,Test,-0.282777,-0.043475,-0.021976,-0.020605,0.012615,0.007389,0.042039,0.103441,0.200899,0.375230,1.760502
1989-05-24,0.000000,Test,-0.293890,-0.051930,-0.029646,-0.019895,0.017122,0.015202,0.049928,0.115034,0.222804,0.414432,1.862520
1989-05-25,0.000000,Test,-0.322053,0.003466,0.085201,0.258191,0.268740,0.311624,0.313861,0.378757,0.613321,1.018936,3.375473
1989-05-26,0.000000,Test,-0.428390,0.006106,0.031467,0.255053,0.387589,0.504557,0.569503,0.810464,1.390361,1.984585,6.759155
1989-05-27,0.000000,Test,-0.415935,-0.028551,0.001205,0.157384,0.255866,0.335365,0.371385,0.571979,0.997856,1.497526,5.087647
1989-05-28,0.000000,Test,-0.340250,0.073432,0.104488,0.307561,0.373110,0.463484,0.482865,0.688482,1.109435,1.696729,5.305189
1989-05-29,0.000000,Test,-0.381360,-0.017391,0.020369,0.149108,0.215206,0.273974,0.303152,0.472888,0.841321,1.299005,4.356528
1989-05-30,0.000000,Test,-0.363007,-0.016998,0.005763,0.110694,0.150636,0.192283,0.222200,0.349063,0.614611,1.005568,3.531893
1989-05-31,0.000000,Test,-0.368046,-0.039881,-0.027562,0.069652,0.094533,0.125585,0.152394,0.251783,0.455790,0.809063,3.051607
1989-06-01,0.000000,Test,-0.330186,-0.026605,0.006965,0.066778,0.088997,0.116330,0.146978,0.244658,0.453069,0.746546,2.834532
1989-06-02,0.000000,Test,-0.311010,-0.020806,0.002817,0.049856,0.066166,0.086272,0.118823,0.204489,0.384327,0.646173,2.552214
1989-06-03,0.000000,Test,-0.319554,-0.028919,-0.016193,0.028923,0.037589,0.050218,0.081675,0.153194,0.300650,0.537657,2.287669
1989-06-04,0.000000,Test,-0.303065,-0.023947,-0.009233,0.021710,0.027485,0.037769,0.068204,0.135921,0.272754,0.485144,2.138664
1989-06-05,0.000000,Test,-0.299132,-0.023535,-0.012676,0.013194,0.015939,0.023267,0.052754,0.114770,0.239165,0.437002,2.015237
1989-06-06,0.000000,Test,-0.295017,-0.023578,-0.015366,0.006104,0.007437,0.012678,0.040713,0.099017,0.216298,0.404898,1.935364
1989-06-07,0.000000,Test,-0.298526,-0.025875,-0.020275,-0.000051,-0.002657,0.001386,0.027208,0.080384,0.188398,0.367109,1.844722
1989-06-08,0.000000,Test,-0.292910,-0.024958,-0.021368,-0.004163,-0.006654,-0.003408,0.020900,0.073275,0.180807,0.356012,1.818296
1989-06-09,0.000000,Test,-0.285918,-0.022134,-0.022395,-0.005678,-0.009196,-0.005660,0.015759,0.067590,0.178249,0.354234,1.819795
1989-06-10,0.000000,Test,-0.310899,-0.032758,-0.035772,-0.010296,-0.023931,-0.018485,-0.002134,0.041479,0.140128,0.306674,1.709974
1989-06-11,0.000000,Test,-0.334987,-0.040700,-0.045484,-0.010467,-0.033988,-0.027923,-0.016434,0.014855,0.093949,0.246219,1.557800
1989-06-12,0.000000,Test,-0.342628,-0.043131,-0.048155,-0.010699,-0.037906,-0.032607,-0.023943,0.000577,0.067550,0.212797,1.476794
1989-06-13,0.000000,Test,-0.352366,-0.052056,-0.047238,-0.014654,-0.037845,-0.034797,-0.024977,-0.001174,0.050834,0.181657,1.371739
1989-06-14,0.000000,Test,-0.345955,-0.053595,-0.043966,-0.022348,-0.038091,-0.038244,-0.024916,0.000936,0.053678,0.180616,1.366250
1989-06-15,0.000000,Test,-0.345753,-0.050948,-0.043046,-0.020835,-0.039383,-0.040771,-0.028715,-0.008585,0.037317,0.162357,1.328988
1989-06-16,0.000000,Test,-0.343741,-0.055980,-0.040082,-0.025980,-0.036544,-0.039112,-0.023593,0.002309,0.050106,0.171312,1.330140
1989-06-17,0.000000,Test,-0.313319,-0.043298,-0.026360,-0.026148,-0.028209,-0.034484,-0.014476,0.016776,0.074673,0.203063,1.411033
1989-06-18,0.000000,Test,-0.306293,-0.039379,-0.022350,-0.024893,-0.026314,-0.033629,-0.013331,0.017164,0.074520,0.203164,1.410840
1989-06-19,0.000000,Test,-0.321914,-0.052248,-0.027635,-0.031620,-0.029143,-0.036218,-0.013374,0.019422,0.074306,0.195070,1.372721
1989-06-20,0.000000,Test,-0.329323,-0.054303,-0.032448,-0.032342,-0.031243,-0.038794,-0.016189,0.013956,0.066424,0.187348,1.358399
1989-06-21,0.000000,Test,-0.342186,-0.058455,-0.036113,-0.030627,-0.035321,-0.041196,-0.022061,0.002720,0.046970,0.162594,1.300748
1989-06-22,0.000000,Test,-0.354898,-0.065245,-0.041081,-0.030348,-0.037099,-0.041323,-0.023989,-0.000365,0.040174,0.153591,1.275939
1989-06-23,0.000000,Test,-0.360882,-0.067701,-0.043640,-0.029575,-0.037905,-0.041513,-0.025357,-0.003285,0.035032,0.148384,1.266754
1989-06-24,0.000000,Test,-0.372874,-0.072149,-0.048213,-0.026321,-0.038500,-0.040405,-0.027031,-0.007975,0.024133,0.137157,1.242934
1989-06-25,0.000000,Test,-0.376046,-0.073711,-0.049690,-0.026040,-0.038302,-0.039697,-0.026638,-0.007902,0.024611,0.138842,1.251646
1989-06-26,0.000000,Test,-0.371988,-0.072728,-0.048614,-0.028034,-0.038032,-0.039957,-0.025619,-0.005456,0.031827,0.147799,1.277582
1989-06-27,0.000000,Test,-0.342760,-0.061499,-0.036432,-0.032317,-0.033211,-0.038842,-0.018294,0.008955,0.060864,0.181874,1.361446
1989-06-28,0.000000,Test,-0.339378,-0.059365,-0.034161,-0.031689,-0.032775,-0.038458,-0.017448,0.010050,0.061322,0.180168,1.351855
1989-06-29,0.000000,Test,-0.340629,-0.059561,-0.034622,-0.031427,-0.033639,-0.038636,-0.017993,0.009511,0.060221,0.177092,1.341325
1989-06-30,0.000000,Test,-0.348546,-0.062705,-0.038109,-0.030975,-0.035404,-0.039377,-0.020135,0.005745,0.053720,0.168967,1.322385
1989-07-01,0.000000,Validation,-0.349448,-0.063357,-0.038650,-0.031288,-0.035521,-0.039370,-0.020053,0.006047,0.054679,0.170231,1.327166
1989-07-02,0.000000,Validation,-0.359819,-0.067327,-0.042807,-0.029888,-0.037114,-0.039756,-0.022517,0.000982,0.044745,0.158602,1.300438
1989-07-03,0.000000,Validation,-0.342197,-0.061147,-0.035712,-0.032601,-0.033563,-0.038439,-0.017112,0.011410,0.064998,0.183313,1.362807
1989-07-04,0.000000,Validation,-0.317250,-0.051156,-0.024462,-0.031855,-0.025274,-0.032913,-0.007519,0.026982,0.089797,0.215117,1.438997
1989-07-05,0.000000,Validation,-0.309577,-0.047247,-0.020316,-0.030814,-0.022832,-0.031340,-0.004985,0.030289,0.093819,0.219289,1.445795
1989-07-06,0.000000,Validation,-0.312545,-0.048320,-0.021708,-0.031125,-0.023984,-0.032205,-0.005884,0.028734,0.091439,0.215693,1.436959
1989-07-07,0.000000,Validation,-0.331844,-0.056451,-0.030248,-0.032394,-0.030824,-0.036759,-0.013104,0.017378,0.074000,0.192257,1.381460
1989-07-08,0.000000,Validation,-0.336250,-0.057990,-0.032331,-0.032434,-0.032305,-0.037796,-0.014943,0.014155,0.069262,0.186574,1.371062
1989-07-09,0.000000,Validation,-0.341508,-0.061173,-0.034964,-0.033251,-0.033403,-0.038089,-0.015680,0.013766,0.069170,0.185937,1.369950
1989-07-10,0.000000,Validation,-0.355764,-0.067066,-0.041002,-0.032390,-0.036084,-0.038892,-0.019029,0.007685,0.058253,0.172400,1.338527
1989-07-11,0.000000,Validation,-0.359272,-0.068802,-0.042514,-0.032395,-0.036374,-0.038741,-0.019216,0.007250,0.057678,0.172007,1.340243
1989-07-12,0.000000,Validation,-0.355988,-0.068082,-0.041366,-0.033490,-0.035530,-0.038330,-0.017612,0.010432,0.064227,0.180201,1.362436
1989-07-13,0.000000,Validation,-0.354979,-0.067855,-0.040730,-0.033804,-0.035140,-0.038067,-0.016840,0.011722,0.066432,0.182513,1.368201
1989-07-14,0.000000,Validation,-0.372422,-0.074450,-0.047038,-0.030460,-0.036907,-0.037573,-0.019929,0.004269,0.050000,0.162812,1.321195
1989-07-15,0.000000,Validation,-0.388526,-0.081027,-0.052507,-0.025747,-0.036357,-0.034916,-0.020361,0.000136,0.037847,0.150692,1.297738
1989-07-16,0.000000,Validation,-0.374578,-0.077189,-0.048932,-0.032870,-0.036273,-0.036867,-0.018065,0.007567,0.059548,0.176865,1.369146
1989-07-17,0.000000,Validation,-0.379400,-0.079329,-0.050395,-0.031572,-0.036247,-0.035998,-0.018069,0.006605,0.056146,0.172561,1.357757
1989-07-18,0.000000,Validation,-0.376190,-0.077429,-0.048496,-0.031735,-0.036194,-0.036296,-0.017750,0.007467,0.057367,0.172115,1.353538
1989-07-19,0.000000,Validation,-0.357014,-0.070359,-0.041080,-0.035548,-0.033654,-0.036307,-0.013235,0.017220,0.077902,0.196530,1.413215
1989-07-20,0.000000,Validation,-0.354287,-0.069057,-0.039863,-0.035877,-0.033099,-0.036194,-0.012173,0.018992,0.080543,0.198775,1.415691
1989-07-21,0.000000,Validation,-0.373399,-0.075808,-0.048026,-0.033880,-0.035718,-0.037168,-0.016047,0.010107,0.063087,0.177448,1.364864
1989-07-22,0.000000,Validation,-0.350469,-0.067440,-0.037081,-0.036089,-0.031880,-0.035643,-0.010504,0.021146,0.083945,0.202317,1.426218
1989-07-23,0.000000,Validation,-0.340018,-0.063497,-0.032386,-0.036137,-0.028792,-0.033824,-0.006552,0.027626,0.094611,0.216065,1.458820
1989-07-24,0.000000,Validation,-0.352687,-0.068384,-0.037403,-0.035700,-0.032233,-0.035215,-0.010307,0.020960,0.083426,0.199856,1.418518
1989-07-25,0.000000,Validation,-0.363222,-0.072901,-0.041658,-0.034739,-0.033482,-0.034707,-0.011457,0.018282,0.078458,0.193279,1.405229
1989-07-26,0.000000,Validation,-0.362978,-0.073256,-0.041739,-0.035331,-0.033089,-0.034306,-0.010476,0.020077,0.082501,0.198530,1.421518
1989-07-27,0.000000,Validation,-0.367700,-0.075610,-0.043539,-0.035018,-0.033171,-0.033641,-0.010263,0.019867,0.082023,0.198100,1.423324
1989-07-28,0.000000,Validation,-0.361026,-0.073221,-0.040965,-0.036257,-0.031986,-0.033138,-0.007991,0.024471,0.091233,0.209121,1.450560
1989-07-29,0.000000,Validation,-0.349415,-0.068686,-0.035985,-0.037080,-0.029387,-0.031968,-0.004276,0.031257,0.103054,0.223775,1.484755
1989-07-30,0.000000,Validation,-0.360068,-0.073021,-0.039758,-0.036416,-0.031154,-0.032234,-0.006179,0.026960,0.095011,0.212364,1.457411
1989-07-31,0.000000,Validation,-0.365453,-0.075422,-0.041618,-0.036040,-0.031464,-0.031811,-0.006238,0.026037,0.093117,0.209716,1.453272
1989-08-01,0.000000,Validation,-0.368072,-0.077100,-0.042720,-0.036296,-0.031227,-0.031130,-0.005371,0.027241,0.095730,0.213215,1.465246
1989-08-02,0.000000,Validation,-0.347918,-0.069070,-0.034634,-0.037959,-0.027299,-0.029743,0.000140,0.038008,0.115222,0.238083,1.523728
1989-08-03,0.000000,Validation,-0.333644,-0.062212,-0.030818,-0.038375,-0.021954,-0.027891,0.006214,0.047342,0.129959,0.260744,1.579329
1989-08-04,0.000000,Validation,-0.335031,-0.062656,-0.033193,-0.039467,-0.021447,-0.028048,0.007342,0.049016,0.133165,0.266786,1.596517
1989-08-05,0.000000,Validation,-0.327760,-0.060595,-0.024524,-0.036435,-0.018805,-0.023524,0.010808,0.054271,0.139438,0.269922,1.597023
1989-08-06,0.000000,Validation,-0.327322,-0.060648,-0.024021,-0.036596,-0.018500,-0.023441,0.011604,0.054906,0.140419,0.270710,1.598571
1989-08-07,0.000000,Validation,-0.332366,-0.062937,-0.026259,-0.037508,-0.020422,-0.024751,0.010052,0.052363,0.137499,0.266062,1.589436
1989-08-08,0.000000,Validation,-0.345700,-0.068445,-0.031757,-0.038383,-0.024119,-0.026602,0.006742,0.046285,0.128796,0.253167,1.562768
1989-08-09,0.000000,Validation,-0.388881,-0.089710,-0.065631,-0.049803,-0.035212,-0.038519,-0.003700,0.028535,0.107147,0.239546,1.557572
1989-08-10,0.000000,Validation,-0.364054,-0.078570,-0.039763,-0.040486,-0.024444,-0.024693,0.008213,0.047634,0.134515,0.263804,1.609956
1989-08-11,0.000000,Validation,-0.359097,-0.077381,-0.037445,-0.040448,-0.022549,-0.023163,0.011598,0.052645,0.142319,0.273523,1.629811
1989-08-12,0.000000,Validation,-0.353780,-0.075555,-0.035805,-0.041173,-0.022438,-0.023489,0.011915,0.054707,0.147333,0.279527,1.642198
1989-08-13,0.000000,Validation,-0.355714,-0.075372,-0.035862,-0.040574,-0.022470,-0.023128,0.012559,0.054717,0.146313,0.276323,1.633381
1989-08-14,0.000000,Validation,-0.345466,-0.070264,-0.031175,-0.039907,-0.019773,-0.021751,0.015920,0.060198,0.154251,0.286491,1.655193
1989-08-15,0.000000,Validation,-0.345979,-0.070300,-0.030973,-0.039983,-0.019627,-0.021528,0.016645,0.060807,0.155140,0.286830,1.656494
1989-08-16,0.000000,Validation,-0.345557,-0.069995,-0.030528,-0.040121,-0.019269,-0.021228,0.017584,0.061825,0.156896,0.288617,1.661625
1989-08-17,0.000000,Validation,-0.349683,-0.072099,-0.032260,-0.040720,-0.019864,-0.021099,0.017828,0.061850,0.157938,0.289241,1.666013
1989-08-18,0.000000,Validation,-0.345708,-0.070457,-0.030635,-0.040814,-0.018537,-0.020224,0.019846,0.065074,0.163466,0.296760,1.685021
1989-08-19,0.000000,Validation,-0.346166,-0.070859,-0.030793,-0.041224,-0.018237,-0.019837,0.020847,0.066314,0.166086,0.300082,1.695121
1989-08-20,0.000000,Validation,-0.356119,-0.075486,-0.034687,-0.042133,-0.019993,-0.020459,0.019703,0.063026,0.162017,0.294027,1.686650
1989-08-21,0.000000,Validation,-0.367845,-0.080479,-0.039143,-0.042090,-0.021349,-0.020743,0.018428,0.058096,0.155081,0.286265,1.680453
1989-08-22,0.000000,Validation,-0.378353,-0.085812,-0.043038,-0.041801,-0.021243,-0.019715,0.019110,0.056387,0.152897,0.285322,1.691346
1989-08-23,0.000000,Validation,-0.393056,-0.095460,-0.048038,-0.041955,-0.019201,-0.016436,0.023331,0.060386,0.157757,0.291928,1.716588
1989-08-24,0.000000,Validation,-0.391286,-0.095259,-0.048615,-0.043679,-0.019346,-0.016338,0.024295,0.062987,0.166325,0.304109,1.753914
1989-08-25,0.000000,Validation,-0.378391,-0.089163,-0.045363,-0.045806,-0.019666,-0.017366,0.024687,0.067141,0.178305,0.319901,1.790541
1989-08-26,0.000000,Validation,-0.348330,-0.074241,-0.034352,-0.044564,-0.015682,-0.016134,0.028409,0.077063,0.195178,0.344470,1.837710
1989-08-27,0.000000,Validation,-0.339535,-0.066440,-0.032460,-0.041852,-0.015647,-0.016344,0.026784,0.073032,0.193227,0.348975,1.862438
1989-08-28,0.000000,Validation,-0.350416,-0.076538,-0.033954,-0.047236,-0.016308,-0.017669,0.028765,0.076440,0.193061,0.337460,1.817026
1989-08-29,0.000000,Validation,-0.381462,-0.110597,-0.085585,-0.078426,-0.037064,-0.041167,0.016681,0.057819,0.176490,0.368908,1.977612
1989-08-30,0.000000,Validation,-0.367265,-0.092178,-0.049059,-0.051558,-0.006021,-0.004436,0.045938,0.102950,0.255476,0.446337,2.172707
1989-08-31,0.000000,Validation,-0.369897,-0.096094,-0.045521,-0.050550,-0.006667,-0.002153,0.049109,0.105907,0.256966,0.441410,2.137595
1989-09-01,0.000000,Validation,-0.380916,-0.102502,-0.053129,-0.056156,-0.015993,-0.010798,0.038008,0.092325,0.239788,0.412336,2.066890
1989-09-02,0.000000,Validation,-0.366444,-0.091935,-0.046897,-0.054089,-0.014890,-0.012124,0.038139,0.093573,0.238239,0.407497,2.039654
1989-09-03,0.000000,Validation,-0.367318,-0.089563,-0.053659,-0.057190,-0.016295,-0.016611,0.036872,0.092214,0.238426,0.412133,2.059004
1989-09-04,0.000000,Validation,-0.408106,-0.130356,-0.107023,-0.089674,-0.041183,-0.040059,0.022413,0.069489,0.218649,0.438467,2.227459
1989-09-05,0.000000,Validation,-0.475499,-0.188137,-0.151803,-0.102230,-0.033870,-0.012035,0.057753,0.114121,0.330255,0.654028,3.080723
1989-09-06,0.000000,Validation,-0.539395,-0.223387,-0.178744,-0.086952,0.014692,0.073706,0.158296,0.270865,0.651792,1.126257,4.921380
1989-09-07,0.000000,Validation,-0.415562,0.113717,0.222024,0.547889,0.885786,1.017853,1.331225,1.776921,3.089579,4.355359,16.008396
1989-09-08,0.000000,Validation,-0.420959,0.047960,0.180015,0.391737,0.646792,0.772787,0.971004,1.380047,2.585743,3.546176,11.952771
1989-09-09,0.000000,Validation,-0.418368,-0.048439,0.051546,0.170065,0.316138,0.409950,0.520002,0.795353,1.580328,2.278596,7.712506
1989-09-10,0.000000,Validation,-0.398948,-0.099181,-0.027028,0.023199,0.121713,0.178193,0.265136,0.434110,0.934904,1.422992,4.994491
1989-09-11,0.000000,Validation,-0.373460,-0.087424,-0.035635,-0.007953,0.066479,0.096878,0.183451,0.308248,0.657697,1.010123,3.723706
1989-09-12,0.000000,Validation,-0.363512,-0.081506,-0.040803,-0.020851,0.042457,0.063314,0.149342,0.258725,0.551380,0.846258,3.235441
1989-09-13,0.000000,Validation,-0.361951,-0.083353,-0.048568,-0.032525,0.024363,0.041146,0.124648,0.226164,0.488912,0.752721,2.971291
1989-09-14,0.000000,Validation,-0.359948,-0.086288,-0.055479,-0.041853,0.011871,0.026834,0.107084,0.205869,0.454524,0.703542,2.837594
1989-09-15,0.000000,Validation,-0.362338,-0.092127,-0.064012,-0.050675,0.000887,0.015854,0.092651,0.190718,0.434120,0.675623,2.765751
1989-09-16,0.000000,Validation,-0.356076,-0.092470,-0.072452,-0.055852,-0.004195,0.011178,0.085183,0.186691,0.442081,0.699215,2.845072
1989-09-17,0.000000,Validation,-0.345124,-0.087126,-0.062669,-0.058177,-0.006120,0.003195,0.074760,0.167424,0.390201,0.618202,2.614826
1989-09-18,0.000000,Validation,-0.373997,-0.104505,-0.090131,-0.074213,-0.020871,-0.013459,0.059380,0.148242,0.373004,0.608026,2.631856
1989-09-19,0.000000,Validation,-0.363493,-0.103416,-0.074815,-0.068871,-0.017672,-0.005725,0.061201,0.152321,0.376161,0.600350,2.583030
1989-09-20,0.000000,Validation,-0.363426,-0.106152,-0.077897,-0.072161,-0.021646,-0.008773,0.056774,0.148256,0.373443,0.595931,2.568086
1989-09-21,0.000000,Validation,-0.370745,-0.113856,-0.088669,-0.078520,-0.028562,-0.013447,0.049357,0.142435,0.379103,0.611011,2.625466
1989-09-22,0.000000,Validation,-0.366377,-0.116290,-0.094220,-0.080476,-0.030929,-0.011325,0.048474,0.149263,0.405172,0.652108,2.728665
1989-09-23,0.000000,Validation,-0.360222,-0.111526,-0.088039,-0.080585,-0.031459,-0.015194,0.044295,0.139596,0.379531,0.610792,2.613139
1989-09-24,0.000000,Validation,-0.359337,-0.108671,-0.083798,-0.080959,-0.032683,-0.019453,0.039708,0.128524,0.353639,0.570849,2.507888
1989-09-25,0.000000,Validation,-0.339702,-0.095251,-0.066975,-0.075093,-0.024404,-0.017694,0.042713,0.125700,0.329962,0.533809,2.397333
1989-09-26,0.000000,Validation,-0.336679,-0.092051,-0.057925,-0.070055,-0.017513,-0.010831,0.050560,0.135159,0.330790,0.522554,2.329822
1989-09-27,0.000000,Validation,-0.350719,-0.099393,-0.064659,-0.073539,-0.022961,-0.014431,0.047060,0.130240,0.327473,0.514761,2.315921
1989-09-28,0.000000,Validation,-0.359366,-0.103929,-0.069036,-0.075569,-0.025773,-0.015725,0.045659,0.128452,0.328273,0.513097,2.315787
1989-09-29,0.000000,Validation,-0.401032,-0.122992,-0.106321,-0.092469,-0.038253,-0.030936,0.036232,0.112602,0.322327,0.520174,2.406178
1989-09-30,0.000000,Validation,-0.349726,-0.099804,-0.066043,-0.073184,-0.018543,-0.009271,0.053154,0.140804,0.349588,0.552678,2.432258
1989-10-01,0.000000,Test,-0.393503,-0.155299,-0.111214,-0.076098,0.022560,0.030328,0.132126,0.223969,0.506518,0.942532,3.972209
1989-10-02,0.000000,Test,-0.464358,-0.192170,-0.124481,-0.078070,0.023154,0.067012,0.149523,0.283442,0.722833,1.137465,4.599514
1989-10-03,0.000000,Test,-0.430106,-0.166190,-0.099525,-0.068339,0.023937,0.068023,0.150872,0.287686,0.688569,1.077004,4.150767
1989-10-04,0.000000,Test,-0.404298,-0.152457,-0.099314,-0.084189,-0.010475,0.021392,0.093472,0.209700,0.527701,0.829141,3.305431
1989-10-05,0.000000,Test,-0.376403,-0.127096,-0.086756,-0.079385,-0.014402,0.008752,0.079174,0.188707,0.465653,0.725532,2.940610
1989-10-06,0.000000,Test,-0.364324,-0.115364,-0.083527,-0.077720,-0.019601,0.001501,0.069379,0.174809,0.439195,0.686985,2.817962
1989-10-07,0.000000,Test,-0.361750,-0.110335,-0.075313,-0.075765,-0.019369,-0.001796,0.067907,0.168454,0.408485,0.623599,2.612325
1989-10-08,0.000000,Test,-0.363892,-0.110072,-0.076618,-0.076970,-0.023066,-0.004983,0.063751,0.162359,0.397850,0.603550,2.553169
1989-10-09,0.000000,Test,-0.343775,-0.100853,-0.069168,-0.074387,-0.019137,-0.003497,0.064892,0.165876,0.396829,0.606644,2.546349
1989-10-10,0.000000,Test,-0.330844,-0.095050,-0.064238,-0.072010,-0.014980,-0.000246,0.067919,0.171246,0.401760,0.613210,2.551244
1989-10-11,0.000000,Test,-0.324940,-0.092473,-0.062447,-0.070781,-0.013012,0.001951,0.069940,0.174645,0.406504,0.618903,2.559921
1989-10-12,0.000000,Test,-0.328889,-0.093827,-0.069941,-0.074189,-0.014848,-0.000926,0.068566,0.173709,0.409353,0.627686,2.595639
1989-10-13,144.950119,Test,-0.442075,-0.011131,0.040841,0.351515,0.615899,0.743418,1.117519,1.446413,3.065698,4.913621,19.318436
1989-10-14,14.495012,Test,-0.458648,0.142829,0.436107,1.262829,2.914573,3.433866,4.940901,9.113500,22.649939,34.408897,118.361023
1989-10-15,8.535951,Test,-0.465931,0.128770,0.448457,1.309960,2.687804,3.339220,4.408802,8.330771,20.627794,31.442593,96.768890
1989-10-16,99.210304,Test,-0.523577,0.085625,0.584591,1.898930,5.077753,5.912634,8.747559,18.975147,50.087086,86.672844,230.980286
1989-10-17,249.958427,Test,-0.380808,0.246134,1.154083,3.280255,9.261683,10.405725,15.656862,37.015858,92.343742,162.414230,409.694153
1989-10-18,30.117414,Test,-0.447494,0.141296,0.737845,1.958505,3.944231,4.816864,6.538061,12.518754,29.702461,45.016235,122.462875
1989-10-19,7.086450,Test,-0.491258,-0.116219,0.153419,0.590061,1.113714,1.503923,1.962915,3.463958,8.343489,12.349585,34.944714
1989-10-20,2.899002,Test,-0.446687,-0.138934,-0.000934,0.215042,0.462721,0.684958,0.929365,1.567170,3.606436,5.250705,14.775339
1989-10-21,1.288446,Test,-0.433243,-0.160232,-0.072613,0.074616,0.233867,0.386802,0.581352,0.988663,2.220142,3.215642,9.215844
1989-10-22,0.644223,Test,-0.452960,-0.193958,-0.137926,-0.000727,0.128226,0.256496,0.434566,0.775900,1.762078,2.560165,7.499305
1989-10-23,45.900871,Test,-0.556928,-0.339063,-0.303751,-0.150388,-0.009948,0.105523,0.296360,0.675681,1.818987,2.940663,9.203855
1989-10-24,94.700744,Test,-0.591162,-0.346336,-0.299786,-0.114551,0.031861,0.156522,0.336699,0.741392,2.013021,3.202197,10.066546
1989-10-25,13.367622,Test,-0.516858,-0.282395,-0.213120,-0.065607,0.055291,0.186793,0.336218,0.691064,1.730174,2.615239,7.952806
1989-10-26,5.475893,Test,-0.634216,-0.443863,-0.390518,-0.230645,-0.075320,0.048330,0.221757,0.659901,1.985175,3.383476,10.977636
1989-10-27,72.314004,Test,-0.783430,-0.617249,-0.479599,-0.244545,0.220385,0.422451,0.887335,2.285567,7.011263,12.462605,41.685448
1989-10-28,21.098295,Test,-0.683123,-0.437975,-0.276685,0.063871,0.451101,0.761130,1.179889,2.310998,6.119155,9.270202,28.018951
1989-10-29,8.052784,Test,-0.619187,-0.395739,-0.267643,-0.026803,0.198894,0.420139,0.661867,1.326197,3.415132,5.223205,15.297061
1989-10-30,3.865337,Test,-0.598394,-0.385961,-0.267250,-0.051391,0.130151,0.321289,0.526633,1.055517,2.677673,4.138905,11.742447
1989-10-31,1.771613,Test,-0.568438,-0.360907,-0.262444,-0.057483,0.097487,0.265861,0.455659,0.917432,2.234004,3.385940,9.327871
1989-11-01,0.966334,Test,-0.493551,-0.281350,-0.219121,-0.076283,0.042971,0.173646,0.319684,0.670784,1.566362,2.288020,6.607752
1989-11-02,0.644223,Test,-0.433182,-0.221322,-0.180703,-0.082502,0.015230,0.116887,0.234834,0.514332,1.167114,1.669893,5.084915
1989-11-03,0.322111,Test,-0.393730,-0.184953,-0.152263,-0.062725,0.033399,0.125527,0.243771,0.504843,1.056538,1.481537,4.461774
1989-11-04,0.161056,Test,-0.349411,-0.141083,-0.116525,-0.041375,0.044716,0.121390,0.234107,0.466186,0.889064,1.223586,3.705933
1989-11-05,0.161056,Test,-0.338448,-0.132543,-0.104635,-0.048437,0.034159,0.101817,0.202809,0.412680,0.798222,1.107885,3.474175
1989-11-06,0.161056,Test,-0.351770,-0.147928,-0.114658,-0.062502,0.022284,0.091273,0.187159,0.398351,0.803319,1.119404,3.568096
1989-11-07,0.161056,Test,-0.366202,-0.163782,-0.127972,-0.073880,0.012059,0.084113,0.176956,0.393845,0.819854,1.145119,3.671398
1989-11-08,0.000000,Test,-0.369385,-0.165957,-0.130388,-0.084673,-0.002702,0.064935,0.150532,0.357429,0.776929,1.093598,3.626461
1989-11-09,0.000000,Test,-0.382027,-0.181256,-0.143806,-0.091091,-0.008355,0.065890,0.150226,0.367235,0.811768,1.144485,3.745893
1989-11-10,0.000000,Test,-0.411880,-0.213562,-0.174190,-0.097637,-0.010008,0.080359,0.168611,0.415807,0.931729,1.317990,4.130527
1989-11-11,0.000000,Test,-0.422776,-0.244417,-0.225930,-0.159899,-0.067261,0.010241,0.093919,0.324967,0.857200,1.362346,4.694561
1989-11-12,0.000000,Test,-0.476008,-0.262470,-0.221303,-0.139483,-0.038645,0.053338,0.132094,0.376740,1.007016,1.541526,5.365857
1989-11-13,0.000000,Test,-0.534568,-0.333087,-0.292562,-0.185504,-0.079894,0.033115,0.118598,0.413730,1.204805,1.924793,6.444727
1989-11-14,155.418739,Test,-0.718238,-0.530839,-0.461571,-0.287772,-0.011995,0.226590,0.439833,1.233510,3.858203,6.208169,20.000191
1989-11-15,47.189317,Test,-0.726857,-0.461161,-0.376599,-0.066918,0.340879,0.700425,1.054597,2.298008,6.341256,9.302940,28.248875
1989-11-16,16.427680,Test,-0.629207,-0.373615,-0.282662,-0.032432,0.247748,0.511909,0.761566,1.576460,3.989746,5.868082,16.804420
1989-11-17,60.717994,Test,-0.747085,-0.507489,-0.408324,-0.072078,0.496351,0.932477,1.466938,3.378359,9.594116,14.650912,39.483009
1989-11-18,62.328551,Test,-0.704864,-0.323108,0.003262,1.146621,3.962869,5.355083,8.634028,20.002024,54.701359,82.482956,193.967712
1989-11-19,738.923495,Test,-0.273098,0.742260,1.958161,6.792868,18.518957,23.460884,39.886158,84.478470,175.311844,275.102264,516.675110
1989-11-20,107.746255,Test,1.275541,3.614473,5.878522,17.768681,38.928432,46.905251,69.844666,129.313461,232.820786,332.163116,693.626770
1989-11-21,611.367391,Test,1.680309,4.270755,7.196006,21.378620,45.362335,54.477215,82.507904,151.076035,262.768097,376.886902,797.877625
1989-11-22,405.216110,Test,3.443667,8.307714,12.977168,38.092907,69.062241,87.821198,130.874786,218.306915,365.430023,518.631836,1065.845703
1989-11-23,87.775350,Test,6.782766,13.404541,16.944248,44.236683,71.017944,86.881851,112.110039,165.040344,257.048492,331.581848,695.692810
1989-11-24,64.744386,Test,2.255654,5.284953,7.424651,18.303299,28.193609,37.063591,45.050735,66.955948,108.667755,135.579010,311.579193
1989-11-25,42.679757,Test,0.809053,2.387535,4.230985,12.151175,23.759237,29.548712,42.829540,74.531532,136.896637,191.085480,439.599884
1989-11-26,202.285944,Test,8.646792,18.395132,25.097029,68.521126,103.158768,130.733505,183.781647,261.281464,424.254883,555.157349,1178.901733
1989-11-27,67.643389,Test,11.443476,18.369942,23.412741,45.686253,63.923923,78.800972,92.017624,118.492531,178.419998,211.995911,443.137482
1989-11-28,30.600581,Test,6.222064,10.107752,13.060042,25.090294,33.935593,42.801800,49.234100,62.941883,92.446342,110.635483,233.580795
1989-11-29,31.244803,Test,3.903308,6.959957,9.077607,20.228401,29.235220,36.702682,46.253860,61.749737,97.652817,123.544853,262.450165
1989-11-30,30.761636,Test,2.698048,4.924972,6.809193,13.565883,18.809620,24.309275,28.629177,37.269669,57.070671,69.244446,151.212784
1989-12-01,21.903574,Test,1.554208,2.989337,4.330627,8.256179,11.549828,14.665545,17.610929,22.437933,34.468750,41.960548,91.755508
1989-12-02,19.004571,Test,0.951953,1.989422,3.041403,5.740712,8.263112,10.273100,12.515788,15.819082,24.530123,30.241117,66.255585
1989-12-03,590.913318,Test,5.973695,15.198133,20.235769,63.234093,98.757866,125.180901,190.983658,257.099579,421.372253,549.859436,1184.515625
1989-12-04,149.620734,Test,22.566616,38.043167,46.816742,101.776237,139.723877,167.496582,215.941498,262.185242,430.310669,525.847473,1033.104614
1989-12-05,202.769111,Test,29.255028,48.819534,58.951649,119.498230,156.017212,182.731522,228.097519,264.485443,439.370453,533.746155,1035.157349
1989-12-06,243.033033,Test,31.594730,52.341003,62.425285,126.765541,162.292480,191.157974,232.673233,269.928589,432.981842,529.343079,1023.113159
1989-12-07,202.446999,Test,33.175190,53.603386,63.656132,126.953217,162.262527,189.846100,230.079056,265.843597,425.700378,520.863953,1001.293579
1989-12-08,90.674352,Test,31.864965,48.365643,57.003410,113.878235,150.736618,174.852325,214.607330,254.860214,394.796143,486.066040,917.539429
1989-12-09,72.314004,Test,17.293966,25.697830,31.140911,58.277294,78.066444,92.662727,106.030426,130.247864,190.871750,229.721466,452.333679
1989-12-10,33.016416,Test,7.846502,11.881988,15.106812,27.740034,36.425289,45.135761,50.604557,62.988216,91.503471,108.975494,224.263229
1989-12-11,23.353075,Test,3.345674,5.673058,7.532110,14.071522,18.835455,23.645971,27.210405,34.085506,50.822617,60.780491,129.786774
1989-12-12,62.328551,Test,1.685161,3.158587,4.895474,9.947777,15.050402,18.747063,24.254044,32.060921,54.542870,69.236961,164.597137
1989-12-13,44.773481,Test,1.407181,2.922441,4.501980,9.224179,13.920529,17.589285,22.024998,29.197578,49.818943,62.356682,152.055786
1989-12-14,104.041974,Test,0.738150,1.831825,3.279615,7.640906,12.548439,16.012568,21.908672,31.377642,56.462967,74.102745,180.553879
1989-12-15,158.800908,Test,1.028388,2.539255,4.197126,9.802823,15.983040,20.553032,27.024179,39.110592,69.471268,89.024590,223.123093
1989-12-16,212.110341,Test,6.885643,16.361950,22.965727,66.571907,105.338547,135.905182,194.931808,271.836182,454.486603,577.365234,1239.557861
1989-12-17,52.987321,Test,13.719038,21.627722,26.674574,54.329502,80.388573,95.506927,119.454277,152.460815,238.523743,291.290955,587.172607
1989-12-18,71.830837,Test,14.588102,23.551325,29.110167,64.891731,94.228607,113.375847,145.963379,186.325699,288.167999,358.977722,667.552490
1989-12-19,34.626973,Test,9.375883,14.509812,18.613752,34.970516,47.812614,59.124912,68.060135,85.888832,128.731796,153.267639,313.681183
1989-12-20,18.199293,Test,5.362255,8.176178,11.015146,19.362144,26.390896,32.902386,38.019497,46.914536,71.734459,85.197136,184.401382
1989-12-21,13.528678,Test,4.140735,6.403212,8.699373,15.537393,21.895580,26.462164,32.458744,39.521004,63.937904,78.303505,175.002960
1989-12-22,13.528678,Test,2.046622,3.497844,4.946296,8.782748,12.125430,14.950057,17.731499,21.769333,33.453213,40.411804,86.911331
1989-12-23,10.307564,Test,0.963363,1.985191,2.924400,5.480401,7.639298,9.456344,11.374248,14.367690,21.662493,25.866343,54.463097
1989-12-24,8.697007,Test,0.352975,1.095603,1.780342,3.609414,5.192646,6.509509,7.926273,10.398754,15.726437,18.946922,39.497173
1989-12-25,542.757668,Test,2.988580,9.296825,12.696751,45.843830,77.050949,98.188728,155.856812,222.871155,374.747894,477.568390,1065.077881
1989-12-26,191.817324,Test,8.753267,15.702188,18.752386,41.513340,60.055511,73.884026,89.723412,116.060219,172.615646,210.141953,409.020569
1989-12-27,51.376764,Test,5.390921,9.817935,12.052941,25.636116,36.729542,45.498760,54.616013,70.947021,107.661415,131.952148,266.043518
1989-12-28,236.107638,Test,9.780807,20.790825,25.662512,71.949677,110.808968,137.688599,179.265442,249.570404,367.458282,458.613464,878.448364
1989-12-29,139.313170,Test,11.682712,19.640034,23.205166,48.841164,67.941170,82.810516,96.491386,123.545013,177.184753,216.933014,416.950409
1989-12-30,40.424978,Test,5.131496,8.640709,11.254706,22.069906,29.730419,38.004421,43.187721,55.898857,80.684189,95.849274,197.813950
1989-12-31,22.064629,Test,1.947009,3.717802,5.338407,10.423973,14.401312,18.639999,21.742294,28.357780,42.875374,51.685913,111.009338
1990-01-01,17.555070,Test,0.711940,1.925535,2.881585,6.312722,9.254002,11.695178,14.878703,19.925014,32.140724,41.045937,88.651894
1990-01-02,34.143806,Test,0.589098,2.147444,3.107036,8.943817,14.469614,19.248703,25.783346,38.742138,66.503975,84.387802,183.543716
1990-01-03,59.912716,Test,2.674172,5.907458,7.499173,18.932341,28.931522,37.257996,46.071880,64.996338,102.826454,127.303429,270.412659
1990-01-04,29.634247,Test,1.493207,3.361965,4.903352,10.758154,15.545727,20.863579,24.734850,34.272198,52.968338,64.040222,138.109253
1990-01-05,20.293017,Test,0.522822,1.567373,2.573712,5.497363,8.033077,10.584456,12.898511,17.613142,28.035885,34.763397,75.147781
1990-01-06,14.978179,Test,0.132540,0.837349,1.537154,3.368192,5.019132,6.493993,8.029055,11.016249,17.435358,21.786268,46.138924
1990-01-07,11.596010,Test,-0.041830,0.524699,1.076095,2.488094,3.755678,4.853429,6.016613,8.397548,13.157574,16.392086,34.026653
1990-01-08,9.341230,Test,-0.132109,0.358302,0.834311,2.011998,3.080614,4.013716,4.949994,6.996939,10.882228,13.451984,27.734694
1990-01-09,7.891729,Test,-0.281684,0.120508,0.508323,1.468307,2.310655,3.060562,3.822057,5.617412,8.937241,11.192841,22.848814
1990-01-10,6.925395,Test,-0.333230,0.029097,0.380985,1.222835,1.976175,2.645433,3.302688,4.928377,7.897963,9.904688,20.344881
1990-01-11,6.120116,Test,-0.375594,-0.053619,0.273094,1.001773,1.690253,2.294295,2.856636,4.324230,7.001919,8.874986,18.516615
1990-01-12,5.314838,Test,-0.389757,-0.069140,0.256483,0.987020,1.662217,2.255229,2.814838,4.292846,7.016880,8.904528,18.650105
1990-01-13,4.992726,Test,-0.511729,-0.258309,-0.031648,0.494390,0.927375,1.346907,1.743709,2.900055,5.059207,6.613533,13.971724
1990-01-14,4.670615,Test,-0.536614,-0.301311,-0.100806,0.364024,0.726623,1.093505,1.435211,2.471737,4.442528,5.886811,12.596097
1990-01-15,4.187448,Test,-0.549545,-0.329269,-0.159244,0.234403,0.537541,0.852545,1.135060,2.022280,3.715786,4.948743,10.823759
1990-01-16,3.865337,Test,-0.546401,-0.341329,-0.211167,0.099763,0.320024,0.568543,0.778101,1.485175,2.828302,3.807651,8.658237
1990-01-17,3.543225,Test,-0.532776,-0.332371,-0.228036,0.035123,0.225443,0.438892,0.615723,1.217543,2.351441,3.164701,7.487216
1990-01-18,3.543225,Test,-0.533987,-0.341794,-0.228429,0.019901,0.220099,0.442321,0.608726,1.201840,2.324205,3.135780,7.463555
1990-01-19,3.382169,Test,-0.548425,-0.348886,-0.222620,0.064530,0.279949,0.523391,0.710250,1.376663,2.664384,3.598326,8.342142
1990-01-20,3.060058,Test,-0.533087,-0.339320,-0.229946,0.017494,0.203847,0.418351,0.575567,1.156855,2.273918,3.076145,7.341677
1990-01-21,2.737947,Test,-0.495609,-0.309012,-0.222967,-0.033316,0.116523,0.291891,0.411207,0.879131,1.745380,2.347719,5.902691
1990-01-22,2.576891,Test,-0.429283,-0.251487,-0.184799,-0.066860,0.050475,0.181743,0.267376,0.613209,1.200021,1.586604,4.330584
1990-01-23,2.254780,Test,-0.426065,-0.243200,-0.179211,-0.054697,0.055388,0.182264,0.268181,0.617250,1.205133,1.593103,4.317262
1990-01-24,2.093724,Test,-0.419240,-0.240486,-0.170503,-0.052689,0.056478,0.175379,0.256767,0.598242,1.185631,1.614439,4.379965
1990-01-25,2.093724,Test,-0.417283,-0.240239,-0.168868,-0.053629,0.056038,0.173585,0.253581,0.592312,1.177474,1.609809,4.381160
1990-01-26,2.093724,Test,-0.434948,-0.257768,-0.195884,-0.056404,0.071240,0.192549,0.287995,0.654958,1.304763,1.837277,4.957614
1990-01-27,2.254780,Test,-0.652904,-0.426318,-0.313944,0.009221,0.379539,0.712021,0.962728,2.050408,5.367389,8.151646,22.583246
1990-01-28,2.576891,Test,-0.694141,-0.266576,-0.037704,1.014196,2.987911,4.537532,5.925454,12.753558,34.168938,45.774490,119.344597
1990-01-29,2.576891,Test,-0.660316,-0.275633,0.005052,0.882167,2.123217,3.166033,4.009296,7.929036,18.956867,26.448545,63.745720
1990-01-30,2.254780,Test,-0.609713,-0.336821,-0.109896,0.366353,0.851984,1.333693,1.694330,3.226579,7.090726,10.199651,23.316116
1990-01-31,2.254780,Test,-0.633784,-0.339525,-0.136712,0.445846,1.064334,1.591270,2.158127,4.009686,8.737515,13.012030,29.705557
1990-02-01,2.576891,Test,-0.597572,-0.335223,-0.115644,0.372832,0.839595,1.290269,1.703439,3.093841,6.404873,9.230387,20.661343
1990-02-02,2.254780,Test,-0.560944,-0.330997,-0.127807,0.279001,0.640934,0.991913,1.331159,2.429085,4.881588,7.084574,15.572629
1990-02-03,2.093724,Test,-0.547677,-0.315434,-0.124246,0.296476,0.649203,0.999687,1.337984,2.399290,4.572359,6.390543,13.898537
1990-02-04,1.771613,Test,-0.538453,-0.323475,-0.139164,0.245763,0.564042,0.876292,1.182404,2.135985,4.055725,5.729264,12.420858
1990-02-05,1.610557,Test,-0.532919,-0.327341,-0.156685,0.196505,0.483765,0.769263,1.042651,1.904226,3.604134,5.069924,11.077105
1990-02-06,1.610557,Test,-0.537982,-0.349945,-0.180010,0.135545,0.401169,0.660877,0.898020,1.682417,3.292243,4.716214,10.597974
1990-02-07,1.610557,Test,-0.532567,-0.337699,-0.183695,0.134357,0.384019,0.638957,0.870431,1.629183,3.097567,4.347959,9.701404
1990-02-08,1.610557,Test,-0.533148,-0.346657,-0.194817,0.100198,0.333727,0.574048,0.781361,1.489863,2.879922,4.073317,9.244508
1990-02-09,1.610557,Test,-0.530110,-0.347308,-0.200472,0.078185,0.297703,0.527059,0.717157,1.385552,2.690200,3.802109,8.720553
1990-02-10,1.610557,Test,-0.526883,-0.339199,-0.204191,0.072445,0.280051,0.503539,0.687320,1.333149,2.547252,3.552052,8.149193
1990-02-11,1.449501,Test,-0.523957,-0.329864,-0.207307,0.066387,0.262198,0.482058,0.657173,1.281064,2.415326,3.299566,7.609559
1990-02-12,1.288446,Test,-0.525277,-0.332737,-0.209591,0.060570,0.252731,0.470223,0.639477,1.254740,2.382331,3.269464,7.560642
1990-02-13,1.288446,Test,-0.535241,-0.344655,-0.208656,0.075275,0.278614,0.507118,0.682546,1.329765,2.551130,3.544456,8.118616
1990-02-14,1.288446,Test,-0.523748,-0.336003,-0.214974,0.038574,0.217392,0.423209,0.574647,1.154729,2.247548,3.128998,7.343667
1990-02-15,1.288446,Test,-0.501079,-0.314934,-0.214321,0.001560,0.152974,0.332450,0.455925,0.958212,1.879892,2.601363,6.324757
1990-02-16,1.288446,Test,-0.455049,-0.271370,-0.195911,-0.037540,0.083808,0.227224,0.320199,0.717487,1.394289,1.890172,4.892947
1990-02-17,1.288446,Test,-0.440869,-0.257421,-0.188103,-0.046803,0.068760,0.204162,0.290571,0.660658,1.271057,1.697806,4.490972
1990-02-18,1.127390,Test,-0.459017,-0.273397,-0.199085,-0.037498,0.085245,0.231079,0.325345,0.726199,1.410760,1.904491,4.922262
1990-02-19,0.966334,Test,-0.402864,-0.228335,-0.158250,-0.057138,0.048485,0.158744,0.229396,0.543507,1.054654,1.445235,4.001959
1990-02-20,0.966334,Test,-0.400584,-0.230206,-0.155754,-0.065003,0.041542,0.148547,0.214406,0.520384,1.035102,1.435483,4.045090
1990-02-21,0.966334,Test,-0.400106,-0.231068,-0.155665,-0.068439,0.037553,0.143208,0.206647,0.509306,1.024422,1.425777,4.053044
1990-02-22,0.966334,Test,-0.397851,-0.227895,-0.154113,-0.065480,0.040075,0.145465,0.210697,0.512756,1.017528,1.411026,3.989154
1990-02-23,0.966334,Test,-0.395225,-0.225702,-0.152253,-0.067090,0.037311,0.140995,0.204406,0.501918,1.000706,1.389614,3.957312
1990-02-24,0.966334,Test,-0.393179,-0.220636,-0.151104,-0.059240,0.044159,0.148886,0.216485,0.516864,1.002723,1.380489,3.871979
1990-02-25,0.966334,Test,-0.393871,-0.219439,-0.152231,-0.056705,0.045448,0.151152,0.219673,0.522088,1.003554,1.373435,3.836876
1990-02-26,0.966334,Test,-0.390580,-0.218195,-0.148946,-0.060006,0.042140,0.145436,0.210890,0.506883,0.986800,1.361946,3.844272
1990-02-27,0.966334,Test,-0.389493,-0.219472,-0.147926,-0.066005,0.035900,0.137031,0.198292,0.488512,0.971743,1.351374,3.873796
1990-02-28,0.966334,Test,-0.390796,-0.221164,-0.149263,-0.067339,0.034390,0.135728,0.196192,0.486654,0.972557,1.354324,3.888776
1990-03-01,0.805278,Test,-0.391618,-0.216269,-0.151009,-0.056185,0.043531,0.148118,0.214943,0.513273,0.983650,1.343544,3.769568
1990-03-02,0.644223,Test,-0.394399,-0.217165,-0.156176,-0.055990,0.048036,0.150970,0.220592,0.522021,1.000809,1.383145,3.879768
1990-03-03,0.805278,Test,-0.495920,-0.204279,-0.038402,0.436152,0.881280,1.205308,1.402995,2.239082,4.780871,7.295023,18.784025
1990-03-04,1.127390,Test,-0.314046,0.794316,1.427960,5.345907,12.913311,16.784002,22.011551,45.008255,101.075745,128.239761,283.053650
1990-03-05,6.281172,Test,0.738494,3.006368,4.665308,14.664864,33.781403,39.887768,52.343327,99.722641,176.188278,227.760056,412.317322
1990-03-06,5.314838,Test,0.199043,1.636814,2.877602,8.745504,19.439684,23.759462,30.671446,59.468262,111.929939,159.435425,328.418854
1990-03-07,3.704281,Test,-0.284449,0.505534,1.366446,4.270240,9.418108,11.948652,15.420002,30.430470,61.934502,92.573517,199.190643
1990-03-08,2.737947,Test,-0.468895,0.064587,0.687930,2.369253,4.961614,6.526705,8.383930,15.848678,33.204578,50.071297,111.455482
1990-03-09,2.576891,Test,-0.483756,-0.114307,0.458049,1.529628,2.939944,4.027312,5.100149,8.891241,18.112913,27.178102,61.089336
1990-03-10,2.737947,Test,-0.547531,-0.207588,0.295953,1.329431,2.765786,3.747824,5.091425,8.981868,18.600994,29.216930,66.982208
1990-03-11,3.382169,Test,-0.527265,-0.056746,0.568729,2.361468,5.120975,6.880802,9.445126,17.677292,36.435398,55.065372,129.197540
1990-03-12,4.670615,Test,-0.485937,-0.018599,0.587503,2.204597,4.333730,5.952232,7.801743,13.773757,27.408850,40.394745,93.791832
1990-03-13,4.348504,Test,-0.446092,-0.064801,0.495712,1.683097,3.039129,4.237015,5.397637,8.886148,16.868362,24.630781,55.618561
1990-03-14,3.382169,Test,-0.409819,-0.060780,0.454199,1.480111,2.607705,3.564098,4.511890,7.094689,12.911555,18.633566,41.684212
1990-03-15,2.737947,Test,-0.427201,-0.125743,0.318675,1.169818,2.089456,2.829100,3.572161,5.599988,10.106431,14.481791,32.131458
1990-03-16,2.254780,Test,-0.473193,-0.216195,0.155235,0.848806,1.563769,2.146652,2.717965,4.360747,7.930260,11.355360,24.872543
1990-03-17,1.771613,Test,-0.503255,-0.269631,0.037856,0.623806,1.179101,1.658345,2.124760,3.490948,6.326115,9.024250,19.426794
1990-03-18,1.610557,Test,-0.527882,-0.314948,-0.044864,0.460550,0.917511,1.327937,1.708048,2.888661,5.330594,7.639535,16.584496
1990-03-19,1.449501,Test,-0.547128,-0.351333,-0.103134,0.342652,0.733874,1.098172,1.408837,2.461573,4.675276,6.765136,14.964577
1990-03-20,1.288446,Test,-0.560808,-0.375811,-0.141562,0.265270,0.610800,0.946259,1.205954,2.174410,4.236547,6.197507,13.940859
1990-03-21,1.288446,Test,-0.569121,-0.390022,-0.163681,0.219853,0.536818,0.855573,1.080944,1.996655,3.955976,5.834246,13.265650
1990-03-22,1.127390,Test,-0.538706,-0.364913,-0.227372,0.007066,0.178840,0.378721,0.505853,1.066062,2.222302,3.263350,8.041723
1990-03-23,0.966334,Test,-0.503187,-0.324195,-0.218001,-0.022012,0.119945,0.290000,0.395970,0.865049,1.784352,2.589402,6.573294
1990-03-24,0.966334,Test,-0.465494,-0.280971,-0.201119,-0.036523,0.084011,0.229118,0.318960,0.718841,1.454832,2.088490,5.471462
1990-03-25,0.805278,Test,-0.453554,-0.271644,-0.195061,-0.071220,0.027202,0.152158,0.210136,0.550963,1.204310,1.758715,4.983527
1990-03-26,0.644223,Test,-0.424088,-0.240371,-0.174230,-0.079033,0.006986,0.113777,0.161698,0.456147,1.007113,1.466736,4.349954
1990-03-27,0.483167,Test,-0.387383,-0.204833,-0.147552,-0.069717,0.014785,0.108515,0.157073,0.422888,0.891248,1.278370,3.843325
1990-03-28,0.483167,Test,-0.405978,-0.221138,-0.162004,-0.063112,0.025047,0.130411,0.183290,0.472513,0.992997,1.428856,4.135722
1990-03-29,0.322111,Test,-0.371600,-0.185939,-0.134308,-0.058321,0.021920,0.111462,0.159424,0.412178,0.848945,1.218222,3.648566
1990-03-30,0.322111,Test,-0.343711,-0.160671,-0.120984,-0.043674,0.040869,0.116237,0.170201,0.407177,0.777059,1.141925,3.424591
1990-03-31,0.805278,Test,-0.420965,-0.210035,-0.124545,0.026669,0.149161,0.265946,0.301103,0.587013,1.195031,1.882450,5.472740
1990-04-01,3.865337,Validation,-0.410405,0.055378,0.254321,0.887022,1.431358,1.922062,1.874521,3.244979,6.759470,9.310155,24.669548
1990-04-02,3.543225,Validation,-0.551785,-0.178095,-0.056088,0.373299,0.861334,1.262180,1.402950,2.839918,6.630340,9.424165,25.616024
1990-04-03,2.093724,Validation,-0.482133,-0.203653,-0.099579,0.158873,0.386454,0.630910,0.713012,1.427335,3.041409,4.317989,11.020491
1990-04-04,1.610557,Validation,-0.419346,-0.175967,-0.080327,0.096222,0.265255,0.442215,0.528535,1.027058,2.080046,2.997700,7.657906
1990-04-05,295.376131,Validation,-0.096845,0.883576,1.439495,4.218104,5.834116,7.279666,7.286042,10.992699,22.121590,33.887909,64.741447
1990-04-06,59.268493,Validation,-0.394744,0.512215,0.852330,3.128935,6.782192,8.672336,10.554109,21.469503,50.094913,72.159256,161.660461
1990-04-07,24.963632,Validation,-0.447684,0.284645,0.557965,2.150594,4.356452,5.683972,6.600132,13.107491,29.889349,44.160336,96.252869
1990-04-08,145.594342,Validation,-0.156591,1.195726,1.664678,5.482513,10.309322,13.569288,15.579782,30.765926,70.840111,100.000366,200.709503
1990-04-09,71.508725,Validation,-0.270278,0.777084,1.311507,4.419928,9.122762,11.696027,14.304775,28.723959,62.054604,89.724609,192.922501
1990-04-10,19.809850,Validation,-0.470918,0.016064,0.427032,1.517964,2.722257,3.690250,4.378083,8.103569,17.033831,25.187086,55.907413
1990-04-11,10.146508,Validation,-0.524081,-0.209253,0.105231,0.673670,1.233702,1.729657,2.076103,3.750296,7.949765,12.386951,28.427601
1990-04-12,6.120116,Validation,-0.554764,-0.311638,-0.036055,0.407322,0.792272,1.161353,1.413803,2.583233,5.508610,8.873064,20.935896
1990-04-13,4.348504,Validation,-0.541634,-0.303051,-0.071087,0.359070,0.697085,1.042780,1.322150,2.354561,4.792301,7.391975,16.780468
1990-04-14,3.382169,Validation,-0.542303,-0.304599,-0.085556,0.363227,0.689478,1.044981,1.338343,2.360694,4.619745,6.910873,15.357564
1990-04-15,2.737947,Validation,-0.556996,-0.345955,-0.148357,0.223221,0.474480,0.765755,0.964863,1.800620,3.712543,5.708732,13.292865
1990-04-16,2.254780,Validation,-0.556577,-0.350811,-0.173681,0.168128,0.381045,0.645706,0.811523,1.561058,3.258855,5.012202,11.836449
1990-04-17,1.771613,Validation,-0.576460,-0.373477,-0.192431,0.141919,0.330422,0.590477,0.710380,1.428878,3.067564,4.855977,11.666236
1990-04-18,1.449501,Validation,-0.555786,-0.351776,-0.206686,0.068594,0.201687,0.412829,0.491779,1.057493,2.337255,3.707944,9.205630
1990-04-19,1.288446,Validation,-0.521499,-0.315049,-0.204174,0.024607,0.124995,0.298178,0.354085,0.816029,1.834534,2.882354,7.442573
1990-04-20,1.127390,Validation,-0.461290,-0.250586,-0.178357,0.018619,0.107051,0.255264,0.320054,0.713694,1.513544,2.251545,5.830517
1990-04-21,0.966334,Validation,-0.427638,-0.206160,-0.173963,0.008847,0.085818,0.210101,0.281019,0.621706,1.254291,1.799365,4.791395
1990-04-22,0.966334,Validation,-0.409707,-0.190242,-0.167475,0.003247,0.079396,0.191119,0.251393,0.555963,1.126039,1.676439,4.627867
1990-04-23,0.966334,Validation,-0.458051,-0.231052,-0.178596,0.000864,0.084542,0.214237,0.245442,0.570170,1.275307,2.007990,5.716122
1990-04-24,0.966334,Validation,-0.407219,-0.190715,-0.138053,-0.005649,0.063331,0.170327,0.189506,0.457547,1.010731,1.579183,4.676009
1990-04-25,0.966334,Validation,-0.393596,-0.180368,-0.133605,-0.014757,0.045614,0.141217,0.157361,0.402369,0.900657,1.406351,4.269021
1990-04-26,0.966334,Validation,-0.368314,-0.154088,-0.118141,-0.020106,0.034423,0.110981,0.126304,0.337116,0.754332,1.193796,3.806457
1990-04-27,0.805278,Validation,-0.358945,-0.131492,-0.096129,-0.030808,0.003973,0.060966,0.065753,0.227523,0.544692,0.886235,3.187737
1990-04-28,0.644223,Validation,-0.330009,-0.130387,-0.086780,-0.001029,0.054879,0.113219,0.135617,0.299328,0.585447,0.984906,3.210305
1990-04-29,0.644223,Validation,-0.437112,-0.170599,-0.118948,0.058144,0.141178,0.267505,0.240434,0.498376,1.065151,1.700584,5.564839
1990-04-30,0.644223,Validation,-0.445693,-0.105194,-0.074012,0.153190,0.294541,0.464500,0.428812,0.854305,1.765688,2.636240,8.353230
1990-05-01,0.644223,Validation,-0.446581,-0.082576,-0.032319,0.248560,0.402505,0.594961,0.535115,1.048020,2.140389,3.192574,9.723093
1990-05-02,0.644223,Validation,-0.461935,-0.072200,-0.006660,0.306971,0.485031,0.683930,0.621564,1.237697,2.513478,3.783766,11.505383
1990-05-03,0.483167,Validation,-0.425870,-0.107779,-0.011399,0.181058,0.275069,0.424485,0.404299,0.794732,1.635430,2.421098,7.306793
1990-05-04,0.483167,Validation,-0.394151,-0.115140,-0.041753,0.093115,0.146624,0.260639,0.249913,0.529905,1.129731,1.736527,5.348446
1990-05-05,0.483167,Validation,-0.357216,-0.098713,-0.047516,0.050272,0.089726,0.172291,0.179165,0.395796,0.839663,1.298266,4.147416
1990-05-06,0.483167,Validation,-0.333737,-0.077907,-0.042435,0.038086,0.067310,0.130054,0.147620,0.330427,0.688130,1.062974,3.522228
1990-05-07,0.483167,Validation,-0.323524,-0.073385,-0.046023,0.027553,0.053751,0.109886,0.131521,0.303962,0.632963,0.973139,3.275998
1990-05-08,0.322111,Validation,-0.328977,-0.080580,-0.057676,0.017507,0.039971,0.095875,0.116548,0.286273,0.609683,0.939412,3.188622
1990-05-09,0.322111,Validation,-0.334560,-0.077465,-0.070825,0.013857,0.030467,0.076419,0.096378,0.247602,0.537273,0.875351,3.076003
1990-05-10,0.322111,Validation,-0.342146,-0.078499,-0.066169,0.006991,0.016237,0.060661,0.076184,0.211221,0.475043,0.776452,2.840442
1990-05-11,0.161056,Validation,-0.325031,-0.070056,-0.055216,-0.002599,0.009143,0.046016,0.065162,0.188181,0.417129,0.676279,2.577763
1990-05-12,0.161056,Validation,-0.308669,-0.064576,-0.051529,-0.008043,0.010154,0.042389,0.064592,0.186023,0.405725,0.652720,2.502188
1990-05-13,0.161056,Validation,-0.304878,-0.060224,-0.049192,-0.010381,0.005370,0.034582,0.056235,0.169640,0.374466,0.607126,2.389028
1990-05-14,0.161056,Validation,-0.311009,-0.058788,-0.049465,-0.012603,-0.004940,0.021910,0.040244,0.140947,0.326044,0.543258,2.243015
1990-05-15,0.161056,Validation,-0.326634,-0.060734,-0.053686,-0.015409,-0.016657,0.006770,0.022098,0.106080,0.264256,0.461023,2.043240
1990-05-16,0.161056,Validation,-0.335267,-0.067857,-0.066480,-0.011988,-0.017631,0.014568,0.022398,0.115380,0.305035,0.530613,2.225524
1990-05-17,0.161056,Validation,-0.306856,-0.056624,-0.052194,-0.017070,-0.013453,0.011951,0.024324,0.116067,0.292881,0.502353,2.149323
1990-05-18,0.000000,Validation,-0.308335,-0.051988,-0.045760,-0.018803,-0.017632,0.000433,0.014527,0.091216,0.234879,0.419169,1.936082
1990-05-19,0.000000,Validation,-0.298501,-0.046030,-0.036509,-0.020495,-0.017083,-0.004578,0.011930,0.080967,0.207070,0.377433,1.826569
1990-05-20,0.000000,Validation,-0.281229,-0.037149,-0.020982,-0.020248,-0.009900,-0.005589,0.016269,0.078586,0.184840,0.341059,1.717861
1990-05-21,0.000000,Validation,-0.289676,-0.045985,-0.015529,-0.027694,-0.008171,-0.010418,0.019051,0.077289,0.163660,0.299370,1.586354
1990-05-22,0.000000,Validation,-0.279778,-0.041103,-0.010723,-0.024615,-0.002314,-0.004872,0.025647,0.085621,0.175923,0.314923,1.617881
1990-05-23,0.000000,Validation,-0.279682,-0.040509,-0.010554,-0.024368,-0.002489,-0.005263,0.025081,0.084262,0.173936,0.312644,1.613295
1990-05-24,0.000000,Validation,-0.291546,-0.044689,-0.015220,-0.027010,-0.009413,-0.012725,0.016444,0.070716,0.152478,0.286021,1.556902
1990-05-25,0.000000,Validation,-0.315657,-0.054043,-0.026860,-0.030988,-0.020373,-0.023197,0.003176,0.050174,0.121567,0.248128,1.471762
1990-05-26,0.000000,Validation,-0.323831,-0.056503,-0.031441,-0.031890,-0.023425,-0.026791,-0.001426,0.042137,0.109425,0.235342,1.445823
1990-05-27,0.000000,Validation,-0.325698,-0.053904,-0.030458,-0.029409,-0.026604,-0.029930,-0.007613,0.029893,0.090173,0.213069,1.400546
1990-05-28,0.000000,Validation,-0.334853,-0.060098,-0.033552,-0.031919,-0.028470,-0.031984,-0.009300,0.027366,0.084300,0.203138,1.369901
1990-05-29,0.000000,Validation,-0.333407,-0.060036,-0.033112,-0.032386,-0.028309,-0.032009,-0.009096,0.028268,0.086490,0.205986,1.377108
1990-05-30,0.000000,Validation,-0.344087,-0.063224,-0.037865,-0.031257,-0.031692,-0.034593,-0.014205,0.019134,0.071598,0.188906,1.338357
1990-05-31,0.000000,Validation,-0.332985,-0.058584,-0.032319,-0.031550,-0.028582,-0.033058,-0.010498,0.024601,0.080541,0.200037,1.366861
1990-06-01,0.000000,Validation,-0.336442,-0.059206,-0.034335,-0.031925,-0.028583,-0.034296,-0.010983,0.022188,0.075644,0.195477,1.357093
1990-06-02,0.000000,Validation,-0.324573,-0.056921,-0.040259,-0.034313,-0.021714,-0.032738,-0.004009,0.032593,0.090033,0.233285,1.463561
1990-06-03,0.000000,Validation,-0.308900,-0.049617,-0.020651,-0.028738,-0.014736,-0.021048,0.005253,0.048437,0.119173,0.254220,1.510040
1990-06-04,0.000000,Validation,-0.324598,-0.056147,-0.027742,-0.030231,-0.022051,-0.027352,-0.002694,0.035047,0.097468,0.225808,1.437135
1990-06-05,0.000000,Validation,-0.314524,-0.051850,-0.023458,-0.030178,-0.020511,-0.027224,-0.001743,0.037332,0.101714,0.230320,1.446778
1990-06-06,0.000000,Validation,-0.316130,-0.051457,-0.024119,-0.029942,-0.022052,-0.028662,-0.003619,0.034191,0.096074,0.222200,1.426177
1990-06-07,0.000000,Validation,-0.334279,-0.057712,-0.032181,-0.030331,-0.029130,-0.034369,-0.012330,0.019694,0.072545,0.192096,1.353232
1990-06-08,0.000000,Validation,-0.340722,-0.059583,-0.034883,-0.029834,-0.031286,-0.036153,-0.015420,0.014026,0.062780,0.180168,1.325712
1990-06-09,0.000000,Validation,-0.330512,-0.055513,-0.030669,-0.030160,-0.028955,-0.034863,-0.012739,0.018976,0.072086,0.192290,1.358486
1990-06-10,0.000000,Validation,-0.295486,-0.040718,-0.014325,-0.026444,-0.015205,-0.023929,0.002608,0.042238,0.108429,0.238928,1.471341
1990-06-11,0.000000,Validation,-0.299124,-0.041253,-0.015144,-0.026407,-0.017074,-0.025824,0.000420,0.037831,0.100196,0.227711,1.443579
1990-06-12,0.000000,Validation,-0.295778,-0.039397,-0.013495,-0.025525,-0.015733,-0.024454,0.002151,0.039939,0.103506,0.231499,1.452619
1990-06-13,0.000000,Validation,-0.288000,-0.035730,-0.010579,-0.024245,-0.012246,-0.021551,0.005833,0.045092,0.112167,0.242957,1.480524
1990-06-14,0.000000,Validation,-0.302408,-0.042569,-0.017364,-0.027157,-0.019122,-0.027341,-0.001454,0.035293,0.097174,0.223298,1.434937
1990-06-15,0.000000,Validation,-0.301948,-0.042684,-0.017198,-0.027313,-0.019207,-0.027269,-0.001430,0.035610,0.097937,0.224051,1.437099
1990-06-16,0.000000,Validation,-0.296346,-0.040520,-0.014876,-0.026842,-0.017083,-0.025535,0.000787,0.039255,0.103970,0.231764,1.455912
1990-06-17,0.000000,Validation,-0.304488,-0.044055,-0.018782,-0.028171,-0.020844,-0.028682,-0.003246,0.033568,0.095183,0.220446,1.429594
1990-06-18,0.000000,Validation,-0.308104,-0.045300,-0.020341,-0.028577,-0.022568,-0.030349,-0.005307,0.030142,0.089625,0.213505,1.413594
1990-06-19,0.000000,Validation,-0.313655,-0.046708,-0.022943,-0.028744,-0.025468,-0.033031,-0.009143,0.023628,0.079653,0.201634,1.387836
1990-06-20,0.000000,Validation,-0.302477,-0.037700,-0.017728,-0.025098,-0.023819,-0.033232,-0.010359,0.018426,0.072096,0.196682,1.388870
1990-06-21,0.000000,Validation,-0.304893,-0.044636,-0.018397,-0.029646,-0.021958,-0.031249,-0.005463,0.029492,0.088369,0.212314,1.413524
1990-06-22,0.000000,Validation,-0.322305,-0.051986,-0.026415,-0.031322,-0.028589,-0.036212,-0.012523,0.018717,0.071756,0.190609,1.361767
1990-06-23,0.000000,Validation,-0.347149,-0.061566,-0.037219,-0.030733,-0.035570,-0.040694,-0.021415,0.003460,0.045900,0.158597,1.285237
1990-06-24,0.000000,Validation,-0.342450,-0.060261,-0.035625,-0.031866,-0.034651,-0.040391,-0.019975,0.006582,0.052613,0.167316,1.310097
1990-06-25,0.000000,Validation,-0.320471,-0.052147,-0.026558,-0.032253,-0.027459,-0.035461,-0.011060,0.021924,0.078734,0.201077,1.394469
1990-06-26,0.000000,Validation,-0.329640,-0.055941,-0.030103,-0.032591,-0.030808,-0.037578,-0.014601,0.016372,0.069500,0.188059,1.360506
1990-06-27,0.000000,Validation,-0.335887,-0.058229,-0.032544,-0.032636,-0.032772,-0.039036,-0.016883,0.012250,0.062408,0.178615,1.336856
1990-06-28,0.000000,Validation,-0.326653,-0.054372,-0.028220,-0.032661,-0.030092,-0.037867,-0.014081,0.016504,0.069393,0.187965,1.361210
1990-06-29,0.000000,Validation,-0.328668,-0.055233,-0.029021,-0.032739,-0.030652,-0.038149,-0.014589,0.015623,0.068142,0.186179,1.357608
1990-06-30,0.000000,Validation,-0.335136,-0.057745,-0.031788,-0.032822,-0.032652,-0.039424,-0.016862,0.011736,0.061973,0.178099,1.338680
1990-07-01,0.000000,Training,-0.332815,-0.056668,-0.030741,-0.032833,-0.032049,-0.039214,-0.016233,0.012569,0.063784,0.180690,1.347148
1990-07-02,0.000000,Training,-0.341592,-0.060239,-0.034451,-0.032685,-0.034152,-0.040195,-0.018574,0.008414,0.056856,0.171671,1.326218
1990-07-03,0.000000,Training,-0.337209,-0.058732,-0.032568,-0.033071,-0.032861,-0.039421,-0.016747,0.011564,0.062606,0.178883,1.345081
1990-07-04,0.000000,Training,-0.346162,-0.062229,-0.036374,-0.032684,-0.035001,-0.040498,-0.019465,0.006687,0.054423,0.168676,1.321822
1990-07-05,0.000000,Training,-0.354987,-0.065669,-0.040046,-0.031768,-0.036505,-0.040748,-0.021385,0.002897,0.047527,0.160305,1.303263
1990-07-06,0.000000,Training,-0.349060,-0.063780,-0.037800,-0.032897,-0.035171,-0.040128,-0.019203,0.007055,0.056063,0.171003,1.332187
1990-07-07,0.000000,Training,-0.346600,-0.063086,-0.036765,-0.033249,-0.034424,-0.039538,-0.017939,0.009342,0.060402,0.176264,1.345993
1990-07-08,0.000000,Training,-0.356486,-0.066727,-0.040617,-0.032075,-0.036308,-0.040097,-0.020499,0.004288,0.050816,0.164102,1.316592
1990-07-09,0.000000,Training,-0.370409,-0.072121,-0.046001,-0.029294,-0.037577,-0.039415,-0.022759,-0.001162,0.039065,0.150849,1.287336
1990-07-10,0.000000,Training,-0.374286,-0.074428,-0.048114,-0.029338,-0.037523,-0.038555,-0.022251,-0.000329,0.041469,0.154848,1.302504
1990-07-11,0.000000,Training,-0.362099,-0.070735,-0.044045,-0.033077,-0.036027,-0.038490,-0.018837,0.007490,0.059306,0.176273,1.357748
1990-07-12,0.000000,Training,-0.340787,-0.062252,-0.034578,-0.034535,-0.031448,-0.036681,-0.012705,0.018525,0.078372,0.199100,1.410275
1990-07-13,0.000000,Training,-0.332274,-0.057354,-0.034425,-0.035946,-0.028263,-0.036950,-0.009279,0.023425,0.086441,0.213235,1.446582
1990-07-14,0.000000,Training,-0.322475,-0.054246,-0.025609,-0.033431,-0.025446,-0.032481,-0.005527,0.030020,0.095595,0.219874,1.456087
1990-07-15,0.000000,Training,-0.335086,-0.059787,-0.031096,-0.034230,-0.029538,-0.034942,-0.009423,0.023594,0.085675,0.205746,1.421483
1990-07-16,0.000000,Training,-0.357829,-0.068943,-0.040754,-0.033531,-0.035156,-0.037847,-0.016481,0.011071,0.064597,0.178727,1.358476
1990-07-17,0.000000,Training,-0.359133,-0.069635,-0.041442,-0.033719,-0.035139,-0.037640,-0.016193,0.011546,0.065897,0.180508,1.366384
1990-07-18,0.000000,Training,-0.370273,-0.074400,-0.045871,-0.032131,-0.036014,-0.036939,-0.017492,0.008256,0.058931,0.172743,1.351326
1990-07-19,0.000000,Training,-0.362019,-0.071516,-0.042818,-0.034191,-0.034866,-0.036844,-0.015189,0.013191,0.069715,0.185691,1.385061
1990-07-20,0.000000,Training,-0.358721,-0.070551,-0.041389,-0.034784,-0.034004,-0.036217,-0.013569,0.016213,0.075408,0.192346,1.401558
1990-07-21,0.000000,Training,-0.365163,-0.072914,-0.043436,-0.033681,-0.034779,-0.036033,-0.014581,0.013628,0.069641,0.184402,1.381720
1990-07-22,0.000000,Training,-0.371463,-0.075727,-0.045769,-0.032787,-0.034998,-0.035263,-0.014704,0.012640,0.067193,0.181540,1.377110
1990-07-23,0.000000,Training,-0.366652,-0.074384,-0.044173,-0.034458,-0.034236,-0.035065,-0.012920,0.016443,0.075742,0.191983,1.405114
1990-07-24,0.000000,Training,-0.362138,-0.072801,-0.042145,-0.035302,-0.033355,-0.034757,-0.011344,0.019329,0.081314,0.198396,1.420905
1990-07-25,0.000000,Training,-0.346382,-0.066408,-0.035300,-0.036321,-0.030155,-0.033518,-0.006888,0.027565,0.095578,0.215601,1.459921
1990-07-26,0.000000,Training,-0.332519,-0.060732,-0.028984,-0.035893,-0.025974,-0.030852,-0.001689,0.036239,0.109009,0.232461,1.497350
1990-07-27,0.000000,Training,-0.331764,-0.060477,-0.028321,-0.035888,-0.025585,-0.030304,-0.000680,0.037804,0.111271,0.234173,1.499437
1990-07-28,0.000000,Training,-0.331575,-0.060450,-0.027908,-0.035962,-0.025210,-0.029938,0.000175,0.038887,0.112859,0.235533,1.502395
1990-07-29,0.000000,Training,-0.347326,-0.067063,-0.034274,-0.036579,-0.029318,-0.032184,-0.004195,0.030972,0.100431,0.218319,1.463769
1990-07-30,0.000000,Training,-0.362287,-0.073183,-0.039948,-0.035736,-0.031644,-0.032847,-0.007164,0.024282,0.088593,0.203431,1.432826
1990-07-31,0.000000,Training,-0.362867,-0.072604,-0.040037,-0.035354,-0.031726,-0.033244,-0.007730,0.022055,0.085869,0.201668,1.436922
1990-08-01,0.000000,Training,-0.369443,-0.077536,-0.042634,-0.036360,-0.031459,-0.032069,-0.006310,0.024733,0.090101,0.206100,1.447526
1990-08-02,0.000000,Training,-0.369325,-0.077928,-0.042628,-0.036749,-0.030935,-0.031253,-0.004939,0.027083,0.094949,0.212053,1.464247
1990-08-03,0.000000,Training,-0.374388,-0.080598,-0.044481,-0.036361,-0.030687,-0.030103,-0.004041,0.027832,0.096007,0.213464,1.470473
1990-08-04,0.000000,Training,-0.373684,-0.080629,-0.044053,-0.036915,-0.030168,-0.029631,-0.002798,0.029786,0.099972,0.218207,1.483870
1990-08-05,0.000000,Training,-0.385428,-0.086221,-0.047903,-0.034925,-0.029606,-0.027592,-0.001941,0.028603,0.095424,0.213455,1.477196
1990-08-06,0.000000,Training,-0.394883,-0.090993,-0.050897,-0.033172,-0.028395,-0.025290,-0.000193,0.028862,0.093703,0.212846,1.482751
1990-08-07,0.000000,Training,-0.387027,-0.088447,-0.048984,-0.036988,-0.028631,-0.026373,0.000902,0.032944,0.106102,0.228117,1.524197
1990-08-08,0.000000,Training,-0.353663,-0.073891,-0.036063,-0.040033,-0.024343,-0.026296,0.006819,0.046565,0.132202,0.260759,1.595117
1990-08-09,0.000000,Training,-0.358711,-0.075486,-0.036978,-0.039630,-0.025765,-0.026832,0.005532,0.043592,0.125728,0.249167,1.561028
1990-08-10,0.000000,Training,-0.366417,-0.078562,-0.039178,-0.039056,-0.026601,-0.026736,0.004911,0.040986,0.120209,0.240601,1.540598
1990-08-11,0.000000,Training,-0.371358,-0.081179,-0.040926,-0.039166,-0.026435,-0.026148,0.005630,0.041075,0.120566,0.241476,1.547915
1990-08-12,0.000000,Training,-0.363577,-0.077995,-0.037968,-0.040331,-0.025167,-0.025968,0.007690,0.045117,0.128858,0.252381,1.575729
1990-08-13,0.000000,Training,-0.348023,-0.071111,-0.031316,-0.040330,-0.021779,-0.024600,0.011772,0.052415,0.140706,0.268366,1.611347
1990-08-14,0.000000,Training,-0.344466,-0.069493,-0.029480,-0.040164,-0.020587,-0.023683,0.013621,0.055137,0.144944,0.273378,1.622049
1990-08-15,0.000000,Training,-0.347457,-0.070951,-0.030573,-0.040525,-0.020941,-0.023440,0.014022,0.055316,0.145954,0.273918,1.625151
1990-08-16,0.000000,Training,-0.352672,-0.073692,-0.032871,-0.041113,-0.021499,-0.023073,0.014407,0.055550,0.147646,0.275634,1.633323
1990-08-17,0.000000,Training,-0.361736,-0.078254,-0.036584,-0.041682,-0.022418,-0.022764,0.014355,0.054432,0.146938,0.274381,1.636413
1990-08-18,0.000000,Training,-0.362773,-0.079079,-0.037082,-0.042215,-0.022056,-0.022300,0.015485,0.055895,0.150343,0.279104,1.652025
1990-08-19,0.000000,Training,-0.354766,-0.075004,-0.042959,-0.047275,-0.020352,-0.025719,0.017944,0.061436,0.163581,0.307442,1.734138
1990-08-20,0.000000,Training,-0.337396,-0.068159,-0.026964,-0.041206,-0.013850,-0.017127,0.025075,0.072605,0.177807,0.320122,1.753093
1990-08-21,0.000000,Training,-0.333252,-0.066665,-0.024958,-0.040818,-0.012089,-0.015620,0.027869,0.076447,0.183622,0.327359,1.768000
1990-08-22,0.000000,Training,-0.348825,-0.074045,-0.040690,-0.047860,-0.016410,-0.021812,0.024513,0.071797,0.183078,0.335214,1.809033
1990-08-23,0.000000,Training,-0.338098,-0.069949,-0.028162,-0.042676,-0.012305,-0.014853,0.029467,0.079447,0.192547,0.340681,1.812325
1990-08-24,0.000000,Training,-0.347258,-0.074650,-0.032134,-0.044354,-0.014921,-0.016242,0.028277,0.076800,0.189914,0.335031,1.801336
1990-08-25,0.000000,Training,-0.355742,-0.079329,-0.036420,-0.046469,-0.017538,-0.017815,0.026405,0.073800,0.188024,0.331756,1.800525
1990-08-26,0.000000,Training,-0.366228,-0.083891,-0.040437,-0.047229,-0.019163,-0.018427,0.025502,0.070455,0.183431,0.324380,1.790147
1990-08-27,0.000000,Training,-0.375174,-0.088507,-0.044167,-0.047766,-0.019597,-0.017806,0.026215,0.070119,0.184048,0.324985,1.800674
1990-08-28,0.000000,Training,-0.369386,-0.086034,-0.042896,-0.048694,-0.019269,-0.017868,0.027237,0.073225,0.191298,0.335092,1.827049
1990-08-29,0.000000,Training,-0.345656,-0.074987,-0.034017,-0.047494,-0.014836,-0.016051,0.031521,0.082656,0.205657,0.357003,1.872261
1990-08-30,0.000000,Training,-0.344546,-0.074618,-0.034287,-0.048178,-0.014607,-0.015955,0.032449,0.084195,0.209016,0.361426,1.883505
1990-08-31,0.000000,Training,-0.350257,-0.077808,-0.036829,-0.049542,-0.016294,-0.016571,0.031760,0.082862,0.208864,0.359710,1.883028
1990-09-01,0.000000,Training,-0.348947,-0.077737,-0.037166,-0.050264,-0.016107,-0.016347,0.032629,0.084743,0.213553,0.366516,1.902931
1990-09-02,0.000000,Training,-0.350305,-0.079080,-0.038802,-0.051406,-0.016583,-0.016349,0.033042,0.085977,0.217882,0.372528,1.922284
1990-09-03,0.000000,Training,-0.357933,-0.082769,-0.045792,-0.054522,-0.018159,-0.018079,0.032780,0.085757,0.222150,0.380572,1.954315
1990-09-04,0.000000,Training,-0.362739,-0.086537,-0.046144,-0.054653,-0.018988,-0.016543,0.033177,0.086543,0.225345,0.382249,1.962215
1990-09-05,0.000000,Training,-0.365613,-0.088534,-0.048650,-0.055872,-0.019763,-0.016667,0.033429,0.087185,0.229566,0.388519,1.984512
1990-09-06,0.000000,Training,-0.362132,-0.085734,-0.049470,-0.055976,-0.021159,-0.018275,0.030932,0.083227,0.228480,0.393247,2.011390
1990-09-07,0.000000,Training,-0.354493,-0.084660,-0.044990,-0.056904,-0.018036,-0.016959,0.035164,0.091383,0.236649,0.399670,2.011366
1990-09-08,0.000000,Training,-0.331242,-0.073880,-0.036761,-0.053760,-0.011397,-0.012243,0.041117,0.102685,0.253319,0.426567,2.071351
1990-09-09,0.000000,Training,-0.327061,-0.070942,-0.037580,-0.053339,-0.011794,-0.012218,0.040223,0.101636,0.256779,0.436313,2.107592
1990-09-10,0.000000,Training,-0.342796,-0.080560,-0.043572,-0.057696,-0.014514,-0.014838,0.040287,0.101374,0.255069,0.426906,2.081071
1990-09-11,0.000000,Training,-0.340444,-0.080485,-0.043255,-0.057920,-0.013935,-0.013659,0.041650,0.104725,0.261770,0.435825,2.104091
1990-09-12,0.000000,Training,-0.340917,-0.081233,-0.046720,-0.059736,-0.013900,-0.014043,0.042508,0.107292,0.268645,0.447382,2.139762
1990-09-13,0.000000,Training,-0.342803,-0.083910,-0.046309,-0.060011,-0.014928,-0.013024,0.042714,0.108824,0.272693,0.449877,2.144740
1990-09-14,0.000000,Training,-0.343634,-0.085223,-0.047808,-0.061090,-0.015441,-0.013072,0.043262,0.110557,0.277182,0.455288,2.159528
1990-09-15,0.000000,Training,-0.356576,-0.091398,-0.058175,-0.065992,-0.019294,-0.017248,0.040853,0.107242,0.277800,0.458276,2.183589
1990-09-16,0.000000,Training,-0.355786,-0.092337,-0.054805,-0.064959,-0.019487,-0.015503,0.041238,0.108300,0.279108,0.456026,2.173383
1990-09-17,0.000000,Training,-0.348049,-0.089342,-0.052559,-0.064403,-0.017714,-0.014252,0.043229,0.112611,0.285633,0.466056,2.195009
1990-09-18,0.000000,Training,-0.428224,-0.159556,-0.101615,-0.053348,0.034608,0.040377,0.139471,0.195976,0.415608,0.792137,3.498017
1990-09-19,0.000000,Training,-0.532494,-0.216901,-0.181184,-0.099880,0.008387,0.046887,0.135349,0.246758,0.666368,1.113057,4.882455
1990-09-20,0.000000,Training,-0.456546,-0.166013,-0.088669,-0.044728,0.055150,0.100537,0.184857,0.314654,0.724896,1.137071,4.465128
1990-09-21,0.000000,Training,-0.415829,-0.150988,-0.090802,-0.074396,-0.001844,0.024756,0.092954,0.191573,0.483458,0.782299,3.228450
1990-09-22,0.000000,Training,-0.389762,-0.131744,-0.080751,-0.072061,-0.004531,0.016247,0.084250,0.182970,0.451458,0.722998,2.986305
1990-09-23,0.000000,Training,-0.360665,-0.108720,-0.071497,-0.068512,-0.004095,0.008847,0.077265,0.174729,0.420338,0.669986,2.790104
1990-09-24,0.000000,Training,-0.352127,-0.101528,-0.065266,-0.066889,-0.007912,0.003990,0.071087,0.165877,0.396675,0.625619,2.642367
1990-09-25,0.000000,Training,-0.342701,-0.095655,-0.062247,-0.066210,-0.008587,0.002097,0.069061,0.163638,0.388416,0.609848,2.584748
1990-09-26,0.000000,Training,-0.348256,-0.097408,-0.069955,-0.071185,-0.014467,-0.005338,0.062331,0.154779,0.376756,0.595552,2.555977
1990-09-27,0.000000,Training,-0.359694,-0.103369,-0.071527,-0.072884,-0.021040,-0.008955,0.056559,0.145623,0.362668,0.567856,2.478862
1990-09-28,0.000000,Training,-0.373651,-0.109206,-0.080716,-0.077067,-0.026331,-0.013175,0.052533,0.139160,0.358368,0.559651,2.470135
1990-09-29,0.000000,Training,-0.384305,-0.118838,-0.107936,-0.093962,-0.038390,-0.029964,0.039693,0.126411,0.350364,0.577302,2.570356
1990-09-30,0.000000,Training,-0.361638,-0.107378,-0.081071,-0.078099,-0.022085,-0.009336,0.055966,0.149773,0.381413,0.607336,2.612130
1990-10-01,0.000000,Training,-0.368461,-0.111984,-0.088456,-0.081889,-0.024322,-0.011689,0.056215,0.150976,0.386912,0.616027,2.638796
1990-10-02,0.000000,Training,-0.367092,-0.116195,-0.083998,-0.080752,-0.024389,-0.007299,0.057607,0.155664,0.397689,0.625467,2.653660
1990-10-03,0.000000,Training,-0.349448,-0.107588,-0.087513,-0.080589,-0.018367,-0.003936,0.063376,0.168109,0.420769,0.669159,2.772296
1990-10-04,0.000000,Training,-0.343789,-0.106860,-0.077909,-0.076431,-0.016337,0.001675,0.066714,0.174032,0.426070,0.663668,2.729506
1990-10-05,0.000000,Training,-0.358103,-0.113746,-0.085186,-0.080926,-0.025791,-0.005265,0.059682,0.164665,0.416375,0.646037,2.681911
1990-10-06,0.000000,Training,-0.365967,-0.120941,-0.097739,-0.085452,-0.032334,-0.007127,0.056307,0.165485,0.439046,0.689128,2.810888
1990-10-07,0.000000,Training,-0.345386,-0.108198,-0.085310,-0.079411,-0.024950,-0.001754,0.059754,0.169699,0.432333,0.674728,2.744445
1990-10-08,0.000000,Training,-0.317927,-0.089880,-0.058614,-0.067578,-0.007267,0.006740,0.072750,0.177716,0.406810,0.620170,2.552525
1990-10-09,0.000000,Training,-0.321376,-0.091565,-0.060617,-0.069197,-0.010430,0.004503,0.070539,0.175558,0.404464,0.614757,2.538285
1990-10-10,0.000000,Training,-0.323768,-0.093305,-0.062567,-0.070636,-0.012623,0.003249,0.069387,0.174971,0.404937,0.614181,2.535009
1990-10-11,0.000000,Training,-0.326634,-0.095522,-0.065503,-0.072836,-0.015933,0.000896,0.066602,0.172430,0.403768,0.613150,2.533797
1990-10-12,0.000000,Training,-0.331562,-0.119137,-0.110156,-0.103754,-0.032246,-0.019106,0.056355,0.164026,0.409789,0.692829,2.870378
1990-10-13,0.000000,Training,-0.421069,-0.190131,-0.175570,-0.138512,-0.047918,-0.015664,0.064594,0.189980,0.548719,0.982674,4.116050
1990-10-14,0.000000,Training,-0.545764,-0.270786,-0.233081,-0.132180,0.037292,0.134140,0.269502,0.561698,1.470099,2.417252,10.062250
1990-10-15,0.000000,Training,-0.557827,-0.248841,-0.217412,-0.081200,0.102847,0.217926,0.353260,0.716570,1.871026,2.853036,10.708812
1990-10-16,0.000000,Training,-0.596996,-0.292310,-0.211825,-0.024777,0.355935,0.522538,0.806014,1.677438,4.474428,7.119728,26.818659
1990-10-17,0.000000,Training,-0.582672,-0.248246,-0.139838,0.098543,0.418384,0.644563,0.910573,1.673288,4.235315,6.187778,20.507328
1990-10-18,0.000000,Training,-0.627691,-0.279311,-0.128601,0.203726,0.943637,1.224213,1.833167,3.888228,10.990325,17.832121,60.824425
1990-10-19,0.000000,Training,-0.587315,-0.212530,-0.001190,0.407375,1.005310,1.414233,1.971647,3.589704,9.059352,13.089918,39.822506
1990-10-20,0.000000,Training,-0.665317,-0.372069,-0.263893,0.003194,0.452634,0.716705,1.118407,2.374197,6.614701,10.594922,33.981487
1990-10-21,0.000000,Training,-0.675515,-0.328497,-0.088375,0.494183,1.860231,2.413773,3.713498,8.415719,25.229815,41.822639,123.698746
1990-10-22,0.000000,Training,-0.607418,-0.164083,0.085520,0.768320,1.882258,2.490732,3.629245,6.912003,18.128300,27.392216,79.535576
1990-10-23,0.000000,Training,-0.591905,-0.255784,-0.069917,0.294718,0.776223,1.106786,1.582645,2.931205,7.308653,10.872967,32.088047
1990-10-24,0.000000,Training,-0.553314,-0.255010,-0.130872,0.117815,0.407794,0.637713,0.932833,1.703806,4.166614,6.220418,18.214096
1990-10-25,0.000000,Training,-0.491379,-0.228801,-0.141333,0.054656,0.258914,0.432422,0.663683,1.183795,2.712956,3.987115,11.169523
1990-10-26,0.000000,Training,-0.716985,-0.527455,-0.410003,-0.179056,0.195046,0.404937,0.829217,1.895067,5.542633,9.414982,29.094360
1990-10-27,0.000000,Training,-0.661098,-0.409422,-0.247718,0.121270,0.516427,0.836394,1.306700,2.455781,6.248724,9.413599,26.717754
1990-10-28,0.000000,Training,-0.615403,-0.380681,-0.249383,0.035568,0.306805,0.544580,0.864140,1.633840,4.050892,6.153848,17.220379
1990-10-29,0.000000,Training,-0.630782,-0.410405,-0.267131,0.040406,0.314098,0.551234,0.878576,1.643126,3.973185,6.095551,16.456242
1990-10-30,0.000000,Training,-0.637445,-0.420038,-0.266764,0.096771,0.400368,0.652792,1.021961,1.842245,4.224912,6.398416,16.257635
1990-10-31,0.000000,Training,-0.725270,-0.551901,-0.430481,-0.126331,0.198675,0.419314,0.824098,1.750511,4.607659,7.660440,21.368044
1990-11-01,0.000000,Training,-0.633388,-0.414011,-0.283524,0.065975,0.350763,0.614266,0.976754,1.796618,4.103501,6.202107,15.832800
1990-11-02,0.000000,Training,-0.573038,-0.359083,-0.255527,0.022517,0.238963,0.454736,0.728099,1.355443,2.953103,4.347435,11.073498
1990-11-03,0.000000,Training,-0.553517,-0.337406,-0.242048,0.036485,0.243998,0.450730,0.713479,1.319329,2.708182,3.884971,9.694818
1990-11-04,0.000000,Training,-0.513890,-0.299447,-0.226531,0.007297,0.178908,0.356749,0.572852,1.083664,2.149646,3.001350,7.587620
1990-11-05,0.000000,Training,-0.543363,-0.328640,-0.252751,0.001845,0.196635,0.377912,0.613714,1.158581,2.360100,3.375361,8.534074
1990-11-06,0.000000,Training,-0.658253,-0.474891,-0.405663,-0.190877,0.019954,0.209663,0.437610,1.043875,2.760870,4.427260,12.925273
1990-11-07,1.771613,Training,-0.789040,-0.489516,-0.105830,1.120722,4.398440,5.493615,10.101205,23.700642,57.160282,104.031662,220.379959
1990-11-08,8.374896,Training,-0.473236,0.244070,1.104580,4.072170,10.824905,13.262184,20.520247,43.824520,95.257454,147.624710,364.585663
1990-11-09,5.959060,Training,-0.601335,-0.187083,0.327244,1.601375,3.611454,4.874596,7.082130,13.308146,30.498489,44.665024,109.610634
1990-11-10,5.959060,Training,-0.645312,-0.380522,-0.116608,0.383059,0.972628,1.463258,2.109120,3.783376,8.895445,13.199296,32.861877
1990-11-11,5.475893,Training,-0.615964,-0.391563,-0.204468,0.153488,0.502965,0.813039,1.217866,2.159724,4.860062,7.215548,17.569149
1990-11-12,5.153782,Training,-0.583170,-0.371730,-0.223393,0.075906,0.339945,0.586716,0.900212,1.621569,3.541039,5.121939,12.560909
1990-11-13,5.153782,Training,-0.564485,-0.356870,-0.224619,0.061191,0.300035,0.529593,0.815823,1.473056,3.121047,4.438279,10.832731
1990-11-14,5.153782,Training,-0.541696,-0.340632,-0.237500,-0.005855,0.180944,0.374096,0.596693,1.133963,2.410672,3.391644,8.610578
1990-11-15,5.153782,Training,-0.539725,-0.343966,-0.246901,-0.042307,0.116364,0.293118,0.481183,0.962231,2.098281,2.956626,7.739817
1990-11-16,5.475893,Training,-0.531029,-0.337543,-0.247053,-0.055011,0.092642,0.260395,0.432341,0.885885,1.931546,2.713146,7.189134
1990-11-17,5.959060,Training,-0.530783,-0.339128,-0.249838,-0.058350,0.086709,0.252739,0.417447,0.866125,1.883761,2.641491,6.998762
1990-11-18,5.959060,Training,-0.532177,-0.339693,-0.245690,-0.034690,0.124466,0.300218,0.476075,0.953916,2.007156,2.779590,7.159566
1990-11-19,5.959060,Training,-0.493830,-0.299720,-0.226825,-0.051016,0.086179,0.240171,0.391930,0.804140,1.649385,2.257132,5.967260
1990-11-20,5.475893,Training,-0.478588,-0.276803,-0.218648,-0.035004,0.095098,0.247364,0.400986,0.812197,1.569585,2.098629,5.459423
1990-11-21,5.153782,Training,-0.505380,-0.302975,-0.264103,-0.058038,0.089997,0.244886,0.417278,0.858941,1.699416,2.356320,6.243499
1990-11-22,5.153782,Training,-0.515411,-0.309794,-0.244905,-0.046689,0.108461,0.287071,0.444981,0.892992,1.795508,2.442798,6.523380
1990-11-23,5.153782,Training,-0.516505,-0.311512,-0.246706,-0.040988,0.109495,0.286799,0.448966,0.906820,1.830689,2.498398,6.563178
1990-11-24,5.153782,Training,-0.603138,-0.417645,-0.348663,-0.139067,0.035171,0.211238,0.380308,0.885277,2.179092,3.394432,9.613957
1990-11-25,5.153782,Training,-0.562554,-0.354235,-0.279377,-0.059357,0.104083,0.294788,0.460441,0.966430,2.153430,3.105484,8.449210
1990-11-26,5.475893,Training,-0.498027,-0.295983,-0.230638,-0.055725,0.083932,0.251306,0.393679,0.823062,1.728695,2.385195,6.480430
1990-11-27,5.959060,Training,-0.459412,-0.262166,-0.202971,-0.058129,0.071950,0.219070,0.348571,0.730944,1.482738,2.007166,5.535028
1990-11-28,5.475893,Training,-0.452222,-0.253780,-0.201007,-0.055483,0.074354,0.218785,0.352715,0.733225,1.457531,1.952184,5.329825
1990-11-29,5.153782,Training,-0.446789,-0.258388,-0.200440,-0.067579,0.069422,0.217016,0.347384,0.717184,1.413989,1.894397,5.199166
1990-11-30,5.153782,Training,-0.443606,-0.253781,-0.198003,-0.066606,0.065615,0.209693,0.337954,0.702233,1.384641,1.849566,5.074863
1990-12-01,5.153782,Training,-0.446718,-0.248819,-0.196675,-0.054313,0.066895,0.206978,0.336000,0.708179,1.402731,1.866344,5.068429
1990-12-02,5.153782,Training,-0.485615,-0.281246,-0.243756,-0.066414,0.080390,0.226400,0.380583,0.803347,1.652083,2.305863,6.255172
1990-12-03,5.153782,Training,-0.546059,-0.328216,-0.269164,-0.072809,0.095426,0.264694,0.412321,0.895215,2.055119,3.008304,8.449415
1990-12-04,23.675186,Training,-0.805424,-0.603250,-0.457809,-0.104087,0.621348,1.126105,1.794975,4.341722,12.884093,20.313005,56.006218
1990-12-05,15.139235,Training,-0.745399,-0.415404,-0.112285,0.781646,2.310308,3.291964,4.929649,10.025174,25.360781,37.670563,95.993828
1990-12-06,8.052784,Training,-0.724875,-0.386715,-0.082698,0.895627,2.487966,3.522940,5.245869,10.522262,25.100788,37.864857,90.542389
1990-12-07,7.569617,Training,-0.648636,-0.330898,0.014900,0.862905,1.810689,2.680165,3.723433,6.670075,14.568107,21.119349,47.786728
1990-12-08,7.569617,Training,-0.634870,-0.198216,0.149312,1.544452,3.455045,5.020061,7.413619,13.748720,30.238113,42.776005,97.807053
1990-12-09,7.569617,Training,-0.502494,-0.059915,0.391366,1.602204,3.175268,4.641842,6.011257,9.729362,19.311255,27.287632,63.856152
1990-12-10,7.247506,Training,-0.550261,-0.207368,0.121186,0.897420,1.830088,2.663394,3.516534,5.743439,11.325798,16.037411,36.087788
1990-12-11,6.764339,Training,-0.525839,-0.206783,0.097100,0.806468,1.543122,2.212816,2.934440,4.729981,8.762714,12.036706,26.037752
1990-12-12,6.764339,Training,-0.504099,-0.200867,0.072405,0.721331,1.359387,1.934250,2.559349,4.086010,7.288239,9.793324,20.831024
1990-12-13,6.764339,Training,-0.533922,-0.262182,-0.042628,0.500156,0.992907,1.453258,1.955583,3.221666,5.825038,7.799221,16.647757
1990-12-14,6.764339,Training,-0.539213,-0.279663,-0.078073,0.425479,0.868951,1.289882,1.740982,2.899262,5.239170,6.980140,14.955791
1990-12-15,6.281172,Training,-0.545701,-0.292601,-0.101792,0.383996,0.795992,1.192465,1.615492,2.718804,4.930390,6.555481,14.116776
1990-12-16,5.959060,Training,-0.659813,-0.374449,-0.208404,0.425888,1.089138,1.732444,2.570275,4.494323,9.779034,14.229976,34.442059
1990-12-17,5.959060,Training,-0.572659,0.063850,0.451219,2.755185,6.659881,9.463291,14.059199,27.069542,59.197521,77.999596,192.773102
1990-12-18,20.615128,Training,1.195132,3.880761,5.215841,17.166332,34.561283,42.946678,62.724548,105.867317,176.974670,214.727722,447.177765
1990-12-19,68.770779,Training,3.875984,8.555323,10.545510,28.841059,48.636215,60.211422,77.281754,113.592880,174.810944,215.825821,434.766968
1990-12-20,34.949084,Training,1.334242,3.452600,5.146772,12.450020,19.432671,26.268049,31.494265,46.470127,73.373894,89.930687,193.645111
1990-12-21,13.206566,Training,-0.103675,0.653948,1.451698,3.588727,5.914201,8.189141,10.148706,15.330088,27.202824,35.604179,77.821045
1990-12-22,6.764339,Training,-0.248303,0.271136,0.839941,2.108862,3.512959,4.809487,6.019977,8.905462,15.454920,20.487350,44.261822
1990-12-23,4.026392,Training,-0.371658,-0.008668,0.382746,1.186452,2.110030,2.933136,3.692844,5.586960,9.610912,12.909878,27.892166
1990-12-24,2.899002,Training,-0.426927,-0.077883,0.250973,1.012603,1.765965,2.450007,3.167917,4.902830,8.506345,11.232488,23.473122
1990-12-25,2.415835,Training,-0.527099,-0.191902,0.040148,0.768953,1.441214,2.014297,2.769500,4.492214,8.348389,11.504680,25.186964
1990-12-26,2.254780,Training,-0.545645,-0.253344,0.046140,0.746063,1.385384,1.957691,2.650492,4.368869,8.494726,12.189284,26.462534
1990-12-27,2.254780,Training,-0.565346,-0.319153,-0.078509,0.451878,0.909580,1.340122,1.834401,3.139935,6.210571,8.898799,19.352259
1990-12-28,1.932668,Training,-0.572103,-0.338215,-0.089807,0.438509,0.910196,1.322210,1.807600,3.097507,6.212064,9.029537,19.981302
1990-12-29,1.771613,Training,-0.552727,-0.318670,-0.099299,0.393247,0.796330,1.181348,1.606358,2.756536,5.273698,7.386583,15.925412
1990-12-30,1.610557,Training,-0.545547,-0.308253,-0.114191,0.357634,0.721566,1.087202,1.472104,2.536672,4.712644,6.396228,13.754759
1990-12-31,1.288446,Training,-0.552878,-0.324635,-0.140149,0.309450,0.656808,0.992800,1.356986,2.360170,4.440720,6.127027,13.345985
1991-01-01,0.966334,Training,-0.551290,-0.327229,-0.149398,0.278237,0.595102,0.923786,1.251203,2.201329,4.112890,5.586814,12.165244
1991-01-02,0.805278,Training,-0.551117,-0.326098,-0.159635,0.251752,0.557327,0.881004,1.186407,2.096191,3.878670,5.165218,11.347566
1991-01-03,0.805278,Training,-0.549631,-0.321818,-0.142984,0.286730,0.615308,0.958378,1.272017,2.221224,4.075643,5.404145,11.843011
1991-01-04,0.805278,Training,-0.555609,-0.341974,-0.197116,0.159750,0.416364,0.700341,0.950440,1.741139,3.282480,4.379797,9.835007
1991-01-05,0.644223,Training,-0.542489,-0.344841,-0.226932,0.049393,0.265189,0.503974,0.696598,1.331958,2.550583,3.414825,8.026911
1991-01-06,0.483167,Training,-0.520055,-0.330495,-0.234984,-0.014050,0.161850,0.363492,0.514811,1.041390,2.029868,2.715824,6.677932
1991-01-07,0.483167,Training,-0.477365,-0.286976,-0.220904,-0.046487,0.083086,0.229212,0.346386,0.764287,1.535287,2.105612,5.498518
1991-01-08,0.483167,Training,-0.482142,-0.294240,-0.217601,-0.047801,0.083980,0.233853,0.345369,0.764900,1.569069,2.178770,5.721405
1991-01-09,0.322111,Training,-0.477066,-0.295687,-0.209508,-0.051612,0.076980,0.227092,0.329940,0.741427,1.542591,2.150921,5.677033
1991-01-10,0.322111,Training,-0.494032,-0.312670,-0.229019,-0.055634,0.085220,0.237280,0.350953,0.785707,1.656974,2.357465,6.217363
1991-01-11,0.322111,Training,-0.529300,-0.345183,-0.264262,-0.052369,0.113159,0.285289,0.428168,0.933269,1.979559,2.878776,7.467281
1991-01-12,0.322111,Training,-0.541357,-0.346251,-0.247826,-0.015407,0.154869,0.363798,0.511728,1.059948,2.185943,3.017820,7.621531
1991-01-13,0.322111,Training,-0.487448,-0.310878,-0.223425,-0.065403,0.093811,0.269198,0.385219,0.815264,1.628880,2.212637,5.842190
1991-01-14,0.161056,Training,-0.488873,-0.321739,-0.231506,-0.070310,0.100953,0.287621,0.406807,0.844402,1.642022,2.237503,5.971251
1991-01-15,0.161056,Training,-0.482241,-0.313203,-0.226668,-0.066979,0.100024,0.282755,0.401021,0.833516,1.603789,2.170762,5.758705
1991-01-16,0.161056,Training,-0.483766,-0.295364,-0.222257,-0.050611,0.102741,0.267980,0.391388,0.828622,1.610323,2.155015,5.552804
1991-01-17,0.161056,Training,-0.481785,-0.288183,-0.211390,-0.027830,0.109057,0.270077,0.390563,0.840470,1.650941,2.225110,5.653683
1991-01-18,0.161056,Training,-0.482593,-0.290264,-0.211549,-0.026249,0.112958,0.277764,0.399475,0.854903,1.674579,2.247467,5.689562
1991-01-19,0.161056,Training,-0.473622,-0.283173,-0.206159,-0.030205,0.103239,0.262083,0.377032,0.816027,1.597045,2.139080,5.463489
1991-01-20,0.161056,Training,-0.472029,-0.282883,-0.203297,-0.025333,0.106844,0.263891,0.378732,0.820075,1.605567,2.167881,5.497104
1991-01-21,0.161056,Training,-0.472400,-0.282596,-0.205677,-0.028677,0.106488,0.266761,0.383087,0.823212,1.595430,2.122586,5.392105
1991-01-22,0.161056,Training,-0.473575,-0.286902,-0.208689,-0.037237,0.104379,0.267791,0.383191,0.819023,1.581013,2.099101,5.351178
1991-01-23,0.161056,Training,-0.495680,-0.320538,-0.245962,-0.069903,0.111096,0.290078,0.421103,0.870133,1.689605,2.331032,6.072062
1991-01-24,0.161056,Training,-0.512290,-0.318784,-0.227719,-0.029544,0.134552,0.322887,0.449962,0.939263,1.880574,2.564483,6.505447
1991-01-25,0.161056,Training,-0.515515,-0.326857,-0.228376,-0.025428,0.150891,0.346426,0.481313,0.989525,1.965440,2.689180,6.699619
1991-01-26,0.161056,Training,-0.507289,-0.321958,-0.227252,-0.035575,0.134365,0.320889,0.447373,0.934552,1.854477,2.535606,6.388349
1991-01-27,0.161056,Training,-0.493076,-0.308155,-0.219225,-0.039056,0.121311,0.298328,0.417938,0.882132,1.735674,2.353754,5.953597
1991-01-28,0.161056,Training,-0.510733,-0.321891,-0.224999,-0.018118,0.154300,0.346991,0.480331,0.992465,1.949339,2.650372,6.522260
1991-01-29,0.161056,Training,-0.506422,-0.315039,-0.226552,-0.022619,0.145804,0.330170,0.461432,0.959286,1.893669,2.578105,6.408693
1991-01-30,0.161056,Training,-0.450269,-0.271899,-0.195772,-0.062069,0.073591,0.221366,0.312432,0.693228,1.371025,1.850003,4.931895
1991-01-31,0.161056,Training,-0.447816,-0.268710,-0.193314,-0.059112,0.074786,0.221180,0.311715,0.691764,1.367140,1.843049,4.906343
1991-02-01,0.161056,Training,-0.496380,-0.304177,-0.237352,-0.036089,0.137321,0.303825,0.441117,0.921439,1.885712,2.666756,6.886800
1991-02-02,0.161056,Training,-0.561427,-0.374297,-0.269115,-0.074332,0.175594,0.401064,0.541124,1.076169,2.359624,3.471935,9.459057
1991-02-03,0.161056,Training,-0.545068,-0.356255,-0.233276,-0.041122,0.185064,0.409252,0.535891,1.089194,2.364848,3.416455,8.861185
1991-02-04,0.161056,Training,-0.525482,-0.333292,-0.224849,-0.026336,0.164943,0.363220,0.492008,1.020020,2.136110,3.012539,7.614275
1991-02-05,0.161056,Training,-0.518336,-0.325425,-0.220435,-0.012109,0.171675,0.368664,0.502626,1.036811,2.124667,2.969301,7.370387
1991-02-06,0.161056,Training,-0.597826,-0.369959,-0.262533,0.077940,0.395269,0.681409,0.952560,1.839033,4.102043,6.145570,15.181237
1991-02-07,0.161056,Training,-0.645495,-0.407990,-0.248404,0.113795,0.452909,0.816151,1.047175,2.080084,4.864477,7.125166,18.197647
1991-02-08,0.161056,Training,-0.585856,-0.363525,-0.218222,0.085693,0.373534,0.663724,0.865437,1.688589,3.690671,5.363536,13.015627
1991-02-09,0.161056,Training,-0.579948,-0.362925,-0.221237,0.103541,0.364708,0.639824,0.855188,1.660060,3.481181,5.024408,11.908544
1991-02-10,0.161056,Training,-0.575647,-0.355505,-0.211015,0.133529,0.410396,0.696635,0.934583,1.773556,3.625911,5.194152,12.101093
1991-02-11,0.161056,Training,-0.522585,-0.338241,-0.220513,-0.011675,0.199604,0.417226,0.560123,1.120090,2.254369,3.177617,7.837407
1991-02-12,99.371359,Training,-0.533753,0.178941,0.563868,2.850291,6.248953,8.964893,12.340841,22.988586,58.558407,84.492935,228.234467
1991-02-13,103.719863,Training,-0.193879,0.912014,1.717272,5.725177,12.026855,16.214710,21.158432,37.672016,73.911980,94.975311,218.407990
1991-02-14,51.537820,Training,-0.534287,-0.112073,0.332890,1.372831,2.844921,4.189058,5.054634,8.990760,19.363808,27.980925,64.751465
1991-02-15,34.949084,Training,-0.423118,-0.000351,0.530160,1.564419,2.895226,4.123385,5.013821,8.111876,15.382229,21.930120,48.300095
1991-02-16,28.828968,Training,-0.459564,0.024957,0.431346,1.685429,3.393603,4.848861,6.238121,10.408315,21.194885,31.424135,72.314507
1991-02-17,56.530546,Training,1.069252,3.527483,4.965483,15.054346,29.648937,41.783703,53.576748,91.670593,159.202591,219.059555,553.707520
1991-02-18,73.280338,Training,5.076162,9.658248,12.323606,29.190567,48.474968,60.757954,69.729919,98.180557,142.932571,188.236237,388.451996
1991-02-19,42.518702,Training,3.702790,7.372094,9.800667,22.312519,34.265690,43.185261,49.120502,69.076218,98.241562,124.708549,249.393188
1991-02-20,31.889026,Training,4.178392,6.965883,9.606188,18.035440,24.968151,31.311104,35.157890,45.297573,63.083321,77.523865,153.482635
1991-02-21,25.446799,Training,2.501686,4.371247,6.221496,11.208255,15.524477,19.300730,22.413151,28.225000,40.872139,50.050945,103.689835
1991-02-22,23.030963,Training,1.751578,3.181974,4.611351,8.170813,11.313613,13.972123,16.508352,20.590347,30.296124,36.644981,78.172821
1991-02-23,20.131961,Training,1.204248,2.343446,3.509100,6.272052,8.780081,10.845604,12.966253,16.260990,24.120131,29.155106,62.971188
1991-02-24,18.521404,Training,0.815559,1.760934,2.735974,5.019903,7.150635,8.835863,10.676667,13.538511,20.288048,24.748232,53.886864
1991-02-25,17.716126,Training,0.382332,1.244191,1.996734,4.189808,6.252290,7.706429,9.751744,12.777760,20.142885,25.941090,57.165230
1991-02-26,17.071903,Training,0.264506,1.056894,1.839800,3.856284,5.827453,7.358932,9.091011,12.140855,19.391172,25.062134,55.969475
1991-02-27,16.266624,Training,0.133134,0.856166,1.554114,3.402151,5.215413,6.582151,8.230517,11.117421,17.994909,23.600819,52.943966
1991-02-28,16.266624,Training,0.073120,0.994358,1.793571,4.939732,8.073716,10.699415,13.990588,20.281044,34.953892,47.953423,106.585442
1991-03-01,19.970905,Training,0.481986,1.689338,2.890005,6.918653,10.920614,14.769433,17.830170,25.424685,40.943886,53.946381,118.219307
1991-03-02,19.970905,Training,0.430114,1.380193,2.416853,5.113887,7.682799,10.195704,12.274773,16.696806,26.747387,34.433361,76.229050
1991-03-03,17.716126,Training,0.123953,0.827782,1.584931,3.394124,5.179101,6.692360,8.172526,11.142739,18.010525,23.358393,52.676720
1991-03-04,17.071903,Training,-0.164657,0.352756,0.946941,2.289778,3.772695,4.828315,6.041218,8.587335,14.621360,20.426962,47.097679
1991-03-05,51.698876,Training,0.742149,3.375890,5.898657,20.321789,33.919415,49.865913,58.695641,93.477791,155.484894,200.976486,393.155548
1991-03-06,124.334991,Training,6.689767,13.546741,19.045622,49.907375,83.470558,107.150337,128.021011,181.158249,247.831116,300.068634,495.844574
1991-03-07,73.119282,Training,8.352009,14.431700,18.415289,42.325203,67.523834,81.789230,95.937965,127.944389,172.598022,216.757324,366.221924
1991-03-08,30.278469,Training,2.663607,5.946770,8.134899,20.829870,34.685390,43.405960,50.931351,77.311462,112.876602,146.102295,285.544220
1991-03-09,16.105569,Training,0.039555,0.953437,2.122410,5.419473,9.828352,13.023126,15.844761,26.562397,47.302410,66.659538,144.281738
1991-03-10,12.401288,Training,-0.374051,0.109745,0.846560,2.380198,4.518132,6.006015,7.665956,12.841996,24.887882,37.217438,84.995659
1991-03-11,10.629675,Training,-0.331970,0.093911,0.740652,1.994181,3.491684,4.720555,5.937677,9.279818,16.978493,24.367973,53.896866
1991-03-12,11.112842,Training,-0.494404,-0.101792,0.367812,1.568392,2.924081,4.042723,5.518644,9.278358,18.143415,27.557106,60.654247
1991-03-13,10.146508,Training,-0.435319,0.059669,0.566920,2.075682,3.630664,5.057094,6.512992,10.706842,19.846418,28.061466,62.368389
1991-03-14,8.535951,Training,-0.461536,-0.116653,0.369070,1.386480,2.486531,3.459714,4.442483,7.199348,13.438833,19.788963,43.811451
1991-03-15,7.247506,Training,-0.423347,-0.091524,0.393128,1.361728,2.402604,3.280487,4.153749,6.535573,11.831950,17.158401,38.336422
1991-03-16,6.281172,Training,-0.490964,-0.213300,0.138537,0.868053,1.576761,2.175579,2.817200,4.560397,8.239557,11.950926,25.907814
1991-03-17,5.475893,Training,-0.507482,-0.252441,0.032379,0.635784,1.161804,1.650837,2.140026,3.534491,6.268255,8.857018,18.765432
1991-03-18,5.153782,Training,-0.531503,-0.311838,-0.064261,0.419696,0.838560,1.229818,1.609626,2.742172,5.033819,7.231984,15.577319
1991-03-19,4.831671,Training,-0.565525,-0.380872,-0.148463,0.249065,0.593924,0.921421,1.194131,2.160689,4.260356,6.287415,14.186854
1991-03-20,4.187448,Training,-0.575570,-0.401384,-0.182228,0.173334,0.469477,0.767999,0.987209,1.855504,3.750647,5.573295,12.775442
1991-03-21,3.865337,Training,-0.547653,-0.348954,-0.186238,0.157012,0.403939,0.673401,0.899182,1.666546,3.141834,4.467196,10.000070
1991-03-22,4.026392,Training,-0.581909,-0.352350,-0.234620,0.145331,0.426469,0.741065,1.020650,1.835884,3.839562,5.726097,13.681319
1991-03-23,5.153782,Training,-0.659707,-0.419463,-0.271723,0.117412,0.440940,0.822405,1.045688,2.050346,4.641672,6.862627,17.675932
1991-03-24,4.187448,Training,-0.561842,-0.350127,-0.231191,0.029418,0.227161,0.474185,0.605574,1.228872,2.623436,3.809115,9.523611
1991-03-25,3.543225,Training,-0.549774,-0.337474,-0.222174,0.044437,0.224369,0.450813,0.587478,1.199648,2.502317,3.648757,8.934846
1991-03-26,3.060058,Training,-0.495446,-0.290157,-0.204101,0.009677,0.147488,0.324342,0.434064,0.920651,1.866001,2.668189,6.674129
1991-03-27,2.737947,Training,-0.464683,-0.259656,-0.195634,-0.006868,0.117325,0.265062,0.363613,0.789826,1.584878,2.267018,5.828990
1991-03-28,2.737947,Training,-0.466682,-0.274382,-0.193303,-0.029896,0.089083,0.229901,0.301408,0.702021,1.519258,2.297408,6.172359
1991-03-29,2.737947,Training,-0.456289,-0.266992,-0.197722,-0.041064,0.080649,0.209035,0.271395,0.656106,1.441944,2.239379,6.198792
1991-03-30,2.737947,Training,-0.585093,-0.355717,-0.266031,0.009592,0.216802,0.443934,0.530815,1.183687,2.838834,4.541340,12.197894
1991-03-31,2.415835,Training,-0.673594,-0.415530,-0.311048,0.009302,0.322227,0.637045,0.713258,1.705394,4.388994,6.865112,19.316351
1991-04-01,1.932668,Test,-0.598021,-0.342696,-0.240875,0.054851,0.292781,0.552499,0.640988,1.416710,3.322570,5.012773,13.197823
1991-04-02,1.771613,Test,-0.534973,-0.310658,-0.205616,0.038456,0.206668,0.414001,0.499889,1.084119,2.403942,3.620447,9.303487
1991-04-03,1.771613,Test,-0.543372,-0.315183,-0.222969,0.054856,0.242064,0.450142,0.573283,1.198698,2.597945,3.972018,9.933578
1991-04-04,1.771613,Test,-0.520825,-0.297807,-0.198295,0.057854,0.213725,0.419176,0.528868,1.102765,2.332727,3.433629,8.550459
1991-04-05,1.771613,Test,-0.484131,-0.272154,-0.177109,0.046978,0.182495,0.362893,0.461043,0.968064,2.019640,2.991715,7.475572
1991-04-06,1.771613,Test,-0.475947,-0.268168,-0.177011,0.039702,0.167338,0.338744,0.434253,0.919417,1.902727,2.816643,7.060843
1991-04-07,1.771613,Test,-0.472364,-0.276132,-0.178936,0.000382,0.109120,0.261421,0.317418,0.746345,1.667685,2.581326,6.918269
1991-04-08,1.771613,Test,-0.498398,-0.304725,-0.192607,0.007529,0.122974,0.290388,0.350852,0.818161,1.838630,2.864733,7.518175
1991-04-09,1.771613,Test,-0.500886,-0.305128,-0.193997,0.020601,0.139389,0.311896,0.379637,0.861050,1.913589,2.970684,7.669104
1991-04-10,1.771613,Test,-0.437502,-0.238605,-0.165573,-0.026757,0.052739,0.175602,0.208755,0.548892,1.239842,1.890878,5.356391
1991-04-11,1.771613,Test,-0.415928,-0.213158,-0.151239,-0.037410,0.029640,0.135985,0.162932,0.457858,1.039548,1.575884,4.650051
1991-04-12,1.771613,Test,-0.405484,-0.201593,-0.147982,-0.040725,0.023589,0.121802,0.148669,0.426911,0.966642,1.466884,4.402427
1991-04-13,1.771613,Test,-0.390100,-0.184657,-0.141730,-0.011184,0.061716,0.172945,0.227669,0.531140,1.057301,1.493035,4.115742
1991-04-14,1.771613,Test,-0.386602,-0.177224,-0.141322,-0.010963,0.057743,0.166809,0.220924,0.515584,1.024100,1.438317,3.990759
1991-04-15,1.610557,Test,-0.393142,-0.175718,-0.123448,0.065379,0.146465,0.266068,0.321486,0.604696,1.169907,1.796755,4.789298
1991-04-16,2.899002,Test,-0.563866,-0.214059,-0.141940,0.257465,0.533687,0.901859,0.861544,1.699105,3.882584,5.702384,15.925460
1991-04-17,9.985453,Test,-0.542738,-0.105989,-0.025181,0.510228,0.996615,1.474985,1.453790,2.878892,6.427944,9.303977,24.140032
1991-04-18,11.273898,Test,-0.557013,-0.158847,-0.067018,0.391445,0.831019,1.207479,1.236982,2.583653,5.904655,8.804784,23.081169
1991-04-19,6.925395,Test,-0.478020,-0.183455,-0.063214,0.194267,0.382812,0.614332,0.626167,1.284674,2.835983,4.186360,11.233447
1991-04-20,5.153782,Test,-0.454575,-0.191122,-0.112509,0.092241,0.234410,0.397929,0.430317,0.907504,2.000526,3.077539,8.297723
1991-04-21,4.187448,Test,-0.480653,-0.198762,-0.143564,0.137347,0.308311,0.498953,0.548886,1.124733,2.472905,3.885071,9.965596
1991-04-22,3.543225,Test,-0.561809,-0.218765,-0.157435,0.215508,0.493786,0.779386,0.810956,1.734888,4.034946,6.158151,16.234180
1991-04-23,2.899002,Test,-0.564190,-0.193454,-0.121962,0.303137,0.638352,0.971112,1.013273,2.124720,4.895897,7.444388,19.107306
1991-04-24,2.415835,Test,-0.512938,-0.213913,-0.097185,0.219135,0.416116,0.672914,0.729396,1.475848,3.216904,4.714730,11.984271
1991-04-25,1.932668,Test,-0.452032,-0.192971,-0.104971,0.131949,0.257927,0.443216,0.507385,1.014469,2.115236,3.091895,7.833592
1991-04-26,1.771613,Test,-0.439388,-0.198415,-0.123639,0.095449,0.197789,0.359209,0.429304,0.870063,1.791335,2.633011,6.688585
1991-04-27,1.610557,Test,-0.434491,-0.200501,-0.129146,0.081531,0.174739,0.326318,0.395470,0.810116,1.676649,2.485367,6.339572
1991-04-28,1.288446,Test,-0.429830,-0.200727,-0.133409,0.052593,0.126585,0.259531,0.299347,0.662429,1.447699,2.225736,6.008634
1991-04-29,1.127390,Test,-0.448450,-0.208352,-0.140310,0.037737,0.082255,0.205283,0.215561,0.533390,1.226948,1.973523,5.575764
1991-04-30,1.127390,Test,-0.473050,-0.220313,-0.151267,0.040669,0.073173,0.200588,0.203520,0.509122,1.192116,1.943589,5.457582
1991-05-01,1.127390,Test,-0.480060,-0.254321,-0.172493,0.037594,0.104462,0.253031,0.280402,0.665965,1.515820,2.376854,6.350883
1991-05-02,0.966334,Test,-0.446430,-0.221595,-0.160978,0.032377,0.098184,0.235149,0.279206,0.633143,1.372678,2.054497,5.429331
1991-05-03,0.644223,Test,-0.438305,-0.212111,-0.157601,0.028336,0.087979,0.219543,0.259016,0.593011,1.292183,1.935243,5.173641
1991-05-04,0.483167,Test,-0.403505,-0.177758,-0.137151,0.006638,0.050080,0.155460,0.174485,0.443524,0.999185,1.511800,4.355933
1991-05-05,0.322111,Test,-0.379136,-0.154104,-0.121238,-0.004491,0.032173,0.121128,0.133701,0.364303,0.829625,1.257336,3.818356
1991-05-06,0.322111,Test,-0.353097,-0.129487,-0.102301,-0.014129,0.018294,0.090480,0.101414,0.296023,0.674828,1.022543,3.299655
1991-05-07,0.322111,Test,-0.330154,-0.105938,-0.081581,-0.024089,0.003758,0.056678,0.068064,0.225428,0.517983,0.791586,2.792755
1991-05-08,0.322111,Test,-0.337212,-0.117485,-0.092411,-0.016621,0.016451,0.082400,0.098009,0.276538,0.612885,0.920114,3.005590
1991-05-09,0.322111,Test,-0.350231,-0.127924,-0.102768,-0.014214,0.018000,0.090868,0.103938,0.292509,0.659776,0.992076,3.169383
1991-05-10,0.322111,Test,-0.327562,-0.104187,-0.083869,-0.019033,0.009479,0.065475,0.078243,0.234661,0.533740,0.815467,2.801041
1991-05-11,0.161056,Test,-0.322036,-0.088244,-0.068465,-0.028547,-0.010881,0.026336,0.034536,0.153981,0.379919,0.608057,2.395511
1991-05-12,0.161056,Test,-0.318464,-0.081969,-0.052508,-0.041174,-0.020846,-0.001826,0.015747,0.107227,0.262002,0.431918,1.955685
1991-05-13,0.161056,Test,-0.325985,-0.083050,-0.054364,-0.042366,-0.025552,-0.008163,0.008574,0.093990,0.238435,0.401672,1.884287
1991-05-14,0.161056,Test,-0.330777,-0.080601,-0.053201,-0.041688,-0.028815,-0.014008,0.003056,0.080536,0.209941,0.362629,1.781896
1991-05-15,0.161056,Test,-0.327234,-0.075748,-0.048566,-0.040366,-0.028196,-0.016259,0.002321,0.075046,0.193937,0.340412,1.720412
1991-05-16,0.161056,Test,-0.295506,-0.060689,-0.031939,-0.034664,-0.013781,-0.005531,0.017735,0.094711,0.216783,0.369137,1.777134
1991-05-17,0.000000,Test,-0.294961,-0.055322,-0.026056,-0.032840,-0.014360,-0.010724,0.013851,0.081084,0.185341,0.328317,1.675237
1991-05-18,0.000000,Test,-0.321454,-0.065076,-0.038394,-0.036085,-0.025861,-0.020717,0.000845,0.060513,0.155104,0.289422,1.584575
1991-05-19,0.000000,Test,-0.322482,-0.067890,-0.041361,-0.037252,-0.027309,-0.019850,0.000378,0.063846,0.165785,0.303165,1.619064
1991-05-20,0.000000,Test,-0.316195,-0.066803,-0.039899,-0.037005,-0.024534,-0.016177,0.004670,0.072485,0.181676,0.323393,1.669462
1991-05-21,0.000000,Test,-0.318600,-0.065597,-0.038776,-0.036318,-0.025226,-0.018496,0.002751,0.066246,0.167910,0.305725,1.623906
1991-05-22,0.000000,Test,-0.316385,-0.062504,-0.035363,-0.035129,-0.023982,-0.019408,0.002930,0.062937,0.158201,0.293509,1.590938
1991-05-23,0.000000,Test,-0.325299,-0.063939,-0.037489,-0.034997,-0.027296,-0.023780,-0.002189,0.051753,0.137779,0.267713,1.527326
1991-05-24,0.000000,Test,-0.340402,-0.067630,-0.042354,-0.034188,-0.031857,-0.028857,-0.009253,0.036868,0.111156,0.234837,1.447104
1991-05-25,0.000000,Test,-0.331071,-0.063028,-0.036957,-0.033868,-0.028881,-0.027948,-0.006482,0.039673,0.113824,0.238853,1.457996
1991-05-26,0.000000,Test,-0.336837,-0.064947,-0.039576,-0.033474,-0.030309,-0.028762,-0.008152,0.036517,0.109356,0.233760,1.447799
1991-05-27,0.000000,Test,-0.322950,-0.057844,-0.034896,-0.032934,-0.023039,-0.025719,-0.000498,0.046032,0.121654,0.254714,1.502651
1991-05-28,0.000000,Test,-0.299726,-0.047382,-0.019375,-0.028387,-0.014149,-0.017738,0.009000,0.058713,0.138555,0.273142,1.542199
1991-05-29,0.000000,Test,-0.280121,-0.036520,-0.007299,-0.022798,-0.002096,-0.009471,0.021152,0.070625,0.150256,0.288144,1.564523
1991-05-30,0.000000,Test,-0.290773,-0.039620,-0.016560,-0.025161,-0.004789,-0.015037,0.016819,0.062407,0.136669,0.279059,1.553333
1991-05-31,0.000000,Test,-0.300292,-0.043641,-0.020908,-0.026659,-0.008013,-0.017803,0.013111,0.056915,0.129083,0.271360,1.543471
1991-06-01,0.000000,Test,-0.313415,-0.055585,-0.038817,-0.031475,-0.010747,-0.021736,0.009744,0.051479,0.119522,0.282454,1.589071
1991-06-02,0.000000,Test,-0.344929,-0.075702,-0.032108,0.025821,0.048542,0.051456,0.085089,0.119507,0.214945,0.472216,2.088614
1991-06-03,0.000000,Test,-0.467935,-0.155129,-0.118792,-0.031340,0.011226,0.042078,0.067211,0.130805,0.281852,0.562136,2.580601
1991-06-04,0.000000,Test,-0.392900,-0.114848,-0.056855,-0.016367,0.023130,0.050126,0.075368,0.148721,0.308737,0.556725,2.424188
1991-06-05,0.000000,Test,-0.357541,-0.093195,-0.047754,-0.025919,0.000056,0.014696,0.037872,0.099129,0.222040,0.424053,2.013092
1991-06-06,0.000000,Test,-0.357741,-0.081472,-0.051191,-0.028331,-0.012534,-0.007177,0.017580,0.067552,0.161687,0.336461,1.765174
1991-06-07,0.000000,Test,-0.323811,-0.058650,-0.029641,-0.022149,-0.006583,-0.006341,0.021034,0.072697,0.162549,0.323130,1.707679
1991-06-08,0.000000,Test,-0.317249,-0.050954,-0.025467,-0.021323,-0.009620,-0.012104,0.016013,0.064454,0.145143,0.294540,1.626498
1991-06-09,0.000000,Test,-0.343697,-0.059138,-0.037065,-0.023825,-0.023793,-0.025602,-0.001506,0.035985,0.097726,0.230279,1.463467
1991-06-10,0.000000,Test,-0.339344,-0.055949,-0.035246,-0.024427,-0.025241,-0.028184,-0.004060,0.032339,0.091786,0.220915,1.439909
1991-06-11,0.000000,Test,-0.323781,-0.049377,-0.028706,-0.024979,-0.022313,-0.026961,-0.001214,0.038095,0.101742,0.232636,1.469193
1991-06-12,0.000000,Test,-0.347724,-0.057792,-0.038869,-0.024806,-0.030960,-0.033889,-0.012636,0.018266,0.068011,0.189482,1.361558
1991-06-13,0.000000,Test,-0.359752,-0.061804,-0.043786,-0.023146,-0.034071,-0.036030,-0.017798,0.008394,0.049874,0.167955,1.310249
1991-06-14,0.000000,Test,-0.356067,-0.059872,-0.042396,-0.024205,-0.034717,-0.037784,-0.019341,0.005607,0.047225,0.165716,1.311821
1991-06-15,0.000000,Test,-0.347018,-0.058016,-0.039346,-0.027354,-0.033944,-0.038058,-0.017831,0.010204,0.057925,0.178149,1.343011
1991-06-16,0.000000,Test,-0.331228,-0.051206,-0.032652,-0.028100,-0.031435,-0.037286,-0.015203,0.015126,0.067789,0.190239,1.374246
1991-06-17,0.000000,Test,-0.315919,-0.042646,-0.025626,-0.026479,-0.028595,-0.036250,-0.013476,0.016365,0.070303,0.194608,1.389915
1991-06-18,0.000000,Test,-0.318384,-0.043453,-0.026774,-0.026683,-0.030459,-0.037811,-0.016126,0.011745,0.063589,0.185693,1.368116
1991-06-19,0.000000,Test,-0.316126,-0.039229,-0.027199,-0.023894,-0.032360,-0.039027,-0.020365,0.003437,0.054603,0.178662,1.363319
1991-06-20,0.000000,Test,-0.322294,-0.041118,-0.030273,-0.024963,-0.035477,-0.042335,-0.024383,-0.004454,0.043437,0.165772,1.340377
1991-06-21,0.000000,Test,-0.338360,-0.050193,-0.033572,-0.023115,-0.034920,-0.040111,-0.024131,-0.005518,0.033861,0.150425,1.280958
1991-06-22,0.000000,Test,-0.342042,-0.059496,-0.035098,-0.031067,-0.034381,-0.040288,-0.020269,0.005363,0.050763,0.165951,1.306487
1991-06-23,0.000000,Test,-0.352257,-0.063166,-0.039301,-0.029711,-0.036313,-0.041028,-0.023171,-0.000438,0.040172,0.153666,1.278825
1991-06-24,0.000000,Test,-0.360857,-0.065276,-0.042548,-0.027065,-0.037565,-0.041157,-0.025728,-0.006618,0.028319,0.140764,1.252318
1991-06-25,0.000000,Test,-0.371591,-0.070972,-0.047048,-0.025947,-0.037993,-0.040113,-0.026346,-0.007960,0.024201,0.136867,1.243864
1991-06-26,0.000000,Test,-0.375526,-0.073116,-0.049050,-0.025648,-0.037941,-0.039317,-0.026117,-0.007906,0.024837,0.138950,1.253935
1991-06-27,0.000000,Test,-0.361559,-0.068763,-0.044369,-0.030224,-0.036625,-0.039594,-0.022680,0.000328,0.044605,0.161986,1.313446
1991-06-28,0.000000,Test,-0.347543,-0.063197,-0.038144,-0.031767,-0.034325,-0.038991,-0.019236,0.007025,0.056947,0.175650,1.344190
1991-06-29,0.000000,Test,-0.340685,-0.059808,-0.034610,-0.031751,-0.033425,-0.038873,-0.018063,0.009104,0.059780,0.177426,1.344583
1991-06-30,0.000000,Test,-0.339838,-0.059606,-0.034349,-0.031844,-0.033360,-0.038467,-0.017448,0.010583,0.062523,0.179937,1.349549
1991-07-01,0.000000,Validation,-0.339037,-0.059477,-0.034057,-0.032095,-0.033137,-0.038237,-0.016854,0.011775,0.064737,0.182328,1.355463
1991-07-02,0.000000,Validation,-0.340088,-0.059943,-0.034423,-0.032236,-0.033399,-0.038465,-0.017074,0.011329,0.063976,0.181130,1.353027
1991-07-03,0.000000,Validation,-0.310784,-0.048088,-0.021278,-0.031050,-0.023370,-0.031600,-0.005657,0.029686,0.093344,0.219026,1.445064
1991-07-04,0.000000,Validation,-0.305546,-0.045648,-0.018665,-0.030319,-0.021153,-0.029921,-0.003210,0.033128,0.098333,0.225071,1.458476
1991-07-05,0.000000,Validation,-0.299276,-0.042738,-0.015538,-0.029243,-0.018427,-0.027574,-0.000033,0.037578,0.105069,0.233066,1.476134
1991-07-06,0.000000,Validation,-0.308237,-0.046709,-0.019691,-0.030649,-0.022313,-0.030686,-0.003825,0.032070,0.096598,0.221625,1.449650
1991-07-07,0.000000,Validation,-0.333571,-0.057409,-0.031108,-0.032673,-0.031362,-0.037134,-0.013560,0.016767,0.072861,0.190315,1.375582
1991-07-08,0.000000,Validation,-0.361042,-0.068192,-0.042737,-0.030462,-0.037047,-0.039410,-0.021271,0.002715,0.047435,0.159335,1.303256
1991-07-09,0.000000,Validation,-0.366883,-0.071198,-0.045644,-0.030408,-0.037577,-0.039197,-0.021886,0.001771,0.046245,0.159097,1.308023
1991-07-10,0.000000,Validation,-0.370249,-0.073312,-0.047370,-0.030735,-0.037575,-0.038825,-0.021721,0.001984,0.047289,0.161527,1.318896
1991-07-11,0.000000,Validation,-0.372047,-0.074464,-0.048125,-0.030820,-0.037436,-0.038275,-0.021194,0.002863,0.048951,0.163695,1.325808
1991-07-12,0.000000,Validation,-0.380279,-0.077874,-0.051050,-0.028787,-0.037425,-0.037011,-0.021439,0.001151,0.043775,0.158153,1.313884
1991-07-13,0.000000,Validation,-0.392646,-0.083199,-0.055230,-0.024823,-0.036520,-0.034113,-0.020889,-0.000501,0.036741,0.151775,1.302775
1991-07-14,0.000000,Validation,-0.410705,-0.091645,-0.061043,-0.017587,-0.033228,-0.027486,-0.017330,0.000418,0.031439,0.150252,1.310523
1991-07-15,0.000000,Validation,-0.405274,-0.092395,-0.062363,-0.026908,-0.035677,-0.031037,-0.018053,0.003318,0.047581,0.170112,1.369541
1991-07-16,0.000000,Validation,-0.389266,-0.086046,-0.056288,-0.032308,-0.036054,-0.034045,-0.017152,0.007737,0.060564,0.183046,1.396856
1991-07-17,0.000000,Validation,-0.399925,-0.087694,-0.057304,-0.024297,-0.035064,-0.031637,-0.018155,0.002018,0.040098,0.156458,1.322263
1991-07-18,0.000000,Validation,-0.411051,-0.091985,-0.063680,-0.023433,-0.034350,-0.030357,-0.017219,0.001426,0.039497,0.158701,1.335552
1991-07-19,0.000000,Validation,-0.375765,-0.081255,-0.050749,-0.036370,-0.034190,-0.034069,-0.013088,0.016396,0.080178,0.205763,1.457148
1991-07-20,0.000000,Validation,-0.338432,-0.064594,-0.033334,-0.036395,-0.026400,-0.031352,-0.003988,0.032453,0.104400,0.233653,1.508935
1991-07-21,0.000000,Validation,-0.325958,-0.057288,-0.026421,-0.035176,-0.025367,-0.031998,-0.003456,0.033220,0.102468,0.226728,1.478049
1991-07-22,0.000000,Validation,-0.342384,-0.063750,-0.033254,-0.035690,-0.030642,-0.035020,-0.008908,0.023962,0.087795,0.205721,1.427317
1991-07-23,0.000000,Validation,-0.359072,-0.070448,-0.040052,-0.034672,-0.033819,-0.036015,-0.012833,0.016261,0.074547,0.188762,1.390188
1991-07-24,0.000000,Validation,-0.358001,-0.070418,-0.039947,-0.035245,-0.033357,-0.035534,-0.011752,0.018367,0.079424,0.195155,1.409965
1991-07-25,0.000000,Validation,-0.350246,-0.067986,-0.037175,-0.036225,-0.031390,-0.034119,-0.008464,0.024843,0.091841,0.210923,1.450100
1991-07-26,0.000000,Validation,-0.355702,-0.070529,-0.039296,-0.036012,-0.032120,-0.033703,-0.008757,0.024208,0.090726,0.208604,1.444429
1991-07-27,0.000000,Validation,-0.355061,-0.070408,-0.038794,-0.036235,-0.031701,-0.033288,-0.007796,0.025707,0.093336,0.211322,1.451384
1991-07-28,0.000000,Validation,-0.344489,-0.066370,-0.034264,-0.036836,-0.028972,-0.031922,-0.004051,0.032336,0.104688,0.225822,1.486428
1991-07-29,0.000000,Validation,-0.323947,-0.057352,-0.026403,-0.036070,-0.021528,-0.027673,0.004351,0.045688,0.125460,0.254991,1.556273
1991-07-30,0.000000,Validation,-0.312430,-0.052625,-0.019643,-0.033961,-0.017042,-0.023372,0.009448,0.053626,0.136712,0.268069,1.583327
1991-07-31,0.000000,Validation,-0.322456,-0.057323,-0.023738,-0.035365,-0.020574,-0.025714,0.006684,0.049185,0.130160,0.257918,1.558905
1991-08-01,0.000000,Validation,-0.359894,-0.073489,-0.039315,-0.036726,-0.030328,-0.030830,-0.003666,0.030943,0.101694,0.218848,1.470844
1991-08-02,0.000000,Validation,-0.373893,-0.079625,-0.044381,-0.035347,-0.031216,-0.030333,-0.004956,0.026633,0.092624,0.208253,1.451531
1991-08-03,0.000000,Validation,-0.376225,-0.081290,-0.045518,-0.036085,-0.030973,-0.030030,-0.004254,0.027563,0.095238,0.212472,1.468219
1991-08-04,0.000000,Validation,-0.382103,-0.084445,-0.047649,-0.035578,-0.030476,-0.028680,-0.003177,0.028147,0.095840,0.214169,1.477464
1991-08-05,0.000000,Validation,-0.381777,-0.083980,-0.047227,-0.035566,-0.030035,-0.028349,-0.002392,0.028546,0.097206,0.216464,1.487661
1991-08-06,0.000000,Validation,-0.373982,-0.081782,-0.043955,-0.038365,-0.029110,-0.028788,-0.000235,0.033596,0.107216,0.227238,1.510390
1991-08-07,0.000000,Validation,-0.363699,-0.077079,-0.039276,-0.039244,-0.027676,-0.028859,0.001788,0.037344,0.113940,0.234896,1.526052
1991-08-08,0.000000,Validation,-0.358232,-0.074533,-0.036547,-0.039350,-0.026591,-0.028343,0.003500,0.040188,0.118541,0.239768,1.535303
1991-08-09,0.000000,Validation,-0.369936,-0.079932,-0.040775,-0.038604,-0.027461,-0.027447,0.003137,0.037982,0.114197,0.233542,1.523551
1991-08-10,0.000000,Validation,-0.354501,-0.073468,-0.034920,-0.039928,-0.024899,-0.026663,0.006972,0.045992,0.129370,0.253057,1.569375
1991-08-11,0.000000,Validation,-0.356725,-0.074766,-0.035482,-0.040160,-0.024696,-0.026163,0.007794,0.046665,0.130632,0.254340,1.574038
1991-08-12,0.000000,Validation,-0.359787,-0.076105,-0.036217,-0.040236,-0.024839,-0.025936,0.008144,0.046359,0.129999,0.252705,1.571131
1991-08-13,0.000000,Validation,-0.365039,-0.078824,-0.038138,-0.040440,-0.024928,-0.025370,0.008747,0.046421,0.130500,0.253260,1.576554
1991-08-14,0.000000,Validation,-0.341236,-0.068121,-0.028891,-0.040423,-0.019453,-0.023291,0.015051,0.057986,0.149488,0.280110,1.638188
1991-08-15,0.000000,Validation,-0.343997,-0.069642,-0.029138,-0.040577,-0.019809,-0.022985,0.015272,0.057662,0.149020,0.278394,1.634528
1991-08-16,0.000000,Validation,-0.367122,-0.079941,-0.037813,-0.040892,-0.023574,-0.024102,0.011712,0.048580,0.134586,0.258449,1.596052
1991-08-17,0.000000,Validation,-0.363839,-0.079091,-0.036864,-0.041961,-0.022810,-0.023803,0.013333,0.051810,0.141657,0.267879,1.621975
1991-08-18,0.000000,Validation,-0.337101,-0.067003,-0.026253,-0.040676,-0.016243,-0.020415,0.020497,0.065025,0.162864,0.298666,1.692778
1991-08-19,0.000000,Validation,-0.349491,-0.073234,-0.031687,-0.042158,-0.019134,-0.020913,0.019130,0.062675,0.161426,0.294397,1.685916
1991-08-20,0.000000,Validation,-0.376191,-0.086025,-0.041872,-0.042354,-0.021701,-0.020405,0.017729,0.056355,0.151233,0.280150,1.664175
1991-08-21,0.000000,Validation,-0.355013,-0.076413,-0.034388,-0.043589,-0.019391,-0.020464,0.020537,0.064245,0.166762,0.301611,1.713419
1991-08-22,0.000000,Validation,-0.338609,-0.069189,-0.027634,-0.042389,-0.014573,-0.017708,0.025725,0.073089,0.180038,0.321500,1.758786
1991-08-23,0.000000,Validation,-0.341802,-0.070703,-0.028890,-0.043211,-0.015563,-0.018100,0.025597,0.072543,0.179910,0.319787,1.754573
1991-08-24,0.000000,Validation,-0.338269,-0.069203,-0.027464,-0.043197,-0.014229,-0.017215,0.027531,0.075398,0.184773,0.326642,1.772163
1991-08-25,0.000000,Validation,-0.340662,-0.070652,-0.028746,-0.044112,-0.014694,-0.017410,0.027796,0.075591,0.186433,0.328734,1.781132
1991-08-26,0.000000,Validation,-0.339067,-0.070023,-0.029269,-0.044844,-0.013784,-0.017091,0.029370,0.078065,0.191747,0.337245,1.806102
1991-08-27,0.000000,Validation,-0.329324,-0.065947,-0.025066,-0.043653,-0.010373,-0.014324,0.033135,0.084434,0.201645,0.351597,1.840478
1991-08-28,0.000000,Validation,-0.331649,-0.067518,-0.026203,-0.044580,-0.011046,-0.014591,0.033253,0.084487,0.203103,0.353228,1.847715
1991-08-29,0.000000,Validation,-0.334027,-0.069226,-0.027940,-0.045766,-0.011718,-0.014805,0.033539,0.085159,0.206194,0.357302,1.861827
1991-08-30,0.000000,Validation,-0.336559,-0.070962,-0.029775,-0.047024,-0.012532,-0.015174,0.033618,0.085583,0.208842,0.360703,1.874428
1991-08-31,0.000000,Validation,-0.345380,-0.075777,-0.034242,-0.049242,-0.015157,-0.016576,0.032202,0.083379,0.208308,0.358857,1.876791
1991-09-01,0.000000,Validation,-0.361986,-0.084164,-0.041555,-0.051851,-0.018696,-0.018297,0.029837,0.078093,0.203431,0.350871,1.870405
1991-09-02,0.000000,Validation,-0.357414,-0.082692,-0.040749,-0.052564,-0.018066,-0.018011,0.031081,0.081388,0.210309,0.360990,1.897127
1991-09-03,0.000000,Validation,-0.345408,-0.077472,-0.037635,-0.052265,-0.015066,-0.016470,0.034421,0.088371,0.222159,0.380014,1.943273
1991-09-04,0.000000,Validation,-0.350075,-0.079595,-0.044940,-0.055788,-0.015799,-0.018698,0.034619,0.089123,0.227356,0.392172,1.986536
1991-09-05,0.000000,Validation,-0.353888,-0.082582,-0.044061,-0.055705,-0.016454,-0.017297,0.035021,0.089548,0.229640,0.392158,1.988744
1991-09-06,0.000000,Validation,-0.365325,-0.088917,-0.051828,-0.058990,-0.018727,-0.018653,0.034658,0.088983,0.233885,0.398721,2.018100
1991-09-07,0.000000,Validation,-0.370810,-0.093911,-0.051725,-0.059028,-0.019641,-0.016534,0.035191,0.090210,0.238250,0.400916,2.027590
1991-09-08,0.000000,Validation,-0.360646,-0.089449,-0.048654,-0.059053,-0.018419,-0.016584,0.036446,0.093754,0.243841,0.409880,2.045963
1991-09-09,0.000000,Validation,-0.351941,-0.085871,-0.046010,-0.058824,-0.016993,-0.016006,0.037836,0.097304,0.249660,0.419199,2.066933
1991-09-10,0.000000,Validation,-0.350964,-0.085653,-0.046527,-0.059306,-0.017106,-0.015751,0.038642,0.099316,0.253951,0.424029,2.078563
1991-09-11,0.000000,Validation,-0.349141,-0.085058,-0.047367,-0.060058,-0.016918,-0.015777,0.039469,0.101434,0.258683,0.430887,2.097236
1991-09-12,0.000000,Validation,-0.352684,-0.086733,-0.053212,-0.062795,-0.017788,-0.017454,0.039531,0.102394,0.263873,0.441146,2.133321
1991-09-13,0.000000,Validation,-0.358314,-0.090907,-0.052870,-0.062773,-0.019646,-0.016359,0.038872,0.101564,0.264416,0.437042,2.123531
1991-09-14,0.000000,Validation,-0.362192,-0.093710,-0.055237,-0.064189,-0.020643,-0.016763,0.038935,0.101910,0.266917,0.438984,2.131549
1991-09-15,0.000000,Validation,-0.370083,-0.098501,-0.059675,-0.066072,-0.022260,-0.017102,0.038702,0.101754,0.270385,0.442231,2.148286
1991-09-16,0.000000,Validation,-0.378633,-0.103078,-0.063722,-0.067075,-0.022702,-0.016422,0.039831,0.102513,0.274188,0.445821,2.167110
1991-09-17,0.000000,Validation,-0.381176,-0.104884,-0.065576,-0.067720,-0.022747,-0.015866,0.040865,0.104371,0.279182,0.452145,2.188282
1991-09-18,0.000000,Validation,-0.382627,-0.106313,-0.067178,-0.068380,-0.022749,-0.015186,0.042046,0.106909,0.285450,0.460235,2.212382
1991-09-19,0.000000,Validation,-0.390870,-0.111315,-0.070867,-0.068837,-0.021705,-0.013247,0.045082,0.110094,0.292664,0.469571,2.247955
1991-09-20,0.000000,Validation,-0.361318,-0.096729,-0.065086,-0.069785,-0.021325,-0.016537,0.043223,0.114994,0.300417,0.488566,2.275915
1991-09-21,0.000000,Validation,-0.386731,-0.122570,-0.109603,-0.098619,-0.042649,-0.041529,0.025996,0.092931,0.282101,0.510714,2.427201
1991-09-22,0.000000,Validation,-0.376146,-0.109912,-0.072514,-0.070621,-0.017812,-0.006707,0.051865,0.129028,0.341820,0.559183,2.513268
1991-09-23,0.000000,Validation,-0.377636,-0.112797,-0.071510,-0.071087,-0.016576,-0.005204,0.056674,0.134924,0.348102,0.560659,2.496649
1991-09-24,0.000000,Validation,-0.392413,-0.121736,-0.093679,-0.083235,-0.025768,-0.017173,0.047042,0.125992,0.347247,0.573666,2.573000
1991-09-25,0.000000,Validation,-0.359779,-0.105396,-0.067157,-0.070923,-0.014419,-0.004743,0.057539,0.143050,0.357483,0.572518,2.509877
1991-09-26,0.000000,Validation,-0.335293,-0.092798,-0.056220,-0.065045,-0.006325,0.001859,0.064926,0.155012,0.369331,0.586041,2.515943
1991-09-27,0.000000,Validation,-0.328224,-0.090455,-0.055273,-0.064013,-0.004253,0.004538,0.067789,0.161058,0.379679,0.598620,2.540110
1991-09-28,0.000000,Validation,-0.364468,-0.146676,-0.115211,-0.079577,0.022165,0.038446,0.128890,0.238892,0.565151,1.024943,4.148063
1991-09-29,0.000000,Validation,-0.454678,-0.187095,-0.134339,-0.067367,0.055755,0.105945,0.188024,0.354796,0.879111,1.392292,5.444603
1991-09-30,0.000000,Validation,-0.402972,-0.152199,-0.089539,-0.052048,0.050947,0.098050,0.177328,0.333403,0.772677,1.211226,4.530402
1991-10-01,0.000000,Test,-0.398910,-0.153018,-0.096558,-0.072843,0.010510,0.048945,0.122740,0.258824,0.622670,0.975155,3.756610
1991-10-02,0.000000,Test,-0.387997,-0.137129,-0.091836,-0.074142,-0.004137,0.027459,0.101162,0.225602,0.540637,0.835263,3.266439
1991-10-03,0.000000,Test,-0.366298,-0.121507,-0.083883,-0.072298,-0.006321,0.020463,0.094184,0.217305,0.508381,0.775985,3.046477
1991-10-04,0.000000,Test,-0.361710,-0.116833,-0.082900,-0.073391,-0.011685,0.013559,0.086846,0.207020,0.483429,0.732494,2.905993
1991-10-05,0.000000,Test,-0.363321,-0.116604,-0.084502,-0.075449,-0.016890,0.008173,0.080966,0.198436,0.466903,0.704150,2.819901
1991-10-06,0.000000,Test,-0.362673,-0.116533,-0.085812,-0.077464,-0.020487,0.004610,0.076642,0.193089,0.457417,0.688405,2.770493
1991-10-07,0.000000,Test,-0.351770,-0.112949,-0.084138,-0.077609,-0.019372,0.005474,0.076640,0.195930,0.461378,0.695220,2.778712
1991-10-08,0.000000,Test,-0.332356,-0.106031,-0.083120,-0.072574,-0.007899,0.018302,0.089537,0.217860,0.500021,0.752589,2.908253
1991-10-09,0.000000,Test,-0.399715,-0.190634,-0.175242,-0.089999,0.033056,0.092608,0.196620,0.400198,0.962652,1.644304,5.806652
1991-10-10,0.000000,Test,-0.522225,-0.110682,-0.076387,0.290827,0.811158,1.104106,1.472075,2.720916,6.756282,9.830496,34.617378
1991-10-11,0.000000,Test,-0.557625,-0.110546,-0.006217,0.415866,0.977631,1.350270,1.783435,3.242405,8.120811,11.758111,38.311169
1991-10-12,0.000000,Test,-0.564891,-0.184199,-0.072697,0.286882,0.933178,1.249447,1.684917,3.483287,9.449301,14.977482,49.268547
1991-10-13,0.000000,Test,-0.446579,-0.031398,0.111145,0.445952,0.856422,1.163228,1.490174,2.560525,5.915527,8.381143,24.799330
1991-10-14,0.000000,Test,-0.455950,-0.131326,-0.028168,0.174468,0.416012,0.613435,0.821919,1.434827,3.317661,4.824100,14.286300
1991-10-15,0.000000,Test,-0.418789,-0.139405,-0.053557,0.095455,0.277103,0.427316,0.603649,1.039993,2.291973,3.336827,9.609861
1991-10-16,0.000000,Test,-0.419130,-0.164992,-0.099937,0.032228,0.180797,0.306336,0.472998,0.837556,1.844249,2.684825,7.780464
1991-10-17,0.000000,Test,-0.421324,-0.182391,-0.129786,-0.010299,0.117901,0.231574,0.381660,0.709082,1.553549,2.242589,6.583674
1991-10-18,0.000000,Test,-0.419749,-0.187857,-0.141675,-0.036819,0.075401,0.177756,0.312503,0.608001,1.340230,1.927233,5.799147
1991-10-19,0.000000,Test,-0.418432,-0.194010,-0.152397,-0.050615,0.056081,0.154207,0.280696,0.565933,1.244298,1.783209,5.397995
1991-10-20,0.000000,Test,-0.414216,-0.197028,-0.158427,-0.051153,0.056593,0.155868,0.281881,0.570611,1.215705,1.727595,5.133142
1991-10-21,0.000000,Test,-0.411867,-0.198279,-0.162182,-0.047397,0.059348,0.160691,0.288568,0.582732,1.191277,1.675511,4.863215
1991-10-22,0.000000,Test,-0.425767,-0.210978,-0.179360,-0.052784,0.057025,0.159777,0.290075,0.594407,1.209643,1.703562,4.908550
1991-10-23,0.000000,Test,-0.462285,-0.248309,-0.221143,-0.077672,0.044585,0.150528,0.284883,0.609918,1.305080,1.904418,5.556070
1991-10-24,0.000000,Test,-0.580800,-0.375967,-0.342818,-0.183136,-0.028120,0.107460,0.245346,0.650139,1.783712,2.886035,9.279099
1991-10-25,0.000000,Test,-0.788575,-0.490876,-0.207189,0.770045,3.109131,3.952834,7.173212,16.023853,40.881863,74.140945,161.744125
1991-10-26,0.000000,Test,-0.292957,0.623668,1.763440,5.633366,12.963987,16.760992,24.440235,46.844147,96.267639,138.399185,321.745544
1991-10-27,0.000000,Test,-0.577985,-0.110186,0.426132,1.973713,4.227270,5.776980,8.249536,15.037143,32.819382,47.984871,112.936707
1991-10-28,0.000000,Test,-0.640684,-0.371493,-0.100851,0.410501,1.004779,1.491871,2.126768,3.779274,8.837920,13.291909,33.008507
1991-10-29,0.000000,Test,-0.598315,-0.377229,-0.221055,0.049054,0.313023,0.557283,0.851933,1.575655,3.708306,5.549512,14.402729
1991-10-30,0.000000,Test,-0.556677,-0.342343,-0.218802,0.009523,0.219086,0.421166,0.666619,1.245100,2.819726,4.116700,10.741043
1991-10-31,0.000000,Test,-0.512629,-0.303626,-0.213978,-0.031105,0.134423,0.300158,0.494858,0.958233,2.106380,3.007210,8.060488
1991-11-01,0.000000,Test,-0.491295,-0.284635,-0.210393,-0.030406,0.124558,0.280685,0.467952,0.905376,1.892023,2.659477,7.038972
1991-11-02,0.000000,Test,-0.487632,-0.285663,-0.215023,-0.051173,0.090095,0.235977,0.402077,0.807104,1.709534,2.391065,6.493013
1991-11-03,0.000000,Test,-0.491575,-0.293074,-0.222538,-0.075107,0.052231,0.189132,0.334965,0.711867,1.559834,2.188244,6.133485
1991-11-04,0.000000,Test,-0.493674,-0.296951,-0.228090,-0.083076,0.041354,0.175052,0.314275,0.683773,1.507172,2.117874,5.975173
1991-11-05,0.000000,Test,-0.473232,-0.273359,-0.214669,-0.050207,0.079019,0.217630,0.370734,0.759400,1.516248,2.082397,5.575347
1991-11-06,0.000000,Test,-0.479724,-0.280869,-0.219265,-0.053007,0.076548,0.217355,0.367044,0.757619,1.520785,2.087960,5.582177
1991-11-07,0.000000,Test,-0.488836,-0.291860,-0.224496,-0.054213,0.078831,0.224137,0.373259,0.771830,1.563780,2.151904,5.729559
1991-11-08,0.000000,Test,-0.495365,-0.299229,-0.229482,-0.055215,0.078581,0.226543,0.374481,0.779019,1.584791,2.185516,5.797537
1991-11-09,0.000000,Test,-0.503342,-0.307434,-0.235764,-0.054773,0.079804,0.231663,0.379610,0.793421,1.623253,2.247616,5.926832
1991-11-10,0.000000,Test,-0.508024,-0.312436,-0.239381,-0.055544,0.078767,0.232842,0.378905,0.796351,1.642193,2.282872,6.009198
1991-11-11,0.000000,Test,-0.488491,-0.294543,-0.228836,-0.069809,0.052285,0.192484,0.322351,0.700318,1.455878,2.019190,5.467494
1991-11-12,0.000000,Test,-0.459617,-0.267504,-0.209703,-0.080367,0.029250,0.151732,0.266102,0.598775,1.245424,1.718043,4.823492
1991-11-13,0.000000,Test,-0.435459,-0.244355,-0.207892,-0.104435,0.005799,0.103748,0.207021,0.494300,1.054083,1.507625,4.532067
1991-11-14,0.000000,Test,-0.448534,-0.256415,-0.193240,-0.094811,0.013747,0.127751,0.219284,0.515620,1.135245,1.608639,4.844584
1991-11-15,0.000000,Test,-0.445143,-0.252310,-0.194144,-0.118370,-0.018078,0.081015,0.161988,0.430083,1.025374,1.473797,4.701233
1991-11-16,0.000000,Test,-0.443530,-0.256174,-0.190447,-0.105944,-0.001073,0.107328,0.193268,0.479350,1.103394,1.574486,4.844702
1991-11-17,0.000000,Test,-0.431783,-0.244297,-0.183764,-0.091182,0.013942,0.123135,0.218416,0.513297,1.109899,1.551961,4.600395
1991-11-18,0.000000,Test,-0.433144,-0.245799,-0.186339,-0.088325,0.016504,0.128475,0.226576,0.529091,1.126827,1.559875,4.566306
1991-11-19,0.000000,Test,-0.433195,-0.243876,-0.188220,-0.078337,0.027632,0.143206,0.249041,0.564004,1.156543,1.579922,4.510844
1991-11-20,0.000000,Test,-0.426637,-0.233317,-0.186875,-0.068144,0.034737,0.153339,0.263274,0.584512,1.147619,1.518176,4.300975
1991-11-21,0.000000,Test,-0.421011,-0.231697,-0.185884,-0.075816,0.031081,0.150926,0.258492,0.570157,1.116917,1.470945,4.217914
1991-11-22,0.000000,Test,-0.436093,-0.249331,-0.198793,-0.081370,0.034323,0.163647,0.274908,0.602955,1.188265,1.570715,4.452977
1991-11-23,0.000000,Test,-0.462261,-0.274615,-0.216824,-0.080040,0.046236,0.189547,0.310281,0.674518,1.333312,1.759725,4.859103
1991-11-24,0.000000,Test,-0.463159,-0.268640,-0.211254,-0.067866,0.046482,0.181315,0.300060,0.665465,1.340988,1.804239,4.938739
1991-11-25,0.000000,Test,-0.474609,-0.284645,-0.225374,-0.098517,0.020324,0.144687,0.251639,0.596074,1.313157,1.855263,5.328116
1991-11-26,0.000000,Test,-0.484210,-0.295520,-0.228679,-0.109815,0.006010,0.131370,0.227550,0.566401,1.311269,1.874096,5.520072
1991-11-27,0.000000,Test,-0.491528,-0.298245,-0.238452,-0.085741,0.044444,0.181181,0.304819,0.686258,1.473189,2.088648,5.801877
1991-11-28,0.000000,Test,-0.513324,-0.318662,-0.250355,-0.081491,0.055334,0.206379,0.335234,0.746762,1.632753,2.334174,6.444495
1991-11-29,0.000000,Test,-0.589813,-0.392771,-0.334108,-0.111853,0.077063,0.272608,0.456842,1.022007,2.369185,3.510838,9.632473
1991-11-30,0.000000,Test,-0.824684,-0.630238,-0.499231,-0.128679,0.489089,1.006147,1.595368,3.778080,10.929053,16.856100,47.918331
1991-12-01,0.000000,Test,-0.741048,-0.486546,-0.284144,0.261560,0.886083,1.512693,2.185063,4.300805,10.586957,15.214597,38.724026
1991-12-02,0.000000,Test,-0.679870,-0.437618,-0.296576,0.101770,0.474943,0.844635,1.235201,2.412209,5.637790,8.237704,20.466585
1991-12-03,0.000000,Test,-0.607201,-0.379949,-0.247972,0.090066,0.365920,0.663028,0.967445,1.827550,3.931558,5.595654,13.474009
1991-12-04,0.000000,Test,-0.642042,-0.407902,-0.291661,0.092728,0.429730,0.738351,1.126696,2.143847,4.672602,6.883767,16.562922
1991-12-05,0.000000,Test,-0.787663,-0.538825,-0.320296,0.362769,1.452128,2.283831,3.604743,7.472032,18.835243,28.942493,72.642548
1991-12-06,0.000000,Test,-0.717290,-0.443157,-0.109255,0.698263,1.744542,2.621473,3.823535,7.199431,16.889772,25.283590,62.538387
1991-12-07,0.000000,Test,-0.717189,-0.438481,-0.166322,0.592580,1.536140,2.241485,3.343258,6.181127,14.164988,21.753714,52.484989
1991-12-08,0.000000,Test,-0.610417,-0.093937,0.318159,2.287092,5.222835,7.438926,11.350366,21.450788,45.460434,62.909031,145.819550
1991-12-09,0.000000,Test,-0.482870,0.102518,0.662935,2.672435,4.994411,7.274224,9.922136,16.779541,32.701126,43.606487,97.769112
1991-12-10,0.000000,Test,-0.506556,-0.089329,0.354172,1.559811,2.778010,3.959577,5.323612,8.631378,16.502024,22.823717,49.704861
1991-12-11,0.000000,Test,-0.504042,-0.167708,0.192071,1.067496,1.896350,2.641150,3.544695,5.628513,10.347193,14.408058,30.631704
1991-12-12,0.000000,Test,-0.503907,-0.206950,0.070791,0.762228,1.370503,1.913591,2.568019,4.103601,7.293052,9.889967,20.622784
1991-12-13,0.000000,Test,-0.590080,-0.280395,-0.061682,0.694931,1.395806,2.003282,2.895101,4.839921,9.337321,13.396263,30.116039
1991-12-14,471.571054,Test,-0.247623,0.844884,1.738467,6.973399,16.778145,21.832624,37.314037,71.818214,138.056046,182.211349,428.353668
1991-12-15,89.063795,Test,1.777607,4.737869,6.882998,19.027645,34.652981,43.853905,59.496132,93.135979,155.762451,201.211548,435.764618
1991-12-16,15.461346,Test,1.950617,4.687531,6.475201,17.614779,29.596479,37.580944,49.844524,74.863808,120.493576,153.255402,315.359894
1991-12-17,11.112842,Test,2.369975,5.495876,7.473958,20.382935,34.106689,43.170284,56.740276,85.731438,136.772827,174.405823,361.298920
1991-12-18,8.052784,Test,0.712044,2.249176,3.589370,8.791916,13.576223,18.685524,22.866714,33.827576,55.028145,67.936577,147.505356
1991-12-19,4.831671,Test,-0.215075,0.407958,1.078203,2.873590,4.684726,6.410191,8.193314,12.329343,21.609146,28.512894,60.942890
1991-12-20,3.382169,Test,-0.272541,0.209878,0.729579,1.997207,3.236151,4.321346,5.547598,8.164608,13.834290,18.301119,38.274746
1991-12-21,2.415835,Test,-0.364450,0.022859,0.392621,1.318783,2.169330,2.919571,3.761121,5.654487,9.407329,12.217894,24.992586
1991-12-22,1.771613,Test,-0.380700,-0.028125,0.316167,1.159754,1.920601,2.579437,3.329954,5.023177,8.346321,10.876711,22.086246
1991-12-23,1.610557,Test,-0.459691,-0.174032,0.107040,0.762585,1.347270,1.852431,2.434664,3.807325,6.583465,8.761739,17.913830
1991-12-24,1.288446,Test,-0.512592,-0.265449,-0.039875,0.488772,0.934192,1.336239,1.788908,2.925926,5.224483,7.018415,14.616171
1991-12-25,1.127390,Test,-0.500287,-0.235691,-0.011476,0.556374,1.011074,1.437726,1.897509,3.083814,5.342124,6.987972,14.508453
1991-12-26,0.966334,Test,-0.524098,-0.276676,-0.090076,0.395263,0.769128,1.136541,1.518248,2.544194,4.481250,5.845831,12.405624
1991-12-27,0.805278,Test,-0.540135,-0.310831,-0.155042,0.249252,0.566168,0.883636,1.193581,2.068848,3.701488,4.825150,10.545724
1991-12-28,0.805278,Test,-0.541465,-0.319341,-0.163991,0.218662,0.533891,0.845406,1.135199,1.974616,3.539507,4.630839,10.241419
1991-12-29,0.644223,Test,-0.549345,-0.327617,-0.175604,0.204786,0.501424,0.804773,1.086354,1.917650,3.482856,4.567049,10.119667
1991-12-30,0.644223,Test,-0.556963,-0.336414,-0.183459,0.201674,0.480037,0.778332,1.054908,1.892165,3.495552,4.622583,10.230910
1991-12-31,0.644223,Test,-0.557093,-0.338190,-0.177007,0.206495,0.508862,0.820659,1.097126,1.945908,3.578285,4.726772,10.522064
1992-01-01,0.644223,Training,-0.557684,-0.351429,-0.217865,0.099581,0.347031,0.612145,0.838010,1.552596,2.932970,3.906139,8.973981
1992-01-02,0.644223,Training,-0.548293,-0.346460,-0.237414,0.038294,0.228572,0.453222,0.639307,1.259256,2.453232,3.279618,7.744876
1992-01-03,0.483167,Training,-0.525678,-0.329581,-0.237708,-0.006967,0.153125,0.347220,0.501092,1.032055,2.042429,2.726969,6.678690
1992-01-04,0.483167,Training,-0.486799,-0.302229,-0.225585,-0.056621,0.084498,0.248963,0.368868,0.797383,1.583983,2.102337,5.463606
1992-01-05,0.483167,Training,-0.438546,-0.258386,-0.195253,-0.074133,0.042861,0.175952,0.270388,0.617330,1.222302,1.605888,4.427171
1992-01-06,0.483167,Training,-0.436166,-0.251251,-0.190054,-0.063004,0.046680,0.176346,0.270658,0.621130,1.228568,1.612351,4.411685
1992-01-07,0.483167,Training,-0.435770,-0.249704,-0.188769,-0.058256,0.051911,0.175266,0.270220,0.621297,1.239133,1.665921,4.536679
1992-01-08,0.483167,Training,-0.434038,-0.253947,-0.183701,-0.064858,0.045897,0.167312,0.254149,0.596811,1.224806,1.679763,4.628483
1992-01-09,0.483167,Training,-0.443306,-0.255277,-0.200181,-0.058152,0.060143,0.185605,0.287572,0.650668,1.290503,1.744266,4.738204
1992-01-10,0.322111,Training,-0.449252,-0.269902,-0.200035,-0.074264,0.051801,0.192545,0.286221,0.645311,1.290322,1.719455,4.727921
1992-01-11,0.322111,Training,-0.448705,-0.280994,-0.204707,-0.087093,0.050102,0.198369,0.290571,0.647380,1.287606,1.733687,4.807012
1992-01-12,0.322111,Training,-0.467421,-0.289362,-0.220283,-0.080235,0.063945,0.214768,0.319037,0.701764,1.400301,1.891360,5.136170
1992-01-13,0.322111,Training,-0.463143,-0.272607,-0.206141,-0.052718,0.072229,0.217029,0.320244,0.714006,1.429552,1.911246,5.095464
1992-01-14,5.636949,Training,-0.705136,-0.433116,-0.285357,0.233483,0.841331,1.398834,2.028677,4.109739,11.475330,17.449123,49.102192
1992-01-15,138.991059,Training,-0.715402,-0.330221,-0.031894,0.993568,2.585343,3.812879,5.242253,10.639283,26.879753,37.062889,95.674065
1992-01-16,11.757065,Training,-0.649948,-0.364602,-0.137737,0.394736,0.963208,1.547714,1.970625,3.817955,8.900711,12.602221,30.112242
1992-01-17,5.153782,Training,-0.570468,-0.334830,-0.159913,0.176924,0.519891,0.862069,1.132348,2.106600,4.457850,6.302351,14.627086
1992-01-18,3.865337,Training,-0.542685,-0.328339,-0.186193,0.106544,0.381272,0.656525,0.896711,1.667179,3.313866,4.610046,10.616905
1992-01-19,3.060058,Training,-0.519556,-0.309539,-0.187051,0.084259,0.323009,0.565896,0.785740,1.470767,2.830250,3.859201,8.888795
1992-01-20,2.415835,Training,-0.505310,-0.314659,-0.194532,0.039964,0.281009,0.518568,0.711743,1.325750,2.492327,3.408205,8.075919
1992-01-21,2.093724,Training,-0.502215,-0.317558,-0.201217,0.023494,0.256161,0.488759,0.669619,1.254850,2.343299,3.202576,7.718064
1992-01-22,1.610557,Training,-0.505162,-0.320011,-0.205993,0.015933,0.240325,0.465972,0.640214,1.213438,2.273504,3.102404,7.477137
1992-01-23,1.449501,Training,-0.499366,-0.323316,-0.214185,0.002931,0.222006,0.451815,0.620121,1.169647,2.166229,2.954400,7.471255
1992-01-24,1.288446,Training,-0.499966,-0.325071,-0.219116,-0.006709,0.205562,0.431156,0.593657,1.128551,2.097010,2.860859,7.345138
1992-01-25,1.127390,Training,-0.512786,-0.322241,-0.214959,0.000252,0.201724,0.407801,0.566550,1.112363,2.130698,2.907006,7.018478
1992-01-26,0.966334,Training,-0.508439,-0.310632,-0.212253,0.008671,0.186461,0.378855,0.533261,1.070246,2.069485,2.802431,6.749651
1992-01-27,0.805278,Training,-0.509881,-0.319297,-0.215197,-0.000878,0.188530,0.387834,0.538805,1.073461,2.075803,2.829181,6.855698
1992-01-28,0.805278,Training,-0.492011,-0.302051,-0.215295,-0.027189,0.143215,0.318776,0.452466,0.925825,1.804045,2.456902,6.153021
1992-01-29,0.805278,Training,-0.628003,-0.366055,-0.253130,0.171544,0.666183,1.079365,1.539620,2.818647,6.840947,10.217267,26.261154
1992-01-30,0.805278,Training,-0.698316,-0.379357,-0.146091,0.510877,1.343354,2.133340,2.745333,5.394592,13.513535,18.845388,49.109722
1992-01-31,0.644223,Training,-0.604714,-0.348960,-0.169407,0.196462,0.599780,0.986503,1.237274,2.388055,5.425386,7.805711,18.914410
1992-02-01,0.644223,Training,-0.580267,-0.345454,-0.167538,0.192148,0.512388,0.830045,1.090950,2.066515,4.400289,6.384514,14.731354
1992-02-02,0.644223,Training,-0.519204,-0.312455,-0.190090,0.056974,0.261986,0.470232,0.640284,1.267559,2.599705,3.695527,8.785284
1992-02-03,0.644223,Training,-0.471571,-0.274866,-0.179460,0.013481,0.176074,0.342725,0.478178,0.973943,1.932843,2.669749,6.563962
1992-02-04,0.483167,Training,-0.460156,-0.267343,-0.180161,0.002135,0.151110,0.307884,0.434256,0.898737,1.760712,2.411397,5.992065
1992-02-05,0.483167,Training,-0.454899,-0.264305,-0.182834,-0.007365,0.133048,0.285151,0.404454,0.849138,1.650676,2.242007,5.627846
1992-02-06,0.483167,Training,-0.452444,-0.263166,-0.185891,-0.016258,0.119056,0.269191,0.382683,0.812664,1.572460,2.118168,5.370489
1992-02-07,0.483167,Training,-0.451124,-0.263329,-0.188224,-0.024356,0.108910,0.258565,0.367219,0.785699,1.516901,2.032561,5.199453
1992-02-08,0.483167,Training,-0.450911,-0.263981,-0.189803,-0.028697,0.102437,0.251181,0.356482,0.768401,1.483319,1.984681,5.101036
1992-02-09,0.483167,Validation,-0.452178,-0.267289,-0.192813,-0.036259,0.096352,0.245650,0.348396,0.753941,1.456763,1.948100,5.034762
1992-02-10,0.322111,Validation,-0.449919,-0.263708,-0.188103,-0.025794,0.099181,0.242760,0.343807,0.752181,1.459623,1.975904,5.074729
1992-02-11,0.322111,Validation,-0.450851,-0.265059,-0.190171,-0.030198,0.094444,0.238301,0.337884,0.742236,1.440250,1.939238,5.002047
1992-02-12,0.322111,Validation,-0.471760,-0.284771,-0.216025,-0.032196,0.111631,0.257805,0.373491,0.808903,1.593300,2.224190,5.717280
1992-02-13,0.322111,Validation,-0.480529,-0.291991,-0.206820,-0.032757,0.105380,0.264261,0.363956,0.796143,1.606219,2.217432,5.766174
1992-02-14,0.322111,Validation,-0.472179,-0.286622,-0.201920,-0.031946,0.103893,0.259754,0.359258,0.786433,1.575951,2.166322,5.593516
1992-02-15,0.322111,Validation,-0.488460,-0.302148,-0.215604,-0.033819,0.109337,0.274433,0.380679,0.828642,1.661508,2.273068,5.806031
1992-02-16,0.322111,Validation,-0.485418,-0.302530,-0.208661,-0.020435,0.119469,0.279293,0.385835,0.843437,1.708055,2.406914,6.052471
1992-02-17,0.322111,Validation,-0.437025,-0.261445,-0.185042,-0.054319,0.069776,0.193267,0.274199,0.638525,1.294254,1.835227,4.949358
1992-02-18,0.322111,Validation,-0.488843,-0.309489,-0.230392,-0.043462,0.130560,0.286121,0.402511,0.871024,1.813508,2.672436,7.012508
1992-02-19,0.322111,Validation,-0.566056,-0.358757,-0.263398,-0.044188,0.173518,0.387599,0.507637,1.079278,2.401332,3.436777,9.269258
1992-02-20,0.161056,Validation,-0.526427,-0.350679,-0.231248,-0.066123,0.143071,0.355501,0.458764,0.957644,2.045386,2.934727,7.770885
1992-02-21,0.161056,Validation,-0.507620,-0.324647,-0.223251,-0.049632,0.125582,0.311778,0.420230,0.893382,1.835372,2.569113,6.618866
1992-02-22,0.161056,Validation,-0.497353,-0.305126,-0.212985,-0.017130,0.137032,0.313506,0.430231,0.918564,1.841146,2.547350,6.387020
1992-02-23,0.161056,Validation,-0.525400,-0.327419,-0.245412,-0.010281,0.182006,0.372092,0.525192,1.084926,2.206600,3.154757,7.855196
1992-02-24,0.161056,Validation,-0.708680,-0.350977,-0.148980,0.641552,1.717523,2.696878,3.453773,6.970549,18.379663,26.829382,71.227448
1992-02-25,0.161056,Validation,-0.674413,-0.291562,0.025013,0.972810,2.278818,3.458633,4.366606,8.681508,20.608797,28.735708,70.367119
1992-02-26,0.322111,Validation,-0.633729,-0.353961,-0.119448,0.400337,0.921847,1.467992,1.823702,3.510617,7.839443,11.404006,26.662865
1992-02-27,0.322111,Validation,-0.579800,-0.335726,-0.138534,0.253980,0.614432,0.986599,1.271742,2.364010,4.892353,7.043619,15.973695
1992-02-28,0.322111,Validation,-0.541526,-0.323552,-0.165122,0.155537,0.421031,0.692509,0.925549,1.748450,3.481830,5.000438,11.310864
1992-02-29,0.322111,Validation,-0.527068,-0.323666,-0.169780,0.124744,0.368663,0.612921,0.830323,1.579224,3.119007,4.515908,10.250427
1992-03-01,0.322111,Validation,-0.526075,-0.324371,-0.172542,0.129011,0.370254,0.615881,0.836003,1.581007,3.075056,4.413146,9.966008
1992-03-02,0.483167,Validation,-0.503484,-0.316919,-0.192690,0.040216,0.231078,0.424336,0.584557,1.171290,2.342263,3.398770,8.125386
1992-03-03,0.322111,Validation,-0.498930,-0.314762,-0.194898,0.029535,0.207519,0.396174,0.544602,1.103804,2.193633,3.155726,7.585956
1992-03-04,0.161056,Validation,-0.507364,-0.312463,-0.212088,0.033738,0.215778,0.403673,0.564806,1.136049,2.212266,3.147425,7.558154
1992-03-05,0.161056,Validation,-0.512360,-0.333860,-0.212164,0.001541,0.170489,0.355867,0.483033,1.015944,2.092229,3.064385,7.597611
1992-03-06,0.161056,Validation,-0.516001,-0.344881,-0.216930,-0.012933,0.151573,0.333811,0.449333,0.970109,2.054168,3.040354,7.638627
1992-03-07,0.161056,Validation,-0.523838,-0.351426,-0.220657,-0.004317,0.162982,0.350594,0.470260,1.005080,2.117936,3.130907,7.781142
1992-03-08,0.161056,Validation,-0.482327,-0.311168,-0.206429,-0.043546,0.089291,0.240518,0.325070,0.752946,1.607300,2.351259,6.181729
1992-03-09,0.161056,Validation,-0.447357,-0.276421,-0.187571,-0.060347,0.055462,0.184431,0.254204,0.619367,1.314202,1.893345,5.193225
1992-03-10,0.161056,Validation,-0.441991,-0.267803,-0.184570,-0.050885,0.064821,0.195109,0.271667,0.637281,1.304531,1.856891,4.986727
1992-03-11,0.161056,Validation,-0.442943,-0.265039,-0.186095,-0.045254,0.068982,0.201274,0.281036,0.649854,1.306360,1.844755,4.894760
1992-03-12,0.161056,Validation,-0.460736,-0.280636,-0.198052,-0.038825,0.081322,0.222827,0.307578,0.701000,1.425678,2.035129,5.313920
1992-03-13,0.161056,Validation,-0.426932,-0.252323,-0.176504,-0.062717,0.041478,0.159745,0.221328,0.549807,1.154140,1.655257,4.621254
1992-03-14,0.161056,Validation,-0.385938,-0.212935,-0.145821,-0.074728,0.016678,0.110982,0.158015,0.428160,0.903036,1.285900,3.863269
1992-03-15,0.161056,Validation,-0.384243,-0.209906,-0.143508,-0.086511,-0.002377,0.084388,0.124582,0.378319,0.827985,1.184169,3.714827
1992-03-16,0.000000,Validation,-0.382608,-0.206093,-0.140747,-0.090502,-0.011127,0.071895,0.110651,0.354416,0.784478,1.122426,3.581686
1992-03-17,0.000000,Validation,-0.380530,-0.200567,-0.137097,-0.092882,-0.018299,0.061149,0.099392,0.332639,0.740521,1.057342,3.424408
1992-03-18,0.000000,Validation,-0.363418,-0.187034,-0.127077,-0.080453,-0.000585,0.077619,0.120024,0.354861,0.754479,1.069628,3.399173
1992-03-19,0.000000,Validation,-0.354850,-0.176488,-0.119666,-0.077516,-0.000589,0.073651,0.115564,0.341398,0.721853,1.023482,3.290566
1992-03-20,0.000000,Validation,-0.350316,-0.169359,-0.114959,-0.076980,-0.003834,0.066890,0.107630,0.324925,0.692411,0.986538,3.220049
1992-03-21,0.000000,Validation,-0.347686,-0.164315,-0.110779,-0.078200,-0.008223,0.058942,0.098595,0.307155,0.659007,0.940857,3.124718
1992-03-22,0.000000,Validation,-0.364905,-0.172968,-0.121323,-0.085162,-0.022499,0.047480,0.083563,0.289062,0.650899,0.938331,3.138047
1992-03-23,0.000000,Validation,-0.338623,-0.141164,-0.091070,-0.079487,-0.021942,0.030772,0.069534,0.241049,0.525469,0.748963,2.675156
1992-03-24,0.000000,Validation,-0.306764,-0.123274,-0.076356,-0.036810,0.035047,0.097098,0.150561,0.349120,0.629341,0.878036,2.734464
1992-03-25,0.000000,Validation,-0.304413,-0.115772,-0.074991,-0.031630,0.035327,0.098425,0.152198,0.349620,0.620374,0.849437,2.655658
1992-03-26,0.000000,Validation,-0.298507,-0.109867,-0.067642,-0.027300,0.040252,0.100264,0.154148,0.346864,0.614485,0.854040,2.674176
1992-03-27,0.000000,Validation,-0.301032,-0.112145,-0.068979,-0.028774,0.039617,0.098963,0.151844,0.344256,0.615385,0.861968,2.704864
1992-03-28,0.000000,Validation,-0.306706,-0.115569,-0.074095,-0.029701,0.037458,0.099336,0.151454,0.347405,0.623895,0.866361,2.717386
1992-03-29,0.000000,Validation,-0.309989,-0.116071,-0.079295,-0.028904,0.040828,0.101363,0.155368,0.353188,0.633964,0.887948,2.776462
1992-03-30,0.000000,Validation,-0.358554,-0.165096,-0.105660,0.000074,0.101922,0.184661,0.246128,0.479002,0.876894,1.323574,3.810791
1992-03-31,0.000000,Validation,-0.460028,-0.216760,-0.167587,-0.018673,0.140067,0.277076,0.332982,0.698450,1.454448,2.086280,6.257305
1992-04-01,0.000000,Training,-0.414615,-0.176850,-0.118106,0.009268,0.150841,0.266597,0.319108,0.665018,1.325267,1.950075,5.623322
1992-04-02,0.000000,Training,-0.435071,-0.167956,-0.112224,0.080118,0.246264,0.397524,0.410901,0.842615,1.760536,2.686488,7.512537
1992-04-03,0.000000,Training,-0.463488,-0.026146,0.026781,0.489818,0.947504,1.316499,1.343688,2.588101,5.660373,8.029179,20.763741
1992-04-04,0.000000,Training,-0.465979,0.026822,0.077934,0.652890,1.269213,1.746846,1.843996,3.636788,8.090795,11.419814,28.061714
1992-04-05,0.000000,Training,-0.486797,-0.145727,-0.002615,0.356594,0.698219,1.022096,1.122013,2.198959,4.810731,6.967181,17.603979
1992-04-06,0.000000,Training,-0.474057,-0.158928,-0.096683,0.221205,0.490056,0.730218,0.844786,1.648357,3.461025,5.086942,12.358361
1992-04-07,0.000000,Training,-0.519866,-0.264016,-0.134390,0.125256,0.331254,0.551155,0.626902,1.317402,3.010636,4.702763,12.394223
1992-04-08,0.000000,Training,-0.453550,-0.209811,-0.104061,0.130421,0.296352,0.485791,0.581676,1.148246,2.420496,3.646827,9.124557
1992-04-09,0.000000,Training,-0.467959,-0.240482,-0.132500,0.110475,0.261141,0.448781,0.549510,1.103404,2.317291,3.518689,8.733531
1992-04-10,0.000000,Training,-0.490058,-0.279754,-0.157488,0.076717,0.217885,0.403572,0.489028,1.030218,2.254326,3.525842,8.976141
1992-04-11,0.000000,Training,-0.528929,-0.326227,-0.179283,0.091087,0.251305,0.465896,0.569854,1.188578,2.596482,4.077051,10.107660
1992-04-12,0.000000,Training,-0.519368,-0.318131,-0.187224,0.051692,0.178870,0.368781,0.440228,0.974407,2.170549,3.435526,8.771457
1992-04-13,0.000000,Training,-0.494325,-0.291409,-0.183147,0.023443,0.126639,0.291763,0.346002,0.801934,1.794941,2.813733,7.386918
1992-04-14,0.000000,Training,-0.468701,-0.264495,-0.176443,0.009230,0.100964,0.248571,0.297132,0.704433,1.566359,2.418256,6.477659
1992-04-15,0.000000,Training,-0.441545,-0.235590,-0.164005,-0.000921,0.078590,0.210203,0.251185,0.610977,1.351172,2.059903,5.652344
1992-04-16,0.000000,Training,-0.425690,-0.218273,-0.156498,-0.006173,0.065313,0.187254,0.222835,0.553334,1.224812,1.860510,5.196720
1992-04-17,0.000000,Training,-0.429419,-0.218623,-0.158733,-0.012374,0.050973,0.168841,0.195058,0.509627,1.155133,1.776076,5.050544
1992-04-18,0.000000,Training,-0.412589,-0.184371,-0.139287,-0.026344,0.012849,0.106846,0.119107,0.360954,0.852096,1.323529,4.057055
1992-04-19,0.000000,Training,-0.399949,-0.163950,-0.127600,-0.032429,-0.001963,0.079003,0.089330,0.295924,0.712416,1.104192,3.547475
1992-04-20,0.000000,Training,-0.399059,-0.161747,-0.127209,-0.033665,-0.005590,0.073454,0.082216,0.281977,0.685821,1.064477,3.444828
1992-04-21,0.000000,Training,-0.370037,-0.126803,-0.101396,-0.034110,-0.013430,0.047294,0.057104,0.216603,0.530700,0.826100,2.892256
1992-04-22,0.000000,Training,-0.345979,-0.100328,-0.078133,-0.035874,-0.018431,0.025733,0.039397,0.167125,0.408390,0.640225,2.449929
1992-04-23,0.000000,Training,-0.317516,-0.082882,-0.054570,-0.040819,-0.017422,0.011463,0.032539,0.141899,0.328372,0.515481,2.135264
1992-04-24,0.000000,Training,-0.307240,-0.076911,-0.051920,-0.034950,-0.011294,0.019073,0.039279,0.152510,0.348740,0.550787,2.225329
1992-04-25,0.000000,Training,-0.292087,-0.066184,-0.033521,-0.037383,-0.008838,0.008494,0.035763,0.132489,0.285055,0.453044,1.967423
1992-04-26,0.000000,Training,-0.316234,-0.072747,-0.040049,-0.041603,-0.019916,-0.004619,0.021639,0.105242,0.238856,0.386695,1.806284
1992-04-27,0.000000,Training,-0.340657,-0.078940,-0.047522,-0.043194,-0.028452,-0.014741,0.009322,0.079854,0.195284,0.327372,1.658590
1992-04-28,0.000000,Training,-0.323720,-0.070924,-0.037516,-0.041602,-0.022957,-0.013120,0.013881,0.084657,0.195200,0.328981,1.657804
1992-04-29,0.000000,Training,-0.306759,-0.062779,-0.027525,-0.038083,-0.015650,-0.008998,0.020473,0.092088,0.199643,0.337141,1.674334
1992-04-30,0.000000,Training,-0.321190,-0.065892,-0.031588,-0.038945,-0.021099,-0.015616,0.012449,0.075347,0.171282,0.299498,1.582412
1992-05-01,0.000000,Training,-0.347206,-0.074363,-0.042072,-0.038854,-0.028711,-0.022639,0.001508,0.054436,0.137545,0.257095,1.481645
1992-05-02,0.000000,Training,-0.286587,-0.051306,-0.015375,-0.031395,-0.005467,-0.002785,0.029145,0.099585,0.203150,0.345548,1.691319
1992-05-03,0.000000,Training,-0.266612,-0.042210,-0.005618,-0.024248,0.007544,0.009690,0.043816,0.119253,0.229397,0.379841,1.759091
1992-05-04,0.000000,Training,-0.281632,-0.046387,-0.010731,-0.027433,-0.000981,0.000311,0.033604,0.101863,0.201979,0.343798,1.682507
1992-05-05,0.000000,Training,-0.287238,-0.046466,-0.010872,-0.027883,-0.003949,-0.004690,0.028665,0.090518,0.181033,0.317058,1.618870
1992-05-06,0.000000,Training,-0.301253,-0.050730,-0.016827,-0.030696,-0.010118,-0.012547,0.019904,0.074687,0.155151,0.285083,1.546561
1992-05-07,0.000000,Training,-0.301784,-0.051144,-0.016433,-0.030861,-0.011376,-0.013400,0.018059,0.072305,0.151775,0.279843,1.533969
1992-05-08,0.000000,Training,-0.297494,-0.049088,-0.014959,-0.029882,-0.009240,-0.012164,0.019872,0.074680,0.154573,0.285032,1.547240
1992-05-09,0.000000,Training,-0.289824,-0.045886,-0.010886,-0.028044,-0.006069,-0.009170,0.023220,0.079646,0.161517,0.293730,1.566088
1992-05-10,0.000000,Training,-0.306962,-0.052556,-0.019001,-0.031049,-0.014103,-0.016297,0.013947,0.065498,0.141315,0.267006,1.504259
1992-05-11,0.000000,Training,-0.320367,-0.057590,-0.025318,-0.032779,-0.019943,-0.021606,0.006662,0.053801,0.124182,0.244983,1.452467
1992-05-12,0.000000,Training,-0.329533,-0.060799,-0.029599,-0.033458,-0.023791,-0.025289,0.001250,0.044892,0.110581,0.228266,1.413925
1992-05-13,0.000000,Training,-0.309753,-0.057313,-0.034303,-0.030995,-0.010108,-0.019578,0.013760,0.061109,0.123766,0.278735,1.554477
1992-05-14,0.000000,Training,-0.300872,-0.050857,-0.017226,-0.027990,-0.004653,-0.007614,0.022806,0.078648,0.164425,0.307396,1.623958
1992-05-15,0.000000,Training,-0.315062,-0.057376,-0.023632,-0.029890,-0.011068,-0.012592,0.016960,0.068793,0.148923,0.285956,1.566846
1992-05-16,0.000000,Training,-0.337441,-0.065645,-0.034351,-0.033834,-0.024150,-0.025403,0.000017,0.043512,0.110802,0.233731,1.435230
1992-05-17,0.000000,Training,-0.338997,-0.064702,-0.034819,-0.033063,-0.025429,-0.026973,-0.002137,0.039189,0.102840,0.223439,1.410101
1992-05-18,0.000000,Training,-0.350750,-0.068340,-0.039717,-0.031895,-0.028946,-0.029791,-0.007451,0.029671,0.086003,0.202847,1.360324
1992-05-19,0.000000,Training,-0.349987,-0.067406,-0.041614,-0.032862,-0.028373,-0.030431,-0.006815,0.030762,0.089112,0.209178,1.379298
1992-05-20,0.000000,Training,-0.343567,-0.064805,-0.036430,-0.031891,-0.027472,-0.029487,-0.006213,0.031786,0.090185,0.209085,1.378399
1992-05-21,0.000000,Training,-0.306745,-0.049600,-0.020621,-0.028735,-0.013418,-0.018746,0.010251,0.057818,0.130759,0.263152,1.510599
1992-05-22,0.000000,Training,-0.289118,-0.045600,-0.026087,-0.025089,0.001627,-0.008728,0.025656,0.076898,0.153842,0.320092,1.650624
1992-05-23,0.000000,Training,-0.306914,-0.057528,-0.037410,-0.025585,0.005996,-0.000890,0.032157,0.086018,0.174213,0.362650,1.785069
1992-05-24,0.000000,Training,-0.328271,-0.066068,-0.035760,-0.025731,0.004006,0.003413,0.033314,0.089482,0.191301,0.370781,1.830880
1992-05-25,0.000000,Training,-0.318691,-0.064339,-0.027743,-0.026054,-0.000319,0.000611,0.029014,0.085931,0.185917,0.352201,1.765210
1992-05-26,0.000000,Training,-0.315370,-0.060530,-0.027536,-0.027488,-0.006526,-0.007359,0.019750,0.074255,0.166602,0.322713,1.687453
1992-05-27,0.000000,Training,-0.301501,-0.049994,-0.021083,-0.024262,-0.003348,-0.006358,0.022402,0.077361,0.168093,0.320440,1.669086
1992-05-28,0.000000,Training,-0.303337,-0.050931,-0.035632,-0.025375,-0.001066,-0.008433,0.023420,0.077073,0.163368,0.336573,1.716312
1992-05-29,0.000000,Training,-0.328499,-0.067819,-0.053015,-0.028900,-0.005238,-0.009180,0.019976,0.071801,0.158080,0.350822,1.791154
1992-05-30,0.000000,Training,-0.350932,-0.076832,-0.053995,-0.027855,-0.005927,-0.003211,0.022352,0.077054,0.177283,0.365072,1.850343
1992-05-31,0.000000,Training,-0.311561,-0.055662,-0.031357,-0.015299,0.009882,0.012292,0.038236,0.096605,0.208383,0.403183,1.923500
1992-06-01,0.000000,Training,-0.325204,-0.065774,-0.043571,-0.027155,-0.002922,-0.003655,0.023460,0.081224,0.183174,0.366395,1.828187
1992-06-02,0.000000,Training,-0.316811,-0.059285,-0.037920,-0.023712,0.000805,0.000290,0.028219,0.087820,0.193058,0.374401,1.836776
1992-06-03,0.000000,Training,-0.300512,-0.051662,-0.023774,-0.018831,0.004360,0.007198,0.033887,0.097603,0.208648,0.380105,1.828511
1992-06-04,0.000000,Training,-0.299062,-0.048838,-0.022701,-0.019974,-0.000438,0.000874,0.027681,0.088658,0.192584,0.355219,1.763393
1992-06-05,0.000000,Training,-0.300341,-0.047655,-0.023248,-0.021635,-0.005442,-0.005146,0.021329,0.079829,0.177872,0.333434,1.708602
1992-06-06,0.000000,Training,-0.297178,-0.043683,-0.021664,-0.021221,-0.006842,-0.007837,0.018835,0.075295,0.169365,0.321110,1.676691
1992-06-07,0.000000,Training,-0.291674,-0.041124,-0.019330,-0.020995,-0.006070,-0.007100,0.019772,0.077543,0.173135,0.323152,1.674564
1992-06-08,0.000000,Training,-0.294194,-0.039539,-0.026607,-0.021618,-0.005854,-0.009763,0.018492,0.073932,0.168412,0.326421,1.689889
1992-06-09,0.000000,Training,-0.277263,-0.028950,-0.015645,-0.013838,-0.002925,-0.002520,0.020797,0.077100,0.180281,0.340750,1.728635
1992-06-10,0.000000,Training,-0.294703,-0.037033,-0.035589,-0.020636,-0.009321,-0.014017,0.011307,0.060355,0.151874,0.324829,1.714952
1992-06-11,0.000000,Training,-0.337328,-0.069863,-0.061548,-0.035552,-0.022644,-0.027705,-0.002247,0.038199,0.109616,0.291653,1.662880
1992-06-12,0.000000,Training,-0.369550,-0.095862,-0.081828,-0.040009,-0.018449,-0.014301,0.008243,0.057639,0.153981,0.370101,1.918078
1992-06-13,0.000000,Training,-0.368493,-0.043333,0.017552,0.164429,0.179320,0.234843,0.242466,0.308305,0.535487,0.927299,3.420374
1992-06-14,0.000000,Training,-0.082936,0.638845,0.753711,1.489045,1.565407,1.817493,1.919684,2.242995,3.443733,4.427961,11.869918
1992-06-15,0.000000,Training,-0.238223,0.467142,0.468862,0.970390,1.214335,1.426574,1.528097,2.080344,3.247010,4.401736,12.803513
1992-06-16,0.000000,Training,-0.283538,0.218443,0.299945,0.531710,0.623047,0.735912,0.764480,1.043495,1.643410,2.257793,6.601052
1992-06-17,0.000000,Training,-0.291699,0.128934,0.202572,0.331488,0.366111,0.445412,0.464574,0.634285,1.025339,1.466912,4.478750
1992-06-18,0.000000,Training,-0.342335,0.024563,0.052025,0.147205,0.153884,0.196215,0.221385,0.311968,0.551802,0.890913,3.125871
1992-06-19,0.000000,Training,-0.332002,0.011699,0.029820,0.097831,0.089205,0.112933,0.144769,0.202750,0.358856,0.605227,2.411111
1992-06-20,0.000000,Training,-0.332500,-0.002100,0.005425,0.064755,0.049696,0.065065,0.096710,0.143975,0.267500,0.478289,2.111428
1992-06-21,0.000000,Training,-0.293938,0.000279,0.003341,0.040422,0.039512,0.047379,0.082289,0.141292,0.277546,0.489640,2.160565
1992-06-22,0.000000,Training,-0.306279,-0.009360,-0.014823,0.025174,0.021249,0.024680,0.058555,0.109836,0.229538,0.433358,2.035409
1992-06-23,0.000000,Training,-0.294605,-0.010618,-0.012638,0.017239,0.015861,0.018787,0.050748,0.103710,0.224126,0.420973,2.003186
1992-06-24,0.000000,Training,-0.300260,-0.017502,-0.019348,0.008015,0.003330,0.005764,0.034767,0.083638,0.194536,0.381582,1.908627
1992-06-25,0.000000,Training,-0.321779,-0.029870,-0.031456,0.000023,-0.013172,-0.009372,0.014729,0.055152,0.150806,0.323693,1.765025
1992-06-26,0.000000,Training,-0.325700,-0.033057,-0.036075,-0.005171,-0.020957,-0.017557,0.003893,0.040382,0.129685,0.295473,1.696947
1992-06-27,0.000000,Training,-0.329844,-0.037049,-0.040381,-0.009916,-0.027023,-0.023488,-0.004218,0.030507,0.116213,0.276188,1.647419
1992-06-28,0.000000,Training,-0.323879,-0.034157,-0.039150,-0.011498,-0.029168,-0.026698,-0.009231,0.023062,0.106456,0.264138,1.621912
1992-06-29,0.000000,Training,-0.310303,-0.028966,-0.033755,-0.013388,-0.028102,-0.028047,-0.010568,0.021362,0.104042,0.260485,1.614103
1992-06-30,0.000000,Training,-0.306189,-0.029273,-0.034648,-0.016689,-0.029987,-0.030206,-0.013988,0.018300,0.103499,0.260730,1.619028
1992-07-01,0.000000,Training,-0.311879,-0.035460,-0.040382,-0.021004,-0.034405,-0.032221,-0.017817,0.016484,0.107743,0.266526,1.636452
1992-07-02,0.000000,Training,-0.324006,-0.038847,-0.039480,-0.020184,-0.038486,-0.038437,-0.026191,-0.002652,0.065212,0.205681,1.475728
1992-07-03,0.000000,Training,-0.341981,-0.050556,-0.041757,-0.021777,-0.038784,-0.038467,-0.026361,-0.003872,0.051293,0.178359,1.377508
1992-07-04,0.000000,Training,-0.349107,-0.062807,-0.038366,-0.032288,-0.036067,-0.040948,-0.020607,0.005434,0.051841,0.165586,1.316160
1992-07-05,0.000000,Training,-0.346549,-0.062402,-0.037340,-0.032981,-0.035069,-0.040156,-0.018867,0.008585,0.057894,0.173091,1.335979
1992-07-06,0.000000,Training,-0.323995,-0.051743,-0.027320,-0.032013,-0.029198,-0.037118,-0.012627,0.017838,0.073814,0.194957,1.394404
1992-07-07,0.000000,Training,-0.318781,-0.051906,-0.024969,-0.033060,-0.026011,-0.034057,-0.007508,0.027535,0.088961,0.211961,1.428187
1992-07-08,0.000000,Training,-0.328724,-0.056199,-0.028981,-0.033798,-0.029545,-0.036292,-0.010933,0.022152,0.080495,0.199598,1.396704
1992-07-09,0.000000,Training,-0.339032,-0.059883,-0.033161,-0.033870,-0.032914,-0.038874,-0.015262,0.014301,0.067816,0.183490,1.360025
1992-07-10,0.000000,Training,-0.334483,-0.057080,-0.031080,-0.033426,-0.032074,-0.038863,-0.014823,0.014155,0.068316,0.185283,1.369805
1992-07-11,0.000000,Training,-0.334565,-0.058360,-0.031031,-0.034286,-0.031486,-0.038250,-0.013564,0.016794,0.072892,0.190341,1.380952
1992-07-12,0.000000,Training,-0.356258,-0.067057,-0.039909,-0.033046,-0.035955,-0.039846,-0.019026,0.006594,0.054828,0.167105,1.325950
1992-07-13,0.000000,Training,-0.366473,-0.071666,-0.044123,-0.031881,-0.036738,-0.039010,-0.019828,0.004542,0.050488,0.162245,1.317295
1992-07-14,0.000000,Training,-0.362027,-0.070678,-0.042849,-0.033634,-0.035911,-0.038740,-0.018031,0.008390,0.059450,0.173646,1.349415
1992-07-15,0.000000,Training,-0.352013,-0.067143,-0.038706,-0.035023,-0.033842,-0.037831,-0.014751,0.014633,0.071342,0.188081,1.384919
1992-07-16,0.000000,Training,-0.365409,-0.072191,-0.043600,-0.033078,-0.035880,-0.037990,-0.017615,0.008494,0.058777,0.171842,1.344730
1992-07-17,0.000000,Training,-0.364183,-0.071798,-0.042981,-0.033575,-0.035565,-0.037891,-0.016902,0.009645,0.061417,0.174886,1.354129
1992-07-18,0.000000,Training,-0.365006,-0.072443,-0.043334,-0.033776,-0.035334,-0.037544,-0.016390,0.010258,0.063130,0.177382,1.363584
1992-07-19,0.000000,Training,-0.366461,-0.073325,-0.043806,-0.033733,-0.035226,-0.037011,-0.015883,0.011004,0.064529,0.178740,1.367887
1992-07-20,0.000000,Training,-0.352659,-0.068278,-0.038424,-0.035692,-0.032751,-0.035995,-0.011727,0.019413,0.080999,0.198622,1.416238
1992-07-21,0.000000,Training,-0.338411,-0.062720,-0.032154,-0.035957,-0.028917,-0.033724,-0.006618,0.028358,0.095713,0.216874,1.457944
1992-07-22,0.000000,Training,-0.343154,-0.064530,-0.033700,-0.035967,-0.030299,-0.034325,-0.007847,0.026061,0.091542,0.209928,1.439180
1992-07-23,0.000000,Training,-0.344444,-0.065075,-0.033932,-0.036067,-0.030422,-0.034304,-0.007680,0.026006,0.091374,0.209043,1.437295
1992-07-24,0.000000,Training,-0.340182,-0.063316,-0.031751,-0.036169,-0.029074,-0.033750,-0.006045,0.028335,0.095092,0.213870,1.450099
1992-07-25,0.000000,Training,-0.350001,-0.067465,-0.035697,-0.036153,-0.031162,-0.034521,-0.008271,0.024081,0.088310,0.204631,1.430109
1992-07-26,0.000000,Training,-0.359846,-0.071893,-0.039689,-0.035701,-0.032477,-0.034306,-0.009472,0.021471,0.083923,0.198799,1.418913
1992-07-27,0.000000,Training,-0.364029,-0.074120,-0.041455,-0.035732,-0.032571,-0.033749,-0.009145,0.021717,0.084752,0.200057,1.425541
1992-07-28,0.000000,Training,-0.363489,-0.074307,-0.041208,-0.036259,-0.032054,-0.033297,-0.008048,0.023485,0.088472,0.204830,1.439816
1992-07-29,0.000000,Training,-0.363534,-0.074408,-0.042016,-0.037188,-0.031629,-0.033254,-0.006937,0.025220,0.092534,0.210423,1.455979
1992-07-30,0.000000,Training,-0.337134,-0.063926,-0.030089,-0.037185,-0.025156,-0.029444,0.001258,0.040136,0.117008,0.241573,1.527123
1992-07-31,0.000000,Training,-0.335302,-0.063037,-0.029704,-0.037437,-0.023991,-0.028794,0.003131,0.042826,0.121236,0.246979,1.539143
1992-08-01,0.000000,Training,-0.360545,-0.073910,-0.038911,-0.037128,-0.029846,-0.030823,-0.003139,0.031043,0.101616,0.218913,1.473574
1992-08-02,0.000000,Training,-0.373303,-0.079635,-0.043465,-0.035846,-0.030546,-0.030088,-0.003947,0.027607,0.094432,0.210457,1.458987
1992-08-03,0.000000,Training,-0.362736,-0.075757,-0.040374,-0.038500,-0.029205,-0.030278,-0.001278,0.033824,0.108454,0.228689,1.506581
1992-08-04,0.000000,Training,-0.381429,-0.084347,-0.046405,-0.035699,-0.029701,-0.028216,-0.001953,0.029310,0.097245,0.215046,1.478523
1992-08-05,0.000000,Training,-0.389761,-0.088350,-0.048959,-0.034169,-0.028808,-0.026346,-0.000569,0.029366,0.095385,0.213616,1.480396
1992-08-06,0.000000,Training,-0.386547,-0.087932,-0.048563,-0.036703,-0.028645,-0.026517,0.000808,0.032724,0.104877,0.225987,1.516406
1992-08-07,0.000000,Training,-0.346894,-0.070460,-0.033015,-0.039572,-0.022696,-0.025848,0.008329,0.048945,0.134969,0.264714,1.602174
1992-08-08,0.000000,Training,-0.324086,-0.059523,-0.021782,-0.036743,-0.015838,-0.021645,0.015239,0.059506,0.148165,0.281474,1.631575
1992-08-09,0.000000,Training,-0.318031,-0.056336,-0.018585,-0.035857,-0.014069,-0.020204,0.017605,0.062981,0.152569,0.285454,1.635477
1992-08-10,0.000000,Training,-0.330777,-0.062410,-0.023981,-0.037795,-0.018189,-0.022728,0.014451,0.057769,0.145952,0.274981,1.613181
1992-08-11,0.000000,Training,-0.334012,-0.064079,-0.025271,-0.038472,-0.018859,-0.023032,0.014378,0.057332,0.145985,0.274522,1.614518
1992-08-12,0.000000,Training,-0.345265,-0.069560,-0.030164,-0.039901,-0.021635,-0.024248,0.012318,0.053768,0.141955,0.268046,1.603732
1992-08-13,0.000000,Training,-0.346897,-0.070652,-0.030884,-0.040434,-0.021516,-0.023878,0.013162,0.054941,0.144665,0.271527,1.615127
1992-08-14,0.000000,Training,-0.327890,-0.062117,-0.022603,-0.038688,-0.015248,-0.020097,0.019814,0.065661,0.160330,0.294250,1.667523
1992-08-15,0.000000,Training,-0.335931,-0.066055,-0.025894,-0.039949,-0.017320,-0.021079,0.018646,0.063375,0.157972,0.289989,1.660197
1992-08-16,0.000000,Training,-0.351331,-0.073138,-0.032201,-0.041459,-0.020888,-0.022665,0.015863,0.057623,0.150643,0.278902,1.640356
1992-08-17,0.000000,Training,-0.359013,-0.077090,-0.035083,-0.042336,-0.021785,-0.022962,0.015505,0.055932,0.148614,0.275895,1.638616
1992-08-18,0.000000,Training,-0.359163,-0.077126,-0.036185,-0.043270,-0.021456,-0.023068,0.016450,0.057200,0.152575,0.282608,1.661415
1992-08-19,0.000000,Training,-0.339358,-0.068746,-0.027897,-0.042099,-0.016060,-0.019641,0.022678,0.068736,0.170544,0.307936,1.718228
1992-08-20,0.000000,Training,-0.333244,-0.066277,-0.024916,-0.041443,-0.013689,-0.017643,0.025754,0.073530,0.177884,0.317778,1.740602
1992-08-21,0.000000,Training,-0.332925,-0.066202,-0.024749,-0.041764,-0.013409,-0.017373,0.026681,0.074560,0.180169,0.320667,1.749086
1992-08-22,0.000000,Training,-0.338914,-0.069583,-0.027646,-0.043247,-0.014876,-0.017924,0.026390,0.074119,0.181389,0.321246,1.754249
1992-08-23,0.000000,Training,-0.358050,-0.079067,-0.035825,-0.045758,-0.019068,-0.019718,0.023496,0.068222,0.174958,0.310618,1.738626
1992-08-24,0.000000,Training,-0.371036,-0.085747,-0.040908,-0.046716,-0.020167,-0.019630,0.023326,0.065828,0.172159,0.306805,1.739950
1992-08-25,0.000000,Training,-0.351318,-0.076365,-0.033532,-0.046718,-0.017369,-0.019525,0.025820,0.071882,0.182394,0.322765,1.775348
1992-08-26,0.000000,Training,-0.348480,-0.075459,-0.032515,-0.047039,-0.016404,-0.018988,0.027268,0.074070,0.186517,0.328946,1.792023
1992-08-27,0.000000,Training,-0.350332,-0.076543,-0.033633,-0.047769,-0.016818,-0.018911,0.027700,0.074575,0.188860,0.331588,1.801373
1992-08-28,0.000000,Training,-0.354450,-0.099841,-0.074536,-0.074034,-0.027686,-0.033670,0.025816,0.071868,0.194003,0.400806,2.054904
1992-08-29,0.000000,Training,-0.348495,-0.085425,-0.037562,-0.045475,0.003799,0.006306,0.055802,0.118595,0.278068,0.477315,2.244909
1992-08-30,0.000000,Training,-0.350605,-0.087757,-0.037248,-0.046283,0.002454,0.005913,0.058667,0.121184,0.279225,0.475204,2.217267
1992-08-31,0.000000,Training,-0.372735,-0.099315,-0.061986,-0.061291,-0.013461,-0.013597,0.040375,0.099477,0.254776,0.449761,2.181161
1992-09-01,0.000000,Training,-0.344693,-0.082520,-0.038179,-0.050342,-0.005531,-0.004871,0.046996,0.109065,0.260461,0.443560,2.127582
1992-09-02,0.000000,Training,-0.358307,-0.087670,-0.044038,-0.053160,-0.012366,-0.010408,0.041857,0.100466,0.247817,0.419768,2.064751
1992-09-03,0.000000,Training,-0.373965,-0.095855,-0.052139,-0.056718,-0.017725,-0.013454,0.037930,0.094556,0.243472,0.410424,2.051874
1992-09-04,0.000000,Training,-0.382273,-0.098968,-0.055604,-0.057402,-0.019279,-0.014401,0.037015,0.091681,0.239268,0.401944,2.036398
1992-09-05,0.000000,Training,-0.371395,-0.093326,-0.052618,-0.057804,-0.019593,-0.015755,0.036263,0.093036,0.242250,0.406567,2.043219
1992-09-06,0.000000,Training,-0.363161,-0.089720,-0.050101,-0.058102,-0.019061,-0.016162,0.036674,0.095213,0.245515,0.411286,2.050146
1992-09-07,0.000000,Training,-0.351920,-0.084843,-0.046547,-0.057683,-0.017256,-0.015343,0.038423,0.099714,0.252169,0.421236,2.068362
1992-09-08,0.000000,Training,-0.332859,-0.076379,-0.040007,-0.055316,-0.011789,-0.011201,0.043451,0.109481,0.266522,0.443185,2.115703
1992-09-09,0.000000,Training,-0.328957,-0.075422,-0.039911,-0.055409,-0.010618,-0.009550,0.045475,0.113914,0.275363,0.455026,2.144789
1992-09-10,0.000000,Training,-0.335577,-0.079811,-0.044349,-0.057845,-0.013378,-0.010913,0.044411,0.113555,0.278333,0.457711,2.155582
1992-09-11,0.000000,Training,-0.350016,-0.087874,-0.051726,-0.061731,-0.018624,-0.014311,0.041026,0.108888,0.275546,0.451317,2.147567
1992-09-12,0.000000,Training,-0.353984,-0.090735,-0.054728,-0.063802,-0.020614,-0.015731,0.039718,0.107743,0.276444,0.452023,2.153903
1992-09-13,0.000000,Training,-0.357380,-0.093603,-0.057958,-0.065744,-0.022302,-0.016498,0.039036,0.108194,0.280743,0.457643,2.172557
1992-09-14,0.000000,Training,-0.372411,-0.102477,-0.066938,-0.069218,-0.026216,-0.017433,0.037635,0.107282,0.287677,0.465391,2.205324
1992-09-15,0.000000,Training,-0.378308,-0.105915,-0.075355,-0.071461,-0.030142,-0.019083,0.034770,0.105027,0.298494,0.489309,2.290939
1992-09-16,0.000000,Training,-0.352860,-0.092392,-0.055793,-0.066844,-0.021181,-0.017465,0.039497,0.108206,0.280537,0.457999,2.176225
1992-09-17,0.000000,Training,-0.357474,-0.094861,-0.058901,-0.067752,-0.022278,-0.017129,0.039971,0.109232,0.285859,0.464525,2.198037
1992-09-18,0.000000,Training,-0.359675,-0.094818,-0.063078,-0.068253,-0.024714,-0.018044,0.037699,0.105959,0.288998,0.474799,2.241756
1992-09-19,0.000000,Training,-0.342710,-0.088564,-0.052117,-0.065568,-0.017151,-0.014002,0.044761,0.117085,0.294100,0.476284,2.218151
1992-09-20,0.000000,Training,-0.332011,-0.084125,-0.048599,-0.063557,-0.012889,-0.009788,0.049524,0.125745,0.307362,0.495001,2.260108
1992-09-21,0.000000,Training,-0.326263,-0.082301,-0.047262,-0.062495,-0.010068,-0.006494,0.053401,0.132828,0.319224,0.510723,2.296550
1992-09-22,0.000000,Training,-0.322595,-0.081386,-0.046740,-0.061963,-0.008200,-0.004218,0.056253,0.138081,0.328240,0.522382,2.323729
1992-09-23,0.000000,Training,-0.332472,-0.086595,-0.051672,-0.065311,-0.013322,-0.008407,0.052308,0.132888,0.322590,0.512593,2.303687
1992-09-24,0.000000,Training,-0.339191,-0.090483,-0.055230,-0.067639,-0.016487,-0.010777,0.050237,0.130319,0.320464,0.508050,2.294972
1992-09-25,0.000000,Training,-0.325765,-0.084279,-0.052669,-0.065928,-0.010575,-0.006652,0.055681,0.139659,0.334541,0.531434,2.352734
1992-09-26,0.000000,Training,-0.348935,-0.131846,-0.097166,-0.064803,0.039856,0.051344,0.143347,0.247527,0.558594,1.001721,4.005616
1992-09-27,0.000000,Training,-0.437639,-0.176158,-0.107736,-0.056208,0.063676,0.109620,0.190582,0.344074,0.825186,1.287480,5.047730
1992-09-28,0.000000,Training,-0.395560,-0.145315,-0.078820,-0.047712,0.058244,0.100069,0.181456,0.331448,0.749797,1.167932,4.367255
1992-09-29,0.000000,Training,-0.394636,-0.145867,-0.092388,-0.067786,0.021655,0.055660,0.132990,0.268895,0.636654,0.999255,3.843014
1992-09-30,0.000000,Training,-0.381026,-0.128738,-0.082190,-0.069673,0.001272,0.026810,0.101279,0.218262,0.516119,0.800333,3.173904
1992-10-01,0.000000,Training,-0.368796,-0.117953,-0.077655,-0.070265,-0.005552,0.015982,0.090318,0.202829,0.475041,0.729034,2.931373
1992-10-02,0.000000,Training,-0.369828,-0.116454,-0.079494,-0.073187,-0.013652,0.007156,0.080397,0.188943,0.446838,0.680013,2.781118
1992-10-03,0.000000,Training,-0.352880,-0.107720,-0.073823,-0.072008,-0.012896,0.005600,0.078085,0.187379,0.436343,0.664392,2.718843
1992-10-04,0.000000,Training,-0.321111,-0.092750,-0.062535,-0.063767,0.000984,0.017856,0.090155,0.205903,0.457642,0.693065,2.760003
1992-10-05,0.000000,Training,-0.321178,-0.093214,-0.063941,-0.065595,-0.002247,0.014851,0.086329,0.201360,0.450611,0.681052,2.725729
1992-10-06,0.000000,Training,-0.322607,-0.094810,-0.065637,-0.067728,-0.005317,0.012153,0.083184,0.197627,0.445604,0.672860,2.703177
1992-10-07,0.000000,Training,-0.316760,-0.093769,-0.065168,-0.066608,-0.002307,0.015942,0.086666,0.203656,0.454339,0.683742,2.715339
1992-10-08,0.000000,Training,-0.310426,-0.092770,-0.066098,-0.061021,0.007762,0.028810,0.101711,0.225157,0.484005,0.725111,2.771571
1992-10-09,0.000000,Training,-0.317007,-0.097288,-0.071778,-0.066282,0.002108,0.023332,0.095111,0.219139,0.481939,0.722870,2.792292
1992-10-10,0.000000,Training,-0.323136,-0.102894,-0.077466,-0.069997,-0.000526,0.021990,0.093797,0.220468,0.490408,0.736092,2.839036
1992-10-11,0.000000,Training,-0.338194,-0.120328,-0.104586,-0.076369,0.004531,0.031125,0.109885,0.249854,0.547251,0.845144,3.115196
1992-10-12,0.000000,Training,-0.350619,-0.131266,-0.100536,-0.067964,0.016098,0.053470,0.130506,0.283717,0.614747,0.930859,3.327421
1992-10-13,0.000000,Training,-0.353273,-0.140061,-0.101532,-0.071964,0.010047,0.053737,0.128549,0.288124,0.637730,0.955108,3.394826
1992-10-14,0.000000,Training,-0.386762,-0.170441,-0.129923,-0.095053,-0.015375,0.035147,0.107132,0.277551,0.675477,1.018734,3.688396
1992-10-15,0.000000,Training,-0.403615,-0.204332,-0.188090,-0.137286,-0.032909,0.018477,0.102927,0.284462,0.746927,1.251449,4.640107
1992-10-16,0.000000,Training,-0.603199,-0.351811,-0.320981,-0.200670,0.003507,0.139252,0.267236,0.694845,2.116405,3.416614,13.678596
1992-10-17,0.000000,Training,-0.518129,-0.239949,-0.167737,-0.011688,0.182201,0.343516,0.488986,0.935260,2.258381,3.286822,10.817560
1992-10-18,0.000000,Training,-0.662173,-0.280207,-0.189759,0.306997,1.188150,1.642436,2.461955,5.128204,14.032755,21.450451,64.283813
1992-10-19,0.000000,Training,-0.687001,-0.281212,0.045396,0.897871,2.867067,3.591519,5.417853,11.911240,33.016113,53.772011,157.852875
1992-10-20,0.000000,Training,-0.588778,-0.218191,0.027358,0.550278,1.294767,1.811289,2.497275,4.643529,11.600080,17.046379,46.667217
1992-10-21,0.000000,Training,-0.506137,-0.179011,-0.054255,0.261979,0.607361,0.892836,1.223370,2.157686,4.812600,6.943327,18.186197
1992-10-22,0.000000,Training,-0.512678,-0.251087,-0.150933,0.095966,0.333492,0.541197,0.810355,1.447540,3.115075,4.520877,11.596154
1992-10-23,0.000000,Training,-0.516398,-0.285699,-0.187222,0.013520,0.206272,0.383873,0.607224,1.121709,2.519587,3.701860,9.896859
1992-10-24,0.000000,Training,-0.535297,-0.318907,-0.219624,-0.012970,0.168726,0.345595,0.562155,1.068703,2.411527,3.529419,9.422971
1992-10-25,0.000000,Training,-0.559753,-0.353451,-0.246117,-0.023045,0.158654,0.342368,0.560586,1.085024,2.440484,3.556038,9.353402
1992-10-26,0.000000,Training,-0.558486,-0.355258,-0.249167,-0.006835,0.186176,0.376356,0.606279,1.154042,2.486601,3.564653,9.099480
1992-10-27,0.000000,Training,-0.566719,-0.363074,-0.272577,-0.036329,0.147705,0.322073,0.537812,1.056979,2.315587,3.343573,8.745935
1992-10-28,0.000000,Training,-0.557932,-0.358251,-0.265057,-0.047265,0.119330,0.290258,0.480397,0.967281,2.135198,3.070043,8.115518
1992-10-29,0.000000,Training,-0.594583,-0.398214,-0.307603,-0.066593,0.114097,0.286813,0.490190,1.011841,2.303072,3.404872,9.059162
1992-10-30,0.000000,Training,-0.557440,-0.359863,-0.271460,-0.059299,0.104726,0.273350,0.451183,0.925453,2.057485,2.983554,7.992888
1992-10-31,0.000000,Training,-0.512606,-0.306637,-0.239358,-0.028999,0.121046,0.284951,0.464014,0.924919,1.842983,2.546289,6.594620
1992-11-01,0.000000,Training,-0.512018,-0.306486,-0.239708,-0.030957,0.115579,0.278373,0.451882,0.906609,1.810792,2.505067,6.504989
1992-11-02,0.000000,Training,-0.541727,-0.337808,-0.249288,-0.004127,0.167506,0.354809,0.554097,1.076243,2.158670,3.016074,7.529253
1992-11-03,0.000000,Training,-0.537669,-0.343839,-0.254295,-0.053022,0.098279,0.265885,0.425535,0.879540,1.900794,2.706582,7.127050
1992-11-04,0.000000,Training,-0.526256,-0.335631,-0.252068,-0.086570,0.042559,0.192093,0.321421,0.720942,1.627858,2.327680,6.413923
1992-11-05,0.000000,Training,-0.535448,-0.346103,-0.258567,-0.087571,0.042392,0.195450,0.324563,0.732385,1.667505,2.394097,6.550461
1992-11-06,0.000000,Training,-0.490143,-0.298867,-0.231636,-0.109555,-0.002270,0.123394,0.225344,0.557512,1.280377,1.811797,5.285764
1992-11-07,0.000000,Training,-0.431352,-0.240247,-0.185848,-0.106907,-0.012555,0.086017,0.172435,0.441982,0.987552,1.369756,4.233924
1992-11-08,0.000000,Training,-0.428325,-0.237340,-0.185340,-0.097475,-0.000897,0.101373,0.193394,0.470525,1.017971,1.407289,4.240427
1992-11-09,0.000000,Training,-0.412164,-0.220764,-0.171769,-0.094571,-0.001705,0.093476,0.182207,0.442846,0.947788,1.304971,3.994427
1992-11-10,0.000000,Training,-0.400904,-0.209130,-0.162007,-0.091398,-0.000377,0.089855,0.177134,0.427049,0.905876,1.246763,3.851296
1992-11-11,0.000000,Training,-0.398313,-0.206152,-0.159259,-0.096170,-0.007843,0.078511,0.161002,0.401960,0.873352,1.206747,3.809621
1992-11-12,0.000000,Training,-0.401374,-0.207719,-0.160011,-0.105573,-0.022298,0.060155,0.137017,0.368703,0.832029,1.156216,3.759070
1992-11-13,0.000000,Training,-0.417879,-0.227334,-0.176416,-0.102766,-0.010987,0.084127,0.168378,0.426999,0.942970,1.303943,4.048529
1992-11-14,0.000000,Training,-0.427348,-0.236682,-0.186572,-0.099952,-0.005634,0.096426,0.184935,0.457726,1.003946,1.394252,4.220088
1992-11-15,0.000000,Training,-0.429010,-0.248919,-0.219035,-0.118115,-0.007335,0.092081,0.196503,0.480100,1.051212,1.550525,4.715654
1992-11-16,0.000000,Training,-0.485078,-0.286552,-0.225750,-0.086723,0.030310,0.168884,0.273243,0.616362,1.365532,1.963290,5.748676
1992-11-17,0.000000,Training,-0.443442,-0.255071,-0.188771,-0.091671,0.018640,0.137419,0.231030,0.530726,1.179480,1.682053,5.034601
1992-11-18,0.000000,Training,-0.447290,-0.259976,-0.193993,-0.094998,0.015633,0.133133,0.227538,0.533660,1.185406,1.682012,5.032516
1992-11-19,0.000000,Training,-0.426968,-0.237344,-0.179994,-0.077992,0.028800,0.142084,0.244748,0.550341,1.144159,1.583255,4.601601
1992-11-20,0.000000,Training,-0.415705,-0.224629,-0.172625,-0.070932,0.032078,0.142116,0.246759,0.548145,1.107038,1.511167,4.359741
1992-11-21,0.000000,Training,-0.405854,-0.216346,-0.163969,-0.076262,0.023364,0.126814,0.224728,0.508015,1.045452,1.434548,4.224969
1992-11-22,0.000000,Training,-0.396186,-0.206665,-0.156840,-0.072143,0.024805,0.124545,0.221754,0.497560,1.009820,1.381698,4.071805
1992-11-23,0.000000,Training,-0.398652,-0.209876,-0.159393,-0.073888,0.022886,0.123519,0.219738,0.497248,1.012648,1.384656,4.077046
1992-11-24,0.000000,Training,-0.407436,-0.219101,-0.167223,-0.073527,0.025455,0.131257,0.230273,0.520130,1.054048,1.435231,4.167122
1992-11-25,0.000000,Training,-0.422650,-0.233560,-0.180528,-0.072096,0.031362,0.145291,0.250348,0.561575,1.128769,1.527651,4.343246
1992-11-26,0.000000,Training,-0.432059,-0.245481,-0.186470,-0.077923,0.027978,0.145723,0.248894,0.565958,1.161334,1.579607,4.493518
1992-11-27,0.000000,Training,-0.433383,-0.247818,-0.187331,-0.079419,0.026844,0.144947,0.247146,0.564367,1.164008,1.584361,4.510374
1992-11-28,0.000000,Training,-0.434384,-0.246875,-0.189145,-0.072514,0.033782,0.154273,0.260649,0.586305,1.181026,1.593321,4.470961
1992-11-29,0.000000,Training,-0.430563,-0.241995,-0.186765,-0.070080,0.034266,0.153571,0.259143,0.582213,1.163587,1.562731,4.386875
1992-11-30,0.000000,Training,-0.425365,-0.237780,-0.182349,-0.072014,0.030575,0.146563,0.248137,0.561845,1.133661,1.532072,4.336521
1992-12-01,0.000000,Training,-0.453663,-0.268875,-0.205332,-0.088431,0.023304,0.146273,0.247357,0.579264,1.236173,1.701494,4.846666
1992-12-02,0.000000,Training,-0.471929,-0.288001,-0.218387,-0.088085,0.029532,0.161977,0.267426,0.622125,1.338568,1.850940,5.188062
1992-12-03,0.000000,Training,-0.496586,-0.315441,-0.232376,-0.085933,0.037510,0.184060,0.292472,0.678788,1.493873,2.081302,5.732331
1992-12-04,0.000000,Training,-0.461651,-0.283583,-0.230276,-0.124685,-0.012771,0.098588,0.189566,0.505758,1.158668,1.655400,4.994731
1992-12-05,0.000000,Training,-0.463070,-0.280401,-0.208232,-0.094009,0.019733,0.148699,0.241921,0.575144,1.263548,1.763034,5.102607
1992-12-06,0.000000,Training,-0.453867,-0.271856,-0.201476,-0.082111,0.032117,0.162111,0.263457,0.603072,1.275789,1.758012,4.960703
1992-12-07,0.000000,Training,-0.470086,-0.288631,-0.216359,-0.091408,0.027130,0.159895,0.260849,0.612144,1.334973,1.860959,5.300952
1992-12-08,0.000000,Training,-0.457889,-0.268656,-0.206930,-0.061151,0.055673,0.195372,0.312359,0.685378,1.360092,1.809460,4.915610
1992-12-09,0.000000,Training,-0.453729,-0.262782,-0.205546,-0.059984,0.055765,0.195395,0.312906,0.683413,1.339940,1.759497,4.782574
1992-12-10,0.000000,Training,-0.467918,-0.272448,-0.222980,-0.061012,0.064582,0.203484,0.331834,0.718826,1.419962,1.910638,5.162579
1992-12-11,0.000000,Training,-0.467807,-0.275015,-0.211994,-0.057072,0.063839,0.210695,0.330529,0.718254,1.431401,1.912956,5.158070
1992-12-12,0.000000,Training,-0.465285,-0.275505,-0.209840,-0.057392,0.062922,0.207923,0.327437,0.713502,1.426949,1.916330,5.143921
1992-12-13,0.000000,Training,-0.477305,-0.285504,-0.219083,-0.051949,0.073332,0.226006,0.353115,0.762257,1.516698,2.026393,5.370609
1992-12-14,0.000000,Training,-0.471564,-0.278795,-0.215861,-0.051326,0.072390,0.223325,0.350047,0.754026,1.484986,1.963273,5.203585
1992-12-15,0.000000,Training,-0.721487,-0.524004,-0.423879,-0.128164,0.203571,0.566113,0.949469,2.071084,5.753685,8.854068,25.590191
1992-12-16,0.000000,Training,-0.750328,-0.505913,-0.314258,0.176813,0.754654,1.385594,1.973845,3.909356,10.046779,13.998927,38.007233
1992-12-17,0.000000,Training,-0.641717,-0.415231,-0.265723,0.067687,0.392077,0.756377,1.048219,2.037502,4.706265,6.619133,16.670008
1992-12-18,0.000000,Training,-0.590739,-0.369900,-0.232922,0.081231,0.344746,0.628639,0.902406,1.712087,3.662477,5.180553,12.453753
1992-12-19,0.161056,Training,-0.761618,-0.474042,-0.099370,0.820555,3.274945,4.359776,7.831696,17.158806,46.884026,75.542572,184.437515
1992-12-20,8.535951,Training,0.170356,1.778946,3.223798,11.159082,28.183239,34.485043,57.009155,113.201340,224.803406,297.136383,616.699951
1992-12-21,196.326883,Training,4.545844,11.642866,16.418839,51.881004,97.306442,117.619217,179.264603,282.200409,448.409210,585.919128,1154.554443
1992-12-22,1469.472095,Training,13.076870,26.606731,34.655449,95.495628,147.026749,180.828583,242.764572,333.714264,495.516357,654.641174,1254.286743
1992-12-23,399.257050,Training,14.690825,24.877882,30.403625,76.095032,114.064781,136.923004,173.689621,234.324738,337.643860,428.772705,793.051453
1992-12-24,50.893597,Training,11.396441,20.403164,24.316151,62.942513,93.323990,113.589638,141.733902,194.183182,281.123169,351.956177,667.958374
1992-12-25,21.581462,Training,3.719172,7.719047,10.163529,24.514666,35.148846,46.598770,53.269638,76.409584,114.568428,137.707367,297.058990
1992-12-26,3.382169,Training,0.257981,1.337472,2.326107,5.569066,8.681584,11.865907,14.269868,21.289354,36.253983,45.655132,98.494370
1992-12-27,0.805278,Training,-0.160087,0.457841,1.074267,2.648458,4.244865,5.692940,7.057380,10.461546,17.842016,23.194029,48.283718
1992-12-28,0.483167,Training,-0.270536,0.194586,0.648645,1.753410,2.832630,3.747463,4.744991,7.026532,11.648837,15.150533,30.781019
1992-12-29,0.483167,Training,-0.380193,-0.016296,0.300385,1.087641,1.828251,2.461397,3.161294,4.796764,7.936738,10.254157,20.737221
1992-12-30,0.483167,Validation,-0.402898,-0.067148,0.212392,0.921937,1.567780,2.132857,2.740352,4.169955,6.842188,8.749120,17.718168
1992-12-31,0.483167,Validation,-0.421587,-0.106990,0.154531,0.809540,1.403062,1.927478,2.473173,3.783205,6.210027,7.910708,16.127237
1993-01-01,0.483167,Training,-0.431590,-0.139434,0.116692,0.717488,1.291209,1.789106,2.278541,3.494846,5.740063,7.350064,15.270403
1993-01-02,0.161056,Training,-0.437200,-0.163031,0.090135,0.653901,1.211236,1.691168,2.142169,3.295853,5.426332,7.003005,14.965532
1993-01-03,0.161056,Training,-0.489447,-0.237269,-0.019245,0.470384,0.939632,1.348483,1.738806,2.780833,4.721885,6.150470,13.210073
1993-01-04,0.161056,Training,-0.506006,-0.264400,-0.055065,0.404858,0.843200,1.229589,1.592343,2.589525,4.461752,5.849991,12.705160
1993-01-05,0.000000,Training,-0.533362,-0.289792,-0.095743,0.365775,0.748201,1.107820,1.464603,2.460565,4.365253,5.726989,12.298643
1993-01-06,0.000000,Training,-0.538441,-0.297646,-0.103199,0.357308,0.728164,1.084428,1.433581,2.428556,4.341568,5.712348,12.273014
1993-01-07,0.000000,Training,-0.550695,-0.325511,-0.155773,0.241393,0.560296,0.876349,1.171862,2.048481,3.743201,4.963816,10.890673
1993-01-08,0.000000,Training,-0.554387,-0.343379,-0.195047,0.143817,0.420271,0.701126,0.949316,1.714568,3.198811,4.280198,9.637734
1993-01-09,0.000000,Training,-0.546180,-0.346484,-0.227194,0.048379,0.266557,0.501421,0.697380,1.332752,2.564561,3.454142,8.084141
1993-01-10,0.000000,Training,-0.508898,-0.321510,-0.230323,-0.029859,0.138689,0.326317,0.467625,0.959468,1.888778,2.543684,6.345789
1993-01-11,0.000000,Training,-0.483579,-0.289134,-0.217784,-0.031719,0.101833,0.257939,0.381017,0.822950,1.644887,2.216309,5.670186
1993-01-12,0.000000,Training,-0.440230,-0.250928,-0.189746,-0.049576,0.066588,0.193158,0.290031,0.655412,1.308108,1.772722,4.778873
1993-01-13,0.000000,Training,-0.432016,-0.245722,-0.179934,-0.050020,0.061930,0.188459,0.278476,0.634080,1.263194,1.695226,4.609162
1993-01-14,0.000000,Training,-0.432034,-0.247383,-0.181522,-0.052023,0.060646,0.189769,0.280401,0.637037,1.262758,1.680289,4.563936
1993-01-15,0.000000,Training,-0.434204,-0.249743,-0.184498,-0.052480,0.060719,0.191692,0.283421,0.643476,1.270663,1.685793,4.561626
1993-01-16,0.000000,Training,-0.432090,-0.248446,-0.184266,-0.053903,0.058963,0.190158,0.281020,0.638637,1.255569,1.659558,4.492660
1993-01-17,0.000000,Training,-0.428842,-0.244159,-0.181152,-0.049808,0.059753,0.188312,0.277853,0.633885,1.242629,1.645240,4.446178
1993-01-18,0.000000,Training,-0.426434,-0.242809,-0.179998,-0.052241,0.057396,0.185807,0.273700,0.625182,1.221382,1.611427,4.372484
1993-01-19,0.000000,Training,-0.425339,-0.244223,-0.180460,-0.057909,0.054026,0.183689,0.269684,0.616354,1.202079,1.582812,4.318306
1993-01-20,0.000000,Training,-0.425621,-0.244557,-0.180656,-0.058143,0.053891,0.183813,0.269329,0.615972,1.199834,1.579503,4.306554
1993-01-21,0.000000,Training,-0.425788,-0.242400,-0.178912,-0.051455,0.056887,0.184716,0.270442,0.621127,1.209527,1.596887,4.324546
1993-01-22,0.000000,Training,-0.425608,-0.242551,-0.178232,-0.050485,0.057478,0.184402,0.269794,0.620935,1.208701,1.599957,4.323809
1993-01-23,0.000000,Training,-0.426794,-0.244240,-0.179627,-0.052108,0.056610,0.184045,0.269467,0.621000,1.208138,1.597497,4.315791
1993-01-24,0.000000,Training,-0.427282,-0.245454,-0.180769,-0.054881,0.055466,0.184125,0.269369,0.619708,1.203701,1.587135,4.295505
1993-01-25,0.000000,Training,-0.427421,-0.246047,-0.181129,-0.056122,0.055203,0.184484,0.269422,0.619133,1.201523,1.583284,4.287664
1993-01-26,0.000000,Training,-0.426302,-0.243760,-0.178596,-0.050821,0.058203,0.185482,0.270318,0.622076,1.206477,1.597366,4.305546
1993-01-27,0.000000,Training,-0.426783,-0.244520,-0.178927,-0.051102,0.058526,0.186068,0.271024,0.623304,1.207796,1.598652,4.305708
1993-01-28,0.000000,Training,-0.430359,-0.249689,-0.183652,-0.057880,0.056503,0.187385,0.272836,0.624978,1.211604,1.598640,4.318295
1993-01-29,0.000000,Training,-0.563202,-0.347786,-0.248084,0.061094,0.381497,0.650956,0.931867,1.719460,3.882731,5.717389,14.704319
1993-01-30,0.000000,Training,-0.648798,-0.132976,0.159740,1.641486,4.708289,6.920111,9.387771,19.958115,53.272518,69.816917,181.418457
1993-01-31,0.000000,Training,-0.489447,0.199343,0.627428,2.677808,6.774626,9.503776,12.141878,24.294731,57.380169,78.614113,186.004883
1993-02-01,0.000000,Training,-0.511439,0.068106,0.563462,2.227779,4.651036,6.450047,8.141260,15.508028,33.682961,47.051868,104.270569
1993-02-02,0.000000,Training,-0.554609,-0.191915,0.189358,1.004212,1.951896,2.785724,3.494075,6.326268,13.347139,19.392199,41.781731
1993-02-03,0.000000,Training,-0.512178,-0.178440,0.187391,0.937471,1.712827,2.425348,3.105758,5.254750,10.235396,14.611567,31.029282
1993-02-04,0.000000,Training,-0.510922,-0.226947,0.047545,0.614848,1.165600,1.672149,2.171609,3.664127,6.859432,9.555835,20.150442
1993-02-05,0.000000,Training,-0.512254,-0.246302,-0.017482,0.485373,0.951711,1.380858,1.812871,3.067452,5.630226,7.745858,16.365028
1993-02-06,0.000000,Training,-0.556369,-0.273143,-0.073317,0.507159,1.044262,1.507153,2.059350,3.538412,6.791401,9.696591,21.349878
1993-02-07,0.000000,Training,-0.571909,-0.310863,-0.071034,0.472921,0.956324,1.421181,1.882742,3.294384,6.476822,9.321688,20.495762
1993-02-08,0.000000,Training,-0.559070,-0.311277,-0.095603,0.391301,0.816018,1.227642,1.628401,2.852487,5.489593,7.759450,16.975521
1993-02-09,0.000000,Training,-0.645157,-0.344552,-0.096581,0.662081,1.474409,2.183005,3.084350,5.662466,12.462403,18.961515,44.682789
1993-02-10,0.322111,Training,-0.661542,-0.240508,0.160894,1.565033,3.747426,5.292616,7.345377,14.607424,32.880917,48.006466,117.550346
1993-02-11,0.322111,Training,-0.577534,-0.089571,0.363748,1.933275,4.089067,5.720610,7.615174,14.359258,30.463402,44.013462,101.369217
1993-02-12,0.805278,Training,-0.546162,-0.113767,0.286215,1.454629,2.739193,3.912286,5.030595,8.767889,17.750444,25.184391,56.779884
1993-02-13,0.805278,Training,-0.521816,-0.181454,0.202123,1.065538,1.917738,2.735887,3.521828,5.948322,11.447609,16.439436,35.624531
1993-02-14,0.161056,Training,-0.488902,-0.180802,0.172231,0.927469,1.641481,2.304887,2.979346,4.897630,8.959153,12.717937,27.033804
1993-02-15,0.000000,Training,-0.476619,-0.191391,0.142539,0.835164,1.481441,2.068569,2.673170,4.360864,7.788618,10.965508,23.028332
1993-02-16,0.000000,Training,-0.470466,-0.187311,0.115391,0.770492,1.352020,1.901172,2.440077,3.963573,6.891247,9.388302,19.580126
1993-02-17,0.000000,Training,-0.512417,-0.264549,-0.027595,0.491165,0.925058,1.356238,1.756879,2.969799,5.261370,7.137801,15.025991
1993-02-18,0.000000,Training,-0.536345,-0.317908,-0.133269,0.271526,0.587817,0.916860,1.211040,2.161466,3.947339,5.417310,11.658142
1993-02-19,0.000000,Training,-0.534385,-0.333009,-0.190228,0.125994,0.360760,0.615689,0.831740,1.572529,2.942208,4.060061,9.080817
1993-02-20,0.000000,Training,-0.530627,-0.336780,-0.201549,0.086595,0.300319,0.533843,0.725735,1.404372,2.662003,3.705298,8.436017
1993-02-21,0.000000,Training,-0.531962,-0.340689,-0.205661,0.076164,0.284357,0.513317,0.696924,1.359159,2.592396,3.621736,8.295462
1993-02-22,0.000000,Training,-0.533077,-0.346797,-0.209914,0.061384,0.264083,0.486941,0.659840,1.301476,2.516820,3.550797,8.206629
1993-02-23,0.000000,Training,-0.533496,-0.335399,-0.213695,0.063254,0.261815,0.488996,0.660433,1.293563,2.448774,3.333468,7.733759
1993-02-24,0.000000,Training,-0.539488,-0.338612,-0.216952,0.068354,0.272598,0.503436,0.678963,1.322046,2.511265,3.427823,7.959720
1993-02-25,0.000000,Training,-0.513648,-0.320570,-0.218778,0.012045,0.174229,0.366471,0.501742,1.034190,1.997365,2.734013,6.591375
1993-02-26,0.000000,Training,-0.516890,-0.323696,-0.221049,0.010396,0.172564,0.366935,0.500352,1.033530,2.007004,2.743774,6.620445
1993-02-27,0.000000,Training,-0.533583,-0.337053,-0.223949,0.032343,0.211019,0.422957,0.570516,1.150716,2.237382,3.068544,7.281559
1993-02-28,0.000000,Training,-0.504616,-0.325567,-0.227013,-0.043196,0.125804,0.314452,0.423518,0.887143,1.734800,2.379529,6.010998
1993-03-01,0.000000,Training,-0.480167,-0.315817,-0.234934,-0.080023,0.072470,0.253481,0.348692,0.745330,1.447872,1.983553,5.545314
1993-03-02,0.000000,Training,-0.446963,-0.281885,-0.204142,-0.092086,0.040704,0.189754,0.260206,0.600469,1.195026,1.644078,4.586249
1993-03-03,0.000000,Training,-0.431689,-0.263488,-0.200448,-0.099120,0.036940,0.166484,0.239657,0.553943,1.096425,1.528689,4.334904
1993-03-04,0.000000,Training,-0.480504,-0.278664,-0.210396,-0.040875,0.117884,0.259913,0.351577,0.764901,1.595303,2.306766,6.228289
1993-03-05,1.771613,Training,-0.667802,-0.323552,-0.179825,0.349711,1.057735,1.660200,1.893355,3.852286,9.950253,14.541147,38.852264
1993-03-06,37.203864,Training,-0.589791,0.010068,0.374126,1.982970,4.933227,6.625267,8.337210,17.875319,42.413319,59.519432,143.022797
1993-03-07,14.172901,Training,-0.608448,-0.211047,0.088240,0.937999,1.989767,2.877232,3.455362,6.817744,15.504815,22.315903,52.036652
1993-03-08,2.254780,Training,-0.580871,-0.295186,-0.068438,0.398054,0.855209,1.300374,1.586732,3.027383,6.577049,9.745232,22.311867
1993-03-09,0.644223,Training,-0.584482,-0.310760,-0.118573,0.350415,0.772954,1.167121,1.514499,2.787207,5.785343,8.578882,19.475845
1993-03-10,0.161056,Training,-0.604921,-0.306209,-0.133897,0.404728,0.922855,1.376970,1.813698,3.372532,7.244767,10.882311,25.218567
1993-03-11,0.483167,Training,-0.643925,-0.202492,0.117228,1.295287,2.980400,4.285601,5.562673,11.252734,26.081882,38.566788,92.358665
1993-03-12,1.449501,Training,-0.562429,-0.008696,0.440856,2.110001,4.689039,6.382922,8.295618,16.525839,35.651508,51.909859,120.731583
1993-03-13,87.453238,Training,-0.242642,0.724019,1.546138,5.224893,10.975454,14.417705,18.959536,36.400780,70.976952,98.864388,210.340240
1993-03-14,15.783457,Training,-0.203243,0.784557,1.508094,4.906381,9.692671,12.780272,16.214674,29.705502,55.852814,75.952888,166.294739
1993-03-15,3.382169,Training,-0.413982,0.091514,0.693639,2.193643,3.964532,5.542233,6.864830,12.058223,23.455908,34.107689,75.442284
1993-03-16,0.805278,Training,-0.520464,-0.215679,0.254430,1.070225,2.030914,2.846004,3.573081,6.217639,12.564976,19.552980,45.259327
1993-03-17,0.161056,Training,-0.513729,-0.248413,0.145394,0.826946,1.558722,2.189160,2.777666,4.702520,9.178349,14.016215,31.707422
1993-03-18,0.000000,Training,-0.527759,-0.290928,0.024946,0.591505,1.150868,1.635537,2.111396,3.599846,6.942548,10.472414,23.259060
1993-03-19,0.000000,Training,-0.554695,-0.349296,-0.086523,0.375000,0.805867,1.187415,1.546422,2.736031,5.397072,8.183022,18.479450
1993-03-20,0.000000,Training,-0.554737,-0.361627,-0.132069,0.267326,0.611699,0.946849,1.235682,2.231189,4.397385,6.554599,14.744091
1993-03-21,0.000000,Training,-0.565751,-0.385710,-0.163890,0.201365,0.507057,0.817514,1.054048,1.966511,3.962549,5.933899,13.612748
1993-03-22,0.000000,Training,-0.557433,-0.377312,-0.191245,0.130971,0.385187,0.653647,0.860170,1.638680,3.289705,4.861236,11.262666
1993-03-23,0.000000,Training,-0.557889,-0.385117,-0.224156,0.040447,0.237411,0.459785,0.606360,1.250029,2.624937,3.939920,9.582355
1993-03-24,0.000000,Training,-0.525646,-0.349581,-0.223779,-0.026205,0.113507,0.291087,0.386616,0.877914,1.899209,2.838009,7.294678
1993-03-25,0.000000,Training,-0.476389,-0.294158,-0.200846,-0.024666,0.103465,0.259289,0.353480,0.785459,1.616104,2.347140,6.079875
1993-03-26,0.000000,Training,-0.460306,-0.268036,-0.191785,-0.012350,0.106673,0.257728,0.355300,0.770772,1.509676,2.136674,5.456578
1993-03-27,0.000000,Training,-0.458243,-0.268651,-0.190323,-0.021067,0.092951,0.239554,0.325361,0.723247,1.461197,2.104094,5.472184
1993-03-28,0.000000,Training,-0.452806,-0.264678,-0.188203,-0.031194,0.076702,0.216373,0.291692,0.668184,1.376843,1.995746,5.294295
1993-03-29,0.000000,Training,-0.432438,-0.240258,-0.176863,-0.032746,0.065074,0.192977,0.263749,0.609151,1.228714,1.757327,4.724349
1993-03-30,0.000000,Training,-0.408198,-0.218031,-0.160305,-0.044808,0.043406,0.155023,0.211473,0.514664,1.057407,1.523921,4.282976
1993-03-31,0.000000,Training,-0.386035,-0.197419,-0.143427,-0.051883,0.029287,0.126503,0.173349,0.442460,0.924497,1.340674,3.933080
1993-04-01,0.000000,Training,-0.357847,-0.167631,-0.120489,-0.043452,0.031847,0.117457,0.164985,0.408191,0.810470,1.158307,3.446438
1993-04-02,0.000000,Training,-0.325948,-0.136349,-0.091813,-0.038088,0.031482,0.100513,0.148047,0.359058,0.677639,0.957677,2.961521
1993-04-03,0.000000,Training,-0.318391,-0.130530,-0.083128,-0.043422,0.025942,0.087871,0.130257,0.326959,0.639379,0.923973,2.957591
1993-04-04,0.000000,Training,-0.321072,-0.130462,-0.083747,-0.055202,0.009741,0.064991,0.099594,0.284062,0.594401,0.872253,2.956739
1993-04-05,0.000000,Training,-0.323330,-0.133130,-0.086751,-0.054181,0.010655,0.068257,0.102248,0.289757,0.608640,0.894934,2.998981
1993-04-06,0.000000,Training,-0.324194,-0.127849,-0.084170,-0.060653,-0.003545,0.047004,0.076467,0.248903,0.546365,0.814894,2.871194
1993-04-07,0.000000,Training,-0.316485,-0.116834,-0.072427,-0.060044,-0.006698,0.036014,0.066431,0.223522,0.487719,0.727529,2.660577
1993-04-08,0.000000,Training,-0.303142,-0.105930,-0.062869,-0.054051,-0.000349,0.038781,0.070203,0.222609,0.473406,0.706340,2.589436
1993-04-09,0.000000,Training,-0.307884,-0.104370,-0.063165,-0.056253,-0.007739,0.029336,0.059525,0.204668,0.444357,0.666055,2.503132
1993-04-10,0.000000,Training,-0.280724,-0.086578,-0.046653,-0.039827,0.014288,0.049322,0.083496,0.228782,0.460636,0.688539,2.494043
1993-04-11,0.000000,Training,-0.273064,-0.082152,-0.046272,-0.026643,0.033224,0.068878,0.109881,0.261069,0.485990,0.732543,2.515211
1993-04-12,0.000000,Training,-0.292999,-0.097528,-0.060175,-0.025202,0.034886,0.083531,0.124838,0.295028,0.549320,0.803862,2.642969
1993-04-13,0.000000,Training,-0.300242,-0.103387,-0.072630,-0.020349,0.043786,0.094814,0.140605,0.320184,0.580069,0.855499,2.742764
1993-04-14,0.000000,Training,-0.350311,-0.150764,-0.104770,-0.001286,0.084548,0.162011,0.207827,0.419680,0.774844,1.189616,3.561599
1993-04-15,0.000000,Training,-0.403345,-0.184098,-0.111694,-0.018189,0.082939,0.179245,0.206253,0.454577,0.942652,1.428521,4.526301
1993-04-16,0.000000,Training,-0.362017,-0.155512,-0.086369,-0.026072,0.055239,0.132831,0.154531,0.363958,0.769461,1.191812,3.891845
1993-04-17,0.000000,Training,-0.349839,-0.143761,-0.087298,-0.038659,0.023593,0.088038,0.104164,0.289547,0.640698,0.999713,3.446944
1993-04-18,0.000000,Training,-0.329532,-0.122826,-0.074604,-0.034175,0.021750,0.077189,0.098597,0.272832,0.588419,0.906507,3.147051
1993-04-19,0.000000,Training,-0.315198,-0.107784,-0.065655,-0.030854,0.021112,0.070202,0.095296,0.262272,0.554395,0.843841,2.948306
1993-04-20,0.000000,Training,-0.300126,-0.093653,-0.057486,-0.024552,0.027579,0.071635,0.102541,0.264784,0.537240,0.811876,2.814923
1993-04-21,0.000000,Training,-0.289755,-0.084170,-0.050808,-0.018433,0.033787,0.075382,0.111042,0.269639,0.524787,0.789577,2.704370
1993-04-22,0.000000,Training,-0.280617,-0.075945,-0.041078,-0.015223,0.033553,0.073153,0.109138,0.260189,0.496727,0.743447,2.567343
1993-04-23,0.000000,Training,-0.284409,-0.081801,-0.059722,-0.006858,0.048164,0.088673,0.134144,0.296463,0.529656,0.811849,2.656905
1993-04-24,0.000000,Training,-0.327347,-0.119437,-0.088287,0.007683,0.078950,0.144252,0.188656,0.377260,0.678003,1.056970,3.256664
1993-04-25,0.000000,Training,-0.375127,-0.144202,-0.090254,0.001719,0.083066,0.167446,0.200144,0.420515,0.817228,1.217570,3.842607
1993-04-26,0.000000,Training,-0.352079,-0.131447,-0.090631,0.002611,0.076901,0.149547,0.184484,0.394454,0.755499,1.166660,3.600592
1993-04-27,0.000000,Training,-0.376165,-0.157065,-0.122262,0.009582,0.088181,0.179487,0.203142,0.439853,0.866105,1.386067,4.156434
1993-04-28,0.000000,Training,-0.491156,-0.162242,-0.108496,0.214249,0.371873,0.634183,0.587114,1.111201,2.318443,3.415124,9.219973
1993-04-29,0.000000,Training,-0.541530,0.006500,0.134830,0.934331,1.666272,2.384565,2.392689,4.415154,9.471621,13.623387,32.555851
1993-04-30,0.000000,Training,-0.508735,0.151776,0.425146,1.673288,3.028970,4.043761,4.138273,7.901000,16.822842,25.352352,57.524559
1993-05-01,0.000000,Training,-0.547240,-0.143127,0.080683,0.673223,1.150094,1.607411,1.665768,3.234709,7.059471,10.690125,26.339758
1993-05-02,0.000000,Training,-0.498543,-0.190205,-0.041960,0.286714,0.465350,0.730128,0.745000,1.459002,3.204876,4.901386,12.362914
1993-05-03,0.000000,Training,-0.478831,-0.209502,-0.108563,0.141251,0.263432,0.450575,0.488991,0.984233,2.160368,3.336713,8.585668
1993-05-04,0.000000,Training,-0.479428,-0.179254,-0.128434,0.198862,0.331614,0.533287,0.587081,1.113169,2.413131,3.848003,9.575836
1993-05-05,0.000000,Training,-0.588915,-0.262082,-0.189004,0.169912,0.358577,0.605722,0.605465,1.328403,3.143777,5.033260,13.907215
1993-05-06,0.000000,Training,-0.511719,-0.222357,-0.129992,0.143183,0.247837,0.437574,0.427137,0.936155,2.143988,3.414583,9.465654
1993-05-07,0.000000,Training,-0.496191,-0.240904,-0.140028,0.106825,0.184295,0.361576,0.360332,0.807755,1.861427,2.990711,8.147128
1993-05-08,0.000000,Training,-0.492074,-0.243976,-0.150017,0.090203,0.148148,0.311441,0.311554,0.718704,1.667302,2.731381,7.457096
1993-05-09,0.000000,Training,-0.488236,-0.232070,-0.167641,0.078419,0.132495,0.275748,0.287548,0.663391,1.540594,2.574736,7.097837
1993-05-10,0.000000,Training,-0.488342,-0.230978,-0.181789,0.067664,0.127944,0.271560,0.290110,0.659188,1.532006,2.562359,7.088323
1993-05-11,0.000000,Training,-0.532392,-0.227349,-0.158147,0.195076,0.247883,0.493794,0.453952,0.899562,2.070545,3.539420,9.857956
1993-05-12,0.000000,Training,-0.646350,-0.274842,-0.158899,0.333274,0.633189,1.016216,0.952561,2.006688,4.546270,7.348867,20.556881
1993-05-13,0.000000,Training,-0.614379,-0.253395,-0.176473,0.215814,0.432538,0.713118,0.668117,1.451568,3.337797,5.361425,15.123551
1993-05-14,0.000000,Training,-0.563652,-0.245601,-0.154548,0.173366,0.305192,0.528916,0.508410,1.089928,2.511076,4.017254,11.036654
1993-05-15,0.000000,Training,-0.496817,-0.221611,-0.127365,0.118130,0.183635,0.357103,0.337558,0.748889,1.735894,2.798322,7.801390
1993-05-16,0.000000,Training,-0.452562,-0.191012,-0.121107,0.079317,0.119188,0.255448,0.245874,0.567633,1.320876,2.128303,6.098588
1993-05-17,0.000000,Training,-0.424079,-0.155766,-0.136218,0.060868,0.086212,0.194367,0.184667,0.440797,1.016888,1.751663,5.314531
1993-05-18,0.000000,Training,-0.406583,-0.147300,-0.101039,0.048698,0.086285,0.187053,0.186682,0.434675,0.983205,1.553793,4.759050
1993-05-19,0.000000,Training,-0.355161,-0.108634,-0.070879,0.036961,0.073460,0.154638,0.173672,0.380437,0.799623,1.216996,3.763149
1993-05-20,0.000000,Training,-0.353031,-0.110326,-0.079788,0.019351,0.048450,0.121283,0.135815,0.327397,0.711160,1.092853,3.505729
1993-05-21,0.000000,Training,-0.351742,-0.100355,-0.078516,0.012170,0.027771,0.089140,0.096569,0.263764,0.603603,0.953228,3.252012
1993-05-22,0.000000,Training,-0.357087,-0.107061,-0.088249,0.011911,0.026729,0.092803,0.098339,0.272352,0.637344,1.007954,3.370906
1993-05-23,0.000000,Training,-0.342878,-0.091785,-0.082863,0.002131,0.018482,0.069540,0.080809,0.230049,0.533852,0.857794,3.010368
1993-05-24,0.000000,Training,-0.342587,-0.094033,-0.092205,0.001192,0.007843,0.049996,0.053952,0.167650,0.392409,0.738002,2.812672
1993-05-25,0.000000,Training,-0.412210,-0.148119,-0.127835,0.016681,0.044629,0.131429,0.112741,0.271283,0.623554,1.125701,3.940546
1993-05-26,0.000000,Training,-0.482449,-0.165338,-0.138580,0.057074,0.108643,0.241584,0.189987,0.430091,0.963342,1.598678,5.554674
1993-05-27,0.000000,Training,-0.450962,-0.156112,-0.090805,0.055702,0.092611,0.191732,0.160301,0.363596,0.811222,1.335022,4.669365
1993-05-28,0.000000,Training,-0.410583,-0.143737,-0.089053,0.038750,0.063497,0.156161,0.130253,0.323131,0.761790,1.264253,4.256714
1993-05-29,0.000000,Training,-0.396273,-0.131721,-0.092026,0.028304,0.038321,0.119526,0.099390,0.272580,0.665144,1.121154,3.823382
1993-05-30,0.000000,Training,-0.356455,-0.087331,-0.064334,0.022042,0.023514,0.076861,0.072816,0.202612,0.479809,0.812549,2.990718
1993-05-31,0.000000,Training,-0.346445,-0.070139,-0.053701,0.011805,0.008145,0.044626,0.050847,0.152172,0.356770,0.615846,2.468170
1993-06-01,0.000000,Training,-0.324702,-0.058828,-0.042476,-0.002096,0.001922,0.025392,0.041631,0.132167,0.300940,0.516610,2.200268
1993-06-02,0.000000,Training,-0.323401,-0.055790,-0.039348,-0.008901,-0.005934,0.010191,0.030089,0.109169,0.248332,0.436481,1.986497
1993-06-03,0.000000,Training,-0.333949,-0.056092,-0.043320,-0.009823,-0.014654,-0.000449,0.017507,0.085227,0.205959,0.380519,1.845632
1993-06-04,0.000000,Training,-0.312160,-0.044355,-0.038939,-0.005450,-0.010016,0.005512,0.020641,0.092946,0.231821,0.424122,1.972553
1993-06-05,0.000000,Training,-0.304061,-0.045811,-0.032219,-0.017460,-0.012693,-0.004915,0.016901,0.085100,0.203034,0.368836,1.816566
1993-06-06,0.000000,Training,-0.313297,-0.047504,-0.040657,-0.020198,-0.016707,-0.012150,0.010263,0.071920,0.181252,0.348446,1.775570
1993-06-07,0.000000,Training,-0.343602,-0.068522,-0.062542,-0.003358,-0.015003,-0.006687,0.010313,0.047687,0.118088,0.330667,1.757794
1993-06-08,0.000000,Training,-0.386310,-0.094531,-0.081156,-0.026806,-0.019042,-0.004191,0.007887,0.062846,0.183717,0.403291,2.040501
1993-06-09,0.000000,Training,-0.347818,-0.079063,-0.052442,-0.020394,-0.010946,0.005945,0.019174,0.082401,0.213004,0.419161,2.026773
1993-06-10,0.000000,Training,-0.312643,-0.058708,-0.040872,-0.021796,-0.012377,-0.001914,0.012135,0.074877,0.203187,0.392808,1.923590
1993-06-11,0.000000,Training,-0.306441,-0.047579,-0.040726,-0.015583,-0.016444,-0.004926,0.004448,0.062698,0.190869,0.381675,1.902014
1993-06-12,0.000000,Training,-0.327832,-0.052480,-0.048465,-0.016812,-0.027141,-0.015475,-0.006591,0.043523,0.155026,0.329229,1.761642
1993-06-13,0.000000,Training,-0.340686,-0.054115,-0.046611,-0.019423,-0.033437,-0.027964,-0.016717,0.018828,0.095638,0.241493,1.525234
1993-06-14,0.000000,Training,-0.347040,-0.062601,-0.041310,-0.030143,-0.034583,-0.037626,-0.019072,0.011896,0.063974,0.185615,1.355409
1993-06-15,0.000000,Training,-0.346550,-0.062798,-0.041155,-0.030770,-0.034747,-0.037835,-0.018981,0.012781,0.065684,0.186916,1.358267
1993-06-16,0.000000,Training,-0.340368,-0.058955,-0.036662,-0.030395,-0.033026,-0.038008,-0.017651,0.012714,0.063161,0.183153,1.348350
1993-06-17,0.000000,Training,-0.348748,-0.061107,-0.039165,-0.028956,-0.034874,-0.039367,-0.020607,0.005933,0.049613,0.165883,1.305050
1993-06-18,0.000000,Training,-0.347909,-0.060587,-0.038648,-0.029057,-0.034808,-0.039378,-0.020411,0.006002,0.049979,0.166025,1.306410
1993-06-19,0.000000,Training,-0.322334,-0.050713,-0.027565,-0.029895,-0.027902,-0.035162,-0.011902,0.020694,0.075693,0.198389,1.387623
1993-06-20,0.000000,Training,-0.299985,-0.040765,-0.018245,-0.027591,-0.018576,-0.028007,-0.001584,0.036208,0.100322,0.230597,1.464742
1993-06-21,0.000000,Training,-0.300989,-0.040395,-0.023237,-0.028500,-0.016973,-0.027969,0.000184,0.038371,0.104758,0.241431,1.494770
1993-06-22,0.000000,Training,-0.302881,-0.041497,-0.019672,-0.027552,-0.018886,-0.027898,-0.001716,0.035627,0.100183,0.231289,1.469420
1993-06-23,0.000000,Training,-0.302069,-0.041375,-0.018168,-0.027015,-0.019753,-0.028195,-0.002679,0.033797,0.097285,0.226402,1.456833
1993-06-24,0.000000,Training,-0.307667,-0.041682,-0.021055,-0.027014,-0.024608,-0.033085,-0.009619,0.021706,0.079576,0.205625,1.413935
1993-06-25,0.000000,Training,-0.310559,-0.036101,-0.022182,-0.022381,-0.028297,-0.036952,-0.016703,0.005569,0.055222,0.179778,1.366333
1993-06-26,0.000000,Training,-0.315448,-0.045557,-0.024458,-0.028777,-0.027915,-0.036355,-0.013428,0.015537,0.069604,0.192565,1.383718
1993-06-27,0.000000,Training,-0.313667,-0.049141,-0.023314,-0.031557,-0.025481,-0.033869,-0.008679,0.025876,0.085304,0.208809,1.412852
1993-06-28,0.000000,Training,-0.303472,-0.044220,-0.020608,-0.030664,-0.020356,-0.030381,-0.003199,0.034015,0.099150,0.228888,1.464432
1993-06-29,0.000000,Training,-0.318087,-0.050427,-0.024852,-0.031465,-0.026773,-0.034798,-0.009991,0.023169,0.080950,0.203139,1.401386
1993-06-30,0.000000,Training,-0.316504,-0.049946,-0.023982,-0.031213,-0.025768,-0.033625,-0.008238,0.025716,0.084917,0.207589,1.412121
1993-07-01,0.000000,Training,-0.317102,-0.050677,-0.024636,-0.031774,-0.026210,-0.033787,-0.008387,0.026247,0.086483,0.209129,1.416334
1993-07-02,0.000000,Training,-0.334352,-0.057744,-0.032270,-0.032708,-0.032018,-0.037727,-0.014750,0.016094,0.070375,0.187853,1.365345
1993-07-03,0.000000,Training,-0.336636,-0.058750,-0.033278,-0.033001,-0.032627,-0.038195,-0.015336,0.015143,0.068931,0.185938,1.361909
1993-07-04,0.000000,Training,-0.341657,-0.060875,-0.035424,-0.033157,-0.033911,-0.039001,-0.016878,0.012583,0.064742,0.180651,1.350531
1993-07-05,0.000000,Training,-0.358360,-0.067408,-0.042326,-0.031588,-0.037019,-0.039975,-0.021106,0.004668,0.050021,0.162744,1.308326
1993-07-06,0.000000,Training,-0.369362,-0.071817,-0.046627,-0.029753,-0.037928,-0.039572,-0.022785,0.000608,0.041276,0.153304,1.288706
1993-07-07,0.000000,Training,-0.346234,-0.063530,-0.037454,-0.034108,-0.033946,-0.038961,-0.016582,0.012739,0.066312,0.184121,1.367862
1993-07-08,0.000000,Training,-0.341586,-0.060976,-0.034935,-0.033780,-0.033080,-0.038900,-0.015908,0.013153,0.066746,0.184680,1.369225
1993-07-09,0.000000,Training,-0.325113,-0.052132,-0.027420,-0.032471,-0.029471,-0.037560,-0.012663,0.017211,0.073473,0.194129,1.394501
1993-07-10,0.000000,Training,-0.316094,-0.050340,-0.022562,-0.032646,-0.024856,-0.033587,-0.006325,0.028045,0.089682,0.212640,1.432451
1993-07-11,0.000000,Training,-0.321611,-0.053176,-0.024874,-0.033371,-0.026553,-0.034450,-0.007476,0.026488,0.087514,0.208525,1.421231
1993-07-12,0.000000,Training,-0.341636,-0.061528,-0.033717,-0.034132,-0.032667,-0.038009,-0.014051,0.015764,0.070915,0.186205,1.369054
1993-07-13,0.000000,Training,-0.348078,-0.064347,-0.036628,-0.034189,-0.034036,-0.038513,-0.015501,0.013306,0.067250,0.181521,1.360267
1993-07-14,0.000000,Training,-0.347658,-0.064434,-0.036499,-0.034575,-0.033763,-0.038404,-0.015041,0.014111,0.069160,0.184189,1.369527
1993-07-15,0.000000,Training,-0.347701,-0.064679,-0.036391,-0.034802,-0.033517,-0.038164,-0.014540,0.014854,0.070669,0.186022,1.375387
1993-07-16,0.000000,Training,-0.349874,-0.065008,-0.037013,-0.034339,-0.034029,-0.038526,-0.015446,0.012570,0.067008,0.181732,1.368040
1993-07-17,0.000000,Training,-0.361859,-0.070704,-0.041899,-0.033604,-0.035409,-0.037946,-0.016671,0.010173,0.062129,0.175085,1.352369
1993-07-18,0.000000,Training,-0.354486,-0.068173,-0.039030,-0.034979,-0.033942,-0.037420,-0.014199,0.014958,0.071894,0.187189,1.384124
1993-07-19,0.000000,Training,-0.349675,-0.066563,-0.036961,-0.035476,-0.032615,-0.036572,-0.012133,0.018621,0.078657,0.195554,1.405408
1993-07-20,0.000000,Training,-0.348276,-0.066158,-0.036255,-0.035580,-0.032136,-0.035884,-0.010973,0.020765,0.082409,0.199368,1.413805
1993-07-21,0.000000,Training,-0.345486,-0.065181,-0.034866,-0.035781,-0.031260,-0.035231,-0.009507,0.023234,0.086653,0.204213,1.425547
1993-07-22,0.000000,Training,-0.356893,-0.069986,-0.039449,-0.035272,-0.033288,-0.035637,-0.011742,0.018846,0.079052,0.194068,1.402695
1993-07-23,0.000000,Training,-0.346756,-0.066338,-0.035338,-0.036305,-0.030879,-0.034402,-0.008082,0.025684,0.091515,0.209663,1.441087
1993-07-24,0.000000,Training,-0.332803,-0.060736,-0.029437,-0.036268,-0.026300,-0.031782,-0.002486,0.034874,0.106234,0.229257,1.487884
1993-07-25,0.000000,Training,-0.347035,-0.066590,-0.034602,-0.036435,-0.030296,-0.033809,-0.006833,0.027044,0.093203,0.210564,1.442769
1993-07-26,0.000000,Training,-0.365506,-0.074253,-0.041714,-0.035020,-0.033019,-0.034174,-0.010214,0.019608,0.079422,0.192992,1.403835
1993-07-27,0.000000,Training,-0.359813,-0.072252,-0.039573,-0.036405,-0.032046,-0.034208,-0.008575,0.022797,0.086549,0.202254,1.430054
1993-07-28,0.000000,Training,-0.364439,-0.074642,-0.041251,-0.036281,-0.032153,-0.033721,-0.008461,0.022323,0.085707,0.201400,1.430996
1993-07-29,0.000000,Training,-0.367235,-0.075973,-0.042154,-0.036014,-0.032065,-0.033030,-0.007918,0.022769,0.086422,0.201948,1.433945
1993-07-30,0.000000,Training,-0.344150,-0.066802,-0.032907,-0.037572,-0.027260,-0.030930,-0.001216,0.035691,0.109775,0.231776,1.504593
1993-07-31,0.000000,Training,-0.343438,-0.066650,-0.032195,-0.037552,-0.026727,-0.030258,-0.000076,0.037340,0.112193,0.233947,1.508240
1993-08-01,0.000000,Training,-0.332465,-0.061582,-0.027637,-0.037163,-0.023130,-0.028350,0.004265,0.044096,0.122401,0.247481,1.538674
1993-08-02,0.000000,Training,-0.331702,-0.061545,-0.026567,-0.036985,-0.022496,-0.027472,0.005444,0.045809,0.125007,0.250031,1.544577
1993-08-03,0.000000,Training,-0.345194,-0.067725,-0.031946,-0.037891,-0.026031,-0.028989,0.002336,0.040357,0.117170,0.238105,1.518309
1993-08-04,0.000000,Training,-0.366635,-0.077254,-0.040418,-0.037374,-0.029239,-0.029510,-0.001053,0.032804,0.104333,0.221257,1.484004
1993-08-05,0.000000,Training,-0.355073,-0.072535,-0.036289,-0.039016,-0.027188,-0.029293,0.001997,0.038900,0.116409,0.237316,1.524955
1993-08-06,0.000000,Training,-0.347079,-0.069489,-0.032479,-0.039027,-0.024770,-0.027794,0.005182,0.044191,0.124948,0.248625,1.552133
1993-08-07,0.000000,Training,-0.345573,-0.068832,-0.031261,-0.038942,-0.024097,-0.027120,0.006474,0.045937,0.127432,0.250865,1.556052
1993-08-08,0.000000,Training,-0.335898,-0.064618,-0.026782,-0.038365,-0.020925,-0.025183,0.010323,0.051974,0.136573,0.263114,1.584117
1993-08-09,0.000000,Training,-0.340463,-0.066896,-0.028555,-0.038929,-0.021725,-0.025226,0.010273,0.051595,0.136655,0.262316,1.583837
1993-08-10,0.000000,Training,-0.346424,-0.069614,-0.030736,-0.039490,-0.022824,-0.025621,0.009672,0.049862,0.134397,0.258618,1.577689
1993-08-11,0.000000,Training,-0.354035,-0.073076,-0.033629,-0.039944,-0.024010,-0.025998,0.008809,0.047409,0.131096,0.254049,1.571566
1993-08-12,0.000000,Training,-0.354816,-0.073975,-0.034077,-0.040454,-0.023544,-0.025231,0.010211,0.049729,0.135880,0.260152,1.589090
1993-08-13,0.000000,Training,-0.344129,-0.069532,-0.029671,-0.040342,-0.020546,-0.023482,0.014094,0.056538,0.147083,0.275546,1.625556
1993-08-14,0.000000,Training,-0.329139,-0.062702,-0.022863,-0.038800,-0.015396,-0.020278,0.019643,0.065113,0.159300,0.292977,1.664799
1993-08-15,0.000000,Training,-0.342853,-0.069262,-0.028600,-0.040661,-0.019152,-0.022114,0.016948,0.060294,0.153492,0.283213,1.645056
1993-08-16,0.000000,Training,-0.329344,-0.063087,-0.022593,-0.039292,-0.014485,-0.019225,0.022036,0.068165,0.164913,0.299711,1.683155
1993-08-17,0.000000,Training,-0.319294,-0.058285,-0.017956,-0.037894,-0.010436,-0.016558,0.026124,0.073949,0.173063,0.311751,1.711975
1993-08-18,0.000000,Training,-0.393614,-0.120050,-0.072223,-0.041401,-0.003384,-0.001465,0.059539,0.088289,0.181312,0.405538,2.058895
1993-08-19,0.000000,Training,-0.514698,-0.194677,-0.152681,-0.082553,-0.025507,0.004471,0.057576,0.108668,0.299822,0.568418,2.790923
1993-08-20,0.000000,Training,-0.454920,-0.150445,-0.080880,-0.041132,0.020887,0.052071,0.106527,0.182251,0.401425,0.672284,2.931022
1993-08-21,0.000000,Training,-0.394514,-0.119848,-0.056021,-0.048300,-0.001055,0.013799,0.060562,0.125148,0.292085,0.504300,2.335699
1993-08-22,0.000000,Training,-0.379997,-0.106044,-0.050006,-0.047385,-0.006024,0.004318,0.050972,0.112873,0.266992,0.460142,2.182694
1993-08-23,0.000000,Training,-0.364955,-0.090169,-0.041669,-0.044495,-0.007563,-0.002793,0.045275,0.103461,0.243149,0.418834,2.049167
1993-08-24,0.000000,Training,-0.347841,-0.076425,-0.037518,-0.043466,-0.004998,-0.005993,0.045471,0.104206,0.240577,0.415885,2.032520
1993-08-25,0.000000,Training,-0.314204,-0.058948,-0.019327,-0.035044,0.006152,0.003527,0.055009,0.119052,0.258172,0.435467,2.058671
1993-08-26,0.000000,Training,-0.312334,-0.056303,-0.023880,-0.036321,0.007230,0.002507,0.056476,0.121031,0.263279,0.446039,2.090529
1993-08-27,0.000000,Training,-0.318879,-0.061035,-0.023450,-0.038508,0.000916,-0.001133,0.050597,0.113578,0.253003,0.426542,2.042123
1993-08-28,0.000000,Training,-0.336846,-0.070204,-0.032126,-0.043950,-0.008320,-0.008764,0.042663,0.101681,0.237079,0.401768,1.985781
1993-08-29,0.000000,Training,-0.351413,-0.078417,-0.039943,-0.048679,-0.014939,-0.013656,0.036630,0.093236,0.228267,0.387864,1.959913
1993-08-30,0.000000,Training,-0.346817,-0.076496,-0.039129,-0.049553,-0.015161,-0.014386,0.036253,0.093797,0.229904,0.390276,1.965578
1993-08-31,0.000000,Training,-0.356675,-0.081663,-0.044135,-0.052091,-0.018634,-0.016625,0.033521,0.089381,0.225912,0.383361,1.955235
1993-09-01,0.000000,Training,-0.357026,-0.082438,-0.045379,-0.053390,-0.019518,-0.017324,0.033049,0.089198,0.227799,0.386280,1.966101
1993-09-02,0.000000,Training,-0.338940,-0.074542,-0.040664,-0.052538,-0.015029,-0.014728,0.037362,0.098452,0.243330,0.411830,2.027311
1993-09-03,0.000000,Training,-0.339003,-0.075464,-0.042434,-0.053796,-0.015664,-0.014882,0.037315,0.099398,0.248076,0.419485,2.051199
1993-09-04,0.000000,Training,-0.340809,-0.077800,-0.045044,-0.055117,-0.017417,-0.014795,0.036668,0.100244,0.254921,0.429474,2.081268
1993-09-05,0.000000,Training,-0.344697,-0.078980,-0.053105,-0.056272,-0.021039,-0.015752,0.034090,0.098210,0.267115,0.456731,2.177949
1993-09-06,0.000000,Training,-0.328174,-0.071750,-0.044266,-0.053016,-0.014177,-0.010326,0.039384,0.106325,0.274147,0.464893,2.183229
1993-09-07,0.000000,Training,-0.332345,-0.074208,-0.042536,-0.056783,-0.013186,-0.015149,0.039291,0.101655,0.254125,0.430956,2.090152
1993-09-08,0.000000,Training,-0.365888,-0.097668,-0.076850,-0.076314,-0.027618,-0.031766,0.028262,0.087906,0.242781,0.436711,2.156495
1993-09-09,0.000000,Training,-0.342121,-0.084779,-0.045561,-0.058303,-0.009726,-0.007719,0.046884,0.115663,0.283627,0.472756,2.216138
1993-09-10,0.000000,Training,-0.339419,-0.085458,-0.045826,-0.059053,-0.009359,-0.007024,0.049141,0.119782,0.291553,0.482534,2.234933
1993-09-11,0.000000,Training,-0.343002,-0.089643,-0.051100,-0.062764,-0.013352,-0.010014,0.045156,0.116930,0.294360,0.489292,2.265908
1993-09-12,0.000000,Training,-0.341757,-0.088032,-0.052316,-0.063800,-0.013801,-0.011642,0.045472,0.118347,0.295196,0.487297,2.252788
1993-09-13,0.000000,Training,-0.320934,-0.077763,-0.044300,-0.058206,-0.006719,-0.004130,0.052037,0.129288,0.312529,0.512735,2.307122
1993-09-14,0.000000,Training,-0.314892,-0.073718,-0.039695,-0.055499,-0.001914,-0.000806,0.057502,0.135370,0.315731,0.512237,2.292687
1993-09-15,0.000000,Training,-0.364471,-0.099563,-0.079424,-0.077332,-0.024823,-0.025272,0.037619,0.108112,0.288140,0.492115,2.309312
1993-09-16,0.000000,Training,-0.343424,-0.090154,-0.054961,-0.064048,-0.011526,-0.006561,0.052016,0.130206,0.319371,0.519629,2.347516
1993-09-17,0.000000,Training,-0.372965,-0.129574,-0.112104,-0.102101,-0.037035,-0.033986,0.036447,0.109234,0.306866,0.576823,2.643571
1993-09-18,0.000000,Training,-0.402533,-0.138960,-0.102018,-0.081438,-0.009961,0.006235,0.068911,0.162980,0.428016,0.716250,3.067062
1993-09-19,0.000000,Training,-0.377805,-0.125894,-0.076601,-0.068961,-0.000877,0.018901,0.082522,0.180673,0.438843,0.709134,2.946861
1993-09-20,0.000000,Training,-0.381929,-0.128203,-0.081540,-0.076226,-0.014364,0.003830,0.065693,0.159972,0.403612,0.650543,2.768760
1993-09-21,0.000000,Training,-0.366250,-0.115167,-0.074853,-0.073633,-0.014782,0.000279,0.062946,0.157203,0.389289,0.621093,2.649690
1993-09-22,0.000000,Training,-0.327629,-0.093605,-0.059727,-0.061878,0.001859,0.014786,0.078785,0.181927,0.416099,0.650357,2.664593
1993-09-23,0.000000,Training,-0.324623,-0.091015,-0.059858,-0.061980,-0.000096,0.012978,0.077162,0.180981,0.413364,0.641766,2.632478
1993-09-24,0.000000,Training,-0.330026,-0.093668,-0.064793,-0.065890,-0.005697,0.007565,0.072352,0.175643,0.408586,0.634557,2.623316
1993-09-25,0.000000,Training,-0.342080,-0.101491,-0.073056,-0.072567,-0.016556,-0.000765,0.062245,0.164437,0.399849,0.624110,2.611932
1993-09-26,0.000000,Training,-0.348551,-0.107001,-0.083394,-0.076924,-0.023360,-0.003625,0.057042,0.161952,0.412570,0.650585,2.698840
1993-09-27,0.000000,Training,-0.324107,-0.093639,-0.062948,-0.068188,-0.007838,0.005322,0.069338,0.173193,0.400744,0.618008,2.565354
1993-09-28,0.000000,Training,-0.320720,-0.092597,-0.066025,-0.066167,-0.002412,0.011962,0.077706,0.186481,0.423165,0.649497,2.632301
1993-09-29,0.000000,Training,-0.345989,-0.107054,-0.091782,-0.083198,-0.019007,-0.007372,0.060889,0.167226,0.407337,0.647221,2.700537
1993-09-30,0.000000,Training,-0.326511,-0.101280,-0.071145,-0.065170,0.002477,0.023526,0.089375,0.207972,0.466867,0.712982,2.791275
1993-10-01,,,-0.390801,0.066070,0.157698,0.390721,0.696867,0.861950,1.045114,1.717460,3.644163,5.325690,16.203093
1993-10-02,,,-0.411919,0.038113,0.135377,0.378391,0.693013,0.866697,1.051069,1.756091,3.802839,5.599952,17.061543
1994-10-17,0.000000,Training,,,,,,,,,,,
1994-10-18,0.000000,Training,,,,,,,,,,,
1994-10-19,0.000000,Training,-0.557000,-0.312829,-0.292124,-0.151867,-0.018883,0.080884,0.217209,0.548368,1.561641,2.526801,8.607475
1994-10-20,0.000000,Training,-0.502180,-0.265085,-0.210906,-0.081027,0.045838,0.159845,0.291857,0.620449,1.584827,2.424744,7.779292
1994-10-21,0.000000,Training,-0.486462,-0.259448,-0.203463,-0.083442,0.031788,0.143971,0.270338,0.581358,1.458501,2.215742,6.971512
1994-10-22,0.000000,Training,-0.549993,-0.324046,-0.283046,-0.136585,-0.020495,0.091900,0.226306,0.554355,1.501396,2.379764,7.504848
1994-10-23,0.000000,Training,-0.542437,-0.322997,-0.264795,-0.108133,0.009608,0.136396,0.275978,0.624623,1.604955,2.477739,7.453940
1994-10-24,0.000000,Training,-0.474675,-0.260728,-0.214490,-0.090164,0.016241,0.128611,0.253224,0.558533,1.334685,1.977825,5.981131
1994-10-25,0.000000,Training,-0.438941,-0.222349,-0.181877,-0.097386,-0.006793,0.084922,0.189622,0.442090,1.043917,1.522250,4.860423
1994-10-26,0.000000,Training,-0.419318,-0.201326,-0.165109,-0.097477,-0.015399,0.066055,0.163527,0.391384,0.913790,1.321962,4.325216
1994-10-27,0.000000,Training,-0.397611,-0.178613,-0.161708,-0.097035,-0.009445,0.057069,0.154160,0.367450,0.834644,1.215204,4.066152
1994-10-28,0.000000,Training,-0.392622,-0.181138,-0.150181,-0.083576,0.003003,0.081213,0.175512,0.399916,0.881735,1.262545,4.072687
1994-10-29,0.000000,Training,-0.389011,-0.178325,-0.147265,-0.086005,-0.002495,0.073035,0.165994,0.384863,0.853649,1.214470,3.967238
1994-10-30,0.000000,Training,-0.380761,-0.169740,-0.135245,-0.089000,-0.008893,0.058578,0.143998,0.346664,0.773509,1.101499,3.716562
1994-10-31,0.000000,Training,-0.393398,-0.182456,-0.147797,-0.097833,-0.019971,0.051716,0.136113,0.343596,0.784450,1.118564,3.761473
1994-11-01,0.000000,Training,-0.401112,-0.193550,-0.160071,-0.100426,-0.020424,0.057647,0.142479,0.361850,0.830180,1.184044,3.900599
1994-11-02,0.000000,Training,-0.419747,-0.233462,-0.219436,-0.142661,-0.043207,0.036856,0.133435,0.371590,0.908332,1.411868,4.708799
1994-11-03,0.000000,Training,-0.665327,-0.472978,-0.425284,-0.286318,-0.097269,0.073729,0.208965,0.701334,2.321077,3.872429,14.017347
1994-11-04,0.000000,Training,-0.646410,-0.403392,-0.339638,-0.108264,0.113327,0.344741,0.540718,1.186817,3.098724,4.607404,14.186964
1994-11-05,0.000000,Training,-0.557690,-0.331215,-0.259692,-0.068718,0.107256,0.289193,0.456324,0.957500,2.294753,3.400954,9.811033
1994-11-06,0.000000,Training,-0.639071,-0.428332,-0.380203,-0.218080,-0.017722,0.151637,0.317406,0.857999,2.495017,4.030892,12.833850
1994-11-07,0.000000,Training,-0.570423,-0.338084,-0.261568,-0.098145,0.074643,0.248354,0.400334,0.876785,2.291689,3.436062,10.647578
1994-11-08,0.000000,Training,-0.564650,-0.334694,-0.285993,-0.140531,0.016700,0.161609,0.307642,0.742449,1.991661,3.074390,9.657711
1994-11-09,0.000000,Training,-0.726311,-0.554532,-0.444774,-0.277260,0.029756,0.226629,0.499450,1.407758,4.317870,7.380815,24.216702
1994-11-10,0.000000,Training,-0.628327,-0.397485,-0.277065,-0.049991,0.190275,0.436222,0.673274,1.393713,3.671474,5.444844,16.331156
1994-11-11,0.000000,Training,-0.574225,-0.355949,-0.244042,-0.063739,0.112823,0.315033,0.498451,1.043266,2.629447,3.893611,11.370226
1994-11-12,0.000000,Training,-0.557615,-0.344432,-0.260202,-0.092748,0.070199,0.237929,0.408418,0.874111,2.166562,3.229107,9.403635
1994-11-13,0.000000,Training,-0.484614,-0.277845,-0.206349,-0.046014,0.100060,0.253530,0.420128,0.837075,1.825428,2.606095,7.141047
1994-11-14,0.000000,Training,-0.487298,-0.284504,-0.214141,-0.049755,0.091288,0.243721,0.408133,0.820368,1.771973,2.502328,6.811496
1994-11-15,0.000000,Training,-0.469972,-0.269687,-0.204667,-0.064089,0.061767,0.200567,0.345024,0.717016,1.547365,2.156760,6.044327
1994-11-16,0.000000,Training,-0.459513,-0.260408,-0.200121,-0.056822,0.069029,0.206293,0.351088,0.719475,1.502411,2.078741,5.739254
1994-11-17,0.000000,Training,-0.451903,-0.252283,-0.196882,-0.049411,0.074127,0.210119,0.354853,0.721406,1.456589,2.001498,5.443983
1994-11-18,0.000000,Training,-0.453795,-0.254505,-0.199903,-0.048843,0.073230,0.210123,0.352883,0.721146,1.442070,1.973179,5.335176
1994-11-19,0.000000,Training,-0.478279,-0.283091,-0.217898,-0.058925,0.069200,0.214206,0.355774,0.741689,1.533949,2.114035,5.716084
1994-11-20,0.000000,Training,-0.511893,-0.318841,-0.238053,-0.046125,0.099091,0.264037,0.421395,0.862010,1.794239,2.490214,6.502491
1994-11-21,0.000000,Training,-0.495296,-0.303652,-0.231359,-0.064840,0.065292,0.215785,0.353559,0.751853,1.583764,2.195689,5.907042
1994-11-22,0.000000,Training,-0.465438,-0.272138,-0.213320,-0.068894,0.046997,0.182163,0.307006,0.665015,1.362756,1.868431,5.120192
1994-11-23,0.000000,Training,-0.451940,-0.261439,-0.204010,-0.084804,0.022526,0.145774,0.253959,0.577885,1.222941,1.681055,4.799235
1994-11-24,0.000000,Training,-0.463132,-0.273399,-0.212970,-0.087646,0.021458,0.148993,0.256733,0.589550,1.271981,1.760375,5.005009
1994-11-25,0.000000,Training,-0.431028,-0.242359,-0.189022,-0.097914,-0.001787,0.105807,0.196483,0.480761,1.051989,1.450915,4.352204
1994-11-26,0.000000,Training,-0.446905,-0.257771,-0.203178,-0.091342,0.010202,0.129094,0.227875,0.536811,1.156728,1.601281,4.624577
1994-11-27,0.000000,Training,-0.411737,-0.222162,-0.173893,-0.077992,0.016989,0.122360,0.218568,0.500949,1.022245,1.391767,4.061229
1994-11-28,0.000000,Training,-0.384492,-0.193730,-0.151466,-0.067397,0.021043,0.115728,0.206882,0.469126,0.918285,1.226891,3.643543
1994-11-29,0.000000,Training,-0.601268,-0.396424,-0.334638,-0.170027,0.027864,0.244132,0.413456,0.968134,2.831274,4.454254,15.040148
1994-11-30,0.000000,Training,-0.759108,-0.519105,-0.363045,-0.017669,0.525856,0.960392,1.445709,3.076446,8.910906,13.342164,42.441399
1994-12-01,0.000000,Training,-0.659380,-0.438891,-0.287049,-0.023298,0.280940,0.602404,0.853219,1.784354,4.642925,6.766752,19.251621
1994-12-02,25.929966,Training,-0.771347,-0.533469,-0.261210,0.281640,1.760913,2.480642,4.108416,9.623474,29.256510,47.369953,121.664452
1994-12-03,36.237530,Training,-0.682469,-0.362477,0.003500,0.785925,2.077841,2.988508,4.388813,8.484025,21.448748,31.198484,80.246284
1994-12-04,9.985453,Training,-0.644613,-0.375002,-0.137783,0.356174,0.922103,1.452084,2.055723,3.787539,8.767354,12.561130,30.173094
1994-12-05,4.509559,Training,-0.588488,-0.343362,-0.155760,0.203419,0.580591,0.926629,1.325161,2.372689,5.188697,7.496348,17.879045
1994-12-06,2.899002,Training,-0.547104,-0.335486,-0.197982,0.058175,0.304928,0.540426,0.808524,1.486992,3.221345,4.615219,11.439448
1994-12-07,2.254780,Training,-0.557589,-0.351593,-0.243108,0.005513,0.236947,0.441726,0.697250,1.326650,2.898628,4.188098,10.653872
1994-12-08,3.704281,Training,-0.507910,-0.292507,-0.197032,0.066250,0.274232,0.489086,0.737081,1.350107,2.614523,3.559049,8.504262
1994-12-09,2.899002,Training,-0.502573,-0.293631,-0.201324,0.050379,0.244981,0.449870,0.680786,1.257634,2.416381,3.279041,7.863781
1994-12-10,2.254780,Training,-0.518286,-0.321357,-0.214352,0.028897,0.225570,0.428540,0.647448,1.215177,2.430187,3.361034,8.205028
1994-12-11,2.254780,Training,-0.509991,-0.314097,-0.213509,0.020961,0.207499,0.402632,0.609623,1.151550,2.272785,3.114958,7.610344
1994-12-12,1.127390,Training,-0.506672,-0.311313,-0.215248,0.014214,0.192806,0.382640,0.579627,1.105536,2.164050,2.949754,7.219286
1994-12-13,1.127390,Training,-0.503791,-0.308780,-0.215879,0.009744,0.182140,0.368174,0.556802,1.070528,2.080502,2.822597,6.916128
1994-12-14,0.644223,Training,-0.504154,-0.307022,-0.217411,0.012702,0.181996,0.368257,0.554349,1.069515,2.049618,2.758334,6.722098
1994-12-15,0.322111,Training,-0.505268,-0.307968,-0.220351,0.008495,0.173301,0.357916,0.537738,1.047228,2.006480,2.693913,6.581894
1994-12-16,0.322111,Training,-0.512903,-0.311153,-0.232948,0.003761,0.170158,0.352328,0.534453,1.047919,2.010858,2.705707,6.659185
1994-12-17,7.569617,Training,-0.529704,-0.326412,-0.247259,0.002845,0.178076,0.366813,0.556048,1.091972,2.130400,2.911336,7.189870
1994-12-18,6.442228,Training,-0.503684,-0.305826,-0.232353,-0.027971,0.117964,0.293801,0.444362,0.911155,1.785896,2.381482,6.087304
1994-12-19,3.704281,Training,-0.484286,-0.289536,-0.223393,-0.042577,0.091159,0.248231,0.384628,0.809901,1.597225,2.137153,5.590915
1994-12-20,2.254780,Training,-0.499379,-0.306924,-0.231440,-0.039857,0.112720,0.287165,0.434592,0.889223,1.739962,2.308529,5.947738
1994-12-21,1.610557,Training,-0.469047,-0.280558,-0.216975,-0.063398,0.066067,0.217752,0.337714,0.729185,1.435053,1.887221,5.057542
1994-12-22,1.127390,Training,-0.476419,-0.284097,-0.219430,-0.052744,0.073722,0.227656,0.351706,0.760710,1.498859,1.972594,5.202072
1994-12-23,0.644223,Training,-0.478447,-0.292159,-0.223967,-0.064080,0.073499,0.232563,0.356029,0.762577,1.498773,1.975934,5.232275
1994-12-24,0.322111,Training,-0.477255,-0.306299,-0.231179,-0.082211,0.069781,0.239919,0.358335,0.756298,1.478084,1.979277,5.401878
1994-12-25,0.322111,Training,-0.495297,-0.324283,-0.244890,-0.072269,0.093160,0.282705,0.414690,0.848549,1.646666,2.214100,6.037571
1994-12-26,0.322111,Training,-0.469904,-0.306832,-0.237003,-0.092683,0.052966,0.226604,0.342771,0.724374,1.408081,1.877685,5.461587
1994-12-27,0.322111,Training,-0.468422,-0.300840,-0.225127,-0.093369,0.054423,0.218706,0.326895,0.703920,1.393489,1.877494,5.260237
1994-12-28,0.322111,Training,-0.464590,-0.285426,-0.213415,-0.081578,0.057721,0.209857,0.317213,0.693437,1.386658,1.857234,5.058630
1994-12-29,0.322111,Training,-0.461926,-0.267858,-0.202182,-0.050046,0.069648,0.209288,0.319633,0.709295,1.431851,1.929121,5.129650
1994-12-30,0.322111,Training,-0.465342,-0.284431,-0.205597,-0.085412,0.033363,0.159166,0.244806,0.603936,1.357439,1.932449,5.478696
1994-12-31,0.322111,Training,-0.465394,-0.286152,-0.203923,-0.080265,0.040621,0.169571,0.258009,0.623269,1.388793,1.972039,5.530594
1995-01-01,0.161056,Test,-0.467573,-0.281955,-0.205953,-0.055557,0.070574,0.208806,0.316521,0.708816,1.480194,2.061645,5.509116
1995-01-02,0.161056,Test,-0.471261,-0.289576,-0.215145,-0.064361,0.075001,0.232173,0.345293,0.746653,1.489626,1.990373,5.301752
1995-01-03,0.161056,Test,-0.484212,-0.305538,-0.226081,-0.063365,0.088467,0.259536,0.378224,0.802629,1.592342,2.143589,5.646832
1995-01-04,0.161056,Test,-0.482952,-0.295520,-0.221958,-0.051221,0.089538,0.254402,0.374032,0.801748,1.593146,2.125478,5.534487
1995-01-05,0.161056,Test,-0.438303,-0.249043,-0.188408,-0.049562,0.060032,0.192146,0.290876,0.654229,1.293435,1.712902,4.625082
1995-01-06,0.000000,Test,-0.439015,-0.250455,-0.188588,-0.048337,0.060950,0.193074,0.290936,0.656303,1.298862,1.726658,4.648358
1995-01-07,0.000000,Test,-0.429270,-0.243943,-0.184096,-0.057402,0.052624,0.182793,0.276040,0.624087,1.225036,1.609509,4.412231
1995-01-08,0.000000,Test,-0.430855,-0.254948,-0.189742,-0.073552,0.046999,0.183052,0.273394,0.615205,1.206584,1.596241,4.421353
1995-01-09,0.000000,Test,-0.430314,-0.243947,-0.184531,-0.056093,0.053535,0.184493,0.277144,0.626598,1.225939,1.610283,4.397489
1995-01-10,0.000000,Test,-0.428520,-0.241872,-0.182518,-0.054273,0.054368,0.184304,0.276185,0.624583,1.219666,1.602386,4.374313
1995-01-11,0.000000,Test,-0.426044,-0.240080,-0.180630,-0.055257,0.053862,0.183147,0.273869,0.618892,1.204495,1.581316,4.329543
1995-01-12,0.000000,Test,-0.424547,-0.238134,-0.176126,-0.048499,0.057324,0.182225,0.271931,0.618481,1.208293,1.610504,4.372099
1995-01-13,0.000000,Test,-0.426851,-0.241761,-0.181032,-0.055287,0.054636,0.183962,0.275205,0.621772,1.205317,1.581319,4.311128
1995-01-14,0.000000,Test,-0.430385,-0.252640,-0.187606,-0.069662,0.049046,0.183147,0.272566,0.615793,1.196313,1.576509,4.327282
1995-01-15,0.000000,Test,-0.433031,-0.250837,-0.187781,-0.062860,0.052556,0.185788,0.277374,0.627324,1.218137,1.600459,4.351242
1995-01-16,0.000000,Test,-0.435218,-0.249766,-0.187900,-0.056295,0.056585,0.188983,0.282627,0.638973,1.239879,1.630655,4.392846
1995-01-17,0.161056,Test,-0.483847,-0.310339,-0.240182,-0.065310,0.097265,0.247340,0.375762,0.825678,1.752086,2.593467,6.917264
1995-01-18,75.696173,Test,-0.635664,-0.414489,-0.325010,-0.062707,0.194010,0.439527,0.599889,1.337355,3.297787,4.885941,13.680481
1995-01-19,25.929966,Test,-0.572386,-0.361942,-0.244440,-0.005177,0.221465,0.464657,0.612731,1.277785,2.866670,4.044311,10.488185
1995-01-20,17.071903,Test,-0.559275,-0.354245,-0.256509,-0.015684,0.192843,0.394708,0.546670,1.166588,2.562823,3.744984,9.570832
1995-01-21,15.622402,Test,-0.532925,-0.343617,-0.233370,-0.023529,0.175220,0.390055,0.535256,1.096522,2.270605,3.167824,7.971821
1995-01-22,9.985453,Test,-0.505248,-0.319889,-0.219316,-0.027562,0.155899,0.352942,0.491314,1.006908,2.014160,2.765723,6.923259
1995-01-23,7.569617,Test,-0.507226,-0.312252,-0.215074,0.007641,0.175744,0.367583,0.517321,1.064990,2.101367,2.875726,6.997332
1995-01-24,5.475893,Test,-0.495887,-0.310571,-0.207666,-0.001688,0.158453,0.337102,0.474962,0.994516,1.981625,2.767241,6.759089
1995-01-25,4.509559,Test,-0.492100,-0.301582,-0.208362,0.002614,0.158010,0.336938,0.476171,0.992012,1.930306,2.628771,6.405573
1995-01-26,3.704281,Test,-0.499630,-0.315567,-0.217049,-0.007561,0.156357,0.330208,0.469558,0.986257,1.971916,2.783906,6.853747
1995-01-27,3.704281,Test,-0.497323,-0.306492,-0.212277,0.002692,0.159887,0.342523,0.481442,1.000229,1.940073,2.638267,6.430723
1995-01-28,2.254780,Test,-0.496954,-0.309399,-0.211215,0.002875,0.159889,0.340975,0.478661,0.996188,1.937547,2.656985,6.454000
1995-01-29,2.254780,Test,-0.503296,-0.327846,-0.213949,-0.012868,0.149487,0.327887,0.456103,0.967245,1.957983,2.765921,6.823740
1995-01-30,1.610557,Test,-0.508982,-0.334388,-0.226152,-0.023366,0.144056,0.316917,0.448218,0.958379,1.960381,2.801698,7.007031
1995-01-31,1.610557,Test,-0.507010,-0.320587,-0.217063,0.004288,0.166382,0.352401,0.491260,1.018232,1.982643,2.731550,6.614666
1995-02-01,1.610557,Test,-0.502665,-0.316168,-0.215070,0.002985,0.161646,0.345096,0.480949,0.998446,1.934474,2.652850,6.430002
1995-02-02,1.127390,Test,-0.505482,-0.324703,-0.215632,-0.002292,0.159444,0.341842,0.474423,0.990160,1.946499,2.709456,6.584023
1995-02-03,1.127390,Test,-0.506399,-0.323613,-0.216403,0.001279,0.162714,0.346681,0.481036,1.000202,1.950973,2.698207,6.517964
1995-02-04,1.127390,Test,-0.523731,-0.338986,-0.218812,0.026625,0.204746,0.407229,0.556923,1.128612,2.200522,3.058809,7.213441
1995-02-05,1.127390,Test,-0.491494,-0.305321,-0.213074,-0.011553,0.133062,0.304074,0.423728,0.900654,1.747203,2.383900,5.868537
1995-02-06,0.644223,Test,-0.449047,-0.265973,-0.192471,-0.040789,0.078832,0.219005,0.312506,0.700958,1.351019,1.817690,4.731728
1995-02-07,0.644223,Test,-0.463594,-0.285558,-0.199731,-0.040351,0.088191,0.234857,0.330509,0.739564,1.468504,2.035153,5.238118
1995-02-08,0.322111,Test,-0.420819,-0.247988,-0.175687,-0.063856,0.052244,0.168290,0.245088,0.580090,1.157602,1.610615,4.447332
1995-02-09,0.322111,Test,-0.481759,-0.316749,-0.229778,-0.060339,0.111307,0.263385,0.377663,0.827925,1.745076,2.613581,7.006239
1995-02-10,14.011845,Test,-0.724487,-0.474920,-0.361156,0.023911,0.539801,1.048287,1.328274,2.925809,7.843647,11.226233,31.515289
1995-02-11,14.011845,Test,-0.670502,-0.416381,-0.242665,0.160835,0.605464,1.083992,1.348451,2.786402,6.683638,9.351269,24.022430
1995-02-12,8.697007,Test,-0.743733,-0.502219,-0.289178,0.211052,0.970241,1.577352,2.101047,4.673617,12.162153,19.101131,48.066360
1995-02-13,53.148377,Test,-0.718215,-0.417197,0.038349,1.028760,3.339501,4.461536,6.259052,14.766397,37.681950,59.858002,151.815048
1995-02-14,31.889026,Test,-0.664496,-0.380595,-0.007070,0.682918,1.757197,2.535238,3.334084,6.803938,16.414772,24.920568,61.826363
1995-02-15,17.071903,Test,-0.620826,-0.386903,-0.113952,0.324358,0.841866,1.304728,1.705209,3.267806,7.370317,11.154265,26.463907
1995-02-16,11.273898,Test,-0.588555,-0.385400,-0.159829,0.184799,0.551391,0.884530,1.185758,2.240000,4.811045,7.238716,16.967520
1995-02-17,7.569617,Test,-0.524991,-0.330303,-0.167569,0.111084,0.378571,0.625436,0.860326,1.618713,3.241709,4.709372,10.930542
1995-02-18,6.442228,Test,-0.481955,-0.275229,-0.162337,0.101533,0.320151,0.539589,0.747983,1.393606,2.561208,3.501786,8.018554
1995-02-19,5.475893,Test,-0.475589,-0.279430,-0.170275,0.070675,0.271097,0.472385,0.661321,1.251330,2.303445,3.171991,7.361545
1995-02-20,3.704281,Test,-0.475149,-0.286460,-0.178609,0.045571,0.234242,0.424570,0.596857,1.150929,2.140052,2.960399,6.987522
1995-02-21,3.704281,Test,-0.477691,-0.287661,-0.186904,0.036819,0.216345,0.402031,0.566346,1.106649,2.045970,2.810458,6.671861
1995-02-22,2.254780,Test,-0.477415,-0.280700,-0.192470,0.026736,0.197150,0.383265,0.536290,1.053726,1.918819,2.552527,6.130335
1995-02-23,2.254780,Test,-0.479597,-0.284070,-0.196275,0.018951,0.182299,0.363963,0.509653,1.015352,1.861814,2.484350,5.997552
1995-02-24,2.254780,Test,-0.483631,-0.298854,-0.199186,0.006386,0.167357,0.341614,0.479241,0.976083,1.845447,2.552318,6.194739
1995-02-25,1.610557,Test,-0.488444,-0.310708,-0.205320,-0.012007,0.146319,0.316043,0.441844,0.923640,1.805722,2.541478,6.289235
1995-02-26,1.127390,Test,-0.493697,-0.301356,-0.211740,-0.001909,0.153353,0.332319,0.463054,0.952377,1.801615,2.430093,5.959492
1995-02-27,1.127390,Test,-0.497147,-0.308127,-0.215620,-0.015170,0.147006,0.330390,0.455732,0.933967,1.778471,2.397321,5.918855
1995-02-28,1.127390,Test,-0.475222,-0.285556,-0.206171,-0.027629,0.110257,0.272111,0.380982,0.811589,1.556854,2.092772,5.292799
1995-03-01,0.644223,Test,-0.438295,-0.252872,-0.184198,-0.041828,0.072833,0.205025,0.293601,0.661803,1.269697,1.721936,4.533984
1995-03-02,0.322111,Test,-0.455677,-0.268542,-0.195181,-0.037246,0.083110,0.224709,0.318017,0.709804,1.380250,1.884364,4.888678
1995-03-03,0.322111,Test,-0.427995,-0.241484,-0.179877,-0.046387,0.065787,0.187508,0.270351,0.617565,1.194829,1.638959,4.409029
1995-03-04,0.322111,Test,-0.393360,-0.210160,-0.150562,-0.051490,0.046908,0.153212,0.219921,0.518587,0.993797,1.347526,3.788213
1995-03-05,0.322111,Test,-0.390592,-0.218624,-0.146850,-0.068598,0.033937,0.131206,0.185843,0.470816,0.972241,1.388465,4.055864
1995-03-06,0.322111,Test,-0.401323,-0.226963,-0.160864,-0.060470,0.051440,0.152783,0.218521,0.524730,1.053311,1.515955,4.290251
1995-03-07,0.322111,Test,-0.411444,-0.230510,-0.162185,-0.052615,0.052261,0.165447,0.230174,0.546827,1.083276,1.509436,4.213152
1995-03-08,0.322111,Test,-0.410383,-0.227592,-0.162947,-0.051035,0.051937,0.168121,0.235282,0.553943,1.085035,1.481278,4.113631
1995-03-09,0.161056,Test,-0.413190,-0.230532,-0.165457,-0.049679,0.053004,0.168405,0.236854,0.560767,1.100603,1.515925,4.179655
1995-03-10,0.322111,Test,-0.490787,-0.295837,-0.202189,0.012694,0.201732,0.367828,0.486863,0.955695,2.009825,3.024589,7.853395
1995-03-11,7.569617,Test,-0.623189,-0.387156,-0.278120,-0.009091,0.248705,0.520657,0.623998,1.374236,3.324216,4.803926,13.403358
1995-03-12,5.475893,Test,-0.548282,-0.349667,-0.226700,-0.055428,0.123378,0.314751,0.361325,0.894777,2.198668,3.397749,9.684362
1995-03-13,3.704281,Test,-0.529243,-0.346800,-0.223566,-0.060788,0.095405,0.269840,0.329440,0.815845,1.956071,3.016526,8.387488
1995-03-14,2.254780,Test,-0.492052,-0.312042,-0.209110,-0.047560,0.095605,0.252788,0.329725,0.774948,1.728568,2.610279,7.020547
1995-03-15,1.610557,Test,-0.457368,-0.281898,-0.189101,-0.060736,0.058089,0.193376,0.254323,0.635350,1.416295,2.109478,5.891789
1995-03-16,1.127390,Test,-0.435526,-0.250674,-0.175754,-0.026770,0.090312,0.226205,0.311876,0.698648,1.394111,1.977256,5.192052
1995-03-17,0.644223,Test,-0.428393,-0.245008,-0.172914,-0.034394,0.076677,0.205717,0.285185,0.652393,1.307639,1.860796,4.963873
1995-03-18,0.644223,Test,-0.419038,-0.238541,-0.167040,-0.043654,0.063037,0.184809,0.256864,0.602529,1.224356,1.751772,4.780171
1995-03-19,0.644223,Test,-0.417300,-0.237554,-0.167067,-0.048946,0.055051,0.173789,0.242124,0.578242,1.184022,1.697538,4.685883
1995-03-20,0.322111,Test,-0.417903,-0.239881,-0.168762,-0.065107,0.032359,0.144213,0.199836,0.517573,1.110608,1.611667,4.633929
1995-03-21,0.322111,Test,-0.419279,-0.241103,-0.170363,-0.067508,0.027852,0.138756,0.192377,0.506549,1.096821,1.596566,4.611933
1995-03-22,0.322111,Test,-0.406185,-0.227388,-0.161326,-0.068585,0.023007,0.127020,0.178523,0.474538,1.017796,1.472513,4.314148
1995-03-23,0.322111,Test,-0.402183,-0.222272,-0.158801,-0.063958,0.027521,0.131526,0.185420,0.479486,1.010214,1.455991,4.224758
1995-03-24,0.322111,Test,-0.412176,-0.230737,-0.165861,-0.074530,0.011129,0.113821,0.159146,0.448385,0.988836,1.442309,4.288663
1995-03-25,0.000000,Test,-0.382525,-0.200297,-0.141701,-0.078013,-0.001225,0.084333,0.123966,0.373547,0.823063,1.193286,3.734560
1995-03-26,0.000000,Test,-0.380072,-0.196670,-0.139558,-0.079131,-0.004927,0.078258,0.116030,0.359014,0.795724,1.154919,3.647998
1995-03-27,0.000000,Test,-0.386250,-0.194752,-0.139386,-0.085933,-0.020975,0.058498,0.092252,0.319151,0.732669,1.068536,3.464160
1995-03-28,0.000000,Test,-0.415251,-0.200957,-0.150915,-0.088257,-0.035464,0.049024,0.078810,0.293846,0.716728,1.034970,3.358897
1995-03-29,0.000000,Test,-0.386525,-0.160029,-0.120166,-0.085893,-0.042990,0.021886,0.049851,0.219727,0.542763,0.770593,2.736138
1995-03-30,0.000000,Test,-0.324891,-0.126284,-0.079812,-0.071160,-0.017025,0.029836,0.065153,0.227163,0.494201,0.718874,2.605920
1995-03-31,0.000000,Test,-0.295488,-0.110420,-0.063198,-0.047860,0.017309,0.065962,0.107185,0.279266,0.548415,0.790716,2.680546
1995-04-01,0.000000,Validation,-0.295608,-0.108435,-0.063812,-0.044668,0.019296,0.069206,0.110015,0.283063,0.556841,0.805142,2.717373
1995-04-02,0.000000,Validation,-0.285472,-0.096651,-0.051675,-0.041031,0.021603,0.064515,0.105813,0.267112,0.519112,0.753490,2.610342
1995-04-03,0.000000,Validation,-0.287718,-0.099160,-0.055122,-0.037200,0.028246,0.073397,0.116410,0.282658,0.540182,0.787350,2.664547
1995-04-04,0.000000,Validation,-0.298005,-0.100989,-0.057078,-0.051114,0.006194,0.044672,0.080983,0.233155,0.478485,0.706559,2.579028
1995-04-05,0.000000,Validation,-0.315775,-0.104853,-0.061636,-0.059799,-0.010738,0.024559,0.059820,0.197521,0.425914,0.633673,2.424324
1995-04-06,0.000000,Validation,-0.304870,-0.098349,-0.054793,-0.056279,-0.005821,0.026644,0.062233,0.198491,0.419530,0.626851,2.398797
1995-04-07,0.000000,Validation,-0.314864,-0.095309,-0.054444,-0.058921,-0.015569,0.013448,0.048424,0.170974,0.372414,0.557131,2.226369
1995-04-08,0.000000,Validation,-0.339053,-0.098261,-0.062270,-0.062861,-0.028566,0.000395,0.032547,0.140829,0.329994,0.489823,2.059304
1995-04-09,0.000000,Validation,-0.334846,-0.093135,-0.057412,-0.060583,-0.027734,-0.001455,0.030636,0.133988,0.312791,0.467662,2.001368
1995-04-10,0.000000,Validation,-0.320471,-0.084803,-0.047775,-0.055947,-0.021815,0.000835,0.034244,0.135816,0.305536,0.462385,1.985527
1995-04-11,0.000000,Validation,-0.258730,-0.057029,-0.020663,-0.032276,0.020609,0.033415,0.075050,0.188893,0.354784,0.555084,2.188824
1995-04-12,0.000000,Validation,-0.279126,-0.062387,-0.021806,-0.039040,0.003767,0.018392,0.056245,0.159287,0.316753,0.490805,2.049933
1995-04-13,0.000000,Validation,-0.291702,-0.065411,-0.025615,-0.041104,-0.002267,0.011900,0.049547,0.145351,0.296045,0.461807,1.983987
1995-04-14,0.000000,Validation,-0.265109,-0.053106,-0.011548,-0.032159,0.012016,0.022788,0.061734,0.160613,0.308496,0.481903,2.016646
1995-04-15,0.000000,Validation,-0.260497,-0.049835,-0.009006,-0.029000,0.015234,0.026303,0.065206,0.164770,0.312241,0.485232,2.016900
1995-04-16,0.000000,Validation,-0.284093,-0.059181,-0.019807,-0.036968,0.000178,0.012112,0.049056,0.141741,0.282777,0.442660,1.928927
1995-04-17,0.000000,Validation,-0.298389,-0.064886,-0.026782,-0.041042,-0.008223,0.004388,0.039395,0.127554,0.264912,0.417089,1.868306
1995-04-18,0.000000,Validation,-0.280056,-0.060228,-0.021768,-0.036011,0.001679,0.015633,0.050979,0.149180,0.298325,0.465592,1.979790
1995-04-19,0.000000,Validation,-0.255684,-0.048191,-0.009109,-0.024212,0.019995,0.033499,0.071252,0.174493,0.327481,0.505172,2.041156
1995-04-20,0.000000,Validation,-0.239175,-0.039646,-0.000073,-0.005117,0.042063,0.061319,0.106569,0.217842,0.365955,0.552246,2.025786
1995-04-21,0.000000,Validation,-0.238917,-0.035080,-0.006608,-0.002303,0.040301,0.063310,0.111229,0.226104,0.371220,0.538877,1.972533
1995-04-22,0.000000,Validation,-0.235817,-0.031165,-0.002416,-0.001644,0.040926,0.060117,0.108539,0.216861,0.351990,0.516182,1.923154
1995-04-23,0.000000,Validation,-0.242670,-0.036542,-0.012352,-0.002748,0.043542,0.060902,0.110952,0.220291,0.355195,0.536313,1.975911
1995-04-24,0.000000,Validation,-0.250718,-0.041613,-0.004762,-0.002208,0.043126,0.061859,0.106254,0.215265,0.357983,0.544367,2.014527
1995-04-25,0.000000,Validation,-0.251628,-0.044154,-0.006394,-0.003064,0.042375,0.061236,0.105640,0.215052,0.360633,0.550017,2.029366
1995-04-26,0.000000,Validation,-0.262041,-0.052199,-0.021924,-0.006145,0.044507,0.060600,0.106480,0.218574,0.370673,0.588270,2.139804
1995-04-27,0.000000,Validation,-0.327506,-0.108881,-0.053297,0.017565,0.083595,0.122920,0.160377,0.280934,0.499523,0.865848,2.905879
1995-04-28,0.000000,Validation,-0.408717,-0.143377,-0.083406,-0.013827,0.074514,0.130532,0.158309,0.319425,0.670904,1.074655,4.012028
1995-04-29,0.000000,Validation,-0.369631,-0.121156,-0.055531,-0.010689,0.051850,0.102691,0.124201,0.266891,0.555102,0.901252,3.347464
1995-04-30,0.000000,Validation,-0.384705,-0.123388,-0.067757,-0.029701,0.004012,0.043655,0.061686,0.166058,0.373052,0.629351,2.570333
1995-05-01,0.000000,Validation,-0.370521,-0.105135,-0.063141,-0.031446,-0.010404,0.019370,0.037806,0.127614,0.295687,0.506065,2.196218
1995-05-02,0.000000,Validation,-0.356664,-0.088152,-0.055848,-0.030272,-0.015828,0.005637,0.026004,0.107346,0.251638,0.433590,1.981550
1995-05-03,0.000000,Validation,-0.329107,-0.071938,-0.044960,-0.027704,-0.010144,0.005115,0.029658,0.113278,0.252489,0.433243,1.971105
1995-05-04,0.000000,Validation,-0.333218,-0.069706,-0.044916,-0.027503,-0.016303,-0.001439,0.021307,0.098143,0.226229,0.390801,1.856086
1995-05-05,0.000000,Validation,-0.300010,-0.064795,-0.045688,-0.013778,0.006586,0.014558,0.040637,0.121459,0.233769,0.460491,2.054987
1995-05-06,0.000000,Validation,-0.336765,-0.100786,-0.068341,0.001939,0.040482,0.073213,0.089264,0.195934,0.385496,0.720400,2.808778
1995-05-07,0.000000,Validation,-0.387624,-0.130460,-0.076848,-0.016075,0.024693,0.075087,0.085404,0.212444,0.466244,0.784725,3.093517
1995-05-08,0.000000,Validation,-0.358142,-0.110284,-0.065213,-0.021136,0.008404,0.048337,0.062042,0.174654,0.388669,0.658791,2.634847
1995-05-09,0.000000,Validation,-0.357891,-0.101165,-0.070047,-0.024929,-0.005389,0.025992,0.039285,0.137900,0.321996,0.564506,2.377875
1995-05-10,0.000000,Validation,-0.335749,-0.080377,-0.053116,-0.020546,-0.004873,0.020672,0.037844,0.131606,0.299694,0.512495,2.204034
1995-05-11,0.000000,Validation,-0.292639,-0.055759,-0.033049,-0.010846,0.013513,0.035486,0.059513,0.161567,0.337487,0.550705,2.246999
1995-05-12,0.000000,Validation,-0.291161,-0.051839,-0.027841,-0.017244,0.005772,0.019651,0.047486,0.138035,0.283930,0.466953,2.026902
1995-05-13,0.000000,Validation,-0.296271,-0.049885,-0.028706,-0.018100,-0.000798,0.011314,0.038752,0.121862,0.255995,0.429504,1.938212
1995-05-14,0.000000,Validation,-0.325362,-0.056401,-0.042757,-0.019190,-0.017212,-0.003083,0.017469,0.086511,0.207104,0.372425,1.813620
1995-05-15,0.000000,Validation,-0.321183,-0.049901,-0.037730,-0.019198,-0.019432,-0.010391,0.011053,0.070390,0.173550,0.329209,1.708889
1995-05-16,0.000000,Validation,-0.310576,-0.050946,-0.027302,-0.026987,-0.016853,-0.015523,0.010670,0.066982,0.152288,0.289430,1.582670
1995-05-17,0.000000,Validation,-0.327739,-0.058056,-0.032453,-0.029900,-0.022960,-0.022862,0.002438,0.051152,0.123007,0.248410,1.475006
1995-05-18,0.000000,Validation,-0.319860,-0.054274,-0.028151,-0.029089,-0.020407,-0.021346,0.005075,0.054178,0.126524,0.252827,1.485293
1995-05-19,0.000000,Validation,-0.324762,-0.055962,-0.030456,-0.029500,-0.022874,-0.023557,0.001730,0.048747,0.118493,0.242679,1.460890
1995-05-20,0.000000,Validation,-0.325770,-0.056130,-0.030963,-0.029458,-0.023649,-0.024313,0.000503,0.046600,0.115496,0.239235,1.452744
1995-05-21,0.000000,Validation,-0.329401,-0.056614,-0.032490,-0.029032,-0.025503,-0.026265,-0.002603,0.040797,0.106591,0.229056,1.429808
1995-05-22,0.000000,Validation,-0.325680,-0.055273,-0.031764,-0.028716,-0.024908,-0.025321,-0.002052,0.042526,0.111721,0.236721,1.450143
1995-05-23,0.000000,Validation,-0.308091,-0.041993,-0.025300,-0.022239,-0.022288,-0.023492,-0.002744,0.038819,0.110779,0.244638,1.487912
1995-05-24,0.000000,Validation,-0.297161,-0.038040,-0.024669,-0.021075,-0.019739,-0.018932,0.000221,0.046333,0.132010,0.277902,1.581805
1995-05-25,0.000000,Validation,-0.294533,-0.043456,-0.013584,-0.026705,-0.011465,-0.017336,0.011379,0.058383,0.131209,0.261424,1.503113
1995-05-26,0.000000,Validation,-0.306859,-0.047769,-0.018853,-0.028257,-0.017206,-0.022730,0.004519,0.047033,0.113523,0.238889,1.450901
1995-05-27,0.000000,Validation,-0.320635,-0.052231,-0.025010,-0.029183,-0.023235,-0.028282,-0.003236,0.033703,0.092918,0.213482,1.392901
1995-05-28,0.000000,Validation,-0.341995,-0.061730,-0.035071,-0.030430,-0.029960,-0.033313,-0.011630,0.020739,0.072377,0.187864,1.330358
1995-05-29,0.000000,Validation,-0.336718,-0.060014,-0.033756,-0.031062,-0.029253,-0.032939,-0.010844,0.023354,0.079003,0.197327,1.357864
1995-05-30,0.000000,Validation,-0.333914,-0.057974,-0.031299,-0.030567,-0.028135,-0.033147,-0.010379,0.022278,0.075633,0.193729,1.350572
1995-05-31,0.000000,Validation,-0.346036,-0.061649,-0.035659,-0.029121,-0.030953,-0.035421,-0.014818,0.012900,0.058001,0.172513,1.299392
1995-06-01,0.000000,Validation,-0.353249,-0.064141,-0.038580,-0.027972,-0.032151,-0.035974,-0.016808,0.008644,0.049870,0.163506,1.279606
1995-06-02,0.000000,Validation,-0.336636,-0.058146,-0.031824,-0.030030,-0.028660,-0.034184,-0.011828,0.018145,0.068630,0.186581,1.339691
1995-06-03,0.000000,Validation,-0.316764,-0.050114,-0.022672,-0.029122,-0.022243,-0.029533,-0.004394,0.030191,0.087900,0.211125,1.399802
1995-06-04,0.000000,Validation,-0.330352,-0.055097,-0.028691,-0.029519,-0.027503,-0.033439,-0.010531,0.020184,0.071734,0.189780,1.346010
1995-06-05,0.000000,Validation,-0.336242,-0.057108,-0.031250,-0.029347,-0.029538,-0.035102,-0.013288,0.015297,0.063634,0.179892,1.322814
1995-06-06,0.000000,Validation,-0.341130,-0.061474,-0.047076,-0.035223,-0.029751,-0.040282,-0.014268,0.013720,0.061770,0.197195,1.381801
1995-06-07,0.000000,Validation,-0.337652,-0.061299,-0.045623,-0.034891,-0.023982,-0.034309,-0.007604,0.024737,0.082357,0.228373,1.473380
1995-06-08,0.000000,Validation,-0.319722,-0.054164,-0.025498,-0.028783,-0.016080,-0.022185,0.003004,0.041809,0.111442,0.250929,1.520397
1995-06-09,0.000000,Validation,-0.323069,-0.056027,-0.027329,-0.029992,-0.020422,-0.026673,-0.001921,0.034660,0.099835,0.233798,1.470676
1995-06-10,0.000000,Validation,-0.305243,-0.047547,-0.019127,-0.028016,-0.015618,-0.023457,0.002725,0.042359,0.111555,0.246795,1.497780
1995-06-11,0.000000,Validation,-0.305094,-0.045430,-0.018593,-0.027262,-0.017217,-0.025306,0.000678,0.038665,0.103884,0.235282,1.467673
1995-06-12,0.000000,Validation,-0.298766,-0.041663,-0.015515,-0.025948,-0.015440,-0.023996,0.002550,0.041162,0.107047,0.238258,1.473273
1995-06-13,0.000000,Validation,-0.291536,-0.038014,-0.012314,-0.024590,-0.012819,-0.021591,0.005524,0.045558,0.113824,0.245913,1.490241
1995-06-14,0.000000,Validation,-0.309404,-0.045353,-0.020674,-0.027286,-0.021516,-0.028952,-0.003970,0.031745,0.092096,0.217578,1.423924
1995-06-15,0.000000,Validation,-0.317688,-0.048896,-0.024776,-0.028305,-0.025109,-0.031692,-0.007816,0.026107,0.083556,0.206321,1.397081
1995-06-16,0.000000,Validation,-0.313023,-0.047075,-0.022849,-0.028369,-0.023921,-0.031068,-0.006735,0.028152,0.086868,0.210683,1.408791
1995-06-17,0.000000,Validation,-0.323516,-0.051082,-0.028658,-0.029591,-0.027523,-0.034362,-0.010954,0.021437,0.076617,0.198719,1.381797
1995-06-18,0.000000,Validation,-0.324638,-0.052018,-0.028318,-0.029478,-0.028294,-0.034302,-0.011612,0.020874,0.075745,0.196519,1.375940
1995-06-19,0.000000,Validation,-0.329473,-0.053867,-0.031229,-0.030102,-0.029632,-0.035660,-0.013146,0.018301,0.071885,0.192397,1.367213
1995-06-20,0.000000,Validation,-0.320757,-0.050598,-0.026444,-0.029682,-0.027154,-0.033829,-0.010423,0.022803,0.078825,0.200662,1.387301
1995-06-21,0.000000,Validation,-0.345623,-0.059823,-0.037024,-0.028893,-0.034335,-0.038615,-0.019581,0.006725,0.051271,0.166234,1.303666
1995-06-22,0.000000,Validation,-0.348983,-0.061158,-0.038705,-0.028667,-0.035041,-0.038780,-0.020363,0.005399,0.049548,0.164593,1.302062
1995-06-23,0.000000,Validation,-0.321388,-0.050226,-0.027008,-0.029361,-0.027450,-0.034144,-0.011033,0.021407,0.077993,0.201164,1.395223
1995-06-24,0.000000,Validation,-0.307104,-0.038596,-0.028136,-0.027207,-0.022158,-0.034276,-0.008832,0.020300,0.077646,0.215923,1.454142
1995-06-25,0.000000,Validation,-0.316751,-0.044120,-0.031001,-0.029320,-0.024432,-0.035754,-0.010875,0.017699,0.074171,0.210322,1.442010
1995-06-26,0.000000,Validation,-0.319973,-0.047904,-0.009792,0.045100,0.064749,0.062743,0.099582,0.125064,0.211069,0.469879,2.074706
1995-06-27,0.000000,Validation,-0.454558,-0.141636,-0.098768,-0.031887,0.007556,0.031543,0.058378,0.113131,0.262961,0.507790,2.439125
1995-06-28,0.000000,Validation,-0.404915,-0.115328,-0.060125,-0.021639,0.004760,0.028198,0.051846,0.107682,0.233423,0.450572,2.145936
1995-06-29,0.000000,Validation,-0.380290,-0.100125,-0.055472,-0.027980,-0.010393,0.004517,0.026240,0.077371,0.186958,0.378190,1.923621
1995-06-30,0.000000,Validation,-0.351867,-0.076383,-0.041843,-0.026303,-0.012800,-0.008229,0.016989,0.064028,0.156308,0.323924,1.752396
1995-07-01,0.000000,Training,-0.334368,-0.060676,-0.032442,-0.024100,-0.013350,-0.014698,0.013103,0.057519,0.139477,0.293156,1.658991
1995-07-02,0.000000,Training,-0.342077,-0.060220,-0.047005,-0.029924,-0.018873,-0.025957,0.005231,0.045662,0.120538,0.278672,1.633303
1995-07-03,0.000000,Training,-0.340242,-0.058236,-0.041202,-0.028222,-0.018715,-0.024667,0.005126,0.045726,0.121089,0.272691,1.617722
1995-07-04,0.000000,Training,-0.327916,-0.053379,-0.029692,-0.025344,-0.017436,-0.022027,0.006606,0.047993,0.122183,0.265661,1.589123
1995-07-05,0.000000,Training,-0.333114,-0.055572,-0.032525,-0.027734,-0.023474,-0.028215,-0.000901,0.036709,0.104833,0.240823,1.524712
1995-07-06,0.000000,Training,-0.338041,-0.057006,-0.034865,-0.029254,-0.027939,-0.032606,-0.006457,0.028285,0.091447,0.220907,1.472701
1995-07-07,0.000000,Training,-0.338155,-0.055425,-0.036344,-0.030357,-0.029414,-0.035377,-0.008761,0.024283,0.085356,0.213297,1.456038
1995-07-08,0.000000,Training,-0.361139,-0.066273,-0.058273,-0.038020,-0.037785,-0.045591,-0.018509,0.009556,0.065145,0.200280,1.439406
1995-07-09,0.000000,Training,-0.346320,-0.060612,-0.039705,-0.032077,-0.031499,-0.035678,-0.011152,0.021323,0.083283,0.211920,1.463227
1995-07-10,0.000000,Training,-0.342559,-0.059019,-0.040760,-0.033793,-0.030732,-0.036931,-0.010135,0.022412,0.085986,0.217700,1.478545
1995-07-11,0.000000,Training,-0.330803,-0.055107,-0.032778,-0.033132,-0.029807,-0.036085,-0.010194,0.023088,0.087510,0.216694,1.472051
1995-07-12,0.000000,Training,-0.326804,-0.049905,-0.030740,-0.031023,-0.031053,-0.037985,-0.013250,0.015962,0.076255,0.203118,1.444288
1995-07-13,0.000000,Training,-0.319909,-0.047588,-0.028951,-0.031938,-0.030788,-0.037997,-0.013262,0.017339,0.081121,0.209071,1.460311
1995-07-14,0.000000,Training,-0.323127,-0.045350,-0.031731,-0.030125,-0.034307,-0.040789,-0.018227,0.007832,0.069775,0.198381,1.450802
1995-07-15,0.000000,Training,-0.347179,-0.059993,-0.036432,-0.030559,-0.033701,-0.037626,-0.015585,0.011193,0.063778,0.179881,1.365858
1995-07-16,0.000000,Training,-0.368944,-0.072039,-0.045029,-0.030424,-0.035609,-0.036705,-0.017115,0.008892,0.056328,0.168810,1.333917
1995-07-17,0.000000,Training,-0.372533,-0.074036,-0.046808,-0.030490,-0.035611,-0.036143,-0.016864,0.009103,0.057428,0.171179,1.345634
1995-07-18,0.000000,Training,-0.376385,-0.076065,-0.048469,-0.030130,-0.035417,-0.035268,-0.016417,0.009240,0.057864,0.172695,1.354113
1995-07-19,0.000000,Training,-0.372337,-0.074242,-0.046925,-0.030989,-0.035057,-0.035247,-0.015489,0.010997,0.062744,0.178519,1.370898
1995-07-20,0.000000,Training,-0.366378,-0.068831,-0.044239,-0.029429,-0.035211,-0.036166,-0.016846,0.006707,0.057681,0.174280,1.370931
1995-07-21,0.000000,Training,-0.371132,-0.073066,-0.045449,-0.030773,-0.035047,-0.035673,-0.015857,0.008899,0.059795,0.174565,1.366132
1995-07-22,0.000000,Training,-0.392677,-0.083986,-0.052628,-0.025942,-0.033689,-0.031145,-0.014393,0.008174,0.051134,0.165055,1.342417
1995-07-23,0.000000,Training,-0.397600,-0.087369,-0.055431,-0.026540,-0.033221,-0.029575,-0.012888,0.010339,0.056909,0.174039,1.374110
1995-07-24,0.000000,Training,-0.361657,-0.073885,-0.043184,-0.036181,-0.030955,-0.032027,-0.007280,0.025879,0.095401,0.220489,1.489583
1995-07-25,0.000000,Training,-0.337731,-0.061853,-0.032240,-0.035042,-0.026086,-0.030508,-0.002186,0.034052,0.107034,0.234357,1.513661
1995-07-26,0.000000,Training,-0.331267,-0.054836,-0.028106,-0.031925,-0.027290,-0.032113,-0.005304,0.026764,0.094847,0.218309,1.475957
1995-07-27,0.000000,Training,-0.364863,-0.073788,-0.041205,-0.034842,-0.032589,-0.033533,-0.009343,0.020665,0.081653,0.195664,1.412047
1995-07-28,0.000000,Training,-0.365144,-0.073665,-0.041362,-0.035023,-0.032581,-0.033784,-0.009371,0.019952,0.081695,0.196762,1.421504
1995-07-29,0.000000,Training,-0.371636,-0.078085,-0.044007,-0.035629,-0.032428,-0.032834,-0.008456,0.021412,0.084027,0.199594,1.430536
1995-07-30,0.000000,Training,-0.353945,-0.070985,-0.037033,-0.037722,-0.029603,-0.032158,-0.004107,0.030354,0.101436,0.221155,1.481941
1995-07-31,0.000000,Training,-0.342166,-0.066059,-0.031635,-0.037574,-0.026439,-0.030402,-0.000094,0.037039,0.111979,0.234529,1.511777
1995-08-01,0.000000,Training,-0.339159,-0.064692,-0.029992,-0.037343,-0.025536,-0.029493,0.001506,0.039619,0.115909,0.238377,1.518658
1995-08-02,0.000000,Training,-0.344395,-0.067270,-0.032212,-0.037702,-0.026500,-0.029360,0.001297,0.039273,0.116108,0.237526,1.517663
1995-08-03,0.000000,Training,-0.328780,-0.060774,-0.025379,-0.036826,-0.021277,-0.026012,0.007429,0.049347,0.131665,0.258569,1.566873
1995-08-04,0.000000,Training,-0.327078,-0.060185,-0.024346,-0.036745,-0.020166,-0.025068,0.009101,0.051741,0.135340,0.263061,1.577726
1995-08-05,0.000000,Training,-0.341844,-0.066859,-0.030446,-0.038173,-0.024323,-0.027268,0.005509,0.045506,0.126569,0.249768,1.548441
1995-08-06,0.000000,Training,-0.348866,-0.070092,-0.033144,-0.038705,-0.025603,-0.027755,0.004593,0.043366,0.123601,0.245282,1.540730
1995-08-07,0.000000,Training,-0.338686,-0.065887,-0.028665,-0.038567,-0.022508,-0.026129,0.008322,0.049536,0.133339,0.258683,1.573126
1995-08-08,0.000000,Training,-0.332863,-0.063534,-0.025914,-0.038212,-0.020091,-0.024422,0.011379,0.054240,0.140542,0.268421,1.596413
1995-08-09,0.000000,Training,-0.331666,-0.063202,-0.025106,-0.038224,-0.019140,-0.023461,0.013102,0.056754,0.144566,0.273198,1.607713
1995-08-10,0.000000,Training,-0.354375,-0.072698,-0.039464,-0.042731,-0.024361,-0.028428,0.008591,0.048501,0.135315,0.264106,1.598753
1995-08-11,0.000000,Training,-0.366811,-0.079304,-0.038903,-0.040011,-0.025290,-0.025577,0.007745,0.044836,0.126900,0.248975,1.564262
1995-08-12,0.000000,Training,-0.374143,-0.083103,-0.041492,-0.039892,-0.025284,-0.024999,0.008240,0.043785,0.125060,0.247415,1.567395
1995-08-13,0.000000,Training,-0.384104,-0.088773,-0.045533,-0.039793,-0.025164,-0.023709,0.009201,0.043761,0.125459,0.249262,1.580724
1995-08-14,0.000000,Training,-0.376134,-0.085404,-0.043067,-0.041409,-0.024443,-0.023465,0.011211,0.048750,0.136776,0.263375,1.616246
1995-08-15,0.000000,Training,-0.359253,-0.077686,-0.036347,-0.042181,-0.021942,-0.022940,0.014568,0.055932,0.149574,0.279820,1.651205
1995-08-16,0.000000,Training,-0.346475,-0.071248,-0.031587,-0.042033,-0.018812,-0.022018,0.018230,0.062078,0.158729,0.292611,1.677588
1995-08-17,0.000000,Training,-0.347338,-0.071789,-0.030380,-0.041760,-0.018967,-0.021477,0.018577,0.062002,0.158026,0.289676,1.668751
1995-08-18,0.000000,Training,-0.333194,-0.065212,-0.024097,-0.040384,-0.014541,-0.018949,0.023294,0.069321,0.168482,0.304904,1.702976
1995-08-19,0.000000,Training,-0.339624,-0.068546,-0.027006,-0.041669,-0.016210,-0.019708,0.022504,0.067781,0.167767,0.303114,1.702647
1995-08-20,0.000000,Training,-0.337492,-0.067725,-0.026210,-0.041762,-0.015193,-0.018839,0.024257,0.070386,0.172505,0.309551,1.719830
1995-08-21,0.000000,Training,-0.322036,-0.060367,-0.019523,-0.039688,-0.009710,-0.015330,0.029574,0.078463,0.183939,0.326954,1.760702
1995-08-22,0.000000,Training,-0.323773,-0.061471,-0.020589,-0.040361,-0.009993,-0.015205,0.030133,0.079287,0.186627,0.330444,1.772366
1995-08-23,0.000000,Training,-0.343138,-0.071260,-0.029473,-0.043808,-0.015761,-0.018229,0.026222,0.072974,0.180813,0.320168,1.756187
1995-08-24,0.000000,Training,-0.347407,-0.073736,-0.031728,-0.045022,-0.016688,-0.018533,0.026169,0.072808,0.182437,0.322075,1.766078
1995-08-25,0.000000,Training,-0.362929,-0.081613,-0.038287,-0.046850,-0.019322,-0.019410,0.024525,0.068613,0.178154,0.315492,1.761346
1995-08-26,0.000000,Training,-0.368682,-0.084843,-0.041033,-0.047727,-0.019687,-0.019145,0.025049,0.068588,0.180018,0.318582,1.777708
1995-08-27,0.000000,Training,-0.373474,-0.087631,-0.043569,-0.048431,-0.019781,-0.018575,0.025931,0.069237,0.183343,0.324054,1.800615
1995-08-28,0.000000,Training,-0.354091,-0.077532,-0.037423,-0.047935,-0.018145,-0.018731,0.026948,0.073313,0.192738,0.340757,1.842463
1995-08-29,0.000000,Training,-0.343625,-0.074562,-0.033309,-0.048303,-0.014337,-0.016321,0.032057,0.083143,0.206911,0.358723,1.876837
1995-08-30,0.000000,Training,-0.348270,-0.077311,-0.035571,-0.049604,-0.015719,-0.016660,0.031831,0.082857,0.208398,0.359175,1.880436
1995-08-31,0.000000,Training,-0.345551,-0.076553,-0.035179,-0.050081,-0.014986,-0.016101,0.033281,0.085616,0.214014,0.367237,1.902027
1995-09-01,0.000000,Training,-0.351541,-0.079980,-0.038536,-0.051896,-0.016558,-0.016997,0.032695,0.084627,0.214977,0.367994,1.910260
1995-09-02,0.000000,Training,-0.345459,-0.077544,-0.036590,-0.051886,-0.015170,-0.016300,0.034311,0.087770,0.220492,0.376695,1.932442
1995-09-03,0.000000,Training,-0.340148,-0.075286,-0.035195,-0.051852,-0.013976,-0.015719,0.035569,0.090155,0.225202,0.384748,1.954783
1995-09-04,0.000000,Training,-0.339310,-0.074958,-0.040219,-0.054420,-0.012527,-0.016305,0.037845,0.094608,0.235285,0.403631,2.011756
1995-09-05,0.000000,Training,-0.337098,-0.076949,-0.052289,-0.060487,-0.011377,-0.018421,0.039324,0.099258,0.247576,0.438950,2.129718
1995-09-06,0.000000,Training,-0.347208,-0.081875,-0.046848,-0.056769,-0.009904,-0.011746,0.043570,0.104962,0.260924,0.445860,2.147421
1995-09-07,0.000000,Training,-0.350774,-0.086412,-0.045844,-0.057087,-0.010968,-0.010304,0.044836,0.106889,0.265763,0.448320,2.150138
1995-09-08,0.000000,Training,-0.343622,-0.085555,-0.043948,-0.057684,-0.010286,-0.009349,0.045404,0.110529,0.273660,0.459527,2.178712
1995-09-09,0.000000,Training,-0.345356,-0.085707,-0.045746,-0.058710,-0.012719,-0.011203,0.043969,0.109163,0.272371,0.454880,2.164788
1995-09-10,0.000000,Training,-0.358214,-0.091247,-0.064702,-0.067413,-0.017897,-0.019332,0.040117,0.105322,0.273489,0.468535,2.228484
1995-09-11,0.000000,Training,-0.340962,-0.084002,-0.046584,-0.058732,-0.010804,-0.008180,0.047790,0.117831,0.289309,0.478460,2.228199
1995-09-12,0.000000,Training,-0.327145,-0.078323,-0.041782,-0.056095,-0.005517,-0.003165,0.053959,0.128241,0.304513,0.498289,2.266866
1995-09-13,0.000000,Training,-0.332894,-0.083128,-0.046684,-0.059499,-0.009257,-0.005658,0.051362,0.126844,0.306897,0.500757,2.278917
1995-09-14,0.000000,Training,-0.343610,-0.088044,-0.052012,-0.062653,-0.014844,-0.010117,0.047386,0.121198,0.299621,0.486934,2.245098
1995-09-15,0.000000,Training,-0.335045,-0.084192,-0.049498,-0.062051,-0.013071,-0.008890,0.049008,0.124933,0.304566,0.493214,2.254918
1995-09-16,0.000000,Training,-0.332078,-0.083300,-0.049464,-0.062438,-0.013060,-0.008763,0.049289,0.126567,0.307692,0.496899,2.262560
1995-09-17,0.000000,Training,-0.326675,-0.081641,-0.048753,-0.061790,-0.010654,-0.006012,0.052648,0.132983,0.318622,0.511468,2.296532
1995-09-18,0.000000,Training,-0.326704,-0.082541,-0.060847,-0.065286,-0.007310,-0.005075,0.057365,0.141914,0.338382,0.551290,2.418676
1995-09-19,0.000000,Training,-0.321562,-0.082210,-0.050158,-0.060179,-0.004163,0.002916,0.062148,0.150246,0.351512,0.558814,2.421859
1995-09-20,0.000000,Training,-0.328473,-0.086952,-0.054504,-0.063746,-0.008746,-0.000943,0.059304,0.147221,0.349725,0.555021,2.416852
1995-09-21,0.000000,Training,-0.339372,-0.095294,-0.062467,-0.069436,-0.015320,-0.005643,0.054228,0.143383,0.351038,0.557236,2.434398
1995-09-22,0.000000,Training,-0.339578,-0.095851,-0.066540,-0.071390,-0.018693,-0.007501,0.051706,0.142129,0.355380,0.565735,2.461407
1995-09-23,0.000000,Training,-0.348854,-0.100963,-0.075668,-0.075459,-0.026201,-0.012277,0.045319,0.135614,0.357296,0.574063,2.498300
1995-09-24,0.000000,Training,-0.336422,-0.092575,-0.061899,-0.070931,-0.019038,-0.010367,0.049705,0.136456,0.338979,0.538613,2.382397
1995-09-25,0.000000,Training,-0.343827,-0.096728,-0.063753,-0.072688,-0.021330,-0.012267,0.048754,0.135028,0.334842,0.527229,2.347636
1995-09-26,0.000000,Training,-0.341772,-0.096637,-0.063580,-0.072846,-0.020685,-0.011282,0.050235,0.138372,0.340286,0.533583,2.359740
1995-09-27,0.000000,Training,-0.336956,-0.095347,-0.063577,-0.072597,-0.019365,-0.009080,0.052511,0.143749,0.351039,0.549016,2.396964
1995-09-28,0.000000,Training,-0.350559,-0.101299,-0.073597,-0.076858,-0.028111,-0.015203,0.044555,0.132807,0.346345,0.548501,2.418969
1995-09-29,0.000000,Training,-0.355775,-0.104182,-0.069731,-0.076613,-0.025947,-0.014596,0.047556,0.134567,0.338264,0.524223,2.337721
1995-09-30,0.000000,Training,-0.348954,-0.101890,-0.067684,-0.076137,-0.024394,-0.013462,0.049028,0.138244,0.343262,0.532682,2.353947
1995-10-01,0.000000,Training,-0.337623,-0.096827,-0.063293,-0.073826,-0.020088,-0.009793,0.053117,0.145189,0.352278,0.546747,2.383521
1995-10-02,0.000000,Training,-0.332153,-0.094586,-0.061585,-0.072488,-0.017288,-0.006682,0.056738,0.151255,0.361952,0.559724,2.412724
1995-10-03,0.000000,Training,-0.331102,-0.094907,-0.061877,-0.072571,-0.016884,-0.005577,0.058187,0.154354,0.368156,0.567572,2.430224
1995-10-04,0.000000,Training,-0.335409,-0.097833,-0.064839,-0.074283,-0.019127,-0.006632,0.057427,0.154422,0.371034,0.570428,2.437910
1995-10-05,0.000000,Training,-0.327197,-0.095989,-0.064165,-0.072962,-0.015083,-0.001347,0.062988,0.165174,0.390996,0.599400,2.506382
1995-10-06,0.000000,Training,-0.328664,-0.099615,-0.072240,-0.075607,-0.018012,-0.000476,0.062394,0.169508,0.412258,0.636191,2.610607
1995-10-07,0.000000,Training,-0.328646,-0.094876,-0.061210,-0.072503,-0.016063,-0.003819,0.061107,0.159878,0.377930,0.578087,2.446589
1995-10-08,0.000000,Training,-0.329118,-0.093947,-0.060154,-0.072241,-0.016618,-0.004645,0.060482,0.157505,0.372526,0.569839,2.425237
1995-10-09,0.000000,Training,-0.340417,-0.102619,-0.088365,-0.088630,-0.026396,-0.020048,0.050428,0.147073,0.366166,0.591351,2.542852
1995-10-10,0.000000,Training,-0.357812,-0.142654,-0.124078,-0.113364,-0.032328,-0.019675,0.062182,0.163992,0.428968,0.769981,3.239541
1995-10-11,0.000000,Training,-0.459441,-0.196599,-0.176523,-0.126745,-0.029614,0.004150,0.086284,0.218401,0.619519,1.051617,4.366577
1995-10-12,0.000000,Training,-0.422876,-0.171525,-0.107026,-0.076023,0.019673,0.067630,0.150925,0.302824,0.734170,1.137187,4.314223
1995-10-13,0.000000,Training,-0.393127,-0.153671,-0.101227,-0.081137,0.006977,0.045821,0.125660,0.269405,0.648043,1.003372,3.793901
1995-10-14,0.000000,Training,-0.390374,-0.146587,-0.115767,-0.091296,-0.007962,0.024000,0.104670,0.244548,0.597568,0.938230,3.590469
1995-10-15,0.000000,Training,-0.353182,-0.120625,-0.079020,-0.070463,0.004345,0.035415,0.112279,0.248717,0.565747,0.855122,3.234783
1995-10-16,0.000000,Training,-0.341338,-0.110508,-0.073242,-0.068486,0.001212,0.029853,0.107259,0.240126,0.536220,0.800525,3.045066
1995-10-17,0.000000,Training,-0.344454,-0.112642,-0.076742,-0.072370,-0.006463,0.022783,0.099040,0.230208,0.518204,0.770037,2.953465
1995-10-18,0.000000,Training,-0.342843,-0.109475,-0.076165,-0.073349,-0.011640,0.016744,0.092429,0.219923,0.494702,0.730724,2.832159
1995-10-19,0.000000,Training,-0.339191,-0.107150,-0.075412,-0.073866,-0.013857,0.014096,0.089081,0.215297,0.483409,0.711965,2.771151
1995-10-20,0.000000,Training,-0.341732,-0.107849,-0.085080,-0.078794,-0.016747,0.009036,0.085607,0.212482,0.483113,0.718515,2.802351
1995-10-21,0.000000,Training,-0.327794,-0.103161,-0.073272,-0.072198,-0.009875,0.018456,0.092448,0.222361,0.493019,0.724755,2.790752
1995-10-22,0.000000,Training,-0.325555,-0.103037,-0.073590,-0.072168,-0.009743,0.019401,0.093307,0.224418,0.496455,0.727353,2.789971
1995-10-23,0.000000,Training,-0.342122,-0.116495,-0.104580,-0.089197,-0.020950,0.005688,0.083183,0.218301,0.505374,0.766866,2.953032
1995-10-24,0.000000,Training,-0.365538,-0.139301,-0.133402,-0.111622,-0.041776,-0.013187,0.064536,0.199856,0.501005,0.796985,3.126098
1995-10-25,0.000000,Training,-0.362698,-0.132996,-0.099970,-0.083937,-0.014448,0.025260,0.098121,0.242475,0.568912,0.853129,3.204851
1995-10-26,0.000000,Training,-0.370930,-0.144723,-0.108433,-0.089964,-0.022084,0.023229,0.096372,0.246745,0.587223,0.875441,3.244613
1995-10-27,0.000000,Training,-0.391107,-0.167612,-0.137295,-0.102749,-0.034491,0.021436,0.091436,0.258401,0.651948,0.986430,3.557220
1995-10-28,0.000000,Training,-0.378838,-0.156954,-0.128054,-0.098774,-0.034591,0.018769,0.088641,0.251695,0.622454,0.928238,3.357714
1995-10-29,0.000000,Training,-0.346679,-0.129821,-0.104065,-0.085182,-0.020578,0.024492,0.093520,0.246665,0.582180,0.860725,3.147207
1995-10-30,0.000000,Training,-0.334854,-0.110621,-0.093471,-0.085670,-0.019688,0.006260,0.080578,0.212143,0.486822,0.732596,2.838458
1995-10-31,0.000000,Training,-0.349045,-0.120837,-0.107277,-0.094150,-0.028500,-0.000208,0.073581,0.206730,0.492111,0.753523,2.928246
1995-11-01,0.000000,Training,-0.355764,-0.125903,-0.109465,-0.092818,-0.027414,0.006321,0.077826,0.215672,0.522709,0.800684,3.063187
1995-11-02,0.000000,Training,-0.351853,-0.123584,-0.097670,-0.087541,-0.018826,0.012655,0.086250,0.222953,0.519499,0.783811,2.999014
1995-11-03,0.000000,Training,-0.343210,-0.122942,-0.083819,-0.079531,-0.012339,0.025195,0.096397,0.237673,0.539448,0.796131,2.991447
1995-11-04,0.000000,Training,-0.344330,-0.122547,-0.084764,-0.080579,-0.016957,0.021422,0.092899,0.233298,0.529614,0.775813,2.921744
1995-11-05,0.000000,Training,-0.335420,-0.118345,-0.082645,-0.078038,-0.013373,0.025408,0.097326,0.241350,0.539198,0.784199,2.923557
1995-11-06,0.000000,Training,-0.332075,-0.114780,-0.086875,-0.078094,-0.012246,0.025486,0.099220,0.245369,0.544978,0.791201,2.934480
1995-11-07,0.000000,Training,-0.326479,-0.112890,-0.083031,-0.075447,-0.011956,0.028531,0.100127,0.247537,0.548808,0.792870,2.922077
1995-11-08,0.000000,Training,-0.326262,-0.112582,-0.082458,-0.075002,-0.010943,0.029078,0.101910,0.250007,0.547537,0.784997,2.888826
1995-11-09,0.000000,Training,-0.339286,-0.125518,-0.110585,-0.086747,-0.015623,0.025685,0.102001,0.260444,0.583812,0.856535,3.109935
1995-11-10,0.000000,Training,-0.538822,-0.289797,-0.240006,-0.102038,0.093710,0.247017,0.426509,0.826584,2.362908,3.978491,15.095863
1995-11-11,0.000000,Training,-0.599411,-0.244888,-0.175269,0.189119,0.771260,1.214870,1.659245,3.450515,9.753951,14.330391,48.074497
1995-11-12,0.000000,Training,-0.563373,-0.174984,-0.112085,0.257584,0.731513,1.107717,1.491109,2.874138,7.169336,10.277820,30.978216
1995-11-13,0.000000,Training,-0.519803,-0.213879,-0.131710,0.110269,0.384723,0.631592,0.863048,1.620760,3.838353,5.527132,15.915020
1995-11-14,0.000000,Training,-0.470620,-0.207574,-0.127858,0.020233,0.200374,0.370660,0.529795,0.998411,2.359560,3.429728,10.110696
1995-11-15,0.000000,Training,-0.470644,-0.236336,-0.157342,-0.029768,0.112394,0.261993,0.404839,0.800054,1.904937,2.785846,8.193077
1995-11-16,11.273898,Training,-0.691959,-0.476334,-0.309019,-0.083918,0.404740,0.649135,1.187030,2.628294,7.929668,13.686830,44.545773
1995-11-17,2.899002,Training,-0.705422,-0.412666,-0.210763,0.213504,0.881235,1.272332,1.959667,4.000770,10.669792,16.645050,50.857357
1995-11-18,0.644223,Training,-0.589222,-0.330917,-0.161815,0.094560,0.373029,0.660831,0.941200,1.822835,4.532815,6.647924,19.367022
1995-11-19,0.322111,Training,-0.571455,-0.347932,-0.216189,-0.029191,0.146419,0.359255,0.549446,1.104035,2.752120,4.097889,11.753812
1995-11-20,0.161056,Training,-0.512392,-0.297807,-0.207087,-0.060610,0.072086,0.232506,0.387089,0.796579,1.925671,2.835641,8.174451
1995-11-21,0.000000,Training,-0.450124,-0.237721,-0.177807,-0.049386,0.072044,0.205660,0.349949,0.702462,1.576072,2.241628,6.443650
1995-11-22,0.000000,Training,-0.422189,-0.212390,-0.165902,-0.038801,0.076773,0.202429,0.344787,0.677608,1.426151,1.990311,5.610698
1995-11-23,0.000000,Training,-0.409564,-0.200082,-0.162087,-0.028829,0.081824,0.205084,0.348262,0.677058,1.343489,1.842866,5.077907
1995-11-24,0.000000,Training,-0.419040,-0.210277,-0.174005,-0.032176,0.077885,0.202984,0.345103,0.681547,1.337131,1.823348,4.986636
1995-11-25,0.000000,Training,-0.458565,-0.259446,-0.240207,-0.066790,0.076528,0.211583,0.381486,0.784399,1.620441,2.354379,6.514816
1995-11-26,0.000000,Training,-0.516823,-0.298042,-0.233293,-0.027483,0.128565,0.311301,0.475494,0.950716,2.044189,2.878529,7.975645
1995-11-27,0.000000,Training,-0.534030,-0.313902,-0.267999,-0.044516,0.125461,0.300580,0.486056,0.991302,2.145018,3.096764,8.360274
1995-11-28,0.000000,Training,-0.685726,-0.464553,-0.403732,-0.125464,0.148738,0.410233,0.678139,1.526181,3.942317,5.999775,16.832886
1995-11-29,134.964666,Training,-0.684238,-0.215850,0.216630,1.907263,6.547512,8.479402,15.199946,34.083679,84.402145,127.317863,270.795258
1995-11-30,38.492309,Training,-0.542716,0.029317,0.618382,2.492270,5.803305,7.728400,11.473722,22.320471,51.965858,74.068054,172.677841
1995-12-01,9.985453,Training,-0.605139,-0.269226,-0.029267,0.560018,1.244900,1.843695,2.539720,4.675919,10.869355,15.374364,37.273376
1995-12-02,3.704281,Training,-0.506982,-0.223929,-0.078517,0.245728,0.563828,0.875304,1.199529,2.112039,4.498909,6.326646,15.334261
1995-12-03,1.610557,Training,-0.476819,-0.235789,-0.133201,0.112489,0.330220,0.548241,0.800957,1.422277,2.902477,4.080119,9.922683
1995-12-04,0.644223,Training,-0.481121,-0.248784,-0.151944,0.107300,0.318759,0.534820,0.795963,1.409337,2.795693,3.896036,9.302712
1995-12-05,0.322111,Training,-0.469407,-0.245130,-0.172736,0.062851,0.245650,0.444805,0.670076,1.214631,2.338269,3.152548,7.658513
1995-12-06,11.273898,Training,-0.767191,-0.505995,-0.386786,0.111599,0.934503,1.673204,2.766362,5.856624,16.752243,24.042229,64.809479
1995-12-07,23.997297,Training,-0.642567,-0.212672,0.151451,1.349632,3.096832,4.567180,6.581880,12.249250,29.031155,39.298992,95.288765
1995-12-08,11.273898,Training,-0.646257,-0.198394,0.107393,1.394663,3.389057,4.943216,7.034226,13.420267,31.396013,44.054859,103.388008
1995-12-09,25.929966,Training,-0.423405,0.342018,0.866047,3.365731,6.881429,9.536971,13.017787,22.733784,47.193214,63.950260,146.921906
1995-12-10,222.901072,Training,5.199669,12.803247,16.443796,50.802849,87.131294,107.532127,156.319519,234.353149,359.253021,442.734589,902.951721
1995-12-11,,,0.048141,1.301006,2.871192,7.284491,15.117397,18.442377,23.455141,38.229195,65.311066,100.002899,227.856354
1995-12-12,159.445131,Training,21.353992,33.591724,39.446556,87.140495,121.869286,143.859329,179.651169,223.640274,328.678467,405.371002,727.535950
1995-12-13,78.756231,Training,11.721896,19.178947,23.244221,47.922745,65.194077,79.919914,91.268387,116.346458,165.451797,203.382355,400.702972
1995-12-14,29.795302,Training,4.363911,8.281172,10.279874,22.977249,32.055393,40.368397,47.204681,63.033951,94.130707,115.935211,245.800293
1995-12-15,18.843515,Training,3.409658,6.709236,8.359642,19.343674,27.600609,34.784157,41.894112,56.325710,86.843575,107.916367,228.156174
1995-12-16,11.273898,Training,2.918401,5.911860,7.580120,16.691956,23.419987,29.715736,35.218380,46.897404,71.663086,87.709602,189.997696
1995-12-17,7.569617,Training,1.470335,3.157669,4.507352,9.286733,13.061181,16.815638,20.185791,26.573305,41.153599,50.158497,109.575180
1995-12-18,6.442228,Training,0.418558,1.487099,2.429440,5.602949,8.623900,10.973549,14.293091,19.529692,33.012810,43.163143,98.146118
1995-12-19,58.463215,Training,2.243796,5.538013,8.474749,25.314211,46.038551,57.828133,87.282784,138.936966,233.740738,298.624298,677.282043
1995-12-20,27.862634,Training,5.892173,10.095227,13.735864,28.056307,40.242233,52.159050,61.872784,81.545517,123.388123,148.109955,307.793091
1995-12-21,15.622402,Training,3.105648,5.498832,7.810611,15.298138,21.642139,28.184040,33.353447,43.399357,67.204453,81.024101,181.908112
1995-12-22,53.148377,Training,2.481385,4.365848,6.937270,15.049991,23.944956,30.328386,40.157063,55.920124,93.552155,119.332718,276.133972
1995-12-23,53.148377,Training,2.247106,4.351384,6.499806,13.493069,20.524113,26.203312,32.886459,44.126419,73.952232,92.033340,221.613419
1995-12-24,31.889026,Training,2.098340,3.720564,5.569588,10.393460,15.025460,19.262362,23.194191,29.657238,48.240837,58.410679,139.175507
1995-12-25,43.162924,Training,0.865131,1.966429,3.702553,8.652722,14.647124,18.815437,26.208424,38.263451,67.473755,89.608490,216.050369
1995-12-26,138.991059,Training,1.594274,3.139631,4.855891,9.779807,14.580857,19.054808,23.238485,30.808359,51.228180,63.559555,151.829071
1995-12-27,108.873645,Training,0.343650,1.231865,2.546034,6.461110,11.241427,14.660496,20.679752,31.213709,56.892540,77.083801,187.221756
1995-12-28,47.994595,Training,1.057122,2.488019,3.924730,8.644730,13.075992,17.287909,21.491280,29.345856,49.443676,62.518650,147.062042
1995-12-29,105.330420,Training,,,,,,,,,,,
1995-12-30,131.099330,Training,4.033108,7.643816,12.088040,30.692291,56.781067,70.162415,97.111458,154.831161,247.003342,323.019043,672.098938
1995-12-31,63.939108,Training,1.611266,3.910085,6.333597,15.437505,27.513216,35.060848,45.681099,72.612816,121.891510,159.413559,370.931946
1996-01-01,108.873645,Test,0.425746,1.589883,3.139279,8.163189,15.122782,19.571110,26.404778,44.074524,79.286781,108.245071,261.171082
1996-01-02,50.571486,Test,0.710013,2.356287,3.961750,11.803750,21.723549,28.351786,40.394894,67.420219,119.241974,157.755753,343.586945
1996-01-03,112.416870,Test,1.079710,3.006736,4.974879,13.168434,24.103079,30.964323,41.560841,68.635681,119.733292,158.746231,372.346527
1996-01-04,66.838110,Test,0.616643,1.914256,3.700394,10.041032,19.203535,24.651627,34.635422,59.436287,106.119553,144.380951,335.195282
1996-01-05,101.787195,Test,4.039709,8.405582,12.320664,34.386726,58.592804,75.029289,102.377274,160.491455,257.421265,328.102631,669.654297
1996-01-06,155.257683,Test,5.498264,9.735002,14.437827,35.310158,60.353783,74.895981,98.527122,151.773163,236.787170,305.249237,642.368958
1996-01-07,81.977345,Test,1.621824,3.607325,5.652335,12.935381,19.838949,27.174757,32.503620,48.375877,77.502808,94.971481,216.264893
1996-01-08,40.747089,Test,0.877492,2.275543,4.253967,11.172826,19.836395,25.942278,35.918369,58.495697,103.421989,138.747726,316.145782
1996-01-09,72.797171,Test,1.462945,3.746338,5.131820,13.587886,21.020266,27.711849,34.856682,51.978489,85.016205,106.604065,233.158432
1996-01-10,38.492309,Test,1.000072,2.897111,4.106602,11.326976,18.133957,24.015045,31.033449,47.674496,79.644745,100.696609,217.336639
1996-01-11,36.237530,Test,1.632095,3.818824,5.744296,14.522253,23.689699,30.905149,39.355511,60.101368,99.218094,128.045715,287.969177
1996-01-12,38.492309,Test,1.085872,2.673477,3.869524,8.558991,12.436254,16.435373,19.755651,27.402306,43.201271,53.123817,117.741287
1996-01-13,31.889026,Test,0.302626,1.184370,2.002752,4.359333,6.495795,8.505152,10.418377,14.409009,22.903353,28.811077,62.360607
1996-01-14,66.838110,Test,2.960169,7.676107,11.211768,35.752384,59.853634,78.457214,109.241043,173.336945,272.982056,342.460541,715.952026
1996-01-15,116.121151,Test,9.498593,16.337954,19.989744,48.381046,72.835876,90.216866,110.614044,150.160217,213.607697,266.920959,486.230438
1996-01-16,43.162924,Test,5.801908,9.605885,12.737524,25.407202,34.945553,45.254517,51.625286,67.928612,96.987564,116.458122,234.135391
1996-01-17,25.929966,Test,2.054970,3.844392,5.649986,11.226650,15.722584,20.831306,24.078285,32.256054,48.342365,58.958000,128.012283
1996-01-18,15.622402,Test,0.501350,1.526569,2.417200,5.171715,7.645478,9.786514,12.134935,16.442657,26.011797,33.142178,71.846466
1996-01-19,11.273898,Test,-0.024441,0.664412,1.240741,2.968357,4.636359,5.970626,7.579187,10.708162,17.392582,22.681572,48.812630
1996-01-20,40.747089,Test,0.918027,3.440036,4.859141,16.217636,29.562593,39.319099,56.377552,96.156822,165.452316,205.590714,459.576874
1996-01-21,155.257683,Test,10.453265,18.866568,23.155512,58.774265,89.889153,111.944160,137.260834,188.224182,265.558838,327.655334,587.508911
1996-01-22,105.330420,Test,14.556431,23.900080,28.981161,66.381226,96.487015,117.737877,140.804276,183.383667,258.514923,323.306030,561.931091
1996-01-23,151.070235,Test,14.898274,23.880381,28.394962,64.819611,91.913689,112.254318,131.685455,171.623352,238.060379,299.179535,528.157776
1996-01-24,58.463215,Test,8.718255,14.804667,17.592581,38.123798,52.887573,65.509796,73.710480,97.125298,136.192429,168.520248,334.133667
1996-01-25,31.889026,Test,4.016249,7.057902,9.129637,18.380943,25.781387,32.660583,36.761959,48.401337,70.427193,87.133324,184.808594
1996-01-26,40.747089,Test,4.078027,7.333464,9.286983,20.740093,29.474749,36.917896,43.800606,58.731136,86.211678,108.601639,214.779831
1996-01-27,257.689100,Test,13.808912,28.732534,39.710415,108.812454,149.683990,203.373459,218.891953,303.289825,428.653992,545.852905,948.234863
1996-01-28,134.964666,Test,20.567324,34.061153,41.570900,95.178261,133.280212,164.087234,190.309891,245.437912,344.641052,435.150665,745.686279
1996-01-29,88.419573,Test,16.891382,25.993645,30.354849,65.547935,90.576462,109.025925,126.293823,160.123505,222.094849,278.166016,495.600006
1996-01-30,43.162924,Test,11.496664,18.321898,21.397615,44.655415,60.304913,73.025673,82.188461,105.192123,146.847717,182.145279,347.396698
1996-01-31,194.555271,Test,16.933708,31.165850,41.258175,101.145874,141.599686,183.318695,202.930634,271.549561,384.822693,505.168121,864.649719
1996-02-01,98.405025,Test,18.612946,28.255320,32.888382,70.540588,96.393532,115.867775,133.724075,168.426086,233.825424,293.579285,515.731750
1996-02-02,40.747089,Test,9.554590,14.668420,18.154968,34.732224,45.625244,56.337524,62.512096,78.824776,109.693451,131.658295,254.720215
1996-02-03,22.225685,Test,5.018856,7.651723,9.902688,17.414135,22.858057,28.273542,31.372633,38.756836,54.601528,64.533112,132.402267
1996-02-04,14.011845,Test,3.290874,5.000503,6.630628,10.789291,14.253139,17.101030,19.579834,23.274586,33.113674,38.731667,80.734138
1996-02-05,9.985453,Test,2.082835,3.445974,4.656835,7.782345,10.453520,12.422455,14.643046,17.540318,25.098434,29.403051,61.873138
1996-02-06,7.569617,Test,1.188169,2.185799,3.251575,5.708939,8.191793,9.798521,11.879298,14.597291,21.905640,26.824348,58.300465
1996-02-07,5.475893,Test,0.795601,1.653577,2.524136,4.598681,6.551619,7.949072,9.587371,12.035397,17.824490,21.574678,45.963669
1996-02-08,5.475893,Test,0.280835,0.949285,1.608708,3.210105,4.680324,5.832632,7.052094,9.297050,13.923086,16.878502,35.835159
1996-02-09,3.704281,Test,-0.042692,0.469383,1.002993,2.252823,3.418952,4.345550,5.314407,7.357440,11.316191,14.088964,29.736002
1996-02-10,2.899002,Test,-0.233954,0.176836,0.609010,1.585801,2.496472,3.257110,3.991541,5.775930,9.066876,11.355379,23.908670
1996-02-11,2.254780,Test,-0.345985,-0.000454,0.368825,1.175694,1.924670,2.568881,3.161595,4.751134,7.636804,9.688030,20.405045
1996-02-12,2.254780,Test,-0.430376,-0.131212,0.184076,0.869916,1.475998,2.023351,2.518506,3.943222,6.538334,8.445623,17.782110
1996-02-13,2.254780,Test,-0.547858,-0.289831,-0.039157,0.586296,1.123080,1.598668,2.137497,3.560357,6.547547,9.436573,20.973772
1996-02-14,2.254780,Test,-0.696091,-0.338929,-0.073612,0.950456,2.204327,3.499330,4.876132,9.072064,21.671656,31.389206,82.410080
1996-02-15,4.509559,Test,-0.330893,0.549953,1.162832,4.497379,10.855204,15.576262,20.643988,39.104584,83.496681,111.167564,274.742157
1996-02-16,3.704281,Test,-0.226293,0.761913,1.541063,5.015407,10.212809,13.940817,17.575903,31.444408,60.848076,80.077194,178.757416
1996-02-17,2.254780,Test,-0.528873,-0.099116,0.361342,1.485511,2.812947,4.077353,5.051627,8.956541,18.283779,25.871021,56.750244
1996-02-18,2.254780,Test,-0.482910,-0.098178,0.344642,1.285322,2.283701,3.235606,4.065979,6.765979,12.995788,18.511705,39.718876
1996-02-19,1.127390,Test,-0.519320,-0.226330,0.071126,0.679995,1.269520,1.827740,2.348632,3.968383,7.527755,10.662102,22.794434
1996-02-20,1.127390,Test,-0.520484,-0.289432,-0.072057,0.316802,0.746789,1.140469,1.462540,2.501245,4.663275,6.561400,14.438483
1996-02-21,1.127390,Test,-0.501591,-0.293820,-0.103475,0.236640,0.619704,0.983411,1.258695,2.133655,3.863709,5.405537,12.519449
1996-02-22,1.127390,Test,-0.506300,-0.304137,-0.124289,0.199026,0.552384,0.893929,1.149436,1.967585,3.559275,4.957240,11.534073
1996-02-23,0.644223,Test,-0.521974,-0.320647,-0.146507,0.161477,0.491695,0.806843,1.043997,1.829348,3.368803,4.706543,10.775495
1996-02-24,0.644223,Test,-0.536452,-0.328312,-0.169730,0.137254,0.425982,0.709093,0.934612,1.695508,3.204083,4.460185,10.073589
1996-02-25,0.644223,Test,-0.561852,-0.340055,-0.201340,0.137147,0.437153,0.716192,0.970294,1.771660,3.453897,4.908008,11.326635
1996-02-26,0.322111,Test,-0.579776,-0.359680,-0.213764,0.112672,0.428996,0.720151,0.962531,1.763170,3.567764,5.183717,12.298603
1996-02-27,0.322111,Test,-0.584421,-0.359726,-0.208458,0.125868,0.423291,0.715991,0.948623,1.769269,3.661177,5.328877,12.591711
1996-02-28,0.322111,Test,-0.605292,-0.364869,-0.215527,0.169539,0.516564,0.840624,1.121217,2.067322,4.362929,6.451305,15.410354
1996-02-29,0.322111,Test,-0.653184,-0.229143,0.000153,0.975968,2.400664,3.668987,4.745785,8.749877,21.509869,31.604454,81.991905
1996-03-01,0.644223,Test,-0.199569,0.953644,1.541308,5.457456,12.418263,16.469429,21.210737,40.111408,80.398232,104.717178,239.729614
1996-03-02,0.322111,Test,-0.231431,0.638587,1.424503,4.278821,8.271883,11.232301,13.735937,24.784664,47.372959,64.412354,139.750656
1996-03-03,0.322111,Test,-0.448999,0.034087,0.542860,1.784444,3.165706,4.475487,5.402032,9.405677,18.750696,26.851574,59.176151
1996-03-04,0.322111,Test,-0.485476,-0.118802,0.305629,1.191734,2.081441,2.930582,3.654701,6.189896,12.094941,17.951496,39.334087
1996-03-05,0.322111,Test,-0.556436,-0.278923,-0.060797,0.449651,0.900726,1.312287,1.714231,3.043509,6.118853,9.041601,20.074314
1996-03-06,0.322111,Test,-0.599411,-0.283416,-0.083210,0.542946,1.146576,1.669231,2.216392,4.017696,8.598589,12.970441,30.022583
1996-03-07,0.644223,Test,-0.563183,0.033396,0.408019,2.187817,4.788016,6.741871,8.775972,17.358795,38.661526,54.082565,128.453461
1996-03-08,5.475893,Test,0.366053,2.171938,3.294569,10.581747,22.547281,28.121500,36.843056,68.856644,122.878784,159.035370,319.997528
1996-03-09,95.022856,Test,2.228010,5.695267,8.248491,23.875952,47.342457,57.036507,72.117439,121.717743,184.495392,239.550888,431.883972
1996-03-10,203.896501,Test,5.220243,11.459839,15.617201,43.352390,76.665764,94.344322,112.556648,172.775009,238.950317,302.022217,512.633240
1996-03-11,72.797171,Test,2.557256,5.462511,8.036809,19.243090,32.240749,41.202141,47.635662,73.509048,107.299324,138.171417,272.981201
1996-03-12,29.795302,Test,0.436923,1.600256,2.814298,6.543200,10.400277,14.133540,16.535812,25.455944,41.592396,54.422783,117.164856
1996-03-13,23.997297,Test,0.482572,1.815468,2.864652,7.554440,12.372179,16.668854,20.518953,31.634388,52.528667,69.307205,144.740448
1996-03-14,18.843515,Test,0.144054,1.151534,2.075703,5.022100,8.217365,11.202742,13.389896,20.180862,34.383507,45.454124,100.862755
1996-03-15,12.723399,Test,-0.198019,0.406593,1.048720,2.625072,4.245091,5.852736,7.147482,10.894574,18.892132,25.425438,55.621437
1996-03-16,9.985453,Test,-0.303591,0.144032,0.646913,1.705265,2.811054,3.892285,4.748442,7.209939,12.289976,16.492235,35.983181
1996-03-17,7.569617,Test,-0.357984,0.030814,0.455845,1.389481,2.259347,3.105889,3.883760,5.996518,10.149265,13.734787,29.265818
1996-03-18,5.475893,Test,-0.430755,-0.102525,0.228175,0.959279,1.614222,2.259338,2.852005,4.512866,7.737051,10.441895,22.188858
1996-03-19,5.475893,Test,-0.538056,-0.297194,-0.045382,0.471552,0.932503,1.341179,1.775173,3.042824,5.773130,8.603849,18.922575
1996-03-20,3.704281,Test,-0.554268,-0.334690,-0.136110,0.273126,0.595021,0.921865,1.220655,2.200216,4.263590,6.270007,13.948168
1996-03-21,3.704281,Test,-0.555424,-0.343490,-0.154876,0.232018,0.520610,0.830387,1.095158,2.006254,3.907029,5.731230,12.828895
1996-03-22,2.254780,Test,-0.561858,-0.367390,-0.172082,0.185442,0.459827,0.750804,0.982566,1.835153,3.673374,5.510738,12.583228
1996-03-23,2.254780,Test,-0.571117,-0.393058,-0.195480,0.126904,0.376401,0.644879,0.825453,1.609621,3.365204,5.153131,12.144776
1996-03-24,2.254780,Test,-0.628041,-0.397728,-0.186168,0.310203,0.604216,1.001902,1.260706,2.348644,5.657741,9.819365,24.435547
1996-03-25,1.610557,Test,-0.770807,-0.556177,-0.340566,0.145435,0.742967,1.223411,1.582748,3.490159,8.941900,15.072800,42.630707
1996-03-26,1.127390,Test,-0.665726,-0.429585,-0.269771,0.105046,0.438447,0.779111,0.952969,2.039239,4.938001,7.960240,20.612135
1996-03-27,1.127390,Test,-0.618867,-0.412963,-0.238468,0.076789,0.320540,0.605039,0.745314,1.577669,3.692569,5.895575,14.961068
1996-03-28,1.127390,Test,-0.564492,-0.373828,-0.228310,0.013050,0.184641,0.398039,0.492040,1.097073,2.569034,4.089907,10.649141
1996-03-29,0.644223,Test,-0.505586,-0.318496,-0.208980,-0.038938,0.080292,0.240639,0.295513,0.737761,1.731218,2.697134,7.447592
1996-03-30,0.322111,Test,-0.485066,-0.295002,-0.202379,-0.026693,0.095498,0.246256,0.317888,0.753414,1.688925,2.586956,6.995393
1996-03-31,0.000000,Test,-0.475959,-0.281376,-0.197798,-0.012409,0.109568,0.257945,0.337709,0.772238,1.683163,2.563764,6.824224
1996-04-01,0.322111,Training,-0.424268,-0.229208,-0.170980,-0.028110,0.075201,0.194224,0.256239,0.607190,1.283228,1.927648,5.377588
1996-04-02,0.322111,Training,-0.411303,-0.217221,-0.153657,-0.030082,0.063394,0.181053,0.234722,0.560208,1.174215,1.731485,4.891286
1996-04-03,0.322111,Training,-0.402994,-0.209588,-0.149159,-0.029657,0.060346,0.174104,0.229296,0.544899,1.127108,1.650135,4.655080
1996-04-04,0.322111,Training,-0.407389,-0.214342,-0.154134,-0.039225,0.047464,0.158290,0.208492,0.516509,1.093447,1.610590,4.617528
1996-04-05,0.161056,Training,-0.408416,-0.212548,-0.164789,-0.032330,0.060625,0.168501,0.228942,0.546702,1.123715,1.672620,4.711203
1996-04-06,0.161056,Training,-0.422976,-0.221318,-0.170315,-0.029340,0.064241,0.179666,0.237134,0.562918,1.169304,1.743988,4.897474
1996-04-07,0.161056,Training,-0.406086,-0.209295,-0.150694,-0.046590,0.033351,0.137745,0.171877,0.454173,1.002699,1.514895,4.547438
1996-04-08,0.000000,Training,-0.401581,-0.206470,-0.147857,-0.048617,0.028095,0.129398,0.162619,0.437065,0.966853,1.453740,4.374640
1996-04-09,0.161056,Training,-0.400603,-0.201552,-0.147089,-0.058344,0.008416,0.101326,0.126963,0.381888,0.876475,1.328876,4.146216
1996-04-10,0.000000,Training,-0.400159,-0.190209,-0.140808,-0.062996,-0.009062,0.074850,0.096620,0.324823,0.768113,1.171510,3.774620
1996-04-11,0.000000,Training,-0.409322,-0.206047,-0.153948,-0.054629,0.007877,0.104303,0.130173,0.391924,0.905315,1.371522,4.182440
1996-04-12,0.000000,Training,-0.361891,-0.161391,-0.119395,-0.042992,0.017597,0.099036,0.127442,0.357405,0.778720,1.153196,3.583728
1996-04-13,0.000000,Training,-0.337817,-0.128878,-0.093838,-0.047209,-0.000969,0.058965,0.081016,0.264436,0.593627,0.892375,3.052213
1996-04-14,0.000000,Training,-0.338050,-0.107675,-0.073953,-0.052435,-0.019251,0.021322,0.045930,0.180773,0.416473,0.628731,2.420105
1996-04-15,0.000000,Training,-0.335115,-0.102158,-0.069426,-0.051834,-0.020777,0.015988,0.040438,0.166927,0.386257,0.587667,2.315640
1996-04-16,0.000000,Training,-0.294951,-0.085211,-0.050901,-0.041127,-0.000053,0.033423,0.061274,0.196629,0.416227,0.631281,2.396720
1996-04-17,0.000000,Training,-0.290810,-0.086970,-0.054884,-0.033098,0.011727,0.053700,0.081768,0.231801,0.479702,0.718315,2.563751
1996-04-18,0.000000,Training,-0.301587,-0.087599,-0.058921,-0.036909,0.000105,0.039833,0.063769,0.205066,0.445737,0.678440,2.519307
1996-04-19,0.000000,Training,-0.293442,-0.082363,-0.053810,-0.032818,0.005918,0.044664,0.069874,0.209776,0.446915,0.678661,2.504975
1996-04-20,0.000000,Training,-0.276097,-0.070985,-0.041996,-0.027948,0.019710,0.046648,0.079824,0.209520,0.410660,0.633841,2.363337
1996-04-21,0.000000,Training,-0.319020,-0.106761,-0.049233,0.030475,0.083347,0.131441,0.159323,0.294452,0.533267,0.885271,2.885904
1996-04-22,0.000000,Training,-0.420572,-0.150873,-0.112985,0.038832,0.155382,0.273028,0.279343,0.556270,1.120870,1.734701,5.598085
1996-04-23,0.000000,Training,-0.405798,-0.137466,-0.084648,0.042398,0.158911,0.267942,0.293452,0.585519,1.158454,1.739505,5.393294
1996-04-24,0.000000,Training,-0.363565,-0.118189,-0.051698,0.019299,0.098600,0.176572,0.194142,0.409490,0.837280,1.282328,4.253783
1996-04-25,0.000000,Training,-0.328680,-0.100526,-0.044160,0.005110,0.071273,0.130501,0.157980,0.337544,0.673788,1.031966,3.452853
1996-04-26,0.000000,Training,-0.311491,-0.081221,-0.036449,0.003028,0.055298,0.101017,0.131495,0.291072,0.576102,0.882599,3.070863
1996-04-27,0.000000,Training,-0.290239,-0.070721,-0.044332,0.021816,0.080466,0.118098,0.153252,0.313079,0.570212,0.946970,3.172157
1996-04-28,0.000000,Training,-0.363628,-0.089156,-0.054530,0.113430,0.195413,0.290013,0.304513,0.554448,1.025434,1.618151,4.824205
1996-04-29,0.000000,Training,-0.402024,-0.090260,-0.041036,0.099049,0.207383,0.312281,0.336225,0.637362,1.276626,1.893021,6.071353
1996-04-30,0.000000,Training,-0.360573,-0.095018,-0.050865,0.056398,0.142560,0.224101,0.252764,0.498664,0.974714,1.499646,4.626953
1996-05-01,0.000000,Training,-0.356543,-0.087930,-0.061124,0.093324,0.174085,0.269659,0.281301,0.543816,1.039243,1.660560,4.892726
1996-05-02,0.000000,Training,-0.419615,-0.096811,-0.075633,0.104582,0.211598,0.326320,0.325982,0.666232,1.376044,2.122866,6.629549
1996-05-03,0.000000,Training,-0.418038,-0.074578,-0.046012,0.156029,0.237015,0.359037,0.331767,0.675654,1.358186,2.139870,6.868810
1996-05-04,0.000000,Training,-0.428464,-0.126450,-0.072539,0.107050,0.197288,0.323174,0.319477,0.670126,1.439728,2.198725,6.629221
1996-05-05,0.000000,Training,-0.378892,0.040988,0.181033,0.706731,0.766523,1.074541,0.948948,1.549189,2.961274,4.405253,11.130375
1996-05-06,0.161056,Training,-0.333917,0.448582,0.716287,2.031972,3.076257,3.935526,3.919241,6.681430,13.314435,18.955589,42.957417
1996-05-07,0.644223,Training,-0.528767,0.030186,0.177015,0.957945,1.672764,2.188479,2.225322,4.387856,9.688046,15.050548,38.265331
1996-05-08,0.322111,Training,-0.532077,-0.115155,0.048894,0.586568,0.946503,1.323069,1.371247,2.601239,5.705800,8.723900,21.568848
1996-05-09,0.161056,Training,-0.578272,-0.166820,-0.023509,0.562569,0.925345,1.337787,1.361221,2.666913,6.098394,9.930531,24.269108
1996-05-10,0.322111,Training,-0.528328,-0.206593,-0.072880,0.294897,0.468524,0.728160,0.763303,1.484170,3.287503,5.039443,12.731131
1996-05-11,0.161056,Training,-0.468380,-0.171326,-0.096591,0.182309,0.297406,0.481302,0.543214,1.033831,2.196390,3.285085,8.290162
1996-05-12,0.000000,Training,-0.449773,-0.186747,-0.114228,0.113392,0.189081,0.344830,0.387155,0.781706,1.688099,2.560152,6.714327
1996-05-13,0.000000,Training,-0.446864,-0.189637,-0.127546,0.079179,0.128648,0.263021,0.284819,0.623608,1.413377,2.211241,6.108745
1996-05-14,0.000000,Training,-0.464476,-0.206578,-0.150512,0.069647,0.114905,0.247190,0.269083,0.606300,1.400463,2.234084,6.186744
1996-05-15,0.000000,Training,-0.513370,-0.233977,-0.187868,0.132563,0.178894,0.358965,0.383723,0.781997,1.831001,3.173897,8.554148
1996-05-16,0.000000,Training,-0.604172,-0.300774,-0.241576,0.083755,0.164446,0.362916,0.315001,0.785965,1.924340,3.452837,10.478220
1996-05-17,0.000000,Training,-0.587890,-0.264850,-0.184871,0.161097,0.251459,0.488019,0.408402,0.927833,2.105533,3.586798,10.697531
1996-05-18,0.000000,Training,-0.679022,-0.326227,-0.219598,0.249859,0.522901,0.877941,0.824282,1.793104,4.178208,6.944049,19.193108
1996-05-19,0.000000,Training,-0.575318,-0.249862,-0.158823,0.196778,0.335948,0.581866,0.585114,1.192334,2.708514,4.207499,11.161124
1996-05-20,0.000000,Training,-0.495218,-0.199062,-0.145140,0.094143,0.153458,0.302465,0.282721,0.633237,1.485642,2.446568,7.081651
1996-05-21,0.000000,Training,-0.444817,-0.172994,-0.111840,0.074873,0.098944,0.218953,0.195268,0.467357,1.106812,1.830829,5.520474
1996-05-22,0.000000,Training,-0.444442,-0.165456,-0.114245,0.065834,0.069102,0.176352,0.157351,0.392126,0.937723,1.580099,4.837937
1996-05-23,0.000000,Training,-0.452477,-0.167466,-0.123620,0.063176,0.056915,0.161776,0.144965,0.368187,0.890379,1.514059,4.616701
1996-05-24,0.000000,Training,-0.397476,-0.112411,-0.091913,0.038888,0.027486,0.097990,0.090505,0.249129,0.601976,1.014283,3.428009
1996-05-25,0.000000,Training,-0.372245,-0.078225,-0.068972,0.025820,0.008001,0.054156,0.055589,0.163546,0.392545,0.675355,2.584467
1996-05-26,0.000000,Training,-0.366388,-0.069994,-0.063240,0.012251,-0.006017,0.027738,0.034687,0.120316,0.295421,0.522616,2.203210
1996-05-27,0.000000,Training,-0.381241,-0.067625,-0.067418,0.022000,-0.010751,0.021987,0.022965,0.089224,0.233958,0.448169,2.019306
1996-05-28,0.000000,Training,-0.381163,-0.069511,-0.064254,0.006086,-0.021502,0.000943,0.006404,0.059692,0.164494,0.339122,1.748042
1996-05-29,0.000000,Training,-0.369755,-0.067377,-0.062822,-0.002844,-0.025076,-0.004795,0.002324,0.057761,0.170729,0.345919,1.777109
1996-05-30,0.000000,Training,-0.359394,-0.064417,-0.058906,-0.009712,-0.027635,-0.010766,-0.001485,0.053163,0.162103,0.329402,1.733477
1996-05-31,0.000000,Training,-0.351764,-0.060030,-0.055356,-0.011969,-0.029197,-0.014723,-0.004947,0.046585,0.149512,0.310674,1.683694
1996-06-01,0.000000,Training,-0.315738,-0.049108,-0.043887,-0.016378,-0.021720,-0.008613,0.004225,0.068006,0.193298,0.367876,1.833634
1996-06-02,0.000000,Training,-0.302352,-0.043843,-0.045367,-0.010497,-0.015446,0.003734,0.011643,0.084365,0.239288,0.439215,2.021129
1996-06-03,0.000000,Training,-0.323259,-0.046375,-0.046495,-0.011915,-0.026890,-0.013196,-0.005729,0.045993,0.158824,0.328092,1.735373
1996-06-04,0.000000,Training,-0.331977,-0.049233,-0.051304,-0.011827,-0.030775,-0.016108,-0.011217,0.035648,0.145532,0.314398,1.707534
1996-06-05,0.000000,Training,-0.325029,-0.048545,-0.043966,-0.016903,-0.028970,-0.018851,-0.009228,0.036806,0.136132,0.293138,1.645853
1996-06-06,0.000000,Training,-0.311170,-0.049077,-0.030841,-0.027515,-0.025063,-0.024413,-0.005114,0.040379,0.123820,0.262599,1.548788
1996-06-07,0.000000,Training,-0.305287,-0.043471,-0.027369,-0.025882,-0.023034,-0.025136,-0.004894,0.036773,0.115615,0.255352,1.533618
1996-06-08,0.000000,Training,-0.324243,-0.053369,-0.028067,-0.030413,-0.027895,-0.033887,-0.011313,0.021679,0.077781,0.198639,1.373638
1996-06-09,0.000000,Training,-0.324368,-0.052304,-0.026544,-0.029821,-0.027484,-0.034645,-0.011461,0.018914,0.070825,0.189839,1.352412
1996-06-10,0.000000,Training,-0.327652,-0.053639,-0.028192,-0.030131,-0.028931,-0.035890,-0.013358,0.015998,0.066498,0.184594,1.341623
1996-06-11,0.000000,Training,-0.339568,-0.058143,-0.033561,-0.029797,-0.032467,-0.038217,-0.017931,0.008245,0.053601,0.168912,1.305078
1996-06-12,0.000000,Training,-0.347207,-0.061135,-0.037071,-0.029183,-0.034244,-0.039029,-0.020339,0.004128,0.046594,0.160882,1.287657
1996-06-13,0.000000,Training,-0.347932,-0.061734,-0.037748,-0.029507,-0.034476,-0.039118,-0.020543,0.004169,0.047484,0.162517,1.294422
1996-06-14,0.000000,Training,-0.348720,-0.062422,-0.038393,-0.029775,-0.034657,-0.039001,-0.020522,0.004655,0.048910,0.164503,1.300648
1996-06-15,0.000000,Training,-0.341162,-0.059752,-0.035193,-0.030751,-0.033100,-0.038264,-0.018200,0.009124,0.057333,0.174574,1.325923
1996-06-16,0.000000,Training,-0.339094,-0.058853,-0.034070,-0.030889,-0.032767,-0.038287,-0.017830,0.009707,0.058184,0.175325,1.327468
1996-06-17,0.000000,Training,-0.342328,-0.059921,-0.035277,-0.030672,-0.033772,-0.039024,-0.019167,0.007278,0.053748,0.169536,1.312898
1996-06-18,0.000000,Training,-0.346076,-0.061318,-0.036837,-0.030486,-0.034697,-0.039675,-0.020455,0.004918,0.049593,0.164520,1.301361
1996-06-19,0.000000,Training,-0.345398,-0.060899,-0.036332,-0.030651,-0.034720,-0.040212,-0.020840,0.003953,0.048111,0.163037,1.299559
1996-06-20,0.000000,Training,-0.324722,-0.052843,-0.027359,-0.031187,-0.029087,-0.036867,-0.013993,0.015669,0.068676,0.189185,1.365704
1996-06-21,0.000000,Training,-0.307093,-0.045557,-0.019190,-0.029479,-0.022191,-0.031106,-0.005834,0.028461,0.088710,0.214130,1.424844
1996-06-22,0.000000,Training,-0.321928,-0.051575,-0.025825,-0.030730,-0.028124,-0.035502,-0.012036,0.018843,0.073489,0.193520,1.373524
1996-06-23,0.000000,Training,-0.341600,-0.059162,-0.034432,-0.030637,-0.033995,-0.039399,-0.019129,0.006680,0.053227,0.167870,1.311743
1996-06-24,0.000000,Training,-0.342166,-0.059412,-0.034812,-0.030958,-0.034351,-0.040018,-0.019790,0.005580,0.051887,0.166700,1.311923
1996-06-25,0.000000,Training,-0.339239,-0.058264,-0.033707,-0.031211,-0.033732,-0.039829,-0.019164,0.006677,0.054538,0.170665,1.325229
1996-06-26,0.000000,Training,-0.339556,-0.059058,-0.034101,-0.031632,-0.033559,-0.039226,-0.018343,0.008653,0.058310,0.174897,1.335392
1996-06-27,0.000000,Training,-0.345492,-0.061359,-0.036589,-0.031258,-0.034941,-0.039797,-0.020004,0.005708,0.053177,0.168336,1.319886
1996-06-28,0.000000,Training,-0.354220,-0.064765,-0.040300,-0.030342,-0.036514,-0.040212,-0.022109,0.001732,0.045877,0.159656,1.300218
1996-06-29,0.000000,Training,-0.363142,-0.068463,-0.044095,-0.029047,-0.037534,-0.039936,-0.023592,-0.001340,0.039737,0.153020,1.286574
1996-06-30,0.000000,Training,-0.356863,-0.066744,-0.041988,-0.031093,-0.036541,-0.039755,-0.021545,0.003105,0.049726,0.165254,1.319549
1996-07-01,0.000000,Test,-0.338851,-0.060156,-0.034366,-0.032913,-0.032379,-0.037828,-0.015734,0.013735,0.069053,0.188973,1.377804
1996-07-02,0.000000,Test,-0.329188,-0.056076,-0.029665,-0.032695,-0.029747,-0.036170,-0.012440,0.019186,0.077270,0.198283,1.397228
1996-07-03,0.000000,Test,-0.331823,-0.056883,-0.030486,-0.032722,-0.030840,-0.036947,-0.013503,0.017262,0.073720,0.192671,1.381817
1996-07-04,0.000000,Test,-0.334125,-0.057858,-0.031439,-0.032899,-0.031514,-0.037365,-0.014073,0.016274,0.072215,0.190345,1.376603
1996-07-05,0.000000,Test,-0.327188,-0.055280,-0.028412,-0.032959,-0.029202,-0.035831,-0.011168,0.021159,0.080314,0.200640,1.402265
1996-07-06,0.000000,Test,-0.313886,-0.049886,-0.022435,-0.032044,-0.024158,-0.032075,-0.005410,0.030321,0.094657,0.219144,1.446767
1996-07-07,0.000000,Test,-0.323412,-0.053172,-0.030659,-0.034522,-0.026087,-0.035242,-0.007356,0.026857,0.090431,0.217889,1.449572
1996-07-08,0.000000,Test,-0.336878,-0.059433,-0.032203,-0.033546,-0.031195,-0.036851,-0.012898,0.017901,0.075116,0.193517,1.387652
1996-07-09,0.000000,Test,-0.346157,-0.063250,-0.036147,-0.033449,-0.033560,-0.038269,-0.015741,0.012607,0.066271,0.182236,1.361953
1996-07-10,0.000000,Test,-0.347443,-0.064366,-0.037177,-0.034070,-0.034089,-0.038510,-0.016069,0.012759,0.067794,0.184125,1.369056
1996-07-11,0.000000,Test,-0.338199,-0.060959,-0.033327,-0.034452,-0.031347,-0.036610,-0.012183,0.019711,0.079767,0.199121,1.406264
1996-07-12,0.000000,Test,-0.350983,-0.065911,-0.038478,-0.033882,-0.034329,-0.037876,-0.015697,0.013341,0.068555,0.184149,1.370124
1996-07-13,0.000000,Test,-0.353604,-0.066962,-0.039407,-0.033798,-0.034671,-0.037886,-0.015926,0.012702,0.067395,0.182395,1.367148
1996-07-14,0.000000,Test,-0.346525,-0.064507,-0.036463,-0.034664,-0.032912,-0.037052,-0.013329,0.017455,0.076204,0.193452,1.395715
1996-07-15,0.000000,Test,-0.344414,-0.063845,-0.035632,-0.035017,-0.032130,-0.036496,-0.011967,0.019827,0.080368,0.198411,1.407908
1996-07-16,0.000000,Test,-0.351863,-0.066936,-0.038353,-0.034600,-0.033652,-0.036782,-0.013561,0.016852,0.075003,0.190686,1.389038
1996-07-17,0.000000,Test,-0.344613,-0.064337,-0.035226,-0.035296,-0.031763,-0.035799,-0.010759,0.021836,0.083812,0.201539,1.415860
1996-07-18,0.000000,Test,-0.364395,-0.072268,-0.042923,-0.033524,-0.035047,-0.036601,-0.015207,0.012745,0.066761,0.180105,1.366211
1996-07-19,0.000000,Test,-0.379745,-0.078529,-0.048320,-0.030273,-0.035477,-0.035172,-0.016526,0.007837,0.054799,0.166919,1.338888
1996-07-20,0.000000,Test,-0.388670,-0.083158,-0.051994,-0.029105,-0.034967,-0.033474,-0.015826,0.007540,0.053579,0.167604,1.348810
1996-07-21,0.000000,Test,-0.365193,-0.074791,-0.044104,-0.036049,-0.033402,-0.034977,-0.011655,0.018639,0.080991,0.200457,1.432028
1996-07-22,0.000000,Test,-0.354629,-0.070223,-0.039016,-0.036443,-0.031537,-0.034347,-0.008991,0.023460,0.088566,0.208293,1.445315
1996-07-23,0.000000,Test,-0.341991,-0.064035,-0.033000,-0.036334,-0.029177,-0.033733,-0.006072,0.028365,0.095496,0.215221,1.455556
1996-07-24,0.000000,Test,-0.347526,-0.065517,-0.040763,-0.039429,-0.029960,-0.036788,-0.006722,0.026820,0.095300,0.220581,1.476999
1996-07-25,0.000000,Test,-0.332429,-0.058953,-0.028020,-0.035025,-0.025721,-0.031362,-0.002408,0.032986,0.103366,0.227224,1.491178
1996-07-26,0.000000,Test,-0.326532,-0.058543,-0.025684,-0.035609,-0.022314,-0.028256,0.002965,0.042605,0.118578,0.245320,1.529162
1996-07-27,0.000000,Test,-0.346125,-0.067419,-0.034100,-0.037150,-0.028657,-0.031795,-0.003375,0.032618,0.104281,0.224576,1.481081
1996-07-28,0.000000,Test,-0.359847,-0.072949,-0.039419,-0.036509,-0.031001,-0.032306,-0.005891,0.027167,0.094675,0.211535,1.452811
1996-07-29,0.000000,Test,-0.356600,-0.071716,-0.038046,-0.037116,-0.030205,-0.032105,-0.004597,0.029440,0.099129,0.217207,1.469165
1996-07-30,0.000000,Test,-0.366891,-0.076419,-0.041991,-0.036413,-0.031076,-0.031466,-0.005298,0.027207,0.094824,0.211748,1.459597
1996-07-31,0.000000,Test,-0.351591,-0.070181,-0.035769,-0.037782,-0.028228,-0.030529,-0.001132,0.035327,0.109740,0.230451,1.503935
1996-08-01,0.000000,Test,-0.339647,-0.065199,-0.030275,-0.037506,-0.024703,-0.028554,0.003194,0.042369,0.120602,0.244681,1.536375
1996-08-02,0.000000,Test,-0.344030,-0.066944,-0.031681,-0.037676,-0.025766,-0.028873,0.002541,0.040825,0.118050,0.239918,1.524228
1996-08-03,0.000000,Test,-0.350036,-0.069767,-0.033962,-0.037973,-0.026718,-0.028888,0.002127,0.039693,0.116615,0.237113,1.519068
1996-08-04,0.000000,Test,-0.340827,-0.065978,-0.029903,-0.037963,-0.024016,-0.027460,0.005534,0.045320,0.125738,0.249390,1.548901
1996-08-05,0.000000,Test,-0.335150,-0.063858,-0.027365,-0.037737,-0.021746,-0.025682,0.008647,0.050426,0.133950,0.260143,1.574454
1996-08-06,0.000000,Test,-0.331783,-0.062437,-0.025962,-0.037678,-0.020049,-0.024446,0.011092,0.054092,0.139765,0.267769,1.592679
1996-08-07,0.000000,Test,-0.334361,-0.063646,-0.027079,-0.038237,-0.020196,-0.024452,0.011613,0.054489,0.140815,0.268838,1.596790
1996-08-08,0.000000,Test,-0.342604,-0.067546,-0.029549,-0.038803,-0.022233,-0.025236,0.009977,0.051103,0.135721,0.260640,1.579206
1996-08-09,0.000000,Test,-0.351493,-0.071664,-0.033011,-0.039447,-0.023863,-0.025819,0.008772,0.048221,0.131831,0.254939,1.569710
1996-08-10,0.000000,Test,-0.344056,-0.068254,-0.029818,-0.039344,-0.021872,-0.024937,0.011176,0.051956,0.138194,0.264250,1.594017
1996-08-11,0.000000,Test,-0.340499,-0.065368,-0.028087,-0.038459,-0.021212,-0.024922,0.011362,0.050803,0.137068,0.264975,1.602734
1996-08-12,0.000000,Test,-0.343171,-0.068795,-0.028672,-0.040220,-0.020438,-0.023928,0.013843,0.055494,0.144146,0.271356,1.612880
1996-08-13,0.000000,Test,-0.339947,-0.067376,-0.027127,-0.040113,-0.019105,-0.023035,0.015710,0.058104,0.148573,0.277552,1.629426
1996-08-14,0.000000,Test,-0.326843,-0.061651,-0.021534,-0.038679,-0.014221,-0.019480,0.021309,0.067187,0.162415,0.297025,1.674905
1996-08-15,0.000000,Test,-0.322565,-0.059869,-0.019730,-0.038235,-0.012055,-0.017601,0.024220,0.071632,0.169625,0.306790,1.698841
1996-08-16,0.000000,Test,-0.326694,-0.062017,-0.021374,-0.039134,-0.013060,-0.018056,0.024090,0.071083,0.169732,0.306227,1.699813
1996-08-17,0.000000,Test,-0.336005,-0.066738,-0.025491,-0.040914,-0.015692,-0.019493,0.022508,0.068343,0.167287,0.301755,1.693382
1996-08-18,0.000000,Test,-0.321567,-0.059948,-0.019130,-0.039081,-0.010416,-0.016148,0.027724,0.076189,0.178329,0.318360,1.732443
1996-08-19,0.000000,Test,-0.325546,-0.062090,-0.020881,-0.040165,-0.011523,-0.016852,0.027322,0.075314,0.178113,0.317757,1.734438
1996-08-20,0.000000,Test,-0.319191,-0.059294,-0.018378,-0.039386,-0.008634,-0.014452,0.030811,0.080652,0.186837,0.330168,1.765415
1996-08-21,0.000000,Test,-0.318217,-0.059142,-0.018240,-0.039675,-0.007876,-0.013679,0.032278,0.082957,0.191379,0.336333,1.782510
1996-08-22,0.000000,Test,-0.324897,-0.062726,-0.021319,-0.041436,-0.010111,-0.015224,0.030983,0.080778,0.189634,0.333468,1.780142
1996-08-23,0.000000,Test,-0.333904,-0.067358,-0.025930,-0.043771,-0.012911,-0.017207,0.029212,0.077848,0.187549,0.330232,1.778880
1996-08-24,0.000000,Test,-0.321971,-0.061916,-0.020899,-0.042164,-0.008734,-0.014157,0.033312,0.084410,0.197466,0.345290,1.815608
1996-08-25,0.000000,Test,-0.337464,-0.069954,-0.028138,-0.045523,-0.013900,-0.017387,0.029622,0.078657,0.192096,0.336414,1.802513
1996-08-26,0.000000,Test,-0.345068,-0.074414,-0.032043,-0.047475,-0.015726,-0.018017,0.029180,0.078118,0.194000,0.337945,1.812087
1996-08-27,0.000000,Test,-0.338016,-0.071528,-0.029732,-0.047314,-0.013668,-0.016751,0.031609,0.082601,0.201614,0.349524,1.841379
1996-08-28,0.000000,Test,-0.332250,-0.069182,-0.027866,-0.047105,-0.011686,-0.015399,0.033930,0.086528,0.208343,0.359844,1.868168
1996-08-29,0.000000,Test,-0.331157,-0.069187,-0.028045,-0.047634,-0.011179,-0.014801,0.035193,0.088785,0.213307,0.366834,1.887945
1996-08-30,0.000000,Test,-0.332170,-0.070270,-0.029251,-0.048631,-0.011460,-0.014784,0.035780,0.090046,0.217127,0.372041,1.904306
1996-08-31,0.000000,Test,-0.346662,-0.077738,-0.037057,-0.052350,-0.015827,-0.017837,0.032942,0.085505,0.214353,0.367297,1.903420
1996-09-01,0.000000,Test,-0.343128,-0.076848,-0.035489,-0.052436,-0.015139,-0.017181,0.033886,0.087506,0.218215,0.372895,1.918686
1996-09-02,0.000000,Test,-0.340640,-0.076261,-0.035385,-0.052958,-0.014579,-0.016800,0.034904,0.089698,0.223118,0.380425,1.940185
1996-09-03,0.000000,Test,-0.335221,-0.073978,-0.035498,-0.053315,-0.012452,-0.015548,0.037559,0.094688,0.232846,0.396281,1.983621
1996-09-04,0.000000,Test,-0.357912,-0.089765,-0.066778,-0.069845,-0.023072,-0.029450,0.029119,0.084918,0.228529,0.415017,2.081738
1996-09-05,0.000000,Test,-0.340683,-0.080127,-0.039375,-0.054526,-0.009118,-0.009679,0.043751,0.105846,0.258987,0.437985,2.114776
1996-09-06,0.000000,Test,-0.355016,-0.088734,-0.046133,-0.058107,-0.013948,-0.012698,0.041866,0.102142,0.256514,0.431121,2.100219
1996-09-07,0.000000,Test,-0.368886,-0.098024,-0.054654,-0.063001,-0.019305,-0.016064,0.037640,0.097605,0.256597,0.430204,2.113531
1996-09-08,0.000000,Test,-0.335204,-0.080187,-0.041048,-0.057285,-0.010357,-0.010565,0.044742,0.110760,0.271395,0.453190,2.151547
1996-09-09,0.000000,Test,-0.361440,-0.102546,-0.084153,-0.082266,-0.027926,-0.032087,0.030943,0.094161,0.259211,0.476057,2.288161
1996-09-10,0.000000,Test,-0.417738,-0.165209,-0.121467,-0.078556,0.013268,0.030682,0.114598,0.193470,0.461698,0.875656,3.798228
1996-09-11,0.000000,Test,-0.535907,-0.205815,-0.177257,-0.064654,0.087391,0.163092,0.268360,0.470208,1.127959,1.801845,7.574866
1996-09-12,0.000000,Test,-0.473205,-0.147016,-0.066987,0.015906,0.151051,0.215254,0.320107,0.513527,1.102183,1.653919,6.218284
1996-09-13,0.000000,Test,-0.422982,-0.144012,-0.072278,-0.032371,0.066794,0.111409,0.192417,0.338340,0.763066,1.193527,4.505302
1996-09-14,0.000000,Test,-0.393389,-0.127737,-0.068588,-0.045448,0.037682,0.070888,0.147612,0.274411,0.623743,0.980255,3.737000
1996-09-15,0.000000,Test,-0.359340,-0.102006,-0.057426,-0.044342,0.027489,0.049166,0.125438,0.241383,0.534117,0.832155,3.227106
1996-09-16,0.000000,Test,-0.360725,-0.102252,-0.085445,-0.059698,0.014674,0.028288,0.108835,0.224993,0.511141,0.819582,3.216655
1996-09-17,0.000000,Test,-0.416726,-0.154384,-0.146165,-0.104523,-0.027348,-0.009337,0.074207,0.184522,0.489646,0.866476,3.585219
1996-09-18,0.000000,Test,-0.472249,-0.185875,-0.169771,-0.104219,-0.017104,0.014915,0.098177,0.229582,0.622007,1.070881,4.360304
1996-09-19,0.000000,Test,-0.419019,-0.154157,-0.097931,-0.055494,0.032273,0.075339,0.156521,0.306417,0.723017,1.140945,4.303477
1996-09-20,0.000000,Test,-0.508356,-0.245122,-0.213832,-0.133840,-0.020809,0.032021,0.133654,0.306261,0.830182,1.504387,6.153257
1996-09-21,0.000000,Test,-0.498558,-0.210760,-0.151233,-0.058693,0.060769,0.132420,0.231405,0.449075,1.127993,1.769198,6.554538
1996-09-22,0.000000,Test,-0.431903,-0.162519,-0.106657,-0.036155,0.067414,0.133074,0.226276,0.430287,1.026500,1.596667,5.643168
1996-09-23,0.000000,Test,-0.409165,-0.153075,-0.102056,-0.062144,0.024356,0.069941,0.156507,0.316625,0.751525,1.165883,4.264858
1996-09-24,0.000000,Test,-0.392304,-0.137325,-0.097298,-0.066064,0.007496,0.044161,0.129548,0.274153,0.644383,0.988439,3.674842
1996-09-25,0.000000,Test,-0.373297,-0.128358,-0.095824,-0.067819,0.003358,0.037556,0.121901,0.267288,0.617473,0.935384,3.470857
1996-09-26,0.000000,Test,-0.390083,-0.137141,-0.106786,-0.078473,-0.016520,0.017533,0.099011,0.235081,0.564114,0.854351,3.249497
1996-09-27,0.000000,Test,-0.411485,-0.153147,-0.126855,-0.087363,-0.030581,0.010146,0.088196,0.226849,0.576553,0.878683,3.319674
1996-09-28,0.000000,Test,-0.400983,-0.146483,-0.120335,-0.089543,-0.033896,0.001871,0.078055,0.209443,0.529468,0.803680,3.108217
1996-09-29,0.000000,Test,-0.393359,-0.138106,-0.112195,-0.088551,-0.035291,-0.003714,0.068344,0.189933,0.483083,0.734587,2.919637
1996-09-30,0.000000,Test,-0.363572,-0.116567,-0.087342,-0.080924,-0.026273,-0.005036,0.065180,0.175320,0.424808,0.646693,2.663099
1996-10-01,0.000000,Validation,-0.343643,-0.109670,-0.081340,-0.077555,-0.018042,0.002857,0.072874,0.189775,0.445244,0.675236,2.719260
1996-10-02,0.000000,Validation,-0.348898,-0.113806,-0.085736,-0.080476,-0.022163,0.000347,0.069495,0.186971,0.445497,0.674768,2.718669
1996-10-03,0.000000,Validation,-0.362954,-0.123846,-0.096022,-0.086118,-0.029943,-0.003610,0.064537,0.183782,0.451710,0.683674,2.745910
1996-10-04,0.000000,Validation,-0.376186,-0.138871,-0.115790,-0.093754,-0.038211,-0.002936,0.062307,0.192957,0.498886,0.763454,2.964333
1996-10-05,0.000000,Validation,-0.369774,-0.131479,-0.108167,-0.091613,-0.037640,-0.006104,0.057968,0.181040,0.469896,0.720591,2.854246
1996-10-06,0.000000,Validation,-0.344130,-0.113535,-0.089913,-0.083373,-0.026874,-0.001785,0.061582,0.178666,0.447180,0.687338,2.756871
1996-10-07,0.000000,Validation,-0.317522,-0.095924,-0.066080,-0.070749,-0.008143,0.009463,0.075527,0.188352,0.431360,0.651869,2.620311
1996-10-08,0.000000,Validation,-0.328557,-0.102850,-0.075283,-0.076640,-0.016880,0.002872,0.068824,0.182045,0.434003,0.660132,2.665889
1996-10-09,0.000000,Validation,-0.323052,-0.095508,-0.063576,-0.072779,-0.014107,0.001393,0.066926,0.172982,0.403917,0.613328,2.530262
1996-10-10,0.000000,Validation,-0.318826,-0.095296,-0.061712,-0.071427,-0.010119,0.005802,0.072055,0.181585,0.415541,0.626575,2.552517
1996-10-11,0.000000,Validation,-0.307876,-0.088221,-0.055451,-0.065973,-0.002660,0.012479,0.079148,0.189126,0.422162,0.635018,2.561524
1996-10-12,0.000000,Validation,-0.303242,-0.085592,-0.053257,-0.063023,0.001396,0.017234,0.084386,0.196036,0.431103,0.645866,2.578003
1996-10-13,0.000000,Validation,-0.444676,-0.104824,-0.064254,0.111636,0.325010,0.419034,0.630355,0.892118,2.023695,3.312863,13.177586
1996-10-14,0.000000,Validation,-0.514386,-0.130161,-0.043105,0.183039,0.498673,0.721503,0.973272,1.608530,3.836747,5.329454,18.888311
1996-10-15,0.000000,Validation,-0.461236,-0.150193,-0.066941,0.067182,0.265970,0.416202,0.559246,0.990524,2.281777,3.259294,10.908608
1996-10-16,0.000000,Validation,-0.460733,-0.178734,-0.136953,-0.040648,0.105291,0.200990,0.319024,0.620147,1.507862,2.286233,7.746981
1996-10-17,0.000000,Validation,-0.412513,-0.160087,-0.113019,-0.054027,0.056196,0.124728,0.229233,0.452146,1.067271,1.606589,5.462382
1996-10-18,0.000000,Validation,-0.394640,-0.148996,-0.100573,-0.060969,0.027095,0.087480,0.187247,0.379886,0.880752,1.305744,4.488872
1996-10-19,0.000000,Validation,-0.393191,-0.155030,-0.110575,-0.072404,0.008751,0.069178,0.166278,0.355751,0.827658,1.221169,4.213244
1996-10-20,0.000000,Validation,-0.393049,-0.155259,-0.116489,-0.081434,-0.009433,0.048028,0.141515,0.319347,0.746554,1.093889,3.831360
1996-10-21,0.000000,Validation,-0.380192,-0.149488,-0.115380,-0.084144,-0.014586,0.039393,0.129955,0.303704,0.702667,1.024971,3.617181
1996-10-22,0.000000,Validation,-0.366197,-0.144051,-0.113491,-0.084154,-0.013828,0.038005,0.126250,0.300004,0.684083,0.992591,3.504625
1996-10-23,0.000000,Validation,-0.362113,-0.143505,-0.114497,-0.085705,-0.016179,0.034966,0.120787,0.293429,0.667160,0.964511,3.413894
1996-10-24,0.000000,Validation,-0.366622,-0.147591,-0.118120,-0.090203,-0.023545,0.027604,0.110791,0.280661,0.644818,0.931493,3.319262
1996-10-25,0.000000,Validation,-0.369622,-0.151785,-0.121470,-0.093159,-0.027322,0.024807,0.106034,0.276332,0.637618,0.919268,3.274256
1996-10-26,0.000000,Validation,-0.361542,-0.146800,-0.117092,-0.091053,-0.024565,0.025829,0.105071,0.273085,0.625270,0.900678,3.216435
1996-10-27,0.000000,Validation,-0.356777,-0.145067,-0.115490,-0.088947,-0.020854,0.029851,0.107855,0.277449,0.629222,0.903207,3.207103
1996-10-28,0.000000,Validation,-0.360338,-0.148423,-0.117682,-0.091015,-0.023888,0.027831,0.104245,0.274184,0.625733,0.897330,3.185740
1996-10-29,0.000000,Validation,-0.359156,-0.150263,-0.119525,-0.089445,-0.019440,0.034520,0.110739,0.286150,0.647026,0.924119,3.235184
1996-10-30,0.000000,Validation,-0.360201,-0.153548,-0.122279,-0.089338,-0.018018,0.038656,0.113647,0.293463,0.663158,0.945343,3.274907
1996-10-31,0.000000,Validation,-0.378584,-0.167046,-0.134218,-0.099562,-0.033099,0.026669,0.099549,0.279480,0.659939,0.949033,3.309016
1996-11-01,0.000000,Validation,-0.347821,-0.136512,-0.101982,-0.089058,-0.024927,0.020846,0.090007,0.246125,0.562165,0.804800,2.941402
1996-11-02,0.000000,Validation,-0.334730,-0.125842,-0.092231,-0.083128,-0.017309,0.024817,0.094165,0.245888,0.551024,0.788847,2.895901
1996-11-03,0.000000,Validation,-0.339046,-0.128764,-0.101075,-0.086811,-0.023852,0.021296,0.088467,0.241107,0.560766,0.814998,2.980552
1996-11-04,0.000000,Validation,-0.303150,-0.097669,-0.065860,-0.066930,-0.001101,0.031278,0.100335,0.236931,0.509965,0.735468,2.739460
1996-11-05,0.000000,Validation,-0.294406,-0.088903,-0.055445,-0.062662,0.002347,0.030473,0.099259,0.229530,0.486443,0.700849,2.651744
1996-11-06,0.000000,Validation,-0.292745,-0.089088,-0.055235,-0.060272,0.006256,0.036073,0.105619,0.238811,0.499864,0.717578,2.677645
1996-11-07,0.000000,Validation,-0.295041,-0.092299,-0.057970,-0.061047,0.006363,0.038038,0.107644,0.244025,0.510316,0.731044,2.707892
1996-11-08,0.000000,Validation,-0.297451,-0.095762,-0.060939,-0.061513,0.006929,0.040702,0.110796,0.250897,0.523299,0.747816,2.741974
1996-11-09,0.000000,Validation,-0.303473,-0.101414,-0.066118,-0.065871,0.002343,0.037495,0.107067,0.249953,0.528385,0.753856,2.771451
1996-11-10,0.000000,Validation,-0.311286,-0.109749,-0.085138,-0.062500,0.016404,0.055258,0.134706,0.291927,0.589017,0.856042,2.966291
1996-11-11,0.000000,Validation,-0.407396,-0.210954,-0.180059,-0.105650,0.032891,0.120391,0.229770,0.482602,1.188006,1.918644,6.669106
1996-11-12,0.000000,Validation,-0.609976,-0.304339,-0.259277,-0.003874,0.396781,0.738994,1.013347,2.166746,6.049138,8.794782,29.871431
1996-11-13,0.000000,Validation,-0.604696,-0.241669,-0.174108,0.213194,0.835283,1.293671,1.740452,3.721178,10.088479,14.684857,44.372242
1996-11-14,0.000000,Validation,-0.596565,-0.210970,-0.121455,0.330921,0.964796,1.433496,1.957398,3.940605,10.020350,14.536013,40.609161
1996-11-15,0.000000,Validation,-0.557916,-0.217128,-0.127546,0.225402,0.635311,0.964778,1.328720,2.519052,5.911630,8.476805,22.616693
1996-11-16,0.000000,Validation,-0.452080,-0.169719,-0.081571,0.161915,0.407126,0.641903,0.887619,1.573453,3.263547,4.470587,11.345732
1996-11-17,0.000000,Validation,-0.433847,-0.183055,-0.111495,0.098172,0.294837,0.489379,0.711943,1.257526,2.498069,3.409752,8.597691
1996-11-18,0.000000,Validation,-0.444987,-0.207299,-0.142503,0.069786,0.247418,0.430441,0.648943,1.165821,2.293941,3.153464,7.903059
1996-11-19,0.000000,Validation,-0.460491,-0.231032,-0.169206,0.051780,0.225304,0.409550,0.629526,1.144441,2.223044,3.030034,7.528167
1996-11-20,0.000000,Validation,-0.507795,-0.300562,-0.206384,0.007338,0.187378,0.374439,0.581732,1.099671,2.329745,3.316013,8.434686
1996-11-21,0.000000,Validation,-0.516432,-0.313266,-0.215579,0.015787,0.201183,0.396304,0.612493,1.155214,2.388374,3.369156,8.371942
1996-11-22,0.000000,Validation,-0.533116,-0.328859,-0.224439,0.040095,0.240446,0.451170,0.687302,1.284021,2.573398,3.591282,8.642445
1996-11-23,0.000000,Validation,-0.544929,-0.344153,-0.236160,0.031667,0.236744,0.446069,0.678265,1.277073,2.601807,3.656487,8.875932
1996-11-24,0.000000,Validation,-0.559964,-0.362948,-0.244794,0.033809,0.247946,0.464417,0.697207,1.318551,2.723452,3.843980,9.336156
1996-11-25,0.000000,Validation,-0.559521,-0.363932,-0.237161,0.050509,0.267218,0.494711,0.727910,1.368128,2.780233,3.896780,9.293071
1996-11-26,0.000000,Validation,-0.570921,-0.376919,-0.245183,0.051845,0.276458,0.506969,0.741082,1.397234,2.876331,4.052819,9.708919
1996-11-27,0.000000,Validation,-0.566737,-0.367653,-0.231008,0.087709,0.320386,0.566795,0.814434,1.507480,2.990928,4.164076,9.685971
1996-11-28,0.000000,Validation,-0.570578,-0.360330,-0.206695,0.169474,0.439087,0.721429,1.007356,1.808713,3.459550,4.740569,10.641040
1996-11-29,0.000000,Validation,-0.567716,-0.355229,-0.215390,0.145634,0.394651,0.665887,0.934823,1.698744,3.225594,4.364604,9.874018
1996-11-30,0.000000,Validation,-0.564433,-0.360667,-0.235563,0.079769,0.293666,0.536434,0.766479,1.443704,2.809103,3.833963,8.887838
1996-12-01,0.000000,Validation,-0.556415,-0.368648,-0.249704,0.001826,0.182791,0.391387,0.568870,1.137310,2.364893,3.308813,8.080115
1996-12-02,0.000000,Validation,-0.530525,-0.344859,-0.246083,-0.039318,0.111682,0.291692,0.438172,0.921485,1.936163,2.696028,6.844381
1996-12-03,0.000000,Validation,-0.492812,-0.305228,-0.229416,-0.060843,0.064416,0.217819,0.341629,0.751127,1.550737,2.120655,5.593353
1996-12-04,0.000000,Validation,-0.485578,-0.303232,-0.260623,-0.092486,0.051452,0.203316,0.346666,0.755374,1.554438,2.153722,5.941052
1996-12-05,0.000000,Validation,-0.533430,-0.342766,-0.259079,-0.090423,0.083526,0.275251,0.406945,0.849273,1.844200,2.558923,7.246335
1996-12-06,0.000000,Validation,-0.504292,-0.328474,-0.238921,-0.088681,0.086646,0.275465,0.406897,0.833154,1.741241,2.410722,6.667521
1996-12-07,0.000000,Validation,-0.514491,-0.335807,-0.251548,-0.083040,0.100248,0.290330,0.436010,0.884327,1.809414,2.503978,6.790090
1996-12-08,0.000000,Validation,-0.494587,-0.304741,-0.230625,-0.065634,0.090728,0.262462,0.403152,0.836079,1.690526,2.284084,6.062507
1996-12-09,0.000000,Validation,-0.486391,-0.289182,-0.220508,-0.048038,0.090154,0.252152,0.391889,0.825428,1.662315,2.226353,5.841244
1996-12-10,0.000000,Validation,-0.782858,-0.467378,-0.217163,0.728286,2.758404,4.136862,7.676221,15.631508,42.496494,64.422470,159.884171
1996-12-11,0.000000,Validation,0.643358,2.945615,5.333498,17.632858,43.129620,52.070351,89.170639,166.941193,295.529022,409.449005,827.056396
1996-12-12,0.161056,Validation,4.630272,10.539710,16.550070,47.833771,92.627876,110.870415,169.087738,272.817810,438.919678,615.154907,1214.910767
1996-12-13,23.675186,Validation,6.113805,11.345238,16.388283,43.772842,81.020485,94.108299,129.872208,203.855988,316.293274,435.679291,859.515137
1996-12-14,7.086450,Validation,1.648364,4.158331,6.389349,16.226393,26.563774,34.953632,42.515053,66.348969,109.066422,138.848877,305.646790
1996-12-15,27.701578,Validation,0.469830,2.096788,3.408510,10.728854,21.058722,26.780699,38.368107,67.313507,126.931633,169.253021,360.707703
1996-12-16,81.172067,Validation,2.603583,5.932732,8.585050,25.033195,46.083752,56.273251,78.200012,127.468857,212.988800,280.083221,587.737732
1996-12-17,171.524307,Validation,8.244731,18.511969,26.021166,74.460861,121.637314,151.571854,215.184174,308.282410,485.210236,648.192383,1327.050537
1996-12-18,142.373228,Validation,15.444637,27.597424,36.088669,90.022194,133.935760,165.227203,214.889008,290.179871,443.738922,571.095276,1122.551758
1996-12-19,39.136532,Validation,14.303966,23.337980,27.894121,66.064484,95.032410,114.957832,141.109772,185.558594,267.006226,336.240845,631.125977
1996-12-20,131.582497,Validation,13.043228,22.522062,27.762491,69.226097,100.927635,123.560509,154.890945,207.942886,305.860809,386.504730,732.615356
1996-12-21,81.172067,Validation,13.134463,21.415228,25.474024,59.823376,84.585663,103.634689,125.041969,164.387070,237.440414,297.273651,562.763000
1996-12-22,111.611592,Validation,15.016671,25.351246,30.636253,73.246040,103.308693,126.398933,156.049194,202.778168,300.013245,376.382507,700.156494
1996-12-23,56.369491,Validation,13.137128,21.337997,24.931843,57.048992,79.460159,97.284157,115.763603,150.765717,217.440094,270.661896,516.203613
1996-12-24,53.148377,Validation,7.129489,12.394489,14.668269,31.838898,43.098366,53.405144,61.847908,80.561356,118.202507,143.939453,297.320496
1996-12-25,23.675186,Validation,4.178090,6.944510,9.077511,17.388477,22.999853,29.201256,33.100681,42.043316,61.438629,72.850197,154.635910
1996-12-26,11.273898,Validation,2.307786,3.970000,5.386306,9.659874,12.928126,16.084259,18.679035,23.072098,33.961159,39.848518,85.452171
1996-12-27,7.086450,Validation,1.806363,3.116599,4.246437,7.349727,9.871373,11.927270,14.092361,17.074663,24.850033,28.993532,61.512295
1996-12-28,93.573355,Validation,0.646902,2.174872,3.145346,8.944301,14.193759,18.864210,26.718832,38.941929,65.741798,83.352348,184.647934
1996-12-29,197.132162,Validation,3.728035,7.675538,9.597770,23.447512,34.786030,44.485779,54.706757,75.289444,115.291756,141.800201,296.735657
1996-12-30,66.354943,Validation,5.963990,10.994542,13.653266,34.016987,51.313831,64.045258,81.680397,111.164169,164.939697,202.745209,379.582703
1996-12-31,93.573355,Validation,5.878106,10.649216,13.193658,28.484379,39.785717,50.490620,58.531277,77.491867,112.639198,136.229279,277.186707
1997-01-01,29.795302,Validation,2.603340,4.775270,6.576279,12.845806,17.898792,23.274769,26.814400,34.993084,52.279343,62.866695,137.042938
1997-01-02,29.795302,Validation,2.884202,5.610250,7.378484,17.457821,26.882469,34.703049,43.651131,59.662388,93.652405,119.974953,252.494522
1997-01-03,27.701578,Validation,3.788112,6.757963,8.858834,17.966866,26.423553,33.870575,38.826435,51.020535,77.027367,97.911987,218.321472
1997-01-04,77.306730,Validation,5.984793,10.399364,13.088095,29.771379,45.432049,56.747311,69.788658,92.855339,139.194260,179.338989,355.157593
1997-01-05,102.270362,Validation,9.285149,15.353240,18.160822,38.777035,56.071377,68.764267,79.280891,102.644691,147.929535,187.312012,372.757385
1997-01-06,39.136532,Validation,6.054985,9.658215,12.042953,24.184830,35.425076,44.631569,50.550529,65.715828,96.936989,126.696724,278.376312
1997-01-07,53.148377,Validation,17.209961,30.649342,37.085209,89.205887,127.020386,155.142197,184.411850,239.380386,339.685150,433.189514,758.093628
1997-01-08,102.270362,Validation,14.249486,22.900063,27.113638,56.562607,77.755730,93.674850,107.657928,136.342697,189.697388,236.386230,439.375916
1997-01-09,32.050082,Validation,7.619324,12.185140,15.946786,31.075117,43.078815,53.438740,61.456882,78.614754,114.036842,140.442245,286.324707
1997-01-10,16.749792,Validation,4.137038,6.709850,9.187853,17.034700,23.187252,29.294523,33.589611,42.494488,62.266949,75.637566,161.887329
1997-01-11,11.273898,Validation,2.173233,3.730771,5.372127,9.657291,13.305467,16.700457,19.683474,24.631485,36.986893,44.746777,98.234238
1997-01-12,9.019119,Validation,1.145179,2.233735,3.376570,6.219757,8.811643,10.974682,13.235564,16.789759,25.501028,31.107901,68.461533
1997-01-13,7.086450,Validation,0.717095,1.617090,2.462951,4.671252,6.603850,8.196225,9.930329,12.727823,19.007231,22.888323,49.286385
1997-01-14,5.314838,Validation,0.363619,1.098001,1.766623,3.521828,5.080231,6.333638,7.728058,10.115484,15.182663,18.353575,39.206921
1997-01-15,5.314838,Validation,0.013291,0.641094,1.134261,2.676652,4.062830,5.075830,6.518480,8.873227,13.999522,17.800800,38.696270
1997-01-16,47.350372,Validation,-0.385033,0.213673,0.834261,3.208457,6.046574,8.398937,12.337864,20.437199,40.046043,56.764420,135.440201
1997-01-17,36.720697,Validation,0.229135,1.329761,2.390659,6.327795,10.086811,14.192884,17.656988,26.732828,44.921692,57.887836,129.924377
1997-01-18,136.897335,Validation,0.227902,1.316082,2.450665,7.185181,12.687381,16.972698,23.203140,36.857082,64.234467,86.629028,187.790192
1997-01-19,89.224851,Validation,4.252355,9.565035,12.619885,36.621243,62.430283,80.175903,104.212852,159.087387,234.949432,282.644928,536.764343
1997-01-20,47.350372,Validation,5.334298,9.710427,12.595482,27.398117,40.584888,52.439529,60.027210,81.305321,116.561691,142.973160,287.859406
1997-01-21,39.136532,Validation,2.247275,4.525880,6.250310,14.043504,21.896204,28.751980,33.898453,47.382313,73.597282,95.146835,203.247437
1997-01-22,32.050082,Validation,1.627519,3.423172,5.104680,10.519670,15.193025,20.132980,23.404726,31.988953,48.367767,59.734558,127.175278
1997-01-23,20.131961,Validation,0.263635,1.177483,2.107280,4.550723,6.992571,9.299716,11.373216,16.053251,26.271740,33.822956,73.290329
1997-01-24,13.850789,Validation,0.055091,0.728178,1.447837,3.152525,4.827670,6.369895,7.834717,11.023168,17.749050,22.669867,48.624577
1997-01-25,10.146508,Validation,-0.244611,0.209041,0.691412,1.794386,2.861962,3.819507,4.783478,7.072404,11.575731,15.079199,31.276707
1997-01-26,8.052784,Validation,-0.435544,-0.125013,0.186518,0.885127,1.525497,2.111162,2.710145,4.301869,7.332717,9.784409,20.041281
1997-01-27,6.120116,Validation,-0.486542,-0.223139,0.032292,0.595288,1.087963,1.544722,2.016316,3.317240,5.809730,7.878812,16.218632
1997-01-28,5.314838,Validation,-0.507482,-0.262991,-0.041257,0.453474,0.868043,1.264355,1.662527,2.799857,4.964550,6.724144,14.015561
1997-01-29,3.865337,Validation,-0.539455,-0.297773,-0.102628,0.391130,0.800393,1.166504,1.578747,2.710678,4.950031,6.921839,14.931149
1997-01-30,3.865337,Validation,-0.554479,-0.345871,-0.121681,0.315583,0.691004,1.046385,1.389947,2.443391,4.695808,6.782760,14.799748
1997-01-31,2.737947,Validation,-0.547872,-0.335876,-0.127508,0.301174,0.648201,0.993075,1.317433,2.326457,4.375155,6.174630,13.353848
1997-02-01,2.737947,Validation,-0.555478,-0.357629,-0.138853,0.273986,0.618039,0.951808,1.253579,2.237236,4.308910,6.198947,13.591693
1997-02-02,2.737947,Validation,-0.549398,-0.351029,-0.143646,0.254389,0.576251,0.895815,1.178377,2.110642,4.017524,5.704541,12.444338
1997-02-03,2.737947,Validation,-0.549810,-0.360403,-0.182973,0.156407,0.420630,0.692101,0.921218,1.711182,3.326482,4.737754,10.573972
1997-02-04,1.771613,Validation,-0.538149,-0.342020,-0.203190,0.100603,0.314366,0.554474,0.746828,1.431805,2.745313,3.797049,8.619169
1997-02-05,1.771613,Validation,-0.540550,-0.339814,-0.203252,0.105563,0.321596,0.568594,0.759613,1.449075,2.763443,3.769116,8.564779
1997-02-06,1.771613,Validation,-0.529464,-0.335802,-0.213138,0.060919,0.245911,0.463777,0.624668,1.239168,2.416306,3.344345,7.761351
1997-02-07,1.449501,Validation,-0.501082,-0.314518,-0.235264,-0.017934,0.141118,0.310397,0.443235,0.938897,1.865450,2.636610,6.592654
1997-02-08,2.737947,Validation,-0.539963,-0.347079,-0.244558,-0.003725,0.174316,0.370928,0.504506,1.055660,2.215351,3.227808,8.153603
1997-02-09,1.771613,Validation,-0.470104,-0.285748,-0.201636,-0.043410,0.094353,0.246058,0.338241,0.749383,1.513173,2.110660,5.593019
1997-02-10,1.771613,Validation,-0.475184,-0.293853,-0.205925,-0.041472,0.093935,0.247733,0.342494,0.765463,1.545186,2.157372,5.642071
1997-02-11,1.449501,Validation,-0.464370,-0.285498,-0.199057,-0.042659,0.089657,0.236718,0.331341,0.742750,1.482165,2.067393,5.390899
1997-02-12,1.449501,Validation,-0.456649,-0.277471,-0.194533,-0.041387,0.087570,0.230863,0.326127,0.730015,1.436502,1.986541,5.163214
1997-02-13,1.449501,Validation,-0.451375,-0.271464,-0.191542,-0.040542,0.085508,0.226448,0.321309,0.719052,1.400684,1.923211,4.995692
1997-02-14,1.449501,Validation,-0.449546,-0.271634,-0.190385,-0.043337,0.082753,0.221635,0.314549,0.707427,1.385793,1.915169,4.992125
1997-02-15,1.127390,Validation,-0.454836,-0.274234,-0.193985,-0.038311,0.087927,0.231198,0.327120,0.729668,1.418197,1.945508,5.022086
1997-02-16,1.127390,Validation,-0.469152,-0.284444,-0.202835,-0.028444,0.102347,0.255901,0.359279,0.787694,1.528212,2.088399,5.296636
1997-02-17,1.127390,Validation,-0.430504,-0.247552,-0.179950,-0.045696,0.067652,0.197680,0.283141,0.643454,1.226625,1.642310,4.368959
1997-02-18,1.127390,Validation,-0.431778,-0.249554,-0.180317,-0.045205,0.068384,0.198213,0.283283,0.645276,1.235421,1.665228,4.418958
1997-02-19,1.127390,Validation,-0.429836,-0.252441,-0.177589,-0.049627,0.065615,0.192192,0.273829,0.630349,1.228225,1.690040,4.508362
1997-02-20,1.127390,Validation,-0.432116,-0.258827,-0.178728,-0.056940,0.059697,0.185368,0.262434,0.615929,1.231015,1.716549,4.631148
1997-02-21,1.127390,Validation,-0.434792,-0.260745,-0.180859,-0.054805,0.062350,0.189655,0.268457,0.626368,1.246856,1.736858,4.658397
1997-02-22,1.127390,Validation,-0.438220,-0.264179,-0.184256,-0.056120,0.062545,0.190215,0.269162,0.629827,1.261294,1.764487,4.739268
1997-02-23,1.449501,Validation,-0.441279,-0.267467,-0.186460,-0.057091,0.062704,0.191417,0.269864,0.632830,1.275970,1.792754,4.821526
1997-02-24,1.449501,Validation,-0.448041,-0.268751,-0.190494,-0.045789,0.073774,0.209898,0.295294,0.674313,1.325277,1.832142,4.814712
1997-02-25,1.449501,Validation,-0.471525,-0.289729,-0.204382,-0.033907,0.094532,0.245385,0.340798,0.759366,1.505102,2.097859,5.363259
1997-02-26,1.127390,Validation,-0.435081,-0.259908,-0.182008,-0.055928,0.057682,0.183701,0.258214,0.609737,1.227486,1.722724,4.648016
1997-02-27,1.127390,Validation,-0.402531,-0.234423,-0.158747,-0.082277,0.017079,0.118106,0.169449,0.460147,0.978926,1.382367,4.095931
1997-02-28,1.127390,Validation,-0.393228,-0.225609,-0.151397,-0.077056,0.023181,0.122154,0.176984,0.462368,0.956576,1.341361,3.942373
1997-03-01,1.127390,Validation,-0.390655,-0.220917,-0.149676,-0.069277,0.031274,0.131668,0.191036,0.478967,0.960563,1.339330,3.862154
1997-03-02,1.127390,Validation,-0.385927,-0.216190,-0.146084,-0.071404,0.027011,0.124242,0.180705,0.460911,0.932318,1.302884,3.811198
1997-03-03,1.127390,Validation,-0.384141,-0.214842,-0.144505,-0.083976,0.008096,0.098725,0.146360,0.412115,0.872299,1.225791,3.748896
1997-03-04,1.127390,Validation,-0.382013,-0.212723,-0.142982,-0.085098,0.005637,0.094586,0.141719,0.403484,0.855763,1.202596,3.697974
1997-03-05,0.805278,Validation,-0.378278,-0.208501,-0.140207,-0.085299,0.003831,0.090595,0.136962,0.393607,0.833456,1.170057,3.622331
1997-03-06,0.805278,Validation,-0.374563,-0.202724,-0.135883,-0.089478,-0.006130,0.075740,0.119177,0.363820,0.781120,1.098284,3.484123
1997-03-07,0.805278,Validation,-0.366150,-0.194539,-0.129857,-0.084228,-0.000034,0.080175,0.125245,0.366501,0.772957,1.083648,3.425678
1997-03-08,0.805278,Validation,-0.358138,-0.186323,-0.123851,-0.070079,0.018462,0.101349,0.153050,0.398265,0.796991,1.111629,3.388851
1997-03-09,0.644223,Validation,-0.351132,-0.177562,-0.117389,-0.064820,0.022415,0.103200,0.155854,0.395755,0.779259,1.086738,3.312089
1997-03-10,0.483167,Validation,-0.347003,-0.171599,-0.113259,-0.057232,0.029810,0.110671,0.166221,0.405665,0.778563,1.083929,3.261317
1997-03-11,0.483167,Validation,-0.347841,-0.172046,-0.113648,-0.058673,0.028187,0.108460,0.162656,0.400736,0.775548,1.084140,3.281034
1997-03-12,0.322111,Validation,-0.349884,-0.174294,-0.115402,-0.063544,0.022769,0.101827,0.152980,0.388666,0.770506,1.084547,3.329283
1997-03-13,0.322111,Validation,-0.350501,-0.173962,-0.115227,-0.075651,0.005373,0.077944,0.122016,0.345730,0.720639,1.022452,3.292162
1997-03-14,0.322111,Validation,-0.354248,-0.171607,-0.112322,-0.086341,-0.014996,0.050800,0.091217,0.296607,0.642170,0.914416,3.087134
1997-03-15,0.161056,Validation,-0.350505,-0.166600,-0.108420,-0.085983,-0.016424,0.046684,0.087377,0.286923,0.620199,0.882631,3.004256
1997-03-16,0.000000,Validation,-0.330862,-0.153186,-0.097271,-0.070842,0.005976,0.068418,0.113007,0.316989,0.647017,0.916406,3.022727
1997-03-17,0.000000,Validation,-0.318378,-0.138737,-0.085695,-0.064677,0.009465,0.066498,0.111314,0.304754,0.613342,0.871031,2.910431
1997-03-18,0.000000,Validation,-0.320983,-0.136629,-0.084471,-0.070193,-0.002092,0.051100,0.093840,0.277695,0.573649,0.818206,2.827154
1997-03-19,0.000000,Validation,-0.323202,-0.135792,-0.083861,-0.072761,-0.007711,0.043688,0.085811,0.263736,0.551245,0.787754,2.762933
1997-03-20,0.000000,Test,-0.314223,-0.128235,-0.077304,-0.068158,-0.002137,0.046540,0.089183,0.263931,0.542879,0.777614,2.729322
1997-03-21,0.000000,Test,-0.298290,-0.114716,-0.065165,-0.056816,0.011702,0.057442,0.101964,0.273199,0.540899,0.775422,2.689120
1997-03-22,0.000000,Test,-0.304196,-0.112787,-0.064676,-0.063650,-0.002572,0.038687,0.081264,0.240506,0.491572,0.709151,2.569733
1997-03-23,0.000000,Test,-0.306416,-0.110578,-0.063100,-0.064819,-0.006950,0.032384,0.074716,0.227239,0.469218,0.678187,2.498429
1997-03-24,0.000000,Test,-0.301252,-0.105167,-0.058060,-0.062895,-0.005830,0.030662,0.072647,0.220332,0.452801,0.657503,2.447776
1997-03-25,0.000000,Test,-0.288719,-0.100970,-0.053619,-0.053198,0.010098,0.048817,0.091886,0.248591,0.491525,0.711186,2.545732
1997-03-26,0.000000,Test,-0.292166,-0.103218,-0.056559,-0.053772,0.008840,0.049216,0.091548,0.250341,0.498311,0.719847,2.570827
1997-03-27,0.000000,Test,-0.285928,-0.097494,-0.051322,-0.047834,0.015833,0.055479,0.098838,0.256260,0.501120,0.724804,2.567276
1997-03-28,0.000000,Test,-0.286988,-0.095570,-0.050095,-0.049865,0.011376,0.048225,0.090650,0.242590,0.479699,0.697656,2.523491
1997-03-29,0.000000,Test,-0.288551,-0.093171,-0.048108,-0.051782,0.006583,0.040165,0.082236,0.227086,0.453485,0.663755,2.457657
1997-03-30,0.000000,Test,-0.279250,-0.086051,-0.041056,-0.045653,0.014590,0.046055,0.089079,0.231929,0.452362,0.664041,2.441085
1997-03-31,0.000000,Test,-0.269357,-0.076522,-0.031882,-0.039339,0.021104,0.048982,0.092890,0.230049,0.438419,0.647233,2.385109
1997-04-01,0.000000,Training,-0.259988,-0.067319,-0.022772,-0.033035,0.027074,0.051630,0.096268,0.227385,0.423815,0.629607,2.329366
1997-04-02,0.000000,Training,-0.261206,-0.068516,-0.024001,-0.032200,0.028160,0.053855,0.098326,0.231120,0.430073,0.638484,2.344211
1997-04-03,0.000000,Training,-0.276164,-0.077898,-0.034344,-0.042483,0.014245,0.040474,0.082359,0.215211,0.418953,0.623167,2.353176
1997-04-04,0.000000,Training,-0.320418,-0.092234,-0.052653,-0.060494,-0.018856,0.007458,0.044974,0.158118,0.346697,0.515384,2.122832
1997-04-05,0.000000,Training,-0.326207,-0.089720,-0.055165,-0.062355,-0.021751,-0.001148,0.037349,0.140777,0.314974,0.478651,2.042237
1997-04-06,0.000000,Training,-0.258620,-0.065184,-0.028226,-0.036688,0.023393,0.036561,0.079585,0.202077,0.374645,0.595953,2.306759
1997-04-07,0.000000,Training,-0.271650,-0.069598,-0.029968,-0.035160,0.025081,0.044114,0.085231,0.211396,0.402109,0.622828,2.372451
1997-04-08,0.000000,Training,-0.273760,-0.074641,-0.035804,-0.030128,0.035960,0.058165,0.101264,0.235957,0.441999,0.691724,2.537193
1997-04-09,0.000000,Training,-0.283794,-0.078317,-0.034813,-0.034532,0.027738,0.049465,0.089738,0.218075,0.421127,0.656568,2.480748
1997-04-10,0.000000,Training,-0.285654,-0.078331,-0.037401,-0.035722,0.024806,0.045184,0.085981,0.212553,0.411730,0.647251,2.469717
1997-04-11,0.000000,Training,-0.292807,-0.084554,-0.046969,-0.039829,0.020263,0.039709,0.078864,0.206733,0.405510,0.652381,2.511484
1997-04-12,0.000000,Training,-0.309624,-0.092443,-0.047806,-0.044674,0.006545,0.033919,0.068843,0.194764,0.401598,0.623131,2.428434
1997-04-13,0.000000,Training,-0.307593,-0.087407,-0.044583,-0.044274,0.002542,0.027666,0.063220,0.183282,0.377393,0.583847,2.312236
1997-04-14,0.000000,Training,-0.298419,-0.080952,-0.040093,-0.042014,0.003827,0.026993,0.062511,0.182274,0.370472,0.570421,2.261617
1997-04-15,0.000000,Training,-0.286711,-0.069956,-0.030891,-0.036807,0.007267,0.026861,0.063586,0.178278,0.353002,0.542996,2.178643
1997-04-16,0.000000,Training,-0.285547,-0.066061,-0.035560,-0.035337,0.009772,0.021600,0.060897,0.169779,0.327479,0.529409,2.166639
1997-04-17,0.000000,Training,-0.275288,-0.062150,-0.030841,-0.027768,0.022770,0.038773,0.077697,0.196063,0.371082,0.585528,2.283491
1997-04-18,0.000000,Training,-0.282969,-0.083225,-0.041530,-0.003203,0.056871,0.086271,0.122784,0.253736,0.451240,0.756252,2.649290
1997-04-19,0.000000,Training,-0.363884,-0.042084,0.078805,0.373116,0.431717,0.591669,0.543373,0.805499,1.368876,2.034191,5.784244
1997-04-20,5.314838,Training,-0.406134,-0.040942,-0.007175,0.202852,0.397949,0.563775,0.619073,1.085167,2.143300,3.031402,9.371310
1997-04-21,2.254780,Training,-0.382312,-0.083208,-0.052942,0.078293,0.205586,0.309548,0.334662,0.650427,1.274039,1.929210,6.067825
1997-04-22,1.127390,Training,-0.344131,-0.043126,-0.011562,0.126604,0.250675,0.354841,0.386405,0.719569,1.370913,2.067760,6.101140
1997-04-23,1.127390,Training,-0.331477,-0.070531,-0.008127,0.089910,0.181904,0.275708,0.313317,0.584978,1.125320,1.662626,4.915428
1997-04-24,0.644223,Training,-0.324468,-0.068171,-0.042094,0.071218,0.156736,0.232916,0.272866,0.531729,1.023816,1.593801,4.752254
1997-04-25,0.644223,Training,-0.363768,-0.096145,-0.057681,0.041332,0.097451,0.166714,0.188782,0.408992,0.845416,1.335395,4.379965
1997-04-26,0.644223,Training,-0.344095,-0.084598,-0.039472,0.041056,0.082526,0.150834,0.174405,0.372575,0.766937,1.190081,3.912215
1997-04-27,0.483167,Training,-0.359537,-0.089336,-0.052593,0.021674,0.043896,0.101755,0.122632,0.282224,0.594369,0.940867,3.266480
1997-04-28,0.322111,Training,-0.379661,-0.082565,-0.059375,0.017394,0.020259,0.068334,0.088428,0.207432,0.446695,0.719443,2.675285
1997-04-29,0.322111,Training,-0.377833,-0.074723,-0.059729,0.013560,0.008718,0.049148,0.068591,0.168893,0.368978,0.608474,2.392133
1997-04-30,0.322111,Training,-0.365402,-0.072061,-0.059120,0.003863,0.001353,0.037866,0.058315,0.157963,0.349960,0.576860,2.312362
1997-05-01,0.161056,Training,-0.332240,-0.065290,-0.051053,-0.003044,0.004805,0.039195,0.062291,0.175232,0.380954,0.619719,2.422964
1997-05-02,0.000000,Training,-0.314559,-0.061305,-0.056916,-0.004153,0.012203,0.040154,0.066115,0.182706,0.385372,0.652885,2.525954
1997-05-03,0.000000,Training,-0.322986,-0.067673,-0.053751,-0.007947,0.004893,0.039982,0.060188,0.177848,0.393103,0.642028,2.488326
1997-05-04,0.000000,Training,-0.334045,-0.067554,-0.057523,-0.008361,-0.004159,0.029452,0.046998,0.150611,0.346696,0.578443,2.327494
1997-05-05,0.000000,Training,-0.316777,-0.068324,-0.057806,-0.013194,-0.001563,0.033292,0.050325,0.165773,0.380693,0.623754,2.432783
1997-05-06,0.000000,Training,-0.306535,-0.073092,-0.063372,-0.008981,0.011321,0.056935,0.074091,0.212240,0.474324,0.746711,2.684645
1997-05-07,0.000000,Training,-0.286953,-0.058602,-0.051393,-0.005105,0.021835,0.058820,0.087470,0.214297,0.437780,0.687158,2.473102
1997-05-08,0.000000,Training,-0.274050,-0.048948,-0.029660,-0.008082,0.019291,0.047313,0.074844,0.185381,0.369363,0.575836,2.204463
1997-05-09,0.000000,Training,-0.281706,-0.049850,-0.032658,-0.013444,0.008616,0.032300,0.054982,0.155704,0.330200,0.529852,2.152332
1997-05-10,0.000000,Training,-0.287231,-0.051844,-0.032794,-0.018767,0.001599,0.020041,0.041750,0.132901,0.290587,0.479682,2.051497
1997-05-11,0.000000,Training,-0.291055,-0.068828,-0.039098,0.002073,0.032332,0.046226,0.075218,0.153000,0.284069,0.534928,2.149673
1997-05-12,0.000000,Training,-0.362387,-0.104167,-0.065277,-0.024691,0.007246,0.037083,0.050224,0.139075,0.325377,0.577778,2.492400
1997-05-13,0.000000,Training,-0.328582,-0.081918,-0.036904,-0.022810,0.013481,0.030209,0.056646,0.135320,0.279183,0.489915,2.142160
1997-05-14,0.000000,Training,-0.324335,-0.080232,-0.039532,-0.030333,0.001252,0.012796,0.037785,0.114363,0.245003,0.434090,1.991555
1997-05-15,0.000000,Training,-0.303291,-0.069896,-0.047881,-0.022329,0.016720,0.021277,0.052893,0.130444,0.252543,0.480421,2.073818
1997-05-16,0.000000,Training,-0.330775,-0.085030,-0.060245,-0.022876,0.021667,0.033725,0.062499,0.149497,0.300371,0.551230,2.304376
1997-05-17,0.000000,Training,-0.325859,-0.080885,-0.042343,-0.015436,0.026467,0.046181,0.074230,0.167567,0.334522,0.568447,2.323803
1997-05-18,0.000000,Training,-0.330764,-0.085171,-0.059230,-0.022655,0.016066,0.030428,0.057601,0.146274,0.298056,0.542262,2.274915
1997-05-19,0.000000,Training,-0.334461,-0.085541,-0.050426,-0.022276,0.008922,0.027932,0.050060,0.139183,0.297437,0.519009,2.235178
1997-05-20,0.000000,Training,-0.323242,-0.070723,-0.038338,-0.016492,0.004988,0.020940,0.043030,0.122506,0.262742,0.466057,2.085924
1997-05-21,0.000000,Training,-0.322517,-0.071767,-0.040984,-0.022572,-0.002284,0.012123,0.034294,0.114873,0.251914,0.442085,2.009928
1997-05-22,0.000000,Training,-0.322897,-0.065906,-0.040092,-0.023362,-0.009280,0.002141,0.024568,0.099018,0.222448,0.396629,1.883772
1997-05-23,0.000000,Training,-0.311121,-0.068485,-0.056273,-0.015760,0.003421,0.012136,0.036641,0.108709,0.224033,0.458005,2.049193
1997-05-24,0.000000,Training,-0.383793,-0.117345,-0.095613,-0.014755,0.008758,0.041805,0.050868,0.136626,0.300482,0.614331,2.626332
1997-05-25,0.000000,Training,-0.414605,-0.103612,-0.061272,0.094879,0.118009,0.200059,0.193821,0.321179,0.620267,1.056442,3.898105
1997-05-26,0.000000,Training,-0.470966,-0.127221,-0.101189,0.049730,0.112045,0.195007,0.199312,0.368789,0.728574,1.189819,4.454902
1997-05-27,0.000000,Training,-0.438271,-0.115826,-0.081142,0.029906,0.074008,0.133507,0.144699,0.277934,0.552006,0.939015,3.546805
1997-05-28,0.000000,Training,-0.391696,-0.092845,-0.053338,0.026238,0.057404,0.105049,0.117910,0.234384,0.483229,0.820266,3.113309
1997-05-29,0.000000,Training,-0.366387,-0.069607,-0.039526,0.029316,0.041461,0.078724,0.093687,0.188202,0.392687,0.689419,2.718622
1997-05-30,0.000000,Training,-0.347462,-0.063128,-0.028888,0.011988,0.025167,0.048710,0.074410,0.156094,0.310044,0.537342,2.257248
1997-05-31,0.000000,Training,-0.334140,-0.054826,-0.046315,0.005691,0.025637,0.038153,0.070139,0.149509,0.293393,0.548550,2.292276
1997-06-01,0.000000,Training,-0.335340,-0.054175,-0.031648,0.008069,0.024435,0.040432,0.069469,0.150002,0.302779,0.534886,2.263846
1997-06-02,0.000000,Training,-0.328425,-0.045413,-0.027016,0.013201,0.016294,0.034301,0.058493,0.131166,0.276770,0.498849,2.173020
1997-06-03,0.000000,Training,-0.327158,-0.048530,-0.028761,0.001213,0.004206,0.016985,0.042102,0.107637,0.232572,0.431124,1.996499
1997-06-04,0.000000,Training,-0.327835,-0.051000,-0.045075,-0.011601,0.001044,0.002180,0.034738,0.094413,0.200663,0.406313,1.936479
1997-06-05,0.000000,Training,-0.361912,-0.070911,-0.044479,0.043468,0.038485,0.059602,0.085101,0.128998,0.231349,0.521167,2.267563
1997-06-06,0.000000,Training,-0.451949,-0.125989,-0.101141,-0.005722,0.021926,0.057581,0.082095,0.159285,0.326309,0.631022,2.738889
1997-06-07,0.000000,Training,-0.405594,-0.099274,-0.056678,0.003469,0.026563,0.056875,0.083355,0.156765,0.314381,0.578919,2.482862
1997-06-08,0.000000,Training,-0.362361,-0.083374,-0.042638,-0.011060,0.003090,0.022464,0.045264,0.106692,0.234567,0.452004,2.101954
1997-06-09,0.000000,Training,-0.354392,-0.071666,-0.044009,-0.014972,-0.009299,0.002139,0.025016,0.076278,0.182278,0.374634,1.885250
1997-06-10,0.000000,Training,-0.330028,-0.049048,-0.038365,-0.008994,-0.009543,-0.003312,0.017545,0.063512,0.167727,0.361114,1.861516
1997-06-11,0.000000,Training,-0.324344,-0.043788,-0.031562,-0.010702,-0.016418,-0.012709,0.007364,0.048068,0.137352,0.306869,1.708919
1997-06-12,0.000000,Training,-0.328524,-0.043751,-0.034834,-0.013596,-0.023358,-0.021016,-0.001335,0.034815,0.115497,0.274157,1.623652
1997-06-13,0.000000,Training,-0.322997,-0.041887,-0.029347,-0.015703,-0.022375,-0.023919,-0.002455,0.032776,0.100744,0.244535,1.520748
1997-06-14,0.000000,Training,-0.329427,-0.046302,-0.031037,-0.020995,-0.026948,-0.031057,-0.008965,0.022324,0.078767,0.209249,1.424464
1997-06-15,0.000000,Training,-0.334517,-0.050996,-0.033300,-0.024776,-0.029576,-0.034212,-0.011996,0.019051,0.072318,0.197022,1.387675
1997-06-16,0.000000,Training,-0.312762,-0.042797,-0.023599,-0.025000,-0.022907,-0.029848,-0.004500,0.031777,0.092943,0.222282,1.448352
1997-06-17,0.000000,Training,-0.296924,-0.037137,-0.017346,-0.023953,-0.016887,-0.024193,0.002492,0.043848,0.113857,0.247835,1.506801
1997-06-18,0.000000,Training,-0.308741,-0.036127,-0.023699,-0.021731,-0.026495,-0.032684,-0.010977,0.020186,0.079738,0.209907,1.432614
1997-06-19,0.000000,Training,-0.312471,-0.042803,-0.023192,-0.027079,-0.026017,-0.034014,-0.009385,0.023210,0.079457,0.203145,1.401383
1997-06-20,0.000000,Training,-0.311528,-0.043357,-0.022785,-0.027902,-0.025674,-0.033779,-0.008865,0.024458,0.081562,0.204989,1.404492
1997-06-21,0.000000,Training,-0.306680,-0.041047,-0.021111,-0.027447,-0.024621,-0.032868,-0.008050,0.025752,0.084944,0.209970,1.419289
1997-06-22,0.000000,Training,-0.291571,-0.029621,-0.015541,-0.022803,-0.022492,-0.031802,-0.008891,0.021515,0.081822,0.211796,1.440844
1997-06-23,0.000000,Training,-0.302529,-0.031719,-0.020226,-0.022993,-0.027982,-0.037194,-0.015800,0.008132,0.061210,0.187403,1.390361
1997-06-24,0.000000,Training,-0.316473,-0.041710,-0.024545,-0.024802,-0.029723,-0.037368,-0.016890,0.007739,0.056972,0.178345,1.351945
1997-06-25,0.000000,Training,-0.334145,-0.054905,-0.031480,-0.030808,-0.033266,-0.040108,-0.018711,0.007402,0.054053,0.169333,1.318501
1997-06-26,0.000000,Training,-0.317806,-0.050129,-0.024333,-0.031610,-0.027133,-0.035643,-0.010801,0.021375,0.076951,0.197810,1.385696
1997-06-27,0.000000,Training,-0.294360,-0.039445,-0.013505,-0.028108,-0.017332,-0.027712,-0.000472,0.036287,0.100476,0.228652,1.460660
1997-06-28,0.000000,Training,-0.279622,-0.031934,-0.006934,-0.024361,-0.009871,-0.020879,0.007429,0.046415,0.116949,0.249617,1.506524
1997-06-29,0.000000,Training,-0.286124,-0.035735,-0.011614,-0.026428,-0.010398,-0.021448,0.008279,0.048637,0.121099,0.255105,1.519308
1997-06-30,0.000000,Training,-0.292804,-0.039034,-0.014482,-0.027997,-0.013608,-0.024152,0.005175,0.044724,0.115237,0.247648,1.505996
1997-07-01,0.000000,Training,-0.318751,-0.060917,-0.049637,-0.041748,-0.025367,-0.037196,-0.005304,0.028862,0.092230,0.252980,1.546492
1997-07-02,0.000000,Training,-0.322124,-0.057722,-0.029472,-0.031953,-0.014664,-0.020353,0.006016,0.048552,0.130250,0.278604,1.622655
1997-07-03,0.000000,Training,-0.308550,-0.052633,-0.022398,-0.029204,-0.010026,-0.016033,0.012425,0.057328,0.141197,0.289459,1.630895
1997-07-04,0.000000,Training,-0.319621,-0.057485,-0.028255,-0.034097,-0.021278,-0.028098,-0.001684,0.039199,0.112287,0.248932,1.530425
1997-07-05,0.000000,Training,-0.339483,-0.063391,-0.036255,-0.034688,-0.030143,-0.035249,-0.011196,0.023269,0.084903,0.210213,1.431710
1997-07-06,0.000000,Training,-0.344740,-0.064421,-0.038242,-0.034369,-0.032419,-0.036856,-0.013673,0.019295,0.077644,0.199003,1.402799
1997-07-07,0.000000,Training,-0.338811,-0.061623,-0.035386,-0.034358,-0.031160,-0.036357,-0.012096,0.022194,0.082056,0.203855,1.414257
1997-07-08,0.000000,Training,-0.335978,-0.060209,-0.033819,-0.034229,-0.030485,-0.035966,-0.011132,0.023805,0.084321,0.205998,1.418662
1997-07-09,0.000000,Training,-0.319754,-0.053234,-0.026294,-0.033131,-0.025001,-0.032163,-0.004862,0.033748,0.099565,0.225284,1.463694
1997-07-10,0.000000,Training,-0.327531,-0.056281,-0.029429,-0.033717,-0.028064,-0.034380,-0.008032,0.028572,0.091428,0.213688,1.435195
1997-07-11,0.000000,Training,-0.333466,-0.058820,-0.032018,-0.034117,-0.030027,-0.035370,-0.009749,0.025881,0.087636,0.207782,1.421115
1997-07-12,0.000000,Training,-0.341203,-0.062224,-0.035486,-0.034539,-0.032300,-0.036535,-0.012079,0.022266,0.082356,0.200369,1.404345
1997-07-13,0.000000,Training,-0.326291,-0.056551,-0.029138,-0.034518,-0.027430,-0.033346,-0.006115,0.032350,0.098889,0.221854,1.456336
1997-07-14,0.000000,Training,-0.325329,-0.056264,-0.039332,-0.039059,-0.025146,-0.035714,-0.004047,0.035638,0.106222,0.244839,1.526660
1997-07-15,0.000000,Training,-0.342073,-0.075264,-0.045087,-0.001757,0.017823,0.015677,0.056689,0.085526,0.158178,0.389568,1.921453
1997-07-16,0.000000,Training,-0.424741,-0.127409,-0.083677,-0.038794,-0.004489,0.014480,0.041223,0.098013,0.240513,0.461174,2.276365
1997-07-17,0.000000,Training,-0.402427,-0.114190,-0.063324,-0.032253,-0.010449,0.008813,0.034129,0.086490,0.203966,0.398495,2.009636
1997-07-18,0.000000,Training,-0.389587,-0.100058,-0.061678,-0.038329,-0.029660,-0.020108,0.000833,0.041246,0.129095,0.283110,1.673555
1997-07-19,0.000000,Training,-0.362729,-0.074418,-0.047967,-0.029684,-0.027835,-0.024169,-0.002938,0.031479,0.111806,0.260623,1.618556
1997-07-20,0.000000,Training,-0.357305,-0.073810,-0.042132,-0.035564,-0.027000,-0.028423,-0.000607,0.037687,0.112071,0.245410,1.547165
1997-07-21,0.000000,Training,-0.350377,-0.068343,-0.038083,-0.034611,-0.026684,-0.029559,-0.000717,0.037458,0.109844,0.239206,1.526183
1997-07-22,0.000000,Training,-0.333098,-0.059500,-0.029858,-0.033266,-0.022211,-0.027336,0.004122,0.045146,0.120686,0.251694,1.552245
1997-07-23,0.000000,Training,-0.323137,-0.054335,-0.026343,-0.032746,-0.019130,-0.025565,0.007582,0.050832,0.129666,0.262985,1.578171
1997-07-24,0.000000,Training,-0.340385,-0.061833,-0.032696,-0.034181,-0.026166,-0.029999,0.000345,0.039331,0.111756,0.236082,1.511596
1997-07-25,0.000000,Training,-0.367009,-0.072658,-0.043382,-0.033254,-0.032052,-0.032664,-0.007072,0.025084,0.087167,0.203674,1.436868
1997-07-26,0.000000,Training,-0.357139,-0.069126,-0.039784,-0.035468,-0.031135,-0.033245,-0.005578,0.028846,0.095965,0.214773,1.466719
1997-07-27,0.000000,Training,-0.330159,-0.057963,-0.028110,-0.035267,-0.023878,-0.029570,0.002535,0.042565,0.117945,0.244586,1.537629
1997-07-28,0.000000,Training,-0.334194,-0.059683,-0.029580,-0.035870,-0.025711,-0.030584,0.000999,0.040074,0.114207,0.237819,1.518872
1997-07-29,0.000000,Training,-0.348101,-0.065659,-0.035280,-0.036609,-0.029690,-0.032558,-0.003013,0.032996,0.103587,0.222286,1.482615
1997-07-30,0.000000,Training,-0.352295,-0.067678,-0.037054,-0.037031,-0.030628,-0.032961,-0.003887,0.031227,0.101524,0.219512,1.479041
1997-07-31,0.000000,Training,-0.356686,-0.069395,-0.038854,-0.037009,-0.031627,-0.033455,-0.005231,0.028178,0.097493,0.215079,1.473568
1997-08-01,0.000000,Training,-0.355376,-0.066137,-0.038815,-0.035295,-0.032817,-0.034656,-0.008107,0.021338,0.089529,0.208938,1.472955
1997-08-02,0.000000,Training,-0.332610,-0.055778,-0.030282,-0.035866,-0.028188,-0.033554,-0.002954,0.030133,0.107442,0.236430,1.548721
1997-08-03,0.000000,Training,-0.320438,-0.055082,-0.020466,-0.035226,-0.018610,-0.025755,0.008864,0.049025,0.128429,0.256624,1.564898
1997-08-04,0.000000,Training,-0.328025,-0.060159,-0.023790,-0.037120,-0.019919,-0.025768,0.009415,0.050885,0.132112,0.258309,1.564662
1997-08-05,0.000000,Training,-0.330313,-0.061615,-0.024449,-0.037422,-0.020190,-0.025307,0.010013,0.051872,0.134314,0.260147,1.569828
1997-08-06,0.000000,Training,-0.314468,-0.054392,-0.017191,-0.035338,-0.013911,-0.020931,0.016530,0.061599,0.148332,0.279713,1.615452
1997-08-07,0.000000,Training,-0.315571,-0.055056,-0.017509,-0.035650,-0.013818,-0.020693,0.017224,0.062474,0.150033,0.281584,1.621018
1997-08-08,0.000000,Training,-0.318433,-0.056538,-0.018458,-0.036184,-0.014375,-0.020881,0.017392,0.062401,0.150311,0.281337,1.621651
1997-08-09,0.000000,Training,-0.317693,-0.056194,-0.017827,-0.036254,-0.013753,-0.020530,0.018367,0.063412,0.151899,0.283399,1.627876
1997-08-10,0.000000,Training,-0.324219,-0.058206,-0.026859,-0.039830,-0.014322,-0.023484,0.018076,0.062497,0.153572,0.292793,1.664993
1997-08-11,0.000000,Training,-0.327754,-0.061785,-0.022394,-0.038178,-0.015207,-0.020456,0.018662,0.064102,0.155851,0.288879,1.650214
1997-08-12,0.000000,Training,-0.349949,-0.072759,-0.032091,-0.040947,-0.021220,-0.023361,0.014085,0.056229,0.146088,0.273312,1.618533
1997-08-13,0.000000,Training,-0.362708,-0.079139,-0.037397,-0.042239,-0.023749,-0.024604,0.011765,0.051538,0.139968,0.264920,1.605514
1997-08-14,0.000000,Training,-0.367412,-0.081193,-0.038885,-0.042336,-0.023821,-0.024438,0.012059,0.050675,0.138513,0.263253,1.607148
1997-08-15,0.000000,Training,-0.361662,-0.078744,-0.036787,-0.042826,-0.022570,-0.023710,0.014223,0.054758,0.146432,0.273859,1.634526
1997-08-16,0.000000,Training,-0.353772,-0.075347,-0.033631,-0.042898,-0.020626,-0.022496,0.017102,0.059977,0.155393,0.285789,1.662403
1997-08-17,0.000000,Training,-0.352818,-0.075023,-0.033068,-0.043130,-0.020047,-0.021912,0.018462,0.061889,0.158822,0.289803,1.672475
1997-08-18,0.000000,Training,-0.353807,-0.075703,-0.033407,-0.043585,-0.019850,-0.021510,0.019467,0.063133,0.161532,0.292939,1.681969
1997-08-19,0.000000,Training,-0.356917,-0.077444,-0.034690,-0.044259,-0.020014,-0.021334,0.020076,0.063517,0.163113,0.294778,1.690135
1997-08-20,0.000000,Training,-0.360368,-0.079290,-0.035936,-0.044910,-0.020237,-0.021382,0.020384,0.063065,0.163182,0.294912,1.695190
1997-08-21,0.000000,Training,-0.351371,-0.075133,-0.032907,-0.045162,-0.018295,-0.020856,0.022730,0.067326,0.170843,0.306634,1.724587
1997-08-22,0.000000,Training,-0.361983,-0.079661,-0.043954,-0.049797,-0.020226,-0.024299,0.021901,0.065766,0.173484,0.316270,1.764645
1997-08-23,0.000000,Training,-0.384606,-0.092272,-0.060711,-0.056489,-0.025045,-0.028452,0.018938,0.060509,0.171554,0.321186,1.801875
1997-08-24,0.000000,Training,-0.404708,-0.117390,-0.091793,-0.077019,-0.038014,-0.040421,0.013085,0.052780,0.170713,0.355171,1.948419
1997-08-25,0.000000,Training,-0.472763,-0.178525,-0.136426,-0.089620,-0.034359,-0.015749,0.046193,0.087735,0.249626,0.517748,2.563467
1997-08-26,0.000000,Training,-0.440376,-0.150494,-0.077460,-0.050062,0.013203,0.040082,0.095477,0.171058,0.401285,0.670820,2.944121
1997-08-27,0.000000,Training,-0.399571,-0.127001,-0.060663,-0.047346,0.013638,0.034603,0.089878,0.168436,0.384442,0.647363,2.787809
1997-08-28,0.000000,Training,-0.377979,-0.108794,-0.053032,-0.049229,0.000313,0.013804,0.065160,0.134120,0.320147,0.546566,2.462072
1997-08-29,0.000000,Training,-0.369107,-0.095628,-0.046984,-0.048561,-0.005227,0.001993,0.055071,0.118969,0.282435,0.476976,2.231605
1997-08-30,0.000000,Training,-0.363315,-0.088325,-0.044944,-0.048604,-0.008898,-0.004044,0.049299,0.111174,0.266384,0.447676,2.139478
1997-08-31,0.000000,Training,-0.358456,-0.084185,-0.043861,-0.049099,-0.011001,-0.007223,0.046229,0.107688,0.259595,0.434806,2.098928
1997-09-01,0.000000,Training,-0.336413,-0.073124,-0.036088,-0.046930,-0.006526,-0.005067,0.049271,0.114766,0.268490,0.447976,2.120829
1997-09-02,0.000000,Training,-0.351874,-0.080692,-0.043661,-0.050849,-0.013200,-0.010056,0.043658,0.105928,0.257892,0.429911,2.081389
1997-09-03,0.000000,Training,-0.360610,-0.085382,-0.048508,-0.053354,-0.016513,-0.012128,0.041136,0.101963,0.254786,0.423770,2.072289
1997-09-04,0.000000,Training,-0.362887,-0.087314,-0.050982,-0.055238,-0.018253,-0.013371,0.039730,0.100754,0.255469,0.424417,2.078165
1997-09-05,0.000000,Training,-0.366089,-0.089858,-0.053908,-0.057052,-0.019708,-0.014073,0.038985,0.100461,0.258141,0.428014,2.092673
1997-09-06,0.000000,Training,-0.362286,-0.089179,-0.054230,-0.058222,-0.019953,-0.014221,0.039238,0.102777,0.264270,0.437461,2.117210
1997-09-07,0.000000,Training,-0.359065,-0.088862,-0.054865,-0.059353,-0.020123,-0.014167,0.039694,0.105317,0.270983,0.447809,2.144448
1997-09-08,0.000000,Training,-0.360892,-0.090684,-0.057816,-0.060983,-0.021604,-0.014749,0.039021,0.105507,0.275717,0.455444,2.169714
1997-09-09,0.000000,Training,-0.360540,-0.090594,-0.061250,-0.061930,-0.023571,-0.015574,0.037031,0.103894,0.281020,0.468487,2.216340
1997-09-10,0.000000,Training,-0.363810,-0.092979,-0.066485,-0.063303,-0.025848,-0.015832,0.035337,0.103397,0.290114,0.486069,2.274118
1997-09-11,0.000000,Training,-0.358048,-0.092838,-0.067300,-0.064767,-0.025487,-0.015191,0.036329,0.108621,0.303712,0.507751,2.328430
1997-09-12,0.000000,Training,-0.347711,-0.087821,-0.057876,-0.064358,-0.021792,-0.016467,0.037766,0.107045,0.288099,0.480381,2.246480
1997-09-13,0.000000,Training,-0.372933,-0.124112,-0.103269,-0.097890,-0.038852,-0.040345,0.029721,0.088275,0.257235,0.499914,2.407107
1997-09-14,0.000000,Training,-0.422890,-0.144238,-0.118741,-0.093738,-0.025640,-0.018612,0.046939,0.119263,0.348207,0.623534,2.851297
1997-09-15,0.000000,Training,-0.414966,-0.139031,-0.091909,-0.074237,-0.004237,0.010833,0.077399,0.160484,0.411494,0.687339,2.964204
1997-09-16,0.000000,Training,-0.405534,-0.136614,-0.083858,-0.074696,-0.011890,0.004027,0.067019,0.149023,0.385687,0.632086,2.759616
1997-09-17,0.000000,Training,-0.398861,-0.130257,-0.080510,-0.073736,-0.014651,0.001023,0.063872,0.145968,0.376087,0.609148,2.667162
1997-09-18,0.000000,Training,-0.382840,-0.116705,-0.073784,-0.071588,-0.016205,-0.004163,0.058845,0.140094,0.356422,0.573577,2.535683
1997-09-19,0.000000,Training,-0.378607,-0.110394,-0.075732,-0.072859,-0.018885,-0.009980,0.054387,0.134268,0.343945,0.554183,2.475024
1997-09-20,0.000000,Training,-0.373222,-0.107236,-0.070838,-0.070649,-0.019122,-0.008744,0.054210,0.134953,0.341526,0.543256,2.428995
1997-09-21,0.000000,Training,-0.359488,-0.101021,-0.065282,-0.068872,-0.017446,-0.007614,0.055223,0.138729,0.343577,0.544661,2.414999
1997-09-22,0.000000,Training,-0.359794,-0.101743,-0.066881,-0.070107,-0.019320,-0.008810,0.053814,0.137928,0.343566,0.542359,2.405846
1997-09-23,0.000000,Training,-0.357898,-0.101076,-0.067212,-0.070601,-0.020108,-0.009181,0.053440,0.138517,0.344724,0.542117,2.400557
1997-09-24,0.000000,Training,-0.358674,-0.101661,-0.068493,-0.071543,-0.021518,-0.010030,0.052526,0.137938,0.344671,0.540070,2.393224
1997-09-25,0.000000,Training,-0.374856,-0.110668,-0.094499,-0.085116,-0.030590,-0.023092,0.044180,0.129096,0.342519,0.557702,2.486319
1997-09-26,0.000000,Training,-0.375849,-0.149247,-0.129413,-0.108773,-0.031006,-0.018783,0.061023,0.151472,0.404792,0.759022,3.270621
1997-09-27,0.000000,Training,-0.532893,-0.251043,-0.214692,-0.113126,0.045638,0.117766,0.232666,0.453869,1.184078,1.991426,8.554492
1997-09-28,0.000000,Training,-0.499206,-0.183251,-0.105120,0.003675,0.161673,0.254818,0.376866,0.642885,1.485613,2.206243,8.221513
1997-09-29,0.000000,Training,-0.557818,-0.240948,-0.169319,-0.017321,0.252240,0.349989,0.546849,1.019434,2.411424,3.908578,15.391805
1997-09-30,0.000000,Training,-0.634951,-0.278172,-0.226093,-0.008884,0.290428,0.445504,0.662486,1.303972,3.367053,5.317393,19.720337
1997-10-01,0.000000,Training,-0.604119,-0.239078,-0.179889,0.048248,0.313622,0.463707,0.673482,1.276612,3.202091,5.077898,17.538660
1997-10-02,0.000000,Training,-0.493764,-0.184133,-0.099954,0.018906,0.157486,0.265505,0.393450,0.697590,1.672619,2.530392,8.489730
1997-10-03,0.000000,Training,-0.437088,-0.149532,-0.085686,-0.019853,0.083519,0.155896,0.269232,0.480505,1.122214,1.687702,5.763689
1997-10-04,0.000000,Training,-0.435026,-0.152856,-0.121041,-0.056040,0.038177,0.093871,0.206684,0.397264,0.948643,1.448351,5.048615
1997-10-05,0.000000,Training,-0.553712,-0.267114,-0.207666,-0.073904,0.151994,0.226942,0.445961,0.861678,2.210903,3.780001,14.492780
1997-10-06,0.000000,Training,-0.480629,0.158278,0.407903,1.303573,2.744361,3.161891,4.832291,8.265951,19.119493,30.243061,99.232590
1997-10-07,0.000000,Training,-0.468685,0.129213,0.577779,1.551737,3.015513,3.715255,5.008817,9.058607,21.194799,31.594028,90.648537
1997-10-08,0.000000,Training,-0.533488,-0.118850,0.167503,0.671303,1.313863,1.749277,2.337140,4.131807,9.803739,14.312876,41.859810
1997-10-09,0.000000,Training,-0.534133,-0.227653,-0.081475,0.121739,0.327419,0.535383,0.747363,1.304549,3.147942,4.680969,13.963783
1997-10-10,0.000000,Training,-0.472311,-0.185015,-0.105591,0.005241,0.121251,0.237466,0.388354,0.679794,1.627584,2.422440,7.546076
1997-10-11,0.000000,Training,-0.449145,-0.168891,-0.115927,-0.027578,0.062157,0.153173,0.289496,0.520000,1.230504,1.809873,5.785374
1997-10-12,0.000000,Training,-0.435323,-0.170839,-0.131166,-0.051603,0.029353,0.109766,0.236453,0.451060,1.068050,1.571309,5.102010
1997-10-13,0.000000,Training,-0.422391,-0.176875,-0.146250,-0.066381,0.015051,0.092423,0.211837,0.430644,1.025992,1.518497,4.936064
1997-10-14,0.000000,Training,-0.411176,-0.173035,-0.147719,-0.073290,0.005212,0.077352,0.189882,0.400716,0.949608,1.397570,4.597655
1997-10-15,0.000000,Training,-0.390943,-0.156696,-0.136770,-0.081207,-0.010293,0.048246,0.147518,0.332322,0.793202,1.170662,4.020852
1997-10-16,0.000000,Training,-0.369683,-0.139811,-0.121296,-0.086466,-0.021274,0.024423,0.112111,0.272312,0.651742,0.964768,3.485707
1997-10-17,0.000000,Training,-0.383866,-0.156183,-0.139364,-0.094177,-0.029402,0.022920,0.107301,0.276909,0.684918,1.021809,3.630065
1997-10-18,0.000000,Training,-0.416877,-0.220543,-0.215874,-0.165178,-0.088928,-0.042367,0.044716,0.206155,0.642440,1.166125,4.487097
1997-10-19,0.000000,Training,-0.438308,-0.194471,-0.158323,-0.103984,-0.022814,0.033494,0.109398,0.273572,0.753836,1.203914,4.516809
1997-10-20,0.000000,Training,-0.548815,-0.172565,-0.073136,0.164063,0.562718,0.735149,1.177332,1.858557,4.436802,7.134744,27.933399
1997-10-21,0.000000,Training,-0.669874,-0.324347,-0.108409,0.331662,1.235776,1.602994,2.415454,5.152897,13.671495,22.102909,76.417572
1997-10-22,0.000000,Training,-0.580214,-0.193915,0.022475,0.432645,1.011071,1.359597,1.854887,3.380381,8.288044,12.324990,37.861343
1997-10-23,0.000000,Training,-0.535047,-0.266778,-0.170260,-0.022344,0.146106,0.305183,0.453547,0.890075,2.287452,3.451490,11.056158
1997-10-24,0.000000,Training,-0.449614,-0.200039,-0.134837,-0.056943,0.058219,0.158140,0.271539,0.540036,1.353204,2.038768,6.672296
1997-10-25,0.000000,Training,-0.383597,-0.138952,-0.096834,-0.058053,0.030781,0.094313,0.198088,0.394098,0.905579,1.327910,4.507252
1997-10-26,0.161056,Training,-0.437241,-0.228157,-0.212968,-0.161198,-0.050234,0.011667,0.134227,0.369374,1.018802,1.734071,6.372138
1997-10-27,0.161056,Training,-0.453711,-0.194596,-0.141984,-0.068809,0.039179,0.122618,0.235294,0.475875,1.178243,1.771464,6.161736
1997-10-28,0.000000,Training,-0.395692,-0.156780,-0.109075,-0.056997,0.040870,0.117243,0.225078,0.447404,1.039132,1.533675,5.164534
1997-10-29,0.000000,Training,-0.384558,-0.160095,-0.117170,-0.067700,0.028518,0.098872,0.200146,0.414476,0.948638,1.393732,4.668887
1997-10-30,0.000000,Training,-0.361209,-0.138290,-0.107386,-0.067294,0.016961,0.075800,0.174050,0.367583,0.820229,1.189042,4.039486
1997-10-31,0.000000,Training,-0.346042,-0.128850,-0.102753,-0.062571,0.018943,0.076299,0.174480,0.364618,0.785864,1.124867,3.777771
1997-11-01,0.000000,Training,-0.383321,-0.161006,-0.157411,-0.103889,-0.022268,0.030649,0.127838,0.317854,0.754270,1.128756,3.952023
1997-11-02,2.254780,Training,-0.516312,-0.062226,0.029708,0.590190,1.084935,1.484170,2.386817,3.585296,8.780421,13.928288,47.398567
1997-11-03,66.354943,Training,-0.694306,-0.313143,0.041289,0.933875,2.929287,3.668718,5.830408,12.782180,34.415165,56.263824,165.656387
1997-11-04,16.749792,Training,-0.666363,-0.298829,0.113539,1.032867,3.271638,3.958122,6.242031,14.069822,37.130707,62.760658,175.638107
1997-11-05,73.441394,Training,-0.554954,-0.001361,0.613965,2.727493,7.362291,8.864885,14.689972,29.835226,62.255260,114.290199,190.260712
1997-11-06,34.304861,Training,0.373756,2.103855,3.622153,11.784128,27.314453,32.515602,48.703369,95.962914,186.728180,287.197662,601.300964
1997-11-07,12.562344,Training,0.225174,1.732831,3.326946,9.318180,19.716616,23.526047,32.501648,61.107136,118.959366,179.764221,421.272217
1997-11-08,6.120116,Training,-0.606148,-0.232247,0.214146,1.175268,2.533107,3.290585,4.630147,8.635275,20.269073,30.871969,78.770180
1997-11-09,3.865337,Training,-0.613996,-0.357812,-0.123812,0.271660,0.701526,1.044788,1.518909,2.704872,6.487078,9.761292,24.984287
1997-11-10,2.737947,Training,-0.585728,-0.343056,-0.181320,0.163961,0.490996,0.753140,1.153233,2.002180,4.514352,6.726872,16.593285
1997-11-11,1.771613,Training,-0.661275,-0.432047,-0.294551,0.115272,0.510418,0.780903,1.303955,2.365736,5.423142,8.457237,20.781136
1997-11-12,1.771613,Training,-0.638730,-0.394959,-0.253399,0.170932,0.527544,0.813530,1.286258,2.286841,5.084886,7.637201,18.548662
1997-11-13,1.449501,Training,-0.775396,-0.593721,-0.391466,0.087480,0.736889,1.066351,1.845647,3.817865,9.734106,16.534077,44.384987
1997-11-14,1.771613,Training,-0.703653,-0.486587,-0.259922,0.260277,0.766391,1.174203,1.774880,3.328758,8.043090,12.382491,31.959616
1997-11-15,1.771613,Training,-0.638700,-0.412222,-0.202302,0.290598,0.718172,1.086261,1.621094,2.830048,6.255286,9.404213,22.160198
1997-11-16,1.771613,Training,-0.615743,-0.389236,-0.171850,0.336193,0.771571,1.130582,1.640853,2.791352,5.929653,8.807494,20.369795
1997-11-17,1.771613,Training,-0.599202,-0.383212,-0.192046,0.252855,0.612829,0.920425,1.333831,2.287624,4.815691,7.022008,16.216860
1997-11-18,1.771613,Training,-0.804524,-0.653595,-0.416375,0.089286,0.907948,1.322084,2.403798,5.025996,12.790083,22.713692,59.463516
1997-11-19,2.254780,Training,-0.710052,-0.383773,-0.003901,1.183512,2.733064,3.798723,5.498014,10.231215,23.206615,36.020393,94.897568
1997-11-20,2.737947,Training,-0.697815,-0.392599,-0.060115,0.951276,2.179290,2.988878,4.362040,7.836897,17.721195,28.000698,70.210045
1997-11-21,10.146508,Training,-0.709587,-0.334569,0.056557,1.640419,4.502790,6.136992,10.036834,20.421604,45.319138,69.557816,158.569809
1997-11-22,10.146508,Training,-0.556848,-0.019010,0.509036,2.503921,4.861169,6.999707,9.835290,17.212618,34.917889,47.991142,108.550156
1997-11-23,7.086450,Training,-0.587065,-0.208174,0.200316,1.368074,2.542394,3.623589,5.004200,8.380176,16.991339,24.312744,53.818645
1997-11-24,44.451370,Training,-0.770026,-0.523257,-0.206955,0.634258,2.405231,3.379404,5.751353,12.189271,30.431658,48.865585,118.174393
1997-11-25,136.897335,Training,-0.193502,0.983903,2.313994,8.424313,21.801798,27.803127,48.027794,98.760040,192.793198,288.805542,590.955750
1997-11-26,44.451370,Training,0.559343,2.247101,4.018612,10.920729,20.495638,27.280449,36.702240,61.866055,110.841049,146.013199,319.201080
1997-11-27,16.749792,Training,-0.382435,0.262078,0.914877,2.992239,5.587360,7.666011,10.345909,17.381470,34.268696,47.135937,104.768120
1997-11-28,10.146508,Training,-0.574718,-0.166891,0.300586,1.518557,3.171886,4.249573,6.014884,10.388458,22.393719,33.115158,80.494270
1997-11-29,7.086450,Training,-0.542256,-0.223816,0.107212,0.855659,1.650415,2.275290,3.149043,5.091887,10.022064,14.350821,30.783697
1997-11-30,4.670615,Training,-0.543719,-0.274150,-0.038897,0.502375,1.017346,1.443242,2.031515,3.322567,6.369036,8.963857,19.205566
1997-12-01,3.865337,Training,-0.526104,-0.259092,-0.050347,0.473265,0.934825,1.331497,1.858885,3.025312,5.550811,7.625622,16.213215
1997-12-02,2.737947,Training,-0.529543,-0.288368,-0.129644,0.286881,0.630253,0.943838,1.344424,2.249631,4.131892,5.615981,12.197489
1997-12-03,2.737947,Training,-0.620705,-0.380418,-0.238192,0.247515,0.698368,1.071639,1.646700,2.895709,5.839453,8.535363,19.715666
1997-12-04,44.451370,Training,-0.743986,-0.420257,-0.151794,0.923342,2.648403,3.987392,6.267356,12.503347,29.913885,43.110607,107.974190
1997-12-05,11.273898,Training,-0.604435,-0.228755,0.133428,1.184158,2.555093,3.861898,5.230203,8.859729,18.610744,25.923620,61.179588
1997-12-06,6.120116,Training,-0.553884,-0.202783,0.134074,1.016876,1.945762,2.805153,3.778500,6.159835,11.942667,16.535971,36.692383
1997-12-07,3.865337,Training,-0.558298,-0.256854,-0.003734,0.665845,1.278597,1.823877,2.505008,4.096791,7.703444,10.683492,23.227890
1997-12-08,3.382169,Training,-0.620528,-0.367614,-0.139353,0.437020,1.024001,1.446182,2.107177,3.576522,7.407031,11.142733,25.715223
1997-12-09,2.737947,Training,-0.641484,-0.391431,-0.183109,0.364319,0.904143,1.318387,1.935094,3.366444,7.157111,10.800778,25.192543
1997-12-10,1.771613,Training,-0.626410,-0.397788,-0.201002,0.263421,0.681803,1.051317,1.523605,2.695576,5.717186,8.462941,19.540180
1997-12-11,1.771613,Training,-0.612676,-0.391118,-0.177273,0.294432,0.717788,1.092821,1.558882,2.727301,5.707651,8.398447,19.187410
1997-12-12,1.771613,Training,-0.601812,-0.380417,-0.153463,0.343440,0.796019,1.178040,1.656956,2.853146,5.895134,8.622967,19.611485
1997-12-13,1.449501,Training,-0.562620,-0.327602,-0.147715,0.309763,0.670125,1.021973,1.430489,2.465296,4.659327,6.418355,14.012289
1997-12-14,1.127390,Training,-0.555009,-0.336537,-0.206577,0.148148,0.413619,0.686519,0.988393,1.787782,3.410548,4.658029,10.549116
1997-12-15,1.127390,Training,-0.635173,-0.432318,-0.297609,0.087697,0.427766,0.733955,1.134467,2.137399,4.549660,6.839022,16.391891
1997-12-16,1.127390,Training,-0.762186,-0.545922,-0.371643,0.128455,0.706872,1.213567,1.880035,3.721705,9.183794,14.342568,37.363117
1997-12-17,184.086651,Training,0.479284,2.663751,4.971667,16.896090,38.397022,46.322742,84.635048,138.585571,251.007385,358.484924,686.811218
1997-12-18,159.445131,Training,8.710735,15.903424,20.241135,53.323429,86.833176,105.477341,141.448105,198.115372,296.108856,368.447327,682.947388
1997-12-19,93.573355,Training,7.644784,13.767887,17.012779,37.614155,55.315529,68.080475,82.580566,108.938255,161.613007,201.237747,395.014282
1997-12-20,23.675186,Training,0.923448,2.551734,4.068034,9.633316,14.641197,19.961895,24.021774,35.031590,56.662788,70.483566,153.454376
1997-12-21,81.172067,Training,1.578780,3.822970,6.241848,17.311848,31.443836,39.560646,57.320557,90.518288,154.645264,204.883499,442.971283
1997-12-22,93.573355,Training,2.473412,5.460093,8.032828,19.122267,31.236975,40.059109,51.042782,74.661240,123.959320,157.399200,356.991486
1997-12-23,29.795302,Training,0.135407,1.110401,2.089318,5.233407,8.233885,11.369464,14.203877,21.140753,36.095985,45.783581,99.268646
1997-12-24,13.850789,Training,-0.184751,0.415009,1.047667,2.697893,4.300579,5.805176,7.327466,10.781604,18.339130,23.866400,50.214848
1997-12-25,8.052784,Training,-0.225508,0.261244,0.729684,1.933878,3.049275,4.040205,5.080359,7.359816,11.904607,15.148687,31.171051
1997-12-26,5.314838,Training,-0.481086,-0.051617,0.360219,1.704910,3.161759,4.339546,6.379103,10.225310,19.638824,28.282480,63.283821
1997-12-27,3.865337,Training,-0.421694,0.075670,0.559134,2.029240,3.499424,4.903815,6.478960,10.144891,18.599115,25.074017,55.378845
1997-12-28,3.382169,Training,-0.519856,-0.001857,0.382247,2.093551,3.998640,5.823860,8.351211,14.260603,28.943237,39.654778,91.109009
1997-12-29,159.445131,Training,0.423292,1.952571,3.317928,10.650990,21.328308,27.300053,39.482254,68.866455,120.954414,159.246201,351.637115
1997-12-30,39.136532,Training,0.369172,1.680037,2.846741,7.505712,11.991982,16.761208,20.893347,32.019119,53.638195,66.851822,145.428787
1997-12-31,15.300290,Training,0.311210,1.614158,2.498057,7.309772,12.128543,16.537088,21.935833,33.837967,59.288353,75.434021,163.931488
1998-01-01,9.019119,Training,0.199634,1.226155,2.202441,5.403372,8.459378,11.671102,14.425175,21.153408,35.475716,45.075790,98.691551
1998-01-02,5.314838,Training,-0.019176,0.686126,1.489662,3.556778,5.618656,7.568953,9.552964,13.853612,23.604000,31.210077,67.656204
1998-01-03,3.865337,Training,-0.143518,0.408899,1.088287,2.679209,4.421888,5.751796,7.382494,10.605597,18.707304,25.360706,57.495975
1998-01-04,2.737947,Training,-0.274370,0.182510,0.673886,1.898622,3.125994,4.048911,5.256718,7.678328,13.179141,17.859207,38.132732
1998-01-05,2.254780,Training,-0.491955,-0.203894,0.073319,0.738471,1.345665,1.852662,2.475981,3.976920,7.133114,9.887226,20.709579
1998-01-06,1.771613,Training,-0.510475,-0.247585,-0.033555,0.503971,0.950604,1.375103,1.827848,3.027380,5.333187,7.106434,14.908190
1998-01-07,1.771613,Training,-0.521504,-0.278394,-0.097609,0.361564,0.728543,1.088172,1.461874,2.482605,4.402112,5.841797,12.414650
1998-01-08,1.127390,Training,-0.517186,-0.276317,-0.089249,0.375095,0.742545,1.097709,1.471899,2.488475,4.398629,5.859763,12.380577
1998-01-09,1.127390,Training,-0.534135,-0.323290,-0.159500,0.214522,0.504423,0.795515,1.086833,1.932706,3.562198,4.855023,10.542073
1998-01-10,1.127390,Training,-0.530219,-0.333298,-0.190914,0.120134,0.358690,0.605877,0.841501,1.557833,2.941243,4.034259,9.055089
1998-01-11,3.382169,Training,-0.703895,-0.469424,-0.281254,0.286777,0.888006,1.485459,2.361937,4.540673,11.460157,17.910604,46.223804
1998-01-12,56.369491,Training,-0.018249,1.368937,2.823857,10.109407,24.875393,31.257692,50.226475,102.940468,204.068680,258.064026,557.807800
1998-01-13,53.148377,Training,0.026853,1.237713,2.322864,7.158923,13.779080,18.692759,24.516596,42.946804,80.066589,102.768967,220.693878
1998-01-14,16.749792,Training,-0.473692,-0.003458,0.486313,1.768513,3.296238,4.744393,5.996625,10.224795,20.362341,27.797709,60.610435
1998-01-15,8.052784,Training,-0.510889,-0.187590,0.130001,0.772352,1.504553,2.160526,2.768947,4.604747,8.863721,12.369672,26.508085
1998-01-16,5.314838,Training,-0.516832,-0.256881,-0.049316,0.393669,0.813745,1.192958,1.604259,2.734660,5.120297,7.065653,15.012666
1998-01-17,3.865337,Training,-0.504286,-0.271045,-0.120986,0.223342,0.525292,0.813863,1.119502,1.962981,3.620783,4.900505,10.670115
1998-01-18,2.737947,Training,-0.501632,-0.273767,-0.132564,0.204480,0.489694,0.768093,1.056589,1.854898,3.373061,4.519186,9.867761
1998-01-19,1.771613,Training,-0.489939,-0.293794,-0.173472,0.072352,0.281949,0.489249,0.696778,1.305608,2.481995,3.426088,7.929380
1998-01-20,1.771613,Training,-0.486961,-0.284856,-0.183259,0.066216,0.260369,0.461777,0.659940,1.247778,2.303819,3.095951,7.182826
1998-01-21,1.127390,Training,-0.493037,-0.298284,-0.193110,0.047803,0.233607,0.428393,0.612871,1.182919,2.220223,3.020951,7.076467
1998-01-22,1.127390,Training,-0.489746,-0.292681,-0.197043,0.038093,0.213183,0.403625,0.576367,1.124571,2.087300,2.785013,6.586688
1998-01-23,1.127390,Training,-0.482845,-0.287568,-0.200962,0.015140,0.177580,0.356255,0.511868,1.019239,1.895933,2.510875,6.069273
1998-01-24,0.644223,Training,-0.513957,-0.323972,-0.249803,-0.015325,0.187177,0.380359,0.567738,1.122518,2.168981,2.998138,7.400758
1998-01-25,0.644223,Training,-0.535662,-0.345013,-0.234767,-0.019770,0.189420,0.406104,0.561146,1.109193,2.237940,3.108281,7.866449
1998-01-26,0.644223,Training,-0.524630,-0.339641,-0.235071,-0.030393,0.186654,0.395469,0.550461,1.082211,2.153309,3.013926,7.588892
1998-01-27,0.644223,Training,-0.540501,-0.342513,-0.241438,-0.002764,0.205306,0.413805,0.583095,1.157478,2.309423,3.211477,7.917469
1998-01-28,3.865337,Training,-0.574162,-0.372750,-0.274095,-0.009637,0.254610,0.494184,0.705035,1.368023,2.848706,4.108081,10.211424
1998-01-29,3.382169,Training,-0.602282,-0.396257,-0.261693,0.015255,0.313160,0.595194,0.804845,1.540100,3.323395,4.853718,12.180042
1998-01-30,27.701578,Training,-0.447647,0.500950,1.073234,4.640829,11.277069,15.255046,22.191154,45.032825,103.341675,132.850784,323.221985
1998-01-31,165.404191,Training,1.330177,4.017007,5.760945,18.247461,38.774223,46.581776,63.830021,113.644562,185.100342,230.943253,450.277252
1998-02-01,85.198459,Training,9.864601,20.432720,28.560658,80.525871,133.736511,167.834549,197.821060,295.831360,395.851166,491.376801,823.797119
1998-02-02,153.647126,Training,11.994801,23.153578,32.088993,87.587730,144.951569,178.650208,211.801697,315.896515,428.891876,567.190796,966.775818
1998-02-03,171.524307,Training,15.567691,29.344166,39.818150,104.999382,161.080032,203.682892,229.666336,327.332672,434.488800,574.287292,967.643982
1998-02-04,69.898168,Training,8.900518,15.222797,20.049965,45.401375,67.259727,84.783424,95.014771,133.151459,181.550964,229.564270,450.505829
1998-02-05,21.903574,Training,2.045190,4.373275,6.398935,14.648568,21.977091,29.157131,33.536636,49.201672,75.316910,94.700119,204.556900
1998-02-06,11.273898,Training,0.399928,1.453405,2.545702,5.682841,8.696834,11.669051,13.891273,20.388876,33.481049,42.996040,92.372047
1998-02-07,7.086450,Training,-0.054978,0.593527,1.297978,3.042648,4.877669,6.358363,7.977477,11.728599,19.712563,26.604851,56.421822
1998-02-08,5.314838,Training,-0.140397,0.573367,1.363354,3.917838,6.877829,9.134172,12.591772,20.092426,37.146225,52.616966,115.376617
1998-02-09,21.903574,Training,0.453632,1.819930,3.069893,8.346202,14.037664,18.663855,23.688719,37.115482,63.051575,83.152451,186.035522
1998-02-10,16.749792,Training,0.333946,1.319985,2.437619,5.727803,9.046958,12.213248,15.106962,22.159155,36.925869,48.612118,108.502525
1998-02-11,10.146508,Training,0.304552,1.079051,2.070277,4.427992,6.822624,8.997927,11.014079,15.337647,24.951097,32.652271,72.685349
1998-02-12,7.086450,Training,-0.102294,0.403583,1.047727,2.475564,3.969717,5.176134,6.465386,9.253498,15.260868,20.467648,44.264778
1998-02-13,4.670615,Training,-0.190175,0.234392,0.777127,1.934505,3.147308,4.080729,5.099263,7.350856,12.046029,16.130009,34.339279
1998-02-14,3.382169,Training,-0.336133,-0.004321,0.417531,1.288873,2.171229,2.868684,3.612063,5.420488,9.013601,12.179627,25.409233
1998-02-15,2.737947,Training,-0.414739,-0.134892,0.219182,0.930331,1.628209,2.195890,2.782415,4.319542,7.341499,10.015082,20.855116
1998-02-16,1.771613,Training,-0.481442,-0.241008,0.039435,0.604510,1.120476,1.565241,2.012164,3.265572,5.678848,7.804209,16.254805
1998-02-17,1.771613,Training,-0.502235,-0.273749,-0.016393,0.503457,0.961260,1.367879,1.765007,2.920793,5.132435,7.073284,14.847940
1998-02-18,1.771613,Training,-0.539443,-0.346238,-0.143633,0.236964,0.561952,0.864955,1.141159,2.017931,3.762017,5.289021,11.558514
1998-02-19,1.127390,Training,-0.541731,-0.350589,-0.178514,0.160348,0.430827,0.698634,0.936109,1.708059,3.193630,4.476605,9.918021
1998-02-20,1.127390,Training,-0.536175,-0.360166,-0.216637,0.043445,0.252174,0.466600,0.637237,1.253717,2.478336,3.533726,8.333033
1998-02-21,1.127390,Training,-0.517491,-0.343980,-0.223903,-0.006195,0.169094,0.353003,0.491095,1.019328,2.051104,2.937072,7.210696
1998-02-22,0.644223,Training,-0.472061,-0.283479,-0.205002,-0.022664,0.113009,0.272052,0.383570,0.820914,1.552314,2.093339,5.282353
1998-02-23,0.644223,Training,-0.473975,-0.285311,-0.205936,-0.022189,0.112080,0.271363,0.381482,0.819184,1.557699,2.108894,5.313290
1998-02-24,0.483167,Training,-0.468574,-0.281128,-0.202605,-0.026654,0.103758,0.257904,0.363128,0.787295,1.502555,2.039501,5.173679
1998-02-25,0.322111,Training,-0.475492,-0.288787,-0.206743,-0.025715,0.106464,0.263320,0.369161,0.801891,1.547556,2.120330,5.351842
1998-02-26,0.322111,Training,-0.479639,-0.295248,-0.207784,-0.025542,0.109065,0.267030,0.372245,0.809242,1.583490,2.198687,5.537800
1998-02-27,0.322111,Training,-0.447243,-0.264988,-0.190283,-0.043936,0.073459,0.209050,0.294859,0.670472,1.312947,1.816525,4.770643
1998-02-28,0.322111,Training,-0.409819,-0.232395,-0.164183,-0.055583,0.049645,0.162883,0.233724,0.552864,1.080082,1.496346,4.121007
1998-03-01,0.322111,Training,-0.391142,-0.213941,-0.149313,-0.054539,0.045621,0.149718,0.217269,0.514748,0.984930,1.350546,3.787173
1998-03-02,0.161056,Training,-0.392823,-0.211740,-0.151968,-0.052716,0.044902,0.151507,0.220022,0.519390,0.983574,1.324229,3.711763
1998-03-03,0.161056,Training,-0.388543,-0.213734,-0.146674,-0.058686,0.041221,0.142748,0.206370,0.497513,0.970118,1.346979,3.818696
1998-03-04,0.161056,Training,-0.387600,-0.215946,-0.145579,-0.066247,0.033689,0.132622,0.191278,0.475770,0.954558,1.338703,3.867003
1998-03-05,0.000000,Training,-0.388374,-0.218529,-0.146667,-0.084238,0.009117,0.100624,0.147294,0.415845,0.890094,1.262108,3.852352
1998-03-06,0.000000,Training,-0.390479,-0.218973,-0.146419,-0.094445,-0.008826,0.077958,0.119836,0.375604,0.829102,1.179994,3.709466
1998-03-07,0.000000,Training,-0.393772,-0.216231,-0.144882,-0.100222,-0.023402,0.060343,0.099630,0.341042,0.768608,1.090722,3.494739
1998-03-08,0.000000,Training,-0.373061,-0.201208,-0.133949,-0.089725,-0.007042,0.073057,0.115731,0.357693,0.772604,1.091170,3.464101
1998-03-09,0.000000,Training,-0.360545,-0.188807,-0.125562,-0.079039,0.005358,0.084653,0.130165,0.370132,0.773051,1.085714,3.398743
1998-03-10,0.000000,Training,-0.353099,-0.178494,-0.118393,-0.079613,-0.000874,0.072810,0.115516,0.342567,0.724593,1.022777,3.286212
1998-03-11,0.000000,Training,-0.347682,-0.173082,-0.115139,-0.058175,0.027007,0.108307,0.161500,0.401450,0.785333,1.099726,3.303404
1998-03-12,0.000000,Training,-0.342704,-0.162020,-0.111167,-0.046067,0.034388,0.116250,0.173226,0.413398,0.765772,1.045100,3.101618
1998-03-13,0.000000,Training,-0.341307,-0.157542,-0.109621,-0.043371,0.035166,0.117521,0.174681,0.413009,0.759123,1.026898,3.058227
1998-03-14,0.000000,Training,-0.342047,-0.157772,-0.109396,-0.043153,0.035870,0.117668,0.174619,0.412603,0.760188,1.033494,3.078144
1998-03-15,0.000000,Training,-0.341779,-0.158835,-0.107832,-0.044277,0.036447,0.116130,0.172193,0.408269,0.759211,1.047792,3.125970
1998-03-16,0.000000,Training,-0.340635,-0.161716,-0.104924,-0.053023,0.030488,0.105940,0.156892,0.384851,0.746380,1.056404,3.226602
1998-03-17,0.000000,Training,-0.340995,-0.163028,-0.104644,-0.064801,0.016805,0.086781,0.130641,0.348461,0.713449,1.022505,3.262356
1998-03-18,0.000000,Training,-0.342459,-0.162089,-0.104263,-0.075189,0.000351,0.064203,0.103124,0.309032,0.661294,0.955167,3.187703
1998-03-19,0.000000,Training,-0.336702,-0.157000,-0.100286,-0.072078,0.003564,0.066089,0.105970,0.309551,0.654669,0.943984,3.140668
1998-03-20,0.000000,Training,-0.328268,-0.149391,-0.094324,-0.063189,0.013860,0.076732,0.119733,0.323395,0.659753,0.947115,3.086429
1998-03-21,0.000000,Training,-0.319656,-0.139918,-0.086751,-0.052056,0.025050,0.087942,0.135614,0.338376,0.658614,0.940848,2.996155
1998-03-22,0.000000,Training,-0.312699,-0.130548,-0.080687,-0.041439,0.033794,0.096137,0.147675,0.349320,0.651716,0.925042,2.896793
1998-03-23,0.000000,Training,-0.305143,-0.122097,-0.071903,-0.052894,0.018692,0.069942,0.113018,0.294232,0.585948,0.848938,2.859253
1998-03-24,0.000000,Training,-0.304023,-0.116116,-0.066767,-0.060643,0.003808,0.046592,0.085960,0.250398,0.519145,0.762086,2.723737
1998-03-25,0.000000,Training,-0.303148,-0.116490,-0.067220,-0.060616,0.003836,0.047028,0.085442,0.250596,0.519944,0.763047,2.720654
1998-03-26,0.000000,Training,-0.306770,-0.123881,-0.074125,-0.056863,0.012033,0.062487,0.102378,0.281530,0.571234,0.829523,2.825335
1998-03-27,0.000000,Training,-0.312494,-0.141147,-0.092211,-0.047771,0.034689,0.090459,0.132782,0.332590,0.650043,0.997074,3.227389
1998-03-28,0.000000,Training,-0.422256,-0.209803,-0.128888,-0.010782,0.093803,0.193273,0.205627,0.452585,1.006372,1.629386,5.331921
1998-03-29,0.000000,Training,-0.332039,0.146714,0.464267,1.237349,1.683032,2.223568,2.035810,3.274507,6.244028,8.427546,22.578375
1998-03-30,0.000000,Training,-0.549081,-0.185667,-0.032816,0.409829,0.913082,1.341676,1.511226,3.002123,7.024478,9.840778,26.639381
1998-03-31,0.000000,Training,-0.564661,-0.292392,-0.188033,0.056056,0.325098,0.570857,0.620454,1.441343,3.513800,5.382735,15.460029
1998-04-01,0.000000,Test,-0.478504,-0.218860,-0.104258,0.104297,0.315783,0.532450,0.615772,1.250488,2.757448,4.060728,10.812378
1998-04-02,0.000000,Test,-0.408761,-0.178568,-0.086515,0.055378,0.199199,0.350699,0.420937,0.856108,1.821748,2.674057,7.314767
1998-04-03,0.000000,Test,-0.411690,-0.194017,-0.113396,0.026689,0.155305,0.292758,0.369603,0.772552,1.633426,2.409776,6.623018
1998-04-04,0.000000,Test,-0.385739,-0.173473,-0.109074,0.027905,0.144831,0.270063,0.355915,0.726171,1.449437,2.100779,5.664081
1998-04-05,0.000000,Test,-0.375508,-0.164023,-0.115779,0.021078,0.130143,0.242275,0.329811,0.677434,1.315960,1.904894,5.154388
1998-04-06,0.000000,Test,-0.381138,-0.173270,-0.121203,0.009623,0.109474,0.222256,0.301395,0.637582,1.250644,1.804251,4.929505
1998-04-07,0.000000,Test,-0.400034,-0.195494,-0.142693,-0.019865,0.073016,0.179158,0.241004,0.563196,1.188956,1.771981,5.099895
1998-04-08,0.000000,Test,-0.396833,-0.189940,-0.140243,-0.000616,0.091606,0.207506,0.282779,0.618480,1.213078,1.737579,4.723616
1998-04-09,0.000000,Test,-0.401351,-0.188748,-0.153419,-0.003461,0.087509,0.200439,0.279886,0.613890,1.185627,1.679440,4.563184
1998-04-10,0.000000,Test,-0.402011,-0.186699,-0.154306,-0.012726,0.074269,0.187135,0.261477,0.580600,1.125624,1.569707,4.328793
1998-04-11,0.000000,Test,-0.394864,-0.180929,-0.146935,-0.016089,0.064139,0.174337,0.240818,0.543846,1.064043,1.482103,4.135400
1998-04-12,0.000000,Test,-0.405804,-0.194257,-0.153411,-0.018008,0.059366,0.175685,0.238139,0.549415,1.094066,1.525378,4.216760
1998-04-13,0.000000,Test,-0.423936,-0.212977,-0.166191,-0.014836,0.064301,0.188079,0.251880,0.583016,1.178877,1.660075,4.493862
1998-04-14,0.000000,Test,-0.487129,-0.259437,-0.204253,0.050668,0.167731,0.342522,0.437701,0.850661,1.795725,2.716020,6.920509
1998-04-15,0.000000,Test,-0.578309,-0.333046,-0.247209,0.007366,0.158626,0.368489,0.407746,0.930684,2.224577,3.459276,9.748438
1998-04-16,0.000000,Test,-0.479362,-0.255476,-0.174633,0.007655,0.113618,0.268326,0.296203,0.683736,1.540639,2.377034,6.605533
1998-04-17,0.000000,Test,-0.437530,-0.228189,-0.157337,-0.013467,0.071562,0.197339,0.216552,0.533731,1.198774,1.853787,5.331323
1998-04-18,0.000000,Test,-0.430924,-0.216813,-0.157312,0.002847,0.080741,0.211684,0.251856,0.584930,1.246974,1.834833,5.022726
1998-04-19,0.000000,Test,-0.381755,-0.171233,-0.129326,-0.006850,0.061891,0.158225,0.194981,0.463961,0.968489,1.440501,4.146042
1998-04-20,0.000000,Test,-0.357347,-0.149157,-0.103622,-0.024697,0.029521,0.106256,0.122205,0.340557,0.759899,1.155835,3.678971
1998-04-21,0.000000,Test,-0.356162,-0.142727,-0.100029,-0.028991,0.015320,0.084616,0.094633,0.294637,0.682628,1.054428,3.501732
1998-04-22,0.000000,Test,-0.365386,-0.162833,-0.128482,-0.017707,0.038181,0.116634,0.130975,0.357199,0.794058,1.287425,4.040502
1998-04-23,0.000000,Test,-0.394661,-0.179430,-0.126540,-0.023698,0.028061,0.118939,0.117572,0.346976,0.826330,1.307954,4.224354
1998-04-24,0.000000,Test,-0.385071,-0.142556,-0.099616,-0.027827,-0.004171,0.059646,0.059373,0.215679,0.537126,0.874997,3.164646
1998-04-25,0.000000,Test,-0.384980,-0.135818,-0.101085,-0.029362,-0.012230,0.046124,0.045446,0.191349,0.491306,0.802554,2.945304
1998-04-26,0.000000,Test,-0.341987,-0.131218,-0.095013,-0.024648,0.018932,0.085512,0.099019,0.291308,0.653261,0.991373,3.255578
1998-04-27,0.000000,Test,-0.333079,-0.119689,-0.094027,-0.012628,0.032239,0.098323,0.122604,0.317680,0.671760,1.011557,3.209630
1998-04-28,0.000000,Test,-0.325671,-0.100847,-0.084703,-0.020935,0.010782,0.055455,0.068122,0.219683,0.498249,0.809694,2.928094
1998-04-29,0.000000,Test,-0.322304,-0.104836,-0.074889,-0.021162,0.018255,0.070438,0.086665,0.246600,0.541510,0.834930,2.912621
1998-04-30,0.000000,Test,-0.317319,-0.105806,-0.073864,-0.017368,0.024722,0.081156,0.105380,0.273113,0.564314,0.846112,2.826334
1998-05-01,0.000000,Test,-0.318197,-0.102711,-0.080152,-0.015000,0.027401,0.081827,0.111695,0.280516,0.564669,0.844921,2.785226
1998-05-02,0.000000,Test,-0.325211,-0.105797,-0.090395,-0.015098,0.024176,0.074530,0.093975,0.251254,0.540911,0.876671,3.003920
1998-05-03,0.000000,Test,-0.338555,-0.112532,-0.087102,-0.026812,0.017406,0.060147,0.074963,0.214770,0.472790,0.786497,2.893702
1998-05-04,0.000000,Test,-0.341681,-0.117831,-0.078758,-0.027881,0.018034,0.065035,0.080601,0.223283,0.489074,0.785579,2.869804
1998-05-05,0.000000,Test,-0.344334,-0.114218,-0.075092,-0.033922,-0.002081,0.039396,0.049562,0.177147,0.413401,0.673325,2.629633
1998-05-06,0.000000,Test,-0.338317,-0.105234,-0.070656,-0.033451,-0.005648,0.031549,0.043905,0.166085,0.387197,0.627393,2.485169
1998-05-07,0.000000,Test,-0.330766,-0.092422,-0.064490,-0.030282,-0.008385,0.024173,0.037587,0.151810,0.356012,0.580894,2.352525
1998-05-08,0.000000,Test,-0.311158,-0.076350,-0.051638,-0.028426,-0.002506,0.020881,0.041584,0.148855,0.329149,0.534102,2.203278
1998-05-09,0.000000,Test,-0.297567,-0.066551,-0.042570,-0.024121,0.001315,0.023822,0.045317,0.151085,0.327273,0.525058,2.159811
1998-05-10,0.000000,Test,-0.299816,-0.076565,-0.058383,0.015232,0.031298,0.064839,0.079464,0.181408,0.367080,0.674117,2.539138
1998-05-11,0.000000,Test,-0.328731,0.020081,0.128871,0.469214,0.465193,0.613986,0.559929,0.746179,1.226051,1.812101,5.257423
1998-05-12,0.000000,Test,-0.382678,0.073272,0.085165,0.396771,0.581938,0.777923,0.792511,1.260673,2.305314,3.238929,9.952515
1998-05-13,0.000000,Test,-0.412898,-0.024644,-0.013638,0.226060,0.358044,0.510157,0.489278,0.876442,1.677904,2.491435,7.596584
1998-05-14,0.000000,Test,-0.372086,-0.023523,0.053134,0.238569,0.326048,0.460835,0.450408,0.795397,1.548434,2.231060,6.545595
1998-05-15,0.000000,Test,-0.373795,-0.068201,-0.005978,0.121581,0.155467,0.248229,0.240382,0.457858,0.932599,1.442460,4.552974
1998-05-16,0.000000,Test,-0.395168,-0.073067,-0.052152,0.086583,0.086901,0.150915,0.148555,0.290582,0.595352,1.031526,3.519044
1998-05-17,0.000000,Test,-0.390313,-0.077254,-0.054934,0.064246,0.058047,0.115298,0.117986,0.248686,0.533428,0.898791,3.159191
1998-05-18,0.000000,Test,-0.377319,-0.070500,-0.062861,0.047132,0.040681,0.086273,0.095367,0.212340,0.461023,0.800982,2.933237
1998-05-19,0.000000,Test,-0.342447,-0.065397,-0.049909,0.030523,0.034237,0.078629,0.090318,0.217938,0.480604,0.795813,2.919161
1998-05-20,0.000000,Test,-0.332054,-0.054808,-0.052538,0.026129,0.029873,0.065851,0.082068,0.197103,0.434741,0.739347,2.780990
1998-05-21,0.000000,Test,-0.330302,-0.052941,-0.046919,0.016739,0.015351,0.047022,0.062622,0.162474,0.367203,0.630049,2.500518
1998-05-22,0.000000,Test,-0.335188,-0.061665,-0.063270,0.028602,0.016504,0.044569,0.057178,0.130987,0.271733,0.577619,2.411668
1998-05-23,0.000000,Test,-0.382757,-0.093983,-0.084121,0.002225,0.013886,0.047529,0.056820,0.149435,0.346438,0.669481,2.764073
1998-05-24,0.000000,Test,-0.347345,-0.075505,-0.058794,0.008881,0.028498,0.062812,0.077720,0.179435,0.394343,0.704087,2.766991
1998-05-25,0.000000,Test,-0.347001,-0.079407,-0.072312,-0.005812,0.007712,0.035503,0.048261,0.137102,0.322822,0.614399,2.538409
1998-05-26,0.000000,Test,-0.361000,-0.097603,-0.078361,0.026776,0.028437,0.075574,0.076338,0.158552,0.341373,0.706745,2.830127
1998-05-27,0.000000,Test,-0.386621,-0.114828,-0.070541,0.010508,0.036177,0.091376,0.091981,0.210688,0.481973,0.836435,3.233598
1998-05-28,0.000000,Test,-0.378183,-0.107202,-0.095656,0.004298,0.023915,0.077951,0.078077,0.187735,0.426920,0.818438,3.120478
1998-05-29,0.000000,Test,-0.395947,-0.122643,-0.106489,0.005164,0.033259,0.097269,0.094090,0.212125,0.471467,0.889942,3.333734
1998-05-30,0.000000,Test,-0.371533,-0.098327,-0.049443,0.025162,0.064130,0.119920,0.132576,0.260534,0.536579,0.887004,3.225008
1998-05-31,0.000000,Test,-0.343508,-0.074787,-0.037877,0.018904,0.051838,0.091083,0.112266,0.219935,0.443005,0.746631,2.800675
1998-06-01,0.000000,Test,-0.360915,-0.084643,-0.061532,-0.007775,0.015854,0.038606,0.060304,0.145442,0.305046,0.563870,2.378762
1998-06-02,0.000000,Test,-0.332878,-0.065060,-0.031550,0.001139,0.020995,0.041257,0.065584,0.148716,0.302348,0.527305,2.239564
1998-06-03,0.000000,Test,-0.326837,-0.052085,-0.024801,0.004231,0.014129,0.028893,0.054528,0.124758,0.254066,0.459565,2.060706
1998-06-04,0.000000,Test,-0.325703,-0.052369,-0.033636,-0.004990,0.007407,0.016883,0.044835,0.114336,0.239163,0.439638,2.005913
1998-06-05,0.000000,Test,-0.327039,-0.049144,-0.029941,-0.006514,-0.002139,0.005256,0.031616,0.092274,0.199296,0.377898,1.845306
1998-06-06,0.000000,Test,-0.321059,-0.047029,-0.035792,-0.011466,-0.002069,0.000943,0.030152,0.092075,0.200643,0.384730,1.863049
1998-06-07,0.000000,Test,-0.330188,-0.050743,-0.033399,-0.013172,-0.013691,-0.008630,0.015104,0.068401,0.162480,0.325370,1.715121
1998-06-08,0.000000,Test,-0.348720,-0.057255,-0.042602,-0.014777,-0.023898,-0.018187,0.001834,0.046089,0.125471,0.274213,1.582464
1998-06-09,0.000000,Test,-0.357314,-0.054092,-0.046306,-0.009227,-0.030479,-0.025254,-0.011868,0.017878,0.079270,0.221087,1.467146
1998-06-10,0.000000,Test,-0.334572,-0.050688,-0.040166,-0.018961,-0.028941,-0.026226,-0.008850,0.031478,0.108427,0.253616,1.548330
1998-06-11,0.000000,Test,-0.311641,-0.044935,-0.033540,-0.022093,-0.023935,-0.021820,-0.002782,0.046877,0.138975,0.291216,1.641264
1998-06-12,0.000000,Test,-0.331761,-0.049081,-0.042165,-0.020135,-0.033478,-0.029729,-0.015955,0.022486,0.100155,0.242489,1.522296
1998-06-13,0.000000,Test,-0.343458,-0.050607,-0.049145,-0.015720,-0.037920,-0.031402,-0.023248,0.008529,0.082460,0.226110,1.492273
1998-06-14,0.000000,Test,-0.334150,-0.055905,-0.042990,-0.025735,-0.033746,-0.030325,-0.015304,0.026111,0.103909,0.241249,1.505856
1998-06-15,0.000000,Test,-0.312850,-0.044033,-0.040013,-0.019169,-0.028076,-0.020417,-0.009285,0.039221,0.141772,0.302342,1.680370
1998-06-16,0.000000,Test,-0.319234,-0.046586,-0.039648,-0.021939,-0.031175,-0.026005,-0.013121,0.029943,0.119153,0.267823,1.588000
1998-06-17,0.000000,Test,-0.338396,-0.060140,-0.039916,-0.031279,-0.035393,-0.036369,-0.018225,0.017370,0.079189,0.202076,1.395706
1998-06-18,0.000000,Test,-0.345436,-0.060109,-0.041439,-0.029045,-0.037282,-0.038853,-0.022522,0.006692,0.059204,0.178991,1.343674
1998-06-19,0.000000,Test,-0.331674,-0.051220,-0.032913,-0.027960,-0.034422,-0.040068,-0.021784,0.003236,0.051183,0.170989,1.331875
1998-06-20,0.000000,Test,-0.323580,-0.052618,-0.027891,-0.031474,-0.029259,-0.036638,-0.013722,0.017823,0.072025,0.192928,1.372477
1998-06-21,0.000000,Test,-0.342487,-0.059280,-0.035452,-0.030614,-0.034596,-0.040038,-0.020296,0.005655,0.050813,0.165652,1.305117
1998-06-22,0.000000,Test,-0.361624,-0.064675,-0.042963,-0.025888,-0.038037,-0.041229,-0.026601,-0.007978,0.024988,0.136672,1.240844
1998-06-23,0.000000,Test,-0.353615,-0.063615,-0.040376,-0.029830,-0.036488,-0.040911,-0.023127,-0.000362,0.041545,0.156289,1.291224
1998-06-24,0.000000,Test,-0.330011,-0.053061,-0.030339,-0.030283,-0.031553,-0.038970,-0.017845,0.008088,0.058555,0.179568,1.356739
1998-06-25,0.000000,Test,-0.321089,-0.051769,-0.025700,-0.031376,-0.027565,-0.035451,-0.011524,0.019817,0.075946,0.197807,1.389805
1998-06-26,0.000000,Test,-0.324290,-0.053081,-0.027148,-0.031541,-0.028912,-0.036014,-0.012462,0.018657,0.074254,0.194350,1.379463
1998-06-27,0.000000,Test,-0.334578,-0.057328,-0.031750,-0.031899,-0.032129,-0.038012,-0.015896,0.013140,0.065483,0.182650,1.351062
1998-06-28,0.000000,Test,-0.343355,-0.060576,-0.035365,-0.031685,-0.034507,-0.039761,-0.019149,0.007193,0.055226,0.169966,1.321807
1998-06-29,0.000000,Test,-0.331113,-0.055877,-0.030050,-0.032308,-0.031191,-0.038171,-0.015173,0.013911,0.067031,0.185311,1.361653
1998-06-30,0.000000,Test,-0.316677,-0.050395,-0.023842,-0.031642,-0.025910,-0.033926,-0.008730,0.024729,0.084747,0.207912,1.416779
1998-07-01,0.000000,Test,-0.318131,-0.051028,-0.024589,-0.031867,-0.026319,-0.034045,-0.008719,0.024884,0.085036,0.207613,1.414942
1998-07-02,0.000000,Test,-0.312828,-0.048688,-0.021730,-0.031296,-0.024327,-0.032624,-0.006490,0.028021,0.089527,0.213012,1.427462
1998-07-03,0.000000,Test,-0.313869,-0.048958,-0.021987,-0.031441,-0.024817,-0.033281,-0.007101,0.026737,0.087301,0.210034,1.420884
1998-07-04,0.000000,Test,-0.334265,-0.057536,-0.031224,-0.032716,-0.031740,-0.037839,-0.014500,0.015103,0.069425,0.186325,1.364958
1998-07-05,0.000000,Test,-0.337164,-0.059095,-0.032788,-0.033103,-0.032442,-0.038026,-0.014938,0.014759,0.069495,0.186279,1.366603
1998-07-06,0.000000,Test,-0.320059,-0.052515,-0.025342,-0.032811,-0.026639,-0.034136,-0.008125,0.026137,0.087955,0.210336,1.425797
1998-07-07,0.000000,Test,-0.322048,-0.053340,-0.025976,-0.033017,-0.027210,-0.034576,-0.008617,0.025203,0.086276,0.207789,1.419546
1998-07-08,0.000000,Test,-0.342698,-0.061578,-0.034775,-0.033422,-0.033467,-0.038446,-0.015707,0.013228,0.066849,0.182096,1.358159
1998-07-09,0.000000,Test,-0.350249,-0.064954,-0.038231,-0.033367,-0.034947,-0.038824,-0.017216,0.010790,0.063110,0.177385,1.348919
1998-07-10,0.000000,Test,-0.355220,-0.067405,-0.040485,-0.033445,-0.035631,-0.038860,-0.017873,0.009746,0.061578,0.175752,1.347497
1998-07-11,0.000000,Test,-0.366054,-0.071760,-0.044582,-0.031990,-0.036822,-0.038800,-0.019815,0.005275,0.052394,0.165067,1.324084
1998-07-12,0.000000,Test,-0.370298,-0.073673,-0.046120,-0.031650,-0.036926,-0.038582,-0.020052,0.004138,0.050099,0.162876,1.322215
1998-07-13,0.000000,Test,-0.376211,-0.076455,-0.048397,-0.030814,-0.036923,-0.037807,-0.020113,0.003137,0.047720,0.160894,1.321195
1998-07-14,0.000000,Test,-0.359030,-0.070271,-0.041954,-0.034760,-0.034846,-0.037930,-0.016062,0.012121,0.067521,0.184359,1.379925
1998-07-15,0.000000,Test,-0.351383,-0.067348,-0.038462,-0.035326,-0.033259,-0.037078,-0.013557,0.016761,0.075509,0.193270,1.399053
1998-07-16,0.000000,Test,-0.357063,-0.069228,-0.040257,-0.034565,-0.034556,-0.037424,-0.015022,0.013871,0.069493,0.184085,1.373847
1998-07-17,0.000000,Test,-0.363898,-0.071945,-0.042657,-0.033769,-0.035319,-0.037425,-0.016101,0.011116,0.063936,0.177125,1.358711
1998-07-18,0.000000,Test,-0.352287,-0.067646,-0.037940,-0.035561,-0.033152,-0.036955,-0.012826,0.017321,0.076288,0.192535,1.398215
1998-07-19,0.000000,Test,-0.328033,-0.057686,-0.027533,-0.035334,-0.025861,-0.032814,-0.004144,0.031689,0.099591,0.223268,1.471506
1998-07-20,0.000000,Test,-0.332931,-0.059777,-0.028924,-0.035459,-0.027714,-0.033622,-0.005741,0.029075,0.095140,0.215501,1.450207
1998-07-21,0.000000,Test,-0.332506,-0.059619,-0.028635,-0.035456,-0.027411,-0.033161,-0.004892,0.030314,0.097325,0.217583,1.455130
1998-07-22,0.000000,Test,-0.351382,-0.067783,-0.036752,-0.035687,-0.032049,-0.035039,-0.009779,0.022075,0.084586,0.200115,1.415885
1998-07-23,0.000000,Test,-0.369773,-0.075513,-0.043865,-0.033678,-0.034124,-0.034773,-0.012650,0.015344,0.071330,0.184191,1.382067
1998-07-24,0.000000,Test,-0.365124,-0.074128,-0.042327,-0.035398,-0.033429,-0.034934,-0.011247,0.018286,0.078566,0.193623,1.409751
1998-07-25,0.000000,Test,-0.352463,-0.069488,-0.037336,-0.036888,-0.030807,-0.033803,-0.007266,0.025946,0.093215,0.212233,1.455958
1998-07-26,0.000000,Test,-0.355543,-0.070855,-0.038340,-0.036664,-0.031198,-0.033328,-0.007138,0.026052,0.093158,0.210829,1.451009
1998-07-27,0.000000,Test,-0.353177,-0.069957,-0.037088,-0.036884,-0.030487,-0.032756,-0.005750,0.028380,0.097147,0.215089,1.460772
1998-07-28,0.000000,Test,-0.359364,-0.072811,-0.039370,-0.036707,-0.031122,-0.032508,-0.006149,0.027085,0.094899,0.211883,1.455133
1998-07-29,0.000000,Test,-0.358871,-0.072941,-0.039057,-0.037092,-0.030622,-0.031976,-0.004984,0.028989,0.098543,0.216193,1.466978
1998-07-30,0.000000,Test,-0.355216,-0.071733,-0.037409,-0.037634,-0.029515,-0.031331,-0.003127,0.032156,0.104295,0.223309,1.485040
1998-07-31,0.000000,Test,-0.338820,-0.064953,-0.030169,-0.037603,-0.025084,-0.029015,0.002382,0.041547,0.119232,0.242774,1.529512
1998-08-01,0.000000,Test,-0.324470,-0.058526,-0.023282,-0.036201,-0.019997,-0.025760,0.007937,0.049882,0.130959,0.258423,1.564186
1998-08-02,0.000000,Test,-0.338958,-0.064971,-0.029203,-0.037623,-0.024446,-0.028283,0.003983,0.043166,0.121242,0.243645,1.530068
1998-08-03,0.000000,Test,-0.358152,-0.073482,-0.036991,-0.037974,-0.028215,-0.029510,0.000314,0.035905,0.109973,0.227946,1.497254
1998-08-04,0.000000,Test,-0.355422,-0.072685,-0.035918,-0.038674,-0.027363,-0.029147,0.001821,0.038558,0.115164,0.234761,1.516286
1998-08-05,0.000000,Test,-0.367256,-0.078168,-0.040219,-0.038290,-0.028377,-0.028874,0.000860,0.035234,0.109071,0.227204,1.503453
1998-08-06,0.000000,Test,-0.367838,-0.078496,-0.040080,-0.038525,-0.027965,-0.028612,0.001647,0.035762,0.110268,0.228977,1.511239
1998-08-07,0.000000,Test,-0.372204,-0.081046,-0.041734,-0.038605,-0.027600,-0.027581,0.002812,0.036942,0.112627,0.232256,1.523389
1998-08-08,0.000000,Test,-0.372280,-0.081395,-0.041642,-0.038954,-0.027048,-0.026907,0.004136,0.038803,0.116469,0.237150,1.538028
1998-08-09,0.000000,Test,-0.361398,-0.076957,-0.037604,-0.040168,-0.025325,-0.026231,0.007083,0.045078,0.128795,0.252678,1.574599
1998-08-10,0.000000,Test,-0.357818,-0.075580,-0.035893,-0.040401,-0.024244,-0.025406,0.009023,0.048289,0.134251,0.259130,1.589020
1998-08-11,0.000000,Test,-0.339364,-0.067171,-0.027766,-0.039611,-0.019562,-0.023186,0.014325,0.057259,0.147579,0.277200,1.627599
1998-08-12,0.000000,Test,-0.329883,-0.062585,-0.023946,-0.038871,-0.015845,-0.021125,0.018465,0.063268,0.156388,0.290181,1.658264
1998-08-13,0.000000,Test,-0.347618,-0.071183,-0.030628,-0.040603,-0.020750,-0.023089,0.014593,0.056478,0.147432,0.275216,1.626068
1998-08-14,0.000000,Test,-0.334128,-0.065148,-0.024827,-0.039640,-0.016484,-0.020693,0.019362,0.064088,0.158886,0.291763,1.664842
1998-08-15,0.000000,Test,-0.330111,-0.063596,-0.023082,-0.039467,-0.014718,-0.019384,0.021671,0.067659,0.164746,0.299939,1.685548
1998-08-16,0.000000,Test,-0.327784,-0.062606,-0.022006,-0.039367,-0.013404,-0.018295,0.023667,0.070445,0.169326,0.306084,1.701221
1998-08-17,0.000000,Test,-0.335080,-0.066258,-0.025020,-0.040720,-0.015407,-0.019378,0.022550,0.068267,0.167283,0.302316,1.695739
1998-08-18,0.000000,Test,-0.347618,-0.072317,-0.030339,-0.042568,-0.018538,-0.021046,0.020229,0.063692,0.162004,0.294103,1.682669
1998-08-19,0.000000,Test,-0.354359,-0.075735,-0.033211,-0.043556,-0.019659,-0.021438,0.019728,0.062106,0.160963,0.292585,1.685521
1998-08-20,0.000000,Test,-0.354064,-0.076043,-0.033604,-0.044113,-0.019175,-0.020734,0.021145,0.064602,0.166618,0.300510,1.709013
1998-08-21,0.000000,Test,-0.366042,-0.082300,-0.038632,-0.045048,-0.020368,-0.020275,0.021190,0.063330,0.166347,0.299703,1.715847
1998-08-22,0.000000,Test,-0.382081,-0.090671,-0.044452,-0.044849,-0.020226,-0.018651,0.022536,0.061940,0.163791,0.297314,1.723441
1998-08-23,0.000000,Test,-0.384780,-0.092726,-0.046191,-0.045823,-0.019918,-0.017979,0.023979,0.063989,0.169484,0.305859,1.753107
1998-08-24,0.000000,Test,-0.377504,-0.089755,-0.044497,-0.047514,-0.019878,-0.018430,0.024791,0.067302,0.178340,0.317885,1.783934
1998-08-25,0.000000,Test,-0.367856,-0.085305,-0.041257,-0.048257,-0.019139,-0.018570,0.026022,0.070925,0.185591,0.327408,1.803611
1998-08-26,0.000000,Test,-0.344094,-0.073639,-0.032923,-0.047261,-0.014299,-0.017140,0.030607,0.080256,0.199458,0.349160,1.848336
1998-08-27,0.000000,Test,-0.334947,-0.069765,-0.028214,-0.045994,-0.011628,-0.014884,0.033515,0.085074,0.206128,0.357982,1.865696
1998-08-28,0.000000,Test,-0.333411,-0.069391,-0.028070,-0.046426,-0.011104,-0.014379,0.034806,0.087153,0.210410,0.363659,1.880595
1998-08-29,0.000000,Test,-0.336615,-0.071412,-0.030006,-0.047805,-0.012329,-0.015246,0.034275,0.086312,0.211080,0.364442,1.887291
1998-08-30,0.000000,Test,-0.353770,-0.080075,-0.037975,-0.051033,-0.017172,-0.017916,0.030834,0.080134,0.205664,0.355160,1.876701
1998-08-31,0.000000,Test,-0.360005,-0.083981,-0.041464,-0.052677,-0.018221,-0.017920,0.031145,0.080855,0.209540,0.359496,1.893970
1998-09-01,0.000000,Test,-0.348773,-0.078968,-0.037795,-0.052415,-0.016161,-0.017346,0.033012,0.085144,0.216549,0.371335,1.922162
1998-09-02,0.000000,Test,-0.346440,-0.078461,-0.037656,-0.052868,-0.015571,-0.016788,0.034214,0.087631,0.221900,0.379255,1.943987
1998-09-03,0.000000,Test,-0.346393,-0.078996,-0.038598,-0.053628,-0.015607,-0.016504,0.035022,0.089407,0.226637,0.385851,1.963447
1998-09-04,0.000000,Test,-0.339044,-0.076163,-0.036551,-0.053164,-0.013438,-0.014683,0.037693,0.094715,0.235859,0.399648,1.997526
1998-09-05,0.000000,Test,-0.347763,-0.081175,-0.041505,-0.055470,-0.015975,-0.015740,0.036775,0.093789,0.238173,0.401366,2.008804
1998-09-06,0.000000,Test,-0.355647,-0.085809,-0.045806,-0.057484,-0.017998,-0.016422,0.036180,0.093120,0.240501,0.403124,2.020361
1998-09-07,0.000000,Test,-0.343420,-0.080576,-0.042143,-0.056751,-0.015056,-0.014852,0.038980,0.099168,0.249868,0.418580,2.056403
1998-09-08,0.000000,Test,-0.351454,-0.085436,-0.046412,-0.058847,-0.017411,-0.015692,0.038148,0.098438,0.252128,0.419777,2.065269
1998-09-09,0.000000,Test,-0.362611,-0.091656,-0.052072,-0.061230,-0.019861,-0.016460,0.037469,0.097237,0.254189,0.420362,2.075777
1998-09-10,0.000000,Test,-0.349102,-0.085954,-0.047637,-0.060426,-0.017229,-0.015242,0.039791,0.102969,0.262429,0.434117,2.104702
1998-09-11,0.000000,Test,-0.331772,-0.078336,-0.041454,-0.058050,-0.011692,-0.011150,0.044827,0.112319,0.275650,0.454697,2.149833
1998-09-12,0.000000,Test,-0.340219,-0.083078,-0.045961,-0.060549,-0.014892,-0.013360,0.043074,0.109978,0.274726,0.451781,2.147376
1998-09-13,0.000000,Test,-0.346086,-0.086287,-0.049191,-0.062383,-0.017284,-0.015131,0.041472,0.107461,0.273374,0.449283,2.147025
1998-09-14,0.000000,Test,-0.353993,-0.090957,-0.053143,-0.064623,-0.019631,-0.016496,0.040368,0.106109,0.273608,0.446970,2.145452
1998-09-15,0.000000,Test,-0.359510,-0.094256,-0.056375,-0.066175,-0.021140,-0.017032,0.039947,0.105860,0.275943,0.448821,2.155666
1998-09-16,0.000000,Test,-0.360683,-0.095491,-0.057780,-0.066971,-0.021475,-0.016816,0.040512,0.107538,0.280381,0.454272,2.171704
1998-09-17,0.000000,Test,-0.350110,-0.091324,-0.054467,-0.065974,-0.018929,-0.014893,0.043256,0.113769,0.289498,0.468512,2.201588
1998-09-18,0.000000,Test,-0.362421,-0.098736,-0.077478,-0.077747,-0.024774,-0.025301,0.038196,0.109026,0.290929,0.490861,2.300888
1998-09-19,0.000000,Test,-0.395999,-0.132336,-0.116771,-0.103995,-0.043831,-0.042362,0.027390,0.093556,0.286643,0.527279,2.501117
1998-09-20,0.000000,Test,-0.465869,-0.198883,-0.166055,-0.119193,-0.030430,-0.009019,0.077267,0.156929,0.444555,0.842199,3.779282
1998-09-21,0.000000,Test,-0.543725,-0.217347,-0.170563,-0.048120,0.135823,0.218141,0.363424,0.610110,1.412064,2.239526,9.449685
1998-09-22,0.000000,Test,-0.552267,-0.168748,-0.140155,0.019822,0.227336,0.320681,0.475867,0.813708,1.859732,2.830520,10.981741
1998-09-23,0.000000,Test,-0.477152,-0.149128,-0.082365,0.019120,0.167342,0.242159,0.361286,0.612272,1.380937,2.074867,7.486844
1998-09-24,0.000000,Test,-0.428037,-0.143455,-0.076991,-0.023857,0.087367,0.142892,0.240832,0.425271,0.977062,1.498516,5.367512
1998-09-25,0.000000,Test,-0.485977,-0.217512,-0.206485,-0.129602,-0.008227,0.047636,0.152473,0.358687,0.983912,1.698666,6.544645
1998-09-26,0.000000,Test,-0.579150,-0.264070,-0.244689,-0.104836,0.081329,0.176495,0.323052,0.686746,1.849408,3.043042,11.777432
1998-09-27,0.000000,Test,-0.590304,-0.230426,-0.204082,-0.025501,0.182227,0.296043,0.472999,0.904576,2.272156,3.629359,13.394222
1998-09-28,0.000000,Test,-0.507703,-0.177444,-0.106968,0.024346,0.172131,0.272820,0.415917,0.726214,1.706005,2.560043,8.784472
1998-09-29,0.000000,Test,-0.473111,-0.171608,-0.116718,-0.026866,0.085387,0.161003,0.281039,0.511688,1.224501,1.870806,6.456911
1998-09-30,0.000000,Test,-0.418632,-0.153029,-0.099574,-0.037500,0.063716,0.128810,0.237600,0.447471,1.041372,1.575603,5.367794
1998-10-01,,,-0.538032,-0.131003,0.012596,0.326958,0.732010,0.958658,1.213811,2.187027,5.191645,7.993154,24.219826
1998-10-02,,,-0.547222,-0.144459,0.004825,0.327269,0.744889,0.974646,1.238765,2.244980,5.363125,8.307857,25.116608
1999-10-17,0.000000,Training,,,,,,,,,,,
1999-10-18,0.000000,Training,,,,,,,,,,,
1999-10-19,0.000000,Training,-0.413064,-0.174302,-0.157141,-0.093713,0.008727,0.067513,0.168004,0.374958,0.899870,1.390846,4.857233
1999-10-20,0.000000,Training,-0.601202,-0.165789,-0.050009,0.526463,1.315285,1.719266,2.801873,4.759004,12.167424,19.856514,65.407799
1999-10-21,0.000000,Training,-0.655206,-0.228829,0.104427,0.979880,2.900373,3.643234,5.574504,12.046648,33.159622,53.721306,163.093399
1999-10-22,0.000000,Training,-0.646774,-0.236324,0.102303,0.878993,2.472274,3.083951,4.639087,9.783154,25.828617,42.280560,124.802994
1999-10-23,0.000000,Training,-0.625683,-0.274598,-0.077060,0.345593,0.970708,1.330710,1.919535,3.688984,9.481796,14.722864,44.073112
1999-10-24,0.000000,Training,-0.730403,-0.410963,-0.034390,0.775800,3.060959,3.640414,6.226558,14.860020,43.106743,77.907127,205.453476
1999-10-25,0.000000,Training,-0.572412,-0.041863,0.494929,2.192930,6.328467,7.700040,12.205260,27.294319,72.072266,119.091774,304.796875
1999-10-26,0.000000,Training,-0.559357,-0.019985,0.622115,2.664407,8.188116,9.738552,16.103956,37.732876,96.378265,160.425690,369.256104
1999-10-27,0.000000,Training,-0.484436,0.165632,0.856314,2.769809,6.388286,7.743926,11.271071,23.027540,54.407444,84.608086,224.935806
1999-10-28,0.000000,Training,-0.616517,-0.213539,0.227041,1.185842,2.607468,3.337886,4.736071,9.185110,21.777945,33.473282,90.201309
1999-10-29,0.000000,Training,-0.684236,-0.382008,-0.028635,0.743428,2.084690,2.620381,4.074032,8.142116,20.414656,34.065998,93.415817
1999-10-30,0.000000,Training,-0.620079,-0.342579,-0.077146,0.467626,1.063534,1.491859,2.169271,3.816582,9.081644,13.799731,35.229004
1999-10-31,0.000000,Training,-0.586196,-0.344793,-0.158212,0.205997,0.551255,0.842390,1.257135,2.189561,5.064965,7.609914,19.313635
1999-11-01,0.000000,Training,-0.587680,-0.356969,-0.170665,0.228373,0.582726,0.880113,1.308328,2.233630,4.896196,7.265779,17.565363
1999-11-02,0.000000,Training,-0.576277,-0.344242,-0.152995,0.293306,0.676703,0.992214,1.442170,2.395473,4.938084,7.102349,16.363201
1999-11-03,0.000000,Training,-0.558062,-0.326200,-0.161794,0.256085,0.600172,0.892687,1.301675,2.157583,4.242469,5.981287,13.552239
1999-11-04,0.000000,Training,-0.567791,-0.343756,-0.179855,0.227890,0.560674,0.844582,1.221572,2.050921,4.100302,5.759951,13.242621
1999-11-05,0.000000,Training,-0.579084,-0.372931,-0.232163,0.099943,0.352226,0.592232,0.882223,1.570267,3.280028,4.656056,11.134123
1999-11-06,0.000000,Training,-0.587431,-0.386138,-0.236150,0.103496,0.358801,0.606218,0.886620,1.593767,3.345733,4.770703,11.329183
1999-11-07,0.000000,Training,-0.588507,-0.391394,-0.248539,0.074794,0.311571,0.547548,0.804559,1.476645,3.125235,4.471874,10.708935
1999-11-08,0.000000,Training,-0.537420,-0.340399,-0.252816,-0.047510,0.101713,0.269632,0.436279,0.888212,1.927035,2.726041,7.172129
1999-11-09,0.000000,Training,-0.510260,-0.312309,-0.241387,-0.060015,0.074284,0.226774,0.375295,0.781236,1.682943,2.368833,6.365752
1999-11-10,0.000000,Training,-0.489883,-0.290978,-0.230576,-0.063513,0.060721,0.203967,0.342309,0.720009,1.526520,2.140861,5.800184
1999-11-11,0.000000,Training,-0.481334,-0.274439,-0.232641,-0.057149,0.067096,0.203330,0.348437,0.723911,1.470002,2.049386,5.533792
1999-11-12,0.000000,Training,-0.453436,-0.246391,-0.209958,-0.057330,0.051755,0.184234,0.311135,0.657843,1.300094,1.749431,4.838765
1999-11-13,0.000000,Training,-0.458863,-0.250806,-0.232958,-0.076694,0.042280,0.165675,0.299122,0.640448,1.293812,1.804270,5.142829
1999-11-14,0.000000,Training,-0.462485,-0.255454,-0.211303,-0.075194,0.041483,0.175115,0.289175,0.620924,1.294466,1.791655,5.230589
1999-11-15,0.000000,Training,-0.426252,-0.223689,-0.180253,-0.066407,0.036493,0.151459,0.256820,0.557169,1.147051,1.593174,4.661918
1999-11-16,0.000000,Training,-0.456410,-0.254978,-0.207207,-0.068019,0.045030,0.176455,0.295861,0.642659,1.319159,1.809723,5.110393
1999-11-17,0.000000,Training,-0.412004,-0.213663,-0.171007,-0.064844,0.036323,0.145871,0.252278,0.551746,1.098557,1.482580,4.302280
1999-11-18,0.000000,Training,-0.406756,-0.209149,-0.166213,-0.063389,0.035008,0.141352,0.246193,0.541296,1.076439,1.455772,4.215298
1999-11-19,0.000000,Training,-0.418335,-0.220356,-0.176919,-0.065829,0.036093,0.146144,0.254479,0.561761,1.124110,1.524544,4.366091
1999-11-20,0.000000,Training,-0.425994,-0.228962,-0.185902,-0.069056,0.036862,0.154541,0.265748,0.584159,1.163334,1.553071,4.431811
1999-11-21,0.000000,Training,-0.434036,-0.246435,-0.195066,-0.082600,0.034526,0.162191,0.273097,0.597242,1.193642,1.594684,4.551145
1999-11-22,0.000000,Training,-0.433494,-0.251074,-0.197305,-0.089564,0.032112,0.162034,0.271085,0.591169,1.186561,1.597732,4.588627
1999-11-23,0.000000,Training,-0.425007,-0.236008,-0.187398,-0.080729,0.031275,0.153036,0.259751,0.571756,1.151071,1.542438,4.433936
1999-11-24,0.000000,Training,-0.427621,-0.233316,-0.186159,-0.071690,0.034544,0.154640,0.261861,0.581242,1.174801,1.571816,4.476909
1999-11-25,0.000000,Training,-0.439456,-0.243698,-0.192608,-0.066617,0.040194,0.164351,0.274170,0.611463,1.244347,1.674355,4.691073
1999-11-26,0.000000,Training,-0.451316,-0.256482,-0.199929,-0.064584,0.045461,0.174925,0.287521,0.641735,1.315921,1.782806,4.923399
1999-11-27,0.000000,Training,-0.483945,-0.289092,-0.222475,-0.058082,0.065397,0.214648,0.342423,0.749519,1.535084,2.071446,5.524714
1999-11-28,0.000000,Training,-0.505616,-0.311030,-0.234696,-0.049818,0.082805,0.243384,0.380662,0.823837,1.704125,2.331119,6.076478
1999-11-29,0.000000,Training,-0.732068,-0.385838,0.010476,1.383212,4.370284,5.942029,11.829711,22.359175,54.282864,93.452332,194.913437
1999-11-30,0.000000,Training,0.603892,2.675429,4.456980,15.808677,37.303574,45.087505,73.817108,140.610306,246.532822,326.539764,671.602295
1999-12-01,0.000000,Training,2.111835,4.994949,7.809995,19.656744,34.331387,44.045341,56.143066,86.513809,139.351151,179.760193,368.061310
1999-12-02,0.000000,Training,-0.512200,-0.064912,0.529279,1.910388,3.833537,5.266277,7.014987,12.583307,27.293636,39.406567,88.947937
1999-12-03,0.000000,Training,-0.598982,-0.289585,0.007717,0.629615,1.342171,1.923601,2.636622,4.591142,10.024993,14.705130,33.052155
1999-12-04,0.000000,Training,-0.715134,-0.426649,-0.086122,0.782856,2.453786,3.418151,5.488027,11.098137,27.803883,43.394775,101.867744
1999-12-05,0.000000,Training,-0.602058,-0.193903,0.233932,1.427630,2.959167,4.225088,5.963762,10.692452,23.639874,33.072952,75.095955
1999-12-06,22.547796,Training,-0.586193,-0.274751,0.013565,0.689761,1.393342,2.037923,2.807336,4.835099,10.098947,14.136078,31.340727
1999-12-07,0.161056,Training,-0.562540,-0.290161,-0.054698,0.475922,0.972091,1.425286,1.978063,3.352524,6.626014,9.255524,20.211905
1999-12-08,0.161056,Training,-0.537588,-0.282372,-0.108254,0.332232,0.721003,1.081165,1.513563,2.552971,4.778522,6.446049,14.047032
1999-12-09,0.161056,Training,-0.540311,-0.290988,-0.140731,0.280377,0.628226,0.950190,1.350268,2.295953,4.263664,5.741889,12.576717
1999-12-10,0.161056,Training,-0.538612,-0.300698,-0.155666,0.238344,0.552817,0.859803,1.218010,2.091988,3.861976,5.151625,11.321116
1999-12-11,0.322111,Training,-0.541346,-0.310067,-0.174234,0.200842,0.493281,0.782542,1.113002,1.934557,3.570169,4.742719,10.526832
1999-12-12,0.161056,Training,-0.563874,-0.345829,-0.203278,0.168663,0.460954,0.730253,1.060544,1.875381,3.620833,5.037578,11.386617
1999-12-13,0.000000,Training,-0.610563,-0.416548,-0.268730,0.076210,0.364612,0.614961,0.919342,1.715205,3.667680,5.376668,12.977414
1999-12-14,0.000000,Training,-0.653238,-0.458294,-0.323937,0.032819,0.344898,0.619520,0.967485,1.868870,4.174263,6.364261,15.761615
1999-12-15,0.000000,Training,-0.623486,-0.402980,-0.253648,0.146153,0.454338,0.781191,1.126360,2.069886,4.312298,6.132311,14.566699
1999-12-16,0.000000,Training,-0.576159,-0.373651,-0.211327,0.140020,0.500699,0.842374,1.160956,2.015146,3.911098,5.479933,13.103406
1999-12-17,0.000000,Training,-0.563140,-0.347799,-0.174625,0.209580,0.588645,0.940239,1.278161,2.180683,4.081556,5.619053,12.941424
1999-12-18,0.000000,Training,-0.543859,-0.340117,-0.212823,0.077379,0.348847,0.615433,0.867280,1.560644,2.959749,4.020290,9.445614
1999-12-19,0.000000,Training,-0.523249,-0.320777,-0.227093,0.012458,0.205139,0.416502,0.612148,1.183917,2.292978,3.061904,7.423401
1999-12-20,0.000000,Training,-0.524235,-0.323167,-0.226327,0.017976,0.193351,0.393648,0.582524,1.152158,2.276540,3.106077,7.496851
1999-12-21,0.000000,Training,-0.533388,-0.329827,-0.231896,0.025134,0.211185,0.425483,0.621119,1.216512,2.374374,3.180278,7.635004
1999-12-22,0.000000,Training,-0.525227,-0.328867,-0.231661,0.002049,0.193993,0.404549,0.588332,1.148700,2.231576,2.985803,7.285405
1999-12-23,0.000000,Training,-0.499629,-0.309327,-0.229480,-0.041026,0.116241,0.295928,0.440601,0.911179,1.795864,2.389060,6.099618
1999-12-24,0.000000,Training,-0.503008,-0.307778,-0.229199,-0.030003,0.120475,0.298725,0.445809,0.926824,1.831568,2.431330,6.151275
1999-12-25,0.000000,Training,-0.504275,-0.307887,-0.227441,-0.021397,0.122364,0.296410,0.442536,0.928396,1.848663,2.481920,6.237761
1999-12-26,0.000000,Training,-0.506943,-0.317286,-0.227464,-0.028182,0.116746,0.286728,0.426536,0.905665,1.851944,2.555596,6.446736
1999-12-27,0.000000,Training,-0.512258,-0.325652,-0.232995,-0.035184,0.112601,0.281202,0.418536,0.896186,1.867617,2.611830,6.641633
1999-12-28,0.000000,Training,-0.507936,-0.327666,-0.231687,-0.054501,0.085787,0.247474,0.366804,0.816444,1.754874,2.470554,6.461066
1999-12-29,0.000000,Training,-0.573801,-0.400458,-0.310412,-0.079436,0.114582,0.313756,0.498919,1.094216,2.487857,3.776950,9.901270
1999-12-30,0.000000,Training,-0.613652,-0.411837,-0.291054,0.000086,0.214732,0.484066,0.679196,1.378074,3.070865,4.370818,11.300421
1999-12-31,0.000000,Training,-0.580636,-0.381577,-0.261917,0.012564,0.224201,0.479001,0.673917,1.341445,2.856056,4.004280,9.941025
2000-01-01,0.000000,Test,-0.551501,-0.356745,-0.250767,-0.003760,0.189481,0.413222,0.587781,1.180445,2.406120,3.299731,8.157131
2000-01-02,0.000000,Test,-0.484759,-0.299382,-0.222220,-0.052686,0.094903,0.263752,0.388843,0.828250,1.651554,2.209137,5.763737
2000-01-03,0.000000,Test,-0.469197,-0.293355,-0.216215,-0.067961,0.080345,0.245200,0.359951,0.769946,1.515305,2.026263,5.394415
2000-01-04,0.000000,Test,-0.466583,-0.278267,-0.209422,-0.049292,0.081369,0.236259,0.352472,0.766422,1.508193,1.990429,5.216204
2000-01-05,0.000000,Test,-0.470216,-0.282892,-0.215700,-0.056031,0.081604,0.236759,0.355142,0.767784,1.507524,1.997277,5.250065
2000-01-06,0.000000,Test,-0.518707,-0.324870,-0.262811,-0.047156,0.125869,0.303424,0.465862,0.978638,2.012390,2.822273,7.290681
2000-01-07,0.000000,Test,-0.543354,-0.344811,-0.245404,-0.035113,0.142123,0.350068,0.489337,1.022267,2.192805,3.046866,8.014738
2000-01-08,0.000000,Test,-0.515481,-0.325457,-0.227619,-0.036107,0.137327,0.332654,0.470127,0.974752,2.023223,2.784016,7.164059
2000-01-09,0.000000,Test,-0.532154,-0.332515,-0.246991,-0.020250,0.162170,0.356932,0.518523,1.063595,2.165744,2.987227,7.522240
2000-01-10,0.000000,Test,-0.512115,-0.324737,-0.230281,-0.036106,0.141054,0.334571,0.476997,0.981359,1.960843,2.673013,6.757052
2000-01-11,0.000000,Test,-0.501936,-0.315768,-0.224175,-0.035644,0.135773,0.322863,0.462470,0.953239,1.881947,2.546991,6.415139
2000-01-12,0.000000,Test,-0.506089,-0.316813,-0.225305,-0.025411,0.144421,0.332768,0.476857,0.981395,1.926507,2.596979,6.462851
2000-01-13,0.000000,Test,-0.552759,-0.375160,-0.286861,-0.059392,0.190500,0.423672,0.626979,1.217043,2.491310,3.586785,9.095180
2000-01-14,36.237530,Test,-0.580369,-0.389374,-0.261368,-0.027870,0.231147,0.494454,0.673827,1.307657,2.800518,4.039454,10.448164
2000-01-15,0.161056,Test,-0.659595,-0.428185,-0.301420,0.083147,0.705196,1.261018,1.734157,3.126736,7.700952,12.018183,32.635296
2000-01-16,65.549665,Test,-0.069511,1.227338,1.985823,7.230469,17.468889,23.169336,33.355782,63.500538,124.764435,158.704758,370.155518
2000-01-17,33.338527,Test,1.888837,5.202119,6.726727,20.655657,41.559837,49.842194,66.303703,112.583694,184.064972,229.720749,458.685638
2000-01-18,12.401288,Test,1.650805,4.066814,6.020849,14.906686,24.664932,32.560051,38.332069,59.193275,91.828102,114.707657,239.408920
2000-01-19,6.281172,Test,0.489578,1.671746,2.926932,6.525504,10.337266,14.092134,16.652792,24.807589,41.025421,52.662048,115.187553
2000-01-20,4.026392,Test,0.009978,0.697607,1.505512,3.259117,5.250695,7.086644,8.648188,12.550658,21.246731,28.070143,61.840351
2000-01-21,2.737947,Test,-0.217345,0.288085,0.849485,2.059078,3.353219,4.521702,5.638623,8.412116,14.368128,19.045309,40.772114
2000-01-22,2.093724,Test,-0.291708,0.106377,0.568057,1.466211,2.491603,3.407186,4.215281,6.320078,10.668675,14.220250,30.586176
2000-01-23,1.771613,Test,-0.330115,0.015964,0.421473,1.187700,2.066636,2.853180,3.521981,5.306329,8.879008,11.838237,25.685726
2000-01-24,1.449501,Test,-0.360463,-0.046063,0.319851,1.006225,1.786810,2.486114,3.075330,4.659597,7.780014,10.378526,22.780371
2000-01-25,1.288446,Test,-0.466778,-0.184464,0.092396,0.666091,1.298059,1.833553,2.342379,3.706428,6.493899,8.883121,19.551250
2000-01-26,0.966334,Test,-0.514191,-0.224090,0.033356,0.632008,1.234474,1.748264,2.283795,3.710328,6.769973,9.377870,20.725016
2000-01-27,1.288446,Test,-0.584168,-0.209009,0.050851,0.961166,1.917550,2.756179,3.789636,6.387832,13.340419,19.531868,46.830734
2000-01-28,2.093724,Test,-0.595783,-0.230342,0.131209,1.081527,2.081147,3.068254,3.994638,6.912586,14.562511,21.187605,50.077503
2000-01-29,1.932668,Test,-0.558773,-0.242416,0.088850,0.846102,1.570069,2.286657,2.963719,5.060813,10.157753,14.723614,33.075787
2000-01-30,1.449501,Test,-0.533150,-0.245548,0.058923,0.729764,1.329367,1.912091,2.478170,4.161352,7.928601,11.270187,24.824715
2000-01-31,1.288446,Test,-0.528753,-0.270938,0.015889,0.608136,1.126629,1.619528,2.096985,3.548554,6.712745,9.618152,20.866770
2000-02-01,1.288446,Test,-0.611815,-0.393894,-0.173899,0.311975,0.764459,1.144492,1.580262,2.880816,6.152419,9.733584,22.820883
2000-02-02,0.000000,Test,-0.604311,-0.372951,-0.115637,0.424477,0.880873,1.349551,1.760441,3.143950,6.575846,10.074734,23.230717
2000-02-03,0.000000,Test,-0.587866,-0.390949,-0.192684,0.186074,0.484066,0.804718,1.061003,2.009801,4.231307,6.388300,14.625296
2000-02-04,0.805278,Test,-0.549308,-0.365536,-0.222035,0.050463,0.254236,0.481613,0.648486,1.313374,2.727562,3.991012,9.477452
2000-02-05,0.644223,Test,-0.480497,-0.295456,-0.203385,-0.010744,0.134337,0.300551,0.417248,0.893128,1.768080,2.448604,6.115631
2000-02-06,0.644223,Test,-0.474355,-0.287431,-0.201146,-0.011395,0.129065,0.292585,0.407843,0.872790,1.701820,2.324213,5.805554
2000-02-07,0.644223,Test,-0.472268,-0.285575,-0.199807,-0.011442,0.127315,0.289769,0.403762,0.864260,1.676659,2.285133,5.701227
2000-02-08,0.483167,Test,-0.472086,-0.284861,-0.200361,-0.012709,0.125190,0.287546,0.400922,0.857993,1.656705,2.246687,5.609479
2000-02-09,0.483167,Test,-0.471839,-0.290219,-0.198480,-0.016147,0.123564,0.283115,0.393243,0.846797,1.657049,2.293421,5.733423
2000-02-10,0.483167,Test,-0.471666,-0.295693,-0.198346,-0.026159,0.114194,0.270741,0.374498,0.818181,1.633070,2.289874,5.793958
2000-02-11,0.322111,Test,-0.473525,-0.295360,-0.200523,-0.023073,0.116654,0.274584,0.380947,0.827908,1.636413,2.281195,5.737563
2000-02-12,0.322111,Test,-0.482458,-0.300978,-0.206249,-0.015300,0.126456,0.290844,0.402207,0.866360,1.705787,2.369942,5.890158
2000-02-13,0.322111,Test,-0.483050,-0.305957,-0.207405,-0.024757,0.116300,0.277900,0.382994,0.837624,1.679301,2.360522,5.921573
2000-02-14,0.322111,Test,-0.478744,-0.297813,-0.206169,-0.022642,0.114889,0.274645,0.381567,0.829684,1.633014,2.261095,5.660895
2000-02-15,0.161056,Test,-0.422286,-0.247844,-0.173011,-0.055302,0.057398,0.178876,0.256576,0.599110,1.171019,1.607973,4.350887
2000-02-16,0.161056,Test,-0.423399,-0.244596,-0.174597,-0.049863,0.061455,0.185143,0.266236,0.613095,1.174875,1.587957,4.263232
2000-02-17,0.161056,Test,-0.425581,-0.246163,-0.176267,-0.049745,0.061842,0.186521,0.267892,0.616922,1.183051,1.599734,4.287883
2000-02-18,0.161056,Test,-0.432285,-0.256571,-0.179958,-0.053839,0.061943,0.188574,0.268849,0.623516,1.222725,1.684714,4.509638
2000-02-19,0.161056,Test,-0.453567,-0.276455,-0.193936,-0.046880,0.076530,0.215375,0.303355,0.690175,1.367508,1.899488,4.962265
2000-02-20,0.161056,Test,-0.398604,-0.224814,-0.155410,-0.057755,0.046755,0.154650,0.224319,0.532352,1.028165,1.408928,3.920880
2000-02-21,0.161056,Test,-0.397434,-0.221216,-0.155063,-0.054722,0.047965,0.156155,0.226794,0.534913,1.020213,1.384708,3.845019
2000-02-22,0.161056,Test,-0.396319,-0.222342,-0.153610,-0.057612,0.045745,0.152473,0.220847,0.525682,1.015044,1.392026,3.886375
2000-02-23,0.161056,Test,-0.395421,-0.227075,-0.152517,-0.072530,0.030257,0.132339,0.190698,0.483516,0.985191,1.375532,3.981988
2000-02-24,0.483167,Test,-0.394208,-0.226666,-0.151884,-0.074575,0.027531,0.128254,0.185531,0.475324,0.973371,1.359955,3.959401
2000-02-25,0.322111,Test,-0.392592,-0.221903,-0.150910,-0.064003,0.038549,0.141642,0.205628,0.501017,0.984998,1.363198,3.866551
2000-02-26,0.000000,Test,-0.389852,-0.218279,-0.148810,-0.062809,0.038543,0.140534,0.204199,0.496616,0.971932,1.344101,3.819885
2000-02-27,0.000000,Test,-0.386747,-0.215312,-0.145945,-0.062965,0.037828,0.138334,0.201139,0.489465,0.958810,1.327931,3.791878
2000-02-28,0.000000,Test,-0.385024,-0.214141,-0.144568,-0.064898,0.035288,0.134272,0.195335,0.479803,0.946542,1.314935,3.782392
2000-02-29,0.000000,Test,-0.385059,-0.215851,-0.144831,-0.072582,0.026090,0.122474,0.178302,0.456561,0.926161,1.294409,3.804809
2000-03-01,0.000000,Test,-0.385809,-0.210013,-0.146307,-0.055756,0.042157,0.143760,0.209693,0.500180,0.952839,1.301770,3.675190
2000-03-02,0.000000,Test,-0.383090,-0.209499,-0.143473,-0.060388,0.037502,0.136354,0.198455,0.482075,0.935799,1.294788,3.703237
2000-03-03,0.000000,Test,-0.381571,-0.210230,-0.141649,-0.065988,0.031892,0.128523,0.186562,0.464266,0.922646,1.287419,3.742800
2000-03-04,0.000000,Test,-0.380918,-0.211027,-0.141522,-0.074819,0.020800,0.113577,0.165826,0.435258,0.893155,1.254260,3.746913
2000-03-05,0.000000,Test,-0.380008,-0.210143,-0.140951,-0.074226,0.021122,0.113674,0.166146,0.434733,0.889459,1.248876,3.726066
2000-03-06,0.000000,Test,-0.377496,-0.207183,-0.139090,-0.074411,0.019690,0.110679,0.162448,0.427373,0.874209,1.227569,3.680473
2000-03-07,0.000000,Test,-0.374185,-0.203361,-0.136312,-0.080547,0.009443,0.095502,0.142712,0.397370,0.831917,1.171324,3.611445
2000-03-08,0.000000,Test,-0.372997,-0.200866,-0.134339,-0.087087,-0.002442,0.079040,0.122600,0.366945,0.785393,1.108706,3.511252
2000-03-09,0.000000,Test,-0.369877,-0.196885,-0.131441,-0.088134,-0.005935,0.072989,0.115814,0.354039,0.759628,1.072065,3.428159
2000-03-10,0.000000,Test,-0.364581,-0.190457,-0.126854,-0.087421,-0.007528,0.068453,0.110860,0.342340,0.732707,1.033239,3.334761
2000-03-11,0.000000,Test,-0.351112,-0.178222,-0.117451,-0.067327,0.019174,0.098397,0.149358,0.386846,0.769584,1.077159,3.304745
2000-03-12,0.000000,Test,-0.347293,-0.170083,-0.120648,-0.052056,0.039347,0.117556,0.178240,0.423727,0.792681,1.119756,3.320812
2000-03-13,0.000000,Test,-0.350657,-0.171371,-0.113704,-0.055919,0.032957,0.112751,0.165260,0.402966,0.783589,1.111075,3.375588
2000-03-14,0.000000,Test,-0.354875,-0.176498,-0.115190,-0.077351,0.003563,0.075975,0.117066,0.338710,0.719004,1.031760,3.367575
2000-03-15,0.000000,Test,-0.360992,-0.182250,-0.120398,-0.082647,-0.002859,0.069162,0.109899,0.331790,0.715581,1.029422,3.374442
2000-03-16,0.000000,Test,-0.354051,-0.175113,-0.116150,-0.079460,-0.000635,0.069605,0.111313,0.330627,0.703400,1.006938,3.294224
2000-03-17,0.000000,Test,-0.343465,-0.163732,-0.107640,-0.074291,0.002666,0.069502,0.112170,0.324992,0.679637,0.969390,3.182307
2000-03-18,0.000000,Test,-0.337715,-0.154520,-0.100621,-0.075318,-0.004048,0.057285,0.098739,0.298962,0.630116,0.900625,3.036125
2000-03-19,0.000000,Test,-0.328151,-0.148062,-0.096570,-0.063046,0.014356,0.077763,0.123784,0.330451,0.665196,0.948212,3.082815
2000-03-20,0.000000,Test,-0.322662,-0.141684,-0.090363,-0.053695,0.023798,0.088579,0.137299,0.343638,0.667809,0.948590,3.020022
2000-03-21,0.000000,Test,-0.330097,-0.156617,-0.102654,-0.033278,0.060954,0.132088,0.188169,0.414247,0.767388,1.156125,3.475614
2000-03-22,0.000000,Test,-0.455110,-0.176662,-0.075129,0.218074,0.431648,0.648656,0.656715,1.169781,2.372621,3.488377,9.514877
2000-03-23,0.000000,Test,-0.546126,-0.223521,-0.143644,0.158020,0.474308,0.777973,0.874038,1.777335,4.072860,5.654600,16.068527
2000-03-24,0.000000,Test,-0.466315,-0.209120,-0.137499,0.059589,0.246336,0.429689,0.500458,1.036994,2.172758,3.090597,8.321049
2000-03-25,0.000000,Test,-0.419324,-0.172218,-0.112669,0.064986,0.237770,0.388555,0.479811,0.952851,1.890917,2.746109,7.133319
2000-03-26,0.000000,Test,-0.400786,-0.182474,-0.109443,0.032626,0.165880,0.298969,0.377807,0.771527,1.545472,2.256203,5.991506
2000-03-27,0.000000,Test,-0.387018,-0.180464,-0.108875,0.011586,0.129011,0.249731,0.320435,0.677290,1.397515,2.064942,5.685304
2000-03-28,0.000000,Test,-0.394728,-0.185665,-0.125613,0.025520,0.140071,0.269326,0.359724,0.740553,1.440306,2.060738,5.393723
2000-03-29,0.000000,Test,-0.410404,-0.197956,-0.145302,0.020522,0.130564,0.268545,0.366361,0.757966,1.454976,2.023335,5.234369
2000-03-30,0.000000,Test,-0.423651,-0.217966,-0.167498,0.008755,0.131906,0.258653,0.356882,0.757903,1.509039,2.241920,5.878494
2000-03-31,0.000000,Test,-0.423047,-0.219878,-0.152958,-0.006718,0.100075,0.227751,0.295898,0.659658,1.371162,2.038466,5.572118
2000-04-01,0.000000,Training,-0.438174,-0.218969,-0.163209,0.052508,0.191100,0.339078,0.419246,0.850359,1.742219,2.685498,6.955822
2000-04-02,0.000000,Training,-0.494126,0.169931,0.443693,1.813401,3.275482,4.510624,4.736995,8.603845,19.634930,28.148682,65.665413
2000-04-03,0.000000,Training,-0.627295,-0.198727,-0.000173,0.783354,1.679996,2.442394,2.876851,5.739053,13.443403,19.097637,46.790329
2000-04-04,0.000000,Training,-0.583612,-0.268582,-0.121666,0.313161,0.669950,1.057158,1.235031,2.404625,5.333358,7.756295,18.784758
2000-04-05,0.000000,Training,-0.527227,-0.253474,-0.114508,0.218053,0.467376,0.751960,0.916702,1.731984,3.617933,5.258391,12.436183
2000-04-06,0.000000,Training,-0.529161,-0.286677,-0.137560,0.193604,0.413804,0.675363,0.853761,1.621928,3.339786,4.986675,11.569226
2000-04-07,0.000000,Training,-0.600622,-0.340301,-0.178695,0.260404,0.579060,0.911283,1.166726,2.255783,5.052734,8.247806,19.882040
2000-04-08,0.000000,Training,0.406903,3.044546,4.584062,16.961462,28.736588,39.218292,44.385235,78.257523,139.295517,184.524139,320.281311
2000-04-09,0.000000,Training,0.372387,2.161480,3.554322,10.946062,25.531923,29.073202,37.561283,71.521790,119.209068,174.303024,339.992188
2000-04-10,0.000000,Training,-0.441632,0.181306,0.713563,2.409312,4.555389,6.050245,7.135112,13.408589,27.477283,41.007347,89.915634
2000-04-11,0.000000,Training,-0.521822,-0.143345,0.207512,0.979276,1.690468,2.396742,2.801763,5.074223,10.616791,16.088490,35.943714
2000-04-12,0.000000,Training,-0.544674,-0.252147,-0.025309,0.481177,0.850488,1.265058,1.557937,2.780938,5.656808,8.479730,18.984653
2000-04-13,36.237530,Training,-0.571143,-0.283237,-0.120872,0.368362,0.711537,1.057456,1.358426,2.493982,5.264191,8.242040,19.099268
2000-04-14,0.000000,Training,-0.687097,-0.343267,-0.111952,0.674270,1.408613,2.121111,2.610077,5.193789,12.151279,19.772720,48.982647
2000-04-15,4.509559,Training,0.631279,3.700220,5.243000,19.159348,33.297016,44.020950,50.565922,88.447212,149.002472,191.546188,315.970612
2000-04-16,14.495012,Training,0.742182,3.118035,4.206718,13.060542,25.848587,31.212681,38.641724,65.601418,103.957680,137.777191,262.890350
2000-04-17,4.187448,Training,-0.167578,0.797469,1.649623,4.723437,8.761030,11.407230,13.378654,23.121700,41.097713,60.453526,128.033112
2000-04-18,2.254780,Training,-0.441636,0.070666,0.649650,2.044491,3.541415,4.848869,5.654346,9.781801,19.147491,29.823067,67.516602
2000-04-19,1.610557,Training,-0.516499,-0.141251,0.331484,1.292363,2.174031,3.073438,3.547898,6.035589,11.895356,19.164379,45.362202
2000-04-20,1.127390,Training,-0.555075,-0.273723,0.021034,0.622518,1.058181,1.552354,1.867308,3.265878,6.675928,10.564274,24.225950
2000-04-21,0.805278,Training,-0.560831,-0.322268,-0.136231,0.259388,0.484416,0.775615,0.943013,1.779993,3.802650,6.046816,14.301491
2000-04-22,0.805278,Training,-0.547694,-0.289887,-0.188227,0.189184,0.371530,0.612012,0.775407,1.488659,3.217910,5.127637,12.421262
2000-04-23,0.644223,Training,-0.545463,-0.302683,-0.183244,0.128344,0.268716,0.494142,0.579614,1.191328,2.646325,4.159011,10.499907
2000-04-24,0.483167,Training,-0.505287,-0.276364,-0.171152,0.085085,0.191794,0.380585,0.439990,0.934892,2.085032,3.285299,8.454014
2000-04-25,0.483167,Training,-0.526502,-0.290282,-0.196702,0.096075,0.216815,0.408699,0.498769,1.025780,2.233548,3.498529,8.800531
2000-04-26,0.483167,Training,-0.523306,-0.269244,-0.211509,0.095877,0.222413,0.415278,0.509207,1.021538,2.232780,3.514990,8.907680
2000-04-27,0.322111,Training,-0.529822,-0.269109,-0.205915,0.060667,0.179993,0.366794,0.421463,0.900104,2.004795,3.051370,8.128855
2000-04-28,0.322111,Training,-0.470524,-0.228057,-0.165187,0.044193,0.133421,0.286444,0.329846,0.715138,1.545894,2.324373,6.236579
2000-04-29,0.322111,Training,-0.504025,-0.241867,-0.189055,0.091757,0.198647,0.396067,0.431765,0.862768,1.908134,3.069849,8.042541
2000-04-30,1.610557,Training,-0.298887,0.861345,1.478230,4.775404,7.308954,10.206889,10.617350,16.449318,32.173943,44.973751,89.773270
2000-05-01,23.836242,Training,-0.501901,0.453979,0.850562,3.620558,7.786824,10.055816,11.992299,23.503164,47.927917,70.381287,151.751541
2000-05-02,8.213840,Training,-0.597014,-0.186127,0.083942,0.828934,1.457965,2.034492,2.167437,4.150521,8.961331,14.276715,33.988949
2000-05-03,4.187448,Training,-0.610499,-0.247119,-0.050016,0.515579,0.917435,1.323148,1.403472,2.757170,6.222196,10.403636,25.628538
2000-05-04,3.865337,Training,-0.302864,0.851090,1.446672,4.760216,6.821338,9.233372,9.412857,15.556505,32.152473,49.313812,96.247528
2000-05-05,25.768910,Training,-0.489871,0.409255,0.888620,3.448509,7.356686,9.097622,10.386915,21.787651,46.608307,74.396416,161.396957
2000-05-06,33.016416,Training,-0.231347,1.216707,1.925078,6.665645,12.629064,15.740249,17.810471,33.768940,67.162277,101.255043,186.363281
2000-05-07,51.054653,Training,-0.157424,1.308237,2.134758,7.392360,15.313672,18.369646,21.422832,42.971954,83.348167,129.834167,250.922241
2000-05-08,21.420406,Training,-0.215453,1.087059,1.910112,6.614948,13.810619,16.597620,19.857847,38.105663,69.831047,108.992371,218.993637
2000-05-09,72.152948,Training,0.228881,2.232638,3.397834,11.738799,22.703333,27.539474,33.283684,58.867512,98.582771,144.399643,263.145691
2000-05-10,85.198459,Training,0.756251,3.347153,4.926344,15.843954,31.010105,36.764542,44.906403,74.808815,114.020271,163.974838,298.091339
2000-05-11,36.237530,Training,-0.179811,0.901727,1.842592,5.345858,9.652284,12.292405,13.923651,23.705002,41.447208,63.372860,133.822922
2000-05-12,14.495012,Training,-0.444415,0.166046,0.828152,2.548130,4.096987,5.608011,5.986008,10.081671,18.530979,30.712042,68.912804
2000-05-13,7.891729,Training,-0.475693,0.042932,0.598425,1.941491,2.935990,4.227854,4.531243,7.217726,13.354915,21.578394,50.623722
2000-05-14,4.992726,Training,-0.597573,-0.196655,0.143289,1.035312,1.416922,2.179575,2.249777,3.727328,7.380301,12.567620,29.418530
2000-05-15,3.382169,Training,-0.586843,-0.276016,-0.128891,0.315341,0.385091,0.660272,0.679716,1.253925,2.740669,4.793877,11.515724
2000-05-16,2.576891,Training,-0.519144,-0.236869,-0.152990,0.139807,0.175127,0.345924,0.365361,0.751767,1.701486,2.855654,7.434532
2000-05-17,2.093724,Training,-0.481010,-0.196853,-0.146606,0.095407,0.111199,0.244950,0.256275,0.558247,1.283257,2.137731,5.885872
2000-05-18,1.610557,Training,-0.453364,-0.167015,-0.137483,0.064985,0.066582,0.175361,0.180548,0.421857,0.990405,1.644150,4.789351
2000-05-19,1.288446,Training,-0.405818,-0.130543,-0.116820,0.031387,0.032057,0.114335,0.119931,0.313032,0.746970,1.221021,3.858008
2000-05-20,1.127390,Training,-0.373003,-0.110460,-0.107371,0.012374,0.021343,0.089422,0.101311,0.275673,0.657770,1.057430,3.490138
2000-05-21,0.805278,Training,-0.349611,-0.091243,-0.107257,0.014739,0.017003,0.071273,0.080244,0.216011,0.517052,0.923551,3.236202
2000-05-22,0.805278,Training,-0.396751,-0.117060,-0.110678,0.012848,0.010860,0.074905,0.067834,0.209413,0.546326,0.965102,3.419286
2000-05-23,0.644223,Training,-0.365744,-0.098000,-0.085731,0.055202,0.025436,0.086977,0.070584,0.157483,0.358496,0.772778,2.989902
2000-05-24,0.483167,Training,-0.472592,-0.175728,-0.146715,0.010750,0.003245,0.085319,0.050767,0.154099,0.382310,0.815676,3.424468
2000-05-25,0.483167,Training,-0.405803,-0.127179,-0.079902,0.015693,0.029820,0.092460,0.080575,0.197971,0.464816,0.833767,3.275338
2000-05-26,0.483167,Training,-0.378717,-0.105942,-0.078276,-0.005843,0.000093,0.042594,0.040508,0.129695,0.331887,0.629686,2.636163
2000-05-27,0.483167,Training,-0.345846,-0.082244,-0.058672,-0.013740,-0.007273,0.020991,0.028238,0.107293,0.276944,0.514795,2.273787
2000-05-28,0.483167,Training,-0.323570,-0.058848,-0.039695,-0.013564,-0.006706,0.006930,0.024450,0.090466,0.219424,0.413422,1.967244
2000-05-29,0.483167,Training,-0.346404,-0.065842,-0.043072,-0.024164,-0.021626,-0.017660,0.004279,0.052299,0.133966,0.280338,1.590744
2000-05-30,0.322111,Training,-0.359066,-0.066326,-0.044539,-0.023128,-0.027127,-0.026561,-0.005804,0.030270,0.087388,0.216759,1.422067
2000-05-31,0.322111,Training,-0.358817,-0.064344,-0.044021,-0.022921,-0.029139,-0.029686,-0.009784,0.023162,0.074687,0.200024,1.382543
2000-06-01,0.161056,Training,-0.344272,-0.058606,-0.038113,-0.025089,-0.027315,-0.029420,-0.007215,0.028776,0.086568,0.213596,1.418211
2000-06-02,0.000000,Training,-0.335059,-0.054462,-0.033954,-0.025479,-0.026109,-0.029174,-0.006020,0.031168,0.090838,0.217870,1.427034
2000-06-03,0.000000,Training,-0.368801,-0.066587,-0.059032,-0.028323,-0.035051,-0.039777,-0.018783,0.007784,0.052501,0.183535,1.351206
2000-06-04,0.000000,Training,-0.369548,-0.075429,-0.069805,-0.033510,-0.034618,-0.039424,-0.016468,0.011283,0.058807,0.214920,1.455807
2000-06-05,0.000000,Training,-0.329399,-0.058845,-0.034175,-0.025834,-0.014348,-0.014849,0.008306,0.054335,0.138294,0.294767,1.660739
2000-06-06,0.000000,Training,-0.352344,-0.067542,-0.044378,-0.027102,-0.027445,-0.026277,-0.006733,0.029222,0.095888,0.236332,1.496869
2000-06-07,0.000000,Training,-0.347303,-0.062520,-0.043592,-0.026665,-0.031977,-0.031670,-0.014649,0.018422,0.081764,0.216699,1.446088
2000-06-08,0.000000,Training,-0.330299,-0.047375,-0.038058,-0.019211,-0.030246,-0.029276,-0.014981,0.016146,0.084445,0.226241,1.486607
2000-06-09,0.000000,Training,-0.278357,-0.029730,-0.008914,-0.019529,-0.006041,-0.014066,0.012467,0.055786,0.133757,0.276038,1.569093
2000-06-10,0.000000,Training,-0.270108,-0.017839,-0.005590,-0.014098,-0.008531,-0.017976,0.005718,0.040650,0.112229,0.254414,1.537045
2000-06-11,0.000000,Training,-0.293648,-0.029932,-0.013786,-0.018158,-0.017936,-0.026463,-0.003915,0.026947,0.085813,0.217593,1.439846
2000-06-12,0.000000,Training,-0.340644,-0.057565,-0.035008,-0.027924,-0.031928,-0.036504,-0.016516,0.011528,0.059281,0.176812,1.324833
2000-06-13,0.000000,Training,-0.329953,-0.052750,-0.030825,-0.028447,-0.030223,-0.036290,-0.015262,0.013819,0.064735,0.185088,1.352738
2000-06-14,0.000000,Training,-0.339021,-0.057447,-0.034951,-0.029068,-0.032652,-0.037672,-0.018053,0.010038,0.058334,0.176516,1.330386
2000-06-15,0.000000,Training,-0.342485,-0.058415,-0.036314,-0.028503,-0.033617,-0.038106,-0.019343,0.007531,0.053930,0.171018,1.317807
2000-06-16,0.000000,Training,-0.347583,-0.060459,-0.038670,-0.027900,-0.034549,-0.038025,-0.020307,0.005864,0.051153,0.167738,1.311054
2000-06-17,0.000000,Training,-0.320679,-0.050650,-0.027381,-0.029135,-0.026970,-0.032905,-0.010400,0.023638,0.082334,0.206668,1.407637
2000-06-18,0.000000,Training,-0.301136,-0.042434,-0.018632,-0.027105,-0.019070,-0.026512,-0.001509,0.037476,0.104061,0.234288,1.472422
2000-06-19,0.000000,Training,-0.302340,-0.042251,-0.018839,-0.026973,-0.020029,-0.027460,-0.002507,0.035479,0.100325,0.228790,1.457193
2000-06-20,0.000000,Training,-0.312258,-0.045613,-0.023011,-0.027390,-0.024567,-0.031093,-0.007647,0.026868,0.086905,0.211594,1.416833
2000-06-21,0.000000,Training,-0.315305,-0.042247,-0.026211,-0.025300,-0.027187,-0.034587,-0.012950,0.015249,0.070333,0.196322,1.394773
2000-06-22,0.000000,Training,-0.313374,-0.040323,-0.023187,-0.023688,-0.028148,-0.035718,-0.015820,0.009203,0.060604,0.184381,1.369956
2000-06-23,0.000000,Training,-0.324401,-0.053554,-0.027913,-0.032107,-0.029574,-0.036819,-0.013554,0.017871,0.072705,0.192621,1.373400
2000-06-24,0.000000,Training,-0.345234,-0.062036,-0.037369,-0.032038,-0.035569,-0.040190,-0.020508,0.006625,0.054474,0.169327,1.317415
2000-06-25,0.000000,Training,-0.326320,-0.054855,-0.029991,-0.033083,-0.029785,-0.036850,-0.013128,0.019358,0.076644,0.198187,1.390408
2000-06-26,0.000000,Training,-0.316081,-0.050874,-0.025306,-0.032439,-0.025867,-0.033864,-0.008722,0.026562,0.088031,0.212944,1.426163
2000-06-27,0.000000,Training,-0.320959,-0.052768,-0.026950,-0.032667,-0.028625,-0.035977,-0.012008,0.021481,0.080178,0.202234,1.399590
2000-06-28,0.000000,Training,-0.332222,-0.056642,-0.031127,-0.032627,-0.032060,-0.038644,-0.016018,0.013619,0.066711,0.184568,1.357280
2000-06-29,0.000000,Training,-0.348204,-0.062490,-0.037440,-0.031605,-0.035574,-0.040424,-0.020409,0.004952,0.050948,0.164484,1.309635
2000-06-30,0.000000,Training,-0.348878,-0.063352,-0.038277,-0.032142,-0.035526,-0.039953,-0.019764,0.006686,0.054961,0.169626,1.324970
2000-07-01,0.000000,Training,-0.339179,-0.059912,-0.034120,-0.033106,-0.033036,-0.038774,-0.016432,0.012619,0.065671,0.183201,1.359909
2000-07-02,0.000000,Training,-0.321315,-0.052856,-0.026104,-0.032650,-0.027147,-0.034678,-0.009319,0.024395,0.084553,0.207091,1.416714
2000-07-03,0.000000,Training,-0.316380,-0.050680,-0.023863,-0.032294,-0.025189,-0.033179,-0.006832,0.028260,0.090378,0.214030,1.431857
2000-07-04,0.000000,Training,-0.317586,-0.051238,-0.023968,-0.032375,-0.025630,-0.033351,-0.006958,0.027987,0.089694,0.212211,1.426223
2000-07-05,0.000000,Training,-0.336145,-0.058592,-0.031801,-0.033318,-0.031921,-0.038011,-0.014206,0.015746,0.069948,0.186279,1.364543
2000-07-06,0.000000,Training,-0.339054,-0.059654,-0.032973,-0.033471,-0.032830,-0.038882,-0.015479,0.013325,0.066205,0.181790,1.356129
2000-07-07,0.000000,Training,-0.338847,-0.059764,-0.032964,-0.033704,-0.032624,-0.038703,-0.015100,0.014008,0.067852,0.184016,1.363924
2000-07-08,0.000000,Training,-0.347132,-0.063298,-0.036555,-0.033513,-0.034385,-0.039185,-0.016977,0.010788,0.062689,0.177238,1.349027
2000-07-09,0.000000,Training,-0.334696,-0.058146,-0.031124,-0.033751,-0.031113,-0.037471,-0.012917,0.017495,0.074484,0.192615,1.388844
2000-07-10,0.000000,Training,-0.324218,-0.054706,-0.026428,-0.033767,-0.027107,-0.034481,-0.007768,0.026323,0.088569,0.210178,1.429426
2000-07-11,0.000000,Training,-0.316940,-0.051646,-0.022983,-0.033082,-0.024313,-0.032212,-0.004359,0.031683,0.096775,0.220226,1.452392
2000-07-12,0.000000,Training,-0.343987,-0.062983,-0.034875,-0.034325,-0.032720,-0.037216,-0.013269,0.017307,0.074409,0.189941,1.380453
2000-07-13,0.000000,Training,-0.348257,-0.064493,-0.036416,-0.034240,-0.033650,-0.037973,-0.014595,0.014410,0.069557,0.184031,1.369111
2000-07-14,0.000000,Training,-0.361923,-0.070194,-0.041971,-0.033159,-0.035775,-0.038522,-0.017626,0.008378,0.058484,0.170808,1.340762
2000-07-15,0.000000,Training,-0.387030,-0.080785,-0.051072,-0.026858,-0.035919,-0.034983,-0.019042,0.002083,0.041052,0.152477,1.301891
2000-07-16,0.000000,Training,-0.365255,-0.073714,-0.044558,-0.035071,-0.034906,-0.036849,-0.015129,0.013281,0.070546,0.187994,1.395416
2000-07-17,0.000000,Training,-0.341055,-0.064466,-0.034460,-0.036430,-0.028796,-0.033834,-0.006981,0.027778,0.095522,0.219862,1.470211
2000-07-18,0.000000,Training,-0.331204,-0.058952,-0.030588,-0.036232,-0.026451,-0.033348,-0.004269,0.031962,0.100675,0.225250,1.476231
2000-07-19,0.000000,Training,-0.336304,-0.061370,-0.030525,-0.035693,-0.028509,-0.033729,-0.006209,0.028676,0.094490,0.214097,1.445802
2000-07-20,0.000000,Training,-0.344090,-0.064604,-0.033587,-0.035929,-0.030503,-0.034922,-0.008339,0.024554,0.087869,0.204988,1.425343
2000-07-21,0.000000,Training,-0.338655,-0.062538,-0.031189,-0.036147,-0.028991,-0.034193,-0.006408,0.027773,0.093579,0.212441,1.444891
2000-07-22,0.000000,Training,-0.322984,-0.056028,-0.024169,-0.035071,-0.023410,-0.030343,0.000015,0.038067,0.109498,0.233557,1.495195
2000-07-23,0.000000,Training,-0.317497,-0.053850,-0.021670,-0.034427,-0.020956,-0.028022,0.003271,0.043371,0.117857,0.243819,1.518863
2000-07-24,0.000000,Training,-0.318918,-0.054570,-0.022062,-0.034623,-0.021157,-0.027917,0.003646,0.043848,0.118702,0.244071,1.519237
2000-07-25,0.000000,Training,-0.331961,-0.059804,-0.030519,-0.037339,-0.024578,-0.031406,0.000607,0.038745,0.112611,0.238059,1.511044
2000-07-26,0.000000,Training,-0.326443,-0.058375,-0.025113,-0.035813,-0.022738,-0.028595,0.002983,0.042795,0.117992,0.242410,1.518695
2000-07-27,0.000000,Training,-0.343345,-0.065894,-0.032165,-0.037130,-0.027705,-0.031547,-0.001997,0.034268,0.105122,0.224251,1.477672
2000-07-28,0.000000,Training,-0.354747,-0.070920,-0.036797,-0.037410,-0.030144,-0.032676,-0.004676,0.029164,0.097258,0.213776,1.456144
2000-07-29,0.000000,Training,-0.355952,-0.071570,-0.037187,-0.037585,-0.029942,-0.032349,-0.004103,0.029831,0.098767,0.215762,1.464205
2000-07-30,0.000000,Training,-0.363771,-0.075367,-0.040385,-0.037309,-0.030509,-0.031540,-0.004131,0.029271,0.098038,0.214720,1.465333
2000-07-31,0.000000,Training,-0.373862,-0.080024,-0.043970,-0.036266,-0.030781,-0.030487,-0.004199,0.027573,0.094037,0.210055,1.458358
2000-08-01,0.000000,Training,-0.378817,-0.082767,-0.045846,-0.036104,-0.030380,-0.029380,-0.003132,0.028517,0.095689,0.212739,1.469735
2000-08-02,0.000000,Training,-0.378935,-0.083472,-0.045991,-0.036926,-0.029833,-0.028719,-0.001652,0.030962,0.100940,0.219487,1.489439
2000-08-03,0.000000,Training,-0.350132,-0.071022,-0.034279,-0.039203,-0.025394,-0.028109,0.004257,0.043142,0.123371,0.247747,1.552660
2000-08-04,0.000000,Training,-0.354530,-0.072508,-0.035171,-0.039000,-0.026291,-0.028539,0.003387,0.040493,0.118114,0.239452,1.530893
2000-08-05,0.000000,Training,-0.348625,-0.069289,-0.032118,-0.038717,-0.025182,-0.028243,0.004763,0.042257,0.120684,0.242208,1.536286
2000-08-06,0.000000,Training,-0.350647,-0.071131,-0.032877,-0.039420,-0.024819,-0.027442,0.006174,0.044708,0.125234,0.247160,1.548517
2000-08-07,0.000000,Training,-0.353512,-0.072664,-0.033885,-0.039715,-0.024871,-0.027013,0.006801,0.045277,0.126653,0.248532,1.553886
2000-08-08,0.000000,Training,-0.354727,-0.073408,-0.034115,-0.040011,-0.024566,-0.026636,0.007673,0.046136,0.128399,0.250647,1.561252
2000-08-09,0.000000,Training,-0.352754,-0.072643,-0.033020,-0.040248,-0.023684,-0.026173,0.009058,0.047920,0.131602,0.254991,1.573581
2000-08-10,0.000000,Training,-0.337376,-0.065743,-0.026343,-0.039390,-0.019268,-0.023794,0.014062,0.056096,0.144189,0.272807,1.614882
2000-08-11,0.000000,Training,-0.337899,-0.066055,-0.026352,-0.039454,-0.018976,-0.023163,0.015051,0.057271,0.146672,0.275725,1.623434
2000-08-12,0.000000,Training,-0.331772,-0.062645,-0.023593,-0.038523,-0.017057,-0.021924,0.017139,0.059821,0.150981,0.282674,1.643035
2000-08-13,0.000000,Training,-0.345572,-0.070237,-0.029465,-0.040771,-0.020001,-0.022938,0.015642,0.057480,0.149096,0.277599,1.633458
2000-08-14,0.000000,Training,-0.363977,-0.079150,-0.037013,-0.041605,-0.022656,-0.023054,0.013988,0.053106,0.143590,0.269435,1.622970
2000-08-15,0.000000,Training,-0.382232,-0.088363,-0.043660,-0.040667,-0.022649,-0.021170,0.014882,0.050946,0.138867,0.264708,1.624385
2000-08-16,0.000000,Training,-0.385298,-0.090586,-0.045314,-0.041525,-0.022207,-0.020386,0.016362,0.052845,0.143961,0.272580,1.652581
2000-08-17,0.000000,Training,-0.371924,-0.084790,-0.041304,-0.043840,-0.021637,-0.020992,0.017896,0.058304,0.157250,0.289968,1.694280
2000-08-18,0.000000,Training,-0.362719,-0.080552,-0.037597,-0.044180,-0.020275,-0.020554,0.019918,0.062474,0.164467,0.298965,1.711992
2000-08-19,0.000000,Training,-0.352916,-0.075818,-0.033429,-0.044020,-0.018505,-0.019915,0.022146,0.066640,0.170789,0.306946,1.726604
2000-08-20,0.000000,Training,-0.341330,-0.070470,-0.028531,-0.043259,-0.015331,-0.018234,0.025692,0.072543,0.179515,0.319538,1.754150
2000-08-21,0.000000,Training,-0.326537,-0.063412,-0.022028,-0.041349,-0.010324,-0.015129,0.030595,0.079979,0.189752,0.335072,1.789162
2000-08-22,0.000000,Training,-0.316455,-0.058769,-0.018024,-0.039825,-0.006131,-0.011665,0.035200,0.087170,0.201162,0.351256,1.827768
2000-08-23,0.000000,Training,-0.322044,-0.061051,-0.024159,-0.042539,-0.006876,-0.013302,0.035486,0.087466,0.204869,0.359553,1.858810
2000-08-24,0.000000,Training,-0.320242,-0.061495,-0.020698,-0.041560,-0.006448,-0.011216,0.036701,0.089739,0.208621,0.361926,1.862764
2000-08-25,0.000000,Training,-0.316028,-0.059973,-0.019654,-0.041418,-0.004514,-0.009571,0.039298,0.093863,0.216085,0.372527,1.890143
2000-08-26,0.000000,Training,-0.329788,-0.067512,-0.026729,-0.045405,-0.010025,-0.013701,0.035146,0.088087,0.210676,0.364314,1.878595
2000-08-27,0.000000,Training,-0.353267,-0.079408,-0.036984,-0.049642,-0.016983,-0.017590,0.030117,0.079456,0.201603,0.348489,1.851579
2000-08-28,0.000000,Training,-0.352564,-0.079438,-0.037366,-0.050621,-0.017229,-0.018102,0.030183,0.079887,0.203555,0.351679,1.863411
2000-08-29,0.000000,Training,-0.358385,-0.082880,-0.040570,-0.052155,-0.018489,-0.018507,0.029874,0.079422,0.205341,0.353768,1.875806
2000-08-30,0.000000,Training,-0.347472,-0.078092,-0.036958,-0.051703,-0.016183,-0.017326,0.032375,0.084676,0.214061,0.367528,1.908326
2000-08-31,0.000000,Training,-0.351527,-0.080765,-0.039719,-0.053066,-0.017106,-0.017277,0.032745,0.085725,0.218534,0.373087,1.927217
2000-09-01,0.000000,Training,-0.348818,-0.080230,-0.039689,-0.053602,-0.016465,-0.016491,0.034319,0.089204,0.225775,0.383279,1.953897
2000-09-02,0.000000,Training,-0.355615,-0.084323,-0.043537,-0.055497,-0.018163,-0.017058,0.033940,0.088883,0.228368,0.385743,1.966532
2000-09-03,0.000000,Training,-0.365715,-0.089970,-0.048457,-0.057519,-0.019962,-0.017596,0.033524,0.087639,0.229547,0.386041,1.976643
2000-09-04,0.000000,Training,-0.362302,-0.088967,-0.048105,-0.058343,-0.019815,-0.017822,0.034071,0.089586,0.234066,0.392958,1.995503
2000-09-05,0.000000,Training,-0.363094,-0.090069,-0.049546,-0.059553,-0.020153,-0.018060,0.034479,0.090800,0.238016,0.398568,2.013432
2000-09-06,0.000000,Training,-0.371076,-0.094756,-0.053338,-0.061103,-0.021247,-0.018139,0.034636,0.090424,0.240054,0.400163,2.025627
2000-09-07,0.000000,Training,-0.377998,-0.098947,-0.056745,-0.062400,-0.021736,-0.018026,0.035257,0.090588,0.242642,0.403346,2.043034
2000-09-08,0.000000,Training,-0.377228,-0.099294,-0.057594,-0.063501,-0.022155,-0.018467,0.035324,0.091648,0.246560,0.409230,2.061569
2000-09-09,0.000000,Training,-0.365060,-0.093962,-0.054321,-0.063645,-0.021612,-0.018815,0.035615,0.095053,0.253030,0.420169,2.083329
2000-09-10,0.000000,Training,-0.361247,-0.092060,-0.054181,-0.063704,-0.021673,-0.018872,0.035612,0.095727,0.256450,0.427122,2.104250
2000-09-11,0.000000,Training,-0.350307,-0.087918,-0.049434,-0.062643,-0.018233,-0.016642,0.039431,0.103063,0.265109,0.438140,2.120392
2000-09-12,0.000000,Training,-0.355553,-0.090956,-0.052555,-0.063991,-0.019650,-0.017033,0.039209,0.102945,0.267759,0.440478,2.131209
2000-09-13,0.000000,Training,-0.353129,-0.090234,-0.052382,-0.063893,-0.018833,-0.015873,0.040910,0.106350,0.274228,0.449291,2.153546
2000-09-14,0.000000,Training,-0.353734,-0.091370,-0.053677,-0.064540,-0.018824,-0.015084,0.042184,0.109433,0.280857,0.457259,2.174258
2000-09-15,0.000000,Training,-0.344406,-0.087605,-0.050975,-0.063746,-0.016314,-0.013348,0.044736,0.114837,0.288860,0.469963,2.202606
2000-09-16,0.000000,Training,-0.344438,-0.088433,-0.051690,-0.064295,-0.016480,-0.012917,0.045480,0.116917,0.293404,0.475167,2.215549
2000-09-17,0.000000,Training,-0.338922,-0.086343,-0.050475,-0.063960,-0.014783,-0.011601,0.047443,0.120854,0.299751,0.484641,2.237931
2000-09-18,0.000000,Training,-0.356213,-0.097238,-0.077841,-0.078228,-0.023275,-0.024296,0.040119,0.113093,0.298056,0.505242,2.341566
2000-09-19,0.000000,Training,-0.332754,-0.085630,-0.054561,-0.063374,-0.005202,-0.002413,0.059106,0.141077,0.339760,0.551736,2.435221
2000-09-20,0.000000,Training,-0.325705,-0.084844,-0.048061,-0.060099,-0.001787,0.003395,0.064677,0.149878,0.352185,0.562865,2.445765
2000-09-21,0.000000,Training,-0.343113,-0.096115,-0.058110,-0.067059,-0.011131,-0.003823,0.057483,0.142164,0.347484,0.554479,2.438246
2000-09-22,0.000000,Training,-0.350236,-0.098940,-0.061893,-0.069582,-0.016110,-0.007855,0.053882,0.137298,0.340275,0.539915,2.397432
2000-09-23,0.000000,Training,-0.344524,-0.095170,-0.062719,-0.070225,-0.015608,-0.008638,0.054274,0.139399,0.342618,0.543817,2.403396
2000-09-24,0.000000,Training,-0.346553,-0.096875,-0.061721,-0.070170,-0.017684,-0.008695,0.053248,0.138801,0.340950,0.536029,2.374820
2000-09-25,0.000000,Training,-0.347467,-0.097647,-0.062741,-0.070814,-0.018648,-0.008974,0.053332,0.139641,0.342777,0.536314,2.371994
2000-09-26,0.000000,Training,-0.352043,-0.100270,-0.065508,-0.072479,-0.021065,-0.010414,0.051918,0.138241,0.342573,0.533634,2.365501
2000-09-27,0.000000,Training,-0.343139,-0.096341,-0.062319,-0.071280,-0.018810,-0.008795,0.053896,0.142241,0.346811,0.540391,2.375848
2000-09-28,0.000000,Training,-0.345133,-0.113348,-0.102202,-0.098148,-0.032416,-0.028109,0.043375,0.133217,0.347385,0.600865,2.635611
2000-09-29,0.000000,Training,-0.357818,-0.114148,-0.092613,-0.078213,-0.002401,0.009826,0.078036,0.184661,0.449528,0.731118,2.999811
2000-09-30,0.000000,Training,-0.348776,-0.112784,-0.070596,-0.065801,0.007687,0.027804,0.095008,0.207528,0.482119,0.753731,3.004349
2000-10-01,0.000000,Training,-0.364237,-0.123601,-0.092562,-0.080775,-0.006514,0.010827,0.080854,0.194087,0.471887,0.749998,3.031084
2000-10-02,0.000000,Training,-0.369525,-0.126853,-0.086074,-0.079336,-0.012924,0.010135,0.077671,0.190644,0.464349,0.721538,2.924547
2000-10-03,0.000000,Training,-0.361893,-0.118670,-0.081254,-0.077862,-0.015882,0.005602,0.074075,0.184633,0.443790,0.681815,2.778562
2000-10-04,0.000000,Training,-0.363272,-0.119542,-0.083796,-0.080204,-0.020706,0.001777,0.069864,0.180904,0.437590,0.667897,2.728217
2000-10-05,0.000000,Training,-0.353463,-0.114268,-0.082143,-0.079195,-0.020480,0.002261,0.070100,0.183882,0.440790,0.670486,2.717243
2000-10-06,0.000000,Training,-0.355957,-0.115637,-0.090559,-0.082202,-0.027488,-0.001584,0.063746,0.178346,0.447314,0.689614,2.779952
2000-10-07,0.000000,Training,-0.336909,-0.103477,-0.073080,-0.075606,-0.017717,0.001803,0.069357,0.180438,0.424530,0.644593,2.626811
2000-10-08,0.000000,Training,-0.339997,-0.103928,-0.071860,-0.075733,-0.019308,-0.000087,0.067755,0.176720,0.413789,0.623770,2.563576
2000-10-09,0.000000,Training,-0.342115,-0.104248,-0.072444,-0.076132,-0.020918,-0.000974,0.066678,0.174657,0.410476,0.617044,2.544890
2000-10-10,0.000000,Training,-0.325517,-0.097670,-0.067008,-0.072254,-0.012956,0.006855,0.074789,0.188197,0.429805,0.644889,2.604968
2000-10-11,0.000000,Training,-0.340509,-0.117783,-0.110984,-0.100799,-0.032981,-0.017191,0.056996,0.171591,0.424990,0.691424,2.831975
2000-10-12,0.000000,Training,-0.328835,-0.106543,-0.076415,-0.062684,0.013647,0.042367,0.114041,0.248768,0.542365,0.817139,3.044241
2000-10-13,0.000000,Training,-0.320058,-0.105677,-0.071094,-0.053652,0.023660,0.057827,0.134007,0.276927,0.574854,0.854243,3.052432
2000-10-14,0.000000,Training,-0.332421,-0.118027,-0.083506,-0.064647,0.012445,0.048908,0.122342,0.270078,0.583379,0.865388,3.128107
2000-10-15,0.000000,Training,-0.361974,-0.145162,-0.131380,-0.086277,0.001154,0.041984,0.124264,0.288009,0.647456,0.997965,3.539827
2000-10-16,0.000000,Training,-0.408523,-0.185410,-0.150175,-0.099802,-0.020854,0.041885,0.109617,0.291787,0.743685,1.140636,4.064927
2000-10-17,0.000000,Training,-0.382522,-0.163032,-0.125743,-0.092120,-0.015291,0.038234,0.109161,0.277434,0.680679,1.032385,3.707757
2000-10-18,0.000000,Training,-0.362490,-0.145060,-0.102618,-0.083430,-0.004631,0.038621,0.111416,0.268545,0.627551,0.941471,3.453397
2000-10-19,0.000000,Training,-0.355711,-0.134623,-0.100775,-0.085134,-0.015914,0.024135,0.095064,0.244078,0.578488,0.867975,3.232190
2000-10-20,0.000000,Training,-0.446363,-0.213469,-0.186373,-0.103622,0.051854,0.126767,0.249912,0.507701,1.330977,2.246176,8.579297
2000-10-21,0.000000,Training,-0.523468,-0.245884,-0.174667,-0.015705,0.180921,0.346333,0.494043,0.929170,2.235103,3.214738,10.794505
2000-10-22,0.000000,Training,-0.443070,-0.193451,-0.127435,-0.039383,0.102474,0.214162,0.320800,0.627788,1.477731,2.194436,7.272307
2000-10-23,0.000000,Training,-0.442515,-0.201097,-0.138230,-0.073770,0.036685,0.128277,0.226005,0.475911,1.160635,1.743681,5.894003
2000-10-24,0.000000,Training,-0.409121,-0.179800,-0.134604,-0.079139,0.019936,0.094778,0.191508,0.417848,0.985461,1.462391,4.893873
2000-10-25,0.000000,Training,-0.402067,-0.176413,-0.141398,-0.084305,0.010499,0.080679,0.179229,0.402796,0.935439,1.375607,4.582295
2000-10-26,0.000000,Training,-0.386602,-0.169514,-0.127285,-0.078927,0.008281,0.079775,0.174487,0.392437,0.886480,1.276883,4.230839
2000-10-27,0.000000,Training,-0.388079,-0.174785,-0.134386,-0.085103,-0.001367,0.071287,0.165195,0.383094,0.862769,1.232049,4.077143
2000-10-28,0.000000,Training,-0.399411,-0.189675,-0.149544,-0.093349,-0.009929,0.067678,0.161037,0.387134,0.877615,1.247778,4.090284
2000-10-29,0.000000,Training,-0.416954,-0.212547,-0.174232,-0.092835,-0.002202,0.089830,0.189750,0.446069,0.999236,1.414130,4.413512
2000-10-30,0.000000,Training,-0.382286,-0.181045,-0.144638,-0.074130,0.015651,0.098246,0.198480,0.437767,0.907070,1.261197,3.909570
2000-10-31,0.000000,Training,-0.393786,-0.187876,-0.168288,-0.092779,0.001324,0.074918,0.175231,0.407982,0.878948,1.259576,4.037114
2000-11-01,0.000000,Training,-0.386095,-0.181899,-0.145257,-0.064556,0.028270,0.113561,0.214886,0.461554,0.927914,1.296753,3.955865
2000-11-02,0.000000,Training,-0.417993,-0.211463,-0.189721,-0.104940,-0.005856,0.074127,0.170953,0.414785,0.945456,1.395904,4.496753
2000-11-03,0.000000,Training,-0.389278,-0.186182,-0.140026,-0.068050,0.031003,0.112942,0.208623,0.446675,0.934147,1.344490,4.217252
2000-11-04,0.000000,Training,-0.376620,-0.175024,-0.134447,-0.054899,0.040110,0.123987,0.226457,0.473324,0.938133,1.315988,4.000382
2000-11-05,0.000000,Training,-0.401753,-0.199532,-0.157078,-0.082806,0.015466,0.100612,0.194619,0.441240,0.965606,1.389892,4.382720
2000-11-06,0.000000,Training,-0.410026,-0.207155,-0.167324,-0.092765,0.003869,0.089739,0.181807,0.430858,0.969045,1.393668,4.426970
2000-11-07,0.000000,Training,-0.421413,-0.219956,-0.177731,-0.062951,0.041808,0.149843,0.266179,0.570408,1.149290,1.590702,4.582055
2000-11-08,0.000000,Training,-0.416354,-0.211055,-0.179029,-0.067040,0.036009,0.137032,0.249174,0.541302,1.078456,1.486860,4.353899
2000-11-09,0.000000,Training,-0.405172,-0.202781,-0.164955,-0.060863,0.036540,0.140582,0.247666,0.534990,1.057506,1.439043,4.220872
2000-11-10,0.000000,Training,-0.388609,-0.188035,-0.150861,-0.059950,0.032590,0.127076,0.228819,0.495462,0.986200,1.360284,4.042774
2000-11-11,0.000000,Training,-0.414411,-0.218629,-0.170338,-0.084343,0.013088,0.113193,0.207756,0.480332,1.042457,1.475297,4.461164
2000-11-12,0.000000,Training,-0.474451,-0.295002,-0.263386,-0.152886,-0.029208,0.083135,0.192633,0.515435,1.278982,1.994472,6.225520
2000-11-13,0.000000,Training,-0.780186,-0.586164,-0.495504,-0.254656,0.159882,0.508246,0.845789,2.188039,6.800982,10.694871,33.540424
2000-11-14,0.000000,Training,-0.785857,-0.497474,-0.361105,0.199274,1.139285,1.901799,2.799712,6.157544,17.085491,24.279430,66.762711
2000-11-15,0.000000,Training,-0.694428,-0.421041,-0.234037,0.265246,0.827704,1.385620,1.970218,3.803412,9.112804,12.804056,32.045723
2000-11-16,0.000000,Training,-0.646185,-0.392810,-0.216190,0.218482,0.630778,1.032379,1.494802,2.745515,6.038371,8.703561,20.567034
2000-11-17,0.000000,Training,-0.608326,-0.364484,-0.188631,0.249690,0.623647,0.990346,1.429735,2.531780,5.132755,7.267249,16.437714
2000-11-18,0.000000,Training,-0.578662,-0.333773,-0.170157,0.264426,0.623966,0.971589,1.390725,2.417421,4.643570,6.387468,14.164358
2000-11-19,0.000000,Training,-0.632532,-0.384025,-0.258836,0.192694,0.586168,0.929368,1.415216,2.556752,5.243373,7.577041,17.684031
2000-11-20,0.000000,Training,-0.649063,-0.412813,-0.231819,0.235511,0.638679,1.021686,1.500469,2.699924,5.775716,8.554908,20.018724
2000-11-21,0.000000,Training,-0.605819,-0.380358,-0.234598,0.143455,0.447295,0.754421,1.115592,2.042477,4.226157,6.034277,14.056621
2000-11-22,0.000000,Training,-0.823047,-0.662139,-0.440939,0.018635,0.913350,1.424594,2.525466,5.641418,15.204444,25.703705,68.346405
2000-11-23,0.000000,Training,-0.741335,-0.462688,-0.145264,0.708733,1.888036,2.775269,4.177253,7.969650,19.011877,28.641504,73.132065
2000-11-24,0.000000,Training,-0.673572,-0.399074,-0.149102,0.510679,1.177692,1.788329,2.581682,4.607620,10.088320,14.786013,34.216434
2000-11-25,0.000000,Training,-0.680648,-0.468946,-0.217566,0.267779,0.759324,1.183732,1.695871,3.133864,7.221819,11.001620,27.049747
2000-11-26,0.000000,Training,-0.650140,-0.445566,-0.241369,0.176973,0.567754,0.898909,1.316381,2.409832,5.405934,8.129901,19.632214
2000-11-27,0.000000,Training,-0.606611,-0.403294,-0.214139,0.169471,0.503626,0.813983,1.177243,2.112172,4.517323,6.578215,15.387413
2000-11-28,0.000000,Training,-0.757236,-0.611209,-0.437707,-0.108760,0.318007,0.637706,1.147797,2.497903,6.527187,10.856904,29.029442
2000-11-29,0.000000,Training,-0.796645,-0.575326,-0.369599,0.240570,1.117932,1.758369,2.816491,5.726903,14.611178,22.933378,60.732685
2000-11-30,0.000000,Training,-0.756515,-0.508615,-0.271954,0.405886,1.285373,1.931873,2.966224,5.732210,13.894464,21.556053,55.107349
2000-12-01,0.000000,Training,-0.775515,-0.563767,-0.200037,0.630120,2.549936,3.369999,5.654498,12.636082,30.691586,50.992542,130.188354
2000-12-02,0.000000,Training,-0.708135,-0.367424,-0.028021,1.047645,2.561014,3.637399,5.443445,10.188855,23.303106,34.557774,84.138824
2000-12-03,0.000000,Training,-0.642243,-0.361756,-0.106877,0.540736,1.184689,1.796130,2.557622,4.490475,9.553317,13.640427,30.928888
2000-12-04,0.000000,Training,-0.605914,-0.361133,-0.140912,0.351776,0.809468,1.226697,1.753776,3.019248,6.180131,8.937879,20.049910
2000-12-05,0.000000,Training,-0.750596,-0.463984,-0.052047,1.097085,3.749961,5.053599,9.136954,19.321285,47.033405,75.667442,184.349976
2000-12-06,0.000000,Training,0.013267,1.073336,2.475599,8.099710,19.749138,24.454473,38.535568,76.321083,144.864685,208.471817,477.502167
2000-12-07,0.000000,Training,2.563139,6.455026,10.575602,31.274265,61.303806,76.527794,117.907761,201.142899,337.186584,454.141083,978.699036
2000-12-08,11.757065,Training,2.747331,6.717268,8.932932,23.853733,39.190983,50.102024,63.741726,96.821480,155.464859,195.481567,424.139618
2000-12-09,7.891729,Training,0.100151,1.177374,2.150911,5.694788,9.361452,12.903403,16.249372,25.228060,44.133247,56.374134,123.253899
2000-12-10,4.831671,Training,-0.347243,0.178430,0.713016,2.098705,3.605062,4.871484,6.328369,9.786994,17.878014,24.378857,51.775681
2000-12-11,2.737947,Training,-0.436697,-0.069975,0.283518,1.129884,1.972091,2.662850,3.526797,5.440556,9.638845,13.089968,26.954662
2000-12-12,1.288446,Training,-0.455891,-0.135862,0.145570,0.841395,1.485451,2.022097,2.696805,4.186414,7.259746,9.723542,19.856936
2000-12-13,0.805278,Training,-0.485459,-0.201854,0.024174,0.603453,1.108777,1.542641,2.084310,3.298609,5.747995,7.680684,15.830248
2000-12-14,0.483167,Training,-0.496008,-0.236788,-0.004066,0.543703,1.031076,1.441065,1.943069,3.085275,5.493279,7.405022,15.377482
2000-12-15,0.483167,Training,-0.489333,-0.215274,-0.007438,0.548980,1.002949,1.413305,1.885798,3.008284,5.139312,6.682229,13.820261
2000-12-16,0.322111,Training,-0.464656,-0.183566,0.039828,0.608861,1.117883,1.560936,2.025548,3.160442,5.255865,6.715217,14.034595
2000-12-17,0.322111,Training,-0.498552,-0.237871,-0.037983,0.470890,0.913010,1.309274,1.718750,2.762769,4.702677,6.052504,12.842063
2000-12-18,0.322111,Training,-0.532701,-0.288951,-0.118798,0.334996,0.685446,1.024846,1.382520,2.327284,4.113688,5.357775,11.525631
2000-12-19,0.322111,Training,-0.621068,-0.419014,-0.269951,0.133805,0.474241,0.777759,1.162162,2.123572,4.389883,6.540567,15.540011
2000-12-20,0.322111,Training,-0.748638,-0.364057,-0.067096,1.288896,4.017191,5.933531,10.058702,21.194294,53.053230,72.525764,188.088486
2000-12-21,116.121151,Training,3.587934,9.873832,14.823551,49.390121,92.201439,109.604271,177.856964,259.562012,404.162140,512.097351,951.431335
2000-12-22,377.675588,Training,22.879953,41.280277,49.827541,120.398560,167.724930,203.582031,252.729279,314.980347,468.498871,578.662598,1062.539673
2000-12-23,142.695339,Training,23.935970,38.352615,45.454220,101.936974,142.173874,169.048599,208.346130,260.709076,380.183014,473.048920,850.820679
2000-12-24,172.651697,Training,17.138027,27.676558,32.301373,75.842819,107.568924,128.901489,156.247452,202.378159,285.562653,357.348846,650.373413
2000-12-25,179.254980,Training,13.361098,22.130819,26.970003,65.442986,95.507355,116.159248,142.142487,189.911789,271.043732,344.875793,636.247864
2000-12-26,84.876347,Training,8.738490,15.712173,18.551109,46.824398,68.009880,83.909912,101.051414,138.483170,200.795883,250.260971,485.468384
2000-12-27,42.357646,Training,3.525126,7.103831,9.198145,21.184971,29.498562,38.618954,44.195000,61.166473,91.657364,109.575005,236.118881
2000-12-28,21.420406,Training,1.104735,2.797330,4.115868,9.472795,13.937487,18.204582,22.190968,31.069382,50.333031,63.109516,139.611679
2000-12-29,11.757065,Training,0.597373,1.642017,2.732874,5.736574,8.441270,11.026935,13.369028,18.146849,29.123606,36.388508,78.881813
2000-12-30,6.925395,Training,0.225174,0.950084,1.741579,3.704956,5.609540,7.195504,8.883740,12.051000,19.356932,24.483547,52.338886
2000-12-31,4.831671,Training,0.132437,0.797244,1.425267,3.115143,4.624743,5.892379,7.259885,9.857372,15.254898,18.896427,39.453476
2001-01-01,3.704281,Training,-0.116177,0.422299,0.939955,2.405265,3.881701,4.842282,6.371233,8.873156,14.747563,19.657290,42.691284
2001-01-02,4.831671,Training,-0.135327,0.403061,0.914413,2.333586,3.669000,4.688514,5.961489,8.383137,13.685684,17.845245,38.039501
2001-01-03,4.831671,Training,-0.383188,0.091705,0.518319,1.982524,3.408722,4.562429,6.427167,9.852317,17.925789,25.310549,56.662773
2001-01-04,4.187448,Training,0.011739,0.935994,1.854451,5.253567,8.861978,11.938994,15.756721,23.751642,43.140350,58.403828,143.105667
2001-01-05,19.809850,Training,0.213147,1.186944,2.453588,6.901314,12.462937,16.555632,23.066364,36.674797,66.479576,90.627380,213.462143
2001-01-06,73.280338,Training,2.118473,4.955529,6.553254,18.400743,29.588892,38.613861,50.757359,74.704529,117.805252,144.391647,289.395233
2001-01-07,23.030963,Training,2.529497,4.712669,6.640246,13.417192,19.510616,25.898172,30.090809,40.171284,61.067875,74.323685,158.569473
2001-01-08,9.663341,Training,1.653405,2.894949,4.345260,7.707592,11.132266,14.356694,16.657061,21.120117,32.320587,40.165565,89.610374
2001-01-09,11.757065,Training,0.299224,1.365198,2.363133,6.115974,9.893952,13.070510,17.593594,25.567799,43.825645,58.934124,128.452744
2001-01-10,93.090188,Training,2.468067,6.029974,9.218456,27.643816,51.012177,65.305237,92.352982,151.824554,239.685455,301.752686,610.102112
2001-01-11,221.290515,Training,5.374447,10.674796,13.696499,37.354984,61.692410,76.732315,98.617928,145.733887,212.565216,264.171631,489.266968
2001-01-12,59.590604,Training,3.393024,7.319335,9.240558,24.010235,37.864807,47.999405,58.736248,86.256935,130.344421,161.979294,326.884247
2001-01-13,16.749792,Training,0.576171,1.948727,3.218783,7.753596,12.064415,16.613836,19.885294,30.189701,49.455677,61.725822,133.178299
2001-01-14,7.891729,Training,-0.265032,0.287884,0.880601,2.313498,3.847215,5.282637,6.597434,10.180461,17.911707,23.852587,50.565773
2001-01-15,3.704281,Training,-0.269375,0.187125,0.664867,1.736375,2.867875,3.876890,4.828619,7.192980,11.960002,15.689199,32.963036
2001-01-16,1.932668,Training,-0.399459,-0.003787,0.318424,1.217838,2.100633,2.822461,3.693080,5.700261,9.724553,13.087054,27.685469
2001-01-17,1.288446,Training,-0.407169,-0.051013,0.293992,1.113825,1.901670,2.599385,3.329703,5.162697,8.738806,11.590343,24.006969
2001-01-18,2.254780,Training,-0.545795,-0.097786,0.302094,1.784928,3.505675,5.021039,7.461821,13.077164,27.390802,39.495182,91.104691
2001-01-19,2.737947,Training,-0.211436,0.571416,1.332438,4.023033,6.888083,9.811167,12.560259,20.248161,36.649216,47.883747,107.889755
2001-01-20,1.288446,Training,-0.420506,0.003263,0.481465,1.585520,2.818338,3.997368,5.068226,8.052469,14.902378,20.499727,45.156521
2001-01-21,0.805278,Training,-0.367328,0.025983,0.463667,1.408595,2.406244,3.316267,4.169598,6.388416,11.032724,14.806960,31.841867
2001-01-22,0.805278,Training,-0.446957,-0.130342,0.207957,0.954982,1.663632,2.272200,2.961473,4.704644,8.244243,11.340567,23.601948
2001-01-23,0.483167,Training,-0.513306,-0.255211,0.049651,0.667678,1.304746,1.781615,2.389661,3.919486,7.388349,10.765031,23.332506
2001-01-24,1.288446,Training,-0.603456,-0.365517,-0.116965,0.450153,1.034467,1.475338,2.086440,3.678416,7.572115,11.678753,26.732527
2001-01-25,8.697007,Training,-0.584867,-0.337557,-0.124897,0.384366,0.818707,1.242592,1.671262,2.962237,5.843230,8.349250,18.599318
2001-01-26,4.187448,Training,-0.577030,-0.331643,-0.120194,0.392487,0.827206,1.237964,1.672680,2.952229,5.753312,8.278396,18.331974
2001-01-27,2.737947,Training,-0.597752,-0.377001,-0.127463,0.393942,0.890017,1.302395,1.770896,3.131106,6.365203,9.689793,22.142170
2001-01-28,1.288446,Training,-0.563882,-0.335698,-0.137043,0.313567,0.678762,1.045521,1.400706,2.482710,4.716884,6.607927,14.493899
2001-01-29,0.805278,Training,-0.551666,-0.336052,-0.169183,0.203862,0.510220,0.825713,1.104924,1.995032,3.739603,5.113214,11.352451
2001-01-30,0.483167,Training,-0.537924,-0.331236,-0.190353,0.129947,0.381828,0.649791,0.878318,1.634115,3.054476,4.140121,9.334185
2001-01-31,0.322111,Training,-0.506556,-0.313151,-0.205373,0.039160,0.218965,0.420401,0.585231,1.165533,2.211250,3.014720,7.090481
2001-02-01,0.322111,Training,-0.505894,-0.314963,-0.206079,0.034586,0.211675,0.409675,0.569902,1.141214,2.171428,2.973454,7.004834
2001-02-02,0.161056,Training,-0.509709,-0.316923,-0.209254,0.035492,0.211456,0.412309,0.570808,1.144651,2.174586,2.959237,6.971947
2001-02-03,0.161056,Training,-0.521659,-0.323339,-0.215884,0.043922,0.235323,0.448957,0.617742,1.216271,2.299078,3.099904,7.281549
2001-02-04,0.000000,Training,-0.500452,-0.307714,-0.217438,0.001966,0.161109,0.340993,0.479867,0.992345,1.902505,2.588615,6.307662
2001-02-05,0.000000,Training,-0.514165,-0.332596,-0.219474,0.002166,0.174670,0.361032,0.501572,1.037029,2.068558,2.934957,7.135469
2001-02-06,0.000000,Training,-0.581545,-0.401101,-0.281342,-0.020306,0.228361,0.457470,0.654411,1.361200,3.141224,4.932594,12.867682
2001-02-07,101.948250,Training,0.067288,1.694593,3.355718,12.064664,26.702307,33.439476,46.123863,90.149872,189.477112,238.679962,496.252655
2001-02-08,15.461346,Training,0.013009,1.288090,2.372107,7.550276,15.595442,20.548016,26.843096,48.803539,92.319214,119.683243,256.285126
2001-02-09,3.221114,Training,-0.450464,0.079859,0.652620,2.277554,4.247322,6.109460,7.572685,13.319533,26.568005,36.434105,79.655609
2001-02-10,1.127390,Training,-0.560589,-0.264311,0.091385,0.730277,1.473538,2.117337,2.715327,4.813199,9.953666,14.815078,32.127060
2001-02-11,0.322111,Training,-0.561425,-0.339363,-0.077956,0.335934,0.784135,1.158567,1.546179,2.755502,5.669609,8.519589,18.843275
2001-02-12,0.161056,Training,-0.529349,-0.325627,-0.139816,0.172077,0.477187,0.749303,1.023400,1.871023,3.743019,5.458028,12.295181
2001-02-13,0.000000,Training,-0.516270,-0.316394,-0.157628,0.140504,0.407672,0.657184,0.907119,1.666216,3.220023,4.597088,10.327597
2001-02-14,0.000000,Training,-0.503849,-0.306633,-0.172884,0.103401,0.333983,0.559848,0.779439,1.453410,2.749225,3.856947,8.760686
2001-02-15,0.000000,Training,-0.484351,-0.284874,-0.181525,0.065447,0.256344,0.456688,0.640488,1.223177,2.260175,3.074372,7.156241
2001-02-16,0.000000,Training,-0.483922,-0.287229,-0.189278,0.046014,0.223988,0.414818,0.583555,1.134783,2.100017,2.847388,6.716804
2001-02-17,0.000000,Training,-0.484520,-0.291595,-0.194791,0.030188,0.199477,0.382479,0.539431,1.067595,1.988878,2.707575,6.456184
2001-02-18,0.000000,Training,-0.484837,-0.295091,-0.199087,0.016313,0.178478,0.354959,0.501400,1.009528,1.896492,2.593909,6.252383
2001-02-19,0.000000,Training,-0.578594,-0.352739,-0.233211,0.125434,0.507331,0.826668,1.169430,2.078251,4.529371,6.745574,16.672682
2001-02-20,0.483167,Training,-0.699669,-0.447556,-0.253377,0.217912,0.731500,1.273854,1.637454,3.260336,7.881009,11.372183,29.672361
2001-02-21,0.000000,Training,-0.612127,-0.393959,-0.224378,0.099532,0.407793,0.727962,0.932725,1.886333,4.229228,6.329211,15.478424
2001-02-22,0.000000,Training,-0.601002,-0.385269,-0.195074,0.173957,0.497290,0.825893,1.093525,2.081836,4.379132,6.532819,15.059148
2001-02-23,0.000000,Training,-0.590010,-0.373923,-0.233070,0.114686,0.406549,0.679179,0.935591,1.800668,3.731076,5.556122,12.980828
2001-02-24,0.000000,Training,-0.573818,-0.362455,-0.223810,0.092216,0.342473,0.598451,0.813724,1.578829,3.248596,4.733029,11.137353
2001-02-25,0.000000,Training,-0.529690,-0.330686,-0.212215,0.039079,0.232946,0.444962,0.607650,1.218232,2.468151,3.512173,8.405974
2001-02-26,0.000000,Training,-0.497366,-0.303305,-0.213112,-0.009303,0.149321,0.325961,0.452219,0.949822,1.893441,2.630521,6.557829
2001-02-27,0.000000,Training,-0.484973,-0.291867,-0.211693,-0.023168,0.129234,0.295693,0.415921,0.879005,1.728683,2.374581,5.993248
2001-02-28,0.000000,Training,-0.484107,-0.290390,-0.215486,-0.029893,0.123700,0.286924,0.406551,0.859364,1.685795,2.318155,5.888165
2001-03-01,5.475893,Training,-0.635553,-0.325174,-0.118505,0.492195,1.094324,1.654078,2.022217,3.807851,9.744864,15.558887,40.869286
2001-03-02,244.643590,Training,1.493168,5.041280,9.147348,29.541176,59.529392,74.888390,90.833031,163.535065,267.208710,318.087250,546.163635
2001-03-03,305.039473,Training,2.100777,5.324567,8.349027,24.514666,54.138294,62.084579,81.402618,145.180511,227.518539,310.785858,562.009583
2001-03-04,84.876347,Training,4.265242,9.696592,15.514481,44.231453,87.051025,105.010979,127.435799,214.580841,315.553436,428.003113,745.230530
2001-03-05,56.369491,Training,1.262807,3.472643,5.812433,15.662647,32.132618,38.300537,48.028671,86.433289,144.674973,206.204529,441.005890
2001-03-06,8.697007,Training,-0.019602,0.803730,2.231744,5.845488,12.809860,15.569009,19.996206,38.903545,72.449623,110.359825,256.299927
2001-03-07,2.737947,Training,-0.179795,0.575757,1.565791,4.495606,8.929818,11.581302,14.914680,26.894424,52.202629,76.588295,170.945328
2001-03-08,0.644223,Training,-0.138359,0.642847,1.536771,4.325043,7.904319,10.460720,13.336147,22.384378,41.564976,58.918236,131.975235
2001-03-09,0.000000,Training,-0.121063,0.516511,1.480633,3.673130,6.458636,8.717831,10.824229,17.364758,31.646696,44.380283,106.242577
2001-03-10,0.000000,Training,-0.452743,-0.123957,0.394966,1.350756,2.497622,3.423821,4.346325,7.111756,13.642973,19.957018,45.881550
2001-03-11,0.000000,Training,-0.445245,-0.146206,0.278923,1.081746,1.959622,2.672870,3.414146,5.421626,9.876357,14.177411,30.917902
2001-03-12,0.000000,Training,-0.470190,-0.199052,0.126374,0.782004,1.424106,1.964313,2.541002,4.071331,7.164629,10.112794,21.294130
2001-03-13,0.000000,Training,-0.476560,-0.207440,0.052903,0.638314,1.142704,1.613000,2.083212,3.372859,5.732458,7.790223,16.170725
2001-03-14,0.000000,Training,-0.514454,-0.290282,-0.062823,0.398759,0.802006,1.169372,1.539984,2.589179,4.616416,6.468055,13.755235
2001-03-15,0.000000,Training,-0.525928,-0.310903,-0.105134,0.316629,0.670110,1.002666,1.327769,2.280791,4.101908,5.747800,12.378201
2001-03-16,0.000000,Training,-0.546649,-0.334757,-0.149359,0.258999,0.589342,0.897803,1.207425,2.126724,3.905012,5.578933,12.338030
2001-03-17,0.000000,Training,-0.553168,-0.340830,-0.166102,0.225166,0.522963,0.824579,1.101824,1.973831,3.648088,5.182211,11.543064
2001-03-18,0.000000,Training,-0.569677,-0.364228,-0.200709,0.173056,0.454175,0.739257,0.999235,1.839078,3.520617,5.151932,11.794151
2001-03-19,0.000000,Training,-0.574974,-0.377655,-0.198082,0.164351,0.435211,0.730290,0.966101,1.788913,3.479192,5.104460,11.688019
2001-03-20,0.000000,Training,-0.568750,-0.378137,-0.215578,0.107481,0.339345,0.602588,0.801596,1.531732,3.025894,4.439890,10.284764
2001-03-21,0.000000,Training,-0.554593,-0.375332,-0.234169,0.021712,0.204654,0.420799,0.558878,1.152050,2.394660,3.567349,8.709435
2001-03-22,0.000000,Training,-0.531371,-0.352678,-0.233390,-0.018198,0.134055,0.318938,0.427992,0.933800,1.975760,2.932711,7.406892
2001-03-23,0.000000,Training,-0.493920,-0.314214,-0.218486,-0.051771,0.069092,0.221961,0.298501,0.712264,1.539822,2.273362,6.060128
2001-03-24,0.000000,Training,-0.474760,-0.290997,-0.213956,-0.050305,0.067837,0.207582,0.286531,0.678880,1.434173,2.122476,5.697517
2001-03-25,0.000000,Training,-0.455264,-0.263957,-0.200676,-0.041594,0.070051,0.201959,0.277084,0.646252,1.327875,1.947439,5.258085
2001-03-26,0.000000,Training,-0.440344,-0.250456,-0.193737,-0.046066,0.066169,0.188807,0.252303,0.598058,1.242707,1.870963,5.223584
2001-03-27,0.000000,Training,-0.443733,-0.243688,-0.188252,-0.040699,0.071115,0.196613,0.256293,0.597114,1.230070,1.807167,5.101878
2001-03-28,0.000000,Training,-0.423621,-0.229819,-0.163721,-0.038417,0.060150,0.183161,0.233999,0.553523,1.139151,1.651316,4.685553
2001-03-29,0.000000,Training,-0.429710,-0.240920,-0.174650,-0.048118,0.054942,0.172923,0.221213,0.545599,1.167022,1.752992,5.006694
2001-03-30,0.000000,Training,-0.437475,-0.250120,-0.175675,-0.049462,0.047902,0.173293,0.216261,0.546949,1.196747,1.789747,5.104899
2001-03-31,0.000000,Training,-0.428499,-0.238407,-0.166836,-0.071003,0.006693,0.114006,0.138027,0.425200,1.000813,1.526088,4.685326
2001-04-01,0.000000,Training,-0.416393,-0.228451,-0.160716,-0.060353,0.022629,0.130203,0.163829,0.458025,1.031736,1.542295,4.591943
2001-04-02,0.000000,Training,-0.408496,-0.218274,-0.157667,-0.055677,0.026027,0.129911,0.166897,0.457552,1.012052,1.503740,4.451558
2001-04-03,0.000000,Training,-0.399769,-0.204413,-0.150208,-0.029853,0.053305,0.164414,0.217744,0.522909,1.068962,1.543822,4.309415
2001-04-04,0.000000,Training,-0.381835,-0.188382,-0.146438,-0.033222,0.050946,0.146968,0.197730,0.481033,0.977621,1.450344,4.176640
2001-04-05,0.000000,Training,-0.399132,-0.199313,-0.143957,-0.054550,0.014492,0.109657,0.131349,0.388850,0.892702,1.360258,4.252371
2001-04-06,0.000000,Training,-0.366000,-0.167075,-0.116048,-0.056381,0.005599,0.081624,0.105252,0.323436,0.730433,1.101203,3.609399
2001-04-07,0.000000,Training,-0.362273,-0.168872,-0.118486,-0.042759,0.028497,0.112911,0.146802,0.386136,0.814477,1.200655,3.676062
2001-04-08,0.000000,Training,-0.346392,-0.150694,-0.106249,-0.039965,0.026083,0.102660,0.136598,0.360973,0.752896,1.105160,3.446178
2001-04-09,0.000000,Training,-0.355762,-0.139776,-0.100529,-0.054163,-0.008697,0.052683,0.076254,0.259415,0.592735,0.893077,3.081321
2001-04-10,0.000000,Training,-0.379948,-0.141616,-0.106880,-0.055337,-0.021241,0.040164,0.060734,0.226169,0.544939,0.818374,2.886147
2001-04-11,0.000000,Training,-0.405172,-0.152314,-0.121726,-0.050313,-0.023880,0.045471,0.059604,0.227939,0.574090,0.869333,2.994488
2001-04-12,0.000000,Training,-0.366088,-0.136869,-0.103975,-0.049234,-0.015322,0.047021,0.063678,0.236453,0.564937,0.863268,2.983764
2001-04-13,0.000000,Training,-0.339502,-0.120079,-0.088592,-0.044756,-0.008054,0.047639,0.066578,0.233526,0.538725,0.822170,2.882924
2001-04-14,0.000000,Training,-0.313132,-0.095483,-0.065607,-0.041672,-0.006365,0.035679,0.057938,0.200696,0.450925,0.690051,2.564526
2001-04-15,0.000000,Training,-0.288385,-0.077604,-0.042965,-0.038217,0.001779,0.031670,0.060847,0.188359,0.394248,0.597955,2.314272
2001-04-16,0.000000,Training,-0.296116,-0.076443,-0.046267,-0.038814,-0.005150,0.024241,0.051248,0.171643,0.372358,0.574653,2.272145
2001-04-17,0.000000,Training,-0.256443,-0.058055,-0.019829,-0.016969,0.031540,0.059076,0.098731,0.224646,0.408117,0.610986,2.212596
2001-04-18,0.000000,Training,-0.253994,-0.049898,-0.013059,-0.020839,0.023672,0.042288,0.078752,0.189891,0.355464,0.543766,2.114800
2001-04-19,0.000000,Training,-0.266067,-0.056109,-0.020667,-0.026157,0.015150,0.034592,0.068611,0.179261,0.348966,0.535354,2.129938
2001-04-20,0.000000,Training,-0.266499,-0.058098,-0.023190,-0.025308,0.016831,0.038284,0.071120,0.184447,0.361059,0.555176,2.172363
2001-04-21,0.000000,Training,-0.276780,-0.063080,-0.029288,-0.029657,0.009275,0.030950,0.061106,0.172797,0.350137,0.541972,2.167698
2001-04-22,0.000000,Training,-0.265411,-0.056526,-0.025722,-0.020091,0.020369,0.045750,0.077149,0.192911,0.379204,0.586068,2.232307
2001-04-23,0.000000,Training,-0.263727,-0.050092,-0.012573,-0.026065,0.013825,0.024015,0.058139,0.153124,0.295271,0.467639,1.971699
2001-04-24,0.000000,Training,-0.258026,-0.046690,-0.010611,-0.021638,0.021010,0.030439,0.066586,0.161905,0.303982,0.482863,1.989830
2001-04-25,0.000000,Training,-0.263308,-0.052317,-0.014998,-0.023589,0.018011,0.031698,0.065565,0.165573,0.316764,0.496561,2.023082
2001-04-26,0.000000,Training,-0.265498,-0.050167,-0.013415,-0.024903,0.014024,0.023991,0.057562,0.150826,0.291342,0.463311,1.961645
2001-04-27,0.000000,Training,-0.254284,-0.042115,-0.003948,-0.019193,0.021158,0.027865,0.063635,0.151764,0.281320,0.451665,1.907680
2001-04-28,0.000000,Training,-0.279806,-0.052711,-0.016479,-0.030610,0.001244,0.006418,0.038276,0.118697,0.238113,0.393879,1.819411
2001-04-29,0.000000,Training,-0.264141,-0.047575,-0.010858,-0.024488,0.012553,0.019673,0.052881,0.140201,0.269648,0.434564,1.889285
2001-04-30,0.000000,Training,-0.258350,-0.061181,-0.037499,-0.008368,0.036144,0.056989,0.102808,0.212087,0.343406,0.557077,2.020010
2001-05-01,,,-0.237693,0.245606,0.338034,0.536754,0.822838,0.942584,1.100133,1.677714,3.102847,4.378630,12.803141
2001-05-02,,,-0.247523,0.232707,0.325843,0.529023,0.814529,0.938924,1.087943,1.676798,3.143060,4.451936,13.065475
2001-05-16,,,,,,,,,,,,,
2001-05-17,,,,,,,,,,,,,
2001-05-18,0.000000,Training,0.587577,3.401180,6.049628,17.588505,31.548195,40.051872,48.802818,70.377861,98.267342,131.077530,227.229019
2001-06-03,0.000000,Training,,,,,,,,,,,
2001-06-04,0.000000,Training,,,,,,,,,,,
2001-06-05,0.000000,Training,-0.331692,-0.043594,-0.031161,-0.019839,-0.031931,-0.037089,-0.020069,-0.000545,0.041997,0.162351,1.310556
2001-06-06,0.000000,Training,-0.339086,-0.049984,-0.034788,-0.020423,-0.032892,-0.036141,-0.021065,0.000129,0.043079,0.163606,1.305612
2001-06-07,0.000000,Training,-0.336531,-0.053016,-0.032776,-0.026038,-0.032200,-0.037506,-0.019113,0.004584,0.049592,0.168138,1.312508
2001-06-08,0.000000,Training,-0.332050,-0.052956,-0.030331,-0.027969,-0.030732,-0.037137,-0.016944,0.008602,0.056018,0.174842,1.326913
2001-06-09,0.000000,Training,-0.332105,-0.056961,-0.042410,-0.034634,-0.028146,-0.039249,-0.013408,0.015964,0.068567,0.205483,1.410157
2001-06-10,0.000000,Training,-0.321301,-0.051199,-0.028368,-0.030048,-0.021989,-0.030578,-0.005833,0.027432,0.088218,0.220834,1.447597
2001-06-11,0.000000,Training,-0.330090,-0.055998,-0.029760,-0.029470,-0.026123,-0.031788,-0.009436,0.021826,0.078727,0.204695,1.402522
2001-06-12,0.000000,Training,-0.328279,-0.055941,-0.029829,-0.030399,-0.027342,-0.033162,-0.010855,0.021119,0.079129,0.204206,1.399973
2001-06-13,0.000000,Training,-0.338488,-0.059150,-0.034383,-0.030137,-0.031270,-0.036037,-0.015569,0.013311,0.065760,0.186406,1.355514
2001-06-14,0.000000,Training,-0.345553,-0.061014,-0.037217,-0.029206,-0.033365,-0.037488,-0.018493,0.007900,0.055574,0.173432,1.324026
2001-06-15,0.000000,Training,-0.316589,-0.049636,-0.024549,-0.029357,-0.024701,-0.031736,-0.008012,0.025867,0.085731,0.211352,1.418459
2001-06-16,0.000000,Training,-0.309565,-0.046406,-0.021094,-0.028531,-0.022297,-0.029951,-0.005438,0.029787,0.091316,0.217998,1.433276
2001-06-17,0.000000,Training,-0.321233,-0.050859,-0.026218,-0.029378,-0.027139,-0.033639,-0.010570,0.021656,0.078115,0.199994,1.387667
2001-06-18,0.000000,Training,-0.343916,-0.059427,-0.036097,-0.028933,-0.033889,-0.038138,-0.018956,0.007229,0.053673,0.169239,1.313046
2001-06-19,0.000000,Training,-0.342876,-0.059370,-0.036035,-0.029645,-0.033877,-0.038336,-0.018808,0.007986,0.055807,0.172182,1.322928
2001-06-20,0.000000,Training,-0.328877,-0.054400,-0.030147,-0.030561,-0.030006,-0.036033,-0.013887,0.016846,0.071398,0.191973,1.373203
2001-06-21,0.000000,Training,-0.345383,-0.060491,-0.036976,-0.029755,-0.034567,-0.038824,-0.019741,0.006471,0.053061,0.168686,1.315353
2001-06-22,0.000000,Training,-0.356168,-0.064306,-0.041235,-0.028151,-0.036495,-0.039561,-0.022721,0.000431,0.041287,0.154749,1.282385
2001-06-23,0.000000,Training,-0.370766,-0.070006,-0.047083,-0.024862,-0.037598,-0.038672,-0.025071,-0.005183,0.028661,0.141603,1.254051
2001-06-24,0.000000,Training,-0.354785,-0.065122,-0.041685,-0.030097,-0.035764,-0.039002,-0.021031,0.004130,0.050677,0.167993,1.323731
2001-06-25,0.000000,Training,-0.340437,-0.059668,-0.035334,-0.031260,-0.032520,-0.037493,-0.016603,0.012019,0.064773,0.185006,1.364583
2001-06-26,0.000000,Training,-0.317485,-0.049249,-0.024580,-0.030031,-0.026171,-0.033541,-0.009473,0.023321,0.082318,0.206265,1.412535
2001-06-27,0.000000,Training,-0.313799,-0.043039,-0.022366,-0.026835,-0.027391,-0.035765,-0.013416,0.013482,0.066857,0.189774,1.382954
2001-06-28,0.000000,Training,-0.336079,-0.056448,-0.031826,-0.031069,-0.032988,-0.039215,-0.017707,0.008698,0.057953,0.173907,1.334259
2001-06-29,0.000000,Training,-0.354671,-0.064927,-0.040025,-0.030515,-0.036568,-0.040313,-0.021838,0.001950,0.045674,0.158301,1.295615
2001-06-30,0.000000,Training,-0.359684,-0.067272,-0.042415,-0.030345,-0.037230,-0.040418,-0.022751,0.000301,0.043138,0.156083,1.294279
2001-07-01,0.000000,Training,-0.360383,-0.068216,-0.043155,-0.031005,-0.037089,-0.040083,-0.022167,0.001659,0.046571,0.160863,1.309288
2001-07-02,0.000000,Training,-0.355572,-0.066732,-0.041227,-0.032143,-0.036173,-0.039724,-0.020458,0.005072,0.053463,0.168998,1.329953
2001-07-03,0.000000,Training,-0.352397,-0.065263,-0.039480,-0.032470,-0.035612,-0.039840,-0.019786,0.005945,0.054859,0.170281,1.332986
2001-07-04,0.000000,Training,-0.322841,-0.053483,-0.026415,-0.032764,-0.027278,-0.034926,-0.009617,0.023162,0.083636,0.206636,1.420747
2001-07-05,0.000000,Training,-0.306687,-0.046671,-0.019083,-0.030932,-0.020916,-0.029595,-0.002317,0.034703,0.101657,0.229176,1.472728
2001-07-06,0.000000,Training,-0.323062,-0.053626,-0.035866,-0.036420,-0.025214,-0.035936,-0.006527,0.028543,0.094286,0.229853,1.485679
2001-07-07,0.000000,Training,-0.327352,-0.056132,-0.028484,-0.033092,-0.026773,-0.032916,-0.007431,0.027320,0.091557,0.216278,1.446696
2001-07-08,0.000000,Training,-0.327330,-0.056518,-0.028378,-0.033225,-0.026731,-0.033055,-0.007016,0.027423,0.091328,0.215586,1.444038
2001-07-09,0.000000,Training,-0.329574,-0.057745,-0.032167,-0.035275,-0.027567,-0.034797,-0.007827,0.027177,0.093169,0.219749,1.457577
2001-07-10,0.000000,Training,-0.349048,-0.065734,-0.038350,-0.034215,-0.033553,-0.036983,-0.014418,0.016254,0.074245,0.192182,1.389006
2001-07-11,0.000000,Training,-0.369030,-0.073337,-0.046138,-0.031301,-0.036407,-0.037239,-0.018578,0.007338,0.056160,0.170130,1.337413
2001-07-12,0.000000,Training,-0.364774,-0.072132,-0.044779,-0.033163,-0.036026,-0.037792,-0.017638,0.009629,0.062221,0.177751,1.360519
2001-07-13,0.000000,Training,-0.369221,-0.074020,-0.046298,-0.032493,-0.036125,-0.037362,-0.017851,0.008484,0.059404,0.174625,1.355336
2001-07-14,0.000000,Training,-0.336907,-0.060957,-0.032533,-0.035007,-0.029350,-0.034964,-0.008868,0.024926,0.088862,0.211068,1.442286
2001-07-15,0.000000,Training,-0.331756,-0.058743,-0.029902,-0.034606,-0.027740,-0.033664,-0.006686,0.028464,0.094007,0.216625,1.452774
2001-07-16,0.000000,Training,-0.326636,-0.056516,-0.027303,-0.034192,-0.026337,-0.032285,-0.004483,0.032268,0.099709,0.222235,1.462597
2001-07-17,0.000000,Training,-0.334451,-0.060022,-0.030730,-0.034834,-0.028679,-0.033497,-0.006511,0.029122,0.095238,0.215374,1.446497
2001-07-18,0.000000,Training,-0.314539,-0.051697,-0.021798,-0.033287,-0.021340,-0.028324,0.001660,0.042016,0.114988,0.241462,1.508333
2001-07-19,0.000000,Training,-0.312934,-0.051064,-0.020825,-0.033132,-0.020413,-0.027531,0.002943,0.043884,0.117717,0.244492,1.515201
2001-07-20,0.000000,Training,-0.339580,-0.062519,-0.032217,-0.035382,-0.029376,-0.033450,-0.006222,0.029030,0.095057,0.213157,1.441756
2001-07-21,0.000000,Training,-0.350675,-0.067162,-0.036733,-0.035500,-0.031804,-0.034671,-0.008982,0.023823,0.086524,0.201887,1.417204
2001-07-22,0.000000,Training,-0.365373,-0.073157,-0.042259,-0.034241,-0.033844,-0.035258,-0.012106,0.016919,0.073551,0.186326,1.384548
2001-07-23,0.000000,Training,-0.361771,-0.071764,-0.041006,-0.035141,-0.033224,-0.035203,-0.011041,0.018780,0.078554,0.193348,1.406600
2001-07-24,0.000000,Training,-0.329256,-0.055731,-0.027178,-0.033840,-0.026221,-0.032621,-0.004132,0.029204,0.097586,0.221822,1.483799
2001-07-25,0.000000,Training,-0.332159,-0.060693,-0.027756,-0.036344,-0.025246,-0.030897,-0.000572,0.037019,0.108819,0.231189,1.493307
2001-07-26,0.000000,Training,-0.334510,-0.061520,-0.028383,-0.036423,-0.025964,-0.031078,-0.000818,0.036315,0.107719,0.228430,1.485710
2001-07-27,0.000000,Training,-0.330220,-0.059232,-0.026270,-0.035910,-0.024561,-0.030306,0.000685,0.038102,0.110693,0.232866,1.499005
2001-07-28,0.000000,Training,-0.334889,-0.062543,-0.028430,-0.036993,-0.025194,-0.029914,0.001226,0.039812,0.114306,0.235973,1.505701
2001-07-29,0.000000,Training,-0.330456,-0.060934,-0.026431,-0.036876,-0.023231,-0.028382,0.003946,0.044197,0.121343,0.245026,1.527513
2001-07-30,0.000000,Training,-0.353359,-0.071337,-0.047640,-0.044892,-0.029645,-0.037045,-0.002336,0.034474,0.110623,0.242564,1.540888
2001-07-31,0.000000,Training,-0.333104,-0.062954,-0.027238,-0.037401,-0.020966,-0.025842,0.007426,0.049393,0.130930,0.259681,1.572078
2001-08-01,0.000000,Training,-0.329308,-0.061567,-0.024856,-0.036867,-0.019125,-0.024714,0.009862,0.051981,0.133895,0.263285,1.578501
2001-08-02,0.000000,Training,-0.341243,-0.067444,-0.030394,-0.038860,-0.023707,-0.027746,0.005449,0.045531,0.125976,0.251338,1.551924
2001-08-03,0.000000,Training,-0.358548,-0.074490,-0.037172,-0.038908,-0.027367,-0.029025,0.001946,0.038417,0.114382,0.234431,1.515086
2001-08-04,0.000000,Training,-0.369373,-0.079196,-0.041136,-0.038237,-0.028297,-0.028628,0.001211,0.035717,0.109202,0.227634,1.503807
2001-08-05,0.000000,Training,-0.364933,-0.077353,-0.039305,-0.039053,-0.027418,-0.028532,0.002661,0.038228,0.114503,0.234685,1.524050
2001-08-06,0.000000,Training,-0.374225,-0.081736,-0.042550,-0.038206,-0.027533,-0.027364,0.002988,0.036999,0.111730,0.231453,1.521391
2001-08-07,0.000000,Training,-0.378407,-0.083969,-0.044091,-0.037868,-0.027015,-0.025928,0.004488,0.038699,0.114766,0.235349,1.534721
2001-08-08,0.000000,Training,-0.362796,-0.077419,-0.038503,-0.039988,-0.025234,-0.025808,0.007587,0.046135,0.130320,0.254978,1.581152
2001-08-09,0.000000,Training,-0.358900,-0.075870,-0.036581,-0.040181,-0.024133,-0.025008,0.009512,0.049278,0.135454,0.260861,1.593355
2001-08-10,0.000000,Training,-0.362912,-0.077504,-0.037501,-0.040110,-0.024425,-0.024851,0.009645,0.048369,0.133359,0.256928,1.583825
2001-08-11,0.000000,Training,-0.353866,-0.073426,-0.033534,-0.040458,-0.022582,-0.024379,0.011986,0.052321,0.140104,0.265981,1.605259
2001-08-12,0.000000,Training,-0.354498,-0.073980,-0.033675,-0.040737,-0.022153,-0.023755,0.013148,0.053785,0.143096,0.269732,1.616376
2001-08-13,0.000000,Training,-0.342051,-0.068410,-0.028383,-0.040221,-0.018867,-0.021940,0.017121,0.060568,0.153772,0.284439,1.649587
2001-08-14,0.000000,Training,-0.337136,-0.066229,-0.026268,-0.039948,-0.016930,-0.020638,0.019657,0.064313,0.159833,0.292984,1.670608
2001-08-15,0.000000,Training,-0.337352,-0.066464,-0.026232,-0.040094,-0.016600,-0.019980,0.020774,0.065786,0.162976,0.296832,1.681487
2001-08-16,0.000000,Training,-0.332781,-0.064122,-0.024480,-0.039589,-0.015003,-0.018806,0.022775,0.068574,0.168193,0.304932,1.703688
2001-08-17,0.000000,Training,-0.318989,-0.054972,-0.019177,-0.036371,-0.011766,-0.017141,0.024353,0.069066,0.170444,0.314169,1.737989
2001-08-18,0.000000,Training,-0.332763,-0.065385,-0.023965,-0.041107,-0.013857,-0.018384,0.025053,0.071315,0.173203,0.311076,1.722162
2001-08-19,0.000000,Training,-0.329827,-0.064261,-0.022826,-0.041000,-0.012528,-0.017238,0.026998,0.074246,0.178543,0.318729,1.743022
2001-08-20,0.000000,Training,-0.345897,-0.072388,-0.030262,-0.043733,-0.016962,-0.019349,0.024011,0.069353,0.174373,0.311273,1.733462
2001-08-21,0.000000,Training,-0.346817,-0.073353,-0.031206,-0.044486,-0.016855,-0.018863,0.025088,0.071298,0.179206,0.317890,1.753695
2001-08-22,0.000000,Training,-0.349961,-0.075324,-0.032968,-0.045514,-0.017326,-0.018853,0.025489,0.071893,0.181883,0.321407,1.767138
2001-08-23,0.000000,Training,-0.361498,-0.081277,-0.037924,-0.046981,-0.019070,-0.019192,0.024858,0.069659,0.180478,0.318802,1.769631
2001-08-24,0.000000,Training,-0.362047,-0.081943,-0.039034,-0.048007,-0.018941,-0.019082,0.025871,0.071419,0.185260,0.325834,1.791941
2001-08-25,0.000000,Training,-0.360671,-0.081125,-0.048658,-0.053814,-0.019208,-0.023737,0.026190,0.073633,0.193926,0.349271,1.867128
2001-08-26,0.000000,Training,-0.341122,-0.073241,-0.031239,-0.046913,-0.012188,-0.014538,0.033465,0.085250,0.208425,0.362593,1.885305
2001-08-27,0.000000,Training,-0.335199,-0.071132,-0.029099,-0.046546,-0.010055,-0.012863,0.036510,0.089887,0.215930,0.372947,1.908471
2001-08-28,0.000000,Training,-0.338433,-0.073670,-0.033092,-0.049040,-0.011292,-0.014014,0.036179,0.090458,0.220950,0.381287,1.937402
2001-08-29,0.000000,Training,-0.344080,-0.076547,-0.034989,-0.050112,-0.013539,-0.014972,0.035033,0.088553,0.219263,0.376440,1.927604
2001-08-30,0.000000,Training,-0.343905,-0.076735,-0.035487,-0.050850,-0.013927,-0.015194,0.035349,0.089401,0.221744,0.379218,1.936151
2001-08-31,0.000000,Training,-0.355512,-0.082786,-0.041146,-0.053490,-0.017423,-0.017255,0.033001,0.085423,0.218767,0.373344,1.930225
2001-09-01,0.000000,Training,-0.354751,-0.082815,-0.041729,-0.054291,-0.017618,-0.017416,0.033360,0.086518,0.222091,0.378123,1.945344
2001-09-02,0.000000,Training,-0.346272,-0.079297,-0.039175,-0.054025,-0.015758,-0.016373,0.035416,0.090982,0.229507,0.389618,1.972621
2001-09-03,0.000000,Training,-0.352099,-0.082740,-0.042570,-0.055771,-0.017476,-0.017134,0.034806,0.090249,0.231114,0.390825,1.981200
2001-09-04,0.000000,Training,-0.347844,-0.080532,-0.044960,-0.057328,-0.016134,-0.017735,0.036441,0.093707,0.238980,0.406391,2.027281
2001-09-05,0.000000,Training,-0.342938,-0.079711,-0.041008,-0.055927,-0.014837,-0.014805,0.038485,0.098072,0.246220,0.414142,2.042945
2001-09-06,0.000000,Training,-0.335492,-0.076920,-0.039227,-0.055454,-0.012383,-0.012785,0.041441,0.103642,0.255797,0.428420,2.077823
2001-09-07,0.000000,Training,-0.350572,-0.085411,-0.046897,-0.059086,-0.017334,-0.015350,0.038664,0.100004,0.255479,0.425243,2.079396
2001-09-08,0.000000,Training,-0.360314,-0.090699,-0.051995,-0.061325,-0.019872,-0.016410,0.037679,0.098451,0.256613,0.424714,2.086024
2001-09-09,0.000000,Training,-0.361570,-0.091996,-0.053748,-0.062527,-0.020638,-0.016732,0.037698,0.099441,0.260374,0.429555,2.101691
2001-09-10,0.000000,Training,-0.369637,-0.096657,-0.058230,-0.064253,-0.022097,-0.016845,0.037757,0.099579,0.264234,0.433524,2.120306
2001-09-11,0.000000,Training,-0.345262,-0.085680,-0.050187,-0.061982,-0.017512,-0.014382,0.041305,0.108696,0.277219,0.456854,2.168166
2001-09-12,0.000000,Training,-0.335701,-0.080226,-0.049221,-0.060848,-0.016717,-0.013796,0.040782,0.108675,0.282150,0.471132,2.215043
2001-09-13,0.000000,Training,-0.341954,-0.085337,-0.048464,-0.062571,-0.016107,-0.014017,0.043275,0.111651,0.280333,0.458746,2.168913
2001-09-14,0.000000,Training,-0.356570,-0.092947,-0.055511,-0.065777,-0.020463,-0.016446,0.040822,0.107677,0.278707,0.453233,2.164541
2001-09-15,0.000000,Training,-0.352872,-0.091652,-0.055105,-0.065981,-0.020163,-0.016265,0.041259,0.109444,0.282521,0.459651,2.181594
2001-09-16,0.000000,Training,-0.355458,-0.093743,-0.056807,-0.066981,-0.020662,-0.016057,0.041887,0.111203,0.286702,0.463531,2.192216
2001-09-17,0.000000,Training,-0.354276,-0.093874,-0.057261,-0.067419,-0.020410,-0.015539,0.042916,0.113760,0.291901,0.470446,2.209697
2001-09-18,0.000000,Training,-0.337095,-0.086573,-0.051073,-0.064823,-0.015071,-0.011347,0.047875,0.123382,0.304839,0.490902,2.252398
2001-09-19,0.000000,Training,-0.326757,-0.082267,-0.047825,-0.062932,-0.010725,-0.007355,0.052498,0.131435,0.317208,0.508584,2.292511
2001-09-20,0.000000,Training,-0.324424,-0.081415,-0.049232,-0.063052,-0.008831,-0.005801,0.055283,0.136234,0.326466,0.522719,2.331270
2001-09-21,0.000000,Training,-0.424821,-0.108596,-0.044826,0.070858,0.209109,0.235962,0.372305,0.484940,0.959006,1.642804,6.763731
2001-09-22,0.000000,Training,-0.538951,-0.155267,-0.114409,0.044687,0.263238,0.364809,0.528560,0.850452,1.953064,2.876440,11.340461
2001-09-23,0.000000,Training,-0.481094,-0.134206,-0.072003,0.040073,0.204566,0.287675,0.412569,0.682845,1.503214,2.233164,8.162364
2001-09-24,0.000000,Training,-0.418033,-0.158867,-0.094560,-0.063933,0.030146,0.071798,0.150836,0.292092,0.704780,1.107023,4.217264
2001-09-25,0.000000,Training,-0.388360,-0.137489,-0.086110,-0.065506,0.015678,0.048314,0.125601,0.256283,0.609221,0.949564,3.638324
2001-09-26,0.000000,Training,-0.371696,-0.122094,-0.080948,-0.066951,0.004096,0.030096,0.106709,0.228510,0.537940,0.830114,3.241622
2001-09-27,0.000000,Training,-0.381113,-0.127742,-0.115937,-0.089552,-0.016926,0.000514,0.081309,0.199985,0.499520,0.805602,3.236362
2001-09-28,0.000000,Training,-0.364917,-0.117224,-0.089505,-0.072551,-0.001419,0.020509,0.096923,0.219573,0.520672,0.808627,3.183036
2001-09-29,0.000000,Training,-0.419280,-0.189010,-0.168576,-0.121527,-0.020687,0.007360,0.106582,0.244539,0.647632,1.181137,4.833597
2001-09-30,0.000000,Training,-0.467501,-0.200272,-0.138262,-0.074205,0.034991,0.094512,0.184440,0.364809,0.922289,1.441857,5.541521
2001-10-01,,,-0.451279,-0.006334,0.099039,0.353944,0.683785,0.858184,1.054287,1.792480,4.016691,5.999771,18.580006
2001-10-02,,,-0.503824,-0.080161,0.045670,0.325177,0.688254,0.890250,1.111411,1.959208,4.553412,6.877726,21.154476
2003-10-17,0.000000,Training,,,,,,,,,,,
2003-10-18,0.000000,Training,,,,,,,,,,,
2003-10-19,0.000000,Training,-0.686608,-0.404859,-0.293426,-0.027590,0.317418,0.542397,0.868209,1.773455,4.828181,7.567548,24.689007
2003-10-20,0.000000,Training,-0.551693,-0.274984,-0.182513,-0.011210,0.182307,0.357279,0.544540,1.059544,2.697891,4.037355,12.766603
2003-10-21,0.000000,Training,-0.502972,-0.246564,-0.183852,-0.061484,0.086482,0.215043,0.359676,0.725499,1.809289,2.712515,8.602531
2003-10-22,0.000000,Training,-0.424469,-0.189379,-0.138056,-0.046196,0.073492,0.174845,0.303806,0.594467,1.356452,1.982227,6.142991
2003-10-23,0.000000,Training,-0.381473,-0.155605,-0.119860,-0.020735,0.090009,0.183379,0.321612,0.600612,1.213878,1.726732,5.063749
2003-10-24,0.000000,Training,-0.387217,-0.163965,-0.138161,-0.024500,0.079628,0.176534,0.316639,0.603602,1.189442,1.668883,4.815892
2003-10-25,,,-0.588532,-0.214442,-0.043171,0.291467,0.747624,1.024414,1.339545,2.480777,6.023947,9.218227,27.480515
2003-10-26,31.405859,Training,-0.722415,-0.508909,-0.435430,-0.233832,0.099532,0.330276,0.659903,1.610435,5.000646,8.368801,28.300266
2003-10-27,3.543225,Training,-0.745010,-0.433719,-0.071620,0.865633,3.464322,4.347132,7.324519,17.896065,51.090290,86.029518,220.112534
2003-10-28,0.644223,Training,-0.645955,-0.233011,0.268618,1.617725,5.199844,6.299240,10.157450,23.530581,61.468117,102.460495,266.808228
2003-10-29,0.322111,Training,-0.581323,-0.134069,0.363424,1.578174,3.582488,4.596571,6.639308,12.737493,30.379057,46.125999,118.883347
2003-10-30,0.161056,Training,-0.615967,-0.312798,-0.089366,0.366774,0.943219,1.360429,1.953798,3.547147,8.620396,12.995154,34.505913
2003-10-31,0.805278,Training,-0.752459,-0.486184,-0.189781,0.517592,2.279769,3.004833,5.166022,11.711718,33.229389,56.153286,143.381699
2003-11-01,1.449501,Training,-0.624059,-0.226961,0.176861,1.214347,2.780947,3.807166,5.682169,10.567043,25.622791,37.587482,94.410316
2003-11-02,0.161056,Training,-0.613736,-0.304333,-0.038285,0.590586,1.302125,1.878513,2.720065,4.763541,10.583984,15.400903,36.527431
2003-11-03,0.000000,Training,-0.576899,-0.306574,-0.094902,0.350768,0.815429,1.194914,1.730851,2.952301,6.298844,9.220517,21.735241
2003-11-04,0.000000,Training,-0.541832,-0.307156,-0.171872,0.138287,0.420752,0.669355,1.016057,1.764642,3.634318,5.215985,12.486252
2003-11-05,0.000000,Training,-0.554281,-0.334817,-0.197672,0.098027,0.358800,0.592211,0.905118,1.591833,3.383679,4.861237,11.937075
2003-11-06,0.000000,Training,-0.538196,-0.329810,-0.219178,0.024623,0.229747,0.429631,0.674874,1.242538,2.650519,3.770447,9.534206
2003-11-07,0.000000,Training,-0.524966,-0.320222,-0.220701,0.008770,0.199093,0.386650,0.611089,1.140064,2.380629,3.342568,8.483999
2003-11-08,0.000000,Training,-0.535476,-0.334863,-0.231987,0.002987,0.192487,0.380761,0.598892,1.130759,2.360556,3.299811,8.353819
2003-11-09,0.000000,Training,-0.586013,-0.394661,-0.315123,-0.053342,0.170746,0.360036,0.624136,1.233501,2.665168,3.948995,10.200282
2003-11-10,0.000000,Training,-0.620462,-0.419620,-0.308372,-0.020771,0.215704,0.437999,0.695147,1.348429,3.069527,4.573483,12.026112
2003-11-11,0.000000,Training,-0.573140,-0.375759,-0.260514,0.006228,0.217422,0.438541,0.675757,1.287163,2.752994,3.982779,10.019156
2003-11-12,0.000000,Training,,,,,,,,,,,
2003-11-13,0.000000,Training,-0.577620,-0.386432,-0.261187,0.005819,0.213072,0.428607,0.651431,1.252865,2.718372,3.922859,9.852509
2003-11-14,0.000000,Training,-0.542656,-0.351250,-0.248895,-0.026140,0.147957,0.335066,0.523733,1.037463,2.211241,3.133931,8.020456
2003-11-15,0.000000,Training,-0.748071,-0.589235,-0.480371,-0.240898,0.068175,0.352059,0.707830,1.700388,4.884328,8.053284,23.463089
2003-11-16,0.000000,Training,-0.717017,-0.505276,-0.358302,-0.031911,0.306841,0.679159,1.032808,2.104683,5.496896,8.078109,23.024092
2003-11-17,0.000000,Training,-0.615813,-0.411155,-0.285015,-0.038346,0.190275,0.448083,0.676184,1.377925,3.325739,4.913382,13.199429
2003-11-18,0.000000,Training,-0.584976,-0.385507,-0.260655,-0.035858,0.172297,0.395656,0.606153,1.214223,2.859785,4.216483,11.228534
2003-11-19,0.000000,Training,-0.500680,-0.305621,-0.218566,-0.054642,0.096850,0.262372,0.417386,0.860893,1.887266,2.679615,7.236989
2003-11-20,0.000000,Training,-0.479540,-0.285201,-0.206516,-0.048498,0.094975,0.250997,0.404539,0.826842,1.743119,2.429049,6.506337
2003-11-21,0.000000,Training,-0.554201,-0.362938,-0.307806,-0.096089,0.097484,0.277315,0.492524,1.051826,2.325672,3.441763,9.140034
2003-11-22,46.545094,Training,-0.770998,-0.458354,-0.167219,0.807717,3.165607,4.542333,8.307563,18.204737,51.227192,80.596703,184.501160
2003-11-23,20.615128,Training,-0.196280,0.924609,1.751154,6.857602,17.199177,22.192169,35.251122,71.483475,152.717545,201.129074,427.916168
2003-11-24,,,-0.705866,-0.344201,0.138603,1.181573,3.121022,3.886574,5.329312,10.669044,24.099424,40.854988,102.831917
2003-11-25,49.121985,Training,-0.144869,0.833158,1.729681,5.191204,9.680274,13.294577,17.629675,30.308542,58.514511,76.736160,166.757111
2003-11-26,12.562344,Training,-0.526316,-0.029227,0.377541,1.679021,3.298942,4.513772,6.161096,10.589992,22.046190,31.314211,70.161858
2003-11-27,5.475893,Training,-0.527277,-0.162675,0.194486,1.026885,1.952065,2.687450,3.655147,5.982496,11.891185,16.932365,36.383259
2003-11-28,1.932668,Training,-0.527261,-0.231319,-0.004976,0.536303,1.073204,1.524051,2.113360,3.473553,6.629314,9.142048,19.637117
2003-11-29,1.288446,Training,-0.526323,-0.246763,-0.027356,0.510816,1.008013,1.426038,1.988848,3.250717,6.058248,8.373263,17.792358
2003-11-30,0.966334,Training,-0.591753,-0.334119,-0.133779,0.406559,0.944837,1.327449,1.958261,3.280745,6.575353,9.653465,21.743885
2003-12-01,0.805278,Training,-0.554370,-0.278950,-0.092185,0.440093,0.915095,1.329722,1.859146,3.072736,5.742236,7.831295,17.145475
2003-12-02,0.483167,Training,-0.528640,-0.267621,-0.064632,0.442049,0.940215,1.373213,1.858218,3.005004,5.414711,7.316188,15.960753
2003-12-03,0.322111,Training,-0.640685,-0.197823,0.118634,1.613629,4.119525,6.518803,10.021972,18.341360,41.525032,58.963657,152.428299
2003-12-04,0.322111,Training,0.127228,1.482571,2.425188,7.218119,13.635179,18.904993,24.710499,38.743313,71.941811,93.951698,226.144150
2003-12-05,35.754363,Training,0.487366,2.232078,3.218539,9.671730,17.136505,22.398624,30.072662,47.343536,82.942001,106.037140,231.447632
2003-12-06,86.647960,Training,8.197165,16.162601,20.193541,54.880859,87.731079,106.982079,145.009003,203.910263,301.862213,369.244019,698.637634
2003-12-07,20.615128,Training,9.416460,16.312441,20.093748,42.319160,60.023434,74.010857,87.375351,112.761185,163.389130,200.045380,388.759552
2003-12-08,58.624270,Training,6.478021,11.222383,13.545245,29.588987,41.965538,51.317520,62.103565,80.274315,119.374603,147.796509,289.332031
2003-12-09,49.121985,Training,8.902243,15.027778,17.769318,40.131378,57.477287,69.547760,85.084465,109.879578,161.313828,200.632996,377.447845
2003-12-10,18.521404,Training,6.000428,9.986010,12.751901,24.828718,33.273674,41.996738,47.795578,60.940418,87.721764,103.855217,212.345596
2003-12-11,7.730673,Training,2.871886,4.992654,6.801381,12.572047,16.934109,21.440620,24.952309,31.234928,46.282684,54.570557,117.926315
2003-12-12,5.636949,Training,,,,,,,,,,,
2003-12-13,1.932668,Training,0.766480,1.750953,2.653093,5.069426,7.184991,8.891507,10.897283,13.828593,21.066023,25.371428,54.652287
2003-12-14,1.127390,Training,0.484394,1.291039,2.058458,4.038712,5.855298,7.227103,8.904663,11.431234,17.597057,21.428459,46.045540
2003-12-15,0.805278,Training,0.094342,0.713281,1.302984,2.838369,4.231504,5.331192,6.621044,8.879969,13.894271,17.161573,36.364845
2003-12-16,0.644223,Training,-0.081453,0.454300,0.944385,2.260981,3.431054,4.366595,5.461740,7.538175,11.940892,14.846393,31.422302
2003-12-17,0.644223,Training,-0.594685,-0.140626,0.308124,2.099685,4.447505,6.372097,10.358154,17.995592,38.092533,54.904701,134.987991
2003-12-18,5.153782,Training,0.161321,1.410281,2.512307,7.296227,12.459544,17.272057,22.594830,34.938175,60.899483,78.723495,181.703369
2003-12-19,2.254780,Training,-0.127224,0.619157,1.371069,3.689015,5.919070,8.296990,10.518126,15.553880,27.468672,35.642979,80.455971
2003-12-20,1.449501,Training,-0.142468,0.477241,1.119528,2.837839,4.439382,5.971370,7.583611,10.858379,18.598673,24.298594,53.549217
2003-12-21,0.966334,Training,-0.188627,0.310614,0.866313,2.193632,3.508915,4.572004,5.831954,8.291574,14.150701,18.849251,41.201485
2003-12-22,0.805278,Training,-0.516883,-0.248043,0.000236,0.591916,1.090487,1.555042,2.082161,3.406789,6.172631,8.390904,17.633282
2003-12-23,0.644223,Training,-0.522384,-0.268003,-0.067095,0.424526,0.851694,1.254497,1.673572,2.764673,4.914131,6.487153,13.856065
2003-12-24,0.483167,Training,-0.536534,-0.304841,-0.142059,0.259147,0.598243,0.928561,1.263045,2.161550,3.916495,5.186052,11.341259
2003-12-25,0.322111,Training,-0.541397,-0.326509,-0.201686,0.123081,0.368815,0.630754,0.888133,1.620056,3.032229,4.026711,9.126464
2003-12-26,0.322111,Training,-0.539107,-0.331203,-0.216115,0.083298,0.294455,0.527399,0.755938,1.426517,2.738074,3.694208,8.531426
2003-12-27,0.161056,Training,-0.512592,-0.313764,-0.221032,0.016457,0.183053,0.375682,0.552368,1.098307,2.133161,2.859594,6.917914
2003-12-28,0.161056,Training,-0.478629,-0.285874,-0.213532,-0.030596,0.104477,0.263718,0.400226,0.843798,1.643970,2.174803,5.563271
2003-12-29,0.161056,Training,-0.479793,-0.291395,-0.217329,-0.042827,0.099401,0.262659,0.395923,0.831683,1.614283,2.122514,5.471645
2003-12-30,0.161056,Training,-0.477234,-0.286918,-0.212233,-0.034146,0.096065,0.251636,0.380456,0.813680,1.594460,2.123103,5.440389
2003-12-31,0.000000,Training,-0.474757,-0.288014,-0.210228,-0.038857,0.089870,0.241493,0.365238,0.788877,1.559599,2.097620,5.392892
2004-01-01,0.000000,Training,-0.477824,-0.291715,-0.217351,-0.046971,0.084999,0.231271,0.353943,0.772203,1.550378,2.121566,5.514793
2004-01-02,0.000000,Training,-0.477689,-0.290465,-0.213994,-0.042230,0.084907,0.236626,0.355177,0.776391,1.545456,2.083245,5.391719
2004-01-03,0.000000,Training,-0.480185,-0.291598,-0.217134,-0.040658,0.086431,0.242301,0.361746,0.789053,1.561762,2.080240,5.367248
2004-01-04,0.000000,Training,-0.491569,-0.300959,-0.222998,-0.031947,0.102071,0.266667,0.393724,0.844359,1.668089,2.222475,5.650724
2004-01-05,0.000000,Training,-0.453096,-0.266735,-0.201968,-0.054442,0.059207,0.198349,0.299715,0.678182,1.336433,1.762437,4.701077
2004-01-06,0.000000,Training,-0.439896,-0.257928,-0.194932,-0.065257,0.048476,0.183045,0.277935,0.633500,1.239997,1.620565,4.412511
2004-01-07,0.000000,Training,-0.439797,-0.253174,-0.193510,-0.056569,0.053937,0.184354,0.281088,0.640534,1.251911,1.648682,4.457059
2004-01-08,0.000000,Training,-0.436538,-0.254279,-0.186938,-0.057238,0.052321,0.179775,0.271429,0.625479,1.238815,1.663680,4.494568
2004-01-09,0.000000,Training,-0.436098,-0.261509,-0.187214,-0.074795,0.036689,0.157474,0.237816,0.577636,1.210226,1.672309,4.672381
2004-01-10,0.000000,Training,-0.436593,-0.260791,-0.185502,-0.065696,0.045893,0.171042,0.255464,0.603333,1.232578,1.687754,4.622260
2004-01-11,0.000000,Training,-0.434104,-0.259689,-0.183804,-0.067852,0.042661,0.166630,0.248901,0.592627,1.212624,1.659558,4.564912
2004-01-12,0.000000,Training,-0.433914,-0.256800,-0.184013,-0.060468,0.050318,0.176303,0.263879,0.613766,1.223131,1.656574,4.486817
2004-01-13,0.000000,Training,-0.435999,-0.252275,-0.188765,-0.054112,0.055909,0.187547,0.280922,0.639368,1.232932,1.616753,4.344761
2004-01-14,0.000000,Training,-0.430655,-0.247254,-0.183723,-0.052565,0.055299,0.183511,0.274672,0.627292,1.207565,1.591421,4.281702
2004-01-15,0.000000,Training,-0.444919,-0.264383,-0.207427,-0.058813,0.066600,0.194959,0.299948,0.674547,1.314800,1.810698,4.845392
2004-01-16,0.000000,Training,-0.464645,-0.274626,-0.206373,-0.051262,0.077171,0.219489,0.319373,0.708385,1.409939,1.924693,5.175902
2004-01-17,0.000000,Training,-0.457623,-0.272378,-0.197298,-0.048930,0.076607,0.223154,0.321111,0.710631,1.401956,1.886431,5.022142
2004-01-18,0.000000,Training,-0.468448,-0.284744,-0.208987,-0.054310,0.079969,0.233501,0.337791,0.741797,1.453098,1.938536,5.111032
2004-01-19,0.000000,Training,-0.474797,-0.302157,-0.218864,-0.068541,0.084494,0.251146,0.356860,0.767238,1.488263,2.004559,5.282944
2004-01-20,0.000000,Training,-0.453063,-0.280371,-0.204121,-0.072683,0.066586,0.218424,0.314552,0.692010,1.333814,1.777917,4.761087
2004-01-21,0.000000,Training,-0.449767,-0.269696,-0.198420,-0.062118,0.067907,0.213616,0.310736,0.688927,1.327955,1.755371,4.658821
2004-01-22,0.000000,Training,-0.447414,-0.268481,-0.196693,-0.063470,0.066660,0.211471,0.306822,0.681505,1.313905,1.739729,4.629980
2004-01-23,0.000000,Training,-0.444046,-0.258048,-0.190144,-0.048060,0.071964,0.211216,0.307484,0.687152,1.324674,1.751060,4.620507
2004-01-24,0.000000,Training,-0.441519,-0.256885,-0.185529,-0.042452,0.075849,0.210586,0.305750,0.686342,1.332280,1.794166,4.706633
2004-01-25,0.000000,Training,-0.442231,-0.258903,-0.185754,-0.042302,0.077584,0.211922,0.307281,0.689166,1.342910,1.821447,4.771097
2004-01-26,0.000000,Training,-0.439048,-0.258676,-0.185296,-0.048694,0.074596,0.203199,0.296436,0.669041,1.320182,1.823674,4.835048
2004-01-27,0.000000,Training,-0.452157,-0.276837,-0.201150,-0.062113,0.071350,0.200431,0.292628,0.674537,1.388532,1.988153,5.370959
2004-01-28,0.000000,Training,-0.460625,-0.279259,-0.198057,-0.047801,0.086322,0.226675,0.321809,0.719078,1.456721,2.049897,5.438781
2004-01-29,0.000000,Training,-0.496153,-0.311237,-0.242289,-0.056022,0.117143,0.284498,0.413981,0.876244,1.768459,2.474539,6.455781
2004-01-30,0.000000,Training,-0.675307,-0.452649,-0.344174,-0.024681,0.326086,0.653504,0.883299,1.919070,4.815554,7.303819,19.791435
2004-01-31,0.000000,Training,-0.759740,-0.494275,-0.312245,0.222993,0.997159,1.649979,2.172876,4.781135,12.498217,18.666830,49.730202
2004-02-01,0.000000,Training,-0.710488,-0.465946,-0.246326,0.251430,0.823133,1.343980,1.769321,3.644148,8.863086,13.580104,33.980579
2004-02-02,0.000000,Training,-0.656652,-0.435217,-0.221646,0.211702,0.633790,1.037147,1.387450,2.717584,6.146833,9.533757,22.685022
2004-02-03,0.000000,Training,-0.592617,-0.392862,-0.213730,0.127009,0.415062,0.718458,0.966170,1.883290,3.985461,5.950364,13.812469
2004-02-04,0.000000,Training,-0.549802,-0.355781,-0.203122,0.098776,0.343001,0.600673,0.819346,1.590842,3.195390,4.620436,10.622322
2004-02-05,0.000000,Training,-0.531330,-0.334731,-0.194962,0.103551,0.335719,0.582362,0.797606,1.530983,2.952349,4.158172,9.447098
2004-02-06,0.000000,Training,-0.519096,-0.319189,-0.192137,0.099379,0.318952,0.556840,0.763352,1.458973,2.738878,3.769744,8.548927
2004-02-07,0.000000,Training,-0.514925,-0.315773,-0.193703,0.090181,0.301902,0.532794,0.731195,1.400416,2.604587,3.558825,8.091154
2004-02-08,0.000000,Training,-0.514636,-0.316689,-0.196805,0.081922,0.288664,0.514598,0.706762,1.358796,2.519951,3.435420,7.838623
2004-02-09,0.000000,Training,-0.515641,-0.317603,-0.200031,0.075251,0.277406,0.500607,0.686601,1.325518,2.453352,3.328642,7.628610
2004-02-10,0.000000,Training,-0.516247,-0.323200,-0.203939,0.061556,0.258155,0.473929,0.651376,1.271000,2.373571,3.252807,7.501894
2004-02-11,0.000000,Training,-0.516410,-0.326469,-0.207419,0.049334,0.240505,0.450413,0.619420,1.220571,2.296132,3.162636,7.349196
2004-02-12,0.000000,Training,-0.517185,-0.331899,-0.211085,0.035323,0.221737,0.425923,0.585360,1.168274,2.229775,3.101689,7.278247
2004-02-13,0.000000,Training,-0.520162,-0.329365,-0.213776,0.040298,0.223862,0.431038,0.590606,1.176942,2.227022,3.059267,7.161870
2004-02-14,0.000000,Training,-0.526218,-0.333117,-0.217463,0.044151,0.230716,0.441065,0.602865,1.198298,2.276296,3.131408,7.328215
2004-02-15,0.000000,Training,-0.513983,-0.321360,-0.218195,0.016997,0.184232,0.380124,0.521187,1.062356,2.028688,2.755991,6.597644
2004-02-16,0.000000,Training,-0.526030,-0.331138,-0.220036,0.031603,0.210635,0.420681,0.569653,1.143125,2.190985,2.974488,7.038507
2004-02-17,0.000000,Training,-0.505774,-0.314895,-0.218491,-0.000909,0.152509,0.335252,0.461620,0.965035,1.867492,2.543898,6.193262
2004-02-18,0.000000,Training,-0.474575,-0.289565,-0.205597,-0.028636,0.102842,0.257418,0.359796,0.790166,1.544996,2.122031,5.369216
2004-02-19,0.000000,Training,-0.436565,-0.252683,-0.185160,-0.047364,0.066309,0.195501,0.279556,0.640602,1.241216,1.683093,4.478188
2004-02-20,0.000000,Training,-0.539794,-0.227043,-0.065336,0.492694,1.036824,1.449168,1.781057,2.947861,6.774230,10.356611,27.092596
2004-02-21,9.663341,Training,0.549165,3.098953,4.670090,15.976229,36.658955,45.444782,60.593147,114.682678,215.142944,247.640320,490.979340
2004-02-22,2.254780,Training,1.272286,3.924948,5.266661,16.169861,34.517914,41.396473,53.147724,92.475502,157.603683,199.555801,385.457336
2004-02-23,87.292183,Training,8.782802,19.922213,28.043720,82.889877,136.898499,173.553757,186.735001,287.423157,378.140320,478.914185,776.292236
2004-02-24,65.710721,Training,7.942194,15.125527,19.507082,52.508320,91.510880,106.945206,129.177902,194.188950,269.485352,356.262115,642.759521
2004-02-25,14.656068,Training,6.456501,12.909135,16.868969,45.945522,77.347061,93.648949,111.527985,167.253281,237.059586,308.912262,558.447693
2004-02-26,4.509559,Training,2.339875,5.309422,7.456810,18.568607,28.626852,37.857708,42.770615,64.867470,98.017525,121.435692,254.808640
2004-02-27,1.932668,Training,0.234806,1.241311,2.250830,5.152066,8.262960,11.304203,13.172500,19.944931,33.711952,43.698750,95.205055
2004-02-28,1.127390,Training,-0.074532,0.557720,1.253144,2.798899,4.574967,6.193253,7.381102,10.849796,18.145622,24.131617,52.380222
2004-02-29,0.805278,Training,-0.279748,0.198362,0.681430,1.796876,2.959698,3.967512,4.931184,7.448430,12.505993,16.690332,35.088390
2004-03-01,0.483167,Training,-0.410518,0.010160,0.374706,1.374913,2.497266,3.433740,4.435892,6.995522,12.622787,17.803471,39.160423
2004-03-02,0.483167,Training,-0.366078,0.048109,0.522378,1.502379,2.680492,3.703390,4.558876,6.970185,12.255624,17.006605,37.680103
2004-03-03,0.161056,Training,-0.355119,0.045444,0.496150,1.438740,2.456629,3.387393,4.189495,6.359529,10.859898,14.628819,31.623480
2004-03-04,0.161056,Training,-0.316447,0.107262,0.570546,1.621934,2.625968,3.544798,4.428111,6.660044,11.069383,14.699530,31.485954
2004-03-05,0.161056,Training,-0.379147,-0.018766,0.403768,1.310808,2.188833,2.948405,3.737288,5.731687,9.712748,13.351392,28.433214
2004-03-06,0.161056,Training,-0.430419,-0.121333,0.297154,1.107388,1.969683,2.640541,3.366336,5.240814,9.340912,13.481989,29.619165
2004-03-07,0.000000,Training,-0.462545,-0.170748,0.185858,0.916511,1.597775,2.204071,2.804801,4.468060,7.846165,11.062358,23.721724
2004-03-08,0.000000,Training,-0.490979,-0.226078,0.104351,0.760311,1.358852,1.901560,2.413987,3.918070,6.998612,9.965084,21.497726
2004-03-09,0.000000,Training,-0.502884,-0.246257,0.062220,0.682149,1.222267,1.731377,2.188529,3.592638,6.414721,9.055989,19.556902
2004-03-10,0.000000,Training,-0.544773,-0.323684,-0.071021,0.421602,0.820937,1.222130,1.560388,2.694483,5.012603,7.201133,15.668483
2004-03-11,0.000000,Training,-0.564655,-0.371566,-0.164190,0.214637,0.505327,0.813471,1.049916,1.930991,3.801881,5.600995,12.520346
2004-03-12,0.161056,Training,-0.607001,-0.234774,0.017373,0.900821,1.555488,2.342800,2.911352,4.874297,11.873849,19.230503,48.102879
2004-03-13,0.966334,Training,-0.716589,-0.389231,-0.154483,0.573004,1.466291,2.318686,2.875445,5.749331,14.066593,20.099129,52.455238
2004-03-14,0.644223,Training,-0.622196,-0.366393,-0.193673,0.191206,0.527573,0.900474,1.065201,2.172643,5.010991,7.506370,18.522160
2004-03-15,0.322111,Training,-0.578616,-0.374297,-0.203865,0.041416,0.268766,0.511833,0.614887,1.342829,3.193281,5.028481,13.071527
2004-03-16,0.161056,Training,-0.522164,-0.322163,-0.196041,0.034349,0.216085,0.412626,0.532216,1.116560,2.437908,3.712122,9.248642
2004-03-17,0.161056,Training,-0.492014,-0.299866,-0.188634,0.014100,0.167539,0.340495,0.446135,0.953925,2.044781,3.070222,7.763776
2004-03-18,0.000000,Training,-0.478654,-0.294119,-0.196492,-0.026068,0.108664,0.256287,0.339410,0.783662,1.735458,2.641612,7.057305
2004-03-19,0.000000,Training,-0.472385,-0.290341,-0.191559,-0.027227,0.097769,0.245437,0.321509,0.748874,1.653696,2.496197,6.680099
2004-03-20,0.000000,Training,-0.423352,-0.242541,-0.166971,-0.062588,0.032511,0.144097,0.193435,0.516775,1.158753,1.723498,5.036003
2004-03-21,0.000000,Training,-0.421354,-0.240109,-0.167743,-0.070694,0.018241,0.124872,0.171523,0.479509,1.081123,1.603948,4.752983
2004-03-22,0.000000,Training,-0.401847,-0.217379,-0.156707,-0.039629,0.055945,0.167537,0.236004,0.555870,1.116301,1.594091,4.407595
2004-03-23,0.000000,Training,-0.392534,-0.201450,-0.151964,-0.033500,0.054784,0.163721,0.233758,0.543757,1.053090,1.466605,4.051440
2004-03-24,0.000000,Training,-0.384110,-0.190249,-0.145900,-0.032609,0.050893,0.156790,0.224685,0.522189,1.000870,1.377901,3.844051
2004-03-25,0.000000,Training,-0.378581,-0.191730,-0.139053,-0.042973,0.041240,0.139338,0.197010,0.476971,0.953109,1.359289,3.893414
2004-03-26,0.000000,Training,-0.380198,-0.187364,-0.141801,-0.036425,0.044522,0.145249,0.206824,0.490452,0.949245,1.317989,3.730708
2004-03-27,0.000000,Training,-0.421739,-0.226026,-0.165715,0.001883,0.121796,0.251421,0.331409,0.655955,1.288592,1.892692,5.072792
2004-03-28,0.000000,Training,-0.619241,-0.329559,-0.270465,0.038273,0.329475,0.648567,0.687916,1.525708,3.744826,5.410237,15.442400
2004-03-29,0.161056,Training,-0.588352,-0.303549,-0.228232,0.064983,0.323271,0.602430,0.669264,1.450047,3.364098,4.814620,12.957708
2004-03-30,0.000000,Training,-0.565981,-0.299036,-0.205523,0.088929,0.322213,0.566964,0.666105,1.399113,3.132962,4.633350,11.770430
2004-03-31,0.000000,Training,-0.502183,-0.273636,-0.185632,0.030463,0.184056,0.364640,0.441181,0.949929,2.050270,3.044016,7.840687
2004-04-01,0.161056,Training,-0.558495,-0.279252,-0.195072,0.148501,0.403734,0.678136,0.783706,1.565483,3.564118,5.531961,13.635063
2004-04-02,0.000000,Training,-0.613215,-0.332887,-0.206445,0.156965,0.443445,0.772912,0.895499,1.873944,4.339280,6.418381,16.379259
2004-04-03,0.000000,Training,-0.527465,-0.285985,-0.160057,0.107401,0.293277,0.526820,0.615640,1.282379,2.844926,4.325933,10.871433
2004-04-04,0.000000,Training,-0.508163,-0.296899,-0.174718,0.033275,0.169434,0.352002,0.402623,0.921329,2.134071,3.390918,9.107700
2004-04-05,0.000000,Training,-0.475395,-0.267465,-0.162537,0.011318,0.113654,0.264601,0.300455,0.727313,1.691516,2.703332,7.480571
2004-04-06,0.000000,Training,-0.448222,-0.238551,-0.150520,0.000007,0.083554,0.215122,0.245581,0.614172,1.417812,2.241480,6.331465
2004-04-07,0.000000,Training,-0.421421,-0.210475,-0.139328,-0.009417,0.061159,0.175539,0.203628,0.525965,1.201393,1.876442,5.428932
2004-04-08,0.000000,Training,-0.398755,-0.197998,-0.150726,0.009588,0.100443,0.211023,0.259423,0.604686,1.295326,2.055925,5.742028
2004-04-09,0.000000,Training,-0.479884,-0.201704,-0.134636,0.164591,0.300260,0.509903,0.516066,1.018411,2.264725,3.603865,9.750537
2004-04-10,0.000000,Training,-0.499957,-0.228661,-0.140215,0.102061,0.261562,0.474076,0.504304,1.078640,2.399067,3.508828,9.811437
2004-04-11,0.000000,Training,-0.432241,-0.198683,-0.121380,0.057336,0.170362,0.323948,0.364052,0.775812,1.634450,2.437516,6.615359
2004-04-12,0.000000,Training,-0.422359,-0.198077,-0.126632,0.045467,0.146812,0.288083,0.338465,0.721089,1.503927,2.249376,6.025587
2004-04-13,0.000000,Training,-0.410966,-0.194736,-0.126976,0.017656,0.097721,0.217720,0.247449,0.579250,1.284628,1.988132,5.648049
2004-04-14,0.000000,Training,-0.412400,-0.197151,-0.131700,0.023669,0.103721,0.226683,0.266038,0.605729,1.324233,2.030281,5.620543
2004-04-15,0.000000,Training,-0.379512,-0.166985,-0.130506,0.009849,0.088522,0.184552,0.226643,0.521655,1.095970,1.709279,4.898078
2004-04-16,0.000000,Training,-0.371662,-0.158421,-0.106717,-0.000729,0.066574,0.161155,0.188399,0.449530,0.956846,1.453667,4.349186
2004-04-17,0.000000,Training,-0.351407,-0.136457,-0.104727,0.007154,0.075999,0.162260,0.211365,0.466249,0.906346,1.323534,3.835788
2004-04-18,0.000000,Training,-0.349090,-0.137779,-0.100672,-0.005795,0.054417,0.137103,0.176776,0.415144,0.822664,1.193904,3.562755
2004-04-19,0.000000,Training,-0.339155,-0.128632,-0.093551,-0.004057,0.052079,0.130824,0.170472,0.399522,0.794769,1.155601,3.462844
2004-04-20,0.000000,Training,-0.321524,-0.115383,-0.078386,-0.016962,0.035015,0.098238,0.130051,0.324504,0.657103,0.971842,3.103150
2004-04-21,0.000000,Training,-0.313931,-0.107538,-0.071144,-0.022576,0.026483,0.081453,0.110642,0.288577,0.592658,0.882819,2.933647
2004-04-22,0.000000,Training,-0.306221,-0.098735,-0.064366,-0.024213,0.021254,0.069691,0.096867,0.261166,0.541168,0.813721,2.791353
2004-04-23,0.000000,Training,-0.311374,-0.091813,-0.061243,-0.032413,0.001102,0.038395,0.058181,0.197005,0.438422,0.682126,2.570766
2004-04-24,0.000000,Training,-0.326756,-0.097676,-0.068648,-0.035752,-0.009684,0.028222,0.044041,0.175944,0.411515,0.648995,2.501887
2004-04-25,0.000000,Training,-0.351301,-0.110497,-0.083840,-0.036638,-0.018189,0.026099,0.035967,0.169344,0.419678,0.665105,2.538331
2004-04-26,0.000000,Training,-0.383591,-0.144247,-0.114631,-0.030846,-0.011235,0.055678,0.057881,0.231877,0.580388,0.911071,3.103530
2004-04-27,0.000000,Training,-0.326212,-0.107796,-0.081531,-0.035573,-0.005783,0.042785,0.055638,0.208252,0.488185,0.748425,2.705199
2004-04-28,0.000000,Training,-0.292509,-0.086376,-0.064491,-0.029127,0.010323,0.039877,0.063789,0.190999,0.394883,0.644328,2.422421
2004-04-29,0.000000,Training,-0.306054,-0.090377,-0.056135,-0.028373,0.012512,0.051027,0.072063,0.205427,0.432968,0.665947,2.470737
2004-04-30,0.000000,Training,-0.295760,-0.084856,-0.051907,-0.018981,0.023577,0.064230,0.095066,0.233796,0.453324,0.680614,2.400120
2004-05-01,0.000000,Training,-0.300966,-0.087812,-0.065405,-0.019414,0.025600,0.061647,0.095956,0.234847,0.446582,0.692124,2.419959
2004-05-02,0.000000,Training,-0.342296,-0.057852,0.033171,0.302844,0.331977,0.442783,0.428620,0.610351,0.997925,1.548689,4.206172
2004-05-03,0.000000,Training,-0.453982,-0.047277,-0.020778,0.290638,0.495789,0.722383,0.713956,1.261676,2.518439,3.565736,10.728190
2004-05-04,0.000000,Training,-0.402924,-0.087761,-0.008724,0.148956,0.259377,0.388697,0.384889,0.703221,1.394692,2.017144,6.310807
2004-05-05,0.000000,Training,-0.366565,-0.054866,0.003670,0.167442,0.270079,0.393299,0.408606,0.736613,1.447372,2.129579,5.973419
2004-05-06,0.000000,Training,-0.367030,-0.107330,-0.057458,0.064088,0.132449,0.223479,0.246450,0.490423,1.007093,1.532064,4.502516
2004-05-07,0.000000,Training,-0.333452,-0.088583,-0.048930,0.051509,0.105731,0.183686,0.221247,0.439142,0.860677,1.264547,3.733879
2004-05-08,0.000000,Training,-0.322170,-0.082176,-0.050646,0.036570,0.079997,0.147345,0.180858,0.375125,0.750368,1.116714,3.446116
2004-05-09,0.000000,Training,-0.325221,-0.085694,-0.078283,0.035288,0.083507,0.141131,0.187572,0.375761,0.715024,1.117896,3.391610
2004-05-10,0.000000,Training,-0.370960,-0.110137,-0.099399,0.060751,0.125033,0.208389,0.240585,0.464421,0.888737,1.419187,4.184349
2004-05-11,0.000000,Training,-0.437548,-0.119028,-0.104246,0.095697,0.184522,0.308367,0.301465,0.607700,1.236327,1.928423,5.893795
2004-05-12,0.000000,Training,-0.455322,-0.120630,-0.092837,0.101193,0.178676,0.295568,0.265613,0.557994,1.173221,1.890618,6.225315
2004-05-13,0.000000,Training,-0.464263,-0.127522,-0.092882,0.139493,0.214595,0.360041,0.306229,0.640140,1.351082,2.195381,6.955581
2004-05-14,0.000000,Training,-0.460786,-0.161414,-0.068902,0.135368,0.185875,0.320340,0.278135,0.596841,1.286633,2.063576,6.389782
2004-05-15,0.000000,Training,-0.452599,-0.172322,-0.091306,0.105967,0.130502,0.261167,0.222870,0.514882,1.165503,1.943359,5.848591
2004-05-16,0.000000,Training,-0.468867,-0.199400,-0.124968,0.090120,0.109925,0.245308,0.217461,0.521844,1.225207,2.077164,6.013822
2004-05-17,0.000000,Training,-0.404137,-0.134349,-0.095335,0.054182,0.060302,0.149638,0.138587,0.349931,0.818127,1.353129,4.257969
2004-05-18,0.000000,Training,-0.381495,-0.110265,-0.085951,0.041728,0.042544,0.115869,0.112230,0.291442,0.681682,1.123514,3.684613
2004-05-19,0.000000,Training,-0.368749,-0.094834,-0.080540,0.034095,0.029578,0.092808,0.091971,0.247987,0.586136,0.974127,3.316430
2004-05-20,0.000000,Training,-0.344232,-0.083255,-0.091606,0.023918,0.025675,0.075826,0.081237,0.215966,0.500476,0.897809,3.181643
2004-05-21,0.000000,Training,-0.355790,-0.088577,-0.084656,0.008578,0.022889,0.064146,0.069506,0.186804,0.424276,0.779296,2.962877
2004-05-22,0.000000,Training,-0.356182,-0.087967,-0.068037,0.003994,0.025090,0.063258,0.073904,0.187892,0.416966,0.730825,2.824958
2004-05-23,0.000000,Training,-0.363783,-0.093649,-0.075706,-0.002189,0.010090,0.046434,0.053289,0.156581,0.364543,0.668301,2.680585
2004-05-24,0.000000,Training,-0.358544,-0.093057,-0.077737,-0.006164,0.008233,0.042848,0.050270,0.152811,0.358883,0.660177,2.655187
2004-05-25,0.000000,Training,-0.370178,-0.100451,-0.090080,-0.009120,-0.000045,0.034611,0.039637,0.132710,0.316124,0.627472,2.600001
2004-05-26,0.000000,Training,-0.380216,-0.100467,-0.079368,-0.004310,0.002548,0.039553,0.043696,0.136659,0.330110,0.623922,2.592169
2004-05-27,0.000000,Training,-0.369098,-0.090336,-0.064972,0.005841,0.001297,0.042452,0.042530,0.132552,0.326462,0.604539,2.503860
2004-05-28,0.000000,Training,-0.355341,-0.078836,-0.059795,-0.000144,-0.006142,0.027240,0.031005,0.112578,0.285618,0.532564,2.292816
2004-05-29,0.000000,Training,-0.357256,-0.069863,-0.057764,-0.005440,-0.015735,0.007207,0.016439,0.080721,0.213601,0.418379,1.973893
2004-05-30,0.000000,Training,-0.349527,-0.061130,-0.050759,-0.008649,-0.020732,-0.004632,0.006914,0.061827,0.171194,0.349119,1.783611
2004-05-31,0.000000,Training,-0.352109,-0.057205,-0.048320,-0.009797,-0.025524,-0.014878,-0.002132,0.041251,0.126361,0.284198,1.614888
2004-06-01,0.000000,Training,-0.356333,-0.065516,-0.045599,-0.023750,-0.029720,-0.028051,-0.009301,0.028851,0.089107,0.218912,1.425981
2004-06-02,0.000000,Training,-0.365125,-0.067030,-0.048161,-0.020941,-0.031609,-0.029797,-0.013499,0.019203,0.069437,0.195155,1.368106
2004-06-03,0.000000,Training,-0.362821,-0.065755,-0.047287,-0.021613,-0.032038,-0.030716,-0.014251,0.017878,0.068569,0.194067,1.368527
2004-06-04,0.000000,Training,-0.337993,-0.056746,-0.037271,-0.025269,-0.027614,-0.028758,-0.007671,0.031046,0.095031,0.225704,1.449073
2004-06-05,0.000000,Training,-0.323478,-0.050264,-0.030891,-0.024774,-0.024264,-0.026496,-0.003881,0.037576,0.105911,0.238507,1.478040
2004-06-06,0.000000,Training,-0.315289,-0.046203,-0.028230,-0.023795,-0.023150,-0.024950,-0.002655,0.040383,0.112802,0.247050,1.498368
2004-06-07,0.000000,Training,-0.304207,-0.036058,-0.027364,-0.017663,-0.023102,-0.022675,-0.004909,0.036701,0.117039,0.262109,1.558291
2004-06-08,0.000000,Training,-0.328029,-0.045591,-0.035809,-0.019812,-0.031641,-0.031119,-0.015785,0.016245,0.079722,0.211939,1.431371
2004-06-09,0.000000,Training,-0.330645,-0.050180,-0.034031,-0.025274,-0.032340,-0.035278,-0.017099,0.012996,0.067840,0.191431,1.372134
2004-06-10,0.000000,Training,-0.342455,-0.053812,-0.037568,-0.024036,-0.034915,-0.038116,-0.022007,0.001818,0.046012,0.164742,1.307723
2004-06-11,0.000000,Training,-0.348679,-0.055571,-0.040667,-0.022096,-0.036537,-0.038364,-0.025007,-0.003929,0.037832,0.157188,1.295325
2004-06-12,0.000000,Training,-0.351037,-0.054907,-0.040901,-0.019943,-0.036773,-0.038775,-0.026896,-0.009944,0.027774,0.147313,1.278099
2004-06-13,0.000000,Training,-0.358935,-0.062712,-0.042117,-0.025003,-0.036948,-0.040674,-0.026195,-0.008676,0.024900,0.139315,1.249682
2004-06-14,0.000000,Training,-0.351751,-0.063316,-0.039290,-0.029563,-0.035080,-0.039837,-0.021797,0.001330,0.043528,0.159428,1.293718
2004-06-15,0.000000,Training,-0.326797,-0.053715,-0.028345,-0.030663,-0.028677,-0.035987,-0.013513,0.015905,0.069132,0.190789,1.370733
2004-06-16,0.000000,Training,-0.334316,-0.055981,-0.031446,-0.030202,-0.031681,-0.037926,-0.017025,0.009936,0.058924,0.176796,1.334558
2004-06-17,0.000000,Training,-0.352293,-0.062969,-0.039071,-0.028648,-0.035787,-0.039719,-0.022287,0.000614,0.041680,0.155158,1.280067
2004-06-18,0.000000,Training,-0.362808,-0.066783,-0.046676,-0.029526,-0.037318,-0.041466,-0.024302,-0.003180,0.036891,0.152749,1.280245
2004-06-19,0.000000,Training,-0.318209,-0.051072,-0.025250,-0.030776,-0.025246,-0.032733,-0.008887,0.024496,0.085012,0.211424,1.426687
2004-06-20,0.000000,Training,-0.316620,-0.050506,-0.024277,-0.030555,-0.024907,-0.032284,-0.008126,0.025755,0.086342,0.211923,1.423779
2004-06-21,0.000000,Training,-0.325707,-0.053816,-0.028030,-0.031198,-0.029090,-0.035618,-0.012618,0.018520,0.074374,0.194955,1.378913
2004-06-22,0.000000,Training,-0.335417,-0.057186,-0.032094,-0.031238,-0.032313,-0.038215,-0.016679,0.011292,0.062084,0.179193,1.341382
2004-06-23,0.000000,Training,-0.344993,-0.060738,-0.036222,-0.030825,-0.034856,-0.039883,-0.020144,0.005167,0.051496,0.166247,1.311687
2004-06-24,0.000000,Training,-0.347714,-0.061929,-0.037526,-0.030848,-0.035424,-0.040214,-0.020916,0.003859,0.049581,0.164295,1.309494
2004-06-25,0.000000,Training,-0.355734,-0.065027,-0.040985,-0.029889,-0.036760,-0.040546,-0.022885,0.000028,0.042584,0.156388,1.292670
2004-06-26,0.000000,Training,-0.371519,-0.071233,-0.047258,-0.026217,-0.037984,-0.039174,-0.025109,-0.005293,0.030250,0.142998,1.262445
2004-06-27,0.000000,Training,-0.378196,-0.074472,-0.050273,-0.025242,-0.037989,-0.038145,-0.025171,-0.006081,0.028543,0.142680,1.267184
2004-06-28,0.000000,Training,-0.382125,-0.076993,-0.052479,-0.025380,-0.037865,-0.037264,-0.024631,-0.005283,0.030816,0.146897,1.282779
2004-06-29,0.000000,Training,-0.388376,-0.079834,-0.054766,-0.023554,-0.037505,-0.035747,-0.024318,-0.005831,0.028036,0.144647,1.279636
2004-06-30,0.000000,Training,-0.389333,-0.080767,-0.055441,-0.024249,-0.037457,-0.035510,-0.023836,-0.004883,0.030679,0.148162,1.291169
2004-07-01,0.000000,Test,-0.373739,-0.075463,-0.050117,-0.030337,-0.037175,-0.037673,-0.021717,0.001726,0.048690,0.168068,1.340956
2004-07-02,0.000000,Test,-0.358599,-0.068953,-0.043232,-0.032419,-0.035620,-0.038309,-0.019210,0.007132,0.058959,0.178014,1.359899
2004-07-03,0.000000,Test,-0.351690,-0.065170,-0.039428,-0.032462,-0.035156,-0.038883,-0.018713,0.008022,0.059462,0.176227,1.350042
2004-07-04,0.000000,Test,-0.353012,-0.065563,-0.039837,-0.032212,-0.035546,-0.038836,-0.018918,0.007715,0.058747,0.174418,1.344489
2004-07-05,0.000000,Test,-0.362886,-0.069368,-0.044073,-0.030925,-0.036881,-0.038793,-0.020671,0.003993,0.051516,0.165877,1.325109
2004-07-06,0.000000,Test,-0.345925,-0.062590,-0.036992,-0.032903,-0.033920,-0.038112,-0.016536,0.011666,0.067122,0.185474,1.377136
2004-07-07,0.000000,Test,-0.310299,-0.048793,-0.020663,-0.031861,-0.021484,-0.029998,-0.002445,0.034482,0.102587,0.230841,1.482568
2004-07-08,0.000000,Test,-0.314241,-0.050280,-0.022139,-0.032245,-0.023577,-0.031394,-0.004204,0.031876,0.098107,0.223316,1.461403
2004-07-09,0.000000,Test,-0.330349,-0.057133,-0.029288,-0.033466,-0.029250,-0.034960,-0.009672,0.023304,0.085160,0.205053,1.417230
2004-07-10,0.000000,Test,-0.332750,-0.058408,-0.030552,-0.033902,-0.029970,-0.035320,-0.010138,0.022831,0.084939,0.204382,1.417020
2004-07-11,0.000000,Test,-0.337808,-0.060824,-0.032925,-0.034373,-0.031333,-0.036011,-0.011436,0.020988,0.082431,0.200886,1.410276
2004-07-12,0.000000,Test,-0.344765,-0.063846,-0.035892,-0.034505,-0.032906,-0.036675,-0.013082,0.018171,0.077993,0.194968,1.397611
2004-07-13,0.000000,Test,-0.341281,-0.062815,-0.034429,-0.034930,-0.031736,-0.035882,-0.011270,0.021430,0.083811,0.202276,1.416582
2004-07-14,0.000000,Test,-0.346121,-0.065080,-0.036435,-0.035073,-0.032605,-0.036026,-0.011935,0.020298,0.082091,0.199664,1.411159
2004-07-15,0.000000,Test,-0.347773,-0.065913,-0.036970,-0.035237,-0.032710,-0.035914,-0.011745,0.020480,0.082428,0.199692,1.412009
2004-07-16,0.000000,Test,-0.345738,-0.065338,-0.035944,-0.035583,-0.031920,-0.035420,-0.010459,0.022620,0.086139,0.204158,1.423721
2004-07-17,0.000000,Test,-0.335251,-0.061261,-0.031311,-0.035751,-0.028635,-0.033517,-0.006261,0.029621,0.097477,0.218710,1.458541
2004-07-18,0.000000,Test,-0.347510,-0.066339,-0.036081,-0.035823,-0.031714,-0.034957,-0.009576,0.023672,0.087572,0.204811,1.425412
2004-07-19,0.000000,Test,-0.348633,-0.066828,-0.036191,-0.035952,-0.031715,-0.034956,-0.009370,0.023603,0.087341,0.204088,1.424684
2004-07-20,0.000000,Test,-0.352214,-0.068478,-0.037460,-0.036077,-0.032166,-0.035109,-0.009774,0.022529,0.085610,0.201742,1.421121
2004-07-21,0.000000,Test,-0.348182,-0.067086,-0.035603,-0.036523,-0.030960,-0.034429,-0.007920,0.025673,0.091150,0.208582,1.438525
2004-07-22,0.000000,Test,-0.354260,-0.069794,-0.037905,-0.036455,-0.031846,-0.034470,-0.008666,0.023965,0.088253,0.204411,1.429808
2004-07-23,0.000000,Test,-0.377806,-0.079628,-0.046491,-0.032874,-0.033657,-0.033228,-0.011511,0.016006,0.070854,0.183655,1.384118
2004-07-24,0.000000,Test,-0.409107,-0.093508,-0.055960,-0.021695,-0.029192,-0.024543,-0.007582,0.013715,0.054158,0.169413,1.363336
2004-07-25,0.000000,Test,-0.427643,-0.105030,-0.064407,-0.019940,-0.026404,-0.018481,-0.002754,0.017792,0.061481,0.185070,1.428439
2004-07-26,0.000000,Test,-0.427906,-0.109659,-0.068686,-0.028257,-0.028813,-0.019879,-0.002513,0.021720,0.079815,0.210029,1.505801
2004-07-27,0.000000,Test,-0.410942,-0.100882,-0.061813,-0.032764,-0.030450,-0.024384,-0.004062,0.022895,0.086478,0.213741,1.502928
2004-07-28,0.000000,Test,-0.382559,-0.085762,-0.049617,-0.037103,-0.031157,-0.029674,-0.004944,0.026091,0.095691,0.218416,1.496132
2004-07-29,0.000000,Test,-0.357910,-0.073962,-0.038698,-0.038468,-0.028603,-0.030400,-0.001632,0.033816,0.108825,0.231540,1.515113
2004-07-30,0.000000,Test,-0.348228,-0.069186,-0.033835,-0.038172,-0.027010,-0.029867,0.000486,0.037578,0.113719,0.235554,1.517176
2004-07-31,0.000000,Test,-0.345562,-0.067913,-0.032187,-0.038093,-0.026286,-0.029367,0.001735,0.039357,0.116202,0.237622,1.520059
2004-08-01,0.000000,Test,-0.349736,-0.069877,-0.033851,-0.038401,-0.026798,-0.029299,0.001749,0.038935,0.115965,0.236720,1.519604
2004-08-02,0.000000,Test,-0.348047,-0.069433,-0.032831,-0.038556,-0.025964,-0.028577,0.003216,0.041170,0.119861,0.241489,1.532229
2004-08-03,0.000000,Test,-0.346135,-0.068729,-0.032169,-0.038925,-0.024939,-0.028026,0.004874,0.043594,0.124207,0.247408,1.548193
2004-08-04,0.000000,Test,-0.343666,-0.067838,-0.030508,-0.038792,-0.023896,-0.027149,0.006424,0.045772,0.127650,0.251608,1.558911
2004-08-05,0.000000,Test,-0.353805,-0.072658,-0.034582,-0.039243,-0.025577,-0.027258,0.005404,0.043434,0.124672,0.246708,1.550448
2004-08-06,0.000000,Test,-0.359447,-0.075421,-0.036703,-0.039464,-0.026020,-0.026976,0.005507,0.042815,0.124138,0.245809,1.552129
2004-08-07,0.000000,Test,-0.355512,-0.074010,-0.035129,-0.039953,-0.024813,-0.026262,0.007507,0.046237,0.130568,0.254379,1.574806
2004-08-08,0.000000,Test,-0.346978,-0.069607,-0.038108,-0.043277,-0.021777,-0.027705,0.011332,0.052881,0.143892,0.279984,1.646289
2004-08-09,0.000000,Test,-0.391926,-0.117654,-0.081341,-0.053290,-0.024656,-0.022527,0.027666,0.056036,0.140585,0.343158,1.876955
2004-08-10,0.000000,Test,-0.394585,-0.111642,-0.059794,-0.044817,-0.002384,0.008104,0.047882,0.105562,0.257690,0.460609,2.242604
2004-08-11,0.000000,Test,-0.383893,-0.106974,-0.049161,-0.041406,-0.002337,0.009542,0.051148,0.109321,0.252350,0.446161,2.145097
2004-08-12,0.000000,Test,-0.368423,-0.092886,-0.044921,-0.046003,-0.016755,-0.012670,0.025905,0.076731,0.195028,0.353461,1.865946
2004-08-13,0.000000,Test,-0.364938,-0.085532,-0.041399,-0.043806,-0.017980,-0.015830,0.023666,0.071797,0.182166,0.329612,1.792581
2004-08-14,0.000000,Test,-0.362438,-0.081487,-0.039081,-0.042720,-0.018371,-0.017356,0.022994,0.069874,0.176479,0.318423,1.758865
2004-08-15,0.000000,Test,-0.362555,-0.080121,-0.038356,-0.042399,-0.018844,-0.018221,0.022611,0.068418,0.173043,0.311811,1.741330
2004-08-16,0.000000,Test,-0.355436,-0.076052,-0.035132,-0.042140,-0.017723,-0.018278,0.023852,0.070379,0.175591,0.314739,1.746485
2004-08-17,0.000000,Test,-0.351593,-0.073071,-0.038654,-0.044582,-0.016509,-0.020159,0.025455,0.073101,0.182232,0.329245,1.789776
2004-08-18,0.000000,Test,-0.334315,-0.065770,-0.026999,-0.040620,-0.011153,-0.014501,0.030893,0.081981,0.193584,0.342013,1.812276
2004-08-19,0.000000,Test,-0.346194,-0.071402,-0.033970,-0.043532,-0.014621,-0.017100,0.028773,0.078048,0.190546,0.337629,1.808445
2004-08-20,0.000000,Test,-0.341067,-0.070261,-0.030304,-0.042989,-0.013745,-0.015521,0.029985,0.080554,0.194965,0.342355,1.818445
2004-08-21,0.000000,Test,-0.347163,-0.073221,-0.033273,-0.044386,-0.015825,-0.016739,0.028679,0.078085,0.192869,0.338384,1.812903
2004-08-22,0.000000,Test,-0.360157,-0.079880,-0.039165,-0.046445,-0.018838,-0.017986,0.026731,0.074187,0.189544,0.332388,1.806487
2004-08-23,0.000000,Test,-0.371388,-0.084903,-0.047050,-0.049168,-0.020481,-0.019535,0.026284,0.072528,0.190916,0.336248,1.829235
2004-08-24,0.000000,Test,-0.391633,-0.096456,-0.051361,-0.046757,-0.018920,-0.014909,0.029336,0.071874,0.187225,0.331352,1.834325
2004-08-25,0.000000,Test,-0.402079,-0.102598,-0.055675,-0.046226,-0.017365,-0.012432,0.032401,0.073425,0.190855,0.339588,1.873281
2004-08-26,0.000000,Test,-0.394743,-0.098507,-0.056453,-0.048658,-0.020342,-0.015058,0.029032,0.071109,0.197443,0.352821,1.919839
2004-08-27,0.000000,Test,-0.380515,-0.090447,-0.053288,-0.050053,-0.021472,-0.017513,0.027632,0.072015,0.205914,0.367220,1.955909
2004-08-28,0.000000,Test,-0.374710,-0.090546,-0.046995,-0.052477,-0.019705,-0.018194,0.029279,0.075076,0.201000,0.350514,1.887695
2004-08-29,0.000000,Test,-0.371741,-0.089648,-0.046301,-0.053206,-0.019366,-0.017830,0.030556,0.078202,0.206978,0.357053,1.900814
2004-08-30,0.000000,Test,-0.371015,-0.089628,-0.047747,-0.054336,-0.019409,-0.017751,0.031535,0.080625,0.213659,0.366680,1.928556
2004-08-31,0.000000,Test,-0.357521,-0.083830,-0.043039,-0.053965,-0.017758,-0.016833,0.033367,0.086123,0.223060,0.380511,1.957192
2004-09-01,0.000000,Test,-0.339641,-0.075862,-0.036609,-0.052239,-0.013248,-0.014037,0.037698,0.094711,0.235645,0.400327,1.999640
2004-09-02,0.000000,Test,-0.350331,-0.096574,-0.077157,-0.077429,-0.025918,-0.031046,0.030040,0.086743,0.235433,0.451034,2.207216
2004-09-03,0.000000,Test,-0.363739,-0.094126,-0.057288,-0.058456,-0.007406,-0.004461,0.050186,0.115471,0.291796,0.499873,2.335577
2004-09-04,0.000000,Test,-0.369270,-0.098822,-0.054436,-0.057222,-0.009630,-0.003182,0.051272,0.114154,0.289477,0.491223,2.301253
2004-09-05,0.000000,Test,-0.364608,-0.100291,-0.054673,-0.061227,-0.012402,-0.007168,0.047324,0.113510,0.288659,0.485643,2.277419
2004-09-06,0.000000,Test,-0.359255,-0.094138,-0.053271,-0.060541,-0.014118,-0.009891,0.045153,0.110826,0.282556,0.473272,2.234382
2004-09-07,0.000000,Test,-0.350762,-0.088403,-0.051215,-0.060106,-0.012709,-0.010339,0.046533,0.114218,0.285038,0.474218,2.225128
2004-09-08,0.000000,Test,-0.349922,-0.088086,-0.049997,-0.059865,-0.014181,-0.010534,0.045756,0.114089,0.284523,0.469022,2.204641
2004-09-09,0.000000,Test,-0.363927,-0.094981,-0.056960,-0.062783,-0.018896,-0.013055,0.042964,0.109673,0.281689,0.460612,2.189839
2004-09-10,0.000000,Test,-0.364509,-0.095317,-0.058926,-0.063863,-0.020557,-0.014251,0.041459,0.108195,0.282240,0.462036,2.198517
2004-09-11,0.000000,Test,-0.365614,-0.097124,-0.059811,-0.065138,-0.020887,-0.014228,0.042189,0.110573,0.285878,0.463550,2.198304
2004-09-12,0.000000,Test,-0.368250,-0.099060,-0.061975,-0.066376,-0.021879,-0.014524,0.042130,0.111174,0.288848,0.466296,2.207644
2004-09-13,0.000000,Test,-0.349072,-0.090862,-0.055431,-0.064706,-0.018086,-0.012484,0.045156,0.118772,0.298375,0.482725,2.237329
2004-09-14,0.000000,Test,-0.343928,-0.089207,-0.054594,-0.064722,-0.016854,-0.011379,0.046814,0.122584,0.304897,0.491992,2.258323
2004-09-15,0.000000,Test,-0.342286,-0.089361,-0.055027,-0.065202,-0.016647,-0.010640,0.047933,0.125453,0.310838,0.499444,2.276008
2004-09-16,0.000000,Test,-0.353165,-0.095297,-0.060622,-0.068061,-0.020574,-0.013043,0.045706,0.122406,0.309974,0.495581,2.272133
2004-09-17,0.000000,Test,-0.358339,-0.098506,-0.064116,-0.069944,-0.022701,-0.014169,0.044660,0.121552,0.311958,0.497265,2.281156
2004-09-18,0.000000,Test,-0.357932,-0.099433,-0.065360,-0.071132,-0.023392,-0.014489,0.044634,0.123067,0.316283,0.503125,2.296157
2004-09-19,0.000000,Test,-0.366716,-0.105148,-0.072003,-0.074020,-0.026802,-0.015502,0.043255,0.123062,0.323963,0.513153,2.329896
2004-09-20,0.000000,Test,-0.365342,-0.106188,-0.079846,-0.076069,-0.030434,-0.016074,0.040829,0.124542,0.343744,0.554157,2.455093
2004-09-21,0.000000,Test,-0.358965,-0.098634,-0.065195,-0.071784,-0.024527,-0.016697,0.042553,0.117387,0.309035,0.493844,2.281724
2004-09-22,0.000000,Test,-0.364786,-0.102158,-0.065906,-0.072184,-0.023630,-0.015141,0.045281,0.120874,0.312861,0.492417,2.273715
2004-09-23,0.000000,Test,-0.344769,-0.093097,-0.059206,-0.069855,-0.018607,-0.012774,0.049017,0.128838,0.321445,0.510171,2.307753
2004-09-24,0.000000,Test,-0.345465,-0.093524,-0.062110,-0.071002,-0.018464,-0.012851,0.050024,0.131214,0.327533,0.520450,2.338821
2004-09-25,0.000000,Test,-0.344384,-0.094103,-0.059476,-0.069863,-0.018515,-0.011019,0.050807,0.132792,0.330381,0.521487,2.336221
2004-09-26,0.000000,Test,-0.335745,-0.090936,-0.055814,-0.068215,-0.014825,-0.007748,0.054951,0.139966,0.339287,0.532956,2.356300
2004-09-27,0.000000,Test,-0.344930,-0.095987,-0.060578,-0.070604,-0.018413,-0.009534,0.053325,0.138362,0.340363,0.531064,2.354428
2004-09-28,0.000000,Test,-0.351037,-0.098985,-0.063625,-0.072049,-0.020636,-0.010410,0.052577,0.137508,0.341329,0.529270,2.351008
2004-09-29,0.000000,Test,-0.350644,-0.099073,-0.063898,-0.072466,-0.021084,-0.010427,0.052712,0.138451,0.343088,0.530475,2.351434
2004-09-30,0.000000,Test,-0.349268,-0.098722,-0.063751,-0.072634,-0.021101,-0.010168,0.053191,0.139888,0.345453,0.533075,2.355233
2004-10-01,,,-0.317520,0.161265,0.239876,0.448772,0.735216,0.867808,1.044109,1.628197,3.234875,4.658708,14.148498
2004-10-02,,,-0.324655,0.151702,0.231697,0.443469,0.731083,0.865428,1.038267,1.629963,3.268770,4.724193,14.382221
2005-10-17,0.000000,Test,,,,,,,,,,,
2005-10-18,0.000000,Test,,,,,,,,,,,
2005-10-19,0.000000,Test,-0.390098,-0.132710,-0.080677,0.033419,0.169350,0.286128,0.457747,0.784144,1.677839,2.365453,6.947533
2005-10-20,0.000000,Test,-0.497530,-0.247633,-0.224168,-0.084827,0.044774,0.149411,0.322335,0.656178,1.617699,2.447066,7.668489
2005-10-21,0.000000,Test,-0.441646,-0.199145,-0.152381,-0.032593,0.088374,0.196889,0.350078,0.664406,1.515167,2.182859,6.652524
2005-10-22,0.000000,Test,-0.490416,-0.249066,-0.225148,-0.097057,0.014477,0.112342,0.260793,0.561935,1.387850,2.081568,6.574831
2005-10-23,0.000000,Test,-0.466860,-0.238916,-0.189922,-0.071447,0.039742,0.147303,0.284121,0.590641,1.398008,2.041939,6.299124
2005-10-24,0.000000,Test,-0.450673,-0.229318,-0.186808,-0.073255,0.032835,0.137354,0.269936,0.565402,1.300191,1.871112,5.718534
2005-10-25,0.000000,Test,-0.459194,-0.243124,-0.199721,-0.081008,0.024371,0.131742,0.261192,0.561015,1.290555,1.856219,5.628279
2005-10-26,0.000000,Test,-0.461403,-0.246757,-0.204202,-0.092336,0.004089,0.109089,0.229824,0.516628,1.200166,1.721302,5.258147
2005-10-27,0.000000,Test,-0.620293,-0.457694,-0.383280,-0.244809,-0.087878,0.030282,0.201642,0.634738,1.928619,3.507214,11.750491
2005-10-28,8.697007,Test,-0.795532,-0.535743,-0.260962,0.424154,2.074153,2.576060,4.661109,10.584316,29.118305,54.390160,139.554031
2005-10-31,10.629675,Test,,,,,,,,,,,
2005-11-01,2.899002,Test,,,,,,,,,,,
2005-11-02,1.449501,Test,-0.534987,-0.302188,-0.201883,-0.039067,0.138019,0.318720,0.507756,0.983253,2.384631,3.474906,10.036242
2005-11-03,0.805278,Test,-0.677515,-0.495220,-0.418029,-0.249050,-0.015974,0.154584,0.403507,1.050214,3.096834,5.095366,15.876799
2005-11-04,0.483167,Test,-0.609741,-0.378274,-0.278902,-0.044142,0.175685,0.392107,0.644640,1.277308,3.197837,4.743737,13.571219
2005-11-05,0.322111,Test,-0.489103,-0.260872,-0.194047,-0.020943,0.136559,0.296985,0.487456,0.929400,2.055144,2.951097,8.183429
2005-11-06,0.161056,Test,-0.475358,-0.255133,-0.194642,-0.032944,0.109438,0.253808,0.428442,0.830010,1.784181,2.548767,7.078664
2005-11-07,0.000000,Test,-0.458320,-0.242895,-0.191822,-0.042043,0.086398,0.218538,0.381850,0.748066,1.592665,2.261116,6.299328
2005-11-08,0.000000,Test,-0.437375,-0.226321,-0.179539,-0.060525,0.053984,0.170190,0.310982,0.630998,1.361516,1.915245,5.557688
2005-11-09,0.000000,Test,-0.433628,-0.223011,-0.182653,-0.040645,0.074669,0.197472,0.349146,0.690880,1.390531,1.926592,5.328036
2005-11-10,0.000000,Test,-0.421566,-0.213592,-0.174686,-0.044414,0.065289,0.180979,0.322298,0.646076,1.281917,1.760487,4.922174
2005-11-11,0.000000,Test,-0.430114,-0.224197,-0.183096,-0.047257,0.063136,0.182650,0.322672,0.654580,1.295930,1.772667,4.920074
2005-11-12,0.000000,Test,-0.438082,-0.233085,-0.191718,-0.051216,0.059353,0.180636,0.318512,0.655716,1.302838,1.781917,4.934674
2005-11-13,0.000000,Test,-0.442624,-0.235206,-0.202171,-0.053385,0.060065,0.185851,0.325117,0.670278,1.309831,1.752369,4.866994
2005-11-14,0.000000,Test,-0.492998,-0.292056,-0.253550,-0.079181,0.073161,0.223207,0.382050,0.772959,1.549650,2.133868,5.872989
2005-11-15,0.000000,Test,-0.481950,-0.273560,-0.226900,-0.062639,0.061586,0.205415,0.343789,0.721789,1.488707,2.045395,5.670788
2005-11-16,0.000000,Test,-0.441347,-0.241554,-0.192269,-0.065285,0.043662,0.166440,0.283091,0.613576,1.254024,1.725345,4.883980
2005-11-17,0.000000,Test,-0.478026,-0.279036,-0.219869,-0.060310,0.062124,0.204790,0.338731,0.725733,1.489846,2.049001,5.580290
2005-11-18,0.000000,Test,-0.479560,-0.282797,-0.236631,-0.090555,0.037267,0.163352,0.288742,0.652401,1.406784,2.025433,5.724937
2005-11-19,24.480465,Test,-0.728226,-0.420167,-0.080703,1.039200,3.189665,4.424298,8.343917,15.843316,40.211529,71.317368,147.458023
2005-11-20,125.140269,Test,0.230453,1.508163,3.191889,10.334054,26.617752,31.350836,49.998833,100.482285,184.769882,271.978485,579.998108
2005-11-21,16.427680,Test,4.880099,10.986171,16.212505,47.704151,84.696808,104.785225,156.305161,249.991806,398.810699,535.368042,1090.348145
2005-11-22,201.319610,Test,3.712299,7.851691,12.005585,34.740780,67.841476,80.848793,118.519905,200.666656,324.426239,451.096619,897.284973
2005-11-23,43.807147,Test,2.422236,5.630002,8.299627,20.712719,33.461216,43.632923,53.557220,81.655373,130.834396,165.377869,361.962982
2005-11-24,24.158353,Test,-0.228535,0.505946,1.287490,3.625634,6.269042,8.632638,11.031549,17.857296,33.507839,44.726959,96.596169
2005-11-25,16.749792,Test,-0.436846,0.006157,0.433118,1.480185,2.630224,3.607771,4.702332,7.454545,13.965463,18.983612,40.092480
2005-11-26,11.918121,Test,-0.459826,-0.091652,0.210093,0.983434,1.796559,2.442669,3.243368,5.065339,9.058928,12.222103,25.726469
2005-11-27,10.146508,Test,-0.465340,-0.116979,0.146239,0.870026,1.636061,2.230957,2.965631,4.587012,8.031648,10.840254,23.179768
2005-11-28,8.213840,Test,-0.541658,-0.171375,0.063410,0.901126,1.763730,2.447342,3.421574,5.480145,10.357059,14.433435,32.309021
2005-11-29,2.899002,Test,-0.534896,-0.174995,0.144935,1.039808,1.915931,2.681296,3.655638,5.848143,11.013305,15.196248,33.130085
2005-11-30,2.093724,Test,-0.479584,-0.127621,0.200596,1.052748,1.878268,2.604843,3.458056,5.384646,9.607135,12.912818,27.636543
2005-12-01,1.771613,Test,-0.465945,-0.061142,0.251404,1.255964,2.178561,2.921875,3.959833,6.107572,10.863611,14.740529,32.355244
2005-12-02,4.187448,Test,-0.638601,-0.236426,0.195521,1.718234,3.988707,5.532215,8.640091,15.597743,33.531036,49.874260,122.112953
2005-12-03,8.052784,Test,-0.435814,0.186403,0.860221,3.190375,6.057149,8.478390,11.716825,19.632652,38.413464,53.511246,126.538170
2005-12-04,6.281172,Test,-0.413434,0.076818,0.661112,2.246243,3.944255,5.469321,7.301714,11.458506,21.786901,30.429874,68.656197
2005-12-05,4.992726,Test,-0.408390,0.028557,0.530075,1.809033,3.152623,4.216332,5.622292,8.513293,15.857124,22.328644,49.999901
2005-12-06,4.670615,Test,-0.373851,0.031065,0.418654,1.436133,2.370230,3.190139,4.132538,6.196741,10.500751,13.765274,28.945053
2005-12-07,6.925395,Test,-0.428688,-0.082239,0.233474,1.052529,1.775829,2.418391,3.153251,4.825759,8.178491,10.676366,22.141012
2005-12-08,2.576891,Test,-0.513881,-0.240677,-0.021181,0.546970,1.017845,1.457124,1.964278,3.186664,5.639132,7.501628,15.788834
2005-12-09,2.093724,Test,-0.543230,-0.308856,-0.113466,0.350515,0.726037,1.080908,1.490012,2.511755,4.656320,6.380749,13.656494
2005-12-10,1.771613,Test,-0.548480,-0.326264,-0.179619,0.198622,0.480364,0.772151,1.088398,1.924500,3.599863,4.861210,10.756889
2005-12-11,1.449501,Test,-0.545284,-0.331724,-0.216306,0.100890,0.330929,0.583056,0.836291,1.544888,2.920186,3.891923,8.949614
2005-12-12,1.449501,Test,-0.540579,-0.337338,-0.218410,0.073376,0.323600,0.580065,0.816720,1.491266,2.785104,3.714531,8.694085
2005-12-13,1.288446,Test,-0.545901,-0.341734,-0.223140,0.070087,0.313847,0.568111,0.800357,1.473652,2.772202,3.698882,8.656577
2005-12-14,1.127390,Test,-0.552558,-0.347509,-0.228451,0.068440,0.311908,0.566439,0.797617,1.475721,2.797460,3.744550,8.778069
2005-12-15,1.127390,Test,-0.558292,-0.351849,-0.232666,0.067324,0.297574,0.549186,0.774587,1.455226,2.798029,3.751494,8.786607
2005-12-16,0.966334,Test,-0.550980,-0.349175,-0.239754,0.031709,0.240782,0.472724,0.675282,1.297802,2.525479,3.390387,8.096788
2005-12-17,0.805278,Test,-0.517400,-0.329958,-0.241055,-0.041914,0.132472,0.324731,0.478400,0.969102,1.910177,2.562924,6.512256
2005-12-18,0.805278,Test,-0.522403,-0.331859,-0.243085,-0.037564,0.134210,0.327217,0.481692,0.981134,1.948090,2.614543,6.602594
2005-12-19,0.805278,Test,-0.538569,-0.338313,-0.245376,-0.005609,0.164025,0.366250,0.534998,1.084678,2.170895,2.919338,7.169951
2005-12-20,0.805278,Test,-0.512135,-0.315379,-0.233473,-0.026229,0.117047,0.292131,0.436861,0.919623,1.859295,2.507217,6.325715
2005-12-21,0.644223,Test,-0.469899,-0.278465,-0.211940,-0.054316,0.065063,0.209992,0.323670,0.720226,1.461429,1.951509,5.191386
2005-12-22,0.483167,Test,-0.458607,-0.268812,-0.204393,-0.056804,0.058013,0.196263,0.303899,0.683714,1.385266,1.846912,4.966422
2005-12-23,0.483167,Test,-0.514639,-0.323981,-0.268195,-0.067128,0.098134,0.265933,0.422639,0.901730,1.922584,2.721271,7.241395
2005-12-24,7.730673,Test,-0.726308,-0.495672,-0.404266,-0.097792,0.259373,0.612931,0.857492,1.959913,5.389761,7.925224,23.029863
2005-12-25,57.657936,Test,-0.358140,0.645426,1.419640,5.297908,15.395705,18.366896,30.727036,64.966911,147.471649,190.123871,404.227234
2005-12-26,290.544461,Test,0.069541,1.451877,2.654241,8.535036,20.614958,24.605453,35.532013,69.865013,138.476013,194.505051,423.223969
2005-12-27,47.994595,Test,-0.353542,0.355354,1.061808,3.456766,6.597589,9.108350,11.840485,20.997770,42.181778,56.577675,123.566223
2005-12-28,23.836242,Test,-0.557909,-0.145798,0.164419,1.054505,2.098657,2.971449,3.879408,6.799046,14.469767,20.482306,45.949745
2005-12-29,16.266624,Test,-0.537999,-0.223311,0.067088,0.706848,1.374918,1.985466,2.613506,4.378784,8.542510,11.878147,25.571772
2005-12-30,12.723399,Test,-0.531055,-0.256889,-0.016778,0.521465,1.014503,1.464786,1.982981,3.350307,6.377361,8.879635,18.761232
2005-12-31,10.951787,Test,-0.520338,-0.244707,-0.014770,0.550359,1.042098,1.492774,2.012045,3.358666,6.155801,8.411269,17.694880
2006-01-01,9.824397,Training,-0.519054,-0.258377,-0.051154,0.466289,0.894378,1.307104,1.752646,2.944441,5.298412,7.101056,14.895555
2006-01-02,9.019119,Training,-0.517087,-0.265362,-0.075781,0.398785,0.802596,1.194171,1.586367,2.663402,4.707473,6.194516,13.114411
2006-01-03,8.213840,Training,-0.521899,-0.275230,-0.091525,0.374109,0.752672,1.125952,1.498279,2.537203,4.483754,5.883074,12.469130
2006-01-04,7.891729,Training,-0.524605,-0.285708,-0.106760,0.333964,0.699872,1.058015,1.402863,2.386614,4.209042,5.509791,11.775620
2006-01-05,6.442228,Training,-0.530624,-0.299151,-0.127135,0.288151,0.646809,0.988612,1.310045,2.241350,3.965064,5.215216,11.330432
2006-01-06,2.576891,Training,-0.596896,-0.358828,-0.214826,0.249282,0.649053,1.031256,1.463684,2.573161,4.983484,7.006516,16.173582
2006-01-07,2.254780,Training,-0.605295,-0.382175,-0.186451,0.231342,0.663023,1.082884,1.443396,2.505964,4.951106,7.045970,16.687256
2006-01-08,1.771613,Training,-0.583589,-0.370107,-0.175264,0.212960,0.612648,1.001208,1.327067,2.318699,4.482384,6.320399,14.617353
2006-01-09,1.610557,Training,-0.567797,-0.342156,-0.135407,0.297514,0.707373,1.102396,1.449072,2.501901,4.664844,6.415901,14.369777
2006-01-10,1.288446,Training,-0.552644,-0.324487,-0.116526,0.318199,0.727453,1.116156,1.457731,2.496853,4.573191,6.212290,13.776484
2006-01-11,1.288446,Training,-0.563375,-0.345039,-0.175041,0.203060,0.513129,0.832677,1.113211,2.004499,3.775317,5.116233,11.368076
2006-01-12,1.127390,Training,-0.556410,-0.347428,-0.208674,0.112761,0.354830,0.618571,0.846096,1.594650,3.067562,4.164380,9.448204
2006-01-13,0.966334,Training,-0.539760,-0.336092,-0.233728,0.031456,0.229971,0.445802,0.628615,1.244330,2.441726,3.327755,7.921412
2006-01-14,0.966334,Training,-0.514421,-0.320225,-0.240782,-0.035721,0.140773,0.323778,0.467691,0.966601,1.935207,2.657622,6.723643
2006-01-15,1.449501,Training,-0.676701,-0.419611,-0.291679,0.160712,0.815769,1.405196,2.016011,3.660234,9.343182,14.239957,38.569187
2006-01-16,6.442228,Training,-0.689770,-0.414210,-0.171497,0.366788,1.188755,2.009690,2.526473,4.728357,11.847333,17.212477,46.715904
2006-01-17,4.670615,Training,-0.628489,-0.382050,-0.174073,0.212326,0.696867,1.160732,1.467126,2.758660,6.308160,9.291377,22.599697
2006-01-18,3.704281,Training,-0.605327,-0.343372,-0.105051,0.396918,0.877202,1.360313,1.780985,3.196810,6.696320,9.701442,21.871189
2006-01-19,3.060058,Training,-0.575922,-0.346613,-0.164005,0.218270,0.540467,0.870771,1.169542,2.157257,4.400330,6.286498,14.081485
2006-01-20,2.576891,Training,-0.553809,-0.335694,-0.176999,0.163000,0.437242,0.720869,0.978464,1.825601,3.638306,5.107890,11.461504
2006-01-21,2.093724,Training,-0.541322,-0.330028,-0.186860,0.129546,0.375079,0.633797,0.865402,1.634033,3.210575,4.456507,10.053554
2006-01-22,1.771613,Training,-0.535694,-0.328438,-0.193521,0.112451,0.341089,0.587318,0.803077,1.532130,2.989819,4.126433,9.351043
2006-01-23,1.610557,Training,-0.536047,-0.330566,-0.198224,0.107045,0.330215,0.574594,0.783095,1.500786,2.916756,4.007933,9.101258
2006-01-24,1.449501,Training,-0.538426,-0.332465,-0.195494,0.119690,0.349532,0.602509,0.814613,1.549460,2.992969,4.097137,9.259698
2006-01-25,1.288446,Training,-0.579520,-0.368999,-0.266236,0.068353,0.352466,0.625027,0.908001,1.715162,3.655614,5.348355,12.984291
2006-01-26,1.449501,Training,-0.742759,-0.424798,-0.244998,0.468965,1.510924,2.476202,3.300108,6.752756,17.645735,24.933100,67.843513
2006-01-27,85.359514,Training,1.906027,6.080608,8.756459,29.305815,61.925156,75.375870,104.032700,185.144714,299.165222,345.094574,658.422729
2006-01-28,130.616163,Training,2.120817,4.614542,6.639729,15.692357,26.341763,36.315300,41.764130,61.625671,98.043625,125.189240,302.729340
2006-01-29,27.862634,Training,1.657135,3.579769,5.107055,12.365777,21.708826,29.453402,34.870029,51.621780,84.984222,117.418129,273.415375
2006-01-30,123.368657,Training,0.952288,2.630625,3.802532,9.331484,16.489737,22.476175,26.405685,40.050053,68.929855,97.540390,244.831558
2006-01-31,35.754363,Training,0.536362,1.825306,3.196777,7.143511,12.544045,17.014601,19.637642,30.131760,51.784996,71.178291,158.364655
2006-02-01,18.199293,Training,0.567238,1.676297,2.952896,5.992634,9.533838,12.698396,14.930191,21.336584,34.740799,45.747189,99.968826
2006-02-02,11.596010,Training,0.594990,1.827103,2.884577,6.324990,9.821687,12.606624,15.567746,21.786039,35.564804,46.835430,102.135292
2006-02-03,74.729839,Training,1.414653,3.726200,5.114240,14.080276,24.255922,30.601732,38.929852,60.071747,95.830101,124.269554,253.464432
2006-02-04,34.949084,Training,2.020861,4.455956,6.513672,15.010325,23.180477,30.688251,35.619606,51.875687,78.134277,97.637146,204.365112
2006-02-05,19.004571,Training,0.580699,1.693808,2.955112,6.165870,9.598936,12.975004,15.275548,21.916950,35.666138,45.853760,102.212158
2006-02-06,12.079177,Training,0.172828,0.926052,1.803244,3.733474,5.806691,7.726481,9.328927,13.170411,21.526518,27.871950,61.800560
2006-02-07,8.535951,Training,-0.024324,0.589436,1.267590,2.777137,4.318962,5.695377,7.015418,9.998090,16.334059,21.171682,45.967648
2006-02-08,6.603283,Training,-0.145338,0.371434,0.944850,2.215981,3.482326,4.583939,5.712080,8.265125,13.558065,17.776592,38.107731
2006-02-09,5.314838,Training,-0.260505,0.200398,0.666699,1.783745,2.871969,3.777256,4.793923,7.068023,11.827539,15.760859,34.046738
2006-02-10,4.509559,Training,-0.351382,0.062111,0.481505,1.515140,2.521124,3.327725,4.300413,6.507750,11.287782,15.629655,34.180111
2006-02-11,3.704281,Training,-0.424965,-0.048076,0.360829,1.352454,2.355756,3.134637,4.109669,6.392185,11.694897,17.068827,38.323814
2006-02-12,3.060058,Training,-0.432377,-0.064570,0.335105,1.288595,2.186603,2.981631,3.823000,5.994034,10.867289,15.399640,34.400475
2006-02-13,2.576891,Training,-0.462193,-0.143829,0.232712,1.055919,1.819083,2.516604,3.198314,5.114390,9.342929,13.348751,29.581213
2006-02-14,2.254780,Training,-0.494043,-0.207710,0.110324,0.807973,1.411683,1.992960,2.526300,4.137516,7.537004,10.557813,23.190592
2006-02-15,1.771613,Training,-0.548097,-0.331909,-0.146023,0.252103,0.552548,0.878913,1.146169,2.077162,3.964216,5.543822,12.286887
2006-02-16,1.610557,Training,-0.548815,-0.329885,-0.135843,0.284587,0.600455,0.937933,1.217267,2.188517,4.168764,5.861151,12.955402
2006-02-17,1.288446,Training,-0.542346,-0.337096,-0.207789,0.100575,0.318957,0.562481,0.752683,1.448252,2.819691,3.930999,9.095494
2006-02-18,1.288446,Training,-0.534669,-0.342110,-0.246305,0.006516,0.198767,0.395035,0.553792,1.136666,2.318936,3.383400,8.362442
2006-02-19,1.288446,Training,-0.630024,-0.405996,-0.292753,0.043764,0.355121,0.664917,0.894898,1.767721,3.986181,5.920623,15.151366
2006-02-20,1.288446,Training,-0.655497,-0.427333,-0.270845,0.092329,0.459869,0.843370,1.084498,2.099862,4.770935,7.066763,17.856232
2006-02-21,1.127390,Training,-0.629718,-0.408943,-0.273774,0.052384,0.410045,0.743883,0.976329,1.875188,4.160200,6.224467,15.501732
2006-02-22,1.127390,Training,-0.579357,-0.390023,-0.248695,-0.011854,0.245637,0.515050,0.667663,1.322945,2.807777,4.100233,10.257522
2006-02-23,0.966334,Training,-0.592599,-0.409514,-0.282084,-0.005994,0.350391,0.684133,0.918141,1.682641,3.533279,5.418133,14.069244
2006-02-24,0.966334,Training,-0.615636,-0.402091,-0.219166,0.111144,0.495863,0.875242,1.119634,2.053859,4.327506,6.479537,15.829908
2006-02-25,14.817123,Training,-0.522746,0.221477,0.630331,2.870817,6.384428,9.363235,12.260129,23.035557,52.483032,73.037201,179.143173
2006-02-26,42.196590,Training,0.018323,1.228111,2.209804,6.343984,12.161556,16.721052,20.577667,34.494320,60.935764,78.891495,174.427460
2006-02-27,13.689733,Training,-0.374175,0.194015,0.811971,2.337854,4.226786,6.107779,7.336957,12.274266,23.698254,33.099461,74.668808
2006-02-28,7.730673,Training,-0.318933,0.240715,0.823928,2.259415,3.830577,5.314752,6.550117,10.365340,18.864515,26.232536,58.237782
2006-03-01,5.475893,Training,-0.454781,-0.077504,0.338770,1.227132,2.112510,2.969133,3.729196,6.125678,11.379964,16.195684,35.019772
2006-03-02,5.153782,Training,-0.498223,-0.200282,0.109364,0.714177,1.324716,1.911037,2.414332,4.021936,7.504703,10.591362,22.892036
2006-03-03,6.925395,Training,-0.512824,-0.200660,0.081258,0.757734,1.368491,1.931183,2.508631,4.205982,7.881264,11.316195,24.690865
2006-03-04,15.300290,Training,-0.445377,0.238237,0.817972,3.280352,6.281700,8.865246,12.108570,21.657513,44.686863,64.292625,149.294769
2006-03-05,33.821694,Training,-0.307048,0.422147,1.130337,3.458777,6.442248,9.247247,11.314838,19.057709,36.197536,48.881325,112.754112
2006-03-06,18.682460,Training,-0.407013,0.091760,0.637788,1.990283,3.428299,4.935547,6.017944,9.913753,18.822876,26.271471,59.268497
2006-03-07,12.723399,Training,-0.445607,-0.061654,0.421586,1.439948,2.475483,3.455056,4.333757,7.111411,13.354279,19.727797,43.550159
2006-03-08,8.858063,Training,-0.510853,-0.231374,0.130209,0.801888,1.466089,2.057873,2.630157,4.428038,8.562991,12.991684,28.542164
2006-03-09,4.670615,Training,-0.530523,-0.280289,-0.019433,0.501688,0.943070,1.376932,1.780917,3.083278,5.930002,8.718813,18.895958
2006-03-10,3.704281,Training,-0.533657,-0.305724,-0.127768,0.259614,0.550749,0.863313,1.132053,2.042372,3.933043,5.595657,12.373169
2006-03-11,2.899002,Training,-0.528633,-0.316860,-0.158443,0.180140,0.422306,0.688161,0.910100,1.690141,3.289425,4.732453,10.617376
2006-03-12,2.576891,Training,-0.516757,-0.341773,-0.197712,0.023456,0.194197,0.382233,0.496381,1.053014,2.277674,3.469790,8.610160
2006-03-13,2.254780,Training,-0.519022,-0.342874,-0.200586,0.032138,0.203661,0.397313,0.515662,1.081697,2.318672,3.515840,8.614090
2006-03-14,2.093724,Training,-0.479504,-0.300846,-0.198156,-0.017954,0.112344,0.266230,0.353157,0.794843,1.695407,2.512837,6.466557
2006-03-15,1.610557,Training,-0.474321,-0.280999,-0.199848,0.001501,0.129633,0.285384,0.390416,0.837920,1.682353,2.396301,6.011890
2006-03-16,1.610557,Training,-0.415306,-0.225031,-0.167248,-0.032935,0.065396,0.185380,0.257844,0.595317,1.169370,1.620051,4.389864
2006-03-17,2.737947,Training,-0.455189,-0.121910,0.077622,0.661803,1.009876,1.365843,1.463071,2.210283,4.504816,7.011904,17.160765
2006-03-18,10.468620,Training,-0.490301,0.288307,0.805751,3.237898,7.855878,10.188346,12.742964,26.808258,61.758568,87.013725,199.042114
2006-03-19,14.495012,Training,-0.574676,-0.012413,0.333393,1.728483,4.056281,5.328768,6.460758,13.484936,31.023687,45.971848,106.139740
2006-03-20,19.487738,Training,-0.506070,0.133203,0.577751,2.411384,5.166153,7.011468,8.565233,17.408609,38.881897,56.818214,121.432045
2006-03-21,43.001869,Training,-0.387334,0.475142,1.016651,3.778995,8.077550,10.805206,13.512831,26.906570,56.955181,79.642990,167.799286
2006-03-22,26.413133,Training,-0.481390,0.046579,0.560688,2.019626,3.852327,5.315192,6.536514,12.122478,25.000994,36.104946,78.463905
2006-03-23,17.716126,Training,-0.615310,-0.273563,0.091507,0.918465,2.008162,2.785648,3.587835,6.865877,15.068931,23.995630,55.602806
2006-03-24,17.071903,Training,-0.622690,-0.342372,0.021946,0.725684,1.540388,2.172530,2.778847,5.187550,11.279824,18.097763,43.156403
2006-03-25,13.689733,Training,-0.582104,-0.336219,-0.059929,0.445543,0.919442,1.362974,1.761292,3.192113,6.675103,10.317029,23.428829
2006-03-26,11.757065,Training,-0.577775,-0.356751,-0.095272,0.371217,0.785691,1.177277,1.525596,2.759547,5.653194,8.719355,19.885542
2006-03-27,10.468620,Training,-0.567448,-0.362544,-0.140877,0.256474,0.584652,0.907397,1.188195,2.181405,4.444329,6.772959,15.497652
2006-03-28,8.858063,Training,-0.546887,-0.333597,-0.161322,0.205151,0.468771,0.755663,1.005289,1.854781,3.616414,5.297685,11.921556
2006-03-29,3.382169,Training,-0.540194,-0.335330,-0.183712,0.140499,0.363164,0.615890,0.823116,1.560543,3.069211,4.492910,10.312531
2006-03-30,2.899002,Training,-0.551982,-0.368052,-0.213824,0.054987,0.238810,0.458280,0.597809,1.231432,2.617578,3.978855,9.716512
2006-03-31,2.415835,Training,-0.547465,-0.363880,-0.217466,0.043548,0.216635,0.429463,0.558778,1.165784,2.479881,3.757016,9.210416
2006-04-01,1.932668,Training,-0.543846,-0.359532,-0.222210,0.027042,0.185076,0.387922,0.500540,1.071498,2.298674,3.486271,8.645652
2006-04-02,1.610557,Training,-0.535946,-0.350081,-0.223174,-0.003993,0.124510,0.307541,0.386884,0.886181,1.959866,3.007897,7.684820
2006-04-03,1.449501,Training,-0.521495,-0.329641,-0.217683,-0.024596,0.080101,0.244531,0.302868,0.737051,1.667030,2.565325,6.732947
2006-04-04,1.288446,Training,-0.497166,-0.306808,-0.210174,-0.021672,0.085462,0.241344,0.306034,0.727781,1.607175,2.431233,6.392622
2006-04-05,1.288446,Training,-0.417481,-0.225069,-0.176932,-0.030182,0.058832,0.171443,0.226315,0.551088,1.162610,1.772074,4.956998
2006-04-06,1.449501,Training,-0.408122,-0.205165,-0.156450,-0.033273,0.050428,0.156058,0.193410,0.481607,1.039022,1.585330,4.659774
2006-04-07,1.288446,Training,-0.386411,-0.187422,-0.134578,-0.032222,0.043832,0.143710,0.176475,0.441157,0.947246,1.427877,4.252608
2006-04-08,0.966334,Training,-0.367568,-0.170357,-0.120732,-0.040751,0.027582,0.111971,0.138877,0.372802,0.811183,1.223984,3.811300
2006-04-09,0.966334,Training,-0.337478,-0.140843,-0.095708,-0.040298,0.023897,0.091984,0.122080,0.325213,0.681789,1.014534,3.275445
2006-04-10,0.805278,Training,-0.344878,-0.142163,-0.101537,-0.045870,0.010718,0.077386,0.101333,0.300346,0.663738,1.000036,3.312946
2006-04-11,0.805278,Training,-0.309695,-0.109913,-0.077541,-0.039487,0.019207,0.064330,0.094839,0.264077,0.549087,0.845814,2.930351
2006-04-12,0.805278,Training,-0.310896,-0.115266,-0.080766,-0.036033,0.029219,0.073489,0.103563,0.273711,0.553738,0.879715,3.036494
2006-04-13,0.805278,Training,-0.331711,-0.124613,-0.075722,-0.040896,0.018149,0.069950,0.092320,0.257610,0.553904,0.857001,3.054406
2006-04-14,0.966334,Training,-0.352588,-0.149231,-0.083778,0.019019,0.081836,0.155170,0.171462,0.352360,0.691101,1.153119,3.650557
2006-04-15,1.449501,Training,-0.417865,-0.194497,-0.126926,-0.034058,0.060022,0.152091,0.164641,0.403161,0.911718,1.424807,4.797640
2006-04-16,1.288446,Training,-0.363030,-0.148132,-0.087315,-0.012207,0.072048,0.153500,0.179271,0.401793,0.824214,1.276390,4.069183
2006-04-17,1.127390,Training,-0.342174,-0.134443,-0.076307,-0.012004,0.060294,0.135264,0.162760,0.372386,0.751569,1.143649,3.642739
2006-04-18,0.966334,Training,-0.324924,-0.113939,-0.066363,-0.017334,0.040841,0.100663,0.126980,0.312143,0.641888,0.976633,3.277047
2006-04-19,0.805278,Training,-0.314826,-0.101387,-0.059820,-0.017942,0.033557,0.085583,0.113637,0.287108,0.589386,0.893347,3.062312
2006-04-20,0.805278,Training,-0.301855,-0.088334,-0.057323,-0.013492,0.039147,0.082827,0.115936,0.282090,0.561247,0.862654,2.958649
2006-04-21,0.805278,Training,-0.304794,-0.093033,-0.064537,-0.009494,0.046329,0.094040,0.130119,0.304962,0.592865,0.912165,3.020868
2006-04-22,0.966334,Training,-0.368236,-0.114938,-0.052675,0.173494,0.243606,0.369920,0.389373,0.659219,1.182191,1.815364,4.771553
2006-04-23,0.966334,Training,-0.535356,-0.150446,-0.093872,0.270002,0.538729,0.830642,0.790419,1.625422,3.650232,5.409196,15.962930
2006-04-24,5.475893,Training,-0.477162,-0.149163,-0.075424,0.129009,0.248167,0.401790,0.382562,0.802983,1.714699,2.594625,8.305749
2006-04-25,3.865337,Training,-0.417383,-0.114524,-0.025505,0.122098,0.182423,0.305180,0.291210,0.589252,1.226086,1.858924,5.762446
2006-04-26,2.415835,Training,-0.420360,-0.132779,-0.076077,0.045735,0.073244,0.161508,0.156983,0.359405,0.793076,1.288387,4.216598
2006-04-27,1.932668,Training,-0.387556,-0.102535,-0.059227,0.028949,0.043005,0.108326,0.117774,0.273610,0.595168,0.948093,3.279276
2006-04-28,1.610557,Training,-0.332234,-0.076547,-0.042525,0.018086,0.043066,0.093514,0.114859,0.270644,0.564593,0.886034,3.106041
2006-04-29,1.288446,Training,-0.312603,-0.066940,-0.043211,0.015772,0.042282,0.088684,0.112605,0.267845,0.556928,0.873027,3.055131
2006-04-30,1.288446,Training,-0.319849,-0.065251,-0.045649,0.010470,0.026212,0.068360,0.090321,0.226888,0.482792,0.768244,2.801117
2006-05-01,1.288446,Training,-0.305163,-0.055038,-0.035833,-0.000266,0.016526,0.046382,0.073842,0.190335,0.394650,0.629491,2.445163
2006-05-02,1.127390,Training,-0.291908,-0.050339,-0.036807,0.000560,0.018906,0.050106,0.076136,0.197191,0.414385,0.659772,2.520170
2006-05-03,0.966334,Training,-0.274576,-0.040096,-0.023878,-0.003787,0.018303,0.040023,0.069848,0.177462,0.355911,0.565150,2.256110
2006-05-04,0.805278,Training,-0.266585,-0.035613,-0.020691,-0.003324,0.019603,0.039873,0.070433,0.174598,0.346897,0.551177,2.205859
2006-05-05,0.805278,Training,-0.273220,-0.037451,-0.022810,-0.009390,0.009554,0.026248,0.054639,0.149335,0.305788,0.496782,2.094397
2006-05-06,0.483167,Training,-0.282614,-0.040635,-0.026551,-0.014120,0.000376,0.014850,0.040923,0.126919,0.270328,0.452672,2.000826
2006-05-07,0.322111,Training,-0.280588,-0.040989,-0.027144,-0.015635,-0.000495,0.013700,0.038374,0.123376,0.266763,0.449401,1.993857
2006-05-08,0.161056,Training,-0.277104,-0.040337,-0.028614,-0.015025,0.000215,0.016277,0.038967,0.125969,0.276747,0.464610,2.029712
2006-05-09,0.000000,Training,-0.313604,-0.052030,-0.045576,-0.018845,-0.019053,-0.000933,0.014443,0.087611,0.225013,0.404143,1.905858
2006-05-10,0.000000,Training,-0.319378,-0.051870,-0.047122,-0.018612,-0.022448,-0.005469,0.008484,0.074384,0.203062,0.377488,1.841989
2006-05-11,0.000000,Training,-0.304175,-0.048823,-0.033359,-0.023588,-0.017620,-0.008242,0.011304,0.075233,0.185755,0.342346,1.731860
2006-05-12,0.000000,Training,-0.302049,-0.050014,-0.022199,-0.030041,-0.016185,-0.017203,0.009328,0.063291,0.144898,0.278225,1.548053
2006-05-13,0.000000,Training,-0.329346,-0.061917,-0.032578,-0.034115,-0.025352,-0.026019,-0.001167,0.045056,0.113987,0.234660,1.435411
2006-05-14,0.000000,Training,-0.319229,-0.056692,-0.027657,-0.032533,-0.022354,-0.024173,0.001633,0.048548,0.118885,0.242312,1.456924
2006-05-15,0.000000,Training,-0.331646,-0.063000,-0.033743,-0.034504,-0.026746,-0.027579,-0.003349,0.041740,0.109167,0.228990,1.422620
2006-05-16,0.000000,Training,-0.346763,-0.068085,-0.040083,-0.033658,-0.031105,-0.031320,-0.009940,0.029693,0.088904,0.205037,1.365481
2006-05-17,0.000000,Training,-0.354438,-0.070146,-0.043218,-0.031977,-0.032793,-0.032780,-0.013412,0.022737,0.076689,0.192171,1.337651
2006-05-18,0.000000,Training,-0.339557,-0.064902,-0.036746,-0.033819,-0.029283,-0.030740,-0.008247,0.031991,0.093860,0.212783,1.389581
2006-05-19,0.000000,Training,-0.320317,-0.057511,-0.028094,-0.032765,-0.022761,-0.025475,-0.000277,0.045226,0.115108,0.240087,1.455813
2006-05-20,0.000000,Training,-0.323534,-0.058372,-0.029641,-0.032575,-0.024350,-0.026547,-0.002159,0.042210,0.110950,0.234581,1.441088
2006-05-21,0.000000,Training,-0.319054,-0.056221,-0.027637,-0.031793,-0.022731,-0.025133,-0.000212,0.045010,0.115765,0.241041,1.457171
2006-05-22,0.000000,Training,-0.291802,-0.044779,-0.014966,-0.027359,-0.010348,-0.014362,0.013968,0.065913,0.147715,0.282319,1.554429
2006-05-23,0.000000,Training,-0.280063,-0.037824,-0.007696,-0.023537,-0.003623,-0.009398,0.020573,0.072143,0.154153,0.290482,1.567683
2006-05-24,0.000000,Training,-0.301012,-0.045225,-0.015926,-0.027174,-0.014497,-0.020497,0.007531,0.051103,0.119973,0.247229,1.470777
2006-05-25,0.000000,Training,-0.311383,-0.049247,-0.020852,-0.028628,-0.019337,-0.024949,0.001650,0.041704,0.105863,0.229758,1.431093
2006-05-26,0.000000,Training,-0.316597,-0.051195,-0.023607,-0.029484,-0.022081,-0.027718,-0.002245,0.035695,0.097058,0.219518,1.410022
2006-05-27,0.000000,Training,-0.333501,-0.057099,-0.030372,-0.029915,-0.027669,-0.032724,-0.009633,0.022223,0.074138,0.190776,1.341341
2006-05-28,0.000000,Training,-0.353389,-0.064416,-0.038914,-0.027983,-0.032254,-0.035725,-0.016655,0.009374,0.050786,0.163829,1.277809
2006-05-29,0.000000,Training,-0.334982,-0.057717,-0.031469,-0.030334,-0.028454,-0.033967,-0.011375,0.019509,0.070901,0.188785,1.343523
2006-05-30,0.000000,Training,-0.305936,-0.045925,-0.018673,-0.028232,-0.017433,-0.025594,0.001193,0.039368,0.102429,0.230290,1.446310
2006-05-31,0.000000,Training,-0.301642,-0.043656,-0.017122,-0.027407,-0.015490,-0.023866,0.003578,0.042893,0.107793,0.237054,1.461067
2006-06-01,0.000000,Training,-0.306732,-0.045729,-0.026762,-0.029266,-0.014552,-0.025857,0.003710,0.042018,0.106125,0.246495,1.493095
2006-06-02,0.000000,Training,-0.328439,-0.055294,-0.028749,-0.029768,-0.025157,-0.030668,-0.007332,0.026388,0.083515,0.206924,1.394219
2006-06-03,0.000000,Training,-0.338188,-0.059660,-0.033482,-0.030138,-0.028682,-0.033336,-0.011378,0.019550,0.072417,0.193006,1.359501
2006-06-04,0.000000,Training,-0.324221,-0.054747,-0.027915,-0.031060,-0.025699,-0.032014,-0.008229,0.026318,0.084766,0.208539,1.398787
2006-06-05,0.000000,Training,-0.334871,-0.058024,-0.032327,-0.030809,-0.029617,-0.035175,-0.013245,0.017584,0.069561,0.188959,1.350384
2006-06-06,0.000000,Training,-0.325567,-0.053753,-0.027882,-0.030399,-0.027095,-0.033731,-0.010409,0.022004,0.076291,0.197221,1.370709
2006-06-07,0.000000,Training,-0.319699,-0.051195,-0.025301,-0.030049,-0.025350,-0.032544,-0.008470,0.025248,0.081429,0.203711,1.386968
2006-06-08,0.000000,Training,-0.324206,-0.052764,-0.027182,-0.030199,-0.027356,-0.034169,-0.010892,0.021314,0.075024,0.195265,1.366113
2006-06-09,0.000000,Training,-0.318602,-0.050141,-0.024764,-0.029898,-0.025807,-0.033471,-0.009496,0.023331,0.078366,0.200074,1.379240
2006-06-10,0.000000,Training,-0.324137,-0.052115,-0.027156,-0.030016,-0.028266,-0.035407,-0.012618,0.018239,0.070588,0.190266,1.356951
2006-06-11,0.000000,Training,-0.341633,-0.058481,-0.034435,-0.029330,-0.033030,-0.038540,-0.018601,0.007215,0.051355,0.166167,1.298763
2006-06-12,0.000000,Training,-0.381444,-0.082740,-0.064742,-0.015421,-0.027442,-0.029560,-0.009260,-0.000386,0.020762,0.175016,1.323708
2006-06-13,0.000000,Training,-0.379957,-0.006228,0.084329,0.258880,0.256607,0.304245,0.335418,0.354585,0.551889,0.923899,3.383049
2006-06-14,0.000000,Training,-0.461126,0.000915,0.044798,0.291332,0.376182,0.503593,0.587449,0.737783,1.119676,1.579278,5.473905
2006-06-15,0.000000,Training,-0.427909,0.015979,0.061504,0.294713,0.363486,0.478266,0.539424,0.694565,1.036951,1.514940,5.088774
2006-06-16,0.000000,Training,-0.466598,-0.085641,-0.052405,0.118694,0.166157,0.251552,0.280097,0.400728,0.671268,1.088292,4.029890
2006-06-17,0.000000,Training,-0.461250,-0.093366,-0.058207,0.069175,0.109683,0.163143,0.192969,0.290948,0.516155,0.869458,3.351247
2006-06-18,0.000000,Training,-0.456076,-0.103110,-0.075009,0.032351,0.047275,0.087542,0.112047,0.174576,0.323412,0.615178,2.594062
2006-06-19,0.000000,Training,-0.433997,-0.088976,-0.054246,0.027052,0.025301,0.053688,0.076891,0.118802,0.228403,0.451608,2.107179
2006-06-20,0.000000,Training,-0.390582,-0.070501,-0.034421,0.016581,0.016045,0.033943,0.062048,0.106376,0.208756,0.406804,1.963943
2006-06-21,0.000000,Training,-0.381493,-0.062804,-0.034988,0.009500,0.002864,0.014254,0.042762,0.079864,0.161972,0.336232,1.768446
2006-06-22,0.000000,Training,-0.388808,-0.061685,-0.040821,0.007770,-0.008004,0.000659,0.026163,0.053951,0.113769,0.267879,1.587684
2006-06-23,0.000000,Training,-0.371272,-0.053694,-0.036639,0.000369,-0.012490,-0.009082,0.019113,0.047717,0.109116,0.258114,1.567510
2006-06-24,0.000000,Training,-0.338835,-0.040118,-0.024959,-0.005004,-0.010167,-0.012504,0.019869,0.053441,0.122938,0.274203,1.611273
2006-06-25,0.000000,Training,-0.317005,-0.029769,-0.017303,-0.007045,-0.009159,-0.014944,0.018380,0.053244,0.123556,0.272381,1.604618
2006-06-26,0.000000,Training,-0.310011,-0.026590,-0.016317,-0.009820,-0.012596,-0.019893,0.012420,0.045451,0.112662,0.255932,1.563820
2006-06-27,0.000000,Training,-0.303688,-0.024179,-0.015546,-0.012321,-0.015357,-0.023981,0.007085,0.038306,0.103527,0.243126,1.535535
2006-06-28,0.000000,Training,-0.301092,-0.023449,-0.016367,-0.014785,-0.019044,-0.028425,0.000810,0.029520,0.092197,0.228118,1.503635
2006-06-29,0.000000,Training,-0.308587,-0.026622,-0.021399,-0.017236,-0.025907,-0.034848,-0.008779,0.014813,0.071734,0.201927,1.445939
2006-06-30,0.000000,Training,-0.302824,-0.019095,-0.020793,-0.013848,-0.028731,-0.038057,-0.016300,-0.000502,0.052342,0.183019,1.419817
2006-07-01,0.000000,Training,-0.303279,-0.023265,-0.023393,-0.018402,-0.030832,-0.039748,-0.018407,0.000020,0.056876,0.188572,1.434017
2006-07-02,0.000000,Training,-0.299936,-0.026387,-0.018201,-0.018945,-0.025789,-0.035157,-0.012556,0.010778,0.066312,0.194838,1.420949
2006-07-03,0.000000,Training,-0.306305,-0.031077,-0.021470,-0.021031,-0.028118,-0.036427,-0.014727,0.008487,0.063859,0.191022,1.410559
2006-07-04,0.000000,Training,-0.308520,-0.034476,-0.021620,-0.021871,-0.027231,-0.035031,-0.013319,0.011509,0.067199,0.193846,1.410159
2006-07-05,0.000000,Training,-0.316277,-0.042647,-0.024044,-0.025948,-0.028083,-0.035274,-0.012606,0.014743,0.070555,0.193663,1.399729
2006-07-06,0.000000,Training,-0.329420,-0.048718,-0.029476,-0.026999,-0.031976,-0.037843,-0.016935,0.007341,0.059127,0.178401,1.364712
2006-07-07,0.000000,Training,-0.345536,-0.060982,-0.036174,-0.032149,-0.034695,-0.039299,-0.017817,0.008733,0.059786,0.174538,1.346043
2006-07-08,0.000000,Training,-0.353747,-0.066662,-0.039610,-0.033729,-0.035562,-0.039383,-0.018000,0.009428,0.060303,0.173805,1.341296
2006-07-09,0.000000,Training,-0.364155,-0.071108,-0.043871,-0.032636,-0.036781,-0.039180,-0.019652,0.005963,0.053565,0.166094,1.325398
2006-07-10,0.000000,Training,-0.378684,-0.077243,-0.049373,-0.029622,-0.037246,-0.037567,-0.020788,0.002180,0.044020,0.156058,1.304707
2006-07-11,0.000000,Training,-0.404177,-0.087174,-0.060536,-0.023281,-0.035590,-0.033452,-0.020161,-0.002235,0.030564,0.145695,1.289298
2006-07-12,0.000000,Training,-0.400959,-0.088525,-0.065399,-0.033835,-0.038068,-0.038062,-0.020493,0.000986,0.048805,0.171495,1.369076
2006-07-13,0.000000,Training,-0.385142,-0.083982,-0.053840,-0.033809,-0.035647,-0.035072,-0.016528,0.008937,0.062068,0.183535,1.395122
2006-07-14,0.000000,Training,-0.381457,-0.080894,-0.050814,-0.032471,-0.036045,-0.036105,-0.017537,0.007047,0.056333,0.173000,1.359051
2006-07-15,0.000000,Training,-0.381929,-0.080883,-0.050724,-0.032064,-0.036273,-0.036183,-0.017759,0.006574,0.055529,0.171266,1.354602
2006-07-16,0.000000,Training,-0.372103,-0.076726,-0.046901,-0.034096,-0.035285,-0.036331,-0.015594,0.011338,0.066226,0.183286,1.385060
2006-07-17,0.000000,Training,-0.363615,-0.073009,-0.043194,-0.034991,-0.034098,-0.036024,-0.013488,0.015576,0.074252,0.191820,1.403963
2006-07-18,0.000000,Training,-0.364379,-0.072441,-0.045066,-0.035986,-0.034277,-0.037060,-0.013335,0.015626,0.075137,0.193174,1.407507
2006-07-19,0.000000,Training,-0.352404,-0.068050,-0.037834,-0.035631,-0.031928,-0.035013,-0.010090,0.021724,0.084910,0.203277,1.429464
2006-07-20,0.000000,Training,-0.347631,-0.066215,-0.035558,-0.035754,-0.030674,-0.034220,-0.008179,0.024851,0.090133,0.209253,1.443009
2006-07-21,0.000000,Training,-0.354694,-0.069163,-0.038352,-0.035443,-0.032148,-0.034497,-0.009631,0.022069,0.085601,0.202573,1.427343
2006-07-22,0.000000,Training,-0.355153,-0.069395,-0.038429,-0.035428,-0.031914,-0.034014,-0.008944,0.023021,0.087478,0.204568,1.433842
2006-07-23,0.000000,Training,-0.360054,-0.071661,-0.040369,-0.035148,-0.032304,-0.033560,-0.009068,0.022372,0.086501,0.203209,1.433155
2006-07-24,0.000000,Training,-0.352201,-0.068813,-0.037300,-0.036031,-0.030561,-0.032549,-0.006189,0.027923,0.096987,0.216206,1.465366
2006-07-25,0.000000,Training,-0.357742,-0.071358,-0.039389,-0.035792,-0.031137,-0.032153,-0.006432,0.027042,0.095461,0.213744,1.460662
2006-07-26,0.000000,Training,-0.356906,-0.071169,-0.038881,-0.036017,-0.030659,-0.031617,-0.005321,0.028835,0.098761,0.217411,1.470195
2006-07-27,0.000000,Training,-0.346249,-0.067069,-0.034466,-0.036635,-0.028017,-0.030210,-0.001555,0.035678,0.110745,0.232768,1.507229
2006-07-28,0.000000,Training,-0.346621,-0.067258,-0.034380,-0.036611,-0.027760,-0.029664,-0.000739,0.036749,0.112643,0.234637,1.511931
2006-07-29,0.000000,Training,-0.358618,-0.071355,-0.038872,-0.035431,-0.029957,-0.030215,-0.003443,0.030314,0.102008,0.221226,1.485043
2006-07-30,0.000000,Training,-0.364165,-0.073492,-0.040642,-0.034974,-0.030391,-0.030342,-0.004162,0.027537,0.097334,0.216042,1.478401
2006-07-31,0.000000,Training,-0.362261,-0.075359,-0.039695,-0.037793,-0.029224,-0.029860,-0.001361,0.033679,0.107702,0.227061,1.501033
2006-08-01,0.000000,Training,-0.359656,-0.074572,-0.038436,-0.038271,-0.028301,-0.029220,0.000324,0.036446,0.112693,0.233129,1.516268
2006-08-02,0.000000,Training,-0.358624,-0.074231,-0.037631,-0.038469,-0.027686,-0.028704,0.001568,0.038182,0.115530,0.236133,1.523433
2006-08-03,0.000000,Training,-0.364939,-0.077080,-0.039641,-0.038200,-0.028013,-0.028298,0.001567,0.036936,0.112975,0.232488,1.517103
2006-08-04,0.000000,Training,-0.344975,-0.068499,-0.031385,-0.038773,-0.023822,-0.026722,0.006839,0.046712,0.129668,0.254634,1.568378
2006-08-05,0.000000,Training,-0.352915,-0.071704,-0.034250,-0.038786,-0.025287,-0.027150,0.005516,0.043250,0.124429,0.247429,1.554726
2006-08-06,0.000000,Training,-0.360233,-0.075646,-0.036705,-0.039312,-0.025916,-0.026899,0.005635,0.042723,0.123223,0.244305,1.547325
2006-08-07,0.000000,Training,-0.353638,-0.073012,-0.034021,-0.039831,-0.024285,-0.026171,0.008037,0.046954,0.130967,0.254676,1.573719
2006-08-08,0.000000,Training,-0.351311,-0.072283,-0.033088,-0.040151,-0.023196,-0.025337,0.009936,0.049953,0.136382,0.261828,1.592279
2006-08-09,0.000000,Training,-0.354055,-0.073705,-0.033827,-0.040371,-0.023258,-0.024908,0.010543,0.050342,0.137304,0.262345,1.595079
2006-08-10,0.000000,Training,-0.372248,-0.082303,-0.040514,-0.039896,-0.024747,-0.024220,0.009586,0.046004,0.129554,0.252134,1.578481
2006-08-11,0.000000,Training,-0.356058,-0.075194,-0.034547,-0.041232,-0.022468,-0.023959,0.012740,0.053080,0.143396,0.270665,1.622571
2006-08-12,0.000000,Training,-0.365031,-0.079767,-0.037991,-0.041568,-0.023088,-0.023408,0.012927,0.052029,0.142220,0.268901,1.623476
2006-08-13,0.000000,Training,-0.350142,-0.072907,-0.031801,-0.041570,-0.020290,-0.022391,0.016370,0.058639,0.153054,0.283269,1.654292
2006-08-14,0.000000,Training,-0.329363,-0.063327,-0.022697,-0.039470,-0.013715,-0.018571,0.023101,0.069375,0.168341,0.305841,1.704936
2006-08-15,0.000000,Training,-0.320737,-0.059289,-0.018844,-0.038247,-0.010296,-0.015877,0.027015,0.075276,0.177125,0.317833,1.732066
2006-08-16,0.000000,Training,-0.334887,-0.069101,-0.044069,-0.050399,-0.015466,-0.025168,0.023376,0.071371,0.178097,0.341534,1.825032
2006-08-17,0.000000,Training,-0.412581,-0.135938,-0.084031,-0.043581,0.004831,0.013514,0.078209,0.113512,0.234938,0.497358,2.380075
2006-08-18,0.000000,Training,-0.447107,-0.149780,-0.092936,-0.049765,0.023339,0.047326,0.103376,0.183195,0.423532,0.720013,3.153229
2006-08-19,0.000000,Training,-0.413570,-0.132649,-0.058434,-0.038120,0.023071,0.049527,0.102833,0.182856,0.397256,0.660961,2.827228
2006-08-20,0.000000,Training,-0.408214,-0.124163,-0.062939,-0.052044,-0.010814,0.005189,0.050697,0.109706,0.269191,0.463185,2.220760
2006-08-21,0.000000,Training,-0.391410,-0.106786,-0.054408,-0.049474,-0.013175,-0.003703,0.042764,0.098222,0.241989,0.416975,2.069235
2006-08-22,0.000000,Training,-0.384108,-0.097013,-0.049731,-0.047659,-0.014799,-0.009131,0.038083,0.090207,0.222874,0.384349,1.971028
2006-08-23,0.000000,Training,-0.371532,-0.088449,-0.044704,-0.046946,-0.014658,-0.011283,0.037220,0.090379,0.221340,0.379842,1.949831
2006-08-24,0.000000,Training,-0.371718,-0.087435,-0.045072,-0.047437,-0.015983,-0.012913,0.035801,0.088046,0.217652,0.372684,1.930909
2006-08-25,0.000000,Training,-0.380244,-0.091212,-0.048545,-0.048208,-0.017524,-0.013840,0.034538,0.084274,0.212118,0.363816,1.915285
2006-08-26,0.000000,Training,-0.371868,-0.087315,-0.046612,-0.049443,-0.018020,-0.015154,0.033879,0.085304,0.215956,0.369399,1.928122
2006-08-27,0.000000,Training,-0.377704,-0.090799,-0.049679,-0.050693,-0.019006,-0.015392,0.033564,0.084138,0.216034,0.369231,1.934524
2006-08-28,0.000000,Training,-0.390488,-0.097973,-0.054789,-0.051154,-0.018885,-0.014157,0.034864,0.083227,0.215328,0.368824,1.946935
2006-08-29,0.000000,Training,-0.404084,-0.106066,-0.059691,-0.050615,-0.016831,-0.011514,0.038243,0.084004,0.216083,0.372996,1.977902
2006-08-30,0.000000,Training,-0.403786,-0.107230,-0.061953,-0.053232,-0.018251,-0.012303,0.037693,0.085238,0.223922,0.384759,2.016393
2006-08-31,0.000000,Training,-0.378485,-0.095343,-0.056028,-0.057078,-0.021580,-0.016809,0.033514,0.087704,0.234863,0.399137,2.035024
2006-09-01,0.000000,Training,-0.379779,-0.096291,-0.057164,-0.058065,-0.022535,-0.017562,0.032866,0.086597,0.234127,0.396994,2.028460
2006-09-02,0.000000,Training,-0.390013,-0.101845,-0.062302,-0.058597,-0.023015,-0.016668,0.033598,0.086013,0.236539,0.401007,2.050533
2006-09-03,0.000000,Training,-0.395193,-0.103243,-0.069071,-0.057734,-0.024478,-0.015703,0.032404,0.083660,0.246141,0.425564,2.144597
2006-09-04,0.000000,Training,-0.383325,-0.098391,-0.064649,-0.060852,-0.025612,-0.019536,0.030384,0.082962,0.245283,0.422766,2.130441
2006-09-05,0.000000,Training,-0.378244,-0.096599,-0.059153,-0.060307,-0.023207,-0.018447,0.031797,0.084228,0.239899,0.410243,2.082100
2006-09-06,0.000000,Training,-0.375669,-0.096795,-0.055539,-0.061238,-0.020525,-0.017622,0.035664,0.089961,0.242282,0.405851,2.054000
2006-09-07,0.000000,Training,-0.379099,-0.099222,-0.057836,-0.061778,-0.020201,-0.016114,0.037696,0.093384,0.250335,0.416080,2.085114
2006-09-08,0.000000,Training,-0.381356,-0.101297,-0.059165,-0.062365,-0.020100,-0.015264,0.038922,0.095509,0.255501,0.422466,2.105673
2006-09-09,0.000000,Training,-0.387987,-0.105592,-0.062383,-0.063095,-0.019587,-0.014046,0.040963,0.097661,0.260972,0.429803,2.134399
2006-09-10,0.000000,Training,-0.381045,-0.102692,-0.061386,-0.064213,-0.020566,-0.015063,0.040156,0.099457,0.266293,0.437084,2.148709
2006-09-11,0.000000,Training,-0.365156,-0.095468,-0.057259,-0.064304,-0.019762,-0.015540,0.040594,0.104186,0.273991,0.449906,2.169446
2006-09-12,0.000000,Training,-0.354430,-0.090973,-0.054166,-0.063691,-0.017604,-0.014237,0.042914,0.109801,0.282020,0.462275,2.192865
2006-09-13,0.000000,Training,-0.363729,-0.098435,-0.077668,-0.076499,-0.023928,-0.025421,0.037274,0.104716,0.282139,0.486351,2.297271
2006-09-14,0.000000,Training,-0.336571,-0.085876,-0.048486,-0.060238,-0.007304,-0.003322,0.054576,0.131151,0.319213,0.520683,2.348078
2006-09-15,0.000000,Training,-0.334436,-0.086216,-0.049106,-0.060488,-0.005878,-0.001759,0.058076,0.136785,0.329111,0.533132,2.374563
2006-09-16,0.000000,Training,-0.338986,-0.091481,-0.053274,-0.063520,-0.008922,-0.003086,0.056310,0.137352,0.335205,0.540659,2.399824
2006-09-17,0.000000,Training,-0.348928,-0.094985,-0.057702,-0.066234,-0.014879,-0.008142,0.051778,0.130469,0.324246,0.519943,2.343558
2006-09-18,0.000000,Training,-0.356548,-0.098190,-0.061404,-0.068423,-0.018831,-0.011139,0.048847,0.126130,0.318581,0.507782,2.312079
2006-09-19,0.000000,Training,-0.350486,-0.095620,-0.059774,-0.068221,-0.018279,-0.010784,0.049425,0.128637,0.321335,0.510903,2.313329
2006-09-20,0.000000,Training,-0.341830,-0.092084,-0.057185,-0.067243,-0.016102,-0.008859,0.051668,0.133733,0.328211,0.520553,2.331171
2006-09-21,0.000000,Training,-0.408002,-0.133081,-0.077976,-0.004076,0.111714,0.124161,0.239871,0.335023,0.687344,1.235510,5.127665
2006-09-22,0.000000,Training,-0.483394,-0.185282,-0.110038,-0.036339,0.102508,0.162819,0.263978,0.440613,1.043548,1.583934,6.298518
2006-09-23,0.000000,Training,-0.480681,-0.184933,-0.151368,-0.077043,0.046812,0.099306,0.190975,0.374352,0.914930,1.481212,5.761370
2006-09-24,0.000000,Training,-0.407946,-0.159962,-0.101232,-0.077496,0.006007,0.042657,0.112488,0.240692,0.596765,0.947568,3.716058
2006-09-25,0.000000,Training,-0.403529,-0.142947,-0.096036,-0.077942,-0.008223,0.019488,0.091768,0.202837,0.504712,0.793296,3.193787
2006-09-26,0.000000,Training,-0.394302,-0.137171,-0.092244,-0.078519,-0.013353,0.013271,0.084506,0.195500,0.483563,0.751166,3.038694
2006-09-27,0.000000,Training,-0.375343,-0.122096,-0.084634,-0.076669,-0.016012,0.005878,0.076868,0.185269,0.450451,0.693903,2.838918
2006-09-28,0.000000,Training,-0.379585,-0.122139,-0.102900,-0.087314,-0.025086,-0.008666,0.065396,0.172504,0.435275,0.686794,2.848482
2006-09-29,0.000000,Training,-0.361148,-0.113459,-0.081853,-0.076930,-0.018032,0.001922,0.071532,0.180267,0.437528,0.674608,2.770976
2006-09-30,0.000000,Training,-0.367235,-0.115940,-0.093485,-0.083027,-0.023958,-0.005212,0.066305,0.174578,0.435592,0.677588,2.791979
2006-10-01,0.000000,Test,-0.365228,-0.118917,-0.094491,-0.083580,-0.028467,-0.004581,0.061295,0.171352,0.445090,0.698836,2.855550
2006-10-02,0.000000,Test,-0.351407,-0.108621,-0.078240,-0.078948,-0.022532,-0.005108,0.063478,0.167673,0.409358,0.629571,2.630531
2006-10-03,0.000000,Test,-0.342670,-0.105458,-0.076456,-0.078519,-0.021279,-0.003856,0.064003,0.170159,0.413075,0.634887,2.636702
2006-10-04,0.000000,Test,-0.332103,-0.100381,-0.072772,-0.075955,-0.017280,0.000051,0.067872,0.176287,0.419891,0.642240,2.642636
2006-10-05,0.000000,Test,-0.334341,-0.101495,-0.074238,-0.077339,-0.020235,-0.002065,0.065232,0.173207,0.415586,0.634066,2.619017
2006-10-06,0.000000,Test,-0.347830,-0.108243,-0.080359,-0.081644,-0.028098,-0.008186,0.058580,0.164008,0.404184,0.615221,2.572211
2006-10-07,0.000000,Test,-0.356069,-0.112722,-0.084699,-0.084425,-0.032690,-0.011201,0.054845,0.159219,0.400033,0.607019,2.550538
2006-10-08,0.000000,Test,-0.349274,-0.111513,-0.084095,-0.084715,-0.031817,-0.010036,0.055324,0.162707,0.406797,0.619367,2.577139
2006-10-09,0.000000,Test,-0.349857,-0.114331,-0.089746,-0.085939,-0.032585,-0.008398,0.057093,0.168841,0.428249,0.656610,2.678847
2006-10-10,0.000000,Test,-0.341481,-0.105563,-0.081510,-0.081215,-0.023369,-0.004013,0.063458,0.174131,0.419389,0.638517,2.609756
2006-10-11,0.000000,Test,-0.358679,-0.117157,-0.105811,-0.092042,-0.035414,-0.012021,0.053978,0.168117,0.438645,0.689834,2.793036
2006-10-12,0.000000,Test,-0.321901,-0.093611,-0.060426,-0.070298,-0.010228,0.006651,0.073090,0.181293,0.415793,0.629752,2.569665
2006-10-13,0.000000,Test,-0.324628,-0.095288,-0.062107,-0.071646,-0.012910,0.004867,0.071601,0.179352,0.414494,0.626523,2.562041
2006-10-14,0.000000,Test,-0.321519,-0.095763,-0.063003,-0.071470,-0.010217,0.008348,0.075889,0.187613,0.429626,0.646782,2.610487
2006-10-15,0.000000,Test,-0.338913,-0.114431,-0.105492,-0.100008,-0.033194,-0.018958,0.054677,0.165172,0.412344,0.670609,2.769368
2006-10-16,0.000000,Test,-0.380119,-0.173664,-0.156144,-0.125747,-0.031139,0.001481,0.085035,0.220785,0.598880,1.074979,4.330855
2006-10-17,0.000000,Test,-0.541844,-0.263293,-0.229114,-0.114771,0.096458,0.221477,0.377686,0.781168,2.095372,3.290269,13.431107
2006-10-18,0.000000,Test,-0.578020,-0.236666,-0.207383,-0.021492,0.272170,0.458403,0.676167,1.376788,3.594563,5.414727,20.568430
2006-10-19,0.000000,Test,-0.560912,-0.233962,-0.193536,-0.017800,0.213823,0.372398,0.557650,1.105632,2.811453,4.201684,14.624672
2006-10-20,0.000000,Test,-0.589922,-0.212859,-0.037011,0.278335,0.987691,1.244427,1.908415,3.728577,9.838732,15.784405,56.139912
2006-10-21,0.000000,Test,-0.613104,-0.215074,-0.045771,0.365947,0.996654,1.386394,1.973678,3.699765,9.506348,14.096539,44.631001
2006-10-22,0.000000,Test,-0.664218,-0.388300,-0.185001,0.114401,0.772307,1.078921,1.718954,3.799290,10.438166,17.363010,56.915737
2006-10-23,0.000000,Test,-0.634802,-0.169117,0.230990,1.143080,3.368409,4.035246,6.521048,14.032007,38.835011,67.231522,184.619736
2006-10-24,0.000000,Test,-0.546985,0.033801,0.792561,2.681144,7.912892,9.286310,14.820600,34.463062,87.837952,157.366531,345.135315
2006-10-25,86.809016,Test,-0.429236,0.318473,1.231898,4.130283,10.977978,13.455917,20.955641,46.001900,106.204285,190.820938,357.142578
2006-10-26,29.473191,Test,0.164795,1.285809,2.965672,8.613104,22.492418,26.102139,40.126305,86.880760,180.486511,302.861603,642.191895
2006-10-27,41.069200,Test,-0.173854,0.891429,2.063652,5.994618,13.078554,15.637224,21.970648,44.937107,94.959343,149.030151,373.761230
2006-10-28,12.079177,Test,-0.506310,-0.036761,0.557954,1.812907,3.349020,4.453143,5.835571,10.966372,24.794035,35.934341,91.939194
2006-10-29,5.475893,Test,-0.577028,-0.263694,0.052632,0.609498,1.145096,1.644802,2.214975,3.897417,9.126391,13.387644,34.178837
2006-10-30,3.382169,Test,-0.557993,-0.292925,-0.095871,0.249617,0.553300,0.849241,1.222617,2.085510,4.779157,7.057815,17.945358
2006-10-31,2.093724,Test,-0.535010,-0.293209,-0.152968,0.119837,0.343017,0.569193,0.865941,1.488423,3.323596,4.860552,12.426595
2006-11-01,1.449501,Test,-0.543132,-0.311609,-0.197074,0.067592,0.269411,0.475261,0.750991,1.314076,2.904779,4.223279,10.806544
2006-11-02,15.944513,Test,-0.785364,-0.642563,-0.413917,-0.039460,0.658329,0.894374,1.864162,4.041475,10.855641,20.726469,57.859791
2006-11-03,78.273064,Test,-0.735402,-0.472407,-0.011113,1.105215,4.130506,4.827988,8.311362,20.071474,47.286102,85.393150,223.419388
2006-11-04,28.506857,Test,-0.518165,0.145601,1.055052,4.196023,12.483225,14.330848,24.555290,56.440979,114.411179,209.991867,398.351959
2006-11-05,58.302159,Test,0.122242,1.210598,3.040209,8.854232,24.197451,27.133213,42.964493,95.257629,182.152679,314.511169,634.769897
2006-11-06,79.722565,Test,-0.029773,0.877429,2.302673,6.767355,17.979143,20.350607,31.363356,69.532928,142.241791,241.174927,541.474426
2006-11-07,90.352241,Test,-0.317097,0.369267,1.343113,4.277461,11.073271,12.711340,19.367212,42.687256,95.361259,161.100189,395.409790
2006-11-08,51.054653,Test,-0.485029,-0.000974,0.579003,1.979660,3.909523,5.053836,6.928628,12.897364,29.722519,43.541290,111.344299
2006-11-09,15.139235,Test,-0.579626,-0.259505,0.074926,0.751249,1.525793,2.063887,2.875610,5.107607,12.043966,18.001772,46.359352
2006-11-10,7.086450,Test,-0.565546,-0.303977,-0.054507,0.393347,0.829215,1.191494,1.682781,2.869352,6.578206,9.787914,24.225277
2006-11-11,4.026392,Test,-0.535597,-0.299630,-0.148459,0.155462,0.419826,0.660314,0.991807,1.697334,3.769692,5.511825,13.799627
2006-11-12,2.576891,Test,-0.512224,-0.287191,-0.183330,0.068207,0.272032,0.473550,0.741826,1.298055,2.803567,4.024518,10.216912
2006-11-13,1.771613,Test,-0.436881,-0.213022,-0.160117,0.014816,0.160495,0.315771,0.512048,0.912013,1.856132,2.569460,6.834492
2006-11-14,1.449501,Test,-0.426169,-0.207312,-0.167472,-0.009745,0.117856,0.257362,0.430274,0.792838,1.581252,2.167951,5.849390
2006-11-15,19.165627,Test,-0.763269,-0.545766,-0.371090,-0.004303,0.706488,1.081056,2.053484,4.348282,13.500771,23.916986,73.899979
2006-11-16,397.968604,Test,-0.647748,-0.256853,0.304236,1.894757,6.336551,7.793490,13.223931,31.366476,82.640991,135.245010,322.610199
2006-11-17,,,-0.714543,-0.396216,-0.094528,0.492379,1.434600,1.863733,2.621779,5.147647,12.716463,21.024872,57.526394
2006-11-18,14.011845,Test,-0.399213,0.222003,1.013246,3.080615,6.400469,8.367371,11.713569,22.125725,49.090534,70.206314,170.444656
2006-11-19,7.408562,Test,-0.563258,-0.206530,0.173186,0.999170,2.016299,2.795858,3.878578,6.759045,15.192781,22.118336,52.576839
2006-11-20,4.670615,Test,-0.555038,-0.256445,0.038221,0.626830,1.270721,1.782327,2.484570,4.112557,8.754783,12.791813,29.144581
2006-11-21,3.382169,Test,-0.541093,-0.290981,-0.095127,0.311002,0.704877,1.027073,1.487588,2.457783,5.022353,7.197141,16.412142
2006-11-22,2.737947,Test,-0.556255,-0.324709,-0.168079,0.194823,0.519598,0.788031,1.180189,1.996326,4.114211,5.876419,13.725490
2006-11-23,2.254780,Test,-0.552701,-0.334014,-0.226908,0.065348,0.319437,0.534853,0.842670,1.496954,3.127281,4.461574,10.999706
2006-11-24,2.576891,Test,-0.774283,-0.636595,-0.458281,-0.180695,0.292523,0.571425,1.156293,2.672980,7.688478,13.196395,38.591591
2006-11-25,24.641520,Test,-0.725320,-0.375640,-0.016586,1.245574,4.258988,5.799290,9.883684,22.427784,59.392998,88.454376,210.706085
2006-11-26,19.326683,Test,-0.619675,-0.186648,0.240584,1.552920,3.492605,4.919529,7.266618,13.632372,31.508490,43.845840,103.112053
2006-11-27,9.019119,Test,-0.632856,-0.351872,-0.090283,0.474751,1.128467,1.692556,2.428715,4.339430,9.850120,14.189188,34.131962
2006-11-28,13.206566,Test,-0.606875,-0.093827,0.532541,2.649042,7.837615,10.163636,17.780411,38.151600,92.646660,141.817886,316.423218
2006-11-29,15.461346,Test,-0.235637,0.671391,1.586022,5.014377,9.766536,13.434876,18.781662,32.635643,64.489426,85.911644,189.748688
2006-11-30,9.341230,Test,-0.517925,-0.087717,0.404830,1.651938,3.184481,4.447361,6.117368,10.317054,21.230455,29.790827,66.266197
2006-12-01,6.120116,Test,-0.534778,-0.207772,0.157199,0.920222,1.782521,2.469187,3.371596,5.483416,11.076222,15.830973,34.762619
2006-12-02,14.656068,Test,-0.666283,-0.352995,-0.048039,0.853389,2.102827,3.017719,4.669045,8.451968,19.076685,28.833992,66.281578
2006-12-03,18.682460,Test,-0.554626,-0.142863,0.298423,1.564586,2.996272,4.228264,5.905394,9.875212,20.155430,28.322021,63.481419
2006-12-04,10.307564,Test,-0.601334,-0.329744,-0.045721,0.579085,1.246852,1.789258,2.544430,4.283493,9.073055,13.220701,30.194679
2006-12-05,8.052784,Test,,,,,,,,,,,
2006-12-06,22.869908,Test,-0.671638,-0.352284,-0.047736,0.816306,1.823256,2.736961,3.970584,7.102711,15.724490,22.082998,51.356419
2006-12-07,13.528678,Test,-0.622407,-0.355654,-0.101026,0.481502,1.078074,1.611256,2.301814,3.986061,8.466792,12.218918,27.751200
2006-12-08,12.723399,Test,-0.687071,-0.410618,-0.183073,0.485058,1.274635,1.886940,2.846694,5.152137,11.440398,17.238888,40.363731
2006-12-09,11.112842,Test,-0.594514,-0.308690,-0.079524,0.511052,1.116026,1.648330,2.292383,3.853726,7.698237,10.765968,24.158678
2006-12-10,7.730673,Test,-0.547754,-0.280331,-0.067542,0.442245,0.959935,1.413023,1.938994,3.188644,6.032260,8.306193,18.280306
2006-12-11,5.314838,Test,-0.532617,-0.263499,-0.058022,0.460079,0.928058,1.349389,1.848787,3.032086,5.539444,7.487574,16.176167
2006-12-12,4.187448,Test,-0.525743,-0.273380,-0.102821,0.337216,0.716629,1.067729,1.479969,2.460065,4.459856,5.955274,12.912336
2006-12-13,3.543225,Test,-0.529439,-0.293646,-0.148896,0.231332,0.544790,0.848172,1.191570,2.039207,3.730861,4.960064,10.945889
2006-12-14,2.737947,Test,-0.527609,-0.310660,-0.195572,0.112617,0.347139,0.592563,0.857797,1.552735,2.908877,3.878120,8.872471
2006-12-15,2.415835,Test,-0.527933,-0.315696,-0.205025,0.090239,0.309065,0.543499,0.790048,1.454219,2.741897,3.657212,8.449753
2006-12-16,2.093724,Test,-0.531492,-0.319596,-0.208571,0.087221,0.307744,0.543745,0.786576,1.448886,2.730516,3.625197,8.402740
2006-12-17,1.771613,Test,-0.517262,-0.315393,-0.224199,0.018642,0.198459,0.401280,0.593697,1.155057,2.211795,2.925354,7.068502
2006-12-18,1.610557,Test,-0.519022,-0.320280,-0.229026,0.006231,0.186759,0.388610,0.573208,1.122099,2.154624,2.848652,6.934969
2006-12-19,1.449501,Test,-0.521208,-0.332688,-0.234945,-0.013257,0.182265,0.390775,0.566510,1.103316,2.117676,2.826621,6.981868
2006-12-20,1.127390,Test,-0.526391,-0.342850,-0.236685,-0.008889,0.203040,0.426243,0.605187,1.156906,2.211547,2.979086,7.423362
2006-12-21,0.966334,Test,-0.507982,-0.330513,-0.239835,-0.055204,0.123019,0.316313,0.461607,0.934080,1.826273,2.458170,6.371716
2006-12-22,0.966334,Test,-0.513570,-0.332681,-0.242096,-0.054181,0.121377,0.313189,0.457482,0.934868,1.849998,2.496929,6.424241
2006-12-23,0.805278,Test,-0.514473,-0.339287,-0.244452,-0.054042,0.130995,0.333575,0.480695,0.964789,1.898932,2.579432,6.756654
2006-12-24,0.644223,Test,-0.486329,-0.311436,-0.230326,-0.080878,0.073385,0.242939,0.359406,0.772101,1.556779,2.104478,5.664651
2006-12-25,0.644223,Test,-0.493184,-0.305387,-0.228345,-0.061403,0.083796,0.249702,0.371805,0.803989,1.635243,2.194596,5.751124
2006-12-26,0.644223,Test,-0.508258,-0.310726,-0.231924,-0.032021,0.112130,0.285233,0.419982,0.896958,1.834912,2.473069,6.301901
2006-12-27,0.483167,Test,-0.459542,-0.263485,-0.211408,-0.056830,0.071247,0.202824,0.315915,0.698795,1.429276,1.952189,5.315620
2006-12-28,0.644223,Test,-0.463845,-0.268949,-0.198061,-0.049977,0.074711,0.215518,0.316990,0.703528,1.468829,2.004009,5.476427
2006-12-29,0.644223,Test,-0.455750,-0.266248,-0.194281,-0.052082,0.073173,0.214728,0.318407,0.702140,1.443329,1.942795,5.269355
2006-12-30,0.483167,Test,-0.467116,-0.276566,-0.204281,-0.045923,0.078638,0.224927,0.333876,0.739242,1.515977,2.046911,5.455365
2006-12-31,0.483167,Test,-0.458168,-0.268542,-0.199962,-0.046042,0.074475,0.217229,0.324951,0.721292,1.456163,1.948218,5.180780
2007-01-01,0.483167,Validation,-0.451312,-0.263663,-0.194803,-0.045271,0.070704,0.208322,0.312117,0.699602,1.408198,1.894606,5.032427
2007-01-02,0.644223,Validation,-0.446862,-0.262851,-0.191185,-0.048549,0.065942,0.199927,0.298975,0.677275,1.371476,1.863132,4.965540
2007-01-03,0.322111,Validation,-0.445017,-0.259329,-0.191966,-0.046785,0.065285,0.200134,0.299487,0.677482,1.352022,1.810193,4.822969
2007-01-04,0.322111,Validation,-0.444880,-0.258212,-0.194175,-0.048866,0.062936,0.199934,0.298951,0.675507,1.335939,1.765312,4.720930
2007-01-05,0.322111,Validation,-0.444664,-0.257877,-0.194228,-0.048843,0.062828,0.200414,0.298460,0.674421,1.329951,1.754789,4.693023
2007-01-06,0.322111,Validation,-0.444582,-0.257711,-0.194056,-0.048521,0.063394,0.201550,0.298994,0.674898,1.327134,1.749095,4.675607
2007-01-07,0.322111,Validation,-0.446093,-0.260212,-0.196162,-0.052236,0.062376,0.202523,0.299861,0.675291,1.324175,1.739534,4.656382
2007-01-08,0.322111,Validation,-0.448356,-0.261885,-0.197464,-0.051100,0.063885,0.204520,0.302494,0.681197,1.334900,1.755539,4.682002
2007-01-09,0.322111,Validation,-0.451466,-0.270635,-0.202382,-0.063146,0.060848,0.206120,0.303355,0.679338,1.329735,1.751460,4.693519
2007-01-10,0.322111,Validation,-0.450739,-0.263738,-0.197225,-0.047443,0.067340,0.207960,0.306335,0.690457,1.352710,1.787583,4.730183
2007-01-11,0.322111,Validation,-0.452457,-0.266453,-0.199029,-0.049843,0.067292,0.209309,0.308491,0.693863,1.357113,1.788520,4.727985
2007-01-12,0.322111,Validation,-0.454039,-0.267940,-0.199497,-0.047877,0.068946,0.210781,0.310128,0.699141,1.369431,1.811701,4.768723
2007-01-13,0.322111,Validation,-0.461798,-0.275247,-0.203876,-0.043633,0.076244,0.222361,0.324960,0.727916,1.429792,1.902223,4.946936
2007-01-14,0.161056,Validation,-0.479493,-0.289519,-0.216260,-0.036353,0.094295,0.251736,0.364813,0.798170,1.570174,2.094346,5.353481
2007-01-15,0.161056,Validation,-0.427582,-0.244185,-0.181127,-0.054211,0.054165,0.178559,0.266572,0.614456,1.196364,1.588523,4.304983
2007-01-16,0.161056,Validation,-0.423935,-0.241611,-0.178472,-0.056206,0.051995,0.176497,0.262845,0.605701,1.174296,1.547283,4.216678
2007-01-17,0.161056,Validation,-0.423442,-0.241683,-0.176972,-0.054417,0.052780,0.176424,0.261867,0.605531,1.175298,1.555918,4.227716
2007-01-18,0.322111,Validation,-0.421406,-0.242396,-0.173892,-0.054522,0.053258,0.174221,0.258038,0.599394,1.171447,1.573521,4.266870
2007-01-19,0.161056,Validation,-0.419271,-0.241487,-0.172133,-0.055119,0.052678,0.172413,0.255392,0.594160,1.160908,1.562727,4.241332
2007-01-20,0.322111,Validation,-0.419150,-0.238569,-0.173864,-0.053598,0.052781,0.174712,0.258909,0.598918,1.154294,1.526314,4.144991
2007-01-21,0.322111,Validation,-0.418333,-0.238372,-0.172902,-0.053122,0.052800,0.173859,0.256821,0.596132,1.151355,1.529807,4.152059
2007-01-22,0.322111,Validation,-0.437683,-0.258648,-0.203859,-0.071709,0.056729,0.186726,0.282923,0.636189,1.228266,1.646684,4.490359
2007-01-23,0.322111,Validation,-0.452758,-0.279156,-0.205016,-0.084819,0.056878,0.202557,0.289043,0.643897,1.275695,1.731937,4.794576
2007-01-24,0.322111,Validation,-0.450226,-0.289527,-0.204811,-0.093704,0.052697,0.207818,0.290110,0.644051,1.273810,1.741941,4.876818
2007-01-25,0.322111,Validation,-0.481895,-0.317339,-0.239806,-0.100644,0.070857,0.237919,0.340631,0.731664,1.456664,2.037287,5.643659
2007-01-26,0.161056,Validation,-0.490325,-0.326908,-0.250404,-0.092705,0.072810,0.262750,0.375840,0.782442,1.537797,2.114338,6.257150
2007-01-27,0.161056,Validation,-0.482143,-0.319547,-0.231334,-0.091226,0.077777,0.261408,0.364111,0.766359,1.521013,2.112306,5.990417
2007-01-28,0.322111,Validation,-0.534665,-0.361157,-0.270929,-0.092097,0.140324,0.347183,0.491117,0.982030,2.039427,2.983569,7.965143
2007-01-29,0.161056,Validation,-0.556363,-0.353339,-0.241206,-0.035004,0.194534,0.413530,0.554119,1.113471,2.415130,3.481595,9.012592
2007-01-30,0.322111,Validation,-0.549662,-0.335150,-0.232408,-0.003244,0.230523,0.444544,0.601788,1.200410,2.571367,3.707061,9.331884
2007-01-31,0.644223,Validation,-0.552425,-0.359272,-0.227785,-0.004731,0.237900,0.479190,0.634581,1.249900,2.637937,3.823642,9.541407
2007-02-01,0.644223,Validation,-0.533761,-0.333904,-0.212427,0.017845,0.234234,0.457080,0.613843,1.216340,2.510803,3.570873,8.685075
2007-02-02,0.805278,Validation,-0.651003,-0.231879,-0.012407,0.979006,2.415178,3.679189,5.135400,9.420859,23.971254,35.480129,94.811691
2007-02-03,2.415835,Validation,-0.056945,1.316388,1.983953,7.069137,16.078138,20.768902,28.188715,54.215881,108.508682,136.544159,310.379364
2007-02-04,4.348504,Validation,-0.262512,0.576810,1.329838,4.055488,8.042061,10.999238,13.678105,25.023724,50.446842,68.026337,150.273941
2007-02-05,3.221114,Validation,-0.440978,0.036903,0.550161,1.751135,3.217185,4.544771,5.528888,9.589202,19.372744,27.520126,60.708469
2007-02-06,2.576891,Validation,-0.468992,-0.091918,0.325831,1.191907,2.119631,2.981849,3.750253,6.251405,12.046491,17.147854,37.104984
2007-02-07,2.093724,Validation,-0.502511,-0.112060,0.199659,1.074384,2.000187,2.752758,3.628248,6.087542,11.982323,17.400648,38.657158
2007-02-08,3.060058,Validation,-0.563236,-0.123465,0.467408,2.016504,4.854455,6.300155,8.899464,17.457779,38.266972,60.133694,146.009842
2007-02-09,7.569617,Validation,-0.381429,0.180260,0.868241,2.715636,5.047255,6.937989,8.858112,15.488617,30.783762,44.511036,99.419655
2007-02-10,8.858063,Validation,-0.536825,-0.222753,0.271757,1.170732,2.334749,3.186302,4.101162,7.330758,15.588123,24.465847,57.918732
2007-02-11,6.925395,Validation,-0.519675,-0.233940,0.178679,0.934128,1.788751,2.464197,3.198363,5.441497,11.006528,16.858692,38.223389
2007-02-12,5.475893,Validation,-0.570005,-0.320706,0.017988,0.668545,1.415114,1.937099,2.614101,4.549561,9.416828,14.894443,34.718723
2007-02-13,4.348504,Validation,-0.578192,-0.352481,-0.085294,0.434868,0.951205,1.369042,1.837152,3.254801,6.707123,10.370195,23.609478
2007-02-14,3.704281,Validation,-0.582283,-0.385721,-0.137072,0.303810,0.727247,1.090830,1.451433,2.639622,5.510818,8.505921,19.553099
2007-02-15,3.060058,Validation,-0.561784,-0.337577,-0.100240,0.403144,0.843064,1.242718,1.656806,2.909483,5.663572,8.426779,18.678556
2007-02-16,2.899002,Validation,-0.591386,-0.374295,-0.198663,0.240132,0.609836,0.946974,1.309309,2.408532,4.814781,7.235427,16.573908
2007-02-17,2.576891,Validation,-0.604648,-0.364695,-0.203585,0.259102,0.645218,1.022434,1.390552,2.539324,5.102445,7.448973,17.356777
2007-02-18,2.254780,Validation,-0.583399,-0.363607,-0.188654,0.209886,0.528123,0.879214,1.165932,2.146649,4.253940,6.091495,13.943461
2007-02-19,2.093724,Validation,-0.596440,-0.362392,-0.206919,0.228711,0.601987,0.967577,1.313210,2.383703,4.716537,6.816981,15.809770
2007-02-20,2.576891,Validation,-0.673830,-0.344191,-0.122569,0.684790,1.583647,2.496061,3.376631,6.269600,14.255557,21.017189,52.045010
2007-02-21,2.415835,Validation,-0.669203,-0.387451,-0.144637,0.462658,1.092876,1.787031,2.298397,4.302176,9.499806,13.774343,32.967358
2007-02-22,2.415835,Validation,-0.724314,-0.478683,-0.229706,0.341023,1.090836,1.740134,2.371375,4.881931,11.850336,19.173489,47.377197
2007-02-23,2.576891,Validation,-0.686074,-0.414148,-0.113172,0.592325,1.378859,2.130217,2.816012,5.356259,11.879093,18.330442,43.447971
2007-02-24,2.576891,Validation,-0.615903,-0.370189,-0.111620,0.418764,0.918571,1.424771,1.878772,3.443666,7.154555,10.792507,24.216597
2007-02-25,2.576891,Validation,-0.590709,-0.357656,-0.100771,0.412894,0.888512,1.334484,1.775453,3.166023,6.291953,9.502373,21.111490
2007-02-26,2.254780,Validation,-0.557556,-0.342324,-0.149827,0.245717,0.575277,0.903242,1.214481,2.204173,4.219152,6.101202,13.417394
2007-02-27,2.093724,Validation,-0.534832,-0.339389,-0.187810,0.112200,0.356477,0.606267,0.829680,1.575189,3.052655,4.399496,10.010772
2007-02-28,2.093724,Validation,-0.527650,-0.341349,-0.195698,0.078004,0.303090,0.533906,0.732756,1.414315,2.764551,3.993706,9.249775
2007-03-01,1.932668,Validation,-0.530540,-0.351666,-0.207011,0.050986,0.264748,0.485112,0.665090,1.312727,2.613568,3.790621,8.952003
2007-03-02,1.771613,Validation,-0.529955,-0.335580,-0.200206,0.092283,0.309405,0.545384,0.744729,1.428324,2.696860,3.791143,8.649885
2007-03-03,1.771613,Validation,-0.513043,-0.328268,-0.207497,0.035930,0.219484,0.421614,0.580197,1.161560,2.247654,3.192502,7.558586
2007-03-04,1.771613,Validation,-0.503432,-0.316435,-0.207333,0.024231,0.193351,0.384436,0.530632,1.075701,2.066830,2.907032,6.950109
2007-03-05,1.771613,Validation,-0.513287,-0.320257,-0.211944,0.034598,0.204566,0.405008,0.554100,1.117213,2.130504,2.952666,7.003103
2007-03-06,1.449501,Validation,-0.518114,-0.328501,-0.213299,0.033384,0.204426,0.405513,0.551106,1.115551,2.158059,3.033848,7.194339
2007-03-07,1.449501,Validation,-0.508697,-0.336057,-0.223133,-0.031438,0.118652,0.286959,0.388434,0.867444,1.828921,2.688630,6.882508
2007-03-08,1.127390,Validation,-0.477135,-0.294158,-0.204528,-0.025017,0.106857,0.263299,0.363281,0.797385,1.584127,2.235876,5.675836
2007-03-09,1.288446,Validation,-0.496111,-0.320609,-0.215324,-0.034337,0.101808,0.264515,0.355038,0.802473,1.686143,2.457788,6.310721
2007-03-10,1.127390,Validation,-0.473826,-0.302966,-0.206543,-0.069993,0.044627,0.181635,0.244179,0.622827,1.375931,2.017404,5.546450
2007-03-11,0.966334,Validation,-0.420350,-0.244320,-0.171907,-0.060458,0.043703,0.160105,0.225834,0.549732,1.115681,1.576432,4.366844
2007-03-12,0.966334,Validation,-0.432583,-0.251792,-0.180981,-0.051775,0.054013,0.178078,0.250365,0.593396,1.190357,1.675410,4.530699
2007-03-13,0.805278,Validation,-0.385400,-0.208994,-0.145278,-0.062593,0.030043,0.128051,0.182863,0.460956,0.931595,1.317104,3.822306
2007-03-14,0.644223,Validation,-0.375768,-0.199120,-0.137007,-0.059612,0.031234,0.125118,0.180104,0.449019,0.891357,1.253240,3.655896
2007-03-15,0.644223,Validation,-0.378754,-0.203306,-0.139904,-0.069531,0.019335,0.110835,0.158595,0.421533,0.875507,1.247449,3.738290
2007-03-16,0.644223,Validation,-0.368798,-0.193635,-0.131298,-0.068459,0.019213,0.105450,0.152637,0.404976,0.833216,1.184997,3.595177
2007-03-17,0.483167,Validation,-0.373948,-0.201189,-0.146033,-0.063706,0.034818,0.121705,0.175989,0.444167,0.890600,1.305783,3.874354
2007-03-18,0.483167,Validation,-0.389307,-0.208664,-0.142259,-0.061759,0.032785,0.130062,0.176855,0.445620,0.917307,1.326973,3.957557
2007-03-19,0.322111,Validation,-0.381716,-0.197367,-0.138772,-0.047158,0.043615,0.143560,0.199984,0.476182,0.925966,1.296161,3.735009
2007-03-20,0.322111,Validation,-0.395279,-0.207136,-0.154197,-0.058648,0.032450,0.140232,0.198397,0.480973,0.939306,1.272485,3.675947
2007-03-21,0.322111,Validation,-0.385975,-0.197440,-0.147957,-0.058026,0.030211,0.135305,0.193882,0.469214,0.908338,1.221488,3.536398
2007-03-22,0.161056,Validation,-0.382142,-0.192516,-0.145048,-0.055773,0.029429,0.132897,0.191217,0.464249,0.897482,1.204147,3.485111
2007-03-23,0.000000,Validation,-0.373488,-0.184802,-0.134917,-0.044641,0.037312,0.132514,0.188958,0.460574,0.892170,1.235849,3.554102
2007-03-24,0.000000,Validation,-0.372692,-0.185646,-0.132902,-0.046066,0.036724,0.129998,0.183647,0.451522,0.887841,1.249225,3.613514
2007-03-25,0.000000,Validation,-0.382538,-0.188148,-0.146616,-0.042232,0.042761,0.139225,0.198550,0.477197,0.928706,1.296613,3.713971
2007-03-26,0.000000,Validation,-0.417606,-0.225906,-0.174289,-0.029168,0.087380,0.206764,0.274947,0.597860,1.193344,1.743244,4.827663
2007-03-27,0.000000,Validation,-0.467979,-0.260295,-0.180032,-0.035295,0.086984,0.229822,0.273456,0.635174,1.377898,2.005286,5.794663
2007-03-28,0.000000,Validation,-0.469113,-0.255491,-0.197723,-0.017119,0.133326,0.283231,0.337336,0.755206,1.616452,2.443348,6.666300
2007-03-29,0.000000,Validation,-0.515577,-0.308549,-0.212560,-0.026768,0.108003,0.280401,0.319705,0.768935,1.766858,2.676172,7.461261
2007-03-30,0.000000,Validation,-0.469028,-0.264311,-0.176126,-0.006099,0.116939,0.272964,0.326114,0.740703,1.605964,2.384297,6.404972
2007-03-31,0.000000,Validation,-0.531110,-0.301361,-0.225070,0.043675,0.226712,0.435933,0.527052,1.094806,2.428474,3.743358,9.555012
2007-04-01,0.000000,Training,-0.591936,-0.341974,-0.251880,0.035063,0.242209,0.492034,0.576230,1.251353,2.893501,4.288151,11.380933
2007-04-02,0.000000,Training,-0.527017,-0.289725,-0.202760,0.040358,0.206836,0.413319,0.495685,1.052343,2.307297,3.382637,8.703719
2007-04-03,0.000000,Training,-0.579347,-0.326389,-0.238009,0.090474,0.315530,0.576766,0.704217,1.438383,3.213701,4.908006,12.297776
2007-04-04,0.000000,Training,-0.608753,-0.357580,-0.223473,0.134774,0.361203,0.665413,0.791816,1.629199,3.675569,5.629128,14.108148
2007-04-05,0.000000,Training,-0.519016,-0.291746,-0.183326,0.072557,0.220369,0.433202,0.517420,1.087694,2.361606,3.523766,8.830439
2007-04-06,0.000000,Training,-0.511138,-0.285055,-0.190264,0.067392,0.209083,0.413376,0.516149,1.064005,2.235820,3.235809,8.004805
2007-04-07,0.000000,Training,-0.581094,-0.272930,-0.165143,0.322570,0.615108,1.008683,1.240755,2.206431,4.902677,7.487385,17.834152
2007-04-08,0.000000,Training,-0.690872,-0.336864,-0.186590,0.449948,1.009012,1.658157,1.941946,3.836156,8.986208,13.217080,33.980980
2007-04-09,0.000000,Training,-0.635782,-0.325835,-0.171653,0.321312,0.679647,1.111255,1.294734,2.557077,5.800279,8.999300,22.121908
2007-04-10,0.000000,Training,-0.645863,-0.339168,-0.169834,0.372814,0.765941,1.227532,1.468017,2.849626,6.391419,10.122542,24.726282
2007-04-11,0.000000,Training,-0.587483,0.103371,0.460888,2.585599,4.647095,6.915027,8.176886,15.421461,32.975483,48.623329,107.319756
2007-04-12,0.000000,Training,-0.416870,0.479610,1.103597,4.231953,9.440273,12.027020,15.225606,29.603418,55.040081,80.784203,177.733810
2007-04-13,0.000000,Training,-0.552302,-0.069786,0.441686,1.788822,3.470503,4.725715,5.551249,10.426994,20.954304,33.882748,78.522041
2007-04-14,0.000000,Training,-0.599561,-0.295390,0.016510,0.660520,1.187891,1.767807,2.042219,3.836851,8.302695,13.644269,32.484715
2007-04-15,0.000000,Training,-0.600653,-0.352216,-0.090401,0.396784,0.720697,1.120074,1.264865,2.452122,5.330104,9.168893,22.339098
2007-04-16,0.000000,Training,-0.534629,-0.311406,-0.154586,0.133123,0.271736,0.491445,0.547392,1.163903,2.622136,4.340248,10.968255
2007-04-17,0.000000,Training,-0.506293,-0.284455,-0.159076,0.087306,0.191080,0.375508,0.417434,0.922710,2.081282,3.385511,8.747872
2007-04-18,0.000000,Training,-0.475236,-0.250153,-0.160206,0.062978,0.151487,0.304298,0.345735,0.779017,1.749833,2.827576,7.521682
2007-04-19,0.000000,Training,-0.418130,-0.191918,-0.141391,0.026452,0.090241,0.202046,0.227393,0.552110,1.236357,1.975520,5.645916
2007-04-20,0.000000,Training,-0.390686,-0.169958,-0.136385,0.026134,0.097040,0.200442,0.233266,0.535757,1.147535,1.841912,5.276720
2007-04-21,0.000000,Training,-0.425416,-0.190628,-0.145177,0.009720,0.073128,0.180915,0.183414,0.474506,1.099141,1.815568,5.596250
2007-04-22,0.000000,Training,-0.396668,-0.165483,-0.109010,0.003575,0.047038,0.142162,0.140095,0.379189,0.876811,1.424500,4.567789
2007-04-23,0.000000,Training,-0.408041,-0.160742,-0.112116,-0.003364,0.019961,0.105083,0.101136,0.300277,0.717958,1.186476,3.921787
2007-04-24,0.000000,Training,-0.401372,-0.147945,-0.116965,-0.004414,0.015835,0.089232,0.089736,0.273812,0.653242,1.106192,3.707591
2007-04-25,0.000000,Training,-0.370836,-0.118798,-0.058447,0.153007,0.156163,0.268227,0.249915,0.461718,0.924829,1.576841,4.731550
2007-04-26,0.000000,Training,-0.423830,-0.172651,-0.105730,0.016116,0.091590,0.196402,0.193369,0.446496,1.004319,1.579928,5.225949
2007-04-27,0.000000,Training,-0.358448,-0.125934,-0.067895,0.014108,0.073177,0.155539,0.168011,0.374084,0.786067,1.235411,4.010860
2007-04-28,0.000000,Training,-0.366587,-0.137408,-0.086073,0.005186,0.060339,0.145695,0.160162,0.375751,0.812495,1.258055,4.004124
2007-04-29,0.000000,Training,-0.337280,-0.110722,-0.072935,0.002013,0.048361,0.116826,0.141510,0.331953,0.696966,1.062875,3.443014
2007-04-30,0.000000,Training,-0.309302,-0.086186,-0.055057,-0.000070,0.043521,0.096516,0.129349,0.295829,0.586466,0.882290,2.936890
2007-05-01,0.000000,Training,-0.295248,-0.073875,-0.051676,-0.002956,0.044501,0.082304,0.127886,0.278492,0.503205,0.757500,2.555350
2007-05-02,0.000000,Training,-0.333396,-0.102449,-0.062784,0.036024,0.081272,0.131656,0.157765,0.300031,0.557873,0.955810,3.164490
2007-05-03,0.000000,Training,-0.405499,-0.138945,-0.087532,0.005737,0.085146,0.155516,0.176697,0.370695,0.771757,1.217142,4.204665
2007-05-04,0.000000,Training,-0.361466,-0.113356,-0.057555,0.004646,0.063172,0.122729,0.143429,0.308784,0.633442,1.004003,3.500824
2007-05-05,0.000000,Training,-0.357087,-0.111477,-0.064213,-0.007444,0.034592,0.086577,0.101690,0.250679,0.538772,0.868834,3.164757
2007-05-06,0.000000,Training,-0.354331,-0.100342,-0.062361,-0.010190,0.012203,0.056286,0.070672,0.198468,0.441345,0.724027,2.769168
2007-05-07,0.000000,Training,-0.362969,-0.093094,-0.065841,-0.010010,-0.002614,0.036209,0.049349,0.158634,0.368657,0.618254,2.474042
2007-05-08,0.000000,Training,-0.380604,-0.089181,-0.072871,-0.004320,-0.013158,0.023603,0.032466,0.122588,0.303814,0.528058,2.227901
2007-05-09,0.000000,Training,-0.355003,-0.075875,-0.058908,-0.019379,-0.020804,0.001402,0.018410,0.096916,0.238431,0.421020,1.953760
2007-05-10,0.000000,Training,-0.334020,-0.067547,-0.046595,-0.026594,-0.020549,-0.007327,0.015587,0.089871,0.210814,0.372865,1.821671
2007-05-11,0.000000,Training,-0.309639,-0.057717,-0.037104,-0.025438,-0.013867,-0.002426,0.022521,0.101667,0.228614,0.394515,1.871670
2007-05-12,0.000000,Training,-0.302764,-0.053725,-0.036168,-0.024759,-0.014426,-0.002969,0.020408,0.098480,0.227378,0.394235,1.873549
2007-05-13,0.000000,Training,-0.302960,-0.060059,-0.045825,-0.026930,-0.014740,0.003193,0.024763,0.115139,0.272930,0.456650,2.032030
2007-05-14,0.000000,Training,-0.282566,-0.050239,-0.028192,-0.022826,-0.001520,0.011608,0.037388,0.125002,0.266422,0.433775,1.924354
2007-05-15,0.000000,Training,-0.308403,-0.057043,-0.036735,-0.028136,-0.018180,-0.007925,0.014492,0.086843,0.204170,0.356217,1.758641
2007-05-16,0.000000,Training,-0.334046,-0.064644,-0.046651,-0.029326,-0.028589,-0.018290,0.000402,0.060468,0.161398,0.302465,1.628824
2007-05-17,0.000000,Training,-0.350400,-0.069474,-0.053297,-0.028184,-0.033780,-0.023267,-0.008488,0.043495,0.133378,0.270215,1.554243
2007-05-18,0.000000,Training,-0.357229,-0.070261,-0.056151,-0.025370,-0.035206,-0.024148,-0.012104,0.035493,0.120431,0.257906,1.529098
2007-05-19,0.000000,Training,-0.352099,-0.066351,-0.056534,-0.022890,-0.034569,-0.021485,-0.011517,0.037277,0.132244,0.279513,1.594405
2007-05-20,0.000000,Training,-0.312727,-0.053104,-0.051390,-0.026117,-0.019897,-0.015902,0.003516,0.060385,0.166222,0.348076,1.787806
2007-05-21,0.000000,Training,-0.286752,-0.044773,-0.019921,-0.023650,-0.002235,-0.000254,0.025071,0.088928,0.197634,0.355390,1.749833
2007-05-22,0.000000,Training,-0.277035,-0.039895,-0.013048,-0.019033,0.009382,0.008283,0.040056,0.103194,0.208339,0.368150,1.740669
2007-05-23,0.000000,Training,-0.299798,-0.049716,-0.031086,-0.027779,-0.003255,-0.011791,0.019936,0.071646,0.155728,0.319700,1.666132
2007-05-24,0.000000,Training,-0.288801,-0.043573,-0.015761,-0.021036,0.007372,0.002939,0.034039,0.090872,0.189014,0.349633,1.726381
2007-05-25,0.000000,Training,-0.287223,-0.044730,-0.014653,-0.021110,0.006191,0.003386,0.033420,0.091361,0.191396,0.350570,1.728601
2007-05-26,0.000000,Training,-0.309419,-0.059975,-0.017016,0.043002,0.073970,0.081422,0.114136,0.163369,0.286529,0.567534,2.235849
2007-05-27,0.000000,Training,-0.394828,-0.121698,-0.064152,-0.015789,0.040001,0.070533,0.095755,0.182684,0.389920,0.665292,2.786627
2007-05-28,0.000000,Training,-0.353555,-0.094877,-0.042506,-0.012466,0.029332,0.054753,0.079323,0.161137,0.328541,0.573922,2.401404
2007-05-29,0.000000,Training,-0.355723,-0.088744,-0.042537,-0.009626,0.020224,0.044814,0.066017,0.145544,0.302560,0.535753,2.305914
2007-05-30,0.000000,Training,-0.339371,-0.071333,-0.036745,-0.013714,0.004685,0.017197,0.041209,0.108207,0.229151,0.421671,1.976076
2007-05-31,0.000000,Training,-0.312715,-0.052907,-0.025189,-0.011978,0.006274,0.012216,0.039691,0.106370,0.221577,0.401334,1.903051
2007-06-01,0.000000,Training,-0.320312,-0.051857,-0.028560,-0.015520,-0.006117,-0.003109,0.023607,0.081701,0.178175,0.339719,1.746522
2007-06-02,0.000000,Training,-0.356882,-0.062241,-0.043036,-0.016711,-0.023115,-0.020305,0.000993,0.040578,0.104750,0.242096,1.498483
2007-06-03,0.000000,Training,-0.367188,-0.065572,-0.048203,-0.016636,-0.028600,-0.025727,-0.007976,0.025965,0.079357,0.210401,1.422826
2007-06-04,0.000000,Training,-0.352080,-0.061350,-0.043555,-0.022309,-0.029081,-0.028333,-0.008148,0.029608,0.091408,0.224273,1.462904
2007-06-05,0.000000,Training,-0.348116,-0.059878,-0.042182,-0.023720,-0.030212,-0.030223,-0.010054,0.027289,0.088458,0.219723,1.450828
2007-06-06,0.000000,Training,-0.324564,-0.050430,-0.032284,-0.025218,-0.025757,-0.028310,-0.005168,0.036702,0.105298,0.239682,1.498574
2007-06-07,0.000000,Training,-0.304544,-0.037653,-0.023344,-0.021706,-0.021296,-0.027120,-0.003438,0.036102,0.104379,0.242670,1.514207
2007-06-08,0.000000,Training,-0.305004,-0.043719,-0.025445,-0.027076,-0.023008,-0.027596,-0.003723,0.040766,0.114732,0.251054,1.526746
2007-06-09,0.000000,Training,-0.299309,-0.041007,-0.025670,-0.026985,-0.021807,-0.026422,-0.002779,0.042633,0.121713,0.262311,1.559298
2007-06-10,0.000000,Training,-0.292068,-0.034275,-0.020617,-0.024086,-0.021830,-0.027918,-0.006132,0.033397,0.106321,0.245217,1.523783
2007-06-11,0.000000,Training,-0.302244,-0.043598,-0.025301,-0.029673,-0.026156,-0.031447,-0.009405,0.031382,0.103093,0.236662,1.496149
2007-06-12,0.000000,Training,-0.307835,-0.046784,-0.028901,-0.031419,-0.029582,-0.034126,-0.013327,0.025960,0.096948,0.229335,1.480431
2007-06-13,0.000000,Training,-0.299300,-0.040434,-0.025298,-0.028562,-0.026778,-0.032186,-0.011140,0.027179,0.100311,0.237069,1.508207
2007-06-14,0.000000,Training,-0.315765,-0.053977,-0.041499,-0.036859,-0.024441,-0.035880,-0.007889,0.029315,0.092834,0.240198,1.497344
2007-06-15,0.000000,Training,-0.322378,-0.054163,-0.036070,-0.033675,-0.021208,-0.030513,-0.004399,0.033783,0.102376,0.245986,1.520789
2007-06-16,0.000000,Training,-0.338695,-0.067737,-0.054842,-0.039768,-0.025661,-0.036032,-0.008036,0.025499,0.086418,0.247756,1.540359
2007-06-17,0.000000,Training,-0.368961,-0.093270,-0.077078,-0.044809,-0.028535,-0.032468,-0.006542,0.026024,0.093011,0.282280,1.667825
2007-06-18,0.000000,Training,-0.351605,-0.082597,-0.045382,-0.031320,-0.009478,-0.006121,0.016880,0.065012,0.165772,0.344550,1.827027
2007-06-19,0.000000,Training,-0.339349,-0.073315,-0.043229,-0.031344,-0.010516,-0.011427,0.014753,0.061394,0.154886,0.328438,1.758255
2007-06-20,0.000000,Training,-0.326541,-0.064598,-0.033746,-0.030870,-0.016238,-0.018078,0.006033,0.051945,0.136812,0.290678,1.642465
2007-06-21,0.000000,Training,-0.312440,-0.053081,-0.025577,-0.027333,-0.013308,-0.017608,0.008779,0.054970,0.136514,0.283816,1.609179
2007-06-22,0.000000,Training,-0.322566,-0.054666,-0.029179,-0.028803,-0.021057,-0.025894,-0.000395,0.040623,0.110932,0.247171,1.513819
2007-06-23,0.000000,Training,-0.345314,-0.061894,-0.038535,-0.029190,-0.030363,-0.033485,-0.011433,0.022055,0.079048,0.203689,1.403569
2007-06-24,0.000000,Training,-0.336976,-0.057659,-0.034543,-0.029516,-0.029165,-0.033810,-0.010419,0.023814,0.081590,0.205945,1.408863
2007-06-25,0.000000,Training,-0.316903,-0.048831,-0.025323,-0.028484,-0.023046,-0.029975,-0.003968,0.034111,0.097647,0.226434,1.458791
2007-06-26,0.000000,Training,-0.309266,-0.045304,-0.021622,-0.027732,-0.020579,-0.028074,-0.001197,0.038396,0.104091,0.233582,1.473375
2007-06-27,0.000000,Training,-0.320109,-0.049123,-0.026184,-0.028668,-0.025648,-0.032372,-0.006936,0.028803,0.088802,0.213183,1.424169
2007-06-28,0.000000,Training,-0.330297,-0.053444,-0.030643,-0.029499,-0.029328,-0.035007,-0.010938,0.022321,0.078717,0.199393,1.390418
2007-06-29,0.000000,Training,-0.338566,-0.056869,-0.034346,-0.029825,-0.031937,-0.036677,-0.014020,0.017243,0.070754,0.189000,1.366354
2007-06-30,0.000000,Training,-0.346373,-0.059841,-0.037736,-0.029480,-0.033962,-0.037749,-0.016700,0.012455,0.062975,0.179493,1.345495
2007-07-01,0.000000,Training,-0.323701,-0.050584,-0.028130,-0.029685,-0.027850,-0.034212,-0.009508,0.024572,0.084316,0.207548,1.416848
2007-07-02,0.000000,Training,-0.319428,-0.043567,-0.026178,-0.025874,-0.029222,-0.036301,-0.013918,0.013957,0.068667,0.192272,1.394957
2007-07-03,0.000000,Training,-0.334848,-0.052750,-0.032365,-0.028601,-0.032963,-0.038396,-0.016992,0.009963,0.061127,0.178897,1.354544
2007-07-04,0.000000,Training,-0.341648,-0.051982,-0.035578,-0.024723,-0.035517,-0.039573,-0.022023,-0.001055,0.045062,0.162541,1.326306
2007-07-05,0.000000,Training,-0.341288,-0.052277,-0.035206,-0.025484,-0.035432,-0.040063,-0.022330,-0.002038,0.044410,0.162610,1.330296
2007-07-06,0.000000,Training,-0.353640,-0.066129,-0.039676,-0.033518,-0.036017,-0.040398,-0.019504,0.006912,0.055620,0.169297,1.329667
2007-07-07,0.000000,Training,-0.350434,-0.063713,-0.038175,-0.033078,-0.035761,-0.040707,-0.019693,0.005686,0.054648,0.169091,1.334756
2007-07-08,0.000000,Training,-0.361388,-0.069601,-0.042393,-0.032823,-0.036617,-0.039961,-0.020132,0.004832,0.051680,0.164343,1.320520
2007-07-09,0.000000,Training,-0.353112,-0.066551,-0.039054,-0.034151,-0.035076,-0.039447,-0.017616,0.009577,0.061493,0.176326,1.351972
2007-07-10,0.000000,Training,-0.344172,-0.063330,-0.035233,-0.034759,-0.032683,-0.037879,-0.014039,0.015900,0.072844,0.190261,1.386449
2007-07-11,0.000000,Training,-0.358527,-0.069059,-0.041086,-0.033503,-0.035475,-0.038336,-0.017271,0.009953,0.061895,0.175582,1.350195
2007-07-12,0.000000,Training,-0.361671,-0.070397,-0.042224,-0.033356,-0.035729,-0.038284,-0.017483,0.009154,0.060429,0.173750,1.347730
2007-07-13,0.000000,Training,-0.364310,-0.071743,-0.043196,-0.033378,-0.035770,-0.038185,-0.017536,0.008582,0.059631,0.173240,1.349862
2007-07-14,0.000000,Training,-0.352675,-0.067403,-0.038471,-0.035048,-0.033654,-0.037546,-0.014227,0.014963,0.072301,0.188718,1.388778
2007-07-15,0.000000,Training,-0.333913,-0.059975,-0.030281,-0.035212,-0.028497,-0.034447,-0.007601,0.026414,0.091353,0.212746,1.445320
2007-07-16,0.000000,Training,-0.330653,-0.058619,-0.028560,-0.034970,-0.027516,-0.033445,-0.005982,0.029153,0.095474,0.216772,1.452459
2007-07-17,0.000000,Training,-0.334006,-0.060123,-0.029869,-0.035203,-0.028449,-0.033710,-0.006470,0.028371,0.094416,0.214283,1.445926
2007-07-18,0.000000,Training,-0.331607,-0.059332,-0.028718,-0.035281,-0.027402,-0.032917,-0.004903,0.030887,0.098558,0.219295,1.458402
2007-07-19,0.000000,Training,-0.314216,-0.051724,-0.020629,-0.033607,-0.020913,-0.028566,0.001930,0.041159,0.113769,0.239794,1.507286
2007-07-20,0.000000,Training,-0.312570,-0.051139,-0.019784,-0.033386,-0.019906,-0.027495,0.003459,0.043550,0.117662,0.244346,1.518211
2007-07-21,0.000000,Training,-0.312576,-0.051423,-0.019750,-0.033428,-0.019467,-0.026707,0.004633,0.045529,0.121130,0.248123,1.527245
2007-07-22,0.000000,Training,-0.323610,-0.056565,-0.024565,-0.034974,-0.023368,-0.029352,0.001192,0.040321,0.113699,0.237259,1.502388
2007-07-23,0.000000,Training,-0.332411,-0.059916,-0.035397,-0.039161,-0.024665,-0.033133,0.000055,0.038456,0.113390,0.244475,1.531876
2007-07-24,0.000000,Training,-0.336056,-0.062754,-0.029968,-0.036617,-0.025741,-0.030272,-0.000474,0.037859,0.111385,0.234503,1.502874
2007-07-25,0.000000,Training,-0.353939,-0.070773,-0.037357,-0.037067,-0.029942,-0.032125,-0.004683,0.029991,0.098845,0.217123,1.463296
2007-07-26,0.000000,Training,-0.367141,-0.076881,-0.042825,-0.036823,-0.032186,-0.032805,-0.007350,0.024887,0.090507,0.206659,1.442309
2007-07-27,0.000000,Training,-0.371509,-0.078756,-0.044280,-0.036414,-0.032009,-0.032166,-0.006901,0.024680,0.089660,0.205896,1.444727
2007-07-28,0.000000,Training,-0.387169,-0.085735,-0.049494,-0.033226,-0.031539,-0.029761,-0.006638,0.021828,0.080939,0.196678,1.428803
2007-07-29,0.000000,Training,-0.388526,-0.087084,-0.050379,-0.034141,-0.031098,-0.028943,-0.005169,0.024327,0.086818,0.204535,1.453561
2007-07-30,0.000000,Training,-0.396732,-0.091503,-0.053173,-0.032716,-0.029965,-0.026662,-0.003371,0.025214,0.086647,0.205815,1.462906
2007-07-31,0.000000,Training,-0.384389,-0.086434,-0.049027,-0.036801,-0.030192,-0.028412,-0.002354,0.029660,0.099311,0.219879,1.496664
2007-08-01,0.000000,Training,-0.355885,-0.073961,-0.037338,-0.039402,-0.026479,-0.028468,0.002797,0.040871,0.120330,0.245230,1.550313
2007-08-02,0.000000,Training,-0.355269,-0.072834,-0.035859,-0.038934,-0.026840,-0.028975,0.002365,0.039427,0.116177,0.237231,1.524305
2007-08-03,0.000000,Training,-0.356493,-0.073114,-0.035774,-0.038841,-0.026986,-0.028874,0.002620,0.039284,0.115565,0.235014,1.517536
2007-08-04,0.000000,Training,-0.359757,-0.074517,-0.038340,-0.039926,-0.026964,-0.029129,0.003345,0.039982,0.118136,0.239276,1.532461
2007-08-05,0.000000,Training,-0.353111,-0.071440,-0.039501,-0.042463,-0.024866,-0.029926,0.006330,0.045306,0.129008,0.258227,1.584886
2007-08-06,0.000000,Training,-0.332833,-0.063374,-0.025055,-0.038140,-0.018335,-0.023342,0.013339,0.056249,0.143028,0.273539,1.613302
2007-08-07,0.000000,Training,-0.324835,-0.059868,-0.021245,-0.037047,-0.015217,-0.020972,0.017137,0.061644,0.150980,0.284007,1.636104
2007-08-08,0.000000,Training,-0.332330,-0.063497,-0.024659,-0.038336,-0.017850,-0.022458,0.015250,0.058632,0.148145,0.279147,1.627213
2007-08-09,0.000000,Training,-0.340204,-0.066321,-0.029741,-0.039767,-0.019590,-0.023773,0.014397,0.056663,0.147202,0.278577,1.632610
2007-08-10,0.000000,Training,-0.343903,-0.066551,-0.030136,-0.038740,-0.021382,-0.024575,0.011885,0.050921,0.139251,0.269078,1.619300
2007-08-11,0.000000,Training,-0.336112,-0.065800,-0.026075,-0.039478,-0.017516,-0.021393,0.017698,0.061831,0.155414,0.287846,1.656106
2007-08-12,0.000000,Training,-0.325416,-0.061159,-0.021642,-0.038311,-0.013447,-0.018328,0.022389,0.069443,0.167260,0.304522,1.695635
2007-08-13,0.000000,Training,-0.320221,-0.058809,-0.019394,-0.037614,-0.011045,-0.016212,0.025521,0.074222,0.174813,0.314561,1.719595
2007-08-14,0.000000,Training,-0.331700,-0.064407,-0.024333,-0.039671,-0.014718,-0.018437,0.023032,0.070063,0.170087,0.306624,1.704280
2007-08-15,0.000000,Training,-0.337467,-0.067399,-0.026968,-0.040917,-0.016172,-0.019108,0.022516,0.069055,0.169933,0.305595,1.705364
2007-08-16,0.000000,Training,-0.332864,-0.065471,-0.025036,-0.040803,-0.014436,-0.018018,0.024698,0.072449,0.175335,0.313352,1.725176
2007-08-17,0.000000,Training,-0.351079,-0.074396,-0.032835,-0.043327,-0.018999,-0.020197,0.021324,0.066241,0.168239,0.301848,1.705504
2007-08-18,0.000000,Training,-0.360405,-0.079052,-0.036583,-0.044330,-0.020201,-0.020427,0.020943,0.064330,0.166417,0.299023,1.705690
2007-08-19,0.000000,Training,-0.358974,-0.078642,-0.036140,-0.044964,-0.019728,-0.020372,0.021876,0.065667,0.169536,0.303827,1.721269
2007-08-20,0.000000,Training,-0.360433,-0.079800,-0.037077,-0.045674,-0.019564,-0.019917,0.022931,0.067169,0.173439,0.309292,1.739044
2007-08-21,0.000000,Training,-0.351515,-0.075821,-0.033897,-0.045707,-0.017727,-0.019041,0.025336,0.071799,0.181631,0.321275,1.767803
2007-08-22,0.000000,Training,-0.350720,-0.075382,-0.033940,-0.046022,-0.017572,-0.018890,0.025953,0.072410,0.184087,0.325457,1.782352
2007-08-23,0.000000,Training,-0.342586,-0.070888,-0.030864,-0.045369,-0.016084,-0.018662,0.026955,0.073481,0.186544,0.331563,1.801331
2007-08-24,0.000000,Training,-0.351620,-0.076944,-0.035514,-0.048554,-0.016937,-0.019357,0.027931,0.075165,0.190538,0.334548,1.810016
2007-08-25,0.000000,Training,-0.422254,-0.080459,0.004900,0.118175,0.188299,0.211825,0.314360,0.355902,0.576966,0.998550,4.029026
2007-08-26,0.000000,Training,-0.509533,-0.148892,-0.064019,0.028419,0.152842,0.209882,0.316895,0.440673,0.884543,1.298064,5.198147
2007-08-27,0.000000,Training,-0.465614,-0.135577,-0.040783,0.014482,0.105664,0.156923,0.237620,0.349739,0.689850,1.049259,4.096715
2007-08-28,0.000000,Training,-0.402900,-0.126230,-0.062668,-0.055614,-0.001249,0.015774,0.071062,0.139746,0.335651,0.562863,2.521194
2007-08-29,0.000000,Training,-0.368629,-0.099747,-0.048752,-0.052138,-0.003114,0.004190,0.059981,0.126167,0.300317,0.504765,2.318486
2007-08-30,0.000000,Training,-0.362251,-0.090930,-0.046097,-0.052168,-0.008129,-0.004373,0.051719,0.113990,0.275190,0.462227,2.191544
2007-08-31,0.000000,Training,-0.363957,-0.089272,-0.047544,-0.053683,-0.012980,-0.010006,0.045699,0.105157,0.260349,0.436837,2.123233
2007-09-01,,,-0.295074,0.201608,0.271450,0.479166,0.757085,0.870233,1.033716,1.583111,3.104903,4.510962,13.872764
2007-09-02,,,-0.309051,0.184091,0.255942,0.469223,0.749920,0.867187,1.028159,1.591924,3.169430,4.627120,14.271937
