date,observed,split,p_0.01,p_0.05,p_0.1,p_0.25,p_0.4,p_0.5,p_0.6,p_0.75,p_0.9,p_0.95,p_0.99
1984-09-17,0.000000,Validation,,,,,,,,,,,
1984-09-18,0.000000,Validation,,,,,,,,,,,
1984-09-19,0.000000,Validation,-0.337052,-0.212478,-0.154135,-0.096829,-0.059859,-0.047118,-0.019122,0.055457,0.256436,0.533485,1.751363
1984-09-20,0.000000,Validation,-0.340437,-0.214367,-0.153124,-0.096315,-0.059611,-0.046304,-0.014921,0.063047,0.276600,0.562377,1.811114
1984-09-21,0.000000,Validation,-0.341968,-0.214746,-0.152236,-0.095920,-0.059167,-0.045743,-0.011746,0.068435,0.289432,0.581234,1.849420
1984-09-22,0.000000,Validation,-0.343901,-0.214622,-0.150685,-0.095494,-0.058507,-0.045165,-0.007207,0.076127,0.306791,0.607521,1.903565
1984-09-23,0.000000,Validation,-0.345626,-0.214233,-0.149270,-0.095303,-0.057683,-0.044546,-0.002356,0.084345,0.323940,0.634234,1.958328
1984-09-24,0.000000,Validation,-0.346679,-0.213506,-0.147873,-0.095214,-0.056872,-0.043691,0.001689,0.091347,0.337370,0.655584,2.002347
1984-09-25,0.000000,Validation,-0.348727,-0.212978,-0.147092,-0.096215,-0.055503,-0.043089,0.008329,0.102930,0.359331,0.692026,2.075285
1984-09-26,0.000000,Validation,-0.347915,-0.210406,-0.144965,-0.096828,-0.055827,-0.043575,0.008813,0.105264,0.362340,0.698330,2.091772
1984-09-27,0.000000,Validation,-0.347232,-0.209949,-0.141868,-0.093369,-0.055920,-0.038888,0.007212,0.102106,0.354449,0.681022,2.066267
1984-09-28,0.000000,Validation,-0.350357,-0.208249,-0.141527,-0.096587,-0.053470,-0.038597,0.017103,0.120601,0.386613,0.736801,2.179908
1984-09-29,0.000000,Validation,-0.347232,-0.208048,-0.142237,-0.096350,-0.052355,-0.039895,0.015370,0.116177,0.378976,0.726331,2.146731
1984-09-30,0.000000,Validation,-0.345036,-0.207353,-0.140853,-0.093932,-0.051542,-0.038101,0.013642,0.111745,0.370083,0.710432,2.112268
1984-10-01,0.000000,Validation,-0.349995,-0.207807,-0.137204,-0.091185,-0.049903,-0.030081,0.022286,0.126708,0.395731,0.745640,2.202986
1984-10-02,0.000000,Validation,-0.378989,-0.223754,-0.132210,-0.089973,-0.054596,-0.016966,0.043397,0.154020,0.466620,0.856701,2.616180
1984-10-03,0.000000,Validation,-0.354657,-0.205549,-0.134942,-0.096742,-0.044705,-0.024800,0.038551,0.158221,0.443894,0.830108,2.394438
1984-10-04,0.000000,Validation,-0.398595,-0.239052,-0.134648,-0.091694,-0.053393,-0.004551,0.061451,0.179270,0.532250,0.968099,2.945013
1984-10-05,0.000000,Validation,-0.377553,-0.224231,-0.144121,-0.094443,-0.025267,0.006480,0.088405,0.235167,0.583084,1.048869,2.815978
1984-10-06,0.000000,Validation,-0.377362,-0.218132,-0.138600,-0.086315,-0.009223,0.025746,0.111589,0.265682,0.632523,1.118247,2.933134
1984-10-07,0.000000,Validation,-0.381005,-0.227486,-0.147562,-0.081339,-0.002671,0.033795,0.126380,0.274216,0.651027,1.129082,2.882248
1984-10-08,0.000000,Validation,-0.381128,-0.230887,-0.148259,-0.078182,-0.001201,0.037090,0.128926,0.273826,0.654555,1.127086,2.873796
1984-10-09,0.000000,Validation,-0.384717,-0.233923,-0.150865,-0.076361,0.005021,0.045473,0.144123,0.294666,0.693631,1.182648,2.978660
1984-10-10,0.000000,Validation,-0.380788,-0.231412,-0.147899,-0.074180,0.004312,0.043756,0.138874,0.283871,0.674647,1.150182,2.918303
1984-10-11,0.000000,Validation,-0.375874,-0.230589,-0.146557,-0.072139,-0.000022,0.038580,0.124173,0.258427,0.629287,1.075564,2.775427
1984-10-12,0.000000,Validation,-0.372846,-0.228874,-0.145335,-0.071411,-0.001727,0.035474,0.116697,0.245890,0.605714,1.037873,2.706101
1984-10-13,0.000000,Validation,-0.370397,-0.226571,-0.143731,-0.071069,-0.002278,0.033056,0.113097,0.239864,0.594039,1.020067,2.674494
1984-10-14,0.000000,Validation,-0.368662,-0.223356,-0.141860,-0.071176,-0.001265,0.031810,0.115480,0.243659,0.600290,1.032429,2.698114
1984-10-15,0.000000,Validation,-0.366477,-0.220305,-0.140232,-0.071116,-0.000943,0.030412,0.115644,0.243909,0.599309,1.033399,2.697979
1984-10-16,0.000000,Validation,-0.363334,-0.217517,-0.138176,-0.070266,-0.001954,0.028239,0.110704,0.235801,0.582727,1.008680,2.648978
1984-10-17,0.000000,Validation,-0.361339,-0.211547,-0.134991,-0.070992,0.001244,0.028862,0.118512,0.249397,0.603827,1.047357,2.722780
1984-10-18,0.000000,Validation,-0.357631,-0.201496,-0.130889,-0.070413,0.007514,0.031802,0.128159,0.264365,0.622053,1.080302,2.785671
1984-10-19,0.000000,Validation,-0.456861,-0.231118,-0.161144,-0.061174,0.007096,0.077915,0.197629,0.352729,0.898701,1.513034,4.233468
1984-10-20,0.000000,Validation,-0.411675,-0.232762,-0.108100,-0.058444,0.037153,0.126389,0.244767,0.479150,1.038292,1.807661,4.483381
1984-10-21,0.000000,Validation,-0.388965,-0.201434,-0.088562,-0.032561,0.073978,0.152145,0.270750,0.498331,1.044472,1.767127,4.300156
1984-10-22,0.000000,Validation,-0.373289,-0.201995,-0.104014,-0.045956,0.047128,0.101818,0.204058,0.379737,0.819988,1.371239,3.399954
1984-10-23,0.000000,Validation,-0.362194,-0.194919,-0.102186,-0.047524,0.039484,0.085783,0.179945,0.336943,0.738829,1.240489,3.119432
1984-10-24,0.000000,Validation,-0.361083,-0.193058,-0.104866,-0.047167,0.043371,0.089000,0.189777,0.347384,0.757603,1.267733,3.158007
1984-10-25,0.000000,Validation,-0.359029,-0.189751,-0.102200,-0.046874,0.036849,0.087073,0.182076,0.336377,0.739096,1.234575,3.120449
1984-10-26,0.000000,Validation,-0.353418,-0.188470,-0.108988,-0.052347,0.034405,0.075468,0.174586,0.322854,0.715688,1.207019,3.032223
1984-10-27,0.000000,Validation,-0.373419,-0.207216,-0.102816,-0.042943,0.025053,0.092651,0.179610,0.328142,0.748237,1.238344,3.253506
1984-10-28,0.000000,Validation,-0.358425,-0.201562,-0.116210,-0.053694,0.027717,0.072925,0.168847,0.314180,0.711053,1.196393,3.020501
1984-10-29,0.000000,Validation,-0.358762,-0.199226,-0.114568,-0.051518,0.033757,0.080143,0.180266,0.330001,0.738401,1.237356,3.092618
1984-10-30,0.000000,Validation,-0.358014,-0.195652,-0.117608,-0.051244,0.038500,0.081719,0.190139,0.340520,0.754076,1.261359,3.113843
1984-10-31,0.000000,Validation,-0.358070,-0.194106,-0.115160,-0.049708,0.037575,0.083368,0.190248,0.340723,0.753104,1.256435,3.116360
1984-11-01,0.000000,Validation,-0.373984,-0.201113,-0.104929,-0.040801,0.038131,0.104083,0.210744,0.369436,0.816455,1.344079,3.441135
1984-11-02,0.000000,Validation,-0.411727,-0.228250,-0.122363,-0.043536,0.042577,0.119410,0.255912,0.424661,0.976514,1.617089,4.265722
1984-11-03,0.000000,Validation,-0.374447,-0.185294,-0.101202,-0.030311,0.081907,0.146274,0.284655,0.486929,1.000358,1.649141,4.043111
1984-11-04,0.075554,Validation,-0.515001,-0.191128,-0.127381,0.113856,0.218022,0.416234,0.672206,1.008856,2.663859,4.040278,11.398709
1984-11-05,0.075554,Validation,-0.419462,-0.066466,0.281597,0.632185,1.152098,1.788162,2.622808,3.986931,8.834562,14.983083,37.459553
1984-11-06,0.075554,Validation,-0.496221,-0.136446,0.212625,0.757709,1.394395,2.101451,3.195719,4.792677,11.795687,19.453341,49.389240
1984-11-07,0.075554,Validation,-0.416095,0.216036,0.651898,1.857769,2.906042,4.327077,6.297760,9.832608,27.346836,41.612621,111.178253
1984-11-08,0.075554,Validation,0.333500,1.847557,3.251638,6.783014,11.736130,16.335833,24.205450,37.888294,86.105667,147.260880,336.608673
1984-11-09,7.328762,Validation,0.392207,1.855865,3.245085,6.341072,10.767488,14.671755,21.817541,33.177681,71.361115,121.499573,279.304993
1984-11-10,13.070884,Validation,0.218208,1.169889,1.952955,3.373112,5.632869,7.259146,10.345827,15.022670,26.710817,43.997101,89.874336
1984-11-11,9.293172,Validation,-0.215717,0.321990,0.823464,1.486834,2.552767,3.337202,4.689504,6.683234,11.536840,18.083775,36.970142
1984-11-12,7.328762,Validation,-0.242488,0.720042,1.905568,4.058267,7.173886,9.856801,14.753521,22.868376,52.068092,83.397820,205.847946
1984-11-13,6.799882,Validation,0.446449,1.548452,2.967760,5.469335,9.238056,11.986307,16.129618,24.556986,42.303989,68.096901,140.049927
1984-11-14,6.799882,Validation,-0.019459,0.727592,1.769720,3.041705,4.950898,6.715806,8.857912,13.162110,22.190941,33.826088,73.923668
1984-11-15,6.799882,Validation,-0.201720,0.359418,1.261443,2.118758,3.449903,4.702180,6.133674,9.024550,14.852249,21.933838,49.190926
1984-11-16,6.799882,Validation,0.909600,3.261522,7.918802,13.899851,22.730516,30.004906,40.801922,61.352669,126.959633,189.919434,445.226776
1984-11-17,13.146438,Validation,10.188049,15.521322,27.673431,41.035633,54.729347,66.268509,73.284630,96.741257,143.874725,203.853073,361.317169
1984-11-18,20.324092,Validation,5.652858,9.275654,17.346865,24.449448,32.487244,39.006195,43.197628,56.017647,78.508331,105.867813,199.022980
1984-11-19,14.959740,Validation,3.483846,5.888216,10.513639,14.631347,19.677708,21.806978,24.074781,30.156113,38.159016,49.287811,88.168625
1984-11-20,10.502040,Validation,2.296261,4.042061,7.298697,10.259731,13.873968,15.242513,16.835773,21.050898,25.918535,32.687004,59.851631
1984-11-21,8.537630,Validation,1.485212,2.786600,5.354817,7.605709,10.454627,11.626801,12.907406,16.422066,20.189192,25.327555,47.427509
1984-11-22,8.159858,Validation,1.025676,2.071998,4.080235,5.939883,8.354817,9.297297,10.476254,13.419703,16.506844,20.767920,39.390686
1984-11-23,7.782087,Validation,0.322974,1.043646,2.280258,3.580788,5.385797,6.192698,7.322592,9.789727,12.563403,16.301481,32.012638
1984-11-24,6.497665,Validation,-0.067875,0.452061,1.269031,2.178163,3.505187,4.170379,5.147906,7.133612,9.577886,12.807420,25.812616
1984-11-25,6.119894,Validation,-0.291712,0.093838,0.658548,1.307392,2.268189,2.793529,3.586719,5.113989,7.206921,9.922524,20.286989
1984-11-26,6.119894,Validation,-0.409312,-0.107184,0.313281,0.807367,1.509114,1.955250,2.585306,3.783265,5.620378,7.926557,16.470083
1984-11-27,6.119894,Validation,-0.469930,-0.225955,0.072764,0.475226,1.019641,1.343640,1.872952,2.779588,4.353612,6.292295,13.021438
1984-11-28,6.119894,Validation,-0.497563,-0.279219,-0.066754,0.280394,0.720072,0.979681,1.437389,2.162402,3.579224,5.242031,10.868505
1984-11-29,6.119894,Validation,-0.588535,-0.327933,-0.080328,0.350612,0.869258,1.291548,1.968818,3.047516,6.089243,9.068515,20.968706
1984-11-30,6.119894,Test,-0.591372,-0.232793,0.242055,1.086402,2.202400,3.372039,5.091654,8.534287,20.047712,32.583401,83.144409
1984-12-01,6.119894,Test,-0.437183,-0.026087,0.479129,1.282941,2.409753,3.512724,4.896062,7.975606,15.202989,24.112837,56.236401
1984-12-02,5.817677,Test,-0.465610,-0.105109,0.316970,0.935291,1.787340,2.552373,3.497376,5.543314,9.711051,14.763850,33.472748
1984-12-03,5.515460,Test,-0.498728,-0.202936,0.161909,0.631478,1.269146,1.807787,2.493159,3.886308,6.618174,9.896013,21.860926
1984-12-04,5.515460,Test,-0.504922,-0.240478,0.066514,0.476047,1.018563,1.458792,2.040937,3.146260,5.367997,7.978302,17.365801
1984-12-05,5.515460,Test,-0.513386,-0.253534,0.065257,0.485590,1.042719,1.487333,2.079559,3.182280,5.406837,7.962363,17.465927
1984-12-06,5.515460,Test,-0.556867,-0.047519,0.550654,1.945619,3.383655,5.099514,7.673999,12.960858,35.896152,55.350258,143.924347
1984-12-07,5.515460,Test,2.408131,6.186524,11.146448,23.079885,37.365421,49.376560,66.850342,102.337334,199.666122,326.809235,684.894409
1984-12-08,5.968785,Test,3.383832,7.836789,14.281746,26.890581,41.679134,54.278145,71.374504,105.498222,191.344650,300.923309,611.076233
1984-12-09,13.750872,Test,2.375378,4.702087,8.524477,14.547729,21.886534,26.941153,32.966652,47.713352,72.836098,108.253868,201.841629
1984-12-10,10.124269,Test,0.336564,1.306699,2.821089,4.773193,7.594547,9.546866,12.019045,17.621830,26.656727,38.882961,77.044434
1984-12-11,6.950990,Test,-0.043501,0.589852,1.585533,2.728739,4.451489,5.560419,7.022450,10.159288,14.914744,21.174551,42.426693
1984-12-12,5.742123,Test,-0.051605,1.296733,3.229020,6.328163,10.821512,14.625848,21.148132,32.638824,72.601273,107.959328,261.855774
1984-12-13,6.950990,Test,4.080932,7.118093,12.347981,20.118038,29.030050,34.539669,40.282005,55.788116,82.677307,118.416885,211.282135
1984-12-14,4.911026,Test,1.015671,2.422906,4.535026,7.484192,11.378554,13.924299,16.944254,24.012678,35.069244,49.124153,94.425644
1984-12-15,15.790837,Test,0.385342,1.337699,3.217707,4.894940,7.322606,9.482690,11.455366,16.261364,24.324574,33.280388,71.537407
1984-12-16,33.697193,Test,0.377293,1.218256,2.753015,4.252538,6.400907,7.749194,9.209528,12.790586,17.553083,23.377445,46.306915
1984-12-17,16.697488,Test,0.388134,1.192297,2.468816,3.985775,6.070805,7.092551,8.470545,11.542324,15.378736,20.342955,39.133759
1984-12-18,10.502040,Test,0.122756,0.777767,1.834186,3.045915,4.693358,5.740100,6.865537,9.544055,13.019240,17.154631,34.433643
1984-12-19,7.555424,Test,-0.207691,0.211675,0.729672,1.568446,2.712279,3.337921,4.232934,6.075016,8.529444,11.683424,23.091122
1984-12-20,5.515460,Test,-0.308669,0.061224,0.487321,1.192486,2.164267,2.681040,3.507376,5.058133,7.321580,10.127110,20.281837
1984-12-21,4.911026,Test,-0.388119,-0.059720,0.341636,0.938827,1.762297,2.206330,2.942280,4.233148,6.305006,8.734881,17.559507
1984-12-22,4.911026,Test,-0.417792,-0.120111,0.232610,0.779896,1.518492,1.906190,2.578418,3.739030,5.630472,7.841537,15.770886
1984-12-23,4.684363,Test,-0.412919,-0.128324,0.170633,0.717978,1.434483,1.789926,2.442886,3.581674,5.375606,7.519984,15.107714
1984-12-24,4.382146,Test,-0.437904,-0.180078,0.074414,0.580046,1.228563,1.558568,2.152988,3.221675,4.917684,6.959419,13.992160
1984-12-25,4.382146,Test,-0.488263,-0.275436,-0.108387,0.307182,0.808837,1.089314,1.562674,2.429224,3.881115,5.593980,11.253881
1984-12-26,4.382146,Test,-0.515268,-0.328665,-0.207509,0.147451,0.554000,0.789169,1.185746,1.896664,3.175757,4.629172,9.345406
1984-12-27,4.382146,Test,-0.519918,-0.348694,-0.251697,0.060212,0.403147,0.602683,0.951902,1.551639,2.711096,3.994563,8.110552
1984-12-28,4.155483,Test,-0.512914,-0.331440,-0.209579,0.124661,0.506155,0.697357,1.096074,1.728104,3.001269,4.401786,8.994409
1984-12-29,3.853266,Test,-0.519894,-0.332342,-0.186623,0.160380,0.562931,0.759225,1.177458,1.838427,3.168037,4.613914,9.436716
1984-12-30,3.853266,Test,-0.521608,-0.344767,-0.216309,0.148255,0.565150,0.789191,1.184273,1.920011,3.193286,4.652718,9.371135
1984-12-31,3.853266,Test,-0.537848,-0.374535,-0.272801,0.054184,0.413047,0.614836,0.961407,1.606409,2.775425,4.066430,8.206472
1985-01-01,3.853266,Test,-0.529736,-0.362736,-0.247831,0.094012,0.477929,0.679983,1.054085,1.726096,2.965994,4.346954,8.792904
1985-01-02,3.853266,Test,-0.537870,-0.369050,-0.256123,0.091284,0.478399,0.693263,1.059608,1.752467,2.977929,4.334795,8.744920
1985-01-03,3.853266,Test,-0.534224,-0.370959,-0.233896,0.071850,0.388996,0.616817,0.975220,1.607149,2.998276,4.463217,9.791000
1985-01-04,3.853266,Test,-0.678697,-0.441142,-0.231098,0.313463,0.815492,1.506328,2.264344,4.173849,11.577572,17.812273,47.237320
1985-01-05,,,-0.387029,0.030463,0.896788,1.772893,3.179520,4.507948,5.803091,9.357504,18.357470,27.868414,63.743065
1985-01-06,,,-0.394987,0.011759,0.836624,1.666482,2.991640,4.259987,5.492780,8.858237,17.430731,26.475536,60.522545
1985-01-11,,,,,,,,,,,,,
1985-01-12,,,,,,,,,,,,,
1985-01-13,11.333137,Test,17.615473,33.526665,41.423325,72.997513,98.411774,117.524033,133.875656,177.609314,258.446991,366.942993,566.447266
1985-01-14,11.786462,Test,12.518420,18.935205,23.359547,38.928032,50.997734,57.432716,61.683277,77.375732,100.531975,131.306213,195.886719
1985-01-15,15.941946,Test,5.685610,9.301524,11.816079,19.905748,26.565130,29.813148,32.239990,40.356773,50.715397,64.673180,98.039085
1985-01-16,16.697488,Test,4.272754,7.037052,9.383205,15.097301,19.934095,22.280792,23.935812,29.827686,36.405815,45.651413,71.104309
1985-01-17,107.815906,Test,3.062002,7.218254,13.194420,21.835245,33.359726,39.675102,50.407055,67.649612,115.494698,158.697464,307.070526
1985-01-18,83.034114,Test,10.722163,15.597643,21.478642,33.552387,45.015785,49.041309,54.196377,67.275719,91.639038,122.156258,192.367783
1985-01-19,28.181733,Test,6.275917,11.117240,18.134283,28.962610,41.026867,47.285606,56.548759,71.845802,110.211716,149.608017,271.915710
1985-01-20,293.452685,Test,20.244417,40.349606,57.426552,94.121941,128.279968,155.374817,185.398514,243.184387,422.691742,571.481567,1004.706726
1985-01-21,629.593517,Test,46.038792,82.802536,104.484268,158.525070,195.523697,238.471054,270.163879,339.972168,596.947571,798.925964,1267.300659
1985-01-22,252.048959,Test,38.909683,63.044586,77.807976,122.137032,154.896744,181.104584,204.567108,260.556702,404.641205,549.969360,868.932556
1985-01-29,13.977535,Test,,,,,,,,,,,
1985-01-30,12.617559,Test,,,,,,,,,,,
1985-01-31,12.164233,Test,0.843366,1.772642,3.308872,5.378593,7.866907,8.627652,9.911227,12.614880,16.337620,20.702595,36.237854
1985-02-01,8.764292,Test,0.151684,0.756646,1.723088,3.123398,4.912471,5.585649,6.706945,8.950714,12.257419,15.998034,28.808121
1985-02-02,6.799882,Test,-0.044516,0.460025,1.165601,2.341043,3.841122,4.407225,5.453273,7.417482,10.425384,13.749486,25.120815
1985-02-03,6.799882,Test,-0.197109,0.227664,0.804310,1.785166,3.051004,3.559721,4.492159,6.243865,9.010373,11.994449,22.287399
1985-02-04,6.799882,Test,-0.288124,0.084327,0.608831,1.464291,2.571734,3.066979,3.893678,5.526614,8.130920,10.897127,20.586840
1985-02-05,6.799882,Test,-0.420601,-0.120478,0.263507,0.936621,1.792962,2.234033,2.934550,4.312636,6.699324,9.129254,17.729918
1985-02-06,6.799882,Test,-0.402646,-0.099981,0.347361,1.044590,1.936257,2.418659,3.122044,4.591760,7.063963,9.594620,18.932947
1985-02-07,6.799882,Test,-0.564976,-0.320760,-0.008925,0.549739,1.268767,1.734474,2.484401,3.865736,7.183737,10.333282,21.912870
1985-02-08,5.213243,Test,-0.582004,-0.318777,0.077795,0.793833,1.727902,2.535110,3.577753,5.999409,12.235374,18.789232,42.108990
1985-02-09,252.048959,Test,-0.620073,-0.189838,0.265661,1.849911,3.695115,5.656395,8.552562,15.578390,45.368576,70.086975,165.145996
1985-02-10,133.051024,Test,0.213778,1.250751,2.762143,6.496752,11.536807,16.238369,21.632231,36.247360,73.675934,116.174789,244.513382
1985-02-11,54.550164,Test,-0.208346,0.466591,1.471410,3.550713,6.427844,8.958331,12.299188,20.140276,41.413216,63.855225,137.759369
1985-02-12,44.728113,Test,-0.233672,0.393921,1.325274,3.040204,5.348622,7.394593,9.743889,15.789879,29.333355,44.263241,93.195992
1985-02-13,34.528290,Test,-0.398736,0.061338,0.697534,1.865063,3.413962,4.743811,6.341739,10.093593,18.903919,28.100487,59.304169
1985-02-14,26.066214,Test,-0.450134,-0.062131,0.345132,1.211712,2.346434,3.148057,4.246080,6.670517,11.809150,17.192020,33.866081
1985-02-15,21.155188,Test,-0.477196,-0.136182,0.171562,0.898956,1.838782,2.421515,3.305671,5.068832,8.792440,12.556496,24.288881
1985-02-16,17.528585,Test,-0.520608,-0.197975,0.167250,0.910508,1.863935,2.543203,3.544229,5.355855,10.002664,14.296213,29.733608
1985-02-17,23.875141,Test,-0.535653,-0.194589,0.207882,1.109902,2.283131,3.166418,4.532614,7.111429,14.716634,21.960144,47.046410
1985-02-18,35.434941,Test,-0.394767,0.035900,0.572997,1.851046,3.497016,4.864315,6.690193,10.688883,21.343363,32.272404,68.840088
1985-02-19,25.537335,Test,-0.251998,0.295593,1.008046,2.652159,4.751617,6.466119,8.631061,13.484535,25.536451,37.792839,78.504829
1985-02-20,80.994150,Test,1.228266,4.290898,8.319551,16.964983,27.967306,36.150715,52.360180,79.572227,184.506073,290.161743,606.511169
1985-02-21,118.997935,Test,9.917756,16.979713,25.317366,45.940395,66.043182,78.652328,94.292503,126.542770,203.427124,295.572113,489.366180
1985-02-22,56.665683,Test,6.677200,10.940145,15.756797,27.325748,38.847103,43.101364,49.670208,63.877865,90.861450,122.960953,195.719543
1985-02-23,33.017205,Test,3.678777,6.520123,10.010814,16.644808,23.523914,26.140232,29.675037,37.589676,51.548447,66.458702,109.721565
1985-02-24,22.515165,Test,2.703666,4.866183,7.755210,12.366069,17.105602,18.864202,21.087242,26.269867,34.590618,43.243267,73.189041
1985-02-25,34.906061,Test,1.743278,3.308102,5.961278,9.424214,13.046665,14.981639,17.021790,21.231222,29.560152,36.810997,68.515778
1985-02-26,97.238312,Test,1.231462,2.656478,5.276376,8.897229,13.170176,15.485724,18.625504,24.089525,37.712349,49.346916,94.963669
1985-02-27,66.412181,Test,1.333901,2.830527,5.337281,9.133435,13.359080,16.012997,18.636311,25.139450,38.105389,50.848618,94.640953
1985-02-28,33.923856,Test,0.302707,1.235413,2.757971,5.076330,7.897805,9.807937,11.826086,16.382740,25.880556,34.881065,67.066086
1985-03-01,25.008455,Test,0.215492,1.054252,2.190486,4.175549,6.578042,7.820988,9.451271,12.963135,19.261421,25.388458,46.523697
1985-03-02,17.528585,Test,-0.006692,0.617834,1.352257,2.871407,4.723455,5.590667,6.890352,9.520371,14.081110,18.634348,33.600258
1985-03-03,13.524210,Test,-0.040580,0.538722,1.232617,2.640283,4.343440,5.074236,6.255066,8.512577,12.430726,16.271423,29.240753
1985-03-04,10.955365,Test,-0.255879,0.168970,0.622225,1.673818,2.940526,3.521814,4.472838,6.279312,9.478952,12.585515,22.842577
1985-03-05,8.915401,Test,-0.164886,0.278883,0.784438,1.914274,3.222731,3.781910,4.693728,6.446450,9.370743,12.253201,21.925888
1985-03-06,7.782087,Test,0.015176,0.520086,1.171695,2.480117,3.953511,4.456733,5.416369,7.157868,10.021407,12.904488,22.990501
1985-03-07,6.799882,Test,-0.238198,0.168266,0.672047,1.700084,2.921586,3.334579,4.249684,5.778750,8.584328,11.220184,20.636211
1985-03-08,6.119894,Test,-0.413444,-0.089717,0.293707,1.093544,2.060422,2.417682,3.206700,4.512261,7.101559,9.423700,17.764711
1985-03-09,5.817677,Test,-0.479123,-0.196504,0.119079,0.808816,1.633663,1.963438,2.666952,3.853071,6.275383,8.430138,16.150471
1985-03-10,5.213243,Test,-0.534937,-0.292685,-0.031509,0.556996,1.250488,1.534537,2.150564,3.187394,5.401968,7.382923,14.295227
1985-03-11,4.911026,Test,-0.588656,-0.393447,-0.240792,0.199227,0.679695,0.891358,1.366000,2.111428,3.931932,5.518955,10.890692
1985-03-12,4.684363,Test,-0.581376,-0.401617,-0.286523,0.079208,0.452408,0.621189,1.016927,1.597222,3.131456,4.462723,8.881450
1985-03-13,4.155483,Test,-0.568252,-0.386893,-0.283543,0.098993,0.494201,0.665761,1.078562,1.691440,3.247460,4.633847,9.185411
1985-03-14,3.853266,Test,-0.575567,-0.383323,-0.262716,0.155939,0.601761,0.792193,1.246497,1.924145,3.620494,5.113231,10.104376
1985-03-15,3.853266,Test,-0.574416,-0.358672,-0.195815,0.296504,0.849443,1.075895,1.608632,2.426944,4.361023,6.050987,11.877929
1985-03-16,3.626604,Test,-0.585032,-0.385905,-0.251406,0.183756,0.653061,0.851176,1.323657,2.029423,3.801619,5.335377,10.556237
1985-03-17,3.399941,Test,-0.570160,-0.384303,-0.281648,0.092775,0.477517,0.640774,1.049210,1.626303,3.155924,4.497729,8.949395
1985-03-18,3.173278,Test,-0.569710,-0.388228,-0.291307,0.050949,0.388923,0.535985,0.908172,1.420865,2.842324,4.072520,8.186036
1985-03-19,2.946616,Test,-0.547029,-0.371582,-0.277600,0.008923,0.260041,0.405127,0.702796,1.141611,2.377639,3.456965,7.264158
1985-03-20,2.946616,Test,-0.532144,-0.357133,-0.280982,-0.001945,0.241625,0.366973,0.656569,1.077768,2.241076,3.275759,6.845345
1985-03-21,2.946616,Test,-0.556021,-0.385180,-0.282578,-0.009667,0.222730,0.371923,0.651005,1.082365,2.307920,3.391032,7.235986
1985-03-22,2.946616,Test,-0.558261,-0.386247,-0.293669,-0.012253,0.235586,0.371959,0.660957,1.095868,2.320701,3.404697,7.086706
1985-03-23,2.795507,Test,-0.545079,-0.368636,-0.293066,-0.003172,0.257194,0.376306,0.679628,1.105193,2.311201,3.379865,6.951743
1985-03-24,2.493290,Test,-0.544623,-0.366417,-0.292480,0.003787,0.270724,0.387623,0.697847,1.121664,2.327958,3.391998,6.939783
1985-03-25,2.493290,Test,-0.554782,-0.376683,-0.287944,0.003377,0.259124,0.391707,0.689366,1.113201,2.319261,3.368731,6.960991
1985-03-26,2.493290,Test,-0.542565,-0.361741,-0.289569,0.003357,0.266064,0.376561,0.684492,1.091009,2.260715,3.290889,6.746169
1985-03-27,2.115519,Test,-0.548009,-0.367402,-0.291772,0.000389,0.261547,0.373251,0.678326,1.080415,2.244384,3.264834,6.694777
1985-03-28,1.586639,Test,-0.541274,-0.358773,-0.290135,0.003127,0.263393,0.370519,0.676182,1.074432,2.225163,3.238391,6.640659
1985-03-29,1.435531,Test,-0.542172,-0.358197,-0.290774,0.008259,0.275445,0.383512,0.695469,1.099708,2.264010,3.290353,6.746714
1985-03-30,1.435531,Test,-0.553549,-0.370728,-0.296269,0.001660,0.267287,0.378364,0.686139,1.087350,2.252442,3.271388,6.712767
1985-03-31,1.284422,Test,-0.558444,-0.375725,-0.299681,0.001490,0.270367,0.383374,0.691835,1.096530,2.269283,3.294128,6.755166
1985-04-01,1.133314,Test,-0.566096,-0.387080,-0.304174,-0.007884,0.253235,0.368532,0.667214,1.062084,2.212122,3.221599,6.625246
1985-04-02,1.133314,Test,-0.568603,-0.390124,-0.305478,-0.010603,0.248191,0.363055,0.658685,1.047729,2.184500,3.187970,6.565077
1985-04-03,1.133314,Test,-0.575855,-0.402307,-0.308254,-0.019343,0.232035,0.346670,0.633164,1.011297,2.122565,3.125642,6.484525
1985-04-04,0.982205,Test,-0.576097,-0.390800,-0.297203,0.008096,0.271755,0.407951,0.711959,1.123382,2.328212,3.377728,7.080789
1985-04-05,0.906651,Test,-0.580828,-0.390431,-0.295833,0.018176,0.293019,0.435215,0.752737,1.181453,2.440304,3.536661,7.440678
1985-04-06,1.133314,Test,-0.606567,-0.416961,-0.305859,0.020783,0.315809,0.479034,0.814142,1.281971,2.665336,3.880855,8.235641
1985-04-07,1.133314,Test,-0.611030,-0.420680,-0.310009,0.013425,0.298811,0.466925,0.798745,1.274087,2.708043,3.988157,8.524577
1985-04-08,1.133314,Test,-0.624028,-0.430100,-0.314814,0.023321,0.323600,0.510695,0.863062,1.385094,2.984818,4.422338,9.483609
1985-04-09,1.133314,Test,-0.596063,-0.391931,-0.297380,0.039456,0.337709,0.514810,0.863790,1.403602,2.979306,4.435931,9.452315
1985-04-10,1.133314,Test,-0.607205,-0.402720,-0.301425,0.043717,0.349200,0.539265,0.898601,1.463493,3.146396,4.697621,10.073968
1985-04-11,0.982205,Test,-0.622889,-0.420583,-0.324096,0.021422,0.337688,0.505892,0.860612,1.408711,2.992950,4.437716,9.194056
1985-04-12,0.831097,Test,-0.630221,-0.436054,-0.330514,0.011441,0.319079,0.478184,0.814909,1.313595,2.755682,4.058719,8.374101
1985-04-13,0.831097,Test,-0.617756,-0.424737,-0.327194,0.006900,0.298237,0.437735,0.760786,1.212099,2.517552,3.688234,7.607194
1985-04-14,0.831097,Test,-0.605574,-0.408937,-0.319675,0.013305,0.303953,0.429577,0.752665,1.174935,2.394201,3.479413,7.147935
1985-04-15,0.831097,Test,-0.604138,-0.407036,-0.317973,0.012167,0.300787,0.421604,0.741079,1.150048,2.322249,3.375006,6.942048
1985-04-16,0.831097,Test,-0.607946,-0.412802,-0.318114,0.007631,0.290724,0.409389,0.721477,1.116285,2.246804,3.278592,6.768640
1985-04-17,0.831097,Test,-0.604166,-0.404170,-0.314993,0.013818,0.300700,0.417313,0.733309,1.126810,2.247772,3.270337,6.724378
1985-04-18,0.831097,Test,-0.605120,-0.404055,-0.313177,0.014258,0.298569,0.414902,0.727681,1.113847,2.210572,3.218209,6.625296
1985-04-19,0.831097,Test,-0.603672,-0.399551,-0.310188,0.016433,0.298993,0.415773,0.727047,1.109985,2.190344,3.186058,6.565543
1985-04-20,0.831097,Test,-0.701077,-0.464568,-0.343468,0.041882,0.275143,0.591642,0.947318,1.638623,4.281623,5.814339,15.082519
1985-04-21,0.831097,Test,-0.689876,-0.401441,-0.220305,0.441639,1.223392,1.887921,2.710772,4.691587,10.504128,15.955642,33.276737
1985-04-22,0.831097,Test,-0.661490,-0.366842,-0.204930,0.408489,1.095918,1.592597,2.336714,3.841875,8.123771,12.080676,25.528439
1985-04-23,0.831097,Test,-0.686935,-0.363657,-0.245414,0.389348,1.068747,1.621929,2.469573,4.178512,9.525885,14.270084,31.947029
1985-04-24,1.057759,Test,-0.639874,-0.222075,0.005434,1.086703,2.398577,3.463773,5.037257,8.519335,19.453896,29.468822,62.403770
1985-04-25,1.511085,Test,-0.569046,0.042764,0.385665,2.049990,4.041254,5.717021,8.260148,13.668948,31.543015,46.433399,96.903069
1985-04-26,1.737748,Test,-0.160376,0.962495,1.597435,4.631524,8.067577,10.794670,14.259552,22.391588,42.094250,61.869198,118.181679
1985-04-27,1.511085,Test,-0.223958,0.787666,1.315015,3.703656,6.275770,8.221935,10.654552,16.136898,28.375933,40.557304,76.162102
1985-04-28,1.284422,Test,-0.300740,0.570126,0.973126,2.794413,4.752187,6.056788,7.862407,11.567588,19.448658,27.221201,50.204990
1985-04-29,1.133314,Test,-0.442275,0.207532,0.521596,1.760019,3.073131,3.908722,5.132666,7.402431,12.317898,17.117308,31.651579
1985-04-30,1.133314,Test,-0.534238,-0.027317,0.267572,1.204980,2.170136,2.786333,3.664582,5.221288,8.612601,11.922696,22.422304
1985-05-01,1.133314,Test,-0.574730,-0.155072,0.082437,0.845935,1.623392,2.087296,2.787882,3.967983,6.557549,9.021523,17.241261
1985-05-02,0.982205,Test,-0.602575,-0.233590,-0.029270,0.645582,1.327405,1.739232,2.405015,3.427645,5.937707,8.157583,16.288212
1985-05-03,0.831097,Test,-0.605325,-0.256372,-0.090869,0.529494,1.150841,1.480161,2.075836,3.002699,5.116481,7.075402,13.947442
1985-05-04,0.831097,Test,-0.623653,-0.301367,-0.152674,0.409067,0.962918,1.242251,1.781073,2.581178,4.431849,6.200970,12.209138
1985-05-05,0.906651,Test,-0.604964,-0.251425,-0.108560,0.527726,1.182372,1.476118,2.110860,3.076353,5.231693,7.330447,14.312372
1985-05-06,1.359976,Test,-0.591873,-0.243520,-0.102969,0.528983,1.175850,1.470873,2.121705,3.087601,5.296472,7.441095,15.011312
1985-05-07,1.133314,Test,-0.601991,-0.259095,-0.131235,0.484802,1.118465,1.358892,1.985837,2.892921,4.882862,6.864104,13.586871
1985-05-08,0.906651,Test,-0.625354,-0.298409,-0.146809,0.452098,1.049977,1.297882,1.870956,2.729207,4.569540,6.419196,12.628337
1985-05-09,0.831097,Test,-0.663585,-0.393039,-0.265185,0.210076,0.638313,0.851875,1.283424,1.915143,3.400306,4.851579,9.700916
1985-05-10,0.831097,Test,-0.658662,-0.392668,-0.262776,0.201133,0.609773,0.803941,1.215259,1.800812,3.147280,4.478965,8.965652
1985-05-11,0.831097,Test,-0.646752,-0.381732,-0.269130,0.178298,0.569358,0.742043,1.142626,1.695185,2.962540,4.218880,8.474519
1985-05-12,0.755542,Test,-0.633271,-0.381178,-0.294563,0.091986,0.409133,0.556318,0.902766,1.359520,2.462471,3.544766,7.290120
1985-05-13,0.604434,Test,-0.607481,-0.358817,-0.301087,0.047863,0.326390,0.434244,0.756609,1.147140,2.134818,3.116567,6.467234
1985-05-14,0.604434,Test,-0.584512,-0.337731,-0.290999,0.025849,0.260184,0.355427,0.641252,0.985033,1.868202,2.754967,5.825768
1985-05-15,0.528880,Test,-0.570856,-0.323358,-0.282369,0.017331,0.225872,0.313443,0.578291,0.897604,1.725024,2.567077,5.493760
1985-05-16,0.302217,Test,-0.560821,-0.315050,-0.280128,0.001873,0.190009,0.262083,0.507623,0.794764,1.540850,2.318246,4.975984
1985-05-17,0.151108,Test,-0.567152,-0.326038,-0.281495,-0.012675,0.148397,0.223208,0.442755,0.704062,1.386189,2.111538,4.572954
1985-05-18,0.151108,Test,-0.578465,-0.345557,-0.284628,-0.019957,0.125544,0.206240,0.411069,0.657830,1.310290,2.012638,4.373792
1985-05-19,0.075554,Test,-0.576160,-0.334520,-0.280144,-0.010781,0.142120,0.226358,0.438125,0.694519,1.351832,2.056085,4.484299
1985-05-20,0.000000,Test,-0.576954,-0.338062,-0.282796,-0.012535,0.146731,0.224129,0.440706,0.689443,1.331867,2.028455,4.384076
1985-05-21,0.000000,Test,-0.554318,-0.309551,-0.268983,-0.012684,0.133634,0.198731,0.404029,0.637814,1.235629,1.893975,4.143413
1985-05-22,0.000000,Test,-0.550931,-0.302902,-0.264832,-0.009593,0.130096,0.198796,0.398960,0.634656,1.228441,1.882137,4.146227
1985-05-23,0.000000,Test,-0.547669,-0.296563,-0.260985,-0.005962,0.133814,0.203831,0.405032,0.645049,1.242878,1.902534,4.214879
1985-05-24,0.000000,Test,-0.550308,-0.299759,-0.267008,-0.008795,0.138750,0.202171,0.410617,0.650777,1.250348,1.917945,4.203870
1985-05-25,0.000000,Test,-0.538472,-0.286876,-0.257792,-0.011491,0.118771,0.176504,0.368396,0.592443,1.150482,1.782155,3.950580
1985-05-26,0.000000,Test,-0.578885,-0.325979,-0.272007,-0.018272,0.091157,0.181104,0.369323,0.590950,1.208668,1.871154,4.308251
1985-05-27,0.000000,Test,-0.560699,-0.307012,-0.264912,-0.017992,0.101712,0.173701,0.362754,0.597501,1.180501,1.851775,4.144314
1985-05-28,0.000000,Test,-0.557550,-0.307315,-0.261768,-0.020025,0.093431,0.162683,0.341447,0.562357,1.110870,1.746601,3.904019
1985-05-29,0.000000,Test,-0.578696,-0.328239,-0.271123,-0.018878,0.101422,0.186999,0.370817,0.615823,1.217759,1.909981,4.234003
1985-05-30,0.000000,Test,-0.589315,-0.342387,-0.270006,-0.018764,0.086728,0.184736,0.362575,0.588474,1.177453,1.833536,4.194320
1985-05-31,0.000000,Test,-0.565890,-0.318678,-0.262867,-0.020174,0.089862,0.164956,0.341805,0.562380,1.108622,1.747280,3.913051
1985-06-01,0.000000,Test,-0.573450,-0.318359,-0.261251,-0.010173,0.105146,0.191581,0.374024,0.607837,1.174178,1.829256,4.122765
1985-06-02,0.000000,Test,-0.579301,-0.327163,-0.266003,-0.013150,0.099133,0.189414,0.368159,0.608220,1.189168,1.863828,4.163659
1985-06-03,0.000000,Test,-0.554704,-0.302383,-0.254452,-0.017261,0.087644,0.156925,0.327151,0.538455,1.051616,1.660450,3.736865
1985-06-04,0.000000,Test,-0.561839,-0.308869,-0.260242,-0.015129,0.093440,0.165377,0.341240,0.558942,1.093436,1.721346,3.847610
1985-06-05,0.000000,Test,-0.558336,-0.314063,-0.253260,-0.012784,0.088150,0.165346,0.332805,0.539968,1.058998,1.658156,3.732804
1985-06-06,0.000000,Test,-0.559934,-0.311760,-0.251888,-0.009988,0.094579,0.172890,0.343325,0.551759,1.065498,1.662814,3.745272
1985-06-07,0.000000,Test,-0.546230,-0.306044,-0.247543,-0.015424,0.081992,0.151560,0.314368,0.508606,1.000188,1.572905,3.556222
1985-06-08,0.000000,Test,-0.535896,-0.314561,-0.243528,-0.016130,0.079558,0.149440,0.309063,0.495184,1.002093,1.575303,3.560037
1985-06-09,0.000000,Test,-0.512106,-0.342371,-0.241082,-0.021581,0.078677,0.159924,0.307376,0.487565,1.038906,1.630386,3.662647
1985-06-10,0.000000,Test,-0.498504,-0.339238,-0.236873,-0.026755,0.073892,0.155082,0.291178,0.465004,0.987552,1.553606,3.513483
1985-06-11,0.000000,Test,-0.472183,-0.322336,-0.227318,-0.035901,0.059376,0.133915,0.249778,0.406318,0.857276,1.362505,3.141284
1985-06-12,0.000000,Test,-0.467138,-0.311898,-0.221140,-0.031843,0.057262,0.127409,0.242108,0.392332,0.834771,1.323391,3.064231
1985-06-13,0.000000,Test,-0.479139,-0.293954,-0.216653,-0.021368,0.058721,0.121632,0.247729,0.397778,0.840005,1.329033,3.079680
1985-06-14,0.000000,Test,-0.470194,-0.260578,-0.204521,-0.022549,0.038607,0.089875,0.202324,0.339190,0.717922,1.160556,2.781166
1985-06-15,0.000000,Test,-0.461692,-0.268908,-0.195800,-0.024267,0.021793,0.083371,0.181764,0.308603,0.698344,1.127936,2.835403
1985-06-16,0.000000,Test,-0.440654,-0.265830,-0.187240,-0.028860,0.017388,0.080614,0.163785,0.290437,0.660309,1.079340,2.696335
1985-06-17,0.000000,Test,-0.423051,-0.274204,-0.195841,-0.047467,0.017574,0.077011,0.150614,0.272648,0.605619,1.006433,2.502594
1985-06-18,0.000000,Test,-0.433771,-0.272481,-0.189376,-0.036370,0.007589,0.069162,0.143779,0.259915,0.625150,1.029767,2.652277
1985-06-19,0.000000,Test,-0.436760,-0.261903,-0.185015,-0.030359,0.013385,0.074185,0.153033,0.275132,0.634657,1.045751,2.634492
1985-06-20,0.000000,Test,-0.416295,-0.247889,-0.180622,-0.039274,0.002610,0.050636,0.118700,0.229375,0.550389,0.929728,2.385653
1985-06-21,0.000000,Test,-0.401410,-0.243892,-0.178812,-0.045459,-0.003855,0.040520,0.097799,0.201814,0.496772,0.851145,2.234859
1985-06-22,0.000000,Test,-0.409711,-0.229009,-0.175144,-0.036666,-0.003648,0.033321,0.098648,0.200859,0.497911,0.854741,2.250348
1985-06-23,0.000000,Test,-0.396137,-0.228109,-0.172003,-0.041619,-0.009958,0.026479,0.082055,0.178140,0.460433,0.800820,2.152226
1985-06-24,0.000000,Test,-0.383528,-0.227086,-0.169806,-0.048755,-0.016186,0.019592,0.064777,0.156113,0.417502,0.740459,2.043230
1985-06-25,0.000000,Test,-0.372112,-0.218788,-0.165048,-0.052973,-0.024595,0.007828,0.043658,0.129232,0.367777,0.670904,1.925705
1985-06-26,0.000000,Test,-0.357737,-0.213668,-0.166010,-0.063644,-0.030003,-0.001841,0.026427,0.106237,0.309449,0.592879,1.778118
1985-06-27,0.000000,Test,-0.348947,-0.207080,-0.170613,-0.071643,-0.029064,-0.005362,0.025631,0.103361,0.275645,0.551055,1.684859
1985-06-28,0.000000,Test,-0.355487,-0.211617,-0.165629,-0.063600,-0.031515,-0.005886,0.021172,0.098411,0.299402,0.579373,1.752077
1985-06-29,0.000000,Test,-0.354915,-0.211329,-0.165982,-0.064369,-0.032434,-0.007093,0.019839,0.096470,0.295946,0.574946,1.744150
1985-06-30,0.000000,Test,-0.360591,-0.210681,-0.162978,-0.058695,-0.033495,-0.007793,0.020935,0.097866,0.313833,0.598235,1.796555
1985-07-01,0.000000,Training,-0.358943,-0.210292,-0.163130,-0.060553,-0.035084,-0.009686,0.017883,0.093866,0.305651,0.587253,1.777350
1985-07-02,0.000000,Training,-0.382944,-0.191676,-0.155263,-0.042678,-0.032768,-0.010926,0.030597,0.109790,0.342298,0.640549,1.910754
1985-07-03,0.000000,Training,-0.375250,-0.193040,-0.155904,-0.047084,-0.035161,-0.016517,0.023090,0.098560,0.326339,0.620470,1.862310
1985-07-04,0.000000,Training,-0.351788,-0.201367,-0.155821,-0.062502,-0.043130,-0.020665,0.000042,0.070983,0.268889,0.537232,1.704412
1985-07-05,0.000000,Training,-0.343404,-0.202082,-0.164875,-0.074747,-0.041572,-0.020467,0.001177,0.072442,0.238690,0.499940,1.614757
1985-07-06,0.000000,Training,-0.346176,-0.204833,-0.164836,-0.072406,-0.041590,-0.020104,0.001302,0.072383,0.248974,0.512922,1.639469
1985-07-07,0.000000,Training,-0.342251,-0.201377,-0.163619,-0.073321,-0.043620,-0.023888,-0.004140,0.064852,0.235005,0.493928,1.605589
1985-07-08,0.000000,Training,-0.342258,-0.200965,-0.162431,-0.073080,-0.045580,-0.026343,-0.007874,0.060268,0.232477,0.489896,1.602319
1985-07-09,0.000000,Training,-0.345995,-0.201836,-0.160331,-0.069815,-0.047066,-0.027404,-0.008986,0.059069,0.243072,0.503298,1.634344
1985-07-10,0.000000,Training,-0.342235,-0.200865,-0.162135,-0.074088,-0.047996,-0.029091,-0.011470,0.055724,0.228047,0.483914,1.595805
1985-07-11,0.000000,Training,-0.346351,-0.201811,-0.160172,-0.070860,-0.049361,-0.030100,-0.012199,0.055102,0.239426,0.498569,1.630030
1985-07-12,0.000000,Training,-0.347999,-0.202083,-0.159892,-0.070185,-0.050229,-0.031027,-0.012510,0.054739,0.242959,0.503539,1.641754
1985-07-13,0.000000,Training,-0.346677,-0.202676,-0.160895,-0.072609,-0.051165,-0.031881,-0.014247,0.052752,0.236472,0.494975,1.625817
1985-07-14,0.000000,Training,-0.346646,-0.203327,-0.161560,-0.073713,-0.051723,-0.032443,-0.014901,0.052064,0.234849,0.492985,1.622167
1985-07-15,0.000000,Training,-0.345112,-0.203694,-0.162926,-0.076000,-0.051948,-0.032885,-0.015615,0.051114,0.228800,0.485262,1.605471
1985-07-16,0.000000,Training,-0.346349,-0.204441,-0.162804,-0.075618,-0.052373,-0.033293,-0.015698,0.051052,0.231932,0.489483,1.614737
1985-07-17,0.000000,Training,-0.342728,-0.203513,-0.164959,-0.079412,-0.052212,-0.033956,-0.016379,0.049795,0.219327,0.473439,1.579661
1985-07-18,0.000000,Training,-0.344699,-0.204719,-0.164230,-0.078337,-0.053068,-0.034614,-0.017149,0.049023,0.224608,0.480146,1.595579
1985-07-19,0.000000,Training,-0.346331,-0.205437,-0.163670,-0.077567,-0.054000,-0.035554,-0.017863,0.048190,0.228640,0.485443,1.608441
1985-07-20,0.000000,Training,-0.339591,-0.201821,-0.166343,-0.083230,-0.053728,-0.037217,-0.019280,0.045423,0.205557,0.455940,1.545702
1985-07-21,0.000000,Training,-0.339039,-0.201341,-0.165398,-0.083672,-0.055289,-0.039386,-0.022764,0.041150,0.201037,0.449492,1.536935
1985-07-22,0.000000,Training,-0.336029,-0.198912,-0.167677,-0.086713,-0.054748,-0.040402,-0.021980,0.041400,0.190724,0.437176,1.507230
1985-07-23,0.000000,Training,-0.333893,-0.196498,-0.169834,-0.089211,-0.054181,-0.041276,-0.020453,0.042698,0.183329,0.428633,1.485156
1985-07-24,0.000000,Training,-0.335209,-0.198623,-0.169090,-0.088547,-0.055055,-0.041639,-0.022142,0.040910,0.186969,0.432870,1.496738
1985-07-25,0.000000,Training,-0.341358,-0.204609,-0.166098,-0.084906,-0.057694,-0.041992,-0.025540,0.038098,0.204467,0.454185,1.549942
1985-07-26,0.000000,Training,-0.354306,-0.208214,-0.163158,-0.077903,-0.059508,-0.043036,-0.021505,0.044433,0.242767,0.506371,1.662785
1985-07-27,0.000000,Training,-0.355563,-0.209184,-0.163403,-0.078810,-0.060646,-0.043810,-0.021836,0.044483,0.244493,0.509007,1.671437
1985-07-28,0.000000,Training,-0.362390,-0.209221,-0.163172,-0.077214,-0.061134,-0.045394,-0.018237,0.049698,0.260629,0.533467,1.725068
1985-07-29,0.000000,Training,-0.366318,-0.214188,-0.159501,-0.075339,-0.062505,-0.035891,-0.015080,0.055833,0.269606,0.539819,1.775111
1985-07-30,0.000000,Training,-0.364884,-0.212464,-0.163898,-0.079394,-0.062719,-0.045749,-0.017847,0.051441,0.265842,0.541719,1.747657
1985-07-31,0.000000,Training,-0.359537,-0.215043,-0.165127,-0.082735,-0.062998,-0.044128,-0.021273,0.047329,0.252965,0.521589,1.704766
1985-08-01,0.000000,Training,-0.355367,-0.216974,-0.167995,-0.086107,-0.062680,-0.043284,-0.022952,0.045132,0.241648,0.505331,1.666714
1985-08-02,0.000000,Training,-0.343626,-0.211081,-0.173311,-0.093654,-0.059520,-0.042615,-0.021889,0.044368,0.206115,0.458952,1.558655
1985-08-03,0.000000,Training,-0.340015,-0.206763,-0.176819,-0.096613,-0.057350,-0.043014,-0.017823,0.048104,0.196115,0.447659,1.524652
1985-08-04,0.000000,Training,-0.336194,-0.199486,-0.181279,-0.100675,-0.055823,-0.045403,-0.013162,0.052230,0.181847,0.432032,1.480453
1985-08-05,0.000000,Training,-0.346988,-0.215896,-0.173719,-0.092753,-0.060046,-0.043157,-0.022020,0.044688,0.219976,0.476939,1.595387
1985-08-06,0.000000,Training,-0.357478,-0.221998,-0.171821,-0.088956,-0.062550,-0.043985,-0.020092,0.049151,0.253160,0.521669,1.695211
1985-08-07,0.000000,Training,-0.351453,-0.220128,-0.173549,-0.093238,-0.062671,-0.044200,-0.022778,0.045270,0.231915,0.492496,1.635189
1985-08-08,0.000000,Training,-0.351505,-0.220729,-0.173960,-0.094129,-0.062848,-0.044309,-0.022671,0.045680,0.232011,0.492713,1.636280
1985-08-09,0.000000,Training,-0.356733,-0.224491,-0.173827,-0.092736,-0.063660,-0.044335,-0.020657,0.049288,0.250282,0.517654,1.689352
1985-08-10,0.000000,Training,-0.359535,-0.226268,-0.173793,-0.092386,-0.064177,-0.044591,-0.019128,0.051816,0.260587,0.532019,1.720616
1985-08-11,0.000000,Training,-0.362185,-0.227697,-0.173679,-0.092203,-0.064634,-0.045020,-0.017517,0.054434,0.270420,0.546044,1.751483
1985-08-12,0.000000,Training,-0.358534,-0.226856,-0.173900,-0.093971,-0.064746,-0.045092,-0.019822,0.051157,0.258577,0.529172,1.717598
1985-08-13,0.000000,Training,-0.354004,-0.224911,-0.174579,-0.096119,-0.064369,-0.045366,-0.021700,0.048052,0.243738,0.508854,1.674856
1985-08-14,0.000000,Training,-0.350834,-0.223147,-0.175577,-0.097782,-0.063734,-0.045638,-0.021927,0.047059,0.234265,0.496468,1.646903
1985-08-15,0.000000,Training,-0.347167,-0.220222,-0.176446,-0.099327,-0.062870,-0.046186,-0.021756,0.046287,0.223835,0.483218,1.616469
1985-08-16,0.000000,Training,-0.355190,-0.226622,-0.174420,-0.096848,-0.065042,-0.046630,-0.021274,0.048991,0.251651,0.519978,1.700575
1985-08-17,0.000000,Training,-0.353079,-0.225047,-0.173545,-0.097800,-0.066043,-0.048256,-0.023822,0.045714,0.244402,0.509855,1.683338
1985-08-18,0.000000,Training,-0.348612,-0.222047,-0.173975,-0.099697,-0.065601,-0.048747,-0.025271,0.043071,0.229621,0.490123,1.641626
1985-08-19,0.000000,Training,-0.346975,-0.221032,-0.174405,-0.100528,-0.065159,-0.048835,-0.025008,0.043116,0.225697,0.485311,1.630281
1985-08-20,0.000000,Training,-0.344789,-0.219371,-0.175071,-0.101399,-0.064401,-0.048886,-0.024313,0.043453,0.220573,0.479138,1.614803
1985-08-21,0.000000,Training,-0.343504,-0.218359,-0.175197,-0.101811,-0.063918,-0.048939,-0.023779,0.043846,0.218436,0.476742,1.608777
1985-08-22,0.000000,Training,-0.337596,-0.211243,-0.177094,-0.103904,-0.061839,-0.049842,-0.021354,0.045008,0.201469,0.456624,1.558655
1985-08-23,0.000000,Training,-0.343967,-0.219401,-0.173933,-0.101365,-0.064067,-0.049160,-0.023919,0.044045,0.223911,0.484046,1.626908
1985-08-24,0.000000,Training,-0.363164,-0.230654,-0.171071,-0.097384,-0.066812,-0.049731,-0.013785,0.062144,0.298131,0.587615,1.852823
1985-08-25,0.000000,Training,-0.367004,-0.231110,-0.170117,-0.097840,-0.067515,-0.051130,-0.010123,0.068350,0.315348,0.614495,1.913522
1985-08-26,0.000000,Training,-0.359272,-0.228088,-0.168223,-0.098140,-0.068006,-0.050765,-0.017562,0.057321,0.287036,0.571598,1.827139
1985-08-27,0.000000,Training,-0.350224,-0.224154,-0.168302,-0.099727,-0.067476,-0.050609,-0.024463,0.046595,0.252285,0.522086,1.723550
1985-08-28,0.000000,Training,-0.349843,-0.224604,-0.168857,-0.100039,-0.066904,-0.050124,-0.023571,0.047869,0.253060,0.523560,1.725198
1985-08-29,0.000000,Training,-0.346883,-0.222800,-0.169083,-0.100545,-0.066102,-0.050043,-0.024150,0.046397,0.244543,0.512138,1.699719
1985-08-30,0.000000,Training,-0.345864,-0.221994,-0.168581,-0.100583,-0.065710,-0.050045,-0.024080,0.046387,0.243325,0.510674,1.696667
1985-08-31,0.000000,Training,-0.342579,-0.219352,-0.168536,-0.101078,-0.064870,-0.050194,-0.024674,0.044761,0.233571,0.497920,1.668468
1985-09-01,0.000000,Training,-0.336994,-0.213939,-0.169177,-0.102087,-0.063228,-0.050640,-0.024758,0.042880,0.216212,0.475860,1.617784
1985-09-02,0.000000,Training,-0.334780,-0.211595,-0.169198,-0.102346,-0.062363,-0.050886,-0.024332,0.042773,0.210853,0.469485,1.602349
1985-09-03,0.000000,Training,-0.334328,-0.211302,-0.168555,-0.102092,-0.062099,-0.050925,-0.024313,0.042800,0.211463,0.470466,1.604726
1985-09-04,0.000000,Training,-0.334394,-0.211536,-0.167770,-0.101833,-0.062104,-0.050866,-0.024417,0.042947,0.213482,0.473118,1.611326
1985-09-05,0.000000,Training,-0.340582,-0.217645,-0.165448,-0.100346,-0.063705,-0.050125,-0.023756,0.046492,0.237748,0.504591,1.683890
1985-09-06,0.000000,Training,-0.342217,-0.218819,-0.164284,-0.099920,-0.064099,-0.049989,-0.022926,0.048514,0.246311,0.516280,1.710407
1985-09-07,0.000000,Training,-0.355284,-0.224159,-0.158136,-0.095171,-0.064947,-0.042760,-0.011061,0.069372,0.301351,0.590063,1.889027
1985-09-08,0.000000,Training,-0.348573,-0.221757,-0.160489,-0.098426,-0.065047,-0.049014,-0.017448,0.058975,0.279023,0.562408,1.814353
1985-09-09,0.000000,Training,-0.345366,-0.219299,-0.158934,-0.098206,-0.064725,-0.048188,-0.020153,0.054904,0.265390,0.542581,1.776976
1985-09-10,0.000000,Training,-0.343647,-0.218732,-0.159488,-0.098514,-0.064234,-0.048983,-0.020941,0.053397,0.260947,0.537357,1.762818
1985-09-11,0.000000,Training,-0.342958,-0.218300,-0.159151,-0.098539,-0.063669,-0.049424,-0.020651,0.053688,0.261576,0.538943,1.764183
1985-09-12,0.000000,Training,-0.361545,-0.228866,-0.153069,-0.092662,-0.066573,-0.035762,-0.009041,0.068186,0.296916,0.584965,1.967746
1985-09-13,0.000000,Training,-0.344933,-0.216444,-0.153164,-0.095720,-0.064007,-0.038585,-0.017198,0.058871,0.252544,0.523283,1.775177
1985-09-14,0.000000,Training,-0.334254,-0.210384,-0.159562,-0.101798,-0.061319,-0.047690,-0.022538,0.048546,0.221422,0.486981,1.656072
1985-09-15,0.000000,Training,-0.330640,-0.207078,-0.162242,-0.101087,-0.058538,-0.047841,-0.020712,0.048759,0.214552,0.478102,1.622744
1985-09-16,0.000000,Training,-0.340696,-0.217177,-0.159621,-0.098436,-0.059978,-0.045789,-0.016993,0.058416,0.260271,0.538349,1.753214
1985-09-17,0.000000,Training,-0.358096,-0.223109,-0.151121,-0.092468,-0.060042,-0.035167,0.003271,0.093214,0.343612,0.653347,2.027315
1985-09-18,0.000000,Training,-0.348720,-0.220162,-0.155464,-0.097137,-0.060257,-0.044462,-0.006411,0.077297,0.310898,0.611683,1.909457
1985-09-19,0.000000,Training,-0.378455,-0.236132,-0.147546,-0.091602,-0.065323,-0.029077,0.015225,0.106913,0.389214,0.724184,2.303062
1985-09-20,0.000000,Training,-0.360845,-0.225107,-0.149495,-0.096039,-0.061631,-0.035758,0.007796,0.104308,0.364737,0.691082,2.111126
1985-09-21,0.000000,Training,-0.361582,-0.224509,-0.147101,-0.095115,-0.059123,-0.031908,0.010591,0.109278,0.372298,0.701908,2.133825
1985-09-22,0.000000,Training,-0.352745,-0.222835,-0.153581,-0.095419,-0.056213,-0.037144,0.003747,0.093791,0.340391,0.656524,1.999421
1985-09-23,0.000000,Training,-0.349519,-0.220143,-0.151077,-0.092942,-0.055706,-0.033553,-0.000516,0.086408,0.318670,0.620581,1.936880
1985-09-24,0.000000,Training,-0.350094,-0.220931,-0.152983,-0.094301,-0.054060,-0.036591,0.003916,0.092834,0.335568,0.649037,1.980828
1985-09-25,0.000000,Training,-0.345265,-0.218156,-0.152736,-0.094019,-0.053650,-0.036990,-0.001449,0.083050,0.311125,0.612424,1.905071
1985-09-26,0.000000,Training,-0.341353,-0.215391,-0.152714,-0.094197,-0.053547,-0.037910,-0.005423,0.076023,0.292505,0.585515,1.848825
1985-09-27,0.000000,Training,-0.342348,-0.215792,-0.152287,-0.093791,-0.052772,-0.037036,-0.002715,0.080322,0.302065,0.599185,1.875641
1985-09-28,0.000000,Training,-0.343688,-0.215977,-0.151367,-0.093247,-0.051963,-0.036112,0.001088,0.086505,0.316202,0.619812,1.916543
1985-09-29,0.000000,Training,-0.335234,-0.210475,-0.152802,-0.094225,-0.051910,-0.038005,-0.008171,0.069483,0.269178,0.552797,1.777148
1985-09-30,0.000000,Training,-0.342433,-0.214749,-0.150621,-0.092715,-0.050679,-0.034729,0.002278,0.087830,0.316269,0.619970,1.915159
1985-10-01,0.000000,Training,-0.341767,-0.212686,-0.148284,-0.092559,-0.051206,-0.036016,0.003124,0.090316,0.323562,0.631457,1.940552
1985-10-02,0.000000,Training,-0.343504,-0.210641,-0.145154,-0.092336,-0.050355,-0.035654,0.010392,0.103210,0.350747,0.674128,2.029113
1985-10-03,0.000000,Training,-0.344528,-0.208474,-0.143133,-0.093038,-0.048870,-0.035461,0.017788,0.116202,0.375548,0.715609,2.113056
1985-10-04,0.000000,Training,-0.341345,-0.207096,-0.141642,-0.091261,-0.049237,-0.034809,0.012653,0.106922,0.356778,0.685115,2.052553
1985-10-05,0.000000,Training,-0.343018,-0.205598,-0.140119,-0.092044,-0.046843,-0.033365,0.021471,0.122119,0.384402,0.731083,2.144264
1985-10-06,0.000000,Training,-0.342258,-0.204170,-0.139076,-0.092106,-0.046215,-0.032783,0.023134,0.125180,0.389142,0.739272,2.160348
1985-10-07,0.000000,Training,-0.340374,-0.204450,-0.138396,-0.089653,-0.045826,-0.030532,0.019737,0.117627,0.374325,0.713086,2.106037
1985-10-08,0.000000,Training,-0.337179,-0.201880,-0.136376,-0.089219,-0.046888,-0.032136,0.014374,0.109610,0.358069,0.688206,2.058941
1985-10-09,0.000000,Training,-0.338024,-0.200991,-0.135351,-0.089165,-0.044917,-0.030290,0.020242,0.119070,0.374861,0.714673,2.110773
1985-10-10,0.000000,Training,-0.335088,-0.200368,-0.135193,-0.087916,-0.045568,-0.030210,0.013529,0.106795,0.350247,0.674384,2.029430
1985-10-11,0.000000,Training,-0.333265,-0.199823,-0.135179,-0.087253,-0.045206,-0.029638,0.010117,0.100185,0.335438,0.650882,1.981747
1985-10-12,0.000000,Training,-0.333289,-0.199031,-0.134148,-0.086663,-0.043856,-0.028441,0.012875,0.104106,0.342364,0.661138,2.002387
1985-10-13,0.000000,Training,-0.333736,-0.197642,-0.132568,-0.085990,-0.042018,-0.026614,0.018748,0.113196,0.359240,0.686911,2.052907
1985-10-14,0.000000,Training,-0.332187,-0.196321,-0.131825,-0.085371,-0.041479,-0.026267,0.018156,0.111428,0.354870,0.680113,2.037959
1985-10-15,0.000000,Training,-0.330116,-0.195443,-0.131571,-0.084782,-0.041612,-0.026384,0.014113,0.104052,0.339199,0.655806,1.989594
1985-10-16,0.000000,Training,-0.330241,-0.194347,-0.130116,-0.084082,-0.040114,-0.025025,0.018230,0.110370,0.351020,0.673930,2.025517
1985-10-17,0.000000,Training,-0.330796,-0.191331,-0.127285,-0.083786,-0.037144,-0.022892,0.029317,0.128561,0.384839,0.728022,2.131868
1985-10-18,0.000000,Training,-0.329190,-0.188444,-0.125131,-0.083152,-0.035830,-0.022055,0.032259,0.132898,0.391726,0.740037,2.155072
1985-10-19,0.000000,Training,-0.328009,-0.185501,-0.122913,-0.082712,-0.034087,-0.020532,0.036581,0.139767,0.402506,0.758490,2.190942
1985-10-20,0.000000,Training,-0.327221,-0.185657,-0.122223,-0.081265,-0.033597,-0.019244,0.035584,0.136972,0.397264,0.748955,2.170833
1985-10-21,0.000000,Training,-0.327085,-0.183638,-0.120580,-0.080839,-0.030967,-0.016623,0.042010,0.146995,0.413733,0.775630,2.221849
1985-10-22,0.000000,Training,-0.327742,-0.184582,-0.120028,-0.079171,-0.030166,-0.013676,0.043386,0.148160,0.415736,0.775830,2.222871
1985-10-23,0.000000,Training,-0.326960,-0.182199,-0.118847,-0.079083,-0.027194,-0.011627,0.049714,0.157548,0.430867,0.801086,2.268026
1985-10-24,0.000000,Training,-0.327300,-0.183399,-0.118994,-0.077746,-0.026219,-0.009359,0.050931,0.158011,0.431997,0.800516,2.264219
1985-10-25,0.000000,Training,-0.327215,-0.182687,-0.118545,-0.077153,-0.024512,-0.007148,0.054830,0.163435,0.440940,0.814003,2.288071
1985-10-26,0.000000,Training,-0.327187,-0.179785,-0.117223,-0.076828,-0.020530,-0.003220,0.064290,0.177729,0.464078,0.850874,2.357505
1985-10-27,0.000000,Training,-0.326332,-0.176471,-0.115769,-0.075998,-0.016907,0.000257,0.071396,0.187617,0.478912,0.874241,2.399930
1985-10-28,0.000000,Training,-0.326071,-0.175292,-0.114879,-0.074817,-0.014665,0.003316,0.075825,0.193242,0.487794,0.887214,2.422508
1985-10-29,0.000000,Training,-0.327047,-0.175270,-0.114250,-0.073122,-0.011663,0.007850,0.082243,0.201570,0.502107,0.907482,2.460161
1985-10-30,0.000000,Training,-0.332555,-0.174413,-0.109780,-0.068007,-0.006284,0.021528,0.097897,0.224575,0.540429,0.958520,2.582701
1985-10-31,0.000000,Training,-0.340116,-0.174745,-0.105020,-0.062343,0.000240,0.037296,0.116960,0.251484,0.587016,1.022436,2.749241
1985-11-01,0.000000,Training,-0.333517,-0.172843,-0.111727,-0.066041,0.006365,0.032180,0.119807,0.252959,0.586818,1.029464,2.700261
1985-11-02,0.000000,Training,-0.414320,-0.230302,-0.138561,-0.063328,0.003483,0.067728,0.178559,0.321121,0.802341,1.367054,3.749183
1985-11-03,0.000000,Training,-0.406380,-0.230731,-0.107159,-0.045764,0.037437,0.137062,0.252736,0.471383,1.025946,1.725346,4.374132
1985-11-04,0.000000,Training,-0.528983,-0.256188,-0.178105,0.036849,0.115623,0.311199,0.505916,0.807728,2.177351,3.343213,9.570355
1985-11-05,0.000000,Training,-0.484465,-0.258649,0.017172,0.273962,0.523649,0.957873,1.357607,2.104219,4.896473,8.110919,20.540277
1985-11-06,0.000000,Training,-0.420164,-0.181852,0.043420,0.225434,0.453612,0.729051,1.028237,1.560466,3.165977,5.038705,11.262980
1985-11-07,0.000000,Training,-0.417529,-0.209086,-0.046948,0.083126,0.259872,0.416050,0.635383,0.989455,1.959701,3.105959,6.888213
1985-11-08,0.000000,Training,-0.413697,-0.229671,-0.098357,0.021258,0.173072,0.284497,0.468669,0.730658,1.470598,2.316279,5.178643
1985-11-09,0.000000,Training,-0.407088,-0.230502,-0.110726,0.003355,0.148644,0.245510,0.421636,0.655694,1.325142,2.085765,4.686769
1985-11-10,0.000000,Training,-0.404677,-0.232535,-0.116886,-0.003224,0.137379,0.228333,0.400519,0.620774,1.261847,1.986899,4.479288
1985-11-11,0.000000,Training,-0.439449,-0.257752,-0.119441,0.005153,0.136696,0.257410,0.452724,0.683140,1.464089,2.301520,5.542715
1985-11-12,0.000000,Training,-0.402934,-0.212860,-0.114311,0.002532,0.164242,0.247979,0.451638,0.692646,1.369851,2.163530,4.877301
1985-11-13,0.000000,Training,-0.392667,-0.190068,-0.108074,0.015679,0.192856,0.273741,0.491875,0.739465,1.435255,2.265598,5.075649
1985-11-14,0.000000,Training,-0.456911,-0.249762,-0.124995,0.032375,0.208889,0.344291,0.609632,0.890921,1.858457,2.917430,7.012146
1985-11-15,0.000000,Training,-0.438460,-0.239127,-0.118721,0.030140,0.225932,0.351829,0.603490,0.915892,1.787599,2.787811,6.203938
1985-11-16,0.000000,Training,-0.438541,-0.233947,-0.126239,0.044527,0.268636,0.399353,0.678371,1.020555,1.966310,3.059366,6.655488
1985-11-17,0.000000,Training,-0.455569,-0.257751,-0.143984,0.049421,0.291539,0.427477,0.724846,1.076867,2.055100,3.141828,6.735383
1985-11-18,0.000000,Training,-0.461583,-0.264389,-0.151901,0.058367,0.318016,0.460691,0.775916,1.148136,2.164959,3.290753,7.025958
1985-11-19,0.000000,Training,-0.455401,-0.262526,-0.162097,0.056716,0.320447,0.462256,0.780637,1.163437,2.172507,3.309016,7.068542
1985-11-20,0.000000,Training,-0.467253,-0.275236,-0.169271,0.069511,0.351187,0.513718,0.847415,1.276423,2.350047,3.565166,7.610166
1985-11-21,0.000000,Training,-0.455384,-0.280083,-0.197735,0.022925,0.279298,0.422649,0.722091,1.118970,2.070230,3.188021,6.782270
1985-11-22,0.000000,Training,-0.456755,-0.281751,-0.196915,0.024055,0.275485,0.418618,0.714454,1.111098,2.061108,3.164360,6.745756
1985-11-23,0.000000,Training,-0.455653,-0.291472,-0.218653,-0.009923,0.222415,0.345288,0.621575,0.985096,1.856161,2.875823,6.139113
1985-11-24,0.000000,Training,-0.465375,-0.294178,-0.204099,0.007306,0.232639,0.368483,0.644976,1.016629,1.927158,2.946379,6.358588
1985-11-25,0.000000,Training,-0.612430,-0.390276,-0.239007,0.093505,0.391865,0.720713,1.164998,1.940980,4.472068,6.940496,16.767294
1985-11-26,0.000000,Training,-0.555170,-0.272538,0.201496,0.872674,1.778780,2.905776,4.186006,7.214583,16.541082,28.061499,72.239594
1985-11-27,0.000000,Training,-0.490395,-0.176447,0.209647,0.786686,1.598181,2.375470,3.338934,5.521404,10.707975,17.136082,38.758747
1985-11-28,0.000000,Training,-0.504183,-0.266330,-0.083662,0.319335,0.846936,1.243810,1.809102,2.993817,5.257374,8.204335,17.496996
1985-11-29,0.000000,Training,-0.498418,-0.236867,0.023478,0.467375,1.075306,1.459478,2.088614,3.295549,5.526952,8.306678,17.823664
1985-11-30,0.000000,Training,-0.507360,-0.280280,-0.014409,0.369127,0.882585,1.218492,1.734053,2.720179,4.541801,6.769623,14.307796
1985-12-01,0.000000,Training,-0.498586,-0.288871,-0.008730,0.367038,0.869447,1.180734,1.666101,2.590856,4.234160,6.282477,13.155497
1985-12-02,0.000000,Training,-0.489748,-0.280108,0.016582,0.405929,0.928177,1.236892,1.728361,2.659781,4.258173,6.270355,13.054049
1985-12-03,0.000000,Training,-0.511368,-0.326109,-0.128735,0.185948,0.569795,0.803737,1.201413,1.882259,3.223609,4.805892,9.996763
1985-12-04,0.000000,Training,-0.508663,-0.327505,-0.154430,0.133979,0.475605,0.690910,1.056296,1.655028,2.902389,4.333250,9.032598
1985-12-05,0.000000,Training,-0.575172,-0.369060,-0.195569,0.128372,0.470687,0.756196,1.210227,1.909214,3.907393,5.912493,13.504427
1985-12-06,0.000000,Training,-0.523859,-0.314499,-0.144479,0.169403,0.563377,0.825949,1.283952,2.058319,3.778092,5.819479,12.643757
1985-12-07,0.000000,Training,-0.611665,-0.328326,-0.152406,0.299864,0.776300,1.238288,1.978771,3.201140,7.433651,11.772126,28.341555
1985-12-08,0.000000,Training,-0.541473,-0.197250,0.196557,0.983621,2.013886,3.050705,4.632812,7.695134,17.602993,29.336466,74.320412
1985-12-09,0.000000,Training,-0.449338,-0.108066,0.156470,0.785367,1.655520,2.396429,3.392315,5.551805,10.105144,15.982657,33.994415
1985-12-10,0.000000,Training,-0.477528,-0.190523,0.009364,0.473493,1.087555,1.582617,2.227262,3.595974,6.172833,9.435197,19.696764
1985-12-11,0.000000,Training,-0.504954,-0.215319,0.139670,0.614749,1.251477,1.812585,2.575142,3.958681,7.225937,10.870881,25.299725
1985-12-12,0.000000,Training,-0.463187,-0.185036,0.060408,0.521092,1.155354,1.539489,2.225784,3.403870,5.707166,8.530197,18.197012
1985-12-13,0.000000,Training,-0.468545,-0.205965,0.006813,0.444347,1.030322,1.386289,2.006709,3.074707,5.125750,7.642923,16.035292
1985-12-14,0.000000,Training,-0.479894,-0.230926,-0.029290,0.402118,0.970575,1.300742,1.886147,2.879112,4.754352,7.009168,14.581469
1985-12-15,0.000000,Training,-0.497723,-0.276293,-0.115937,0.229530,0.664125,0.906215,1.384638,2.093077,3.646854,5.377436,11.172892
1985-12-16,0.000000,Training,-0.493809,-0.287605,-0.154233,0.163796,0.548478,0.758299,1.188783,1.807042,3.194682,4.726749,9.794088
1985-12-17,0.000000,Training,-0.491936,-0.293922,-0.173930,0.134416,0.497848,0.692402,1.102421,1.681816,2.987147,4.427083,9.169930
1985-12-18,0.000000,Training,-0.493670,-0.298170,-0.180006,0.122249,0.472764,0.659120,1.059134,1.613693,2.886854,4.272762,8.863620
1985-12-19,0.000000,Training,-0.500131,-0.306953,-0.182220,0.120825,0.467557,0.654549,1.049600,1.603097,2.872241,4.236684,8.793801
1985-12-20,0.000000,Training,-0.500078,-0.307660,-0.178984,0.143900,0.510764,0.719077,1.124037,1.742559,3.056504,4.498374,9.371522
1985-12-21,0.000000,Training,-0.518025,-0.315183,-0.115287,0.236773,0.638708,0.928018,1.376588,2.135796,3.748712,5.472665,11.993189
1985-12-22,0.000000,Training,-0.603386,-0.364131,-0.075801,0.408605,1.026612,1.562055,2.327533,3.827375,7.873657,12.085838,28.183128
1985-12-23,0.000000,Training,-0.392122,0.005969,0.717215,1.761019,3.230742,4.673882,6.166772,10.425252,19.186516,30.028643,70.970337
1985-12-24,0.000000,Training,-0.449911,-0.112647,0.508325,1.308349,2.432327,3.514519,4.619017,7.639311,13.748488,21.113720,47.680328
1985-12-25,0.000000,Training,-0.416902,-0.074464,0.575456,1.346648,2.432386,3.372676,4.362890,6.960428,11.673808,17.326111,38.757874
1985-12-26,0.000000,Training,-0.470782,-0.167371,0.280147,0.943044,1.843012,2.521634,3.344083,5.360326,8.920867,13.115624,28.415857
1985-12-27,0.000000,Training,-0.625432,-0.203952,0.262523,1.541216,3.060374,4.651398,7.090982,12.729005,34.346863,53.890728,137.306381
1985-12-28,0.000000,Training,1.108493,3.380909,6.237537,13.945565,23.872528,31.636642,43.874283,69.191635,138.134796,225.097748,481.702911
1985-12-29,0.000000,Training,2.240760,4.524067,7.892729,14.944017,22.981924,29.824194,37.182281,54.849548,91.092773,136.726608,273.133301
1985-12-30,0.000000,Training,0.455882,1.563154,2.604632,5.436378,8.851838,11.545253,14.130770,21.811872,32.792980,46.795147,86.926483
1985-12-31,0.000000,Training,0.105934,0.837239,1.761625,3.418209,5.617528,7.216754,8.877909,13.421980,19.794851,28.184301,54.685955
1986-01-01,0.000000,Training,-0.029006,0.592236,1.685553,2.938261,4.758309,6.045444,7.392949,10.776362,15.865853,21.994152,44.026299
1986-01-02,0.000000,Training,-0.160419,0.360266,1.281039,2.361319,3.924198,5.104398,6.434433,9.297278,14.476666,20.097002,42.795811
1986-01-03,0.000000,Training,-0.103537,0.379459,1.027755,2.129718,3.610762,4.461192,5.562856,8.076252,11.614810,16.029192,30.983301
1986-01-04,0.000000,Training,-0.170321,0.283545,0.809886,1.817566,3.128443,3.941628,4.869432,7.126802,10.116884,13.848319,26.105455
1986-01-05,0.000000,Training,-0.018852,0.516032,1.342042,2.484132,3.993170,4.975771,6.010287,8.461845,11.941830,15.877127,31.402596
1986-01-06,0.000000,Training,-0.058665,0.410597,1.017725,2.073615,3.403122,4.128570,4.968957,6.972791,9.414557,12.410921,23.067438
1986-01-07,0.000000,Training,-0.103218,0.463660,1.450648,2.730563,4.656739,5.803058,7.553150,10.586758,17.230640,23.564705,49.921402
1986-01-08,0.000000,Training,0.737704,1.743086,3.833311,6.231768,9.340652,11.476614,13.534618,19.031895,28.557495,39.331749,81.719086
1986-01-09,0.000000,Training,0.332971,1.140317,2.566318,4.384603,6.821657,8.230779,9.826053,13.842026,20.100506,27.271648,53.882835
1986-01-10,0.000000,Training,0.070417,0.655997,1.523005,2.859958,4.630486,5.494215,6.665440,9.389436,13.099302,17.596468,33.726761
1986-01-11,2.417736,Training,-0.088398,0.384887,1.037235,2.108120,3.511267,4.219617,5.161502,7.314019,10.156280,13.555477,25.824511
1986-01-12,7.555424,Training,-0.150281,0.297335,0.955467,1.931675,3.270450,3.840043,4.803081,6.681761,9.426346,12.530603,24.171234
1986-01-13,6.950990,Training,-0.238027,0.134780,0.645679,1.491852,2.632172,3.115448,3.966075,5.615744,8.023390,10.811234,20.786104
1986-01-14,6.422111,Training,-0.301589,0.018718,0.429045,1.186257,2.174202,2.615520,3.355745,4.856679,6.994589,9.528647,18.210983
1986-01-15,6.422111,Training,-0.440835,-0.192421,0.075098,0.654122,1.392636,1.743916,2.352357,3.542645,5.418417,7.549835,14.685065
1986-01-16,5.893231,Training,-0.514225,-0.293377,-0.062173,0.420468,1.029321,1.303909,1.862238,2.832443,4.642494,6.541982,13.071995
1986-01-17,5.893231,Training,-0.535666,-0.343666,-0.179246,0.227124,0.712231,0.930523,1.404501,2.186569,3.769943,5.400422,10.846062
1986-01-18,5.364351,Training,-0.527627,-0.338265,-0.181236,0.235149,0.730204,0.959408,1.429585,2.239109,3.793460,5.435411,10.858829
1986-01-19,4.911026,Training,-0.529121,-0.334987,-0.170332,0.250139,0.752171,0.980123,1.462049,2.276369,3.873047,5.533760,11.111802
1986-01-20,4.457700,Training,-0.526362,-0.338968,-0.181195,0.247819,0.753403,0.999900,1.460046,2.313970,3.863786,5.518411,10.949272
1986-01-21,4.004375,Training,-0.559242,-0.382719,-0.214649,0.144132,0.532428,0.797090,1.226549,1.972850,3.740716,5.472723,11.880332
1986-01-22,4.911026,Training,-0.555013,-0.389023,-0.263560,0.097622,0.505018,0.738510,1.134261,1.902704,3.435215,5.032776,10.261482
1986-01-23,4.457700,Training,-0.547936,-0.364195,-0.210606,0.192287,0.670640,0.923596,1.380370,2.247733,3.982697,5.784776,11.716902
1986-01-24,4.004375,Training,-0.549612,-0.365133,-0.211176,0.177964,0.626661,0.851723,1.293101,2.068028,3.698342,5.315378,10.730268
1986-01-25,4.004375,Training,-0.535770,-0.351918,-0.201688,0.214624,0.698496,0.934539,1.387809,2.220236,3.819337,5.473467,10.921233
1986-01-26,3.173278,Training,-0.552885,-0.388146,-0.280598,0.076753,0.465726,0.678717,1.047844,1.738704,3.095491,4.462572,8.853488
1986-01-27,2.795507,Training,-0.542916,-0.389848,-0.308272,-0.002510,0.312089,0.488897,0.802848,1.374963,2.548248,3.720299,7.448815
1986-01-28,2.417736,Training,-0.538800,-0.388983,-0.318871,-0.031670,0.254521,0.419643,0.708422,1.238789,2.322722,3.395666,6.816732
1986-01-29,1.813302,Training,-0.543166,-0.381110,-0.256828,0.051210,0.357107,0.570739,0.917467,1.523535,2.959608,4.365685,9.414057
1986-01-30,1.511085,Training,-0.567508,-0.411858,-0.282998,0.021633,0.325275,0.583860,0.919857,1.613148,3.207408,4.823667,10.573286
1986-01-31,1.813302,Training,-0.582918,-0.424430,-0.327424,-0.025644,0.282250,0.536192,0.838959,1.555620,3.039951,4.499832,9.311905
1986-02-01,2.115519,Training,-0.573483,-0.411714,-0.303475,0.014730,0.340870,0.601833,0.918142,1.645671,3.141516,4.604974,9.446001
1986-02-02,0.453325,Training,-0.569314,-0.410570,-0.324576,-0.006798,0.315929,0.532429,0.844146,1.488149,2.803439,4.045686,8.079965
1986-02-03,0.000000,Training,-0.565858,-0.404036,-0.300691,0.019738,0.339425,0.580197,0.892657,1.556203,2.919941,4.208099,8.572734
1986-02-04,0.000000,Training,-0.563205,-0.401693,-0.296356,0.031645,0.362078,0.594891,0.919637,1.581565,2.955017,4.258364,8.633611
1986-02-05,0.000000,Training,-0.565048,-0.404926,-0.309456,0.019381,0.356619,0.570017,0.898385,1.540186,2.867755,4.126627,8.248726
1986-02-06,0.000000,Training,-0.570026,-0.407646,-0.314757,0.024663,0.371450,0.589417,0.921415,1.572241,2.908497,4.151097,8.215257
1986-02-07,0.000000,Training,-0.581237,-0.414499,-0.267558,0.105760,0.496800,0.786384,1.190808,1.974694,3.762604,5.465863,11.521605
1986-02-08,0.000000,Training,-0.683361,-0.454135,-0.209828,0.387917,1.120854,1.819521,2.758902,4.910784,12.229046,19.201403,45.256210
1986-02-09,0.000000,Training,-0.513537,-0.185817,0.191167,1.155682,2.491427,3.926400,5.274251,9.461272,20.015020,31.159145,66.656807
1986-02-10,0.000000,Training,-0.539205,-0.261218,-0.040163,0.613772,1.468241,2.180130,3.024651,5.204787,10.069888,14.971972,29.724897
1986-02-11,0.075554,Training,-0.556454,-0.293412,-0.001075,0.612964,1.382707,2.054265,2.874426,4.781876,9.403766,14.011416,30.423830
1986-02-12,0.075554,Training,-0.567689,-0.318675,-0.068360,0.507909,1.233978,1.752707,2.472681,4.095681,7.706785,11.313984,23.282614
1986-02-13,0.302217,Training,-0.666645,-0.399959,-0.083269,0.680500,1.660864,2.546962,3.786575,6.506840,15.847439,24.474285,55.279388
1986-02-14,41.705943,Training,-0.202138,0.838890,2.190231,6.552299,12.603007,17.814587,25.604372,44.091743,110.538284,173.528610,370.350372
1986-02-15,36.492700,Training,2.009675,4.337332,7.292706,15.086365,24.692448,31.147596,38.458317,57.851059,98.636673,145.302139,256.856995
1986-02-16,19.870766,Training,0.934304,2.553443,5.218184,9.987330,16.105391,20.634930,26.018908,38.165115,66.659645,95.017288,187.220169
1986-02-17,19.870766,Training,0.829874,2.453591,4.570706,9.565283,15.954350,20.433929,26.578495,39.778126,71.141754,103.970383,201.919693
1986-02-18,53.265742,Training,0.609567,1.890311,3.429392,7.142801,11.754775,15.038002,18.821854,28.574049,47.700169,68.606133,127.295723
1986-02-19,31.581674,Training,0.561040,2.675333,5.055778,10.691145,18.536997,23.633797,33.369816,49.999619,104.247353,153.665207,312.314636
1986-02-20,62.861131,Training,6.497348,12.089144,19.659500,36.173103,53.740059,65.305664,79.029945,109.207558,180.768356,261.447021,445.786011
1986-02-21,102.376001,Training,5.789188,10.579810,17.716038,31.102299,45.409698,54.495441,65.079231,87.373466,140.696854,197.223862,342.142883
1986-02-22,41.705943,Training,5.180353,8.840950,13.693595,22.958054,32.563168,36.414352,41.394146,53.138165,75.180435,100.719017,160.104446
1986-02-23,21.759622,Training,3.148387,5.666556,8.908195,14.610916,20.624647,22.767967,25.776484,32.513634,44.065430,56.949673,92.525681
1986-02-24,15.413066,Training,2.572002,4.617990,7.553038,11.849454,16.283077,17.996168,19.931719,24.816771,32.541035,40.675713,68.463066
1986-02-25,12.239788,Training,1.853578,3.403055,5.497920,8.894087,12.430712,13.447165,15.091098,18.641960,24.051033,29.877684,50.238670
1986-02-26,10.124269,Training,0.967939,2.060301,3.532325,6.045772,8.818804,9.706529,11.161893,14.169610,18.742508,23.614939,40.288181
1986-02-27,8.159858,Training,0.130455,0.818123,1.831695,3.436796,5.358537,6.436670,7.721128,10.408205,15.200138,19.648863,36.762951
1986-02-28,7.555424,Training,-0.109818,0.432656,1.291428,2.599166,4.228590,5.192147,6.414392,8.857946,13.652331,17.987066,34.984653
1986-03-01,6.950990,Training,-0.108026,0.458771,1.404243,2.888641,4.827337,5.961181,7.635784,10.639004,17.760326,24.143745,48.498184
1986-03-02,6.422111,Training,0.019773,0.704683,1.904937,3.925518,6.506008,8.231369,10.553243,15.257560,27.006411,38.339760,78.177124
1986-03-03,56.363466,Training,0.945616,3.428817,6.894233,14.499102,24.625122,31.293301,44.522354,67.394875,152.077972,231.661743,474.666718
1986-03-04,110.989185,Training,6.344621,12.275393,19.468845,37.222816,55.868889,67.837830,84.158630,115.864868,201.242737,295.906738,510.958038
1986-03-05,61.198938,Training,3.793360,7.117303,11.523375,21.092356,30.860422,36.934036,43.249527,59.307774,92.080528,127.341415,217.374115
1986-03-06,24.857346,Training,2.259786,4.547169,7.377073,12.990225,19.004206,21.572796,25.141333,32.989899,47.545097,63.087902,105.835098
1986-03-07,15.413066,Training,1.120977,3.331211,5.959102,11.383947,18.220663,22.278435,28.901972,40.142803,70.671722,97.878723,186.786346
1986-03-08,12.995330,Training,2.052283,4.120591,6.572267,12.295583,18.476831,21.391571,25.504150,34.613834,52.640587,72.680359,121.575310
1986-03-09,10.124269,Training,0.829047,2.092054,3.525077,6.800200,10.511096,12.263201,14.785484,20.253159,30.388842,41.114105,70.352638
1986-03-10,8.159858,Training,0.257166,1.149057,2.117952,4.278181,6.869570,8.130589,9.992305,13.931159,20.955137,28.037872,49.491253
1986-03-11,6.422111,Training,-0.278611,0.202912,0.646403,1.774706,3.178340,3.902715,5.054419,7.301758,11.660136,15.828469,29.036549
1986-03-12,5.364351,Training,-0.465284,-0.146603,0.078195,0.766165,1.585448,2.034351,2.807122,4.162437,7.218728,9.995522,18.870544
1986-03-13,4.911026,Training,-0.481625,-0.179488,0.043289,0.714268,1.503652,1.925505,2.662245,3.934301,6.793231,9.362526,17.713194
1986-03-14,4.004375,Training,-0.494266,-0.205073,0.013997,0.675102,1.454097,1.823083,2.548456,3.732905,6.425246,8.818462,16.654894
1986-03-15,3.551049,Training,-0.516953,-0.236922,-0.002191,0.643693,1.403149,1.746657,2.450974,3.574039,6.184610,8.433067,16.003683
1986-03-16,3.173278,Training,-0.500014,-0.209148,0.056729,0.744356,1.555527,1.896618,2.625319,3.774482,6.375989,8.602730,16.271843
1986-03-17,2.795507,Training,-0.441191,-0.110568,0.253529,1.048824,1.985770,2.376910,3.161438,4.444233,7.174125,9.493443,18.013645
1986-03-18,2.795507,Training,-0.462209,-0.147950,0.199117,0.952833,1.832603,2.216425,2.965019,4.224100,6.895792,9.168447,17.693235
1986-03-19,2.417736,Training,-0.515215,-0.240741,0.051425,0.711238,1.477477,1.800650,2.470658,3.609744,6.068095,8.201937,15.928047
1986-03-20,2.115519,Training,-0.563700,-0.327400,-0.105072,0.450751,1.081364,1.347680,1.929189,2.890748,5.090585,7.003412,13.694909
1986-03-21,1.813302,Training,-0.589551,-0.382938,-0.203179,0.270491,0.783092,1.013556,1.507411,2.314896,4.265310,5.962325,11.788989
1986-03-22,1.511085,Training,-0.602830,-0.419181,-0.284469,0.110982,0.512589,0.701668,1.113922,1.744375,3.411692,4.846145,9.697251
1986-03-23,1.511085,Training,-0.589181,-0.413904,-0.304576,0.034421,0.360215,0.513710,0.868746,1.372404,2.789426,4.015052,8.104655
1986-03-24,1.284422,Training,-0.568883,-0.392357,-0.303254,0.012551,0.302251,0.437030,0.764635,1.222166,2.511835,3.628374,7.378259
1986-03-25,1.284422,Training,-0.560288,-0.377879,-0.298848,0.038660,0.356570,0.493984,0.847917,1.344356,2.698735,3.890218,7.885613
1986-03-26,1.057759,Training,-0.523558,-0.348543,-0.292407,-0.002998,0.255982,0.358815,0.659365,1.065410,2.175817,3.193410,6.556181
1986-03-27,1.057759,Training,-0.543055,-0.363873,-0.291007,-0.006515,0.245405,0.352665,0.647735,1.039528,2.162714,3.156230,6.501589
1986-03-28,1.057759,Training,-0.544398,-0.362947,-0.288651,-0.000927,0.251605,0.364951,0.659940,1.057586,2.193665,3.192864,6.586237
1986-03-29,1.057759,Training,-0.539858,-0.357225,-0.290169,0.000566,0.257094,0.362169,0.662532,1.054124,2.179025,3.173175,6.525534
1986-03-30,0.831097,Training,-0.550985,-0.370490,-0.295387,-0.006759,0.247341,0.355669,0.650769,1.038375,2.160006,3.147334,6.473875
1986-03-31,0.831097,Training,-0.559245,-0.382116,-0.299710,-0.013571,0.236273,0.348111,0.636694,1.019348,2.133018,3.118834,6.427708
1986-04-01,0.604434,Training,-0.552813,-0.373708,-0.297006,-0.013971,0.229947,0.335950,0.620093,0.991357,2.072333,3.029839,6.248459
1986-04-02,0.604434,Training,-0.555640,-0.366848,-0.284399,0.011927,0.260575,0.388468,0.699581,1.095538,2.327072,3.411549,7.315332
1986-04-03,0.604434,Training,-0.554642,-0.362999,-0.292192,0.004247,0.266233,0.381506,0.691056,1.103130,2.294858,3.362912,7.018714
1986-04-04,0.604434,Training,-0.575670,-0.380907,-0.286076,0.023255,0.295943,0.450556,0.776506,1.238688,2.624370,3.866071,8.291656
1986-04-05,1.813302,Training,-0.621172,-0.323423,-0.023593,0.585153,0.963040,1.719522,2.335035,3.786214,11.320850,15.979342,36.940639
1986-04-06,15.413066,Training,-0.201083,0.719591,1.559714,4.575902,8.758087,12.465289,17.450138,28.909506,68.556816,105.444145,215.505646
1986-04-07,11.484245,Training,-0.125142,0.640752,1.053817,3.130384,5.812510,7.640356,10.371808,16.343147,32.134590,47.367855,90.076546
1986-04-08,6.422111,Training,-0.423152,0.039249,0.275504,1.279262,2.434498,3.368255,4.559287,7.245103,13.790307,19.790726,39.346661
1986-04-09,4.911026,Training,-0.441309,-0.009552,0.170602,1.033286,2.042705,2.709506,3.695455,5.735218,10.348512,14.704558,28.103199
1986-04-10,3.551049,Training,-0.528348,-0.177646,-0.013833,0.626266,1.366692,1.775607,2.523901,3.794134,7.016339,9.855318,19.360962
1986-04-11,3.173278,Training,-0.530494,-0.202867,-0.030589,0.605729,1.315996,1.748254,2.447543,3.690891,6.782239,9.521239,18.940264
1986-04-12,2.417736,Training,-0.553069,-0.267578,-0.144446,0.414217,1.028534,1.328601,1.933023,2.907698,5.347513,7.509030,14.700827
1986-04-13,2.115519,Training,-0.564604,-0.307166,-0.209181,0.292084,0.823403,1.073876,1.600492,2.428110,4.501321,6.349552,12.446281
1986-04-14,1.813302,Training,-0.614855,-0.368046,-0.250093,0.250210,0.766653,1.063559,1.625728,2.496204,5.051053,7.259558,14.947216
1986-04-15,1.511085,Training,-0.611246,-0.360567,-0.235183,0.289269,0.847106,1.140212,1.704158,2.688960,5.234678,7.522053,15.260015
1986-04-16,1.511085,Training,-0.634767,-0.392815,-0.252412,0.248654,0.766837,1.077400,1.621223,2.554690,5.174512,7.457012,15.587519
1986-04-17,1.511085,Training,-0.604791,-0.328578,-0.183226,0.421734,1.080287,1.501192,2.140516,3.460530,6.617528,9.611609,19.574270
1986-04-18,1.511085,Training,-0.603563,-0.342120,-0.231798,0.322402,0.916326,1.237403,1.803199,2.883883,5.382655,7.738406,15.384646
1986-04-19,1.284422,Training,-0.623185,-0.340458,-0.184997,0.406646,1.046245,1.393396,2.009486,3.140266,5.887802,8.338990,16.827827
1986-04-20,1.057759,Training,-0.623543,-0.338117,-0.175936,0.437501,1.099991,1.398034,2.016473,3.084548,5.600151,7.845279,15.475352
1986-04-21,1.057759,Training,-0.633253,-0.375671,-0.227198,0.305578,0.845928,1.123564,1.646364,2.542159,4.713910,6.607594,13.429457
1986-04-22,0.831097,Training,-0.627674,-0.360947,-0.202523,0.361384,0.932562,1.210242,1.752437,2.686856,4.866001,6.793228,13.704686
1986-04-23,0.831097,Training,-0.623831,-0.365089,-0.227144,0.299233,0.824542,1.072203,1.584154,2.438643,4.445171,6.250433,12.688766
1986-04-24,0.831097,Training,-0.666873,-0.444576,-0.342768,0.080204,0.463154,0.695285,1.131621,1.834013,3.898251,5.720989,12.277706
1986-04-25,0.831097,Training,-0.659620,-0.438837,-0.336843,0.070184,0.439399,0.691625,1.112124,1.877358,4.075188,6.130457,13.405113
1986-04-26,0.831097,Training,-0.650843,-0.420095,-0.327999,0.107056,0.519892,0.770154,1.208582,2.028931,4.197722,6.220802,13.133389
1986-04-27,0.831097,Training,-0.652584,-0.405876,-0.317259,0.118819,0.547891,0.787657,1.248697,2.064892,4.227460,6.252563,12.997621
1986-04-28,0.831097,Training,-0.660714,-0.411572,-0.312092,0.126854,0.555240,0.793797,1.241804,2.017430,4.024385,5.872122,12.066311
1986-04-29,0.604434,Training,-0.668462,-0.430401,-0.324428,0.111928,0.521572,0.738588,1.155282,1.841925,3.589499,5.172120,10.542475
1986-04-30,0.604434,Training,-0.659092,-0.440566,-0.333897,0.039038,0.356870,0.522017,0.860146,1.356617,2.656049,3.865994,7.983401
1986-05-01,0.453325,Training,-0.653969,-0.432882,-0.328408,0.051480,0.376124,0.532918,0.875295,1.356853,2.601989,3.764540,7.727542
1986-05-02,0.302217,Training,-0.647687,-0.412707,-0.313402,0.103813,0.477591,0.640120,1.021658,1.553274,2.875358,4.097517,8.292747
1986-05-03,0.226663,Training,-0.603757,-0.366455,-0.309214,0.063235,0.388606,0.504156,0.862648,1.313951,2.488609,3.588974,7.360618
1986-05-04,0.151108,Training,-0.612112,-0.373559,-0.303316,0.069875,0.388196,0.527207,0.879224,1.345740,2.545991,3.665532,7.637800
1986-05-05,0.226663,Training,-0.626350,-0.397652,-0.319501,0.018413,0.280633,0.419010,0.735952,1.139898,2.271878,3.333587,7.172468
1986-05-06,0.302217,Training,-0.609288,-0.377819,-0.315853,0.005087,0.253066,0.366501,0.660914,1.047173,2.068750,3.070299,6.473857
1986-05-07,0.226663,Training,-0.618514,-0.385376,-0.321696,0.014515,0.277309,0.398258,0.702606,1.109791,2.186523,3.232244,6.738196
1986-05-08,0.151108,Training,-0.634326,-0.405541,-0.325765,0.000249,0.242419,0.373292,0.657516,1.050520,2.084746,3.112313,6.524733
1986-05-09,0.151108,Training,-0.627793,-0.438493,-0.308604,0.006828,0.231823,0.368012,0.629872,0.976119,1.954011,2.915899,6.156290
1986-05-10,0.151108,Training,-0.601577,-0.437213,-0.294480,0.001469,0.206204,0.339257,0.572680,0.882951,1.783882,2.682537,5.696073
1986-05-11,0.151108,Training,-0.591049,-0.432015,-0.287569,0.002886,0.205961,0.337126,0.562657,0.861779,1.720880,2.588448,5.501732
1986-05-12,0.075554,Training,-0.568109,-0.408416,-0.272901,0.001015,0.190343,0.307315,0.517617,0.784440,1.549814,2.330461,4.973019
1986-05-13,0.075554,Training,-0.561561,-0.358795,-0.267861,-0.013052,0.147993,0.234013,0.440214,0.677932,1.340218,2.038180,4.403297
1986-05-14,0.000000,Training,-0.538105,-0.299885,-0.264777,-0.020755,0.129515,0.192570,0.394666,0.624692,1.213012,1.860019,4.065516
1986-05-15,0.000000,Training,-0.512957,-0.280940,-0.242315,-0.028833,0.082056,0.136197,0.297823,0.486362,0.969494,1.522133,3.439312
1986-05-16,0.000000,Training,-0.494679,-0.284776,-0.224034,-0.024955,0.071230,0.127860,0.269771,0.439838,0.902891,1.425835,3.260006
1986-05-17,0.000000,Training,-0.482428,-0.298470,-0.217534,-0.022846,0.071311,0.134763,0.267635,0.432250,0.907133,1.429021,3.254496
1986-05-18,0.000000,Training,-0.476089,-0.302848,-0.213093,-0.022185,0.068262,0.137934,0.262304,0.425295,0.897443,1.412102,3.233314
1986-05-19,0.000000,Training,-0.478259,-0.291181,-0.214682,-0.023402,0.066662,0.127818,0.257025,0.417985,0.875407,1.383149,3.171359
1986-05-20,0.000000,Training,-0.489152,-0.248423,-0.223340,-0.030431,0.054958,0.100027,0.234661,0.399793,0.801189,1.290750,3.016335
1986-05-21,0.000000,Training,-0.470893,-0.245793,-0.208426,-0.028590,0.041843,0.086157,0.202515,0.350278,0.726234,1.180741,2.818605
1986-05-22,0.000000,Training,-0.438242,-0.264219,-0.192682,-0.027365,0.038538,0.091637,0.186867,0.320562,0.704343,1.140921,2.735859
1986-05-23,0.000000,Training,-0.432082,-0.267948,-0.191604,-0.030888,0.035525,0.090294,0.179155,0.311260,0.687517,1.118033,2.687074
1986-05-24,0.000000,Training,-0.406306,-0.259866,-0.185953,-0.043525,0.023308,0.073182,0.142152,0.260761,0.575046,0.958868,2.379772
1986-05-25,0.000000,Training,-0.395221,-0.251364,-0.183549,-0.047887,0.017173,0.062537,0.124983,0.237134,0.523706,0.886551,2.245869
1986-05-26,0.000000,Training,-0.392214,-0.242418,-0.177133,-0.042799,0.010348,0.052115,0.110928,0.218720,0.511129,0.867070,2.226296
1986-05-27,0.000000,Training,-0.373372,-0.229229,-0.171389,-0.051301,-0.004435,0.031513,0.075841,0.172905,0.423085,0.746403,2.020159
1986-05-28,0.000000,Training,-0.372863,-0.229601,-0.172444,-0.052882,-0.004621,0.031322,0.075443,0.172369,0.418181,0.740049,2.006404
1986-05-29,0.000000,Training,-0.393658,-0.213929,-0.166656,-0.034212,-0.000839,0.029900,0.088547,0.189729,0.468505,0.811862,2.160866
1986-05-30,0.000000,Training,-0.473241,-0.147612,-0.178810,-0.040061,-0.036568,0.032556,0.113029,0.199270,0.632901,0.920513,3.003350
1986-05-31,0.000000,Training,-0.474682,-0.220521,-0.159478,-0.031008,-0.016841,0.079213,0.131859,0.297564,0.666678,1.171819,3.108989
1986-06-01,0.000000,Training,-0.464487,-0.232831,-0.159001,-0.019129,0.007347,0.094226,0.152837,0.315385,0.715374,1.214198,3.130314
1986-06-02,0.000000,Training,-0.458409,-0.192993,-0.157184,-0.017745,0.006715,0.060502,0.121890,0.260392,0.562144,0.962089,2.609820
1986-06-03,0.000000,Training,-0.440566,-0.189634,-0.152614,-0.021422,-0.003243,0.041432,0.096252,0.215083,0.489569,0.851383,2.396638
1986-06-04,0.000000,Training,-0.421992,-0.200209,-0.148614,-0.020271,0.003568,0.048237,0.102045,0.217818,0.505640,0.866177,2.379042
1986-06-05,0.000000,Training,-0.405935,-0.248722,-0.160752,-0.035696,0.003580,0.066005,0.109238,0.224987,0.541328,0.913810,2.469398
1986-06-06,0.000000,Training,-0.409124,-0.249578,-0.169210,-0.038103,0.008695,0.065794,0.118738,0.238073,0.558479,0.939332,2.450682
1986-06-07,0.000000,Training,-0.437612,-0.206436,-0.169499,-0.024871,0.008550,0.047436,0.120421,0.240880,0.534418,0.909893,2.401837
1986-06-08,0.000000,Training,-0.413636,-0.205705,-0.162944,-0.027906,0.000026,0.034917,0.097369,0.203602,0.484848,0.834917,2.257986
1986-06-09,0.000000,Training,-0.391658,-0.220372,-0.160035,-0.036033,-0.004890,0.034749,0.083618,0.183730,0.463508,0.801060,2.186957
1986-06-10,0.000000,Training,-0.394641,-0.226180,-0.164555,-0.037693,-0.004079,0.037151,0.088198,0.190352,0.475646,0.818517,2.211869
1986-06-11,0.000000,Training,-0.391137,-0.232792,-0.169580,-0.043190,-0.004881,0.037829,0.086920,0.188443,0.468960,0.808350,2.180179
1986-06-12,0.000000,Training,-0.378004,-0.234604,-0.178774,-0.059579,-0.004575,0.036670,0.082543,0.181789,0.415426,0.737154,2.020409
1986-06-13,0.000000,Training,-0.375494,-0.232904,-0.180890,-0.061161,-0.004481,0.034422,0.081450,0.179126,0.405344,0.723905,1.985720
1986-06-14,0.000000,Training,-0.385530,-0.231167,-0.173399,-0.046100,-0.007474,0.030706,0.079325,0.175794,0.445559,0.775275,2.100214
1986-06-15,0.000000,Training,-0.394124,-0.219213,-0.169628,-0.037939,-0.008743,0.025136,0.080890,0.176767,0.452847,0.787433,2.136695
1986-06-16,0.000000,Training,-0.392372,-0.217318,-0.168236,-0.038672,-0.012079,0.022081,0.075942,0.170288,0.443138,0.773935,2.120443
1986-06-17,0.000000,Training,-0.385665,-0.227012,-0.171488,-0.045756,-0.013040,0.024952,0.073315,0.167646,0.436424,0.763514,2.091607
1986-06-18,0.000000,Training,-0.376774,-0.211322,-0.161657,-0.043468,-0.019558,0.009903,0.052512,0.139511,0.389454,0.701174,1.978394
1986-06-19,0.000000,Training,-0.378065,-0.209286,-0.161283,-0.042483,-0.019905,0.008552,0.052166,0.138480,0.388411,0.700566,1.978546
1986-06-20,0.000000,Training,-0.404594,-0.172743,-0.163370,-0.035318,-0.021160,-0.005759,0.049646,0.138129,0.360070,0.673151,1.947914
1986-06-21,0.000000,Training,-0.399387,-0.154238,-0.159793,-0.037112,-0.028926,-0.019658,0.029427,0.113246,0.310624,0.608387,1.845343
1986-06-22,0.000000,Training,-0.388398,-0.152526,-0.151340,-0.037181,-0.033574,-0.025788,0.015731,0.093561,0.284236,0.568975,1.786386
1986-06-23,0.000000,Training,-0.381421,-0.178738,-0.144632,-0.034864,-0.031876,-0.008691,0.026659,0.106391,0.326507,0.616495,1.891993
1986-06-24,0.000000,Training,-0.375117,-0.190385,-0.150066,-0.041027,-0.030554,-0.008210,0.028893,0.109407,0.337870,0.634664,1.893044
1986-06-25,0.000000,Training,-0.373006,-0.200608,-0.153688,-0.044896,-0.030045,-0.003735,0.032047,0.114026,0.348801,0.647763,1.908760
1986-06-26,0.000000,Training,-0.378776,-0.196525,-0.154828,-0.042377,-0.029095,-0.005175,0.035040,0.117416,0.353722,0.656117,1.926650
1986-06-27,0.000000,Training,-0.366939,-0.207525,-0.158112,-0.051411,-0.031713,-0.004206,0.027759,0.108263,0.337421,0.630768,1.868674
1986-06-28,0.000000,Training,-0.365578,-0.209309,-0.159413,-0.053608,-0.032008,-0.004389,0.026585,0.106911,0.333402,0.625050,1.855724
1986-06-29,0.000000,Training,-0.377941,-0.201488,-0.158748,-0.045433,-0.029205,-0.005310,0.035889,0.117850,0.356474,0.659726,1.924749
1986-06-30,0.000000,Training,-0.367711,-0.209873,-0.161073,-0.053392,-0.032298,-0.004964,0.028081,0.108397,0.338235,0.632121,1.867110
1986-07-01,0.000000,Validation,-0.358527,-0.213417,-0.164821,-0.063622,-0.034089,-0.006017,0.020690,0.099771,0.306584,0.588922,1.779810
1986-07-02,0.000000,Validation,-0.354448,-0.213148,-0.169111,-0.069102,-0.033008,-0.006260,0.021421,0.100092,0.291307,0.570127,1.733403
1986-07-03,0.000000,Validation,-0.354077,-0.213068,-0.169553,-0.069030,-0.033397,-0.007414,0.020283,0.098145,0.289942,0.568227,1.728212
1986-07-04,0.000000,Validation,-0.351437,-0.211373,-0.171508,-0.071712,-0.033355,-0.008736,0.020024,0.097131,0.279891,0.555912,1.699822
1986-07-05,0.000000,Validation,-0.347649,-0.207384,-0.175109,-0.075997,-0.032272,-0.010018,0.022578,0.099256,0.265823,0.539594,1.658153
1986-07-06,0.000000,Validation,-0.346095,-0.205550,-0.176318,-0.077422,-0.032436,-0.011519,0.022401,0.098380,0.259611,0.532135,1.640175
1986-07-07,0.000000,Validation,-0.351300,-0.211667,-0.171772,-0.072059,-0.035828,-0.012157,0.015645,0.091139,0.276433,0.550928,1.691874
1986-07-08,0.000000,Validation,-0.352909,-0.212256,-0.170057,-0.070698,-0.038104,-0.014051,0.012472,0.087358,0.279414,0.553899,1.704167
1986-07-09,0.000000,Validation,-0.350033,-0.209838,-0.169579,-0.073080,-0.040223,-0.017289,0.007908,0.081308,0.265366,0.535299,1.672050
1986-07-10,0.000000,Validation,-0.347210,-0.205864,-0.165264,-0.072526,-0.044542,-0.023476,-0.002190,0.067980,0.250257,0.513899,1.643560
1986-07-11,0.000000,Validation,-0.343184,-0.201919,-0.162856,-0.073938,-0.047781,-0.028784,-0.010386,0.056835,0.231613,0.488891,1.603648
1986-07-12,0.000000,Validation,-0.346239,-0.200594,-0.159034,-0.070260,-0.050447,-0.031904,-0.014198,0.052286,0.237657,0.496000,1.627295
1986-07-13,0.000000,Validation,-0.346876,-0.200429,-0.158666,-0.070443,-0.051725,-0.033403,-0.015691,0.050426,0.236977,0.495282,1.629048
1986-07-14,0.000000,Validation,-0.341564,-0.200011,-0.160882,-0.076145,-0.052747,-0.034925,-0.019370,0.045767,0.217032,0.468924,1.576669
1986-07-15,0.000000,Validation,-0.336213,-0.197015,-0.164112,-0.081415,-0.052085,-0.036228,-0.019431,0.044890,0.198477,0.445881,1.524831
1986-07-16,0.000000,Validation,-0.333918,-0.195057,-0.165797,-0.083514,-0.051713,-0.037351,-0.019048,0.044669,0.190808,0.436748,1.502505
1986-07-17,0.000000,Validation,-0.332401,-0.193668,-0.166516,-0.084755,-0.051982,-0.038759,-0.019778,0.043214,0.185235,0.429912,1.487645
1986-07-18,0.000000,Validation,-0.329243,-0.189144,-0.169448,-0.088339,-0.051480,-0.040706,-0.017951,0.044481,0.173152,0.415924,1.453024
1986-07-19,0.000000,Validation,-0.334454,-0.196583,-0.165398,-0.084110,-0.054261,-0.040471,-0.023808,0.038676,0.188719,0.433538,1.501245
1986-07-20,0.000000,Validation,-0.332628,-0.194802,-0.167249,-0.086575,-0.054141,-0.041369,-0.022904,0.039358,0.181816,0.425537,1.482102
1986-07-21,0.000000,Validation,-0.332771,-0.195136,-0.167964,-0.087639,-0.054673,-0.041963,-0.023151,0.039166,0.180692,0.424227,1.479850
1986-07-22,0.000000,Validation,-0.344332,-0.203384,-0.162487,-0.079593,-0.058210,-0.042201,-0.026358,0.037170,0.214983,0.467082,1.580722
1986-07-23,0.000000,Validation,-0.356117,-0.203382,-0.160568,-0.073403,-0.058724,-0.043523,-0.020010,0.045619,0.247341,0.513114,1.677922
1986-07-24,0.000000,Validation,-0.355375,-0.204968,-0.160997,-0.075494,-0.060032,-0.043810,-0.021741,0.043994,0.243736,0.507751,1.670408
1986-07-25,0.000000,Validation,-0.361055,-0.204700,-0.160761,-0.074112,-0.060187,-0.045033,-0.018667,0.048348,0.256228,0.526966,1.712398
1986-07-26,0.000000,Validation,-0.355902,-0.207844,-0.162059,-0.077828,-0.061097,-0.043974,-0.022374,0.044008,0.244063,0.508360,1.673736
1986-07-27,0.000000,Validation,-0.342817,-0.206560,-0.166200,-0.087171,-0.060305,-0.043265,-0.027470,0.036926,0.203848,0.453274,1.556337
1986-07-28,0.000000,Validation,-0.338278,-0.203230,-0.170715,-0.091493,-0.057714,-0.042811,-0.023179,0.041132,0.191179,0.438680,1.514430
1986-07-29,0.000000,Validation,-0.336494,-0.201332,-0.173209,-0.093296,-0.056446,-0.043117,-0.020572,0.043539,0.186809,0.434235,1.497922
1986-07-30,0.000000,Validation,-0.337268,-0.202963,-0.172695,-0.092861,-0.057053,-0.043539,-0.021924,0.041994,0.189588,0.437436,1.506618
1986-07-31,0.000000,Validation,-0.348272,-0.212547,-0.168305,-0.086960,-0.060914,-0.043909,-0.025492,0.040070,0.222442,0.478700,1.605440
1986-08-01,0.000000,Validation,-0.349601,-0.213906,-0.168742,-0.087741,-0.061899,-0.044432,-0.025613,0.040402,0.225212,0.482522,1.615574
1986-08-02,0.000000,Validation,-0.343532,-0.210758,-0.171453,-0.092494,-0.060949,-0.044600,-0.025671,0.039529,0.205272,0.456598,1.558408
1986-08-03,0.000000,Validation,-0.354636,-0.217521,-0.169252,-0.087630,-0.063043,-0.044851,-0.023787,0.043934,0.240307,0.503338,1.660945
1986-08-04,0.000000,Validation,-0.368722,-0.219557,-0.169415,-0.083961,-0.063476,-0.047279,-0.014740,0.056736,0.281150,0.564258,1.788715
1986-08-05,0.000000,Validation,-0.359027,-0.219869,-0.169220,-0.087628,-0.064496,-0.046058,-0.022073,0.046982,0.253911,0.522738,1.705298
1986-08-06,0.000000,Validation,-0.347890,-0.216158,-0.171342,-0.093486,-0.063277,-0.045518,-0.026309,0.040395,0.217960,0.473296,1.600170
1986-08-07,0.000000,Validation,-0.351074,-0.219679,-0.172774,-0.093359,-0.063028,-0.044517,-0.023800,0.044261,0.229539,0.489235,1.630338
1986-08-08,0.000000,Validation,-0.356716,-0.223403,-0.172615,-0.091553,-0.063677,-0.044549,-0.021262,0.048382,0.249697,0.516740,1.688197
1986-08-09,0.000000,Validation,-0.359727,-0.224709,-0.172008,-0.090864,-0.064327,-0.044771,-0.019761,0.050919,0.260279,0.531261,1.721851
1986-08-10,0.000000,Validation,-0.364565,-0.226162,-0.171718,-0.090173,-0.065066,-0.046100,-0.016985,0.055226,0.276508,0.555088,1.774087
1986-08-11,0.000000,Validation,-0.371324,-0.227441,-0.172158,-0.090147,-0.065766,-0.048485,-0.012666,0.061884,0.297007,0.587096,1.843677
1986-08-12,0.000000,Validation,-0.358533,-0.225122,-0.171541,-0.093335,-0.066341,-0.047473,-0.022485,0.047855,0.256990,0.527098,1.720191
1986-08-13,0.000000,Validation,-0.353401,-0.223623,-0.172735,-0.096066,-0.065798,-0.047197,-0.024744,0.044435,0.239591,0.503005,1.668697
1986-08-14,0.000000,Validation,-0.348759,-0.221370,-0.175771,-0.098877,-0.063916,-0.046326,-0.023115,0.045387,0.226026,0.485648,1.624688
1986-08-15,0.000000,Validation,-0.351450,-0.224145,-0.175688,-0.098222,-0.064193,-0.046038,-0.022096,0.047351,0.236969,0.500135,1.655650
1986-08-16,0.000000,Validation,-0.356184,-0.227659,-0.174984,-0.096932,-0.065009,-0.046055,-0.020313,0.050731,0.255153,0.524728,1.709576
1986-08-17,0.000000,Validation,-0.363205,-0.230968,-0.174155,-0.095358,-0.065749,-0.046487,-0.015739,0.058065,0.282508,0.563508,1.793374
1986-08-18,0.000000,Validation,-0.365695,-0.231737,-0.173504,-0.095211,-0.066163,-0.047040,-0.013672,0.061410,0.293366,0.579530,1.829753
1986-08-19,0.000000,Test,-0.357489,-0.228681,-0.173310,-0.097442,-0.066249,-0.047199,-0.019957,0.052078,0.264043,0.537235,1.742743
1986-08-20,0.000000,Test,-0.349643,-0.223987,-0.174378,-0.099898,-0.064874,-0.047239,-0.022440,0.047254,0.237722,0.501726,1.665428
1986-08-21,0.000000,Test,-0.345088,-0.220245,-0.175753,-0.101336,-0.063253,-0.047370,-0.021492,0.047122,0.225131,0.486102,1.627504
1986-08-22,0.000000,Test,-0.342993,-0.218323,-0.175940,-0.101805,-0.062594,-0.047770,-0.021120,0.046980,0.220602,0.480665,1.614466
1986-08-23,0.000000,Test,-0.354399,-0.228018,-0.173058,-0.098771,-0.065487,-0.047516,-0.019775,0.052204,0.261579,0.534383,1.737289
1986-08-24,0.000000,Test,-0.359287,-0.230376,-0.172074,-0.097992,-0.066253,-0.048078,-0.016336,0.057984,0.282939,0.564779,1.803472
1986-08-25,0.000000,Test,-0.349960,-0.224910,-0.171784,-0.100018,-0.065762,-0.048567,-0.022374,0.048310,0.248405,0.516556,1.703567
1986-08-26,0.000000,Test,-0.356389,-0.228702,-0.170444,-0.098658,-0.066468,-0.048553,-0.018289,0.055534,0.275719,0.554788,1.786849
1986-08-27,0.000000,Test,-0.362367,-0.230961,-0.169713,-0.097933,-0.066652,-0.049165,-0.012216,0.065085,0.303948,0.596488,1.875428
1986-08-28,0.000000,Test,-0.361494,-0.229780,-0.168161,-0.097957,-0.066936,-0.049821,-0.012691,0.064688,0.303775,0.596669,1.878951
1986-08-29,0.000000,Test,-0.357417,-0.227791,-0.166896,-0.098219,-0.067084,-0.050006,-0.016406,0.059260,0.289436,0.575678,1.837221
1986-08-30,0.000000,Test,-0.352967,-0.225229,-0.165028,-0.097710,-0.066896,-0.046982,-0.019841,0.054491,0.270162,0.545853,1.783328
1986-08-31,0.000000,Test,-0.384030,-0.244029,-0.161988,-0.093032,-0.071354,-0.035843,0.001944,0.082900,0.354156,0.665554,2.164063
1986-09-01,0.000000,Test,-0.360449,-0.229956,-0.162262,-0.098172,-0.068925,-0.044289,-0.013621,0.066149,0.298119,0.587107,1.889216
1986-09-02,0.000000,Test,-0.350217,-0.224886,-0.164066,-0.101114,-0.066363,-0.046920,-0.021047,0.053447,0.259570,0.535261,1.765217
1986-09-03,0.000000,Test,-0.343431,-0.220483,-0.167666,-0.100801,-0.062975,-0.047118,-0.020766,0.050593,0.241222,0.510574,1.695758
1986-09-04,0.000000,Test,-0.341554,-0.218952,-0.167835,-0.100626,-0.061891,-0.047293,-0.020241,0.050577,0.238249,0.506799,1.684739
1986-09-05,0.000000,Test,-0.341146,-0.218532,-0.167085,-0.100228,-0.061505,-0.047327,-0.019956,0.050920,0.239830,0.508823,1.688747
1986-09-06,0.000000,Test,-0.340329,-0.217701,-0.166461,-0.100123,-0.061239,-0.047417,-0.019960,0.050835,0.239087,0.507867,1.686546
1986-09-07,0.000000,Test,-0.346733,-0.222630,-0.164402,-0.098709,-0.062270,-0.046767,-0.016798,0.057671,0.267867,0.546854,1.772145
1986-09-08,0.000000,Test,-0.353209,-0.225488,-0.162464,-0.097585,-0.062493,-0.046477,-0.009884,0.069441,0.302529,0.596893,1.878201
1986-09-09,0.000000,Test,-0.355025,-0.224322,-0.157141,-0.094206,-0.062896,-0.040214,-0.008054,0.073334,0.306664,0.598275,1.905114
1986-09-10,0.000000,Test,-0.355421,-0.224289,-0.153298,-0.092065,-0.063708,-0.034374,-0.009919,0.069113,0.289182,0.571141,1.893167
1986-09-11,0.000000,Test,-0.356982,-0.225109,-0.152998,-0.093191,-0.063495,-0.035733,-0.006911,0.076222,0.307926,0.599378,1.933611
1986-09-12,0.000000,Test,-0.369365,-0.231018,-0.149836,-0.091450,-0.063786,-0.030637,0.006462,0.097884,0.360573,0.676159,2.126821
1986-09-13,0.000000,Test,-0.359732,-0.226475,-0.154850,-0.096044,-0.062149,-0.040463,0.000602,0.089399,0.342035,0.655892,2.024704
1986-09-14,0.000000,Test,-0.365123,-0.226904,-0.151808,-0.094508,-0.060687,-0.036224,0.009566,0.104513,0.372632,0.701282,2.130608
1986-09-15,0.000000,Test,-0.411996,-0.255513,-0.170046,-0.095306,-0.064630,-0.024217,0.035736,0.125818,0.462050,0.842447,2.646985
1986-09-16,0.000000,Test,-0.443129,-0.288053,-0.170474,-0.103092,-0.073927,0.000592,0.062065,0.183942,0.600028,1.081370,3.311755
1986-09-17,0.000000,Test,-0.430162,-0.273713,-0.145289,-0.094466,-0.055578,0.027792,0.083356,0.246097,0.668518,1.193594,3.345882
1986-09-18,0.000000,Test,-0.409526,-0.262415,-0.159324,-0.093609,-0.043369,0.012033,0.073489,0.215087,0.588978,1.042488,2.853045
1986-09-19,0.000000,Test,-0.385107,-0.247214,-0.162394,-0.091487,-0.040732,-0.004089,0.051867,0.166262,0.478242,0.856568,2.388920
1986-09-20,0.000000,Test,-0.392891,-0.249906,-0.152321,-0.083037,-0.042398,0.008535,0.057684,0.172599,0.493098,0.866593,2.514420
1986-09-21,0.000000,Test,-0.382854,-0.245732,-0.152556,-0.084662,-0.043889,0.004271,0.042518,0.148091,0.431682,0.776456,2.323000
1986-09-22,0.000000,Test,-0.368397,-0.236725,-0.156763,-0.089976,-0.040988,-0.005402,0.031844,0.130673,0.382563,0.709987,2.114287
1986-09-23,0.000000,Test,-0.372416,-0.239227,-0.157394,-0.088399,-0.038858,-0.004422,0.040504,0.143859,0.419725,0.762064,2.210618
1986-09-24,0.000000,Test,-0.379418,-0.239322,-0.159562,-0.091653,-0.034104,-0.008463,0.063550,0.180622,0.502752,0.897345,2.460167
1986-09-25,0.000000,Test,-0.375612,-0.235144,-0.157399,-0.090968,-0.033889,-0.009606,0.062084,0.177612,0.495412,0.887687,2.437278
1986-09-26,0.000000,Test,-0.372530,-0.231975,-0.155222,-0.089924,-0.033711,-0.009937,0.060445,0.174647,0.488255,0.878024,2.416512
1986-09-27,0.000000,Test,-0.366885,-0.230285,-0.153877,-0.087730,-0.035618,-0.011268,0.049473,0.156033,0.451652,0.818894,2.299475
1986-09-28,0.000000,Test,-0.362299,-0.227805,-0.152558,-0.087303,-0.037177,-0.013590,0.040894,0.142481,0.424053,0.776644,2.219024
1986-09-29,0.000000,Test,-0.360860,-0.224746,-0.147452,-0.084904,-0.039007,-0.011674,0.036659,0.137448,0.412394,0.755514,2.200105
1986-09-30,0.000000,Test,-0.356143,-0.222119,-0.148750,-0.087568,-0.039336,-0.018575,0.032173,0.130024,0.399636,0.741735,2.159137
1986-10-01,0.000000,Training,-0.347658,-0.217215,-0.148153,-0.088382,-0.042435,-0.023426,0.016594,0.105322,0.346340,0.662434,2.002183
1986-10-02,0.000000,Training,-0.357388,-0.218682,-0.141166,-0.083650,-0.041377,-0.012988,0.033229,0.134060,0.406447,0.746689,2.208055
1986-10-03,0.000000,Training,-0.352057,-0.217961,-0.146728,-0.088341,-0.041161,-0.021332,0.029392,0.127257,0.394654,0.736173,2.153806
1986-10-04,0.000000,Training,-0.343919,-0.211705,-0.143429,-0.088377,-0.044336,-0.027108,0.015464,0.106450,0.352275,0.674089,2.031534
1986-10-05,0.000000,Training,-0.341078,-0.207108,-0.139696,-0.088178,-0.045639,-0.030664,0.014011,0.106460,0.353983,0.679293,2.045129
1986-10-06,0.000000,Training,-0.397111,-0.233613,-0.150405,-0.088386,-0.051483,-0.016182,0.047992,0.142188,0.471884,0.864272,2.689185
1986-10-07,0.000000,Training,-0.491698,-0.241530,-0.186281,-0.072242,-0.048238,0.081136,0.171357,0.338335,1.046974,1.626258,5.120346
1986-10-08,0.000000,Training,-0.463159,-0.255770,-0.043005,0.030258,0.133782,0.373743,0.515160,0.907536,2.010389,3.393118,8.878319
1986-10-09,0.000000,Training,-0.431617,-0.243769,-0.076096,0.001480,0.098306,0.250739,0.355647,0.644704,1.385041,2.288647,5.662323
1986-10-10,0.000000,Training,-0.407727,-0.231785,-0.103296,-0.037660,0.038456,0.132124,0.206354,0.405779,0.891692,1.473624,3.767414
1986-10-11,0.000000,Training,-0.527572,-0.258516,-0.183140,0.006164,0.075972,0.232867,0.389570,0.653122,1.734639,2.655854,7.733089
1986-10-12,0.000000,Training,-0.488626,-0.263008,-0.014767,0.128769,0.283950,0.591591,0.849578,1.390183,3.131922,5.260370,13.873835
1986-10-13,0.000000,Training,-0.517018,-0.257757,-0.044548,0.188873,0.393892,0.700227,1.048662,1.621106,3.876895,6.343576,17.111231
1986-10-14,0.000000,Training,-0.547738,-0.271823,-0.021995,0.338462,0.645474,1.106095,1.654084,2.614145,6.437740,10.676292,28.827976
1986-10-15,0.000000,Training,-0.440517,-0.132063,0.225118,0.550125,0.912430,1.470514,2.102886,3.186006,7.172571,11.986090,30.672203
1986-10-16,0.000000,Training,-0.386214,-0.097834,0.165248,0.359396,0.631372,0.967445,1.341511,2.034377,3.942175,6.347738,14.065447
1986-10-17,0.000000,Training,-0.419684,-0.182757,0.023565,0.186438,0.392990,0.623109,0.886018,1.361173,2.634751,4.166419,9.185377
1986-10-18,0.000000,Training,-0.438007,-0.227760,-0.050914,0.108263,0.293726,0.478653,0.712785,1.100527,2.157318,3.371028,7.463776
1986-10-19,0.000000,Training,-0.431797,-0.239579,-0.091306,0.057797,0.235399,0.373678,0.594162,0.914165,1.805835,2.820189,6.237769
1986-10-20,0.000000,Training,-0.428368,-0.249964,-0.107395,0.037350,0.197584,0.323094,0.521565,0.802162,1.610341,2.500063,5.603841
1986-10-21,0.000000,Training,-0.421736,-0.251957,-0.115439,0.024580,0.171481,0.286558,0.467739,0.719941,1.462174,2.262684,5.137565
1986-10-22,0.000000,Training,-0.412665,-0.241797,-0.108738,0.025447,0.172442,0.281570,0.464011,0.711035,1.436720,2.224108,5.058432
1986-10-23,0.000000,Training,-0.408771,-0.230863,-0.095761,0.039232,0.191945,0.310738,0.502402,0.764715,1.514266,2.333206,5.282909
1986-10-24,0.000000,Training,-0.434600,-0.259517,-0.100192,0.048120,0.187290,0.339263,0.531571,0.806747,1.640423,2.508095,5.926565
1986-10-25,0.000000,Training,-0.411241,-0.246594,-0.125464,0.002665,0.143748,0.244566,0.424081,0.660867,1.339709,2.103246,4.795182
1986-10-26,0.000000,Training,-0.391161,-0.225967,-0.123173,-0.024331,0.095983,0.171549,0.318790,0.516320,1.081428,1.737228,4.069402
1986-10-27,0.000000,Training,-0.392163,-0.230876,-0.131494,-0.026568,0.091491,0.167426,0.314777,0.507168,1.065314,1.708544,3.975308
1986-10-28,0.000000,Training,-0.398618,-0.239982,-0.140569,-0.028058,0.093825,0.173178,0.327980,0.525972,1.100812,1.759890,4.059315
1986-10-29,0.000000,Training,-0.407250,-0.248417,-0.149956,-0.031228,0.097386,0.178328,0.343192,0.547949,1.142470,1.822606,4.165191
1986-10-30,0.000000,Training,-0.396484,-0.238629,-0.145721,-0.040546,0.076372,0.144373,0.293609,0.477264,1.017138,1.639982,3.815152
1986-10-31,0.000000,Training,-0.392392,-0.233839,-0.146616,-0.045996,0.068755,0.132235,0.278804,0.459241,0.981054,1.590630,3.712135
1986-11-01,0.000000,Training,-0.381264,-0.218813,-0.132858,-0.046556,0.054366,0.113527,0.242982,0.411952,0.890333,1.454550,3.483768
1986-11-02,0.000000,Training,-0.369154,-0.208029,-0.129189,-0.051256,0.047277,0.090050,0.215105,0.371077,0.810975,1.345734,3.247649
1986-11-03,0.000000,Training,-0.351490,-0.189762,-0.116539,-0.052763,0.034558,0.068551,0.177736,0.322587,0.716520,1.209318,3.004155
1986-11-04,0.000000,Training,-0.352209,-0.186934,-0.117531,-0.050934,0.041159,0.074932,0.190315,0.338626,0.742044,1.246025,3.068640
1986-11-05,0.000000,Training,-0.352446,-0.183326,-0.117445,-0.048467,0.048118,0.081650,0.202486,0.353682,0.765153,1.278447,3.129195
1986-11-06,0.000000,Training,-0.353108,-0.184741,-0.117711,-0.048105,0.048551,0.083670,0.205194,0.356944,0.772038,1.287774,3.142797
1986-11-07,0.000000,Training,-0.359003,-0.192961,-0.121923,-0.047748,0.051175,0.091031,0.216824,0.373006,0.805144,1.334751,3.222710
1986-11-08,0.000000,Training,-0.367823,-0.195867,-0.128650,-0.043016,0.068865,0.112197,0.254925,0.423629,0.892050,1.457973,3.449925
1986-11-09,0.000000,Training,-0.383300,-0.204267,-0.123336,-0.031210,0.080875,0.146871,0.294477,0.481263,0.998177,1.598677,3.787674
1986-11-10,0.000000,Training,-0.421177,-0.236679,-0.129985,-0.025401,0.085968,0.176312,0.348566,0.546723,1.187681,1.901433,4.737634
1986-11-11,0.000000,Training,-0.501549,-0.178825,-0.088179,0.156205,0.240868,0.478859,0.725525,1.065468,2.922335,4.343800,12.143233
1986-11-12,0.000000,Training,-0.399181,-0.033522,0.275948,0.660096,1.300249,1.901223,2.825153,4.302596,9.121925,15.383492,34.380436
1986-11-13,0.000000,Training,-0.514455,-0.160888,0.151392,0.665860,1.250107,1.895113,2.903356,4.335612,10.648626,17.286507,43.329044
1986-11-14,0.000000,Training,-0.507531,0.052109,0.512383,1.865607,3.101397,4.758945,7.086845,11.594169,33.580322,51.502201,137.578934
1986-11-15,0.000000,Training,-0.038162,0.698618,1.285271,2.441305,4.332906,5.750598,8.448642,12.810577,24.677952,41.961483,89.891518
1986-11-16,0.000000,Training,-0.297176,0.137921,0.443908,0.912917,1.663179,2.181984,3.206959,4.632885,8.474206,13.510510,28.405869
1986-11-17,0.000000,Training,-0.413348,-0.112694,0.096092,0.386312,0.817600,1.101612,1.656554,2.390921,4.328874,6.677714,14.008655
1986-11-18,0.000000,Training,-0.449228,-0.212529,-0.046815,0.195503,0.518745,0.727458,1.133958,1.650176,3.028135,4.613693,9.681788
1986-11-19,0.000000,Training,-0.456318,-0.237220,-0.093897,0.144919,0.446186,0.630514,1.008345,1.476241,2.717468,4.116897,8.665172
1986-11-20,0.000000,Training,-0.462139,-0.255220,-0.122034,0.114926,0.402227,0.574994,0.933686,1.378737,2.545740,3.843990,8.098258
1986-11-21,0.000000,Training,-0.469113,-0.267372,-0.135899,0.105559,0.392297,0.565507,0.919388,1.366823,2.517809,3.787220,7.977377
1986-11-22,0.000000,Training,-0.483995,-0.298636,-0.143560,0.096825,0.369440,0.560403,0.891931,1.348859,2.491849,3.740784,7.887604
1986-11-23,0.000000,Training,-0.486160,-0.290129,-0.156236,0.106448,0.411730,0.592291,0.956491,1.439901,2.610533,3.900051,8.181131
1986-11-24,0.000000,Training,-0.491895,-0.294482,-0.158243,0.119552,0.443097,0.629871,1.008061,1.522743,2.721536,4.053155,8.481110
1986-11-25,0.000000,Training,-0.500679,-0.304941,-0.147763,0.136376,0.472153,0.672314,1.054565,1.598675,2.819724,4.187558,8.728992
1986-11-26,0.000000,Training,-0.505955,-0.301939,-0.124238,0.190970,0.573596,0.791941,1.209631,1.834593,3.124705,4.605177,9.569885
1986-11-27,0.000000,Training,-0.504317,-0.292293,-0.085074,0.261708,0.694538,0.932720,1.383724,2.096032,3.446259,5.036378,10.437794
1986-11-28,0.000000,Training,-0.499783,-0.280928,-0.061696,0.303029,0.766679,1.013071,1.484570,2.245969,3.629513,5.277978,10.929310
1986-11-29,0.000000,Training,-0.508258,-0.314079,-0.147859,0.158190,0.523017,0.726387,1.119334,1.726762,2.945256,4.347123,9.002837
1986-11-30,0.000000,Training,-0.505629,-0.319377,-0.187336,0.094885,0.419835,0.595765,0.959471,1.489524,2.626328,3.904866,8.132396
1986-12-01,0.000000,Training,-0.510132,-0.321409,-0.177862,0.118176,0.464234,0.648983,1.028035,1.594533,2.770808,4.104396,8.527443
1986-12-02,0.000000,Training,-0.508265,-0.330199,-0.198888,0.070693,0.375954,0.545225,0.887429,1.394017,2.485850,3.707546,7.708989
1986-12-03,0.000000,Training,-0.512074,-0.342735,-0.213419,0.048917,0.341846,0.499965,0.829627,1.317407,2.372670,3.558592,7.405187
1986-12-04,0.000000,Training,-0.510268,-0.337920,-0.214836,0.049079,0.343514,0.498161,0.832147,1.314650,2.370799,3.550708,7.391622
1986-12-05,0.000000,Training,-0.509281,-0.335215,-0.214578,0.048674,0.342455,0.495618,0.831118,1.307633,2.364235,3.537981,7.366837
1986-12-06,0.000000,Training,-0.509742,-0.331524,-0.208521,0.054680,0.345501,0.509780,0.844095,1.328212,2.404815,3.585672,7.518023
1986-12-07,0.000000,Training,-0.511036,-0.338013,-0.212512,0.048702,0.340871,0.496986,0.830148,1.306479,2.366837,3.540350,7.362934
1986-12-08,0.000000,Training,-0.577020,-0.385319,-0.236314,0.055316,0.346158,0.581499,0.975180,1.561367,3.209284,4.870900,11.042542
1986-12-09,0.000000,Training,-0.538151,-0.354407,-0.215698,0.081103,0.442176,0.675216,1.081592,1.813179,3.323565,5.159289,11.180935
1986-12-10,0.000000,Training,-0.530684,-0.343313,-0.220306,0.084953,0.454938,0.706595,1.101366,1.851622,3.350256,5.163189,10.869796
1986-12-11,0.000000,Training,-0.518100,-0.325068,-0.198070,0.115672,0.501368,0.729748,1.132580,1.841621,3.224982,4.854295,10.152296
1986-12-12,0.000000,Training,-0.510367,-0.322759,-0.202764,0.097195,0.460848,0.659963,1.045141,1.675258,2.939607,4.401767,9.186090
1986-12-13,0.000000,Training,-0.559974,-0.366212,-0.202728,0.115173,0.467315,0.733013,1.184644,1.892778,3.744531,5.703528,13.076985
1986-12-14,0.000000,Training,-0.568850,-0.372808,-0.147857,0.172002,0.552083,0.906389,1.349728,2.268934,4.341324,6.695645,15.236417
1986-12-15,0.000000,Training,-0.562401,-0.362773,-0.135098,0.196375,0.592071,0.959229,1.405740,2.350207,4.463867,6.860354,15.234001
1986-12-16,0.000000,Training,-0.541679,-0.343398,-0.168290,0.167256,0.576686,0.833008,1.274643,2.065014,3.726191,5.603598,11.785518
1986-12-17,0.000000,Training,-0.520337,-0.317546,-0.166008,0.199172,0.649654,0.908512,1.371827,2.205364,3.814116,5.688433,11.822353
1986-12-18,0.000000,Training,-0.513585,-0.301031,-0.131885,0.254376,0.740424,1.002894,1.492901,2.342766,3.959260,5.818789,12.028640
1986-12-19,0.000000,Training,-0.518392,-0.323669,-0.191044,0.165849,0.594721,0.852400,1.269239,2.039337,3.431641,5.047554,10.295879
1986-12-20,0.000000,Training,-0.511936,-0.307464,-0.153093,0.205414,0.640845,0.878834,1.326776,2.061633,3.519841,5.147858,10.624861
1986-12-21,0.000000,Training,-0.526631,-0.322686,-0.133834,0.215553,0.622989,0.901818,1.334004,2.081336,3.625226,5.272983,11.241689
1986-12-22,0.000000,Training,-0.524462,-0.331635,-0.162715,0.186406,0.605987,0.827110,1.260871,1.963566,3.381691,4.943821,10.203143
1986-12-23,0.000000,Training,-0.536056,-0.355754,-0.245315,0.099367,0.489012,0.733201,1.101483,1.823581,3.075990,4.485824,9.093171
1986-12-24,0.000000,Training,-0.537102,-0.346145,-0.229165,0.143949,0.564022,0.833618,1.216335,1.994779,3.302707,4.741264,9.507637
1986-12-25,0.000000,Training,-0.530978,-0.340433,-0.217697,0.154202,0.578864,0.843511,1.231541,2.006577,3.305777,4.754084,9.528488
1986-12-26,0.000000,Training,-0.513009,-0.316749,-0.161302,0.248730,0.734777,1.007343,1.440361,2.296143,3.671093,5.272516,10.525311
1986-12-27,0.000000,Training,-0.523199,-0.335601,-0.177177,0.191141,0.627982,0.831728,1.272092,1.984233,3.380621,4.914720,10.022463
1986-12-28,0.000000,Training,-0.522346,-0.337146,-0.182469,0.188332,0.626875,0.828128,1.269591,1.986033,3.377213,4.915324,10.045362
1986-12-29,0.000000,Training,-0.522245,-0.345754,-0.206532,0.165231,0.597162,0.810853,1.230024,1.965958,3.301292,4.817494,9.788909
1986-12-30,0.000000,Training,-0.528750,-0.350451,-0.215530,0.160331,0.592974,0.827433,1.230134,1.993953,3.298812,4.781324,9.649957
1986-12-31,0.000000,Training,-0.520283,-0.331413,-0.175733,0.229728,0.707674,0.961510,1.391982,2.228179,3.590809,5.159981,10.378630
1987-01-01,0.000000,Training,-0.532027,-0.359481,-0.232980,0.126705,0.536236,0.749593,1.143366,1.853332,3.134695,4.566361,9.256712
1987-01-02,0.000000,Training,-0.533509,-0.360262,-0.226659,0.100808,0.466408,0.646909,1.032320,1.644789,2.934349,4.290642,8.843192
1987-01-03,0.000000,Training,-0.517692,-0.365151,-0.273266,0.017544,0.325833,0.482912,0.808444,1.351797,2.459218,3.660800,7.530935
1987-01-04,0.000000,Training,-0.521328,-0.370402,-0.278142,0.017256,0.329606,0.492368,0.816990,1.374953,2.495243,3.707299,7.602094
1987-01-05,0.000000,Training,-0.521891,-0.367153,-0.268820,0.033503,0.357472,0.522134,0.859706,1.430819,2.594783,3.843772,7.883512
1987-01-06,0.000000,Training,-0.528820,-0.378199,-0.287918,0.011468,0.327022,0.499131,0.819985,1.390943,2.517365,3.727032,7.602140
1987-01-07,0.000000,Training,-0.525629,-0.366370,-0.260515,0.054221,0.393237,0.568871,0.919992,1.517311,2.737907,4.032647,8.276345
1987-01-08,0.000000,Training,-0.551636,-0.381303,-0.218039,0.103418,0.440492,0.681912,1.060336,1.721837,3.239904,4.760172,10.429909
1987-01-09,0.000000,Training,-0.671925,-0.447244,-0.264321,0.206960,0.631969,1.204951,1.833354,3.359772,9.044290,14.158484,36.699249
1987-01-10,0.000000,Training,-0.352015,0.115148,0.691181,2.094746,4.191249,6.179215,8.474666,14.951600,31.327854,50.850403,111.939194
1987-01-11,0.000000,Training,-0.461887,-0.125023,0.275582,1.178950,2.383704,3.640605,5.038077,8.677296,17.885958,27.980972,63.777027
1987-01-12,0.000000,Training,0.317543,1.792166,3.713847,7.898060,12.143459,18.482368,24.469231,40.568783,105.043678,159.304321,327.065857
1987-01-13,0.000000,Training,3.431588,7.527473,11.683957,25.102297,40.698162,52.526943,67.072708,100.063507,176.481354,277.671692,507.544647
1987-01-14,0.679988,Training,1.765470,3.818237,5.381409,11.443310,18.339918,23.769331,28.545870,43.175377,66.188103,93.539169,161.799362
1987-01-15,3.777712,Training,0.264674,1.432317,2.511849,5.484529,9.309821,12.846478,16.660631,26.208712,45.721180,66.364983,131.100067
1987-01-16,2.342182,Training,0.573632,1.722436,2.705611,5.503646,8.867303,11.410647,13.726185,20.599499,30.391937,42.210236,74.140343
1987-01-17,1.511085,Training,0.059416,0.782462,1.415768,3.024785,5.022442,6.518472,7.964526,11.979890,17.627960,24.351366,43.551350
1987-01-18,1.057759,Training,0.085287,0.775220,1.459234,2.958347,4.832803,6.109086,7.393296,10.865321,15.413558,20.949785,37.381737
1987-01-19,0.906651,Training,-0.110679,0.408235,0.928484,2.054613,3.487253,4.395422,5.431137,7.952934,11.425771,15.591624,28.265568
1987-01-20,0.679988,Training,-0.233687,0.195018,0.600021,1.525955,2.688748,3.422289,4.288788,6.316390,9.184372,12.526587,22.888420
1987-01-21,0.528880,Training,-0.286512,0.090963,0.452594,1.287887,2.336411,2.945702,3.754822,5.507428,8.094729,11.103328,20.397940
1987-01-22,0.377771,Training,-0.317377,0.033314,0.403264,1.185894,2.168629,2.738698,3.532997,5.174758,7.766250,10.693587,20.183567
1987-01-23,0.377771,Training,-0.369664,-0.037652,0.355417,1.081152,2.032098,2.481103,3.300072,4.747600,7.320706,10.042171,19.287825
1987-01-24,0.377771,Training,-0.374794,-0.054989,0.346401,1.063270,2.004173,2.413121,3.211332,4.606277,7.067748,9.659904,18.567692
1987-01-25,0.377771,Training,-0.348259,-0.016963,0.461879,1.210967,2.180798,2.648771,3.430255,4.909357,7.417358,10.003819,19.488779
1987-01-26,0.377771,Training,-0.393794,0.259291,1.384057,3.393384,6.011182,8.746840,12.517283,20.981630,57.604729,86.549355,199.668106
1987-01-27,0.528880,Training,5.177188,12.069235,19.537130,40.447338,64.393524,82.508896,105.455925,152.371063,291.711578,452.844238,816.354126
1987-01-28,7.177653,Training,8.812230,21.567947,31.662670,62.118412,92.843834,116.084686,147.519577,209.639694,386.929474,578.689880,1017.766602
1987-01-29,51.225778,Training,12.725945,24.690456,34.137619,63.565422,91.297958,107.841103,129.320908,173.364044,272.380432,401.087067,640.761353
1987-01-30,46.541414,Training,10.861898,17.436750,25.117931,42.733459,58.683220,67.755653,76.454407,100.290054,143.406631,196.906418,316.744690
1987-01-31,14.053089,Training,2.145065,4.373156,7.206888,12.951139,19.801861,23.658869,28.244606,39.702026,58.572430,81.626144,138.559204
1987-02-01,7.177653,Training,0.398306,1.475279,2.980036,5.462852,8.676777,11.259410,13.932808,20.561537,32.672691,45.952698,88.422997
1987-02-02,11.710908,Training,0.316414,1.520115,3.401752,6.619329,11.187163,14.516645,19.190168,28.605841,53.337063,77.701469,154.948517
1987-02-03,25.537335,Training,1.065464,2.605338,4.903347,9.641205,15.622452,20.312960,25.775269,38.905392,68.433426,101.487389,196.383286
1987-02-04,19.341887,Training,1.264846,2.809237,4.676068,8.778787,13.808521,16.445101,20.073639,28.378992,42.957069,60.267365,103.530052
1987-02-05,11.030920,Training,0.769477,1.899782,3.276621,6.002227,9.344674,11.039982,13.233457,18.436916,26.391167,35.810432,61.805672
1987-02-06,7.177653,Training,0.603930,1.532783,2.757419,4.954631,7.638252,8.856228,10.494363,14.304920,19.755161,26.130075,45.446865
1987-02-07,5.137689,Training,0.192769,0.898681,1.838855,3.461736,5.538297,6.464180,7.840953,10.744196,15.180836,20.027475,35.817341
1987-02-08,3.777712,Training,-0.035823,0.529993,1.276718,2.566836,4.243541,4.999509,6.171753,8.532526,12.277944,16.253193,29.533821
1987-02-09,3.022170,Training,-0.181080,0.263647,0.896677,1.976887,3.355886,4.241410,5.378451,7.648420,11.897489,16.132086,31.889261
1987-02-10,3.022170,Training,-0.298670,0.266165,1.004454,2.518189,4.687888,6.274209,8.549507,13.212076,25.752207,37.510845,78.003197
1987-02-11,49.639138,Training,1.079113,2.464337,4.841115,9.092765,14.266653,18.204596,22.117243,32.832970,55.378918,79.918304,156.078308
1987-02-12,24.404021,Training,0.888391,2.046808,3.650676,6.791234,10.452790,12.508705,14.839911,21.049164,31.246323,42.880672,77.319183
1987-02-13,12.466450,Training,0.834707,1.990365,3.974325,6.621429,9.827740,11.700275,13.466625,18.550659,26.397766,34.805618,64.744354
1987-02-14,8.386521,Training,0.286367,1.053163,2.209912,4.000215,6.280210,7.258364,8.671139,11.871796,16.772749,22.037144,40.324581
1987-02-15,6.119894,Training,-0.063493,0.478850,1.225549,2.505734,4.169119,4.891174,6.034513,8.415447,12.222804,16.180307,29.957661
1987-02-16,4.684363,Training,-0.381172,-0.019898,0.420704,1.258965,2.347548,2.905361,3.768579,5.478067,8.575432,11.566822,22.077257
1987-02-17,3.777712,Training,-0.525895,-0.266706,0.036883,0.625502,1.350330,1.803292,2.455389,3.720217,6.361387,8.785249,17.648924
1987-02-18,3.399941,Training,-0.526866,-0.302375,-0.111870,0.404903,1.001069,1.360164,1.908431,2.977263,5.138959,7.191563,14.182683
1987-02-19,3.022170,Training,-0.518878,-0.280527,-0.100763,0.463022,1.106375,1.499684,2.022097,3.165740,5.172276,7.041705,13.264808
1987-02-20,2.719953,Training,-0.547831,-0.330109,-0.139991,0.368380,0.926135,1.360925,1.845983,2.969258,5.122303,7.085840,14.123136
1987-02-21,7.177653,Training,-0.664187,-0.435463,-0.275511,0.223962,0.780725,1.287138,1.965989,3.429085,7.863233,11.952927,26.176323
1987-02-22,21.306297,Training,-0.582308,-0.322053,-0.074609,0.637940,1.556691,2.438347,3.353977,5.986901,12.507563,19.143986,39.218586
1987-02-23,19.341887,Training,-0.576414,-0.138986,0.239004,1.559804,3.250266,4.724622,7.157138,12.257937,32.919895,50.520809,116.100182
1987-02-24,39.288207,Training,0.482812,2.314982,4.344254,10.968973,19.788149,27.042627,37.228725,61.106285,130.520798,203.201950,404.874634
1987-02-25,121.415670,Training,1.307959,3.262831,5.801717,12.351268,20.381018,26.945332,34.188210,52.971779,96.071587,141.856537,272.458801
1987-02-26,36.568254,Training,0.854110,2.351035,3.886649,8.055264,13.249979,16.196335,20.417494,29.907438,48.801918,68.504097,121.730370
1987-02-27,15.715283,Training,0.521230,1.686101,3.225784,6.063124,9.626215,11.602574,14.100523,19.953476,30.449390,41.429417,73.126785
1987-02-28,9.670943,Training,0.023998,0.713411,1.826141,3.441504,5.609349,6.804149,8.313420,11.838602,17.988663,24.718193,45.116299
1987-03-01,6.648773,Training,-0.361819,0.042150,0.615873,1.538452,2.788715,3.488508,4.485661,6.540943,10.519402,14.661748,27.556850
1987-03-02,4.231038,Training,-0.490944,-0.199476,0.144365,0.776548,1.590134,2.059175,2.785151,4.156810,7.123768,10.118932,19.388102
1987-03-03,3.022170,Training,-0.522720,-0.263604,0.016746,0.559024,1.234502,1.624645,2.251334,3.390661,5.953082,8.524252,16.515606
1987-03-04,2.342182,Training,-0.540873,-0.307241,-0.099337,0.363086,0.904047,1.223019,1.751443,2.669900,4.851060,6.961179,13.532190
1987-03-05,2.039965,Training,-0.549555,-0.326812,-0.138243,0.296081,0.794297,1.082899,1.577989,2.413960,4.436687,6.378257,12.466263
1987-03-06,1.813302,Training,-0.552752,-0.328170,-0.163216,0.267517,0.749353,1.021604,1.509322,2.298768,4.241506,6.032548,11.778823
1987-03-07,1.511085,Training,-0.554536,-0.327609,-0.173887,0.261098,0.742253,1.003821,1.494641,2.271471,4.180109,5.901163,11.530771
1987-03-08,1.284422,Training,-0.553833,-0.345967,-0.216472,0.166906,0.569287,0.792997,1.219068,1.883107,3.572215,5.087198,10.037275
1987-03-09,1.284422,Training,-0.551512,-0.349360,-0.234001,0.132536,0.505495,0.710120,1.113643,1.730704,3.320018,4.728142,9.361809
1987-03-10,1.057759,Training,-0.560887,-0.364259,-0.241960,0.129037,0.505336,0.709858,1.113834,1.740293,3.336955,4.753271,9.442266
1987-03-11,1.057759,Training,-0.559949,-0.372761,-0.258261,0.090898,0.435524,0.622615,0.999087,1.577047,3.073373,4.402356,8.790931
1987-03-12,0.906651,Training,-0.558725,-0.376801,-0.261489,0.055847,0.339278,0.527935,0.880834,1.391536,2.884789,4.181954,8.845614
1987-03-13,0.906651,Training,-0.568137,-0.388052,-0.265165,0.055658,0.344154,0.550000,0.902464,1.466685,3.042001,4.432403,9.472737
1987-03-14,0.679988,Training,-0.559707,-0.378998,-0.276735,0.023007,0.309285,0.478962,0.809408,1.340578,2.775278,4.090880,8.387373
1987-03-15,0.679988,Training,-0.553574,-0.361273,-0.245779,0.048623,0.315027,0.497874,0.839093,1.339256,2.858582,4.241987,9.062960
1987-03-16,0.679988,Training,-0.501380,-0.310835,-0.233707,0.016363,0.243826,0.362085,0.637895,1.047789,2.158007,3.194276,6.598978
1987-03-17,0.679988,Training,-0.497130,-0.305251,-0.230639,0.018771,0.246925,0.366629,0.638528,1.045591,2.156963,3.187953,6.565933
1987-03-18,0.528880,Training,-0.504352,-0.314764,-0.241080,0.020431,0.255570,0.374673,0.654830,1.053641,2.164104,3.163647,6.468473
1987-03-19,0.528880,Training,-0.502550,-0.315064,-0.249015,0.018154,0.258103,0.367577,0.654094,1.043512,2.131786,3.107625,6.335117
1987-03-20,0.377771,Training,-0.502320,-0.317210,-0.256411,0.018682,0.265311,0.371610,0.666024,1.060819,2.156086,3.143794,6.398857
1987-03-21,0.377771,Training,-0.513576,-0.327603,-0.249750,0.034477,0.280864,0.416725,0.715019,1.144865,2.329504,3.391173,7.067668
1987-03-22,0.302217,Training,-0.526994,-0.345172,-0.272984,0.011820,0.267438,0.381466,0.684467,1.097050,2.250536,3.274581,6.686747
1987-03-23,0.226663,Training,-0.535283,-0.353625,-0.278413,0.011174,0.273397,0.391043,0.697855,1.119117,2.298509,3.342398,6.806774
1987-03-24,0.226663,Training,-0.559435,-0.377126,-0.274442,0.028809,0.290860,0.446407,0.770465,1.223436,2.583297,3.764110,7.974705
1987-03-25,0.302217,Training,-0.615616,-0.435241,-0.305732,0.011735,0.287967,0.496018,0.850618,1.397417,3.150020,4.711665,10.289397
1987-03-26,0.377771,Training,-0.622356,-0.437811,-0.313323,0.019343,0.343551,0.556852,0.928852,1.579699,3.462554,5.215183,10.877901
1987-03-27,0.377771,Training,-0.617891,-0.429547,-0.310823,0.042493,0.388420,0.595688,0.977784,1.622332,3.464976,5.108726,10.424090
1987-03-28,0.377771,Training,-0.616060,-0.420949,-0.301382,0.075370,0.444393,0.654765,1.053492,1.703196,3.512236,5.069972,10.294570
1987-03-29,0.302217,Training,-0.595377,-0.392134,-0.290295,0.115585,0.529092,0.710752,1.148296,1.787910,3.517721,5.014574,10.016329
1987-03-30,0.226663,Training,-0.604207,-0.386099,-0.260483,0.201316,0.692102,0.897595,1.391266,2.113129,3.993532,5.596073,11.046165
1987-03-31,0.151108,Training,-0.611194,-0.411924,-0.298357,0.099212,0.498489,0.674222,1.091409,1.686624,3.323485,4.709340,9.409874
1987-04-01,0.151108,Validation,-0.588611,-0.398606,-0.306931,0.037578,0.358984,0.503823,0.858756,1.351061,2.745551,3.938631,8.008751
1987-04-02,0.075554,Validation,-0.600045,-0.403564,-0.292888,0.083219,0.440308,0.622520,1.010561,1.574957,3.150934,4.487262,9.271564
1987-04-03,0.151108,Validation,-0.647812,-0.423187,-0.340856,0.012000,0.305463,0.566618,0.958986,1.652364,3.969962,6.064126,14.039824
1987-04-04,0.302217,Validation,-0.650659,-0.379182,-0.144588,0.587503,1.511694,2.322491,3.459168,5.965175,15.096513,23.619268,53.199516
1987-04-05,0.528880,Validation,-0.603900,-0.278406,-0.000691,0.793984,1.780195,2.624073,3.775814,6.250247,14.426767,21.816755,47.038986
1987-04-06,0.528880,Validation,-0.596818,-0.248564,0.026513,0.805336,1.716575,2.486861,3.535671,5.706733,12.311896,18.166250,38.673531
1987-04-07,1.813302,Validation,-0.631327,-0.178966,0.178587,1.428226,2.898597,4.311161,6.267255,10.377180,25.582249,37.010098,81.785553
1987-04-08,15.715283,Validation,-0.241381,0.939467,1.992697,5.990430,10.851951,15.566883,21.851761,36.573372,87.682472,125.830246,259.530518
1987-04-09,9.670943,Validation,0.593035,2.247029,3.404228,8.347531,14.257283,18.102150,23.084827,34.946209,62.361683,91.533928,159.220810
1987-04-10,5.137689,Validation,-0.058047,0.926005,1.505533,3.955634,6.832719,8.527559,11.096704,16.275162,28.434597,39.913887,71.847946
1987-04-11,3.022170,Validation,-0.248960,0.524038,1.061847,2.799308,4.814578,6.001554,7.693676,11.078781,18.391247,25.178726,45.810181
1987-04-12,2.039965,Validation,-0.478623,-0.017555,0.296206,1.255954,2.371991,2.990689,3.947741,5.695442,9.628063,13.133788,24.610504
1987-04-13,1.511085,Validation,-0.576879,-0.261362,-0.055734,0.548223,1.211264,1.589610,2.198042,3.206696,5.727028,7.944642,15.429548
1987-04-14,1.284422,Validation,-0.597389,-0.312064,-0.128599,0.425879,1.021605,1.340277,1.889696,2.755568,4.938404,6.861497,13.391117
1987-04-15,1.057759,Validation,-0.597889,-0.318589,-0.162113,0.384253,0.966094,1.250545,1.793571,2.609442,4.661337,6.442200,12.484549
1987-04-16,0.906651,Validation,-0.606363,-0.338436,-0.188362,0.330246,0.865599,1.147271,1.659758,2.442844,4.417601,6.125273,12.110178
1987-04-17,1.057759,Validation,-0.617887,-0.360817,-0.221763,0.278085,0.794833,1.030432,1.526011,2.243805,4.049532,5.656763,11.106849
1987-04-18,1.057759,Validation,-0.626298,-0.373700,-0.229864,0.265066,0.773954,1.000085,1.485440,2.182899,3.917863,5.488259,10.808928
1987-04-19,0.906651,Validation,-0.630356,-0.375952,-0.216990,0.296490,0.821807,1.046441,1.540462,2.244471,3.958922,5.536513,10.882014
1987-04-20,0.679988,Validation,-0.632230,-0.377132,-0.197706,0.327343,0.865553,1.083122,1.580705,2.288590,3.955595,5.524678,10.908728
1987-04-21,0.528880,Validation,-0.632332,-0.380346,-0.211953,0.299568,0.816969,1.025355,1.505803,2.197286,3.802888,5.325762,10.531487
1987-04-22,0.377771,Validation,-0.639787,-0.414530,-0.293733,0.130616,0.535198,0.704506,1.104555,1.647888,3.019668,4.290191,8.606338
1987-04-23,0.302217,Validation,-0.641160,-0.426507,-0.316256,0.053409,0.382308,0.545969,0.906100,1.364322,2.648437,3.810977,7.982845
1987-04-24,0.377771,Validation,-0.646707,-0.425160,-0.322236,0.052485,0.382800,0.563694,0.944557,1.447527,2.909946,4.215774,8.967226
1987-04-25,0.377771,Validation,-0.635951,-0.414465,-0.327448,0.026185,0.338411,0.491426,0.835388,1.329799,2.639842,3.898054,8.093966
1987-04-26,0.377771,Validation,-0.629754,-0.414304,-0.326426,-0.002193,0.264931,0.406400,0.709509,1.142686,2.331271,3.493425,7.283004
1987-04-27,0.302217,Validation,-0.612795,-0.387756,-0.304172,0.009115,0.259769,0.400214,0.691505,1.113789,2.263442,3.380065,7.131410
1987-04-28,0.302217,Validation,-0.591756,-0.364871,-0.298659,0.012203,0.265675,0.374612,0.668665,1.047837,2.083210,3.075854,6.416829
1987-04-29,0.226663,Validation,-0.589994,-0.363729,-0.296536,0.011388,0.260322,0.363475,0.652508,1.011019,1.991485,2.936291,6.124503
1987-04-30,0.226663,Validation,-0.592785,-0.373532,-0.296423,-0.000877,0.226147,0.324437,0.593154,0.917751,1.812571,2.694921,5.661151
1987-05-01,0.226663,Validation,-0.589495,-0.369166,-0.295873,-0.000946,0.223209,0.317371,0.584192,0.901687,1.771353,2.630412,5.525712
1987-05-02,0.226663,Validation,-0.586513,-0.365537,-0.294410,-0.002079,0.217530,0.308303,0.571453,0.879416,1.721643,2.558007,5.379956
1987-05-03,0.151108,Validation,-0.583917,-0.375287,-0.285029,-0.004965,0.198824,0.290399,0.536439,0.818745,1.611547,2.409534,5.104680
1987-05-04,0.151108,Validation,-0.586531,-0.377099,-0.284363,-0.001677,0.205982,0.299487,0.548022,0.832736,1.627349,2.431659,5.140806
1987-05-05,0.151108,Validation,-0.577702,-0.353869,-0.286010,-0.006556,0.195440,0.279186,0.526548,0.810658,1.574195,2.356290,4.992560
1987-05-06,0.075554,Validation,-0.565953,-0.342050,-0.278162,-0.011052,0.174757,0.252800,0.485624,0.749651,1.458718,2.194200,4.686623
1987-05-07,0.075554,Validation,-0.554024,-0.332868,-0.269128,-0.016514,0.150222,0.223862,0.438107,0.681535,1.336619,2.027208,4.375651
1987-05-08,0.075554,Validation,-0.550333,-0.321990,-0.270366,-0.017319,0.148469,0.219139,0.433985,0.679974,1.328411,2.016382,4.354942
1987-05-09,0.075554,Validation,-0.548845,-0.314648,-0.270827,-0.011574,0.161909,0.232282,0.455762,0.710501,1.376431,2.078065,4.467409
1987-05-10,0.075554,Validation,-0.549626,-0.313076,-0.266188,-0.011102,0.153077,0.228970,0.444016,0.694554,1.342514,2.030226,4.404399
1987-05-11,0.075554,Validation,-0.557519,-0.325027,-0.269674,-0.013558,0.152328,0.227280,0.443005,0.687757,1.328050,2.017269,4.349243
1987-05-12,0.000000,Validation,-0.549230,-0.319822,-0.262725,-0.017375,0.133794,0.204358,0.404940,0.634217,1.234033,1.887964,4.102064
1987-05-13,0.000000,Validation,-0.527112,-0.287951,-0.251395,-0.015608,0.125085,0.182611,0.374295,0.594298,1.157048,1.776708,3.895815
1987-05-14,0.000000,Validation,-0.521718,-0.278692,-0.249283,-0.012323,0.129839,0.184868,0.379130,0.602016,1.167183,1.787170,3.922342
1987-05-15,0.000000,Validation,-0.518492,-0.273568,-0.246121,-0.012128,0.126029,0.179977,0.370475,0.589983,1.143090,1.754450,3.868148
1987-05-16,0.000000,Validation,-0.525169,-0.275794,-0.242924,-0.011514,0.113898,0.178231,0.363517,0.581348,1.142510,1.757651,3.991110
1987-05-17,0.000000,Validation,-0.511754,-0.261087,-0.241646,-0.010681,0.121215,0.173261,0.360497,0.584256,1.134952,1.747763,3.896614
1987-05-18,0.000000,Validation,-0.511891,-0.261203,-0.239502,-0.014034,0.107825,0.160802,0.337665,0.553376,1.079721,1.672541,3.756877
1987-05-19,0.000000,Validation,-0.530166,-0.289037,-0.245965,-0.023435,0.082041,0.142475,0.305747,0.508677,1.021350,1.608010,3.629272
1987-05-20,0.000000,Validation,-0.518845,-0.293760,-0.236532,-0.023500,0.071397,0.130670,0.281924,0.466982,0.956842,1.511286,3.441430
1987-05-21,0.000000,Validation,-0.509115,-0.290810,-0.231857,-0.024607,0.062961,0.119943,0.263681,0.439551,0.914497,1.450786,3.332283
1987-05-22,0.000000,Validation,-0.528224,-0.278746,-0.241456,-0.020882,0.077681,0.139201,0.298983,0.495097,0.976612,1.535249,3.530705
1987-05-23,0.000000,Validation,-0.526091,-0.277191,-0.243190,-0.019274,0.088345,0.144731,0.312105,0.509320,0.993559,1.555597,3.524800
1987-05-24,0.000000,Validation,-0.513668,-0.261396,-0.238285,-0.019672,0.085841,0.135264,0.299145,0.492142,0.960219,1.509468,3.441098
1987-05-25,0.000000,Validation,-0.520002,-0.271260,-0.240670,-0.021784,0.076804,0.129415,0.287834,0.475579,0.937341,1.482012,3.381583
1987-05-26,0.000000,Validation,-0.526494,-0.281551,-0.240482,-0.019728,0.079226,0.136171,0.294577,0.481032,0.943761,1.488405,3.380295
1987-05-27,0.000000,Validation,-0.525145,-0.287075,-0.238453,-0.019521,0.076825,0.134626,0.290143,0.471826,0.934011,1.474266,3.348459
1987-05-28,0.000000,Validation,-0.508899,-0.302539,-0.228944,-0.017414,0.074757,0.138106,0.285280,0.457803,0.943175,1.484197,3.368815
1987-05-29,0.000000,Validation,-0.477502,-0.312787,-0.220213,-0.025348,0.062638,0.131846,0.255970,0.415670,0.890934,1.410887,3.224873
1987-05-30,0.000000,Validation,-0.458915,-0.312525,-0.220944,-0.039237,0.059501,0.129030,0.239168,0.391125,0.806822,1.291509,2.980316
1987-05-31,0.000000,Validation,-0.459771,-0.310237,-0.218629,-0.034171,0.063651,0.131943,0.244257,0.394958,0.820092,1.302442,2.991702
1987-06-01,0.000000,Validation,-0.444805,-0.298840,-0.213963,-0.039273,0.055875,0.119248,0.222024,0.362803,0.746533,1.197901,2.789078
1987-06-02,0.000000,Validation,-0.436366,-0.290043,-0.208598,-0.040001,0.047359,0.107373,0.202759,0.337202,0.705773,1.139904,2.688381
1987-06-03,0.000000,Test,-0.438281,-0.282316,-0.202837,-0.032498,0.043566,0.100905,0.197096,0.329644,0.712940,1.149117,2.717334
1987-06-04,0.000000,Test,-0.426873,-0.263403,-0.192006,-0.031732,0.029811,0.079843,0.166537,0.289570,0.645964,1.056340,2.560613
1987-06-05,0.000000,Test,-0.411310,-0.258979,-0.188450,-0.040218,0.019696,0.068570,0.141416,0.257381,0.581170,0.965189,2.396785
1987-06-06,0.000000,Test,-0.398064,-0.250097,-0.184278,-0.046311,0.010113,0.055310,0.117407,0.226591,0.518948,0.878209,2.243355
1987-06-07,0.000000,Test,-0.394307,-0.239726,-0.177929,-0.042363,0.003219,0.043906,0.102747,0.206625,0.497172,0.848279,2.203075
1987-06-08,0.000000,Test,-0.428584,-0.191495,-0.179315,-0.031106,-0.000775,0.023117,0.097897,0.205586,0.462746,0.814407,2.171619
1987-06-09,0.000000,Test,-0.434911,-0.179139,-0.182765,-0.029982,0.003092,0.024932,0.104235,0.217288,0.468469,0.826447,2.197813
1987-06-10,0.000000,Test,-0.421653,-0.172825,-0.172101,-0.031002,-0.008522,0.010849,0.076922,0.179906,0.412281,0.745189,2.066682
1987-06-11,0.000000,Test,-0.418201,-0.186224,-0.163298,-0.027815,-0.012238,0.017572,0.075036,0.175668,0.420718,0.748968,2.106318
1987-06-12,0.000000,Test,-0.411881,-0.186358,-0.164702,-0.030945,-0.012054,0.011854,0.071042,0.169983,0.414575,0.744263,2.073178
1987-06-13,0.000000,Test,-0.422043,-0.192638,-0.161940,-0.030116,-0.020651,0.012876,0.067581,0.163639,0.414033,0.740109,2.144017
1987-06-14,0.000000,Test,-0.413899,-0.156812,-0.165754,-0.034755,-0.022455,-0.007300,0.048183,0.146022,0.355549,0.673344,1.970673
1987-06-15,0.000000,Test,-0.406988,-0.156509,-0.160670,-0.035170,-0.026438,-0.012686,0.037062,0.128650,0.332257,0.638629,1.913240
1987-06-16,0.000000,Test,-0.394978,-0.195525,-0.157416,-0.033674,-0.018969,0.007056,0.055810,0.146891,0.396349,0.717260,2.041961
1987-06-17,0.000000,Test,-0.384045,-0.221179,-0.162753,-0.043215,-0.017469,0.018268,0.060841,0.154374,0.417833,0.743282,2.069426
1987-06-18,0.000000,Test,-0.387367,-0.232273,-0.167952,-0.046354,-0.014104,0.028507,0.071111,0.169477,0.439024,0.769946,2.115664
1987-06-19,0.000000,Test,-0.396409,-0.225565,-0.169448,-0.039658,-0.009945,0.026394,0.080785,0.179211,0.460542,0.801412,2.164428
1987-06-20,0.000000,Test,-0.384678,-0.232858,-0.172756,-0.049701,-0.012682,0.026203,0.071703,0.167615,0.431701,0.759339,2.075870
1987-06-21,0.000000,Test,-0.381396,-0.233956,-0.174854,-0.053804,-0.013150,0.025189,0.068979,0.164035,0.418257,0.741109,2.036423
1987-06-22,0.000000,Test,-0.380920,-0.234991,-0.176990,-0.055296,-0.012783,0.025233,0.069503,0.164310,0.415946,0.738261,2.025095
1987-06-23,0.000000,Test,-0.385814,-0.234067,-0.175996,-0.050299,-0.012288,0.025217,0.073007,0.168221,0.433866,0.762519,2.072021
1987-06-24,0.000000,Test,-0.383867,-0.235450,-0.177707,-0.053410,-0.013222,0.024633,0.071061,0.165799,0.425420,0.751157,2.047979
1987-06-25,0.000000,Test,-0.383939,-0.238210,-0.175863,-0.054354,-0.014339,0.030807,0.072331,0.168936,0.422065,0.744072,2.065385
1987-06-26,0.000000,Test,-0.376447,-0.233999,-0.180495,-0.061901,-0.015465,0.021330,0.065055,0.157704,0.391882,0.707193,1.958932
1987-06-27,0.000000,Test,-0.369630,-0.228538,-0.183234,-0.067591,-0.014792,0.018569,0.064078,0.154930,0.364580,0.672869,1.882145
1987-06-28,0.000000,Test,-0.368871,-0.226433,-0.176179,-0.062622,-0.020750,0.013732,0.051192,0.138990,0.359095,0.660830,1.883381
1987-06-29,0.000000,Test,-0.364974,-0.222079,-0.173593,-0.063087,-0.025252,0.004783,0.039865,0.122878,0.340338,0.636269,1.841126
1987-06-30,0.000000,Test,-0.369107,-0.225703,-0.171230,-0.063503,-0.029694,0.006915,0.039013,0.120915,0.337873,0.632939,1.900195
1987-07-01,0.000000,Test,-0.365249,-0.221434,-0.170023,-0.065085,-0.028716,0.008393,0.039161,0.123187,0.328985,0.621082,1.851722
1987-07-02,0.000000,Test,-0.353576,-0.210570,-0.168513,-0.070830,-0.033296,-0.003243,0.024153,0.104036,0.284543,0.561569,1.724101
1987-07-03,0.000000,Test,-0.344611,-0.203302,-0.168862,-0.074784,-0.036800,-0.015330,0.011151,0.084739,0.250433,0.517131,1.630509
1987-07-04,0.000000,Test,-0.350624,-0.204499,-0.156829,-0.065131,-0.044012,-0.016122,0.000003,0.071424,0.258925,0.522181,1.698967
1987-07-05,0.000000,Test,-0.355363,-0.198537,-0.154432,-0.058791,-0.044644,-0.022875,-0.000447,0.070016,0.274879,0.545989,1.727399
1987-07-06,0.000000,Test,-0.347085,-0.201513,-0.158534,-0.068995,-0.046979,-0.025041,-0.007817,0.061315,0.245488,0.506405,1.647626
1987-07-07,0.000000,Test,-0.338723,-0.197367,-0.164870,-0.077922,-0.045302,-0.026219,-0.006339,0.062075,0.216650,0.470592,1.564425
1987-07-08,0.000000,Test,-0.337084,-0.196619,-0.167302,-0.079689,-0.044813,-0.028199,-0.006330,0.061074,0.211594,0.465298,1.546031
1987-07-09,0.000000,Test,-0.373950,-0.215710,-0.166474,-0.065609,-0.047257,-0.018755,0.007487,0.074016,0.296930,0.574835,1.872879
1987-07-10,0.000000,Test,-0.355793,-0.209545,-0.157363,-0.071531,-0.052737,-0.019425,-0.004742,0.067081,0.255354,0.522779,1.730296
1987-07-11,0.000000,Test,-0.346117,-0.202449,-0.162841,-0.080522,-0.049199,-0.022224,-0.004494,0.067387,0.226117,0.485822,1.621836
1987-07-12,0.000000,Test,-0.359193,-0.214205,-0.162103,-0.072414,-0.048323,-0.016497,0.001458,0.074079,0.264666,0.533752,1.749247
1987-07-13,0.000000,Test,-0.348895,-0.207574,-0.166112,-0.078035,-0.047417,-0.024251,-0.004243,0.066350,0.240152,0.503140,1.636783
1987-07-14,0.000000,Test,-0.349964,-0.208546,-0.165865,-0.077557,-0.048307,-0.025670,-0.006219,0.064086,0.242648,0.505468,1.642681
1987-07-15,0.000000,Test,-0.358859,-0.210574,-0.164202,-0.070034,-0.048594,-0.026741,-0.003056,0.067737,0.273233,0.546226,1.723101
1987-07-16,0.000000,Test,-0.361627,-0.210305,-0.163770,-0.068706,-0.049044,-0.027541,-0.001753,0.069255,0.280428,0.556437,1.745173
1987-07-17,0.000000,Test,-0.360198,-0.211283,-0.163950,-0.070746,-0.050170,-0.027410,-0.003695,0.067345,0.274452,0.547404,1.730858
1987-07-18,0.000000,Test,-0.363539,-0.211170,-0.164045,-0.069423,-0.050197,-0.028790,-0.001866,0.069338,0.283313,0.560903,1.756792
1987-07-19,0.000000,Test,-0.359843,-0.211500,-0.164473,-0.072362,-0.051864,-0.030438,-0.006333,0.063874,0.270597,0.543111,1.722956
1987-07-20,0.000000,Test,-0.355878,-0.212048,-0.165655,-0.076030,-0.052790,-0.031347,-0.009842,0.059620,0.256791,0.523988,1.684753
1987-07-21,0.000000,Test,-0.354740,-0.212725,-0.166757,-0.077780,-0.052964,-0.031689,-0.010528,0.058763,0.252578,0.518416,1.672168
1987-07-22,0.000000,Test,-0.364482,-0.212594,-0.165180,-0.071894,-0.052747,-0.032667,-0.004621,0.066195,0.281838,0.560011,1.757300
1987-07-23,0.000000,Test,-0.370997,-0.209789,-0.164476,-0.069745,-0.053481,-0.035894,-0.002146,0.069480,0.293418,0.579015,1.800607
1987-07-24,0.000000,Test,-0.372562,-0.209875,-0.164543,-0.070498,-0.054480,-0.037246,-0.002595,0.069358,0.294579,0.581502,1.809396
1987-07-25,0.000000,Test,-0.362533,-0.214676,-0.164214,-0.075308,-0.055980,-0.032330,-0.009145,0.062207,0.272092,0.544323,1.740077
1987-07-26,0.000000,Test,-0.351382,-0.214313,-0.169891,-0.084815,-0.054731,-0.033737,-0.013109,0.056015,0.236968,0.498494,1.633305
1987-07-27,0.000000,Test,-0.349825,-0.214296,-0.173128,-0.087280,-0.052776,-0.032569,-0.009724,0.059641,0.233455,0.495138,1.617809
1987-07-28,0.000000,Test,-0.351652,-0.215630,-0.170697,-0.085007,-0.056248,-0.036489,-0.015593,0.052737,0.238506,0.501012,1.638418
1987-07-29,0.000000,Test,-0.353118,-0.216315,-0.170037,-0.084593,-0.057494,-0.037800,-0.016731,0.051652,0.242321,0.505894,1.651652
1987-07-30,0.000000,Test,-0.350678,-0.215519,-0.170792,-0.086902,-0.057774,-0.038484,-0.017995,0.049877,0.233392,0.494019,1.628151
1987-07-31,0.000000,Test,-0.346080,-0.212587,-0.172027,-0.090016,-0.057758,-0.039913,-0.019442,0.047480,0.218022,0.473989,1.585823
1987-08-01,0.000000,Test,-0.344398,-0.211514,-0.173194,-0.091580,-0.057416,-0.040481,-0.019051,0.047556,0.212874,0.467744,1.570635
1987-08-02,0.000000,Test,-0.342589,-0.210002,-0.174254,-0.093094,-0.057180,-0.041321,-0.018768,0.047397,0.207239,0.460895,1.554495
1987-08-03,0.000000,Test,-0.345856,-0.213780,-0.172916,-0.091787,-0.058920,-0.041944,-0.021027,0.045520,0.216837,0.472671,1.584679
1987-08-04,0.000000,Test,-0.351948,-0.218243,-0.171246,-0.089451,-0.061024,-0.042326,-0.021570,0.046322,0.235182,0.496363,1.640773
1987-08-05,0.000000,Test,-0.358670,-0.221249,-0.170651,-0.087626,-0.062542,-0.043773,-0.019527,0.049946,0.256139,0.525677,1.704692
1987-08-06,0.000000,Test,-0.364603,-0.222794,-0.170389,-0.086572,-0.063432,-0.044785,-0.016260,0.055066,0.273998,0.551618,1.762082
1987-08-07,0.000000,Test,-0.372011,-0.224823,-0.167129,-0.083600,-0.064316,-0.039327,-0.010722,0.064479,0.294476,0.577200,1.839830
1987-08-08,0.000000,Test,-0.362046,-0.223908,-0.170375,-0.089479,-0.065078,-0.045653,-0.019504,0.051441,0.265326,0.539130,1.742175
1987-08-09,0.000000,Test,-0.356852,-0.223339,-0.171208,-0.092281,-0.064915,-0.045349,-0.022688,0.047056,0.248526,0.515140,1.692207
1987-08-10,0.000000,Test,-0.351227,-0.221657,-0.174187,-0.095614,-0.063794,-0.045162,-0.023364,0.045143,0.231099,0.491884,1.637956
1987-08-11,0.000000,Test,-0.349401,-0.220741,-0.175192,-0.096878,-0.063284,-0.045497,-0.023084,0.045013,0.226345,0.485760,1.622997
1987-08-12,0.000000,Test,-0.357277,-0.225993,-0.173577,-0.094106,-0.064798,-0.044943,-0.020920,0.049688,0.253525,0.521774,1.704138
1987-08-13,0.000000,Test,-0.360828,-0.227865,-0.173584,-0.093843,-0.065614,-0.046349,-0.019270,0.052394,0.266859,0.541054,1.744982
1987-08-14,0.000000,Test,-0.370981,-0.230697,-0.170283,-0.090176,-0.066285,-0.041593,-0.011065,0.065747,0.300532,0.586064,1.859541
1987-08-15,0.000000,Test,-0.367164,-0.230462,-0.173044,-0.093831,-0.066767,-0.047704,-0.014857,0.059605,0.290546,0.576095,1.823723
1987-08-16,0.000000,Test,-0.358959,-0.228291,-0.173020,-0.096255,-0.066615,-0.047009,-0.020770,0.051019,0.262642,0.535228,1.739067
1987-08-17,0.000000,Test,-0.347242,-0.221168,-0.176723,-0.100692,-0.063721,-0.046612,-0.021927,0.046761,0.224721,0.485006,1.623482
1987-08-18,0.000000,Test,-0.340569,-0.213001,-0.180618,-0.103781,-0.060423,-0.047121,-0.016863,0.050810,0.206184,0.463760,1.564821
1987-08-19,0.000000,Test,-0.341728,-0.215418,-0.179940,-0.102810,-0.060380,-0.046559,-0.017064,0.050859,0.213112,0.472364,1.584045
1987-08-20,0.000000,Test,-0.339453,-0.212521,-0.180450,-0.103610,-0.059676,-0.047315,-0.016084,0.051320,0.207618,0.466157,1.568402
1987-08-21,0.000000,Test,-0.340770,-0.215059,-0.178960,-0.102784,-0.060431,-0.047163,-0.017606,0.050048,0.213635,0.473137,1.587836
1987-08-22,0.000000,Test,-0.353409,-0.227749,-0.174766,-0.098896,-0.064486,-0.046753,-0.019217,0.052101,0.257143,0.528474,1.719566
1987-08-23,0.000000,Test,-0.359425,-0.230918,-0.173420,-0.097835,-0.065772,-0.047372,-0.015953,0.058000,0.281593,0.562684,1.795703
1987-08-24,0.000000,Test,-0.364248,-0.232306,-0.172168,-0.097443,-0.066482,-0.048274,-0.011968,0.064654,0.302647,0.593747,1.864695
1987-08-25,0.000000,Test,-0.359642,-0.230137,-0.170915,-0.098098,-0.066902,-0.048647,-0.016226,0.058519,0.286293,0.569901,1.817912
1987-08-26,0.000000,Test,-0.354135,-0.227192,-0.170023,-0.099253,-0.067215,-0.049528,-0.021149,0.051453,0.265636,0.540588,1.759032
1987-08-27,0.000000,Test,-0.355463,-0.228278,-0.169933,-0.099181,-0.067065,-0.049293,-0.019388,0.054334,0.273494,0.551982,1.782781
1987-08-28,0.000000,Test,-0.438707,-0.241067,-0.186056,-0.089513,-0.060184,-0.016485,0.051036,0.136913,0.500420,0.871636,2.763071
1987-08-29,0.000000,Test,-0.442456,-0.287392,-0.164231,-0.105273,-0.085973,-0.002779,0.045188,0.167374,0.555281,1.002951,3.078154
1987-08-30,0.000000,Test,-0.458798,-0.299162,-0.162802,-0.095644,-0.069352,0.024664,0.077512,0.217793,0.671366,1.181688,3.539191
1987-08-31,0.000000,Test,-0.424976,-0.274672,-0.167211,-0.093298,-0.058984,0.007127,0.055036,0.183583,0.549105,0.968692,2.776709
1987-09-01,0.000000,Test,-0.404978,-0.262009,-0.167557,-0.091628,-0.051864,0.002182,0.044427,0.158544,0.479856,0.851190,2.456699
1987-09-02,0.000000,Test,-0.383224,-0.251307,-0.174441,-0.095918,-0.049212,-0.012650,0.028007,0.124897,0.396187,0.727752,2.131288
1987-09-03,0.000000,Test,-0.375933,-0.247057,-0.175248,-0.096030,-0.047454,-0.014839,0.025320,0.117771,0.373219,0.692487,2.046720
1987-09-04,0.000000,Test,-0.377105,-0.247952,-0.175301,-0.095226,-0.047601,-0.016581,0.027667,0.120920,0.387507,0.711993,2.083594
1987-09-05,0.000000,Test,-0.367639,-0.241447,-0.175293,-0.096172,-0.047104,-0.018886,0.021075,0.108777,0.348948,0.657849,1.967693
1987-09-06,0.000000,Test,-0.354079,-0.227672,-0.178041,-0.098805,-0.043859,-0.021725,0.019573,0.101099,0.297430,0.591241,1.814268
1987-09-07,0.000000,Test,-0.353088,-0.227587,-0.177334,-0.098480,-0.044471,-0.023332,0.017478,0.098241,0.296037,0.589175,1.811838
1987-09-08,0.000000,Test,-0.349964,-0.224506,-0.177155,-0.098790,-0.044761,-0.025594,0.015508,0.094652,0.286136,0.576522,1.784823
1987-09-09,0.000000,Test,-0.349247,-0.224524,-0.175483,-0.098397,-0.046019,-0.027242,0.012342,0.090852,0.285020,0.574406,1.785294
1987-09-10,0.000000,Test,-0.353385,-0.229615,-0.172302,-0.097064,-0.048828,-0.028305,0.009171,0.089408,0.302754,0.596523,1.842456
1987-09-11,0.000000,Test,-0.351120,-0.227570,-0.171416,-0.097440,-0.049784,-0.030237,0.006408,0.085541,0.294689,0.585800,1.822402
1987-09-12,0.000000,Test,-0.345218,-0.221554,-0.171848,-0.098705,-0.049723,-0.032785,0.003558,0.079891,0.271982,0.556377,1.758880
1987-09-13,0.000000,Test,-0.341923,-0.218402,-0.171669,-0.099309,-0.050391,-0.035249,0.000850,0.075605,0.260491,0.541647,1.729226
1987-09-14,0.000000,Test,-0.345448,-0.223242,-0.169314,-0.098154,-0.052814,-0.035943,-0.001500,0.075034,0.277019,0.562682,1.783595
1987-09-15,0.000000,Test,-0.346842,-0.225278,-0.170096,-0.098017,-0.052853,-0.035292,-0.000005,0.077746,0.285067,0.574151,1.806571
1987-09-16,0.000000,Test,-0.343541,-0.221304,-0.164515,-0.097295,-0.055758,-0.040481,-0.007896,0.068444,0.274836,0.559430,1.785505
1987-09-17,0.000000,Test,-0.336928,-0.214861,-0.162621,-0.098399,-0.057179,-0.044200,-0.014713,0.058324,0.248219,0.522848,1.712998
1987-09-18,0.000000,Test,-0.334910,-0.212218,-0.158608,-0.098534,-0.059707,-0.047441,-0.020288,0.052390,0.241921,0.513117,1.701094
1987-09-19,0.000000,Test,-0.335151,-0.210779,-0.155910,-0.097368,-0.060196,-0.045205,-0.020234,0.053495,0.241853,0.510930,1.705078
1987-09-20,0.000000,Test,-0.342749,-0.215833,-0.154009,-0.097078,-0.061027,-0.045621,-0.013417,0.066964,0.284831,0.572388,1.831252
1987-09-21,0.000000,Test,-0.344118,-0.216163,-0.153506,-0.097410,-0.060635,-0.046192,-0.010010,0.072720,0.299054,0.594571,1.873364
1987-09-22,0.000000,Test,-0.345175,-0.215851,-0.152316,-0.097165,-0.060124,-0.045557,-0.006828,0.078241,0.310663,0.612411,1.909433
1987-09-23,0.000000,Test,-0.343950,-0.215151,-0.151819,-0.096933,-0.059878,-0.045037,-0.007545,0.077135,0.306981,0.606897,1.897419
1987-09-24,0.000000,Test,-0.350923,-0.216089,-0.145701,-0.092663,-0.059673,-0.035778,0.001241,0.092434,0.335562,0.643574,2.003543
1987-09-25,0.000000,Test,-0.441430,-0.211910,-0.175373,-0.085183,-0.058303,0.005321,0.071038,0.177182,0.579490,0.973878,3.112122
1987-09-26,0.000000,Test,-0.426215,-0.271184,-0.142480,-0.103680,-0.058149,0.036708,0.092429,0.268882,0.695921,1.259982,3.457615
1987-09-27,0.000000,Test,-0.415514,-0.259666,-0.138419,-0.089370,-0.035700,0.044594,0.100455,0.272423,0.690879,1.218079,3.313093
1987-09-28,0.000000,Test,-0.381356,-0.237954,-0.149431,-0.091793,-0.037781,0.004180,0.056260,0.182153,0.498230,0.888291,2.487353
1987-09-29,0.000000,Test,-0.371236,-0.229492,-0.142760,-0.085596,-0.039165,0.005217,0.042205,0.153987,0.432843,0.776870,2.282162
1987-09-30,0.000000,Test,-0.361843,-0.225658,-0.148042,-0.090008,-0.038578,-0.007961,0.034914,0.139220,0.406006,0.744504,2.173909
1987-10-01,0.000000,Training,-0.362538,-0.223127,-0.144739,-0.088361,-0.037024,-0.006851,0.042401,0.150664,0.431113,0.781782,2.252396
1987-10-02,0.000000,Training,-0.363561,-0.219395,-0.143523,-0.089880,-0.035279,-0.008375,0.054160,0.170536,0.470780,0.849412,2.383590
1987-10-03,0.000000,Training,-0.361790,-0.214446,-0.141854,-0.091292,-0.034041,-0.008900,0.058635,0.178523,0.482478,0.873002,2.428605
1987-10-04,0.000000,Training,-0.480136,-0.221851,-0.179415,-0.068647,-0.020025,0.067809,0.170589,0.329145,0.903119,1.473297,4.404812
1987-10-05,0.000000,Training,-0.454313,-0.262395,-0.096190,-0.047063,0.038840,0.197603,0.307035,0.604717,1.332343,2.299032,5.891227
1987-10-06,0.000000,Training,-0.423950,-0.235047,-0.086897,-0.030298,0.060383,0.182768,0.283680,0.543267,1.175610,1.978031,4.973860
1987-10-07,0.000000,Training,-0.402582,-0.226858,-0.110766,-0.052573,0.029197,0.107975,0.194867,0.390249,0.861262,1.436590,3.668619
1987-10-08,0.000000,Training,-0.400682,-0.228794,-0.109843,-0.050285,0.018905,0.099781,0.177016,0.350461,0.797823,1.321681,3.497779
1987-10-09,0.000000,Training,-0.493336,-0.268744,-0.164274,-0.037873,0.048893,0.161075,0.307381,0.522331,1.304383,2.161510,5.948915
1987-10-10,0.000000,Training,-0.428057,-0.222759,-0.084008,-0.011807,0.110065,0.231773,0.383974,0.687131,1.436451,2.447229,5.925971
1987-10-11,0.000000,Training,-0.403920,-0.200765,-0.070449,0.004208,0.125110,0.235798,0.372434,0.644388,1.324634,2.193482,5.255892
1987-10-12,0.000000,Training,-0.394728,-0.212345,-0.106428,-0.027848,0.083950,0.160107,0.284607,0.500239,1.047242,1.722584,4.141208
1987-10-13,0.000000,Training,-0.393009,-0.220538,-0.122773,-0.038049,0.072556,0.142473,0.267462,0.468575,0.994798,1.628202,3.908241
1987-10-14,0.000000,Training,-0.385089,-0.215824,-0.123448,-0.043870,0.060982,0.123018,0.241165,0.427203,0.917660,1.508347,3.651515
1987-10-15,0.000000,Training,-0.412856,-0.245532,-0.118660,-0.033120,0.043701,0.137701,0.245439,0.422206,0.969772,1.569794,4.096023
1987-10-16,0.000000,Training,-0.458277,-0.279815,-0.144020,-0.031710,0.056392,0.168674,0.317543,0.526121,1.268046,2.084533,5.512223
1987-10-17,0.000000,Training,-0.412372,-0.226556,-0.102880,-0.010805,0.114650,0.211320,0.370361,0.630463,1.325954,2.195977,5.188549
1987-10-18,0.000000,Training,-0.412062,-0.221993,-0.090505,0.002663,0.115345,0.233680,0.373113,0.623811,1.304466,2.100034,5.032697
1987-10-19,0.000000,Training,-0.556435,-0.284984,-0.180350,0.111904,0.231456,0.469234,0.740667,1.138162,3.059385,4.547820,12.858348
1987-10-20,0.000000,Training,-0.438366,-0.163191,0.081882,0.311722,0.648824,1.002691,1.482865,2.287831,4.777990,7.963789,17.964930
1987-10-21,0.000000,Training,-0.405821,-0.143573,0.050060,0.236406,0.518290,0.745442,1.115175,1.674820,3.293056,5.277701,11.589035
1987-10-22,0.000000,Training,-0.551185,-0.211732,-0.066027,0.341837,0.640343,0.975726,1.536435,2.306865,5.725799,9.021003,24.322550
1987-10-23,0.000000,Training,-0.425836,-0.127284,0.099456,0.353505,0.735899,1.064570,1.615131,2.454576,4.976987,8.279004,18.360931
1987-10-24,0.000000,Training,-0.468904,-0.188727,0.082371,0.369132,0.676229,1.053003,1.580749,2.318045,5.244071,8.496755,21.245775
1987-10-25,0.000000,Training,-0.535368,-0.223860,0.094511,0.618906,1.124159,1.749181,2.660084,4.075093,10.222307,16.920666,44.000965
1987-10-26,0.000000,Training,-0.459674,-0.015033,0.548972,1.583880,2.832017,4.277300,6.455736,10.245828,26.541187,45.128929,115.757446
1987-10-27,0.075554,Training,-0.116369,1.151951,2.683349,7.181696,12.662760,18.345261,27.385132,46.962593,118.875046,196.926773,476.193634
1987-10-28,0.075554,Training,0.096325,0.962643,1.818022,3.373453,5.834928,7.784304,11.160048,17.148130,32.398087,55.015007,115.020050
1987-10-29,0.075554,Training,-0.259162,0.205662,0.580089,1.072664,1.856144,2.462693,3.524812,5.086816,9.296125,14.764403,30.965841
1987-10-30,0.075554,Training,-0.453119,-0.149224,0.229205,0.627824,1.092502,1.636902,2.372790,3.450525,7.378734,11.568303,27.830957
1987-10-31,0.302217,Training,-0.463437,0.005072,0.738953,2.012969,3.669699,5.472862,8.104218,13.069878,33.113003,54.820557,139.764023
1987-11-01,0.604434,Training,0.141233,0.953078,2.346657,4.178493,6.934665,9.511902,12.641974,19.703671,36.260685,59.026226,125.661415
1987-11-02,0.755542,Training,1.332333,5.011336,10.531575,20.835407,33.670090,45.757084,64.195610,100.098228,218.246964,337.690460,778.724731
1987-11-03,931.810494,Training,27.348339,54.720314,81.123810,129.738739,169.425797,213.261307,251.086258,328.060913,597.439453,862.948364,1457.021362
1987-11-04,110.006980,Training,22.756380,35.921299,55.195892,87.336609,114.681206,136.710907,155.467590,198.481552,304.065186,439.028168,724.778931
1987-11-05,64.825542,Training,11.834126,18.339096,32.221947,47.932667,63.008656,75.986290,83.308052,108.575829,155.736389,216.575165,383.338684
1987-11-06,260.133263,Training,11.627988,25.356819,43.861084,71.156746,99.364815,122.627602,149.731201,198.024063,335.616058,472.567047,891.884766
1987-11-07,1025.119986,Training,33.801014,66.438858,92.428085,145.879166,185.291504,230.062012,266.953674,342.282104,600.368042,832.425415,1391.116577
1987-11-08,56.967900,Training,25.249609,36.452076,53.711662,80.367935,101.256058,117.708504,129.206772,161.187653,232.987869,321.697784,524.239807
1987-11-09,35.510495,Training,12.041301,18.031630,27.787958,40.181442,52.704697,57.438709,62.999317,76.583481,100.286667,133.882767,215.702072
1987-11-10,18.359681,Training,3.302830,5.860506,10.859142,15.638042,21.504410,24.652689,27.589144,35.742588,46.610920,62.285034,108.937332
1987-11-11,10.728703,Training,2.181426,4.020568,7.631184,10.755759,14.631379,16.357458,18.193300,23.056164,28.799189,36.855930,66.437187
1987-11-12,7.404316,Training,0.568993,1.554970,3.304251,4.998828,7.329447,8.541403,10.088763,13.539557,17.741556,23.346628,44.849968
1987-11-13,5.968785,Training,-0.074222,0.530021,1.437217,2.389356,3.779736,4.661644,5.835528,8.176198,11.458663,15.636585,31.803883
1987-11-14,4.684363,Training,-0.326426,0.075591,0.592892,1.186787,2.066032,2.605574,3.460346,4.921254,7.332027,10.367541,21.283743
1987-11-15,3.551049,Training,-0.426403,-0.116995,0.170823,0.606062,1.213637,1.568911,2.224885,3.193661,5.081617,7.375974,15.274816
1987-11-16,2.795507,Training,-0.441642,-0.147416,0.173318,0.606097,1.209954,1.571154,2.195530,3.167826,4.959466,7.156330,14.791460
1987-11-17,2.266627,Training,-0.454254,-0.175215,0.150934,0.568478,1.149863,1.501154,2.092597,3.030201,4.731886,6.830150,14.158387
1987-11-18,1.964410,Training,-0.478932,-0.235429,0.019221,0.380724,0.857770,1.147007,1.649411,2.427037,3.919341,5.729481,11.877649
1987-11-19,1.586639,Training,-0.490853,-0.270574,-0.062941,0.253491,0.651453,0.897418,1.334358,1.983333,3.327087,4.911312,10.198477
1987-11-20,1.359976,Training,-0.495722,-0.272685,-0.043339,0.291451,0.722502,0.983036,1.438233,2.144057,3.525304,5.175619,10.748329
1987-11-21,1.208868,Training,-0.502369,-0.289376,-0.095233,0.216132,0.605332,0.836413,1.260825,1.887089,3.190356,4.704180,9.798018
1987-11-22,1.057759,Training,-0.502393,-0.291668,-0.136591,0.161632,0.526732,0.728950,1.141548,1.701926,2.955024,4.370012,9.153035
1987-11-23,0.906651,Training,-0.488905,-0.282336,-0.151088,0.123215,0.444782,0.648330,1.024616,1.547723,2.743934,4.085659,8.716477
1987-11-24,0.831097,Training,-0.491005,-0.308315,-0.215952,0.040344,0.339205,0.526357,0.854660,1.353541,2.383569,3.610514,7.545040
1987-11-25,0.755542,Training,-0.490424,-0.309000,-0.214598,0.037188,0.325812,0.514298,0.835020,1.327032,2.361039,3.577717,7.526991
1987-11-26,0.679988,Training,-0.504863,-0.330834,-0.241063,0.019205,0.315474,0.486078,0.814904,1.299068,2.317966,3.513397,7.338381
1987-11-27,0.604434,Training,-0.490335,-0.328406,-0.258208,-0.032220,0.213737,0.354252,0.636462,1.045958,1.926318,2.960068,6.223257
1987-11-28,0.528880,Training,-0.495179,-0.336490,-0.269029,-0.041997,0.200028,0.341045,0.617491,1.028955,1.898965,2.917268,6.132436
1987-11-29,0.453325,Training,-0.488877,-0.330145,-0.251895,-0.014635,0.241692,0.377599,0.674939,1.099033,2.018413,3.096725,6.519669
1987-11-30,0.453325,Training,-0.551183,-0.370473,-0.256831,0.017861,0.290942,0.504010,0.879682,1.444918,2.980258,4.673059,10.846413
1987-12-01,0.453325,Training,-0.615678,-0.404095,-0.136087,0.270407,0.754552,1.318558,2.045477,3.495713,8.183715,13.605486,34.860832
1987-12-02,3.777712,Training,-0.125178,0.754538,1.958992,4.621430,7.214716,11.483502,15.299321,26.163492,73.218925,116.762466,259.166412
1987-12-03,188.507839,Training,9.205401,21.946808,33.278160,64.678612,92.107765,124.027321,156.161652,229.770035,455.441071,725.089355,1315.083252
1987-12-04,112.198053,Training,9.506939,16.527731,25.777658,46.894485,66.203346,82.895988,98.331726,136.846130,214.264771,326.295868,576.779785
1987-12-05,18.888561,Training,2.681519,5.463466,9.641795,17.087675,25.808340,33.966904,42.135239,63.036179,101.321655,154.037643,314.737244
1987-12-06,16.546379,Training,0.832844,2.318272,4.795124,8.312455,13.087701,17.779720,23.187729,35.377914,61.173195,94.887253,210.781357
1987-12-07,317.478934,Training,5.642416,14.819127,25.266895,47.981178,72.483635,93.469307,122.754364,183.304169,349.636566,542.495300,1070.606934
1987-12-08,1061.083806,Training,44.569813,79.676399,106.439888,164.452240,201.163452,236.688828,275.108917,339.541656,600.639648,902.021667,1320.845947
1987-12-09,159.268347,Training,26.696217,36.860039,48.847698,74.837891,95.949455,106.024651,115.118454,142.037659,195.021622,269.198425,394.872620
1987-12-10,48.656933,Training,14.657228,21.940178,35.048817,50.693073,65.979675,76.856430,85.731514,106.456299,152.115707,208.782822,359.685242
1987-12-11,95.651673,Training,43.963818,80.472069,113.867783,171.478836,205.706207,242.145233,278.429382,326.824982,601.865540,860.958435,1291.375488
1987-12-12,164.028264,Training,52.322044,91.590324,111.655708,169.181839,204.751022,248.547852,279.248383,348.571014,591.733887,813.200012,1252.311279
1987-12-13,222.658358,Training,46.291954,81.318298,97.041801,150.367813,185.977448,220.720322,250.486725,316.751801,506.577332,693.594543,1098.945679
1987-12-14,117.411296,Training,33.270805,45.622925,60.429630,88.370682,108.684975,124.305496,135.535324,166.898438,239.458969,321.557831,513.342590
1987-12-15,678.703776,Training,25.056244,40.785480,58.780075,87.334190,112.960892,133.054825,152.291733,188.901337,290.055206,390.205658,667.133606
1987-12-16,129.197758,Training,21.923830,30.117897,43.455940,60.190933,74.380951,85.620880,91.665344,112.524887,155.660156,204.336395,338.021454
1987-12-17,65.203313,Training,12.494869,17.776773,25.570166,34.422047,43.094341,47.198402,50.602882,60.262661,76.529007,96.716866,158.749329
1987-12-18,39.741532,Training,7.744648,11.553775,16.924971,22.443596,27.838440,30.319405,32.356354,38.258739,46.693825,56.678154,96.605843
1987-12-19,28.106179,Training,4.910581,7.702624,12.630355,16.783762,20.842333,23.500507,25.381399,30.279869,38.053341,45.815876,86.058022
1987-12-20,21.759622,Training,3.838631,6.145338,9.895744,13.629995,17.311356,18.992147,20.469650,24.550402,29.818668,35.833153,65.099419
1987-12-21,17.150813,Training,2.506323,4.300286,7.705499,10.769883,14.100351,16.052082,17.704603,21.777369,27.778191,34.197239,66.367950
1987-12-22,14.128644,Training,2.042931,3.545956,6.173095,8.857423,11.999476,12.955206,14.370717,17.597731,21.373669,26.460766,47.872913
1987-12-23,11.786462,Training,1.432076,2.645812,4.520220,6.844345,9.563737,10.456185,11.771948,14.779659,18.037601,22.659153,41.228729
1987-12-24,10.124269,Training,1.086158,2.069543,3.589131,5.583666,7.896761,8.698912,9.809319,12.462964,15.141099,19.016218,34.696953
1987-12-25,8.915401,Training,0.377121,1.070009,2.110274,3.513442,5.282321,6.039814,7.068998,9.398072,11.915607,15.329512,28.802402
1987-12-26,7.857641,Training,0.015888,0.560470,1.362735,2.417715,3.835179,4.469868,5.435503,7.367183,9.757234,12.741647,24.566908
1987-12-27,6.799882,Training,-0.258846,0.146745,0.688913,1.453936,2.506268,3.023519,3.855458,5.378817,7.549712,10.115293,19.941828
1987-12-28,6.119894,Training,-0.272997,0.112270,0.647056,1.388882,2.401294,2.879690,3.675648,5.128388,7.191877,9.623968,18.951744
1987-12-29,5.742123,Training,-0.352015,-0.019706,0.395178,1.041826,1.913970,2.328149,3.054824,4.362000,6.305443,8.591975,17.018103
1987-12-30,4.986580,Training,-0.430141,-0.158923,0.109863,0.641489,1.327240,1.676731,2.289131,3.383281,5.110080,7.137408,14.273174
1987-12-31,5.364351,Training,-0.505911,-0.260783,0.034012,0.504895,1.103489,1.513211,2.150984,3.222602,5.485119,7.828605,17.232481
1988-01-01,5.288797,Training,-0.506000,-0.282431,-0.077346,0.366266,0.928394,1.231708,1.770086,2.742502,4.460888,6.406780,13.248557
1988-01-02,4.684363,Training,-0.531469,-0.314508,-0.126553,0.271238,0.767698,1.050712,1.547492,2.418264,4.133556,5.986441,12.403055
1988-01-03,4.457700,Training,-0.541814,-0.337597,-0.149961,0.224754,0.685499,0.923007,1.389765,2.141023,3.681537,5.305429,10.834953
1988-01-04,3.928821,Training,-0.526026,-0.334753,-0.195592,0.172312,0.608684,0.824730,1.262694,1.981967,3.395315,4.927544,10.001971
1988-01-05,3.626604,Training,-0.551400,-0.351050,-0.119051,0.267198,0.727593,1.036039,1.526195,2.372964,4.194060,6.064415,13.198940
1988-01-06,3.626604,Training,-0.562123,-0.353355,-0.095216,0.325603,0.841545,1.220811,1.773112,2.829766,5.101634,7.498396,16.812603
1988-01-07,3.399941,Training,-0.557109,-0.372505,-0.218926,0.175114,0.648823,0.947449,1.396308,2.359697,4.126506,6.125136,12.631616
1988-01-08,3.022170,Training,-0.546773,-0.352403,-0.194864,0.225124,0.731078,1.040684,1.500526,2.491691,4.237880,6.186824,12.462709
1988-01-09,2.795507,Training,-0.536264,-0.355792,-0.225031,0.146146,0.578300,0.813197,1.230218,2.007841,3.498488,5.098675,10.234604
1988-01-10,2.795507,Training,-0.530764,-0.348234,-0.212165,0.162460,0.600084,0.817490,1.245991,1.997252,3.467758,5.029573,10.099872
1988-01-11,2.568844,Training,-0.531128,-0.353596,-0.224340,0.143529,0.565612,0.780802,1.193092,1.923811,3.341099,4.847793,9.729540
1988-01-12,2.342182,Training,-0.552894,-0.379172,-0.239874,0.112242,0.490551,0.777562,1.142512,1.918697,3.379390,4.887860,10.200663
1988-01-13,11.710908,Training,-0.672010,-0.404542,-0.174297,0.422688,1.037942,1.757258,2.675408,4.801970,12.791785,19.367310,49.783169
1988-01-14,22.590719,Training,-0.103986,0.990743,2.021651,5.788091,10.958986,15.457038,22.119505,37.605221,86.606049,138.445770,306.682831
1988-01-15,42.990365,Training,1.286610,3.460747,5.725223,13.016554,22.235247,29.480627,38.961418,60.371387,111.723007,174.839172,340.876221
1988-01-16,68.981025,Training,1.439014,3.539842,5.767901,12.478413,20.491724,27.180029,34.751076,53.566628,91.823509,138.290070,266.078003
1988-01-17,34.074964,Training,2.098897,4.416424,7.422773,14.295774,22.187061,28.612000,35.111248,52.450180,84.183174,122.782082,235.529709
1988-01-18,22.364056,Training,1.544612,3.355214,5.563673,10.144139,15.892725,19.047871,23.262600,33.156216,49.161171,69.513336,122.695068
1988-01-19,17.453030,Training,0.427567,1.540628,3.075099,5.883198,9.680495,12.555347,16.267263,24.037775,40.747978,59.126587,118.403542
1988-01-20,14.657523,Training,1.138997,2.470514,4.109784,7.451814,11.541627,13.928634,16.594902,23.502056,33.710682,46.765663,81.116730
1988-01-21,11.408691,Training,0.454278,1.363320,2.473858,4.606151,7.327094,8.847666,10.760330,15.228055,21.915312,30.098051,53.596889
1988-01-22,9.670943,Training,0.703456,1.687293,3.119044,5.313909,8.101357,9.318762,11.022526,14.801680,20.167278,26.522137,47.009701
1988-01-23,8.915401,Training,0.563480,1.398550,2.631694,4.517938,6.885285,7.845788,9.240360,12.251680,16.407019,21.292994,37.963787
1988-01-24,8.159858,Training,-0.009923,0.561045,1.416449,2.662139,4.298502,5.237826,6.374899,8.888095,12.776195,16.926262,32.138248
1988-01-25,7.782087,Training,-0.353976,0.006699,0.525585,1.294732,2.317981,3.002097,3.854481,5.664968,8.876820,12.254135,24.355747
1988-01-26,8.008750,Training,-0.433546,-0.114441,0.379769,1.110915,2.103794,2.798185,3.765440,5.596578,9.678363,13.690322,28.840405
1988-01-27,140.908665,Training,0.300894,1.903338,4.611681,9.784681,17.267048,23.249102,33.437950,53.661743,136.933563,214.060562,468.126495
1988-01-28,70.567664,Training,7.507161,12.083080,18.631981,32.285782,46.179173,54.634102,62.830296,84.446785,130.738800,185.592758,310.798431
1988-01-29,31.430566,Training,3.043817,5.568786,9.931166,16.312531,23.491282,28.288265,32.621689,44.395351,66.249847,90.488167,164.705688
1988-01-30,19.946320,Training,1.885072,3.660849,6.376417,10.264546,14.977439,16.887451,19.436935,25.669466,34.900150,46.233711,80.849045
1988-01-31,13.977535,Training,0.984990,2.046798,3.578061,6.029705,8.985237,10.150867,11.717868,15.587636,20.664904,27.145485,47.764545
1988-02-01,11.408691,Training,0.423584,1.225278,2.471815,4.259763,6.500315,7.652276,8.929723,12.095401,16.573292,21.538164,39.765175
1988-02-02,9.293172,Training,-0.088594,0.391652,0.986503,2.141818,3.605894,4.354746,5.303206,7.517021,10.584410,14.111416,25.677265
1988-02-03,7.857641,Training,-0.332444,0.016910,0.397188,1.228310,2.296484,2.856647,3.648969,5.339509,7.956121,10.821659,20.158119
1988-02-04,6.799882,Training,-0.452398,-0.147205,0.222200,0.901772,1.775007,2.303199,3.037969,4.497776,7.217576,9.863923,19.505016
1988-02-05,6.119894,Training,-0.516503,-0.269538,-0.014507,0.530757,1.205287,1.577819,2.186725,3.311795,5.558941,7.718144,15.190473
1988-02-06,5.515460,Training,-0.487735,-0.230606,0.064728,0.660610,1.398293,1.853118,2.506379,3.807556,6.301854,8.744680,17.703671
1988-02-07,4.986580,Training,-0.533084,-0.326410,-0.159624,0.327330,0.896710,1.216067,1.715345,2.706750,4.561080,6.400634,12.330419
1988-02-08,4.457700,Training,-0.528769,-0.310984,-0.122636,0.378726,0.985161,1.286353,1.839449,2.838639,4.844023,6.804221,13.245009
1988-02-09,3.928821,Training,-0.535857,-0.310162,-0.092111,0.421169,1.043428,1.338563,1.906315,2.881479,4.893589,6.779095,13.189144
1988-02-10,3.399941,Training,-0.513113,-0.281292,-0.061661,0.479126,1.138239,1.429270,2.020406,3.026470,5.011247,6.911890,13.414230
1988-02-11,3.022170,Training,-0.490513,-0.256157,-0.034290,0.530531,1.205290,1.529004,2.091779,3.147099,5.002199,6.838661,13.084855
1988-02-12,2.795507,Training,-0.497519,-0.259743,-0.026164,0.533532,1.215041,1.510662,2.108437,3.156514,5.115165,7.021805,13.704520
1988-02-13,2.795507,Training,-0.489393,-0.258409,-0.032176,0.531025,1.204459,1.511718,2.077011,3.148570,5.014864,6.886293,13.301269
1988-02-14,2.795507,Training,-0.548194,-0.338351,-0.130289,0.346434,0.913955,1.165869,1.690024,2.593670,4.442050,6.192109,12.230376
1988-02-15,3.853266,Training,-0.685256,-0.449465,-0.264774,0.233483,0.726488,1.270868,1.969537,3.538107,9.244447,13.861688,34.449566
1988-02-16,256.204442,Training,-0.389365,0.061141,0.667034,2.311125,4.652388,6.877405,9.529517,16.595926,37.209042,59.075977,130.775742
1988-02-17,61.425601,Training,-0.412490,0.001931,0.477756,1.709981,3.394428,4.915651,6.979100,11.738651,26.062040,40.467758,89.540298
1988-02-18,38.608219,Training,-0.381216,0.095442,0.539916,1.749518,3.398347,4.747439,6.546967,10.975730,21.558388,32.642677,67.020668
1988-02-19,20.550754,Training,-0.465451,-0.082253,0.267302,1.120572,2.274031,3.059116,4.240136,6.805421,12.661813,18.544321,36.804905
1988-02-20,14.657523,Training,-0.510328,-0.188120,0.142882,0.810401,1.656134,2.336196,3.183190,5.075022,9.382186,13.469916,27.568815
1988-02-21,11.408691,Training,-0.539336,-0.261366,0.042837,0.636687,1.367694,1.933192,2.662428,4.188264,7.764652,11.082245,22.815699
1988-02-22,9.293172,Training,-0.540836,-0.270851,0.011155,0.596799,1.308964,1.824539,2.525666,3.941428,7.230316,10.249516,20.891125
1988-02-23,7.857641,Training,-0.557729,-0.312942,-0.069494,0.461641,1.079967,1.532771,2.152651,3.385903,6.343244,9.026192,18.336330
1988-02-24,6.799882,Training,-0.544361,-0.292516,-0.061520,0.512486,1.209079,1.589978,2.250822,3.450164,6.170522,8.670522,16.785011
1988-02-25,6.119894,Training,-0.551791,-0.328572,-0.161942,0.324705,0.882721,1.180658,1.731549,2.666645,4.890027,6.880835,13.297126
1988-02-26,5.288797,Training,-0.545264,-0.341107,-0.211320,0.253180,0.762926,1.053856,1.530306,2.402117,4.279579,6.001115,11.358300
1988-02-27,4.457700,Training,-0.559528,-0.363368,-0.259226,0.172673,0.625553,0.907422,1.322195,2.121570,3.797958,5.261010,9.915975
1988-02-28,3.928821,Training,-0.560817,-0.365864,-0.261315,0.172349,0.626476,0.901820,1.314926,2.106111,3.754836,5.190702,9.777947
1988-02-29,3.626604,Training,-0.558825,-0.365831,-0.250685,0.186051,0.652670,0.914834,1.341456,2.132095,3.776080,5.249843,9.953160
1988-03-01,3.399941,Training,-0.548666,-0.345677,-0.197890,0.266877,0.786320,1.022675,1.525087,2.336651,4.173498,5.836097,11.297592
1988-03-02,3.173278,Training,-0.624034,-0.412041,-0.257271,0.199168,0.712853,1.074963,1.626411,2.649687,5.300161,7.673820,15.784463
1988-03-03,3.399941,Training,-0.578309,-0.315188,0.043760,0.785580,1.735211,2.543196,3.508996,5.907284,11.943814,18.004719,39.504532
1988-03-04,3.626604,Training,-0.524944,-0.196969,0.274087,1.287208,2.631484,3.702182,5.072809,8.334071,17.007811,25.467321,55.316509
1988-03-05,3.399941,Training,-0.554064,-0.246021,0.009800,0.834366,1.870788,2.664776,3.623550,6.153818,11.580225,17.004074,33.188721
1988-03-06,3.022170,Training,-0.565331,-0.305790,-0.095539,0.535275,1.311178,1.819900,2.550893,4.183089,7.778348,11.285770,21.977226
1988-03-07,2.568844,Training,-0.586286,-0.359048,-0.184877,0.305131,0.884059,1.204742,1.790752,2.837234,5.411890,7.755414,15.326594
1988-03-08,2.342182,Training,-0.595368,-0.386252,-0.225003,0.217064,0.718224,0.978240,1.489258,2.327422,4.465033,6.327557,12.495145
1988-03-09,2.342182,Training,-0.592382,-0.372474,-0.183714,0.306027,0.873967,1.146659,1.702308,2.591869,4.782773,6.675107,13.094798
1988-03-10,2.191073,Training,-0.597798,-0.388536,-0.189264,0.274835,0.787721,1.095920,1.632128,2.511242,4.816757,6.786832,14.059337
1988-03-11,1.964410,Training,-0.604581,-0.409472,-0.255372,0.167949,0.630258,0.859329,1.338570,2.099797,4.086649,5.812616,11.651713
1988-03-12,1.964410,Training,-0.599907,-0.414509,-0.281465,0.101293,0.502912,0.711143,1.136270,1.814169,3.631804,5.211498,10.456639
1988-03-13,1.813302,Training,-0.577971,-0.400479,-0.293119,0.048432,0.383527,0.550840,0.919913,1.477307,2.997073,4.314457,8.670149
1988-03-14,1.662193,Training,-0.578691,-0.400892,-0.292890,0.053576,0.395244,0.559097,0.931703,1.485577,2.987942,4.286711,8.596756
1988-03-15,1.662193,Training,-0.576871,-0.397022,-0.292544,0.062293,0.414021,0.574935,0.956131,1.515417,3.025476,4.330839,8.670845
1988-03-16,1.511085,Training,-0.585614,-0.409866,-0.297092,0.054670,0.401407,0.566026,0.937943,1.493621,2.991645,4.287368,8.594912
1988-03-17,1.359976,Training,-0.587862,-0.411827,-0.297860,0.056373,0.405629,0.570890,0.944045,1.500127,3.000351,4.297690,8.611371
1988-03-18,1.359976,Training,-0.593608,-0.419551,-0.297743,0.059342,0.412598,0.582000,0.956470,1.517204,3.030462,4.350195,8.729366
1988-03-19,1.359976,Training,-0.598846,-0.422736,-0.292719,0.076890,0.447494,0.624436,1.011803,1.597203,3.159962,4.529900,9.078897
1988-03-20,1.208868,Training,-0.605390,-0.424659,-0.281441,0.114154,0.521010,0.710571,1.122139,1.760553,3.410441,4.866136,9.712977
1988-03-21,1.057759,Training,-0.609412,-0.429519,-0.300504,0.054555,0.388531,0.584777,0.979858,1.543793,3.252134,4.716725,9.990908
1988-03-22,1.057759,Training,-0.597526,-0.417278,-0.311983,0.021822,0.342355,0.505068,0.866279,1.414740,2.944382,4.315738,8.863496
1988-03-23,1.057759,Training,-0.572517,-0.396905,-0.299582,-0.013484,0.246908,0.390479,0.691334,1.158327,2.474541,3.681685,7.615785
1988-03-24,0.982205,Training,-0.572324,-0.398686,-0.299112,-0.008549,0.256071,0.392646,0.695372,1.141770,2.405868,3.554683,7.294237
1988-03-25,0.831097,Training,-0.566887,-0.396131,-0.294985,-0.012170,0.243672,0.368716,0.662167,1.077415,2.257806,3.341220,6.868957
1988-03-26,0.755542,Training,-0.563987,-0.389538,-0.293764,-0.006880,0.252211,0.374035,0.671923,1.081300,2.250520,3.311831,6.777571
1988-03-27,0.604434,Training,-0.568250,-0.391456,-0.295469,-0.000650,0.267902,0.391967,0.698231,1.114406,2.304213,3.377771,6.888327
1988-03-28,0.604434,Training,-0.577921,-0.395713,-0.298201,0.017361,0.312642,0.445863,0.774390,1.220929,2.483603,3.605539,7.284219
1988-03-29,0.528880,Training,-0.545401,-0.364544,-0.284180,-0.008955,0.232639,0.339116,0.621241,0.996174,2.059836,3.026678,6.206503
1988-03-30,0.453325,Training,-0.535588,-0.346176,-0.278241,0.005820,0.258153,0.359004,0.653786,1.034222,2.108054,3.076986,6.271786
1988-03-31,0.453325,Training,-0.538038,-0.348011,-0.278965,0.006391,0.259635,0.360891,0.655755,1.034609,2.104987,3.070356,6.255110
1988-04-01,0.453325,Training,-0.540883,-0.350779,-0.279826,0.005353,0.257835,0.360113,0.652889,1.029770,2.094172,3.054801,6.226359
1988-04-02,0.377771,Training,-0.545017,-0.348702,-0.269720,0.026614,0.279770,0.403796,0.718193,1.116792,2.315816,3.396229,7.196980
1988-04-03,0.302217,Training,-0.536972,-0.345522,-0.274974,0.021215,0.276413,0.413998,0.720460,1.164578,2.382746,3.536036,7.516728
1988-04-04,0.302217,Training,-0.564718,-0.365371,-0.284544,0.013968,0.281533,0.419362,0.729046,1.187426,2.463369,3.631933,7.564973
1988-04-05,0.302217,Training,-0.567009,-0.365998,-0.289702,0.027020,0.313778,0.453586,0.778024,1.253214,2.578357,3.769314,7.754415
1988-04-06,0.302217,Training,-0.574562,-0.375697,-0.300432,0.028058,0.323987,0.455869,0.788121,1.251165,2.558265,3.704894,7.559257
1988-04-07,0.302217,Training,-0.577744,-0.376896,-0.301927,0.039083,0.348647,0.480779,0.825121,1.291960,2.608842,3.752003,7.631696
1988-04-08,0.302217,Training,-0.596395,-0.397117,-0.311033,0.042640,0.368655,0.506349,0.859847,1.335624,2.676016,3.829534,7.742714
1988-04-09,0.226663,Training,-0.560657,-0.363769,-0.297222,0.007958,0.270355,0.373721,0.676572,1.060343,2.170682,3.152489,6.477417
1988-04-10,0.151108,Training,-0.563399,-0.368108,-0.300793,0.001737,0.257002,0.360028,0.655918,1.030805,2.115330,3.075409,6.338040
1988-04-11,0.151108,Training,-0.571051,-0.374842,-0.296833,0.007510,0.256824,0.378741,0.671979,1.060041,2.183521,3.171120,6.679172
1988-04-12,0.151108,Training,-0.580843,-0.391957,-0.312332,-0.018128,0.222634,0.331318,0.611242,0.974621,2.025854,2.976900,6.238274
1988-04-13,0.151108,Training,-0.583256,-0.393747,-0.314203,-0.019431,0.223432,0.329518,0.609549,0.968560,2.009766,2.959762,6.184256
1988-04-14,0.151108,Training,-0.593655,-0.410693,-0.317004,-0.022630,0.213857,0.322513,0.594543,0.940406,1.961681,2.905166,6.097640
1988-04-15,0.151108,Training,-0.592696,-0.404311,-0.316018,-0.019137,0.224396,0.330031,0.608507,0.956079,1.971566,2.912705,6.098107
1988-04-16,0.151108,Training,-0.587448,-0.389401,-0.312671,-0.005447,0.250932,0.359280,0.650461,1.014406,2.058852,3.012243,6.260166
1988-04-17,0.151108,Training,-0.592315,-0.393075,-0.308768,-0.004201,0.244540,0.363332,0.654413,1.013952,2.072904,3.037299,6.463224
1988-04-18,0.151108,Training,-0.608130,-0.403651,-0.317046,-0.005582,0.246651,0.379099,0.688529,1.064128,2.232070,3.280021,7.100774
1988-04-19,0.151108,Training,-0.632869,-0.429900,-0.329823,-0.015419,0.240433,0.396903,0.707316,1.130548,2.407731,3.602416,7.857364
1988-04-20,0.151108,Training,-0.646210,-0.439885,-0.343480,-0.000410,0.298263,0.457996,0.787382,1.277312,2.645900,3.952471,8.241685
1988-04-21,0.151108,Training,-0.640330,-0.429300,-0.329162,0.012446,0.300792,0.475232,0.797515,1.297184,2.694135,4.013011,8.465722
1988-04-22,0.075554,Training,-0.626510,-0.411156,-0.317919,0.012490,0.284896,0.442823,0.754452,1.218790,2.515791,3.741433,7.904794
1988-04-23,0.075554,Training,-0.601002,-0.381613,-0.310180,0.013281,0.285432,0.404326,0.715209,1.126605,2.271315,3.345724,6.950174
1988-04-24,0.075554,Training,-0.598190,-0.379658,-0.305955,0.013739,0.273935,0.392733,0.692173,1.083457,2.169833,3.188046,6.641182
1988-04-25,0.000000,Training,-0.583391,-0.357887,-0.299570,0.030420,0.306694,0.410536,0.728037,1.120849,2.209952,3.225580,6.647603
1988-04-26,0.000000,Training,-0.578882,-0.352953,-0.296316,0.027372,0.295015,0.393366,0.703203,1.078007,2.115355,3.085956,6.375397
1988-04-27,0.000000,Training,-0.586153,-0.363238,-0.299681,0.018133,0.274460,0.375268,0.672789,1.031648,2.024970,2.961553,6.137972
1988-04-28,0.000000,Training,-0.586486,-0.362943,-0.300607,0.017287,0.272574,0.370970,0.667521,1.020835,1.999062,2.924310,6.056848
1988-04-29,0.000000,Training,-0.592131,-0.368723,-0.303065,0.017103,0.273336,0.374277,0.670293,1.021542,1.990052,2.909664,6.024020
1988-04-30,0.000000,Training,-0.574508,-0.349270,-0.295484,0.010006,0.246478,0.335050,0.616149,0.945783,1.852075,2.719663,5.670021
1988-05-01,0.000000,Training,-0.572739,-0.346682,-0.290847,0.007138,0.228918,0.322977,0.591110,0.913619,1.792228,2.636451,5.561483
1988-05-02,0.000000,Training,-0.566443,-0.338030,-0.286200,0.006385,0.218812,0.313052,0.575764,0.895451,1.766656,2.606269,5.566128
1988-05-03,0.075554,Training,-0.568687,-0.334917,-0.286842,0.017451,0.248646,0.341517,0.620897,0.957797,1.865925,2.741668,5.782410
1988-05-04,0.377771,Training,-0.686108,-0.431547,-0.266384,0.143142,0.324386,0.745943,1.038348,1.784527,4.942809,6.487769,16.927343
1988-05-05,34.074964,Training,-0.523266,0.104592,0.705315,2.519954,4.567130,7.348103,9.954461,17.818363,44.910038,64.653259,139.223969
1988-05-06,26.519540,Training,-0.157736,1.235454,2.210143,6.093658,10.542129,15.576414,20.958456,34.734646,75.272842,109.754280,218.248688
1988-05-07,9.973160,Training,-0.185578,1.004868,1.600644,4.329235,7.217667,10.034443,12.924320,20.446018,36.600212,54.550980,103.364967
1988-05-08,5.666568,Training,-0.480804,0.186631,0.460647,1.593013,2.712151,3.700351,4.898365,7.421479,12.842148,18.357702,35.619190
1988-05-09,3.702158,Training,-0.536916,0.023820,0.271573,1.131131,1.955692,2.639478,3.480548,5.115839,8.460280,11.908947,22.869198
1988-05-10,2.568844,Training,-0.585974,-0.139238,0.091351,0.716015,1.280780,1.769828,2.351625,3.377329,5.593993,7.831643,15.489262
1988-05-11,1.813302,Training,-0.602304,-0.215642,-0.043025,0.498835,0.988673,1.356886,1.895921,2.720764,4.765656,6.687426,13.653588
1988-05-12,1.511085,Training,-0.589319,-0.224366,-0.103526,0.412802,0.897065,1.183769,1.707268,2.497028,4.389719,6.215020,12.685355
1988-05-13,1.359976,Training,-0.602430,-0.251202,-0.135460,0.368921,0.828867,1.110743,1.623074,2.390686,4.295588,6.158936,12.625953
1988-05-14,1.208868,Training,-0.611593,-0.246175,-0.130400,0.413225,0.932519,1.220652,1.780949,2.641952,4.677328,6.724000,13.413903
1988-05-15,1.057759,Training,-0.627320,-0.283330,-0.160240,0.360325,0.841128,1.124202,1.629687,2.414618,4.246867,6.064167,12.126925
1988-05-16,0.982205,Training,-0.642605,-0.316579,-0.181848,0.315381,0.757568,1.024463,1.483605,2.184210,3.799922,5.412318,10.782197
1988-05-17,0.831097,Training,-0.634901,-0.325727,-0.215819,0.246144,0.656118,0.868829,1.299622,1.906538,3.318003,4.716402,9.492822
1988-05-18,0.831097,Training,-0.639153,-0.344212,-0.237111,0.203512,0.581957,0.773908,1.175311,1.722460,2.994761,4.266777,8.615711
1988-05-19,0.755542,Training,-0.645194,-0.359972,-0.245662,0.181912,0.539953,0.722590,1.101120,1.606569,2.762202,3.943590,7.969451
1988-05-20,0.604434,Training,-0.647381,-0.388317,-0.247448,0.150354,0.462348,0.637998,0.972074,1.418335,2.457997,3.531983,7.195735
1988-05-21,0.528880,Training,-0.636845,-0.402234,-0.249285,0.125947,0.411852,0.575284,0.888759,1.301051,2.310238,3.338598,6.883488
1988-05-22,0.453325,Training,-0.637591,-0.375163,-0.248143,0.132178,0.421456,0.577246,0.892521,1.309200,2.233408,3.233655,6.602788
1988-05-23,0.377771,Training,-0.611300,-0.367159,-0.271054,0.041208,0.250769,0.367574,0.622561,0.929549,1.674082,2.484084,5.225304
1988-05-24,0.302217,Training,-0.573724,-0.347652,-0.261470,0.002898,0.155498,0.249039,0.454569,0.691526,1.315293,1.995763,4.327651
1988-05-25,0.302217,Training,-0.559617,-0.320196,-0.255488,-0.011597,0.110583,0.190983,0.371141,0.582569,1.116534,1.725273,3.840865
1988-05-26,0.226663,Training,-0.542903,-0.301413,-0.251091,-0.017193,0.098555,0.164573,0.338414,0.536741,1.036340,1.617269,3.610817
1988-05-27,0.151108,Training,-0.531527,-0.281577,-0.243898,-0.017836,0.088875,0.151504,0.315783,0.509669,0.978096,1.533545,3.470305
1988-05-28,0.151108,Training,-0.534689,-0.283444,-0.247278,-0.016074,0.097808,0.159968,0.331205,0.529742,1.010368,1.580440,3.549196
1988-05-29,0.075554,Training,-0.525865,-0.284933,-0.236907,-0.018732,0.075191,0.140900,0.290698,0.473445,0.921197,1.452222,3.319525
1988-05-30,0.075554,Training,-0.510487,-0.283118,-0.229392,-0.021028,0.064608,0.123428,0.264205,0.433581,0.870893,1.384257,3.186133
1988-05-31,0.000000,Training,-0.487176,-0.291079,-0.217283,-0.020349,0.059261,0.120978,0.248949,0.407800,0.855319,1.359346,3.139396
1988-06-01,0.000000,Training,-0.449448,-0.295850,-0.207894,-0.034014,0.044439,0.108441,0.207797,0.350181,0.757400,1.220504,2.866845
1988-06-02,0.000000,Training,-0.437715,-0.292832,-0.209105,-0.043125,0.045531,0.107858,0.201545,0.339299,0.703089,1.142054,2.702001
1988-06-03,0.000000,Training,-0.425039,-0.280984,-0.203727,-0.045105,0.038802,0.097119,0.182435,0.312882,0.647268,1.059145,2.546046
1988-06-04,0.000000,Training,-0.431554,-0.269353,-0.195327,-0.031104,0.034097,0.086460,0.176222,0.303559,0.670594,1.089273,2.619486
1988-06-05,0.000000,Training,-0.436526,-0.249661,-0.189866,-0.025992,0.028366,0.073768,0.165937,0.290483,0.641817,1.051052,2.568138
1988-06-06,0.000000,Training,-0.423506,-0.242876,-0.183382,-0.029137,0.018370,0.062196,0.143424,0.261011,0.593475,0.982503,2.453339
1988-06-07,0.000000,Training,-0.401299,-0.241067,-0.177737,-0.038516,0.005785,0.048980,0.112111,0.220234,0.523914,0.884232,2.278002
1988-06-08,0.000000,Training,-0.438299,-0.177227,-0.183401,-0.029331,0.003507,0.028493,0.108375,0.227373,0.480507,0.843017,2.244149
1988-06-09,0.000000,Training,-0.440330,-0.173111,-0.181107,-0.025495,0.005858,0.034680,0.115002,0.236882,0.496285,0.863010,2.317744
1988-06-10,0.000000,Training,-0.440311,-0.171058,-0.175792,-0.027659,-0.005816,0.023315,0.095762,0.209874,0.458237,0.812670,2.272957
1988-06-11,0.000000,Training,-0.447681,-0.180213,-0.177026,-0.029268,-0.010833,0.023135,0.093249,0.208607,0.462665,0.822167,2.298896
1988-06-12,0.000000,Training,-0.469616,-0.202222,-0.186056,-0.028920,-0.009104,0.036345,0.112741,0.237954,0.528894,0.923196,2.510543
1988-06-13,0.000000,Training,-0.511182,-0.236635,-0.203510,-0.026608,-0.006323,0.063945,0.150871,0.296005,0.678393,1.152742,3.078490
1988-06-14,0.000000,Training,-0.525850,-0.243818,-0.200883,-0.016958,0.002993,0.091260,0.178263,0.356549,0.787661,1.347369,3.489719
1988-06-15,0.000000,Training,-0.510411,-0.226608,-0.192468,-0.007556,0.025755,0.102685,0.193560,0.383914,0.808131,1.375676,3.400778
1988-06-16,0.000000,Training,-0.519977,-0.225066,-0.173800,0.020974,0.050159,0.149553,0.241073,0.437025,0.901330,1.490744,3.754771
1988-06-17,0.000000,Training,-0.517550,-0.222580,-0.157766,0.040773,0.071404,0.182083,0.275328,0.479638,0.974182,1.587158,3.952863
1988-06-18,0.000000,Training,-0.494246,-0.258826,-0.179126,0.009936,0.053394,0.139131,0.238517,0.411498,0.900731,1.460958,3.560604
1988-06-19,0.000000,Training,-0.489541,-0.302728,-0.193221,0.006795,0.068582,0.175478,0.275963,0.460874,1.034758,1.640000,3.888962
1988-06-20,0.000000,Training,-0.504214,-0.280992,-0.189277,0.014845,0.075449,0.166873,0.285256,0.469426,1.019817,1.616257,3.827831
1988-06-21,0.000000,Training,-0.487823,-0.274972,-0.187222,0.003727,0.065729,0.142619,0.256619,0.419162,0.909943,1.442563,3.459746
1988-06-22,0.000000,Training,-0.567495,-0.288000,-0.219129,0.032513,0.058932,0.249944,0.383868,0.620054,1.757164,2.353054,6.694193
1988-06-23,0.000000,Training,-0.563808,-0.301074,-0.165399,0.081078,0.159843,0.400964,0.538666,0.902234,1.880217,2.931629,6.847705
1988-06-24,0.000000,Training,-0.538480,-0.255726,-0.137563,0.093660,0.171637,0.357804,0.498076,0.801659,1.604823,2.494204,5.784867
1988-06-25,0.000000,Training,-0.547061,-0.285809,-0.170042,0.060192,0.149062,0.299723,0.447644,0.713659,1.414149,2.172377,5.005006
1988-06-26,0.000000,Training,-0.548805,-0.300174,-0.188137,0.039919,0.130693,0.260129,0.413030,0.648378,1.297228,1.987320,4.648118
1988-06-27,0.000000,Training,-0.542245,-0.292204,-0.189214,0.030667,0.113236,0.230602,0.377837,0.593977,1.192433,1.838259,4.375065
1988-06-28,0.000000,Training,-0.531610,-0.276204,-0.188234,0.019965,0.091720,0.196765,0.332086,0.533189,1.068904,1.671048,4.013931
1988-06-29,0.000000,Training,-0.529541,-0.268529,-0.193633,0.009987,0.074711,0.171767,0.302057,0.494857,0.997813,1.582327,3.834964
1988-06-30,0.000000,Training,-0.515763,-0.282533,-0.203991,-0.002265,0.066254,0.149914,0.281713,0.460226,0.967758,1.543971,3.653227
1988-07-01,0.000000,Training,-0.502464,-0.292000,-0.207120,-0.009458,0.057071,0.136948,0.262601,0.430041,0.938190,1.496369,3.544109
1988-07-02,0.000000,Training,-0.493035,-0.298320,-0.212201,-0.020794,0.042783,0.116714,0.235130,0.392505,0.883722,1.419476,3.373678
1988-07-03,0.000000,Training,-0.473432,-0.275710,-0.202447,-0.029015,0.026369,0.084430,0.191126,0.328991,0.746426,1.214448,2.965982
1988-07-04,0.000000,Training,-0.507556,-0.274369,-0.208638,-0.028603,0.017176,0.086567,0.202732,0.341689,0.786481,1.271661,3.308237
1988-07-05,0.000000,Training,-0.485539,-0.247492,-0.192686,-0.035362,-0.001471,0.059938,0.152995,0.291116,0.655559,1.107260,2.883265
1988-07-06,0.000000,Training,-0.455398,-0.237850,-0.183830,-0.040789,-0.009744,0.036970,0.116542,0.237693,0.575087,0.990622,2.607520
1988-07-07,0.000000,Training,-0.459524,-0.263666,-0.194155,-0.037446,0.001470,0.056784,0.143148,0.271341,0.658295,1.103626,2.800636
1988-07-08,0.000000,Training,-0.454729,-0.279063,-0.200022,-0.040214,0.004519,0.064318,0.149920,0.277957,0.680547,1.128905,2.835221
1988-07-09,0.000000,Training,-0.427237,-0.280431,-0.200297,-0.055418,0.002488,0.061767,0.129837,0.246963,0.587281,0.985949,2.539690
1988-07-10,0.000000,Training,-0.416998,-0.275419,-0.204129,-0.062503,0.009823,0.065510,0.136958,0.251725,0.550919,0.933909,2.404385
1988-07-11,0.000000,Training,-0.398446,-0.257264,-0.205964,-0.072547,0.003275,0.045518,0.118399,0.222986,0.464255,0.818060,2.136901
1988-07-12,0.000000,Training,-0.393351,-0.250670,-0.207226,-0.075047,0.002911,0.041121,0.116669,0.218434,0.442563,0.789657,2.068492
1988-07-13,0.000000,Training,-0.395194,-0.256169,-0.202554,-0.070659,-0.000728,0.039791,0.106431,0.206011,0.453553,0.800535,2.104427
1988-07-14,0.000000,Training,-0.396496,-0.257640,-0.199850,-0.068977,-0.003653,0.037770,0.100592,0.198734,0.456642,0.803288,2.118040
1988-07-15,0.000000,Training,-0.393059,-0.254238,-0.197412,-0.070200,-0.008219,0.032051,0.091030,0.186828,0.439012,0.778872,2.077990
1988-07-16,0.000000,Training,-0.387280,-0.248540,-0.192348,-0.070992,-0.016815,0.021030,0.072482,0.164064,0.410297,0.738127,2.015927
1988-07-17,0.000000,Training,-0.380246,-0.241538,-0.187548,-0.072562,-0.024895,0.009848,0.054460,0.141589,0.376814,0.691281,1.941159
1988-07-18,0.000000,Training,-0.372232,-0.228147,-0.176055,-0.070766,-0.039650,-0.010832,0.023558,0.103269,0.333213,0.628493,1.856191
1988-07-19,0.000000,Training,-0.379916,-0.222777,-0.172486,-0.065617,-0.042239,-0.016836,0.023709,0.103101,0.348042,0.651728,1.913642
1988-07-20,0.000000,Training,-0.364780,-0.224695,-0.175199,-0.076552,-0.044640,-0.017349,0.011901,0.088194,0.299429,0.582888,1.776790
1988-07-21,0.000000,Training,-0.354613,-0.217100,-0.182025,-0.085592,-0.040261,-0.016876,0.018092,0.093563,0.266019,0.542443,1.675397
1988-07-22,0.000000,Training,-0.360145,-0.222363,-0.187824,-0.085782,-0.034586,-0.009833,0.032086,0.110550,0.289003,0.576015,1.719944
1988-07-23,0.000000,Training,-0.351001,-0.215311,-0.178423,-0.084607,-0.044150,-0.023484,0.006860,0.078537,0.253462,0.525086,1.646359
1988-07-24,0.000000,Training,-0.345751,-0.208588,-0.167304,-0.082885,-0.056423,-0.038885,-0.020428,0.045333,0.222589,0.478249,1.594148
1988-07-25,0.000000,Training,-0.337099,-0.201542,-0.169457,-0.089174,-0.056825,-0.042473,-0.023414,0.040019,0.191253,0.438149,1.511891
1988-07-26,0.000000,Training,-0.332584,-0.195544,-0.172540,-0.093548,-0.056176,-0.044840,-0.021818,0.040784,0.174385,0.417955,1.464338
1988-07-27,0.000000,Training,-0.331282,-0.193416,-0.174386,-0.095450,-0.055952,-0.046112,-0.020775,0.041540,0.168912,0.411901,1.447741
1988-07-28,0.000000,Training,-0.332090,-0.195462,-0.173911,-0.095050,-0.056511,-0.046166,-0.022046,0.040238,0.171974,0.415469,1.457062
1988-07-29,0.000000,Training,-0.339363,-0.205469,-0.169511,-0.090490,-0.059796,-0.045487,-0.027863,0.035244,0.194225,0.441710,1.525442
1988-07-30,0.000000,Training,-0.341661,-0.207886,-0.169377,-0.090472,-0.060957,-0.045743,-0.028379,0.035301,0.199939,0.449004,1.543757
1988-07-31,0.000000,Training,-0.338943,-0.205715,-0.171577,-0.093464,-0.060281,-0.046062,-0.026884,0.036662,0.190813,0.437906,1.517308
1988-08-01,0.000000,Training,-0.335055,-0.200641,-0.174739,-0.096945,-0.058811,-0.047088,-0.023623,0.039519,0.178332,0.423427,1.479281
1988-08-02,0.000000,Training,-0.335402,-0.201681,-0.174745,-0.097024,-0.059071,-0.047374,-0.024117,0.038991,0.179873,0.425383,1.483849
1988-08-03,0.000000,Training,-0.344255,-0.211922,-0.170351,-0.092200,-0.062634,-0.047122,-0.029002,0.035437,0.207076,0.458582,1.566904
1988-08-04,0.000000,Training,-0.339968,-0.208476,-0.172586,-0.095580,-0.061881,-0.047798,-0.028020,0.035747,0.193261,0.441293,1.527500
1988-08-05,0.000000,Training,-0.356203,-0.218364,-0.168860,-0.088959,-0.065510,-0.048698,-0.026035,0.041502,0.243723,0.508644,1.678800
1988-08-06,0.000000,Training,-0.367284,-0.219890,-0.168254,-0.086642,-0.066502,-0.050005,-0.019053,0.052090,0.275231,0.555238,1.782897
1988-08-07,0.000000,Training,-0.350456,-0.217347,-0.169343,-0.093347,-0.067140,-0.049961,-0.030997,0.035154,0.223080,0.479626,1.624471
1988-08-08,0.000000,Training,-0.341179,-0.211081,-0.172980,-0.098567,-0.064394,-0.049630,-0.029822,0.034765,0.194360,0.442642,1.538233
1988-08-09,0.000000,Training,-0.345281,-0.216120,-0.174004,-0.097734,-0.064459,-0.048365,-0.027906,0.038159,0.209327,0.462585,1.577923
1988-08-10,0.000000,Training,-0.349424,-0.219924,-0.173225,-0.096286,-0.065398,-0.048380,-0.027458,0.039658,0.224231,0.482093,1.621366
1988-08-11,0.000000,Training,-0.355676,-0.223756,-0.172360,-0.094637,-0.066609,-0.048712,-0.025209,0.043864,0.245953,0.511703,1.686746
1988-08-12,0.000000,Training,-0.354675,-0.223849,-0.172670,-0.095798,-0.066868,-0.048822,-0.025683,0.043344,0.242988,0.507520,1.679120
1988-08-13,0.000000,Training,-0.351364,-0.222509,-0.173392,-0.097632,-0.066448,-0.048717,-0.026566,0.041776,0.232411,0.493109,1.648394
1988-08-14,0.000000,Training,-0.350155,-0.222285,-0.174120,-0.098567,-0.065940,-0.048497,-0.025984,0.042315,0.229893,0.490032,1.640342
1988-08-15,0.000000,Training,-0.346264,-0.219497,-0.175380,-0.100207,-0.064630,-0.048398,-0.025153,0.042348,0.219210,0.476530,1.607984
1988-08-16,0.000000,Training,-0.345966,-0.219580,-0.175470,-0.100458,-0.064365,-0.048356,-0.024617,0.042988,0.220070,0.477919,1.610539
1988-08-17,0.000000,Training,-0.345103,-0.219097,-0.175687,-0.100907,-0.064058,-0.048444,-0.024135,0.043410,0.219097,0.476984,1.607836
1988-08-18,0.000000,Training,-0.342383,-0.216439,-0.176449,-0.102011,-0.063149,-0.048678,-0.023113,0.043967,0.212200,0.468737,1.587597
1988-08-19,0.000000,Training,-0.342168,-0.216561,-0.176263,-0.102126,-0.063083,-0.048773,-0.022946,0.044223,0.213241,0.470299,1.591215
1988-08-20,0.000000,Training,-0.350321,-0.224446,-0.173763,-0.099705,-0.065531,-0.048576,-0.023376,0.046247,0.241577,0.506692,1.676750
1988-08-21,0.000000,Training,-0.352469,-0.226001,-0.172876,-0.099311,-0.066233,-0.048811,-0.022646,0.047932,0.250876,0.519324,1.706302
1988-08-22,0.000000,Training,-0.346195,-0.221375,-0.173243,-0.101091,-0.065307,-0.049279,-0.024492,0.044168,0.230189,0.491820,1.647280
1988-08-23,0.000000,Training,-0.341792,-0.217296,-0.173604,-0.102165,-0.064144,-0.049782,-0.024459,0.043025,0.217493,0.475878,1.611179
1988-08-24,0.000000,Training,-0.344926,-0.220673,-0.172282,-0.101237,-0.065153,-0.049853,-0.024790,0.043771,0.229733,0.491670,1.648492
1988-08-25,0.000000,Training,-0.335097,-0.209596,-0.174818,-0.104254,-0.062318,-0.051272,-0.023027,0.042904,0.198879,0.453586,1.557663
1988-08-26,0.000000,Training,-0.341373,-0.217590,-0.171808,-0.102003,-0.064396,-0.050367,-0.025111,0.042740,0.221334,0.481099,1.625385
1988-08-27,0.000000,Training,-0.342711,-0.219051,-0.170742,-0.101449,-0.064895,-0.050424,-0.025157,0.043299,0.228015,0.489847,1.646523
1988-08-28,0.000000,Training,-0.347028,-0.222531,-0.169144,-0.100559,-0.066074,-0.050403,-0.024151,0.046293,0.245342,0.512914,1.699704
1988-08-29,0.000000,Training,-0.361265,-0.228851,-0.167164,-0.098705,-0.066984,-0.050975,-0.011833,0.066623,0.308290,0.604150,1.894522
1988-08-30,0.000000,Training,-0.359779,-0.227542,-0.165649,-0.098736,-0.067340,-0.051399,-0.012857,0.065369,0.305548,0.600404,1.889390
1988-08-31,0.000000,Training,-0.361925,-0.227301,-0.164161,-0.099011,-0.067352,-0.052022,-0.009837,0.070768,0.318486,0.621279,1.936146
1988-09-01,0.000000,Training,-0.360143,-0.226542,-0.162471,-0.098032,-0.067357,-0.050181,-0.011055,0.069262,0.313157,0.611790,1.920829
1988-09-02,0.000000,Training,-0.355595,-0.225191,-0.162345,-0.098427,-0.067084,-0.050806,-0.015163,0.062699,0.296870,0.588278,1.868912
1988-09-03,0.000000,Training,-0.347811,-0.222061,-0.162611,-0.099162,-0.066470,-0.050565,-0.022171,0.051392,0.263837,0.540314,1.767880
1988-09-04,0.000000,Training,-0.333973,-0.211105,-0.165243,-0.101634,-0.063260,-0.051399,-0.026636,0.040754,0.211627,0.470560,1.612872
1988-09-05,0.000000,Training,-0.332346,-0.209414,-0.165929,-0.101783,-0.061838,-0.051186,-0.025156,0.041991,0.208686,0.467559,1.602632
1988-09-06,0.000000,Training,-0.331982,-0.209180,-0.165578,-0.101364,-0.061205,-0.050962,-0.024532,0.042667,0.210270,0.469811,1.606490
1988-09-07,0.000000,Training,-0.328102,-0.204222,-0.166090,-0.102042,-0.059865,-0.051652,-0.023739,0.042225,0.198674,0.455675,1.572720
1988-09-08,0.000000,Training,-0.322771,-0.195605,-0.168376,-0.104281,-0.058402,-0.053959,-0.021764,0.042621,0.179683,0.433540,1.518212
1988-09-09,0.000000,Training,-0.327019,-0.203204,-0.165120,-0.101662,-0.059176,-0.051567,-0.023562,0.042437,0.198587,0.455861,1.572323
1988-09-10,0.000000,Training,-0.334738,-0.212168,-0.161849,-0.099570,-0.061303,-0.050032,-0.023823,0.045779,0.228656,0.493944,1.661611
1988-09-11,0.000000,Training,-0.332953,-0.210395,-0.161595,-0.099940,-0.061122,-0.050243,-0.024303,0.044785,0.222916,0.486492,1.646015
1988-09-12,0.000000,Training,-0.334070,-0.211402,-0.160500,-0.099647,-0.061469,-0.050019,-0.024137,0.045928,0.228644,0.494096,1.664087
1988-09-13,0.000000,Training,-0.335000,-0.212157,-0.159338,-0.099174,-0.061622,-0.049883,-0.023763,0.047176,0.234553,0.502124,1.682682
1988-09-14,0.000000,Training,-0.342764,-0.217042,-0.156757,-0.097720,-0.062275,-0.048912,-0.017313,0.059491,0.274162,0.557641,1.801493
1988-09-15,0.000000,Training,-0.344660,-0.217153,-0.155078,-0.097268,-0.062211,-0.048848,-0.014103,0.065169,0.288805,0.579456,1.847976
1988-09-16,0.000000,Training,-0.347137,-0.217049,-0.153230,-0.097005,-0.061747,-0.048596,-0.009252,0.073531,0.307839,0.608719,1.909435
1988-09-17,0.000000,Training,-0.345031,-0.215888,-0.152416,-0.096770,-0.061750,-0.048244,-0.011405,0.070227,0.299211,0.595670,1.882826
1988-09-18,0.000000,Training,-0.344684,-0.215523,-0.151816,-0.096652,-0.061292,-0.047645,-0.010815,0.071344,0.300320,0.597543,1.885807
1988-09-19,0.000000,Training,-0.345518,-0.215796,-0.151524,-0.096607,-0.060670,-0.046761,-0.008414,0.075390,0.307933,0.609045,1.907891
1988-09-20,0.000000,Training,-0.345983,-0.215579,-0.150982,-0.096565,-0.060068,-0.046063,-0.006234,0.079064,0.314699,0.619426,1.927778
1988-09-21,0.000000,Training,-0.343456,-0.214522,-0.150745,-0.096273,-0.059858,-0.045415,-0.009102,0.074209,0.302212,0.600182,1.887471
1988-09-22,0.000000,Training,-0.348978,-0.215203,-0.149577,-0.097026,-0.058122,-0.044605,0.002690,0.094302,0.344095,0.666102,2.021260
1988-09-23,0.000000,Training,-0.348266,-0.214055,-0.148458,-0.096669,-0.057451,-0.044060,0.003924,0.096251,0.347072,0.671168,2.031404
1988-09-24,0.000000,Training,-0.343009,-0.212082,-0.147359,-0.094954,-0.057725,-0.043255,-0.004154,0.082126,0.316338,0.622345,1.932495
1988-09-25,0.000000,Training,-0.337444,-0.210036,-0.147875,-0.094875,-0.057751,-0.043522,-0.012662,0.067579,0.281416,0.570108,1.826427
1988-09-26,0.000000,Training,-0.333449,-0.207711,-0.148613,-0.095201,-0.056901,-0.043857,-0.016603,0.060045,0.259615,0.539012,1.761985
1988-09-27,0.000000,Training,-0.332189,-0.206485,-0.148342,-0.094908,-0.055896,-0.043578,-0.016486,0.059481,0.256305,0.534437,1.752003
1988-09-28,0.000000,Training,-0.329469,-0.204039,-0.148229,-0.094842,-0.055124,-0.043885,-0.017802,0.056322,0.245901,0.520035,1.721450
1988-09-29,0.000000,Training,-0.331447,-0.205057,-0.146822,-0.094053,-0.054717,-0.042887,-0.014823,0.061762,0.260987,0.541114,1.765571
1988-09-30,0.000000,Training,-0.341685,-0.207042,-0.142715,-0.093387,-0.052095,-0.040270,0.006973,0.099275,0.345370,0.668937,2.025986
1988-10-01,0.000000,Validation,-0.375323,-0.227208,-0.139638,-0.090911,-0.061657,-0.029009,0.023834,0.116595,0.408569,0.764032,2.426931
1988-10-02,0.000000,Validation,-0.340455,-0.209467,-0.139858,-0.095192,-0.057295,-0.038782,-0.003352,0.085246,0.313795,0.622318,1.959482
1988-10-03,0.000000,Validation,-0.341032,-0.209445,-0.138856,-0.093721,-0.053337,-0.033319,-0.001640,0.087503,0.313769,0.620800,1.951516
1988-10-04,0.000000,Validation,-0.347164,-0.213969,-0.144587,-0.089965,-0.045036,-0.025907,0.019218,0.115342,0.368404,0.698610,2.072067
1988-10-05,0.000000,Validation,-0.338466,-0.209592,-0.145656,-0.090104,-0.045972,-0.028801,0.005013,0.090021,0.310099,0.610946,1.892874
1988-10-06,0.000000,Validation,-0.342828,-0.209929,-0.142657,-0.088752,-0.043574,-0.026059,0.017433,0.110800,0.356163,0.679257,2.030087
1988-10-07,0.000000,Validation,-0.343927,-0.208543,-0.140986,-0.088476,-0.041904,-0.025028,0.025265,0.123606,0.381769,0.719229,2.108854
1988-10-08,0.000000,Validation,-0.341216,-0.206884,-0.140170,-0.087753,-0.042254,-0.025098,0.021702,0.117214,0.367976,0.697710,2.064770
1988-10-09,0.000000,Validation,-0.344990,-0.207572,-0.134622,-0.082984,-0.043604,-0.016070,0.021880,0.117900,0.365678,0.686237,2.079142
1988-10-10,0.000000,Validation,-0.344192,-0.204852,-0.136085,-0.087496,-0.039171,-0.020452,0.036119,0.142280,0.413482,0.769454,2.215029
1988-10-11,0.000000,Validation,-0.415310,-0.235624,-0.152803,-0.090851,-0.040526,0.002547,0.091435,0.207580,0.593464,1.061878,3.149186
1988-10-12,0.000000,Validation,-0.366357,-0.207029,-0.133276,-0.098122,-0.026972,0.004511,0.086640,0.239527,0.572945,1.045885,2.857241
1988-10-13,0.000000,Validation,-0.438647,-0.254205,-0.140331,-0.087108,-0.022378,0.055884,0.158463,0.328567,0.829434,1.467334,4.192604
1988-10-14,0.000000,Validation,-0.557548,-0.327481,-0.208032,-0.020259,0.087912,0.292667,0.488423,0.849276,2.178820,3.573286,10.047154
1988-10-15,0.000000,Validation,-0.455862,-0.199772,0.013065,0.146610,0.352723,0.656693,0.940441,1.560640,3.253479,5.461244,13.184003
1988-10-16,0.000000,Validation,-0.440024,-0.215961,-0.041034,0.088924,0.277210,0.481553,0.711243,1.171573,2.346864,3.812667,8.622833
1988-10-17,0.000000,Validation,-0.477683,-0.275014,-0.101319,0.038410,0.188394,0.380769,0.591112,0.971437,2.037749,3.268370,7.936736
1988-10-18,0.000000,Validation,-0.626203,-0.417936,-0.211340,0.147796,0.462582,0.834836,1.354855,2.222418,5.469896,8.928767,22.716980
1988-10-19,0.000000,Validation,-0.494270,-0.247916,-0.003509,0.245082,0.545665,0.917897,1.348040,2.150741,4.482515,7.381126,16.815031
1988-10-20,0.000000,Validation,-0.473355,-0.236060,-0.032676,0.209140,0.526495,0.797891,1.203119,1.854169,3.661159,5.857536,12.582411
1988-10-21,0.000000,Validation,-0.490619,-0.288235,-0.112535,0.112454,0.382796,0.592385,0.921484,1.424504,2.779157,4.338601,9.313565
1988-10-22,0.000000,Validation,-0.491116,-0.307619,-0.147308,0.069104,0.313794,0.495940,0.791708,1.215257,2.385411,3.678647,7.939082
1988-10-23,0.000000,Validation,-0.484213,-0.310256,-0.159743,0.045501,0.271028,0.434429,0.708232,1.083136,2.142661,3.292932,7.137612
1988-10-24,0.000000,Validation,-0.479432,-0.314968,-0.169752,0.026792,0.231667,0.381138,0.630718,0.963189,1.931766,2.959682,6.471951
1988-10-25,0.000000,Validation,-0.475680,-0.314757,-0.175073,0.014691,0.210966,0.350422,0.590459,0.902529,1.820269,2.789275,6.127851
1988-10-26,0.000000,Validation,-0.473401,-0.313566,-0.177971,0.007617,0.200883,0.333629,0.571814,0.874864,1.767057,2.710832,5.967095
1988-10-27,0.000000,Validation,-0.473066,-0.310844,-0.176444,0.007851,0.202728,0.335751,0.578620,0.885715,1.777284,2.725359,6.001819
1988-10-28,0.000000,Validation,-0.476957,-0.314334,-0.175834,0.013745,0.209788,0.348622,0.595355,0.909909,1.809601,2.766690,6.089153
1988-10-29,0.000000,Validation,-0.521335,-0.357829,-0.186832,0.032515,0.228343,0.409531,0.697522,1.054577,2.221651,3.388340,8.019116
1988-10-30,0.000000,Validation,-0.639865,-0.417627,-0.248427,0.107771,0.367734,0.700088,1.175780,1.915157,4.815130,7.400522,19.604815
1988-10-31,0.000000,Validation,-0.546655,-0.304429,-0.022033,0.289308,0.676951,1.139009,1.695056,2.720194,5.740711,9.429343,21.823301
1988-11-01,0.000000,Validation,-0.534951,-0.314970,-0.070277,0.190904,0.477574,0.824695,1.261808,1.956360,4.225534,6.777932,16.273287
1988-11-02,0.000000,Validation,-0.637038,-0.404171,-0.213897,0.172319,0.482838,0.869483,1.436954,2.312781,5.882921,9.454598,24.570778
1988-11-03,0.000000,Validation,-0.642985,-0.333842,-0.032691,0.731885,1.449403,2.390995,3.761028,6.291312,18.145468,29.954929,82.329620
1988-11-04,0.000000,Validation,-0.444894,0.234816,0.921132,3.006870,5.315119,8.129328,12.294922,20.804213,59.547512,96.230797,247.846893
1988-11-05,0.000000,Validation,-0.002262,1.379092,2.807693,7.240007,12.443948,18.583530,27.392216,45.865932,116.857002,191.060883,459.680267
1988-11-06,1.435531,Validation,8.418772,16.316906,27.620758,49.590397,58.255058,77.302834,93.730347,122.442833,275.765564,438.421661,814.092285
1988-11-07,258.395515,Validation,14.020639,30.015436,44.308979,76.999733,97.937462,130.980057,160.812149,218.892441,436.405945,705.514160,1218.319946
1988-11-08,320.727767,Validation,13.486265,31.205130,45.002384,79.783241,106.306870,142.703842,174.001770,245.487366,460.142517,712.321289,1264.290283
1988-11-09,41.101509,Validation,10.006975,17.014589,28.618811,49.252487,68.684380,87.547943,100.240753,142.051392,217.848557,334.202820,575.689514
1988-11-10,16.621934,Validation,6.979595,16.564648,28.717642,53.026951,79.290260,102.665344,129.874298,185.441528,322.872955,505.060974,951.195679
1988-11-11,351.327236,Validation,23.357994,51.099277,73.616623,124.543411,163.694214,205.513779,244.390747,324.960724,563.176147,827.423340,1373.512451
1988-11-12,49.790247,Validation,19.042276,28.126942,44.051800,67.483124,87.117256,102.083740,110.925133,142.221664,200.876266,284.578033,452.669403
1988-11-13,19.266332,Validation,8.547671,13.208283,22.370050,32.518848,43.674076,49.092213,54.279659,68.201157,90.830498,125.433784,205.657440
1988-11-14,11.937571,Validation,3.085944,5.527678,10.667432,15.005431,20.463032,23.943481,26.722298,34.641911,45.623108,61.516605,108.578033
1988-11-15,8.613184,Validation,1.950486,3.641151,7.225172,10.063520,13.761203,15.499800,17.365965,22.070602,27.812346,36.196865,64.877563
1988-11-16,6.950990,Validation,1.446744,2.813876,5.641993,7.941397,10.893016,12.177059,13.637870,17.278051,21.381252,27.253780,49.607052
1988-11-17,6.044340,Validation,0.660868,1.604420,3.557041,5.144922,7.338902,8.429245,9.691417,12.670870,16.104561,20.837944,39.283047
1988-11-18,5.213243,Validation,-0.119061,0.420830,1.322047,2.158348,3.423659,4.162755,5.205760,7.157174,9.917105,13.533640,26.965683
1988-11-19,4.608809,Validation,-0.217585,0.260072,0.960836,1.686023,2.782126,3.391927,4.336415,6.011371,8.405294,11.561319,23.271740
1988-11-20,4.457700,Validation,-0.439162,-0.096474,0.381885,0.884274,1.609368,2.189219,3.043914,4.347999,7.328946,10.615547,24.180019
1988-11-21,4.457700,Validation,-0.460424,-0.142272,0.301897,0.756061,1.398630,1.974987,2.766838,4.069500,7.086723,10.603094,24.649300
1988-11-22,4.079929,Validation,-0.437361,-0.099262,0.237270,0.702162,1.375890,1.840151,2.597011,3.837981,6.325428,9.481339,20.192537
1988-11-23,4.684363,Validation,-0.236852,0.796664,2.150395,4.334201,7.043205,9.668330,14.477232,22.683683,56.708061,90.075859,232.564499
1988-11-24,243.964655,Validation,17.886599,36.795010,55.115448,90.681686,124.954140,154.719421,194.207703,258.444550,497.559570,747.173218,1378.513672
1988-11-25,334.251976,Validation,50.162636,87.145363,115.346794,173.677734,208.303787,241.303833,280.974518,333.704803,611.840454,902.906494,1363.143311
1988-11-26,235.955905,Validation,25.514025,37.099609,50.563957,78.731735,100.044273,114.081078,125.857658,156.902969,221.952789,309.779816,482.144104
1988-11-27,43.368136,Validation,5.553116,9.585383,15.220303,24.786186,35.480747,41.333458,48.416103,64.992218,91.316002,129.798676,226.358444
1988-11-28,20.550754,Validation,0.735496,2.028212,3.789737,6.116158,9.493752,11.688026,14.735907,20.767805,30.434568,43.900585,85.772797
1988-11-29,13.826427,Validation,-0.108132,0.502184,1.200795,2.140630,3.561090,4.440276,5.896242,8.336646,12.570907,18.200346,37.062134
1988-11-30,10.502040,Validation,-0.363580,0.034309,0.443063,1.003260,1.790339,2.389187,3.273292,4.691020,7.567590,11.011867,23.439514
1988-12-01,8.839847,Validation,-0.422491,-0.105556,0.232111,0.676684,1.283898,1.735033,2.416371,3.482757,5.729016,8.358207,17.548136
1988-12-02,8.008750,Validation,-0.435989,-0.132859,0.155630,0.599866,1.192174,1.597946,2.251467,3.269628,5.340581,7.769896,16.286930
1988-12-03,6.950990,Validation,-0.435245,-0.143578,0.135378,0.599736,1.225990,1.581399,2.243016,3.244886,5.171296,7.490198,15.410342
1988-12-04,6.044340,Validation,-0.424874,-0.125788,0.188678,0.689088,1.370408,1.749079,2.427228,3.513880,5.443287,7.790397,15.941834
1988-12-05,5.364351,Validation,-0.397329,-0.087955,0.261939,0.810661,1.558807,1.952345,2.652719,3.824350,5.732925,8.090810,16.439186
1988-12-06,4.986580,Validation,-0.360072,-0.037095,0.385378,0.985374,1.810289,2.225408,2.941700,4.210106,6.111197,8.482575,17.080128
1988-12-07,4.608809,Validation,-0.237993,0.126705,0.641723,1.381546,2.379316,2.830574,3.607131,5.089855,7.018663,9.563333,18.950666
1988-12-08,4.231038,Validation,-0.075261,0.319963,0.909136,1.803071,2.917954,3.429625,4.155660,5.801383,7.568962,10.138330,19.411324
1988-12-09,3.928821,Validation,-0.275946,0.041945,0.458765,1.147433,2.033620,2.477983,3.128449,4.548579,6.216722,8.539887,16.694918
1988-12-10,3.777712,Validation,-0.403550,-0.145888,0.135330,0.668071,1.346542,1.710729,2.261764,3.425875,4.926024,6.948854,13.769115
1988-12-11,3.777712,Validation,-0.376009,-0.111226,0.206586,0.771360,1.501590,1.856617,2.443309,3.656449,5.205484,7.324265,14.510983
1988-12-12,3.626604,Validation,-0.426987,-0.185483,0.090666,0.589578,1.237690,1.533856,2.099848,3.170901,4.700592,6.697397,13.517539
1988-12-13,3.324387,Validation,-0.459649,-0.242437,-0.014293,0.438118,1.010069,1.280235,1.792260,2.765447,4.198387,6.049501,12.272617
1988-12-14,3.173278,Validation,-0.522918,-0.349012,-0.213982,0.140995,0.552086,0.778200,1.160746,1.907491,3.108646,4.573174,9.334406
1988-12-15,3.173278,Validation,-0.531629,-0.374905,-0.280467,0.017901,0.340809,0.531045,0.848763,1.451445,2.510100,3.740951,7.671855
1988-12-16,3.173278,Validation,-0.540964,-0.381961,-0.297644,-0.000343,0.313191,0.508532,0.813412,1.410825,2.454955,3.629922,7.434054
1988-12-17,3.022170,Validation,-0.539528,-0.380520,-0.291109,0.011647,0.334130,0.531440,0.843622,1.454028,2.515906,3.719102,7.610580
1988-12-18,2.871061,Validation,-0.520567,-0.359253,-0.245652,0.076827,0.436126,0.626202,0.983915,1.624317,2.780501,4.134170,8.497051
1988-12-19,2.795507,Validation,-0.522354,-0.372616,-0.284228,0.002340,0.304442,0.474264,0.784781,1.339576,2.378511,3.569609,7.377990
1988-12-20,2.644399,Validation,-0.510954,-0.361987,-0.270577,0.010049,0.305629,0.461723,0.775359,1.310947,2.357062,3.547513,7.384454
1988-12-21,2.644399,Validation,-0.506676,-0.351638,-0.253036,0.014239,0.292933,0.435418,0.745648,1.239477,2.276318,3.414285,7.159532
1988-12-22,2.644399,Validation,-0.503454,-0.353416,-0.263464,0.003072,0.279348,0.420962,0.725469,1.223376,2.244969,3.381885,7.101116
1988-12-23,2.644399,Validation,-0.513394,-0.354694,-0.242798,0.025423,0.292429,0.468706,0.769295,1.294862,2.399677,3.576829,7.679644
1988-12-24,2.644399,Validation,-0.518851,-0.359438,-0.242439,0.025789,0.295315,0.475171,0.777550,1.311384,2.442819,3.641200,7.813696
1988-12-25,2.644399,Validation,-0.516721,-0.360867,-0.253186,0.017933,0.300707,0.459022,0.770184,1.296593,2.407093,3.602791,7.592106
1988-12-26,2.493290,Validation,-0.517453,-0.361138,-0.254452,0.031824,0.335429,0.495747,0.822739,1.375129,2.525342,3.768675,7.862430
1988-12-27,2.417736,Validation,-0.518349,-0.361312,-0.253367,0.046191,0.367126,0.532307,0.871830,1.446957,2.625594,3.901361,8.076241
1988-12-28,2.417736,Validation,-0.517605,-0.360101,-0.252925,0.049041,0.373169,0.538698,0.880338,1.457157,2.633439,3.905053,8.065123
1988-12-29,2.417736,Validation,-0.519847,-0.359114,-0.247104,0.055579,0.382015,0.545680,0.891984,1.463114,2.648259,3.913699,8.071354
1988-12-30,2.266627,Validation,-0.520310,-0.358939,-0.246549,0.057264,0.385509,0.548681,0.896583,1.467852,2.654850,3.919827,8.072950
1988-12-31,2.191073,Validation,-0.519444,-0.358369,-0.247413,0.058716,0.389886,0.553186,0.902678,1.478068,2.667812,3.938209,8.099137
1989-01-01,2.191073,Training,-0.518795,-0.365844,-0.267960,0.036387,0.362242,0.529931,0.864345,1.446601,2.594697,3.847788,7.871875
1989-01-02,2.191073,Training,-0.522464,-0.371530,-0.278595,0.023313,0.344335,0.515782,0.840476,1.421314,2.547645,3.776210,7.691528
1989-01-03,2.191073,Training,-0.527084,-0.376886,-0.288960,0.009520,0.324437,0.499347,0.813651,1.390584,2.493562,3.689788,7.486306
1989-01-04,2.115519,Training,-0.531395,-0.381095,-0.298560,-0.004183,0.303593,0.479907,0.784488,1.353884,2.431679,3.589588,7.261550
1989-01-05,1.964410,Training,-0.526136,-0.374720,-0.287209,0.011514,0.327229,0.499917,0.816445,1.388114,2.492470,3.684446,7.454571
1989-01-06,1.964410,Training,-0.551795,-0.383468,-0.231926,0.085901,0.416745,0.653346,1.041129,1.695453,3.271633,4.864968,10.732292
1989-01-07,1.964410,Training,-0.586853,-0.429058,-0.287663,0.021951,0.344360,0.663173,1.005668,1.824502,3.544894,5.387219,12.049776
1989-01-08,1.964410,Training,-0.576773,-0.397524,-0.234914,0.116031,0.534310,0.811118,1.247114,2.133499,4.082958,6.181488,13.068507
1989-01-09,1.964410,Training,-0.597356,-0.413806,-0.203355,0.196249,0.651477,1.041240,1.559023,2.641701,5.324884,8.123735,18.398331
1989-01-10,25.008455,Training,-0.650603,-0.318130,0.066020,1.270515,2.652074,4.263031,6.325785,11.873976,35.328133,55.590557,138.706924
1989-01-11,58.554539,Training,0.628776,2.696899,4.685139,11.479677,20.480047,28.163321,39.414078,65.028267,145.650497,230.412933,489.651459
1989-01-12,186.165658,Training,2.492420,5.546294,9.125299,19.322653,31.561922,41.548775,53.493324,81.654533,145.775452,227.345520,435.438324
1989-01-13,27.652853,Training,1.039383,2.583329,4.160343,8.600588,14.423569,18.137255,23.334404,35.873951,58.237305,86.860931,161.780838
1989-01-14,14.053089,Training,0.018701,0.753081,1.476094,3.153048,5.469638,6.999926,9.135215,14.066221,22.509909,32.934792,63.088638
1989-01-15,9.217618,Training,-0.158666,0.380726,0.935887,2.105245,3.698240,4.703758,6.072623,9.189448,14.094566,20.152994,38.299465
1989-01-16,7.253207,Training,-0.306268,0.100604,0.496491,1.340599,2.477872,3.151853,4.160259,6.220523,9.680726,13.732830,26.342497
1989-01-17,6.044340,Training,-0.373478,-0.037397,0.262762,0.964818,1.878957,2.414017,3.224923,4.834264,7.576621,10.725488,20.510555
1989-01-18,5.213243,Training,-0.414589,-0.119494,0.130486,0.755469,1.547679,2.003772,2.708298,4.076240,6.441813,9.113020,17.412655
1989-01-19,4.608809,Training,-0.437526,-0.161621,0.075770,0.662558,1.399124,1.806820,2.474970,3.718299,5.955739,8.417316,16.224285
1989-01-20,4.231038,Training,-0.455724,-0.199219,0.021331,0.577724,1.257561,1.649302,2.260237,3.429661,5.514100,7.780780,15.044038
1989-01-21,3.928821,Training,-0.474718,-0.237256,-0.045312,0.482914,1.115924,1.474939,2.028878,3.114175,4.986118,7.018824,13.425673
1989-01-22,3.777712,Training,-0.467231,-0.228017,-0.015616,0.524625,1.184650,1.521164,2.108882,3.195871,5.126844,7.214387,13.926183
1989-01-23,3.626604,Training,-0.456018,-0.214134,0.013648,0.577392,1.262494,1.607725,2.194739,3.319183,5.213862,7.274571,13.978226
1989-01-24,3.324387,Training,-0.413786,-0.142082,0.167389,0.808143,1.618204,1.967022,2.646722,3.893382,5.975266,8.220345,15.928034
1989-01-25,3.173278,Training,-0.495155,-0.265548,-0.031283,0.481140,1.109878,1.396195,1.970229,2.982643,4.872541,6.811326,13.473454
1989-01-26,28.861721,Training,-0.642974,-0.369387,-0.163303,0.383129,1.027701,1.625585,2.462848,4.254331,9.848163,14.927958,34.734516
1989-01-27,10.955365,Training,-0.277204,0.219855,0.863674,2.489054,4.752729,6.469529,8.491887,14.333437,26.427628,40.461178,82.863632
1989-01-28,7.026545,Training,-0.437854,-0.090289,0.279486,1.203072,2.454834,3.355193,4.505156,7.541819,13.462970,20.033426,40.546494
1989-01-29,5.439906,Training,-0.502258,-0.225671,0.025605,0.646832,1.449021,2.009899,2.738286,4.542136,7.771733,11.346128,22.832640
1989-01-30,4.608809,Training,-0.567631,-0.356312,-0.141473,0.310645,0.845840,1.271304,1.833647,3.048442,5.779935,8.545037,18.647703
1989-01-31,4.231038,Training,-0.618599,-0.407964,-0.226935,0.239618,0.768172,1.262310,1.939845,3.390933,7.828358,12.470652,28.474531
1989-02-01,3.928821,Training,-0.539762,-0.247348,0.055258,0.758525,1.709405,2.565257,3.640448,6.321803,13.370503,21.034586,45.196129
1989-02-02,3.626604,Training,-0.529630,-0.265243,-0.042058,0.527188,1.264195,1.791802,2.579402,4.292678,8.392300,12.645519,25.801176
1989-02-03,3.324387,Training,-0.537166,-0.291819,-0.098508,0.391262,1.000410,1.397471,2.022345,3.285229,6.086205,8.904959,17.945593
1989-02-04,3.173278,Training,-0.537546,-0.327712,-0.180248,0.247452,0.751916,1.050547,1.556164,2.514879,4.585093,6.644061,13.229003
1989-02-05,3.022170,Training,-0.538301,-0.340277,-0.206967,0.192197,0.649066,0.899513,1.363531,2.180993,3.999384,5.757659,11.465309
1989-02-06,2.871061,Training,-0.538029,-0.356232,-0.244351,0.134688,0.552467,0.786193,1.201589,1.950228,3.556895,5.123718,10.114791
1989-02-07,2.795507,Training,-0.557824,-0.382046,-0.254568,0.108329,0.480268,0.774974,1.149176,1.924537,3.586526,5.162354,10.665379
1989-02-08,2.644399,Training,-0.557335,-0.386014,-0.275194,0.075197,0.432966,0.701107,1.050889,1.791073,3.321815,4.766864,9.670603
1989-02-09,2.795507,Training,-0.596616,-0.418682,-0.283639,0.095471,0.495777,0.810570,1.273272,2.155492,4.494414,6.792322,14.592226
1989-02-10,3.248833,Training,-0.625600,-0.337921,-0.031666,0.839452,1.973256,3.042104,4.558046,8.058018,20.821373,33.455051,77.726273
1989-02-11,7.782087,Training,-0.243436,0.348580,1.058191,2.937797,5.676832,7.782674,10.613603,17.722658,36.332581,56.568802,113.499512
1989-02-12,7.328762,Training,-0.357393,0.120369,0.635494,1.850393,3.531611,4.691700,6.351474,10.212534,18.941492,27.931692,55.428123
1989-02-13,5.591014,Training,-0.404634,0.006573,0.448256,1.384853,2.662189,3.457707,4.621095,7.224197,12.364302,17.649397,34.678909
1989-02-14,4.835472,Training,-0.554780,-0.313635,-0.102005,0.385891,0.986936,1.360706,1.955011,3.102487,5.693443,8.175115,16.238386
1989-02-15,4.231038,Training,-0.554580,-0.331271,-0.152876,0.296908,0.828952,1.134623,1.664882,2.608258,4.788617,6.818915,13.465830
1989-02-16,3.928821,Training,-0.549987,-0.330933,-0.164130,0.286690,0.811013,1.090465,1.612567,2.496664,4.541322,6.420589,12.627123
1989-02-17,3.626604,Training,-0.545612,-0.325599,-0.158619,0.305487,0.843499,1.116821,1.647165,2.533635,4.546175,6.396316,12.543174
1989-02-18,3.324387,Training,-0.556655,-0.364502,-0.231230,0.152627,0.568617,0.789669,1.217903,1.917253,3.597703,5.119872,10.112164
1989-02-19,3.173278,Training,-0.550030,-0.375425,-0.262997,0.059755,0.390748,0.566905,0.923304,1.481875,2.879323,4.153482,8.277325
1989-02-20,3.173278,Training,-0.536914,-0.363735,-0.267866,0.037859,0.339510,0.498078,0.831305,1.344408,2.631197,3.798154,7.618785
1989-02-21,3.022170,Training,-0.566733,-0.391823,-0.270932,0.045565,0.339046,0.541444,0.908363,1.468174,3.082844,4.538900,9.724919
1989-02-22,2.871061,Training,-0.554926,-0.380088,-0.276331,0.040476,0.360689,0.542071,0.903486,1.507798,3.026066,4.459570,9.153415
1989-02-23,2.871061,Training,-0.568714,-0.391571,-0.260966,0.083392,0.421313,0.690613,1.093336,1.840283,3.846060,5.796744,12.513328
1989-02-24,16.621934,Training,-0.662736,-0.439442,-0.263962,0.246983,0.785576,1.292151,2.025350,3.521040,8.728134,13.703953,31.065666
1989-02-25,19.568549,Training,-0.587553,-0.294854,0.059349,0.870159,1.901705,2.941735,4.150333,7.257353,16.546587,25.994022,56.987999
1989-02-26,17.679693,Training,-0.563786,-0.275100,0.007085,0.681442,1.512666,2.206329,3.101538,5.201520,10.727162,16.060955,32.996597
1989-02-27,15.715283,Training,-0.550767,-0.269173,-0.037446,0.548623,1.258940,1.764692,2.492055,4.049418,7.731106,11.214541,22.552813
1989-02-28,9.595389,Training,-0.576491,-0.347759,-0.147566,0.301135,0.800824,1.191070,1.710004,2.775732,5.399164,7.807029,15.960485
1989-03-01,7.026545,Training,-0.565390,-0.359167,-0.212475,0.157921,0.549688,0.817312,1.239303,1.994993,3.922806,5.660592,11.383811
1989-03-02,5.817677,Training,-0.558006,-0.361043,-0.239872,0.116464,0.490027,0.704957,1.109519,1.764051,3.466626,4.987321,9.890950
1989-03-03,5.213243,Training,-0.560813,-0.369626,-0.250130,0.102958,0.466879,0.672027,1.065194,1.686293,3.314461,4.757534,9.393905
1989-03-04,4.759917,Training,-0.560701,-0.376258,-0.261571,0.082883,0.431364,0.621322,0.998974,1.579691,3.114137,4.467562,8.821994
1989-03-05,4.457700,Training,-0.558160,-0.374088,-0.266941,0.077909,0.423770,0.603071,0.979694,1.543405,3.036309,4.340440,8.569891
1989-03-06,4.231038,Training,-0.559405,-0.377967,-0.271888,0.069422,0.409774,0.582718,0.953971,1.504666,2.965846,4.243133,8.387096
1989-03-07,3.928821,Training,-0.562825,-0.385949,-0.276417,0.057107,0.387285,0.557391,0.917714,1.455004,2.884266,4.142676,8.214985
1989-03-08,3.777712,Training,-0.566392,-0.392553,-0.281199,0.051806,0.379809,0.548289,0.905784,1.438603,2.860414,4.116760,8.180899
1989-03-09,3.626604,Training,-0.571481,-0.394727,-0.282538,0.065881,0.411616,0.584747,0.957457,1.512166,2.984011,4.270941,8.463470
1989-03-10,3.475495,Training,-0.581216,-0.401233,-0.275819,0.095586,0.473474,0.661776,1.058504,1.662349,3.231827,4.606165,9.097234
1989-03-11,3.324387,Training,-0.588734,-0.403709,-0.261978,0.136226,0.553298,0.757423,1.181892,1.846167,3.517445,4.991642,9.837954
1989-03-12,3.173278,Training,-0.572944,-0.398100,-0.284979,0.055265,0.390239,0.556633,0.919426,1.455215,2.884586,4.146662,8.234540
1989-03-13,3.022170,Training,-0.581649,-0.399490,-0.278095,0.092111,0.466164,0.648612,1.042390,1.635337,3.176431,4.521948,8.929800
1989-03-14,2.871061,Training,-0.571625,-0.393096,-0.284805,0.055337,0.388184,0.552795,0.914332,1.445717,2.861569,4.102004,8.150574
1989-03-15,2.871061,Training,-0.556405,-0.379116,-0.279424,0.028273,0.325394,0.462990,0.796372,1.253428,2.515042,3.640230,7.246035
1989-03-16,2.871061,Training,-0.527778,-0.348400,-0.263841,0.013162,0.264130,0.388078,0.681774,1.090868,2.211324,3.217359,6.525190
1989-03-17,2.795507,Training,-0.538369,-0.350320,-0.267571,0.020210,0.270108,0.411917,0.738712,1.177102,2.502343,3.748641,7.993397
1989-03-18,2.644399,Training,-0.541852,-0.355935,-0.272171,0.012187,0.281273,0.424319,0.746004,1.240407,2.580141,3.864260,7.982719
1989-03-19,2.644399,Training,-0.537839,-0.347284,-0.261825,0.019450,0.285678,0.434006,0.745762,1.241378,2.597821,3.875899,7.947591
1989-03-20,2.493290,Training,-0.529988,-0.339892,-0.259191,0.016949,0.273612,0.404624,0.704276,1.154126,2.383926,3.506674,7.164427
1989-03-21,2.417736,Training,-0.530627,-0.350701,-0.265993,-0.003414,0.233308,0.351766,0.628756,1.031723,2.141662,3.148551,6.456735
1989-03-22,2.417736,Training,-0.533124,-0.360515,-0.271390,-0.014347,0.212474,0.325866,0.593455,0.976791,2.045151,3.025822,6.238417
1989-03-23,2.417736,Training,-0.537314,-0.369280,-0.274482,-0.019691,0.203008,0.313250,0.576968,0.949648,1.997892,2.973568,6.157052
1989-03-24,2.266627,Training,-0.533174,-0.360389,-0.276004,-0.016641,0.207977,0.314609,0.582350,0.950904,1.991516,2.942273,6.068435
1989-03-25,2.191073,Training,-0.529301,-0.352610,-0.276415,-0.014427,0.210875,0.313750,0.583317,0.949196,1.981424,2.915461,6.009119
1989-03-26,2.191073,Training,-0.528607,-0.349614,-0.276752,-0.012896,0.213914,0.315206,0.586229,0.951686,1.979943,2.908942,5.997464
1989-03-27,2.191073,Training,-0.600025,-0.382127,-0.298230,-0.000633,0.220676,0.398348,0.715183,1.173695,2.724641,4.086632,9.145189
1989-03-28,4.155483,Training,-0.620396,-0.405720,-0.283527,0.099051,0.478973,0.838594,1.328425,2.336415,5.491741,8.758110,19.690002
1989-03-29,3.626604,Training,-0.572559,-0.326325,-0.199989,0.249160,0.754800,1.111448,1.708036,2.869230,6.234501,9.572551,19.960396
1989-03-30,2.871061,Training,-0.595125,-0.342060,-0.194018,0.224463,0.673134,0.994453,1.509266,2.467410,5.177217,7.672152,15.838452
1989-03-31,2.644399,Training,-0.588660,-0.330553,-0.182458,0.240944,0.704205,1.000302,1.509509,2.400639,4.826054,7.016004,14.280247
1989-04-01,2.644399,Training,-0.590778,-0.359288,-0.234513,0.149758,0.553649,0.781616,1.215112,1.903728,3.797780,5.458174,11.068266
1989-04-02,2.493290,Training,-0.579178,-0.346658,-0.235057,0.162875,0.567133,0.793119,1.230238,1.901301,3.754082,5.350024,10.873549
1989-04-03,2.417736,Training,-0.589472,-0.375569,-0.285189,0.116637,0.514310,0.760012,1.196747,1.895822,3.797364,5.519102,11.329300
1989-04-04,2.417736,Training,-0.585481,-0.366128,-0.258937,0.172635,0.609509,0.863460,1.321941,2.112966,4.141182,6.003410,12.284122
1989-04-05,2.417736,Training,-0.575431,-0.361374,-0.272190,0.098176,0.455185,0.650119,1.045842,1.671404,3.399518,4.964763,10.206809
1989-04-06,2.266627,Training,-0.605389,-0.386850,-0.271868,0.119395,0.495113,0.726310,1.142887,1.822274,3.758203,5.453219,11.339448
1989-04-07,2.191073,Training,-0.710528,-0.477965,-0.333035,0.175193,0.646264,1.093629,1.718584,2.953653,7.612696,11.327043,26.319824
1989-04-08,2.644399,Training,-0.213277,0.726382,1.870237,4.571965,7.498099,11.347070,15.548715,25.487226,70.353584,102.179924,205.101593
1989-04-09,34.301627,Training,1.733339,5.290379,8.073092,19.162170,32.294342,42.852814,54.647652,82.777641,158.404434,239.573746,425.199921
1989-04-10,19.039670,Training,1.412703,3.856853,5.567088,12.915881,20.967394,26.347565,32.246048,47.564884,80.642876,115.478584,199.167984
1989-04-11,8.386521,Training,0.180400,1.471302,2.321176,5.640072,9.363267,11.610476,14.612094,21.174870,35.582302,49.700516,87.832115
1989-04-12,5.817677,Training,-0.037647,0.988368,1.697123,4.062166,6.695398,8.211041,10.300666,14.636436,23.569067,32.238308,57.194271
1989-04-13,4.835472,Training,-0.221739,0.537662,1.101983,2.747503,4.594041,5.597807,7.028780,9.851725,15.489962,20.816156,37.534386
1989-04-14,4.079929,Training,-0.300632,0.330533,0.821071,2.183715,3.725208,4.461616,5.620070,7.773839,12.011485,16.045860,28.931740
1989-04-15,3.626604,Training,-0.513901,-0.111891,0.151755,0.988833,1.938908,2.398275,3.198528,4.553524,7.528959,10.217979,19.127092
1989-04-16,3.324387,Training,-0.560930,-0.245819,-0.109567,0.500847,1.164606,1.458124,2.088480,3.017525,5.305036,7.314437,13.989259
1989-04-17,3.022170,Training,-0.570158,-0.274924,-0.156606,0.417710,1.029901,1.282141,1.875192,2.712266,4.793206,6.627804,12.762192
1989-04-18,2.871061,Training,-0.606376,-0.336251,-0.209125,0.315496,0.856705,1.091100,1.615129,2.362161,4.241821,5.874784,11.432547
1989-04-19,2.644399,Training,-0.612462,-0.348222,-0.218441,0.297297,0.820484,1.055566,1.560102,2.299639,4.126600,5.715038,11.215158
1989-04-20,2.644399,Training,-0.615404,-0.351459,-0.217111,0.309108,0.845272,1.063819,1.573000,2.307065,4.078153,5.646605,11.023127
1989-04-21,2.644399,Training,-0.622879,-0.365767,-0.230601,0.280466,0.792894,1.001672,1.488383,2.191198,3.872211,5.382120,10.553191
1989-04-22,2.644399,Training,-0.631962,-0.395272,-0.282022,0.169480,0.600355,0.782946,1.208282,1.805499,3.300685,4.641353,9.208191
1989-04-23,2.493290,Training,-0.619176,-0.377779,-0.281792,0.164930,0.591395,0.758385,1.187394,1.775560,3.245005,4.564488,9.059224
1989-04-24,2.417736,Training,-0.708412,-0.455668,-0.340681,0.104807,0.488256,0.836612,1.315367,2.222249,5.203787,7.363460,16.909817
1989-04-25,6.724328,Training,-0.732743,-0.444163,-0.226417,0.632025,1.647800,2.670561,3.784670,6.922087,17.025229,25.826744,54.903526
1989-04-26,5.515460,Training,-0.648530,-0.294841,-0.124895,0.664967,1.601393,2.262535,3.256596,5.431541,11.423061,17.110424,34.637592
1989-04-27,4.079929,Training,-0.625045,-0.299737,-0.192373,0.341238,0.907412,1.256189,1.888155,3.032652,6.030953,8.879246,18.326279
1989-04-28,3.475495,Training,-0.616797,-0.294431,-0.172119,0.285241,0.741146,1.049674,1.555201,2.447067,4.672691,6.813523,14.091006
1989-04-29,3.022170,Training,-0.618458,-0.349507,-0.244132,0.111094,0.432349,0.629941,0.986096,1.539222,2.955522,4.316873,9.036832
1989-04-30,2.795507,Training,-0.615231,-0.368070,-0.270452,0.057440,0.335729,0.494439,0.806098,1.252772,2.423831,3.548583,7.452040
1989-05-01,2.644399,Training,-0.610721,-0.376468,-0.284972,0.030113,0.284040,0.419045,0.708528,1.096256,2.132046,3.132012,6.580636
1989-05-02,2.493290,Training,-0.599308,-0.368114,-0.289099,0.015240,0.251960,0.368332,0.644584,0.996858,1.938792,2.858495,6.014567
1989-05-03,2.266627,Training,-0.592509,-0.364035,-0.290191,0.005318,0.227722,0.333563,0.598014,0.925829,1.800362,2.667784,5.629569
1989-05-04,2.191073,Training,-0.587157,-0.360052,-0.289985,-0.001151,0.210795,0.310210,0.565333,0.877755,1.703906,2.536185,5.363794
1989-05-05,2.115519,Training,-0.585415,-0.364244,-0.286567,-0.005281,0.194616,0.291297,0.534669,0.827786,1.609587,2.408634,5.114258
1989-05-06,1.888856,Training,-0.582277,-0.366451,-0.281817,-0.004954,0.188344,0.283566,0.520526,0.800750,1.559005,2.339229,4.978015
1989-05-07,1.813302,Training,-0.581655,-0.348186,-0.289375,0.000945,0.211898,0.303173,0.560267,0.864038,1.653555,2.464654,5.205803
1989-05-08,1.813302,Training,-0.569901,-0.334701,-0.283718,-0.003313,0.194362,0.278265,0.524885,0.812089,1.556789,2.328959,4.947879
1989-05-09,1.813302,Training,-0.563498,-0.328083,-0.278613,-0.009016,0.173827,0.253960,0.487033,0.757045,1.454291,2.189863,4.686583
1989-05-10,1.813302,Training,-0.566259,-0.331914,-0.278338,-0.010631,0.165948,0.246619,0.474223,0.737503,1.416067,2.139449,4.583211
1989-05-11,1.662193,Training,-0.569452,-0.336125,-0.278035,-0.010057,0.164072,0.246243,0.471593,0.732091,1.400928,2.119123,4.534628
1989-05-12,1.586639,Training,-0.574092,-0.333052,-0.279114,-0.000104,0.185716,0.275110,0.511918,0.794125,1.496489,2.244071,4.787089
1989-05-13,1.586639,Training,-0.555181,-0.318113,-0.265998,-0.015388,0.134227,0.210499,0.412220,0.651150,1.252802,1.911241,4.168079
1989-05-14,1.586639,Training,-0.531181,-0.301412,-0.247842,-0.020544,0.104325,0.165568,0.341643,0.546726,1.076628,1.671066,3.701862
1989-05-15,1.511085,Training,-0.506506,-0.323312,-0.230410,-0.015796,0.098775,0.170444,0.325894,0.512203,1.052699,1.634215,3.619864
1989-05-16,1.435531,Training,-0.490558,-0.332739,-0.227458,-0.022055,0.094989,0.171896,0.312494,0.490138,1.008569,1.573243,3.489274
1989-05-17,1.284422,Training,-0.500627,-0.327035,-0.228677,-0.016359,0.100206,0.173866,0.325794,0.509524,1.046041,1.620826,3.590041
1989-05-18,1.133314,Training,-0.495527,-0.307439,-0.223188,-0.016016,0.091821,0.157030,0.305914,0.481157,0.982206,1.526769,3.417508
1989-05-19,1.057759,Training,-0.502172,-0.271376,-0.225622,-0.021608,0.076424,0.127659,0.276086,0.448946,0.889063,1.404661,3.205131
1989-05-20,0.906651,Training,-0.478257,-0.271805,-0.210546,-0.020089,0.065236,0.117647,0.247731,0.403984,0.830015,1.314941,3.039760
1989-05-21,0.831097,Training,-0.477496,-0.249007,-0.208818,-0.023957,0.052323,0.096854,0.220710,0.373453,0.758738,1.222452,2.882794
1989-05-22,0.831097,Training,-0.484487,-0.228296,-0.211848,-0.024379,0.046794,0.093614,0.218436,0.378540,0.754138,1.219778,2.956350
1989-05-23,0.831097,Training,-0.467564,-0.206365,-0.203753,-0.020114,0.050325,0.092359,0.214596,0.379258,0.754154,1.217840,2.978989
1989-05-24,0.831097,Training,-0.468390,-0.203707,-0.200282,-0.019225,0.048465,0.092149,0.211742,0.377607,0.752567,1.219874,3.013146
1989-05-25,0.906651,Training,-0.582775,-0.261617,-0.212200,0.026100,0.060184,0.265684,0.389457,0.660501,1.789610,2.442360,6.954288
1989-05-26,1.133314,Training,-0.547007,-0.057080,0.144596,0.611872,0.931692,1.574143,2.026954,3.124645,6.431423,9.869971,23.399784
1989-05-27,318.838911,Training,-0.428186,0.121255,0.252834,0.645596,0.880780,1.293576,1.635912,2.391664,4.103044,6.210567,13.484874
1989-05-28,58.025660,Training,-0.550774,-0.058853,0.096989,0.523130,0.726194,1.159807,1.508818,2.203921,4.215235,6.076270,14.497904
1989-05-29,16.395271,Training,-0.430765,0.117444,0.241224,0.626486,0.826005,1.203089,1.506303,2.194695,3.560249,5.317842,11.343058
1989-05-30,13.373101,Training,-0.454768,0.032213,0.147359,0.468553,0.611685,0.889597,1.120080,1.593894,2.571446,3.804448,8.203108
1989-05-31,24.026250,Training,-0.468624,-0.020206,0.089807,0.380349,0.500217,0.735548,0.927978,1.321345,2.119844,3.120142,6.792036
1989-06-01,10.728703,Training,-0.482393,-0.100505,-0.030369,0.223201,0.335380,0.487768,0.657758,0.958415,1.595210,2.383364,5.229436
1989-06-02,6.799882,Training,-0.486425,-0.126423,-0.068216,0.174947,0.278741,0.409706,0.568366,0.835167,1.416075,2.126641,4.726910
1989-06-03,4.986580,Training,-0.509391,-0.177217,-0.107977,0.140333,0.246444,0.376484,0.539138,0.795723,1.381552,2.067809,4.600044
1989-06-04,3.928821,Training,-0.522740,-0.215479,-0.151754,0.093652,0.208515,0.317571,0.488639,0.726891,1.285318,1.930231,4.307841
1989-06-05,3.173278,Training,-0.536283,-0.245453,-0.177638,0.071985,0.193243,0.298227,0.477131,0.711778,1.273030,1.912377,4.256421
1989-06-06,2.795507,Training,-0.549074,-0.266835,-0.197261,0.059610,0.189779,0.292821,0.482529,0.720642,1.291521,1.941128,4.292974
1989-06-07,2.493290,Training,-0.552105,-0.285200,-0.208644,0.047089,0.176527,0.277206,0.466425,0.697490,1.268284,1.911223,4.231367
1989-06-08,2.191073,Training,-0.567220,-0.300737,-0.221047,0.048122,0.193722,0.297861,0.503437,0.748849,1.342871,2.016329,4.408066
1989-06-09,1.964410,Training,-0.588057,-0.318880,-0.233622,0.058424,0.232023,0.344480,0.574828,0.846915,1.484620,2.213006,4.749979
1989-06-10,1.813302,Training,-0.561527,-0.349555,-0.231882,0.040296,0.194590,0.307269,0.515149,0.758478,1.438440,2.151307,4.677459
1989-06-11,1.662193,Training,-0.531279,-0.368285,-0.233864,0.019872,0.180057,0.297722,0.475351,0.705067,1.349994,2.035728,4.454544
1989-06-12,1.511085,Training,-0.515637,-0.360502,-0.233516,0.005826,0.164686,0.274860,0.438322,0.653748,1.226587,1.865247,4.102302
1989-06-13,1.435531,Training,-0.480998,-0.334072,-0.232971,-0.026896,0.102855,0.188833,0.322089,0.493905,0.950030,1.482690,3.345781
1989-06-14,1.359976,Training,-0.458251,-0.311970,-0.222911,-0.037038,0.064331,0.135291,0.246256,0.393047,0.802989,1.275783,2.959111
1989-06-15,1.208868,Training,-0.442324,-0.298276,-0.217720,-0.043685,0.051956,0.117099,0.217130,0.354147,0.720125,1.161445,2.738748
1989-06-16,1.133314,Training,-0.424701,-0.280602,-0.206800,-0.047509,0.032398,0.087706,0.172541,0.295702,0.627194,1.032701,2.502800
1989-06-17,1.057759,Training,-0.429767,-0.265328,-0.196052,-0.034278,0.024151,0.073978,0.160476,0.280019,0.634240,1.040333,2.540830
1989-06-18,0.982205,Training,-0.421774,-0.249155,-0.187797,-0.034232,0.013062,0.057330,0.136435,0.249136,0.579827,0.965663,2.418456
1989-06-19,0.906651,Training,-0.403130,-0.238600,-0.179602,-0.040773,-0.001496,0.039523,0.102295,0.206262,0.504547,0.859914,2.238180
1989-06-20,0.906651,Training,-0.399077,-0.238831,-0.173526,-0.041030,-0.007418,0.040255,0.092838,0.195625,0.486876,0.832025,2.227426
1989-06-21,0.831097,Training,-0.380815,-0.234987,-0.177358,-0.056668,-0.013521,0.026717,0.070715,0.166622,0.414898,0.736870,2.017494
1989-06-22,0.000000,Training,-0.369145,-0.227039,-0.178013,-0.064372,-0.016876,0.017709,0.058438,0.149562,0.365477,0.671205,1.888357
1989-06-23,0.000000,Training,-0.362543,-0.221308,-0.178295,-0.067167,-0.018878,0.011761,0.051586,0.139077,0.339353,0.636800,1.820113
1989-06-24,0.000000,Training,-0.353282,-0.210604,-0.179448,-0.072510,-0.020394,0.004566,0.046702,0.130424,0.302364,0.589764,1.723572
1989-06-25,0.000000,Training,-0.347614,-0.204962,-0.176355,-0.073451,-0.024542,-0.002485,0.035695,0.115462,0.278978,0.557656,1.671171
1989-06-26,0.000000,Training,-0.346664,-0.205401,-0.171373,-0.070909,-0.028935,-0.006744,0.024476,0.101511,0.273564,0.547681,1.667962
1989-06-27,0.000000,Training,-0.354210,-0.205451,-0.161099,-0.059069,-0.034798,-0.011580,0.014452,0.089350,0.295957,0.573299,1.744756
1989-06-28,0.000000,Training,-0.345913,-0.197418,-0.155982,-0.062088,-0.042186,-0.022378,-0.002981,0.066346,0.256788,0.520257,1.662902
1989-06-29,0.000000,Training,-0.344127,-0.198202,-0.157352,-0.065872,-0.043898,-0.023827,-0.006075,0.062989,0.246359,0.506520,1.638877
1989-06-30,0.000000,Training,-0.339592,-0.197510,-0.160724,-0.071619,-0.043899,-0.024835,-0.007189,0.061336,0.229104,0.484746,1.591447
1989-07-01,0.000000,Test,-0.339993,-0.197838,-0.160590,-0.071249,-0.044271,-0.025439,-0.007952,0.060229,0.229807,0.485563,1.593412
1989-07-02,0.000000,Test,-0.336373,-0.195477,-0.163182,-0.075053,-0.043698,-0.026483,-0.007359,0.060183,0.216998,0.470086,1.557368
1989-07-03,0.000000,Test,-0.344983,-0.198275,-0.157514,-0.065897,-0.045587,-0.026691,-0.008636,0.059144,0.245015,0.504960,1.637308
1989-07-04,0.000000,Test,-0.359804,-0.188335,-0.152348,-0.053061,-0.043742,-0.028783,0.000538,0.069456,0.277694,0.552257,1.738700
1989-07-05,0.000000,Test,-0.364523,-0.183214,-0.151230,-0.051700,-0.044960,-0.031984,0.000009,0.068928,0.276578,0.552988,1.749369
1989-07-06,0.000000,Test,-0.360496,-0.186216,-0.150107,-0.053924,-0.046894,-0.031795,-0.003667,0.064621,0.270681,0.543077,1.734208
1989-07-07,0.000000,Test,-0.347732,-0.196602,-0.154073,-0.065385,-0.050181,-0.031051,-0.013529,0.053405,0.243538,0.503344,1.650900
1989-07-08,0.000000,Test,-0.347383,-0.199884,-0.157019,-0.068485,-0.050034,-0.030169,-0.013010,0.054583,0.241809,0.501503,1.643098
1989-07-09,0.000000,Test,-0.345198,-0.201314,-0.159852,-0.072025,-0.050274,-0.030468,-0.013883,0.053606,0.234021,0.491336,1.618715
1989-07-10,0.000000,Test,-0.338148,-0.198376,-0.164502,-0.079066,-0.048841,-0.031181,-0.013130,0.053546,0.210947,0.462445,1.551859
1989-07-11,0.000000,Test,-0.336596,-0.197162,-0.165940,-0.080544,-0.048203,-0.031756,-0.012361,0.053897,0.206135,0.456863,1.536424
1989-07-12,0.000000,Test,-0.337673,-0.198465,-0.165230,-0.079556,-0.048859,-0.032238,-0.013726,0.052184,0.209279,0.460559,1.545608
1989-07-13,0.000000,Test,-0.338637,-0.199443,-0.164790,-0.079222,-0.049683,-0.032838,-0.014871,0.050849,0.211147,0.462757,1.552257
1989-07-14,0.000000,Test,-0.332319,-0.191760,-0.170127,-0.085787,-0.047633,-0.034600,-0.010025,0.055160,0.189415,0.437625,1.488471
1989-07-15,0.000000,Test,-0.329767,-0.186743,-0.173020,-0.089174,-0.047372,-0.037168,-0.008194,0.056368,0.177552,0.424016,1.454473
1989-07-16,0.000000,Test,-0.333811,-0.195234,-0.167826,-0.083899,-0.049647,-0.035959,-0.015288,0.048866,0.193519,0.441513,1.503478
1989-07-17,0.000000,Test,-0.331636,-0.192099,-0.170233,-0.086912,-0.049538,-0.037460,-0.013791,0.050080,0.184520,0.431216,1.478436
1989-07-18,0.000000,Test,-0.331701,-0.192285,-0.170932,-0.087981,-0.050277,-0.038351,-0.014412,0.049392,0.182860,0.429150,1.474957
1989-07-19,0.000000,Test,-0.337403,-0.199977,-0.166578,-0.083414,-0.053285,-0.038190,-0.020407,0.043500,0.199954,0.448688,1.528008
1989-07-20,0.000000,Test,-0.339308,-0.201566,-0.165758,-0.082941,-0.054592,-0.038033,-0.021276,0.043119,0.203886,0.453078,1.542475
1989-07-21,0.000000,Test,-0.335409,-0.196001,-0.168248,-0.086911,-0.053239,-0.036764,-0.016793,0.048179,0.189373,0.435026,1.504730
1989-07-22,0.000000,Test,-0.342979,-0.204414,-0.164258,-0.081947,-0.057515,-0.041002,-0.024966,0.039062,0.211443,0.462722,1.569315
1989-07-23,0.000000,Test,-0.347980,-0.205884,-0.162698,-0.079357,-0.059196,-0.042415,-0.024990,0.039510,0.224976,0.480953,1.611424
1989-07-24,0.000000,Test,-0.340246,-0.203633,-0.165941,-0.086290,-0.059516,-0.043738,-0.028166,0.034983,0.197861,0.445213,1.537353
1989-07-25,0.000000,Test,-0.334901,-0.198909,-0.169357,-0.090972,-0.058081,-0.044786,-0.026246,0.036237,0.180542,0.424149,1.486738
1989-07-26,0.000000,Test,-0.335183,-0.199783,-0.169906,-0.091279,-0.058204,-0.045148,-0.026394,0.036019,0.181533,0.425643,1.488781
1989-07-27,0.000000,Test,-0.334034,-0.198666,-0.171165,-0.092710,-0.058011,-0.045863,-0.025715,0.036472,0.177753,0.421351,1.477474
1989-07-28,0.000000,Test,-0.336584,-0.202197,-0.170139,-0.091758,-0.059369,-0.046010,-0.027713,0.034784,0.184826,0.429742,1.499553
1989-07-29,0.000000,Test,-0.341436,-0.207072,-0.168393,-0.089662,-0.061381,-0.046274,-0.029746,0.033491,0.198547,0.446766,1.541388
1989-07-30,0.000000,Test,-0.337291,-0.203609,-0.171261,-0.093477,-0.060293,-0.046774,-0.027820,0.035008,0.185298,0.430655,1.502651
1989-07-31,0.000000,Test,-0.335995,-0.202205,-0.172843,-0.095303,-0.059865,-0.047239,-0.026517,0.036314,0.180900,0.425655,1.489262
1989-08-01,0.000000,Test,-0.335805,-0.202312,-0.173616,-0.096056,-0.059811,-0.047585,-0.026070,0.036773,0.180512,0.425537,1.487544
1989-08-02,0.000000,Test,-0.345482,-0.212180,-0.169599,-0.091119,-0.063244,-0.047370,-0.029742,0.034742,0.209808,0.461924,1.575782
1989-08-03,0.000000,Test,-0.366645,-0.220188,-0.163526,-0.081531,-0.065236,-0.038850,-0.017342,0.054191,0.270232,0.540913,1.781326
1989-08-04,0.000000,Test,-0.368413,-0.220940,-0.163690,-0.082877,-0.066554,-0.040231,-0.017123,0.055514,0.274775,0.548419,1.796451
1989-08-05,0.000000,Test,-0.363682,-0.220315,-0.167536,-0.088060,-0.066860,-0.048533,-0.022144,0.048081,0.262596,0.536711,1.745937
1989-08-06,0.000000,Test,-0.363961,-0.222785,-0.169479,-0.088953,-0.066341,-0.047503,-0.020838,0.050036,0.266227,0.541521,1.751585
1989-08-07,0.000000,Test,-0.360618,-0.224313,-0.171599,-0.090948,-0.065920,-0.046430,-0.021918,0.048427,0.258307,0.529490,1.722311
1989-08-08,0.000000,Test,-0.352112,-0.221678,-0.173715,-0.095108,-0.064607,-0.045719,-0.024605,0.043775,0.231560,0.492312,1.640986
1989-08-09,0.000000,Test,-0.360419,-0.225862,-0.171211,-0.092061,-0.063742,-0.033741,-0.013850,0.057650,0.247095,0.510651,1.733618
1989-08-10,0.000000,Test,-0.351049,-0.222181,-0.175386,-0.097601,-0.064050,-0.045062,-0.022400,0.046425,0.229094,0.490201,1.635697
1989-08-11,0.000000,Test,-0.353438,-0.224426,-0.175234,-0.097274,-0.064061,-0.044517,-0.021513,0.048301,0.238122,0.501897,1.660840
1989-08-12,0.000000,Test,-0.355332,-0.226691,-0.176496,-0.096731,-0.064017,-0.044586,-0.020096,0.050290,0.247540,0.514588,1.683577
1989-08-13,0.000000,Test,-0.353133,-0.225494,-0.177048,-0.097976,-0.063585,-0.044718,-0.020117,0.049827,0.241394,0.506418,1.665566
1989-08-14,0.000000,Test,-0.357686,-0.228893,-0.176308,-0.096792,-0.064463,-0.044752,-0.018636,0.052884,0.258407,0.529344,1.716356
1989-08-15,0.000000,Test,-0.356679,-0.228717,-0.176522,-0.097527,-0.064427,-0.044915,-0.018717,0.052646,0.256335,0.526618,1.710772
1989-08-16,0.000000,Test,-0.356409,-0.228898,-0.176486,-0.098007,-0.064481,-0.045032,-0.018574,0.052931,0.256775,0.527308,1.712972
1989-08-17,0.000000,Test,-0.354840,-0.228293,-0.176851,-0.098818,-0.064147,-0.045032,-0.018544,0.052702,0.253042,0.522482,1.702101
1989-08-18,0.000000,Test,-0.356542,-0.229777,-0.176506,-0.098511,-0.064364,-0.044962,-0.017499,0.054548,0.261056,0.533457,1.726248
1989-08-19,0.000000,Test,-0.355835,-0.229538,-0.176273,-0.098781,-0.064249,-0.045048,-0.017392,0.054593,0.260643,0.533031,1.725929
1989-08-20,0.000000,Test,-0.349344,-0.224510,-0.176711,-0.100483,-0.062912,-0.045514,-0.018564,0.051431,0.240216,0.506192,1.667084
1989-08-21,0.000000,Test,-0.342217,-0.216847,-0.178045,-0.102544,-0.060779,-0.046529,-0.017353,0.050740,0.218940,0.479986,1.605433
1989-08-22,0.000000,Test,-0.337024,-0.210079,-0.178727,-0.104324,-0.060035,-0.048859,-0.017317,0.049378,0.202658,0.460139,1.560109
1989-08-23,0.000000,Test,-0.333033,-0.204133,-0.179247,-0.106014,-0.059873,-0.051438,-0.017604,0.048002,0.189154,0.443827,1.523688
1989-08-24,0.000000,Test,-0.333435,-0.205946,-0.177667,-0.105058,-0.060131,-0.051056,-0.018990,0.046612,0.193255,0.448322,1.536414
1989-08-25,0.000000,Test,-0.338206,-0.213644,-0.174216,-0.102560,-0.061961,-0.049568,-0.022154,0.044667,0.211294,0.469253,1.591075
1989-08-26,0.000000,Test,-0.351519,-0.225787,-0.170702,-0.099535,-0.065682,-0.049121,-0.021027,0.050661,0.259130,0.531621,1.734728
1989-08-27,0.000000,Test,-0.353850,-0.226960,-0.169615,-0.099262,-0.066311,-0.049007,-0.019348,0.053857,0.270143,0.546990,1.770290
1989-08-28,0.000000,Test,-0.346390,-0.221859,-0.168792,-0.100848,-0.066508,-0.050680,-0.025066,0.045110,0.242125,0.508379,1.691748
1989-08-29,0.000000,Test,-0.399081,-0.253002,-0.173214,-0.096654,-0.072765,-0.038374,0.009824,0.087768,0.382601,0.711228,2.302457
1989-08-30,0.000000,Test,-0.381337,-0.239830,-0.157989,-0.096369,-0.073571,-0.035331,0.001397,0.091519,0.359626,0.675382,2.140916
1989-08-31,0.000000,Test,-0.363722,-0.233272,-0.162688,-0.102465,-0.069606,-0.043956,-0.014177,0.067958,0.301335,0.596510,1.909924
1989-09-01,0.000000,Test,-0.350848,-0.226052,-0.167583,-0.101050,-0.063723,-0.043825,-0.017165,0.057849,0.261410,0.537688,1.754857
1989-09-02,0.000000,Test,-0.354371,-0.229480,-0.168825,-0.099755,-0.062730,-0.043133,-0.012711,0.064471,0.282273,0.566390,1.808402
1989-09-03,0.000000,Test,-0.359537,-0.230169,-0.163191,-0.094905,-0.062366,-0.035000,-0.006461,0.074712,0.302624,0.589562,1.884218
1989-09-04,0.000000,Test,-0.395521,-0.254267,-0.169986,-0.095489,-0.068212,-0.030651,0.015268,0.097519,0.391073,0.724796,2.324750
1989-09-05,0.000000,Test,-0.429699,-0.270962,-0.177405,-0.099358,-0.069044,-0.014175,0.044802,0.142891,0.504979,0.906677,2.830473
1989-09-06,0.000000,Test,-0.482643,-0.313564,-0.190311,-0.102010,-0.067256,0.031046,0.104501,0.249780,0.777719,1.352960,4.072292
1989-09-07,0.000000,Test,-0.568867,-0.339278,-0.246738,-0.067142,-0.021045,0.160093,0.292363,0.542127,1.660970,2.543926,7.980326
1989-09-08,0.000000,Test,-0.481647,-0.291948,-0.115522,0.000374,0.101042,0.300347,0.430980,0.755482,1.738187,2.887425,7.133749
1989-09-09,0.000000,Test,-0.472682,-0.285297,-0.125403,-0.021889,0.074467,0.215183,0.337564,0.613209,1.390786,2.294087,5.628636
1989-09-10,0.000000,Test,-0.451083,-0.271930,-0.149675,-0.058432,0.031065,0.114182,0.223459,0.429687,0.987934,1.639330,4.044220
1989-09-11,0.000000,Test,-0.425896,-0.261276,-0.154835,-0.070651,0.009332,0.069769,0.162465,0.323131,0.772126,1.283841,3.255285
1989-09-12,0.000000,Test,-0.412275,-0.255647,-0.154465,-0.070977,0.002635,0.056995,0.139076,0.281165,0.687102,1.146760,2.963097
1989-09-13,0.000000,Test,-0.403036,-0.252373,-0.154569,-0.071807,-0.002567,0.047763,0.121084,0.251331,0.627586,1.054135,2.776266
1989-09-14,0.000000,Test,-0.398238,-0.250670,-0.155397,-0.074001,-0.006637,0.039901,0.110853,0.235497,0.597806,1.010164,2.689222
1989-09-15,0.000000,Test,-0.393368,-0.248795,-0.156512,-0.076224,-0.011003,0.032407,0.100228,0.219446,0.567192,0.965665,2.599810
1989-09-16,0.000000,Test,-0.395147,-0.247908,-0.156270,-0.078082,-0.013037,0.028538,0.103632,0.226761,0.586944,1.000245,2.676758
1989-09-17,0.000000,Test,-0.387411,-0.241217,-0.154116,-0.081626,-0.021236,0.015356,0.086193,0.203805,0.544274,0.942884,2.564930
1989-09-18,0.000000,Test,-0.389654,-0.242005,-0.144294,-0.075377,-0.029708,0.021894,0.074524,0.187260,0.514229,0.887702,2.556278
1989-09-19,0.000000,Test,-0.377462,-0.238188,-0.154752,-0.085962,-0.031302,0.001199,0.060076,0.167403,0.473998,0.842310,2.372529
1989-09-20,0.000000,Test,-0.374288,-0.235936,-0.154140,-0.086524,-0.032953,-0.002267,0.054417,0.159556,0.460058,0.822907,2.335942
1989-09-21,0.000000,Test,-0.371344,-0.234172,-0.154912,-0.086040,-0.036413,-0.005689,0.048346,0.151189,0.445977,0.801541,2.298119
1989-09-22,0.000000,Test,-0.370575,-0.232246,-0.156022,-0.089798,-0.038290,-0.013473,0.050170,0.156751,0.462962,0.835938,2.366654
1989-09-23,0.000000,Test,-0.364243,-0.227754,-0.154191,-0.090579,-0.042383,-0.019348,0.039315,0.141769,0.433676,0.793640,2.283330
1989-09-24,0.000000,Test,-0.356493,-0.222839,-0.151589,-0.090397,-0.046646,-0.024593,0.024308,0.119799,0.388711,0.725696,2.148912
1989-09-25,0.000000,Test,-0.354132,-0.218095,-0.148261,-0.092405,-0.048457,-0.031030,0.021870,0.119339,0.389050,0.732213,2.162895
1989-09-26,0.000000,Test,-0.341329,-0.206228,-0.139018,-0.090486,-0.051982,-0.040968,0.002475,0.090685,0.332593,0.650499,2.004112
1989-09-27,0.000000,Test,-0.333658,-0.203687,-0.139771,-0.090112,-0.053048,-0.041856,-0.010935,0.067772,0.281261,0.571834,1.842914
1989-09-28,0.000000,Test,-0.329377,-0.201621,-0.141474,-0.091055,-0.052744,-0.042528,-0.016245,0.058057,0.254089,0.532694,1.760547
1989-09-29,0.000000,Test,-0.341789,-0.207197,-0.140212,-0.088577,-0.056006,-0.033883,-0.011147,0.059296,0.249202,0.525893,1.843627
1989-09-30,0.000000,Test,-0.342548,-0.209145,-0.139746,-0.091681,-0.052276,-0.037107,0.003380,0.093250,0.331871,0.647296,2.004136
1989-10-01,0.000000,Training,-0.430917,-0.221200,-0.160311,-0.087025,-0.050239,-0.001635,0.069022,0.173037,0.551595,0.974582,3.068555
1989-10-02,0.000000,Training,-0.392735,-0.246188,-0.136954,-0.101166,-0.055855,0.005103,0.055264,0.197224,0.539814,1.005197,2.845962
1989-10-03,0.000000,Training,-0.387462,-0.237531,-0.131153,-0.088037,-0.035199,0.021573,0.070840,0.214562,0.563488,1.015319,2.836306
1989-10-04,0.000000,Validation,-0.365415,-0.223717,-0.141117,-0.086453,-0.033060,0.000699,0.050389,0.165294,0.458138,0.828506,2.354699
1989-10-05,0.000000,Validation,-0.362512,-0.217832,-0.135033,-0.082374,-0.031738,0.003699,0.052549,0.166473,0.456328,0.819034,2.345950
1989-10-06,0.000000,Validation,-0.355044,-0.215604,-0.139203,-0.084804,-0.031920,-0.004490,0.044180,0.149809,0.424075,0.774362,2.228716
1989-10-07,0.000000,Validation,-0.346705,-0.211273,-0.139758,-0.085597,-0.035254,-0.010505,0.027938,0.122664,0.366671,0.688524,2.055216
1989-10-08,0.000000,Validation,-0.343712,-0.210166,-0.141486,-0.086105,-0.035995,-0.013087,0.023568,0.114607,0.348947,0.662887,2.000050
1989-10-09,0.000000,Validation,-0.348767,-0.210042,-0.138111,-0.084962,-0.033280,-0.010567,0.040905,0.143829,0.413971,0.761138,2.196328
1989-10-10,0.000000,Validation,-0.348388,-0.206318,-0.136255,-0.085857,-0.031843,-0.010835,0.050031,0.159467,0.443649,0.811313,2.292258
1989-10-11,0.000000,Validation,-0.347219,-0.203355,-0.135362,-0.086676,-0.030965,-0.010256,0.054646,0.167539,0.456468,0.834653,2.333411
1989-10-12,0.000000,Validation,-0.355102,-0.204936,-0.126867,-0.080105,-0.032136,0.003464,0.062684,0.181175,0.481160,0.862491,2.447863
1989-10-13,0.075554,Validation,-0.459414,-0.192339,-0.150861,-0.040539,-0.029850,0.097151,0.181196,0.326472,1.019689,1.570598,4.713751
1989-10-14,0.075554,Validation,-0.607600,-0.338567,-0.151220,0.239788,0.489213,1.003710,1.459568,2.449629,6.946344,10.926819,32.700459
1989-10-15,3.173278,Validation,-0.371597,-0.053248,0.289908,0.509461,0.829239,1.373841,1.847721,2.837090,6.074869,10.094823,25.325907
1989-10-16,0.755542,Validation,-0.468904,-0.040571,0.156167,0.655334,0.898931,1.481797,2.018090,3.015491,7.939360,11.553017,32.006630
1989-10-17,16.999705,Validation,-0.362082,0.164425,0.721493,1.784929,3.009039,4.671756,6.763887,10.991063,27.678253,47.253403,122.439476
1989-10-18,8.839847,Validation,-0.148444,0.298892,0.711380,1.078783,1.642668,2.304940,3.101106,4.519505,8.538863,13.886341,29.957870
1989-10-19,4.382146,Validation,-0.310855,-0.004469,0.247700,0.413899,0.693647,0.984847,1.341146,1.972405,3.589451,5.657017,12.148878
1989-10-20,3.702158,Validation,-0.373255,-0.138539,0.029714,0.143023,0.321919,0.482963,0.698931,1.072123,2.006320,3.173393,6.995283
1989-10-21,2.871061,Validation,-0.387894,-0.192772,-0.055750,0.051401,0.189558,0.308194,0.473460,0.742391,1.450655,2.287567,5.172496
1989-10-22,2.644399,Validation,-0.397833,-0.209590,-0.063121,0.043257,0.154615,0.287433,0.428503,0.675429,1.359741,2.115437,5.008894
1989-10-23,3.475495,Validation,-0.497676,-0.268353,-0.114348,0.104586,0.249947,0.452243,0.705737,1.052546,2.473273,3.873735,9.937800
1989-10-24,121.037899,Validation,-0.445340,-0.219564,0.052845,0.254907,0.451864,0.791567,1.101548,1.679881,3.577656,5.777878,14.056761
1989-10-25,14.355306,Validation,-0.392991,-0.166803,0.037328,0.199796,0.398596,0.618047,0.876875,1.313267,2.582467,4.079093,9.033446
1989-10-26,6.346557,Validation,-0.467364,-0.250696,-0.050049,0.147808,0.318212,0.546632,0.827662,1.224392,2.697259,4.244332,10.474166
1989-10-27,9.444281,Validation,-0.563944,-0.301618,-0.041561,0.378619,0.744483,1.220785,1.860414,2.867560,7.081622,11.429537,29.577705
1989-10-28,11.333137,Validation,-0.396114,-0.085737,0.214723,0.527008,0.981642,1.418016,2.046710,3.064650,6.003063,9.777685,21.024717
1989-10-29,6.346557,Validation,-0.406322,-0.128256,0.132254,0.401598,0.771344,1.103509,1.578812,2.321937,4.355336,6.821257,14.400473
1989-10-30,4.004375,Validation,-0.449500,-0.219902,0.000291,0.242182,0.544612,0.792196,1.164620,1.726465,3.194713,4.875337,10.386080
1989-10-31,3.173278,Validation,-0.455652,-0.252807,-0.070113,0.142268,0.396854,0.589598,0.903894,1.341947,2.513793,3.816930,8.194200
1989-11-01,2.417736,Validation,-0.429929,-0.244428,-0.100182,0.063381,0.257506,0.395983,0.640647,0.959547,1.857372,2.849834,6.235430
1989-11-02,2.039965,Validation,-0.406851,-0.227463,-0.109410,0.020201,0.180874,0.283339,0.484666,0.736485,1.459368,2.269809,5.072937
1989-11-03,1.662193,Validation,-0.398430,-0.214098,-0.115696,0.007398,0.167052,0.256219,0.453395,0.691595,1.364016,2.133072,4.786707
1989-11-04,1.359976,Validation,-0.377469,-0.186664,-0.114634,-0.008703,0.139700,0.201606,0.381763,0.583177,1.159991,1.844305,4.234751
1989-11-05,1.208868,Validation,-0.367028,-0.178451,-0.104908,-0.014453,0.118496,0.173524,0.333057,0.517558,1.040596,1.668136,3.877069
1989-11-06,1.133314,Validation,-0.382376,-0.201054,-0.118172,-0.016847,0.119922,0.186033,0.353989,0.550411,1.112411,1.770170,4.043612
1989-11-07,0.982205,Validation,-0.397206,-0.225282,-0.138321,-0.022919,0.117149,0.193409,0.369542,0.580048,1.179578,1.866328,4.209561
1989-11-08,0.906651,Validation,-0.411455,-0.244843,-0.150436,-0.021752,0.123350,0.213821,0.398960,0.628091,1.275763,2.001659,4.471885
1989-11-09,0.906651,Validation,-0.421739,-0.256963,-0.158868,-0.017252,0.141123,0.237154,0.439100,0.684068,1.377253,2.149167,4.731282
1989-11-10,0.906651,Validation,-0.430588,-0.262334,-0.163247,-0.013319,0.155661,0.256604,0.471397,0.729437,1.454314,2.258081,4.934968
1989-11-11,0.906651,Validation,-0.479282,-0.305908,-0.178211,-0.010992,0.139502,0.275901,0.509571,0.777726,1.701622,2.651105,6.293112
1989-11-12,0.755542,Validation,-0.479675,-0.309854,-0.147738,0.006939,0.162390,0.333834,0.567105,0.902181,1.910303,3.021764,7.184591
1989-11-13,0.755542,Validation,-0.502413,-0.323240,-0.138496,0.048155,0.233865,0.451452,0.728416,1.147875,2.449484,3.885491,9.147725
1989-11-14,109.553654,Validation,-0.579956,-0.337627,-0.196384,0.103033,0.361220,0.643859,1.084330,1.704782,4.057372,6.522508,16.079887
1989-11-15,42.461485,Validation,-0.547301,-0.293089,-0.039125,0.287850,0.676197,1.133853,1.756502,2.773803,6.188990,10.231666,25.432312
1989-11-16,22.061839,Validation,-0.509169,-0.247586,-0.003624,0.287960,0.664816,1.060317,1.572659,2.448533,4.931847,7.822694,17.758907
1989-11-17,42.461485,Validation,-0.587888,-0.302604,-0.111482,0.309068,0.753335,1.169844,1.907919,2.944251,6.910705,11.190811,27.469032
1989-11-18,63.843336,Validation,-0.584093,-0.096199,0.384938,1.768209,3.450794,5.108798,8.183343,13.758436,37.683067,63.213390,165.124908
1989-11-19,,,-0.438441,-0.053180,0.627267,1.293415,2.365460,3.353970,4.512001,7.011232,14.455753,22.061378,52.394470
1989-11-20,117.109079,Validation,1.923576,5.410312,10.067794,20.639307,33.451061,45.307758,62.452118,96.497093,185.987991,306.305420,650.402710
1989-11-21,593.705251,Validation,3.600942,10.259266,18.129982,36.668400,56.948387,74.847176,102.084656,153.175613,289.314209,466.347382,949.889709
1989-11-22,633.371229,Validation,27.867872,57.284206,83.889862,134.126923,171.412125,213.400513,256.412201,333.432831,600.399109,906.768250,1468.354858
1989-11-23,165.841566,Validation,19.502604,31.914528,47.225914,77.800285,103.116737,122.446793,141.540039,182.719040,273.104401,401.852722,651.325317
1989-11-24,82.883006,Validation,9.172973,15.065058,25.088495,38.802319,52.168144,63.095947,70.966949,93.979279,133.530731,187.792236,330.785706
1989-11-25,56.741237,Validation,10.583588,22.955948,39.014862,62.816734,88.437637,108.113388,134.108368,176.403732,294.912201,418.633606,784.247681
1989-11-26,,,1.122873,2.570107,6.713139,9.917495,14.677061,17.813074,20.276606,28.682896,45.236725,62.981293,135.994278
1989-11-27,165.841566,Validation,19.183613,26.956276,39.074821,56.674313,72.341393,80.492424,87.193672,106.797806,144.297867,193.455627,303.424500
1989-11-28,48.203608,Validation,8.821593,13.728954,20.659922,29.061750,37.423607,40.865685,44.744671,53.670090,68.144463,87.113205,145.961044
1989-11-29,28.257287,Validation,6.304214,10.887870,18.654356,25.905449,33.879837,39.092690,45.596268,55.076130,78.965820,101.072075,201.228470
1989-11-30,24.404021,Validation,6.106210,9.605241,14.910295,20.635273,26.845467,28.733114,31.845198,38.043800,47.846603,60.533867,105.736198
1989-12-01,18.888561,Validation,4.398817,7.076587,10.975491,15.436607,20.145950,21.470188,23.645502,28.176311,34.392872,42.857841,75.302849
1989-12-02,16.093054,Validation,3.652468,5.785391,9.147572,12.565306,16.164145,17.212500,18.676733,22.142557,26.370905,31.797915,57.288433
1989-12-03,,,2.980281,5.353561,11.660184,15.974817,21.947144,25.361732,27.704039,36.306015,53.123821,70.960526,149.031937
1989-12-04,,,2.445003,4.552925,10.356719,14.434187,20.141529,23.475483,25.782154,34.501942,51.042610,68.935371,144.819000
1990-02-17,1.737748,Training,,,,,,,,,,,
1990-02-18,1.737748,Training,,,,,,,,,,,
1990-02-19,1.737748,Training,-0.519299,-0.356644,-0.271602,-0.006765,0.247006,0.372483,0.658887,1.092274,2.167687,3.177214,6.440304
1990-02-20,1.737748,Training,-0.518278,-0.358372,-0.270902,-0.013567,0.230221,0.353887,0.630487,1.051683,2.101853,3.092984,6.283547
1990-02-21,1.359976,Training,-0.517561,-0.358862,-0.270823,-0.016457,0.222311,0.344286,0.616832,1.030470,2.069129,3.050599,6.207157
1990-02-22,1.359976,Training,-0.513752,-0.354713,-0.269913,-0.019726,0.212736,0.330512,0.598321,1.001148,2.020716,2.983361,6.086791
1990-02-23,1.359976,Training,-0.512211,-0.353027,-0.269441,-0.021639,0.207034,0.322863,0.587799,0.985237,1.996383,2.951571,6.034068
1990-02-24,1.359976,Training,-0.509095,-0.347608,-0.268872,-0.020663,0.207082,0.319575,0.584995,0.978024,1.982766,2.927237,5.986145
1990-02-25,1.359976,Training,-0.505718,-0.341092,-0.267719,-0.017074,0.212759,0.322277,0.591326,0.983828,1.988119,2.928170,5.982157
1990-02-26,1.359976,Training,-0.507023,-0.343898,-0.268069,-0.020245,0.205561,0.315384,0.579912,0.969650,1.967200,2.902676,5.936518
1990-02-27,1.359976,Training,-0.510551,-0.349572,-0.269589,-0.022476,0.201970,0.314120,0.576237,0.968327,1.969428,2.911205,5.953735
1990-02-28,1.057759,Training,-0.513320,-0.352370,-0.271348,-0.021159,0.206282,0.319485,0.584299,0.980402,1.991761,2.940483,5.999832
1990-03-01,1.057759,Training,-0.508527,-0.342974,-0.269952,-0.014660,0.217833,0.326811,0.598775,0.994793,2.010168,2.953822,6.013160
1990-03-02,1.057759,Training,-0.513058,-0.342913,-0.255661,-0.001013,0.221399,0.356029,0.621360,1.036402,2.099674,3.073504,6.397648
1990-03-03,1.057759,Training,-0.568227,-0.316999,-0.228550,0.057805,0.222981,0.513149,0.793583,1.391723,3.649392,5.433300,13.789783
1990-03-04,1.359976,Training,-0.516412,-0.088742,0.295426,1.444616,2.959419,4.428540,6.640707,11.486186,31.338125,50.072517,116.860779
1990-03-05,3.626604,Training,-0.210522,0.710851,1.475703,3.899900,7.030843,9.871260,14.476686,23.815996,61.606453,92.320862,205.468719
1990-03-06,6.346557,Training,0.215740,1.293353,2.361338,5.393148,9.354541,12.870593,17.665215,28.740179,59.427849,91.178291,185.454193
1990-03-07,4.911026,Training,-0.167338,0.656661,1.371151,3.369892,5.905607,8.108093,11.641399,18.273853,41.003639,61.530544,128.998962
1990-03-08,3.626604,Training,-0.074156,0.714176,1.421643,3.236928,5.496382,7.533077,10.194317,15.992980,31.531897,46.900837,93.093491
1990-03-09,3.626604,Training,-0.295350,0.237528,0.645046,1.714756,3.039334,4.006664,5.472924,8.264878,15.527885,22.557339,42.406635
1990-03-10,3.626604,Training,-0.421625,0.043746,0.478190,1.469121,2.644917,3.637862,5.101654,7.636839,15.820951,22.761286,46.667152
1990-03-11,5.591014,Training,-0.366520,0.141294,0.704319,1.955963,3.488081,4.747139,6.545108,9.966933,20.383797,29.770109,60.764839
1990-03-12,5.591014,Training,-0.343382,0.171997,0.664404,1.842281,3.255253,4.355307,5.807344,8.836625,16.470133,23.594488,45.477707
1990-03-13,6.346557,Training,-0.346662,0.153903,0.617608,1.759017,3.158055,4.026632,5.323917,7.913744,13.773513,19.293751,35.755146
1990-03-14,5.591014,Training,-0.337447,0.151401,0.649563,1.779945,3.162746,3.949193,5.117330,7.465979,12.336765,16.897293,31.057556
1990-03-15,4.231038,Training,-0.362099,0.084535,0.558708,1.598440,2.862408,3.543406,4.567915,6.574746,10.640584,14.421763,26.501612
1990-03-16,4.231038,Training,-0.395076,0.012956,0.449028,1.399929,2.550823,3.149673,4.076414,5.844707,9.416936,12.731621,23.537533
1990-03-17,3.097724,Training,-0.397748,0.002611,0.425194,1.359258,2.482464,3.037383,3.933331,5.595268,8.920787,11.987387,22.142075
1990-03-18,3.097724,Training,-0.395147,-0.000227,0.429469,1.356782,2.467606,2.989465,3.863424,5.451101,8.602892,11.517243,21.275827
1990-03-19,2.568844,Training,-0.389813,0.000582,0.446321,1.370340,2.473265,2.965028,3.819837,5.345177,8.354114,11.148994,20.627136
1990-03-20,2.568844,Training,-0.369219,0.023628,0.498499,1.439995,2.551823,3.014693,3.856254,5.336100,8.215067,10.889650,20.185308
1990-03-21,2.115519,Training,-0.399113,-0.035729,0.406093,1.292609,2.329363,2.749323,3.542983,4.948580,7.676435,10.212716,19.051643
1990-03-22,2.115519,Training,-0.519375,-0.232050,0.066339,0.747920,1.541051,1.887965,2.558017,3.702061,6.119859,8.280892,15.796134
1990-03-23,1.737748,Training,-0.564531,-0.310112,-0.088860,0.494914,1.157075,1.450487,2.046789,3.021199,5.209998,7.110640,13.689275
1990-03-24,1.737748,Training,-0.597999,-0.378571,-0.221572,0.252163,0.762143,0.999856,1.494372,2.255231,4.131026,5.726353,11.186271
1990-03-25,1.737748,Training,-0.606269,-0.408470,-0.271279,0.144057,0.574881,0.775325,1.207873,1.855139,3.530582,4.980360,9.828065
1990-03-26,1.359976,Training,-0.593040,-0.406054,-0.290664,0.064109,0.414843,0.575782,0.948160,1.465209,2.889134,4.137527,8.226747
1990-03-27,1.359976,Training,-0.581465,-0.395225,-0.296047,0.043822,0.367989,0.513961,0.867387,1.349671,2.691496,3.860044,7.703222
1990-03-28,1.359976,Training,-0.597347,-0.401977,-0.289970,0.093067,0.475266,0.643933,1.041327,1.600590,3.099124,4.386177,8.663672
1990-03-29,1.359976,Training,-0.576141,-0.385665,-0.291146,0.042641,0.361586,0.498058,0.847122,1.309417,2.600894,3.729716,7.437465
1990-03-30,1.359976,Training,-0.546425,-0.355882,-0.265700,0.020030,0.264908,0.392580,0.693653,1.082496,2.245585,3.280381,6.915698
1990-03-31,2.115519,Training,-0.624618,-0.386059,-0.289925,0.015129,0.220431,0.459308,0.765040,1.300450,3.190205,4.785021,11.447562
1990-04-01,7.177653,Test,-0.667858,-0.359637,-0.086479,0.703097,1.489548,2.518535,3.633187,6.479761,18.886709,27.878378,68.692924
1990-04-02,10.048714,Test,-0.420868,0.103251,0.498823,1.776014,3.448401,4.899571,6.881962,11.266437,25.281084,38.559345,79.077988
1990-04-03,6.346557,Test,-0.475366,-0.048190,0.170619,0.960048,1.896244,2.542295,3.635316,5.663900,11.509891,16.818863,33.585808
1990-04-04,4.911026,Test,-0.532570,-0.177271,0.016308,0.609292,1.281693,1.752608,2.493523,3.855797,7.501831,10.771269,21.628510
1990-04-05,375.277931,Test,-0.354779,0.363871,1.072500,2.646524,3.844245,5.823979,7.760271,11.710320,31.831072,43.370903,88.188202
1990-04-06,135.695423,Test,0.727510,2.419688,3.921409,9.578879,16.600813,22.031811,28.123466,44.119892,84.730965,127.000023,232.554504
1990-04-07,52.736862,Test,0.057634,1.283420,2.178145,5.836523,10.345201,13.607427,18.530603,28.434452,58.249401,84.838692,163.850433
1990-04-08,173.094774,Test,0.292686,2.190128,3.443394,8.944083,15.505893,20.216621,27.639263,42.555477,86.555519,124.769928,238.308716
1990-04-09,92.327286,Test,0.957157,3.117667,4.748477,11.238356,18.484835,23.411142,29.747740,43.942657,78.501381,112.950867,201.150360
1990-04-10,36.341591,Test,0.793752,2.642983,3.797665,8.648232,13.919816,16.680941,20.729803,29.121132,47.349159,66.148972,110.786003
1990-04-11,20.172983,Test,0.244970,1.553612,2.462135,5.586344,8.960154,10.753197,13.325446,18.491587,29.317886,40.043335,68.363472
1990-04-12,13.373101,Test,-0.042913,0.926903,1.698402,3.899741,6.279527,7.534456,9.326136,12.867476,19.954712,27.037153,47.143703
1990-04-13,10.048714,Test,-0.241022,0.466185,1.003355,2.548451,4.261513,5.097414,6.391889,8.826099,13.647309,18.241894,32.380081
1990-04-14,8.084304,Test,-0.321464,0.276624,0.718814,2.007484,3.451369,4.102096,5.202532,7.157986,11.044469,14.702531,26.396229
1990-04-15,6.346557,Test,-0.390644,0.130965,0.548192,1.675001,2.928336,3.481986,4.436779,6.075935,9.352807,12.477807,22.715450
1990-04-16,4.911026,Test,-0.420667,0.060598,0.447141,1.484738,2.629514,3.101843,3.987001,5.430343,8.331308,11.117744,20.376810
1990-04-17,4.231038,Test,-0.425407,0.037526,0.439666,1.447878,2.538894,2.949995,3.790564,5.098601,7.711864,10.294868,18.962627
1990-04-18,3.626604,Test,-0.495810,-0.100653,0.227764,1.079021,1.998486,2.339672,3.086151,4.223157,6.547175,8.858900,16.582092
1990-04-19,3.097724,Test,-0.573777,-0.253432,-0.026902,0.641919,1.357157,1.634822,2.259605,3.186311,5.203838,7.137351,13.643966
1990-04-20,2.568844,Test,-0.601201,-0.320045,-0.173523,0.382520,0.964929,1.188213,1.733094,2.510103,4.313427,5.973883,11.572154
1990-04-21,2.568844,Test,-0.589659,-0.310392,-0.175089,0.366280,0.925586,1.162795,1.712195,2.507639,4.386497,6.126014,12.272011
1990-04-22,2.115519,Test,-0.601920,-0.321601,-0.173894,0.376159,0.945923,1.198879,1.762990,2.602295,4.594437,6.447751,13.109128
1990-04-23,2.115519,Test,-0.618968,-0.334319,-0.170805,0.393087,0.977510,1.246415,1.795193,2.700622,4.714336,6.619158,13.271156
1990-04-24,2.115519,Test,-0.641243,-0.399630,-0.295791,0.147477,0.570994,0.778949,1.205465,1.869346,3.537729,5.049726,10.227705
1990-04-25,2.115519,Test,-0.642941,-0.406139,-0.302177,0.130127,0.529258,0.734542,1.142822,1.780666,3.399843,4.854676,9.916508
1990-04-26,1.737748,Test,-0.635025,-0.408674,-0.316825,0.069300,0.402740,0.575575,0.935764,1.464314,2.868021,4.131996,8.565203
1990-04-27,1.737748,Test,-0.623109,-0.408139,-0.324463,0.006787,0.269613,0.399387,0.698332,1.099173,2.203974,3.236423,6.753735
1990-04-28,2.115519,Test,-0.624958,-0.400435,-0.320266,0.005731,0.244857,0.389220,0.697494,1.095968,2.342283,3.468317,7.554403
1990-04-29,2.115519,Test,-0.690148,-0.463121,-0.349464,0.023184,0.305268,0.585116,0.945283,1.614262,3.750928,5.657553,12.906065
1990-04-30,2.115519,Test,-0.696924,-0.461338,-0.324337,0.086235,0.449820,0.805200,1.234848,2.125361,4.799999,7.318543,16.295181
1990-05-01,2.115519,Test,-0.726499,-0.446221,-0.255968,0.357194,0.949946,1.650930,2.387953,4.188847,10.095211,14.884948,34.044144
1990-05-02,1.737748,Test,-0.624302,-0.156242,0.140625,1.126723,2.193645,3.332087,4.602913,7.591022,15.599582,23.320040,48.394852
1990-05-03,1.359976,Test,-0.578481,-0.068257,0.176384,1.099609,2.071526,2.873861,3.933894,6.090005,11.203547,16.362520,32.029926
1990-05-04,1.359976,Test,-0.593414,-0.132094,0.084996,0.847885,1.624553,2.210536,3.006665,4.523014,7.914637,11.303522,22.029671
1990-05-05,1.359976,Test,-0.597957,-0.157798,0.051822,0.773678,1.505318,2.014327,2.735121,4.041394,6.909420,9.754149,18.916225
1990-05-06,1.359976,Test,-0.620153,-0.266599,-0.102718,0.442913,0.977394,1.307886,1.831129,2.667091,4.579335,6.427774,12.692959
1990-05-07,1.057759,Test,-0.621712,-0.297282,-0.157216,0.335306,0.805417,1.072034,1.539550,2.226670,3.845478,5.403586,10.742939
1990-05-08,1.057759,Test,-0.624253,-0.318987,-0.192912,0.266687,0.693154,0.922347,1.355546,1.955478,3.395827,4.789425,9.577300
1990-05-09,1.057759,Test,-0.636444,-0.341590,-0.203838,0.247416,0.649610,0.886842,1.300926,1.878226,3.257712,4.604561,9.370656
1990-05-10,0.755542,Test,-0.635573,-0.359435,-0.237142,0.173737,0.527712,0.716816,1.092134,1.585103,2.777567,3.970935,8.065515
1990-05-11,0.755542,Test,-0.628612,-0.363892,-0.259715,0.116674,0.428992,0.586199,0.930239,1.361349,2.424639,3.505151,7.172731
1990-05-12,0.755542,Test,-0.626019,-0.361201,-0.270457,0.106532,0.414111,0.563406,0.908180,1.337252,2.395007,3.466961,7.101548
1990-05-13,0.755542,Test,-0.623650,-0.361953,-0.274783,0.092245,0.386657,0.524969,0.859035,1.267563,2.264655,3.288663,6.765690
1990-05-14,0.755542,Test,-0.622089,-0.366834,-0.277666,0.071413,0.340598,0.467924,0.779862,1.153578,2.065283,3.023197,6.250515
1990-05-15,0.755542,Test,-0.618727,-0.380766,-0.270823,0.063149,0.308138,0.434022,0.722723,1.067053,1.930396,2.839246,5.912355
1990-05-16,0.755542,Test,-0.622880,-0.382154,-0.268976,0.074699,0.329023,0.457537,0.752589,1.111069,1.983151,2.909988,6.036271
1990-05-17,0.755542,Test,-0.609244,-0.358832,-0.280581,0.040544,0.269061,0.376233,0.654391,0.980397,1.766824,2.617684,5.475610
1990-05-18,0.755542,Test,-0.581640,-0.342391,-0.271931,0.004597,0.177614,0.265693,0.494290,0.752254,1.403898,2.119511,4.543084
1990-05-19,0.755542,Test,-0.559816,-0.318819,-0.263138,-0.009497,0.137432,0.211632,0.415599,0.645490,1.222905,1.871591,4.078574
1990-05-20,0.755542,Test,-0.544886,-0.300135,-0.255484,-0.013531,0.121098,0.185150,0.376239,0.591908,1.129358,1.741513,3.828991
1990-05-21,0.755542,Test,-0.525061,-0.280445,-0.240699,-0.016969,0.096014,0.151187,0.319997,0.513262,0.992476,1.550619,3.476519
1990-05-22,0.528880,Test,-0.521276,-0.271561,-0.239838,-0.015834,0.097884,0.150706,0.320589,0.516512,0.993564,1.551979,3.485605
1990-05-23,0.528880,Test,-0.519527,-0.269003,-0.238307,-0.016068,0.094117,0.146195,0.312898,0.506057,0.973973,1.524754,3.436688
1990-05-24,0.528880,Test,-0.518301,-0.274377,-0.233912,-0.018291,0.081294,0.135001,0.290879,0.473042,0.920775,1.451357,3.297402
1990-05-25,0.377771,Test,-0.504761,-0.292515,-0.223617,-0.016040,0.076359,0.137263,0.281989,0.453866,0.920386,1.447354,3.292432
1990-05-26,0.377771,Test,-0.497032,-0.300979,-0.219681,-0.015470,0.075113,0.141584,0.280636,0.451088,0.930585,1.461277,3.322937
1990-05-27,0.377771,Test,-0.485446,-0.309876,-0.218638,-0.018552,0.075855,0.145019,0.278707,0.445069,0.930152,1.460027,3.306018
1990-05-28,0.226663,Test,-0.460394,-0.298466,-0.209433,-0.026392,0.059593,0.124805,0.237651,0.388753,0.823515,1.305560,3.013942
1990-05-29,0.151108,Test,-0.452349,-0.290835,-0.205536,-0.027616,0.054450,0.116541,0.223627,0.368442,0.783754,1.247326,2.902396
1990-05-30,0.075554,Test,-0.434983,-0.285333,-0.202844,-0.036993,0.045894,0.105760,0.198777,0.334158,0.704722,1.135867,2.686385
1990-05-31,0.075554,Test,-0.432724,-0.273387,-0.196075,-0.031589,0.038995,0.093972,0.185369,0.316249,0.687826,1.111484,2.653545
1990-06-01,0.000000,Test,-0.420913,-0.263675,-0.189138,-0.033770,0.028083,0.081830,0.161351,0.285367,0.632083,1.032083,2.522226
1990-06-02,0.000000,Test,-0.446518,-0.225456,-0.183324,-0.024520,0.014189,0.058197,0.142960,0.264970,0.577423,0.962950,2.469361
1990-06-03,0.000000,Test,-0.440498,-0.213797,-0.184897,-0.027451,0.013735,0.047976,0.134452,0.254225,0.551727,0.932417,2.377892
1990-06-04,0.000000,Test,-0.419377,-0.235068,-0.177111,-0.028326,0.015477,0.057795,0.134474,0.249898,0.570846,0.951461,2.402860
1990-06-05,0.000000,Test,-0.426955,-0.223282,-0.177647,-0.027163,0.012340,0.049828,0.128541,0.244108,0.551420,0.928767,2.371689
1990-06-06,0.000000,Test,-0.420785,-0.228132,-0.176800,-0.028302,0.011553,0.050831,0.126565,0.240095,0.551030,0.926204,2.362054
1990-06-07,0.000000,Test,-0.397631,-0.239080,-0.174734,-0.039398,0.004790,0.047802,0.107128,0.213734,0.509513,0.865015,2.239738
1990-06-08,0.000000,Test,-0.389186,-0.237978,-0.174662,-0.045776,0.000171,0.041992,0.094382,0.197298,0.473626,0.815676,2.148318
1990-06-09,0.000000,Test,-0.391882,-0.230003,-0.170914,-0.039478,-0.001163,0.037078,0.092394,0.193297,0.476316,0.819871,2.163395
1990-06-10,0.000000,Test,-0.411500,-0.183869,-0.166787,-0.030812,-0.008702,0.012680,0.075155,0.173415,0.415495,0.745878,2.061775
1990-06-11,0.000000,Test,-0.394435,-0.181245,-0.157383,-0.031896,-0.016150,0.004107,0.056066,0.145783,0.379539,0.692262,1.978204
1990-06-12,0.000000,Test,-0.387399,-0.163063,-0.150127,-0.032870,-0.024737,-0.011519,0.032408,0.115366,0.322698,0.617071,1.862361
1990-06-13,0.000000,Test,-0.396206,-0.153550,-0.153912,-0.033568,-0.027576,-0.015210,0.029254,0.114696,0.311089,0.605073,1.848117
1990-06-14,0.000000,Test,-0.384884,-0.173601,-0.150093,-0.033472,-0.024355,-0.007185,0.035824,0.119000,0.337531,0.635407,1.894842
1990-06-15,0.000000,Test,-0.388388,-0.176393,-0.151887,-0.033551,-0.023045,-0.004889,0.040090,0.125389,0.348292,0.651159,1.922361
1990-06-16,0.000000,Test,-0.398707,-0.174577,-0.157820,-0.033879,-0.022151,-0.004416,0.045395,0.134202,0.356985,0.666111,1.947283
1990-06-17,0.000000,Test,-0.391567,-0.187101,-0.156354,-0.033972,-0.020021,0.001839,0.050662,0.138657,0.376281,0.688293,1.982134
1990-06-18,0.000000,Test,-0.389006,-0.194093,-0.156489,-0.034848,-0.018910,0.005547,0.053870,0.142393,0.387630,0.702488,2.004337
1990-06-19,0.000000,Test,-0.385472,-0.204630,-0.158668,-0.037769,-0.018370,0.010187,0.057028,0.146386,0.400347,0.718069,2.025147
1990-06-20,0.000000,Test,-0.389999,-0.200402,-0.159176,-0.036221,-0.017836,0.008748,0.058876,0.148450,0.401412,0.720760,2.031902
1990-06-21,0.000000,Test,-0.390798,-0.192825,-0.158137,-0.036075,-0.020364,0.002947,0.052840,0.140841,0.384354,0.698657,1.996288
1990-06-22,0.000000,Test,-0.371060,-0.207854,-0.157756,-0.046133,-0.025283,0.003731,0.040148,0.124227,0.362908,0.664405,1.924552
1990-06-23,0.000000,Test,-0.357883,-0.214069,-0.164854,-0.062220,-0.027677,0.002295,0.030682,0.113260,0.317783,0.603702,1.797717
1990-06-24,0.000000,Test,-0.361161,-0.217140,-0.167211,-0.061247,-0.026525,0.003821,0.034155,0.117626,0.329767,0.620086,1.823480
1990-06-25,0.000000,Test,-0.374468,-0.212204,-0.162965,-0.047254,-0.024084,0.004684,0.044334,0.129230,0.373091,0.679045,1.941500
1990-06-26,0.000000,Test,-0.368159,-0.215771,-0.165057,-0.054001,-0.027136,0.002824,0.037290,0.120715,0.353337,0.651561,1.888259
1990-06-27,0.000000,Test,-0.365727,-0.216107,-0.165463,-0.056962,-0.028823,0.001149,0.033449,0.116119,0.342310,0.636336,1.861000
1990-06-28,0.000000,Test,-0.371066,-0.212484,-0.163570,-0.051467,-0.028526,-0.000268,0.036602,0.119201,0.356601,0.656455,1.902019
1990-06-29,0.000000,Test,-0.367803,-0.211331,-0.162873,-0.053557,-0.031084,-0.003516,0.030669,0.111422,0.342640,0.637451,1.869342
1990-06-30,0.000000,Test,-0.362467,-0.212545,-0.163835,-0.058852,-0.033531,-0.005743,0.024015,0.103306,0.322786,0.610052,1.817788
1990-07-01,0.000000,Validation,-0.362295,-0.211468,-0.163211,-0.058748,-0.034507,-0.007533,0.022056,0.100486,0.319730,0.606096,1.811762
1990-07-02,0.000000,Validation,-0.352722,-0.207473,-0.162327,-0.064950,-0.038866,-0.014296,0.009144,0.083589,0.281157,0.553880,1.717404
1990-07-03,0.000000,Validation,-0.353251,-0.206207,-0.160996,-0.063747,-0.040057,-0.016323,0.007004,0.080544,0.280809,0.553220,1.719466
1990-07-04,0.000000,Validation,-0.347222,-0.204518,-0.162768,-0.069343,-0.041452,-0.019140,0.002048,0.073813,0.257283,0.522340,1.658309
1990-07-05,0.000000,Validation,-0.341785,-0.200633,-0.163262,-0.073227,-0.042830,-0.022922,-0.002811,0.066809,0.235485,0.494118,1.604070
1990-07-06,0.000000,Validation,-0.342894,-0.200861,-0.161464,-0.071493,-0.044497,-0.024832,-0.006141,0.062522,0.237274,0.495777,1.612407
1990-07-07,0.000000,Validation,-0.342565,-0.200372,-0.160992,-0.071791,-0.045842,-0.026642,-0.008614,0.059242,0.233883,0.491202,1.606365
1990-07-08,0.000000,Validation,-0.337339,-0.196990,-0.163802,-0.077094,-0.045983,-0.028778,-0.009651,0.057148,0.214297,0.466762,1.554210
1990-07-09,0.000000,Validation,-0.331616,-0.190137,-0.167753,-0.082528,-0.045053,-0.031586,-0.007660,0.058046,0.193632,0.442312,1.495988
1990-07-10,0.000000,Validation,-0.330477,-0.189122,-0.167821,-0.083190,-0.045714,-0.033258,-0.009617,0.055170,0.188565,0.435863,1.483484
1990-07-11,0.000000,Validation,-0.334627,-0.195013,-0.163935,-0.079133,-0.048347,-0.033414,-0.015394,0.049069,0.201044,0.449612,1.522886
1990-07-12,0.000000,Validation,-0.343054,-0.199362,-0.159339,-0.072334,-0.051183,-0.034017,-0.017694,0.047304,0.225751,0.480306,1.596098
1990-07-13,0.000000,Validation,-0.353428,-0.198691,-0.154923,-0.064694,-0.051982,-0.031637,-0.012107,0.055353,0.253956,0.517176,1.684870
1990-07-14,0.000000,Validation,-0.356179,-0.196814,-0.155814,-0.064824,-0.052903,-0.036678,-0.012513,0.054118,0.256682,0.524384,1.695355
1990-07-15,0.000000,Validation,-0.347052,-0.200654,-0.158124,-0.072988,-0.055145,-0.036912,-0.020435,0.044888,0.229768,0.485945,1.619690
1990-07-16,0.000000,Validation,-0.336295,-0.197432,-0.164557,-0.083286,-0.053579,-0.037643,-0.020949,0.043252,0.194835,0.441504,1.519531
1990-07-17,0.000000,Validation,-0.335960,-0.197730,-0.166279,-0.084247,-0.053002,-0.037833,-0.019898,0.044222,0.194206,0.441351,1.514532
1990-07-18,0.000000,Validation,-0.332422,-0.193674,-0.169292,-0.087375,-0.051776,-0.039077,-0.017456,0.046012,0.183253,0.428777,1.480779
1990-07-19,0.000000,Validation,-0.334963,-0.197417,-0.167288,-0.085452,-0.053470,-0.039472,-0.020967,0.042308,0.190421,0.436704,1.503733
1990-07-20,0.000000,Validation,-0.335954,-0.198766,-0.166969,-0.085390,-0.054527,-0.040236,-0.022469,0.040669,0.192150,0.438691,1.510519
1990-07-21,0.000000,Validation,-0.333418,-0.195931,-0.169427,-0.088534,-0.054090,-0.041286,-0.020886,0.042019,0.182858,0.427829,1.483998
1990-07-22,0.000000,Validation,-0.332385,-0.194627,-0.170808,-0.090211,-0.054095,-0.042228,-0.020320,0.042409,0.178458,0.422786,1.471388
1990-07-23,0.000000,Validation,-0.334265,-0.197720,-0.169567,-0.089106,-0.055338,-0.042463,-0.022754,0.039939,0.183799,0.428879,1.488512
1990-07-24,0.000000,Validation,-0.335611,-0.199677,-0.169147,-0.088941,-0.056415,-0.042974,-0.024234,0.038502,0.186777,0.432390,1.498877
1990-07-25,0.000000,Validation,-0.343976,-0.206591,-0.165842,-0.084390,-0.059489,-0.043349,-0.027013,0.036863,0.210614,0.462121,1.570406
1990-07-26,0.000000,Validation,-0.352211,-0.209374,-0.164543,-0.080729,-0.060855,-0.044045,-0.024255,0.041289,0.234763,0.495195,1.641837
1990-07-27,0.000000,Validation,-0.353928,-0.210682,-0.164885,-0.081384,-0.061713,-0.044435,-0.023943,0.042223,0.238442,0.500431,1.654904
1990-07-28,0.000000,Validation,-0.354789,-0.211844,-0.165172,-0.082157,-0.062203,-0.044612,-0.023855,0.042749,0.240251,0.503038,1.661770
1990-07-29,0.000000,Validation,-0.345901,-0.210460,-0.167799,-0.088279,-0.061656,-0.044324,-0.027380,0.037666,0.212158,0.464665,1.580373
1990-07-30,0.000000,Validation,-0.339509,-0.205787,-0.171303,-0.092876,-0.059531,-0.044609,-0.025194,0.038977,0.193040,0.440980,1.522927
1990-07-31,0.000000,Validation,-0.338932,-0.205662,-0.172327,-0.093677,-0.059219,-0.044987,-0.024611,0.039389,0.191901,0.439963,1.518376
1990-08-01,0.000000,Validation,-0.337133,-0.203878,-0.173296,-0.095146,-0.059160,-0.046141,-0.024591,0.038892,0.186150,0.432898,1.502042
1990-08-02,0.000000,Validation,-0.337461,-0.204661,-0.173612,-0.095735,-0.059656,-0.046668,-0.025120,0.038393,0.186683,0.433571,1.504271
1990-08-03,0.000000,Validation,-0.335705,-0.202218,-0.175547,-0.097860,-0.059167,-0.047507,-0.023423,0.039959,0.180652,0.426740,1.486065
1990-08-04,0.000000,Validation,-0.335729,-0.202527,-0.176018,-0.098509,-0.059361,-0.047899,-0.023362,0.040081,0.180710,0.427001,1.486487
1990-08-05,0.000000,Validation,-0.333356,-0.198017,-0.178700,-0.101359,-0.058740,-0.049547,-0.020718,0.042524,0.171530,0.416937,1.459650
1990-08-06,0.000000,Validation,-0.332789,-0.196932,-0.179669,-0.102535,-0.058804,-0.050441,-0.020118,0.043086,0.169072,0.414458,1.453104
1990-08-07,0.000000,Validation,-0.335416,-0.203056,-0.177071,-0.100172,-0.059829,-0.049095,-0.023258,0.040219,0.180569,0.427447,1.487247
1990-08-08,0.000000,Validation,-0.347329,-0.216770,-0.171863,-0.094631,-0.064400,-0.048368,-0.028561,0.037261,0.217673,0.473007,1.600438
1990-08-09,0.000000,Validation,-0.343453,-0.214109,-0.173738,-0.097606,-0.063848,-0.048742,-0.028079,0.037117,0.204954,0.456735,1.564080
1990-08-10,0.000000,Validation,-0.339768,-0.210194,-0.175839,-0.100292,-0.062671,-0.049223,-0.026075,0.038710,0.193671,0.443116,1.530646
1990-08-11,0.000000,Validation,-0.338149,-0.208422,-0.176819,-0.101339,-0.062036,-0.049684,-0.024876,0.039687,0.189884,0.439027,1.519058
1990-08-12,0.000000,Validation,-0.341257,-0.212985,-0.174991,-0.099874,-0.063512,-0.049621,-0.027144,0.037918,0.200540,0.451764,1.552288
1990-08-13,0.000000,Validation,-0.348457,-0.219859,-0.172661,-0.097555,-0.066202,-0.050062,-0.028654,0.038138,0.223544,0.481115,1.622936
1990-08-14,0.000000,Validation,-0.351261,-0.221980,-0.172125,-0.097384,-0.067379,-0.050606,-0.028325,0.039450,0.233044,0.493873,1.653315
1990-08-15,0.000000,Validation,-0.349537,-0.221253,-0.172367,-0.098707,-0.067588,-0.050981,-0.029145,0.038318,0.227367,0.486181,1.638346
1990-08-16,0.000000,Validation,-0.346452,-0.219385,-0.173134,-0.100251,-0.067010,-0.051069,-0.029357,0.037495,0.218146,0.474155,1.611560
1990-08-17,0.000000,Validation,-0.341785,-0.215364,-0.174688,-0.102105,-0.065407,-0.051099,-0.028042,0.037908,0.205245,0.458196,1.572661
1990-08-18,0.000000,Validation,-0.340941,-0.214821,-0.175009,-0.102481,-0.064896,-0.051058,-0.027220,0.038741,0.204639,0.457884,1.570512
1990-08-19,0.000000,Validation,-0.361063,-0.228003,-0.166838,-0.093835,-0.068104,-0.040022,-0.018803,0.055030,0.266319,0.534522,1.782761
1990-08-20,0.000000,Validation,-0.358898,-0.228187,-0.171185,-0.098494,-0.069071,-0.051049,-0.022012,0.050495,0.268929,0.544895,1.768173
1990-08-21,0.000000,Validation,-0.361480,-0.229214,-0.170346,-0.098431,-0.069091,-0.050755,-0.019572,0.054652,0.280555,0.561639,1.805648
1990-08-22,0.000000,Validation,-0.368832,-0.232233,-0.165356,-0.093351,-0.069247,-0.039943,-0.012087,0.066533,0.302708,0.586601,1.897001
1990-08-23,0.000000,Validation,-0.360667,-0.230076,-0.170331,-0.099060,-0.069023,-0.050227,-0.018792,0.055994,0.282423,0.564742,1.813091
1990-08-24,0.000000,Validation,-0.354521,-0.227506,-0.170283,-0.100146,-0.067945,-0.049327,-0.022419,0.050122,0.260850,0.533811,1.747164
1990-08-25,0.000000,Validation,-0.349562,-0.225171,-0.172044,-0.101044,-0.066373,-0.048939,-0.023168,0.047712,0.246024,0.514021,1.699600
1990-08-26,0.000000,Validation,-0.342839,-0.219487,-0.173273,-0.102366,-0.064085,-0.049024,-0.022911,0.045913,0.225908,0.488175,1.639093
1990-08-27,0.000000,Validation,-0.337532,-0.213502,-0.174671,-0.103626,-0.061970,-0.049554,-0.021096,0.046391,0.211141,0.470392,1.594515
1990-08-28,0.000000,Validation,-0.340545,-0.217514,-0.172897,-0.102220,-0.062712,-0.048931,-0.021790,0.046732,0.223838,0.486133,1.632389
1990-08-29,0.000000,Validation,-0.354203,-0.228139,-0.169654,-0.099087,-0.065325,-0.048282,-0.016904,0.057578,0.278234,0.559282,1.795049
1990-08-30,0.000000,Validation,-0.353522,-0.227208,-0.168196,-0.098860,-0.065566,-0.047965,-0.017133,0.057553,0.277678,0.558213,1.796674
1990-08-31,0.000000,Validation,-0.348999,-0.224400,-0.167681,-0.099781,-0.065331,-0.048860,-0.020432,0.052293,0.261071,0.535582,1.749520
1990-09-01,0.000000,Validation,-0.348901,-0.224383,-0.167105,-0.099676,-0.065109,-0.048775,-0.019963,0.053174,0.263140,0.538832,1.756698
1990-09-02,0.000000,Validation,-0.348461,-0.224134,-0.166627,-0.099573,-0.064840,-0.048680,-0.019613,0.053751,0.264087,0.540434,1.760009
1990-09-03,0.000000,Validation,-0.350004,-0.223364,-0.162869,-0.096871,-0.064558,-0.043219,-0.017106,0.058265,0.268853,0.543881,1.783607
1990-09-04,0.000000,Validation,-0.340613,-0.218018,-0.166212,-0.100646,-0.063322,-0.049101,-0.022568,0.047763,0.236837,0.504107,1.682635
1990-09-05,0.000000,Validation,-0.339195,-0.216650,-0.165739,-0.100562,-0.062506,-0.048911,-0.022356,0.047705,0.233830,0.500466,1.674304
1990-09-06,0.000000,Validation,-0.341054,-0.218501,-0.165032,-0.099778,-0.062517,-0.048600,-0.021245,0.049949,0.244041,0.514397,1.703963
1990-09-07,0.000000,Validation,-0.345729,-0.221189,-0.162458,-0.098652,-0.063577,-0.048870,-0.018876,0.055406,0.267011,0.545886,1.774115
1990-09-08,0.000000,Validation,-0.357731,-0.225118,-0.160262,-0.098114,-0.063156,-0.048952,-0.003720,0.080494,0.331453,0.642647,1.976485
1990-09-09,0.000000,Validation,-0.357913,-0.223866,-0.158537,-0.098294,-0.063098,-0.049241,-0.002062,0.083658,0.337904,0.653768,2.001387
1990-09-10,0.000000,Validation,-0.349856,-0.219430,-0.154439,-0.095853,-0.064382,-0.046404,-0.013371,0.066400,0.295400,0.585726,1.873052
1990-09-11,0.000000,Validation,-0.350044,-0.220299,-0.155705,-0.097227,-0.063760,-0.048320,-0.012014,0.068659,0.301089,0.596888,1.888349
1990-09-12,0.000000,Validation,-0.355239,-0.221526,-0.152303,-0.094687,-0.063275,-0.042563,-0.005144,0.080472,0.324024,0.627425,1.968031
1990-09-13,0.000000,Validation,-0.349537,-0.219921,-0.154904,-0.097190,-0.062750,-0.047941,-0.010212,0.071647,0.306104,0.605332,1.904200
1990-09-14,0.000000,Validation,-0.347739,-0.218633,-0.153911,-0.096807,-0.062125,-0.047491,-0.011335,0.069786,0.300411,0.596958,1.887258
1990-09-15,0.000000,Validation,-0.346210,-0.216895,-0.150820,-0.093926,-0.062038,-0.041902,-0.013600,0.066338,0.285887,0.571258,1.851622
1990-09-16,0.000000,Validation,-0.341446,-0.215512,-0.153677,-0.096731,-0.061170,-0.047273,-0.017224,0.059697,0.271872,0.555427,1.801585
1990-09-17,0.000000,Validation,-0.345650,-0.217128,-0.152560,-0.096060,-0.060120,-0.045998,-0.010349,0.071050,0.298973,0.595197,1.882655
1990-09-18,0.000000,Validation,-0.418694,-0.219752,-0.167569,-0.085687,-0.055187,-0.011640,0.044610,0.133573,0.470149,0.833348,2.690511
1990-09-19,0.000000,Validation,-0.423950,-0.275644,-0.143206,-0.099835,-0.075174,0.014576,0.052055,0.186048,0.559798,1.021436,3.120648
1990-09-20,0.000000,Validation,-0.406122,-0.258576,-0.145654,-0.097165,-0.049972,0.014006,0.061569,0.205101,0.568944,1.031323,2.902395
1990-09-21,0.000000,Validation,-0.380074,-0.241041,-0.154458,-0.094443,-0.045309,-0.008471,0.040416,0.155268,0.455552,0.827017,2.366257
1990-09-22,0.000000,Validation,-0.372110,-0.232421,-0.153219,-0.092738,-0.042961,-0.014170,0.040764,0.150960,0.444633,0.808583,2.302372
1990-09-23,0.000000,Validation,-0.372778,-0.227896,-0.148507,-0.091681,-0.041454,-0.012653,0.048402,0.163797,0.467430,0.844595,2.387707
1990-09-24,0.000000,Validation,-0.365319,-0.224473,-0.149121,-0.092059,-0.041660,-0.018358,0.040859,0.149247,0.439536,0.804963,2.290469
1990-09-25,0.000000,Validation,-0.363988,-0.221717,-0.147475,-0.092280,-0.040760,-0.019115,0.042875,0.152646,0.445119,0.816543,2.314099
1990-09-26,0.000000,Validation,-0.363504,-0.221060,-0.142913,-0.087198,-0.041897,-0.013388,0.040119,0.147775,0.434580,0.792526,2.287765
1990-09-27,0.000000,Validation,-0.350644,-0.218403,-0.147439,-0.089383,-0.044156,-0.021950,0.017508,0.108800,0.353696,0.672312,2.023736
1990-09-28,0.000000,Validation,-0.345247,-0.214115,-0.146563,-0.088599,-0.044519,-0.020367,0.009244,0.094365,0.311230,0.608101,1.906410
1990-09-29,0.000000,Validation,-0.368773,-0.228692,-0.139379,-0.082960,-0.047555,-0.008268,0.028398,0.123503,0.392427,0.722781,2.257753
1990-09-30,0.000000,Validation,-0.361086,-0.221451,-0.140875,-0.087346,-0.043304,-0.013293,0.035126,0.140672,0.418188,0.766075,2.254726
1990-10-01,,,-0.130669,0.227335,0.650711,0.670516,0.916067,1.214950,1.433477,1.992684,3.670957,5.523993,13.465966
1990-10-02,,,-0.130643,0.226094,0.648106,0.668244,0.912262,1.209987,1.427052,1.983684,3.657822,5.506490,13.439609
2001-07-13,0.000000,Training,,,,,,,,,,,
2001-07-14,0.000000,Training,,,,,,,,,,,
2001-07-15,0.000000,Training,-0.356517,-0.208006,-0.162978,-0.071266,-0.052694,-0.033055,-0.009679,0.059071,0.262817,0.532422,1.701892
2001-07-16,0.000000,Training,-0.360425,-0.208261,-0.162908,-0.070654,-0.053610,-0.034240,-0.008433,0.061119,0.270970,0.544562,1.729645
2001-07-17,0.000000,Training,-0.354710,-0.210726,-0.164975,-0.075996,-0.054720,-0.034054,-0.012932,0.055888,0.253227,0.519369,1.678598
2001-07-18,0.000000,Training,-0.369874,-0.208213,-0.163963,-0.068868,-0.053676,-0.036219,-0.002998,0.068639,0.291170,0.576050,1.794888
2001-07-19,0.000000,Training,-0.371753,-0.208941,-0.164699,-0.069380,-0.054194,-0.036942,-0.002260,0.069772,0.294732,0.581965,1.807777
2001-07-20,0.000000,Training,-0.352698,-0.212679,-0.166582,-0.080040,-0.055942,-0.035018,-0.015109,0.053490,0.244607,0.507891,1.657194
2001-07-21,0.000000,Training,-0.347167,-0.211308,-0.170582,-0.085434,-0.053979,-0.034231,-0.013541,0.054819,0.227276,0.486113,1.604379
2001-07-22,0.000000,Training,-0.342504,-0.206924,-0.175397,-0.089726,-0.051342,-0.034385,-0.008608,0.059309,0.213922,0.471027,1.559598
2001-07-23,0.000000,Training,-0.344473,-0.209907,-0.173433,-0.087857,-0.052870,-0.035283,-0.012110,0.055266,0.220340,0.478105,1.579931
2001-07-24,0.000000,Training,-0.360478,-0.216909,-0.168461,-0.078578,-0.056271,-0.036930,-0.010913,0.058672,0.269309,0.543455,1.725689
2001-07-25,0.000000,Training,-0.356218,-0.214516,-0.166892,-0.081395,-0.059533,-0.040834,-0.018478,0.049527,0.250469,0.517003,1.681930
2001-07-26,0.000000,Training,-0.355674,-0.215175,-0.167155,-0.083174,-0.060609,-0.041663,-0.020183,0.047831,0.246548,0.511547,1.674226
2001-07-27,0.000000,Training,-0.358962,-0.216754,-0.167614,-0.082840,-0.061080,-0.042182,-0.018524,0.050423,0.256122,0.525446,1.703218
2001-07-28,0.000000,Training,-0.356578,-0.217527,-0.168628,-0.085248,-0.061650,-0.042403,-0.020499,0.048116,0.248081,0.514002,1.680100
2001-07-29,0.000000,Training,-0.359829,-0.219279,-0.168842,-0.084754,-0.061885,-0.042024,-0.018334,0.051552,0.258438,0.528380,1.711059
2001-07-30,0.000000,Training,-0.368924,-0.225877,-0.165407,-0.081595,-0.062915,-0.031362,-0.011143,0.062220,0.278023,0.550773,1.810343
2001-07-31,0.000000,Training,-0.362674,-0.222555,-0.169636,-0.086588,-0.063029,-0.042232,-0.016865,0.054361,0.266219,0.540409,1.739989
2001-08-01,0.000000,Training,-0.365083,-0.223979,-0.169970,-0.086626,-0.062824,-0.042128,-0.015075,0.057149,0.274591,0.552285,1.764674
2001-08-02,0.000000,Training,-0.358196,-0.223716,-0.172302,-0.089939,-0.062503,-0.041942,-0.018757,0.051640,0.254239,0.523028,1.699590
2001-08-03,0.000000,Training,-0.348203,-0.217929,-0.175162,-0.095139,-0.060480,-0.042263,-0.019863,0.048298,0.222590,0.481027,1.605858
2001-08-04,0.000000,Training,-0.344150,-0.213836,-0.177977,-0.097830,-0.058705,-0.042789,-0.017180,0.050321,0.211035,0.467263,1.568890
2001-08-05,0.000000,Training,-0.345138,-0.215716,-0.177312,-0.097248,-0.059435,-0.043333,-0.018584,0.048804,0.215289,0.472337,1.582075
2001-08-06,0.000000,Training,-0.340487,-0.209686,-0.179636,-0.100195,-0.058267,-0.044982,-0.016511,0.049917,0.200539,0.454780,1.538954
2001-08-07,0.000000,Training,-0.339510,-0.208410,-0.180437,-0.101361,-0.058244,-0.045781,-0.016131,0.050182,0.197345,0.451197,1.530066
2001-08-08,0.000000,Training,-0.346994,-0.218904,-0.176556,-0.097660,-0.061387,-0.045020,-0.021059,0.046538,0.222148,0.480840,1.605660
2001-08-09,0.000000,Training,-0.348499,-0.220688,-0.176241,-0.097753,-0.062354,-0.045410,-0.021544,0.046520,0.227073,0.487152,1.621986
2001-08-10,0.000000,Training,-0.345039,-0.217468,-0.177442,-0.099802,-0.061655,-0.045959,-0.020814,0.046638,0.216452,0.473883,1.591810
2001-08-11,0.000000,Training,-0.347945,-0.220831,-0.176113,-0.098894,-0.063034,-0.046348,-0.022195,0.045902,0.226304,0.486216,1.623033
2001-08-12,0.000000,Training,-0.348048,-0.221274,-0.175886,-0.099202,-0.063521,-0.046859,-0.022624,0.045533,0.227447,0.487747,1.627925
2001-08-13,0.000000,Training,-0.353934,-0.225976,-0.174443,-0.097754,-0.065341,-0.047304,-0.022198,0.047787,0.247869,0.514747,1.690370
2001-08-14,0.000000,Training,-0.356414,-0.227555,-0.173771,-0.097434,-0.066165,-0.047811,-0.021317,0.049654,0.257838,0.528515,1.722082
2001-08-15,0.000000,Training,-0.358990,-0.228868,-0.173072,-0.097182,-0.066821,-0.048297,-0.019889,0.052277,0.268590,0.543717,1.756625
2001-08-16,0.000000,Training,-0.361095,-0.229751,-0.172432,-0.097029,-0.067228,-0.048811,-0.018252,0.055025,0.278382,0.557977,1.788606
2001-08-17,0.000000,Training,-0.368008,-0.231684,-0.171864,-0.096553,-0.067523,-0.050004,-0.012030,0.064734,0.306551,0.600583,1.880752
2001-08-18,0.000000,Training,-0.359346,-0.228069,-0.169961,-0.097587,-0.068645,-0.050502,-0.020597,0.052552,0.275162,0.553473,1.787574
2001-08-19,0.000000,Training,-0.361042,-0.228894,-0.169717,-0.097828,-0.068655,-0.051092,-0.018736,0.055611,0.284118,0.567234,1.816834
2001-08-20,0.000000,Training,-0.350493,-0.224529,-0.170626,-0.100140,-0.067752,-0.050407,-0.025524,0.044717,0.245234,0.511741,1.698654
2001-08-21,0.000000,Training,-0.349809,-0.224467,-0.170853,-0.100471,-0.067143,-0.050130,-0.024840,0.045590,0.245249,0.512152,1.698213
2001-08-22,0.000000,Training,-0.347955,-0.223588,-0.171409,-0.100915,-0.066270,-0.049746,-0.024290,0.045823,0.241387,0.507305,1.685785
2001-08-23,0.000000,Training,-0.341070,-0.217502,-0.172311,-0.102314,-0.064222,-0.049971,-0.024406,0.043610,0.220357,0.480267,1.623790
2001-08-24,0.000000,Training,-0.340513,-0.216870,-0.171758,-0.102011,-0.063667,-0.049370,-0.023638,0.044614,0.220875,0.481061,1.625963
2001-08-25,0.000000,Training,-0.359714,-0.228836,-0.163255,-0.093942,-0.066176,-0.037537,-0.013257,0.063583,0.283391,0.559660,1.845077
2001-08-26,0.000000,Training,-0.356521,-0.228515,-0.167756,-0.099117,-0.066711,-0.049080,-0.016244,0.059564,0.286152,0.570973,1.826883
2001-08-27,0.000000,Training,-0.359640,-0.229196,-0.166261,-0.098785,-0.066464,-0.048822,-0.012501,0.065850,0.302913,0.595828,1.880984
2001-08-28,0.000000,Training,-0.362688,-0.229402,-0.163063,-0.095804,-0.066361,-0.043830,-0.008311,0.072995,0.316908,0.612852,1.931085
2001-08-29,0.000000,Training,-0.354020,-0.226430,-0.164847,-0.098553,-0.066179,-0.048781,-0.016539,0.059600,0.285509,0.570757,1.829734
2001-08-30,0.000000,Training,-0.354066,-0.226369,-0.164226,-0.098472,-0.065659,-0.048720,-0.015545,0.061230,0.289128,0.576558,1.841663
2001-08-31,0.000000,Training,-0.345927,-0.222123,-0.164942,-0.099431,-0.064869,-0.049144,-0.021608,0.050915,0.256214,0.530085,1.742564
2001-09-01,0.000000,Training,-0.344472,-0.220945,-0.164399,-0.099376,-0.064242,-0.049157,-0.021771,0.050443,0.253111,0.526061,1.733882
2001-09-02,0.000000,Training,-0.348450,-0.223304,-0.163290,-0.098449,-0.064210,-0.048747,-0.017956,0.056984,0.273899,0.555349,1.795763
2001-09-03,0.000000,Training,-0.343355,-0.219686,-0.162766,-0.098920,-0.063706,-0.049265,-0.021432,0.050981,0.254293,0.527992,1.738627
2001-09-04,0.000000,Training,-0.350975,-0.222514,-0.158461,-0.095724,-0.063862,-0.044311,-0.014007,0.064151,0.287889,0.572758,1.846281
2001-09-05,0.000000,Training,-0.350812,-0.222989,-0.159951,-0.097669,-0.063671,-0.048459,-0.013072,0.065419,0.295030,0.586899,1.863525
2001-09-06,0.000000,Training,-0.355933,-0.223582,-0.157471,-0.096895,-0.063156,-0.047033,-0.005480,0.078247,0.324279,0.630571,1.958910
2001-09-07,0.000000,Training,-0.345814,-0.219707,-0.158242,-0.097651,-0.063429,-0.048579,-0.017248,0.058976,0.276874,0.560982,1.810367
2001-09-08,0.000000,Training,-0.338949,-0.215263,-0.158599,-0.098472,-0.062444,-0.048929,-0.022460,0.049774,0.246381,0.518367,1.720576
2001-09-09,0.000000,Training,-0.338119,-0.214962,-0.159216,-0.098557,-0.061556,-0.048510,-0.021798,0.050377,0.244611,0.516352,1.714051
2001-09-10,0.000000,Training,-0.334892,-0.212147,-0.159439,-0.098766,-0.060519,-0.048706,-0.022505,0.048204,0.233841,0.501987,1.681750
2001-09-11,0.000000,Training,-0.350019,-0.220464,-0.155859,-0.096488,-0.060543,-0.046753,-0.006746,0.075991,0.313861,0.616785,1.923045
2001-09-12,0.000000,Training,-0.351814,-0.219533,-0.154069,-0.096522,-0.060047,-0.047078,-0.001971,0.083994,0.331565,0.645139,1.982700
2001-09-13,0.000000,Training,-0.345837,-0.215953,-0.151860,-0.095957,-0.061032,-0.047823,-0.010181,0.071235,0.302709,0.601234,1.895745
2001-09-14,0.000000,Training,-0.338103,-0.212495,-0.152386,-0.096411,-0.061061,-0.048186,-0.019800,0.055289,0.261083,0.540098,1.769814
2001-09-15,0.000000,Training,-0.340294,-0.214046,-0.152370,-0.096175,-0.060249,-0.047023,-0.016357,0.061042,0.273836,0.558607,1.806504
2001-09-16,0.000000,Training,-0.336687,-0.211765,-0.152722,-0.096630,-0.059959,-0.047485,-0.019534,0.055444,0.257328,0.534955,1.756424
2001-09-17,0.000000,Training,-0.335399,-0.210538,-0.152327,-0.096523,-0.059376,-0.047115,-0.019756,0.054825,0.253598,0.529706,1.744900
2001-09-18,0.000000,Training,-0.345618,-0.214676,-0.149973,-0.095590,-0.058170,-0.045294,-0.004270,0.081304,0.318377,0.625479,1.941226
2001-09-19,0.000000,Training,-0.349015,-0.213539,-0.148091,-0.096565,-0.057134,-0.045360,0.004674,0.097028,0.350251,0.677258,2.048745
2001-09-20,0.000000,Training,-0.350609,-0.211539,-0.144591,-0.095957,-0.056749,-0.042583,0.009052,0.105584,0.364581,0.699446,2.104504
2001-09-21,0.000000,Training,-0.456499,-0.205437,-0.178559,-0.083076,-0.062314,0.014831,0.087347,0.201483,0.668900,1.084893,3.489507
2001-09-22,0.000000,Training,-0.481324,-0.298016,-0.111963,-0.064340,-0.008363,0.163541,0.255531,0.520085,1.264390,2.195717,6.166921
2001-09-23,0.000000,Training,-0.447957,-0.263764,-0.094047,-0.039908,0.024653,0.167256,0.245830,0.496827,1.143068,1.933674,5.160119
2001-09-24,0.000000,Training,-0.406429,-0.240180,-0.128815,-0.075633,-0.005721,0.056865,0.132162,0.307791,0.734774,1.269816,3.340759
2001-09-25,0.000000,Training,-0.393240,-0.231171,-0.134155,-0.076972,-0.004998,0.044626,0.122133,0.278468,0.670186,1.155995,3.029233
2001-09-26,0.000000,Training,-0.381907,-0.225964,-0.136029,-0.077222,-0.008496,0.033749,0.107531,0.247634,0.609174,1.054866,2.795298
2001-09-27,0.000000,Training,-0.408640,-0.242408,-0.126880,-0.070114,-0.016489,0.048401,0.124908,0.264744,0.676712,1.156513,3.280765
2001-09-28,0.000000,Training,-0.387151,-0.226353,-0.124394,-0.073333,-0.010401,0.043313,0.115298,0.264630,0.639892,1.101399,2.984668
2001-09-29,0.000000,Training,-0.466800,-0.269053,-0.158411,-0.063454,0.000280,0.087372,0.193390,0.355487,0.941296,1.593020,4.530086
2001-09-30,0.000000,Training,-0.427390,-0.257030,-0.124352,-0.056024,0.025513,0.119457,0.221382,0.437894,0.998179,1.721583,4.308949
2001-10-01,0.000000,Training,-0.408236,-0.237589,-0.111372,-0.039080,0.046825,0.133802,0.225092,0.424332,0.946928,1.585818,3.954674
2001-10-02,0.000000,Training,-0.393840,-0.235101,-0.131392,-0.054244,0.026231,0.088963,0.172055,0.330036,0.757488,1.261141,3.195924
2001-10-03,0.000000,Training,-0.382812,-0.230704,-0.133226,-0.059905,0.015724,0.069044,0.141461,0.279564,0.659419,1.103879,2.875116
2001-10-04,0.000000,Training,-0.377056,-0.228033,-0.134763,-0.063283,0.009873,0.057195,0.126810,0.256334,0.616923,1.040610,2.747371
2001-10-05,0.000000,Training,-0.414268,-0.248790,-0.130848,-0.060060,0.002937,0.070400,0.163197,0.303260,0.764751,1.280156,3.565862
2001-10-06,0.000000,Training,-0.481858,-0.282288,-0.168184,-0.053179,0.019886,0.125892,0.249583,0.439646,1.131045,1.877977,5.255327
2001-10-07,0.000000,Training,-0.429578,-0.247082,-0.102910,-0.031800,0.073517,0.188266,0.320159,0.585825,1.272241,2.169813,5.289954
2001-10-08,0.000000,Training,-0.435711,-0.246219,-0.089117,-0.002268,0.094709,0.234565,0.360564,0.625081,1.350501,2.212578,5.528073
2001-10-09,0.000000,Training,-0.505611,-0.296118,-0.165865,-0.015399,0.107336,0.244689,0.449315,0.725920,1.720788,2.852902,7.425681
2001-10-10,0.000000,Training,-0.487976,-0.281130,-0.093399,0.013212,0.131602,0.315744,0.509526,0.853222,1.931234,3.270302,8.571471
2001-10-11,0.000000,Training,-0.597832,-0.335554,-0.177588,0.211284,0.393205,0.783882,1.163419,1.854864,5.205318,7.747278,22.392223
2001-10-12,0.679988,Training,-0.498015,-0.144073,0.304946,1.032513,1.874418,2.987428,4.459653,7.086710,18.553415,32.181164,84.313309
2001-10-13,0.528880,Training,-0.340003,0.049833,0.529586,0.969605,1.544416,2.339457,3.237203,4.818659,10.122612,16.647799,39.514629
2001-10-14,0.377771,Training,-0.407170,-0.125645,0.129631,0.358769,0.687827,0.997043,1.430883,2.128500,4.087031,6.519142,13.986276
2001-10-15,0.302217,Training,-0.476871,-0.248765,-0.014679,0.203190,0.448378,0.731031,1.053442,1.599470,3.176754,4.949381,11.102851
2001-10-16,0.151108,Training,-0.469778,-0.266062,-0.076519,0.114974,0.323653,0.531217,0.800348,1.216448,2.412709,3.735811,8.287491
2001-10-17,0.000000,Training,-0.470198,-0.280925,-0.099633,0.084914,0.268588,0.460938,0.699141,1.062764,2.142346,3.292611,7.431789
2001-10-18,0.151108,Training,-0.605622,-0.382262,-0.194669,0.172838,0.434672,0.766623,1.222332,1.895495,4.755475,7.377804,19.082764
2001-10-19,13.750872,Training,-0.640985,-0.323510,0.108076,1.069340,2.182041,3.477541,5.445061,9.293721,26.224682,44.701874,119.672035
2001-10-20,44.048124,Training,-0.379932,0.017491,0.515444,1.047174,1.800926,2.719149,3.837108,5.864389,12.300276,20.395645,47.638058
2001-10-21,21.457405,Training,-0.430529,-0.118600,0.232435,0.581652,1.045320,1.562087,2.189969,3.275997,6.434536,10.155967,22.643177
2001-10-22,10.728703,Training,-0.482714,-0.210165,0.139544,0.487489,0.909923,1.388172,1.957220,2.923369,5.758240,8.883422,20.566259
2001-10-23,6.346557,Training,-0.471894,-0.194513,0.117469,0.489410,0.992152,1.366692,1.978637,2.903816,5.294456,8.059488,17.357452
2001-10-24,3.702158,Training,-0.478861,-0.229056,0.033657,0.358140,0.777550,1.084537,1.591097,2.325519,4.253393,6.416946,13.760295
2001-10-25,2.266627,Training,-0.480725,-0.263882,-0.048999,0.220044,0.544984,0.779536,1.179769,1.720022,3.218628,4.833445,10.418899
2001-10-26,1.586639,Training,-0.496309,-0.274302,-0.039014,0.255987,0.608839,0.871947,1.295634,1.889052,3.445947,5.109039,11.097651
2001-10-27,1.057759,Training,-0.505215,-0.290319,-0.059226,0.227289,0.562348,0.820458,1.223482,1.789171,3.266497,4.837646,10.591684
2001-10-28,0.755542,Training,-0.488710,-0.307758,-0.132780,0.091783,0.324526,0.502542,0.793160,1.162906,2.243798,3.355578,7.398358
2001-10-29,0.453325,Training,-0.416134,-0.255428,-0.126257,0.016519,0.156791,0.266774,0.443927,0.676426,1.376880,2.119177,4.840200
2001-10-30,0.226663,Training,-0.413071,-0.257428,-0.145591,-0.020339,0.106390,0.189791,0.347311,0.541222,1.146168,1.797347,4.162807
2001-10-31,0.151108,Training,-0.394977,-0.242720,-0.139459,-0.030994,0.075947,0.144209,0.272231,0.435972,0.946129,1.504016,3.587132
2001-11-01,0.000000,Training,-0.383438,-0.228271,-0.131045,-0.034110,0.070689,0.131475,0.262664,0.427601,0.928395,1.492879,3.562702
2001-11-02,0.000000,Training,-0.381193,-0.222953,-0.132117,-0.036505,0.073712,0.132786,0.274516,0.447349,0.960830,1.552013,3.667419
2001-11-03,0.000000,Training,-0.376466,-0.216202,-0.129917,-0.037829,0.069151,0.129592,0.268796,0.442698,0.945636,1.534148,3.631742
2001-11-04,,,-0.243495,0.102101,0.534183,0.687166,1.032197,1.409485,1.796717,2.522021,4.986119,7.572928,18.020426
2001-11-05,,,-0.246570,0.099724,0.532467,0.688483,1.037373,1.418947,1.812158,2.545215,5.036714,7.649821,18.183613
2001-11-06,70.492110,Training,-0.430782,-0.257606,-0.146589,-0.035153,0.066927,0.156705,0.322167,0.506692,1.150429,1.859642,4.658280
2001-11-07,35.510495,Training,-0.390971,-0.230491,-0.127869,-0.042624,0.068088,0.132546,0.277197,0.466660,0.990489,1.625242,3.845820
2001-11-08,17.226368,Training,-0.374989,-0.206382,-0.109710,-0.035365,0.072563,0.135394,0.267591,0.455201,0.958537,1.577787,3.741450
2001-11-09,9.066509,Training,-0.367371,-0.174332,-0.115635,-0.019305,0.114985,0.169019,0.335668,0.530925,1.059789,1.708101,4.013640
2001-11-10,4.986580,Training,-0.370670,-0.198319,-0.177587,-0.089700,0.030199,0.085024,0.218129,0.412733,0.845655,1.420948,3.405094
2001-11-11,2.795507,Training,-0.372729,-0.197363,-0.178296,-0.089966,0.030260,0.089009,0.220944,0.417105,0.853032,1.427391,3.414261
2001-11-12,1.737748,Training,-0.371975,-0.205848,-0.176475,-0.072295,0.061491,0.121382,0.276196,0.484315,0.975054,1.615209,3.755710
2001-11-13,0.982205,Training,-0.377443,-0.201534,-0.150093,-0.034762,0.105198,0.160380,0.339175,0.540459,1.092704,1.756429,4.028399
2001-11-14,0.528880,Training,-0.387605,-0.219954,-0.165909,-0.043611,0.094015,0.151916,0.331845,0.537979,1.100643,1.766887,4.032930
2001-11-15,0.151108,Training,-0.404645,-0.257404,-0.237799,-0.113157,0.013901,0.083490,0.237737,0.462703,0.966742,1.597803,3.687029
2001-11-16,0.000000,Training,-0.415990,-0.268919,-0.247003,-0.113903,0.019670,0.097728,0.258818,0.498837,1.032545,1.688480,3.849332
2001-11-17,0.000000,Training,-0.492141,-0.311296,-0.247257,-0.056963,0.108459,0.252424,0.496952,0.847600,1.853914,3.023192,7.290660
2001-11-18,0.000000,Training,-0.471720,-0.311221,-0.220695,-0.053640,0.152285,0.306650,0.559485,0.995483,1.988903,3.264529,7.385541
2001-11-19,0.000000,Training,-0.460946,-0.288603,-0.195790,-0.008043,0.220045,0.371054,0.647364,1.090902,2.140620,3.432952,7.574392
2001-11-20,0.000000,Training,-0.462480,-0.284766,-0.193078,0.005890,0.239755,0.378096,0.666118,1.088430,2.099875,3.298168,7.233167
2001-11-21,0.000000,Training,-0.465801,-0.296140,-0.205986,-0.007605,0.216722,0.341789,0.618115,1.007780,1.944050,3.023744,6.617128
2001-11-22,0.000000,Training,,,,,,,,,,,
2001-11-23,0.000000,Training,,,,,,,,,,,
2001-11-24,0.000000,Training,-0.492914,-0.334647,-0.228937,0.005751,0.254564,0.391976,0.685032,1.125144,2.100768,3.214431,6.902471
2001-11-25,0.000000,Training,-0.474449,-0.321489,-0.236091,-0.019522,0.202354,0.321661,0.588208,0.987653,1.866469,2.879853,6.232124
2001-11-26,0.000000,Training,-0.487265,-0.331483,-0.236552,0.004074,0.257254,0.391672,0.683897,1.140291,2.096955,3.210164,6.880097
2001-11-27,0.000000,Training,-0.524141,-0.360392,-0.206222,0.065346,0.338450,0.558339,0.890138,1.482566,2.772132,4.211243,9.674456
2001-11-28,0.000000,Training,-0.510631,-0.351023,-0.226012,0.038672,0.330225,0.498801,0.820422,1.384802,2.499782,3.812549,8.220670
2001-11-29,0.000000,Training,-0.508589,-0.344727,-0.223663,0.047973,0.352813,0.526501,0.856272,1.436895,2.576559,3.920361,8.363575
2001-11-30,0.000000,Training,-0.508530,-0.340123,-0.215335,0.075025,0.401461,0.576997,0.926282,1.520052,2.680835,4.031226,8.498118
2001-12-01,0.000000,Training,-0.504953,-0.345789,-0.241999,0.045065,0.362653,0.537862,0.870223,1.454940,2.543827,3.846528,8.065068
2001-12-02,0.000000,Training,-0.515947,-0.361705,-0.273147,0.004907,0.303354,0.485893,0.788703,1.359187,2.374984,3.587750,7.474117
2001-12-03,0.000000,Training,-0.502062,-0.334589,-0.216229,0.082398,0.418687,0.593170,0.947354,1.544204,2.681149,4.019137,8.401643
2001-12-04,0.000000,Training,-0.503967,-0.333814,-0.209411,0.097198,0.444450,0.621086,0.986136,1.596064,2.751451,4.110885,8.574768
2001-12-05,0.000000,Training,-0.511677,-0.336173,-0.191898,0.125183,0.489799,0.671944,1.052673,1.684537,2.882852,4.278975,8.902732
2001-12-06,0.000000,Training,-0.515478,-0.350884,-0.218070,0.072614,0.395321,0.562246,0.906418,1.473517,2.592211,3.871167,8.063144
2001-12-07,0.000000,Training,-0.516556,-0.351539,-0.219813,0.070653,0.391800,0.558745,0.902597,1.466299,2.584506,3.856772,8.030908
2001-12-08,0.000000,Training,-0.515241,-0.348903,-0.223379,0.069014,0.392823,0.556187,0.904637,1.466292,2.586695,3.860551,8.038925
2001-12-09,0.000000,Training,-0.519349,-0.353986,-0.221278,0.067109,0.386619,0.552824,0.896691,1.452579,2.573051,3.837950,7.975593
2001-12-10,0.000000,Training,-0.523660,-0.349843,-0.205274,0.088184,0.402002,0.608287,0.952997,1.550514,2.763257,4.093793,8.764241
2001-12-11,,,-0.391879,0.006898,0.825929,1.637479,2.928435,4.182888,5.376558,8.736499,17.199472,26.221767,60.658669
2001-12-12,,,-0.387167,0.014083,0.845744,1.670053,2.981203,4.255814,5.458565,8.880778,17.443808,26.588266,61.482002
2001-12-13,70.038784,Training,-0.556302,-0.378043,-0.178967,0.152801,0.523336,0.811043,1.234956,2.021340,3.749460,5.636019,12.765643
2001-12-14,36.417146,Training,-0.607468,-0.415767,-0.142750,0.267981,0.760490,1.221664,1.809102,3.072492,6.145144,9.598284,22.616697
2001-12-15,24.101804,Training,-0.559901,-0.313340,0.032070,0.583363,1.302977,1.943129,2.676270,4.582206,8.383607,12.942628,29.392559
2001-12-16,19.039670,Training,-0.583196,-0.379696,-0.166696,0.271855,0.781402,1.315741,1.814728,3.226824,5.879922,8.940909,19.956018
2001-12-17,30.221698,Training,-0.525524,-0.021371,0.580436,2.042965,3.727285,5.719526,8.418902,14.910207,40.267128,65.023438,164.184265
2001-12-18,,,-0.127307,0.504297,2.145446,3.764685,6.412012,8.591019,10.583661,16.827209,30.531048,45.617035,102.489502
2001-12-19,48.581379,Training,9.705659,15.399486,21.332714,37.634850,53.184139,60.536869,69.787064,91.588631,131.007889,189.493713,301.018372
2001-12-20,27.048419,Training,2.614587,4.824777,7.527289,13.195848,19.652033,23.100292,27.242373,37.892170,52.825813,74.854179,130.184311
2001-12-21,18.510790,Training,0.747865,1.878509,3.459199,5.943189,9.284580,11.107015,13.476086,19.153957,26.838591,37.663502,69.732262
2001-12-22,13.599764,Training,-0.066485,0.587299,1.804558,3.256058,5.446891,7.107500,9.229806,13.412045,22.521454,32.225277,69.968636
2001-12-23,,,0.282134,1.207205,3.779841,6.098833,9.792905,12.503676,14.892323,22.588387,38.320358,56.000561,121.190849
2001-12-24,85.602959,Training,0.632386,1.657880,2.933913,5.510801,8.652790,10.810441,12.897579,18.945002,27.382494,38.777081,71.017296
2001-12-25,38.985990,Training,0.409885,1.260003,2.519403,4.398403,6.939966,8.277521,10.040859,14.165194,20.029831,27.700336,51.922771
2001-12-26,24.404021,Training,0.401867,1.142252,2.135851,3.765180,5.750247,6.873069,7.956485,11.073709,14.485544,19.173416,34.610893
2001-12-27,17.377476,Training,0.331814,1.000682,1.890006,3.351802,5.116693,6.067542,6.995430,9.602067,12.353661,16.121946,28.990475
2001-12-28,13.146438,Training,0.455544,1.134123,2.073770,3.575757,5.347547,6.184398,7.062515,9.436939,11.872129,15.327867,27.315296
2001-12-29,10.350931,Training,,,,,,,,,,,
2001-12-30,8.990955,Training,,,,,,,,,,,
2001-12-31,8.159858,Training,0.067905,0.605557,1.880136,3.096380,4.809259,5.953292,7.194382,10.160804,15.054063,20.552471,44.103539
2002-01-01,7.253207,Validation,-0.171488,0.320451,1.492650,2.756143,4.648160,6.105362,7.855904,11.744201,20.231956,29.568640,66.471817
2002-01-02,,,0.537207,1.617196,4.697010,7.294269,11.403931,14.255846,16.735920,24.816656,40.951611,59.347065,126.743912
2002-01-03,137.810941,Validation,0.433016,1.367880,3.357348,5.920013,9.265602,11.997706,14.746076,22.078396,36.495117,53.472546,114.771858
2002-01-04,57.496780,Validation,0.289454,1.017497,2.069865,3.952432,6.284771,7.609414,9.136276,13.393884,19.187206,26.971437,50.784439
2002-01-05,31.808337,Validation,,,,,,,,,,,
2002-01-06,21.155188,Validation,-0.335254,0.033934,0.516294,1.348656,2.505416,3.068152,3.985229,5.885986,8.855571,12.301257,24.191887
2002-01-07,15.866391,Validation,-0.317426,0.025074,0.452474,1.248514,2.321463,2.835763,3.648971,5.346911,7.831008,10.788747,20.858269
2002-01-08,12.768667,Validation,-0.293656,0.058617,0.549779,1.354683,2.403395,3.088881,3.851621,5.683308,8.319383,11.351909,22.687140
2002-01-09,10.879811,Validation,-0.241999,0.137567,0.680018,1.552226,2.743547,3.244806,4.120603,5.830632,8.356824,11.292491,21.810236
2002-01-10,8.613184,Validation,,,,,,,,,,,
2002-01-11,7.177653,Validation,-0.496293,-0.261038,-0.016176,0.508677,1.178069,1.479764,2.082226,3.139237,5.071693,7.122444,14.081415
2002-01-12,6.195448,Validation,-0.506741,-0.277311,-0.029083,0.477563,1.121167,1.414387,1.994428,3.004923,4.879440,6.840912,13.527381
2002-01-13,5.515460,Validation,-0.504234,-0.274386,-0.023594,0.485561,1.131364,1.423254,2.002096,3.009935,4.869563,6.812637,13.471873
2002-01-14,4.835472,Validation,-0.499512,-0.267553,-0.018400,0.497550,1.152181,1.440273,2.025217,3.036392,4.888895,6.826995,13.484666
2002-01-15,4.306592,Validation,-0.479004,-0.250760,-0.024486,0.507971,1.171651,1.476542,2.045330,3.100782,4.878902,6.818790,13.326065
2002-01-16,3.777712,Validation,-0.453097,-0.207964,0.051048,0.623925,1.347391,1.674715,2.277784,3.411723,5.255714,7.278617,14.194327
2002-01-17,3.399941,Validation,-0.395846,-0.122416,0.200101,0.851507,1.682139,2.043821,2.693130,3.958237,5.867097,7.999123,15.480008
2002-01-18,3.022170,Validation,-0.464864,-0.226042,0.023901,0.578157,1.272958,1.582906,2.168906,3.264414,5.056069,7.004410,13.764781
2002-01-19,2.568844,Validation,-0.497041,-0.284389,-0.083382,0.414616,1.018273,1.302503,1.821412,2.817635,4.476160,6.277639,12.356289
2002-01-20,2.417736,Validation,,,,,,,,,,,
2002-01-21,2.115519,Validation,-0.558594,-0.378383,-0.210541,0.151578,0.542737,0.799621,1.210650,1.945833,3.588354,5.171811,10.985066
2002-01-22,2.568844,Validation,-0.566038,-0.400141,-0.248730,0.051114,0.352637,0.590419,0.938337,1.576205,3.146300,4.675941,10.255497
2002-01-23,3.928821,Validation,-0.682892,-0.474694,-0.279956,0.187255,0.661882,1.226873,1.888240,3.434492,8.917255,14.255832,34.534607
2002-01-24,15.866391,Validation,-0.500473,-0.143391,0.248364,1.250048,2.721607,3.942573,5.579862,9.734406,20.863520,33.380161,70.663925
2002-01-25,11.937571,Validation,-0.527138,-0.225507,0.070767,0.780344,1.747639,2.451736,3.467735,5.810828,11.355392,17.170267,35.282444
2002-01-26,8.688738,Validation,-0.555283,-0.295656,-0.042239,0.507713,1.225462,1.693454,2.394780,3.903654,7.078223,10.358068,20.909464
2002-01-27,7.026545,Validation,-0.561495,-0.356953,-0.196550,0.191029,0.651205,0.925896,1.392954,2.257788,4.187314,6.081263,12.210380
2002-01-28,5.817677,Validation,-0.552263,-0.358203,-0.220401,0.143101,0.559082,0.788695,1.217208,1.953448,3.625439,5.237349,10.479817
2002-01-29,4.835472,Validation,-0.547829,-0.361624,-0.234645,0.108320,0.489398,0.695033,1.093121,1.752025,3.274681,4.730665,9.459699
2002-01-30,4.306592,Validation,-0.546782,-0.367247,-0.242668,0.086539,0.444943,0.639288,1.015373,1.632189,3.067062,4.437905,8.877275
2002-01-31,3.702158,Validation,-0.533590,-0.354376,-0.250481,0.085965,0.449057,0.629247,1.012292,1.620442,3.019167,4.364503,8.712369
2002-02-01,3.173278,Validation,-0.531852,-0.355859,-0.255477,0.078495,0.436146,0.612144,0.988567,1.587682,2.957583,4.278204,8.535596
2002-02-02,2.795507,Validation,-0.541423,-0.365807,-0.254578,0.070687,0.417417,0.593388,0.958971,1.539600,2.899787,4.186904,8.356198
2002-02-03,2.568844,Validation,-0.577792,-0.403936,-0.257816,0.073835,0.408361,0.642406,1.038185,1.678069,3.407180,5.012480,10.715354
2002-02-04,2.568844,Validation,-0.563568,-0.387429,-0.261197,0.075025,0.441321,0.648120,1.039021,1.719552,3.320222,4.870803,9.976791
2002-02-05,2.493290,Validation,-0.576023,-0.398020,-0.246823,0.094827,0.468574,0.722449,1.105417,1.853587,3.599543,5.289044,10.782322
2002-02-06,2.115519,Validation,-0.559953,-0.370668,-0.239904,0.144660,0.576301,0.801102,1.236874,1.985100,3.691274,5.309715,10.563280
2002-02-07,2.115519,Validation,-0.564693,-0.375106,-0.230410,0.157665,0.595567,0.820498,1.255592,1.994305,3.666834,5.236677,10.386913
2002-02-08,1.737748,Validation,-0.563516,-0.364217,-0.197359,0.225058,0.714710,0.957978,1.430218,2.239046,4.002466,5.670428,11.203041
2002-02-09,1.662193,Validation,-0.560303,-0.373117,-0.238350,0.143143,0.563919,0.772079,1.195179,1.890484,3.472790,4.949897,9.809305
2002-02-10,1.435531,Validation,-0.544644,-0.370566,-0.268004,0.057704,0.395275,0.563202,0.921156,1.488409,2.832588,4.087475,8.158523
2002-02-11,1.284422,Validation,-0.534968,-0.366582,-0.273735,0.021897,0.319588,0.464644,0.790321,1.291198,2.504827,3.643486,7.323464
2002-02-12,1.284422,Validation,-0.535780,-0.369809,-0.274296,0.014068,0.302083,0.445569,0.761392,1.249528,2.437970,3.553918,7.150342
2002-02-13,1.284422,Validation,-0.535622,-0.371454,-0.275466,0.008879,0.290534,0.432169,0.742047,1.220951,2.392636,3.493679,7.037700
2002-02-14,1.057759,Validation,-0.531150,-0.364527,-0.276292,0.011776,0.295976,0.432723,0.747699,1.223257,2.393491,3.486487,7.020873
2002-02-15,0.906651,Validation,-0.525067,-0.358146,-0.276873,0.013221,0.298928,0.432070,0.749983,1.225796,2.392134,3.487011,7.027313
2002-02-16,0.906651,Validation,-0.531330,-0.361116,-0.268124,0.021368,0.298939,0.453805,0.764224,1.256835,2.463694,3.576056,7.297925
2002-02-17,0.831097,Validation,-0.530557,-0.361260,-0.270801,0.023543,0.306761,0.462917,0.778159,1.282673,2.508659,3.644136,7.442506
2002-02-18,0.604434,Validation,-0.537078,-0.370218,-0.280865,0.014871,0.306957,0.448219,0.770764,1.264097,2.485417,3.615030,7.296038
2002-02-19,0.604434,Validation,-0.534151,-0.367489,-0.283056,0.022119,0.324385,0.467261,0.798650,1.305264,2.550563,3.708440,7.451550
2002-02-20,0.377771,Validation,-0.539143,-0.371620,-0.285027,0.031683,0.345144,0.493202,0.835012,1.354843,2.639460,3.821020,7.650779
2002-02-21,0.377771,Validation,-0.560939,-0.390358,-0.284658,0.051479,0.391463,0.556262,0.918083,1.479540,2.872076,4.124534,8.236838
2002-02-22,0.377771,Validation,-0.529505,-0.368453,-0.280381,-0.010834,0.242642,0.369282,0.657192,1.091112,2.200634,3.221995,6.546934
2002-02-23,0.377771,Validation,-0.530241,-0.370310,-0.282510,-0.013486,0.237323,0.362812,0.648737,1.078111,2.183521,3.200225,6.512127
2002-02-24,0.226663,Validation,-0.523375,-0.360093,-0.280316,-0.010668,0.239929,0.359608,0.647668,1.072757,2.165427,3.168003,6.448149
2002-02-25,0.151108,Validation,-0.519912,-0.356261,-0.279085,-0.013534,0.230933,0.347504,0.630922,1.047087,2.122447,3.110118,6.347226
2002-02-26,0.151108,Validation,-0.513538,-0.348856,-0.278254,-0.011247,0.234317,0.347047,0.632987,1.049047,2.120492,3.110485,6.354162
2002-02-27,0.151108,Test,-0.514344,-0.349200,-0.278448,-0.010271,0.236319,0.349039,0.636253,1.053291,2.128962,3.121053,6.373531
2002-02-28,0.151108,Test,-0.529678,-0.363383,-0.270298,-0.005569,0.229391,0.370040,0.645036,1.079548,2.202991,3.218606,6.679507
2002-03-01,0.151108,Test,-0.530864,-0.361888,-0.263801,0.009251,0.246448,0.403759,0.701640,1.162224,2.426963,3.596278,7.773937
2002-03-02,0.075554,Test,-0.532274,-0.374866,-0.299559,-0.036569,0.193725,0.359496,0.621237,1.113935,2.283958,3.404687,7.156456
2002-03-03,0.453325,Test,-0.624332,-0.371506,-0.167048,0.328865,0.688913,1.303108,1.855427,3.261782,9.447237,14.079557,35.564442
2002-03-04,10.350931,Test,-0.154239,0.548466,1.375172,3.840215,7.360185,10.455379,14.654283,24.666553,57.040791,90.252762,190.911545
2002-03-05,15.488620,Test,-0.200423,0.410055,0.900192,2.534931,4.765584,6.403677,8.844050,14.274478,28.908350,43.304241,84.871796
2002-03-06,7.404316,Test,-0.422120,0.000745,0.312166,1.228749,2.416569,3.222317,4.505197,7.106438,13.729823,19.943251,39.141834
2002-03-07,4.382146,Test,-0.507692,-0.178404,0.074653,0.720899,1.529613,2.062304,2.904606,4.527771,8.572721,12.231344,24.012999
2002-03-08,2.795507,Test,-0.542491,-0.283835,-0.101836,0.373047,0.925415,1.271156,1.848000,2.857683,5.447206,7.715628,15.137568
2002-03-09,2.115519,Test,-0.556925,-0.328172,-0.171787,0.254639,0.727739,1.007580,1.501954,2.317025,4.453198,6.293491,12.330635
2002-03-10,1.737748,Test,-0.550212,-0.332429,-0.208993,0.196124,0.628294,0.859444,1.323580,2.031195,3.924824,5.543705,10.858332
2002-03-11,1.359976,Test,-0.581199,-0.381020,-0.228587,0.156934,0.538422,0.800397,1.246676,1.935007,3.975078,5.683097,11.839455
2002-03-12,1.284422,Test,-0.686446,-0.421456,-0.153768,0.604725,1.275438,2.160065,3.167959,5.584846,16.651400,23.412495,58.395096
2002-03-13,6.271002,Test,0.341516,2.076010,3.841422,9.609366,17.168003,23.607338,32.939026,53.962746,128.832428,192.589386,394.093414
2002-03-14,81.674138,Test,2.233724,4.924449,7.849327,16.990440,27.523504,35.229759,43.705467,64.978317,115.675735,168.921631,300.626801
2002-03-15,41.705943,Test,0.553623,2.016036,3.573275,8.061306,13.478667,17.456411,22.686954,34.167770,63.750095,91.350975,174.573532
2002-03-16,35.737158,Test,0.439578,1.713686,2.802717,6.190041,10.212706,12.684273,16.082403,23.557737,39.678608,55.396816,98.887001
2002-03-17,26.746202,Test,-0.008508,1.082901,2.218605,5.100115,8.815030,11.247993,15.282269,22.229904,43.361675,61.082508,118.441170
2002-03-18,79.105294,Test,0.892207,2.469340,4.338081,8.493285,13.106989,15.692984,18.976191,26.222998,41.802559,57.945103,98.923950
2002-03-19,45.332547,Test,0.396307,1.520859,2.776621,5.549850,8.708207,10.232520,12.445664,16.923670,26.126484,35.298882,60.386883
2002-03-20,25.612889,Test,0.170297,1.078112,2.201819,4.349019,6.844625,8.056511,9.752986,13.292383,20.095427,26.889242,47.112774
2002-03-21,17.150813,Test,-0.139374,0.478595,1.296872,2.761689,4.522820,5.362310,6.576367,9.063203,13.823637,18.593246,33.519249
2002-03-22,12.466450,Test,-0.497714,-0.156307,0.255404,1.046438,2.026903,2.534752,3.334246,4.819211,8.093895,11.213105,21.534418
2002-03-23,9.519835,Test,-0.562354,-0.287807,-0.011343,0.592567,1.306915,1.684148,2.320236,3.421775,6.054685,8.504703,16.542648
2002-03-24,7.782087,Test,-0.574268,-0.312170,-0.069154,0.499122,1.158867,1.499434,2.099335,3.113234,5.559544,7.829517,15.238040
2002-03-25,6.119894,Test,-0.575334,-0.314224,-0.106835,0.447062,1.078487,1.394991,1.979156,2.936206,5.243948,7.331820,14.183589
2002-03-26,5.137689,Test,-0.578966,-0.319876,-0.127044,0.418594,1.034424,1.333115,1.907355,2.830918,5.047148,7.039065,13.618614
2002-03-27,4.231038,Test,-0.583344,-0.326580,-0.131462,0.413808,1.027516,1.316921,1.886210,2.800009,4.962747,6.921607,13.431248
2002-03-28,3.702158,Test,-0.646053,-0.347190,-0.123483,0.495887,1.243835,1.672317,2.525419,3.832928,7.841495,11.113595,23.178110
2002-03-29,3.324387,Test,-0.575138,-0.224853,0.113348,0.983849,2.027085,2.663066,3.632954,5.737651,10.570415,15.436167,30.728621
2002-03-30,3.097724,Test,-0.596789,-0.273702,0.050403,0.859283,1.827664,2.488251,3.430238,5.434989,10.530214,15.339463,31.635859
2002-03-31,2.568844,Test,-0.601418,-0.279598,-0.028079,0.694629,1.551638,2.033106,2.841227,4.457560,8.245460,11.803911,23.470303
2002-04-01,2.039965,Training,-0.632664,-0.389604,-0.220002,0.270271,0.798559,1.137477,1.678172,2.641673,5.244085,7.536561,15.620098
2002-04-02,1.284422,Training,-0.625715,-0.387136,-0.235536,0.232919,0.719770,1.019918,1.521867,2.384718,4.706287,6.743833,13.831912
2002-04-03,1.208868,Training,-0.596428,-0.362814,-0.247687,0.174344,0.597779,0.841299,1.299827,2.024295,4.040505,5.830155,12.035602
2002-04-04,0.906651,Training,-0.599351,-0.363997,-0.254335,0.184732,0.622832,0.865196,1.332643,2.076957,4.103819,5.896283,11.988434
2002-04-05,1.208868,Training,-0.629880,-0.414179,-0.298500,0.076734,0.412626,0.633832,1.048761,1.650889,3.624263,5.364462,11.463711
2002-04-06,1.737748,Training,-0.615993,-0.395239,-0.279769,0.132133,0.519020,0.777306,1.242223,2.015410,4.376785,6.602090,14.136333
2002-04-07,6.648773,Training,-0.688186,-0.433220,-0.294953,0.265746,0.825273,1.309649,2.045050,3.467894,8.742609,13.342478,30.483017
2002-04-08,37.097134,Training,-0.499294,0.179901,0.773132,3.103207,5.900085,8.607457,12.503331,21.697487,57.511425,83.831299,181.077499
2002-04-09,31.128349,Training,0.412877,2.192129,3.577578,9.466743,16.608326,22.426222,29.602739,46.803246,92.835167,140.770340,263.079376
2002-04-10,31.959445,Training,0.192378,1.555856,2.445169,6.306454,10.659717,13.825559,17.622578,26.842051,47.893547,69.108276,126.330574
2002-04-11,23.950695,Training,-0.159003,0.756282,1.244443,3.406799,5.871253,7.423880,9.654980,14.289887,24.706482,34.586411,63.789066
2002-04-12,15.639729,Training,-0.221009,0.606250,1.091558,2.918495,4.987353,6.225796,8.026445,11.617097,19.284000,26.560986,48.847645
2002-04-13,10.350931,Training,-0.371461,0.255132,0.641616,1.969009,3.484109,4.283878,5.564673,7.888818,12.893573,17.527628,32.059227
2002-04-14,7.404316,Training,-0.406264,0.147285,0.498078,1.665018,2.992819,3.637632,4.723268,6.600790,10.593410,14.244111,26.075048
2002-04-15,5.439906,Training,-0.420164,0.092958,0.445328,1.543482,2.780091,3.330632,4.310484,5.926676,9.308187,12.401367,22.721319
2002-04-16,4.231038,Training,-0.571483,-0.228455,-0.041227,0.658057,1.426137,1.774237,2.458237,3.488577,5.912696,8.013325,15.217572
2002-04-17,3.248833,Training,-0.588981,-0.269207,-0.091262,0.565112,1.272120,1.578755,2.213383,3.147409,5.342021,7.252290,13.853076
2002-04-18,2.644399,Training,-0.618608,-0.344372,-0.204997,0.337075,0.891514,1.137017,1.661344,2.412106,4.262898,5.868661,11.433490
2002-04-19,2.115519,Training,-0.620636,-0.340895,-0.179881,0.390559,0.978978,1.225166,1.764534,2.537072,4.364885,5.993005,11.635752
2002-04-20,1.964410,Training,-0.641119,-0.387567,-0.233446,0.275575,0.781294,0.996957,1.471098,2.141048,3.756095,5.230243,10.322083
2002-04-21,1.511085,Training,-0.652464,-0.426626,-0.237642,0.232485,0.688737,0.884561,1.317879,1.915964,3.382195,4.763879,9.649611
2002-04-22,1.208868,Training,-0.645770,-0.401086,-0.255586,0.223000,0.685896,0.876903,1.317327,1.940086,3.411001,4.798257,9.559453
2002-04-23,0.906651,Training,-0.646342,-0.401896,-0.247206,0.230759,0.689689,0.875658,1.312020,1.923153,3.345761,4.713068,9.415221
2002-04-24,0.604434,Training,-0.645018,-0.429626,-0.285046,0.117364,0.481346,0.639706,1.005423,1.489519,2.702537,3.866350,7.896617
2002-04-25,0.453325,Training,-0.630228,-0.442270,-0.272974,0.099814,0.425432,0.580800,0.906490,1.336456,2.448841,3.532880,7.295043
2002-04-26,0.377771,Training,-0.614741,-0.433915,-0.290755,0.037169,0.305472,0.439631,0.723082,1.080620,2.055467,3.012265,6.280029
2002-04-27,0.151108,Training,-0.591471,-0.389748,-0.296719,-0.008817,0.210693,0.309299,0.563617,0.860232,1.685083,2.513602,5.298083
2002-04-28,0.151108,Training,-0.549837,-0.333778,-0.277874,-0.024249,0.152249,0.223968,0.445123,0.694314,1.381923,2.094014,4.487955
2002-04-29,0.000000,Training,-0.526315,-0.306397,-0.264952,-0.028643,0.125202,0.186961,0.387267,0.616890,1.238728,1.893977,4.118854
2002-04-30,0.000000,Training,-0.515491,-0.295492,-0.255418,-0.031496,0.106165,0.163845,0.347334,0.562177,1.136966,1.755062,3.867207
2002-05-01,0.000000,Training,-0.499545,-0.269378,-0.248680,-0.021443,0.121949,0.173947,0.363563,0.589178,1.178213,1.804054,3.958298
2002-05-02,0.000000,Training,-0.495265,-0.258501,-0.241014,-0.010016,0.135277,0.192492,0.385117,0.622383,1.231631,1.871960,4.121412
2002-05-03,0.000000,Training,-0.491107,-0.253062,-0.240488,-0.011843,0.134043,0.182953,0.375981,0.607784,1.201715,1.834250,4.029549
2002-05-04,0.000000,Training,-0.500976,-0.267319,-0.241666,-0.023400,0.104580,0.156432,0.331227,0.543475,1.088290,1.682751,3.745982
2002-05-05,0.000000,Training,-0.520042,-0.282284,-0.246492,-0.023555,0.096265,0.162893,0.339082,0.552565,1.130454,1.746550,3.986925
2002-05-06,0.000000,Training,-0.509229,-0.268824,-0.240809,-0.017705,0.105618,0.169115,0.345016,0.569427,1.145143,1.761245,3.981178
2002-05-07,0.000000,Training,-0.525794,-0.268855,-0.245565,-0.010760,0.119522,0.193052,0.390901,0.629804,1.304030,2.003655,4.619711
2002-05-08,0.075554,Training,-0.597651,-0.308373,-0.254553,0.021553,0.160682,0.342403,0.557778,0.955808,2.124265,3.315559,7.927813
2002-05-09,0.377771,Training,-0.590288,-0.290312,-0.204759,0.095118,0.292464,0.530709,0.798772,1.362901,2.859934,4.505350,10.334584
2002-05-10,0.528880,Training,-0.558904,-0.221613,-0.160483,0.168567,0.423595,0.627374,0.957145,1.550394,2.998192,4.590749,9.916779
2002-05-11,0.377771,Training,-0.539850,-0.182276,-0.120142,0.198995,0.436685,0.626477,0.933267,1.461383,2.670791,4.017014,8.600466
2002-05-12,0.226663,Training,-0.536667,-0.190925,-0.135249,0.173995,0.399092,0.566430,0.853896,1.321168,2.401766,3.591153,7.683887
2002-05-13,0.000000,Training,-0.552988,-0.254154,-0.195307,0.079065,0.258875,0.388022,0.619351,0.962847,1.783280,2.670865,5.794857
2002-05-14,0.000000,Training,-0.565895,-0.298480,-0.219066,0.043057,0.200049,0.318627,0.524822,0.812255,1.527593,2.297282,5.009762
2002-05-15,0.000000,Training,-0.559810,-0.343924,-0.228189,0.031695,0.183751,0.303590,0.500762,0.763974,1.503421,2.253937,4.913777
2002-05-16,0.000000,Training,-0.579066,-0.353154,-0.245487,0.026657,0.195400,0.309514,0.525865,0.800495,1.538823,2.303166,4.971002
2002-05-17,0.000000,Training,-0.583036,-0.324829,-0.258860,0.022024,0.203539,0.304601,0.537343,0.824386,1.521349,2.278477,4.900787
2002-05-18,0.000000,Training,-0.563512,-0.309231,-0.252372,0.006905,0.163909,0.250441,0.459775,0.708831,1.318727,1.998772,4.355399
2002-05-19,0.000000,Training,-0.527776,-0.340112,-0.232092,0.002549,0.134333,0.230446,0.401512,0.612380,1.222750,1.864034,4.099576
2002-05-20,0.000000,Training,-0.542075,-0.341235,-0.239062,0.002423,0.138043,0.233400,0.413512,0.635180,1.252841,1.913259,4.194344
2002-05-21,0.000000,Training,-0.550337,-0.305600,-0.246960,-0.006012,0.123537,0.202760,0.385324,0.605122,1.140644,1.760097,3.886557
2002-05-22,0.000000,Training,-0.536445,-0.283083,-0.242980,-0.009019,0.113027,0.182962,0.360004,0.568305,1.066252,1.652122,3.686235
2002-05-23,0.000000,Training,-0.528866,-0.271878,-0.240991,-0.010603,0.108572,0.174480,0.348800,0.554277,1.040637,1.618808,3.628570
2002-05-24,0.000000,Training,-0.519710,-0.280354,-0.231425,-0.014888,0.083229,0.150197,0.302313,0.485648,0.939443,1.476183,3.356066
2002-05-25,0.000000,Training,-0.513978,-0.290346,-0.227452,-0.012678,0.083533,0.153919,0.302282,0.483968,0.951538,1.490632,3.380754
2002-05-26,0.000000,Training,-0.506195,-0.254691,-0.228214,-0.022646,0.062952,0.116541,0.256610,0.430846,0.834727,1.336091,3.099801
2002-05-27,0.000000,Training,-0.490455,-0.237732,-0.218792,-0.024050,0.050953,0.095001,0.223225,0.383241,0.754265,1.223004,2.896229
2002-05-28,0.000000,Training,-0.468597,-0.236021,-0.200511,-0.023920,0.033029,0.074577,0.181343,0.319786,0.663932,1.092504,2.662842
2002-05-29,0.000000,Training,-0.438278,-0.263160,-0.190074,-0.026621,0.031101,0.083596,0.174370,0.304614,0.677031,1.104611,2.674591
2002-05-30,0.000000,Training,-0.431037,-0.270710,-0.191103,-0.032766,0.029329,0.085315,0.169427,0.299121,0.665821,1.088579,2.639040
2002-05-31,0.000000,Training,-0.430097,-0.265556,-0.189966,-0.031384,0.028755,0.082486,0.167308,0.295129,0.657715,1.073457,2.611605
2002-06-01,0.000000,Training,-0.430205,-0.244282,-0.183915,-0.026857,0.022866,0.067681,0.152984,0.275151,0.616043,1.014925,2.517246
2002-06-02,0.000000,Training,-0.431988,-0.222809,-0.180783,-0.026576,0.014541,0.051120,0.133866,0.251106,0.560154,0.940849,2.396341
2002-06-03,0.000000,Training,-0.442356,-0.202660,-0.184763,-0.027724,0.010420,0.040665,0.125542,0.243987,0.524764,0.897994,2.321606
2002-06-04,0.000000,Training,-0.448739,-0.188103,-0.186275,-0.025198,0.013373,0.044175,0.131282,0.256838,0.529334,0.906765,2.353699
2002-06-05,0.000000,Training,-0.438080,-0.185482,-0.181087,-0.028590,0.003194,0.028945,0.107518,0.222696,0.480016,0.838873,2.228886
2002-06-06,0.000000,Training,-0.433793,-0.175906,-0.178530,-0.029612,-0.001781,0.021487,0.094948,0.208624,0.453917,0.805447,2.182269
2002-06-07,0.000000,Training,-0.438124,-0.202856,-0.180504,-0.028089,0.002547,0.033737,0.110623,0.224628,0.500767,0.864807,2.277011
2002-06-08,0.000000,Training,-0.448865,-0.192805,-0.188299,-0.028242,0.008279,0.036243,0.121992,0.244286,0.516061,0.891953,2.321024
2002-06-09,0.000000,Training,-0.445885,-0.211221,-0.185755,-0.027368,0.008311,0.041668,0.125794,0.243984,0.534883,0.911943,2.352960
2002-06-10,0.000000,Training,-0.400193,-0.245484,-0.177615,-0.042465,0.000983,0.046896,0.104461,0.211462,0.509533,0.867569,2.257976
2002-06-11,0.000000,Training,-0.393155,-0.246871,-0.179988,-0.051552,-0.001456,0.044198,0.096396,0.202165,0.476947,0.824010,2.174407
2002-06-12,0.000000,Training,-0.391434,-0.247953,-0.184570,-0.055053,0.001145,0.045819,0.100114,0.205637,0.470795,0.815284,2.144394
2002-06-13,0.000000,Training,-0.393634,-0.247665,-0.183666,-0.050939,0.002389,0.046497,0.102374,0.207458,0.484037,0.830872,2.170315
2002-06-14,0.000000,Training,-0.389173,-0.239745,-0.178535,-0.048969,-0.003721,0.036826,0.088977,0.189176,0.462228,0.800249,2.124671
2002-06-15,0.000000,Training,-0.373453,-0.230531,-0.177026,-0.059083,-0.011977,0.023963,0.066944,0.160177,0.392019,0.705700,1.953835
2002-06-16,0.000000,Training,-0.369092,-0.227556,-0.178348,-0.062759,-0.013004,0.020790,0.063195,0.154822,0.371996,0.680265,1.902342
2002-06-17,0.000000,Training,-0.370729,-0.228726,-0.177647,-0.060720,-0.014017,0.019966,0.061484,0.152637,0.377986,0.687496,1.918152
2002-06-18,0.000000,Training,-0.372239,-0.229054,-0.176657,-0.058932,-0.015475,0.018678,0.059664,0.150306,0.382524,0.692970,1.932257
2002-06-19,0.000000,Training,-0.374750,-0.228886,-0.175288,-0.056332,-0.017013,0.017296,0.058597,0.148929,0.390215,0.702800,1.955855
2002-06-20,0.000000,Training,-0.375578,-0.228770,-0.175217,-0.056118,-0.018172,0.016177,0.057688,0.147726,0.391075,0.703995,1.959873
2002-06-21,0.000000,Training,-0.369324,-0.227878,-0.179692,-0.064395,-0.017643,0.015657,0.057096,0.146547,0.364889,0.670880,1.886261
2002-06-22,0.000000,Training,-0.366212,-0.225286,-0.181890,-0.067511,-0.016362,0.015109,0.058713,0.147430,0.352854,0.657047,1.850800
2002-06-23,0.000000,Training,-0.367371,-0.220572,-0.171023,-0.058312,-0.025194,0.004921,0.040393,0.124642,0.352890,0.651493,1.869899
2002-06-24,0.000000,Training,-0.382871,-0.200918,-0.162995,-0.043098,-0.025423,-0.003125,0.044191,0.127573,0.371430,0.680801,1.947011
2002-06-25,0.000000,Training,-0.383885,-0.183722,-0.157970,-0.042744,-0.032342,-0.016290,0.028712,0.108067,0.332111,0.630054,1.876368
2002-06-26,0.000000,Training,-0.381446,-0.181067,-0.155318,-0.043402,-0.034672,-0.019549,0.023084,0.100807,0.320387,0.614116,1.854191
2002-06-27,0.000000,Training,-0.352947,-0.194449,-0.151470,-0.056190,-0.043074,-0.022371,0.000141,0.070884,0.274217,0.543745,1.720867
2002-06-28,0.000000,Training,-0.342973,-0.197890,-0.155910,-0.068064,-0.045928,-0.025199,-0.009555,0.059491,0.237418,0.494901,1.624202
2002-06-29,0.000000,Training,-0.353627,-0.199918,-0.155988,-0.060313,-0.043695,-0.022360,-0.000162,0.071211,0.273772,0.544406,1.716668
2002-06-30,0.000000,Training,-0.359214,-0.195740,-0.154553,-0.055257,-0.042583,-0.023280,0.004201,0.075706,0.286873,0.563313,1.755142
2002-07-01,0.000000,Training,-0.360534,-0.194292,-0.153806,-0.054805,-0.043224,-0.024437,0.003876,0.075205,0.286980,0.563877,1.760224
2002-07-02,0.000000,Training,-0.349856,-0.201060,-0.157224,-0.065240,-0.046106,-0.024607,-0.005169,0.064824,0.258325,0.523110,1.678283
2002-07-03,0.000000,Training,-0.346477,-0.202616,-0.160265,-0.070204,-0.046103,-0.024726,-0.006523,0.063323,0.245881,0.506983,1.642413
2002-07-04,0.000000,Training,-0.345970,-0.203586,-0.162269,-0.071800,-0.045693,-0.024590,-0.005737,0.064099,0.244058,0.505144,1.634432
2002-07-05,0.000000,Training,-0.344680,-0.203299,-0.163275,-0.073232,-0.045729,-0.025277,-0.006214,0.063127,0.239292,0.499137,1.620684
2002-07-06,0.000000,Training,-0.347413,-0.204140,-0.161991,-0.070933,-0.046598,-0.025909,-0.006701,0.062578,0.247396,0.509489,1.644250
2002-07-07,0.000000,Training,-0.353146,-0.203775,-0.159924,-0.066176,-0.047115,-0.026649,-0.004583,0.065112,0.264659,0.532931,1.694099
2002-07-08,0.000000,Training,-0.354236,-0.204001,-0.159899,-0.066356,-0.048024,-0.027462,-0.004974,0.064759,0.265924,0.534912,1.700353
2002-07-09,0.000000,Training,-0.361367,-0.201443,-0.158501,-0.061959,-0.047712,-0.028593,-0.000608,0.070084,0.282735,0.559542,1.752484
2002-07-10,0.000000,Training,-0.358466,-0.203772,-0.159068,-0.064856,-0.049131,-0.028418,-0.003663,0.066716,0.274796,0.547629,1.730820
2002-07-11,0.000000,Training,-0.354793,-0.205368,-0.160126,-0.068593,-0.050313,-0.029508,-0.007535,0.061983,0.262796,0.531027,1.697901
2002-07-12,0.000000,Training,-0.346405,-0.205548,-0.163555,-0.076458,-0.050913,-0.030568,-0.012326,0.055763,0.234329,0.492817,1.618568
2002-07-13,0.000000,Training,-0.345173,-0.205247,-0.164369,-0.077821,-0.051300,-0.031800,-0.013575,0.053882,0.229218,0.486241,1.604564
2002-07-14,0.000000,Training,-0.335550,-0.196609,-0.169622,-0.085595,-0.049307,-0.034466,-0.011465,0.054218,0.197385,0.447425,1.513538
2002-07-15,0.000000,Training,-0.338567,-0.200668,-0.166649,-0.082877,-0.051587,-0.035486,-0.016720,0.048416,0.205245,0.455870,1.539793
2002-07-16,0.000000,Training,-0.336607,-0.198933,-0.168040,-0.084803,-0.051496,-0.036580,-0.016488,0.048110,0.198419,0.447762,1.520697
2002-07-17,0.000000,Training,-0.336258,-0.198790,-0.168382,-0.085788,-0.052274,-0.037707,-0.017596,0.046682,0.195663,0.444182,1.514847
2002-07-18,0.000000,Training,-0.340662,-0.203179,-0.165758,-0.082948,-0.054791,-0.038617,-0.021433,0.042904,0.207503,0.458211,1.552331
2002-07-19,0.000000,Training,-0.350616,-0.206699,-0.162612,-0.076922,-0.057041,-0.039580,-0.020378,0.045360,0.236584,0.496688,1.638315
2002-07-20,0.000000,Training,-0.358854,-0.206497,-0.161863,-0.073714,-0.057798,-0.041304,-0.016226,0.051017,0.257356,0.527095,1.703560
2002-07-21,0.000000,Training,-0.362940,-0.206373,-0.161854,-0.073411,-0.058640,-0.042835,-0.014831,0.053281,0.264906,0.539081,1.731912
2002-07-22,0.000000,Training,-0.364055,-0.207299,-0.162081,-0.074223,-0.059374,-0.043484,-0.014993,0.053531,0.266606,0.541929,1.740185
2002-07-23,0.000000,Training,-0.351644,-0.210343,-0.164068,-0.081629,-0.060521,-0.041932,-0.023529,0.042865,0.233190,0.492568,1.638530
2002-07-24,0.000000,Training,-0.337925,-0.202440,-0.171194,-0.091849,-0.056736,-0.041808,-0.020915,0.043849,0.191064,0.439047,1.512674
2002-07-25,0.000000,Training,-0.337007,-0.201418,-0.174067,-0.093505,-0.055334,-0.041770,-0.017742,0.047161,0.189298,0.438120,1.502384
2002-07-26,0.000000,Training,-0.337197,-0.202498,-0.173951,-0.093179,-0.055596,-0.042254,-0.018678,0.045825,0.190996,0.440139,1.506824
2002-07-27,0.000000,Training,-0.338391,-0.204634,-0.173021,-0.092747,-0.056876,-0.042980,-0.021018,0.043322,0.194089,0.443449,1.518361
2002-07-28,0.000000,Training,-0.336684,-0.202444,-0.174607,-0.094928,-0.056879,-0.044199,-0.020340,0.043705,0.187379,0.435488,1.499776
2002-07-29,0.000000,Training,-0.337094,-0.203383,-0.174736,-0.095455,-0.057601,-0.044808,-0.021280,0.042788,0.187854,0.435955,1.502482
2002-07-30,0.000000,Training,-0.346602,-0.213619,-0.170656,-0.090675,-0.061407,-0.044854,-0.025910,0.039661,0.216446,0.471221,1.589463
2002-07-31,0.000000,Training,-0.350877,-0.216647,-0.170269,-0.089853,-0.062884,-0.045389,-0.025519,0.041156,0.228969,0.487965,1.627904
2002-08-01,0.000000,Training,-0.350369,-0.217237,-0.171087,-0.091532,-0.063400,-0.045584,-0.025879,0.041013,0.226289,0.484307,1.621682
2002-08-02,0.000000,Training,-0.351068,-0.218332,-0.171458,-0.092138,-0.063712,-0.045742,-0.025630,0.041643,0.228544,0.487461,1.628889
2002-08-03,0.000000,Training,-0.354487,-0.220736,-0.171452,-0.091486,-0.064323,-0.045925,-0.024247,0.044093,0.240175,0.503437,1.663193
2002-08-04,0.000000,Training,-0.355018,-0.221661,-0.171743,-0.092055,-0.064649,-0.046128,-0.023976,0.044684,0.242381,0.506506,1.670449
2002-08-05,0.000000,Training,-0.357957,-0.223326,-0.171581,-0.091633,-0.065173,-0.046536,-0.022499,0.047151,0.252741,0.521039,1.702374
2002-08-06,0.000000,Training,-0.356706,-0.223401,-0.171764,-0.092745,-0.065520,-0.046914,-0.023446,0.045946,0.249044,0.515823,1.692986
2002-08-07,0.000000,Training,-0.349958,-0.220254,-0.172835,-0.095978,-0.065033,-0.047378,-0.026273,0.041304,0.226641,0.485217,1.628526
2002-08-08,0.000000,Training,-0.344267,-0.215819,-0.174779,-0.098866,-0.063606,-0.047882,-0.025776,0.040532,0.209215,0.462937,1.577022
2002-08-09,0.000000,Training,-0.349263,-0.220712,-0.173641,-0.097336,-0.065157,-0.048146,-0.026333,0.041210,0.225960,0.484619,1.626984
2002-08-10,0.000000,Training,-0.365984,-0.227972,-0.172325,-0.093074,-0.066935,-0.049576,-0.017108,0.056069,0.284341,0.567605,1.804947
2002-08-11,0.000000,Training,-0.353407,-0.223942,-0.172660,-0.097035,-0.067027,-0.049053,-0.025852,0.043126,0.241111,0.504929,1.675205
2002-08-12,0.000000,Training,-0.340085,-0.212252,-0.176260,-0.102360,-0.063223,-0.049492,-0.024615,0.041321,0.199052,0.451153,1.550541
2002-08-13,0.000000,Training,-0.344927,-0.218453,-0.175699,-0.100760,-0.063891,-0.048115,-0.024194,0.043308,0.216730,0.473760,1.600636
2002-08-14,0.000000,Training,-0.367823,-0.231050,-0.170778,-0.093164,-0.066775,-0.044456,-0.012665,0.063838,0.298349,0.584089,1.852180
2002-08-15,0.000000,Training,-0.356643,-0.227574,-0.172738,-0.097741,-0.067139,-0.048708,-0.021952,0.049330,0.259669,0.531159,1.732001
2002-08-16,0.000000,Training,-0.349144,-0.222888,-0.173022,-0.100125,-0.065978,-0.048647,-0.024882,0.044224,0.233831,0.495992,1.657659
2002-08-17,0.000000,Training,-0.347255,-0.222175,-0.174632,-0.100982,-0.064875,-0.048285,-0.023530,0.045376,0.230143,0.492025,1.644667
2002-08-18,0.000000,Training,-0.350522,-0.225187,-0.173829,-0.100043,-0.065510,-0.048213,-0.022642,0.047491,0.243778,0.510072,1.685021
2002-08-19,0.000000,Training,-0.355639,-0.228487,-0.172666,-0.098854,-0.066422,-0.048414,-0.020164,0.052111,0.264943,0.539101,1.749130
2002-08-20,0.000000,Training,-0.354046,-0.227483,-0.172002,-0.099282,-0.066546,-0.048764,-0.021091,0.050805,0.260897,0.533535,1.739333
2002-08-21,0.000000,Training,-0.349086,-0.224204,-0.171801,-0.100402,-0.065968,-0.049084,-0.023359,0.046890,0.244275,0.510972,1.692181
2002-08-22,0.000000,Training,-0.357177,-0.229055,-0.170531,-0.098750,-0.066828,-0.049042,-0.018131,0.055952,0.278250,0.558473,1.794659
2002-08-23,0.000000,Training,-0.361984,-0.230612,-0.169607,-0.098169,-0.067011,-0.049621,-0.013091,0.063917,0.301623,0.593106,1.868870
2002-08-24,0.000000,Training,-0.368656,-0.231606,-0.168611,-0.098801,-0.067176,-0.051260,-0.005857,0.075932,0.332170,0.641378,1.974312
2002-08-25,0.000000,Training,-0.366489,-0.230174,-0.166375,-0.097980,-0.067394,-0.050182,-0.007329,0.074014,0.326939,0.632378,1.960550
2002-08-26,0.000000,Training,-0.360884,-0.228409,-0.165562,-0.098034,-0.067332,-0.050581,-0.012421,0.065975,0.307705,0.603728,1.898897
2002-08-27,0.000000,Training,-0.365182,-0.229963,-0.165607,-0.098584,-0.066794,-0.050874,-0.006658,0.075445,0.329709,0.638499,1.972318
2002-08-28,0.000000,Training,-0.355453,-0.226818,-0.164692,-0.098020,-0.066660,-0.049762,-0.016113,0.060276,0.290888,0.578825,1.847165
2002-08-29,0.000000,Training,-0.356450,-0.227045,-0.164048,-0.097898,-0.066086,-0.049359,-0.013930,0.063832,0.298578,0.590499,1.871675
2002-08-30,0.000000,Training,-0.354458,-0.226523,-0.164040,-0.098005,-0.065618,-0.049002,-0.014892,0.062211,0.292771,0.582003,1.853206
2002-08-31,0.000000,Training,-0.348522,-0.223153,-0.163313,-0.098334,-0.065004,-0.049132,-0.019625,0.054422,0.269484,0.548590,1.784120
2002-09-01,0.000000,Training,-0.353234,-0.224942,-0.161646,-0.097025,-0.064453,-0.047568,-0.013728,0.064029,0.294109,0.583778,1.860408
2002-09-02,0.000000,Training,-0.355714,-0.225339,-0.161068,-0.097363,-0.064231,-0.048933,-0.009755,0.070445,0.311169,0.610615,1.914390
2002-09-03,0.000000,Training,-0.360650,-0.225477,-0.159661,-0.098129,-0.063723,-0.049860,-0.002141,0.083322,0.340585,0.657879,2.015114
2002-09-04,0.000000,Training,-0.359759,-0.224065,-0.158127,-0.098087,-0.063562,-0.050269,-0.001849,0.084134,0.341943,0.661246,2.023622
2002-09-05,0.000000,Training,-0.358288,-0.222656,-0.156431,-0.097628,-0.063241,-0.050103,-0.002317,0.083608,0.339928,0.658844,2.020190
2002-09-06,0.000000,Training,-0.354475,-0.221354,-0.155201,-0.096414,-0.063004,-0.049198,-0.006212,0.077111,0.324536,0.634235,1.969352
2002-09-07,0.000000,Training,-0.351664,-0.220313,-0.154433,-0.095883,-0.062639,-0.048654,-0.008955,0.072715,0.313216,0.616722,1.933346
2002-09-08,0.000000,Training,-0.357465,-0.220963,-0.152322,-0.095712,-0.061737,-0.046646,0.000144,0.088540,0.345747,0.666733,2.045315
2002-09-09,0.000000,Training,-0.355213,-0.219267,-0.148780,-0.092839,-0.061813,-0.042864,-0.002550,0.084009,0.333532,0.644029,2.010700
2002-09-10,0.000000,Training,-0.348062,-0.217051,-0.150732,-0.094943,-0.061298,-0.047848,-0.009992,0.071319,0.306533,0.607553,1.918525
2002-09-11,0.000000,Training,-0.341437,-0.214472,-0.151194,-0.095110,-0.060940,-0.047703,-0.017936,0.058123,0.272115,0.556256,1.811512
2002-09-12,0.000000,Training,-0.341309,-0.214621,-0.151712,-0.095090,-0.060227,-0.047316,-0.016952,0.059512,0.273852,0.558884,1.814259
2002-09-13,0.000000,Training,-0.344086,-0.215501,-0.150990,-0.094721,-0.059517,-0.046757,-0.011988,0.067619,0.293209,0.587334,1.871673
2002-09-14,0.000000,Training,-0.419148,-0.241594,-0.165107,-0.094238,-0.060573,-0.026504,0.044895,0.134377,0.483276,0.880692,2.785464
2002-09-15,0.000000,Training,-0.479514,-0.230973,-0.170677,-0.059427,-0.058244,0.086776,0.166390,0.313481,1.071061,1.660388,5.153358
2002-09-16,0.000000,Training,-0.596697,-0.388583,-0.189239,0.129694,0.324957,0.749345,1.085471,1.792273,5.026771,8.049538,24.348070
2002-09-17,0.000000,Training,-0.373950,0.044518,0.291443,0.812428,1.016195,1.750675,2.239654,3.224791,8.717560,13.188845,34.119755
2002-09-18,0.000000,Training,-0.249871,0.167063,0.650510,1.087055,1.590853,2.481468,3.233051,4.872589,10.287751,16.773445,41.371143
2002-09-19,0.000000,Training,-0.376083,-0.063493,0.305524,0.548922,0.792177,1.269265,1.661734,2.462294,5.082246,8.023518,20.348082
2002-09-20,0.075554,Training,-0.435973,-0.177186,0.111243,0.280557,0.440439,0.762267,1.005068,1.534990,3.104015,4.861324,12.040886
2002-09-21,0.000000,Training,-0.460003,-0.240836,-0.019204,0.117051,0.237476,0.457215,0.632810,1.006421,2.089295,3.298326,8.109596
2002-09-22,0.000000,Training,-0.456271,-0.249573,-0.053012,0.079962,0.195195,0.383655,0.544751,0.875990,1.816242,2.858668,6.902318
2002-09-23,0.000000,Training,-0.448105,-0.250844,-0.082268,0.047665,0.169815,0.323844,0.483531,0.784771,1.613397,2.538576,5.943766
2002-09-24,0.377771,Training,-0.458125,-0.263700,-0.092935,0.037023,0.154435,0.312483,0.475302,0.770193,1.613717,2.533498,6.099668
2002-09-25,0.000000,Training,-0.523866,-0.333696,-0.155313,0.044719,0.180703,0.370007,0.605793,0.944405,2.230235,3.559641,9.073617
2002-09-26,0.000000,Training,-0.491078,-0.294581,-0.089099,0.087281,0.235770,0.463501,0.681306,1.102410,2.335249,3.736239,8.772292
2002-09-27,0.000000,Training,-0.477467,-0.276453,-0.069411,0.111488,0.266092,0.497166,0.709871,1.122927,2.342817,3.672329,8.605457
2002-09-28,0.000000,Training,-0.471150,-0.291323,-0.128743,0.049281,0.210608,0.367054,0.571120,0.898407,1.845889,2.875836,6.458384
2002-09-29,0.000000,Training,-0.461602,-0.294440,-0.146583,0.021755,0.171639,0.305098,0.486344,0.765944,1.579576,2.436425,5.538151
2002-09-30,0.000000,Training,-0.496879,-0.328243,-0.151668,0.042449,0.179648,0.349798,0.563970,0.867492,1.936902,2.987562,7.445681
2002-10-01,38.532665,Test,-0.422890,-0.076714,0.331741,1.236892,1.543556,2.402801,3.232955,4.475578,12.656120,19.648102,45.836815
2002-10-02,91.193973,Test,0.007048,0.792623,2.595248,5.502596,9.550127,14.749737,19.893408,34.572609,79.533218,138.662888,342.689880
2002-10-03,22.590719,Test,-0.261563,0.249524,0.976134,1.913126,3.091351,4.560009,6.056178,9.320699,18.535391,29.867916,67.271286
2002-10-04,7.933196,Test,-0.457360,-0.189797,0.097092,0.404059,0.757281,1.128919,1.566730,2.345246,4.476619,6.889448,14.981658
2002-10-05,2.719953,Test,-0.482896,-0.293032,-0.113900,0.081349,0.277313,0.459491,0.696291,1.084391,2.172867,3.352008,7.461256
2002-10-06,0.604434,Test,-0.515586,-0.320314,-0.170366,0.015525,0.144182,0.294633,0.503822,0.787726,1.878121,2.978742,7.624338
2002-10-07,0.000000,Test,-0.474768,-0.292815,-0.133734,0.007244,0.156492,0.295826,0.496472,0.821269,1.738129,2.824610,6.505613
2002-10-08,43.745907,Test,-0.564101,-0.323488,-0.187050,0.079899,0.233736,0.459088,0.746119,1.170168,2.963811,4.639084,12.627308
2002-10-09,65.278867,Test,-0.506245,-0.267855,-0.034688,0.167949,0.409290,0.730480,1.084805,1.752748,3.686929,6.090193,14.268349
2002-10-10,14.959740,Test,-0.460223,-0.222550,-0.033631,0.130705,0.354190,0.580858,0.869620,1.378064,2.753794,4.425182,10.076022
2002-10-11,5.666568,Test,-0.451748,-0.245731,-0.091027,0.047066,0.218774,0.373204,0.587235,0.942021,1.877499,2.973505,6.751871
2002-10-12,2.039965,Test,-0.464478,-0.283270,-0.123527,0.030896,0.178058,0.337769,0.533555,0.849380,1.765809,2.758048,6.412610
2002-10-13,0.377771,Test,-0.483061,-0.318659,-0.173690,0.013109,0.195500,0.340807,0.571445,0.901847,1.858793,2.896075,6.440507
2002-10-14,0.000000,Test,-0.462753,-0.295366,-0.158282,0.006203,0.168957,0.306966,0.512722,0.815582,1.684986,2.626360,5.911653
2002-10-15,0.000000,Test,-0.453771,-0.291830,-0.165830,-0.008538,0.150163,0.271871,0.470353,0.748204,1.548015,2.415352,5.436964
2002-10-16,0.000000,Test,-0.450690,-0.291972,-0.156395,-0.007978,0.124815,0.258267,0.431800,0.694190,1.463986,2.270359,5.314593
2002-10-17,0.000000,Test,-0.441645,-0.281711,-0.168190,-0.019166,0.138195,0.245252,0.443065,0.707863,1.458233,2.291011,5.168452
2002-10-18,0.000000,Test,-0.443249,-0.281256,-0.170148,-0.016494,0.148564,0.256632,0.462930,0.734626,1.497419,2.351904,5.258095
2002-10-19,0.000000,Test,-0.442549,-0.295071,-0.181990,-0.029863,0.110694,0.215248,0.393605,0.633032,1.330345,2.088322,4.728633
2002-10-20,0.075554,Test,-0.510030,-0.317045,-0.213798,-0.020823,0.089506,0.227192,0.418019,0.668973,1.646810,2.584077,6.655776
2002-10-21,20.550754,Test,-0.506713,-0.326463,-0.125809,0.033014,0.178658,0.410106,0.648452,1.070550,2.423352,3.994143,9.959992
2002-10-22,10.048714,Test,-0.452502,-0.262227,-0.099384,0.041113,0.207316,0.380548,0.597173,0.971279,2.023341,3.267414,7.436472
2002-10-23,4.457700,Test,-0.433248,-0.258893,-0.134974,-0.004570,0.148754,0.263189,0.453865,0.736721,1.516861,2.419900,5.465023
2002-10-24,1.435531,Test,-0.436723,-0.263525,-0.150862,-0.011977,0.152553,0.257461,0.459598,0.729223,1.478215,2.332422,5.196465
2002-10-25,0.226663,Test,-0.425230,-0.261481,-0.150592,-0.023410,0.121823,0.216172,0.395298,0.631248,1.299922,2.057202,4.629490
2002-10-26,0.000000,Test,-0.433874,-0.275992,-0.160116,-0.023741,0.120207,0.217386,0.396648,0.626745,1.296851,2.039034,4.577777
2002-10-27,0.000000,Test,-0.436071,-0.277858,-0.162039,-0.026421,0.117516,0.209152,0.388523,0.609156,1.263636,1.985090,4.451042
2002-10-28,0.000000,Test,-0.416509,-0.255535,-0.148581,-0.030331,0.103702,0.183037,0.351657,0.557987,1.161045,1.841071,4.168528
2002-10-29,0.000000,Test,-0.381425,-0.216704,-0.121581,-0.034188,0.073904,0.133405,0.267379,0.439875,0.933837,1.508367,3.564539
2002-10-30,0.000000,Test,-0.375247,-0.206905,-0.113428,-0.035033,0.062225,0.124148,0.246939,0.414892,0.887110,1.439172,3.481140
2002-10-31,0.000000,Test,-0.365173,-0.196693,-0.117094,-0.040916,0.063975,0.110221,0.240015,0.403056,0.857677,1.408587,3.373574
2002-11-01,0.000000,Test,-0.366145,-0.200060,-0.117415,-0.040434,0.062401,0.110412,0.238633,0.400313,0.855689,1.404923,3.361427
2002-11-02,0.000000,Test,-0.367649,-0.205349,-0.120142,-0.040622,0.059000,0.108177,0.233875,0.392174,0.845991,1.388177,3.323510
2002-11-03,0.000000,Test,-0.376013,-0.211792,-0.117636,-0.034923,0.060430,0.122424,0.245802,0.410186,0.882899,1.431097,3.448156
2002-11-04,0.000000,Test,-0.369383,-0.207617,-0.120770,-0.039630,0.060968,0.111640,0.240237,0.400445,0.862696,1.410142,3.369174
2002-11-05,0.000000,Test,-0.366048,-0.201956,-0.119548,-0.040008,0.062769,0.111380,0.242836,0.404273,0.866524,1.418821,3.384112
2002-11-06,0.000000,Test,-0.363868,-0.204061,-0.121803,-0.041998,0.055731,0.104438,0.230466,0.386940,0.839716,1.379553,3.308769
2002-11-07,0.000000,Test,-0.366592,-0.201201,-0.123565,-0.040312,0.066021,0.114243,0.251759,0.415808,0.885381,1.447885,3.429409
2002-11-08,0.000000,Test,-0.363882,-0.191227,-0.122823,-0.039192,0.071627,0.112854,0.255611,0.419995,0.883664,1.444668,3.423353
2002-11-09,0.000000,Test,-0.358616,-0.188103,-0.119210,-0.041149,0.063957,0.103734,0.239258,0.398958,0.845272,1.389997,3.317712
2002-11-10,0.000000,Test,-0.361004,-0.188724,-0.119625,-0.038701,0.069887,0.111668,0.251736,0.414870,0.872651,1.428315,3.386588
2002-11-11,0.000000,Test,-0.371589,-0.197702,-0.127660,-0.035725,0.083003,0.131158,0.284979,0.460199,0.955001,1.545260,3.597585
2002-11-12,0.000000,Test,-0.378947,-0.210099,-0.131434,-0.036327,0.081725,0.138422,0.293127,0.473570,0.987174,1.590900,3.680443
2002-11-13,0.000000,Test,-0.483511,-0.252908,-0.173036,-0.015013,0.106899,0.224715,0.430418,0.667174,1.538032,2.439362,6.101774
2002-11-14,0.000000,Test,-0.557763,-0.278643,-0.131503,0.152290,0.391279,0.703791,1.144490,1.788515,4.439580,7.291309,19.430578
2002-11-15,0.000000,Test,-0.433373,-0.128256,0.080685,0.329009,0.699553,1.070493,1.611539,2.473557,5.044241,8.254022,19.007965
2002-11-16,0.000000,Test,-0.429307,-0.165639,-0.012339,0.186637,0.467659,0.698367,1.071579,1.628840,3.154696,4.982982,11.108080
2002-11-17,0.000000,Test,-0.431227,-0.195179,-0.071289,0.108519,0.352004,0.513561,0.827164,1.244759,2.371152,3.683154,8.089413
2002-11-18,0.000000,Test,-0.455216,-0.236894,-0.093184,0.091695,0.318454,0.504116,0.801821,1.206084,2.332639,3.572054,7.973283
2002-11-19,0.000000,Test,-0.580010,-0.306386,-0.142685,0.234868,0.591579,0.948186,1.546394,2.376770,5.697619,9.074547,22.488138
2002-11-20,0.982205,Test,-0.458312,-0.077115,0.410305,1.148009,2.165774,3.278668,4.930128,7.778110,18.275730,31.162117,79.592422
2002-11-21,17.075259,Test,-0.382929,0.017987,0.508800,1.121757,2.022486,2.909180,4.104911,6.277862,12.261290,19.758850,43.697628
2002-11-22,13.146438,Test,-0.499382,-0.192971,0.174260,0.653133,1.267534,1.901437,2.786326,4.225736,8.705009,13.721698,32.754532
2002-11-23,6.875436,Test,-0.480299,-0.156414,0.256454,0.779067,1.478538,2.182314,3.116260,4.805844,9.310129,14.627913,34.664711
2002-11-24,35.661603,Test,-0.473370,-0.114937,0.292557,0.991255,1.915156,2.765564,4.112911,6.354412,13.187844,21.192631,52.006401
2002-11-25,35.208278,Test,-0.341218,0.084452,0.529826,1.323173,2.484095,3.306829,4.652071,7.161349,12.424296,19.388075,42.091091
2002-11-26,15.413066,Test,-0.293397,0.200096,1.059427,1.942507,3.274209,4.567443,6.046204,9.099485,15.799927,23.545029,55.407387
2002-11-27,,,-0.060056,0.643815,2.485811,4.177928,6.957073,9.233751,11.340280,17.805109,32.097313,47.035088,109.880371
2002-11-28,96.633878,Test,0.055371,0.721456,2.135210,3.353681,5.221544,6.844252,8.350492,12.286821,18.715668,26.398661,57.737690
2002-11-29,28.181733,Test,0.433905,1.291166,2.848155,4.433603,6.734344,7.974474,9.529703,13.163527,18.028376,24.208897,48.302082
2002-11-30,13.524210,Test,0.932892,1.945451,3.956450,5.786816,8.284015,9.356831,10.639785,13.893206,17.616596,22.515339,43.278503
2002-12-01,7.479870,Test,1.410658,2.553948,4.752895,6.804697,9.387748,10.271317,11.394805,14.227424,17.259501,21.424753,40.320969
2002-12-02,4.533255,Test,0.693111,1.503401,3.115635,4.639401,6.693906,7.476585,8.485436,10.912483,13.511331,17.083876,32.606976
2002-12-03,2.568844,Test,0.066415,0.612197,1.538122,2.593981,4.094840,4.756179,5.715928,7.723000,10.136886,13.309222,26.211823
2002-12-04,1.511085,Test,-0.082255,0.381294,1.258607,2.129636,3.399264,4.080635,4.902377,6.748732,9.031607,11.942223,23.817669
2002-12-05,0.755542,Test,-0.157465,0.276176,1.003237,1.820988,3.005125,3.584805,4.416317,6.113850,8.277890,11.042875,22.010069
2002-12-06,0.226663,Test,-0.130637,0.279706,0.842480,1.691418,2.805265,3.395830,4.138568,5.843287,7.719963,10.362300,20.251501
2002-12-07,0.000000,Test,-0.233536,0.133566,0.594674,1.342272,2.323296,2.888447,3.568125,5.152724,6.948580,9.444911,18.533724
2002-12-08,0.000000,Test,-0.390966,-0.096411,0.210312,0.788675,1.542620,2.005577,2.587068,3.862628,5.500840,7.641620,15.194993
2002-12-09,0.000000,Test,-0.566471,-0.247314,0.074552,0.653422,1.457796,2.054420,3.021203,4.730510,9.114048,13.470134,31.099499
2002-12-10,0.604434,Test,-0.325147,0.166392,1.087604,2.411258,4.313773,6.264798,8.574004,14.102342,27.940643,44.322735,111.363434
2002-12-11,0.679988,Test,-0.370152,0.105373,0.800081,2.121654,3.964889,5.723120,8.079095,13.333368,27.304056,43.547722,105.980827
2002-12-12,0.151108,Test,-0.321794,0.149701,0.712290,1.859626,3.411433,4.808198,6.355602,10.609908,18.310575,28.279865,61.894737
2002-12-13,0.226663,Test,-0.184061,0.959417,2.367876,5.923320,10.043843,14.417798,21.269026,36.196739,95.740448,153.156464,367.550690
2002-12-14,,,-0.104781,0.553197,2.267129,3.917588,6.613534,8.827122,10.869441,17.231573,31.199884,46.277054,106.215714
2002-12-15,41.403726,Test,,,,,,,,,,,
2002-12-16,19.870766,Test,3.738587,9.760168,16.947060,32.436302,50.874908,66.020737,87.362694,129.376541,235.129105,361.954224,714.743347
2002-12-17,66.865506,Test,29.303755,58.630211,85.144165,137.033646,173.110626,218.027206,254.550491,329.265625,599.078430,894.681824,1367.165161
2002-12-18,,,0.065818,0.820804,2.904477,4.806561,7.889087,10.335909,12.481465,19.577902,34.314014,50.771557,114.604111
2002-12-19,140.228677,Test,26.637316,38.057735,52.989025,81.829910,104.156044,119.457275,130.882324,163.952621,232.712814,324.853516,500.391602
2002-12-20,53.190188,Test,13.581676,20.076553,28.672569,43.662323,58.162777,63.302876,69.879845,86.011040,113.928635,153.902863,238.807709
2002-12-21,27.199528,Test,4.931706,8.188613,12.984283,19.703606,27.183376,30.218220,34.010258,43.083076,55.921776,74.698280,122.056541
2002-12-22,16.697488,Test,2.160459,3.951476,7.028901,10.429605,14.548409,16.484028,18.638258,24.094130,30.887903,40.557697,69.669182
2002-12-23,11.182028,Test,1.235034,2.418119,4.951190,7.137084,9.918399,11.736359,13.130848,17.322224,22.487576,29.325397,53.457302
2002-12-24,7.479870,Test,0.826967,1.792886,3.957545,5.806194,8.240236,9.913161,11.384590,15.049211,20.438122,26.673634,51.813118
2002-12-25,7.479870,Test,0.670123,1.515598,3.456161,5.074142,7.262300,8.702431,9.930430,13.297807,17.743063,23.290501,44.860596
2002-12-26,,,1.523109,3.169999,7.881048,11.394619,16.556429,19.707151,22.154148,30.882576,47.343128,65.726448,137.821259
2002-12-27,,,1.915343,3.775450,9.010530,12.789434,18.259214,21.453096,23.888985,32.561249,49.023537,67.261536,140.488220
2002-12-28,43.443690,Test,0.196466,0.863668,1.864322,3.191304,4.945861,5.721877,6.838566,9.192543,12.130125,15.826378,29.774960
2002-12-29,21.457405,Test,-0.098427,0.387913,0.991521,1.985068,3.288142,3.979178,4.875332,6.852689,9.279840,12.395315,23.446795
2002-12-30,13.599764,Test,-0.333728,0.065005,0.652268,1.360890,2.352221,3.067335,3.896824,5.564695,8.288651,11.240223,23.350721
2002-12-31,9.368726,Test,-0.356213,0.008450,0.444505,1.130308,2.072988,2.559123,3.345943,4.779323,6.979493,9.466635,18.728594
2003-01-01,6.346557,Validation,,,,,,,,,,,
2003-01-02,4.608809,Validation,-0.473615,-0.189965,0.200261,0.721530,1.415167,1.909564,2.563902,3.758435,6.002157,8.339428,17.596556
2003-01-03,3.551049,Validation,-0.456960,-0.170590,0.231424,0.772480,1.495766,1.969339,2.601829,3.836165,5.911655,8.150906,16.779242
2003-01-04,2.871061,Validation,-0.494382,-0.218113,0.109860,0.618650,1.281467,1.745153,2.371400,3.566644,5.780268,8.079268,17.045105
2003-01-05,2.191073,Validation,,,,,,,,,,,
2003-01-06,1.964410,Validation,-0.492326,-0.222588,0.044890,0.595342,1.317685,1.718828,2.365417,3.608106,5.745615,8.080179,16.350410
2003-01-07,1.737748,Validation,-0.587106,-0.321442,-0.028987,0.521503,1.249919,1.764370,2.595104,4.040076,7.731060,11.360010,24.958792
2003-01-08,30.297252,Validation,-0.502361,-0.193645,0.227662,0.942886,1.877220,2.694723,3.620393,5.827372,10.311696,15.234351,33.923256
2003-01-09,21.457405,Validation,-0.490695,-0.173757,0.192922,0.900130,1.797166,2.630513,3.415774,5.559745,9.391676,13.585277,28.640388
2003-01-10,21.608514,Validation,-0.488525,-0.168701,0.086907,0.756767,1.579507,2.190868,2.847473,4.505945,7.117247,9.784894,19.060741
2003-01-11,14.884186,Validation,-0.463184,-0.141576,0.120262,0.782591,1.598672,2.165449,2.784511,4.282845,6.528818,8.797487,16.863346
2003-01-12,9.293172,Validation,-0.490813,-0.204742,0.010174,0.595042,1.302041,1.775514,2.333399,3.583160,5.547754,7.491738,14.314149
2003-01-13,5.591014,Validation,,,,,,,,,,,
2003-01-14,3.324387,Validation,,,,,,,,,,,
2003-01-15,2.115519,Validation,-0.523054,-0.293288,-0.115506,0.385753,0.977849,1.323913,1.814610,2.823487,4.476420,6.146607,11.777422
2003-01-16,1.359976,Validation,-0.516724,-0.282935,-0.096369,0.419367,1.026287,1.376050,1.873012,2.891908,4.541051,6.197328,11.865430
2003-01-17,0.755542,Validation,-0.491703,-0.244045,-0.022977,0.527431,1.185817,1.550006,2.075996,3.150263,4.818758,6.526623,12.522975
2003-01-18,0.453325,Validation,-0.530351,-0.306823,-0.043545,0.442416,1.040101,1.408726,2.007259,3.049240,5.234478,7.395574,15.834435
2003-01-19,0.831097,Validation,-0.519224,-0.275369,0.007008,0.538735,1.208908,1.599591,2.217346,3.407549,5.638462,7.894516,16.530468
2003-01-20,1.133314,Validation,-0.637697,-0.264398,0.207581,1.459975,2.941235,4.519078,6.840263,12.350590,35.515301,55.292892,139.693207
2003-01-21,,,-0.077317,0.645900,2.468907,4.280038,7.257726,9.521418,11.808841,18.147978,32.565418,48.160412,106.761322
2003-01-22,32.639434,Validation,6.371659,11.861109,18.615173,35.971321,54.193066,67.658180,81.605095,114.612228,188.625519,279.417114,486.143280
2003-01-23,18.586344,Validation,4.117378,7.378374,11.057372,20.326004,30.598446,35.379108,41.917469,57.628506,84.160629,117.608368,196.457184
2003-01-24,10.879811,Validation,1.124878,2.594672,4.335276,7.989640,12.548790,14.968068,18.113710,25.761454,37.450577,51.840225,91.234009
2003-01-25,7.102099,Validation,1.156828,2.439542,4.206442,7.115369,10.684162,12.198954,14.276591,19.183271,25.904501,34.454620,59.970322
2003-01-26,4.457700,Validation,0.064609,0.736782,1.614586,3.110564,5.120353,6.087660,7.531480,10.542357,15.193853,20.467297,37.427227
2003-01-27,2.719953,Validation,-0.327254,0.075701,0.583859,1.453333,2.642429,3.287166,4.259049,6.194386,9.579333,13.235682,25.023394
2003-01-28,1.813302,Validation,-0.456775,-0.164690,0.151661,0.761939,1.554963,2.000709,2.712219,4.042581,6.621070,9.307352,17.885889
2003-01-29,1.133314,Validation,-0.461376,-0.189655,0.034222,0.613778,1.331704,1.701655,2.368154,3.539286,5.832651,8.186823,15.691135
2003-01-30,0.604434,Validation,-0.502991,-0.275028,-0.130004,0.352574,0.905101,1.247408,1.745214,2.724871,4.543991,6.389194,12.107015
2003-01-31,0.302217,Validation,-0.521039,-0.311600,-0.194783,0.229947,0.702310,1.003704,1.440874,2.284898,3.923268,5.540330,10.573256
2003-02-01,0.075554,Validation,-0.534630,-0.333726,-0.233488,0.173436,0.608589,0.894918,1.295623,2.081115,3.609845,5.054426,9.636537
2003-02-02,0.000000,Validation,-0.530921,-0.337279,-0.226554,0.177945,0.618577,0.881670,1.295172,2.065805,3.587493,5.074737,9.757301
2003-02-03,0.000000,Validation,-0.522491,-0.324615,-0.190350,0.232017,0.706708,0.945641,1.410364,2.192894,3.834832,5.444297,10.637301
2003-02-04,0.000000,Validation,-0.531132,-0.327748,-0.171298,0.263085,0.758881,0.992777,1.480820,2.281933,3.993421,5.636484,11.116344
2003-02-05,0.000000,Validation,-0.519160,-0.311030,-0.137693,0.333567,0.882284,1.134039,1.649906,2.544660,4.310441,6.058874,11.921669
2003-02-06,0.000000,Validation,-0.533617,-0.344754,-0.207207,0.205450,0.665477,0.885012,1.336320,2.106630,3.708090,5.272297,10.461316
2003-02-07,0.000000,Validation,-0.563361,-0.388606,-0.237272,0.152175,0.562284,0.853633,1.291092,2.117147,3.993868,5.828366,12.378615
2003-02-08,0.000000,Validation,,,,,,,,,,,
2003-02-09,0.000000,Validation,-0.568876,-0.397799,-0.281451,0.067771,0.449459,0.661040,1.053379,1.765834,3.415692,5.008318,10.208363
2003-02-10,0.000000,Validation,-0.529553,-0.372375,-0.291109,-0.006672,0.277700,0.427953,0.736222,1.256300,2.470905,3.650111,7.450356
2003-02-11,0.000000,Validation,-0.524686,-0.363663,-0.281989,-0.000062,0.279922,0.417820,0.728635,1.219630,2.404565,3.536467,7.232633
2003-02-12,0.000000,Validation,-0.529107,-0.363496,-0.273677,0.002501,0.270696,0.411026,0.714754,1.187085,2.363818,3.458210,7.113471
2003-02-13,0.000000,Validation,-0.516948,-0.356233,-0.280573,-0.007391,0.257877,0.383779,0.684554,1.140986,2.263774,3.332447,6.839881
2003-02-14,0.000000,Validation,-0.520264,-0.368717,-0.302655,-0.038102,0.206440,0.349125,0.618102,1.077799,2.134807,3.150429,6.477075
2003-02-15,0.000000,Validation,-0.531290,-0.382838,-0.325874,-0.059317,0.187752,0.329130,0.593127,1.054078,2.087877,3.068891,6.230464
2003-02-16,0.000000,Validation,-0.540102,-0.389853,-0.331399,-0.054608,0.203706,0.353802,0.623323,1.105332,2.166759,3.158114,6.351477
2003-02-17,0.000000,Validation,-0.536051,-0.385297,-0.318479,-0.030812,0.243381,0.389972,0.678825,1.169853,2.280947,3.334892,6.698231
2003-02-18,0.000000,Validation,-0.614889,-0.432051,-0.303690,0.018430,0.312933,0.555628,0.932398,1.575494,3.565940,5.362597,11.832886
2003-02-19,12.164233,Validation,-0.644001,-0.368456,-0.101827,0.670954,1.566455,2.553123,3.793228,6.922596,19.634336,31.023073,76.912033
2003-02-20,19.946320,Validation,-0.283517,0.253191,0.782270,2.375771,4.681289,6.693162,9.213629,15.745679,33.404400,52.330452,107.035782
2003-02-21,9.368726,Validation,-0.431312,0.064949,0.521554,1.832852,3.594764,5.052187,7.461266,12.260146,29.003832,44.703255,99.122856
2003-02-22,,,-0.404267,0.025490,0.866486,1.733139,3.131944,4.396477,5.743017,9.106726,17.869257,26.959261,60.512829
2003-02-23,48.128054,Validation,0.085546,1.022647,1.970754,4.619807,8.162202,11.059209,14.727759,23.879410,45.779449,68.556328,134.076950
2003-02-24,34.830507,Validation,-0.015946,1.411872,2.626003,6.580085,11.523255,15.854032,22.982094,36.979107,90.509277,130.474396,280.461243
2003-02-25,103.660423,Validation,2.262942,6.271187,9.369561,20.883778,34.349560,44.224518,57.571404,88.488007,162.521179,243.620239,441.296509
2003-02-26,111.518064,Validation,2.624829,6.194647,9.429234,20.486261,33.442005,42.380436,54.275333,81.221016,142.976196,212.758881,376.259827
2003-02-27,143.930835,Validation,2.852393,5.671037,8.434145,16.957195,26.627771,31.795937,38.595284,54.765522,86.387016,121.898323,199.463196
2003-02-28,72.758737,Validation,1.201055,2.868646,4.530143,8.956977,14.109854,16.791948,20.599352,28.818035,44.686665,61.363201,103.163788
2003-03-01,44.123679,Validation,0.848033,2.218933,3.797998,7.080540,10.860876,12.821034,15.446444,21.136995,31.418358,42.020893,71.567818
2003-03-02,37.323797,Validation,0.283406,1.186031,2.348078,4.453617,6.957973,8.209508,9.922967,13.550547,20.042593,26.560295,45.983128
2003-03-03,27.879516,Validation,0.086801,0.807673,1.759893,3.445907,5.481172,6.433942,7.815483,10.645257,15.699337,20.743387,36.216106
2003-03-04,,,0.794402,2.087226,5.650115,8.665466,13.313435,16.208004,18.939077,27.104630,43.665821,62.610905,130.084290
2003-03-05,,,0.695792,1.927606,5.313508,8.218303,12.703017,15.560436,18.260723,26.377972,42.829296,61.579952,128.741562
2003-03-17,,,,,,,,,,,,,
2003-03-18,,,,,,,,,,,,,
2003-03-19,11.106474,Validation,-0.548092,-0.341969,-0.265061,0.007452,0.222192,0.360256,0.656221,1.053213,2.313675,3.456624,7.516652
2003-03-20,16.546379,Validation,-0.541078,-0.347262,-0.258009,0.002838,0.235021,0.390975,0.677140,1.168106,2.485533,3.779890,7.975994
2003-03-21,6.422111,Validation,-0.535077,-0.330665,-0.227389,0.056634,0.307403,0.503119,0.816404,1.375026,2.950689,4.481190,9.693020
2003-04-04,2.039965,Training,,,,,,,,,,,
2003-04-05,1.208868,Training,,,,,,,,,,,
2003-04-06,0.679988,Training,-0.506777,-0.139634,0.142031,0.949110,1.873226,2.250931,3.019972,4.205510,6.810407,9.162496,17.099403
2003-04-07,0.377771,Training,-0.597482,-0.323375,-0.139210,0.443107,1.080389,1.358433,1.936334,2.792535,4.862034,6.683637,12.853500
2003-04-08,0.151108,Training,-0.591367,-0.312046,-0.127411,0.470412,1.122877,1.389764,1.977288,2.837716,4.873568,6.667511,12.790921
2003-04-09,0.000000,Training,-0.601170,-0.334191,-0.162606,0.399045,0.997279,1.255677,1.804366,2.618787,4.554566,6.247745,12.145940
2003-04-10,0.000000,Training,-0.586903,-0.310300,-0.148530,0.426482,1.041122,1.292344,1.861477,2.701485,4.658884,6.387546,12.450531
2003-04-11,0.000000,Training,-0.596434,-0.328409,-0.176138,0.377513,0.963315,1.192396,1.738346,2.539295,4.406832,6.069478,11.846495
2003-04-12,0.000000,Training,-0.631164,-0.388582,-0.220656,0.288064,0.808731,1.064723,1.577848,2.342345,4.286311,5.978830,12.215812
2003-04-13,0.151108,Training,-0.715421,-0.440018,-0.158841,0.598270,1.207617,2.110357,2.985261,5.264159,15.222015,20.550592,49.755337
2003-04-14,5.515460,Training,-0.167127,0.877178,1.723130,5.304339,9.984803,13.862054,18.546118,30.277395,65.163239,100.587883,191.605804
2003-04-15,13.373101,Training,-0.404437,0.296061,0.786010,2.751511,5.148666,7.183693,9.762124,15.652653,32.836460,48.884327,98.195511
2003-04-16,12.013125,Training,-0.539818,-0.027024,0.257409,1.378652,2.671967,3.631399,4.957911,7.790086,14.944084,21.684551,42.371864
2003-04-17,4.986580,Training,-0.557398,-0.128381,0.075788,0.834988,1.678981,2.250119,3.120790,4.749037,8.804339,12.532339,24.666218
2003-04-18,2.342182,Training,-0.582880,-0.189133,0.036471,0.742567,1.498116,2.055800,2.861704,4.278563,8.104100,11.460660,23.445448
2003-04-19,1.284422,Training,-0.613061,-0.226315,-0.050946,0.674463,1.459991,1.987566,2.917062,4.387105,9.168179,13.141821,27.552168
2003-04-20,1.435531,Training,-0.576195,-0.179093,0.014724,0.789671,1.642473,2.219781,3.127802,4.828748,9.428250,13.734909,27.511290
2003-04-21,0.755542,Training,-0.572713,-0.166793,0.008879,0.773014,1.610882,2.117287,2.977871,4.491140,8.417728,12.087601,23.378222
2003-04-22,7.782087,Training,-0.484726,0.323331,0.916218,2.976918,5.005582,7.462220,10.295286,16.706676,42.795456,55.965786,119.830170
2003-04-23,49.185813,Training,1.362147,4.131674,5.900000,13.355628,21.137573,26.232393,31.427362,45.397331,74.447212,110.290764,179.208954
2003-04-24,16.697488,Training,-0.179682,0.851840,1.412124,3.869520,6.590994,8.297776,10.633785,15.660268,26.726307,38.189140,68.467346
2003-04-25,8.235413,Training,-0.405192,0.304339,0.680768,2.108639,3.669396,4.591138,5.955232,8.626962,14.125088,19.586058,36.161655
2003-04-26,4.911026,Training,-0.552952,-0.088336,0.200014,1.068329,1.993188,2.566967,3.374634,4.863254,7.999306,10.990780,21.222507
2003-04-27,3.173278,Training,-0.571853,-0.163861,0.058313,0.811882,1.616445,2.026174,2.739973,3.912145,6.424411,8.806196,16.914095
2003-04-28,2.115519,Training,-0.600569,-0.242616,-0.040188,0.615996,1.289683,1.662771,2.295884,3.289090,5.566146,7.657475,15.247699
2003-04-29,1.511085,Training,-0.602152,-0.258016,-0.097985,0.527564,1.166497,1.453584,2.061023,2.960318,4.969849,6.866209,13.398601
2003-04-30,0.755542,Training,-0.612847,-0.283613,-0.127138,0.471551,1.073744,1.332213,1.907681,2.736591,4.574931,6.347750,12.398595
2003-05-01,0.302217,Training,-0.626973,-0.316292,-0.168469,0.397226,0.945505,1.194132,1.728847,2.510398,4.268519,5.972885,11.739803
2003-05-02,0.000000,Training,-0.638744,-0.380202,-0.281059,0.149172,0.533126,0.702645,1.105712,1.637633,2.955469,4.210069,8.471275
2003-05-03,0.000000,Training,-0.631297,-0.395173,-0.306586,0.052249,0.343530,0.475413,0.800143,1.202862,2.246841,3.266788,6.708953
2003-05-04,0.000000,Training,-0.615455,-0.380619,-0.304423,0.027937,0.281949,0.399616,0.695580,1.056426,1.999708,2.930341,6.093578
2003-05-05,0.000000,Training,-0.693858,-0.433647,-0.338037,0.047777,0.249644,0.556397,0.863877,1.496553,3.730656,5.063078,13.115191
2003-05-06,0.000000,Training,-0.699756,-0.407567,-0.283162,0.255166,0.810086,1.275867,1.885225,3.256273,6.891816,10.476419,21.835215
2003-05-07,0.000000,Training,-0.672860,-0.396416,-0.297683,0.118999,0.490315,0.763410,1.191086,1.975978,3.979830,5.973865,12.531218
2003-05-08,0.000000,Training,-0.643488,-0.373499,-0.284126,0.060357,0.340460,0.522957,0.854331,1.373825,2.648362,3.958906,8.363707
2003-05-09,0.000000,Training,-0.625834,-0.375997,-0.286038,0.014716,0.230561,0.367300,0.632398,1.008180,1.943557,2.928496,6.240397
2003-05-10,0.000000,Training,-0.615698,-0.391511,-0.280398,0.011590,0.211974,0.339538,0.586248,0.914900,1.782318,2.680730,5.715607
2003-05-11,0.000000,Training,-0.581207,-0.369903,-0.267770,-0.007121,0.153682,0.253664,0.463534,0.725860,1.451713,2.214084,4.794438
2003-05-12,0.000000,Training,-0.559661,-0.367890,-0.257381,-0.007759,0.141114,0.238184,0.432829,0.672908,1.367283,2.091148,4.542559
2003-05-13,0.000000,Training,-0.537884,-0.360202,-0.247483,-0.010591,0.128538,0.221615,0.399817,0.619216,1.266126,1.941902,4.241690
2003-05-14,0.000000,Training,-0.518592,-0.357009,-0.241240,-0.015007,0.122119,0.214385,0.376651,0.580368,1.178735,1.810822,3.969042
2003-05-15,0.000000,Training,-0.514639,-0.332973,-0.234412,-0.013994,0.108800,0.189288,0.350221,0.544905,1.108911,1.708809,3.783149
2003-05-16,0.000000,Training,-0.530559,-0.296506,-0.243104,-0.019782,0.099777,0.165448,0.335229,0.533675,1.035261,1.613380,3.604071
2003-05-17,0.000000,Training,-0.502059,-0.275956,-0.225570,-0.023275,0.071503,0.128468,0.271942,0.443834,0.887208,1.402601,3.217832
2003-05-18,0.000000,Training,-0.465394,-0.290264,-0.208140,-0.022862,0.062934,0.127202,0.245170,0.399263,0.842147,1.330724,3.072754
2003-05-19,0.000000,Training,-0.455708,-0.298667,-0.208779,-0.029270,0.060249,0.128767,0.236614,0.388209,0.817784,1.297160,2.999795
2003-05-20,0.000000,Training,-0.450546,-0.295257,-0.207969,-0.030876,0.056470,0.123427,0.227208,0.375782,0.792277,1.259367,2.927249
2003-05-21,0.000000,Training,-0.442638,-0.288586,-0.205382,-0.032355,0.050572,0.114193,0.212737,0.355290,0.753893,1.204224,2.823927
2003-05-22,0.000000,Training,-0.431501,-0.283759,-0.203967,-0.038157,0.043802,0.105288,0.195433,0.331276,0.700142,1.129955,2.682261
2003-05-23,0.000000,Training,-0.420755,-0.276555,-0.201787,-0.043593,0.037429,0.095690,0.178530,0.308409,0.645589,1.055243,2.539001
2003-05-24,0.000000,Training,-0.424640,-0.226754,-0.180545,-0.027913,0.018570,0.054293,0.136189,0.254081,0.570351,0.956880,2.406130
2003-05-25,0.000000,Training,-0.424891,-0.198824,-0.177283,-0.029757,0.006230,0.032949,0.109178,0.221451,0.497142,0.860163,2.252067
2003-05-26,0.000000,Training,-0.390037,-0.218448,-0.164636,-0.034520,-0.000435,0.033921,0.089994,0.190740,0.472224,0.814284,2.163599
2003-05-27,0.000000,Training,-0.378973,-0.214620,-0.160259,-0.039138,-0.008359,0.024474,0.070885,0.166585,0.430330,0.756442,2.065957
2003-05-28,0.000000,Training,-0.375502,-0.205946,-0.157415,-0.039389,-0.014593,0.014537,0.057600,0.149172,0.401828,0.718489,2.008308
2003-05-29,0.000000,Training,-0.371207,-0.205867,-0.154536,-0.039978,-0.017200,0.014039,0.051898,0.141511,0.388349,0.697635,1.978147
2003-05-30,0.000000,Training,-0.443760,-0.201106,-0.173158,-0.039645,-0.027602,0.010861,0.073825,0.156129,0.433813,0.753487,2.304306
2003-05-31,0.000000,Training,-0.394890,-0.193948,-0.148943,-0.037204,-0.025802,0.011777,0.053922,0.150623,0.400921,0.732021,2.104645
2003-06-01,0.000000,Training,-0.396747,-0.192960,-0.147836,-0.034514,-0.019094,0.015329,0.057988,0.157319,0.410923,0.743809,2.121861
2003-06-02,0.000000,Training,-0.410995,-0.204786,-0.159439,-0.031013,-0.007710,0.028195,0.082745,0.189339,0.465101,0.813539,2.228741
2003-06-03,0.000000,Training,-0.409555,-0.196826,-0.158952,-0.029638,-0.006191,0.024973,0.081918,0.185411,0.450292,0.790035,2.175038
2003-06-04,0.000000,Training,-0.398262,-0.194624,-0.153138,-0.030048,-0.010462,0.020403,0.070110,0.167601,0.423920,0.750292,2.107342
2003-06-05,0.000000,Training,-0.390994,-0.194011,-0.151686,-0.032161,-0.012684,0.015538,0.062528,0.156094,0.406796,0.727533,2.060986
2003-06-06,0.000000,Training,-0.371720,-0.219946,-0.160363,-0.050174,-0.015212,0.021761,0.056032,0.147985,0.388685,0.698386,1.978892
2003-06-07,0.000000,Training,-0.368431,-0.222835,-0.166614,-0.057303,-0.013527,0.022857,0.057903,0.150074,0.374055,0.679631,1.928213
2003-06-08,0.000000,Training,-0.368392,-0.223998,-0.170064,-0.058326,-0.012224,0.023264,0.060486,0.152378,0.374647,0.680723,1.919260
2003-06-09,0.000000,Training,-0.369934,-0.223545,-0.168456,-0.054778,-0.013264,0.021653,0.058850,0.149721,0.381856,0.689202,1.937616
2003-06-10,0.000000,Training,-0.368126,-0.222658,-0.169208,-0.056559,-0.014514,0.019724,0.056423,0.146253,0.372834,0.677199,1.913931
2003-06-11,0.000000,Training,-0.360906,-0.217877,-0.173335,-0.064207,-0.014529,0.016688,0.055199,0.143353,0.341894,0.638187,1.828557
2003-06-12,0.000000,Training,-0.357597,-0.214602,-0.174444,-0.066319,-0.015467,0.013507,0.052677,0.139187,0.328014,0.620492,1.790715
2003-06-13,0.000000,Training,-0.366123,-0.213705,-0.162827,-0.050928,-0.020860,0.008903,0.043099,0.127381,0.358689,0.657142,1.889784
2003-06-14,0.000000,Training,-0.366526,-0.212589,-0.162273,-0.050926,-0.023055,0.006655,0.040726,0.124381,0.355953,0.653816,1.889003
2003-06-15,0.000000,Training,-0.368536,-0.210332,-0.161070,-0.049484,-0.024793,0.004149,0.039369,0.122626,0.357167,0.655898,1.899894
2003-06-16,0.000000,Training,-0.371582,-0.203957,-0.158386,-0.045429,-0.025682,0.000865,0.038714,0.120970,0.357715,0.657489,1.910733
2003-06-17,0.000000,Training,-0.365788,-0.209101,-0.160540,-0.051676,-0.027995,0.000548,0.033312,0.114645,0.343374,0.637027,1.869057
2003-06-18,0.000000,Training,-0.340965,-0.198689,-0.161898,-0.069271,-0.035081,-0.013577,0.008921,0.082609,0.250271,0.513493,1.629202
2003-06-19,0.000000,Training,-0.338020,-0.196004,-0.164238,-0.071812,-0.034346,-0.015119,0.009353,0.082114,0.239650,0.500767,1.597245
2003-06-20,0.000000,Training,-0.344026,-0.199546,-0.158319,-0.063268,-0.036800,-0.015802,0.004543,0.076435,0.261253,0.526166,1.659747
2003-06-21,0.000000,Training,-0.349370,-0.196901,-0.154190,-0.056444,-0.037859,-0.017146,0.005210,0.076832,0.277120,0.546958,1.708695
2003-06-22,0.000000,Training,-0.354948,-0.191123,-0.151024,-0.051102,-0.038406,-0.019640,0.006683,0.078089,0.285934,0.560077,1.742994
2003-06-23,0.000000,Training,-0.355033,-0.189242,-0.149911,-0.051286,-0.040077,-0.021883,0.003975,0.074684,0.280843,0.553528,1.736207
2003-06-24,0.000000,Training,-0.352288,-0.191762,-0.150676,-0.054614,-0.041884,-0.022725,0.000268,0.070504,0.272726,0.542122,1.715617
2003-06-25,0.000000,Training,-0.345426,-0.197097,-0.154767,-0.063533,-0.043800,-0.023086,-0.005444,0.064208,0.251360,0.512833,1.655082
2003-06-26,0.000000,Training,-0.350634,-0.195944,-0.153404,-0.058619,-0.042783,-0.022690,-0.001470,0.068767,0.267606,0.535149,1.698805
2003-06-27,0.000000,Training,-0.351587,-0.196022,-0.153677,-0.058307,-0.042939,-0.022957,-0.000949,0.069201,0.269629,0.538166,1.704482
2003-06-28,0.000000,Training,-0.349508,-0.197496,-0.154668,-0.061253,-0.044065,-0.023644,-0.003501,0.066256,0.261889,0.527479,1.684397
2003-06-29,0.000000,Training,-0.370509,-0.179211,-0.150856,-0.047592,-0.041112,-0.028541,0.006803,0.078436,0.287266,0.568597,1.777892
2003-06-30,0.000000,Training,-0.357877,-0.191173,-0.150576,-0.053612,-0.043826,-0.024562,0.001069,0.071302,0.278814,0.551377,1.741597
2003-07-01,0.000000,Training,-0.362987,-0.192220,-0.146745,-0.050725,-0.044482,-0.019880,0.003990,0.076304,0.288539,0.562540,1.789051
2003-07-02,0.000000,Training,-0.362268,-0.192996,-0.151685,-0.054358,-0.044284,-0.024971,0.003182,0.074691,0.286626,0.564538,1.768917
2003-07-03,0.000000,Training,-0.360018,-0.195594,-0.152793,-0.056731,-0.045000,-0.025253,0.001234,0.072298,0.282623,0.558404,1.755159
2003-07-04,0.000000,Training,-0.354386,-0.201585,-0.156438,-0.063099,-0.046540,-0.024905,-0.003179,0.067353,0.269375,0.539220,1.713058
2003-07-05,0.000000,Training,-0.352754,-0.203860,-0.158674,-0.066135,-0.046789,-0.024860,-0.004188,0.066302,0.264000,0.531835,1.695554
2003-07-06,0.000000,Training,-0.352601,-0.205309,-0.160330,-0.067574,-0.046800,-0.024840,-0.003980,0.066562,0.263220,0.530933,1.691038
2003-07-07,0.000000,Training,-0.345050,-0.204427,-0.164425,-0.075234,-0.046384,-0.025591,-0.006075,0.063402,0.237448,0.497382,1.618157
2003-07-08,0.000000,Training,-0.342176,-0.202583,-0.166263,-0.077823,-0.045687,-0.026421,-0.005691,0.063141,0.227845,0.485594,1.589921
2003-07-09,0.000000,Training,-0.338714,-0.199349,-0.168500,-0.080646,-0.044929,-0.027809,-0.004756,0.063205,0.216534,0.472122,1.556684
2003-07-10,0.000000,Training,-0.337297,-0.198003,-0.169008,-0.081712,-0.045398,-0.029350,-0.005899,0.061283,0.210981,0.465140,1.542117
2003-07-11,0.000000,Training,-0.341559,-0.202571,-0.165786,-0.078170,-0.048131,-0.030246,-0.010804,0.056117,0.222831,0.478658,1.579773
2003-07-12,0.000000,Training,-0.350423,-0.205593,-0.162183,-0.071642,-0.050406,-0.031161,-0.010907,0.056831,0.249233,0.512881,1.657085
2003-07-13,0.000000,Training,-0.357238,-0.204996,-0.160910,-0.067969,-0.051173,-0.032349,-0.007753,0.060987,0.266937,0.538016,1.711485
2003-07-14,0.000000,Training,-0.361997,-0.203614,-0.160162,-0.066250,-0.051852,-0.033955,-0.005901,0.063492,0.276001,0.551916,1.743859
2003-07-15,0.000000,Training,-0.367943,-0.201221,-0.159775,-0.064693,-0.052285,-0.036207,-0.003690,0.066563,0.284569,0.566395,1.778001
2003-07-16,0.000000,Training,-0.366596,-0.202533,-0.159855,-0.066184,-0.053424,-0.036927,-0.005694,0.064184,0.281139,0.561315,1.769666
2003-07-17,0.000000,Training,-0.352982,-0.207328,-0.161457,-0.074697,-0.055826,-0.036167,-0.016330,0.051141,0.246641,0.510026,1.666517
2003-07-18,0.000000,Training,-0.346113,-0.207428,-0.165074,-0.081446,-0.055458,-0.036281,-0.018897,0.047728,0.223345,0.479142,1.599672
2003-07-19,0.000000,Training,-0.344018,-0.207128,-0.167795,-0.084104,-0.054555,-0.036252,-0.017609,0.048823,0.217001,0.471626,1.578543
2003-07-20,0.000000,Training,-0.350114,-0.209865,-0.165252,-0.079918,-0.056594,-0.037816,-0.018940,0.047896,0.235293,0.495123,1.632169
2003-07-21,0.000000,Training,-0.353255,-0.210608,-0.164765,-0.078794,-0.057590,-0.038936,-0.018475,0.048706,0.243711,0.506871,1.658632
2003-07-22,0.000000,Training,-0.349708,-0.210677,-0.166056,-0.082447,-0.058335,-0.039614,-0.021171,0.045398,0.230525,0.488882,1.623360
2003-07-23,0.000000,Training,-0.353137,-0.212281,-0.165925,-0.081474,-0.058995,-0.040138,-0.020167,0.047154,0.240407,0.502587,1.652725
2003-07-24,0.000000,Training,-0.350271,-0.212587,-0.167508,-0.084414,-0.059174,-0.040360,-0.021538,0.045361,0.230669,0.489515,1.625026
2003-07-25,0.000000,Training,-0.345695,-0.210923,-0.169833,-0.088284,-0.058421,-0.040522,-0.021756,0.044544,0.215899,0.470373,1.582220
2003-07-26,0.000000,Training,-0.344623,-0.210735,-0.171276,-0.089772,-0.057934,-0.040603,-0.020894,0.045381,0.212895,0.466971,1.572206
2003-07-27,0.000000,Training,-0.349970,-0.214961,-0.170122,-0.087403,-0.059343,-0.040830,-0.021116,0.046131,0.229607,0.488696,1.620755
2003-07-28,0.000000,Training,-0.346200,-0.213053,-0.171845,-0.090370,-0.058773,-0.041180,-0.021082,0.045531,0.217569,0.473215,1.586352
2003-07-29,0.000000,Training,-0.337995,-0.203332,-0.176889,-0.096459,-0.055972,-0.042805,-0.016188,0.049263,0.191181,0.441509,1.507318
2003-07-30,0.000000,Training,-0.336835,-0.200508,-0.177701,-0.097465,-0.055536,-0.042873,-0.014375,0.051230,0.186655,0.436020,1.495007
2003-07-31,0.000000,Training,-0.333715,-0.195380,-0.180819,-0.101111,-0.055704,-0.047200,-0.013902,0.050379,0.173350,0.421273,1.457432
2003-08-01,0.000000,Training,-0.331975,-0.188994,-0.184574,-0.105929,-0.057322,-0.052352,-0.013382,0.050414,0.157614,0.403677,1.418563
2003-08-02,0.000000,Training,-0.335138,-0.201544,-0.177170,-0.098656,-0.057629,-0.047132,-0.020069,0.043553,0.181983,0.429826,1.486153
2003-08-03,0.000000,Training,-0.345238,-0.214167,-0.171441,-0.093380,-0.062420,-0.046573,-0.027125,0.038166,0.212477,0.466117,1.582143
2003-08-04,0.000000,Training,-0.340605,-0.210229,-0.174233,-0.097477,-0.061969,-0.047965,-0.026479,0.037965,0.196308,0.445980,1.536133
2003-08-05,0.000000,Training,-0.336623,-0.204537,-0.177139,-0.100850,-0.060687,-0.048884,-0.023244,0.040960,0.183113,0.430462,1.497081
2003-08-06,0.000000,Training,-0.336936,-0.205937,-0.177000,-0.100817,-0.061025,-0.049382,-0.024120,0.039942,0.185321,0.433331,1.503641
2003-08-07,0.000000,Training,-0.336555,-0.205906,-0.176987,-0.101199,-0.061265,-0.049930,-0.024459,0.039455,0.184843,0.432821,1.503364
2003-08-08,0.000000,Training,-0.334875,-0.203493,-0.178131,-0.102776,-0.061135,-0.051046,-0.023611,0.040064,0.179383,0.426641,1.488470
2003-08-09,0.000000,Training,-0.334267,-0.202883,-0.178442,-0.103515,-0.061324,-0.051711,-0.023634,0.039966,0.177787,0.424892,1.484924
2003-08-10,0.000000,Training,-0.335653,-0.205938,-0.177144,-0.102724,-0.062208,-0.051522,-0.025455,0.038325,0.183516,0.431402,1.503145
2003-08-11,0.000000,Training,-0.336150,-0.207166,-0.176776,-0.102852,-0.062807,-0.051766,-0.026210,0.037730,0.185703,0.434011,1.510933
2003-08-12,0.000000,Training,-0.332957,-0.201829,-0.179068,-0.105463,-0.062049,-0.053376,-0.023753,0.039851,0.174936,0.422065,1.480260
2003-08-13,0.000000,Training,-0.333166,-0.202906,-0.178545,-0.105304,-0.062289,-0.053363,-0.024317,0.039369,0.177187,0.424764,1.487531
2003-08-14,0.000000,Training,-0.331248,-0.199427,-0.179876,-0.106969,-0.062014,-0.054789,-0.022966,0.040476,0.170584,0.417724,1.469748
2003-08-15,0.000000,Training,-0.343252,-0.217183,-0.173233,-0.101042,-0.066358,-0.052066,-0.029821,0.036140,0.211981,0.466421,1.593469
2003-08-16,0.000000,Training,-0.356527,-0.225893,-0.171243,-0.098090,-0.069065,-0.052526,-0.024904,0.045868,0.259503,0.531320,1.736899
2003-08-17,0.000000,Training,-0.357811,-0.226606,-0.170541,-0.098324,-0.069700,-0.052019,-0.023885,0.048016,0.264905,0.538467,1.756178
2003-08-18,0.000000,Training,-0.347891,-0.221616,-0.171146,-0.101115,-0.068792,-0.052415,-0.029557,0.038733,0.229792,0.489884,1.652478
2003-08-19,0.000000,Training,-0.343050,-0.218117,-0.172296,-0.102493,-0.067050,-0.052025,-0.029063,0.038118,0.215768,0.472081,1.610414
2003-08-20,0.000000,Training,-0.343415,-0.218946,-0.172488,-0.102313,-0.066521,-0.051531,-0.027813,0.039807,0.219811,0.477861,1.621284
2003-08-21,0.000000,Training,-0.346890,-0.222080,-0.171346,-0.101299,-0.067192,-0.051325,-0.026873,0.042145,0.234243,0.496946,1.664446
2003-08-22,0.000000,Training,-0.352543,-0.225761,-0.170063,-0.100107,-0.068096,-0.051255,-0.023809,0.047848,0.257829,0.529325,1.735562
2003-08-23,0.000000,Training,-0.354681,-0.226713,-0.169105,-0.099707,-0.068316,-0.051211,-0.021735,0.051380,0.269033,0.545293,1.770931
2003-08-24,0.000000,Training,-0.357339,-0.227613,-0.168020,-0.099242,-0.068362,-0.051185,-0.018746,0.056284,0.283085,0.565847,1.815896
2003-08-25,0.000000,Training,-0.351977,-0.225185,-0.167611,-0.099962,-0.068028,-0.051187,-0.022761,0.049973,0.263637,0.538115,1.758099
2003-08-26,0.000000,Training,-0.357212,-0.227522,-0.166783,-0.099195,-0.067827,-0.050987,-0.017064,0.059102,0.289269,0.575624,1.837214
2003-08-27,0.000000,Training,-0.363888,-0.228982,-0.163380,-0.096645,-0.067711,-0.046398,-0.009146,0.072260,0.318314,0.615571,1.936431
2003-08-28,0.000000,Training,-0.363562,-0.228723,-0.164860,-0.099286,-0.067378,-0.051622,-0.008116,0.073696,0.324951,0.631165,1.957442
2003-08-29,0.000000,Training,-0.353461,-0.224340,-0.161638,-0.097342,-0.067303,-0.047260,-0.018372,0.057832,0.280400,0.560976,1.820653
2003-08-30,0.000000,Training,-0.347220,-0.222353,-0.164141,-0.099634,-0.066347,-0.050150,-0.022883,0.049924,0.257786,0.531769,1.749014
2003-08-31,0.000000,Training,-0.348678,-0.223598,-0.164136,-0.099184,-0.065536,-0.049071,-0.020260,0.053946,0.266847,0.544592,1.774977
2003-09-01,0.000000,Training,-0.347781,-0.222963,-0.163773,-0.098951,-0.064957,-0.049231,-0.019880,0.054221,0.267219,0.545504,1.775691
2003-09-02,0.000000,Training,-0.358467,-0.226483,-0.161801,-0.097941,-0.064333,-0.049320,-0.006728,0.075479,0.323364,0.629327,1.951704
2003-09-03,0.000000,Training,-0.359572,-0.225443,-0.160162,-0.098100,-0.064090,-0.049991,-0.003821,0.080462,0.334583,0.647978,1.992604
2003-09-04,0.000000,Training,-0.357544,-0.223648,-0.158223,-0.097655,-0.063969,-0.049882,-0.005122,0.078626,0.329638,0.640912,1.979576
2003-09-05,0.000000,Training,-0.350272,-0.221196,-0.157414,-0.096959,-0.064193,-0.049259,-0.013853,0.064650,0.295697,0.588699,1.871548
2003-09-06,0.000000,Training,-0.347899,-0.220396,-0.157291,-0.097037,-0.063711,-0.048891,-0.015910,0.061449,0.285769,0.574282,1.841569
2003-09-07,0.000000,Training,-0.350929,-0.221519,-0.156717,-0.096713,-0.062864,-0.048363,-0.010767,0.069741,0.305047,0.603293,1.901240
2003-09-08,0.000000,Training,-0.348778,-0.219937,-0.155667,-0.096375,-0.062445,-0.048349,-0.012091,0.067481,0.298794,0.594148,1.882753
2003-09-09,0.000000,Training,-0.346132,-0.218114,-0.154586,-0.096119,-0.062081,-0.048281,-0.014297,0.063908,0.288950,0.579779,1.853952
2003-09-10,0.000000,Training,-0.332634,-0.209284,-0.156143,-0.097861,-0.060904,-0.049951,-0.025400,0.043928,0.226737,0.492277,1.669268
2003-09-11,0.000000,Training,-0.334081,-0.210486,-0.155705,-0.097443,-0.060371,-0.049179,-0.023765,0.046869,0.234599,0.503155,1.691837
2003-09-12,0.000000,Training,-0.332554,-0.209281,-0.156035,-0.097578,-0.059736,-0.049306,-0.023785,0.046278,0.230479,0.497763,1.678519
2003-09-13,0.000000,Training,-0.334715,-0.210766,-0.154685,-0.096862,-0.059742,-0.048641,-0.022082,0.049820,0.242661,0.514291,1.714274
2003-09-14,0.000000,Training,-0.327423,-0.203996,-0.156012,-0.098000,-0.058238,-0.049737,-0.024562,0.043364,0.213870,0.476020,1.629264
2003-09-15,0.000000,Training,-0.341194,-0.214060,-0.152163,-0.095654,-0.059377,-0.047063,-0.014137,0.064161,0.281669,0.569869,1.829352
2003-09-16,0.000000,Training,-0.338612,-0.212471,-0.152059,-0.095935,-0.059599,-0.047383,-0.016617,0.060082,0.270712,0.553993,1.795916
2003-09-17,0.000000,Training,-0.338070,-0.211440,-0.150749,-0.095871,-0.059689,-0.047370,-0.016792,0.060342,0.270939,0.554550,1.798616
2003-09-18,0.000000,Training,-0.341159,-0.212395,-0.149435,-0.095420,-0.059190,-0.046744,-0.011425,0.069637,0.293172,0.587654,1.866982
2003-09-19,0.000000,Training,-0.346939,-0.212576,-0.144102,-0.092192,-0.059047,-0.040185,-0.003269,0.084052,0.321511,0.625795,1.967299
2003-09-20,0.000000,Training,-0.339180,-0.210188,-0.146577,-0.094437,-0.059218,-0.045095,-0.012824,0.067954,0.286610,0.577268,1.852189
2003-09-21,0.000000,Training,-0.336880,-0.209395,-0.147271,-0.095107,-0.058605,-0.045671,-0.014991,0.064087,0.276248,0.563064,1.818513
2003-09-22,0.000000,Training,-0.343098,-0.211763,-0.146741,-0.094813,-0.056991,-0.043740,-0.003040,0.084141,0.320462,0.629567,1.950981
2003-09-23,0.000000,Training,-0.341944,-0.210853,-0.146444,-0.094687,-0.056667,-0.043479,-0.002956,0.084068,0.319418,0.627974,1.945212
2003-09-24,0.000000,Training,-0.339989,-0.209561,-0.145644,-0.094215,-0.056426,-0.042874,-0.004815,0.080840,0.311089,0.615110,1.918695
2003-09-25,0.000000,Training,-0.337405,-0.208682,-0.145820,-0.094018,-0.056217,-0.042542,-0.008372,0.074599,0.295765,0.591878,1.870526
2003-09-26,0.000000,Training,-0.334893,-0.207607,-0.146320,-0.094085,-0.055790,-0.042233,-0.011341,0.069147,0.280905,0.569803,1.824098
2003-09-27,0.000000,Training,-0.333892,-0.207010,-0.146520,-0.094016,-0.055061,-0.041565,-0.011459,0.068448,0.276966,0.563946,1.810392
2003-09-28,0.000000,Training,-0.338619,-0.208333,-0.144614,-0.093027,-0.053496,-0.038931,-0.001281,0.085606,0.315009,0.619762,1.923351
2003-09-29,0.000000,Training,-0.362661,-0.216972,-0.133030,-0.087096,-0.055478,-0.022127,0.024984,0.126566,0.404301,0.749312,2.313407
2003-09-30,0.000000,Training,-0.449825,-0.227988,-0.171342,-0.091022,-0.052136,0.013149,0.092342,0.214910,0.641912,1.114577,3.429617
2003-10-01,0.000000,Training,-0.490658,-0.312279,-0.143829,-0.082770,-0.026267,0.126855,0.232807,0.467800,1.212078,2.129630,6.148046
2003-10-02,0.000000,Training,-0.543696,-0.335195,-0.182908,-0.007109,0.094835,0.310013,0.489230,0.838522,2.191215,3.595548,10.368619
2003-10-03,0.000000,Training,-0.451512,-0.247178,-0.059969,0.028145,0.122154,0.326358,0.447468,0.797947,1.725906,2.869664,7.201109
2003-10-04,0.000000,Training,-0.427137,-0.236080,-0.081616,0.004272,0.108143,0.244415,0.357782,0.637625,1.344664,2.210077,5.321788
2003-10-05,0.000000,Training,-0.413398,-0.237532,-0.114211,-0.031388,0.062224,0.153880,0.254006,0.466674,1.003592,1.647859,4.007144
2003-10-06,0.000000,Training,-0.416592,-0.240224,-0.109265,-0.034391,0.045531,0.143551,0.237726,0.434186,0.955561,1.551225,3.966806
2003-10-07,0.000000,Training,-0.394496,-0.232862,-0.126104,-0.051185,0.038979,0.104250,0.200693,0.373644,0.825513,1.361637,3.380808
2003-10-08,0.000000,Training,-0.387931,-0.229420,-0.125788,-0.051760,0.034838,0.097896,0.186939,0.348799,0.778030,1.283666,3.214360
2003-10-09,0.000000,Training,-0.385632,-0.228638,-0.130867,-0.054227,0.032639,0.091070,0.184941,0.342525,0.769125,1.272130,3.170019
2003-10-10,0.000000,Training,-0.381274,-0.224109,-0.129791,-0.057201,0.028865,0.083350,0.178073,0.332507,0.749608,1.245252,3.119034
2003-10-11,0.000000,Training,-0.474641,-0.261667,-0.167157,-0.041559,0.040929,0.139584,0.274453,0.457767,1.136367,1.845780,4.991380
2003-10-12,0.000000,Training,-0.463102,-0.281930,-0.096688,-0.009366,0.075997,0.247561,0.381041,0.666394,1.516071,2.538578,6.638496
2003-10-13,0.000000,Training,-0.443722,-0.248276,-0.064103,0.024843,0.124462,0.296746,0.436605,0.734358,1.604594,2.632759,6.709584
2003-10-14,0.000000,Training,-0.412869,-0.232642,-0.101897,-0.013622,0.093872,0.197604,0.325958,0.565551,1.196016,1.958337,4.686493
2003-10-15,0.000000,Training,-0.440942,-0.254737,-0.108111,-0.010847,0.088269,0.212008,0.357569,0.589507,1.312655,2.133675,5.452764
2003-10-16,0.000000,Training,-0.501558,-0.297823,-0.145614,0.017217,0.148840,0.313982,0.540844,0.853771,2.009299,3.316659,8.548776
2003-10-17,0.000000,Training,-0.424862,-0.215737,-0.059160,0.061968,0.224177,0.379055,0.596198,0.958930,1.955879,3.230123,7.404757
2003-10-18,0.000000,Training,-0.562194,-0.309392,-0.147733,0.158117,0.380565,0.666872,1.067249,1.619766,3.992525,6.390136,16.505072
2003-10-19,0.000000,Training,-0.491066,-0.255800,-0.000156,0.222527,0.463424,0.820242,1.189261,1.860578,4.002576,6.584208,15.630125
2003-10-20,0.000000,Training,-0.434526,-0.206102,-0.005911,0.156566,0.368534,0.593967,0.870581,1.340122,2.695773,4.314900,9.612597
2003-10-21,0.000000,Training,-0.433024,-0.227508,-0.069304,0.063119,0.229372,0.385504,0.591620,0.929620,1.856097,2.929170,6.607270
2003-10-22,0.000000,Training,-0.419738,-0.225338,-0.102918,0.024245,0.193880,0.302532,0.505913,0.785010,1.560523,2.464208,5.489864
2003-10-23,0.000000,Training,-0.410631,-0.213673,-0.111055,0.016838,0.192105,0.285057,0.494188,0.754745,1.486876,2.342291,5.242697
2003-10-24,0.000000,Training,-0.406608,-0.209751,-0.117748,0.013699,0.190706,0.278257,0.491955,0.742951,1.460375,2.297326,5.165484
2003-10-25,,,-0.287542,0.055611,0.498800,0.710647,1.117913,1.543585,2.017998,2.862375,5.784039,8.818972,20.840601
2003-10-26,48.656933,Training,-0.561103,-0.290460,-0.172526,0.130272,0.327058,0.574600,0.936413,1.423456,3.540703,5.461098,14.331752
2003-10-27,9.066509,Training,-0.538231,-0.032454,0.572434,2.356104,4.362856,6.821449,10.208159,17.881023,53.493164,87.272369,226.262207
2003-10-28,2.115519,Training,0.345220,1.569837,3.426173,7.072470,12.190371,17.773882,25.102541,40.684299,90.805138,156.075027,365.171234
2003-10-29,0.906651,Training,-0.052591,0.633389,1.482794,2.627226,4.308903,6.006774,8.206726,12.562291,23.430229,38.146278,83.330391
2003-10-30,0.755542,Training,-0.405556,-0.064435,0.296942,0.676418,1.192738,1.759576,2.449187,3.680926,6.956128,10.869652,24.212667
2003-10-31,3.551049,Training,-0.547343,-0.043746,0.427444,1.661317,2.976985,4.429689,6.764458,11.064615,29.430313,47.140854,123.080475
2003-11-01,15.715283,Training,0.100141,0.926855,2.081322,3.932664,6.784184,9.221985,12.669321,20.107777,37.559196,62.690823,132.643463
2003-11-02,4.004375,Training,-0.124760,0.506606,1.210565,2.242992,3.842523,5.011619,6.916407,10.236961,17.648491,27.586271,57.868652
2003-11-03,0.755542,Training,-0.378558,0.000502,0.392671,0.895309,1.635475,2.192681,3.050409,4.490397,7.643817,11.505222,24.360262
2003-11-04,0.000000,Training,-0.439258,-0.182339,0.032676,0.333903,0.734427,1.010633,1.493167,2.184951,3.875089,5.807467,12.211554
2003-11-05,0.000000,Training,-0.469848,-0.243764,-0.014877,0.281738,0.643465,0.932558,1.357698,2.024956,3.604609,5.366715,11.420340
2003-11-06,0.000000,Training,-0.478273,-0.284676,-0.109692,0.144368,0.442097,0.650908,1.007478,1.513649,2.784729,4.193457,8.870487
2003-11-07,0.000000,Training,-0.477520,-0.285870,-0.117539,0.132505,0.424468,0.627565,0.974245,1.468248,2.687002,4.040310,8.519005
2003-11-08,0.000000,Training,-0.482234,-0.288518,-0.118942,0.135352,0.432950,0.639782,0.989541,1.490418,2.701533,4.046278,8.519962
2003-11-09,0.000000,Training,-0.527367,-0.323681,-0.125684,0.160053,0.462111,0.731295,1.156355,1.732362,3.454175,5.200555,12.056520
2003-11-10,0.075554,Training,-0.505483,-0.289679,-0.065000,0.213142,0.546010,0.842928,1.255715,1.930701,3.532777,5.341303,11.853488
2003-11-11,0.528880,Training,-0.492857,-0.263326,-0.071925,0.218374,0.597144,0.855067,1.299680,1.964314,3.513107,5.341308,11.268084
2003-11-12,0.075554,Training,,,,,,,,,,,
2003-11-13,0.000000,Training,-0.506664,-0.281756,-0.051520,0.269062,0.694475,0.962049,1.420063,2.113334,3.581672,5.300178,11.127549
2003-11-14,0.000000,Training,-0.507621,-0.298014,-0.103687,0.188344,0.559934,0.791511,1.202771,1.792305,3.123855,4.637546,9.734023
2003-11-15,0.000000,Training,-0.626833,-0.354853,-0.179235,0.225598,0.610916,0.989283,1.598417,2.487885,5.740231,8.626613,21.024252
2003-11-16,0.679988,Training,-0.533588,-0.270126,-0.018184,0.350603,0.863952,1.275738,1.941510,3.045285,5.973122,9.562666,21.040545
2003-11-17,1.284422,Training,-0.505164,-0.245647,-0.021495,0.313410,0.771435,1.111943,1.669266,2.549296,4.778773,7.408435,15.768444
2003-11-18,0.302217,Training,-0.500073,-0.281315,-0.100636,0.164559,0.510714,0.742768,1.147192,1.743984,3.192508,4.836784,10.216615
2003-11-19,0.000000,Training,-0.493225,-0.291714,-0.138449,0.097753,0.400437,0.586894,0.939258,1.418795,2.616088,3.949872,8.317200
2003-11-20,0.000000,Training,-0.486768,-0.288661,-0.145184,0.085659,0.376085,0.550259,0.891155,1.336501,2.467200,3.718794,7.814921
2003-11-21,0.000000,Training,-0.530698,-0.321043,-0.161226,0.101969,0.386807,0.610759,1.020582,1.512751,3.119097,4.748891,11.011559
2003-11-22,44.954775,Training,-0.622898,-0.280429,-0.009607,0.699928,1.227682,2.025153,3.102639,4.964902,14.564995,21.786057,59.480919
2003-11-23,49.865801,Training,-0.096319,1.038463,2.167391,5.587622,10.257122,14.412642,21.787045,35.605091,85.167038,143.281204,344.556122
2003-11-24,,,-0.434875,-0.060094,0.573047,1.175444,2.132601,3.036657,4.094605,6.332240,13.111547,20.029364,47.700294
2003-11-25,,,-0.436264,-0.053655,0.611493,1.258933,2.290370,3.255213,4.375556,6.813289,14.037888,21.425245,51.063698
2003-11-26,30.523915,Training,2.372505,5.208178,9.030297,16.689020,25.511160,34.094379,43.483810,65.903694,109.608818,170.926758,355.451538
2003-11-27,14.959740,Training,0.506869,1.726180,3.156873,5.547132,8.965359,11.481742,15.220572,22.473974,36.121647,55.204826,112.224571
2003-11-28,8.084304,Training,-0.191416,0.349816,0.795176,1.585138,2.755781,3.558890,4.923939,7.168911,11.590711,17.608496,35.921116
2003-11-29,4.608809,Training,-0.302429,0.143817,0.574907,1.184865,2.078426,2.705653,3.731602,5.362616,8.706758,12.819744,26.618824
2003-11-30,2.795507,Training,-0.382996,-0.006254,0.509847,1.073279,1.860599,2.585752,3.581714,5.167342,9.207352,13.583908,31.012844
2003-12-01,2.115519,Training,-0.335368,0.023507,0.348903,0.919000,1.687839,2.273082,3.092327,4.610154,7.331434,10.789930,22.475420
2003-12-02,1.133314,Training,-0.375271,-0.027741,0.230792,0.795617,1.527786,2.092723,2.793364,4.258155,6.492363,9.390482,18.835472
2003-12-03,0.528880,Training,-0.039710,1.290298,2.700300,4.892015,8.057046,11.316604,15.569084,24.214964,49.496155,69.580070,171.079590
2003-12-04,0.453325,Training,2.231659,4.267237,7.327509,13.052997,19.133886,25.673143,29.418098,43.914326,68.046944,98.168900,193.848190
2003-12-05,15.866391,Training,1.346574,2.976873,5.905503,10.179849,15.657319,20.320030,25.638054,37.374493,62.436401,92.893646,200.008453
2003-12-06,137.962050,Training,14.235079,29.628647,44.905499,74.958755,105.627762,127.552101,158.514069,212.315857,371.790283,538.173096,1008.073120
2003-12-07,65.505530,Training,20.430199,29.688469,41.328896,62.829712,80.837738,92.069862,101.763176,127.144241,180.526245,246.660507,401.357117
2003-12-08,43.519245,Training,13.598356,21.711681,31.450140,48.217396,64.250740,73.415649,86.337189,107.733932,158.989960,219.898056,396.253082
2003-12-09,98.598289,Training,20.144526,33.164257,46.276253,71.715118,95.396599,110.184029,129.996658,164.489990,254.756302,355.525970,621.716980
2003-12-10,84.545199,Training,16.684042,23.346603,29.876062,44.732937,57.907619,61.949581,68.526978,82.873703,109.310822,145.362640,229.946228
2003-12-11,30.523915,Training,7.506925,11.138411,15.145277,22.436216,29.229042,31.445871,34.292469,41.644623,51.500351,66.551277,108.861542
2003-12-12,16.093054,Training,,,,,,,,,,,
2003-12-13,9.746498,Training,,,,,,,,,,,
2003-12-14,5.968785,Training,0.730194,1.595165,3.172657,4.914304,7.212846,8.118904,9.419466,12.249199,15.717030,20.383362,37.506725
2003-12-15,3.777712,Training,0.068221,0.625518,1.532700,2.664599,4.232600,4.951434,6.053732,8.271179,11.210354,14.988927,28.642269
2003-12-16,2.417736,Training,-0.004051,0.507383,1.322726,2.366807,3.788255,4.464467,5.474225,7.517555,10.225446,13.659368,26.346952
2003-12-17,1.888856,Training,-0.285729,0.432974,1.625791,3.151202,5.678176,7.518856,10.481816,15.900545,31.904993,45.736290,106.566757
2003-12-18,6.422111,Training,2.063563,3.842204,7.514480,12.173742,17.943056,21.877026,25.690714,36.427002,55.882576,80.309715,156.669693
2003-12-19,8.235413,Training,0.514711,1.418843,2.795525,4.988899,7.906385,9.564667,11.683701,16.979647,24.790657,35.286568,67.999596
2003-12-20,5.213243,Training,0.184562,0.879210,1.985519,3.417649,5.445338,6.471369,7.878956,11.232183,15.629808,21.413202,41.843124
2003-12-21,3.702158,Training,0.068165,0.626289,1.650934,2.786191,4.431466,5.211141,6.267989,8.745307,11.871368,15.949430,30.979971
2003-12-22,2.266627,Training,-0.254401,0.134083,0.689585,1.477601,2.605520,3.151492,4.026700,5.804002,8.320948,11.449070,22.752295
2003-12-23,1.284422,Training,-0.327616,-0.011196,0.343837,1.023305,1.912772,2.411321,3.088558,4.619215,6.594340,9.177124,17.909710
2003-12-24,0.604434,Training,-0.439134,-0.184318,0.046163,0.565110,1.224326,1.616759,2.171598,3.350897,5.073430,7.206480,14.250488
2003-12-25,0.226663,Training,-0.481141,-0.260324,-0.078295,0.360225,0.906191,1.204421,1.713324,2.651237,4.264492,6.152800,12.355682
2003-12-26,0.075554,Training,-0.507282,-0.299887,-0.127658,0.255266,0.712880,0.964658,1.423759,2.203680,3.725294,5.379344,10.952570
2003-12-27,0.000000,Training,-0.514797,-0.330150,-0.197869,0.140159,0.526024,0.726763,1.128098,1.780039,3.118880,4.554799,9.285461
2003-12-28,0.000000,Training,-0.510345,-0.340924,-0.235102,0.069093,0.401764,0.576441,0.930476,1.505790,2.704570,3.991037,8.189192
2003-12-29,0.000000,Training,-0.518346,-0.361431,-0.276518,0.018472,0.333122,0.511605,0.832259,1.399115,2.505937,3.715669,7.541823
2003-12-30,0.000000,Training,-0.515803,-0.344630,-0.234688,0.067001,0.397641,0.566103,0.920916,1.478404,2.678785,3.940112,8.057157
2003-12-31,0.000000,Training,-0.521445,-0.352465,-0.234544,0.061810,0.383967,0.552709,0.899465,1.444978,2.631945,3.869545,7.910992
2004-01-01,0.000000,Training,-0.531949,-0.361722,-0.217830,0.078157,0.386364,0.598232,0.935979,1.519913,2.794402,4.093464,8.642318
2004-01-02,0.000000,Training,-0.527248,-0.357331,-0.233845,0.073768,0.409541,0.587310,0.945767,1.526386,2.769249,4.062867,8.355605
2004-01-03,0.000000,Training,-0.524008,-0.350700,-0.231597,0.092344,0.453061,0.634540,1.012499,1.632037,2.923606,4.285235,8.767053
2004-01-04,0.000000,Training,-0.524289,-0.346795,-0.218100,0.139546,0.547673,0.749282,1.157352,1.857537,3.230980,4.707105,9.523723
2004-01-05,0.000000,Training,-0.527251,-0.357617,-0.243209,0.088682,0.458764,0.638764,1.019052,1.645909,2.936123,4.296832,8.715993
2004-01-06,0.000000,Training,-0.522233,-0.363299,-0.268431,0.038386,0.369038,0.537439,0.878350,1.455064,2.626673,3.872787,7.847326
2004-01-07,0.000000,Training,-0.529225,-0.356928,-0.233633,0.077069,0.404719,0.605266,0.955857,1.559720,2.851859,4.161703,8.672076
2004-01-08,0.000000,Training,-0.534705,-0.368082,-0.245571,0.056516,0.384611,0.556509,0.905145,1.471198,2.707169,3.967517,8.119788
2004-01-09,0.000000,Training,-0.542849,-0.382380,-0.234098,0.065231,0.389502,0.586091,0.923368,1.520679,2.793555,4.110841,8.448487
2004-01-10,0.000000,Training,-0.543577,-0.380591,-0.238494,0.076676,0.422847,0.609724,0.965743,1.571878,2.869251,4.202655,8.519688
2004-01-11,0.000000,Training,-0.543075,-0.380218,-0.239344,0.075150,0.421812,0.604527,0.961414,1.560438,2.848291,4.173508,8.431955
2004-01-12,0.000000,Training,-0.541689,-0.372551,-0.240753,0.077634,0.429096,0.607157,0.972728,1.563656,2.855414,4.165198,8.391633
2004-01-13,0.000000,Training,-0.528872,-0.354815,-0.245228,0.078124,0.434383,0.602902,0.978009,1.562807,2.839273,4.137372,8.336104
2004-01-14,0.000000,Training,-0.528266,-0.352645,-0.243627,0.069697,0.414203,0.578023,0.945592,1.506358,2.757812,4.019284,8.103626
2004-01-15,0.000000,Training,-0.549297,-0.371833,-0.221725,0.090217,0.419785,0.643753,1.021072,1.632511,3.109650,4.557396,9.771814
2004-01-16,0.000000,Training,-0.541670,-0.361418,-0.227868,0.085136,0.424199,0.639240,1.004542,1.635973,3.039642,4.435380,9.266838
2004-01-17,0.000000,Training,-0.536255,-0.358991,-0.244605,0.073128,0.433948,0.620562,0.999536,1.625064,3.005220,4.413939,8.988917
2004-01-18,0.000000,Training,-0.537550,-0.365412,-0.261246,0.073609,0.447583,0.648922,1.021704,1.671711,3.011942,4.390829,8.762995
2004-01-19,0.000000,Training,-0.551526,-0.379049,-0.288087,0.047428,0.409747,0.625854,0.971245,1.616476,2.879126,4.130725,8.131612
2004-01-20,0.000000,Training,-0.539845,-0.376373,-0.300556,0.000450,0.315024,0.498873,0.810808,1.370771,2.505184,3.632190,7.188557
2004-01-21,0.000000,Training,-0.531995,-0.369771,-0.287738,0.017244,0.339490,0.514150,0.839730,1.395343,2.550444,3.716674,7.367630
2004-01-22,0.000000,Training,-0.532578,-0.371908,-0.290520,0.012521,0.330821,0.502345,0.825375,1.372893,2.518401,3.671483,7.289980
2004-01-23,0.000000,Training,-0.525772,-0.358411,-0.262299,0.051906,0.390645,0.552060,0.908603,1.462036,2.696396,3.930359,7.876988
2004-01-24,0.000000,Training,-0.540306,-0.366727,-0.250660,0.062927,0.401277,0.567260,0.930254,1.476493,2.762955,4.002131,8.074992
2004-01-25,0.000000,Training,-0.546688,-0.371355,-0.248627,0.072646,0.420553,0.594753,0.966451,1.529591,2.857862,4.130618,8.358662
2004-01-26,0.000000,Training,-0.541807,-0.371790,-0.246788,0.040828,0.330649,0.514689,0.839497,1.363374,2.627919,3.828089,8.000521
2004-01-27,0.000000,Training,-0.557619,-0.392022,-0.246440,0.042599,0.332133,0.540438,0.874165,1.433677,2.831977,4.172506,8.981628
2004-01-28,0.000000,Training,-0.559762,-0.390161,-0.260241,0.038859,0.347168,0.547780,0.886952,1.478723,2.893415,4.258483,8.914935
2004-01-29,0.000000,Training,-0.587247,-0.419285,-0.272873,0.080091,0.446053,0.732663,1.158019,1.959621,4.010376,6.098861,13.353717
2004-01-30,0.000000,Training,-0.664133,-0.461236,-0.206834,0.328847,0.966689,1.583660,2.368447,4.164304,9.562008,15.120514,34.621166
2004-01-31,0.000000,Training,-0.601453,-0.318125,0.087262,0.970512,2.150397,3.293576,4.718151,8.248657,18.869534,29.974943,68.973427
2004-02-01,0.000000,Training,-0.545575,-0.212683,0.244199,1.173036,2.419151,3.533457,4.807070,8.253224,16.465227,25.167454,54.099197
2004-02-02,0.000000,Training,-0.511028,-0.168470,0.295444,1.152181,2.295272,3.177411,4.205923,6.870546,12.245637,17.871115,36.890224
2004-02-03,0.000000,Training,-0.549232,-0.275637,0.026984,0.653092,1.475286,1.968503,2.726029,4.332690,7.600352,10.946181,21.742483
2004-02-04,0.000000,Training,-0.564812,-0.331557,-0.109496,0.399328,1.030556,1.390175,1.986823,3.136548,5.583512,7.978615,15.722816
2004-02-05,0.000000,Training,-0.559468,-0.334832,-0.131958,0.355390,0.949275,1.262919,1.821995,2.827723,4.983106,7.042478,13.776077
2004-02-06,0.000000,Training,-0.557574,-0.342890,-0.167709,0.286811,0.827647,1.100576,1.619978,2.501118,4.443478,6.268021,12.253237
2004-02-07,0.000000,Training,-0.555877,-0.348727,-0.193035,0.235365,0.734392,0.982421,1.470917,2.270522,4.077731,5.761474,11.269187
2004-02-08,0.000000,Training,-0.555161,-0.353361,-0.208530,0.201100,0.670212,0.904296,1.369454,2.116737,3.836389,5.429471,10.628875
2004-02-09,0.000000,Training,-0.552710,-0.354215,-0.218635,0.182170,0.636324,0.858356,1.312920,2.028002,3.691382,5.230289,10.235498
2004-02-10,0.000000,Training,-0.556874,-0.361963,-0.226464,0.164457,0.602839,0.819739,1.260808,1.950458,3.575607,5.068838,9.930385
2004-02-11,0.000000,Training,-0.559424,-0.365029,-0.228310,0.164088,0.602379,0.818924,1.260090,1.946740,3.570469,5.056099,9.915982
2004-02-12,0.000000,Training,-0.562639,-0.366308,-0.221295,0.183056,0.637363,0.859673,1.312859,2.019354,3.677048,5.191183,10.184145
2004-02-13,0.000000,Training,-0.557226,-0.351565,-0.199550,0.233041,0.726215,0.958539,1.444566,2.199422,3.928090,5.507989,10.803662
2004-02-14,0.000000,Training,-0.556027,-0.353895,-0.208793,0.217742,0.695563,0.924778,1.398773,2.148098,3.854047,5.413565,10.670881
2004-02-15,0.000000,Training,-0.548260,-0.360509,-0.242287,0.155505,0.586771,0.794067,1.228405,1.925319,3.511501,4.985532,9.831115
2004-02-16,0.000000,Training,-0.546620,-0.354491,-0.222798,0.205393,0.678649,0.904220,1.362381,2.138009,3.796265,5.362511,10.532697
2004-02-17,0.000000,Training,-0.558271,-0.371611,-0.246394,0.152474,0.584947,0.787374,1.221752,1.920652,3.519634,4.989082,9.866495
2004-02-18,0.000000,Training,-0.564235,-0.387156,-0.271377,0.086092,0.461809,0.639843,1.031183,1.633776,3.101654,4.429707,8.800649
2004-02-19,0.000000,Training,-0.540399,-0.369920,-0.275620,0.029440,0.329641,0.480760,0.813294,1.310509,2.573031,3.721804,7.515674
2004-02-20,0.000000,Training,-0.612862,-0.371803,-0.250746,0.107767,0.356250,0.717403,1.106575,1.948025,5.210799,7.686543,19.844995
2004-02-21,22.137394,Training,-0.386038,0.237662,0.826539,2.676223,5.101442,7.601709,11.008761,19.325703,52.246086,79.422997,184.768616
2004-02-22,14.128644,Training,0.156511,1.190537,2.174076,5.469002,10.046274,13.827114,19.256889,31.510284,67.523323,105.256699,214.146912
2004-02-23,47.296957,Training,2.658471,6.895347,10.450003,18.825420,27.433140,36.069939,48.647099,72.725166,162.014969,239.942520,463.421722
2004-02-24,113.104704,Training,3.198569,7.037561,10.852823,23.313370,37.415115,48.085258,60.272449,91.525841,160.344574,242.699814,419.503571
2004-02-25,41.025955,Training,1.822738,5.359621,8.153231,18.227570,30.440699,39.329498,52.822243,81.751915,157.937515,235.234406,436.035248
2004-02-26,21.381851,Training,3.097666,6.035779,8.706008,17.970303,28.167532,34.167679,41.190247,59.833763,94.257858,134.050812,218.971207
2004-02-27,12.013125,Training,0.915674,2.320990,3.526309,7.385604,11.619384,14.779924,17.837992,26.321722,40.995579,56.619526,96.553322
2004-02-28,6.648773,Training,0.387642,1.408425,2.283161,4.771683,7.484569,9.662341,11.604581,17.098940,26.016270,35.181183,60.840130
2004-02-29,3.626604,Training,0.039708,0.748522,1.440394,3.114368,5.023041,6.371035,7.867858,11.428463,17.678886,24.055624,43.083397
2004-03-01,2.039965,Training,-0.194877,0.353531,0.925816,2.275993,3.889171,5.064537,6.557685,9.555083,16.268936,22.437954,42.397728
2004-03-02,1.208868,Training,0.007692,0.649106,1.235177,2.822760,4.620741,5.694695,6.974557,9.996297,15.004976,20.056257,34.577976
2004-03-03,0.377771,Training,-0.064301,0.505176,1.045642,2.464362,4.082668,4.974499,6.114432,8.684051,12.959824,17.372265,29.994589
2004-03-04,0.000000,Training,-0.051559,0.534086,1.206707,2.656642,4.384212,5.103704,6.392500,8.791884,13.217840,17.540245,31.265814
2004-03-05,0.000000,Training,-0.215680,0.266895,0.875043,2.056090,3.468628,4.076343,5.149845,7.114509,10.901464,14.347554,26.254681
2004-03-06,0.000000,Training,-0.297238,0.117597,0.680449,1.711203,2.937695,3.474812,4.415648,6.159713,9.553040,12.599755,23.502779
2004-03-07,0.000000,Training,-0.303027,0.096855,0.601196,1.599223,2.779364,3.198184,4.126883,5.704628,8.791198,11.582750,21.507046
2004-03-08,0.000000,Training,-0.264340,0.145912,0.694957,1.730076,2.937425,3.320245,4.241556,5.781272,8.738769,11.461363,21.242657
2004-03-09,0.000000,Training,-0.189237,0.248802,0.848541,1.968308,3.243408,3.592185,4.530941,6.075676,8.953031,11.676854,21.502388
2004-03-10,0.000000,Training,-0.350405,0.008014,0.464678,1.369474,2.425638,2.753687,3.586592,4.971519,7.646248,10.120262,18.980446
2004-03-11,0.000000,Training,-0.461407,-0.162578,0.197763,0.940925,1.816100,2.125422,2.853377,4.082625,6.565063,8.829000,16.863104
2004-03-12,0.000000,Training,-0.711625,-0.455866,-0.177945,0.468246,1.210785,1.896732,2.866991,5.071587,12.680146,18.187860,43.526936
2004-03-13,0.000000,Training,-0.516624,-0.109485,0.318228,1.640656,3.433079,4.824065,6.654134,11.389757,24.608137,37.638863,77.528152
2004-03-14,0.075554,Training,-0.585577,-0.284670,-0.037301,0.710324,1.667038,2.318327,3.353949,5.555640,11.787512,17.469664,35.680714
2004-03-15,0.000000,Training,-0.615232,-0.378316,-0.192327,0.273087,0.814077,1.183213,1.763633,2.891114,5.903722,8.659548,17.648102
2004-03-16,0.000000,Training,-0.613543,-0.400742,-0.247406,0.171108,0.628144,0.905576,1.383070,2.232439,4.473294,6.443244,13.041397
2004-03-17,0.000000,Training,-0.605108,-0.405615,-0.273864,0.118415,0.532071,0.750411,1.185105,1.887104,3.772366,5.406600,10.866447
2004-03-18,0.000000,Training,-0.605101,-0.412744,-0.275475,0.101949,0.482054,0.706195,1.108703,1.772225,3.565167,5.108465,10.411092
2004-03-19,0.000000,Training,-0.598344,-0.412051,-0.294065,0.070332,0.433714,0.615848,1.003267,1.596160,3.217931,4.622064,9.291203
2004-03-20,0.000000,Training,-0.576542,-0.401531,-0.299735,0.009214,0.296929,0.441285,0.763931,1.234639,2.562995,3.739249,7.627963
2004-03-21,0.000000,Training,-0.576080,-0.401429,-0.301058,0.008151,0.293662,0.433457,0.754135,1.210624,2.508089,3.657695,7.443319
2004-03-22,0.000000,Training,-0.564380,-0.380797,-0.295595,0.019696,0.311733,0.441196,0.772131,1.220314,2.496822,3.609637,7.297391
2004-03-23,0.000000,Training,-0.557311,-0.368990,-0.291907,0.027907,0.326317,0.450094,0.789999,1.236598,2.510746,3.625579,7.321433
2004-03-24,0.000000,Training,-0.551019,-0.361890,-0.291047,0.025906,0.319531,0.438175,0.774478,1.214198,2.461014,3.561069,7.210658
2004-03-25,0.000000,Training,-0.560358,-0.375452,-0.296513,0.010596,0.289149,0.409115,0.727208,1.150617,2.355201,3.412338,6.933794
2004-03-26,0.000000,Training,-0.547894,-0.358743,-0.293064,0.021224,0.307577,0.420232,0.749102,1.175743,2.383353,3.452342,7.005718
2004-03-27,0.000000,Training,-0.603984,-0.390262,-0.319592,0.012063,0.293365,0.479693,0.846351,1.378516,3.079697,4.630112,10.088206
2004-03-28,0.000000,Training,-0.651652,-0.436295,-0.275142,0.166611,0.635502,1.043338,1.616985,2.770753,6.558016,10.207211,22.874426
2004-03-29,0.226663,Training,-0.617938,-0.380543,-0.223651,0.268814,0.811674,1.240095,1.852484,3.127703,6.907037,10.484842,22.512756
2004-03-30,0.000000,Training,-0.613426,-0.342692,-0.168435,0.394103,1.022586,1.492466,2.189672,3.612864,7.634214,11.324129,23.946182
2004-03-31,0.000000,Training,-0.602413,-0.345262,-0.197946,0.250380,0.731012,1.070612,1.610251,2.617273,5.453367,8.050890,16.861971
2004-04-01,0.000000,Validation,-0.658394,-0.405040,-0.254199,0.229822,0.715008,1.114894,1.739145,2.841689,6.793329,10.238430,22.853134
2004-04-02,0.000000,Validation,-0.615898,-0.334334,-0.156542,0.427276,1.097293,1.603943,2.363429,3.902066,8.565488,12.917168,26.836018
2004-04-03,0.000000,Validation,-0.616246,-0.356546,-0.211542,0.285702,0.829890,1.172622,1.768206,2.828836,5.934562,8.701890,17.627684
2004-04-04,,,-0.426557,0.018761,0.842365,1.698356,3.115922,4.291456,5.740041,8.819009,17.437429,26.232826,58.689777
2004-04-05,0.000000,Validation,-0.628728,-0.396671,-0.255796,0.171230,0.610908,0.865016,1.317923,2.046377,4.055086,5.799282,11.755733
2004-04-06,0.000000,Validation,-0.620817,-0.407786,-0.289328,0.091726,0.460511,0.656733,1.045164,1.623817,3.246040,4.651120,9.483893
2004-04-07,0.000000,Validation,-0.619037,-0.412246,-0.304129,0.070729,0.424382,0.598982,0.972953,1.507742,3.005608,4.298824,8.751341
2004-04-08,0.000000,Validation,-0.623014,-0.413525,-0.300002,0.085486,0.443401,0.637834,1.031871,1.591105,3.208249,4.579286,9.601216
2004-04-09,0.000000,Validation,-0.679620,-0.459132,-0.336897,0.081428,0.471784,0.742410,1.213263,1.953129,4.352149,6.376905,13.887813
2004-04-10,0.000000,Validation,-0.669935,-0.432630,-0.308931,0.168173,0.674837,0.985113,1.527205,2.531623,5.343269,7.998739,16.507206
2004-04-11,0.000000,Validation,-0.649628,-0.392679,-0.270990,0.249769,0.808280,1.121598,1.702309,2.734020,5.555398,8.143763,16.427538
2004-04-12,0.000000,Validation,-0.631004,-0.335230,-0.190555,0.387380,1.027119,1.370644,2.009860,3.126835,5.937055,8.489556,16.976442
2004-04-13,0.000000,Validation,-0.640789,-0.373424,-0.224068,0.304372,0.870834,1.153780,1.692837,2.581064,4.757114,6.700001,13.363976
2004-04-14,0.000000,Validation,-0.628823,-0.355094,-0.197510,0.359481,0.957656,1.227096,1.778989,2.659385,4.736218,6.596037,13.011340
2004-04-15,0.000000,Validation,-0.639826,-0.408611,-0.288368,0.151361,0.576981,0.794850,1.225764,1.879891,3.581394,5.064995,10.414175
2004-04-16,0.000000,Validation,-0.625564,-0.400784,-0.311630,0.086783,0.463216,0.621022,1.012864,1.555952,2.996058,4.279376,8.681225
2004-04-17,0.000000,Validation,-0.607160,-0.375913,-0.294306,0.103765,0.474806,0.641443,1.036516,1.592957,3.062854,4.382133,9.022857
2004-04-18,0.000000,Validation,-0.609983,-0.379649,-0.305771,0.089692,0.454086,0.605723,0.995708,1.531736,2.959177,4.246053,8.654202
2004-04-19,0.000000,Validation,-0.607501,-0.378951,-0.309328,0.074264,0.425766,0.563222,0.940768,1.445168,2.789159,4.008838,8.158422
2004-04-20,0.000000,Validation,-0.594880,-0.376156,-0.313330,0.021394,0.301558,0.414621,0.731497,1.138496,2.269394,3.305090,6.816325
2004-04-21,0.000000,Validation,-0.588652,-0.371307,-0.310467,0.011775,0.272179,0.378568,0.678198,1.056035,2.108400,3.077849,6.375600
2004-04-22,0.000000,Validation,,,,,,,,,,,
2004-04-23,0.000000,Validation,-0.593793,-0.380525,-0.313502,-0.003880,0.236480,0.337138,0.617909,0.959261,1.912758,2.811722,5.869978
2004-04-24,0.000000,Validation,-0.596944,-0.386528,-0.313478,-0.010926,0.218483,0.317739,0.587589,0.912540,1.821442,2.693838,5.650166
2004-04-25,0.000000,Validation,-0.599748,-0.394944,-0.310490,-0.013458,0.207482,0.307501,0.568264,0.878620,1.754565,2.606416,5.487741
2004-04-26,0.000000,Validation,-0.607293,-0.399233,-0.312711,-0.006905,0.226808,0.331462,0.601685,0.925094,1.821020,2.696626,5.644942
2004-04-27,0.000000,Validation,-0.589541,-0.369851,-0.307453,-0.005303,0.225286,0.320250,0.591406,0.914940,1.791567,2.648158,5.539521
2004-04-28,0.000000,Validation,-0.563549,-0.338468,-0.283533,-0.010101,0.178292,0.267176,0.511580,0.794598,1.600084,2.388292,5.206841
2004-04-29,0.000000,Validation,-0.545359,-0.315926,-0.277964,-0.008145,0.184925,0.256609,0.499177,0.782785,1.548745,2.317051,4.947663
2004-04-30,0.000000,Validation,-0.537547,-0.300472,-0.269769,0.007160,0.210675,0.283850,0.536770,0.837917,1.640370,2.443002,5.199504
2004-05-01,0.000000,Validation,-0.558562,-0.319564,-0.275803,0.014501,0.221503,0.316329,0.581019,0.909232,1.815048,2.709502,5.870368
2004-05-02,0.000000,Validation,-0.646578,-0.356780,-0.254267,0.103008,0.270811,0.589748,0.860708,1.471529,3.856018,5.353434,14.317309
2004-05-03,0.000000,Validation,-0.626041,-0.242373,-0.028005,0.705126,1.525450,2.384629,3.343281,5.695416,12.601398,19.522478,41.968090
2004-05-04,0.000000,Validation,-0.594042,-0.200645,-0.058978,0.493689,1.049180,1.511637,2.180455,3.472346,6.855071,10.295513,21.390402
2004-05-05,0.000000,Validation,-0.606266,-0.253054,-0.145200,0.302681,0.715293,1.027131,1.508184,2.387422,4.473844,6.579689,13.785008
2004-05-06,0.000000,Validation,-0.597406,-0.253422,-0.154814,0.263033,0.641928,0.903298,1.340116,2.083807,3.841181,5.616998,11.724689
2004-05-07,0.000000,Validation,-0.578322,-0.270652,-0.211193,0.148095,0.463417,0.624359,0.992230,1.521798,2.830165,4.141773,8.699339
2004-05-08,0.000000,Validation,-0.586214,-0.298200,-0.239448,0.105394,0.388893,0.531796,0.866901,1.326989,2.493805,3.653572,7.662743
2004-05-09,0.000000,Validation,-0.592018,-0.314997,-0.253217,0.092776,0.361235,0.510224,0.841597,1.289425,2.484221,3.650630,7.866515
2004-05-10,0.000000,Validation,-0.598575,-0.326935,-0.270642,0.071132,0.327634,0.471568,0.802752,1.246698,2.473805,3.681807,8.067131
2004-05-11,0.000000,Validation,-0.621108,-0.355213,-0.280454,0.050669,0.283809,0.451591,0.757517,1.214644,2.455940,3.699152,8.176488
2004-05-12,0.000000,Validation,-0.645834,-0.379958,-0.279371,0.060715,0.289137,0.505181,0.797963,1.311028,2.639712,3.998151,8.729367
2004-05-13,0.000000,Validation,-0.687869,-0.388903,-0.249427,0.197326,0.507436,0.928915,1.327349,2.206155,4.698813,6.934775,15.471097
2004-05-14,0.000000,Validation,-0.647945,-0.271434,-0.099388,0.448214,0.914983,1.423537,1.954482,3.145477,5.830780,8.652650,17.419519
2004-05-15,0.000000,Validation,-0.636171,-0.235454,-0.046959,0.535240,1.038385,1.520558,2.056837,3.166210,5.504726,7.948913,15.651778
2004-05-16,0.000000,Validation,-0.619548,-0.186480,0.029660,0.657834,1.211508,1.703508,2.247817,3.359860,5.497503,7.758656,15.079906
2004-05-17,0.000000,Validation,-0.626347,-0.291886,-0.140947,0.285769,0.633703,0.899958,1.263366,1.863165,3.127622,4.435005,8.978399
2004-05-18,0.000000,Validation,-0.624442,-0.314160,-0.171815,0.227371,0.544219,0.767797,1.102716,1.609830,2.708726,3.844982,7.840961
2004-05-19,0.000000,Validation,-0.620921,-0.327253,-0.189270,0.190865,0.483271,0.680546,0.997313,1.449501,2.451179,3.495387,7.173109
2004-05-20,0.000000,Validation,-0.616338,-0.321192,-0.208357,0.146544,0.400485,0.584780,0.880997,1.297005,2.220951,3.199392,6.763666
2004-05-21,0.000000,Validation,-0.600931,-0.328752,-0.246589,0.052208,0.238219,0.372224,0.614809,0.936698,1.690088,2.516247,5.479461
2004-05-22,0.000000,Validation,-0.580674,-0.312188,-0.245084,0.025341,0.179144,0.291382,0.503610,0.786549,1.442640,2.187498,4.817549
2004-05-23,0.000000,Validation,-0.611191,-0.344327,-0.255261,0.033211,0.181641,0.326418,0.543765,0.852376,1.602111,2.432924,5.387255
2004-05-24,0.000000,Validation,-0.611558,-0.340769,-0.258031,0.037969,0.194570,0.338362,0.563081,0.900002,1.688485,2.584195,5.630399
2004-05-25,0.000000,Validation,-0.608145,-0.339789,-0.256836,0.033435,0.180382,0.319437,0.534558,0.852575,1.599609,2.445814,5.348767
2004-05-26,0.000000,Validation,-0.622900,-0.354614,-0.256213,0.051175,0.210536,0.374426,0.598848,0.954549,1.783933,2.708665,5.829618
2004-05-27,0.000000,Validation,-0.629416,-0.381647,-0.268016,0.055726,0.241098,0.399053,0.647203,1.006129,1.908181,2.867095,6.066503
2004-05-28,0.000000,Validation,-0.620264,-0.384192,-0.269478,0.045229,0.222223,0.367113,0.607832,0.940982,1.811921,2.724410,5.793404
2004-05-29,0.000000,Validation,-0.583335,-0.392645,-0.263308,0.019938,0.172367,0.301117,0.509223,0.787977,1.597188,2.414813,5.238288
2004-05-30,0.000000,Validation,-0.547701,-0.375766,-0.254047,-0.002149,0.131584,0.238547,0.417570,0.647709,1.335747,2.046016,4.494252
2004-05-31,0.000000,Validation,-0.516874,-0.360768,-0.244948,-0.017294,0.109368,0.206434,0.359114,0.560105,1.145000,1.770333,3.935643
2004-06-01,0.000000,Validation,-0.479529,-0.330195,-0.229958,-0.032086,0.078107,0.156256,0.282020,0.447197,0.913042,1.437298,3.268782
2004-06-02,0.000000,Validation,-0.461177,-0.315477,-0.225217,-0.038892,0.073295,0.144732,0.262520,0.416186,0.819765,1.303559,2.993275
2004-06-03,0.000000,Validation,-0.449640,-0.304630,-0.219608,-0.040976,0.064243,0.130707,0.240011,0.384633,0.762869,1.221523,2.837600
2004-06-04,0.000000,Validation,-0.447463,-0.295695,-0.210425,-0.033934,0.051381,0.114195,0.216510,0.354082,0.751290,1.201155,2.822990
2004-06-05,0.000000,Validation,-0.445835,-0.280655,-0.202583,-0.028777,0.041463,0.098575,0.199514,0.331074,0.724991,1.165575,2.775779
2004-06-06,0.000000,Validation,-0.444447,-0.266042,-0.196527,-0.026821,0.033171,0.085203,0.183596,0.310006,0.688252,1.116763,2.703845
2004-06-07,0.000000,Validation,-0.452479,-0.265054,-0.197945,-0.024274,0.036899,0.089015,0.192685,0.321043,0.704422,1.142022,2.753458
2004-06-08,0.000000,Validation,-0.423497,-0.271996,-0.196420,-0.040507,0.025177,0.079585,0.160050,0.278426,0.623083,1.026801,2.526760
2004-06-09,0.000000,Validation,-0.411831,-0.261248,-0.190247,-0.043449,0.015525,0.064867,0.135795,0.247003,0.566598,0.948461,2.385661
2004-06-10,0.000000,Validation,-0.397528,-0.253581,-0.189734,-0.052673,0.008452,0.055123,0.116562,0.222496,0.500923,0.858080,2.214327
2004-06-11,0.000000,Validation,-0.382261,-0.239976,-0.185707,-0.058482,0.001321,0.039655,0.095036,0.192909,0.434373,0.768694,2.041602
2004-06-12,0.000000,Validation,-0.370174,-0.228119,-0.180004,-0.061295,-0.007447,0.025724,0.072794,0.164027,0.382765,0.697133,1.917521
2004-06-13,0.000000,Validation,-0.355567,-0.213624,-0.173061,-0.065165,-0.018381,0.008641,0.045949,0.129434,0.321039,0.611774,1.773176
2004-06-14,0.000000,Validation,-0.346086,-0.203384,-0.162660,-0.063928,-0.030427,-0.007466,0.017435,0.093439,0.278540,0.550161,1.688172
2004-06-15,0.000000,Validation,-0.353980,-0.195829,-0.153096,-0.050379,-0.032694,-0.011825,0.015210,0.089462,0.300803,0.579016,1.762993
2004-06-16,0.000000,Validation,-0.346602,-0.196693,-0.153805,-0.057968,-0.037401,-0.016277,0.004303,0.076170,0.271089,0.538840,1.692858
2004-06-17,0.000000,Validation,-0.338693,-0.196138,-0.159264,-0.068819,-0.038394,-0.018499,0.000565,0.071629,0.238754,0.497304,1.606893
2004-06-18,0.000000,Validation,-0.340004,-0.196788,-0.158329,-0.067313,-0.038375,-0.016431,0.001460,0.073217,0.242662,0.501330,1.619518
2004-06-19,0.000000,Validation,-0.361059,-0.182806,-0.148990,-0.044826,-0.035440,-0.020220,0.011273,0.083338,0.293471,0.572240,1.767822
2004-06-20,0.000000,Validation,-0.360169,-0.183197,-0.148438,-0.045958,-0.037224,-0.021130,0.009134,0.080765,0.289887,0.567137,1.762718
2004-06-21,0.000000,Validation,-0.352048,-0.191745,-0.149900,-0.053529,-0.040467,-0.020632,0.002293,0.073286,0.276247,0.546407,1.722766
2004-06-22,0.000000,Validation,-0.347608,-0.197076,-0.153524,-0.060416,-0.041679,-0.020242,-0.001172,0.069789,0.262917,0.528177,1.683233
2004-06-23,0.000000,Validation,-0.343759,-0.199028,-0.157532,-0.066360,-0.041827,-0.020537,-0.002631,0.068004,0.248599,0.509660,1.641321
2004-06-24,0.000000,Validation,-0.342361,-0.198712,-0.158639,-0.067769,-0.042008,-0.021603,-0.003628,0.066284,0.243183,0.502674,1.625702
2004-06-25,0.000000,Validation,-0.337852,-0.196295,-0.161536,-0.072438,-0.041816,-0.023260,-0.004294,0.064632,0.226562,0.482004,1.580078
2004-06-26,0.000000,Validation,-0.332234,-0.189951,-0.166509,-0.078520,-0.040240,-0.025390,-0.000935,0.067287,0.206355,0.458591,1.521334
2004-06-27,0.000000,Validation,-0.329978,-0.186552,-0.168342,-0.080606,-0.039961,-0.027232,-0.000198,0.067256,0.197552,0.448332,1.495852
2004-06-28,0.000000,Validation,-0.328975,-0.185322,-0.168788,-0.081296,-0.040345,-0.028549,-0.001052,0.065712,0.193352,0.443194,1.484806
2004-06-29,0.000000,Validation,-0.327453,-0.181988,-0.170796,-0.083834,-0.040803,-0.030840,-0.000526,0.065699,0.184545,0.432968,1.461112
2004-06-30,0.000000,Validation,-0.327833,-0.183920,-0.169453,-0.082757,-0.041668,-0.030978,-0.003171,0.062576,0.186619,0.434726,1.468830
2004-07-01,0.000000,Training,-0.332649,-0.192244,-0.163751,-0.077031,-0.044697,-0.030141,-0.010935,0.054425,0.203197,0.452537,1.521153
2004-07-02,0.000000,Training,-0.335875,-0.195211,-0.161666,-0.074917,-0.046950,-0.030859,-0.014061,0.051263,0.210944,0.461358,1.547081
2004-07-03,0.000000,Training,-0.336901,-0.196102,-0.161515,-0.075253,-0.048343,-0.031742,-0.015470,0.049829,0.211510,0.461841,1.551829
2004-07-04,0.000000,Training,-0.336269,-0.195930,-0.162419,-0.076886,-0.049037,-0.032678,-0.016216,0.048901,0.207371,0.456705,1.542016
2004-07-05,0.000000,Training,-0.333100,-0.193102,-0.164851,-0.080390,-0.048556,-0.033619,-0.015061,0.049718,0.195995,0.443071,1.510234
2004-07-06,0.000000,Training,-0.341272,-0.198087,-0.159348,-0.072693,-0.051358,-0.034297,-0.018813,0.046014,0.220909,0.473406,1.583244
2004-07-07,,,-0.136788,0.220306,0.651848,0.681286,0.937122,1.275456,1.505203,2.126757,3.904843,5.828535,13.998286
2004-07-08,0.000000,Training,-0.359484,-0.190040,-0.154052,-0.060381,-0.051833,-0.038893,-0.010988,0.055299,0.259725,0.530071,1.708960
2004-07-09,0.000000,Training,-0.347657,-0.196755,-0.155988,-0.069208,-0.055295,-0.038577,-0.020920,0.043497,0.232423,0.489389,1.628643
2004-07-10,0.000000,Training,-0.346878,-0.197871,-0.156352,-0.071272,-0.056161,-0.039115,-0.022708,0.041794,0.227837,0.483107,1.618545
2004-07-11,0.000000,Training,-0.345221,-0.200830,-0.159482,-0.075070,-0.056311,-0.038429,-0.023047,0.041806,0.222216,0.475858,1.599985
2004-07-12,0.000000,Training,-0.340596,-0.200641,-0.162411,-0.079952,-0.055893,-0.038665,-0.023988,0.040329,0.207055,0.456146,1.556219
2004-07-13,0.000000,Training,-0.343088,-0.202264,-0.162272,-0.078742,-0.056211,-0.038772,-0.023495,0.041131,0.214688,0.466240,1.576702
2004-07-14,0.000000,Training,-0.341707,-0.202394,-0.163679,-0.080731,-0.056136,-0.039028,-0.023524,0.040910,0.209831,0.460213,1.562565
2004-07-15,0.000000,Training,-0.340907,-0.202485,-0.164713,-0.082291,-0.056091,-0.039246,-0.023388,0.041000,0.206546,0.456207,1.553285
2004-07-16,0.000000,Training,-0.341780,-0.203493,-0.164993,-0.082446,-0.056343,-0.039425,-0.023314,0.041188,0.208715,0.459207,1.559307
2004-07-17,0.000000,Training,-0.346986,-0.205998,-0.163592,-0.079482,-0.057332,-0.039581,-0.022572,0.042720,0.224329,0.479753,1.604195
2004-07-18,0.000000,Training,-0.342738,-0.205077,-0.165841,-0.083700,-0.057023,-0.039908,-0.023319,0.041402,0.209955,0.461204,1.563927
2004-07-19,0.000000,Training,-0.344530,-0.206586,-0.165704,-0.083397,-0.057555,-0.040157,-0.023403,0.041643,0.214669,0.467426,1.577932
2004-07-20,0.000000,Training,-0.343106,-0.206429,-0.167028,-0.085246,-0.057398,-0.040440,-0.023258,0.041605,0.209851,0.461544,1.564013
2004-07-21,0.000000,Training,-0.344303,-0.207720,-0.167173,-0.085372,-0.057967,-0.040811,-0.023507,0.041572,0.212824,0.465478,1.573133
2004-07-22,0.000000,Training,-0.340895,-0.205671,-0.169347,-0.088481,-0.057194,-0.041205,-0.022638,0.042012,0.202007,0.452119,1.541689
2004-07-23,0.000000,Training,-0.333506,-0.195385,-0.175386,-0.095189,-0.054497,-0.043429,-0.016475,0.047376,0.177064,0.423119,1.466429
2004-07-24,0.000000,Training,-0.330476,-0.184093,-0.182708,-0.103222,-0.055572,-0.050689,-0.012702,0.050508,0.151719,0.394935,1.397991
2004-07-25,0.000000,Training,,,,,,,,,,,
2004-07-26,0.000000,Training,-0.329420,-0.187386,-0.179462,-0.100507,-0.055405,-0.049744,-0.016306,0.045714,0.156913,0.399842,1.412486
2004-07-27,0.000000,Training,-0.330729,-0.192781,-0.176624,-0.098196,-0.056261,-0.048286,-0.019955,0.042009,0.165459,0.408844,1.438266
2004-07-28,0.000000,Training,-0.335385,-0.201911,-0.172677,-0.094807,-0.058902,-0.047103,-0.025854,0.036608,0.181598,0.426930,1.489041
2004-07-29,0.000000,Training,-0.343405,-0.210496,-0.169540,-0.091462,-0.062545,-0.047413,-0.029885,0.033968,0.204268,0.454718,1.559402
2004-07-30,0.000000,Training,-0.345023,-0.212254,-0.169872,-0.092185,-0.063705,-0.047890,-0.030207,0.034229,0.207777,0.459256,1.571737
2004-07-31,0.000000,Training,-0.345700,-0.213328,-0.170282,-0.093083,-0.064384,-0.048286,-0.030412,0.034384,0.209011,0.460889,1.576830
2004-08-01,0.000000,Training,-0.344514,-0.212947,-0.171056,-0.094476,-0.064319,-0.048217,-0.030148,0.034698,0.205205,0.455904,1.566470
2004-08-02,0.000000,Training,-0.345328,-0.214266,-0.171448,-0.094975,-0.064783,-0.048836,-0.030307,0.034728,0.207932,0.459754,1.574710
2004-08-03,0.000000,Training,-0.350441,-0.217472,-0.169613,-0.092807,-0.065846,-0.046691,-0.028573,0.038581,0.223965,0.479692,1.625021
2004-08-04,0.000000,Training,-0.350409,-0.218592,-0.170937,-0.094358,-0.066482,-0.049403,-0.029632,0.036941,0.224420,0.481793,1.625510
2004-08-05,0.000000,Training,-0.345620,-0.215939,-0.172467,-0.097237,-0.065680,-0.049585,-0.030143,0.035451,0.209216,0.461714,1.581220
2004-08-06,0.000000,Training,-0.342513,-0.213616,-0.174273,-0.099234,-0.064629,-0.049779,-0.028910,0.036206,0.200607,0.451173,1.554711
2004-08-07,0.000000,Training,-0.344651,-0.216213,-0.173948,-0.098730,-0.065247,-0.049774,-0.029021,0.036700,0.208444,0.461281,1.577670
2004-08-08,0.000000,Training,-0.366601,-0.228546,-0.166665,-0.089500,-0.068178,-0.038748,-0.017754,0.055685,0.272784,0.543326,1.805757
2004-08-09,0.000000,Training,-0.420314,-0.250586,-0.185430,-0.091672,-0.068901,-0.032225,0.019294,0.094635,0.398955,0.729753,2.349161
2004-08-10,0.000000,Training,-0.389267,-0.240864,-0.167625,-0.098759,-0.078006,-0.042839,-0.008044,0.077918,0.336126,0.653344,2.052769
2004-08-11,0.000000,Training,-0.383352,-0.241591,-0.170359,-0.098992,-0.071656,-0.040282,-0.009057,0.076026,0.327355,0.635971,1.989464
2004-08-12,0.000000,Training,-0.371131,-0.238991,-0.177091,-0.097190,-0.063495,-0.037431,-0.007347,0.071856,0.301830,0.590549,1.847144
2004-08-13,0.000000,Training,-0.365546,-0.236822,-0.178823,-0.098379,-0.060950,-0.036322,-0.006994,0.070502,0.287081,0.569381,1.794204
2004-08-14,0.000000,Training,-0.361548,-0.234540,-0.180075,-0.099206,-0.059111,-0.035907,-0.005933,0.070409,0.277524,0.556486,1.761202
2004-08-15,0.000000,Training,-0.358846,-0.232636,-0.180502,-0.099652,-0.058071,-0.036115,-0.005369,0.070128,0.271840,0.549139,1.742647
2004-08-16,0.000000,Training,-0.361776,-0.235224,-0.179381,-0.098586,-0.058962,-0.036464,-0.005064,0.071378,0.284903,0.566300,1.782137
2004-08-17,0.000000,Training,-0.373466,-0.240310,-0.173320,-0.092618,-0.060231,-0.028122,0.003436,0.086180,0.327415,0.619978,1.929523
2004-08-18,0.000000,Training,-0.375721,-0.241264,-0.175013,-0.094896,-0.061254,-0.034625,0.004642,0.088377,0.342875,0.646707,1.969489
2004-08-19,0.000000,Training,-0.368963,-0.238215,-0.173838,-0.096035,-0.061384,-0.034654,-0.001259,0.079642,0.317235,0.609451,1.894138
2004-08-20,0.000000,Training,-0.368871,-0.239180,-0.175790,-0.097497,-0.061393,-0.038321,-0.001182,0.079302,0.321755,0.618991,1.904403
2004-08-21,0.000000,Training,-0.362358,-0.236149,-0.176092,-0.098653,-0.060947,-0.038700,-0.005564,0.072156,0.298046,0.585553,1.833506
2004-08-22,0.000000,Training,-0.351936,-0.228206,-0.177166,-0.100759,-0.059070,-0.039821,-0.008962,0.064842,0.261633,0.537053,1.726667
2004-08-23,0.000000,Training,-0.350204,-0.225213,-0.175750,-0.099679,-0.058004,-0.037178,-0.007035,0.067274,0.257574,0.530811,1.719078
2004-08-24,0.000000,Training,-0.339603,-0.212864,-0.180713,-0.104508,-0.055461,-0.043240,-0.005839,0.064458,0.222742,0.490464,1.613770
2004-08-25,0.000000,Training,-0.336435,-0.207979,-0.181199,-0.105613,-0.055057,-0.045336,-0.005745,0.063522,0.212295,0.478274,1.585923
2004-08-26,0.000000,Training,-0.337572,-0.212068,-0.178197,-0.103279,-0.055645,-0.044354,-0.008664,0.060522,0.221535,0.488420,1.614407
2004-08-27,0.000000,Training,-0.341576,-0.218478,-0.174650,-0.101313,-0.057836,-0.043888,-0.012523,0.057778,0.237010,0.506085,1.663098
2004-08-28,0.000000,Training,-0.336484,-0.213822,-0.170342,-0.101730,-0.061690,-0.049805,-0.022230,0.045538,0.218850,0.480549,1.622982
2004-08-29,0.000000,Training,-0.336170,-0.213522,-0.169288,-0.101887,-0.062203,-0.050278,-0.023299,0.044572,0.218230,0.479447,1.622883
2004-08-30,0.000000,Training,-0.341250,-0.215736,-0.164646,-0.098332,-0.062700,-0.043874,-0.019989,0.051342,0.234364,0.497476,1.681107
2004-08-31,0.000000,Training,-0.344783,-0.221297,-0.165785,-0.100149,-0.064453,-0.049365,-0.021411,0.050970,0.253223,0.525748,1.729241
2004-09-01,0.000000,Training,-0.356117,-0.226602,-0.163520,-0.098709,-0.064823,-0.048915,-0.010175,0.069963,0.308855,0.606190,1.899384
2004-09-02,0.000000,Training,-0.408933,-0.254937,-0.167934,-0.100204,-0.073449,-0.039254,0.026339,0.114419,0.444564,0.816636,2.580203
2004-09-03,0.000000,Training,-0.389804,-0.244636,-0.150674,-0.097039,-0.074594,-0.029540,0.013456,0.112226,0.405443,0.749985,2.366127
2004-09-04,0.000000,Training,-0.367608,-0.234930,-0.155812,-0.101882,-0.067157,-0.037247,-0.004247,0.086839,0.337600,0.655472,2.048511
2004-09-05,0.000000,Training,-0.372295,-0.240905,-0.165558,-0.097999,-0.057654,-0.029947,0.013675,0.108346,0.377505,0.707919,2.103362
2004-09-06,0.000000,Training,-0.366915,-0.237868,-0.166151,-0.096006,-0.055584,-0.029578,0.011907,0.103004,0.361490,0.680833,2.036794
2004-09-07,0.000000,Training,-0.370115,-0.236465,-0.161826,-0.093602,-0.054568,-0.026809,0.018937,0.114360,0.385946,0.714754,2.118542
2004-09-08,0.000000,Training,-0.362833,-0.233825,-0.163901,-0.095767,-0.054393,-0.032086,0.011431,0.101168,0.356824,0.674924,2.020852
2004-09-09,0.000000,Training,-0.352938,-0.228071,-0.164275,-0.096469,-0.053781,-0.033066,0.001676,0.084186,0.307972,0.604347,1.873518
2004-09-10,0.000000,Training,-0.350809,-0.226762,-0.164902,-0.096590,-0.052993,-0.033319,0.001093,0.082534,0.300473,0.594291,1.850448
2004-09-11,0.000000,Training,-0.349027,-0.225285,-0.164612,-0.096582,-0.052658,-0.034015,0.000300,0.080926,0.295644,0.587692,1.836331
2004-09-12,0.000000,Training,-0.347715,-0.223872,-0.163616,-0.096280,-0.052430,-0.034493,-0.000330,0.079836,0.293282,0.584497,1.830567
2004-09-13,0.000000,Training,-0.358240,-0.228548,-0.160029,-0.094585,-0.052268,-0.033493,0.012616,0.102763,0.358069,0.678752,2.028368
2004-09-14,0.000000,Training,-0.358400,-0.226689,-0.157494,-0.094031,-0.052246,-0.033614,0.014713,0.106679,0.366988,0.692943,2.061413
2004-09-15,0.000000,Training,-0.356848,-0.224437,-0.155496,-0.094053,-0.052229,-0.034725,0.014229,0.106364,0.366390,0.693894,2.064559
2004-09-16,0.000000,Training,-0.348668,-0.220814,-0.154912,-0.093768,-0.053388,-0.036131,0.001706,0.085971,0.319537,0.623410,1.923032
2004-09-17,0.000000,Training,-0.345971,-0.219128,-0.154481,-0.093826,-0.053267,-0.036765,-0.001423,0.080935,0.306489,0.604864,1.886576
2004-09-18,0.000000,Training,-0.344497,-0.218011,-0.154035,-0.093868,-0.053283,-0.037577,-0.002823,0.078839,0.301655,0.598163,1.874179
2004-09-19,0.000000,Training,-0.340319,-0.215247,-0.154373,-0.094227,-0.053129,-0.038468,-0.006673,0.071918,0.282377,0.570947,1.818303
2004-09-20,0.000000,Training,-0.345338,-0.218711,-0.154258,-0.093411,-0.052060,-0.035999,0.000972,0.084577,0.313737,0.616023,1.909308
2004-09-21,0.000000,Training,-0.334204,-0.209245,-0.150743,-0.094808,-0.055870,-0.043579,-0.014927,0.061052,0.261942,0.542526,1.767709
2004-09-22,0.000000,Training,-0.326727,-0.202348,-0.150231,-0.096171,-0.056585,-0.046880,-0.022220,0.048864,0.227632,0.494917,1.669884
2004-09-23,0.000000,Training,-0.339883,-0.209661,-0.145239,-0.092738,-0.056143,-0.040229,-0.006770,0.077216,0.300445,0.596039,1.888346
2004-09-24,0.000000,Training,-0.342107,-0.209612,-0.142976,-0.091504,-0.055921,-0.037328,-0.002246,0.084941,0.315724,0.617262,1.938784
2004-09-25,0.000000,Training,-0.337428,-0.208160,-0.145202,-0.093957,-0.055586,-0.041916,-0.006555,0.077391,0.300298,0.598558,1.884413
2004-09-26,0.000000,Training,-0.340480,-0.208301,-0.143920,-0.093922,-0.054281,-0.040553,0.001563,0.091304,0.329125,0.642875,1.972725
2004-09-27,0.000000,Training,-0.336328,-0.207312,-0.144772,-0.093476,-0.054805,-0.040735,-0.005558,0.078927,0.301833,0.600824,1.885239
2004-09-28,0.000000,Training,-0.332558,-0.205238,-0.144821,-0.093480,-0.054727,-0.041166,-0.010834,0.069684,0.279046,0.567305,1.817316
2004-09-29,0.000000,Training,-0.331359,-0.204454,-0.144797,-0.093354,-0.054099,-0.040967,-0.011535,0.068073,0.273776,0.559724,1.801626
2004-09-30,0.000000,Training,-0.331070,-0.203789,-0.144012,-0.092863,-0.053400,-0.040420,-0.010379,0.069709,0.276874,0.564123,1.810506
2004-10-01,0.000000,Test,-0.331588,-0.203352,-0.142720,-0.092167,-0.052535,-0.039510,-0.007456,0.074384,0.287202,0.579204,1.840740
2004-10-02,0.000000,Test,-0.329296,-0.201945,-0.142949,-0.092178,-0.052310,-0.039515,-0.009787,0.069922,0.274960,0.561322,1.802893
2004-10-03,0.000000,Test,-0.329426,-0.201845,-0.142616,-0.091896,-0.051693,-0.038511,-0.008140,0.072499,0.279384,0.567579,1.813887
2004-10-04,0.000000,Test,-0.330313,-0.202233,-0.142264,-0.091544,-0.050982,-0.037204,-0.005070,0.077539,0.289695,0.582312,1.841581
2004-10-05,0.000000,Test,-0.330943,-0.201965,-0.141193,-0.090942,-0.050142,-0.035920,-0.001675,0.083075,0.301119,0.598972,1.874037
2004-10-06,0.000000,Test,-0.332254,-0.201426,-0.139397,-0.090128,-0.048889,-0.034085,0.004236,0.092859,0.321157,0.628809,1.933415
2004-10-07,0.000000,Test,-0.335258,-0.200555,-0.135189,-0.087582,-0.047937,-0.028496,0.011683,0.105635,0.344667,0.661209,2.010857
2004-10-08,0.000000,Test,-0.432338,-0.204202,-0.162590,-0.082156,-0.046686,0.011093,0.084412,0.196365,0.590592,1.016307,3.154686
2004-10-09,0.000000,Test,-0.414943,-0.244068,-0.112572,-0.090691,-0.037109,0.065539,0.134594,0.339962,0.796047,1.427257,3.886575
2004-10-10,0.000000,Test,-0.393505,-0.225424,-0.114075,-0.079312,-0.006534,0.069424,0.145673,0.344164,0.783260,1.379627,3.605956
2004-10-11,0.000000,Test,-0.371373,-0.206169,-0.118069,-0.078559,-0.010747,0.041306,0.113935,0.275354,0.636895,1.109035,2.963898
2004-10-12,0.000000,Test,-0.363253,-0.204506,-0.126806,-0.079077,-0.003178,0.035347,0.117480,0.268920,0.624249,1.091217,2.845406
2004-10-13,0.000000,Test,-0.359344,-0.201054,-0.124896,-0.075343,0.000693,0.037646,0.121000,0.267855,0.622006,1.083862,2.817371
2004-10-14,0.000000,Test,-0.359712,-0.200021,-0.126094,-0.071603,0.008673,0.045617,0.135852,0.284573,0.651411,1.125549,2.884728
2004-10-15,0.000000,Test,-0.366151,-0.198125,-0.115891,-0.061811,0.013634,0.065262,0.153573,0.309466,0.695048,1.178098,3.050303
2004-10-16,0.000000,Test,-0.357263,-0.194335,-0.123034,-0.066491,0.018511,0.055156,0.152177,0.302271,0.679689,1.164753,2.958001
2004-10-17,0.000000,Test,-0.357924,-0.195110,-0.121958,-0.063424,0.022364,0.061071,0.159782,0.310327,0.696058,1.186500,2.993253
2004-10-18,0.000000,Test,-0.478299,-0.246489,-0.168059,-0.037927,0.042272,0.148914,0.289448,0.485645,1.206648,1.967386,5.318948
2004-10-19,0.000000,Test,-0.604265,-0.364599,-0.195073,0.181598,0.352814,0.782626,1.147835,1.874026,5.425927,8.134040,24.057245
2004-10-20,0.000000,Test,-0.499049,-0.173420,0.178899,0.789958,1.409304,2.301199,3.366198,5.235941,13.929819,23.456133,62.214207
2004-10-21,0.000000,Test,-0.392852,-0.085092,0.265085,0.550135,0.881391,1.390147,1.942970,2.883629,6.307629,10.269039,25.694714
2004-10-22,0.000000,Test,-0.389226,-0.128144,0.102665,0.264296,0.477018,0.743628,1.033770,1.570843,3.070635,4.878374,10.980074
2004-10-23,0.000000,Test,-0.397546,-0.178039,-0.010824,0.119085,0.292542,0.450826,0.671235,1.031366,2.018761,3.211771,7.123549
2004-10-24,0.000000,Test,-0.397000,-0.196022,-0.055922,0.063935,0.217908,0.339523,0.532536,0.821124,1.624154,2.566296,5.738153
2004-10-25,0.000000,Test,-0.518010,-0.231775,-0.100300,0.176059,0.350558,0.583474,0.913815,1.342483,3.230156,5.026882,13.133589
2004-10-26,0.000000,Test,-0.414622,-0.141994,0.078340,0.288298,0.597398,0.879453,1.325127,1.996655,3.992858,6.570220,14.465858
2004-10-27,0.000000,Test,-0.487459,-0.072364,0.240185,1.018591,1.400488,2.295753,3.196777,4.689287,13.472596,20.162151,50.639912
2004-10-28,0.000000,Test,-0.121255,0.576979,1.513954,2.942447,5.054128,7.441086,10.836346,17.123333,39.179260,68.339409,167.712143
2004-10-29,0.000000,Test,-0.106797,0.472046,0.980787,1.543637,2.476259,3.368264,4.721773,6.823930,12.927500,20.898680,45.548199
2004-10-30,0.000000,Test,-0.313621,0.087421,0.457968,0.774820,1.239274,1.748492,2.497312,3.516101,7.012675,11.067621,26.551680
2004-10-31,0.000000,Test,-0.351132,-0.007842,0.282986,0.572106,1.027293,1.410807,2.031767,2.917327,5.405968,8.463647,17.992231
2004-11-01,0.000000,Test,-0.370619,-0.048153,0.214328,0.530631,1.000823,1.347238,1.950417,2.771589,4.997644,7.644217,15.913317
2004-11-02,0.000000,Test,-0.409588,-0.088284,0.229428,0.604960,1.126824,1.553118,2.186895,3.156909,5.498944,8.156518,17.508511
2004-11-03,0.000000,Test,-0.471585,-0.151685,0.290606,0.785226,1.430485,2.052739,2.961923,4.301366,8.597616,12.906427,30.951059
2004-11-04,0.000000,Test,-0.335377,0.079426,0.697232,1.302617,2.236876,3.023651,4.088650,6.058099,10.316758,15.626714,34.111076
2004-11-05,0.000000,Test,-0.322972,0.142887,0.924980,1.658365,2.763911,3.868883,5.127955,7.642613,13.128222,19.625559,45.970535
2004-11-06,0.000000,Test,-0.390638,-0.023739,0.557527,1.113639,1.946397,2.644778,3.515480,5.243560,8.575755,12.671890,27.899303
2004-11-07,0.000000,Test,-0.490700,-0.245750,0.041392,0.397970,0.875252,1.220933,1.763924,2.629133,4.645845,7.012527,15.059450
2004-11-08,0.000000,Test,-0.499413,-0.264121,-0.001464,0.346054,0.810412,1.120485,1.633353,2.424218,4.220191,6.293459,13.460526
2004-11-09,0.000000,Test,-0.496205,-0.270675,-0.030788,0.292248,0.719316,0.997135,1.468770,2.169574,3.766202,5.590491,11.916598
2004-11-10,0.000000,Test,-0.488858,-0.252482,-0.020746,0.306015,0.748689,1.018331,1.503228,2.206504,3.747111,5.525623,11.739555
2004-11-11,0.000000,Test,-0.473407,-0.215295,0.000282,0.356110,0.848164,1.118107,1.656374,2.412014,3.977069,5.844495,12.428674
2004-11-12,0.000000,Test,-0.474194,-0.211775,0.012862,0.381527,0.887142,1.184098,1.727810,2.530437,4.113244,6.025653,12.887048
2004-11-13,0.000000,Test,-0.488683,-0.248724,-0.062138,0.267347,0.708171,0.948699,1.439385,2.101015,3.534929,5.220299,11.058597
2004-11-14,0.000000,Test,-0.490634,-0.250147,-0.051643,0.296486,0.762056,1.012048,1.516598,2.220286,3.673989,5.403322,11.411860
2004-11-15,0.000000,Test,-0.498634,-0.282646,-0.126480,0.201799,0.621860,0.840468,1.300864,1.925963,3.273912,4.867339,10.250659
2004-11-16,0.000000,Test,-0.495644,-0.299250,-0.175629,0.115453,0.469814,0.658227,1.058247,1.590202,2.801357,4.209735,8.845093
2004-11-17,0.000000,Test,-0.499344,-0.304115,-0.179048,0.110145,0.457885,0.639664,1.036627,1.557430,2.764824,4.144679,8.718506
2004-11-18,0.000000,Test,-0.488555,-0.305801,-0.201669,0.048972,0.335836,0.483246,0.826528,1.252546,2.310521,3.492133,7.368753
2004-11-19,0.000000,Test,-0.486437,-0.312299,-0.217763,0.034555,0.317984,0.463775,0.799450,1.233701,2.267809,3.446411,7.285527
2004-11-20,0.000000,Test,-0.495782,-0.318344,-0.213432,0.052146,0.349875,0.501817,0.853340,1.311607,2.395507,3.615500,7.646890
2004-11-21,0.000000,Test,-0.508480,-0.331340,-0.211314,0.057363,0.356643,0.512312,0.864027,1.330868,2.431820,3.648242,7.710329
2004-11-22,0.000000,Test,-0.499855,-0.336293,-0.223947,0.012707,0.265995,0.401107,0.706769,1.111123,2.088504,3.166353,6.696737
2004-11-23,0.000000,Test,-0.507324,-0.342021,-0.225202,0.027475,0.300739,0.441857,0.764747,1.204563,2.225767,3.362234,7.107739
2004-11-24,0.000000,Test,-0.479642,-0.323015,-0.230064,-0.018921,0.199186,0.312796,0.581816,0.942523,1.801484,2.764208,5.900416
2004-11-25,0.000000,Test,-0.483420,-0.326246,-0.231063,-0.014985,0.210042,0.328040,0.601509,0.978890,1.855317,2.842219,6.055800
2004-11-26,0.000000,Test,-0.491676,-0.331870,-0.232645,-0.001851,0.241970,0.368551,0.658011,1.069490,1.992990,3.038699,6.446076
2004-11-27,0.000000,Test,-0.518646,-0.355931,-0.210047,0.036679,0.284074,0.476991,0.775947,1.274946,2.381974,3.594724,7.978601
2004-11-28,0.000000,Test,-0.543306,-0.382386,-0.206578,0.058770,0.331219,0.562810,0.894757,1.487851,2.817791,4.293395,9.785201
2004-11-29,0.000000,Test,-0.545320,-0.376428,-0.193958,0.089997,0.404962,0.654531,0.996059,1.695776,3.076658,4.685037,10.275194
2004-11-30,0.000000,Test,-0.647716,-0.442046,-0.235275,0.162910,0.586160,1.021780,1.596945,2.801090,6.219877,9.913222,23.628622
2004-12-01,0.000000,Test,-0.507895,0.045613,0.692788,2.626871,4.846378,7.389707,11.023070,20.481443,57.210964,94.079323,239.916977
2004-12-02,0.000000,Test,1.549594,3.759011,6.605531,14.107856,23.140039,31.200600,41.556129,64.779510,120.914276,196.597733,422.656799
2004-12-03,0.000000,Test,0.611615,1.812246,3.506618,6.760610,11.088490,14.300913,18.418650,28.942783,47.313759,72.442871,150.039749
2004-12-04,0.000000,Test,-0.208614,0.329647,0.989675,2.144973,3.810158,4.949644,6.523799,10.299829,16.305143,24.585562,51.501461
2004-12-05,0.000000,Test,-0.335037,0.068720,0.555828,1.354413,2.493588,3.243839,4.282310,6.635281,10.234058,15.106408,31.515987
2004-12-06,0.000000,Test,-0.387835,-0.050512,0.326958,0.978259,1.891943,2.440988,3.282108,4.996027,7.675484,11.212190,23.123806
2004-12-07,0.000000,Test,-0.416755,-0.121796,0.183394,0.758450,1.544398,1.989632,2.715836,4.119637,6.335127,9.220778,18.821213
2004-12-08,0.000000,Test,-0.452446,-0.193621,0.037834,0.548256,1.203830,1.615539,2.198220,3.404309,5.210959,7.547636,15.151436
2004-12-09,0.000000,Test,-0.477708,-0.235384,-0.040527,0.426836,1.008059,1.386661,1.902218,2.975994,4.593903,6.621659,13.245452
2004-12-10,0.000000,Test,-0.464710,-0.226620,-0.016171,0.451672,1.043024,1.384751,1.932519,2.959939,4.613104,6.678439,13.456727
2004-12-11,0.000000,Test,-0.477693,-0.225954,0.063586,0.529787,1.119682,1.514143,2.091585,3.160007,5.069323,7.244978,15.342273
2004-12-12,0.528880,Test,-0.591692,-0.322118,0.047883,0.610151,1.380699,2.024740,2.954234,4.736394,9.544959,14.368657,33.361618
2004-12-13,28.181733,Test,-0.155005,0.442683,1.809407,3.662183,6.363834,9.068853,12.170564,19.911850,39.669445,63.464802,155.268478
2004-12-14,6.724328,Test,0.183975,0.968235,2.419051,4.433746,7.306107,9.182424,11.605460,17.629250,28.411650,42.142097,86.814827
2004-12-15,0.226663,Test,0.107022,0.788360,1.936742,3.416693,5.504532,6.655267,8.172575,11.895182,17.205587,24.085426,48.305027
2004-12-16,0.000000,Test,-0.013864,0.538702,1.430710,2.581190,4.215641,5.016319,6.187829,8.837524,12.362892,16.944248,33.773727
2004-12-17,0.000000,Test,-0.294321,0.071557,0.539451,1.289317,2.344966,2.903010,3.763086,5.579715,8.127777,11.437706,23.073332
2004-12-18,0.000000,Test,-0.343055,-0.007913,0.438693,1.109524,2.060935,2.534279,3.325485,4.883965,7.206254,10.112803,20.361158
2004-12-19,0.000000,Test,-0.444453,-0.178057,0.123245,0.639111,1.336523,1.696800,2.329489,3.496871,5.441925,7.761293,15.724607
2004-12-20,0.000000,Test,-0.494465,-0.281923,-0.095636,0.322109,0.844020,1.105209,1.612189,2.491964,4.098845,5.954251,12.130845
2004-12-21,0.000000,Test,-0.522486,-0.348087,-0.237226,0.104343,0.490498,0.717940,1.091547,1.794042,3.063829,4.504034,9.097481
2004-12-22,0.000000,Test,-0.524210,-0.352524,-0.248705,0.083451,0.454497,0.676085,1.035702,1.711076,2.944701,4.327582,8.726053
2004-12-23,0.000000,Test,-0.515391,-0.342384,-0.230385,0.107830,0.490108,0.702402,1.080572,1.752342,3.020675,4.443954,8.978984
2004-12-24,0.000000,Test,-0.517532,-0.349242,-0.243561,0.086679,0.453986,0.658037,1.023078,1.670647,2.898898,4.268927,8.629699
2004-12-25,0.000000,Test,-0.530677,-0.365778,-0.272010,0.047613,0.392319,0.603455,0.937922,1.573732,2.740068,4.016197,8.107861
2004-12-26,0.000000,Test,-0.537460,-0.371774,-0.282522,0.038823,0.382552,0.595748,0.924769,1.562503,2.719498,3.964099,7.978054
2004-12-27,0.000000,Test,-0.542201,-0.373143,-0.285632,0.045562,0.396304,0.616511,0.948297,1.601118,2.777288,4.018571,8.059446
2004-12-28,0.000000,Test,-0.537701,-0.364757,-0.260829,0.086932,0.466601,0.695642,1.050181,1.749168,2.967994,4.291401,8.604679
2004-12-29,0.000000,Test,-0.512901,-0.315844,-0.140156,0.258344,0.734966,0.956421,1.423894,2.209006,3.681133,5.302071,10.804426
2004-12-30,0.000000,Test,-0.518780,-0.336700,-0.189536,0.183545,0.614119,0.816061,1.245741,1.975244,3.358166,4.881863,9.993870
2004-12-31,0.000000,Test,-0.528534,-0.364823,-0.249283,0.087902,0.460165,0.644262,1.022203,1.668843,2.937782,4.317206,8.856372
2005-01-01,0.000000,Training,-0.510071,-0.357898,-0.271930,0.002401,0.287168,0.430509,0.741188,1.243566,2.310831,3.448203,7.147042
2005-01-02,0.000000,Training,-0.512863,-0.365239,-0.284353,-0.010631,0.270712,0.418334,0.719137,1.227666,2.277021,3.400703,7.021718
2005-01-03,0.000000,Training,-0.517946,-0.373933,-0.301018,-0.032867,0.237591,0.388180,0.672289,1.173873,2.182952,3.260148,6.705066
2005-01-04,0.000000,Training,-0.510980,-0.357699,-0.270730,0.007018,0.294705,0.438879,0.751190,1.258940,2.343066,3.481727,7.192189
2005-01-05,0.000000,Training,-0.511265,-0.363755,-0.285376,-0.013185,0.264311,0.408652,0.706486,1.206501,2.248982,3.354168,6.917420
2005-01-06,0.000000,Training,-0.515300,-0.371285,-0.299095,-0.031445,0.237062,0.384114,0.668196,1.163319,2.175326,3.246166,6.677494
2005-01-07,0.000000,Training,-0.516301,-0.372566,-0.301128,-0.032450,0.236491,0.384887,0.667439,1.165299,2.178303,3.245489,6.660346
2005-01-08,0.000000,Training,-0.525676,-0.382437,-0.320721,-0.058221,0.197897,0.351094,0.614610,1.104452,2.074205,3.073766,6.288831
2005-01-09,0.000000,Training,-0.526700,-0.382828,-0.322775,-0.060404,0.194258,0.347678,0.609225,1.096749,2.062833,3.050838,6.230911
2005-01-10,0.000000,Training,-0.524041,-0.380206,-0.318122,-0.054159,0.203620,0.354967,0.621093,1.108551,2.082592,3.084027,6.291996
2005-01-11,0.000000,Training,-0.525431,-0.381367,-0.320050,-0.055822,0.201249,0.353016,0.618116,1.104508,2.078253,3.073170,6.265368
2005-01-12,0.000000,Training,-0.525172,-0.380991,-0.317894,-0.051396,0.209088,0.360714,0.629558,1.118282,2.103837,3.111216,6.336659
2005-01-13,,,-0.411790,-0.032893,0.658914,1.310096,2.353237,3.382313,4.415011,6.988564,13.940972,21.102825,47.745724
2005-01-14,0.000000,Training,-0.512372,-0.364279,-0.288131,-0.012430,0.265582,0.407616,0.704556,1.198682,2.254106,3.342305,6.837679
2005-01-15,0.000000,Training,-0.517860,-0.357570,-0.262512,0.015677,0.295209,0.447515,0.756155,1.256082,2.384760,3.503717,7.259303
2005-01-16,0.000000,Training,-0.518470,-0.360240,-0.269222,0.005046,0.284154,0.423238,0.732867,1.217162,2.326814,3.432319,7.084213
2005-01-17,0.000000,Training,-0.516021,-0.359155,-0.272183,0.003920,0.284653,0.423187,0.732825,1.222355,2.332296,3.444719,7.102760
2005-01-18,0.000000,Training,-0.515771,-0.364995,-0.285313,-0.006314,0.275775,0.418617,0.722297,1.223916,2.320061,3.435958,7.044311
2005-01-19,0.000000,Training,-0.515825,-0.364246,-0.284120,-0.004287,0.279143,0.421694,0.726898,1.229160,2.330825,3.447513,7.063197
2005-01-20,0.000000,Training,-0.525940,-0.366499,-0.269336,0.010339,0.295286,0.439530,0.751946,1.246299,2.389185,3.508324,7.193779
2005-01-21,0.000000,Training,-0.528305,-0.369622,-0.269711,0.008977,0.292387,0.437203,0.747336,1.239926,2.380865,3.497143,7.160290
2005-01-22,0.000000,Training,-0.520854,-0.361702,-0.273120,0.010324,0.297556,0.436909,0.752207,1.246426,2.381633,3.499455,7.163403
2005-01-23,0.000000,Training,-0.519724,-0.371779,-0.298867,-0.019285,0.258677,0.403398,0.697887,1.198417,2.274195,3.362500,6.840290
2005-01-24,0.000000,Training,-0.521163,-0.373082,-0.300542,-0.020454,0.258078,0.404927,0.698423,1.202097,2.281657,3.369728,6.842478
2005-01-25,0.000000,Training,-0.530351,-0.384105,-0.321877,-0.050051,0.213299,0.365422,0.636564,1.130008,2.151156,3.162185,6.393722
2005-01-26,0.000000,Training,-0.535494,-0.387488,-0.334508,-0.061751,0.193015,0.349186,0.609450,1.094888,2.100001,3.057188,6.152365
2005-01-27,0.000000,Training,-0.532862,-0.382865,-0.338624,-0.060386,0.191344,0.347683,0.606074,1.085424,2.097140,3.036237,6.076630
2005-01-28,0.000000,Training,-0.532490,-0.382647,-0.338173,-0.061176,0.189258,0.344375,0.602080,1.077903,2.085630,3.019878,6.046170
2005-01-29,0.000000,Training,-0.534472,-0.385747,-0.334084,-0.061881,0.189002,0.344319,0.602176,1.079567,2.081702,3.024186,6.082136
2005-01-30,0.000000,Training,-0.533598,-0.385904,-0.331876,-0.062631,0.189194,0.339981,0.599690,1.072851,2.067778,3.015627,6.071785
2005-01-31,0.000000,Training,,,,,,,,,,,
2005-02-01,0.000000,Training,-0.528137,-0.381148,-0.322674,-0.056056,0.197573,0.341687,0.607099,1.073060,2.071117,3.042209,6.142725
2005-02-02,0.000000,Training,-0.520120,-0.371013,-0.302830,-0.028082,0.240117,0.378199,0.665512,1.137155,2.192173,3.232496,6.549076
2005-02-03,0.000000,Training,-0.512454,-0.363917,-0.297901,-0.032152,0.224220,0.354055,0.633476,1.087173,2.111433,3.123218,6.371779
2005-02-04,0.000000,Training,-0.542089,-0.391934,-0.304989,-0.044651,0.186733,0.374039,0.639149,1.135242,2.292952,3.407805,7.359143
2005-02-05,0.000000,Training,-0.534148,-0.386083,-0.317325,-0.060175,0.184679,0.341370,0.603210,1.090430,2.155189,3.193835,6.611374
2005-02-06,0.000000,Training,-0.550176,-0.396872,-0.304028,-0.046674,0.186735,0.394079,0.652766,1.189472,2.415325,3.596856,7.782869
2005-02-07,0.000000,Training,-0.586447,-0.427949,-0.325741,-0.044304,0.212036,0.464469,0.763122,1.404078,3.030890,4.618165,10.145177
2005-02-08,0.000000,Training,-0.580382,-0.417024,-0.306950,-0.012017,0.295431,0.557260,0.877273,1.622319,3.311257,5.018893,10.521913
2005-02-09,0.000000,Training,-0.563780,-0.397647,-0.290567,0.030167,0.374719,0.599356,0.957823,1.672477,3.336546,4.988101,10.151589
2005-02-10,0.000000,Training,-0.563257,-0.389640,-0.272712,0.067037,0.432668,0.637215,1.024631,1.710498,3.364738,4.934260,10.030716
2005-02-11,0.000000,Training,-0.556533,-0.386645,-0.277204,0.058305,0.412240,0.594057,0.970608,1.596905,3.110012,4.526606,9.162489
2005-02-12,0.000000,Training,-0.553438,-0.384763,-0.278688,0.056314,0.406131,0.577227,0.950442,1.550816,3.004829,4.358644,8.806629
2005-02-13,0.000000,Training,-0.554387,-0.384968,-0.278405,0.056765,0.404567,0.570077,0.942580,1.528206,2.960443,4.281706,8.644783
2005-02-14,,,-0.419411,-0.015616,0.726917,1.446101,2.621627,3.701350,4.881588,7.631292,15.147113,22.828802,51.122536
2005-02-15,0.000000,Training,-0.546864,-0.385005,-0.291738,0.036100,0.369806,0.528775,0.881889,1.448476,2.787383,4.047213,8.142356
2005-02-16,0.000000,Training,-0.547500,-0.391657,-0.308946,0.007505,0.322525,0.482501,0.810858,1.359458,2.617164,3.807607,7.628310
2005-02-17,0.000000,Training,-0.548384,-0.394570,-0.319376,-0.012845,0.286911,0.445932,0.756530,1.287634,2.487696,3.617698,7.236805
2005-02-18,0.000000,Training,-0.546132,-0.392176,-0.318134,-0.013344,0.283690,0.439362,0.748699,1.271093,2.459470,3.578056,7.158625
2005-02-19,0.000000,Training,-0.543913,-0.389234,-0.314003,-0.007652,0.291518,0.443854,0.757961,1.276967,2.474368,3.602248,7.214718
2005-02-20,0.000000,Training,-0.542879,-0.385798,-0.306324,0.005894,0.313600,0.464093,0.790320,1.314260,2.549017,3.709387,7.445186
2005-02-21,0.000000,Training,-0.553134,-0.396769,-0.320049,-0.002915,0.307855,0.470291,0.791306,1.331291,2.568319,3.720626,7.421005
2005-02-22,0.000000,Training,-0.568507,-0.406296,-0.320180,0.025483,0.370519,0.562645,0.902313,1.511217,2.851936,4.078812,8.063280
2005-02-23,0.000000,Training,-0.545941,-0.381234,-0.290362,0.032998,0.351881,0.511375,0.853886,1.395589,2.719703,3.936428,7.967400
2005-02-24,0.000000,Training,-0.564277,-0.400783,-0.285375,0.054688,0.384161,0.604499,0.956073,1.586440,3.100866,4.498240,9.406122
2005-02-25,0.000000,Training,-0.557517,-0.399724,-0.313583,0.005926,0.322577,0.489228,0.823437,1.388223,2.738231,3.998257,8.112911
2005-02-26,0.000000,Training,-0.544372,-0.391659,-0.331718,-0.057477,0.193691,0.348277,0.613309,1.097017,2.209183,3.234328,6.562663
2005-02-27,0.000000,Training,-0.620176,-0.418079,-0.353205,-0.058021,0.178459,0.440074,0.738514,1.389549,3.267403,4.980691,11.093853
2005-02-28,0.000000,Training,-0.629652,-0.367797,-0.159095,0.451038,1.210002,2.057054,2.994422,5.473831,13.859589,21.996433,50.369884
2005-03-01,0.000000,Training,-0.491520,-0.159416,0.139091,0.985362,2.082987,3.219918,4.530660,7.787450,17.710049,27.222630,58.908840
2005-03-02,0.000000,Training,-0.434061,-0.048034,0.231251,1.072532,2.115490,3.154089,4.284944,7.237921,14.381757,21.250658,43.251595
2005-03-03,0.000000,Training,-0.449724,-0.080722,0.192614,0.969217,1.885934,2.819486,3.830914,6.279566,12.477002,18.123861,37.447788
2005-03-04,0.000000,Training,,,,,,,,,,,
2005-03-05,0.000000,Training,-0.467044,-0.153445,0.030908,0.655388,1.395066,1.941979,2.647801,4.162976,7.488717,10.573887,19.877205
2005-03-06,0.000000,Training,-0.479556,-0.188957,-0.000886,0.605153,1.318741,1.786076,2.464573,3.792579,6.774353,9.520868,17.940382
2005-03-07,0.000000,Training,-0.513088,-0.264311,-0.109628,0.418173,1.018772,1.381333,1.958544,3.002286,5.431922,7.612693,14.442156
2005-03-08,0.000000,Training,-0.531171,-0.301254,-0.157109,0.338538,0.893402,1.194089,1.743450,2.657060,4.900599,6.870902,13.199685
2005-03-09,0.000000,Training,-0.545309,-0.329049,-0.193589,0.277708,0.794766,1.059299,1.578688,2.412418,4.505680,6.318241,12.246768
2005-03-10,0.000000,Training,-0.568986,-0.359297,-0.187190,0.277347,0.773007,1.082369,1.613396,2.481341,4.853507,6.863791,14.176190
2005-03-11,0.000000,Training,-0.583474,-0.374175,-0.218343,0.246012,0.760519,1.014153,1.540090,2.389253,4.610225,6.499897,12.973584
2005-03-12,0.000000,Training,-0.598264,-0.387077,-0.197778,0.273430,0.789564,1.107587,1.622914,2.550443,4.944243,6.963699,14.209934
2005-03-13,0.000000,Training,-0.593003,-0.373737,-0.176105,0.326756,0.881209,1.199846,1.744713,2.706148,5.126997,7.168987,14.511800
2005-03-14,0.000000,Training,-0.589722,-0.367011,-0.179157,0.338228,0.923065,1.197308,1.760265,2.701176,5.013656,6.994734,13.855908
2005-03-15,0.000000,Training,-0.600146,-0.392746,-0.227280,0.243534,0.757514,1.000141,1.505715,2.331146,4.424999,6.210082,12.287643
2005-03-16,0.000000,Training,-0.596331,-0.382908,-0.193825,0.306465,0.859664,1.109464,1.634575,2.493341,4.595112,6.397867,12.580326
2005-03-17,0.000000,Training,-0.589134,-0.369873,-0.161453,0.362633,0.949124,1.199976,1.741061,2.629179,4.728078,6.556047,12.857286
2005-03-18,0.000000,Training,-0.607609,-0.412318,-0.261437,0.177074,0.640207,0.846223,1.302041,2.010174,3.815270,5.362521,10.638606
2005-03-19,0.000000,Training,-0.603145,-0.422386,-0.303142,0.069260,0.438809,0.607104,0.992932,1.557287,3.093354,4.411323,8.849743
2005-03-20,0.000000,Training,-0.594466,-0.417591,-0.300449,0.038884,0.357384,0.526755,0.872583,1.388513,2.820915,4.054029,8.318939
2005-03-21,0.000000,Training,-0.599085,-0.424281,-0.302621,0.026742,0.326321,0.501510,0.847164,1.350497,2.832288,4.112459,8.709031
2005-03-22,0.000000,Training,-0.577654,-0.401484,-0.306264,-0.005151,0.266268,0.402448,0.714026,1.163283,2.445216,3.583814,7.423563
2005-03-23,0.000000,Training,-0.641412,-0.446715,-0.331262,0.004196,0.287877,0.512540,0.885034,1.471316,3.448571,5.208812,11.522848
2005-03-24,0.000000,Training,-0.649552,-0.451361,-0.314729,0.059968,0.447186,0.729180,1.169067,2.012423,4.489333,6.861595,14.398812
2005-03-25,0.000000,Training,-0.639032,-0.441033,-0.290762,0.085008,0.457771,0.749514,1.168855,1.976320,4.345548,6.511256,13.906433
2005-03-26,0.000000,Training,-0.664292,-0.460731,-0.298916,0.117109,0.534538,0.865534,1.363913,2.273678,5.148800,7.747211,16.921911
2005-03-27,0.000000,Training,-0.647418,-0.435254,-0.286267,0.132764,0.561641,0.867926,1.340474,2.245126,4.794290,7.137946,15.006829
2005-03-28,0.000000,Training,-0.650827,-0.435455,-0.274321,0.176409,0.642404,0.970007,1.471233,2.411781,5.082867,7.477723,15.609362
2005-03-29,0.000000,Training,-0.637915,-0.427684,-0.294466,0.108605,0.519948,0.757741,1.201235,1.939127,4.021922,5.900772,11.982890
2005-03-30,0.000000,Training,-0.635595,-0.426575,-0.293318,0.121994,0.546173,0.769163,1.207676,1.894083,3.802230,5.476127,10.962070
2005-03-31,0.000000,Training,-0.626452,-0.428320,-0.304071,0.079843,0.455244,0.641983,1.036022,1.614346,3.245761,4.678324,9.411877
2005-04-01,0.000000,Training,-0.605676,-0.407541,-0.299278,0.057536,0.391931,0.559157,0.920344,1.433538,2.882349,4.137578,8.400517
2005-04-02,0.000000,Training,-0.599651,-0.397548,-0.293147,0.063656,0.394912,0.562298,0.923396,1.433628,2.866554,4.101303,8.385197
2005-04-03,0.000000,Training,-0.607019,-0.405828,-0.295159,0.062627,0.393241,0.568275,0.935055,1.452256,2.931256,4.213222,8.771873
2005-04-04,0.000000,Training,-0.609135,-0.403823,-0.298551,0.068672,0.412618,0.586671,0.956111,1.492330,2.969682,4.256952,8.723839
2005-04-05,0.000000,Training,-0.618146,-0.415012,-0.310862,0.062065,0.417816,0.580089,0.953761,1.476933,2.928576,4.207376,8.487685
2005-04-06,0.000000,Training,-0.621682,-0.413528,-0.305982,0.087435,0.466895,0.635823,1.026372,1.566256,3.051080,4.345351,8.683042
2005-04-07,0.000000,Training,-0.627465,-0.411851,-0.293370,0.130798,0.549447,0.730067,1.147283,1.716929,3.250425,4.576438,9.064384
2005-04-08,0.000000,Training,-0.630098,-0.412252,-0.288692,0.143356,0.572734,0.755450,1.177196,1.754087,3.276411,4.599686,9.125635
2005-04-09,0.000000,Training,-0.617649,-0.403214,-0.302042,0.099459,0.486688,0.644203,1.039450,1.562121,2.974626,4.205334,8.396673
2005-04-10,0.000000,Training,-0.620382,-0.399033,-0.293194,0.130569,0.547243,0.712956,1.128338,1.685287,3.146451,4.421318,8.779246
2005-04-11,0.000000,Training,-0.605131,-0.397354,-0.307063,0.045083,0.367713,0.496152,0.839937,1.267120,2.465971,3.538320,7.165104
2005-04-12,0.000000,Training,-0.615556,-0.399841,-0.302170,0.080645,0.442794,0.586873,0.959338,1.430698,2.715274,3.855212,7.722530
2005-04-13,0.000000,Training,-0.613649,-0.400285,-0.307524,0.065357,0.411107,0.548511,0.908277,1.362698,2.603812,3.711695,7.465102
2005-04-14,0.000000,Training,-0.582557,-0.366305,-0.295848,0.043136,0.346596,0.456271,0.788654,1.185639,2.300763,3.307671,6.705874
2005-04-15,0.000000,Training,-0.569520,-0.349955,-0.289647,0.042219,0.336273,0.436527,0.764510,1.149542,2.232570,3.218798,6.547102
2005-04-16,0.000000,Training,-0.553670,-0.335212,-0.284087,0.024591,0.286468,0.373892,0.675786,1.027362,2.021507,2.939334,6.048443
2005-04-17,0.000000,Training,-0.567094,-0.353886,-0.292027,0.008219,0.254597,0.347262,0.632003,0.968618,1.924212,2.811280,5.818160
2005-04-18,0.000000,Training,-0.565904,-0.347992,-0.287290,0.018557,0.267984,0.368502,0.656638,1.007548,1.991091,2.896768,6.012803
2005-04-19,0.000000,Training,-0.566635,-0.346804,-0.290341,0.019847,0.277692,0.370481,0.666680,1.013883,1.995935,2.905286,5.986620
2005-04-20,0.000000,Training,-0.573477,-0.353990,-0.293083,0.017102,0.274349,0.370298,0.663825,1.009048,1.980925,2.885995,5.950314
2005-04-21,0.000000,Training,-0.577309,-0.359068,-0.296443,0.011619,0.261557,0.358638,0.645312,0.984476,1.940454,2.835294,5.857116
2005-04-22,0.000000,Training,-0.567432,-0.351853,-0.291581,-0.003887,0.217644,0.304953,0.566929,0.873739,1.740532,2.568913,5.372543
2005-04-23,0.000000,Training,-0.552369,-0.333004,-0.284088,-0.003089,0.208884,0.287572,0.542903,0.841503,1.676694,2.477262,5.201561
2005-04-24,0.000000,Training,-0.551511,-0.330963,-0.282763,-0.004108,0.203824,0.280977,0.532974,0.826073,1.643220,2.431697,5.118295
2005-04-25,0.000000,Training,-0.553005,-0.332103,-0.282112,-0.007411,0.194702,0.271198,0.517687,0.803685,1.597661,2.372370,5.012372
2005-04-26,0.000000,Training,-0.557536,-0.339081,-0.282442,-0.014833,0.175609,0.252056,0.487233,0.759112,1.514885,2.266655,4.819153
2005-04-27,0.000000,Training,-0.559434,-0.348711,-0.277488,-0.020302,0.155108,0.231898,0.451494,0.703283,1.414113,2.135787,4.577541
2005-04-28,0.000000,Training,-0.559325,-0.343628,-0.278136,-0.019299,0.157969,0.233015,0.455067,0.709270,1.416384,2.138729,4.577472
2005-04-29,0.000000,Training,-0.558624,-0.344015,-0.275138,-0.018607,0.154791,0.229290,0.447869,0.695938,1.386613,2.096727,4.497101
2005-04-30,0.000000,Training,-0.548690,-0.322368,-0.273933,-0.014341,0.163882,0.233362,0.458727,0.715392,1.410602,2.124037,4.547534
2005-05-01,0.000000,Training,-0.543805,-0.316038,-0.270302,-0.015331,0.155916,0.222841,0.442059,0.691017,1.362302,2.057666,4.422101
2005-05-02,0.000000,Training,-0.540691,-0.315560,-0.264753,-0.021123,0.134681,0.199849,0.403445,0.635531,1.259727,1.922207,4.170665
2005-05-03,0.000000,Training,-0.541495,-0.320690,-0.261376,-0.021744,0.127123,0.193621,0.389735,0.614033,1.220607,1.870522,4.069378
2005-05-04,0.000000,Training,-0.533457,-0.330106,-0.249942,-0.017258,0.123688,0.194421,0.379578,0.590702,1.187311,1.821802,3.971735
2005-05-05,0.000000,Training,-0.526008,-0.334962,-0.243337,-0.014863,0.122885,0.196758,0.375441,0.579981,1.173548,1.801685,3.930089
2005-05-06,0.000000,Training,-0.543412,-0.320243,-0.257254,-0.018557,0.128827,0.196038,0.391236,0.611569,1.201657,1.845702,4.018962
2005-05-07,0.000000,Training,-0.526541,-0.298742,-0.247903,-0.021332,0.110305,0.169585,0.350069,0.554441,1.092670,1.690189,3.729785
2005-05-08,0.000000,Training,-0.512725,-0.287392,-0.236765,-0.022172,0.095123,0.150480,0.315793,0.505162,1.004672,1.566444,3.503355
2005-05-09,0.000000,Training,-0.509788,-0.281231,-0.234854,-0.023219,0.089126,0.143054,0.303600,0.490569,0.975023,1.526322,3.432134
2005-05-10,0.000000,Training,-0.511513,-0.267787,-0.234916,-0.020556,0.090204,0.148058,0.309677,0.506571,0.991791,1.547437,3.517009
2005-05-11,0.000000,Training,-0.515904,-0.268399,-0.234789,-0.025696,0.073301,0.133227,0.289241,0.475176,0.948380,1.490726,3.481648
2005-05-12,0.000000,Training,-0.561508,-0.292023,-0.241735,-0.026125,0.059801,0.164740,0.325702,0.525418,1.120464,1.726696,4.255847
2005-05-13,0.000000,Training,-0.550685,-0.283068,-0.232602,-0.020791,0.078568,0.187142,0.347885,0.620194,1.253484,2.021712,4.691741
2005-05-14,0.000000,Training,-0.550223,-0.277501,-0.235355,-0.003971,0.115293,0.218284,0.393653,0.687616,1.379527,2.196417,4.923814
2005-05-15,0.000000,Training,-0.544530,-0.269687,-0.228485,0.002689,0.118757,0.211511,0.383808,0.655748,1.293907,2.040390,4.591648
2005-05-16,0.000000,Training,-0.551885,-0.274061,-0.231576,0.014510,0.137853,0.237813,0.426832,0.706469,1.401462,2.181294,4.982784
2005-05-17,0.000000,Training,-0.538715,-0.275366,-0.234751,-0.009336,0.098035,0.171633,0.338750,0.569856,1.127086,1.776715,4.039825
2005-05-18,0.000000,Training,-0.538738,-0.290937,-0.232699,-0.011178,0.089901,0.165004,0.323561,0.536093,1.068530,1.683097,3.821954
2005-05-19,0.000000,Training,-0.526835,-0.342937,-0.233416,-0.006778,0.093218,0.194164,0.342276,0.557862,1.202396,1.880677,4.220182
2005-05-20,0.000000,Training,-0.502382,-0.335260,-0.224754,-0.014221,0.082911,0.174539,0.307351,0.500433,1.079515,1.692797,3.844307
2005-05-21,0.000000,Training,-0.502977,-0.310246,-0.218095,-0.010846,0.077342,0.155844,0.292799,0.477654,1.016519,1.594836,3.663448
2005-05-22,0.000000,Training,-0.505821,-0.252965,-0.220436,-0.020215,0.060839,0.115944,0.252551,0.428838,0.849977,1.360248,3.204603
2005-05-23,0.000000,Training,-0.492845,-0.264610,-0.210941,-0.017688,0.058253,0.116711,0.244103,0.406417,0.826592,1.316691,3.110280
2005-05-24,0.000000,Training,-0.470308,-0.288197,-0.204022,-0.017336,0.061401,0.129103,0.245932,0.401421,0.851291,1.344851,3.144448
2005-05-25,0.000000,Training,-0.473162,-0.296062,-0.207595,-0.018255,0.064253,0.134832,0.253694,0.412678,0.873338,1.377654,3.197210
2005-05-26,0.000000,Training,-0.479810,-0.279970,-0.207516,-0.017130,0.060489,0.123711,0.246550,0.403305,0.839090,1.329293,3.108744
2005-05-27,0.000000,Training,-0.469063,-0.283404,-0.204954,-0.018232,0.059248,0.123580,0.241056,0.391825,0.825366,1.306254,3.054613
2005-05-28,0.000000,Training,-0.460163,-0.297402,-0.206682,-0.022782,0.063089,0.134222,0.245148,0.394959,0.832070,1.314048,3.054059
2005-05-29,0.000000,Training,-0.462423,-0.285019,-0.203962,-0.019884,0.057621,0.123354,0.235951,0.383268,0.811248,1.286411,3.010585
2005-05-30,0.000000,Training,-0.500014,-0.276165,-0.205827,-0.017342,0.036548,0.123673,0.238148,0.378848,0.861130,1.321567,3.435981
2005-05-31,0.000000,Training,-0.440216,-0.277869,-0.184443,-0.038003,0.012473,0.093062,0.165345,0.302673,0.685819,1.137753,2.824807
2005-06-01,0.000000,Training,-0.429448,-0.265264,-0.174663,-0.036869,0.008065,0.081600,0.141944,0.273863,0.633970,1.056796,2.685710
2005-06-02,0.000000,Training,-0.436566,-0.267904,-0.183173,-0.031329,0.021998,0.087934,0.162168,0.296161,0.668966,1.095199,2.716193
2005-06-03,0.000000,Training,-0.415800,-0.262028,-0.182937,-0.042193,0.018376,0.076045,0.140948,0.262617,0.588860,0.978377,2.468387
2005-06-04,0.000000,Training,-0.398698,-0.246915,-0.176214,-0.046274,0.007140,0.055743,0.110191,0.220598,0.509781,0.865410,2.254597
2005-06-05,0.000000,Training,-0.382153,-0.236127,-0.175183,-0.055163,-0.001261,0.040778,0.087095,0.188443,0.435289,0.763497,2.062758
2005-06-06,0.000000,Training,-0.373688,-0.228554,-0.172104,-0.057166,-0.007463,0.030054,0.070979,0.166297,0.397349,0.711587,1.971919
2005-06-07,0.000000,Training,-0.378892,-0.228432,-0.169328,-0.049819,-0.008170,0.029348,0.071929,0.167102,0.419846,0.740676,2.031424
2005-06-08,0.000000,Training,-0.379978,-0.228165,-0.169479,-0.049060,-0.008894,0.028696,0.072236,0.167261,0.422672,0.744529,2.038468
2005-06-09,0.000000,Training,-0.383100,-0.227118,-0.168827,-0.046368,-0.008961,0.028639,0.074568,0.170118,0.432644,0.758054,2.065073
2005-06-10,0.000000,Training,-0.367671,-0.218454,-0.165092,-0.054537,-0.019482,0.013549,0.047925,0.135166,0.364795,0.665521,1.905387
2005-06-11,0.000000,Training,-0.367871,-0.212411,-0.160368,-0.050107,-0.022161,0.008634,0.042364,0.127272,0.360466,0.659554,1.904911
2005-06-12,0.000000,Training,-0.379222,-0.195200,-0.155430,-0.039047,-0.021528,0.002193,0.045164,0.129356,0.367314,0.672324,1.942242
2005-06-13,0.000000,Training,-0.385070,-0.182974,-0.152465,-0.036004,-0.024654,-0.003014,0.040077,0.123681,0.351178,0.651290,1.922583
2005-06-14,0.000000,Training,-0.372806,-0.194068,-0.152472,-0.041699,-0.026645,-0.002818,0.034777,0.115715,0.346679,0.643263,1.898061
2005-06-15,0.000000,Training,-0.358195,-0.208262,-0.158692,-0.057552,-0.030754,-0.002323,0.023632,0.103150,0.314187,0.597243,1.800300
2005-06-16,0.000000,Training,-0.348930,-0.206259,-0.167348,-0.069798,-0.029445,-0.004040,0.024119,0.102648,0.278118,0.552698,1.696434
2005-06-17,0.000000,Training,-0.348525,-0.206517,-0.169184,-0.069840,-0.028486,-0.004219,0.025088,0.103029,0.278301,0.553344,1.690974
2005-06-18,0.000000,Training,-0.339307,-0.197666,-0.162724,-0.069392,-0.034465,-0.015147,0.007640,0.079623,0.244858,0.507250,1.612926
2005-06-19,0.000000,Validation,-0.337403,-0.195767,-0.163491,-0.071193,-0.035171,-0.016881,0.006315,0.077536,0.236553,0.496732,1.592107
2005-06-20,0.000000,Validation,-0.333182,-0.190264,-0.166717,-0.075721,-0.034903,-0.019468,0.007649,0.078104,0.219702,0.476719,1.545407
2005-06-21,0.000000,Validation,-0.333809,-0.191901,-0.165095,-0.074357,-0.036399,-0.020386,0.003886,0.073669,0.221249,0.477484,1.552533
2005-06-22,0.000000,Validation,-0.339930,-0.197265,-0.159484,-0.067369,-0.039522,-0.020651,-0.001894,0.067574,0.240948,0.500041,1.612262
2005-06-23,0.000000,Validation,-0.344254,-0.198214,-0.157364,-0.063684,-0.040983,-0.021129,-0.002162,0.067588,0.253572,0.516115,1.650146
2005-06-24,0.000000,Validation,-0.345894,-0.198618,-0.157068,-0.063371,-0.042081,-0.021707,-0.002537,0.067405,0.256319,0.519737,1.660783
2005-06-25,0.000000,Validation,-0.352320,-0.195517,-0.154019,-0.056854,-0.041758,-0.022247,0.001068,0.071449,0.274241,0.544341,1.713618
2005-06-26,0.000000,Validation,-0.355611,-0.192954,-0.152779,-0.054403,-0.042006,-0.023359,0.002357,0.072812,0.279570,0.552365,1.733201
2005-06-27,0.000000,Validation,-0.359809,-0.189107,-0.151428,-0.051804,-0.042098,-0.024953,0.003730,0.074361,0.283839,0.559480,1.752410
2005-06-28,0.000000,Validation,-0.358122,-0.191033,-0.151717,-0.053687,-0.043341,-0.025339,0.001625,0.071940,0.280101,0.553948,1.742778
2005-06-29,0.000000,Validation,-0.356425,-0.193067,-0.152157,-0.055722,-0.044390,-0.025610,-0.000400,0.069657,0.276074,0.548052,1.731913
2005-06-30,0.000000,Validation,-0.352363,-0.196808,-0.153997,-0.060338,-0.046014,-0.025992,-0.004374,0.065088,0.265445,0.532918,1.701035
2005-07-01,0.000000,Training,-0.344812,-0.199617,-0.157801,-0.068936,-0.047593,-0.027218,-0.010326,0.057957,0.239808,0.498232,1.630134
2005-07-02,0.000000,Training,-0.338410,-0.197409,-0.161747,-0.075674,-0.047208,-0.028911,-0.011831,0.055360,0.216677,0.468999,1.565689
2005-07-03,0.000000,Training,-0.337667,-0.197263,-0.163115,-0.076703,-0.046946,-0.029452,-0.011626,0.055211,0.214108,0.466107,1.556571
2005-07-04,0.000000,Training,-0.342369,-0.199757,-0.160376,-0.072214,-0.048387,-0.029871,-0.013150,0.053663,0.228954,0.484431,1.598921
2005-07-05,0.000000,Training,-0.339935,-0.199089,-0.162135,-0.075433,-0.048624,-0.030670,-0.013763,0.052646,0.219324,0.472394,1.573418
2005-07-06,0.000000,Training,-0.338009,-0.198037,-0.163797,-0.078082,-0.048544,-0.031357,-0.013613,0.052552,0.211621,0.462999,1.552409
2005-07-07,0.000000,Training,-0.340230,-0.199739,-0.162645,-0.076408,-0.049540,-0.031831,-0.014950,0.051120,0.217833,0.470607,1.570767
2005-07-08,0.000000,Training,-0.346310,-0.201540,-0.160024,-0.071507,-0.050778,-0.032295,-0.014580,0.051940,0.236399,0.494710,1.624020
2005-07-09,0.000000,Training,-0.346881,-0.202144,-0.160164,-0.072200,-0.051615,-0.032764,-0.015129,0.051459,0.236231,0.494564,1.625867
2005-07-10,0.000000,Training,-0.345116,-0.202500,-0.161209,-0.074861,-0.052256,-0.033481,-0.016677,0.049610,0.228562,0.484504,1.606337
2005-07-11,0.000000,Training,-0.346322,-0.203151,-0.161112,-0.074599,-0.052821,-0.034070,-0.016929,0.049377,0.231245,0.488193,1.614803
2005-07-12,0.000000,Training,-0.344838,-0.203309,-0.162115,-0.076627,-0.053326,-0.034894,-0.018151,0.047752,0.225170,0.480334,1.598838
2005-07-13,0.000000,Training,-0.343077,-0.202967,-0.163016,-0.078706,-0.053773,-0.035825,-0.019394,0.046042,0.218124,0.471186,1.580542
2005-07-14,0.000000,Training,-0.343810,-0.203517,-0.162902,-0.078716,-0.054611,-0.036855,-0.020437,0.044766,0.219109,0.472497,1.584805
2005-07-15,0.000000,Training,-0.339902,-0.201705,-0.164818,-0.082383,-0.054644,-0.038111,-0.021502,0.042868,0.205334,0.454978,1.547385
2005-07-16,0.000000,Training,-0.339574,-0.201750,-0.165138,-0.083272,-0.055322,-0.039211,-0.022711,0.041304,0.202777,0.451698,1.541744
2005-07-17,0.000000,Training,-0.344493,-0.204588,-0.163324,-0.080324,-0.057050,-0.040117,-0.023863,0.040527,0.216693,0.469563,1.583167
2005-07-18,0.000000,Training,-0.343766,-0.204876,-0.164145,-0.082063,-0.057779,-0.040914,-0.024866,0.039355,0.212595,0.464298,1.573511
2005-07-19,0.000000,Training,-0.337691,-0.201198,-0.167811,-0.087656,-0.056580,-0.041579,-0.023823,0.039728,0.192692,0.439472,1.516484
2005-07-20,0.000000,Training,-0.333878,-0.196725,-0.171179,-0.091285,-0.055054,-0.042527,-0.020685,0.042501,0.180642,0.425642,1.479356
2005-07-21,0.000000,Training,-0.333195,-0.196096,-0.172042,-0.092105,-0.054886,-0.043178,-0.020323,0.042590,0.178512,0.423375,1.472471
2005-07-22,0.000000,Training,-0.343715,-0.207050,-0.166246,-0.085074,-0.058975,-0.042985,-0.026312,0.037663,0.210220,0.461842,1.568079
2005-07-23,0.000000,Training,-0.342987,-0.207274,-0.167293,-0.086994,-0.059557,-0.043508,-0.026667,0.037329,0.206384,0.457033,1.559075
2005-07-24,0.000000,Training,-0.347973,-0.210483,-0.166546,-0.085523,-0.061077,-0.043953,-0.026448,0.038669,0.220227,0.475253,1.600811
2005-07-25,0.000000,Training,-0.350296,-0.211976,-0.166500,-0.085218,-0.061808,-0.044351,-0.025961,0.039730,0.226819,0.484312,1.621172
2005-07-26,0.000000,Training,-0.359486,-0.213718,-0.165502,-0.081694,-0.062532,-0.045257,-0.021026,0.046914,0.253873,0.522797,1.703687
2005-07-27,0.000000,Training,-0.383851,-0.224656,-0.163066,-0.076412,-0.065940,-0.036441,-0.006408,0.066091,0.305290,0.593515,1.937294
2005-07-28,0.000000,Training,-0.362054,-0.216650,-0.164557,-0.084278,-0.065710,-0.045456,-0.021865,0.047547,0.256633,0.527567,1.728343
2005-07-29,0.000000,Training,-0.362759,-0.218686,-0.165669,-0.085661,-0.064936,-0.045054,-0.021156,0.049059,0.259676,0.532024,1.734582
2005-07-30,0.000000,Training,-0.359821,-0.221882,-0.170243,-0.087969,-0.063515,-0.043158,-0.020297,0.049735,0.255166,0.524746,1.707207
2005-07-31,0.000000,Training,-0.355540,-0.221553,-0.171902,-0.090692,-0.062773,-0.042672,-0.021409,0.047859,0.242757,0.507195,1.668183
2005-08-01,0.000000,Training,-0.359027,-0.223981,-0.172531,-0.090014,-0.062806,-0.042594,-0.019008,0.051406,0.255653,0.525042,1.703963
2005-08-02,0.000000,Training,-0.348250,-0.218023,-0.175901,-0.095624,-0.060516,-0.042447,-0.019765,0.048300,0.221933,0.480244,1.603061
2005-08-03,0.000000,Training,-0.348626,-0.218827,-0.176247,-0.095917,-0.060451,-0.042545,-0.019427,0.048842,0.224071,0.483125,1.608642
2005-08-04,0.000000,Training,-0.345875,-0.216377,-0.178106,-0.097723,-0.059317,-0.042864,-0.017656,0.050124,0.216777,0.474539,1.585345
2005-08-05,0.000000,Training,-0.348126,-0.219126,-0.177252,-0.096992,-0.060286,-0.042728,-0.018503,0.049888,0.224447,0.483908,1.609041
2005-08-06,0.000000,Training,-0.346827,-0.218283,-0.178238,-0.098242,-0.060054,-0.043389,-0.018047,0.050068,0.221108,0.480159,1.598997
2005-08-07,0.000000,Validation,-0.341911,-0.211855,-0.181106,-0.101366,-0.058238,-0.044411,-0.014614,0.052820,0.206116,0.462714,1.553801
2005-08-08,0.000000,Validation,-0.349663,-0.221983,-0.177403,-0.097751,-0.061311,-0.043815,-0.018951,0.049929,0.231848,0.493882,1.632142
2005-08-09,0.000000,Validation,-0.368390,-0.231468,-0.173906,-0.091565,-0.064047,-0.043085,-0.010570,0.064806,0.297215,0.583546,1.832324
2005-08-10,0.000000,Validation,-0.364894,-0.230918,-0.174010,-0.093562,-0.064993,-0.044184,-0.013978,0.060126,0.285268,0.566496,1.798447
2005-08-11,0.000000,Validation,-0.358826,-0.228914,-0.174378,-0.096255,-0.065125,-0.045308,-0.018580,0.053348,0.263863,0.536704,1.736069
2005-08-12,0.000000,Validation,-0.353964,-0.226838,-0.175851,-0.098366,-0.064150,-0.045062,-0.019612,0.051052,0.248189,0.515618,1.688734
2005-08-13,0.000000,Validation,-0.348745,-0.222890,-0.177216,-0.100156,-0.062586,-0.045250,-0.019166,0.050127,0.233129,0.496377,1.643486
2005-08-14,0.000000,Validation,-0.345013,-0.219232,-0.178024,-0.101378,-0.061452,-0.045876,-0.018434,0.049789,0.223060,0.484133,1.614554
2005-08-15,0.000000,Validation,-0.346017,-0.220698,-0.174801,-0.100657,-0.064434,-0.048650,-0.024047,0.043995,0.225571,0.485661,1.629167
2005-08-16,0.000000,Validation,-0.359860,-0.228304,-0.167638,-0.093978,-0.066353,-0.037635,-0.016235,0.057683,0.264859,0.533044,1.780463
2005-08-17,0.000000,Validation,-0.351340,-0.225160,-0.172396,-0.100250,-0.066987,-0.049256,-0.024086,0.046094,0.244092,0.510350,1.691940
2005-08-18,0.000000,Validation,-0.346140,-0.221045,-0.172789,-0.101818,-0.065560,-0.049108,-0.024753,0.044098,0.227607,0.488675,1.643790
2005-08-19,0.000000,Validation,-0.350040,-0.224820,-0.172651,-0.100494,-0.066087,-0.048538,-0.023166,0.047318,0.244275,0.510777,1.690757
2005-08-20,0.000000,Validation,-0.348218,-0.223762,-0.172774,-0.101067,-0.065734,-0.049103,-0.023449,0.046507,0.240346,0.505932,1.679123
2005-08-21,0.000000,Validation,-0.349190,-0.224558,-0.171964,-0.100779,-0.065920,-0.049074,-0.022922,0.047706,0.246037,0.513633,1.697106
2005-08-22,0.000000,Validation,-0.347032,-0.222958,-0.171709,-0.101085,-0.065420,-0.048985,-0.023137,0.047020,0.240544,0.506428,1.681893
2005-08-23,0.000000,Validation,-0.340529,-0.217064,-0.172662,-0.102543,-0.063604,-0.049621,-0.023298,0.044825,0.220547,0.481084,1.623285
2005-08-24,0.000000,Validation,-0.340601,-0.217376,-0.172000,-0.102222,-0.063464,-0.049516,-0.023141,0.045241,0.223062,0.484507,1.631370
2005-08-25,0.000000,Validation,-0.344523,-0.221296,-0.170360,-0.101033,-0.064507,-0.049353,-0.022892,0.047087,0.239138,0.505446,1.679930
2005-08-26,0.000000,Validation,-0.346227,-0.222502,-0.168942,-0.100403,-0.064978,-0.049362,-0.022367,0.048596,0.247754,0.517007,1.707407
2005-08-27,0.000000,Validation,-0.344855,-0.221301,-0.168057,-0.100504,-0.064868,-0.049668,-0.022977,0.047681,0.244594,0.512940,1.700097
2005-08-28,0.000000,Validation,-0.339296,-0.216394,-0.168277,-0.101558,-0.063750,-0.050249,-0.024410,0.044260,0.225711,0.488205,1.645542
2005-08-29,0.000000,Validation,-0.341851,-0.218794,-0.167081,-0.100893,-0.064251,-0.049981,-0.023789,0.046281,0.236978,0.503148,1.679256
2005-08-30,0.000000,Validation,-0.341570,-0.218589,-0.166512,-0.100756,-0.064079,-0.049897,-0.023522,0.046771,0.238175,0.504949,1.683156
2005-08-31,0.000000,Validation,-0.343628,-0.220100,-0.165307,-0.100189,-0.064360,-0.049615,-0.022363,0.049334,0.248566,0.519122,1.714720
2005-09-01,0.000000,Validation,-0.345561,-0.221259,-0.164119,-0.099607,-0.064484,-0.049371,-0.020722,0.052458,0.259399,0.534280,1.747835
2005-09-02,0.000000,Validation,-0.341790,-0.218414,-0.163740,-0.099974,-0.063855,-0.049551,-0.022601,0.048975,0.245851,0.515895,1.709116
2005-09-03,0.000000,Validation,-0.336013,-0.213352,-0.164292,-0.100825,-0.062356,-0.049902,-0.023970,0.045186,0.225314,0.489004,1.649368
2005-09-04,0.000000,Validation,-0.329065,-0.205583,-0.165174,-0.102189,-0.060832,-0.051609,-0.024783,0.041762,0.201703,0.458975,1.581099
2005-09-05,0.000000,Validation,-0.345102,-0.219354,-0.159679,-0.097925,-0.063627,-0.047482,-0.018816,0.056575,0.267068,0.544711,1.776352
2005-09-06,0.000000,Validation,-0.363709,-0.225172,-0.151655,-0.092744,-0.064196,-0.037902,0.001860,0.090704,0.347704,0.658271,2.058486
2005-09-07,0.000000,Validation,-0.360151,-0.223647,-0.150235,-0.093131,-0.065154,-0.038042,-0.002889,0.083963,0.331133,0.633561,2.008850
2005-09-08,0.000000,Validation,-0.349853,-0.220601,-0.155231,-0.098501,-0.064309,-0.047927,-0.012752,0.068353,0.298072,0.592805,1.882940
2005-09-09,0.000000,Validation,-0.353189,-0.222499,-0.155780,-0.097914,-0.062936,-0.046270,-0.006747,0.078050,0.319248,0.624601,1.944646
2005-09-10,0.000000,Validation,-0.354443,-0.222675,-0.156165,-0.097841,-0.061843,-0.046554,-0.002402,0.084785,0.334115,0.648317,1.988457
2005-09-11,0.000000,Validation,-0.355380,-0.221402,-0.154651,-0.098074,-0.060894,-0.046807,0.001556,0.091510,0.347531,0.670621,2.034970
2005-09-12,0.000000,Validation,-0.347923,-0.218603,-0.153524,-0.096373,-0.061134,-0.046167,-0.008407,0.074522,0.309081,0.610148,1.910851
2005-09-13,0.000000,Validation,-0.345416,-0.217404,-0.153097,-0.096143,-0.060585,-0.045771,-0.010923,0.070310,0.297396,0.592808,1.875359
2005-09-14,0.000000,Validation,-0.343421,-0.216227,-0.152379,-0.095383,-0.060087,-0.043843,-0.012920,0.066961,0.285579,0.574057,1.840918
2005-09-15,0.000000,Validation,-0.343687,-0.215641,-0.150969,-0.094458,-0.059449,-0.041997,-0.011523,0.069201,0.288373,0.577156,1.851399
2005-09-16,0.000000,Validation,-0.358576,-0.220770,-0.143157,-0.089148,-0.059490,-0.030639,0.005567,0.096940,0.349600,0.661996,2.082136
2005-09-17,0.000000,Validation,-0.349514,-0.217231,-0.149594,-0.095952,-0.057942,-0.043261,0.001017,0.090391,0.337039,0.654346,2.005906
2005-09-18,0.000000,Validation,-0.349004,-0.215926,-0.148057,-0.095357,-0.056731,-0.041971,0.002485,0.092744,0.340512,0.659930,2.016381
2005-09-19,0.000000,Validation,-0.348371,-0.215589,-0.148515,-0.094523,-0.055618,-0.041296,0.004104,0.094698,0.344059,0.665607,2.022193
2005-09-20,0.000000,Validation,-0.347833,-0.214436,-0.147395,-0.094168,-0.054705,-0.040759,0.005660,0.097102,0.347794,0.671750,2.034415
2005-09-21,0.000000,Validation,-0.345196,-0.213050,-0.146493,-0.093271,-0.054417,-0.040327,0.002626,0.091625,0.335341,0.652056,1.994469
2005-09-22,0.000000,Validation,-0.343447,-0.211791,-0.145541,-0.092657,-0.053849,-0.039975,0.001294,0.089106,0.328957,0.642324,1.975269
2005-09-23,0.000000,Validation,-0.341049,-0.210434,-0.144773,-0.091992,-0.053284,-0.039646,-0.001279,0.084331,0.317480,0.624781,1.940205
2005-09-24,0.000000,Validation,-0.341685,-0.209741,-0.143434,-0.091347,-0.051938,-0.038228,0.002385,0.089989,0.328053,0.640778,1.972930
2005-09-25,0.000000,Validation,-0.342121,-0.207960,-0.141788,-0.091751,-0.051332,-0.038599,0.006445,0.097230,0.342491,0.664287,2.020551
2005-09-26,0.000000,Validation,-0.337001,-0.205444,-0.141078,-0.091344,-0.052677,-0.039944,-0.002518,0.082428,0.311214,0.616055,1.923864
2005-09-27,0.000000,Validation,-0.335825,-0.204625,-0.140602,-0.091057,-0.052202,-0.039482,-0.003287,0.080937,0.306696,0.609290,1.909833
2005-09-28,0.000000,Validation,-0.335295,-0.204371,-0.140502,-0.090818,-0.051554,-0.038763,-0.002942,0.081158,0.305853,0.607771,1.905666
2005-09-29,0.000000,Validation,-0.332638,-0.203164,-0.140911,-0.090815,-0.051402,-0.038741,-0.006511,0.074655,0.289599,0.583341,1.854617
2005-09-30,0.000000,Validation,-0.330313,-0.202007,-0.141739,-0.091137,-0.051228,-0.038819,-0.009311,0.069461,0.275246,0.562268,1.809931
2005-10-01,0.000000,Training,-0.329636,-0.201497,-0.141791,-0.091027,-0.050629,-0.038430,-0.008984,0.069595,0.274044,0.560495,1.804820
2005-10-02,0.000000,Training,-0.331256,-0.201914,-0.140628,-0.090282,-0.049722,-0.037009,-0.004521,0.077062,0.291004,0.584903,1.853611
2005-10-03,0.000000,Training,-0.335011,-0.201434,-0.137694,-0.089385,-0.047577,-0.034718,0.007941,0.097986,0.335522,0.652312,1.988723
2005-10-04,0.000000,Training,-0.336001,-0.198730,-0.134969,-0.089508,-0.045726,-0.033307,0.017186,0.113757,0.365118,0.700213,2.085109
2005-10-05,0.000000,Training,-0.332194,-0.196729,-0.133780,-0.088877,-0.047289,-0.034722,0.010198,0.102305,0.342657,0.665284,2.015098
2005-10-06,0.000000,Training,-0.332157,-0.196224,-0.132969,-0.088517,-0.046396,-0.033351,0.012602,0.106249,0.349128,0.675451,2.034239
2005-10-07,0.000000,Training,-0.334459,-0.194700,-0.130770,-0.088539,-0.043904,-0.029750,0.023211,0.124578,0.381548,0.726667,2.139324
2005-10-08,0.000000,Training,-0.332080,-0.195440,-0.131342,-0.087102,-0.044315,-0.029552,0.017390,0.113295,0.360380,0.691533,2.064260
2005-10-09,0.000000,Training,-0.360350,-0.210525,-0.123347,-0.082462,-0.049066,-0.012536,0.039503,0.143612,0.434415,0.800375,2.452207
2005-10-10,0.000000,Training,-0.463666,-0.220626,-0.170977,-0.078608,-0.043717,0.048022,0.127850,0.271903,0.782622,1.304255,3.993532
2005-10-11,0.000000,Training,-0.517433,-0.324689,-0.145391,-0.013408,0.081751,0.307060,0.469743,0.812872,2.057888,3.462240,9.825013
2005-10-12,0.000000,Training,-0.516620,-0.276618,-0.085059,0.100635,0.253454,0.525683,0.785552,1.255700,3.082262,5.111495,14.273503
2005-10-13,0.000000,Training,-0.410738,-0.178562,-0.014609,0.066423,0.214809,0.388189,0.570815,0.969290,1.952298,3.271186,7.687954
2005-10-14,0.000000,Training,-0.395074,-0.180898,-0.050497,0.021197,0.154425,0.269701,0.415982,0.716050,1.421206,2.352702,5.504411
2005-10-15,0.000000,Training,-0.388439,-0.193377,-0.085749,-0.013322,0.104960,0.188766,0.317917,0.554365,1.117372,1.838308,4.333274
2005-10-16,0.000000,Training,-0.378904,-0.197957,-0.098011,-0.027147,0.080893,0.151279,0.269718,0.469837,0.972074,1.595688,3.812004
2005-10-17,0.000000,Training,-0.410518,-0.228237,-0.096453,-0.016822,0.069815,0.173019,0.293828,0.491134,1.079680,1.747026,4.472839
2005-10-18,0.000000,Training,-0.387708,-0.209671,-0.095776,-0.017927,0.083427,0.168930,0.292141,0.497709,1.043467,1.690962,4.088940
2005-10-19,0.000000,Training,-0.377156,-0.195820,-0.094492,-0.016092,0.100550,0.173862,0.307831,0.511851,1.056093,1.715871,4.054896
2005-10-20,0.000000,Training,-0.415002,-0.237404,-0.102375,-0.008624,0.085799,0.194866,0.328687,0.527322,1.156119,1.845716,4.628680
2005-10-21,0.000000,Training,-0.386915,-0.215304,-0.110350,-0.022415,0.094452,0.167858,0.309004,0.506458,1.058386,1.708846,4.025628
2005-10-22,0.000000,Training,-0.415238,-0.236357,-0.095463,-0.001249,0.097982,0.212792,0.351172,0.559994,1.214831,1.933273,4.814651
2005-10-23,0.000000,Training,-0.395884,-0.223522,-0.114525,-0.016078,0.109644,0.189290,0.343529,0.549479,1.139952,1.823667,4.228341
2005-10-24,0.000000,Training,-0.391656,-0.214575,-0.107953,-0.010814,0.120259,0.199677,0.356304,0.564674,1.158706,1.847563,4.259632
2005-10-25,0.000000,Training,-0.394817,-0.219365,-0.116645,-0.011449,0.123266,0.200400,0.364241,0.568478,1.162687,1.842307,4.208161
2005-10-26,0.000000,Training,-0.395954,-0.226817,-0.119236,-0.012268,0.115525,0.196265,0.354323,0.554489,1.141581,1.802377,4.137515
2005-10-27,0.000000,Training,-0.515737,-0.270265,-0.174368,0.048199,0.156478,0.326963,0.542126,0.820503,2.043489,3.080949,8.214612
2005-10-28,0.000000,Training,-0.633939,-0.341209,-0.025276,0.788435,1.313845,2.367949,3.447587,5.748397,17.974293,27.239298,73.425583
2005-10-29,0.000000,Training,-0.338628,0.044754,0.461425,0.890076,1.520082,2.280101,3.209076,4.792819,10.231030,17.022181,38.552219
2005-10-30,0.000000,Training,-0.532788,-0.173716,0.059964,0.570384,0.972580,1.506913,2.268221,3.383676,8.648529,13.467373,36.256355
2005-10-31,0.000000,Training,-0.401088,-0.074501,0.210552,0.477014,0.874713,1.289225,1.877735,2.832484,5.623588,9.217615,20.276594
2005-11-01,0.000000,Training,-0.405449,-0.142771,0.069308,0.246285,0.519442,0.750699,1.115068,1.657549,3.201247,5.094717,10.962491
2005-11-02,0.000000,Training,-0.411054,-0.185312,-0.026460,0.114961,0.321351,0.467160,0.730252,1.092800,2.097385,3.293122,7.150205
2005-11-03,0.000000,Training,-0.491035,-0.259011,-0.095483,0.104079,0.289579,0.478277,0.789386,1.150204,2.562711,4.057761,9.863941
2005-11-04,0.000000,Training,-0.425233,-0.193288,-0.036750,0.127081,0.351756,0.509791,0.826092,1.234206,2.427262,3.892664,8.565562
2005-11-05,0.000000,Training,-0.394971,-0.156236,-0.019932,0.130705,0.350742,0.494284,0.781549,1.150550,2.211922,3.488429,7.603201
2005-11-06,0.000000,Training,-0.399962,-0.179954,-0.063239,0.083669,0.287119,0.403781,0.663582,0.976100,1.869857,2.901052,6.352568
2005-11-07,0.000000,Training,-0.404307,-0.201142,-0.089212,0.055472,0.246952,0.356438,0.599423,0.884936,1.710799,2.639374,5.797134
2005-11-08,0.000000,Training,-0.402624,-0.211969,-0.099682,0.038593,0.213728,0.323247,0.545767,0.816651,1.592589,2.455091,5.412689
2005-11-09,0.000000,Training,-0.405790,-0.211305,-0.115412,0.039506,0.232239,0.337912,0.582275,0.864349,1.667091,2.559869,5.610795
2005-11-10,0.000000,Training,-0.403304,-0.209475,-0.117181,0.038493,0.231023,0.336666,0.580266,0.862319,1.655422,2.539228,5.551321
2005-11-11,0.000000,Training,-0.412078,-0.216787,-0.120426,0.047414,0.253446,0.368461,0.628230,0.929249,1.764846,2.694348,5.832292
2005-11-12,0.000000,Training,-0.430112,-0.234064,-0.130253,0.058780,0.280867,0.418129,0.697024,1.038329,1.946481,2.951709,6.345099
2005-11-13,0.000000,Training,-0.439393,-0.251830,-0.160783,0.055733,0.303285,0.468828,0.765472,1.182022,2.148052,3.284258,7.044624
2005-11-14,0.000000,Training,-0.493215,-0.311083,-0.204777,0.025312,0.264421,0.502178,0.784339,1.286148,2.364458,3.602719,8.034163
2005-11-15,0.000000,Training,-0.463737,-0.280998,-0.179201,0.051920,0.313760,0.498376,0.806834,1.272020,2.317477,3.540461,7.639690
2005-11-16,0.000000,Training,-0.463915,-0.283752,-0.186193,0.026374,0.267882,0.406206,0.702082,1.084003,2.048986,3.130313,6.696329
2005-11-17,0.000000,Training,-0.477047,-0.298931,-0.197844,0.033556,0.289703,0.433731,0.744975,1.150508,2.159976,3.274168,6.946671
2005-11-18,0.000000,Training,-0.511502,-0.340988,-0.194628,0.035211,0.261012,0.452137,0.756068,1.184683,2.347639,3.549907,8.066799
2005-11-19,0.000000,Training,-0.494053,-0.113349,0.400096,1.424511,2.084541,3.390046,4.639783,7.207040,20.903648,33.238911,75.965508
2005-11-20,427.410360,Training,3.511820,9.065217,15.459182,34.118832,54.839767,74.556534,97.556190,149.059738,299.109833,493.064667,976.189758
2005-11-21,70.869881,Training,17.810024,39.816677,58.768497,103.575058,138.379944,176.880417,215.822144,294.495239,548.891479,842.319031,1450.837769
2005-11-22,294.963769,Training,18.356869,38.379059,52.920567,96.394585,131.029663,159.437607,192.232864,257.038391,417.188477,639.693481,1040.961426
2005-11-23,80.314162,Training,12.309598,19.121094,29.270899,47.627663,64.246758,74.686340,83.447006,110.131279,154.026474,220.719284,351.611023
2005-11-24,24.328467,Training,2.055314,4.136144,7.200778,11.850780,17.785446,21.427588,26.005024,36.634777,52.314651,75.984360,139.312729
2005-11-25,12.844222,Training,0.371450,1.283926,2.403768,4.188216,6.582845,8.309776,10.310250,15.091287,21.374733,31.056192,60.038109
2005-11-26,8.386521,Training,-0.049101,0.543943,1.223904,2.301166,3.708074,4.898687,6.068348,9.032414,12.836807,18.389471,36.505436
2005-11-27,5.742123,Training,-0.152044,0.361741,0.980682,1.910212,3.089194,4.250870,5.197140,7.837729,11.261220,15.924441,32.789963
2005-11-28,4.306592,Training,-0.162140,0.301110,1.011303,1.958989,3.238330,4.392869,5.571659,8.286279,12.762899,18.427568,40.218864
2005-11-29,3.324387,Training,0.044302,0.585653,1.384717,2.555657,4.156277,5.107142,6.326356,9.146373,12.823533,18.120481,35.734745
2005-11-30,2.493290,Training,0.063161,0.604582,1.339564,2.520451,4.023373,4.940849,5.941266,8.528008,11.470469,15.845864,30.089359
2005-12-01,1.964410,Training,0.142175,0.693045,1.789297,3.008244,4.623283,5.817863,7.011244,9.890014,14.122468,19.287596,41.114742
2005-12-02,7.026545,Training,0.026414,0.731175,2.529725,4.338036,7.206201,9.478123,12.334971,18.345427,33.350525,48.782398,113.616699
2005-12-03,25.839552,Training,1.097296,2.307013,5.231473,8.276270,12.348487,15.358416,18.160637,26.382996,40.599190,59.072464,121.017365
2005-12-04,14.959740,Training,0.444791,1.289816,3.086145,4.941494,7.501034,9.163389,10.873607,15.631269,22.541687,31.581451,63.256264
2005-12-05,10.577594,Training,0.496594,1.292860,3.035259,4.609243,6.745139,8.006066,9.227009,12.724662,17.071327,22.689978,45.298016
2005-12-06,7.933196,Training,0.758886,1.546984,2.888350,4.628092,6.739121,7.535557,8.670142,11.508322,14.448483,18.953285,35.970879
2005-12-07,5.893231,Training,0.165137,0.720775,1.619521,2.828079,4.429115,5.136722,6.165643,8.559209,11.236206,15.096674,29.348450
2005-12-08,4.533255,Training,-0.254960,0.126267,0.648333,1.407666,2.484136,3.023031,3.881474,5.618241,7.967593,11.024230,22.315340
2005-12-09,3.551049,Training,-0.402242,-0.104746,0.292539,0.850807,1.640001,2.050914,2.739254,4.017386,6.000680,8.434264,17.194908
2005-12-10,2.871061,Training,-0.477312,-0.237230,0.005807,0.450100,1.033221,1.330147,1.892278,2.840531,4.516359,6.493196,13.341646
2005-12-11,2.342182,Training,-0.504481,-0.307889,-0.148184,0.233690,0.698028,0.930211,1.392108,2.169738,3.580719,5.251420,10.807739
2005-12-12,1.888856,Training,-0.530587,-0.349903,-0.233340,0.115159,0.512437,0.755033,1.130035,1.859222,3.096878,4.532367,9.227292
2005-12-13,1.662193,Training,-0.525821,-0.339799,-0.213882,0.149238,0.569702,0.824989,1.213754,1.976904,3.252358,4.738100,9.593196
2005-12-14,1.435531,Training,-0.523282,-0.330188,-0.188172,0.184558,0.610203,0.903806,1.292346,2.103004,3.440494,4.977928,10.175049
2005-12-15,1.284422,Training,-0.519158,-0.334511,-0.202435,0.167496,0.596522,0.847665,1.247088,2.012247,3.306262,4.821668,9.754914
2005-12-16,1.133314,Training,-0.524774,-0.347411,-0.225602,0.128270,0.531470,0.766033,1.147000,1.871667,3.115568,4.560066,9.250121
2005-12-17,0.982205,Training,-0.535362,-0.369858,-0.273897,0.045837,0.392261,0.602656,0.938543,1.575650,2.713619,3.989272,8.110511
2005-12-18,0.906651,Training,-0.532621,-0.364063,-0.259675,0.071902,0.435923,0.651899,1.002290,1.666149,2.834653,4.156755,8.443557
2005-12-19,0.755542,Training,-0.512148,-0.330564,-0.186153,0.187737,0.623722,0.845961,1.267430,2.019052,3.335504,4.875438,9.952338
2005-12-20,0.755542,Training,-0.519349,-0.340089,-0.197696,0.153560,0.559564,0.751697,1.167939,1.848295,3.158944,4.632718,9.577495
2005-12-21,0.604434,Training,-0.522534,-0.357581,-0.242192,0.069490,0.413688,0.580582,0.948507,1.530389,2.730987,4.047007,8.405250
2005-12-22,0.604434,Training,-0.519568,-0.358422,-0.250111,0.044771,0.362335,0.520800,0.866753,1.412732,2.567456,3.816768,7.957756
2005-12-23,0.528880,Training,-0.565204,-0.397800,-0.254802,0.050740,0.358840,0.598432,0.987822,1.642029,3.328397,5.085474,11.578694
2005-12-24,1.208868,Training,-0.625330,-0.441665,-0.209269,0.186206,0.633182,1.139879,1.729665,3.075081,6.981233,11.355647,27.751183
2005-12-25,36.266037,Training,-0.493340,-0.005828,0.569676,2.211830,4.068144,6.519795,9.203732,16.856098,49.449017,75.841415,185.141495
2005-12-26,520.039863,Training,1.491529,3.497772,6.476824,13.748616,23.022203,31.955519,41.412518,66.592255,126.452576,204.250229,422.680237
2005-12-27,59.838961,Training,0.491860,1.623948,2.996244,6.165528,10.557884,13.883303,18.155806,29.022800,49.871662,76.268661,154.377548
2005-12-28,28.106179,Training,-0.212447,0.329507,1.020485,2.299983,4.033205,5.701104,7.508407,12.208078,21.305414,32.325233,71.434120
2005-12-29,17.377476,Training,-0.281577,0.161255,0.630213,1.615783,2.981774,3.940625,5.164916,8.183551,12.984570,19.176992,38.270618
2005-12-30,11.937571,Training,-0.371356,0.010858,0.448545,1.211011,2.290915,2.985734,3.988444,6.100017,9.874312,14.333213,28.901941
2005-12-31,9.066509,Training,-0.361363,0.005949,0.452844,1.202659,2.233166,2.891042,3.796516,5.704255,8.948854,12.659277,25.543865
2006-01-01,7.253207,Training,-0.391378,-0.076086,0.270897,0.937150,1.840766,2.320732,3.117812,4.639778,7.223770,10.211172,20.237610
2006-01-02,5.968785,Training,-0.443127,-0.183890,0.048126,0.609123,1.319461,1.734511,2.352741,3.608771,5.667937,8.073765,15.759998
2006-01-03,5.364351,Training,-0.446845,-0.194769,0.035184,0.586762,1.282638,1.670849,2.277051,3.467114,5.447631,7.736169,15.068853
2006-01-04,5.213243,Training,-0.467817,-0.232026,-0.030499,0.485772,1.119612,1.485313,2.029967,3.124511,4.921365,6.968252,13.508487
2006-01-05,4.684363,Training,-0.485304,-0.256284,-0.065582,0.427313,1.013790,1.389573,1.884792,2.947823,4.656213,6.549005,12.773997
2006-01-06,4.457700,Training,-0.504554,-0.280939,-0.027946,0.477851,1.101953,1.537137,2.162607,3.349286,5.754985,8.308404,17.667461
2006-01-07,4.079929,Training,-0.504753,-0.276098,-0.064368,0.442463,1.055392,1.476415,1.983350,3.215394,5.114099,7.189826,14.431498
2006-01-08,3.702158,Training,-0.485793,-0.240165,-0.014337,0.534887,1.214172,1.654030,2.190195,3.505763,5.466067,7.648139,14.979263
2006-01-09,3.248833,Training,-0.411859,-0.137011,0.156339,0.795965,1.585028,2.037398,2.620852,4.013558,5.931432,8.101675,15.597600
2006-01-10,2.946616,Training,-0.331031,-0.023765,0.343904,1.074187,1.959619,2.440337,3.041311,4.522621,6.408628,8.563766,16.299461
2006-01-11,2.417736,Training,-0.417213,-0.162420,0.125217,0.734264,1.488610,1.859180,2.442527,3.694160,5.490118,7.543777,14.630380
2006-01-12,1.964410,Training,-0.479487,-0.259906,-0.034419,0.476451,1.105396,1.401244,1.946162,3.001931,4.736918,6.659970,13.232102
2006-01-13,1.888856,Training,-0.530497,-0.333824,-0.138679,0.303321,0.817728,1.128617,1.600136,2.548436,4.266582,6.066421,12.505238
2006-01-14,1.662193,Training,-0.567242,-0.405154,-0.262714,0.078065,0.435602,0.718016,1.085163,1.842483,3.430327,5.038378,10.844130
2006-01-15,1.888856,Training,-0.677385,-0.460753,-0.316762,0.120629,0.605613,1.149159,1.748173,3.288253,7.729828,12.231832,28.435743
2006-01-16,7.706533,Validation,-0.576371,-0.310324,-0.071624,0.608092,1.551731,2.454963,3.398817,6.166229,12.602636,19.628078,40.801834
2006-01-17,10.199823,Validation,-0.566184,-0.332825,-0.151481,0.361981,1.014425,1.562533,2.198720,3.851003,7.318893,10.966617,22.149584
2006-01-18,7.026545,Validation,-0.534927,-0.294369,-0.098416,0.406522,1.051590,1.506209,2.129596,3.544011,6.315005,9.320640,18.706448
2006-01-19,5.439906,Validation,-0.544811,-0.343385,-0.192378,0.206948,0.689354,0.975356,1.460730,2.388185,4.329520,6.328458,12.788747
2006-01-20,4.608809,Validation,-0.544778,-0.352844,-0.210947,0.173196,0.623605,0.867341,1.326798,2.142223,3.904745,5.668976,11.454930
2006-01-21,3.928821,Validation,-0.542791,-0.358568,-0.226044,0.150879,0.582365,0.805536,1.245812,2.006043,3.653703,5.291264,10.665006
2006-01-22,3.399941,Validation,-0.542240,-0.360280,-0.228810,0.150052,0.580070,0.794620,1.231715,1.972287,3.579334,5.167809,10.395242
2006-01-23,3.022170,Validation,-0.540939,-0.358141,-0.221789,0.171203,0.618572,0.840003,1.285534,2.049643,3.669609,5.278519,10.582224
2006-01-24,2.795507,Validation,-0.540361,-0.357241,-0.217575,0.185619,0.646505,0.867433,1.319784,2.099399,3.723348,5.344146,10.682859
2006-01-25,2.568844,Validation,-0.597086,-0.413841,-0.278027,0.085010,0.462741,0.746325,1.206949,2.023564,4.297659,6.537845,14.349932
2006-01-26,2.871061,Validation,-0.614380,-0.395550,-0.130246,0.469244,1.222929,1.977592,2.936359,5.184995,12.221949,19.838692,46.509666
2006-01-27,76.385341,Validation,-0.402269,0.219569,0.851424,2.755479,5.183974,7.656182,11.143802,19.209097,53.104893,79.886421,188.783585
2006-01-28,330.020939,Validation,0.569708,1.841971,2.856329,7.026974,12.320902,16.919918,21.211824,34.690468,60.646935,89.258270,161.407776
2006-01-29,48.808042,Validation,-0.171003,0.604914,1.263633,3.417525,6.269132,8.929261,12.105702,20.004387,39.423752,58.300613,118.595314
2006-01-30,62.785577,Validation,0.336936,1.428289,2.547840,5.787139,9.718187,13.639680,17.097660,27.462383,47.913910,69.173279,135.413986
2006-01-31,42.914811,Validation,0.127252,0.965207,1.691032,3.832308,6.502052,8.547707,10.586785,16.403807,25.837517,36.231369,65.427605
2006-02-01,22.666273,Validation,0.051597,0.770078,1.435374,3.108583,5.211663,6.677283,8.220608,12.375805,18.598606,25.703405,45.975441
2006-02-02,15.337512,Validation,-0.150931,0.405863,1.127161,2.480356,4.268797,5.658033,7.333534,11.016204,18.762127,26.622292,53.908024
2006-02-03,48.656933,Validation,-0.237489,0.367578,1.131747,2.912409,5.442789,7.385462,10.189097,16.141676,33.373386,50.205231,105.156929
2006-02-04,36.417146,Validation,0.158450,0.953661,1.800599,4.135128,7.294151,9.425175,12.128499,18.898376,32.612801,48.163261,88.697662
2006-02-05,21.079634,Validation,-0.145662,0.425441,0.930374,2.332699,4.122981,5.375074,6.840884,10.508511,16.982862,24.057377,43.601849
2006-02-06,14.581969,Validation,-0.155897,0.382781,0.888031,2.131539,3.698763,4.730553,5.925275,8.886436,13.577108,18.659550,33.757385
2006-02-07,11.182028,Validation,-0.267586,0.163385,0.593220,1.575149,2.846679,3.550825,4.591651,6.756113,10.510338,14.460347,26.876410
2006-02-08,9.142064,Validation,-0.337809,0.053268,0.460122,1.331522,2.470159,3.037593,4.008754,5.812989,9.204588,12.586264,23.707493
2006-02-09,7.706533,Validation,-0.367661,0.000952,0.427338,1.249939,2.292255,2.913548,3.808282,5.565882,8.939186,12.164288,23.713053
2006-02-10,6.875436,Validation,-0.392768,-0.045932,0.429787,1.232685,2.263614,2.902479,3.816565,5.583387,9.213751,12.584597,25.479382
2006-02-11,5.968785,Validation,-0.383623,-0.028864,0.513082,1.362869,2.472698,3.167708,4.108826,6.092860,10.026019,13.764039,28.023777
2006-02-12,5.137689,Validation,-0.260414,0.165009,0.823377,1.879540,3.236929,4.007513,5.050805,7.345029,11.547253,15.655635,30.956814
2006-02-13,4.457700,Validation,-0.389697,-0.042907,0.421880,1.288768,2.404962,2.918953,3.823588,5.599537,8.950808,12.222552,23.411850
2006-02-14,4.004375,Validation,-0.463228,-0.172374,0.154097,0.867713,1.761072,2.165934,2.933323,4.350636,7.136099,9.786491,18.715811
2006-02-15,3.551049,Validation,-0.542168,-0.324196,-0.133683,0.390104,1.004042,1.288091,1.859913,2.852899,4.978506,6.945148,13.480256
2006-02-16,3.173278,Validation,-0.546587,-0.323829,-0.110839,0.412797,1.021182,1.330533,1.893512,2.907248,5.062267,7.012352,13.816541
2006-02-17,2.946616,Validation,-0.563094,-0.368066,-0.201300,0.248340,0.742339,1.022166,1.498945,2.379942,4.306900,6.070107,12.211761
2006-02-18,2.871061,Validation,-0.602854,-0.420201,-0.239237,0.171842,0.610370,0.907571,1.393769,2.246588,4.514696,6.567589,14.071466
2006-02-19,2.871061,Validation,-0.627270,-0.436478,-0.215256,0.290668,0.871182,1.360834,2.007483,3.430537,7.282626,11.152300,24.554264
2006-02-20,2.871061,Validation,-0.602624,-0.372551,-0.116832,0.521870,1.285444,1.999760,2.704803,4.768457,9.343542,13.973679,29.121887
2006-02-21,2.871061,Validation,-0.611326,-0.401489,-0.178802,0.381056,1.025847,1.630919,2.258734,3.934803,7.877648,11.705816,24.623068
2006-02-22,2.644399,Validation,-0.611900,-0.422126,-0.288123,0.148607,0.633193,0.994563,1.452436,2.545119,4.929530,7.178866,14.140983
2006-02-23,2.493290,Validation,-0.633420,-0.443745,-0.286139,0.167418,0.659431,1.088056,1.599122,2.766573,5.731581,8.436188,17.453043
2006-02-24,2.568844,Validation,-0.615933,-0.417938,-0.260467,0.210801,0.728581,1.153050,1.630859,2.849069,5.476902,7.886801,15.658284
2006-02-25,3.777712,Validation,-0.689367,-0.431595,-0.219834,0.445492,1.226855,2.018944,3.009761,5.440042,13.497760,20.714323,47.064045
2006-02-26,55.003490,Validation,-0.338825,0.180693,0.725416,2.471664,4.806148,6.754932,8.898252,15.102468,29.584930,44.463074,87.233437
2006-02-27,20.399646,Validation,-0.386893,0.060722,0.483518,1.729251,3.345490,4.480588,5.884748,9.443190,16.810873,23.978750,45.377449
2006-02-28,12.390896,Validation,-0.323360,0.161386,0.704148,1.917509,3.458216,4.616368,5.858106,9.092737,15.113532,21.005558,40.858582
2006-03-01,9.293172,Validation,-0.476848,-0.136591,0.189225,0.990532,2.028070,2.594827,3.527948,5.366848,9.190639,12.808600,24.817755
2006-03-02,7.253207,Validation,-0.538871,-0.288080,-0.100062,0.474549,1.157929,1.562562,2.183386,3.417848,6.010302,8.418112,16.105356
2006-03-03,5.893231,Validation,-0.567694,-0.342682,-0.151226,0.342074,0.891292,1.251158,1.817027,2.844018,5.412728,7.642505,15.607418
2006-03-04,11.106474,Validation,-0.685743,-0.425046,-0.147869,0.566860,1.437832,2.196669,3.317468,5.643182,14.271049,21.420189,48.612820
2006-03-05,64.749987,Validation,-0.424400,-0.003031,0.407148,1.760310,3.571447,4.932667,6.598320,10.996166,21.634335,32.302624,62.501575
2006-03-06,23.799587,Validation,-0.383150,0.050034,0.464100,1.675035,3.233838,4.225946,5.593830,8.776596,15.742015,22.438530,42.651733
2006-03-07,14.733078,Validation,-0.315144,0.211222,0.844872,2.128850,3.817897,4.722663,6.102581,8.973203,14.851695,20.354893,38.844898
2006-03-08,11.182028,Validation,-0.358894,0.074020,0.629411,1.675496,3.021059,3.644072,4.692354,6.708198,10.725831,14.390284,27.327797
2006-03-09,8.990955,Validation,-0.506432,-0.199865,0.111521,0.838777,1.744444,2.152868,2.949671,4.344810,7.396463,10.093950,19.437618
2006-03-10,7.404316,Validation,-0.557531,-0.316816,-0.132856,0.416509,1.055093,1.341530,1.958618,2.962357,5.353593,7.450343,14.533624
2006-03-11,6.195448,Validation,-0.575968,-0.352481,-0.183758,0.315480,0.877109,1.132515,1.686885,2.571283,4.756545,6.634980,13.014173
2006-03-12,5.591014,Validation,-0.596143,-0.403268,-0.246409,0.175499,0.626172,0.849739,1.305310,2.038259,3.927789,5.567418,11.070534
2006-03-13,5.062134,Validation,-0.594656,-0.396260,-0.232909,0.209840,0.687957,0.912029,1.386229,2.143934,4.053041,5.709695,11.299281
2006-03-14,4.533255,Validation,-0.592902,-0.407642,-0.278474,0.111040,0.508454,0.696479,1.109338,1.739942,3.405765,4.836919,9.635263
2006-03-15,4.155483,Validation,-0.586282,-0.394318,-0.271965,0.120631,0.515774,0.711822,1.127013,1.769472,3.450992,4.884767,9.801145
2006-03-16,3.702158,Validation,-0.565920,-0.384709,-0.294987,0.037574,0.355180,0.498783,0.853563,1.355761,2.740277,3.946272,7.998190
2006-03-17,4.533255,Validation,-0.655866,-0.415088,-0.209442,0.265529,0.547516,1.087412,1.548780,2.671310,7.892239,10.922435,27.575096
2006-03-18,30.826132,Validation,-0.295157,0.504738,1.347694,4.271626,8.368917,12.044207,17.198072,29.291964,72.921951,113.617363,237.699814
2006-03-19,38.683773,Validation,-0.069195,0.792699,1.630367,4.324921,7.865148,10.809937,14.719462,23.748274,50.650951,75.732613,154.611023
2006-03-20,23.421816,Validation,-0.356942,0.321682,0.900760,2.822060,5.282506,7.217086,10.331790,16.501068,36.977005,54.377075,114.347290
2006-03-21,23.648478,Validation,-0.069489,0.922008,1.779115,4.756895,8.525193,11.354286,15.694678,24.762640,51.197365,75.209557,150.972351
2006-03-22,18.510790,Validation,-0.061032,0.823295,1.459866,3.774869,6.629345,8.486313,11.298273,17.248289,31.942738,45.966846,84.742065
2006-03-23,14.204198,Validation,-0.375230,0.202903,0.707890,2.073118,3.700310,4.995244,6.830431,10.269430,20.696651,29.444845,59.152176
2006-03-24,13.901981,Validation,-0.350023,0.225908,0.715764,2.001152,3.545597,4.663455,6.165702,9.236005,16.887316,23.807209,45.354355
2006-03-25,13.901981,Validation,-0.458812,-0.032006,0.276198,1.164422,2.216338,2.859734,3.867678,5.701886,10.289031,14.315358,26.907324
2006-03-26,11.559799,Validation,-0.482206,-0.083938,0.220340,1.060770,2.048096,2.625585,3.535077,5.194278,9.161325,12.645270,23.788605
2006-03-27,9.822052,Validation,-0.511460,-0.153473,0.122210,0.886683,1.777458,2.267093,3.064009,4.467727,7.773508,10.675813,20.092339
2006-03-28,8.159858,Validation,-0.522145,-0.184658,0.043292,0.756613,1.582131,1.994448,2.741557,3.975899,6.896113,9.437411,17.754026
2006-03-29,6.875436,Validation,-0.544882,-0.232397,-0.023559,0.637524,1.391017,1.758467,2.445922,3.551812,6.191715,8.488276,16.068920
2006-03-30,6.044340,Validation,-0.572937,-0.288977,-0.074335,0.538788,1.226337,1.567624,2.189455,3.198850,5.607921,7.741694,14.854715
2006-03-31,5.364351,Validation,-0.573708,-0.292240,-0.077461,0.537721,1.225475,1.546674,2.162882,3.142303,5.450940,7.494101,14.354366
2006-04-01,4.759917,Training,-0.569442,-0.285651,-0.062623,0.565090,1.265783,1.572017,2.191995,3.159742,5.399889,7.388364,14.132618
2006-04-02,4.306592,Training,-0.564070,-0.275402,-0.022620,0.626627,1.356608,1.656644,2.285084,3.263082,5.464352,7.471759,14.333876
2006-04-03,3.853266,Training,-0.573401,-0.294614,-0.039117,0.590583,1.292140,1.571345,2.174199,3.115908,5.209750,7.153214,13.840778
2006-04-04,3.399941,Training,-0.544733,-0.242209,0.024743,0.710715,1.470049,1.758094,2.395311,3.401091,5.541807,7.520065,14.375217
2006-04-05,3.248833,Training,-0.623613,-0.386889,-0.210463,0.299791,0.840077,1.105208,1.637942,2.423852,4.460100,6.199744,12.659568
2006-04-06,3.173278,Training,-0.637242,-0.419621,-0.278552,0.162844,0.604426,0.840840,1.291007,1.984231,3.818208,5.413805,11.246632
2006-04-07,2.871061,Training,-0.638762,-0.420186,-0.301023,0.131384,0.568930,0.776709,1.209708,1.890009,3.638216,5.193370,10.479760
2006-04-08,2.719953,Training,-0.630737,-0.421503,-0.319775,0.069868,0.445211,0.620435,1.006629,1.579402,3.132430,4.511487,9.118568
2006-04-09,2.417736,Training,-0.604537,-0.398647,-0.313667,0.034497,0.350967,0.488358,0.830809,1.293597,2.597977,3.758734,7.641228
2006-04-10,2.266627,Training,-0.611668,-0.405176,-0.313422,0.045135,0.374936,0.514271,0.864413,1.326261,2.613857,3.755345,7.604688
2006-04-11,2.115519,Training,-0.590094,-0.385870,-0.298491,0.020413,0.291250,0.420806,0.728385,1.127224,2.276391,3.304418,6.910452
2006-04-12,1.964410,Training,-0.582647,-0.378113,-0.297207,0.010561,0.263343,0.385150,0.679826,1.061386,2.162390,3.154787,6.661497
2006-04-13,2.342182,Training,-0.580747,-0.376134,-0.304317,-0.000024,0.255065,0.359439,0.651996,1.019082,2.067275,3.029240,6.295456
2006-04-14,2.417736,Training,-0.661328,-0.435849,-0.340725,-0.001951,0.246705,0.462146,0.798923,1.305782,3.032333,4.506933,10.188907
2006-04-15,2.946616,Training,-0.670481,-0.441621,-0.319128,0.067397,0.441699,0.737125,1.155145,1.976727,4.333716,6.620905,14.068330
2006-04-16,2.871061,Training,-0.639530,-0.406972,-0.305252,0.064950,0.410588,0.633890,1.017524,1.684516,3.536404,5.286969,11.093737
2006-04-17,2.342182,Training,-0.629925,-0.387894,-0.295668,0.079536,0.436988,0.626834,1.021045,1.636120,3.305943,4.864924,10.092160
2006-04-18,1.964410,Training,-0.623085,-0.394402,-0.308035,0.045053,0.364888,0.518055,0.870317,1.370744,2.742121,4.010800,8.296477
2006-04-19,1.662193,Training,-0.616000,-0.391509,-0.311104,0.037547,0.344745,0.480648,0.820489,1.275308,2.530207,3.683746,7.591871
2006-04-20,1.435531,Training,-0.611484,-0.388090,-0.305834,0.039062,0.333336,0.472386,0.800471,1.239675,2.441238,3.536603,7.358851
2006-04-21,1.284422,Training,-0.606635,-0.381157,-0.302718,0.043725,0.337800,0.474364,0.805283,1.241764,2.436771,3.525471,7.370416
2006-04-22,1.737748,Training,-0.669581,-0.408604,-0.331820,0.050601,0.346898,0.594689,0.994615,1.638167,3.779835,5.588305,12.891928
2006-04-23,2.493290,Training,-0.715644,-0.453379,-0.275797,0.305765,0.929686,1.538703,2.240336,3.882148,9.017799,13.784515,29.826881
2006-04-24,4.306592,Training,-0.678221,-0.394869,-0.235110,0.266929,0.776625,1.203012,1.767163,2.901609,6.068423,9.122740,18.946465
2006-04-25,7.026545,Training,-0.659585,-0.374380,-0.224565,0.206015,0.610294,0.924003,1.372475,2.182333,4.263409,6.300420,13.076493
2006-04-26,4.306592,Training,-0.658856,-0.373125,-0.201331,0.235633,0.641629,0.960277,1.393577,2.166723,4.106481,5.986651,12.388114
2006-04-27,3.097724,Training,-0.649273,-0.398697,-0.248022,0.136608,0.482908,0.704266,1.071745,1.626535,3.080728,4.465114,9.277248
2006-04-28,2.493290,Training,-0.635877,-0.377904,-0.264056,0.118295,0.461682,0.644502,1.011198,1.518839,2.833206,4.090137,8.418756
2006-04-29,1.964410,Training,-0.626615,-0.368311,-0.268324,0.111518,0.450063,0.618035,0.982064,1.461363,2.702467,3.890342,7.987376
2006-04-30,1.813302,Training,-0.612678,-0.363905,-0.272346,0.067991,0.352936,0.494007,0.813739,1.212523,2.262741,3.298519,6.845032
2006-05-01,1.662193,Training,-0.601830,-0.357011,-0.275680,0.045034,0.300006,0.424561,0.720972,1.080793,2.032630,2.987429,6.238244
2006-05-02,1.511085,Training,-0.600797,-0.353407,-0.281625,0.047703,0.312337,0.432941,0.739741,1.108809,2.073839,3.038731,6.312794
2006-05-03,1.435531,Training,-0.574344,-0.332295,-0.278938,0.014839,0.234244,0.327257,0.595516,0.906675,1.731419,2.570024,5.419793
2006-05-04,1.284422,Training,-0.567026,-0.323748,-0.276333,0.012035,0.223180,0.311016,0.572753,0.875787,1.672503,2.488005,5.265849
2006-05-05,1.208868,Training,-0.563517,-0.322593,-0.274777,0.002263,0.195617,0.277981,0.523600,0.805463,1.543662,2.312697,4.929463
2006-05-06,1.359976,Training,-0.565881,-0.327641,-0.275148,-0.003766,0.178169,0.259017,0.494347,0.761817,1.462747,2.202989,4.718744
2006-05-07,1.359976,Training,-0.565017,-0.325362,-0.276822,-0.003844,0.177574,0.256294,0.492813,0.759541,1.457316,2.194151,4.700348
2006-05-08,1.208868,Training,-0.567703,-0.326748,-0.279057,-0.002362,0.181420,0.260339,0.500482,0.768971,1.469977,2.210665,4.729914
2006-05-09,1.133314,Training,-0.564598,-0.344954,-0.267987,-0.007680,0.150248,0.233362,0.446406,0.685027,1.334671,2.026975,4.384936
2006-05-10,1.057759,Training,-0.551886,-0.350340,-0.258328,-0.006153,0.142568,0.228203,0.428301,0.657433,1.301924,1.981375,4.300464
2006-05-11,0.982205,Training,-0.544372,-0.326112,-0.254599,-0.016132,0.119236,0.190354,0.378246,0.591701,1.169174,1.800353,3.946217
2006-05-12,0.906651,Training,-0.520982,-0.295318,-0.238757,-0.019440,0.095392,0.153654,0.320583,0.510990,1.013850,1.579940,3.533122
2006-05-13,0.831097,Training,-0.473327,-0.297416,-0.213493,-0.021360,0.071379,0.132930,0.262005,0.421274,0.887123,1.394025,3.180468
2006-05-14,0.755542,Training,-0.475541,-0.285871,-0.212300,-0.022785,0.064155,0.121636,0.249518,0.408291,0.857459,1.356809,3.125711
2006-05-15,0.679988,Training,-0.461752,-0.294093,-0.209414,-0.025286,0.062485,0.124464,0.241943,0.394422,0.836847,1.323617,3.045170
2006-05-16,0.679988,Training,-0.452415,-0.300157,-0.209603,-0.031000,0.065773,0.130612,0.240625,0.389293,0.806949,1.278750,2.935742
2006-05-17,0.604434,Training,-0.441377,-0.294495,-0.208457,-0.037345,0.060833,0.122894,0.225196,0.367259,0.747593,1.196237,2.771403
2006-05-18,0.453325,Training,-0.444688,-0.283536,-0.202067,-0.027873,0.055020,0.112279,0.216975,0.357249,0.760611,1.213526,2.822182
2006-05-19,0.377771,Training,-0.454145,-0.261019,-0.198876,-0.023292,0.048600,0.097051,0.207146,0.346940,0.735347,1.182945,2.790495
2006-05-20,0.302217,Training,-0.441544,-0.254396,-0.191978,-0.025182,0.038854,0.085744,0.184975,0.317005,0.686809,1.114478,2.673259
2006-05-21,0.302217,Training,-0.439090,-0.237294,-0.187172,-0.025798,0.029489,0.070286,0.163991,0.291406,0.633789,1.043595,2.560620
2006-05-22,0.151108,Training,-0.446770,-0.199177,-0.191890,-0.030339,0.017891,0.046327,0.139572,0.268332,0.561770,0.954923,2.419838
2006-05-23,0.151108,Training,-0.437337,-0.182622,-0.187106,-0.029971,0.013721,0.037553,0.125478,0.251472,0.529119,0.908712,2.352149
2006-05-24,0.151108,Training,-0.423968,-0.194664,-0.173104,-0.028461,0.004387,0.031562,0.104359,0.216248,0.487029,0.843905,2.237095
2006-05-25,0.075554,Training,-0.409380,-0.211170,-0.166811,-0.028409,0.004487,0.037575,0.103173,0.211549,0.498814,0.855397,2.252319
2006-05-26,0.075554,Training,-0.400750,-0.218529,-0.165454,-0.031378,0.001600,0.037346,0.097562,0.203663,0.493484,0.846440,2.233175
2006-05-27,0.000000,Training,-0.377217,-0.222842,-0.163495,-0.043961,-0.009286,0.027202,0.070282,0.167044,0.429232,0.754353,2.061614
2006-05-28,0.000000,Training,-0.365912,-0.223204,-0.168937,-0.056742,-0.010605,0.024051,0.062518,0.155930,0.380803,0.688934,1.924334
2006-05-29,0.000000,Training,-0.372630,-0.222970,-0.166013,-0.047689,-0.009343,0.025158,0.066673,0.160601,0.411470,0.728978,2.002934
2006-05-30,0.000000,Training,-0.396312,-0.191934,-0.160721,-0.031302,-0.008455,0.015414,0.071352,0.167230,0.418423,0.744782,2.060613
2006-05-31,0.000000,Training,-0.396064,-0.176012,-0.157370,-0.031887,-0.015819,0.003526,0.054889,0.146985,0.375568,0.688565,1.976485
2006-06-01,0.000000,Training,-0.406702,-0.163642,-0.156112,-0.031064,-0.023297,-0.002204,0.045351,0.137272,0.348366,0.653123,1.951909
2006-06-02,0.000000,Training,-0.370212,-0.203120,-0.152548,-0.040296,-0.018827,0.010458,0.047865,0.135052,0.377147,0.683921,1.957351
2006-06-03,0.000000,Training,-0.368397,-0.214456,-0.158039,-0.047755,-0.018166,0.015015,0.049396,0.139071,0.378540,0.686109,1.950639
2006-06-04,0.000000,Training,-0.385645,-0.217354,-0.163070,-0.039306,-0.010866,0.023249,0.070973,0.166788,0.433741,0.763803,2.088329
2006-06-05,0.000000,Training,-0.375825,-0.223017,-0.165913,-0.047140,-0.012601,0.022697,0.064220,0.157281,0.410402,0.729079,2.013342
2006-06-06,,,-0.194621,0.172110,0.640030,0.740181,1.078551,1.484894,1.827168,2.605764,4.897578,7.320954,16.995165
2006-06-07,0.000000,Training,-0.384274,-0.216080,-0.164061,-0.039126,-0.010297,0.021926,0.071050,0.164667,0.429249,0.755620,2.065943
2006-06-08,0.000000,Training,-0.381164,-0.219733,-0.165465,-0.042441,-0.011494,0.022218,0.068888,0.161961,0.423678,0.747193,2.046625
2006-06-09,0.000000,Training,-0.389442,-0.213894,-0.164050,-0.036691,-0.009275,0.022889,0.075581,0.170457,0.438412,0.768244,2.090341
2006-06-10,0.000000,Training,-0.377016,-0.214208,-0.162150,-0.043174,-0.015907,0.015700,0.058938,0.148622,0.401271,0.716490,1.997063
2006-06-11,0.000000,Training,-0.356273,-0.209404,-0.160337,-0.057223,-0.026801,0.001402,0.029179,0.110435,0.320333,0.605544,1.799313
2006-06-12,0.000000,Training,-0.382312,-0.218575,-0.160388,-0.047584,-0.029986,0.005491,0.040562,0.117926,0.371695,0.673147,2.030747
2006-06-13,0.000000,Training,-0.456707,-0.169654,-0.169315,-0.040712,-0.039631,0.027103,0.084929,0.167433,0.534381,0.833557,2.772882
2006-06-14,0.000000,Training,-0.497137,-0.237640,-0.159600,-0.033913,-0.038520,0.070868,0.117391,0.254793,0.658359,1.147300,3.423468
2006-06-15,0.000000,Training,-0.552462,-0.253913,-0.175175,0.011398,0.031826,0.192394,0.273459,0.471420,1.161656,1.837219,5.369498
2006-06-16,0.000000,Training,-0.534088,-0.230270,-0.135745,0.048554,0.066714,0.235187,0.315549,0.539788,1.194444,1.934846,5.253848
2006-06-17,0.000000,Training,-0.524155,-0.230895,-0.102857,0.116462,0.155987,0.361634,0.463775,0.734788,1.579358,2.438914,6.358195
2006-06-18,0.000000,Training,-0.503779,-0.264574,-0.118814,0.101586,0.149067,0.352180,0.444321,0.714102,1.531078,2.352548,5.852350
2006-06-19,0.000000,Training,-0.481484,-0.286878,-0.131245,0.082476,0.157287,0.356443,0.435332,0.692164,1.442030,2.203876,5.343682
2006-06-20,0.000000,Training,-0.463260,-0.257196,-0.126275,0.063410,0.131049,0.278334,0.356680,0.568568,1.180902,1.829960,4.366502
2006-06-21,0.000000,Training,-0.450839,-0.265633,-0.147822,0.020204,0.090377,0.202546,0.271118,0.443513,0.932595,1.466699,3.591014
2006-06-22,0.000000,Training,-0.431627,-0.259035,-0.157510,-0.004926,0.077754,0.168502,0.235402,0.385519,0.773012,1.233693,3.077969
2006-06-23,0.000000,Training,-0.426469,-0.258324,-0.159568,-0.012202,0.064731,0.145710,0.209419,0.348147,0.718118,1.146394,2.897925
2006-06-24,0.000000,Training,,,,,,,,,,,
2006-06-25,0.000000,Training,-0.440384,-0.237994,-0.155851,-0.004302,0.043872,0.105902,0.184269,0.312370,0.695640,1.114746,2.849578
2006-06-26,0.000000,Training,-0.438575,-0.234548,-0.159139,-0.010657,0.033409,0.090651,0.167916,0.290843,0.657331,1.065491,2.752426
2006-06-27,0.000000,Training,-0.436556,-0.231214,-0.162423,-0.016546,0.023980,0.076075,0.152531,0.270358,0.620795,1.018214,2.657435
2006-06-28,0.000000,Training,-0.433227,-0.232350,-0.166129,-0.021751,0.016804,0.066403,0.141603,0.255498,0.597415,0.987681,2.593589
2006-06-29,0.000000,Training,-0.420842,-0.243936,-0.170069,-0.028916,0.012419,0.065861,0.133151,0.243231,0.581558,0.962545,2.534721
2006-06-30,0.000000,Training,-0.417807,-0.248518,-0.173732,-0.031843,0.012241,0.066718,0.133399,0.242379,0.578687,0.958561,2.520093
2006-07-01,0.000000,Training,-0.420588,-0.251424,-0.179462,-0.035552,0.008311,0.061319,0.131144,0.240051,0.577027,0.958746,2.507137
2006-07-02,0.000000,Training,-0.413839,-0.239678,-0.178305,-0.043051,-0.008653,0.033888,0.098915,0.198204,0.508229,0.867932,2.326936
2006-07-03,0.000000,Training,-0.398725,-0.233262,-0.175073,-0.050276,-0.019772,0.018613,0.072039,0.163775,0.446271,0.781667,2.160124
2006-07-04,0.000000,Training,-0.389672,-0.226067,-0.171418,-0.053837,-0.026577,0.006494,0.053552,0.140248,0.403616,0.724078,2.040387
2006-07-05,0.000000,Training,-0.376427,-0.219010,-0.167092,-0.058575,-0.034247,-0.005379,0.031929,0.112606,0.352687,0.653924,1.910515
2006-07-06,0.000000,Training,-0.357281,-0.211324,-0.163807,-0.068054,-0.043108,-0.018445,0.005620,0.078937,0.281993,0.556717,1.733549
2006-07-07,0.000000,Training,-0.347097,-0.206595,-0.165414,-0.075267,-0.045192,-0.023436,-0.002663,0.068003,0.244881,0.507680,1.636015
2006-07-08,0.000000,Training,-0.343466,-0.204199,-0.167026,-0.077931,-0.045344,-0.025401,-0.004052,0.065594,0.232512,0.491984,1.600946
2006-07-09,0.000000,Training,-0.339592,-0.200423,-0.170047,-0.081413,-0.044161,-0.026569,-0.002025,0.066944,0.219997,0.477282,1.563143
2006-07-10,0.000000,Training,-0.335185,-0.193233,-0.174327,-0.086228,-0.043002,-0.029256,0.001656,0.069900,0.202815,0.457585,1.512184
2006-07-11,0.000000,Training,-0.337071,-0.187150,-0.175186,-0.087670,-0.043246,-0.026914,0.008315,0.078454,0.196431,0.449483,1.509333
2006-07-12,0.000000,Training,-0.338645,-0.195885,-0.168719,-0.081843,-0.044785,-0.024893,-0.000021,0.069164,0.211469,0.465234,1.553752
2006-07-13,0.000000,Training,-0.335179,-0.195691,-0.170403,-0.085128,-0.046960,-0.032609,-0.007526,0.058613,0.199921,0.451900,1.515632
2006-07-14,0.000000,Training,-0.334120,-0.194464,-0.171874,-0.087135,-0.048041,-0.034774,-0.008776,0.056774,0.193619,0.444076,1.499661
2006-07-15,0.000000,Training,-0.332702,-0.192861,-0.172953,-0.088735,-0.049044,-0.037115,-0.010350,0.054330,0.186802,0.435543,1.482195
2006-07-16,0.000000,Training,-0.334539,-0.196925,-0.170037,-0.086729,-0.051422,-0.038039,-0.016099,0.047903,0.191770,0.440051,1.501521
2006-07-17,0.000000,Training,-0.335828,-0.198934,-0.168768,-0.086326,-0.053395,-0.039354,-0.019642,0.043972,0.193265,0.441103,1.510265
2006-07-18,0.000000,Training,-0.339147,-0.201032,-0.166341,-0.084519,-0.054898,-0.036677,-0.019766,0.045350,0.200532,0.448313,1.538839
2006-07-19,0.000000,Training,-0.341422,-0.204432,-0.166118,-0.084390,-0.057539,-0.041448,-0.024937,0.038891,0.205550,0.455601,1.553142
2006-07-20,0.000000,Training,-0.342809,-0.205566,-0.165746,-0.084531,-0.058914,-0.042554,-0.026394,0.037454,0.207647,0.458162,1.562192
2006-07-21,0.000000,Training,-0.339316,-0.203716,-0.167963,-0.088081,-0.058924,-0.043700,-0.026867,0.036366,0.195170,0.442452,1.527917
2006-07-22,0.000000,Training,-0.339947,-0.204642,-0.167937,-0.088433,-0.059770,-0.044584,-0.028046,0.035102,0.195854,0.443225,1.531454
2006-07-23,0.000000,Training,-0.338409,-0.203735,-0.169178,-0.090271,-0.059784,-0.045370,-0.028046,0.034787,0.190350,0.436521,1.516183
2006-07-24,0.000000,Training,-0.342165,-0.207277,-0.168148,-0.088912,-0.061370,-0.045839,-0.029464,0.033944,0.200662,0.449462,1.547463
2006-07-25,0.000000,Training,-0.339865,-0.205996,-0.169922,-0.091402,-0.060997,-0.046229,-0.028810,0.034369,0.193138,0.440227,1.525795
2006-07-26,0.000000,Training,-0.340980,-0.207464,-0.170188,-0.091758,-0.061526,-0.046447,-0.028979,0.034536,0.195972,0.443920,1.534459
2006-07-27,0.000000,Training,-0.347080,-0.212153,-0.168794,-0.089225,-0.063188,-0.046663,-0.029153,0.035578,0.214442,0.467945,1.588728
2006-07-28,0.000000,Training,-0.346983,-0.212879,-0.169554,-0.090448,-0.063454,-0.046771,-0.029015,0.035922,0.213694,0.467091,1.587179
2006-07-29,0.000000,Training,-0.341166,-0.208915,-0.172379,-0.094645,-0.061790,-0.046760,-0.027526,0.036634,0.195797,0.444483,1.534282
2006-07-30,0.000000,Training,-0.339504,-0.207431,-0.173490,-0.096078,-0.061169,-0.047111,-0.026556,0.037433,0.191076,0.438887,1.519773
2006-07-31,0.000000,Training,-0.341312,-0.209983,-0.172764,-0.095406,-0.062083,-0.047441,-0.027822,0.036420,0.197034,0.446216,1.537880
2006-08-01,0.000000,Training,-0.342566,-0.211645,-0.172762,-0.095481,-0.062607,-0.047561,-0.027949,0.036649,0.201060,0.451409,1.550128
2006-08-02,0.000000,Training,-0.342772,-0.212227,-0.173244,-0.096218,-0.062775,-0.047677,-0.027613,0.037219,0.201764,0.452460,1.552547
2006-08-03,0.000000,Training,-0.341385,-0.211084,-0.174323,-0.097628,-0.062323,-0.047902,-0.026625,0.038109,0.197827,0.447818,1.540793
2006-08-04,0.000000,Training,-0.349726,-0.218614,-0.171865,-0.094372,-0.064867,-0.048006,-0.027711,0.038941,0.224362,0.481964,1.620455
2006-08-05,0.000000,Training,-0.344748,-0.215334,-0.173551,-0.097286,-0.063938,-0.048293,-0.027640,0.037968,0.208781,0.461755,1.575232
2006-08-06,0.000000,Training,-0.341561,-0.212353,-0.174923,-0.099407,-0.063171,-0.048853,-0.026743,0.038380,0.199116,0.449750,1.547192
2006-08-07,0.000000,Training,-0.344324,-0.215774,-0.174152,-0.098545,-0.064135,-0.048853,-0.027470,0.038321,0.208696,0.461904,1.575897
2006-08-08,0.000000,Training,-0.346012,-0.217619,-0.173706,-0.098277,-0.064816,-0.048766,-0.027486,0.038924,0.214747,0.469594,1.594764
2006-08-09,0.000000,Training,-0.344633,-0.216831,-0.174385,-0.099479,-0.064656,-0.049260,-0.027295,0.038883,0.211128,0.465253,1.584646
2006-08-10,0.000000,Training,-0.337941,-0.209009,-0.177375,-0.102824,-0.062285,-0.050157,-0.023947,0.041075,0.191484,0.441847,1.525797
2006-08-11,0.000000,Training,-0.343788,-0.216774,-0.174668,-0.100333,-0.064471,-0.049603,-0.026812,0.039446,0.211124,0.465691,1.585292
2006-08-12,0.000000,Training,-0.340257,-0.213129,-0.175853,-0.101894,-0.063396,-0.050009,-0.025432,0.040175,0.201597,0.454265,1.557402
2006-08-13,0.000000,Training,-0.347815,-0.221032,-0.173398,-0.099696,-0.066084,-0.050015,-0.027086,0.040542,0.226222,0.485323,1.632370
2006-08-14,0.000000,Training,-0.360909,-0.228087,-0.171648,-0.096557,-0.067943,-0.050671,-0.020207,0.052342,0.275043,0.553588,1.780763
2006-08-15,0.000000,Training,-0.367268,-0.229725,-0.171217,-0.096560,-0.068639,-0.052146,-0.014921,0.060819,0.299465,0.590760,1.862476
2006-08-16,0.000000,Training,-0.399140,-0.246516,-0.168065,-0.093483,-0.074425,-0.040994,0.005374,0.087548,0.373876,0.697617,2.233605
2006-08-17,0.000000,Training,-0.450569,-0.254852,-0.189852,-0.094707,-0.067982,-0.013189,0.050639,0.142179,0.515060,0.901362,2.857007
2006-08-18,0.000000,Training,-0.445280,-0.278703,-0.161478,-0.105392,-0.083200,-0.002673,0.043860,0.177244,0.560178,1.022874,3.025439
2006-08-19,0.000000,Training,-0.426540,-0.272494,-0.172735,-0.101486,-0.064718,-0.006491,0.042248,0.167360,0.529060,0.961553,2.729930
2006-08-20,0.000000,Training,-0.383676,-0.252004,-0.179868,-0.098975,-0.055728,-0.017781,0.015294,0.108044,0.361517,0.679961,2.036231
2006-08-21,0.000000,Training,-0.375430,-0.247338,-0.182434,-0.098965,-0.050810,-0.018326,0.018012,0.106491,0.342374,0.649626,1.950652
2006-08-22,0.000000,Training,-0.368546,-0.242354,-0.183802,-0.099431,-0.048310,-0.019840,0.018805,0.104198,0.324830,0.624969,1.888441
2006-08-23,0.000000,Training,-0.369016,-0.243344,-0.182229,-0.098243,-0.049110,-0.021151,0.017633,0.102759,0.332146,0.633386,1.908604
2006-08-24,0.000000,Training,-0.366078,-0.240970,-0.181756,-0.098318,-0.049045,-0.022393,0.016453,0.100247,0.324814,0.623555,1.887130
2006-08-25,0.000000,Training,-0.359199,-0.234115,-0.182695,-0.099646,-0.047468,-0.023775,0.016240,0.097502,0.302264,0.594930,1.820422
2006-08-26,0.000000,Training,-0.360446,-0.236144,-0.181028,-0.098839,-0.048881,-0.024799,0.014023,0.095516,0.309049,0.603216,1.843250
2006-08-27,0.000000,Training,-0.355040,-0.230517,-0.181847,-0.099975,-0.047970,-0.026508,0.013551,0.093014,0.291289,0.581066,1.791826
2006-08-28,0.000000,Training,-0.349450,-0.223131,-0.183272,-0.101759,-0.046957,-0.028901,0.014112,0.091714,0.271746,0.557547,1.736059
2006-08-29,0.000000,Training,-0.344992,-0.216436,-0.184479,-0.103541,-0.046790,-0.032219,0.013850,0.089751,0.254787,0.537531,1.689965
2006-08-30,0.000000,Training,-0.343504,-0.216015,-0.182765,-0.102874,-0.047606,-0.033636,0.010687,0.085571,0.252030,0.533276,1.685263
2006-08-31,0.000000,Training,-0.349903,-0.227014,-0.176623,-0.099061,-0.051368,-0.033059,0.003607,0.080029,0.279271,0.564658,1.771249
2006-09-01,0.000000,Training,-0.345878,-0.222760,-0.176204,-0.099842,-0.051715,-0.035320,0.001384,0.076021,0.265257,0.546766,1.734799
2006-09-02,0.000000,Training,-0.339934,-0.215120,-0.177191,-0.101625,-0.051316,-0.038230,0.000605,0.072977,0.243889,0.520551,1.676725
2006-09-03,0.000000,Training,-0.337918,-0.213036,-0.177519,-0.102039,-0.051429,-0.039515,0.000080,0.071579,0.238542,0.514648,1.664434
2006-09-04,0.000000,Training,-0.337140,-0.214479,-0.172019,-0.101019,-0.055495,-0.042820,-0.009733,0.061193,0.236217,0.507744,1.665384
2006-09-05,0.000000,Training,-0.332193,-0.209667,-0.167274,-0.100731,-0.058316,-0.048129,-0.018561,0.049784,0.219080,0.483567,1.625131
2006-09-06,0.000000,Training,-0.330029,-0.206821,-0.163721,-0.101189,-0.060787,-0.050477,-0.024300,0.043506,0.208933,0.467750,1.601665
2006-09-07,0.000000,Training,-0.329056,-0.205742,-0.163977,-0.101748,-0.060646,-0.050647,-0.024217,0.043519,0.206080,0.464302,1.592321
2006-09-08,0.000000,Training,-0.327972,-0.204807,-0.164094,-0.102111,-0.060284,-0.051105,-0.024207,0.043290,0.203779,0.461836,1.584975
2006-09-09,0.000000,Training,-0.324433,-0.199985,-0.165235,-0.103069,-0.059098,-0.051920,-0.023153,0.043251,0.192288,0.448103,1.550994
2006-09-10,0.000000,Training,-0.327418,-0.204377,-0.163283,-0.101748,-0.059706,-0.050641,-0.023741,0.044174,0.205169,0.463889,1.588497
2006-09-11,0.000000,Training,-0.337887,-0.214447,-0.159311,-0.099230,-0.061940,-0.047995,-0.020922,0.053164,0.248661,0.520437,1.717278
2006-09-12,0.000000,Training,-0.345309,-0.218354,-0.156700,-0.097866,-0.062451,-0.046021,-0.013373,0.067075,0.287543,0.575002,1.834913
2006-09-13,0.000000,Training,-0.376974,-0.235874,-0.150502,-0.093295,-0.067813,-0.032973,0.010503,0.099512,0.376058,0.703490,2.254486
2006-09-14,0.000000,Training,-0.359176,-0.223555,-0.154603,-0.103157,-0.063732,-0.047140,0.006096,0.103663,0.366902,0.702914,2.112754
2006-09-15,0.000000,Training,-0.361497,-0.222660,-0.150754,-0.101429,-0.061473,-0.040977,0.011026,0.112978,0.382068,0.724198,2.163106
2006-09-16,0.000000,Training,-0.357438,-0.221946,-0.153789,-0.099007,-0.058044,-0.041230,0.011681,0.109835,0.376351,0.715603,2.117350
2006-09-17,0.000000,Training,-0.350333,-0.219677,-0.152338,-0.096034,-0.057958,-0.040169,0.001117,0.090834,0.335521,0.649540,1.982388
2006-09-18,0.000000,Training,-0.344669,-0.217562,-0.152726,-0.095589,-0.057518,-0.040326,-0.006760,0.077103,0.302117,0.599217,1.879686
2006-09-19,0.000000,Training,-0.346029,-0.217916,-0.152174,-0.095102,-0.056073,-0.039272,-0.002843,0.083082,0.314470,0.617316,1.916062
2006-09-20,0.000000,Training,-0.348930,-0.217726,-0.150635,-0.094556,-0.054368,-0.038206,0.005227,0.096003,0.342332,0.659580,2.001360
2006-09-21,0.000000,Training,-0.448345,-0.206077,-0.174848,-0.083714,-0.057085,0.006163,0.079496,0.188506,0.614824,1.024891,3.272949
2006-09-22,0.000000,Training,-0.434247,-0.272270,-0.141303,-0.103271,-0.044864,0.050245,0.124448,0.323466,0.798385,1.440668,3.840270
2006-09-23,0.000000,Training,-0.453631,-0.281484,-0.124754,-0.075005,-0.024009,0.092163,0.168563,0.370716,0.931170,1.611263,4.560162
2006-09-24,0.000000,Training,-0.400994,-0.243555,-0.140530,-0.088247,-0.022505,0.029357,0.103263,0.263686,0.653628,1.145261,3.064293
2006-09-25,,,-0.138006,0.217208,0.639868,0.669145,0.919218,1.229235,1.455394,2.035838,3.760285,5.656124,13.737383
2006-09-26,0.000000,Training,-0.375636,-0.231237,-0.143473,-0.077528,-0.016778,0.026284,0.079563,0.199826,0.515709,0.902848,2.479359
2006-09-27,0.000000,Training,-0.371618,-0.226633,-0.140333,-0.077407,-0.016201,0.021597,0.078802,0.196997,0.511918,0.896602,2.469424
2006-09-28,0.000000,Training,-0.383309,-0.229913,-0.127833,-0.069262,-0.018626,0.035434,0.090506,0.215403,0.555854,0.953084,2.705404
2006-09-29,0.000000,Training,-0.367498,-0.222456,-0.137375,-0.078984,-0.018373,0.014718,0.077184,0.195159,0.511723,0.901266,2.491180
2006-09-30,0.000000,Training,-0.374802,-0.222919,-0.126730,-0.071073,-0.019809,0.029271,0.084003,0.206334,0.534121,0.924573,2.617322
2006-10-01,0.000000,Training,-0.363798,-0.220516,-0.139023,-0.079250,-0.020401,0.010999,0.072941,0.187455,0.498732,0.884365,2.449714
2006-10-02,0.000000,Training,-0.358710,-0.215667,-0.136371,-0.079839,-0.023419,0.005893,0.063839,0.174584,0.473523,0.847513,2.377795
2006-10-03,0.000000,Training,-0.359154,-0.214165,-0.138117,-0.081590,-0.022267,0.004145,0.071710,0.187725,0.499744,0.893221,2.457519
2006-10-04,0.000000,Training,-0.358015,-0.209823,-0.137045,-0.083670,-0.021534,0.003280,0.076444,0.197129,0.514384,0.920910,2.511421
2006-10-05,0.000000,Training,-0.354896,-0.209295,-0.137345,-0.083375,-0.023868,0.000524,0.070161,0.186673,0.496025,0.892699,2.450676
2006-10-06,0.000000,Training,-0.350114,-0.210923,-0.138811,-0.081648,-0.028981,-0.003703,0.051444,0.155531,0.438882,0.799756,2.268174
2006-10-07,0.000000,Training,-0.345754,-0.211082,-0.140719,-0.082178,-0.032120,-0.008121,0.036878,0.132115,0.392101,0.727939,2.130881
2006-10-08,0.000000,Training,-0.348252,-0.210893,-0.138770,-0.081325,-0.029360,-0.005589,0.048777,0.151637,0.432957,0.789928,2.257894
2006-10-09,0.000000,Training,-0.350037,-0.210908,-0.138966,-0.081155,-0.026475,-0.002659,0.059059,0.167420,0.462080,0.834925,2.339391
2006-10-10,0.000000,Training,-0.346152,-0.199355,-0.122149,-0.074672,-0.029705,-0.001513,0.051918,0.159823,0.443426,0.804901,2.327440
2006-10-11,0.000000,Training,-0.356338,-0.207024,-0.119698,-0.073312,-0.033012,0.005076,0.057830,0.168050,0.465999,0.837643,2.464664
2006-10-12,0.000000,Training,-0.337003,-0.192714,-0.123529,-0.083601,-0.030926,-0.013760,0.048089,0.159322,0.438676,0.814589,2.318291
2006-10-13,0.000000,Training,,,,,,,,,,,
2006-10-14,0.000000,Training,-0.338728,-0.193164,-0.124607,-0.079242,-0.025577,-0.004523,0.059250,0.173068,0.462680,0.846009,2.360812
2006-10-15,0.000000,Training,-0.370231,-0.213615,-0.119844,-0.074595,-0.031643,0.011890,0.079638,0.196028,0.533166,0.950921,2.781813
2006-10-16,0.000000,Training,-0.436266,-0.244578,-0.149011,-0.080808,-0.026159,0.044757,0.138676,0.282600,0.752595,1.323378,3.814281
2006-10-17,0.000000,Training,-0.503140,-0.292295,-0.150647,-0.043807,0.036699,0.200430,0.345847,0.613746,1.546468,2.654567,7.437918
2006-10-18,0.000000,Training,-0.492035,-0.276633,-0.073625,0.061103,0.189589,0.430430,0.650921,1.055782,2.502109,4.227612,11.336759
2006-10-19,1.586639,Training,-0.445032,-0.224628,-0.016166,0.082676,0.205430,0.427173,0.609588,0.999899,2.152823,3.562502,9.030519
2006-10-20,0.755542,Training,-0.571587,-0.300767,-0.160609,0.188074,0.348722,0.684614,1.015775,1.600351,4.268028,6.406049,18.332661
2006-10-21,7.555424,Training,-0.399672,-0.087860,0.259634,0.538132,0.900306,1.461513,2.025425,3.104815,6.619486,11.063455,26.611443
2006-10-22,3.626604,Training,-0.511272,-0.212598,0.087606,0.544377,0.956454,1.519007,2.226681,3.343142,8.190737,13.200726,34.111755
2006-10-23,34.377181,Training,-0.504781,-0.064959,0.376523,1.555966,2.407713,4.006682,5.593786,9.216464,26.724722,40.458469,106.953354
2006-10-24,42.612594,Training,0.390967,2.015265,3.801001,8.603758,13.250130,20.756012,28.363169,46.667290,119.490486,187.634201,438.822845
2006-10-25,129.651083,Training,4.473216,10.579672,16.577816,30.305420,40.526707,58.030483,74.685081,107.062523,238.433670,384.856964,759.979736
2006-10-26,,,-0.379692,-0.040166,0.472564,0.873305,1.505355,2.161410,2.882894,4.318217,8.972800,13.795303,32.736694
2006-10-27,77.594209,Training,5.348802,9.977228,17.804947,32.526295,48.455399,65.437386,78.747131,119.079765,198.507904,319.576874,601.623230
2006-10-28,31.203903,Training,2.650668,5.029168,10.085989,16.889175,25.999689,33.685467,40.549107,58.531204,94.283623,146.978561,285.476196
2006-10-29,14.430861,Training,0.166417,1.026946,2.471516,4.019871,6.307334,8.346162,10.586352,14.793313,24.190458,36.710812,75.355545
2006-10-30,8.990955,Training,-0.235505,0.277131,1.067565,1.770715,2.786549,3.765958,4.863897,6.813281,11.205906,16.589317,34.629089
2006-10-31,6.119894,Training,-0.328504,0.075836,0.651220,1.203346,2.015675,2.612100,3.476573,4.857849,7.781972,11.409744,23.305704
2006-11-01,4.382146,Training,-0.356177,0.024560,0.590177,1.114836,1.881338,2.463639,3.237321,4.575935,7.190890,10.396629,21.573645
2006-11-02,5.817677,Training,-0.450048,0.179391,1.128315,2.471277,4.258434,5.994582,8.541990,13.014330,29.206766,41.817577,104.198738
2006-11-03,25.763997,Training,2.490916,5.658469,13.390821,22.080107,33.962723,44.613037,56.737350,83.437088,155.733124,239.803818,527.877869
2006-11-04,32.110554,Training,5.019489,13.676760,26.325596,48.533276,72.722145,97.031921,126.518631,188.759613,386.137817,591.946167,1229.876953
2006-11-05,41.857051,Training,16.289074,34.260902,53.740902,93.298798,129.472351,162.440781,196.682755,267.593445,460.269623,690.329285,1219.346558
2006-11-06,109.326991,Training,16.491789,29.197472,47.430935,76.468315,103.846741,125.860672,148.557831,194.231247,306.585175,449.148041,787.459961
2006-11-07,77.140883,Training,10.291610,18.432747,33.033623,52.165672,71.850235,88.113991,104.408058,139.101257,217.605103,316.974518,587.494263
2006-11-08,59.234527,Training,3.854017,6.836113,12.959485,19.709524,27.935801,33.841171,39.185963,54.139984,77.287323,112.426788,202.454208
2006-11-09,25.990660,Training,0.871301,2.128673,4.807567,7.034286,10.415526,13.144254,15.722574,22.324064,32.554344,47.378662,93.226234
2006-11-10,15.413066,Training,0.136627,0.856017,2.307913,3.458350,5.349460,6.646748,8.222049,11.616621,16.917570,24.437008,49.162258
2006-11-11,10.879811,Training,-0.275910,0.151437,0.777363,1.369828,2.300546,2.942427,3.890641,5.533705,8.580738,12.614119,25.938421
2006-11-12,8.159858,Training,-0.381022,-0.056556,0.297279,0.697789,1.279607,1.677071,2.332709,3.307841,5.417162,8.011816,16.516472
2006-11-13,6.573219,Training,,,,,,,,,,,
2006-11-14,5.439906,Training,-0.399342,-0.185925,-0.056972,0.112655,0.339792,0.476554,0.764827,1.092582,2.039637,3.096691,6.636115
2006-11-15,6.044340,Training,-0.558799,-0.214568,0.036277,0.626196,0.990113,1.607209,2.340057,3.468743,9.572866,13.460405,36.530712
2006-11-16,1044.537426,Training,2.001992,6.053186,11.608482,24.748796,41.241894,55.879829,76.622009,119.940483,251.813492,417.375610,897.380188
2006-11-17,,,-0.426488,-0.059983,0.556246,1.128161,2.027664,2.894974,3.888296,6.024374,12.462678,19.107317,45.929726
2006-11-18,12.995330,Training,3.393542,6.340090,11.416522,19.413216,29.068594,36.791615,44.495445,65.307327,101.409058,154.138519,287.448730
2006-11-19,9.368726,Training,0.253747,1.200754,2.440542,4.025245,6.453937,8.280717,10.898405,15.884865,25.351730,38.492279,78.355255
2006-11-20,7.404316,Training,-0.210686,0.330950,0.973420,1.714250,2.873442,3.690948,4.951317,7.130556,11.203499,16.591076,34.027206
2006-11-21,6.195448,Training,-0.376242,-0.020028,0.335214,0.772938,1.409172,1.849237,2.582112,3.689374,6.020803,8.880422,18.298416
2006-11-22,5.439906,Training,-0.419135,-0.122975,0.159144,0.502304,0.958522,1.327950,1.876203,2.700463,4.578313,6.737979,14.157876
2006-11-23,5.062134,Training,-0.460168,-0.208829,0.045466,0.342520,0.700199,1.034935,1.513088,2.186691,4.006804,5.944620,13.261277
2006-11-24,4.986580,Training,-0.590823,-0.281940,-0.014558,0.529426,1.025056,1.628215,2.499578,3.807581,9.583164,14.701922,37.198174
2006-11-25,,,-0.433389,-0.065713,0.521384,1.057740,1.910367,2.719153,3.689346,5.619127,11.687848,17.835461,42.287815
2006-11-26,,,-0.434703,-0.065184,0.528040,1.071406,1.938816,2.756752,3.741708,5.697960,11.848165,18.076128,42.807259
2006-11-27,11.333137,Training,0.507299,1.752474,3.414510,6.300743,10.374340,13.831957,18.586937,28.720118,50.406315,80.367081,167.760071
2006-11-28,,,-0.436208,-0.040061,0.676689,1.396081,2.546319,3.599803,4.821773,7.568364,15.480796,23.599342,56.554436
2006-11-29,,,-0.421029,0.001914,0.817149,1.652210,2.998419,4.210527,5.580512,8.858050,17.811817,27.047869,64.805634
2006-11-30,12.013125,Training,-0.400089,-0.053332,0.273280,0.734771,1.395169,1.825634,2.576071,3.717906,6.111067,8.958035,18.466087
2006-12-01,9.368726,Training,-0.405226,-0.073444,0.267137,0.727196,1.377020,1.800145,2.510129,3.621045,5.816104,8.432652,17.319071
2006-12-02,10.350931,Training,-0.485667,-0.069245,0.402013,1.123817,2.120968,2.946703,4.295144,6.403306,12.839931,18.947027,44.178394
2006-12-03,15.639729,Training,-0.180515,0.388330,1.223431,2.323647,3.982904,5.142768,6.853663,10.349663,17.008514,25.403107,54.093887
2006-12-04,11.408691,Training,-0.385597,0.011237,0.498664,1.119228,2.007874,2.754564,3.721035,5.609184,9.415039,14.074357,29.910553
2006-12-05,9.519835,Training,,,,,,,,,,,
2006-12-06,12.013125,Training,-0.440360,-0.063862,0.319688,1.000257,1.979812,2.704545,3.905995,6.118364,11.361088,17.878756,39.113869
2006-12-07,11.333137,Training,-0.432661,-0.064662,0.310055,0.893162,1.711219,2.361132,3.300534,5.039021,8.897872,13.476694,28.760975
2006-12-08,11.635354,Training,-0.498336,-0.160310,0.246524,0.842436,1.644200,2.340952,3.391956,5.149794,9.962220,15.039149,35.360142
2006-12-09,12.919776,Training,-0.412215,-0.078184,0.215354,0.806278,1.606115,2.203032,3.012143,4.713449,7.605969,11.277727,23.568874
2006-12-10,10.350931,Training,-0.390270,-0.034683,0.252481,0.875210,1.701829,2.327975,3.100695,4.817713,7.464037,10.848746,21.972321
2006-12-11,8.462075,Training,-0.325605,0.046372,0.417348,1.097654,2.021146,2.634088,3.434019,5.188549,7.628425,10.779304,21.849661
2006-12-12,7.253207,Training,-0.402410,-0.105343,0.161288,0.694804,1.407350,1.855369,2.508816,3.816479,5.800189,8.318460,16.941458
2006-12-13,6.346557,Training,,,,,,,,,,,
2006-12-14,5.666568,Training,,,,,,,,,,,
2006-12-15,5.137689,Training,-0.502935,-0.305285,-0.171635,0.172616,0.580301,0.799877,1.234301,1.911669,3.305001,4.870529,10.042794
2006-12-16,4.684363,Training,,,,,,,,,,,
2006-12-17,4.306592,Training,,,,,,,,,,,
2006-12-18,3.928821,Training,-0.510752,-0.334795,-0.226105,0.101703,0.468462,0.680084,1.057297,1.704862,2.938448,4.343290,8.889529
2006-12-19,3.702158,Training,-0.525827,-0.347682,-0.246336,0.085328,0.449666,0.680055,1.035959,1.712056,2.901820,4.241687,8.621401
2006-12-20,3.475495,Training,-0.529437,-0.342767,-0.228535,0.135247,0.539077,0.794148,1.166431,1.924748,3.170521,4.571589,9.224624
2006-12-21,3.173278,Training,-0.538887,-0.372110,-0.287335,0.026510,0.358148,0.567202,0.890095,1.511174,2.630491,3.845136,7.818554
2006-12-22,2.946616,Training,-0.537242,-0.368949,-0.275653,0.048758,0.396274,0.610353,0.944546,1.593540,2.736470,3.993018,8.108523
2006-12-23,2.795507,Training,-0.540875,-0.371125,-0.274361,0.065716,0.428215,0.651749,0.990004,1.676349,2.852322,4.134057,8.356515
2006-12-24,2.719953,Training,-0.541572,-0.388572,-0.311072,-0.015466,0.287471,0.473157,0.771147,1.345937,2.405596,3.541225,7.230772
2006-12-25,2.568844,Training,-0.533980,-0.380858,-0.290470,0.017133,0.341380,0.527483,0.847766,1.446765,2.558205,3.780285,7.719491
2006-12-26,2.493290,Training,-0.523299,-0.362196,-0.243935,0.089223,0.451894,0.646688,1.010554,1.665964,2.915690,4.295087,8.852394
2006-12-27,2.342182,Training,-0.525068,-0.367553,-0.242659,0.032485,0.299546,0.502237,0.818114,1.372544,2.638513,3.948845,8.776854
2006-12-28,2.493290,Training,-0.525434,-0.368021,-0.258985,0.013171,0.297819,0.467478,0.784986,1.332862,2.532695,3.800182,8.094037
2006-12-29,2.342182,Training,-0.522348,-0.371075,-0.274743,0.001828,0.294568,0.460706,0.775384,1.336733,2.516578,3.792119,7.956902
2006-12-30,2.266627,Training,-0.526136,-0.367985,-0.261116,0.032824,0.345556,0.510597,0.846978,1.413019,2.631835,3.907776,8.110176
2006-12-31,2.191073,Training,-0.523005,-0.365117,-0.261583,0.033557,0.346849,0.507543,0.844213,1.401694,2.596895,3.846744,7.955565
2007-01-01,2.115519,Test,-0.526685,-0.366432,-0.256225,0.035222,0.343141,0.501348,0.835719,1.375138,2.559545,3.776175,7.795758
2007-01-02,2.039965,Test,-0.530199,-0.371445,-0.253499,0.034537,0.338136,0.499387,0.827790,1.363367,2.540633,3.747193,7.718171
2007-01-03,1.813302,Test,-0.526026,-0.365347,-0.255988,0.037511,0.346988,0.502940,0.838154,1.374340,2.551922,3.758346,7.728398
2007-01-04,1.813302,Test,-0.519539,-0.361560,-0.263521,0.035547,0.351196,0.506140,0.843953,1.393378,2.565418,3.787626,7.775795
2007-01-05,1.737748,Test,-0.520312,-0.361456,-0.262807,0.038847,0.358539,0.515784,0.856488,1.412553,2.597646,3.830724,7.851534
2007-01-06,1.662193,Test,-0.520747,-0.361617,-0.262700,0.041542,0.365365,0.524126,0.867049,1.429044,2.621595,3.862131,7.899351
2007-01-07,1.662193,Test,-0.521099,-0.365609,-0.271696,0.032410,0.354488,0.515661,0.851728,1.416809,2.589034,3.818412,7.780779
2007-01-08,1.662193,Test,-0.521630,-0.362479,-0.263556,0.044034,0.371917,0.533383,0.877463,1.446473,2.645241,3.890002,7.932374
2007-01-09,1.586639,Test,-0.529144,-0.378561,-0.294459,0.004161,0.314402,0.483746,0.797716,1.360525,2.482147,3.657367,7.397815
2007-01-10,1.586639,Test,-0.525508,-0.361992,-0.256614,0.055241,0.390427,0.552181,0.905025,1.475914,2.705946,3.961962,8.061509
2007-01-11,1.586639,Test,-0.524285,-0.363521,-0.262776,0.050515,0.387018,0.549832,0.900615,1.477353,2.698475,3.958162,8.038518
2007-01-12,1.435531,Test,-0.527460,-0.364342,-0.259517,0.058015,0.400558,0.565552,0.923177,1.506526,2.754726,4.031495,8.189209
2007-01-13,1.435531,Test,-0.533935,-0.366347,-0.252427,0.074725,0.431449,0.602966,0.973928,1.575524,2.876037,4.189374,8.501267
2007-01-14,1.435531,Test,-0.536020,-0.365748,-0.243965,0.099843,0.473288,0.672126,1.051451,1.711059,3.081915,4.470062,9.116329
2007-01-15,1.435531,Test,-0.527292,-0.363873,-0.260185,0.030941,0.331535,0.494185,0.819217,1.353884,2.544460,3.725807,7.662654
2007-01-16,1.435531,Test,-0.520751,-0.361081,-0.268459,0.020001,0.319204,0.470569,0.793374,1.319503,2.480204,3.649902,7.483832
2007-01-17,1.359976,Test,-0.521718,-0.361743,-0.269653,0.019887,0.319968,0.468089,0.792726,1.313192,2.474294,3.638370,7.437138
2007-01-18,1.284422,Test,-0.529252,-0.367846,-0.266878,0.020545,0.317770,0.468662,0.791005,1.305260,2.476126,3.631010,7.409556
2007-01-19,1.284422,Test,-0.530526,-0.370220,-0.267380,0.016630,0.309007,0.458718,0.776394,1.282380,2.440699,3.581628,7.305999
2007-01-20,1.284422,Test,-0.524367,-0.363145,-0.270259,0.018344,0.314520,0.459237,0.782036,1.288870,2.445160,3.586861,7.317922
2007-01-21,1.208868,Test,-0.527618,-0.366039,-0.270081,0.021236,0.320357,0.468587,0.792638,1.307827,2.480518,3.632036,7.397593
2007-01-22,1.133314,Test,-0.542062,-0.389353,-0.282539,0.008434,0.287810,0.498723,0.808235,1.391876,2.692986,4.000042,8.580734
2007-01-23,1.133314,Test,-0.552039,-0.399650,-0.315082,-0.035123,0.233373,0.442573,0.714580,1.299809,2.477580,3.631502,7.549562
2007-01-24,1.133314,Test,-0.551379,-0.400402,-0.332349,-0.053074,0.223924,0.408168,0.683013,1.244280,2.379768,3.489028,7.061796
2007-01-25,1.133314,Test,-0.563382,-0.407505,-0.308265,-0.014437,0.262306,0.502657,0.790082,1.411436,2.736252,3.997532,8.457479
2007-01-26,1.133314,Test,-0.558047,-0.401659,-0.330089,-0.031248,0.249320,0.460495,0.738251,1.328700,2.543368,3.660327,7.406205
2007-01-27,1.057759,Test,-0.556038,-0.401316,-0.331930,-0.037494,0.248314,0.444191,0.725558,1.299706,2.482679,3.588345,7.197121
2007-01-28,1.057759,Test,-0.567262,-0.411221,-0.305660,-0.004781,0.280770,0.524594,0.824591,1.455519,2.840226,4.144376,8.776698
2007-01-29,1.057759,Test,-0.560314,-0.404556,-0.309197,-0.006455,0.293551,0.511262,0.812768,1.437169,2.742292,3.990584,8.176600
2007-01-30,1.133314,Test,-0.571516,-0.414560,-0.285090,0.031358,0.348782,0.610745,0.954122,1.654760,3.286516,4.885225,10.527879
2007-01-31,1.662193,Test,-0.577080,-0.420723,-0.324024,-0.006792,0.322785,0.544629,0.872448,1.548566,2.989496,4.378032,8.882605
2007-02-01,1.435531,Test,-0.567751,-0.407926,-0.306818,0.025188,0.377692,0.595422,0.943186,1.624097,3.093027,4.517779,9.038969
2007-02-02,1.284422,Test,-0.668291,-0.447683,-0.319270,0.104723,0.524036,0.983849,1.528271,2.798903,6.837152,10.550446,24.576960
2007-02-03,2.039965,Test,-0.455365,-0.038201,0.517962,2.019312,4.212133,6.196367,8.888075,15.474823,36.597054,59.068794,132.285156
2007-02-04,2.342182,Test,-0.370723,0.070762,0.490361,1.698271,3.423632,4.789447,6.621940,11.137146,22.069012,33.868767,68.358070
2007-02-05,2.115519,Test,-0.464958,-0.125690,0.142918,0.900511,1.902228,2.659142,3.664754,6.058719,11.072300,16.374104,32.328941
2007-02-06,1.813302,Test,-0.486421,-0.179503,0.073084,0.726951,1.581847,2.162737,2.983703,4.810608,8.425478,12.211656,24.015368
2007-02-07,1.586639,Test,-0.537085,-0.268139,0.027772,0.662846,1.466460,2.091454,2.960971,4.719223,9.110004,13.370554,28.723166
2007-02-08,2.266627,Test,-0.557582,-0.207421,0.341482,1.454475,3.025517,4.407793,6.269496,10.501381,23.949373,37.073689,83.157349
2007-02-09,5.213243,Test,-0.287196,0.268713,1.008832,2.646704,4.958333,6.534478,8.720385,14.007342,26.174763,39.236542,78.034195
2007-02-10,5.591014,Test,-0.447054,-0.065134,0.475800,1.443002,2.755491,3.769513,4.966590,7.965750,14.429675,21.194113,42.889931
2007-02-11,4.759917,Test,-0.440965,-0.068914,0.445308,1.322667,2.494967,3.339708,4.356337,6.798984,11.635367,16.561424,33.250042
2007-02-12,4.231038,Test,-0.491411,-0.182883,0.275005,1.019332,1.999422,2.700358,3.602144,5.544049,9.759358,13.899518,28.870914
2007-02-13,3.702158,Test,-0.541883,-0.278675,0.028190,0.621817,1.347900,1.869077,2.563113,4.039210,7.287903,10.427909,21.342505
2007-02-14,3.399941,Test,-0.547642,-0.298861,-0.035522,0.506935,1.164858,1.608866,2.232781,3.502192,6.313691,9.043172,18.108971
2007-02-15,2.946616,Test,-0.527199,-0.249783,0.031700,0.634243,1.370163,1.847154,2.520295,3.843677,6.658090,9.283200,18.399910
2007-02-16,2.795507,Test,-0.564125,-0.315323,-0.060781,0.489289,1.143271,1.584922,2.277117,3.455599,6.495821,9.217177,19.184566
2007-02-17,2.719953,Test,-0.544817,-0.294863,-0.052901,0.512320,1.170285,1.646218,2.332927,3.648715,6.789258,9.776707,20.520861
2007-02-18,2.493290,Test,-0.540736,-0.298749,-0.124913,0.409478,1.041344,1.417752,2.043597,3.224906,5.908625,8.526549,16.757938
2007-02-19,2.266627,Test,-0.543219,-0.292055,-0.056417,0.524160,1.207733,1.701172,2.410389,3.741006,6.983076,10.055109,20.828552
2007-02-20,2.417736,Test,-0.577435,-0.302575,0.004277,0.733531,1.645172,2.312129,3.325539,5.280839,10.719168,15.838944,33.615154
2007-02-21,2.493290,Test,-0.576171,-0.321263,-0.099871,0.549662,1.349860,1.900160,2.703692,4.490251,8.714308,12.989927,26.022152
2007-02-22,2.719953,Test,-0.641210,-0.409889,-0.162602,0.415238,1.088638,1.645087,2.449322,4.005482,8.903769,13.390751,28.856977
2007-02-23,3.022170,Test,-0.598856,-0.331722,-0.068465,0.559299,1.314347,1.885778,2.675212,4.392179,8.721682,12.851193,26.363640
2007-02-24,3.475495,Test,-0.579181,-0.314842,-0.087461,0.509265,1.240335,1.688514,2.415469,3.822550,7.240671,10.410174,20.611759
2007-02-25,3.324387,Test,-0.544383,-0.243365,0.062817,0.744246,1.584602,2.125507,2.891605,4.459365,7.843029,10.910902,21.698038
2007-02-26,3.022170,Test,-0.571239,-0.322047,-0.119934,0.419164,1.062125,1.403952,2.025441,3.094532,5.588681,7.808032,15.273979
2007-02-27,2.795507,Test,-0.579152,-0.367212,-0.218997,0.198721,0.665298,0.910628,1.393911,2.143831,4.073180,5.761229,11.297794
2007-02-28,2.568844,Test,-0.583336,-0.373882,-0.221713,0.206423,0.679690,0.923638,1.408606,2.152026,4.052067,5.703397,11.162419
2007-03-01,2.417736,Test,-0.587334,-0.382687,-0.224312,0.206358,0.679789,0.921968,1.401890,2.142916,4.012347,5.637825,11.065413
2007-03-02,2.266627,Test,-0.580571,-0.370777,-0.221584,0.226738,0.720513,0.952125,1.451645,2.203956,4.078003,5.694622,11.145868
2007-03-03,2.191073,Test,-0.584800,-0.391332,-0.255994,0.152154,0.585905,0.794768,1.242669,1.921518,3.655563,5.155299,10.156785
2007-03-04,2.039965,Test,-0.583099,-0.390413,-0.259035,0.148194,0.577447,0.784153,1.227505,1.906018,3.630738,5.121370,10.106857
2007-03-05,1.813302,Test,-0.574973,-0.368668,-0.224271,0.231359,0.730962,0.949849,1.449158,2.209660,4.061708,5.676333,11.099975
2007-03-06,1.662193,Test,-0.576394,-0.363606,-0.195679,0.290143,0.832506,1.069155,1.592623,2.422636,4.368552,6.069640,11.835888
2007-03-07,1.662193,Test,-0.594217,-0.410910,-0.258847,0.137840,0.543931,0.773426,1.188350,1.879830,3.616991,5.125001,10.316638
2007-03-08,1.511085,Test,-0.579086,-0.398766,-0.286006,0.083545,0.455380,0.629977,1.024732,1.618519,3.171053,4.516127,8.976405
2007-03-09,1.435531,Test,-0.591530,-0.407107,-0.270930,0.130462,0.547438,0.746772,1.170381,1.840091,3.527612,4.995205,9.884542
2007-03-10,1.359976,Test,-0.591560,-0.419051,-0.292000,0.071291,0.435628,0.615927,0.996234,1.587947,3.133511,4.497128,8.961389
2007-03-11,1.284422,Test,-0.568580,-0.396200,-0.297177,0.026498,0.336060,0.480929,0.822701,1.313672,2.652253,3.824445,7.659268
2007-03-12,1.133314,Test,-0.575882,-0.397368,-0.295097,0.052233,0.392720,0.547189,0.916220,1.445924,2.874868,4.113822,8.191545
2007-03-13,1.133314,Test,-0.542492,-0.370236,-0.284166,-0.001542,0.257088,0.375825,0.675889,1.086934,2.236705,3.263894,6.617435
2007-03-14,1.057759,Test,-0.530271,-0.358075,-0.278576,-0.009451,0.230450,0.339227,0.621862,1.008462,2.083939,3.052258,6.222018
2007-03-15,1.057759,Test,-0.537683,-0.366299,-0.282104,-0.008306,0.236780,0.349442,0.636811,1.027352,2.126143,3.112885,6.336894
2007-03-16,0.906651,Test,-0.523623,-0.351486,-0.273704,-0.015018,0.208356,0.313232,0.579870,0.947939,1.969535,2.892860,5.945219
2007-03-17,0.906651,Test,-0.534757,-0.358471,-0.264906,-0.002024,0.214605,0.343286,0.618193,1.000356,2.120990,3.121236,6.670209
2007-03-18,0.906651,Test,-0.530644,-0.355694,-0.278480,-0.017880,0.207496,0.314099,0.586274,0.964673,2.024869,2.986559,6.194774
2007-03-19,0.831097,Test,-0.526207,-0.345538,-0.277192,-0.006101,0.233534,0.339970,0.625113,1.019288,2.121876,3.122074,6.431384
2007-03-20,0.679988,Test,-0.515431,-0.343035,-0.291550,-0.009797,0.240641,0.348290,0.635292,1.046210,2.120595,3.124012,6.343409
2007-03-21,0.679988,Test,-0.514041,-0.342734,-0.294437,-0.015703,0.230476,0.336307,0.617403,1.020082,2.063300,3.036574,6.169561
2007-03-22,0.604434,Test,-0.516277,-0.343905,-0.294552,-0.013041,0.236851,0.342609,0.627071,1.030392,2.082487,3.059992,6.221323
2007-03-23,0.604434,Test,-0.532812,-0.348483,-0.280029,0.005268,0.259664,0.362321,0.661533,1.048791,2.156365,3.137947,6.424214
2007-03-24,0.604434,Test,-0.536433,-0.351822,-0.282168,0.003473,0.257035,0.360076,0.657991,1.041807,2.146453,3.122786,6.392043
2007-03-25,0.604434,Test,-0.537448,-0.349691,-0.271532,0.023533,0.277250,0.406400,0.711585,1.126729,2.321952,3.379021,7.106635
2007-03-26,0.679988,Test,-0.563841,-0.370670,-0.286311,0.009018,0.256589,0.406350,0.728674,1.175016,2.581774,3.881244,8.490549
2007-03-27,0.831097,Test,-0.574893,-0.380480,-0.294015,0.003387,0.279807,0.437357,0.766802,1.293307,2.803581,4.238443,8.998521
2007-03-28,0.755542,Test,-0.597141,-0.401227,-0.289708,0.035363,0.325112,0.534035,0.890107,1.480137,3.324457,5.029162,11.025063
2007-03-29,0.982205,Test,-0.616502,-0.414626,-0.307288,0.036755,0.371756,0.576915,0.959253,1.616529,3.529615,5.297777,11.093778
2007-03-30,0.831097,Test,-0.592051,-0.392045,-0.303442,0.028191,0.342802,0.505047,0.860727,1.411281,2.992186,4.413011,9.139441
2007-03-31,0.831097,Test,-0.623733,-0.423944,-0.311019,0.044932,0.367530,0.578089,0.972766,1.583169,3.535456,5.272719,11.482007
2007-04-01,0.679988,Validation,-0.610838,-0.407218,-0.297295,0.069077,0.415843,0.641827,1.041610,1.737802,3.724829,5.578545,12.011747
2007-04-02,0.679988,Validation,-0.606060,-0.400350,-0.297242,0.079006,0.441104,0.667178,1.070320,1.780074,3.755820,5.586370,11.841101
2007-04-03,0.604434,Validation,-0.644950,-0.433585,-0.300791,0.123169,0.546572,0.836317,1.322043,2.180305,4.790926,7.166445,15.555230
2007-04-04,0.679988,Validation,-0.652543,-0.431480,-0.301235,0.152304,0.624223,0.915776,1.415520,2.345828,4.927739,7.252058,15.076344
2007-04-05,0.604434,Validation,-0.622175,-0.411608,-0.317711,0.071226,0.450656,0.644670,1.059882,1.729613,3.621097,5.309978,10.940297
2007-04-06,0.604434,Validation,-0.602523,-0.392082,-0.308945,0.089610,0.479233,0.667505,1.082078,1.749116,3.520798,5.129424,10.506185
2007-04-07,0.604434,Validation,-0.678858,-0.461557,-0.349495,0.080940,0.486894,0.775276,1.265841,2.115047,4.887201,7.285819,16.141628
2007-04-08,0.604434,Validation,-0.672128,-0.443029,-0.284932,0.240466,0.816965,1.262937,1.891657,3.242236,7.276013,11.009716,24.035284
2007-04-09,0.604434,Validation,-0.672231,-0.442847,-0.289682,0.215885,0.753099,1.150770,1.725958,2.911808,6.382006,9.496003,20.406712
2007-04-10,0.528880,Validation,-0.664392,-0.396336,-0.220460,0.363412,1.007089,1.481232,2.163643,3.575388,7.509473,11.055204,23.450140
2007-04-11,0.604434,Validation,-0.731308,-0.423240,-0.196820,0.723647,1.771793,2.771516,4.095465,7.334372,19.024736,27.849176,63.095966
2007-04-12,0.604434,Validation,-0.391274,0.318824,0.890676,3.117402,5.885044,8.163816,10.818848,17.694807,36.071060,54.303864,106.117218
2007-04-13,0.604434,Validation,-0.500297,0.059776,0.421377,1.837771,3.538170,4.675292,6.283135,9.821427,18.616608,27.001652,51.445686
2007-04-14,0.604434,Validation,-0.564188,-0.124845,0.125191,1.032462,2.084499,2.764231,3.761164,5.772968,10.543661,14.910807,28.972349
2007-04-15,0.528880,Validation,-0.591330,-0.203317,0.048605,0.842462,1.744019,2.289580,3.092957,4.639582,8.152948,11.369748,22.103331
2007-04-16,0.528880,Validation,-0.624514,-0.327296,-0.157598,0.399902,0.996370,1.333528,1.888204,2.816607,5.090704,7.104270,14.040420
2007-04-17,0.453325,Validation,-0.626260,-0.341589,-0.180190,0.362657,0.934196,1.232351,1.760000,2.592478,4.627141,6.425991,12.671937
2007-04-18,0.302217,Validation,-0.621801,-0.327108,-0.144715,0.438402,1.052026,1.377661,1.931401,2.821000,4.907810,6.763082,13.401470
2007-04-19,0.302217,Validation,-0.638550,-0.382378,-0.241229,0.238480,0.712822,0.969673,1.439529,2.132102,3.925976,5.504208,11.221669
2007-04-20,0.302217,Validation,-0.641823,-0.390156,-0.260824,0.204475,0.657522,0.901866,1.372354,2.050894,3.877423,5.487147,11.333050
2007-04-21,0.302217,Validation,-0.648011,-0.397821,-0.269286,0.191471,0.632653,0.875890,1.325711,2.011932,3.780464,5.388435,11.056154
2007-04-22,0.226663,Validation,-0.650401,-0.411906,-0.304228,0.115453,0.502893,0.697679,1.101956,1.685306,3.227751,4.667939,9.433944
2007-04-23,0.226663,Validation,-0.663389,-0.431651,-0.306886,0.110448,0.485899,0.684794,1.075952,1.642223,3.144406,4.559432,9.238358
2007-04-24,0.226663,Validation,-0.665877,-0.428204,-0.294963,0.145254,0.543067,0.751560,1.155097,1.740871,3.238524,4.638496,9.382216
2007-04-25,0.604434,Validation,-0.763382,-0.536955,-0.366634,0.195934,0.637316,1.161958,1.762048,3.140278,7.936011,10.613680,26.704618
2007-04-26,0.831097,Validation,-0.713709,-0.431806,-0.283836,0.310755,0.952410,1.474319,2.153385,3.675190,7.857307,11.876344,24.201002
2007-04-27,0.453325,Validation,-0.682270,-0.405270,-0.287463,0.206733,0.701393,1.032963,1.570416,2.562029,5.201871,7.718163,15.859440
2007-04-28,0.302217,Validation,-0.658940,-0.383827,-0.281373,0.162365,0.592459,0.828802,1.291752,2.036906,3.910900,5.714260,11.744436
2007-04-29,0.377771,Validation,-0.639220,-0.378240,-0.291617,0.107241,0.476092,0.651851,1.051771,1.628228,3.091269,4.497217,9.252993
2007-04-30,0.302217,Validation,-0.608685,-0.360219,-0.294543,0.049654,0.343091,0.469787,0.803468,1.242354,2.391103,3.502194,7.284506
2007-05-01,0.226663,Validation,-0.583687,-0.336041,-0.280333,0.041977,0.299210,0.414698,0.722622,1.121637,2.179537,3.208038,6.831328
2007-05-02,0.377771,Validation,-0.643883,-0.393740,-0.310746,0.013848,0.238236,0.418028,0.721869,1.154958,2.464773,3.681512,8.221020
2007-05-03,0.453325,Validation,-0.643949,-0.394370,-0.306238,0.021545,0.275789,0.470976,0.780414,1.316207,2.714464,4.151583,8.988876
2007-05-04,0.377771,Validation,-0.640599,-0.389103,-0.308608,0.031514,0.299357,0.477927,0.794765,1.315362,2.672639,4.041632,8.538838
2007-05-05,0.302217,Validation,-0.644296,-0.375986,-0.280865,0.074859,0.361618,0.560257,0.894491,1.437862,2.793313,4.162529,8.753226
2007-05-06,0.226663,Validation,-0.644686,-0.392780,-0.295988,0.046386,0.310942,0.474719,0.782813,1.229621,2.372505,3.524822,7.381429
2007-05-07,0.302217,Validation,-0.632957,-0.400510,-0.292943,0.028481,0.263635,0.404116,0.681576,1.051527,2.027464,3.009072,6.342069
2007-05-08,0.302217,Validation,-0.589208,-0.414364,-0.274258,0.013729,0.207837,0.339488,0.565818,0.864632,1.737476,2.602396,5.556150
2007-05-09,0.226663,Validation,-0.582973,-0.400417,-0.271884,0.004629,0.184877,0.301941,0.522172,0.802755,1.618618,2.440805,5.240732
2007-05-10,0.226663,Validation,-0.572334,-0.368342,-0.266145,-0.003591,0.159219,0.256918,0.468305,0.724493,1.440944,2.184637,4.736054
2007-05-11,0.226663,Validation,-0.560167,-0.326133,-0.265423,-0.015217,0.134001,0.212000,0.414380,0.651324,1.259822,1.927177,4.222960
2007-05-12,0.226663,Validation,-0.546089,-0.309535,-0.257445,-0.018055,0.118660,0.190425,0.380392,0.600169,1.161095,1.786980,3.945546
2007-05-13,0.151108,Validation,-0.536017,-0.291953,-0.253343,-0.019287,0.112783,0.179857,0.364822,0.581512,1.118970,1.729359,3.835542
2007-05-14,0.075554,Validation,-0.516068,-0.268550,-0.245413,-0.020396,0.102320,0.156613,0.332642,0.538721,1.048558,1.631288,3.659490
2007-05-15,,,-0.341128,0.041404,0.617119,0.953560,1.600166,2.236193,2.960119,4.340443,8.576733,12.910552,28.963024
2007-05-16,,,-0.341056,0.038857,0.610489,0.945029,1.584342,2.221665,2.935509,4.311036,8.525744,12.842475,28.849199
